0.000000e+00	-1.384052e-03
2.560000e-05	-1.187416e-03
5.120000e-05	-1.264511e-03
7.680000e-05	-1.166692e-03
1.024000e-04	-1.210171e-03
1.280000e-04	-1.126221e-03
1.536000e-04	-1.166400e-03
1.792000e-04	-1.084999e-03
2.048000e-04	-1.123680e-03
2.304000e-04	-1.045661e-03
2.560000e-04	-1.080286e-03
2.816000e-04	-1.008725e-03
3.072000e-04	-1.036423e-03
3.328000e-04	-9.735124e-04
3.584000e-04	-9.928313e-04
3.840000e-04	-9.371694e-04
4.096000e-04	-9.497192e-04
4.352000e-04	-9.010620e-04
4.608000e-04	-9.084385e-04
4.864000e-04	-8.638252e-04
5.120000e-04	-8.677422e-04
5.376000e-04	-8.263557e-04
5.632000e-04	-8.281055e-04
5.888000e-04	-7.885344e-04
6.144000e-04	-7.885753e-04
6.400000e-04	-7.501145e-04
6.656000e-04	-7.487563e-04
6.912000e-04	-7.124860e-04
7.168000e-04	-7.092237e-04
7.424000e-04	-6.737349e-04
7.680000e-04	-6.701517e-04
7.936000e-04	-6.357925e-04
8.192000e-04	-6.307547e-04
8.448000e-04	-5.976270e-04
8.704000e-04	-5.924293e-04
8.960000e-04	-5.585687e-04
9.216000e-04	-5.534588e-04
9.472000e-04	-5.208498e-04
9.728000e-04	-5.133883e-04
9.984000e-04	-4.826963e-04
1.024000e-03	-4.752837e-04
1.049600e-03	-4.440133e-04
1.075200e-03	-4.364319e-04
1.100800e-03	-4.060947e-04
1.126400e-03	-3.977421e-04
1.152000e-03	-3.679029e-04
1.177600e-03	-3.589069e-04
1.203200e-03	-3.295447e-04
1.228800e-03	-3.204675e-04
1.254400e-03	-2.914125e-04
1.280000e-03	-2.819720e-04
1.305600e-03	-2.539228e-04
1.331200e-03	-2.438586e-04
1.356800e-03	-2.162499e-04
1.382400e-03	-2.058911e-04
1.408000e-03	-1.781458e-04
1.433600e-03	-1.684915e-04
1.459200e-03	-1.412897e-04
1.484800e-03	-1.304831e-04
1.510400e-03	-1.037135e-04
1.536000e-03	-9.354942e-05
1.561600e-03	-6.713512e-05
1.587200e-03	-5.657902e-05
1.612800e-03	-3.039157e-05
1.638400e-03	-1.958978e-05
1.664000e-03	5.667869e-06
1.689600e-03	1.653138e-05
1.715200e-03	4.183198e-05
1.740800e-03	5.282931e-05
1.766400e-03	7.719979e-05
1.792000e-03	8.805905e-05
1.817600e-03	1.124679e-04
1.843200e-03	1.231563e-04
1.868800e-03	1.474405e-04
1.894400e-03	1.580875e-04
1.920000e-03	1.817697e-04
1.945600e-03	1.921955e-04
1.971200e-03	2.156171e-04
1.996800e-03	2.261329e-04
2.022400e-03	2.489552e-04
2.048000e-03	2.595785e-04
2.073600e-03	2.815417e-04
2.099200e-03	2.923909e-04
2.124800e-03	3.140813e-04
2.150400e-03	3.245852e-04
2.176000e-03	3.459262e-04
2.201600e-03	3.561358e-04
2.227200e-03	3.770168e-04
2.252800e-03	3.868637e-04
2.278400e-03	4.081031e-04
2.304000e-03	4.172067e-04
2.329600e-03	4.375406e-04
2.355200e-03	4.470970e-04
2.380800e-03	4.673917e-04
2.406400e-03	4.764985e-04
2.432000e-03	4.954651e-04
2.457600e-03	5.047857e-04
2.483200e-03	5.233859e-04
2.508800e-03	5.322259e-04
2.534400e-03	5.505382e-04
2.560000e-03	5.591626e-04
2.585600e-03	5.769219e-04
2.611200e-03	5.849422e-04
2.636800e-03	6.027977e-04
2.662400e-03	6.106485e-04
2.688000e-03	6.277754e-04
2.713600e-03	6.350341e-04
2.739200e-03	6.516484e-04
2.764800e-03	6.590053e-04
2.790400e-03	6.746517e-04
2.816000e-03	6.818020e-04
2.841600e-03	6.970190e-04
2.867200e-03	7.037952e-04
2.892800e-03	7.188034e-04
2.918400e-03	7.249130e-04
2.944000e-03	7.397337e-04
2.969600e-03	7.453289e-04
2.995200e-03	7.592531e-04
3.020800e-03	7.647324e-04
3.046400e-03	7.779100e-04
3.072000e-03	7.829392e-04
3.097600e-03	7.960945e-04
3.123200e-03	8.004751e-04
3.148800e-03	8.127737e-04
3.174400e-03	8.175502e-04
3.200000e-03	8.288646e-04
3.225600e-03	8.325112e-04
3.251200e-03	8.436323e-04
3.276800e-03	8.473800e-04
3.302400e-03	8.580308e-04
3.328000e-03	8.607649e-04
3.353600e-03	8.715070e-04
3.379200e-03	8.737578e-04
3.404800e-03	8.831253e-04
3.430400e-03	8.851926e-04
3.456000e-03	8.943460e-04
3.481600e-03	8.957361e-04
3.507200e-03	9.043690e-04
3.532800e-03	9.055819e-04
3.558400e-03	9.137074e-04
3.584000e-03	9.144378e-04
3.609600e-03	9.219697e-04
3.635200e-03	9.224106e-04
3.660800e-03	9.289447e-04
3.686400e-03	9.289940e-04
3.712000e-03	9.351837e-04
3.737600e-03	9.346641e-04
3.763200e-03	9.403735e-04
3.788800e-03	9.393264e-04
3.814400e-03	9.443209e-04
3.840000e-03	9.427466e-04
3.865600e-03	9.474243e-04
3.891200e-03	9.446680e-04
3.916800e-03	9.492982e-04
3.942400e-03	9.470848e-04
3.968000e-03	9.504063e-04
3.993600e-03	9.474314e-04
4.019200e-03	9.503163e-04
4.044800e-03	9.468713e-04
4.070400e-03	9.495250e-04
4.096000e-03	9.455025e-04
4.121600e-03	9.471554e-04
4.147200e-03	9.428965e-04
4.172800e-03	9.445743e-04
4.198400e-03	9.396715e-04
4.224000e-03	9.402271e-04
4.249600e-03	9.349997e-04
4.275200e-03	9.351803e-04
4.300800e-03	9.297080e-04
4.326400e-03	9.294340e-04
4.352000e-03	9.226134e-04
4.377600e-03	9.222249e-04
4.403200e-03	9.153073e-04
4.428800e-03	9.140495e-04
4.454400e-03	9.069323e-04
4.480000e-03	9.046158e-04
4.505600e-03	8.972004e-04
4.531200e-03	8.948987e-04
4.556800e-03	8.867850e-04
4.582400e-03	8.838691e-04
4.608000e-03	8.754310e-04
4.633600e-03	8.717728e-04
4.659200e-03	8.628799e-04
4.684800e-03	8.591149e-04
4.710400e-03	8.492920e-04
4.736000e-03	8.453684e-04
4.761600e-03	8.349419e-04
4.787200e-03	8.305195e-04
4.812800e-03	8.197944e-04
4.838400e-03	8.141957e-04
4.864000e-03	8.036850e-04
4.889600e-03	7.972909e-04
4.915200e-03	7.866670e-04
4.940800e-03	7.798956e-04
4.966400e-03	7.684825e-04
4.992000e-03	7.613745e-04
5.017600e-03	7.494865e-04
5.043200e-03	7.423929e-04
5.068800e-03	7.295494e-04
5.094400e-03	7.223357e-04
5.120000e-03	7.090418e-04
5.145600e-03	7.009137e-04
5.171200e-03	6.874368e-04
5.196800e-03	6.791112e-04
5.222400e-03	6.656157e-04
5.248000e-03	6.565637e-04
5.273600e-03	6.427742e-04
5.299200e-03	6.334680e-04
5.324800e-03	6.192260e-04
5.350400e-03	6.090734e-04
5.376000e-03	5.943719e-04
5.401600e-03	5.843918e-04
5.427200e-03	5.692081e-04
5.452800e-03	5.589735e-04
5.478400e-03	5.439841e-04
5.504000e-03	5.325184e-04
5.529600e-03	5.173096e-04
5.555200e-03	5.060405e-04
5.580800e-03	4.903422e-04
5.606400e-03	4.785534e-04
5.632000e-03	4.624410e-04
5.657600e-03	4.509715e-04
5.683200e-03	4.343042e-04
5.708800e-03	4.223555e-04
5.734400e-03	4.053081e-04
5.760000e-03	3.932788e-04
5.785600e-03	3.762220e-04
5.811200e-03	3.637399e-04
5.836800e-03	3.465052e-04
5.862400e-03	3.335317e-04
5.888000e-03	3.164960e-04
5.913600e-03	3.031452e-04
5.939200e-03	2.859599e-04
5.964800e-03	2.720900e-04
5.990400e-03	2.546186e-04
6.016000e-03	2.411825e-04
6.041600e-03	2.232871e-04
6.067200e-03	2.098276e-04
6.092800e-03	1.916453e-04
6.118400e-03	1.778749e-04
6.144000e-03	1.598617e-04
6.169600e-03	1.457110e-04
6.195200e-03	1.273425e-04
6.220800e-03	1.133042e-04
6.246400e-03	9.512840e-05
6.272000e-03	8.090385e-05
6.297600e-03	6.250535e-05
6.323200e-03	4.800359e-05
6.348800e-03	2.972679e-05
6.374400e-03	1.524377e-05
6.400000e-03	-3.307708e-06
6.425600e-03	-1.785117e-05
6.451200e-03	-3.604580e-05
6.476800e-03	-5.061429e-05
6.502400e-03	-6.966046e-05
6.528000e-03	-8.370399e-05
6.553600e-03	-1.022282e-04
6.579200e-03	-1.168485e-04
6.604800e-03	-1.346737e-04
6.630400e-03	-1.492081e-04
6.656000e-03	-1.676510e-04
6.681600e-03	-1.825733e-04
6.707200e-03	-2.002259e-04
6.732800e-03	-2.146206e-04
6.758400e-03	-2.328703e-04
6.784000e-03	-2.472352e-04
6.809600e-03	-2.656124e-04
6.835200e-03	-2.796992e-04
6.860800e-03	-2.977051e-04
6.886400e-03	-3.117144e-04
6.912000e-03	-3.292640e-04
6.937600e-03	-3.436109e-04
6.963200e-03	-3.610697e-04
6.988800e-03	-3.747064e-04
7.014400e-03	-3.924088e-04
7.040000e-03	-4.060672e-04
7.065600e-03	-4.228920e-04
7.091200e-03	-4.368729e-04
7.116800e-03	-4.542640e-04
7.142400e-03	-4.671009e-04
7.168000e-03	-4.840350e-04
7.193600e-03	-4.971656e-04
7.219200e-03	-5.135348e-04
7.244800e-03	-5.264875e-04
7.270400e-03	-5.425140e-04
7.296000e-03	-5.552080e-04
7.321600e-03	-5.713478e-04
7.347200e-03	-5.837500e-04
7.372800e-03	-5.991326e-04
7.398400e-03	-6.113457e-04
7.424000e-03	-6.265884e-04
7.449600e-03	-6.386070e-04
7.475200e-03	-6.538200e-04
7.500800e-03	-6.644988e-04
7.526400e-03	-6.795467e-04
7.552000e-03	-6.907435e-04
7.577600e-03	-7.047274e-04
7.603200e-03	-7.151456e-04
7.628800e-03	-7.294300e-04
7.654400e-03	-7.398102e-04
7.680000e-03	-7.530956e-04
7.705600e-03	-7.634851e-04
7.731200e-03	-7.763949e-04
7.756800e-03	-7.861833e-04
7.782400e-03	-7.987077e-04
7.808000e-03	-8.077850e-04
7.833600e-03	-8.200480e-04
7.859200e-03	-8.289284e-04
7.884800e-03	-8.405836e-04
7.910400e-03	-8.487136e-04
7.936000e-03	-8.602933e-04
7.961600e-03	-8.680347e-04
7.987200e-03	-8.790646e-04
8.012800e-03	-8.863276e-04
8.038400e-03	-8.965456e-04
8.064000e-03	-9.037920e-04
8.089600e-03	-9.135681e-04
8.115200e-03	-9.203513e-04
8.140800e-03	-9.296544e-04
8.166400e-03	-9.352332e-04
8.192000e-03	-9.444131e-04
8.217600e-03	-9.496988e-04
8.243200e-03	-9.582879e-04
8.268800e-03	-9.635279e-04
8.294400e-03	-9.710122e-04
8.320000e-03	-9.757200e-04
8.345600e-03	-9.827230e-04
8.371200e-03	-9.871053e-04
8.396800e-03	-9.935441e-04
8.422400e-03	-9.967331e-04
8.448000e-03	-1.003396e-03
8.473600e-03	-1.005662e-03
8.499200e-03	-1.011477e-03
8.524800e-03	-1.014023e-03
8.550400e-03	-1.019151e-03
8.576000e-03	-1.020688e-03
8.601600e-03	-1.025036e-03
8.627200e-03	-1.026529e-03
8.652800e-03	-1.030335e-03
8.678400e-03	-1.031015e-03
8.704000e-03	-1.034636e-03
8.729600e-03	-1.034755e-03
8.755200e-03	-1.037334e-03
8.780800e-03	-1.037469e-03
8.806400e-03	-1.039529e-03
8.832000e-03	-1.038382e-03
8.857600e-03	-1.040741e-03
8.883200e-03	-1.038803e-03
8.908800e-03	-1.039798e-03
8.934400e-03	-1.037962e-03
8.960000e-03	-1.038072e-03
8.985600e-03	-1.035392e-03
9.011200e-03	-1.035580e-03
9.036800e-03	-1.032705e-03
9.062400e-03	-1.031955e-03
9.088000e-03	-1.028338e-03
9.113600e-03	-1.026962e-03
9.139200e-03	-1.022607e-03
9.164800e-03	-1.020998e-03
9.190400e-03	-1.016461e-03
9.216000e-03	-1.014505e-03
9.241600e-03	-1.008495e-03
9.267200e-03	-1.006369e-03
9.292800e-03	-1.000435e-03
9.318400e-03	-9.972284e-04
9.344000e-03	-9.914619e-04
9.369600e-03	-9.871329e-04
9.395200e-03	-9.806689e-04
9.420800e-03	-9.760418e-04
9.446400e-03	-9.688507e-04
9.472000e-03	-9.639214e-04
9.497600e-03	-9.560675e-04
9.523200e-03	-9.512001e-04
9.548800e-03	-9.426650e-04
9.574400e-03	-9.370844e-04
9.600000e-03	-9.279276e-04
9.625600e-03	-9.213896e-04
9.651200e-03	-9.124374e-04
9.676800e-03	-9.058582e-04
9.702400e-03	-8.960409e-04
9.728000e-03	-8.888151e-04
9.753600e-03	-8.787714e-04
9.779200e-03	-8.706266e-04
9.804800e-03	-8.608766e-04
9.830400e-03	-8.523720e-04
9.856000e-03	-8.411191e-04
9.881600e-03	-8.328293e-04
9.907200e-03	-8.212929e-04
9.932800e-03	-8.124318e-04
9.958400e-03	-8.006282e-04
9.984000e-03	-7.913019e-04
1.000960e-02	-7.788771e-04
1.003520e-02	-7.691863e-04
1.006080e-02	-7.565201e-04
1.008640e-02	-7.461328e-04
1.011200e-02	-7.333768e-04
1.013760e-02	-7.225768e-04
1.016320e-02	-7.092390e-04
1.018880e-02	-6.986047e-04
1.021440e-02	-6.849487e-04
1.024000e-02	-6.736463e-04
1.026560e-02	-6.593593e-04
1.029120e-02	-6.479043e-04
1.031680e-02	-6.334999e-04
1.034240e-02	-6.215007e-04
1.036800e-02	-6.071460e-04
1.039360e-02	-5.946074e-04
1.041920e-02	-5.801912e-04
1.044480e-02	-5.671611e-04
1.047040e-02	-5.521235e-04
1.049600e-02	-5.397692e-04
1.052160e-02	-5.238188e-04
1.054720e-02	-5.110097e-04
1.057280e-02	-4.954237e-04
1.059840e-02	-4.824497e-04
1.062400e-02	-4.662038e-04
1.064960e-02	-4.522074e-04
1.067520e-02	-4.365510e-04
1.070080e-02	-4.227330e-04
1.072640e-02	-4.062504e-04
1.075200e-02	-3.923844e-04
1.077760e-02	-3.762638e-04
1.080320e-02	-3.618676e-04
1.082880e-02	-3.453481e-04
1.085440e-02	-3.311757e-04
1.088000e-02	-3.140169e-04
1.090560e-02	-2.998770e-04
1.093120e-02	-2.828355e-04
1.095680e-02	-2.681068e-04
1.098240e-02	-2.514433e-04
1.100800e-02	-2.365399e-04
1.103360e-02	-2.191979e-04
1.105920e-02	-2.046618e-04
1.108480e-02	-1.873366e-04
1.111040e-02	-1.724474e-04
1.113600e-02	-1.553414e-04
1.116160e-02	-1.402922e-04
1.118720e-02	-1.231904e-04
1.121280e-02	-1.075810e-04
1.123840e-02	-9.059458e-05
1.126400e-02	-7.561644e-05
1.128960e-02	-5.792144e-05
1.131520e-02	-4.333838e-05
1.134080e-02	-2.548376e-05
1.136640e-02	-1.073175e-05
1.139200e-02	6.704352e-06
1.141760e-02	2.199420e-05
1.144320e-02	3.870624e-05
1.146880e-02	5.425944e-05
1.149440e-02	7.173248e-05
1.152000e-02	8.635732e-05
1.154560e-02	1.035306e-04
1.157120e-02	1.184166e-04
1.159680e-02	1.355626e-04
1.162240e-02	1.502878e-04
1.164800e-02	1.671549e-04
1.167360e-02	1.822504e-04
1.169920e-02	1.995434e-04
1.172480e-02	2.139096e-04
1.175040e-02	2.305545e-04
1.177600e-02	2.450796e-04
1.180160e-02	2.616408e-04
1.182720e-02	2.763096e-04
1.185280e-02	2.927210e-04
1.187840e-02	3.068827e-04
1.190400e-02	3.233273e-04
1.192960e-02	3.370116e-04
1.195520e-02	3.535757e-04
1.198080e-02	3.673377e-04
1.200640e-02	3.832844e-04
1.203200e-02	3.968583e-04
1.205760e-02	4.123421e-04
1.208320e-02	4.260979e-04
1.210880e-02	4.413334e-04
1.213440e-02	4.548388e-04
1.216000e-02	4.699024e-04
1.218560e-02	4.830819e-04
1.221120e-02	4.982230e-04
1.223680e-02	5.106520e-04
1.226240e-02	5.255151e-04
1.228800e-02	5.381737e-04
1.231360e-02	5.520823e-04
1.233920e-02	5.645595e-04
1.236480e-02	5.792147e-04
1.239040e-02	5.907305e-04
1.241600e-02	6.049249e-04
1.244160e-02	6.163730e-04
1.246720e-02	6.296340e-04
1.249280e-02	6.412499e-04
1.251840e-02	6.547581e-04
1.254400e-02	6.651274e-04
1.256960e-02	6.783520e-04
1.259520e-02	6.890161e-04
1.262080e-02	7.011921e-04
1.264640e-02	7.120306e-04
1.267200e-02	7.237107e-04
1.269760e-02	7.334141e-04
1.272320e-02	7.454189e-04
1.274880e-02	7.550305e-04
1.277440e-02	7.665349e-04
1.280000e-02	7.759880e-04
1.282560e-02	7.870195e-04
1.285120e-02	7.951924e-04
1.287680e-02	8.061340e-04
1.290240e-02	8.143512e-04
1.292800e-02	8.244198e-04
1.295360e-02	8.327115e-04
1.297920e-02	8.420692e-04
1.300480e-02	8.502287e-04
1.303040e-02	8.591024e-04
1.305600e-02	8.658565e-04
1.308160e-02	8.751851e-04
1.310720e-02	8.818550e-04
1.313280e-02	8.904654e-04
1.315840e-02	8.961263e-04
1.318400e-02	9.044815e-04
1.320960e-02	9.101315e-04
1.323520e-02	9.174106e-04
1.326080e-02	9.230428e-04
1.328640e-02	9.298984e-04
1.331200e-02	9.347466e-04
1.333760e-02	9.412545e-04
1.336320e-02	9.459119e-04
1.338880e-02	9.518574e-04
1.341440e-02	9.555200e-04
1.344000e-02	9.613715e-04
1.346560e-02	9.647711e-04
1.349120e-02	9.698220e-04
1.351680e-02	9.729450e-04
1.354240e-02	9.779425e-04
1.356800e-02	9.800858e-04
1.359360e-02	9.843425e-04
1.361920e-02	9.862330e-04
1.364480e-02	9.899727e-04
1.367040e-02	9.918130e-04
1.369600e-02	9.946061e-04
1.372160e-02	9.957787e-04
1.374720e-02	9.985684e-04
1.377280e-02	9.989478e-04
1.379840e-02	1.000963e-03
1.382400e-02	1.001448e-03
1.384960e-02	1.002806e-03
1.387520e-02	1.002220e-03
1.390080e-02	1.003706e-03
1.392640e-02	1.002667e-03
1.395200e-02	1.003460e-03
1.397760e-02	1.001889e-03
1.400320e-02	1.002079e-03
1.402880e-02	9.996761e-04
1.405440e-02	1.000270e-03
1.408000e-02	9.975621e-04
1.410560e-02	9.964152e-04
1.413120e-02	9.938872e-04
1.415680e-02	9.923747e-04
1.418240e-02	9.892390e-04
1.420800e-02	9.872233e-04
1.423360e-02	9.836282e-04
1.425920e-02	9.811270e-04
1.428480e-02	9.770788e-04
1.431040e-02	9.743930e-04
1.433600e-02	9.691060e-04
1.436160e-02	9.661203e-04
1.438720e-02	9.608662e-04
1.441280e-02	9.569421e-04
1.443840e-02	9.513017e-04
1.446400e-02	9.469422e-04
1.448960e-02	9.406618e-04
1.451520e-02	9.362072e-04
1.454080e-02	9.291424e-04
1.456640e-02	9.242121e-04
1.459200e-02	9.167643e-04
1.461760e-02	9.110574e-04
1.464320e-02	9.034853e-04
1.466880e-02	8.972283e-04
1.469440e-02	8.892586e-04
1.472000e-02	8.830212e-04
1.474560e-02	8.740015e-04
1.477120e-02	8.670175e-04
1.479680e-02	8.582252e-04
1.482240e-02	8.502257e-04
1.484800e-02	8.410476e-04
1.487360e-02	8.329533e-04
1.489920e-02	8.226467e-04
1.492480e-02	8.148059e-04
1.495040e-02	8.042175e-04
1.497600e-02	7.953957e-04
1.500160e-02	7.844601e-04
1.502720e-02	7.752477e-04
1.505280e-02	7.643513e-04
1.507840e-02	7.538908e-04
1.510400e-02	7.427675e-04
1.512960e-02	7.325145e-04
1.515520e-02	7.205772e-04
1.518080e-02	7.101789e-04
1.520640e-02	6.974161e-04
1.523200e-02	6.871446e-04
1.525760e-02	6.740792e-04
1.528320e-02	6.631331e-04
1.530880e-02	6.499494e-04
1.533440e-02	6.382068e-04
1.536000e-02	6.248496e-04
1.538560e-02	6.126767e-04
1.541120e-02	5.992199e-04
1.543680e-02	5.874283e-04
1.546240e-02	5.728314e-04
1.548800e-02	5.603530e-04
1.551360e-02	5.458546e-04
1.553920e-02	5.327562e-04
1.556480e-02	5.181052e-04
1.559040e-02	5.046676e-04
1.561600e-02	4.904593e-04
1.564160e-02	4.764027e-04
1.566720e-02	4.606860e-04
1.569280e-02	4.477094e-04
1.571840e-02	4.317923e-04
1.574400e-02	4.179223e-04
1.576960e-02	4.021263e-04
1.579520e-02	3.877040e-04
1.582080e-02	3.718100e-04
1.584640e-02	3.572450e-04
1.587200e-02	3.410947e-04
1.589760e-02	3.262579e-04
1.592320e-02	3.097667e-04
1.594880e-02	2.952999e-04
1.597440e-02	2.788024e-04
1.600000e-02	2.639981e-04
1.602560e-02	2.469418e-04
1.605120e-02	2.311793e-04
1.607680e-02	2.149390e-04
1.610240e-02	1.992632e-04
1.612800e-02	1.820075e-04
1.615360e-02	1.667452e-04
1.617920e-02	1.494487e-04
1.620480e-02	1.343553e-04
1.623040e-02	1.166509e-04
1.625600e-02	1.011775e-04
1.628160e-02	8.401446e-05
1.630720e-02	6.790007e-05
1.633280e-02	5.047357e-05
1.635840e-02	3.486868e-05
1.638400e-02	1.747308e-05
1.640960e-02	1.361584e-06
1.643520e-02	-1.583490e-05
1.646080e-02	-3.175678e-05
1.648640e-02	-4.935142e-05
1.651200e-02	-6.476488e-05
1.653760e-02	-8.245071e-05
1.656320e-02	-9.837938e-05
1.658880e-02	-1.156740e-04
1.661440e-02	-1.317688e-04
1.664000e-02	-1.489833e-04
1.666560e-02	-1.644048e-04
1.669120e-02	-1.820121e-04
1.671680e-02	-1.977833e-04
1.674240e-02	-2.148695e-04
1.676800e-02	-2.302631e-04
1.679360e-02	-2.473156e-04
1.681920e-02	-2.632127e-04
1.684480e-02	-2.800722e-04
1.687040e-02	-2.952979e-04
1.689600e-02	-3.123819e-04
1.692160e-02	-3.276157e-04
1.694720e-02	-3.445820e-04
1.697280e-02	-3.593896e-04
1.699840e-02	-3.753990e-04
1.702400e-02	-3.907705e-04
1.704960e-02	-4.068930e-04
1.707520e-02	-4.217311e-04
1.710080e-02	-4.378579e-04
1.712640e-02	-4.522075e-04
1.715200e-02	-4.683513e-04
1.717760e-02	-4.822529e-04
1.720320e-02	-4.978803e-04
1.722880e-02	-5.119018e-04
1.725440e-02	-5.275302e-04
1.728000e-02	-5.406782e-04
1.730560e-02	-5.562437e-04
1.733120e-02	-5.696437e-04
1.735680e-02	-5.843429e-04
1.738240e-02	-5.976774e-04
1.740800e-02	-6.118114e-04
1.743360e-02	-6.251308e-04
1.745920e-02	-6.390933e-04
1.748480e-02	-6.516866e-04
1.751040e-02	-6.653329e-04
1.753600e-02	-6.777819e-04
1.756160e-02	-6.912555e-04
1.758720e-02	-7.027384e-04
1.761280e-02	-7.163931e-04
1.763840e-02	-7.271221e-04
1.766400e-02	-7.400755e-04
1.768960e-02	-7.510675e-04
1.771520e-02	-7.631215e-04
1.774080e-02	-7.738549e-04
1.776640e-02	-7.858967e-04
1.779200e-02	-7.961580e-04
1.781760e-02	-8.074158e-04
1.784320e-02	-8.174974e-04
1.786880e-02	-8.283771e-04
1.789440e-02	-8.374680e-04
1.792000e-02	-8.485325e-04
1.794560e-02	-8.572024e-04
1.797120e-02	-8.670333e-04
1.799680e-02	-8.759866e-04
1.802240e-02	-8.853092e-04
1.804800e-02	-8.931651e-04
1.807360e-02	-9.024536e-04
1.809920e-02	-9.102333e-04
1.812480e-02	-9.185903e-04
1.815040e-02	-9.254280e-04
1.817600e-02	-9.339087e-04
1.820160e-02	-9.396601e-04
1.822720e-02	-9.483113e-04
1.825280e-02	-9.534021e-04
1.827840e-02	-9.605811e-04
1.830400e-02	-9.664201e-04
1.832960e-02	-9.723615e-04
1.835520e-02	-9.779242e-04
1.838080e-02	-9.834318e-04
1.840640e-02	-9.878560e-04
1.843200e-02	-9.932317e-04
1.845760e-02	-9.969469e-04
1.848320e-02	-1.002293e-03
1.850880e-02	-1.005410e-03
1.853440e-02	-1.009801e-03
1.856000e-02	-1.012626e-03
1.858560e-02	-1.016069e-03
1.861120e-02	-1.018438e-03
1.863680e-02	-1.021848e-03
1.866240e-02	-1.023118e-03
1.868800e-02	-1.026040e-03
1.871360e-02	-1.026831e-03
1.873920e-02	-1.029451e-03
1.876480e-02	-1.029746e-03
1.879040e-02	-1.031387e-03
1.881600e-02	-1.031456e-03
1.884160e-02	-1.032124e-03
1.886720e-02	-1.031501e-03
1.889280e-02	-1.031909e-03
1.891840e-02	-1.030662e-03
1.894400e-02	-1.030559e-03
1.896960e-02	-1.028721e-03
1.899520e-02	-1.028405e-03
1.902080e-02	-1.026146e-03
1.904640e-02	-1.024870e-03
1.907200e-02	-1.022051e-03
1.909760e-02	-1.020326e-03
1.912320e-02	-1.016705e-03
1.914880e-02	-1.014439e-03
1.917440e-02	-1.010541e-03
1.920000e-02	-1.007533e-03
1.922560e-02	-1.003481e-03
1.925120e-02	-1.000126e-03
1.927680e-02	-9.948772e-04
1.930240e-02	-9.910613e-04
1.932800e-02	-9.858140e-04
1.935360e-02	-9.814934e-04
1.937920e-02	-9.749031e-04
1.940480e-02	-9.703179e-04
1.943040e-02	-9.639499e-04
1.945600e-02	-9.585798e-04
1.948160e-02	-9.515824e-04
1.950720e-02	-9.453831e-04
1.953280e-02	-9.381100e-04
1.955840e-02	-9.313349e-04
1.958400e-02	-9.235752e-04
1.960960e-02	-9.170714e-04
1.963520e-02	-9.080828e-04
1.966080e-02	-9.007216e-04
1.968640e-02	-8.918424e-04
1.971200e-02	-8.842733e-04
1.973760e-02	-8.745549e-04
1.976320e-02	-8.661943e-04
1.978880e-02	-8.566994e-04
1.981440e-02	-8.477424e-04
1.984000e-02	-8.374862e-04
1.986560e-02	-8.283877e-04
1.989120e-02	-8.178217e-04
1.991680e-02	-8.083128e-04
1.994240e-02	-7.969204e-04
1.996800e-02	-7.870163e-04
1.999360e-02	-7.752118e-04
2.001920e-02	-7.655223e-04
2.004480e-02	-7.530783e-04
2.007040e-02	-7.424538e-04
2.009600e-02	-7.306066e-04
2.012160e-02	-7.189219e-04
2.014720e-02	-7.069266e-04
2.017280e-02	-6.949097e-04
2.019840e-02	-6.819465e-04
2.022400e-02	-6.701992e-04
2.024960e-02	-6.571731e-04
2.027520e-02	-6.447046e-04
2.030080e-02	-6.312376e-04
2.032640e-02	-6.189409e-04
2.035200e-02	-6.044033e-04
2.037760e-02	-5.915101e-04
2.040320e-02	-5.771944e-04
2.042880e-02	-5.650830e-04
2.045440e-02	-5.498341e-04
2.048000e-02	-5.363262e-04
2.050560e-02	-5.216549e-04
2.053120e-02	-5.082259e-04
2.055680e-02	-4.933009e-04
2.058240e-02	-4.794166e-04
2.060800e-02	-4.641415e-04
2.063360e-02	-4.499260e-04
2.065920e-02	-4.345957e-04
2.068480e-02	-4.202858e-04
2.071040e-02	-4.047104e-04
2.073600e-02	-3.899905e-04
2.076160e-02	-3.743604e-04
2.078720e-02	-3.595790e-04
2.081280e-02	-3.437792e-04
2.083840e-02	-3.289117e-04
2.086400e-02	-3.127634e-04
2.088960e-02	-2.976521e-04
2.091520e-02	-2.814479e-04
2.094080e-02	-2.664291e-04
2.096640e-02	-2.498733e-04
2.099200e-02	-2.347609e-04
2.101760e-02	-2.179489e-04
2.104320e-02	-2.030128e-04
2.106880e-02	-1.858917e-04
2.109440e-02	-1.709692e-04
2.112000e-02	-1.542013e-04
2.114560e-02	-1.387597e-04
2.117120e-02	-1.216985e-04
2.119680e-02	-1.062437e-04
2.122240e-02	-8.986354e-05
2.124800e-02	-7.378507e-05
2.127360e-02	-5.739142e-05
2.129920e-02	-4.145263e-05
2.132480e-02	-2.465865e-05
2.135040e-02	-9.137674e-06
2.137600e-02	7.416326e-06
2.140160e-02	2.305740e-05
2.142720e-02	4.004351e-05
2.145280e-02	5.545030e-05
2.147840e-02	7.254011e-05
2.150400e-02	8.768533e-05
2.152960e-02	1.043435e-04
2.155520e-02	1.197389e-04
2.158080e-02	1.362797e-04
2.160640e-02	1.515055e-04
2.163200e-02	1.683497e-04
2.165760e-02	1.831050e-04
2.168320e-02	1.997967e-04
2.170880e-02	2.150559e-04
2.173440e-02	2.309740e-04
2.176000e-02	2.461936e-04
2.178560e-02	2.618685e-04
2.181120e-02	2.771404e-04
2.183680e-02	2.931707e-04
2.186240e-02	3.076270e-04
2.188800e-02	3.233704e-04
2.191360e-02	3.380433e-04
2.193920e-02	3.539012e-04
2.196480e-02	3.681967e-04
2.199040e-02	3.837480e-04
2.201600e-02	3.974987e-04
2.204160e-02	4.130609e-04
2.206720e-02	4.269427e-04
2.209280e-02	4.418057e-04
2.211840e-02	4.555635e-04
2.214400e-02	4.704501e-04
2.216960e-02	4.837645e-04
2.219520e-02	4.983423e-04
2.222080e-02	5.116545e-04
2.224640e-02	5.260244e-04
2.227200e-02	5.388574e-04
2.229760e-02	5.527142e-04
2.232320e-02	5.655527e-04
2.234880e-02	5.790228e-04
2.237440e-02	5.915378e-04
2.240000e-02	6.051749e-04
2.242560e-02	6.169641e-04
2.245120e-02	6.302964e-04
2.247680e-02	6.418901e-04
2.250240e-02	6.548299e-04
2.252800e-02	6.662768e-04
2.255360e-02	6.781947e-04
2.257920e-02	6.898227e-04
2.260480e-02	7.014006e-04
2.263040e-02	7.121452e-04
2.265600e-02	7.242096e-04
2.268160e-02	7.344596e-04
2.270720e-02	7.460945e-04
2.273280e-02	7.560161e-04
2.275840e-02	7.668845e-04
2.278400e-02	7.760314e-04
2.280960e-02	7.871845e-04
2.283520e-02	7.963335e-04
2.286080e-02	8.063826e-04
2.288640e-02	8.151334e-04
2.291200e-02	8.249213e-04
2.293760e-02	8.331535e-04
2.296320e-02	8.421715e-04
2.298880e-02	8.505448e-04
2.301440e-02	8.595379e-04
2.304000e-02	8.668316e-04
2.306560e-02	8.754148e-04
2.309120e-02	8.827595e-04
2.311680e-02	8.907517e-04
2.314240e-02	8.973567e-04
2.316800e-02	9.045851e-04
2.319360e-02	9.107182e-04
2.321920e-02	9.183974e-04
2.324480e-02	9.239306e-04
2.327040e-02	9.307120e-04
2.329600e-02	9.356943e-04
2.332160e-02	9.415848e-04
2.334720e-02	9.467721e-04
2.337280e-02	9.523418e-04
2.339840e-02	9.567813e-04
2.342400e-02	9.622328e-04
2.344960e-02	9.660655e-04
2.347520e-02	9.708588e-04
2.350080e-02	9.742853e-04
2.352640e-02	9.782560e-04
2.355200e-02	9.811164e-04
2.357760e-02	9.849708e-04
2.360320e-02	9.872863e-04
2.362880e-02	9.908188e-04
2.365440e-02	9.927696e-04
2.368000e-02	9.953142e-04
2.370560e-02	9.964576e-04
2.373120e-02	9.993743e-04
2.375680e-02	1.000042e-03
2.378240e-02	1.002168e-03
2.380800e-02	1.002280e-03
2.383360e-02	1.003476e-03
2.385920e-02	1.003901e-03
2.388480e-02	1.004485e-03
2.391040e-02	1.004183e-03
2.393600e-02	1.003826e-03
2.396160e-02	1.003582e-03
2.398720e-02	1.003493e-03
2.401280e-02	1.001497e-03
2.403840e-02	1.000988e-03
2.406400e-02	9.987728e-04
2.408960e-02	9.979897e-04
2.411520e-02	9.948487e-04
2.414080e-02	9.937489e-04
2.416640e-02	9.907127e-04
2.419200e-02	9.881327e-04
2.421760e-02	9.849535e-04
2.424320e-02	9.825318e-04
2.426880e-02	9.787601e-04
2.429440e-02	9.750763e-04
2.432000e-02	9.707711e-04
2.434560e-02	9.671979e-04
2.437120e-02	9.622703e-04
2.439680e-02	9.586567e-04
2.442240e-02	9.526134e-04
2.444800e-02	9.482367e-04
2.447360e-02	9.423315e-04
2.449920e-02	9.369870e-04
2.452480e-02	9.309474e-04
2.455040e-02	9.254030e-04
2.457600e-02	9.184374e-04
2.460160e-02	9.126309e-04
2.462720e-02	9.051047e-04
2.465280e-02	8.983928e-04
2.467840e-02	8.907991e-04
2.470400e-02	8.838820e-04
2.472960e-02	8.759042e-04
2.475520e-02	8.684334e-04
2.478080e-02	8.594198e-04
2.480640e-02	8.518175e-04
2.483200e-02	8.422199e-04
2.485760e-02	8.343169e-04
2.488320e-02	8.247954e-04
2.490880e-02	8.159209e-04
2.493440e-02	8.060243e-04
2.496000e-02	7.963773e-04
2.498560e-02	7.862328e-04
2.501120e-02	7.768050e-04
2.503680e-02	7.658120e-04
2.506240e-02	7.557701e-04
2.508800e-02	7.448490e-04
2.511360e-02	7.341351e-04
2.513920e-02	7.225223e-04
2.516480e-02	7.119243e-04
2.519040e-02	6.995546e-04
2.521600e-02	6.885099e-04
2.524160e-02	6.758372e-04
2.526720e-02	6.646548e-04
2.529280e-02	6.514572e-04
2.531840e-02	6.402165e-04
2.534400e-02	6.269629e-04
2.536960e-02	6.141241e-04
2.539520e-02	6.012930e-04
2.542080e-02	5.884466e-04
2.544640e-02	5.748307e-04
2.547200e-02	5.621511e-04
2.549760e-02	5.473773e-04
2.552320e-02	5.345470e-04
2.554880e-02	5.204151e-04
2.557440e-02	5.064970e-04
2.560000e-02	4.920176e-04
2.562560e-02	4.782695e-04
2.565120e-02	4.632588e-04
2.567680e-02	4.492016e-04
2.570240e-02	4.341040e-04
2.572800e-02	4.197425e-04
2.575360e-02	4.044239e-04
2.577920e-02	3.900382e-04
2.580480e-02	3.738673e-04
2.583040e-02	3.593541e-04
2.585600e-02	3.434909e-04
2.588160e-02	3.283532e-04
2.590720e-02	3.123306e-04
2.593280e-02	2.972624e-04
2.595840e-02	2.807433e-04
2.598400e-02	2.655989e-04
2.600960e-02	2.490458e-04
2.603520e-02	2.333728e-04
2.606080e-02	2.170519e-04
2.608640e-02	2.012715e-04
2.611200e-02	1.841852e-04
2.613760e-02	1.685868e-04
2.616320e-02	1.520204e-04
2.618880e-02	1.361657e-04
2.621440e-02	1.193009e-04
2.624000e-02	1.030168e-04
2.626560e-02	8.612818e-05
2.629120e-02	7.018077e-05
2.631680e-02	5.263480e-05
2.634240e-02	3.691975e-05
2.636800e-02	1.940065e-05
2.639360e-02	3.619983e-06
2.641920e-02	-1.313509e-05
2.644480e-02	-3.006125e-05
2.647040e-02	-4.693650e-05
2.649600e-02	-6.287442e-05
2.652160e-02	-7.996911e-05
2.654720e-02	-9.636326e-05
2.657280e-02	-1.138453e-04
2.659840e-02	-1.294569e-04
2.662400e-02	-1.467221e-04
2.664960e-02	-1.624970e-04
2.667520e-02	-1.797914e-04
2.670080e-02	-1.957144e-04
2.672640e-02	-2.122485e-04
2.675200e-02	-2.289434e-04
2.677760e-02	-2.456906e-04
2.680320e-02	-2.611171e-04
2.682880e-02	-2.779319e-04
2.685440e-02	-2.935308e-04
2.688000e-02	-3.106004e-04
2.690560e-02	-3.258764e-04
2.693120e-02	-3.421315e-04
2.695680e-02	-3.577495e-04
2.698240e-02	-3.735081e-04
2.700800e-02	-3.886235e-04
2.703360e-02	-4.051211e-04
2.705920e-02	-4.201617e-04
2.708480e-02	-4.357274e-04
2.711040e-02	-4.507956e-04
2.713600e-02	-4.663751e-04
2.716160e-02	-4.802367e-04
2.718720e-02	-4.963880e-04
2.721280e-02	-5.103194e-04
2.723840e-02	-5.254693e-04
2.726400e-02	-5.395705e-04
2.728960e-02	-5.540461e-04
2.731520e-02	-5.683044e-04
2.734080e-02	-5.827616e-04
2.736640e-02	-5.963697e-04
2.739200e-02	-6.104960e-04
2.741760e-02	-6.236564e-04
2.744320e-02	-6.380326e-04
2.746880e-02	-6.501881e-04
2.749440e-02	-6.643317e-04
2.752000e-02	-6.764079e-04
2.754560e-02	-6.895632e-04
2.757120e-02	-7.020403e-04
2.759680e-02	-7.141127e-04
2.762240e-02	-7.259834e-04
2.764800e-02	-7.386480e-04
2.767360e-02	-7.499696e-04
2.769920e-02	-7.619135e-04
2.772480e-02	-7.726669e-04
2.775040e-02	-7.844563e-04
2.777600e-02	-7.950647e-04
2.780160e-02	-8.064138e-04
2.782720e-02	-8.164609e-04
2.785280e-02	-8.269929e-04
2.787840e-02	-8.367131e-04
2.790400e-02	-8.476788e-04
2.792960e-02	-8.565424e-04
2.795520e-02	-8.662204e-04
2.798080e-02	-8.749426e-04
2.800640e-02	-8.846024e-04
2.803200e-02	-8.926486e-04
2.805760e-02	-9.011716e-04
2.808320e-02	-9.093860e-04
2.810880e-02	-9.175791e-04
2.813440e-02	-9.248200e-04
2.816000e-02	-9.328502e-04
2.818560e-02	-9.392952e-04
2.821120e-02	-9.469469e-04
2.823680e-02	-9.526938e-04
2.826240e-02	-9.604349e-04
2.828800e-02	-9.656000e-04
2.831360e-02	-9.715224e-04
2.833920e-02	-9.771271e-04
2.836480e-02	-9.826416e-04
2.839040e-02	-9.874600e-04
2.841600e-02	-9.928128e-04
2.844160e-02	-9.969661e-04
2.846720e-02	-1.001293e-03
2.849280e-02	-1.005005e-03
2.851840e-02	-1.009677e-03
2.854400e-02	-1.012260e-03
2.856960e-02	-1.015850e-03
2.859520e-02	-1.018137e-03
2.862080e-02	-1.021451e-03
2.864640e-02	-1.023251e-03
2.867200e-02	-1.025887e-03
2.869760e-02	-1.026841e-03
2.872320e-02	-1.028853e-03
2.874880e-02	-1.029853e-03
2.877440e-02	-1.030863e-03
2.880000e-02	-1.031013e-03
2.882560e-02	-1.032016e-03
2.885120e-02	-1.031866e-03
2.887680e-02	-1.031929e-03
2.890240e-02	-1.031484e-03
2.892800e-02	-1.030898e-03
2.895360e-02	-1.029397e-03
2.897920e-02	-1.028548e-03
2.900480e-02	-1.026103e-03
2.903040e-02	-1.024965e-03
2.905600e-02	-1.022300e-03
2.908160e-02	-1.020747e-03
2.910720e-02	-1.017204e-03
2.913280e-02	-1.015098e-03
2.915840e-02	-1.011148e-03
2.918400e-02	-1.008306e-03
2.920960e-02	-1.004101e-03
2.923520e-02	-1.000485e-03
2.926080e-02	-9.961826e-04
2.928640e-02	-9.914852e-04
2.931200e-02	-9.866178e-04
2.933760e-02	-9.817505e-04
2.936320e-02	-9.759953e-04
2.938880e-02	-9.713993e-04
2.941440e-02	-9.646643e-04
2.944000e-02	-9.591663e-04
2.946560e-02	-9.523979e-04
2.949120e-02	-9.463486e-04
2.951680e-02	-9.387812e-04
2.954240e-02	-9.322825e-04
2.956800e-02	-9.244379e-04
2.959360e-02	-9.172547e-04
2.961920e-02	-9.093795e-04
2.964480e-02	-9.017523e-04
2.967040e-02	-8.930554e-04
2.969600e-02	-8.848094e-04
2.972160e-02	-8.757705e-04
2.974720e-02	-8.672336e-04
2.977280e-02	-8.574561e-04
2.979840e-02	-8.488792e-04
2.982400e-02	-8.389341e-04
2.984960e-02	-8.292883e-04
2.987520e-02	-8.187359e-04
2.990080e-02	-8.094546e-04
2.992640e-02	-7.977418e-04
2.995200e-02	-7.880231e-04
2.997760e-02	-7.767853e-04
3.000320e-02	-7.658255e-04
3.002880e-02	-7.547143e-04
3.005440e-02	-7.433848e-04
3.008000e-02	-7.314290e-04
3.010560e-02	-7.199654e-04
3.013120e-02	-7.076588e-04
3.015680e-02	-6.961225e-04
3.018240e-02	-6.831721e-04
3.020800e-02	-6.712565e-04
3.023360e-02	-6.581760e-04
3.025920e-02	-6.461041e-04
3.028480e-02	-6.324559e-04
3.031040e-02	-6.197975e-04
3.033600e-02	-6.061506e-04
3.036160e-02	-5.930831e-04
3.038720e-02	-5.788800e-04
3.041280e-02	-5.659301e-04
3.043840e-02	-5.513701e-04
3.046400e-02	-5.379579e-04
3.048960e-02	-5.234951e-04
3.051520e-02	-5.093367e-04
3.054080e-02	-4.946965e-04
3.056640e-02	-4.800832e-04
3.059200e-02	-4.656738e-04
3.061760e-02	-4.516154e-04
3.064320e-02	-4.360014e-04
3.066880e-02	-4.217201e-04
3.069440e-02	-4.062614e-04
3.072000e-02	-3.917039e-04
3.074560e-02	-3.755740e-04
3.077120e-02	-3.608789e-04
3.079680e-02	-3.451017e-04
3.082240e-02	-3.301637e-04
3.084800e-02	-3.139674e-04
3.087360e-02	-2.988499e-04
3.089920e-02	-2.832361e-04
3.092480e-02	-2.676503e-04
3.095040e-02	-2.511989e-04
3.097600e-02	-2.362956e-04
3.100160e-02	-2.199400e-04
3.102720e-02	-2.041992e-04
3.105280e-02	-1.877959e-04
3.107840e-02	-1.720687e-04
3.110400e-02	-1.555409e-04
3.112960e-02	-1.400807e-04
3.115520e-02	-1.228389e-04
3.118080e-02	-1.073834e-04
3.120640e-02	-9.136472e-05
3.123200e-02	-7.492377e-05
3.125760e-02	-5.845855e-05
3.128320e-02	-4.308181e-05
3.130880e-02	-2.671746e-05
3.133440e-02	-1.066847e-05
3.136000e-02	5.973045e-06
3.138560e-02	2.141412e-05
3.141120e-02	3.854715e-05
3.143680e-02	5.416735e-05
3.146240e-02	7.067430e-05
3.148800e-02	8.620179e-05
3.151360e-02	1.029055e-04
3.153920e-02	1.183719e-04
3.156480e-02	1.348446e-04
3.159040e-02	1.503619e-04
3.161600e-02	1.664839e-04
3.164160e-02	1.816393e-04
3.166720e-02	1.982760e-04
3.169280e-02	2.138553e-04
3.171840e-02	2.299082e-04
3.174400e-02	2.448884e-04
3.176960e-02	2.606911e-04
3.179520e-02	2.760748e-04
3.182080e-02	2.918321e-04
3.184640e-02	3.067279e-04
3.187200e-02	3.220208e-04
3.189760e-02	3.368801e-04
3.192320e-02	3.524120e-04
3.194880e-02	3.669802e-04
3.197440e-02	3.823145e-04
3.200000e-02	3.965545e-04
3.202560e-02	4.119636e-04
3.205120e-02	4.257271e-04
3.207680e-02	4.407581e-04
3.210240e-02	4.546539e-04
3.212800e-02	4.688463e-04
3.215360e-02	4.826986e-04
3.217920e-02	4.974844e-04
3.220480e-02	5.105118e-04
3.223040e-02	5.247406e-04
3.225600e-02	5.380075e-04
3.228160e-02	5.520718e-04
3.230720e-02	5.644246e-04
3.233280e-02	5.779498e-04
3.235840e-02	5.908543e-04
3.238400e-02	6.039029e-04
3.240960e-02	6.157378e-04
3.243520e-02	6.289792e-04
3.246080e-02	6.415366e-04
3.248640e-02	6.536777e-04
3.251200e-02	6.656147e-04
3.253760e-02	6.774644e-04
3.256320e-02	6.886606e-04
3.258880e-02	7.005267e-04
3.261440e-02	7.111570e-04
3.264000e-02	7.231447e-04
3.266560e-02	7.338029e-04
3.269120e-02	7.454707e-04
3.271680e-02	7.548659e-04
3.274240e-02	7.659151e-04
3.276800e-02	7.755299e-04
3.279360e-02	7.862441e-04
3.281920e-02	7.958070e-04
3.284480e-02	8.051198e-04
3.287040e-02	8.146514e-04
3.289600e-02	8.244282e-04
3.292160e-02	8.327261e-04
3.294720e-02	8.417096e-04
3.297280e-02	8.500078e-04
3.299840e-02	8.587824e-04
3.302400e-02	8.661533e-04
3.304960e-02	8.747836e-04
3.307520e-02	8.825037e-04
3.310080e-02	8.897053e-04
3.312640e-02	8.965531e-04
3.315200e-02	9.044309e-04
3.317760e-02	9.109157e-04
3.320320e-02	9.177004e-04
3.322880e-02	9.233544e-04
3.325440e-02	9.302023e-04
3.328000e-02	9.355317e-04
3.330560e-02	9.420441e-04
3.333120e-02	9.470010e-04
3.335680e-02	9.522380e-04
3.338240e-02	9.570041e-04
3.340800e-02	9.619416e-04
3.343360e-02	9.655818e-04
3.345920e-02	9.706362e-04
3.348480e-02	9.738512e-04
3.351040e-02	9.782446e-04
3.353600e-02	9.813786e-04
3.356160e-02	9.848332e-04
3.358720e-02	9.878790e-04
3.361280e-02	9.906703e-04
3.363840e-02	9.928658e-04
3.366400e-02	9.952565e-04
3.368960e-02	9.971423e-04
3.371520e-02	9.992810e-04
3.374080e-02	1.000201e-03
3.376640e-02	1.002259e-03
3.379200e-02	1.002633e-03
3.381760e-02	1.004089e-03
3.384320e-02	1.004244e-03
3.386880e-02	1.004759e-03
3.389440e-02	1.004263e-03
3.392000e-02	1.004676e-03
3.394560e-02	1.003698e-03
3.397120e-02	1.003602e-03
3.399680e-02	1.001741e-03
3.402240e-02	1.001513e-03
3.404800e-02	1.000152e-03
3.407360e-02	9.978655e-04
3.409920e-02	9.959781e-04
3.412480e-02	9.940299e-04
3.415040e-02	9.913817e-04
3.417600e-02	9.894691e-04
3.420160e-02	9.854977e-04
3.422720e-02	9.828148e-04
3.425280e-02	9.786739e-04
3.427840e-02	9.756806e-04
3.430400e-02	9.718832e-04
3.432960e-02	9.678789e-04
3.435520e-02	9.628141e-04
3.438080e-02	9.589016e-04
3.440640e-02	9.539916e-04
3.443200e-02	9.490090e-04
3.445760e-02	9.430784e-04
3.448320e-02	9.376965e-04
3.450880e-02	9.318689e-04
3.453440e-02	9.263628e-04
3.456000e-02	9.192501e-04
3.458560e-02	9.135843e-04
3.461120e-02	9.060345e-04
3.463680e-02	8.993733e-04
3.466240e-02	8.921859e-04
3.468800e-02	8.850755e-04
3.471360e-02	8.767417e-04
3.473920e-02	8.695734e-04
3.476480e-02	8.611670e-04
3.479040e-02	8.528206e-04
3.481600e-02	8.437270e-04
3.484160e-02	8.351377e-04
3.486720e-02	8.260262e-04
3.489280e-02	8.170391e-04
3.491840e-02	8.072709e-04
3.494400e-02	7.979185e-04
3.496960e-02	7.873464e-04
3.499520e-02	7.779499e-04
3.502080e-02	7.669927e-04
3.504640e-02	7.573029e-04
3.507200e-02	7.458521e-04
3.509760e-02	7.355764e-04
3.512320e-02	7.240797e-04
3.514880e-02	7.129600e-04
3.517440e-02	7.013823e-04
3.520000e-02	6.896519e-04
3.522560e-02	6.776722e-04
3.525120e-02	6.660845e-04
3.527680e-02	6.533779e-04
3.530240e-02	6.412840e-04
3.532800e-02	6.286951e-04
3.535360e-02	6.162931e-04
3.537920e-02	6.026989e-04
3.540480e-02	5.898709e-04
3.543040e-02	5.761273e-04
3.545600e-02	5.634825e-04
3.548160e-02	5.491339e-04
3.550720e-02	5.360823e-04
3.553280e-02	5.219986e-04
3.555840e-02	5.083182e-04
3.558400e-02	4.935553e-04
3.560960e-02	4.796846e-04
3.563520e-02	4.652706e-04
3.566080e-02	4.508914e-04
3.568640e-02	4.354990e-04
3.571200e-02	4.215438e-04
3.573760e-02	4.057813e-04
3.576320e-02	3.912262e-04
3.578880e-02	3.762277e-04
3.581440e-02	3.605956e-04
3.584000e-02	3.454024e-04
3.586560e-02	3.301979e-04
3.589120e-02	3.137139e-04
3.591680e-02	2.988689e-04
3.594240e-02	2.826644e-04
3.596800e-02	2.673149e-04
3.599360e-02	2.505587e-04
3.601920e-02	2.348494e-04
3.604480e-02	2.187608e-04
3.607040e-02	2.028943e-04
3.609600e-02	1.861596e-04
3.612160e-02	1.703734e-04
3.614720e-02	1.534820e-04
3.617280e-02	1.374952e-04
3.619840e-02	1.207980e-04
3.622400e-02	1.045205e-04
3.624960e-02	8.770081e-05
3.627520e-02	7.171182e-05
3.630080e-02	5.462221e-05
3.632640e-02	3.810631e-05
3.635200e-02	2.123911e-05
3.637760e-02	5.438673e-06
3.640320e-02	-1.185108e-05
3.642880e-02	-2.807051e-05
3.645440e-02	-4.559036e-05
3.648000e-02	-6.152528e-05
3.650560e-02	-7.844227e-05
3.653120e-02	-9.521739e-05
3.655680e-02	-1.119876e-04
3.658240e-02	-1.282468e-04
3.660800e-02	-1.450947e-04
3.663360e-02	-1.610497e-04
3.665920e-02	-1.779883e-04
3.668480e-02	-1.941447e-04
3.671040e-02	-2.109268e-04
3.673600e-02	-2.273020e-04
3.676160e-02	-2.437093e-04
3.678720e-02	-2.598287e-04
3.681280e-02	-2.765114e-04
3.683840e-02	-2.919420e-04
3.686400e-02	-3.088852e-04
3.688960e-02	-3.238133e-04
3.691520e-02	-3.404292e-04
3.694080e-02	-3.561550e-04
3.696640e-02	-3.721138e-04
3.699200e-02	-3.877595e-04
3.701760e-02	-4.031993e-04
3.704320e-02	-4.184452e-04
3.706880e-02	-4.343845e-04
3.709440e-02	-4.492069e-04
3.712000e-02	-4.648618e-04
3.714560e-02	-4.789777e-04
3.717120e-02	-4.943324e-04
3.719680e-02	-5.088743e-04
3.722240e-02	-5.241106e-04
3.724800e-02	-5.382423e-04
3.727360e-02	-5.528877e-04
3.729920e-02	-5.668152e-04
3.732480e-02	-5.813877e-04
3.735040e-02	-5.944867e-04
3.737600e-02	-6.089103e-04
3.740160e-02	-6.218504e-04
3.742720e-02	-6.354940e-04
3.745280e-02	-6.491956e-04
3.747840e-02	-6.620029e-04
3.750400e-02	-6.751235e-04
3.752960e-02	-6.881103e-04
3.755520e-02	-7.001143e-04
3.758080e-02	-7.132665e-04
3.760640e-02	-7.248450e-04
3.763200e-02	-7.377205e-04
3.765760e-02	-7.485477e-04
3.768320e-02	-7.606333e-04
3.770880e-02	-7.715124e-04
3.773440e-02	-7.831494e-04
3.776000e-02	-7.939981e-04
3.778560e-02	-8.047109e-04
3.781120e-02	-8.154357e-04
3.783680e-02	-8.260690e-04
3.786240e-02	-8.358263e-04
3.788800e-02	-8.457860e-04
3.791360e-02	-8.551190e-04
3.793920e-02	-8.649410e-04
3.796480e-02	-8.737204e-04
3.799040e-02	-8.835404e-04
3.801600e-02	-8.912098e-04
3.804160e-02	-9.005493e-04
3.806720e-02	-9.083010e-04
3.809280e-02	-9.164184e-04
3.811840e-02	-9.240170e-04
3.814400e-02	-9.317460e-04
3.816960e-02	-9.388728e-04
3.819520e-02	-9.464913e-04
3.822080e-02	-9.523266e-04
3.824640e-02	-9.589586e-04
3.827200e-02	-9.651646e-04
3.829760e-02	-9.715026e-04
3.832320e-02	-9.765832e-04
3.834880e-02	-9.818766e-04
3.837440e-02	-9.869232e-04
3.840000e-02	-9.922438e-04
3.842560e-02	-9.964589e-04
3.845120e-02	-1.001131e-03
3.847680e-02	-1.004678e-03
3.850240e-02	-1.009024e-03
3.852800e-02	-1.011861e-03
3.855360e-02	-1.015738e-03
3.857920e-02	-1.017935e-03
3.860480e-02	-1.021103e-03
3.863040e-02	-1.023341e-03
3.865600e-02	-1.025139e-03
3.868160e-02	-1.027268e-03
3.870720e-02	-1.028935e-03
3.873280e-02	-1.029342e-03
3.875840e-02	-1.030804e-03
3.878400e-02	-1.031068e-03
3.880960e-02	-1.032008e-03
3.883520e-02	-1.031608e-03
3.886080e-02	-1.032128e-03
3.888640e-02	-1.031353e-03
3.891200e-02	-1.030882e-03
3.893760e-02	-1.029421e-03
3.896320e-02	-1.028478e-03
3.898880e-02	-1.026526e-03
3.901440e-02	-1.025335e-03
3.904000e-02	-1.023013e-03
3.906560e-02	-1.020657e-03
3.909120e-02	-1.017681e-03
3.911680e-02	-1.014638e-03
3.914240e-02	-1.011414e-03
3.916800e-02	-1.008889e-03
3.919360e-02	-1.004294e-03
3.921920e-02	-1.000893e-03
3.924480e-02	-9.959007e-04
3.927040e-02	-9.920411e-04
3.929600e-02	-9.868641e-04
3.932160e-02	-9.817757e-04
3.934720e-02	-9.762560e-04
3.937280e-02	-9.709698e-04
3.939840e-02	-9.654827e-04
3.942400e-02	-9.595732e-04
3.944960e-02	-9.527394e-04
3.947520e-02	-9.468189e-04
3.950080e-02	-9.394101e-04
3.952640e-02	-9.333567e-04
3.955200e-02	-9.255055e-04
3.957760e-02	-9.181320e-04
3.960320e-02	-9.101091e-04
3.962880e-02	-9.021384e-04
3.965440e-02	-8.941580e-04
3.968000e-02	-8.859656e-04
3.970560e-02	-8.770476e-04
3.973120e-02	-8.686349e-04
3.975680e-02	-8.587811e-04
3.978240e-02	-8.495319e-04
3.980800e-02	-8.394734e-04
3.983360e-02	-8.305419e-04
3.985920e-02	-8.202058e-04
3.988480e-02	-8.101856e-04
3.991040e-02	-7.989325e-04
3.993600e-02	-7.893155e-04
3.996160e-02	-7.782754e-04
3.998720e-02	-7.672335e-04
4.001280e-02	-7.556994e-04
4.003840e-02	-7.444804e-04
4.006400e-02	-7.328945e-04
4.008960e-02	-7.214036e-04
4.011520e-02	-7.091662e-04
4.014080e-02	-6.971370e-04
4.016640e-02	-6.847029e-04
4.019200e-02	-6.725721e-04
4.021760e-02	-6.592825e-04
4.024320e-02	-6.477130e-04
4.026880e-02	-6.335296e-04
4.029440e-02	-6.208667e-04
4.032000e-02	-6.074704e-04
4.034560e-02	-5.940361e-04
4.037120e-02	-5.803973e-04
4.039680e-02	-5.670566e-04
4.042240e-02	-5.529581e-04
4.044800e-02	-5.390489e-04
4.047360e-02	-5.249986e-04
4.049920e-02	-5.109924e-04
4.052480e-02	-4.961350e-04
4.055040e-02	-4.824102e-04
4.057600e-02	-4.671190e-04
4.060160e-02	-4.527381e-04
4.062720e-02	-4.378202e-04
4.065280e-02	-4.232888e-04
4.067840e-02	-4.077322e-04
4.070400e-02	-3.932310e-04
4.072960e-02	-3.774874e-04
4.075520e-02	-3.627447e-04
4.078080e-02	-3.471187e-04
4.080640e-02	-3.320469e-04
4.083200e-02	-3.159467e-04
4.085760e-02	-3.004212e-04
4.088320e-02	-2.848056e-04
4.090880e-02	-2.690679e-04
4.093440e-02	-2.530838e-04
4.096000e-02	-2.377810e-04
4.098560e-02	-2.213196e-04
4.101120e-02	-2.061605e-04
4.103680e-02	-1.896664e-04
4.106240e-02	-1.732859e-04
4.108800e-02	-1.574759e-04
4.111360e-02	-1.416652e-04
4.113920e-02	-1.249427e-04
4.116480e-02	-1.095253e-04
4.119040e-02	-9.251147e-05
4.121600e-02	-7.710995e-05
4.124160e-02	-6.015397e-05
4.126720e-02	-4.457571e-05
4.129280e-02	-2.839350e-05
4.131840e-02	-1.216716e-05
4.134400e-02	4.272083e-06
4.136960e-02	2.032428e-05
4.139520e-02	3.673295e-05
4.142080e-02	5.256272e-05
4.144640e-02	6.859393e-05
4.147200e-02	8.480195e-05
4.149760e-02	1.012628e-04
4.152320e-02	1.164874e-04
4.154880e-02	1.332122e-04
4.157440e-02	1.482842e-04
4.160000e-02	1.646963e-04
4.162560e-02	1.806036e-04
4.165120e-02	1.966034e-04
4.167680e-02	2.118726e-04
4.170240e-02	2.280295e-04
4.172800e-02	2.432242e-04
4.175360e-02	2.587411e-04
4.177920e-02	2.741742e-04
4.180480e-02	2.902384e-04
4.183040e-02	3.051866e-04
4.185600e-02	3.205890e-04
4.188160e-02	3.351266e-04
4.190720e-02	3.509229e-04
4.193280e-02	3.656881e-04
4.195840e-02	3.807509e-04
4.198400e-02	3.947362e-04
4.200960e-02	4.098534e-04
4.203520e-02	4.241407e-04
4.206080e-02	4.389304e-04
4.208640e-02	4.531257e-04
4.211200e-02	4.677396e-04
4.213760e-02	4.815000e-04
4.216320e-02	4.952741e-04
4.218880e-02	5.092039e-04
4.221440e-02	5.229425e-04
4.224000e-02	5.358980e-04
4.226560e-02	5.503707e-04
4.229120e-02	5.629666e-04
4.231680e-02	5.764414e-04
4.234240e-02	5.891307e-04
4.236800e-02	6.023534e-04
4.239360e-02	6.149783e-04
4.241920e-02	6.275783e-04
4.244480e-02	6.395083e-04
4.247040e-02	6.523011e-04
4.249600e-02	6.638037e-04
4.252160e-02	6.761416e-04
4.254720e-02	6.870455e-04
4.257280e-02	6.995673e-04
4.259840e-02	7.103889e-04
4.262400e-02	7.214280e-04
4.264960e-02	7.327027e-04
4.267520e-02	7.435171e-04
4.270080e-02	7.538951e-04
4.272640e-02	7.646195e-04
4.275200e-02	7.747426e-04
4.277760e-02	7.848276e-04
4.280320e-02	7.941498e-04
4.282880e-02	8.041275e-04
4.285440e-02	8.132831e-04
4.288000e-02	8.231486e-04
4.290560e-02	8.311783e-04
4.293120e-02	8.411095e-04
4.295680e-02	8.492933e-04
4.298240e-02	8.577115e-04
4.300800e-02	8.657093e-04
4.303360e-02	8.735631e-04
4.305920e-02	8.814150e-04
4.308480e-02	8.888283e-04
4.311040e-02	8.961143e-04
4.313600e-02	9.034931e-04
4.316160e-02	9.094566e-04
4.318720e-02	9.168177e-04
4.321280e-02	9.228128e-04
4.323840e-02	9.296318e-04
4.326400e-02	9.344507e-04
4.328960e-02	9.408368e-04
4.331520e-02	9.463080e-04
4.334080e-02	9.512618e-04
4.336640e-02	9.564245e-04
4.339200e-02	9.612032e-04
4.341760e-02	9.649936e-04
4.344320e-02	9.697891e-04
4.346880e-02	9.733328e-04
4.349440e-02	9.777670e-04
4.352000e-02	9.809746e-04
4.354560e-02	9.842612e-04
4.357120e-02	9.870221e-04
4.359680e-02	9.905418e-04
4.362240e-02	9.924881e-04
4.364800e-02	9.950389e-04
4.367360e-02	9.971292e-04
4.369920e-02	9.991284e-04
4.372480e-02	9.999607e-04
4.375040e-02	1.001787e-03
4.377600e-02	1.002798e-03
4.380160e-02	1.003609e-03
4.382720e-02	1.004182e-03
4.385280e-02	1.004216e-03
4.387840e-02	1.004359e-03
4.390400e-02	1.004368e-03
4.392960e-02	1.003753e-03
4.395520e-02	1.004011e-03
4.398080e-02	1.001714e-03
4.400640e-02	1.001532e-03
4.403200e-02	9.995264e-04
4.405760e-02	9.983351e-04
4.408320e-02	9.960099e-04
4.410880e-02	9.942878e-04
4.413440e-02	9.917102e-04
4.416000e-02	9.891627e-04
4.418560e-02	9.859502e-04
4.421120e-02	9.832159e-04
4.423680e-02	9.797305e-04
4.426240e-02	9.760865e-04
4.428800e-02	9.721004e-04
4.431360e-02	9.682571e-04
4.433920e-02	9.636838e-04
4.436480e-02	9.594035e-04
4.439040e-02	9.539769e-04
4.441600e-02	9.495977e-04
4.444160e-02	9.438083e-04
4.446720e-02	9.385266e-04
4.449280e-02	9.322338e-04
4.451840e-02	9.264795e-04
4.454400e-02	9.200304e-04
4.456960e-02	9.138678e-04
4.459520e-02	9.071421e-04
4.462080e-02	8.998383e-04
4.464640e-02	8.925842e-04
4.467200e-02	8.854840e-04
4.469760e-02	8.773989e-04
4.472320e-02	8.702853e-04
4.474880e-02	8.612997e-04
4.477440e-02	8.535777e-04
4.480000e-02	8.447530e-04
4.482560e-02	8.362939e-04
4.485120e-02	8.268346e-04
4.487680e-02	8.180709e-04
4.490240e-02	8.080405e-04
4.492800e-02	7.989295e-04
4.495360e-02	7.887418e-04
4.497920e-02	7.787719e-04
4.500480e-02	7.686515e-04
4.503040e-02	7.583610e-04
4.505600e-02	7.471860e-04
4.508160e-02	7.364998e-04
4.510720e-02	7.252942e-04
4.513280e-02	7.142994e-04
4.515840e-02	7.025257e-04
4.518400e-02	6.909834e-04
4.520960e-02	6.788810e-04
4.523520e-02	6.673470e-04
4.526080e-02	6.541988e-04
4.528640e-02	6.422419e-04
4.531200e-02	6.296447e-04
4.533760e-02	6.172422e-04
4.536320e-02	6.039651e-04
4.538880e-02	5.914264e-04
4.541440e-02	5.776173e-04
4.544000e-02	5.645247e-04
4.546560e-02	5.509443e-04
4.549120e-02	5.374473e-04
4.551680e-02	5.233886e-04
4.554240e-02	5.097600e-04
4.556800e-02	4.950253e-04
4.559360e-02	4.810023e-04
4.561920e-02	4.663839e-04
4.564480e-02	4.521003e-04
4.567040e-02	4.372169e-04
4.569600e-02	4.229643e-04
4.572160e-02	4.071109e-04
4.574720e-02	3.926283e-04
4.577280e-02	3.771433e-04
4.579840e-02	3.622042e-04
4.582400e-02	3.469663e-04
4.584960e-02	3.312175e-04
4.587520e-02	3.157835e-04
4.590080e-02	3.005350e-04
4.592640e-02	2.840386e-04
4.595200e-02	2.686606e-04
4.597760e-02	2.523699e-04
4.600320e-02	2.367526e-04
4.602880e-02	2.201866e-04
4.605440e-02	2.044863e-04
4.608000e-02	1.880231e-04
4.610560e-02	1.717822e-04
4.613120e-02	1.551881e-04
4.615680e-02	1.394357e-04
4.618240e-02	1.223995e-04
4.620800e-02	1.062265e-04
4.623360e-02	8.967697e-05
4.625920e-02	7.321843e-05
4.628480e-02	5.657725e-05
4.631040e-02	4.003393e-05
4.633600e-02	2.272445e-05
4.636160e-02	7.114087e-06
4.638720e-02	-1.037300e-05
4.641280e-02	-2.659682e-05
4.643840e-02	-4.357387e-05
4.646400e-02	-6.008202e-05
4.648960e-02	-7.662438e-05
4.651520e-02	-9.310320e-05
4.654080e-02	-1.102962e-04
4.656640e-02	-1.264661e-04
4.659200e-02	-1.433172e-04
4.661760e-02	-1.600377e-04
4.664320e-02	-1.762578e-04
4.666880e-02	-1.926327e-04
4.669440e-02	-2.096388e-04
4.672000e-02	-2.253402e-04
4.674560e-02	-2.421052e-04
4.677120e-02	-2.579406e-04
4.679680e-02	-2.746987e-04
4.682240e-02	-2.905060e-04
4.684800e-02	-3.071180e-04
4.687360e-02	-3.228107e-04
4.689920e-02	-3.388194e-04
4.692480e-02	-3.544619e-04
4.695040e-02	-3.707657e-04
4.697600e-02	-3.858845e-04
4.700160e-02	-4.018779e-04
4.702720e-02	-4.174874e-04
4.705280e-02	-4.323879e-04
4.707840e-02	-4.474565e-04
4.710400e-02	-4.635294e-04
4.712960e-02	-4.778383e-04
4.715520e-02	-4.932091e-04
4.718080e-02	-5.073841e-04
4.720640e-02	-5.225879e-04
4.723200e-02	-5.372038e-04
4.725760e-02	-5.514743e-04
4.728320e-02	-5.654383e-04
4.730880e-02	-5.798530e-04
4.733440e-02	-5.937379e-04
4.736000e-02	-6.079159e-04
4.738560e-02	-6.206173e-04
4.741120e-02	-6.346585e-04
4.743680e-02	-6.477011e-04
4.746240e-02	-6.610708e-04
4.748800e-02	-6.739637e-04
4.751360e-02	-6.865701e-04
4.753920e-02	-6.987817e-04
4.756480e-02	-7.119207e-04
4.759040e-02	-7.235801e-04
4.761600e-02	-7.361457e-04
4.764160e-02	-7.474636e-04
4.766720e-02	-7.594016e-04
4.769280e-02	-7.706459e-04
4.771840e-02	-7.819643e-04
4.774400e-02	-7.929254e-04
4.776960e-02	-8.039275e-04
4.779520e-02	-8.141079e-04
4.782080e-02	-8.248220e-04
4.784640e-02	-8.348763e-04
4.787200e-02	-8.448450e-04
4.789760e-02	-8.545470e-04
4.792320e-02	-8.644944e-04
4.794880e-02	-8.735331e-04
4.797440e-02	-8.825556e-04
4.800000e-02	-8.907166e-04
4.802560e-02	-9.000850e-04
4.805120e-02	-9.073570e-04
4.807680e-02	-9.160430e-04
4.810240e-02	-9.231344e-04
4.812800e-02	-9.312406e-04
4.815360e-02	-9.386893e-04
4.817920e-02	-9.453892e-04
4.820480e-02	-9.519096e-04
4.823040e-02	-9.583526e-04
4.825600e-02	-9.644126e-04
4.828160e-02	-9.706604e-04
4.830720e-02	-9.760018e-04
4.833280e-02	-9.820734e-04
4.835840e-02	-9.867559e-04
4.838400e-02	-9.915294e-04
4.840960e-02	-9.961159e-04
4.843520e-02	-1.000666e-03
4.846080e-02	-1.004338e-03
4.848640e-02	-1.008735e-03
4.851200e-02	-1.011133e-03
4.853760e-02	-1.015038e-03
4.856320e-02	-1.017449e-03
4.858880e-02	-1.020640e-03
4.861440e-02	-1.023368e-03
4.864000e-02	-1.025582e-03
4.866560e-02	-1.026814e-03
4.869120e-02	-1.028634e-03
4.871680e-02	-1.029785e-03
4.874240e-02	-1.030214e-03
4.876800e-02	-1.031317e-03
4.879360e-02	-1.031998e-03
4.881920e-02	-1.031819e-03
4.884480e-02	-1.032178e-03
4.887040e-02	-1.031171e-03
4.889600e-02	-1.031164e-03
4.892160e-02	-1.029394e-03
4.894720e-02	-1.028747e-03
4.897280e-02	-1.026746e-03
4.899840e-02	-1.025126e-03
4.902400e-02	-1.022868e-03
4.904960e-02	-1.021162e-03
4.907520e-02	-1.017862e-03
4.910080e-02	-1.015549e-03
4.912640e-02	-1.012142e-03
4.915200e-02	-1.008801e-03
4.917760e-02	-1.005108e-03
4.920320e-02	-1.000986e-03
4.922880e-02	-9.970488e-04
4.925440e-02	-9.924816e-04
4.928000e-02	-9.874825e-04
4.930560e-02	-9.827245e-04
4.933120e-02	-9.766899e-04
4.935680e-02	-9.718617e-04
4.938240e-02	-9.663454e-04
4.940800e-02	-9.604895e-04
4.943360e-02	-9.536996e-04
4.945920e-02	-9.473825e-04
4.948480e-02	-9.400240e-04
4.951040e-02	-9.338418e-04
4.953600e-02	-9.262836e-04
4.956160e-02	-9.192920e-04
4.958720e-02	-9.110638e-04
4.961280e-02	-9.033325e-04
4.963840e-02	-8.952640e-04
4.966400e-02	-8.864834e-04
4.968960e-02	-8.771777e-04
4.971520e-02	-8.693311e-04
4.974080e-02	-8.598402e-04
4.976640e-02	-8.507578e-04
4.979200e-02	-8.407587e-04
4.981760e-02	-8.316796e-04
4.984320e-02	-8.211939e-04
4.986880e-02	-8.108094e-04
4.989440e-02	-8.008925e-04
4.992000e-02	-7.900377e-04
4.994560e-02	-7.790138e-04
4.997120e-02	-7.687938e-04
4.999680e-02	-7.568612e-04
5.002240e-02	-7.458157e-04
5.004800e-02	-7.339109e-04
5.007360e-02	-7.225560e-04
5.009920e-02	-7.103462e-04
5.012480e-02	-6.986496e-04
5.015040e-02	-6.858126e-04
5.017600e-02	-6.739067e-04
5.020160e-02	-6.608785e-04
5.022720e-02	-6.480578e-04
5.025280e-02	-6.353939e-04
5.027840e-02	-6.221202e-04
5.030400e-02	-6.086096e-04
5.032960e-02	-5.958661e-04
5.035520e-02	-5.818633e-04
5.038080e-02	-5.683939e-04
5.040640e-02	-5.544366e-04
5.043200e-02	-5.411729e-04
5.045760e-02	-5.263849e-04
5.048320e-02	-5.124442e-04
5.050880e-02	-4.978361e-04
5.053440e-02	-4.832830e-04
5.056000e-02	-4.686535e-04
5.058560e-02	-4.543620e-04
5.061120e-02	-4.388547e-04
5.063680e-02	-4.245421e-04
5.066240e-02	-4.096307e-04
5.068800e-02	-3.944724e-04
5.071360e-02	-3.792004e-04
5.073920e-02	-3.639645e-04
5.076480e-02	-3.480803e-04
5.079040e-02	-3.332436e-04
5.081600e-02	-3.175271e-04
5.084160e-02	-3.025859e-04
5.086720e-02	-2.858798e-04
5.089280e-02	-2.708961e-04
5.091840e-02	-2.545112e-04
5.094400e-02	-2.387623e-04
5.096960e-02	-2.233710e-04
5.099520e-02	-2.070059e-04
5.102080e-02	-1.908247e-04
5.104640e-02	-1.751436e-04
5.107200e-02	-1.589772e-04
5.109760e-02	-1.431871e-04
5.112320e-02	-1.265684e-04
5.114880e-02	-1.111193e-04
5.117440e-02	-9.433738e-05
5.120000e-02	-7.865598e-05
5.122560e-02	-6.231812e-05
5.125120e-02	-4.629508e-05
5.127680e-02	-2.994750e-05
5.130240e-02	-1.402627e-05
5.132800e-02	2.492026e-06
5.135360e-02	1.877853e-05
5.137920e-02	3.488236e-05
5.140480e-02	5.078630e-05
5.143040e-02	6.732438e-05
5.145600e-02	8.294416e-05
5.148160e-02	9.957542e-05
5.150720e-02	1.150872e-04
5.153280e-02	1.315875e-04
5.155840e-02	1.470068e-04
5.158400e-02	1.634311e-04
5.160960e-02	1.787752e-04
5.163520e-02	1.953224e-04
5.166080e-02	2.106447e-04
5.168640e-02	2.262350e-04
5.171200e-02	2.419120e-04
5.173760e-02	2.576031e-04
5.176320e-02	2.729612e-04
5.178880e-02	2.882408e-04
5.181440e-02	3.038547e-04
5.184000e-02	3.191792e-04
5.186560e-02	3.339543e-04
5.189120e-02	3.492201e-04
5.191680e-02	3.639726e-04
5.194240e-02	3.789706e-04
5.196800e-02	3.932969e-04
5.199360e-02	4.089136e-04
5.201920e-02	4.226446e-04
5.204480e-02	4.377277e-04
5.207040e-02	4.518019e-04
5.209600e-02	4.662637e-04
5.212160e-02	4.800485e-04
5.214720e-02	4.944351e-04
5.217280e-02	5.077700e-04
5.219840e-02	5.216678e-04
5.222400e-02	5.354193e-04
5.224960e-02	5.486869e-04
5.227520e-02	5.620328e-04
5.230080e-02	5.758801e-04
5.232640e-02	5.879804e-04
5.235200e-02	6.008953e-04
5.237760e-02	6.140096e-04
5.240320e-02	6.263481e-04
5.242880e-02	6.383865e-04
5.245440e-02	6.511097e-04
5.248000e-02	6.626347e-04
5.250560e-02	6.753230e-04
5.253120e-02	6.864634e-04
5.255680e-02	6.981199e-04
5.258240e-02	7.092626e-04
5.260800e-02	7.210478e-04
5.263360e-02	7.312005e-04
5.265920e-02	7.428306e-04
5.268480e-02	7.531843e-04
5.271040e-02	7.633523e-04
5.273600e-02	7.740794e-04
5.276160e-02	7.838919e-04
5.278720e-02	7.934258e-04
5.281280e-02	8.035547e-04
5.283840e-02	8.121851e-04
5.286400e-02	8.219828e-04
5.288960e-02	8.311691e-04
5.291520e-02	8.398616e-04
5.294080e-02	8.483173e-04
5.296640e-02	8.569044e-04
5.299200e-02	8.648173e-04
5.301760e-02	8.732636e-04
5.304320e-02	8.802204e-04
5.306880e-02	8.883103e-04
5.309440e-02	8.956484e-04
5.312000e-02	9.028764e-04
5.314560e-02	9.093848e-04
5.317120e-02	9.163651e-04
5.319680e-02	9.220009e-04
5.322240e-02	9.289104e-04
5.324800e-02	9.345751e-04
5.327360e-02	9.402148e-04
5.329920e-02	9.458819e-04
5.332480e-02	9.512180e-04
5.335040e-02	9.559912e-04
5.337600e-02	9.609111e-04
5.340160e-02	9.650526e-04
5.342720e-02	9.696329e-04
5.345280e-02	9.734120e-04
5.347840e-02	9.775540e-04
5.350400e-02	9.805060e-04
5.352960e-02	9.840773e-04
5.355520e-02	9.872167e-04
5.358080e-02	9.904597e-04
5.360640e-02	9.921328e-04
5.363200e-02	9.949069e-04
5.365760e-02	9.967616e-04
5.368320e-02	9.989867e-04
5.370880e-02	1.000364e-03
5.373440e-02	1.002058e-03
5.376000e-02	1.002809e-03
5.378560e-02	1.003866e-03
5.381120e-02	1.004168e-03
5.383680e-02	1.004688e-03
5.386240e-02	1.004622e-03
5.388800e-02	1.004516e-03
5.391360e-02	1.004108e-03
5.393920e-02	1.003429e-03
5.396480e-02	1.002209e-03
5.399040e-02	1.001630e-03
5.401600e-02	9.999094e-04
5.404160e-02	9.984861e-04
5.406720e-02	9.965079e-04
5.409280e-02	9.948375e-04
5.411840e-02	9.914692e-04
5.414400e-02	9.895761e-04
5.416960e-02	9.866626e-04
5.419520e-02	9.836045e-04
5.422080e-02	9.802453e-04
5.424640e-02	9.765577e-04
5.427200e-02	9.728397e-04
5.429760e-02	9.688966e-04
5.432320e-02	9.640171e-04
5.434880e-02	9.599933e-04
5.437440e-02	9.546111e-04
5.440000e-02	9.503780e-04
5.442560e-02	9.446075e-04
5.445120e-02	9.393872e-04
5.447680e-02	9.330997e-04
5.450240e-02	9.272837e-04
5.452800e-02	9.212719e-04
5.455360e-02	9.145074e-04
5.457920e-02	9.075964e-04
5.460480e-02	9.010387e-04
5.463040e-02	8.937173e-04
5.465600e-02	8.864995e-04
5.468160e-02	8.784134e-04
5.470720e-02	8.711047e-04
5.473280e-02	8.626412e-04
5.475840e-02	8.543642e-04
5.478400e-02	8.455956e-04
5.480960e-02	8.373539e-04
5.483520e-02	8.275839e-04
5.486080e-02	8.192356e-04
5.488640e-02	8.095516e-04
5.491200e-02	7.998062e-04
5.493760e-02	7.898837e-04
5.496320e-02	7.796365e-04
5.498880e-02	7.695792e-04
5.501440e-02	7.593090e-04
5.504000e-02	7.481886e-04
5.506560e-02	7.376519e-04
5.509120e-02	7.263951e-04
5.511680e-02	7.153148e-04
5.514240e-02	7.038986e-04
5.516800e-02	6.927067e-04
5.519360e-02	6.802144e-04
5.521920e-02	6.686383e-04
5.524480e-02	6.556228e-04
5.527040e-02	6.440681e-04
5.529600e-02	6.313099e-04
5.532160e-02	6.186072e-04
5.534720e-02	6.055675e-04
5.537280e-02	5.924260e-04
5.539840e-02	5.791244e-04
5.542400e-02	5.661079e-04
5.544960e-02	5.520008e-04
5.547520e-02	5.385049e-04
5.550080e-02	5.247994e-04
5.552640e-02	5.113610e-04
5.555200e-02	4.965311e-04
5.557760e-02	4.824347e-04
5.560320e-02	4.676486e-04
5.562880e-02	4.535206e-04
5.565440e-02	4.389001e-04
5.568000e-02	4.241526e-04
5.570560e-02	4.089705e-04
5.573120e-02	3.940930e-04
5.575680e-02	3.789344e-04
5.578240e-02	3.642397e-04
5.580800e-02	3.485131e-04
5.583360e-02	3.332656e-04
5.585920e-02	3.172613e-04
5.588480e-02	3.020532e-04
5.591040e-02	2.856785e-04
5.593600e-02	2.702318e-04
5.596160e-02	2.541521e-04
5.598720e-02	2.383597e-04
5.601280e-02	2.224952e-04
5.603840e-02	2.060022e-04
5.606400e-02	1.894922e-04
5.608960e-02	1.737461e-04
5.611520e-02	1.567848e-04
5.614080e-02	1.409908e-04
5.616640e-02	1.239810e-04
5.619200e-02	1.079922e-04
5.621760e-02	9.098480e-05
5.624320e-02	7.478332e-05
5.626880e-02	5.827436e-05
5.629440e-02	4.136748e-05
5.632000e-02	2.514286e-05
5.634560e-02	8.459263e-06
5.637120e-02	-8.383136e-06
5.639680e-02	-2.505778e-05
5.642240e-02	-4.207296e-05
5.644800e-02	-5.783995e-05
5.647360e-02	-7.552338e-05
5.649920e-02	-9.165696e-05
5.652480e-02	-1.085193e-04
5.655040e-02	-1.245608e-04
5.657600e-02	-1.415546e-04
5.660160e-02	-1.580284e-04
5.662720e-02	-1.747603e-04
5.665280e-02	-1.910419e-04
5.667840e-02	-2.075989e-04
5.670400e-02	-2.239350e-04
5.672960e-02	-2.402726e-04
5.675520e-02	-2.560968e-04
5.678080e-02	-2.727951e-04
5.680640e-02	-2.889941e-04
5.683200e-02	-3.055725e-04
5.685760e-02	-3.212212e-04
5.688320e-02	-3.374188e-04
5.690880e-02	-3.527865e-04
5.693440e-02	-3.687850e-04
5.696000e-02	-3.842390e-04
5.698560e-02	-4.000039e-04
5.701120e-02	-4.155126e-04
5.703680e-02	-4.312235e-04
5.706240e-02	-4.458351e-04
5.708800e-02	-4.617008e-04
5.711360e-02	-4.765152e-04
5.713920e-02	-4.914136e-04
5.716480e-02	-5.066874e-04
5.719040e-02	-5.210167e-04
5.721600e-02	-5.349604e-04
5.724160e-02	-5.502217e-04
5.726720e-02	-5.640937e-04
5.729280e-02	-5.783838e-04
5.731840e-02	-5.919541e-04
5.734400e-02	-6.061735e-04
5.736960e-02	-6.194922e-04
5.739520e-02	-6.334591e-04
5.742080e-02	-6.461446e-04
5.744640e-02	-6.595161e-04
5.747200e-02	-6.724571e-04
5.749760e-02	-6.856566e-04
5.752320e-02	-6.980704e-04
5.754880e-02	-7.104416e-04
5.757440e-02	-7.224180e-04
5.760000e-02	-7.348431e-04
5.762560e-02	-7.465037e-04
5.765120e-02	-7.581877e-04
5.767680e-02	-7.694644e-04
5.770240e-02	-7.807607e-04
5.772800e-02	-7.918667e-04
5.775360e-02	-8.028334e-04
5.777920e-02	-8.130719e-04
5.780480e-02	-8.241087e-04
5.783040e-02	-8.333817e-04
5.785600e-02	-8.437989e-04
5.788160e-02	-8.532831e-04
5.790720e-02	-8.633112e-04
5.793280e-02	-8.721831e-04
5.795840e-02	-8.812430e-04
5.798400e-02	-8.900205e-04
5.800960e-02	-8.987013e-04
5.803520e-02	-9.070375e-04
5.806080e-02	-9.150360e-04
5.808640e-02	-9.225195e-04
5.811200e-02	-9.301534e-04
5.813760e-02	-9.373397e-04
5.816320e-02	-9.448074e-04
5.818880e-02	-9.507983e-04
5.821440e-02	-9.578193e-04
5.824000e-02	-9.633939e-04
5.826560e-02	-9.702226e-04
5.829120e-02	-9.756050e-04
5.831680e-02	-9.813508e-04
5.834240e-02	-9.861930e-04
5.836800e-02	-9.909159e-04
5.839360e-02	-9.959262e-04
5.841920e-02	-9.997989e-04
5.844480e-02	-1.003557e-03
5.847040e-02	-1.007945e-03
5.849600e-02	-1.011532e-03
5.852160e-02	-1.014964e-03
5.854720e-02	-1.017448e-03
5.857280e-02	-1.020700e-03
5.859840e-02	-1.022479e-03
5.862400e-02	-1.024759e-03
5.864960e-02	-1.026733e-03
5.867520e-02	-1.028918e-03
5.870080e-02	-1.029329e-03
5.872640e-02	-1.030816e-03
5.875200e-02	-1.031187e-03
5.877760e-02	-1.031679e-03
5.880320e-02	-1.031877e-03
5.882880e-02	-1.031727e-03
5.885440e-02	-1.031274e-03
5.888000e-02	-1.031013e-03
5.890560e-02	-1.029682e-03
5.893120e-02	-1.028737e-03
5.895680e-02	-1.027198e-03
5.898240e-02	-1.025929e-03
5.900800e-02	-1.023174e-03
5.903360e-02	-1.021324e-03
5.905920e-02	-1.018853e-03
5.908480e-02	-1.015921e-03
5.911040e-02	-1.012822e-03
5.913600e-02	-1.009400e-03
5.916160e-02	-1.005403e-03
5.918720e-02	-1.001926e-03
5.921280e-02	-9.970679e-04
5.923840e-02	-9.934191e-04
5.926400e-02	-9.882553e-04
5.928960e-02	-9.834016e-04
5.931520e-02	-9.779417e-04
5.934080e-02	-9.723268e-04
5.936640e-02	-9.669343e-04
5.939200e-02	-9.609626e-04
5.941760e-02	-9.541925e-04
5.944320e-02	-9.482470e-04
5.946880e-02	-9.413850e-04
5.949440e-02	-9.347940e-04
5.952000e-02	-9.269493e-04
5.954560e-02	-9.198984e-04
5.957120e-02	-9.118604e-04
5.959680e-02	-9.042343e-04
5.962240e-02	-8.959144e-04
5.964800e-02	-8.875739e-04
5.967360e-02	-8.786260e-04
5.969920e-02	-8.699920e-04
5.972480e-02	-8.604664e-04
5.975040e-02	-8.517696e-04
5.977600e-02	-8.422020e-04
5.980160e-02	-8.324530e-04
5.982720e-02	-8.221940e-04
5.985280e-02	-8.121215e-04
5.987840e-02	-8.015420e-04
5.990400e-02	-7.914371e-04
5.992960e-02	-7.801992e-04
5.995520e-02	-7.694628e-04
5.998080e-02	-7.582233e-04
6.000640e-02	-7.469394e-04
6.003200e-02	-7.351734e-04
6.005760e-02	-7.236685e-04
6.008320e-02	-7.117359e-04
6.010880e-02	-6.995815e-04
6.013440e-02	-6.872577e-04
6.016000e-02	-6.754209e-04
6.018560e-02	-6.618962e-04
6.021120e-02	-6.498827e-04
6.023680e-02	-6.363768e-04
6.026240e-02	-6.235124e-04
6.028800e-02	-6.104754e-04
6.031360e-02	-5.967972e-04
6.033920e-02	-5.832163e-04
6.036480e-02	-5.700678e-04
6.039040e-02	-5.557406e-04
6.041600e-02	-5.422288e-04
6.044160e-02	-5.279582e-04
6.046720e-02	-5.139838e-04
6.049280e-02	-4.988153e-04
6.051840e-02	-4.852754e-04
6.054400e-02	-4.704254e-04
6.056960e-02	-4.556593e-04
6.059520e-02	-4.412064e-04
6.062080e-02	-4.257870e-04
6.064640e-02	-4.108954e-04
6.067200e-02	-3.958596e-04
6.069760e-02	-3.799405e-04
6.072320e-02	-3.656422e-04
6.074880e-02	-3.500256e-04
6.077440e-02	-3.345591e-04
6.080000e-02	-3.191842e-04
6.082560e-02	-3.039886e-04
6.085120e-02	-2.879451e-04
6.087680e-02	-2.722773e-04
6.090240e-02	-2.562971e-04
6.092800e-02	-2.408583e-04
6.095360e-02	-2.246284e-04
6.097920e-02	-2.090461e-04
6.100480e-02	-1.925788e-04
6.103040e-02	-1.770181e-04
6.105600e-02	-1.605464e-04
6.108160e-02	-1.448050e-04
6.110720e-02	-1.279695e-04
6.113280e-02	-1.124636e-04
6.115840e-02	-9.630404e-05
6.118400e-02	-8.005027e-05
6.120960e-02	-6.393176e-05
6.123520e-02	-4.752549e-05
6.126080e-02	-3.155162e-05
6.128640e-02	-1.513093e-05
6.131200e-02	1.121936e-06
6.133760e-02	1.663350e-05
6.136320e-02	3.382355e-05
6.138880e-02	4.938044e-05
6.141440e-02	6.575929e-05
6.144000e-02	8.134171e-05
6.146560e-02	9.791077e-05
6.149120e-02	1.135489e-04
6.151680e-02	1.295661e-04
6.154240e-02	1.456204e-04
6.156800e-02	1.616674e-04
6.159360e-02	1.772242e-04
6.161920e-02	1.932804e-04
6.164480e-02	2.088160e-04
6.167040e-02	2.247823e-04
6.169600e-02	2.402558e-04
6.172160e-02	2.561471e-04
6.174720e-02	2.712597e-04
6.177280e-02	2.868076e-04
6.179840e-02	3.022255e-04
6.182400e-02	3.177079e-04
6.184960e-02	3.323721e-04
6.187520e-02	3.477643e-04
6.190080e-02	3.622926e-04
6.192640e-02	3.776666e-04
6.195200e-02	3.921211e-04
6.197760e-02	4.070021e-04
6.200320e-02	4.213362e-04
6.202880e-02	4.359542e-04
6.205440e-02	4.505542e-04
6.208000e-02	4.645225e-04
6.210560e-02	4.783402e-04
6.213120e-02	4.929596e-04
6.215680e-02	5.063715e-04
6.218240e-02	5.204264e-04
6.220800e-02	5.335903e-04
6.223360e-02	5.475452e-04
6.225920e-02	5.603250e-04
6.228480e-02	5.737369e-04
6.231040e-02	5.866537e-04
6.233600e-02	5.999171e-04
6.236160e-02	6.123963e-04
6.238720e-02	6.250003e-04
6.241280e-02	6.373864e-04
6.243840e-02	6.497058e-04
6.246400e-02	6.619647e-04
6.248960e-02	6.740619e-04
6.251520e-02	6.853699e-04
6.254080e-02	6.975164e-04
6.256640e-02	7.079013e-04
6.259200e-02	7.196082e-04
6.261760e-02	7.304632e-04
6.264320e-02	7.414640e-04
6.266880e-02	7.520835e-04
6.269440e-02	7.623261e-04
6.272000e-02	7.727719e-04
6.274560e-02	7.830391e-04
6.277120e-02	7.926780e-04
6.279680e-02	8.027712e-04
6.282240e-02	8.118163e-04
6.284800e-02	8.215313e-04
6.287360e-02	8.302759e-04
6.289920e-02	8.394769e-04
6.292480e-02	8.474572e-04
6.295040e-02	8.563452e-04
6.297600e-02	8.642479e-04
6.300160e-02	8.720367e-04
6.302720e-02	8.801029e-04
6.305280e-02	8.877543e-04
6.307840e-02	8.947101e-04
6.310400e-02	9.024268e-04
6.312960e-02	9.086411e-04
6.315520e-02	9.160013e-04
6.318080e-02	9.221613e-04
6.320640e-02	9.281105e-04
6.323200e-02	9.342706e-04
6.325760e-02	9.397926e-04
6.328320e-02	9.449272e-04
6.330880e-02	9.507799e-04
6.333440e-02	9.552613e-04
6.336000e-02	9.603300e-04
6.338560e-02	9.646075e-04
6.341120e-02	9.689486e-04
6.343680e-02	9.731723e-04
6.346240e-02	9.770526e-04
6.348800e-02	9.804227e-04
6.351360e-02	9.840308e-04
6.353920e-02	9.868866e-04
6.356480e-02	9.900496e-04
6.359040e-02	9.918784e-04
6.361600e-02	9.947558e-04
6.364160e-02	9.963267e-04
6.366720e-02	9.986490e-04
6.369280e-02	1.000385e-03
6.371840e-02	1.001685e-03
6.374400e-02	1.002741e-03
6.376960e-02	1.003776e-03
6.379520e-02	1.004214e-03
6.382080e-02	1.004915e-03
6.384640e-02	1.004243e-03
6.387200e-02	1.004852e-03
6.389760e-02	1.004189e-03
6.392320e-02	1.003809e-03
6.394880e-02	1.002870e-03
6.397440e-02	1.001440e-03
6.400000e-02	1.000100e-03
6.402560e-02	9.989260e-04
6.405120e-02	9.968142e-04
6.407680e-02	9.949805e-04
6.410240e-02	9.922219e-04
6.412800e-02	9.898862e-04
6.415360e-02	9.867992e-04
6.417920e-02	9.841123e-04
6.420480e-02	9.802112e-04
6.423040e-02	9.772662e-04
6.425600e-02	9.734140e-04
6.428160e-02	9.690917e-04
6.430720e-02	9.648411e-04
6.433280e-02	9.604444e-04
6.435840e-02	9.555713e-04
6.438400e-02	9.505839e-04
6.440960e-02	9.447345e-04
6.443520e-02	9.395776e-04
6.446080e-02	9.342278e-04
6.448640e-02	9.282755e-04
6.451200e-02	9.214738e-04
6.453760e-02	9.155659e-04
6.456320e-02	9.083134e-04
6.458880e-02	9.015115e-04
6.461440e-02	8.942824e-04
6.464000e-02	8.875553e-04
6.466560e-02	8.790609e-04
6.469120e-02	8.717591e-04
6.471680e-02	8.635386e-04
6.474240e-02	8.557098e-04
6.476800e-02	8.468458e-04
6.479360e-02	8.380645e-04
6.481920e-02	8.289896e-04
6.484480e-02	8.199346e-04
6.487040e-02	8.103116e-04
6.489600e-02	8.008107e-04
6.492160e-02	7.910495e-04
6.494720e-02	7.809295e-04
6.497280e-02	7.707825e-04
6.499840e-02	7.601842e-04
6.502400e-02	7.494352e-04
6.504960e-02	7.389268e-04
6.507520e-02	7.273841e-04
6.510080e-02	7.167750e-04
6.512640e-02	7.045801e-04
6.515200e-02	6.935923e-04
6.517760e-02	6.814638e-04
6.520320e-02	6.694956e-04
6.522880e-02	6.571771e-04
6.525440e-02	6.450566e-04
6.528000e-02	6.323245e-04
6.530560e-02	6.198771e-04
6.533120e-02	6.065840e-04
6.535680e-02	5.937777e-04
6.538240e-02	5.803781e-04
6.540800e-02	5.674252e-04
6.543360e-02	5.535815e-04
6.545920e-02	5.400777e-04
6.548480e-02	5.261864e-04
6.551040e-02	5.121726e-04
6.553600e-02	4.980960e-04
6.556160e-02	4.841940e-04
6.558720e-02	4.693975e-04
6.561280e-02	4.550363e-04
6.563840e-02	4.401020e-04
6.566400e-02	4.255438e-04
6.568960e-02	4.103527e-04
6.571520e-02	3.956018e-04
6.574080e-02	3.802881e-04
6.576640e-02	3.654429e-04
6.579200e-02	3.495468e-04
6.581760e-02	3.343041e-04
6.584320e-02	3.188969e-04
6.586880e-02	3.034195e-04
6.589440e-02	2.873169e-04
6.592000e-02	2.716020e-04
6.594560e-02	2.553111e-04
6.597120e-02	2.397747e-04
6.599680e-02	2.235905e-04
6.602240e-02	2.073782e-04
6.604800e-02	1.909042e-04
6.607360e-02	1.748562e-04
6.609920e-02	1.580702e-04
6.612480e-02	1.424968e-04
6.615040e-02	1.253945e-04
6.617600e-02	1.095234e-04
6.620160e-02	9.271792e-05
6.622720e-02	7.584583e-05
6.625280e-02	5.982695e-05
6.627840e-02	4.340737e-05
6.630400e-02	2.643495e-05
6.632960e-02	9.895421e-06
6.635520e-02	-6.550620e-06
6.638080e-02	-2.357581e-05
6.640640e-02	-4.034665e-05
6.643200e-02	-5.664547e-05
6.645760e-02	-7.425186e-05
6.648320e-02	-8.990888e-05
6.650880e-02	-1.070495e-04
6.653440e-02	-1.233657e-04
6.656000e-02	-1.402823e-04
6.658560e-02	-1.565332e-04
6.661120e-02	-1.732465e-04
6.663680e-02	-1.894858e-04
6.666240e-02	-2.063865e-04
6.668800e-02	-2.223396e-04
6.671360e-02	-2.389044e-04
6.673920e-02	-2.552117e-04
6.676480e-02	-2.711385e-04
6.679040e-02	-2.876977e-04
6.681600e-02	-3.039300e-04
6.684160e-02	-3.197404e-04
6.686720e-02	-3.359976e-04
6.689280e-02	-3.512908e-04
6.691840e-02	-3.673695e-04
6.694400e-02	-3.829176e-04
6.696960e-02	-3.987795e-04
6.699520e-02	-4.138370e-04
6.702080e-02	-4.299539e-04
6.704640e-02	-4.445033e-04
6.707200e-02	-4.600588e-04
6.709760e-02	-4.752337e-04
6.712320e-02	-4.900143e-04
6.714880e-02	-5.048993e-04
6.717440e-02	-5.197312e-04
6.720000e-02	-5.345015e-04
6.722560e-02	-5.489190e-04
6.725120e-02	-5.629177e-04
6.727680e-02	-5.773201e-04
6.730240e-02	-5.907560e-04
6.732800e-02	-6.052054e-04
6.735360e-02	-6.182644e-04
6.737920e-02	-6.320473e-04
6.740480e-02	-6.448243e-04
6.743040e-02	-6.586281e-04
6.745600e-02	-6.716368e-04
6.748160e-02	-6.844116e-04
6.750720e-02	-6.966375e-04
6.753280e-02	-7.094379e-04
6.755840e-02	-7.215742e-04
6.758400e-02	-7.333743e-04
6.760960e-02	-7.456170e-04
6.763520e-02	-7.571370e-04
6.766080e-02	-7.681525e-04
6.768640e-02	-7.800913e-04
6.771200e-02	-7.909148e-04
6.773760e-02	-8.017400e-04
6.776320e-02	-8.122346e-04
6.778880e-02	-8.231318e-04
6.781440e-02	-8.329697e-04
6.784000e-02	-8.433304e-04
6.786560e-02	-8.526132e-04
6.789120e-02	-8.625502e-04
6.791680e-02	-8.714289e-04
6.794240e-02	-8.810954e-04
6.796800e-02	-8.892871e-04
6.799360e-02	-8.980361e-04
6.801920e-02	-9.066052e-04
6.804480e-02	-9.140886e-04
6.807040e-02	-9.218693e-04
6.809600e-02	-9.295834e-04
6.812160e-02	-9.365270e-04
6.814720e-02	-9.439575e-04
6.817280e-02	-9.505096e-04
6.819840e-02	-9.575111e-04
6.822400e-02	-9.629300e-04
6.824960e-02	-9.693033e-04
6.827520e-02	-9.752405e-04
6.830080e-02	-9.803878e-04
6.832640e-02	-9.855994e-04
6.835200e-02	-9.907361e-04
6.837760e-02	-9.951355e-04
6.840320e-02	-1.000011e-03
6.842880e-02	-1.003832e-03
6.845440e-02	-1.007838e-03
6.848000e-02	-1.010778e-03
6.850560e-02	-1.014776e-03
6.853120e-02	-1.017434e-03
6.855680e-02	-1.020144e-03
6.858240e-02	-1.022624e-03
6.860800e-02	-1.025050e-03
6.863360e-02	-1.026727e-03
6.865920e-02	-1.028217e-03
6.868480e-02	-1.029583e-03
6.871040e-02	-1.030744e-03
6.873600e-02	-1.031141e-03
6.876160e-02	-1.032027e-03
6.878720e-02	-1.031878e-03
6.881280e-02	-1.031738e-03
6.883840e-02	-1.031184e-03
6.886400e-02	-1.031129e-03
6.888960e-02	-1.029792e-03
6.891520e-02	-1.029144e-03
6.894080e-02	-1.027062e-03
6.896640e-02	-1.025778e-03
6.899200e-02	-1.023768e-03
6.901760e-02	-1.021794e-03
6.904320e-02	-1.018675e-03
6.906880e-02	-1.016014e-03
6.909440e-02	-1.012822e-03
6.912000e-02	-1.009529e-03
6.914560e-02	-1.006034e-03
6.917120e-02	-1.002111e-03
6.919680e-02	-9.979872e-04
6.922240e-02	-9.935965e-04
6.924800e-02	-9.889267e-04
6.927360e-02	-9.837971e-04
6.929920e-02	-9.784031e-04
6.932480e-02	-9.733503e-04
6.935040e-02	-9.668410e-04
6.937600e-02	-9.618081e-04
6.940160e-02	-9.547409e-04
6.942720e-02	-9.491147e-04
6.945280e-02	-9.424897e-04
6.947840e-02	-9.350515e-04
6.950400e-02	-9.277721e-04
6.952960e-02	-9.204129e-04
6.955520e-02	-9.128002e-04
6.958080e-02	-9.049437e-04
6.960640e-02	-8.966051e-04
6.963200e-02	-8.887190e-04
6.965760e-02	-8.798900e-04
6.968320e-02	-8.707707e-04
6.970880e-02	-8.615482e-04
6.973440e-02	-8.528609e-04
6.976000e-02	-8.424178e-04
6.978560e-02	-8.334867e-04
6.981120e-02	-8.233095e-04
6.983680e-02	-8.130361e-04
6.986240e-02	-8.024898e-04
6.988800e-02	-7.924578e-04
6.991360e-02	-7.815682e-04
6.993920e-02	-7.703898e-04
6.996480e-02	-7.591987e-04
6.999040e-02	-7.479291e-04
7.001600e-02	-7.363143e-04
7.004160e-02	-7.250600e-04
7.006720e-02	-7.127476e-04
7.009280e-02	-7.009679e-04
7.011840e-02	-6.885900e-04
7.014400e-02	-6.759567e-04
7.016960e-02	-6.633112e-04
7.019520e-02	-6.511576e-04
7.022080e-02	-6.376062e-04
7.024640e-02	-6.248996e-04
7.027200e-02	-6.118426e-04
7.029760e-02	-5.983908e-04
7.032320e-02	-5.843420e-04
7.034880e-02	-5.711894e-04
7.037440e-02	-5.568992e-04
7.040000e-02	-5.437213e-04
7.042560e-02	-5.293445e-04
7.045120e-02	-5.152048e-04
7.047680e-02	-5.006472e-04
7.050240e-02	-4.864187e-04
7.052800e-02	-4.718635e-04
7.055360e-02	-4.567013e-04
7.057920e-02	-4.422823e-04
7.060480e-02	-4.275305e-04
7.063040e-02	-4.121133e-04
7.065600e-02	-3.975123e-04
7.068160e-02	-3.818040e-04
7.070720e-02	-3.672723e-04
7.073280e-02	-3.516458e-04
7.075840e-02	-3.359046e-04
7.078400e-02	-3.207815e-04
7.080960e-02	-3.054316e-04
7.083520e-02	-2.889652e-04
7.086080e-02	-2.739867e-04
7.088640e-02	-2.575960e-04
7.091200e-02	-2.420591e-04
7.093760e-02	-2.259228e-04
7.096320e-02	-2.103984e-04
7.098880e-02	-1.946060e-04
7.101440e-02	-1.782560e-04
7.104000e-02	-1.619809e-04
7.106560e-02	-1.463133e-04
7.109120e-02	-1.300792e-04
7.111680e-02	-1.137403e-04
7.114240e-02	-9.768335e-05
7.116800e-02	-8.178432e-05
7.119360e-02	-6.530034e-05
7.121920e-02	-4.942498e-05
7.124480e-02	-3.265715e-05
7.127040e-02	-1.711631e-05
7.129600e-02	-2.469050e-07
7.132160e-02	1.550516e-05
7.134720e-02	3.195876e-05
7.137280e-02	4.804963e-05
7.139840e-02	6.386303e-05
7.142400e-02	7.963118e-05
7.144960e-02	9.627079e-05
7.147520e-02	1.121567e-04
7.150080e-02	1.281653e-04
7.152640e-02	1.438993e-04
7.155200e-02	1.600219e-04
7.157760e-02	1.755630e-04
7.160320e-02	1.918054e-04
7.162880e-02	2.079269e-04
7.165440e-02	2.234805e-04
7.168000e-02	2.388033e-04
7.170560e-02	2.545272e-04
7.173120e-02	2.698218e-04
7.175680e-02	2.854236e-04
7.178240e-02	3.004673e-04
7.180800e-02	3.162149e-04
7.183360e-02	3.310132e-04
7.185920e-02	3.463432e-04
7.188480e-02	3.607686e-04
7.191040e-02	3.763446e-04
7.193600e-02	3.908963e-04
7.196160e-02	4.054742e-04
7.198720e-02	4.201554e-04
7.201280e-02	4.349253e-04
7.203840e-02	4.489947e-04
7.206400e-02	4.633557e-04
7.208960e-02	4.771344e-04
7.211520e-02	4.912882e-04
7.214080e-02	5.054950e-04
7.216640e-02	5.191425e-04
7.219200e-02	5.326741e-04
7.221760e-02	5.465144e-04
7.224320e-02	5.592990e-04
7.226880e-02	5.731363e-04
7.229440e-02	5.853571e-04
7.232000e-02	5.986034e-04
7.234560e-02	6.110193e-04
7.237120e-02	6.239538e-04
7.239680e-02	6.361133e-04
7.242240e-02	6.483991e-04
7.244800e-02	6.608604e-04
7.247360e-02	6.725462e-04
7.249920e-02	6.841548e-04
7.252480e-02	6.961886e-04
7.255040e-02	7.074761e-04
7.257600e-02	7.185191e-04
7.260160e-02	7.292441e-04
7.262720e-02	7.407522e-04
7.265280e-02	7.509317e-04
7.267840e-02	7.617722e-04
7.270400e-02	7.717442e-04
7.272960e-02	7.820800e-04
7.275520e-02	7.919464e-04
7.278080e-02	8.014321e-04
7.280640e-02	8.109261e-04
7.283200e-02	8.203774e-04
7.285760e-02	8.289891e-04
7.288320e-02	8.387914e-04
7.290880e-02	8.467674e-04
7.293440e-02	8.557485e-04
7.296000e-02	8.636208e-04
7.298560e-02	8.713899e-04
7.301120e-02	8.797272e-04
7.303680e-02	8.869348e-04
7.306240e-02	8.941133e-04
7.308800e-02	9.016286e-04
7.311360e-02	9.079782e-04
7.313920e-02	9.152461e-04
7.316480e-02	9.213276e-04
7.319040e-02	9.277778e-04
7.321600e-02	9.334893e-04
7.324160e-02	9.392944e-04
7.326720e-02	9.444146e-04
7.329280e-02	9.502308e-04
7.331840e-02	9.547618e-04
7.334400e-02	9.593675e-04
7.336960e-02	9.640952e-04
7.339520e-02	9.687514e-04
7.342080e-02	9.724808e-04
7.344640e-02	9.764609e-04
7.347200e-02	9.803887e-04
7.349760e-02	9.832381e-04
7.352320e-02	9.861133e-04
7.354880e-02	9.897253e-04
7.357440e-02	9.917719e-04
7.360000e-02	9.945716e-04
7.362560e-02	9.962498e-04
7.365120e-02	9.984344e-04
7.367680e-02	1.000293e-03
7.370240e-02	1.001608e-03
7.372800e-02	1.002200e-03
7.375360e-02	1.003585e-03
7.377920e-02	1.003634e-03
7.380480e-02	1.004794e-03
7.383040e-02	1.004804e-03
7.385600e-02	1.004619e-03
7.388160e-02	1.004159e-03
7.390720e-02	1.004031e-03
7.393280e-02	1.003074e-03
7.395840e-02	1.001662e-03
7.398400e-02	1.000354e-03
7.400960e-02	9.987846e-04
7.403520e-02	9.967462e-04
7.406080e-02	9.952059e-04
7.408640e-02	9.923993e-04
7.411200e-02	9.903504e-04
7.413760e-02	9.869266e-04
7.416320e-02	9.840461e-04
7.418880e-02	9.808006e-04
7.421440e-02	9.773842e-04
7.424000e-02	9.735971e-04
7.426560e-02	9.694793e-04
7.429120e-02	9.652566e-04
7.431680e-02	9.609071e-04
7.434240e-02	9.558843e-04
7.436800e-02	9.510755e-04
7.439360e-02	9.455585e-04
7.441920e-02	9.403923e-04
7.444480e-02	9.342433e-04
7.447040e-02	9.287216e-04
7.449600e-02	9.220554e-04
7.452160e-02	9.158944e-04
7.454720e-02	9.090847e-04
7.457280e-02	9.026054e-04
7.459840e-02	8.953265e-04
7.462400e-02	8.880207e-04
7.464960e-02	8.800766e-04
7.467520e-02	8.725750e-04
7.470080e-02	8.643608e-04
7.472640e-02	8.562846e-04
7.475200e-02	8.475779e-04
7.477760e-02	8.387947e-04
7.480320e-02	8.299518e-04
7.482880e-02	8.209775e-04
7.485440e-02	8.110859e-04
7.488000e-02	8.018668e-04
7.490560e-02	7.916920e-04
7.493120e-02	7.822177e-04
7.495680e-02	7.718527e-04
7.498240e-02	7.613060e-04
7.500800e-02	7.504193e-04
7.503360e-02	7.397266e-04
7.505920e-02	7.288283e-04
7.508480e-02	7.179160e-04
7.511040e-02	7.059559e-04
7.513600e-02	6.945695e-04
7.516160e-02	6.827948e-04
7.518720e-02	6.710044e-04
7.521280e-02	6.584332e-04
7.523840e-02	6.465846e-04
7.526400e-02	6.335170e-04
7.528960e-02	6.209791e-04
7.531520e-02	6.079282e-04
7.534080e-02	5.949863e-04
7.536640e-02	5.818164e-04
7.539200e-02	5.686778e-04
7.541760e-02	5.552619e-04
7.544320e-02	5.416097e-04
7.546880e-02	5.272568e-04
7.549440e-02	5.136718e-04
7.552000e-02	4.996771e-04
7.554560e-02	4.856547e-04
7.557120e-02	4.705200e-04
7.559680e-02	4.564871e-04
7.562240e-02	4.418211e-04
7.564800e-02	4.271947e-04
7.567360e-02	4.121080e-04
7.569920e-02	3.969350e-04
7.572480e-02	3.819062e-04
7.575040e-02	3.672136e-04
7.577600e-02	3.511778e-04
7.580160e-02	3.359024e-04
7.582720e-02	3.204356e-04
7.585280e-02	3.046430e-04
7.587840e-02	2.885030e-04
7.590400e-02	2.732239e-04
7.592960e-02	2.572007e-04
7.595520e-02	2.410840e-04
7.598080e-02	2.248800e-04
7.600640e-02	2.095123e-04
7.603200e-02	1.927208e-04
7.605760e-02	1.772945e-04
7.608320e-02	1.603797e-04
7.610880e-02	1.437564e-04
7.613440e-02	1.277883e-04
7.616000e-02	1.114087e-04
7.618560e-02	9.481674e-05
7.621120e-02	7.773687e-05
7.623680e-02	6.121322e-05
7.626240e-02	4.491814e-05
7.628800e-02	2.766842e-05
7.631360e-02	1.179670e-05
7.633920e-02	-5.480913e-06
7.636480e-02	-2.155768e-05
7.639040e-02	-3.837986e-05
7.641600e-02	-5.545514e-05
7.644160e-02	-7.195085e-05
7.646720e-02	-8.812027e-05
7.649280e-02	-1.051691e-04
7.651840e-02	-1.216907e-04
7.654400e-02	-1.384667e-04
7.656960e-02	-1.544951e-04
7.659520e-02	-1.714606e-04
7.662080e-02	-1.881556e-04
7.664640e-02	-2.044660e-04
7.667200e-02	-2.202624e-04
7.669760e-02	-2.372986e-04
7.672320e-02	-2.535911e-04
7.674880e-02	-2.698140e-04
7.677440e-02	-2.858619e-04
7.680000e-02	-3.021826e-04
7.682560e-02	-3.179506e-04
7.685120e-02	-3.342820e-04
7.687680e-02	-3.497997e-04
7.690240e-02	-3.657997e-04
7.692800e-02	-3.810408e-04
7.695360e-02	-3.971417e-04
7.697920e-02	-4.127777e-04
7.700480e-02	-4.279767e-04
7.703040e-02	-4.433362e-04
7.705600e-02	-4.587106e-04
7.708160e-02	-4.734726e-04
7.710720e-02	-4.885279e-04
7.713280e-02	-5.033760e-04
7.715840e-02	-5.183567e-04
7.718400e-02	-5.325703e-04
7.720960e-02	-5.470064e-04
7.723520e-02	-5.607474e-04
7.726080e-02	-5.759624e-04
7.728640e-02	-5.896004e-04
7.731200e-02	-6.032742e-04
7.733760e-02	-6.168311e-04
7.736320e-02	-6.305074e-04
7.738880e-02	-6.439940e-04
7.741440e-02	-6.573867e-04
7.744000e-02	-6.696967e-04
7.746560e-02	-6.827374e-04
7.749120e-02	-6.959171e-04
7.751680e-02	-7.081060e-04
7.754240e-02	-7.197526e-04
7.756800e-02	-7.329108e-04
7.759360e-02	-7.441824e-04
7.761920e-02	-7.556875e-04
7.764480e-02	-7.673223e-04
7.767040e-02	-7.785631e-04
7.769600e-02	-7.893182e-04
7.772160e-02	-8.010591e-04
7.774720e-02	-8.112295e-04
7.777280e-02	-8.218375e-04
7.779840e-02	-8.321139e-04
7.782400e-02	-8.420522e-04
7.784960e-02	-8.510777e-04
7.787520e-02	-8.607316e-04
7.790080e-02	-8.703639e-04
7.792640e-02	-8.795320e-04
7.795200e-02	-8.881887e-04
7.797760e-02	-8.969498e-04
7.800320e-02	-9.053024e-04
7.802880e-02	-9.136361e-04
7.805440e-02	-9.208992e-04
7.808000e-02	-9.286327e-04
7.810560e-02	-9.357819e-04
7.813120e-02	-9.432445e-04
7.815680e-02	-9.497735e-04
7.818240e-02	-9.565820e-04
7.820800e-02	-9.623489e-04
7.823360e-02	-9.688867e-04
7.825920e-02	-9.744894e-04
7.828480e-02	-9.799781e-04
7.831040e-02	-9.850940e-04
7.833600e-02	-9.903110e-04
7.836160e-02	-9.949073e-04
7.838720e-02	-9.993105e-04
7.841280e-02	-1.003253e-03
7.843840e-02	-1.007206e-03
7.846400e-02	-1.010474e-03
7.848960e-02	-1.014126e-03
7.851520e-02	-1.017342e-03
7.854080e-02	-1.020233e-03
7.856640e-02	-1.021920e-03
7.859200e-02	-1.024403e-03
7.861760e-02	-1.026029e-03
7.864320e-02	-1.028034e-03
7.866880e-02	-1.029351e-03
7.869440e-02	-1.030477e-03
7.872000e-02	-1.030923e-03
7.874560e-02	-1.031805e-03
7.877120e-02	-1.031567e-03
7.879680e-02	-1.031867e-03
7.882240e-02	-1.031574e-03
7.884800e-02	-1.031066e-03
7.887360e-02	-1.030206e-03
7.889920e-02	-1.028871e-03
7.892480e-02	-1.027379e-03
7.895040e-02	-1.025648e-03
7.897600e-02	-1.023711e-03
7.900160e-02	-1.021541e-03
7.902720e-02	-1.018311e-03
7.905280e-02	-1.016614e-03
7.907840e-02	-1.012630e-03
7.910400e-02	-1.009771e-03
7.912960e-02	-1.005924e-03
7.915520e-02	-1.001822e-03
7.918080e-02	-9.983222e-04
7.920640e-02	-9.936140e-04
7.923200e-02	-9.888958e-04
7.925760e-02	-9.843041e-04
7.928320e-02	-9.783906e-04
7.930880e-02	-9.737218e-04
7.933440e-02	-9.679158e-04
7.936000e-02	-9.621538e-04
7.938560e-02	-9.556042e-04
7.941120e-02	-9.491894e-04
7.943680e-02	-9.423243e-04
7.946240e-02	-9.356298e-04
7.948800e-02	-9.284799e-04
7.951360e-02	-9.214723e-04
7.953920e-02	-9.132354e-04
7.956480e-02	-9.055936e-04
7.959040e-02	-8.975301e-04
7.961600e-02	-8.890338e-04
7.964160e-02	-8.804647e-04
7.966720e-02	-8.717262e-04
7.969280e-02	-8.626295e-04
7.971840e-02	-8.537186e-04
7.974400e-02	-8.434412e-04
7.976960e-02	-8.343783e-04
7.979520e-02	-8.242048e-04
7.982080e-02	-8.142986e-04
7.984640e-02	-8.041207e-04
7.987200e-02	-7.935475e-04
7.989760e-02	-7.825464e-04
7.992320e-02	-7.716931e-04
7.994880e-02	-7.604455e-04
7.997440e-02	-7.493905e-04
8.000000e-02	-7.375642e-04
8.002560e-02	-7.261426e-04
8.005120e-02	-7.142613e-04
8.007680e-02	-7.020429e-04
8.010240e-02	-6.896148e-04
8.012800e-02	-6.780650e-04
8.015360e-02	-6.642577e-04
8.017920e-02	-6.520450e-04
8.020480e-02	-6.395268e-04
8.023040e-02	-6.261706e-04
8.025600e-02	-6.129988e-04
8.028160e-02	-6.000586e-04
8.030720e-02	-5.859191e-04
8.033280e-02	-5.725605e-04
8.035840e-02	-5.588337e-04
8.038400e-02	-5.449546e-04
8.040960e-02	-5.309345e-04
8.043520e-02	-5.164626e-04
8.046080e-02	-5.026035e-04
8.048640e-02	-4.880892e-04
8.051200e-02	-4.734593e-04
8.053760e-02	-4.593573e-04
8.056320e-02	-4.438021e-04
8.058880e-02	-4.294585e-04
8.061440e-02	-4.137339e-04
8.064000e-02	-3.991733e-04
8.066560e-02	-3.836123e-04
8.069120e-02	-3.687212e-04
8.071680e-02	-3.530580e-04
8.074240e-02	-3.377227e-04
8.076800e-02	-3.224426e-04
8.079360e-02	-3.071106e-04
8.081920e-02	-2.910782e-04
8.084480e-02	-2.752667e-04
8.087040e-02	-2.597465e-04
8.089600e-02	-2.440536e-04
8.092160e-02	-2.276097e-04
8.094720e-02	-2.120248e-04
8.097280e-02	-1.957215e-04
8.099840e-02	-1.800155e-04
8.102400e-02	-1.640538e-04
8.104960e-02	-1.480107e-04
8.107520e-02	-1.318337e-04
8.110080e-02	-1.159123e-04
8.112640e-02	-9.961976e-05
8.115200e-02	-8.340089e-05
8.117760e-02	-6.679291e-05
8.120320e-02	-5.122520e-05
8.122880e-02	-3.468240e-05
8.125440e-02	-1.838717e-05
8.128000e-02	-2.620364e-06
8.130560e-02	1.349684e-05
8.133120e-02	3.038307e-05
8.135680e-02	4.575997e-05
8.138240e-02	6.234090e-05
8.140800e-02	7.806938e-05
8.143360e-02	9.427514e-05
8.145920e-02	1.102858e-04
8.148480e-02	1.266228e-04
8.151040e-02	1.424535e-04
8.153600e-02	1.587616e-04
8.156160e-02	1.740060e-04
8.158720e-02	1.898087e-04
8.161280e-02	2.057437e-04
8.163840e-02	2.213488e-04
8.166400e-02	2.374623e-04
8.168960e-02	2.528928e-04
8.171520e-02	2.679168e-04
8.174080e-02	2.838381e-04
8.176640e-02	2.989075e-04
8.179200e-02	3.140754e-04
8.181760e-02	3.292605e-04
8.184320e-02	3.449681e-04
8.186880e-02	3.593423e-04
8.189440e-02	3.746840e-04
8.192000e-02	3.895067e-04
8.194560e-02	4.043121e-04
8.197120e-02	4.186784e-04
8.199680e-02	4.335285e-04
8.202240e-02	4.475144e-04
8.204800e-02	4.620488e-04
8.207360e-02	4.755911e-04
8.209920e-02	4.902120e-04
8.212480e-02	5.039098e-04
8.215040e-02	5.173630e-04
8.217600e-02	5.310579e-04
8.220160e-02	5.444497e-04
8.222720e-02	5.579636e-04
8.225280e-02	5.713027e-04
8.227840e-02	5.838731e-04
8.230400e-02	5.972548e-04
8.232960e-02	6.099179e-04
8.235520e-02	6.228820e-04
8.238080e-02	6.348820e-04
8.240640e-02	6.470994e-04
8.243200e-02	6.593773e-04
8.245760e-02	6.712877e-04
8.248320e-02	6.828595e-04
8.250880e-02	6.949127e-04
8.253440e-02	7.057594e-04
8.256000e-02	7.174800e-04
8.258560e-02	7.281523e-04
8.261120e-02	7.389174e-04
8.263680e-02	7.495664e-04
8.266240e-02	7.606022e-04
8.268800e-02	7.706768e-04
8.271360e-02	7.812610e-04
8.273920e-02	7.906526e-04
8.276480e-02	8.000344e-04
8.279040e-02	8.099287e-04
8.281600e-02	8.193039e-04
8.284160e-02	8.282969e-04
8.286720e-02	8.374344e-04
8.289280e-02	8.457268e-04
8.291840e-02	8.542966e-04
8.294400e-02	8.620290e-04
8.296960e-02	8.706167e-04
8.299520e-02	8.783388e-04
8.302080e-02	8.861419e-04
8.304640e-02	8.932810e-04
8.307200e-02	9.005771e-04
8.309760e-02	9.069479e-04
8.312320e-02	9.139716e-04
8.314880e-02	9.207337e-04
8.317440e-02	9.267220e-04
8.320000e-02	9.324367e-04
8.322560e-02	9.383940e-04
8.325120e-02	9.434071e-04
8.327680e-02	9.495584e-04
8.330240e-02	9.545087e-04
8.332800e-02	9.596529e-04
8.335360e-02	9.640151e-04
8.337920e-02	9.679957e-04
8.340480e-02	9.726721e-04
8.343040e-02	9.759638e-04
8.345600e-02	9.793879e-04
8.348160e-02	9.833697e-04
8.350720e-02	9.858344e-04
8.353280e-02	9.894859e-04
8.355840e-02	9.914163e-04
8.358400e-02	9.942178e-04
8.360960e-02	9.960769e-04
8.363520e-02	9.981305e-04
8.366080e-02	1.000139e-03
8.368640e-02	1.001385e-03
8.371200e-02	1.002543e-03
8.373760e-02	1.003038e-03
8.376320e-02	1.003456e-03
8.378880e-02	1.004907e-03
8.381440e-02	1.004077e-03
8.384000e-02	1.004864e-03
8.386560e-02	1.004205e-03
8.389120e-02	1.003384e-03
8.391680e-02	1.003284e-03
8.394240e-02	1.001918e-03
8.396800e-02	1.000277e-03
8.399360e-02	9.988887e-04
8.401920e-02	9.970531e-04
8.404480e-02	9.950323e-04
8.407040e-02	9.922421e-04
8.409600e-02	9.902936e-04
8.412160e-02	9.869918e-04
8.414720e-02	9.846749e-04
8.417280e-02	9.813640e-04
8.419840e-02	9.775717e-04
8.422400e-02	9.738798e-04
8.424960e-02	9.703981e-04
8.427520e-02	9.657674e-04
8.430080e-02	9.611637e-04
8.432640e-02	9.561710e-04
8.435200e-02	9.516871e-04
8.437760e-02	9.460802e-04
8.440320e-02	9.409439e-04
8.442880e-02	9.348601e-04
8.445440e-02	9.288990e-04
8.448000e-02	9.231855e-04
8.450560e-02	9.164424e-04
8.453120e-02	9.096616e-04
8.455680e-02	9.032033e-04
8.458240e-02	8.957416e-04
8.460800e-02	8.886835e-04
8.463360e-02	8.808749e-04
8.465920e-02	8.734924e-04
8.468480e-02	8.650058e-04
8.471040e-02	8.569867e-04
8.473600e-02	8.484166e-04
8.476160e-02	8.397339e-04
8.478720e-02	8.305971e-04
8.481280e-02	8.219237e-04
8.483840e-02	8.121075e-04
8.486400e-02	8.028400e-04
8.488960e-02	7.926560e-04
8.491520e-02	7.827801e-04
8.494080e-02	7.726370e-04
8.496640e-02	7.622993e-04
8.499200e-02	7.515648e-04
8.501760e-02	7.407663e-04
8.504320e-02	7.295777e-04
8.506880e-02	7.184923e-04
8.509440e-02	7.068107e-04
8.512000e-02	6.955896e-04
8.514560e-02	6.837278e-04
8.517120e-02	6.719044e-04
8.519680e-02	6.595515e-04
8.522240e-02	6.473057e-04
8.524800e-02	6.351227e-04
8.527360e-02	6.221166e-04
8.529920e-02	6.088889e-04
8.532480e-02	5.965637e-04
8.535040e-02	5.828688e-04
8.537600e-02	5.702713e-04
8.540160e-02	5.561412e-04
8.542720e-02	5.430031e-04
8.545280e-02	5.292140e-04
8.547840e-02	5.148543e-04
8.550400e-02	5.007411e-04
8.552960e-02	4.869683e-04
8.555520e-02	4.720978e-04
8.558080e-02	4.581721e-04
8.560640e-02	4.432711e-04
8.563200e-02	4.282935e-04
8.565760e-02	4.134148e-04
8.568320e-02	3.985275e-04
8.570880e-02	3.835465e-04
8.573440e-02	3.681302e-04
8.576000e-02	3.526217e-04
8.578560e-02	3.372132e-04
8.581120e-02	3.215691e-04
8.583680e-02	3.064788e-04
8.586240e-02	2.901866e-04
8.588800e-02	2.745311e-04
8.591360e-02	2.587040e-04
8.593920e-02	2.430010e-04
8.596480e-02	2.264480e-04
8.599040e-02	2.106254e-04
8.601600e-02	1.941596e-04
8.604160e-02	1.784534e-04
8.606720e-02	1.619942e-04
8.609280e-02	1.456883e-04
8.611840e-02	1.290160e-04
8.614400e-02	1.130622e-04
8.616960e-02	9.618857e-05
8.619520e-02	7.929658e-05
8.622080e-02	6.290702e-05
8.624640e-02	4.641425e-05
8.627200e-02	2.969263e-05
8.629760e-02	1.301445e-05
8.632320e-02	-3.411706e-06
8.634880e-02	-1.965374e-05
8.637440e-02	-3.701518e-05
8.640000e-02	-5.338433e-05
8.642560e-02	-7.026106e-05
8.645120e-02	-8.640817e-05
8.647680e-02	-1.037087e-04
8.650240e-02	-1.201767e-04
8.652800e-02	-1.364275e-04
8.655360e-02	-1.530339e-04
8.657920e-02	-1.699719e-04
8.660480e-02	-1.859388e-04
8.663040e-02	-2.027654e-04
8.665600e-02	-2.192919e-04
8.668160e-02	-2.355972e-04
8.670720e-02	-2.517112e-04
8.673280e-02	-2.682966e-04
8.675840e-02	-2.841021e-04
8.678400e-02	-3.007513e-04
8.680960e-02	-3.164485e-04
8.683520e-02	-3.322954e-04
8.686080e-02	-3.483946e-04
8.688640e-02	-3.641093e-04
8.691200e-02	-3.794875e-04
8.693760e-02	-3.953693e-04
8.696320e-02	-4.108179e-04
8.698880e-02	-4.268922e-04
8.701440e-02	-4.414383e-04
8.704000e-02	-4.568097e-04
8.706560e-02	-4.721540e-04
8.709120e-02	-4.868019e-04
8.711680e-02	-5.016188e-04
8.714240e-02	-5.165411e-04
8.716800e-02	-5.310489e-04
8.719360e-02	-5.458419e-04
8.721920e-02	-5.594691e-04
8.724480e-02	-5.740364e-04
8.727040e-02	-5.883246e-04
8.729600e-02	-6.021776e-04
8.732160e-02	-6.154237e-04
8.734720e-02	-6.295558e-04
8.737280e-02	-6.422033e-04
8.739840e-02	-6.557615e-04
8.742400e-02	-6.684476e-04
8.744960e-02	-6.814231e-04
8.747520e-02	-6.944360e-04
8.750080e-02	-7.065849e-04
8.752640e-02	-7.187363e-04
8.755200e-02	-7.311877e-04
8.757760e-02	-7.426118e-04
8.760320e-02	-7.546832e-04
8.762880e-02	-7.661590e-04
8.765440e-02	-7.773033e-04
8.768000e-02	-7.884631e-04
8.770560e-02	-7.992833e-04
8.773120e-02	-8.103166e-04
8.775680e-02	-8.210154e-04
8.778240e-02	-8.302524e-04
8.780800e-02	-8.410047e-04
8.783360e-02	-8.504408e-04
8.785920e-02	-8.599227e-04
8.788480e-02	-8.688850e-04
8.791040e-02	-8.787402e-04
8.793600e-02	-8.874388e-04
8.796160e-02	-8.960740e-04
8.798720e-02	-9.042157e-04
8.801280e-02	-9.127147e-04
8.803840e-02	-9.204029e-04
8.806400e-02	-9.278029e-04
8.808960e-02	-9.354629e-04
8.811520e-02	-9.421419e-04
8.814080e-02	-9.488802e-04
8.816640e-02	-9.560199e-04
8.819200e-02	-9.618535e-04
8.821760e-02	-9.681131e-04
8.824320e-02	-9.736826e-04
8.826880e-02	-9.794631e-04
8.829440e-02	-9.847319e-04
8.832000e-02	-9.895669e-04
8.834560e-02	-9.940031e-04
8.837120e-02	-9.990055e-04
8.839680e-02	-1.002460e-03
8.842240e-02	-1.007330e-03
8.844800e-02	-1.010449e-03
8.847360e-02	-1.013502e-03
8.849920e-02	-1.016714e-03
8.852480e-02	-1.019745e-03
8.855040e-02	-1.022013e-03
8.857600e-02	-1.024182e-03
8.860160e-02	-1.025992e-03
8.862720e-02	-1.027821e-03
8.865280e-02	-1.028961e-03
8.867840e-02	-1.030107e-03
8.870400e-02	-1.031190e-03
8.872960e-02	-1.031396e-03
8.875520e-02	-1.031628e-03
8.878080e-02	-1.032042e-03
8.880640e-02	-1.031156e-03
8.883200e-02	-1.031157e-03
8.885760e-02	-1.029875e-03
8.888320e-02	-1.028947e-03
8.890880e-02	-1.027440e-03
8.893440e-02	-1.026029e-03
8.896000e-02	-1.023440e-03
8.898560e-02	-1.021923e-03
8.901120e-02	-1.019051e-03
8.903680e-02	-1.016483e-03
8.906240e-02	-1.013679e-03
8.908800e-02	-1.010057e-03
8.911360e-02	-1.006860e-03
8.913920e-02	-1.002704e-03
8.916480e-02	-9.984857e-04
8.919040e-02	-9.944164e-04
8.921600e-02	-9.896072e-04
8.924160e-02	-9.847296e-04
8.926720e-02	-9.792444e-04
8.929280e-02	-9.741234e-04
8.931840e-02	-9.680680e-04
8.934400e-02	-9.625419e-04
8.936960e-02	-9.559148e-04
8.939520e-02	-9.500716e-04
8.942080e-02	-9.431147e-04
8.944640e-02	-9.362249e-04
8.947200e-02	-9.289847e-04
8.949760e-02	-9.219599e-04
8.952320e-02	-9.139803e-04
8.954880e-02	-9.066919e-04
8.957440e-02	-8.984521e-04
8.960000e-02	-8.895872e-04
8.962560e-02	-8.812371e-04
8.965120e-02	-8.724367e-04
8.967680e-02	-8.631849e-04
8.970240e-02	-8.543944e-04
8.972800e-02	-8.448398e-04
8.975360e-02	-8.353556e-04
8.977920e-02	-8.250288e-04
8.980480e-02	-8.157027e-04
8.983040e-02	-8.048397e-04
8.985600e-02	-7.944118e-04
8.988160e-02	-7.839428e-04
8.990720e-02	-7.727113e-04
8.993280e-02	-7.614872e-04
8.995840e-02	-7.503178e-04
8.998400e-02	-7.387544e-04
9.000960e-02	-7.274791e-04
9.003520e-02	-7.149645e-04
9.006080e-02	-7.035158e-04
9.008640e-02	-6.910076e-04
9.011200e-02	-6.785921e-04
9.013760e-02	-6.661839e-04
9.016320e-02	-6.531741e-04
9.018880e-02	-6.403879e-04
9.021440e-02	-6.277408e-04
9.024000e-02	-6.142008e-04
9.026560e-02	-6.013460e-04
9.029120e-02	-5.875672e-04
9.031680e-02	-5.740331e-04
9.034240e-02	-5.599634e-04
9.036800e-02	-5.464919e-04
9.039360e-02	-5.318669e-04
9.041920e-02	-5.180944e-04
9.044480e-02	-5.036497e-04
9.047040e-02	-4.890496e-04
9.049600e-02	-4.748748e-04
9.052160e-02	-4.601535e-04
9.054720e-02	-4.449112e-04
9.057280e-02	-4.307045e-04
9.059840e-02	-4.155277e-04
9.062400e-02	-4.008076e-04
9.064960e-02	-3.856659e-04
9.067520e-02	-3.700613e-04
9.070080e-02	-3.550122e-04
9.072640e-02	-3.395853e-04
9.075200e-02	-3.236562e-04
9.077760e-02	-3.086623e-04
9.080320e-02	-2.924065e-04
9.082880e-02	-2.772248e-04
9.085440e-02	-2.611830e-04
9.088000e-02	-2.452903e-04
9.090560e-02	-2.295444e-04
9.093120e-02	-2.135879e-04
9.095680e-02	-1.976090e-04
9.098240e-02	-1.816823e-04
9.100800e-02	-1.652887e-04
9.103360e-02	-1.498532e-04
9.105920e-02	-1.333814e-04
9.108480e-02	-1.171836e-04
9.111040e-02	-1.012930e-04
9.113600e-02	-8.519676e-05
9.116160e-02	-6.833015e-05
9.118720e-02	-5.279358e-05
9.121280e-02	-3.625358e-05
9.123840e-02	-2.027188e-05
9.126400e-02	-4.073340e-06
9.128960e-02	1.177521e-05
9.131520e-02	2.879879e-05
9.134080e-02	4.455473e-05
9.136640e-02	6.073233e-05
9.139200e-02	7.710783e-05
9.141760e-02	9.267555e-05
9.144320e-02	1.090218e-04
9.146880e-02	1.247850e-04
9.149440e-02	1.409771e-04
9.152000e-02	1.571029e-04
9.154560e-02	1.725228e-04
9.157120e-02	1.891525e-04
9.159680e-02	2.042724e-04
9.162240e-02	2.201590e-04
9.164800e-02	2.353236e-04
9.167360e-02	2.513808e-04
9.169920e-02	2.666354e-04
9.172480e-02	2.824781e-04
9.175040e-02	2.976444e-04
9.177600e-02	3.127783e-04
9.180160e-02	3.281029e-04
9.182720e-02	3.431570e-04
9.185280e-02	3.578436e-04
9.187840e-02	3.732454e-04
9.190400e-02	3.880572e-04
9.192960e-02	4.027936e-04
9.195520e-02	4.171185e-04
9.198080e-02	4.316200e-04
9.200640e-02	4.458094e-04
9.203200e-02	4.604679e-04
9.205760e-02	4.742560e-04
9.208320e-02	4.887021e-04
9.210880e-02	5.022684e-04
9.213440e-02	5.160910e-04
9.216000e-02	5.302263e-04
9.218560e-02	5.433820e-04
9.221120e-02	5.565571e-04
9.223680e-02	5.699829e-04
9.226240e-02	5.827739e-04
9.228800e-02	5.962116e-04
9.231360e-02	6.085006e-04
9.233920e-02	6.215848e-04
9.236480e-02	6.333704e-04
9.239040e-02	6.459819e-04
9.241600e-02	6.580310e-04
9.244160e-02	6.701061e-04
9.246720e-02	6.817739e-04
9.249280e-02	6.937564e-04
9.251840e-02	7.050104e-04
9.254400e-02	7.157174e-04
9.256960e-02	7.270805e-04
9.259520e-02	7.384649e-04
9.262080e-02	7.488141e-04
9.264640e-02	7.593573e-04
9.267200e-02	7.695673e-04
9.269760e-02	7.796641e-04
9.272320e-02	7.896736e-04
9.274880e-02	7.999422e-04
9.277440e-02	8.090304e-04
9.280000e-02	8.183904e-04
9.282560e-02	8.274545e-04
9.285120e-02	8.369239e-04
9.287680e-02	8.447449e-04
9.290240e-02	8.536740e-04
9.292800e-02	8.616920e-04
9.295360e-02	8.699740e-04
9.297920e-02	8.776925e-04
9.300480e-02	8.851829e-04
9.303040e-02	8.928309e-04
9.305600e-02	9.001648e-04
9.308160e-02	9.069451e-04
9.310720e-02	9.136952e-04
9.313280e-02	9.202065e-04
9.315840e-02	9.265842e-04
9.318400e-02	9.323285e-04
9.320960e-02	9.384962e-04
9.323520e-02	9.434992e-04
9.326080e-02	9.490380e-04
9.328640e-02	9.539856e-04
9.331200e-02	9.589456e-04
9.333760e-02	9.634890e-04
9.336320e-02	9.679800e-04
9.338880e-02	9.717611e-04
9.341440e-02	9.760126e-04
9.344000e-02	9.794410e-04
9.346560e-02	9.825338e-04
9.349120e-02	9.858467e-04
9.351680e-02	9.892082e-04
9.354240e-02	9.914933e-04
9.356800e-02	9.941210e-04
9.359360e-02	9.960386e-04
9.361920e-02	9.980713e-04
9.364480e-02	9.996803e-04
9.367040e-02	1.001505e-03
9.369600e-02	1.002426e-03
9.372160e-02	1.003520e-03
9.374720e-02	1.003809e-03
9.377280e-02	1.004745e-03
9.379840e-02	1.004687e-03
9.382400e-02	1.004928e-03
9.384960e-02	1.004387e-03
9.387520e-02	1.004101e-03
9.390080e-02	1.003318e-03
9.392640e-02	1.001837e-03
9.395200e-02	1.000647e-03
9.397760e-02	9.989901e-04
9.400320e-02	9.973267e-04
9.402880e-02	9.955362e-04
9.405440e-02	9.929109e-04
9.408000e-02	9.907613e-04
9.410560e-02	9.879660e-04
9.413120e-02	9.852943e-04
9.415680e-02	9.814516e-04
9.418240e-02	9.785246e-04
9.420800e-02	9.744246e-04
9.423360e-02	9.704987e-04
9.425920e-02	9.660906e-04
9.428480e-02	9.619006e-04
9.431040e-02	9.567556e-04
9.433600e-02	9.519286e-04
9.436160e-02	9.469805e-04
9.438720e-02	9.417487e-04
9.441280e-02	9.359244e-04
9.443840e-02	9.297893e-04
9.446400e-02	9.232454e-04
9.448960e-02	9.176222e-04
9.451520e-02	9.106456e-04
9.454080e-02	9.036661e-04
9.456640e-02	8.964911e-04
9.459200e-02	8.895736e-04
9.461760e-02	8.815425e-04
9.464320e-02	8.736683e-04
9.466880e-02	8.659937e-04
9.469440e-02	8.577465e-04
9.472000e-02	8.494692e-04
9.474560e-02	8.407774e-04
9.477120e-02	8.312151e-04
9.479680e-02	8.226633e-04
9.482240e-02	8.131202e-04
9.484800e-02	8.038115e-04
9.487360e-02	7.937411e-04
9.489920e-02	7.839224e-04
9.492480e-02	7.734459e-04
9.495040e-02	7.636513e-04
9.497600e-02	7.527459e-04
9.500160e-02	7.417675e-04
9.502720e-02	7.311675e-04
9.505280e-02	7.196910e-04
9.507840e-02	7.080914e-04
9.510400e-02	6.972508e-04
9.512960e-02	6.847631e-04
9.515520e-02	6.734996e-04
9.518080e-02	6.612045e-04
9.520640e-02	6.484356e-04
9.523200e-02	6.361321e-04
9.525760e-02	6.232734e-04
9.528320e-02	6.103152e-04
9.530880e-02	5.980000e-04
9.533440e-02	5.843117e-04
9.536000e-02	5.711539e-04
9.538560e-02	5.578595e-04
9.541120e-02	5.443213e-04
9.543680e-02	5.297075e-04
9.546240e-02	5.165336e-04
9.548800e-02	5.020906e-04
9.551360e-02	4.880712e-04
9.553920e-02	4.737741e-04
9.556480e-02	4.589751e-04
9.559040e-02	4.447763e-04
9.561600e-02	4.298492e-04
9.564160e-02	4.152443e-04
9.566720e-02	4.002353e-04
9.569280e-02	3.847334e-04
9.571840e-02	3.699762e-04
9.574400e-02	3.538677e-04
9.576960e-02	3.392363e-04
9.579520e-02	3.231330e-04
9.582080e-02	3.077885e-04
9.584640e-02	2.916559e-04
9.587200e-02	2.761841e-04
9.589760e-02	2.604957e-04
9.592320e-02	2.442940e-04
9.594880e-02	2.283384e-04
9.597440e-02	2.120441e-04
9.600000e-02	1.958687e-04
9.602560e-02	1.798416e-04
9.605120e-02	1.633191e-04
9.607680e-02	1.471898e-04
9.610240e-02	1.305754e-04
9.612800e-02	1.147736e-04
9.615360e-02	9.789468e-05
9.617920e-02	8.139971e-05
9.620480e-02	6.479192e-05
9.623040e-02	4.816882e-05
9.625600e-02	3.137744e-05
9.628160e-02	1.485067e-05
9.630720e-02	-2.091298e-06
9.633280e-02	-1.857811e-05
9.635840e-02	-3.529713e-05
9.638400e-02	-5.174799e-05
9.640960e-02	-6.853680e-05
9.643520e-02	-8.491425e-05
9.646080e-02	-1.017797e-04
9.648640e-02	-1.178995e-04
9.651200e-02	-1.352746e-04
9.653760e-02	-1.514275e-04
9.656320e-02	-1.678409e-04
9.658880e-02	-1.848037e-04
9.661440e-02	-2.013027e-04
9.664000e-02	-2.172708e-04
9.666560e-02	-2.337631e-04
9.669120e-02	-2.502837e-04
9.671680e-02	-2.668024e-04
9.674240e-02	-2.825930e-04
9.676800e-02	-2.991316e-04
9.679360e-02	-3.148711e-04
9.681920e-02	-3.309831e-04
9.684480e-02	-3.466765e-04
9.687040e-02	-3.629120e-04
9.689600e-02	-3.783506e-04
9.692160e-02	-3.940856e-04
9.694720e-02	-4.096876e-04
9.697280e-02	-4.246637e-04
9.699840e-02	-4.405568e-04
9.702400e-02	-4.557204e-04
9.704960e-02	-4.702232e-04
9.707520e-02	-4.861178e-04
9.710080e-02	-5.004475e-04
9.712640e-02	-5.151248e-04
9.715200e-02	-5.296125e-04
9.717760e-02	-5.443079e-04
9.720320e-02	-5.581535e-04
9.722880e-02	-5.731480e-04
9.725440e-02	-5.863550e-04
9.728000e-02	-6.005059e-04
9.730560e-02	-6.144589e-04
9.733120e-02	-6.276331e-04
9.735680e-02	-6.413597e-04
9.738240e-02	-6.544247e-04
9.740800e-02	-6.673929e-04
9.743360e-02	-6.804913e-04
9.745920e-02	-6.927036e-04
9.748480e-02	-7.056402e-04
9.751040e-02	-7.180017e-04
9.753600e-02	-7.297291e-04
9.756160e-02	-7.418642e-04
9.758720e-02	-7.537925e-04
9.761280e-02	-7.647297e-04
9.763840e-02	-7.768013e-04
9.766400e-02	-7.872217e-04
9.768960e-02	-7.984699e-04
9.771520e-02	-8.093669e-04
9.774080e-02	-8.196265e-04
9.776640e-02	-8.295492e-04
9.779200e-02	-8.402258e-04
9.781760e-02	-8.494366e-04
9.784320e-02	-8.593951e-04
9.786880e-02	-8.686002e-04
9.789440e-02	-8.773772e-04
9.792000e-02	-8.867528e-04
9.794560e-02	-8.954753e-04
9.797120e-02	-9.033984e-04
9.799680e-02	-9.117253e-04
9.802240e-02	-9.195979e-04
9.804800e-02	-9.278823e-04
9.807360e-02	-9.345642e-04
9.809920e-02	-9.416586e-04
9.812480e-02	-9.484986e-04
9.815040e-02	-9.554441e-04
9.817600e-02	-9.617625e-04
9.820160e-02	-9.672397e-04
9.822720e-02	-9.735280e-04
9.825280e-02	-9.790038e-04
9.827840e-02	-9.839704e-04
9.830400e-02	-9.897733e-04
9.832960e-02	-9.934467e-04
9.835520e-02	-9.985304e-04
9.838080e-02	-1.002400e-03
9.840640e-02	-1.006490e-03
9.843200e-02	-1.009944e-03
9.845760e-02	-1.013326e-03
9.848320e-02	-1.016270e-03
9.850880e-02	-1.019334e-03
9.853440e-02	-1.021854e-03
9.856000e-02	-1.024036e-03
9.858560e-02	-1.025897e-03
9.861120e-02	-1.027939e-03
9.863680e-02	-1.029354e-03
9.866240e-02	-1.030349e-03
9.868800e-02	-1.031199e-03
9.871360e-02	-1.032147e-03
9.873920e-02	-1.032018e-03
9.876480e-02	-1.032172e-03
9.879040e-02	-1.031428e-03
9.881600e-02	-1.031035e-03
9.884160e-02	-1.030417e-03
9.886720e-02	-1.029455e-03
9.889280e-02	-1.027849e-03
9.891840e-02	-1.026437e-03
9.894400e-02	-1.024012e-03
9.896960e-02	-1.022096e-03
9.899520e-02	-1.019555e-03
9.902080e-02	-1.016828e-03
9.904640e-02	-1.013646e-03
9.907200e-02	-1.010350e-03
9.909760e-02	-1.006638e-03
9.912320e-02	-1.003001e-03
9.914880e-02	-9.984744e-04
9.917440e-02	-9.950305e-04
9.920000e-02	-9.900081e-04
9.922560e-02	-9.850734e-04
9.925120e-02	-9.800631e-04
9.927680e-02	-9.746274e-04
9.930240e-02	-9.685986e-04
9.932800e-02	-9.630281e-04
9.935360e-02	-9.570507e-04
9.937920e-02	-9.505652e-04
9.940480e-02	-9.439905e-04
9.943040e-02	-9.372243e-04
9.945600e-02	-9.298306e-04
9.948160e-02	-9.226731e-04
9.950720e-02	-9.147472e-04
9.953280e-02	-9.069990e-04
9.955840e-02	-8.991421e-04
9.958400e-02	-8.912866e-04
9.960960e-02	-8.818806e-04
9.963520e-02	-8.737000e-04
9.966080e-02	-8.643501e-04
9.968640e-02	-8.549956e-04
9.971200e-02	-8.458448e-04
9.973760e-02	-8.361790e-04
9.976320e-02	-8.266589e-04
9.978880e-02	-8.165424e-04
9.981440e-02	-8.055762e-04
9.984000e-02	-7.958199e-04
9.986560e-02	-7.845422e-04
9.989120e-02	-7.738931e-04
9.991680e-02	-7.626737e-04
9.994240e-02	-7.516292e-04
9.996800e-02	-7.401097e-04
9.999360e-02	-7.280505e-04
1.000192e-01	-7.161300e-04
1.000448e-01	-7.045831e-04
1.000704e-01	-6.921766e-04
1.000960e-01	-6.802020e-04
1.001216e-01	-6.673874e-04
1.001472e-01	-6.548766e-04
1.001728e-01	-6.415050e-04
1.001984e-01	-6.287089e-04
1.002240e-01	-6.156566e-04
1.002496e-01	-6.021882e-04
1.002752e-01	-5.890506e-04
1.003008e-01	-5.750711e-04
1.003264e-01	-5.616084e-04
1.003520e-01	-5.479028e-04
1.003776e-01	-5.332297e-04
1.004032e-01	-5.197498e-04
1.004288e-01	-5.046326e-04
1.004544e-01	-4.911100e-04
1.004800e-01	-4.765919e-04
1.005056e-01	-4.615615e-04
1.005312e-01	-4.469238e-04
1.005568e-01	-4.322806e-04
1.005824e-01	-4.167819e-04
1.006080e-01	-4.020475e-04
1.006336e-01	-3.868627e-04
1.006592e-01	-3.716595e-04
1.006848e-01	-3.563109e-04
1.007104e-01	-3.407445e-04
1.007360e-01	-3.254439e-04
1.007616e-01	-3.100412e-04
1.007872e-01	-2.936994e-04
1.008128e-01	-2.788095e-04
1.008384e-01	-2.626803e-04
1.008640e-01	-2.466560e-04
1.008896e-01	-2.311953e-04
1.009152e-01	-2.153762e-04
1.009408e-01	-1.987876e-04
1.009664e-01	-1.834524e-04
1.009920e-01	-1.670276e-04
1.010176e-01	-1.510266e-04
1.010432e-01	-1.350664e-04
1.010688e-01	-1.188307e-04
1.010944e-01	-1.024247e-04
1.011200e-01	-8.662192e-05
1.011456e-01	-7.033330e-05
1.011712e-01	-5.395567e-05
1.011968e-01	-3.814535e-05
1.012224e-01	-2.176809e-05
1.012480e-01	-4.974272e-06
1.012736e-01	1.037170e-05
1.012992e-01	2.727582e-05
1.013248e-01	4.271145e-05
1.013504e-01	5.912525e-05
1.013760e-01	7.499410e-05
1.014016e-01	9.161017e-05
1.014272e-01	1.077563e-04
1.014528e-01	1.231999e-04
1.014784e-01	1.391563e-04
1.015040e-01	1.552916e-04
1.015296e-01	1.714276e-04
1.015552e-01	1.870023e-04
1.015808e-01	2.025677e-04
1.016064e-01	2.184968e-04
1.016320e-01	2.340406e-04
1.016576e-01	2.493077e-04
1.016832e-01	2.652040e-04
1.017088e-01	2.809775e-04
1.017344e-01	2.955749e-04
1.017600e-01	3.115698e-04
1.017856e-01	3.263291e-04
1.018112e-01	3.420177e-04
1.018368e-01	3.566326e-04
1.018624e-01	3.718293e-04
1.018880e-01	3.861583e-04
1.019136e-01	4.011648e-04
1.019392e-01	4.160981e-04
1.019648e-01	4.303359e-04
1.019904e-01	4.444515e-04
1.020160e-01	4.588238e-04
1.020416e-01	4.728064e-04
1.020672e-01	4.870022e-04
1.020928e-01	5.010278e-04
1.021184e-01	5.147521e-04
1.021440e-01	5.280945e-04
1.021696e-01	5.422779e-04
1.021952e-01	5.551439e-04
1.022208e-01	5.681916e-04
1.022464e-01	5.817902e-04
1.022720e-01	5.948920e-04
1.022976e-01	6.075164e-04
1.023232e-01	6.203023e-04
1.023488e-01	6.319798e-04
1.023744e-01	6.449163e-04
1.024000e-01	6.568043e-04
1.024256e-01	6.686277e-04
1.024512e-01	6.804710e-04
1.024768e-01	6.921994e-04
1.025024e-01	7.031178e-04
1.025280e-01	7.151073e-04
1.025536e-01	7.262488e-04
1.025792e-01	7.369986e-04
1.026048e-01	7.473559e-04
1.026304e-01	7.578818e-04
1.026560e-01	7.687233e-04
1.026816e-01	7.786134e-04
1.027072e-01	7.884913e-04
1.027328e-01	7.984883e-04
1.027584e-01	8.079084e-04
1.027840e-01	8.175428e-04
1.028096e-01	8.265440e-04
1.028352e-01	8.360235e-04
1.028608e-01	8.438052e-04
1.028864e-01	8.525710e-04
1.029120e-01	8.609206e-04
1.029376e-01	8.692523e-04
1.029632e-01	8.767504e-04
1.029888e-01	8.844661e-04
1.030144e-01	8.918070e-04
1.030400e-01	8.993222e-04
1.030656e-01	9.058636e-04
1.030912e-01	9.131153e-04
1.031168e-01	9.194260e-04
1.031424e-01	9.255773e-04
1.031680e-01	9.318565e-04
1.031936e-01	9.372360e-04
1.032192e-01	9.427011e-04
1.032448e-01	9.487693e-04
1.032704e-01	9.531812e-04
1.032960e-01	9.581888e-04
1.033216e-01	9.632061e-04
1.033472e-01	9.674518e-04
1.033728e-01	9.712859e-04
1.033984e-01	9.753488e-04
1.034240e-01	9.793219e-04
1.034496e-01	9.827605e-04
1.034752e-01	9.855212e-04
1.035008e-01	9.885000e-04
1.035264e-01	9.910910e-04
1.035520e-01	9.943416e-04
1.035776e-01	9.956070e-04
1.036032e-01	9.981040e-04
1.036288e-01	9.995687e-04
1.036544e-01	1.000940e-03
1.036800e-01	1.002515e-03
1.037056e-01	1.003231e-03
1.037312e-01	1.003887e-03
1.037568e-01	1.004501e-03
1.037824e-01	1.004150e-03
1.038080e-01	1.004805e-03
1.038336e-01	1.004648e-03
1.038592e-01	1.004061e-03
1.038848e-01	1.002993e-03
1.039104e-01	1.002484e-03
1.039360e-01	1.000792e-03
1.039616e-01	9.990752e-04
1.039872e-01	9.976443e-04
1.040128e-01	9.955808e-04
1.040384e-01	9.932994e-04
1.040640e-01	9.909031e-04
1.040896e-01	9.880230e-04
1.041152e-01	9.853691e-04
1.041408e-01	9.812362e-04
1.041664e-01	9.786510e-04
1.041920e-01	9.744713e-04
1.042176e-01	9.707289e-04
1.042432e-01	9.665092e-04
1.042688e-01	9.620168e-04
1.042944e-01	9.576079e-04
1.043200e-01	9.522407e-04
1.043456e-01	9.474081e-04
1.043712e-01	9.421610e-04
1.043968e-01	9.361139e-04
1.044224e-01	9.306055e-04
1.044480e-01	9.241159e-04
1.044736e-01	9.178007e-04
1.044992e-01	9.111247e-04
1.045248e-01	9.045986e-04
1.045504e-01	8.972705e-04
1.045760e-01	8.899644e-04
1.046016e-01	8.820746e-04
1.046272e-01	8.747324e-04
1.046528e-01	8.663026e-04
1.046784e-01	8.583491e-04
1.047040e-01	8.498718e-04
1.047296e-01	8.415488e-04
1.047552e-01	8.324153e-04
1.047808e-01	8.234453e-04
1.048064e-01	8.142936e-04
1.048320e-01	8.045958e-04
1.048576e-01	7.945239e-04
1.048832e-01	7.848921e-04
1.049088e-01	7.745827e-04
1.049344e-01	7.642451e-04
1.049600e-01	7.534553e-04
1.049856e-01	7.429364e-04
1.050112e-01	7.322082e-04
1.050368e-01	7.207696e-04
1.050624e-01	7.092191e-04
1.050880e-01	6.981317e-04
1.051136e-01	6.858004e-04
1.051392e-01	6.747696e-04
1.051648e-01	6.618498e-04
1.051904e-01	6.501609e-04
1.052160e-01	6.373301e-04
1.052416e-01	6.243022e-04
1.052672e-01	6.122238e-04
1.052928e-01	5.987977e-04
1.053184e-01	5.858673e-04
1.053440e-01	5.725070e-04
1.053696e-01	5.586875e-04
1.053952e-01	5.457788e-04
1.054208e-01	5.313527e-04
1.054464e-01	5.180679e-04
1.054720e-01	5.038890e-04
1.054976e-01	4.891605e-04
1.055232e-01	4.751639e-04
1.055488e-01	4.607922e-04
1.055744e-01	4.457399e-04
1.056000e-01	4.313164e-04
1.056256e-01	4.164595e-04
1.056512e-01	4.017073e-04
1.056768e-01	3.857574e-04
1.057024e-01	3.710875e-04
1.057280e-01	3.557075e-04
1.057536e-01	3.400485e-04
1.057792e-01	3.250453e-04
1.058048e-01	3.096054e-04
1.058304e-01	2.937048e-04
1.058560e-01	2.781097e-04
1.058816e-01	2.616072e-04
1.059072e-01	2.460423e-04
1.059328e-01	2.298513e-04
1.059584e-01	2.137908e-04
1.059840e-01	1.974089e-04
1.060096e-01	1.813084e-04
1.060352e-01	1.648888e-04
1.060608e-01	1.488204e-04
1.060864e-01	1.320398e-04
1.061120e-01	1.158188e-04
1.061376e-01	9.921590e-05
1.061632e-01	8.292797e-05
1.061888e-01	6.649925e-05
1.062144e-01	4.974921e-05
1.062400e-01	3.295270e-05
1.062656e-01	1.657619e-05
1.062912e-01	-4.236523e-07
1.063168e-01	-1.650743e-05
1.063424e-01	-3.375237e-05
1.063680e-01	-5.057880e-05
1.063936e-01	-6.687238e-05
1.064192e-01	-8.344601e-05
1.064448e-01	-1.000757e-04
1.064704e-01	-1.165195e-04
1.064960e-01	-1.334531e-04
1.065216e-01	-1.497193e-04
1.065472e-01	-1.669087e-04
1.065728e-01	-1.830202e-04
1.065984e-01	-1.994594e-04
1.066240e-01	-2.160039e-04
1.066496e-01	-2.322365e-04
1.066752e-01	-2.484926e-04
1.067008e-01	-2.651261e-04
1.067264e-01	-2.809695e-04
1.067520e-01	-2.974360e-04
1.067776e-01	-3.133535e-04
1.068032e-01	-3.293836e-04
1.068288e-01	-3.449804e-04
1.068544e-01	-3.608828e-04
1.068800e-01	-3.769675e-04
1.069056e-01	-3.925274e-04
1.069312e-01	-4.076743e-04
1.069568e-01	-4.233033e-04
1.069824e-01	-4.384348e-04
1.070080e-01	-4.540412e-04
1.070336e-01	-4.686859e-04
1.070592e-01	-4.843490e-04
1.070848e-01	-4.985349e-04
1.071104e-01	-5.137672e-04
1.071360e-01	-5.282954e-04
1.071616e-01	-5.425991e-04
1.071872e-01	-5.572688e-04
1.072128e-01	-5.712597e-04
1.072384e-01	-5.856606e-04
1.072640e-01	-5.998407e-04
1.072896e-01	-6.128585e-04
1.073152e-01	-6.266453e-04
1.073408e-01	-6.400649e-04
1.073664e-01	-6.533343e-04
1.073920e-01	-6.664858e-04
1.074176e-01	-6.792030e-04
1.074432e-01	-6.914887e-04
1.074688e-01	-7.045082e-04
1.074944e-01	-7.165973e-04
1.075200e-01	-7.286754e-04
1.075456e-01	-7.405063e-04
1.075712e-01	-7.525361e-04
1.075968e-01	-7.633786e-04
1.076224e-01	-7.752932e-04
1.076480e-01	-7.863949e-04
1.076736e-01	-7.973374e-04
1.076992e-01	-8.082003e-04
1.077248e-01	-8.184804e-04
1.077504e-01	-8.285832e-04
1.077760e-01	-8.393373e-04
1.078016e-01	-8.487591e-04
1.078272e-01	-8.585197e-04
1.078528e-01	-8.675114e-04
1.078784e-01	-8.767963e-04
1.079040e-01	-8.858802e-04
1.079296e-01	-8.941813e-04
1.079552e-01	-9.026342e-04
1.079808e-01	-9.107830e-04
1.080064e-01	-9.185951e-04
1.080320e-01	-9.267607e-04
1.080576e-01	-9.334344e-04
1.080832e-01	-9.413129e-04
1.081088e-01	-9.479591e-04
1.081344e-01	-9.546429e-04
1.081600e-01	-9.609499e-04
1.081856e-01	-9.667820e-04
1.082112e-01	-9.724018e-04
1.082368e-01	-9.783637e-04
1.082624e-01	-9.838010e-04
1.082880e-01	-9.886480e-04
1.083136e-01	-9.936166e-04
1.083392e-01	-9.982819e-04
1.083648e-01	-1.001938e-03
1.083904e-01	-1.006344e-03
1.084160e-01	-1.009035e-03
1.084416e-01	-1.012908e-03
1.084672e-01	-1.016219e-03
1.084928e-01	-1.018761e-03
1.085184e-01	-1.021316e-03
1.085440e-01	-1.023793e-03
1.085696e-01	-1.025771e-03
1.085952e-01	-1.027582e-03
1.086208e-01	-1.028929e-03
1.086464e-01	-1.030356e-03
1.086720e-01	-1.030738e-03
1.086976e-01	-1.031731e-03
1.087232e-01	-1.031787e-03
1.087488e-01	-1.032105e-03
1.087744e-01	-1.031930e-03
1.088000e-01	-1.031041e-03
1.088256e-01	-1.030220e-03
1.088512e-01	-1.029557e-03
1.088768e-01	-1.028156e-03
1.089024e-01	-1.026376e-03
1.089280e-01	-1.024417e-03
1.089536e-01	-1.022523e-03
1.089792e-01	-1.019628e-03
1.090048e-01	-1.017108e-03
1.090304e-01	-1.013583e-03
1.090560e-01	-1.010701e-03
1.090816e-01	-1.007229e-03
1.091072e-01	-1.003346e-03
1.091328e-01	-9.992210e-04
1.091584e-01	-9.953985e-04
1.091840e-01	-9.901070e-04
1.092096e-01	-9.856886e-04
1.092352e-01	-9.804065e-04
1.092608e-01	-9.749083e-04
1.092864e-01	-9.693269e-04
1.093120e-01	-9.636184e-04
1.093376e-01	-9.575021e-04
1.093632e-01	-9.508773e-04
1.093888e-01	-9.446450e-04
1.094144e-01	-9.376829e-04
1.094400e-01	-9.304442e-04
1.094656e-01	-9.236471e-04
1.094912e-01	-9.153870e-04
1.095168e-01	-9.083503e-04
1.095424e-01	-8.995359e-04
1.095680e-01	-8.915979e-04
1.095936e-01	-8.831696e-04
1.096192e-01	-8.740845e-04
1.096448e-01	-8.654628e-04
1.096704e-01	-8.559376e-04
1.096960e-01	-8.468988e-04
1.097216e-01	-8.376174e-04
1.097472e-01	-8.266694e-04
1.097728e-01	-8.174567e-04
1.097984e-01	-8.068437e-04
1.098240e-01	-7.965768e-04
1.098496e-01	-7.859279e-04
1.098752e-01	-7.747757e-04
1.099008e-01	-7.638466e-04
1.099264e-01	-7.527613e-04
1.099520e-01	-7.410871e-04
1.099776e-01	-7.296669e-04
1.100032e-01	-7.176132e-04
1.100288e-01	-7.058022e-04
1.100544e-01	-6.937634e-04
1.100800e-01	-6.812236e-04
1.101056e-01	-6.684659e-04
1.101312e-01	-6.564694e-04
1.101568e-01	-6.429371e-04
1.101824e-01	-6.301790e-04
1.102080e-01	-6.168862e-04
1.102336e-01	-6.035905e-04
1.102592e-01	-5.900473e-04
1.102848e-01	-5.765780e-04
1.103104e-01	-5.628002e-04
1.103360e-01	-5.492012e-04
1.103616e-01	-5.348530e-04
1.103872e-01	-5.205513e-04
1.104128e-01	-5.065853e-04
1.104384e-01	-4.924080e-04
1.104640e-01	-4.772943e-04
1.104896e-01	-4.628334e-04
1.105152e-01	-4.482225e-04
1.105408e-01	-4.334220e-04
1.105664e-01	-4.182392e-04
1.105920e-01	-4.034158e-04
1.106176e-01	-3.881107e-04
1.106432e-01	-3.735474e-04
1.106688e-01	-3.578373e-04
1.106944e-01	-3.422866e-04
1.107200e-01	-3.270252e-04
1.107456e-01	-3.114778e-04
1.107712e-01	-2.952442e-04
1.107968e-01	-2.801565e-04
1.108224e-01	-2.640162e-04
1.108480e-01	-2.481134e-04
1.108736e-01	-2.324614e-04
1.108992e-01	-2.168500e-04
1.109248e-01	-2.004937e-04
1.109504e-01	-1.847839e-04
1.109760e-01	-1.686632e-04
1.110016e-01	-1.527132e-04
1.110272e-01	-1.362646e-04
1.110528e-01	-1.202641e-04
1.110784e-01	-1.038733e-04
1.111040e-01	-8.797293e-05
1.111296e-01	-7.198327e-05
1.111552e-01	-5.540905e-05
1.111808e-01	-3.902685e-05
1.112064e-01	-2.324246e-05
1.112320e-01	-6.885607e-06
1.112576e-01	9.215161e-06
1.112832e-01	2.502991e-05
1.113088e-01	4.145244e-05
1.113344e-01	5.779103e-05
1.113600e-01	7.343190e-05
1.113856e-01	8.995510e-05
1.114112e-01	1.054562e-04
1.114368e-01	1.221085e-04
1.114624e-01	1.378283e-04
1.114880e-01	1.538143e-04
1.115136e-01	1.696837e-04
1.115392e-01	1.855749e-04
1.115648e-01	2.011388e-04
1.115904e-01	2.169513e-04
1.116160e-01	2.324955e-04
1.116416e-01	2.483922e-04
1.116672e-01	2.635943e-04
1.116928e-01	2.792888e-04
1.117184e-01	2.944113e-04
1.117440e-01	3.099621e-04
1.117696e-01	3.251928e-04
1.117952e-01	3.400549e-04
1.118208e-01	3.554248e-04
1.118464e-01	3.702777e-04
1.118720e-01	3.845464e-04
1.118976e-01	4.000148e-04
1.119232e-01	4.143383e-04
1.119488e-01	4.291570e-04
1.119744e-01	4.430499e-04
1.120000e-01	4.576600e-04
1.120256e-01	4.717940e-04
1.120512e-01	4.859735e-04
1.120768e-01	4.998282e-04
1.121024e-01	5.134463e-04
1.121280e-01	5.274994e-04
1.121536e-01	5.407211e-04
1.121792e-01	5.541668e-04
1.122048e-01	5.673199e-04
1.122304e-01	5.800045e-04
1.122560e-01	5.934890e-04
1.122816e-01	6.058232e-04
1.123072e-01	6.189512e-04
1.123328e-01	6.311716e-04
1.123584e-01	6.438312e-04
1.123840e-01	6.555774e-04
1.124096e-01	6.675815e-04
1.124352e-01	6.795338e-04
1.124608e-01	6.914950e-04
1.124864e-01	7.024704e-04
1.125120e-01	7.140848e-04
1.125376e-01	7.254417e-04
1.125632e-01	7.361068e-04
1.125888e-01	7.464556e-04
1.126144e-01	7.576913e-04
1.126400e-01	7.677134e-04
1.126656e-01	7.778530e-04
1.126912e-01	7.878329e-04
1.127168e-01	7.975013e-04
1.127424e-01	8.069457e-04
1.127680e-01	8.168503e-04
1.127936e-01	8.257692e-04
1.128192e-01	8.348805e-04
1.128448e-01	8.438648e-04
1.128704e-01	8.518756e-04
1.128960e-01	8.602981e-04
1.129216e-01	8.688276e-04
1.129472e-01	8.759305e-04
1.129728e-01	8.841151e-04
1.129984e-01	8.913765e-04
1.130240e-01	8.987746e-04
1.130496e-01	9.058507e-04
1.130752e-01	9.123117e-04
1.131008e-01	9.188751e-04
1.131264e-01	9.250791e-04
1.131520e-01	9.307756e-04
1.131776e-01	9.370463e-04
1.132032e-01	9.422291e-04
1.132288e-01	9.480547e-04
1.132544e-01	9.528667e-04
1.132800e-01	9.577340e-04
1.133056e-01	9.624288e-04
1.133312e-01	9.673975e-04
1.133568e-01	9.709504e-04
1.133824e-01	9.750639e-04
1.134080e-01	9.785921e-04
1.134336e-01	9.819012e-04
1.134592e-01	9.854782e-04
1.134848e-01	9.886043e-04
1.135104e-01	9.909985e-04
1.135360e-01	9.936407e-04
1.135616e-01	9.960622e-04
1.135872e-01	9.977762e-04
1.136128e-01	9.994614e-04
1.136384e-01	1.001286e-03
1.136640e-01	1.002279e-03
1.136896e-01	1.003747e-03
1.137152e-01	1.003678e-03
1.137408e-01	1.004792e-03
1.137664e-01	1.004627e-03
1.137920e-01	1.004747e-03
1.138176e-01	1.004522e-03
1.138432e-01	1.004153e-03
1.138688e-01	1.003627e-03
1.138944e-01	1.002204e-03
1.139200e-01	1.001125e-03
1.139456e-01	9.998032e-04
1.139712e-01	9.979075e-04
1.139968e-01	9.961292e-04
1.140224e-01	9.934420e-04
1.140480e-01	9.912951e-04
1.140736e-01	9.882505e-04
1.140992e-01	9.856010e-04
1.141248e-01	9.821410e-04
1.141504e-01	9.790093e-04
1.141760e-01	9.751169e-04
1.142016e-01	9.712031e-04
1.142272e-01	9.676135e-04
1.142528e-01	9.627511e-04
1.142784e-01	9.578664e-04
1.143040e-01	9.530769e-04
1.143296e-01	9.474164e-04
1.143552e-01	9.428670e-04
1.143808e-01	9.364978e-04
1.144064e-01	9.311453e-04
1.144320e-01	9.248036e-04
1.144576e-01	9.184426e-04
1.144832e-01	9.119099e-04
1.145088e-01	9.050518e-04
1.145344e-01	8.981942e-04
1.145600e-01	8.908469e-04
1.145856e-01	8.829578e-04
1.146112e-01	8.755157e-04
1.146368e-01	8.675811e-04
1.146624e-01	8.591327e-04
1.146880e-01	8.508824e-04
1.147136e-01	8.427989e-04
1.147392e-01	8.330728e-04
1.147648e-01	8.242105e-04
1.147904e-01	8.150882e-04
1.148160e-01	8.053728e-04
1.148416e-01	7.957280e-04
1.148672e-01	7.858571e-04
1.148928e-01	7.754090e-04
1.149184e-01	7.656656e-04
1.149440e-01	7.548239e-04
1.149696e-01	7.441601e-04
1.149952e-01	7.328516e-04
1.150208e-01	7.222271e-04
1.150464e-01	7.102680e-04
1.150720e-01	6.990691e-04
1.150976e-01	6.875294e-04
1.151232e-01	6.752913e-04
1.151488e-01	6.633278e-04
1.151744e-01	6.511211e-04
1.152000e-01	6.382597e-04
1.152256e-01	6.257847e-04
1.152512e-01	6.133155e-04
1.152768e-01	6.003273e-04
1.153024e-01	5.867694e-04
1.153280e-01	5.739699e-04
1.153536e-01	5.603605e-04
1.153792e-01	5.469629e-04
1.154048e-01	5.329908e-04
1.154304e-01	5.194055e-04
1.154560e-01	5.049463e-04
1.154816e-01	4.908423e-04
1.155072e-01	4.766428e-04
1.155328e-01	4.622292e-04
1.155584e-01	4.475679e-04
1.155840e-01	4.327118e-04
1.156096e-01	4.179870e-04
1.156352e-01	4.030233e-04
1.156608e-01	3.876064e-04
1.156864e-01	3.729535e-04
1.157120e-01	3.571337e-04
1.157376e-01	3.416743e-04
1.157632e-01	3.263045e-04
1.157888e-01	3.112433e-04
1.158144e-01	2.947923e-04
1.158400e-01	2.793009e-04
1.158656e-01	2.632323e-04
1.158912e-01	2.475567e-04
1.159168e-01	2.312944e-04
1.159424e-01	2.154720e-04
1.159680e-01	1.994041e-04
1.159936e-01	1.828800e-04
1.160192e-01	1.666945e-04
1.160448e-01	1.504219e-04
1.160704e-01	1.341749e-04
1.160960e-01	1.177018e-04
1.161216e-01	1.010105e-04
1.161472e-01	8.485558e-05
1.161728e-01	6.766404e-05
1.161984e-01	5.124513e-05
1.162240e-01	3.475877e-05
1.162496e-01	1.810247e-05
1.162752e-01	1.500928e-06
1.163008e-01	-1.489520e-05
1.163264e-01	-3.181020e-05
1.163520e-01	-4.813363e-05
1.163776e-01	-6.547240e-05
1.164032e-01	-8.140909e-05
1.164288e-01	-9.846092e-05
1.164544e-01	-1.152439e-04
1.164800e-01	-1.317738e-04
1.165056e-01	-1.483782e-04
1.165312e-01	-1.648874e-04
1.165568e-01	-1.815628e-04
1.165824e-01	-1.980483e-04
1.166080e-01	-2.142677e-04
1.166336e-01	-2.310283e-04
1.166592e-01	-2.468305e-04
1.166848e-01	-2.634893e-04
1.167104e-01	-2.794794e-04
1.167360e-01	-2.958599e-04
1.167616e-01	-3.119344e-04
1.167872e-01	-3.277358e-04
1.168128e-01	-3.436702e-04
1.168384e-01	-3.595330e-04
1.168640e-01	-3.752850e-04
1.168896e-01	-3.910551e-04
1.169152e-01	-4.063939e-04
1.169408e-01	-4.217503e-04
1.169664e-01	-4.371908e-04
1.169920e-01	-4.528884e-04
1.170176e-01	-4.676444e-04
1.170432e-01	-4.829443e-04
1.170688e-01	-4.971949e-04
1.170944e-01	-5.125459e-04
1.171200e-01	-5.266598e-04
1.171456e-01	-5.412590e-04
1.171712e-01	-5.557889e-04
1.171968e-01	-5.701497e-04
1.172224e-01	-5.841561e-04
1.172480e-01	-5.977385e-04
1.172736e-01	-6.116501e-04
1.172992e-01	-6.255828e-04
1.173248e-01	-6.386380e-04
1.173504e-01	-6.518887e-04
1.173760e-01	-6.651444e-04
1.174016e-01	-6.780778e-04
1.174272e-01	-6.904522e-04
1.174528e-01	-7.034337e-04
1.174784e-01	-7.154252e-04
1.175040e-01	-7.278897e-04
1.175296e-01	-7.396541e-04
1.175552e-01	-7.515216e-04
1.175808e-01	-7.628889e-04
1.176064e-01	-7.745150e-04
1.176320e-01	-7.855815e-04
1.176576e-01	-7.960899e-04
1.176832e-01	-8.071137e-04
1.177088e-01	-8.179049e-04
1.177344e-01	-8.277129e-04
1.177600e-01	-8.384517e-04
1.177856e-01	-8.476602e-04
1.178112e-01	-8.577794e-04
1.178368e-01	-8.671380e-04
1.178624e-01	-8.760181e-04
1.178880e-01	-8.846793e-04
1.179136e-01	-8.935680e-04
1.179392e-01	-9.018396e-04
1.179648e-01	-9.100250e-04
1.179904e-01	-9.180442e-04
1.180160e-01	-9.253494e-04
1.180416e-01	-9.331764e-04
1.180672e-01	-9.402003e-04
1.180928e-01	-9.469296e-04
1.181184e-01	-9.542074e-04
1.181440e-01	-9.597787e-04
1.181696e-01	-9.665980e-04
1.181952e-01	-9.720768e-04
1.182208e-01	-9.777790e-04
1.182464e-01	-9.830791e-04
1.182720e-01	-9.882166e-04
1.182976e-01	-9.930254e-04
1.183232e-01	-9.975603e-04
1.183488e-01	-1.001468e-03
1.183744e-01	-1.005842e-03
1.184000e-01	-1.009473e-03
1.184256e-01	-1.012808e-03
1.184512e-01	-1.015798e-03
1.184768e-01	-1.018707e-03
1.185024e-01	-1.021174e-03
1.185280e-01	-1.023714e-03
1.185536e-01	-1.025794e-03
1.185792e-01	-1.027549e-03
1.186048e-01	-1.028795e-03
1.186304e-01	-1.030374e-03
1.186560e-01	-1.030872e-03
1.186816e-01	-1.031758e-03
1.187072e-01	-1.032073e-03
1.187328e-01	-1.032308e-03
1.187584e-01	-1.031458e-03
1.187840e-01	-1.031316e-03
1.188096e-01	-1.030619e-03
1.188352e-01	-1.029458e-03
1.188608e-01	-1.028372e-03
1.188864e-01	-1.026675e-03
1.189120e-01	-1.024737e-03
1.189376e-01	-1.022664e-03
1.189632e-01	-1.019905e-03
1.189888e-01	-1.017316e-03
1.190144e-01	-1.014117e-03
1.190400e-01	-1.011263e-03
1.190656e-01	-1.007722e-03
1.190912e-01	-1.004361e-03
1.191168e-01	-9.997674e-04
1.191424e-01	-9.956753e-04
1.191680e-01	-9.910299e-04
1.191936e-01	-9.863442e-04
1.192192e-01	-9.811240e-04
1.192448e-01	-9.758517e-04
1.192704e-01	-9.701432e-04
1.192960e-01	-9.642453e-04
1.193216e-01	-9.580360e-04
1.193472e-01	-9.521869e-04
1.193728e-01	-9.451528e-04
1.193984e-01	-9.384084e-04
1.194240e-01	-9.309770e-04
1.194496e-01	-9.238049e-04
1.194752e-01	-9.161823e-04
1.195008e-01	-9.084304e-04
1.195264e-01	-9.008739e-04
1.195520e-01	-8.923130e-04
1.195776e-01	-8.839962e-04
1.196032e-01	-8.756248e-04
1.196288e-01	-8.658131e-04
1.196544e-01	-8.570660e-04
1.196800e-01	-8.474740e-04
1.197056e-01	-8.379181e-04
1.197312e-01	-8.279971e-04
1.197568e-01	-8.179439e-04
1.197824e-01	-8.076953e-04
1.198080e-01	-7.977626e-04
1.198336e-01	-7.868316e-04
1.198592e-01	-7.760900e-04
1.198848e-01	-7.648804e-04
1.199104e-01	-7.541988e-04
1.199360e-01	-7.419850e-04
1.199616e-01	-7.303011e-04
1.199872e-01	-7.188105e-04
1.200128e-01	-7.069093e-04
1.200384e-01	-6.950496e-04
1.200640e-01	-6.825409e-04
1.200896e-01	-6.699942e-04
1.201152e-01	-6.572382e-04
1.201408e-01	-6.442391e-04
1.201664e-01	-6.315800e-04
1.201920e-01	-6.179709e-04
1.202176e-01	-6.053118e-04
1.202432e-01	-5.915480e-04
1.202688e-01	-5.780923e-04
1.202944e-01	-5.639978e-04
1.203200e-01	-5.502789e-04
1.203456e-01	-5.360381e-04
1.203712e-01	-5.222677e-04
1.203968e-01	-5.078370e-04
1.204224e-01	-4.932869e-04
1.204480e-01	-4.791415e-04
1.204736e-01	-4.646384e-04
1.204992e-01	-4.495725e-04
1.205248e-01	-4.348639e-04
1.205504e-01	-4.200106e-04
1.205760e-01	-4.047080e-04
1.206016e-01	-3.893797e-04
1.206272e-01	-3.746937e-04
1.206528e-01	-3.589852e-04
1.206784e-01	-3.440992e-04
1.207040e-01	-3.281961e-04
1.207296e-01	-3.128618e-04
1.207552e-01	-2.970923e-04
1.207808e-01	-2.816688e-04
1.208064e-01	-2.660225e-04
1.208320e-01	-2.499917e-04
1.208576e-01	-2.338350e-04
1.208832e-01	-2.181560e-04
1.209088e-01	-2.024463e-04
1.209344e-01	-1.866289e-04
1.209600e-01	-1.699326e-04
1.209856e-01	-1.539846e-04
1.210112e-01	-1.382113e-04
1.210368e-01	-1.220030e-04
1.210624e-01	-1.057389e-04
1.210880e-01	-8.963681e-05
1.211136e-01	-7.357228e-05
1.211392e-01	-5.755165e-05
1.211648e-01	-4.065142e-05
1.211904e-01	-2.526148e-05
1.212160e-01	-8.574198e-06
1.212416e-01	7.590759e-06
1.212672e-01	2.359062e-05
1.212928e-01	3.976535e-05
1.213184e-01	5.600309e-05
1.213440e-01	7.175612e-05
1.213696e-01	8.802866e-05
1.213952e-01	1.043545e-04
1.214208e-01	1.204191e-04
1.214464e-01	1.359615e-04
1.214720e-01	1.522754e-04
1.214976e-01	1.680963e-04
1.215232e-01	1.839093e-04
1.215488e-01	1.996521e-04
1.215744e-01	2.155082e-04
1.216000e-01	2.306594e-04
1.216256e-01	2.468056e-04
1.216512e-01	2.625100e-04
1.216768e-01	2.780319e-04
1.217024e-01	2.930124e-04
1.217280e-01	3.085574e-04
1.217536e-01	3.234371e-04
1.217792e-01	3.388943e-04
1.218048e-01	3.537005e-04
1.218304e-01	3.685606e-04
1.218560e-01	3.834915e-04
1.218816e-01	3.980597e-04
1.219072e-01	4.131278e-04
1.219328e-01	4.275333e-04
1.219584e-01	4.416508e-04
1.219840e-01	4.565426e-04
1.220096e-01	4.699575e-04
1.220352e-01	4.844865e-04
1.220608e-01	4.982683e-04
1.220864e-01	5.121314e-04
1.221120e-01	5.258974e-04
1.221376e-01	5.394963e-04
1.221632e-01	5.527825e-04
1.221888e-01	5.662959e-04
1.222144e-01	5.792452e-04
1.222400e-01	5.917745e-04
1.222656e-01	6.045868e-04
1.222912e-01	6.174684e-04
1.223168e-01	6.300718e-04
1.223424e-01	6.425742e-04
1.223680e-01	6.542388e-04
1.223936e-01	6.668738e-04
1.224192e-01	6.775914e-04
1.224448e-01	6.897336e-04
1.224704e-01	7.014697e-04
1.224960e-01	7.130996e-04
1.225216e-01	7.241814e-04
1.225472e-01	7.348902e-04
1.225728e-01	7.458919e-04
1.225984e-01	7.562159e-04
1.226240e-01	7.667928e-04
1.226496e-01	7.769872e-04
1.226752e-01	7.865091e-04
1.227008e-01	7.964842e-04
1.227264e-01	8.062261e-04
1.227520e-01	8.155254e-04
1.227776e-01	8.243808e-04
1.228032e-01	8.340236e-04
1.228288e-01	8.423963e-04
1.228544e-01	8.513468e-04
1.228800e-01	8.591212e-04
1.229056e-01	8.674674e-04
1.229312e-01	8.754737e-04
1.229568e-01	8.833503e-04
1.229824e-01	8.907780e-04
1.230080e-01	8.979792e-04
1.230336e-01	9.048395e-04
1.230592e-01	9.117115e-04
1.230848e-01	9.180165e-04
1.231104e-01	9.245684e-04
1.231360e-01	9.302704e-04
1.231616e-01	9.363720e-04
1.231872e-01	9.419676e-04
1.232128e-01	9.472752e-04
1.232384e-01	9.523677e-04
1.232640e-01	9.575115e-04
1.232896e-01	9.621513e-04
1.233152e-01	9.664384e-04
1.233408e-01	9.709057e-04
1.233664e-01	9.749737e-04
1.233920e-01	9.782644e-04
1.234176e-01	9.818382e-04
1.234432e-01	9.851198e-04
1.234688e-01	9.886391e-04
1.234944e-01	9.903160e-04
1.235200e-01	9.933655e-04
1.235456e-01	9.957820e-04
1.235712e-01	9.974558e-04
1.235968e-01	9.994018e-04
1.236224e-01	1.000900e-03
1.236480e-01	1.001648e-03
1.236736e-01	1.003469e-03
1.236992e-01	1.003760e-03
1.237248e-01	1.004430e-03
1.237504e-01	1.004830e-03
1.237760e-01	1.004743e-03
1.238016e-01	1.004615e-03
1.238272e-01	1.004024e-03
1.238528e-01	1.003390e-03
1.238784e-01	1.002429e-03
1.239040e-01	1.000863e-03
1.239296e-01	9.998630e-04
1.239552e-01	9.980766e-04
1.239808e-01	9.961273e-04
1.240064e-01	9.935633e-04
1.240320e-01	9.913382e-04
1.240576e-01	9.883597e-04
1.240832e-01	9.858268e-04
1.241088e-01	9.823161e-04
1.241344e-01	9.792408e-04
1.241600e-01	9.755358e-04
1.241856e-01	9.718054e-04
1.242112e-01	9.677320e-04
1.242368e-01	9.629026e-04
1.242624e-01	9.586378e-04
1.242880e-01	9.534889e-04
1.243136e-01	9.480771e-04
1.243392e-01	9.432425e-04
1.243648e-01	9.368114e-04
1.243904e-01	9.318672e-04
1.244160e-01	9.256905e-04
1.244416e-01	9.191369e-04
1.244672e-01	9.124467e-04
1.244928e-01	9.056721e-04
1.245184e-01	8.986899e-04
1.245440e-01	8.917403e-04
1.245696e-01	8.838768e-04
1.245952e-01	8.765032e-04
1.246208e-01	8.686711e-04
1.246464e-01	8.603230e-04
1.246720e-01	8.518037e-04
1.246976e-01	8.433943e-04
1.247232e-01	8.340076e-04
1.247488e-01	8.254490e-04
1.247744e-01	8.158380e-04
1.248000e-01	8.064623e-04
1.248256e-01	7.971221e-04
1.248512e-01	7.867066e-04
1.248768e-01	7.768059e-04
1.249024e-01	7.665645e-04
1.249280e-01	7.558402e-04
1.249536e-01	7.452068e-04
1.249792e-01	7.338716e-04
1.250048e-01	7.232115e-04
1.250304e-01	7.113034e-04
1.250560e-01	7.004025e-04
1.250816e-01	6.885303e-04
1.251072e-01	6.767930e-04
1.251328e-01	6.642720e-04
1.251584e-01	6.520720e-04
1.251840e-01	6.399083e-04
1.252096e-01	6.274369e-04
1.252352e-01	6.145613e-04
1.252608e-01	6.015438e-04
1.252864e-01	5.882302e-04
1.253120e-01	5.751887e-04
1.253376e-01	5.617021e-04
1.253632e-01	5.483271e-04
1.253888e-01	5.341421e-04
1.254144e-01	5.205560e-04
1.254400e-01	5.067885e-04
1.254656e-01	4.924403e-04
1.254912e-01	4.776811e-04
1.255168e-01	4.630187e-04
1.255424e-01	4.488292e-04
1.255680e-01	4.343247e-04
1.255936e-01	4.191999e-04
1.256192e-01	4.046460e-04
1.256448e-01	3.892663e-04
1.256704e-01	3.744407e-04
1.256960e-01	3.587280e-04
1.257216e-01	3.436510e-04
1.257472e-01	3.276669e-04
1.257728e-01	3.121184e-04
1.257984e-01	2.965680e-04
1.258240e-01	2.807970e-04
1.258496e-01	2.647164e-04
1.258752e-01	2.487671e-04
1.259008e-01	2.331228e-04
1.259264e-01	2.168530e-04
1.259520e-01	2.006900e-04
1.259776e-01	1.849935e-04
1.260032e-01	1.677894e-04
1.260288e-01	1.520699e-04
1.260544e-01	1.353579e-04
1.260800e-01	1.190263e-04
1.261056e-01	1.023752e-04
1.261312e-01	8.598747e-05
1.261568e-01	6.948091e-05
1.261824e-01	5.289152e-05
1.262080e-01	3.609698e-05
1.262336e-01	1.960361e-05
1.262592e-01	2.959091e-06
1.262848e-01	-1.355996e-05
1.263104e-01	-3.019084e-05
1.263360e-01	-4.715513e-05
1.263616e-01	-6.365665e-05
1.263872e-01	-8.025325e-05
1.264128e-01	-9.753613e-05
1.264384e-01	-1.135659e-04
1.264640e-01	-1.301407e-04
1.264896e-01	-1.468047e-04
1.265152e-01	-1.633142e-04
1.265408e-01	-1.797301e-04
1.265664e-01	-1.967812e-04
1.265920e-01	-2.128182e-04
1.266176e-01	-2.292177e-04
1.266432e-01	-2.451130e-04
1.266688e-01	-2.619853e-04
1.266944e-01	-2.782447e-04
1.267200e-01	-2.944153e-04
1.267456e-01	-3.101014e-04
1.267712e-01	-3.264183e-04
1.267968e-01	-3.419947e-04
1.268224e-01	-3.578766e-04
1.268480e-01	-3.740100e-04
1.268736e-01	-3.892910e-04
1.268992e-01	-4.046929e-04
1.269248e-01	-4.204415e-04
1.269504e-01	-4.359779e-04
1.269760e-01	-4.511590e-04
1.270016e-01	-4.658173e-04
1.270272e-01	-4.813918e-04
1.270528e-01	-4.959762e-04
1.270784e-01	-5.110537e-04
1.271040e-01	-5.254023e-04
1.271296e-01	-5.401834e-04
1.271552e-01	-5.541433e-04
1.271808e-01	-5.683803e-04
1.272064e-01	-5.825279e-04
1.272320e-01	-5.964570e-04
1.272576e-01	-6.104747e-04
1.272832e-01	-6.237603e-04
1.273088e-01	-6.375549e-04
1.273344e-01	-6.507440e-04
1.273600e-01	-6.632740e-04
1.273856e-01	-6.769897e-04
1.274112e-01	-6.893446e-04
1.274368e-01	-7.021160e-04
1.274624e-01	-7.141890e-04
1.274880e-01	-7.265325e-04
1.275136e-01	-7.382049e-04
1.275392e-01	-7.499703e-04
1.275648e-01	-7.614174e-04
1.275904e-01	-7.735422e-04
1.276160e-01	-7.843853e-04
1.276416e-01	-7.949661e-04
1.276672e-01	-8.062511e-04
1.276928e-01	-8.167010e-04
1.277184e-01	-8.268123e-04
1.277440e-01	-8.372671e-04
1.277696e-01	-8.467587e-04
1.277952e-01	-8.566592e-04
1.278208e-01	-8.656651e-04
1.278464e-01	-8.752946e-04
1.278720e-01	-8.841530e-04
1.278976e-01	-8.925068e-04
1.279232e-01	-9.008662e-04
1.279488e-01	-9.097432e-04
1.279744e-01	-9.172686e-04
1.280000e-01	-9.247102e-04
1.280256e-01	-9.323267e-04
1.280512e-01	-9.395837e-04
1.280768e-01	-9.469402e-04
1.281024e-01	-9.533397e-04
1.281280e-01	-9.591010e-04
1.281536e-01	-9.660131e-04
1.281792e-01	-9.717371e-04
1.282048e-01	-9.772051e-04
1.282304e-01	-9.826529e-04
1.282560e-01	-9.879839e-04
1.282816e-01	-9.921496e-04
1.283072e-01	-9.973109e-04
1.283328e-01	-1.001157e-03
1.283584e-01	-1.005182e-03
1.283840e-01	-1.009192e-03
1.284096e-01	-1.012491e-03
1.284352e-01	-1.015534e-03
1.284608e-01	-1.018551e-03
1.284864e-01	-1.021169e-03
1.285120e-01	-1.023547e-03
1.285376e-01	-1.025393e-03
1.285632e-01	-1.027307e-03
1.285888e-01	-1.028682e-03
1.286144e-01	-1.030239e-03
1.286400e-01	-1.030534e-03
1.286656e-01	-1.031700e-03
1.286912e-01	-1.031871e-03
1.287168e-01	-1.031926e-03
1.287424e-01	-1.032068e-03
1.287680e-01	-1.031681e-03
1.287936e-01	-1.030653e-03
1.288192e-01	-1.029750e-03
1.288448e-01	-1.028581e-03
1.288704e-01	-1.026709e-03
1.288960e-01	-1.024239e-03
1.289216e-01	-1.023171e-03
1.289472e-01	-1.020311e-03
1.289728e-01	-1.017718e-03
1.289984e-01	-1.015078e-03
1.290240e-01	-1.011931e-03
1.290496e-01	-1.008350e-03
1.290752e-01	-1.004472e-03
1.291008e-01	-1.000443e-03
1.291264e-01	-9.963360e-04
1.291520e-01	-9.917552e-04
1.291776e-01	-9.869937e-04
1.292032e-01	-9.816886e-04
1.292288e-01	-9.763954e-04
1.292544e-01	-9.707785e-04
1.292800e-01	-9.652303e-04
1.293056e-01	-9.587560e-04
1.293312e-01	-9.524768e-04
1.293568e-01	-9.457174e-04
1.293824e-01	-9.392658e-04
1.294080e-01	-9.318735e-04
1.294336e-01	-9.248795e-04
1.294592e-01	-9.171469e-04
1.294848e-01	-9.094404e-04
1.295104e-01	-9.013520e-04
1.295360e-01	-8.931313e-04
1.295616e-01	-8.845284e-04
1.295872e-01	-8.760433e-04
1.296128e-01	-8.668834e-04
1.296384e-01	-8.580994e-04
1.296640e-01	-8.484420e-04
1.296896e-01	-8.387474e-04
1.297152e-01	-8.293985e-04
1.297408e-01	-8.192417e-04
1.297664e-01	-8.091013e-04
1.297920e-01	-7.986057e-04
1.298176e-01	-7.874275e-04
1.298432e-01	-7.775993e-04
1.298688e-01	-7.659746e-04
1.298944e-01	-7.547957e-04
1.299200e-01	-7.436256e-04
1.299456e-01	-7.320448e-04
1.299712e-01	-7.198255e-04
1.299968e-01	-7.083121e-04
1.300224e-01	-6.961831e-04
1.300480e-01	-6.835526e-04
1.300736e-01	-6.708636e-04
1.300992e-01	-6.584782e-04
1.301248e-01	-6.455625e-04
1.301504e-01	-6.325188e-04
1.301760e-01	-6.192335e-04
1.302016e-01	-6.062625e-04
1.302272e-01	-5.926110e-04
1.302528e-01	-5.795361e-04
1.302784e-01	-5.656100e-04
1.303040e-01	-5.515331e-04
1.303296e-01	-5.372824e-04
1.303552e-01	-5.233788e-04
1.303808e-01	-5.091949e-04
1.304064e-01	-4.948652e-04
1.304320e-01	-4.804333e-04
1.304576e-01	-4.659361e-04
1.304832e-01	-4.512110e-04
1.305088e-01	-4.363438e-04
1.305344e-01	-4.210470e-04
1.305600e-01	-4.064349e-04
1.305856e-01	-3.910543e-04
1.306112e-01	-3.760236e-04
1.306368e-01	-3.605261e-04
1.306624e-01	-3.451242e-04
1.306880e-01	-3.295373e-04
1.307136e-01	-3.144880e-04
1.307392e-01	-2.988071e-04
1.307648e-01	-2.833897e-04
1.307904e-01	-2.670712e-04
1.308160e-01	-2.517779e-04
1.308416e-01	-2.355839e-04
1.308672e-01	-2.194034e-04
1.308928e-01	-2.041216e-04
1.309184e-01	-1.879151e-04
1.309440e-01	-1.712633e-04
1.309696e-01	-1.556839e-04
1.309952e-01	-1.400159e-04
1.310208e-01	-1.235012e-04
1.310464e-01	-1.072407e-04
1.310720e-01	-9.156327e-05
1.310976e-01	-7.495616e-05
1.311232e-01	-5.891762e-05
1.311488e-01	-4.260087e-05
1.311744e-01	-2.656969e-05
1.312000e-01	-9.897803e-06
1.312256e-01	6.042103e-06
1.312512e-01	2.233995e-05
1.312768e-01	3.763260e-05
1.313024e-01	5.419543e-05
1.313280e-01	7.068725e-05
1.313536e-01	8.653933e-05
1.313792e-01	1.026168e-04
1.314048e-01	1.184873e-04
1.314304e-01	1.343444e-04
1.314560e-01	1.508015e-04
1.314816e-01	1.666001e-04
1.315072e-01	1.822039e-04
1.315328e-01	1.980845e-04
1.315584e-01	2.142111e-04
1.315840e-01	2.292129e-04
1.316096e-01	2.451531e-04
1.316352e-01	2.606789e-04
1.316608e-01	2.760732e-04
1.316864e-01	2.916543e-04
1.317120e-01	3.072752e-04
1.317376e-01	3.220680e-04
1.317632e-01	3.374985e-04
1.317888e-01	3.522073e-04
1.318144e-01	3.671724e-04
1.318400e-01	3.823239e-04
1.318656e-01	3.968092e-04
1.318912e-01	4.115407e-04
1.319168e-01	4.264845e-04
1.319424e-01	4.405732e-04
1.319680e-01	4.552393e-04
1.319936e-01	4.686486e-04
1.320192e-01	4.830988e-04
1.320448e-01	4.971020e-04
1.320704e-01	5.108963e-04
1.320960e-01	5.243666e-04
1.321216e-01	5.382684e-04
1.321472e-01	5.516329e-04
1.321728e-01	5.645689e-04
1.321984e-01	5.780798e-04
1.322240e-01	5.910039e-04
1.322496e-01	6.035232e-04
1.322752e-01	6.165240e-04
1.323008e-01	6.285612e-04
1.323264e-01	6.415033e-04
1.323520e-01	6.535483e-04
1.323776e-01	6.653484e-04
1.324032e-01	6.772315e-04
1.324288e-01	6.892263e-04
1.324544e-01	7.004088e-04
1.324800e-01	7.120212e-04
1.325056e-01	7.227667e-04
1.325312e-01	7.341183e-04
1.325568e-01	7.446296e-04
1.325824e-01	7.552280e-04
1.326080e-01	7.658884e-04
1.326336e-01	7.757981e-04
1.326592e-01	7.859513e-04
1.326848e-01	7.956860e-04
1.327104e-01	8.052508e-04
1.327360e-01	8.149353e-04
1.327616e-01	8.237208e-04
1.327872e-01	8.331026e-04
1.328128e-01	8.413901e-04
1.328384e-01	8.502305e-04
1.328640e-01	8.580681e-04
1.328896e-01	8.666310e-04
1.329152e-01	8.746742e-04
1.329408e-01	8.823323e-04
1.329664e-01	8.899441e-04
1.329920e-01	8.971867e-04
1.330176e-01	9.040529e-04
1.330432e-01	9.109206e-04
1.330688e-01	9.175612e-04
1.330944e-01	9.238506e-04
1.331200e-01	9.299285e-04
1.331456e-01	9.358257e-04
1.331712e-01	9.414374e-04
1.331968e-01	9.470744e-04
1.332224e-01	9.517432e-04
1.332480e-01	9.573230e-04
1.332736e-01	9.613164e-04
1.332992e-01	9.663908e-04
1.333248e-01	9.700569e-04
1.333504e-01	9.744309e-04
1.333760e-01	9.783265e-04
1.334016e-01	9.813521e-04
1.334272e-01	9.850110e-04
1.334528e-01	9.874161e-04
1.334784e-01	9.908673e-04
1.335040e-01	9.934130e-04
1.335296e-01	9.953195e-04
1.335552e-01	9.975906e-04
1.335808e-01	9.987813e-04
1.336064e-01	1.001091e-03
1.336320e-01	1.001779e-03
1.336576e-01	1.003224e-03
1.336832e-01	1.003684e-03
1.337088e-01	1.004266e-03
1.337344e-01	1.004672e-03
1.337600e-01	1.004374e-03
1.337856e-01	1.004210e-03
1.338112e-01	1.004227e-03
1.338368e-01	1.003118e-03
1.338624e-01	1.002463e-03
1.338880e-01	1.001383e-03
1.339136e-01	9.995945e-04
1.339392e-01	9.981235e-04
1.339648e-01	9.965348e-04
1.339904e-01	9.938740e-04
1.340160e-01	9.916463e-04
1.340416e-01	9.891193e-04
1.340672e-01	9.864004e-04
1.340928e-01	9.825419e-04
1.341184e-01	9.800217e-04
1.341440e-01	9.762595e-04
1.341696e-01	9.717862e-04
1.341952e-01	9.679819e-04
1.342208e-01	9.639445e-04
1.342464e-01	9.591912e-04
1.342720e-01	9.540981e-04
1.342976e-01	9.489111e-04
1.343232e-01	9.437841e-04
1.343488e-01	9.375324e-04
1.343744e-01	9.321189e-04
1.344000e-01	9.263858e-04
1.344256e-01	9.201748e-04
1.344512e-01	9.131755e-04
1.344768e-01	9.067922e-04
1.345024e-01	8.996415e-04
1.345280e-01	8.924833e-04
1.345536e-01	8.848514e-04
1.345792e-01	8.768245e-04
1.346048e-01	8.690727e-04
1.346304e-01	8.609096e-04
1.346560e-01	8.525685e-04
1.346816e-01	8.442149e-04
1.347072e-01	8.351103e-04
1.347328e-01	8.265126e-04
1.347584e-01	8.166932e-04
1.347840e-01	8.075671e-04
1.348096e-01	7.973164e-04
1.348352e-01	7.879180e-04
1.348608e-01	7.777470e-04
1.348864e-01	7.674312e-04
1.349120e-01	7.570541e-04
1.349376e-01	7.465811e-04
1.349632e-01	7.354367e-04
1.349888e-01	7.240233e-04
1.350144e-01	7.131603e-04
1.350400e-01	7.017753e-04
1.350656e-01	6.898080e-04
1.350912e-01	6.780881e-04
1.351168e-01	6.654950e-04
1.351424e-01	6.530814e-04
1.351680e-01	6.413432e-04
1.351936e-01	6.286690e-04
1.352192e-01	6.156113e-04
1.352448e-01	6.030573e-04
1.352704e-01	5.892238e-04
1.352960e-01	5.765462e-04
1.353216e-01	5.623403e-04
1.353472e-01	5.496948e-04
1.353728e-01	5.357583e-04
1.353984e-01	5.217743e-04
1.354240e-01	5.079256e-04
1.354496e-01	4.933181e-04
1.354752e-01	4.800023e-04
1.355008e-01	4.651556e-04
1.355264e-01	4.504240e-04
1.355520e-01	4.360946e-04
1.355776e-01	4.203915e-04
1.356032e-01	4.059085e-04
1.356288e-01	3.904238e-04
1.356544e-01	3.755159e-04
1.356800e-01	3.606440e-04
1.357056e-01	3.448244e-04
1.357312e-01	3.291850e-04
1.357568e-01	3.140012e-04
1.357824e-01	2.978063e-04
1.358080e-01	2.826960e-04
1.358336e-01	2.665010e-04
1.358592e-01	2.504503e-04
1.358848e-01	2.343812e-04
1.359104e-01	2.183815e-04
1.359360e-01	2.019873e-04
1.359616e-01	1.860584e-04
1.359872e-01	1.698834e-04
1.360128e-01	1.535332e-04
1.360384e-01	1.371884e-04
1.360640e-01	1.205546e-04
1.360896e-01	1.042818e-04
1.361152e-01	8.744330e-05
1.361408e-01	7.080130e-05
1.361664e-01	5.526969e-05
1.361920e-01	3.762743e-05
1.362176e-01	2.147249e-05
1.362432e-01	4.977441e-06
1.362688e-01	-1.188962e-05
1.362944e-01	-2.832350e-05
1.363200e-01	-4.512554e-05
1.363456e-01	-6.271673e-05
1.363712e-01	-7.840765e-05
1.363968e-01	-9.567044e-05
1.364224e-01	-1.123533e-04
1.364480e-01	-1.284317e-04
1.364736e-01	-1.456246e-04
1.364992e-01	-1.617542e-04
1.365248e-01	-1.781620e-04
1.365504e-01	-1.951690e-04
1.365760e-01	-2.109984e-04
1.366016e-01	-2.277295e-04
1.366272e-01	-2.440392e-04
1.366528e-01	-2.604760e-04
1.366784e-01	-2.765461e-04
1.367040e-01	-2.928021e-04
1.367296e-01	-3.087028e-04
1.367552e-01	-3.246951e-04
1.367808e-01	-3.405580e-04
1.368064e-01	-3.564207e-04
1.368320e-01	-3.721106e-04
1.368576e-01	-3.875568e-04
1.368832e-01	-4.034037e-04
1.369088e-01	-4.192623e-04
1.369344e-01	-4.340305e-04
1.369600e-01	-4.495891e-04
1.369856e-01	-4.646993e-04
1.370112e-01	-4.802214e-04
1.370368e-01	-4.943779e-04
1.370624e-01	-5.097477e-04
1.370880e-01	-5.240864e-04
1.371136e-01	-5.384447e-04
1.371392e-01	-5.532575e-04
1.371648e-01	-5.671580e-04
1.371904e-01	-5.812522e-04
1.372160e-01	-5.950481e-04
1.372416e-01	-6.087252e-04
1.372672e-01	-6.227032e-04
1.372928e-01	-6.358547e-04
1.373184e-01	-6.495743e-04
1.373440e-01	-6.623167e-04
1.373696e-01	-6.754170e-04
1.373952e-01	-6.881491e-04
1.374208e-01	-7.004146e-04
1.374464e-01	-7.128149e-04
1.374720e-01	-7.254223e-04
1.374976e-01	-7.370834e-04
1.375232e-01	-7.494441e-04
1.375488e-01	-7.607572e-04
1.375744e-01	-7.720034e-04
1.376000e-01	-7.832097e-04
1.376256e-01	-7.940208e-04
1.376512e-01	-8.048541e-04
1.376768e-01	-8.158394e-04
1.377024e-01	-8.254331e-04
1.377280e-01	-8.359413e-04
1.377536e-01	-8.460631e-04
1.377792e-01	-8.557305e-04
1.378048e-01	-8.646630e-04
1.378304e-01	-8.741246e-04
1.378560e-01	-8.829434e-04
1.378816e-01	-8.917280e-04
1.379072e-01	-9.001838e-04
1.379328e-01	-9.085461e-04
1.379584e-01	-9.166114e-04
1.379840e-01	-9.240852e-04
1.380096e-01	-9.317338e-04
1.380352e-01	-9.390219e-04
1.380608e-01	-9.458498e-04
1.380864e-01	-9.526150e-04
1.381120e-01	-9.585273e-04
1.381376e-01	-9.654863e-04
1.381632e-01	-9.713194e-04
1.381888e-01	-9.766222e-04
1.382144e-01	-9.818668e-04
1.382400e-01	-9.872754e-04
1.382656e-01	-9.917961e-04
1.382912e-01	-9.964178e-04
1.383168e-01	-1.000649e-03
1.383424e-01	-1.005129e-03
1.383680e-01	-1.008405e-03
1.383936e-01	-1.012272e-03
1.384192e-01	-1.015007e-03
1.384448e-01	-1.017945e-03
1.384704e-01	-1.020833e-03
1.384960e-01	-1.023056e-03
1.385216e-01	-1.025207e-03
1.385472e-01	-1.026843e-03
1.385728e-01	-1.028241e-03
1.385984e-01	-1.030046e-03
1.386240e-01	-1.030609e-03
1.386496e-01	-1.031092e-03
1.386752e-01	-1.031655e-03
1.387008e-01	-1.031745e-03
1.387264e-01	-1.031395e-03
1.387520e-01	-1.031422e-03
1.387776e-01	-1.030292e-03
1.388032e-01	-1.029595e-03
1.388288e-01	-1.028573e-03
1.388544e-01	-1.026910e-03
1.388800e-01	-1.024930e-03
1.389056e-01	-1.023319e-03
1.389312e-01	-1.020436e-03
1.389568e-01	-1.018016e-03
1.389824e-01	-1.015027e-03
1.390080e-01	-1.011620e-03
1.390336e-01	-1.008466e-03
1.390592e-01	-1.004710e-03
1.390848e-01	-1.000604e-03
1.391104e-01	-9.966766e-04
1.391360e-01	-9.918227e-04
1.391616e-01	-9.875417e-04
1.391872e-01	-9.821994e-04
1.392128e-01	-9.772684e-04
1.392384e-01	-9.714329e-04
1.392640e-01	-9.653884e-04
1.392896e-01	-9.596098e-04
1.393152e-01	-9.533482e-04
1.393408e-01	-9.467356e-04
1.393664e-01	-9.401612e-04
1.393920e-01	-9.325783e-04
1.394176e-01	-9.258980e-04
1.394432e-01	-9.179692e-04
1.394688e-01	-9.103772e-04
1.394944e-01	-9.021658e-04
1.395200e-01	-8.938560e-04
1.395456e-01	-8.857438e-04
1.395712e-01	-8.767410e-04
1.395968e-01	-8.680120e-04
1.396224e-01	-8.590120e-04
1.396480e-01	-8.492980e-04
1.396736e-01	-8.400924e-04
1.396992e-01	-8.300469e-04
1.397248e-01	-8.202118e-04
1.397504e-01	-8.099516e-04
1.397760e-01	-7.995817e-04
1.398016e-01	-7.888704e-04
1.398272e-01	-7.782518e-04
1.398528e-01	-7.669001e-04
1.398784e-01	-7.562274e-04
1.399040e-01	-7.444926e-04
1.399296e-01	-7.329310e-04
1.399552e-01	-7.215429e-04
1.399808e-01	-7.093769e-04
1.400064e-01	-6.969256e-04
1.400320e-01	-6.849616e-04
1.400576e-01	-6.724193e-04
1.400832e-01	-6.599253e-04
1.401088e-01	-6.466847e-04
1.401344e-01	-6.339852e-04
1.401600e-01	-6.207280e-04
1.401856e-01	-6.078409e-04
1.402112e-01	-5.939325e-04
1.402368e-01	-5.805895e-04
1.402624e-01	-5.672692e-04
1.402880e-01	-5.528725e-04
1.403136e-01	-5.390126e-04
1.403392e-01	-5.250868e-04
1.403648e-01	-5.104766e-04
1.403904e-01	-4.965343e-04
1.404160e-01	-4.819296e-04
1.404416e-01	-4.674008e-04
1.404672e-01	-4.526567e-04
1.404928e-01	-4.380702e-04
1.405184e-01	-4.228040e-04
1.405440e-01	-4.080255e-04
1.405696e-01	-3.925044e-04
1.405952e-01	-3.775904e-04
1.406208e-01	-3.622985e-04
1.406464e-01	-3.470700e-04
1.406720e-01	-3.314473e-04
1.406976e-01	-3.158894e-04
1.407232e-01	-3.000137e-04
1.407488e-01	-2.844733e-04
1.407744e-01	-2.688351e-04
1.408000e-01	-2.532859e-04
1.408256e-01	-2.369457e-04
1.408512e-01	-2.209590e-04
1.408768e-01	-2.055031e-04
1.409024e-01	-1.891645e-04
1.409280e-01	-1.730074e-04
1.409536e-01	-1.574526e-04
1.409792e-01	-1.408988e-04
1.410048e-01	-1.252685e-04
1.410304e-01	-1.089294e-04
1.410560e-01	-9.292219e-05
1.410816e-01	-7.643858e-05
1.411072e-01	-6.057558e-05
1.411328e-01	-4.399158e-05
1.411584e-01	-2.761810e-05
1.411840e-01	-1.194721e-05
1.412096e-01	4.514313e-06
1.412352e-01	2.085727e-05
1.412608e-01	3.635685e-05
1.412864e-01	5.312015e-05
1.413120e-01	6.923646e-05
1.413376e-01	8.514152e-05
1.413632e-01	1.010167e-04
1.413888e-01	1.170845e-04
1.414144e-01	1.333228e-04
1.414400e-01	1.492903e-04
1.414656e-01	1.650332e-04
1.414912e-01	1.811944e-04
1.415168e-01	1.964684e-04
1.415424e-01	2.126203e-04
1.415680e-01	2.282115e-04
1.415936e-01	2.439058e-04
1.416192e-01	2.589386e-04
1.416448e-01	2.746578e-04
1.416704e-01	2.900507e-04
1.416960e-01	3.054456e-04
1.417216e-01	3.207312e-04
1.417472e-01	3.358289e-04
1.417728e-01	3.505875e-04
1.417984e-01	3.656788e-04
1.418240e-01	3.805681e-04
1.418496e-01	3.955168e-04
1.418752e-01	4.100997e-04
1.419008e-01	4.243925e-04
1.419264e-01	4.387607e-04
1.419520e-01	4.537056e-04
1.419776e-01	4.676111e-04
1.420032e-01	4.819072e-04
1.420288e-01	4.954474e-04
1.420544e-01	5.091834e-04
1.420800e-01	5.230766e-04
1.421056e-01	5.366967e-04
1.421312e-01	5.500005e-04
1.421568e-01	5.635163e-04
1.421824e-01	5.764813e-04
1.422080e-01	5.898449e-04
1.422336e-01	6.023130e-04
1.422592e-01	6.153808e-04
1.422848e-01	6.276704e-04
1.423104e-01	6.397685e-04
1.423360e-01	6.519075e-04
1.423616e-01	6.642069e-04
1.423872e-01	6.758475e-04
1.424128e-01	6.877576e-04
1.424384e-01	6.994591e-04
1.424640e-01	7.106275e-04
1.424896e-01	7.218206e-04
1.425152e-01	7.329817e-04
1.425408e-01	7.436949e-04
1.425664e-01	7.541493e-04
1.425920e-01	7.642545e-04
1.426176e-01	7.752280e-04
1.426432e-01	7.848140e-04
1.426688e-01	7.947549e-04
1.426944e-01	8.040685e-04
1.427200e-01	8.136436e-04
1.427456e-01	8.231819e-04
1.427712e-01	8.322892e-04
1.427968e-01	8.406499e-04
1.428224e-01	8.494604e-04
1.428480e-01	8.579484e-04
1.428736e-01	8.661022e-04
1.428992e-01	8.739296e-04
1.429248e-01	8.817929e-04
1.429504e-01	8.891756e-04
1.429760e-01	8.967139e-04
1.430016e-01	9.039035e-04
1.430272e-01	9.104982e-04
1.430528e-01	9.167032e-04
1.430784e-01	9.236051e-04
1.431040e-01	9.291045e-04
1.431296e-01	9.354004e-04
1.431552e-01	9.409115e-04
1.431808e-01	9.460723e-04
1.432064e-01	9.516404e-04
1.432320e-01	9.567223e-04
1.432576e-01	9.613461e-04
1.432832e-01	9.660645e-04
1.433088e-01	9.695642e-04
1.433344e-01	9.737851e-04
1.433600e-01	9.776399e-04
1.433856e-01	9.812616e-04
1.434112e-01	9.846279e-04
1.434368e-01	9.876600e-04
1.434624e-01	9.902028e-04
1.434880e-01	9.928960e-04
1.435136e-01	9.953354e-04
1.435392e-01	9.970313e-04
1.435648e-01	9.985985e-04
1.435904e-01	1.000797e-03
1.436160e-01	1.001985e-03
1.436416e-01	1.003095e-03
1.436672e-01	1.003767e-03
1.436928e-01	1.004467e-03
1.437184e-01	1.004472e-03
1.437440e-01	1.004705e-03
1.437696e-01	1.004106e-03
1.437952e-01	1.004154e-03
1.438208e-01	1.003113e-03
1.438464e-01	1.002571e-03
1.438720e-01	1.001280e-03
1.438976e-01	9.999048e-04
1.439232e-01	9.984081e-04
1.439488e-01	9.961948e-04
1.439744e-01	9.942614e-04
1.440000e-01	9.921639e-04
1.440256e-01	9.889691e-04
1.440512e-01	9.865925e-04
1.440768e-01	9.836517e-04
1.441024e-01	9.796784e-04
1.441280e-01	9.760999e-04
1.441536e-01	9.725815e-04
1.441792e-01	9.683399e-04
1.442048e-01	9.636847e-04
1.442304e-01	9.587397e-04
1.442560e-01	9.547113e-04
1.442816e-01	9.487165e-04
1.443072e-01	9.440267e-04
1.443328e-01	9.387715e-04
1.443584e-01	9.324212e-04
1.443840e-01	9.267166e-04
1.444096e-01	9.204082e-04
1.444352e-01	9.139770e-04
1.444608e-01	9.071180e-04
1.444864e-01	8.995991e-04
1.445120e-01	8.931176e-04
1.445376e-01	8.851613e-04
1.445632e-01	8.778580e-04
1.445888e-01	8.696856e-04
1.446144e-01	8.618727e-04
1.446400e-01	8.533805e-04
1.446656e-01	8.447759e-04
1.446912e-01	8.359332e-04
1.447168e-01	8.268891e-04
1.447424e-01	8.177451e-04
1.447680e-01	8.081770e-04
1.447936e-01	7.988638e-04
1.448192e-01	7.890643e-04
1.448448e-01	7.785934e-04
1.448704e-01	7.687755e-04
1.448960e-01	7.577441e-04
1.449216e-01	7.469016e-04
1.449472e-01	7.362203e-04
1.449728e-01	7.251797e-04
1.449984e-01	7.140065e-04
1.450240e-01	7.024172e-04
1.450496e-01	6.905098e-04
1.450752e-01	6.792808e-04
1.451008e-01	6.662161e-04
1.451264e-01	6.545722e-04
1.451520e-01	6.421342e-04
1.451776e-01	6.296128e-04
1.452032e-01	6.170709e-04
1.452288e-01	6.040747e-04
1.452544e-01	5.909001e-04
1.452800e-01	5.776144e-04
1.453056e-01	5.640213e-04
1.453312e-01	5.510846e-04
1.453568e-01	5.370530e-04
1.453824e-01	5.229832e-04
1.454080e-01	5.091622e-04
1.454336e-01	4.949896e-04
1.454592e-01	4.805289e-04
1.454848e-01	4.661247e-04
1.455104e-01	4.516386e-04
1.455360e-01	4.370557e-04
1.455616e-01	4.221148e-04
1.455872e-01	4.075593e-04
1.456128e-01	3.921051e-04
1.456384e-01	3.770980e-04
1.456640e-01	3.617429e-04
1.456896e-01	3.464981e-04
1.457152e-01	3.306413e-04
1.457408e-01	3.155093e-04
1.457664e-01	2.997788e-04
1.457920e-01	2.838142e-04
1.458176e-01	2.679353e-04
1.458432e-01	2.521997e-04
1.458688e-01	2.359131e-04
1.458944e-01	2.200655e-04
1.459200e-01	2.036812e-04
1.459456e-01	1.878724e-04
1.459712e-01	1.711529e-04
1.459968e-01	1.548653e-04
1.460224e-01	1.386834e-04
1.460480e-01	1.218928e-04
1.460736e-01	1.056877e-04
1.460992e-01	8.939346e-05
1.461248e-01	7.239269e-05
1.461504e-01	5.615526e-05
1.461760e-01	3.937928e-05
1.462016e-01	2.286443e-05
1.462272e-01	5.984553e-06
1.462528e-01	-1.031166e-05
1.462784e-01	-2.710211e-05
1.463040e-01	-4.356767e-05
1.463296e-01	-6.064176e-05
1.463552e-01	-7.748260e-05
1.463808e-01	-9.394792e-05
1.464064e-01	-1.104280e-04
1.464320e-01	-1.269514e-04
1.464576e-01	-1.437427e-04
1.464832e-01	-1.602677e-04
1.465088e-01	-1.764962e-04
1.465344e-01	-1.933116e-04
1.465600e-01	-2.096240e-04
1.465856e-01	-2.265068e-04
1.466112e-01	-2.421918e-04
1.466368e-01	-2.588075e-04
1.466624e-01	-2.751694e-04
1.466880e-01	-2.909555e-04
1.467136e-01	-3.069227e-04
1.467392e-01	-3.231966e-04
1.467648e-01	-3.388800e-04
1.467904e-01	-3.551054e-04
1.468160e-01	-3.707494e-04
1.468416e-01	-3.863761e-04
1.468672e-01	-4.019619e-04
1.468928e-01	-4.177690e-04
1.469184e-01	-4.331081e-04
1.469440e-01	-4.484576e-04
1.469696e-01	-4.633618e-04
1.469952e-01	-4.781490e-04
1.470208e-01	-4.933978e-04
1.470464e-01	-5.080343e-04
1.470720e-01	-5.227297e-04
1.470976e-01	-5.378897e-04
1.471232e-01	-5.512787e-04
1.471488e-01	-5.663026e-04
1.471744e-01	-5.797639e-04
1.472000e-01	-5.938570e-04
1.472256e-01	-6.080170e-04
1.472512e-01	-6.211575e-04
1.472768e-01	-6.347218e-04
1.473024e-01	-6.479401e-04
1.473280e-01	-6.609301e-04
1.473536e-01	-6.742715e-04
1.473792e-01	-6.865583e-04
1.474048e-01	-6.994127e-04
1.474304e-01	-7.120514e-04
1.474560e-01	-7.245964e-04
1.474816e-01	-7.360529e-04
1.475072e-01	-7.477851e-04
1.475328e-01	-7.597952e-04
1.475584e-01	-7.710669e-04
1.475840e-01	-7.823005e-04
1.476096e-01	-7.936371e-04
1.476352e-01	-8.037254e-04
1.476608e-01	-8.146012e-04
1.476864e-01	-8.249119e-04
1.477120e-01	-8.352365e-04
1.477376e-01	-8.450297e-04
1.477632e-01	-8.547083e-04
1.477888e-01	-8.640360e-04
1.478144e-01	-8.735841e-04
1.478400e-01	-8.821167e-04
1.478656e-01	-8.909599e-04
1.478912e-01	-8.996995e-04
1.479168e-01	-9.078055e-04
1.479424e-01	-9.158329e-04
1.479680e-01	-9.231274e-04
1.479936e-01	-9.307434e-04
1.480192e-01	-9.386978e-04
1.480448e-01	-9.450577e-04
1.480704e-01	-9.522028e-04
1.480960e-01	-9.584260e-04
1.481216e-01	-9.648773e-04
1.481472e-01	-9.707308e-04
1.481728e-01	-9.765062e-04
1.481984e-01	-9.819631e-04
1.482240e-01	-9.869506e-04
1.482496e-01	-9.912282e-04
1.482752e-01	-9.961816e-04
1.483008e-01	-1.000179e-03
1.483264e-01	-1.004812e-03
1.483520e-01	-1.008316e-03
1.483776e-01	-1.011543e-03
1.484032e-01	-1.015473e-03
1.484288e-01	-1.017953e-03
1.484544e-01	-1.020667e-03
1.484800e-01	-1.023008e-03
1.485056e-01	-1.025119e-03
1.485312e-01	-1.027269e-03
1.485568e-01	-1.028362e-03
1.485824e-01	-1.029810e-03
1.486080e-01	-1.030607e-03
1.486336e-01	-1.031940e-03
1.486592e-01	-1.031525e-03
1.486848e-01	-1.032205e-03
1.487104e-01	-1.031897e-03
1.487360e-01	-1.031445e-03
1.487616e-01	-1.030845e-03
1.487872e-01	-1.029850e-03
1.488128e-01	-1.028655e-03
1.488384e-01	-1.027190e-03
1.488640e-01	-1.025581e-03
1.488896e-01	-1.023554e-03
1.489152e-01	-1.020676e-03
1.489408e-01	-1.018246e-03
1.489664e-01	-1.015494e-03
1.489920e-01	-1.012216e-03
1.490176e-01	-1.008594e-03
1.490432e-01	-1.005063e-03
1.490688e-01	-1.001114e-03
1.490944e-01	-9.969207e-04
1.491200e-01	-9.919736e-04
1.491456e-01	-9.876348e-04
1.491712e-01	-9.826083e-04
1.491968e-01	-9.777986e-04
1.492224e-01	-9.717420e-04
1.492480e-01	-9.659053e-04
1.492736e-01	-9.599296e-04
1.492992e-01	-9.536226e-04
1.493248e-01	-9.473720e-04
1.493504e-01	-9.402679e-04
1.493760e-01	-9.332444e-04
1.494016e-01	-9.267322e-04
1.494272e-01	-9.185554e-04
1.494528e-01	-9.110403e-04
1.494784e-01	-9.029425e-04
1.495040e-01	-8.950998e-04
1.495296e-01	-8.864651e-04
1.495552e-01	-8.778271e-04
1.495808e-01	-8.685412e-04
1.496064e-01	-8.597956e-04
1.496320e-01	-8.508560e-04
1.496576e-01	-8.406407e-04
1.496832e-01	-8.311906e-04
1.497088e-01	-8.209871e-04
1.497344e-01	-8.106977e-04
1.497600e-01	-8.010908e-04
1.497856e-01	-7.897526e-04
1.498112e-01	-7.792009e-04
1.498368e-01	-7.678177e-04
1.498624e-01	-7.573641e-04
1.498880e-01	-7.455939e-04
1.499136e-01	-7.341833e-04
1.499392e-01	-7.226679e-04
1.499648e-01	-7.101461e-04
1.499904e-01	-6.983098e-04
1.500160e-01	-6.858234e-04
1.500416e-01	-6.734679e-04
1.500672e-01	-6.610186e-04
1.500928e-01	-6.479375e-04
1.501184e-01	-6.354293e-04
1.501440e-01	-6.219670e-04
1.501696e-01	-6.089703e-04
1.501952e-01	-5.955359e-04
1.502208e-01	-5.819950e-04
1.502464e-01	-5.679647e-04
1.502720e-01	-5.545131e-04
1.502976e-01	-5.402218e-04
1.503232e-01	-5.264512e-04
1.503488e-01	-5.123433e-04
1.503744e-01	-4.980700e-04
1.504000e-01	-4.832352e-04
1.504256e-01	-4.686210e-04
1.504512e-01	-4.541142e-04
1.504768e-01	-4.391415e-04
1.505024e-01	-4.242230e-04
1.505280e-01	-4.097701e-04
1.505536e-01	-3.938772e-04
1.505792e-01	-3.792342e-04
1.506048e-01	-3.639374e-04
1.506304e-01	-3.481963e-04
1.506560e-01	-3.327927e-04
1.506816e-01	-3.174243e-04
1.507072e-01	-3.017512e-04
1.507328e-01	-2.857191e-04
1.507584e-01	-2.702089e-04
1.507840e-01	-2.548707e-04
1.508096e-01	-2.387615e-04
1.508352e-01	-2.228162e-04
1.508608e-01	-2.068023e-04
1.508864e-01	-1.911435e-04
1.509120e-01	-1.748498e-04
1.509376e-01	-1.588384e-04
1.509632e-01	-1.425915e-04
1.509888e-01	-1.269814e-04
1.510144e-01	-1.100947e-04
1.510400e-01	-9.408690e-05
1.510656e-01	-7.831315e-05
1.510912e-01	-6.236949e-05
1.511168e-01	-4.582444e-05
1.511424e-01	-2.922667e-05
1.511680e-01	-1.341209e-05
1.511936e-01	2.510338e-06
1.512192e-01	1.903451e-05
1.512448e-01	3.483735e-05
1.512704e-01	5.140088e-05
1.512960e-01	6.718485e-05
1.513216e-01	8.380984e-05
1.513472e-01	9.936927e-05
1.513728e-01	1.153815e-04
1.513984e-01	1.322193e-04
1.514240e-01	1.479402e-04
1.514496e-01	1.632571e-04
1.514752e-01	1.794537e-04
1.515008e-01	1.953761e-04
1.515264e-01	2.108760e-04
1.515520e-01	2.267600e-04
1.515776e-01	2.420323e-04
1.516032e-01	2.574844e-04
1.516288e-01	2.736571e-04
1.516544e-01	2.880782e-04
1.516800e-01	3.038867e-04
1.517056e-01	3.189857e-04
1.517312e-01	3.345102e-04
1.517568e-01	3.494101e-04
1.517824e-01	3.644919e-04
1.518080e-01	3.794320e-04
1.518336e-01	3.939656e-04
1.518592e-01	4.087612e-04
1.518848e-01	4.232654e-04
1.519104e-01	4.376892e-04
1.519360e-01	4.522698e-04
1.519616e-01	4.664659e-04
1.519872e-01	4.803771e-04
1.520128e-01	4.940933e-04
1.520384e-01	5.082242e-04
1.520640e-01	5.219275e-04
1.520896e-01	5.358298e-04
1.521152e-01	5.484735e-04
1.521408e-01	5.622864e-04
1.521664e-01	5.751289e-04
1.521920e-01	5.885292e-04
1.522176e-01	6.010325e-04
1.522432e-01	6.134607e-04
1.522688e-01	6.267287e-04
1.522944e-01	6.387132e-04
1.523200e-01	6.511850e-04
1.523456e-01	6.633856e-04
1.523712e-01	6.748196e-04
1.523968e-01	6.869545e-04
1.524224e-01	6.979101e-04
1.524480e-01	7.099579e-04
1.524736e-01	7.208258e-04
1.524992e-01	7.317846e-04
1.525248e-01	7.426263e-04
1.525504e-01	7.534206e-04
1.525760e-01	7.636540e-04
1.526016e-01	7.739652e-04
1.526272e-01	7.841465e-04
1.526528e-01	7.937624e-04
1.526784e-01	8.038146e-04
1.527040e-01	8.131892e-04
1.527296e-01	8.221384e-04
1.527552e-01	8.309700e-04
1.527808e-01	8.396791e-04
1.528064e-01	8.492211e-04
1.528320e-01	8.566385e-04
1.528576e-01	8.657037e-04
1.528832e-01	8.734756e-04
1.529088e-01	8.809588e-04
1.529344e-01	8.885787e-04
1.529600e-01	8.958567e-04
1.529856e-01	9.031539e-04
1.530112e-01	9.095134e-04
1.530368e-01	9.162368e-04
1.530624e-01	9.230388e-04
1.530880e-01	9.284702e-04
1.531136e-01	9.348944e-04
1.531392e-01	9.405948e-04
1.531648e-01	9.459641e-04
1.531904e-01	9.510377e-04
1.532160e-01	9.562394e-04
1.532416e-01	9.609873e-04
1.532672e-01	9.648699e-04
1.532928e-01	9.692037e-04
1.533184e-01	9.733905e-04
1.533440e-01	9.771491e-04
1.533696e-01	9.810339e-04
1.533952e-01	9.838110e-04
1.534208e-01	9.874949e-04
1.534464e-01	9.897874e-04
1.534720e-01	9.925541e-04
1.534976e-01	9.948664e-04
1.535232e-01	9.969138e-04
1.535488e-01	9.989679e-04
1.535744e-01	1.000799e-03
1.536000e-01	1.001856e-03
1.536256e-01	1.003091e-03
1.536512e-01	1.003802e-03
1.536768e-01	1.004449e-03
1.537024e-01	1.004589e-03
1.537280e-01	1.005090e-03
1.537536e-01	1.004577e-03
1.537792e-01	1.004377e-03
1.538048e-01	1.003684e-03
1.538304e-01	1.003011e-03
1.538560e-01	1.002009e-03
1.538816e-01	9.998485e-04
1.539072e-01	9.991397e-04
1.539328e-01	9.972235e-04
1.539584e-01	9.942292e-04
1.539840e-01	9.923358e-04
1.540096e-01	9.893493e-04
1.540352e-01	9.870959e-04
1.540608e-01	9.832470e-04
1.540864e-01	9.802988e-04
1.541120e-01	9.767344e-04
1.541376e-01	9.728902e-04
1.541632e-01	9.687643e-04
1.541888e-01	9.644559e-04
1.542144e-01	9.600073e-04
1.542400e-01	9.551762e-04
1.542656e-01	9.501472e-04
1.542912e-01	9.450425e-04
1.543168e-01	9.385918e-04
1.543424e-01	9.330316e-04
1.543680e-01	9.275456e-04
1.543936e-01	9.209412e-04
1.544192e-01	9.145541e-04
1.544448e-01	9.077703e-04
1.544704e-01	9.007573e-04
1.544960e-01	8.939875e-04
1.545216e-01	8.861047e-04
1.545472e-01	8.789043e-04
1.545728e-01	8.704659e-04
1.545984e-01	8.622637e-04
1.546240e-01	8.539291e-04
1.546496e-01	8.457543e-04
1.546752e-01	8.371386e-04
1.547008e-01	8.284822e-04
1.547264e-01	8.190030e-04
1.547520e-01	8.094139e-04
1.547776e-01	7.995751e-04
1.548032e-01	7.900503e-04
1.548288e-01	7.798956e-04
1.548544e-01	7.697290e-04
1.548800e-01	7.588243e-04
1.549056e-01	7.483669e-04
1.549312e-01	7.376695e-04
1.549568e-01	7.263088e-04
1.549824e-01	7.148602e-04
1.550080e-01	7.038801e-04
1.550336e-01	6.920467e-04
1.550592e-01	6.801460e-04
1.550848e-01	6.681549e-04
1.551104e-01	6.558546e-04
1.551360e-01	6.433825e-04
1.551616e-01	6.308830e-04
1.551872e-01	6.178657e-04
1.552128e-01	6.053484e-04
1.552384e-01	5.921092e-04
1.552640e-01	5.795098e-04
1.552896e-01	5.657846e-04
1.553152e-01	5.516933e-04
1.553408e-01	5.382850e-04
1.553664e-01	5.249752e-04
1.553920e-01	5.108325e-04
1.554176e-01	4.960892e-04
1.554432e-01	4.819395e-04
1.554688e-01	4.679372e-04
1.554944e-01	4.525464e-04
1.555200e-01	4.386749e-04
1.555456e-01	4.240297e-04
1.555712e-01	4.085065e-04
1.555968e-01	3.933302e-04
1.556224e-01	3.787171e-04
1.556480e-01	3.631960e-04
1.556736e-01	3.480145e-04
1.556992e-01	3.318993e-04
1.557248e-01	3.172748e-04
1.557504e-01	3.012944e-04
1.557760e-01	2.851929e-04
1.558016e-01	2.699210e-04
1.558272e-01	2.538048e-04
1.558528e-01	2.379008e-04
1.558784e-01	2.215935e-04
1.559040e-01	2.056212e-04
1.559296e-01	1.894252e-04
1.559552e-01	1.729751e-04
1.559808e-01	1.570343e-04
1.560064e-01	1.404845e-04
1.560320e-01	1.240336e-04
1.560576e-01	1.072502e-04
1.560832e-01	9.124562e-05
1.561088e-01	7.408900e-05
1.561344e-01	5.792946e-05
1.561600e-01	4.139592e-05
1.561856e-01	2.448513e-05
1.562112e-01	7.325424e-06
1.562368e-01	-8.963939e-06
1.562624e-01	-2.556360e-05
1.562880e-01	-4.253882e-05
1.563136e-01	-5.872445e-05
1.563392e-01	-7.520433e-05
1.563648e-01	-9.231221e-05
1.563904e-01	-1.085352e-04
1.564160e-01	-1.251296e-04
1.564416e-01	-1.419102e-04
1.564672e-01	-1.589700e-04
1.564928e-01	-1.748478e-04
1.565184e-01	-1.915163e-04
1.565440e-01	-2.079136e-04
1.565696e-01	-2.245370e-04
1.565952e-01	-2.407052e-04
1.566208e-01	-2.570635e-04
1.566464e-01	-2.733177e-04
1.566720e-01	-2.894695e-04
1.566976e-01	-3.056480e-04
1.567232e-01	-3.218391e-04
1.567488e-01	-3.374680e-04
1.567744e-01	-3.534850e-04
1.568000e-01	-3.693106e-04
1.568256e-01	-3.847392e-04
1.568512e-01	-4.006575e-04
1.568768e-01	-4.160483e-04
1.569024e-01	-4.312799e-04
1.569280e-01	-4.466238e-04
1.569536e-01	-4.615280e-04
1.569792e-01	-4.773793e-04
1.570048e-01	-4.916974e-04
1.570304e-01	-5.066295e-04
1.570560e-01	-5.210270e-04
1.570816e-01	-5.362494e-04
1.571072e-01	-5.500949e-04
1.571328e-01	-5.646106e-04
1.571584e-01	-5.787330e-04
1.571840e-01	-5.926269e-04
1.572096e-01	-6.061905e-04
1.572352e-01	-6.198495e-04
1.572608e-01	-6.336572e-04
1.572864e-01	-6.465208e-04
1.573120e-01	-6.599203e-04
1.573376e-01	-6.727824e-04
1.573632e-01	-6.858325e-04
1.573888e-01	-6.982053e-04
1.574144e-01	-7.107507e-04
1.574400e-01	-7.233318e-04
1.574656e-01	-7.347231e-04
1.574912e-01	-7.476165e-04
1.575168e-01	-7.582261e-04
1.575424e-01	-7.701483e-04
1.575680e-01	-7.810147e-04
1.575936e-01	-7.917321e-04
1.576192e-01	-8.029987e-04
1.576448e-01	-8.135427e-04
1.576704e-01	-8.242555e-04
1.576960e-01	-8.343412e-04
1.577216e-01	-8.440177e-04
1.577472e-01	-8.541342e-04
1.577728e-01	-8.633636e-04
1.577984e-01	-8.724558e-04
1.578240e-01	-8.811332e-04
1.578496e-01	-8.901414e-04
1.578752e-01	-8.987073e-04
1.579008e-01	-9.069308e-04
1.579264e-01	-9.144727e-04
1.579520e-01	-9.229785e-04
1.579776e-01	-9.302337e-04
1.580032e-01	-9.375420e-04
1.580288e-01	-9.446402e-04
1.580544e-01	-9.511969e-04
1.580800e-01	-9.578711e-04
1.581056e-01	-9.639075e-04
1.581312e-01	-9.698588e-04
1.581568e-01	-9.760655e-04
1.581824e-01	-9.811035e-04
1.582080e-01	-9.863835e-04
1.582336e-01	-9.910839e-04
1.582592e-01	-9.958873e-04
1.582848e-01	-1.000127e-03
1.583104e-01	-1.004093e-03
1.583360e-01	-1.007842e-03
1.583616e-01	-1.011790e-03
1.583872e-01	-1.014977e-03
1.584128e-01	-1.017909e-03
1.584384e-01	-1.020349e-03
1.584640e-01	-1.022865e-03
1.584896e-01	-1.024822e-03
1.585152e-01	-1.027048e-03
1.585408e-01	-1.028516e-03
1.585664e-01	-1.029781e-03
1.585920e-01	-1.030652e-03
1.586176e-01	-1.031882e-03
1.586432e-01	-1.031691e-03
1.586688e-01	-1.032127e-03
1.586944e-01	-1.031977e-03
1.587200e-01	-1.031080e-03
1.587456e-01	-1.030716e-03
1.587712e-01	-1.029993e-03
1.587968e-01	-1.028787e-03
1.588224e-01	-1.027378e-03
1.588480e-01	-1.025744e-03
1.588736e-01	-1.023360e-03
1.588992e-01	-1.020843e-03
1.589248e-01	-1.018674e-03
1.589504e-01	-1.015544e-03
1.589760e-01	-1.012773e-03
1.590016e-01	-1.008542e-03
1.590272e-01	-1.005392e-03
1.590528e-01	-1.001551e-03
1.590784e-01	-9.969445e-04
1.591040e-01	-9.927102e-04
1.591296e-01	-9.883008e-04
1.591552e-01	-9.828509e-04
1.591808e-01	-9.779723e-04
1.592064e-01	-9.721642e-04
1.592320e-01	-9.668118e-04
1.592576e-01	-9.605981e-04
1.592832e-01	-9.542392e-04
1.593088e-01	-9.480810e-04
1.593344e-01	-9.414279e-04
1.593600e-01	-9.342028e-04
1.593856e-01	-9.268656e-04
1.594112e-01	-9.197620e-04
1.594368e-01	-9.117546e-04
1.594624e-01	-9.036724e-04
1.594880e-01	-8.956837e-04
1.595136e-01	-8.867846e-04
1.595392e-01	-8.785062e-04
1.595648e-01	-8.694283e-04
1.595904e-01	-8.607943e-04
1.596160e-01	-8.511767e-04
1.596416e-01	-8.417951e-04
1.596672e-01	-8.320455e-04
1.596928e-01	-8.223084e-04
1.597184e-01	-8.117199e-04
1.597440e-01	-8.014303e-04
1.597696e-01	-7.908055e-04
1.597952e-01	-7.802708e-04
1.598208e-01	-7.693341e-04
1.598464e-01	-7.585592e-04
1.598720e-01	-7.466821e-04
1.598976e-01	-7.345760e-04
1.599232e-01	-7.237899e-04
1.599488e-01	-7.118332e-04
1.599744e-01	-6.993734e-04
1.600000e-01	-6.871119e-04
1.600256e-01	-6.746819e-04
1.600512e-01	-6.625446e-04
1.600768e-01	-6.493824e-04
1.601024e-01	-6.362557e-04
1.601280e-01	-6.233095e-04
1.601536e-01	-6.106591e-04
1.601792e-01	-5.962940e-04
1.602048e-01	-5.834390e-04
1.602304e-01	-5.693519e-04
1.602560e-01	-5.556139e-04
1.602816e-01	-5.416962e-04
1.603072e-01	-5.277016e-04
1.603328e-01	-5.136142e-04
1.603584e-01	-4.989770e-04
1.603840e-01	-4.847609e-04
1.604096e-01	-4.702159e-04
1.604352e-01	-4.550924e-04
1.604608e-01	-4.404678e-04
1.604864e-01	-4.256497e-04
1.605120e-01	-4.103923e-04
1.605376e-01	-3.956102e-04
1.605632e-01	-3.809040e-04
1.605888e-01	-3.650865e-04
1.606144e-01	-3.501288e-04
1.606400e-01	-3.347358e-04
1.606656e-01	-3.191705e-04
1.606912e-01	-3.032893e-04
1.607168e-01	-2.875730e-04
1.607424e-01	-2.715345e-04
1.607680e-01	-2.561161e-04
1.607936e-01	-2.400918e-04
1.608192e-01	-2.243467e-04
1.608448e-01	-2.085885e-04
1.608704e-01	-1.927955e-04
1.608960e-01	-1.766516e-04
1.609216e-01	-1.603194e-04
1.609472e-01	-1.440059e-04
1.609728e-01	-1.285961e-04
1.609984e-01	-1.118813e-04
1.610240e-01	-9.595853e-05
1.610496e-01	-7.945418e-05
1.610752e-01	-6.351696e-05
1.611008e-01	-4.765997e-05
1.611264e-01	-3.094413e-05
1.611520e-01	-1.489675e-05
1.611776e-01	1.508791e-06
1.612032e-01	1.751835e-05
1.612288e-01	3.355731e-05
1.612544e-01	4.975713e-05
1.612800e-01	6.550482e-05
1.613056e-01	8.224704e-05
1.613312e-01	9.789741e-05
1.613568e-01	1.142886e-04
1.613824e-01	1.296321e-04
1.614080e-01	1.461666e-04
1.614336e-01	1.621570e-04
1.614592e-01	1.777158e-04
1.614848e-01	1.935874e-04
1.615104e-01	2.093546e-04
1.615360e-01	2.252691e-04
1.615616e-01	2.408805e-04
1.615872e-01	2.560901e-04
1.616128e-01	2.715894e-04
1.616384e-01	2.871133e-04
1.616640e-01	3.028555e-04
1.616896e-01	3.176540e-04
1.617152e-01	3.330593e-04
1.617408e-01	3.481509e-04
1.617664e-01	3.628602e-04
1.617920e-01	3.775414e-04
1.618176e-01	3.928845e-04
1.618432e-01	4.071233e-04
1.618688e-01	4.220803e-04
1.618944e-01	4.365560e-04
1.619200e-01	4.503111e-04
1.619456e-01	4.648543e-04
1.619712e-01	4.792285e-04
1.619968e-01	4.926643e-04
1.620224e-01	5.068273e-04
1.620480e-01	5.207511e-04
1.620736e-01	5.340236e-04
1.620992e-01	5.475824e-04
1.621248e-01	5.610043e-04
1.621504e-01	5.737878e-04
1.621760e-01	5.872598e-04
1.622016e-01	5.997128e-04
1.622272e-01	6.131293e-04
1.622528e-01	6.252136e-04
1.622784e-01	6.377637e-04
1.623040e-01	6.499375e-04
1.623296e-01	6.617864e-04
1.623552e-01	6.741601e-04
1.623808e-01	6.860071e-04
1.624064e-01	6.971329e-04
1.624320e-01	7.081692e-04
1.624576e-01	7.196235e-04
1.624832e-01	7.307491e-04
1.625088e-01	7.411779e-04
1.625344e-01	7.526327e-04
1.625600e-01	7.624095e-04
1.625856e-01	7.728067e-04
1.626112e-01	7.830720e-04
1.626368e-01	7.929461e-04
1.626624e-01	8.024814e-04
1.626880e-01	8.120555e-04
1.627136e-01	8.215378e-04
1.627392e-01	8.302269e-04
1.627648e-01	8.388595e-04
1.627904e-01	8.481237e-04
1.628160e-01	8.563243e-04
1.628416e-01	8.643469e-04
1.628672e-01	8.725218e-04
1.628928e-01	8.804924e-04
1.629184e-01	8.878328e-04
1.629440e-01	8.953318e-04
1.629696e-01	9.021458e-04
1.629952e-01	9.096502e-04
1.630208e-01	9.158916e-04
1.630464e-01	9.222571e-04
1.630720e-01	9.283108e-04
1.630976e-01	9.342825e-04
1.631232e-01	9.398431e-04
1.631488e-01	9.453660e-04
1.631744e-01	9.507364e-04
1.632000e-01	9.556193e-04
1.632256e-01	9.602933e-04
1.632512e-01	9.649708e-04
1.632768e-01	9.692775e-04
1.633024e-01	9.731392e-04
1.633280e-01	9.770443e-04
1.633536e-01	9.808473e-04
1.633792e-01	9.837969e-04
1.634048e-01	9.869622e-04
1.634304e-01	9.891259e-04
1.634560e-01	9.928051e-04
1.634816e-01	9.948979e-04
1.635072e-01	9.969431e-04
1.635328e-01	9.991247e-04
1.635584e-01	1.000374e-03
1.635840e-01	1.001786e-03
1.636096e-01	1.003306e-03
1.636352e-01	1.003919e-03
1.636608e-01	1.004630e-03
1.636864e-01	1.004514e-03
1.637120e-01	1.004853e-03
1.637376e-01	1.004604e-03
1.637632e-01	1.004292e-03
1.637888e-01	1.003670e-03
1.638144e-01	1.002523e-03
1.638400e-01	1.001688e-03
1.638656e-01	1.000825e-03
1.638912e-01	9.986712e-04
1.639168e-01	9.970538e-04
1.639424e-01	9.949151e-04
1.639680e-01	9.922327e-04
1.639936e-01	9.897029e-04
1.640192e-01	9.870330e-04
1.640448e-01	9.835463e-04
1.640704e-01	9.803021e-04
1.640960e-01	9.766564e-04
1.641216e-01	9.732268e-04
1.641472e-01	9.689273e-04
1.641728e-01	9.648883e-04
1.641984e-01	9.599952e-04
1.642240e-01	9.554059e-04
1.642496e-01	9.505289e-04
1.642752e-01	9.454454e-04
1.643008e-01	9.397376e-04
1.643264e-01	9.336909e-04
1.643520e-01	9.280627e-04
1.643776e-01	9.218521e-04
1.644032e-01	9.150806e-04
1.644288e-01	9.087516e-04
1.644544e-01	9.014538e-04
1.644800e-01	8.943880e-04
1.645056e-01	8.869219e-04
1.645312e-01	8.794026e-04
1.645568e-01	8.714179e-04
1.645824e-01	8.636244e-04
1.646080e-01	8.548866e-04
1.646336e-01	8.467398e-04
1.646592e-01	8.378659e-04
1.646848e-01	8.289229e-04
1.647104e-01	8.197547e-04
1.647360e-01	8.103267e-04
1.647616e-01	8.006755e-04
1.647872e-01	7.907916e-04
1.648128e-01	7.807100e-04
1.648384e-01	7.705582e-04
1.648640e-01	7.599315e-04
1.648896e-01	7.491171e-04
1.649152e-01	7.385650e-04
1.649408e-01	7.275567e-04
1.649664e-01	7.159442e-04
1.649920e-01	7.052143e-04
1.650176e-01	6.928438e-04
1.650432e-01	6.814221e-04
1.650688e-01	6.692761e-04
1.650944e-01	6.572739e-04
1.651200e-01	6.447795e-04
1.651456e-01	6.321756e-04
1.651712e-01	6.192879e-04
1.651968e-01	6.062082e-04
1.652224e-01	5.935261e-04
1.652480e-01	5.801957e-04
1.652736e-01	5.667383e-04
1.652992e-01	5.535007e-04
1.653248e-01	5.396055e-04
1.653504e-01	5.257220e-04
1.653760e-01	5.116768e-04
1.654016e-01	4.975296e-04
1.654272e-01	4.830825e-04
1.654528e-01	4.693703e-04
1.654784e-01	4.542089e-04
1.655040e-01	4.396983e-04
1.655296e-01	4.248028e-04
1.655552e-01	4.099693e-04
1.655808e-01	3.950342e-04
1.656064e-01	3.796684e-04
1.656320e-01	3.646828e-04
1.656576e-01	3.497924e-04
1.656832e-01	3.339153e-04
1.657088e-01	3.185291e-04
1.657344e-01	3.027115e-04
1.657600e-01	2.869296e-04
1.657856e-01	2.708237e-04
1.658112e-01	2.551594e-04
1.658368e-01	2.388777e-04
1.658624e-01	2.229544e-04
1.658880e-01	2.068915e-04
1.659136e-01	1.906901e-04
1.659392e-01	1.743415e-04
1.659648e-01	1.582057e-04
1.659904e-01	1.416085e-04
1.660160e-01	1.254648e-04
1.660416e-01	1.091136e-04
1.660672e-01	9.229132e-05
1.660928e-01	7.616175e-05
1.661184e-01	5.946761e-05
1.661440e-01	4.268024e-05
1.661696e-01	2.598810e-05
1.661952e-01	9.044696e-06
1.662208e-01	-7.115758e-06
1.662464e-01	-2.458683e-05
1.662720e-01	-4.031640e-05
1.662976e-01	-5.749492e-05
1.663232e-01	-7.381858e-05
1.663488e-01	-9.063847e-05
1.663744e-01	-1.072059e-04
1.664000e-01	-1.238358e-04
1.664256e-01	-1.405558e-04
1.664512e-01	-1.568867e-04
1.664768e-01	-1.740833e-04
1.665024e-01	-1.901406e-04
1.665280e-01	-2.062496e-04
1.665536e-01	-2.227083e-04
1.665792e-01	-2.395245e-04
1.666048e-01	-2.558873e-04
1.666304e-01	-2.718346e-04
1.666560e-01	-2.883882e-04
1.666816e-01	-3.039024e-04
1.667072e-01	-3.205635e-04
1.667328e-01	-3.360902e-04
1.667584e-01	-3.521465e-04
1.667840e-01	-3.676113e-04
1.668096e-01	-3.837121e-04
1.668352e-01	-3.992564e-04
1.668608e-01	-4.147525e-04
1.668864e-01	-4.302885e-04
1.669120e-01	-4.455349e-04
1.669376e-01	-4.608432e-04
1.669632e-01	-4.757337e-04
1.669888e-01	-4.905479e-04
1.670144e-01	-5.055473e-04
1.670400e-01	-5.206625e-04
1.670656e-01	-5.348205e-04
1.670912e-01	-5.488450e-04
1.671168e-01	-5.636796e-04
1.671424e-01	-5.773115e-04
1.671680e-01	-5.917302e-04
1.671936e-01	-6.049312e-04
1.672192e-01	-6.189902e-04
1.672448e-01	-6.318733e-04
1.672704e-01	-6.455390e-04
1.672960e-01	-6.591351e-04
1.673216e-01	-6.716338e-04
1.673472e-01	-6.847959e-04
1.673728e-01	-6.975036e-04
1.673984e-01	-7.097069e-04
1.674240e-01	-7.222398e-04
1.674496e-01	-7.340866e-04
1.674752e-01	-7.460385e-04
1.675008e-01	-7.575079e-04
1.675264e-01	-7.688347e-04
1.675520e-01	-7.801970e-04
1.675776e-01	-7.913590e-04
1.676032e-01	-8.022629e-04
1.676288e-01	-8.130302e-04
1.676544e-01	-8.233945e-04
1.676800e-01	-8.334497e-04
1.677056e-01	-8.430840e-04
1.677312e-01	-8.532653e-04
1.677568e-01	-8.622180e-04
1.677824e-01	-8.719050e-04
1.678080e-01	-8.805496e-04
1.678336e-01	-8.892851e-04
1.678592e-01	-8.975901e-04
1.678848e-01	-9.063940e-04
1.679104e-01	-9.142574e-04
1.679360e-01	-9.219288e-04
1.679616e-01	-9.294850e-04
1.679872e-01	-9.367408e-04
1.680128e-01	-9.438298e-04
1.680384e-01	-9.507263e-04
1.680640e-01	-9.574483e-04
1.680896e-01	-9.636960e-04
1.681152e-01	-9.696353e-04
1.681408e-01	-9.756599e-04
1.681664e-01	-9.808886e-04
1.681920e-01	-9.858982e-04
1.682176e-01	-9.908318e-04
1.682432e-01	-9.958243e-04
1.682688e-01	-1.000110e-03
1.682944e-01	-1.003977e-03
1.683200e-01	-1.007433e-03
1.683456e-01	-1.011767e-03
1.683712e-01	-1.014643e-03
1.683968e-01	-1.017754e-03
1.684224e-01	-1.020467e-03
1.684480e-01	-1.022399e-03
1.684736e-01	-1.024831e-03
1.684992e-01	-1.027154e-03
1.685248e-01	-1.028021e-03
1.685504e-01	-1.029522e-03
1.685760e-01	-1.030676e-03
1.686016e-01	-1.031450e-03
1.686272e-01	-1.031740e-03
1.686528e-01	-1.032370e-03
1.686784e-01	-1.032090e-03
1.687040e-01	-1.031944e-03
1.687296e-01	-1.031084e-03
1.687552e-01	-1.030085e-03
1.687808e-01	-1.028921e-03
1.688064e-01	-1.027438e-03
1.688320e-01	-1.025688e-03
1.688576e-01	-1.024083e-03
1.688832e-01	-1.021191e-03
1.689088e-01	-1.018705e-03
1.689344e-01	-1.016129e-03
1.689600e-01	-1.013013e-03
1.689856e-01	-1.009614e-03
1.690112e-01	-1.006148e-03
1.690368e-01	-1.002249e-03
1.690624e-01	-9.981684e-04
1.690880e-01	-9.935509e-04
1.691136e-01	-9.885929e-04
1.691392e-01	-9.838822e-04
1.691648e-01	-9.788113e-04
1.691904e-01	-9.729026e-04
1.692160e-01	-9.681351e-04
1.692416e-01	-9.611835e-04
1.692672e-01	-9.553455e-04
1.692928e-01	-9.487668e-04
1.693184e-01	-9.418278e-04
1.693440e-01	-9.352323e-04
1.693696e-01	-9.278946e-04
1.693952e-01	-9.202943e-04
1.694208e-01	-9.123838e-04
1.694464e-01	-9.047094e-04
1.694720e-01	-8.966041e-04
1.694976e-01	-8.880371e-04
1.695232e-01	-8.797251e-04
1.695488e-01	-8.704586e-04
1.695744e-01	-8.617327e-04
1.696000e-01	-8.524907e-04
1.696256e-01	-8.430353e-04
1.696512e-01	-8.329520e-04
1.696768e-01	-8.233145e-04
1.697024e-01	-8.132376e-04
1.697280e-01	-8.030321e-04
1.697536e-01	-7.920816e-04
1.697792e-01	-7.816777e-04
1.698048e-01	-7.704562e-04
1.698304e-01	-7.593228e-04
1.698560e-01	-7.478427e-04
1.698816e-01	-7.363434e-04
1.699072e-01	-7.248240e-04
1.699328e-01	-7.125024e-04
1.699584e-01	-7.009049e-04
1.699840e-01	-6.889268e-04
1.700096e-01	-6.760101e-04
1.700352e-01	-6.635284e-04
1.700608e-01	-6.505442e-04
1.700864e-01	-6.377923e-04
1.701120e-01	-6.247712e-04
1.701376e-01	-6.115107e-04
1.701632e-01	-5.981739e-04
1.701888e-01	-5.850083e-04
1.702144e-01	-5.706244e-04
1.702400e-01	-5.572581e-04
1.702656e-01	-5.432974e-04
1.702912e-01	-5.291229e-04
1.703168e-01	-5.145692e-04
1.703424e-01	-5.008505e-04
1.703680e-01	-4.861901e-04
1.703936e-01	-4.715628e-04
1.704192e-01	-4.566640e-04
1.704448e-01	-4.420344e-04
1.704704e-01	-4.273863e-04
1.704960e-01	-4.119796e-04
1.705216e-01	-3.972111e-04
1.705472e-01	-3.820318e-04
1.705728e-01	-3.664859e-04
1.705984e-01	-3.516124e-04
1.706240e-01	-3.359490e-04
1.706496e-01	-3.203668e-04
1.706752e-01	-3.043727e-04
1.707008e-01	-2.891524e-04
1.707264e-01	-2.729956e-04
1.707520e-01	-2.576884e-04
1.707776e-01	-2.418537e-04
1.708032e-01	-2.257679e-04
1.708288e-01	-2.098706e-04
1.708544e-01	-1.941109e-04
1.708800e-01	-1.779925e-04
1.709056e-01	-1.619941e-04
1.709312e-01	-1.457452e-04
1.709568e-01	-1.294312e-04
1.709824e-01	-1.134647e-04
1.710080e-01	-9.702041e-05
1.710336e-01	-8.069968e-05
1.710592e-01	-6.500574e-05
1.710848e-01	-4.873771e-05
1.711104e-01	-3.246312e-05
1.711360e-01	-1.629469e-05
1.711616e-01	-3.341246e-07
1.711872e-01	1.611818e-05
1.712128e-01	3.190699e-05
1.712384e-01	4.882988e-05
1.712640e-01	6.428886e-05
1.712896e-01	8.051599e-05
1.713152e-01	9.669193e-05
1.713408e-01	1.126202e-04
1.713664e-01	1.288355e-04
1.713920e-01	1.446986e-04
1.714176e-01	1.603049e-04
1.714432e-01	1.764711e-04
1.714688e-01	1.922301e-04
1.714944e-01	2.079669e-04
1.715200e-01	2.234293e-04
1.715456e-01	2.394671e-04
1.715712e-01	2.549136e-04
1.715968e-01	2.703195e-04
1.716224e-01	2.858963e-04
1.716480e-01	3.012683e-04
1.716736e-01	3.163014e-04
1.716992e-01	3.318832e-04
1.717248e-01	3.468346e-04
1.717504e-01	3.615454e-04
1.717760e-01	3.767284e-04
1.718016e-01	3.918153e-04
1.718272e-01	4.057694e-04
1.718528e-01	4.205151e-04
1.718784e-01	4.347959e-04
1.719040e-01	4.496320e-04
1.719296e-01	4.636258e-04
1.719552e-01	4.781204e-04
1.719808e-01	4.918870e-04
1.720064e-01	5.053390e-04
1.720320e-01	5.200491e-04
1.720576e-01	5.331039e-04
1.720832e-01	5.462450e-04
1.721088e-01	5.600484e-04
1.721344e-01	5.727108e-04
1.721600e-01	5.862360e-04
1.721856e-01	5.986797e-04
1.722112e-01	6.114687e-04
1.722368e-01	6.245016e-04
1.722624e-01	6.370608e-04
1.722880e-01	6.487576e-04
1.723136e-01	6.609813e-04
1.723392e-01	6.728271e-04
1.723648e-01	6.846933e-04
1.723904e-01	6.962093e-04
1.724160e-01	7.079975e-04
1.724416e-01	7.189122e-04
1.724672e-01	7.299225e-04
1.724928e-01	7.408510e-04
1.725184e-01	7.513313e-04
1.725440e-01	7.617752e-04
1.725696e-01	7.726524e-04
1.725952e-01	7.822607e-04
1.726208e-01	7.923997e-04
1.726464e-01	8.019170e-04
1.726720e-01	8.108705e-04
1.726976e-01	8.204137e-04
1.727232e-01	8.299419e-04
1.727488e-01	8.387506e-04
1.727744e-01	8.473031e-04
1.728000e-01	8.553831e-04
1.728256e-01	8.643530e-04
1.728512e-01	8.717005e-04
1.728768e-01	8.791721e-04
1.729024e-01	8.875017e-04
1.729280e-01	8.946133e-04
1.729536e-01	9.014145e-04
1.729792e-01	9.085356e-04
1.730048e-01	9.149473e-04
1.730304e-01	9.217830e-04
1.730560e-01	9.278933e-04
1.730816e-01	9.340591e-04
1.731072e-01	9.393918e-04
1.731328e-01	9.447887e-04
1.731584e-01	9.503476e-04
1.731840e-01	9.552421e-04
1.732096e-01	9.600848e-04
1.732352e-01	9.647165e-04
1.732608e-01	9.684714e-04
1.732864e-01	9.733955e-04
1.733120e-01	9.766859e-04
1.733376e-01	9.803756e-04
1.733632e-01	9.836176e-04
1.733888e-01	9.866250e-04
1.734144e-01	9.893746e-04
1.734400e-01	9.923239e-04
1.734656e-01	9.950355e-04
1.734912e-01	9.969049e-04
1.735168e-01	9.987737e-04
1.735424e-01	1.000169e-03
1.735680e-01	1.001559e-03
1.735936e-01	1.002873e-03
1.736192e-01	1.003266e-03
1.736448e-01	1.004749e-03
1.736704e-01	1.004777e-03
1.736960e-01	1.004689e-03
1.737216e-01	1.005000e-03
1.737472e-01	1.004559e-03
1.737728e-01	1.003867e-03
1.737984e-01	1.003248e-03
1.738240e-01	1.001777e-03
1.738496e-01	1.000916e-03
1.738752e-01	9.990706e-04
1.739008e-01	9.971284e-04
1.739264e-01	9.953332e-04
1.739520e-01	9.932595e-04
1.739776e-01	9.902855e-04
1.740032e-01	9.876925e-04
1.740288e-01	9.844286e-04
1.740544e-01	9.813525e-04
1.740800e-01	9.775723e-04
1.741056e-01	9.736638e-04
1.741312e-01	9.696282e-04
1.741568e-01	9.654158e-04
1.741824e-01	9.607495e-04
1.742080e-01	9.558820e-04
1.742336e-01	9.508764e-04
1.742592e-01	9.458156e-04
1.742848e-01	9.400973e-04
1.743104e-01	9.345577e-04
1.743360e-01	9.286383e-04
1.743616e-01	9.224698e-04
1.743872e-01	9.160185e-04
1.744128e-01	9.095122e-04
1.744384e-01	9.020561e-04
1.744640e-01	8.953812e-04
1.744896e-01	8.879380e-04
1.745152e-01	8.804083e-04
1.745408e-01	8.725062e-04
1.745664e-01	8.641728e-04
1.745920e-01	8.558895e-04
1.746176e-01	8.475925e-04
1.746432e-01	8.385172e-04
1.746688e-01	8.301018e-04
1.746944e-01	8.208831e-04
1.747200e-01	8.112445e-04
1.747456e-01	8.014198e-04
1.747712e-01	7.916106e-04
1.747968e-01	7.814886e-04
1.748224e-01	7.718110e-04
1.748480e-01	7.612481e-04
1.748736e-01	7.508132e-04
1.748992e-01	7.392988e-04
1.749248e-01	7.284018e-04
1.749504e-01	7.175452e-04
1.749760e-01	7.057554e-04
1.750016e-01	6.943647e-04
1.750272e-01	6.822149e-04
1.750528e-01	6.701808e-04
1.750784e-01	6.584975e-04
1.751040e-01	6.456157e-04
1.751296e-01	6.331773e-04
1.751552e-01	6.203303e-04
1.751808e-01	6.079337e-04
1.752064e-01	5.948088e-04
1.752320e-01	5.815938e-04
1.752576e-01	5.682570e-04
1.752832e-01	5.546949e-04
1.753088e-01	5.409247e-04
1.753344e-01	5.273774e-04
1.753600e-01	5.133166e-04
1.753856e-01	4.993209e-04
1.754112e-01	4.847327e-04
1.754368e-01	4.706385e-04
1.754624e-01	4.560119e-04
1.754880e-01	4.409936e-04
1.755136e-01	4.261389e-04
1.755392e-01	4.119149e-04
1.755648e-01	3.961983e-04
1.755904e-01	3.816373e-04
1.756160e-01	3.661555e-04
1.756416e-01	3.509096e-04
1.756672e-01	3.353904e-04
1.756928e-01	3.197358e-04
1.757184e-01	3.042681e-04
1.757440e-01	2.880056e-04
1.757696e-01	2.729369e-04
1.757952e-01	2.566117e-04
1.758208e-01	2.406056e-04
1.758464e-01	2.250076e-04
1.758720e-01	2.083460e-04
1.758976e-01	1.924437e-04
1.759232e-01	1.759214e-04
1.759488e-01	1.601935e-04
1.759744e-01	1.431526e-04
1.760000e-01	1.272078e-04
1.760256e-01	1.103645e-04
1.760512e-01	9.386507e-05
1.760768e-01	7.804637e-05
1.761024e-01	6.089580e-05
1.761280e-01	4.410639e-05
1.761536e-01	2.791567e-05
1.761792e-01	1.090835e-05
1.762048e-01	-5.502309e-06
1.762304e-01	-2.233243e-05
1.762560e-01	-3.944454e-05
1.762816e-01	-5.570270e-05
1.763072e-01	-7.208360e-05
1.763328e-01	-8.928023e-05
1.763584e-01	-1.058755e-04
1.763840e-01	-1.224601e-04
1.764096e-01	-1.384152e-04
1.764352e-01	-1.558420e-04
1.764608e-01	-1.719355e-04
1.764864e-01	-1.882847e-04
1.765120e-01	-2.054230e-04
1.765376e-01	-2.216572e-04
1.765632e-01	-2.376287e-04
1.765888e-01	-2.542519e-04
1.766144e-01	-2.703183e-04
1.766400e-01	-2.867736e-04
1.766656e-01	-3.028488e-04
1.766912e-01	-3.184962e-04
1.767168e-01	-3.342029e-04
1.767424e-01	-3.506115e-04
1.767680e-01	-3.661973e-04
1.767936e-01	-3.819295e-04
1.768192e-01	-3.975244e-04
1.768448e-01	-4.130438e-04
1.768704e-01	-4.287141e-04
1.768960e-01	-4.439187e-04
1.769216e-01	-4.587146e-04
1.769472e-01	-4.747282e-04
1.769728e-01	-4.890824e-04
1.769984e-01	-5.036744e-04
1.770240e-01	-5.188548e-04
1.770496e-01	-5.332622e-04
1.770752e-01	-5.476939e-04
1.771008e-01	-5.619413e-04
1.771264e-01	-5.759345e-04
1.771520e-01	-5.900295e-04
1.771776e-01	-6.039220e-04
1.772032e-01	-6.178331e-04
1.772288e-01	-6.309295e-04
1.772544e-01	-6.445347e-04
1.772800e-01	-6.573765e-04
1.773056e-01	-6.711913e-04
1.773312e-01	-6.835220e-04
1.773568e-01	-6.959656e-04
1.773824e-01	-7.084750e-04
1.774080e-01	-7.208909e-04
1.774336e-01	-7.328535e-04
1.774592e-01	-7.448336e-04
1.774848e-01	-7.565129e-04
1.775104e-01	-7.679463e-04
1.775360e-01	-7.791086e-04
1.775616e-01	-7.902980e-04
1.775872e-01	-8.013769e-04
1.776128e-01	-8.118086e-04
1.776384e-01	-8.220385e-04
1.776640e-01	-8.324834e-04
1.776896e-01	-8.422890e-04
1.777152e-01	-8.521380e-04
1.777408e-01	-8.616634e-04
1.777664e-01	-8.711664e-04
1.777920e-01	-8.797490e-04
1.778176e-01	-8.887560e-04
1.778432e-01	-8.974102e-04
1.778688e-01	-9.054344e-04
1.778944e-01	-9.136481e-04
1.779200e-01	-9.217336e-04
1.779456e-01	-9.289219e-04
1.779712e-01	-9.365972e-04
1.779968e-01	-9.433648e-04
1.780224e-01	-9.505733e-04
1.780480e-01	-9.566917e-04
1.780736e-01	-9.635397e-04
1.780992e-01	-9.693114e-04
1.781248e-01	-9.744892e-04
1.781504e-01	-9.808081e-04
1.781760e-01	-9.859219e-04
1.782016e-01	-9.903646e-04
1.782272e-01	-9.952803e-04
1.782528e-01	-9.995196e-04
1.782784e-01	-1.003781e-03
1.783040e-01	-1.007290e-03
1.783296e-01	-1.011210e-03
1.783552e-01	-1.014310e-03
1.783808e-01	-1.017290e-03
1.784064e-01	-1.020214e-03
1.784320e-01	-1.022721e-03
1.784576e-01	-1.024826e-03
1.784832e-01	-1.026831e-03
1.785088e-01	-1.028092e-03
1.785344e-01	-1.029711e-03
1.785600e-01	-1.030816e-03
1.785856e-01	-1.031485e-03
1.786112e-01	-1.032062e-03
1.786368e-01	-1.032518e-03
1.786624e-01	-1.032008e-03
1.786880e-01	-1.031764e-03
1.787136e-01	-1.031338e-03
1.787392e-01	-1.030207e-03
1.787648e-01	-1.028891e-03
1.787904e-01	-1.027872e-03
1.788160e-01	-1.025943e-03
1.788416e-01	-1.024476e-03
1.788672e-01	-1.021498e-03
1.788928e-01	-1.019322e-03
1.789184e-01	-1.016288e-03
1.789440e-01	-1.013182e-03
1.789696e-01	-1.009637e-03
1.789952e-01	-1.006315e-03
1.790208e-01	-1.002180e-03
1.790464e-01	-9.980561e-04
1.790720e-01	-9.940697e-04
1.790976e-01	-9.885312e-04
1.791232e-01	-9.841231e-04
1.791488e-01	-9.792100e-04
1.791744e-01	-9.734263e-04
1.792000e-01	-9.681774e-04
1.792256e-01	-9.617259e-04
1.792512e-01	-9.558219e-04
1.792768e-01	-9.495599e-04
1.793024e-01	-9.425473e-04
1.793280e-01	-9.352305e-04
1.793536e-01	-9.282795e-04
1.793792e-01	-9.211341e-04
1.794048e-01	-9.134605e-04
1.794304e-01	-9.050869e-04
1.794560e-01	-8.973761e-04
1.794816e-01	-8.886629e-04
1.795072e-01	-8.801377e-04
1.795328e-01	-8.714368e-04
1.795584e-01	-8.625339e-04
1.795840e-01	-8.529952e-04
1.796096e-01	-8.441343e-04
1.796352e-01	-8.338274e-04
1.796608e-01	-8.241017e-04
1.796864e-01	-8.140001e-04
1.797120e-01	-8.032679e-04
1.797376e-01	-7.929292e-04
1.797632e-01	-7.819822e-04
1.797888e-01	-7.714220e-04
1.798144e-01	-7.605682e-04
1.798400e-01	-7.484248e-04
1.798656e-01	-7.374623e-04
1.798912e-01	-7.258612e-04
1.799168e-01	-7.139610e-04
1.799424e-01	-7.016749e-04
1.799680e-01	-6.895978e-04
1.799936e-01	-6.769749e-04
1.800192e-01	-6.642772e-04
1.800448e-01	-6.517551e-04
1.800704e-01	-6.390287e-04
1.800960e-01	-6.260336e-04
1.801216e-01	-6.123871e-04
1.801472e-01	-5.991956e-04
1.801728e-01	-5.862710e-04
1.801984e-01	-5.717916e-04
1.802240e-01	-5.588508e-04
1.802496e-01	-5.441230e-04
1.802752e-01	-5.302968e-04
1.803008e-01	-5.164142e-04
1.803264e-01	-5.017516e-04
1.803520e-01	-4.877248e-04
1.803776e-01	-4.728581e-04
1.804032e-01	-4.582595e-04
1.804288e-01	-4.436116e-04
1.804544e-01	-4.286071e-04
1.804800e-01	-4.140837e-04
1.805056e-01	-3.984460e-04
1.805312e-01	-3.836169e-04
1.805568e-01	-3.681460e-04
1.805824e-01	-3.526572e-04
1.806080e-01	-3.374953e-04
1.806336e-01	-3.220408e-04
1.806592e-01	-3.062785e-04
1.806848e-01	-2.906524e-04
1.807104e-01	-2.751298e-04
1.807360e-01	-2.595569e-04
1.807616e-01	-2.429732e-04
1.807872e-01	-2.275008e-04
1.808128e-01	-2.114361e-04
1.808384e-01	-1.954416e-04
1.808640e-01	-1.794394e-04
1.808896e-01	-1.633969e-04
1.809152e-01	-1.467277e-04
1.809408e-01	-1.313949e-04
1.809664e-01	-1.150341e-04
1.809920e-01	-9.854484e-05
1.810176e-01	-8.284958e-05
1.810432e-01	-6.609782e-05
1.810688e-01	-5.064102e-05
1.810944e-01	-3.412984e-05
1.811200e-01	-1.764872e-05
1.811456e-01	-2.119118e-06
1.811712e-01	1.478188e-05
1.811968e-01	3.047353e-05
1.812224e-01	4.697856e-05
1.812480e-01	6.253635e-05
1.812736e-01	7.900465e-05
1.812992e-01	9.494367e-05
1.813248e-01	1.111612e-04
1.813504e-01	1.274635e-04
1.813760e-01	1.432187e-04
1.814016e-01	1.587898e-04
1.814272e-01	1.749992e-04
1.814528e-01	1.908748e-04
1.814784e-01	2.063436e-04
1.815040e-01	2.222883e-04
1.815296e-01	2.377365e-04
1.815552e-01	2.532372e-04
1.815808e-01	2.691574e-04
1.816064e-01	2.838565e-04
1.816320e-01	2.997555e-04
1.816576e-01	3.150740e-04
1.816832e-01	3.300419e-04
1.817088e-01	3.454179e-04
1.817344e-01	3.605318e-04
1.817600e-01	3.751767e-04
1.817856e-01	3.900372e-04
1.818112e-01	4.045793e-04
1.818368e-01	4.194662e-04
1.818624e-01	4.336504e-04
1.818880e-01	4.484915e-04
1.819136e-01	4.624320e-04
1.819392e-01	4.762228e-04
1.819648e-01	4.903332e-04
1.819904e-01	5.044806e-04
1.820160e-01	5.179321e-04
1.820416e-01	5.318494e-04
1.820672e-01	5.454710e-04
1.820928e-01	5.586591e-04
1.821184e-01	5.717324e-04
1.821440e-01	5.850895e-04
1.821696e-01	5.977944e-04
1.821952e-01	6.103906e-04
1.822208e-01	6.230346e-04
1.822464e-01	6.356608e-04
1.822720e-01	6.475360e-04
1.822976e-01	6.601059e-04
1.823232e-01	6.718599e-04
1.823488e-01	6.834001e-04
1.823744e-01	6.950871e-04
1.824000e-01	7.063473e-04
1.824256e-01	7.176884e-04
1.824512e-01	7.288188e-04
1.824768e-01	7.394858e-04
1.825024e-01	7.506122e-04
1.825280e-01	7.607922e-04
1.825536e-01	7.711647e-04
1.825792e-01	7.810914e-04
1.826048e-01	7.914561e-04
1.826304e-01	8.007106e-04
1.826560e-01	8.104298e-04
1.826816e-01	8.197741e-04
1.827072e-01	8.289569e-04
1.827328e-01	8.374383e-04
1.827584e-01	8.459794e-04
1.827840e-01	8.548819e-04
1.828096e-01	8.630275e-04
1.828352e-01	8.711108e-04
1.828608e-01	8.788219e-04
1.828864e-01	8.862066e-04
1.829120e-01	8.939446e-04
1.829376e-01	9.013368e-04
1.829632e-01	9.084296e-04
1.829888e-01	9.143274e-04
1.830144e-01	9.213807e-04
1.830400e-01	9.270135e-04
1.830656e-01	9.331256e-04
1.830912e-01	9.393975e-04
1.831168e-01	9.445457e-04
1.831424e-01	9.498684e-04
1.831680e-01	9.548174e-04
1.831936e-01	9.593442e-04
1.832192e-01	9.638553e-04
1.832448e-01	9.684868e-04
1.832704e-01	9.731239e-04
1.832960e-01	9.762846e-04
1.833216e-01	9.802215e-04
1.833472e-01	9.832528e-04
1.833728e-01	9.864047e-04
1.833984e-01	9.893568e-04
1.834240e-01	9.923077e-04
1.834496e-01	9.945190e-04
1.834752e-01	9.964702e-04
1.835008e-01	9.982086e-04
1.835264e-01	1.000275e-03
1.835520e-01	1.001466e-03
1.835776e-01	1.003138e-03
1.836032e-01	1.003748e-03
1.836288e-01	1.004216e-03
1.836544e-01	1.005113e-03
1.836800e-01	1.004879e-03
1.837056e-01	1.004650e-03
1.837312e-01	1.004658e-03
1.837568e-01	1.003973e-03
1.837824e-01	1.003034e-03
1.838080e-01	1.001886e-03
1.838336e-01	1.001166e-03
1.838592e-01	9.991934e-04
1.838848e-01	9.968111e-04
1.839104e-01	9.950767e-04
1.839360e-01	9.933180e-04
1.839616e-01	9.903517e-04
1.839872e-01	9.878576e-04
1.840128e-01	9.844451e-04
1.840384e-01	9.813119e-04
1.840640e-01	9.776261e-04
1.840896e-01	9.740374e-04
1.841152e-01	9.697897e-04
1.841408e-01	9.655418e-04
1.841664e-01	9.615451e-04
1.841920e-01	9.565744e-04
1.842176e-01	9.512254e-04
1.842432e-01	9.459548e-04
1.842688e-01	9.401379e-04
1.842944e-01	9.349310e-04
1.843200e-01	9.285888e-04
1.843456e-01	9.228638e-04
1.843712e-01	9.165877e-04
1.843968e-01	9.096306e-04
1.844224e-01	9.029776e-04
1.844480e-01	8.959643e-04
1.844736e-01	8.884412e-04
1.844992e-01	8.809333e-04
1.845248e-01	8.728366e-04
1.845504e-01	8.648848e-04
1.845760e-01	8.565917e-04
1.846016e-01	8.483957e-04
1.846272e-01	8.392119e-04
1.846528e-01	8.306652e-04
1.846784e-01	8.216357e-04
1.847040e-01	8.121861e-04
1.847296e-01	8.024198e-04
1.847552e-01	7.924780e-04
1.847808e-01	7.826584e-04
1.848064e-01	7.724358e-04
1.848320e-01	7.616043e-04
1.848576e-01	7.510943e-04
1.848832e-01	7.404654e-04
1.849088e-01	7.297904e-04
1.849344e-01	7.178690e-04
1.849600e-01	7.071777e-04
1.849856e-01	6.953274e-04
1.850112e-01	6.836053e-04
1.850368e-01	6.714638e-04
1.850624e-01	6.593707e-04
1.850880e-01	6.470061e-04
1.851136e-01	6.340870e-04
1.851392e-01	6.218438e-04
1.851648e-01	6.088903e-04
1.851904e-01	5.958026e-04
1.852160e-01	5.830322e-04
1.852416e-01	5.691716e-04
1.852672e-01	5.558815e-04
1.852928e-01	5.420228e-04
1.853184e-01	5.282519e-04
1.853440e-01	5.147021e-04
1.853696e-01	5.002106e-04
1.853952e-01	4.860123e-04
1.854208e-01	4.720477e-04
1.854464e-01	4.569519e-04
1.854720e-01	4.429583e-04
1.854976e-01	4.276453e-04
1.855232e-01	4.128960e-04
1.855488e-01	3.979663e-04
1.855744e-01	3.826661e-04
1.856000e-01	3.673483e-04
1.856256e-01	3.523834e-04
1.856512e-01	3.367036e-04
1.856768e-01	3.212198e-04
1.857024e-01	3.057341e-04
1.857280e-01	2.899532e-04
1.857536e-01	2.737795e-04
1.857792e-01	2.580730e-04
1.858048e-01	2.419582e-04
1.858304e-01	2.256012e-04
1.858560e-01	2.097901e-04
1.858816e-01	1.936991e-04
1.859072e-01	1.771843e-04
1.859328e-01	1.612379e-04
1.859584e-01	1.445720e-04
1.859840e-01	1.283320e-04
1.860096e-01	1.118088e-04
1.860352e-01	9.538774e-05
1.860608e-01	7.855964e-05
1.860864e-01	6.213228e-05
1.861120e-01	4.583310e-05
1.861376e-01	2.902282e-05
1.861632e-01	1.233910e-05
1.861888e-01	-3.899629e-06
1.862144e-01	-2.109507e-05
1.862400e-01	-3.757411e-05
1.862656e-01	-5.427802e-05
1.862912e-01	-7.075003e-05
1.863168e-01	-8.761552e-05
1.863424e-01	-1.038003e-04
1.863680e-01	-1.206323e-04
1.863936e-01	-1.374800e-04
1.864192e-01	-1.539430e-04
1.864448e-01	-1.700306e-04
1.864704e-01	-1.869358e-04
1.864960e-01	-2.035136e-04
1.865216e-01	-2.197848e-04
1.865472e-01	-2.359828e-04
1.865728e-01	-2.523751e-04
1.865984e-01	-2.685061e-04
1.866240e-01	-2.849554e-04
1.866496e-01	-3.013786e-04
1.866752e-01	-3.170756e-04
1.867008e-01	-3.332529e-04
1.867264e-01	-3.490524e-04
1.867520e-01	-3.645295e-04
1.867776e-01	-3.812131e-04
1.868032e-01	-3.964793e-04
1.868288e-01	-4.118494e-04
1.868544e-01	-4.269473e-04
1.868800e-01	-4.425773e-04
1.869056e-01	-4.575996e-04
1.869312e-01	-4.728423e-04
1.869568e-01	-4.876862e-04
1.869824e-01	-5.027569e-04
1.870080e-01	-5.173779e-04
1.870336e-01	-5.320682e-04
1.870592e-01	-5.465125e-04
1.870848e-01	-5.604022e-04
1.871104e-01	-5.747019e-04
1.871360e-01	-5.886345e-04
1.871616e-01	-6.023061e-04
1.871872e-01	-6.166960e-04
1.872128e-01	-6.298216e-04
1.872384e-01	-6.428338e-04
1.872640e-01	-6.561128e-04
1.872896e-01	-6.694770e-04
1.873152e-01	-6.822014e-04
1.873408e-01	-6.948657e-04
1.873664e-01	-7.074125e-04
1.873920e-01	-7.194801e-04
1.874176e-01	-7.312954e-04
1.874432e-01	-7.438449e-04
1.874688e-01	-7.548444e-04
1.874944e-01	-7.667966e-04
1.875200e-01	-7.781732e-04
1.875456e-01	-7.893483e-04
1.875712e-01	-8.001939e-04
1.875968e-01	-8.108836e-04
1.876224e-01	-8.211892e-04
1.876480e-01	-8.310945e-04
1.876736e-01	-8.411889e-04
1.876992e-01	-8.510581e-04
1.877248e-01	-8.605496e-04
1.877504e-01	-8.698882e-04
1.877760e-01	-8.787079e-04
1.878016e-01	-8.880566e-04
1.878272e-01	-8.959220e-04
1.878528e-01	-9.046534e-04
1.878784e-01	-9.129163e-04
1.879040e-01	-9.202124e-04
1.879296e-01	-9.282909e-04
1.879552e-01	-9.355119e-04
1.879808e-01	-9.420976e-04
1.880064e-01	-9.493837e-04
1.880320e-01	-9.556235e-04
1.880576e-01	-9.625141e-04
1.880832e-01	-9.682857e-04
1.881088e-01	-9.738596e-04
1.881344e-01	-9.796690e-04
1.881600e-01	-9.850439e-04
1.881856e-01	-9.899791e-04
1.882112e-01	-9.944319e-04
1.882368e-01	-9.989215e-04
1.882624e-01	-1.003268e-03
1.882880e-01	-1.006710e-03
1.883136e-01	-1.010805e-03
1.883392e-01	-1.014097e-03
1.883648e-01	-1.017217e-03
1.883904e-01	-1.019778e-03
1.884160e-01	-1.022317e-03
1.884416e-01	-1.024390e-03
1.884672e-01	-1.026193e-03
1.884928e-01	-1.028037e-03
1.885184e-01	-1.029728e-03
1.885440e-01	-1.030279e-03
1.885696e-01	-1.031698e-03
1.885952e-01	-1.031953e-03
1.886208e-01	-1.031855e-03
1.886464e-01	-1.031896e-03
1.886720e-01	-1.031708e-03
1.886976e-01	-1.031069e-03
1.887232e-01	-1.030408e-03
1.887488e-01	-1.029138e-03
1.887744e-01	-1.027854e-03
1.888000e-01	-1.026154e-03
1.888256e-01	-1.024218e-03
1.888512e-01	-1.021957e-03
1.888768e-01	-1.019670e-03
1.889024e-01	-1.016388e-03
1.889280e-01	-1.013434e-03
1.889536e-01	-1.010308e-03
1.889792e-01	-1.006607e-03
1.890048e-01	-1.002649e-03
1.890304e-01	-9.987068e-04
1.890560e-01	-9.940233e-04
1.890816e-01	-9.897727e-04
1.891072e-01	-9.846817e-04
1.891328e-01	-9.799029e-04
1.891584e-01	-9.742687e-04
1.891840e-01	-9.681644e-04
1.892096e-01	-9.622506e-04
1.892352e-01	-9.562169e-04
1.892608e-01	-9.497125e-04
1.892864e-01	-9.432944e-04
1.893120e-01	-9.362067e-04
1.893376e-01	-9.288827e-04
1.893632e-01	-9.218387e-04
1.893888e-01	-9.139019e-04
1.894144e-01	-9.060538e-04
1.894400e-01	-8.985278e-04
1.894656e-01	-8.895947e-04
1.894912e-01	-8.814513e-04
1.895168e-01	-8.718363e-04
1.895424e-01	-8.630832e-04
1.895680e-01	-8.539364e-04
1.895936e-01	-8.444618e-04
1.896192e-01	-8.348369e-04
1.896448e-01	-8.250003e-04
1.896704e-01	-8.149947e-04
1.896960e-01	-8.040447e-04
1.897216e-01	-7.940287e-04
1.897472e-01	-7.835682e-04
1.897728e-01	-7.721410e-04
1.897984e-01	-7.617833e-04
1.898240e-01	-7.499829e-04
1.898496e-01	-7.388033e-04
1.898752e-01	-7.267727e-04
1.899008e-01	-7.148224e-04
1.899264e-01	-7.029630e-04
1.899520e-01	-6.908572e-04
1.899776e-01	-6.784717e-04
1.900032e-01	-6.656602e-04
1.900288e-01	-6.529445e-04
1.900544e-01	-6.402193e-04
1.900800e-01	-6.268017e-04
1.901056e-01	-6.138069e-04
1.901312e-01	-6.005982e-04
1.901568e-01	-5.872714e-04
1.901824e-01	-5.731251e-04
1.902080e-01	-5.595727e-04
1.902336e-01	-5.456730e-04
1.902592e-01	-5.315698e-04
1.902848e-01	-5.174262e-04
1.903104e-01	-5.034395e-04
1.903360e-01	-4.887411e-04
1.903616e-01	-4.743615e-04
1.903872e-01	-4.597054e-04
1.904128e-01	-4.451438e-04
1.904384e-01	-4.300726e-04
1.904640e-01	-4.148444e-04
1.904896e-01	-3.999141e-04
1.905152e-01	-3.849906e-04
1.905408e-01	-3.694843e-04
1.905664e-01	-3.541966e-04
1.905920e-01	-3.388588e-04
1.906176e-01	-3.236737e-04
1.906432e-01	-3.075168e-04
1.906688e-01	-2.922443e-04
1.906944e-01	-2.765412e-04
1.907200e-01	-2.608196e-04
1.907456e-01	-2.450204e-04
1.907712e-01	-2.289391e-04
1.907968e-01	-2.129452e-04
1.908224e-01	-1.971367e-04
1.908480e-01	-1.812295e-04
1.908736e-01	-1.650411e-04
1.908992e-01	-1.486079e-04
1.909248e-01	-1.331014e-04
1.909504e-01	-1.165125e-04
1.909760e-01	-1.009434e-04
1.910016e-01	-8.433436e-05
1.910272e-01	-6.808496e-05
1.910528e-01	-5.240080e-05
1.910784e-01	-3.552115e-05
1.911040e-01	-1.954423e-05
1.911296e-01	-3.378743e-06
1.911552e-01	1.290221e-05
1.911808e-01	2.860476e-05
1.912064e-01	4.550332e-05
1.912320e-01	6.113028e-05
1.912576e-01	7.729871e-05
1.912832e-01	9.381341e-05
1.913088e-01	1.094238e-04
1.913344e-01	1.253736e-04
1.913600e-01	1.419028e-04
1.913856e-01	1.573399e-04
1.914112e-01	1.734891e-04
1.914368e-01	1.890765e-04
1.914624e-01	2.049416e-04
1.914880e-01	2.208457e-04
1.915136e-01	2.366596e-04
1.915392e-01	2.519600e-04
1.915648e-01	2.671856e-04
1.915904e-01	2.830565e-04
1.916160e-01	2.979746e-04
1.916416e-01	3.130264e-04
1.916672e-01	3.292433e-04
1.916928e-01	3.435599e-04
1.917184e-01	3.586324e-04
1.917440e-01	3.734902e-04
1.917696e-01	3.886271e-04
1.917952e-01	4.032931e-04
1.918208e-01	4.176598e-04
1.918464e-01	4.321774e-04
1.918720e-01	4.468151e-04
1.918976e-01	4.608188e-04
1.919232e-01	4.751815e-04
1.919488e-01	4.889161e-04
1.919744e-01	5.028084e-04
1.920000e-01	5.166110e-04
1.920256e-01	5.300471e-04
1.920512e-01	5.438761e-04
1.920768e-01	5.572849e-04
1.921024e-01	5.702577e-04
1.921280e-01	5.837084e-04
1.921536e-01	5.963650e-04
1.921792e-01	6.092428e-04
1.922048e-01	6.216705e-04
1.922304e-01	6.340624e-04
1.922560e-01	6.460968e-04
1.922816e-01	6.587796e-04
1.923072e-01	6.703772e-04
1.923328e-01	6.826723e-04
1.923584e-01	6.941691e-04
1.923840e-01	7.051901e-04
1.924096e-01	7.167973e-04
1.924352e-01	7.276084e-04
1.924608e-01	7.388699e-04
1.924864e-01	7.497335e-04
1.925120e-01	7.596284e-04
1.925376e-01	7.703972e-04
1.925632e-01	7.801309e-04
1.925888e-01	7.899171e-04
1.926144e-01	7.996887e-04
1.926400e-01	8.095420e-04
1.926656e-01	8.187013e-04
1.926912e-01	8.281227e-04
1.927168e-01	8.368167e-04
1.927424e-01	8.451633e-04
1.927680e-01	8.538697e-04
1.927936e-01	8.623122e-04
1.928192e-01	8.704476e-04
1.928448e-01	8.783828e-04
1.928704e-01	8.852185e-04
1.928960e-01	8.932945e-04
1.929216e-01	8.997679e-04
1.929472e-01	9.070016e-04
1.929728e-01	9.140559e-04
1.929984e-01	9.201058e-04
1.930240e-01	9.265452e-04
1.930496e-01	9.323087e-04
1.930752e-01	9.383400e-04
1.931008e-01	9.438167e-04
1.931264e-01	9.492043e-04
1.931520e-01	9.546910e-04
1.931776e-01	9.592310e-04
1.932032e-01	9.639298e-04
1.932288e-01	9.680060e-04
1.932544e-01	9.726934e-04
1.932800e-01	9.760921e-04
1.933056e-01	9.798374e-04
1.933312e-01	9.831038e-04
1.933568e-01	9.860059e-04
1.933824e-01	9.890618e-04
1.934080e-01	9.919492e-04
1.934336e-01	9.940845e-04
1.934592e-01	9.966299e-04
1.934848e-01	9.980660e-04
1.935104e-01	9.999392e-04
1.935360e-01	1.001473e-03
1.935616e-01	1.002521e-03
1.935872e-01	1.003641e-03
1.936128e-01	1.004338e-03
1.936384e-01	1.004490e-03
1.936640e-01	1.005059e-03
1.936896e-01	1.005007e-03
1.937152e-01	1.004409e-03
1.937408e-01	1.004044e-03
1.937664e-01	1.003537e-03
1.937920e-01	1.002511e-03
1.938176e-01	1.001174e-03
1.938432e-01	9.993747e-04
1.938688e-01	9.975441e-04
1.938944e-01	9.951566e-04
1.939200e-01	9.932310e-04
1.939456e-01	9.901695e-04
1.939712e-01	9.881753e-04
1.939968e-01	9.850718e-04
1.940224e-01	9.813977e-04
1.940480e-01	9.779470e-04
1.940736e-01	9.744385e-04
1.940992e-01	9.702481e-04
1.941248e-01	9.662124e-04
1.941504e-01	9.614685e-04
1.941760e-01	9.568139e-04
1.942016e-01	9.519398e-04
1.942272e-01	9.468466e-04
1.942528e-01	9.415282e-04
1.942784e-01	9.355049e-04
1.943040e-01	9.296557e-04
1.943296e-01	9.234160e-04
1.943552e-01	9.166710e-04
1.943808e-01	9.104447e-04
1.944064e-01	9.033339e-04
1.944320e-01	8.963096e-04
1.944576e-01	8.888085e-04
1.944832e-01	8.817101e-04
1.945088e-01	8.739672e-04
1.945344e-01	8.656890e-04
1.945600e-01	8.576771e-04
1.945856e-01	8.490435e-04
1.946112e-01	8.398763e-04
1.946368e-01	8.319838e-04
1.946624e-01	8.224233e-04
1.946880e-01	8.129352e-04
1.947136e-01	8.034309e-04
1.947392e-01	7.936422e-04
1.947648e-01	7.833977e-04
1.947904e-01	7.735227e-04
1.948160e-01	7.631226e-04
1.948416e-01	7.523371e-04
1.948672e-01	7.411995e-04
1.948928e-01	7.307719e-04
1.949184e-01	7.194838e-04
1.949440e-01	7.078336e-04
1.949696e-01	6.964046e-04
1.949952e-01	6.848999e-04
1.950208e-01	6.728305e-04
1.950464e-01	6.603924e-04
1.950720e-01	6.484875e-04
1.950976e-01	6.357863e-04
1.951232e-01	6.229841e-04
1.951488e-01	6.107668e-04
1.951744e-01	5.969811e-04
1.952000e-01	5.842568e-04
1.952256e-01	5.706815e-04
1.952512e-01	5.574329e-04
1.952768e-01	5.437448e-04
1.953024e-01	5.296329e-04
1.953280e-01	5.160498e-04
1.953536e-01	5.019208e-04
1.953792e-01	4.875879e-04
1.954048e-01	4.732697e-04
1.954304e-01	4.585026e-04
1.954560e-01	4.443612e-04
1.954816e-01	4.291257e-04
1.955072e-01	4.143941e-04
1.955328e-01	3.992811e-04
1.955584e-01	3.845672e-04
1.955840e-01	3.692587e-04
1.956096e-01	3.538054e-04
1.956352e-01	3.383700e-04
1.956608e-01	3.225440e-04
1.956864e-01	3.071307e-04
1.957120e-01	2.916916e-04
1.957376e-01	2.757181e-04
1.957632e-01	2.597795e-04
1.957888e-01	2.435178e-04
1.958144e-01	2.279644e-04
1.958400e-01	2.116636e-04
1.958656e-01	1.955137e-04
1.958912e-01	1.790513e-04
1.959168e-01	1.628206e-04
1.959424e-01	1.464045e-04
1.959680e-01	1.301427e-04
1.959936e-01	1.135894e-04
1.960192e-01	9.698662e-05
1.960448e-01	8.066787e-05
1.960704e-01	6.400045e-05
1.960960e-01	4.732913e-05
1.961216e-01	3.129907e-05
1.961472e-01	1.395942e-05
1.961728e-01	-2.505641e-06
1.961984e-01	-1.946165e-05
1.962240e-01	-3.573416e-05
1.962496e-01	-5.229287e-05
1.962752e-01	-6.920174e-05
1.963008e-01	-8.598894e-05
1.963264e-01	-1.023876e-04
1.963520e-01	-1.186908e-04
1.963776e-01	-1.353318e-04
1.964032e-01	-1.522856e-04
1.964288e-01	-1.686350e-04
1.964544e-01	-1.854676e-04
1.964800e-01	-2.018932e-04
1.965056e-01	-2.179998e-04
1.965312e-01	-2.345737e-04
1.965568e-01	-2.508311e-04
1.965824e-01	-2.668745e-04
1.966080e-01	-2.834004e-04
1.966336e-01	-2.992892e-04
1.966592e-01	-3.153202e-04
1.966848e-01	-3.315928e-04
1.967104e-01	-3.475700e-04
1.967360e-01	-3.629279e-04
1.967616e-01	-3.792944e-04
1.967872e-01	-3.945632e-04
1.968128e-01	-4.100236e-04
1.968384e-01	-4.257147e-04
1.968640e-01	-4.414365e-04
1.968896e-01	-4.558918e-04
1.969152e-01	-4.713409e-04
1.969408e-01	-4.861702e-04
1.969664e-01	-5.009060e-04
1.969920e-01	-5.159699e-04
1.970176e-01	-5.303178e-04
1.970432e-01	-5.448017e-04
1.970688e-01	-5.591557e-04
1.970944e-01	-5.730119e-04
1.971200e-01	-5.872817e-04
1.971456e-01	-6.011978e-04
1.971712e-01	-6.146801e-04
1.971968e-01	-6.285170e-04
1.972224e-01	-6.420730e-04
1.972480e-01	-6.548208e-04
1.972736e-01	-6.683453e-04
1.972992e-01	-6.807785e-04
1.973248e-01	-6.938647e-04
1.973504e-01	-7.057586e-04
1.973760e-01	-7.186854e-04
1.974016e-01	-7.307586e-04
1.974272e-01	-7.421641e-04
1.974528e-01	-7.542380e-04
1.974784e-01	-7.653909e-04
1.975040e-01	-7.769704e-04
1.975296e-01	-7.879391e-04
1.975552e-01	-7.991516e-04
1.975808e-01	-8.098821e-04
1.976064e-01	-8.195397e-04
1.976320e-01	-8.306014e-04
1.976576e-01	-8.404939e-04
1.976832e-01	-8.501455e-04
1.977088e-01	-8.593000e-04
1.977344e-01	-8.689273e-04
1.977600e-01	-8.776042e-04
1.977856e-01	-8.869796e-04
1.978112e-01	-8.958561e-04
1.978368e-01	-9.037296e-04
1.978624e-01	-9.122360e-04
1.978880e-01	-9.198230e-04
1.979136e-01	-9.271805e-04
1.979392e-01	-9.349226e-04
1.979648e-01	-9.415610e-04
1.979904e-01	-9.486243e-04
1.980160e-01	-9.554202e-04
1.980416e-01	-9.617895e-04
1.980672e-01	-9.677473e-04
1.980928e-01	-9.736856e-04
1.981184e-01	-9.784638e-04
1.981440e-01	-9.843439e-04
1.981696e-01	-9.891444e-04
1.981952e-01	-9.939122e-04
1.982208e-01	-9.986336e-04
1.982464e-01	-1.002669e-03
1.982720e-01	-1.006377e-03
1.982976e-01	-1.010125e-03
1.983232e-01	-1.013370e-03
1.983488e-01	-1.016334e-03
1.983744e-01	-1.019628e-03
1.984000e-01	-1.021986e-03
1.984256e-01	-1.024125e-03
1.984512e-01	-1.026324e-03
1.984768e-01	-1.027145e-03
1.985024e-01	-1.029472e-03
1.985280e-01	-1.030436e-03
1.985536e-01	-1.031458e-03
1.985792e-01	-1.031529e-03
1.986048e-01	-1.032194e-03
1.986304e-01	-1.032264e-03
1.986560e-01	-1.031154e-03
1.986816e-01	-1.031326e-03
1.987072e-01	-1.030264e-03
1.987328e-01	-1.029198e-03
1.987584e-01	-1.028208e-03
1.987840e-01	-1.025983e-03
1.988096e-01	-1.024097e-03
1.988352e-01	-1.021812e-03
1.988608e-01	-1.019428e-03
1.988864e-01	-1.016471e-03
1.989120e-01	-1.013640e-03
1.989376e-01	-1.010338e-03
1.989632e-01	-1.006751e-03
1.989888e-01	-1.002687e-03
1.990144e-01	-9.990530e-04
1.990400e-01	-9.944111e-04
1.990656e-01	-9.901550e-04
1.990912e-01	-9.850136e-04
1.991168e-01	-9.795987e-04
1.991424e-01	-9.744135e-04
1.991680e-01	-9.691471e-04
1.991936e-01	-9.627116e-04
1.992192e-01	-9.569151e-04
1.992448e-01	-9.503195e-04
1.992704e-01	-9.432493e-04
1.992960e-01	-9.369844e-04
1.993216e-01	-9.295093e-04
1.993472e-01	-9.222845e-04
1.993728e-01	-9.151243e-04
1.993984e-01	-9.065125e-04
1.994240e-01	-8.986837e-04
1.994496e-01	-8.901127e-04
1.994752e-01	-8.819574e-04
1.995008e-01	-8.731232e-04
1.995264e-01	-8.642768e-04
1.995520e-01	-8.546989e-04
1.995776e-01	-8.454415e-04
1.996032e-01	-8.358032e-04
1.996288e-01	-8.259938e-04
1.996544e-01	-8.159833e-04
1.996800e-01	-8.054131e-04
1.997056e-01	-7.951465e-04
1.997312e-01	-7.847243e-04
1.997568e-01	-7.736869e-04
1.997824e-01	-7.624511e-04
1.998080e-01	-7.510384e-04
1.998336e-01	-7.399378e-04
1.998592e-01	-7.278575e-04
1.998848e-01	-7.163800e-04
1.999104e-01	-7.040921e-04
1.999360e-01	-6.918916e-04
1.999616e-01	-6.792538e-04
1.999872e-01	-6.668050e-04
2.000128e-01	-6.544082e-04
2.000384e-01	-6.411516e-04
2.000640e-01	-6.281828e-04
2.000896e-01	-6.152947e-04
2.001152e-01	-6.017907e-04
2.001408e-01	-5.886006e-04
2.001664e-01	-5.748693e-04
2.001920e-01	-5.613827e-04
2.002176e-01	-5.466777e-04
2.002432e-01	-5.326946e-04
2.002688e-01	-5.189088e-04
2.002944e-01	-5.047215e-04
2.003200e-01	-4.899031e-04
2.003456e-01	-4.754596e-04
2.003712e-01	-4.611818e-04
2.003968e-01	-4.464359e-04
2.004224e-01	-4.311691e-04
2.004480e-01	-4.166787e-04
2.004736e-01	-4.015315e-04
2.004992e-01	-3.862040e-04
2.005248e-01	-3.709180e-04
2.005504e-01	-3.559781e-04
2.005760e-01	-3.408407e-04
2.006016e-01	-3.249961e-04
2.006272e-01	-3.090417e-04
2.006528e-01	-2.937437e-04
2.006784e-01	-2.779140e-04
2.007040e-01	-2.625551e-04
2.007296e-01	-2.463765e-04
2.007552e-01	-2.305782e-04
2.007808e-01	-2.146454e-04
2.008064e-01	-1.986701e-04
2.008320e-01	-1.828909e-04
2.008576e-01	-1.664815e-04
2.008832e-01	-1.503697e-04
2.009088e-01	-1.345100e-04
2.009344e-01	-1.180751e-04
2.009600e-01	-1.025112e-04
2.009856e-01	-8.572221e-05
2.010112e-01	-6.978761e-05
2.010368e-01	-5.358163e-05
2.010624e-01	-3.733566e-05
2.010880e-01	-2.097296e-05
2.011136e-01	-4.634326e-06
2.011392e-01	1.107252e-05
2.011648e-01	2.713757e-05
2.011904e-01	4.348214e-05
2.012160e-01	5.953991e-05
2.012416e-01	7.612492e-05
2.012672e-01	9.186263e-05
2.012928e-01	1.082885e-04
2.013184e-01	1.238164e-04
2.013440e-01	1.396920e-04
2.013696e-01	1.557965e-04
2.013952e-01	1.715815e-04
2.014208e-01	1.877130e-04
2.014464e-01	2.033210e-04
2.014720e-01	2.189580e-04
2.014976e-01	2.348473e-04
2.015232e-01	2.500476e-04
2.015488e-01	2.657143e-04
2.015744e-01	2.809356e-04
2.016000e-01	2.965320e-04
2.016256e-01	3.117590e-04
2.016512e-01	3.271118e-04
2.016768e-01	3.417373e-04
2.017024e-01	3.568009e-04
2.017280e-01	3.718300e-04
2.017536e-01	3.869614e-04
2.017792e-01	4.015205e-04
2.018048e-01	4.158647e-04
2.018304e-01	4.307583e-04
2.018560e-01	4.448077e-04
2.018816e-01	4.593152e-04
2.019072e-01	4.737065e-04
2.019328e-01	4.870704e-04
2.019584e-01	5.018468e-04
2.019840e-01	5.151386e-04
2.020096e-01	5.287849e-04
2.020352e-01	5.421855e-04
2.020608e-01	5.559423e-04
2.020864e-01	5.689382e-04
2.021120e-01	5.823828e-04
2.021376e-01	5.951697e-04
2.021632e-01	6.077902e-04
2.021888e-01	6.205997e-04
2.022144e-01	6.329998e-04
2.022400e-01	6.452294e-04
2.022656e-01	6.573399e-04
2.022912e-01	6.693734e-04
2.023168e-01	6.809641e-04
2.023424e-01	6.927596e-04
2.023680e-01	7.040320e-04
2.023936e-01	7.154003e-04
2.024192e-01	7.270652e-04
2.024448e-01	7.372737e-04
2.024704e-01	7.484443e-04
2.024960e-01	7.585008e-04
2.025216e-01	7.692236e-04
2.025472e-01	7.792846e-04
2.025728e-01	7.892746e-04
2.025984e-01	7.990931e-04
2.026240e-01	8.083919e-04
2.026496e-01	8.180522e-04
2.026752e-01	8.271091e-04
2.027008e-01	8.354926e-04
2.027264e-01	8.447514e-04
2.027520e-01	8.532865e-04
2.027776e-01	8.613557e-04
2.028032e-01	8.696698e-04
2.028288e-01	8.772085e-04
2.028544e-01	8.848299e-04
2.028800e-01	8.925187e-04
2.029056e-01	8.991728e-04
2.029312e-01	9.063687e-04
2.029568e-01	9.130770e-04
2.029824e-01	9.197430e-04
2.030080e-01	9.256041e-04
2.030336e-01	9.320643e-04
2.030592e-01	9.375035e-04
2.030848e-01	9.433069e-04
2.031104e-01	9.486646e-04
2.031360e-01	9.540172e-04
2.031616e-01	9.585263e-04
2.031872e-01	9.631541e-04
2.032128e-01	9.672115e-04
2.032384e-01	9.715219e-04
2.032640e-01	9.761419e-04
2.032896e-01	9.789948e-04
2.033152e-01	9.825104e-04
2.033408e-01	9.862682e-04
2.033664e-01	9.887621e-04
2.033920e-01	9.912802e-04
2.034176e-01	9.939142e-04
2.034432e-01	9.962466e-04
2.034688e-01	9.980153e-04
2.034944e-01	9.998084e-04
2.035200e-01	1.001128e-03
2.035456e-01	1.002975e-03
2.035712e-01	1.003586e-03
2.035968e-01	1.004305e-03
2.036224e-01	1.004586e-03
2.036480e-01	1.004577e-03
2.036736e-01	1.004658e-03
2.036992e-01	1.004964e-03
2.037248e-01	1.003837e-03
2.037504e-01	1.003228e-03
2.037760e-01	1.002447e-03
2.038016e-01	1.001045e-03
2.038272e-01	9.995797e-04
2.038528e-01	9.980360e-04
2.038784e-01	9.956459e-04
2.039040e-01	9.933945e-04
2.039296e-01	9.908503e-04
2.039552e-01	9.882473e-04
2.039808e-01	9.850410e-04
2.040064e-01	9.824549e-04
2.040320e-01	9.784792e-04
2.040576e-01	9.748460e-04
2.040832e-01	9.710646e-04
2.041088e-01	9.663492e-04
2.041344e-01	9.621021e-04
2.041600e-01	9.575813e-04
2.041856e-01	9.525626e-04
2.042112e-01	9.472711e-04
2.042368e-01	9.421389e-04
2.042624e-01	9.360375e-04
2.042880e-01	9.297593e-04
2.043136e-01	9.245355e-04
2.043392e-01	9.176674e-04
2.043648e-01	9.110911e-04
2.043904e-01	9.045494e-04
2.044160e-01	8.975211e-04
2.044416e-01	8.896440e-04
2.044672e-01	8.823475e-04
2.044928e-01	8.746791e-04
2.045184e-01	8.667826e-04
2.045440e-01	8.582124e-04
2.045696e-01	8.498104e-04
2.045952e-01	8.410823e-04
2.046208e-01	8.326959e-04
2.046464e-01	8.235466e-04
2.046720e-01	8.141305e-04
2.046976e-01	8.039948e-04
2.047232e-01	7.949990e-04
2.047488e-01	7.850109e-04
2.047744e-01	7.739578e-04
2.048000e-01	7.639233e-04
2.048256e-01	7.536688e-04
2.048512e-01	7.425741e-04
2.048768e-01	7.316641e-04
2.049024e-01	7.207798e-04
2.049280e-01	7.091812e-04
2.049536e-01	6.975416e-04
2.049792e-01	6.860639e-04
2.050048e-01	6.739338e-04
2.050304e-01	6.622571e-04
2.050560e-01	6.495200e-04
2.050816e-01	6.371227e-04
2.051072e-01	6.245466e-04
2.051328e-01	6.120189e-04
2.051584e-01	5.982533e-04
2.051840e-01	5.853301e-04
2.052096e-01	5.720663e-04
2.052352e-01	5.582554e-04
2.052608e-01	5.450234e-04
2.052864e-01	5.312540e-04
2.053120e-01	5.172384e-04
2.053376e-01	5.032175e-04
2.053632e-01	4.890409e-04
2.053888e-01	4.749011e-04
2.054144e-01	4.600801e-04
2.054400e-01	4.457970e-04
2.054656e-01	4.308625e-04
2.054912e-01	4.160003e-04
2.055168e-01	4.008288e-04
2.055424e-01	3.859848e-04
2.055680e-01	3.707747e-04
2.055936e-01	3.555387e-04
2.056192e-01	3.394170e-04
2.056448e-01	3.243259e-04
2.056704e-01	3.084334e-04
2.056960e-01	2.924025e-04
2.057216e-01	2.773187e-04
2.057472e-01	2.612324e-04
2.057728e-01	2.451298e-04
2.057984e-01	2.296174e-04
2.058240e-01	2.132219e-04
2.058496e-01	1.968415e-04
2.058752e-01	1.804344e-04
2.059008e-01	1.643339e-04
2.059264e-01	1.480719e-04
2.059520e-01	1.315388e-04
2.059776e-01	1.150855e-04
2.060032e-01	9.892453e-05
2.060288e-01	8.211353e-05
2.060544e-01	6.552198e-05
2.060800e-01	4.880440e-05
2.061056e-01	3.248640e-05
2.061312e-01	1.540111e-05
2.061568e-01	-7.592116e-07
2.061824e-01	-1.729340e-05
2.062080e-01	-3.398913e-05
2.062336e-01	-5.098019e-05
2.062592e-01	-6.748721e-05
2.062848e-01	-8.409292e-05
2.063104e-01	-1.011501e-04
2.063360e-01	-1.174883e-04
2.063616e-01	-1.339449e-04
2.063872e-01	-1.509081e-04
2.064128e-01	-1.671032e-04
2.064384e-01	-1.839101e-04
2.064640e-01	-2.003569e-04
2.064896e-01	-2.166659e-04
2.065152e-01	-2.328814e-04
2.065408e-01	-2.495189e-04
2.065664e-01	-2.655211e-04
2.065920e-01	-2.820909e-04
2.066176e-01	-2.980451e-04
2.066432e-01	-3.141187e-04
2.066688e-01	-3.301134e-04
2.066944e-01	-3.461309e-04
2.067200e-01	-3.618650e-04
2.067456e-01	-3.775588e-04
2.067712e-01	-3.931437e-04
2.067968e-01	-4.085535e-04
2.068224e-01	-4.240902e-04
2.068480e-01	-4.395068e-04
2.068736e-01	-4.544295e-04
2.068992e-01	-4.695438e-04
2.069248e-01	-4.848152e-04
2.069504e-01	-4.998025e-04
2.069760e-01	-5.145245e-04
2.070016e-01	-5.291835e-04
2.070272e-01	-5.433316e-04
2.070528e-01	-5.584259e-04
2.070784e-01	-5.716424e-04
2.071040e-01	-5.862591e-04
2.071296e-01	-6.002723e-04
2.071552e-01	-6.136866e-04
2.071808e-01	-6.275999e-04
2.072064e-01	-6.406364e-04
2.072320e-01	-6.534289e-04
2.072576e-01	-6.667571e-04
2.072832e-01	-6.797529e-04
2.073088e-01	-6.925802e-04
2.073344e-01	-7.050535e-04
2.073600e-01	-7.170318e-04
2.073856e-01	-7.296593e-04
2.074112e-01	-7.418447e-04
2.074368e-01	-7.525993e-04
2.074624e-01	-7.650159e-04
2.074880e-01	-7.762256e-04
2.075136e-01	-7.870885e-04
2.075392e-01	-7.982093e-04
2.075648e-01	-8.086470e-04
2.075904e-01	-8.190240e-04
2.076160e-01	-8.292622e-04
2.076416e-01	-8.395298e-04
2.076672e-01	-8.496219e-04
2.076928e-01	-8.585784e-04
2.077184e-01	-8.681520e-04
2.077440e-01	-8.770835e-04
2.077696e-01	-8.864321e-04
2.077952e-01	-8.946641e-04
2.078208e-01	-9.032676e-04
2.078464e-01	-9.114912e-04
2.078720e-01	-9.194015e-04
2.078976e-01	-9.271636e-04
2.079232e-01	-9.342365e-04
2.079488e-01	-9.418912e-04
2.079744e-01	-9.482434e-04
2.080000e-01	-9.544981e-04
2.080256e-01	-9.619520e-04
2.080512e-01	-9.672604e-04
2.080768e-01	-9.734545e-04
2.081024e-01	-9.788078e-04
2.081280e-01	-9.836449e-04
2.081536e-01	-9.889214e-04
2.081792e-01	-9.937555e-04
2.082048e-01	-9.979603e-04
2.082304e-01	-1.002523e-03
2.082560e-01	-1.006558e-03
2.082816e-01	-1.009872e-03
2.083072e-01	-1.013454e-03
2.083328e-01	-1.016885e-03
2.083584e-01	-1.019280e-03
2.083840e-01	-1.021645e-03
2.084096e-01	-1.023753e-03
2.084352e-01	-1.026469e-03
2.084608e-01	-1.027872e-03
2.084864e-01	-1.029496e-03
2.085120e-01	-1.030258e-03
2.085376e-01	-1.031534e-03
2.085632e-01	-1.031840e-03
2.085888e-01	-1.032015e-03
2.086144e-01	-1.032628e-03
2.086400e-01	-1.032050e-03
2.086656e-01	-1.031703e-03
2.086912e-01	-1.030815e-03
2.087168e-01	-1.029619e-03
2.087424e-01	-1.028047e-03
2.087680e-01	-1.026327e-03
2.087936e-01	-1.024965e-03
2.088192e-01	-1.022340e-03
2.088448e-01	-1.020181e-03
2.088704e-01	-1.017584e-03
2.088960e-01	-1.014741e-03
2.089216e-01	-1.010974e-03
2.089472e-01	-1.007751e-03
2.089728e-01	-1.003596e-03
2.089984e-01	-9.996815e-04
2.090240e-01	-9.955221e-04
2.090496e-01	-9.907624e-04
2.090752e-01	-9.858881e-04
2.091008e-01	-9.807937e-04
2.091264e-01	-9.752238e-04
2.091520e-01	-9.695130e-04
2.091776e-01	-9.637602e-04
2.092032e-01	-9.576392e-04
2.092288e-01	-9.511870e-04
2.092544e-01	-9.450209e-04
2.092800e-01	-9.374121e-04
2.093056e-01	-9.307078e-04
2.093312e-01	-9.234265e-04
2.093568e-01	-9.154879e-04
2.093824e-01	-9.075711e-04
2.094080e-01	-8.997472e-04
2.094336e-01	-8.914414e-04
2.094592e-01	-8.829556e-04
2.094848e-01	-8.739166e-04
2.095104e-01	-8.648713e-04
2.095360e-01	-8.559220e-04
2.095616e-01	-8.465826e-04
2.095872e-01	-8.367459e-04
2.096128e-01	-8.271430e-04
2.096384e-01	-8.167127e-04
2.096640e-01	-8.070667e-04
2.096896e-01	-7.963848e-04
2.097152e-01	-7.857884e-04
2.097408e-01	-7.746167e-04
2.097664e-01	-7.634950e-04
2.097920e-01	-7.525838e-04
2.098176e-01	-7.406130e-04
2.098432e-01	-7.291631e-04
2.098688e-01	-7.174975e-04
2.098944e-01	-7.052120e-04
2.099200e-01	-6.930854e-04
2.099456e-01	-6.806565e-04
2.099712e-01	-6.684634e-04
2.099968e-01	-6.557031e-04
2.100224e-01	-6.429176e-04
2.100480e-01	-6.293223e-04
2.100736e-01	-6.166868e-04
2.100992e-01	-6.029253e-04
2.101248e-01	-5.895312e-04
2.101504e-01	-5.761578e-04
2.101760e-01	-5.623138e-04
2.102016e-01	-5.487594e-04
2.102272e-01	-5.346537e-04
2.102528e-01	-5.202030e-04
2.102784e-01	-5.058535e-04
2.103040e-01	-4.916386e-04
2.103296e-01	-4.770552e-04
2.103552e-01	-4.623915e-04
2.103808e-01	-4.481351e-04
2.104064e-01	-4.327148e-04
2.104320e-01	-4.181559e-04
2.104576e-01	-4.026166e-04
2.104832e-01	-3.877905e-04
2.105088e-01	-3.721782e-04
2.105344e-01	-3.574324e-04
2.105600e-01	-3.415849e-04
2.105856e-01	-3.260216e-04
2.106112e-01	-3.109914e-04
2.106368e-01	-2.951230e-04
2.106624e-01	-2.796092e-04
2.106880e-01	-2.631993e-04
2.107136e-01	-2.476209e-04
2.107392e-01	-2.319465e-04
2.107648e-01	-2.159654e-04
2.107904e-01	-2.002419e-04
2.108160e-01	-1.837339e-04
2.108416e-01	-1.682474e-04
2.108672e-01	-1.520937e-04
2.108928e-01	-1.357371e-04
2.109184e-01	-1.197512e-04
2.109440e-01	-1.036154e-04
2.109696e-01	-8.710458e-05
2.109952e-01	-7.121739e-05
2.110208e-01	-5.513815e-05
2.110464e-01	-3.883924e-05
2.110720e-01	-2.221844e-05
2.110976e-01	-6.649283e-06
2.111232e-01	1.009594e-05
2.111488e-01	2.615119e-05
2.111744e-01	4.195514e-05
2.112000e-01	5.829455e-05
2.112256e-01	7.457614e-05
2.112512e-01	9.004928e-05
2.112768e-01	1.065092e-04
2.113024e-01	1.226748e-04
2.113280e-01	1.388670e-04
2.113536e-01	1.546395e-04
2.113792e-01	1.702933e-04
2.114048e-01	1.864346e-04
2.114304e-01	2.019223e-04
2.114560e-01	2.176226e-04
2.114816e-01	2.333920e-04
2.115072e-01	2.490130e-04
2.115328e-01	2.644992e-04
2.115584e-01	2.796315e-04
2.115840e-01	2.953286e-04
2.116096e-01	3.103273e-04
2.116352e-01	3.259621e-04
2.116608e-01	3.408531e-04
2.116864e-01	3.561302e-04
2.117120e-01	3.709809e-04
2.117376e-01	3.859627e-04
2.117632e-01	4.004503e-04
2.117888e-01	4.150124e-04
2.118144e-01	4.293403e-04
2.118400e-01	4.440724e-04
2.118656e-01	4.583441e-04
2.118912e-01	4.721520e-04
2.119168e-01	4.864931e-04
2.119424e-01	5.005234e-04
2.119680e-01	5.142128e-04
2.119936e-01	5.278706e-04
2.120192e-01	5.415552e-04
2.120448e-01	5.549648e-04
2.120704e-01	5.677190e-04
2.120960e-01	5.813867e-04
2.121216e-01	5.937269e-04
2.121472e-01	6.069120e-04
2.121728e-01	6.194955e-04
2.121984e-01	6.316632e-04
2.122240e-01	6.441799e-04
2.122496e-01	6.562251e-04
2.122752e-01	6.682727e-04
2.123008e-01	6.804651e-04
2.123264e-01	6.916723e-04
2.123520e-01	7.034632e-04
2.123776e-01	7.147941e-04
2.124032e-01	7.255998e-04
2.124288e-01	7.368152e-04
2.124544e-01	7.474336e-04
2.124800e-01	7.577626e-04
2.125056e-01	7.685745e-04
2.125312e-01	7.781410e-04
2.125568e-01	7.884743e-04
2.125824e-01	7.980957e-04
2.126080e-01	8.077947e-04
2.126336e-01	8.172080e-04
2.126592e-01	8.262049e-04
2.126848e-01	8.352366e-04
2.127104e-01	8.441263e-04
2.127360e-01	8.522535e-04
2.127616e-01	8.610696e-04
2.127872e-01	8.687050e-04
2.128128e-01	8.766935e-04
2.128384e-01	8.847021e-04
2.128640e-01	8.915178e-04
2.128896e-01	8.990640e-04
2.129152e-01	9.061521e-04
2.129408e-01	9.127446e-04
2.129664e-01	9.194146e-04
2.129920e-01	9.255949e-04
2.130176e-01	9.320435e-04
2.130432e-01	9.375292e-04
2.130688e-01	9.431984e-04
2.130944e-01	9.478575e-04
2.131200e-01	9.534553e-04
2.131456e-01	9.584319e-04
2.131712e-01	9.629346e-04
2.131968e-01	9.673618e-04
2.132224e-01	9.715763e-04
2.132480e-01	9.755266e-04
2.132736e-01	9.789239e-04
2.132992e-01	9.825091e-04
2.133248e-01	9.862003e-04
2.133504e-01	9.886094e-04
2.133760e-01	9.916777e-04
2.134016e-01	9.938850e-04
2.134272e-01	9.961795e-04
2.134528e-01	9.979646e-04
2.134784e-01	9.997068e-04
2.135040e-01	1.001760e-03
2.135296e-01	1.002337e-03
2.135552e-01	1.003118e-03
2.135808e-01	1.004387e-03
2.136064e-01	1.004712e-03
2.136320e-01	1.005158e-03
2.136576e-01	1.004612e-03
2.136832e-01	1.004635e-03
2.137088e-01	1.004387e-03
2.137344e-01	1.003963e-03
2.137600e-01	1.002627e-03
2.137856e-01	1.001325e-03
2.138112e-01	9.992857e-04
2.138368e-01	9.979904e-04
2.138624e-01	9.962824e-04
2.138880e-01	9.935695e-04
2.139136e-01	9.915039e-04
2.139392e-01	9.887117e-04
2.139648e-01	9.854796e-04
2.139904e-01	9.826934e-04
2.140160e-01	9.790477e-04
2.140416e-01	9.756600e-04
2.140672e-01	9.711167e-04
2.140928e-01	9.669426e-04
2.141184e-01	9.627449e-04
2.141440e-01	9.582648e-04
2.141696e-01	9.529722e-04
2.141952e-01	9.478885e-04
2.142208e-01	9.429756e-04
2.142464e-01	9.370735e-04
2.142720e-01	9.309175e-04
2.142976e-01	9.252502e-04
2.143232e-01	9.187394e-04
2.143488e-01	9.115939e-04
2.143744e-01	9.049433e-04
2.144000e-01	8.982656e-04
2.144256e-01	8.904900e-04
2.144512e-01	8.832493e-04
2.144768e-01	8.753574e-04
2.145024e-01	8.677096e-04
2.145280e-01	8.590994e-04
2.145536e-01	8.507373e-04
2.145792e-01	8.418690e-04
2.146048e-01	8.331769e-04
2.146304e-01	8.239392e-04
2.146560e-01	8.147894e-04
2.146816e-01	8.054016e-04
2.147072e-01	7.953786e-04
2.147328e-01	7.855941e-04
2.147584e-01	7.754441e-04
2.147840e-01	7.648302e-04
2.148096e-01	7.544066e-04
2.148352e-01	7.435684e-04
2.148608e-01	7.328572e-04
2.148864e-01	7.215271e-04
2.149120e-01	7.105626e-04
2.149376e-01	6.988334e-04
2.149632e-01	6.872257e-04
2.149888e-01	6.751322e-04
2.150144e-01	6.633708e-04
2.150400e-01	6.505933e-04
2.150656e-01	6.377343e-04
2.150912e-01	6.256266e-04
2.151168e-01	6.127111e-04
2.151424e-01	5.999039e-04
2.151680e-01	5.865942e-04
2.151936e-01	5.732053e-04
2.152192e-01	5.602255e-04
2.152448e-01	5.463466e-04
2.152704e-01	5.328095e-04
2.152960e-01	5.187030e-04
2.153216e-01	5.050493e-04
2.153472e-01	4.902093e-04
2.153728e-01	4.762066e-04
2.153984e-01	4.617210e-04
2.154240e-01	4.468427e-04
2.154496e-01	4.319922e-04
2.154752e-01	4.173727e-04
2.155008e-01	4.024840e-04
2.155264e-01	3.871136e-04
2.155520e-01	3.720706e-04
2.155776e-01	3.567460e-04
2.156032e-01	3.410419e-04
2.156288e-01	3.258193e-04
2.156544e-01	3.101299e-04
2.156800e-01	2.943946e-04
2.157056e-01	2.787349e-04
2.157312e-01	2.628576e-04
2.157568e-01	2.466253e-04
2.157824e-01	2.311006e-04
2.158080e-01	2.144825e-04
2.158336e-01	1.986182e-04
2.158592e-01	1.823204e-04
2.158848e-01	1.657660e-04
2.159104e-01	1.494583e-04
2.159360e-01	1.334695e-04
2.159616e-01	1.169934e-04
2.159872e-01	1.000185e-04
2.160128e-01	8.354671e-05
2.160384e-01	6.766832e-05
2.160640e-01	5.032683e-05
2.160896e-01	3.394192e-05
2.161152e-01	1.778420e-05
2.161408e-01	9.494645e-07
2.161664e-01	-1.628429e-05
2.161920e-01	-3.255173e-05
2.162176e-01	-4.945112e-05
2.162432e-01	-6.616739e-05
2.162688e-01	-8.235823e-05
2.162944e-01	-9.913907e-05
2.163200e-01	-1.156308e-04
2.163456e-01	-1.325535e-04
2.163712e-01	-1.492312e-04
2.163968e-01	-1.656016e-04
2.164224e-01	-1.824034e-04
2.164480e-01	-1.984698e-04
2.164736e-01	-2.151015e-04
2.164992e-01	-2.315037e-04
2.165248e-01	-2.480890e-04
2.165504e-01	-2.642548e-04
2.165760e-01	-2.808574e-04
2.166016e-01	-2.962294e-04
2.166272e-01	-3.125474e-04
2.166528e-01	-3.288694e-04
2.166784e-01	-3.445980e-04
2.167040e-01	-3.606332e-04
2.167296e-01	-3.761681e-04
2.167552e-01	-3.914637e-04
2.167808e-01	-4.074076e-04
2.168064e-01	-4.226683e-04
2.168320e-01	-4.383586e-04
2.168576e-01	-4.532823e-04
2.168832e-01	-4.688404e-04
2.169088e-01	-4.834696e-04
2.169344e-01	-4.982337e-04
2.169600e-01	-5.135402e-04
2.169856e-01	-5.274846e-04
2.170112e-01	-5.418348e-04
2.170368e-01	-5.565588e-04
2.170624e-01	-5.705670e-04
2.170880e-01	-5.852575e-04
2.171136e-01	-5.986166e-04
2.171392e-01	-6.123008e-04
2.171648e-01	-6.262086e-04
2.171904e-01	-6.393966e-04
2.172160e-01	-6.526609e-04
2.172416e-01	-6.653863e-04
2.172672e-01	-6.784229e-04
2.172928e-01	-6.911710e-04
2.173184e-01	-7.035569e-04
2.173440e-01	-7.162882e-04
2.173696e-01	-7.278285e-04
2.173952e-01	-7.403530e-04
2.174208e-01	-7.518663e-04
2.174464e-01	-7.636858e-04
2.174720e-01	-7.749579e-04
2.174976e-01	-7.861102e-04
2.175232e-01	-7.970320e-04
2.175488e-01	-8.072439e-04
2.175744e-01	-8.179463e-04
2.176000e-01	-8.287752e-04
2.176256e-01	-8.382228e-04
2.176512e-01	-8.482907e-04
2.176768e-01	-8.577813e-04
2.177024e-01	-8.673985e-04
2.177280e-01	-8.766708e-04
2.177536e-01	-8.851915e-04
2.177792e-01	-8.941622e-04
2.178048e-01	-9.025710e-04
2.178304e-01	-9.103522e-04
2.178560e-01	-9.187363e-04
2.178816e-01	-9.260730e-04
2.179072e-01	-9.336498e-04
2.179328e-01	-9.404360e-04
2.179584e-01	-9.476978e-04
2.179840e-01	-9.541134e-04
2.180096e-01	-9.605853e-04
2.180352e-01	-9.667728e-04
2.180608e-01	-9.722072e-04
2.180864e-01	-9.781977e-04
2.181120e-01	-9.836886e-04
2.181376e-01	-9.885988e-04
2.181632e-01	-9.936189e-04
2.181888e-01	-9.977245e-04
2.182144e-01	-1.001997e-03
2.182400e-01	-1.006188e-03
2.182656e-01	-1.009692e-03
2.182912e-01	-1.012944e-03
2.183168e-01	-1.016331e-03
2.183424e-01	-1.018901e-03
2.183680e-01	-1.021705e-03
2.183936e-01	-1.023719e-03
2.184192e-01	-1.026148e-03
2.184448e-01	-1.027460e-03
2.184704e-01	-1.029256e-03
2.184960e-01	-1.030263e-03
2.185216e-01	-1.030427e-03
2.185472e-01	-1.031798e-03
2.185728e-01	-1.032143e-03
2.185984e-01	-1.032153e-03
2.186240e-01	-1.032307e-03
2.186496e-01	-1.031019e-03
2.186752e-01	-1.030884e-03
2.187008e-01	-1.029585e-03
2.187264e-01	-1.028314e-03
2.187520e-01	-1.026666e-03
2.187776e-01	-1.024608e-03
2.188032e-01	-1.022479e-03
2.188288e-01	-1.020336e-03
2.188544e-01	-1.017438e-03
2.188800e-01	-1.014700e-03
2.189056e-01	-1.010873e-03
2.189312e-01	-1.007236e-03
2.189568e-01	-1.004125e-03
2.189824e-01	-9.996478e-04
2.190080e-01	-9.953590e-04
2.190336e-01	-9.911386e-04
2.190592e-01	-9.861456e-04
2.190848e-01	-9.811055e-04
2.191104e-01	-9.758854e-04
2.191360e-01	-9.705305e-04
2.191616e-01	-9.643089e-04
2.191872e-01	-9.582675e-04
2.192128e-01	-9.520767e-04
2.192384e-01	-9.457429e-04
2.192640e-01	-9.383903e-04
2.192896e-01	-9.315619e-04
2.193152e-01	-9.240176e-04
2.193408e-01	-9.165482e-04
2.193664e-01	-9.085467e-04
2.193920e-01	-9.005021e-04
2.194176e-01	-8.922305e-04
2.194432e-01	-8.836082e-04
2.194688e-01	-8.748481e-04
2.194944e-01	-8.661298e-04
2.195200e-01	-8.563797e-04
2.195456e-01	-8.472836e-04
2.195712e-01	-8.379374e-04
2.195968e-01	-8.282139e-04
2.196224e-01	-8.178315e-04
2.196480e-01	-8.075184e-04
2.196736e-01	-7.971370e-04
2.196992e-01	-7.864616e-04
2.197248e-01	-7.757085e-04
2.197504e-01	-7.648909e-04
2.197760e-01	-7.534451e-04
2.198016e-01	-7.422018e-04
2.198272e-01	-7.301276e-04
2.198528e-01	-7.186765e-04
2.198784e-01	-7.063558e-04
2.199040e-01	-6.944008e-04
2.199296e-01	-6.824585e-04
2.199552e-01	-6.696954e-04
2.199808e-01	-6.566084e-04
2.200064e-01	-6.440546e-04
2.200320e-01	-6.312685e-04
2.200576e-01	-6.176114e-04
2.200832e-01	-6.041241e-04
2.201088e-01	-5.910514e-04
2.201344e-01	-5.773306e-04
2.201600e-01	-5.633775e-04
2.201856e-01	-5.494694e-04
2.202112e-01	-5.358937e-04
2.202368e-01	-5.216766e-04
2.202624e-01	-5.075135e-04
2.202880e-01	-4.930013e-04
2.203136e-01	-4.781329e-04
2.203392e-01	-4.635275e-04
2.203648e-01	-4.491098e-04
2.203904e-01	-4.342385e-04
2.204160e-01	-4.197369e-04
2.204416e-01	-4.042489e-04
2.204672e-01	-3.891608e-04
2.204928e-01	-3.736082e-04
2.205184e-01	-3.589410e-04
2.205440e-01	-3.430404e-04
2.205696e-01	-3.274266e-04
2.205952e-01	-3.122972e-04
2.206208e-01	-2.966258e-04
2.206464e-01	-2.810446e-04
2.206720e-01	-2.650630e-04
2.206976e-01	-2.491463e-04
2.207232e-01	-2.337951e-04
2.207488e-01	-2.175102e-04
2.207744e-01	-2.015038e-04
2.208000e-01	-1.854229e-04
2.208256e-01	-1.697438e-04
2.208512e-01	-1.535039e-04
2.208768e-01	-1.374810e-04
2.209024e-01	-1.217319e-04
2.209280e-01	-1.050953e-04
2.209536e-01	-8.889120e-05
2.209792e-01	-7.297691e-05
2.210048e-01	-5.659578e-05
2.210304e-01	-4.047061e-05
2.210560e-01	-2.413506e-05
2.210816e-01	-8.220535e-06
2.211072e-01	8.487793e-06
2.211328e-01	2.436457e-05
2.211584e-01	4.064319e-05
2.211840e-01	5.636580e-05
2.212096e-01	7.271155e-05
2.212352e-01	8.884424e-05
2.212608e-01	1.047920e-04
2.212864e-01	1.206741e-04
2.213120e-01	1.367230e-04
2.213376e-01	1.531313e-04
2.213632e-01	1.686826e-04
2.213888e-01	1.844009e-04
2.214144e-01	2.004524e-04
2.214400e-01	2.158337e-04
2.214656e-01	2.319111e-04
2.214912e-01	2.469716e-04
2.215168e-01	2.630114e-04
2.215424e-01	2.782652e-04
2.215680e-01	2.935655e-04
2.215936e-01	3.089937e-04
2.216192e-01	3.242174e-04
2.216448e-01	3.396508e-04
2.216704e-01	3.545968e-04
2.216960e-01	3.694100e-04
2.217216e-01	3.842056e-04
2.217472e-01	3.990774e-04
2.217728e-01	4.136121e-04
2.217984e-01	4.280949e-04
2.218240e-01	4.427398e-04
2.218496e-01	4.563819e-04
2.218752e-01	4.710807e-04
2.219008e-01	4.850912e-04
2.219264e-01	4.992314e-04
2.219520e-01	5.127707e-04
2.219776e-01	5.266105e-04
2.220032e-01	5.400857e-04
2.220288e-01	5.535302e-04
2.220544e-01	5.665693e-04
2.220800e-01	5.797253e-04
2.221056e-01	5.927955e-04
2.221312e-01	6.055470e-04
2.221568e-01	6.181953e-04
2.221824e-01	6.307869e-04
2.222080e-01	6.430031e-04
2.222336e-01	6.554195e-04
2.222592e-01	6.673104e-04
2.222848e-01	6.791336e-04
2.223104e-01	6.906776e-04
2.223360e-01	7.023332e-04
2.223616e-01	7.136505e-04
2.223872e-01	7.246088e-04
2.224128e-01	7.355057e-04
2.224384e-01	7.464303e-04
2.224640e-01	7.565137e-04
2.224896e-01	7.670276e-04
2.225152e-01	7.774240e-04
2.225408e-01	7.873928e-04
2.225664e-01	7.969062e-04
2.225920e-01	8.070259e-04
2.226176e-01	8.159826e-04
2.226432e-01	8.252795e-04
2.226688e-01	8.341387e-04
2.226944e-01	8.427443e-04
2.227200e-01	8.513642e-04
2.227456e-01	8.603071e-04
2.227712e-01	8.680021e-04
2.227968e-01	8.759488e-04
2.228224e-01	8.839809e-04
2.228480e-01	8.908655e-04
2.228736e-01	8.983791e-04
2.228992e-01	9.053169e-04
2.229248e-01	9.119017e-04
2.229504e-01	9.189625e-04
2.229760e-01	9.245791e-04
2.230016e-01	9.310998e-04
2.230272e-01	9.366741e-04
2.230528e-01	9.425480e-04
2.230784e-01	9.478016e-04
2.231040e-01	9.526336e-04
2.231296e-01	9.577404e-04
2.231552e-01	9.626655e-04
2.231808e-01	9.674184e-04
2.232064e-01	9.712022e-04
2.232320e-01	9.752751e-04
2.232576e-01	9.792127e-04
2.232832e-01	9.824152e-04
2.233088e-01	9.857066e-04
2.233344e-01	9.882424e-04
2.233600e-01	9.913530e-04
2.233856e-01	9.935156e-04
2.234112e-01	9.964581e-04
2.234368e-01	9.980133e-04
2.234624e-01	9.997337e-04
2.234880e-01	1.001428e-03
2.235136e-01	1.002454e-03
2.235392e-01	1.003558e-03
2.235648e-01	1.004430e-03
2.235904e-01	1.004827e-03
2.236160e-01	1.004991e-03
2.236416e-01	1.004939e-03
2.236672e-01	1.005139e-03
2.236928e-01	1.004403e-03
2.237184e-01	1.003249e-03
2.237440e-01	1.002236e-03
2.237696e-01	1.001294e-03
2.237952e-01	9.999088e-04
2.238208e-01	9.978855e-04
2.238464e-01	9.958179e-04
2.238720e-01	9.942303e-04
2.238976e-01	9.914078e-04
2.239232e-01	9.888845e-04
2.239488e-01	9.857004e-04
2.239744e-01	9.827850e-04
2.240000e-01	9.790162e-04
2.240256e-01	9.756532e-04
2.240512e-01	9.716014e-04
2.240768e-01	9.674769e-04
2.241024e-01	9.633866e-04
2.241280e-01	9.586583e-04
2.241536e-01	9.537758e-04
2.241792e-01	9.484176e-04
2.242048e-01	9.426987e-04
2.242304e-01	9.371269e-04
2.242560e-01	9.312136e-04
2.242816e-01	9.256274e-04
2.243072e-01	9.189516e-04
2.243328e-01	9.119462e-04
2.243584e-01	9.056220e-04
2.243840e-01	8.983791e-04
2.244096e-01	8.912316e-04
2.244352e-01	8.842140e-04
2.244608e-01	8.759180e-04
2.244864e-01	8.685473e-04
2.245120e-01	8.596671e-04
2.245376e-01	8.519547e-04
2.245632e-01	8.431565e-04
2.245888e-01	8.338736e-04
2.246144e-01	8.248767e-04
2.246400e-01	8.154284e-04
2.246656e-01	8.059902e-04
2.246912e-01	7.960840e-04
2.247168e-01	7.867804e-04
2.247424e-01	7.766082e-04
2.247680e-01	7.656877e-04
2.247936e-01	7.555332e-04
2.248192e-01	7.446760e-04
2.248448e-01	7.338183e-04
2.248704e-01	7.225680e-04
2.248960e-01	7.116309e-04
2.249216e-01	6.996315e-04
2.249472e-01	6.878818e-04
2.249728e-01	6.763175e-04
2.249984e-01	6.643480e-04
2.250240e-01	6.516171e-04
2.250496e-01	6.392574e-04
2.250752e-01	6.266411e-04
2.251008e-01	6.140792e-04
2.251264e-01	6.011963e-04
2.251520e-01	5.882186e-04
2.251776e-01	5.744105e-04
2.252032e-01	5.612117e-04
2.252288e-01	5.475690e-04
2.252544e-01	5.336144e-04
2.252800e-01	5.199170e-04
2.253056e-01	5.059493e-04
2.253312e-01	4.915004e-04
2.253568e-01	4.773738e-04
2.253824e-01	4.631108e-04
2.254080e-01	4.481011e-04
2.254336e-01	4.336308e-04
2.254592e-01	4.189295e-04
2.254848e-01	4.033405e-04
2.255104e-01	3.890501e-04
2.255360e-01	3.733949e-04
2.255616e-01	3.583675e-04
2.255872e-01	3.426500e-04
2.256128e-01	3.269380e-04
2.256384e-01	3.116786e-04
2.256640e-01	2.961199e-04
2.256896e-01	2.801100e-04
2.257152e-01	2.643705e-04
2.257408e-01	2.483222e-04
2.257664e-01	2.322897e-04
2.257920e-01	2.161803e-04
2.258176e-01	2.000190e-04
2.258432e-01	1.841181e-04
2.258688e-01	1.676418e-04
2.258944e-01	1.512744e-04
2.259200e-01	1.351051e-04
2.259456e-01	1.182763e-04
2.259712e-01	1.017394e-04
2.259968e-01	8.529994e-05
2.260224e-01	6.901695e-05
2.260480e-01	5.191904e-05
2.260736e-01	3.567419e-05
2.260992e-01	1.858806e-05
2.261248e-01	2.692594e-06
2.261504e-01	-1.414434e-05
2.261760e-01	-3.097175e-05
2.262016e-01	-4.774820e-05
2.262272e-01	-6.465890e-05
2.262528e-01	-8.094347e-05
2.262784e-01	-9.772982e-05
2.263040e-01	-1.146421e-04
2.263296e-01	-1.308536e-04
2.263552e-01	-1.478206e-04
2.263808e-01	-1.642131e-04
2.264064e-01	-1.806385e-04
2.264320e-01	-1.974112e-04
2.264576e-01	-2.139086e-04
2.264832e-01	-2.303210e-04
2.265088e-01	-2.462092e-04
2.265344e-01	-2.622796e-04
2.265600e-01	-2.787645e-04
2.265856e-01	-2.948787e-04
2.266112e-01	-3.113490e-04
2.266368e-01	-3.268438e-04
2.266624e-01	-3.429107e-04
2.266880e-01	-3.587601e-04
2.267136e-01	-3.744975e-04
2.267392e-01	-3.904063e-04
2.267648e-01	-4.058665e-04
2.267904e-01	-4.210043e-04
2.268160e-01	-4.364931e-04
2.268416e-01	-4.515297e-04
2.268672e-01	-4.673676e-04
2.268928e-01	-4.816987e-04
2.269184e-01	-4.967290e-04
2.269440e-01	-5.116385e-04
2.269696e-01	-5.259891e-04
2.269952e-01	-5.406989e-04
2.270208e-01	-5.552343e-04
2.270464e-01	-5.691198e-04
2.270720e-01	-5.833653e-04
2.270976e-01	-5.971065e-04
2.271232e-01	-6.107229e-04
2.271488e-01	-6.244865e-04
2.271744e-01	-6.379450e-04
2.272000e-01	-6.512877e-04
2.272256e-01	-6.639434e-04
2.272512e-01	-6.772290e-04
2.272768e-01	-6.901650e-04
2.273024e-01	-7.019311e-04
2.273280e-01	-7.149311e-04
2.273536e-01	-7.269479e-04
2.273792e-01	-7.395996e-04
2.274048e-01	-7.506549e-04
2.274304e-01	-7.625139e-04
2.274560e-01	-7.736837e-04
2.274816e-01	-7.849662e-04
2.275072e-01	-7.964390e-04
2.275328e-01	-8.065765e-04
2.275584e-01	-8.171457e-04
2.275840e-01	-8.275663e-04
2.276096e-01	-8.376861e-04
2.276352e-01	-8.474285e-04
2.276608e-01	-8.568945e-04
2.276864e-01	-8.664161e-04
2.277120e-01	-8.753759e-04
2.277376e-01	-8.845094e-04
2.277632e-01	-8.929794e-04
2.277888e-01	-9.014023e-04
2.278144e-01	-9.096845e-04
2.278400e-01	-9.179484e-04
2.278656e-01	-9.254070e-04
2.278912e-01	-9.329371e-04
2.279168e-01	-9.400166e-04
2.279424e-01	-9.472573e-04
2.279680e-01	-9.534821e-04
2.279936e-01	-9.599820e-04
2.280192e-01	-9.663559e-04
2.280448e-01	-9.724376e-04
2.280704e-01	-9.775669e-04
2.280960e-01	-9.832900e-04
2.281216e-01	-9.879200e-04
2.281472e-01	-9.925662e-04
2.281728e-01	-9.979090e-04
2.281984e-01	-1.001449e-03
2.282240e-01	-1.005706e-03
2.282496e-01	-1.009617e-03
2.282752e-01	-1.012404e-03
2.283008e-01	-1.016455e-03
2.283264e-01	-1.018986e-03
2.283520e-01	-1.021663e-03
2.283776e-01	-1.023448e-03
2.284032e-01	-1.025815e-03
2.284288e-01	-1.027523e-03
2.284544e-01	-1.028518e-03
2.284800e-01	-1.030342e-03
2.285056e-01	-1.031130e-03
2.285312e-01	-1.031630e-03
2.285568e-01	-1.031814e-03
2.285824e-01	-1.032197e-03
2.286080e-01	-1.032045e-03
2.286336e-01	-1.030908e-03
2.286592e-01	-1.031230e-03
2.286848e-01	-1.029490e-03
2.287104e-01	-1.028495e-03
2.287360e-01	-1.026941e-03
2.287616e-01	-1.024724e-03
2.287872e-01	-1.022821e-03
2.288128e-01	-1.020645e-03
2.288384e-01	-1.017778e-03
2.288640e-01	-1.014643e-03
2.288896e-01	-1.011638e-03
2.289152e-01	-1.008273e-03
2.289408e-01	-1.004294e-03
2.289664e-01	-1.000421e-03
2.289920e-01	-9.960884e-04
2.290176e-01	-9.914831e-04
2.290432e-01	-9.866506e-04
2.290688e-01	-9.819610e-04
2.290944e-01	-9.763471e-04
2.291200e-01	-9.705977e-04
2.291456e-01	-9.649394e-04
2.291712e-01	-9.589099e-04
2.291968e-01	-9.522084e-04
2.292224e-01	-9.459715e-04
2.292480e-01	-9.389156e-04
2.292736e-01	-9.321591e-04
2.292992e-01	-9.245441e-04
2.293248e-01	-9.173126e-04
2.293504e-01	-9.093203e-04
2.293760e-01	-9.013368e-04
2.294016e-01	-8.930420e-04
2.294272e-01	-8.845936e-04
2.294528e-01	-8.760505e-04
2.294784e-01	-8.669654e-04
2.295040e-01	-8.581026e-04
2.295296e-01	-8.481381e-04
2.295552e-01	-8.385237e-04
2.295808e-01	-8.291483e-04
2.296064e-01	-8.187206e-04
2.296320e-01	-8.089183e-04
2.296576e-01	-7.981063e-04
2.296832e-01	-7.876447e-04
2.297088e-01	-7.769085e-04
2.297344e-01	-7.658321e-04
2.297600e-01	-7.543745e-04
2.297856e-01	-7.431023e-04
2.298112e-01	-7.317350e-04
2.298368e-01	-7.198904e-04
2.298624e-01	-7.071989e-04
2.298880e-01	-6.958568e-04
2.299136e-01	-6.830223e-04
2.299392e-01	-6.704020e-04
2.299648e-01	-6.581717e-04
2.299904e-01	-6.451819e-04
2.300160e-01	-6.325488e-04
2.300416e-01	-6.191859e-04
2.300672e-01	-6.058069e-04
2.300928e-01	-5.924415e-04
2.301184e-01	-5.787692e-04
2.301440e-01	-5.651615e-04
2.301696e-01	-5.512537e-04
2.301952e-01	-5.374711e-04
2.302208e-01	-5.230238e-04
2.302464e-01	-5.087756e-04
2.302720e-01	-4.938928e-04
2.302976e-01	-4.801517e-04
2.303232e-01	-4.653938e-04
2.303488e-01	-4.508628e-04
2.303744e-01	-4.359140e-04
2.304000e-01	-4.207916e-04
2.304256e-01	-4.058159e-04
2.304512e-01	-3.906093e-04
2.304768e-01	-3.754880e-04
2.305024e-01	-3.604303e-04
2.305280e-01	-3.449336e-04
2.305536e-01	-3.290658e-04
2.305792e-01	-3.135481e-04
2.306048e-01	-2.985523e-04
2.306304e-01	-2.824237e-04
2.306560e-01	-2.666001e-04
2.306816e-01	-2.510093e-04
2.307072e-01	-2.353319e-04
2.307328e-01	-2.191128e-04
2.307584e-01	-2.032120e-04
2.307840e-01	-1.870385e-04
2.308096e-01	-1.713353e-04
2.308352e-01	-1.552240e-04
2.308608e-01	-1.386100e-04
2.308864e-01	-1.226309e-04
2.309120e-01	-1.068735e-04
2.309376e-01	-9.006842e-05
2.309632e-01	-7.440423e-05
2.309888e-01	-5.810135e-05
2.310144e-01	-4.188527e-05
2.310400e-01	-2.573107e-05
2.310656e-01	-9.515636e-06
2.310912e-01	6.274499e-06
2.311168e-01	2.265585e-05
2.311424e-01	3.896507e-05
2.311680e-01	5.492893e-05
2.311936e-01	7.108284e-05
2.312192e-01	8.723787e-05
2.312448e-01	1.035798e-04
2.312704e-01	1.191685e-04
2.312960e-01	1.355600e-04
2.313216e-01	1.511264e-04
2.313472e-01	1.675246e-04
2.313728e-01	1.832622e-04
2.313984e-01	1.987968e-04
2.314240e-01	2.147578e-04
2.314496e-01	2.303643e-04
2.314752e-01	2.458068e-04
2.315008e-01	2.614957e-04
2.315264e-01	2.771424e-04
2.315520e-01	2.922867e-04
2.315776e-01	3.073523e-04
2.316032e-01	3.228929e-04
2.316288e-01	3.376294e-04
2.316544e-01	3.532816e-04
2.316800e-01	3.681381e-04
2.317056e-01	3.826075e-04
2.317312e-01	3.975917e-04
2.317568e-01	4.123004e-04
2.317824e-01	4.266030e-04
2.318080e-01	4.415482e-04
2.318336e-01	4.556225e-04
2.318592e-01	4.696090e-04
2.318848e-01	4.837218e-04
2.319104e-01	4.976156e-04
2.319360e-01	5.111793e-04
2.319616e-01	5.255628e-04
2.319872e-01	5.384602e-04
2.320128e-01	5.521652e-04
2.320384e-01	5.657880e-04
2.320640e-01	5.783344e-04
2.320896e-01	5.917427e-04
2.321152e-01	6.043024e-04
2.321408e-01	6.166387e-04
2.321664e-01	6.296772e-04
2.321920e-01	6.416167e-04
2.322176e-01	6.538916e-04
2.322432e-01	6.659317e-04
2.322688e-01	6.777929e-04
2.322944e-01	6.893940e-04
2.323200e-01	7.010566e-04
2.323456e-01	7.123659e-04
2.323712e-01	7.234493e-04
2.323968e-01	7.344034e-04
2.324224e-01	7.450904e-04
2.324480e-01	7.559595e-04
2.324736e-01	7.667241e-04
2.324992e-01	7.763334e-04
2.325248e-01	7.869191e-04
2.325504e-01	7.965682e-04
2.325760e-01	8.059975e-04
2.326016e-01	8.154080e-04
2.326272e-01	8.246974e-04
2.326528e-01	8.333648e-04
2.326784e-01	8.425271e-04
2.327040e-01	8.506087e-04
2.327296e-01	8.593218e-04
2.327552e-01	8.672243e-04
2.327808e-01	8.750657e-04
2.328064e-01	8.830600e-04
2.328320e-01	8.902875e-04
2.328576e-01	8.975845e-04
2.328832e-01	9.045014e-04
2.329088e-01	9.111491e-04
2.329344e-01	9.178544e-04
2.329600e-01	9.241622e-04
2.329856e-01	9.302390e-04
2.330112e-01	9.362386e-04
2.330368e-01	9.418816e-04
2.330624e-01	9.470247e-04
2.330880e-01	9.526506e-04
2.331136e-01	9.576969e-04
2.331392e-01	9.620599e-04
2.331648e-01	9.661218e-04
2.331904e-01	9.707808e-04
2.332160e-01	9.746372e-04
2.332416e-01	9.784186e-04
2.332672e-01	9.815337e-04
2.332928e-01	9.855684e-04
2.333184e-01	9.883402e-04
2.333440e-01	9.909424e-04
2.333696e-01	9.932995e-04
2.333952e-01	9.955906e-04
2.334208e-01	9.978176e-04
2.334464e-01	9.992919e-04
2.334720e-01	1.001159e-03
2.334976e-01	1.002604e-03
2.335232e-01	1.003096e-03
2.335488e-01	1.004322e-03
2.335744e-01	1.004800e-03
2.336000e-01	1.004977e-03
2.336256e-01	1.005207e-03
2.336512e-01	1.005128e-03
2.336768e-01	1.004347e-03
2.337024e-01	1.003877e-03
2.337280e-01	1.002673e-03
2.337536e-01	1.001285e-03
2.337792e-01	9.999308e-04
2.338048e-01	9.984551e-04
2.338304e-01	9.962564e-04
2.338560e-01	9.943238e-04
2.338816e-01	9.914712e-04
2.339072e-01	9.894406e-04
2.339328e-01	9.863265e-04
2.339584e-01	9.831730e-04
2.339840e-01	9.797969e-04
2.340096e-01	9.754897e-04
2.340352e-01	9.721277e-04
2.340608e-01	9.678392e-04
2.340864e-01	9.634674e-04
2.341120e-01	9.588810e-04
2.341376e-01	9.539394e-04
2.341632e-01	9.491447e-04
2.341888e-01	9.432293e-04
2.342144e-01	9.381153e-04
2.342400e-01	9.322498e-04
2.342656e-01	9.263383e-04
2.342912e-01	9.194411e-04
2.343168e-01	9.131813e-04
2.343424e-01	9.063294e-04
2.343680e-01	8.992100e-04
2.343936e-01	8.921284e-04
2.344192e-01	8.845693e-04
2.344448e-01	8.766243e-04
2.344704e-01	8.691457e-04
2.344960e-01	8.607943e-04
2.345216e-01	8.522111e-04
2.345472e-01	8.440158e-04
2.345728e-01	8.350500e-04
2.345984e-01	8.258534e-04
2.346240e-01	8.172865e-04
2.346496e-01	8.071721e-04
2.346752e-01	7.975208e-04
2.347008e-01	7.877715e-04
2.347264e-01	7.773119e-04
2.347520e-01	7.673184e-04
2.347776e-01	7.569807e-04
2.348032e-01	7.454337e-04
2.348288e-01	7.347753e-04
2.348544e-01	7.238946e-04
2.348800e-01	7.125716e-04
2.349056e-01	7.010421e-04
2.349312e-01	6.893035e-04
2.349568e-01	6.773926e-04
2.349824e-01	6.652841e-04
2.350080e-01	6.527919e-04
2.350336e-01	6.406261e-04
2.350592e-01	6.278253e-04
2.350848e-01	6.155932e-04
2.351104e-01	6.022843e-04
2.351360e-01	5.892251e-04
2.351616e-01	5.760564e-04
2.351872e-01	5.621057e-04
2.352128e-01	5.489174e-04
2.352384e-01	5.353799e-04
2.352640e-01	5.209230e-04
2.352896e-01	5.074916e-04
2.353152e-01	4.929446e-04
2.353408e-01	4.789047e-04
2.353664e-01	4.645393e-04
2.353920e-01	4.496418e-04
2.354176e-01	4.347334e-04
2.354432e-01	4.201976e-04
2.354688e-01	4.052499e-04
2.354944e-01	3.902850e-04
2.355200e-01	3.751474e-04
2.355456e-01	3.599042e-04
2.355712e-01	3.444170e-04
2.355968e-01	3.285647e-04
2.356224e-01	3.128054e-04
2.356480e-01	2.974828e-04
2.356736e-01	2.815003e-04
2.356992e-01	2.660393e-04
2.357248e-01	2.499831e-04
2.357504e-01	2.339139e-04
2.357760e-01	2.174500e-04
2.358016e-01	2.017247e-04
2.358272e-01	1.854015e-04
2.358528e-01	1.690688e-04
2.358784e-01	1.528896e-04
2.359040e-01	1.361827e-04
2.359296e-01	1.200954e-04
2.359552e-01	1.035681e-04
2.359808e-01	8.708286e-05
2.360064e-01	7.024549e-05
2.360320e-01	5.339943e-05
2.360576e-01	3.763484e-05
2.360832e-01	2.027842e-05
2.361088e-01	3.647085e-06
2.361344e-01	-1.278359e-05
2.361600e-01	-2.915873e-05
2.361856e-01	-4.610763e-05
2.362112e-01	-6.280814e-05
2.362368e-01	-7.966540e-05
2.362624e-01	-9.599191e-05
2.362880e-01	-1.129679e-04
2.363136e-01	-1.291919e-04
2.363392e-01	-1.454446e-04
2.363648e-01	-1.625724e-04
2.363904e-01	-1.790797e-04
2.364160e-01	-1.956467e-04
2.364416e-01	-2.120306e-04
2.364672e-01	-2.282603e-04
2.364928e-01	-2.448181e-04
2.365184e-01	-2.605647e-04
2.365440e-01	-2.775619e-04
2.365696e-01	-2.931884e-04
2.365952e-01	-3.092997e-04
2.366208e-01	-3.253757e-04
2.366464e-01	-3.411662e-04
2.366720e-01	-3.572626e-04
2.366976e-01	-3.726647e-04
2.367232e-01	-3.884587e-04
2.367488e-01	-4.042152e-04
2.367744e-01	-4.198060e-04
2.368000e-01	-4.350452e-04
2.368256e-01	-4.500983e-04
2.368512e-01	-4.658501e-04
2.368768e-01	-4.802559e-04
2.369024e-01	-4.956992e-04
2.369280e-01	-5.100482e-04
2.369536e-01	-5.249482e-04
2.369792e-01	-5.394697e-04
2.370048e-01	-5.533781e-04
2.370304e-01	-5.679544e-04
2.370560e-01	-5.819994e-04
2.370816e-01	-5.956180e-04
2.371072e-01	-6.095871e-04
2.371328e-01	-6.230752e-04
2.371584e-01	-6.365828e-04
2.371840e-01	-6.504432e-04
2.372096e-01	-6.629060e-04
2.372352e-01	-6.758082e-04
2.372608e-01	-6.888264e-04
2.372864e-01	-7.011464e-04
2.373120e-01	-7.138686e-04
2.373376e-01	-7.258899e-04
2.373632e-01	-7.384191e-04
2.373888e-01	-7.493587e-04
2.374144e-01	-7.612144e-04
2.374400e-01	-7.725529e-04
2.374656e-01	-7.840074e-04
2.374912e-01	-7.948596e-04
2.375168e-01	-8.055938e-04
2.375424e-01	-8.161266e-04
2.375680e-01	-8.264470e-04
2.375936e-01	-8.364734e-04
2.376192e-01	-8.465038e-04
2.376448e-01	-8.561061e-04
2.376704e-01	-8.657890e-04
2.376960e-01	-8.747927e-04
2.377216e-01	-8.836707e-04
2.377472e-01	-8.925046e-04
2.377728e-01	-9.009403e-04
2.377984e-01	-9.091618e-04
2.378240e-01	-9.168950e-04
2.378496e-01	-9.245795e-04
2.378752e-01	-9.319094e-04
2.379008e-01	-9.393230e-04
2.379264e-01	-9.465448e-04
2.379520e-01	-9.523809e-04
2.379776e-01	-9.594228e-04
2.380032e-01	-9.653633e-04
2.380288e-01	-9.713611e-04
2.380544e-01	-9.769483e-04
2.380800e-01	-9.822187e-04
2.381056e-01	-9.877438e-04
2.381312e-01	-9.923343e-04
2.381568e-01	-9.965374e-04
2.381824e-01	-1.001319e-03
2.382080e-01	-1.005252e-03
2.382336e-01	-1.008993e-03
2.382592e-01	-1.012584e-03
2.382848e-01	-1.015569e-03
2.383104e-01	-1.018218e-03
2.383360e-01	-1.021319e-03
2.383616e-01	-1.023335e-03
2.383872e-01	-1.025837e-03
2.384128e-01	-1.027341e-03
2.384384e-01	-1.029022e-03
2.384640e-01	-1.030053e-03
2.384896e-01	-1.030681e-03
2.385152e-01	-1.031646e-03
2.385408e-01	-1.032052e-03
2.385664e-01	-1.032317e-03
2.385920e-01	-1.032216e-03
2.386176e-01	-1.031391e-03
2.386432e-01	-1.030851e-03
2.386688e-01	-1.029523e-03
2.386944e-01	-1.028700e-03
2.387200e-01	-1.027297e-03
2.387456e-01	-1.025070e-03
2.387712e-01	-1.023132e-03
2.387968e-01	-1.020761e-03
2.388224e-01	-1.017988e-03
2.388480e-01	-1.015049e-03
2.388736e-01	-1.011470e-03
2.388992e-01	-1.008594e-03
2.389248e-01	-1.004763e-03
2.389504e-01	-1.000676e-03
2.389760e-01	-9.965696e-04
2.390016e-01	-9.924292e-04
2.390272e-01	-9.868924e-04
2.390528e-01	-9.824339e-04
2.390784e-01	-9.768783e-04
2.391040e-01	-9.711800e-04
2.391296e-01	-9.657700e-04
2.391552e-01	-9.591978e-04
2.391808e-01	-9.529249e-04
2.392064e-01	-9.464324e-04
2.392320e-01	-9.395553e-04
2.392576e-01	-9.329016e-04
2.392832e-01	-9.250064e-04
2.393088e-01	-9.178184e-04
2.393344e-01	-9.100079e-04
2.393600e-01	-9.017185e-04
2.393856e-01	-8.939944e-04
2.394112e-01	-8.852173e-04
2.394368e-01	-8.765540e-04
2.394624e-01	-8.679447e-04
2.394880e-01	-8.583130e-04
2.395136e-01	-8.493314e-04
2.395392e-01	-8.396356e-04
2.395648e-01	-8.296996e-04
2.395904e-01	-8.196868e-04
2.396160e-01	-8.095813e-04
2.396416e-01	-7.986802e-04
2.396672e-01	-7.884775e-04
2.396928e-01	-7.773652e-04
2.397184e-01	-7.669480e-04
2.397440e-01	-7.556031e-04
2.397696e-01	-7.440478e-04
2.397952e-01	-7.327207e-04
2.398208e-01	-7.206870e-04
2.398464e-01	-7.086927e-04
2.398720e-01	-6.966981e-04
2.398976e-01	-6.840838e-04
2.399232e-01	-6.717668e-04
2.399488e-01	-6.594213e-04
2.399744e-01	-6.462700e-04
2.400000e-01	-6.336502e-04
2.400256e-01	-6.203242e-04
2.400512e-01	-6.068402e-04
2.400768e-01	-5.940466e-04
2.401024e-01	-5.796166e-04
2.401280e-01	-5.666811e-04
2.401536e-01	-5.524101e-04
2.401792e-01	-5.383344e-04
2.402048e-01	-5.242623e-04
2.402304e-01	-5.103017e-04
2.402560e-01	-4.958044e-04
2.402816e-01	-4.810554e-04
2.403072e-01	-4.669699e-04
2.403328e-01	-4.521040e-04
2.403584e-01	-4.371083e-04
2.403840e-01	-4.224436e-04
2.404096e-01	-4.074780e-04
2.404352e-01	-3.922623e-04
2.404608e-01	-3.767764e-04
2.404864e-01	-3.617963e-04
2.405120e-01	-3.462967e-04
2.405376e-01	-3.309235e-04
2.405632e-01	-3.153239e-04
2.405888e-01	-2.995701e-04
2.406144e-01	-2.836522e-04
2.406400e-01	-2.683456e-04
2.406656e-01	-2.525356e-04
2.406912e-01	-2.366933e-04
2.407168e-01	-2.207047e-04
2.407424e-01	-2.048039e-04
2.407680e-01	-1.886024e-04
2.407936e-01	-1.725590e-04
2.408192e-01	-1.568697e-04
2.408448e-01	-1.405276e-04
2.408704e-01	-1.241915e-04
2.408960e-01	-1.087492e-04
2.409216e-01	-9.168891e-05
2.409472e-01	-7.608551e-05
2.409728e-01	-6.002937e-05
2.409984e-01	-4.347313e-05
2.410240e-01	-2.728844e-05
2.410496e-01	-1.108257e-05
2.410752e-01	4.917694e-06
2.411008e-01	2.114604e-05
2.411264e-01	3.756276e-05
2.411520e-01	5.305263e-05
2.411776e-01	6.960008e-05
2.412032e-01	8.568481e-05
2.412288e-01	1.017148e-04
2.412544e-01	1.177837e-04
2.412800e-01	1.337621e-04
2.413056e-01	1.496677e-04
2.413312e-01	1.656802e-04
2.413568e-01	1.814086e-04
2.413824e-01	1.972719e-04
2.414080e-01	2.131569e-04
2.414336e-01	2.287440e-04
2.414592e-01	2.442431e-04
2.414848e-01	2.598978e-04
2.415104e-01	2.753708e-04
2.415360e-01	2.907353e-04
2.415616e-01	3.060458e-04
2.415872e-01	3.214155e-04
2.416128e-01	3.359610e-04
2.416384e-01	3.516308e-04
2.416640e-01	3.663587e-04
2.416896e-01	3.811280e-04
2.417152e-01	3.960230e-04
2.417408e-01	4.108260e-04
2.417664e-01	4.251324e-04
2.417920e-01	4.396588e-04
2.418176e-01	4.541547e-04
2.418432e-01	4.682585e-04
2.418688e-01	4.822249e-04
2.418944e-01	4.962419e-04
2.419200e-01	5.098875e-04
2.419456e-01	5.239581e-04
2.419712e-01	5.371498e-04
2.419968e-01	5.508852e-04
2.420224e-01	5.637617e-04
2.420480e-01	5.766670e-04
2.420736e-01	5.902150e-04
2.420992e-01	6.026875e-04
2.421248e-01	6.151532e-04
2.421504e-01	6.280316e-04
2.421760e-01	6.403403e-04
2.422016e-01	6.528495e-04
2.422272e-01	6.646249e-04
2.422528e-01	6.765333e-04
2.422784e-01	6.887406e-04
2.423040e-01	7.002131e-04
2.423296e-01	7.108853e-04
2.423552e-01	7.221820e-04
2.423808e-01	7.333770e-04
2.424064e-01	7.442198e-04
2.424320e-01	7.545602e-04
2.424576e-01	7.651652e-04
2.424832e-01	7.747397e-04
2.425088e-01	7.854975e-04
2.425344e-01	7.953903e-04
2.425600e-01	8.046228e-04
2.425856e-01	8.139724e-04
2.426112e-01	8.231384e-04
2.426368e-01	8.322553e-04
2.426624e-01	8.408601e-04
2.426880e-01	8.496371e-04
2.427136e-01	8.585544e-04
2.427392e-01	8.660838e-04
2.427648e-01	8.742856e-04
2.427904e-01	8.820177e-04
2.428160e-01	8.896946e-04
2.428416e-01	8.966795e-04
2.428672e-01	9.035848e-04
2.428928e-01	9.105726e-04
2.429184e-01	9.170274e-04
2.429440e-01	9.234963e-04
2.429696e-01	9.293985e-04
2.429952e-01	9.354499e-04
2.430208e-01	9.412959e-04
2.430464e-01	9.465789e-04
2.430720e-01	9.521903e-04
2.430976e-01	9.565152e-04
2.431232e-01	9.616773e-04
2.431488e-01	9.656881e-04
2.431744e-01	9.702307e-04
2.432000e-01	9.745773e-04
2.432256e-01	9.782278e-04
2.432512e-01	9.816828e-04
2.432768e-01	9.844678e-04
2.433024e-01	9.881841e-04
2.433280e-01	9.906286e-04
2.433536e-01	9.928542e-04
2.433792e-01	9.957227e-04
2.434048e-01	9.974759e-04
2.434304e-01	9.998470e-04
2.434560e-01	1.000479e-03
2.434816e-01	1.002613e-03
2.435072e-01	1.003159e-03
2.435328e-01	1.004097e-03
2.435584e-01	1.004703e-03
2.435840e-01	1.004556e-03
2.436096e-01	1.005206e-03
2.436352e-01	1.004775e-03
2.436608e-01	1.004535e-03
2.436864e-01	1.003516e-03
2.437120e-01	1.002499e-03
2.437376e-01	1.001465e-03
2.437632e-01	1.000099e-03
2.437888e-01	9.985158e-04
2.438144e-01	9.965700e-04
2.438400e-01	9.944816e-04
2.438656e-01	9.919684e-04
2.438912e-01	9.899706e-04
2.439168e-01	9.862494e-04
2.439424e-01	9.832102e-04
2.439680e-01	9.799432e-04
2.439936e-01	9.762821e-04
2.440192e-01	9.723498e-04
2.440448e-01	9.684052e-04
2.440704e-01	9.639625e-04
2.440960e-01	9.591585e-04
2.441216e-01	9.539186e-04
2.441472e-01	9.499965e-04
2.441728e-01	9.442458e-04
2.441984e-01	9.382667e-04
2.442240e-01	9.330049e-04
2.442496e-01	9.263133e-04
2.442752e-01	9.202715e-04
2.443008e-01	9.140783e-04
2.443264e-01	9.068924e-04
2.443520e-01	9.002865e-04
2.443776e-01	8.928371e-04
2.444032e-01	8.856057e-04
2.444288e-01	8.775974e-04
2.444544e-01	8.694132e-04
2.444800e-01	8.616090e-04
2.445056e-01	8.533649e-04
2.445312e-01	8.444568e-04
2.445568e-01	8.359984e-04
2.445824e-01	8.260799e-04
2.446080e-01	8.171932e-04
2.446336e-01	8.082228e-04
2.446592e-01	7.979043e-04
2.446848e-01	7.882513e-04
2.447104e-01	7.780409e-04
2.447360e-01	7.679415e-04
2.447616e-01	7.572824e-04
2.447872e-01	7.465279e-04
2.448128e-01	7.362920e-04
2.448384e-01	7.242790e-04
2.448640e-01	7.134696e-04
2.448896e-01	7.020459e-04
2.449152e-01	6.902501e-04
2.449408e-01	6.783041e-04
2.449664e-01	6.664707e-04
2.449920e-01	6.540905e-04
2.450176e-01	6.417111e-04
2.450432e-01	6.288783e-04
2.450688e-01	6.163954e-04
2.450944e-01	6.036639e-04
2.451200e-01	5.901968e-04
2.451456e-01	5.769624e-04
2.451712e-01	5.639856e-04
2.451968e-01	5.499250e-04
2.452224e-01	5.368764e-04
2.452480e-01	5.223828e-04
2.452736e-01	5.084604e-04
2.452992e-01	4.950566e-04
2.453248e-01	4.798587e-04
2.453504e-01	4.656772e-04
2.453760e-01	4.510583e-04
2.454016e-01	4.363462e-04
2.454272e-01	4.219534e-04
2.454528e-01	4.064243e-04
2.454784e-01	3.915900e-04
2.455040e-01	3.764557e-04
2.455296e-01	3.617170e-04
2.455552e-01	3.457339e-04
2.455808e-01	3.302344e-04
2.456064e-01	3.148003e-04
2.456320e-01	2.989319e-04
2.456576e-01	2.832723e-04
2.456832e-01	2.676419e-04
2.457088e-01	2.516412e-04
2.457344e-01	2.356533e-04
2.457600e-01	2.191809e-04
2.457856e-01	2.032952e-04
2.458112e-01	1.869483e-04
2.458368e-01	1.708673e-04
2.458624e-01	1.544535e-04
2.458880e-01	1.380677e-04
2.459136e-01	1.214760e-04
2.459392e-01	1.050126e-04
2.459648e-01	8.844645e-05
2.459904e-01	7.199489e-05
2.460160e-01	5.537158e-05
2.460416e-01	3.876573e-05
2.460672e-01	2.229928e-05
2.460928e-01	5.407713e-06
2.461184e-01	-1.135215e-05
2.461440e-01	-2.764587e-05
2.461696e-01	-4.439637e-05
2.461952e-01	-6.113063e-05
2.462208e-01	-7.797969e-05
2.462464e-01	-9.453626e-05
2.462720e-01	-1.114871e-04
2.462976e-01	-1.273608e-04
2.463232e-01	-1.442089e-04
2.463488e-01	-1.608904e-04
2.463744e-01	-1.773846e-04
2.464000e-01	-1.936440e-04
2.464256e-01	-2.104976e-04
2.464512e-01	-2.268168e-04
2.464768e-01	-2.429761e-04
2.465024e-01	-2.595379e-04
2.465280e-01	-2.758960e-04
2.465536e-01	-2.915465e-04
2.465792e-01	-3.076927e-04
2.466048e-01	-3.240406e-04
2.466304e-01	-3.397700e-04
2.466560e-01	-3.557591e-04
2.466816e-01	-3.712665e-04
2.467072e-01	-3.870534e-04
2.467328e-01	-4.029799e-04
2.467584e-01	-4.178099e-04
2.467840e-01	-4.335757e-04
2.468096e-01	-4.488042e-04
2.468352e-01	-4.642603e-04
2.468608e-01	-4.788681e-04
2.468864e-01	-4.941602e-04
2.469120e-01	-5.085465e-04
2.469376e-01	-5.234355e-04
2.469632e-01	-5.381365e-04
2.469888e-01	-5.520271e-04
2.470144e-01	-5.667419e-04
2.470400e-01	-5.801196e-04
2.470656e-01	-5.946033e-04
2.470912e-01	-6.091894e-04
2.471168e-01	-6.215985e-04
2.471424e-01	-6.356109e-04
2.471680e-01	-6.484897e-04
2.471936e-01	-6.617844e-04
2.472192e-01	-6.750972e-04
2.472448e-01	-6.875032e-04
2.472704e-01	-6.997109e-04
2.472960e-01	-7.128064e-04
2.473216e-01	-7.249138e-04
2.473472e-01	-7.365748e-04
2.473728e-01	-7.487435e-04
2.473984e-01	-7.600670e-04
2.474240e-01	-7.714008e-04
2.474496e-01	-7.824932e-04
2.474752e-01	-7.937936e-04
2.475008e-01	-8.046353e-04
2.475264e-01	-8.148376e-04
2.475520e-01	-8.257460e-04
2.475776e-01	-8.354955e-04
2.476032e-01	-8.456392e-04
2.476288e-01	-8.547652e-04
2.476544e-01	-8.649140e-04
2.476800e-01	-8.738135e-04
2.477056e-01	-8.822868e-04
2.477312e-01	-8.916426e-04
2.477568e-01	-9.002505e-04
2.477824e-01	-9.080097e-04
2.478080e-01	-9.161331e-04
2.478336e-01	-9.238669e-04
2.478592e-01	-9.314746e-04
2.478848e-01	-9.390712e-04
2.479104e-01	-9.459103e-04
2.479360e-01	-9.524627e-04
2.479616e-01	-9.586978e-04
2.479872e-01	-9.649824e-04
2.480128e-01	-9.710974e-04
2.480384e-01	-9.760562e-04
2.480640e-01	-9.822641e-04
2.480896e-01	-9.872307e-04
2.481152e-01	-9.926072e-04
2.481408e-01	-9.966193e-04
2.481664e-01	-1.000845e-03
2.481920e-01	-1.005370e-03
2.482176e-01	-1.008592e-03
2.482432e-01	-1.012454e-03
2.482688e-01	-1.015496e-03
2.482944e-01	-1.018262e-03
2.483200e-01	-1.021250e-03
2.483456e-01	-1.023307e-03
2.483712e-01	-1.025260e-03
2.483968e-01	-1.027302e-03
2.484224e-01	-1.029136e-03
2.484480e-01	-1.030092e-03
2.484736e-01	-1.031280e-03
2.484992e-01	-1.031665e-03
2.485248e-01	-1.032504e-03
2.485504e-01	-1.032407e-03
2.485760e-01	-1.032214e-03
2.486016e-01	-1.031742e-03
2.486272e-01	-1.031189e-03
2.486528e-01	-1.030081e-03
2.486784e-01	-1.029399e-03
2.487040e-01	-1.027252e-03
2.487296e-01	-1.025420e-03
2.487552e-01	-1.023816e-03
2.487808e-01	-1.020978e-03
2.488064e-01	-1.018458e-03
2.488320e-01	-1.015410e-03
2.488576e-01	-1.012574e-03
2.488832e-01	-1.009169e-03
2.489088e-01	-1.005379e-03
2.489344e-01	-1.001357e-03
2.489600e-01	-9.967531e-04
2.489856e-01	-9.928860e-04
2.490112e-01	-9.876925e-04
2.490368e-01	-9.829850e-04
2.490624e-01	-9.774826e-04
2.490880e-01	-9.720343e-04
2.491136e-01	-9.660645e-04
2.491392e-01	-9.603572e-04
2.491648e-01	-9.538860e-04
2.491904e-01	-9.470845e-04
2.492160e-01	-9.405169e-04
2.492416e-01	-9.336802e-04
2.492672e-01	-9.260740e-04
2.492928e-01	-9.186979e-04
2.493184e-01	-9.108852e-04
2.493440e-01	-9.029376e-04
2.493696e-01	-8.948100e-04
2.493952e-01	-8.864079e-04
2.494208e-01	-8.778250e-04
2.494464e-01	-8.686988e-04
2.494720e-01	-8.595494e-04
2.494976e-01	-8.504094e-04
2.495232e-01	-8.406452e-04
2.495488e-01	-8.309113e-04
2.495744e-01	-8.209046e-04
2.496000e-01	-8.107920e-04
2.496256e-01	-8.004702e-04
2.496512e-01	-7.899092e-04
2.496768e-01	-7.787998e-04
2.497024e-01	-7.680019e-04
2.497280e-01	-7.565530e-04
2.497536e-01	-7.453774e-04
2.497792e-01	-7.329861e-04
2.498048e-01	-7.220609e-04
2.498304e-01	-7.100755e-04
2.498560e-01	-6.975449e-04
2.498816e-01	-6.853787e-04
2.499072e-01	-6.730914e-04
2.499328e-01	-6.604680e-04
2.499584e-01	-6.475504e-04
2.499840e-01	-6.349750e-04
2.500096e-01	-6.216538e-04
2.500352e-01	-6.082403e-04
2.500608e-01	-5.949605e-04
2.500864e-01	-5.813053e-04
2.501120e-01	-5.677360e-04
2.501376e-01	-5.538306e-04
2.501632e-01	-5.399144e-04
2.501888e-01	-5.259498e-04
2.502144e-01	-5.119383e-04
2.502400e-01	-4.970271e-04
2.502656e-01	-4.827797e-04
2.502912e-01	-4.678583e-04
2.503168e-01	-4.533649e-04
2.503424e-01	-4.383471e-04
2.503680e-01	-4.236507e-04
2.503936e-01	-4.089322e-04
2.504192e-01	-3.933937e-04
2.504448e-01	-3.781064e-04
2.504704e-01	-3.626952e-04
2.504960e-01	-3.474582e-04
2.505216e-01	-3.327036e-04
2.505472e-01	-3.164067e-04
2.505728e-01	-3.011801e-04
2.505984e-01	-2.855340e-04
2.506240e-01	-2.690761e-04
2.506496e-01	-2.538396e-04
2.506752e-01	-2.381925e-04
2.507008e-01	-2.217316e-04
2.507264e-01	-2.061484e-04
2.507520e-01	-1.900744e-04
2.507776e-01	-1.741579e-04
2.508032e-01	-1.576656e-04
2.508288e-01	-1.418154e-04
2.508544e-01	-1.255209e-04
2.508800e-01	-1.097066e-04
2.509056e-01	-9.332976e-05
2.509312e-01	-7.718758e-05
2.509568e-01	-6.117827e-05
2.509824e-01	-4.477134e-05
2.510080e-01	-2.888191e-05
2.510336e-01	-1.236110e-05
2.510592e-01	3.750030e-06
2.510848e-01	1.937147e-05
2.511104e-01	3.611267e-05
2.511360e-01	5.209437e-05
2.511616e-01	6.847190e-05
2.511872e-01	8.458321e-05
2.512128e-01	1.001868e-04
2.512384e-01	1.167578e-04
2.512640e-01	1.326172e-04
2.512896e-01	1.481118e-04
2.513152e-01	1.645079e-04
2.513408e-01	1.799752e-04
2.513664e-01	1.960379e-04
2.513920e-01	2.116061e-04
2.514176e-01	2.278455e-04
2.514432e-01	2.431127e-04
2.514688e-01	2.586519e-04
2.514944e-01	2.744845e-04
2.515200e-01	2.896334e-04
2.515456e-01	3.049111e-04
2.515712e-01	3.200419e-04
2.515968e-01	3.351546e-04
2.516224e-01	3.504865e-04
2.516480e-01	3.652009e-04
2.516736e-01	3.803248e-04
2.516992e-01	3.948231e-04
2.517248e-01	4.095918e-04
2.517504e-01	4.241087e-04
2.517760e-01	4.385217e-04
2.518016e-01	4.529566e-04
2.518272e-01	4.670256e-04
2.518528e-01	4.811563e-04
2.518784e-01	4.954762e-04
2.519040e-01	5.090292e-04
2.519296e-01	5.226118e-04
2.519552e-01	5.362149e-04
2.519808e-01	5.498428e-04
2.520064e-01	5.624867e-04
2.520320e-01	5.763055e-04
2.520576e-01	5.890318e-04
2.520832e-01	6.021619e-04
2.521088e-01	6.147051e-04
2.521344e-01	6.272304e-04
2.521600e-01	6.397865e-04
2.521856e-01	6.515114e-04
2.522112e-01	6.638893e-04
2.522368e-01	6.757056e-04
2.522624e-01	6.874328e-04
2.522880e-01	6.987565e-04
2.523136e-01	7.102359e-04
2.523392e-01	7.216832e-04
2.523648e-01	7.323544e-04
2.523904e-01	7.436870e-04
2.524160e-01	7.540236e-04
2.524416e-01	7.645669e-04
2.524672e-01	7.745782e-04
2.524928e-01	7.846411e-04
2.525184e-01	7.948570e-04
2.525440e-01	8.044085e-04
2.525696e-01	8.133608e-04
2.525952e-01	8.230332e-04
2.526208e-01	8.318254e-04
2.526464e-01	8.407288e-04
2.526720e-01	8.494479e-04
2.526976e-01	8.578167e-04
2.527232e-01	8.658044e-04
2.527488e-01	8.739458e-04
2.527744e-01	8.815381e-04
2.528000e-01	8.890510e-04
2.528256e-01	8.962040e-04
2.528512e-01	9.037126e-04
2.528768e-01	9.101794e-04
2.529024e-01	9.169074e-04
2.529280e-01	9.231941e-04
2.529536e-01	9.293050e-04
2.529792e-01	9.352053e-04
2.530048e-01	9.407718e-04
2.530304e-01	9.464825e-04
2.530560e-01	9.511937e-04
2.530816e-01	9.566504e-04
2.531072e-01	9.615335e-04
2.531328e-01	9.656629e-04
2.531584e-01	9.702882e-04
2.531840e-01	9.737148e-04
2.532096e-01	9.779558e-04
2.532352e-01	9.812431e-04
2.532608e-01	9.846329e-04
2.532864e-01	9.877502e-04
2.533120e-01	9.908328e-04
2.533376e-01	9.930361e-04
2.533632e-01	9.956404e-04
2.533888e-01	9.980050e-04
2.534144e-01	9.990523e-04
2.534400e-01	1.000845e-03
2.534656e-01	1.002659e-03
2.534912e-01	1.003428e-03
2.535168e-01	1.004240e-03
2.535424e-01	1.004738e-03
2.535680e-01	1.005287e-03
2.535936e-01	1.004908e-03
2.536192e-01	1.004883e-03
2.536448e-01	1.004704e-03
2.536704e-01	1.003814e-03
2.536960e-01	1.002798e-03
2.537216e-01	1.001950e-03
2.537472e-01	1.000494e-03
2.537728e-01	9.986182e-04
2.537984e-01	9.964673e-04
2.538240e-01	9.949254e-04
2.538496e-01	9.922676e-04
2.538752e-01	9.901844e-04
2.539008e-01	9.868818e-04
2.539264e-01	9.837733e-04
2.539520e-01	9.806566e-04
2.539776e-01	9.764589e-04
2.540032e-01	9.730839e-04
2.540288e-01	9.692329e-04
2.540544e-01	9.642071e-04
2.540800e-01	9.600962e-04
2.541056e-01	9.550385e-04
2.541312e-01	9.499859e-04
2.541568e-01	9.448068e-04
2.541824e-01	9.390753e-04
2.542080e-01	9.331671e-04
2.542336e-01	9.276280e-04
2.542592e-01	9.211592e-04
2.542848e-01	9.143244e-04
2.543104e-01	9.079621e-04
2.543360e-01	9.006257e-04
2.543616e-01	8.939256e-04
2.543872e-01	8.865453e-04
2.544128e-01	8.783351e-04
2.544384e-01	8.713921e-04
2.544640e-01	8.619199e-04
2.544896e-01	8.540431e-04
2.545152e-01	8.457595e-04
2.545408e-01	8.366944e-04
2.545664e-01	8.276698e-04
2.545920e-01	8.181732e-04
2.546176e-01	8.090864e-04
2.546432e-01	7.994724e-04
2.546688e-01	7.897368e-04
2.546944e-01	7.794551e-04
2.547200e-01	7.691224e-04
2.547456e-01	7.590353e-04
2.547712e-01	7.478790e-04
2.547968e-01	7.374347e-04
2.548224e-01	7.259677e-04
2.548480e-01	7.150630e-04
2.548736e-01	7.032637e-04
2.548992e-01	6.916426e-04
2.549248e-01	6.799783e-04
2.549504e-01	6.678841e-04
2.549760e-01	6.555918e-04
2.550016e-01	6.430486e-04
2.550272e-01	6.304111e-04
2.550528e-01	6.179260e-04
2.550784e-01	6.052018e-04
2.551040e-01	5.918589e-04
2.551296e-01	5.784101e-04
2.551552e-01	5.651625e-04
2.551808e-01	5.512930e-04
2.552064e-01	5.378147e-04
2.552320e-01	5.239316e-04
2.552576e-01	5.098819e-04
2.552832e-01	4.958729e-04
2.553088e-01	4.815318e-04
2.553344e-01	4.671141e-04
2.553600e-01	4.525611e-04
2.553856e-01	4.378327e-04
2.554112e-01	4.234144e-04
2.554368e-01	4.078923e-04
2.554624e-01	3.932647e-04
2.554880e-01	3.777215e-04
2.555136e-01	3.628833e-04
2.555392e-01	3.473170e-04
2.555648e-01	3.315042e-04
2.555904e-01	3.162269e-04
2.556160e-01	3.003983e-04
2.556416e-01	2.847930e-04
2.556672e-01	2.690483e-04
2.556928e-01	2.524328e-04
2.557184e-01	2.367679e-04
2.557440e-01	2.209375e-04
2.557696e-01	2.045686e-04
2.557952e-01	1.885019e-04
2.558208e-01	1.725285e-04
2.558464e-01	1.555808e-04
2.558720e-01	1.392432e-04
2.558976e-01	1.227954e-04
2.559232e-01	1.064547e-04
2.559488e-01	9.003199e-05
2.559744e-01	7.366151e-05
2.560000e-01	5.678444e-05
2.560256e-01	4.021906e-05
2.560512e-01	2.371692e-05
2.560768e-01	7.020373e-06
2.561024e-01	-9.505566e-06
2.561280e-01	-2.652176e-05
2.561536e-01	-4.302040e-05
2.561792e-01	-5.979898e-05
2.562048e-01	-7.663838e-05
2.562304e-01	-9.261065e-05
2.562560e-01	-1.096353e-04
2.562816e-01	-1.260184e-04
2.563072e-01	-1.428387e-04
2.563328e-01	-1.591497e-04
2.563584e-01	-1.759503e-04
2.563840e-01	-1.921317e-04
2.564096e-01	-2.090648e-04
2.564352e-01	-2.251413e-04
2.564608e-01	-2.410876e-04
2.564864e-01	-2.580512e-04
2.565120e-01	-2.743964e-04
2.565376e-01	-2.906454e-04
2.565632e-01	-3.066897e-04
2.565888e-01	-3.224183e-04
2.566144e-01	-3.383905e-04
2.566400e-01	-3.542746e-04
2.566656e-01	-3.704537e-04
2.566912e-01	-3.857802e-04
2.567168e-01	-4.014070e-04
2.567424e-01	-4.168536e-04
2.567680e-01	-4.324111e-04
2.567936e-01	-4.476672e-04
2.568192e-01	-4.629286e-04
2.568448e-01	-4.776359e-04
2.568704e-01	-4.925402e-04
2.568960e-01	-5.072912e-04
2.569216e-01	-5.221542e-04
2.569472e-01	-5.362596e-04
2.569728e-01	-5.510894e-04
2.569984e-01	-5.652855e-04
2.570240e-01	-5.791741e-04
2.570496e-01	-5.933431e-04
2.570752e-01	-6.069418e-04
2.571008e-01	-6.209652e-04
2.571264e-01	-6.342238e-04
2.571520e-01	-6.475957e-04
2.571776e-01	-6.610039e-04
2.572032e-01	-6.735190e-04
2.572288e-01	-6.864350e-04
2.572544e-01	-6.991284e-04
2.572800e-01	-7.121001e-04
2.573056e-01	-7.233655e-04
2.573312e-01	-7.359961e-04
2.573568e-01	-7.477037e-04
2.573824e-01	-7.590321e-04
2.574080e-01	-7.708098e-04
2.574336e-01	-7.818395e-04
2.574592e-01	-7.927834e-04
2.574848e-01	-8.035697e-04
2.575104e-01	-8.143268e-04
2.575360e-01	-8.247218e-04
2.575616e-01	-8.345177e-04
2.575872e-01	-8.450985e-04
2.576128e-01	-8.543365e-04
2.576384e-01	-8.639207e-04
2.576640e-01	-8.727422e-04
2.576896e-01	-8.820158e-04
2.577152e-01	-8.909899e-04
2.577408e-01	-8.987902e-04
2.577664e-01	-9.078328e-04
2.577920e-01	-9.157353e-04
2.578176e-01	-9.234757e-04
2.578432e-01	-9.314514e-04
2.578688e-01	-9.380741e-04
2.578944e-01	-9.452135e-04
2.579200e-01	-9.517910e-04
2.579456e-01	-9.584992e-04
2.579712e-01	-9.645632e-04
2.579968e-01	-9.705615e-04
2.580224e-01	-9.758723e-04
2.580480e-01	-9.814148e-04
2.580736e-01	-9.869647e-04
2.580992e-01	-9.915299e-04
2.581248e-01	-9.960278e-04
2.581504e-01	-1.000737e-03
2.581760e-01	-1.004347e-03
2.582016e-01	-1.008239e-03
2.582272e-01	-1.011793e-03
2.582528e-01	-1.015361e-03
2.582784e-01	-1.018194e-03
2.583040e-01	-1.020943e-03
2.583296e-01	-1.022935e-03
2.583552e-01	-1.025119e-03
2.583808e-01	-1.027132e-03
2.584064e-01	-1.028770e-03
2.584320e-01	-1.030210e-03
2.584576e-01	-1.031209e-03
2.584832e-01	-1.031480e-03
2.585088e-01	-1.032119e-03
2.585344e-01	-1.031960e-03
2.585600e-01	-1.032043e-03
2.585856e-01	-1.031894e-03
2.586112e-01	-1.031106e-03
2.586368e-01	-1.030024e-03
2.586624e-01	-1.028774e-03
2.586880e-01	-1.027373e-03
2.587136e-01	-1.025209e-03
2.587392e-01	-1.023391e-03
2.587648e-01	-1.021435e-03
2.587904e-01	-1.018495e-03
2.588160e-01	-1.016035e-03
2.588416e-01	-1.012239e-03
2.588672e-01	-1.009289e-03
2.588928e-01	-1.005520e-03
2.589184e-01	-1.001413e-03
2.589440e-01	-9.975791e-04
2.589696e-01	-9.929584e-04
2.589952e-01	-9.878036e-04
2.590208e-01	-9.832645e-04
2.590464e-01	-9.778850e-04
2.590720e-01	-9.722731e-04
2.590976e-01	-9.667939e-04
2.591232e-01	-9.606477e-04
2.591488e-01	-9.538945e-04
2.591744e-01	-9.478249e-04
2.592000e-01	-9.409070e-04
2.592256e-01	-9.339998e-04
2.592512e-01	-9.265760e-04
2.592768e-01	-9.191795e-04
2.593024e-01	-9.119803e-04
2.593280e-01	-9.036803e-04
2.593536e-01	-8.953306e-04
2.593792e-01	-8.871499e-04
2.594048e-01	-8.783906e-04
2.594304e-01	-8.696229e-04
2.594560e-01	-8.600921e-04
2.594816e-01	-8.512094e-04
2.595072e-01	-8.415033e-04
2.595328e-01	-8.317406e-04
2.595584e-01	-8.215292e-04
2.595840e-01	-8.112623e-04
2.596096e-01	-8.014173e-04
2.596352e-01	-7.907780e-04
2.596608e-01	-7.794724e-04
2.596864e-01	-7.688733e-04
2.597120e-01	-7.574990e-04
2.597376e-01	-7.461699e-04
2.597632e-01	-7.348309e-04
2.597888e-01	-7.230784e-04
2.598144e-01	-7.109722e-04
2.598400e-01	-6.989260e-04
2.598656e-01	-6.869857e-04
2.598912e-01	-6.743236e-04
2.599168e-01	-6.613923e-04
2.599424e-01	-6.492613e-04
2.599680e-01	-6.354792e-04
2.599936e-01	-6.227999e-04
2.600192e-01	-6.095369e-04
2.600448e-01	-5.963718e-04
2.600704e-01	-5.830543e-04
2.600960e-01	-5.690398e-04
2.601216e-01	-5.552594e-04
2.601472e-01	-5.408146e-04
2.601728e-01	-5.269526e-04
2.601984e-01	-5.129859e-04
2.602240e-01	-4.983667e-04
2.602496e-01	-4.842620e-04
2.602752e-01	-4.689058e-04
2.603008e-01	-4.549633e-04
2.603264e-01	-4.399891e-04
2.603520e-01	-4.249281e-04
2.603776e-01	-4.105095e-04
2.604032e-01	-3.949604e-04
2.604288e-01	-3.795893e-04
2.604544e-01	-3.644151e-04
2.604800e-01	-3.493170e-04
2.605056e-01	-3.333596e-04
2.605312e-01	-3.177973e-04
2.605568e-01	-3.030362e-04
2.605824e-01	-2.868686e-04
2.606080e-01	-2.712659e-04
2.606336e-01	-2.552635e-04
2.606592e-01	-2.399597e-04
2.606848e-01	-2.238571e-04
2.607104e-01	-2.078126e-04
2.607360e-01	-1.915667e-04
2.607616e-01	-1.757307e-04
2.607872e-01	-1.596129e-04
2.608128e-01	-1.434960e-04
2.608384e-01	-1.278179e-04
2.608640e-01	-1.113975e-04
2.608896e-01	-9.502512e-05
2.609152e-01	-7.932143e-05
2.609408e-01	-6.268062e-05
2.609664e-01	-4.644652e-05
2.609920e-01	-3.033773e-05
2.610176e-01	-1.396506e-05
2.610432e-01	2.237946e-06
2.610688e-01	1.842976e-05
2.610944e-01	3.472780e-05
2.611200e-01	5.051917e-05
2.611456e-01	6.689873e-05
2.611712e-01	8.247995e-05
2.611968e-01	9.859873e-05
2.612224e-01	1.150456e-04
2.612480e-01	1.311387e-04
2.612736e-01	1.469512e-04
2.612992e-01	1.626684e-04
2.613248e-01	1.784164e-04
2.613504e-01	1.943792e-04
2.613760e-01	2.098680e-04
2.614016e-01	2.256820e-04
2.614272e-01	2.413471e-04
2.614528e-01	2.574285e-04
2.614784e-01	2.723708e-04
2.615040e-01	2.878452e-04
2.615296e-01	3.035862e-04
2.615552e-01	3.182114e-04
2.615808e-01	3.334945e-04
2.616064e-01	3.490084e-04
2.616320e-01	3.633835e-04
2.616576e-01	3.785715e-04
2.616832e-01	3.933948e-04
2.617088e-01	4.079104e-04
2.617344e-01	4.224716e-04
2.617600e-01	4.371574e-04
2.617856e-01	4.511139e-04
2.618112e-01	4.655911e-04
2.618368e-01	4.796280e-04
2.618624e-01	4.937465e-04
2.618880e-01	5.075648e-04
2.619136e-01	5.212816e-04
2.619392e-01	5.347868e-04
2.619648e-01	5.482728e-04
2.619904e-01	5.619461e-04
2.620160e-01	5.747817e-04
2.620416e-01	5.875571e-04
2.620672e-01	6.007483e-04
2.620928e-01	6.131738e-04
2.621184e-01	6.261309e-04
2.621440e-01	6.383348e-04
2.621696e-01	6.507272e-04
2.621952e-01	6.627145e-04
2.622208e-01	6.749322e-04
2.622464e-01	6.863088e-04
2.622720e-01	6.980155e-04
2.622976e-01	7.096063e-04
2.623232e-01	7.201781e-04
2.623488e-01	7.315096e-04
2.623744e-01	7.426783e-04
2.624000e-01	7.532620e-04
2.624256e-01	7.635574e-04
2.624512e-01	7.734902e-04
2.624768e-01	7.836850e-04
2.625024e-01	7.933846e-04
2.625280e-01	8.034297e-04
2.625536e-01	8.125490e-04
2.625792e-01	8.216659e-04
2.626048e-01	8.307587e-04
2.626304e-01	8.397902e-04
2.626560e-01	8.481970e-04
2.626816e-01	8.565524e-04
2.627072e-01	8.650140e-04
2.627328e-01	8.732918e-04
2.627584e-01	8.804086e-04
2.627840e-01	8.884355e-04
2.628096e-01	8.955793e-04
2.628352e-01	9.026591e-04
2.628608e-01	9.093879e-04
2.628864e-01	9.155641e-04
2.629120e-01	9.221937e-04
2.629376e-01	9.287385e-04
2.629632e-01	9.343976e-04
2.629888e-01	9.400640e-04
2.630144e-01	9.456934e-04
2.630400e-01	9.506696e-04
2.630656e-01	9.560708e-04
2.630912e-01	9.609609e-04
2.631168e-01	9.650810e-04
2.631424e-01	9.698775e-04
2.631680e-01	9.733728e-04
2.631936e-01	9.775711e-04
2.632192e-01	9.809813e-04
2.632448e-01	9.842414e-04
2.632704e-01	9.873796e-04
2.632960e-01	9.901420e-04
2.633216e-01	9.928852e-04
2.633472e-01	9.955069e-04
2.633728e-01	9.972398e-04
2.633984e-01	9.991589e-04
2.634240e-01	1.001005e-03
2.634496e-01	1.001919e-03
2.634752e-01	1.003330e-03
2.635008e-01	1.004215e-03
2.635264e-01	1.004345e-03
2.635520e-01	1.005464e-03
2.635776e-01	1.004817e-03
2.636032e-01	1.004982e-03
2.636288e-01	1.004625e-03
2.636544e-01	1.003621e-03
2.636800e-01	1.003059e-03
2.637056e-01	1.001658e-03
2.637312e-01	1.000113e-03
2.637568e-01	9.991789e-04
2.637824e-01	9.966800e-04
2.638080e-01	9.949325e-04
2.638336e-01	9.924894e-04
2.638592e-01	9.900732e-04
2.638848e-01	9.871514e-04
2.639104e-01	9.837416e-04
2.639360e-01	9.811837e-04
2.639616e-01	9.771191e-04
2.639872e-01	9.730317e-04
2.640128e-01	9.694553e-04
2.640384e-01	9.648797e-04
2.640640e-01	9.602990e-04
2.640896e-01	9.556961e-04
2.641152e-01	9.507030e-04
2.641408e-01	9.452470e-04
2.641664e-01	9.395940e-04
2.641920e-01	9.337399e-04
2.642176e-01	9.279561e-04
2.642432e-01	9.214860e-04
2.642688e-01	9.153140e-04
2.642944e-01	9.080581e-04
2.643200e-01	9.018778e-04
2.643456e-01	8.941216e-04
2.643712e-01	8.866315e-04
2.643968e-01	8.796706e-04
2.644224e-01	8.714250e-04
2.644480e-01	8.632996e-04
2.644736e-01	8.551336e-04
2.644992e-01	8.463848e-04
2.645248e-01	8.376306e-04
2.645504e-01	8.288937e-04
2.645760e-01	8.193165e-04
2.646016e-01	8.098834e-04
2.646272e-01	8.008377e-04
2.646528e-01	7.899454e-04
2.646784e-01	7.803052e-04
2.647040e-01	7.702176e-04
2.647296e-01	7.595887e-04
2.647552e-01	7.488913e-04
2.647808e-01	7.380005e-04
2.648064e-01	7.267696e-04
2.648320e-01	7.157685e-04
2.648576e-01	7.039308e-04
2.648832e-01	6.927337e-04
2.649088e-01	6.811512e-04
2.649344e-01	6.683804e-04
2.649600e-01	6.565143e-04
2.649856e-01	6.442143e-04
2.650112e-01	6.311947e-04
2.650368e-01	6.191549e-04
2.650624e-01	6.063515e-04
2.650880e-01	5.930424e-04
2.651136e-01	5.798100e-04
2.651392e-01	5.664093e-04
2.651648e-01	5.525982e-04
2.651904e-01	5.388462e-04
2.652160e-01	5.251716e-04
2.652416e-01	5.115489e-04
2.652672e-01	4.968521e-04
2.652928e-01	4.828548e-04
2.653184e-01	4.681316e-04
2.653440e-01	4.538389e-04
2.653696e-01	4.394221e-04
2.653952e-01	4.240240e-04
2.654208e-01	4.090822e-04
2.654464e-01	3.945531e-04
2.654720e-01	3.792933e-04
2.654976e-01	3.638900e-04
2.655232e-01	3.485497e-04
2.655488e-01	3.336261e-04
2.655744e-01	3.174985e-04
2.656000e-01	3.017256e-04
2.656256e-01	2.860767e-04
2.656512e-01	2.705432e-04
2.656768e-01	2.546342e-04
2.657024e-01	2.383734e-04
2.657280e-01	2.223251e-04
2.657536e-01	2.061767e-04
2.657792e-01	1.896381e-04
2.658048e-01	1.737869e-04
2.658304e-01	1.572530e-04
2.658560e-01	1.410500e-04
2.658816e-01	1.245108e-04
2.659072e-01	1.080487e-04
2.659328e-01	9.206658e-05
2.659584e-01	7.502072e-05
2.659840e-01	5.819425e-05
2.660096e-01	4.189147e-05
2.660352e-01	2.494255e-05
2.660608e-01	8.574821e-06
2.660864e-01	-8.189086e-06
2.661120e-01	-2.489818e-05
2.661376e-01	-4.164114e-05
2.661632e-01	-5.780540e-05
2.661888e-01	-7.488585e-05
2.662144e-01	-9.101095e-05
2.662400e-01	-1.080477e-04
2.662656e-01	-1.245940e-04
2.662912e-01	-1.411990e-04
2.663168e-01	-1.581346e-04
2.663424e-01	-1.743255e-04
2.663680e-01	-1.913374e-04
2.663936e-01	-2.074977e-04
2.664192e-01	-2.236539e-04
2.664448e-01	-2.401034e-04
2.664704e-01	-2.564220e-04
2.664960e-01	-2.726609e-04
2.665216e-01	-2.886704e-04
2.665472e-01	-3.051888e-04
2.665728e-01	-3.209522e-04
2.665984e-01	-3.368525e-04
2.666240e-01	-3.526104e-04
2.666496e-01	-3.692494e-04
2.666752e-01	-3.840226e-04
2.667008e-01	-3.997601e-04
2.667264e-01	-4.156819e-04
2.667520e-01	-4.306931e-04
2.667776e-01	-4.463908e-04
2.668032e-01	-4.613133e-04
2.668288e-01	-4.761551e-04
2.668544e-01	-4.914030e-04
2.668800e-01	-5.061548e-04
2.669056e-01	-5.212643e-04
2.669312e-01	-5.354086e-04
2.669568e-01	-5.498329e-04
2.669824e-01	-5.638422e-04
2.670080e-01	-5.783962e-04
2.670336e-01	-5.922909e-04
2.670592e-01	-6.058578e-04
2.670848e-01	-6.196681e-04
2.671104e-01	-6.329550e-04
2.671360e-01	-6.465843e-04
2.671616e-01	-6.595848e-04
2.671872e-01	-6.725148e-04
2.672128e-01	-6.854067e-04
2.672384e-01	-6.978865e-04
2.672640e-01	-7.107396e-04
2.672896e-01	-7.224760e-04
2.673152e-01	-7.348298e-04
2.673408e-01	-7.460426e-04
2.673664e-01	-7.584798e-04
2.673920e-01	-7.699414e-04
2.674176e-01	-7.807988e-04
2.674432e-01	-7.921189e-04
2.674688e-01	-8.026739e-04
2.674944e-01	-8.133494e-04
2.675200e-01	-8.235887e-04
2.675456e-01	-8.338221e-04
2.675712e-01	-8.438330e-04
2.675968e-01	-8.535415e-04
2.676224e-01	-8.631762e-04
2.676480e-01	-8.723047e-04
2.676736e-01	-8.815614e-04
2.676992e-01	-8.898555e-04
2.677248e-01	-8.987739e-04
2.677504e-01	-9.066822e-04
2.677760e-01	-9.149889e-04
2.678016e-01	-9.227838e-04
2.678272e-01	-9.301802e-04
2.678528e-01	-9.374010e-04
2.678784e-01	-9.440106e-04
2.679040e-01	-9.513995e-04
2.679296e-01	-9.576475e-04
2.679552e-01	-9.636566e-04
2.679808e-01	-9.701109e-04
2.680064e-01	-9.752287e-04
2.680320e-01	-9.812410e-04
2.680576e-01	-9.860373e-04
2.680832e-01	-9.910258e-04
2.681088e-01	-9.957069e-04
2.681344e-01	-9.999817e-04
2.681600e-01	-1.003983e-03
2.681856e-01	-1.008205e-03
2.682112e-01	-1.011517e-03
2.682368e-01	-1.015151e-03
2.682624e-01	-1.017694e-03
2.682880e-01	-1.020376e-03
2.683136e-01	-1.023596e-03
2.683392e-01	-1.024853e-03
2.683648e-01	-1.027071e-03
2.683904e-01	-1.028508e-03
2.684160e-01	-1.029790e-03
2.684416e-01	-1.030908e-03
2.684672e-01	-1.031346e-03
2.684928e-01	-1.032907e-03
2.685184e-01	-1.032445e-03
2.685440e-01	-1.032453e-03
2.685696e-01	-1.031962e-03
2.685952e-01	-1.031691e-03
2.686208e-01	-1.030168e-03
2.686464e-01	-1.029247e-03
2.686720e-01	-1.027782e-03
2.686976e-01	-1.025635e-03
2.687232e-01	-1.023854e-03
2.687488e-01	-1.021506e-03
2.687744e-01	-1.019244e-03
2.688000e-01	-1.015964e-03
2.688256e-01	-1.012959e-03
2.688512e-01	-1.009725e-03
2.688768e-01	-1.005835e-03
2.689024e-01	-1.002313e-03
2.689280e-01	-9.977736e-04
2.689536e-01	-9.938081e-04
2.689792e-01	-9.888022e-04
2.690048e-01	-9.837921e-04
2.690304e-01	-9.785207e-04
2.690560e-01	-9.727588e-04
2.690816e-01	-9.670708e-04
2.691072e-01	-9.612216e-04
2.691328e-01	-9.548612e-04
2.691584e-01	-9.486311e-04
2.691840e-01	-9.420278e-04
2.692096e-01	-9.347998e-04
2.692352e-01	-9.272196e-04
2.692608e-01	-9.206409e-04
2.692864e-01	-9.122371e-04
2.693120e-01	-9.043770e-04
2.693376e-01	-8.960837e-04
2.693632e-01	-8.879573e-04
2.693888e-01	-8.792846e-04
2.694144e-01	-8.700240e-04
2.694400e-01	-8.615193e-04
2.694656e-01	-8.515931e-04
2.694912e-01	-8.423803e-04
2.695168e-01	-8.327913e-04
2.695424e-01	-8.227677e-04
2.695680e-01	-8.126792e-04
2.695936e-01	-8.021846e-04
2.696192e-01	-7.917291e-04
2.696448e-01	-7.804796e-04
2.696704e-01	-7.703310e-04
2.696960e-01	-7.583355e-04
2.697216e-01	-7.475612e-04
2.697472e-01	-7.360094e-04
2.697728e-01	-7.239997e-04
2.697984e-01	-7.122229e-04
2.698240e-01	-7.004314e-04
2.698496e-01	-6.881069e-04
2.698752e-01	-6.752214e-04
2.699008e-01	-6.629953e-04
2.699264e-01	-6.500535e-04
2.699520e-01	-6.373362e-04
2.699776e-01	-6.243617e-04
2.700032e-01	-6.108403e-04
2.700288e-01	-5.975557e-04
2.700544e-01	-5.840630e-04
2.700800e-01	-5.705477e-04
2.701056e-01	-5.565358e-04
2.701312e-01	-5.430985e-04
2.701568e-01	-5.282080e-04
2.701824e-01	-5.144177e-04
2.702080e-01	-5.000609e-04
2.702336e-01	-4.850284e-04
2.702592e-01	-4.707120e-04
2.702848e-01	-4.563523e-04
2.703104e-01	-4.410924e-04
2.703360e-01	-4.267220e-04
2.703616e-01	-4.114976e-04
2.703872e-01	-3.962327e-04
2.704128e-01	-3.813739e-04
2.704384e-01	-3.657835e-04
2.704640e-01	-3.507171e-04
2.704896e-01	-3.349981e-04
2.705152e-01	-3.198474e-04
2.705408e-01	-3.042623e-04
2.705664e-01	-2.880483e-04
2.705920e-01	-2.729617e-04
2.706176e-01	-2.565707e-04
2.706432e-01	-2.411099e-04
2.706688e-01	-2.248766e-04
2.706944e-01	-2.092739e-04
2.707200e-01	-1.932720e-04
2.707456e-01	-1.767227e-04
2.707712e-01	-1.611731e-04
2.707968e-01	-1.451527e-04
2.708224e-01	-1.288116e-04
2.708480e-01	-1.129154e-04
2.708736e-01	-9.634156e-05
2.708992e-01	-8.027808e-05
2.709248e-01	-6.393092e-05
2.709504e-01	-4.811621e-05
2.709760e-01	-3.184085e-05
2.710016e-01	-1.569005e-05
2.710272e-01	2.292772e-07
2.710528e-01	1.663452e-05
2.710784e-01	3.276001e-05
2.711040e-01	4.909057e-05
2.711296e-01	6.511061e-05
2.711552e-01	8.098292e-05
2.711808e-01	9.766103e-05
2.712064e-01	1.134069e-04
2.712320e-01	1.295771e-04
2.712576e-01	1.449439e-04
2.712832e-01	1.613145e-04
2.713088e-01	1.773503e-04
2.713344e-01	1.930318e-04
2.713600e-01	2.087372e-04
2.713856e-01	2.244592e-04
2.714112e-01	2.400716e-04
2.714368e-01	2.556768e-04
2.714624e-01	2.709223e-04
2.714880e-01	2.862537e-04
2.715136e-01	3.019869e-04
2.715392e-01	3.169182e-04
2.715648e-01	3.320202e-04
2.715904e-01	3.475444e-04
2.716160e-01	3.623858e-04
2.716416e-01	3.770131e-04
2.716672e-01	3.919125e-04
2.716928e-01	4.065510e-04
2.717184e-01	4.207577e-04
2.717440e-01	4.362079e-04
2.717696e-01	4.498426e-04
2.717952e-01	4.645029e-04
2.718208e-01	4.789541e-04
2.718464e-01	4.923946e-04
2.718720e-01	5.063759e-04
2.718976e-01	5.199093e-04
2.719232e-01	5.334187e-04
2.719488e-01	5.470985e-04
2.719744e-01	5.600011e-04
2.720000e-01	5.737740e-04
2.720256e-01	5.866847e-04
2.720512e-01	5.998680e-04
2.720768e-01	6.119729e-04
2.721024e-01	6.242043e-04
2.721280e-01	6.376036e-04
2.721536e-01	6.494493e-04
2.721792e-01	6.614599e-04
2.722048e-01	6.735213e-04
2.722304e-01	6.850493e-04
2.722560e-01	6.967201e-04
2.722816e-01	7.078089e-04
2.723072e-01	7.198136e-04
2.723328e-01	7.301772e-04
2.723584e-01	7.408999e-04
2.723840e-01	7.518051e-04
2.724096e-01	7.621045e-04
2.724352e-01	7.726051e-04
2.724608e-01	7.827475e-04
2.724864e-01	7.926265e-04
2.725120e-01	8.023901e-04
2.725376e-01	8.115559e-04
2.725632e-01	8.211324e-04
2.725888e-01	8.300756e-04
2.726144e-01	8.391840e-04
2.726400e-01	8.474106e-04
2.726656e-01	8.559466e-04
2.726912e-01	8.641189e-04
2.727168e-01	8.722210e-04
2.727424e-01	8.801971e-04
2.727680e-01	8.874912e-04
2.727936e-01	8.950399e-04
2.728192e-01	9.019696e-04
2.728448e-01	9.086874e-04
2.728704e-01	9.154882e-04
2.728960e-01	9.217118e-04
2.729216e-01	9.282663e-04
2.729472e-01	9.341194e-04
2.729728e-01	9.400017e-04
2.729984e-01	9.453004e-04
2.730240e-01	9.508411e-04
2.730496e-01	9.556659e-04
2.730752e-01	9.606224e-04
2.731008e-01	9.648538e-04
2.731264e-01	9.691459e-04
2.731520e-01	9.735515e-04
2.731776e-01	9.772708e-04
2.732032e-01	9.807579e-04
2.732288e-01	9.840617e-04
2.732544e-01	9.870329e-04
2.732800e-01	9.902712e-04
2.733056e-01	9.925575e-04
2.733312e-01	9.952149e-04
2.733568e-01	9.966149e-04
2.733824e-01	9.990229e-04
2.734080e-01	1.000971e-03
2.734336e-01	1.001186e-03
2.734592e-01	1.003194e-03
2.734848e-01	1.003896e-03
2.735104e-01	1.004591e-03
2.735360e-01	1.005127e-03
2.735616e-01	1.004733e-03
2.735872e-01	1.005004e-03
2.736128e-01	1.004470e-03
2.736384e-01	1.004157e-03
2.736640e-01	1.002755e-03
2.736896e-01	1.002381e-03
2.737152e-01	1.000313e-03
2.737408e-01	9.989577e-04
2.737664e-01	9.973708e-04
2.737920e-01	9.951171e-04
2.738176e-01	9.928541e-04
2.738432e-01	9.901389e-04
2.738688e-01	9.874280e-04
2.738944e-01	9.845387e-04
2.739200e-01	9.810332e-04
2.739456e-01	9.774092e-04
2.739712e-01	9.739357e-04
2.739968e-01	9.694635e-04
2.740224e-01	9.647342e-04
2.740480e-01	9.607921e-04
2.740736e-01	9.556279e-04
2.740992e-01	9.507295e-04
2.741248e-01	9.456319e-04
2.741504e-01	9.399319e-04
2.741760e-01	9.343493e-04
2.742016e-01	9.286814e-04
2.742272e-01	9.222036e-04
2.742528e-01	9.158281e-04
2.742784e-01	9.088392e-04
2.743040e-01	9.022598e-04
2.743296e-01	8.951804e-04
2.743552e-01	8.877111e-04
2.743808e-01	8.799391e-04
2.744064e-01	8.723690e-04
2.744320e-01	8.641934e-04
2.744576e-01	8.555946e-04
2.744832e-01	8.474005e-04
2.745088e-01	8.385022e-04
2.745344e-01	8.294639e-04
2.745600e-01	8.207470e-04
2.745856e-01	8.107970e-04
2.746112e-01	8.014608e-04
2.746368e-01	7.917513e-04
2.746624e-01	7.814053e-04
2.746880e-01	7.710163e-04
2.747136e-01	7.610771e-04
2.747392e-01	7.501085e-04
2.747648e-01	7.392885e-04
2.747904e-01	7.279206e-04
2.748160e-01	7.171257e-04
2.748416e-01	7.052039e-04
2.748672e-01	6.935555e-04
2.748928e-01	6.822648e-04
2.749184e-01	6.698461e-04
2.749440e-01	6.577514e-04
2.749696e-01	6.453131e-04
2.749952e-01	6.327215e-04
2.750208e-01	6.203580e-04
2.750464e-01	6.073069e-04
2.750720e-01	5.945109e-04
2.750976e-01	5.812651e-04
2.751232e-01	5.676857e-04
2.751488e-01	5.540915e-04
2.751744e-01	5.406596e-04
2.752000e-01	5.266796e-04
2.752256e-01	5.126321e-04
2.752512e-01	4.983561e-04
2.752768e-01	4.842636e-04
2.753024e-01	4.696571e-04
2.753280e-01	4.555181e-04
2.753536e-01	4.406355e-04
2.753792e-01	4.260675e-04
2.754048e-01	4.107814e-04
2.754304e-01	3.955765e-04
2.754560e-01	3.809225e-04
2.754816e-01	3.654507e-04
2.755072e-01	3.500556e-04
2.755328e-01	3.350093e-04
2.755584e-01	3.187141e-04
2.755840e-01	3.033738e-04
2.756096e-01	2.880567e-04
2.756352e-01	2.717384e-04
2.756608e-01	2.561956e-04
2.756864e-01	2.400700e-04
2.757120e-01	2.234902e-04
2.757376e-01	2.076402e-04
2.757632e-01	1.912859e-04
2.757888e-01	1.757296e-04
2.758144e-01	1.588088e-04
2.758400e-01	1.426119e-04
2.758656e-01	1.260601e-04
2.758912e-01	1.096361e-04
2.759168e-01	9.333598e-05
2.759424e-01	7.641609e-05
2.759680e-01	6.036445e-05
2.759936e-01	4.365265e-05
2.760192e-01	2.657797e-05
2.760448e-01	1.027611e-05
2.760704e-01	-6.270221e-06
2.760960e-01	-2.291013e-05
2.761216e-01	-4.013679e-05
2.761472e-01	-5.648557e-05
2.761728e-01	-7.306828e-05
2.761984e-01	-8.971735e-05
2.762240e-01	-1.067951e-04
2.762496e-01	-1.232137e-04
2.762752e-01	-1.396360e-04
2.763008e-01	-1.560056e-04
2.763264e-01	-1.729981e-04
2.763520e-01	-1.888899e-04
2.763776e-01	-2.058561e-04
2.764032e-01	-2.227153e-04
2.764288e-01	-2.383815e-04
2.764544e-01	-2.551251e-04
2.764800e-01	-2.711964e-04
2.765056e-01	-2.871458e-04
2.765312e-01	-3.031364e-04
2.765568e-01	-3.197007e-04
2.765824e-01	-3.357540e-04
2.766080e-01	-3.507768e-04
2.766336e-01	-3.670884e-04
2.766592e-01	-3.826279e-04
2.766848e-01	-3.983452e-04
2.767104e-01	-4.136186e-04
2.767360e-01	-4.295967e-04
2.767616e-01	-4.443841e-04
2.767872e-01	-4.593446e-04
2.768128e-01	-4.746346e-04
2.768384e-01	-4.896803e-04
2.768640e-01	-5.045514e-04
2.768896e-01	-5.189980e-04
2.769152e-01	-5.338144e-04
2.769408e-01	-5.481182e-04
2.769664e-01	-5.623417e-04
2.769920e-01	-5.768943e-04
2.770176e-01	-5.905530e-04
2.770432e-01	-6.045294e-04
2.770688e-01	-6.179457e-04
2.770944e-01	-6.320598e-04
2.771200e-01	-6.448878e-04
2.771456e-01	-6.576620e-04
2.771712e-01	-6.712750e-04
2.771968e-01	-6.841660e-04
2.772224e-01	-6.964887e-04
2.772480e-01	-7.086591e-04
2.772736e-01	-7.211871e-04
2.772992e-01	-7.335966e-04
2.773248e-01	-7.449838e-04
2.773504e-01	-7.569306e-04
2.773760e-01	-7.679699e-04
2.774016e-01	-7.794563e-04
2.774272e-01	-7.904877e-04
2.774528e-01	-8.015400e-04
2.774784e-01	-8.119118e-04
2.775040e-01	-8.224476e-04
2.775296e-01	-8.330716e-04
2.775552e-01	-8.426096e-04
2.775808e-01	-8.524685e-04
2.776064e-01	-8.617533e-04
2.776320e-01	-8.709008e-04
2.776576e-01	-8.804396e-04
2.776832e-01	-8.888285e-04
2.777088e-01	-8.975723e-04
2.777344e-01	-9.058430e-04
2.777600e-01	-9.140018e-04
2.777856e-01	-9.214089e-04
2.778112e-01	-9.292715e-04
2.778368e-01	-9.367183e-04
2.778624e-01	-9.437393e-04
2.778880e-01	-9.508904e-04
2.779136e-01	-9.568182e-04
2.779392e-01	-9.632035e-04
2.779648e-01	-9.693435e-04
2.779904e-01	-9.745876e-04
2.780160e-01	-9.810292e-04
2.780416e-01	-9.854116e-04
2.780672e-01	-9.904158e-04
2.780928e-01	-9.948160e-04
2.781184e-01	-9.990841e-04
2.781440e-01	-1.003618e-03
2.781696e-01	-1.007306e-03
2.781952e-01	-1.011146e-03
2.782208e-01	-1.014330e-03
2.782464e-01	-1.017291e-03
2.782720e-01	-1.020324e-03
2.782976e-01	-1.022376e-03
2.783232e-01	-1.024856e-03
2.783488e-01	-1.026248e-03
2.783744e-01	-1.027863e-03
2.784000e-01	-1.029736e-03
2.784256e-01	-1.030649e-03
2.784512e-01	-1.031362e-03
2.784768e-01	-1.032072e-03
2.785024e-01	-1.032078e-03
2.785280e-01	-1.032275e-03
2.785536e-01	-1.031627e-03
2.785792e-01	-1.031187e-03
2.786048e-01	-1.030068e-03
2.786304e-01	-1.029082e-03
2.786560e-01	-1.027773e-03
2.786816e-01	-1.025822e-03
2.787072e-01	-1.023877e-03
2.787328e-01	-1.021890e-03
2.787584e-01	-1.019245e-03
2.787840e-01	-1.016173e-03
2.788096e-01	-1.013080e-03
2.788352e-01	-1.009638e-03
2.788608e-01	-1.006043e-03
2.788864e-01	-1.002303e-03
2.789120e-01	-9.982560e-04
2.789376e-01	-9.940244e-04
2.789632e-01	-9.888143e-04
2.789888e-01	-9.844115e-04
2.790144e-01	-9.784844e-04
2.790400e-01	-9.733448e-04
2.790656e-01	-9.678040e-04
2.790912e-01	-9.617056e-04
2.791168e-01	-9.558008e-04
2.791424e-01	-9.491166e-04
2.791680e-01	-9.421856e-04
2.791936e-01	-9.355587e-04
2.792192e-01	-9.283529e-04
2.792448e-01	-9.207369e-04
2.792704e-01	-9.126880e-04
2.792960e-01	-9.050768e-04
2.793216e-01	-8.970322e-04
2.793472e-01	-8.885486e-04
2.793728e-01	-8.800086e-04
2.793984e-01	-8.713232e-04
2.794240e-01	-8.623861e-04
2.794496e-01	-8.529502e-04
2.794752e-01	-8.434181e-04
2.795008e-01	-8.340739e-04
2.795264e-01	-8.237789e-04
2.795520e-01	-8.132517e-04
2.795776e-01	-8.031194e-04
2.796032e-01	-7.932372e-04
2.796288e-01	-7.816157e-04
2.796544e-01	-7.711002e-04
2.796800e-01	-7.599410e-04
2.797056e-01	-7.485583e-04
2.797312e-01	-7.369448e-04
2.797568e-01	-7.253864e-04
2.797824e-01	-7.135909e-04
2.798080e-01	-7.014524e-04
2.798336e-01	-6.891066e-04
2.798592e-01	-6.766333e-04
2.798848e-01	-6.641196e-04
2.799104e-01	-6.514785e-04
2.799360e-01	-6.385176e-04
2.799616e-01	-6.254133e-04
2.799872e-01	-6.123930e-04
2.800128e-01	-5.989136e-04
2.800384e-01	-5.851329e-04
2.800640e-01	-5.717154e-04
2.800896e-01	-5.578001e-04
2.801152e-01	-5.439806e-04
2.801408e-01	-5.295346e-04
2.801664e-01	-5.158887e-04
2.801920e-01	-5.013183e-04
2.802176e-01	-4.872097e-04
2.802432e-01	-4.724078e-04
2.802688e-01	-4.573348e-04
2.802944e-01	-4.430635e-04
2.803200e-01	-4.281767e-04
2.803456e-01	-4.130915e-04
2.803712e-01	-3.982007e-04
2.803968e-01	-3.828724e-04
2.804224e-01	-3.678060e-04
2.804480e-01	-3.520649e-04
2.804736e-01	-3.369559e-04
2.804992e-01	-3.213618e-04
2.805248e-01	-3.055047e-04
2.805504e-01	-2.903867e-04
2.805760e-01	-2.745382e-04
2.806016e-01	-2.583732e-04
2.806272e-01	-2.429542e-04
2.806528e-01	-2.264180e-04
2.806784e-01	-2.104292e-04
2.807040e-01	-1.949407e-04
2.807296e-01	-1.790742e-04
2.807552e-01	-1.627704e-04
2.807808e-01	-1.467319e-04
2.808064e-01	-1.308127e-04
2.808320e-01	-1.142481e-04
2.808576e-01	-9.834133e-05
2.808832e-01	-8.245563e-05
2.809088e-01	-6.565303e-05
2.809344e-01	-5.003459e-05
2.809600e-01	-3.336436e-05
2.809856e-01	-1.745336e-05
2.810112e-01	-8.088005e-07
2.810368e-01	1.499508e-05
2.810624e-01	3.109388e-05
2.810880e-01	4.774487e-05
2.811136e-01	6.314432e-05
2.811392e-01	7.963851e-05
2.811648e-01	9.599733e-05
2.811904e-01	1.116860e-04
2.812160e-01	1.276728e-04
2.812416e-01	1.437896e-04
2.812672e-01	1.599915e-04
2.812928e-01	1.752350e-04
2.813184e-01	1.914293e-04
2.813440e-01	2.067265e-04
2.813696e-01	2.230353e-04
2.813952e-01	2.384906e-04
2.814208e-01	2.538545e-04
2.814464e-01	2.697805e-04
2.814720e-01	2.846654e-04
2.814976e-01	3.002645e-04
2.815232e-01	3.155642e-04
2.815488e-01	3.305627e-04
2.815744e-01	3.459454e-04
2.816000e-01	3.608979e-04
2.816256e-01	3.760733e-04
2.816512e-01	3.902937e-04
2.816768e-01	4.050833e-04
2.817024e-01	4.196812e-04
2.817280e-01	4.342054e-04
2.817536e-01	4.487362e-04
2.817792e-01	4.626593e-04
2.818048e-01	4.768975e-04
2.818304e-01	4.913240e-04
2.818560e-01	5.046915e-04
2.818816e-01	5.188389e-04
2.819072e-01	5.321553e-04
2.819328e-01	5.456418e-04
2.819584e-01	5.590793e-04
2.819840e-01	5.722799e-04
2.820096e-01	5.848289e-04
2.820352e-01	5.979909e-04
2.820608e-01	6.112088e-04
2.820864e-01	6.232886e-04
2.821120e-01	6.361071e-04
2.821376e-01	6.485141e-04
2.821632e-01	6.599718e-04
2.821888e-01	6.722988e-04
2.822144e-01	6.837026e-04
2.822400e-01	6.954801e-04
2.822656e-01	7.068631e-04
2.822912e-01	7.182708e-04
2.823168e-01	7.296128e-04
2.823424e-01	7.399904e-04
2.823680e-01	7.507651e-04
2.823936e-01	7.614486e-04
2.824192e-01	7.712145e-04
2.824448e-01	7.818679e-04
2.824704e-01	7.912974e-04
2.824960e-01	8.013922e-04
2.825216e-01	8.109318e-04
2.825472e-01	8.200114e-04
2.825728e-01	8.289506e-04
2.825984e-01	8.377164e-04
2.826240e-01	8.470414e-04
2.826496e-01	8.550310e-04
2.826752e-01	8.632484e-04
2.827008e-01	8.717068e-04
2.827264e-01	8.788546e-04
2.827520e-01	8.867609e-04
2.827776e-01	8.940985e-04
2.828032e-01	9.014361e-04
2.828288e-01	9.081844e-04
2.828544e-01	9.148609e-04
2.828800e-01	9.211900e-04
2.829056e-01	9.277580e-04
2.829312e-01	9.337444e-04
2.829568e-01	9.394505e-04
2.829824e-01	9.447933e-04
2.830080e-01	9.499515e-04
2.830336e-01	9.552318e-04
2.830592e-01	9.598650e-04
2.830848e-01	9.642487e-04
2.831104e-01	9.684711e-04
2.831360e-01	9.726150e-04
2.831616e-01	9.770046e-04
2.831872e-01	9.803086e-04
2.832128e-01	9.840801e-04
2.832384e-01	9.868020e-04
2.832640e-01	9.895455e-04
2.832896e-01	9.922257e-04
2.833152e-01	9.947842e-04
2.833408e-01	9.968565e-04
2.833664e-01	9.987479e-04
2.833920e-01	1.000307e-03
2.834176e-01	1.001918e-03
2.834432e-01	1.003015e-03
2.834688e-01	1.003635e-03
2.834944e-01	1.004395e-03
2.835200e-01	1.005133e-03
2.835456e-01	1.004915e-03
2.835712e-01	1.005074e-03
2.835968e-01	1.004612e-03
2.836224e-01	1.003932e-03
2.836480e-01	1.003620e-03
2.836736e-01	1.002619e-03
2.836992e-01	1.000700e-03
2.837248e-01	9.993331e-04
2.837504e-01	9.974268e-04
2.837760e-01	9.953608e-04
2.838016e-01	9.927584e-04
2.838272e-01	9.902141e-04
2.838528e-01	9.877315e-04
2.838784e-01	9.847978e-04
2.839040e-01	9.809826e-04
2.839296e-01	9.779235e-04
2.839552e-01	9.742875e-04
2.839808e-01	9.699263e-04
2.840064e-01	9.656995e-04
2.840320e-01	9.613801e-04
2.840576e-01	9.562941e-04
2.840832e-01	9.515608e-04
2.841088e-01	9.464309e-04
2.841344e-01	9.405645e-04
2.841600e-01	9.347551e-04
2.841856e-01	9.287275e-04
2.842112e-01	9.224868e-04
2.842368e-01	9.164714e-04
2.842624e-01	9.095760e-04
2.842880e-01	9.029780e-04
2.843136e-01	8.954386e-04
2.843392e-01	8.884791e-04
2.843648e-01	8.808139e-04
2.843904e-01	8.726237e-04
2.844160e-01	8.649486e-04
2.844416e-01	8.565037e-04
2.844672e-01	8.479691e-04
2.844928e-01	8.394844e-04
2.845184e-01	8.302621e-04
2.845440e-01	8.212572e-04
2.845696e-01	8.119071e-04
2.845952e-01	8.024244e-04
2.846208e-01	7.922479e-04
2.846464e-01	7.824844e-04
2.846720e-01	7.720398e-04
2.846976e-01	7.620743e-04
2.847232e-01	7.510232e-04
2.847488e-01	7.401260e-04
2.847744e-01	7.292170e-04
2.848000e-01	7.177389e-04
2.848256e-01	7.068732e-04
2.848512e-01	6.947225e-04
2.848768e-01	6.825936e-04
2.849024e-01	6.711822e-04
2.849280e-01	6.588569e-04
2.849536e-01	6.466149e-04
2.849792e-01	6.338664e-04
2.850048e-01	6.212997e-04
2.850304e-01	6.081713e-04
2.850560e-01	5.954213e-04
2.850816e-01	5.822302e-04
2.851072e-01	5.688669e-04
2.851328e-01	5.554138e-04
2.851584e-01	5.417586e-04
2.851840e-01	5.277595e-04
2.852096e-01	5.139073e-04
2.852352e-01	4.996121e-04
2.852608e-01	4.855309e-04
2.852864e-01	4.711509e-04
2.853120e-01	4.562087e-04
2.853376e-01	4.416876e-04
2.853632e-01	4.272500e-04
2.853888e-01	4.123161e-04
2.854144e-01	3.972161e-04
2.854400e-01	3.818362e-04
2.854656e-01	3.671286e-04
2.854912e-01	3.512825e-04
2.855168e-01	3.361286e-04
2.855424e-01	3.206787e-04
2.855680e-01	3.051235e-04
2.855936e-01	2.889542e-04
2.856192e-01	2.733714e-04
2.856448e-01	2.576023e-04
2.856704e-01	2.412624e-04
2.856960e-01	2.255362e-04
2.857216e-01	2.093591e-04
2.857472e-01	1.929244e-04
2.857728e-01	1.768861e-04
2.857984e-01	1.604019e-04
2.858240e-01	1.441820e-04
2.858496e-01	1.274377e-04
2.858752e-01	1.112318e-04
2.859008e-01	9.499523e-05
2.859264e-01	7.793305e-05
2.859520e-01	6.166412e-05
2.859776e-01	4.522942e-05
2.860032e-01	2.788943e-05
2.860288e-01	1.190027e-05
2.860544e-01	-4.784953e-06
2.860800e-01	-2.149438e-05
2.861056e-01	-3.800611e-05
2.861312e-01	-5.481781e-05
2.861568e-01	-7.155581e-05
2.861824e-01	-8.819111e-05
2.862080e-01	-1.051048e-04
2.862336e-01	-1.210927e-04
2.862592e-01	-1.382128e-04
2.862848e-01	-1.548005e-04
2.863104e-01	-1.711570e-04
2.863360e-01	-1.875608e-04
2.863616e-01	-2.039155e-04
2.863872e-01	-2.210443e-04
2.864128e-01	-2.372074e-04
2.864384e-01	-2.529178e-04
2.864640e-01	-2.696372e-04
2.864896e-01	-2.856914e-04
2.865152e-01	-3.017427e-04
2.865408e-01	-3.177472e-04
2.865664e-01	-3.339291e-04
2.865920e-01	-3.497465e-04
2.866176e-01	-3.656981e-04
2.866432e-01	-3.812063e-04
2.866688e-01	-3.969733e-04
2.866944e-01	-4.123074e-04
2.867200e-01	-4.281425e-04
2.867456e-01	-4.429933e-04
2.867712e-01	-4.581089e-04
2.867968e-01	-4.733732e-04
2.868224e-01	-4.881374e-04
2.868480e-01	-5.031975e-04
2.868736e-01	-5.177674e-04
2.868992e-01	-5.322706e-04
2.869248e-01	-5.467714e-04
2.869504e-01	-5.610168e-04
2.869760e-01	-5.751985e-04
2.870016e-01	-5.891389e-04
2.870272e-01	-6.030364e-04
2.870528e-01	-6.163365e-04
2.870784e-01	-6.305329e-04
2.871040e-01	-6.436540e-04
2.871296e-01	-6.568892e-04
2.871552e-01	-6.697093e-04
2.871808e-01	-6.824887e-04
2.872064e-01	-6.952304e-04
2.872320e-01	-7.075835e-04
2.872576e-01	-7.203224e-04
2.872832e-01	-7.322443e-04
2.873088e-01	-7.441369e-04
2.873344e-01	-7.563250e-04
2.873600e-01	-7.671232e-04
2.873856e-01	-7.788753e-04
2.874112e-01	-7.895872e-04
2.874368e-01	-8.001744e-04
2.874624e-01	-8.112561e-04
2.874880e-01	-8.216910e-04
2.875136e-01	-8.317137e-04
2.875392e-01	-8.418022e-04
2.875648e-01	-8.514274e-04
2.875904e-01	-8.610910e-04
2.876160e-01	-8.703354e-04
2.876416e-01	-8.792065e-04
2.876672e-01	-8.878750e-04
2.876928e-01	-8.971922e-04
2.877184e-01	-9.047030e-04
2.877440e-01	-9.128013e-04
2.877696e-01	-9.209390e-04
2.877952e-01	-9.284211e-04
2.878208e-01	-9.360161e-04
2.878464e-01	-9.428218e-04
2.878720e-01	-9.498950e-04
2.878976e-01	-9.561178e-04
2.879232e-01	-9.621276e-04
2.879488e-01	-9.687977e-04
2.879744e-01	-9.739894e-04
2.880000e-01	-9.800105e-04
2.880256e-01	-9.851102e-04
2.880512e-01	-9.898059e-04
2.880768e-01	-9.944226e-04
2.881024e-01	-9.990844e-04
2.881280e-01	-1.003342e-03
2.881536e-01	-1.007190e-03
2.881792e-01	-1.010966e-03
2.882048e-01	-1.014039e-03
2.882304e-01	-1.016992e-03
2.882560e-01	-1.019871e-03
2.882816e-01	-1.022258e-03
2.883072e-01	-1.024653e-03
2.883328e-01	-1.026465e-03
2.883584e-01	-1.028470e-03
2.883840e-01	-1.029416e-03
2.884096e-01	-1.030906e-03
2.884352e-01	-1.031489e-03
2.884608e-01	-1.031813e-03
2.884864e-01	-1.032148e-03
2.885120e-01	-1.032205e-03
2.885376e-01	-1.031742e-03
2.885632e-01	-1.031382e-03
2.885888e-01	-1.030730e-03
2.886144e-01	-1.029137e-03
2.886400e-01	-1.027706e-03
2.886656e-01	-1.026476e-03
2.886912e-01	-1.024005e-03
2.887168e-01	-1.021962e-03
2.887424e-01	-1.019471e-03
2.887680e-01	-1.016600e-03
2.887936e-01	-1.013355e-03
2.888192e-01	-1.010474e-03
2.888448e-01	-1.006790e-03
2.888704e-01	-1.002671e-03
2.888960e-01	-9.990614e-04
2.889216e-01	-9.944163e-04
2.889472e-01	-9.895907e-04
2.889728e-01	-9.848919e-04
2.889984e-01	-9.790416e-04
2.890240e-01	-9.742023e-04
2.890496e-01	-9.685623e-04
2.890752e-01	-9.623052e-04
2.891008e-01	-9.563701e-04
2.891264e-01	-9.500176e-04
2.891520e-01	-9.430110e-04
2.891776e-01	-9.361490e-04
2.892032e-01	-9.286361e-04
2.892288e-01	-9.216732e-04
2.892544e-01	-9.140100e-04
2.892800e-01	-9.063151e-04
2.893056e-01	-8.979201e-04
2.893312e-01	-8.894021e-04
2.893568e-01	-8.808285e-04
2.893824e-01	-8.717336e-04
2.894080e-01	-8.630303e-04
2.894336e-01	-8.538188e-04
2.894592e-01	-8.441557e-04
2.894848e-01	-8.348302e-04
2.895104e-01	-8.247481e-04
2.895360e-01	-8.146106e-04
2.895616e-01	-8.043189e-04
2.895872e-01	-7.938512e-04
2.896128e-01	-7.829877e-04
2.896384e-01	-7.719467e-04
2.896640e-01	-7.608315e-04
2.896896e-01	-7.500077e-04
2.897152e-01	-7.380788e-04
2.897408e-01	-7.264775e-04
2.897664e-01	-7.144437e-04
2.897920e-01	-7.026398e-04
2.898176e-01	-6.901060e-04
2.898432e-01	-6.781238e-04
2.898688e-01	-6.656091e-04
2.898944e-01	-6.527033e-04
2.899200e-01	-6.399801e-04
2.899456e-01	-6.264689e-04
2.899712e-01	-6.132677e-04
2.899968e-01	-6.001298e-04
2.900224e-01	-5.868127e-04
2.900480e-01	-5.731773e-04
2.900736e-01	-5.590987e-04
2.900992e-01	-5.456624e-04
2.901248e-01	-5.313655e-04
2.901504e-01	-5.169263e-04
2.901760e-01	-5.027733e-04
2.902016e-01	-4.885858e-04
2.902272e-01	-4.738153e-04
2.902528e-01	-4.593917e-04
2.902784e-01	-4.444010e-04
2.903040e-01	-4.294656e-04
2.903296e-01	-4.143880e-04
2.903552e-01	-3.997215e-04
2.903808e-01	-3.839517e-04
2.904064e-01	-3.689056e-04
2.904320e-01	-3.538907e-04
2.904576e-01	-3.383163e-04
2.904832e-01	-3.225960e-04
2.905088e-01	-3.070356e-04
2.905344e-01	-2.916731e-04
2.905600e-01	-2.758290e-04
2.905856e-01	-2.597624e-04
2.906112e-01	-2.438576e-04
2.906368e-01	-2.285120e-04
2.906624e-01	-2.122525e-04
2.906880e-01	-1.962130e-04
2.907136e-01	-1.806157e-04
2.907392e-01	-1.637664e-04
2.907648e-01	-1.484266e-04
2.907904e-01	-1.323310e-04
2.908160e-01	-1.161942e-04
2.908416e-01	-9.966632e-05
2.908672e-01	-8.364732e-05
2.908928e-01	-6.748937e-05
2.909184e-01	-5.131348e-05
2.909440e-01	-3.494724e-05
2.909696e-01	-1.880382e-05
2.909952e-01	-2.667509e-06
2.910208e-01	1.343826e-05
2.910464e-01	2.989737e-05
2.910720e-01	4.584376e-05
2.910976e-01	6.184617e-05
2.911232e-01	7.810375e-05
2.911488e-01	9.416963e-05
2.911744e-01	1.102602e-04
2.912000e-01	1.263335e-04
2.912256e-01	1.423463e-04
2.912512e-01	1.580657e-04
2.912768e-01	1.739877e-04
2.913024e-01	1.898790e-04
2.913280e-01	2.053395e-04
2.913536e-01	2.213250e-04
2.913792e-01	2.364850e-04
2.914048e-01	2.526475e-04
2.914304e-01	2.679898e-04
2.914560e-01	2.832292e-04
2.914816e-01	2.985734e-04
2.915072e-01	3.141534e-04
2.915328e-01	3.291596e-04
2.915584e-01	3.442751e-04
2.915840e-01	3.594926e-04
2.916096e-01	3.746071e-04
2.916352e-01	3.891372e-04
2.916608e-01	4.038832e-04
2.916864e-01	4.187189e-04
2.917120e-01	4.328825e-04
2.917376e-01	4.474677e-04
2.917632e-01	4.618767e-04
2.917888e-01	4.756509e-04
2.918144e-01	4.898653e-04
2.918400e-01	5.034248e-04
2.918656e-01	5.173414e-04
2.918912e-01	5.314730e-04
2.919168e-01	5.442789e-04
2.919424e-01	5.576354e-04
2.919680e-01	5.711655e-04
2.919936e-01	5.836524e-04
2.920192e-01	5.973191e-04
2.920448e-01	6.096666e-04
2.920704e-01	6.223904e-04
2.920960e-01	6.346563e-04
2.921216e-01	6.471892e-04
2.921472e-01	6.590555e-04
2.921728e-01	6.711592e-04
2.921984e-01	6.829390e-04
2.922240e-01	6.941680e-04
2.922496e-01	7.063144e-04
2.922752e-01	7.171893e-04
2.923008e-01	7.279256e-04
2.923264e-01	7.393020e-04
2.923520e-01	7.496506e-04
2.923776e-01	7.606132e-04
2.924032e-01	7.703954e-04
2.924288e-01	7.810625e-04
2.924544e-01	7.910078e-04
2.924800e-01	7.999159e-04
2.925056e-01	8.099601e-04
2.925312e-01	8.192913e-04
2.925568e-01	8.282686e-04
2.925824e-01	8.373420e-04
2.926080e-01	8.457936e-04
2.926336e-01	8.544058e-04
2.926592e-01	8.628535e-04
2.926848e-01	8.705364e-04
2.927104e-01	8.783055e-04
2.927360e-01	8.861478e-04
2.927616e-01	8.931314e-04
2.927872e-01	9.009553e-04
2.928128e-01	9.077741e-04
2.928384e-01	9.149418e-04
2.928640e-01	9.209188e-04
2.928896e-01	9.271327e-04
2.929152e-01	9.327845e-04
2.929408e-01	9.385825e-04
2.929664e-01	9.441751e-04
2.929920e-01	9.495919e-04
2.930176e-01	9.547395e-04
2.930432e-01	9.593019e-04
2.930688e-01	9.643916e-04
2.930944e-01	9.682053e-04
2.931200e-01	9.721906e-04
2.931456e-01	9.761340e-04
2.931712e-01	9.801730e-04
2.931968e-01	9.836310e-04
2.932224e-01	9.859964e-04
2.932480e-01	9.898806e-04
2.932736e-01	9.923038e-04
2.932992e-01	9.947408e-04
2.933248e-01	9.965990e-04
2.933504e-01	9.987946e-04
2.933760e-01	1.000392e-03
2.934016e-01	1.001723e-03
2.934272e-01	1.003184e-03
2.934528e-01	1.004028e-03
2.934784e-01	1.004669e-03
2.935040e-01	1.005076e-03
2.935296e-01	1.005040e-03
2.935552e-01	1.004882e-03
2.935808e-01	1.004544e-03
2.936064e-01	1.004340e-03
2.936320e-01	1.003234e-03
2.936576e-01	1.002425e-03
2.936832e-01	1.000901e-03
2.937088e-01	9.994135e-04
2.937344e-01	9.972972e-04
2.937600e-01	9.956404e-04
2.937856e-01	9.934475e-04
2.938112e-01	9.908978e-04
2.938368e-01	9.883440e-04
2.938624e-01	9.851267e-04
2.938880e-01	9.820503e-04
2.939136e-01	9.784183e-04
2.939392e-01	9.748526e-04
2.939648e-01	9.705843e-04
2.939904e-01	9.661673e-04
2.940160e-01	9.621809e-04
2.940416e-01	9.570564e-04
2.940672e-01	9.519283e-04
2.940928e-01	9.466851e-04
2.941184e-01	9.418406e-04
2.941440e-01	9.353932e-04
2.941696e-01	9.299085e-04
2.941952e-01	9.238777e-04
2.942208e-01	9.168375e-04
2.942464e-01	9.103572e-04
2.942720e-01	9.036345e-04
2.942976e-01	8.965741e-04
2.943232e-01	8.891700e-04
2.943488e-01	8.814057e-04
2.943744e-01	8.738151e-04
2.944000e-01	8.654257e-04
2.944256e-01	8.574831e-04
2.944512e-01	8.488447e-04
2.944768e-01	8.403368e-04
2.945024e-01	8.311156e-04
2.945280e-01	8.217162e-04
2.945536e-01	8.125312e-04
2.945792e-01	8.034427e-04
2.946048e-01	7.930801e-04
2.946304e-01	7.832558e-04
2.946560e-01	7.731362e-04
2.946816e-01	7.624406e-04
2.947072e-01	7.523271e-04
2.947328e-01	7.412301e-04
2.947584e-01	7.300230e-04
2.947840e-01	7.189784e-04
2.948096e-01	7.076632e-04
2.948352e-01	6.958792e-04
2.948608e-01	6.841696e-04
2.948864e-01	6.724943e-04
2.949120e-01	6.595560e-04
2.949376e-01	6.477066e-04
2.949632e-01	6.350044e-04
2.949888e-01	6.228028e-04
2.950144e-01	6.096117e-04
2.950400e-01	5.964504e-04
2.950656e-01	5.837753e-04
2.950912e-01	5.700611e-04
2.951168e-01	5.569770e-04
2.951424e-01	5.431660e-04
2.951680e-01	5.291455e-04
2.951936e-01	5.157160e-04
2.952192e-01	5.010668e-04
2.952448e-01	4.869144e-04
2.952704e-01	4.722352e-04
2.952960e-01	4.582847e-04
2.953216e-01	4.435038e-04
2.953472e-01	4.288600e-04
2.953728e-01	4.138714e-04
2.953984e-01	3.984937e-04
2.954240e-01	3.836531e-04
2.954496e-01	3.683886e-04
2.954752e-01	3.530289e-04
2.955008e-01	3.377750e-04
2.955264e-01	3.219492e-04
2.955520e-01	3.065074e-04
2.955776e-01	2.908437e-04
2.956032e-01	2.748028e-04
2.956288e-01	2.588022e-04
2.956544e-01	2.431165e-04
2.956800e-01	2.267550e-04
2.957056e-01	2.109404e-04
2.957312e-01	1.943059e-04
2.957568e-01	1.782164e-04
2.957824e-01	1.624223e-04
2.958080e-01	1.456580e-04
2.958336e-01	1.291230e-04
2.958592e-01	1.127493e-04
2.958848e-01	9.633243e-05
2.959104e-01	7.983766e-05
2.959360e-01	6.290761e-05
2.959616e-01	4.689429e-05
2.959872e-01	2.997900e-05
2.960128e-01	1.312581e-05
2.960384e-01	-3.548278e-06
2.960640e-01	-2.026386e-05
2.960896e-01	-3.655386e-05
2.961152e-01	-5.319888e-05
2.961408e-01	-7.031095e-05
2.961664e-01	-8.624679e-05
2.961920e-01	-1.036228e-04
2.962176e-01	-1.200187e-04
2.962432e-01	-1.362373e-04
2.962688e-01	-1.531900e-04
2.962944e-01	-1.691773e-04
2.963200e-01	-1.860880e-04
2.963456e-01	-2.029257e-04
2.963712e-01	-2.187324e-04
2.963968e-01	-2.353750e-04
2.964224e-01	-2.514785e-04
2.964480e-01	-2.678254e-04
2.964736e-01	-2.840283e-04
2.964992e-01	-3.001739e-04
2.965248e-01	-3.163533e-04
2.965504e-01	-3.326380e-04
2.965760e-01	-3.483441e-04
2.966016e-01	-3.642884e-04
2.966272e-01	-3.796051e-04
2.966528e-01	-3.953537e-04
2.966784e-01	-4.109042e-04
2.967040e-01	-4.264169e-04
2.967296e-01	-4.415819e-04
2.967552e-01	-4.565689e-04
2.967808e-01	-4.718640e-04
2.968064e-01	-4.868877e-04
2.968320e-01	-5.015454e-04
2.968576e-01	-5.166069e-04
2.968832e-01	-5.308969e-04
2.969088e-01	-5.455850e-04
2.969344e-01	-5.596782e-04
2.969600e-01	-5.736385e-04
2.969856e-01	-5.881689e-04
2.970112e-01	-6.015675e-04
2.970368e-01	-6.152617e-04
2.970624e-01	-6.292737e-04
2.970880e-01	-6.421860e-04
2.971136e-01	-6.557551e-04
2.971392e-01	-6.689561e-04
2.971648e-01	-6.815217e-04
2.971904e-01	-6.939768e-04
2.972160e-01	-7.065382e-04
2.972416e-01	-7.187783e-04
2.972672e-01	-7.312138e-04
2.972928e-01	-7.426899e-04
2.973184e-01	-7.548679e-04
2.973440e-01	-7.663069e-04
2.973696e-01	-7.775172e-04
2.973952e-01	-7.884995e-04
2.974208e-01	-7.991602e-04
2.974464e-01	-8.100342e-04
2.974720e-01	-8.204759e-04
2.974976e-01	-8.307071e-04
2.975232e-01	-8.410407e-04
2.975488e-01	-8.504337e-04
2.975744e-01	-8.605298e-04
2.976000e-01	-8.696761e-04
2.976256e-01	-8.783414e-04
2.976512e-01	-8.875639e-04
2.976768e-01	-8.960594e-04
2.977024e-01	-9.040185e-04
2.977280e-01	-9.125395e-04
2.977536e-01	-9.203394e-04
2.977792e-01	-9.281739e-04
2.978048e-01	-9.351574e-04
2.978304e-01	-9.422792e-04
2.978560e-01	-9.494844e-04
2.978816e-01	-9.560812e-04
2.979072e-01	-9.622631e-04
2.979328e-01	-9.681993e-04
2.979584e-01	-9.739748e-04
2.979840e-01	-9.797288e-04
2.980096e-01	-9.846878e-04
2.980352e-01	-9.898071e-04
2.980608e-01	-9.943709e-04
2.980864e-01	-9.987067e-04
2.981120e-01	-1.003184e-03
2.981376e-01	-1.006705e-03
2.981632e-01	-1.010148e-03
2.981888e-01	-1.013837e-03
2.982144e-01	-1.016692e-03
2.982400e-01	-1.019487e-03
2.982656e-01	-1.021959e-03
2.982912e-01	-1.024491e-03
2.983168e-01	-1.026515e-03
2.983424e-01	-1.028575e-03
2.983680e-01	-1.029046e-03
2.983936e-01	-1.030633e-03
2.984192e-01	-1.031371e-03
2.984448e-01	-1.031922e-03
2.984704e-01	-1.031890e-03
2.984960e-01	-1.032094e-03
2.985216e-01	-1.032235e-03
2.985472e-01	-1.031084e-03
2.985728e-01	-1.030643e-03
2.985984e-01	-1.029316e-03
2.986240e-01	-1.027898e-03
2.986496e-01	-1.026077e-03
2.986752e-01	-1.024174e-03
2.987008e-01	-1.022293e-03
2.987264e-01	-1.019194e-03
2.987520e-01	-1.016989e-03
2.987776e-01	-1.014058e-03
2.988032e-01	-1.010857e-03
2.988288e-01	-1.006716e-03
2.988544e-01	-1.003657e-03
2.988800e-01	-9.991998e-04
2.989056e-01	-9.946320e-04
2.989312e-01	-9.905811e-04
2.989568e-01	-9.855754e-04
2.989824e-01	-9.800611e-04
2.990080e-01	-9.744188e-04
2.990336e-01	-9.689246e-04
2.990592e-01	-9.626768e-04
2.990848e-01	-9.572435e-04
2.991104e-01	-9.509785e-04
2.991360e-01	-9.437553e-04
2.991616e-01	-9.370930e-04
2.991872e-01	-9.294118e-04
2.992128e-01	-9.223071e-04
2.992384e-01	-9.144977e-04
2.992640e-01	-9.066664e-04
2.992896e-01	-8.984976e-04
2.993152e-01	-8.904847e-04
2.993408e-01	-8.817195e-04
2.993664e-01	-8.728238e-04
2.993920e-01	-8.636087e-04
2.994176e-01	-8.546560e-04
2.994432e-01	-8.450671e-04
2.994688e-01	-8.351522e-04
2.994944e-01	-8.257668e-04
2.995200e-01	-8.160333e-04
2.995456e-01	-8.050562e-04
2.995712e-01	-7.946419e-04
2.995968e-01	-7.840709e-04
2.996224e-01	-7.729061e-04
2.996480e-01	-7.618206e-04
2.996736e-01	-7.503822e-04
2.996992e-01	-7.388590e-04
2.997248e-01	-7.275573e-04
2.997504e-01	-7.154322e-04
2.997760e-01	-7.035601e-04
2.998016e-01	-6.913092e-04
2.998272e-01	-6.788181e-04
2.998528e-01	-6.663972e-04
2.998784e-01	-6.538544e-04
2.999040e-01	-6.407581e-04
2.999296e-01	-6.277568e-04
2.999552e-01	-6.143954e-04
2.999808e-01	-6.016986e-04
3.000064e-01	-5.876043e-04
3.000320e-01	-5.741022e-04
3.000576e-01	-5.605726e-04
3.000832e-01	-5.464799e-04
3.001088e-01	-5.321654e-04
3.001344e-01	-5.184389e-04
3.001600e-01	-5.040439e-04
3.001856e-01	-4.896388e-04
3.002112e-01	-4.753037e-04
3.002368e-01	-4.599879e-04
3.002624e-01	-4.457115e-04
3.002880e-01	-4.306089e-04
3.003136e-01	-4.158885e-04
3.003392e-01	-4.009320e-04
3.003648e-01	-3.854754e-04
3.003904e-01	-3.707671e-04
3.004160e-01	-3.548120e-04
3.004416e-01	-3.397542e-04
3.004672e-01	-3.239078e-04
3.004928e-01	-3.086575e-04
3.005184e-01	-2.931788e-04
3.005440e-01	-2.775565e-04
3.005696e-01	-2.613746e-04
3.005952e-01	-2.457349e-04
3.006208e-01	-2.298964e-04
3.006464e-01	-2.138911e-04
3.006720e-01	-1.975808e-04
3.006976e-01	-1.820160e-04
3.007232e-01	-1.662698e-04
3.007488e-01	-1.494864e-04
3.007744e-01	-1.338244e-04
3.008000e-01	-1.176126e-04
3.008256e-01	-1.011859e-04
3.008512e-01	-8.507739e-05
3.008768e-01	-6.912710e-05
3.009024e-01	-5.290426e-05
3.009280e-01	-3.649582e-05
3.009536e-01	-2.051760e-05
3.009792e-01	-4.034962e-06
3.010048e-01	1.150346e-05
3.010304e-01	2.832538e-05
3.010560e-01	4.400925e-05
3.010816e-01	6.055767e-05
3.011072e-01	7.675491e-05
3.011328e-01	9.224783e-05
3.011584e-01	1.083902e-04
3.011840e-01	1.246104e-04
3.012096e-01	1.405419e-04
3.012352e-01	1.569480e-04
3.012608e-01	1.725179e-04
3.012864e-01	1.883967e-04
3.013120e-01	2.042436e-04
3.013376e-01	2.197169e-04
3.013632e-01	2.354116e-04
3.013888e-01	2.509319e-04
3.014144e-01	2.665053e-04
3.014400e-01	2.819609e-04
3.014656e-01	2.973645e-04
3.014912e-01	3.126412e-04
3.015168e-01	3.277597e-04
3.015424e-01	3.429856e-04
3.015680e-01	3.577538e-04
3.015936e-01	3.729833e-04
3.016192e-01	3.874027e-04
3.016448e-01	4.021641e-04
3.016704e-01	4.169145e-04
3.016960e-01	4.315104e-04
3.017216e-01	4.458603e-04
3.017472e-01	4.600781e-04
3.017728e-01	4.741491e-04
3.017984e-01	4.880388e-04
3.018240e-01	5.020074e-04
3.018496e-01	5.160479e-04
3.018752e-01	5.292241e-04
3.019008e-01	5.431300e-04
3.019264e-01	5.563216e-04
3.019520e-01	5.694590e-04
3.019776e-01	5.827700e-04
3.020032e-01	5.957535e-04
3.020288e-01	6.079984e-04
3.020544e-01	6.208188e-04
3.020800e-01	6.334329e-04
3.021056e-01	6.457191e-04
3.021312e-01	6.580532e-04
3.021568e-01	6.699503e-04
3.021824e-01	6.815782e-04
3.022080e-01	6.932045e-04
3.022336e-01	7.041995e-04
3.022592e-01	7.162580e-04
3.022848e-01	7.271584e-04
3.023104e-01	7.379524e-04
3.023360e-01	7.486076e-04
3.023616e-01	7.592317e-04
3.023872e-01	7.699225e-04
3.024128e-01	7.794152e-04
3.024384e-01	7.894785e-04
3.024640e-01	7.992429e-04
3.024896e-01	8.086804e-04
3.025152e-01	8.185782e-04
3.025408e-01	8.275034e-04
3.025664e-01	8.363769e-04
3.025920e-01	8.448797e-04
3.026176e-01	8.534566e-04
3.026432e-01	8.613957e-04
3.026688e-01	8.699747e-04
3.026944e-01	8.773031e-04
3.027200e-01	8.850981e-04
3.027456e-01	8.928750e-04
3.027712e-01	8.998339e-04
3.027968e-01	9.067035e-04
3.028224e-01	9.134226e-04
3.028480e-01	9.197821e-04
3.028736e-01	9.263817e-04
3.028992e-01	9.325292e-04
3.029248e-01	9.379374e-04
3.029504e-01	9.435916e-04
3.029760e-01	9.490174e-04
3.030016e-01	9.539939e-04
3.030272e-01	9.586489e-04
3.030528e-01	9.628485e-04
3.030784e-01	9.677866e-04
3.031040e-01	9.716056e-04
3.031296e-01	9.759192e-04
3.031552e-01	9.792212e-04
3.031808e-01	9.827962e-04
3.032064e-01	9.859831e-04
3.032320e-01	9.888608e-04
3.032576e-01	9.920162e-04
3.032832e-01	9.936522e-04
3.033088e-01	9.959794e-04
3.033344e-01	9.983367e-04
3.033600e-01	9.995747e-04
3.033856e-01	1.001561e-03
3.034112e-01	1.002641e-03
3.034368e-01	1.003311e-03
3.034624e-01	1.004474e-03
3.034880e-01	1.004803e-03
3.035136e-01	1.004701e-03
3.035392e-01	1.005147e-03
3.035648e-01	1.004396e-03
3.035904e-01	1.004519e-03
3.036160e-01	1.003685e-03
3.036416e-01	1.002706e-03
3.036672e-01	1.001278e-03
3.036928e-01	9.995967e-04
3.037184e-01	9.981162e-04
3.037440e-01	9.955768e-04
3.037696e-01	9.932173e-04
3.037952e-01	9.908698e-04
3.038208e-01	9.876993e-04
3.038464e-01	9.853338e-04
3.038720e-01	9.819022e-04
3.038976e-01	9.782102e-04
3.039232e-01	9.744160e-04
3.039488e-01	9.707393e-04
3.039744e-01	9.666675e-04
3.040000e-01	9.617661e-04
3.040256e-01	9.575394e-04
3.040512e-01	9.520858e-04
3.040768e-01	9.465836e-04
3.041024e-01	9.421300e-04
3.041280e-01	9.354538e-04
3.041536e-01	9.298715e-04
3.041792e-01	9.241705e-04
3.042048e-01	9.178696e-04
3.042304e-01	9.106679e-04
3.042560e-01	9.038660e-04
3.042816e-01	8.969558e-04
3.043072e-01	8.894797e-04
3.043328e-01	8.820485e-04
3.043584e-01	8.740770e-04
3.043840e-01	8.662466e-04
3.044096e-01	8.581290e-04
3.044352e-01	8.493086e-04
3.044608e-01	8.409515e-04
3.044864e-01	8.318110e-04
3.045120e-01	8.230478e-04
3.045376e-01	8.134393e-04
3.045632e-01	8.037726e-04
3.045888e-01	7.943799e-04
3.046144e-01	7.845007e-04
3.046400e-01	7.743128e-04
3.046656e-01	7.635952e-04
3.046912e-01	7.529618e-04
3.047168e-01	7.422708e-04
3.047424e-01	7.313751e-04
3.047680e-01	7.200144e-04
3.047936e-01	7.085611e-04
3.048192e-01	6.977139e-04
3.048448e-01	6.848924e-04
3.048704e-01	6.733715e-04
3.048960e-01	6.611147e-04
3.049216e-01	6.487418e-04
3.049472e-01	6.364543e-04
3.049728e-01	6.238129e-04
3.049984e-01	6.109676e-04
3.050240e-01	5.979001e-04
3.050496e-01	5.847279e-04
3.050752e-01	5.714765e-04
3.051008e-01	5.581454e-04
3.051264e-01	5.442717e-04
3.051520e-01	5.302798e-04
3.051776e-01	5.168946e-04
3.052032e-01	5.026744e-04
3.052288e-01	4.883029e-04
3.052544e-01	4.739474e-04
3.052800e-01	4.595995e-04
3.053056e-01	4.448902e-04
3.053312e-01	4.301233e-04
3.053568e-01	4.155004e-04
3.053824e-01	4.003319e-04
3.054080e-01	3.852476e-04
3.054336e-01	3.700633e-04
3.054592e-01	3.545735e-04
3.054848e-01	3.395973e-04
3.055104e-01	3.235935e-04
3.055360e-01	3.083266e-04
3.055616e-01	2.921369e-04
3.055872e-01	2.766718e-04
3.056128e-01	2.608417e-04
3.056384e-01	2.445461e-04
3.056640e-01	2.285699e-04
3.056896e-01	2.126812e-04
3.057152e-01	1.961032e-04
3.057408e-01	1.799470e-04
3.057664e-01	1.641770e-04
3.057920e-01	1.473687e-04
3.058176e-01	1.309487e-04
3.058432e-01	1.148221e-04
3.058688e-01	9.765090e-05
3.058944e-01	8.140348e-05
3.059200e-01	6.502677e-05
3.059456e-01	4.831898e-05
3.059712e-01	3.154416e-05
3.059968e-01	1.500646e-05
3.060224e-01	-1.700377e-06
3.060480e-01	-1.820427e-05
3.060736e-01	-3.500708e-05
3.060992e-01	-5.137943e-05
3.061248e-01	-6.823725e-05
3.061504e-01	-8.490054e-05
3.061760e-01	-1.012183e-04
3.062016e-01	-1.180440e-04
3.062272e-01	-1.346269e-04
3.062528e-01	-1.513140e-04
3.062784e-01	-1.681488e-04
3.063040e-01	-1.838892e-04
3.063296e-01	-2.011267e-04
3.063552e-01	-2.174114e-04
3.063808e-01	-2.333274e-04
3.064064e-01	-2.500773e-04
3.064320e-01	-2.664528e-04
3.064576e-01	-2.824197e-04
3.064832e-01	-2.986649e-04
3.065088e-01	-3.144959e-04
3.065344e-01	-3.303221e-04
3.065600e-01	-3.464526e-04
3.065856e-01	-3.624705e-04
3.066112e-01	-3.780758e-04
3.066368e-01	-3.937757e-04
3.066624e-01	-4.090290e-04
3.066880e-01	-4.246687e-04
3.067136e-01	-4.400586e-04
3.067392e-01	-4.555022e-04
3.067648e-01	-4.699417e-04
3.067904e-01	-4.852911e-04
3.068160e-01	-5.000784e-04
3.068416e-01	-5.146419e-04
3.068672e-01	-5.294958e-04
3.068928e-01	-5.436515e-04
3.069184e-01	-5.582608e-04
3.069440e-01	-5.720857e-04
3.069696e-01	-5.858456e-04
3.069952e-01	-6.004376e-04
3.070208e-01	-6.141472e-04
3.070464e-01	-6.275966e-04
3.070720e-01	-6.405834e-04
3.070976e-01	-6.543715e-04
3.071232e-01	-6.673849e-04
3.071488e-01	-6.797467e-04
3.071744e-01	-6.930024e-04
3.072000e-01	-7.055824e-04
3.072256e-01	-7.173117e-04
3.072512e-01	-7.301675e-04
3.072768e-01	-7.413393e-04
3.073024e-01	-7.533656e-04
3.073280e-01	-7.647219e-04
3.073536e-01	-7.763937e-04
3.073792e-01	-7.877341e-04
3.074048e-01	-7.980242e-04
3.074304e-01	-8.091642e-04
3.074560e-01	-8.192429e-04
3.074816e-01	-8.293235e-04
3.075072e-01	-8.399581e-04
3.075328e-01	-8.496284e-04
3.075584e-01	-8.590457e-04
3.075840e-01	-8.685763e-04
3.076096e-01	-8.773932e-04
3.076352e-01	-8.860505e-04
3.076608e-01	-8.949106e-04
3.076864e-01	-9.030104e-04
3.077120e-01	-9.115706e-04
3.077376e-01	-9.193713e-04
3.077632e-01	-9.269807e-04
3.077888e-01	-9.342565e-04
3.078144e-01	-9.413280e-04
3.078400e-01	-9.481251e-04
3.078656e-01	-9.547899e-04
3.078912e-01	-9.608734e-04
3.079168e-01	-9.676048e-04
3.079424e-01	-9.728904e-04
3.079680e-01	-9.786208e-04
3.079936e-01	-9.841932e-04
3.080192e-01	-9.888312e-04
3.080448e-01	-9.937402e-04
3.080704e-01	-9.980907e-04
3.080960e-01	-1.002008e-03
3.081216e-01	-1.006311e-03
3.081472e-01	-1.009682e-03
3.081728e-01	-1.013138e-03
3.081984e-01	-1.016360e-03
3.082240e-01	-1.018883e-03
3.082496e-01	-1.021872e-03
3.082752e-01	-1.024162e-03
3.083008e-01	-1.025723e-03
3.083264e-01	-1.027904e-03
3.083520e-01	-1.029175e-03
3.083776e-01	-1.030488e-03
3.084032e-01	-1.031079e-03
3.084288e-01	-1.031833e-03
3.084544e-01	-1.032138e-03
3.084800e-01	-1.032142e-03
3.085056e-01	-1.031668e-03
3.085312e-01	-1.031306e-03
3.085568e-01	-1.030625e-03
3.085824e-01	-1.029460e-03
3.086080e-01	-1.027912e-03
3.086336e-01	-1.026411e-03
3.086592e-01	-1.024932e-03
3.086848e-01	-1.022106e-03
3.087104e-01	-1.019442e-03
3.087360e-01	-1.017187e-03
3.087616e-01	-1.013831e-03
3.087872e-01	-1.011208e-03
3.088128e-01	-1.007589e-03
3.088384e-01	-1.003737e-03
3.088640e-01	-9.988160e-04
3.088896e-01	-9.949042e-04
3.089152e-01	-9.904294e-04
3.089408e-01	-9.854800e-04
3.089664e-01	-9.806402e-04
3.089920e-01	-9.750628e-04
3.090176e-01	-9.692670e-04
3.090432e-01	-9.631858e-04
3.090688e-01	-9.571000e-04
3.090944e-01	-9.509194e-04
3.091200e-01	-9.443270e-04
3.091456e-01	-9.375185e-04
3.091712e-01	-9.304602e-04
3.091968e-01	-9.226234e-04
3.092224e-01	-9.150436e-04
3.092480e-01	-9.075701e-04
3.092736e-01	-8.989700e-04
3.092992e-01	-8.911885e-04
3.093248e-01	-8.825246e-04
3.093504e-01	-8.736437e-04
3.093760e-01	-8.646019e-04
3.094016e-01	-8.558125e-04
3.094272e-01	-8.455843e-04
3.094528e-01	-8.362797e-04
3.094784e-01	-8.269443e-04
3.095040e-01	-8.161510e-04
3.095296e-01	-8.061925e-04
3.095552e-01	-7.959066e-04
3.095808e-01	-7.850605e-04
3.096064e-01	-7.740075e-04
3.096320e-01	-7.628884e-04
3.096576e-01	-7.521722e-04
3.096832e-01	-7.400133e-04
3.097088e-01	-7.285732e-04
3.097344e-01	-7.170155e-04
3.097600e-01	-7.050358e-04
3.097856e-01	-6.924093e-04
3.098112e-01	-6.804626e-04
3.098368e-01	-6.678511e-04
3.098624e-01	-6.547900e-04
3.098880e-01	-6.422701e-04
3.099136e-01	-6.291288e-04
3.099392e-01	-6.162596e-04
3.099648e-01	-6.028955e-04
3.099904e-01	-5.892055e-04
3.100160e-01	-5.757108e-04
3.100416e-01	-5.617035e-04
3.100672e-01	-5.483116e-04
3.100928e-01	-5.336279e-04
3.101184e-01	-5.199835e-04
3.101440e-01	-5.055276e-04
3.101696e-01	-4.910548e-04
3.101952e-01	-4.768145e-04
3.102208e-01	-4.619073e-04
3.102464e-01	-4.472290e-04
3.102720e-01	-4.325671e-04
3.102976e-01	-4.174999e-04
3.103232e-01	-4.024674e-04
3.103488e-01	-3.869955e-04
3.103744e-01	-3.714301e-04
3.104000e-01	-3.564516e-04
3.104256e-01	-3.409525e-04
3.104512e-01	-3.255929e-04
3.104768e-01	-3.103526e-04
3.105024e-01	-2.945027e-04
3.105280e-01	-2.790969e-04
3.105536e-01	-2.626949e-04
3.105792e-01	-2.472950e-04
3.106048e-01	-2.312859e-04
3.106304e-01	-2.151635e-04
3.106560e-01	-1.996137e-04
3.106816e-01	-1.833828e-04
3.107072e-01	-1.670547e-04
3.107328e-01	-1.513349e-04
3.107584e-01	-1.352954e-04
3.107840e-01	-1.193743e-04
3.108096e-01	-1.029205e-04
3.108352e-01	-8.681115e-05
3.108608e-01	-7.050652e-05
3.108864e-01	-5.474993e-05
3.109120e-01	-3.831930e-05
3.109376e-01	-2.222292e-05
3.109632e-01	-5.740588e-06
3.109888e-01	1.028372e-05
3.110144e-01	2.640069e-05
3.110400e-01	4.275413e-05
3.110656e-01	5.859131e-05
3.110912e-01	7.497996e-05
3.111168e-01	9.077275e-05
3.111424e-01	1.071233e-04
3.111680e-01	1.230527e-04
3.111936e-01	1.387341e-04
3.112192e-01	1.548237e-04
3.112448e-01	1.708134e-04
3.112704e-01	1.868936e-04
3.112960e-01	2.017975e-04
3.113216e-01	2.179978e-04
3.113472e-01	2.335896e-04
3.113728e-01	2.489977e-04
3.113984e-01	2.649302e-04
3.114240e-01	2.804540e-04
3.114496e-01	2.956345e-04
3.114752e-01	3.113422e-04
3.115008e-01	3.259546e-04
3.115264e-01	3.414278e-04
3.115520e-01	3.563560e-04
3.115776e-01	3.714297e-04
3.116032e-01	3.863067e-04
3.116288e-01	4.009452e-04
3.116544e-01	4.153182e-04
3.116800e-01	4.296438e-04
3.117056e-01	4.443472e-04
3.117312e-01	4.586227e-04
3.117568e-01	4.725261e-04
3.117824e-01	4.866783e-04
3.118080e-01	5.007801e-04
3.118336e-01	5.145326e-04
3.118592e-01	5.282273e-04
3.118848e-01	5.417948e-04
3.119104e-01	5.552202e-04
3.119360e-01	5.683416e-04
3.119616e-01	5.810619e-04
3.119872e-01	5.947010e-04
3.120128e-01	6.070304e-04
3.120384e-01	6.199837e-04
3.120640e-01	6.322740e-04
3.120896e-01	6.440859e-04
3.121152e-01	6.566094e-04
3.121408e-01	6.687110e-04
3.121664e-01	6.801839e-04
3.121920e-01	6.923607e-04
3.122176e-01	7.035630e-04
3.122432e-01	7.146279e-04
3.122688e-01	7.258737e-04
3.122944e-01	7.364574e-04
3.123200e-01	7.475563e-04
3.123456e-01	7.578771e-04
3.123712e-01	7.683725e-04
3.123968e-01	7.789641e-04
3.124224e-01	7.882250e-04
3.124480e-01	7.984883e-04
3.124736e-01	8.075928e-04
3.124992e-01	8.171030e-04
3.125248e-01	8.262852e-04
3.125504e-01	8.352891e-04
3.125760e-01	8.440277e-04
3.126016e-01	8.527240e-04
3.126272e-01	8.608954e-04
3.126528e-01	8.689705e-04
3.126784e-01	8.769129e-04
3.127040e-01	8.840630e-04
3.127296e-01	8.918708e-04
3.127552e-01	8.989241e-04
3.127808e-01	9.058347e-04
3.128064e-01	9.133091e-04
3.128320e-01	9.193001e-04
3.128576e-01	9.253972e-04
3.128832e-01	9.312776e-04
3.129088e-01	9.380191e-04
3.129344e-01	9.431288e-04
3.129600e-01	9.483920e-04
3.129856e-01	9.535977e-04
3.130112e-01	9.580853e-04
3.130368e-01	9.630233e-04
3.130624e-01	9.676140e-04
3.130880e-01	9.718302e-04
3.131136e-01	9.754711e-04
3.131392e-01	9.789950e-04
3.131648e-01	9.829949e-04
3.131904e-01	9.856900e-04
3.132160e-01	9.891101e-04
3.132416e-01	9.916927e-04
3.132672e-01	9.938901e-04
3.132928e-01	9.961906e-04
3.133184e-01	9.979783e-04
3.133440e-01	9.997999e-04
3.133696e-01	1.001257e-03
3.133952e-01	1.002674e-03
3.134208e-01	1.003383e-03
3.134464e-01	1.004286e-03
3.134720e-01	1.004832e-03
3.134976e-01	1.004723e-03
3.135232e-01	1.005446e-03
3.135488e-01	1.004564e-03
3.135744e-01	1.004106e-03
3.136000e-01	1.003256e-03
3.136256e-01	1.002832e-03
3.136512e-01	1.001341e-03
3.136768e-01	9.997145e-04
3.137024e-01	9.977423e-04
3.137280e-01	9.957852e-04
3.137536e-01	9.941381e-04
3.137792e-01	9.912371e-04
3.138048e-01	9.883926e-04
3.138304e-01	9.856973e-04
3.138560e-01	9.822665e-04
3.138816e-01	9.791246e-04
3.139072e-01	9.751485e-04
3.139328e-01	9.711777e-04
3.139584e-01	9.669123e-04
3.139840e-01	9.623528e-04
3.140096e-01	9.579636e-04
3.140352e-01	9.528727e-04
3.140608e-01	9.473081e-04
3.140864e-01	9.423142e-04
3.141120e-01	9.367462e-04
3.141376e-01	9.308508e-04
3.141632e-01	9.247269e-04
3.141888e-01	9.183639e-04
3.142144e-01	9.114295e-04
3.142400e-01	9.049571e-04
3.142656e-01	8.975891e-04
3.142912e-01	8.905557e-04
3.143168e-01	8.827756e-04
3.143424e-01	8.748487e-04
3.143680e-01	8.670171e-04
3.143936e-01	8.585768e-04
3.144192e-01	8.502841e-04
3.144448e-01	8.417764e-04
3.144704e-01	8.326017e-04
3.144960e-01	8.238612e-04
3.145216e-01	8.146048e-04
3.145472e-01	8.048592e-04
3.145728e-01	7.949593e-04
3.145984e-01	7.854702e-04
3.146240e-01	7.746008e-04
3.146496e-01	7.645234e-04
3.146752e-01	7.541504e-04
3.147008e-01	7.428384e-04
3.147264e-01	7.327029e-04
3.147520e-01	7.212026e-04
3.147776e-01	7.096769e-04
3.148032e-01	6.984799e-04
3.148288e-01	6.863467e-04
3.148544e-01	6.745562e-04
3.148800e-01	6.620273e-04
3.149056e-01	6.503201e-04
3.149312e-01	6.378737e-04
3.149568e-01	6.251244e-04
3.149824e-01	6.119998e-04
3.150080e-01	5.994718e-04
3.150336e-01	5.859949e-04
3.150592e-01	5.727619e-04
3.150848e-01	5.594564e-04
3.151104e-01	5.457547e-04
3.151360e-01	5.318489e-04
3.151616e-01	5.176893e-04
3.151872e-01	5.041533e-04
3.152128e-01	4.896973e-04
3.152384e-01	4.755499e-04
3.152640e-01	4.611815e-04
3.152896e-01	4.459228e-04
3.153152e-01	4.314662e-04
3.153408e-01	4.165435e-04
3.153664e-01	4.017985e-04
3.153920e-01	3.862976e-04
3.154176e-01	3.714599e-04
3.154432e-01	3.559724e-04
3.154688e-01	3.405792e-04
3.154944e-01	3.251676e-04
3.155200e-01	3.095152e-04
3.155456e-01	2.940035e-04
3.155712e-01	2.778504e-04
3.155968e-01	2.620475e-04
3.156224e-01	2.464876e-04
3.156480e-01	2.299731e-04
3.156736e-01	2.142716e-04
3.156992e-01	1.976276e-04
3.157248e-01	1.814726e-04
3.157504e-01	1.653702e-04
3.157760e-01	1.488365e-04
3.158016e-01	1.327060e-04
3.158272e-01	1.163054e-04
3.158528e-01	9.944472e-05
3.158784e-01	8.312792e-05
3.159040e-01	6.676123e-05
3.159296e-01	5.011895e-05
3.159552e-01	3.335734e-05
3.159808e-01	1.704549e-05
3.160064e-01	3.824742e-07
3.160320e-01	-1.659120e-05
3.160576e-01	-3.327271e-05
3.160832e-01	-5.000917e-05
3.161088e-01	-6.653245e-05
3.161344e-01	-8.315912e-05
3.161600e-01	-1.003289e-04
3.161856e-01	-1.167204e-04
3.162112e-01	-1.333686e-04
3.162368e-01	-1.495987e-04
3.162624e-01	-1.665218e-04
3.162880e-01	-1.826123e-04
3.163136e-01	-1.994703e-04
3.163392e-01	-2.157743e-04
3.163648e-01	-2.318751e-04
3.163904e-01	-2.481889e-04
3.164160e-01	-2.647992e-04
3.164416e-01	-2.810031e-04
3.164672e-01	-2.971379e-04
3.164928e-01	-3.130958e-04
3.165184e-01	-3.287114e-04
3.165440e-01	-3.448623e-04
3.165696e-01	-3.606221e-04
3.165952e-01	-3.762975e-04
3.166208e-01	-3.919776e-04
3.166464e-01	-4.074797e-04
3.166720e-01	-4.232325e-04
3.166976e-01	-4.387271e-04
3.167232e-01	-4.536616e-04
3.167488e-01	-4.685336e-04
3.167744e-01	-4.841200e-04
3.168000e-01	-4.985227e-04
3.168256e-01	-5.133297e-04
3.168512e-01	-5.279668e-04
3.168768e-01	-5.426610e-04
3.169024e-01	-5.566771e-04
3.169280e-01	-5.711697e-04
3.169536e-01	-5.852419e-04
3.169792e-01	-5.988381e-04
3.170048e-01	-6.128408e-04
3.170304e-01	-6.262405e-04
3.170560e-01	-6.395151e-04
3.170816e-01	-6.529427e-04
3.171072e-01	-6.660470e-04
3.171328e-01	-6.787578e-04
3.171584e-01	-6.916520e-04
3.171840e-01	-7.043201e-04
3.172096e-01	-7.157786e-04
3.172352e-01	-7.286620e-04
3.172608e-01	-7.404365e-04
3.172864e-01	-7.523873e-04
3.173120e-01	-7.633728e-04
3.173376e-01	-7.750128e-04
3.173632e-01	-7.865509e-04
3.173888e-01	-7.970522e-04
3.174144e-01	-8.084529e-04
3.174400e-01	-8.183343e-04
3.174656e-01	-8.288203e-04
3.174912e-01	-8.389296e-04
3.175168e-01	-8.481875e-04
3.175424e-01	-8.586881e-04
3.175680e-01	-8.675538e-04
3.175936e-01	-8.766964e-04
3.176192e-01	-8.856592e-04
3.176448e-01	-8.940860e-04
3.176704e-01	-9.026837e-04
3.176960e-01	-9.107406e-04
3.177216e-01	-9.184218e-04
3.177472e-01	-9.262010e-04
3.177728e-01	-9.333564e-04
3.177984e-01	-9.412163e-04
3.178240e-01	-9.475544e-04
3.178496e-01	-9.543255e-04
3.178752e-01	-9.609408e-04
3.179008e-01	-9.668411e-04
3.179264e-01	-9.727794e-04
3.179520e-01	-9.782513e-04
3.179776e-01	-9.833822e-04
3.180032e-01	-9.886571e-04
3.180288e-01	-9.932623e-04
3.180544e-01	-9.979296e-04
3.180800e-01	-1.001959e-03
3.181056e-01	-1.005701e-03
3.181312e-01	-1.009644e-03
3.181568e-01	-1.012707e-03
3.181824e-01	-1.015906e-03
3.182080e-01	-1.019183e-03
3.182336e-01	-1.021474e-03
3.182592e-01	-1.023429e-03
3.182848e-01	-1.025712e-03
3.183104e-01	-1.027617e-03
3.183360e-01	-1.028254e-03
3.183616e-01	-1.030394e-03
3.183872e-01	-1.030871e-03
3.184128e-01	-1.031505e-03
3.184384e-01	-1.032059e-03
3.184640e-01	-1.032132e-03
3.184896e-01	-1.031728e-03
3.185152e-01	-1.031363e-03
3.185408e-01	-1.030828e-03
3.185664e-01	-1.029494e-03
3.185920e-01	-1.027933e-03
3.186176e-01	-1.026035e-03
3.186432e-01	-1.024751e-03
3.186688e-01	-1.022802e-03
3.186944e-01	-1.019848e-03
3.187200e-01	-1.017550e-03
3.187456e-01	-1.014458e-03
3.187712e-01	-1.011328e-03
3.187968e-01	-1.007691e-03
3.188224e-01	-1.003814e-03
3.188480e-01	-1.000032e-03
3.188736e-01	-9.956778e-04
3.188992e-01	-9.907681e-04
3.189248e-01	-9.862077e-04
3.189504e-01	-9.807753e-04
3.189760e-01	-9.756372e-04
3.190016e-01	-9.703890e-04
3.190272e-01	-9.642973e-04
3.190528e-01	-9.579498e-04
3.190784e-01	-9.520526e-04
3.191040e-01	-9.450095e-04
3.191296e-01	-9.381697e-04
3.191552e-01	-9.309211e-04
3.191808e-01	-9.235599e-04
3.192064e-01	-9.163237e-04
3.192320e-01	-9.083105e-04
3.192576e-01	-9.001530e-04
3.192832e-01	-8.924367e-04
3.193088e-01	-8.833039e-04
3.193344e-01	-8.746425e-04
3.193600e-01	-8.655856e-04
3.193856e-01	-8.564579e-04
3.194112e-01	-8.469407e-04
3.194368e-01	-8.372557e-04
3.194624e-01	-8.279042e-04
3.194880e-01	-8.175198e-04
3.195136e-01	-8.074530e-04
3.195392e-01	-7.967360e-04
3.195648e-01	-7.859389e-04
3.195904e-01	-7.752656e-04
3.196160e-01	-7.638935e-04
3.196416e-01	-7.531906e-04
3.196672e-01	-7.411885e-04
3.196928e-01	-7.297114e-04
3.197184e-01	-7.180760e-04
3.197440e-01	-7.059991e-04
3.197696e-01	-6.938186e-04
3.197952e-01	-6.815718e-04
3.198208e-01	-6.687863e-04
3.198464e-01	-6.566673e-04
3.198720e-01	-6.434218e-04
3.198976e-01	-6.304400e-04
3.199232e-01	-6.173991e-04
3.199488e-01	-6.039451e-04
3.199744e-01	-5.906131e-04
3.200000e-01	-5.770065e-04
3.200256e-01	-5.633039e-04
3.200512e-01	-5.490156e-04
3.200768e-01	-5.350791e-04
3.201024e-01	-5.214443e-04
3.201280e-01	-5.067089e-04
3.201536e-01	-4.927574e-04
3.201792e-01	-4.780913e-04
3.202048e-01	-4.633671e-04
3.202304e-01	-4.483437e-04
3.202560e-01	-4.336637e-04
3.202816e-01	-4.185521e-04
3.203072e-01	-4.036263e-04
3.203328e-01	-3.888723e-04
3.203584e-01	-3.733949e-04
3.203840e-01	-3.580331e-04
3.204096e-01	-3.426674e-04
3.204352e-01	-3.275059e-04
3.204608e-01	-3.117465e-04
3.204864e-01	-2.960328e-04
3.205120e-01	-2.802512e-04
3.205376e-01	-2.643116e-04
3.205632e-01	-2.489637e-04
3.205888e-01	-2.326770e-04
3.206144e-01	-2.172570e-04
3.206400e-01	-2.010216e-04
3.206656e-01	-1.851805e-04
3.206912e-01	-1.688480e-04
3.207168e-01	-1.527509e-04
3.207424e-01	-1.367629e-04
3.207680e-01	-1.206039e-04
3.207936e-01	-1.046212e-04
3.208192e-01	-8.848674e-05
3.208448e-01	-7.196623e-05
3.208704e-01	-5.616881e-05
3.208960e-01	-3.973204e-05
3.209216e-01	-2.343440e-05
3.209472e-01	-7.794605e-06
3.209728e-01	8.649531e-06
3.209984e-01	2.513539e-05
3.210240e-01	4.098290e-05
3.210496e-01	5.716633e-05
3.210752e-01	7.335738e-05
3.211008e-01	8.972651e-05
3.211264e-01	1.053220e-04
3.211520e-01	1.211662e-04
3.211776e-01	1.375044e-04
3.212032e-01	1.536102e-04
3.212288e-01	1.693970e-04
3.212544e-01	1.852214e-04
3.212800e-01	2.010826e-04
3.213056e-01	2.166501e-04
3.213312e-01	2.317280e-04
3.213568e-01	2.484322e-04
3.213824e-01	2.638324e-04
3.214080e-01	2.788637e-04
3.214336e-01	2.941826e-04
3.214592e-01	3.095341e-04
3.214848e-01	3.246854e-04
3.215104e-01	3.400505e-04
3.215360e-01	3.550956e-04
3.215616e-01	3.698340e-04
3.215872e-01	3.847495e-04
3.216128e-01	3.995364e-04
3.216384e-01	4.141321e-04
3.216640e-01	4.286988e-04
3.216896e-01	4.430541e-04
3.217152e-01	4.572888e-04
3.217408e-01	4.711785e-04
3.217664e-01	4.855608e-04
3.217920e-01	4.992961e-04
3.218176e-01	5.132101e-04
3.218432e-01	5.273077e-04
3.218688e-01	5.407851e-04
3.218944e-01	5.535933e-04
3.219200e-01	5.672330e-04
3.219456e-01	5.803324e-04
3.219712e-01	5.932655e-04
3.219968e-01	6.057711e-04
3.220224e-01	6.187374e-04
3.220480e-01	6.312191e-04
3.220736e-01	6.434405e-04
3.220992e-01	6.557879e-04
3.221248e-01	6.673817e-04
3.221504e-01	6.793314e-04
3.221760e-01	6.911320e-04
3.222016e-01	7.024477e-04
3.222272e-01	7.139374e-04
3.222528e-01	7.247487e-04
3.222784e-01	7.359335e-04
3.223040e-01	7.466106e-04
3.223296e-01	7.571795e-04
3.223552e-01	7.674391e-04
3.223808e-01	7.781102e-04
3.224064e-01	7.873103e-04
3.224320e-01	7.970994e-04
3.224576e-01	8.069477e-04
3.224832e-01	8.160919e-04
3.225088e-01	8.259002e-04
3.225344e-01	8.345829e-04
3.225600e-01	8.431608e-04
3.225856e-01	8.520191e-04
3.226112e-01	8.597047e-04
3.226368e-01	8.681879e-04
3.226624e-01	8.763830e-04
3.226880e-01	8.839364e-04
3.227136e-01	8.911620e-04
3.227392e-01	8.985656e-04
3.227648e-01	9.052876e-04
3.227904e-01	9.119478e-04
3.228160e-01	9.185201e-04
3.228416e-01	9.253428e-04
3.228672e-01	9.312299e-04
3.228928e-01	9.366069e-04
3.229184e-01	9.425860e-04
3.229440e-01	9.478874e-04
3.229696e-01	9.530755e-04
3.229952e-01	9.583166e-04
3.230208e-01	9.622883e-04
3.230464e-01	9.671860e-04
3.230720e-01	9.711423e-04
3.230976e-01	9.750901e-04
3.231232e-01	9.789647e-04
3.231488e-01	9.821539e-04
3.231744e-01	9.853186e-04
3.232000e-01	9.887691e-04
3.232256e-01	9.912002e-04
3.232512e-01	9.933562e-04
3.232768e-01	9.953459e-04
3.233024e-01	9.973940e-04
3.233280e-01	9.997273e-04
3.233536e-01	1.000901e-03
3.233792e-01	1.002004e-03
3.234048e-01	1.003300e-03
3.234304e-01	1.003818e-03
3.234560e-01	1.004822e-03
3.234816e-01	1.004375e-03
3.235072e-01	1.004677e-03
3.235328e-01	1.004811e-03
3.235584e-01	1.004082e-03
3.235840e-01	1.003421e-03
3.236096e-01	1.002667e-03
3.236352e-01	1.001197e-03
3.236608e-01	9.998840e-04
3.236864e-01	9.981397e-04
3.237120e-01	9.957694e-04
3.237376e-01	9.935595e-04
3.237632e-01	9.916651e-04
3.237888e-01	9.889042e-04
3.238144e-01	9.857379e-04
3.238400e-01	9.827437e-04
3.238656e-01	9.793530e-04
3.238912e-01	9.748197e-04
3.239168e-01	9.716020e-04
3.239424e-01	9.672003e-04
3.239680e-01	9.626504e-04
3.239936e-01	9.584721e-04
3.240192e-01	9.533083e-04
3.240448e-01	9.483352e-04
3.240704e-01	9.429011e-04
3.240960e-01	9.372306e-04
3.241216e-01	9.313420e-04
3.241472e-01	9.250460e-04
3.241728e-01	9.188335e-04
3.241984e-01	9.119202e-04
3.242240e-01	9.055712e-04
3.242496e-01	8.982874e-04
3.242752e-01	8.914546e-04
3.243008e-01	8.834193e-04
3.243264e-01	8.755238e-04
3.243520e-01	8.680218e-04
3.243776e-01	8.593401e-04
3.244032e-01	8.511523e-04
3.244288e-01	8.424959e-04
3.244544e-01	8.339713e-04
3.244800e-01	8.246842e-04
3.245056e-01	8.152984e-04
3.245312e-01	8.062440e-04
3.245568e-01	7.959318e-04
3.245824e-01	7.864280e-04
3.246080e-01	7.757975e-04
3.246336e-01	7.656094e-04
3.246592e-01	7.551108e-04
3.246848e-01	7.449671e-04
3.247104e-01	7.337095e-04
3.247360e-01	7.221497e-04
3.247616e-01	7.108226e-04
3.247872e-01	6.993956e-04
3.248128e-01	6.876428e-04
3.248384e-01	6.756924e-04
3.248640e-01	6.630278e-04
3.248896e-01	6.512525e-04
3.249152e-01	6.393178e-04
3.249408e-01	6.260553e-04
3.249664e-01	6.135164e-04
3.249920e-01	6.005708e-04
3.250176e-01	5.872326e-04
3.250432e-01	5.744076e-04
3.250688e-01	5.609283e-04
3.250944e-01	5.468601e-04
3.251200e-01	5.333465e-04
3.251456e-01	5.194726e-04
3.251712e-01	5.051240e-04
3.251968e-01	4.912694e-04
3.252224e-01	4.766521e-04
3.252480e-01	4.626841e-04
3.252736e-01	4.472985e-04
3.252992e-01	4.330889e-04
3.253248e-01	4.182260e-04
3.253504e-01	4.031538e-04
3.253760e-01	3.876503e-04
3.254016e-01	3.727103e-04
3.254272e-01	3.578147e-04
3.254528e-01	3.419844e-04
3.254784e-01	3.269411e-04
3.255040e-01	3.105341e-04
3.255296e-01	2.953951e-04
3.255552e-01	2.796320e-04
3.255808e-01	2.633392e-04
3.256064e-01	2.479883e-04
3.256320e-01	2.313040e-04
3.256576e-01	2.156278e-04
3.256832e-01	1.993102e-04
3.257088e-01	1.830083e-04
3.257344e-01	1.666474e-04
3.257600e-01	1.507214e-04
3.257856e-01	1.336981e-04
3.258112e-01	1.173295e-04
3.258368e-01	1.014859e-04
3.258624e-01	8.477770e-05
3.258880e-01	6.788764e-05
3.259136e-01	5.168026e-05
3.259392e-01	3.491367e-05
3.259648e-01	1.816918e-05
3.259904e-01	1.851500e-06
3.260160e-01	-1.517191e-05
3.260416e-01	-3.191172e-05
3.260672e-01	-4.847578e-05
3.260928e-01	-6.507529e-05
3.261184e-01	-8.171391e-05
3.261440e-01	-9.870594e-05
3.261696e-01	-1.148173e-04
3.261952e-01	-1.321850e-04
3.262208e-01	-1.482627e-04
3.262464e-01	-1.647076e-04
3.262720e-01	-1.813563e-04
3.262976e-01	-1.974939e-04
3.263232e-01	-2.143710e-04
3.263488e-01	-2.307288e-04
3.263744e-01	-2.466436e-04
3.264000e-01	-2.630589e-04
3.264256e-01	-2.792322e-04
3.264512e-01	-2.959323e-04
3.264768e-01	-3.117025e-04
3.265024e-01	-3.277654e-04
3.265280e-01	-3.435047e-04
3.265536e-01	-3.592010e-04
3.265792e-01	-3.756092e-04
3.266048e-01	-3.909111e-04
3.266304e-01	-4.062873e-04
3.266560e-01	-4.219259e-04
3.266816e-01	-4.367932e-04
3.267072e-01	-4.526207e-04
3.267328e-01	-4.678585e-04
3.267584e-01	-4.825786e-04
3.267840e-01	-4.974066e-04
3.268096e-01	-5.120061e-04
3.268352e-01	-5.265428e-04
3.268608e-01	-5.415060e-04
3.268864e-01	-5.556310e-04
3.269120e-01	-5.701886e-04
3.269376e-01	-5.839739e-04
3.269632e-01	-5.979440e-04
3.269888e-01	-6.115946e-04
3.270144e-01	-6.252691e-04
3.270400e-01	-6.384454e-04
3.270656e-01	-6.515729e-04
3.270912e-01	-6.651034e-04
3.271168e-01	-6.778504e-04
3.271424e-01	-6.906670e-04
3.271680e-01	-7.032448e-04
3.271936e-01	-7.155951e-04
3.272192e-01	-7.277277e-04
3.272448e-01	-7.396267e-04
3.272704e-01	-7.516271e-04
3.272960e-01	-7.624542e-04
3.273216e-01	-7.747574e-04
3.273472e-01	-7.855934e-04
3.273728e-01	-7.960256e-04
3.273984e-01	-8.072688e-04
3.274240e-01	-8.174431e-04
3.274496e-01	-8.281288e-04
3.274752e-01	-8.381802e-04
3.275008e-01	-8.473722e-04
3.275264e-01	-8.580019e-04
3.275520e-01	-8.667403e-04
3.275776e-01	-8.758708e-04
3.276032e-01	-8.848966e-04
3.276288e-01	-8.933367e-04
3.276544e-01	-9.021236e-04
3.276800e-01	-9.104023e-04
3.277056e-01	-9.176599e-04
3.277312e-01	-9.256252e-04
3.277568e-01	-9.333935e-04
3.277824e-01	-9.399647e-04
3.278080e-01	-9.473333e-04
3.278336e-01	-9.540661e-04
3.278592e-01	-9.601433e-04
3.278848e-01	-9.665663e-04
3.279104e-01	-9.725077e-04
3.279360e-01	-9.779553e-04
3.279616e-01	-9.831638e-04
3.279872e-01	-9.883892e-04
3.280128e-01	-9.927644e-04
3.280384e-01	-9.980767e-04
3.280640e-01	-1.001997e-03
3.280896e-01	-1.005952e-03
3.281152e-01	-1.009534e-03
3.281408e-01	-1.013166e-03
3.281664e-01	-1.016146e-03
3.281920e-01	-1.018752e-03
3.282176e-01	-1.021505e-03
3.282432e-01	-1.023748e-03
3.282688e-01	-1.025806e-03
3.282944e-01	-1.027563e-03
3.283200e-01	-1.029065e-03
3.283456e-01	-1.030326e-03
3.283712e-01	-1.031139e-03
3.283968e-01	-1.031772e-03
3.284224e-01	-1.032075e-03
3.284480e-01	-1.032176e-03
3.284736e-01	-1.031832e-03
3.284992e-01	-1.031647e-03
3.285248e-01	-1.030263e-03
3.285504e-01	-1.029690e-03
3.285760e-01	-1.028154e-03
3.286016e-01	-1.026923e-03
3.286272e-01	-1.024905e-03
3.286528e-01	-1.022613e-03
3.286784e-01	-1.020756e-03
3.287040e-01	-1.017374e-03
3.287296e-01	-1.014989e-03
3.287552e-01	-1.011481e-03
3.287808e-01	-1.008087e-03
3.288064e-01	-1.004533e-03
3.288320e-01	-9.999262e-04
3.288576e-01	-9.957945e-04
3.288832e-01	-9.907110e-04
3.289088e-01	-9.871235e-04
3.289344e-01	-9.814757e-04
3.289600e-01	-9.760577e-04
3.289856e-01	-9.706667e-04
3.290112e-01	-9.645466e-04
3.290368e-01	-9.588050e-04
3.290624e-01	-9.525651e-04
3.290880e-01	-9.455343e-04
3.291136e-01	-9.386559e-04
3.291392e-01	-9.316293e-04
3.291648e-01	-9.239860e-04
3.291904e-01	-9.165829e-04
3.292160e-01	-9.091440e-04
3.292416e-01	-9.009714e-04
3.292672e-01	-8.929684e-04
3.292928e-01	-8.842577e-04
3.293184e-01	-8.755123e-04
3.293440e-01	-8.665232e-04
3.293696e-01	-8.571353e-04
3.293952e-01	-8.480231e-04
3.294208e-01	-8.384294e-04
3.294464e-01	-8.279809e-04
3.294720e-01	-8.189509e-04
3.294976e-01	-8.082527e-04
3.295232e-01	-7.978134e-04
3.295488e-01	-7.872634e-04
3.295744e-01	-7.762308e-04
3.296000e-01	-7.656551e-04
3.296256e-01	-7.540819e-04
3.296512e-01	-7.424719e-04
3.296768e-01	-7.307312e-04
3.297024e-01	-7.190560e-04
3.297280e-01	-7.072476e-04
3.297536e-01	-6.946193e-04
3.297792e-01	-6.831347e-04
3.298048e-01	-6.702319e-04
3.298304e-01	-6.573536e-04
3.298560e-01	-6.447676e-04
3.298816e-01	-6.316206e-04
3.299072e-01	-6.185049e-04
3.299328e-01	-6.052004e-04
3.299584e-01	-5.914691e-04
3.299840e-01	-5.778903e-04
3.300096e-01	-5.645269e-04
3.300352e-01	-5.507441e-04
3.300608e-01	-5.366768e-04
3.300864e-01	-5.227255e-04
3.301120e-01	-5.080794e-04
3.301376e-01	-4.942648e-04
3.301632e-01	-4.790734e-04
3.301888e-01	-4.647603e-04
3.302144e-01	-4.497932e-04
3.302400e-01	-4.348881e-04
3.302656e-01	-4.204321e-04
3.302912e-01	-4.052086e-04
3.303168e-01	-3.899086e-04
3.303424e-01	-3.746590e-04
3.303680e-01	-3.597938e-04
3.303936e-01	-3.440007e-04
3.304192e-01	-3.283945e-04
3.304448e-01	-3.130303e-04
3.304704e-01	-2.974735e-04
3.304960e-01	-2.816632e-04
3.305216e-01	-2.659029e-04
3.305472e-01	-2.506737e-04
3.305728e-01	-2.342424e-04
3.305984e-01	-2.185306e-04
3.306240e-01	-2.028715e-04
3.306496e-01	-1.867208e-04
3.306752e-01	-1.702811e-04
3.307008e-01	-1.547583e-04
3.307264e-01	-1.382847e-04
3.307520e-01	-1.220642e-04
3.307776e-01	-1.057739e-04
3.308032e-01	-8.965304e-05
3.308288e-01	-7.325470e-05
3.308544e-01	-5.748561e-05
3.308800e-01	-4.132960e-05
3.309056e-01	-2.486268e-05
3.309312e-01	-8.819850e-06
3.309568e-01	7.453662e-06
3.309824e-01	2.350360e-05
3.310080e-01	3.950603e-05
3.310336e-01	5.581094e-05
3.310592e-01	7.213934e-05
3.310848e-01	8.820934e-05
3.311104e-01	1.041300e-04
3.311360e-01	1.199687e-04
3.311616e-01	1.359115e-04
3.311872e-01	1.521445e-04
3.312128e-01	1.677853e-04
3.312384e-01	1.842015e-04
3.312640e-01	1.993243e-04
3.312896e-01	2.155665e-04
3.313152e-01	2.311247e-04
3.313408e-01	2.464085e-04
3.313664e-01	2.623056e-04
3.313920e-01	2.774509e-04
3.314176e-01	2.931578e-04
3.314432e-01	3.081661e-04
3.314688e-01	3.231267e-04
3.314944e-01	3.387131e-04
3.315200e-01	3.534351e-04
3.315456e-01	3.684021e-04
3.315712e-01	3.832421e-04
3.315968e-01	3.981904e-04
3.316224e-01	4.122912e-04
3.316480e-01	4.272190e-04
3.316736e-01	4.418081e-04
3.316992e-01	4.554829e-04
3.317248e-01	4.704095e-04
3.317504e-01	4.848341e-04
3.317760e-01	4.979440e-04
3.318016e-01	5.124315e-04
3.318272e-01	5.257339e-04
3.318528e-01	5.391843e-04
3.318784e-01	5.526214e-04
3.319040e-01	5.657131e-04
3.319296e-01	5.791976e-04
3.319552e-01	5.921574e-04
3.319808e-01	6.046801e-04
3.320064e-01	6.172009e-04
3.320320e-01	6.300102e-04
3.320576e-01	6.427657e-04
3.320832e-01	6.546634e-04
3.321088e-01	6.664086e-04
3.321344e-01	6.781424e-04
3.321600e-01	6.901701e-04
3.321856e-01	7.013096e-04
3.322112e-01	7.130461e-04
3.322368e-01	7.240245e-04
3.322624e-01	7.349580e-04
3.322880e-01	7.458025e-04
3.323136e-01	7.561705e-04
3.323392e-01	7.663720e-04
3.323648e-01	7.770659e-04
3.323904e-01	7.869243e-04
3.324160e-01	7.964073e-04
3.324416e-01	8.065164e-04
3.324672e-01	8.156963e-04
3.324928e-01	8.247127e-04
3.325184e-01	8.338890e-04
3.325440e-01	8.425390e-04
3.325696e-01	8.510372e-04
3.325952e-01	8.593344e-04
3.326208e-01	8.680543e-04
3.326464e-01	8.753886e-04
3.326720e-01	8.834662e-04
3.326976e-01	8.904296e-04
3.327232e-01	8.978655e-04
3.327488e-01	9.051559e-04
3.327744e-01	9.114224e-04
3.328000e-01	9.182371e-04
3.328256e-01	9.245597e-04
3.328512e-01	9.308439e-04
3.328768e-01	9.366457e-04
3.329024e-01	9.419165e-04
3.329280e-01	9.477677e-04
3.329536e-01	9.527665e-04
3.329792e-01	9.576978e-04
3.330048e-01	9.625858e-04
3.330304e-01	9.664802e-04
3.330560e-01	9.706316e-04
3.330816e-01	9.754859e-04
3.331072e-01	9.784860e-04
3.331328e-01	9.817510e-04
3.331584e-01	9.852996e-04
3.331840e-01	9.885457e-04
3.332096e-01	9.908896e-04
3.332352e-01	9.937549e-04
3.332608e-01	9.959659e-04
3.332864e-01	9.978070e-04
3.333120e-01	9.996631e-04
3.333376e-01	1.000565e-03
3.333632e-01	1.002383e-03
3.333888e-01	1.003480e-03
3.334144e-01	1.004116e-03
3.334400e-01	1.005017e-03
3.334656e-01	1.005029e-03
3.334912e-01	1.005080e-03
3.335168e-01	1.004265e-03
3.335424e-01	1.004365e-03
3.335680e-01	1.003297e-03
3.335936e-01	1.002774e-03
3.336192e-01	1.001536e-03
3.336448e-01	9.998778e-04
3.336704e-01	9.982161e-04
3.336960e-01	9.965226e-04
3.337216e-01	9.942725e-04
3.337472e-01	9.915842e-04
3.337728e-01	9.892239e-04
3.337984e-01	9.861517e-04
3.338240e-01	9.829116e-04
3.338496e-01	9.796468e-04
3.338752e-01	9.757461e-04
3.339008e-01	9.718993e-04
3.339264e-01	9.678308e-04
3.339520e-01	9.635563e-04
3.339776e-01	9.584656e-04
3.340032e-01	9.540934e-04
3.340288e-01	9.489317e-04
3.340544e-01	9.432119e-04
3.340800e-01	9.378484e-04
3.341056e-01	9.316244e-04
3.341312e-01	9.255986e-04
3.341568e-01	9.198318e-04
3.341824e-01	9.126328e-04
3.342080e-01	9.060125e-04
3.342336e-01	8.992156e-04
3.342592e-01	8.916803e-04
3.342848e-01	8.844832e-04
3.343104e-01	8.770005e-04
3.343360e-01	8.682812e-04
3.343616e-01	8.605903e-04
3.343872e-01	8.519579e-04
3.344128e-01	8.437231e-04
3.344384e-01	8.347182e-04
3.344640e-01	8.253694e-04
3.344896e-01	8.163413e-04
3.345152e-01	8.064081e-04
3.345408e-01	7.970448e-04
3.345664e-01	7.873866e-04
3.345920e-01	7.771025e-04
3.346176e-01	7.665938e-04
3.346432e-01	7.561488e-04
3.346688e-01	7.455891e-04
3.346944e-01	7.342402e-04
3.347200e-01	7.236238e-04
3.347456e-01	7.121140e-04
3.347712e-01	7.008747e-04
3.347968e-01	6.886855e-04
3.348224e-01	6.766711e-04
3.348480e-01	6.646269e-04
3.348736e-01	6.525632e-04
3.348992e-01	6.401513e-04
3.349248e-01	6.272675e-04
3.349504e-01	6.150994e-04
3.349760e-01	6.019807e-04
3.350016e-01	5.885086e-04
3.350272e-01	5.755673e-04
3.350528e-01	5.619185e-04
3.350784e-01	5.480652e-04
3.351040e-01	5.338678e-04
3.351296e-01	5.207685e-04
3.351552e-01	5.067586e-04
3.351808e-01	4.925796e-04
3.352064e-01	4.782785e-04
3.352320e-01	4.636913e-04
3.352576e-01	4.493662e-04
3.352832e-01	4.343101e-04
3.353088e-01	4.194475e-04
3.353344e-01	4.049403e-04
3.353600e-01	3.895258e-04
3.353856e-01	3.743120e-04
3.354112e-01	3.589845e-04
3.354368e-01	3.436284e-04
3.354624e-01	3.281820e-04
3.354880e-01	3.129508e-04
3.355136e-01	2.966994e-04
3.355392e-01	2.810626e-04
3.355648e-01	2.652767e-04
3.355904e-01	2.492576e-04
3.356160e-01	2.330321e-04
3.356416e-01	2.171586e-04
3.356672e-01	2.006387e-04
3.356928e-01	1.847244e-04
3.357184e-01	1.686306e-04
3.357440e-01	1.517974e-04
3.357696e-01	1.359534e-04
3.357952e-01	1.194838e-04
3.358208e-01	1.026988e-04
3.358464e-01	8.627157e-05
3.358720e-01	6.960522e-05
3.358976e-01	5.328720e-05
3.359232e-01	3.617746e-05
3.359488e-01	1.994997e-05
3.359744e-01	3.075184e-06
3.360000e-01	-1.362777e-05
3.360256e-01	-3.006458e-05
3.360512e-01	-4.699571e-05
3.360768e-01	-6.362753e-05
3.361024e-01	-8.020327e-05
3.361280e-01	-9.669615e-05
3.361536e-01	-1.133542e-04
3.361792e-01	-1.302406e-04
3.362048e-01	-1.466128e-04
3.362304e-01	-1.633238e-04
3.362560e-01	-1.792696e-04
3.362816e-01	-1.963025e-04
3.363072e-01	-2.128310e-04
3.363328e-01	-2.291637e-04
3.363584e-01	-2.451566e-04
3.363840e-01	-2.613942e-04
3.364096e-01	-2.782761e-04
3.364352e-01	-2.939182e-04
3.364608e-01	-3.102267e-04
3.364864e-01	-3.264778e-04
3.365120e-01	-3.419521e-04
3.365376e-01	-3.580566e-04
3.365632e-01	-3.734073e-04
3.365888e-01	-3.895933e-04
3.366144e-01	-4.047767e-04
3.366400e-01	-4.204483e-04
3.366656e-01	-4.360235e-04
3.366912e-01	-4.510642e-04
3.367168e-01	-4.660386e-04
3.367424e-01	-4.811087e-04
3.367680e-01	-4.959714e-04
3.367936e-01	-5.106774e-04
3.368192e-01	-5.254980e-04
3.368448e-01	-5.398521e-04
3.368704e-01	-5.544821e-04
3.368960e-01	-5.686517e-04
3.369216e-01	-5.824624e-04
3.369472e-01	-5.964700e-04
3.369728e-01	-6.100176e-04
3.369984e-01	-6.241591e-04
3.370240e-01	-6.371107e-04
3.370496e-01	-6.506594e-04
3.370752e-01	-6.637746e-04
3.371008e-01	-6.764192e-04
3.371264e-01	-6.892186e-04
3.371520e-01	-7.017066e-04
3.371776e-01	-7.142192e-04
3.372032e-01	-7.267061e-04
3.372288e-01	-7.379989e-04
3.372544e-01	-7.502421e-04
3.372800e-01	-7.620851e-04
3.373056e-01	-7.729883e-04
3.373312e-01	-7.845174e-04
3.373568e-01	-7.953253e-04
3.373824e-01	-8.060799e-04
3.374080e-01	-8.170970e-04
3.374336e-01	-8.268097e-04
3.374592e-01	-8.372986e-04
3.374848e-01	-8.469693e-04
3.375104e-01	-8.566656e-04
3.375360e-01	-8.659767e-04
3.375616e-01	-8.750123e-04
3.375872e-01	-8.842605e-04
3.376128e-01	-8.925801e-04
3.376384e-01	-9.011495e-04
3.376640e-01	-9.098398e-04
3.376896e-01	-9.170144e-04
3.377152e-01	-9.252272e-04
3.377408e-01	-9.327525e-04
3.377664e-01	-9.393426e-04
3.377920e-01	-9.467197e-04
3.378176e-01	-9.533624e-04
3.378432e-01	-9.593568e-04
3.378688e-01	-9.660096e-04
3.378944e-01	-9.715919e-04
3.379200e-01	-9.774612e-04
3.379456e-01	-9.823695e-04
3.379712e-01	-9.876814e-04
3.379968e-01	-9.930499e-04
3.380224e-01	-9.967949e-04
3.380480e-01	-1.001260e-03
3.380736e-01	-1.005220e-03
3.380992e-01	-1.009029e-03
3.381248e-01	-1.012870e-03
3.381504e-01	-1.015602e-03
3.381760e-01	-1.018529e-03
3.382016e-01	-1.020872e-03
3.382272e-01	-1.023456e-03
3.382528e-01	-1.025011e-03
3.382784e-01	-1.027425e-03
3.383040e-01	-1.028911e-03
3.383296e-01	-1.029997e-03
3.383552e-01	-1.031699e-03
3.383808e-01	-1.031961e-03
3.384064e-01	-1.032028e-03
3.384320e-01	-1.032717e-03
3.384576e-01	-1.032078e-03
3.384832e-01	-1.031683e-03
3.385088e-01	-1.030904e-03
3.385344e-01	-1.029713e-03
3.385600e-01	-1.028497e-03
3.385856e-01	-1.026876e-03
3.386112e-01	-1.024915e-03
3.386368e-01	-1.022858e-03
3.386624e-01	-1.020436e-03
3.386880e-01	-1.017978e-03
3.387136e-01	-1.014674e-03
3.387392e-01	-1.012332e-03
3.387648e-01	-1.008502e-03
3.387904e-01	-1.004399e-03
3.388160e-01	-1.000852e-03
3.388416e-01	-9.959191e-04
3.388672e-01	-9.919750e-04
3.388928e-01	-9.870989e-04
3.389184e-01	-9.818018e-04
3.389440e-01	-9.769700e-04
3.389696e-01	-9.707568e-04
3.389952e-01	-9.652387e-04
3.390208e-01	-9.590376e-04
3.390464e-01	-9.529946e-04
3.390720e-01	-9.464766e-04
3.390976e-01	-9.397043e-04
3.391232e-01	-9.322291e-04
3.391488e-01	-9.252843e-04
3.391744e-01	-9.178845e-04
3.392000e-01	-9.095088e-04
3.392256e-01	-9.019171e-04
3.392512e-01	-8.936484e-04
3.392768e-01	-8.847870e-04
3.393024e-01	-8.765243e-04
3.393280e-01	-8.671015e-04
3.393536e-01	-8.583636e-04
3.393792e-01	-8.488143e-04
3.394048e-01	-8.389310e-04
3.394304e-01	-8.293883e-04
3.394560e-01	-8.194558e-04
3.394816e-01	-8.091058e-04
3.395072e-01	-7.985926e-04
3.395328e-01	-7.879864e-04
3.395584e-01	-7.772513e-04
3.395840e-01	-7.664463e-04
3.396096e-01	-7.551599e-04
3.396352e-01	-7.433713e-04
3.396608e-01	-7.321900e-04
3.396864e-01	-7.200438e-04
3.397120e-01	-7.083926e-04
3.397376e-01	-6.960158e-04
3.397632e-01	-6.833903e-04
3.397888e-01	-6.713404e-04
3.398144e-01	-6.583977e-04
3.398400e-01	-6.458240e-04
3.398656e-01	-6.328133e-04
3.398912e-01	-6.195717e-04
3.399168e-01	-6.067523e-04
3.399424e-01	-5.927861e-04
3.399680e-01	-5.800481e-04
3.399936e-01	-5.656478e-04
3.400192e-01	-5.517269e-04
3.400448e-01	-5.380661e-04
3.400704e-01	-5.238857e-04
3.400960e-01	-5.097258e-04
3.401216e-01	-4.949664e-04
3.401472e-01	-4.809850e-04
3.401728e-01	-4.662232e-04
3.401984e-01	-4.512359e-04
3.402240e-01	-4.368656e-04
3.402496e-01	-4.217490e-04
3.402752e-01	-4.068337e-04
3.403008e-01	-3.910046e-04
3.403264e-01	-3.764360e-04
3.403520e-01	-3.611065e-04
3.403776e-01	-3.455674e-04
3.404032e-01	-3.301307e-04
3.404288e-01	-3.142629e-04
3.404544e-01	-2.988468e-04
3.404800e-01	-2.834842e-04
3.405056e-01	-2.673746e-04
3.405312e-01	-2.517660e-04
3.405568e-01	-2.358187e-04
3.405824e-01	-2.198766e-04
3.406080e-01	-2.042721e-04
3.406336e-01	-1.876704e-04
3.406592e-01	-1.717663e-04
3.406848e-01	-1.558868e-04
3.407104e-01	-1.399922e-04
3.407360e-01	-1.237350e-04
3.407616e-01	-1.071406e-04
3.407872e-01	-9.141283e-05
3.408128e-01	-7.505764e-05
3.408384e-01	-5.914075e-05
3.408640e-01	-4.238199e-05
3.408896e-01	-2.690357e-05
3.409152e-01	-1.032000e-05
3.409408e-01	5.857641e-06
3.409664e-01	2.154705e-05
3.409920e-01	3.824067e-05
3.410176e-01	5.438082e-05
3.410432e-01	7.030332e-05
3.410688e-01	8.640214e-05
3.410944e-01	1.026464e-04
3.411200e-01	1.187342e-04
3.411456e-01	1.344366e-04
3.411712e-01	1.503476e-04
3.411968e-01	1.661813e-04
3.412224e-01	1.825538e-04
3.412480e-01	1.978415e-04
3.412736e-01	2.138248e-04
3.412992e-01	2.294830e-04
3.413248e-01	2.451897e-04
3.413504e-01	2.607006e-04
3.413760e-01	2.760267e-04
3.414016e-01	2.917993e-04
3.414272e-01	3.071210e-04
3.414528e-01	3.221421e-04
3.414784e-01	3.369890e-04
3.415040e-01	3.520695e-04
3.415296e-01	3.674026e-04
3.415552e-01	3.816943e-04
3.415808e-01	3.965472e-04
3.416064e-01	4.111510e-04
3.416320e-01	4.258284e-04
3.416576e-01	4.405227e-04
3.416832e-01	4.546424e-04
3.417088e-01	4.687787e-04
3.417344e-01	4.829398e-04
3.417600e-01	4.968435e-04
3.417856e-01	5.105090e-04
3.418112e-01	5.240871e-04
3.418368e-01	5.382309e-04
3.418624e-01	5.511981e-04
3.418880e-01	5.646042e-04
3.419136e-01	5.777525e-04
3.419392e-01	5.910441e-04
3.419648e-01	6.033012e-04
3.419904e-01	6.160191e-04
3.420160e-01	6.289877e-04
3.420416e-01	6.413497e-04
3.420672e-01	6.539303e-04
3.420928e-01	6.653774e-04
3.421184e-01	6.772538e-04
3.421440e-01	6.891160e-04
3.421696e-01	7.005233e-04
3.421952e-01	7.119038e-04
3.422208e-01	7.227256e-04
3.422464e-01	7.340212e-04
3.422720e-01	7.447562e-04
3.422976e-01	7.554073e-04
3.423232e-01	7.654527e-04
3.423488e-01	7.760008e-04
3.423744e-01	7.855866e-04
3.424000e-01	7.955284e-04
3.424256e-01	8.050923e-04
3.424512e-01	8.147745e-04
3.424768e-01	8.241077e-04
3.425024e-01	8.326672e-04
3.425280e-01	8.415672e-04
3.425536e-01	8.502135e-04
3.425792e-01	8.588064e-04
3.426048e-01	8.670180e-04
3.426304e-01	8.745102e-04
3.426560e-01	8.824634e-04
3.426816e-01	8.897837e-04
3.427072e-01	8.969650e-04
3.427328e-01	9.039314e-04
3.427584e-01	9.111891e-04
3.427840e-01	9.175624e-04
3.428096e-01	9.238219e-04
3.428352e-01	9.300257e-04
3.428608e-01	9.360955e-04
3.428864e-01	9.417762e-04
3.429120e-01	9.469409e-04
3.429376e-01	9.521249e-04
3.429632e-01	9.567194e-04
3.429888e-01	9.615839e-04
3.430144e-01	9.664343e-04
3.430400e-01	9.702684e-04
3.430656e-01	9.745351e-04
3.430912e-01	9.779553e-04
3.431168e-01	9.819897e-04
3.431424e-01	9.850521e-04
3.431680e-01	9.880691e-04
3.431936e-01	9.907772e-04
3.432192e-01	9.933301e-04
3.432448e-01	9.953632e-04
3.432704e-01	9.977410e-04
3.432960e-01	9.994075e-04
3.433216e-01	1.000691e-03
3.433472e-01	1.002504e-03
3.433728e-01	1.003222e-03
3.433984e-01	1.004201e-03
3.434240e-01	1.004402e-03
3.434496e-01	1.004491e-03
3.434752e-01	1.005180e-03
3.435008e-01	1.004769e-03
3.435264e-01	1.004360e-03
3.435520e-01	1.003571e-03
3.435776e-01	1.003056e-03
3.436032e-01	1.001323e-03
3.436288e-01	9.998431e-04
3.436544e-01	9.985587e-04
3.436800e-01	9.966992e-04
3.437056e-01	9.943832e-04
3.437312e-01	9.920246e-04
3.437568e-01	9.894617e-04
3.437824e-01	9.859967e-04
3.438080e-01	9.830178e-04
3.438336e-01	9.802319e-04
3.438592e-01	9.757691e-04
3.438848e-01	9.719675e-04
3.439104e-01	9.680084e-04
3.439360e-01	9.638896e-04
3.439616e-01	9.589558e-04
3.439872e-01	9.545255e-04
3.440128e-01	9.493178e-04
3.440384e-01	9.438206e-04
3.440640e-01	9.383560e-04
3.440896e-01	9.321896e-04
3.441152e-01	9.263799e-04
3.441408e-01	9.198533e-04
3.441664e-01	9.134556e-04
3.441920e-01	9.066653e-04
3.442176e-01	8.992695e-04
3.442432e-01	8.925438e-04
3.442688e-01	8.845982e-04
3.442944e-01	8.774402e-04
3.443200e-01	8.693640e-04
3.443456e-01	8.612757e-04
3.443712e-01	8.526811e-04
3.443968e-01	8.443473e-04
3.444224e-01	8.359310e-04
3.444480e-01	8.262818e-04
3.444736e-01	8.171477e-04
3.444992e-01	8.079077e-04
3.445248e-01	7.978533e-04
3.445504e-01	7.879777e-04
3.445760e-01	7.780487e-04
3.446016e-01	7.678862e-04
3.446272e-01	7.571759e-04
3.446528e-01	7.465999e-04
3.446784e-01	7.356133e-04
3.447040e-01	7.245101e-04
3.447296e-01	7.129578e-04
3.447552e-01	7.020065e-04
3.447808e-01	6.899676e-04
3.448064e-01	6.778566e-04
3.448320e-01	6.662119e-04
3.448576e-01	6.537152e-04
3.448832e-01	6.414472e-04
3.449088e-01	6.287084e-04
3.449344e-01	6.155890e-04
3.449600e-01	6.034140e-04
3.449856e-01	5.897263e-04
3.450112e-01	5.766460e-04
3.450368e-01	5.631642e-04
3.450624e-01	5.495423e-04
3.450880e-01	5.359069e-04
3.451136e-01	5.219303e-04
3.451392e-01	5.079343e-04
3.451648e-01	4.938161e-04
3.451904e-01	4.795771e-04
3.452160e-01	4.649784e-04
3.452416e-01	4.507914e-04
3.452672e-01	4.358560e-04
3.452928e-01	4.204832e-04
3.453184e-01	4.059587e-04
3.453440e-01	3.909393e-04
3.453696e-01	3.760643e-04
3.453952e-01	3.605346e-04
3.454208e-01	3.451676e-04
3.454464e-01	3.293036e-04
3.454720e-01	3.142638e-04
3.454976e-01	2.982060e-04
3.455232e-01	2.823028e-04
3.455488e-01	2.665760e-04
3.455744e-01	2.505551e-04
3.456000e-01	2.345273e-04
3.456256e-01	2.186302e-04
3.456512e-01	2.025284e-04
3.456768e-01	1.857592e-04
3.457024e-01	1.701005e-04
3.457280e-01	1.534514e-04
3.457536e-01	1.369628e-04
3.457792e-01	1.210999e-04
3.458048e-01	1.036154e-04
3.458304e-01	8.778692e-05
3.458560e-01	7.097127e-05
3.458816e-01	5.437353e-05
3.459072e-01	3.834859e-05
3.459328e-01	2.123484e-05
3.459584e-01	4.642565e-06
3.459840e-01	-1.210466e-05
3.460096e-01	-2.903283e-05
3.460352e-01	-4.514168e-05
3.460608e-01	-6.205229e-05
3.460864e-01	-7.847474e-05
3.461120e-01	-9.566323e-05
3.461376e-01	-1.118652e-04
3.461632e-01	-1.282328e-04
3.461888e-01	-1.451730e-04
3.462144e-01	-1.615338e-04
3.462400e-01	-1.781497e-04
3.462656e-01	-1.946793e-04
3.462912e-01	-2.111752e-04
3.463168e-01	-2.276665e-04
3.463424e-01	-2.438743e-04
3.463680e-01	-2.599388e-04
3.463936e-01	-2.763553e-04
3.464192e-01	-2.931750e-04
3.464448e-01	-3.086280e-04
3.464704e-01	-3.248628e-04
3.464960e-01	-3.405325e-04
3.465216e-01	-3.565691e-04
3.465472e-01	-3.725202e-04
3.465728e-01	-3.877563e-04
3.465984e-01	-4.034738e-04
3.466240e-01	-4.191665e-04
3.466496e-01	-4.344764e-04
3.466752e-01	-4.494661e-04
3.467008e-01	-4.644095e-04
3.467264e-01	-4.798297e-04
3.467520e-01	-4.948778e-04
3.467776e-01	-5.096238e-04
3.468032e-01	-5.238552e-04
3.468288e-01	-5.384130e-04
3.468544e-01	-5.529242e-04
3.468800e-01	-5.674305e-04
3.469056e-01	-5.812213e-04
3.469312e-01	-5.951758e-04
3.469568e-01	-6.087690e-04
3.469824e-01	-6.226231e-04
3.470080e-01	-6.359111e-04
3.470336e-01	-6.492463e-04
3.470592e-01	-6.626896e-04
3.470848e-01	-6.752894e-04
3.471104e-01	-6.879069e-04
3.471360e-01	-7.010663e-04
3.471616e-01	-7.130834e-04
3.471872e-01	-7.251623e-04
3.472128e-01	-7.373714e-04
3.472384e-01	-7.491002e-04
3.472640e-01	-7.605705e-04
3.472896e-01	-7.723399e-04
3.473152e-01	-7.831521e-04
3.473408e-01	-7.944168e-04
3.473664e-01	-8.052075e-04
3.473920e-01	-8.155861e-04
3.474176e-01	-8.260429e-04
3.474432e-01	-8.358391e-04
3.474688e-01	-8.461612e-04
3.474944e-01	-8.556838e-04
3.475200e-01	-8.644818e-04
3.475456e-01	-8.744446e-04
3.475712e-01	-8.828568e-04
3.475968e-01	-8.918415e-04
3.476224e-01	-9.003569e-04
3.476480e-01	-9.081928e-04
3.476736e-01	-9.164202e-04
3.476992e-01	-9.242966e-04
3.477248e-01	-9.317843e-04
3.477504e-01	-9.389565e-04
3.477760e-01	-9.457333e-04
3.478016e-01	-9.525426e-04
3.478272e-01	-9.584047e-04
3.478528e-01	-9.647883e-04
3.478784e-01	-9.710850e-04
3.479040e-01	-9.768332e-04
3.479296e-01	-9.819141e-04
3.479552e-01	-9.874563e-04
3.479808e-01	-9.922378e-04
3.480064e-01	-9.965200e-04
3.480320e-01	-1.000977e-03
3.480576e-01	-1.004584e-03
3.480832e-01	-1.009109e-03
3.481088e-01	-1.012374e-03
3.481344e-01	-1.015133e-03
3.481600e-01	-1.018551e-03
3.481856e-01	-1.020560e-03
3.482112e-01	-1.023751e-03
3.482368e-01	-1.025041e-03
3.482624e-01	-1.027202e-03
3.482880e-01	-1.028906e-03
3.483136e-01	-1.029784e-03
3.483392e-01	-1.031308e-03
3.483648e-01	-1.031433e-03
3.483904e-01	-1.031772e-03
3.484160e-01	-1.032312e-03
3.484416e-01	-1.032314e-03
3.484672e-01	-1.031705e-03
3.484928e-01	-1.030767e-03
3.485184e-01	-1.030085e-03
3.485440e-01	-1.028636e-03
3.485696e-01	-1.027004e-03
3.485952e-01	-1.025173e-03
3.486208e-01	-1.023513e-03
3.486464e-01	-1.020766e-03
3.486720e-01	-1.018595e-03
3.486976e-01	-1.015239e-03
3.487232e-01	-1.012324e-03
3.487488e-01	-1.008881e-03
3.487744e-01	-1.005079e-03
3.488000e-01	-1.000971e-03
3.488256e-01	-9.965923e-04
3.488512e-01	-9.925301e-04
3.488768e-01	-9.873608e-04
3.489024e-01	-9.827085e-04
3.489280e-01	-9.773613e-04
3.489536e-01	-9.714962e-04
3.489792e-01	-9.657750e-04
3.490048e-01	-9.597656e-04
3.490304e-01	-9.537335e-04
3.490560e-01	-9.469825e-04
3.490816e-01	-9.405038e-04
3.491072e-01	-9.329061e-04
3.491328e-01	-9.259203e-04
3.491584e-01	-9.184519e-04
3.491840e-01	-9.100919e-04
3.492096e-01	-9.024970e-04
3.492352e-01	-8.946029e-04
3.492608e-01	-8.855531e-04
3.492864e-01	-8.769002e-04
3.493120e-01	-8.679708e-04
3.493376e-01	-8.591817e-04
3.493632e-01	-8.498739e-04
3.493888e-01	-8.403183e-04
3.494144e-01	-8.301853e-04
3.494400e-01	-8.206987e-04
3.494656e-01	-8.102083e-04
3.494912e-01	-7.998794e-04
3.495168e-01	-7.892923e-04
3.495424e-01	-7.782630e-04
3.495680e-01	-7.674503e-04
3.495936e-01	-7.563208e-04
3.496192e-01	-7.448706e-04
3.496448e-01	-7.332111e-04
3.496704e-01	-7.214865e-04
3.496960e-01	-7.092853e-04
3.497216e-01	-6.972867e-04
3.497472e-01	-6.852133e-04
3.497728e-01	-6.727960e-04
3.497984e-01	-6.602760e-04
3.498240e-01	-6.469183e-04
3.498496e-01	-6.342973e-04
3.498752e-01	-6.211564e-04
3.499008e-01	-6.081556e-04
3.499264e-01	-5.944667e-04
3.499520e-01	-5.810470e-04
3.499776e-01	-5.671245e-04
3.500032e-01	-5.532420e-04
3.500288e-01	-5.393442e-04
3.500544e-01	-5.252328e-04
3.500800e-01	-5.111592e-04
3.501056e-01	-4.967870e-04
3.501312e-01	-4.823121e-04
3.501568e-01	-4.676312e-04
3.501824e-01	-4.527095e-04
3.502080e-01	-4.378898e-04
3.502336e-01	-4.230246e-04
3.502592e-01	-4.082576e-04
3.502848e-01	-3.926705e-04
3.503104e-01	-3.777047e-04
3.503360e-01	-3.626102e-04
3.503616e-01	-3.473088e-04
3.503872e-01	-3.315213e-04
3.504128e-01	-3.159910e-04
3.504384e-01	-3.006235e-04
3.504640e-01	-2.846833e-04
3.504896e-01	-2.687234e-04
3.505152e-01	-2.533620e-04
3.505408e-01	-2.372906e-04
3.505664e-01	-2.213504e-04
3.505920e-01	-2.055315e-04
3.506176e-01	-1.894621e-04
3.506432e-01	-1.734747e-04
3.506688e-01	-1.575973e-04
3.506944e-01	-1.412132e-04
3.507200e-01	-1.251698e-04
3.507456e-01	-1.092390e-04
3.507712e-01	-9.295940e-05
3.507968e-01	-7.664418e-05
3.508224e-01	-6.073211e-05
3.508480e-01	-4.408474e-05
3.508736e-01	-2.824018e-05
3.508992e-01	-1.197989e-05
3.509248e-01	3.961512e-06
3.509504e-01	2.038608e-05
3.509760e-01	3.647690e-05
3.510016e-01	5.281435e-05
3.510272e-01	6.895791e-05
3.510528e-01	8.472977e-05
3.510784e-01	1.013674e-04
3.511040e-01	1.168604e-04
3.511296e-01	1.329323e-04
3.511552e-01	1.491624e-04
3.511808e-01	1.648578e-04
3.512064e-01	1.808524e-04
3.512320e-01	1.962856e-04
3.512576e-01	2.127011e-04
3.512832e-01	2.280032e-04
3.513088e-01	2.436262e-04
3.513344e-01	2.588022e-04
3.513600e-01	2.747443e-04
3.513856e-01	2.904623e-04
3.514112e-01	3.053438e-04
3.514368e-01	3.209925e-04
3.514624e-01	3.357116e-04
3.514880e-01	3.506008e-04
3.515136e-01	3.658421e-04
3.515392e-01	3.805284e-04
3.515648e-01	3.954753e-04
3.515904e-01	4.099255e-04
3.516160e-01	4.251070e-04
3.516416e-01	4.388900e-04
3.516672e-01	4.533446e-04
3.516928e-01	4.675890e-04
3.517184e-01	4.815682e-04
3.517440e-01	4.955526e-04
3.517696e-01	5.092709e-04
3.517952e-01	5.232709e-04
3.518208e-01	5.367658e-04
3.518464e-01	5.500293e-04
3.518720e-01	5.632028e-04
3.518976e-01	5.763594e-04
3.519232e-01	5.895395e-04
3.519488e-01	6.026221e-04
3.519744e-01	6.151141e-04
3.520000e-01	6.275503e-04
3.520256e-01	6.398743e-04
3.520512e-01	6.518158e-04
3.520768e-01	6.645623e-04
3.521024e-01	6.754838e-04
3.521280e-01	6.876144e-04
3.521536e-01	6.992636e-04
3.521792e-01	7.106206e-04
3.522048e-01	7.220372e-04
3.522304e-01	7.329210e-04
3.522560e-01	7.437384e-04
3.522816e-01	7.543502e-04
3.523072e-01	7.651051e-04
3.523328e-01	7.751894e-04
3.523584e-01	7.846070e-04
3.523840e-01	7.950071e-04
3.524096e-01	8.045348e-04
3.524352e-01	8.136560e-04
3.524608e-01	8.230646e-04
3.524864e-01	8.319502e-04
3.525120e-01	8.408490e-04
3.525376e-01	8.498691e-04
3.525632e-01	8.577295e-04
3.525888e-01	8.662778e-04
3.526144e-01	8.742799e-04
3.526400e-01	8.816194e-04
3.526656e-01	8.892010e-04
3.526912e-01	8.965883e-04
3.527168e-01	9.035377e-04
3.527424e-01	9.105274e-04
3.527680e-01	9.168452e-04
3.527936e-01	9.236771e-04
3.528192e-01	9.298917e-04
3.528448e-01	9.353801e-04
3.528704e-01	9.410883e-04
3.528960e-01	9.466925e-04
3.529216e-01	9.516754e-04
3.529472e-01	9.567427e-04
3.529728e-01	9.611466e-04
3.529984e-01	9.658812e-04
3.530240e-01	9.703954e-04
3.530496e-01	9.740476e-04
3.530752e-01	9.782991e-04
3.531008e-01	9.815746e-04
3.531264e-01	9.842413e-04
3.531520e-01	9.881500e-04
3.531776e-01	9.910500e-04
3.532032e-01	9.931297e-04
3.532288e-01	9.951798e-04
3.532544e-01	9.975864e-04
3.532800e-01	9.990018e-04
3.533056e-01	1.000979e-03
3.533312e-01	1.002039e-03
3.533568e-01	1.003592e-03
3.533824e-01	1.004107e-03
3.534080e-01	1.004750e-03
3.534336e-01	1.005238e-03
3.534592e-01	1.004992e-03
3.534848e-01	1.005204e-03
3.535104e-01	1.004359e-03
3.535360e-01	1.004353e-03
3.535616e-01	1.003047e-03
3.535872e-01	1.001541e-03
3.536128e-01	1.000792e-03
3.536384e-01	9.984525e-04
3.536640e-01	9.968764e-04
3.536896e-01	9.946753e-04
3.537152e-01	9.925967e-04
3.537408e-01	9.895746e-04
3.537664e-01	9.867779e-04
3.537920e-01	9.838428e-04
3.538176e-01	9.805275e-04
3.538432e-01	9.765005e-04
3.538688e-01	9.729546e-04
3.538944e-01	9.690227e-04
3.539200e-01	9.639660e-04
3.539456e-01	9.603527e-04
3.539712e-01	9.551714e-04
3.539968e-01	9.497821e-04
3.540224e-01	9.446486e-04
3.540480e-01	9.386974e-04
3.540736e-01	9.333105e-04
3.540992e-01	9.266842e-04
3.541248e-01	9.210040e-04
3.541504e-01	9.141002e-04
3.541760e-01	9.074786e-04
3.542016e-01	9.003248e-04
3.542272e-01	8.932264e-04
3.542528e-01	8.856164e-04
3.542784e-01	8.779160e-04
3.543040e-01	8.702051e-04
3.543296e-01	8.620862e-04
3.543552e-01	8.538561e-04
3.543808e-01	8.451672e-04
3.544064e-01	8.367187e-04
3.544320e-01	8.271766e-04
3.544576e-01	8.179132e-04
3.544832e-01	8.086610e-04
3.545088e-01	7.988056e-04
3.545344e-01	7.891799e-04
3.545600e-01	7.790248e-04
3.545856e-01	7.690807e-04
3.546112e-01	7.581583e-04
3.546368e-01	7.477485e-04
3.546624e-01	7.364706e-04
3.546880e-01	7.253736e-04
3.547136e-01	7.145506e-04
3.547392e-01	7.027193e-04
3.547648e-01	6.908386e-04
3.547904e-01	6.790818e-04
3.548160e-01	6.673241e-04
3.548416e-01	6.554190e-04
3.548672e-01	6.425345e-04
3.548928e-01	6.304346e-04
3.549184e-01	6.170308e-04
3.549440e-01	6.041874e-04
3.549696e-01	5.913184e-04
3.549952e-01	5.779160e-04
3.550208e-01	5.647894e-04
3.550464e-01	5.509219e-04
3.550720e-01	5.372796e-04
3.550976e-01	5.234117e-04
3.551232e-01	5.094526e-04
3.551488e-01	4.951921e-04
3.551744e-01	4.810612e-04
3.552000e-01	4.666763e-04
3.552256e-01	4.515201e-04
3.552512e-01	4.375816e-04
3.552768e-01	4.223548e-04
3.553024e-01	4.076990e-04
3.553280e-01	3.926938e-04
3.553536e-01	3.771078e-04
3.553792e-01	3.622659e-04
3.554048e-01	3.467386e-04
3.554304e-01	3.310577e-04
3.554560e-01	3.156347e-04
3.554816e-01	2.997087e-04
3.555072e-01	2.843403e-04
3.555328e-01	2.678889e-04
3.555584e-01	2.523676e-04
3.555840e-01	2.363971e-04
3.556096e-01	2.202947e-04
3.556352e-01	2.037957e-04
3.556608e-01	1.875530e-04
3.556864e-01	1.716227e-04
3.557120e-01	1.552008e-04
3.557376e-01	1.387688e-04
3.557632e-01	1.219728e-04
3.557888e-01	1.057761e-04
3.558144e-01	8.936604e-05
3.558400e-01	7.271336e-05
3.558656e-01	5.593402e-05
3.558912e-01	3.957130e-05
3.559168e-01	2.301982e-05
3.559424e-01	6.078978e-06
3.559680e-01	-1.034022e-05
3.559936e-01	-2.731075e-05
3.560192e-01	-4.319063e-05
3.560448e-01	-6.043503e-05
3.560704e-01	-7.697224e-05
3.560960e-01	-9.385435e-05
3.561216e-01	-1.104247e-04
3.561472e-01	-1.267458e-04
3.561728e-01	-1.435074e-04
3.561984e-01	-1.602419e-04
3.562240e-01	-1.764220e-04
3.562496e-01	-1.929870e-04
3.562752e-01	-2.095556e-04
3.563008e-01	-2.256373e-04
3.563264e-01	-2.422158e-04
3.563520e-01	-2.586235e-04
3.563776e-01	-2.748580e-04
3.564032e-01	-2.912720e-04
3.564288e-01	-3.075212e-04
3.564544e-01	-3.231009e-04
3.564800e-01	-3.388216e-04
3.565056e-01	-3.554089e-04
3.565312e-01	-3.707021e-04
3.565568e-01	-3.863542e-04
3.565824e-01	-4.019254e-04
3.566080e-01	-4.174431e-04
3.566336e-01	-4.327815e-04
3.566592e-01	-4.478437e-04
3.566848e-01	-4.630633e-04
3.567104e-01	-4.787182e-04
3.567360e-01	-4.932571e-04
3.567616e-01	-5.079914e-04
3.567872e-01	-5.222941e-04
3.568128e-01	-5.370704e-04
3.568384e-01	-5.516673e-04
3.568640e-01	-5.655335e-04
3.568896e-01	-5.798684e-04
3.569152e-01	-5.939145e-04
3.569408e-01	-6.076982e-04
3.569664e-01	-6.211617e-04
3.569920e-01	-6.346568e-04
3.570176e-01	-6.481041e-04
3.570432e-01	-6.607817e-04
3.570688e-01	-6.742765e-04
3.570944e-01	-6.872318e-04
3.571200e-01	-6.997813e-04
3.571456e-01	-7.114653e-04
3.571712e-01	-7.241344e-04
3.571968e-01	-7.361078e-04
3.572224e-01	-7.480366e-04
3.572480e-01	-7.599834e-04
3.572736e-01	-7.708461e-04
3.572992e-01	-7.823122e-04
3.573248e-01	-7.933517e-04
3.573504e-01	-8.041348e-04
3.573760e-01	-8.148546e-04
3.574016e-01	-8.247914e-04
3.574272e-01	-8.351494e-04
3.574528e-01	-8.445922e-04
3.574784e-01	-8.548977e-04
3.575040e-01	-8.641860e-04
3.575296e-01	-8.730419e-04
3.575552e-01	-8.824708e-04
3.575808e-01	-8.910619e-04
3.576064e-01	-8.997651e-04
3.576320e-01	-9.078810e-04
3.576576e-01	-9.154078e-04
3.576832e-01	-9.234537e-04
3.577088e-01	-9.311407e-04
3.577344e-01	-9.388396e-04
3.577600e-01	-9.454155e-04
3.577856e-01	-9.521324e-04
3.578112e-01	-9.585513e-04
3.578368e-01	-9.645388e-04
3.578624e-01	-9.705783e-04
3.578880e-01	-9.764576e-04
3.579136e-01	-9.818336e-04
3.579392e-01	-9.864824e-04
3.579648e-01	-9.916169e-04
3.579904e-01	-9.966139e-04
3.580160e-01	-1.000475e-03
3.580416e-01	-1.004719e-03
3.580672e-01	-1.008137e-03
3.580928e-01	-1.012169e-03
3.581184e-01	-1.014917e-03
3.581440e-01	-1.017991e-03
3.581696e-01	-1.020940e-03
3.581952e-01	-1.023177e-03
3.582208e-01	-1.025110e-03
3.582464e-01	-1.026899e-03
3.582720e-01	-1.028925e-03
3.582976e-01	-1.029946e-03
3.583232e-01	-1.030548e-03
3.583488e-01	-1.031536e-03
3.583744e-01	-1.032075e-03
3.584000e-01	-1.032412e-03
3.584256e-01	-1.032118e-03
3.584512e-01	-1.031573e-03
3.584768e-01	-1.030933e-03
3.585024e-01	-1.030193e-03
3.585280e-01	-1.029016e-03
3.585536e-01	-1.027645e-03
3.585792e-01	-1.025707e-03
3.586048e-01	-1.023655e-03
3.586304e-01	-1.021066e-03
3.586560e-01	-1.018578e-03
3.586816e-01	-1.015500e-03
3.587072e-01	-1.012808e-03
3.587328e-01	-1.009177e-03
3.587584e-01	-1.005510e-03
3.587840e-01	-1.001668e-03
3.588096e-01	-9.969849e-04
3.588352e-01	-9.928588e-04
3.588608e-01	-9.879712e-04
3.588864e-01	-9.828920e-04
3.589120e-01	-9.783498e-04
3.589376e-01	-9.718159e-04
3.589632e-01	-9.663609e-04
3.589888e-01	-9.607275e-04
3.590144e-01	-9.540817e-04
3.590400e-01	-9.478595e-04
3.590656e-01	-9.409697e-04
3.590912e-01	-9.333778e-04
3.591168e-01	-9.266526e-04
3.591424e-01	-9.190594e-04
3.591680e-01	-9.113438e-04
3.591936e-01	-9.038640e-04
3.592192e-01	-8.954055e-04
3.592448e-01	-8.866310e-04
3.592704e-01	-8.781229e-04
3.592960e-01	-8.688559e-04
3.593216e-01	-8.597460e-04
3.593472e-01	-8.509519e-04
3.593728e-01	-8.414731e-04
3.593984e-01	-8.312405e-04
3.594240e-01	-8.215347e-04
3.594496e-01	-8.110977e-04
3.594752e-01	-8.010061e-04
3.595008e-01	-7.901749e-04
3.595264e-01	-7.791328e-04
3.595520e-01	-7.682108e-04
3.595776e-01	-7.569944e-04
3.596032e-01	-7.457427e-04
3.596288e-01	-7.345433e-04
3.596544e-01	-7.224530e-04
3.596800e-01	-7.104269e-04
3.597056e-01	-6.984227e-04
3.597312e-01	-6.861741e-04
3.597568e-01	-6.738447e-04
3.597824e-01	-6.610097e-04
3.598080e-01	-6.482766e-04
3.598336e-01	-6.353595e-04
3.598592e-01	-6.223745e-04
3.598848e-01	-6.091399e-04
3.599104e-01	-5.953045e-04
3.599360e-01	-5.820993e-04
3.599616e-01	-5.679161e-04
3.599872e-01	-5.548178e-04
3.600128e-01	-5.403977e-04
3.600384e-01	-5.264465e-04
3.600640e-01	-5.125718e-04
3.600896e-01	-4.976375e-04
3.601152e-01	-4.833583e-04
3.601408e-01	-4.691588e-04
3.601664e-01	-4.545250e-04
3.601920e-01	-4.392678e-04
3.602176e-01	-4.244651e-04
3.602432e-01	-4.094619e-04
3.602688e-01	-3.940715e-04
3.602944e-01	-3.794538e-04
3.603200e-01	-3.635651e-04
3.603456e-01	-3.482981e-04
3.603712e-01	-3.333409e-04
3.603968e-01	-3.175015e-04
3.604224e-01	-3.020502e-04
3.604480e-01	-2.865076e-04
3.604736e-01	-2.701909e-04
3.604992e-01	-2.549150e-04
3.605248e-01	-2.389604e-04
3.605504e-01	-2.231941e-04
3.605760e-01	-2.071921e-04
3.606016e-01	-1.910659e-04
3.606272e-01	-1.749998e-04
3.606528e-01	-1.591340e-04
3.606784e-01	-1.429947e-04
3.607040e-01	-1.266128e-04
3.607296e-01	-1.102970e-04
3.607552e-01	-9.457763e-05
3.607808e-01	-7.833216e-05
3.608064e-01	-6.207955e-05
3.608320e-01	-4.580503e-05
3.608576e-01	-2.959898e-05
3.608832e-01	-1.371164e-05
3.609088e-01	2.948875e-06
3.609344e-01	1.857438e-05
3.609600e-01	3.478659e-05
3.609856e-01	5.156321e-05
3.610112e-01	6.735248e-05
3.610368e-01	8.384961e-05
3.610624e-01	9.898877e-05
3.610880e-01	1.156363e-04
3.611136e-01	1.319129e-04
3.611392e-01	1.476215e-04
3.611648e-01	1.635333e-04
3.611904e-01	1.795901e-04
3.612160e-01	1.951584e-04
3.612416e-01	2.109454e-04
3.612672e-01	2.264900e-04
3.612928e-01	2.417702e-04
3.613184e-01	2.577978e-04
3.613440e-01	2.734871e-04
3.613696e-01	2.883408e-04
3.613952e-01	3.037518e-04
3.614208e-01	3.194543e-04
3.614464e-01	3.341504e-04
3.614720e-01	3.492167e-04
3.614976e-01	3.641720e-04
3.615232e-01	3.790581e-04
3.615488e-01	3.941664e-04
3.615744e-01	4.083123e-04
3.616000e-01	4.234562e-04
3.616256e-01	4.373783e-04
3.616512e-01	4.518146e-04
3.616768e-01	4.659485e-04
3.617024e-01	4.802844e-04
3.617280e-01	4.941946e-04
3.617536e-01	5.078258e-04
3.617792e-01	5.217009e-04
3.618048e-01	5.356112e-04
3.618304e-01	5.489644e-04
3.618560e-01	5.618793e-04
3.618816e-01	5.752773e-04
3.619072e-01	5.884595e-04
3.619328e-01	6.011731e-04
3.619584e-01	6.136285e-04
3.619840e-01	6.265063e-04
3.620096e-01	6.388956e-04
3.620352e-01	6.509703e-04
3.620608e-01	6.632080e-04
3.620864e-01	6.748670e-04
3.621120e-01	6.869877e-04
3.621376e-01	6.978856e-04
3.621632e-01	7.093565e-04
3.621888e-01	7.208995e-04
3.622144e-01	7.319067e-04
3.622400e-01	7.424039e-04
3.622656e-01	7.532468e-04
3.622912e-01	7.640921e-04
3.623168e-01	7.737936e-04
3.623424e-01	7.838345e-04
3.623680e-01	7.938948e-04
3.623936e-01	8.031463e-04
3.624192e-01	8.129404e-04
3.624448e-01	8.218890e-04
3.624704e-01	8.314609e-04
3.624960e-01	8.396012e-04
3.625216e-01	8.489264e-04
3.625472e-01	8.572829e-04
3.625728e-01	8.646949e-04
3.625984e-01	8.732655e-04
3.626240e-01	8.808914e-04
3.626496e-01	8.884430e-04
3.626752e-01	8.957327e-04
3.627008e-01	9.029761e-04
3.627264e-01	9.100012e-04
3.627520e-01	9.163001e-04
3.627776e-01	9.227187e-04
3.628032e-01	9.289490e-04
3.628288e-01	9.345833e-04
3.628544e-01	9.406413e-04
3.628800e-01	9.462927e-04
3.629056e-01	9.510912e-04
3.629312e-01	9.564954e-04
3.629568e-01	9.608312e-04
3.629824e-01	9.655703e-04
3.630080e-01	9.697044e-04
3.630336e-01	9.738440e-04
3.630592e-01	9.774849e-04
3.630848e-01	9.812240e-04
3.631104e-01	9.842044e-04
3.631360e-01	9.875068e-04
3.631616e-01	9.904689e-04
3.631872e-01	9.925853e-04
3.632128e-01	9.955009e-04
3.632384e-01	9.970851e-04
3.632640e-01	9.989389e-04
3.632896e-01	1.000964e-03
3.633152e-01	1.001532e-03
3.633408e-01	1.003359e-03
3.633664e-01	1.004234e-03
3.633920e-01	1.004627e-03
3.634176e-01	1.004498e-03
3.634432e-01	1.004815e-03
3.634688e-01	1.004951e-03
3.634944e-01	1.004603e-03
3.635200e-01	1.003688e-03
3.635456e-01	1.002581e-03
3.635712e-01	1.001876e-03
3.635968e-01	1.000419e-03
3.636224e-01	9.987988e-04
3.636480e-01	9.972617e-04
3.636736e-01	9.946967e-04
3.636992e-01	9.922154e-04
3.637248e-01	9.897706e-04
3.637504e-01	9.870272e-04
3.637760e-01	9.836734e-04
3.638016e-01	9.803476e-04
3.638272e-01	9.769069e-04
3.638528e-01	9.731103e-04
3.638784e-01	9.684626e-04
3.639040e-01	9.644935e-04
3.639296e-01	9.600602e-04
3.639552e-01	9.554456e-04
3.639808e-01	9.503355e-04
3.640064e-01	9.451184e-04
3.640320e-01	9.393974e-04
3.640576e-01	9.333940e-04
3.640832e-01	9.273474e-04
3.641088e-01	9.216403e-04
3.641344e-01	9.148907e-04
3.641600e-01	9.078662e-04
3.641856e-01	9.012059e-04
3.642112e-01	8.937895e-04
3.642368e-01	8.865936e-04
3.642624e-01	8.791183e-04
3.642880e-01	8.708942e-04
3.643136e-01	8.632243e-04
3.643392e-01	8.543123e-04
3.643648e-01	8.459653e-04
3.643904e-01	8.374107e-04
3.644160e-01	8.281100e-04
3.644416e-01	8.192133e-04
3.644672e-01	8.095512e-04
3.644928e-01	7.996086e-04
3.645184e-01	7.899289e-04
3.645440e-01	7.799194e-04
3.645696e-01	7.699638e-04
3.645952e-01	7.592276e-04
3.646208e-01	7.484886e-04
3.646464e-01	7.377774e-04
3.646720e-01	7.270545e-04
3.646976e-01	7.149059e-04
3.647232e-01	7.038289e-04
3.647488e-01	6.920957e-04
3.647744e-01	6.800978e-04
3.648000e-01	6.682663e-04
3.648256e-01	6.561753e-04
3.648512e-01	6.435564e-04
3.648768e-01	6.312454e-04
3.649024e-01	6.187076e-04
3.649280e-01	6.055189e-04
3.649536e-01	5.925818e-04
3.649792e-01	5.791248e-04
3.650048e-01	5.655925e-04
3.650304e-01	5.519495e-04
3.650560e-01	5.383050e-04
3.650816e-01	5.245035e-04
3.651072e-01	5.108503e-04
3.651328e-01	4.971123e-04
3.651584e-01	4.821872e-04
3.651840e-01	4.680551e-04
3.652096e-01	4.529393e-04
3.652352e-01	4.387581e-04
3.652608e-01	4.238330e-04
3.652864e-01	4.084827e-04
3.653120e-01	3.940618e-04
3.653376e-01	3.784292e-04
3.653632e-01	3.634434e-04
3.653888e-01	3.480910e-04
3.654144e-01	3.320625e-04
3.654400e-01	3.171369e-04
3.654656e-01	3.010405e-04
3.654912e-01	2.855169e-04
3.655168e-01	2.696360e-04
3.655424e-01	2.538128e-04
3.655680e-01	2.376007e-04
3.655936e-01	2.217963e-04
3.656192e-01	2.053963e-04
3.656448e-01	1.890938e-04
3.656704e-01	1.732059e-04
3.656960e-01	1.566260e-04
3.657216e-01	1.401497e-04
3.657472e-01	1.240567e-04
3.657728e-01	1.071380e-04
3.657984e-01	9.083547e-05
3.658240e-01	7.478815e-05
3.658496e-01	5.760157e-05
3.658752e-01	4.110704e-05
3.659008e-01	2.415805e-05
3.659264e-01	7.547214e-06
3.659520e-01	-8.847148e-06
3.659776e-01	-2.575572e-05
3.660032e-01	-4.136611e-05
3.660288e-01	-5.928201e-05
3.660544e-01	-7.553485e-05
3.660800e-01	-9.208382e-05
3.661056e-01	-1.090181e-04
3.661312e-01	-1.250191e-04
3.661568e-01	-1.422133e-04
3.661824e-01	-1.586822e-04
3.662080e-01	-1.750634e-04
3.662336e-01	-1.916974e-04
3.662592e-01	-2.078658e-04
3.662848e-01	-2.247258e-04
3.663104e-01	-2.410280e-04
3.663360e-01	-2.571153e-04
3.663616e-01	-2.732342e-04
3.663872e-01	-2.892904e-04
3.664128e-01	-3.056022e-04
3.664384e-01	-3.218046e-04
3.664640e-01	-3.374528e-04
3.664896e-01	-3.537498e-04
3.665152e-01	-3.693407e-04
3.665408e-01	-3.848885e-04
3.665664e-01	-4.007293e-04
3.665920e-01	-4.160247e-04
3.666176e-01	-4.312309e-04
3.666432e-01	-4.470445e-04
3.666688e-01	-4.617957e-04
3.666944e-01	-4.771875e-04
3.667200e-01	-4.917640e-04
3.667456e-01	-5.068560e-04
3.667712e-01	-5.215083e-04
3.667968e-01	-5.359660e-04
3.668224e-01	-5.505127e-04
3.668480e-01	-5.644353e-04
3.668736e-01	-5.786690e-04
3.668992e-01	-5.923416e-04
3.669248e-01	-6.067266e-04
3.669504e-01	-6.199815e-04
3.669760e-01	-6.328558e-04
3.670016e-01	-6.470990e-04
3.670272e-01	-6.600397e-04
3.670528e-01	-6.730484e-04
3.670784e-01	-6.860930e-04
3.671040e-01	-6.982608e-04
3.671296e-01	-7.105993e-04
3.671552e-01	-7.232953e-04
3.671808e-01	-7.347452e-04
3.672064e-01	-7.468663e-04
3.672320e-01	-7.584302e-04
3.672576e-01	-7.699280e-04
3.672832e-01	-7.812663e-04
3.673088e-01	-7.922114e-04
3.673344e-01	-8.026504e-04
3.673600e-01	-8.133691e-04
3.673856e-01	-8.237531e-04
3.674112e-01	-8.342221e-04
3.674368e-01	-8.444203e-04
3.674624e-01	-8.535167e-04
3.674880e-01	-8.628614e-04
3.675136e-01	-8.726683e-04
3.675392e-01	-8.813628e-04
3.675648e-01	-8.903089e-04
3.675904e-01	-8.989534e-04
3.676160e-01	-9.071428e-04
3.676416e-01	-9.151791e-04
3.676672e-01	-9.227218e-04
3.676928e-01	-9.301443e-04
3.677184e-01	-9.376401e-04
3.677440e-01	-9.448814e-04
3.677696e-01	-9.514233e-04
3.677952e-01	-9.576384e-04
3.678208e-01	-9.643636e-04
3.678464e-01	-9.697771e-04
3.678720e-01	-9.755701e-04
3.678976e-01	-9.808890e-04
3.679232e-01	-9.866868e-04
3.679488e-01	-9.911730e-04
3.679744e-01	-9.958006e-04
3.680000e-01	-1.000427e-03
3.680256e-01	-1.004138e-03
3.680512e-01	-1.008204e-03
3.680768e-01	-1.011636e-03
3.681024e-01	-1.014859e-03
3.681280e-01	-1.017932e-03
3.681536e-01	-1.020443e-03
3.681792e-01	-1.022962e-03
3.682048e-01	-1.024894e-03
3.682304e-01	-1.026611e-03
3.682560e-01	-1.028537e-03
3.682816e-01	-1.029688e-03
3.683072e-01	-1.030584e-03
3.683328e-01	-1.031672e-03
3.683584e-01	-1.031596e-03
3.683840e-01	-1.032154e-03
3.684096e-01	-1.031952e-03
3.684352e-01	-1.031859e-03
3.684608e-01	-1.031075e-03
3.684864e-01	-1.029934e-03
3.685120e-01	-1.028758e-03
3.685376e-01	-1.027264e-03
3.685632e-01	-1.025783e-03
3.685888e-01	-1.023747e-03
3.686144e-01	-1.021431e-03
3.686400e-01	-1.018875e-03
3.686656e-01	-1.015580e-03
3.686912e-01	-1.012595e-03
3.687168e-01	-1.009417e-03
3.687424e-01	-1.005946e-03
3.687680e-01	-1.001845e-03
3.687936e-01	-9.977638e-04
3.688192e-01	-9.929747e-04
3.688448e-01	-9.884704e-04
3.688704e-01	-9.834219e-04
3.688960e-01	-9.784632e-04
3.689216e-01	-9.726255e-04
3.689472e-01	-9.670220e-04
3.689728e-01	-9.609140e-04
3.689984e-01	-9.544097e-04
3.690240e-01	-9.482782e-04
3.690496e-01	-9.413483e-04
3.690752e-01	-9.341615e-04
3.691008e-01	-9.269091e-04
3.691264e-01	-9.199245e-04
3.691520e-01	-9.120556e-04
3.691776e-01	-9.041394e-04
3.692032e-01	-8.957316e-04
3.692288e-01	-8.873095e-04
3.692544e-01	-8.788955e-04
3.692800e-01	-8.697321e-04
3.693056e-01	-8.609969e-04
3.693312e-01	-8.513597e-04
3.693568e-01	-8.425793e-04
3.693824e-01	-8.320622e-04
3.694080e-01	-8.228442e-04
3.694336e-01	-8.122090e-04
3.694592e-01	-8.018892e-04
3.694848e-01	-7.916761e-04
3.695104e-01	-7.800849e-04
3.695360e-01	-7.699057e-04
3.695616e-01	-7.585189e-04
3.695872e-01	-7.467603e-04
3.696128e-01	-7.354175e-04
3.696384e-01	-7.236546e-04
3.696640e-01	-7.115246e-04
3.696896e-01	-6.995790e-04
3.697152e-01	-6.874061e-04
3.697408e-01	-6.751393e-04
3.697664e-01	-6.623098e-04
3.697920e-01	-6.493333e-04
3.698176e-01	-6.368092e-04
3.698432e-01	-6.233082e-04
3.698688e-01	-6.104290e-04
3.698944e-01	-5.967143e-04
3.699200e-01	-5.836244e-04
3.699456e-01	-5.696842e-04
3.699712e-01	-5.557131e-04
3.699968e-01	-5.419161e-04
3.700224e-01	-5.279959e-04
3.700480e-01	-5.139110e-04
3.700736e-01	-4.993313e-04
3.700992e-01	-4.845102e-04
3.701248e-01	-4.701905e-04
3.701504e-01	-4.556265e-04
3.701760e-01	-4.406684e-04
3.702016e-01	-4.258298e-04
3.702272e-01	-4.111146e-04
3.702528e-01	-3.960014e-04
3.702784e-01	-3.808719e-04
3.703040e-01	-3.655738e-04
3.703296e-01	-3.496734e-04
3.703552e-01	-3.343305e-04
3.703808e-01	-3.193301e-04
3.704064e-01	-3.034631e-04
3.704320e-01	-2.879883e-04
3.704576e-01	-2.717969e-04
3.704832e-01	-2.561894e-04
3.705088e-01	-2.404156e-04
3.705344e-01	-2.248298e-04
3.705600e-01	-2.088142e-04
3.705856e-01	-1.927105e-04
3.706112e-01	-1.762680e-04
3.706368e-01	-1.601720e-04
3.706624e-01	-1.445543e-04
3.706880e-01	-1.284184e-04
3.707136e-01	-1.119269e-04
3.707392e-01	-9.625059e-05
3.707648e-01	-7.997029e-05
3.707904e-01	-6.354275e-05
3.708160e-01	-4.725447e-05
3.708416e-01	-3.120244e-05
3.708672e-01	-1.525024e-05
3.708928e-01	9.823123e-07
3.709184e-01	1.752606e-05
3.709440e-01	3.389062e-05
3.709696e-01	4.952852e-05
3.709952e-01	6.607710e-05
3.710208e-01	8.219223e-05
3.710464e-01	9.758450e-05
3.710720e-01	1.140623e-04
3.710976e-01	1.297779e-04
3.711232e-01	1.461351e-04
3.711488e-01	1.615495e-04
3.711744e-01	1.777592e-04
3.712000e-01	1.937680e-04
3.712256e-01	2.094743e-04
3.712512e-01	2.253882e-04
3.712768e-01	2.406345e-04
3.713024e-01	2.562230e-04
3.713280e-01	2.716747e-04
3.713536e-01	2.870327e-04
3.713792e-01	3.028335e-04
3.714048e-01	3.175385e-04
3.714304e-01	3.326692e-04
3.714560e-01	3.476868e-04
3.714816e-01	3.627426e-04
3.715072e-01	3.779572e-04
3.715328e-01	3.925711e-04
3.715584e-01	4.067584e-04
3.715840e-01	4.217057e-04
3.716096e-01	4.361257e-04
3.716352e-01	4.505628e-04
3.716608e-01	4.648693e-04
3.716864e-01	4.790084e-04
3.717120e-01	4.933932e-04
3.717376e-01	5.066271e-04
3.717632e-01	5.201944e-04
3.717888e-01	5.343980e-04
3.718144e-01	5.475899e-04
3.718400e-01	5.608477e-04
3.718656e-01	5.738792e-04
3.718912e-01	5.871482e-04
3.719168e-01	5.998250e-04
3.719424e-01	6.126701e-04
3.719680e-01	6.248548e-04
3.719936e-01	6.374549e-04
3.720192e-01	6.498321e-04
3.720448e-01	6.618813e-04
3.720704e-01	6.738208e-04
3.720960e-01	6.859186e-04
3.721216e-01	6.971481e-04
3.721472e-01	7.083418e-04
3.721728e-01	7.197516e-04
3.721984e-01	7.308240e-04
3.722240e-01	7.417244e-04
3.722496e-01	7.521829e-04
3.722752e-01	7.627195e-04
3.723008e-01	7.731617e-04
3.723264e-01	7.828111e-04
3.723520e-01	7.929585e-04
3.723776e-01	8.025180e-04
3.724032e-01	8.121985e-04
3.724288e-01	8.215129e-04
3.724544e-01	8.304662e-04
3.724800e-01	8.393193e-04
3.725056e-01	8.478074e-04
3.725312e-01	8.565813e-04
3.725568e-01	8.644998e-04
3.725824e-01	8.722796e-04
3.726080e-01	8.804511e-04
3.726336e-01	8.877675e-04
3.726592e-01	8.953540e-04
3.726848e-01	9.019998e-04
3.727104e-01	9.095468e-04
3.727360e-01	9.157381e-04
3.727616e-01	9.218729e-04
3.727872e-01	9.286141e-04
3.728128e-01	9.347860e-04
3.728384e-01	9.398488e-04
3.728640e-01	9.457400e-04
3.728896e-01	9.510876e-04
3.729152e-01	9.556871e-04
3.729408e-01	9.612467e-04
3.729664e-01	9.650909e-04
3.729920e-01	9.695386e-04
3.730176e-01	9.738288e-04
3.730432e-01	9.772623e-04
3.730688e-01	9.813880e-04
3.730944e-01	9.843182e-04
3.731200e-01	9.873811e-04
3.731456e-01	9.901470e-04
3.731712e-01	9.932821e-04
3.731968e-01	9.946648e-04
3.732224e-01	9.967574e-04
3.732480e-01	9.991177e-04
3.732736e-01	1.000507e-03
3.732992e-01	1.001879e-03
3.733248e-01	1.002920e-03
3.733504e-01	1.004098e-03
3.733760e-01	1.004758e-03
3.734016e-01	1.004539e-03
3.734272e-01	1.004863e-03
3.734528e-01	1.005037e-03
3.734784e-01	1.004325e-03
3.735040e-01	1.003889e-03
3.735296e-01	1.003247e-03
3.735552e-01	1.001801e-03
3.735808e-01	1.000916e-03
3.736064e-01	9.990004e-04
3.736320e-01	9.972965e-04
3.736576e-01	9.951334e-04
3.736832e-01	9.929199e-04
3.737088e-01	9.902178e-04
3.737344e-01	9.874118e-04
3.737600e-01	9.844194e-04
3.737856e-01	9.808072e-04
3.738112e-01	9.776618e-04
3.738368e-01	9.732623e-04
3.738624e-01	9.692546e-04
3.738880e-01	9.654470e-04
3.739136e-01	9.602665e-04
3.739392e-01	9.561090e-04
3.739648e-01	9.508494e-04
3.739904e-01	9.455140e-04
3.740160e-01	9.396095e-04
3.740416e-01	9.340981e-04
3.740672e-01	9.278380e-04
3.740928e-01	9.216719e-04
3.741184e-01	9.156330e-04
3.741440e-01	9.088176e-04
3.741696e-01	9.014937e-04
3.741952e-01	8.943593e-04
3.742208e-01	8.873329e-04
3.742464e-01	8.797007e-04
3.742720e-01	8.719702e-04
3.742976e-01	8.634028e-04
3.743232e-01	8.552310e-04
3.743488e-01	8.470340e-04
3.743744e-01	8.378552e-04
3.744000e-01	8.292483e-04
3.744256e-01	8.197636e-04
3.744512e-01	8.101811e-04
3.744768e-01	8.008474e-04
3.745024e-01	7.912267e-04
3.745280e-01	7.808846e-04
3.745536e-01	7.706670e-04
3.745792e-01	7.600358e-04
3.746048e-01	7.499886e-04
3.746304e-01	7.386868e-04
3.746560e-01	7.272179e-04
3.746816e-01	7.162012e-04
3.747072e-01	7.049285e-04
3.747328e-01	6.929945e-04
3.747584e-01	6.816356e-04
3.747840e-01	6.693495e-04
3.748096e-01	6.570067e-04
3.748352e-01	6.455223e-04
3.748608e-01	6.323078e-04
3.748864e-01	6.199831e-04
3.749120e-01	6.068316e-04
3.749376e-01	5.930921e-04
3.749632e-01	5.806775e-04
3.749888e-01	5.670614e-04
3.750144e-01	5.537239e-04
3.750400e-01	5.399035e-04
3.750656e-01	5.259726e-04
3.750912e-01	5.116788e-04
3.751168e-01	4.982505e-04
3.751424e-01	4.835663e-04
3.751680e-01	4.693597e-04
3.751936e-01	4.543787e-04
3.752192e-01	4.397463e-04
3.752448e-01	4.255853e-04
3.752704e-01	4.098470e-04
3.752960e-01	3.952506e-04
3.753216e-01	3.800171e-04
3.753472e-01	3.649071e-04
3.753728e-01	3.495844e-04
3.753984e-01	3.338555e-04
3.754240e-01	3.188769e-04
3.754496e-01	3.029120e-04
3.754752e-01	2.871883e-04
3.755008e-01	2.709031e-04
3.755264e-01	2.555113e-04
3.755520e-01	2.394015e-04
3.755776e-01	2.233712e-04
3.756032e-01	2.069871e-04
3.756288e-01	1.908725e-04
3.756544e-01	1.749728e-04
3.756800e-01	1.582809e-04
3.757056e-01	1.418933e-04
3.757312e-01	1.255142e-04
3.757568e-01	1.089874e-04
3.757824e-01	9.243285e-05
3.758080e-01	7.602572e-05
3.758336e-01	5.943250e-05
3.758592e-01	4.260391e-05
3.758848e-01	2.624943e-05
3.759104e-01	9.347345e-06
3.759360e-01	-7.074055e-06
3.759616e-01	-2.365103e-05
3.759872e-01	-4.041733e-05
3.760128e-01	-5.720243e-05
3.760384e-01	-7.364764e-05
3.760640e-01	-9.070786e-05
3.760896e-01	-1.068603e-04
3.761152e-01	-1.235563e-04
3.761408e-01	-1.405152e-04
3.761664e-01	-1.567898e-04
3.761920e-01	-1.733434e-04
3.762176e-01	-1.900621e-04
3.762432e-01	-2.063705e-04
3.762688e-01	-2.229003e-04
3.762944e-01	-2.388569e-04
3.763200e-01	-2.550834e-04
3.763456e-01	-2.717915e-04
3.763712e-01	-2.878283e-04
3.763968e-01	-3.038620e-04
3.764224e-01	-3.201116e-04
3.764480e-01	-3.357443e-04
3.764736e-01	-3.515768e-04
3.764992e-01	-3.677587e-04
3.765248e-01	-3.836333e-04
3.765504e-01	-3.985241e-04
3.765760e-01	-4.146744e-04
3.766016e-01	-4.296724e-04
3.766272e-01	-4.448804e-04
3.766528e-01	-4.604719e-04
3.766784e-01	-4.754283e-04
3.767040e-01	-4.906213e-04
3.767296e-01	-5.053266e-04
3.767552e-01	-5.198628e-04
3.767808e-01	-5.344300e-04
3.768064e-01	-5.486592e-04
3.768320e-01	-5.633390e-04
3.768576e-01	-5.769953e-04
3.768832e-01	-5.909374e-04
3.769088e-01	-6.049030e-04
3.769344e-01	-6.187941e-04
3.769600e-01	-6.319430e-04
3.769856e-01	-6.453351e-04
3.770112e-01	-6.587759e-04
3.770368e-01	-6.717058e-04
3.770624e-01	-6.843650e-04
3.770880e-01	-6.969388e-04
3.771136e-01	-7.098349e-04
3.771392e-01	-7.219926e-04
3.771648e-01	-7.336005e-04
3.771904e-01	-7.458011e-04
3.772160e-01	-7.569622e-04
3.772416e-01	-7.688164e-04
3.772672e-01	-7.800449e-04
3.772928e-01	-7.909051e-04
3.773184e-01	-8.022178e-04
3.773440e-01	-8.122115e-04
3.773696e-01	-8.230557e-04
3.773952e-01	-8.336021e-04
3.774208e-01	-8.428709e-04
3.774464e-01	-8.530825e-04
3.774720e-01	-8.622388e-04
3.774976e-01	-8.718306e-04
3.775232e-01	-8.805064e-04
3.775488e-01	-8.893848e-04
3.775744e-01	-8.981970e-04
3.776000e-01	-9.062914e-04
3.776256e-01	-9.143985e-04
3.776512e-01	-9.219804e-04
3.776768e-01	-9.297488e-04
3.777024e-01	-9.374662e-04
3.777280e-01	-9.440780e-04
3.777536e-01	-9.507825e-04
3.777792e-01	-9.569603e-04
3.778048e-01	-9.638182e-04
3.778304e-01	-9.695039e-04
3.778560e-01	-9.747658e-04
3.778816e-01	-9.810901e-04
3.779072e-01	-9.858806e-04
3.779328e-01	-9.907249e-04
3.779584e-01	-9.955423e-04
3.779840e-01	-9.992805e-04
3.780096e-01	-1.003768e-03
3.780352e-01	-1.007744e-03
3.780608e-01	-1.011370e-03
3.780864e-01	-1.014297e-03
3.781120e-01	-1.017737e-03
3.781376e-01	-1.020338e-03
3.781632e-01	-1.022476e-03
3.781888e-01	-1.024738e-03
3.782144e-01	-1.026678e-03
3.782400e-01	-1.028349e-03
3.782656e-01	-1.029713e-03
3.782912e-01	-1.030359e-03
3.783168e-01	-1.031471e-03
3.783424e-01	-1.031623e-03
3.783680e-01	-1.032119e-03
3.783936e-01	-1.032193e-03
3.784192e-01	-1.031312e-03
3.784448e-01	-1.031186e-03
3.784704e-01	-1.029837e-03
3.784960e-01	-1.028754e-03
3.785216e-01	-1.027546e-03
3.785472e-01	-1.025802e-03
3.785728e-01	-1.024127e-03
3.785984e-01	-1.021205e-03
3.786240e-01	-1.019360e-03
3.786496e-01	-1.016171e-03
3.786752e-01	-1.013244e-03
3.787008e-01	-1.009797e-03
3.787264e-01	-1.005970e-03
3.787520e-01	-1.002246e-03
3.787776e-01	-9.980012e-04
3.788032e-01	-9.934633e-04
3.788288e-01	-9.887919e-04
3.788544e-01	-9.837229e-04
3.788800e-01	-9.787431e-04
3.789056e-01	-9.733396e-04
3.789312e-01	-9.673932e-04
3.789568e-01	-9.616150e-04
3.789824e-01	-9.554622e-04
3.790080e-01	-9.484168e-04
3.790336e-01	-9.420388e-04
3.790592e-01	-9.350370e-04
3.790848e-01	-9.274742e-04
3.791104e-01	-9.206072e-04
3.791360e-01	-9.131363e-04
3.791616e-01	-9.050302e-04
3.791872e-01	-8.967927e-04
3.792128e-01	-8.883676e-04
3.792384e-01	-8.797843e-04
3.792640e-01	-8.705657e-04
3.792896e-01	-8.620392e-04
3.793152e-01	-8.524205e-04
3.793408e-01	-8.429890e-04
3.793664e-01	-8.331316e-04
3.793920e-01	-8.234240e-04
3.794176e-01	-8.133142e-04
3.794432e-01	-8.027496e-04
3.794688e-01	-7.921401e-04
3.794944e-01	-7.812193e-04
3.795200e-01	-7.705469e-04
3.795456e-01	-7.594167e-04
3.795712e-01	-7.478284e-04
3.795968e-01	-7.365593e-04
3.796224e-01	-7.244683e-04
3.796480e-01	-7.128377e-04
3.796736e-01	-7.006893e-04
3.796992e-01	-6.884592e-04
3.797248e-01	-6.760555e-04
3.797504e-01	-6.633386e-04
3.797760e-01	-6.510276e-04
3.798016e-01	-6.379883e-04
3.798272e-01	-6.247936e-04
3.798528e-01	-6.119216e-04
3.798784e-01	-5.978585e-04
3.799040e-01	-5.848111e-04
3.799296e-01	-5.712143e-04
3.799552e-01	-5.571042e-04
3.799808e-01	-5.431283e-04
3.800064e-01	-5.293890e-04
3.800320e-01	-5.152204e-04
3.800576e-01	-5.007295e-04
3.800832e-01	-4.862800e-04
3.801088e-01	-4.715752e-04
3.801344e-01	-4.571516e-04
3.801600e-01	-4.424762e-04
3.801856e-01	-4.272935e-04
3.802112e-01	-4.124979e-04
3.802368e-01	-3.972581e-04
3.802624e-01	-3.822058e-04
3.802880e-01	-3.668182e-04
3.803136e-01	-3.513925e-04
3.803392e-01	-3.359497e-04
3.803648e-01	-3.206717e-04
3.803904e-01	-3.048400e-04
3.804160e-01	-2.893979e-04
3.804416e-01	-2.735900e-04
3.804672e-01	-2.577225e-04
3.804928e-01	-2.420696e-04
3.805184e-01	-2.260541e-04
3.805440e-01	-2.098270e-04
3.805696e-01	-1.942920e-04
3.805952e-01	-1.780196e-04
3.806208e-01	-1.620112e-04
3.806464e-01	-1.462411e-04
3.806720e-01	-1.299047e-04
3.806976e-01	-1.136692e-04
3.807232e-01	-9.773198e-05
3.807488e-01	-8.144089e-05
3.807744e-01	-6.505269e-05
3.808000e-01	-4.913204e-05
3.808256e-01	-3.266919e-05
3.808512e-01	-1.628853e-05
3.808768e-01	-8.539203e-07
3.809024e-01	1.573353e-05
3.809280e-01	3.208305e-05
3.809536e-01	4.829015e-05
3.809792e-01	6.400982e-05
3.810048e-01	8.037982e-05
3.810304e-01	9.643591e-05
3.810560e-01	1.123356e-04
3.810816e-01	1.283513e-04
3.811072e-01	1.443037e-04
3.811328e-01	1.599916e-04
3.811584e-01	1.761950e-04
3.811840e-01	1.921303e-04
3.812096e-01	2.075298e-04
3.812352e-01	2.232534e-04
3.812608e-01	2.392846e-04
3.812864e-01	2.545198e-04
3.813120e-01	2.698498e-04
3.813376e-01	2.855702e-04
3.813632e-01	3.009212e-04
3.813888e-01	3.159182e-04
3.814144e-01	3.315147e-04
3.814400e-01	3.465678e-04
3.814656e-01	3.612006e-04
3.814912e-01	3.760439e-04
3.815168e-01	3.911762e-04
3.815424e-01	4.056491e-04
3.815680e-01	4.208816e-04
3.815936e-01	4.348105e-04
3.816192e-01	4.488243e-04
3.816448e-01	4.633518e-04
3.816704e-01	4.771820e-04
3.816960e-01	4.914678e-04
3.817216e-01	5.054196e-04
3.817472e-01	5.190867e-04
3.817728e-01	5.326713e-04
3.817984e-01	5.460150e-04
3.818240e-01	5.597325e-04
3.818496e-01	5.726250e-04
3.818752e-01	5.856238e-04
3.819008e-01	5.985413e-04
3.819264e-01	6.113200e-04
3.819520e-01	6.241825e-04
3.819776e-01	6.366037e-04
3.820032e-01	6.482911e-04
3.820288e-01	6.609130e-04
3.820544e-01	6.727272e-04
3.820800e-01	6.843005e-04
3.821056e-01	6.959804e-04
3.821312e-01	7.072837e-04
3.821568e-01	7.189312e-04
3.821824e-01	7.296690e-04
3.822080e-01	7.403988e-04
3.822336e-01	7.515920e-04
3.822592e-01	7.614644e-04
3.822848e-01	7.723450e-04
3.823104e-01	7.821951e-04
3.823360e-01	7.920059e-04
3.823616e-01	8.018800e-04
3.823872e-01	8.111761e-04
3.824128e-01	8.202920e-04
3.824384e-01	8.296400e-04
3.824640e-01	8.382963e-04
3.824896e-01	8.469541e-04
3.825152e-01	8.552609e-04
3.825408e-01	8.633557e-04
3.825664e-01	8.718561e-04
3.825920e-01	8.791755e-04
3.826176e-01	8.867900e-04
3.826432e-01	8.941374e-04
3.826688e-01	9.010484e-04
3.826944e-01	9.085346e-04
3.827200e-01	9.144793e-04
3.827456e-01	9.213491e-04
3.827712e-01	9.277778e-04
3.827968e-01	9.336557e-04
3.828224e-01	9.396017e-04
3.828480e-01	9.446417e-04
3.828736e-01	9.499816e-04
3.828992e-01	9.553867e-04
3.829248e-01	9.596973e-04
3.829504e-01	9.647513e-04
3.829760e-01	9.689967e-04
3.830016e-01	9.727535e-04
3.830272e-01	9.767589e-04
3.830528e-01	9.806074e-04
3.830784e-01	9.835975e-04
3.831040e-01	9.868933e-04
3.831296e-01	9.895533e-04
3.831552e-01	9.920980e-04
3.831808e-01	9.949048e-04
3.832064e-01	9.969133e-04
3.832320e-01	9.986119e-04
3.832576e-01	1.000146e-03
3.832832e-01	1.001606e-03
3.833088e-01	1.002848e-03
3.833344e-01	1.003341e-03
3.833600e-01	1.004443e-03
3.833856e-01	1.004988e-03
3.834112e-01	1.005181e-03
3.834368e-01	1.004776e-03
3.834624e-01	1.004382e-03
3.834880e-01	1.003784e-03
3.835136e-01	1.003059e-03
3.835392e-01	1.001879e-03
3.835648e-01	1.000882e-03
3.835904e-01	9.990628e-04
3.836160e-01	9.972512e-04
3.836416e-01	9.953689e-04
3.836672e-01	9.930936e-04
3.836928e-01	9.902682e-04
3.837184e-01	9.871684e-04
3.837440e-01	9.846686e-04
3.837696e-01	9.811990e-04
3.837952e-01	9.776602e-04
3.838208e-01	9.740636e-04
3.838464e-01	9.695533e-04
3.838720e-01	9.656864e-04
3.838976e-01	9.606862e-04
3.839232e-01	9.562271e-04
3.839488e-01	9.512121e-04
3.839744e-01	9.459802e-04
3.840000e-01	9.405072e-04
3.840256e-01	9.348929e-04
3.840512e-01	9.288993e-04
3.840768e-01	9.226392e-04
3.841024e-01	9.159239e-04
3.841280e-01	9.091742e-04
3.841536e-01	9.022852e-04
3.841792e-01	8.953349e-04
3.842048e-01	8.878522e-04
3.842304e-01	8.803679e-04
3.842560e-01	8.727892e-04
3.842816e-01	8.642898e-04
3.843072e-01	8.557640e-04
3.843328e-01	8.476311e-04
3.843584e-01	8.390765e-04
3.843840e-01	8.296011e-04
3.844096e-01	8.205767e-04
3.844352e-01	8.115325e-04
3.844608e-01	8.015924e-04
3.844864e-01	7.920435e-04
3.845120e-01	7.816165e-04
3.845376e-01	7.721517e-04
3.845632e-01	7.610492e-04
3.845888e-01	7.504488e-04
3.846144e-01	7.397337e-04
3.846400e-01	7.282526e-04
3.846656e-01	7.174662e-04
3.846912e-01	7.058052e-04
3.847168e-01	6.945331e-04
3.847424e-01	6.825306e-04
3.847680e-01	6.704407e-04
3.847936e-01	6.586473e-04
3.848192e-01	6.456189e-04
3.848448e-01	6.335737e-04
3.848704e-01	6.208114e-04
3.848960e-01	6.077633e-04
3.849216e-01	5.945128e-04
3.849472e-01	5.817281e-04
3.849728e-01	5.683734e-04
3.849984e-01	5.546926e-04
3.850240e-01	5.411786e-04
3.850496e-01	5.272584e-04
3.850752e-01	5.132383e-04
3.851008e-01	4.994512e-04
3.851264e-01	4.850693e-04
3.851520e-01	4.704329e-04
3.851776e-01	4.559121e-04
3.852032e-01	4.412518e-04
3.852288e-01	4.266792e-04
3.852544e-01	4.115003e-04
3.852800e-01	3.964621e-04
3.853056e-01	3.817600e-04
3.853312e-01	3.659447e-04
3.853568e-01	3.510530e-04
3.853824e-01	3.354166e-04
3.854080e-01	3.201496e-04
3.854336e-01	3.041511e-04
3.854592e-01	2.883298e-04
3.854848e-01	2.729513e-04
3.855104e-01	2.571658e-04
3.855360e-01	2.408684e-04
3.855616e-01	2.248456e-04
3.855872e-01	2.085639e-04
3.856128e-01	1.922829e-04
3.856384e-01	1.761773e-04
3.856640e-01	1.597324e-04
3.856896e-01	1.436238e-04
3.857152e-01	1.270241e-04
3.857408e-01	1.108112e-04
3.857664e-01	9.381511e-05
3.857920e-01	7.743100e-05
3.858176e-01	6.114446e-05
3.858432e-01	4.395928e-05
3.858688e-01	2.795252e-05
3.858944e-01	1.072717e-05
3.859200e-01	-5.314041e-06
3.859456e-01	-2.217741e-05
3.859712e-01	-3.881336e-05
3.859968e-01	-5.557554e-05
3.860224e-01	-7.224867e-05
3.860480e-01	-8.879498e-05
3.860736e-01	-1.051052e-04
3.860992e-01	-1.217630e-04
3.861248e-01	-1.387898e-04
3.861504e-01	-1.551962e-04
3.861760e-01	-1.721270e-04
3.862016e-01	-1.885755e-04
3.862272e-01	-2.046142e-04
3.862528e-01	-2.210845e-04
3.862784e-01	-2.374622e-04
3.863040e-01	-2.536941e-04
3.863296e-01	-2.700661e-04
3.863552e-01	-2.864694e-04
3.863808e-01	-3.020258e-04
3.864064e-01	-3.185852e-04
3.864320e-01	-3.344109e-04
3.864576e-01	-3.503588e-04
3.864832e-01	-3.662082e-04
3.865088e-01	-3.819523e-04
3.865344e-01	-3.973435e-04
3.865600e-01	-4.133001e-04
3.865856e-01	-4.284905e-04
3.866112e-01	-4.435522e-04
3.866368e-01	-4.592551e-04
3.866624e-01	-4.735688e-04
3.866880e-01	-4.889452e-04
3.867136e-01	-5.038895e-04
3.867392e-01	-5.180787e-04
3.867648e-01	-5.333399e-04
3.867904e-01	-5.471925e-04
3.868160e-01	-5.617132e-04
3.868416e-01	-5.759771e-04
3.868672e-01	-5.896803e-04
3.868928e-01	-6.036936e-04
3.869184e-01	-6.172960e-04
3.869440e-01	-6.308233e-04
3.869696e-01	-6.445020e-04
3.869952e-01	-6.569404e-04
3.870208e-01	-6.703925e-04
3.870464e-01	-6.832270e-04
3.870720e-01	-6.958663e-04
3.870976e-01	-7.082646e-04
3.871232e-01	-7.203391e-04
3.871488e-01	-7.326145e-04
3.871744e-01	-7.443484e-04
3.872000e-01	-7.560629e-04
3.872256e-01	-7.677615e-04
3.872512e-01	-7.788538e-04
3.872768e-01	-7.896921e-04
3.873024e-01	-8.009477e-04
3.873280e-01	-8.113718e-04
3.873536e-01	-8.216992e-04
3.873792e-01	-8.327727e-04
3.874048e-01	-8.421347e-04
3.874304e-01	-8.516820e-04
3.874560e-01	-8.611718e-04
3.874816e-01	-8.705176e-04
3.875072e-01	-8.798970e-04
3.875328e-01	-8.884910e-04
3.875584e-01	-8.966806e-04
3.875840e-01	-9.055672e-04
3.876096e-01	-9.132092e-04
3.876352e-01	-9.215159e-04
3.876608e-01	-9.288717e-04
3.876864e-01	-9.359604e-04
3.877120e-01	-9.431103e-04
3.877376e-01	-9.495161e-04
3.877632e-01	-9.565365e-04
3.877888e-01	-9.627617e-04
3.878144e-01	-9.685256e-04
3.878400e-01	-9.746359e-04
3.878656e-01	-9.800625e-04
3.878912e-01	-9.853418e-04
3.879168e-01	-9.900754e-04
3.879424e-01	-9.949717e-04
3.879680e-01	-9.989217e-04
3.879936e-01	-1.003244e-03
3.880192e-01	-1.007462e-03
3.880448e-01	-1.010755e-03
3.880704e-01	-1.014036e-03
3.880960e-01	-1.016926e-03
3.881216e-01	-1.019908e-03
3.881472e-01	-1.022519e-03
3.881728e-01	-1.024456e-03
3.881984e-01	-1.026483e-03
3.882240e-01	-1.028188e-03
3.882496e-01	-1.029577e-03
3.882752e-01	-1.030474e-03
3.883008e-01	-1.031471e-03
3.883264e-01	-1.032012e-03
3.883520e-01	-1.032737e-03
3.883776e-01	-1.032045e-03
3.884032e-01	-1.031936e-03
3.884288e-01	-1.031023e-03
3.884544e-01	-1.030165e-03
3.884800e-01	-1.029601e-03
3.885056e-01	-1.027376e-03
3.885312e-01	-1.025910e-03
3.885568e-01	-1.024150e-03
3.885824e-01	-1.021727e-03
3.886080e-01	-1.019234e-03
3.886336e-01	-1.016109e-03
3.886592e-01	-1.013761e-03
3.886848e-01	-1.009758e-03
3.887104e-01	-1.006489e-03
3.887360e-01	-1.002686e-03
3.887616e-01	-9.982483e-04
3.887872e-01	-9.943331e-04
3.888128e-01	-9.894703e-04
3.888384e-01	-9.845669e-04
3.888640e-01	-9.794248e-04
3.888896e-01	-9.740871e-04
3.889152e-01	-9.682864e-04
3.889408e-01	-9.622765e-04
3.889664e-01	-9.563918e-04
3.889920e-01	-9.494654e-04
3.890176e-01	-9.431698e-04
3.890432e-01	-9.357852e-04
3.890688e-01	-9.285836e-04
3.890944e-01	-9.215598e-04
3.891200e-01	-9.134346e-04
3.891456e-01	-9.055230e-04
3.891712e-01	-8.977269e-04
3.891968e-01	-8.889216e-04
3.892224e-01	-8.806443e-04
3.892480e-01	-8.718284e-04
3.892736e-01	-8.626064e-04
3.892992e-01	-8.537929e-04
3.893248e-01	-8.439102e-04
3.893504e-01	-8.340319e-04
3.893760e-01	-8.244654e-04
3.894016e-01	-8.138144e-04
3.894272e-01	-8.041565e-04
3.894528e-01	-7.931947e-04
3.894784e-01	-7.827301e-04
3.895040e-01	-7.715559e-04
3.895296e-01	-7.603031e-04
3.895552e-01	-7.495210e-04
3.895808e-01	-7.371154e-04
3.896064e-01	-7.257370e-04
3.896320e-01	-7.143615e-04
3.896576e-01	-7.020942e-04
3.896832e-01	-6.898444e-04
3.897088e-01	-6.774794e-04
3.897344e-01	-6.648843e-04
3.897600e-01	-6.516011e-04
3.897856e-01	-6.393069e-04
3.898112e-01	-6.258430e-04
3.898368e-01	-6.127920e-04
3.898624e-01	-5.994652e-04
3.898880e-01	-5.858756e-04
3.899136e-01	-5.723822e-04
3.899392e-01	-5.585415e-04
3.899648e-01	-5.448068e-04
3.899904e-01	-5.306150e-04
3.900160e-01	-5.161341e-04
3.900416e-01	-5.019933e-04
3.900672e-01	-4.879054e-04
3.900928e-01	-4.731961e-04
3.901184e-01	-4.580940e-04
3.901440e-01	-4.434695e-04
3.901696e-01	-4.288249e-04
3.901952e-01	-4.139911e-04
3.902208e-01	-3.988649e-04
3.902464e-01	-3.835478e-04
3.902720e-01	-3.680842e-04
3.902976e-01	-3.531670e-04
3.903232e-01	-3.376731e-04
3.903488e-01	-3.219404e-04
3.903744e-01	-3.059728e-04
3.904000e-01	-2.909379e-04
3.904256e-01	-2.748918e-04
3.904512e-01	-2.592010e-04
3.904768e-01	-2.434298e-04
3.905024e-01	-2.273263e-04
3.905280e-01	-2.119442e-04
3.905536e-01	-1.958099e-04
3.905792e-01	-1.796120e-04
3.906048e-01	-1.635883e-04
3.906304e-01	-1.474739e-04
3.906560e-01	-1.318250e-04
3.906816e-01	-1.151595e-04
3.907072e-01	-9.905475e-05
3.907328e-01	-8.271846e-05
3.907584e-01	-6.672931e-05
3.907840e-01	-5.037516e-05
3.908096e-01	-3.436415e-05
3.908352e-01	-1.818689e-05
3.908608e-01	-1.860870e-06
3.908864e-01	1.392343e-05
3.909120e-01	3.017752e-05
3.909376e-01	4.620121e-05
3.909632e-01	6.255844e-05
3.909888e-01	7.885023e-05
3.910144e-01	9.484156e-05
3.910400e-01	1.109150e-04
3.910656e-01	1.268375e-04
3.910912e-01	1.429369e-04
3.911168e-01	1.586906e-04
3.911424e-01	1.749787e-04
3.911680e-01	1.901609e-04
3.911936e-01	2.062657e-04
3.912192e-01	2.224454e-04
3.912448e-01	2.373650e-04
3.912704e-01	2.527792e-04
3.912960e-01	2.690038e-04
3.913216e-01	2.841332e-04
3.913472e-01	2.998582e-04
3.913728e-01	3.149522e-04
3.913984e-01	3.295443e-04
3.914240e-01	3.452368e-04
3.914496e-01	3.598993e-04
3.914752e-01	3.747842e-04
3.915008e-01	3.898557e-04
3.915264e-01	4.042375e-04
3.915520e-01	4.191922e-04
3.915776e-01	4.332199e-04
3.916032e-01	4.480983e-04
3.916288e-01	4.618371e-04
3.916544e-01	4.761778e-04
3.916800e-01	4.905291e-04
3.917056e-01	5.040216e-04
3.917312e-01	5.179750e-04
3.917568e-01	5.313098e-04
3.917824e-01	5.450925e-04
3.918080e-01	5.587687e-04
3.918336e-01	5.715720e-04
3.918592e-01	5.847519e-04
3.918848e-01	5.971083e-04
3.919104e-01	6.096911e-04
3.919360e-01	6.226556e-04
3.919616e-01	6.353096e-04
3.919872e-01	6.472751e-04
3.920128e-01	6.595007e-04
3.920384e-01	6.713704e-04
3.920640e-01	6.828969e-04
3.920896e-01	6.952492e-04
3.921152e-01	7.063151e-04
3.921408e-01	7.173006e-04
3.921664e-01	7.288521e-04
3.921920e-01	7.391100e-04
3.922176e-01	7.500894e-04
3.922432e-01	7.605293e-04
3.922688e-01	7.712387e-04
3.922944e-01	7.808203e-04
3.923200e-01	7.908886e-04
3.923456e-01	8.006484e-04
3.923712e-01	8.102730e-04
3.923968e-01	8.194930e-04
3.924224e-01	8.284886e-04
3.924480e-01	8.378349e-04
3.924736e-01	8.461484e-04
3.924992e-01	8.546771e-04
3.925248e-01	8.629442e-04
3.925504e-01	8.708137e-04
3.925760e-01	8.789033e-04
3.926016e-01	8.860066e-04
3.926272e-01	8.935358e-04
3.926528e-01	9.008615e-04
3.926784e-01	9.079517e-04
3.927040e-01	9.145999e-04
3.927296e-01	9.207102e-04
3.927552e-01	9.270390e-04
3.927808e-01	9.334767e-04
3.928064e-01	9.391641e-04
3.928320e-01	9.448155e-04
3.928576e-01	9.499763e-04
3.928832e-01	9.549523e-04
3.929088e-01	9.594991e-04
3.929344e-01	9.644523e-04
3.929600e-01	9.688414e-04
3.929856e-01	9.726299e-04
3.930112e-01	9.768589e-04
3.930368e-01	9.803240e-04
3.930624e-01	9.832914e-04
3.930880e-01	9.867989e-04
3.931136e-01	9.894794e-04
3.931392e-01	9.920740e-04
3.931648e-01	9.941423e-04
3.931904e-01	9.967329e-04
3.932160e-01	9.984811e-04
3.932416e-01	1.000161e-03
3.932672e-01	1.001970e-03
3.932928e-01	1.002682e-03
3.933184e-01	1.003545e-03
3.933440e-01	1.004805e-03
3.933696e-01	1.004886e-03
3.933952e-01	1.005030e-03
3.934208e-01	1.004922e-03
3.934464e-01	1.004777e-03
3.934720e-01	1.003827e-03
3.934976e-01	1.003200e-03
3.935232e-01	1.002637e-03
3.935488e-01	1.000712e-03
3.935744e-01	9.991750e-04
3.936000e-01	9.975616e-04
3.936256e-01	9.954217e-04
3.936512e-01	9.934992e-04
3.936768e-01	9.902933e-04
3.937024e-01	9.880139e-04
3.937280e-01	9.848654e-04
3.937536e-01	9.813524e-04
3.937792e-01	9.777623e-04
3.938048e-01	9.741948e-04
3.938304e-01	9.704162e-04
3.938560e-01	9.654891e-04
3.938816e-01	9.612707e-04
3.939072e-01	9.566872e-04
3.939328e-01	9.515845e-04
3.939584e-01	9.462578e-04
3.939840e-01	9.406748e-04
3.940096e-01	9.352840e-04
3.940352e-01	9.288517e-04
3.940608e-01	9.233429e-04
3.940864e-01	9.166060e-04
3.941120e-01	9.097911e-04
3.941376e-01	9.033578e-04
3.941632e-01	8.960536e-04
3.941888e-01	8.887576e-04
3.942144e-01	8.813348e-04
3.942400e-01	8.734305e-04
3.942656e-01	8.654172e-04
3.942912e-01	8.570431e-04
3.943168e-01	8.483504e-04
3.943424e-01	8.394115e-04
3.943680e-01	8.311179e-04
3.943936e-01	8.215191e-04
3.944192e-01	8.123427e-04
3.944448e-01	8.026776e-04
3.944704e-01	7.927471e-04
3.944960e-01	7.827735e-04
3.945216e-01	7.726038e-04
3.945472e-01	7.622637e-04
3.945728e-01	7.514920e-04
3.945984e-01	7.408352e-04
3.946240e-01	7.297093e-04
3.946496e-01	7.181634e-04
3.946752e-01	7.069977e-04
3.947008e-01	6.955591e-04
3.947264e-01	6.836175e-04
3.947520e-01	6.718243e-04
3.947776e-01	6.595550e-04
3.948032e-01	6.470784e-04
3.948288e-01	6.349122e-04
3.948544e-01	6.216613e-04
3.948800e-01	6.096486e-04
3.949056e-01	5.960035e-04
3.949312e-01	5.828337e-04
3.949568e-01	5.698412e-04
3.949824e-01	5.559223e-04
3.950080e-01	5.427852e-04
3.950336e-01	5.285585e-04
3.950592e-01	5.148409e-04
3.950848e-01	5.009274e-04
3.951104e-01	4.863261e-04
3.951360e-01	4.722834e-04
3.951616e-01	4.577002e-04
3.951872e-01	4.431251e-04
3.952128e-01	4.279194e-04
3.952384e-01	4.136872e-04
3.952640e-01	3.981776e-04
3.952896e-01	3.827304e-04
3.953152e-01	3.681580e-04
3.953408e-01	3.521890e-04
3.953664e-01	3.366447e-04
3.953920e-01	3.215529e-04
3.954176e-01	3.058093e-04
3.954432e-01	2.905357e-04
3.954688e-01	2.743790e-04
3.954944e-01	2.583515e-04
3.955200e-01	2.422014e-04
3.955456e-01	2.263340e-04
3.955712e-01	2.101978e-04
3.955968e-01	1.940429e-04
3.956224e-01	1.774463e-04
3.956480e-01	1.614797e-04
3.956736e-01	1.451120e-04
3.956992e-01	1.283331e-04
3.957248e-01	1.122499e-04
3.957504e-01	9.575492e-05
3.957760e-01	7.909516e-05
3.958016e-01	6.246385e-05
3.958272e-01	4.612138e-05
3.958528e-01	2.937273e-05
3.958784e-01	1.259647e-05
3.959040e-01	-3.647048e-06
3.959296e-01	-2.053650e-05
3.959552e-01	-3.734726e-05
3.959808e-01	-5.432234e-05
3.960064e-01	-7.029641e-05
3.960320e-01	-8.705901e-05
3.960576e-01	-1.036463e-04
3.960832e-01	-1.206057e-04
3.961088e-01	-1.373650e-04
3.961344e-01	-1.537138e-04
3.961600e-01	-1.699524e-04
3.961856e-01	-1.866064e-04
3.962112e-01	-2.031977e-04
3.962368e-01	-2.193149e-04
3.962624e-01	-2.361684e-04
3.962880e-01	-2.522432e-04
3.963136e-01	-2.682676e-04
3.963392e-01	-2.845710e-04
3.963648e-01	-3.005912e-04
3.963904e-01	-3.169994e-04
3.964160e-01	-3.327380e-04
3.964416e-01	-3.486761e-04
3.964672e-01	-3.642696e-04
3.964928e-01	-3.803644e-04
3.965184e-01	-3.956878e-04
3.965440e-01	-4.115523e-04
3.965696e-01	-4.270478e-04
3.965952e-01	-4.420190e-04
3.966208e-01	-4.573368e-04
3.966464e-01	-4.728375e-04
3.966720e-01	-4.873522e-04
3.966976e-01	-5.023327e-04
3.967232e-01	-5.171511e-04
3.967488e-01	-5.311753e-04
3.967744e-01	-5.459064e-04
3.968000e-01	-5.601897e-04
3.968256e-01	-5.745715e-04
3.968512e-01	-5.885355e-04
3.968768e-01	-6.019748e-04
3.969024e-01	-6.162566e-04
3.969280e-01	-6.293937e-04
3.969536e-01	-6.428285e-04
3.969792e-01	-6.560155e-04
3.970048e-01	-6.691809e-04
3.970304e-01	-6.817030e-04
3.970560e-01	-6.944896e-04
3.970816e-01	-7.075206e-04
3.971072e-01	-7.196817e-04
3.971328e-01	-7.311007e-04
3.971584e-01	-7.432360e-04
3.971840e-01	-7.553037e-04
3.972096e-01	-7.664778e-04
3.972352e-01	-7.775922e-04
3.972608e-01	-7.888897e-04
3.972864e-01	-7.997013e-04
3.973120e-01	-8.105393e-04
3.973376e-01	-8.210093e-04
3.973632e-01	-8.310824e-04
3.973888e-01	-8.407151e-04
3.974144e-01	-8.510093e-04
3.974400e-01	-8.605912e-04
3.974656e-01	-8.693110e-04
3.974912e-01	-8.786971e-04
3.975168e-01	-8.877099e-04
3.975424e-01	-8.961717e-04
3.975680e-01	-9.047015e-04
3.975936e-01	-9.124950e-04
3.976192e-01	-9.202425e-04
3.976448e-01	-9.277948e-04
3.976704e-01	-9.361404e-04
3.976960e-01	-9.423668e-04
3.977216e-01	-9.487667e-04
3.977472e-01	-9.561630e-04
3.977728e-01	-9.623868e-04
3.977984e-01	-9.681953e-04
3.978240e-01	-9.739147e-04
3.978496e-01	-9.795729e-04
3.978752e-01	-9.846427e-04
3.979008e-01	-9.897930e-04
3.979264e-01	-9.942873e-04
3.979520e-01	-9.985941e-04
3.979776e-01	-1.003299e-03
3.980032e-01	-1.006666e-03
3.980288e-01	-1.010551e-03
3.980544e-01	-1.013861e-03
3.980800e-01	-1.016940e-03
3.981056e-01	-1.019463e-03
3.981312e-01	-1.022160e-03
3.981568e-01	-1.023833e-03
3.981824e-01	-1.025878e-03
3.982080e-01	-1.027934e-03
3.982336e-01	-1.029346e-03
3.982592e-01	-1.030383e-03
3.982848e-01	-1.030884e-03
3.983104e-01	-1.031761e-03
3.983360e-01	-1.032017e-03
3.983616e-01	-1.031786e-03
3.983872e-01	-1.031613e-03
3.984128e-01	-1.031266e-03
3.984384e-01	-1.030410e-03
3.984640e-01	-1.028723e-03
3.984896e-01	-1.027465e-03
3.985152e-01	-1.025714e-03
3.985408e-01	-1.024165e-03
3.985664e-01	-1.022084e-03
3.985920e-01	-1.019340e-03
3.986176e-01	-1.016537e-03
3.986432e-01	-1.013769e-03
3.986688e-01	-1.010225e-03
3.986944e-01	-1.006657e-03
3.987200e-01	-1.002250e-03
3.987456e-01	-9.987354e-04
3.987712e-01	-9.945319e-04
3.987968e-01	-9.895609e-04
3.988224e-01	-9.845392e-04
3.988480e-01	-9.794009e-04
3.988736e-01	-9.743211e-04
3.988992e-01	-9.682872e-04
3.989248e-01	-9.626381e-04
3.989504e-01	-9.568580e-04
3.989760e-01	-9.498500e-04
3.990016e-01	-9.432217e-04
3.990272e-01	-9.365157e-04
3.990528e-01	-9.291589e-04
3.990784e-01	-9.216211e-04
3.991040e-01	-9.142158e-04
3.991296e-01	-9.061316e-04
3.991552e-01	-8.984263e-04
3.991808e-01	-8.900075e-04
3.992064e-01	-8.812643e-04
3.992320e-01	-8.722592e-04
3.992576e-01	-8.634690e-04
3.992832e-01	-8.538531e-04
3.993088e-01	-8.447668e-04
3.993344e-01	-8.349839e-04
3.993600e-01	-8.250267e-04
3.993856e-01	-8.150021e-04
3.994112e-01	-8.044341e-04
3.994368e-01	-7.940886e-04
3.994624e-01	-7.832941e-04
3.994880e-01	-7.727178e-04
3.995136e-01	-7.615134e-04
3.995392e-01	-7.500842e-04
3.995648e-01	-7.384787e-04
3.995904e-01	-7.269307e-04
3.996160e-01	-7.151788e-04
3.996416e-01	-7.025808e-04
3.996672e-01	-6.911627e-04
3.996928e-01	-6.789004e-04
3.997184e-01	-6.658685e-04
3.997440e-01	-6.530891e-04
3.997696e-01	-6.406005e-04
3.997952e-01	-6.267356e-04
3.998208e-01	-6.142382e-04
3.998464e-01	-6.006612e-04
3.998720e-01	-5.871570e-04
3.998976e-01	-5.736286e-04
3.999232e-01	-5.596923e-04
3.999488e-01	-5.461991e-04
3.999744e-01	-5.316180e-04
4.000000e-01	-5.180069e-04
4.000256e-01	-5.034119e-04
4.000512e-01	-4.891737e-04
4.000768e-01	-4.749401e-04
4.001024e-01	-4.592562e-04
4.001280e-01	-4.453738e-04
4.001536e-01	-4.306577e-04
4.001792e-01	-4.154808e-04
4.002048e-01	-4.003468e-04
4.002304e-01	-3.853598e-04
4.002560e-01	-3.694338e-04
4.002816e-01	-3.542933e-04
4.003072e-01	-3.393606e-04
4.003328e-01	-3.234193e-04
4.003584e-01	-3.081041e-04
4.003840e-01	-2.921336e-04
4.004096e-01	-2.766457e-04
4.004352e-01	-2.611889e-04
4.004608e-01	-2.446865e-04
4.004864e-01	-2.296487e-04
4.005120e-01	-2.131617e-04
4.005376e-01	-1.973764e-04
4.005632e-01	-1.816573e-04
4.005888e-01	-1.650842e-04
4.006144e-01	-1.493085e-04
4.006400e-01	-1.331786e-04
4.006656e-01	-1.171919e-04
4.006912e-01	-1.007790e-04
4.007168e-01	-8.438220e-05
4.007424e-01	-6.866006e-05
4.007680e-01	-5.182012e-05
4.007936e-01	-3.607911e-05
4.008192e-01	-1.975756e-05
4.008448e-01	-3.507809e-06
4.008704e-01	1.231515e-05
4.008960e-01	2.873115e-05
4.009216e-01	4.507408e-05
4.009472e-01	6.084183e-05
4.009728e-01	7.728270e-05
4.009984e-01	9.301713e-05
4.010240e-01	1.093914e-04
4.010496e-01	1.255753e-04
4.010752e-01	1.409321e-04
4.011008e-01	1.571240e-04
4.011264e-01	1.727770e-04
4.011520e-01	1.887003e-04
4.011776e-01	2.045331e-04
4.012032e-01	2.203711e-04
4.012288e-01	2.363639e-04
4.012544e-01	2.514250e-04
4.012800e-01	2.672325e-04
4.013056e-01	2.821658e-04
4.013312e-01	2.974688e-04
4.013568e-01	3.131682e-04
4.013824e-01	3.285831e-04
4.014080e-01	3.430404e-04
4.014336e-01	3.582658e-04
4.014592e-01	3.736210e-04
4.014848e-01	3.881365e-04
4.015104e-01	4.029871e-04
4.015360e-01	4.176036e-04
4.015616e-01	4.318483e-04
4.015872e-01	4.461628e-04
4.016128e-01	4.606382e-04
4.016384e-01	4.748615e-04
4.016640e-01	4.881945e-04
4.016896e-01	5.027190e-04
4.017152e-01	5.162876e-04
4.017408e-01	5.299926e-04
4.017664e-01	5.436113e-04
4.017920e-01	5.568324e-04
4.018176e-01	5.706275e-04
4.018432e-01	5.833960e-04
4.018688e-01	5.960334e-04
4.018944e-01	6.087340e-04
4.019200e-01	6.213064e-04
4.019456e-01	6.339694e-04
4.019712e-01	6.457975e-04
4.019968e-01	6.579988e-04
4.020224e-01	6.700790e-04
4.020480e-01	6.821080e-04
4.020736e-01	6.934478e-04
4.020992e-01	7.052392e-04
4.021248e-01	7.162002e-04
4.021504e-01	7.274895e-04
4.021760e-01	7.380670e-04
4.022016e-01	7.490042e-04
4.022272e-01	7.597302e-04
4.022528e-01	7.695361e-04
4.022784e-01	7.797584e-04
4.023040e-01	7.898173e-04
4.023296e-01	7.998337e-04
4.023552e-01	8.091461e-04
4.023808e-01	8.183320e-04
4.024064e-01	8.275849e-04
4.024320e-01	8.364409e-04
4.024576e-01	8.452525e-04
4.024832e-01	8.534900e-04
4.025088e-01	8.622266e-04
4.025344e-01	8.700063e-04
4.025600e-01	8.773631e-04
4.025856e-01	8.852543e-04
4.026112e-01	8.931269e-04
4.026368e-01	8.999237e-04
4.026624e-01	9.068795e-04
4.026880e-01	9.137643e-04
4.027136e-01	9.199534e-04
4.027392e-01	9.263555e-04
4.027648e-01	9.323269e-04
4.027904e-01	9.376390e-04
4.028160e-01	9.438458e-04
4.028416e-01	9.491646e-04
4.028672e-01	9.537082e-04
4.028928e-01	9.587722e-04
4.029184e-01	9.639321e-04
4.029440e-01	9.679401e-04
4.029696e-01	9.719227e-04
4.029952e-01	9.759737e-04
4.030208e-01	9.797389e-04
4.030464e-01	9.831870e-04
4.030720e-01	9.867660e-04
4.030976e-01	9.891812e-04
4.031232e-01	9.917382e-04
4.031488e-01	9.938740e-04
4.031744e-01	9.962558e-04
4.032000e-01	9.980411e-04
4.032256e-01	9.997201e-04
4.032512e-01	1.001672e-03
4.032768e-01	1.002540e-03
4.033024e-01	1.003578e-03
4.033280e-01	1.004336e-03
4.033536e-01	1.004778e-03
4.033792e-01	1.005223e-03
4.034048e-01	1.004885e-03
4.034304e-01	1.004534e-03
4.034560e-01	1.003683e-03
4.034816e-01	1.003224e-03
4.035072e-01	1.002335e-03
4.035328e-01	1.001192e-03
4.035584e-01	9.989728e-04
4.035840e-01	9.978306e-04
4.036096e-01	9.956289e-04
4.036352e-01	9.929300e-04
4.036608e-01	9.909163e-04
4.036864e-01	9.878101e-04
4.037120e-01	9.850309e-04
4.037376e-01	9.815877e-04
4.037632e-01	9.783524e-04
4.037888e-01	9.746483e-04
4.038144e-01	9.703101e-04
4.038400e-01	9.663310e-04
4.038656e-01	9.614326e-04
4.038912e-01	9.571878e-04
4.039168e-01	9.517607e-04
4.039424e-01	9.470028e-04
4.039680e-01	9.414587e-04
4.039936e-01	9.356611e-04
4.040192e-01	9.301968e-04
4.040448e-01	9.237067e-04
4.040704e-01	9.170112e-04
4.040960e-01	9.106623e-04
4.041216e-01	9.036816e-04
4.041472e-01	8.964441e-04
4.041728e-01	8.893086e-04
4.041984e-01	8.817655e-04
4.042240e-01	8.739093e-04
4.042496e-01	8.661121e-04
4.042752e-01	8.577507e-04
4.043008e-01	8.491275e-04
4.043264e-01	8.401448e-04
4.043520e-01	8.316555e-04
4.043776e-01	8.224067e-04
4.044032e-01	8.131224e-04
4.044288e-01	8.038068e-04
4.044544e-01	7.936390e-04
4.044800e-01	7.836756e-04
4.045056e-01	7.738443e-04
4.045312e-01	7.632129e-04
4.045568e-01	7.527323e-04
4.045824e-01	7.415424e-04
4.046080e-01	7.308875e-04
4.046336e-01	7.199137e-04
4.046592e-01	7.083264e-04
4.046848e-01	6.968858e-04
4.047104e-01	6.850876e-04
4.047360e-01	6.728100e-04
4.047616e-01	6.610525e-04
4.047872e-01	6.483875e-04
4.048128e-01	6.358333e-04
4.048384e-01	6.235116e-04
4.048640e-01	6.102966e-04
4.048896e-01	5.973611e-04
4.049152e-01	5.843335e-04
4.049408e-01	5.708456e-04
4.049664e-01	5.575404e-04
4.049920e-01	5.437601e-04
4.050176e-01	5.300408e-04
4.050432e-01	5.160025e-04
4.050688e-01	5.022633e-04
4.050944e-01	4.877682e-04
4.051200e-01	4.734094e-04
4.051456e-01	4.587692e-04
4.051712e-01	4.443263e-04
4.051968e-01	4.293909e-04
4.052224e-01	4.145660e-04
4.052480e-01	3.996503e-04
4.052736e-01	3.844672e-04
4.052992e-01	3.692695e-04
4.053248e-01	3.537981e-04
4.053504e-01	3.384227e-04
4.053760e-01	3.229885e-04
4.054016e-01	3.071400e-04
4.054272e-01	2.915269e-04
4.054528e-01	2.759351e-04
4.054784e-01	2.600765e-04
4.055040e-01	2.437830e-04
4.055296e-01	2.277204e-04
4.055552e-01	2.114565e-04
4.055808e-01	1.952991e-04
4.056064e-01	1.794220e-04
4.056320e-01	1.631305e-04
4.056576e-01	1.462389e-04
4.056832e-01	1.304279e-04
4.057088e-01	1.135674e-04
4.057344e-01	9.746590e-05
4.057600e-01	8.088499e-05
4.057856e-01	6.389003e-05
4.058112e-01	4.773513e-05
4.058368e-01	3.077197e-05
4.058624e-01	1.410107e-05
4.058880e-01	-2.451984e-06
4.059136e-01	-1.882849e-05
4.059392e-01	-3.541536e-05
4.059648e-01	-5.253437e-05
4.059904e-01	-6.888559e-05
4.060160e-01	-8.551376e-05
4.060416e-01	-1.022459e-04
4.060672e-01	-1.189324e-04
4.060928e-01	-1.351756e-04
4.061184e-01	-1.523972e-04
4.061440e-01	-1.685717e-04
4.061696e-01	-1.850395e-04
4.061952e-01	-2.018326e-04
4.062208e-01	-2.181545e-04
4.062464e-01	-2.342688e-04
4.062720e-01	-2.504835e-04
4.062976e-01	-2.670311e-04
4.063232e-01	-2.830525e-04
4.063488e-01	-2.991058e-04
4.063744e-01	-3.149871e-04
4.064000e-01	-3.311000e-04
4.064256e-01	-3.473086e-04
4.064512e-01	-3.629378e-04
4.064768e-01	-3.790560e-04
4.065024e-01	-3.938988e-04
4.065280e-01	-4.097742e-04
4.065536e-01	-4.252413e-04
4.065792e-01	-4.410359e-04
4.066048e-01	-4.561662e-04
4.066304e-01	-4.706726e-04
4.066560e-01	-4.861366e-04
4.066816e-01	-5.008447e-04
4.067072e-01	-5.153184e-04
4.067328e-01	-5.301759e-04
4.067584e-01	-5.451887e-04
4.067840e-01	-5.588343e-04
4.068096e-01	-5.727100e-04
4.068352e-01	-5.871273e-04
4.068608e-01	-6.007854e-04
4.068864e-01	-6.148577e-04
4.069120e-01	-6.281642e-04
4.069376e-01	-6.415966e-04
4.069632e-01	-6.545360e-04
4.069888e-01	-6.678175e-04
4.070144e-01	-6.804618e-04
4.070400e-01	-6.936254e-04
4.070656e-01	-7.058754e-04
4.070912e-01	-7.178289e-04
4.071168e-01	-7.301751e-04
4.071424e-01	-7.420963e-04
4.071680e-01	-7.537697e-04
4.071936e-01	-7.651816e-04
4.072192e-01	-7.766819e-04
4.072448e-01	-7.880374e-04
4.072704e-01	-7.987677e-04
4.072960e-01	-8.094057e-04
4.073216e-01	-8.200728e-04
4.073472e-01	-8.303570e-04
4.073728e-01	-8.398925e-04
4.073984e-01	-8.498458e-04
4.074240e-01	-8.592629e-04
4.074496e-01	-8.686566e-04
4.074752e-01	-8.778248e-04
4.075008e-01	-8.865825e-04
4.075264e-01	-8.951784e-04
4.075520e-01	-9.039409e-04
4.075776e-01	-9.117440e-04
4.076032e-01	-9.199540e-04
4.076288e-01	-9.273698e-04
4.076544e-01	-9.341971e-04
4.076800e-01	-9.421229e-04
4.077056e-01	-9.487465e-04
4.077312e-01	-9.551632e-04
4.077568e-01	-9.617076e-04
4.077824e-01	-9.676644e-04
4.078080e-01	-9.739044e-04
4.078336e-01	-9.789224e-04
4.078592e-01	-9.845821e-04
4.078848e-01	-9.894344e-04
4.079104e-01	-9.941991e-04
4.079360e-01	-9.986032e-04
4.079616e-01	-1.002501e-03
4.079872e-01	-1.006453e-03
4.080128e-01	-1.010220e-03
4.080384e-01	-1.013478e-03
4.080640e-01	-1.016355e-03
4.080896e-01	-1.019313e-03
4.081152e-01	-1.022088e-03
4.081408e-01	-1.023871e-03
4.081664e-01	-1.026012e-03
4.081920e-01	-1.027999e-03
4.082176e-01	-1.029240e-03
4.082432e-01	-1.030374e-03
4.082688e-01	-1.031284e-03
4.082944e-01	-1.031678e-03
4.083200e-01	-1.032287e-03
4.083456e-01	-1.032281e-03
4.083712e-01	-1.031920e-03
4.083968e-01	-1.031259e-03
4.084224e-01	-1.030560e-03
4.084480e-01	-1.028993e-03
4.084736e-01	-1.028031e-03
4.084992e-01	-1.026188e-03
4.085248e-01	-1.024164e-03
4.085504e-01	-1.022305e-03
4.085760e-01	-1.019848e-03
4.086016e-01	-1.016920e-03
4.086272e-01	-1.013947e-03
4.086528e-01	-1.010487e-03
4.086784e-01	-1.007132e-03
4.087040e-01	-1.003150e-03
4.087296e-01	-9.987983e-04
4.087552e-01	-9.950022e-04
4.087808e-01	-9.899568e-04
4.088064e-01	-9.849941e-04
4.088320e-01	-9.801588e-04
4.088576e-01	-9.746550e-04
4.088832e-01	-9.694342e-04
4.089088e-01	-9.631210e-04
4.089344e-01	-9.569076e-04
4.089600e-01	-9.505692e-04
4.089856e-01	-9.439864e-04
4.090112e-01	-9.369083e-04
4.090368e-01	-9.298747e-04
4.090624e-01	-9.222610e-04
4.090880e-01	-9.149918e-04
4.091136e-01	-9.072805e-04
4.091392e-01	-8.990411e-04
4.091648e-01	-8.906359e-04
4.091904e-01	-8.822379e-04
4.092160e-01	-8.735704e-04
4.092416e-01	-8.647671e-04
4.092672e-01	-8.549751e-04
4.092928e-01	-8.455588e-04
4.093184e-01	-8.358253e-04
4.093440e-01	-8.261497e-04
4.093696e-01	-8.162793e-04
4.093952e-01	-8.058238e-04
4.094208e-01	-7.954351e-04
4.094464e-01	-7.844574e-04
4.094720e-01	-7.735916e-04
4.094976e-01	-7.629799e-04
4.095232e-01	-7.512181e-04
4.095488e-01	-7.395509e-04
4.095744e-01	-7.282979e-04
4.096000e-01	-7.162309e-04
4.096256e-01	-7.041754e-04
4.096512e-01	-6.921414e-04
4.096768e-01	-6.794996e-04
4.097024e-01	-6.675611e-04
4.097280e-01	-6.546145e-04
4.097536e-01	-6.415651e-04
4.097792e-01	-6.286097e-04
4.098048e-01	-6.156193e-04
4.098304e-01	-6.017672e-04
4.098560e-01	-5.886938e-04
4.098816e-01	-5.753321e-04
4.099072e-01	-5.610742e-04
4.099328e-01	-5.472596e-04
4.099584e-01	-5.333002e-04
4.099840e-01	-5.191641e-04
4.100096e-01	-5.052200e-04
4.100352e-01	-4.904663e-04
4.100608e-01	-4.758875e-04
4.100864e-01	-4.610610e-04
4.101120e-01	-4.464868e-04
4.101376e-01	-4.317565e-04
4.101632e-01	-4.166981e-04
4.101888e-01	-4.015975e-04
4.102144e-01	-3.864667e-04
4.102400e-01	-3.712706e-04
4.102656e-01	-3.558611e-04
4.102912e-01	-3.403013e-04
4.103168e-01	-3.251428e-04
4.103424e-01	-3.094857e-04
4.103680e-01	-2.939199e-04
4.103936e-01	-2.784399e-04
4.104192e-01	-2.625764e-04
4.104448e-01	-2.465293e-04
4.104704e-01	-2.308217e-04
4.104960e-01	-2.144399e-04
4.105216e-01	-1.988894e-04
4.105472e-01	-1.826967e-04
4.105728e-01	-1.667337e-04
4.105984e-01	-1.506163e-04
4.106240e-01	-1.347465e-04
4.106496e-01	-1.185163e-04
4.106752e-01	-1.017347e-04
4.107008e-01	-8.606049e-05
4.107264e-01	-7.002756e-05
4.107520e-01	-5.349773e-05
4.107776e-01	-3.762194e-05
4.108032e-01	-2.159608e-05
4.108288e-01	-4.768440e-06
4.108544e-01	1.111789e-05
4.108800e-01	2.703704e-05
4.109056e-01	4.365503e-05
4.109312e-01	5.981500e-05
4.109568e-01	7.590074e-05
4.109824e-01	9.110729e-05
4.110080e-01	1.079196e-04
4.110336e-01	1.239025e-04
4.110592e-01	1.398384e-04
4.110848e-01	1.557863e-04
4.111104e-01	1.718591e-04
4.111360e-01	1.874703e-04
4.111616e-01	2.028809e-04
4.111872e-01	2.190307e-04
4.112128e-01	2.344146e-04
4.112384e-01	2.502967e-04
4.112640e-01	2.659185e-04
4.112896e-01	2.808355e-04
4.113152e-01	2.961887e-04
4.113408e-01	3.118168e-04
4.113664e-01	3.272824e-04
4.113920e-01	3.418018e-04
4.114176e-01	3.571440e-04
4.114432e-01	3.717962e-04
4.114688e-01	3.870501e-04
4.114944e-01	4.017723e-04
4.115200e-01	4.162744e-04
4.115456e-01	4.306803e-04
4.115712e-01	4.449427e-04
4.115968e-01	4.593555e-04
4.116224e-01	4.735231e-04
4.116480e-01	4.875779e-04
4.116736e-01	5.015240e-04
4.116992e-01	5.153995e-04
4.117248e-01	5.287130e-04
4.117504e-01	5.424223e-04
4.117760e-01	5.558073e-04
4.118016e-01	5.688324e-04
4.118272e-01	5.824033e-04
4.118528e-01	5.948798e-04
4.118784e-01	6.078059e-04
4.119040e-01	6.202463e-04
4.119296e-01	6.326595e-04
4.119552e-01	6.449358e-04
4.119808e-01	6.573195e-04
4.120064e-01	6.690749e-04
4.120320e-01	6.811508e-04
4.120576e-01	6.926436e-04
4.120832e-01	7.037788e-04
4.121088e-01	7.153351e-04
4.121344e-01	7.266481e-04
4.121600e-01	7.376106e-04
4.121856e-01	7.481477e-04
4.122112e-01	7.587983e-04
4.122368e-01	7.688505e-04
4.122624e-01	7.789916e-04
4.122880e-01	7.890939e-04
4.123136e-01	7.985719e-04
4.123392e-01	8.083975e-04
4.123648e-01	8.174379e-04
4.123904e-01	8.266611e-04
4.124160e-01	8.355008e-04
4.124416e-01	8.446280e-04
4.124672e-01	8.525275e-04
4.124928e-01	8.611167e-04
4.125184e-01	8.695234e-04
4.125440e-01	8.769604e-04
4.125696e-01	8.846691e-04
4.125952e-01	8.919626e-04
4.126208e-01	8.992879e-04
4.126464e-01	9.068203e-04
4.126720e-01	9.134322e-04
4.126976e-01	9.199270e-04
4.127232e-01	9.260500e-04
4.127488e-01	9.321463e-04
4.127744e-01	9.376480e-04
4.128000e-01	9.431817e-04
4.128256e-01	9.490371e-04
4.128512e-01	9.535907e-04
4.128768e-01	9.589509e-04
4.129024e-01	9.635464e-04
4.129280e-01	9.672577e-04
4.129536e-01	9.721215e-04
4.129792e-01	9.757777e-04
4.130048e-01	9.796877e-04
4.130304e-01	9.828898e-04
4.130560e-01	9.860185e-04
4.130816e-01	9.889317e-04
4.131072e-01	9.918682e-04
4.131328e-01	9.941722e-04
4.131584e-01	9.963808e-04
4.131840e-01	9.983315e-04
4.132096e-01	1.000377e-03
4.132352e-01	1.001586e-03
4.132608e-01	1.002493e-03
4.132864e-01	1.003739e-03
4.133120e-01	1.004442e-03
4.133376e-01	1.004817e-03
4.133632e-01	1.004749e-03
4.133888e-01	1.005032e-03
4.134144e-01	1.004726e-03
4.134400e-01	1.004165e-03
4.134656e-01	1.003722e-03
4.134912e-01	1.002156e-03
4.135168e-01	1.001184e-03
4.135424e-01	9.996472e-04
4.135680e-01	9.978731e-04
4.135936e-01	9.957980e-04
4.136192e-01	9.938957e-04
4.136448e-01	9.910389e-04
4.136704e-01	9.884520e-04
4.136960e-01	9.856677e-04
4.137216e-01	9.824889e-04
4.137472e-01	9.789254e-04
4.137728e-01	9.750233e-04
4.137984e-01	9.710643e-04
4.138240e-01	9.670390e-04
4.138496e-01	9.624813e-04
4.138752e-01	9.578317e-04
4.139008e-01	9.528884e-04
4.139264e-01	9.477063e-04
4.139520e-01	9.422709e-04
4.139776e-01	9.366842e-04
4.140032e-01	9.307367e-04
4.140288e-01	9.244650e-04
4.140544e-01	9.178887e-04
4.140800e-01	9.112479e-04
4.141056e-01	9.043711e-04
4.141312e-01	8.972640e-04
4.141568e-01	8.897612e-04
4.141824e-01	8.827055e-04
4.142080e-01	8.750259e-04
4.142336e-01	8.670765e-04
4.142592e-01	8.585283e-04
4.142848e-01	8.501748e-04
4.143104e-01	8.414362e-04
4.143360e-01	8.324144e-04
4.143616e-01	8.237139e-04
4.143872e-01	8.141472e-04
4.144128e-01	8.045748e-04
4.144384e-01	7.951224e-04
4.144640e-01	7.848004e-04
4.144896e-01	7.748960e-04
4.145152e-01	7.642497e-04
4.145408e-01	7.537148e-04
4.145664e-01	7.428830e-04
4.145920e-01	7.319196e-04
4.146176e-01	7.205650e-04
4.146432e-01	7.091837e-04
4.146688e-01	6.974777e-04
4.146944e-01	6.862290e-04
4.147200e-01	6.741302e-04
4.147456e-01	6.618444e-04
4.147712e-01	6.499951e-04
4.147968e-01	6.367887e-04
4.148224e-01	6.242072e-04
4.148480e-01	6.119782e-04
4.148736e-01	5.982165e-04
4.148992e-01	5.853419e-04
4.149248e-01	5.724267e-04
4.149504e-01	5.586181e-04
4.149760e-01	5.450686e-04
4.150016e-01	5.313624e-04
4.150272e-01	5.174513e-04
4.150528e-01	5.035204e-04
4.150784e-01	4.888228e-04
4.151040e-01	4.747424e-04
4.151296e-01	4.601730e-04
4.151552e-01	4.457480e-04
4.151808e-01	4.309095e-04
4.152064e-01	4.160945e-04
4.152320e-01	4.011001e-04
4.152576e-01	3.860050e-04
4.152832e-01	3.704043e-04
4.153088e-01	3.552089e-04
4.153344e-01	3.400467e-04
4.153600e-01	3.242259e-04
4.153856e-01	3.084917e-04
4.154112e-01	2.930408e-04
4.154368e-01	2.773102e-04
4.154624e-01	2.614774e-04
4.154880e-01	2.453708e-04
4.155136e-01	2.293416e-04
4.155392e-01	2.134104e-04
4.155648e-01	1.969783e-04
4.155904e-01	1.808297e-04
4.156160e-01	1.645976e-04
4.156416e-01	1.479118e-04
4.156672e-01	1.318200e-04
4.156928e-01	1.150088e-04
4.157184e-01	9.904434e-05
4.157440e-01	8.217185e-05
4.157696e-01	6.589518e-05
4.157952e-01	4.933123e-05
4.158208e-01	3.265059e-05
4.158464e-01	1.575344e-05
4.158720e-01	-1.048815e-06
4.158976e-01	-1.720239e-05
4.159232e-01	-3.407197e-05
4.159488e-01	-5.068165e-05
4.159744e-01	-6.777655e-05
4.160000e-01	-8.425375e-05
4.160256e-01	-1.009118e-04
4.160512e-01	-1.175568e-04
4.160768e-01	-1.336960e-04
4.161024e-01	-1.508912e-04
4.161280e-01	-1.672441e-04
4.161536e-01	-1.834514e-04
4.161792e-01	-1.999280e-04
4.162048e-01	-2.166010e-04
4.162304e-01	-2.327374e-04
4.162560e-01	-2.492150e-04
4.162816e-01	-2.654420e-04
4.163072e-01	-2.820014e-04
4.163328e-01	-2.975314e-04
4.163584e-01	-3.138083e-04
4.163840e-01	-3.300321e-04
4.164096e-01	-3.455543e-04
4.164352e-01	-3.615213e-04
4.164608e-01	-3.772225e-04
4.164864e-01	-3.926728e-04
4.165120e-01	-4.086206e-04
4.165376e-01	-4.239338e-04
4.165632e-01	-4.390634e-04
4.165888e-01	-4.543676e-04
4.166144e-01	-4.698056e-04
4.166400e-01	-4.845149e-04
4.166656e-01	-4.990313e-04
4.166912e-01	-5.144128e-04
4.167168e-01	-5.287249e-04
4.167424e-01	-5.429647e-04
4.167680e-01	-5.573875e-04
4.167936e-01	-5.714307e-04
4.168192e-01	-5.858197e-04
4.168448e-01	-5.994266e-04
4.168704e-01	-6.134724e-04
4.168960e-01	-6.268820e-04
4.169216e-01	-6.403645e-04
4.169472e-01	-6.533621e-04
4.169728e-01	-6.668731e-04
4.169984e-01	-6.793884e-04
4.170240e-01	-6.922193e-04
4.170496e-01	-7.046273e-04
4.170752e-01	-7.164206e-04
4.171008e-01	-7.293784e-04
4.171264e-01	-7.411573e-04
4.171520e-01	-7.530195e-04
4.171776e-01	-7.643502e-04
4.172032e-01	-7.757606e-04
4.172288e-01	-7.872373e-04
4.172544e-01	-7.976622e-04
4.172800e-01	-8.090421e-04
4.173056e-01	-8.186682e-04
4.173312e-01	-8.291735e-04
4.173568e-01	-8.395642e-04
4.173824e-01	-8.491304e-04
4.174080e-01	-8.587206e-04
4.174336e-01	-8.678489e-04
4.174592e-01	-8.770822e-04
4.174848e-01	-8.860727e-04
4.175104e-01	-8.944726e-04
4.175360e-01	-9.028210e-04
4.175616e-01	-9.113651e-04
4.175872e-01	-9.190578e-04
4.176128e-01	-9.263374e-04
4.176384e-01	-9.342285e-04
4.176640e-01	-9.411295e-04
4.176896e-01	-9.480292e-04
4.177152e-01	-9.547397e-04
4.177408e-01	-9.609826e-04
4.177664e-01	-9.672013e-04
4.177920e-01	-9.728136e-04
4.178176e-01	-9.783423e-04
4.178432e-01	-9.840612e-04
4.178688e-01	-9.886840e-04
4.178944e-01	-9.939807e-04
4.179200e-01	-9.979026e-04
4.179456e-01	-1.002406e-03
4.179712e-01	-1.006448e-03
4.179968e-01	-1.009815e-03
4.180224e-01	-1.013579e-03
4.180480e-01	-1.016338e-03
4.180736e-01	-1.019168e-03
4.180992e-01	-1.021751e-03
4.181248e-01	-1.024216e-03
4.181504e-01	-1.026118e-03
4.181760e-01	-1.027310e-03
4.182016e-01	-1.029018e-03
4.182272e-01	-1.030556e-03
4.182528e-01	-1.031558e-03
4.182784e-01	-1.031609e-03
4.183040e-01	-1.032131e-03
4.183296e-01	-1.032105e-03
4.183552e-01	-1.032097e-03
4.183808e-01	-1.031286e-03
4.184064e-01	-1.030129e-03
4.184320e-01	-1.029163e-03
4.184576e-01	-1.028086e-03
4.184832e-01	-1.026496e-03
4.185088e-01	-1.024443e-03
4.185344e-01	-1.022258e-03
4.185600e-01	-1.019784e-03
4.185856e-01	-1.017417e-03
4.186112e-01	-1.014465e-03
4.186368e-01	-1.010767e-03
4.186624e-01	-1.007507e-03
4.186880e-01	-1.003256e-03
4.187136e-01	-9.995087e-04
4.187392e-01	-9.949575e-04
4.187648e-01	-9.904561e-04
4.187904e-01	-9.861633e-04
4.188160e-01	-9.805214e-04
4.188416e-01	-9.750890e-04
4.188672e-01	-9.701339e-04
4.188928e-01	-9.638194e-04
4.189184e-01	-9.576975e-04
4.189440e-01	-9.514464e-04
4.189696e-01	-9.445955e-04
4.189952e-01	-9.378116e-04
4.190208e-01	-9.308752e-04
4.190464e-01	-9.233790e-04
4.190720e-01	-9.156640e-04
4.190976e-01	-9.080168e-04
4.191232e-01	-8.999355e-04
4.191488e-01	-8.915321e-04
4.191744e-01	-8.830032e-04
4.192000e-01	-8.739118e-04
4.192256e-01	-8.659262e-04
4.192512e-01	-8.560281e-04
4.192768e-01	-8.464103e-04
4.193024e-01	-8.369243e-04
4.193280e-01	-8.271018e-04
4.193536e-01	-8.169823e-04
4.193792e-01	-8.067082e-04
4.194048e-01	-7.961296e-04
4.194304e-01	-7.855208e-04
4.194560e-01	-7.748436e-04
4.194816e-01	-7.633857e-04
4.195072e-01	-7.526308e-04
4.195328e-01	-7.408520e-04
4.195584e-01	-7.291952e-04
4.195840e-01	-7.174466e-04
4.196096e-01	-7.052417e-04
4.196352e-01	-6.933347e-04
4.196608e-01	-6.807600e-04
4.196864e-01	-6.686220e-04
4.197120e-01	-6.555659e-04
4.197376e-01	-6.428883e-04
4.197632e-01	-6.296172e-04
4.197888e-01	-6.164951e-04
4.198144e-01	-6.031138e-04
4.198400e-01	-5.894135e-04
4.198656e-01	-5.763844e-04
4.198912e-01	-5.627083e-04
4.199168e-01	-5.484675e-04
4.199424e-01	-5.345867e-04
4.199680e-01	-5.203235e-04
4.199936e-01	-5.060564e-04
4.200192e-01	-4.915004e-04
4.200448e-01	-4.778075e-04
4.200704e-01	-4.625732e-04
4.200960e-01	-4.475281e-04
4.201216e-01	-4.329167e-04
4.201472e-01	-4.180969e-04
4.201728e-01	-4.030881e-04
4.201984e-01	-3.875598e-04
4.202240e-01	-3.727138e-04
4.202496e-01	-3.573729e-04
4.202752e-01	-3.418392e-04
4.203008e-01	-3.268705e-04
4.203264e-01	-3.112972e-04
4.203520e-01	-2.953257e-04
4.203776e-01	-2.795368e-04
4.204032e-01	-2.637104e-04
4.204288e-01	-2.481327e-04
4.204544e-01	-2.320393e-04
4.204800e-01	-2.157880e-04
4.205056e-01	-2.006028e-04
4.205312e-01	-1.841714e-04
4.205568e-01	-1.684151e-04
4.205824e-01	-1.522838e-04
4.206080e-01	-1.360714e-04
4.206336e-01	-1.200856e-04
4.206592e-01	-1.039176e-04
4.206848e-01	-8.741159e-05
4.207104e-01	-7.172065e-05
4.207360e-01	-5.523641e-05
4.207616e-01	-3.892099e-05
4.207872e-01	-2.283120e-05
4.208128e-01	-6.826713e-06
4.208384e-01	9.446907e-06
4.208640e-01	2.604234e-05
4.208896e-01	4.161642e-05
4.209152e-01	5.795497e-05
4.209408e-01	7.405939e-05
4.209664e-01	9.033016e-05
4.209920e-01	1.066064e-04
4.210176e-01	1.220844e-04
4.210432e-01	1.382064e-04
4.210688e-01	1.542077e-04
4.210944e-01	1.703372e-04
4.211200e-01	1.857750e-04
4.211456e-01	2.018174e-04
4.211712e-01	2.174304e-04
4.211968e-01	2.331068e-04
4.212224e-01	2.485077e-04
4.212480e-01	2.645999e-04
4.212736e-01	2.797532e-04
4.212992e-01	2.949219e-04
4.213248e-01	3.108173e-04
4.213504e-01	3.256314e-04
4.213760e-01	3.405432e-04
4.214016e-01	3.557015e-04
4.214272e-01	3.703331e-04
4.214528e-01	3.852697e-04
4.214784e-01	4.001340e-04
4.215040e-01	4.145371e-04
4.215296e-01	4.292562e-04
4.215552e-01	4.434448e-04
4.215808e-01	4.579033e-04
4.216064e-01	4.719757e-04
4.216320e-01	4.856551e-04
4.216576e-01	5.003813e-04
4.216832e-01	5.136998e-04
4.217088e-01	5.275264e-04
4.217344e-01	5.406455e-04
4.217600e-01	5.542759e-04
4.217856e-01	5.675409e-04
4.218112e-01	5.805959e-04
4.218368e-01	5.938562e-04
4.218624e-01	6.068054e-04
4.218880e-01	6.192541e-04
4.219136e-01	6.315642e-04
4.219392e-01	6.439636e-04
4.219648e-01	6.562797e-04
4.219904e-01	6.683273e-04
4.220160e-01	6.799310e-04
4.220416e-01	6.919273e-04
4.220672e-01	7.030526e-04
4.220928e-01	7.143299e-04
4.221184e-01	7.258480e-04
4.221440e-01	7.359372e-04
4.221696e-01	7.473515e-04
4.221952e-01	7.575926e-04
4.222208e-01	7.680775e-04
4.222464e-01	7.783389e-04
4.222720e-01	7.878754e-04
4.222976e-01	7.982895e-04
4.223232e-01	8.074054e-04
4.223488e-01	8.169623e-04
4.223744e-01	8.266191e-04
4.224000e-01	8.351458e-04
4.224256e-01	8.438841e-04
4.224512e-01	8.522674e-04
4.224768e-01	8.610677e-04
4.225024e-01	8.686341e-04
4.225280e-01	8.765048e-04
4.225536e-01	8.844804e-04
4.225792e-01	8.918200e-04
4.226048e-01	8.987379e-04
4.226304e-01	9.060055e-04
4.226560e-01	9.126896e-04
4.226816e-01	9.192242e-04
4.227072e-01	9.255407e-04
4.227328e-01	9.315189e-04
4.227584e-01	9.375910e-04
4.227840e-01	9.430232e-04
4.228096e-01	9.479470e-04
4.228352e-01	9.536360e-04
4.228608e-01	9.584067e-04
4.228864e-01	9.629637e-04
4.229120e-01	9.675580e-04
4.229376e-01	9.715561e-04
4.229632e-01	9.755676e-04
4.229888e-01	9.790736e-04
4.230144e-01	9.824421e-04
4.230400e-01	9.859703e-04
4.230656e-01	9.886385e-04
4.230912e-01	9.916641e-04
4.231168e-01	9.937193e-04
4.231424e-01	9.965769e-04
4.231680e-01	9.979490e-04
4.231936e-01	9.994579e-04
4.232192e-01	1.001572e-03
4.232448e-01	1.002484e-03
4.232704e-01	1.003488e-03
4.232960e-01	1.003868e-03
4.233216e-01	1.004855e-03
4.233472e-01	1.005147e-03
4.233728e-01	1.005049e-03
4.233984e-01	1.004905e-03
4.234240e-01	1.004112e-03
4.234496e-01	1.003772e-03
4.234752e-01	1.002808e-03
4.235008e-01	1.001096e-03
4.235264e-01	9.997166e-04
4.235520e-01	9.982475e-04
4.235776e-01	9.958695e-04
4.236032e-01	9.942815e-04
4.236288e-01	9.909272e-04
4.236544e-01	9.891425e-04
4.236800e-01	9.859336e-04
4.237056e-01	9.822523e-04
4.237312e-01	9.790437e-04
4.237568e-01	9.752509e-04
4.237824e-01	9.717042e-04
4.238080e-01	9.667692e-04
4.238336e-01	9.627583e-04
4.238592e-01	9.580718e-04
4.238848e-01	9.533573e-04
4.239104e-01	9.481422e-04
4.239360e-01	9.421956e-04
4.239616e-01	9.374387e-04
4.239872e-01	9.309366e-04
4.240128e-01	9.247702e-04
4.240384e-01	9.185063e-04
4.240640e-01	9.118909e-04
4.240896e-01	9.049524e-04
4.241152e-01	8.980544e-04
4.241408e-01	8.907919e-04
4.241664e-01	8.832075e-04
4.241920e-01	8.759285e-04
4.242176e-01	8.678192e-04
4.242432e-01	8.590158e-04
4.242688e-01	8.508512e-04
4.242944e-01	8.418107e-04
4.243200e-01	8.328919e-04
4.243456e-01	8.240630e-04
4.243712e-01	8.147147e-04
4.243968e-01	8.054219e-04
4.244224e-01	7.953997e-04
4.244480e-01	7.854340e-04
4.244736e-01	7.756600e-04
4.244992e-01	7.649224e-04
4.245248e-01	7.546265e-04
4.245504e-01	7.432989e-04
4.245760e-01	7.326155e-04
4.246016e-01	7.216307e-04
4.246272e-01	7.102587e-04
4.246528e-01	6.985216e-04
4.246784e-01	6.869132e-04
4.247040e-01	6.754400e-04
4.247296e-01	6.626637e-04
4.247552e-01	6.506597e-04
4.247808e-01	6.383874e-04
4.248064e-01	6.257779e-04
4.248320e-01	6.130105e-04
4.248576e-01	5.994292e-04
4.248832e-01	5.870286e-04
4.249088e-01	5.736703e-04
4.249344e-01	5.601689e-04
4.249600e-01	5.459219e-04
4.249856e-01	5.326578e-04
4.250112e-01	5.187606e-04
4.250368e-01	5.044027e-04
4.250624e-01	4.906552e-04
4.250880e-01	4.756744e-04
4.251136e-01	4.612594e-04
4.251392e-01	4.471706e-04
4.251648e-01	4.325338e-04
4.251904e-01	4.175690e-04
4.252160e-01	4.022321e-04
4.252416e-01	3.873887e-04
4.252672e-01	3.718607e-04
4.252928e-01	3.566071e-04
4.253184e-01	3.413510e-04
4.253440e-01	3.256831e-04
4.253696e-01	3.101849e-04
4.253952e-01	2.946836e-04
4.254208e-01	2.787237e-04
4.254464e-01	2.629268e-04
4.254720e-01	2.469908e-04
4.254976e-01	2.310001e-04
4.255232e-01	2.148163e-04
4.255488e-01	1.988751e-04
4.255744e-01	1.823113e-04
4.256000e-01	1.659490e-04
4.256256e-01	1.495653e-04
4.256512e-01	1.334609e-04
4.256768e-01	1.166549e-04
4.257024e-01	1.004168e-04
4.257280e-01	8.382754e-05
4.257536e-01	6.713483e-05
4.257792e-01	5.081437e-05
4.258048e-01	3.372402e-05
4.258304e-01	1.750501e-05
4.258560e-01	7.347784e-07
4.258816e-01	-1.630610e-05
4.259072e-01	-3.225273e-05
4.259328e-01	-4.913342e-05
4.259584e-01	-6.594304e-05
4.259840e-01	-8.279138e-05
4.260096e-01	-9.909208e-05
4.260352e-01	-1.158843e-04
4.260608e-01	-1.324281e-04
4.260864e-01	-1.489059e-04
4.261120e-01	-1.654848e-04
4.261376e-01	-1.816171e-04
4.261632e-01	-1.984544e-04
4.261888e-01	-2.151116e-04
4.262144e-01	-2.306825e-04
4.262400e-01	-2.478434e-04
4.262656e-01	-2.642290e-04
4.262912e-01	-2.801058e-04
4.263168e-01	-2.961498e-04
4.263424e-01	-3.122360e-04
4.263680e-01	-3.283923e-04
4.263936e-01	-3.442401e-04
4.264192e-01	-3.598478e-04
4.264448e-01	-3.756106e-04
4.264704e-01	-3.914796e-04
4.264960e-01	-4.068092e-04
4.265216e-01	-4.225715e-04
4.265472e-01	-4.378961e-04
4.265728e-01	-4.527963e-04
4.265984e-01	-4.681748e-04
4.266240e-01	-4.832567e-04
4.266496e-01	-4.983725e-04
4.266752e-01	-5.128665e-04
4.267008e-01	-5.281224e-04
4.267264e-01	-5.420324e-04
4.267520e-01	-5.563557e-04
4.267776e-01	-5.705410e-04
4.268032e-01	-5.842203e-04
4.268288e-01	-5.979458e-04
4.268544e-01	-6.120146e-04
4.268800e-01	-6.260214e-04
4.269056e-01	-6.389839e-04
4.269312e-01	-6.521994e-04
4.269568e-01	-6.654147e-04
4.269824e-01	-6.779895e-04
4.270080e-01	-6.914522e-04
4.270336e-01	-7.035407e-04
4.270592e-01	-7.158330e-04
4.270848e-01	-7.281037e-04
4.271104e-01	-7.402076e-04
4.271360e-01	-7.521641e-04
4.271616e-01	-7.629860e-04
4.271872e-01	-7.747287e-04
4.272128e-01	-7.860442e-04
4.272384e-01	-7.966951e-04
4.272640e-01	-8.075241e-04
4.272896e-01	-8.179296e-04
4.273152e-01	-8.281899e-04
4.273408e-01	-8.380897e-04
4.273664e-01	-8.482239e-04
4.273920e-01	-8.573608e-04
4.274176e-01	-8.671638e-04
4.274432e-01	-8.764441e-04
4.274688e-01	-8.848558e-04
4.274944e-01	-8.939274e-04
4.275200e-01	-9.019243e-04
4.275456e-01	-9.103097e-04
4.275712e-01	-9.183512e-04
4.275968e-01	-9.257066e-04
4.276224e-01	-9.339445e-04
4.276480e-01	-9.403232e-04
4.276736e-01	-9.479466e-04
4.276992e-01	-9.539134e-04
4.277248e-01	-9.605223e-04
4.277504e-01	-9.669950e-04
4.277760e-01	-9.721140e-04
4.278016e-01	-9.781957e-04
4.278272e-01	-9.831033e-04
4.278528e-01	-9.885650e-04
4.278784e-01	-9.934459e-04
4.279040e-01	-9.974097e-04
4.279296e-01	-1.001935e-03
4.279552e-01	-1.005663e-03
4.279808e-01	-1.009047e-03
4.280064e-01	-1.012629e-03
4.280320e-01	-1.015838e-03
4.280576e-01	-1.018481e-03
4.280832e-01	-1.021428e-03
4.281088e-01	-1.023439e-03
4.281344e-01	-1.025501e-03
4.281600e-01	-1.027449e-03
4.281856e-01	-1.029356e-03
4.282112e-01	-1.029949e-03
4.282368e-01	-1.030664e-03
4.282624e-01	-1.031643e-03
4.282880e-01	-1.032058e-03
4.283136e-01	-1.032119e-03
4.283392e-01	-1.031883e-03
4.283648e-01	-1.031114e-03
4.283904e-01	-1.030747e-03
4.284160e-01	-1.029785e-03
4.284416e-01	-1.028000e-03
4.284672e-01	-1.026637e-03
4.284928e-01	-1.024957e-03
4.285184e-01	-1.022444e-03
4.285440e-01	-1.020419e-03
4.285696e-01	-1.017528e-03
4.285952e-01	-1.014334e-03
4.286208e-01	-1.011215e-03
4.286464e-01	-1.007940e-03
4.286720e-01	-1.004053e-03
4.286976e-01	-1.000002e-03
4.287232e-01	-9.955002e-04
4.287488e-01	-9.908633e-04
4.287744e-01	-9.861203e-04
4.288000e-01	-9.813047e-04
4.288256e-01	-9.761284e-04
4.288512e-01	-9.700532e-04
4.288768e-01	-9.641905e-04
4.289024e-01	-9.586649e-04
4.289280e-01	-9.518313e-04
4.289536e-01	-9.452309e-04
4.289792e-01	-9.384178e-04
4.290048e-01	-9.315131e-04
4.290304e-01	-9.238013e-04
4.290560e-01	-9.164214e-04
4.290816e-01	-9.090358e-04
4.291072e-01	-9.004222e-04
4.291328e-01	-8.922464e-04
4.291584e-01	-8.839940e-04
4.291840e-01	-8.749426e-04
4.292096e-01	-8.661474e-04
4.292352e-01	-8.570020e-04
4.292608e-01	-8.476403e-04
4.292864e-01	-8.376699e-04
4.293120e-01	-8.279741e-04
4.293376e-01	-8.180709e-04
4.293632e-01	-8.075566e-04
4.293888e-01	-7.971259e-04
4.294144e-01	-7.866333e-04
4.294400e-01	-7.754152e-04
4.294656e-01	-7.648186e-04
4.294912e-01	-7.532897e-04
4.295168e-01	-7.420008e-04
4.295424e-01	-7.303077e-04
4.295680e-01	-7.186542e-04
4.295936e-01	-7.067545e-04
4.296192e-01	-6.942101e-04
4.296448e-01	-6.822835e-04
4.296704e-01	-6.697277e-04
4.296960e-01	-6.565984e-04
4.297216e-01	-6.440518e-04
4.297472e-01	-6.309223e-04
4.297728e-01	-6.180422e-04
4.297984e-01	-6.047844e-04
4.298240e-01	-5.911477e-04
4.298496e-01	-5.774171e-04
4.298752e-01	-5.634797e-04
4.299008e-01	-5.499857e-04
4.299264e-01	-5.360389e-04
4.299520e-01	-5.218128e-04
4.299776e-01	-5.078790e-04
4.300032e-01	-4.932639e-04
4.300288e-01	-4.787892e-04
4.300544e-01	-4.640141e-04
4.300800e-01	-4.495417e-04
4.301056e-01	-4.345339e-04
4.301312e-01	-4.193081e-04
4.301568e-01	-4.044879e-04
4.301824e-01	-3.895984e-04
4.302080e-01	-3.741696e-04
4.302336e-01	-3.589718e-04
4.302592e-01	-3.433636e-04
4.302848e-01	-3.276982e-04
4.303104e-01	-3.124463e-04
4.303360e-01	-2.971076e-04
4.303616e-01	-2.810195e-04
4.303872e-01	-2.652462e-04
4.304128e-01	-2.493677e-04
4.304384e-01	-2.336978e-04
4.304640e-01	-2.177677e-04
4.304896e-01	-2.019024e-04
4.305152e-01	-1.859952e-04
4.305408e-01	-1.698461e-04
4.305664e-01	-1.535566e-04
4.305920e-01	-1.379900e-04
4.306176e-01	-1.219116e-04
4.306432e-01	-1.051623e-04
4.306688e-01	-8.919472e-05
4.306944e-01	-7.330831e-05
4.307200e-01	-5.685242e-05
4.307456e-01	-4.085632e-05
4.307712e-01	-2.462894e-05
4.307968e-01	-8.494843e-06
4.308224e-01	7.970101e-06
4.308480e-01	2.388529e-05
4.308736e-01	4.051009e-05
4.308992e-01	5.638141e-05
4.309248e-01	7.268672e-05
4.309504e-01	8.891848e-05
4.309760e-01	1.044315e-04
4.310016e-01	1.208368e-04
4.310272e-01	1.364597e-04
4.310528e-01	1.523163e-04
4.310784e-01	1.684806e-04
4.311040e-01	1.842957e-04
4.311296e-01	2.002769e-04
4.311552e-01	2.158196e-04
4.311808e-01	2.312562e-04
4.312064e-01	2.470509e-04
4.312320e-01	2.631170e-04
4.312576e-01	2.776615e-04
4.312832e-01	2.934006e-04
4.313088e-01	3.090835e-04
4.313344e-01	3.238872e-04
4.313600e-01	3.391985e-04
4.313856e-01	3.540553e-04
4.314112e-01	3.689407e-04
4.314368e-01	3.837296e-04
4.314624e-01	3.985857e-04
4.314880e-01	4.136545e-04
4.315136e-01	4.273578e-04
4.315392e-01	4.424905e-04
4.315648e-01	4.565869e-04
4.315904e-01	4.705204e-04
4.316160e-01	4.847646e-04
4.316416e-01	4.987950e-04
4.316672e-01	5.126522e-04
4.316928e-01	5.261755e-04
4.317184e-01	5.396316e-04
4.317440e-01	5.527659e-04
4.317696e-01	5.660236e-04
4.317952e-01	5.789889e-04
4.318208e-01	5.922170e-04
4.318464e-01	6.051176e-04
4.318720e-01	6.175507e-04
4.318976e-01	6.303578e-04
4.319232e-01	6.426595e-04
4.319488e-01	6.549884e-04
4.319744e-01	6.665278e-04
4.320000e-01	6.783902e-04
4.320256e-01	6.900625e-04
4.320512e-01	7.017797e-04
4.320768e-01	7.128658e-04
4.321024e-01	7.237718e-04
4.321280e-01	7.350522e-04
4.321536e-01	7.460129e-04
4.321792e-01	7.561517e-04
4.322048e-01	7.667359e-04
4.322304e-01	7.768646e-04
4.322560e-01	7.868112e-04
4.322816e-01	7.968707e-04
4.323072e-01	8.065653e-04
4.323328e-01	8.155610e-04
4.323584e-01	8.250067e-04
4.323840e-01	8.339955e-04
4.324096e-01	8.424718e-04
4.324352e-01	8.516377e-04
4.324608e-01	8.592751e-04
4.324864e-01	8.673818e-04
4.325120e-01	8.761636e-04
4.325376e-01	8.832279e-04
4.325632e-01	8.909650e-04
4.325888e-01	8.982155e-04
4.326144e-01	9.052939e-04
4.326400e-01	9.116352e-04
4.326656e-01	9.184357e-04
4.326912e-01	9.248779e-04
4.327168e-01	9.308222e-04
4.327424e-01	9.366161e-04
4.327680e-01	9.425087e-04
4.327936e-01	9.477655e-04
4.328192e-01	9.527340e-04
4.328448e-01	9.579487e-04
4.328704e-01	9.624654e-04
4.328960e-01	9.667312e-04
4.329216e-01	9.709628e-04
4.329472e-01	9.747513e-04
4.329728e-01	9.786339e-04
4.329984e-01	9.820908e-04
4.330240e-01	9.852339e-04
4.330496e-01	9.882585e-04
4.330752e-01	9.910865e-04
4.331008e-01	9.936467e-04
4.331264e-01	9.953214e-04
4.331520e-01	9.972904e-04
4.331776e-01	1.000020e-03
4.332032e-01	1.000757e-03
4.332288e-01	1.002620e-03
4.332544e-01	1.003588e-03
4.332800e-01	1.003791e-03
4.333056e-01	1.004733e-03
4.333312e-01	1.005431e-03
4.333568e-01	1.005000e-03
4.333824e-01	1.004560e-03
4.334080e-01	1.004702e-03
4.334336e-01	1.003624e-03
4.334592e-01	1.002827e-03
4.334848e-01	1.001543e-03
4.335104e-01	9.995581e-04
4.335360e-01	9.987276e-04
4.335616e-01	9.964532e-04
4.335872e-01	9.943291e-04
4.336128e-01	9.917332e-04
4.336384e-01	9.890437e-04
4.336640e-01	9.860785e-04
4.336896e-01	9.828277e-04
4.337152e-01	9.795055e-04
4.337408e-01	9.757176e-04
4.337664e-01	9.718820e-04
4.337920e-01	9.675593e-04
4.338176e-01	9.632967e-04
4.338432e-01	9.583620e-04
4.338688e-01	9.532783e-04
4.338944e-01	9.485547e-04
4.339200e-01	9.429831e-04
4.339456e-01	9.376453e-04
4.339712e-01	9.312003e-04
4.339968e-01	9.251572e-04
4.340224e-01	9.189262e-04
4.340480e-01	9.124782e-04
4.340736e-01	9.055762e-04
4.340992e-01	8.990664e-04
4.341248e-01	8.917091e-04
4.341504e-01	8.836832e-04
4.341760e-01	8.763438e-04
4.342016e-01	8.681777e-04
4.342272e-01	8.598706e-04
4.342528e-01	8.518253e-04
4.342784e-01	8.431820e-04
4.343040e-01	8.342416e-04
4.343296e-01	8.249093e-04
4.343552e-01	8.159728e-04
4.343808e-01	8.064780e-04
4.344064e-01	7.966476e-04
4.344320e-01	7.870166e-04
4.344576e-01	7.769596e-04
4.344832e-01	7.661886e-04
4.345088e-01	7.560068e-04
4.345344e-01	7.451742e-04
4.345600e-01	7.338985e-04
4.345856e-01	7.229062e-04
4.346112e-01	7.118788e-04
4.346368e-01	6.999279e-04
4.346624e-01	6.879279e-04
4.346880e-01	6.763951e-04
4.347136e-01	6.646603e-04
4.347392e-01	6.519493e-04
4.347648e-01	6.394927e-04
4.347904e-01	6.264496e-04
4.348160e-01	6.141870e-04
4.348416e-01	6.014025e-04
4.348672e-01	5.880573e-04
4.348928e-01	5.747799e-04
4.349184e-01	5.611500e-04
4.349440e-01	5.481514e-04
4.349696e-01	5.338682e-04
4.349952e-01	5.200644e-04
4.350208e-01	5.065828e-04
4.350464e-01	4.915997e-04
4.350720e-01	4.777555e-04
4.350976e-01	4.630455e-04
4.351232e-01	4.486192e-04
4.351488e-01	4.336508e-04
4.351744e-01	4.187880e-04
4.352000e-01	4.042141e-04
4.352256e-01	3.887009e-04
4.352512e-01	3.734538e-04
4.352768e-01	3.581556e-04
4.353024e-01	3.429104e-04
4.353280e-01	3.274890e-04
4.353536e-01	3.117547e-04
4.353792e-01	2.962707e-04
4.354048e-01	2.803463e-04
4.354304e-01	2.644208e-04
4.354560e-01	2.483909e-04
4.354816e-01	2.327238e-04
4.355072e-01	2.167135e-04
4.355328e-01	2.003751e-04
4.355584e-01	1.839507e-04
4.355840e-01	1.678632e-04
4.356096e-01	1.513921e-04
4.356352e-01	1.353686e-04
4.356608e-01	1.185778e-04
4.356864e-01	1.022813e-04
4.357120e-01	8.537384e-05
4.357376e-01	6.906877e-05
4.357632e-01	5.233251e-05
4.357888e-01	3.546338e-05
4.358144e-01	1.939081e-05
4.358400e-01	2.124269e-06
4.358656e-01	-1.407073e-05
4.358912e-01	-3.077076e-05
4.359168e-01	-4.745082e-05
4.359424e-01	-6.422027e-05
4.359680e-01	-8.123535e-05
4.359936e-01	-9.721950e-05
4.360192e-01	-1.143076e-04
4.360448e-01	-1.303568e-04
4.360704e-01	-1.473012e-04
4.360960e-01	-1.639598e-04
4.361216e-01	-1.803615e-04
4.361472e-01	-1.971036e-04
4.361728e-01	-2.131139e-04
4.361984e-01	-2.295359e-04
4.362240e-01	-2.460526e-04
4.362496e-01	-2.622240e-04
4.362752e-01	-2.786295e-04
4.363008e-01	-2.949742e-04
4.363264e-01	-3.109090e-04
4.363520e-01	-3.265898e-04
4.363776e-01	-3.428337e-04
4.364032e-01	-3.587129e-04
4.364288e-01	-3.743184e-04
4.364544e-01	-3.900828e-04
4.364800e-01	-4.055928e-04
4.365056e-01	-4.205645e-04
4.365312e-01	-4.363888e-04
4.365568e-01	-4.514632e-04
4.365824e-01	-4.665897e-04
4.366080e-01	-4.814681e-04
4.366336e-01	-4.965346e-04
4.366592e-01	-5.111143e-04
4.366848e-01	-5.258747e-04
4.367104e-01	-5.403559e-04
4.367360e-01	-5.548147e-04
4.367616e-01	-5.693527e-04
4.367872e-01	-5.831778e-04
4.368128e-01	-5.971857e-04
4.368384e-01	-6.106627e-04
4.368640e-01	-6.243056e-04
4.368896e-01	-6.377949e-04
4.369152e-01	-6.508913e-04
4.369408e-01	-6.642720e-04
4.369664e-01	-6.767316e-04
4.369920e-01	-6.894096e-04
4.370176e-01	-7.023761e-04
4.370432e-01	-7.147375e-04
4.370688e-01	-7.263638e-04
4.370944e-01	-7.388008e-04
4.371200e-01	-7.504884e-04
4.371456e-01	-7.620867e-04
4.371712e-01	-7.735561e-04
4.371968e-01	-7.845241e-04
4.372224e-01	-7.958746e-04
4.372480e-01	-8.067170e-04
4.372736e-01	-8.165207e-04
4.372992e-01	-8.271862e-04
4.373248e-01	-8.373110e-04
4.373504e-01	-8.472739e-04
4.373760e-01	-8.568793e-04
4.374016e-01	-8.662773e-04
4.374272e-01	-8.754485e-04
4.374528e-01	-8.842352e-04
4.374784e-01	-8.930601e-04
4.375040e-01	-9.012022e-04
4.375296e-01	-9.096490e-04
4.375552e-01	-9.177312e-04
4.375808e-01	-9.249104e-04
4.376064e-01	-9.327164e-04
4.376320e-01	-9.401980e-04
4.376576e-01	-9.469737e-04
4.376832e-01	-9.530167e-04
4.377088e-01	-9.599990e-04
4.377344e-01	-9.658504e-04
4.377600e-01	-9.717569e-04
4.377856e-01	-9.772416e-04
4.378112e-01	-9.827871e-04
4.378368e-01	-9.876138e-04
4.378624e-01	-9.924090e-04
4.378880e-01	-9.975779e-04
4.379136e-01	-1.001364e-03
4.379392e-01	-1.005165e-03
4.379648e-01	-1.009174e-03
4.379904e-01	-1.012466e-03
4.380160e-01	-1.015576e-03
4.380416e-01	-1.018615e-03
4.380672e-01	-1.021325e-03
4.380928e-01	-1.024146e-03
4.381184e-01	-1.025695e-03
4.381440e-01	-1.027202e-03
4.381696e-01	-1.028911e-03
4.381952e-01	-1.029717e-03
4.382208e-01	-1.031126e-03
4.382464e-01	-1.031337e-03
4.382720e-01	-1.031886e-03
4.382976e-01	-1.031768e-03
4.383232e-01	-1.032003e-03
4.383488e-01	-1.031219e-03
4.383744e-01	-1.030185e-03
4.384000e-01	-1.029598e-03
4.384256e-01	-1.028035e-03
4.384512e-01	-1.026046e-03
4.384768e-01	-1.024746e-03
4.385024e-01	-1.022971e-03
4.385280e-01	-1.020468e-03
4.385536e-01	-1.017938e-03
4.385792e-01	-1.014716e-03
4.386048e-01	-1.011774e-03
4.386304e-01	-1.008306e-03
4.386560e-01	-1.004198e-03
4.386816e-01	-1.000168e-03
4.387072e-01	-9.959947e-04
4.387328e-01	-9.917486e-04
4.387584e-01	-9.866244e-04
4.387840e-01	-9.819773e-04
4.388096e-01	-9.762030e-04
4.388352e-01	-9.707720e-04
4.388608e-01	-9.649394e-04
4.388864e-01	-9.586140e-04
4.389120e-01	-9.529117e-04
4.389376e-01	-9.457948e-04
4.389632e-01	-9.389518e-04
4.389888e-01	-9.321940e-04
4.390144e-01	-9.247836e-04
4.390400e-01	-9.174810e-04
4.390656e-01	-9.093406e-04
4.390912e-01	-9.014916e-04
4.391168e-01	-8.927828e-04
4.391424e-01	-8.846811e-04
4.391680e-01	-8.757536e-04
4.391936e-01	-8.670485e-04
4.392192e-01	-8.577723e-04
4.392448e-01	-8.484442e-04
4.392704e-01	-8.386960e-04
4.392960e-01	-8.288109e-04
4.393216e-01	-8.192863e-04
4.393472e-01	-8.083972e-04
4.393728e-01	-7.985306e-04
4.393984e-01	-7.878722e-04
4.394240e-01	-7.766719e-04
4.394496e-01	-7.657888e-04
4.394752e-01	-7.544140e-04
4.395008e-01	-7.432580e-04
4.395264e-01	-7.313769e-04
4.395520e-01	-7.199359e-04
4.395776e-01	-7.077928e-04
4.396032e-01	-6.953487e-04
4.396288e-01	-6.826994e-04
4.396544e-01	-6.703045e-04
4.396800e-01	-6.581154e-04
4.397056e-01	-6.454587e-04
4.397312e-01	-6.317400e-04
4.397568e-01	-6.190601e-04
4.397824e-01	-6.056263e-04
4.398080e-01	-5.921967e-04
4.398336e-01	-5.789989e-04
4.398592e-01	-5.649094e-04
4.398848e-01	-5.507997e-04
4.399104e-01	-5.371443e-04
4.399360e-01	-5.232658e-04
4.399616e-01	-5.085720e-04
4.399872e-01	-4.946709e-04
4.400128e-01	-4.800896e-04
4.400384e-01	-4.653141e-04
4.400640e-01	-4.507287e-04
4.400896e-01	-4.354883e-04
4.401152e-01	-4.212420e-04
4.401408e-01	-4.055586e-04
4.401664e-01	-3.909471e-04
4.401920e-01	-3.755343e-04
4.402176e-01	-3.602454e-04
4.402432e-01	-3.448982e-04
4.402688e-01	-3.292073e-04
4.402944e-01	-3.143109e-04
4.403200e-01	-2.980647e-04
4.403456e-01	-2.829308e-04
4.403712e-01	-2.671943e-04
4.403968e-01	-2.506550e-04
4.404224e-01	-2.356248e-04
4.404480e-01	-2.191450e-04
4.404736e-01	-2.034185e-04
4.404992e-01	-1.877126e-04
4.405248e-01	-1.712052e-04
4.405504e-01	-1.552164e-04
4.405760e-01	-1.392196e-04
4.406016e-01	-1.230498e-04
4.406272e-01	-1.068912e-04
4.406528e-01	-9.063142e-05
4.406784e-01	-7.464708e-05
4.407040e-01	-5.804547e-05
4.407296e-01	-4.214342e-05
4.407552e-01	-2.619047e-05
4.407808e-01	-9.814122e-06
4.408064e-01	6.775392e-06
4.408320e-01	2.245194e-05
4.408576e-01	3.863858e-05
4.408832e-01	5.512281e-05
4.409088e-01	7.078215e-05
4.409344e-01	8.684862e-05
4.409600e-01	1.032201e-04
4.409856e-01	1.191010e-04
4.410112e-01	1.350191e-04
4.410368e-01	1.507301e-04
4.410624e-01	1.667895e-04
4.410880e-01	1.831172e-04
4.411136e-01	1.985686e-04
4.411392e-01	2.139084e-04
4.411648e-01	2.303947e-04
4.411904e-01	2.454348e-04
4.412160e-01	2.608231e-04
4.412416e-01	2.767793e-04
4.412672e-01	2.922448e-04
4.412928e-01	3.074890e-04
4.413184e-01	3.226492e-04
4.413440e-01	3.373300e-04
4.413696e-01	3.527251e-04
4.413952e-01	3.680606e-04
4.414208e-01	3.825419e-04
4.414464e-01	3.971331e-04
4.414720e-01	4.117304e-04
4.414976e-01	4.262044e-04
4.415232e-01	4.405688e-04
4.415488e-01	4.550039e-04
4.415744e-01	4.693651e-04
4.416000e-01	4.831413e-04
4.416256e-01	4.972307e-04
4.416512e-01	5.108364e-04
4.416768e-01	5.250081e-04
4.417024e-01	5.383507e-04
4.417280e-01	5.519105e-04
4.417536e-01	5.654553e-04
4.417792e-01	5.780339e-04
4.418048e-01	5.909037e-04
4.418304e-01	6.039825e-04
4.418560e-01	6.166740e-04
4.418816e-01	6.293539e-04
4.419072e-01	6.414013e-04
4.419328e-01	6.535844e-04
4.419584e-01	6.658958e-04
4.419840e-01	6.777123e-04
4.420096e-01	6.893166e-04
4.420352e-01	7.010273e-04
4.420608e-01	7.119799e-04
4.420864e-01	7.231741e-04
4.421120e-01	7.341367e-04
4.421376e-01	7.448933e-04
4.421632e-01	7.553415e-04
4.421888e-01	7.657246e-04
4.422144e-01	7.763549e-04
4.422400e-01	7.864796e-04
4.422656e-01	7.956618e-04
4.422912e-01	8.054934e-04
4.423168e-01	8.150806e-04
4.423424e-01	8.240752e-04
4.423680e-01	8.332390e-04
4.423936e-01	8.418197e-04
4.424192e-01	8.500534e-04
4.424448e-01	8.591605e-04
4.424704e-01	8.670167e-04
4.424960e-01	8.751762e-04
4.425216e-01	8.827564e-04
4.425472e-01	8.898141e-04
4.425728e-01	8.967912e-04
4.425984e-01	9.040180e-04
4.426240e-01	9.112229e-04
4.426496e-01	9.177478e-04
4.426752e-01	9.242523e-04
4.427008e-01	9.299631e-04
4.427264e-01	9.355623e-04
4.427520e-01	9.419310e-04
4.427776e-01	9.471338e-04
4.428032e-01	9.522187e-04
4.428288e-01	9.573460e-04
4.428544e-01	9.616227e-04
4.428800e-01	9.662429e-04
4.429056e-01	9.706227e-04
4.429312e-01	9.741869e-04
4.429568e-01	9.784134e-04
4.429824e-01	9.819932e-04
4.430080e-01	9.849502e-04
4.430336e-01	9.880295e-04
4.430592e-01	9.911066e-04
4.430848e-01	9.933821e-04
4.431104e-01	9.957126e-04
4.431360e-01	9.975231e-04
4.431616e-01	9.994556e-04
4.431872e-01	1.000813e-03
4.432128e-01	1.002564e-03
4.432384e-01	1.003243e-03
4.432640e-01	1.003762e-03
4.432896e-01	1.004780e-03
4.433152e-01	1.004875e-03
4.433408e-01	1.004958e-03
4.433664e-01	1.004759e-03
4.433920e-01	1.004127e-03
4.434176e-01	1.003637e-03
4.434432e-01	1.002459e-03
4.434688e-01	1.001476e-03
4.434944e-01	1.000068e-03
4.435200e-01	9.981535e-04
4.435456e-01	9.965126e-04
4.435712e-01	9.944297e-04
4.435968e-01	9.918706e-04
4.436224e-01	9.891118e-04
4.436480e-01	9.860721e-04
4.436736e-01	9.830053e-04
4.436992e-01	9.793751e-04
4.437248e-01	9.759362e-04
4.437504e-01	9.719243e-04
4.437760e-01	9.677893e-04
4.438016e-01	9.632850e-04
4.438272e-01	9.590014e-04
4.438528e-01	9.540204e-04
4.438784e-01	9.491797e-04
4.439040e-01	9.436069e-04
4.439296e-01	9.378042e-04
4.439552e-01	9.319930e-04
4.439808e-01	9.259003e-04
4.440064e-01	9.200058e-04
4.440320e-01	9.132795e-04
4.440576e-01	9.065989e-04
4.440832e-01	8.993020e-04
4.441088e-01	8.917725e-04
4.441344e-01	8.847411e-04
4.441600e-01	8.766249e-04
4.441856e-01	8.690698e-04
4.442112e-01	8.605383e-04
4.442368e-01	8.522148e-04
4.442624e-01	8.439558e-04
4.442880e-01	8.350822e-04
4.443136e-01	8.260643e-04
4.443392e-01	8.165881e-04
4.443648e-01	8.073832e-04
4.443904e-01	7.977851e-04
4.444160e-01	7.871959e-04
4.444416e-01	7.776972e-04
4.444672e-01	7.673610e-04
4.444928e-01	7.570377e-04
4.445184e-01	7.461632e-04
4.445440e-01	7.350060e-04
4.445696e-01	7.241959e-04
4.445952e-01	7.126305e-04
4.446208e-01	7.008965e-04
4.446464e-01	6.893678e-04
4.446720e-01	6.779955e-04
4.446976e-01	6.654435e-04
4.447232e-01	6.533577e-04
4.447488e-01	6.408423e-04
4.447744e-01	6.277090e-04
4.448000e-01	6.157283e-04
4.448256e-01	6.019903e-04
4.448512e-01	5.890404e-04
4.448768e-01	5.759537e-04
4.449024e-01	5.626276e-04
4.449280e-01	5.489038e-04
4.449536e-01	5.351605e-04
4.449792e-01	5.213946e-04
4.450048e-01	5.074890e-04
4.450304e-01	4.931568e-04
4.450560e-01	4.785532e-04
4.450816e-01	4.642311e-04
4.451072e-01	4.497831e-04
4.451328e-01	4.350424e-04
4.451584e-01	4.204158e-04
4.451840e-01	4.053609e-04
4.452096e-01	3.904721e-04
4.452352e-01	3.749757e-04
4.452608e-01	3.595838e-04
4.452864e-01	3.446616e-04
4.453120e-01	3.288949e-04
4.453376e-01	3.132428e-04
4.453632e-01	2.976817e-04
4.453888e-01	2.815505e-04
4.454144e-01	2.662742e-04
4.454400e-01	2.498095e-04
4.454656e-01	2.338638e-04
4.454912e-01	2.182451e-04
4.455168e-01	2.016239e-04
4.455424e-01	1.853603e-04
4.455680e-01	1.694917e-04
4.455936e-01	1.530371e-04
4.456192e-01	1.363802e-04
4.456448e-01	1.201700e-04
4.456704e-01	1.038622e-04
4.456960e-01	8.659792e-05
4.457216e-01	7.062318e-05
4.457472e-01	5.392692e-05
4.457728e-01	3.705260e-05
4.457984e-01	2.072960e-05
4.458240e-01	3.786447e-06
4.458496e-01	-1.268385e-05
4.458752e-01	-2.942742e-05
4.459008e-01	-4.603790e-05
4.459264e-01	-6.247839e-05
4.459520e-01	-7.946046e-05
4.459776e-01	-9.581680e-05
4.460032e-01	-1.126919e-04
4.460288e-01	-1.291152e-04
4.460544e-01	-1.456401e-04
4.460800e-01	-1.625336e-04
4.461056e-01	-1.792328e-04
4.461312e-01	-1.954006e-04
4.461568e-01	-2.118604e-04
4.461824e-01	-2.279790e-04
4.462080e-01	-2.444976e-04
4.462336e-01	-2.609130e-04
4.462592e-01	-2.768659e-04
4.462848e-01	-2.934347e-04
4.463104e-01	-3.093804e-04
4.463360e-01	-3.248428e-04
4.463616e-01	-3.412521e-04
4.463872e-01	-3.568284e-04
4.464128e-01	-3.727444e-04
4.464384e-01	-3.883414e-04
4.464640e-01	-4.041781e-04
4.464896e-01	-4.196874e-04
4.465152e-01	-4.347676e-04
4.465408e-01	-4.501282e-04
4.465664e-01	-4.653263e-04
4.465920e-01	-4.804776e-04
4.466176e-01	-4.952217e-04
4.466432e-01	-5.100482e-04
4.466688e-01	-5.242761e-04
4.466944e-01	-5.388980e-04
4.467200e-01	-5.540079e-04
4.467456e-01	-5.674530e-04
4.467712e-01	-5.819034e-04
4.467968e-01	-5.957757e-04
4.468224e-01	-6.094043e-04
4.468480e-01	-6.231627e-04
4.468736e-01	-6.364379e-04
4.468992e-01	-6.497382e-04
4.469248e-01	-6.627565e-04
4.469504e-01	-6.756601e-04
4.469760e-01	-6.885131e-04
4.470016e-01	-7.011546e-04
4.470272e-01	-7.136252e-04
4.470528e-01	-7.252769e-04
4.470784e-01	-7.377535e-04
4.471040e-01	-7.494566e-04
4.471296e-01	-7.610854e-04
4.471552e-01	-7.722563e-04
4.471808e-01	-7.830647e-04
4.472064e-01	-7.944739e-04
4.472320e-01	-8.053034e-04
4.472576e-01	-8.156518e-04
4.472832e-01	-8.262845e-04
4.473088e-01	-8.362700e-04
4.473344e-01	-8.463666e-04
4.473600e-01	-8.557814e-04
4.473856e-01	-8.653156e-04
4.474112e-01	-8.744330e-04
4.474368e-01	-8.831615e-04
4.474624e-01	-8.920699e-04
4.474880e-01	-9.005851e-04
4.475136e-01	-9.086399e-04
4.475392e-01	-9.163418e-04
4.475648e-01	-9.243081e-04
4.475904e-01	-9.317802e-04
4.476160e-01	-9.390642e-04
4.476416e-01	-9.459720e-04
4.476672e-01	-9.526284e-04
4.476928e-01	-9.592725e-04
4.477184e-01	-9.650097e-04
4.477440e-01	-9.712279e-04
4.477696e-01	-9.767915e-04
4.477952e-01	-9.825734e-04
4.478208e-01	-9.873153e-04
4.478464e-01	-9.923521e-04
4.478720e-01	-9.969453e-04
4.478976e-01	-1.001148e-03
4.479232e-01	-1.004991e-03
4.479488e-01	-1.008961e-03
4.479744e-01	-1.012312e-03
4.480000e-01	-1.015102e-03
4.480256e-01	-1.018540e-03
4.480512e-01	-1.020687e-03
4.480768e-01	-1.023121e-03
4.481024e-01	-1.025549e-03
4.481280e-01	-1.026879e-03
4.481536e-01	-1.028461e-03
4.481792e-01	-1.029862e-03
4.482048e-01	-1.031261e-03
4.482304e-01	-1.031538e-03
4.482560e-01	-1.032006e-03
4.482816e-01	-1.031875e-03
4.483072e-01	-1.031715e-03
4.483328e-01	-1.031413e-03
4.483584e-01	-1.030742e-03
4.483840e-01	-1.029912e-03
4.484096e-01	-1.028480e-03
4.484352e-01	-1.026837e-03
4.484608e-01	-1.025127e-03
4.484864e-01	-1.022862e-03
4.485120e-01	-1.020367e-03
4.485376e-01	-1.017848e-03
4.485632e-01	-1.015022e-03
4.485888e-01	-1.011561e-03
4.486144e-01	-1.008352e-03
4.486400e-01	-1.004607e-03
4.486656e-01	-1.000896e-03
4.486912e-01	-9.964644e-04
4.487168e-01	-9.921166e-04
4.487424e-01	-9.873606e-04
4.487680e-01	-9.824488e-04
4.487936e-01	-9.767856e-04
4.488192e-01	-9.713427e-04
4.488448e-01	-9.659952e-04
4.488704e-01	-9.592684e-04
4.488960e-01	-9.531406e-04
4.489216e-01	-9.467403e-04
4.489472e-01	-9.396393e-04
4.489728e-01	-9.328477e-04
4.489984e-01	-9.252617e-04
4.490240e-01	-9.179988e-04
4.490496e-01	-9.102757e-04
4.490752e-01	-9.021286e-04
4.491008e-01	-8.938036e-04
4.491264e-01	-8.852888e-04
4.491520e-01	-8.765702e-04
4.491776e-01	-8.678772e-04
4.492032e-01	-8.585160e-04
4.492288e-01	-8.491914e-04
4.492544e-01	-8.395359e-04
4.492800e-01	-8.299666e-04
4.493056e-01	-8.198516e-04
4.493312e-01	-8.098342e-04
4.493568e-01	-7.993142e-04
4.493824e-01	-7.887123e-04
4.494080e-01	-7.780701e-04
4.494336e-01	-7.666207e-04
4.494592e-01	-7.555307e-04
4.494848e-01	-7.444549e-04
4.495104e-01	-7.325563e-04
4.495360e-01	-7.210042e-04
4.495616e-01	-7.091288e-04
4.495872e-01	-6.965219e-04
4.496128e-01	-6.844990e-04
4.496384e-01	-6.723162e-04
4.496640e-01	-6.592565e-04
4.496896e-01	-6.466283e-04
4.497152e-01	-6.335264e-04
4.497408e-01	-6.205108e-04
4.497664e-01	-6.067577e-04
4.497920e-01	-5.938444e-04
4.498176e-01	-5.801148e-04
4.498432e-01	-5.664152e-04
4.498688e-01	-5.528433e-04
4.498944e-01	-5.383465e-04
4.499200e-01	-5.247996e-04
4.499456e-01	-5.104524e-04
4.499712e-01	-4.960028e-04
4.499968e-01	-4.816914e-04
4.500224e-01	-4.668675e-04
4.500480e-01	-4.525179e-04
4.500736e-01	-4.374105e-04
4.500992e-01	-4.226148e-04
4.501248e-01	-4.072192e-04
4.501504e-01	-3.923281e-04
4.501760e-01	-3.771589e-04
4.502016e-01	-3.617198e-04
4.502272e-01	-3.465018e-04
4.502528e-01	-3.309226e-04
4.502784e-01	-3.151815e-04
4.503040e-01	-2.996546e-04
4.503296e-01	-2.839836e-04
4.503552e-01	-2.685580e-04
4.503808e-01	-2.526783e-04
4.504064e-01	-2.367288e-04
4.504320e-01	-2.209351e-04
4.504576e-01	-2.047351e-04
4.504832e-01	-1.889636e-04
4.505088e-01	-1.734475e-04
4.505344e-01	-1.569130e-04
4.505600e-01	-1.408770e-04
4.505856e-01	-1.245727e-04
4.506112e-01	-1.083637e-04
4.506368e-01	-9.230474e-05
4.506624e-01	-7.606027e-05
4.506880e-01	-5.998675e-05
4.507136e-01	-4.388060e-05
4.507392e-01	-2.740417e-05
4.507648e-01	-1.133992e-05
4.507904e-01	4.842831e-06
4.508160e-01	2.096541e-05
4.508416e-01	3.726893e-05
4.508672e-01	5.334146e-05
4.508928e-01	6.946245e-05
4.509184e-01	8.556883e-05
4.509440e-01	1.016041e-04
4.509696e-01	1.176679e-04
4.509952e-01	1.338091e-04
4.510208e-01	1.496748e-04
4.510464e-01	1.658122e-04
4.510720e-01	1.813588e-04
4.510976e-01	1.966941e-04
4.511232e-01	2.126528e-04
4.511488e-01	2.286766e-04
4.511744e-01	2.438123e-04
4.512000e-01	2.598244e-04
4.512256e-01	2.750425e-04
4.512512e-01	2.903775e-04
4.512768e-01	3.060531e-04
4.513024e-01	3.209983e-04
4.513280e-01	3.360639e-04
4.513536e-01	3.512568e-04
4.513792e-01	3.664045e-04
4.514048e-01	3.813114e-04
4.514304e-01	3.958728e-04
4.514560e-01	4.105789e-04
4.514816e-01	4.251624e-04
4.515072e-01	4.394665e-04
4.515328e-01	4.536323e-04
4.515584e-01	4.681127e-04
4.515840e-01	4.819499e-04
4.516096e-01	4.960706e-04
4.516352e-01	5.097094e-04
4.516608e-01	5.235622e-04
4.516864e-01	5.371774e-04
4.517120e-01	5.505591e-04
4.517376e-01	5.639338e-04
4.517632e-01	5.769668e-04
4.517888e-01	5.901018e-04
4.518144e-01	6.029776e-04
4.518400e-01	6.154044e-04
4.518656e-01	6.280513e-04
4.518912e-01	6.402466e-04
4.519168e-01	6.525397e-04
4.519424e-01	6.644674e-04
4.519680e-01	6.764402e-04
4.519936e-01	6.881077e-04
4.520192e-01	6.994514e-04
4.520448e-01	7.107553e-04
4.520704e-01	7.222056e-04
4.520960e-01	7.333505e-04
4.521216e-01	7.439805e-04
4.521472e-01	7.544536e-04
4.521728e-01	7.650144e-04
4.521984e-01	7.751982e-04
4.522240e-01	7.856364e-04
4.522496e-01	7.949909e-04
4.522752e-01	8.045706e-04
4.523008e-01	8.142820e-04
4.523264e-01	8.233684e-04
4.523520e-01	8.323544e-04
4.523776e-01	8.414080e-04
4.524032e-01	8.498011e-04
4.524288e-01	8.580753e-04
4.524544e-01	8.666009e-04
4.524800e-01	8.744749e-04
4.525056e-01	8.817789e-04
4.525312e-01	8.897507e-04
4.525568e-01	8.966218e-04
4.525824e-01	9.034715e-04
4.526080e-01	9.105696e-04
4.526336e-01	9.172054e-04
4.526592e-01	9.236646e-04
4.526848e-01	9.296491e-04
4.527104e-01	9.353711e-04
4.527360e-01	9.415158e-04
4.527616e-01	9.468233e-04
4.527872e-01	9.517398e-04
4.528128e-01	9.569450e-04
4.528384e-01	9.615450e-04
4.528640e-01	9.657576e-04
4.528896e-01	9.704605e-04
4.529152e-01	9.740345e-04
4.529408e-01	9.783229e-04
4.529664e-01	9.816086e-04
4.529920e-01	9.843312e-04
4.530176e-01	9.879178e-04
4.530432e-01	9.906756e-04
4.530688e-01	9.931359e-04
4.530944e-01	9.953362e-04
4.531200e-01	9.973419e-04
4.531456e-01	9.992790e-04
4.531712e-01	1.000779e-03
4.531968e-01	1.002410e-03
4.532224e-01	1.002978e-03
4.532480e-01	1.004348e-03
4.532736e-01	1.004605e-03
4.532992e-01	1.005001e-03
4.533248e-01	1.005286e-03
4.533504e-01	1.004637e-03
4.533760e-01	1.004974e-03
4.534016e-01	1.003783e-03
4.534272e-01	1.002601e-03
4.534528e-01	1.001853e-03
4.534784e-01	1.000053e-03
4.535040e-01	9.983812e-04
4.535296e-01	9.967368e-04
4.535552e-01	9.948328e-04
4.535808e-01	9.920412e-04
4.536064e-01	9.893009e-04
4.536320e-01	9.863798e-04
4.536576e-01	9.835624e-04
4.536832e-01	9.801562e-04
4.537088e-01	9.765872e-04
4.537344e-01	9.724477e-04
4.537600e-01	9.687237e-04
4.537856e-01	9.641509e-04
4.538112e-01	9.593521e-04
4.538368e-01	9.546532e-04
4.538624e-01	9.494507e-04
4.538880e-01	9.445064e-04
4.539136e-01	9.385963e-04
4.539392e-01	9.329379e-04
4.539648e-01	9.271326e-04
4.539904e-01	9.203389e-04
4.540160e-01	9.143520e-04
4.540416e-01	9.068620e-04
4.540672e-01	9.004318e-04
4.540928e-01	8.932626e-04
4.541184e-01	8.852702e-04
4.541440e-01	8.778212e-04
4.541696e-01	8.700297e-04
4.541952e-01	8.614701e-04
4.542208e-01	8.535176e-04
4.542464e-01	8.450720e-04
4.542720e-01	8.355042e-04
4.542976e-01	8.270046e-04
4.543232e-01	8.175447e-04
4.543488e-01	8.081736e-04
4.543744e-01	7.987118e-04
4.544000e-01	7.885944e-04
4.544256e-01	7.787102e-04
4.544512e-01	7.681953e-04
4.544768e-01	7.577276e-04
4.545024e-01	7.469157e-04
4.545280e-01	7.361907e-04
4.545536e-01	7.248610e-04
4.545792e-01	7.141070e-04
4.546048e-01	7.023931e-04
4.546304e-01	6.909244e-04
4.546560e-01	6.786646e-04
4.546816e-01	6.666448e-04
4.547072e-01	6.545361e-04
4.547328e-01	6.415410e-04
4.547584e-01	6.298896e-04
4.547840e-01	6.166044e-04
4.548096e-01	6.034417e-04
4.548352e-01	5.907863e-04
4.548608e-01	5.771655e-04
4.548864e-01	5.641775e-04
4.549120e-01	5.503134e-04
4.549376e-01	5.369582e-04
4.549632e-01	5.229331e-04
4.549888e-01	5.087281e-04
4.550144e-01	4.942408e-04
4.550400e-01	4.805099e-04
4.550656e-01	4.662274e-04
4.550912e-01	4.513352e-04
4.551168e-01	4.368833e-04
4.551424e-01	4.215575e-04
4.551680e-01	4.066866e-04
4.551936e-01	3.917711e-04
4.552192e-01	3.766485e-04
4.552448e-01	3.612114e-04
4.552704e-01	3.456130e-04
4.552960e-01	3.306062e-04
4.553216e-01	3.144005e-04
4.553472e-01	2.993606e-04
4.553728e-01	2.834160e-04
4.553984e-01	2.672865e-04
4.554240e-01	2.515657e-04
4.554496e-01	2.352459e-04
4.554752e-01	2.194974e-04
4.555008e-01	2.035717e-04
4.555264e-01	1.870435e-04
4.555520e-01	1.706255e-04
4.555776e-01	1.540634e-04
4.556032e-01	1.378610e-04
4.556288e-01	1.220772e-04
4.556544e-01	1.053893e-04
4.556800e-01	8.838504e-05
4.557056e-01	7.182811e-05
4.557312e-01	5.550645e-05
4.557568e-01	3.912050e-05
4.557824e-01	2.181860e-05
4.558080e-01	5.675117e-06
4.558336e-01	-1.100469e-05
4.558592e-01	-2.801682e-05
4.558848e-01	-4.431503e-05
4.559104e-01	-6.082875e-05
4.559360e-01	-7.780140e-05
4.559616e-01	-9.435001e-05
4.559872e-01	-1.113329e-04
4.560128e-01	-1.275411e-04
4.560384e-01	-1.446707e-04
4.560640e-01	-1.610150e-04
4.560896e-01	-1.772260e-04
4.561152e-01	-1.940738e-04
4.561408e-01	-2.100851e-04
4.561664e-01	-2.264748e-04
4.561920e-01	-2.429052e-04
4.562176e-01	-2.592666e-04
4.562432e-01	-2.755810e-04
4.562688e-01	-2.914393e-04
4.562944e-01	-3.079001e-04
4.563200e-01	-3.241214e-04
4.563456e-01	-3.396755e-04
4.563712e-01	-3.553412e-04
4.563968e-01	-3.714227e-04
4.564224e-01	-3.873655e-04
4.564480e-01	-4.024738e-04
4.564736e-01	-4.183638e-04
4.564992e-01	-4.338788e-04
4.565248e-01	-4.485792e-04
4.565504e-01	-4.637445e-04
4.565760e-01	-4.787239e-04
4.566016e-01	-4.939508e-04
4.566272e-01	-5.084605e-04
4.566528e-01	-5.235740e-04
4.566784e-01	-5.373126e-04
4.567040e-01	-5.521089e-04
4.567296e-01	-5.664314e-04
4.567552e-01	-5.802248e-04
4.567808e-01	-5.944113e-04
4.568064e-01	-6.082399e-04
4.568320e-01	-6.218414e-04
4.568576e-01	-6.351664e-04
4.568832e-01	-6.486480e-04
4.569088e-01	-6.618036e-04
4.569344e-01	-6.747005e-04
4.569600e-01	-6.875988e-04
4.569856e-01	-6.998904e-04
4.570112e-01	-7.126260e-04
4.570368e-01	-7.245847e-04
4.570624e-01	-7.363364e-04
4.570880e-01	-7.484657e-04
4.571136e-01	-7.602352e-04
4.571392e-01	-7.716424e-04
4.571648e-01	-7.826482e-04
4.571904e-01	-7.939486e-04
4.572160e-01	-8.049687e-04
4.572416e-01	-8.151492e-04
4.572672e-01	-8.256054e-04
4.572928e-01	-8.357243e-04
4.573184e-01	-8.457752e-04
4.573440e-01	-8.551771e-04
4.573696e-01	-8.640930e-04
4.573952e-01	-8.739426e-04
4.574208e-01	-8.829624e-04
4.574464e-01	-8.907836e-04
4.574720e-01	-9.000764e-04
4.574976e-01	-9.079062e-04
4.575232e-01	-9.157542e-04
4.575488e-01	-9.236879e-04
4.575744e-01	-9.315214e-04
4.576000e-01	-9.383817e-04
4.576256e-01	-9.452531e-04
4.576512e-01	-9.522800e-04
4.576768e-01	-9.583731e-04
4.577024e-01	-9.648972e-04
4.577280e-01	-9.705844e-04
4.577536e-01	-9.764424e-04
4.577792e-01	-9.821743e-04
4.578048e-01	-9.868549e-04
4.578304e-01	-9.918355e-04
4.578560e-01	-9.963503e-04
4.578816e-01	-1.000743e-03
4.579072e-01	-1.004810e-03
4.579328e-01	-1.008605e-03
4.579584e-01	-1.011695e-03
4.579840e-01	-1.014804e-03
4.580096e-01	-1.017795e-03
4.580352e-01	-1.020272e-03
4.580608e-01	-1.023172e-03
4.580864e-01	-1.025492e-03
4.581120e-01	-1.026632e-03
4.581376e-01	-1.028923e-03
4.581632e-01	-1.029987e-03
4.581888e-01	-1.030795e-03
4.582144e-01	-1.031538e-03
4.582400e-01	-1.031962e-03
4.582656e-01	-1.031991e-03
4.582912e-01	-1.032181e-03
4.583168e-01	-1.031399e-03
4.583424e-01	-1.030581e-03
4.583680e-01	-1.029615e-03
4.583936e-01	-1.028570e-03
4.584192e-01	-1.027233e-03
4.584448e-01	-1.025251e-03
4.584704e-01	-1.023234e-03
4.584960e-01	-1.020720e-03
4.585216e-01	-1.018761e-03
4.585472e-01	-1.015803e-03
4.585728e-01	-1.012177e-03
4.585984e-01	-1.008946e-03
4.586240e-01	-1.005032e-03
4.586496e-01	-1.001165e-03
4.586752e-01	-9.967722e-04
4.587008e-01	-9.924665e-04
4.587264e-01	-9.877243e-04
4.587520e-01	-9.823705e-04
4.587776e-01	-9.771507e-04
4.588032e-01	-9.722518e-04
4.588288e-01	-9.658911e-04
4.588544e-01	-9.601771e-04
4.588800e-01	-9.538913e-04
4.589056e-01	-9.471138e-04
4.589312e-01	-9.407623e-04
4.589568e-01	-9.333651e-04
4.589824e-01	-9.262065e-04
4.590080e-01	-9.188148e-04
4.590336e-01	-9.106955e-04
4.590592e-01	-9.033034e-04
4.590848e-01	-8.945022e-04
4.591104e-01	-8.863769e-04
4.591360e-01	-8.780064e-04
4.591616e-01	-8.683595e-04
4.591872e-01	-8.593883e-04
4.592128e-01	-8.499004e-04
4.592384e-01	-8.405114e-04
4.592640e-01	-8.309587e-04
4.592896e-01	-8.205553e-04
4.593152e-01	-8.105125e-04
4.593408e-01	-7.998714e-04
4.593664e-01	-7.894756e-04
4.593920e-01	-7.790124e-04
4.594176e-01	-7.680837e-04
4.594432e-01	-7.560590e-04
4.594688e-01	-7.453624e-04
4.594944e-01	-7.338736e-04
4.595200e-01	-7.217434e-04
4.595456e-01	-7.100544e-04
4.595712e-01	-6.977805e-04
4.595968e-01	-6.860699e-04
4.596224e-01	-6.735488e-04
4.596480e-01	-6.605381e-04
4.596736e-01	-6.475805e-04
4.596992e-01	-6.345456e-04
4.597248e-01	-6.219942e-04
4.597504e-01	-6.085074e-04
4.597760e-01	-5.948978e-04
4.598016e-01	-5.817720e-04
4.598272e-01	-5.677490e-04
4.598528e-01	-5.537320e-04
4.598784e-01	-5.399644e-04
4.599040e-01	-5.252746e-04
4.599296e-01	-5.118405e-04
4.599552e-01	-4.968197e-04
4.599808e-01	-4.825072e-04
4.600064e-01	-4.684615e-04
4.600320e-01	-4.536414e-04
4.600576e-01	-4.387737e-04
4.600832e-01	-4.238794e-04
4.601088e-01	-4.089269e-04
4.601344e-01	-3.935132e-04
4.601600e-01	-3.784876e-04
4.601856e-01	-3.630268e-04
4.602112e-01	-3.477572e-04
4.602368e-01	-3.325342e-04
4.602624e-01	-3.165457e-04
4.602880e-01	-3.012358e-04
4.603136e-01	-2.853205e-04
4.603392e-01	-2.700750e-04
4.603648e-01	-2.544686e-04
4.603904e-01	-2.380316e-04
4.604160e-01	-2.222596e-04
4.604416e-01	-2.064945e-04
4.604672e-01	-1.901743e-04
4.604928e-01	-1.742935e-04
4.605184e-01	-1.585125e-04
4.605440e-01	-1.421814e-04
4.605696e-01	-1.257005e-04
4.605952e-01	-1.103035e-04
4.606208e-01	-9.425292e-05
4.606464e-01	-7.751769e-05
4.606720e-01	-6.153111e-05
4.606976e-01	-4.530834e-05
4.607232e-01	-2.908246e-05
4.607488e-01	-1.294119e-05
4.607744e-01	3.420757e-06
4.608000e-01	1.956500e-05
4.608256e-01	3.576430e-05
4.608512e-01	5.177653e-05
4.608768e-01	6.826899e-05
4.609024e-01	8.370649e-05
4.609280e-01	1.004617e-04
4.609536e-01	1.161204e-04
4.609792e-01	1.324666e-04
4.610048e-01	1.480680e-04
4.610304e-01	1.635625e-04
4.610560e-01	1.799219e-04
4.610816e-01	1.953733e-04
4.611072e-01	2.114241e-04
4.611328e-01	2.266537e-04
4.611584e-01	2.425592e-04
4.611840e-01	2.579318e-04
4.612096e-01	2.736851e-04
4.612352e-01	2.891141e-04
4.612608e-01	3.040558e-04
4.612864e-01	3.197851e-04
4.613120e-01	3.346338e-04
4.613376e-01	3.499671e-04
4.613632e-01	3.644541e-04
4.613888e-01	3.796996e-04
4.614144e-01	3.945116e-04
4.614400e-01	4.091151e-04
4.614656e-01	4.235010e-04
4.614912e-01	4.378326e-04
4.615168e-01	4.522543e-04
4.615424e-01	4.666521e-04
4.615680e-01	4.807301e-04
4.615936e-01	4.947110e-04
4.616192e-01	5.083525e-04
4.616448e-01	5.223902e-04
4.616704e-01	5.357676e-04
4.616960e-01	5.487449e-04
4.617216e-01	5.626975e-04
4.617472e-01	5.760406e-04
4.617728e-01	5.887965e-04
4.617984e-01	6.016770e-04
4.618240e-01	6.141654e-04
4.618496e-01	6.263994e-04
4.618752e-01	6.386244e-04
4.619008e-01	6.512853e-04
4.619264e-01	6.633095e-04
4.619520e-01	6.750841e-04
4.619776e-01	6.869579e-04
4.620032e-01	6.985001e-04
4.620288e-01	7.096637e-04
4.620544e-01	7.210915e-04
4.620800e-01	7.316181e-04
4.621056e-01	7.427512e-04
4.621312e-01	7.537281e-04
4.621568e-01	7.638650e-04
4.621824e-01	7.739840e-04
4.622080e-01	7.839964e-04
4.622336e-01	7.940994e-04
4.622592e-01	8.036313e-04
4.622848e-01	8.129207e-04
4.623104e-01	8.225797e-04
4.623360e-01	8.309573e-04
4.623616e-01	8.403228e-04
4.623872e-01	8.493635e-04
4.624128e-01	8.570100e-04
4.624384e-01	8.653227e-04
4.624640e-01	8.732969e-04
4.624896e-01	8.810274e-04
4.625152e-01	8.886956e-04
4.625408e-01	8.954706e-04
4.625664e-01	9.031387e-04
4.625920e-01	9.094587e-04
4.626176e-01	9.161948e-04
4.626432e-01	9.225987e-04
4.626688e-01	9.283537e-04
4.626944e-01	9.348172e-04
4.627200e-01	9.405500e-04
4.627456e-01	9.458486e-04
4.627712e-01	9.509900e-04
4.627968e-01	9.560778e-04
4.628224e-01	9.612622e-04
4.628480e-01	9.655422e-04
4.628736e-01	9.695822e-04
4.628992e-01	9.738348e-04
4.629248e-01	9.781310e-04
4.629504e-01	9.809422e-04
4.629760e-01	9.839598e-04
4.630016e-01	9.875158e-04
4.630272e-01	9.905220e-04
4.630528e-01	9.924639e-04
4.630784e-01	9.952597e-04
4.631040e-01	9.974064e-04
4.631296e-01	9.986935e-04
4.631552e-01	1.000869e-03
4.631808e-01	1.001682e-03
4.632064e-01	1.002854e-03
4.632320e-01	1.004272e-03
4.632576e-01	1.004226e-03
4.632832e-01	1.004642e-03
4.633088e-01	1.004251e-03
4.633344e-01	1.004385e-03
4.633600e-01	1.004428e-03
4.633856e-01	1.003606e-03
4.634112e-01	1.002566e-03
4.634368e-01	1.001622e-03
4.634624e-01	1.000112e-03
4.634880e-01	9.986254e-04
4.635136e-01	9.968478e-04
4.635392e-01	9.945545e-04
4.635648e-01	9.920092e-04
4.635904e-01	9.899242e-04
4.636160e-01	9.867818e-04
4.636416e-01	9.837277e-04
4.636672e-01	9.805760e-04
4.636928e-01	9.767810e-04
4.637184e-01	9.731483e-04
4.637440e-01	9.687686e-04
4.637696e-01	9.644998e-04
4.637952e-01	9.600435e-04
4.638208e-01	9.550279e-04
4.638464e-01	9.500164e-04
4.638720e-01	9.446398e-04
4.638976e-01	9.389828e-04
4.639232e-01	9.331814e-04
4.639488e-01	9.276827e-04
4.639744e-01	9.211227e-04
4.640000e-01	9.147997e-04
4.640256e-01	9.075439e-04
4.640512e-01	9.009425e-04
4.640768e-01	8.936177e-04
4.641024e-01	8.860483e-04
4.641280e-01	8.787542e-04
4.641536e-01	8.702409e-04
4.641792e-01	8.624598e-04
4.642048e-01	8.543772e-04
4.642304e-01	8.455939e-04
4.642560e-01	8.368228e-04
4.642816e-01	8.275325e-04
4.643072e-01	8.185894e-04
4.643328e-01	8.088391e-04
4.643584e-01	7.992935e-04
4.643840e-01	7.896832e-04
4.644096e-01	7.792292e-04
4.644352e-01	7.691228e-04
4.644608e-01	7.592004e-04
4.644864e-01	7.482212e-04
4.645120e-01	7.372857e-04
4.645376e-01	7.261498e-04
4.645632e-01	7.147600e-04
4.645888e-01	7.034053e-04
4.646144e-01	6.918518e-04
4.646400e-01	6.797384e-04
4.646656e-01	6.679445e-04
4.646912e-01	6.556310e-04
4.647168e-01	6.432732e-04
4.647424e-01	6.307082e-04
4.647680e-01	6.177016e-04
4.647936e-01	6.047843e-04
4.648192e-01	5.918325e-04
4.648448e-01	5.788439e-04
4.648704e-01	5.652641e-04
4.648960e-01	5.511949e-04
4.649216e-01	5.379143e-04
4.649472e-01	5.239093e-04
4.649728e-01	5.100430e-04
4.649984e-01	4.958832e-04
4.650240e-01	4.816049e-04
4.650496e-01	4.668632e-04
4.650752e-01	4.522832e-04
4.651008e-01	4.377557e-04
4.651264e-01	4.232744e-04
4.651520e-01	4.083962e-04
4.651776e-01	3.929590e-04
4.652032e-01	3.782300e-04
4.652288e-01	3.628785e-04
4.652544e-01	3.474438e-04
4.652800e-01	3.319469e-04
4.653056e-01	3.161634e-04
4.653312e-01	3.010933e-04
4.653568e-01	2.845598e-04
4.653824e-01	2.693709e-04
4.654080e-01	2.533243e-04
4.654336e-01	2.368994e-04
4.654592e-01	2.214320e-04
4.654848e-01	2.051411e-04
4.655104e-01	1.883852e-04
4.655360e-01	1.723536e-04
4.655616e-01	1.563923e-04
4.655872e-01	1.398106e-04
4.656128e-01	1.232526e-04
4.656384e-01	1.066685e-04
4.656640e-01	9.021538e-05
4.656896e-01	7.385296e-05
4.657152e-01	5.717719e-05
4.657408e-01	4.051801e-05
4.657664e-01	2.405519e-05
4.657920e-01	7.459758e-06
4.658176e-01	-9.644115e-06
4.658432e-01	-2.594603e-05
4.658688e-01	-4.270199e-05
4.658944e-01	-5.965031e-05
4.659200e-01	-7.607068e-05
4.659456e-01	-9.246189e-05
4.659712e-01	-1.095162e-04
4.659968e-01	-1.255226e-04
4.660224e-01	-1.425096e-04
4.660480e-01	-1.591332e-04
4.660736e-01	-1.753455e-04
4.660992e-01	-1.921474e-04
4.661248e-01	-2.085710e-04
4.661504e-01	-2.249378e-04
4.661760e-01	-2.411715e-04
4.662016e-01	-2.575979e-04
4.662272e-01	-2.736833e-04
4.662528e-01	-2.902000e-04
4.662784e-01	-3.064002e-04
4.663040e-01	-3.222934e-04
4.663296e-01	-3.381570e-04
4.663552e-01	-3.537695e-04
4.663808e-01	-3.701010e-04
4.664064e-01	-3.850267e-04
4.664320e-01	-4.010250e-04
4.664576e-01	-4.165154e-04
4.664832e-01	-4.317127e-04
4.665088e-01	-4.469883e-04
4.665344e-01	-4.621932e-04
4.665600e-01	-4.773342e-04
4.665856e-01	-4.923138e-04
4.666112e-01	-5.068586e-04
4.666368e-01	-5.217124e-04
4.666624e-01	-5.363460e-04
4.666880e-01	-5.505321e-04
4.667136e-01	-5.651323e-04
4.667392e-01	-5.791556e-04
4.667648e-01	-5.927677e-04
4.667904e-01	-6.066626e-04
4.668160e-01	-6.202963e-04
4.668416e-01	-6.337669e-04
4.668672e-01	-6.473201e-04
4.668928e-01	-6.604884e-04
4.669184e-01	-6.732871e-04
4.669440e-01	-6.860624e-04
4.669696e-01	-6.985294e-04
4.669952e-01	-7.112635e-04
4.670208e-01	-7.232510e-04
4.670464e-01	-7.352294e-04
4.670720e-01	-7.471568e-04
4.670976e-01	-7.591192e-04
4.671232e-01	-7.701751e-04
4.671488e-01	-7.814895e-04
4.671744e-01	-7.925161e-04
4.672000e-01	-8.034568e-04
4.672256e-01	-8.141775e-04
4.672512e-01	-8.242779e-04
4.672768e-01	-8.345620e-04
4.673024e-01	-8.443520e-04
4.673280e-01	-8.539445e-04
4.673536e-01	-8.636113e-04
4.673792e-01	-8.727627e-04
4.674048e-01	-8.817163e-04
4.674304e-01	-8.902794e-04
4.674560e-01	-8.993414e-04
4.674816e-01	-9.072967e-04
4.675072e-01	-9.150213e-04
4.675328e-01	-9.231947e-04
4.675584e-01	-9.305580e-04
4.675840e-01	-9.375310e-04
4.676096e-01	-9.448378e-04
4.676352e-01	-9.513363e-04
4.676608e-01	-9.582748e-04
4.676864e-01	-9.645564e-04
4.677120e-01	-9.699358e-04
4.677376e-01	-9.758827e-04
4.677632e-01	-9.811502e-04
4.677888e-01	-9.862367e-04
4.678144e-01	-9.915738e-04
4.678400e-01	-9.957294e-04
4.678656e-01	-1.000050e-03
4.678912e-01	-1.004119e-03
4.679168e-01	-1.008025e-03
4.679424e-01	-1.011482e-03
4.679680e-01	-1.014654e-03
4.679936e-01	-1.017907e-03
4.680192e-01	-1.020421e-03
4.680448e-01	-1.023064e-03
4.680704e-01	-1.025293e-03
4.680960e-01	-1.027017e-03
4.681216e-01	-1.028814e-03
4.681472e-01	-1.029471e-03
4.681728e-01	-1.031014e-03
4.681984e-01	-1.031395e-03
4.682240e-01	-1.031720e-03
4.682496e-01	-1.031995e-03
4.682752e-01	-1.031575e-03
4.683008e-01	-1.031122e-03
4.683264e-01	-1.030747e-03
4.683520e-01	-1.029689e-03
4.683776e-01	-1.028829e-03
4.684032e-01	-1.027210e-03
4.684288e-01	-1.025465e-03
4.684544e-01	-1.023412e-03
4.684800e-01	-1.020745e-03
4.685056e-01	-1.018694e-03
4.685312e-01	-1.015544e-03
4.685568e-01	-1.012604e-03
4.685824e-01	-1.008810e-03
4.686080e-01	-1.004812e-03
4.686336e-01	-1.001538e-03
4.686592e-01	-9.969255e-04
4.686848e-01	-9.927634e-04
4.687104e-01	-9.879830e-04
4.687360e-01	-9.831878e-04
4.687616e-01	-9.780800e-04
4.687872e-01	-9.726004e-04
4.688128e-01	-9.663971e-04
4.688384e-01	-9.609328e-04
4.688640e-01	-9.545519e-04
4.688896e-01	-9.475735e-04
4.689152e-01	-9.409472e-04
4.689408e-01	-9.337852e-04
4.689664e-01	-9.269152e-04
4.689920e-01	-9.196234e-04
4.690176e-01	-9.118382e-04
4.690432e-01	-9.034375e-04
4.690688e-01	-8.955524e-04
4.690944e-01	-8.872471e-04
4.691200e-01	-8.781091e-04
4.691456e-01	-8.698775e-04
4.691712e-01	-8.603624e-04
4.691968e-01	-8.513663e-04
4.692224e-01	-8.412583e-04
4.692480e-01	-8.318822e-04
4.692736e-01	-8.224121e-04
4.692992e-01	-8.116520e-04
4.693248e-01	-8.013793e-04
4.693504e-01	-7.907446e-04
4.693760e-01	-7.802588e-04
4.694016e-01	-7.689469e-04
4.694272e-01	-7.577328e-04
4.694528e-01	-7.463797e-04
4.694784e-01	-7.345135e-04
4.695040e-01	-7.234158e-04
4.695296e-01	-7.112350e-04
4.695552e-01	-6.991244e-04
4.695808e-01	-6.867742e-04
4.696064e-01	-6.745680e-04
4.696320e-01	-6.619663e-04
4.696576e-01	-6.492398e-04
4.696832e-01	-6.363643e-04
4.697088e-01	-6.226510e-04
4.697344e-01	-6.093627e-04
4.697600e-01	-5.965199e-04
4.697856e-01	-5.826913e-04
4.698112e-01	-5.691021e-04
4.698368e-01	-5.551231e-04
4.698624e-01	-5.412695e-04
4.698880e-01	-5.270684e-04
4.699136e-01	-5.130394e-04
4.699392e-01	-4.987608e-04
4.699648e-01	-4.837911e-04
4.699904e-01	-4.694874e-04
4.700160e-01	-4.550930e-04
4.700416e-01	-4.400926e-04
4.700672e-01	-4.250648e-04
4.700928e-01	-4.104505e-04
4.701184e-01	-3.955206e-04
4.701440e-01	-3.798688e-04
4.701696e-01	-3.648216e-04
4.701952e-01	-3.490885e-04
4.702208e-01	-3.337845e-04
4.702464e-01	-3.184155e-04
4.702720e-01	-3.027462e-04
4.702976e-01	-2.869209e-04
4.703232e-01	-2.714121e-04
4.703488e-01	-2.556429e-04
4.703744e-01	-2.397670e-04
4.704000e-01	-2.242251e-04
4.704256e-01	-2.081523e-04
4.704512e-01	-1.918620e-04
4.704768e-01	-1.757533e-04
4.705024e-01	-1.598375e-04
4.705280e-01	-1.434661e-04
4.705536e-01	-1.274605e-04
4.705792e-01	-1.119437e-04
4.706048e-01	-9.511610e-05
4.706304e-01	-7.973923e-05
4.706560e-01	-6.276147e-05
4.706816e-01	-4.648431e-05
4.707072e-01	-3.070529e-05
4.707328e-01	-1.448636e-05
4.707584e-01	1.390261e-06
4.707840e-01	1.813069e-05
4.708096e-01	3.415509e-05
4.708352e-01	5.029246e-05
4.708608e-01	6.628823e-05
4.708864e-01	8.254993e-05
4.709120e-01	9.867342e-05
4.709376e-01	1.146968e-04
4.709632e-01	1.306882e-04
4.709888e-01	1.464321e-04
4.710144e-01	1.626202e-04
4.710400e-01	1.781657e-04
4.710656e-01	1.941199e-04
4.710912e-01	2.095369e-04
4.711168e-01	2.257271e-04
4.711424e-01	2.412686e-04
4.711680e-01	2.568854e-04
4.711936e-01	2.723642e-04
4.712192e-01	2.871224e-04
4.712448e-01	3.028401e-04
4.712704e-01	3.183253e-04
4.712960e-01	3.333021e-04
4.713216e-01	3.486738e-04
4.713472e-01	3.631896e-04
4.713728e-01	3.780503e-04
4.713984e-01	3.928283e-04
4.714240e-01	4.077536e-04
4.714496e-01	4.224147e-04
4.714752e-01	4.367357e-04
4.715008e-01	4.511629e-04
4.715264e-01	4.648228e-04
4.715520e-01	4.793018e-04
4.715776e-01	4.933208e-04
4.716032e-01	5.070058e-04
4.716288e-01	5.208834e-04
4.716544e-01	5.339901e-04
4.716800e-01	5.478584e-04
4.717056e-01	5.614216e-04
4.717312e-01	5.748236e-04
4.717568e-01	5.871673e-04
4.717824e-01	6.004487e-04
4.718080e-01	6.127169e-04
4.718336e-01	6.254673e-04
4.718592e-01	6.383888e-04
4.718848e-01	6.498487e-04
4.719104e-01	6.620374e-04
4.719360e-01	6.738866e-04
4.719616e-01	6.862439e-04
4.719872e-01	6.976348e-04
4.720128e-01	7.083957e-04
4.720384e-01	7.202007e-04
4.720640e-01	7.307938e-04
4.720896e-01	7.419149e-04
4.721152e-01	7.523356e-04
4.721408e-01	7.628496e-04
4.721664e-01	7.731722e-04
4.721920e-01	7.829872e-04
4.722176e-01	7.929798e-04
4.722432e-01	8.026037e-04
4.722688e-01	8.123399e-04
4.722944e-01	8.216033e-04
4.723200e-01	8.306826e-04
4.723456e-01	8.397637e-04
4.723712e-01	8.479705e-04
4.723968e-01	8.566826e-04
4.724224e-01	8.645692e-04
4.724480e-01	8.729844e-04
4.724736e-01	8.809518e-04
4.724992e-01	8.875378e-04
4.725248e-01	8.951513e-04
4.725504e-01	9.027419e-04
4.725760e-01	9.092738e-04
4.726016e-01	9.159824e-04
4.726272e-01	9.223435e-04
4.726528e-01	9.285631e-04
4.726784e-01	9.345555e-04
4.727040e-01	9.402427e-04
4.727296e-01	9.455048e-04
4.727552e-01	9.511589e-04
4.727808e-01	9.558652e-04
4.728064e-01	9.607975e-04
4.728320e-01	9.654013e-04
4.728576e-01	9.691854e-04
4.728832e-01	9.737463e-04
4.729088e-01	9.773521e-04
4.729344e-01	9.806216e-04
4.729600e-01	9.841047e-04
4.729856e-01	9.871318e-04
4.730112e-01	9.902603e-04
4.730368e-01	9.922041e-04
4.730624e-01	9.950193e-04
4.730880e-01	9.970685e-04
4.731136e-01	9.989393e-04
4.731392e-01	1.000783e-03
4.731648e-01	1.001926e-03
4.731904e-01	1.002973e-03
4.732160e-01	1.003954e-03
4.732416e-01	1.004407e-03
4.732672e-01	1.004703e-03
4.732928e-01	1.005264e-03
4.733184e-01	1.004839e-03
4.733440e-01	1.004268e-03
4.733696e-01	1.004239e-03
4.733952e-01	1.002924e-03
4.734208e-01	1.001732e-03
4.734464e-01	1.000706e-03
4.734720e-01	9.985954e-04
4.734976e-01	9.964908e-04
4.735232e-01	9.947144e-04
4.735488e-01	9.926282e-04
4.735744e-01	9.902895e-04
4.736000e-01	9.872400e-04
4.736256e-01	9.842700e-04
4.736512e-01	9.805792e-04
4.736768e-01	9.771526e-04
4.737024e-01	9.732150e-04
4.737280e-01	9.692637e-04
4.737536e-01	9.647866e-04
4.737792e-01	9.603996e-04
4.738048e-01	9.554654e-04
4.738304e-01	9.505213e-04
4.738560e-01	9.449531e-04
4.738816e-01	9.393992e-04
4.739072e-01	9.342195e-04
4.739328e-01	9.276661e-04
4.739584e-01	9.218639e-04
4.739840e-01	9.153871e-04
4.740096e-01	9.085858e-04
4.740352e-01	9.018362e-04
4.740608e-01	8.944430e-04
4.740864e-01	8.872189e-04
4.741120e-01	8.790797e-04
4.741376e-01	8.716615e-04
4.741632e-01	8.628699e-04
4.741888e-01	8.548071e-04
4.742144e-01	8.467340e-04
4.742400e-01	8.377616e-04
4.742656e-01	8.286588e-04
4.742912e-01	8.193735e-04
4.743168e-01	8.101468e-04
4.743424e-01	8.002224e-04
4.743680e-01	7.902187e-04
4.743936e-01	7.802007e-04
4.744192e-01	7.703933e-04
4.744448e-01	7.601877e-04
4.744704e-01	7.489904e-04
4.744960e-01	7.383249e-04
4.745216e-01	7.270451e-04
4.745472e-01	7.158644e-04
4.745728e-01	7.046128e-04
4.745984e-01	6.928787e-04
4.746240e-01	6.810711e-04
4.746496e-01	6.689791e-04
4.746752e-01	6.565410e-04
4.747008e-01	6.447791e-04
4.747264e-01	6.317170e-04
4.747520e-01	6.189568e-04
4.747776e-01	6.062664e-04
4.748032e-01	5.930482e-04
4.748288e-01	5.799673e-04
4.748544e-01	5.664358e-04
4.748800e-01	5.532227e-04
4.749056e-01	5.394612e-04
4.749312e-01	5.251995e-04
4.749568e-01	5.116305e-04
4.749824e-01	4.972211e-04
4.750080e-01	4.830945e-04
4.750336e-01	4.686370e-04
4.750592e-01	4.539003e-04
4.750848e-01	4.393610e-04
4.751104e-01	4.245644e-04
4.751360e-01	4.094645e-04
4.751616e-01	3.947275e-04
4.751872e-01	3.793859e-04
4.752128e-01	3.643186e-04
4.752384e-01	3.489319e-04
4.752640e-01	3.333743e-04
4.752896e-01	3.178473e-04
4.753152e-01	3.023742e-04
4.753408e-01	2.864979e-04
4.753664e-01	2.701875e-04
4.753920e-01	2.548696e-04
4.754176e-01	2.388576e-04
4.754432e-01	2.221756e-04
4.754688e-01	2.062351e-04
4.754944e-01	1.902808e-04
4.755200e-01	1.738461e-04
4.755456e-01	1.571672e-04
4.755712e-01	1.412744e-04
4.755968e-01	1.245650e-04
4.756224e-01	1.083755e-04
4.756480e-01	9.172010e-05
4.756736e-01	7.536817e-05
4.756992e-01	5.881049e-05
4.757248e-01	4.172156e-05
4.757504e-01	2.555617e-05
4.757760e-01	8.865290e-06
4.758016e-01	-8.146456e-06
4.758272e-01	-2.412256e-05
4.758528e-01	-4.144473e-05
4.758784e-01	-5.815425e-05
4.759040e-01	-7.421398e-05
4.759296e-01	-9.110536e-05
4.759552e-01	-1.077380e-04
4.759808e-01	-1.247177e-04
4.760064e-01	-1.410141e-04
4.760320e-01	-1.575371e-04
4.760576e-01	-1.747073e-04
4.760832e-01	-1.905577e-04
4.761088e-01	-2.071858e-04
4.761344e-01	-2.234373e-04
4.761600e-01	-2.400100e-04
4.761856e-01	-2.562022e-04
4.762112e-01	-2.717108e-04
4.762368e-01	-2.884514e-04
4.762624e-01	-3.049498e-04
4.762880e-01	-3.203056e-04
4.763136e-01	-3.364556e-04
4.763392e-01	-3.523810e-04
4.763648e-01	-3.682329e-04
4.763904e-01	-3.839427e-04
4.764160e-01	-3.994080e-04
4.764416e-01	-4.151138e-04
4.764672e-01	-4.308372e-04
4.764928e-01	-4.455776e-04
4.765184e-01	-4.609959e-04
4.765440e-01	-4.763775e-04
4.765696e-01	-4.908177e-04
4.765952e-01	-5.059114e-04
4.766208e-01	-5.200510e-04
4.766464e-01	-5.347324e-04
4.766720e-01	-5.495665e-04
4.766976e-01	-5.632885e-04
4.767232e-01	-5.778702e-04
4.767488e-01	-5.915792e-04
4.767744e-01	-6.057847e-04
4.768000e-01	-6.189803e-04
4.768256e-01	-6.325239e-04
4.768512e-01	-6.459414e-04
4.768768e-01	-6.587685e-04
4.769024e-01	-6.720315e-04
4.769280e-01	-6.846625e-04
4.769536e-01	-6.976800e-04
4.769792e-01	-7.102390e-04
4.770048e-01	-7.221027e-04
4.770304e-01	-7.339970e-04
4.770560e-01	-7.458288e-04
4.770816e-01	-7.576240e-04
4.771072e-01	-7.691139e-04
4.771328e-01	-7.805503e-04
4.771584e-01	-7.913742e-04
4.771840e-01	-8.025283e-04
4.772096e-01	-8.126961e-04
4.772352e-01	-8.232642e-04
4.772608e-01	-8.335797e-04
4.772864e-01	-8.434001e-04
4.773120e-01	-8.529340e-04
4.773376e-01	-8.624140e-04
4.773632e-01	-8.717812e-04
4.773888e-01	-8.807254e-04
4.774144e-01	-8.897076e-04
4.774400e-01	-8.984238e-04
4.774656e-01	-9.062630e-04
4.774912e-01	-9.142927e-04
4.775168e-01	-9.226917e-04
4.775424e-01	-9.299793e-04
4.775680e-01	-9.370683e-04
4.775936e-01	-9.445201e-04
4.776192e-01	-9.509370e-04
4.776448e-01	-9.574034e-04
4.776704e-01	-9.634997e-04
4.776960e-01	-9.696705e-04
4.777216e-01	-9.753071e-04
4.777472e-01	-9.810843e-04
4.777728e-01	-9.862004e-04
4.777984e-01	-9.905205e-04
4.778240e-01	-9.954062e-04
4.778496e-01	-9.999790e-04
4.778752e-01	-1.003643e-03
4.779008e-01	-1.007671e-03
4.779264e-01	-1.011191e-03
4.779520e-01	-1.014472e-03
4.779776e-01	-1.017965e-03
4.780032e-01	-1.020621e-03
4.780288e-01	-1.022394e-03
4.780544e-01	-1.024966e-03
4.780800e-01	-1.026956e-03
4.781056e-01	-1.028408e-03
4.781312e-01	-1.029729e-03
4.781568e-01	-1.030260e-03
4.781824e-01	-1.031270e-03
4.782080e-01	-1.032466e-03
4.782336e-01	-1.032038e-03
4.782592e-01	-1.031999e-03
4.782848e-01	-1.031898e-03
4.783104e-01	-1.031084e-03
4.783360e-01	-1.030354e-03
4.783616e-01	-1.029259e-03
4.783872e-01	-1.027081e-03
4.784128e-01	-1.025535e-03
4.784384e-01	-1.023766e-03
4.784640e-01	-1.021535e-03
4.784896e-01	-1.018938e-03
4.785152e-01	-1.015936e-03
4.785408e-01	-1.013092e-03
4.785664e-01	-1.009752e-03
4.785920e-01	-1.005907e-03
4.786176e-01	-1.001852e-03
4.786432e-01	-9.976549e-04
4.786688e-01	-9.933694e-04
4.786944e-01	-9.885033e-04
4.787200e-01	-9.839793e-04
4.787456e-01	-9.785872e-04
4.787712e-01	-9.730994e-04
4.787968e-01	-9.671767e-04
4.788224e-01	-9.612867e-04
4.788480e-01	-9.551399e-04
4.788736e-01	-9.484189e-04
4.788992e-01	-9.418270e-04
4.789248e-01	-9.347840e-04
4.789504e-01	-9.272978e-04
4.789760e-01	-9.203045e-04
4.790016e-01	-9.120617e-04
4.790272e-01	-9.040291e-04
4.790528e-01	-8.964812e-04
4.790784e-01	-8.878884e-04
4.791040e-01	-8.792726e-04
4.791296e-01	-8.703010e-04
4.791552e-01	-8.612900e-04
4.791808e-01	-8.524073e-04
4.792064e-01	-8.424369e-04
4.792320e-01	-8.330570e-04
4.792576e-01	-8.230413e-04
4.792832e-01	-8.126947e-04
4.793088e-01	-8.021327e-04
4.793344e-01	-7.918231e-04
4.793600e-01	-7.809625e-04
4.793856e-01	-7.696950e-04
4.794112e-01	-7.587671e-04
4.794368e-01	-7.473776e-04
4.794624e-01	-7.358677e-04
4.794880e-01	-7.243200e-04
4.795136e-01	-7.121675e-04
4.795392e-01	-7.004676e-04
4.795648e-01	-6.878295e-04
4.795904e-01	-6.755431e-04
4.796160e-01	-6.629219e-04
4.796416e-01	-6.497992e-04
4.796672e-01	-6.374030e-04
4.796928e-01	-6.241032e-04
4.797184e-01	-6.109943e-04
4.797440e-01	-5.978558e-04
4.797696e-01	-5.841755e-04
4.797952e-01	-5.697691e-04
4.798208e-01	-5.560520e-04
4.798464e-01	-5.427073e-04
4.798720e-01	-5.279665e-04
4.798976e-01	-5.143352e-04
4.799232e-01	-4.996055e-04
4.799488e-01	-4.850848e-04
4.799744e-01	-4.709568e-04
4.800000e-01	-4.566735e-04
4.800256e-01	-4.412385e-04
4.800512e-01	-4.265159e-04
4.800768e-01	-4.119819e-04
4.801024e-01	-3.964945e-04
4.801280e-01	-3.809949e-04
4.801536e-01	-3.659771e-04
4.801792e-01	-3.510985e-04
4.802048e-01	-3.350456e-04
4.802304e-01	-3.200647e-04
4.802560e-01	-3.043753e-04
4.802816e-01	-2.881770e-04
4.803072e-01	-2.727919e-04
4.803328e-01	-2.567823e-04
4.803584e-01	-2.412171e-04
4.803840e-01	-2.252331e-04
4.804096e-01	-2.093821e-04
4.804352e-01	-1.932211e-04
4.804608e-01	-1.775695e-04
4.804864e-01	-1.612805e-04
4.805120e-01	-1.454666e-04
4.805376e-01	-1.292253e-04
4.805632e-01	-1.129050e-04
4.805888e-01	-9.689898e-05
4.806144e-01	-8.077998e-05
4.806400e-01	-6.457110e-05
4.806656e-01	-4.815765e-05
4.806912e-01	-3.225818e-05
4.807168e-01	-1.593464e-05
4.807424e-01	-1.742286e-07
4.807680e-01	1.615065e-05
4.807936e-01	3.235149e-05
4.808192e-01	4.873208e-05
4.808448e-01	6.538931e-05
4.808704e-01	8.028916e-05
4.808960e-01	9.729624e-05
4.809216e-01	1.129807e-04
4.809472e-01	1.289106e-04
4.809728e-01	1.450600e-04
4.809984e-01	1.608177e-04
4.810240e-01	1.770389e-04
4.810496e-01	1.923270e-04
4.810752e-01	2.082603e-04
4.811008e-01	2.238742e-04
4.811264e-01	2.394258e-04
4.811520e-01	2.555416e-04
4.811776e-01	2.706182e-04
4.812032e-01	2.863682e-04
4.812288e-01	3.018361e-04
4.812544e-01	3.164489e-04
4.812800e-01	3.318709e-04
4.813056e-01	3.470706e-04
4.813312e-01	3.616929e-04
4.813568e-01	3.768754e-04
4.813824e-01	3.915228e-04
4.814080e-01	4.063243e-04
4.814336e-01	4.207112e-04
4.814592e-01	4.354342e-04
4.814848e-01	4.497830e-04
4.815104e-01	4.638107e-04
4.815360e-01	4.779553e-04
4.815616e-01	4.917340e-04
4.815872e-01	5.054579e-04
4.816128e-01	5.195850e-04
4.816384e-01	5.331006e-04
4.816640e-01	5.467012e-04
4.816896e-01	5.600379e-04
4.817152e-01	5.732749e-04
4.817408e-01	5.863143e-04
4.817664e-01	5.988895e-04
4.817920e-01	6.119633e-04
4.818176e-01	6.243672e-04
4.818432e-01	6.365650e-04
4.818688e-01	6.490684e-04
4.818944e-01	6.610313e-04
4.819200e-01	6.732309e-04
4.819456e-01	6.847422e-04
4.819712e-01	6.964023e-04
4.819968e-01	7.074163e-04
4.820224e-01	7.190746e-04
4.820480e-01	7.304196e-04
4.820736e-01	7.405034e-04
4.820992e-01	7.517503e-04
4.821248e-01	7.620773e-04
4.821504e-01	7.718399e-04
4.821760e-01	7.824093e-04
4.822016e-01	7.920287e-04
4.822272e-01	8.023070e-04
4.822528e-01	8.112380e-04
4.822784e-01	8.206253e-04
4.823040e-01	8.299457e-04
4.823296e-01	8.386946e-04
4.823552e-01	8.473799e-04
4.823808e-01	8.557320e-04
4.824064e-01	8.641887e-04
4.824320e-01	8.719545e-04
4.824576e-01	8.797844e-04
4.824832e-01	8.871612e-04
4.825088e-01	8.941252e-04
4.825344e-01	9.015189e-04
4.825600e-01	9.084635e-04
4.825856e-01	9.155307e-04
4.826112e-01	9.219325e-04
4.826368e-01	9.281354e-04
4.826624e-01	9.338269e-04
4.826880e-01	9.395426e-04
4.827136e-01	9.450873e-04
4.827392e-01	9.502989e-04
4.827648e-01	9.554835e-04
4.827904e-01	9.600527e-04
4.828160e-01	9.644272e-04
4.828416e-01	9.691562e-04
4.828672e-01	9.729016e-04
4.828928e-01	9.768539e-04
4.829184e-01	9.805525e-04
4.829440e-01	9.840361e-04
4.829696e-01	9.871233e-04
4.829952e-01	9.895659e-04
4.830208e-01	9.921897e-04
4.830464e-01	9.947852e-04
4.830720e-01	9.968288e-04
4.830976e-01	9.990135e-04
4.831232e-01	1.000174e-03
4.831488e-01	1.001719e-03
4.831744e-01	1.003126e-03
4.832000e-01	1.003621e-03
4.832256e-01	1.004709e-03
4.832512e-01	1.004573e-03
4.832768e-01	1.005128e-03
4.833024e-01	1.005424e-03
4.833280e-01	1.004270e-03
4.833536e-01	1.004144e-03
4.833792e-01	1.003104e-03
4.834048e-01	1.002211e-03
4.834304e-01	1.000712e-03
4.834560e-01	9.996025e-04
4.834816e-01	9.968025e-04
4.835072e-01	9.950163e-04
4.835328e-01	9.930726e-04
4.835584e-01	9.900939e-04
4.835840e-01	9.879051e-04
4.836096e-01	9.842815e-04
4.836352e-01	9.812795e-04
4.836608e-01	9.776339e-04
4.836864e-01	9.735406e-04
4.837120e-01	9.699518e-04
4.837376e-01	9.655604e-04
4.837632e-01	9.608457e-04
4.837888e-01	9.558404e-04
4.838144e-01	9.510566e-04
4.838400e-01	9.457569e-04
4.838656e-01	9.400892e-04
4.838912e-01	9.340930e-04
4.839168e-01	9.286483e-04
4.839424e-01	9.225011e-04
4.839680e-01	9.158407e-04
4.839936e-01	9.090884e-04
4.840192e-01	9.023444e-04
4.840448e-01	8.948676e-04
4.840704e-01	8.875431e-04
4.840960e-01	8.801928e-04
4.841216e-01	8.724245e-04
4.841472e-01	8.641366e-04
4.841728e-01	8.556846e-04
4.841984e-01	8.471587e-04
4.842240e-01	8.385384e-04
4.842496e-01	8.293892e-04
4.842752e-01	8.203391e-04
4.843008e-01	8.108341e-04
4.843264e-01	8.012650e-04
4.843520e-01	7.917210e-04
4.843776e-01	7.809521e-04
4.844032e-01	7.708346e-04
4.844288e-01	7.609222e-04
4.844544e-01	7.497673e-04
4.844800e-01	7.389266e-04
4.845056e-01	7.277530e-04
4.845312e-01	7.167408e-04
4.845568e-01	7.053795e-04
4.845824e-01	6.939095e-04
4.846080e-01	6.821153e-04
4.846336e-01	6.702103e-04
4.846592e-01	6.576435e-04
4.846848e-01	6.456617e-04
4.847104e-01	6.328941e-04
4.847360e-01	6.202841e-04
4.847616e-01	6.074618e-04
4.847872e-01	5.939846e-04
4.848128e-01	5.811131e-04
4.848384e-01	5.678200e-04
4.848640e-01	5.539306e-04
4.848896e-01	5.400719e-04
4.849152e-01	5.268357e-04
4.849408e-01	5.125408e-04
4.849664e-01	4.984054e-04
4.849920e-01	4.844723e-04
4.850176e-01	4.698369e-04
4.850432e-01	4.556723e-04
4.850688e-01	4.402540e-04
4.850944e-01	4.260210e-04
4.851200e-01	4.110424e-04
4.851456e-01	3.958888e-04
4.851712e-01	3.808524e-04
4.851968e-01	3.655630e-04
4.852224e-01	3.503179e-04
4.852480e-01	3.347562e-04
4.852736e-01	3.192946e-04
4.852992e-01	3.034320e-04
4.853248e-01	2.878543e-04
4.853504e-01	2.718496e-04
4.853760e-01	2.562325e-04
4.854016e-01	2.404274e-04
4.854272e-01	2.236283e-04
4.854528e-01	2.080539e-04
4.854784e-01	1.918056e-04
4.855040e-01	1.756898e-04
4.855296e-01	1.591134e-04
4.855552e-01	1.425784e-04
4.855808e-01	1.264258e-04
4.856064e-01	1.099903e-04
4.856320e-01	9.327375e-05
4.856576e-01	7.674970e-05
4.856832e-01	6.043577e-05
4.857088e-01	4.353179e-05
4.857344e-01	2.718203e-05
4.857600e-01	1.062776e-05
4.857856e-01	-6.679262e-06
4.858112e-01	-2.291588e-05
4.858368e-01	-3.993901e-05
4.858624e-01	-5.624847e-05
4.858880e-01	-7.292734e-05
4.859136e-01	-8.995050e-05
4.859392e-01	-1.061687e-04
4.859648e-01	-1.226896e-04
4.859904e-01	-1.395626e-04
4.860160e-01	-1.556656e-04
4.860416e-01	-1.723401e-04
4.860672e-01	-1.889190e-04
4.860928e-01	-2.054583e-04
4.861184e-01	-2.220994e-04
4.861440e-01	-2.379175e-04
4.861696e-01	-2.544532e-04
4.861952e-01	-2.707417e-04
4.862208e-01	-2.869341e-04
4.862464e-01	-3.035221e-04
4.862720e-01	-3.190371e-04
4.862976e-01	-3.354232e-04
4.863232e-01	-3.507482e-04
4.863488e-01	-3.665376e-04
4.863744e-01	-3.823141e-04
4.864000e-01	-3.977127e-04
4.864256e-01	-4.137724e-04
4.864512e-01	-4.290054e-04
4.864768e-01	-4.443414e-04
4.865024e-01	-4.597411e-04
4.865280e-01	-4.747232e-04
4.865536e-01	-4.896296e-04
4.865792e-01	-5.038025e-04
4.866048e-01	-5.187963e-04
4.866304e-01	-5.336139e-04
4.866560e-01	-5.478280e-04
4.866816e-01	-5.622170e-04
4.867072e-01	-5.765723e-04
4.867328e-01	-5.903510e-04
4.867584e-01	-6.043203e-04
4.867840e-01	-6.175716e-04
4.868096e-01	-6.314028e-04
4.868352e-01	-6.448827e-04
4.868608e-01	-6.577282e-04
4.868864e-01	-6.710206e-04
4.869120e-01	-6.835713e-04
4.869376e-01	-6.965311e-04
4.869632e-01	-7.089662e-04
4.869888e-01	-7.212872e-04
4.870144e-01	-7.336130e-04
4.870400e-01	-7.448572e-04
4.870656e-01	-7.571022e-04
4.870912e-01	-7.680792e-04
4.871168e-01	-7.794425e-04
4.871424e-01	-7.905771e-04
4.871680e-01	-8.008187e-04
4.871936e-01	-8.119534e-04
4.872192e-01	-8.223520e-04
4.872448e-01	-8.322220e-04
4.872704e-01	-8.425629e-04
4.872960e-01	-8.523391e-04
4.873216e-01	-8.618412e-04
4.873472e-01	-8.708318e-04
4.873728e-01	-8.802196e-04
4.873984e-01	-8.886302e-04
4.874240e-01	-8.972374e-04
4.874496e-01	-9.055173e-04
4.874752e-01	-9.138895e-04
4.875008e-01	-9.215610e-04
4.875264e-01	-9.289750e-04
4.875520e-01	-9.367567e-04
4.875776e-01	-9.432203e-04
4.876032e-01	-9.502003e-04
4.876288e-01	-9.568553e-04
4.876544e-01	-9.632412e-04
4.876800e-01	-9.693269e-04
4.877056e-01	-9.745666e-04
4.877312e-01	-9.801287e-04
4.877568e-01	-9.854089e-04
4.877824e-01	-9.907138e-04
4.878080e-01	-9.950676e-04
4.878336e-01	-9.995316e-04
4.878592e-01	-1.003788e-03
4.878848e-01	-1.007583e-03
4.879104e-01	-1.010878e-03
4.879360e-01	-1.014266e-03
4.879616e-01	-1.017493e-03
4.879872e-01	-1.020181e-03
4.880128e-01	-1.022547e-03
4.880384e-01	-1.024890e-03
4.880640e-01	-1.026295e-03
4.880896e-01	-1.028175e-03
4.881152e-01	-1.029186e-03
4.881408e-01	-1.030448e-03
4.881664e-01	-1.031730e-03
4.881920e-01	-1.031647e-03
4.882176e-01	-1.032291e-03
4.882432e-01	-1.031758e-03
4.882688e-01	-1.031622e-03
4.882944e-01	-1.031204e-03
4.883200e-01	-1.029896e-03
4.883456e-01	-1.029331e-03
4.883712e-01	-1.027090e-03
4.883968e-01	-1.026168e-03
4.884224e-01	-1.024205e-03
4.884480e-01	-1.021359e-03
4.884736e-01	-1.019215e-03
4.884992e-01	-1.016774e-03
4.885248e-01	-1.013412e-03
4.885504e-01	-1.010024e-03
4.885760e-01	-1.006545e-03
4.886016e-01	-1.002553e-03
4.886272e-01	-9.983567e-04
4.886528e-01	-9.937669e-04
4.886784e-01	-9.888444e-04
4.887040e-01	-9.841904e-04
4.887296e-01	-9.790262e-04
4.887552e-01	-9.735568e-04
4.887808e-01	-9.680698e-04
4.888064e-01	-9.618941e-04
4.888320e-01	-9.553158e-04
4.888576e-01	-9.493107e-04
4.888832e-01	-9.426059e-04
4.889088e-01	-9.355194e-04
4.889344e-01	-9.283655e-04
4.889600e-01	-9.207883e-04
4.889856e-01	-9.130171e-04
4.890112e-01	-9.053937e-04
4.890368e-01	-8.973650e-04
4.890624e-01	-8.887668e-04
4.890880e-01	-8.798976e-04
4.891136e-01	-8.713315e-04
4.891392e-01	-8.621993e-04
4.891648e-01	-8.531840e-04
4.891904e-01	-8.432681e-04
4.892160e-01	-8.337905e-04
4.892416e-01	-8.241492e-04
4.892672e-01	-8.132855e-04
4.892928e-01	-8.033896e-04
4.893184e-01	-7.931667e-04
4.893440e-01	-7.819420e-04
4.893696e-01	-7.711093e-04
4.893952e-01	-7.601348e-04
4.894208e-01	-7.487793e-04
4.894464e-01	-7.367147e-04
4.894720e-01	-7.253456e-04
4.894976e-01	-7.135178e-04
4.895232e-01	-7.014876e-04
4.895488e-01	-6.892509e-04
4.895744e-01	-6.765889e-04
4.896000e-01	-6.641122e-04
4.896256e-01	-6.518700e-04
4.896512e-01	-6.384430e-04
4.896768e-01	-6.254148e-04
4.897024e-01	-6.124895e-04
4.897280e-01	-5.988599e-04
4.897536e-01	-5.852383e-04
4.897792e-01	-5.717355e-04
4.898048e-01	-5.581508e-04
4.898304e-01	-5.438602e-04
4.898560e-01	-5.297911e-04
4.898816e-01	-5.157810e-04
4.899072e-01	-5.009218e-04
4.899328e-01	-4.867530e-04
4.899584e-01	-4.724632e-04
4.899840e-01	-4.576978e-04
4.900096e-01	-4.424870e-04
4.900352e-01	-4.280354e-04
4.900608e-01	-4.131670e-04
4.900864e-01	-3.978224e-04
4.901120e-01	-3.824281e-04
4.901376e-01	-3.676941e-04
4.901632e-01	-3.523967e-04
4.901888e-01	-3.367393e-04
4.902144e-01	-3.216193e-04
4.902400e-01	-3.056098e-04
4.902656e-01	-2.898746e-04
4.902912e-01	-2.742282e-04
4.903168e-01	-2.582238e-04
4.903424e-01	-2.426918e-04
4.903680e-01	-2.270289e-04
4.903936e-01	-2.108824e-04
4.904192e-01	-1.947775e-04
4.904448e-01	-1.792946e-04
4.904704e-01	-1.626670e-04
4.904960e-01	-1.469704e-04
4.905216e-01	-1.309325e-04
4.905472e-01	-1.146924e-04
4.905728e-01	-9.841833e-05
4.905984e-01	-8.204241e-05
4.906240e-01	-6.649583e-05
4.906496e-01	-4.993393e-05
4.906752e-01	-3.366878e-05
4.907008e-01	-1.740720e-05
4.907264e-01	-1.257639e-06
4.907520e-01	1.439605e-05
4.907776e-01	3.140300e-05
4.908032e-01	4.686928e-05
4.908288e-01	6.315271e-05
4.908544e-01	7.938089e-05
4.908800e-01	9.536978e-05
4.909056e-01	1.118432e-04
4.909312e-01	1.274582e-04
4.909568e-01	1.435587e-04
4.909824e-01	1.594939e-04
4.910080e-01	1.750691e-04
4.910336e-01	1.914791e-04
4.910592e-01	2.066703e-04
4.910848e-01	2.227735e-04
4.911104e-01	2.386520e-04
4.911360e-01	2.533314e-04
4.911616e-01	2.694132e-04
4.911872e-01	2.844132e-04
4.912128e-01	3.001240e-04
4.912384e-01	3.158897e-04
4.912640e-01	3.300190e-04
4.912896e-01	3.457848e-04
4.913152e-01	3.605444e-04
4.913408e-01	3.758121e-04
4.913664e-01	3.905970e-04
4.913920e-01	4.047347e-04
4.914176e-01	4.197135e-04
4.914432e-01	4.339736e-04
4.914688e-01	4.482570e-04
4.914944e-01	4.628141e-04
4.915200e-01	4.769025e-04
4.915456e-01	4.907321e-04
4.915712e-01	5.044499e-04
4.915968e-01	5.183911e-04
4.916224e-01	5.315563e-04
4.916480e-01	5.454898e-04
4.916736e-01	5.587458e-04
4.916992e-01	5.720166e-04
4.917248e-01	5.852350e-04
4.917504e-01	5.977252e-04
4.917760e-01	6.108387e-04
4.918016e-01	6.230701e-04
4.918272e-01	6.354423e-04
4.918528e-01	6.481530e-04
4.918784e-01	6.598950e-04
4.919040e-01	6.721261e-04
4.919296e-01	6.838958e-04
4.919552e-01	6.954446e-04
4.919808e-01	7.066067e-04
4.920064e-01	7.179840e-04
4.920320e-01	7.290588e-04
4.920576e-01	7.400063e-04
4.920832e-01	7.505665e-04
4.921088e-01	7.609104e-04
4.921344e-01	7.712730e-04
4.921600e-01	7.818107e-04
4.921856e-01	7.914351e-04
4.922112e-01	8.010513e-04
4.922368e-01	8.107817e-04
4.922624e-01	8.199741e-04
4.922880e-01	8.288304e-04
4.923136e-01	8.374529e-04
4.923392e-01	8.464538e-04
4.923648e-01	8.550389e-04
4.923904e-01	8.631640e-04
4.924160e-01	8.711891e-04
4.924416e-01	8.795704e-04
4.924672e-01	8.866342e-04
4.924928e-01	8.939492e-04
4.925184e-01	9.018902e-04
4.925440e-01	9.079085e-04
4.925696e-01	9.149365e-04
4.925952e-01	9.212486e-04
4.926208e-01	9.275190e-04
4.926464e-01	9.333817e-04
4.926720e-01	9.395690e-04
4.926976e-01	9.448879e-04
4.927232e-01	9.500972e-04
4.927488e-01	9.551547e-04
4.927744e-01	9.598285e-04
4.928000e-01	9.646363e-04
4.928256e-01	9.689821e-04
4.928512e-01	9.734518e-04
4.928768e-01	9.767190e-04
4.929024e-01	9.805260e-04
4.929280e-01	9.836640e-04
4.929536e-01	9.864675e-04
4.929792e-01	9.898813e-04
4.930048e-01	9.921285e-04
4.930304e-01	9.949954e-04
4.930560e-01	9.966869e-04
4.930816e-01	9.985983e-04
4.931072e-01	1.000428e-03
4.931328e-01	1.001742e-03
4.931584e-01	1.003083e-03
4.931840e-01	1.004170e-03
4.932096e-01	1.004760e-03
4.932352e-01	1.004996e-03
4.932608e-01	1.005290e-03
4.932864e-01	1.004882e-03
4.933120e-01	1.004702e-03
4.933376e-01	1.004512e-03
4.933632e-01	1.003165e-03
4.933888e-01	1.002340e-03
4.934144e-01	1.000746e-03
4.934400e-01	9.992128e-04
4.934656e-01	9.976849e-04
4.934912e-01	9.956845e-04
4.935168e-01	9.931922e-04
4.935424e-01	9.907380e-04
4.935680e-01	9.878061e-04
4.935936e-01	9.845842e-04
4.936192e-01	9.815776e-04
4.936448e-01	9.780137e-04
4.936704e-01	9.738676e-04
4.936960e-01	9.701311e-04
4.937216e-01	9.658679e-04
4.937472e-01	9.612400e-04
4.937728e-01	9.566771e-04
4.937984e-01	9.519986e-04
4.938240e-01	9.462882e-04
4.938496e-01	9.408584e-04
4.938752e-01	9.350553e-04
4.939008e-01	9.291902e-04
4.939264e-01	9.229109e-04
4.939520e-01	9.162842e-04
4.939776e-01	9.101548e-04
4.940032e-01	9.032335e-04
4.940288e-01	8.960962e-04
4.940544e-01	8.885431e-04
4.940800e-01	8.808412e-04
4.941056e-01	8.730131e-04
4.941312e-01	8.649369e-04
4.941568e-01	8.569323e-04
4.941824e-01	8.479767e-04
4.942080e-01	8.393468e-04
4.942336e-01	8.303371e-04
4.942592e-01	8.215636e-04
4.942848e-01	8.116644e-04
4.943104e-01	8.023839e-04
4.943360e-01	7.928740e-04
4.943616e-01	7.825145e-04
4.943872e-01	7.723139e-04
4.944128e-01	7.617727e-04
4.944384e-01	7.511657e-04
4.944640e-01	7.405157e-04
4.944896e-01	7.293368e-04
4.945152e-01	7.179882e-04
4.945408e-01	7.066308e-04
4.945664e-01	6.948035e-04
4.945920e-01	6.828521e-04
4.946176e-01	6.710884e-04
4.946432e-01	6.592285e-04
4.946688e-01	6.469847e-04
4.946944e-01	6.342243e-04
4.947200e-01	6.216206e-04
4.947456e-01	6.084293e-04
4.947712e-01	5.955803e-04
4.947968e-01	5.823844e-04
4.948224e-01	5.688966e-04
4.948480e-01	5.556029e-04
4.948736e-01	5.419303e-04
4.948992e-01	5.276488e-04
4.949248e-01	5.141178e-04
4.949504e-01	4.997014e-04
4.949760e-01	4.858371e-04
4.950016e-01	4.714800e-04
4.950272e-01	4.564099e-04
4.950528e-01	4.422328e-04
4.950784e-01	4.276526e-04
4.951040e-01	4.125592e-04
4.951296e-01	3.972237e-04
4.951552e-01	3.822958e-04
4.951808e-01	3.672022e-04
4.952064e-01	3.512734e-04
4.952320e-01	3.363336e-04
4.952576e-01	3.208090e-04
4.952832e-01	3.048252e-04
4.953088e-01	2.895073e-04
4.953344e-01	2.735291e-04
4.953600e-01	2.573647e-04
4.953856e-01	2.418976e-04
4.954112e-01	2.255860e-04
4.954368e-01	2.095809e-04
4.954624e-01	1.934751e-04
4.954880e-01	1.772962e-04
4.955136e-01	1.607636e-04
4.955392e-01	1.440928e-04
4.955648e-01	1.277550e-04
4.955904e-01	1.116917e-04
4.956160e-01	9.481288e-05
4.956416e-01	7.830816e-05
4.956672e-01	6.199686e-05
4.956928e-01	4.511154e-05
4.957184e-01	2.859115e-05
4.957440e-01	1.185118e-05
4.957696e-01	-4.718640e-06
4.957952e-01	-2.136881e-05
4.958208e-01	-3.824778e-05
4.958464e-01	-5.471563e-05
4.958720e-01	-7.166180e-05
4.958976e-01	-8.796733e-05
4.959232e-01	-1.045643e-04
4.959488e-01	-1.213240e-04
4.959744e-01	-1.378978e-04
4.960000e-01	-1.545334e-04
4.960256e-01	-1.711062e-04
4.960512e-01	-1.875722e-04
4.960768e-01	-2.042394e-04
4.961024e-01	-2.200876e-04
4.961280e-01	-2.370983e-04
4.961536e-01	-2.530812e-04
4.961792e-01	-2.693493e-04
4.962048e-01	-2.855833e-04
4.962304e-01	-3.013751e-04
4.962560e-01	-3.179899e-04
4.962816e-01	-3.333144e-04
4.963072e-01	-3.496840e-04
4.963328e-01	-3.655860e-04
4.963584e-01	-3.809889e-04
4.963840e-01	-3.968951e-04
4.964096e-01	-4.120374e-04
4.964352e-01	-4.277581e-04
4.964608e-01	-4.429812e-04
4.964864e-01	-4.583048e-04
4.965120e-01	-4.730087e-04
4.965376e-01	-4.883275e-04
4.965632e-01	-5.031566e-04
4.965888e-01	-5.176651e-04
4.966144e-01	-5.325316e-04
4.966400e-01	-5.466014e-04
4.966656e-01	-5.606733e-04
4.966912e-01	-5.751824e-04
4.967168e-01	-5.893051e-04
4.967424e-01	-6.027162e-04
4.967680e-01	-6.163651e-04
4.967936e-01	-6.301413e-04
4.968192e-01	-6.434969e-04
4.968448e-01	-6.571227e-04
4.968704e-01	-6.697831e-04
4.968960e-01	-6.827150e-04
4.969216e-01	-6.953451e-04
4.969472e-01	-7.076431e-04
4.969728e-01	-7.199672e-04
4.969984e-01	-7.325673e-04
4.970240e-01	-7.439856e-04
4.970496e-01	-7.556881e-04
4.970752e-01	-7.671562e-04
4.971008e-01	-7.782990e-04
4.971264e-01	-7.897397e-04
4.971520e-01	-8.005294e-04
4.971776e-01	-8.113603e-04
4.972032e-01	-8.214472e-04
4.972288e-01	-8.316730e-04
4.972544e-01	-8.414958e-04
4.972800e-01	-8.514686e-04
4.973056e-01	-8.612882e-04
4.973312e-01	-8.699021e-04
4.973568e-01	-8.796528e-04
4.973824e-01	-8.882659e-04
4.974080e-01	-8.964826e-04
4.974336e-01	-9.051603e-04
4.974592e-01	-9.133436e-04
4.974848e-01	-9.207376e-04
4.975104e-01	-9.285182e-04
4.975360e-01	-9.360070e-04
4.975616e-01	-9.429826e-04
4.975872e-01	-9.498086e-04
4.976128e-01	-9.561626e-04
4.976384e-01	-9.625723e-04
4.976640e-01	-9.686162e-04
4.976896e-01	-9.740870e-04
4.977152e-01	-9.800689e-04
4.977408e-01	-9.849682e-04
4.977664e-01	-9.901953e-04
4.977920e-01	-9.946876e-04
4.978176e-01	-9.990229e-04
4.978432e-01	-1.003296e-03
4.978688e-01	-1.007114e-03
4.978944e-01	-1.010993e-03
4.979200e-01	-1.013871e-03
4.979456e-01	-1.017439e-03
4.979712e-01	-1.019787e-03
4.979968e-01	-1.022212e-03
4.980224e-01	-1.025209e-03
4.980480e-01	-1.025990e-03
4.980736e-01	-1.028202e-03
4.980992e-01	-1.029658e-03
4.981248e-01	-1.030507e-03
4.981504e-01	-1.031568e-03
4.981760e-01	-1.032309e-03
4.982016e-01	-1.032003e-03
4.982272e-01	-1.032137e-03
4.982528e-01	-1.032123e-03
4.982784e-01	-1.031261e-03
4.983040e-01	-1.030368e-03
4.983296e-01	-1.029046e-03
4.983552e-01	-1.028129e-03
4.983808e-01	-1.025840e-03
4.984064e-01	-1.023920e-03
4.984320e-01	-1.021951e-03
4.984576e-01	-1.019340e-03
4.984832e-01	-1.017373e-03
4.985088e-01	-1.013751e-03
4.985344e-01	-1.010638e-03
4.985600e-01	-1.006296e-03
4.985856e-01	-1.002678e-03
4.986112e-01	-9.989338e-04
4.986368e-01	-9.940598e-04
4.986624e-01	-9.896941e-04
4.986880e-01	-9.847651e-04
4.987136e-01	-9.797242e-04
4.987392e-01	-9.739975e-04
4.987648e-01	-9.682691e-04
4.987904e-01	-9.628027e-04
4.988160e-01	-9.562946e-04
4.988416e-01	-9.501044e-04
4.988672e-01	-9.433812e-04
4.988928e-01	-9.361321e-04
4.989184e-01	-9.289751e-04
4.989440e-01	-9.217667e-04
4.989696e-01	-9.138552e-04
4.989952e-01	-9.059622e-04
4.990208e-01	-8.978180e-04
4.990464e-01	-8.896785e-04
4.990720e-01	-8.808357e-04
4.990976e-01	-8.723729e-04
4.991232e-01	-8.632478e-04
4.991488e-01	-8.540911e-04
4.991744e-01	-8.447524e-04
4.992000e-01	-8.346004e-04
4.992256e-01	-8.250625e-04
4.992512e-01	-8.147797e-04
4.992768e-01	-8.043635e-04
4.993024e-01	-7.937146e-04
4.993280e-01	-7.831441e-04
4.993536e-01	-7.723111e-04
4.993792e-01	-7.609157e-04
4.994048e-01	-7.497117e-04
4.994304e-01	-7.379423e-04
4.994560e-01	-7.267636e-04
4.994816e-01	-7.143404e-04
4.995072e-01	-7.025063e-04
4.995328e-01	-6.903873e-04
4.995584e-01	-6.776133e-04
4.995840e-01	-6.657486e-04
4.996096e-01	-6.529474e-04
4.996352e-01	-6.397083e-04
4.996608e-01	-6.266749e-04
4.996864e-01	-6.130665e-04
4.997120e-01	-6.001707e-04
4.997376e-01	-5.865481e-04
4.997632e-01	-5.730323e-04
4.997888e-01	-5.593686e-04
4.998144e-01	-5.452047e-04
4.998400e-01	-5.308095e-04
4.998656e-01	-5.169184e-04
4.998912e-01	-5.024454e-04
4.999168e-01	-4.880892e-04
4.999424e-01	-4.739362e-04
4.999680e-01	-4.593403e-04
4.999936e-01	-4.444936e-04
5.000192e-01	-4.294267e-04
5.000448e-01	-4.143284e-04
5.000704e-01	-3.991803e-04
5.000960e-01	-3.841247e-04
5.001216e-01	-3.691193e-04
5.001472e-01	-3.540207e-04
5.001728e-01	-3.382246e-04
5.001984e-01	-3.227149e-04
5.002240e-01	-3.074035e-04
5.002496e-01	-2.916600e-04
5.002752e-01	-2.762004e-04
5.003008e-01	-2.599008e-04
5.003264e-01	-2.444213e-04
5.003520e-01	-2.282819e-04
5.003776e-01	-2.122732e-04
5.004032e-01	-1.967202e-04
5.004288e-01	-1.804553e-04
5.004544e-01	-1.641469e-04
5.004800e-01	-1.482893e-04
5.005056e-01	-1.321630e-04
5.005312e-01	-1.161173e-04
5.005568e-01	-1.000973e-04
5.005824e-01	-8.371451e-05
5.006080e-01	-6.742012e-05
5.006336e-01	-5.107448e-05
5.006592e-01	-3.524759e-05
5.006848e-01	-1.919822e-05
5.007104e-01	-2.662214e-06
5.007360e-01	1.292908e-05
5.007616e-01	2.974620e-05
5.007872e-01	4.565568e-05
5.008128e-01	6.188866e-05
5.008384e-01	7.832456e-05
5.008640e-01	9.395226e-05
5.008896e-01	1.098295e-04
5.009152e-01	1.259124e-04
5.009408e-01	1.421525e-04
5.009664e-01	1.583128e-04
5.009920e-01	1.739723e-04
5.010176e-01	1.892677e-04
5.010432e-01	2.055896e-04
5.010688e-01	2.214153e-04
5.010944e-01	2.363853e-04
5.011200e-01	2.525536e-04
5.011456e-01	2.677679e-04
5.011712e-01	2.832459e-04
5.011968e-01	2.988236e-04
5.012224e-01	3.139137e-04
5.012480e-01	3.291300e-04
5.012736e-01	3.442170e-04
5.012992e-01	3.589119e-04
5.013248e-01	3.741194e-04
5.013504e-01	3.889996e-04
5.013760e-01	4.036306e-04
5.014016e-01	4.183064e-04
5.014272e-01	4.326477e-04
5.014528e-01	4.467942e-04
5.014784e-01	4.610123e-04
5.015040e-01	4.756195e-04
5.015296e-01	4.897289e-04
5.015552e-01	5.029963e-04
5.015808e-01	5.167901e-04
5.016064e-01	5.304248e-04
5.016320e-01	5.444827e-04
5.016576e-01	5.576282e-04
5.016832e-01	5.705947e-04
5.017088e-01	5.836092e-04
5.017344e-01	5.966818e-04
5.017600e-01	6.094871e-04
5.017856e-01	6.220154e-04
5.018112e-01	6.345414e-04
5.018368e-01	6.467058e-04
5.018624e-01	6.587480e-04
5.018880e-01	6.712715e-04
5.019136e-01	6.828285e-04
5.019392e-01	6.939498e-04
5.019648e-01	7.057112e-04
5.019904e-01	7.170642e-04
5.020160e-01	7.281101e-04
5.020416e-01	7.387602e-04
5.020672e-01	7.491100e-04
5.020928e-01	7.603241e-04
5.021184e-01	7.706370e-04
5.021440e-01	7.805298e-04
5.021696e-01	7.904876e-04
5.021952e-01	8.001152e-04
5.022208e-01	8.097331e-04
5.022464e-01	8.189181e-04
5.022720e-01	8.275592e-04
5.022976e-01	8.367927e-04
5.023232e-01	8.455412e-04
5.023488e-01	8.541186e-04
5.023744e-01	8.623863e-04
5.024000e-01	8.705476e-04
5.024256e-01	8.780551e-04
5.024512e-01	8.858114e-04
5.024768e-01	8.931494e-04
5.025024e-01	9.002570e-04
5.025280e-01	9.072793e-04
5.025536e-01	9.139553e-04
5.025792e-01	9.206759e-04
5.026048e-01	9.266121e-04
5.026304e-01	9.326414e-04
5.026560e-01	9.385961e-04
5.026816e-01	9.437224e-04
5.027072e-01	9.496040e-04
5.027328e-01	9.543780e-04
5.027584e-01	9.587777e-04
5.027840e-01	9.637077e-04
5.028096e-01	9.683072e-04
5.028352e-01	9.722422e-04
5.028608e-01	9.764251e-04
5.028864e-01	9.800119e-04
5.029120e-01	9.837488e-04
5.029376e-01	9.868077e-04
5.029632e-01	9.892144e-04
5.029888e-01	9.923247e-04
5.030144e-01	9.943966e-04
5.030400e-01	9.967687e-04
5.030656e-01	9.991034e-04
5.030912e-01	9.999302e-04
5.031168e-01	1.001404e-03
5.031424e-01	1.002727e-03
5.031680e-01	1.003603e-03
5.031936e-01	1.004409e-03
5.032192e-01	1.005003e-03
5.032448e-01	1.004798e-03
5.032704e-01	1.004889e-03
5.032960e-01	1.004735e-03
5.033216e-01	1.004156e-03
5.033472e-01	1.003435e-03
5.033728e-01	1.002514e-03
5.033984e-01	1.001095e-03
5.034240e-01	9.995054e-04
5.034496e-01	9.977181e-04
5.034752e-01	9.959600e-04
5.035008e-01	9.934405e-04
5.035264e-01	9.908945e-04
5.035520e-01	9.881313e-04
5.035776e-01	9.850819e-04
5.036032e-01	9.814875e-04
5.036288e-01	9.781249e-04
5.036544e-01	9.747854e-04
5.036800e-01	9.706505e-04
5.037056e-01	9.662310e-04
5.037312e-01	9.615762e-04
5.037568e-01	9.570806e-04
5.037824e-01	9.521129e-04
5.038080e-01	9.466916e-04
5.038336e-01	9.416901e-04
5.038592e-01	9.356657e-04
5.038848e-01	9.295922e-04
5.039104e-01	9.233425e-04
5.039360e-01	9.174681e-04
5.039616e-01	9.103095e-04
5.039872e-01	9.032736e-04
5.040128e-01	8.967308e-04
5.040384e-01	8.891090e-04
5.040640e-01	8.820862e-04
5.040896e-01	8.738704e-04
5.041152e-01	8.656220e-04
5.041408e-01	8.578368e-04
5.041664e-01	8.485404e-04
5.041920e-01	8.404376e-04
5.042176e-01	8.313210e-04
5.042432e-01	8.223486e-04
5.042688e-01	8.129806e-04
5.042944e-01	8.032143e-04
5.043200e-01	7.935138e-04
5.043456e-01	7.833553e-04
5.043712e-01	7.733908e-04
5.043968e-01	7.626936e-04
5.044224e-01	7.520093e-04
5.044480e-01	7.410728e-04
5.044736e-01	7.302912e-04
5.044992e-01	7.193930e-04
5.045248e-01	7.076270e-04
5.045504e-01	6.963512e-04
5.045760e-01	6.843060e-04
5.046016e-01	6.722828e-04
5.046272e-01	6.601114e-04
5.046528e-01	6.477252e-04
5.046784e-01	6.355451e-04
5.047040e-01	6.228068e-04
5.047296e-01	6.099412e-04
5.047552e-01	5.968116e-04
5.047808e-01	5.833568e-04
5.048064e-01	5.706785e-04
5.048320e-01	5.568343e-04
5.048576e-01	5.432955e-04
5.048832e-01	5.293222e-04
5.049088e-01	5.155813e-04
5.049344e-01	5.014858e-04
5.049600e-01	4.871312e-04
5.049856e-01	4.728501e-04
5.050112e-01	4.583880e-04
5.050368e-01	4.435058e-04
5.050624e-01	4.281000e-04
5.050880e-01	4.141184e-04
5.051136e-01	3.991283e-04
5.051392e-01	3.836813e-04
5.051648e-01	3.683628e-04
5.051904e-01	3.529786e-04
5.052160e-01	3.380732e-04
5.052416e-01	3.220853e-04
5.052672e-01	3.066197e-04
5.052928e-01	2.910443e-04
5.053184e-01	2.753267e-04
5.053440e-01	2.589853e-04
5.053696e-01	2.430338e-04
5.053952e-01	2.271994e-04
5.054208e-01	2.111170e-04
5.054464e-01	1.945042e-04
5.054720e-01	1.785324e-04
5.054976e-01	1.624111e-04
5.055232e-01	1.459165e-04
5.055488e-01	1.292947e-04
5.055744e-01	1.128973e-04
5.056000e-01	9.634554e-05
5.056256e-01	7.980170e-05
5.056512e-01	6.357602e-05
5.056768e-01	4.654975e-05
5.057024e-01	3.046252e-05
5.057280e-01	1.362262e-05
5.057536e-01	-3.502432e-06
5.057792e-01	-1.974808e-05
5.058048e-01	-3.673832e-05
5.058304e-01	-5.294475e-05
5.058560e-01	-6.993523e-05
5.058816e-01	-8.661698e-05
5.059072e-01	-1.032220e-04
5.059328e-01	-1.196870e-04
5.059584e-01	-1.364645e-04
5.059840e-01	-1.531285e-04
5.060096e-01	-1.694141e-04
5.060352e-01	-1.858712e-04
5.060608e-01	-2.026608e-04
5.060864e-01	-2.190036e-04
5.061120e-01	-2.352435e-04
5.061376e-01	-2.517077e-04
5.061632e-01	-2.679897e-04
5.061888e-01	-2.840268e-04
5.062144e-01	-3.001518e-04
5.062400e-01	-3.163223e-04
5.062656e-01	-3.320641e-04
5.062912e-01	-3.480280e-04
5.063168e-01	-3.636231e-04
5.063424e-01	-3.792287e-04
5.063680e-01	-3.952204e-04
5.063936e-01	-4.105800e-04
5.064192e-01	-4.267200e-04
5.064448e-01	-4.414077e-04
5.064704e-01	-4.569180e-04
5.064960e-01	-4.720259e-04
5.065216e-01	-4.865235e-04
5.065472e-01	-5.018422e-04
5.065728e-01	-5.163654e-04
5.065984e-01	-5.309415e-04
5.066240e-01	-5.454077e-04
5.066496e-01	-5.595039e-04
5.066752e-01	-5.738194e-04
5.067008e-01	-5.879524e-04
5.067264e-01	-6.015211e-04
5.067520e-01	-6.153374e-04
5.067776e-01	-6.289383e-04
5.068032e-01	-6.418363e-04
5.068288e-01	-6.553764e-04
5.068544e-01	-6.684956e-04
5.068800e-01	-6.813164e-04
5.069056e-01	-6.935896e-04
5.069312e-01	-7.066213e-04
5.069568e-01	-7.189544e-04
5.069824e-01	-7.308882e-04
5.070080e-01	-7.428429e-04
5.070336e-01	-7.542967e-04
5.070592e-01	-7.658546e-04
5.070848e-01	-7.772384e-04
5.071104e-01	-7.883725e-04
5.071360e-01	-7.992220e-04
5.071616e-01	-8.098313e-04
5.071872e-01	-8.203433e-04
5.072128e-01	-8.306570e-04
5.072384e-01	-8.405208e-04
5.072640e-01	-8.504358e-04
5.072896e-01	-8.601475e-04
5.073152e-01	-8.691297e-04
5.073408e-01	-8.789317e-04
5.073664e-01	-8.872603e-04
5.073920e-01	-8.956107e-04
5.074176e-01	-9.041997e-04
5.074432e-01	-9.124826e-04
5.074688e-01	-9.202638e-04
5.074944e-01	-9.279055e-04
5.075200e-01	-9.351769e-04
5.075456e-01	-9.419523e-04
5.075712e-01	-9.491569e-04
5.075968e-01	-9.559126e-04
5.076224e-01	-9.618799e-04
5.076480e-01	-9.681302e-04
5.076736e-01	-9.738388e-04
5.076992e-01	-9.792696e-04
5.077248e-01	-9.846769e-04
5.077504e-01	-9.895619e-04
5.077760e-01	-9.943143e-04
5.078016e-01	-9.990819e-04
5.078272e-01	-1.003212e-03
5.078528e-01	-1.006931e-03
5.078784e-01	-1.010139e-03
5.079040e-01	-1.013900e-03
5.079296e-01	-1.016821e-03
5.079552e-01	-1.019371e-03
5.079808e-01	-1.022282e-03
5.080064e-01	-1.024446e-03
5.080320e-01	-1.026177e-03
5.080576e-01	-1.027959e-03
5.080832e-01	-1.029395e-03
5.081088e-01	-1.030574e-03
5.081344e-01	-1.031267e-03
5.081600e-01	-1.031774e-03
5.081856e-01	-1.032079e-03
5.082112e-01	-1.032423e-03
5.082368e-01	-1.031900e-03
5.082624e-01	-1.031171e-03
5.082880e-01	-1.030319e-03
5.083136e-01	-1.029402e-03
5.083392e-01	-1.027921e-03
5.083648e-01	-1.026284e-03
5.083904e-01	-1.024224e-03
5.084160e-01	-1.022094e-03
5.084416e-01	-1.019573e-03
5.084672e-01	-1.016648e-03
5.084928e-01	-1.013849e-03
5.085184e-01	-1.010653e-03
5.085440e-01	-1.007013e-03
5.085696e-01	-1.003288e-03
5.085952e-01	-9.991524e-04
5.086208e-01	-9.948112e-04
5.086464e-01	-9.896124e-04
5.086720e-01	-9.851167e-04
5.086976e-01	-9.799661e-04
5.087232e-01	-9.744266e-04
5.087488e-01	-9.689688e-04
5.087744e-01	-9.630668e-04
5.088000e-01	-9.567942e-04
5.088256e-01	-9.502128e-04
5.088512e-01	-9.440695e-04
5.088768e-01	-9.366744e-04
5.089024e-01	-9.297659e-04
5.089280e-01	-9.224688e-04
5.089536e-01	-9.143642e-04
5.089792e-01	-9.068761e-04
5.090048e-01	-8.985351e-04
5.090304e-01	-8.906646e-04
5.090560e-01	-8.819014e-04
5.090816e-01	-8.732292e-04
5.091072e-01	-8.640662e-04
5.091328e-01	-8.548171e-04
5.091584e-01	-8.453938e-04
5.091840e-01	-8.358820e-04
5.092096e-01	-8.254201e-04
5.092352e-01	-8.154510e-04
5.092608e-01	-8.054501e-04
5.092864e-01	-7.947715e-04
5.093120e-01	-7.839710e-04
5.093376e-01	-7.730847e-04
5.093632e-01	-7.623305e-04
5.093888e-01	-7.506363e-04
5.094144e-01	-7.393798e-04
5.094400e-01	-7.279433e-04
5.094656e-01	-7.155271e-04
5.094912e-01	-7.037267e-04
5.095168e-01	-6.917409e-04
5.095424e-01	-6.791689e-04
5.095680e-01	-6.665922e-04
5.095936e-01	-6.540049e-04
5.096192e-01	-6.409817e-04
5.096448e-01	-6.279611e-04
5.096704e-01	-6.147008e-04
5.096960e-01	-6.014930e-04
5.097216e-01	-5.879464e-04
5.097472e-01	-5.744456e-04
5.097728e-01	-5.603231e-04
5.097984e-01	-5.466357e-04
5.098240e-01	-5.327174e-04
5.098496e-01	-5.184358e-04
5.098752e-01	-5.039471e-04
5.099008e-01	-4.896768e-04
5.099264e-01	-4.750022e-04
5.099520e-01	-4.605971e-04
5.099776e-01	-4.458618e-04
5.100032e-01	-4.308013e-04
5.100288e-01	-4.163090e-04
5.100544e-01	-4.009338e-04
5.100800e-01	-3.858350e-04
5.101056e-01	-3.704221e-04
5.101312e-01	-3.549028e-04
5.101568e-01	-3.398720e-04
5.101824e-01	-3.241061e-04
5.102080e-01	-3.086683e-04
5.102336e-01	-2.927665e-04
5.102592e-01	-2.776586e-04
5.102848e-01	-2.616717e-04
5.103104e-01	-2.459220e-04
5.103360e-01	-2.299279e-04
5.103616e-01	-2.135382e-04
5.103872e-01	-1.982214e-04
5.104128e-01	-1.821111e-04
5.104384e-01	-1.658672e-04
5.104640e-01	-1.499751e-04
5.104896e-01	-1.338154e-04
5.105152e-01	-1.176579e-04
5.105408e-01	-1.012346e-04
5.105664e-01	-8.538773e-05
5.105920e-01	-6.886849e-05
5.106176e-01	-5.303183e-05
5.106432e-01	-3.679300e-05
5.106688e-01	-2.008915e-05
5.106944e-01	-4.968638e-06
5.107200e-01	1.181818e-05
5.107456e-01	2.834245e-05
5.107712e-01	4.370500e-05
5.107968e-01	6.044650e-05
5.108224e-01	7.640186e-05
5.108480e-01	9.201120e-05
5.108736e-01	1.083370e-04
5.108992e-01	1.248871e-04
5.109248e-01	1.405158e-04
5.109504e-01	1.565786e-04
5.109760e-01	1.723705e-04
5.110016e-01	1.881901e-04
5.110272e-01	2.036834e-04
5.110528e-01	2.196507e-04
5.110784e-01	2.352653e-04
5.111040e-01	2.508867e-04
5.111296e-01	2.665189e-04
5.111552e-01	2.813459e-04
5.111808e-01	2.971944e-04
5.112064e-01	3.127343e-04
5.112320e-01	3.271729e-04
5.112576e-01	3.427443e-04
5.112832e-01	3.579358e-04
5.113088e-01	3.725556e-04
5.113344e-01	3.874486e-04
5.113600e-01	4.021497e-04
5.113856e-01	4.169556e-04
5.114112e-01	4.311976e-04
5.114368e-01	4.452219e-04
5.114624e-01	4.598590e-04
5.114880e-01	4.741292e-04
5.115136e-01	4.883753e-04
5.115392e-01	5.018248e-04
5.115648e-01	5.157139e-04
5.115904e-01	5.294577e-04
5.116160e-01	5.428518e-04
5.116416e-01	5.560854e-04
5.116672e-01	5.695275e-04
5.116928e-01	5.825906e-04
5.117184e-01	5.953837e-04
5.117440e-01	6.083507e-04
5.117696e-01	6.206995e-04
5.117952e-01	6.333498e-04
5.118208e-01	6.459162e-04
5.118464e-01	6.573866e-04
5.118720e-01	6.697193e-04
5.118976e-01	6.814650e-04
5.119232e-01	6.930945e-04
5.119488e-01	7.045076e-04
5.119744e-01	7.158454e-04
5.120000e-01	7.269859e-04
5.120256e-01	7.377920e-04
5.120512e-01	7.484597e-04
5.120768e-01	7.589963e-04
5.121024e-01	7.690768e-04
5.121280e-01	7.793249e-04
5.121536e-01	7.894136e-04
5.121792e-01	7.990905e-04
5.122048e-01	8.087850e-04
5.122304e-01	8.178322e-04
5.122560e-01	8.273619e-04
5.122816e-01	8.361625e-04
5.123072e-01	8.444390e-04
5.123328e-01	8.537072e-04
5.123584e-01	8.614821e-04
5.123840e-01	8.698729e-04
5.124096e-01	8.776194e-04
5.124352e-01	8.850428e-04
5.124608e-01	8.923554e-04
5.124864e-01	8.997180e-04
5.125120e-01	9.068916e-04
5.125376e-01	9.131404e-04
5.125632e-01	9.202349e-04
5.125888e-01	9.264575e-04
5.126144e-01	9.323064e-04
5.126400e-01	9.384081e-04
5.126656e-01	9.438040e-04
5.126912e-01	9.491399e-04
5.127168e-01	9.538332e-04
5.127424e-01	9.593199e-04
5.127680e-01	9.633687e-04
5.127936e-01	9.677820e-04
5.128192e-01	9.725417e-04
5.128448e-01	9.755524e-04
5.128704e-01	9.797345e-04
5.128960e-01	9.830464e-04
5.129216e-01	9.860357e-04
5.129472e-01	9.896955e-04
5.129728e-01	9.914844e-04
5.129984e-01	9.942125e-04
5.130240e-01	9.962092e-04
5.130496e-01	9.983403e-04
5.130752e-01	1.000126e-03
5.131008e-01	1.001243e-03
5.131264e-01	1.002849e-03
5.131520e-01	1.003835e-03
5.131776e-01	1.004279e-03
5.132032e-01	1.004832e-03
5.132288e-01	1.005089e-03
5.132544e-01	1.005037e-03
5.132800e-01	1.004743e-03
5.133056e-01	1.004276e-03
5.133312e-01	1.003859e-03
5.133568e-01	1.002901e-03
5.133824e-01	1.001282e-03
5.134080e-01	9.996301e-04
5.134336e-01	9.980978e-04
5.134592e-01	9.961854e-04
5.134848e-01	9.937264e-04
5.135104e-01	9.908720e-04
5.135360e-01	9.880732e-04
5.135616e-01	9.858375e-04
5.135872e-01	9.818418e-04
5.136128e-01	9.785111e-04
5.136384e-01	9.746553e-04
5.136640e-01	9.708850e-04
5.136896e-01	9.670724e-04
5.137152e-01	9.618164e-04
5.137408e-01	9.574547e-04
5.137664e-01	9.526726e-04
5.137920e-01	9.473356e-04
5.138176e-01	9.421936e-04
5.138432e-01	9.356423e-04
5.138688e-01	9.301170e-04
5.138944e-01	9.243721e-04
5.139200e-01	9.177919e-04
5.139456e-01	9.113564e-04
5.139712e-01	9.044328e-04
5.139968e-01	8.971547e-04
5.140224e-01	8.897756e-04
5.140480e-01	8.823879e-04
5.140736e-01	8.744451e-04
5.140992e-01	8.664724e-04
5.141248e-01	8.581673e-04
5.141504e-01	8.494362e-04
5.141760e-01	8.410237e-04
5.142016e-01	8.320383e-04
5.142272e-01	8.233243e-04
5.142528e-01	8.135262e-04
5.142784e-01	8.043055e-04
5.143040e-01	7.943363e-04
5.143296e-01	7.845071e-04
5.143552e-01	7.746213e-04
5.143808e-01	7.633612e-04
5.144064e-01	7.530992e-04
5.144320e-01	7.424798e-04
5.144576e-01	7.310931e-04
5.144832e-01	7.200916e-04
5.145088e-01	7.085670e-04
5.145344e-01	6.976830e-04
5.145600e-01	6.856111e-04
5.145856e-01	6.732998e-04
5.146112e-01	6.616940e-04
5.146368e-01	6.488759e-04
5.146624e-01	6.370497e-04
5.146880e-01	6.244244e-04
5.147136e-01	6.111127e-04
5.147392e-01	5.986140e-04
5.147648e-01	5.852220e-04
5.147904e-01	5.715417e-04
5.148160e-01	5.578597e-04
5.148416e-01	5.447816e-04
5.148672e-01	5.302895e-04
5.148928e-01	5.168551e-04
5.149184e-01	5.030043e-04
5.149440e-01	4.883870e-04
5.149696e-01	4.740182e-04
5.149952e-01	4.595068e-04
5.150208e-01	4.453036e-04
5.150464e-01	4.301833e-04
5.150720e-01	4.156133e-04
5.150976e-01	4.005712e-04
5.151232e-01	3.852529e-04
5.151488e-01	3.700162e-04
5.151744e-01	3.543172e-04
5.152000e-01	3.394824e-04
5.152256e-01	3.236900e-04
5.152512e-01	3.084140e-04
5.152768e-01	2.921998e-04
5.153024e-01	2.767765e-04
5.153280e-01	2.608729e-04
5.153536e-01	2.442365e-04
5.153792e-01	2.287590e-04
5.154048e-01	2.126778e-04
5.154304e-01	1.964241e-04
5.154560e-01	1.799455e-04
5.154816e-01	1.637679e-04
5.155072e-01	1.474676e-04
5.155328e-01	1.309824e-04
5.155584e-01	1.144957e-04
5.155840e-01	9.800148e-05
5.156096e-01	8.192238e-05
5.156352e-01	6.515204e-05
5.156608e-01	4.837978e-05
5.156864e-01	3.205593e-05
5.157120e-01	1.521297e-05
5.157376e-01	-1.865268e-06
5.157632e-01	-1.800497e-05
5.157888e-01	-3.492798e-05
5.158144e-01	-5.163360e-05
5.158400e-01	-6.824981e-05
5.158656e-01	-8.466183e-05
5.158912e-01	-1.012438e-04
5.159168e-01	-1.183516e-04
5.159424e-01	-1.351679e-04
5.159680e-01	-1.510482e-04
5.159936e-01	-1.680184e-04
5.160192e-01	-1.844329e-04
5.160448e-01	-2.007050e-04
5.160704e-01	-2.172878e-04
5.160960e-01	-2.335199e-04
5.161216e-01	-2.503341e-04
5.161472e-01	-2.662491e-04
5.161728e-01	-2.823728e-04
5.161984e-01	-2.986946e-04
5.162240e-01	-3.143661e-04
5.162496e-01	-3.308042e-04
5.162752e-01	-3.463601e-04
5.163008e-01	-3.623755e-04
5.163264e-01	-3.783038e-04
5.163520e-01	-3.935893e-04
5.163776e-01	-4.093591e-04
5.164032e-01	-4.244810e-04
5.164288e-01	-4.397094e-04
5.164544e-01	-4.552602e-04
5.164800e-01	-4.701212e-04
5.165056e-01	-4.856071e-04
5.165312e-01	-4.999056e-04
5.165568e-01	-5.149749e-04
5.165824e-01	-5.298992e-04
5.166080e-01	-5.438072e-04
5.166336e-01	-5.581263e-04
5.166592e-01	-5.724023e-04
5.166848e-01	-5.863974e-04
5.167104e-01	-6.002604e-04
5.167360e-01	-6.139992e-04
5.167616e-01	-6.279376e-04
5.167872e-01	-6.410187e-04
5.168128e-01	-6.540194e-04
5.168384e-01	-6.672941e-04
5.168640e-01	-6.801871e-04
5.168896e-01	-6.930190e-04
5.169152e-01	-7.053402e-04
5.169408e-01	-7.178480e-04
5.169664e-01	-7.298197e-04
5.169920e-01	-7.414356e-04
5.170176e-01	-7.534093e-04
5.170432e-01	-7.647569e-04
5.170688e-01	-7.763368e-04
5.170944e-01	-7.873705e-04
5.171200e-01	-7.985558e-04
5.171456e-01	-8.089616e-04
5.171712e-01	-8.195169e-04
5.171968e-01	-8.298688e-04
5.172224e-01	-8.396143e-04
5.172480e-01	-8.494534e-04
5.172736e-01	-8.592479e-04
5.172992e-01	-8.684061e-04
5.173248e-01	-8.771419e-04
5.173504e-01	-8.864219e-04
5.173760e-01	-8.954721e-04
5.174016e-01	-9.035785e-04
5.174272e-01	-9.118333e-04
5.174528e-01	-9.193596e-04
5.174784e-01	-9.269092e-04
5.175040e-01	-9.345205e-04
5.175296e-01	-9.417821e-04
5.175552e-01	-9.484179e-04
5.175808e-01	-9.549236e-04
5.176064e-01	-9.612668e-04
5.176320e-01	-9.675332e-04
5.176576e-01	-9.731987e-04
5.176832e-01	-9.785685e-04
5.177088e-01	-9.841699e-04
5.177344e-01	-9.890528e-04
5.177600e-01	-9.936639e-04
5.177856e-01	-9.985230e-04
5.178112e-01	-1.002388e-03
5.178368e-01	-1.006200e-03
5.178624e-01	-1.009890e-03
5.178880e-01	-1.013618e-03
5.179136e-01	-1.016630e-03
5.179392e-01	-1.019391e-03
5.179648e-01	-1.022042e-03
5.179904e-01	-1.024127e-03
5.180160e-01	-1.026140e-03
5.180416e-01	-1.027877e-03
5.180672e-01	-1.029282e-03
5.180928e-01	-1.030525e-03
5.181184e-01	-1.031205e-03
5.181440e-01	-1.031941e-03
5.181696e-01	-1.032193e-03
5.181952e-01	-1.032409e-03
5.182208e-01	-1.031893e-03
5.182464e-01	-1.031348e-03
5.182720e-01	-1.030252e-03
5.182976e-01	-1.029342e-03
5.183232e-01	-1.028131e-03
5.183488e-01	-1.026222e-03
5.183744e-01	-1.024703e-03
5.184000e-01	-1.022253e-03
5.184256e-01	-1.019717e-03
5.184512e-01	-1.017746e-03
5.184768e-01	-1.013858e-03
5.185024e-01	-1.010678e-03
5.185280e-01	-1.007415e-03
5.185536e-01	-1.003232e-03
5.185792e-01	-9.996775e-04
5.186048e-01	-9.952165e-04
5.186304e-01	-9.904947e-04
5.186560e-01	-9.857279e-04
5.186816e-01	-9.805168e-04
5.187072e-01	-9.751807e-04
5.187328e-01	-9.692516e-04
5.187584e-01	-9.633077e-04
5.187840e-01	-9.570991e-04
5.188096e-01	-9.510007e-04
5.188352e-01	-9.441745e-04
5.188608e-01	-9.374589e-04
5.188864e-01	-9.302521e-04
5.189120e-01	-9.231686e-04
5.189376e-01	-9.158029e-04
5.189632e-01	-9.074183e-04
5.189888e-01	-8.993745e-04
5.190144e-01	-8.910945e-04
5.190400e-01	-8.828781e-04
5.190656e-01	-8.741451e-04
5.190912e-01	-8.646679e-04
5.191168e-01	-8.556583e-04
5.191424e-01	-8.458326e-04
5.191680e-01	-8.366533e-04
5.191936e-01	-8.265223e-04
5.192192e-01	-8.162889e-04
5.192448e-01	-8.060258e-04
5.192704e-01	-7.957098e-04
5.192960e-01	-7.851790e-04
5.193216e-01	-7.743307e-04
5.193472e-01	-7.632898e-04
5.193728e-01	-7.515991e-04
5.193984e-01	-7.404929e-04
5.194240e-01	-7.285140e-04
5.194496e-01	-7.165098e-04
5.194752e-01	-7.052006e-04
5.195008e-01	-6.925931e-04
5.195264e-01	-6.803807e-04
5.195520e-01	-6.678317e-04
5.195776e-01	-6.546988e-04
5.196032e-01	-6.422201e-04
5.196288e-01	-6.291814e-04
5.196544e-01	-6.158928e-04
5.196800e-01	-6.028169e-04
5.197056e-01	-5.891041e-04
5.197312e-01	-5.754504e-04
5.197568e-01	-5.615667e-04
5.197824e-01	-5.479041e-04
5.198080e-01	-5.334101e-04
5.198336e-01	-5.193944e-04
5.198592e-01	-5.052106e-04
5.198848e-01	-4.908739e-04
5.199104e-01	-4.764799e-04
5.199360e-01	-4.617161e-04
5.199616e-01	-4.469136e-04
5.199872e-01	-4.324501e-04
5.200128e-01	-4.175102e-04
5.200384e-01	-4.023449e-04
5.200640e-01	-3.872153e-04
5.200896e-01	-3.720833e-04
5.201152e-01	-3.566642e-04
5.201408e-01	-3.411930e-04
5.201664e-01	-3.258288e-04
5.201920e-01	-3.099557e-04
5.202176e-01	-2.943927e-04
5.202432e-01	-2.788462e-04
5.202688e-01	-2.631581e-04
5.202944e-01	-2.472723e-04
5.203200e-01	-2.313257e-04
5.203456e-01	-2.157793e-04
5.203712e-01	-1.994746e-04
5.203968e-01	-1.838286e-04
5.204224e-01	-1.672688e-04
5.204480e-01	-1.512568e-04
5.204736e-01	-1.354458e-04
5.204992e-01	-1.190972e-04
5.205248e-01	-1.031078e-04
5.205504e-01	-8.705555e-05
5.205760e-01	-7.042300e-05
5.206016e-01	-5.465654e-05
5.206272e-01	-3.852486e-05
5.206528e-01	-2.189356e-05
5.206784e-01	-5.902910e-06
5.207040e-01	1.037681e-05
5.207296e-01	2.643782e-05
5.207552e-01	4.281866e-05
5.207808e-01	5.872290e-05
5.208064e-01	7.497336e-05
5.208320e-01	9.118849e-05
5.208576e-01	1.068950e-04
5.208832e-01	1.231960e-04
5.209088e-01	1.387273e-04
5.209344e-01	1.553105e-04
5.209600e-01	1.705554e-04
5.209856e-01	1.864601e-04
5.210112e-01	2.027996e-04
5.210368e-01	2.181043e-04
5.210624e-01	2.337155e-04
5.210880e-01	2.496672e-04
5.211136e-01	2.651051e-04
5.211392e-01	2.800898e-04
5.211648e-01	2.956796e-04
5.211904e-01	3.111967e-04
5.212160e-01	3.260430e-04
5.212416e-01	3.411791e-04
5.212672e-01	3.561013e-04
5.212928e-01	3.711994e-04
5.213184e-01	3.863411e-04
5.213440e-01	4.003375e-04
5.213696e-01	4.154130e-04
5.213952e-01	4.300842e-04
5.214208e-01	4.440740e-04
5.214464e-01	4.589108e-04
5.214720e-01	4.726907e-04
5.214976e-01	4.866722e-04
5.215232e-01	5.004477e-04
5.215488e-01	5.146714e-04
5.215744e-01	5.277337e-04
5.216000e-01	5.413782e-04
5.216256e-01	5.550117e-04
5.216512e-01	5.681707e-04
5.216768e-01	5.815660e-04
5.217024e-01	5.942392e-04
5.217280e-01	6.068400e-04
5.217536e-01	6.195993e-04
5.217792e-01	6.321389e-04
5.218048e-01	6.445578e-04
5.218304e-01	6.567269e-04
5.218560e-01	6.685468e-04
5.218816e-01	6.798183e-04
5.219072e-01	6.920072e-04
5.219328e-01	7.035699e-04
5.219584e-01	7.142771e-04
5.219840e-01	7.261438e-04
5.220096e-01	7.365856e-04
5.220352e-01	7.474112e-04
5.220608e-01	7.584204e-04
5.220864e-01	7.677133e-04
5.221120e-01	7.790570e-04
5.221376e-01	7.886920e-04
5.221632e-01	7.981267e-04
5.221888e-01	8.080862e-04
5.222144e-01	8.172121e-04
5.222400e-01	8.260480e-04
5.222656e-01	8.350193e-04
5.222912e-01	8.439378e-04
5.223168e-01	8.527245e-04
5.223424e-01	8.612465e-04
5.223680e-01	8.687308e-04
5.223936e-01	8.768592e-04
5.224192e-01	8.846045e-04
5.224448e-01	8.920358e-04
5.224704e-01	8.993585e-04
5.224960e-01	9.058540e-04
5.225216e-01	9.134333e-04
5.225472e-01	9.192814e-04
5.225728e-01	9.254173e-04
5.225984e-01	9.315570e-04
5.226240e-01	9.373704e-04
5.226496e-01	9.434845e-04
5.226752e-01	9.482906e-04
5.227008e-01	9.533757e-04
5.227264e-01	9.581250e-04
5.227520e-01	9.629302e-04
5.227776e-01	9.673657e-04
5.228032e-01	9.716508e-04
5.228288e-01	9.756165e-04
5.228544e-01	9.790916e-04
5.228800e-01	9.828769e-04
5.229056e-01	9.854150e-04
5.229312e-01	9.890086e-04
5.229568e-01	9.913523e-04
5.229824e-01	9.939431e-04
5.230080e-01	9.960813e-04
5.230336e-01	9.978681e-04
5.230592e-01	1.000032e-03
5.230848e-01	1.000945e-03
5.231104e-01	1.002302e-03
5.231360e-01	1.003592e-03
5.231616e-01	1.004364e-03
5.231872e-01	1.005210e-03
5.232128e-01	1.005203e-03
5.232384e-01	1.005102e-03
5.232640e-01	1.005006e-03
5.232896e-01	1.004439e-03
5.233152e-01	1.003371e-03
5.233408e-01	1.002444e-03
5.233664e-01	1.001485e-03
5.233920e-01	9.996643e-04
5.234176e-01	9.980315e-04
5.234432e-01	9.964730e-04
5.234688e-01	9.934523e-04
5.234944e-01	9.912573e-04
5.235200e-01	9.885819e-04
5.235456e-01	9.855924e-04
5.235712e-01	9.824398e-04
5.235968e-01	9.789311e-04
5.236224e-01	9.751008e-04
5.236480e-01	9.714414e-04
5.236736e-01	9.671074e-04
5.236992e-01	9.624520e-04
5.237248e-01	9.578627e-04
5.237504e-01	9.530151e-04
5.237760e-01	9.478123e-04
5.238016e-01	9.423638e-04
5.238272e-01	9.365890e-04
5.238528e-01	9.308067e-04
5.238784e-01	9.247178e-04
5.239040e-01	9.181339e-04
5.239296e-01	9.115566e-04
5.239552e-01	9.050293e-04
5.239808e-01	8.982191e-04
5.240064e-01	8.906611e-04
5.240320e-01	8.830976e-04
5.240576e-01	8.757493e-04
5.240832e-01	8.672592e-04
5.241088e-01	8.595386e-04
5.241344e-01	8.507202e-04
5.241600e-01	8.416957e-04
5.241856e-01	8.332835e-04
5.242112e-01	8.237279e-04
5.242368e-01	8.145957e-04
5.242624e-01	8.051508e-04
5.242880e-01	7.953313e-04
5.243136e-01	7.854964e-04
5.243392e-01	7.749741e-04
5.243648e-01	7.647207e-04
5.243904e-01	7.544810e-04
5.244160e-01	7.437150e-04
5.244416e-01	7.321266e-04
5.244672e-01	7.212164e-04
5.244928e-01	7.097367e-04
5.245184e-01	6.982983e-04
5.245440e-01	6.867054e-04
5.245696e-01	6.745635e-04
5.245952e-01	6.623555e-04
5.246208e-01	6.500424e-04
5.246464e-01	6.375167e-04
5.246720e-01	6.253044e-04
5.246976e-01	6.120448e-04
5.247232e-01	5.994057e-04
5.247488e-01	5.863497e-04
5.247744e-01	5.724330e-04
5.248000e-01	5.594983e-04
5.248256e-01	5.459059e-04
5.248512e-01	5.318647e-04
5.248768e-01	5.182023e-04
5.249024e-01	5.039240e-04
5.249280e-01	4.893606e-04
5.249536e-01	4.750280e-04
5.249792e-01	4.609067e-04
5.250048e-01	4.464834e-04
5.250304e-01	4.317576e-04
5.250560e-01	4.164866e-04
5.250816e-01	4.017573e-04
5.251072e-01	3.868019e-04
5.251328e-01	3.714588e-04
5.251584e-01	3.563258e-04
5.251840e-01	3.406719e-04
5.252096e-01	3.254136e-04
5.252352e-01	3.099275e-04
5.252608e-01	2.934965e-04
5.252864e-01	2.781196e-04
5.253120e-01	2.616904e-04
5.253376e-01	2.461482e-04
5.253632e-01	2.303990e-04
5.253888e-01	2.137776e-04
5.254144e-01	1.976622e-04
5.254400e-01	1.813355e-04
5.254656e-01	1.652246e-04
5.254912e-01	1.490823e-04
5.255168e-01	1.324842e-04
5.255424e-01	1.158406e-04
5.255680e-01	9.964972e-05
5.255936e-01	8.307487e-05
5.256192e-01	6.636675e-05
5.256448e-01	4.988597e-05
5.256704e-01	3.331514e-05
5.256960e-01	1.677725e-05
5.257216e-01	-2.664109e-07
5.257472e-01	-1.646820e-05
5.257728e-01	-3.340728e-05
5.257984e-01	-4.974035e-05
5.258240e-01	-6.648095e-05
5.258496e-01	-8.335373e-05
5.258752e-01	-9.985245e-05
5.259008e-01	-1.164740e-04
5.259264e-01	-1.329925e-04
5.259520e-01	-1.498564e-04
5.259776e-01	-1.661814e-04
5.260032e-01	-1.829169e-04
5.260288e-01	-1.994942e-04
5.260544e-01	-2.156427e-04
5.260800e-01	-2.319438e-04
5.261056e-01	-2.481286e-04
5.261312e-01	-2.646515e-04
5.261568e-01	-2.807420e-04
5.261824e-01	-2.973580e-04
5.262080e-01	-3.133752e-04
5.262336e-01	-3.291310e-04
5.262592e-01	-3.449144e-04
5.262848e-01	-3.610705e-04
5.263104e-01	-3.765971e-04
5.263360e-01	-3.921495e-04
5.263616e-01	-4.079298e-04
5.263872e-01	-4.232344e-04
5.264128e-01	-4.385674e-04
5.264384e-01	-4.539562e-04
5.264640e-01	-4.689852e-04
5.264896e-01	-4.834430e-04
5.265152e-01	-4.983186e-04
5.265408e-01	-5.135966e-04
5.265664e-01	-5.280543e-04
5.265920e-01	-5.423749e-04
5.266176e-01	-5.569223e-04
5.266432e-01	-5.710546e-04
5.266688e-01	-5.850977e-04
5.266944e-01	-5.992171e-04
5.267200e-01	-6.126842e-04
5.267456e-01	-6.263807e-04
5.267712e-01	-6.394849e-04
5.267968e-01	-6.530223e-04
5.268224e-01	-6.660123e-04
5.268480e-01	-6.787927e-04
5.268736e-01	-6.917557e-04
5.268992e-01	-7.043521e-04
5.269248e-01	-7.162422e-04
5.269504e-01	-7.286653e-04
5.269760e-01	-7.405090e-04
5.270016e-01	-7.524096e-04
5.270272e-01	-7.643960e-04
5.270528e-01	-7.752044e-04
5.270784e-01	-7.862013e-04
5.271040e-01	-7.969266e-04
5.271296e-01	-8.077009e-04
5.271552e-01	-8.186252e-04
5.271808e-01	-8.288611e-04
5.272064e-01	-8.389558e-04
5.272320e-01	-8.485486e-04
5.272576e-01	-8.581555e-04
5.272832e-01	-8.673486e-04
5.273088e-01	-8.765247e-04
5.273344e-01	-8.856058e-04
5.273600e-01	-8.939757e-04
5.273856e-01	-9.027084e-04
5.274112e-01	-9.106708e-04
5.274368e-01	-9.182607e-04
5.274624e-01	-9.263214e-04
5.274880e-01	-9.333517e-04
5.275136e-01	-9.408804e-04
5.275392e-01	-9.474868e-04
5.275648e-01	-9.542147e-04
5.275904e-01	-9.606982e-04
5.276160e-01	-9.668508e-04
5.276416e-01	-9.728377e-04
5.276672e-01	-9.782629e-04
5.276928e-01	-9.837297e-04
5.277184e-01	-9.885693e-04
5.277440e-01	-9.933501e-04
5.277696e-01	-9.980506e-04
5.277952e-01	-1.001812e-03
5.278208e-01	-1.006081e-03
5.278464e-01	-1.009465e-03
5.278720e-01	-1.013188e-03
5.278976e-01	-1.016382e-03
5.279232e-01	-1.018754e-03
5.279488e-01	-1.022004e-03
5.279744e-01	-1.024377e-03
5.280000e-01	-1.026192e-03
5.280256e-01	-1.027610e-03
5.280512e-01	-1.029004e-03
5.280768e-01	-1.030579e-03
5.281024e-01	-1.030919e-03
5.281280e-01	-1.031977e-03
5.281536e-01	-1.032350e-03
5.281792e-01	-1.032104e-03
5.282048e-01	-1.031953e-03
5.282304e-01	-1.031223e-03
5.282560e-01	-1.030284e-03
5.282816e-01	-1.029295e-03
5.283072e-01	-1.028164e-03
5.283328e-01	-1.026608e-03
5.283584e-01	-1.024880e-03
5.283840e-01	-1.022529e-03
5.284096e-01	-1.020151e-03
5.284352e-01	-1.017656e-03
5.284608e-01	-1.014151e-03
5.284864e-01	-1.011441e-03
5.285120e-01	-1.007585e-03
5.285376e-01	-1.003859e-03
5.285632e-01	-9.999415e-04
5.285888e-01	-9.957876e-04
5.286144e-01	-9.912270e-04
5.286400e-01	-9.862679e-04
5.286656e-01	-9.810369e-04
5.286912e-01	-9.758066e-04
5.287168e-01	-9.703718e-04
5.287424e-01	-9.642069e-04
5.287680e-01	-9.585394e-04
5.287936e-01	-9.517491e-04
5.288192e-01	-9.449193e-04
5.288448e-01	-9.384966e-04
5.288704e-01	-9.312321e-04
5.288960e-01	-9.242336e-04
5.289216e-01	-9.159414e-04
5.289472e-01	-9.086395e-04
5.289728e-01	-9.001751e-04
5.289984e-01	-8.917760e-04
5.290240e-01	-8.836731e-04
5.290496e-01	-8.745700e-04
5.290752e-01	-8.657788e-04
5.291008e-01	-8.565211e-04
5.291264e-01	-8.473563e-04
5.291520e-01	-8.375160e-04
5.291776e-01	-8.279973e-04
5.292032e-01	-8.174023e-04
5.292288e-01	-8.074526e-04
5.292544e-01	-7.972170e-04
5.292800e-01	-7.861750e-04
5.293056e-01	-7.757149e-04
5.293312e-01	-7.640406e-04
5.293568e-01	-7.532379e-04
5.293824e-01	-7.412905e-04
5.294080e-01	-7.300532e-04
5.294336e-01	-7.179955e-04
5.294592e-01	-7.061490e-04
5.294848e-01	-6.940505e-04
5.295104e-01	-6.813457e-04
5.295360e-01	-6.691123e-04
5.295616e-01	-6.564602e-04
5.295872e-01	-6.435404e-04
5.296128e-01	-6.301149e-04
5.296384e-01	-6.173812e-04
5.296640e-01	-6.041877e-04
5.296896e-01	-5.904048e-04
5.297152e-01	-5.769448e-04
5.297408e-01	-5.631394e-04
5.297664e-01	-5.491061e-04
5.297920e-01	-5.349250e-04
5.298176e-01	-5.210891e-04
5.298432e-01	-5.066094e-04
5.298688e-01	-4.923519e-04
5.298944e-01	-4.778140e-04
5.299200e-01	-4.627664e-04
5.299456e-01	-4.490123e-04
5.299712e-01	-4.340326e-04
5.299968e-01	-4.186806e-04
5.300224e-01	-4.041700e-04
5.300480e-01	-3.882101e-04
5.300736e-01	-3.735555e-04
5.300992e-01	-3.580611e-04
5.301248e-01	-3.428558e-04
5.301504e-01	-3.272358e-04
5.301760e-01	-3.116857e-04
5.302016e-01	-2.967842e-04
5.302272e-01	-2.801223e-04
5.302528e-01	-2.647407e-04
5.302784e-01	-2.491911e-04
5.303040e-01	-2.327891e-04
5.303296e-01	-2.170485e-04
5.303552e-01	-2.008983e-04
5.303808e-01	-1.853039e-04
5.304064e-01	-1.688661e-04
5.304320e-01	-1.528439e-04
5.304576e-01	-1.371906e-04
5.304832e-01	-1.208584e-04
5.305088e-01	-1.045455e-04
5.305344e-01	-8.835390e-05
5.305600e-01	-7.223360e-05
5.305856e-01	-5.623647e-05
5.306112e-01	-3.997218e-05
5.306368e-01	-2.385213e-05
5.306624e-01	-7.428170e-06
5.306880e-01	8.541634e-06
5.307136e-01	2.502715e-05
5.307392e-01	4.115870e-05
5.307648e-01	5.724607e-05
5.307904e-01	7.359029e-05
5.308160e-01	8.911749e-05
5.308416e-01	1.051793e-04
5.308672e-01	1.215697e-04
5.308928e-01	1.376018e-04
5.309184e-01	1.532198e-04
5.309440e-01	1.693453e-04
5.309696e-01	1.851628e-04
5.309952e-01	2.008161e-04
5.310208e-01	2.171537e-04
5.310464e-01	2.321522e-04
5.310720e-01	2.484138e-04
5.310976e-01	2.638877e-04
5.311232e-01	2.791277e-04
5.311488e-01	2.942448e-04
5.311744e-01	3.094312e-04
5.312000e-01	3.249871e-04
5.312256e-01	3.397778e-04
5.312512e-01	3.551310e-04
5.312768e-01	3.696742e-04
5.313024e-01	3.845394e-04
5.313280e-01	3.996004e-04
5.313536e-01	4.138665e-04
5.313792e-01	4.287732e-04
5.314048e-01	4.432239e-04
5.314304e-01	4.573943e-04
5.314560e-01	4.711172e-04
5.314816e-01	4.855379e-04
5.315072e-01	4.995628e-04
5.315328e-01	5.128753e-04
5.315584e-01	5.266475e-04
5.315840e-01	5.405638e-04
5.316096e-01	5.536210e-04
5.316352e-01	5.669175e-04
5.316608e-01	5.801469e-04
5.316864e-01	5.933002e-04
5.317120e-01	6.058790e-04
5.317376e-01	6.183627e-04
5.317632e-01	6.310907e-04
5.317888e-01	6.433543e-04
5.318144e-01	6.552711e-04
5.318400e-01	6.672193e-04
5.318656e-01	6.796526e-04
5.318912e-01	6.913407e-04
5.319168e-01	7.023121e-04
5.319424e-01	7.138217e-04
5.319680e-01	7.246067e-04
5.319936e-01	7.357589e-04
5.320192e-01	7.467606e-04
5.320448e-01	7.569044e-04
5.320704e-01	7.675042e-04
5.320960e-01	7.780563e-04
5.321216e-01	7.872403e-04
5.321472e-01	7.972175e-04
5.321728e-01	8.071468e-04
5.321984e-01	8.162053e-04
5.322240e-01	8.255094e-04
5.322496e-01	8.346723e-04
5.322752e-01	8.433128e-04
5.323008e-01	8.520670e-04
5.323264e-01	8.599574e-04
5.323520e-01	8.685275e-04
5.323776e-01	8.761401e-04
5.324032e-01	8.838852e-04
5.324288e-01	8.912878e-04
5.324544e-01	8.982557e-04
5.324800e-01	9.055421e-04
5.325056e-01	9.118741e-04
5.325312e-01	9.189314e-04
5.325568e-01	9.248303e-04
5.325824e-01	9.312431e-04
5.326080e-01	9.370495e-04
5.326336e-01	9.422085e-04
5.326592e-01	9.479286e-04
5.326848e-01	9.526525e-04
5.327104e-01	9.582051e-04
5.327360e-01	9.627430e-04
5.327616e-01	9.670411e-04
5.327872e-01	9.712624e-04
5.328128e-01	9.752853e-04
5.328384e-01	9.786773e-04
5.328640e-01	9.823764e-04
5.328896e-01	9.855314e-04
5.329152e-01	9.884884e-04
5.329408e-01	9.911848e-04
5.329664e-01	9.935265e-04
5.329920e-01	9.962124e-04
5.330176e-01	9.980643e-04
5.330432e-01	9.998996e-04
5.330688e-01	1.001111e-03
5.330944e-01	1.002599e-03
5.331200e-01	1.003822e-03
5.331456e-01	1.003982e-03
5.331712e-01	1.005118e-03
5.331968e-01	1.004922e-03
5.332224e-01	1.005213e-03
5.332480e-01	1.004876e-03
5.332736e-01	1.004410e-03
5.332992e-01	1.003779e-03
5.333248e-01	1.002471e-03
5.333504e-01	1.001488e-03
5.333760e-01	1.000089e-03
5.334016e-01	9.983039e-04
5.334272e-01	9.962791e-04
5.334528e-01	9.938207e-04
5.334784e-01	9.918009e-04
5.335040e-01	9.890001e-04
5.335296e-01	9.855671e-04
5.335552e-01	9.830255e-04
5.335808e-01	9.798086e-04
5.336064e-01	9.756034e-04
5.336320e-01	9.715336e-04
5.336576e-01	9.674014e-04
5.336832e-01	9.630740e-04
5.337088e-01	9.583458e-04
5.337344e-01	9.538261e-04
5.337600e-01	9.483795e-04
5.337856e-01	9.429199e-04
5.338112e-01	9.374850e-04
5.338368e-01	9.314410e-04
5.338624e-01	9.252803e-04
5.338880e-01	9.189062e-04
5.339136e-01	9.123665e-04
5.339392e-01	9.053692e-04
5.339648e-01	8.981046e-04
5.339904e-01	8.912121e-04
5.340160e-01	8.834827e-04
5.340416e-01	8.757618e-04
5.340672e-01	8.678364e-04
5.340928e-01	8.598828e-04
5.341184e-01	8.511345e-04
5.341440e-01	8.426215e-04
5.341696e-01	8.337998e-04
5.341952e-01	8.246986e-04
5.342208e-01	8.154326e-04
5.342464e-01	8.057923e-04
5.342720e-01	7.961245e-04
5.342976e-01	7.860427e-04
5.343232e-01	7.763412e-04
5.343488e-01	7.661125e-04
5.343744e-01	7.551130e-04
5.344000e-01	7.446365e-04
5.344256e-01	7.337023e-04
5.344512e-01	7.223282e-04
5.344768e-01	7.109108e-04
5.345024e-01	6.995009e-04
5.345280e-01	6.878144e-04
5.345536e-01	6.760525e-04
5.345792e-01	6.638762e-04
5.346048e-01	6.513974e-04
5.346304e-01	6.386090e-04
5.346560e-01	6.263881e-04
5.346816e-01	6.135845e-04
5.347072e-01	6.009968e-04
5.347328e-01	5.876555e-04
5.347584e-01	5.740777e-04
5.347840e-01	5.608498e-04
5.348096e-01	5.470546e-04
5.348352e-01	5.334359e-04
5.348608e-01	5.194772e-04
5.348864e-01	5.052214e-04
5.349120e-01	4.912115e-04
5.349376e-01	4.768829e-04
5.349632e-01	4.621652e-04
5.349888e-01	4.476915e-04
5.350144e-01	4.332201e-04
5.350400e-01	4.183265e-04
5.350656e-01	4.033555e-04
5.350912e-01	3.878655e-04
5.351168e-01	3.732931e-04
5.351424e-01	3.577520e-04
5.351680e-01	3.422066e-04
5.351936e-01	3.266846e-04
5.352192e-01	3.111787e-04
5.352448e-01	2.953490e-04
5.352704e-01	2.793259e-04
5.352960e-01	2.638001e-04
5.353216e-01	2.479242e-04
5.353472e-01	2.318443e-04
5.353728e-01	2.155170e-04
5.353984e-01	1.995665e-04
5.354240e-01	1.833171e-04
5.354496e-01	1.668951e-04
5.354752e-01	1.508818e-04
5.355008e-01	1.343072e-04
5.355264e-01	1.177553e-04
5.355520e-01	1.009276e-04
5.355776e-01	8.466122e-05
5.356032e-01	6.799115e-05
5.356288e-01	5.193152e-05
5.356544e-01	3.503024e-05
5.356800e-01	1.804473e-05
5.357056e-01	2.005222e-06
5.357312e-01	-1.523715e-05
5.357568e-01	-3.188377e-05
5.357824e-01	-4.831560e-05
5.358080e-01	-6.501641e-05
5.358336e-01	-8.151641e-05
5.358592e-01	-9.872044e-05
5.358848e-01	-1.151591e-04
5.359104e-01	-1.313167e-04
5.359360e-01	-1.479085e-04
5.359616e-01	-1.646684e-04
5.359872e-01	-1.808668e-04
5.360128e-01	-1.980018e-04
5.360384e-01	-2.140723e-04
5.360640e-01	-2.302357e-04
5.360896e-01	-2.469854e-04
5.361152e-01	-2.631845e-04
5.361408e-01	-2.795293e-04
5.361664e-01	-2.955049e-04
5.361920e-01	-3.114516e-04
5.362176e-01	-3.277327e-04
5.362432e-01	-3.438022e-04
5.362688e-01	-3.593915e-04
5.362944e-01	-3.750485e-04
5.363200e-01	-3.907227e-04
5.363456e-01	-4.063030e-04
5.363712e-01	-4.218195e-04
5.363968e-01	-4.372581e-04
5.364224e-01	-4.527220e-04
5.364480e-01	-4.674803e-04
5.364736e-01	-4.826670e-04
5.364992e-01	-4.973140e-04
5.365248e-01	-5.122164e-04
5.365504e-01	-5.269076e-04
5.365760e-01	-5.410922e-04
5.366016e-01	-5.556908e-04
5.366272e-01	-5.698638e-04
5.366528e-01	-5.834716e-04
5.366784e-01	-5.979476e-04
5.367040e-01	-6.114923e-04
5.367296e-01	-6.250780e-04
5.367552e-01	-6.386364e-04
5.367808e-01	-6.515658e-04
5.368064e-01	-6.645615e-04
5.368320e-01	-6.774250e-04
5.368576e-01	-6.903594e-04
5.368832e-01	-7.031440e-04
5.369088e-01	-7.149983e-04
5.369344e-01	-7.273387e-04
5.369600e-01	-7.396770e-04
5.369856e-01	-7.508304e-04
5.370112e-01	-7.626264e-04
5.370368e-01	-7.740456e-04
5.370624e-01	-7.853669e-04
5.370880e-01	-7.962163e-04
5.371136e-01	-8.067105e-04
5.371392e-01	-8.179037e-04
5.371648e-01	-8.276802e-04
5.371904e-01	-8.382432e-04
5.372160e-01	-8.480019e-04
5.372416e-01	-8.570577e-04
5.372672e-01	-8.666613e-04
5.372928e-01	-8.757557e-04
5.373184e-01	-8.846229e-04
5.373440e-01	-8.939262e-04
5.373696e-01	-9.018640e-04
5.373952e-01	-9.102912e-04
5.374208e-01	-9.180020e-04
5.374464e-01	-9.256722e-04
5.374720e-01	-9.333758e-04
5.374976e-01	-9.399040e-04
5.375232e-01	-9.474680e-04
5.375488e-01	-9.537066e-04
5.375744e-01	-9.601363e-04
5.376000e-01	-9.663797e-04
5.376256e-01	-9.719442e-04
5.376512e-01	-9.780527e-04
5.376768e-01	-9.834045e-04
5.377024e-01	-9.880405e-04
5.377280e-01	-9.927779e-04
5.377536e-01	-9.978221e-04
5.377792e-01	-1.001485e-03
5.378048e-01	-1.005985e-03
5.378304e-01	-1.009449e-03
5.378560e-01	-1.012657e-03
5.378816e-01	-1.015683e-03
5.379072e-01	-1.018678e-03
5.379328e-01	-1.021423e-03
5.379584e-01	-1.023764e-03
5.379840e-01	-1.025863e-03
5.380096e-01	-1.027254e-03
5.380352e-01	-1.029224e-03
5.380608e-01	-1.030327e-03
5.380864e-01	-1.031157e-03
5.381120e-01	-1.032088e-03
5.381376e-01	-1.032185e-03
5.381632e-01	-1.032516e-03
5.381888e-01	-1.032150e-03
5.382144e-01	-1.031652e-03
5.382400e-01	-1.030911e-03
5.382656e-01	-1.029594e-03
5.382912e-01	-1.028461e-03
5.383168e-01	-1.027009e-03
5.383424e-01	-1.024732e-03
5.383680e-01	-1.023012e-03
5.383936e-01	-1.020246e-03
5.384192e-01	-1.017281e-03
5.384448e-01	-1.014681e-03
5.384704e-01	-1.011425e-03
5.384960e-01	-1.007724e-03
5.385216e-01	-1.004193e-03
5.385472e-01	-1.000288e-03
5.385728e-01	-9.960181e-04
5.385984e-01	-9.915174e-04
5.386240e-01	-9.867998e-04
5.386496e-01	-9.814679e-04
5.386752e-01	-9.761506e-04
5.387008e-01	-9.707219e-04
5.387264e-01	-9.645206e-04
5.387520e-01	-9.583996e-04
5.387776e-01	-9.526112e-04
5.388032e-01	-9.457841e-04
5.388288e-01	-9.389541e-04
5.388544e-01	-9.316474e-04
5.388800e-01	-9.242514e-04
5.389056e-01	-9.169042e-04
5.389312e-01	-9.087046e-04
5.389568e-01	-9.009162e-04
5.389824e-01	-8.930475e-04
5.390080e-01	-8.841645e-04
5.390336e-01	-8.755032e-04
5.390592e-01	-8.666572e-04
5.390848e-01	-8.575922e-04
5.391104e-01	-8.483632e-04
5.391360e-01	-8.387519e-04
5.391616e-01	-8.285841e-04
5.391872e-01	-8.187306e-04
5.392128e-01	-8.080379e-04
5.392384e-01	-7.979483e-04
5.392640e-01	-7.872874e-04
5.392896e-01	-7.762333e-04
5.393152e-01	-7.654331e-04
5.393408e-01	-7.541600e-04
5.393664e-01	-7.428746e-04
5.393920e-01	-7.308847e-04
5.394176e-01	-7.193779e-04
5.394432e-01	-7.076166e-04
5.394688e-01	-6.952329e-04
5.394944e-01	-6.827185e-04
5.395200e-01	-6.700908e-04
5.395456e-01	-6.573699e-04
5.395712e-01	-6.443916e-04
5.395968e-01	-6.317901e-04
5.396224e-01	-6.187370e-04
5.396480e-01	-6.058353e-04
5.396736e-01	-5.917410e-04
5.396992e-01	-5.785373e-04
5.397248e-01	-5.645111e-04
5.397504e-01	-5.503612e-04
5.397760e-01	-5.369871e-04
5.398016e-01	-5.224845e-04
5.398272e-01	-5.080448e-04
5.398528e-01	-4.938525e-04
5.398784e-01	-4.791026e-04
5.399040e-01	-4.646000e-04
5.399296e-01	-4.502052e-04
5.399552e-01	-4.346241e-04
5.399808e-01	-4.200186e-04
5.400064e-01	-4.053107e-04
5.400320e-01	-3.899569e-04
5.400576e-01	-3.750084e-04
5.400832e-01	-3.593662e-04
5.401088e-01	-3.445267e-04
5.401344e-01	-3.284884e-04
5.401600e-01	-3.128855e-04
5.401856e-01	-2.978398e-04
5.402112e-01	-2.816799e-04
5.402368e-01	-2.660605e-04
5.402624e-01	-2.505207e-04
5.402880e-01	-2.342936e-04
5.403136e-01	-2.186803e-04
5.403392e-01	-2.026730e-04
5.403648e-01	-1.866550e-04
5.403904e-01	-1.704467e-04
5.404160e-01	-1.545699e-04
5.404416e-01	-1.384159e-04
5.404672e-01	-1.222024e-04
5.404928e-01	-1.060851e-04
5.405184e-01	-8.975682e-05
5.405440e-01	-7.407735e-05
5.405696e-01	-5.771598e-05
5.405952e-01	-4.129730e-05
5.406208e-01	-2.518810e-05
5.406464e-01	-8.689944e-06
5.406720e-01	7.091190e-06
5.406976e-01	2.318472e-05
5.407232e-01	3.975717e-05
5.407488e-01	5.597586e-05
5.407744e-01	7.186452e-05
5.408000e-01	8.792531e-05
5.408256e-01	1.036358e-04
5.408512e-01	1.198740e-04
5.408768e-01	1.358896e-04
5.409024e-01	1.519453e-04
5.409280e-01	1.677359e-04
5.409536e-01	1.837176e-04
5.409792e-01	1.994630e-04
5.410048e-01	2.152478e-04
5.410304e-01	2.309203e-04
5.410560e-01	2.464025e-04
5.410816e-01	2.618606e-04
5.411072e-01	2.775494e-04
5.411328e-01	2.932387e-04
5.411584e-01	3.084955e-04
5.411840e-01	3.233670e-04
5.412096e-01	3.385163e-04
5.412352e-01	3.538167e-04
5.412608e-01	3.682442e-04
5.412864e-01	3.833097e-04
5.413120e-01	3.979658e-04
5.413376e-01	4.123677e-04
5.413632e-01	4.273091e-04
5.413888e-01	4.413630e-04
5.414144e-01	4.559780e-04
5.414400e-01	4.701211e-04
5.414656e-01	4.843428e-04
5.414912e-01	4.979084e-04
5.415168e-01	5.120412e-04
5.415424e-01	5.254971e-04
5.415680e-01	5.386788e-04
5.415936e-01	5.525057e-04
5.416192e-01	5.655874e-04
5.416448e-01	5.790323e-04
5.416704e-01	5.918181e-04
5.416960e-01	6.044141e-04
5.417216e-01	6.175165e-04
5.417472e-01	6.299514e-04
5.417728e-01	6.421547e-04
5.417984e-01	6.543014e-04
5.418240e-01	6.664029e-04
5.418496e-01	6.781229e-04
5.418752e-01	6.900206e-04
5.419008e-01	7.012248e-04
5.419264e-01	7.126036e-04
5.419520e-01	7.238804e-04
5.419776e-01	7.349069e-04
5.420032e-01	7.453577e-04
5.420288e-01	7.557559e-04
5.420544e-01	7.668129e-04
5.420800e-01	7.769011e-04
5.421056e-01	7.860856e-04
5.421312e-01	7.965108e-04
5.421568e-01	8.063089e-04
5.421824e-01	8.153567e-04
5.422080e-01	8.246021e-04
5.422336e-01	8.334870e-04
5.422592e-01	8.423910e-04
5.422848e-01	8.509965e-04
5.423104e-01	8.592940e-04
5.423360e-01	8.674317e-04
5.423616e-01	8.754740e-04
5.423872e-01	8.832444e-04
5.424128e-01	8.902495e-04
5.424384e-01	8.981255e-04
5.424640e-01	9.045663e-04
5.424896e-01	9.112611e-04
5.425152e-01	9.181068e-04
5.425408e-01	9.241162e-04
5.425664e-01	9.309191e-04
5.425920e-01	9.368025e-04
5.426176e-01	9.421357e-04
5.426432e-01	9.475637e-04
5.426688e-01	9.527028e-04
5.426944e-01	9.576254e-04
5.427200e-01	9.623186e-04
5.427456e-01	9.671366e-04
5.427712e-01	9.707189e-04
5.427968e-01	9.745410e-04
5.428224e-01	9.783494e-04
5.428480e-01	9.819800e-04
5.428736e-01	9.848790e-04
5.428992e-01	9.881678e-04
5.429248e-01	9.910366e-04
5.429504e-01	9.933849e-04
5.429760e-01	9.958034e-04
5.430016e-01	9.977687e-04
5.430272e-01	9.997602e-04
5.430528e-01	1.000953e-03
5.430784e-01	1.002257e-03
5.431040e-01	1.003574e-03
5.431296e-01	1.003865e-03
5.431552e-01	1.004731e-03
5.431808e-01	1.004956e-03
5.432064e-01	1.005066e-03
5.432320e-01	1.005220e-03
5.432576e-01	1.003826e-03
5.432832e-01	1.003715e-03
5.433088e-01	1.003115e-03
5.433344e-01	1.001555e-03
5.433600e-01	1.000317e-03
5.433856e-01	9.981914e-04
5.434112e-01	9.967157e-04
5.434368e-01	9.940434e-04
5.434624e-01	9.919154e-04
5.434880e-01	9.890138e-04
5.435136e-01	9.860991e-04
5.435392e-01	9.829695e-04
5.435648e-01	9.791529e-04
5.435904e-01	9.758642e-04
5.436160e-01	9.720426e-04
5.436416e-01	9.679354e-04
5.436672e-01	9.634607e-04
5.436928e-01	9.586642e-04
5.437184e-01	9.538579e-04
5.437440e-01	9.489312e-04
5.437696e-01	9.435923e-04
5.437952e-01	9.379708e-04
5.438208e-01	9.320797e-04
5.438464e-01	9.260481e-04
5.438720e-01	9.198770e-04
5.438976e-01	9.132330e-04
5.439232e-01	9.066803e-04
5.439488e-01	8.988082e-04
5.439744e-01	8.918158e-04
5.440000e-01	8.848252e-04
5.440256e-01	8.769208e-04
5.440512e-01	8.687297e-04
5.440768e-01	8.607729e-04
5.441024e-01	8.520283e-04
5.441280e-01	8.434666e-04
5.441536e-01	8.352118e-04
5.441792e-01	8.254678e-04
5.442048e-01	8.159828e-04
5.442304e-01	8.065453e-04
5.442560e-01	7.972709e-04
5.442816e-01	7.874406e-04
5.443072e-01	7.770591e-04
5.443328e-01	7.670806e-04
5.443584e-01	7.562086e-04
5.443840e-01	7.456143e-04
5.444096e-01	7.348182e-04
5.444352e-01	7.236399e-04
5.444608e-01	7.117753e-04
5.444864e-01	7.009936e-04
5.445120e-01	6.891217e-04
5.445376e-01	6.765933e-04
5.445632e-01	6.652381e-04
5.445888e-01	6.524608e-04
5.446144e-01	6.397873e-04
5.446400e-01	6.278427e-04
5.446656e-01	6.145668e-04
5.446912e-01	6.020570e-04
5.447168e-01	5.889917e-04
5.447424e-01	5.751938e-04
5.447680e-01	5.623099e-04
5.447936e-01	5.485695e-04
5.448192e-01	5.347297e-04
5.448448e-01	5.208799e-04
5.448704e-01	5.067997e-04
5.448960e-01	4.927105e-04
5.449216e-01	4.783408e-04
5.449472e-01	4.640644e-04
5.449728e-01	4.489312e-04
5.449984e-01	4.341863e-04
5.450240e-01	4.191639e-04
5.450496e-01	4.047554e-04
5.450752e-01	3.895876e-04
5.451008e-01	3.743288e-04
5.451264e-01	3.593111e-04
5.451520e-01	3.441980e-04
5.451776e-01	3.281518e-04
5.452032e-01	3.125043e-04
5.452288e-01	2.971894e-04
5.452544e-01	2.805824e-04
5.452800e-01	2.653926e-04
5.453056e-01	2.490841e-04
5.453312e-01	2.333400e-04
5.453568e-01	2.175145e-04
5.453824e-01	2.006509e-04
5.454080e-01	1.848240e-04
5.454336e-01	1.681962e-04
5.454592e-01	1.523638e-04
5.454848e-01	1.357267e-04
5.455104e-01	1.194758e-04
5.455360e-01	1.029609e-04
5.455616e-01	8.644036e-05
5.455872e-01	6.964432e-05
5.456128e-01	5.318442e-05
5.456384e-01	3.679537e-05
5.456640e-01	1.982564e-05
5.456896e-01	3.129413e-06
5.457152e-01	-1.365601e-05
5.457408e-01	-3.024439e-05
5.457664e-01	-4.679937e-05
5.457920e-01	-6.324102e-05
5.458176e-01	-8.074883e-05
5.458432e-01	-9.733236e-05
5.458688e-01	-1.130774e-04
5.458944e-01	-1.303430e-04
5.459200e-01	-1.464851e-04
5.459456e-01	-1.633581e-04
5.459712e-01	-1.797741e-04
5.459968e-01	-1.960969e-04
5.460224e-01	-2.127888e-04
5.460480e-01	-2.288704e-04
5.460736e-01	-2.453949e-04
5.460992e-01	-2.617215e-04
5.461248e-01	-2.776449e-04
5.461504e-01	-2.942071e-04
5.461760e-01	-3.101225e-04
5.462016e-01	-3.258818e-04
5.462272e-01	-3.422331e-04
5.462528e-01	-3.578782e-04
5.462784e-01	-3.736621e-04
5.463040e-01	-3.894734e-04
5.463296e-01	-4.048621e-04
5.463552e-01	-4.202205e-04
5.463808e-01	-4.352855e-04
5.464064e-01	-4.510618e-04
5.464320e-01	-4.660749e-04
5.464576e-01	-4.813207e-04
5.464832e-01	-4.961673e-04
5.465088e-01	-5.106886e-04
5.465344e-01	-5.256305e-04
5.465600e-01	-5.397028e-04
5.465856e-01	-5.538288e-04
5.466112e-01	-5.682231e-04
5.466368e-01	-5.826778e-04
5.466624e-01	-5.964809e-04
5.466880e-01	-6.099771e-04
5.467136e-01	-6.237266e-04
5.467392e-01	-6.371085e-04
5.467648e-01	-6.508420e-04
5.467904e-01	-6.635778e-04
5.468160e-01	-6.765747e-04
5.468416e-01	-6.893767e-04
5.468672e-01	-7.019782e-04
5.468928e-01	-7.140080e-04
5.469184e-01	-7.262874e-04
5.469440e-01	-7.382575e-04
5.469696e-01	-7.499087e-04
5.469952e-01	-7.616120e-04
5.470208e-01	-7.726584e-04
5.470464e-01	-7.842127e-04
5.470720e-01	-7.954583e-04
5.470976e-01	-8.059813e-04
5.471232e-01	-8.165530e-04
5.471488e-01	-8.268501e-04
5.471744e-01	-8.370740e-04
5.472000e-01	-8.468466e-04
5.472256e-01	-8.569591e-04
5.472512e-01	-8.657803e-04
5.472768e-01	-8.750689e-04
5.473024e-01	-8.843633e-04
5.473280e-01	-8.925244e-04
5.473536e-01	-9.015293e-04
5.473792e-01	-9.092581e-04
5.474048e-01	-9.173187e-04
5.474304e-01	-9.250945e-04
5.474560e-01	-9.324156e-04
5.474816e-01	-9.397963e-04
5.475072e-01	-9.461377e-04
5.475328e-01	-9.531655e-04
5.475584e-01	-9.596620e-04
5.475840e-01	-9.659390e-04
5.476096e-01	-9.715148e-04
5.476352e-01	-9.772275e-04
5.476608e-01	-9.825013e-04
5.476864e-01	-9.881711e-04
5.477120e-01	-9.928084e-04
5.477376e-01	-9.971538e-04
5.477632e-01	-1.001784e-03
5.477888e-01	-1.005292e-03
5.478144e-01	-1.008948e-03
5.478400e-01	-1.012561e-03
5.478656e-01	-1.015863e-03
5.478912e-01	-1.018693e-03
5.479168e-01	-1.020924e-03
5.479424e-01	-1.023355e-03
5.479680e-01	-1.025603e-03
5.479936e-01	-1.027573e-03
5.480192e-01	-1.028588e-03
5.480448e-01	-1.029857e-03
5.480704e-01	-1.030971e-03
5.480960e-01	-1.031567e-03
5.481216e-01	-1.032142e-03
5.481472e-01	-1.032253e-03
5.481728e-01	-1.031864e-03
5.481984e-01	-1.031330e-03
5.482240e-01	-1.030731e-03
5.482496e-01	-1.029690e-03
5.482752e-01	-1.028211e-03
5.483008e-01	-1.027228e-03
5.483264e-01	-1.025440e-03
5.483520e-01	-1.022909e-03
5.483776e-01	-1.020427e-03
5.484032e-01	-1.018272e-03
5.484288e-01	-1.015323e-03
5.484544e-01	-1.011832e-03
5.484800e-01	-1.008338e-03
5.485056e-01	-1.004788e-03
5.485312e-01	-1.000745e-03
5.485568e-01	-9.963049e-04
5.485824e-01	-9.918864e-04
5.486080e-01	-9.871076e-04
5.486336e-01	-9.817224e-04
5.486592e-01	-9.768646e-04
5.486848e-01	-9.710246e-04
5.487104e-01	-9.648047e-04
5.487360e-01	-9.594373e-04
5.487616e-01	-9.534669e-04
5.487872e-01	-9.463326e-04
5.488128e-01	-9.394689e-04
5.488384e-01	-9.325030e-04
5.488640e-01	-9.247698e-04
5.488896e-01	-9.176271e-04
5.489152e-01	-9.097353e-04
5.489408e-01	-9.016159e-04
5.489664e-01	-8.937414e-04
5.489920e-01	-8.849578e-04
5.490176e-01	-8.766141e-04
5.490432e-01	-8.672756e-04
5.490688e-01	-8.584317e-04
5.490944e-01	-8.488324e-04
5.491200e-01	-8.393340e-04
5.491456e-01	-8.296548e-04
5.491712e-01	-8.193157e-04
5.491968e-01	-8.093040e-04
5.492224e-01	-7.985851e-04
5.492480e-01	-7.881421e-04
5.492736e-01	-7.775832e-04
5.492992e-01	-7.662820e-04
5.493248e-01	-7.551850e-04
5.493504e-01	-7.438814e-04
5.493760e-01	-7.320342e-04
5.494016e-01	-7.204707e-04
5.494272e-01	-7.085945e-04
5.494528e-01	-6.959313e-04
5.494784e-01	-6.844223e-04
5.495040e-01	-6.716438e-04
5.495296e-01	-6.587114e-04
5.495552e-01	-6.462446e-04
5.495808e-01	-6.330546e-04
5.496064e-01	-6.198156e-04
5.496320e-01	-6.068699e-04
5.496576e-01	-5.932259e-04
5.496832e-01	-5.797148e-04
5.497088e-01	-5.662761e-04
5.497344e-01	-5.520491e-04
5.497600e-01	-5.382532e-04
5.497856e-01	-5.240749e-04
5.498112e-01	-5.094212e-04
5.498368e-01	-4.948216e-04
5.498624e-01	-4.808441e-04
5.498880e-01	-4.665985e-04
5.499136e-01	-4.510303e-04
5.499392e-01	-4.367910e-04
5.499648e-01	-4.217210e-04
5.499904e-01	-4.067512e-04
5.500160e-01	-3.915883e-04
5.500416e-01	-3.761931e-04
5.500672e-01	-3.612610e-04
5.500928e-01	-3.456603e-04
5.501184e-01	-3.300018e-04
5.501440e-01	-3.148321e-04
5.501696e-01	-2.987062e-04
5.501952e-01	-2.830817e-04
5.502208e-01	-2.678172e-04
5.502464e-01	-2.514633e-04
5.502720e-01	-2.357733e-04
5.502976e-01	-2.199129e-04
5.503232e-01	-2.038695e-04
5.503488e-01	-1.878754e-04
5.503744e-01	-1.720716e-04
5.504000e-01	-1.558020e-04
5.504256e-01	-1.396670e-04
5.504512e-01	-1.239009e-04
5.504768e-01	-1.072243e-04
5.505024e-01	-9.188033e-05
5.505280e-01	-7.557745e-05
5.505536e-01	-5.875708e-05
5.505792e-01	-4.270222e-05
5.506048e-01	-2.704689e-05
5.506304e-01	-1.037438e-05
5.506560e-01	5.909126e-06
5.506816e-01	2.180838e-05
5.507072e-01	3.803835e-05
5.507328e-01	5.402312e-05
5.507584e-01	7.021103e-05
5.507840e-01	8.660094e-05
5.508096e-01	1.026624e-04
5.508352e-01	1.187923e-04
5.508608e-01	1.347542e-04
5.508864e-01	1.503537e-04
5.509120e-01	1.660418e-04
5.509376e-01	1.819182e-04
5.509632e-01	1.977570e-04
5.509888e-01	2.135144e-04
5.510144e-01	2.294448e-04
5.510400e-01	2.452079e-04
5.510656e-01	2.608178e-04
5.510912e-01	2.761447e-04
5.511168e-01	2.912479e-04
5.511424e-01	3.069888e-04
5.511680e-01	3.219115e-04
5.511936e-01	3.370004e-04
5.512192e-01	3.521764e-04
5.512448e-01	3.670022e-04
5.512704e-01	3.818242e-04
5.512960e-01	3.969151e-04
5.513216e-01	4.112661e-04
5.513472e-01	4.255910e-04
5.513728e-01	4.402447e-04
5.513984e-01	4.548777e-04
5.514240e-01	4.687226e-04
5.514496e-01	4.831626e-04
5.514752e-01	4.972068e-04
5.515008e-01	5.106370e-04
5.515264e-01	5.243161e-04
5.515520e-01	5.375100e-04
5.515776e-01	5.511803e-04
5.516032e-01	5.642843e-04
5.516288e-01	5.772919e-04
5.516544e-01	5.906391e-04
5.516800e-01	6.034264e-04
5.517056e-01	6.163357e-04
5.517312e-01	6.285691e-04
5.517568e-01	6.410233e-04
5.517824e-01	6.533249e-04
5.518080e-01	6.653243e-04
5.518336e-01	6.772159e-04
5.518592e-01	6.890403e-04
5.518848e-01	7.002706e-04
5.519104e-01	7.116874e-04
5.519360e-01	7.226793e-04
5.519616e-01	7.338993e-04
5.519872e-01	7.447009e-04
5.520128e-01	7.548829e-04
5.520384e-01	7.657450e-04
5.520640e-01	7.758466e-04
5.520896e-01	7.855980e-04
5.521152e-01	7.957416e-04
5.521408e-01	8.050898e-04
5.521664e-01	8.144666e-04
5.521920e-01	8.236169e-04
5.522176e-01	8.329262e-04
5.522432e-01	8.415700e-04
5.522688e-01	8.501091e-04
5.522944e-01	8.589845e-04
5.523200e-01	8.669111e-04
5.523456e-01	8.746895e-04
5.523712e-01	8.822366e-04
5.523968e-01	8.901557e-04
5.524224e-01	8.972631e-04
5.524480e-01	9.042940e-04
5.524736e-01	9.113490e-04
5.524992e-01	9.172358e-04
5.525248e-01	9.241324e-04
5.525504e-01	9.297575e-04
5.525760e-01	9.357627e-04
5.526016e-01	9.414085e-04
5.526272e-01	9.469094e-04
5.526528e-01	9.523733e-04
5.526784e-01	9.570190e-04
5.527040e-01	9.617837e-04
5.527296e-01	9.661115e-04
5.527552e-01	9.708882e-04
5.527808e-01	9.749224e-04
5.528064e-01	9.778087e-04
5.528320e-01	9.821967e-04
5.528576e-01	9.852344e-04
5.528832e-01	9.882479e-04
5.529088e-01	9.910644e-04
5.529344e-01	9.934268e-04
5.529600e-01	9.960588e-04
5.529856e-01	9.976904e-04
5.530112e-01	9.994097e-04
5.530368e-01	1.000847e-03
5.530624e-01	1.002454e-03
5.530880e-01	1.003191e-03
5.531136e-01	1.004260e-03
5.531392e-01	1.004944e-03
5.531648e-01	1.004863e-03
5.531904e-01	1.005460e-03
5.532160e-01	1.004351e-03
5.532416e-01	1.004462e-03
5.532672e-01	1.004179e-03
5.532928e-01	1.002772e-03
5.533184e-01	1.001543e-03
5.533440e-01	1.000542e-03
5.533696e-01	9.984163e-04
5.533952e-01	9.967064e-04
5.534208e-01	9.945872e-04
5.534464e-01	9.918582e-04
5.534720e-01	9.897019e-04
5.534976e-01	9.864459e-04
5.535232e-01	9.832135e-04
5.535488e-01	9.800030e-04
5.535744e-01	9.761854e-04
5.536000e-01	9.723104e-04
5.536256e-01	9.687885e-04
5.536512e-01	9.642554e-04
5.536768e-01	9.591348e-04
5.537024e-01	9.548077e-04
5.537280e-01	9.495834e-04
5.537536e-01	9.440435e-04
5.537792e-01	9.386150e-04
5.538048e-01	9.327288e-04
5.538304e-01	9.265780e-04
5.538560e-01	9.203820e-04
5.538816e-01	9.135728e-04
5.539072e-01	9.069902e-04
5.539328e-01	8.999882e-04
5.539584e-01	8.927942e-04
5.539840e-01	8.851636e-04
5.540096e-01	8.774261e-04
5.540352e-01	8.696619e-04
5.540608e-01	8.616254e-04
5.540864e-01	8.529534e-04
5.541120e-01	8.445155e-04
5.541376e-01	8.356794e-04
5.541632e-01	8.264772e-04
5.541888e-01	8.167620e-04
5.542144e-01	8.075851e-04
5.542400e-01	7.982815e-04
5.542656e-01	7.881255e-04
5.542912e-01	7.778956e-04
5.543168e-01	7.681458e-04
5.543424e-01	7.576578e-04
5.543680e-01	7.464572e-04
5.543936e-01	7.358182e-04
5.544192e-01	7.244516e-04
5.544448e-01	7.131260e-04
5.544704e-01	7.017813e-04
5.544960e-01	6.901551e-04
5.545216e-01	6.782117e-04
5.545472e-01	6.659175e-04
5.545728e-01	6.538915e-04
5.545984e-01	6.413513e-04
5.546240e-01	6.288158e-04
5.546496e-01	6.161311e-04
5.546752e-01	6.030161e-04
5.547008e-01	5.895486e-04
5.547264e-01	5.769528e-04
5.547520e-01	5.631748e-04
5.547776e-01	5.495978e-04
5.548032e-01	5.358792e-04
5.548288e-01	5.220535e-04
5.548544e-01	5.080618e-04
5.548800e-01	4.938028e-04
5.549056e-01	4.798684e-04
5.549312e-01	4.652601e-04
5.549568e-01	4.505882e-04
5.549824e-01	4.357770e-04
5.550080e-01	4.209953e-04
5.550336e-01	4.059501e-04
5.550592e-01	3.910130e-04
5.550848e-01	3.761574e-04
5.551104e-01	3.606738e-04
5.551360e-01	3.450698e-04
5.551616e-01	3.291719e-04
5.551872e-01	3.142790e-04
5.552128e-01	2.983524e-04
5.552384e-01	2.828020e-04
5.552640e-01	2.669580e-04
5.552896e-01	2.508682e-04
5.553152e-01	2.347944e-04
5.553408e-01	2.182495e-04
5.553664e-01	2.030954e-04
5.553920e-01	1.864771e-04
5.554176e-01	1.698546e-04
5.554432e-01	1.536521e-04
5.554688e-01	1.370715e-04
5.554944e-01	1.212054e-04
5.555200e-01	1.041411e-04
5.555456e-01	8.789955e-05
5.555712e-01	7.140738e-05
5.555968e-01	5.468797e-05
5.556224e-01	3.812205e-05
5.556480e-01	2.167457e-05
5.556736e-01	4.804741e-06
5.556992e-01	-1.201898e-05
5.557248e-01	-2.838035e-05
5.557504e-01	-4.508821e-05
5.557760e-01	-6.195580e-05
5.558016e-01	-7.859879e-05
5.558272e-01	-9.512567e-05
5.558528e-01	-1.119906e-04
5.558784e-01	-1.283510e-04
5.559040e-01	-1.449282e-04
5.559296e-01	-1.616508e-04
5.559552e-01	-1.779194e-04
5.559808e-01	-1.945142e-04
5.560064e-01	-2.108796e-04
5.560320e-01	-2.278061e-04
5.560576e-01	-2.436480e-04
5.560832e-01	-2.601512e-04
5.561088e-01	-2.762806e-04
5.561344e-01	-2.922223e-04
5.561600e-01	-3.087560e-04
5.561856e-01	-3.245874e-04
5.562112e-01	-3.407559e-04
5.562368e-01	-3.562520e-04
5.562624e-01	-3.717004e-04
5.562880e-01	-3.881285e-04
5.563136e-01	-4.031531e-04
5.563392e-01	-4.187049e-04
5.563648e-01	-4.343461e-04
5.563904e-01	-4.493347e-04
5.564160e-01	-4.648077e-04
5.564416e-01	-4.795342e-04
5.564672e-01	-4.944134e-04
5.564928e-01	-5.089700e-04
5.565184e-01	-5.238223e-04
5.565440e-01	-5.387631e-04
5.565696e-01	-5.525684e-04
5.565952e-01	-5.671405e-04
5.566208e-01	-5.810789e-04
5.566464e-01	-5.950824e-04
5.566720e-01	-6.088849e-04
5.566976e-01	-6.224032e-04
5.567232e-01	-6.355596e-04
5.567488e-01	-6.488963e-04
5.567744e-01	-6.623854e-04
5.568000e-01	-6.751753e-04
5.568256e-01	-6.880336e-04
5.568512e-01	-7.009091e-04
5.568768e-01	-7.126937e-04
5.569024e-01	-7.249951e-04
5.569280e-01	-7.373694e-04
5.569536e-01	-7.488022e-04
5.569792e-01	-7.603452e-04
5.570048e-01	-7.717233e-04
5.570304e-01	-7.832760e-04
5.570560e-01	-7.940010e-04
5.570816e-01	-8.044200e-04
5.571072e-01	-8.157179e-04
5.571328e-01	-8.256473e-04
5.571584e-01	-8.361638e-04
5.571840e-01	-8.460757e-04
5.572096e-01	-8.555946e-04
5.572352e-01	-8.651516e-04
5.572608e-01	-8.738886e-04
5.572864e-01	-8.828543e-04
5.573120e-01	-8.919686e-04
5.573376e-01	-9.002856e-04
5.573632e-01	-9.084312e-04
5.573888e-01	-9.165748e-04
5.574144e-01	-9.242499e-04
5.574400e-01	-9.318986e-04
5.574656e-01	-9.389470e-04
5.574912e-01	-9.458104e-04
5.575168e-01	-9.527893e-04
5.575424e-01	-9.590210e-04
5.575680e-01	-9.653261e-04
5.575936e-01	-9.711448e-04
5.576192e-01	-9.768599e-04
5.576448e-01	-9.819465e-04
5.576704e-01	-9.872231e-04
5.576960e-01	-9.920956e-04
5.577216e-01	-9.966691e-04
5.577472e-01	-1.001140e-03
5.577728e-01	-1.004985e-03
5.577984e-01	-1.008867e-03
5.578240e-01	-1.012655e-03
5.578496e-01	-1.015495e-03
5.578752e-01	-1.018394e-03
5.579008e-01	-1.021359e-03
5.579264e-01	-1.023146e-03
5.579520e-01	-1.025436e-03
5.579776e-01	-1.027441e-03
5.580032e-01	-1.028614e-03
5.580288e-01	-1.030012e-03
5.580544e-01	-1.030877e-03
5.580800e-01	-1.032111e-03
5.581056e-01	-1.032047e-03
5.581312e-01	-1.032440e-03
5.581568e-01	-1.032192e-03
5.581824e-01	-1.031634e-03
5.582080e-01	-1.031057e-03
5.582336e-01	-1.030168e-03
5.582592e-01	-1.028620e-03
5.582848e-01	-1.027085e-03
5.583104e-01	-1.025765e-03
5.583360e-01	-1.022996e-03
5.583616e-01	-1.021071e-03
5.583872e-01	-1.017967e-03
5.584128e-01	-1.015091e-03
5.584384e-01	-1.012257e-03
5.584640e-01	-1.008247e-03
5.584896e-01	-1.005014e-03
5.585152e-01	-1.000762e-03
5.585408e-01	-9.969695e-04
5.585664e-01	-9.924989e-04
5.585920e-01	-9.879249e-04
5.586176e-01	-9.826557e-04
5.586432e-01	-9.773350e-04
5.586688e-01	-9.717163e-04
5.586944e-01	-9.654908e-04
5.587200e-01	-9.598531e-04
5.587456e-01	-9.535152e-04
5.587712e-01	-9.471321e-04
5.587968e-01	-9.402539e-04
5.588224e-01	-9.329268e-04
5.588480e-01	-9.262777e-04
5.588736e-01	-9.188849e-04
5.588992e-01	-9.104179e-04
5.589248e-01	-9.021629e-04
5.589504e-01	-8.946754e-04
5.589760e-01	-8.860527e-04
5.590016e-01	-8.773117e-04
5.590272e-01	-8.684489e-04
5.590528e-01	-8.593980e-04
5.590784e-01	-8.498089e-04
5.591040e-01	-8.401879e-04
5.591296e-01	-8.305191e-04
5.591552e-01	-8.203358e-04
5.591808e-01	-8.101178e-04
5.592064e-01	-7.999655e-04
5.592320e-01	-7.893542e-04
5.592576e-01	-7.784129e-04
5.592832e-01	-7.676113e-04
5.593088e-01	-7.560627e-04
5.593344e-01	-7.449007e-04
5.593600e-01	-7.331932e-04
5.593856e-01	-7.215088e-04
5.594112e-01	-7.098146e-04
5.594368e-01	-6.968306e-04
5.594624e-01	-6.854118e-04
5.594880e-01	-6.727360e-04
5.595136e-01	-6.603440e-04
5.595392e-01	-6.472336e-04
5.595648e-01	-6.339398e-04
5.595904e-01	-6.213570e-04
5.596160e-01	-6.078854e-04
5.596416e-01	-5.946278e-04
5.596672e-01	-5.806948e-04
5.596928e-01	-5.671458e-04
5.597184e-01	-5.532540e-04
5.597440e-01	-5.390048e-04
5.597696e-01	-5.253530e-04
5.597952e-01	-5.107084e-04
5.598208e-01	-4.965701e-04
5.598464e-01	-4.820783e-04
5.598720e-01	-4.677142e-04
5.598976e-01	-4.528975e-04
5.599232e-01	-4.378938e-04
5.599488e-01	-4.231311e-04
5.599744e-01	-4.080603e-04
5.600000e-01	-3.931054e-04
5.600256e-01	-3.776457e-04
5.600512e-01	-3.627207e-04
5.600768e-01	-3.474148e-04
5.601024e-01	-3.314141e-04
5.601280e-01	-3.159652e-04
5.601536e-01	-3.005298e-04
5.601792e-01	-2.848430e-04
5.602048e-01	-2.690011e-04
5.602304e-01	-2.533301e-04
5.602560e-01	-2.373336e-04
5.602816e-01	-2.217086e-04
5.603072e-01	-2.054667e-04
5.603328e-01	-1.899484e-04
5.603584e-01	-1.737216e-04
5.603840e-01	-1.574958e-04
5.604096e-01	-1.416651e-04
5.604352e-01	-1.251756e-04
5.604608e-01	-1.090574e-04
5.604864e-01	-9.303899e-05
5.605120e-01	-7.700984e-05
5.605376e-01	-6.057970e-05
5.605632e-01	-4.437672e-05
5.605888e-01	-2.846649e-05
5.606144e-01	-1.198307e-05
5.606400e-01	4.019425e-06
5.606656e-01	2.005322e-05
5.606912e-01	3.654143e-05
5.607168e-01	5.278598e-05
5.607424e-01	6.884688e-05
5.607680e-01	8.507381e-05
5.607936e-01	1.012311e-04
5.608192e-01	1.171008e-04
5.608448e-01	1.329303e-04
5.608704e-01	1.492815e-04
5.608960e-01	1.648510e-04
5.609216e-01	1.812086e-04
5.609472e-01	1.966063e-04
5.609728e-01	2.117954e-04
5.609984e-01	2.282142e-04
5.610240e-01	2.436031e-04
5.610496e-01	2.587198e-04
5.610752e-01	2.746108e-04
5.611008e-01	2.898647e-04
5.611264e-01	3.052771e-04
5.611520e-01	3.205255e-04
5.611776e-01	3.354722e-04
5.612032e-01	3.506823e-04
5.612288e-01	3.655351e-04
5.612544e-01	3.806968e-04
5.612800e-01	3.953572e-04
5.613056e-01	4.098718e-04
5.613312e-01	4.245636e-04
5.613568e-01	4.387590e-04
5.613824e-01	4.532862e-04
5.614080e-01	4.671259e-04
5.614336e-01	4.811069e-04
5.614592e-01	4.955079e-04
5.614848e-01	5.099264e-04
5.615104e-01	5.227877e-04
5.615360e-01	5.365740e-04
5.615616e-01	5.499843e-04
5.615872e-01	5.629514e-04
5.616128e-01	5.764015e-04
5.616384e-01	5.890652e-04
5.616640e-01	6.023459e-04
5.616896e-01	6.150086e-04
5.617152e-01	6.273059e-04
5.617408e-01	6.395820e-04
5.617664e-01	6.515516e-04
5.617920e-01	6.641097e-04
5.618176e-01	6.763041e-04
5.618432e-01	6.876690e-04
5.618688e-01	6.988020e-04
5.618944e-01	7.106655e-04
5.619200e-01	7.215903e-04
5.619456e-01	7.322760e-04
5.619712e-01	7.434582e-04
5.619968e-01	7.541951e-04
5.620224e-01	7.641893e-04
5.620480e-01	7.748636e-04
5.620736e-01	7.845645e-04
5.620992e-01	7.945272e-04
5.621248e-01	8.044678e-04
5.621504e-01	8.133353e-04
5.621760e-01	8.228529e-04
5.622016e-01	8.318824e-04
5.622272e-01	8.407435e-04
5.622528e-01	8.491522e-04
5.622784e-01	8.576325e-04
5.623040e-01	8.656388e-04
5.623296e-01	8.734168e-04
5.623552e-01	8.817512e-04
5.623808e-01	8.888491e-04
5.624064e-01	8.964860e-04
5.624320e-01	9.035078e-04
5.624576e-01	9.103570e-04
5.624832e-01	9.170879e-04
5.625088e-01	9.232686e-04
5.625344e-01	9.293696e-04
5.625600e-01	9.353426e-04
5.625856e-01	9.408693e-04
5.626112e-01	9.466392e-04
5.626368e-01	9.517529e-04
5.626624e-01	9.565503e-04
5.626880e-01	9.613154e-04
5.627136e-01	9.659231e-04
5.627392e-01	9.700218e-04
5.627648e-01	9.739500e-04
5.627904e-01	9.782133e-04
5.628160e-01	9.812305e-04
5.628416e-01	9.843635e-04
5.628672e-01	9.880607e-04
5.628928e-01	9.905823e-04
5.629184e-01	9.929723e-04
5.629440e-01	9.953569e-04
5.629696e-01	9.973651e-04
5.629952e-01	9.992525e-04
5.630208e-01	1.000986e-03
5.630464e-01	1.001943e-03
5.630720e-01	1.003536e-03
5.630976e-01	1.004465e-03
5.631232e-01	1.004831e-03
5.631488e-01	1.004903e-03
5.631744e-01	1.004991e-03
5.632000e-01	1.005250e-03
5.632256e-01	1.004893e-03
5.632512e-01	1.003927e-03
5.632768e-01	1.002920e-03
5.633024e-01	1.002147e-03
5.633280e-01	1.000396e-03
5.633536e-01	9.985327e-04
5.633792e-01	9.969303e-04
5.634048e-01	9.945519e-04
5.634304e-01	9.921388e-04
5.634560e-01	9.894320e-04
5.634816e-01	9.871359e-04
5.635072e-01	9.837651e-04
5.635328e-01	9.804963e-04
5.635584e-01	9.767886e-04
5.635840e-01	9.726465e-04
5.636096e-01	9.688115e-04
5.636352e-01	9.643158e-04
5.636608e-01	9.597340e-04
5.636864e-01	9.548477e-04
5.637120e-01	9.496435e-04
5.637376e-01	9.440631e-04
5.637632e-01	9.388576e-04
5.637888e-01	9.334544e-04
5.638144e-01	9.267484e-04
5.638400e-01	9.207061e-04
5.638656e-01	9.142469e-04
5.638912e-01	9.075128e-04
5.639168e-01	9.003184e-04
5.639424e-01	8.930265e-04
5.639680e-01	8.857928e-04
5.639936e-01	8.776971e-04
5.640192e-01	8.701581e-04
5.640448e-01	8.620308e-04
5.640704e-01	8.538137e-04
5.640960e-01	8.454917e-04
5.641216e-01	8.362343e-04
5.641472e-01	8.274091e-04
5.641728e-01	8.183065e-04
5.641984e-01	8.089921e-04
5.642240e-01	7.989848e-04
5.642496e-01	7.892502e-04
5.642752e-01	7.790753e-04
5.643008e-01	7.690014e-04
5.643264e-01	7.583453e-04
5.643520e-01	7.474570e-04
5.643776e-01	7.363811e-04
5.644032e-01	7.256623e-04
5.644288e-01	7.142887e-04
5.644544e-01	7.025739e-04
5.644800e-01	6.911329e-04
5.645056e-01	6.789941e-04
5.645312e-01	6.672596e-04
5.645568e-01	6.548801e-04
5.645824e-01	6.424989e-04
5.646080e-01	6.299269e-04
5.646336e-01	6.170367e-04
5.646592e-01	6.042699e-04
5.646848e-01	5.909734e-04
5.647104e-01	5.780057e-04
5.647360e-01	5.642910e-04
5.647616e-01	5.511353e-04
5.647872e-01	5.371923e-04
5.648128e-01	5.235293e-04
5.648384e-01	5.096700e-04
5.648640e-01	4.947181e-04
5.648896e-01	4.808857e-04
5.649152e-01	4.664903e-04
5.649408e-01	4.520241e-04
5.649664e-01	4.375409e-04
5.649920e-01	4.220841e-04
5.650176e-01	4.078204e-04
5.650432e-01	3.927098e-04
5.650688e-01	3.770418e-04
5.650944e-01	3.620616e-04
5.651200e-01	3.465179e-04
5.651456e-01	3.312582e-04
5.651712e-01	3.155247e-04
5.651968e-01	2.996711e-04
5.652224e-01	2.843227e-04
5.652480e-01	2.684122e-04
5.652736e-01	2.525248e-04
5.652992e-01	2.360424e-04
5.653248e-01	2.204420e-04
5.653504e-01	2.041307e-04
5.653760e-01	1.875278e-04
5.654016e-01	1.717133e-04
5.654272e-01	1.556910e-04
5.654528e-01	1.387951e-04
5.654784e-01	1.224776e-04
5.655040e-01	1.058611e-04
5.655296e-01	8.927443e-05
5.655552e-01	7.315154e-05
5.655808e-01	5.611083e-05
5.656064e-01	3.982256e-05
5.656320e-01	2.314056e-05
5.656576e-01	6.246316e-06
5.656832e-01	-1.026259e-05
5.657088e-01	-2.669740e-05
5.657344e-01	-4.375180e-05
5.657600e-01	-6.058248e-05
5.657856e-01	-7.647973e-05
5.658112e-01	-9.386579e-05
5.658368e-01	-1.101193e-04
5.658624e-01	-1.264334e-04
5.658880e-01	-1.435819e-04
5.659136e-01	-1.602614e-04
5.659392e-01	-1.761265e-04
5.659648e-01	-1.931496e-04
5.659904e-01	-2.097015e-04
5.660160e-01	-2.256934e-04
5.660416e-01	-2.422851e-04
5.660672e-01	-2.583430e-04
5.660928e-01	-2.745994e-04
5.661184e-01	-2.908485e-04
5.661440e-01	-3.071375e-04
5.661696e-01	-3.229811e-04
5.661952e-01	-3.385663e-04
5.662208e-01	-3.546538e-04
5.662464e-01	-3.705354e-04
5.662720e-01	-3.867637e-04
5.662976e-01	-4.023300e-04
5.663232e-01	-4.174117e-04
5.663488e-01	-4.326811e-04
5.663744e-01	-4.482698e-04
5.664000e-01	-4.634233e-04
5.664256e-01	-4.785589e-04
5.664512e-01	-4.934144e-04
5.664768e-01	-5.077829e-04
5.665024e-01	-5.226168e-04
5.665280e-01	-5.371452e-04
5.665536e-01	-5.513351e-04
5.665792e-01	-5.658293e-04
5.666048e-01	-5.798494e-04
5.666304e-01	-5.938318e-04
5.666560e-01	-6.076272e-04
5.666816e-01	-6.211794e-04
5.667072e-01	-6.344584e-04
5.667328e-01	-6.483669e-04
5.667584e-01	-6.606409e-04
5.667840e-01	-6.737477e-04
5.668096e-01	-6.873147e-04
5.668352e-01	-6.988688e-04
5.668608e-01	-7.117573e-04
5.668864e-01	-7.240195e-04
5.669120e-01	-7.356249e-04
5.669376e-01	-7.481133e-04
5.669632e-01	-7.595831e-04
5.669888e-01	-7.707803e-04
5.670144e-01	-7.818433e-04
5.670400e-01	-7.929793e-04
5.670656e-01	-8.038934e-04
5.670912e-01	-8.145686e-04
5.671168e-01	-8.249826e-04
5.671424e-01	-8.352472e-04
5.671680e-01	-8.450027e-04
5.671936e-01	-8.544878e-04
5.672192e-01	-8.641517e-04
5.672448e-01	-8.734150e-04
5.672704e-01	-8.823622e-04
5.672960e-01	-8.912483e-04
5.673216e-01	-8.994307e-04
5.673472e-01	-9.079992e-04
5.673728e-01	-9.158763e-04
5.673984e-01	-9.235373e-04
5.674240e-01	-9.309565e-04
5.674496e-01	-9.383484e-04
5.674752e-01	-9.452199e-04
5.675008e-01	-9.518521e-04
5.675264e-01	-9.584696e-04
5.675520e-01	-9.643917e-04
5.675776e-01	-9.706300e-04
5.676032e-01	-9.765175e-04
5.676288e-01	-9.816561e-04
5.676544e-01	-9.869045e-04
5.676800e-01	-9.916105e-04
5.677056e-01	-9.961749e-04
5.677312e-01	-1.000386e-03
5.677568e-01	-1.004703e-03
5.677824e-01	-1.008552e-03
5.678080e-01	-1.011683e-03
5.678336e-01	-1.015191e-03
5.678592e-01	-1.018270e-03
5.678848e-01	-1.020666e-03
5.679104e-01	-1.022902e-03
5.679360e-01	-1.025100e-03
5.679616e-01	-1.027369e-03
5.679872e-01	-1.028810e-03
5.680128e-01	-1.030090e-03
5.680384e-01	-1.030876e-03
5.680640e-01	-1.031676e-03
5.680896e-01	-1.032121e-03
5.681152e-01	-1.032277e-03
5.681408e-01	-1.031705e-03
5.681664e-01	-1.031546e-03
5.681920e-01	-1.031113e-03
5.682176e-01	-1.029842e-03
5.682432e-01	-1.028667e-03
5.682688e-01	-1.027347e-03
5.682944e-01	-1.025748e-03
5.683200e-01	-1.023559e-03
5.683456e-01	-1.020778e-03
5.683712e-01	-1.018300e-03
5.683968e-01	-1.015554e-03
5.684224e-01	-1.012500e-03
5.684480e-01	-1.009192e-03
5.684736e-01	-1.005338e-03
5.684992e-01	-1.001519e-03
5.685248e-01	-9.974835e-04
5.685504e-01	-9.927326e-04
5.685760e-01	-9.880497e-04
5.686016e-01	-9.831411e-04
5.686272e-01	-9.778258e-04
5.686528e-01	-9.720203e-04
5.686784e-01	-9.668400e-04
5.687040e-01	-9.607952e-04
5.687296e-01	-9.540889e-04
5.687552e-01	-9.476652e-04
5.687808e-01	-9.409495e-04
5.688064e-01	-9.341097e-04
5.688320e-01	-9.264746e-04
5.688576e-01	-9.189540e-04
5.688832e-01	-9.116906e-04
5.689088e-01	-9.033681e-04
5.689344e-01	-8.952653e-04
5.689600e-01	-8.869006e-04
5.689856e-01	-8.781622e-04
5.690112e-01	-8.691470e-04
5.690368e-01	-8.603257e-04
5.690624e-01	-8.508968e-04
5.690880e-01	-8.413165e-04
5.691136e-01	-8.313774e-04
5.691392e-01	-8.217358e-04
5.691648e-01	-8.114121e-04
5.691904e-01	-8.006458e-04
5.692160e-01	-7.906154e-04
5.692416e-01	-7.795398e-04
5.692672e-01	-7.683226e-04
5.692928e-01	-7.576232e-04
5.693184e-01	-7.460987e-04
5.693440e-01	-7.347522e-04
5.693696e-01	-7.228389e-04
5.693952e-01	-7.108297e-04
5.694208e-01	-6.986913e-04
5.694464e-01	-6.861822e-04
5.694720e-01	-6.741585e-04
5.694976e-01	-6.611990e-04
5.695232e-01	-6.483104e-04
5.695488e-01	-6.359225e-04
5.695744e-01	-6.223717e-04
5.696000e-01	-6.091390e-04
5.696256e-01	-5.955005e-04
5.696512e-01	-5.815615e-04
5.696768e-01	-5.684173e-04
5.697024e-01	-5.545659e-04
5.697280e-01	-5.403782e-04
5.697536e-01	-5.266186e-04
5.697792e-01	-5.119356e-04
5.698048e-01	-4.975777e-04
5.698304e-01	-4.837797e-04
5.698560e-01	-4.688539e-04
5.698816e-01	-4.539021e-04
5.699072e-01	-4.394958e-04
5.699328e-01	-4.243803e-04
5.699584e-01	-4.096156e-04
5.699840e-01	-3.942495e-04
5.700096e-01	-3.791163e-04
5.700352e-01	-3.639940e-04
5.700608e-01	-3.484849e-04
5.700864e-01	-3.326792e-04
5.701120e-01	-3.178265e-04
5.701376e-01	-3.020673e-04
5.701632e-01	-2.863758e-04
5.701888e-01	-2.707266e-04
5.702144e-01	-2.543798e-04
5.702400e-01	-2.391144e-04
5.702656e-01	-2.234878e-04
5.702912e-01	-2.073260e-04
5.703168e-01	-1.911015e-04
5.703424e-01	-1.756256e-04
5.703680e-01	-1.587572e-04
5.703936e-01	-1.427666e-04
5.704192e-01	-1.272209e-04
5.704448e-01	-1.106915e-04
5.704704e-01	-9.489668e-05
5.704960e-01	-7.800145e-05
5.705216e-01	-6.241537e-05
5.705472e-01	-4.572159e-05
5.705728e-01	-2.968468e-05
5.705984e-01	-1.403714e-05
5.706240e-01	2.778016e-06
5.706496e-01	1.883434e-05
5.706752e-01	3.501445e-05
5.707008e-01	5.113927e-05
5.707264e-01	6.707645e-05
5.707520e-01	8.333640e-05
5.707776e-01	9.953629e-05
5.708032e-01	1.152690e-04
5.708288e-01	1.310132e-04
5.708544e-01	1.474297e-04
5.708800e-01	1.633314e-04
5.709056e-01	1.794022e-04
5.709312e-01	1.950301e-04
5.709568e-01	2.105470e-04
5.709824e-01	2.265393e-04
5.710080e-01	2.422293e-04
5.710336e-01	2.574397e-04
5.710592e-01	2.729215e-04
5.710848e-01	2.886760e-04
5.711104e-01	3.039330e-04
5.711360e-01	3.189090e-04
5.711616e-01	3.341580e-04
5.711872e-01	3.494698e-04
5.712128e-01	3.644009e-04
5.712384e-01	3.789468e-04
5.712640e-01	3.938382e-04
5.712896e-01	4.084466e-04
5.713152e-01	4.228008e-04
5.713408e-01	4.373757e-04
5.713664e-01	4.520082e-04
5.713920e-01	4.657991e-04
5.714176e-01	4.801790e-04
5.714432e-01	4.942359e-04
5.714688e-01	5.080173e-04
5.714944e-01	5.215834e-04
5.715200e-01	5.350388e-04
5.715456e-01	5.486443e-04
5.715712e-01	5.615500e-04
5.715968e-01	5.748437e-04
5.716224e-01	5.882569e-04
5.716480e-01	6.013945e-04
5.716736e-01	6.138444e-04
5.716992e-01	6.263268e-04
5.717248e-01	6.389989e-04
5.717504e-01	6.509162e-04
5.717760e-01	6.630214e-04
5.718016e-01	6.745080e-04
5.718272e-01	6.864895e-04
5.718528e-01	6.978490e-04
5.718784e-01	7.093467e-04
5.719040e-01	7.203647e-04
5.719296e-01	7.314490e-04
5.719552e-01	7.424435e-04
5.719808e-01	7.531233e-04
5.720064e-01	7.637750e-04
5.720320e-01	7.736123e-04
5.720576e-01	7.837164e-04
5.720832e-01	7.937213e-04
5.721088e-01	8.035346e-04
5.721344e-01	8.129690e-04
5.721600e-01	8.220896e-04
5.721856e-01	8.309972e-04
5.722112e-01	8.399910e-04
5.722368e-01	8.485068e-04
5.722624e-01	8.566182e-04
5.722880e-01	8.652865e-04
5.723136e-01	8.730132e-04
5.723392e-01	8.809098e-04
5.723648e-01	8.883093e-04
5.723904e-01	8.960018e-04
5.724160e-01	9.032661e-04
5.724416e-01	9.095333e-04
5.724672e-01	9.164131e-04
5.724928e-01	9.230004e-04
5.725184e-01	9.288223e-04
5.725440e-01	9.347658e-04
5.725696e-01	9.403413e-04
5.725952e-01	9.462651e-04
5.726208e-01	9.509442e-04
5.726464e-01	9.559741e-04
5.726720e-01	9.615523e-04
5.726976e-01	9.654396e-04
5.727232e-01	9.697280e-04
5.727488e-01	9.736251e-04
5.727744e-01	9.775548e-04
5.728000e-01	9.814491e-04
5.728256e-01	9.842722e-04
5.728512e-01	9.873639e-04
5.728768e-01	9.903797e-04
5.729024e-01	9.928663e-04
5.729280e-01	9.950721e-04
5.729536e-01	9.973201e-04
5.729792e-01	9.990149e-04
5.730048e-01	1.000868e-03
5.730304e-01	1.002060e-03
5.730560e-01	1.003684e-03
5.730816e-01	1.004166e-03
5.731072e-01	1.004470e-03
5.731328e-01	1.005215e-03
5.731584e-01	1.005251e-03
5.731840e-01	1.005012e-03
5.732096e-01	1.004498e-03
5.732352e-01	1.004142e-03
5.732608e-01	1.003312e-03
5.732864e-01	1.001890e-03
5.733120e-01	1.000453e-03
5.733376e-01	9.989167e-04
5.733632e-01	9.966596e-04
5.733888e-01	9.947547e-04
5.734144e-01	9.927264e-04
5.734400e-01	9.901786e-04
5.734656e-01	9.874257e-04
5.734912e-01	9.840539e-04
5.735168e-01	9.810849e-04
5.735424e-01	9.770396e-04
5.735680e-01	9.732340e-04
5.735936e-01	9.690246e-04
5.736192e-01	9.646790e-04
5.736448e-01	9.604621e-04
5.736704e-01	9.554222e-04
5.736960e-01	9.506418e-04
5.737216e-01	9.451815e-04
5.737472e-01	9.393969e-04
5.737728e-01	9.341429e-04
5.737984e-01	9.277417e-04
5.738240e-01	9.214358e-04
5.738496e-01	9.148794e-04
5.738752e-01	9.081948e-04
5.739008e-01	9.013181e-04
5.739264e-01	8.942455e-04
5.739520e-01	8.869611e-04
5.739776e-01	8.787027e-04
5.740032e-01	8.710884e-04
5.740288e-01	8.632157e-04
5.740544e-01	8.542833e-04
5.740800e-01	8.460165e-04
5.741056e-01	8.370841e-04
5.741312e-01	8.279344e-04
5.741568e-01	8.190226e-04
5.741824e-01	8.095463e-04
5.742080e-01	7.999096e-04
5.742336e-01	7.906496e-04
5.742592e-01	7.802141e-04
5.742848e-01	7.697360e-04
5.743104e-01	7.593437e-04
5.743360e-01	7.487441e-04
5.743616e-01	7.375873e-04
5.743872e-01	7.268221e-04
5.744128e-01	7.154690e-04
5.744384e-01	7.035559e-04
5.744640e-01	6.925507e-04
5.744896e-01	6.807774e-04
5.745152e-01	6.688065e-04
5.745408e-01	6.564771e-04
5.745664e-01	6.438873e-04
5.745920e-01	6.311917e-04
5.746176e-01	6.185750e-04
5.746432e-01	6.057238e-04
5.746688e-01	5.922149e-04
5.746944e-01	5.793489e-04
5.747200e-01	5.660070e-04
5.747456e-01	5.523572e-04
5.747712e-01	5.388260e-04
5.747968e-01	5.250296e-04
5.748224e-01	5.109468e-04
5.748480e-01	4.970346e-04
5.748736e-01	4.821569e-04
5.748992e-01	4.682924e-04
5.749248e-01	4.533684e-04
5.749504e-01	4.388054e-04
5.749760e-01	4.238568e-04
5.750016e-01	4.086536e-04
5.750272e-01	3.939137e-04
5.750528e-01	3.784190e-04
5.750784e-01	3.635446e-04
5.751040e-01	3.479746e-04
5.751296e-01	3.328513e-04
5.751552e-01	3.170313e-04
5.751808e-01	3.013830e-04
5.752064e-01	2.858372e-04
5.752320e-01	2.700519e-04
5.752576e-01	2.539805e-04
5.752832e-01	2.376027e-04
5.753088e-01	2.220583e-04
5.753344e-01	2.058188e-04
5.753600e-01	1.891825e-04
5.753856e-01	1.726818e-04
5.754112e-01	1.570563e-04
5.754368e-01	1.401677e-04
5.754624e-01	1.239975e-04
5.754880e-01	1.071023e-04
5.755136e-01	9.082871e-05
5.755392e-01	7.487455e-05
5.755648e-01	5.764388e-05
5.755904e-01	4.139416e-05
5.756160e-01	2.477845e-05
5.756416e-01	7.833549e-06
5.756672e-01	-8.596695e-06
5.756928e-01	-2.511163e-05
5.757184e-01	-4.235655e-05
5.757440e-01	-5.868070e-05
5.757696e-01	-7.547990e-05
5.757952e-01	-9.225721e-05
5.758208e-01	-1.083141e-04
5.758464e-01	-1.254464e-04
5.758720e-01	-1.417183e-04
5.758976e-01	-1.584995e-04
5.759232e-01	-1.750306e-04
5.759488e-01	-1.915249e-04
5.759744e-01	-2.080879e-04
5.760000e-01	-2.240677e-04
5.760256e-01	-2.406486e-04
5.760512e-01	-2.569006e-04
5.760768e-01	-2.730688e-04
5.761024e-01	-2.899102e-04
5.761280e-01	-3.054146e-04
5.761536e-01	-3.213686e-04
5.761792e-01	-3.380309e-04
5.762048e-01	-3.533131e-04
5.762304e-01	-3.686649e-04
5.762560e-01	-3.847811e-04
5.762816e-01	-4.004991e-04
5.763072e-01	-4.160112e-04
5.763328e-01	-4.315366e-04
5.763584e-01	-4.471068e-04
5.763840e-01	-4.618068e-04
5.764096e-01	-4.769340e-04
5.764352e-01	-4.918973e-04
5.764608e-01	-5.066367e-04
5.764864e-01	-5.215327e-04
5.765120e-01	-5.362639e-04
5.765376e-01	-5.500658e-04
5.765632e-01	-5.645928e-04
5.765888e-01	-5.785910e-04
5.766144e-01	-5.922853e-04
5.766400e-01	-6.067597e-04
5.766656e-01	-6.201423e-04
5.766912e-01	-6.334808e-04
5.767168e-01	-6.463777e-04
5.767424e-01	-6.599596e-04
5.767680e-01	-6.730852e-04
5.767936e-01	-6.853262e-04
5.768192e-01	-6.983033e-04
5.768448e-01	-7.105991e-04
5.768704e-01	-7.231867e-04
5.768960e-01	-7.350080e-04
5.769216e-01	-7.465340e-04
5.769472e-01	-7.583953e-04
5.769728e-01	-7.700199e-04
5.769984e-01	-7.815464e-04
5.770240e-01	-7.921762e-04
5.770496e-01	-8.030646e-04
5.770752e-01	-8.138911e-04
5.771008e-01	-8.235800e-04
5.771264e-01	-8.343344e-04
5.771520e-01	-8.441203e-04
5.771776e-01	-8.541157e-04
5.772032e-01	-8.631979e-04
5.772288e-01	-8.725751e-04
5.772544e-01	-8.817707e-04
5.772800e-01	-8.900575e-04
5.773056e-01	-8.994732e-04
5.773312e-01	-9.071625e-04
5.773568e-01	-9.153700e-04
5.773824e-01	-9.233422e-04
5.774080e-01	-9.304751e-04
5.774336e-01	-9.379786e-04
5.774592e-01	-9.445309e-04
5.774848e-01	-9.517699e-04
5.775104e-01	-9.577549e-04
5.775360e-01	-9.637699e-04
5.775616e-01	-9.699793e-04
5.775872e-01	-9.753421e-04
5.776128e-01	-9.810764e-04
5.776384e-01	-9.861398e-04
5.776640e-01	-9.908065e-04
5.776896e-01	-9.959309e-04
5.777152e-01	-1.000051e-03
5.777408e-01	-1.004028e-03
5.777664e-01	-1.007689e-03
5.777920e-01	-1.011323e-03
5.778176e-01	-1.014866e-03
5.778432e-01	-1.017837e-03
5.778688e-01	-1.020594e-03
5.778944e-01	-1.022874e-03
5.779200e-01	-1.024984e-03
5.779456e-01	-1.026903e-03
5.779712e-01	-1.028910e-03
5.779968e-01	-1.029859e-03
5.780224e-01	-1.030718e-03
5.780480e-01	-1.032002e-03
5.780736e-01	-1.031713e-03
5.780992e-01	-1.032283e-03
5.781248e-01	-1.032512e-03
5.781504e-01	-1.031940e-03
5.781760e-01	-1.031114e-03
5.782016e-01	-1.030441e-03
5.782272e-01	-1.029072e-03
5.782528e-01	-1.027454e-03
5.782784e-01	-1.025959e-03
5.783040e-01	-1.024186e-03
5.783296e-01	-1.021278e-03
5.783552e-01	-1.018569e-03
5.783808e-01	-1.016299e-03
5.784064e-01	-1.012387e-03
5.784320e-01	-1.009454e-03
5.784576e-01	-1.006154e-03
5.784832e-01	-1.001558e-03
5.785088e-01	-9.977550e-04
5.785344e-01	-9.932575e-04
5.785600e-01	-9.882847e-04
5.785856e-01	-9.836131e-04
5.786112e-01	-9.785009e-04
5.786368e-01	-9.725440e-04
5.786624e-01	-9.673341e-04
5.786880e-01	-9.609662e-04
5.787136e-01	-9.546069e-04
5.787392e-01	-9.485810e-04
5.787648e-01	-9.413298e-04
5.787904e-01	-9.344873e-04
5.788160e-01	-9.274280e-04
5.788416e-01	-9.196057e-04
5.788672e-01	-9.118148e-04
5.788928e-01	-9.043398e-04
5.789184e-01	-8.961541e-04
5.789440e-01	-8.871775e-04
5.789696e-01	-8.788655e-04
5.789952e-01	-8.698197e-04
5.790208e-01	-8.609697e-04
5.790464e-01	-8.515117e-04
5.790720e-01	-8.421765e-04
5.790976e-01	-8.324930e-04
5.791232e-01	-8.222984e-04
5.791488e-01	-8.121931e-04
5.791744e-01	-8.015580e-04
5.792000e-01	-7.914212e-04
5.792256e-01	-7.805593e-04
5.792512e-01	-7.692882e-04
5.792768e-01	-7.585934e-04
5.793024e-01	-7.467521e-04
5.793280e-01	-7.354930e-04
5.793536e-01	-7.238587e-04
5.793792e-01	-7.114261e-04
5.794048e-01	-6.997572e-04
5.794304e-01	-6.873697e-04
5.794560e-01	-6.749349e-04
5.794816e-01	-6.624287e-04
5.795072e-01	-6.493978e-04
5.795328e-01	-6.365633e-04
5.795584e-01	-6.233329e-04
5.795840e-01	-6.101795e-04
5.796096e-01	-5.964832e-04
5.796352e-01	-5.833742e-04
5.796608e-01	-5.696578e-04
5.796864e-01	-5.559048e-04
5.797120e-01	-5.420727e-04
5.797376e-01	-5.277154e-04
5.797632e-01	-5.136644e-04
5.797888e-01	-4.991615e-04
5.798144e-01	-4.851451e-04
5.798400e-01	-4.702325e-04
5.798656e-01	-4.555131e-04
5.798912e-01	-4.412819e-04
5.799168e-01	-4.255651e-04
5.799424e-01	-4.110723e-04
5.799680e-01	-3.958354e-04
5.799936e-01	-3.805387e-04
5.800192e-01	-3.655515e-04
5.800448e-01	-3.498140e-04
5.800704e-01	-3.347524e-04
5.800960e-01	-3.189982e-04
5.801216e-01	-3.030902e-04
5.801472e-01	-2.882140e-04
5.801728e-01	-2.721319e-04
5.801984e-01	-2.561967e-04
5.802240e-01	-2.405411e-04
5.802496e-01	-2.242885e-04
5.802752e-01	-2.084229e-04
5.803008e-01	-1.925320e-04
5.803264e-01	-1.764020e-04
5.803520e-01	-1.606999e-04
5.803776e-01	-1.443583e-04
5.804032e-01	-1.283140e-04
5.804288e-01	-1.124392e-04
5.804544e-01	-9.628094e-05
5.804800e-01	-7.979992e-05
5.805056e-01	-6.357335e-05
5.805312e-01	-4.748404e-05
5.805568e-01	-3.159937e-05
5.805824e-01	-1.537933e-05
5.806080e-01	1.277909e-06
5.806336e-01	1.697678e-05
5.806592e-01	3.319227e-05
5.806848e-01	4.983374e-05
5.807104e-01	6.575475e-05
5.807360e-01	8.154025e-05
5.807616e-01	9.788215e-05
5.807872e-01	1.138742e-04
5.808128e-01	1.297197e-04
5.808384e-01	1.459893e-04
5.808640e-01	1.617000e-04
5.808896e-01	1.777230e-04
5.809152e-01	1.932210e-04
5.809408e-01	2.093630e-04
5.809664e-01	2.247579e-04
5.809920e-01	2.406314e-04
5.810176e-01	2.560957e-04
5.810432e-01	2.715557e-04
5.810688e-01	2.872981e-04
5.810944e-01	3.025859e-04
5.811200e-01	3.177526e-04
5.811456e-01	3.321945e-04
5.811712e-01	3.479694e-04
5.811968e-01	3.628848e-04
5.812224e-01	3.775027e-04
5.812480e-01	3.924249e-04
5.812736e-01	4.070327e-04
5.812992e-01	4.217986e-04
5.813248e-01	4.360848e-04
5.813504e-01	4.504417e-04
5.813760e-01	4.645739e-04
5.814016e-01	4.789326e-04
5.814272e-01	4.928450e-04
5.814528e-01	5.068856e-04
5.814784e-01	5.204025e-04
5.815040e-01	5.336776e-04
5.815296e-01	5.475534e-04
5.815552e-01	5.610283e-04
5.815808e-01	5.736374e-04
5.816064e-01	5.870840e-04
5.816320e-01	6.002475e-04
5.816576e-01	6.125202e-04
5.816832e-01	6.250849e-04
5.817088e-01	6.378891e-04
5.817344e-01	6.499981e-04
5.817600e-01	6.619259e-04
5.817856e-01	6.737836e-04
5.818112e-01	6.858680e-04
5.818368e-01	6.976926e-04
5.818624e-01	7.084425e-04
5.818880e-01	7.194441e-04
5.819136e-01	7.309473e-04
5.819392e-01	7.416088e-04
5.819648e-01	7.523950e-04
5.819904e-01	7.626661e-04
5.820160e-01	7.731397e-04
5.820416e-01	7.833226e-04
5.820672e-01	7.929043e-04
5.820928e-01	8.026504e-04
5.821184e-01	8.118402e-04
5.821440e-01	8.214146e-04
5.821696e-01	8.302336e-04
5.821952e-01	8.389730e-04
5.822208e-01	8.481459e-04
5.822464e-01	8.560703e-04
5.822720e-01	8.646720e-04
5.822976e-01	8.723205e-04
5.823232e-01	8.801351e-04
5.823488e-01	8.882069e-04
5.823744e-01	8.953378e-04
5.824000e-01	9.022891e-04
5.824256e-01	9.090768e-04
5.824512e-01	9.159151e-04
5.824768e-01	9.220940e-04
5.825024e-01	9.280691e-04
5.825280e-01	9.341479e-04
5.825536e-01	9.397632e-04
5.825792e-01	9.457773e-04
5.826048e-01	9.505579e-04
5.826304e-01	9.553086e-04
5.826560e-01	9.606496e-04
5.826816e-01	9.649754e-04
5.827072e-01	9.694372e-04
5.827328e-01	9.736095e-04
5.827584e-01	9.770786e-04
5.827840e-01	9.807891e-04
5.828096e-01	9.842045e-04
5.828352e-01	9.870257e-04
5.828608e-01	9.899621e-04
5.828864e-01	9.925847e-04
5.829120e-01	9.947121e-04
5.829376e-01	9.972382e-04
5.829632e-01	9.988731e-04
5.829888e-01	1.000516e-03
5.830144e-01	1.001838e-03
5.830400e-01	1.003270e-03
5.830656e-01	1.004142e-03
5.830912e-01	1.004928e-03
5.831168e-01	1.005064e-03
5.831424e-01	1.004788e-03
5.831680e-01	1.005158e-03
5.831936e-01	1.004710e-03
5.832192e-01	1.003821e-03
5.832448e-01	1.002952e-03
5.832704e-01	1.002004e-03
5.832960e-01	1.000971e-03
5.833216e-01	9.990605e-04
5.833472e-01	9.970918e-04
5.833728e-01	9.953096e-04
5.833984e-01	9.930657e-04
5.834240e-01	9.898960e-04
5.834496e-01	9.876039e-04
5.834752e-01	9.844351e-04
5.835008e-01	9.805356e-04
5.835264e-01	9.772498e-04
5.835520e-01	9.734157e-04
5.835776e-01	9.693889e-04
5.836032e-01	9.650994e-04
5.836288e-01	9.608106e-04
5.836544e-01	9.557854e-04
5.836800e-01	9.508390e-04
5.837056e-01	9.454833e-04
5.837312e-01	9.397761e-04
5.837568e-01	9.344649e-04
5.837824e-01	9.284711e-04
5.838080e-01	9.221857e-04
5.838336e-01	9.154416e-04
5.838592e-01	9.093190e-04
5.838848e-01	9.021274e-04
5.839104e-01	8.947482e-04
5.839360e-01	8.874289e-04
5.839616e-01	8.797201e-04
5.839872e-01	8.719917e-04
5.840128e-01	8.640466e-04
5.840384e-01	8.554475e-04
5.840640e-01	8.470879e-04
5.840896e-01	8.384964e-04
5.841152e-01	8.293031e-04
5.841408e-01	8.198561e-04
5.841664e-01	8.109119e-04
5.841920e-01	8.010776e-04
5.842176e-01	7.912425e-04
5.842432e-01	7.813685e-04
5.842688e-01	7.704922e-04
5.842944e-01	7.603395e-04
5.843200e-01	7.497037e-04
5.843456e-01	7.389371e-04
5.843712e-01	7.277050e-04
5.843968e-01	7.161821e-04
5.844224e-01	7.054899e-04
5.844480e-01	6.932944e-04
5.844736e-01	6.816558e-04
5.844992e-01	6.697542e-04
5.845248e-01	6.572809e-04
5.845504e-01	6.453883e-04
5.845760e-01	6.325985e-04
5.846016e-01	6.197025e-04
5.846272e-01	6.066250e-04
5.846528e-01	5.938753e-04
5.846784e-01	5.807283e-04
5.847040e-01	5.672799e-04
5.847296e-01	5.540142e-04
5.847552e-01	5.400129e-04
5.847808e-01	5.265030e-04
5.848064e-01	5.120949e-04
5.848320e-01	4.982554e-04
5.848576e-01	4.834704e-04
5.848832e-01	4.687752e-04
5.849088e-01	4.550311e-04
5.849344e-01	4.401520e-04
5.849600e-01	4.251478e-04
5.849856e-01	4.106973e-04
5.850112e-01	3.954693e-04
5.850368e-01	3.800087e-04
5.850624e-01	3.648415e-04
5.850880e-01	3.495776e-04
5.851136e-01	3.339198e-04
5.851392e-01	3.183393e-04
5.851648e-01	3.033461e-04
5.851904e-01	2.870030e-04
5.852160e-01	2.712094e-04
5.852416e-01	2.555815e-04
5.852672e-01	2.393131e-04
5.852928e-01	2.235966e-04
5.853184e-01	2.068771e-04
5.853440e-01	1.909620e-04
5.853696e-01	1.746681e-04
5.853952e-01	1.580503e-04
5.854208e-01	1.418030e-04
5.854464e-01	1.256508e-04
5.854720e-01	1.089985e-04
5.854976e-01	9.255642e-05
5.855232e-01	7.640937e-05
5.855488e-01	5.957208e-05
5.855744e-01	4.249557e-05
5.856000e-01	2.618403e-05
5.856256e-01	9.572241e-06
5.856512e-01	-7.097941e-06
5.856768e-01	-2.372816e-05
5.857024e-01	-4.057353e-05
5.857280e-01	-5.679446e-05
5.857536e-01	-7.343454e-05
5.857792e-01	-9.019116e-05
5.858048e-01	-1.074024e-04
5.858304e-01	-1.237672e-04
5.858560e-01	-1.400618e-04
5.858816e-01	-1.570793e-04
5.859072e-01	-1.734693e-04
5.859328e-01	-1.900075e-04
5.859584e-01	-2.060264e-04
5.859840e-01	-2.231207e-04
5.860096e-01	-2.389761e-04
5.860352e-01	-2.556553e-04
5.860608e-01	-2.720043e-04
5.860864e-01	-2.876538e-04
5.861120e-01	-3.043298e-04
5.861376e-01	-3.198130e-04
5.861632e-01	-3.357326e-04
5.861888e-01	-3.516703e-04
5.862144e-01	-3.674463e-04
5.862400e-01	-3.833396e-04
5.862656e-01	-3.988658e-04
5.862912e-01	-4.144394e-04
5.863168e-01	-4.299305e-04
5.863424e-01	-4.453519e-04
5.863680e-01	-4.601778e-04
5.863936e-01	-4.753187e-04
5.864192e-01	-4.903128e-04
5.864448e-01	-5.051185e-04
5.864704e-01	-5.199392e-04
5.864960e-01	-5.343383e-04
5.865216e-01	-5.485902e-04
5.865472e-01	-5.628857e-04
5.865728e-01	-5.768787e-04
5.865984e-01	-5.909807e-04
5.866240e-01	-6.049771e-04
5.866496e-01	-6.188464e-04
5.866752e-01	-6.318314e-04
5.867008e-01	-6.454186e-04
5.867264e-01	-6.587580e-04
5.867520e-01	-6.716311e-04
5.867776e-01	-6.844956e-04
5.868032e-01	-6.970259e-04
5.868288e-01	-7.092241e-04
5.868544e-01	-7.219798e-04
5.868800e-01	-7.341718e-04
5.869056e-01	-7.454053e-04
5.869312e-01	-7.571838e-04
5.869568e-01	-7.686993e-04
5.869824e-01	-7.800519e-04
5.870080e-01	-7.909659e-04
5.870336e-01	-8.018552e-04
5.870592e-01	-8.125741e-04
5.870848e-01	-8.227754e-04
5.871104e-01	-8.334434e-04
5.871360e-01	-8.429419e-04
5.871616e-01	-8.526579e-04
5.871872e-01	-8.624517e-04
5.872128e-01	-8.713049e-04
5.872384e-01	-8.802515e-04
5.872640e-01	-8.889533e-04
5.872896e-01	-8.974476e-04
5.873152e-01	-9.062918e-04
5.873408e-01	-9.138016e-04
5.873664e-01	-9.218637e-04
5.873920e-01	-9.298155e-04
5.874176e-01	-9.365509e-04
5.874432e-01	-9.437533e-04
5.874688e-01	-9.507115e-04
5.874944e-01	-9.569498e-04
5.875200e-01	-9.631934e-04
5.875456e-01	-9.693603e-04
5.875712e-01	-9.749574e-04
5.875968e-01	-9.805418e-04
5.876224e-01	-9.858561e-04
5.876480e-01	-9.905908e-04
5.876736e-01	-9.957690e-04
5.876992e-01	-9.993123e-04
5.877248e-01	-1.003681e-03
5.877504e-01	-1.007731e-03
5.877760e-01	-1.010835e-03
5.878016e-01	-1.014611e-03
5.878272e-01	-1.017189e-03
5.878528e-01	-1.020218e-03
5.878784e-01	-1.023170e-03
5.879040e-01	-1.024976e-03
5.879296e-01	-1.026797e-03
5.879552e-01	-1.028223e-03
5.879808e-01	-1.029584e-03
5.880064e-01	-1.030987e-03
5.880320e-01	-1.031733e-03
5.880576e-01	-1.032193e-03
5.880832e-01	-1.032161e-03
5.881088e-01	-1.032080e-03
5.881344e-01	-1.031902e-03
5.881600e-01	-1.030930e-03
5.881856e-01	-1.030523e-03
5.882112e-01	-1.029172e-03
5.882368e-01	-1.027923e-03
5.882624e-01	-1.025826e-03
5.882880e-01	-1.023673e-03
5.883136e-01	-1.021728e-03
5.883392e-01	-1.019240e-03
5.883648e-01	-1.016141e-03
5.883904e-01	-1.012610e-03
5.884160e-01	-1.009570e-03
5.884416e-01	-1.005925e-03
5.884672e-01	-1.002281e-03
5.884928e-01	-9.982133e-04
5.885184e-01	-9.934906e-04
5.885440e-01	-9.887639e-04
5.885696e-01	-9.839711e-04
5.885952e-01	-9.789944e-04
5.886208e-01	-9.734447e-04
5.886464e-01	-9.676509e-04
5.886720e-01	-9.616641e-04
5.886976e-01	-9.555506e-04
5.887232e-01	-9.488448e-04
5.887488e-01	-9.424691e-04
5.887744e-01	-9.350705e-04
5.888000e-01	-9.278104e-04
5.888256e-01	-9.207028e-04
5.888512e-01	-9.130986e-04
5.888768e-01	-9.049100e-04
5.889024e-01	-8.966880e-04
5.889280e-01	-8.887374e-04
5.889536e-01	-8.795001e-04
5.889792e-01	-8.708602e-04
5.890048e-01	-8.621266e-04
5.890304e-01	-8.524410e-04
5.890560e-01	-8.432313e-04
5.890816e-01	-8.330419e-04
5.891072e-01	-8.232279e-04
5.891328e-01	-8.132266e-04
5.891584e-01	-8.028903e-04
5.891840e-01	-7.922601e-04
5.892096e-01	-7.817971e-04
5.892352e-01	-7.709660e-04
5.892608e-01	-7.590275e-04
5.892864e-01	-7.480353e-04
5.893120e-01	-7.366198e-04
5.893376e-01	-7.245413e-04
5.893632e-01	-7.129934e-04
5.893888e-01	-7.006631e-04
5.894144e-01	-6.885425e-04
5.894400e-01	-6.761904e-04
5.894656e-01	-6.637541e-04
5.894912e-01	-6.509160e-04
5.895168e-01	-6.378679e-04
5.895424e-01	-6.248815e-04
5.895680e-01	-6.117955e-04
5.895936e-01	-5.983859e-04
5.896192e-01	-5.845809e-04
5.896448e-01	-5.716063e-04
5.896704e-01	-5.574789e-04
5.896960e-01	-5.428810e-04
5.897216e-01	-5.296497e-04
5.897472e-01	-5.151010e-04
5.897728e-01	-5.005668e-04
5.897984e-01	-4.864434e-04
5.898240e-01	-4.716668e-04
5.898496e-01	-4.568925e-04
5.898752e-01	-4.421324e-04
5.899008e-01	-4.271582e-04
5.899264e-01	-4.123966e-04
5.899520e-01	-3.971502e-04
5.899776e-01	-3.821444e-04
5.900032e-01	-3.668813e-04
5.900288e-01	-3.515663e-04
5.900544e-01	-3.362098e-04
5.900800e-01	-3.204541e-04
5.901056e-01	-3.051627e-04
5.901312e-01	-2.894746e-04
5.901568e-01	-2.738107e-04
5.901824e-01	-2.579188e-04
5.902080e-01	-2.419924e-04
5.902336e-01	-2.263015e-04
5.902592e-01	-2.100331e-04
5.902848e-01	-1.943547e-04
5.903104e-01	-1.782062e-04
5.903360e-01	-1.622658e-04
5.903616e-01	-1.464561e-04
5.903872e-01	-1.301739e-04
5.904128e-01	-1.133807e-04
5.904384e-01	-9.784327e-05
5.904640e-01	-8.171723e-05
5.904896e-01	-6.532140e-05
5.905152e-01	-4.894129e-05
5.905408e-01	-3.246564e-05
5.905664e-01	-1.692759e-05
5.905920e-01	-5.385610e-07
5.906176e-01	1.560763e-05
5.906432e-01	3.187923e-05
5.906688e-01	4.794513e-05
5.906944e-01	6.384047e-05
5.907200e-01	8.024026e-05
5.907456e-01	9.604490e-05
5.907712e-01	1.123488e-04
5.907968e-01	1.282977e-04
5.908224e-01	1.439747e-04
5.908480e-01	1.600525e-04
5.908736e-01	1.762608e-04
5.908992e-01	1.920128e-04
5.909248e-01	2.074016e-04
5.909504e-01	2.235114e-04
5.909760e-01	2.389207e-04
5.910016e-01	2.540709e-04
5.910272e-01	2.704859e-04
5.910528e-01	2.853040e-04
5.910784e-01	3.004592e-04
5.911040e-01	3.164499e-04
5.911296e-01	3.315763e-04
5.911552e-01	3.462112e-04
5.911808e-01	3.613137e-04
5.912064e-01	3.763690e-04
5.912320e-01	3.910646e-04
5.912576e-01	4.054580e-04
5.912832e-01	4.198624e-04
5.913088e-01	4.347072e-04
5.913344e-01	4.489424e-04
5.913600e-01	4.633486e-04
5.913856e-01	4.775638e-04
5.914112e-01	4.912426e-04
5.914368e-01	5.055004e-04
5.914624e-01	5.189442e-04
5.914880e-01	5.325506e-04
5.915136e-01	5.460752e-04
5.915392e-01	5.595219e-04
5.915648e-01	5.724074e-04
5.915904e-01	5.856776e-04
5.916160e-01	5.983845e-04
5.916416e-01	6.109629e-04
5.916672e-01	6.241089e-04
5.916928e-01	6.360761e-04
5.917184e-01	6.486724e-04
5.917440e-01	6.607343e-04
5.917696e-01	6.721515e-04
5.917952e-01	6.841874e-04
5.918208e-01	6.959368e-04
5.918464e-01	7.068244e-04
5.918720e-01	7.179825e-04
5.918976e-01	7.297530e-04
5.919232e-01	7.404619e-04
5.919488e-01	7.512718e-04
5.919744e-01	7.616223e-04
5.920000e-01	7.718524e-04
5.920256e-01	7.820076e-04
5.920512e-01	7.914893e-04
5.920768e-01	8.010690e-04
5.921024e-01	8.109452e-04
5.921280e-01	8.199154e-04
5.921536e-01	8.290422e-04
5.921792e-01	8.379554e-04
5.922048e-01	8.470519e-04
5.922304e-01	8.551530e-04
5.922560e-01	8.628944e-04
5.922816e-01	8.714832e-04
5.923072e-01	8.792067e-04
5.923328e-01	8.868750e-04
5.923584e-01	8.941451e-04
5.923840e-01	9.013158e-04
5.924096e-01	9.082388e-04
5.924352e-01	9.145353e-04
5.924608e-01	9.214405e-04
5.924864e-01	9.276205e-04
5.925120e-01	9.334013e-04
5.925376e-01	9.392342e-04
5.925632e-01	9.447870e-04
5.925888e-01	9.500296e-04
5.926144e-01	9.551893e-04
5.926400e-01	9.599818e-04
5.926656e-01	9.649241e-04
5.926912e-01	9.690872e-04
5.927168e-01	9.726579e-04
5.927424e-01	9.770935e-04
5.927680e-01	9.803966e-04
5.927936e-01	9.832366e-04
5.928192e-01	9.871298e-04
5.928448e-01	9.895868e-04
5.928704e-01	9.922724e-04
5.928960e-01	9.945732e-04
5.929216e-01	9.967698e-04
5.929472e-01	9.986988e-04
5.929728e-01	1.000091e-03
5.929984e-01	1.002049e-03
5.930240e-01	1.003348e-03
5.930496e-01	1.003871e-03
5.930752e-01	1.004412e-03
5.931008e-01	1.005201e-03
5.931264e-01	1.005183e-03
5.931520e-01	1.005170e-03
5.931776e-01	1.004780e-03
5.932032e-01	1.003526e-03
5.932288e-01	1.003311e-03
5.932544e-01	1.002064e-03
5.932800e-01	1.000531e-03
5.933056e-01	9.993573e-04
5.933312e-01	9.974828e-04
5.933568e-01	9.955685e-04
5.933824e-01	9.932511e-04
5.934080e-01	9.905304e-04
5.934336e-01	9.879401e-04
5.934592e-01	9.846562e-04
5.934848e-01	9.814239e-04
5.935104e-01	9.778108e-04
5.935360e-01	9.745104e-04
5.935616e-01	9.702870e-04
5.935872e-01	9.653745e-04
5.936128e-01	9.611093e-04
5.936384e-01	9.564714e-04
5.936640e-01	9.516534e-04
5.936896e-01	9.463053e-04
5.937152e-01	9.403827e-04
5.937408e-01	9.350377e-04
5.937664e-01	9.290928e-04
5.937920e-01	9.226094e-04
5.938176e-01	9.165359e-04
5.938432e-01	9.098317e-04
5.938688e-01	9.028102e-04
5.938944e-01	8.953850e-04
5.939200e-01	8.880001e-04
5.939456e-01	8.809079e-04
5.939712e-01	8.725010e-04
5.939968e-01	8.644433e-04
5.940224e-01	8.564640e-04
5.940480e-01	8.481604e-04
5.940736e-01	8.388694e-04
5.940992e-01	8.297864e-04
5.941248e-01	8.210150e-04
5.941504e-01	8.115759e-04
5.941760e-01	8.018966e-04
5.942016e-01	7.919568e-04
5.942272e-01	7.819285e-04
5.942528e-01	7.719454e-04
5.942784e-01	7.613607e-04
5.943040e-01	7.504956e-04
5.943296e-01	7.398123e-04
5.943552e-01	7.287004e-04
5.943808e-01	7.178370e-04
5.944064e-01	7.065407e-04
5.944320e-01	6.944656e-04
5.944576e-01	6.832502e-04
5.944832e-01	6.706427e-04
5.945088e-01	6.587146e-04
5.945344e-01	6.467829e-04
5.945600e-01	6.333522e-04
5.945856e-01	6.212200e-04
5.946112e-01	6.079252e-04
5.946368e-01	5.947671e-04
5.946624e-01	5.819104e-04
5.946880e-01	5.681469e-04
5.947136e-01	5.553670e-04
5.947392e-01	5.412071e-04
5.947648e-01	5.276121e-04
5.947904e-01	5.135056e-04
5.948160e-01	4.989363e-04
5.948416e-01	4.854025e-04
5.948672e-01	4.706925e-04
5.948928e-01	4.558155e-04
5.949184e-01	4.417273e-04
5.949440e-01	4.265837e-04
5.949696e-01	4.119440e-04
5.949952e-01	3.969559e-04
5.950208e-01	3.819856e-04
5.950464e-01	3.671253e-04
5.950720e-01	3.509365e-04
5.950976e-01	3.355887e-04
5.951232e-01	3.196651e-04
5.951488e-01	3.043211e-04
5.951744e-01	2.890044e-04
5.952000e-01	2.726766e-04
5.952256e-01	2.573051e-04
5.952512e-01	2.408046e-04
5.952768e-01	2.245912e-04
5.953024e-01	2.087719e-04
5.953280e-01	1.927300e-04
5.953536e-01	1.764407e-04
5.953792e-01	1.596874e-04
5.954048e-01	1.437894e-04
5.954304e-01	1.273691e-04
5.954560e-01	1.104849e-04
5.954816e-01	9.439808e-05
5.955072e-01	7.745201e-05
5.955328e-01	6.131024e-05
5.955584e-01	4.449331e-05
5.955840e-01	2.761848e-05
5.956096e-01	1.124828e-05
5.956352e-01	-5.606878e-06
5.956608e-01	-2.215522e-05
5.956864e-01	-3.855899e-05
5.957120e-01	-5.522312e-05
5.957376e-01	-7.227027e-05
5.957632e-01	-8.898514e-05
5.957888e-01	-1.053752e-04
5.958144e-01	-1.223705e-04
5.958400e-01	-1.387529e-04
5.958656e-01	-1.551831e-04
5.958912e-01	-1.718390e-04
5.959168e-01	-1.881845e-04
5.959424e-01	-2.047558e-04
5.959680e-01	-2.211715e-04
5.959936e-01	-2.374067e-04
5.960192e-01	-2.537376e-04
5.960448e-01	-2.702833e-04
5.960704e-01	-2.863119e-04
5.960960e-01	-3.025011e-04
5.961216e-01	-3.186418e-04
5.961472e-01	-3.345418e-04
5.961728e-01	-3.505734e-04
5.961984e-01	-3.660539e-04
5.962240e-01	-3.822245e-04
5.962496e-01	-3.976189e-04
5.962752e-01	-4.129741e-04
5.963008e-01	-4.285590e-04
5.963264e-01	-4.437236e-04
5.963520e-01	-4.588554e-04
5.963776e-01	-4.740208e-04
5.964032e-01	-4.890411e-04
5.964288e-01	-5.037799e-04
5.964544e-01	-5.180215e-04
5.964800e-01	-5.329578e-04
5.965056e-01	-5.474951e-04
5.965312e-01	-5.617598e-04
5.965568e-01	-5.759925e-04
5.965824e-01	-5.900079e-04
5.966080e-01	-6.036558e-04
5.966336e-01	-6.174121e-04
5.966592e-01	-6.307932e-04
5.966848e-01	-6.438342e-04
5.967104e-01	-6.572058e-04
5.967360e-01	-6.703316e-04
5.967616e-01	-6.832468e-04
5.967872e-01	-6.959665e-04
5.968128e-01	-7.083887e-04
5.968384e-01	-7.204295e-04
5.968640e-01	-7.324028e-04
5.968896e-01	-7.443609e-04
5.969152e-01	-7.564627e-04
5.969408e-01	-7.678499e-04
5.969664e-01	-7.791223e-04
5.969920e-01	-7.901225e-04
5.970176e-01	-8.005665e-04
5.970432e-01	-8.117729e-04
5.970688e-01	-8.217650e-04
5.970944e-01	-8.322638e-04
5.971200e-01	-8.423795e-04
5.971456e-01	-8.515939e-04
5.971712e-01	-8.612536e-04
5.971968e-01	-8.707634e-04
5.972224e-01	-8.796613e-04
5.972480e-01	-8.886883e-04
5.972736e-01	-8.971612e-04
5.972992e-01	-9.054378e-04
5.973248e-01	-9.134089e-04
5.973504e-01	-9.214063e-04
5.973760e-01	-9.290230e-04
5.974016e-01	-9.358521e-04
5.974272e-01	-9.431366e-04
5.974528e-01	-9.502406e-04
5.974784e-01	-9.567369e-04
5.975040e-01	-9.626181e-04
5.975296e-01	-9.686825e-04
5.975552e-01	-9.749742e-04
5.975808e-01	-9.801148e-04
5.976064e-01	-9.852244e-04
5.976320e-01	-9.903566e-04
5.976576e-01	-9.948695e-04
5.976832e-01	-9.991232e-04
5.977088e-01	-1.003658e-03
5.977344e-01	-1.007457e-03
5.977600e-01	-1.010797e-03
5.977856e-01	-1.014164e-03
5.978112e-01	-1.017043e-03
5.978368e-01	-1.020049e-03
5.978624e-01	-1.022732e-03
5.978880e-01	-1.024430e-03
5.979136e-01	-1.026919e-03
5.979392e-01	-1.028465e-03
5.979648e-01	-1.029484e-03
5.979904e-01	-1.030956e-03
5.980160e-01	-1.031320e-03
5.980416e-01	-1.031966e-03
5.980672e-01	-1.032452e-03
5.980928e-01	-1.031946e-03
5.981184e-01	-1.032208e-03
5.981440e-01	-1.031388e-03
5.981696e-01	-1.030466e-03
5.981952e-01	-1.029414e-03
5.982208e-01	-1.027867e-03
5.982464e-01	-1.026134e-03
5.982720e-01	-1.023814e-03
5.982976e-01	-1.021762e-03
5.983232e-01	-1.019375e-03
5.983488e-01	-1.016786e-03
5.983744e-01	-1.013367e-03
5.984000e-01	-1.009829e-03
5.984256e-01	-1.006918e-03
5.984512e-01	-1.002588e-03
5.984768e-01	-9.984655e-04
5.985024e-01	-9.938827e-04
5.985280e-01	-9.892022e-04
5.985536e-01	-9.846163e-04
5.985792e-01	-9.792113e-04
5.986048e-01	-9.737101e-04
5.986304e-01	-9.681617e-04
5.986560e-01	-9.621584e-04
5.986816e-01	-9.559485e-04
5.987072e-01	-9.496341e-04
5.987328e-01	-9.433554e-04
5.987584e-01	-9.359603e-04
5.987840e-01	-9.287745e-04
5.988096e-01	-9.213237e-04
5.988352e-01	-9.137478e-04
5.988608e-01	-9.061805e-04
5.988864e-01	-8.971746e-04
5.989120e-01	-8.894257e-04
5.989376e-01	-8.810229e-04
5.989632e-01	-8.719224e-04
5.989888e-01	-8.632300e-04
5.990144e-01	-8.537121e-04
5.990400e-01	-8.443736e-04
5.990656e-01	-8.343171e-04
5.990912e-01	-8.244053e-04
5.991168e-01	-8.141135e-04
5.991424e-01	-8.037319e-04
5.991680e-01	-7.932016e-04
5.991936e-01	-7.823315e-04
5.992192e-01	-7.717923e-04
5.992448e-01	-7.606479e-04
5.992704e-01	-7.491020e-04
5.992960e-01	-7.379489e-04
5.993216e-01	-7.259159e-04
5.993472e-01	-7.143141e-04
5.993728e-01	-7.022533e-04
5.993984e-01	-6.893797e-04
5.994240e-01	-6.774052e-04
5.994496e-01	-6.647924e-04
5.994752e-01	-6.520030e-04
5.995008e-01	-6.393024e-04
5.995264e-01	-6.258708e-04
5.995520e-01	-6.128442e-04
5.995776e-01	-5.994760e-04
5.996032e-01	-5.856163e-04
5.996288e-01	-5.719879e-04
5.996544e-01	-5.586630e-04
5.996800e-01	-5.445670e-04
5.997056e-01	-5.305321e-04
5.997312e-01	-5.164255e-04
5.997568e-01	-5.021916e-04
5.997824e-01	-4.877446e-04
5.998080e-01	-4.730684e-04
5.998336e-01	-4.585047e-04
5.998592e-01	-4.432920e-04
5.998848e-01	-4.283943e-04
5.999104e-01	-4.139231e-04
5.999360e-01	-3.983946e-04
5.999616e-01	-3.835777e-04
5.999872e-01	-3.680379e-04
6.000128e-01	-3.523623e-04
6.000384e-01	-3.374002e-04
6.000640e-01	-3.220309e-04
6.000896e-01	-3.066233e-04
6.001152e-01	-2.905958e-04
6.001408e-01	-2.751540e-04
6.001664e-01	-2.594410e-04
6.001920e-01	-2.433522e-04
6.002176e-01	-2.275358e-04
6.002432e-01	-2.117984e-04
6.002688e-01	-1.958305e-04
6.002944e-01	-1.794695e-04
6.003200e-01	-1.638082e-04
6.003456e-01	-1.474717e-04
6.003712e-01	-1.316952e-04
6.003968e-01	-1.152471e-04
6.004224e-01	-9.889589e-05
6.004480e-01	-8.304956e-05
6.004736e-01	-6.648543e-05
6.004992e-01	-5.052626e-05
6.005248e-01	-3.454415e-05
6.005504e-01	-1.786951e-05
6.005760e-01	-2.177028e-06
6.006016e-01	1.423670e-05
6.006272e-01	3.042134e-05
6.006528e-01	4.601114e-05
6.006784e-01	6.281360e-05
6.007040e-01	7.859278e-05
6.007296e-01	9.502863e-05
6.007552e-01	1.110570e-04
6.007808e-01	1.266667e-04
6.008064e-01	1.429397e-04
6.008320e-01	1.585540e-04
6.008576e-01	1.748548e-04
6.008832e-01	1.901889e-04
6.009088e-01	2.062698e-04
6.009344e-01	2.218911e-04
6.009600e-01	2.372121e-04
6.009856e-01	2.532405e-04
6.010112e-01	2.687624e-04
6.010368e-01	2.841048e-04
6.010624e-01	2.993388e-04
6.010880e-01	3.147775e-04
6.011136e-01	3.298466e-04
6.011392e-01	3.448244e-04
6.011648e-01	3.603271e-04
6.011904e-01	3.748565e-04
6.012160e-01	3.893906e-04
6.012416e-01	4.042972e-04
6.012672e-01	4.191965e-04
6.012928e-01	4.333649e-04
6.013184e-01	4.474519e-04
6.013440e-01	4.622527e-04
6.013696e-01	4.760533e-04
6.013952e-01	4.900946e-04
6.014208e-01	5.042619e-04
6.014464e-01	5.174610e-04
6.014720e-01	5.313742e-04
6.014976e-01	5.447360e-04
6.015232e-01	5.584944e-04
6.015488e-01	5.717932e-04
6.015744e-01	5.844070e-04
6.016000e-01	5.975828e-04
6.016256e-01	6.100767e-04
6.016512e-01	6.230678e-04
6.016768e-01	6.355586e-04
6.017024e-01	6.477050e-04
6.017280e-01	6.596889e-04
6.017536e-01	6.712227e-04
6.017792e-01	6.833603e-04
6.018048e-01	6.949669e-04
6.018304e-01	7.064747e-04
6.018560e-01	7.172339e-04
6.018816e-01	7.289145e-04
6.019072e-01	7.394537e-04
6.019328e-01	7.499239e-04
6.019584e-01	7.611001e-04
6.019840e-01	7.708882e-04
6.020096e-01	7.811543e-04
6.020352e-01	7.908431e-04
6.020608e-01	8.004474e-04
6.020864e-01	8.100033e-04
6.021120e-01	8.194876e-04
6.021376e-01	8.287361e-04
6.021632e-01	8.371206e-04
6.021888e-01	8.461667e-04
6.022144e-01	8.545675e-04
6.022400e-01	8.627336e-04
6.022656e-01	8.707519e-04
6.022912e-01	8.787720e-04
6.023168e-01	8.863923e-04
6.023424e-01	8.942814e-04
6.023680e-01	9.008841e-04
6.023936e-01	9.071531e-04
6.024192e-01	9.144046e-04
6.024448e-01	9.207156e-04
6.024704e-01	9.270569e-04
6.024960e-01	9.330788e-04
6.025216e-01	9.388734e-04
6.025472e-01	9.445128e-04
6.025728e-01	9.496757e-04
6.025984e-01	9.548806e-04
6.026240e-01	9.597417e-04
6.026496e-01	9.644332e-04
6.026752e-01	9.685970e-04
6.027008e-01	9.728465e-04
6.027264e-01	9.766516e-04
6.027520e-01	9.801795e-04
6.027776e-01	9.837014e-04
6.028032e-01	9.868997e-04
6.028288e-01	9.899567e-04
6.028544e-01	9.923066e-04
6.028800e-01	9.945318e-04
6.029056e-01	9.970139e-04
6.029312e-01	9.984176e-04
6.029568e-01	1.000509e-03
6.029824e-01	1.001578e-03
6.030080e-01	1.002696e-03
6.030336e-01	1.003901e-03
6.030592e-01	1.004074e-03
6.030848e-01	1.005315e-03
6.031104e-01	1.004884e-03
6.031360e-01	1.004820e-03
6.031616e-01	1.004678e-03
6.031872e-01	1.004053e-03
6.032128e-01	1.003808e-03
6.032384e-01	1.002049e-03
6.032640e-01	1.001297e-03
6.032896e-01	9.991851e-04
6.033152e-01	9.977181e-04
6.033408e-01	9.958887e-04
6.033664e-01	9.932567e-04
6.033920e-01	9.909446e-04
6.034176e-01	9.876639e-04
6.034432e-01	9.851404e-04
6.034688e-01	9.816842e-04
6.034944e-01	9.778789e-04
6.035200e-01	9.739550e-04
6.035456e-01	9.704960e-04
6.035712e-01	9.662165e-04
6.035968e-01	9.613282e-04
6.036224e-01	9.570767e-04
6.036480e-01	9.519046e-04
6.036736e-01	9.470027e-04
6.036992e-01	9.410197e-04
6.037248e-01	9.354900e-04
6.037504e-01	9.293695e-04
6.037760e-01	9.232486e-04
6.038016e-01	9.168034e-04
6.038272e-01	9.101186e-04
6.038528e-01	9.035289e-04
6.038784e-01	8.961352e-04
6.039040e-01	8.889972e-04
6.039296e-01	8.811742e-04
6.039552e-01	8.733320e-04
6.039808e-01	8.652348e-04
6.040064e-01	8.570715e-04
6.040320e-01	8.489910e-04
6.040576e-01	8.400529e-04
6.040832e-01	8.310110e-04
6.041088e-01	8.218985e-04
6.041344e-01	8.125835e-04
6.041600e-01	8.027239e-04
6.041856e-01	7.929642e-04
6.042112e-01	7.831011e-04
6.042368e-01	7.729995e-04
6.042624e-01	7.621301e-04
6.042880e-01	7.517446e-04
6.043136e-01	7.410417e-04
6.043392e-01	7.300090e-04
6.043648e-01	7.188968e-04
6.043904e-01	7.071014e-04
6.044160e-01	6.958417e-04
6.044416e-01	6.841677e-04
6.044672e-01	6.716633e-04
6.044928e-01	6.596672e-04
6.045184e-01	6.473843e-04
6.045440e-01	6.349006e-04
6.045696e-01	6.224584e-04
6.045952e-01	6.090953e-04
6.046208e-01	5.961379e-04
6.046464e-01	5.832755e-04
6.046720e-01	5.696504e-04
6.046976e-01	5.563198e-04
6.047232e-01	5.425826e-04
6.047488e-01	5.287018e-04
6.047744e-01	5.147287e-04
6.048000e-01	5.008915e-04
6.048256e-01	4.864260e-04
6.048512e-01	4.718294e-04
6.048768e-01	4.579106e-04
6.049024e-01	4.431598e-04
6.049280e-01	4.283045e-04
6.049536e-01	4.133965e-04
6.049792e-01	3.981266e-04
6.050048e-01	3.834919e-04
6.050304e-01	3.678486e-04
6.050560e-01	3.525573e-04
6.050816e-01	3.369589e-04
6.051072e-01	3.213297e-04
6.051328e-01	3.058616e-04
6.051584e-01	2.904724e-04
6.051840e-01	2.743178e-04
6.052096e-01	2.582085e-04
6.052352e-01	2.426240e-04
6.052608e-01	2.265369e-04
6.052864e-01	2.103859e-04
6.053120e-01	1.941080e-04
6.053376e-01	1.780586e-04
6.053632e-01	1.613022e-04
6.053888e-01	1.449984e-04
6.054144e-01	1.288518e-04
6.054400e-01	1.120287e-04
6.054656e-01	9.554607e-05
6.054912e-01	7.889288e-05
6.055168e-01	6.272878e-05
6.055424e-01	4.620057e-05
6.055680e-01	2.934945e-05
6.055936e-01	1.245331e-05
6.056192e-01	-4.180865e-06
6.056448e-01	-2.067377e-05
6.056704e-01	-3.734081e-05
6.056960e-01	-5.386778e-05
6.057216e-01	-7.082386e-05
6.057472e-01	-8.748820e-05
6.057728e-01	-1.040659e-04
6.057984e-01	-1.207551e-04
6.058240e-01	-1.368341e-04
6.058496e-01	-1.539181e-04
6.058752e-01	-1.705193e-04
6.059008e-01	-1.869186e-04
6.059264e-01	-2.032911e-04
6.059520e-01	-2.193623e-04
6.059776e-01	-2.361285e-04
6.060032e-01	-2.526878e-04
6.060288e-01	-2.688182e-04
6.060544e-01	-2.848939e-04
6.060800e-01	-3.007186e-04
6.061056e-01	-3.169053e-04
6.061312e-01	-3.331177e-04
6.061568e-01	-3.487061e-04
6.061824e-01	-3.644040e-04
6.062080e-01	-3.805001e-04
6.062336e-01	-3.961113e-04
6.062592e-01	-4.114158e-04
6.062848e-01	-4.267474e-04
6.063104e-01	-4.423996e-04
6.063360e-01	-4.577075e-04
6.063616e-01	-4.728813e-04
6.063872e-01	-4.878148e-04
6.064128e-01	-5.024344e-04
6.064384e-01	-5.168809e-04
6.064640e-01	-5.318313e-04
6.064896e-01	-5.458955e-04
6.065152e-01	-5.603721e-04
6.065408e-01	-5.746501e-04
6.065664e-01	-5.886199e-04
6.065920e-01	-6.027549e-04
6.066176e-01	-6.160995e-04
6.066432e-01	-6.299200e-04
6.066688e-01	-6.429961e-04
6.066944e-01	-6.560382e-04
6.067200e-01	-6.693236e-04
6.067456e-01	-6.820439e-04
6.067712e-01	-6.947427e-04
6.067968e-01	-7.072089e-04
6.068224e-01	-7.195937e-04
6.068480e-01	-7.313513e-04
6.068736e-01	-7.435548e-04
6.068992e-01	-7.553544e-04
6.069248e-01	-7.667035e-04
6.069504e-01	-7.778922e-04
6.069760e-01	-7.890667e-04
6.070016e-01	-8.002840e-04
6.070272e-01	-8.106299e-04
6.070528e-01	-8.209614e-04
6.070784e-01	-8.315542e-04
6.071040e-01	-8.413233e-04
6.071296e-01	-8.510061e-04
6.071552e-01	-8.609051e-04
6.071808e-01	-8.701920e-04
6.072064e-01	-8.789063e-04
6.072320e-01	-8.879396e-04
6.072576e-01	-8.963733e-04
6.072832e-01	-9.045423e-04
6.073088e-01	-9.131707e-04
6.073344e-01	-9.209830e-04
6.073600e-01	-9.278393e-04
6.073856e-01	-9.360206e-04
6.074112e-01	-9.427181e-04
6.074368e-01	-9.496278e-04
6.074624e-01	-9.566174e-04
6.074880e-01	-9.620616e-04
6.075136e-01	-9.686816e-04
6.075392e-01	-9.743848e-04
6.075648e-01	-9.798749e-04
6.075904e-01	-9.852957e-04
6.076160e-01	-9.902440e-04
6.076416e-01	-9.951072e-04
6.076672e-01	-9.990510e-04
6.076928e-01	-1.003209e-03
6.077184e-01	-1.006974e-03
6.077440e-01	-1.010794e-03
6.077696e-01	-1.014049e-03
6.077952e-01	-1.017178e-03
6.078208e-01	-1.019894e-03
6.078464e-01	-1.022105e-03
6.078720e-01	-1.024344e-03
6.078976e-01	-1.026385e-03
6.079232e-01	-1.028227e-03
6.079488e-01	-1.029975e-03
6.079744e-01	-1.030888e-03
6.080000e-01	-1.031310e-03
6.080256e-01	-1.031861e-03
6.080512e-01	-1.032315e-03
6.080768e-01	-1.032295e-03
6.081024e-01	-1.031808e-03
6.081280e-01	-1.031439e-03
6.081536e-01	-1.030576e-03
6.081792e-01	-1.029415e-03
6.082048e-01	-1.028163e-03
6.082304e-01	-1.026208e-03
6.082560e-01	-1.024589e-03
6.082816e-01	-1.021744e-03
6.083072e-01	-1.019822e-03
6.083328e-01	-1.017096e-03
6.083584e-01	-1.013880e-03
6.083840e-01	-1.010636e-03
6.084096e-01	-1.006733e-03
6.084352e-01	-1.003137e-03
6.084608e-01	-9.985671e-04
6.084864e-01	-9.950653e-04
6.085120e-01	-9.899471e-04
6.085376e-01	-9.849236e-04
6.085632e-01	-9.801236e-04
6.085888e-01	-9.742028e-04
6.086144e-01	-9.688580e-04
6.086400e-01	-9.631757e-04
6.086656e-01	-9.570017e-04
6.086912e-01	-9.500245e-04
6.087168e-01	-9.441038e-04
6.087424e-01	-9.370837e-04
6.087680e-01	-9.294008e-04
6.087936e-01	-9.220254e-04
6.088192e-01	-9.144797e-04
6.088448e-01	-9.063726e-04
6.088704e-01	-8.989020e-04
6.088960e-01	-8.902492e-04
6.089216e-01	-8.812461e-04
6.089472e-01	-8.732391e-04
6.089728e-01	-8.636574e-04
6.089984e-01	-8.544953e-04
6.090240e-01	-8.451260e-04
6.090496e-01	-8.352580e-04
6.090752e-01	-8.255190e-04
6.091008e-01	-8.151740e-04
6.091264e-01	-8.048619e-04
6.091520e-01	-7.944759e-04
6.091776e-01	-7.836625e-04
6.092032e-01	-7.726591e-04
6.092288e-01	-7.618939e-04
6.092544e-01	-7.503255e-04
6.092800e-01	-7.389262e-04
6.093056e-01	-7.271669e-04
6.093312e-01	-7.152008e-04
6.093568e-01	-7.032969e-04
6.093824e-01	-6.912620e-04
6.094080e-01	-6.787700e-04
6.094336e-01	-6.662292e-04
6.094592e-01	-6.533581e-04
6.094848e-01	-6.404005e-04
6.095104e-01	-6.272410e-04
6.095360e-01	-6.140813e-04
6.095616e-01	-6.012462e-04
6.095872e-01	-5.872457e-04
6.096128e-01	-5.737354e-04
6.096384e-01	-5.602671e-04
6.096640e-01	-5.460115e-04
6.096896e-01	-5.320563e-04
6.097152e-01	-5.178236e-04
6.097408e-01	-5.034756e-04
6.097664e-01	-4.887232e-04
6.097920e-01	-4.741572e-04
6.098176e-01	-4.600259e-04
6.098432e-01	-4.452341e-04
6.098688e-01	-4.298537e-04
6.098944e-01	-4.151900e-04
6.099200e-01	-3.997703e-04
6.099456e-01	-3.847369e-04
6.099712e-01	-3.695813e-04
6.099968e-01	-3.541635e-04
6.100224e-01	-3.388720e-04
6.100480e-01	-3.235656e-04
6.100736e-01	-3.080611e-04
6.100992e-01	-2.919102e-04
6.101248e-01	-2.765517e-04
6.101504e-01	-2.606288e-04
6.101760e-01	-2.448106e-04
6.102016e-01	-2.293071e-04
6.102272e-01	-2.128797e-04
6.102528e-01	-1.971565e-04
6.102784e-01	-1.813074e-04
6.103040e-01	-1.651156e-04
6.103296e-01	-1.487711e-04
6.103552e-01	-1.328829e-04
6.103808e-01	-1.166520e-04
6.104064e-01	-1.005126e-04
6.104320e-01	-8.454025e-05
6.104576e-01	-6.835860e-05
6.104832e-01	-5.211279e-05
6.105088e-01	-3.569464e-05
6.105344e-01	-1.981194e-05
6.105600e-01	-3.616994e-06
6.105856e-01	1.257575e-05
6.106112e-01	2.861342e-05
6.106368e-01	4.485844e-05
6.106624e-01	6.101547e-05
6.106880e-01	7.754893e-05
6.107136e-01	9.344027e-05
6.107392e-01	1.094311e-04
6.107648e-01	1.252191e-04
6.107904e-01	1.412538e-04
6.108160e-01	1.573881e-04
6.108416e-01	1.731222e-04
6.108672e-01	1.887784e-04
6.108928e-01	2.045349e-04
6.109184e-01	2.204613e-04
6.109440e-01	2.361489e-04
6.109696e-01	2.515560e-04
6.109952e-01	2.672003e-04
6.110208e-01	2.824473e-04
6.110464e-01	2.982176e-04
6.110720e-01	3.135434e-04
6.110976e-01	3.283408e-04
6.111232e-01	3.438121e-04
6.111488e-01	3.584264e-04
6.111744e-01	3.733646e-04
6.112000e-01	3.884135e-04
6.112256e-01	4.028096e-04
6.112512e-01	4.175690e-04
6.112768e-01	4.321878e-04
6.113024e-01	4.466015e-04
6.113280e-01	4.607891e-04
6.113536e-01	4.751061e-04
6.113792e-01	4.890587e-04
6.114048e-01	5.028833e-04
6.114304e-01	5.167267e-04
6.114560e-01	5.303322e-04
6.114816e-01	5.438635e-04
6.115072e-01	5.572960e-04
6.115328e-01	5.701924e-04
6.115584e-01	5.831971e-04
6.115840e-01	5.962120e-04
6.116096e-01	6.092461e-04
6.116352e-01	6.216298e-04
6.116608e-01	6.342193e-04
6.116864e-01	6.464678e-04
6.117120e-01	6.583372e-04
6.117376e-01	6.704059e-04
6.117632e-01	6.821947e-04
6.117888e-01	6.938033e-04
6.118144e-01	7.050995e-04
6.118400e-01	7.165788e-04
6.118656e-01	7.274756e-04
6.118912e-01	7.384540e-04
6.119168e-01	7.493792e-04
6.119424e-01	7.597884e-04
6.119680e-01	7.704162e-04
6.119936e-01	7.801106e-04
6.120192e-01	7.902649e-04
6.120448e-01	7.997446e-04
6.120704e-01	8.095417e-04
6.120960e-01	8.189008e-04
6.121216e-01	8.277447e-04
6.121472e-01	8.366823e-04
6.121728e-01	8.452595e-04
6.121984e-01	8.542181e-04
6.122240e-01	8.621731e-04
6.122496e-01	8.704438e-04
6.122752e-01	8.783013e-04
6.123008e-01	8.854755e-04
6.123264e-01	8.929920e-04
6.123520e-01	9.003186e-04
6.123776e-01	9.072836e-04
6.124032e-01	9.138092e-04
6.124288e-01	9.204014e-04
6.124544e-01	9.266209e-04
6.124800e-01	9.325853e-04
6.125056e-01	9.383067e-04
6.125312e-01	9.441538e-04
6.125568e-01	9.494270e-04
6.125824e-01	9.541622e-04
6.126080e-01	9.594790e-04
6.126336e-01	9.642587e-04
6.126592e-01	9.677538e-04
6.126848e-01	9.724011e-04
6.127104e-01	9.766265e-04
6.127360e-01	9.796820e-04
6.127616e-01	9.831282e-04
6.127872e-01	9.863707e-04
6.128128e-01	9.894903e-04
6.128384e-01	9.922343e-04
6.128640e-01	9.943859e-04
6.128896e-01	9.970515e-04
6.129152e-01	9.986791e-04
6.129408e-01	1.000221e-03
6.129664e-01	1.002017e-03
6.129920e-01	1.003217e-03
6.130176e-01	1.004000e-03
6.130432e-01	1.004801e-03
6.130688e-01	1.005383e-03
6.130944e-01	1.005456e-03
6.131200e-01	1.005587e-03
6.131456e-01	1.004998e-03
6.131712e-01	1.004407e-03
6.131968e-01	1.003728e-03
6.132224e-01	1.002624e-03
6.132480e-01	1.001368e-03
6.132736e-01	9.997113e-04
6.132992e-01	9.982672e-04
6.133248e-01	9.957907e-04
6.133504e-01	9.935591e-04
6.133760e-01	9.910396e-04
6.134016e-01	9.883260e-04
6.134272e-01	9.855337e-04
6.134528e-01	9.820702e-04
6.134784e-01	9.789002e-04
6.135040e-01	9.749011e-04
6.135296e-01	9.707185e-04
6.135552e-01	9.666367e-04
6.135808e-01	9.622715e-04
6.136064e-01	9.575583e-04
6.136320e-01	9.523374e-04
6.136576e-01	9.472544e-04
6.136832e-01	9.417479e-04
6.137088e-01	9.360243e-04
6.137344e-01	9.303101e-04
6.137600e-01	9.243881e-04
6.137856e-01	9.175022e-04
6.138112e-01	9.112475e-04
6.138368e-01	9.040436e-04
6.138624e-01	8.967606e-04
6.138880e-01	8.898247e-04
6.139136e-01	8.823069e-04
6.139392e-01	8.740546e-04
6.139648e-01	8.659872e-04
6.139904e-01	8.583160e-04
6.140160e-01	8.494038e-04
6.140416e-01	8.408330e-04
6.140672e-01	8.315471e-04
6.140928e-01	8.224602e-04
6.141184e-01	8.137436e-04
6.141440e-01	8.033201e-04
6.141696e-01	7.937371e-04
6.141952e-01	7.843368e-04
6.142208e-01	7.738386e-04
6.142464e-01	7.631871e-04
6.142720e-01	7.526819e-04
6.142976e-01	7.418364e-04
6.143232e-01	7.308543e-04
6.143488e-01	7.197582e-04
6.143744e-01	7.082851e-04
6.144000e-01	6.968198e-04
6.144256e-01	6.848785e-04
6.144512e-01	6.730060e-04
6.144768e-01	6.609663e-04
6.145024e-01	6.485748e-04
6.145280e-01	6.358079e-04
6.145536e-01	6.229178e-04
6.145792e-01	6.109791e-04
6.146048e-01	5.971799e-04
6.146304e-01	5.843941e-04
6.146560e-01	5.710420e-04
6.146816e-01	5.573933e-04
6.147072e-01	5.441033e-04
6.147328e-01	5.299991e-04
6.147584e-01	5.162879e-04
6.147840e-01	5.018951e-04
6.148096e-01	4.877372e-04
6.148352e-01	4.735467e-04
6.148608e-01	4.592031e-04
6.148864e-01	4.445959e-04
6.149120e-01	4.295661e-04
6.149376e-01	4.146411e-04
6.149632e-01	3.996587e-04
6.149888e-01	3.846466e-04
6.150144e-01	3.692875e-04
6.150400e-01	3.536939e-04
6.150656e-01	3.386131e-04
6.150912e-01	3.232798e-04
6.151168e-01	3.074630e-04
6.151424e-01	2.917612e-04
6.151680e-01	2.758434e-04
6.151936e-01	2.598010e-04
6.152192e-01	2.436577e-04
6.152448e-01	2.281597e-04
6.152704e-01	2.118004e-04
6.152960e-01	1.955922e-04
6.153216e-01	1.794400e-04
6.153472e-01	1.626644e-04
6.153728e-01	1.467063e-04
6.153984e-01	1.301421e-04
6.154240e-01	1.136270e-04
6.154496e-01	9.751903e-05
6.154752e-01	8.045541e-05
6.155008e-01	6.425534e-05
6.155264e-01	4.742945e-05
6.155520e-01	3.062534e-05
6.155776e-01	1.421300e-05
6.156032e-01	-2.288163e-06
6.156288e-01	-1.907599e-05
6.156544e-01	-3.584895e-05
6.156800e-01	-5.230064e-05
6.157056e-01	-6.914029e-05
6.157312e-01	-8.581381e-05
6.157568e-01	-1.022833e-04
6.157824e-01	-1.188540e-04
6.158080e-01	-1.359791e-04
6.158336e-01	-1.521474e-04
6.158592e-01	-1.684897e-04
6.158848e-01	-1.853368e-04
6.159104e-01	-2.016587e-04
6.159360e-01	-2.181258e-04
6.159616e-01	-2.342196e-04
6.159872e-01	-2.508843e-04
6.160128e-01	-2.670529e-04
6.160384e-01	-2.832726e-04
6.160640e-01	-2.995907e-04
6.160896e-01	-3.156068e-04
6.161152e-01	-3.311811e-04
6.161408e-01	-3.473797e-04
6.161664e-01	-3.630919e-04
6.161920e-01	-3.785739e-04
6.162176e-01	-3.950141e-04
6.162432e-01	-4.098540e-04
6.162688e-01	-4.253472e-04
6.162944e-01	-4.411408e-04
6.163200e-01	-4.557763e-04
6.163456e-01	-4.712598e-04
6.163712e-01	-4.861894e-04
6.163968e-01	-5.008082e-04
6.164224e-01	-5.154376e-04
6.164480e-01	-5.305156e-04
6.164736e-01	-5.448173e-04
6.164992e-01	-5.585215e-04
6.165248e-01	-5.732228e-04
6.165504e-01	-5.875121e-04
6.165760e-01	-6.009306e-04
6.166016e-01	-6.151159e-04
6.166272e-01	-6.285003e-04
6.166528e-01	-6.416765e-04
6.166784e-01	-6.552678e-04
6.167040e-01	-6.681322e-04
6.167296e-01	-6.810530e-04
6.167552e-01	-6.934393e-04
6.167808e-01	-7.057462e-04
6.168064e-01	-7.186643e-04
6.168320e-01	-7.303868e-04
6.168576e-01	-7.420666e-04
6.168832e-01	-7.541167e-04
6.169088e-01	-7.657653e-04
6.169344e-01	-7.768718e-04
6.169600e-01	-7.878960e-04
6.169856e-01	-7.990408e-04
6.170112e-01	-8.096125e-04
6.170368e-01	-8.198325e-04
6.170624e-01	-8.302858e-04
6.170880e-01	-8.402763e-04
6.171136e-01	-8.498293e-04
6.171392e-01	-8.600382e-04
6.171648e-01	-8.692261e-04
6.171904e-01	-8.779257e-04
6.172160e-01	-8.870161e-04
6.172416e-01	-8.953413e-04
6.172672e-01	-9.039858e-04
6.172928e-01	-9.119872e-04
6.173184e-01	-9.200202e-04
6.173440e-01	-9.275535e-04
6.173696e-01	-9.345660e-04
6.173952e-01	-9.415311e-04
6.174208e-01	-9.487619e-04
6.174464e-01	-9.553183e-04
6.174720e-01	-9.614765e-04
6.174976e-01	-9.681207e-04
6.175232e-01	-9.736177e-04
6.175488e-01	-9.790139e-04
6.175744e-01	-9.847305e-04
6.176000e-01	-9.895909e-04
6.176256e-01	-9.940976e-04
6.176512e-01	-9.985752e-04
6.176768e-01	-1.002816e-03
6.177024e-01	-1.006572e-03
6.177280e-01	-1.010245e-03
6.177536e-01	-1.013501e-03
6.177792e-01	-1.016629e-03
6.178048e-01	-1.019686e-03
6.178304e-01	-1.022061e-03
6.178560e-01	-1.024335e-03
6.178816e-01	-1.026460e-03
6.179072e-01	-1.027836e-03
6.179328e-01	-1.029364e-03
6.179584e-01	-1.030869e-03
6.179840e-01	-1.031320e-03
6.180096e-01	-1.031596e-03
6.180352e-01	-1.032698e-03
6.180608e-01	-1.031936e-03
6.180864e-01	-1.031990e-03
6.181120e-01	-1.031577e-03
6.181376e-01	-1.030415e-03
6.181632e-01	-1.029582e-03
6.181888e-01	-1.028161e-03
6.182144e-01	-1.026975e-03
6.182400e-01	-1.024257e-03
6.182656e-01	-1.022467e-03
6.182912e-01	-1.020200e-03
6.183168e-01	-1.017164e-03
6.183424e-01	-1.014273e-03
6.183680e-01	-1.010894e-03
6.183936e-01	-1.007408e-03
6.184192e-01	-1.003303e-03
6.184448e-01	-9.995655e-04
6.184704e-01	-9.946735e-04
6.184960e-01	-9.904588e-04
6.185216e-01	-9.857682e-04
6.185472e-01	-9.802872e-04
6.185728e-01	-9.748483e-04
6.185984e-01	-9.691563e-04
6.186240e-01	-9.634989e-04
6.186496e-01	-9.569864e-04
6.186752e-01	-9.510163e-04
6.187008e-01	-9.444052e-04
6.187264e-01	-9.373467e-04
6.187520e-01	-9.305370e-04
6.187776e-01	-9.226659e-04
6.188032e-01	-9.150892e-04
6.188288e-01	-9.071075e-04
6.188544e-01	-8.991741e-04
6.188800e-01	-8.907699e-04
6.189056e-01	-8.820223e-04
6.189312e-01	-8.735383e-04
6.189568e-01	-8.648818e-04
6.189824e-01	-8.555539e-04
6.190080e-01	-8.456739e-04
6.190336e-01	-8.361043e-04
6.190592e-01	-8.260707e-04
6.190848e-01	-8.161397e-04
6.191104e-01	-8.062943e-04
6.191360e-01	-7.950559e-04
6.191616e-01	-7.845495e-04
6.191872e-01	-7.739112e-04
6.192128e-01	-7.627742e-04
6.192384e-01	-7.512642e-04
6.192640e-01	-7.396645e-04
6.192896e-01	-7.286269e-04
6.193152e-01	-7.164177e-04
6.193408e-01	-7.043536e-04
6.193664e-01	-6.921476e-04
6.193920e-01	-6.794699e-04
6.194176e-01	-6.675085e-04
6.194432e-01	-6.544698e-04
6.194688e-01	-6.414305e-04
6.194944e-01	-6.286355e-04
6.195200e-01	-6.151539e-04
6.195456e-01	-6.023025e-04
6.195712e-01	-5.888410e-04
6.195968e-01	-5.746305e-04
6.196224e-01	-5.613538e-04
6.196480e-01	-5.473458e-04
6.196736e-01	-5.335546e-04
6.196992e-01	-5.193398e-04
6.197248e-01	-5.049260e-04
6.197504e-01	-4.905144e-04
6.197760e-01	-4.760799e-04
6.198016e-01	-4.615043e-04
6.198272e-01	-4.466118e-04
6.198528e-01	-4.316489e-04
6.198784e-01	-4.163370e-04
6.199040e-01	-4.016138e-04
6.199296e-01	-3.861402e-04
6.199552e-01	-3.711502e-04
6.199808e-01	-3.559206e-04
6.200064e-01	-3.401067e-04
6.200320e-01	-3.248904e-04
6.200576e-01	-3.094208e-04
6.200832e-01	-2.942302e-04
6.201088e-01	-2.782878e-04
6.201344e-01	-2.624694e-04
6.201600e-01	-2.465649e-04
6.201856e-01	-2.307841e-04
6.202112e-01	-2.146036e-04
6.202368e-01	-1.987775e-04
6.202624e-01	-1.827050e-04
6.202880e-01	-1.664156e-04
6.203136e-01	-1.508360e-04
6.203392e-01	-1.347016e-04
6.203648e-01	-1.182627e-04
6.203904e-01	-1.020400e-04
6.204160e-01	-8.614417e-05
6.204416e-01	-6.980017e-05
6.204672e-01	-5.385431e-05
6.204928e-01	-3.759762e-05
6.205184e-01	-2.118429e-05
6.205440e-01	-5.165650e-06
6.205696e-01	1.127801e-05
6.205952e-01	2.723595e-05
6.206208e-01	4.368769e-05
6.206464e-01	5.937390e-05
6.206720e-01	7.576103e-05
6.206976e-01	9.164113e-05
6.207232e-01	1.076333e-04
6.207488e-01	1.240358e-04
6.207744e-01	1.396003e-04
6.208000e-01	1.559338e-04
6.208256e-01	1.714632e-04
6.208512e-01	1.875439e-04
6.208768e-01	2.034310e-04
6.209024e-01	2.188235e-04
6.209280e-01	2.350715e-04
6.209536e-01	2.501119e-04
6.209792e-01	2.656162e-04
6.210048e-01	2.813090e-04
6.210304e-01	2.963912e-04
6.210560e-01	3.119274e-04
6.210816e-01	3.271759e-04
6.211072e-01	3.419689e-04
6.211328e-01	3.570727e-04
6.211584e-01	3.720390e-04
6.211840e-01	3.870026e-04
6.212096e-01	4.014731e-04
6.212352e-01	4.160911e-04
6.212608e-01	4.309293e-04
6.212864e-01	4.450672e-04
6.213120e-01	4.592256e-04
6.213376e-01	4.734962e-04
6.213632e-01	4.874198e-04
6.213888e-01	5.013744e-04
6.214144e-01	5.150184e-04
6.214400e-01	5.290346e-04
6.214656e-01	5.424752e-04
6.214912e-01	5.557209e-04
6.215168e-01	5.690934e-04
6.215424e-01	5.820894e-04
6.215680e-01	5.953272e-04
6.215936e-01	6.075547e-04
6.216192e-01	6.202632e-04
6.216448e-01	6.331645e-04
6.216704e-01	6.448959e-04
6.216960e-01	6.574302e-04
6.217216e-01	6.696850e-04
6.217472e-01	6.811981e-04
6.217728e-01	6.928489e-04
6.217984e-01	7.043852e-04
6.218240e-01	7.154378e-04
6.218496e-01	7.264438e-04
6.218752e-01	7.372699e-04
6.219008e-01	7.484888e-04
6.219264e-01	7.586625e-04
6.219520e-01	7.690422e-04
6.219776e-01	7.793261e-04
6.220032e-01	7.889267e-04
6.220288e-01	7.990822e-04
6.220544e-01	8.082013e-04
6.220800e-01	8.176126e-04
6.221056e-01	8.271940e-04
6.221312e-01	8.359895e-04
6.221568e-01	8.448228e-04
6.221824e-01	8.533589e-04
6.222080e-01	8.614972e-04
6.222336e-01	8.693773e-04
6.222592e-01	8.773653e-04
6.222848e-01	8.848528e-04
6.223104e-01	8.926971e-04
6.223360e-01	8.993600e-04
6.223616e-01	9.061553e-04
6.223872e-01	9.134434e-04
6.224128e-01	9.197050e-04
6.224384e-01	9.259495e-04
6.224640e-01	9.322944e-04
6.224896e-01	9.379698e-04
6.225152e-01	9.434337e-04
6.225408e-01	9.487728e-04
6.225664e-01	9.534021e-04
6.225920e-01	9.583453e-04
6.226176e-01	9.634772e-04
6.226432e-01	9.681606e-04
6.226688e-01	9.717365e-04
6.226944e-01	9.758879e-04
6.227200e-01	9.797163e-04
6.227456e-01	9.828333e-04
6.227712e-01	9.862935e-04
6.227968e-01	9.891177e-04
6.228224e-01	9.922386e-04
6.228480e-01	9.940187e-04
6.228736e-01	9.964845e-04
6.228992e-01	9.983412e-04
6.229248e-01	1.000185e-03
6.229504e-01	1.002172e-03
6.229760e-01	1.002280e-03
6.230016e-01	1.003776e-03
6.230272e-01	1.005112e-03
6.230528e-01	1.004841e-03
6.230784e-01	1.004999e-03
6.231040e-01	1.005017e-03
6.231296e-01	1.004745e-03
6.231552e-01	1.004402e-03
6.231808e-01	1.003650e-03
6.232064e-01	1.002254e-03
6.232320e-01	1.001621e-03
6.232576e-01	1.000329e-03
6.232832e-01	9.979927e-04
6.233088e-01	9.961576e-04
6.233344e-01	9.936636e-04
6.233600e-01	9.912663e-04
6.233856e-01	9.888482e-04
6.234112e-01	9.856909e-04
6.234368e-01	9.825540e-04
6.234624e-01	9.788399e-04
6.234880e-01	9.751788e-04
6.235136e-01	9.709402e-04
6.235392e-01	9.670252e-04
6.235648e-01	9.625112e-04
6.235904e-01	9.578097e-04
6.236160e-01	9.530351e-04
6.236416e-01	9.473849e-04
6.236672e-01	9.422238e-04
6.236928e-01	9.365247e-04
6.237184e-01	9.305871e-04
6.237440e-01	9.244869e-04
6.237696e-01	9.178395e-04
6.237952e-01	9.113685e-04
6.238208e-01	9.048790e-04
6.238464e-01	8.974962e-04
6.238720e-01	8.898909e-04
6.238976e-01	8.827066e-04
6.239232e-01	8.748553e-04
6.239488e-01	8.672284e-04
6.239744e-01	8.589127e-04
6.240000e-01	8.503419e-04
6.240256e-01	8.417100e-04
6.240512e-01	8.327893e-04
6.240768e-01	8.239877e-04
6.241024e-01	8.143220e-04
6.241280e-01	8.046746e-04
6.241536e-01	7.951443e-04
6.241792e-01	7.850088e-04
6.242048e-01	7.744603e-04
6.242304e-01	7.643390e-04
6.242560e-01	7.541242e-04
6.242816e-01	7.427761e-04
6.243072e-01	7.318943e-04
6.243328e-01	7.209144e-04
6.243584e-01	7.094859e-04
6.243840e-01	6.979925e-04
6.244096e-01	6.862964e-04
6.244352e-01	6.740362e-04
6.244608e-01	6.624729e-04
6.244864e-01	6.499957e-04
6.245120e-01	6.369101e-04
6.245376e-01	6.245960e-04
6.245632e-01	6.118551e-04
6.245888e-01	5.988367e-04
6.246144e-01	5.854089e-04
6.246400e-01	5.722402e-04
6.246656e-01	5.587565e-04
6.246912e-01	5.450445e-04
6.247168e-01	5.313951e-04
6.247424e-01	5.177321e-04
6.247680e-01	5.034678e-04
6.247936e-01	4.888529e-04
6.248192e-01	4.747619e-04
6.248448e-01	4.598784e-04
6.248704e-01	4.456615e-04
6.248960e-01	4.309075e-04
6.249216e-01	4.158572e-04
6.249472e-01	4.008122e-04
6.249728e-01	3.856688e-04
6.249984e-01	3.705856e-04
6.250240e-01	3.554644e-04
6.250496e-01	3.400716e-04
6.250752e-01	3.243389e-04
6.251008e-01	3.088849e-04
6.251264e-01	2.929621e-04
6.251520e-01	2.775986e-04
6.251776e-01	2.611886e-04
6.252032e-01	2.449570e-04
6.252288e-01	2.297109e-04
6.252544e-01	2.129653e-04
6.252800e-01	1.972185e-04
6.253056e-01	1.809815e-04
6.253312e-01	1.646917e-04
6.253568e-01	1.480308e-04
6.253824e-01	1.318361e-04
6.254080e-01	1.159454e-04
6.254336e-01	9.869433e-05
6.254592e-01	8.218073e-05
6.254848e-01	6.563335e-05
6.255104e-01	4.922679e-05
6.255360e-01	3.263188e-05
6.255616e-01	1.568677e-05
6.255872e-01	-1.050933e-06
6.256128e-01	-1.774426e-05
6.256384e-01	-3.389457e-05
6.256640e-01	-5.098700e-05
6.256896e-01	-6.768492e-05
6.257152e-01	-8.394394e-05
6.257408e-01	-1.010341e-04
6.257664e-01	-1.174464e-04
6.257920e-01	-1.338801e-04
6.258176e-01	-1.505620e-04
6.258432e-01	-1.671941e-04
6.258688e-01	-1.835585e-04
6.258944e-01	-2.003306e-04
6.259200e-01	-2.167119e-04
6.259456e-01	-2.325410e-04
6.259712e-01	-2.494153e-04
6.259968e-01	-2.654007e-04
6.260224e-01	-2.819205e-04
6.260480e-01	-2.975847e-04
6.260736e-01	-3.140679e-04
6.260992e-01	-3.303871e-04
6.261248e-01	-3.453815e-04
6.261504e-01	-3.617551e-04
6.261760e-01	-3.775143e-04
6.262016e-01	-3.928664e-04
6.262272e-01	-4.087645e-04
6.262528e-01	-4.242205e-04
6.262784e-01	-4.388994e-04
6.263040e-01	-4.547939e-04
6.263296e-01	-4.699262e-04
6.263552e-01	-4.843195e-04
6.263808e-01	-4.998381e-04
6.264064e-01	-5.141016e-04
6.264320e-01	-5.287658e-04
6.264576e-01	-5.432294e-04
6.264832e-01	-5.577924e-04
6.265088e-01	-5.721686e-04
6.265344e-01	-5.856950e-04
6.265600e-01	-6.002588e-04
6.265856e-01	-6.137436e-04
6.266112e-01	-6.270939e-04
6.266368e-01	-6.407919e-04
6.266624e-01	-6.537590e-04
6.266880e-01	-6.671328e-04
6.267136e-01	-6.798430e-04
6.267392e-01	-6.926908e-04
6.267648e-01	-7.049508e-04
6.267904e-01	-7.171952e-04
6.268160e-01	-7.294526e-04
6.268416e-01	-7.411453e-04
6.268672e-01	-7.532603e-04
6.268928e-01	-7.648807e-04
6.269184e-01	-7.760080e-04
6.269440e-01	-7.872059e-04
6.269696e-01	-7.981581e-04
6.269952e-01	-8.090851e-04
6.270208e-01	-8.192179e-04
6.270464e-01	-8.296113e-04
6.270720e-01	-8.396361e-04
6.270976e-01	-8.491476e-04
6.271232e-01	-8.591185e-04
6.271488e-01	-8.682777e-04
6.271744e-01	-8.771693e-04
6.272000e-01	-8.861780e-04
6.272256e-01	-8.949540e-04
6.272512e-01	-9.033583e-04
6.272768e-01	-9.111651e-04
6.273024e-01	-9.192150e-04
6.273280e-01	-9.269038e-04
6.273536e-01	-9.341114e-04
6.273792e-01	-9.414989e-04
6.274048e-01	-9.482291e-04
6.274304e-01	-9.548019e-04
6.274560e-01	-9.615147e-04
6.274816e-01	-9.673702e-04
6.275072e-01	-9.731377e-04
6.275328e-01	-9.787424e-04
6.275584e-01	-9.839839e-04
6.275840e-01	-9.892425e-04
6.276096e-01	-9.936516e-04
6.276352e-01	-9.981878e-04
6.276608e-01	-1.002510e-03
6.276864e-01	-1.005947e-03
6.277120e-01	-1.010025e-03
6.277376e-01	-1.013297e-03
6.277632e-01	-1.016811e-03
6.277888e-01	-1.019356e-03
6.278144e-01	-1.021920e-03
6.278400e-01	-1.024497e-03
6.278656e-01	-1.026068e-03
6.278912e-01	-1.027668e-03
6.279168e-01	-1.029046e-03
6.279424e-01	-1.030566e-03
6.279680e-01	-1.031283e-03
6.279936e-01	-1.031764e-03
6.280192e-01	-1.032351e-03
6.280448e-01	-1.032165e-03
6.280704e-01	-1.031936e-03
6.280960e-01	-1.031501e-03
6.281216e-01	-1.030456e-03
6.281472e-01	-1.029783e-03
6.281728e-01	-1.028328e-03
6.281984e-01	-1.026410e-03
6.282240e-01	-1.024793e-03
6.282496e-01	-1.022527e-03
6.282752e-01	-1.020422e-03
6.283008e-01	-1.016931e-03
6.283264e-01	-1.014292e-03
6.283520e-01	-1.011096e-03
6.283776e-01	-1.007316e-03
6.284032e-01	-1.003740e-03
6.284288e-01	-9.993559e-04
6.284544e-01	-9.959453e-04
6.284800e-01	-9.905911e-04
6.285056e-01	-9.860196e-04
6.285312e-01	-9.812441e-04
6.285568e-01	-9.749540e-04
6.285824e-01	-9.703191e-04
6.286080e-01	-9.640568e-04
6.286336e-01	-9.577402e-04
6.286592e-01	-9.516745e-04
6.286848e-01	-9.446372e-04
6.287104e-01	-9.380824e-04
6.287360e-01	-9.310420e-04
6.287616e-01	-9.235334e-04
6.287872e-01	-9.160377e-04
6.288128e-01	-9.082342e-04
6.288384e-01	-9.001006e-04
6.288640e-01	-8.917676e-04
6.288896e-01	-8.833248e-04
6.289152e-01	-8.743780e-04
6.289408e-01	-8.655436e-04
6.289664e-01	-8.557549e-04
6.289920e-01	-8.470897e-04
6.290176e-01	-8.371401e-04
6.290432e-01	-8.270428e-04
6.290688e-01	-8.175189e-04
6.290944e-01	-8.067432e-04
6.291200e-01	-7.968833e-04
6.291456e-01	-7.858091e-04
6.291712e-01	-7.751502e-04
6.291968e-01	-7.638865e-04
6.292224e-01	-7.525893e-04
6.292480e-01	-7.411597e-04
6.292736e-01	-7.291791e-04
6.292992e-01	-7.178762e-04
6.293248e-01	-7.052908e-04
6.293504e-01	-6.932357e-04
6.293760e-01	-6.808330e-04
6.294016e-01	-6.686374e-04
6.294272e-01	-6.556817e-04
6.294528e-01	-6.428027e-04
6.294784e-01	-6.301258e-04
6.295040e-01	-6.166997e-04
6.295296e-01	-6.034364e-04
6.295552e-01	-5.897545e-04
6.295808e-01	-5.762192e-04
6.296064e-01	-5.627561e-04
6.296320e-01	-5.485357e-04
6.296576e-01	-5.344413e-04
6.296832e-01	-5.204113e-04
6.297088e-01	-5.059117e-04
6.297344e-01	-4.918611e-04
6.297600e-01	-4.772215e-04
6.297856e-01	-4.628407e-04
6.298112e-01	-4.480783e-04
6.298368e-01	-4.325652e-04
6.298624e-01	-4.183538e-04
6.298880e-01	-4.027962e-04
6.299136e-01	-3.880573e-04
6.299392e-01	-3.726687e-04
6.299648e-01	-3.569165e-04
6.299904e-01	-3.421411e-04
6.300160e-01	-3.261441e-04
6.300416e-01	-3.111499e-04
6.300672e-01	-2.951917e-04
6.300928e-01	-2.794156e-04
6.301184e-01	-2.636896e-04
6.301440e-01	-2.479207e-04
6.301696e-01	-2.325453e-04
6.301952e-01	-2.160141e-04
6.302208e-01	-2.002994e-04
6.302464e-01	-1.843393e-04
6.302720e-01	-1.683829e-04
6.302976e-01	-1.522707e-04
6.303232e-01	-1.363177e-04
6.303488e-01	-1.197799e-04
6.303744e-01	-1.038021e-04
6.304000e-01	-8.775906e-05
6.304256e-01	-7.116172e-05
6.304512e-01	-5.545845e-05
6.304768e-01	-3.888015e-05
6.305024e-01	-2.276099e-05
6.305280e-01	-6.850734e-06
6.305536e-01	9.821772e-06
6.305792e-01	2.542781e-05
6.306048e-01	4.157866e-05
6.306304e-01	5.839151e-05
6.306560e-01	7.435231e-05
6.306816e-01	8.995696e-05
6.307072e-01	1.063044e-04
6.307328e-01	1.222328e-04
6.307584e-01	1.380869e-04
6.307840e-01	1.545512e-04
6.308096e-01	1.698446e-04
6.308352e-01	1.859086e-04
6.308608e-01	2.015189e-04
6.308864e-01	2.171790e-04
6.309120e-01	2.332307e-04
6.309376e-01	2.482189e-04
6.309632e-01	2.641206e-04
6.309888e-01	2.796136e-04
6.310144e-01	2.953569e-04
6.310400e-01	3.100192e-04
6.310656e-01	3.254802e-04
6.310912e-01	3.409314e-04
6.311168e-01	3.555469e-04
6.311424e-01	3.707111e-04
6.311680e-01	3.856983e-04
6.311936e-01	4.003968e-04
6.312192e-01	4.145745e-04
6.312448e-01	4.294183e-04
6.312704e-01	4.438594e-04
6.312960e-01	4.579621e-04
6.313216e-01	4.721897e-04
6.313472e-01	4.864423e-04
6.313728e-01	5.000132e-04
6.313984e-01	5.135421e-04
6.314240e-01	5.275186e-04
6.314496e-01	5.410660e-04
6.314752e-01	5.545840e-04
6.315008e-01	5.677257e-04
6.315264e-01	5.808966e-04
6.315520e-01	5.939681e-04
6.315776e-01	6.066796e-04
6.316032e-01	6.191176e-04
6.316288e-01	6.316993e-04
6.316544e-01	6.439580e-04
6.316800e-01	6.561371e-04
6.317056e-01	6.679436e-04
6.317312e-01	6.800144e-04
6.317568e-01	6.912957e-04
6.317824e-01	7.029577e-04
6.318080e-01	7.146332e-04
6.318336e-01	7.249310e-04
6.318592e-01	7.363636e-04
6.318848e-01	7.473439e-04
6.319104e-01	7.572329e-04
6.319360e-01	7.678985e-04
6.319616e-01	7.779602e-04
6.319872e-01	7.879905e-04
6.320128e-01	7.979310e-04
6.320384e-01	8.075545e-04
6.320640e-01	8.169698e-04
6.320896e-01	8.260513e-04
6.321152e-01	8.349991e-04
6.321408e-01	8.433590e-04
6.321664e-01	8.521323e-04
6.321920e-01	8.606720e-04
6.322176e-01	8.687299e-04
6.322432e-01	8.764971e-04
6.322688e-01	8.841663e-04
6.322944e-01	8.916635e-04
6.323200e-01	8.986773e-04
6.323456e-01	9.058548e-04
6.323712e-01	9.124107e-04
6.323968e-01	9.187965e-04
6.324224e-01	9.255237e-04
6.324480e-01	9.317211e-04
6.324736e-01	9.371118e-04
6.324992e-01	9.433205e-04
6.325248e-01	9.482903e-04
6.325504e-01	9.528104e-04
6.325760e-01	9.586944e-04
6.326016e-01	9.632804e-04
6.326272e-01	9.672717e-04
6.326528e-01	9.715824e-04
6.326784e-01	9.757163e-04
6.327040e-01	9.793482e-04
6.327296e-01	9.827986e-04
6.327552e-01	9.864870e-04
6.327808e-01	9.891378e-04
6.328064e-01	9.917489e-04
6.328320e-01	9.941052e-04
6.328576e-01	9.965972e-04
6.328832e-01	9.981618e-04
6.329088e-01	9.998097e-04
6.329344e-01	1.001734e-03
6.329600e-01	1.002684e-03
6.329856e-01	1.003970e-03
6.330112e-01	1.004238e-03
6.330368e-01	1.004731e-03
6.330624e-01	1.005401e-03
6.330880e-01	1.005030e-03
6.331136e-01	1.005115e-03
6.331392e-01	1.004675e-03
6.331648e-01	1.003507e-03
6.331904e-01	1.002594e-03
6.332160e-01	1.001580e-03
6.332416e-01	1.000032e-03
6.332672e-01	9.980022e-04
6.332928e-01	9.957300e-04
6.333184e-01	9.939225e-04
6.333440e-01	9.913474e-04
6.333696e-01	9.889575e-04
6.333952e-01	9.862940e-04
6.334208e-01	9.825878e-04
6.334464e-01	9.791552e-04
6.334720e-01	9.758737e-04
6.334976e-01	9.718494e-04
6.335232e-01	9.671087e-04
6.335488e-01	9.628501e-04
6.335744e-01	9.582601e-04
6.336000e-01	9.533775e-04
6.336256e-01	9.481582e-04
6.336512e-01	9.428227e-04
6.336768e-01	9.374074e-04
6.337024e-01	9.308115e-04
6.337280e-01	9.251690e-04
6.337536e-01	9.188430e-04
6.337792e-01	9.119494e-04
6.338048e-01	9.053542e-04
6.338304e-01	8.980989e-04
6.338560e-01	8.910134e-04
6.338816e-01	8.836332e-04
6.339072e-01	8.760139e-04
6.339328e-01	8.679405e-04
6.339584e-01	8.594925e-04
6.339840e-01	8.507849e-04
6.340096e-01	8.422728e-04
6.340352e-01	8.338565e-04
6.340608e-01	8.240038e-04
6.340864e-01	8.151544e-04
6.341120e-01	8.058912e-04
6.341376e-01	7.957417e-04
6.341632e-01	7.859814e-04
6.341888e-01	7.758575e-04
6.342144e-01	7.653967e-04
6.342400e-01	7.549471e-04
6.342656e-01	7.441351e-04
6.342912e-01	7.332396e-04
6.343168e-01	7.219648e-04
6.343424e-01	7.103764e-04
6.343680e-01	6.992099e-04
6.343936e-01	6.870132e-04
6.344192e-01	6.753580e-04
6.344448e-01	6.635558e-04
6.344704e-01	6.509324e-04
6.344960e-01	6.384457e-04
6.345216e-01	6.257385e-04
6.345472e-01	6.131200e-04
6.345728e-01	5.998994e-04
6.345984e-01	5.870445e-04
6.346240e-01	5.731247e-04
6.346496e-01	5.599994e-04
6.346752e-01	5.465298e-04
6.347008e-01	5.324919e-04
6.347264e-01	5.189860e-04
6.347520e-01	5.047745e-04
6.347776e-01	4.908358e-04
6.348032e-01	4.761016e-04
6.348288e-01	4.616854e-04
6.348544e-01	4.468850e-04
6.348800e-01	4.325071e-04
6.349056e-01	4.174504e-04
6.349312e-01	4.022333e-04
6.349568e-01	3.879188e-04
6.349824e-01	3.719127e-04
6.350080e-01	3.570445e-04
6.350336e-01	3.412603e-04
6.350592e-01	3.255926e-04
6.350848e-01	3.104036e-04
6.351104e-01	2.947171e-04
6.351360e-01	2.789608e-04
6.351616e-01	2.630029e-04
6.351872e-01	2.470774e-04
6.352128e-01	2.306584e-04
6.352384e-01	2.150192e-04
6.352640e-01	1.988161e-04
6.352896e-01	1.823327e-04
6.353152e-01	1.661002e-04
6.353408e-01	1.494725e-04
6.353664e-01	1.336799e-04
6.353920e-01	1.174092e-04
6.354176e-01	1.004634e-04
6.354432e-01	8.385273e-05
6.354688e-01	6.743152e-05
6.354944e-01	5.076217e-05
6.355200e-01	3.407478e-05
6.355456e-01	1.742545e-05
6.355712e-01	8.545655e-07
6.355968e-01	-1.587178e-05
6.356224e-01	-3.257902e-05
6.356480e-01	-4.893270e-05
6.356736e-01	-6.586830e-05
6.356992e-01	-8.242673e-05
6.357248e-01	-9.901823e-05
6.357504e-01	-1.160479e-04
6.357760e-01	-1.321935e-04
6.358016e-01	-1.491490e-04
6.358272e-01	-1.654292e-04
6.358528e-01	-1.819638e-04
6.358784e-01	-1.986545e-04
6.359040e-01	-2.147939e-04
6.359296e-01	-2.313960e-04
6.359552e-01	-2.475917e-04
6.359808e-01	-2.639966e-04
6.360064e-01	-2.802214e-04
6.360320e-01	-2.964299e-04
6.360576e-01	-3.125610e-04
6.360832e-01	-3.285555e-04
6.361088e-01	-3.443867e-04
6.361344e-01	-3.599068e-04
6.361600e-01	-3.759265e-04
6.361856e-01	-3.916659e-04
6.362112e-01	-4.072223e-04
6.362368e-01	-4.223513e-04
6.362624e-01	-4.380485e-04
6.362880e-01	-4.533122e-04
6.363136e-01	-4.683065e-04
6.363392e-01	-4.832360e-04
6.363648e-01	-4.981306e-04
6.363904e-01	-5.128380e-04
6.364160e-01	-5.271520e-04
6.364416e-01	-5.421705e-04
6.364672e-01	-5.561066e-04
6.364928e-01	-5.702257e-04
6.365184e-01	-5.845904e-04
6.365440e-01	-5.984774e-04
6.365696e-01	-6.120107e-04
6.365952e-01	-6.255821e-04
6.366208e-01	-6.394270e-04
6.366464e-01	-6.521461e-04
6.366720e-01	-6.657112e-04
6.366976e-01	-6.783386e-04
6.367232e-01	-6.906760e-04
6.367488e-01	-7.035144e-04
6.367744e-01	-7.158573e-04
6.368000e-01	-7.279651e-04
6.368256e-01	-7.400821e-04
6.368512e-01	-7.520997e-04
6.368768e-01	-7.633279e-04
6.369024e-01	-7.747247e-04
6.369280e-01	-7.859800e-04
6.369536e-01	-7.969001e-04
6.369792e-01	-8.075939e-04
6.370048e-01	-8.181889e-04
6.370304e-01	-8.285475e-04
6.370560e-01	-8.384102e-04
6.370816e-01	-8.485790e-04
6.371072e-01	-8.579685e-04
6.371328e-01	-8.672638e-04
6.371584e-01	-8.764712e-04
6.371840e-01	-8.852215e-04
6.372096e-01	-8.942717e-04
6.372352e-01	-9.027066e-04
6.372608e-01	-9.104534e-04
6.372864e-01	-9.185216e-04
6.373120e-01	-9.261252e-04
6.373376e-01	-9.335807e-04
6.373632e-01	-9.408917e-04
6.373888e-01	-9.477141e-04
6.374144e-01	-9.542352e-04
6.374400e-01	-9.606733e-04
6.374656e-01	-9.669230e-04
6.374912e-01	-9.727186e-04
6.375168e-01	-9.779177e-04
6.375424e-01	-9.831374e-04
6.375680e-01	-9.887629e-04
6.375936e-01	-9.931747e-04
6.376192e-01	-9.976398e-04
6.376448e-01	-1.002137e-03
6.376704e-01	-1.005622e-03
6.376960e-01	-1.009340e-03
6.377216e-01	-1.012384e-03
6.377472e-01	-1.016076e-03
6.377728e-01	-1.018738e-03
6.377984e-01	-1.021120e-03
6.378240e-01	-1.024219e-03
6.378496e-01	-1.025995e-03
6.378752e-01	-1.027877e-03
6.379008e-01	-1.029197e-03
6.379264e-01	-1.030009e-03
6.379520e-01	-1.031046e-03
6.379776e-01	-1.031889e-03
6.380032e-01	-1.032206e-03
6.380288e-01	-1.031804e-03
6.380544e-01	-1.032100e-03
6.380800e-01	-1.031677e-03
6.381056e-01	-1.030448e-03
6.381312e-01	-1.029675e-03
6.381568e-01	-1.028507e-03
6.381824e-01	-1.026605e-03
6.382080e-01	-1.024539e-03
6.382336e-01	-1.022392e-03
6.382592e-01	-1.020458e-03
6.382848e-01	-1.017644e-03
6.383104e-01	-1.014843e-03
6.383360e-01	-1.011797e-03
6.383616e-01	-1.007848e-03
6.383872e-01	-1.004067e-03
6.384128e-01	-9.998262e-04
6.384384e-01	-9.956163e-04
6.384640e-01	-9.910180e-04
6.384896e-01	-9.866230e-04
6.385152e-01	-9.814810e-04
6.385408e-01	-9.757477e-04
6.385664e-01	-9.703668e-04
6.385920e-01	-9.643710e-04
6.386176e-01	-9.589139e-04
6.386432e-01	-9.522503e-04
6.386688e-01	-9.454776e-04
6.386944e-01	-9.388329e-04
6.387200e-01	-9.312624e-04
6.387456e-01	-9.239933e-04
6.387712e-01	-9.166879e-04
6.387968e-01	-9.088190e-04
6.388224e-01	-9.006705e-04
6.388480e-01	-8.921798e-04
6.388736e-01	-8.837215e-04
6.388992e-01	-8.753474e-04
6.389248e-01	-8.661516e-04
6.389504e-01	-8.571355e-04
6.389760e-01	-8.477026e-04
6.390016e-01	-8.377613e-04
6.390272e-01	-8.286805e-04
6.390528e-01	-8.180746e-04
6.390784e-01	-8.076837e-04
6.391040e-01	-7.976485e-04
6.391296e-01	-7.867854e-04
6.391552e-01	-7.756788e-04
6.391808e-01	-7.648867e-04
6.392064e-01	-7.538804e-04
6.392320e-01	-7.419199e-04
6.392576e-01	-7.305449e-04
6.392832e-01	-7.185218e-04
6.393088e-01	-7.067815e-04
6.393344e-01	-6.949068e-04
6.393600e-01	-6.820470e-04
6.393856e-01	-6.697978e-04
6.394112e-01	-6.569558e-04
6.394368e-01	-6.442883e-04
6.394624e-01	-6.311359e-04
6.394880e-01	-6.182833e-04
6.395136e-01	-6.047580e-04
6.395392e-01	-5.910237e-04
6.395648e-01	-5.777910e-04
6.395904e-01	-5.639020e-04
6.396160e-01	-5.502455e-04
6.396416e-01	-5.358222e-04
6.396672e-01	-5.216736e-04
6.396928e-01	-5.074234e-04
6.397184e-01	-4.932789e-04
6.397440e-01	-4.786377e-04
6.397696e-01	-4.637905e-04
6.397952e-01	-4.492654e-04
6.398208e-01	-4.339929e-04
6.398464e-01	-4.198202e-04
6.398720e-01	-4.040692e-04
6.398976e-01	-3.891065e-04
6.399232e-01	-3.744247e-04
6.399488e-01	-3.585306e-04
6.399744e-01	-3.434781e-04
6.400000e-01	-3.279674e-04
6.400256e-01	-3.122107e-04
6.400512e-01	-2.967275e-04
6.400768e-01	-2.811389e-04
6.401024e-01	-2.651547e-04
6.401280e-01	-2.491206e-04
6.401536e-01	-2.337706e-04
6.401792e-01	-2.178539e-04
6.402048e-01	-2.014705e-04
6.402304e-01	-1.858241e-04
6.402560e-01	-1.696769e-04
6.402816e-01	-1.533382e-04
6.403072e-01	-1.375913e-04
6.403328e-01	-1.215404e-04
6.403584e-01	-1.052450e-04
6.403840e-01	-8.920972e-05
6.404096e-01	-7.277348e-05
6.404352e-01	-5.679563e-05
6.404608e-01	-4.069913e-05
6.404864e-01	-2.455741e-05
6.405120e-01	-8.403057e-06
6.405376e-01	8.513151e-06
6.405632e-01	2.435991e-05
6.405888e-01	4.066671e-05
6.406144e-01	5.634926e-05
6.406400e-01	7.227899e-05
6.406656e-01	8.852496e-05
6.406912e-01	1.047260e-04
6.407168e-01	1.206722e-04
6.407424e-01	1.364480e-04
6.407680e-01	1.528575e-04
6.407936e-01	1.683471e-04
6.408192e-01	1.843496e-04
6.408448e-01	2.004750e-04
6.408704e-01	2.158250e-04
6.408960e-01	2.312903e-04
6.409216e-01	2.470857e-04
6.409472e-01	2.627033e-04
6.409728e-01	2.782031e-04
6.409984e-01	2.937207e-04
6.410240e-01	3.090708e-04
6.410496e-01	3.242492e-04
6.410752e-01	3.392637e-04
6.411008e-01	3.541907e-04
6.411264e-01	3.686539e-04
6.411520e-01	3.838819e-04
6.411776e-01	3.988330e-04
6.412032e-01	4.133963e-04
6.412288e-01	4.279120e-04
6.412544e-01	4.425190e-04
6.412800e-01	4.563571e-04
6.413056e-01	4.706012e-04
6.413312e-01	4.852277e-04
6.413568e-01	4.986853e-04
6.413824e-01	5.125559e-04
6.414080e-01	5.261810e-04
6.414336e-01	5.394393e-04
6.414592e-01	5.534714e-04
6.414848e-01	5.666268e-04
6.415104e-01	5.794250e-04
6.415360e-01	5.926896e-04
6.415616e-01	6.052217e-04
6.415872e-01	6.177924e-04
6.416128e-01	6.305794e-04
6.416384e-01	6.428960e-04
6.416640e-01	6.548496e-04
6.416896e-01	6.672586e-04
6.417152e-01	6.789411e-04
6.417408e-01	6.902198e-04
6.417664e-01	7.020835e-04
6.417920e-01	7.132086e-04
6.418176e-01	7.243450e-04
6.418432e-01	7.352169e-04
6.418688e-01	7.460481e-04
6.418944e-01	7.564501e-04
6.419200e-01	7.668660e-04
6.419456e-01	7.773864e-04
6.419712e-01	7.870393e-04
6.419968e-01	7.969800e-04
6.420224e-01	8.065628e-04
6.420480e-01	8.157022e-04
6.420736e-01	8.252205e-04
6.420992e-01	8.340891e-04
6.421248e-01	8.432053e-04
6.421504e-01	8.516752e-04
6.421760e-01	8.595088e-04
6.422016e-01	8.679100e-04
6.422272e-01	8.757330e-04
6.422528e-01	8.833806e-04
6.422784e-01	8.912863e-04
6.423040e-01	8.981765e-04
6.423296e-01	9.051120e-04
6.423552e-01	9.119602e-04
6.423808e-01	9.185387e-04
6.424064e-01	9.247421e-04
6.424320e-01	9.309948e-04
6.424576e-01	9.369277e-04
6.424832e-01	9.424560e-04
6.425088e-01	9.477558e-04
6.425344e-01	9.524369e-04
6.425600e-01	9.580204e-04
6.425856e-01	9.621741e-04
6.426112e-01	9.665635e-04
6.426368e-01	9.710822e-04
6.426624e-01	9.748124e-04
6.426880e-01	9.789107e-04
6.427136e-01	9.821932e-04
6.427392e-01	9.855930e-04
6.427648e-01	9.882898e-04
6.427904e-01	9.913133e-04
6.428160e-01	9.937212e-04
6.428416e-01	9.959959e-04
6.428672e-01	9.978042e-04
6.428928e-01	9.997668e-04
6.429184e-01	1.001533e-03
6.429440e-01	1.002551e-03
6.429696e-01	1.003587e-03
6.429952e-01	1.004290e-03
6.430208e-01	1.005206e-03
6.430464e-01	1.005064e-03
6.430720e-01	1.005491e-03
6.430976e-01	1.005214e-03
6.431232e-01	1.004213e-03
6.431488e-01	1.003944e-03
6.431744e-01	1.002774e-03
6.432000e-01	1.001325e-03
6.432256e-01	1.000093e-03
6.432512e-01	9.988709e-04
6.432768e-01	9.967474e-04
6.433024e-01	9.945363e-04
6.433280e-01	9.917731e-04
6.433536e-01	9.891804e-04
6.433792e-01	9.864285e-04
6.434048e-01	9.830851e-04
6.434304e-01	9.796198e-04
6.434560e-01	9.756975e-04
6.434816e-01	9.721606e-04
6.435072e-01	9.679702e-04
6.435328e-01	9.631830e-04
6.435584e-01	9.587470e-04
6.435840e-01	9.538541e-04
6.436096e-01	9.489530e-04
6.436352e-01	9.431401e-04
6.436608e-01	9.372925e-04
6.436864e-01	9.319395e-04
6.437120e-01	9.258521e-04
6.437376e-01	9.196771e-04
6.437632e-01	9.124585e-04
6.437888e-01	9.060602e-04
6.438144e-01	8.989825e-04
6.438400e-01	8.912178e-04
6.438656e-01	8.847386e-04
6.438912e-01	8.762132e-04
6.439168e-01	8.686168e-04
6.439424e-01	8.605107e-04
6.439680e-01	8.518510e-04
6.439936e-01	8.435953e-04
6.440192e-01	8.339278e-04
6.440448e-01	8.253378e-04
6.440704e-01	8.161057e-04
6.440960e-01	8.061080e-04
6.441216e-01	7.968593e-04
6.441472e-01	7.867907e-04
6.441728e-01	7.763190e-04
6.441984e-01	7.664870e-04
6.442240e-01	7.559143e-04
6.442496e-01	7.449496e-04
6.442752e-01	7.343139e-04
6.443008e-01	7.228833e-04
6.443264e-01	7.116585e-04
6.443520e-01	6.996928e-04
6.443776e-01	6.882387e-04
6.444032e-01	6.764235e-04
6.444288e-01	6.641258e-04
6.444544e-01	6.522086e-04
6.444800e-01	6.396147e-04
6.445056e-01	6.270313e-04
6.445312e-01	6.141810e-04
6.445568e-01	6.015603e-04
6.445824e-01	5.881562e-04
6.446080e-01	5.746656e-04
6.446336e-01	5.619609e-04
6.446592e-01	5.481168e-04
6.446848e-01	5.339757e-04
6.447104e-01	5.203752e-04
6.447360e-01	5.061792e-04
6.447616e-01	4.914733e-04
6.447872e-01	4.773717e-04
6.448128e-01	4.633105e-04
6.448384e-01	4.485304e-04
6.448640e-01	4.335049e-04
6.448896e-01	4.189245e-04
6.449152e-01	4.038970e-04
6.449408e-01	3.888528e-04
6.449664e-01	3.736624e-04
6.449920e-01	3.584068e-04
6.450176e-01	3.428827e-04
6.450432e-01	3.273042e-04
6.450688e-01	3.116285e-04
6.450944e-01	2.958266e-04
6.451200e-01	2.803655e-04
6.451456e-01	2.645221e-04
6.451712e-01	2.483854e-04
6.451968e-01	2.322841e-04
6.452224e-01	2.163365e-04
6.452480e-01	2.003199e-04
6.452736e-01	1.835382e-04
6.452992e-01	1.676083e-04
6.453248e-01	1.515993e-04
6.453504e-01	1.346482e-04
6.453760e-01	1.186724e-04
6.454016e-01	1.020600e-04
6.454272e-01	8.560761e-05
6.454528e-01	6.893084e-05
6.454784e-01	5.215266e-05
6.455040e-01	3.574572e-05
6.455296e-01	1.871756e-05
6.455552e-01	2.432806e-06
6.455808e-01	-1.449120e-05
6.456064e-01	-3.064028e-05
6.456320e-01	-4.761714e-05
6.456576e-01	-6.431824e-05
6.456832e-01	-8.084590e-05
6.457088e-01	-9.776950e-05
6.457344e-01	-1.140778e-04
6.457600e-01	-1.312696e-04
6.457856e-01	-1.473246e-04
6.458112e-01	-1.639738e-04
6.458368e-01	-1.807616e-04
6.458624e-01	-1.971410e-04
6.458880e-01	-2.139225e-04
6.459136e-01	-2.296532e-04
6.459392e-01	-2.459543e-04
6.459648e-01	-2.625864e-04
6.459904e-01	-2.785768e-04
6.460160e-01	-2.946951e-04
6.460416e-01	-3.111252e-04
6.460672e-01	-3.267553e-04
6.460928e-01	-3.425203e-04
6.461184e-01	-3.587742e-04
6.461440e-01	-3.742944e-04
6.461696e-01	-3.900506e-04
6.461952e-01	-4.057958e-04
6.462208e-01	-4.211778e-04
6.462464e-01	-4.368366e-04
6.462720e-01	-4.518448e-04
6.462976e-01	-4.670048e-04
6.463232e-01	-4.817787e-04
6.463488e-01	-4.971231e-04
6.463744e-01	-5.118285e-04
6.464000e-01	-5.256973e-04
6.464256e-01	-5.403802e-04
6.464512e-01	-5.548517e-04
6.464768e-01	-5.692461e-04
6.465024e-01	-5.831829e-04
6.465280e-01	-5.972805e-04
6.465536e-01	-6.109170e-04
6.465792e-01	-6.246116e-04
6.466048e-01	-6.374964e-04
6.466304e-01	-6.507361e-04
6.466560e-01	-6.645501e-04
6.466816e-01	-6.768975e-04
6.467072e-01	-6.898146e-04
6.467328e-01	-7.021974e-04
6.467584e-01	-7.151605e-04
6.467840e-01	-7.268434e-04
6.468096e-01	-7.388708e-04
6.468352e-01	-7.509576e-04
6.468608e-01	-7.621515e-04
6.468864e-01	-7.743196e-04
6.469120e-01	-7.846651e-04
6.469376e-01	-7.957883e-04
6.469632e-01	-8.069729e-04
6.469888e-01	-8.171597e-04
6.470144e-01	-8.277261e-04
6.470400e-01	-8.374011e-04
6.470656e-01	-8.472238e-04
6.470912e-01	-8.570350e-04
6.471168e-01	-8.665895e-04
6.471424e-01	-8.756206e-04
6.471680e-01	-8.839971e-04
6.471936e-01	-8.930193e-04
6.472192e-01	-9.018497e-04
6.472448e-01	-9.098490e-04
6.472704e-01	-9.177235e-04
6.472960e-01	-9.254887e-04
6.473216e-01	-9.329902e-04
6.473472e-01	-9.397629e-04
6.473728e-01	-9.468617e-04
6.473984e-01	-9.535133e-04
6.474240e-01	-9.602745e-04
6.474496e-01	-9.663616e-04
6.474752e-01	-9.719338e-04
6.475008e-01	-9.775190e-04
6.475264e-01	-9.825608e-04
6.475520e-01	-9.881859e-04
6.475776e-01	-9.925376e-04
6.476032e-01	-9.975060e-04
6.476288e-01	-1.002105e-03
6.476544e-01	-1.005432e-03
6.476800e-01	-1.009291e-03
6.477056e-01	-1.012578e-03
6.477312e-01	-1.016046e-03
6.477568e-01	-1.018795e-03
6.477824e-01	-1.021427e-03
6.478080e-01	-1.023620e-03
6.478336e-01	-1.025786e-03
6.478592e-01	-1.027738e-03
6.478848e-01	-1.029094e-03
6.479104e-01	-1.030446e-03
6.479360e-01	-1.031083e-03
6.479616e-01	-1.031784e-03
6.479872e-01	-1.032366e-03
6.480128e-01	-1.032388e-03
6.480384e-01	-1.032202e-03
6.480640e-01	-1.032092e-03
6.480896e-01	-1.031280e-03
6.481152e-01	-1.029872e-03
6.481408e-01	-1.028698e-03
6.481664e-01	-1.027137e-03
6.481920e-01	-1.025262e-03
6.482176e-01	-1.023162e-03
6.482432e-01	-1.021024e-03
6.482688e-01	-1.018163e-03
6.482944e-01	-1.015426e-03
6.483200e-01	-1.012172e-03
6.483456e-01	-1.008590e-03
6.483712e-01	-1.004935e-03
6.483968e-01	-1.000949e-03
6.484224e-01	-9.965451e-04
6.484480e-01	-9.916885e-04
6.484736e-01	-9.873958e-04
6.484992e-01	-9.819190e-04
6.485248e-01	-9.766115e-04
6.485504e-01	-9.711981e-04
6.485760e-01	-9.648532e-04
6.486016e-01	-9.592583e-04
6.486272e-01	-9.530243e-04
6.486528e-01	-9.464613e-04
6.486784e-01	-9.395865e-04
6.487040e-01	-9.322793e-04
6.487296e-01	-9.251327e-04
6.487552e-01	-9.175980e-04
6.487808e-01	-9.096108e-04
6.488064e-01	-9.017193e-04
6.488320e-01	-8.932920e-04
6.488576e-01	-8.848202e-04
6.488832e-01	-8.762264e-04
6.489088e-01	-8.674749e-04
6.489344e-01	-8.578613e-04
6.489600e-01	-8.488415e-04
6.489856e-01	-8.392342e-04
6.490112e-01	-8.290853e-04
6.490368e-01	-8.191720e-04
6.490624e-01	-8.085387e-04
6.490880e-01	-7.988177e-04
6.491136e-01	-7.878634e-04
6.491392e-01	-7.770539e-04
6.491648e-01	-7.660774e-04
6.491904e-01	-7.546381e-04
6.492160e-01	-7.433540e-04
6.492416e-01	-7.316591e-04
6.492672e-01	-7.198228e-04
6.492928e-01	-7.079019e-04
6.493184e-01	-6.960891e-04
6.493440e-01	-6.833647e-04
6.493696e-01	-6.711209e-04
6.493952e-01	-6.583788e-04
6.494208e-01	-6.456506e-04
6.494464e-01	-6.326290e-04
6.494720e-01	-6.193354e-04
6.494976e-01	-6.061678e-04
6.495232e-01	-5.924519e-04
6.495488e-01	-5.788463e-04
6.495744e-01	-5.655358e-04
6.496000e-01	-5.512260e-04
6.496256e-01	-5.368593e-04
6.496512e-01	-5.232837e-04
6.496768e-01	-5.092077e-04
6.497024e-01	-4.944341e-04
6.497280e-01	-4.797994e-04
6.497536e-01	-4.652248e-04
6.497792e-01	-4.507067e-04
6.498048e-01	-4.363821e-04
6.498304e-01	-4.207458e-04
6.498560e-01	-4.055622e-04
6.498816e-01	-3.908900e-04
6.499072e-01	-3.753812e-04
6.499328e-01	-3.601241e-04
6.499584e-01	-3.445618e-04
6.499840e-01	-3.291603e-04
6.500096e-01	-3.139848e-04
6.500352e-01	-2.983217e-04
6.500608e-01	-2.825008e-04
6.500864e-01	-2.664808e-04
6.501120e-01	-2.507634e-04
6.501376e-01	-2.349848e-04
6.501632e-01	-2.190617e-04
6.501888e-01	-2.034776e-04
6.502144e-01	-1.871693e-04
6.502400e-01	-1.712394e-04
6.502656e-01	-1.550777e-04
6.502912e-01	-1.389646e-04
6.503168e-01	-1.230646e-04
6.503424e-01	-1.069134e-04
6.503680e-01	-9.052065e-05
6.503936e-01	-7.448126e-05
6.504192e-01	-5.859257e-05
6.504448e-01	-4.195857e-05
6.504704e-01	-2.581234e-05
6.504960e-01	-9.476403e-06
6.505216e-01	6.597726e-06
6.505472e-01	2.263475e-05
6.505728e-01	3.875465e-05
6.505984e-01	5.494638e-05
6.506240e-01	7.154459e-05
6.506496e-01	8.705791e-05
6.506752e-01	1.031983e-04
6.507008e-01	1.191756e-04
6.507264e-01	1.352399e-04
6.507520e-01	1.512146e-04
6.507776e-01	1.668992e-04
6.508032e-01	1.830784e-04
6.508288e-01	1.986467e-04
6.508544e-01	2.146511e-04
6.508800e-01	2.299451e-04
6.509056e-01	2.454378e-04
6.509312e-01	2.615220e-04
6.509568e-01	2.768006e-04
6.509824e-01	2.921840e-04
6.510080e-01	3.073506e-04
6.510336e-01	3.225533e-04
6.510592e-01	3.379295e-04
6.510848e-01	3.528991e-04
6.511104e-01	3.676082e-04
6.511360e-01	3.826875e-04
6.511616e-01	3.972742e-04
6.511872e-01	4.118961e-04
6.512128e-01	4.265960e-04
6.512384e-01	4.409122e-04
6.512640e-01	4.553319e-04
6.512896e-01	4.698427e-04
6.513152e-01	4.839940e-04
6.513408e-01	4.974589e-04
6.513664e-01	5.113846e-04
6.513920e-01	5.251982e-04
6.514176e-01	5.383881e-04
6.514432e-01	5.520969e-04
6.514688e-01	5.654628e-04
6.514944e-01	5.785425e-04
6.515200e-01	5.911981e-04
6.515456e-01	6.041915e-04
6.515712e-01	6.167023e-04
6.515968e-01	6.290838e-04
6.516224e-01	6.417473e-04
6.516480e-01	6.536387e-04
6.516736e-01	6.657126e-04
6.516992e-01	6.776755e-04
6.517248e-01	6.893348e-04
6.517504e-01	7.010566e-04
6.517760e-01	7.124581e-04
6.518016e-01	7.231083e-04
6.518272e-01	7.340218e-04
6.518528e-01	7.453535e-04
6.518784e-01	7.557537e-04
6.519040e-01	7.657828e-04
6.519296e-01	7.765744e-04
6.519552e-01	7.862796e-04
6.519808e-01	7.962343e-04
6.520064e-01	8.063518e-04
6.520320e-01	8.146758e-04
6.520576e-01	8.242634e-04
6.520832e-01	8.331547e-04
6.521088e-01	8.419289e-04
6.521344e-01	8.509337e-04
6.521600e-01	8.588947e-04
6.521856e-01	8.669446e-04
6.522112e-01	8.746849e-04
6.522368e-01	8.827143e-04
6.522624e-01	8.901434e-04
6.522880e-01	8.972771e-04
6.523136e-01	9.045934e-04
6.523392e-01	9.111908e-04
6.523648e-01	9.175704e-04
6.523904e-01	9.241700e-04
6.524160e-01	9.303389e-04
6.524416e-01	9.360955e-04
6.524672e-01	9.420859e-04
6.524928e-01	9.472914e-04
6.525184e-01	9.523415e-04
6.525440e-01	9.575573e-04
6.525696e-01	9.621773e-04
6.525952e-01	9.666672e-04
6.526208e-01	9.710153e-04
6.526464e-01	9.746814e-04
6.526720e-01	9.788362e-04
6.526976e-01	9.824175e-04
6.527232e-01	9.854921e-04
6.527488e-01	9.880526e-04
6.527744e-01	9.911007e-04
6.528000e-01	9.938680e-04
6.528256e-01	9.955454e-04
6.528512e-01	9.980805e-04
6.528768e-01	9.994153e-04
6.529024e-01	1.001134e-03
6.529280e-01	1.002740e-03
6.529536e-01	1.003659e-03
6.529792e-01	1.004396e-03
6.530048e-01	1.004826e-03
6.530304e-01	1.005617e-03
6.530560e-01	1.004948e-03
6.530816e-01	1.005119e-03
6.531072e-01	1.004548e-03
6.531328e-01	1.003943e-03
6.531584e-01	1.003052e-03
6.531840e-01	1.001419e-03
6.532096e-01	1.000581e-03
6.532352e-01	9.990791e-04
6.532608e-01	9.971343e-04
6.532864e-01	9.944278e-04
6.533120e-01	9.923325e-04
6.533376e-01	9.891927e-04
6.533632e-01	9.868973e-04
6.533888e-01	9.836643e-04
6.534144e-01	9.795928e-04
6.534400e-01	9.769050e-04
6.534656e-01	9.718916e-04
6.534912e-01	9.680718e-04
6.535168e-01	9.641488e-04
6.535424e-01	9.589388e-04
6.535680e-01	9.544276e-04
6.535936e-01	9.493923e-04
6.536192e-01	9.439811e-04
6.536448e-01	9.382279e-04
6.536704e-01	9.323929e-04
6.536960e-01	9.267970e-04
6.537216e-01	9.199044e-04
6.537472e-01	9.133228e-04
6.537728e-01	9.070872e-04
6.537984e-01	8.993941e-04
6.538240e-01	8.923440e-04
6.538496e-01	8.852132e-04
6.538752e-01	8.768630e-04
6.539008e-01	8.694582e-04
6.539264e-01	8.611792e-04
6.539520e-01	8.527879e-04
6.539776e-01	8.443815e-04
6.540032e-01	8.351979e-04
6.540288e-01	8.263953e-04
6.540544e-01	8.171346e-04
6.540800e-01	8.074355e-04
6.541056e-01	7.977994e-04
6.541312e-01	7.883320e-04
6.541568e-01	7.777871e-04
6.541824e-01	7.674727e-04
6.542080e-01	7.569627e-04
6.542336e-01	7.458706e-04
6.542592e-01	7.351398e-04
6.542848e-01	7.239863e-04
6.543104e-01	7.130058e-04
6.543360e-01	7.012379e-04
6.543616e-01	6.894947e-04
6.543872e-01	6.774252e-04
6.544128e-01	6.657099e-04
6.544384e-01	6.535919e-04
6.544640e-01	6.406620e-04
6.544896e-01	6.284047e-04
6.545152e-01	6.155928e-04
6.545408e-01	6.023684e-04
6.545664e-01	5.890701e-04
6.545920e-01	5.762912e-04
6.546176e-01	5.624819e-04
6.546432e-01	5.488951e-04
6.546688e-01	5.355321e-04
6.546944e-01	5.212953e-04
6.547200e-01	5.075008e-04
6.547456e-01	4.930409e-04
6.547712e-01	4.788397e-04
6.547968e-01	4.646409e-04
6.548224e-01	4.500772e-04
6.548480e-01	4.352015e-04
6.548736e-01	4.205748e-04
6.548992e-01	4.055436e-04
6.549248e-01	3.902614e-04
6.549504e-01	3.750426e-04
6.549760e-01	3.598002e-04
6.550016e-01	3.444735e-04
6.550272e-01	3.286036e-04
6.550528e-01	3.134930e-04
6.550784e-01	2.979290e-04
6.551040e-01	2.816331e-04
6.551296e-01	2.661421e-04
6.551552e-01	2.500284e-04
6.551808e-01	2.340110e-04
6.552064e-01	2.179660e-04
6.552320e-01	2.015438e-04
6.552576e-01	1.858878e-04
6.552832e-01	1.694133e-04
6.553088e-01	1.526887e-04
6.553344e-01	1.365312e-04
6.553600e-01	1.200095e-04
6.553856e-01	1.033904e-04
6.554112e-01	8.713203e-05
6.554368e-01	7.034102e-05
6.554624e-01	5.363218e-05
6.554880e-01	3.741149e-05
6.555136e-01	2.060501e-05
6.555392e-01	3.887832e-06
6.555648e-01	-1.264302e-05
6.555904e-01	-2.890056e-05
6.556160e-01	-4.630689e-05
6.556416e-01	-6.262960e-05
6.556672e-01	-7.926445e-05
6.556928e-01	-9.648284e-05
6.557184e-01	-1.123815e-04
6.557440e-01	-1.293297e-04
6.557696e-01	-1.462328e-04
6.557952e-01	-1.623654e-04
6.558208e-01	-1.790159e-04
6.558464e-01	-1.956658e-04
6.558720e-01	-2.118603e-04
6.558976e-01	-2.287175e-04
6.559232e-01	-2.445433e-04
6.559488e-01	-2.608662e-04
6.559744e-01	-2.772373e-04
6.560000e-01	-2.933601e-04
6.560256e-01	-3.096239e-04
6.560512e-01	-3.250271e-04
6.560768e-01	-3.413889e-04
6.561024e-01	-3.569871e-04
6.561280e-01	-3.731701e-04
6.561536e-01	-3.886832e-04
6.561792e-01	-4.043780e-04
6.562048e-01	-4.198637e-04
6.562304e-01	-4.345733e-04
6.562560e-01	-4.507104e-04
6.562816e-01	-4.654499e-04
6.563072e-01	-4.803424e-04
6.563328e-01	-4.957228e-04
6.563584e-01	-5.098449e-04
6.563840e-01	-5.252098e-04
6.564096e-01	-5.396172e-04
6.564352e-01	-5.533974e-04
6.564608e-01	-5.683500e-04
6.564864e-01	-5.822040e-04
6.565120e-01	-5.958228e-04
6.565376e-01	-6.097511e-04
6.565632e-01	-6.233588e-04
6.565888e-01	-6.365759e-04
6.566144e-01	-6.501105e-04
6.566400e-01	-6.633095e-04
6.566656e-01	-6.760366e-04
6.566912e-01	-6.888282e-04
6.567168e-01	-7.013102e-04
6.567424e-01	-7.137044e-04
6.567680e-01	-7.261171e-04
6.567936e-01	-7.381641e-04
6.568192e-01	-7.494044e-04
6.568448e-01	-7.613734e-04
6.568704e-01	-7.729140e-04
6.568960e-01	-7.839657e-04
6.569216e-01	-7.947680e-04
6.569472e-01	-8.053035e-04
6.569728e-01	-8.162726e-04
6.569984e-01	-8.267150e-04
6.570240e-01	-8.367791e-04
6.570496e-01	-8.462006e-04
6.570752e-01	-8.563119e-04
6.571008e-01	-8.654571e-04
6.571264e-01	-8.743688e-04
6.571520e-01	-8.836322e-04
6.571776e-01	-8.922006e-04
6.572032e-01	-9.013158e-04
6.572288e-01	-9.087847e-04
6.572544e-01	-9.168722e-04
6.572800e-01	-9.248806e-04
6.573056e-01	-9.322374e-04
6.573312e-01	-9.394326e-04
6.573568e-01	-9.465949e-04
6.573824e-01	-9.534506e-04
6.574080e-01	-9.596210e-04
6.574336e-01	-9.658515e-04
6.574592e-01	-9.714877e-04
6.574848e-01	-9.772958e-04
6.575104e-01	-9.826729e-04
6.575360e-01	-9.877327e-04
6.575616e-01	-9.926175e-04
6.575872e-01	-9.971012e-04
6.576128e-01	-1.001533e-03
6.576384e-01	-1.005569e-03
6.576640e-01	-1.008953e-03
6.576896e-01	-1.012672e-03
6.577152e-01	-1.015763e-03
6.577408e-01	-1.018548e-03
6.577664e-01	-1.021746e-03
6.577920e-01	-1.023388e-03
6.578176e-01	-1.025544e-03
6.578432e-01	-1.027613e-03
6.578688e-01	-1.029102e-03
6.578944e-01	-1.030306e-03
6.579200e-01	-1.031342e-03
6.579456e-01	-1.032382e-03
6.579712e-01	-1.032558e-03
6.579968e-01	-1.032444e-03
6.580224e-01	-1.031979e-03
6.580480e-01	-1.031645e-03
6.580736e-01	-1.031291e-03
6.580992e-01	-1.030040e-03
6.581248e-01	-1.028852e-03
6.581504e-01	-1.027360e-03
6.581760e-01	-1.025699e-03
6.582016e-01	-1.023962e-03
6.582272e-01	-1.020765e-03
6.582528e-01	-1.018672e-03
6.582784e-01	-1.015466e-03
6.583040e-01	-1.012224e-03
6.583296e-01	-1.008994e-03
6.583552e-01	-1.004570e-03
6.583808e-01	-1.001421e-03
6.584064e-01	-9.969819e-04
6.584320e-01	-9.926236e-04
6.584576e-01	-9.876883e-04
6.584832e-01	-9.824812e-04
6.585088e-01	-9.771887e-04
6.585344e-01	-9.715374e-04
6.585600e-01	-9.659238e-04
6.585856e-01	-9.597995e-04
6.586112e-01	-9.534809e-04
6.586368e-01	-9.467188e-04
6.586624e-01	-9.400216e-04
6.586880e-01	-9.332125e-04
6.587136e-01	-9.257223e-04
6.587392e-01	-9.181669e-04
6.587648e-01	-9.105072e-04
6.587904e-01	-9.025295e-04
6.588160e-01	-8.939864e-04
6.588416e-01	-8.857007e-04
6.588672e-01	-8.772055e-04
6.588928e-01	-8.677642e-04
6.589184e-01	-8.586168e-04
6.589440e-01	-8.493117e-04
6.589696e-01	-8.398301e-04
6.589952e-01	-8.301015e-04
6.590208e-01	-8.201509e-04
6.590464e-01	-8.099955e-04
6.590720e-01	-7.993906e-04
6.590976e-01	-7.891012e-04
6.591232e-01	-7.778819e-04
6.591488e-01	-7.664319e-04
6.591744e-01	-7.559242e-04
6.592000e-01	-7.442170e-04
6.592256e-01	-7.327984e-04
6.592512e-01	-7.209321e-04
6.592768e-01	-7.085109e-04
6.593024e-01	-6.968874e-04
6.593280e-01	-6.844723e-04
6.593536e-01	-6.718602e-04
6.593792e-01	-6.590465e-04
6.594048e-01	-6.467281e-04
6.594304e-01	-6.335959e-04
6.594560e-01	-6.202376e-04
6.594816e-01	-6.072955e-04
6.595072e-01	-5.932627e-04
6.595328e-01	-5.800489e-04
6.595584e-01	-5.666689e-04
6.595840e-01	-5.523663e-04
6.596096e-01	-5.384949e-04
6.596352e-01	-5.246096e-04
6.596608e-01	-5.102701e-04
6.596864e-01	-4.958075e-04
6.597120e-01	-4.812929e-04
6.597376e-01	-4.668589e-04
6.597632e-01	-4.521369e-04
6.597888e-01	-4.370101e-04
6.598144e-01	-4.225488e-04
6.598400e-01	-4.071083e-04
6.598656e-01	-3.919555e-04
6.598912e-01	-3.770930e-04
6.599168e-01	-3.617886e-04
6.599424e-01	-3.464048e-04
6.599680e-01	-3.304173e-04
6.599936e-01	-3.152588e-04
6.600192e-01	-2.995714e-04
6.600448e-01	-2.839659e-04
6.600704e-01	-2.681790e-04
6.600960e-01	-2.524020e-04
6.601216e-01	-2.367547e-04
6.601472e-01	-2.203172e-04
6.601728e-01	-2.049142e-04
6.601984e-01	-1.883257e-04
6.602240e-01	-1.726680e-04
6.602496e-01	-1.569077e-04
6.602752e-01	-1.403467e-04
6.603008e-01	-1.245009e-04
6.603264e-01	-1.080015e-04
6.603520e-01	-9.206385e-05
6.603776e-01	-7.603011e-05
6.604032e-01	-5.980265e-05
6.604288e-01	-4.331347e-05
6.604544e-01	-2.746165e-05
6.604800e-01	-1.124044e-05
6.605056e-01	4.965837e-06
6.605312e-01	2.116497e-05
6.605568e-01	3.766593e-05
6.605824e-01	5.338316e-05
6.606080e-01	6.971693e-05
6.606336e-01	8.571274e-05
6.606592e-01	1.016977e-04
6.606848e-01	1.175847e-04
6.607104e-01	1.335942e-04
6.607360e-01	1.497416e-04
6.607616e-01	1.654933e-04
6.607872e-01	1.813528e-04
6.608128e-01	1.973168e-04
6.608384e-01	2.127491e-04
6.608640e-01	2.285712e-04
6.608896e-01	2.443102e-04
6.609152e-01	2.596233e-04
6.609408e-01	2.753533e-04
6.609664e-01	2.907093e-04
6.609920e-01	3.057119e-04
6.610176e-01	3.211065e-04
6.610432e-01	3.367154e-04
6.610688e-01	3.515630e-04
6.610944e-01	3.664254e-04
6.611200e-01	3.809748e-04
6.611456e-01	3.958765e-04
6.611712e-01	4.107957e-04
6.611968e-01	4.252165e-04
6.612224e-01	4.395941e-04
6.612480e-01	4.538674e-04
6.612736e-01	4.680067e-04
6.612992e-01	4.818524e-04
6.613248e-01	4.965504e-04
6.613504e-01	5.102009e-04
6.613760e-01	5.235070e-04
6.614016e-01	5.370237e-04
6.614272e-01	5.509062e-04
6.614528e-01	5.642676e-04
6.614784e-01	5.767486e-04
6.615040e-01	5.897574e-04
6.615296e-01	6.029171e-04
6.615552e-01	6.155946e-04
6.615808e-01	6.279265e-04
6.616064e-01	6.407427e-04
6.616320e-01	6.530129e-04
6.616576e-01	6.646122e-04
6.616832e-01	6.764792e-04
6.617088e-01	6.882145e-04
6.617344e-01	6.998298e-04
6.617600e-01	7.113253e-04
6.617856e-01	7.222315e-04
6.618112e-01	7.337361e-04
6.618368e-01	7.445529e-04
6.618624e-01	7.548408e-04
6.618880e-01	7.653120e-04
6.619136e-01	7.752752e-04
6.619392e-01	7.857239e-04
6.619648e-01	7.952279e-04
6.619904e-01	8.048098e-04
6.620160e-01	8.145545e-04
6.620416e-01	8.235779e-04
6.620672e-01	8.325182e-04
6.620928e-01	8.410189e-04
6.621184e-01	8.497410e-04
6.621440e-01	8.582177e-04
6.621696e-01	8.662826e-04
6.621952e-01	8.742011e-04
6.622208e-01	8.817833e-04
6.622464e-01	8.894302e-04
6.622720e-01	8.968764e-04
6.622976e-01	9.039000e-04
6.623232e-01	9.107296e-04
6.623488e-01	9.172119e-04
6.623744e-01	9.236058e-04
6.624000e-01	9.298825e-04
6.624256e-01	9.357533e-04
6.624512e-01	9.414818e-04
6.624768e-01	9.464478e-04
6.625024e-01	9.521458e-04
6.625280e-01	9.569459e-04
6.625536e-01	9.614598e-04
6.625792e-01	9.661063e-04
6.626048e-01	9.704062e-04
6.626304e-01	9.744542e-04
6.626560e-01	9.779480e-04
6.626816e-01	9.822142e-04
6.627072e-01	9.850163e-04
6.627328e-01	9.879796e-04
6.627584e-01	9.909800e-04
6.627840e-01	9.935193e-04
6.628096e-01	9.960100e-04
6.628352e-01	9.978480e-04
6.628608e-01	9.997382e-04
6.628864e-01	1.001041e-03
6.629120e-01	1.002249e-03
6.629376e-01	1.003269e-03
6.629632e-01	1.004446e-03
6.629888e-01	1.004794e-03
6.630144e-01	1.005146e-03
6.630400e-01	1.005655e-03
6.630656e-01	1.004522e-03
6.630912e-01	1.004611e-03
6.631168e-01	1.004115e-03
6.631424e-01	1.002896e-03
6.631680e-01	1.002019e-03
6.631936e-01	1.000207e-03
6.632192e-01	9.991642e-04
6.632448e-01	9.967954e-04
6.632704e-01	9.943984e-04
6.632960e-01	9.924027e-04
6.633216e-01	9.897264e-04
6.633472e-01	9.867284e-04
6.633728e-01	9.837536e-04
6.633984e-01	9.802174e-04
6.634240e-01	9.767405e-04
6.634496e-01	9.729901e-04
6.634752e-01	9.682674e-04
6.635008e-01	9.645142e-04
6.635264e-01	9.594272e-04
6.635520e-01	9.544262e-04
6.635776e-01	9.494390e-04
6.636032e-01	9.441824e-04
6.636288e-01	9.390227e-04
6.636544e-01	9.328491e-04
6.636800e-01	9.271590e-04
6.637056e-01	9.206976e-04
6.637312e-01	9.142826e-04
6.637568e-01	9.073538e-04
6.637824e-01	8.998947e-04
6.638080e-01	8.931531e-04
6.638336e-01	8.855831e-04
6.638592e-01	8.778833e-04
6.638848e-01	8.698889e-04
6.639104e-01	8.617179e-04
6.639360e-01	8.536999e-04
6.639616e-01	8.447845e-04
6.639872e-01	8.362735e-04
6.640128e-01	8.272285e-04
6.640384e-01	8.177751e-04
6.640640e-01	8.083565e-04
6.640896e-01	7.989638e-04
6.641152e-01	7.889203e-04
6.641408e-01	7.786900e-04
6.641664e-01	7.684387e-04
6.641920e-01	7.576158e-04
6.642176e-01	7.471655e-04
6.642432e-01	7.363955e-04
6.642688e-01	7.253556e-04
6.642944e-01	7.138965e-04
6.643200e-01	7.028268e-04
6.643456e-01	6.905854e-04
6.643712e-01	6.783346e-04
6.643968e-01	6.670883e-04
6.644224e-01	6.542734e-04
6.644480e-01	6.419312e-04
6.644736e-01	6.297575e-04
6.644992e-01	6.168170e-04
6.645248e-01	6.039817e-04
6.645504e-01	5.907099e-04
6.645760e-01	5.770272e-04
6.646016e-01	5.637977e-04
6.646272e-01	5.506698e-04
6.646528e-01	5.367180e-04
6.646784e-01	5.228645e-04
6.647040e-01	5.088614e-04
6.647296e-01	4.948206e-04
6.647552e-01	4.801032e-04
6.647808e-01	4.652846e-04
6.648064e-01	4.513637e-04
6.648320e-01	4.368542e-04
6.648576e-01	4.218420e-04
6.648832e-01	4.067345e-04
6.649088e-01	3.920453e-04
6.649344e-01	3.761897e-04
6.649600e-01	3.612005e-04
6.649856e-01	3.459771e-04
6.650112e-01	3.300096e-04
6.650368e-01	3.152507e-04
6.650624e-01	2.993411e-04
6.650880e-01	2.834006e-04
6.651136e-01	2.679025e-04
6.651392e-01	2.517701e-04
6.651648e-01	2.354622e-04
6.651904e-01	2.195638e-04
6.652160e-01	2.034928e-04
6.652416e-01	1.870431e-04
6.652672e-01	1.707968e-04
6.652928e-01	1.548663e-04
6.653184e-01	1.380968e-04
6.653440e-01	1.218718e-04
6.653696e-01	1.052832e-04
6.653952e-01	8.847928e-05
6.654208e-01	7.210977e-05
6.654464e-01	5.509850e-05
6.654720e-01	3.896395e-05
6.654976e-01	2.201409e-05
6.655232e-01	5.542900e-06
6.655488e-01	-1.088702e-05
6.655744e-01	-2.773090e-05
6.656000e-01	-4.448485e-05
6.656256e-01	-6.078744e-05
6.656512e-01	-7.743575e-05
6.656768e-01	-9.467726e-05
6.657024e-01	-1.108908e-04
6.657280e-01	-1.275300e-04
6.657536e-01	-1.444109e-04
6.657792e-01	-1.610000e-04
6.658048e-01	-1.773345e-04
6.658304e-01	-1.938326e-04
6.658560e-01	-2.101639e-04
6.658816e-01	-2.268825e-04
6.659072e-01	-2.431920e-04
6.659328e-01	-2.591735e-04
6.659584e-01	-2.754153e-04
6.659840e-01	-2.914986e-04
6.660096e-01	-3.079521e-04
6.660352e-01	-3.236122e-04
6.660608e-01	-3.398507e-04
6.660864e-01	-3.559465e-04
6.661120e-01	-3.711804e-04
6.661376e-01	-3.873070e-04
6.661632e-01	-4.027929e-04
6.661888e-01	-4.175661e-04
6.662144e-01	-4.333163e-04
6.662400e-01	-4.486799e-04
6.662656e-01	-4.637829e-04
6.662912e-01	-4.787708e-04
6.663168e-01	-4.940376e-04
6.663424e-01	-5.086295e-04
6.663680e-01	-5.231624e-04
6.663936e-01	-5.379523e-04
6.664192e-01	-5.518359e-04
6.664448e-01	-5.663291e-04
6.664704e-01	-5.801840e-04
6.664960e-01	-5.942337e-04
6.665216e-01	-6.079408e-04
6.665472e-01	-6.215596e-04
6.665728e-01	-6.356793e-04
6.665984e-01	-6.486938e-04
6.666240e-01	-6.618404e-04
6.666496e-01	-6.746755e-04
6.666752e-01	-6.873564e-04
6.667008e-01	-7.001818e-04
6.667264e-01	-7.123219e-04
6.667520e-01	-7.244643e-04
6.667776e-01	-7.364403e-04
6.668032e-01	-7.485737e-04
6.668288e-01	-7.599560e-04
6.668544e-01	-7.710189e-04
6.668800e-01	-7.828547e-04
6.669056e-01	-7.934329e-04
6.669312e-01	-8.043288e-04
6.669568e-01	-8.151538e-04
6.669824e-01	-8.253306e-04
6.670080e-01	-8.357745e-04
6.670336e-01	-8.453706e-04
6.670592e-01	-8.550333e-04
6.670848e-01	-8.646011e-04
6.671104e-01	-8.733408e-04
6.671360e-01	-8.826960e-04
6.671616e-01	-8.914103e-04
6.671872e-01	-8.997447e-04
6.672128e-01	-9.082201e-04
6.672384e-01	-9.159985e-04
6.672640e-01	-9.240516e-04
6.672896e-01	-9.313727e-04
6.673152e-01	-9.386868e-04
6.673408e-01	-9.459370e-04
6.673664e-01	-9.520075e-04
6.673920e-01	-9.584294e-04
6.674176e-01	-9.649737e-04
6.674432e-01	-9.709490e-04
6.674688e-01	-9.765009e-04
6.674944e-01	-9.818680e-04
6.675200e-01	-9.869636e-04
6.675456e-01	-9.918818e-04
6.675712e-01	-9.965304e-04
6.675968e-01	-1.000749e-03
6.676224e-01	-1.004505e-03
6.676480e-01	-1.008497e-03
6.676736e-01	-1.012001e-03
6.676992e-01	-1.015379e-03
6.677248e-01	-1.018183e-03
6.677504e-01	-1.020634e-03
6.677760e-01	-1.023560e-03
6.678016e-01	-1.025341e-03
6.678272e-01	-1.027266e-03
6.678528e-01	-1.028662e-03
6.678784e-01	-1.029942e-03
6.679040e-01	-1.031199e-03
6.679296e-01	-1.031441e-03
6.679552e-01	-1.032168e-03
6.679808e-01	-1.032405e-03
6.680064e-01	-1.032178e-03
6.680320e-01	-1.031432e-03
6.680576e-01	-1.031077e-03
6.680832e-01	-1.030533e-03
6.681088e-01	-1.028994e-03
6.681344e-01	-1.027009e-03
6.681600e-01	-1.025529e-03
6.681856e-01	-1.023642e-03
6.682112e-01	-1.020776e-03
6.682368e-01	-1.018893e-03
6.682624e-01	-1.015721e-03
6.682880e-01	-1.012661e-03
6.683136e-01	-1.009134e-03
6.683392e-01	-1.005138e-03
6.683648e-01	-1.001456e-03
6.683904e-01	-9.968197e-04
6.684160e-01	-9.925923e-04
6.684416e-01	-9.879954e-04
6.684672e-01	-9.829637e-04
6.684928e-01	-9.773396e-04
6.685184e-01	-9.720754e-04
6.685440e-01	-9.663973e-04
6.685696e-01	-9.603348e-04
6.685952e-01	-9.538403e-04
6.686208e-01	-9.470696e-04
6.686464e-01	-9.407869e-04
6.686720e-01	-9.337399e-04
6.686976e-01	-9.265093e-04
6.687232e-01	-9.185624e-04
6.687488e-01	-9.110286e-04
6.687744e-01	-9.034554e-04
6.688000e-01	-8.946454e-04
6.688256e-01	-8.865300e-04
6.688512e-01	-8.778410e-04
6.688768e-01	-8.687225e-04
6.689024e-01	-8.600291e-04
6.689280e-01	-8.503891e-04
6.689536e-01	-8.406929e-04
6.689792e-01	-8.311254e-04
6.690048e-01	-8.211496e-04
6.690304e-01	-8.109935e-04
6.690560e-01	-8.001445e-04
6.690816e-01	-7.896160e-04
6.691072e-01	-7.790092e-04
6.691328e-01	-7.676751e-04
6.691584e-01	-7.567255e-04
6.691840e-01	-7.453279e-04
6.692096e-01	-7.336147e-04
6.692352e-01	-7.220715e-04
6.692608e-01	-7.103498e-04
6.692864e-01	-6.979988e-04
6.693120e-01	-6.857841e-04
6.693376e-01	-6.736573e-04
6.693632e-01	-6.603641e-04
6.693888e-01	-6.480169e-04
6.694144e-01	-6.353520e-04
6.694400e-01	-6.217249e-04
6.694656e-01	-6.087565e-04
6.694912e-01	-5.952793e-04
6.695168e-01	-5.815888e-04
6.695424e-01	-5.681197e-04
6.695680e-01	-5.539901e-04
6.695936e-01	-5.400690e-04
6.696192e-01	-5.260358e-04
6.696448e-01	-5.116097e-04
6.696704e-01	-4.973817e-04
6.696960e-01	-4.828400e-04
6.697216e-01	-4.681883e-04
6.697472e-01	-4.532903e-04
6.697728e-01	-4.386196e-04
6.697984e-01	-4.239175e-04
6.698240e-01	-4.090289e-04
6.698496e-01	-3.937442e-04
6.698752e-01	-3.783030e-04
6.699008e-01	-3.633396e-04
6.699264e-01	-3.475812e-04
6.699520e-01	-3.321268e-04
6.699776e-01	-3.168692e-04
6.700032e-01	-3.008542e-04
6.700288e-01	-2.859871e-04
6.700544e-01	-2.702800e-04
6.700800e-01	-2.536448e-04
6.701056e-01	-2.381110e-04
6.701312e-01	-2.221936e-04
6.701568e-01	-2.061017e-04
6.701824e-01	-1.905328e-04
6.702080e-01	-1.746013e-04
6.702336e-01	-1.579283e-04
6.702592e-01	-1.421219e-04
6.702848e-01	-1.262831e-04
6.703104e-01	-1.097777e-04
6.703360e-01	-9.327823e-05
6.703616e-01	-7.729880e-05
6.703872e-01	-6.137174e-05
6.704128e-01	-4.498797e-05
6.704384e-01	-2.908305e-05
6.704640e-01	-1.289121e-05
6.704896e-01	3.087197e-06
6.705152e-01	1.936083e-05
6.705408e-01	3.567723e-05
6.705664e-01	5.168601e-05
6.705920e-01	6.791291e-05
6.706176e-01	8.333198e-05
6.706432e-01	1.000681e-04
6.706688e-01	1.165070e-04
6.706944e-01	1.320744e-04
6.707200e-01	1.484144e-04
6.707456e-01	1.638514e-04
6.707712e-01	1.796032e-04
6.707968e-01	1.956326e-04
6.708224e-01	2.112369e-04
6.708480e-01	2.269662e-04
6.708736e-01	2.428025e-04
6.708992e-01	2.585013e-04
6.709248e-01	2.736827e-04
6.709504e-01	2.892026e-04
6.709760e-01	3.045168e-04
6.710016e-01	3.195227e-04
6.710272e-01	3.348257e-04
6.710528e-01	3.500219e-04
6.710784e-01	3.649213e-04
6.711040e-01	3.797501e-04
6.711296e-01	3.946452e-04
6.711552e-01	4.091639e-04
6.711808e-01	4.236077e-04
6.712064e-01	4.382090e-04
6.712320e-01	4.525344e-04
6.712576e-01	4.670986e-04
6.712832e-01	4.809202e-04
6.713088e-01	4.950510e-04
6.713344e-01	5.090105e-04
6.713600e-01	5.220117e-04
6.713856e-01	5.358068e-04
6.714112e-01	5.493338e-04
6.714368e-01	5.628029e-04
6.714624e-01	5.754872e-04
6.714880e-01	5.886361e-04
6.715136e-01	6.017962e-04
6.715392e-01	6.139014e-04
6.715648e-01	6.268649e-04
6.715904e-01	6.390103e-04
6.716160e-01	6.515877e-04
6.716416e-01	6.639521e-04
6.716672e-01	6.754149e-04
6.716928e-01	6.874127e-04
6.717184e-01	6.983946e-04
6.717440e-01	7.102104e-04
6.717696e-01	7.213723e-04
6.717952e-01	7.318757e-04
6.718208e-01	7.432202e-04
6.718464e-01	7.534007e-04
6.718720e-01	7.640356e-04
6.718976e-01	7.743955e-04
6.719232e-01	7.843921e-04
6.719488e-01	7.944416e-04
6.719744e-01	8.037850e-04
6.720000e-01	8.134891e-04
6.720256e-01	8.225006e-04
6.720512e-01	8.316340e-04
6.720768e-01	8.406911e-04
6.721024e-01	8.487647e-04
6.721280e-01	8.575247e-04
6.721536e-01	8.657203e-04
6.721792e-01	8.732938e-04
6.722048e-01	8.811147e-04
6.722304e-01	8.889690e-04
6.722560e-01	8.960048e-04
6.722816e-01	9.027516e-04
6.723072e-01	9.100559e-04
6.723328e-01	9.169722e-04
6.723584e-01	9.226298e-04
6.723840e-01	9.290624e-04
6.724096e-01	9.352106e-04
6.724352e-01	9.402314e-04
6.724608e-01	9.461528e-04
6.724864e-01	9.512074e-04
6.725120e-01	9.563084e-04
6.725376e-01	9.613032e-04
6.725632e-01	9.653851e-04
6.725888e-01	9.698689e-04
6.726144e-01	9.740805e-04
6.726400e-01	9.776484e-04
6.726656e-01	9.814475e-04
6.726912e-01	9.845558e-04
6.727168e-01	9.875535e-04
6.727424e-01	9.905873e-04
6.727680e-01	9.930456e-04
6.727936e-01	9.954481e-04
6.728192e-01	9.974234e-04
6.728448e-01	9.992867e-04
6.728704e-01	1.001080e-03
6.728960e-01	1.002620e-03
6.729216e-01	1.003420e-03
6.729472e-01	1.004169e-03
6.729728e-01	1.004796e-03
6.729984e-01	1.005063e-03
6.730240e-01	1.005293e-03
6.730496e-01	1.005424e-03
6.730752e-01	1.004709e-03
6.731008e-01	1.003954e-03
6.731264e-01	1.003412e-03
6.731520e-01	1.002044e-03
6.731776e-01	1.000402e-03
6.732032e-01	9.987940e-04
6.732288e-01	9.973847e-04
6.732544e-01	9.952241e-04
6.732800e-01	9.925902e-04
6.733056e-01	9.898336e-04
6.733312e-01	9.868386e-04
6.733568e-01	9.840810e-04
6.733824e-01	9.805572e-04
6.734080e-01	9.767609e-04
6.734336e-01	9.735157e-04
6.734592e-01	9.692988e-04
6.734848e-01	9.645324e-04
6.735104e-01	9.601859e-04
6.735360e-01	9.551686e-04
6.735616e-01	9.501069e-04
6.735872e-01	9.450106e-04
6.736128e-01	9.393736e-04
6.736384e-01	9.340341e-04
6.736640e-01	9.276115e-04
6.736896e-01	9.212387e-04
6.737152e-01	9.150495e-04
6.737408e-01	9.081872e-04
6.737664e-01	9.009892e-04
6.737920e-01	8.939441e-04
6.738176e-01	8.866021e-04
6.738432e-01	8.785130e-04
6.738688e-01	8.710840e-04
6.738944e-01	8.625144e-04
6.739200e-01	8.545312e-04
6.739456e-01	8.460458e-04
6.739712e-01	8.368246e-04
6.739968e-01	8.282904e-04
6.740224e-01	8.186838e-04
6.740480e-01	8.092300e-04
6.740736e-01	7.995942e-04
6.740992e-01	7.900387e-04
6.741248e-01	7.796471e-04
6.741504e-01	7.693213e-04
6.741760e-01	7.588981e-04
6.742016e-01	7.482559e-04
6.742272e-01	7.374564e-04
6.742528e-01	7.259218e-04
6.742784e-01	7.150183e-04
6.743040e-01	7.033133e-04
6.743296e-01	6.919868e-04
6.743552e-01	6.799673e-04
6.743808e-01	6.679585e-04
6.744064e-01	6.558610e-04
6.744320e-01	6.431630e-04
6.744576e-01	6.307684e-04
6.744832e-01	6.177927e-04
6.745088e-01	6.053797e-04
6.745344e-01	5.921226e-04
6.745600e-01	5.787519e-04
6.745856e-01	5.653590e-04
6.746112e-01	5.522402e-04
6.746368e-01	5.382081e-04
6.746624e-01	5.240694e-04
6.746880e-01	5.106835e-04
6.747136e-01	4.958008e-04
6.747392e-01	4.817715e-04
6.747648e-01	4.671894e-04
6.747904e-01	4.529270e-04
6.748160e-01	4.382289e-04
6.748416e-01	4.231424e-04
6.748672e-01	4.085043e-04
6.748928e-01	3.928243e-04
6.749184e-01	3.782764e-04
6.749440e-01	3.628791e-04
6.749696e-01	3.473593e-04
6.749952e-01	3.319025e-04
6.750208e-01	3.163448e-04
6.750464e-01	3.009009e-04
6.750720e-01	2.846640e-04
6.750976e-01	2.690875e-04
6.751232e-01	2.530111e-04
6.751488e-01	2.370146e-04
6.751744e-01	2.211413e-04
6.752000e-01	2.049621e-04
6.752256e-01	1.886214e-04
6.752512e-01	1.720836e-04
6.752768e-01	1.561496e-04
6.753024e-01	1.398400e-04
6.753280e-01	1.232633e-04
6.753536e-01	1.068740e-04
6.753792e-01	9.028400e-05
6.754048e-01	7.370103e-05
6.754304e-01	5.725921e-05
6.754560e-01	4.041630e-05
6.754816e-01	2.376159e-05
6.755072e-01	7.313874e-06
6.755328e-01	-9.670700e-06
6.755584e-01	-2.614936e-05
6.755840e-01	-4.281782e-05
6.756096e-01	-5.955865e-05
6.756352e-01	-7.599832e-05
6.756608e-01	-9.286351e-05
6.756864e-01	-1.096232e-04
6.757120e-01	-1.260514e-04
6.757376e-01	-1.424488e-04
6.757632e-01	-1.592309e-04
6.757888e-01	-1.758639e-04
6.758144e-01	-1.920480e-04
6.758400e-01	-2.089499e-04
6.758656e-01	-2.251064e-04
6.758912e-01	-2.411127e-04
6.759168e-01	-2.577828e-04
6.759424e-01	-2.741917e-04
6.759680e-01	-2.902746e-04
6.759936e-01	-3.060706e-04
6.760192e-01	-3.226541e-04
6.760448e-01	-3.383192e-04
6.760704e-01	-3.538227e-04
6.760960e-01	-3.700837e-04
6.761216e-01	-3.856519e-04
6.761472e-01	-4.012457e-04
6.761728e-01	-4.169584e-04
6.761984e-01	-4.324851e-04
6.762240e-01	-4.475455e-04
6.762496e-01	-4.623247e-04
6.762752e-01	-4.777492e-04
6.763008e-01	-4.923948e-04
6.763264e-01	-5.070830e-04
6.763520e-01	-5.220870e-04
6.763776e-01	-5.365788e-04
6.764032e-01	-5.510570e-04
6.764288e-01	-5.651885e-04
6.764544e-01	-5.793278e-04
6.764800e-01	-5.931223e-04
6.765056e-01	-6.069200e-04
6.765312e-01	-6.206927e-04
6.765568e-01	-6.343052e-04
6.765824e-01	-6.475127e-04
6.766080e-01	-6.606846e-04
6.766336e-01	-6.733794e-04
6.766592e-01	-6.862687e-04
6.766848e-01	-6.991413e-04
6.767104e-01	-7.111807e-04
6.767360e-01	-7.237449e-04
6.767616e-01	-7.355422e-04
6.767872e-01	-7.473837e-04
6.768128e-01	-7.588013e-04
6.768384e-01	-7.704438e-04
6.768640e-01	-7.820147e-04
6.768896e-01	-7.925579e-04
6.769152e-01	-8.038370e-04
6.769408e-01	-8.141992e-04
6.769664e-01	-8.245144e-04
6.769920e-01	-8.346778e-04
6.770176e-01	-8.443118e-04
6.770432e-01	-8.543434e-04
6.770688e-01	-8.635849e-04
6.770944e-01	-8.729046e-04
6.771200e-01	-8.820267e-04
6.771456e-01	-8.908596e-04
6.771712e-01	-8.993958e-04
6.771968e-01	-9.071534e-04
6.772224e-01	-9.156606e-04
6.772480e-01	-9.232772e-04
6.772736e-01	-9.306401e-04
6.772992e-01	-9.379725e-04
6.773248e-01	-9.448556e-04
6.773504e-01	-9.516315e-04
6.773760e-01	-9.581631e-04
6.774016e-01	-9.647235e-04
6.774272e-01	-9.702185e-04
6.774528e-01	-9.756940e-04
6.774784e-01	-9.814670e-04
6.775040e-01	-9.868046e-04
6.775296e-01	-9.915459e-04
6.775552e-01	-9.965389e-04
6.775808e-01	-1.000469e-03
6.776064e-01	-1.004581e-03
6.776320e-01	-1.008678e-03
6.776576e-01	-1.011651e-03
6.776832e-01	-1.015089e-03
6.777088e-01	-1.017866e-03
6.777344e-01	-1.020449e-03
6.777600e-01	-1.023345e-03
6.777856e-01	-1.025676e-03
6.778112e-01	-1.027108e-03
6.778368e-01	-1.028835e-03
6.778624e-01	-1.030195e-03
6.778880e-01	-1.030989e-03
6.779136e-01	-1.032036e-03
6.779392e-01	-1.032108e-03
6.779648e-01	-1.032144e-03
6.779904e-01	-1.032205e-03
6.780160e-01	-1.031612e-03
6.780416e-01	-1.031134e-03
6.780672e-01	-1.030335e-03
6.780928e-01	-1.029018e-03
6.781184e-01	-1.027776e-03
6.781440e-01	-1.026051e-03
6.781696e-01	-1.023257e-03
6.781952e-01	-1.021333e-03
6.782208e-01	-1.018923e-03
6.782464e-01	-1.015564e-03
6.782720e-01	-1.012874e-03
6.782976e-01	-1.009303e-03
6.783232e-01	-1.005468e-03
6.783488e-01	-1.002142e-03
6.783744e-01	-9.975099e-04
6.784000e-01	-9.930534e-04
6.784256e-01	-9.885805e-04
6.784512e-01	-9.830985e-04
6.784768e-01	-9.781456e-04
6.785024e-01	-9.723282e-04
6.785280e-01	-9.664873e-04
6.785536e-01	-9.606539e-04
6.785792e-01	-9.546157e-04
6.786048e-01	-9.480350e-04
6.786304e-01	-9.413316e-04
6.786560e-01	-9.345139e-04
6.786816e-01	-9.269408e-04
6.787072e-01	-9.198430e-04
6.787328e-01	-9.119340e-04
6.787584e-01	-9.038256e-04
6.787840e-01	-8.957989e-04
6.788096e-01	-8.870458e-04
6.788352e-01	-8.786070e-04
6.788608e-01	-8.699331e-04
6.788864e-01	-8.603998e-04
6.789120e-01	-8.515103e-04
6.789376e-01	-8.415524e-04
6.789632e-01	-8.316535e-04
6.789888e-01	-8.220675e-04
6.790144e-01	-8.120207e-04
6.790400e-01	-8.016702e-04
6.790656e-01	-7.906464e-04
6.790912e-01	-7.802699e-04
6.791168e-01	-7.688305e-04
6.791424e-01	-7.580798e-04
6.791680e-01	-7.465387e-04
6.791936e-01	-7.346023e-04
6.792192e-01	-7.232393e-04
6.792448e-01	-7.112477e-04
6.792704e-01	-6.995498e-04
6.792960e-01	-6.868370e-04
6.793216e-01	-6.748494e-04
6.793472e-01	-6.619899e-04
6.793728e-01	-6.485729e-04
6.793984e-01	-6.363289e-04
6.794240e-01	-6.232712e-04
6.794496e-01	-6.094831e-04
6.794752e-01	-5.962227e-04
6.795008e-01	-5.829593e-04
6.795264e-01	-5.686701e-04
6.795520e-01	-5.554019e-04
6.795776e-01	-5.413538e-04
6.796032e-01	-5.268521e-04
6.796288e-01	-5.129426e-04
6.796544e-01	-4.989492e-04
6.796800e-01	-4.843000e-04
6.797056e-01	-4.694141e-04
6.797312e-01	-4.551220e-04
6.797568e-01	-4.397865e-04
6.797824e-01	-4.255020e-04
6.798080e-01	-4.103130e-04
6.798336e-01	-3.947156e-04
6.798592e-01	-3.801007e-04
6.798848e-01	-3.645157e-04
6.799104e-01	-3.491960e-04
6.799360e-01	-3.334458e-04
6.799616e-01	-3.181894e-04
6.799872e-01	-3.028470e-04
6.800128e-01	-2.865757e-04
6.800384e-01	-2.710206e-04
6.800640e-01	-2.554059e-04
6.800896e-01	-2.391387e-04
6.801152e-01	-2.236242e-04
6.801408e-01	-2.078578e-04
6.801664e-01	-1.917711e-04
6.801920e-01	-1.757433e-04
6.802176e-01	-1.593431e-04
6.802432e-01	-1.438230e-04
6.802688e-01	-1.273447e-04
6.802944e-01	-1.114087e-04
6.803200e-01	-9.573775e-05
6.803456e-01	-7.906616e-05
6.803712e-01	-6.334891e-05
6.803968e-01	-4.689445e-05
6.804224e-01	-3.073349e-05
6.804480e-01	-1.443370e-05
6.804736e-01	1.864400e-06
6.804992e-01	1.794679e-05
6.805248e-01	3.453822e-05
6.805504e-01	5.026379e-05
6.805760e-01	6.638087e-05
6.806016e-01	8.258541e-05
6.806272e-01	9.862531e-05
6.806528e-01	1.148713e-04
6.806784e-01	1.305110e-04
6.807040e-01	1.462638e-04
6.807296e-01	1.627074e-04
6.807552e-01	1.784945e-04
6.807808e-01	1.939200e-04
6.808064e-01	2.099208e-04
6.808320e-01	2.258032e-04
6.808576e-01	2.414898e-04
6.808832e-01	2.565218e-04
6.809088e-01	2.721747e-04
6.809344e-01	2.880494e-04
6.809600e-01	3.027990e-04
6.809856e-01	3.182943e-04
6.810112e-01	3.333728e-04
6.810368e-01	3.483314e-04
6.810624e-01	3.636486e-04
6.810880e-01	3.785237e-04
6.811136e-01	3.935486e-04
6.811392e-01	4.078586e-04
6.811648e-01	4.223245e-04
6.811904e-01	4.367552e-04
6.812160e-01	4.511831e-04
6.812416e-01	4.653850e-04
6.812672e-01	4.792261e-04
6.812928e-01	4.936245e-04
6.813184e-01	5.074546e-04
6.813440e-01	5.205809e-04
6.813696e-01	5.346591e-04
6.813952e-01	5.480241e-04
6.814208e-01	5.610700e-04
6.814464e-01	5.747878e-04
6.814720e-01	5.871913e-04
6.814976e-01	6.005163e-04
6.815232e-01	6.131561e-04
6.815488e-01	6.255275e-04
6.815744e-01	6.381648e-04
6.816000e-01	6.499134e-04
6.816256e-01	6.624760e-04
6.816512e-01	6.742215e-04
6.816768e-01	6.860822e-04
6.817024e-01	6.974097e-04
6.817280e-01	7.089215e-04
6.817536e-01	7.201263e-04
6.817792e-01	7.307178e-04
6.818048e-01	7.420373e-04
6.818304e-01	7.524843e-04
6.818560e-01	7.630251e-04
6.818816e-01	7.735566e-04
6.819072e-01	7.834455e-04
6.819328e-01	7.931553e-04
6.819584e-01	8.028434e-04
6.819840e-01	8.124330e-04
6.820096e-01	8.215160e-04
6.820352e-01	8.308285e-04
6.820608e-01	8.395205e-04
6.820864e-01	8.481199e-04
6.821120e-01	8.565460e-04
6.821376e-01	8.650581e-04
6.821632e-01	8.729993e-04
6.821888e-01	8.801076e-04
6.822144e-01	8.883158e-04
6.822400e-01	8.954803e-04
6.822656e-01	9.028455e-04
6.822912e-01	9.091101e-04
6.823168e-01	9.160545e-04
6.823424e-01	9.229144e-04
6.823680e-01	9.283627e-04
6.823936e-01	9.345699e-04
6.824192e-01	9.398508e-04
6.824448e-01	9.458516e-04
6.824704e-01	9.509468e-04
6.824960e-01	9.561584e-04
6.825216e-01	9.610361e-04
6.825472e-01	9.651647e-04
6.825728e-01	9.695622e-04
6.825984e-01	9.736206e-04
6.826240e-01	9.777630e-04
6.826496e-01	9.812212e-04
6.826752e-01	9.843993e-04
6.827008e-01	9.872138e-04
6.827264e-01	9.905151e-04
6.827520e-01	9.926818e-04
6.827776e-01	9.949527e-04
6.828032e-01	9.977799e-04
6.828288e-01	9.989347e-04
6.828544e-01	1.000793e-03
6.828800e-01	1.002029e-03
6.829056e-01	1.003039e-03
6.829312e-01	1.003964e-03
6.829568e-01	1.004913e-03
6.829824e-01	1.005293e-03
6.830080e-01	1.004731e-03
6.830336e-01	1.005297e-03
6.830592e-01	1.004825e-03
6.830848e-01	1.004051e-03
6.831104e-01	1.003052e-03
6.831360e-01	1.001597e-03
6.831616e-01	1.000616e-03
6.831872e-01	9.991933e-04
6.832128e-01	9.973504e-04
6.832384e-01	9.950231e-04
6.832640e-01	9.927166e-04
6.832896e-01	9.903691e-04
6.833152e-01	9.875320e-04
6.833408e-01	9.843638e-04
6.833664e-01	9.811668e-04
6.833920e-01	9.773556e-04
6.834176e-01	9.731078e-04
6.834432e-01	9.694411e-04
6.834688e-01	9.652572e-04
6.834944e-01	9.602788e-04
6.835200e-01	9.557202e-04
6.835456e-01	9.504657e-04
6.835712e-01	9.449932e-04
6.835968e-01	9.397888e-04
6.836224e-01	9.341355e-04
6.836480e-01	9.282100e-04
6.836736e-01	9.220670e-04
6.836992e-01	9.155602e-04
6.837248e-01	9.086417e-04
6.837504e-01	9.015526e-04
6.837760e-01	8.946772e-04
6.838016e-01	8.870375e-04
6.838272e-01	8.789300e-04
6.838528e-01	8.717021e-04
6.838784e-01	8.633251e-04
6.839040e-01	8.546417e-04
6.839296e-01	8.468222e-04
6.839552e-01	8.378095e-04
6.839808e-01	8.289568e-04
6.840064e-01	8.201711e-04
6.840320e-01	8.103594e-04
6.840576e-01	8.003826e-04
6.840832e-01	7.906836e-04
6.841088e-01	7.804770e-04
6.841344e-01	7.699420e-04
6.841600e-01	7.601557e-04
6.841856e-01	7.493778e-04
6.842112e-01	7.385547e-04
6.842368e-01	7.275424e-04
6.842624e-01	7.159742e-04
6.842880e-01	7.043931e-04
6.843136e-01	6.928705e-04
6.843392e-01	6.809573e-04
6.843648e-01	6.686614e-04
6.843904e-01	6.568205e-04
6.844160e-01	6.442894e-04
6.844416e-01	6.317698e-04
6.844672e-01	6.189252e-04
6.844928e-01	6.066139e-04
6.845184e-01	5.932166e-04
6.845440e-01	5.798241e-04
6.845696e-01	5.665452e-04
6.845952e-01	5.530778e-04
6.846208e-01	5.395759e-04
6.846464e-01	5.251524e-04
6.846720e-01	5.115278e-04
6.846976e-01	4.970459e-04
6.847232e-01	4.830884e-04
6.847488e-01	4.685091e-04
6.847744e-01	4.535781e-04
6.848000e-01	4.394802e-04
6.848256e-01	4.247503e-04
6.848512e-01	4.095451e-04
6.848768e-01	3.950399e-04
6.849024e-01	3.797100e-04
6.849280e-01	3.636810e-04
6.849536e-01	3.489026e-04
6.849792e-01	3.332891e-04
6.850048e-01	3.179203e-04
6.850304e-01	3.019397e-04
6.850560e-01	2.861846e-04
6.850816e-01	2.704472e-04
6.851072e-01	2.545072e-04
6.851328e-01	2.387034e-04
6.851584e-01	2.221992e-04
6.851840e-01	2.065171e-04
6.852096e-01	1.901872e-04
6.852352e-01	1.736821e-04
6.852608e-01	1.576037e-04
6.852864e-01	1.409835e-04
6.853120e-01	1.244433e-04
6.853376e-01	1.083959e-04
6.853632e-01	9.174620e-05
6.853888e-01	7.482200e-05
6.854144e-01	5.883156e-05
6.854400e-01	4.205082e-05
6.854656e-01	2.510731e-05
6.854912e-01	9.045708e-06
6.855168e-01	-7.957531e-06
6.855424e-01	-2.486430e-05
6.855680e-01	-4.119240e-05
6.855936e-01	-5.828731e-05
6.856192e-01	-7.442271e-05
6.856448e-01	-9.088079e-05
6.856704e-01	-1.081560e-04
6.856960e-01	-1.245550e-04
6.857216e-01	-1.410436e-04
6.857472e-01	-1.579099e-04
6.857728e-01	-1.744196e-04
6.857984e-01	-1.906849e-04
6.858240e-01	-2.071754e-04
6.858496e-01	-2.232419e-04
6.858752e-01	-2.399244e-04
6.859008e-01	-2.561318e-04
6.859264e-01	-2.725684e-04
6.859520e-01	-2.889647e-04
6.859776e-01	-3.042448e-04
6.860032e-01	-3.208445e-04
6.860288e-01	-3.365742e-04
6.860544e-01	-3.526634e-04
6.860800e-01	-3.685635e-04
6.861056e-01	-3.841073e-04
6.861312e-01	-3.996751e-04
6.861568e-01	-4.150033e-04
6.861824e-01	-4.306665e-04
6.862080e-01	-4.454702e-04
6.862336e-01	-4.611859e-04
6.862592e-01	-4.758170e-04
6.862848e-01	-4.909578e-04
6.863104e-01	-5.062538e-04
6.863360e-01	-5.205885e-04
6.863616e-01	-5.352727e-04
6.863872e-01	-5.493499e-04
6.864128e-01	-5.639283e-04
6.864384e-01	-5.773876e-04
6.864640e-01	-5.917304e-04
6.864896e-01	-6.058018e-04
6.865152e-01	-6.190154e-04
6.865408e-01	-6.330191e-04
6.865664e-01	-6.459181e-04
6.865920e-01	-6.593707e-04
6.866176e-01	-6.724050e-04
6.866432e-01	-6.849476e-04
6.866688e-01	-6.977634e-04
6.866944e-01	-7.098758e-04
6.867200e-01	-7.226235e-04
6.867456e-01	-7.340999e-04
6.867712e-01	-7.463334e-04
6.867968e-01	-7.584675e-04
6.868224e-01	-7.692720e-04
6.868480e-01	-7.807853e-04
6.868736e-01	-7.912652e-04
6.868992e-01	-8.027623e-04
6.869248e-01	-8.131490e-04
6.869504e-01	-8.231784e-04
6.869760e-01	-8.336740e-04
6.870016e-01	-8.434828e-04
6.870272e-01	-8.535421e-04
6.870528e-01	-8.628014e-04
6.870784e-01	-8.720565e-04
6.871040e-01	-8.811256e-04
6.871296e-01	-8.898452e-04
6.871552e-01	-8.985255e-04
6.871808e-01	-9.068828e-04
6.872064e-01	-9.145446e-04
6.872320e-01	-9.227628e-04
6.872576e-01	-9.301926e-04
6.872832e-01	-9.372463e-04
6.873088e-01	-9.445870e-04
6.873344e-01	-9.511589e-04
6.873600e-01	-9.577009e-04
6.873856e-01	-9.637451e-04
6.874112e-01	-9.697668e-04
6.874368e-01	-9.757890e-04
6.874624e-01	-9.808161e-04
6.874880e-01	-9.859661e-04
6.875136e-01	-9.913064e-04
6.875392e-01	-9.956652e-04
6.875648e-01	-1.000194e-03
6.875904e-01	-1.004622e-03
6.876160e-01	-1.007656e-03
6.876416e-01	-1.011707e-03
6.876672e-01	-1.014556e-03
6.876928e-01	-1.017127e-03
6.877184e-01	-1.020520e-03
6.877440e-01	-1.022824e-03
6.877696e-01	-1.024960e-03
6.877952e-01	-1.026656e-03
6.878208e-01	-1.028506e-03
6.878464e-01	-1.029682e-03
6.878720e-01	-1.030819e-03
6.878976e-01	-1.031151e-03
6.879232e-01	-1.031986e-03
6.879488e-01	-1.032382e-03
6.879744e-01	-1.031915e-03
6.880000e-01	-1.032130e-03
6.880256e-01	-1.030909e-03
6.880512e-01	-1.030260e-03
6.880768e-01	-1.029126e-03
6.881024e-01	-1.027648e-03
6.881280e-01	-1.026047e-03
6.881536e-01	-1.023709e-03
6.881792e-01	-1.021708e-03
6.882048e-01	-1.018866e-03
6.882304e-01	-1.016342e-03
6.882560e-01	-1.013448e-03
6.882816e-01	-1.009443e-03
6.883072e-01	-1.006029e-03
6.883328e-01	-1.002154e-03
6.883584e-01	-9.977015e-04
6.883840e-01	-9.933589e-04
6.884096e-01	-9.889911e-04
6.884352e-01	-9.836862e-04
6.884608e-01	-9.789271e-04
6.884864e-01	-9.733694e-04
6.885120e-01	-9.672290e-04
6.885376e-01	-9.616730e-04
6.885632e-01	-9.551698e-04
6.885888e-01	-9.485661e-04
6.886144e-01	-9.418621e-04
6.886400e-01	-9.349058e-04
6.886656e-01	-9.274868e-04
6.886912e-01	-9.201185e-04
6.887168e-01	-9.122161e-04
6.887424e-01	-9.044306e-04
6.887680e-01	-8.964906e-04
6.887936e-01	-8.876759e-04
6.888192e-01	-8.795410e-04
6.888448e-01	-8.706372e-04
6.888704e-01	-8.612233e-04
6.888960e-01	-8.526397e-04
6.889216e-01	-8.427487e-04
6.889472e-01	-8.327837e-04
6.889728e-01	-8.231296e-04
6.889984e-01	-8.125248e-04
6.890240e-01	-8.026576e-04
6.890496e-01	-7.918178e-04
6.890752e-01	-7.812674e-04
6.891008e-01	-7.704893e-04
6.891264e-01	-7.590068e-04
6.891520e-01	-7.475832e-04
6.891776e-01	-7.358452e-04
6.892032e-01	-7.245149e-04
6.892288e-01	-7.124580e-04
6.892544e-01	-7.005503e-04
6.892800e-01	-6.881815e-04
6.893056e-01	-6.753346e-04
6.893312e-01	-6.628316e-04
6.893568e-01	-6.500742e-04
6.893824e-01	-6.373370e-04
6.894080e-01	-6.243164e-04
6.894336e-01	-6.109527e-04
6.894592e-01	-5.976661e-04
6.894848e-01	-5.845529e-04
6.895104e-01	-5.705212e-04
6.895360e-01	-5.567504e-04
6.895616e-01	-5.429554e-04
6.895872e-01	-5.284997e-04
6.896128e-01	-5.142767e-04
6.896384e-01	-4.997365e-04
6.896640e-01	-4.856854e-04
6.896896e-01	-4.713252e-04
6.897152e-01	-4.560777e-04
6.897408e-01	-4.412472e-04
6.897664e-01	-4.264931e-04
6.897920e-01	-4.116837e-04
6.898176e-01	-3.966913e-04
6.898432e-01	-3.815762e-04
6.898688e-01	-3.662581e-04
6.898944e-01	-3.509145e-04
6.899200e-01	-3.354038e-04
6.899456e-01	-3.198437e-04
6.899712e-01	-3.044030e-04
6.899968e-01	-2.884647e-04
6.900224e-01	-2.725673e-04
6.900480e-01	-2.570418e-04
6.900736e-01	-2.410577e-04
6.900992e-01	-2.252544e-04
6.901248e-01	-2.089910e-04
6.901504e-01	-1.930548e-04
6.901760e-01	-1.771883e-04
6.902016e-01	-1.611330e-04
6.902272e-01	-1.452141e-04
6.902528e-01	-1.289668e-04
6.902784e-01	-1.129119e-04
6.903040e-01	-9.659813e-05
6.903296e-01	-8.058734e-05
6.903552e-01	-6.471344e-05
6.903808e-01	-4.852788e-05
6.904064e-01	-3.236068e-05
6.904320e-01	-1.604591e-05
6.904576e-01	2.759015e-07
6.904832e-01	1.646802e-05
6.905088e-01	3.281678e-05
6.905344e-01	4.875614e-05
6.905600e-01	6.476268e-05
6.905856e-01	8.090525e-05
6.906112e-01	9.720000e-05
6.906368e-01	1.133965e-04
6.906624e-01	1.287889e-04
6.906880e-01	1.448033e-04
6.907136e-01	1.610216e-04
6.907392e-01	1.767666e-04
6.907648e-01	1.924617e-04
6.907904e-01	2.083744e-04
6.908160e-01	2.238804e-04
6.908416e-01	2.399084e-04
6.908672e-01	2.551392e-04
6.908928e-01	2.704212e-04
6.909184e-01	2.864992e-04
6.909440e-01	3.015860e-04
6.909696e-01	3.169323e-04
6.909952e-01	3.318344e-04
6.910208e-01	3.471793e-04
6.910464e-01	3.623789e-04
6.910720e-01	3.766890e-04
6.910976e-01	3.917307e-04
6.911232e-01	4.063218e-04
6.911488e-01	4.212885e-04
6.911744e-01	4.351644e-04
6.912000e-01	4.495754e-04
6.912256e-01	4.644328e-04
6.912512e-01	4.781343e-04
6.912768e-01	4.923721e-04
6.913024e-01	5.057590e-04
6.913280e-01	5.199541e-04
6.913536e-01	5.336800e-04
6.913792e-01	5.468070e-04
6.914048e-01	5.599190e-04
6.914304e-01	5.729519e-04
6.914560e-01	5.865251e-04
6.914816e-01	5.990206e-04
6.915072e-01	6.118202e-04
6.915328e-01	6.242652e-04
6.915584e-01	6.367237e-04
6.915840e-01	6.491488e-04
6.916096e-01	6.612458e-04
6.916352e-01	6.728878e-04
6.916608e-01	6.848352e-04
6.916864e-01	6.964303e-04
6.917120e-01	7.075084e-04
6.917376e-01	7.191324e-04
6.917632e-01	7.299732e-04
6.917888e-01	7.408260e-04
6.918144e-01	7.513782e-04
6.918400e-01	7.623564e-04
6.918656e-01	7.726349e-04
6.918912e-01	7.821025e-04
6.919168e-01	7.924618e-04
6.919424e-01	8.018293e-04
6.919680e-01	8.115297e-04
6.919936e-01	8.207784e-04
6.920192e-01	8.298256e-04
6.920448e-01	8.389055e-04
6.920704e-01	8.469743e-04
6.920960e-01	8.556561e-04
6.921216e-01	8.639594e-04
6.921472e-01	8.720500e-04
6.921728e-01	8.800962e-04
6.921984e-01	8.876082e-04
6.922240e-01	8.944825e-04
6.922496e-01	9.018391e-04
6.922752e-01	9.088075e-04
6.923008e-01	9.154330e-04
6.923264e-01	9.221423e-04
6.923520e-01	9.278052e-04
6.923776e-01	9.341954e-04
6.924032e-01	9.400456e-04
6.924288e-01	9.454389e-04
6.924544e-01	9.506747e-04
6.924800e-01	9.557281e-04
6.925056e-01	9.600895e-04
6.925312e-01	9.650334e-04
6.925568e-01	9.698012e-04
6.925824e-01	9.735503e-04
6.926080e-01	9.771123e-04
6.926336e-01	9.806716e-04
6.926592e-01	9.844521e-04
6.926848e-01	9.870231e-04
6.927104e-01	9.905371e-04
6.927360e-01	9.928418e-04
6.927616e-01	9.949444e-04
6.927872e-01	9.975439e-04
6.928128e-01	9.989014e-04
6.928384e-01	1.000806e-03
6.928640e-01	1.001614e-03
6.928896e-01	1.003139e-03
6.929152e-01	1.004208e-03
6.929408e-01	1.004786e-03
6.929664e-01	1.005324e-03
6.929920e-01	1.005166e-03
6.930176e-01	1.005485e-03
6.930432e-01	1.004560e-03
6.930688e-01	1.004474e-03
6.930944e-01	1.003598e-03
6.931200e-01	1.001762e-03
6.931456e-01	1.001291e-03
6.931712e-01	9.994921e-04
6.931968e-01	9.980041e-04
6.932224e-01	9.957766e-04
6.932480e-01	9.927949e-04
6.932736e-01	9.903833e-04
6.932992e-01	9.873679e-04
6.933248e-01	9.846049e-04
6.933504e-01	9.813918e-04
6.933760e-01	9.777498e-04
6.934016e-01	9.738781e-04
6.934272e-01	9.701208e-04
6.934528e-01	9.657356e-04
6.934784e-01	9.608307e-04
6.935040e-01	9.565576e-04
6.935296e-01	9.512908e-04
6.935552e-01	9.457960e-04
6.935808e-01	9.401283e-04
6.936064e-01	9.348969e-04
6.936320e-01	9.288940e-04
6.936576e-01	9.221943e-04
6.936832e-01	9.158027e-04
6.937088e-01	9.091409e-04
6.937344e-01	9.026091e-04
6.937600e-01	8.954971e-04
6.937856e-01	8.876869e-04
6.938112e-01	8.801398e-04
6.938368e-01	8.723333e-04
6.938624e-01	8.641073e-04
6.938880e-01	8.559250e-04
6.939136e-01	8.471189e-04
6.939392e-01	8.381971e-04
6.939648e-01	8.295900e-04
6.939904e-01	8.204759e-04
6.940160e-01	8.106840e-04
6.940416e-01	8.016879e-04
6.940672e-01	7.917746e-04
6.940928e-01	7.818219e-04
6.941184e-01	7.717291e-04
6.941440e-01	7.605397e-04
6.941696e-01	7.504918e-04
6.941952e-01	7.395362e-04
6.942208e-01	7.284125e-04
6.942464e-01	7.171747e-04
6.942720e-01	7.055275e-04
6.942976e-01	6.940402e-04
6.943232e-01	6.823024e-04
6.943488e-01	6.701926e-04
6.943744e-01	6.582288e-04
6.944000e-01	6.460166e-04
6.944256e-01	6.334353e-04
6.944512e-01	6.204116e-04
6.944768e-01	6.071585e-04
6.945024e-01	5.944686e-04
6.945280e-01	5.812492e-04
6.945536e-01	5.678433e-04
6.945792e-01	5.542448e-04
6.946048e-01	5.403553e-04
6.946304e-01	5.267583e-04
6.946560e-01	5.124801e-04
6.946816e-01	4.985732e-04
6.947072e-01	4.844939e-04
6.947328e-01	4.699537e-04
6.947584e-01	4.554168e-04
6.947840e-01	4.409614e-04
6.948096e-01	4.262355e-04
6.948352e-01	4.107843e-04
6.948608e-01	3.963986e-04
6.948864e-01	3.809119e-04
6.949120e-01	3.655383e-04
6.949376e-01	3.505808e-04
6.949632e-01	3.345281e-04
6.949888e-01	3.194086e-04
6.950144e-01	3.034332e-04
6.950400e-01	2.881335e-04
6.950656e-01	2.721489e-04
6.950912e-01	2.562036e-04
6.951168e-01	2.406240e-04
6.951424e-01	2.238235e-04
6.951680e-01	2.079711e-04
6.951936e-01	1.917430e-04
6.952192e-01	1.757923e-04
6.952448e-01	1.590123e-04
6.952704e-01	1.429983e-04
6.952960e-01	1.265956e-04
6.953216e-01	1.096254e-04
6.953472e-01	9.367587e-05
6.953728e-01	7.684318e-05
6.953984e-01	6.046089e-05
6.954240e-01	4.346517e-05
6.954496e-01	2.696080e-05
6.954752e-01	1.007197e-05
6.955008e-01	-6.385168e-06
6.955264e-01	-2.294732e-05
6.955520e-01	-3.981935e-05
6.955776e-01	-5.628488e-05
6.956032e-01	-7.323360e-05
6.956288e-01	-8.983006e-05
6.956544e-01	-1.061381e-04
6.956800e-01	-1.225720e-04
6.957056e-01	-1.394438e-04
6.957312e-01	-1.561021e-04
6.957568e-01	-1.727171e-04
6.957824e-01	-1.889739e-04
6.958080e-01	-2.055637e-04
6.958336e-01	-2.217999e-04
6.958592e-01	-2.381391e-04
6.958848e-01	-2.548623e-04
6.959104e-01	-2.706165e-04
6.959360e-01	-2.871324e-04
6.959616e-01	-3.033577e-04
6.959872e-01	-3.190407e-04
6.960128e-01	-3.351030e-04
6.960384e-01	-3.509359e-04
6.960640e-01	-3.669621e-04
6.960896e-01	-3.825252e-04
6.961152e-01	-3.979195e-04
6.961408e-01	-4.136705e-04
6.961664e-01	-4.285370e-04
6.961920e-01	-4.443958e-04
6.962176e-01	-4.596817e-04
6.962432e-01	-4.746227e-04
6.962688e-01	-4.896912e-04
6.962944e-01	-5.040797e-04
6.963200e-01	-5.193608e-04
6.963456e-01	-5.337099e-04
6.963712e-01	-5.481573e-04
6.963968e-01	-5.627004e-04
6.964224e-01	-5.763547e-04
6.964480e-01	-5.906088e-04
6.964736e-01	-6.043548e-04
6.964992e-01	-6.180322e-04
6.965248e-01	-6.314809e-04
6.965504e-01	-6.450027e-04
6.965760e-01	-6.582873e-04
6.966016e-01	-6.706287e-04
6.966272e-01	-6.841625e-04
6.966528e-01	-6.967420e-04
6.966784e-01	-7.089308e-04
6.967040e-01	-7.216812e-04
6.967296e-01	-7.331786e-04
6.967552e-01	-7.452295e-04
6.967808e-01	-7.568465e-04
6.968064e-01	-7.683740e-04
6.968320e-01	-7.797499e-04
6.968576e-01	-7.905447e-04
6.968832e-01	-8.013483e-04
6.969088e-01	-8.122075e-04
6.969344e-01	-8.223606e-04
6.969600e-01	-8.324506e-04
6.969856e-01	-8.423916e-04
6.970112e-01	-8.522026e-04
6.970368e-01	-8.621622e-04
6.970624e-01	-8.708935e-04
6.970880e-01	-8.798668e-04
6.971136e-01	-8.889157e-04
6.971392e-01	-8.977561e-04
6.971648e-01	-9.054788e-04
6.971904e-01	-9.133627e-04
6.972160e-01	-9.219338e-04
6.972416e-01	-9.290663e-04
6.972672e-01	-9.367020e-04
6.972928e-01	-9.437648e-04
6.973184e-01	-9.504778e-04
6.973440e-01	-9.568951e-04
6.973696e-01	-9.631098e-04
6.973952e-01	-9.691201e-04
6.974208e-01	-9.747741e-04
6.974464e-01	-9.805132e-04
6.974720e-01	-9.853673e-04
6.974976e-01	-9.903548e-04
6.975232e-01	-9.950022e-04
6.975488e-01	-9.997139e-04
6.975744e-01	-1.004245e-03
6.976000e-01	-1.007556e-03
6.976256e-01	-1.011143e-03
6.976512e-01	-1.014329e-03
6.976768e-01	-1.017466e-03
6.977024e-01	-1.020250e-03
6.977280e-01	-1.022726e-03
6.977536e-01	-1.024762e-03
6.977792e-01	-1.026810e-03
6.978048e-01	-1.028665e-03
6.978304e-01	-1.029834e-03
6.978560e-01	-1.030824e-03
6.978816e-01	-1.031427e-03
6.979072e-01	-1.032376e-03
6.979328e-01	-1.032567e-03
6.979584e-01	-1.032242e-03
6.979840e-01	-1.031934e-03
6.980096e-01	-1.030930e-03
6.980352e-01	-1.030341e-03
6.980608e-01	-1.029129e-03
6.980864e-01	-1.027364e-03
6.981120e-01	-1.025845e-03
6.981376e-01	-1.023817e-03
6.981632e-01	-1.021705e-03
6.981888e-01	-1.018950e-03
6.982144e-01	-1.016102e-03
6.982400e-01	-1.013379e-03
6.982656e-01	-1.009954e-03
6.982912e-01	-1.006218e-03
6.983168e-01	-1.002230e-03
6.983424e-01	-9.982460e-04
6.983680e-01	-9.938380e-04
6.983936e-01	-9.892043e-04
6.984192e-01	-9.842328e-04
6.984448e-01	-9.791347e-04
6.984704e-01	-9.738284e-04
6.984960e-01	-9.680450e-04
6.985216e-01	-9.618308e-04
6.985472e-01	-9.556636e-04
6.985728e-01	-9.490894e-04
6.985984e-01	-9.428912e-04
6.986240e-01	-9.356562e-04
6.986496e-01	-9.282668e-04
6.986752e-01	-9.213489e-04
6.987008e-01	-9.134371e-04
6.987264e-01	-9.053331e-04
6.987520e-01	-8.972366e-04
6.987776e-01	-8.891079e-04
6.988032e-01	-8.804051e-04
6.988288e-01	-8.715179e-04
6.988544e-01	-8.625570e-04
6.988800e-01	-8.532221e-04
6.989056e-01	-8.436291e-04
6.989312e-01	-8.339151e-04
6.989568e-01	-8.239510e-04
6.989824e-01	-8.138158e-04
6.990080e-01	-8.036390e-04
6.990336e-01	-7.930139e-04
6.990592e-01	-7.820122e-04
6.990848e-01	-7.709096e-04
6.991104e-01	-7.598653e-04
6.991360e-01	-7.485250e-04
6.991616e-01	-7.372394e-04
6.991872e-01	-7.257625e-04
6.992128e-01	-7.135320e-04
6.992384e-01	-7.012782e-04
6.992640e-01	-6.894867e-04
6.992896e-01	-6.765672e-04
6.993152e-01	-6.640066e-04
6.993408e-01	-6.517383e-04
6.993664e-01	-6.386456e-04
6.993920e-01	-6.254426e-04
6.994176e-01	-6.120915e-04
6.994432e-01	-5.989231e-04
6.994688e-01	-5.858139e-04
6.994944e-01	-5.717638e-04
6.995200e-01	-5.580484e-04
6.995456e-01	-5.440661e-04
6.995712e-01	-5.299523e-04
6.995968e-01	-5.161352e-04
6.996224e-01	-5.014229e-04
6.996480e-01	-4.871318e-04
6.996736e-01	-4.725736e-04
6.996992e-01	-4.579436e-04
6.997248e-01	-4.429121e-04
6.997504e-01	-4.281473e-04
6.997760e-01	-4.135119e-04
6.998016e-01	-3.978881e-04
6.998272e-01	-3.827793e-04
6.998528e-01	-3.672534e-04
6.998784e-01	-3.525117e-04
6.999040e-01	-3.368060e-04
6.999296e-01	-3.212335e-04
6.999552e-01	-3.062314e-04
6.999808e-01	-2.899594e-04
7.000064e-01	-2.744198e-04
7.000320e-01	-2.585914e-04
7.000576e-01	-2.425566e-04
7.000832e-01	-2.266424e-04
7.001088e-01	-2.107921e-04
7.001344e-01	-1.949774e-04
7.001600e-01	-1.789407e-04
7.001856e-01	-1.628420e-04
7.002112e-01	-1.466586e-04
7.002368e-01	-1.309580e-04
7.002624e-01	-1.142426e-04
7.002880e-01	-9.809661e-05
7.003136e-01	-8.210664e-05
7.003392e-01	-6.571374e-05
7.003648e-01	-4.977986e-05
7.003904e-01	-3.342318e-05
7.004160e-01	-1.744194e-05
7.004416e-01	-1.309060e-06
7.004672e-01	1.514908e-05
7.004928e-01	3.086127e-05
7.005184e-01	4.717246e-05
7.005440e-01	6.357838e-05
7.005696e-01	7.938714e-05
7.005952e-01	9.564546e-05
7.006208e-01	1.117677e-04
7.006464e-01	1.278982e-04
7.006720e-01	1.438753e-04
7.006976e-01	1.595482e-04
7.007232e-01	1.755320e-04
7.007488e-01	1.913774e-04
7.007744e-01	2.068741e-04
7.008000e-01	2.226026e-04
7.008256e-01	2.387063e-04
7.008512e-01	2.539171e-04
7.008768e-01	2.696139e-04
7.009024e-01	2.852606e-04
7.009280e-01	3.000066e-04
7.009536e-01	3.153481e-04
7.009792e-01	3.309048e-04
7.010048e-01	3.459619e-04
7.010304e-01	3.609140e-04
7.010560e-01	3.757790e-04
7.010816e-01	3.904625e-04
7.011072e-01	4.053043e-04
7.011328e-01	4.197816e-04
7.011584e-01	4.339511e-04
7.011840e-01	4.487995e-04
7.012096e-01	4.626694e-04
7.012352e-01	4.767552e-04
7.012608e-01	4.913726e-04
7.012864e-01	5.050341e-04
7.013120e-01	5.181918e-04
7.013376e-01	5.320841e-04
7.013632e-01	5.459461e-04
7.013888e-01	5.591680e-04
7.014144e-01	5.721855e-04
7.014400e-01	5.852344e-04
7.014656e-01	5.985649e-04
7.014912e-01	6.107449e-04
7.015168e-01	6.235694e-04
7.015424e-01	6.358349e-04
7.015680e-01	6.475125e-04
7.015936e-01	6.602043e-04
7.016192e-01	6.717179e-04
7.016448e-01	6.839728e-04
7.016704e-01	6.955959e-04
7.016960e-01	7.065852e-04
7.017216e-01	7.181994e-04
7.017472e-01	7.290944e-04
7.017728e-01	7.399376e-04
7.017984e-01	7.505756e-04
7.018240e-01	7.607521e-04
7.018496e-01	7.715113e-04
7.018752e-01	7.813731e-04
7.019008e-01	7.915467e-04
7.019264e-01	8.012005e-04
7.019520e-01	8.105558e-04
7.019776e-01	8.205153e-04
7.020032e-01	8.288366e-04
7.020288e-01	8.380221e-04
7.020544e-01	8.468764e-04
7.020800e-01	8.550197e-04
7.021056e-01	8.636561e-04
7.021312e-01	8.716739e-04
7.021568e-01	8.793519e-04
7.021824e-01	8.867474e-04
7.022080e-01	8.944265e-04
7.022336e-01	9.012945e-04
7.022592e-01	9.081537e-04
7.022848e-01	9.150534e-04
7.023104e-01	9.213472e-04
7.023360e-01	9.274098e-04
7.023616e-01	9.336142e-04
7.023872e-01	9.392691e-04
7.024128e-01	9.448163e-04
7.024384e-01	9.498811e-04
7.024640e-01	9.548988e-04
7.024896e-01	9.598854e-04
7.025152e-01	9.642796e-04
7.025408e-01	9.687641e-04
7.025664e-01	9.730158e-04
7.025920e-01	9.767310e-04
7.026176e-01	9.803114e-04
7.026432e-01	9.838247e-04
7.026688e-01	9.865515e-04
7.026944e-01	9.898163e-04
7.027200e-01	9.923998e-04
7.027456e-01	9.947096e-04
7.027712e-01	9.970502e-04
7.027968e-01	9.983948e-04
7.028224e-01	1.000620e-03
7.028480e-01	1.001616e-03
7.028736e-01	1.003243e-03
7.028992e-01	1.004005e-03
7.029248e-01	1.004390e-03
7.029504e-01	1.005299e-03
7.029760e-01	1.005038e-03
7.030016e-01	1.005406e-03
7.030272e-01	1.004714e-03
7.030528e-01	1.004362e-03
7.030784e-01	1.003581e-03
7.031040e-01	1.002393e-03
7.031296e-01	1.001238e-03
7.031552e-01	9.991928e-04
7.031808e-01	9.977327e-04
7.032064e-01	9.955905e-04
7.032320e-01	9.936233e-04
7.032576e-01	9.907604e-04
7.032832e-01	9.879037e-04
7.033088e-01	9.851267e-04
7.033344e-01	9.815898e-04
7.033600e-01	9.781410e-04
7.033856e-01	9.744283e-04
7.034112e-01	9.705696e-04
7.034368e-01	9.660072e-04
7.034624e-01	9.614824e-04
7.034880e-01	9.565744e-04
7.035136e-01	9.517549e-04
7.035392e-01	9.465783e-04
7.035648e-01	9.405632e-04
7.035904e-01	9.351443e-04
7.036160e-01	9.292432e-04
7.036416e-01	9.229672e-04
7.036672e-01	9.164721e-04
7.036928e-01	9.100618e-04
7.037184e-01	9.028862e-04
7.037440e-01	8.956285e-04
7.037696e-01	8.889236e-04
7.037952e-01	8.810541e-04
7.038208e-01	8.729775e-04
7.038464e-01	8.654023e-04
7.038720e-01	8.569769e-04
7.038976e-01	8.480350e-04
7.039232e-01	8.392749e-04
7.039488e-01	8.302418e-04
7.039744e-01	8.210596e-04
7.040000e-01	8.123724e-04
7.040256e-01	8.023530e-04
7.040512e-01	7.923683e-04
7.040768e-01	7.827604e-04
7.041024e-01	7.719904e-04
7.041280e-01	7.617363e-04
7.041536e-01	7.514480e-04
7.041792e-01	7.402494e-04
7.042048e-01	7.292955e-04
7.042304e-01	7.181241e-04
7.042560e-01	7.067858e-04
7.042816e-01	6.952786e-04
7.043072e-01	6.832278e-04
7.043328e-01	6.713753e-04
7.043584e-01	6.593551e-04
7.043840e-01	6.467248e-04
7.044096e-01	6.344270e-04
7.044352e-01	6.211872e-04
7.044608e-01	6.085770e-04
7.044864e-01	5.955051e-04
7.045120e-01	5.821762e-04
7.045376e-01	5.692059e-04
7.045632e-01	5.552135e-04
7.045888e-01	5.420482e-04
7.046144e-01	5.278382e-04
7.046400e-01	5.139140e-04
7.046656e-01	5.001317e-04
7.046912e-01	4.855072e-04
7.047168e-01	4.711787e-04
7.047424e-01	4.567743e-04
7.047680e-01	4.422644e-04
7.047936e-01	4.269989e-04
7.048192e-01	4.125311e-04
7.048448e-01	3.976032e-04
7.048704e-01	3.821409e-04
7.048960e-01	3.670787e-04
7.049216e-01	3.519268e-04
7.049472e-01	3.361397e-04
7.049728e-01	3.207420e-04
7.049984e-01	3.048627e-04
7.050240e-01	2.894619e-04
7.050496e-01	2.737989e-04
7.050752e-01	2.573522e-04
7.051008e-01	2.416999e-04
7.051264e-01	2.251803e-04
7.051520e-01	2.094791e-04
7.051776e-01	1.935612e-04
7.052032e-01	1.769161e-04
7.052288e-01	1.606908e-04
7.052544e-01	1.443097e-04
7.052800e-01	1.278742e-04
7.053056e-01	1.113348e-04
7.053312e-01	9.517984e-05
7.053568e-01	7.819350e-05
7.053824e-01	6.157511e-05
7.054080e-01	4.488153e-05
7.054336e-01	2.840147e-05
7.054592e-01	1.181053e-05
7.054848e-01	-4.817812e-06
7.055104e-01	-2.104032e-05
7.055360e-01	-3.813766e-05
7.055616e-01	-5.465411e-05
7.055872e-01	-7.172245e-05
7.056128e-01	-8.824697e-05
7.056384e-01	-1.047210e-04
7.056640e-01	-1.216863e-04
7.056896e-01	-1.376252e-04
7.057152e-01	-1.548034e-04
7.057408e-01	-1.711877e-04
7.057664e-01	-1.876085e-04
7.057920e-01	-2.042351e-04
7.058176e-01	-2.201616e-04
7.058432e-01	-2.368067e-04
7.058688e-01	-2.530221e-04
7.058944e-01	-2.693117e-04
7.059200e-01	-2.856150e-04
7.059456e-01	-3.016299e-04
7.059712e-01	-3.174840e-04
7.059968e-01	-3.333845e-04
7.060224e-01	-3.495613e-04
7.060480e-01	-3.652283e-04
7.060736e-01	-3.812188e-04
7.060992e-01	-3.966786e-04
7.061248e-01	-4.121301e-04
7.061504e-01	-4.275936e-04
7.061760e-01	-4.432010e-04
7.062016e-01	-4.581079e-04
7.062272e-01	-4.732091e-04
7.062528e-01	-4.887219e-04
7.062784e-01	-5.027137e-04
7.063040e-01	-5.178549e-04
7.063296e-01	-5.324666e-04
7.063552e-01	-5.465013e-04
7.063808e-01	-5.614189e-04
7.064064e-01	-5.753193e-04
7.064320e-01	-5.892020e-04
7.064576e-01	-6.029318e-04
7.064832e-01	-6.168819e-04
7.065088e-01	-6.303064e-04
7.065344e-01	-6.436281e-04
7.065600e-01	-6.568276e-04
7.065856e-01	-6.699394e-04
7.066112e-01	-6.826633e-04
7.066368e-01	-6.949896e-04
7.066624e-01	-7.078995e-04
7.066880e-01	-7.202917e-04
7.067136e-01	-7.322192e-04
7.067392e-01	-7.441601e-04
7.067648e-01	-7.556219e-04
7.067904e-01	-7.669585e-04
7.068160e-01	-7.784851e-04
7.068416e-01	-7.893692e-04
7.068672e-01	-7.999467e-04
7.068928e-01	-8.111239e-04
7.069184e-01	-8.215731e-04
7.069440e-01	-8.314750e-04
7.069696e-01	-8.419455e-04
7.069952e-01	-8.515758e-04
7.070208e-01	-8.609541e-04
7.070464e-01	-8.705034e-04
7.070720e-01	-8.795986e-04
7.070976e-01	-8.885181e-04
7.071232e-01	-8.968171e-04
7.071488e-01	-9.050712e-04
7.071744e-01	-9.131532e-04
7.072000e-01	-9.216294e-04
7.072256e-01	-9.285749e-04
7.072512e-01	-9.359648e-04
7.072768e-01	-9.432872e-04
7.073024e-01	-9.499109e-04
7.073280e-01	-9.564516e-04
7.073536e-01	-9.626055e-04
7.073792e-01	-9.689703e-04
7.074048e-01	-9.746879e-04
7.074304e-01	-9.800642e-04
7.074560e-01	-9.851906e-04
7.074816e-01	-9.901894e-04
7.075072e-01	-9.946967e-04
7.075328e-01	-9.993188e-04
7.075584e-01	-1.003254e-03
7.075840e-01	-1.007250e-03
7.076096e-01	-1.010971e-03
7.076352e-01	-1.014069e-03
7.076608e-01	-1.017090e-03
7.076864e-01	-1.019652e-03
7.077120e-01	-1.022654e-03
7.077376e-01	-1.024713e-03
7.077632e-01	-1.026686e-03
7.077888e-01	-1.028066e-03
7.078144e-01	-1.029530e-03
7.078400e-01	-1.030463e-03
7.078656e-01	-1.031379e-03
7.078912e-01	-1.032057e-03
7.079168e-01	-1.032227e-03
7.079424e-01	-1.032245e-03
7.079680e-01	-1.031514e-03
7.079936e-01	-1.031510e-03
7.080192e-01	-1.030525e-03
7.080448e-01	-1.029023e-03
7.080704e-01	-1.028006e-03
7.080960e-01	-1.026220e-03
7.081216e-01	-1.024130e-03
7.081472e-01	-1.021898e-03
7.081728e-01	-1.019620e-03
7.081984e-01	-1.016917e-03
7.082240e-01	-1.013869e-03
7.082496e-01	-1.010340e-03
7.082752e-01	-1.006589e-03
7.083008e-01	-1.003198e-03
7.083264e-01	-9.985807e-04
7.083520e-01	-9.940676e-04
7.083776e-01	-9.900937e-04
7.084032e-01	-9.844330e-04
7.084288e-01	-9.798787e-04
7.084544e-01	-9.739459e-04
7.084800e-01	-9.681886e-04
7.085056e-01	-9.627618e-04
7.085312e-01	-9.558111e-04
7.085568e-01	-9.498314e-04
7.085824e-01	-9.431517e-04
7.086080e-01	-9.363396e-04
7.086336e-01	-9.289371e-04
7.086592e-01	-9.214729e-04
7.086848e-01	-9.139715e-04
7.087104e-01	-9.058812e-04
7.087360e-01	-8.984008e-04
7.087616e-01	-8.897143e-04
7.087872e-01	-8.809558e-04
7.088128e-01	-8.723120e-04
7.088384e-01	-8.630774e-04
7.088640e-01	-8.535689e-04
7.088896e-01	-8.443819e-04
7.089152e-01	-8.348840e-04
7.089408e-01	-8.246970e-04
7.089664e-01	-8.150715e-04
7.089920e-01	-8.050011e-04
7.090176e-01	-7.936507e-04
7.090432e-01	-7.832367e-04
7.090688e-01	-7.727388e-04
7.090944e-01	-7.610585e-04
7.091200e-01	-7.501077e-04
7.091456e-01	-7.384021e-04
7.091712e-01	-7.265594e-04
7.091968e-01	-7.151235e-04
7.092224e-01	-7.024473e-04
7.092480e-01	-6.904919e-04
7.092736e-01	-6.778743e-04
7.092992e-01	-6.654999e-04
7.093248e-01	-6.527475e-04
7.093504e-01	-6.395394e-04
7.093760e-01	-6.268641e-04
7.094016e-01	-6.135902e-04
7.094272e-01	-6.004645e-04
7.094528e-01	-5.869379e-04
7.094784e-01	-5.733580e-04
7.095040e-01	-5.591917e-04
7.095296e-01	-5.452831e-04
7.095552e-01	-5.314352e-04
7.095808e-01	-5.170743e-04
7.096064e-01	-5.027034e-04
7.096320e-01	-4.884422e-04
7.096576e-01	-4.744694e-04
7.096832e-01	-4.590942e-04
7.097088e-01	-4.444445e-04
7.097344e-01	-4.296822e-04
7.097600e-01	-4.146593e-04
7.097856e-01	-3.998704e-04
7.098112e-01	-3.842500e-04
7.098368e-01	-3.690846e-04
7.098624e-01	-3.540836e-04
7.098880e-01	-3.383078e-04
7.099136e-01	-3.228296e-04
7.099392e-01	-3.069673e-04
7.099648e-01	-2.913561e-04
7.099904e-01	-2.759242e-04
7.100160e-01	-2.598747e-04
7.100416e-01	-2.438154e-04
7.100672e-01	-2.284863e-04
7.100928e-01	-2.126835e-04
7.101184e-01	-1.962462e-04
7.101440e-01	-1.802978e-04
7.101696e-01	-1.641868e-04
7.101952e-01	-1.483692e-04
7.102208e-01	-1.323641e-04
7.102464e-01	-1.161172e-04
7.102720e-01	-1.000169e-04
7.102976e-01	-8.350178e-05
7.103232e-01	-6.792072e-05
7.103488e-01	-5.130104e-05
7.103744e-01	-3.484178e-05
7.104000e-01	-1.913087e-05
7.104256e-01	-2.752473e-06
7.104512e-01	1.300453e-05
7.104768e-01	2.931410e-05
7.105024e-01	4.570979e-05
7.105280e-01	6.156715e-05
7.105536e-01	7.789161e-05
7.105792e-01	9.392016e-05
7.106048e-01	1.099787e-04
7.106304e-01	1.258181e-04
7.106560e-01	1.419439e-04
7.106816e-01	1.582104e-04
7.107072e-01	1.736484e-04
7.107328e-01	1.895867e-04
7.107584e-01	2.055932e-04
7.107840e-01	2.213082e-04
7.108096e-01	2.368708e-04
7.108352e-01	2.519505e-04
7.108608e-01	2.678892e-04
7.108864e-01	2.830541e-04
7.109120e-01	2.986273e-04
7.109376e-01	3.140627e-04
7.109632e-01	3.283870e-04
7.109888e-01	3.444302e-04
7.110144e-01	3.594992e-04
7.110400e-01	3.741392e-04
7.110656e-01	3.891009e-04
7.110912e-01	4.029122e-04
7.111168e-01	4.183260e-04
7.111424e-01	4.326777e-04
7.111680e-01	4.468444e-04
7.111936e-01	4.614156e-04
7.112192e-01	4.753378e-04
7.112448e-01	4.893890e-04
7.112704e-01	5.034190e-04
7.112960e-01	5.172297e-04
7.113216e-01	5.304097e-04
7.113472e-01	5.440628e-04
7.113728e-01	5.576629e-04
7.113984e-01	5.707045e-04
7.114240e-01	5.837155e-04
7.114496e-01	5.965980e-04
7.114752e-01	6.092892e-04
7.115008e-01	6.219603e-04
7.115264e-01	6.344560e-04
7.115520e-01	6.464135e-04
7.115776e-01	6.587703e-04
7.116032e-01	6.707405e-04
7.116288e-01	6.822179e-04
7.116544e-01	6.942608e-04
7.116800e-01	7.060559e-04
7.117056e-01	7.167783e-04
7.117312e-01	7.281211e-04
7.117568e-01	7.390096e-04
7.117824e-01	7.494297e-04
7.118080e-01	7.600771e-04
7.118336e-01	7.702630e-04
7.118592e-01	7.800895e-04
7.118848e-01	7.905834e-04
7.119104e-01	8.001435e-04
7.119360e-01	8.092849e-04
7.119616e-01	8.192539e-04
7.119872e-01	8.282788e-04
7.120128e-01	8.369348e-04
7.120384e-01	8.454343e-04
7.120640e-01	8.540814e-04
7.120896e-01	8.625840e-04
7.121152e-01	8.701609e-04
7.121408e-01	8.781838e-04
7.121664e-01	8.856833e-04
7.121920e-01	8.932385e-04
7.122176e-01	9.004690e-04
7.122432e-01	9.073720e-04
7.122688e-01	9.140865e-04
7.122944e-01	9.201398e-04
7.123200e-01	9.267309e-04
7.123456e-01	9.326357e-04
7.123712e-01	9.381328e-04
7.123968e-01	9.439856e-04
7.124224e-01	9.495160e-04
7.124480e-01	9.544975e-04
7.124736e-01	9.591382e-04
7.124992e-01	9.639547e-04
7.125248e-01	9.681569e-04
7.125504e-01	9.722707e-04
7.125760e-01	9.758464e-04
7.126016e-01	9.801111e-04
7.126272e-01	9.832728e-04
7.126528e-01	9.865239e-04
7.126784e-01	9.893462e-04
7.127040e-01	9.913055e-04
7.127296e-01	9.946666e-04
7.127552e-01	9.967928e-04
7.127808e-01	9.987050e-04
7.128064e-01	1.000305e-03
7.128320e-01	1.001552e-03
7.128576e-01	1.003305e-03
7.128832e-01	1.003744e-03
7.129088e-01	1.004697e-03
7.129344e-01	1.005241e-03
7.129600e-01	1.005059e-03
7.129856e-01	1.005321e-03
7.130112e-01	1.004710e-03
7.130368e-01	1.004077e-03
7.130624e-01	1.003561e-03
7.130880e-01	1.002695e-03
7.131136e-01	1.001534e-03
7.131392e-01	9.992967e-04
7.131648e-01	9.976687e-04
7.131904e-01	9.959985e-04
7.132160e-01	9.933112e-04
7.132416e-01	9.906889e-04
7.132672e-01	9.878799e-04
7.132928e-01	9.853236e-04
7.133184e-01	9.821341e-04
7.133440e-01	9.777886e-04
7.133696e-01	9.745314e-04
7.133952e-01	9.705420e-04
7.134208e-01	9.662265e-04
7.134464e-01	9.618969e-04
7.134720e-01	9.572236e-04
7.134976e-01	9.522453e-04
7.135232e-01	9.468579e-04
7.135488e-01	9.414646e-04
7.135744e-01	9.356303e-04
7.136000e-01	9.298114e-04
7.136256e-01	9.232643e-04
7.136512e-01	9.170820e-04
7.136768e-01	9.108426e-04
7.137024e-01	9.032304e-04
7.137280e-01	8.966578e-04
7.137536e-01	8.892221e-04
7.137792e-01	8.816670e-04
7.138048e-01	8.738814e-04
7.138304e-01	8.654725e-04
7.138560e-01	8.571889e-04
7.138816e-01	8.486910e-04
7.139072e-01	8.406721e-04
7.139328e-01	8.312665e-04
7.139584e-01	8.219610e-04
7.139840e-01	8.128852e-04
7.140096e-01	8.031241e-04
7.140352e-01	7.939224e-04
7.140608e-01	7.833124e-04
7.140864e-01	7.731966e-04
7.141120e-01	7.633622e-04
7.141376e-01	7.522696e-04
7.141632e-01	7.415673e-04
7.141888e-01	7.305171e-04
7.142144e-01	7.192034e-04
7.142400e-01	7.082096e-04
7.142656e-01	6.962775e-04
7.142912e-01	6.847040e-04
7.143168e-01	6.725849e-04
7.143424e-01	6.602946e-04
7.143680e-01	6.481806e-04
7.143936e-01	6.355168e-04
7.144192e-01	6.230286e-04
7.144448e-01	6.103714e-04
7.144704e-01	5.973743e-04
7.144960e-01	5.839010e-04
7.145216e-01	5.706024e-04
7.145472e-01	5.575015e-04
7.145728e-01	5.431698e-04
7.145984e-01	5.292622e-04
7.146240e-01	5.154472e-04
7.146496e-01	5.015688e-04
7.146752e-01	4.871619e-04
7.147008e-01	4.724644e-04
7.147264e-01	4.580563e-04
7.147520e-01	4.436217e-04
7.147776e-01	4.290696e-04
7.148032e-01	4.142596e-04
7.148288e-01	3.988568e-04
7.148544e-01	3.838869e-04
7.148800e-01	3.690104e-04
7.149056e-01	3.530063e-04
7.149312e-01	3.381190e-04
7.149568e-01	3.225685e-04
7.149824e-01	3.063682e-04
7.150080e-01	2.909367e-04
7.150336e-01	2.753966e-04
7.150592e-01	2.595268e-04
7.150848e-01	2.428766e-04
7.151104e-01	2.272721e-04
7.151360e-01	2.108628e-04
7.151616e-01	1.947627e-04
7.151872e-01	1.787528e-04
7.152128e-01	1.623197e-04
7.152384e-01	1.462147e-04
7.152640e-01	1.294865e-04
7.152896e-01	1.131566e-04
7.153152e-01	9.672897e-05
7.153408e-01	7.989955e-05
7.153664e-01	6.352731e-05
7.153920e-01	4.646261e-05
7.154176e-01	3.028152e-05
7.154432e-01	1.349164e-05
7.154688e-01	-3.205673e-06
7.154944e-01	-1.946835e-05
7.155200e-01	-3.663091e-05
7.155456e-01	-5.289175e-05
7.155712e-01	-6.970888e-05
7.155968e-01	-8.646829e-05
7.156224e-01	-1.030891e-04
7.156480e-01	-1.195544e-04
7.156736e-01	-1.365181e-04
7.156992e-01	-1.532731e-04
7.157248e-01	-1.689142e-04
7.157504e-01	-1.860032e-04
7.157760e-01	-2.023359e-04
7.158016e-01	-2.189743e-04
7.158272e-01	-2.352771e-04
7.158528e-01	-2.511253e-04
7.158784e-01	-2.676096e-04
7.159040e-01	-2.838326e-04
7.159296e-01	-2.998904e-04
7.159552e-01	-3.159390e-04
7.159808e-01	-3.320323e-04
7.160064e-01	-3.477629e-04
7.160320e-01	-3.635075e-04
7.160576e-01	-3.792493e-04
7.160832e-01	-3.951361e-04
7.161088e-01	-4.106180e-04
7.161344e-01	-4.256757e-04
7.161600e-01	-4.413838e-04
7.161856e-01	-4.566392e-04
7.162112e-01	-4.721941e-04
7.162368e-01	-4.868254e-04
7.162624e-01	-5.012237e-04
7.162880e-01	-5.162509e-04
7.163136e-01	-5.308639e-04
7.163392e-01	-5.452057e-04
7.163648e-01	-5.595491e-04
7.163904e-01	-5.740058e-04
7.164160e-01	-5.880051e-04
7.164416e-01	-6.014485e-04
7.164672e-01	-6.155894e-04
7.164928e-01	-6.290889e-04
7.165184e-01	-6.420217e-04
7.165440e-01	-6.558161e-04
7.165696e-01	-6.686578e-04
7.165952e-01	-6.811591e-04
7.166208e-01	-6.940243e-04
7.166464e-01	-7.062178e-04
7.166720e-01	-7.190890e-04
7.166976e-01	-7.308021e-04
7.167232e-01	-7.427394e-04
7.167488e-01	-7.547553e-04
7.167744e-01	-7.657206e-04
7.168000e-01	-7.776687e-04
7.168256e-01	-7.887430e-04
7.168512e-01	-7.993156e-04
7.168768e-01	-8.104907e-04
7.169024e-01	-8.203298e-04
7.169280e-01	-8.306637e-04
7.169536e-01	-8.407034e-04
7.169792e-01	-8.503057e-04
7.170048e-01	-8.601275e-04
7.170304e-01	-8.692889e-04
7.170560e-01	-8.787074e-04
7.170816e-01	-8.872175e-04
7.171072e-01	-8.959089e-04
7.171328e-01	-9.044383e-04
7.171584e-01	-9.120055e-04
7.171840e-01	-9.204627e-04
7.172096e-01	-9.277122e-04
7.172352e-01	-9.352331e-04
7.172608e-01	-9.424837e-04
7.172864e-01	-9.489467e-04
7.173120e-01	-9.559210e-04
7.173376e-01	-9.618742e-04
7.173632e-01	-9.681386e-04
7.173888e-01	-9.740447e-04
7.174144e-01	-9.793929e-04
7.174400e-01	-9.848614e-04
7.174656e-01	-9.892042e-04
7.174912e-01	-9.946078e-04
7.175168e-01	-9.993027e-04
7.175424e-01	-1.002951e-03
7.175680e-01	-1.006937e-03
7.175936e-01	-1.011006e-03
7.176192e-01	-1.014190e-03
7.176448e-01	-1.017120e-03
7.176704e-01	-1.019755e-03
7.176960e-01	-1.022077e-03
7.177216e-01	-1.024446e-03
7.177472e-01	-1.026165e-03
7.177728e-01	-1.028084e-03
7.177984e-01	-1.029353e-03
7.178240e-01	-1.030506e-03
7.178496e-01	-1.031908e-03
7.178752e-01	-1.031868e-03
7.179008e-01	-1.032390e-03
7.179264e-01	-1.032454e-03
7.179520e-01	-1.032031e-03
7.179776e-01	-1.031701e-03
7.180032e-01	-1.030709e-03
7.180288e-01	-1.029536e-03
7.180544e-01	-1.028048e-03
7.180800e-01	-1.026413e-03
7.181056e-01	-1.024510e-03
7.181312e-01	-1.022394e-03
7.181568e-01	-1.019736e-03
7.181824e-01	-1.016695e-03
7.182080e-01	-1.014194e-03
7.182336e-01	-1.010705e-03
7.182592e-01	-1.007233e-03
7.182848e-01	-1.003398e-03
7.183104e-01	-9.993108e-04
7.183360e-01	-9.948084e-04
7.183616e-01	-9.899968e-04
7.183872e-01	-9.857255e-04
7.184128e-01	-9.802041e-04
7.184384e-01	-9.745652e-04
7.184640e-01	-9.692617e-04
7.184896e-01	-9.631096e-04
7.185152e-01	-9.570796e-04
7.185408e-01	-9.506903e-04
7.185664e-01	-9.443086e-04
7.185920e-01	-9.369819e-04
7.186176e-01	-9.297192e-04
7.186432e-01	-9.220662e-04
7.186688e-01	-9.145390e-04
7.186944e-01	-9.073953e-04
7.187200e-01	-8.986101e-04
7.187456e-01	-8.904275e-04
7.187712e-01	-8.820104e-04
7.187968e-01	-8.728688e-04
7.188224e-01	-8.644191e-04
7.188480e-01	-8.548538e-04
7.188736e-01	-8.452655e-04
7.188992e-01	-8.356795e-04
7.189248e-01	-8.258622e-04
7.189504e-01	-8.159156e-04
7.189760e-01	-8.057773e-04
7.190016e-01	-7.949976e-04
7.190272e-01	-7.840021e-04
7.190528e-01	-7.733583e-04
7.190784e-01	-7.623485e-04
7.191040e-01	-7.510760e-04
7.191296e-01	-7.394069e-04
7.191552e-01	-7.277355e-04
7.191808e-01	-7.159792e-04
7.192064e-01	-7.039571e-04
7.192320e-01	-6.917441e-04
7.192576e-01	-6.788005e-04
7.192832e-01	-6.667490e-04
7.193088e-01	-6.543320e-04
7.193344e-01	-6.414481e-04
7.193600e-01	-6.281023e-04
7.193856e-01	-6.149402e-04
7.194112e-01	-6.014293e-04
7.194368e-01	-5.877314e-04
7.194624e-01	-5.743263e-04
7.194880e-01	-5.602986e-04
7.195136e-01	-5.465353e-04
7.195392e-01	-5.326330e-04
7.195648e-01	-5.185886e-04
7.195904e-01	-5.042652e-04
7.196160e-01	-4.894204e-04
7.196416e-01	-4.750088e-04
7.196672e-01	-4.604772e-04
7.196928e-01	-4.459946e-04
7.197184e-01	-4.308575e-04
7.197440e-01	-4.157364e-04
7.197696e-01	-4.007900e-04
7.197952e-01	-3.858070e-04
7.198208e-01	-3.706015e-04
7.198464e-01	-3.552450e-04
7.198720e-01	-3.397242e-04
7.198976e-01	-3.240151e-04
7.199232e-01	-3.085710e-04
7.199488e-01	-2.932556e-04
7.199744e-01	-2.771342e-04
7.200000e-01	-2.614324e-04
7.200256e-01	-2.461507e-04
7.200512e-01	-2.295327e-04
7.200768e-01	-2.136692e-04
7.201024e-01	-1.981850e-04
7.201280e-01	-1.814907e-04
7.201536e-01	-1.658369e-04
7.201792e-01	-1.496137e-04
7.202048e-01	-1.334584e-04
7.202304e-01	-1.173309e-04
7.202560e-01	-1.012590e-04
7.202816e-01	-8.528907e-05
7.203072e-01	-6.902750e-05
7.203328e-01	-5.301430e-05
7.203584e-01	-3.662075e-05
7.203840e-01	-2.066277e-05
7.204096e-01	-4.036561e-06
7.204352e-01	1.205536e-05
7.204608e-01	2.767882e-05
7.204864e-01	4.423539e-05
7.205120e-01	5.998681e-05
7.205376e-01	7.632504e-05
7.205632e-01	9.253343e-05
7.205888e-01	1.084897e-04
7.206144e-01	1.243055e-04
7.206400e-01	1.405314e-04
7.206656e-01	1.564703e-04
7.206912e-01	1.725674e-04
7.207168e-01	1.881181e-04
7.207424e-01	2.039258e-04
7.207680e-01	2.196293e-04
7.207936e-01	2.351754e-04
7.208192e-01	2.510808e-04
7.208448e-01	2.660115e-04
7.208704e-01	2.816533e-04
7.208960e-01	2.973062e-04
7.209216e-01	3.125683e-04
7.209472e-01	3.272601e-04
7.209728e-01	3.425585e-04
7.209984e-01	3.577167e-04
7.210240e-01	3.726645e-04
7.210496e-01	3.879018e-04
7.210752e-01	4.020226e-04
7.211008e-01	4.173153e-04
7.211264e-01	4.312001e-04
7.211520e-01	4.455287e-04
7.211776e-01	4.602346e-04
7.212032e-01	4.739731e-04
7.212288e-01	4.882444e-04
7.212544e-01	5.019756e-04
7.212800e-01	5.158412e-04
7.213056e-01	5.295313e-04
7.213312e-01	5.428438e-04
7.213568e-01	5.566378e-04
7.213824e-01	5.696780e-04
7.214080e-01	5.827905e-04
7.214336e-01	5.956513e-04
7.214592e-01	6.081573e-04
7.214848e-01	6.210760e-04
7.215104e-01	6.333375e-04
7.215360e-01	6.457173e-04
7.215616e-01	6.580399e-04
7.215872e-01	6.698465e-04
7.216128e-01	6.813265e-04
7.216384e-01	6.929683e-04
7.216640e-01	7.049466e-04
7.216896e-01	7.157465e-04
7.217152e-01	7.271291e-04
7.217408e-01	7.377563e-04
7.217664e-01	7.486274e-04
7.217920e-01	7.594744e-04
7.218176e-01	7.694624e-04
7.218432e-01	7.797172e-04
7.218688e-01	7.896161e-04
7.218944e-01	7.991616e-04
7.219200e-01	8.087779e-04
7.219456e-01	8.180391e-04
7.219712e-01	8.273295e-04
7.219968e-01	8.362501e-04
7.220224e-01	8.448251e-04
7.220480e-01	8.536285e-04
7.220736e-01	8.617701e-04
7.220992e-01	8.697695e-04
7.221248e-01	8.775285e-04
7.221504e-01	8.849071e-04
7.221760e-01	8.925868e-04
7.222016e-01	8.996872e-04
7.222272e-01	9.069122e-04
7.222528e-01	9.131934e-04
7.222784e-01	9.198238e-04
7.223040e-01	9.265118e-04
7.223296e-01	9.320578e-04
7.223552e-01	9.381654e-04
7.223808e-01	9.437539e-04
7.224064e-01	9.486488e-04
7.224320e-01	9.540463e-04
7.224576e-01	9.587843e-04
7.224832e-01	9.637749e-04
7.225088e-01	9.678105e-04
7.225344e-01	9.719282e-04
7.225600e-01	9.761277e-04
7.225856e-01	9.790574e-04
7.226112e-01	9.830984e-04
7.226368e-01	9.862222e-04
7.226624e-01	9.889100e-04
7.226880e-01	9.918314e-04
7.227136e-01	9.938329e-04
7.227392e-01	9.964770e-04
7.227648e-01	9.982367e-04
7.227904e-01	9.999456e-04
7.228160e-01	1.001406e-03
7.228416e-01	1.002570e-03
7.228672e-01	1.003890e-03
7.228928e-01	1.004611e-03
7.229184e-01	1.004587e-03
7.229440e-01	1.005204e-03
7.229696e-01	1.004790e-03
7.229952e-01	1.004417e-03
7.230208e-01	1.004512e-03
7.230464e-01	1.003629e-03
7.230720e-01	1.002624e-03
7.230976e-01	1.001323e-03
7.231232e-01	9.996869e-04
7.231488e-01	9.977410e-04
7.231744e-01	9.959949e-04
7.232000e-01	9.940267e-04
7.232256e-01	9.914726e-04
7.232512e-01	9.882721e-04
7.232768e-01	9.855196e-04
7.233024e-01	9.825696e-04
7.233280e-01	9.782871e-04
7.233536e-01	9.754383e-04
7.233792e-01	9.707214e-04
7.234048e-01	9.667400e-04
7.234304e-01	9.629743e-04
7.234560e-01	9.575324e-04
7.234816e-01	9.528791e-04
7.235072e-01	9.474476e-04
7.235328e-01	9.420721e-04
7.235584e-01	9.361124e-04
7.235840e-01	9.299224e-04
7.236096e-01	9.243169e-04
7.236352e-01	9.179166e-04
7.236608e-01	9.112098e-04
7.236864e-01	9.044936e-04
7.237120e-01	8.970816e-04
7.237376e-01	8.898503e-04
7.237632e-01	8.824081e-04
7.237888e-01	8.745255e-04
7.238144e-01	8.669263e-04
7.238400e-01	8.581229e-04
7.238656e-01	8.499382e-04
7.238912e-01	8.409439e-04
7.239168e-01	8.322465e-04
7.239424e-01	8.232353e-04
7.239680e-01	8.135468e-04
7.239936e-01	8.041258e-04
7.240192e-01	7.942884e-04
7.240448e-01	7.846366e-04
7.240704e-01	7.744710e-04
7.240960e-01	7.640265e-04
7.241216e-01	7.534872e-04
7.241472e-01	7.425784e-04
7.241728e-01	7.316411e-04
7.241984e-01	7.204268e-04
7.242240e-01	7.087471e-04
7.242496e-01	6.973537e-04
7.242752e-01	6.855847e-04
7.243008e-01	6.733586e-04
7.243264e-01	6.615127e-04
7.243520e-01	6.490709e-04
7.243776e-01	6.367126e-04
7.244032e-01	6.239320e-04
7.244288e-01	6.112878e-04
7.244544e-01	5.980399e-04
7.244800e-01	5.852865e-04
7.245056e-01	5.718701e-04
7.245312e-01	5.577451e-04
7.245568e-01	5.447539e-04
7.245824e-01	5.305609e-04
7.246080e-01	5.166482e-04
7.246336e-01	5.025954e-04
7.246592e-01	4.881860e-04
7.246848e-01	4.742593e-04
7.247104e-01	4.594968e-04
7.247360e-01	4.450701e-04
7.247616e-01	4.298670e-04
7.247872e-01	4.154762e-04
7.248128e-01	4.005733e-04
7.248384e-01	3.851140e-04
7.248640e-01	3.698703e-04
7.248896e-01	3.546343e-04
7.249152e-01	3.397281e-04
7.249408e-01	3.232374e-04
7.249664e-01	3.077868e-04
7.249920e-01	2.928007e-04
7.250176e-01	2.764179e-04
7.250432e-01	2.610471e-04
7.250688e-01	2.447548e-04
7.250944e-01	2.285641e-04
7.251200e-01	2.125945e-04
7.251456e-01	1.963239e-04
7.251712e-01	1.799836e-04
7.251968e-01	1.640589e-04
7.252224e-01	1.475712e-04
7.252480e-01	1.307302e-04
7.252736e-01	1.146512e-04
7.252992e-01	9.793954e-05
7.253248e-01	8.171565e-05
7.253504e-01	6.461609e-05
7.253760e-01	4.835038e-05
7.254016e-01	3.204981e-05
7.254272e-01	1.482721e-05
7.254528e-01	-1.422238e-06
7.254784e-01	-1.856174e-05
7.255040e-01	-3.452265e-05
7.255296e-01	-5.176833e-05
7.255552e-01	-6.811489e-05
7.255808e-01	-8.492347e-05
7.256064e-01	-1.021573e-04
7.256320e-01	-1.179315e-04
7.256576e-01	-1.346115e-04
7.256832e-01	-1.516567e-04
7.257088e-01	-1.678459e-04
7.257344e-01	-1.840548e-04
7.257600e-01	-2.008400e-04
7.257856e-01	-2.173021e-04
7.258112e-01	-2.338996e-04
7.258368e-01	-2.499557e-04
7.258624e-01	-2.661537e-04
7.258880e-01	-2.824912e-04
7.259136e-01	-2.986616e-04
7.259392e-01	-3.148780e-04
7.259648e-01	-3.308771e-04
7.259904e-01	-3.466056e-04
7.260160e-01	-3.622736e-04
7.260416e-01	-3.782976e-04
7.260672e-01	-3.936921e-04
7.260928e-01	-4.093826e-04
7.261184e-01	-4.246498e-04
7.261440e-01	-4.400513e-04
7.261696e-01	-4.553031e-04
7.261952e-01	-4.703212e-04
7.262208e-01	-4.855873e-04
7.262464e-01	-5.005219e-04
7.262720e-01	-5.145049e-04
7.262976e-01	-5.295852e-04
7.263232e-01	-5.441645e-04
7.263488e-01	-5.581079e-04
7.263744e-01	-5.725317e-04
7.264000e-01	-5.863917e-04
7.264256e-01	-6.004933e-04
7.264512e-01	-6.142766e-04
7.264768e-01	-6.277934e-04
7.265024e-01	-6.412191e-04
7.265280e-01	-6.541007e-04
7.265536e-01	-6.674998e-04
7.265792e-01	-6.800733e-04
7.266048e-01	-6.927837e-04
7.266304e-01	-7.055608e-04
7.266560e-01	-7.178214e-04
7.266816e-01	-7.300729e-04
7.267072e-01	-7.417422e-04
7.267328e-01	-7.534497e-04
7.267584e-01	-7.649530e-04
7.267840e-01	-7.763400e-04
7.268096e-01	-7.873364e-04
7.268352e-01	-7.984487e-04
7.268608e-01	-8.093182e-04
7.268864e-01	-8.193369e-04
7.269120e-01	-8.299611e-04
7.269376e-01	-8.395531e-04
7.269632e-01	-8.494849e-04
7.269888e-01	-8.590439e-04
7.270144e-01	-8.687679e-04
7.270400e-01	-8.777855e-04
7.270656e-01	-8.862746e-04
7.270912e-01	-8.951744e-04
7.271168e-01	-9.035125e-04
7.271424e-01	-9.117280e-04
7.271680e-01	-9.197374e-04
7.271936e-01	-9.271442e-04
7.272192e-01	-9.348092e-04
7.272448e-01	-9.414396e-04
7.272704e-01	-9.482690e-04
7.272960e-01	-9.555969e-04
7.273216e-01	-9.614225e-04
7.273472e-01	-9.675931e-04
7.273728e-01	-9.733675e-04
7.273984e-01	-9.787984e-04
7.274240e-01	-9.844195e-04
7.274496e-01	-9.891684e-04
7.274752e-01	-9.941452e-04
7.275008e-01	-9.983935e-04
7.275264e-01	-1.002169e-03
7.275520e-01	-1.006653e-03
7.275776e-01	-1.010414e-03
7.276032e-01	-1.013892e-03
7.276288e-01	-1.016968e-03
7.276544e-01	-1.019256e-03
7.276800e-01	-1.022033e-03
7.277056e-01	-1.023865e-03
7.277312e-01	-1.026160e-03
7.277568e-01	-1.027935e-03
7.277824e-01	-1.029250e-03
7.278080e-01	-1.029971e-03
7.278336e-01	-1.031445e-03
7.278592e-01	-1.031681e-03
7.278848e-01	-1.031520e-03
7.279104e-01	-1.032625e-03
7.279360e-01	-1.031788e-03
7.279616e-01	-1.031526e-03
7.279872e-01	-1.030653e-03
7.280128e-01	-1.029120e-03
7.280384e-01	-1.028013e-03
7.280640e-01	-1.026366e-03
7.280896e-01	-1.024786e-03
7.281152e-01	-1.021789e-03
7.281408e-01	-1.020093e-03
7.281664e-01	-1.017374e-03
7.281920e-01	-1.013952e-03
7.282176e-01	-1.011243e-03
7.282432e-01	-1.007453e-03
7.282688e-01	-1.003572e-03
7.282944e-01	-9.992305e-04
7.283200e-01	-9.950724e-04
7.283456e-01	-9.905073e-04
7.283712e-01	-9.853971e-04
7.283968e-01	-9.808422e-04
7.284224e-01	-9.751716e-04
7.284480e-01	-9.693611e-04
7.284736e-01	-9.639165e-04
7.284992e-01	-9.577734e-04
7.285248e-01	-9.509726e-04
7.285504e-01	-9.445585e-04
7.285760e-01	-9.377609e-04
7.286016e-01	-9.306945e-04
7.286272e-01	-9.231001e-04
7.286528e-01	-9.155299e-04
7.286784e-01	-9.078826e-04
7.287040e-01	-8.996194e-04
7.287296e-01	-8.915329e-04
7.287552e-01	-8.830347e-04
7.287808e-01	-8.737859e-04
7.288064e-01	-8.648747e-04
7.288320e-01	-8.559326e-04
7.288576e-01	-8.464191e-04
7.288832e-01	-8.365876e-04
7.289088e-01	-8.270898e-04
7.289344e-01	-8.165618e-04
7.289600e-01	-8.062561e-04
7.289856e-01	-7.959756e-04
7.290112e-01	-7.849631e-04
7.290368e-01	-7.742323e-04
7.290624e-01	-7.634906e-04
7.290880e-01	-7.519879e-04
7.291136e-01	-7.404913e-04
7.291392e-01	-7.289494e-04
7.291648e-01	-7.167272e-04
7.291904e-01	-7.048097e-04
7.292160e-01	-6.932438e-04
7.292416e-01	-6.803279e-04
7.292672e-01	-6.679801e-04
7.292928e-01	-6.552454e-04
7.293184e-01	-6.424313e-04
7.293440e-01	-6.293222e-04
7.293696e-01	-6.158741e-04
7.293952e-01	-6.028079e-04
7.294208e-01	-5.894944e-04
7.294464e-01	-5.756300e-04
7.294720e-01	-5.614466e-04
7.294976e-01	-5.482298e-04
7.295232e-01	-5.338567e-04
7.295488e-01	-5.196744e-04
7.295744e-01	-5.059482e-04
7.296000e-01	-4.905529e-04
7.296256e-01	-4.766311e-04
7.296512e-01	-4.620582e-04
7.296768e-01	-4.472334e-04
7.297024e-01	-4.323102e-04
7.297280e-01	-4.173859e-04
7.297536e-01	-4.024318e-04
7.297792e-01	-3.872495e-04
7.298048e-01	-3.722347e-04
7.298304e-01	-3.565779e-04
7.298560e-01	-3.412678e-04
7.298816e-01	-3.260766e-04
7.299072e-01	-3.103557e-04
7.299328e-01	-2.947809e-04
7.299584e-01	-2.787017e-04
7.299840e-01	-2.628845e-04
7.300096e-01	-2.473087e-04
7.300352e-01	-2.315114e-04
7.300608e-01	-2.152144e-04
7.300864e-01	-1.994565e-04
7.301120e-01	-1.834259e-04
7.301376e-01	-1.674710e-04
7.301632e-01	-1.517862e-04
7.301888e-01	-1.347761e-04
7.302144e-01	-1.192773e-04
7.302400e-01	-1.034791e-04
7.302656e-01	-8.663220e-05
7.302912e-01	-7.063273e-05
7.303168e-01	-5.419846e-05
7.303424e-01	-3.842868e-05
7.303680e-01	-2.182665e-05
7.303936e-01	-5.916913e-06
7.304192e-01	1.070627e-05
7.304448e-01	2.668680e-05
7.304704e-01	4.247460e-05
7.304960e-01	5.916413e-05
7.305216e-01	7.462157e-05
7.305472e-01	9.122553e-05
7.305728e-01	1.069379e-04
7.305984e-01	1.228760e-04
7.306240e-01	1.394021e-04
7.306496e-01	1.547078e-04
7.306752e-01	1.710208e-04
7.307008e-01	1.861517e-04
7.307264e-01	2.025143e-04
7.307520e-01	2.179715e-04
7.307776e-01	2.338835e-04
7.308032e-01	2.500215e-04
7.308288e-01	2.641655e-04
7.308544e-01	2.805008e-04
7.308800e-01	2.955100e-04
7.309056e-01	3.106605e-04
7.309312e-01	3.267327e-04
7.309568e-01	3.412194e-04
7.309824e-01	3.563935e-04
7.310080e-01	3.708184e-04
7.310336e-01	3.858594e-04
7.310592e-01	4.006399e-04
7.310848e-01	4.152117e-04
7.311104e-01	4.299611e-04
7.311360e-01	4.441156e-04
7.311616e-01	4.586294e-04
7.311872e-01	4.727552e-04
7.312128e-01	4.871061e-04
7.312384e-01	5.009383e-04
7.312640e-01	5.143686e-04
7.312896e-01	5.283565e-04
7.313152e-01	5.415776e-04
7.313408e-01	5.552108e-04
7.313664e-01	5.682973e-04
7.313920e-01	5.817018e-04
7.314176e-01	5.944378e-04
7.314432e-01	6.072353e-04
7.314688e-01	6.199245e-04
7.314944e-01	6.318962e-04
7.315200e-01	6.448034e-04
7.315456e-01	6.565769e-04
7.315712e-01	6.681852e-04
7.315968e-01	6.808914e-04
7.316224e-01	6.919436e-04
7.316480e-01	7.030424e-04
7.316736e-01	7.146940e-04
7.316992e-01	7.260877e-04
7.317248e-01	7.368472e-04
7.317504e-01	7.471164e-04
7.317760e-01	7.579739e-04
7.318016e-01	7.685904e-04
7.318272e-01	7.786082e-04
7.318528e-01	7.885358e-04
7.318784e-01	7.983378e-04
7.319040e-01	8.078695e-04
7.319296e-01	8.170335e-04
7.319552e-01	8.267161e-04
7.319808e-01	8.353670e-04
7.320064e-01	8.441492e-04
7.320320e-01	8.529716e-04
7.320576e-01	8.610100e-04
7.320832e-01	8.688699e-04
7.321088e-01	8.768428e-04
7.321344e-01	8.847617e-04
7.321600e-01	8.920787e-04
7.321856e-01	8.988802e-04
7.322112e-01	9.059208e-04
7.322368e-01	9.127777e-04
7.322624e-01	9.195554e-04
7.322880e-01	9.257302e-04
7.323136e-01	9.319177e-04
7.323392e-01	9.376616e-04
7.323648e-01	9.432038e-04
7.323904e-01	9.484663e-04
7.324160e-01	9.538071e-04
7.324416e-01	9.582812e-04
7.324672e-01	9.630483e-04
7.324928e-01	9.676077e-04
7.325184e-01	9.717134e-04
7.325440e-01	9.758577e-04
7.325696e-01	9.788050e-04
7.325952e-01	9.823438e-04
7.326208e-01	9.861828e-04
7.326464e-01	9.890363e-04
7.326720e-01	9.917105e-04
7.326976e-01	9.945271e-04
7.327232e-01	9.965544e-04
7.327488e-01	9.983376e-04
7.327744e-01	1.000255e-03
7.328000e-01	1.001619e-03
7.328256e-01	1.002991e-03
7.328512e-01	1.003771e-03
7.328768e-01	1.004692e-03
7.329024e-01	1.005214e-03
7.329280e-01	1.005435e-03
7.329536e-01	1.005171e-03
7.329792e-01	1.005294e-03
7.330048e-01	1.004830e-03
7.330304e-01	1.004024e-03
7.330560e-01	1.003004e-03
7.330816e-01	1.001683e-03
7.331072e-01	1.000248e-03
7.331328e-01	9.986495e-04
7.331584e-01	9.965573e-04
7.331840e-01	9.943658e-04
7.332096e-01	9.916885e-04
7.332352e-01	9.886614e-04
7.332608e-01	9.857658e-04
7.332864e-01	9.826981e-04
7.333120e-01	9.788995e-04
7.333376e-01	9.754227e-04
7.333632e-01	9.715628e-04
7.333888e-01	9.667570e-04
7.334144e-01	9.627368e-04
7.334400e-01	9.583990e-04
7.334656e-01	9.532912e-04
7.334912e-01	9.481097e-04
7.335168e-01	9.428391e-04
7.335424e-01	9.372359e-04
7.335680e-01	9.309464e-04
7.335936e-01	9.255193e-04
7.336192e-01	9.183874e-04
7.336448e-01	9.114819e-04
7.336704e-01	9.050509e-04
7.336960e-01	8.980390e-04
7.337216e-01	8.906063e-04
7.337472e-01	8.832573e-04
7.337728e-01	8.755072e-04
7.337984e-01	8.676056e-04
7.338240e-01	8.593615e-04
7.338496e-01	8.505146e-04
7.338752e-01	8.420856e-04
7.339008e-01	8.333109e-04
7.339264e-01	8.242333e-04
7.339520e-01	8.144010e-04
7.339776e-01	8.054639e-04
7.340032e-01	7.959836e-04
7.340288e-01	7.856110e-04
7.340544e-01	7.756209e-04
7.340800e-01	7.648044e-04
7.341056e-01	7.548100e-04
7.341312e-01	7.435874e-04
7.341568e-01	7.327230e-04
7.341824e-01	7.215462e-04
7.342080e-01	7.101099e-04
7.342336e-01	6.986298e-04
7.342592e-01	6.866028e-04
7.342848e-01	6.746971e-04
7.343104e-01	6.628725e-04
7.343360e-01	6.502873e-04
7.343616e-01	6.380801e-04
7.343872e-01	6.254365e-04
7.344128e-01	6.121580e-04
7.344384e-01	5.995033e-04
7.344640e-01	5.863000e-04
7.344896e-01	5.728878e-04
7.345152e-01	5.593497e-04
7.345408e-01	5.457008e-04
7.345664e-01	5.320266e-04
7.345920e-01	5.180354e-04
7.346176e-01	5.043728e-04
7.346432e-01	4.900424e-04
7.346688e-01	4.753526e-04
7.346944e-01	4.613114e-04
7.347200e-01	4.463424e-04
7.347456e-01	4.312370e-04
7.347712e-01	4.170678e-04
7.347968e-01	4.015633e-04
7.348224e-01	3.868745e-04
7.348480e-01	3.716456e-04
7.348736e-01	3.563136e-04
7.348992e-01	3.410440e-04
7.349248e-01	3.252395e-04
7.349504e-01	3.095691e-04
7.349760e-01	2.938328e-04
7.350016e-01	2.779467e-04
7.350272e-01	2.621515e-04
7.350528e-01	2.460145e-04
7.350784e-01	2.304380e-04
7.351040e-01	2.141101e-04
7.351296e-01	1.975244e-04
7.351552e-01	1.815926e-04
7.351808e-01	1.653926e-04
7.352064e-01	1.488051e-04
7.352320e-01	1.323795e-04
7.352576e-01	1.161448e-04
7.352832e-01	9.978844e-05
7.353088e-01	8.326429e-05
7.353344e-01	6.632631e-05
7.353600e-01	4.988357e-05
7.353856e-01	3.363980e-05
7.354112e-01	1.664915e-05
7.354368e-01	7.673206e-08
7.354624e-01	-1.652889e-05
7.354880e-01	-3.331659e-05
7.355136e-01	-5.018928e-05
7.355392e-01	-6.681983e-05
7.355648e-01	-8.375230e-05
7.355904e-01	-9.997150e-05
7.356160e-01	-1.168318e-04
7.356416e-01	-1.334475e-04
7.356672e-01	-1.499506e-04
7.356928e-01	-1.667012e-04
7.357184e-01	-1.829592e-04
7.357440e-01	-1.996873e-04
7.357696e-01	-2.159058e-04
7.357952e-01	-2.320559e-04
7.358208e-01	-2.486270e-04
7.358464e-01	-2.646011e-04
7.358720e-01	-2.810874e-04
7.358976e-01	-2.969307e-04
7.359232e-01	-3.132061e-04
7.359488e-01	-3.291475e-04
7.359744e-01	-3.451108e-04
7.360000e-01	-3.610158e-04
7.360256e-01	-3.766188e-04
7.360512e-01	-3.921834e-04
7.360768e-01	-4.079866e-04
7.361024e-01	-4.239549e-04
7.361280e-01	-4.384341e-04
7.361536e-01	-4.539402e-04
7.361792e-01	-4.694105e-04
7.362048e-01	-4.838587e-04
7.362304e-01	-4.993367e-04
7.362560e-01	-5.137271e-04
7.362816e-01	-5.282347e-04
7.363072e-01	-5.428632e-04
7.363328e-01	-5.568624e-04
7.363584e-01	-5.710458e-04
7.363840e-01	-5.856142e-04
7.364096e-01	-5.989366e-04
7.364352e-01	-6.128100e-04
7.364608e-01	-6.265639e-04
7.364864e-01	-6.396330e-04
7.365120e-01	-6.531065e-04
7.365376e-01	-6.663083e-04
7.365632e-01	-6.792087e-04
7.365888e-01	-6.919396e-04
7.366144e-01	-7.045075e-04
7.366400e-01	-7.169762e-04
7.366656e-01	-7.290551e-04
7.366912e-01	-7.408871e-04
7.367168e-01	-7.523946e-04
7.367424e-01	-7.642296e-04
7.367680e-01	-7.753355e-04
7.367936e-01	-7.866587e-04
7.368192e-01	-7.977464e-04
7.368448e-01	-8.081874e-04
7.368704e-01	-8.187584e-04
7.368960e-01	-8.287167e-04
7.369216e-01	-8.391523e-04
7.369472e-01	-8.491455e-04
7.369728e-01	-8.581607e-04
7.369984e-01	-8.679606e-04
7.370240e-01	-8.772945e-04
7.370496e-01	-8.860217e-04
7.370752e-01	-8.942939e-04
7.371008e-01	-9.031435e-04
7.371264e-01	-9.108451e-04
7.371520e-01	-9.189171e-04
7.371776e-01	-9.265753e-04
7.372032e-01	-9.337402e-04
7.372288e-01	-9.410200e-04
7.372544e-01	-9.476456e-04
7.372800e-01	-9.548132e-04
7.373056e-01	-9.608448e-04
7.373312e-01	-9.666437e-04
7.373568e-01	-9.729792e-04
7.373824e-01	-9.784340e-04
7.374080e-01	-9.837159e-04
7.374336e-01	-9.886614e-04
7.374592e-01	-9.937461e-04
7.374848e-01	-9.982920e-04
7.375104e-01	-1.002733e-03
7.375360e-01	-1.006021e-03
7.375616e-01	-1.009767e-03
7.375872e-01	-1.013409e-03
7.376128e-01	-1.016381e-03
7.376384e-01	-1.019156e-03
7.376640e-01	-1.021713e-03
7.376896e-01	-1.024211e-03
7.377152e-01	-1.026236e-03
7.377408e-01	-1.027880e-03
7.377664e-01	-1.029269e-03
7.377920e-01	-1.030623e-03
7.378176e-01	-1.031222e-03
7.378432e-01	-1.032111e-03
7.378688e-01	-1.032550e-03
7.378944e-01	-1.031950e-03
7.379200e-01	-1.032406e-03
7.379456e-01	-1.031564e-03
7.379712e-01	-1.030839e-03
7.379968e-01	-1.029968e-03
7.380224e-01	-1.028507e-03
7.380480e-01	-1.026801e-03
7.380736e-01	-1.025118e-03
7.380992e-01	-1.022892e-03
7.381248e-01	-1.020097e-03
7.381504e-01	-1.017716e-03
7.381760e-01	-1.014788e-03
7.382016e-01	-1.011375e-03
7.382272e-01	-1.007937e-03
7.382528e-01	-1.004240e-03
7.382784e-01	-1.000198e-03
7.383040e-01	-9.954453e-04
7.383296e-01	-9.909160e-04
7.383552e-01	-9.863061e-04
7.383808e-01	-9.813682e-04
7.384064e-01	-9.758073e-04
7.384320e-01	-9.705697e-04
7.384576e-01	-9.640921e-04
7.384832e-01	-9.582713e-04
7.385088e-01	-9.519767e-04
7.385344e-01	-9.450248e-04
7.385600e-01	-9.384548e-04
7.385856e-01	-9.312585e-04
7.386112e-01	-9.237599e-04
7.386368e-01	-9.161573e-04
7.386624e-01	-9.086516e-04
7.386880e-01	-9.002075e-04
7.387136e-01	-8.919977e-04
7.387392e-01	-8.837754e-04
7.387648e-01	-8.745287e-04
7.387904e-01	-8.660887e-04
7.388160e-01	-8.566692e-04
7.388416e-01	-8.472508e-04
7.388672e-01	-8.377338e-04
7.388928e-01	-8.277709e-04
7.389184e-01	-8.177137e-04
7.389440e-01	-8.074296e-04
7.389696e-01	-7.970819e-04
7.389952e-01	-7.865400e-04
7.390208e-01	-7.754058e-04
7.390464e-01	-7.643905e-04
7.390720e-01	-7.532705e-04
7.390976e-01	-7.418587e-04
7.391232e-01	-7.300026e-04
7.391488e-01	-7.179988e-04
7.391744e-01	-7.060845e-04
7.392000e-01	-6.938858e-04
7.392256e-01	-6.817096e-04
7.392512e-01	-6.694021e-04
7.392768e-01	-6.559989e-04
7.393024e-01	-6.435640e-04
7.393280e-01	-6.307931e-04
7.393536e-01	-6.171918e-04
7.393792e-01	-6.040082e-04
7.394048e-01	-5.911432e-04
7.394304e-01	-5.770337e-04
7.394560e-01	-5.629750e-04
7.394816e-01	-5.489435e-04
7.395072e-01	-5.350038e-04
7.395328e-01	-5.214571e-04
7.395584e-01	-5.066686e-04
7.395840e-01	-4.923880e-04
7.396096e-01	-4.781790e-04
7.396352e-01	-4.628229e-04
7.396608e-01	-4.486315e-04
7.396864e-01	-4.335426e-04
7.397120e-01	-4.186996e-04
7.397376e-01	-4.040325e-04
7.397632e-01	-3.884339e-04
7.397888e-01	-3.733399e-04
7.398144e-01	-3.582529e-04
7.398400e-01	-3.423713e-04
7.398656e-01	-3.272507e-04
7.398912e-01	-3.114862e-04
7.399168e-01	-2.956974e-04
7.399424e-01	-2.804743e-04
7.399680e-01	-2.645500e-04
7.399936e-01	-2.486554e-04
7.400192e-01	-2.328455e-04
7.400448e-01	-2.166721e-04
7.400704e-01	-2.011397e-04
7.400960e-01	-1.848606e-04
7.401216e-01	-1.689719e-04
7.401472e-01	-1.528822e-04
7.401728e-01	-1.363184e-04
7.401984e-01	-1.206649e-04
7.402240e-01	-1.043055e-04
7.402496e-01	-8.830756e-05
7.402752e-01	-7.200579e-05
7.403008e-01	-5.562643e-05
7.403264e-01	-4.036619e-05
7.403520e-01	-2.309957e-05
7.403776e-01	-7.049873e-06
7.404032e-01	8.532297e-06
7.404288e-01	2.477433e-05
7.404544e-01	4.121004e-05
7.404800e-01	5.744633e-05
7.405056e-01	7.339512e-05
7.405312e-01	8.950361e-05
7.405568e-01	1.054782e-04
7.405824e-01	1.214454e-04
7.406080e-01	1.373394e-04
7.406336e-01	1.535635e-04
7.406592e-01	1.693790e-04
7.406848e-01	1.850849e-04
7.407104e-01	2.011325e-04
7.407360e-01	2.164273e-04
7.407616e-01	2.326345e-04
7.407872e-01	2.479545e-04
7.408128e-01	2.636713e-04
7.408384e-01	2.791295e-04
7.408640e-01	2.941974e-04
7.408896e-01	3.098961e-04
7.409152e-01	3.248440e-04
7.409408e-01	3.396681e-04
7.409664e-01	3.549795e-04
7.409920e-01	3.699981e-04
7.410176e-01	3.848123e-04
7.410432e-01	3.993350e-04
7.410688e-01	4.138241e-04
7.410944e-01	4.287264e-04
7.411200e-01	4.433208e-04
7.411456e-01	4.572381e-04
7.411712e-01	4.715165e-04
7.411968e-01	4.856337e-04
7.412224e-01	4.995517e-04
7.412480e-01	5.133024e-04
7.412736e-01	5.269581e-04
7.412992e-01	5.405699e-04
7.413248e-01	5.539629e-04
7.413504e-01	5.668812e-04
7.413760e-01	5.806673e-04
7.414016e-01	5.930861e-04
7.414272e-01	6.059905e-04
7.414528e-01	6.187375e-04
7.414784e-01	6.310887e-04
7.415040e-01	6.435806e-04
7.415296e-01	6.553040e-04
7.415552e-01	6.674199e-04
7.415808e-01	6.794042e-04
7.416064e-01	6.908342e-04
7.416320e-01	7.025806e-04
7.416576e-01	7.137689e-04
7.416832e-01	7.248423e-04
7.417088e-01	7.357449e-04
7.417344e-01	7.466220e-04
7.417600e-01	7.574509e-04
7.417856e-01	7.675567e-04
7.418112e-01	7.776961e-04
7.418368e-01	7.877249e-04
7.418624e-01	7.972583e-04
7.418880e-01	8.073646e-04
7.419136e-01	8.163113e-04
7.419392e-01	8.252379e-04
7.419648e-01	8.346980e-04
7.419904e-01	8.432160e-04
7.420160e-01	8.519492e-04
7.420416e-01	8.605553e-04
7.420672e-01	8.680032e-04
7.420928e-01	8.764394e-04
7.421184e-01	8.838739e-04
7.421440e-01	8.911926e-04
7.421696e-01	8.983611e-04
7.421952e-01	9.053645e-04
7.422208e-01	9.120838e-04
7.422464e-01	9.185303e-04
7.422720e-01	9.251366e-04
7.422976e-01	9.312811e-04
7.423232e-01	9.371631e-04
7.423488e-01	9.427689e-04
7.423744e-01	9.478765e-04
7.424000e-01	9.530236e-04
7.424256e-01	9.579356e-04
7.424512e-01	9.626171e-04
7.424768e-01	9.671254e-04
7.425024e-01	9.713832e-04
7.425280e-01	9.749494e-04
7.425536e-01	9.791602e-04
7.425792e-01	9.825324e-04
7.426048e-01	9.856813e-04
7.426304e-01	9.883197e-04
7.426560e-01	9.909539e-04
7.426816e-01	9.937215e-04
7.427072e-01	9.957767e-04
7.427328e-01	9.978237e-04
7.427584e-01	9.995200e-04
7.427840e-01	1.000965e-03
7.428096e-01	1.002493e-03
7.428352e-01	1.003626e-03
7.428608e-01	1.004211e-03
7.428864e-01	1.005162e-03
7.429120e-01	1.005549e-03
7.429376e-01	1.004839e-03
7.429632e-01	1.004945e-03
7.429888e-01	1.004436e-03
7.430144e-01	1.004272e-03
7.430400e-01	1.002675e-03
7.430656e-01	1.001497e-03
7.430912e-01	1.000473e-03
7.431168e-01	9.982322e-04
7.431424e-01	9.964211e-04
7.431680e-01	9.939007e-04
7.431936e-01	9.915184e-04
7.432192e-01	9.890840e-04
7.432448e-01	9.858222e-04
7.432704e-01	9.829196e-04
7.432960e-01	9.794504e-04
7.433216e-01	9.758577e-04
7.433472e-01	9.716841e-04
7.433728e-01	9.673999e-04
7.433984e-01	9.631627e-04
7.434240e-01	9.587452e-04
7.434496e-01	9.534723e-04
7.434752e-01	9.487154e-04
7.435008e-01	9.431543e-04
7.435264e-01	9.376415e-04
7.435520e-01	9.317306e-04
7.435776e-01	9.253586e-04
7.436032e-01	9.195238e-04
7.436288e-01	9.122250e-04
7.436544e-01	9.054129e-04
7.436800e-01	8.988754e-04
7.437056e-01	8.911720e-04
7.437312e-01	8.839142e-04
7.437568e-01	8.761628e-04
7.437824e-01	8.682031e-04
7.438080e-01	8.601509e-04
7.438336e-01	8.514647e-04
7.438592e-01	8.428280e-04
7.438848e-01	8.342243e-04
7.439104e-01	8.249510e-04
7.439360e-01	8.156700e-04
7.439616e-01	8.057472e-04
7.439872e-01	7.963371e-04
7.440128e-01	7.861942e-04
7.440384e-01	7.763834e-04
7.440640e-01	7.659526e-04
7.440896e-01	7.550351e-04
7.441152e-01	7.446714e-04
7.441408e-01	7.337225e-04
7.441664e-01	7.225018e-04
7.441920e-01	7.111522e-04
7.442176e-01	6.996418e-04
7.442432e-01	6.876357e-04
7.442688e-01	6.757303e-04
7.442944e-01	6.640799e-04
7.443200e-01	6.510741e-04
7.443456e-01	6.394489e-04
7.443712e-01	6.264898e-04
7.443968e-01	6.133437e-04
7.444224e-01	6.010731e-04
7.444480e-01	5.872812e-04
7.444736e-01	5.743437e-04
7.444992e-01	5.607046e-04
7.445248e-01	5.471373e-04
7.445504e-01	5.338355e-04
7.445760e-01	5.192132e-04
7.446016e-01	5.052302e-04
7.446272e-01	4.912678e-04
7.446528e-01	4.770736e-04
7.446784e-01	4.624804e-04
7.447040e-01	4.480715e-04
7.447296e-01	4.332107e-04
7.447552e-01	4.184414e-04
7.447808e-01	4.031063e-04
7.448064e-01	3.881924e-04
7.448320e-01	3.726968e-04
7.448576e-01	3.579028e-04
7.448832e-01	3.425560e-04
7.449088e-01	3.266333e-04
7.449344e-01	3.109791e-04
7.449600e-01	2.949940e-04
7.449856e-01	2.798266e-04
7.450112e-01	2.637430e-04
7.450368e-01	2.476100e-04
7.450624e-01	2.319411e-04
7.450880e-01	2.156789e-04
7.451136e-01	1.993895e-04
7.451392e-01	1.830044e-04
7.451648e-01	1.670295e-04
7.451904e-01	1.503845e-04
7.452160e-01	1.344133e-04
7.452416e-01	1.175937e-04
7.452672e-01	1.009042e-04
7.452928e-01	8.518688e-05
7.453184e-01	6.817387e-05
7.453440e-01	5.097816e-05
7.453696e-01	3.501591e-05
7.453952e-01	1.847289e-05
7.454208e-01	1.176580e-06
7.454464e-01	-1.522606e-05
7.454720e-01	-3.153334e-05
7.454976e-01	-4.873177e-05
7.455232e-01	-6.473843e-05
7.455488e-01	-8.154721e-05
7.455744e-01	-9.875990e-05
7.456000e-01	-1.151895e-04
7.456256e-01	-1.314163e-04
7.456512e-01	-1.484008e-04
7.456768e-01	-1.647929e-04
7.457024e-01	-1.812591e-04
7.457280e-01	-1.975994e-04
7.457536e-01	-2.138743e-04
7.457792e-01	-2.309059e-04
7.458048e-01	-2.469058e-04
7.458304e-01	-2.630817e-04
7.458560e-01	-2.799033e-04
7.458816e-01	-2.952741e-04
7.459072e-01	-3.116074e-04
7.459328e-01	-3.275495e-04
7.459584e-01	-3.436044e-04
7.459840e-01	-3.595491e-04
7.460096e-01	-3.751773e-04
7.460352e-01	-3.910371e-04
7.460608e-01	-4.061356e-04
7.460864e-01	-4.218316e-04
7.461120e-01	-4.372020e-04
7.461376e-01	-4.521980e-04
7.461632e-01	-4.677760e-04
7.461888e-01	-4.825324e-04
7.462144e-01	-4.974124e-04
7.462400e-01	-5.118689e-04
7.462656e-01	-5.266928e-04
7.462912e-01	-5.413223e-04
7.463168e-01	-5.556478e-04
7.463424e-01	-5.696582e-04
7.463680e-01	-5.838436e-04
7.463936e-01	-5.976099e-04
7.464192e-01	-6.115442e-04
7.464448e-01	-6.253052e-04
7.464704e-01	-6.386855e-04
7.464960e-01	-6.519904e-04
7.465216e-01	-6.648496e-04
7.465472e-01	-6.776151e-04
7.465728e-01	-6.905666e-04
7.465984e-01	-7.029628e-04
7.466240e-01	-7.153377e-04
7.466496e-01	-7.274494e-04
7.466752e-01	-7.396447e-04
7.467008e-01	-7.512660e-04
7.467264e-01	-7.626524e-04
7.467520e-01	-7.740104e-04
7.467776e-01	-7.855911e-04
7.468032e-01	-7.962373e-04
7.468288e-01	-8.068347e-04
7.468544e-01	-8.172829e-04
7.468800e-01	-8.278946e-04
7.469056e-01	-8.377646e-04
7.469312e-01	-8.475023e-04
7.469568e-01	-8.575011e-04
7.469824e-01	-8.664891e-04
7.470080e-01	-8.757345e-04
7.470336e-01	-8.848508e-04
7.470592e-01	-8.934392e-04
7.470848e-01	-9.019001e-04
7.471104e-01	-9.100798e-04
7.471360e-01	-9.181333e-04
7.471616e-01	-9.254597e-04
7.471872e-01	-9.330113e-04
7.472128e-01	-9.403173e-04
7.472384e-01	-9.471647e-04
7.472640e-01	-9.536964e-04
7.472896e-01	-9.605367e-04
7.473152e-01	-9.662717e-04
7.473408e-01	-9.721529e-04
7.473664e-01	-9.778572e-04
7.473920e-01	-9.832140e-04
7.474176e-01	-9.882683e-04
7.474432e-01	-9.929242e-04
7.474688e-01	-9.970583e-04
7.474944e-01	-1.001823e-03
7.475200e-01	-1.005650e-03
7.475456e-01	-1.009561e-03
7.475712e-01	-1.013027e-03
7.475968e-01	-1.015794e-03
7.476224e-01	-1.019109e-03
7.476480e-01	-1.021806e-03
7.476736e-01	-1.023961e-03
7.476992e-01	-1.025599e-03
7.477248e-01	-1.027664e-03
7.477504e-01	-1.029297e-03
7.477760e-01	-1.029909e-03
7.478016e-01	-1.031151e-03
7.478272e-01	-1.031719e-03
7.478528e-01	-1.032194e-03
7.478784e-01	-1.031788e-03
7.479040e-01	-1.031785e-03
7.479296e-01	-1.031777e-03
7.479552e-01	-1.030741e-03
7.479808e-01	-1.029438e-03
7.480064e-01	-1.028351e-03
7.480320e-01	-1.027010e-03
7.480576e-01	-1.024914e-03
7.480832e-01	-1.022747e-03
7.481088e-01	-1.020291e-03
7.481344e-01	-1.017446e-03
7.481600e-01	-1.015099e-03
7.481856e-01	-1.011366e-03
7.482112e-01	-1.008139e-03
7.482368e-01	-1.004575e-03
7.482624e-01	-1.000329e-03
7.482880e-01	-9.958628e-04
7.483136e-01	-9.914461e-04
7.483392e-01	-9.867342e-04
7.483648e-01	-9.818358e-04
7.483904e-01	-9.761208e-04
7.484160e-01	-9.702744e-04
7.484416e-01	-9.648071e-04
7.484672e-01	-9.584830e-04
7.484928e-01	-9.521400e-04
7.485184e-01	-9.456348e-04
7.485440e-01	-9.388796e-04
7.485696e-01	-9.318496e-04
7.485952e-01	-9.241932e-04
7.486208e-01	-9.169513e-04
7.486464e-01	-9.089721e-04
7.486720e-01	-9.014371e-04
7.486976e-01	-8.928025e-04
7.487232e-01	-8.841938e-04
7.487488e-01	-8.754903e-04
7.487744e-01	-8.665153e-04
7.488000e-01	-8.574163e-04
7.488256e-01	-8.481409e-04
7.488512e-01	-8.385685e-04
7.488768e-01	-8.283527e-04
7.489024e-01	-8.185488e-04
7.489280e-01	-8.083307e-04
7.489536e-01	-7.979802e-04
7.489792e-01	-7.873227e-04
7.490048e-01	-7.762731e-04
7.490304e-01	-7.653629e-04
7.490560e-01	-7.538296e-04
7.490816e-01	-7.430936e-04
7.491072e-01	-7.310362e-04
7.491328e-01	-7.191261e-04
7.491584e-01	-7.072250e-04
7.491840e-01	-6.952260e-04
7.492096e-01	-6.824835e-04
7.492352e-01	-6.702297e-04
7.492608e-01	-6.578548e-04
7.492864e-01	-6.444638e-04
7.493120e-01	-6.316668e-04
7.493376e-01	-6.187317e-04
7.493632e-01	-6.052495e-04
7.493888e-01	-5.918238e-04
7.494144e-01	-5.781564e-04
7.494400e-01	-5.649185e-04
7.494656e-01	-5.506951e-04
7.494912e-01	-5.367593e-04
7.495168e-01	-5.226899e-04
7.495424e-01	-5.081771e-04
7.495680e-01	-4.939526e-04
7.495936e-01	-4.791321e-04
7.496192e-01	-4.650702e-04
7.496448e-01	-4.501854e-04
7.496704e-01	-4.350477e-04
7.496960e-01	-4.205955e-04
7.497216e-01	-4.047654e-04
7.497472e-01	-3.902833e-04
7.497728e-01	-3.746924e-04
7.497984e-01	-3.594683e-04
7.498240e-01	-3.442532e-04
7.498496e-01	-3.286269e-04
7.498752e-01	-3.132787e-04
7.499008e-01	-2.975291e-04
7.499264e-01	-2.820136e-04
7.499520e-01	-2.662715e-04
7.499776e-01	-2.504701e-04
7.500032e-01	-2.343062e-04
7.500288e-01	-2.180459e-04
7.500544e-01	-2.028763e-04
7.500800e-01	-1.863946e-04
7.501056e-01	-1.706041e-04
7.501312e-01	-1.545437e-04
7.501568e-01	-1.379920e-04
7.501824e-01	-1.223769e-04
7.502080e-01	-1.062285e-04
7.502336e-01	-8.971441e-05
7.502592e-01	-7.364801e-05
7.502848e-01	-5.781157e-05
7.503104e-01	-4.130759e-05
7.503360e-01	-2.493723e-05
7.503616e-01	-9.347177e-06
7.503872e-01	7.046248e-06
7.504128e-01	2.307541e-05
7.504384e-01	3.978774e-05
7.504640e-01	5.559468e-05
7.504896e-01	7.177115e-05
7.505152e-01	8.803906e-05
7.505408e-01	1.037044e-04
7.505664e-01	1.198987e-04
7.505920e-01	1.360438e-04
7.506176e-01	1.518277e-04
7.506432e-01	1.681450e-04
7.506688e-01	1.836488e-04
7.506944e-01	1.991877e-04
7.507200e-01	2.151467e-04
7.507456e-01	2.306820e-04
7.507712e-01	2.465730e-04
7.507968e-01	2.617249e-04
7.508224e-01	2.772196e-04
7.508480e-01	2.930467e-04
7.508736e-01	3.079872e-04
7.508992e-01	3.236279e-04
7.509248e-01	3.383020e-04
7.509504e-01	3.537561e-04
7.509760e-01	3.683747e-04
7.510016e-01	3.832538e-04
7.510272e-01	3.979687e-04
7.510528e-01	4.126152e-04
7.510784e-01	4.272056e-04
7.511040e-01	4.414982e-04
7.511296e-01	4.559209e-04
7.511552e-01	4.697640e-04
7.511808e-01	4.845811e-04
7.512064e-01	4.986120e-04
7.512320e-01	5.116490e-04
7.512576e-01	5.254616e-04
7.512832e-01	5.390586e-04
7.513088e-01	5.522891e-04
7.513344e-01	5.655476e-04
7.513600e-01	5.789881e-04
7.513856e-01	5.917485e-04
7.514112e-01	6.043129e-04
7.514368e-01	6.171999e-04
7.514624e-01	6.297877e-04
7.514880e-01	6.418279e-04
7.515136e-01	6.545925e-04
7.515392e-01	6.662739e-04
7.515648e-01	6.787296e-04
7.515904e-01	6.896568e-04
7.516160e-01	7.010937e-04
7.516416e-01	7.128393e-04
7.516672e-01	7.236399e-04
7.516928e-01	7.344101e-04
7.517184e-01	7.453819e-04
7.517440e-01	7.559721e-04
7.517696e-01	7.661733e-04
7.517952e-01	7.766018e-04
7.518208e-01	7.866513e-04
7.518464e-01	7.966459e-04
7.518720e-01	8.056573e-04
7.518976e-01	8.150107e-04
7.519232e-01	8.247666e-04
7.519488e-01	8.334030e-04
7.519744e-01	8.422658e-04
7.520000e-01	8.512706e-04
7.520256e-01	8.597038e-04
7.520512e-01	8.669796e-04
7.520768e-01	8.754766e-04
7.521024e-01	8.832735e-04
7.521280e-01	8.906655e-04
7.521536e-01	8.979046e-04
7.521792e-01	9.041275e-04
7.522048e-01	9.112727e-04
7.522304e-01	9.180791e-04
7.522560e-01	9.242526e-04
7.522816e-01	9.309261e-04
7.523072e-01	9.360603e-04
7.523328e-01	9.418389e-04
7.523584e-01	9.474887e-04
7.523840e-01	9.523176e-04
7.524096e-01	9.575429e-04
7.524352e-01	9.628741e-04
7.524608e-01	9.665770e-04
7.524864e-01	9.714240e-04
7.525120e-01	9.750705e-04
7.525376e-01	9.788247e-04
7.525632e-01	9.822419e-04
7.525888e-01	9.852966e-04
7.526144e-01	9.888528e-04
7.526400e-01	9.908071e-04
7.526656e-01	9.937796e-04
7.526912e-01	9.961013e-04
7.527168e-01	9.980700e-04
7.527424e-01	1.000199e-03
7.527680e-01	1.001508e-03
7.527936e-01	1.002565e-03
7.528192e-01	1.003659e-03
7.528448e-01	1.004461e-03
7.528704e-01	1.004550e-03
7.528960e-01	1.005588e-03
7.529216e-01	1.004956e-03
7.529472e-01	1.005214e-03
7.529728e-01	1.004522e-03
7.529984e-01	1.003712e-03
7.530240e-01	1.003059e-03
7.530496e-01	1.001846e-03
7.530752e-01	1.000479e-03
7.531008e-01	9.984344e-04
7.531264e-01	9.964069e-04
7.531520e-01	9.946942e-04
7.531776e-01	9.920871e-04
7.532032e-01	9.889408e-04
7.532288e-01	9.866231e-04
7.532544e-01	9.831866e-04
7.532800e-01	9.797027e-04
7.533056e-01	9.763279e-04
7.533312e-01	9.720459e-04
7.533568e-01	9.679500e-04
7.533824e-01	9.637611e-04
7.534080e-01	9.593568e-04
7.534336e-01	9.539920e-04
7.534592e-01	9.489776e-04
7.534848e-01	9.435004e-04
7.535104e-01	9.385933e-04
7.535360e-01	9.320409e-04
7.535616e-01	9.260353e-04
7.535872e-01	9.196349e-04
7.536128e-01	9.130862e-04
7.536384e-01	9.066269e-04
7.536640e-01	8.993302e-04
7.536896e-01	8.919950e-04
7.537152e-01	8.844883e-04
7.537408e-01	8.767791e-04
7.537664e-01	8.686594e-04
7.537920e-01	8.610322e-04
7.538176e-01	8.525851e-04
7.538432e-01	8.439723e-04
7.538688e-01	8.350172e-04
7.538944e-01	8.252711e-04
7.539200e-01	8.166716e-04
7.539456e-01	8.067683e-04
7.539712e-01	7.973427e-04
7.539968e-01	7.875614e-04
7.540224e-01	7.770834e-04
7.540480e-01	7.670904e-04
7.540736e-01	7.564314e-04
7.540992e-01	7.458956e-04
7.541248e-01	7.351829e-04
7.541504e-01	7.234156e-04
7.541760e-01	7.127724e-04
7.542016e-01	7.004652e-04
7.542272e-01	6.890983e-04
7.542528e-01	6.772002e-04
7.542784e-01	6.648312e-04
7.543040e-01	6.528250e-04
7.543296e-01	6.398122e-04
7.543552e-01	6.279642e-04
7.543808e-01	6.149448e-04
7.544064e-01	6.016583e-04
7.544320e-01	5.888563e-04
7.544576e-01	5.754526e-04
7.544832e-01	5.621698e-04
7.545088e-01	5.482321e-04
7.545344e-01	5.347850e-04
7.545600e-01	5.205129e-04
7.545856e-01	5.065979e-04
7.546112e-01	4.924790e-04
7.546368e-01	4.782619e-04
7.546624e-01	4.635847e-04
7.546880e-01	4.490778e-04
7.547136e-01	4.344526e-04
7.547392e-01	4.198064e-04
7.547648e-01	4.046958e-04
7.547904e-01	3.896423e-04
7.548160e-01	3.741972e-04
7.548416e-01	3.590104e-04
7.548672e-01	3.437917e-04
7.548928e-01	3.282323e-04
7.549184e-01	3.127026e-04
7.549440e-01	2.967214e-04
7.549696e-01	2.812472e-04
7.549952e-01	2.654007e-04
7.550208e-01	2.495513e-04
7.550464e-01	2.333388e-04
7.550720e-01	2.169200e-04
7.550976e-01	2.017109e-04
7.551232e-01	1.843561e-04
7.551488e-01	1.682084e-04
7.551744e-01	1.524498e-04
7.552000e-01	1.357936e-04
7.552256e-01	1.193678e-04
7.552512e-01	1.029667e-04
7.552768e-01	8.593871e-05
7.553024e-01	6.994286e-05
7.553280e-01	5.307688e-05
7.553536e-01	3.647859e-05
7.553792e-01	2.030649e-05
7.554048e-01	3.001423e-06
7.554304e-01	-1.367294e-05
7.554560e-01	-2.996646e-05
7.554816e-01	-4.675065e-05
7.555072e-01	-6.321369e-05
7.555328e-01	-8.027547e-05
7.555584e-01	-9.679555e-05
7.555840e-01	-1.133173e-04
7.556096e-01	-1.300382e-04
7.556352e-01	-1.462844e-04
7.556608e-01	-1.631850e-04
7.556864e-01	-1.799096e-04
7.557120e-01	-1.959835e-04
7.557376e-01	-2.126143e-04
7.557632e-01	-2.290230e-04
7.557888e-01	-2.454992e-04
7.558144e-01	-2.615073e-04
7.558400e-01	-2.778699e-04
7.558656e-01	-2.941695e-04
7.558912e-01	-3.100915e-04
7.559168e-01	-3.260256e-04
7.559424e-01	-3.420773e-04
7.559680e-01	-3.577950e-04
7.559936e-01	-3.739503e-04
7.560192e-01	-3.890308e-04
7.560448e-01	-4.050394e-04
7.560704e-01	-4.199693e-04
7.560960e-01	-4.354340e-04
7.561216e-01	-4.514030e-04
7.561472e-01	-4.657577e-04
7.561728e-01	-4.808514e-04
7.561984e-01	-4.957599e-04
7.562240e-01	-5.106334e-04
7.562496e-01	-5.253058e-04
7.562752e-01	-5.394462e-04
7.563008e-01	-5.540577e-04
7.563264e-01	-5.683295e-04
7.563520e-01	-5.830288e-04
7.563776e-01	-5.962917e-04
7.564032e-01	-6.099611e-04
7.564288e-01	-6.237859e-04
7.564544e-01	-6.373049e-04
7.564800e-01	-6.503841e-04
7.565056e-01	-6.635276e-04
7.565312e-01	-6.766107e-04
7.565568e-01	-6.893436e-04
7.565824e-01	-7.017040e-04
7.566080e-01	-7.139267e-04
7.566336e-01	-7.264099e-04
7.566592e-01	-7.384461e-04
7.566848e-01	-7.501747e-04
7.567104e-01	-7.618111e-04
7.567360e-01	-7.724175e-04
7.567616e-01	-7.843678e-04
7.567872e-01	-7.951926e-04
7.568128e-01	-8.059614e-04
7.568384e-01	-8.166207e-04
7.568640e-01	-8.266768e-04
7.568896e-01	-8.370523e-04
7.569152e-01	-8.466084e-04
7.569408e-01	-8.560740e-04
7.569664e-01	-8.660750e-04
7.569920e-01	-8.747727e-04
7.570176e-01	-8.836552e-04
7.570432e-01	-8.923800e-04
7.570688e-01	-9.008765e-04
7.570944e-01	-9.097368e-04
7.571200e-01	-9.172735e-04
7.571456e-01	-9.250448e-04
7.571712e-01	-9.328516e-04
7.571968e-01	-9.390694e-04
7.572224e-01	-9.465304e-04
7.572480e-01	-9.530541e-04
7.572736e-01	-9.598815e-04
7.572992e-01	-9.657883e-04
7.573248e-01	-9.713687e-04
7.573504e-01	-9.774426e-04
7.573760e-01	-9.825816e-04
7.574016e-01	-9.878638e-04
7.574272e-01	-9.926041e-04
7.574528e-01	-9.968276e-04
7.574784e-01	-1.001399e-03
7.575040e-01	-1.005141e-03
7.575296e-01	-1.009167e-03
7.575552e-01	-1.012606e-03
7.575808e-01	-1.016032e-03
7.576064e-01	-1.018751e-03
7.576320e-01	-1.021511e-03
7.576576e-01	-1.023694e-03
7.576832e-01	-1.025194e-03
7.577088e-01	-1.027564e-03
7.577344e-01	-1.029021e-03
7.577600e-01	-1.029943e-03
7.577856e-01	-1.031468e-03
7.578112e-01	-1.031446e-03
7.578368e-01	-1.032008e-03
7.578624e-01	-1.032368e-03
7.578880e-01	-1.032236e-03
7.579136e-01	-1.031540e-03
7.579392e-01	-1.030689e-03
7.579648e-01	-1.029708e-03
7.579904e-01	-1.028843e-03
7.580160e-01	-1.027445e-03
7.580416e-01	-1.025508e-03
7.580672e-01	-1.023124e-03
7.580928e-01	-1.020659e-03
7.581184e-01	-1.018176e-03
7.581440e-01	-1.015067e-03
7.581696e-01	-1.012114e-03
7.581952e-01	-1.009321e-03
7.582208e-01	-1.004886e-03
7.582464e-01	-1.000901e-03
7.582720e-01	-9.966647e-04
7.582976e-01	-9.920484e-04
7.583232e-01	-9.868577e-04
7.583488e-01	-9.817421e-04
7.583744e-01	-9.769753e-04
7.584000e-01	-9.717024e-04
7.584256e-01	-9.649500e-04
7.584512e-01	-9.594703e-04
7.584768e-01	-9.533801e-04
7.585024e-01	-9.463090e-04
7.585280e-01	-9.396009e-04
7.585536e-01	-9.326866e-04
7.585792e-01	-9.254533e-04
7.586048e-01	-9.178168e-04
7.586304e-01	-9.100852e-04
7.586560e-01	-9.019261e-04
7.586816e-01	-8.935423e-04
7.587072e-01	-8.849984e-04
7.587328e-01	-8.764768e-04
7.587584e-01	-8.677199e-04
7.587840e-01	-8.583440e-04
7.588096e-01	-8.492940e-04
7.588352e-01	-8.391783e-04
7.588608e-01	-8.301894e-04
7.588864e-01	-8.192296e-04
7.589120e-01	-8.093288e-04
7.589376e-01	-7.988003e-04
7.589632e-01	-7.878913e-04
7.589888e-01	-7.780501e-04
7.590144e-01	-7.661866e-04
7.590400e-01	-7.553572e-04
7.590656e-01	-7.441707e-04
7.590912e-01	-7.319806e-04
7.591168e-01	-7.206209e-04
7.591424e-01	-7.083242e-04
7.591680e-01	-6.963577e-04
7.591936e-01	-6.839629e-04
7.592192e-01	-6.714285e-04
7.592448e-01	-6.590591e-04
7.592704e-01	-6.461357e-04
7.592960e-01	-6.329120e-04
7.593216e-01	-6.198553e-04
7.593472e-01	-6.067051e-04
7.593728e-01	-5.935541e-04
7.593984e-01	-5.797092e-04
7.594240e-01	-5.660044e-04
7.594496e-01	-5.515150e-04
7.594752e-01	-5.378353e-04
7.595008e-01	-5.240066e-04
7.595264e-01	-5.096369e-04
7.595520e-01	-4.951244e-04
7.595776e-01	-4.809745e-04
7.596032e-01	-4.662991e-04
7.596288e-01	-4.512196e-04
7.596544e-01	-4.368799e-04
7.596800e-01	-4.217337e-04
7.597056e-01	-4.065182e-04
7.597312e-01	-3.917521e-04
7.597568e-01	-3.759922e-04
7.597824e-01	-3.611466e-04
7.598080e-01	-3.453841e-04
7.598336e-01	-3.304953e-04
7.598592e-01	-3.149587e-04
7.598848e-01	-2.988760e-04
7.599104e-01	-2.833910e-04
7.599360e-01	-2.673155e-04
7.599616e-01	-2.515503e-04
7.599872e-01	-2.360350e-04
7.600128e-01	-2.199041e-04
7.600384e-01	-2.043129e-04
7.600640e-01	-1.878934e-04
7.600896e-01	-1.720384e-04
7.601152e-01	-1.561854e-04
7.601408e-01	-1.397399e-04
7.601664e-01	-1.236304e-04
7.601920e-01	-1.075166e-04
7.602176e-01	-9.129495e-05
7.602432e-01	-7.542800e-05
7.602688e-01	-5.888829e-05
7.602944e-01	-4.267719e-05
7.603200e-01	-2.684773e-05
7.603456e-01	-1.033045e-05
7.603712e-01	5.958317e-06
7.603968e-01	2.153585e-05
7.604224e-01	3.796902e-05
7.604480e-01	5.411053e-05
7.604736e-01	7.040776e-05
7.604992e-01	8.600474e-05
7.605248e-01	1.025144e-04
7.605504e-01	1.183091e-04
7.605760e-01	1.343525e-04
7.606016e-01	1.504207e-04
7.606272e-01	1.660943e-04
7.606528e-01	1.819679e-04
7.606784e-01	1.979426e-04
7.607040e-01	2.136344e-04
7.607296e-01	2.291845e-04
7.607552e-01	2.451490e-04
7.607808e-01	2.602372e-04
7.608064e-01	2.756283e-04
7.608320e-01	2.915526e-04
7.608576e-01	3.068876e-04
7.608832e-01	3.221941e-04
7.609088e-01	3.367609e-04
7.609344e-01	3.520866e-04
7.609600e-01	3.666880e-04
7.609856e-01	3.818281e-04
7.610112e-01	3.966955e-04
7.610368e-01	4.112653e-04
7.610624e-01	4.255305e-04
7.610880e-01	4.403207e-04
7.611136e-01	4.541691e-04
7.611392e-01	4.684758e-04
7.611648e-01	4.829463e-04
7.611904e-01	4.964217e-04
7.612160e-01	5.102931e-04
7.612416e-01	5.239979e-04
7.612672e-01	5.378190e-04
7.612928e-01	5.506819e-04
7.613184e-01	5.639483e-04
7.613440e-01	5.774537e-04
7.613696e-01	5.902215e-04
7.613952e-01	6.034693e-04
7.614208e-01	6.159057e-04
7.614464e-01	6.287693e-04
7.614720e-01	6.406248e-04
7.614976e-01	6.532210e-04
7.615232e-01	6.651542e-04
7.615488e-01	6.768802e-04
7.615744e-01	6.883835e-04
7.616000e-01	6.999096e-04
7.616256e-01	7.112500e-04
7.616512e-01	7.225921e-04
7.616768e-01	7.335296e-04
7.617024e-01	7.445017e-04
7.617280e-01	7.551441e-04
7.617536e-01	7.652362e-04
7.617792e-01	7.756284e-04
7.618048e-01	7.857497e-04
7.618304e-01	7.952880e-04
7.618560e-01	8.050478e-04
7.618816e-01	8.141393e-04
7.619072e-01	8.236672e-04
7.619328e-01	8.328516e-04
7.619584e-01	8.415825e-04
7.619840e-01	8.500194e-04
7.620096e-01	8.586167e-04
7.620352e-01	8.665150e-04
7.620608e-01	8.745041e-04
7.620864e-01	8.823222e-04
7.621120e-01	8.901522e-04
7.621376e-01	8.972485e-04
7.621632e-01	9.040167e-04
7.621888e-01	9.110969e-04
7.622144e-01	9.174931e-04
7.622400e-01	9.235071e-04
7.622656e-01	9.297888e-04
7.622912e-01	9.355215e-04
7.623168e-01	9.415782e-04
7.623424e-01	9.468925e-04
7.623680e-01	9.522853e-04
7.623936e-01	9.568491e-04
7.624192e-01	9.618453e-04
7.624448e-01	9.663729e-04
7.624704e-01	9.700933e-04
7.624960e-01	9.744160e-04
7.625216e-01	9.784020e-04
7.625472e-01	9.815885e-04
7.625728e-01	9.850581e-04
7.625984e-01	9.878041e-04
7.626240e-01	9.908696e-04
7.626496e-01	9.933242e-04
7.626752e-01	9.957320e-04
7.627008e-01	9.980090e-04
7.627264e-01	9.994945e-04
7.627520e-01	1.000923e-03
7.627776e-01	1.002512e-03
7.628032e-01	1.003349e-03
7.628288e-01	1.004310e-03
7.628544e-01	1.004708e-03
7.628800e-01	1.005197e-03
7.629056e-01	1.005403e-03
7.629312e-01	1.005092e-03
7.629568e-01	1.004653e-03
7.629824e-01	1.004095e-03
7.630080e-01	1.002834e-03
7.630336e-01	1.001835e-03
7.630592e-01	1.000387e-03
7.630848e-01	9.989006e-04
7.631104e-01	9.968746e-04
7.631360e-01	9.945525e-04
7.631616e-01	9.920783e-04
7.631872e-01	9.896258e-04
7.632128e-01	9.868826e-04
7.632384e-01	9.835319e-04
7.632640e-01	9.797259e-04
7.632896e-01	9.764467e-04
7.633152e-01	9.723814e-04
7.633408e-01	9.686467e-04
7.633664e-01	9.638165e-04
7.633920e-01	9.595995e-04
7.634176e-01	9.548354e-04
7.634432e-01	9.493130e-04
7.634688e-01	9.439293e-04
7.634944e-01	9.384411e-04
7.635200e-01	9.328340e-04
7.635456e-01	9.266914e-04
7.635712e-01	9.203449e-04
7.635968e-01	9.139583e-04
7.636224e-01	9.071235e-04
7.636480e-01	9.000699e-04
7.636736e-01	8.928032e-04
7.636992e-01	8.856655e-04
7.637248e-01	8.778875e-04
7.637504e-01	8.698879e-04
7.637760e-01	8.612319e-04
7.638016e-01	8.533176e-04
7.638272e-01	8.449432e-04
7.638528e-01	8.357218e-04
7.638784e-01	8.266389e-04
7.639040e-01	8.175307e-04
7.639296e-01	8.076865e-04
7.639552e-01	7.982354e-04
7.639808e-01	7.881839e-04
7.640064e-01	7.785754e-04
7.640320e-01	7.677178e-04
7.640576e-01	7.575484e-04
7.640832e-01	7.468587e-04
7.641088e-01	7.355905e-04
7.641344e-01	7.247439e-04
7.641600e-01	7.130971e-04
7.641856e-01	7.018673e-04
7.642112e-01	6.902462e-04
7.642368e-01	6.780890e-04
7.642624e-01	6.658483e-04
7.642880e-01	6.537797e-04
7.643136e-01	6.417641e-04
7.643392e-01	6.284752e-04
7.643648e-01	6.160426e-04
7.643904e-01	6.032402e-04
7.644160e-01	5.903055e-04
7.644416e-01	5.765114e-04
7.644672e-01	5.630856e-04
7.644928e-01	5.498688e-04
7.645184e-01	5.360056e-04
7.645440e-01	5.219182e-04
7.645696e-01	5.077088e-04
7.645952e-01	4.934870e-04
7.646208e-01	4.797599e-04
7.646464e-01	4.651909e-04
7.646720e-01	4.507132e-04
7.646976e-01	4.358550e-04
7.647232e-01	4.209831e-04
7.647488e-01	4.059766e-04
7.647744e-01	3.910380e-04
7.648000e-01	3.757739e-04
7.648256e-01	3.607204e-04
7.648512e-01	3.448998e-04
7.648768e-01	3.299106e-04
7.649024e-01	3.144770e-04
7.649280e-01	2.984097e-04
7.649536e-01	2.828013e-04
7.649792e-01	2.670302e-04
7.650048e-01	2.504567e-04
7.650304e-01	2.344934e-04
7.650560e-01	2.188153e-04
7.650816e-01	2.024929e-04
7.651072e-01	1.862282e-04
7.651328e-01	1.704127e-04
7.651584e-01	1.537123e-04
7.651840e-01	1.375803e-04
7.652096e-01	1.208475e-04
7.652352e-01	1.042939e-04
7.652608e-01	8.793658e-05
7.652864e-01	7.129590e-05
7.653120e-01	5.481738e-05
7.653376e-01	3.783654e-05
7.653632e-01	2.129311e-05
7.653888e-01	4.708768e-06
7.654144e-01	-1.214446e-05
7.654400e-01	-2.821202e-05
7.654656e-01	-4.559211e-05
7.654912e-01	-6.170186e-05
7.655168e-01	-7.865219e-05
7.655424e-01	-9.542529e-05
7.655680e-01	-1.118406e-04
7.655936e-01	-1.282824e-04
7.656192e-01	-1.450321e-04
7.656448e-01	-1.616811e-04
7.656704e-01	-1.779531e-04
7.656960e-01	-1.947154e-04
7.657216e-01	-2.112682e-04
7.657472e-01	-2.272185e-04
7.657728e-01	-2.438813e-04
7.657984e-01	-2.602348e-04
7.658240e-01	-2.762875e-04
7.658496e-01	-2.927284e-04
7.658752e-01	-3.088702e-04
7.659008e-01	-3.245728e-04
7.659264e-01	-3.404219e-04
7.659520e-01	-3.558364e-04
7.659776e-01	-3.723272e-04
7.660032e-01	-3.877308e-04
7.660288e-01	-4.034914e-04
7.660544e-01	-4.189884e-04
7.660800e-01	-4.338445e-04
7.661056e-01	-4.493542e-04
7.661312e-01	-4.648509e-04
7.661568e-01	-4.792686e-04
7.661824e-01	-4.946726e-04
7.662080e-01	-5.093351e-04
7.662336e-01	-5.237669e-04
7.662592e-01	-5.385996e-04
7.662848e-01	-5.530325e-04
7.663104e-01	-5.669944e-04
7.663360e-01	-5.814643e-04
7.663616e-01	-5.951708e-04
7.663872e-01	-6.087213e-04
7.664128e-01	-6.225067e-04
7.664384e-01	-6.359098e-04
7.664640e-01	-6.496746e-04
7.664896e-01	-6.627162e-04
7.665152e-01	-6.745218e-04
7.665408e-01	-6.883915e-04
7.665664e-01	-7.010447e-04
7.665920e-01	-7.128200e-04
7.666176e-01	-7.250799e-04
7.666432e-01	-7.369028e-04
7.666688e-01	-7.488405e-04
7.666944e-01	-7.610244e-04
7.667200e-01	-7.723742e-04
7.667456e-01	-7.831840e-04
7.667712e-01	-7.941346e-04
7.667968e-01	-8.054252e-04
7.668224e-01	-8.156233e-04
7.668480e-01	-8.262543e-04
7.668736e-01	-8.360951e-04
7.668992e-01	-8.454698e-04
7.669248e-01	-8.555954e-04
7.669504e-01	-8.650766e-04
7.669760e-01	-8.739948e-04
7.670016e-01	-8.837355e-04
7.670272e-01	-8.915694e-04
7.670528e-01	-9.001847e-04
7.670784e-01	-9.085641e-04
7.671040e-01	-9.164466e-04
7.671296e-01	-9.242648e-04
7.671552e-01	-9.317244e-04
7.671808e-01	-9.390258e-04
7.672064e-01	-9.458494e-04
7.672320e-01	-9.527606e-04
7.672576e-01	-9.593745e-04
7.672832e-01	-9.650326e-04
7.673088e-01	-9.711703e-04
7.673344e-01	-9.765918e-04
7.673600e-01	-9.821684e-04
7.673856e-01	-9.866187e-04
7.674112e-01	-9.920491e-04
7.674368e-01	-9.967451e-04
7.674624e-01	-1.000465e-03
7.674880e-01	-1.004866e-03
7.675136e-01	-1.008515e-03
7.675392e-01	-1.012263e-03
7.675648e-01	-1.015381e-03
7.675904e-01	-1.018213e-03
7.676160e-01	-1.020984e-03
7.676416e-01	-1.023039e-03
7.676672e-01	-1.025720e-03
7.676928e-01	-1.027061e-03
7.677184e-01	-1.028987e-03
7.677440e-01	-1.030103e-03
7.677696e-01	-1.030589e-03
7.677952e-01	-1.031248e-03
7.678208e-01	-1.032199e-03
7.678464e-01	-1.031939e-03
7.678720e-01	-1.031814e-03
7.678976e-01	-1.031400e-03
7.679232e-01	-1.031002e-03
7.679488e-01	-1.030026e-03
7.679744e-01	-1.028563e-03
7.680000e-01	-1.027402e-03
7.680256e-01	-1.025258e-03
7.680512e-01	-1.023090e-03
7.680768e-01	-1.021121e-03
7.681024e-01	-1.018414e-03
7.681280e-01	-1.015824e-03
7.681536e-01	-1.012194e-03
7.681792e-01	-1.009061e-03
7.682048e-01	-1.005047e-03
7.682304e-01	-1.001313e-03
7.682560e-01	-9.968810e-04
7.682816e-01	-9.922952e-04
7.683072e-01	-9.875898e-04
7.683328e-01	-9.824135e-04
7.683584e-01	-9.770256e-04
7.683840e-01	-9.716488e-04
7.684096e-01	-9.659296e-04
7.684352e-01	-9.599303e-04
7.684608e-01	-9.532979e-04
7.684864e-01	-9.470374e-04
7.685120e-01	-9.405972e-04
7.685376e-01	-9.333041e-04
7.685632e-01	-9.261496e-04
7.685888e-01	-9.187742e-04
7.686144e-01	-9.105080e-04
7.686400e-01	-9.030245e-04
7.686656e-01	-8.943484e-04
7.686912e-01	-8.860077e-04
7.687168e-01	-8.773658e-04
7.687424e-01	-8.685144e-04
7.687680e-01	-8.593281e-04
7.687936e-01	-8.496461e-04
7.688192e-01	-8.399369e-04
7.688448e-01	-8.305298e-04
7.688704e-01	-8.206792e-04
7.688960e-01	-8.101423e-04
7.689216e-01	-7.997987e-04
7.689472e-01	-7.893742e-04
7.689728e-01	-7.783987e-04
7.689984e-01	-7.676668e-04
7.690240e-01	-7.560300e-04
7.690496e-01	-7.452174e-04
7.690752e-01	-7.334332e-04
7.691008e-01	-7.214465e-04
7.691264e-01	-7.093950e-04
7.691520e-01	-6.975687e-04
7.691776e-01	-6.849518e-04
7.692032e-01	-6.729040e-04
7.692288e-01	-6.602227e-04
7.692544e-01	-6.469618e-04
7.692800e-01	-6.342143e-04
7.693056e-01	-6.212133e-04
7.693312e-01	-6.078754e-04
7.693568e-01	-5.945865e-04
7.693824e-01	-5.805896e-04
7.694080e-01	-5.672131e-04
7.694336e-01	-5.534565e-04
7.694592e-01	-5.391918e-04
7.694848e-01	-5.254893e-04
7.695104e-01	-5.112992e-04
7.695360e-01	-4.966185e-04
7.695616e-01	-4.824728e-04
7.695872e-01	-4.674341e-04
7.696128e-01	-4.528854e-04
7.696384e-01	-4.377637e-04
7.696640e-01	-4.227601e-04
7.696896e-01	-4.077462e-04
7.697152e-01	-3.929442e-04
7.697408e-01	-3.778275e-04
7.697664e-01	-3.626312e-04
7.697920e-01	-3.468189e-04
7.698176e-01	-3.319591e-04
7.698432e-01	-3.162551e-04
7.698688e-01	-3.004500e-04
7.698944e-01	-2.845094e-04
7.699200e-01	-2.685877e-04
7.699456e-01	-2.535365e-04
7.699712e-01	-2.374573e-04
7.699968e-01	-2.214898e-04
7.700224e-01	-2.057907e-04
7.700480e-01	-1.892097e-04
7.700736e-01	-1.736694e-04
7.700992e-01	-1.576826e-04
7.701248e-01	-1.413833e-04
7.701504e-01	-1.251907e-04
7.701760e-01	-1.092781e-04
7.702016e-01	-9.307588e-05
7.702272e-01	-7.701531e-05
7.702528e-01	-6.037407e-05
7.702784e-01	-4.486930e-05
7.703040e-01	-2.804681e-05
7.703296e-01	-1.223278e-05
7.703552e-01	4.024396e-06
7.703808e-01	2.074127e-05
7.704064e-01	3.627097e-05
7.704320e-01	5.247206e-05
7.704576e-01	6.854325e-05
7.704832e-01	8.448987e-05
7.705088e-01	1.006788e-04
7.705344e-01	1.168494e-04
7.705600e-01	1.328424e-04
7.705856e-01	1.485037e-04
7.706112e-01	1.647571e-04
7.706368e-01	1.807104e-04
7.706624e-01	1.964624e-04
7.706880e-01	2.116151e-04
7.707136e-01	2.280185e-04
7.707392e-01	2.432419e-04
7.707648e-01	2.591366e-04
7.707904e-01	2.743651e-04
7.708160e-01	2.894244e-04
7.708416e-01	3.053581e-04
7.708672e-01	3.202787e-04
7.708928e-01	3.354652e-04
7.709184e-01	3.508738e-04
7.709440e-01	3.652416e-04
7.709696e-01	3.804839e-04
7.709952e-01	3.950048e-04
7.710208e-01	4.096354e-04
7.710464e-01	4.244557e-04
7.710720e-01	4.388617e-04
7.710976e-01	4.531027e-04
7.711232e-01	4.670972e-04
7.711488e-01	4.808175e-04
7.711744e-01	4.950695e-04
7.712000e-01	5.090146e-04
7.712256e-01	5.232051e-04
7.712512e-01	5.361905e-04
7.712768e-01	5.498386e-04
7.713024e-01	5.632622e-04
7.713280e-01	5.760483e-04
7.713536e-01	5.890921e-04
7.713792e-01	6.021624e-04
7.714048e-01	6.146206e-04
7.714304e-01	6.274492e-04
7.714560e-01	6.396688e-04
7.714816e-01	6.517901e-04
7.715072e-01	6.638381e-04
7.715328e-01	6.756072e-04
7.715584e-01	6.870164e-04
7.715840e-01	6.989762e-04
7.716096e-01	7.101048e-04
7.716352e-01	7.214386e-04
7.716608e-01	7.323121e-04
7.716864e-01	7.432267e-04
7.717120e-01	7.536929e-04
7.717376e-01	7.642127e-04
7.717632e-01	7.745911e-04
7.717888e-01	7.843983e-04
7.718144e-01	7.941940e-04
7.718400e-01	8.043384e-04
7.718656e-01	8.137908e-04
7.718912e-01	8.229304e-04
7.719168e-01	8.320231e-04
7.719424e-01	8.409648e-04
7.719680e-01	8.489180e-04
7.719936e-01	8.574240e-04
7.720192e-01	8.656227e-04
7.720448e-01	8.739711e-04
7.720704e-01	8.813909e-04
7.720960e-01	8.888310e-04
7.721216e-01	8.962715e-04
7.721472e-01	9.034122e-04
7.721728e-01	9.102446e-04
7.721984e-01	9.166278e-04
7.722240e-01	9.229324e-04
7.722496e-01	9.295958e-04
7.722752e-01	9.349369e-04
7.723008e-01	9.409868e-04
7.723264e-01	9.465632e-04
7.723520e-01	9.515814e-04
7.723776e-01	9.565564e-04
7.724032e-01	9.613595e-04
7.724288e-01	9.657947e-04
7.724544e-01	9.700819e-04
7.724800e-01	9.739195e-04
7.725056e-01	9.781718e-04
7.725312e-01	9.812121e-04
7.725568e-01	9.843205e-04
7.725824e-01	9.879641e-04
7.726080e-01	9.907343e-04
7.726336e-01	9.930523e-04
7.726592e-01	9.956111e-04
7.726848e-01	9.973743e-04
7.727104e-01	9.995932e-04
7.727360e-01	1.000910e-03
7.727616e-01	1.002074e-03
7.727872e-01	1.003186e-03
7.728128e-01	1.004154e-03
7.728384e-01	1.004527e-03
7.728640e-01	1.004927e-03
7.728896e-01	1.005161e-03
7.729152e-01	1.004804e-03
7.729408e-01	1.003957e-03
7.729664e-01	1.004235e-03
7.729920e-01	1.002756e-03
7.730176e-01	1.001568e-03
7.730432e-01	1.000346e-03
7.730688e-01	9.986627e-04
7.730944e-01	9.965135e-04
7.731200e-01	9.948943e-04
7.731456e-01	9.924687e-04
7.731712e-01	9.893938e-04
7.731968e-01	9.869281e-04
7.732224e-01	9.836145e-04
7.732480e-01	9.801148e-04
7.732736e-01	9.770141e-04
7.732992e-01	9.726755e-04
7.733248e-01	9.687472e-04
7.733504e-01	9.649808e-04
7.733760e-01	9.601712e-04
7.734016e-01	9.549736e-04
7.734272e-01	9.500690e-04
7.734528e-01	9.444779e-04
7.734784e-01	9.390142e-04
7.735040e-01	9.330587e-04
7.735296e-01	9.269721e-04
7.735552e-01	9.206958e-04
7.735808e-01	9.149201e-04
7.736064e-01	9.073293e-04
7.736320e-01	9.004003e-04
7.736576e-01	8.934056e-04
7.736832e-01	8.860325e-04
7.737088e-01	8.786381e-04
7.737344e-01	8.704595e-04
7.737600e-01	8.622407e-04
7.737856e-01	8.542729e-04
7.738112e-01	8.450467e-04
7.738368e-01	8.364269e-04
7.738624e-01	8.273965e-04
7.738880e-01	8.184347e-04
7.739136e-01	8.090055e-04
7.739392e-01	7.991794e-04
7.739648e-01	7.892007e-04
7.739904e-01	7.788162e-04
7.740160e-01	7.686626e-04
7.740416e-01	7.584959e-04
7.740672e-01	7.476990e-04
7.740928e-01	7.366548e-04
7.741184e-01	7.250626e-04
7.741440e-01	7.147390e-04
7.741696e-01	7.026963e-04
7.741952e-01	6.914369e-04
7.742208e-01	6.793186e-04
7.742464e-01	6.668788e-04
7.742720e-01	6.549915e-04
7.742976e-01	6.423933e-04
7.743232e-01	6.301624e-04
7.743488e-01	6.173667e-04
7.743744e-01	6.042469e-04
7.744000e-01	5.913510e-04
7.744256e-01	5.777358e-04
7.744512e-01	5.649566e-04
7.744768e-01	5.514698e-04
7.745024e-01	5.374893e-04
7.745280e-01	5.236565e-04
7.745536e-01	5.095275e-04
7.745792e-01	4.952969e-04
7.746048e-01	4.812471e-04
7.746304e-01	4.667697e-04
7.746560e-01	4.523814e-04
7.746816e-01	4.371893e-04
7.747072e-01	4.228495e-04
7.747328e-01	4.074498e-04
7.747584e-01	3.925886e-04
7.747840e-01	3.774303e-04
7.748096e-01	3.622576e-04
7.748352e-01	3.465238e-04
7.748608e-01	3.313756e-04
7.748864e-01	3.155107e-04
7.749120e-01	2.996583e-04
7.749376e-01	2.842649e-04
7.749632e-01	2.682849e-04
7.749888e-01	2.522540e-04
7.750144e-01	2.364691e-04
7.750400e-01	2.202959e-04
7.750656e-01	2.043317e-04
7.750912e-01	1.880367e-04
7.751168e-01	1.713799e-04
7.751424e-01	1.550589e-04
7.751680e-01	1.391352e-04
7.751936e-01	1.225179e-04
7.752192e-01	1.059526e-04
7.752448e-01	8.944341e-05
7.752704e-01	7.293365e-05
7.752960e-01	5.615170e-05
7.753216e-01	4.000326e-05
7.753472e-01	2.281358e-05
7.753728e-01	6.596710e-06
7.753984e-01	-1.032298e-05
7.754240e-01	-2.702446e-05
7.754496e-01	-4.345222e-05
7.754752e-01	-6.019299e-05
7.755008e-01	-7.686283e-05
7.755264e-01	-9.346434e-05
7.755520e-01	-1.101738e-04
7.755776e-01	-1.267325e-04
7.756032e-01	-1.437746e-04
7.756288e-01	-1.595568e-04
7.756544e-01	-1.762756e-04
7.756800e-01	-1.929642e-04
7.757056e-01	-2.093674e-04
7.757312e-01	-2.260114e-04
7.757568e-01	-2.419813e-04
7.757824e-01	-2.580102e-04
7.758080e-01	-2.747637e-04
7.758336e-01	-2.908149e-04
7.758592e-01	-3.070899e-04
7.758848e-01	-3.226331e-04
7.759104e-01	-3.388551e-04
7.759360e-01	-3.545596e-04
7.759616e-01	-3.704054e-04
7.759872e-01	-3.861550e-04
7.760128e-01	-4.016988e-04
7.760384e-01	-4.169555e-04
7.760640e-01	-4.324269e-04
7.760896e-01	-4.475908e-04
7.761152e-01	-4.630123e-04
7.761408e-01	-4.780193e-04
7.761664e-01	-4.926701e-04
7.761920e-01	-5.079469e-04
7.762176e-01	-5.225982e-04
7.762432e-01	-5.368079e-04
7.762688e-01	-5.517156e-04
7.762944e-01	-5.650339e-04
7.763200e-01	-5.797047e-04
7.763456e-01	-5.934651e-04
7.763712e-01	-6.071655e-04
7.763968e-01	-6.209978e-04
7.764224e-01	-6.344349e-04
7.764480e-01	-6.476684e-04
7.764736e-01	-6.609421e-04
7.764992e-01	-6.741162e-04
7.765248e-01	-6.868726e-04
7.765504e-01	-6.991480e-04
7.765760e-01	-7.119729e-04
7.766016e-01	-7.238284e-04
7.766272e-01	-7.358615e-04
7.766528e-01	-7.479555e-04
7.766784e-01	-7.593912e-04
7.767040e-01	-7.705784e-04
7.767296e-01	-7.821684e-04
7.767552e-01	-7.928418e-04
7.767808e-01	-8.034357e-04
7.768064e-01	-8.141192e-04
7.768320e-01	-8.249161e-04
7.768576e-01	-8.347819e-04
7.768832e-01	-8.449235e-04
7.769088e-01	-8.545880e-04
7.769344e-01	-8.640494e-04
7.769600e-01	-8.731117e-04
7.769856e-01	-8.823833e-04
7.770112e-01	-8.905415e-04
7.770368e-01	-8.993326e-04
7.770624e-01	-9.077491e-04
7.770880e-01	-9.158250e-04
7.771136e-01	-9.235367e-04
7.771392e-01	-9.308080e-04
7.771648e-01	-9.379204e-04
7.771904e-01	-9.453459e-04
7.772160e-01	-9.518684e-04
7.772416e-01	-9.583694e-04
7.772672e-01	-9.641987e-04
7.772928e-01	-9.702758e-04
7.773184e-01	-9.762544e-04
7.773440e-01	-9.815136e-04
7.773696e-01	-9.865840e-04
7.773952e-01	-9.915195e-04
7.774208e-01	-9.958852e-04
7.774464e-01	-1.000530e-03
7.774720e-01	-1.004269e-03
7.774976e-01	-1.008310e-03
7.775232e-01	-1.011611e-03
7.775488e-01	-1.015137e-03
7.775744e-01	-1.018065e-03
7.776000e-01	-1.020462e-03
7.776256e-01	-1.022789e-03
7.776512e-01	-1.025118e-03
7.776768e-01	-1.027008e-03
7.777024e-01	-1.028263e-03
7.777280e-01	-1.029246e-03
7.777536e-01	-1.031384e-03
7.777792e-01	-1.030904e-03
7.778048e-01	-1.032041e-03
7.778304e-01	-1.032251e-03
7.778560e-01	-1.031760e-03
7.778816e-01	-1.031837e-03
7.779072e-01	-1.030382e-03
7.779328e-01	-1.029948e-03
7.779584e-01	-1.028529e-03
7.779840e-01	-1.027051e-03
7.780096e-01	-1.025175e-03
7.780352e-01	-1.023152e-03
7.780608e-01	-1.020905e-03
7.780864e-01	-1.017984e-03
7.781120e-01	-1.016338e-03
7.781376e-01	-1.011642e-03
7.781632e-01	-1.008896e-03
7.781888e-01	-1.005237e-03
7.782144e-01	-1.001179e-03
7.782400e-01	-9.972517e-04
7.782656e-01	-9.927443e-04
7.782912e-01	-9.882883e-04
7.783168e-01	-9.828678e-04
7.783424e-01	-9.774852e-04
7.783680e-01	-9.720646e-04
7.783936e-01	-9.659055e-04
7.784192e-01	-9.608317e-04
7.784448e-01	-9.542468e-04
7.784704e-01	-9.477317e-04
7.784960e-01	-9.410002e-04
7.785216e-01	-9.337869e-04
7.785472e-01	-9.266302e-04
7.785728e-01	-9.192039e-04
7.785984e-01	-9.113576e-04
7.786240e-01	-9.032566e-04
7.786496e-01	-8.949530e-04
7.786752e-01	-8.869337e-04
7.787008e-01	-8.779476e-04
7.787264e-01	-8.693096e-04
7.787520e-01	-8.600526e-04
7.787776e-01	-8.509634e-04
7.788032e-01	-8.410084e-04
7.788288e-01	-8.313512e-04
7.788544e-01	-8.214782e-04
7.788800e-01	-8.111600e-04
7.789056e-01	-8.007902e-04
7.789312e-01	-7.904226e-04
7.789568e-01	-7.794436e-04
7.789824e-01	-7.682936e-04
7.790080e-01	-7.572287e-04
7.790336e-01	-7.463489e-04
7.790592e-01	-7.346303e-04
7.790848e-01	-7.229514e-04
7.791104e-01	-7.106140e-04
7.791360e-01	-6.986200e-04
7.791616e-01	-6.861690e-04
7.791872e-01	-6.740138e-04
7.792128e-01	-6.610580e-04
7.792384e-01	-6.485107e-04
7.792640e-01	-6.355716e-04
7.792896e-01	-6.223246e-04
7.793152e-01	-6.087711e-04
7.793408e-01	-5.959079e-04
7.793664e-01	-5.821912e-04
7.793920e-01	-5.683631e-04
7.794176e-01	-5.549905e-04
7.794432e-01	-5.407649e-04
7.794688e-01	-5.267239e-04
7.794944e-01	-5.126227e-04
7.795200e-01	-4.977121e-04
7.795456e-01	-4.839983e-04
7.795712e-01	-4.688978e-04
7.795968e-01	-4.543000e-04
7.796224e-01	-4.394608e-04
7.796480e-01	-4.246962e-04
7.796736e-01	-4.096414e-04
7.796992e-01	-3.943439e-04
7.797248e-01	-3.792207e-04
7.797504e-01	-3.639601e-04
7.797760e-01	-3.485484e-04
7.798016e-01	-3.332711e-04
7.798272e-01	-3.176844e-04
7.798528e-01	-3.023919e-04
7.798784e-01	-2.862104e-04
7.799040e-01	-2.704509e-04
7.799296e-01	-2.547357e-04
7.799552e-01	-2.390454e-04
7.799808e-01	-2.227861e-04
7.800064e-01	-2.072786e-04
7.800320e-01	-1.908675e-04
7.800576e-01	-1.750455e-04
7.800832e-01	-1.593808e-04
7.801088e-01	-1.429601e-04
7.801344e-01	-1.268822e-04
7.801600e-01	-1.110494e-04
7.801856e-01	-9.446885e-05
7.802112e-01	-7.861636e-05
7.802368e-01	-6.220452e-05
7.802624e-01	-4.615976e-05
7.802880e-01	-2.975791e-05
7.803136e-01	-1.338967e-05
7.803392e-01	2.499909e-06
7.803648e-01	1.857996e-05
7.803904e-01	3.508641e-05
7.804160e-01	5.061816e-05
7.804416e-01	6.750888e-05
7.804672e-01	8.349984e-05
7.804928e-01	9.919179e-05
7.805184e-01	1.149940e-04
7.805440e-01	1.312274e-04
7.805696e-01	1.470082e-04
7.805952e-01	1.629420e-04
7.806208e-01	1.793628e-04
7.806464e-01	1.951863e-04
7.806720e-01	2.102873e-04
7.806976e-01	2.264459e-04
7.807232e-01	2.419088e-04
7.807488e-01	2.574083e-04
7.807744e-01	2.727060e-04
7.808000e-01	2.880976e-04
7.808256e-01	3.035708e-04
7.808512e-01	3.188550e-04
7.808768e-01	3.338573e-04
7.809024e-01	3.491939e-04
7.809280e-01	3.636999e-04
7.809536e-01	3.788648e-04
7.809792e-01	3.935061e-04
7.810048e-01	4.087964e-04
7.810304e-01	4.228842e-04
7.810560e-01	4.373130e-04
7.810816e-01	4.518547e-04
7.811072e-01	4.660034e-04
7.811328e-01	4.801984e-04
7.811584e-01	4.935735e-04
7.811840e-01	5.078674e-04
7.812096e-01	5.217181e-04
7.812352e-01	5.346786e-04
7.812608e-01	5.489672e-04
7.812864e-01	5.617609e-04
7.813120e-01	5.749839e-04
7.813376e-01	5.881424e-04
7.813632e-01	6.009087e-04
7.813888e-01	6.130181e-04
7.814144e-01	6.259835e-04
7.814400e-01	6.384437e-04
7.814656e-01	6.510192e-04
7.814912e-01	6.624952e-04
7.815168e-01	6.746746e-04
7.815424e-01	6.864444e-04
7.815680e-01	6.977030e-04
7.815936e-01	7.089849e-04
7.816192e-01	7.204123e-04
7.816448e-01	7.312889e-04
7.816704e-01	7.419686e-04
7.816960e-01	7.529689e-04
7.817216e-01	7.633289e-04
7.817472e-01	7.734750e-04
7.817728e-01	7.837380e-04
7.817984e-01	7.935875e-04
7.818240e-01	8.033969e-04
7.818496e-01	8.123508e-04
7.818752e-01	8.220313e-04
7.819008e-01	8.307048e-04
7.819264e-01	8.397899e-04
7.819520e-01	8.481701e-04
7.819776e-01	8.570224e-04
7.820032e-01	8.647841e-04
7.820288e-01	8.729351e-04
7.820544e-01	8.806429e-04
7.820800e-01	8.879832e-04
7.821056e-01	8.957403e-04
7.821312e-01	9.023561e-04
7.821568e-01	9.091494e-04
7.821824e-01	9.163399e-04
7.822080e-01	9.221471e-04
7.822336e-01	9.288515e-04
7.822592e-01	9.347097e-04
7.822848e-01	9.403446e-04
7.823104e-01	9.459090e-04
7.823360e-01	9.509662e-04
7.823616e-01	9.558761e-04
7.823872e-01	9.607726e-04
7.824128e-01	9.649210e-04
7.824384e-01	9.698343e-04
7.824640e-01	9.734032e-04
7.824896e-01	9.771860e-04
7.825152e-01	9.809659e-04
7.825408e-01	9.843190e-04
7.825664e-01	9.868359e-04
7.825920e-01	9.901591e-04
7.826176e-01	9.926077e-04
7.826432e-01	9.945543e-04
7.826688e-01	9.970486e-04
7.826944e-01	9.993233e-04
7.827200e-01	1.000146e-03
7.827456e-01	1.001732e-03
7.827712e-01	1.003090e-03
7.827968e-01	1.003776e-03
7.828224e-01	1.004207e-03
7.828480e-01	1.004899e-03
7.828736e-01	1.004794e-03
7.828992e-01	1.004614e-03
7.829248e-01	1.004357e-03
7.829504e-01	1.004068e-03
7.829760e-01	1.002515e-03
7.830016e-01	1.001624e-03
7.830272e-01	1.000208e-03
7.830528e-01	9.988147e-04
7.830784e-01	9.972448e-04
7.831040e-01	9.949100e-04
7.831296e-01	9.922236e-04
7.831552e-01	9.900171e-04
7.831808e-01	9.871394e-04
7.832064e-01	9.841879e-04
7.832320e-01	9.800842e-04
7.832576e-01	9.768746e-04
7.832832e-01	9.735873e-04
7.833088e-01	9.693525e-04
7.833344e-01	9.649229e-04
7.833600e-01	9.605923e-04
7.833856e-01	9.553493e-04
7.834112e-01	9.504816e-04
7.834368e-01	9.447758e-04
7.834624e-01	9.393498e-04
7.834880e-01	9.336422e-04
7.835136e-01	9.276133e-04
7.835392e-01	9.212542e-04
7.835648e-01	9.150555e-04
7.835904e-01	9.078382e-04
7.836160e-01	9.012691e-04
7.836416e-01	8.941788e-04
7.836672e-01	8.866417e-04
7.836928e-01	8.789352e-04
7.837184e-01	8.713242e-04
7.837440e-01	8.628658e-04
7.837696e-01	8.548262e-04
7.837952e-01	8.462523e-04
7.838208e-01	8.374811e-04
7.838464e-01	8.283534e-04
7.838720e-01	8.190639e-04
7.838976e-01	8.096580e-04
7.839232e-01	8.001666e-04
7.839488e-01	7.900750e-04
7.839744e-01	7.804072e-04
7.840000e-01	7.699050e-04
7.840256e-01	7.591588e-04
7.840512e-01	7.483400e-04
7.840768e-01	7.382104e-04
7.841024e-01	7.265414e-04
7.841280e-01	7.153758e-04
7.841536e-01	7.040178e-04
7.841792e-01	6.922502e-04
7.842048e-01	6.806349e-04
7.842304e-01	6.685570e-04
7.842560e-01	6.557374e-04
7.842816e-01	6.440242e-04
7.843072e-01	6.313347e-04
7.843328e-01	6.185037e-04
7.843584e-01	6.053487e-04
7.843840e-01	5.928462e-04
7.844096e-01	5.792023e-04
7.844352e-01	5.655476e-04
7.844608e-01	5.527489e-04
7.844864e-01	5.387295e-04
7.845120e-01	5.246026e-04
7.845376e-01	5.110523e-04
7.845632e-01	4.964906e-04
7.845888e-01	4.822810e-04
7.846144e-01	4.676071e-04
7.846400e-01	4.536047e-04
7.846656e-01	4.385929e-04
7.846912e-01	4.239944e-04
7.847168e-01	4.092031e-04
7.847424e-01	3.939208e-04
7.847680e-01	3.784443e-04
7.847936e-01	3.635388e-04
7.848192e-01	3.481514e-04
7.848448e-01	3.326510e-04
7.848704e-01	3.166723e-04
7.848960e-01	3.016650e-04
7.849216e-01	2.853964e-04
7.849472e-01	2.697456e-04
7.849728e-01	2.541203e-04
7.849984e-01	2.377782e-04
7.850240e-01	2.218921e-04
7.850496e-01	2.057731e-04
7.850752e-01	1.894397e-04
7.851008e-01	1.731781e-04
7.851264e-01	1.568598e-04
7.851520e-01	1.406625e-04
7.851776e-01	1.237687e-04
7.852032e-01	1.078295e-04
7.852288e-01	9.077389e-05
7.852544e-01	7.466012e-05
7.852800e-01	5.793035e-05
7.853056e-01	4.156091e-05
7.853312e-01	2.432519e-05
7.853568e-01	7.840195e-06
7.853824e-01	-8.612623e-06
7.854080e-01	-2.519384e-05
7.854336e-01	-4.175347e-05
7.854592e-01	-5.865644e-05
7.854848e-01	-7.533947e-05
7.855104e-01	-9.206252e-05
7.855360e-01	-1.084108e-04
7.855616e-01	-1.253169e-04
7.855872e-01	-1.422328e-04
7.856128e-01	-1.579282e-04
7.856384e-01	-1.750688e-04
7.856640e-01	-1.910390e-04
7.856896e-01	-2.080259e-04
7.857152e-01	-2.241824e-04
7.857408e-01	-2.406942e-04
7.857664e-01	-2.573022e-04
7.857920e-01	-2.731537e-04
7.858176e-01	-2.890814e-04
7.858432e-01	-3.056489e-04
7.858688e-01	-3.214194e-04
7.858944e-01	-3.374394e-04
7.859200e-01	-3.534497e-04
7.859456e-01	-3.690334e-04
7.859712e-01	-3.846177e-04
7.859968e-01	-4.006027e-04
7.860224e-01	-4.157173e-04
7.860480e-01	-4.313424e-04
7.860736e-01	-4.463320e-04
7.860992e-01	-4.616392e-04
7.861248e-01	-4.766010e-04
7.861504e-01	-4.918291e-04
7.861760e-01	-5.062283e-04
7.862016e-01	-5.211389e-04
7.862272e-01	-5.358089e-04
7.862528e-01	-5.498691e-04
7.862784e-01	-5.637513e-04
7.863040e-01	-5.784733e-04
7.863296e-01	-5.921082e-04
7.863552e-01	-6.061876e-04
7.863808e-01	-6.199045e-04
7.864064e-01	-6.332931e-04
7.864320e-01	-6.465618e-04
7.864576e-01	-6.599301e-04
7.864832e-01	-6.726328e-04
7.865088e-01	-6.853960e-04
7.865344e-01	-6.980212e-04
7.865600e-01	-7.109105e-04
7.865856e-01	-7.230432e-04
7.866112e-01	-7.346590e-04
7.866368e-01	-7.465872e-04
7.866624e-01	-7.588445e-04
7.866880e-01	-7.695915e-04
7.867136e-01	-7.813624e-04
7.867392e-01	-7.918793e-04
7.867648e-01	-8.025893e-04
7.867904e-01	-8.134122e-04
7.868160e-01	-8.239752e-04
7.868416e-01	-8.338515e-04
7.868672e-01	-8.434543e-04
7.868928e-01	-8.537220e-04
7.869184e-01	-8.632500e-04
7.869440e-01	-8.721752e-04
7.869696e-01	-8.817618e-04
7.869952e-01	-8.898359e-04
7.870208e-01	-8.989258e-04
7.870464e-01	-9.068995e-04
7.870720e-01	-9.150612e-04
7.870976e-01	-9.228461e-04
7.871232e-01	-9.303762e-04
7.871488e-01	-9.374297e-04
7.871744e-01	-9.445525e-04
7.872000e-01	-9.513170e-04
7.872256e-01	-9.576546e-04
7.872512e-01	-9.637183e-04
7.872768e-01	-9.701972e-04
7.873024e-01	-9.759298e-04
7.873280e-01	-9.814419e-04
7.873536e-01	-9.859379e-04
7.873792e-01	-9.909305e-04
7.874048e-01	-9.955082e-04
7.874304e-01	-1.000328e-03
7.874560e-01	-1.004073e-03
7.874816e-01	-1.007870e-03
7.875072e-01	-1.011435e-03
7.875328e-01	-1.014837e-03
7.875584e-01	-1.017679e-03
7.875840e-01	-1.020566e-03
7.876096e-01	-1.022824e-03
7.876352e-01	-1.025037e-03
7.876608e-01	-1.026691e-03
7.876864e-01	-1.028584e-03
7.877120e-01	-1.029599e-03
7.877376e-01	-1.030658e-03
7.877632e-01	-1.031531e-03
7.877888e-01	-1.031897e-03
7.878144e-01	-1.031936e-03
7.878400e-01	-1.032241e-03
7.878656e-01	-1.031521e-03
7.878912e-01	-1.031397e-03
7.879168e-01	-1.030057e-03
7.879424e-01	-1.029400e-03
7.879680e-01	-1.028110e-03
7.879936e-01	-1.025929e-03
7.880192e-01	-1.023697e-03
7.880448e-01	-1.021684e-03
7.880704e-01	-1.018694e-03
7.880960e-01	-1.015879e-03
7.881216e-01	-1.012817e-03
7.881472e-01	-1.009437e-03
7.881728e-01	-1.005931e-03
7.881984e-01	-1.002192e-03
7.882240e-01	-9.977550e-04
7.882496e-01	-9.938043e-04
7.882752e-01	-9.881858e-04
7.883008e-01	-9.840087e-04
7.883264e-01	-9.785683e-04
7.883520e-01	-9.728441e-04
7.883776e-01	-9.672142e-04
7.884032e-01	-9.610822e-04
7.884288e-01	-9.550644e-04
7.884544e-01	-9.481413e-04
7.884800e-01	-9.411925e-04
7.885056e-01	-9.346953e-04
7.885312e-01	-9.273261e-04
7.885568e-01	-9.200030e-04
7.885824e-01	-9.121468e-04
7.886080e-01	-9.044735e-04
7.886336e-01	-8.957042e-04
7.886592e-01	-8.879708e-04
7.886848e-01	-8.790814e-04
7.887104e-01	-8.702143e-04
7.887360e-01	-8.609234e-04
7.887616e-01	-8.517880e-04
7.887872e-01	-8.421956e-04
7.888128e-01	-8.326981e-04
7.888384e-01	-8.224596e-04
7.888640e-01	-8.122334e-04
7.888896e-01	-8.021067e-04
7.889152e-01	-7.914177e-04
7.889408e-01	-7.805605e-04
7.889664e-01	-7.699302e-04
7.889920e-01	-7.582135e-04
7.890176e-01	-7.474699e-04
7.890432e-01	-7.354337e-04
7.890688e-01	-7.239934e-04
7.890944e-01	-7.118905e-04
7.891200e-01	-6.999293e-04
7.891456e-01	-6.874138e-04
7.891712e-01	-6.748200e-04
7.891968e-01	-6.627126e-04
7.892224e-01	-6.495840e-04
7.892480e-01	-6.359903e-04
7.892736e-01	-6.237889e-04
7.892992e-01	-6.104444e-04
7.893248e-01	-5.967726e-04
7.893504e-01	-5.831203e-04
7.893760e-01	-5.699642e-04
7.894016e-01	-5.559989e-04
7.894272e-01	-5.419468e-04
7.894528e-01	-5.279939e-04
7.894784e-01	-5.136993e-04
7.895040e-01	-4.991261e-04
7.895296e-01	-4.849515e-04
7.895552e-01	-4.701581e-04
7.895808e-01	-4.559222e-04
7.896064e-01	-4.405155e-04
7.896320e-01	-4.261296e-04
7.896576e-01	-4.110318e-04
7.896832e-01	-3.960135e-04
7.897088e-01	-3.803215e-04
7.897344e-01	-3.652016e-04
7.897600e-01	-3.500855e-04
7.897856e-01	-3.346864e-04
7.898112e-01	-3.193624e-04
7.898368e-01	-3.035201e-04
7.898624e-01	-2.877258e-04
7.898880e-01	-2.724150e-04
7.899136e-01	-2.561393e-04
7.899392e-01	-2.407568e-04
7.899648e-01	-2.242293e-04
7.899904e-01	-2.085085e-04
7.900160e-01	-1.928976e-04
7.900416e-01	-1.765064e-04
7.900672e-01	-1.603890e-04
7.900928e-01	-1.451080e-04
7.901184e-01	-1.281074e-04
7.901440e-01	-1.125934e-04
7.901696e-01	-9.583932e-05
7.901952e-01	-7.971709e-05
7.902208e-01	-6.374047e-05
7.902464e-01	-4.707059e-05
7.902720e-01	-3.111500e-05
7.902976e-01	-1.500378e-05
7.903232e-01	8.715241e-07
7.903488e-01	1.722675e-05
7.903744e-01	3.365478e-05
7.904000e-01	4.929816e-05
7.904256e-01	6.600944e-05
7.904512e-01	8.137446e-05
7.904768e-01	9.793976e-05
7.905024e-01	1.135884e-04
7.905280e-01	1.296489e-04
7.905536e-01	1.457649e-04
7.905792e-01	1.613961e-04
7.906048e-01	1.771033e-04
7.906304e-01	1.932602e-04
7.906560e-01	2.090484e-04
7.906816e-01	2.247280e-04
7.907072e-01	2.403595e-04
7.907328e-01	2.560271e-04
7.907584e-01	2.711141e-04
7.907840e-01	2.872077e-04
7.908096e-01	3.020357e-04
7.908352e-01	3.174577e-04
7.908608e-01	3.321812e-04
7.908864e-01	3.478555e-04
7.909120e-01	3.624837e-04
7.909376e-01	3.771974e-04
7.909632e-01	3.922572e-04
7.909888e-01	4.067882e-04
7.910144e-01	4.217133e-04
7.910400e-01	4.359838e-04
7.910656e-01	4.498833e-04
7.910912e-01	4.648310e-04
7.911168e-01	4.783956e-04
7.911424e-01	4.926775e-04
7.911680e-01	5.068188e-04
7.911936e-01	5.204306e-04
7.912192e-01	5.337702e-04
7.912448e-01	5.473216e-04
7.912704e-01	5.605087e-04
7.912960e-01	5.739218e-04
7.913216e-01	5.865036e-04
7.913472e-01	5.999183e-04
7.913728e-01	6.119809e-04
7.913984e-01	6.252032e-04
7.914240e-01	6.374258e-04
7.914496e-01	6.491841e-04
7.914752e-01	6.614321e-04
7.915008e-01	6.734911e-04
7.915264e-01	6.853273e-04
7.915520e-01	6.964676e-04
7.915776e-01	7.077387e-04
7.916032e-01	7.199290e-04
7.916288e-01	7.303243e-04
7.916544e-01	7.415218e-04
7.916800e-01	7.517152e-04
7.917056e-01	7.621871e-04
7.917312e-01	7.723219e-04
7.917568e-01	7.828468e-04
7.917824e-01	7.923073e-04
7.918080e-01	8.016679e-04
7.918336e-01	8.116809e-04
7.918592e-01	8.207809e-04
7.918848e-01	8.299229e-04
7.919104e-01	8.391681e-04
7.919360e-01	8.472917e-04
7.919616e-01	8.558798e-04
7.919872e-01	8.633682e-04
7.920128e-01	8.721006e-04
7.920384e-01	8.798558e-04
7.920640e-01	8.872967e-04
7.920896e-01	8.946732e-04
7.921152e-01	9.021807e-04
7.921408e-01	9.088607e-04
7.921664e-01	9.155655e-04
7.921920e-01	9.215162e-04
7.922176e-01	9.282181e-04
7.922432e-01	9.342541e-04
7.922688e-01	9.398390e-04
7.922944e-01	9.453755e-04
7.923200e-01	9.509340e-04
7.923456e-01	9.552058e-04
7.923712e-01	9.600411e-04
7.923968e-01	9.649036e-04
7.924224e-01	9.694876e-04
7.924480e-01	9.733947e-04
7.924736e-01	9.772506e-04
7.924992e-01	9.803227e-04
7.925248e-01	9.843449e-04
7.925504e-01	9.869616e-04
7.925760e-01	9.898994e-04
7.926016e-01	9.924017e-04
7.926272e-01	9.949597e-04
7.926528e-01	9.974091e-04
7.926784e-01	9.990655e-04
7.927040e-01	1.000497e-03
7.927296e-01	1.002231e-03
7.927552e-01	1.002957e-03
7.927808e-01	1.004272e-03
7.928064e-01	1.004854e-03
7.928320e-01	1.005250e-03
7.928576e-01	1.005315e-03
7.928832e-01	1.005687e-03
7.929088e-01	1.004661e-03
7.929344e-01	1.004411e-03
7.929600e-01	1.003135e-03
7.929856e-01	1.001883e-03
7.930112e-01	1.000538e-03
7.930368e-01	9.991140e-04
7.930624e-01	9.973906e-04
7.930880e-01	9.952635e-04
7.931136e-01	9.926681e-04
7.931392e-01	9.904812e-04
7.931648e-01	9.871627e-04
7.931904e-01	9.841805e-04
7.932160e-01	9.808874e-04
7.932416e-01	9.775492e-04
7.932672e-01	9.737167e-04
7.932928e-01	9.694473e-04
7.933184e-01	9.650824e-04
7.933440e-01	9.613009e-04
7.933696e-01	9.553627e-04
7.933952e-01	9.508448e-04
7.934208e-01	9.457991e-04
7.934464e-01	9.399374e-04
7.934720e-01	9.342224e-04
7.934976e-01	9.285730e-04
7.935232e-01	9.221656e-04
7.935488e-01	9.155858e-04
7.935744e-01	9.085509e-04
7.936000e-01	9.020769e-04
7.936256e-01	8.941636e-04
7.936512e-01	8.876211e-04
7.936768e-01	8.800904e-04
7.937024e-01	8.716549e-04
7.937280e-01	8.641982e-04
7.937536e-01	8.557322e-04
7.937792e-01	8.468260e-04
7.938048e-01	8.384065e-04
7.938304e-01	8.291061e-04
7.938560e-01	8.203536e-04
7.938816e-01	8.104759e-04
7.939072e-01	8.014471e-04
7.939328e-01	7.911230e-04
7.939584e-01	7.813773e-04
7.939840e-01	7.705302e-04
7.940096e-01	7.603900e-04
7.940352e-01	7.500367e-04
7.940608e-01	7.386978e-04
7.940864e-01	7.277860e-04
7.941120e-01	7.168135e-04
7.941376e-01	7.050314e-04
7.941632e-01	6.936534e-04
7.941888e-01	6.813438e-04
7.942144e-01	6.697249e-04
7.942400e-01	6.573227e-04
7.942656e-01	6.450965e-04
7.942912e-01	6.321359e-04
7.943168e-01	6.201309e-04
7.943424e-01	6.070281e-04
7.943680e-01	5.937308e-04
7.943936e-01	5.805403e-04
7.944192e-01	5.671923e-04
7.944448e-01	5.538244e-04
7.944704e-01	5.399965e-04
7.944960e-01	5.259052e-04
7.945216e-01	5.124256e-04
7.945472e-01	4.980141e-04
7.945728e-01	4.840190e-04
7.945984e-01	4.690689e-04
7.946240e-01	4.547958e-04
7.946496e-01	4.399481e-04
7.946752e-01	4.253735e-04
7.947008e-01	4.105181e-04
7.947264e-01	3.955999e-04
7.947520e-01	3.803326e-04
7.947776e-01	3.652893e-04
7.948032e-01	3.495231e-04
7.948288e-01	3.342454e-04
7.948544e-01	3.185067e-04
7.948800e-01	3.031608e-04
7.949056e-01	2.867451e-04
7.949312e-01	2.715391e-04
7.949568e-01	2.555990e-04
7.949824e-01	2.396902e-04
7.950080e-01	2.234460e-04
7.950336e-01	2.074257e-04
7.950592e-01	1.908045e-04
7.950848e-01	1.749184e-04
7.951104e-01	1.586010e-04
7.951360e-01	1.422479e-04
7.951616e-01	1.260699e-04
7.951872e-01	1.093740e-04
7.952128e-01	9.274464e-05
7.952384e-01	7.645944e-05
7.952640e-01	5.930096e-05
7.952896e-01	4.318691e-05
7.953152e-01	2.608855e-05
7.953408e-01	9.740777e-06
7.953664e-01	-6.834521e-06
7.953920e-01	-2.361702e-05
7.954176e-01	-4.068138e-05
7.954432e-01	-5.677311e-05
7.954688e-01	-7.389439e-05
7.954944e-01	-8.982678e-05
7.955200e-01	-1.068353e-04
7.955456e-01	-1.234999e-04
7.955712e-01	-1.400095e-04
7.955968e-01	-1.567449e-04
7.956224e-01	-1.733187e-04
7.956480e-01	-1.896230e-04
7.956736e-01	-2.059025e-04
7.956992e-01	-2.228259e-04
7.957248e-01	-2.393554e-04
7.957504e-01	-2.548985e-04
7.957760e-01	-2.721027e-04
7.958016e-01	-2.874026e-04
7.958272e-01	-3.039811e-04
7.958528e-01	-3.202281e-04
7.958784e-01	-3.359299e-04
7.959040e-01	-3.517311e-04
7.959296e-01	-3.675879e-04
7.959552e-01	-3.831476e-04
7.959808e-01	-3.988706e-04
7.960064e-01	-4.142123e-04
7.960320e-01	-4.298323e-04
7.960576e-01	-4.448689e-04
7.960832e-01	-4.603913e-04
7.961088e-01	-4.748825e-04
7.961344e-01	-4.904060e-04
7.961600e-01	-5.046630e-04
7.961856e-01	-5.198197e-04
7.962112e-01	-5.338712e-04
7.962368e-01	-5.484806e-04
7.962624e-01	-5.633314e-04
7.962880e-01	-5.766852e-04
7.963136e-01	-5.907391e-04
7.963392e-01	-6.052370e-04
7.963648e-01	-6.182073e-04
7.963904e-01	-6.319109e-04
7.964160e-01	-6.450952e-04
7.964416e-01	-6.584256e-04
7.964672e-01	-6.713725e-04
7.964928e-01	-6.844707e-04
7.965184e-01	-6.968297e-04
7.965440e-01	-7.095528e-04
7.965696e-01	-7.212567e-04
7.965952e-01	-7.338608e-04
7.966208e-01	-7.458299e-04
7.966464e-01	-7.571211e-04
7.966720e-01	-7.687511e-04
7.966976e-01	-7.801642e-04
7.967232e-01	-7.908368e-04
7.967488e-01	-8.022721e-04
7.967744e-01	-8.120959e-04
7.968000e-01	-8.231237e-04
7.968256e-01	-8.329995e-04
7.968512e-01	-8.429297e-04
7.968768e-01	-8.526380e-04
7.969024e-01	-8.624287e-04
7.969280e-01	-8.712664e-04
7.969536e-01	-8.804312e-04
7.969792e-01	-8.892713e-04
7.970048e-01	-8.976846e-04
7.970304e-01	-9.061261e-04
7.970560e-01	-9.140606e-04
7.970816e-01	-9.214678e-04
7.971072e-01	-9.297779e-04
7.971328e-01	-9.368093e-04
7.971584e-01	-9.437959e-04
7.971840e-01	-9.500988e-04
7.972096e-01	-9.573787e-04
7.972352e-01	-9.634460e-04
7.972608e-01	-9.693626e-04
7.972864e-01	-9.750064e-04
7.973120e-01	-9.806083e-04
7.973376e-01	-9.854739e-04
7.973632e-01	-9.908774e-04
7.973888e-01	-9.952945e-04
7.974144e-01	-1.000203e-03
7.974400e-01	-1.004106e-03
7.974656e-01	-1.007832e-03
7.974912e-01	-1.011215e-03
7.975168e-01	-1.014843e-03
7.975424e-01	-1.017634e-03
7.975680e-01	-1.020372e-03
7.975936e-01	-1.022564e-03
7.976192e-01	-1.025056e-03
7.976448e-01	-1.026940e-03
7.976704e-01	-1.028656e-03
7.976960e-01	-1.029692e-03
7.977216e-01	-1.030481e-03
7.977472e-01	-1.031403e-03
7.977728e-01	-1.032419e-03
7.977984e-01	-1.031949e-03
7.978240e-01	-1.032313e-03
7.978496e-01	-1.031743e-03
7.978752e-01	-1.031231e-03
7.979008e-01	-1.030343e-03
7.979264e-01	-1.029264e-03
7.979520e-01	-1.027397e-03
7.979776e-01	-1.026227e-03
7.980032e-01	-1.023547e-03
7.980288e-01	-1.021733e-03
7.980544e-01	-1.018935e-03
7.980800e-01	-1.016419e-03
7.981056e-01	-1.013043e-03
7.981312e-01	-1.010168e-03
7.981568e-01	-1.005988e-03
7.981824e-01	-1.002321e-03
7.982080e-01	-9.984907e-04
7.982336e-01	-9.936709e-04
7.982592e-01	-9.889815e-04
7.982848e-01	-9.837896e-04
7.983104e-01	-9.786682e-04
7.983360e-01	-9.738334e-04
7.983616e-01	-9.678542e-04
7.983872e-01	-9.616793e-04
7.984128e-01	-9.553900e-04
7.984384e-01	-9.492284e-04
7.984640e-01	-9.417892e-04
7.984896e-01	-9.356015e-04
7.985152e-01	-9.279668e-04
7.985408e-01	-9.210421e-04
7.985664e-01	-9.130104e-04
7.985920e-01	-9.048412e-04
7.986176e-01	-8.963697e-04
7.986432e-01	-8.884525e-04
7.986688e-01	-8.798061e-04
7.986944e-01	-8.707496e-04
7.987200e-01	-8.616454e-04
7.987456e-01	-8.526469e-04
7.987712e-01	-8.424961e-04
7.987968e-01	-8.335183e-04
7.988224e-01	-8.229924e-04
7.988480e-01	-8.131102e-04
7.988736e-01	-8.034555e-04
7.988992e-01	-7.923375e-04
7.989248e-01	-7.811193e-04
7.989504e-01	-7.707392e-04
7.989760e-01	-7.592044e-04
7.990016e-01	-7.481186e-04
7.990272e-01	-7.365375e-04
7.990528e-01	-7.252499e-04
7.990784e-01	-7.128764e-04
7.991040e-01	-7.006978e-04
7.991296e-01	-6.886087e-04
7.991552e-01	-6.763652e-04
7.991808e-01	-6.631887e-04
7.992064e-01	-6.512300e-04
7.992320e-01	-6.379586e-04
7.992576e-01	-6.249118e-04
7.992832e-01	-6.115598e-04
7.993088e-01	-5.983689e-04
7.993344e-01	-5.844432e-04
7.993600e-01	-5.715880e-04
7.993856e-01	-5.572154e-04
7.994112e-01	-5.435148e-04
7.994368e-01	-5.290392e-04
7.994624e-01	-5.148907e-04
7.994880e-01	-5.007248e-04
7.995136e-01	-4.862841e-04
7.995392e-01	-4.717469e-04
7.995648e-01	-4.569444e-04
7.995904e-01	-4.422678e-04
7.996160e-01	-4.275537e-04
7.996416e-01	-4.122024e-04
7.996672e-01	-3.977584e-04
7.996928e-01	-3.822070e-04
7.997184e-01	-3.669079e-04
7.997440e-01	-3.514331e-04
7.997696e-01	-3.361480e-04
7.997952e-01	-3.199981e-04
7.998208e-01	-3.050720e-04
7.998464e-01	-2.890997e-04
7.998720e-01	-2.737794e-04
7.998976e-01	-2.575552e-04
7.999232e-01	-2.419923e-04
7.999488e-01	-2.258114e-04
7.999744e-01	-2.102510e-04
8.000000e-01	-1.941824e-04
8.000256e-01	-1.779889e-04
8.000512e-01	-1.622124e-04
8.000768e-01	-1.461385e-04
8.001024e-01	-1.298857e-04
8.001280e-01	-1.139674e-04
8.001536e-01	-9.752067e-05
8.001792e-01	-8.158240e-05
8.002048e-01	-6.504250e-05
8.002304e-01	-4.918484e-05
8.002560e-01	-3.216283e-05
8.002816e-01	-1.680811e-05
8.003072e-01	-6.038082e-07
8.003328e-01	1.550696e-05
8.003584e-01	3.205774e-05
8.003840e-01	4.785786e-05
8.004096e-01	6.410589e-05
8.004352e-01	8.021328e-05
8.004608e-01	9.630686e-05
8.004864e-01	1.118327e-04
8.005120e-01	1.283863e-04
8.005376e-01	1.443105e-04
8.005632e-01	1.599235e-04
8.005888e-01	1.761424e-04
8.006144e-01	1.918505e-04
8.006400e-01	2.068200e-04
8.006656e-01	2.235888e-04
8.006912e-01	2.387833e-04
8.007168e-01	2.547376e-04
8.007424e-01	2.699018e-04
8.007680e-01	2.855907e-04
8.007936e-01	3.006452e-04
8.008192e-01	3.158070e-04
8.008448e-01	3.307624e-04
8.008704e-01	3.463680e-04
8.008960e-01	3.612374e-04
8.009216e-01	3.763031e-04
8.009472e-01	3.909677e-04
8.009728e-01	4.055821e-04
8.009984e-01	4.199363e-04
8.010240e-01	4.348260e-04
8.010496e-01	4.491478e-04
8.010752e-01	4.637997e-04
8.011008e-01	4.771704e-04
8.011264e-01	4.913676e-04
8.011520e-01	5.051233e-04
8.011776e-01	5.191841e-04
8.012032e-01	5.324048e-04
8.012288e-01	5.459931e-04
8.012544e-01	5.590912e-04
8.012800e-01	5.726486e-04
8.013056e-01	5.855215e-04
8.013312e-01	5.982881e-04
8.013568e-01	6.110081e-04
8.013824e-01	6.239685e-04
8.014080e-01	6.357895e-04
8.014336e-01	6.482736e-04
8.014592e-01	6.602319e-04
8.014848e-01	6.724537e-04
8.015104e-01	6.838429e-04
8.015360e-01	6.958767e-04
8.015616e-01	7.067269e-04
8.015872e-01	7.183141e-04
8.016128e-01	7.293635e-04
8.016384e-01	7.399606e-04
8.016640e-01	7.507230e-04
8.016896e-01	7.618220e-04
8.017152e-01	7.715095e-04
8.017408e-01	7.817125e-04
8.017664e-01	7.914834e-04
8.017920e-01	8.013625e-04
8.018176e-01	8.104836e-04
8.018432e-01	8.205278e-04
8.018688e-01	8.288556e-04
8.018944e-01	8.377152e-04
8.019200e-01	8.467159e-04
8.019456e-01	8.553317e-04
8.019712e-01	8.630536e-04
8.019968e-01	8.715520e-04
8.020224e-01	8.791335e-04
8.020480e-01	8.866353e-04
8.020736e-01	8.940497e-04
8.020992e-01	9.012915e-04
8.021248e-01	9.076942e-04
8.021504e-01	9.154428e-04
8.021760e-01	9.213061e-04
8.022016e-01	9.273678e-04
8.022272e-01	9.332138e-04
8.022528e-01	9.392882e-04
8.022784e-01	9.446236e-04
8.023040e-01	9.499674e-04
8.023296e-01	9.549911e-04
8.023552e-01	9.599648e-04
8.023808e-01	9.644732e-04
8.024064e-01	9.692296e-04
8.024320e-01	9.723981e-04
8.024576e-01	9.769169e-04
8.024832e-01	9.802998e-04
8.025088e-01	9.837528e-04
8.025344e-01	9.866713e-04
8.025600e-01	9.897532e-04
8.025856e-01	9.922337e-04
8.026112e-01	9.950863e-04
8.026368e-01	9.967115e-04
8.026624e-01	9.988163e-04
8.026880e-01	1.000577e-03
8.027136e-01	1.001554e-03
8.027392e-01	1.002950e-03
8.027648e-01	1.004044e-03
8.027904e-01	1.004254e-03
8.028160e-01	1.005341e-03
8.028416e-01	1.004826e-03
8.028672e-01	1.005202e-03
8.028928e-01	1.004688e-03
8.029184e-01	1.004608e-03
8.029440e-01	1.003277e-03
8.029696e-01	1.002325e-03
8.029952e-01	1.000481e-03
8.030208e-01	9.994720e-04
8.030464e-01	9.973628e-04
8.030720e-01	9.954115e-04
8.030976e-01	9.929442e-04
8.031232e-01	9.902247e-04
8.031488e-01	9.876344e-04
8.031744e-01	9.848955e-04
8.032000e-01	9.812091e-04
8.032256e-01	9.784154e-04
8.032512e-01	9.742713e-04
8.032768e-01	9.700485e-04
8.033024e-01	9.655971e-04
8.033280e-01	9.610661e-04
8.033536e-01	9.561836e-04
8.033792e-01	9.519129e-04
8.034048e-01	9.457564e-04
8.034304e-01	9.409327e-04
8.034560e-01	9.347163e-04
8.034816e-01	9.292011e-04
8.035072e-01	9.228119e-04
8.035328e-01	9.162007e-04
8.035584e-01	9.095191e-04
8.035840e-01	9.026716e-04
8.036096e-01	8.953710e-04
8.036352e-01	8.881975e-04
8.036608e-01	8.806428e-04
8.036864e-01	8.723535e-04
8.037120e-01	8.640827e-04
8.037376e-01	8.565533e-04
8.037632e-01	8.472753e-04
8.037888e-01	8.393332e-04
8.038144e-01	8.295262e-04
8.038400e-01	8.208979e-04
8.038656e-01	8.115500e-04
8.038912e-01	8.020131e-04
8.039168e-01	7.919933e-04
8.039424e-01	7.822280e-04
8.039680e-01	7.720081e-04
8.039936e-01	7.616516e-04
8.040192e-01	7.505480e-04
8.040448e-01	7.400403e-04
8.040704e-01	7.288480e-04
8.040960e-01	7.179352e-04
8.041216e-01	7.059615e-04
8.041472e-01	6.948401e-04
8.041728e-01	6.826937e-04
8.041984e-01	6.709965e-04
8.042240e-01	6.586587e-04
8.042496e-01	6.463220e-04
8.042752e-01	6.335368e-04
8.043008e-01	6.210961e-04
8.043264e-01	6.080778e-04
8.043520e-01	5.951918e-04
8.043776e-01	5.816205e-04
8.044032e-01	5.685948e-04
8.044288e-01	5.545823e-04
8.044544e-01	5.412309e-04
8.044800e-01	5.272441e-04
8.045056e-01	5.133704e-04
8.045312e-01	4.991292e-04
8.045568e-01	4.852984e-04
8.045824e-01	4.702399e-04
8.046080e-01	4.566177e-04
8.046336e-01	4.413630e-04
8.046592e-01	4.266450e-04
8.046848e-01	4.115447e-04
8.047104e-01	3.967040e-04
8.047360e-01	3.815417e-04
8.047616e-01	3.662746e-04
8.047872e-01	3.508360e-04
8.048128e-01	3.359862e-04
8.048384e-01	3.199622e-04
8.048640e-01	3.043707e-04
8.048896e-01	2.885687e-04
8.049152e-01	2.728610e-04
8.049408e-01	2.567810e-04
8.049664e-01	2.413098e-04
8.049920e-01	2.244512e-04
8.050176e-01	2.086812e-04
8.050432e-01	1.923357e-04
8.050688e-01	1.763301e-04
8.050944e-01	1.597060e-04
8.051200e-01	1.437035e-04
8.051456e-01	1.270364e-04
8.051712e-01	1.105613e-04
8.051968e-01	9.381315e-05
8.052224e-01	7.821393e-05
8.052480e-01	6.098037e-05
8.052736e-01	4.424428e-05
8.052992e-01	2.769192e-05
8.053248e-01	1.116419e-05
8.053504e-01	-5.533687e-06
8.053760e-01	-2.216089e-05
8.054016e-01	-3.938064e-05
8.054272e-01	-5.505135e-05
8.054528e-01	-7.258666e-05
8.054784e-01	-8.889718e-05
8.055040e-01	-1.052256e-04
8.055296e-01	-1.221474e-04
8.055552e-01	-1.388098e-04
8.055808e-01	-1.548831e-04
8.056064e-01	-1.724472e-04
8.056320e-01	-1.877665e-04
8.056576e-01	-2.046994e-04
8.056832e-01	-2.211913e-04
8.057088e-01	-2.374380e-04
8.057344e-01	-2.537938e-04
8.057600e-01	-2.695702e-04
8.057856e-01	-2.858790e-04
8.058112e-01	-3.026544e-04
8.058368e-01	-3.179774e-04
8.058624e-01	-3.344304e-04
8.058880e-01	-3.500289e-04
8.059136e-01	-3.660457e-04
8.059392e-01	-3.812632e-04
8.059648e-01	-3.974466e-04
8.059904e-01	-4.128344e-04
8.060160e-01	-4.285765e-04
8.060416e-01	-4.436410e-04
8.060672e-01	-4.588129e-04
8.060928e-01	-4.739441e-04
8.061184e-01	-4.888910e-04
8.061440e-01	-5.033195e-04
8.061696e-01	-5.186202e-04
8.061952e-01	-5.323209e-04
8.062208e-01	-5.477285e-04
8.062464e-01	-5.612170e-04
8.062720e-01	-5.757790e-04
8.062976e-01	-5.897520e-04
8.063232e-01	-6.032740e-04
8.063488e-01	-6.170513e-04
8.063744e-01	-6.311284e-04
8.064000e-01	-6.440684e-04
8.064256e-01	-6.572884e-04
8.064512e-01	-6.701990e-04
8.064768e-01	-6.832382e-04
8.065024e-01	-6.957086e-04
8.065280e-01	-7.083341e-04
8.065536e-01	-7.201650e-04
8.065792e-01	-7.328913e-04
8.066048e-01	-7.442015e-04
8.066304e-01	-7.562212e-04
8.066560e-01	-7.675986e-04
8.066816e-01	-7.792084e-04
8.067072e-01	-7.896562e-04
8.067328e-01	-8.008412e-04
8.067584e-01	-8.110492e-04
8.067840e-01	-8.216344e-04
8.068096e-01	-8.317812e-04
8.068352e-01	-8.421036e-04
8.068608e-01	-8.514567e-04
8.068864e-01	-8.612150e-04
8.069120e-01	-8.702391e-04
8.069376e-01	-8.794783e-04
8.069632e-01	-8.883335e-04
8.069888e-01	-8.971225e-04
8.070144e-01	-9.050642e-04
8.070400e-01	-9.134869e-04
8.070656e-01	-9.206570e-04
8.070912e-01	-9.292271e-04
8.071168e-01	-9.360798e-04
8.071424e-01	-9.432959e-04
8.071680e-01	-9.498415e-04
8.071936e-01	-9.565557e-04
8.072192e-01	-9.625984e-04
8.072448e-01	-9.686861e-04
8.072704e-01	-9.743538e-04
8.072960e-01	-9.801728e-04
8.073216e-01	-9.845662e-04
8.073472e-01	-9.903994e-04
8.073728e-01	-9.949133e-04
8.073984e-01	-9.990358e-04
8.074240e-01	-1.003479e-03
8.074496e-01	-1.007533e-03
8.074752e-01	-1.010350e-03
8.075008e-01	-1.014421e-03
8.075264e-01	-1.016952e-03
8.075520e-01	-1.019930e-03
8.075776e-01	-1.022511e-03
8.076032e-01	-1.024709e-03
8.076288e-01	-1.026034e-03
8.076544e-01	-1.028153e-03
8.076800e-01	-1.028933e-03
8.077056e-01	-1.030734e-03
8.077312e-01	-1.031096e-03
8.077568e-01	-1.031778e-03
8.077824e-01	-1.031967e-03
8.078080e-01	-1.031896e-03
8.078336e-01	-1.031350e-03
8.078592e-01	-1.031584e-03
8.078848e-01	-1.030265e-03
8.079104e-01	-1.029273e-03
8.079360e-01	-1.027836e-03
8.079616e-01	-1.026199e-03
8.079872e-01	-1.023852e-03
8.080128e-01	-1.022264e-03
8.080384e-01	-1.019396e-03
8.080640e-01	-1.016518e-03
8.080896e-01	-1.013260e-03
8.081152e-01	-1.010172e-03
8.081408e-01	-1.005797e-03
8.081664e-01	-1.002787e-03
8.081920e-01	-9.981353e-04
8.082176e-01	-9.945307e-04
8.082432e-01	-9.894336e-04
8.082688e-01	-9.843118e-04
8.082944e-01	-9.795181e-04
8.083200e-01	-9.741989e-04
8.083456e-01	-9.678649e-04
8.083712e-01	-9.622863e-04
8.083968e-01	-9.563018e-04
8.084224e-01	-9.498158e-04
8.084480e-01	-9.424023e-04
8.084736e-01	-9.361840e-04
8.084992e-01	-9.286595e-04
8.085248e-01	-9.218907e-04
8.085504e-01	-9.136864e-04
8.085760e-01	-9.058540e-04
8.086016e-01	-8.975710e-04
8.086272e-01	-8.897215e-04
8.086528e-01	-8.801895e-04
8.086784e-01	-8.721499e-04
8.087040e-01	-8.629430e-04
8.087296e-01	-8.536615e-04
8.087552e-01	-8.442359e-04
8.087808e-01	-8.342729e-04
8.088064e-01	-8.240687e-04
8.088320e-01	-8.143991e-04
8.088576e-01	-8.037731e-04
8.088832e-01	-7.940527e-04
8.089088e-01	-7.824955e-04
8.089344e-01	-7.721905e-04
8.089600e-01	-7.605592e-04
8.089856e-01	-7.490557e-04
8.090112e-01	-7.378996e-04
8.090368e-01	-7.262271e-04
8.090624e-01	-7.142216e-04
8.090880e-01	-7.024573e-04
8.091136e-01	-6.896140e-04
8.091392e-01	-6.779779e-04
8.091648e-01	-6.648522e-04
8.091904e-01	-6.521778e-04
8.092160e-01	-6.388113e-04
8.092416e-01	-6.268816e-04
8.092672e-01	-6.130241e-04
8.092928e-01	-5.998397e-04
8.093184e-01	-5.858797e-04
8.093440e-01	-5.724580e-04
8.093696e-01	-5.584238e-04
8.093952e-01	-5.448096e-04
8.094208e-01	-5.306337e-04
8.094464e-01	-5.163077e-04
8.094720e-01	-5.025431e-04
8.094976e-01	-4.881134e-04
8.095232e-01	-4.729173e-04
8.095488e-01	-4.588708e-04
8.095744e-01	-4.434980e-04
8.096000e-01	-4.295238e-04
8.096256e-01	-4.135739e-04
8.096512e-01	-3.990011e-04
8.096768e-01	-3.836000e-04
8.097024e-01	-3.683555e-04
8.097280e-01	-3.531297e-04
8.097536e-01	-3.379310e-04
8.097792e-01	-3.218531e-04
8.098048e-01	-3.067868e-04
8.098304e-01	-2.908481e-04
8.098560e-01	-2.754323e-04
8.098816e-01	-2.593586e-04
8.099072e-01	-2.439461e-04
8.099328e-01	-2.274606e-04
8.099584e-01	-2.116244e-04
8.099840e-01	-1.954618e-04
8.100096e-01	-1.797096e-04
8.100352e-01	-1.631606e-04
8.100608e-01	-1.477045e-04
8.100864e-01	-1.309263e-04
8.101120e-01	-1.155900e-04
8.101376e-01	-9.945708e-05
8.101632e-01	-8.308611e-05
8.101888e-01	-6.685761e-05
8.102144e-01	-5.093574e-05
8.102400e-01	-3.406982e-05
8.102656e-01	-1.836315e-05
8.102912e-01	-1.771922e-06
8.103168e-01	1.392658e-05
8.103424e-01	3.035883e-05
8.103680e-01	4.636943e-05
8.103936e-01	6.271958e-05
8.104192e-01	7.847222e-05
8.104448e-01	9.518684e-05
8.104704e-01	1.102323e-04
8.104960e-01	1.266922e-04
8.105216e-01	1.425567e-04
8.105472e-01	1.587388e-04
8.105728e-01	1.741603e-04
8.105984e-01	1.903749e-04
8.106240e-01	2.061181e-04
8.106496e-01	2.219417e-04
8.106752e-01	2.370834e-04
8.107008e-01	2.530363e-04
8.107264e-01	2.680852e-04
8.107520e-01	2.839770e-04
8.107776e-01	2.991536e-04
8.108032e-01	3.142821e-04
8.108288e-01	3.292598e-04
8.108544e-01	3.450797e-04
8.108800e-01	3.594675e-04
8.109056e-01	3.749134e-04
8.109312e-01	3.895049e-04
8.109568e-01	4.045977e-04
8.109824e-01	4.180941e-04
8.110080e-01	4.334355e-04
8.110336e-01	4.475942e-04
8.110592e-01	4.617886e-04
8.110848e-01	4.756668e-04
8.111104e-01	4.898129e-04
8.111360e-01	5.035163e-04
8.111616e-01	5.175787e-04
8.111872e-01	5.312092e-04
8.112128e-01	5.449323e-04
8.112384e-01	5.579826e-04
8.112640e-01	5.715588e-04
8.112896e-01	5.838968e-04
8.113152e-01	5.973567e-04
8.113408e-01	6.096293e-04
8.113664e-01	6.227340e-04
8.113920e-01	6.346421e-04
8.114176e-01	6.475533e-04
8.114432e-01	6.592412e-04
8.114688e-01	6.709325e-04
8.114944e-01	6.825575e-04
8.115200e-01	6.949445e-04
8.115456e-01	7.053058e-04
8.115712e-01	7.170747e-04
8.115968e-01	7.278802e-04
8.116224e-01	7.392202e-04
8.116480e-01	7.500280e-04
8.116736e-01	7.605153e-04
8.116992e-01	7.706723e-04
8.117248e-01	7.809456e-04
8.117504e-01	7.905773e-04
8.117760e-01	8.008590e-04
8.118016e-01	8.099580e-04
8.118272e-01	8.197121e-04
8.118528e-01	8.280368e-04
8.118784e-01	8.377025e-04
8.119040e-01	8.458996e-04
8.119296e-01	8.548677e-04
8.119552e-01	8.625294e-04
8.119808e-01	8.707920e-04
8.120064e-01	8.786786e-04
8.120320e-01	8.863616e-04
8.120576e-01	8.931833e-04
8.120832e-01	9.008610e-04
8.121088e-01	9.075032e-04
8.121344e-01	9.144698e-04
8.121600e-01	9.206219e-04
8.121856e-01	9.272066e-04
8.122112e-01	9.329501e-04
8.122368e-01	9.392060e-04
8.122624e-01	9.440247e-04
8.122880e-01	9.498831e-04
8.123136e-01	9.545707e-04
8.123392e-01	9.595316e-04
8.123648e-01	9.639168e-04
8.123904e-01	9.684475e-04
8.124160e-01	9.720610e-04
8.124416e-01	9.766289e-04
8.124672e-01	9.797064e-04
8.124928e-01	9.833785e-04
8.125184e-01	9.861448e-04
8.125440e-01	9.895348e-04
8.125696e-01	9.919760e-04
8.125952e-01	9.947679e-04
8.126208e-01	9.963592e-04
8.126464e-01	9.988635e-04
8.126720e-01	1.000073e-03
8.126976e-01	1.001716e-03
8.127232e-01	1.002765e-03
8.127488e-01	1.003818e-03
8.127744e-01	1.004224e-03
8.128000e-01	1.005206e-03
8.128256e-01	1.004884e-03
8.128512e-01	1.005308e-03
8.128768e-01	1.003915e-03
8.129024e-01	1.004457e-03
8.129280e-01	1.003128e-03
8.129536e-01	1.002522e-03
8.129792e-01	1.001096e-03
8.130048e-01	9.992078e-04
8.130304e-01	9.970942e-04
8.130560e-01	9.954008e-04
8.130816e-01	9.934969e-04
8.131072e-01	9.911240e-04
8.131328e-01	9.878207e-04
8.131584e-01	9.851530e-04
8.131840e-01	9.812248e-04
8.132096e-01	9.783504e-04
8.132352e-01	9.742815e-04
8.132608e-01	9.707278e-04
8.132864e-01	9.659614e-04
8.133120e-01	9.621521e-04
8.133376e-01	9.569097e-04
8.133632e-01	9.522968e-04
8.133888e-01	9.464227e-04
8.134144e-01	9.415240e-04
8.134400e-01	9.354510e-04
8.134656e-01	9.299660e-04
8.134912e-01	9.234046e-04
8.135168e-01	9.170911e-04
8.135424e-01	9.103664e-04
8.135680e-01	9.036416e-04
8.135936e-01	8.955385e-04
8.136192e-01	8.892354e-04
8.136448e-01	8.812143e-04
8.136704e-01	8.739173e-04
8.136960e-01	8.654739e-04
8.137216e-01	8.574364e-04
8.137472e-01	8.486045e-04
8.137728e-01	8.400916e-04
8.137984e-01	8.307221e-04
8.138240e-01	8.219988e-04
8.138496e-01	8.122585e-04
8.138752e-01	8.029274e-04
8.139008e-01	7.929035e-04
8.139264e-01	7.832260e-04
8.139520e-01	7.728878e-04
8.139776e-01	7.628267e-04
8.140032e-01	7.514514e-04
8.140288e-01	7.410861e-04
8.140544e-01	7.298120e-04
8.140800e-01	7.194499e-04
8.141056e-01	7.070820e-04
8.141312e-01	6.957803e-04
8.141568e-01	6.837180e-04
8.141824e-01	6.721386e-04
8.142080e-01	6.599270e-04
8.142336e-01	6.474551e-04
8.142592e-01	6.342985e-04
8.142848e-01	6.227117e-04
8.143104e-01	6.089826e-04
8.143360e-01	5.962654e-04
8.143616e-01	5.828911e-04
8.143872e-01	5.702416e-04
8.144128e-01	5.560814e-04
8.144384e-01	5.428354e-04
8.144640e-01	5.288909e-04
8.144896e-01	5.146667e-04
8.145152e-01	5.007063e-04
8.145408e-01	4.868498e-04
8.145664e-01	4.716951e-04
8.145920e-01	4.582640e-04
8.146176e-01	4.427135e-04
8.146432e-01	4.284189e-04
8.146688e-01	4.130273e-04
8.146944e-01	3.984789e-04
8.147200e-01	3.830438e-04
8.147456e-01	3.683404e-04
8.147712e-01	3.527376e-04
8.147968e-01	3.371959e-04
8.148224e-01	3.214304e-04
8.148480e-01	3.065177e-04
8.148736e-01	2.901949e-04
8.148992e-01	2.747460e-04
8.149248e-01	2.582574e-04
8.149504e-01	2.425749e-04
8.149760e-01	2.260640e-04
8.150016e-01	2.104159e-04
8.150272e-01	1.938915e-04
8.150528e-01	1.783918e-04
8.150784e-01	1.614164e-04
8.151040e-01	1.457825e-04
8.151296e-01	1.286025e-04
8.151552e-01	1.122588e-04
8.151808e-01	9.598704e-05
8.152064e-01	7.933409e-05
8.152320e-01	6.229429e-05
8.152576e-01	4.655477e-05
8.152832e-01	2.918544e-05
8.153088e-01	1.313688e-05
8.153344e-01	-3.699186e-06
8.153600e-01	-2.034105e-05
8.153856e-01	-3.723552e-05
8.154112e-01	-5.322268e-05
8.154368e-01	-7.075009e-05
8.154624e-01	-8.682627e-05
8.154880e-01	-1.040002e-04
8.155136e-01	-1.204598e-04
8.155392e-01	-1.372940e-04
8.155648e-01	-1.533823e-04
8.155904e-01	-1.708826e-04
8.156160e-01	-1.862480e-04
8.156416e-01	-2.030463e-04
8.156672e-01	-2.194773e-04
8.156928e-01	-2.363662e-04
8.157184e-01	-2.520407e-04
8.157440e-01	-2.686321e-04
8.157696e-01	-2.844410e-04
8.157952e-01	-3.009207e-04
8.158208e-01	-3.165588e-04
8.158464e-01	-3.329923e-04
8.158720e-01	-3.489143e-04
8.158976e-01	-3.646723e-04
8.159232e-01	-3.800956e-04
8.159488e-01	-3.967174e-04
8.159744e-01	-4.110701e-04
8.160000e-01	-4.271461e-04
8.160256e-01	-4.420070e-04
8.160512e-01	-4.574360e-04
8.160768e-01	-4.724447e-04
8.161024e-01	-4.880974e-04
8.161280e-01	-5.015944e-04
8.161536e-01	-5.172324e-04
8.161792e-01	-5.312848e-04
8.162048e-01	-5.460079e-04
8.162304e-01	-5.606235e-04
8.162560e-01	-5.746349e-04
8.162816e-01	-5.883207e-04
8.163072e-01	-6.023719e-04
8.163328e-01	-6.155547e-04
8.163584e-01	-6.296292e-04
8.163840e-01	-6.425990e-04
8.164096e-01	-6.562347e-04
8.164352e-01	-6.687608e-04
8.164608e-01	-6.826189e-04
8.164864e-01	-6.942530e-04
8.165120e-01	-7.076577e-04
8.165376e-01	-7.189605e-04
8.165632e-01	-7.313747e-04
8.165888e-01	-7.433876e-04
8.166144e-01	-7.550915e-04
8.166400e-01	-7.660498e-04
8.166656e-01	-7.781533e-04
8.166912e-01	-7.891819e-04
8.167168e-01	-7.999968e-04
8.167424e-01	-8.105026e-04
8.167680e-01	-8.213861e-04
8.167936e-01	-8.308262e-04
8.168192e-01	-8.417806e-04
8.168448e-01	-8.506149e-04
8.168704e-01	-8.612101e-04
8.168960e-01	-8.699687e-04
8.169216e-01	-8.790790e-04
8.169472e-01	-8.872168e-04
8.169728e-01	-8.963051e-04
8.169984e-01	-9.044772e-04
8.170240e-01	-9.128870e-04
8.170496e-01	-9.204502e-04
8.170752e-01	-9.285363e-04
8.171008e-01	-9.354388e-04
8.171264e-01	-9.430785e-04
8.171520e-01	-9.495202e-04
8.171776e-01	-9.564600e-04
8.172032e-01	-9.622112e-04
8.172288e-01	-9.689535e-04
8.172544e-01	-9.738432e-04
8.172800e-01	-9.798603e-04
8.173056e-01	-9.846651e-04
8.173312e-01	-9.903848e-04
8.173568e-01	-9.943902e-04
8.173824e-01	-9.992047e-04
8.174080e-01	-1.003369e-03
8.174336e-01	-1.007222e-03
8.174592e-01	-1.010409e-03
8.174848e-01	-1.014065e-03
8.175104e-01	-1.016618e-03
8.175360e-01	-1.020927e-03
8.175616e-01	-1.022203e-03
8.175872e-01	-1.024911e-03
8.176128e-01	-1.026793e-03
8.176384e-01	-1.028356e-03
8.176640e-01	-1.029669e-03
8.176896e-01	-1.031214e-03
8.177152e-01	-1.031188e-03
8.177408e-01	-1.032349e-03
8.177664e-01	-1.031768e-03
8.177920e-01	-1.032512e-03
8.178176e-01	-1.031633e-03
8.178432e-01	-1.031399e-03
8.178688e-01	-1.029807e-03
8.178944e-01	-1.029426e-03
8.179200e-01	-1.027644e-03
8.179456e-01	-1.026466e-03
8.179712e-01	-1.024196e-03
8.179968e-01	-1.022164e-03
8.180224e-01	-1.019501e-03
8.180480e-01	-1.017386e-03
8.180736e-01	-1.013197e-03
8.180992e-01	-1.010484e-03
8.181248e-01	-1.007157e-03
8.181504e-01	-1.003089e-03
8.181760e-01	-9.985405e-04
8.182016e-01	-9.948921e-04
8.182272e-01	-9.890719e-04
8.182528e-01	-9.852897e-04
8.182784e-01	-9.792305e-04
8.183040e-01	-9.745919e-04
8.183296e-01	-9.689503e-04
8.183552e-01	-9.629753e-04
8.183808e-01	-9.563088e-04
8.184064e-01	-9.504464e-04
8.184320e-01	-9.434129e-04
8.184576e-01	-9.371137e-04
8.184832e-01	-9.294819e-04
8.185088e-01	-9.227144e-04
8.185344e-01	-9.139366e-04
8.185600e-01	-9.069403e-04
8.185856e-01	-8.981695e-04
8.186112e-01	-8.900175e-04
8.186368e-01	-8.812409e-04
8.186624e-01	-8.731417e-04
8.186880e-01	-8.634828e-04
8.187136e-01	-8.545817e-04
8.187392e-01	-8.449791e-04
8.187648e-01	-8.352528e-04
8.187904e-01	-8.247437e-04
8.188160e-01	-8.156200e-04
8.188416e-01	-8.047706e-04
8.188672e-01	-7.949635e-04
8.188928e-01	-7.830648e-04
8.189184e-01	-7.730936e-04
8.189440e-01	-7.617296e-04
8.189696e-01	-7.504286e-04
8.189952e-01	-7.386727e-04
8.190208e-01	-7.274460e-04
8.190464e-01	-7.146730e-04
8.190720e-01	-7.035799e-04
8.190976e-01	-6.908517e-04
8.191232e-01	-6.787300e-04
8.191488e-01	-6.657490e-04
8.191744e-01	-6.535728e-04
8.192000e-01	-6.400056e-04
8.192256e-01	-6.277968e-04
8.192512e-01	-6.140835e-04
8.192768e-01	-6.013033e-04
8.193024e-01	-5.870909e-04
8.193280e-01	-5.736168e-04
8.193536e-01	-5.599366e-04
8.193792e-01	-5.463160e-04
8.194048e-01	-5.312892e-04
8.194304e-01	-5.181039e-04
8.194560e-01	-5.031575e-04
8.194816e-01	-4.893627e-04
8.195072e-01	-4.742814e-04
8.195328e-01	-4.598876e-04
8.195584e-01	-4.446578e-04
8.195840e-01	-4.308173e-04
8.196096e-01	-4.147181e-04
8.196352e-01	-4.005138e-04
8.196608e-01	-3.847216e-04
8.196864e-01	-3.695705e-04
8.197120e-01	-3.545225e-04
8.197376e-01	-3.389789e-04
8.197632e-01	-3.227782e-04
8.197888e-01	-3.085062e-04
8.198144e-01	-2.920209e-04
8.198400e-01	-2.765868e-04
8.198656e-01	-2.606647e-04
8.198912e-01	-2.454832e-04
8.199168e-01	-2.286697e-04
8.199424e-01	-2.134674e-04
8.199680e-01	-1.968211e-04
8.199936e-01	-1.815543e-04
8.200192e-01	-1.646892e-04
8.200448e-01	-1.496308e-04
8.200704e-01	-1.325356e-04
8.200960e-01	-1.168776e-04
8.201216e-01	-1.008578e-04
8.201472e-01	-8.462834e-05
8.201728e-01	-6.781043e-05
8.201984e-01	-5.235132e-05
8.202240e-01	-3.546392e-05
8.202496e-01	-1.994471e-05
8.202752e-01	-3.136925e-06
8.203008e-01	1.259841e-05
8.203264e-01	2.902820e-05
8.203520e-01	4.455445e-05
8.203776e-01	6.116627e-05
8.204032e-01	7.662967e-05
8.204288e-01	9.367291e-05
8.204544e-01	1.088046e-04
8.204800e-01	1.253050e-04
8.205056e-01	1.410257e-04
8.205312e-01	1.576286e-04
8.205568e-01	1.730619e-04
8.205824e-01	1.893915e-04
8.206080e-01	2.041391e-04
8.206336e-01	2.209765e-04
8.206592e-01	2.356758e-04
8.206848e-01	2.519948e-04
8.207104e-01	2.671198e-04
8.207360e-01	2.823295e-04
8.207616e-01	2.977442e-04
8.207872e-01	3.133528e-04
8.208128e-01	3.279589e-04
8.208384e-01	3.439524e-04
8.208640e-01	3.578650e-04
8.208896e-01	3.738862e-04
8.209152e-01	3.879899e-04
8.209408e-01	4.031835e-04
8.209664e-01	4.168909e-04
8.209920e-01	4.319360e-04
8.210176e-01	4.461016e-04
8.210432e-01	4.606472e-04
8.210688e-01	4.743195e-04
8.210944e-01	4.889268e-04
8.211200e-01	5.021798e-04
8.211456e-01	5.167748e-04
8.211712e-01	5.295118e-04
8.211968e-01	5.439275e-04
8.212224e-01	5.564418e-04
8.212480e-01	5.705181e-04
8.212736e-01	5.827086e-04
8.212992e-01	5.959259e-04
8.213248e-01	6.084437e-04
8.213504e-01	6.214177e-04
8.213760e-01	6.334409e-04
8.214016e-01	6.462664e-04
8.214272e-01	6.578071e-04
8.214528e-01	6.708127e-04
8.214784e-01	6.814459e-04
8.215040e-01	6.938074e-04
8.215296e-01	7.044584e-04
8.215552e-01	7.160502e-04
8.215808e-01	7.273135e-04
8.216064e-01	7.383250e-04
8.216320e-01	7.484283e-04
8.216576e-01	7.597277e-04
8.216832e-01	7.693066e-04
8.217088e-01	7.802008e-04
8.217344e-01	7.893998e-04
8.217600e-01	8.003658e-04
8.217856e-01	8.087984e-04
8.218112e-01	8.189688e-04
8.218368e-01	8.273721e-04
8.218624e-01	8.367359e-04
8.218880e-01	8.449551e-04
8.219136e-01	8.541186e-04
8.219392e-01	8.619056e-04
8.219648e-01	8.701434e-04
8.219904e-01	8.770262e-04
8.220160e-01	8.857343e-04
8.220416e-01	8.926523e-04
8.220672e-01	9.001790e-04
8.220928e-01	9.066401e-04
8.221184e-01	9.139270e-04
8.221440e-01	9.202112e-04
8.221696e-01	9.265847e-04
8.221952e-01	9.317902e-04
8.222208e-01	9.386676e-04
8.222464e-01	9.429712e-04
8.222720e-01	9.498087e-04
8.222976e-01	9.539686e-04
8.223232e-01	9.593138e-04
8.223488e-01	9.631001e-04
8.223744e-01	9.681525e-04
8.224000e-01	9.720992e-04
8.224256e-01	9.765875e-04
8.224512e-01	9.793800e-04
8.224768e-01	9.828813e-04
8.225024e-01	9.860151e-04
8.225280e-01	9.895951e-04
8.225536e-01	9.915455e-04
8.225792e-01	9.947392e-04
8.226048e-01	9.959157e-04
8.226304e-01	9.989330e-04
8.226560e-01	1.000136e-03
8.226816e-01	1.001970e-03
8.227072e-01	1.002188e-03
8.227328e-01	1.004063e-03
8.227584e-01	1.003811e-03
8.227840e-01	1.005268e-03
8.228096e-01	1.004815e-03
8.228352e-01	1.005198e-03
8.228608e-01	1.004332e-03
8.228864e-01	1.004462e-03
8.229120e-01	1.003455e-03
8.229376e-01	1.003006e-03
8.229632e-01	1.000839e-03
8.229888e-01	1.000158e-03
8.230144e-01	9.972287e-04
8.230400e-01	9.962742e-04
8.230656e-01	9.933403e-04
8.230912e-01	9.911419e-04
8.231168e-01	9.881827e-04
8.231424e-01	9.856301e-04
8.231680e-01	9.815737e-04
8.231936e-01	9.788638e-04
8.232192e-01	9.744176e-04
8.232448e-01	9.711033e-04
8.232704e-01	9.662728e-04
8.232960e-01	9.626920e-04
8.233216e-01	9.567566e-04
8.233472e-01	9.528099e-04
8.233728e-01	9.468121e-04
8.233984e-01	9.420443e-04
8.234240e-01	9.353663e-04
8.234496e-01	9.304646e-04
8.234752e-01	9.233369e-04
8.235008e-01	9.176439e-04
8.235264e-01	9.110197e-04
8.235520e-01	9.040859e-04
8.235776e-01	8.961352e-04
8.236032e-01	8.898041e-04
8.236288e-01	8.817291e-04
8.236544e-01	8.744072e-04
8.236800e-01	8.655097e-04
8.237056e-01	8.582790e-04
8.237312e-01	8.493346e-04
8.237568e-01	8.408729e-04
8.237824e-01	8.314349e-04
8.238080e-01	8.235178e-04
8.238336e-01	8.126596e-04
8.238592e-01	8.041491e-04
8.238848e-01	7.937467e-04
8.239104e-01	7.842274e-04
8.239360e-01	7.729123e-04
8.239616e-01	7.639184e-04
8.239872e-01	7.524881e-04
8.240128e-01	7.425323e-04
8.240384e-01	7.308875e-04
8.240640e-01	7.196095e-04
8.240896e-01	7.083395e-04
8.241152e-01	6.971728e-04
8.241408e-01	6.844485e-04
8.241664e-01	6.733635e-04
8.241920e-01	6.602116e-04
8.242176e-01	6.489801e-04
8.242432e-01	6.355371e-04
8.242688e-01	6.238187e-04
8.242944e-01	6.103688e-04
8.243200e-01	5.977320e-04
8.243456e-01	5.839675e-04
8.243712e-01	5.715774e-04
8.243968e-01	5.570643e-04
8.244224e-01	5.444551e-04
8.244480e-01	5.296284e-04
8.244736e-01	5.166645e-04
8.244992e-01	5.017727e-04
8.245248e-01	4.883157e-04
8.245504e-01	4.729478e-04
8.245760e-01	4.590726e-04
8.246016e-01	4.441360e-04
8.246272e-01	4.297803e-04
8.246528e-01	4.146564e-04
8.246784e-01	4.006397e-04
8.247040e-01	3.842440e-04
8.247296e-01	3.699585e-04
8.247552e-01	3.535984e-04
8.247808e-01	3.389033e-04
8.248064e-01	3.226721e-04
8.248320e-01	3.078151e-04
8.248576e-01	2.912015e-04
8.248832e-01	2.762800e-04
8.249088e-01	2.598132e-04
8.249344e-01	2.446627e-04
8.249600e-01	2.276620e-04
8.249856e-01	2.120859e-04
8.250112e-01	1.953506e-04
8.250368e-01	1.799631e-04
8.250624e-01	1.626286e-04
8.250880e-01	1.471386e-04
8.251136e-01	1.296449e-04
8.251392e-01	1.141966e-04
8.251648e-01	9.652931e-05
8.251904e-01	8.134334e-05
8.252160e-01	6.404115e-05
8.252416e-01	4.779867e-05
8.252672e-01	3.070144e-05
8.252928e-01	1.464436e-05
8.253184e-01	-2.361255e-06
8.253440e-01	-1.852689e-05
8.253696e-01	-3.632442e-05
8.253952e-01	-5.184581e-05
8.254208e-01	-6.959314e-05
8.254464e-01	-8.502228e-05
8.254720e-01	-1.023930e-04
8.254976e-01	-1.185298e-04
8.255232e-01	-1.359414e-04
8.255488e-01	-1.514412e-04
8.255744e-01	-1.690623e-04
8.256000e-01	-1.842799e-04
8.256256e-01	-2.017316e-04
8.256512e-01	-2.177210e-04
8.256768e-01	-2.347046e-04
8.257024e-01	-2.505101e-04
8.257280e-01	-2.672951e-04
8.257536e-01	-2.826809e-04
8.257792e-01	-2.997291e-04
8.258048e-01	-3.147432e-04
8.258304e-01	-3.316516e-04
8.258560e-01	-3.465595e-04
8.258816e-01	-3.636464e-04
8.259072e-01	-3.785616e-04
8.259328e-01	-3.951151e-04
8.259584e-01	-4.095417e-04
8.259840e-01	-4.258189e-04
8.260096e-01	-4.402554e-04
8.260352e-01	-4.566941e-04
8.260608e-01	-4.706153e-04
8.260864e-01	-4.862443e-04
8.261120e-01	-5.004294e-04
8.261376e-01	-5.157976e-04
8.261632e-01	-5.301139e-04
8.261888e-01	-5.449885e-04
8.262144e-01	-5.581719e-04
8.262400e-01	-5.739888e-04
8.262656e-01	-5.864548e-04
8.262912e-01	-6.013068e-04
8.263168e-01	-6.143681e-04
8.263424e-01	-6.286551e-04
8.263680e-01	-6.412434e-04
8.263936e-01	-6.550950e-04
8.264192e-01	-6.674983e-04
8.264448e-01	-6.812540e-04
8.264704e-01	-6.930614e-04
8.264960e-01	-7.065642e-04
8.265216e-01	-7.176939e-04
8.265472e-01	-7.312873e-04
8.265728e-01	-7.420309e-04
8.265984e-01	-7.540112e-04
8.266240e-01	-7.649263e-04
8.266496e-01	-7.773605e-04
8.266752e-01	-7.874611e-04
8.267008e-01	-7.994201e-04
8.267264e-01	-8.089716e-04
8.267520e-01	-8.204074e-04
8.267776e-01	-8.295552e-04
8.268032e-01	-8.405803e-04
8.268288e-01	-8.497442e-04
8.268544e-01	-8.602848e-04
8.268800e-01	-8.687362e-04
8.269056e-01	-8.787972e-04
8.269312e-01	-8.864300e-04
8.269568e-01	-8.957229e-04
8.269824e-01	-9.035732e-04
8.270080e-01	-9.122691e-04
8.270336e-01	-9.192167e-04
8.270592e-01	-9.282753e-04
8.270848e-01	-9.339373e-04
8.271104e-01	-9.427328e-04
8.271360e-01	-9.487739e-04
8.271616e-01	-9.556981e-04
8.271872e-01	-9.613936e-04
8.272128e-01	-9.682867e-04
8.272384e-01	-9.729888e-04
8.272640e-01	-9.800821e-04
8.272896e-01	-9.840041e-04
8.273152e-01	-9.897123e-04
8.273408e-01	-9.937977e-04
8.273664e-01	-9.986884e-04
8.273920e-01	-1.002547e-03
8.274176e-01	-1.007338e-03
8.274432e-01	-1.009347e-03
8.274688e-01	-1.014464e-03
8.274944e-01	-1.016284e-03
8.275200e-01	-1.020095e-03
8.275456e-01	-1.021544e-03
8.275712e-01	-1.024729e-03
8.275968e-01	-1.025810e-03
8.276224e-01	-1.028437e-03
8.276480e-01	-1.028771e-03
8.276736e-01	-1.031107e-03
8.276992e-01	-1.030903e-03
8.277248e-01	-1.032519e-03
8.277504e-01	-1.032101e-03
8.277760e-01	-1.032792e-03
8.278016e-01	-1.031296e-03
8.278272e-01	-1.032256e-03
8.278528e-01	-1.030430e-03
8.278784e-01	-1.029869e-03
8.279040e-01	-1.027392e-03
8.279296e-01	-1.026920e-03
8.279552e-01	-1.023877e-03
8.279808e-01	-1.022824e-03
8.280064e-01	-1.020020e-03
8.280320e-01	-1.017877e-03
8.280576e-01	-1.013457e-03
8.280832e-01	-1.012124e-03
8.281088e-01	-1.006320e-03
8.281344e-01	-1.004319e-03
8.281600e-01	-9.993690e-04
8.281856e-01	-9.955363e-04
8.282112e-01	-9.903372e-04
8.282368e-01	-9.858927e-04
8.282624e-01	-9.802284e-04
8.282880e-01	-9.754859e-04
8.283136e-01	-9.688212e-04
8.283392e-01	-9.643166e-04
8.283648e-01	-9.566196e-04
8.283904e-01	-9.515974e-04
8.284160e-01	-9.435065e-04
8.284416e-01	-9.378485e-04
8.284672e-01	-9.297188e-04
8.284928e-01	-9.232790e-04
8.285184e-01	-9.145874e-04
8.285440e-01	-9.081885e-04
8.285696e-01	-8.988444e-04
8.285952e-01	-8.914961e-04
8.286208e-01	-8.817640e-04
8.286464e-01	-8.742220e-04
8.286720e-01	-8.642575e-04
8.286976e-01	-8.558012e-04
8.287232e-01	-8.454986e-04
8.287488e-01	-8.367481e-04
8.287744e-01	-8.257802e-04
8.288000e-01	-8.167510e-04
8.288256e-01	-8.053101e-04
8.288512e-01	-7.962084e-04
8.288768e-01	-7.841954e-04
8.289024e-01	-7.749561e-04
8.289280e-01	-7.618268e-04
8.289536e-01	-7.517113e-04
8.289792e-01	-7.395708e-04
8.290048e-01	-7.288621e-04
8.290304e-01	-7.158208e-04
8.290560e-01	-7.048824e-04
8.290816e-01	-6.916741e-04
8.291072e-01	-6.804473e-04
8.291328e-01	-6.666416e-04
8.291584e-01	-6.555725e-04
8.291840e-01	-6.413583e-04
8.292096e-01	-6.291391e-04
8.292352e-01	-6.151523e-04
8.292608e-01	-6.027378e-04
8.292864e-01	-5.879283e-04
8.293120e-01	-5.755746e-04
8.293376e-01	-5.606520e-04
8.293632e-01	-5.477279e-04
8.293888e-01	-5.326068e-04
8.294144e-01	-5.198884e-04
8.294400e-01	-5.042252e-04
8.294656e-01	-4.913713e-04
8.294912e-01	-4.750964e-04
8.295168e-01	-4.620187e-04
8.295424e-01	-4.458345e-04
8.295680e-01	-4.322211e-04
8.295936e-01	-4.159221e-04
8.296192e-01	-4.022036e-04
8.296448e-01	-3.861881e-04
8.296704e-01	-3.715960e-04
8.296960e-01	-3.552767e-04
8.297216e-01	-3.409348e-04
8.297472e-01	-3.241448e-04
8.297728e-01	-3.099780e-04
8.297984e-01	-2.929905e-04
8.298240e-01	-2.786967e-04
8.298496e-01	-2.615530e-04
8.298752e-01	-2.471568e-04
8.299008e-01	-2.301278e-04
8.299264e-01	-2.152226e-04
8.299520e-01	-1.981797e-04
8.299776e-01	-1.833609e-04
8.300032e-01	-1.654298e-04
8.300288e-01	-1.512560e-04
8.300544e-01	-1.337962e-04
8.300800e-01	-1.189466e-04
8.301056e-01	-1.015277e-04
8.301312e-01	-8.679114e-05
8.301568e-01	-6.918390e-05
8.301824e-01	-5.439560e-05
8.302080e-01	-3.672586e-05
8.302336e-01	-2.174410e-05
8.302592e-01	-4.480907e-06
8.302848e-01	1.055038e-05
8.303104e-01	2.796460e-05
8.303360e-01	4.258837e-05
8.303616e-01	6.025302e-05
8.303872e-01	7.496330e-05
8.304128e-01	9.237955e-05
8.304384e-01	1.071211e-04
8.304640e-01	1.245753e-04
8.304896e-01	1.390220e-04
8.305152e-01	1.560728e-04
8.305408e-01	1.711881e-04
8.305664e-01	1.881792e-04
8.305920e-01	2.019562e-04
8.306176e-01	2.195102e-04
8.306432e-01	2.338728e-04
8.306688e-01	2.507394e-04
8.306944e-01	2.650315e-04
8.307200e-01	2.820197e-04
8.307456e-01	2.956218e-04
8.307712e-01	3.126209e-04
8.307968e-01	3.260859e-04
8.308224e-01	3.426925e-04
8.308480e-01	3.562831e-04
8.308736e-01	3.723884e-04
8.308992e-01	3.858152e-04
8.309248e-01	4.021972e-04
8.309504e-01	4.154901e-04
8.309760e-01	4.313362e-04
8.310016e-01	4.445006e-04
8.310272e-01	4.602000e-04
8.310528e-01	4.727586e-04
8.310784e-01	4.881759e-04
8.311040e-01	5.002986e-04
8.311296e-01	5.158657e-04
8.311552e-01	5.277555e-04
8.311808e-01	5.429171e-04
8.312064e-01	5.548385e-04
8.312320e-01	5.693758e-04
8.312576e-01	5.810919e-04
8.312832e-01	5.959278e-04
8.313088e-01	6.072399e-04
8.313344e-01	6.211724e-04
8.313600e-01	6.321096e-04
8.313856e-01	6.457536e-04
8.314112e-01	6.561517e-04
8.314368e-01	6.700917e-04
8.314624e-01	6.802676e-04
8.314880e-01	6.933557e-04
8.315136e-01	7.032532e-04
8.315392e-01	7.164284e-04
8.315648e-01	7.255425e-04
8.315904e-01	7.382382e-04
8.316160e-01	7.475445e-04
8.316416e-01	7.591657e-04
8.316672e-01	7.684312e-04
8.316928e-01	7.799644e-04
8.317184e-01	7.882062e-04
8.317440e-01	7.996117e-04
8.317696e-01	8.073601e-04
8.317952e-01	8.184864e-04
8.318208e-01	8.259702e-04
8.318464e-01	8.365675e-04
8.318720e-01	8.434929e-04
8.318976e-01	8.538979e-04
8.319232e-01	8.602664e-04
8.319488e-01	8.705396e-04
8.319744e-01	8.763422e-04
8.320000e-01	8.857542e-04
8.320256e-01	8.915061e-04
8.320512e-01	9.003536e-04
8.320768e-01	9.057115e-04
8.321024e-01	9.136160e-04
8.321280e-01	9.190243e-04
8.321536e-01	9.268090e-04
8.321792e-01	9.310808e-04
8.322048e-01	9.389604e-04
8.322304e-01	9.421249e-04
8.322560e-01	9.495409e-04
8.322816e-01	9.530543e-04
8.323072e-01	9.596838e-04
8.323328e-01	9.623490e-04
8.323584e-01	9.686478e-04
8.323840e-01	9.705822e-04
8.324096e-01	9.766935e-04
8.324352e-01	9.784822e-04
8.324608e-01	9.833141e-04
8.324864e-01	9.851613e-04
8.325120e-01	9.900106e-04
8.325376e-01	9.906387e-04
8.325632e-01	9.948352e-04
8.325888e-01	9.953544e-04
8.326144e-01	9.990676e-04
8.326400e-01	9.991305e-04
8.326656e-01	1.002407e-03
8.326912e-01	1.001354e-03
8.327168e-01	1.004555e-03
8.327424e-01	1.003418e-03
8.327680e-01	1.005758e-03
8.327936e-01	1.004025e-03
8.328192e-01	1.006232e-03
8.328448e-01	1.003899e-03
8.328704e-01	1.004927e-03
8.328960e-01	1.002398e-03
8.329216e-01	1.003888e-03
8.329472e-01	1.000493e-03
8.329728e-01	1.001007e-03
8.329984e-01	9.972082e-04
8.330240e-01	9.968022e-04
8.330496e-01	9.926929e-04
8.330752e-01	9.925811e-04
8.331008e-01	9.874414e-04
8.331264e-01	9.868826e-04
8.331520e-01	9.814743e-04
8.331776e-01	9.799903e-04
8.332032e-01	9.743269e-04
8.332288e-01	9.722387e-04
8.332544e-01	9.661597e-04
8.332800e-01	9.639571e-04
8.333056e-01	9.569989e-04
8.333312e-01	9.536958e-04
8.333568e-01	9.465731e-04
8.333824e-01	9.435132e-04
8.334080e-01	9.353812e-04
8.334336e-01	9.322585e-04
8.334592e-01	9.237453e-04
8.334848e-01	9.190527e-04
8.335104e-01	9.106802e-04
8.335360e-01	9.062335e-04
8.335616e-01	8.964792e-04
8.335872e-01	8.916935e-04
8.336128e-01	8.819071e-04
8.336384e-01	8.754696e-04
8.336640e-01	8.656120e-04
8.336896e-01	8.603671e-04
8.337152e-01	8.491461e-04
8.337408e-01	8.425494e-04
8.337664e-01	8.312172e-04
8.337920e-01	8.248326e-04
8.338176e-01	8.129848e-04
8.338432e-01	8.057145e-04
8.338688e-01	7.939148e-04
8.338944e-01	7.860803e-04
8.339200e-01	7.735529e-04
8.339456e-01	7.659795e-04
8.339712e-01	7.524049e-04
8.339968e-01	7.440545e-04
8.340224e-01	7.309606e-04
8.340480e-01	7.219851e-04
8.340736e-01	7.086646e-04
8.340992e-01	6.991284e-04
8.341248e-01	6.848210e-04
8.341504e-01	6.758266e-04
8.341760e-01	6.606527e-04
8.342016e-01	6.509852e-04
8.342272e-01	6.360348e-04
8.342528e-01	6.260831e-04
8.342784e-01	6.099314e-04
8.343040e-01	6.001191e-04
8.343296e-01	5.842787e-04
8.343552e-01	5.736171e-04
8.343808e-01	5.578884e-04
8.344064e-01	5.465302e-04
8.344320e-01	5.302947e-04
8.344576e-01	5.187626e-04
8.344832e-01	5.021002e-04
8.345088e-01	4.904292e-04
8.345344e-01	4.733114e-04
8.345600e-01	4.619273e-04
8.345856e-01	4.443647e-04
8.346112e-01	4.322172e-04
8.346368e-01	4.143621e-04
8.346624e-01	4.025624e-04
8.346880e-01	3.844206e-04
8.347136e-01	3.720473e-04
8.347392e-01	3.539800e-04
8.347648e-01	3.412265e-04
8.347904e-01	3.229691e-04
8.348160e-01	3.102820e-04
8.348416e-01	2.913795e-04
8.348672e-01	2.787727e-04
8.348928e-01	2.598807e-04
8.349184e-01	2.470911e-04
8.349440e-01	2.277134e-04
8.349696e-01	2.148799e-04
8.349952e-01	1.957878e-04
8.350208e-01	1.822178e-04
8.350464e-01	1.627946e-04
8.350720e-01	1.498598e-04
8.350976e-01	1.300765e-04
8.351232e-01	1.170138e-04
8.351488e-01	9.714526e-05
8.351744e-01	8.411807e-05
8.352000e-01	6.438444e-05
8.352256e-01	5.031723e-05
8.352512e-01	3.082641e-05
8.352768e-01	1.774467e-05
8.353024e-01	-2.486901e-06
8.353280e-01	-1.546321e-05
8.353536e-01	-3.604018e-05
8.353792e-01	-4.915260e-05
8.354048e-01	-6.920458e-05
8.354304e-01	-8.242136e-05
8.354560e-01	-1.022944e-04
8.354816e-01	-1.153263e-04
8.355072e-01	-1.354951e-04
8.355328e-01	-1.486576e-04
8.355584e-01	-1.690315e-04
8.355840e-01	-1.817056e-04
8.356096e-01	-2.017119e-04
8.356352e-01	-2.147021e-04
8.356608e-01	-2.347519e-04
8.356864e-01	-2.472549e-04
8.357120e-01	-2.673443e-04
8.357376e-01	-2.797428e-04
8.357632e-01	-3.000288e-04
8.357888e-01	-3.119927e-04
8.358144e-01	-3.320562e-04
8.358400e-01	-3.435351e-04
8.358656e-01	-3.637446e-04
8.358912e-01	-3.756140e-04
8.359168e-01	-3.950572e-04
8.359424e-01	-4.063137e-04
8.359680e-01	-4.262765e-04
8.359936e-01	-4.373097e-04
8.360192e-01	-4.565638e-04
8.360448e-01	-4.674499e-04
8.360704e-01	-4.866581e-04
8.360960e-01	-4.976749e-04
8.361216e-01	-5.165639e-04
8.361472e-01	-5.265300e-04
8.361728e-01	-5.456956e-04
8.361984e-01	-5.552611e-04
8.362240e-01	-5.737686e-04
8.362496e-01	-5.833606e-04
8.362752e-01	-6.021840e-04
8.363008e-01	-6.110640e-04
8.363264e-01	-6.294545e-04
8.363520e-01	-6.381034e-04
8.363776e-01	-6.561494e-04
8.364032e-01	-6.641499e-04
8.364288e-01	-6.819919e-04
8.364544e-01	-6.896601e-04
8.364800e-01	-7.075307e-04
8.365056e-01	-7.143838e-04
8.365312e-01	-7.320490e-04
8.365568e-01	-7.388325e-04
8.365824e-01	-7.554192e-04
8.366080e-01	-7.617460e-04
8.366336e-01	-7.785396e-04
8.366592e-01	-7.839181e-04
8.366848e-01	-8.007661e-04
8.367104e-01	-8.056618e-04
8.367360e-01	-8.218742e-04
8.367616e-01	-8.264465e-04
8.367872e-01	-8.419068e-04
8.368128e-01	-8.462130e-04
8.368384e-01	-8.616403e-04
8.368640e-01	-8.650930e-04
8.368896e-01	-8.804120e-04
8.369152e-01	-8.824432e-04
8.369408e-01	-8.978251e-04
8.369664e-01	-8.997485e-04
8.369920e-01	-9.150533e-04
8.370176e-01	-9.160862e-04
8.370432e-01	-9.297005e-04
8.370688e-01	-9.307037e-04
8.370944e-01	-9.449148e-04
8.371200e-01	-9.448249e-04
8.371456e-01	-9.583378e-04
8.371712e-01	-9.574977e-04
8.371968e-01	-9.709240e-04
8.372224e-01	-9.693775e-04
8.372480e-01	-9.824972e-04
8.372736e-01	-9.798477e-04
8.372992e-01	-9.925975e-04
8.373248e-01	-9.892351e-04
8.373504e-01	-1.001969e-03
8.373760e-01	-9.979515e-04
8.374016e-01	-1.010537e-03
8.374272e-01	-1.005650e-03
8.374528e-01	-1.017787e-03
8.374784e-01	-1.011654e-03
8.375040e-01	-1.023649e-03
8.375296e-01	-1.017470e-03
8.375552e-01	-1.028801e-03
8.375808e-01	-1.021290e-03
8.376064e-01	-1.032591e-03
8.376320e-01	-1.024458e-03
8.376576e-01	-1.035711e-03
8.376832e-01	-1.025776e-03
8.377088e-01	-1.037276e-03
8.377344e-01	-1.026746e-03
8.377600e-01	-1.038161e-03
8.377856e-01	-1.026187e-03
8.378112e-01	-1.037655e-03
8.378368e-01	-1.024630e-03
8.378624e-01	-1.035567e-03
8.378880e-01	-1.021841e-03
8.379136e-01	-1.032982e-03
8.379392e-01	-1.018393e-03
8.379648e-01	-1.029451e-03
8.379904e-01	-1.012814e-03
8.380160e-01	-1.024540e-03
8.380416e-01	-1.006770e-03
8.380672e-01	-1.019258e-03
8.380928e-01	-9.995507e-04
8.381184e-01	-1.012683e-03
8.381440e-01	-9.908340e-04
8.381696e-01	-1.005246e-03
8.381952e-01	-9.804048e-04
8.382208e-01	-9.975982e-04
8.382464e-01	-9.686509e-04
8.382720e-01	-9.890606e-04
8.382976e-01	-9.556963e-04
8.383232e-01	-9.791295e-04
8.383488e-01	-9.425353e-04
8.383744e-01	-9.671419e-04
8.384000e-01	-9.292198e-04
8.384256e-01	-9.521419e-04
8.384512e-01	-9.182430e-04
8.384768e-01	-9.339431e-04
8.385024e-01	-9.082125e-04
8.385280e-01	-9.124912e-04
8.385536e-01	-8.990282e-04
8.385792e-01	-8.903240e-04
8.386048e-01	-8.858728e-04
8.386304e-01	-8.718240e-04
8.386560e-01	-8.656103e-04
8.386816e-01	-8.631281e-04
8.387072e-01	-8.249762e-04
8.387328e-01	-8.987203e-04
8.387584e-01	5.109212e-04
8.387840e-01	7.055559e-04
8.388096e-01	9.200521e-04
8.388352e-01	-9.647759e-04
