0.000000e+00	-1.386446e-03
2.560000e-05	-1.189430e-03
5.120000e-05	-1.266966e-03
7.680000e-05	-1.168024e-03
1.024000e-04	-1.212115e-03
1.280000e-04	-1.127861e-03
1.536000e-04	-1.167673e-03
1.792000e-04	-1.086740e-03
2.048000e-04	-1.125225e-03
2.304000e-04	-1.046775e-03
2.560000e-04	-1.081882e-03
2.816000e-04	-1.010020e-03
3.072000e-04	-1.037735e-03
3.328000e-04	-9.738247e-04
3.584000e-04	-9.939338e-04
3.840000e-04	-9.381303e-04
4.096000e-04	-9.509838e-04
4.352000e-04	-9.018750e-04
4.608000e-04	-9.092611e-04
4.864000e-04	-8.649254e-04
5.120000e-04	-8.681591e-04
5.376000e-04	-8.272782e-04
5.632000e-04	-8.284195e-04
5.888000e-04	-7.893369e-04
6.144000e-04	-7.890081e-04
6.400000e-04	-7.510429e-04
6.656000e-04	-7.494721e-04
6.912000e-04	-7.124692e-04
7.168000e-04	-7.103183e-04
7.424000e-04	-6.741913e-04
7.680000e-04	-6.709536e-04
7.936000e-04	-6.356658e-04
8.192000e-04	-6.315863e-04
8.448000e-04	-5.977606e-04
8.704000e-04	-5.919602e-04
8.960000e-04	-5.593230e-04
9.216000e-04	-5.527624e-04
9.472000e-04	-5.210590e-04
9.728000e-04	-5.141481e-04
9.984000e-04	-4.821779e-04
1.024000e-03	-4.752695e-04
1.049600e-03	-4.439625e-04
1.075200e-03	-4.361552e-04
1.100800e-03	-4.061210e-04
1.126400e-03	-3.972886e-04
1.152000e-03	-3.675419e-04
1.177600e-03	-3.587079e-04
1.203200e-03	-3.294848e-04
1.228800e-03	-3.204575e-04
1.254400e-03	-2.909347e-04
1.280000e-03	-2.817758e-04
1.305600e-03	-2.533110e-04
1.331200e-03	-2.437899e-04
1.356800e-03	-2.153352e-04
1.382400e-03	-2.053773e-04
1.408000e-03	-1.781397e-04
1.433600e-03	-1.674851e-04
1.459200e-03	-1.406562e-04
1.484800e-03	-1.300213e-04
1.510400e-03	-1.032650e-04
1.536000e-03	-9.285899e-05
1.561600e-03	-6.641543e-05
1.587200e-03	-5.583440e-05
1.612800e-03	-3.001581e-05
1.638400e-03	-1.912614e-05
1.664000e-03	6.634467e-06
1.689600e-03	1.727649e-05
1.715200e-03	4.216264e-05
1.740800e-03	5.300477e-05
1.766400e-03	7.792255e-05
1.792000e-03	8.909994e-05
1.817600e-03	1.133211e-04
1.843200e-03	1.241707e-04
1.868800e-03	1.483235e-04
1.894400e-03	1.587591e-04
1.920000e-03	1.829085e-04
1.945600e-03	1.933330e-04
1.971200e-03	2.166098e-04
1.996800e-03	2.269811e-04
2.022400e-03	2.496610e-04
2.048000e-03	2.604748e-04
2.073600e-03	2.827481e-04
2.099200e-03	2.929736e-04
2.124800e-03	3.154269e-04
2.150400e-03	3.254943e-04
2.176000e-03	3.466104e-04
2.201600e-03	3.573803e-04
2.227200e-03	3.779973e-04
2.252800e-03	3.882430e-04
2.278400e-03	4.091062e-04
2.304000e-03	4.184429e-04
2.329600e-03	4.387154e-04
2.355200e-03	4.483831e-04
2.380800e-03	4.682993e-04
2.406400e-03	4.772597e-04
2.432000e-03	4.970258e-04
2.457600e-03	5.057266e-04
2.483200e-03	5.248486e-04
2.508800e-03	5.332103e-04
2.534400e-03	5.518131e-04
2.560000e-03	5.607368e-04
2.585600e-03	5.780253e-04
2.611200e-03	5.869415e-04
2.636800e-03	6.040029e-04
2.662400e-03	6.118295e-04
2.688000e-03	6.290590e-04
2.713600e-03	6.364250e-04
2.739200e-03	6.531418e-04
2.764800e-03	6.602772e-04
2.790400e-03	6.762748e-04
2.816000e-03	6.832984e-04
2.841600e-03	6.985837e-04
2.867200e-03	7.049199e-04
2.892800e-03	7.200861e-04
2.918400e-03	7.259852e-04
2.944000e-03	7.407460e-04
2.969600e-03	7.464719e-04
2.995200e-03	7.603118e-04
3.020800e-03	7.658149e-04
3.046400e-03	7.794481e-04
3.072000e-03	7.847098e-04
3.097600e-03	7.971434e-04
3.123200e-03	8.018230e-04
3.148800e-03	8.139188e-04
3.174400e-03	8.181848e-04
3.200000e-03	8.301768e-04
3.225600e-03	8.339278e-04
3.251200e-03	8.452023e-04
3.276800e-03	8.486130e-04
3.302400e-03	8.593870e-04
3.328000e-03	8.622051e-04
3.353600e-03	8.721539e-04
3.379200e-03	8.747714e-04
3.404800e-03	8.845736e-04
3.430400e-03	8.864496e-04
3.456000e-03	8.954888e-04
3.481600e-03	8.974273e-04
3.507200e-03	9.057453e-04
3.532800e-03	9.068418e-04
3.558400e-03	9.149822e-04
3.584000e-03	9.151454e-04
3.609600e-03	9.226155e-04
3.635200e-03	9.229390e-04
3.660800e-03	9.301080e-04
3.686400e-03	9.300504e-04
3.712000e-03	9.358997e-04
3.737600e-03	9.356044e-04
3.763200e-03	9.413360e-04
3.788800e-03	9.396888e-04
3.814400e-03	9.451952e-04
3.840000e-03	9.435344e-04
3.865600e-03	9.481517e-04
3.891200e-03	9.461622e-04
3.916800e-03	9.503350e-04
3.942400e-03	9.477965e-04
3.968000e-03	9.512083e-04
3.993600e-03	9.485157e-04
4.019200e-03	9.513117e-04
4.044800e-03	9.477204e-04
4.070400e-03	9.501677e-04
4.096000e-03	9.466623e-04
4.121600e-03	9.483380e-04
4.147200e-03	9.437850e-04
4.172800e-03	9.451045e-04
4.198400e-03	9.400261e-04
4.224000e-03	9.407871e-04
4.249600e-03	9.356468e-04
4.275200e-03	9.359322e-04
4.300800e-03	9.295663e-04
4.326400e-03	9.305166e-04
4.352000e-03	9.232539e-04
4.377600e-03	9.226021e-04
4.403200e-03	9.164212e-04
4.428800e-03	9.140880e-04
4.454400e-03	9.077641e-04
4.480000e-03	9.057415e-04
4.505600e-03	8.977542e-04
4.531200e-03	8.953609e-04
4.556800e-03	8.874407e-04
4.582400e-03	8.842437e-04
4.608000e-03	8.754104e-04
4.633600e-03	8.723983e-04
4.659200e-03	8.629362e-04
4.684800e-03	8.593604e-04
4.710400e-03	8.498839e-04
4.736000e-03	8.452117e-04
4.761600e-03	8.353748e-04
4.787200e-03	8.300359e-04
4.812800e-03	8.198756e-04
4.838400e-03	8.146514e-04
4.864000e-03	8.036417e-04
4.889600e-03	7.977787e-04
4.915200e-03	7.863041e-04
4.940800e-03	7.799332e-04
4.966400e-03	7.681846e-04
4.992000e-03	7.616408e-04
5.017600e-03	7.495916e-04
5.043200e-03	7.423590e-04
5.068800e-03	7.297652e-04
5.094400e-03	7.222433e-04
5.120000e-03	7.095025e-04
5.145600e-03	7.008382e-04
5.171200e-03	6.881031e-04
5.196800e-03	6.792282e-04
5.222400e-03	6.652211e-04
5.248000e-03	6.563729e-04
5.273600e-03	6.424491e-04
5.299200e-03	6.333753e-04
5.324800e-03	6.187676e-04
5.350400e-03	6.089742e-04
5.376000e-03	5.943975e-04
5.401600e-03	5.840405e-04
5.427200e-03	5.690714e-04
5.452800e-03	5.586121e-04
5.478400e-03	5.431302e-04
5.504000e-03	5.325237e-04
5.529600e-03	5.171573e-04
5.555200e-03	5.055700e-04
5.580800e-03	4.896013e-04
5.606400e-03	4.781632e-04
5.632000e-03	4.621614e-04
5.657600e-03	4.500936e-04
5.683200e-03	4.336166e-04
5.708800e-03	4.215900e-04
5.734400e-03	4.048252e-04
5.760000e-03	3.925879e-04
5.785600e-03	3.755877e-04
5.811200e-03	3.629629e-04
5.836800e-03	3.459016e-04
5.862400e-03	3.330292e-04
5.888000e-03	3.155800e-04
5.913600e-03	3.024225e-04
5.939200e-03	2.850176e-04
5.964800e-03	2.713850e-04
5.990400e-03	2.539329e-04
6.016000e-03	2.404251e-04
6.041600e-03	2.224521e-04
6.067200e-03	2.089430e-04
6.092800e-03	1.905379e-04
6.118400e-03	1.770662e-04
6.144000e-03	1.586366e-04
6.169600e-03	1.447929e-04
6.195200e-03	1.266403e-04
6.220800e-03	1.120394e-04
6.246400e-03	9.428093e-05
6.272000e-03	7.945489e-05
6.297600e-03	6.121282e-05
6.323200e-03	4.682361e-05
6.348800e-03	2.864461e-05
6.374400e-03	1.387810e-05
6.400000e-03	-4.102430e-06
6.425600e-03	-1.861394e-05
6.451200e-03	-3.770638e-05
6.476800e-03	-5.194588e-05
6.502400e-03	-7.035938e-05
6.528000e-03	-8.460902e-05
6.553600e-03	-1.035308e-04
6.579200e-03	-1.178774e-04
6.604800e-03	-1.362611e-04
6.630400e-03	-1.507686e-04
6.656000e-03	-1.692947e-04
6.681600e-03	-1.840314e-04
6.707200e-03	-2.017660e-04
6.732800e-03	-2.163682e-04
6.758400e-03	-2.345122e-04
6.784000e-03	-2.485531e-04
6.809600e-03	-2.669264e-04
6.835200e-03	-2.809219e-04
6.860800e-03	-2.988957e-04
6.886400e-03	-3.131198e-04
6.912000e-03	-3.306083e-04
6.937600e-03	-3.446638e-04
6.963200e-03	-3.625595e-04
6.988800e-03	-3.767455e-04
7.014400e-03	-3.936538e-04
7.040000e-03	-4.078232e-04
7.065600e-03	-4.250237e-04
7.091200e-03	-4.383021e-04
7.116800e-03	-4.553217e-04
7.142400e-03	-4.685882e-04
7.168000e-03	-4.855933e-04
7.193600e-03	-4.984635e-04
7.219200e-03	-5.154798e-04
7.244800e-03	-5.279979e-04
7.270400e-03	-5.446048e-04
7.296000e-03	-5.568826e-04
7.321600e-03	-5.723920e-04
7.347200e-03	-5.852333e-04
7.372800e-03	-6.003419e-04
7.398400e-03	-6.129486e-04
7.424000e-03	-6.281901e-04
7.449600e-03	-6.400205e-04
7.475200e-03	-6.548931e-04
7.500800e-03	-6.661329e-04
7.526400e-03	-6.810902e-04
7.552000e-03	-6.919758e-04
7.577600e-03	-7.062399e-04
7.603200e-03	-7.171644e-04
7.628800e-03	-7.309994e-04
7.654400e-03	-7.412790e-04
7.680000e-03	-7.551078e-04
7.705600e-03	-7.647810e-04
7.731200e-03	-7.781965e-04
7.756800e-03	-7.873055e-04
7.782400e-03	-8.004652e-04
7.808000e-03	-8.098991e-04
7.833600e-03	-8.216347e-04
7.859200e-03	-8.305685e-04
7.884800e-03	-8.419947e-04
7.910400e-03	-8.509329e-04
7.936000e-03	-8.617202e-04
7.961600e-03	-8.696339e-04
7.987200e-03	-8.806756e-04
8.012800e-03	-8.880150e-04
8.038400e-03	-8.987915e-04
8.064000e-03	-9.052316e-04
8.089600e-03	-9.157255e-04
8.115200e-03	-9.219649e-04
8.140800e-03	-9.307737e-04
8.166400e-03	-9.375550e-04
8.192000e-03	-9.459833e-04
8.217600e-03	-9.511012e-04
8.243200e-03	-9.600622e-04
8.268800e-03	-9.650012e-04
8.294400e-03	-9.723449e-04
8.320000e-03	-9.769958e-04
8.345600e-03	-9.839897e-04
8.371200e-03	-9.880546e-04
8.396800e-03	-9.952724e-04
8.422400e-03	-9.980492e-04
8.448000e-03	-1.004638e-03
8.473600e-03	-1.007320e-03
8.499200e-03	-1.012679e-03
8.524800e-03	-1.015407e-03
8.550400e-03	-1.020286e-03
8.576000e-03	-1.022052e-03
8.601600e-03	-1.026699e-03
8.627200e-03	-1.027878e-03
8.652800e-03	-1.031818e-03
8.678400e-03	-1.032518e-03
8.704000e-03	-1.035568e-03
8.729600e-03	-1.036030e-03
8.755200e-03	-1.038534e-03
8.780800e-03	-1.038277e-03
8.806400e-03	-1.040271e-03
8.832000e-03	-1.039231e-03
8.857600e-03	-1.041363e-03
8.883200e-03	-1.039423e-03
8.908800e-03	-1.041008e-03
8.934400e-03	-1.038663e-03
8.960000e-03	-1.038952e-03
8.985600e-03	-1.036830e-03
9.011200e-03	-1.036524e-03
9.036800e-03	-1.033109e-03
9.062400e-03	-1.032786e-03
9.088000e-03	-1.029056e-03
9.113600e-03	-1.028176e-03
9.139200e-03	-1.023616e-03
9.164800e-03	-1.021776e-03
9.190400e-03	-1.017557e-03
9.216000e-03	-1.015035e-03
9.241600e-03	-1.009916e-03
9.267200e-03	-1.006955e-03
9.292800e-03	-1.001124e-03
9.318400e-03	-9.981432e-04
9.344000e-03	-9.915202e-04
9.369600e-03	-9.876797e-04
9.395200e-03	-9.810911e-04
9.420800e-03	-9.766598e-04
9.446400e-03	-9.692475e-04
9.472000e-03	-9.645593e-04
9.497600e-03	-9.568062e-04
9.523200e-03	-9.512619e-04
9.548800e-03	-9.426769e-04
9.574400e-03	-9.369202e-04
9.600000e-03	-9.282315e-04
9.625600e-03	-9.218811e-04
9.651200e-03	-9.124259e-04
9.676800e-03	-9.056310e-04
9.702400e-03	-8.962982e-04
9.728000e-03	-8.890339e-04
9.753600e-03	-8.786880e-04
9.779200e-03	-8.709736e-04
9.804800e-03	-8.604696e-04
9.830400e-03	-8.519540e-04
9.856000e-03	-8.412740e-04
9.881600e-03	-8.328503e-04
9.907200e-03	-8.215877e-04
9.932800e-03	-8.124338e-04
9.958400e-03	-8.002301e-04
9.984000e-03	-7.912657e-04
1.000960e-02	-7.783833e-04
1.003520e-02	-7.689892e-04
1.006080e-02	-7.567838e-04
1.008640e-02	-7.461238e-04
1.011200e-02	-7.330372e-04
1.013760e-02	-7.221877e-04
1.016320e-02	-7.092779e-04
1.018880e-02	-6.983333e-04
1.021440e-02	-6.847118e-04
1.024000e-02	-6.729097e-04
1.026560e-02	-6.590572e-04
1.029120e-02	-6.475361e-04
1.031680e-02	-6.329612e-04
1.034240e-02	-6.215448e-04
1.036800e-02	-6.064453e-04
1.039360e-02	-5.942563e-04
1.041920e-02	-5.797699e-04
1.044480e-02	-5.668820e-04
1.047040e-02	-5.514281e-04
1.049600e-02	-5.388429e-04
1.052160e-02	-5.232124e-04
1.054720e-02	-5.103223e-04
1.057280e-02	-4.950019e-04
1.059840e-02	-4.809770e-04
1.062400e-02	-4.654920e-04
1.064960e-02	-4.519712e-04
1.067520e-02	-4.357438e-04
1.070080e-02	-4.219161e-04
1.072640e-02	-4.054934e-04
1.075200e-02	-3.918854e-04
1.077760e-02	-3.751819e-04
1.080320e-02	-3.608609e-04
1.082880e-02	-3.446729e-04
1.085440e-02	-3.303716e-04
1.088000e-02	-3.131645e-04
1.090560e-02	-2.988566e-04
1.093120e-02	-2.819916e-04
1.095680e-02	-2.674878e-04
1.098240e-02	-2.502117e-04
1.100800e-02	-2.352222e-04
1.103360e-02	-2.183657e-04
1.105920e-02	-2.038318e-04
1.108480e-02	-1.864682e-04
1.111040e-02	-1.715861e-04
1.113600e-02	-1.543053e-04
1.116160e-02	-1.393401e-04
1.118720e-02	-1.222226e-04
1.121280e-02	-1.066415e-04
1.123840e-02	-8.952595e-05
1.126400e-02	-7.451748e-05
1.128960e-02	-5.686663e-05
1.131520e-02	-4.190585e-05
1.134080e-02	-2.447294e-05
1.136640e-02	-9.395950e-06
1.139200e-02	8.036912e-06
1.141760e-02	2.282544e-05
1.144320e-02	4.018938e-05
1.146880e-02	5.526049e-05
1.149440e-02	7.272804e-05
1.152000e-02	8.748454e-05
1.154560e-02	1.045084e-04
1.157120e-02	1.196094e-04
1.159680e-02	1.365049e-04
1.162240e-02	1.512731e-04
1.164800e-02	1.689729e-04
1.167360e-02	1.838868e-04
1.169920e-02	2.001918e-04
1.172480e-02	2.153517e-04
1.175040e-02	2.318838e-04
1.177600e-02	2.464240e-04
1.180160e-02	2.631384e-04
1.182720e-02	2.773257e-04
1.185280e-02	2.940574e-04
1.187840e-02	3.080207e-04
1.190400e-02	3.248100e-04
1.192960e-02	3.387558e-04
1.195520e-02	3.549710e-04
1.198080e-02	3.687149e-04
1.200640e-02	3.847993e-04
1.203200e-02	3.985115e-04
1.205760e-02	4.140373e-04
1.208320e-02	4.277765e-04
1.210880e-02	4.429258e-04
1.213440e-02	4.566374e-04
1.216000e-02	4.716566e-04
1.218560e-02	4.847686e-04
1.221120e-02	4.997436e-04
1.223680e-02	5.121407e-04
1.226240e-02	5.272098e-04
1.228800e-02	5.392237e-04
1.231360e-02	5.541776e-04
1.233920e-02	5.666572e-04
1.236480e-02	5.804941e-04
1.239040e-02	5.924912e-04
1.241600e-02	6.066316e-04
1.244160e-02	6.177883e-04
1.246720e-02	6.315096e-04
1.249280e-02	6.425882e-04
1.251840e-02	6.557008e-04
1.254400e-02	6.670906e-04
1.256960e-02	6.796993e-04
1.259520e-02	6.904812e-04
1.262080e-02	7.029285e-04
1.264640e-02	7.133269e-04
1.267200e-02	7.253560e-04
1.269760e-02	7.352962e-04
1.272320e-02	7.471282e-04
1.274880e-02	7.568967e-04
1.277440e-02	7.678885e-04
1.280000e-02	7.769699e-04
1.282560e-02	7.882932e-04
1.285120e-02	7.966171e-04
1.287680e-02	8.076854e-04
1.290240e-02	8.161003e-04
1.292800e-02	8.260850e-04
1.295360e-02	8.338508e-04
1.297920e-02	8.437274e-04
1.300480e-02	8.508787e-04
1.303040e-02	8.607249e-04
1.305600e-02	8.677955e-04
1.308160e-02	8.763912e-04
1.310720e-02	8.833178e-04
1.313280e-02	8.914554e-04
1.315840e-02	8.978947e-04
1.318400e-02	9.057071e-04
1.320960e-02	9.120445e-04
1.323520e-02	9.192358e-04
1.326080e-02	9.243006e-04
1.328640e-02	9.312786e-04
1.331200e-02	9.365784e-04
1.333760e-02	9.430639e-04
1.336320e-02	9.473393e-04
1.338880e-02	9.537871e-04
1.341440e-02	9.568700e-04
1.344000e-02	9.628873e-04
1.346560e-02	9.663869e-04
1.349120e-02	9.716182e-04
1.351680e-02	9.741354e-04
1.354240e-02	9.790306e-04
1.356800e-02	9.816169e-04
1.359360e-02	9.853450e-04
1.361920e-02	9.878387e-04
1.364480e-02	9.911603e-04
1.367040e-02	9.926218e-04
1.369600e-02	9.959989e-04
1.372160e-02	9.967270e-04
1.374720e-02	9.996309e-04
1.377280e-02	1.000121e-03
1.379840e-02	1.002111e-03
1.382400e-02	1.002647e-03
1.384960e-02	1.003597e-03
1.387520e-02	1.003371e-03
1.390080e-02	1.005208e-03
1.392640e-02	1.003690e-03
1.395200e-02	1.004751e-03
1.397760e-02	1.002744e-03
1.400320e-02	1.003100e-03
1.402880e-02	1.001619e-03
1.405440e-02	1.000788e-03
1.408000e-02	9.983378e-04
1.410560e-02	9.977092e-04
1.413120e-02	9.945596e-04
1.415680e-02	9.934283e-04
1.418240e-02	9.903011e-04
1.420800e-02	9.881258e-04
1.423360e-02	9.847966e-04
1.425920e-02	9.821494e-04
1.428480e-02	9.778076e-04
1.431040e-02	9.753991e-04
1.433600e-02	9.700970e-04
1.436160e-02	9.666982e-04
1.438720e-02	9.614387e-04
1.441280e-02	9.577549e-04
1.443840e-02	9.513679e-04
1.446400e-02	9.473059e-04
1.448960e-02	9.413596e-04
1.451520e-02	9.365862e-04
1.454080e-02	9.294869e-04
1.456640e-02	9.243275e-04
1.459200e-02	9.175731e-04
1.461760e-02	9.117078e-04
1.464320e-02	9.035321e-04
1.466880e-02	8.977213e-04
1.469440e-02	8.892492e-04
1.472000e-02	8.828330e-04
1.474560e-02	8.746711e-04
1.477120e-02	8.673190e-04
1.479680e-02	8.580361e-04
1.482240e-02	8.505394e-04
1.484800e-02	8.412566e-04
1.487360e-02	8.327382e-04
1.489920e-02	8.231987e-04
1.492480e-02	8.148046e-04
1.495040e-02	8.040167e-04
1.497600e-02	7.956261e-04
1.500160e-02	7.846471e-04
1.502720e-02	7.753425e-04
1.505280e-02	7.642171e-04
1.507840e-02	7.543362e-04
1.510400e-02	7.425823e-04
1.512960e-02	7.326932e-04
1.515520e-02	7.206031e-04
1.518080e-02	7.101750e-04
1.520640e-02	6.981625e-04
1.523200e-02	6.868495e-04
1.525760e-02	6.741193e-04
1.528320e-02	6.629426e-04
1.530880e-02	6.497518e-04
1.533440e-02	6.382997e-04
1.536000e-02	6.245078e-04
1.538560e-02	6.129814e-04
1.541120e-02	5.986950e-04
1.543680e-02	5.866408e-04
1.546240e-02	5.723744e-04
1.548800e-02	5.594635e-04
1.551360e-02	5.457200e-04
1.553920e-02	5.323945e-04
1.556480e-02	5.172557e-04
1.559040e-02	5.043967e-04
1.561600e-02	4.896423e-04
1.564160e-02	4.759720e-04
1.566720e-02	4.607333e-04
1.569280e-02	4.469472e-04
1.571840e-02	4.313070e-04
1.574400e-02	4.171020e-04
1.576960e-02	4.014199e-04
1.579520e-02	3.875823e-04
1.582080e-02	3.710806e-04
1.584640e-02	3.566229e-04
1.587200e-02	3.403193e-04
1.589760e-02	3.253940e-04
1.592320e-02	3.094287e-04
1.594880e-02	2.944780e-04
1.597440e-02	2.772619e-04
1.600000e-02	2.627170e-04
1.602560e-02	2.457877e-04
1.605120e-02	2.305426e-04
1.607680e-02	2.138991e-04
1.610240e-02	1.979090e-04
1.612800e-02	1.811379e-04
1.615360e-02	1.656473e-04
1.617920e-02	1.483415e-04
1.620480e-02	1.329775e-04
1.623040e-02	1.152930e-04
1.625600e-02	1.000259e-04
1.628160e-02	8.268557e-05
1.630720e-02	6.658470e-05
1.633280e-02	4.949328e-05
1.635840e-02	3.352340e-05
1.638400e-02	1.624310e-05
1.640960e-02	4.910046e-07
1.643520e-02	-1.739583e-05
1.646080e-02	-3.282313e-05
1.648640e-02	-5.045779e-05
1.651200e-02	-6.660040e-05
1.653760e-02	-8.387097e-05
1.656320e-02	-9.974807e-05
1.658880e-02	-1.172310e-04
1.661440e-02	-1.328908e-04
1.664000e-02	-1.506915e-04
1.666560e-02	-1.664865e-04
1.669120e-02	-1.828883e-04
1.671680e-02	-1.995168e-04
1.674240e-02	-2.163571e-04
1.676800e-02	-2.318819e-04
1.679360e-02	-2.493909e-04
1.681920e-02	-2.642287e-04
1.684480e-02	-2.819913e-04
1.687040e-02	-2.971759e-04
1.689600e-02	-3.140824e-04
1.692160e-02	-3.288465e-04
1.694720e-02	-3.460654e-04
1.697280e-02	-3.611115e-04
1.699840e-02	-3.776436e-04
1.702400e-02	-3.930209e-04
1.704960e-02	-4.085398e-04
1.707520e-02	-4.238335e-04
1.710080e-02	-4.395890e-04
1.712640e-02	-4.538911e-04
1.715200e-02	-4.700149e-04
1.717760e-02	-4.842918e-04
1.720320e-02	-4.999362e-04
1.722880e-02	-5.140416e-04
1.725440e-02	-5.294452e-04
1.728000e-02	-5.429891e-04
1.730560e-02	-5.583774e-04
1.733120e-02	-5.715415e-04
1.735680e-02	-5.864431e-04
1.738240e-02	-5.992757e-04
1.740800e-02	-6.139756e-04
1.743360e-02	-6.265318e-04
1.745920e-02	-6.407782e-04
1.748480e-02	-6.536724e-04
1.751040e-02	-6.671083e-04
1.753600e-02	-6.797543e-04
1.756160e-02	-6.928764e-04
1.758720e-02	-7.046821e-04
1.761280e-02	-7.181221e-04
1.763840e-02	-7.291894e-04
1.766400e-02	-7.423277e-04
1.768960e-02	-7.526602e-04
1.771520e-02	-7.653200e-04
1.774080e-02	-7.762270e-04
1.776640e-02	-7.877398e-04
1.779200e-02	-7.979670e-04
1.781760e-02	-8.094113e-04
1.784320e-02	-8.195272e-04
1.786880e-02	-8.303925e-04
1.789440e-02	-8.397367e-04
1.792000e-02	-8.500032e-04
1.794560e-02	-8.591076e-04
1.797120e-02	-8.691528e-04
1.799680e-02	-8.776811e-04
1.802240e-02	-8.874260e-04
1.804800e-02	-8.948847e-04
1.807360e-02	-9.043649e-04
1.809920e-02	-9.116269e-04
1.812480e-02	-9.204605e-04
1.815040e-02	-9.272356e-04
1.817600e-02	-9.350062e-04
1.820160e-02	-9.418848e-04
1.822720e-02	-9.493316e-04
1.825280e-02	-9.549583e-04
1.827840e-02	-9.621691e-04
1.830400e-02	-9.676384e-04
1.832960e-02	-9.743645e-04
1.835520e-02	-9.789084e-04
1.838080e-02	-9.852203e-04
1.840640e-02	-9.891907e-04
1.843200e-02	-9.945879e-04
1.845760e-02	-9.982730e-04
1.848320e-02	-1.003711e-03
1.850880e-02	-1.006888e-03
1.853440e-02	-1.010732e-03
1.856000e-02	-1.014306e-03
1.858560e-02	-1.017625e-03
1.861120e-02	-1.019542e-03
1.863680e-02	-1.023012e-03
1.866240e-02	-1.024469e-03
1.868800e-02	-1.027526e-03
1.871360e-02	-1.028249e-03
1.873920e-02	-1.030254e-03
1.876480e-02	-1.031100e-03
1.879040e-02	-1.032462e-03
1.881600e-02	-1.032447e-03
1.884160e-02	-1.033776e-03
1.886720e-02	-1.032392e-03
1.889280e-02	-1.032987e-03
1.891840e-02	-1.032065e-03
1.894400e-02	-1.031785e-03
1.896960e-02	-1.029854e-03
1.899520e-02	-1.029190e-03
1.902080e-02	-1.026922e-03
1.904640e-02	-1.025903e-03
1.907200e-02	-1.023037e-03
1.909760e-02	-1.021277e-03
1.912320e-02	-1.017629e-03
1.914880e-02	-1.015209e-03
1.917440e-02	-1.011586e-03
1.920000e-02	-1.008710e-03
1.922560e-02	-1.004132e-03
1.925120e-02	-1.000667e-03
1.927680e-02	-9.956572e-04
1.930240e-02	-9.915652e-04
1.932800e-02	-9.861620e-04
1.935360e-02	-9.818797e-04
1.937920e-02	-9.756612e-04
1.940480e-02	-9.708615e-04
1.943040e-02	-9.642402e-04
1.945600e-02	-9.589322e-04
1.948160e-02	-9.518668e-04
1.950720e-02	-9.459422e-04
1.953280e-02	-9.381487e-04
1.955840e-02	-9.320065e-04
1.958400e-02	-9.239036e-04
1.960960e-02	-9.168655e-04
1.963520e-02	-9.090392e-04
1.966080e-02	-9.012068e-04
1.968640e-02	-8.917444e-04
1.971200e-02	-8.844718e-04
1.973760e-02	-8.749480e-04
1.976320e-02	-8.667100e-04
1.978880e-02	-8.568933e-04
1.981440e-02	-8.477418e-04
1.984000e-02	-8.377403e-04
1.986560e-02	-8.283798e-04
1.989120e-02	-8.174715e-04
1.991680e-02	-8.081350e-04
1.994240e-02	-7.970749e-04
1.996800e-02	-7.870125e-04
1.999360e-02	-7.757934e-04
2.001920e-02	-7.654815e-04
2.004480e-02	-7.528109e-04
2.007040e-02	-7.424696e-04
2.009600e-02	-7.297841e-04
2.012160e-02	-7.188782e-04
2.014720e-02	-7.063771e-04
2.017280e-02	-6.946439e-04
2.019840e-02	-6.819197e-04
2.022400e-02	-6.697447e-04
2.024960e-02	-6.564012e-04
2.027520e-02	-6.440461e-04
2.030080e-02	-6.310154e-04
2.032640e-02	-6.179984e-04
2.035200e-02	-6.036378e-04
2.037760e-02	-5.913725e-04
2.040320e-02	-5.770231e-04
2.042880e-02	-5.640839e-04
2.045440e-02	-5.498538e-04
2.048000e-02	-5.365116e-04
2.050560e-02	-5.213451e-04
2.053120e-02	-5.077941e-04
2.055680e-02	-4.924407e-04
2.058240e-02	-4.788011e-04
2.060800e-02	-4.634077e-04
2.063360e-02	-4.498242e-04
2.065920e-02	-4.340432e-04
2.068480e-02	-4.192671e-04
2.071040e-02	-4.042710e-04
2.073600e-02	-3.891601e-04
2.076160e-02	-3.736739e-04
2.078720e-02	-3.589919e-04
2.081280e-02	-3.427188e-04
2.083840e-02	-3.279301e-04
2.086400e-02	-3.117462e-04
2.088960e-02	-2.967680e-04
2.091520e-02	-2.802804e-04
2.094080e-02	-2.653720e-04
2.096640e-02	-2.488260e-04
2.099200e-02	-2.337768e-04
2.101760e-02	-2.173866e-04
2.104320e-02	-2.017426e-04
2.106880e-02	-1.850745e-04
2.109440e-02	-1.698127e-04
2.112000e-02	-1.528619e-04
2.114560e-02	-1.377820e-04
2.117120e-02	-1.205215e-04
2.119680e-02	-1.051682e-04
2.122240e-02	-8.831689e-05
2.124800e-02	-7.272538e-05
2.127360e-02	-5.608229e-05
2.129920e-02	-4.070035e-05
2.132480e-02	-2.398620e-05
2.135040e-02	-7.748336e-06
2.137600e-02	8.662805e-06
2.140160e-02	2.456347e-05
2.142720e-02	4.128656e-05
2.145280e-02	5.640450e-05
2.147840e-02	7.328915e-05
2.150400e-02	8.881449e-05
2.152960e-02	1.056385e-04
2.155520e-02	1.208396e-04
2.158080e-02	1.377034e-04
2.160640e-02	1.529328e-04
2.163200e-02	1.694002e-04
2.165760e-02	1.843976e-04
2.168320e-02	2.010052e-04
2.170880e-02	2.164818e-04
2.173440e-02	2.322384e-04
2.176000e-02	2.476149e-04
2.178560e-02	2.636593e-04
2.181120e-02	2.784211e-04
2.183680e-02	2.947020e-04
2.186240e-02	3.090216e-04
2.188800e-02	3.251478e-04
2.191360e-02	3.393409e-04
2.193920e-02	3.552409e-04
2.196480e-02	3.696514e-04
2.199040e-02	3.851879e-04
2.201600e-02	3.993332e-04
2.204160e-02	4.143511e-04
2.206720e-02	4.286313e-04
2.209280e-02	4.431870e-04
2.211840e-02	4.569757e-04
2.214400e-02	4.720931e-04
2.216960e-02	4.853000e-04
2.219520e-02	4.997358e-04
2.222080e-02	5.129125e-04
2.224640e-02	5.270761e-04
2.227200e-02	5.402199e-04
2.229760e-02	5.542975e-04
2.232320e-02	5.668145e-04
2.234880e-02	5.809886e-04
2.237440e-02	5.930116e-04
2.240000e-02	6.061250e-04
2.242560e-02	6.186417e-04
2.245120e-02	6.315454e-04
2.247680e-02	6.432568e-04
2.250240e-02	6.567091e-04
2.252800e-02	6.677218e-04
2.255360e-02	6.798353e-04
2.257920e-02	6.911258e-04
2.260480e-02	7.032357e-04
2.263040e-02	7.137668e-04
2.265600e-02	7.255587e-04
2.268160e-02	7.361443e-04
2.270720e-02	7.474148e-04
2.273280e-02	7.572804e-04
2.275840e-02	7.684135e-04
2.278400e-02	7.779077e-04
2.280960e-02	7.886834e-04
2.283520e-02	7.979439e-04
2.286080e-02	8.075965e-04
2.288640e-02	8.163748e-04
2.291200e-02	8.264904e-04
2.293760e-02	8.348259e-04
2.296320e-02	8.438635e-04
2.298880e-02	8.519100e-04
2.301440e-02	8.608260e-04
2.304000e-02	8.684610e-04
2.306560e-02	8.769522e-04
2.309120e-02	8.837126e-04
2.311680e-02	8.919380e-04
2.314240e-02	8.984554e-04
2.316800e-02	9.061477e-04
2.319360e-02	9.124898e-04
2.321920e-02	9.196916e-04
2.324480e-02	9.257476e-04
2.327040e-02	9.317785e-04
2.329600e-02	9.369518e-04
2.332160e-02	9.436627e-04
2.334720e-02	9.482504e-04
2.337280e-02	9.538831e-04
2.339840e-02	9.579404e-04
2.342400e-02	9.633571e-04
2.344960e-02	9.675503e-04
2.347520e-02	9.718430e-04
2.350080e-02	9.749443e-04
2.352640e-02	9.794864e-04
2.355200e-02	9.822286e-04
2.357760e-02	9.860746e-04
2.360320e-02	9.888011e-04
2.362880e-02	9.921305e-04
2.365440e-02	9.936236e-04
2.368000e-02	9.966447e-04
2.370560e-02	9.982284e-04
2.373120e-02	1.000515e-03
2.375680e-02	1.001110e-03
2.378240e-02	1.002966e-03
2.380800e-02	1.003709e-03
2.383360e-02	1.005210e-03
2.385920e-02	1.004758e-03
2.388480e-02	1.005252e-03
2.391040e-02	1.005374e-03
2.393600e-02	1.005406e-03
2.396160e-02	1.004183e-03
2.398720e-02	1.003839e-03
2.401280e-02	1.002538e-03
2.403840e-02	1.002269e-03
2.406400e-02	9.997217e-04
2.408960e-02	9.987172e-04
2.411520e-02	9.963884e-04
2.414080e-02	9.946033e-04
2.416640e-02	9.913767e-04
2.419200e-02	9.890577e-04
2.421760e-02	9.858446e-04
2.424320e-02	9.830458e-04
2.426880e-02	9.789439e-04
2.429440e-02	9.762676e-04
2.432000e-02	9.713234e-04
2.434560e-02	9.681313e-04
2.437120e-02	9.630771e-04
2.439680e-02	9.583702e-04
2.442240e-02	9.538986e-04
2.444800e-02	9.493456e-04
2.447360e-02	9.425099e-04
2.449920e-02	9.381441e-04
2.452480e-02	9.315214e-04
2.455040e-02	9.255243e-04
2.457600e-02	9.192275e-04
2.460160e-02	9.130469e-04
2.462720e-02	9.054791e-04
2.465280e-02	8.988029e-04
2.467840e-02	8.911344e-04
2.470400e-02	8.846193e-04
2.472960e-02	8.762784e-04
2.475520e-02	8.688760e-04
2.478080e-02	8.600189e-04
2.480640e-02	8.518228e-04
2.483200e-02	8.427392e-04
2.485760e-02	8.346930e-04
2.488320e-02	8.250060e-04
2.490880e-02	8.160146e-04
2.493440e-02	8.060660e-04
2.496000e-02	7.972593e-04
2.498560e-02	7.865736e-04
2.501120e-02	7.769332e-04
2.503680e-02	7.661118e-04
2.506240e-02	7.560482e-04
2.508800e-02	7.447064e-04
2.511360e-02	7.341138e-04
2.513920e-02	7.226200e-04
2.516480e-02	7.121520e-04
2.519040e-02	6.995735e-04
2.521600e-02	6.884638e-04
2.524160e-02	6.763680e-04
2.526720e-02	6.645102e-04
2.529280e-02	6.515853e-04
2.531840e-02	6.398213e-04
2.534400e-02	6.269225e-04
2.536960e-02	6.144903e-04
2.539520e-02	6.008902e-04
2.542080e-02	5.886506e-04
2.544640e-02	5.745643e-04
2.547200e-02	5.617118e-04
2.549760e-02	5.476406e-04
2.552320e-02	5.341235e-04
2.554880e-02	5.196854e-04
2.557440e-02	5.061074e-04
2.560000e-02	4.913857e-04
2.562560e-02	4.778681e-04
2.565120e-02	4.629166e-04
2.567680e-02	4.486546e-04
2.570240e-02	4.333346e-04
2.572800e-02	4.190498e-04
2.575360e-02	4.037251e-04
2.577920e-02	3.891372e-04
2.580480e-02	3.729683e-04
2.583040e-02	3.584047e-04
2.585600e-02	3.426233e-04
2.588160e-02	3.279229e-04
2.590720e-02	3.115042e-04
2.593280e-02	2.960638e-04
2.595840e-02	2.801113e-04
2.598400e-02	2.647005e-04
2.600960e-02	2.482654e-04
2.603520e-02	2.324298e-04
2.606080e-02	2.160347e-04
2.608640e-02	2.002158e-04
2.611200e-02	1.834228e-04
2.613760e-02	1.679221e-04
2.616320e-02	1.504071e-04
2.618880e-02	1.350780e-04
2.621440e-02	1.182216e-04
2.624000e-02	1.018497e-04
2.626560e-02	8.492418e-05
2.629120e-02	6.913448e-05
2.631680e-02	5.163537e-05
2.634240e-02	3.568818e-05
2.636800e-02	1.865953e-05
2.639360e-02	1.958292e-06
2.641920e-02	-1.502693e-05
2.644480e-02	-3.086632e-05
2.647040e-02	-4.774938e-05
2.649600e-02	-6.458216e-05
2.652160e-02	-8.160190e-05
2.654720e-02	-9.751853e-05
2.657280e-02	-1.151393e-04
2.659840e-02	-1.309257e-04
2.662400e-02	-1.484079e-04
2.664960e-02	-1.641530e-04
2.667520e-02	-1.814150e-04
2.670080e-02	-1.972899e-04
2.672640e-02	-2.139525e-04
2.675200e-02	-2.304362e-04
2.677760e-02	-2.471942e-04
2.680320e-02	-2.627372e-04
2.682880e-02	-2.795200e-04
2.685440e-02	-2.950566e-04
2.688000e-02	-3.115032e-04
2.690560e-02	-3.275524e-04
2.693120e-02	-3.438808e-04
2.695680e-02	-3.589981e-04
2.698240e-02	-3.756399e-04
2.700800e-02	-3.906398e-04
2.703360e-02	-4.070953e-04
2.705920e-02	-4.215474e-04
2.708480e-02	-4.374945e-04
2.711040e-02	-4.526270e-04
2.713600e-02	-4.678032e-04
2.716160e-02	-4.821846e-04
2.718720e-02	-4.975133e-04
2.721280e-02	-5.121314e-04
2.723840e-02	-5.272394e-04
2.726400e-02	-5.409165e-04
2.728960e-02	-5.558172e-04
2.731520e-02	-5.703036e-04
2.734080e-02	-5.848300e-04
2.736640e-02	-5.978250e-04
2.739200e-02	-6.123860e-04
2.741760e-02	-6.247979e-04
2.744320e-02	-6.389341e-04
2.746880e-02	-6.522993e-04
2.749440e-02	-6.654318e-04
2.752000e-02	-6.779063e-04
2.754560e-02	-6.910016e-04
2.757120e-02	-7.030549e-04
2.759680e-02	-7.162618e-04
2.762240e-02	-7.276339e-04
2.764800e-02	-7.404114e-04
2.767360e-02	-7.515859e-04
2.769920e-02	-7.638681e-04
2.772480e-02	-7.750212e-04
2.775040e-02	-7.860187e-04
2.777600e-02	-7.965989e-04
2.780160e-02	-8.077950e-04
2.782720e-02	-8.178333e-04
2.785280e-02	-8.290577e-04
2.787840e-02	-8.381744e-04
2.790400e-02	-8.490405e-04
2.792960e-02	-8.581382e-04
2.795520e-02	-8.675440e-04
2.798080e-02	-8.764854e-04
2.800640e-02	-8.859801e-04
2.803200e-02	-8.941289e-04
2.805760e-02	-9.030508e-04
2.808320e-02	-9.108918e-04
2.810880e-02	-9.191859e-04
2.813440e-02	-9.263495e-04
2.816000e-02	-9.343383e-04
2.818560e-02	-9.410126e-04
2.821120e-02	-9.487633e-04
2.823680e-02	-9.546389e-04
2.826240e-02	-9.613424e-04
2.828800e-02	-9.673533e-04
2.831360e-02	-9.732989e-04
2.833920e-02	-9.785724e-04
2.836480e-02	-9.841409e-04
2.839040e-02	-9.886512e-04
2.841600e-02	-9.945406e-04
2.844160e-02	-9.980447e-04
2.846720e-02	-1.002913e-03
2.849280e-02	-1.006486e-03
2.851840e-02	-1.010506e-03
2.854400e-02	-1.013119e-03
2.856960e-02	-1.016918e-03
2.859520e-02	-1.019536e-03
2.862080e-02	-1.022709e-03
2.864640e-02	-1.024553e-03
2.867200e-02	-1.026628e-03
2.869760e-02	-1.028330e-03
2.872320e-02	-1.029976e-03
2.874880e-02	-1.031206e-03
2.877440e-02	-1.032584e-03
2.880000e-02	-1.031856e-03
2.882560e-02	-1.033881e-03
2.885120e-02	-1.032819e-03
2.887680e-02	-1.033045e-03
2.890240e-02	-1.032049e-03
2.892800e-02	-1.031694e-03
2.895360e-02	-1.030341e-03
2.897920e-02	-1.028870e-03
2.900480e-02	-1.027563e-03
2.903040e-02	-1.025621e-03
2.905600e-02	-1.023215e-03
2.908160e-02	-1.021590e-03
2.910720e-02	-1.018089e-03
2.913280e-02	-1.015785e-03
2.915840e-02	-1.011510e-03
2.918400e-02	-1.008768e-03
2.920960e-02	-1.004761e-03
2.923520e-02	-1.000982e-03
2.926080e-02	-9.961906e-04
2.928640e-02	-9.919709e-04
2.931200e-02	-9.868670e-04
2.933760e-02	-9.824953e-04
2.936320e-02	-9.762759e-04
2.938880e-02	-9.714148e-04
2.941440e-02	-9.651146e-04
2.944000e-02	-9.591494e-04
2.946560e-02	-9.523658e-04
2.949120e-02	-9.465839e-04
2.951680e-02	-9.391350e-04
2.954240e-02	-9.322452e-04
2.956800e-02	-9.248764e-04
2.959360e-02	-9.176847e-04
2.961920e-02	-9.092438e-04
2.964480e-02	-9.017574e-04
2.967040e-02	-8.929739e-04
2.969600e-02	-8.849875e-04
2.972160e-02	-8.760304e-04
2.974720e-02	-8.672999e-04
2.977280e-02	-8.575215e-04
2.979840e-02	-8.486281e-04
2.982400e-02	-8.387475e-04
2.984960e-02	-8.292178e-04
2.987520e-02	-8.188092e-04
2.990080e-02	-8.092552e-04
2.992640e-02	-7.978915e-04
2.995200e-02	-7.880023e-04
2.997760e-02	-7.764261e-04
3.000320e-02	-7.663008e-04
3.002880e-02	-7.542598e-04
3.005440e-02	-7.433296e-04
3.008000e-02	-7.315284e-04
3.010560e-02	-7.197312e-04
3.013120e-02	-7.076776e-04
3.015680e-02	-6.958786e-04
3.018240e-02	-6.831673e-04
3.020800e-02	-6.711156e-04
3.023360e-02	-6.579126e-04
3.025920e-02	-6.455950e-04
3.028480e-02	-6.324353e-04
3.031040e-02	-6.194267e-04
3.033600e-02	-6.055274e-04
3.036160e-02	-5.927381e-04
3.038720e-02	-5.784199e-04
3.041280e-02	-5.653368e-04
3.043840e-02	-5.508526e-04
3.046400e-02	-5.376160e-04
3.048960e-02	-5.229214e-04
3.051520e-02	-5.089167e-04
3.054080e-02	-4.941782e-04
3.056640e-02	-4.800473e-04
3.059200e-02	-4.653680e-04
3.061760e-02	-4.509833e-04
3.064320e-02	-4.356402e-04
3.066880e-02	-4.213789e-04
3.069440e-02	-4.059036e-04
3.072000e-02	-3.910486e-04
3.074560e-02	-3.751946e-04
3.077120e-02	-3.603300e-04
3.079680e-02	-3.444781e-04
3.082240e-02	-3.294810e-04
3.084800e-02	-3.133702e-04
3.087360e-02	-2.983025e-04
3.089920e-02	-2.822041e-04
3.092480e-02	-2.668697e-04
3.095040e-02	-2.504576e-04
3.097600e-02	-2.350065e-04
3.100160e-02	-2.187715e-04
3.102720e-02	-2.034016e-04
3.105280e-02	-1.868155e-04
3.107840e-02	-1.710729e-04
3.110400e-02	-1.546387e-04
3.112960e-02	-1.390293e-04
3.115520e-02	-1.226298e-04
3.118080e-02	-1.067648e-04
3.120640e-02	-8.947532e-05
3.123200e-02	-7.434103e-05
3.125760e-02	-5.771347e-05
3.128320e-02	-4.188138e-05
3.130880e-02	-2.551762e-05
3.133440e-02	-9.273924e-06
3.136000e-02	7.032707e-06
3.138560e-02	2.288382e-05
3.141120e-02	3.928020e-05
3.143680e-02	5.514498e-05
3.146240e-02	7.187461e-05
3.148800e-02	8.731862e-05
3.151360e-02	1.043329e-04
3.153920e-02	1.195878e-04
3.156480e-02	1.359502e-04
3.159040e-02	1.512481e-04
3.161600e-02	1.679338e-04
3.164160e-02	1.834488e-04
3.166720e-02	1.996779e-04
3.169280e-02	2.151063e-04
3.171840e-02	2.309819e-04
3.174400e-02	2.459056e-04
3.176960e-02	2.619248e-04
3.179520e-02	2.776122e-04
3.182080e-02	2.929604e-04
3.184640e-02	3.082485e-04
3.187200e-02	3.239395e-04
3.189760e-02	3.381976e-04
3.192320e-02	3.539911e-04
3.194880e-02	3.680804e-04
3.197440e-02	3.834833e-04
3.200000e-02	3.979876e-04
3.202560e-02	4.133333e-04
3.205120e-02	4.268842e-04
3.207680e-02	4.421799e-04
3.210240e-02	4.558552e-04
3.212800e-02	4.704170e-04
3.215360e-02	4.846078e-04
3.217920e-02	4.984965e-04
3.220480e-02	5.119717e-04
3.223040e-02	5.263847e-04
3.225600e-02	5.396360e-04
3.228160e-02	5.526957e-04
3.230720e-02	5.657397e-04
3.233280e-02	5.792453e-04
3.235840e-02	5.920590e-04
3.238400e-02	6.057076e-04
3.240960e-02	6.175406e-04
3.243520e-02	6.305824e-04
3.246080e-02	6.423308e-04
3.248640e-02	6.551942e-04
3.251200e-02	6.667618e-04
3.253760e-02	6.791938e-04
3.256320e-02	6.898471e-04
3.258880e-02	7.019688e-04
3.261440e-02	7.131462e-04
3.264000e-02	7.245964e-04
3.266560e-02	7.354360e-04
3.269120e-02	7.462698e-04
3.271680e-02	7.566185e-04
3.274240e-02	7.670413e-04
3.276800e-02	7.768562e-04
3.279360e-02	7.878980e-04
3.281920e-02	7.970911e-04
3.284480e-02	8.072829e-04
3.287040e-02	8.158109e-04
3.289600e-02	8.254822e-04
3.292160e-02	8.342860e-04
3.294720e-02	8.433452e-04
3.297280e-02	8.516586e-04
3.299840e-02	8.602524e-04
3.302400e-02	8.679706e-04
3.304960e-02	8.764102e-04
3.307520e-02	8.835187e-04
3.310080e-02	8.914142e-04
3.312640e-02	8.983691e-04
3.315200e-02	9.059978e-04
3.317760e-02	9.121581e-04
3.320320e-02	9.191268e-04
3.322880e-02	9.247383e-04
3.325440e-02	9.311485e-04
3.328000e-02	9.371183e-04
3.330560e-02	9.429255e-04
3.333120e-02	9.478467e-04
3.335680e-02	9.538112e-04
3.338240e-02	9.578073e-04
3.340800e-02	9.628664e-04
3.343360e-02	9.671777e-04
3.345920e-02	9.717115e-04
3.348480e-02	9.749318e-04
3.351040e-02	9.794675e-04
3.353600e-02	9.825452e-04
3.356160e-02	9.856671e-04
3.358720e-02	9.884913e-04
3.361280e-02	9.919845e-04
3.363840e-02	9.940983e-04
3.366400e-02	9.964063e-04
3.368960e-02	9.982170e-04
3.371520e-02	1.000591e-03
3.374080e-02	1.001493e-03
3.376640e-02	1.003172e-03
3.379200e-02	1.003599e-03
3.381760e-02	1.004857e-03
3.384320e-02	1.004906e-03
3.386880e-02	1.005860e-03
3.389440e-02	1.005578e-03
3.392000e-02	1.005194e-03
3.394560e-02	1.004634e-03
3.397120e-02	1.004231e-03
3.399680e-02	1.002464e-03
3.402240e-02	1.002463e-03
3.404800e-02	1.000381e-03
3.407360e-02	9.992780e-04
3.409920e-02	9.967693e-04
3.412480e-02	9.947151e-04
3.415040e-02	9.922145e-04
3.417600e-02	9.896219e-04
3.420160e-02	9.866642e-04
3.422720e-02	9.839240e-04
3.425280e-02	9.798352e-04
3.427840e-02	9.766630e-04
3.430400e-02	9.725182e-04
3.432960e-02	9.687340e-04
3.435520e-02	9.633966e-04
3.438080e-02	9.593007e-04
3.440640e-02	9.545454e-04
3.443200e-02	9.495110e-04
3.445760e-02	9.435273e-04
3.448320e-02	9.386324e-04
3.450880e-02	9.321605e-04
3.453440e-02	9.267388e-04
3.456000e-02	9.195968e-04
3.458560e-02	9.136727e-04
3.461120e-02	9.066251e-04
3.463680e-02	8.998083e-04
3.466240e-02	8.921488e-04
3.468800e-02	8.852516e-04
3.471360e-02	8.773034e-04
3.473920e-02	8.694311e-04
3.476480e-02	8.609386e-04
3.479040e-02	8.530641e-04
3.481600e-02	8.442678e-04
3.484160e-02	8.357055e-04
3.486720e-02	8.263286e-04
3.489280e-02	8.172183e-04
3.491840e-02	8.072866e-04
3.494400e-02	7.980215e-04
3.496960e-02	7.875697e-04
3.499520e-02	7.782209e-04
3.502080e-02	7.672691e-04
3.504640e-02	7.569615e-04
3.507200e-02	7.457376e-04
3.509760e-02	7.353264e-04
3.512320e-02	7.237839e-04
3.514880e-02	7.128479e-04
3.517440e-02	7.011499e-04
3.520000e-02	6.899867e-04
3.522560e-02	6.776606e-04
3.525120e-02	6.658042e-04
3.527680e-02	6.533389e-04
3.530240e-02	6.413081e-04
3.532800e-02	6.280422e-04
3.535360e-02	6.155855e-04
3.537920e-02	6.024517e-04
3.540480e-02	5.896863e-04
3.543040e-02	5.758090e-04
3.545600e-02	5.633740e-04
3.548160e-02	5.484857e-04
3.550720e-02	5.357733e-04
3.553280e-02	5.217019e-04
3.555840e-02	5.073589e-04
3.558400e-02	4.935050e-04
3.560960e-02	4.789240e-04
3.563520e-02	4.643245e-04
3.566080e-02	4.500632e-04
3.568640e-02	4.349307e-04
3.571200e-02	4.206757e-04
3.573760e-02	4.049169e-04
3.576320e-02	3.909840e-04
3.578880e-02	3.750887e-04
3.581440e-02	3.598988e-04
3.584000e-02	3.444262e-04
3.586560e-02	3.291281e-04
3.589120e-02	3.131854e-04
3.591680e-02	2.979666e-04
3.594240e-02	2.815269e-04
3.596800e-02	2.660658e-04
3.599360e-02	2.497742e-04
3.601920e-02	2.342929e-04
3.604480e-02	2.179084e-04
3.607040e-02	2.019783e-04
3.609600e-02	1.851931e-04
3.612160e-02	1.695843e-04
3.614720e-02	1.524369e-04
3.617280e-02	1.361917e-04
3.619840e-02	1.200503e-04
3.622400e-02	1.037181e-04
3.624960e-02	8.663269e-05
3.627520e-02	7.049680e-05
3.630080e-02	5.349924e-05
3.632640e-02	3.743194e-05
3.635200e-02	2.060838e-05
3.637760e-02	3.843417e-06
3.640320e-02	-1.349169e-05
3.642880e-02	-2.927093e-05
3.645440e-02	-4.671772e-05
3.648000e-02	-6.306928e-05
3.650560e-02	-7.970080e-05
3.653120e-02	-9.593245e-05
3.655680e-02	-1.134158e-04
3.658240e-02	-1.292075e-04
3.660800e-02	-1.465352e-04
3.663360e-02	-1.626343e-04
3.665920e-02	-1.793572e-04
3.668480e-02	-1.957473e-04
3.671040e-02	-2.121455e-04
3.673600e-02	-2.284614e-04
3.676160e-02	-2.455687e-04
3.678720e-02	-2.611531e-04
3.681280e-02	-2.778434e-04
3.683840e-02	-2.939100e-04
3.686400e-02	-3.101377e-04
3.688960e-02	-3.256377e-04
3.691520e-02	-3.421578e-04
3.694080e-02	-3.576661e-04
3.696640e-02	-3.736609e-04
3.699200e-02	-3.891237e-04
3.701760e-02	-4.049974e-04
3.704320e-02	-4.203019e-04
3.706880e-02	-4.358939e-04
3.709440e-02	-4.507986e-04
3.712000e-02	-4.664695e-04
3.714560e-02	-4.806262e-04
3.717120e-02	-4.964487e-04
3.719680e-02	-5.107980e-04
3.722240e-02	-5.255970e-04
3.724800e-02	-5.393919e-04
3.727360e-02	-5.547630e-04
3.729920e-02	-5.684064e-04
3.732480e-02	-5.825414e-04
3.735040e-02	-5.967970e-04
3.737600e-02	-6.103418e-04
3.740160e-02	-6.239143e-04
3.742720e-02	-6.379863e-04
3.745280e-02	-6.507568e-04
3.747840e-02	-6.639914e-04
3.750400e-02	-6.765468e-04
3.752960e-02	-6.900415e-04
3.755520e-02	-7.023171e-04
3.758080e-02	-7.151162e-04
3.760640e-02	-7.266297e-04
3.763200e-02	-7.392653e-04
3.765760e-02	-7.501966e-04
3.768320e-02	-7.621882e-04
3.770880e-02	-7.733858e-04
3.773440e-02	-7.845698e-04
3.776000e-02	-7.955826e-04
3.778560e-02	-8.068248e-04
3.781120e-02	-8.167115e-04
3.783680e-02	-8.276606e-04
3.786240e-02	-8.375450e-04
3.788800e-02	-8.478415e-04
3.791360e-02	-8.569830e-04
3.793920e-02	-8.667917e-04
3.796480e-02	-8.756221e-04
3.799040e-02	-8.847123e-04
3.801600e-02	-8.927052e-04
3.804160e-02	-9.016109e-04
3.806720e-02	-9.097575e-04
3.809280e-02	-9.181352e-04
3.811840e-02	-9.256033e-04
3.814400e-02	-9.336401e-04
3.816960e-02	-9.399201e-04
3.819520e-02	-9.474865e-04
3.822080e-02	-9.539408e-04
3.824640e-02	-9.607637e-04
3.827200e-02	-9.665894e-04
3.829760e-02	-9.722147e-04
3.832320e-02	-9.778574e-04
3.834880e-02	-9.833986e-04
3.837440e-02	-9.881960e-04
3.840000e-02	-9.936930e-04
3.842560e-02	-9.976417e-04
3.845120e-02	-1.002389e-03
3.847680e-02	-1.006097e-03
3.850240e-02	-1.010194e-03
3.852800e-02	-1.012971e-03
3.855360e-02	-1.016850e-03
3.857920e-02	-1.019386e-03
3.860480e-02	-1.021981e-03
3.863040e-02	-1.023836e-03
3.865600e-02	-1.026560e-03
3.868160e-02	-1.027912e-03
3.870720e-02	-1.029599e-03
3.873280e-02	-1.030710e-03
3.875840e-02	-1.031799e-03
3.878400e-02	-1.032106e-03
3.880960e-02	-1.033020e-03
3.883520e-02	-1.032661e-03
3.886080e-02	-1.033007e-03
3.888640e-02	-1.032152e-03
3.891200e-02	-1.031524e-03
3.893760e-02	-1.030369e-03
3.896320e-02	-1.029320e-03
3.898880e-02	-1.027523e-03
3.901440e-02	-1.026176e-03
3.904000e-02	-1.023095e-03
3.906560e-02	-1.021737e-03
3.909120e-02	-1.018387e-03
3.911680e-02	-1.015631e-03
3.914240e-02	-1.012192e-03
3.916800e-02	-1.009228e-03
3.919360e-02	-1.004935e-03
3.921920e-02	-1.001376e-03
3.924480e-02	-9.971207e-04
3.927040e-02	-9.926026e-04
3.929600e-02	-9.873472e-04
3.932160e-02	-9.826608e-04
3.934720e-02	-9.772412e-04
3.937280e-02	-9.719935e-04
3.939840e-02	-9.661114e-04
3.942400e-02	-9.600052e-04
3.944960e-02	-9.531804e-04
3.947520e-02	-9.473477e-04
3.950080e-02	-9.400458e-04
3.952640e-02	-9.333013e-04
3.955200e-02	-9.257416e-04
3.957760e-02	-9.185180e-04
3.960320e-02	-9.100166e-04
3.962880e-02	-9.027020e-04
3.965440e-02	-8.940647e-04
3.968000e-02	-8.858016e-04
3.970560e-02	-8.769297e-04
3.973120e-02	-8.681818e-04
3.975680e-02	-8.582778e-04
3.978240e-02	-8.498672e-04
3.980800e-02	-8.396858e-04
3.983360e-02	-8.303639e-04
3.985920e-02	-8.200594e-04
3.988480e-02	-8.098581e-04
3.991040e-02	-7.995715e-04
3.993600e-02	-7.888671e-04
3.996160e-02	-7.778744e-04
3.998720e-02	-7.674122e-04
4.001280e-02	-7.559553e-04
4.003840e-02	-7.447264e-04
4.006400e-02	-7.326451e-04
4.008960e-02	-7.214809e-04
4.011520e-02	-7.087885e-04
4.014080e-02	-6.975356e-04
4.016640e-02	-6.842378e-04
4.019200e-02	-6.723453e-04
4.021760e-02	-6.596808e-04
4.024320e-02	-6.469539e-04
4.026880e-02	-6.337189e-04
4.029440e-02	-6.208909e-04
4.032000e-02	-6.075273e-04
4.034560e-02	-5.941460e-04
4.037120e-02	-5.803677e-04
4.039680e-02	-5.667162e-04
4.042240e-02	-5.524306e-04
4.044800e-02	-5.389624e-04
4.047360e-02	-5.247770e-04
4.049920e-02	-5.107733e-04
4.052480e-02	-4.955613e-04
4.055040e-02	-4.815854e-04
4.057600e-02	-4.667409e-04
4.060160e-02	-4.521613e-04
4.062720e-02	-4.369362e-04
4.065280e-02	-4.225762e-04
4.067840e-02	-4.071810e-04
4.070400e-02	-3.931247e-04
4.072960e-02	-3.765078e-04
4.075520e-02	-3.615858e-04
4.078080e-02	-3.462293e-04
4.080640e-02	-3.308945e-04
4.083200e-02	-3.154064e-04
4.085760e-02	-3.000271e-04
4.088320e-02	-2.839981e-04
4.090880e-02	-2.683943e-04
4.093440e-02	-2.524384e-04
4.096000e-02	-2.366070e-04
4.098560e-02	-2.202447e-04
4.101120e-02	-2.049230e-04
4.103680e-02	-1.884464e-04
4.106240e-02	-1.728667e-04
4.108800e-02	-1.563618e-04
4.111360e-02	-1.405267e-04
4.113920e-02	-1.240149e-04
4.116480e-02	-1.082521e-04
4.119040e-02	-9.190246e-05
4.121600e-02	-7.580617e-05
4.124160e-02	-5.956722e-05
4.126720e-02	-4.370836e-05
4.129280e-02	-2.679490e-05
4.131840e-02	-1.134064e-05
4.134400e-02	5.729372e-06
4.136960e-02	2.152250e-05
4.139520e-02	3.807208e-05
4.142080e-02	5.354829e-05
4.144640e-02	7.018063e-05
4.147200e-02	8.609534e-05
4.149760e-02	1.021293e-04
4.152320e-02	1.182656e-04
4.154880e-02	1.342048e-04
4.157440e-02	1.499187e-04
4.160000e-02	1.662923e-04
4.162560e-02	1.818035e-04
4.165120e-02	1.978834e-04
4.167680e-02	2.131262e-04
4.170240e-02	2.294297e-04
4.172800e-02	2.444102e-04
4.175360e-02	2.601635e-04
4.177920e-02	2.752895e-04
4.180480e-02	2.914792e-04
4.183040e-02	3.060515e-04
4.185600e-02	3.221950e-04
4.188160e-02	3.368306e-04
4.190720e-02	3.518225e-04
4.193280e-02	3.672445e-04
4.195840e-02	3.819197e-04
4.198400e-02	3.962581e-04
4.200960e-02	4.114873e-04
4.203520e-02	4.259101e-04
4.206080e-02	4.404098e-04
4.208640e-02	4.546959e-04
4.211200e-02	4.693060e-04
4.213760e-02	4.826368e-04
4.216320e-02	4.971063e-04
4.218880e-02	5.101573e-04
4.221440e-02	5.243988e-04
4.224000e-02	5.379013e-04
4.226560e-02	5.516515e-04
4.229120e-02	5.645212e-04
4.231680e-02	5.779193e-04
4.234240e-02	5.904363e-04
4.236800e-02	6.039250e-04
4.239360e-02	6.165069e-04
4.241920e-02	6.289922e-04
4.244480e-02	6.408458e-04
4.247040e-02	6.537189e-04
4.249600e-02	6.653804e-04
4.252160e-02	6.774500e-04
4.254720e-02	6.892007e-04
4.257280e-02	7.007372e-04
4.259840e-02	7.116834e-04
4.262400e-02	7.233673e-04
4.264960e-02	7.337453e-04
4.267520e-02	7.454213e-04
4.270080e-02	7.552471e-04
4.272640e-02	7.658032e-04
4.275200e-02	7.761897e-04
4.277760e-02	7.865525e-04
4.280320e-02	7.957933e-04
4.282880e-02	8.058412e-04
4.285440e-02	8.149732e-04
4.288000e-02	8.244092e-04
4.290560e-02	8.337629e-04
4.293120e-02	8.424774e-04
4.295680e-02	8.506259e-04
4.298240e-02	8.598127e-04
4.300800e-02	8.670086e-04
4.303360e-02	8.754055e-04
4.305920e-02	8.828788e-04
4.308480e-02	8.904479e-04
4.311040e-02	8.974599e-04
4.313600e-02	9.049223e-04
4.316160e-02	9.110368e-04
4.318720e-02	9.183707e-04
4.321280e-02	9.244601e-04
4.323840e-02	9.305712e-04
4.326400e-02	9.363363e-04
4.328960e-02	9.422122e-04
4.331520e-02	9.471371e-04
4.334080e-02	9.526876e-04
4.336640e-02	9.572733e-04
4.339200e-02	9.624180e-04
4.341760e-02	9.664978e-04
4.344320e-02	9.708658e-04
4.346880e-02	9.749829e-04
4.349440e-02	9.788978e-04
4.352000e-02	9.820440e-04
4.354560e-02	9.859463e-04
4.357120e-02	9.880852e-04
4.359680e-02	9.910234e-04
4.362240e-02	9.938021e-04
4.364800e-02	9.963302e-04
4.367360e-02	9.978516e-04
4.369920e-02	1.000438e-03
4.372480e-02	1.001373e-03
4.375040e-02	1.003322e-03
4.377600e-02	1.003709e-03
4.380160e-02	1.004831e-03
4.382720e-02	1.005178e-03
4.385280e-02	1.005239e-03
4.387840e-02	1.005624e-03
4.390400e-02	1.005392e-03
4.392960e-02	1.004590e-03
4.395520e-02	1.004507e-03
4.398080e-02	1.003115e-03
4.400640e-02	1.002888e-03
4.403200e-02	1.000475e-03
4.405760e-02	9.989688e-04
4.408320e-02	9.972749e-04
4.410880e-02	9.950841e-04
4.413440e-02	9.923214e-04
4.416000e-02	9.900518e-04
4.418560e-02	9.866097e-04
4.421120e-02	9.838799e-04
4.423680e-02	9.802668e-04
4.426240e-02	9.771718e-04
4.428800e-02	9.727574e-04
4.431360e-02	9.691134e-04
4.433920e-02	9.645360e-04
4.436480e-02	9.601902e-04
4.439040e-02	9.551640e-04
4.441600e-02	9.500067e-04
4.444160e-02	9.443380e-04
4.446720e-02	9.393506e-04
4.449280e-02	9.326671e-04
4.451840e-02	9.274852e-04
4.454400e-02	9.208377e-04
4.456960e-02	9.143258e-04
4.459520e-02	9.076435e-04
4.462080e-02	9.006826e-04
4.464640e-02	8.932982e-04
4.467200e-02	8.861235e-04
4.469760e-02	8.781109e-04
4.472320e-02	8.702314e-04
4.474880e-02	8.618368e-04
4.477440e-02	8.539736e-04
4.480000e-02	8.447852e-04
4.482560e-02	8.364948e-04
4.485120e-02	8.269718e-04
4.487680e-02	8.178838e-04
4.490240e-02	8.082260e-04
4.492800e-02	7.990217e-04
4.495360e-02	7.885313e-04
4.497920e-02	7.795065e-04
4.500480e-02	7.685157e-04
4.503040e-02	7.579350e-04
4.505600e-02	7.473960e-04
4.508160e-02	7.365016e-04
4.510720e-02	7.254616e-04
4.513280e-02	7.141767e-04
4.515840e-02	7.022078e-04
4.518400e-02	6.909637e-04
4.520960e-02	6.787262e-04
4.523520e-02	6.671313e-04
4.526080e-02	6.541242e-04
4.528640e-02	6.423579e-04
4.531200e-02	6.292068e-04
4.533760e-02	6.168270e-04
4.536320e-02	6.037863e-04
4.538880e-02	5.908292e-04
4.541440e-02	5.774397e-04
4.544000e-02	5.640063e-04
4.546560e-02	5.504026e-04
4.549120e-02	5.371327e-04
4.551680e-02	5.227003e-04
4.554240e-02	5.087359e-04
4.556800e-02	4.945290e-04
4.559360e-02	4.810774e-04
4.561920e-02	4.656312e-04
4.564480e-02	4.519833e-04
4.567040e-02	4.364556e-04
4.569600e-02	4.215430e-04
4.572160e-02	4.067706e-04
4.574720e-02	3.917151e-04
4.577280e-02	3.764557e-04
4.579840e-02	3.612050e-04
4.582400e-02	3.458309e-04
4.584960e-02	3.303708e-04
4.587520e-02	3.143790e-04
4.590080e-02	2.995283e-04
4.592640e-02	2.830832e-04
4.595200e-02	2.679503e-04
4.597760e-02	2.513827e-04
4.600320e-02	2.355311e-04
4.602880e-02	2.193535e-04
4.605440e-02	2.032037e-04
4.608000e-02	1.870913e-04
4.610560e-02	1.709463e-04
4.613120e-02	1.540926e-04
4.615680e-02	1.381775e-04
4.618240e-02	1.213136e-04
4.620800e-02	1.053524e-04
4.623360e-02	8.808064e-05
4.625920e-02	7.204823e-05
4.628480e-02	5.530361e-05
4.631040e-02	3.897936e-05
4.633600e-02	2.152177e-05
4.636160e-02	5.564351e-06
4.638720e-02	-1.125860e-05
4.641280e-02	-2.815135e-05
4.643840e-02	-4.462072e-05
4.646400e-02	-6.143610e-05
4.648960e-02	-7.807111e-05
4.651520e-02	-9.445661e-05
4.654080e-02	-1.115305e-04
4.656640e-02	-1.277119e-04
4.659200e-02	-1.449283e-04
4.661760e-02	-1.607766e-04
4.664320e-02	-1.779552e-04
4.666880e-02	-1.941861e-04
4.669440e-02	-2.107506e-04
4.672000e-02	-2.270721e-04
4.674560e-02	-2.436704e-04
4.677120e-02	-2.595079e-04
4.679680e-02	-2.766396e-04
4.682240e-02	-2.919946e-04
4.684800e-02	-3.087047e-04
4.687360e-02	-3.241290e-04
4.689920e-02	-3.402879e-04
4.692480e-02	-3.564360e-04
4.695040e-02	-3.719481e-04
4.697600e-02	-3.876048e-04
4.700160e-02	-4.036617e-04
4.702720e-02	-4.188693e-04
4.705280e-02	-4.340998e-04
4.707840e-02	-4.491964e-04
4.710400e-02	-4.648740e-04
4.712960e-02	-4.793142e-04
4.715520e-02	-4.945544e-04
4.718080e-02	-5.093554e-04
4.720640e-02	-5.241453e-04
4.723200e-02	-5.380096e-04
4.725760e-02	-5.532316e-04
4.728320e-02	-5.671257e-04
4.730880e-02	-5.816143e-04
4.733440e-02	-5.951606e-04
4.736000e-02	-6.092910e-04
4.738560e-02	-6.226374e-04
4.741120e-02	-6.362391e-04
4.743680e-02	-6.492993e-04
4.746240e-02	-6.628907e-04
4.748800e-02	-6.752976e-04
4.751360e-02	-6.885342e-04
4.753920e-02	-7.008624e-04
4.756480e-02	-7.134553e-04
4.759040e-02	-7.255142e-04
4.761600e-02	-7.379414e-04
4.764160e-02	-7.493894e-04
4.766720e-02	-7.614888e-04
4.769280e-02	-7.722551e-04
4.771840e-02	-7.840968e-04
4.774400e-02	-7.950156e-04
4.776960e-02	-8.053058e-04
4.779520e-02	-8.162293e-04
4.782080e-02	-8.265263e-04
4.784640e-02	-8.361488e-04
4.787200e-02	-8.468960e-04
4.789760e-02	-8.558284e-04
4.792320e-02	-8.654720e-04
4.794880e-02	-8.749083e-04
4.797440e-02	-8.842706e-04
4.800000e-02	-8.921370e-04
4.802560e-02	-9.012232e-04
4.805120e-02	-9.090109e-04
4.807680e-02	-9.171822e-04
4.810240e-02	-9.249836e-04
4.812800e-02	-9.328724e-04
4.815360e-02	-9.396942e-04
4.817920e-02	-9.467522e-04
4.820480e-02	-9.532820e-04
4.823040e-02	-9.598359e-04
4.825600e-02	-9.658122e-04
4.828160e-02	-9.727146e-04
4.830720e-02	-9.775391e-04
4.833280e-02	-9.832883e-04
4.835840e-02	-9.879207e-04
4.838400e-02	-9.933966e-04
4.840960e-02	-9.973902e-04
4.843520e-02	-1.001490e-03
4.846080e-02	-1.005706e-03
4.848640e-02	-1.009490e-03
4.851200e-02	-1.013075e-03
4.853760e-02	-1.016608e-03
4.856320e-02	-1.019195e-03
4.858880e-02	-1.021895e-03
4.861440e-02	-1.023786e-03
4.864000e-02	-1.026238e-03
4.866560e-02	-1.027832e-03
4.869120e-02	-1.029794e-03
4.871680e-02	-1.030668e-03
4.874240e-02	-1.032068e-03
4.876800e-02	-1.031985e-03
4.879360e-02	-1.032880e-03
4.881920e-02	-1.032800e-03
4.884480e-02	-1.032771e-03
4.887040e-02	-1.032233e-03
4.889600e-02	-1.031697e-03
4.892160e-02	-1.030368e-03
4.894720e-02	-1.029753e-03
4.897280e-02	-1.027804e-03
4.899840e-02	-1.026092e-03
4.902400e-02	-1.023898e-03
4.904960e-02	-1.021810e-03
4.907520e-02	-1.018684e-03
4.910080e-02	-1.016202e-03
4.912640e-02	-1.012371e-03
4.915200e-02	-1.009240e-03
4.917760e-02	-1.005673e-03
4.920320e-02	-1.001888e-03
4.922880e-02	-9.972386e-04
4.925440e-02	-9.931561e-04
4.928000e-02	-9.883026e-04
4.930560e-02	-9.832393e-04
4.933120e-02	-9.777974e-04
4.935680e-02	-9.725670e-04
4.938240e-02	-9.664003e-04
4.940800e-02	-9.605783e-04
4.943360e-02	-9.536495e-04
4.945920e-02	-9.480080e-04
4.948480e-02	-9.407229e-04
4.951040e-02	-9.341144e-04
4.953600e-02	-9.260529e-04
4.956160e-02	-9.192905e-04
4.958720e-02	-9.111248e-04
4.961280e-02	-9.028356e-04
4.963840e-02	-8.949076e-04
4.966400e-02	-8.869605e-04
4.968960e-02	-8.777622e-04
4.971520e-02	-8.686885e-04
4.974080e-02	-8.600199e-04
4.976640e-02	-8.506059e-04
4.979200e-02	-8.408795e-04
4.981760e-02	-8.315581e-04
4.984320e-02	-8.207209e-04
4.986880e-02	-8.110915e-04
4.989440e-02	-8.004328e-04
4.992000e-02	-7.898477e-04
4.994560e-02	-7.792357e-04
4.997120e-02	-7.687749e-04
4.999680e-02	-7.563508e-04
5.002240e-02	-7.458932e-04
5.004800e-02	-7.338798e-04
5.007360e-02	-7.224738e-04
5.009920e-02	-7.103992e-04
5.012480e-02	-6.982522e-04
5.015040e-02	-6.860407e-04
5.017600e-02	-6.735720e-04
5.020160e-02	-6.604417e-04
5.022720e-02	-6.480255e-04
5.025280e-02	-6.348719e-04
5.027840e-02	-6.221993e-04
5.030400e-02	-6.085809e-04
5.032960e-02	-5.952533e-04
5.035520e-02	-5.818107e-04
5.038080e-02	-5.683264e-04
5.040640e-02	-5.539117e-04
5.043200e-02	-5.403382e-04
5.045760e-02	-5.257686e-04
5.048320e-02	-5.116267e-04
5.050880e-02	-4.968022e-04
5.053440e-02	-4.829307e-04
5.056000e-02	-4.680071e-04
5.058560e-02	-4.538645e-04
5.061120e-02	-4.387685e-04
5.063680e-02	-4.243412e-04
5.066240e-02	-4.088784e-04
5.068800e-02	-3.939486e-04
5.071360e-02	-3.788400e-04
5.073920e-02	-3.635642e-04
5.076480e-02	-3.475292e-04
5.079040e-02	-3.324140e-04
5.081600e-02	-3.167943e-04
5.084160e-02	-3.012804e-04
5.086720e-02	-2.854307e-04
5.089280e-02	-2.699865e-04
5.091840e-02	-2.539890e-04
5.094400e-02	-2.382915e-04
5.096960e-02	-2.220574e-04
5.099520e-02	-2.064256e-04
5.102080e-02	-1.899452e-04
5.104640e-02	-1.744053e-04
5.107200e-02	-1.577422e-04
5.109760e-02	-1.420301e-04
5.112320e-02	-1.258653e-04
5.114880e-02	-1.098436e-04
5.117440e-02	-9.328030e-05
5.120000e-02	-7.786253e-05
5.122560e-02	-6.127682e-05
5.125120e-02	-4.541673e-05
5.127680e-02	-2.870679e-05
5.130240e-02	-1.289076e-05
5.132800e-02	3.545478e-06
5.135360e-02	1.989848e-05
5.137920e-02	3.603173e-05
5.140480e-02	5.237784e-05
5.143040e-02	6.847471e-05
5.145600e-02	8.429428e-05
5.148160e-02	1.005695e-04
5.150720e-02	1.163486e-04
5.153280e-02	1.327958e-04
5.155840e-02	1.480800e-04
5.158400e-02	1.648629e-04
5.160960e-02	1.802034e-04
5.163520e-02	1.965541e-04
5.166080e-02	2.118314e-04
5.168640e-02	2.276787e-04
5.171200e-02	2.432112e-04
5.173760e-02	2.589087e-04
5.176320e-02	2.743476e-04
5.178880e-02	2.900666e-04
5.181440e-02	3.050145e-04
5.184000e-02	3.203854e-04
5.186560e-02	3.352983e-04
5.189120e-02	3.507174e-04
5.191680e-02	3.652237e-04
5.194240e-02	3.807707e-04
5.196800e-02	3.950868e-04
5.199360e-02	4.100712e-04
5.201920e-02	4.244326e-04
5.204480e-02	4.389901e-04
5.207040e-02	4.530309e-04
5.209600e-02	4.673198e-04
5.212160e-02	4.814910e-04
5.214720e-02	4.955439e-04
5.217280e-02	5.095763e-04
5.219840e-02	5.234508e-04
5.222400e-02	5.364228e-04
5.224960e-02	5.507114e-04
5.227520e-02	5.635815e-04
5.230080e-02	5.767948e-04
5.232640e-02	5.894147e-04
5.235200e-02	6.028068e-04
5.237760e-02	6.154008e-04
5.240320e-02	6.285248e-04
5.242880e-02	6.399268e-04
5.245440e-02	6.527132e-04
5.248000e-02	6.643136e-04
5.250560e-02	6.765206e-04
5.253120e-02	6.881922e-04
5.255680e-02	6.994592e-04
5.258240e-02	7.112868e-04
5.260800e-02	7.223160e-04
5.263360e-02	7.330462e-04
5.265920e-02	7.442523e-04
5.268480e-02	7.546173e-04
5.271040e-02	7.655749e-04
5.273600e-02	7.750088e-04
5.276160e-02	7.855210e-04
5.278720e-02	7.949800e-04
5.281280e-02	8.049725e-04
5.283840e-02	8.145494e-04
5.286400e-02	8.239814e-04
5.288960e-02	8.322772e-04
5.291520e-02	8.417715e-04
5.294080e-02	8.502871e-04
5.296640e-02	8.585232e-04
5.299200e-02	8.665426e-04
5.301760e-02	8.749485e-04
5.304320e-02	8.817236e-04
5.306880e-02	8.900697e-04
5.309440e-02	8.969225e-04
5.312000e-02	9.040141e-04
5.314560e-02	9.110153e-04
5.317120e-02	9.175253e-04
5.319680e-02	9.239818e-04
5.322240e-02	9.301315e-04
5.324800e-02	9.358624e-04
5.327360e-02	9.416114e-04
5.329920e-02	9.470204e-04
5.332480e-02	9.527512e-04
5.335040e-02	9.569243e-04
5.337600e-02	9.623622e-04
5.340160e-02	9.663219e-04
5.342720e-02	9.710986e-04
5.345280e-02	9.745755e-04
5.347840e-02	9.783956e-04
5.350400e-02	9.817977e-04
5.352960e-02	9.852927e-04
5.355520e-02	9.880802e-04
5.358080e-02	9.913233e-04
5.360640e-02	9.934015e-04
5.363200e-02	9.958690e-04
5.365760e-02	9.981785e-04
5.368320e-02	9.997353e-04
5.370880e-02	1.001268e-03
5.373440e-02	1.003048e-03
5.376000e-02	1.003162e-03
5.378560e-02	1.004906e-03
5.381120e-02	1.005375e-03
5.383680e-02	1.006006e-03
5.386240e-02	1.005446e-03
5.388800e-02	1.005438e-03
5.391360e-02	1.004944e-03
5.393920e-02	1.004463e-03
5.396480e-02	1.003670e-03
5.399040e-02	1.002906e-03
5.401600e-02	1.000866e-03
5.404160e-02	9.993757e-04
5.406720e-02	9.974716e-04
5.409280e-02	9.955649e-04
5.411840e-02	9.928775e-04
5.414400e-02	9.907563e-04
5.416960e-02	9.871997e-04
5.419520e-02	9.846350e-04
5.422080e-02	9.808603e-04
5.424640e-02	9.771802e-04
5.427200e-02	9.734174e-04
5.429760e-02	9.693188e-04
5.432320e-02	9.650535e-04
5.434880e-02	9.606065e-04
5.437440e-02	9.553786e-04
5.440000e-02	9.507446e-04
5.442560e-02	9.447093e-04
5.445120e-02	9.404247e-04
5.447680e-02	9.338268e-04
5.450240e-02	9.277025e-04
5.452800e-02	9.215383e-04
5.455360e-02	9.147738e-04
5.457920e-02	9.081737e-04
5.460480e-02	9.014774e-04
5.463040e-02	8.936979e-04
5.465600e-02	8.869876e-04
5.468160e-02	8.792065e-04
5.470720e-02	8.711856e-04
5.473280e-02	8.627573e-04
5.475840e-02	8.550242e-04
5.478400e-02	8.464222e-04
5.480960e-02	8.373967e-04
5.483520e-02	8.279735e-04
5.486080e-02	8.193275e-04
5.488640e-02	8.092993e-04
5.491200e-02	8.003328e-04
5.493760e-02	7.903459e-04
5.496320e-02	7.807632e-04
5.498880e-02	7.694065e-04
5.501440e-02	7.591594e-04
5.504000e-02	7.486620e-04
5.506560e-02	7.374436e-04
5.509120e-02	7.261198e-04
5.511680e-02	7.154141e-04
5.514240e-02	7.038797e-04
5.516800e-02	6.922978e-04
5.519360e-02	6.803977e-04
5.521920e-02	6.682519e-04
5.524480e-02	6.556188e-04
5.527040e-02	6.439676e-04
5.529600e-02	6.307748e-04
5.532160e-02	6.183687e-04
5.534720e-02	6.050458e-04
5.537280e-02	5.926581e-04
5.539840e-02	5.791520e-04
5.542400e-02	5.654185e-04
5.544960e-02	5.522450e-04
5.547520e-02	5.386055e-04
5.550080e-02	5.243629e-04
5.552640e-02	5.107755e-04
5.555200e-02	4.958269e-04
5.557760e-02	4.824823e-04
5.560320e-02	4.674721e-04
5.562880e-02	4.532855e-04
5.565440e-02	4.382561e-04
5.568000e-02	4.231429e-04
5.570560e-02	4.083301e-04
5.573120e-02	3.932293e-04
5.575680e-02	3.782648e-04
5.578240e-02	3.632640e-04
5.580800e-02	3.472534e-04
5.583360e-02	3.322830e-04
5.585920e-02	3.164538e-04
5.588480e-02	3.009356e-04
5.591040e-02	2.847681e-04
5.593600e-02	2.692137e-04
5.596160e-02	2.530182e-04
5.598720e-02	2.371598e-04
5.601280e-02	2.209058e-04
5.603840e-02	2.055870e-04
5.606400e-02	1.881857e-04
5.608960e-02	1.724871e-04
5.611520e-02	1.560459e-04
5.614080e-02	1.395971e-04
5.616640e-02	1.228325e-04
5.619200e-02	1.067329e-04
5.621760e-02	9.046884e-05
5.624320e-02	7.343412e-05
5.626880e-02	5.708829e-05
5.629440e-02	4.065464e-05
5.632000e-02	2.364433e-05
5.634560e-02	7.559665e-06
5.637120e-02	-9.924703e-06
5.639680e-02	-2.622183e-05
5.642240e-02	-4.330399e-05
5.644800e-02	-5.951319e-05
5.647360e-02	-7.647571e-05
5.649920e-02	-9.286703e-05
5.652480e-02	-1.095935e-04
5.655040e-02	-1.261772e-04
5.657600e-02	-1.431329e-04
5.660160e-02	-1.595881e-04
5.662720e-02	-1.762547e-04
5.665280e-02	-1.924820e-04
5.667840e-02	-2.091565e-04
5.670400e-02	-2.252756e-04
5.672960e-02	-2.421660e-04
5.675520e-02	-2.576341e-04
5.678080e-02	-2.747155e-04
5.680640e-02	-2.904359e-04
5.683200e-02	-3.064453e-04
5.685760e-02	-3.228171e-04
5.688320e-02	-3.390633e-04
5.690880e-02	-3.546550e-04
5.693440e-02	-3.707415e-04
5.696000e-02	-3.862078e-04
5.698560e-02	-4.017267e-04
5.701120e-02	-4.171913e-04
5.703680e-02	-4.329434e-04
5.706240e-02	-4.479057e-04
5.708800e-02	-4.632202e-04
5.711360e-02	-4.779139e-04
5.713920e-02	-4.936281e-04
5.716480e-02	-5.078694e-04
5.719040e-02	-5.228641e-04
5.721600e-02	-5.371951e-04
5.724160e-02	-5.517558e-04
5.726720e-02	-5.659431e-04
5.729280e-02	-5.800165e-04
5.731840e-02	-5.940624e-04
5.734400e-02	-6.082862e-04
5.736960e-02	-6.213084e-04
5.739520e-02	-6.350680e-04
5.742080e-02	-6.478722e-04
5.744640e-02	-6.617789e-04
5.747200e-02	-6.744422e-04
5.749760e-02	-6.871090e-04
5.752320e-02	-6.999612e-04
5.754880e-02	-7.123071e-04
5.757440e-02	-7.241461e-04
5.760000e-02	-7.369672e-04
5.762560e-02	-7.483714e-04
5.765120e-02	-7.602916e-04
5.767680e-02	-7.712150e-04
5.770240e-02	-7.827537e-04
5.772800e-02	-7.937960e-04
5.775360e-02	-8.047279e-04
5.777920e-02	-8.151564e-04
5.780480e-02	-8.259060e-04
5.783040e-02	-8.356361e-04
5.785600e-02	-8.453987e-04
5.788160e-02	-8.553276e-04
5.790720e-02	-8.653379e-04
5.793280e-02	-8.736266e-04
5.795840e-02	-8.832323e-04
5.798400e-02	-8.917886e-04
5.800960e-02	-9.005419e-04
5.803520e-02	-9.081770e-04
5.806080e-02	-9.167145e-04
5.808640e-02	-9.240434e-04
5.811200e-02	-9.316988e-04
5.813760e-02	-9.394702e-04
5.816320e-02	-9.462520e-04
5.818880e-02	-9.527831e-04
5.821440e-02	-9.592908e-04
5.824000e-02	-9.653599e-04
5.826560e-02	-9.716402e-04
5.829120e-02	-9.771098e-04
5.831680e-02	-9.829032e-04
5.834240e-02	-9.869703e-04
5.836800e-02	-9.923571e-04
5.839360e-02	-9.969139e-04
5.841920e-02	-1.001604e-03
5.844480e-02	-1.005267e-03
5.847040e-02	-1.009084e-03
5.849600e-02	-1.012498e-03
5.852160e-02	-1.016370e-03
5.854720e-02	-1.018906e-03
5.857280e-02	-1.021699e-03
5.859840e-02	-1.024270e-03
5.862400e-02	-1.026358e-03
5.864960e-02	-1.027749e-03
5.867520e-02	-1.029951e-03
5.870080e-02	-1.030898e-03
5.872640e-02	-1.032014e-03
5.875200e-02	-1.032533e-03
5.877760e-02	-1.033157e-03
5.880320e-02	-1.032980e-03
5.882880e-02	-1.033060e-03
5.885440e-02	-1.032692e-03
5.888000e-02	-1.032273e-03
5.890560e-02	-1.030561e-03
5.893120e-02	-1.029568e-03
5.895680e-02	-1.028105e-03
5.898240e-02	-1.026698e-03
5.900800e-02	-1.024593e-03
5.903360e-02	-1.022283e-03
5.905920e-02	-1.019277e-03
5.908480e-02	-1.016910e-03
5.911040e-02	-1.013019e-03
5.913600e-02	-1.010061e-03
5.916160e-02	-1.006100e-03
5.918720e-02	-1.002551e-03
5.921280e-02	-9.979679e-04
5.923840e-02	-9.939263e-04
5.926400e-02	-9.889816e-04
5.928960e-02	-9.837338e-04
5.931520e-02	-9.785231e-04
5.934080e-02	-9.729710e-04
5.936640e-02	-9.672369e-04
5.939200e-02	-9.614097e-04
5.941760e-02	-9.546090e-04
5.944320e-02	-9.486515e-04
5.946880e-02	-9.415585e-04
5.949440e-02	-9.351474e-04
5.952000e-02	-9.273061e-04
5.954560e-02	-9.202732e-04
5.957120e-02	-9.121789e-04
5.959680e-02	-9.039706e-04
5.962240e-02	-8.961060e-04
5.964800e-02	-8.875646e-04
5.967360e-02	-8.786468e-04
5.969920e-02	-8.703343e-04
5.972480e-02	-8.605132e-04
5.975040e-02	-8.513294e-04
5.977600e-02	-8.417055e-04
5.980160e-02	-8.327261e-04
5.982720e-02	-8.219181e-04
5.985280e-02	-8.122339e-04
5.987840e-02	-8.018008e-04
5.990400e-02	-7.912023e-04
5.992960e-02	-7.801357e-04
5.995520e-02	-7.693946e-04
5.998080e-02	-7.582971e-04
6.000640e-02	-7.464723e-04
6.003200e-02	-7.346556e-04
6.005760e-02	-7.231421e-04
6.008320e-02	-7.112609e-04
6.010880e-02	-6.997703e-04
6.013440e-02	-6.868470e-04
6.016000e-02	-6.747599e-04
6.018560e-02	-6.618097e-04
6.021120e-02	-6.494350e-04
6.023680e-02	-6.361181e-04
6.026240e-02	-6.233648e-04
6.028800e-02	-6.099911e-04
6.031360e-02	-5.965843e-04
6.033920e-02	-5.831420e-04
6.036480e-02	-5.694684e-04
6.039040e-02	-5.550786e-04
6.041600e-02	-5.417584e-04
6.044160e-02	-5.271686e-04
6.046720e-02	-5.133933e-04
6.049280e-02	-4.987827e-04
6.051840e-02	-4.845008e-04
6.054400e-02	-4.697746e-04
6.056960e-02	-4.552950e-04
6.059520e-02	-4.401332e-04
6.062080e-02	-4.252889e-04
6.064640e-02	-4.102874e-04
6.067200e-02	-3.953656e-04
6.069760e-02	-3.796294e-04
6.072320e-02	-3.649896e-04
6.074880e-02	-3.495095e-04
6.077440e-02	-3.340559e-04
6.080000e-02	-3.179818e-04
6.082560e-02	-3.029635e-04
6.085120e-02	-2.871815e-04
6.087680e-02	-2.714183e-04
6.090240e-02	-2.555804e-04
6.092800e-02	-2.398770e-04
6.095360e-02	-2.236409e-04
6.097920e-02	-2.079091e-04
6.100480e-02	-1.912876e-04
6.103040e-02	-1.762113e-04
6.105600e-02	-1.601288e-04
6.108160e-02	-1.433952e-04
6.110720e-02	-1.274501e-04
6.113280e-02	-1.114990e-04
6.115840e-02	-9.504472e-05
6.118400e-02	-7.919315e-05
6.120960e-02	-6.273469e-05
6.123520e-02	-4.705231e-05
6.126080e-02	-3.006051e-05
6.128640e-02	-1.436568e-05
6.131200e-02	1.956657e-06
6.133760e-02	1.820055e-05
6.136320e-02	3.487632e-05
6.138880e-02	5.052245e-05
6.141440e-02	6.703462e-05
6.144000e-02	8.285509e-05
6.146560e-02	9.896534e-05
6.149120e-02	1.146299e-04
6.151680e-02	1.310341e-04
6.154240e-02	1.469611e-04
6.156800e-02	1.626144e-04
6.159360e-02	1.787868e-04
6.161920e-02	1.950784e-04
6.164480e-02	2.101798e-04
6.167040e-02	2.265880e-04
6.169600e-02	2.416512e-04
6.172160e-02	2.572624e-04
6.174720e-02	2.726988e-04
6.177280e-02	2.882078e-04
6.179840e-02	3.034806e-04
6.182400e-02	3.192611e-04
6.184960e-02	3.339426e-04
6.187520e-02	3.491621e-04
6.190080e-02	3.641378e-04
6.192640e-02	3.794301e-04
6.195200e-02	3.937686e-04
6.197760e-02	4.081844e-04
6.200320e-02	4.228965e-04
6.202880e-02	4.379759e-04
6.205440e-02	4.513527e-04
6.208000e-02	4.662622e-04
6.210560e-02	4.801310e-04
6.213120e-02	4.940129e-04
6.215680e-02	5.080404e-04
6.218240e-02	5.218631e-04
6.220800e-02	5.352992e-04
6.223360e-02	5.492257e-04
6.225920e-02	5.625470e-04
6.228480e-02	5.755494e-04
6.231040e-02	5.881371e-04
6.233600e-02	6.014080e-04
6.236160e-02	6.138303e-04
6.238720e-02	6.267422e-04
6.241280e-02	6.386588e-04
6.243840e-02	6.515642e-04
6.246400e-02	6.632673e-04
6.248960e-02	6.756859e-04
6.251520e-02	6.866209e-04
6.254080e-02	6.982083e-04
6.256640e-02	7.097663e-04
6.259200e-02	7.210118e-04
6.261760e-02	7.321925e-04
6.264320e-02	7.433058e-04
6.266880e-02	7.535790e-04
6.269440e-02	7.639923e-04
6.272000e-02	7.742949e-04
6.274560e-02	7.845996e-04
6.277120e-02	7.936023e-04
6.279680e-02	8.035304e-04
6.282240e-02	8.131475e-04
6.284800e-02	8.228493e-04
6.287360e-02	8.312086e-04
6.289920e-02	8.406760e-04
6.292480e-02	8.492341e-04
6.295040e-02	8.575360e-04
6.297600e-02	8.656101e-04
6.300160e-02	8.739328e-04
6.302720e-02	8.815280e-04
6.305280e-02	8.894200e-04
6.307840e-02	8.961765e-04
6.310400e-02	9.035080e-04
6.312960e-02	9.102967e-04
6.315520e-02	9.169443e-04
6.318080e-02	9.230854e-04
6.320640e-02	9.297417e-04
6.323200e-02	9.353099e-04
6.325760e-02	9.408189e-04
6.328320e-02	9.467369e-04
6.330880e-02	9.520319e-04
6.333440e-02	9.564768e-04
6.336000e-02	9.621060e-04
6.338560e-02	9.658867e-04
6.341120e-02	9.704745e-04
6.343680e-02	9.742795e-04
6.346240e-02	9.782360e-04
6.348800e-02	9.816429e-04
6.351360e-02	9.850077e-04
6.353920e-02	9.878966e-04
6.356480e-02	9.910739e-04
6.359040e-02	9.929993e-04
6.361600e-02	9.961239e-04
6.364160e-02	9.978688e-04
6.366720e-02	9.996865e-04
6.369280e-02	1.001216e-03
6.371840e-02	1.002659e-03
6.374400e-02	1.003522e-03
6.376960e-02	1.004484e-03
6.379520e-02	1.005186e-03
6.382080e-02	1.005416e-03
6.384640e-02	1.005538e-03
6.387200e-02	1.005747e-03
6.389760e-02	1.004927e-03
6.392320e-02	1.004699e-03
6.394880e-02	1.003429e-03
6.397440e-02	1.002809e-03
6.400000e-02	1.000923e-03
6.402560e-02	9.997378e-04
6.405120e-02	9.976919e-04
6.407680e-02	9.954327e-04
6.410240e-02	9.931424e-04
6.412800e-02	9.906061e-04
6.415360e-02	9.872656e-04
6.417920e-02	9.852267e-04
6.420480e-02	9.810859e-04
6.423040e-02	9.776747e-04
6.425600e-02	9.737518e-04
6.428160e-02	9.696683e-04
6.430720e-02	9.655820e-04
6.433280e-02	9.611494e-04
6.435840e-02	9.560689e-04
6.438400e-02	9.513068e-04
6.440960e-02	9.458897e-04
6.443520e-02	9.401463e-04
6.446080e-02	9.342923e-04
6.448640e-02	9.289487e-04
6.451200e-02	9.218561e-04
6.453760e-02	9.155674e-04
6.456320e-02	9.090796e-04
6.458880e-02	9.021834e-04
6.461440e-02	8.947752e-04
6.464000e-02	8.881551e-04
6.466560e-02	8.792997e-04
6.469120e-02	8.719758e-04
6.471680e-02	8.637533e-04
6.474240e-02	8.555533e-04
6.476800e-02	8.468981e-04
6.479360e-02	8.381392e-04
6.481920e-02	8.291173e-04
6.484480e-02	8.199399e-04
6.487040e-02	8.107951e-04
6.489600e-02	8.011921e-04
6.492160e-02	7.911511e-04
6.494720e-02	7.812611e-04
6.497280e-02	7.706706e-04
6.499840e-02	7.605013e-04
6.502400e-02	7.492865e-04
6.504960e-02	7.389797e-04
6.507520e-02	7.276930e-04
6.510080e-02	7.164225e-04
6.512640e-02	7.047090e-04
6.515200e-02	6.935278e-04
6.517760e-02	6.810113e-04
6.520320e-02	6.693607e-04
6.522880e-02	6.571324e-04
6.525440e-02	6.449806e-04
6.528000e-02	6.321854e-04
6.530560e-02	6.195130e-04
6.533120e-02	6.065398e-04
6.535680e-02	5.935926e-04
6.538240e-02	5.802538e-04
6.540800e-02	5.671026e-04
6.543360e-02	5.531318e-04
6.545920e-02	5.397648e-04
6.548480e-02	5.254158e-04
6.551040e-02	5.123039e-04
6.553600e-02	4.975567e-04
6.556160e-02	4.830059e-04
6.558720e-02	4.685990e-04
6.561280e-02	4.542947e-04
6.563840e-02	4.394259e-04
6.566400e-02	4.245805e-04
6.568960e-02	4.097329e-04
6.571520e-02	3.947042e-04
6.574080e-02	3.795665e-04
6.576640e-02	3.646720e-04
6.579200e-02	3.485067e-04
6.581760e-02	3.336751e-04
6.584320e-02	3.175871e-04
6.586880e-02	3.024356e-04
6.589440e-02	2.866828e-04
6.592000e-02	2.705149e-04
6.594560e-02	2.548046e-04
6.597120e-02	2.389980e-04
6.599680e-02	2.221658e-04
6.602240e-02	2.066860e-04
6.604800e-02	1.902990e-04
6.607360e-02	1.740417e-04
6.609920e-02	1.571795e-04
6.612480e-02	1.412946e-04
6.615040e-02	1.248641e-04
6.617600e-02	1.084106e-04
6.620160e-02	9.164836e-05
6.622720e-02	7.522768e-05
6.625280e-02	5.819162e-05
6.627840e-02	4.193070e-05
6.630400e-02	2.518206e-05
6.632960e-02	8.096988e-06
6.635520e-02	-8.325471e-06
6.638080e-02	-2.450482e-05
6.640640e-02	-4.177753e-05
6.643200e-02	-5.821204e-05
6.645760e-02	-7.512782e-05
6.648320e-02	-9.110224e-05
6.650880e-02	-1.087908e-04
6.653440e-02	-1.247822e-04
6.656000e-02	-1.415939e-04
6.658560e-02	-1.579617e-04
6.661120e-02	-1.745646e-04
6.663680e-02	-1.911542e-04
6.666240e-02	-2.075129e-04
6.668800e-02	-2.238454e-04
6.671360e-02	-2.403700e-04
6.673920e-02	-2.565857e-04
6.676480e-02	-2.731029e-04
6.679040e-02	-2.889970e-04
6.681600e-02	-3.052057e-04
6.684160e-02	-3.212447e-04
6.686720e-02	-3.372677e-04
6.689280e-02	-3.530081e-04
6.691840e-02	-3.688511e-04
6.694400e-02	-3.841144e-04
6.696960e-02	-4.005597e-04
6.699520e-02	-4.155581e-04
6.702080e-02	-4.314764e-04
6.704640e-02	-4.465452e-04
6.707200e-02	-4.616835e-04
6.709760e-02	-4.764076e-04
6.712320e-02	-4.917677e-04
6.714880e-02	-5.065360e-04
6.717440e-02	-5.216493e-04
6.720000e-02	-5.355718e-04
6.722560e-02	-5.504664e-04
6.725120e-02	-5.643362e-04
6.727680e-02	-5.785637e-04
6.730240e-02	-5.929893e-04
6.732800e-02	-6.060363e-04
6.735360e-02	-6.198338e-04
6.737920e-02	-6.338985e-04
6.740480e-02	-6.469114e-04
6.743040e-02	-6.605303e-04
6.745600e-02	-6.730972e-04
6.748160e-02	-6.861334e-04
6.750720e-02	-6.982727e-04
6.753280e-02	-7.114346e-04
6.755840e-02	-7.230410e-04
6.758400e-02	-7.351012e-04
6.760960e-02	-7.472796e-04
6.763520e-02	-7.590957e-04
6.766080e-02	-7.699984e-04
6.768640e-02	-7.817350e-04
6.771200e-02	-7.925999e-04
6.773760e-02	-8.037019e-04
6.776320e-02	-8.143138e-04
6.778880e-02	-8.245424e-04
6.781440e-02	-8.345423e-04
6.784000e-02	-8.449753e-04
6.786560e-02	-8.540651e-04
6.789120e-02	-8.636697e-04
6.791680e-02	-8.729110e-04
6.794240e-02	-8.822832e-04
6.796800e-02	-8.911066e-04
6.799360e-02	-8.995685e-04
6.801920e-02	-9.074608e-04
6.804480e-02	-9.162943e-04
6.807040e-02	-9.233565e-04
6.809600e-02	-9.305186e-04
6.812160e-02	-9.380272e-04
6.814720e-02	-9.457761e-04
6.817280e-02	-9.523466e-04
6.819840e-02	-9.586528e-04
6.822400e-02	-9.644505e-04
6.824960e-02	-9.711228e-04
6.827520e-02	-9.761514e-04
6.830080e-02	-9.820828e-04
6.832640e-02	-9.870770e-04
6.835200e-02	-9.919673e-04
6.837760e-02	-9.967063e-04
6.840320e-02	-1.000999e-03
6.842880e-02	-1.004935e-03
6.845440e-02	-1.009358e-03
6.848000e-02	-1.012582e-03
6.850560e-02	-1.015394e-03
6.853120e-02	-1.018567e-03
6.855680e-02	-1.021835e-03
6.858240e-02	-1.023710e-03
6.860800e-02	-1.026322e-03
6.863360e-02	-1.027726e-03
6.865920e-02	-1.029298e-03
6.868480e-02	-1.030072e-03
6.871040e-02	-1.031727e-03
6.873600e-02	-1.032240e-03
6.876160e-02	-1.032672e-03
6.878720e-02	-1.033121e-03
6.881280e-02	-1.033047e-03
6.883840e-02	-1.032518e-03
6.886400e-02	-1.031746e-03
6.888960e-02	-1.030702e-03
6.891520e-02	-1.030096e-03
6.894080e-02	-1.028216e-03
6.896640e-02	-1.026824e-03
6.899200e-02	-1.024497e-03
6.901760e-02	-1.022426e-03
6.904320e-02	-1.019250e-03
6.906880e-02	-1.016779e-03
6.909440e-02	-1.013336e-03
6.912000e-02	-1.010617e-03
6.914560e-02	-1.006389e-03
6.917120e-02	-1.003024e-03
6.919680e-02	-9.986480e-04
6.922240e-02	-9.939478e-04
6.924800e-02	-9.900499e-04
6.927360e-02	-9.842720e-04
6.929920e-02	-9.785601e-04
6.932480e-02	-9.739667e-04
6.935040e-02	-9.679771e-04
6.937600e-02	-9.621065e-04
6.940160e-02	-9.554201e-04
6.942720e-02	-9.491633e-04
6.945280e-02	-9.421702e-04
6.947840e-02	-9.351370e-04
6.950400e-02	-9.278224e-04
6.952960e-02	-9.212156e-04
6.955520e-02	-9.126168e-04
6.958080e-02	-9.051368e-04
6.960640e-02	-8.966044e-04
6.963200e-02	-8.882411e-04
6.965760e-02	-8.800655e-04
6.968320e-02	-8.708800e-04
6.970880e-02	-8.616839e-04
6.973440e-02	-8.527749e-04
6.976000e-02	-8.426337e-04
6.978560e-02	-8.331729e-04
6.981120e-02	-8.230328e-04
6.983680e-02	-8.134103e-04
6.986240e-02	-8.027708e-04
6.988800e-02	-7.925512e-04
6.991360e-02	-7.814650e-04
6.993920e-02	-7.705082e-04
6.996480e-02	-7.591047e-04
6.999040e-02	-7.483006e-04
7.001600e-02	-7.364439e-04
7.004160e-02	-7.245728e-04
7.006720e-02	-7.129365e-04
7.009280e-02	-7.008554e-04
7.011840e-02	-6.884289e-04
7.014400e-02	-6.763877e-04
7.016960e-02	-6.634031e-04
7.019520e-02	-6.508196e-04
7.022080e-02	-6.378681e-04
7.024640e-02	-6.247605e-04
7.027200e-02	-6.110682e-04
7.029760e-02	-5.982197e-04
7.032320e-02	-5.840759e-04
7.034880e-02	-5.708264e-04
7.037440e-02	-5.567771e-04
7.040000e-02	-5.433445e-04
7.042560e-02	-5.287101e-04
7.045120e-02	-5.149929e-04
7.047680e-02	-5.005176e-04
7.050240e-02	-4.857152e-04
7.052800e-02	-4.714027e-04
7.055360e-02	-4.565507e-04
7.057920e-02	-4.415401e-04
7.060480e-02	-4.268315e-04
7.063040e-02	-4.118352e-04
7.065600e-02	-3.969078e-04
7.068160e-02	-3.816434e-04
7.070720e-02	-3.666222e-04
7.073280e-02	-3.506113e-04
7.075840e-02	-3.358966e-04
7.078400e-02	-3.193474e-04
7.080960e-02	-3.046523e-04
7.083520e-02	-2.885747e-04
7.086080e-02	-2.730781e-04
7.088640e-02	-2.574426e-04
7.091200e-02	-2.409204e-04
7.093760e-02	-2.254130e-04
7.096320e-02	-2.093693e-04
7.098880e-02	-1.931489e-04
7.101440e-02	-1.775395e-04
7.104000e-02	-1.609085e-04
7.106560e-02	-1.450933e-04
7.109120e-02	-1.289329e-04
7.111680e-02	-1.132317e-04
7.114240e-02	-9.635856e-05
7.116800e-02	-8.081651e-05
7.119360e-02	-6.457647e-05
7.121920e-02	-4.792388e-05
7.124480e-02	-3.165493e-05
7.127040e-02	-1.570429e-05
7.129600e-02	5.897917e-07
7.132160e-02	1.647523e-05
7.134720e-02	3.306243e-05
7.137280e-02	4.891470e-05
7.139840e-02	6.521041e-05
7.142400e-02	8.131018e-05
7.144960e-02	9.748539e-05
7.147520e-02	1.131798e-04
7.150080e-02	1.299997e-04
7.152640e-02	1.452679e-04
7.155200e-02	1.615141e-04
7.157760e-02	1.773850e-04
7.160320e-02	1.929311e-04
7.162880e-02	2.084447e-04
7.165440e-02	2.248705e-04
7.168000e-02	2.403095e-04
7.170560e-02	2.560286e-04
7.173120e-02	2.712392e-04
7.175680e-02	2.865163e-04
7.178240e-02	3.019861e-04
7.180800e-02	3.174249e-04
7.183360e-02	3.326532e-04
7.185920e-02	3.477471e-04
7.188480e-02	3.625287e-04
7.191040e-02	3.775568e-04
7.193600e-02	3.918657e-04
7.196160e-02	4.073130e-04
7.198720e-02	4.212882e-04
7.201280e-02	4.367863e-04
7.203840e-02	4.503223e-04
7.206400e-02	4.647756e-04
7.208960e-02	4.793251e-04
7.211520e-02	4.925682e-04
7.214080e-02	5.063683e-04
7.216640e-02	5.204050e-04
7.219200e-02	5.341849e-04
7.221760e-02	5.477685e-04
7.224320e-02	5.605285e-04
7.226880e-02	5.745653e-04
7.229440e-02	5.869837e-04
7.232000e-02	5.997566e-04
7.234560e-02	6.129111e-04
7.237120e-02	6.252752e-04
7.239680e-02	6.372743e-04
7.242240e-02	6.506886e-04
7.244800e-02	6.617926e-04
7.247360e-02	6.739962e-04
7.249920e-02	6.860819e-04
7.252480e-02	6.973980e-04
7.255040e-02	7.084798e-04
7.257600e-02	7.201601e-04
7.260160e-02	7.308613e-04
7.262720e-02	7.418795e-04
7.265280e-02	7.531049e-04
7.267840e-02	7.635868e-04
7.270400e-02	7.735035e-04
7.272960e-02	7.836673e-04
7.275520e-02	7.930752e-04
7.278080e-02	8.033817e-04
7.280640e-02	8.126769e-04
7.283200e-02	8.221508e-04
7.285760e-02	8.308279e-04
7.288320e-02	8.398316e-04
7.290880e-02	8.479029e-04
7.293440e-02	8.569275e-04
7.296000e-02	8.650814e-04
7.298560e-02	8.728292e-04
7.301120e-02	8.806620e-04
7.303680e-02	8.887363e-04
7.306240e-02	8.955403e-04
7.308800e-02	9.028101e-04
7.311360e-02	9.098505e-04
7.313920e-02	9.167251e-04
7.316480e-02	9.225256e-04
7.319040e-02	9.287418e-04
7.321600e-02	9.347426e-04
7.324160e-02	9.405367e-04
7.326720e-02	9.459073e-04
7.329280e-02	9.514665e-04
7.331840e-02	9.563096e-04
7.334400e-02	9.613793e-04
7.336960e-02	9.654028e-04
7.339520e-02	9.702883e-04
7.342080e-02	9.738780e-04
7.344640e-02	9.778459e-04
7.347200e-02	9.812347e-04
7.349760e-02	9.846295e-04
7.352320e-02	9.878887e-04
7.354880e-02	9.908833e-04
7.357440e-02	9.929187e-04
7.360000e-02	9.958363e-04
7.362560e-02	9.975715e-04
7.365120e-02	9.995356e-04
7.367680e-02	1.001212e-03
7.370240e-02	1.002313e-03
7.372800e-02	1.003208e-03
7.375360e-02	1.004657e-03
7.377920e-02	1.005045e-03
7.380480e-02	1.005684e-03
7.383040e-02	1.005497e-03
7.385600e-02	1.005749e-03
7.388160e-02	1.004920e-03
7.390720e-02	1.004349e-03
7.393280e-02	1.003620e-03
7.395840e-02	1.002737e-03
7.398400e-02	1.001423e-03
7.400960e-02	9.998800e-04
7.403520e-02	9.974695e-04
7.406080e-02	9.960320e-04
7.408640e-02	9.933574e-04
7.411200e-02	9.909827e-04
7.413760e-02	9.877685e-04
7.416320e-02	9.850234e-04
7.418880e-02	9.816426e-04
7.421440e-02	9.778434e-04
7.424000e-02	9.745100e-04
7.426560e-02	9.702739e-04
7.429120e-02	9.655462e-04
7.431680e-02	9.616208e-04
7.434240e-02	9.560584e-04
7.436800e-02	9.516487e-04
7.439360e-02	9.458397e-04
7.441920e-02	9.409541e-04
7.444480e-02	9.354120e-04
7.447040e-02	9.289869e-04
7.449600e-02	9.228172e-04
7.452160e-02	9.164895e-04
7.454720e-02	9.097295e-04
7.457280e-02	9.031607e-04
7.459840e-02	8.952901e-04
7.462400e-02	8.884370e-04
7.464960e-02	8.803770e-04
7.467520e-02	8.729789e-04
7.470080e-02	8.643313e-04
7.472640e-02	8.560564e-04
7.475200e-02	8.479462e-04
7.477760e-02	8.392182e-04
7.480320e-02	8.302401e-04
7.482880e-02	8.210462e-04
7.485440e-02	8.114145e-04
7.488000e-02	8.020084e-04
7.490560e-02	7.921656e-04
7.493120e-02	7.821039e-04
7.495680e-02	7.715126e-04
7.498240e-02	7.614933e-04
7.500800e-02	7.504025e-04
7.503360e-02	7.399228e-04
7.505920e-02	7.287134e-04
7.508480e-02	7.173719e-04
7.511040e-02	7.058248e-04
7.513600e-02	6.945946e-04
7.516160e-02	6.821210e-04
7.518720e-02	6.706314e-04
7.521280e-02	6.583630e-04
7.523840e-02	6.462850e-04
7.526400e-02	6.331001e-04
7.528960e-02	6.209501e-04
7.531520e-02	6.074953e-04
7.534080e-02	5.947111e-04
7.536640e-02	5.816402e-04
7.539200e-02	5.682938e-04
7.541760e-02	5.548084e-04
7.544320e-02	5.406055e-04
7.546880e-02	5.268277e-04
7.549440e-02	5.133974e-04
7.552000e-02	4.991280e-04
7.554560e-02	4.848858e-04
7.557120e-02	4.703713e-04
7.559680e-02	4.558882e-04
7.562240e-02	4.409774e-04
7.564800e-02	4.265162e-04
7.567360e-02	4.112668e-04
7.569920e-02	3.965844e-04
7.572480e-02	3.809688e-04
7.575040e-02	3.660652e-04
7.577600e-02	3.505400e-04
7.580160e-02	3.351553e-04
7.582720e-02	3.190235e-04
7.585280e-02	3.040420e-04
7.587840e-02	2.879951e-04
7.590400e-02	2.725752e-04
7.592960e-02	2.561802e-04
7.595520e-02	2.402430e-04
7.598080e-02	2.245552e-04
7.600640e-02	2.079366e-04
7.603200e-02	1.918852e-04
7.605760e-02	1.759641e-04
7.608320e-02	1.586569e-04
7.610880e-02	1.428496e-04
7.613440e-02	1.266683e-04
7.616000e-02	1.096944e-04
7.618560e-02	9.326183e-05
7.621120e-02	7.697186e-05
7.623680e-02	5.968202e-05
7.626240e-02	4.378799e-05
7.628800e-02	2.642855e-05
7.631360e-02	9.893355e-06
7.633920e-02	-6.314139e-06
7.636480e-02	-2.270208e-05
7.639040e-02	-3.987549e-05
7.641600e-02	-5.615352e-05
7.644160e-02	-7.316923e-05
7.646720e-02	-8.973385e-05
7.649280e-02	-1.067763e-04
7.651840e-02	-1.230851e-04
7.654400e-02	-1.399122e-04
7.656960e-02	-1.560105e-04
7.659520e-02	-1.727511e-04
7.662080e-02	-1.897802e-04
7.664640e-02	-2.060346e-04
7.667200e-02	-2.221792e-04
7.669760e-02	-2.384814e-04
7.672320e-02	-2.549787e-04
7.674880e-02	-2.713376e-04
7.677440e-02	-2.871750e-04
7.680000e-02	-3.039874e-04
7.682560e-02	-3.194174e-04
7.685120e-02	-3.360231e-04
7.687680e-02	-3.511707e-04
7.690240e-02	-3.674750e-04
7.692800e-02	-3.829006e-04
7.695360e-02	-3.984001e-04
7.697920e-02	-4.143562e-04
7.700480e-02	-4.294326e-04
7.703040e-02	-4.444022e-04
7.705600e-02	-4.601854e-04
7.708160e-02	-4.752683e-04
7.710720e-02	-4.904551e-04
7.713280e-02	-5.050881e-04
7.715840e-02	-5.199476e-04
7.718400e-02	-5.342088e-04
7.720960e-02	-5.489216e-04
7.723520e-02	-5.627230e-04
7.726080e-02	-5.776830e-04
7.728640e-02	-5.909996e-04
7.731200e-02	-6.045111e-04
7.733760e-02	-6.185629e-04
7.736320e-02	-6.325102e-04
7.738880e-02	-6.454261e-04
7.741440e-02	-6.585894e-04
7.744000e-02	-6.722173e-04
7.746560e-02	-6.845583e-04
7.749120e-02	-6.971292e-04
7.751680e-02	-7.104473e-04
7.754240e-02	-7.215017e-04
7.756800e-02	-7.341472e-04
7.759360e-02	-7.460544e-04
7.761920e-02	-7.577359e-04
7.764480e-02	-7.692662e-04
7.767040e-02	-7.808415e-04
7.769600e-02	-7.915279e-04
7.772160e-02	-8.024781e-04
7.774720e-02	-8.132067e-04
7.777280e-02	-8.237024e-04
7.779840e-02	-8.332981e-04
7.782400e-02	-8.439813e-04
7.784960e-02	-8.531369e-04
7.787520e-02	-8.629555e-04
7.790080e-02	-8.720183e-04
7.792640e-02	-8.810855e-04
7.795200e-02	-8.900193e-04
7.797760e-02	-8.986752e-04
7.800320e-02	-9.069568e-04
7.802880e-02	-9.148267e-04
7.805440e-02	-9.226036e-04
7.808000e-02	-9.304465e-04
7.810560e-02	-9.371868e-04
7.813120e-02	-9.446708e-04
7.815680e-02	-9.514090e-04
7.818240e-02	-9.579526e-04
7.820800e-02	-9.637381e-04
7.823360e-02	-9.703203e-04
7.825920e-02	-9.758465e-04
7.828480e-02	-9.816836e-04
7.831040e-02	-9.866530e-04
7.833600e-02	-9.918895e-04
7.836160e-02	-9.961067e-04
7.838720e-02	-1.000688e-03
7.841280e-02	-1.004967e-03
7.843840e-02	-1.008845e-03
7.846400e-02	-1.012226e-03
7.848960e-02	-1.015403e-03
7.851520e-02	-1.018546e-03
7.854080e-02	-1.021359e-03
7.856640e-02	-1.023375e-03
7.859200e-02	-1.026190e-03
7.861760e-02	-1.028021e-03
7.864320e-02	-1.029746e-03
7.866880e-02	-1.030380e-03
7.869440e-02	-1.031752e-03
7.872000e-02	-1.032432e-03
7.874560e-02	-1.033008e-03
7.877120e-02	-1.033094e-03
7.879680e-02	-1.033273e-03
7.882240e-02	-1.032494e-03
7.884800e-02	-1.032214e-03
7.887360e-02	-1.031330e-03
7.889920e-02	-1.030206e-03
7.892480e-02	-1.028531e-03
7.895040e-02	-1.026883e-03
7.897600e-02	-1.024202e-03
7.900160e-02	-1.022877e-03
7.902720e-02	-1.019783e-03
7.905280e-02	-1.017210e-03
7.907840e-02	-1.013995e-03
7.910400e-02	-1.010280e-03
7.912960e-02	-1.007082e-03
7.915520e-02	-1.002877e-03
7.918080e-02	-9.989549e-04
7.920640e-02	-9.949451e-04
7.923200e-02	-9.898017e-04
7.925760e-02	-9.853570e-04
7.928320e-02	-9.798256e-04
7.930880e-02	-9.744292e-04
7.933440e-02	-9.685281e-04
7.936000e-02	-9.627679e-04
7.938560e-02	-9.563116e-04
7.941120e-02	-9.500483e-04
7.943680e-02	-9.429978e-04
7.946240e-02	-9.363382e-04
7.948800e-02	-9.290237e-04
7.951360e-02	-9.216797e-04
7.953920e-02	-9.132657e-04
7.956480e-02	-9.060740e-04
7.959040e-02	-8.974842e-04
7.961600e-02	-8.894205e-04
7.964160e-02	-8.807631e-04
7.966720e-02	-8.717082e-04
7.969280e-02	-8.627012e-04
7.971840e-02	-8.537372e-04
7.974400e-02	-8.438247e-04
7.976960e-02	-8.341049e-04
7.979520e-02	-8.241273e-04
7.982080e-02	-8.141182e-04
7.984640e-02	-8.033385e-04
7.987200e-02	-7.932198e-04
7.989760e-02	-7.824964e-04
7.992320e-02	-7.714423e-04
7.994880e-02	-7.606818e-04
7.997440e-02	-7.491130e-04
8.000000e-02	-7.375533e-04
8.002560e-02	-7.265129e-04
8.005120e-02	-7.136766e-04
8.007680e-02	-7.021475e-04
8.010240e-02	-6.894828e-04
8.012800e-02	-6.774773e-04
8.015360e-02	-6.642528e-04
8.017920e-02	-6.519635e-04
8.020480e-02	-6.389782e-04
8.023040e-02	-6.258616e-04
8.025600e-02	-6.127385e-04
8.028160e-02	-5.993585e-04
8.030720e-02	-5.856598e-04
8.033280e-02	-5.720932e-04
8.035840e-02	-5.582960e-04
8.038400e-02	-5.442065e-04
8.040960e-02	-5.303200e-04
8.043520e-02	-5.160048e-04
8.046080e-02	-5.014624e-04
8.048640e-02	-4.877567e-04
8.051200e-02	-4.722464e-04
8.053760e-02	-4.584691e-04
8.056320e-02	-4.436371e-04
8.058880e-02	-4.286445e-04
8.061440e-02	-4.133973e-04
8.064000e-02	-3.987797e-04
8.066560e-02	-3.831698e-04
8.069120e-02	-3.678222e-04
8.071680e-02	-3.524268e-04
8.074240e-02	-3.368186e-04
8.076800e-02	-3.214397e-04
8.079360e-02	-3.059117e-04
8.081920e-02	-2.900840e-04
8.084480e-02	-2.748535e-04
8.087040e-02	-2.583907e-04
8.089600e-02	-2.425419e-04
8.092160e-02	-2.265816e-04
8.094720e-02	-2.110985e-04
8.097280e-02	-1.946081e-04
8.099840e-02	-1.791973e-04
8.102400e-02	-1.627628e-04
8.104960e-02	-1.464852e-04
8.107520e-02	-1.306313e-04
8.110080e-02	-1.146921e-04
8.112640e-02	-9.798085e-05
8.115200e-02	-8.235539e-05
8.117760e-02	-6.558405e-05
8.120320e-02	-4.953833e-05
8.122880e-02	-3.359958e-05
8.125440e-02	-1.718007e-05
8.128000e-02	-1.071575e-06
8.130560e-02	1.496611e-05
8.133120e-02	3.131135e-05
8.135680e-02	4.760384e-05
8.138240e-02	6.418654e-05
8.140800e-02	7.975563e-05
8.143360e-02	9.620101e-05
8.145920e-02	1.119229e-04
8.148480e-02	1.279516e-04
8.151040e-02	1.439861e-04
8.153600e-02	1.603271e-04
8.156160e-02	1.754696e-04
8.158720e-02	1.917214e-04
8.161280e-02	2.071711e-04
8.163840e-02	2.233040e-04
8.166400e-02	2.389822e-04
8.168960e-02	2.543957e-04
8.171520e-02	2.696683e-04
8.174080e-02	2.852514e-04
8.176640e-02	3.004443e-04
8.179200e-02	3.161022e-04
8.181760e-02	3.311426e-04
8.184320e-02	3.462763e-04
8.186880e-02	3.612118e-04
8.189440e-02	3.763328e-04
8.192000e-02	3.909768e-04
8.194560e-02	4.054882e-04
8.197120e-02	4.198278e-04
8.199680e-02	4.348787e-04
8.202240e-02	4.490926e-04
8.204800e-02	4.637067e-04
8.207360e-02	4.771336e-04
8.209920e-02	4.918136e-04
8.212480e-02	5.053817e-04
8.215040e-02	5.189856e-04
8.217600e-02	5.328972e-04
8.220160e-02	5.462687e-04
8.222720e-02	5.597216e-04
8.225280e-02	5.728551e-04
8.227840e-02	5.856376e-04
8.230400e-02	5.989963e-04
8.232960e-02	6.111701e-04
8.235520e-02	6.244386e-04
8.238080e-02	6.366989e-04
8.240640e-02	6.488073e-04
8.243200e-02	6.608744e-04
8.245760e-02	6.729959e-04
8.248320e-02	6.844557e-04
8.250880e-02	6.967131e-04
8.253440e-02	7.075780e-04
8.256000e-02	7.188737e-04
8.258560e-02	7.296872e-04
8.261120e-02	7.409374e-04
8.263680e-02	7.513287e-04
8.266240e-02	7.619009e-04
8.268800e-02	7.720930e-04
8.271360e-02	7.821968e-04
8.273920e-02	7.922958e-04
8.276480e-02	8.023719e-04
8.279040e-02	8.117729e-04
8.281600e-02	8.210737e-04
8.284160e-02	8.299462e-04
8.286720e-02	8.388919e-04
8.289280e-02	8.471971e-04
8.291840e-02	8.558381e-04
8.294400e-02	8.642004e-04
8.296960e-02	8.721484e-04
8.299520e-02	8.797788e-04
8.302080e-02	8.878121e-04
8.304640e-02	8.947219e-04
8.307200e-02	9.022678e-04
8.309760e-02	9.086346e-04
8.312320e-02	9.162503e-04
8.314880e-02	9.220553e-04
8.317440e-02	9.283561e-04
8.320000e-02	9.342849e-04
8.322560e-02	9.399437e-04
8.325120e-02	9.459234e-04
8.327680e-02	9.512015e-04
8.330240e-02	9.560741e-04
8.332800e-02	9.605512e-04
8.335360e-02	9.646903e-04
8.337920e-02	9.698507e-04
8.340480e-02	9.736069e-04
8.343040e-02	9.776013e-04
8.345600e-02	9.807448e-04
8.348160e-02	9.843376e-04
8.350720e-02	9.875550e-04
8.353280e-02	9.909181e-04
8.355840e-02	9.930205e-04
8.358400e-02	9.954174e-04
8.360960e-02	9.974156e-04
8.363520e-02	9.995253e-04
8.366080e-02	1.001371e-03
8.368640e-02	1.002255e-03
8.371200e-02	1.003367e-03
8.373760e-02	1.004617e-03
8.376320e-02	1.004987e-03
8.378880e-02	1.005475e-03
8.381440e-02	1.005096e-03
8.384000e-02	1.005966e-03
8.386560e-02	1.005124e-03
8.389120e-02	1.004955e-03
8.391680e-02	1.003947e-03
8.394240e-02	1.002609e-03
8.396800e-02	1.001593e-03
8.399360e-02	1.000152e-03
8.401920e-02	9.979414e-04
8.404480e-02	9.961412e-04
8.407040e-02	9.935698e-04
8.409600e-02	9.912516e-04
8.412160e-02	9.878578e-04
8.414720e-02	9.854069e-04
8.417280e-02	9.817948e-04
8.419840e-02	9.781438e-04
8.422400e-02	9.746501e-04
8.424960e-02	9.706824e-04
8.427520e-02	9.658930e-04
8.430080e-02	9.617821e-04
8.432640e-02	9.570169e-04
8.435200e-02	9.520997e-04
8.437760e-02	9.466070e-04
8.440320e-02	9.415135e-04
8.442880e-02	9.357784e-04
8.445440e-02	9.297960e-04
8.448000e-02	9.232515e-04
8.450560e-02	9.169395e-04
8.453120e-02	9.101397e-04
8.455680e-02	9.033264e-04
8.458240e-02	8.961746e-04
8.460800e-02	8.890611e-04
8.463360e-02	8.811251e-04
8.465920e-02	8.740442e-04
8.468480e-02	8.657156e-04
8.471040e-02	8.573502e-04
8.473600e-02	8.486187e-04
8.476160e-02	8.400111e-04
8.478720e-02	8.308071e-04
8.481280e-02	8.218363e-04
8.483840e-02	8.122784e-04
8.486400e-02	8.025474e-04
8.488960e-02	7.929260e-04
8.491520e-02	7.832473e-04
8.494080e-02	7.725661e-04
8.496640e-02	7.626414e-04
8.499200e-02	7.513803e-04
8.501760e-02	7.412157e-04
8.504320e-02	7.295660e-04
8.506880e-02	7.185590e-04
8.509440e-02	7.073847e-04
8.512000e-02	6.952486e-04
8.514560e-02	6.836957e-04
8.517120e-02	6.720704e-04
8.519680e-02	6.594633e-04
8.522240e-02	6.473740e-04
8.524800e-02	6.344221e-04
8.527360e-02	6.218455e-04
8.529920e-02	6.091832e-04
8.532480e-02	5.959000e-04
8.535040e-02	5.828221e-04
8.537600e-02	5.695512e-04
8.540160e-02	5.557764e-04
8.542720e-02	5.427636e-04
8.545280e-02	5.279999e-04
8.547840e-02	5.147390e-04
8.550400e-02	5.001742e-04
8.552960e-02	4.859780e-04
8.555520e-02	4.714343e-04
8.558080e-02	4.567459e-04
8.560640e-02	4.424125e-04
8.563200e-02	4.279350e-04
8.565760e-02	4.123854e-04
8.568320e-02	3.980078e-04
8.570880e-02	3.825391e-04
8.573440e-02	3.671631e-04
8.576000e-02	3.523504e-04
8.578560e-02	3.363007e-04
8.581120e-02	3.207477e-04
8.583680e-02	3.056106e-04
8.586240e-02	2.893452e-04
8.588800e-02	2.741470e-04
8.591360e-02	2.575411e-04
8.593920e-02	2.420415e-04
8.596480e-02	2.259721e-04
8.599040e-02	2.095939e-04
8.601600e-02	1.935282e-04
8.604160e-02	1.772813e-04
8.606720e-02	1.607186e-04
8.609280e-02	1.445056e-04
8.611840e-02	1.278039e-04
8.614400e-02	1.114802e-04
8.616960e-02	9.457496e-05
8.619520e-02	7.836606e-05
8.622080e-02	6.165965e-05
8.624640e-02	4.507590e-05
8.627200e-02	2.813132e-05
8.629760e-02	1.209091e-05
8.632320e-02	-5.010026e-06
8.634880e-02	-2.134731e-05
8.637440e-02	-3.826225e-05
8.640000e-02	-5.474851e-05
8.642560e-02	-7.179399e-05
8.645120e-02	-8.804820e-05
8.647680e-02	-1.047494e-04
8.650240e-02	-1.219042e-04
8.652800e-02	-1.381918e-04
8.655360e-02	-1.545861e-04
8.657920e-02	-1.713272e-04
8.660480e-02	-1.875020e-04
8.663040e-02	-2.043910e-04
8.665600e-02	-2.205209e-04
8.668160e-02	-2.374285e-04
8.670720e-02	-2.534856e-04
8.673280e-02	-2.699137e-04
8.675840e-02	-2.860581e-04
8.678400e-02	-3.019621e-04
8.680960e-02	-3.178363e-04
8.683520e-02	-3.343457e-04
8.686080e-02	-3.496123e-04
8.688640e-02	-3.658340e-04
8.691200e-02	-3.817691e-04
8.693760e-02	-3.973503e-04
8.696320e-02	-4.125927e-04
8.698880e-02	-4.283455e-04
8.701440e-02	-4.434033e-04
8.704000e-02	-4.589095e-04
8.706560e-02	-4.739439e-04
8.709120e-02	-4.886664e-04
8.711680e-02	-5.037081e-04
8.714240e-02	-5.185900e-04
8.716800e-02	-5.329091e-04
8.719360e-02	-5.476890e-04
8.721920e-02	-5.614199e-04
8.724480e-02	-5.762051e-04
8.727040e-02	-5.899926e-04
8.729600e-02	-6.037677e-04
8.732160e-02	-6.172780e-04
8.734720e-02	-6.314161e-04
8.737280e-02	-6.445943e-04
8.739840e-02	-6.574705e-04
8.742400e-02	-6.703623e-04
8.744960e-02	-6.837260e-04
8.747520e-02	-6.960873e-04
8.750080e-02	-7.085979e-04
8.752640e-02	-7.209032e-04
8.755200e-02	-7.333664e-04
8.757760e-02	-7.448988e-04
8.760320e-02	-7.568310e-04
8.762880e-02	-7.680799e-04
8.765440e-02	-7.793122e-04
8.768000e-02	-7.904867e-04
8.770560e-02	-8.018859e-04
8.773120e-02	-8.117782e-04
8.775680e-02	-8.225567e-04
8.778240e-02	-8.330871e-04
8.780800e-02	-8.430136e-04
8.783360e-02	-8.525039e-04
8.785920e-02	-8.622045e-04
8.788480e-02	-8.718052e-04
8.791040e-02	-8.805984e-04
8.793600e-02	-8.888587e-04
8.796160e-02	-8.982063e-04
8.798720e-02	-9.061039e-04
8.801280e-02	-9.145137e-04
8.803840e-02	-9.223633e-04
8.806400e-02	-9.298354e-04
8.808960e-02	-9.369281e-04
8.811520e-02	-9.440466e-04
8.814080e-02	-9.508752e-04
8.816640e-02	-9.576260e-04
8.819200e-02	-9.634576e-04
8.821760e-02	-9.700882e-04
8.824320e-02	-9.753585e-04
8.826880e-02	-9.811168e-04
8.829440e-02	-9.862310e-04
8.832000e-02	-9.910745e-04
8.834560e-02	-9.958737e-04
8.837120e-02	-1.000404e-03
8.839680e-02	-1.004009e-03
8.842240e-02	-1.008333e-03
8.844800e-02	-1.011492e-03
8.847360e-02	-1.015441e-03
8.849920e-02	-1.018071e-03
8.852480e-02	-1.020923e-03
8.855040e-02	-1.023479e-03
8.857600e-02	-1.025404e-03
8.860160e-02	-1.027568e-03
8.862720e-02	-1.029115e-03
8.865280e-02	-1.030238e-03
8.867840e-02	-1.031690e-03
8.870400e-02	-1.032242e-03
8.872960e-02	-1.033048e-03
8.875520e-02	-1.033019e-03
8.878080e-02	-1.033016e-03
8.880640e-02	-1.032620e-03
8.883200e-02	-1.032406e-03
8.885760e-02	-1.031420e-03
8.888320e-02	-1.030077e-03
8.890880e-02	-1.028707e-03
8.893440e-02	-1.027275e-03
8.896000e-02	-1.024777e-03
8.898560e-02	-1.023211e-03
8.901120e-02	-1.020140e-03
8.903680e-02	-1.017825e-03
8.906240e-02	-1.014338e-03
8.908800e-02	-1.011392e-03
8.911360e-02	-1.008004e-03
8.913920e-02	-1.003969e-03
8.916480e-02	-9.999491e-04
8.919040e-02	-9.956022e-04
8.921600e-02	-9.908499e-04
8.924160e-02	-9.858742e-04
8.926720e-02	-9.804450e-04
8.929280e-02	-9.751154e-04
8.931840e-02	-9.691364e-04
8.934400e-02	-9.633897e-04
8.936960e-02	-9.566126e-04
8.939520e-02	-9.506354e-04
8.942080e-02	-9.436269e-04
8.944640e-02	-9.372154e-04
8.947200e-02	-9.293762e-04
8.949760e-02	-9.219333e-04
8.952320e-02	-9.144222e-04
8.954880e-02	-9.068010e-04
8.957440e-02	-8.987190e-04
8.960000e-02	-8.900042e-04
8.962560e-02	-8.814100e-04
8.965120e-02	-8.725984e-04
8.967680e-02	-8.634634e-04
8.970240e-02	-8.547555e-04
8.972800e-02	-8.447512e-04
8.975360e-02	-8.350415e-04
8.977920e-02	-8.248881e-04
8.980480e-02	-8.150944e-04
8.983040e-02	-8.049430e-04
8.985600e-02	-7.946163e-04
8.988160e-02	-7.834932e-04
8.990720e-02	-7.731866e-04
8.993280e-02	-7.616559e-04
8.995840e-02	-7.502683e-04
8.998400e-02	-7.388118e-04
9.000960e-02	-7.270199e-04
9.003520e-02	-7.151599e-04
9.006080e-02	-7.035247e-04
9.008640e-02	-6.905742e-04
9.011200e-02	-6.787672e-04
9.013760e-02	-6.657388e-04
9.016320e-02	-6.529515e-04
9.018880e-02	-6.402383e-04
9.021440e-02	-6.274355e-04
9.024000e-02	-6.136955e-04
9.026560e-02	-6.004267e-04
9.029120e-02	-5.873021e-04
9.031680e-02	-5.734075e-04
9.034240e-02	-5.596302e-04
9.036800e-02	-5.457668e-04
9.039360e-02	-5.313976e-04
9.041920e-02	-5.177744e-04
9.044480e-02	-5.027980e-04
9.047040e-02	-4.888414e-04
9.049600e-02	-4.738884e-04
9.052160e-02	-4.591691e-04
9.054720e-02	-4.445717e-04
9.057280e-02	-4.300167e-04
9.059840e-02	-4.148261e-04
9.062400e-02	-3.996246e-04
9.064960e-02	-3.840723e-04
9.067520e-02	-3.694517e-04
9.070080e-02	-3.536133e-04
9.072640e-02	-3.383027e-04
9.075200e-02	-3.226004e-04
9.077760e-02	-3.074704e-04
9.080320e-02	-2.916559e-04
9.082880e-02	-2.757016e-04
9.085440e-02	-2.600032e-04
9.088000e-02	-2.440932e-04
9.090560e-02	-2.284468e-04
9.093120e-02	-2.122325e-04
9.095680e-02	-1.963142e-04
9.098240e-02	-1.806755e-04
9.100800e-02	-1.639333e-04
9.103360e-02	-1.487114e-04
9.105920e-02	-1.319703e-04
9.108480e-02	-1.161163e-04
9.111040e-02	-9.979235e-05
9.113600e-02	-8.351274e-05
9.116160e-02	-6.733058e-05
9.118720e-02	-5.119257e-05
9.121280e-02	-3.504456e-05
9.123840e-02	-1.888852e-05
9.126400e-02	-2.351372e-06
9.128960e-02	1.325900e-05
9.131520e-02	3.009383e-05
9.134080e-02	4.588348e-05
9.136640e-02	6.198204e-05
9.139200e-02	7.822849e-05
9.141760e-02	9.449622e-05
9.144320e-02	1.104054e-04
9.146880e-02	1.265377e-04
9.149440e-02	1.423183e-04
9.152000e-02	1.584635e-04
9.154560e-02	1.741311e-04
9.157120e-02	1.904134e-04
9.159680e-02	2.055706e-04
9.162240e-02	2.216782e-04
9.164800e-02	2.375302e-04
9.167360e-02	2.526671e-04
9.169920e-02	2.683246e-04
9.172480e-02	2.840288e-04
9.175040e-02	2.991444e-04
9.177600e-02	3.148464e-04
9.180160e-02	3.296427e-04
9.182720e-02	3.449364e-04
9.185280e-02	3.592578e-04
9.187840e-02	3.749772e-04
9.190400e-02	3.893997e-04
9.192960e-02	4.041093e-04
9.195520e-02	4.191045e-04
9.198080e-02	4.330854e-04
9.200640e-02	4.479517e-04
9.203200e-02	4.623321e-04
9.205760e-02	4.756233e-04
9.208320e-02	4.900798e-04
9.210880e-02	5.041083e-04
9.213440e-02	5.179263e-04
9.216000e-02	5.313033e-04
9.218560e-02	5.452205e-04
9.221120e-02	5.582662e-04
9.223680e-02	5.720092e-04
9.226240e-02	5.844509e-04
9.228800e-02	5.974344e-04
9.231360e-02	6.104923e-04
9.233920e-02	6.231087e-04
9.236480e-02	6.350488e-04
9.239040e-02	6.477119e-04
9.241600e-02	6.600268e-04
9.244160e-02	6.717500e-04
9.246720e-02	6.834911e-04
9.249280e-02	6.953505e-04
9.251840e-02	7.062656e-04
9.254400e-02	7.181980e-04
9.256960e-02	7.288174e-04
9.259520e-02	7.400765e-04
9.262080e-02	7.509203e-04
9.264640e-02	7.616896e-04
9.267200e-02	7.713937e-04
9.269760e-02	7.816927e-04
9.272320e-02	7.919418e-04
9.274880e-02	8.013009e-04
9.277440e-02	8.108435e-04
9.280000e-02	8.203550e-04
9.282560e-02	8.292192e-04
9.285120e-02	8.382346e-04
9.287680e-02	8.467991e-04
9.290240e-02	8.553250e-04
9.292800e-02	8.633136e-04
9.295360e-02	8.717669e-04
9.297920e-02	8.790587e-04
9.300480e-02	8.873149e-04
9.303040e-02	8.942516e-04
9.305600e-02	9.014808e-04
9.308160e-02	9.080968e-04
9.310720e-02	9.148471e-04
9.313280e-02	9.212456e-04
9.315840e-02	9.281518e-04
9.318400e-02	9.337700e-04
9.320960e-02	9.394247e-04
9.323520e-02	9.451800e-04
9.326080e-02	9.501575e-04
9.328640e-02	9.555528e-04
9.331200e-02	9.603550e-04
9.333760e-02	9.647137e-04
9.336320e-02	9.692697e-04
9.338880e-02	9.729829e-04
9.341440e-02	9.773547e-04
9.344000e-02	9.806087e-04
9.346560e-02	9.843168e-04
9.349120e-02	9.870783e-04
9.351680e-02	9.903085e-04
9.354240e-02	9.927968e-04
9.356800e-02	9.952810e-04
9.359360e-02	9.971656e-04
9.361920e-02	9.991126e-04
9.364480e-02	1.000997e-03
9.367040e-02	1.002622e-03
9.369600e-02	1.003337e-03
9.372160e-02	1.004672e-03
9.374720e-02	1.004960e-03
9.377280e-02	1.005631e-03
9.379840e-02	1.005905e-03
9.382400e-02	1.005718e-03
9.384960e-02	1.005158e-03
9.387520e-02	1.005383e-03
9.390080e-02	1.004129e-03
9.392640e-02	1.002967e-03
9.395200e-02	1.001861e-03
9.397760e-02	9.999047e-04
9.400320e-02	9.978935e-04
9.402880e-02	9.967397e-04
9.405440e-02	9.942261e-04
9.408000e-02	9.916249e-04
9.410560e-02	9.885153e-04
9.413120e-02	9.855017e-04
9.415680e-02	9.821441e-04
9.418240e-02	9.790427e-04
9.420800e-02	9.750812e-04
9.423360e-02	9.709029e-04
9.425920e-02	9.667129e-04
9.428480e-02	9.624938e-04
9.431040e-02	9.572642e-04
9.433600e-02	9.528191e-04
9.436160e-02	9.473044e-04
9.438720e-02	9.423029e-04
9.441280e-02	9.362323e-04
9.443840e-02	9.303975e-04
9.446400e-02	9.245247e-04
9.448960e-02	9.178991e-04
9.451520e-02	9.110998e-04
9.454080e-02	9.043140e-04
9.456640e-02	8.965794e-04
9.459200e-02	8.899362e-04
9.461760e-02	8.823419e-04
9.464320e-02	8.745671e-04
9.466880e-02	8.664964e-04
9.469440e-02	8.578324e-04
9.472000e-02	8.494520e-04
9.474560e-02	8.411111e-04
9.477120e-02	8.315603e-04
9.479680e-02	8.231013e-04
9.482240e-02	8.134727e-04
9.484800e-02	8.037305e-04
9.487360e-02	7.940577e-04
9.489920e-02	7.844050e-04
9.492480e-02	7.735745e-04
9.495040e-02	7.633715e-04
9.497600e-02	7.526450e-04
9.500160e-02	7.420289e-04
9.502720e-02	7.307527e-04
9.505280e-02	7.193785e-04
9.507840e-02	7.083597e-04
9.510400e-02	6.969123e-04
9.512960e-02	6.845788e-04
9.515520e-02	6.730091e-04
9.518080e-02	6.605324e-04
9.520640e-02	6.485254e-04
9.523200e-02	6.356883e-04
9.525760e-02	6.232915e-04
9.528320e-02	6.100959e-04
9.530880e-02	5.972013e-04
9.533440e-02	5.835787e-04
9.536000e-02	5.705828e-04
9.538560e-02	5.571257e-04
9.541120e-02	5.432539e-04
9.543680e-02	5.298112e-04
9.546240e-02	5.157556e-04
9.548800e-02	5.015122e-04
9.551360e-02	4.875429e-04
9.553920e-02	4.729414e-04
9.556480e-02	4.587065e-04
9.559040e-02	4.436683e-04
9.561600e-02	4.294975e-04
9.564160e-02	4.139528e-04
9.566720e-02	3.991456e-04
9.569280e-02	3.841127e-04
9.571840e-02	3.691048e-04
9.574400e-02	3.533116e-04
9.576960e-02	3.380012e-04
9.579520e-02	3.224307e-04
9.582080e-02	3.065855e-04
9.584640e-02	2.911365e-04
9.587200e-02	2.751413e-04
9.589760e-02	2.591547e-04
9.592320e-02	2.434757e-04
9.594880e-02	2.271220e-04
9.597440e-02	2.112696e-04
9.600000e-02	1.947875e-04
9.602560e-02	1.790527e-04
9.605120e-02	1.618347e-04
9.607680e-02	1.460344e-04
9.610240e-02	1.298151e-04
9.612800e-02	1.130174e-04
9.615360e-02	9.688717e-05
9.617920e-02	8.044804e-05
9.620480e-02	6.355310e-05
9.623040e-02	4.697257e-05
9.625600e-02	2.968379e-05
9.628160e-02	1.364510e-05
9.630720e-02	-3.260273e-06
9.633280e-02	-1.968814e-05
9.635840e-02	-3.662418e-05
9.638400e-02	-5.326124e-05
9.640960e-02	-7.004905e-05
9.643520e-02	-8.638456e-05
9.646080e-02	-1.036885e-04
9.648640e-02	-1.195540e-04
9.651200e-02	-1.364306e-04
9.653760e-02	-1.531371e-04
9.656320e-02	-1.694223e-04
9.658880e-02	-1.863126e-04
9.661440e-02	-2.025988e-04
9.664000e-02	-2.190128e-04
9.666560e-02	-2.353924e-04
9.669120e-02	-2.517379e-04
9.671680e-02	-2.682359e-04
9.674240e-02	-2.843764e-04
9.676800e-02	-3.005902e-04
9.679360e-02	-3.164811e-04
9.681920e-02	-3.326453e-04
9.684480e-02	-3.482533e-04
9.687040e-02	-3.646814e-04
9.689600e-02	-3.795338e-04
9.692160e-02	-3.957785e-04
9.694720e-02	-4.112014e-04
9.697280e-02	-4.265742e-04
9.699840e-02	-4.418925e-04
9.702400e-02	-4.575442e-04
9.704960e-02	-4.722011e-04
9.707520e-02	-4.874379e-04
9.710080e-02	-5.020356e-04
9.712640e-02	-5.170282e-04
9.715200e-02	-5.315536e-04
9.717760e-02	-5.458898e-04
9.720320e-02	-5.607289e-04
9.722880e-02	-5.746110e-04
9.725440e-02	-5.884089e-04
9.728000e-02	-6.023518e-04
9.730560e-02	-6.159046e-04
9.733120e-02	-6.299696e-04
9.735680e-02	-6.427215e-04
9.738240e-02	-6.563915e-04
9.740800e-02	-6.691112e-04
9.743360e-02	-6.819878e-04
9.745920e-02	-6.948110e-04
9.748480e-02	-7.074479e-04
9.751040e-02	-7.194169e-04
9.753600e-02	-7.320959e-04
9.756160e-02	-7.433591e-04
9.758720e-02	-7.552787e-04
9.761280e-02	-7.670342e-04
9.763840e-02	-7.783065e-04
9.766400e-02	-7.892924e-04
9.768960e-02	-8.003760e-04
9.771520e-02	-8.106951e-04
9.774080e-02	-8.214639e-04
9.776640e-02	-8.317687e-04
9.779200e-02	-8.417873e-04
9.781760e-02	-8.515393e-04
9.784320e-02	-8.612601e-04
9.786880e-02	-8.701441e-04
9.789440e-02	-8.795490e-04
9.792000e-02	-8.883412e-04
9.794560e-02	-8.967519e-04
9.797120e-02	-9.048034e-04
9.799680e-02	-9.135978e-04
9.802240e-02	-9.209221e-04
9.804800e-02	-9.286823e-04
9.807360e-02	-9.362530e-04
9.809920e-02	-9.434439e-04
9.812480e-02	-9.499497e-04
9.815040e-02	-9.567791e-04
9.817600e-02	-9.634162e-04
9.820160e-02	-9.691777e-04
9.822720e-02	-9.746905e-04
9.825280e-02	-9.803298e-04
9.827840e-02	-9.853340e-04
9.830400e-02	-9.910420e-04
9.832960e-02	-9.951339e-04
9.835520e-02	-9.996962e-04
9.838080e-02	-1.003670e-03
9.840640e-02	-1.007457e-03
9.843200e-02	-1.011331e-03
9.845760e-02	-1.014882e-03
9.848320e-02	-1.017466e-03
9.850880e-02	-1.020841e-03
9.853440e-02	-1.023223e-03
9.856000e-02	-1.025394e-03
9.858560e-02	-1.027358e-03
9.861120e-02	-1.029470e-03
9.863680e-02	-1.030189e-03
9.866240e-02	-1.031834e-03
9.868800e-02	-1.032422e-03
9.871360e-02	-1.033051e-03
9.873920e-02	-1.033192e-03
9.876480e-02	-1.032925e-03
9.879040e-02	-1.032953e-03
9.881600e-02	-1.032520e-03
9.884160e-02	-1.031254e-03
9.886720e-02	-1.030337e-03
9.889280e-02	-1.029171e-03
9.891840e-02	-1.027185e-03
9.894400e-02	-1.025422e-03
9.896960e-02	-1.023464e-03
9.899520e-02	-1.020402e-03
9.902080e-02	-1.018433e-03
9.904640e-02	-1.014775e-03
9.907200e-02	-1.011545e-03
9.909760e-02	-1.007460e-03
9.912320e-02	-1.004108e-03
9.914880e-02	-1.000085e-03
9.917440e-02	-9.954898e-04
9.920000e-02	-9.904982e-04
9.922560e-02	-9.860233e-04
9.925120e-02	-9.807528e-04
9.927680e-02	-9.754510e-04
9.930240e-02	-9.698325e-04
9.932800e-02	-9.639201e-04
9.935360e-02	-9.575548e-04
9.937920e-02	-9.511349e-04
9.940480e-02	-9.443321e-04
9.943040e-02	-9.378967e-04
9.945600e-02	-9.304922e-04
9.948160e-02	-9.231659e-04
9.950720e-02	-9.155157e-04
9.953280e-02	-9.078273e-04
9.955840e-02	-8.996922e-04
9.958400e-02	-8.913029e-04
9.960960e-02	-8.823256e-04
9.963520e-02	-8.737102e-04
9.966080e-02	-8.646402e-04
9.968640e-02	-8.557948e-04
9.971200e-02	-8.456763e-04
9.973760e-02	-8.361796e-04
9.976320e-02	-8.260499e-04
9.978880e-02	-8.164428e-04
9.981440e-02	-8.059549e-04
9.984000e-02	-7.956316e-04
9.986560e-02	-7.849356e-04
9.989120e-02	-7.736574e-04
9.991680e-02	-7.624081e-04
9.994240e-02	-7.514220e-04
9.996800e-02	-7.398541e-04
9.999360e-02	-7.282270e-04
1.000192e-01	-7.161223e-04
1.000448e-01	-7.047791e-04
1.000704e-01	-6.923655e-04
1.000960e-01	-6.794212e-04
1.001216e-01	-6.665884e-04
1.001472e-01	-6.544226e-04
1.001728e-01	-6.412750e-04
1.001984e-01	-6.286787e-04
1.002240e-01	-6.151218e-04
1.002496e-01	-6.016926e-04
1.002752e-01	-5.883304e-04
1.003008e-01	-5.750298e-04
1.003264e-01	-5.610174e-04
1.003520e-01	-5.470112e-04
1.003776e-01	-5.332314e-04
1.004032e-01	-5.190595e-04
1.004288e-01	-5.045338e-04
1.004544e-01	-4.904562e-04
1.004800e-01	-4.755394e-04
1.005056e-01	-4.611507e-04
1.005312e-01	-4.459225e-04
1.005568e-01	-4.314573e-04
1.005824e-01	-4.165635e-04
1.006080e-01	-4.013512e-04
1.006336e-01	-3.858818e-04
1.006592e-01	-3.713628e-04
1.006848e-01	-3.548614e-04
1.007104e-01	-3.399105e-04
1.007360e-01	-3.247581e-04
1.007616e-01	-3.089524e-04
1.007872e-01	-2.934224e-04
1.008128e-01	-2.773717e-04
1.008384e-01	-2.617685e-04
1.008640e-01	-2.456365e-04
1.008896e-01	-2.296883e-04
1.009152e-01	-2.144486e-04
1.009408e-01	-1.973909e-04
1.009664e-01	-1.822262e-04
1.009920e-01	-1.660957e-04
1.010176e-01	-1.499044e-04
1.010432e-01	-1.339339e-04
1.010688e-01	-1.173256e-04
1.010944e-01	-1.013274e-04
1.011200e-01	-8.524703e-05
1.011456e-01	-6.873075e-05
1.011712e-01	-5.308391e-05
1.011968e-01	-3.668829e-05
1.012224e-01	-2.054737e-05
1.012480e-01	-3.903116e-06
1.012736e-01	1.188711e-05
1.012992e-01	2.842696e-05
1.013248e-01	4.409363e-05
1.013504e-01	6.055940e-05
1.013760e-01	7.670152e-05
1.014016e-01	9.284131e-05
1.014272e-01	1.087253e-04
1.014528e-01	1.248372e-04
1.014784e-01	1.409320e-04
1.015040e-01	1.571880e-04
1.015296e-01	1.725902e-04
1.015552e-01	1.883934e-04
1.015808e-01	2.042217e-04
1.016064e-01	2.199639e-04
1.016320e-01	2.355884e-04
1.016576e-01	2.507468e-04
1.016832e-01	2.665393e-04
1.017088e-01	2.826522e-04
1.017344e-01	2.967732e-04
1.017600e-01	3.130089e-04
1.017856e-01	3.278796e-04
1.018112e-01	3.433983e-04
1.018368e-01	3.583406e-04
1.018624e-01	3.733261e-04
1.018880e-01	3.878828e-04
1.019136e-01	4.025210e-04
1.019392e-01	4.177458e-04
1.019648e-01	4.316783e-04
1.019904e-01	4.463674e-04
1.020160e-01	4.606695e-04
1.020416e-01	4.747280e-04
1.020672e-01	4.892346e-04
1.020928e-01	5.026441e-04
1.021184e-01	5.166121e-04
1.021440e-01	5.296661e-04
1.021696e-01	5.439633e-04
1.021952e-01	5.565059e-04
1.022208e-01	5.704357e-04
1.022464e-01	5.833333e-04
1.022720e-01	5.962969e-04
1.022976e-01	6.092282e-04
1.023232e-01	6.215060e-04
1.023488e-01	6.343505e-04
1.023744e-01	6.464309e-04
1.024000e-01	6.586259e-04
1.024256e-01	6.705745e-04
1.024512e-01	6.820600e-04
1.024768e-01	6.942386e-04
1.025024e-01	7.051101e-04
1.025280e-01	7.165338e-04
1.025536e-01	7.275479e-04
1.025792e-01	7.392311e-04
1.026048e-01	7.494658e-04
1.026304e-01	7.601071e-04
1.026560e-01	7.702470e-04
1.026816e-01	7.807529e-04
1.027072e-01	7.903400e-04
1.027328e-01	8.003498e-04
1.027584e-01	8.099784e-04
1.027840e-01	8.186579e-04
1.028096e-01	8.282284e-04
1.028352e-01	8.374695e-04
1.028608e-01	8.457899e-04
1.028864e-01	8.545204e-04
1.029120e-01	8.625797e-04
1.029376e-01	8.706726e-04
1.029632e-01	8.778907e-04
1.029888e-01	8.862617e-04
1.030144e-01	8.935652e-04
1.030400e-01	9.006563e-04
1.030656e-01	9.078293e-04
1.030912e-01	9.147309e-04
1.031168e-01	9.207282e-04
1.031424e-01	9.273649e-04
1.031680e-01	9.332772e-04
1.031936e-01	9.389701e-04
1.032192e-01	9.442124e-04
1.032448e-01	9.500941e-04
1.032704e-01	9.549210e-04
1.032960e-01	9.595281e-04
1.033216e-01	9.643097e-04
1.033472e-01	9.689578e-04
1.033728e-01	9.728532e-04
1.033984e-01	9.771126e-04
1.034240e-01	9.807592e-04
1.034496e-01	9.840179e-04
1.034752e-01	9.867561e-04
1.035008e-01	9.898827e-04
1.035264e-01	9.923859e-04
1.035520e-01	9.952625e-04
1.035776e-01	9.972525e-04
1.036032e-01	9.988500e-04
1.036288e-01	1.000865e-03
1.036544e-01	1.002552e-03
1.036800e-01	1.003298e-03
1.037056e-01	1.004709e-03
1.037312e-01	1.004421e-03
1.037568e-01	1.005673e-03
1.037824e-01	1.005742e-03
1.038080e-01	1.005395e-03
1.038336e-01	1.005633e-03
1.038592e-01	1.004749e-03
1.038848e-01	1.004207e-03
1.039104e-01	1.003330e-03
1.039360e-01	1.001450e-03
1.039616e-01	1.000384e-03
1.039872e-01	9.983205e-04
1.040128e-01	9.968961e-04
1.040384e-01	9.945295e-04
1.040640e-01	9.915048e-04
1.040896e-01	9.885087e-04
1.041152e-01	9.861455e-04
1.041408e-01	9.827567e-04
1.041664e-01	9.792900e-04
1.041920e-01	9.749414e-04
1.042176e-01	9.715659e-04
1.042432e-01	9.672368e-04
1.042688e-01	9.627598e-04
1.042944e-01	9.577407e-04
1.043200e-01	9.526873e-04
1.043456e-01	9.475527e-04
1.043712e-01	9.423755e-04
1.043968e-01	9.366105e-04
1.044224e-01	9.308238e-04
1.044480e-01	9.245854e-04
1.044736e-01	9.183415e-04
1.044992e-01	9.119157e-04
1.045248e-01	9.051039e-04
1.045504e-01	8.971969e-04
1.045760e-01	8.907320e-04
1.046016e-01	8.827315e-04
1.046272e-01	8.748172e-04
1.046528e-01	8.669133e-04
1.046784e-01	8.587381e-04
1.047040e-01	8.502901e-04
1.047296e-01	8.416264e-04
1.047552e-01	8.328602e-04
1.047808e-01	8.233623e-04
1.048064e-01	8.138172e-04
1.048320e-01	8.049651e-04
1.048576e-01	7.950261e-04
1.048832e-01	7.852800e-04
1.049088e-01	7.744697e-04
1.049344e-01	7.645218e-04
1.049600e-01	7.536875e-04
1.049856e-01	7.429309e-04
1.050112e-01	7.313561e-04
1.050368e-01	7.208572e-04
1.050624e-01	7.090493e-04
1.050880e-01	6.974409e-04
1.051136e-01	6.862022e-04
1.051392e-01	6.738174e-04
1.051648e-01	6.617068e-04
1.051904e-01	6.496325e-04
1.052160e-01	6.370776e-04
1.052416e-01	6.248133e-04
1.052672e-01	6.114630e-04
1.052928e-01	5.985466e-04
1.053184e-01	5.854682e-04
1.053440e-01	5.720929e-04
1.053696e-01	5.581852e-04
1.053952e-01	5.449320e-04
1.054208e-01	5.311961e-04
1.054464e-01	5.170417e-04
1.054720e-01	5.030512e-04
1.054976e-01	4.891548e-04
1.055232e-01	4.741170e-04
1.055488e-01	4.602064e-04
1.055744e-01	4.451972e-04
1.056000e-01	4.310361e-04
1.056256e-01	4.153450e-04
1.056512e-01	4.006350e-04
1.056768e-01	3.858565e-04
1.057024e-01	3.702443e-04
1.057280e-01	3.552763e-04
1.057536e-01	3.396035e-04
1.057792e-01	3.239203e-04
1.058048e-01	3.088330e-04
1.058304e-01	2.927802e-04
1.058560e-01	2.769160e-04
1.058816e-01	2.609992e-04
1.059072e-01	2.449371e-04
1.059328e-01	2.286206e-04
1.059584e-01	2.129718e-04
1.059840e-01	1.962203e-04
1.060096e-01	1.801909e-04
1.060352e-01	1.637337e-04
1.060608e-01	1.473786e-04
1.060864e-01	1.309413e-04
1.061120e-01	1.149178e-04
1.061376e-01	9.780684e-05
1.061632e-01	8.159514e-05
1.061888e-01	6.513144e-05
1.062144e-01	4.844153e-05
1.062400e-01	3.168200e-05
1.062656e-01	1.499991e-05
1.062912e-01	-1.508876e-06
1.063168e-01	-1.790923e-05
1.063424e-01	-3.492862e-05
1.063680e-01	-5.156817e-05
1.063936e-01	-6.830326e-05
1.064192e-01	-8.488131e-05
1.064448e-01	-1.019303e-04
1.064704e-01	-1.181623e-04
1.064960e-01	-1.350741e-04
1.065216e-01	-1.512768e-04
1.065472e-01	-1.679834e-04
1.065728e-01	-1.844918e-04
1.065984e-01	-2.013997e-04
1.066240e-01	-2.172018e-04
1.066496e-01	-2.340875e-04
1.066752e-01	-2.502314e-04
1.067008e-01	-2.665002e-04
1.067264e-01	-2.833566e-04
1.067520e-01	-2.988224e-04
1.067776e-01	-3.149225e-04
1.068032e-01	-3.312833e-04
1.068288e-01	-3.463674e-04
1.068544e-01	-3.626712e-04
1.068800e-01	-3.783415e-04
1.069056e-01	-3.938791e-04
1.069312e-01	-4.097374e-04
1.069568e-01	-4.253743e-04
1.069824e-01	-4.401868e-04
1.070080e-01	-4.558491e-04
1.070336e-01	-4.708657e-04
1.070592e-01	-4.859175e-04
1.070848e-01	-5.005549e-04
1.071104e-01	-5.157110e-04
1.071360e-01	-5.299832e-04
1.071616e-01	-5.444928e-04
1.071872e-01	-5.586265e-04
1.072128e-01	-5.733386e-04
1.072384e-01	-5.873244e-04
1.072640e-01	-6.009909e-04
1.072896e-01	-6.147231e-04
1.073152e-01	-6.288790e-04
1.073408e-01	-6.415974e-04
1.073664e-01	-6.549311e-04
1.073920e-01	-6.678980e-04
1.074176e-01	-6.809419e-04
1.074432e-01	-6.936377e-04
1.074688e-01	-7.060332e-04
1.074944e-01	-7.186075e-04
1.075200e-01	-7.308107e-04
1.075456e-01	-7.426139e-04
1.075712e-01	-7.542576e-04
1.075968e-01	-7.655434e-04
1.076224e-01	-7.775410e-04
1.076480e-01	-7.883050e-04
1.076736e-01	-7.995641e-04
1.076992e-01	-8.099126e-04
1.077248e-01	-8.206281e-04
1.077504e-01	-8.307642e-04
1.077760e-01	-8.408685e-04
1.078016e-01	-8.507842e-04
1.078272e-01	-8.602344e-04
1.078528e-01	-8.691257e-04
1.078784e-01	-8.788447e-04
1.079040e-01	-8.876056e-04
1.079296e-01	-8.963474e-04
1.079552e-01	-9.046870e-04
1.079808e-01	-9.127581e-04
1.080064e-01	-9.204594e-04
1.080320e-01	-9.279813e-04
1.080576e-01	-9.355743e-04
1.080832e-01	-9.430751e-04
1.081088e-01	-9.489477e-04
1.081344e-01	-9.564221e-04
1.081600e-01	-9.623039e-04
1.081856e-01	-9.684873e-04
1.082112e-01	-9.745509e-04
1.082368e-01	-9.796682e-04
1.082624e-01	-9.851801e-04
1.082880e-01	-9.901295e-04
1.083136e-01	-9.948988e-04
1.083392e-01	-9.993395e-04
1.083648e-01	-1.003292e-03
1.083904e-01	-1.007607e-03
1.084160e-01	-1.010844e-03
1.084416e-01	-1.014733e-03
1.084672e-01	-1.017510e-03
1.084928e-01	-1.020608e-03
1.085184e-01	-1.022620e-03
1.085440e-01	-1.025158e-03
1.085696e-01	-1.027160e-03
1.085952e-01	-1.029015e-03
1.086208e-01	-1.030258e-03
1.086464e-01	-1.031659e-03
1.086720e-01	-1.032497e-03
1.086976e-01	-1.033193e-03
1.087232e-01	-1.033108e-03
1.087488e-01	-1.033054e-03
1.087744e-01	-1.033028e-03
1.088000e-01	-1.032569e-03
1.088256e-01	-1.031199e-03
1.088512e-01	-1.030389e-03
1.088768e-01	-1.028858e-03
1.089024e-01	-1.027359e-03
1.089280e-01	-1.025627e-03
1.089536e-01	-1.023259e-03
1.089792e-01	-1.020711e-03
1.090048e-01	-1.017859e-03
1.090304e-01	-1.014548e-03
1.090560e-01	-1.012021e-03
1.090816e-01	-1.007713e-03
1.091072e-01	-1.004255e-03
1.091328e-01	-1.000253e-03
1.091584e-01	-9.956892e-04
1.091840e-01	-9.908220e-04
1.092096e-01	-9.862201e-04
1.092352e-01	-9.810335e-04
1.092608e-01	-9.758290e-04
1.092864e-01	-9.700022e-04
1.093120e-01	-9.642284e-04
1.093376e-01	-9.582368e-04
1.093632e-01	-9.517148e-04
1.093888e-01	-9.447914e-04
1.094144e-01	-9.385095e-04
1.094400e-01	-9.310577e-04
1.094656e-01	-9.238342e-04
1.094912e-01	-9.159252e-04
1.095168e-01	-9.082542e-04
1.095424e-01	-9.001553e-04
1.095680e-01	-8.919559e-04
1.095936e-01	-8.831139e-04
1.096192e-01	-8.745845e-04
1.096448e-01	-8.650020e-04
1.096704e-01	-8.561155e-04
1.096960e-01	-8.468274e-04
1.097216e-01	-8.371809e-04
1.097472e-01	-8.269955e-04
1.097728e-01	-8.171326e-04
1.097984e-01	-8.069219e-04
1.098240e-01	-7.966136e-04
1.098496e-01	-7.858697e-04
1.098752e-01	-7.749557e-04
1.099008e-01	-7.637381e-04
1.099264e-01	-7.522103e-04
1.099520e-01	-7.407126e-04
1.099776e-01	-7.293795e-04
1.100032e-01	-7.176224e-04
1.100288e-01	-7.055903e-04
1.100544e-01	-6.929149e-04
1.100800e-01	-6.812995e-04
1.101056e-01	-6.678995e-04
1.101312e-01	-6.554147e-04
1.101568e-01	-6.425036e-04
1.101824e-01	-6.297554e-04
1.102080e-01	-6.165153e-04
1.102336e-01	-6.030406e-04
1.102592e-01	-5.896494e-04
1.102848e-01	-5.761892e-04
1.103104e-01	-5.621976e-04
1.103360e-01	-5.483489e-04
1.103616e-01	-5.345234e-04
1.103872e-01	-5.203417e-04
1.104128e-01	-5.054417e-04
1.104384e-01	-4.916473e-04
1.104640e-01	-4.767023e-04
1.104896e-01	-4.626652e-04
1.105152e-01	-4.475417e-04
1.105408e-01	-4.324676e-04
1.105664e-01	-4.176749e-04
1.105920e-01	-4.026477e-04
1.106176e-01	-3.876987e-04
1.106432e-01	-3.724037e-04
1.106688e-01	-3.565722e-04
1.106944e-01	-3.412807e-04
1.107200e-01	-3.257182e-04
1.107456e-01	-3.104554e-04
1.107712e-01	-2.948567e-04
1.107968e-01	-2.794013e-04
1.108224e-01	-2.631235e-04
1.108480e-01	-2.473264e-04
1.108736e-01	-2.314648e-04
1.108992e-01	-2.160064e-04
1.109248e-01	-1.995623e-04
1.109504e-01	-1.836199e-04
1.109760e-01	-1.674152e-04
1.110016e-01	-1.515434e-04
1.110272e-01	-1.353064e-04
1.110528e-01	-1.190748e-04
1.110784e-01	-1.028012e-04
1.111040e-01	-8.670110e-05
1.111296e-01	-7.057691e-05
1.111552e-01	-5.457196e-05
1.111808e-01	-3.821632e-05
1.112064e-01	-2.210342e-05
1.112320e-01	-5.737762e-06
1.112576e-01	1.001618e-05
1.112832e-01	2.700796e-05
1.113088e-01	4.250511e-05
1.113344e-01	5.877149e-05
1.113600e-01	7.516817e-05
1.113856e-01	9.120987e-05
1.114112e-01	1.072404e-04
1.114368e-01	1.233641e-04
1.114624e-01	1.390769e-04
1.114880e-01	1.551490e-04
1.115136e-01	1.710067e-04
1.115392e-01	1.869760e-04
1.115648e-01	2.025630e-04
1.115904e-01	2.185173e-04
1.116160e-01	2.339373e-04
1.116416e-01	2.496089e-04
1.116672e-01	2.650845e-04
1.116928e-01	2.809667e-04
1.117184e-01	2.959760e-04
1.117440e-01	3.113767e-04
1.117696e-01	3.265276e-04
1.117952e-01	3.417347e-04
1.118208e-01	3.568386e-04
1.118464e-01	3.718463e-04
1.118720e-01	3.868385e-04
1.118976e-01	4.015079e-04
1.119232e-01	4.157793e-04
1.119488e-01	4.305329e-04
1.119744e-01	4.446604e-04
1.120000e-01	4.595147e-04
1.120256e-01	4.731474e-04
1.120512e-01	4.876782e-04
1.120768e-01	5.010423e-04
1.121024e-01	5.150846e-04
1.121280e-01	5.288121e-04
1.121536e-01	5.422570e-04
1.121792e-01	5.558247e-04
1.122048e-01	5.690189e-04
1.122304e-01	5.820261e-04
1.122560e-01	5.950250e-04
1.122816e-01	6.079424e-04
1.123072e-01	6.204565e-04
1.123328e-01	6.326354e-04
1.123584e-01	6.458108e-04
1.123840e-01	6.570852e-04
1.124096e-01	6.692993e-04
1.124352e-01	6.816192e-04
1.124608e-01	6.931472e-04
1.124864e-01	7.041826e-04
1.125120e-01	7.159723e-04
1.125376e-01	7.266214e-04
1.125632e-01	7.380024e-04
1.125888e-01	7.490803e-04
1.126144e-01	7.589735e-04
1.126400e-01	7.693926e-04
1.126656e-01	7.798385e-04
1.126912e-01	7.891361e-04
1.127168e-01	7.993131e-04
1.127424e-01	8.091690e-04
1.127680e-01	8.182210e-04
1.127936e-01	8.273664e-04
1.128192e-01	8.365388e-04
1.128448e-01	8.447868e-04
1.128704e-01	8.539399e-04
1.128960e-01	8.617972e-04
1.129216e-01	8.701665e-04
1.129472e-01	8.776056e-04
1.129728e-01	8.854071e-04
1.129984e-01	8.928964e-04
1.130240e-01	8.999131e-04
1.130496e-01	9.068360e-04
1.130752e-01	9.136829e-04
1.131008e-01	9.205557e-04
1.131264e-01	9.270414e-04
1.131520e-01	9.325818e-04
1.131776e-01	9.387472e-04
1.132032e-01	9.438198e-04
1.132288e-01	9.491337e-04
1.132544e-01	9.541264e-04
1.132800e-01	9.592493e-04
1.133056e-01	9.637364e-04
1.133312e-01	9.682302e-04
1.133568e-01	9.724455e-04
1.133824e-01	9.766900e-04
1.134080e-01	9.797019e-04
1.134336e-01	9.836669e-04
1.134592e-01	9.867656e-04
1.134848e-01	9.896242e-04
1.135104e-01	9.922177e-04
1.135360e-01	9.948080e-04
1.135616e-01	9.971191e-04
1.135872e-01	9.985856e-04
1.136128e-01	1.000662e-03
1.136384e-01	1.002307e-03
1.136640e-01	1.002843e-03
1.136896e-01	1.004404e-03
1.137152e-01	1.004796e-03
1.137408e-01	1.005516e-03
1.137664e-01	1.005430e-03
1.137920e-01	1.005543e-03
1.138176e-01	1.005642e-03
1.138432e-01	1.005350e-03
1.138688e-01	1.004117e-03
1.138944e-01	1.003351e-03
1.139200e-01	1.002182e-03
1.139456e-01	1.001046e-03
1.139712e-01	9.986665e-04
1.139968e-01	9.966710e-04
1.140224e-01	9.943314e-04
1.140480e-01	9.919116e-04
1.140736e-01	9.893581e-04
1.140992e-01	9.866228e-04
1.141248e-01	9.828933e-04
1.141504e-01	9.799164e-04
1.141760e-01	9.756886e-04
1.142016e-01	9.717660e-04
1.142272e-01	9.677747e-04
1.142528e-01	9.634692e-04
1.142784e-01	9.590294e-04
1.143040e-01	9.538589e-04
1.143296e-01	9.481941e-04
1.143552e-01	9.434269e-04
1.143808e-01	9.375275e-04
1.144064e-01	9.315420e-04
1.144320e-01	9.254860e-04
1.144576e-01	9.186983e-04
1.144832e-01	9.123126e-04
1.145088e-01	9.057753e-04
1.145344e-01	8.983277e-04
1.145600e-01	8.913666e-04
1.145856e-01	8.833885e-04
1.146112e-01	8.760953e-04
1.146368e-01	8.673629e-04
1.146624e-01	8.597380e-04
1.146880e-01	8.513617e-04
1.147136e-01	8.423037e-04
1.147392e-01	8.335349e-04
1.147648e-01	8.246056e-04
1.147904e-01	8.149979e-04
1.148160e-01	8.058325e-04
1.148416e-01	7.958792e-04
1.148672e-01	7.858663e-04
1.148928e-01	7.760600e-04
1.149184e-01	7.656777e-04
1.149440e-01	7.546190e-04
1.149696e-01	7.439534e-04
1.149952e-01	7.328892e-04
1.150208e-01	7.222620e-04
1.150464e-01	7.102992e-04
1.150720e-01	6.988925e-04
1.150976e-01	6.871006e-04
1.151232e-01	6.753528e-04
1.151488e-01	6.631343e-04
1.151744e-01	6.507946e-04
1.152000e-01	6.385176e-04
1.152256e-01	6.256928e-04
1.152512e-01	6.125459e-04
1.152768e-01	5.999002e-04
1.153024e-01	5.863160e-04
1.153280e-01	5.738472e-04
1.153536e-01	5.595760e-04
1.153792e-01	5.462603e-04
1.154048e-01	5.324573e-04
1.154304e-01	5.185221e-04
1.154560e-01	5.048985e-04
1.154816e-01	4.904187e-04
1.155072e-01	4.761443e-04
1.155328e-01	4.614905e-04
1.155584e-01	4.468228e-04
1.155840e-01	4.321554e-04
1.156096e-01	4.170036e-04
1.156352e-01	4.023595e-04
1.156608e-01	3.868605e-04
1.156864e-01	3.721822e-04
1.157120e-01	3.565842e-04
1.157376e-01	3.408194e-04
1.157632e-01	3.251773e-04
1.157888e-01	3.102902e-04
1.158144e-01	2.942833e-04
1.158400e-01	2.782917e-04
1.158656e-01	2.624389e-04
1.158912e-01	2.468991e-04
1.159168e-01	2.306255e-04
1.159424e-01	2.141393e-04
1.159680e-01	1.976870e-04
1.159936e-01	1.819437e-04
1.160192e-01	1.654992e-04
1.160448e-01	1.491688e-04
1.160704e-01	1.325405e-04
1.160960e-01	1.165098e-04
1.161216e-01	9.966149e-05
1.161472e-01	8.340621e-05
1.161728e-01	6.657452e-05
1.161984e-01	5.008587e-05
1.162240e-01	3.337714e-05
1.162496e-01	1.682212e-05
1.162752e-01	-1.816953e-07
1.163008e-01	-1.678409e-05
1.163264e-01	-3.359266e-05
1.163520e-01	-5.028125e-05
1.163776e-01	-6.660401e-05
1.164032e-01	-8.303268e-05
1.164288e-01	-1.001511e-04
1.164544e-01	-1.163451e-04
1.164800e-01	-1.332805e-04
1.165056e-01	-1.495353e-04
1.165312e-01	-1.664468e-04
1.165568e-01	-1.832401e-04
1.165824e-01	-1.991794e-04
1.166080e-01	-2.157544e-04
1.166336e-01	-2.321978e-04
1.166592e-01	-2.484821e-04
1.166848e-01	-2.649654e-04
1.167104e-01	-2.811783e-04
1.167360e-01	-2.974442e-04
1.167616e-01	-3.130369e-04
1.167872e-01	-3.295328e-04
1.168128e-01	-3.448518e-04
1.168384e-01	-3.614740e-04
1.168640e-01	-3.767593e-04
1.168896e-01	-3.925583e-04
1.169152e-01	-4.079390e-04
1.169408e-01	-4.237861e-04
1.169664e-01	-4.393239e-04
1.169920e-01	-4.539660e-04
1.170176e-01	-4.695664e-04
1.170432e-01	-4.845858e-04
1.170688e-01	-4.990603e-04
1.170944e-01	-5.142453e-04
1.171200e-01	-5.283792e-04
1.171456e-01	-5.434126e-04
1.171712e-01	-5.576087e-04
1.171968e-01	-5.716886e-04
1.172224e-01	-5.855968e-04
1.172480e-01	-5.998040e-04
1.172736e-01	-6.133362e-04
1.172992e-01	-6.266980e-04
1.173248e-01	-6.402067e-04
1.173504e-01	-6.536861e-04
1.173760e-01	-6.667852e-04
1.174016e-01	-6.797236e-04
1.174272e-01	-6.922301e-04
1.174528e-01	-7.052432e-04
1.174784e-01	-7.171704e-04
1.175040e-01	-7.295785e-04
1.175296e-01	-7.413003e-04
1.175552e-01	-7.534581e-04
1.175808e-01	-7.650339e-04
1.176064e-01	-7.760473e-04
1.176320e-01	-7.871183e-04
1.176576e-01	-7.984934e-04
1.176832e-01	-8.088285e-04
1.177088e-01	-8.194807e-04
1.177344e-01	-8.297914e-04
1.177600e-01	-8.396669e-04
1.177856e-01	-8.494747e-04
1.178112e-01	-8.598774e-04
1.178368e-01	-8.684206e-04
1.178624e-01	-8.776972e-04
1.178880e-01	-8.865655e-04
1.179136e-01	-8.952544e-04
1.179392e-01	-9.037178e-04
1.179648e-01	-9.117874e-04
1.179904e-01	-9.197868e-04
1.180160e-01	-9.276254e-04
1.180416e-01	-9.343607e-04
1.180672e-01	-9.417002e-04
1.180928e-01	-9.490849e-04
1.181184e-01	-9.553935e-04
1.181440e-01	-9.616723e-04
1.181696e-01	-9.680702e-04
1.181952e-01	-9.734374e-04
1.182208e-01	-9.794529e-04
1.182464e-01	-9.846231e-04
1.182720e-01	-9.898305e-04
1.182976e-01	-9.940361e-04
1.183232e-01	-9.988749e-04
1.183488e-01	-1.003103e-03
1.183744e-01	-1.007070e-03
1.184000e-01	-1.010394e-03
1.184256e-01	-1.014312e-03
1.184512e-01	-1.017681e-03
1.184768e-01	-1.020012e-03
1.185024e-01	-1.022153e-03
1.185280e-01	-1.024903e-03
1.185536e-01	-1.026799e-03
1.185792e-01	-1.028988e-03
1.186048e-01	-1.029837e-03
1.186304e-01	-1.030914e-03
1.186560e-01	-1.031980e-03
1.186816e-01	-1.032814e-03
1.187072e-01	-1.032746e-03
1.187328e-01	-1.032962e-03
1.187584e-01	-1.032840e-03
1.187840e-01	-1.032383e-03
1.188096e-01	-1.031862e-03
1.188352e-01	-1.030601e-03
1.188608e-01	-1.028505e-03
1.188864e-01	-1.027719e-03
1.189120e-01	-1.025758e-03
1.189376e-01	-1.023307e-03
1.189632e-01	-1.021186e-03
1.189888e-01	-1.018208e-03
1.190144e-01	-1.014918e-03
1.190400e-01	-1.012482e-03
1.190656e-01	-1.008446e-03
1.190912e-01	-1.004707e-03
1.191168e-01	-1.000764e-03
1.191424e-01	-9.961434e-04
1.191680e-01	-9.915120e-04
1.191936e-01	-9.870642e-04
1.192192e-01	-9.816164e-04
1.192448e-01	-9.766021e-04
1.192704e-01	-9.705449e-04
1.192960e-01	-9.649262e-04
1.193216e-01	-9.589582e-04
1.193472e-01	-9.526990e-04
1.193728e-01	-9.460095e-04
1.193984e-01	-9.393487e-04
1.194240e-01	-9.319256e-04
1.194496e-01	-9.245128e-04
1.194752e-01	-9.166857e-04
1.195008e-01	-9.090592e-04
1.195264e-01	-9.008437e-04
1.195520e-01	-8.929071e-04
1.195776e-01	-8.839658e-04
1.196032e-01	-8.754350e-04
1.196288e-01	-8.667374e-04
1.196544e-01	-8.570451e-04
1.196800e-01	-8.473027e-04
1.197056e-01	-8.381635e-04
1.197312e-01	-8.282493e-04
1.197568e-01	-8.183680e-04
1.197824e-01	-8.075581e-04
1.198080e-01	-7.973803e-04
1.198336e-01	-7.863684e-04
1.198592e-01	-7.761286e-04
1.198848e-01	-7.650958e-04
1.199104e-01	-7.532774e-04
1.199360e-01	-7.421516e-04
1.199616e-01	-7.304909e-04
1.199872e-01	-7.185247e-04
1.200128e-01	-7.066670e-04
1.200384e-01	-6.940759e-04
1.200640e-01	-6.821374e-04
1.200896e-01	-6.695519e-04
1.201152e-01	-6.571630e-04
1.201408e-01	-6.439686e-04
1.201664e-01	-6.312309e-04
1.201920e-01	-6.176652e-04
1.202176e-01	-6.044469e-04
1.202432e-01	-5.915752e-04
1.202688e-01	-5.777683e-04
1.202944e-01	-5.636977e-04
1.203200e-01	-5.499458e-04
1.203456e-01	-5.353640e-04
1.203712e-01	-5.218870e-04
1.203968e-01	-5.074017e-04
1.204224e-01	-4.930890e-04
1.204480e-01	-4.783792e-04
1.204736e-01	-4.639877e-04
1.204992e-01	-4.492041e-04
1.205248e-01	-4.341266e-04
1.205504e-01	-4.191468e-04
1.205760e-01	-4.043360e-04
1.206016e-01	-3.889284e-04
1.206272e-01	-3.737333e-04
1.206528e-01	-3.579922e-04
1.206784e-01	-3.431081e-04
1.207040e-01	-3.273072e-04
1.207296e-01	-3.119694e-04
1.207552e-01	-2.963388e-04
1.207808e-01	-2.804500e-04
1.208064e-01	-2.648754e-04
1.208320e-01	-2.489124e-04
1.208576e-01	-2.329611e-04
1.208832e-01	-2.173720e-04
1.209088e-01	-2.011305e-04
1.209344e-01	-1.851893e-04
1.209600e-01	-1.688101e-04
1.209856e-01	-1.532229e-04
1.210112e-01	-1.370361e-04
1.210368e-01	-1.207833e-04
1.210624e-01	-1.043381e-04
1.210880e-01	-8.839560e-05
1.211136e-01	-7.213214e-05
1.211392e-01	-5.608735e-05
1.211648e-01	-3.978537e-05
1.211904e-01	-2.383487e-05
1.212160e-01	-7.375857e-06
1.212416e-01	8.756932e-06
1.212672e-01	2.500141e-05
1.212928e-01	4.084754e-05
1.213184e-01	5.757442e-05
1.213440e-01	7.350183e-05
1.213696e-01	8.983610e-05
1.213952e-01	1.055320e-04
1.214208e-01	1.216462e-04
1.214464e-01	1.376189e-04
1.214720e-01	1.533990e-04
1.214976e-01	1.693865e-04
1.215232e-01	1.853901e-04
1.215488e-01	2.012431e-04
1.215744e-01	2.169967e-04
1.216000e-01	2.323800e-04
1.216256e-01	2.485065e-04
1.216512e-01	2.635652e-04
1.216768e-01	2.791543e-04
1.217024e-01	2.945337e-04
1.217280e-01	3.099542e-04
1.217536e-01	3.251600e-04
1.217792e-01	3.403618e-04
1.218048e-01	3.551122e-04
1.218304e-01	3.701525e-04
1.218560e-01	3.852227e-04
1.218816e-01	3.999749e-04
1.219072e-01	4.143887e-04
1.219328e-01	4.290431e-04
1.219584e-01	4.433581e-04
1.219840e-01	4.580953e-04
1.220096e-01	4.720204e-04
1.220352e-01	4.860827e-04
1.220608e-01	4.998310e-04
1.220864e-01	5.136803e-04
1.221120e-01	5.271960e-04
1.221376e-01	5.411633e-04
1.221632e-01	5.541261e-04
1.221888e-01	5.680192e-04
1.222144e-01	5.808646e-04
1.222400e-01	5.938990e-04
1.222656e-01	6.066396e-04
1.222912e-01	6.191942e-04
1.223168e-01	6.316646e-04
1.223424e-01	6.438454e-04
1.223680e-01	6.561544e-04
1.223936e-01	6.683819e-04
1.224192e-01	6.797372e-04
1.224448e-01	6.923640e-04
1.224704e-01	7.030347e-04
1.224960e-01	7.144338e-04
1.225216e-01	7.258486e-04
1.225472e-01	7.362070e-04
1.225728e-01	7.473160e-04
1.225984e-01	7.574635e-04
1.226240e-01	7.682190e-04
1.226496e-01	7.790261e-04
1.226752e-01	7.883146e-04
1.227008e-01	7.984492e-04
1.227264e-01	8.076889e-04
1.227520e-01	8.174834e-04
1.227776e-01	8.263588e-04
1.228032e-01	8.352809e-04
1.228288e-01	8.443009e-04
1.228544e-01	8.529864e-04
1.228800e-01	8.608056e-04
1.229056e-01	8.693698e-04
1.229312e-01	8.770250e-04
1.229568e-01	8.850363e-04
1.229824e-01	8.921766e-04
1.230080e-01	8.993170e-04
1.230336e-01	9.059739e-04
1.230592e-01	9.128007e-04
1.230848e-01	9.192787e-04
1.231104e-01	9.256620e-04
1.231360e-01	9.320545e-04
1.231616e-01	9.378219e-04
1.231872e-01	9.432806e-04
1.232128e-01	9.488896e-04
1.232384e-01	9.537597e-04
1.232640e-01	9.588964e-04
1.232896e-01	9.631793e-04
1.233152e-01	9.682751e-04
1.233408e-01	9.719115e-04
1.233664e-01	9.758351e-04
1.233920e-01	9.796380e-04
1.234176e-01	9.827808e-04
1.234432e-01	9.861210e-04
1.234688e-01	9.892028e-04
1.234944e-01	9.917641e-04
1.235200e-01	9.942967e-04
1.235456e-01	9.966128e-04
1.235712e-01	9.986358e-04
1.235968e-01	1.000140e-03
1.236224e-01	1.001904e-03
1.236480e-01	1.002816e-03
1.236736e-01	1.004169e-03
1.236992e-01	1.004840e-03
1.237248e-01	1.005662e-03
1.237504e-01	1.005240e-03
1.237760e-01	1.005799e-03
1.238016e-01	1.005398e-03
1.238272e-01	1.004865e-03
1.238528e-01	1.004402e-03
1.238784e-01	1.003307e-03
1.239040e-01	1.001867e-03
1.239296e-01	1.000582e-03
1.239552e-01	9.985876e-04
1.239808e-01	9.968032e-04
1.240064e-01	9.948653e-04
1.240320e-01	9.924000e-04
1.240576e-01	9.893618e-04
1.240832e-01	9.865521e-04
1.241088e-01	9.834855e-04
1.241344e-01	9.802720e-04
1.241600e-01	9.759342e-04
1.241856e-01	9.723704e-04
1.242112e-01	9.680758e-04
1.242368e-01	9.639558e-04
1.242624e-01	9.587200e-04
1.242880e-01	9.540557e-04
1.243136e-01	9.492787e-04
1.243392e-01	9.434337e-04
1.243648e-01	9.376869e-04
1.243904e-01	9.321234e-04
1.244160e-01	9.258912e-04
1.244416e-01	9.198985e-04
1.244672e-01	9.129795e-04
1.244928e-01	9.063251e-04
1.245184e-01	8.991512e-04
1.245440e-01	8.920098e-04
1.245696e-01	8.841722e-04
1.245952e-01	8.764855e-04
1.246208e-01	8.684603e-04
1.246464e-01	8.604482e-04
1.246720e-01	8.519686e-04
1.246976e-01	8.437922e-04
1.247232e-01	8.347559e-04
1.247488e-01	8.254478e-04
1.247744e-01	8.162468e-04
1.248000e-01	8.066786e-04
1.248256e-01	7.966883e-04
1.248512e-01	7.871699e-04
1.248768e-01	7.762414e-04
1.249024e-01	7.662958e-04
1.249280e-01	7.556648e-04
1.249536e-01	7.449777e-04
1.249792e-01	7.342806e-04
1.250048e-01	7.230559e-04
1.250304e-01	7.114260e-04
1.250560e-01	6.998935e-04
1.250816e-01	6.885450e-04
1.251072e-01	6.762826e-04
1.251328e-01	6.641345e-04
1.251584e-01	6.522248e-04
1.251840e-01	6.391440e-04
1.252096e-01	6.273947e-04
1.252352e-01	6.138046e-04
1.252608e-01	6.014175e-04
1.252864e-01	5.880903e-04
1.253120e-01	5.745607e-04
1.253376e-01	5.610981e-04
1.253632e-01	5.477928e-04
1.253888e-01	5.338711e-04
1.254144e-01	5.199542e-04
1.254400e-01	5.059967e-04
1.254656e-01	4.914269e-04
1.254912e-01	4.774850e-04
1.255168e-01	4.630923e-04
1.255424e-01	4.479605e-04
1.255680e-01	4.333415e-04
1.255936e-01	4.185685e-04
1.256192e-01	4.036518e-04
1.256448e-01	3.880401e-04
1.256704e-01	3.736651e-04
1.256960e-01	3.579872e-04
1.257216e-01	3.426719e-04
1.257472e-01	3.272727e-04
1.257728e-01	3.115150e-04
1.257984e-01	2.953045e-04
1.258240e-01	2.799355e-04
1.258496e-01	2.641030e-04
1.258752e-01	2.479791e-04
1.259008e-01	2.315277e-04
1.259264e-01	2.159770e-04
1.259520e-01	1.997504e-04
1.259776e-01	1.833894e-04
1.260032e-01	1.672606e-04
1.260288e-01	1.506376e-04
1.260544e-01	1.338572e-04
1.260800e-01	1.182400e-04
1.261056e-01	1.015113e-04
1.261312e-01	8.453162e-05
1.261568e-01	6.828121e-05
1.261824e-01	5.174966e-05
1.262080e-01	3.448976e-05
1.262336e-01	1.849344e-05
1.262592e-01	1.532444e-06
1.262848e-01	-1.497819e-05
1.263104e-01	-3.176628e-05
1.263360e-01	-4.829717e-05
1.263616e-01	-6.517166e-05
1.263872e-01	-8.191374e-05
1.264128e-01	-9.837854e-05
1.264384e-01	-1.148926e-04
1.264640e-01	-1.317724e-04
1.264896e-01	-1.482902e-04
1.265152e-01	-1.648837e-04
1.265408e-01	-1.810710e-04
1.265664e-01	-1.980092e-04
1.265920e-01	-2.142016e-04
1.266176e-01	-2.309652e-04
1.266432e-01	-2.469748e-04
1.266688e-01	-2.633284e-04
1.266944e-01	-2.792329e-04
1.267200e-01	-2.954967e-04
1.267456e-01	-3.117929e-04
1.267712e-01	-3.276930e-04
1.267968e-01	-3.438151e-04
1.268224e-01	-3.597208e-04
1.268480e-01	-3.752397e-04
1.268736e-01	-3.910756e-04
1.268992e-01	-4.066676e-04
1.269248e-01	-4.222981e-04
1.269504e-01	-4.374286e-04
1.269760e-01	-4.528435e-04
1.270016e-01	-4.678276e-04
1.270272e-01	-4.832727e-04
1.270528e-01	-4.978225e-04
1.270784e-01	-5.132724e-04
1.271040e-01	-5.274739e-04
1.271296e-01	-5.419157e-04
1.271552e-01	-5.561236e-04
1.271808e-01	-5.705403e-04
1.272064e-01	-5.844553e-04
1.272320e-01	-5.984438e-04
1.272576e-01	-6.122147e-04
1.272832e-01	-6.256668e-04
1.273088e-01	-6.392500e-04
1.273344e-01	-6.526650e-04
1.273600e-01	-6.655775e-04
1.273856e-01	-6.781986e-04
1.274112e-01	-6.910468e-04
1.274368e-01	-7.040409e-04
1.274624e-01	-7.158375e-04
1.274880e-01	-7.285281e-04
1.275136e-01	-7.398879e-04
1.275392e-01	-7.520052e-04
1.275648e-01	-7.636408e-04
1.275904e-01	-7.749964e-04
1.276160e-01	-7.861695e-04
1.276416e-01	-7.969798e-04
1.276672e-01	-8.078765e-04
1.276928e-01	-8.184317e-04
1.277184e-01	-8.283069e-04
1.277440e-01	-8.389506e-04
1.277696e-01	-8.487190e-04
1.277952e-01	-8.584912e-04
1.278208e-01	-8.679550e-04
1.278464e-01	-8.769682e-04
1.278720e-01	-8.854906e-04
1.278976e-01	-8.941426e-04
1.279232e-01	-9.028880e-04
1.279488e-01	-9.116496e-04
1.279744e-01	-9.183904e-04
1.280000e-01	-9.264756e-04
1.280256e-01	-9.342398e-04
1.280512e-01	-9.417898e-04
1.280768e-01	-9.483396e-04
1.281024e-01	-9.545867e-04
1.281280e-01	-9.615358e-04
1.281536e-01	-9.676130e-04
1.281792e-01	-9.732359e-04
1.282048e-01	-9.787504e-04
1.282304e-01	-9.837921e-04
1.282560e-01	-9.894713e-04
1.282816e-01	-9.936970e-04
1.283072e-01	-9.986790e-04
1.283328e-01	-1.002783e-03
1.283584e-01	-1.006578e-03
1.283840e-01	-1.010311e-03
1.284096e-01	-1.014313e-03
1.284352e-01	-1.017230e-03
1.284608e-01	-1.019973e-03
1.284864e-01	-1.022534e-03
1.285120e-01	-1.025012e-03
1.285376e-01	-1.026831e-03
1.285632e-01	-1.028499e-03
1.285888e-01	-1.029829e-03
1.286144e-01	-1.031420e-03
1.286400e-01	-1.032100e-03
1.286656e-01	-1.032903e-03
1.286912e-01	-1.033394e-03
1.287168e-01	-1.033097e-03
1.287424e-01	-1.032769e-03
1.287680e-01	-1.032747e-03
1.287936e-01	-1.031292e-03
1.288192e-01	-1.030712e-03
1.288448e-01	-1.029612e-03
1.288704e-01	-1.027718e-03
1.288960e-01	-1.025985e-03
1.289216e-01	-1.023970e-03
1.289472e-01	-1.021181e-03
1.289728e-01	-1.019007e-03
1.289984e-01	-1.016026e-03
1.290240e-01	-1.012708e-03
1.290496e-01	-1.008710e-03
1.290752e-01	-1.005406e-03
1.291008e-01	-1.000948e-03
1.291264e-01	-9.968291e-04
1.291520e-01	-9.922886e-04
1.291776e-01	-9.876599e-04
1.292032e-01	-9.823622e-04
1.292288e-01	-9.771611e-04
1.292544e-01	-9.719822e-04
1.292800e-01	-9.656684e-04
1.293056e-01	-9.595740e-04
1.293312e-01	-9.533845e-04
1.293568e-01	-9.465485e-04
1.293824e-01	-9.397768e-04
1.294080e-01	-9.322590e-04
1.294336e-01	-9.253243e-04
1.294592e-01	-9.171749e-04
1.294848e-01	-9.104486e-04
1.295104e-01	-9.013927e-04
1.295360e-01	-8.931792e-04
1.295616e-01	-8.851351e-04
1.295872e-01	-8.759864e-04
1.296128e-01	-8.672182e-04
1.296384e-01	-8.579685e-04
1.296640e-01	-8.485091e-04
1.296896e-01	-8.390737e-04
1.297152e-01	-8.291394e-04
1.297408e-01	-8.189757e-04
1.297664e-01	-8.084148e-04
1.297920e-01	-7.981483e-04
1.298176e-01	-7.875570e-04
1.298432e-01	-7.766616e-04
1.298688e-01	-7.654732e-04
1.298944e-01	-7.548238e-04
1.299200e-01	-7.430346e-04
1.299456e-01	-7.315942e-04
1.299712e-01	-7.196945e-04
1.299968e-01	-7.079574e-04
1.300224e-01	-6.955582e-04
1.300480e-01	-6.834199e-04
1.300736e-01	-6.705399e-04
1.300992e-01	-6.581449e-04
1.301248e-01	-6.452432e-04
1.301504e-01	-6.325787e-04
1.301760e-01	-6.191992e-04
1.302016e-01	-6.056131e-04
1.302272e-01	-5.925334e-04
1.302528e-01	-5.789310e-04
1.302784e-01	-5.651613e-04
1.303040e-01	-5.512676e-04
1.303296e-01	-5.370560e-04
1.303552e-01	-5.232892e-04
1.303808e-01	-5.084545e-04
1.304064e-01	-4.944110e-04
1.304320e-01	-4.793387e-04
1.304576e-01	-4.649482e-04
1.304832e-01	-4.503924e-04
1.305088e-01	-4.355905e-04
1.305344e-01	-4.203973e-04
1.305600e-01	-4.054773e-04
1.305856e-01	-3.902483e-04
1.306112e-01	-3.752078e-04
1.306368e-01	-3.600877e-04
1.306624e-01	-3.446178e-04
1.306880e-01	-3.286531e-04
1.307136e-01	-3.136260e-04
1.307392e-01	-2.979960e-04
1.307648e-01	-2.818575e-04
1.307904e-01	-2.662635e-04
1.308160e-01	-2.506642e-04
1.308416e-01	-2.344174e-04
1.308672e-01	-2.188307e-04
1.308928e-01	-2.026465e-04
1.309184e-01	-1.867352e-04
1.309440e-01	-1.704241e-04
1.309696e-01	-1.547522e-04
1.309952e-01	-1.383937e-04
1.310208e-01	-1.221910e-04
1.310464e-01	-1.059665e-04
1.310720e-01	-9.029484e-05
1.310976e-01	-7.372719e-05
1.311232e-01	-5.767714e-05
1.311488e-01	-4.116810e-05
1.311744e-01	-2.500682e-05
1.312000e-01	-8.851504e-06
1.312256e-01	7.390242e-06
1.312512e-01	2.355700e-05
1.312768e-01	3.958689e-05
1.313024e-01	5.580991e-05
1.313280e-01	7.197647e-05
1.313536e-01	8.819401e-05
1.313792e-01	1.041192e-04
1.314048e-01	1.204565e-04
1.314304e-01	1.358439e-04
1.314560e-01	1.522638e-04
1.314816e-01	1.680482e-04
1.315072e-01	1.835173e-04
1.315328e-01	1.997417e-04
1.315584e-01	2.152883e-04
1.315840e-01	2.310445e-04
1.316096e-01	2.469548e-04
1.316352e-01	2.621861e-04
1.316608e-01	2.782277e-04
1.316864e-01	2.930733e-04
1.317120e-01	3.087465e-04
1.317376e-01	3.234900e-04
1.317632e-01	3.389204e-04
1.317888e-01	3.539569e-04
1.318144e-01	3.693103e-04
1.318400e-01	3.837848e-04
1.318656e-01	3.985655e-04
1.318912e-01	4.132592e-04
1.319168e-01	4.276962e-04
1.319424e-01	4.423248e-04
1.319680e-01	4.565021e-04
1.319936e-01	4.706503e-04
1.320192e-01	4.849937e-04
1.320448e-01	4.988431e-04
1.320704e-01	5.128034e-04
1.320960e-01	5.261481e-04
1.321216e-01	5.395303e-04
1.321472e-01	5.531625e-04
1.321728e-01	5.669323e-04
1.321984e-01	5.797058e-04
1.322240e-01	5.926062e-04
1.322496e-01	6.052128e-04
1.322752e-01	6.182486e-04
1.323008e-01	6.301499e-04
1.323264e-01	6.430505e-04
1.323520e-01	6.550593e-04
1.323776e-01	6.672493e-04
1.324032e-01	6.790583e-04
1.324288e-01	6.909610e-04
1.324544e-01	7.021388e-04
1.324800e-01	7.133352e-04
1.325056e-01	7.249058e-04
1.325312e-01	7.357063e-04
1.325568e-01	7.463960e-04
1.325824e-01	7.568938e-04
1.326080e-01	7.672025e-04
1.326336e-01	7.778967e-04
1.326592e-01	7.874481e-04
1.326848e-01	7.974525e-04
1.327104e-01	8.068543e-04
1.327360e-01	8.161763e-04
1.327616e-01	8.254119e-04
1.327872e-01	8.345130e-04
1.328128e-01	8.428523e-04
1.328384e-01	8.522830e-04
1.328640e-01	8.600237e-04
1.328896e-01	8.682392e-04
1.329152e-01	8.765267e-04
1.329408e-01	8.838528e-04
1.329664e-01	8.911316e-04
1.329920e-01	8.987202e-04
1.330176e-01	9.057879e-04
1.330432e-01	9.124159e-04
1.330688e-01	9.188693e-04
1.330944e-01	9.253248e-04
1.331200e-01	9.313574e-04
1.331456e-01	9.375095e-04
1.331712e-01	9.427293e-04
1.331968e-01	9.485062e-04
1.332224e-01	9.532497e-04
1.332480e-01	9.586202e-04
1.332736e-01	9.629062e-04
1.332992e-01	9.673701e-04
1.333248e-01	9.718094e-04
1.333504e-01	9.756244e-04
1.333760e-01	9.796369e-04
1.334016e-01	9.829636e-04
1.334272e-01	9.860512e-04
1.334528e-01	9.891228e-04
1.334784e-01	9.919144e-04
1.335040e-01	9.945056e-04
1.335296e-01	9.963748e-04
1.335552e-01	9.990564e-04
1.335808e-01	1.000064e-03
1.336064e-01	1.002150e-03
1.336320e-01	1.003252e-03
1.336576e-01	1.004290e-03
1.336832e-01	1.005015e-03
1.337088e-01	1.005419e-03
1.337344e-01	1.006195e-03
1.337600e-01	1.005945e-03
1.337856e-01	1.005528e-03
1.338112e-01	1.005330e-03
1.338368e-01	1.004419e-03
1.338624e-01	1.003520e-03
1.338880e-01	1.001765e-03
1.339136e-01	1.000953e-03
1.339392e-01	9.990368e-04
1.339648e-01	9.973765e-04
1.339904e-01	9.949565e-04
1.340160e-01	9.925525e-04
1.340416e-01	9.899992e-04
1.340672e-01	9.871740e-04
1.340928e-01	9.836399e-04
1.341184e-01	9.805966e-04
1.341440e-01	9.767100e-04
1.341696e-01	9.728574e-04
1.341952e-01	9.691017e-04
1.342208e-01	9.640888e-04
1.342464e-01	9.593431e-04
1.342720e-01	9.549591e-04
1.342976e-01	9.494924e-04
1.343232e-01	9.441003e-04
1.343488e-01	9.383498e-04
1.343744e-01	9.328416e-04
1.344000e-01	9.265646e-04
1.344256e-01	9.205061e-04
1.344512e-01	9.135855e-04
1.344768e-01	9.069275e-04
1.345024e-01	8.996252e-04
1.345280e-01	8.926569e-04
1.345536e-01	8.851070e-04
1.345792e-01	8.774687e-04
1.346048e-01	8.692818e-04
1.346304e-01	8.613026e-04
1.346560e-01	8.526581e-04
1.346816e-01	8.441519e-04
1.347072e-01	8.355787e-04
1.347328e-01	8.263717e-04
1.347584e-01	8.171020e-04
1.347840e-01	8.079173e-04
1.348096e-01	7.976398e-04
1.348352e-01	7.882090e-04
1.348608e-01	7.780035e-04
1.348864e-01	7.677267e-04
1.349120e-01	7.569205e-04
1.349376e-01	7.461536e-04
1.349632e-01	7.357259e-04
1.349888e-01	7.245690e-04
1.350144e-01	7.128158e-04
1.350400e-01	7.016388e-04
1.350656e-01	6.894637e-04
1.350912e-01	6.774461e-04
1.351168e-01	6.654240e-04
1.351424e-01	6.537676e-04
1.351680e-01	6.408519e-04
1.351936e-01	6.286543e-04
1.352192e-01	6.158199e-04
1.352448e-01	6.026340e-04
1.352704e-01	5.890772e-04
1.352960e-01	5.762183e-04
1.353216e-01	5.628743e-04
1.353472e-01	5.489335e-04
1.353728e-01	5.351811e-04
1.353984e-01	5.215973e-04
1.354240e-01	5.071363e-04
1.354496e-01	4.931270e-04
1.354752e-01	4.788370e-04
1.355008e-01	4.640651e-04
1.355264e-01	4.494744e-04
1.355520e-01	4.348537e-04
1.355776e-01	4.199957e-04
1.356032e-01	4.050180e-04
1.356288e-01	3.898251e-04
1.356544e-01	3.751224e-04
1.356800e-01	3.594808e-04
1.357056e-01	3.445878e-04
1.357312e-01	3.280186e-04
1.357568e-01	3.132441e-04
1.357824e-01	2.976021e-04
1.358080e-01	2.810845e-04
1.358336e-01	2.657780e-04
1.358592e-01	2.496969e-04
1.358848e-01	2.334419e-04
1.359104e-01	2.175311e-04
1.359360e-01	2.014433e-04
1.359616e-01	1.849586e-04
1.359872e-01	1.684154e-04
1.360128e-01	1.526687e-04
1.360384e-01	1.358018e-04
1.360640e-01	1.196837e-04
1.360896e-01	1.027535e-04
1.361152e-01	8.665075e-05
1.361408e-01	6.990245e-05
1.361664e-01	5.314822e-05
1.361920e-01	3.668345e-05
1.362176e-01	2.009677e-05
1.362432e-01	3.131999e-06
1.362688e-01	-1.354672e-05
1.362944e-01	-3.035546e-05
1.363200e-01	-4.689932e-05
1.363456e-01	-6.336068e-05
1.363712e-01	-8.000556e-05
1.363968e-01	-9.682756e-05
1.364224e-01	-1.134848e-04
1.364480e-01	-1.301826e-04
1.364736e-01	-1.461322e-04
1.364992e-01	-1.635385e-04
1.365248e-01	-1.795285e-04
1.365504e-01	-1.961986e-04
1.365760e-01	-2.127571e-04
1.366016e-01	-2.291614e-04
1.366272e-01	-2.454564e-04
1.366528e-01	-2.615778e-04
1.366784e-01	-2.780610e-04
1.367040e-01	-2.943319e-04
1.367296e-01	-3.104821e-04
1.367552e-01	-3.264094e-04
1.367808e-01	-3.423317e-04
1.368064e-01	-3.585024e-04
1.368320e-01	-3.738131e-04
1.368576e-01	-3.898985e-04
1.368832e-01	-4.050375e-04
1.369088e-01	-4.210733e-04
1.369344e-01	-4.359755e-04
1.369600e-01	-4.513904e-04
1.369856e-01	-4.669581e-04
1.370112e-01	-4.816708e-04
1.370368e-01	-4.961833e-04
1.370624e-01	-5.113332e-04
1.370880e-01	-5.258584e-04
1.371136e-01	-5.402363e-04
1.371392e-01	-5.549781e-04
1.371648e-01	-5.690904e-04
1.371904e-01	-5.830532e-04
1.372160e-01	-5.976900e-04
1.372416e-01	-6.105503e-04
1.372672e-01	-6.244491e-04
1.372928e-01	-6.381561e-04
1.373184e-01	-6.514399e-04
1.373440e-01	-6.641850e-04
1.373696e-01	-6.771728e-04
1.373952e-01	-6.899456e-04
1.374208e-01	-7.025664e-04
1.374464e-01	-7.145696e-04
1.374720e-01	-7.270439e-04
1.374976e-01	-7.393321e-04
1.375232e-01	-7.510728e-04
1.375488e-01	-7.625996e-04
1.375744e-01	-7.743543e-04
1.376000e-01	-7.850603e-04
1.376256e-01	-7.962600e-04
1.376512e-01	-8.066833e-04
1.376768e-01	-8.171846e-04
1.377024e-01	-8.279050e-04
1.377280e-01	-8.381535e-04
1.377536e-01	-8.481536e-04
1.377792e-01	-8.577781e-04
1.378048e-01	-8.668526e-04
1.378304e-01	-8.763284e-04
1.378560e-01	-8.846664e-04
1.378816e-01	-8.937484e-04
1.379072e-01	-9.015804e-04
1.379328e-01	-9.100647e-04
1.379584e-01	-9.181155e-04
1.379840e-01	-9.259676e-04
1.380096e-01	-9.335533e-04
1.380352e-01	-9.403253e-04
1.380608e-01	-9.475447e-04
1.380864e-01	-9.544435e-04
1.381120e-01	-9.604066e-04
1.381376e-01	-9.671410e-04
1.381632e-01	-9.724382e-04
1.381888e-01	-9.780319e-04
1.382144e-01	-9.836404e-04
1.382400e-01	-9.884782e-04
1.382656e-01	-9.933565e-04
1.382912e-01	-9.979656e-04
1.383168e-01	-1.001928e-03
1.383424e-01	-1.006160e-03
1.383680e-01	-1.009726e-03
1.383936e-01	-1.013643e-03
1.384192e-01	-1.016284e-03
1.384448e-01	-1.020142e-03
1.384704e-01	-1.022174e-03
1.384960e-01	-1.024433e-03
1.385216e-01	-1.026499e-03
1.385472e-01	-1.028103e-03
1.385728e-01	-1.030369e-03
1.385984e-01	-1.031157e-03
1.386240e-01	-1.032056e-03
1.386496e-01	-1.032871e-03
1.386752e-01	-1.033022e-03
1.387008e-01	-1.033294e-03
1.387264e-01	-1.032693e-03
1.387520e-01	-1.032437e-03
1.387776e-01	-1.031918e-03
1.388032e-01	-1.030909e-03
1.388288e-01	-1.029326e-03
1.388544e-01	-1.028105e-03
1.388800e-01	-1.025670e-03
1.389056e-01	-1.024034e-03
1.389312e-01	-1.021595e-03
1.389568e-01	-1.019218e-03
1.389824e-01	-1.016107e-03
1.390080e-01	-1.012938e-03
1.390336e-01	-1.009532e-03
1.390592e-01	-1.005823e-03
1.390848e-01	-1.001388e-03
1.391104e-01	-9.975608e-04
1.391360e-01	-9.924843e-04
1.391616e-01	-9.876769e-04
1.391872e-01	-9.826865e-04
1.392128e-01	-9.778073e-04
1.392384e-01	-9.724031e-04
1.392640e-01	-9.662500e-04
1.392896e-01	-9.600773e-04
1.393152e-01	-9.535329e-04
1.393408e-01	-9.470917e-04
1.393664e-01	-9.405832e-04
1.393920e-01	-9.334914e-04
1.394176e-01	-9.263978e-04
1.394432e-01	-9.185745e-04
1.394688e-01	-9.109742e-04
1.394944e-01	-9.026393e-04
1.395200e-01	-8.945645e-04
1.395456e-01	-8.857867e-04
1.395712e-01	-8.771261e-04
1.395968e-01	-8.681149e-04
1.396224e-01	-8.590635e-04
1.396480e-01	-8.491674e-04
1.396736e-01	-8.401301e-04
1.396992e-01	-8.300549e-04
1.397248e-01	-8.203136e-04
1.397504e-01	-8.099764e-04
1.397760e-01	-7.995421e-04
1.398016e-01	-7.888290e-04
1.398272e-01	-7.779549e-04
1.398528e-01	-7.671175e-04
1.398784e-01	-7.559803e-04
1.399040e-01	-7.445080e-04
1.399296e-01	-7.326818e-04
1.399552e-01	-7.208593e-04
1.399808e-01	-7.093461e-04
1.400064e-01	-6.967721e-04
1.400320e-01	-6.846671e-04
1.400576e-01	-6.720760e-04
1.400832e-01	-6.592465e-04
1.401088e-01	-6.468829e-04
1.401344e-01	-6.338293e-04
1.401600e-01	-6.201704e-04
1.401856e-01	-6.077153e-04
1.402112e-01	-5.935469e-04
1.402368e-01	-5.801548e-04
1.402624e-01	-5.665995e-04
1.402880e-01	-5.523940e-04
1.403136e-01	-5.383927e-04
1.403392e-01	-5.247158e-04
1.403648e-01	-5.101753e-04
1.403904e-01	-4.955264e-04
1.404160e-01	-4.808111e-04
1.404416e-01	-4.669512e-04
1.404672e-01	-4.517726e-04
1.404928e-01	-4.370223e-04
1.405184e-01	-4.221324e-04
1.405440e-01	-4.072379e-04
1.405696e-01	-3.919297e-04
1.405952e-01	-3.763110e-04
1.406208e-01	-3.612116e-04
1.406464e-01	-3.456788e-04
1.406720e-01	-3.302059e-04
1.406976e-01	-3.153291e-04
1.407232e-01	-2.990749e-04
1.407488e-01	-2.837012e-04
1.407744e-01	-2.678165e-04
1.408000e-01	-2.519866e-04
1.408256e-01	-2.360437e-04
1.408512e-01	-2.203477e-04
1.408768e-01	-2.040055e-04
1.409024e-01	-1.881796e-04
1.409280e-01	-1.722731e-04
1.409536e-01	-1.558675e-04
1.409792e-01	-1.400021e-04
1.410048e-01	-1.241957e-04
1.410304e-01	-1.073500e-04
1.410560e-01	-9.148617e-05
1.410816e-01	-7.517661e-05
1.411072e-01	-5.943423e-05
1.411328e-01	-4.295075e-05
1.411584e-01	-2.704304e-05
1.411840e-01	-1.072008e-05
1.412096e-01	5.998841e-06
1.412352e-01	2.174363e-05
1.412608e-01	3.785295e-05
1.412864e-01	5.416824e-05
1.413120e-01	7.018173e-05
1.413376e-01	8.688953e-05
1.413632e-01	1.023511e-04
1.413888e-01	1.187844e-04
1.414144e-01	1.344778e-04
1.414400e-01	1.504586e-04
1.414656e-01	1.663952e-04
1.414912e-01	1.824115e-04
1.415168e-01	1.980946e-04
1.415424e-01	2.140039e-04
1.415680e-01	2.298892e-04
1.415936e-01	2.449726e-04
1.416192e-01	2.604528e-04
1.416448e-01	2.761456e-04
1.416704e-01	2.910334e-04
1.416960e-01	3.070879e-04
1.417216e-01	3.222671e-04
1.417472e-01	3.372808e-04
1.417728e-01	3.521972e-04
1.417984e-01	3.676613e-04
1.418240e-01	3.822602e-04
1.418496e-01	3.969116e-04
1.418752e-01	4.118694e-04
1.419008e-01	4.264245e-04
1.419264e-01	4.405095e-04
1.419520e-01	4.548521e-04
1.419776e-01	4.691744e-04
1.420032e-01	4.835314e-04
1.420288e-01	4.972365e-04
1.420544e-01	5.109946e-04
1.420800e-01	5.241341e-04
1.421056e-01	5.385955e-04
1.421312e-01	5.518693e-04
1.421568e-01	5.651605e-04
1.421824e-01	5.781351e-04
1.422080e-01	5.910662e-04
1.422336e-01	6.039168e-04
1.422592e-01	6.167343e-04
1.422848e-01	6.290396e-04
1.423104e-01	6.413957e-04
1.423360e-01	6.538249e-04
1.423616e-01	6.660257e-04
1.423872e-01	6.779633e-04
1.424128e-01	6.897206e-04
1.424384e-01	7.009536e-04
1.424640e-01	7.125399e-04
1.424896e-01	7.233468e-04
1.425152e-01	7.347630e-04
1.425408e-01	7.452896e-04
1.425664e-01	7.562774e-04
1.425920e-01	7.660105e-04
1.426176e-01	7.765089e-04
1.426432e-01	7.864750e-04
1.426688e-01	7.961849e-04
1.426944e-01	8.064251e-04
1.427200e-01	8.156225e-04
1.427456e-01	8.246314e-04
1.427712e-01	8.334294e-04
1.427968e-01	8.425261e-04
1.428224e-01	8.513965e-04
1.428480e-01	8.593492e-04
1.428736e-01	8.679733e-04
1.428992e-01	8.750880e-04
1.429248e-01	8.832672e-04
1.429504e-01	8.906084e-04
1.429760e-01	8.978468e-04
1.430016e-01	9.053138e-04
1.430272e-01	9.116387e-04
1.430528e-01	9.184025e-04
1.430784e-01	9.248391e-04
1.431040e-01	9.305567e-04
1.431296e-01	9.372268e-04
1.431552e-01	9.419150e-04
1.431808e-01	9.481307e-04
1.432064e-01	9.526971e-04
1.432320e-01	9.576684e-04
1.432576e-01	9.629533e-04
1.432832e-01	9.671414e-04
1.433088e-01	9.714786e-04
1.433344e-01	9.751717e-04
1.433600e-01	9.790711e-04
1.433856e-01	9.824319e-04
1.434112e-01	9.859111e-04
1.434368e-01	9.893581e-04
1.434624e-01	9.916484e-04
1.434880e-01	9.945058e-04
1.435136e-01	9.962645e-04
1.435392e-01	9.985471e-04
1.435648e-01	1.000118e-03
1.435904e-01	1.001858e-03
1.436160e-01	1.002923e-03
1.436416e-01	1.004206e-03
1.436672e-01	1.004990e-03
1.436928e-01	1.005706e-03
1.437184e-01	1.005917e-03
1.437440e-01	1.005851e-03
1.437696e-01	1.005576e-03
1.437952e-01	1.005051e-03
1.438208e-01	1.004377e-03
1.438464e-01	1.003782e-03
1.438720e-01	1.002458e-03
1.438976e-01	1.001154e-03
1.439232e-01	9.991596e-04
1.439488e-01	9.977109e-04
1.439744e-01	9.952297e-04
1.440000e-01	9.928216e-04
1.440256e-01	9.901499e-04
1.440512e-01	9.871050e-04
1.440768e-01	9.839854e-04
1.441024e-01	9.808928e-04
1.441280e-01	9.767087e-04
1.441536e-01	9.731626e-04
1.441792e-01	9.692125e-04
1.442048e-01	9.649982e-04
1.442304e-01	9.600921e-04
1.442560e-01	9.549219e-04
1.442816e-01	9.502698e-04
1.443072e-01	9.447417e-04
1.443328e-01	9.389224e-04
1.443584e-01	9.337697e-04
1.443840e-01	9.267474e-04
1.444096e-01	9.212617e-04
1.444352e-01	9.145304e-04
1.444608e-01	9.075804e-04
1.444864e-01	9.004789e-04
1.445120e-01	8.935345e-04
1.445376e-01	8.859368e-04
1.445632e-01	8.776477e-04
1.445888e-01	8.704153e-04
1.446144e-01	8.622095e-04
1.446400e-01	8.536472e-04
1.446656e-01	8.455196e-04
1.446912e-01	8.360523e-04
1.447168e-01	8.271802e-04
1.447424e-01	8.177529e-04
1.447680e-01	8.085032e-04
1.447936e-01	7.986405e-04
1.448192e-01	7.889423e-04
1.448448e-01	7.782784e-04
1.448704e-01	7.683644e-04
1.448960e-01	7.579555e-04
1.449216e-01	7.470255e-04
1.449472e-01	7.359222e-04
1.449728e-01	7.251492e-04
1.449984e-01	7.138071e-04
1.450240e-01	7.022899e-04
1.450496e-01	6.904493e-04
1.450752e-01	6.783684e-04
1.451008e-01	6.664745e-04
1.451264e-01	6.545654e-04
1.451520e-01	6.417740e-04
1.451776e-01	6.291643e-04
1.452032e-01	6.163359e-04
1.452288e-01	6.037134e-04
1.452544e-01	5.903838e-04
1.452800e-01	5.769337e-04
1.453056e-01	5.633231e-04
1.453312e-01	5.504839e-04
1.453568e-01	5.363480e-04
1.453824e-01	5.225858e-04
1.454080e-01	5.085564e-04
1.454336e-01	4.941949e-04
1.454592e-01	4.799577e-04
1.454848e-01	4.656832e-04
1.455104e-01	4.508993e-04
1.455360e-01	4.364456e-04
1.455616e-01	4.212283e-04
1.455872e-01	4.065819e-04
1.456128e-01	3.910939e-04
1.456384e-01	3.761799e-04
1.456640e-01	3.607815e-04
1.456896e-01	3.454551e-04
1.457152e-01	3.300633e-04
1.457408e-01	3.141609e-04
1.457664e-01	2.986132e-04
1.457920e-01	2.830871e-04
1.458176e-01	2.668626e-04
1.458432e-01	2.512113e-04
1.458688e-01	2.351068e-04
1.458944e-01	2.188929e-04
1.459200e-01	2.025985e-04
1.459456e-01	1.866184e-04
1.459712e-01	1.700213e-04
1.459968e-01	1.537672e-04
1.460224e-01	1.372210e-04
1.460480e-01	1.211673e-04
1.460736e-01	1.045214e-04
1.460992e-01	8.780462e-05
1.461248e-01	7.123418e-05
1.461504e-01	5.518576e-05
1.461760e-01	3.819591e-05
1.462016e-01	2.148814e-05
1.462272e-01	5.013614e-06
1.462528e-01	-1.144319e-05
1.462784e-01	-2.877986e-05
1.463040e-01	-4.511882e-05
1.463296e-01	-6.136702e-05
1.463552e-01	-7.851985e-05
1.463808e-01	-9.558467e-05
1.464064e-01	-1.118088e-04
1.464320e-01	-1.285939e-04
1.464576e-01	-1.450369e-04
1.464832e-01	-1.618330e-04
1.465088e-01	-1.783745e-04
1.465344e-01	-1.950127e-04
1.465600e-01	-2.112236e-04
1.465856e-01	-2.273924e-04
1.466112e-01	-2.435489e-04
1.466368e-01	-2.604508e-04
1.466624e-01	-2.764304e-04
1.466880e-01	-2.924804e-04
1.467136e-01	-3.087760e-04
1.467392e-01	-3.246003e-04
1.467648e-01	-3.405779e-04
1.467904e-01	-3.569500e-04
1.468160e-01	-3.718981e-04
1.468416e-01	-3.884056e-04
1.468672e-01	-4.033334e-04
1.468928e-01	-4.193017e-04
1.469184e-01	-4.350105e-04
1.469440e-01	-4.494498e-04
1.469696e-01	-4.652215e-04
1.469952e-01	-4.800464e-04
1.470208e-01	-4.946908e-04
1.470464e-01	-5.100829e-04
1.470720e-01	-5.242348e-04
1.470976e-01	-5.389524e-04
1.471232e-01	-5.534378e-04
1.471488e-01	-5.674844e-04
1.471744e-01	-5.817604e-04
1.472000e-01	-5.955460e-04
1.472256e-01	-6.093530e-04
1.472512e-01	-6.233784e-04
1.472768e-01	-6.361873e-04
1.473024e-01	-6.501491e-04
1.473280e-01	-6.628219e-04
1.473536e-01	-6.758506e-04
1.473792e-01	-6.884702e-04
1.474048e-01	-7.011244e-04
1.474304e-01	-7.134538e-04
1.474560e-01	-7.257258e-04
1.474816e-01	-7.376753e-04
1.475072e-01	-7.496651e-04
1.475328e-01	-7.611798e-04
1.475584e-01	-7.728580e-04
1.475840e-01	-7.838852e-04
1.476096e-01	-7.946485e-04
1.476352e-01	-8.055653e-04
1.476608e-01	-8.164679e-04
1.476864e-01	-8.264628e-04
1.477120e-01	-8.365803e-04
1.477376e-01	-8.464736e-04
1.477632e-01	-8.565887e-04
1.477888e-01	-8.654300e-04
1.478144e-01	-8.747565e-04
1.478400e-01	-8.840350e-04
1.478656e-01	-8.928863e-04
1.478912e-01	-9.011819e-04
1.479168e-01	-9.094345e-04
1.479424e-01	-9.178005e-04
1.479680e-01	-9.250948e-04
1.479936e-01	-9.321538e-04
1.480192e-01	-9.402555e-04
1.480448e-01	-9.465776e-04
1.480704e-01	-9.534052e-04
1.480960e-01	-9.595531e-04
1.481216e-01	-9.659259e-04
1.481472e-01	-9.721392e-04
1.481728e-01	-9.778371e-04
1.481984e-01	-9.829141e-04
1.482240e-01	-9.881639e-04
1.482496e-01	-9.927283e-04
1.482752e-01	-9.973590e-04
1.483008e-01	-1.001527e-03
1.483264e-01	-1.005838e-03
1.483520e-01	-1.009640e-03
1.483776e-01	-1.013150e-03
1.484032e-01	-1.016671e-03
1.484288e-01	-1.019178e-03
1.484544e-01	-1.021616e-03
1.484800e-01	-1.024350e-03
1.485056e-01	-1.026323e-03
1.485312e-01	-1.028505e-03
1.485568e-01	-1.029345e-03
1.485824e-01	-1.030908e-03
1.486080e-01	-1.031616e-03
1.486336e-01	-1.032699e-03
1.486592e-01	-1.032655e-03
1.486848e-01	-1.032769e-03
1.487104e-01	-1.033091e-03
1.487360e-01	-1.032553e-03
1.487616e-01	-1.031639e-03
1.487872e-01	-1.030558e-03
1.488128e-01	-1.029430e-03
1.488384e-01	-1.028033e-03
1.488640e-01	-1.025546e-03
1.488896e-01	-1.024012e-03
1.489152e-01	-1.021722e-03
1.489408e-01	-1.019002e-03
1.489664e-01	-1.015857e-03
1.489920e-01	-1.012974e-03
1.490176e-01	-1.009333e-03
1.490432e-01	-1.005609e-03
1.490688e-01	-1.002108e-03
1.490944e-01	-9.975195e-04
1.491200e-01	-9.927318e-04
1.491456e-01	-9.883267e-04
1.491712e-01	-9.829310e-04
1.491968e-01	-9.783334e-04
1.492224e-01	-9.723565e-04
1.492480e-01	-9.669280e-04
1.492736e-01	-9.604791e-04
1.492992e-01	-9.540821e-04
1.493248e-01	-9.479626e-04
1.493504e-01	-9.406602e-04
1.493760e-01	-9.340088e-04
1.494016e-01	-9.271961e-04
1.494272e-01	-9.187713e-04
1.494528e-01	-9.113731e-04
1.494784e-01	-9.031376e-04
1.495040e-01	-8.947877e-04
1.495296e-01	-8.866966e-04
1.495552e-01	-8.779150e-04
1.495808e-01	-8.684677e-04
1.496064e-01	-8.600909e-04
1.496320e-01	-8.505544e-04
1.496576e-01	-8.411075e-04
1.496832e-01	-8.311860e-04
1.497088e-01	-8.216116e-04
1.497344e-01	-8.112779e-04
1.497600e-01	-8.003713e-04
1.497856e-01	-7.899703e-04
1.498112e-01	-7.790973e-04
1.498368e-01	-7.680953e-04
1.498624e-01	-7.567672e-04
1.498880e-01	-7.452989e-04
1.499136e-01	-7.341154e-04
1.499392e-01	-7.220687e-04
1.499648e-01	-7.104892e-04
1.499904e-01	-6.976126e-04
1.500160e-01	-6.861593e-04
1.500416e-01	-6.730176e-04
1.500672e-01	-6.607070e-04
1.500928e-01	-6.479407e-04
1.501184e-01	-6.345459e-04
1.501440e-01	-6.223227e-04
1.501696e-01	-6.082680e-04
1.501952e-01	-5.950230e-04
1.502208e-01	-5.816991e-04
1.502464e-01	-5.675876e-04
1.502720e-01	-5.543074e-04
1.502976e-01	-5.395874e-04
1.503232e-01	-5.258442e-04
1.503488e-01	-5.112321e-04
1.503744e-01	-4.975048e-04
1.504000e-01	-4.830596e-04
1.504256e-01	-4.679729e-04
1.504512e-01	-4.537285e-04
1.504768e-01	-4.386453e-04
1.505024e-01	-4.233434e-04
1.505280e-01	-4.087901e-04
1.505536e-01	-3.932030e-04
1.505792e-01	-3.781011e-04
1.506048e-01	-3.628756e-04
1.506304e-01	-3.479046e-04
1.506560e-01	-3.321164e-04
1.506816e-01	-3.163897e-04
1.507072e-01	-3.008927e-04
1.507328e-01	-2.855995e-04
1.507584e-01	-2.694120e-04
1.507840e-01	-2.535067e-04
1.508096e-01	-2.377083e-04
1.508352e-01	-2.219751e-04
1.508608e-01	-2.057335e-04
1.508864e-01	-1.896279e-04
1.509120e-01	-1.737256e-04
1.509376e-01	-1.576971e-04
1.509632e-01	-1.413310e-04
1.509888e-01	-1.256320e-04
1.510144e-01	-1.090719e-04
1.510400e-01	-9.351552e-05
1.510656e-01	-7.685913e-05
1.510912e-01	-6.084790e-05
1.511168e-01	-4.474102e-05
1.511424e-01	-2.825546e-05
1.511680e-01	-1.240760e-05
1.511936e-01	3.757170e-06
1.512192e-01	2.033769e-05
1.512448e-01	3.627320e-05
1.512704e-01	5.250075e-05
1.512960e-01	6.866719e-05
1.513216e-01	8.468491e-05
1.513472e-01	1.008816e-04
1.513728e-01	1.169095e-04
1.513984e-01	1.329168e-04
1.514240e-01	1.491931e-04
1.514496e-01	1.642442e-04
1.514752e-01	1.806366e-04
1.515008e-01	1.965825e-04
1.515264e-01	2.121974e-04
1.515520e-01	2.278438e-04
1.515776e-01	2.438502e-04
1.516032e-01	2.586803e-04
1.516288e-01	2.745439e-04
1.516544e-01	2.901549e-04
1.516800e-01	3.052409e-04
1.517056e-01	3.204060e-04
1.517312e-01	3.357053e-04
1.517568e-01	3.504313e-04
1.517824e-01	3.658475e-04
1.518080e-01	3.804766e-04
1.518336e-01	3.954164e-04
1.518592e-01	4.102478e-04
1.518848e-01	4.247979e-04
1.519104e-01	4.392511e-04
1.519360e-01	4.534539e-04
1.519616e-01	4.678528e-04
1.519872e-01	4.817286e-04
1.520128e-01	4.953417e-04
1.520384e-01	5.096666e-04
1.520640e-01	5.236304e-04
1.520896e-01	5.370845e-04
1.521152e-01	5.499501e-04
1.521408e-01	5.637865e-04
1.521664e-01	5.766366e-04
1.521920e-01	5.900689e-04
1.522176e-01	6.027377e-04
1.522432e-01	6.156969e-04
1.522688e-01	6.278557e-04
1.522944e-01	6.402452e-04
1.523200e-01	6.525279e-04
1.523456e-01	6.647347e-04
1.523712e-01	6.764591e-04
1.523968e-01	6.881005e-04
1.524224e-01	6.999978e-04
1.524480e-01	7.113017e-04
1.524736e-01	7.225398e-04
1.524992e-01	7.336279e-04
1.525248e-01	7.438987e-04
1.525504e-01	7.552207e-04
1.525760e-01	7.649258e-04
1.526016e-01	7.754379e-04
1.526272e-01	7.857520e-04
1.526528e-01	7.953694e-04
1.526784e-01	8.049780e-04
1.527040e-01	8.144432e-04
1.527296e-01	8.237454e-04
1.527552e-01	8.327687e-04
1.527808e-01	8.412114e-04
1.528064e-01	8.499548e-04
1.528320e-01	8.585166e-04
1.528576e-01	8.666925e-04
1.528832e-01	8.747628e-04
1.529088e-01	8.826458e-04
1.529344e-01	8.897061e-04
1.529600e-01	8.974872e-04
1.529856e-01	9.041101e-04
1.530112e-01	9.111808e-04
1.530368e-01	9.175795e-04
1.530624e-01	9.241257e-04
1.530880e-01	9.303268e-04
1.531136e-01	9.364770e-04
1.531392e-01	9.420939e-04
1.531648e-01	9.472603e-04
1.531904e-01	9.524653e-04
1.532160e-01	9.577019e-04
1.532416e-01	9.620962e-04
1.532672e-01	9.668268e-04
1.532928e-01	9.707324e-04
1.533184e-01	9.752332e-04
1.533440e-01	9.787605e-04
1.533696e-01	9.822376e-04
1.533952e-01	9.854244e-04
1.534208e-01	9.884249e-04
1.534464e-01	9.915909e-04
1.534720e-01	9.937342e-04
1.534976e-01	9.961649e-04
1.535232e-01	9.983737e-04
1.535488e-01	1.000244e-03
1.535744e-01	1.001885e-03
1.536000e-01	1.002281e-03
1.536256e-01	1.004049e-03
1.536512e-01	1.004519e-03
1.536768e-01	1.005668e-03
1.537024e-01	1.005598e-03
1.537280e-01	1.005592e-03
1.537536e-01	1.005431e-03
1.537792e-01	1.004853e-03
1.538048e-01	1.004576e-03
1.538304e-01	1.003605e-03
1.538560e-01	1.002424e-03
1.538816e-01	1.000842e-03
1.539072e-01	9.993603e-04
1.539328e-01	9.977333e-04
1.539584e-01	9.952742e-04
1.539840e-01	9.933051e-04
1.540096e-01	9.901440e-04
1.540352e-01	9.876256e-04
1.540608e-01	9.841003e-04
1.540864e-01	9.810010e-04
1.541120e-01	9.771840e-04
1.541376e-01	9.735478e-04
1.541632e-01	9.697184e-04
1.541888e-01	9.647955e-04
1.542144e-01	9.601090e-04
1.542400e-01	9.558485e-04
1.542656e-01	9.505277e-04
1.542912e-01	9.454112e-04
1.543168e-01	9.395002e-04
1.543424e-01	9.338790e-04
1.543680e-01	9.277561e-04
1.543936e-01	9.217453e-04
1.544192e-01	9.153383e-04
1.544448e-01	9.084367e-04
1.544704e-01	9.016842e-04
1.544960e-01	8.940380e-04
1.545216e-01	8.864279e-04
1.545472e-01	8.791342e-04
1.545728e-01	8.708840e-04
1.545984e-01	8.629474e-04
1.546240e-01	8.543135e-04
1.546496e-01	8.459508e-04
1.546752e-01	8.366945e-04
1.547008e-01	8.282608e-04
1.547264e-01	8.189373e-04
1.547520e-01	8.093007e-04
1.547776e-01	7.999790e-04
1.548032e-01	7.899523e-04
1.548288e-01	7.795356e-04
1.548544e-01	7.693797e-04
1.548800e-01	7.587444e-04
1.549056e-01	7.484211e-04
1.549312e-01	7.374964e-04
1.549568e-01	7.262469e-04
1.549824e-01	7.146367e-04
1.550080e-01	7.033232e-04
1.550336e-01	6.913582e-04
1.550592e-01	6.802416e-04
1.550848e-01	6.679414e-04
1.551104e-01	6.557669e-04
1.551360e-01	6.432625e-04
1.551616e-01	6.307166e-04
1.551872e-01	6.178696e-04
1.552128e-01	6.045551e-04
1.552384e-01	5.915706e-04
1.552640e-01	5.787205e-04
1.552896e-01	5.652455e-04
1.553152e-01	5.514082e-04
1.553408e-01	5.376147e-04
1.553664e-01	5.242426e-04
1.553920e-01	5.097933e-04
1.554176e-01	4.959238e-04
1.554432e-01	4.812722e-04
1.554688e-01	4.668505e-04
1.554944e-01	4.526136e-04
1.555200e-01	4.380395e-04
1.555456e-01	4.227525e-04
1.555712e-01	4.078086e-04
1.555968e-01	3.928276e-04
1.556224e-01	3.777305e-04
1.556480e-01	3.622586e-04
1.556736e-01	3.473049e-04
1.556992e-01	3.314744e-04
1.557248e-01	3.160873e-04
1.557504e-01	3.004145e-04
1.557760e-01	2.846246e-04
1.558016e-01	2.688575e-04
1.558272e-01	2.525497e-04
1.558528e-01	2.364582e-04
1.558784e-01	2.208504e-04
1.559040e-01	2.043381e-04
1.559296e-01	1.885818e-04
1.559552e-01	1.718036e-04
1.559808e-01	1.555450e-04
1.560064e-01	1.393695e-04
1.560320e-01	1.226847e-04
1.560576e-01	1.060837e-04
1.560832e-01	8.978985e-05
1.561088e-01	7.308900e-05
1.561344e-01	5.690357e-05
1.561600e-01	3.972455e-05
1.561856e-01	2.341551e-05
1.562112e-01	6.751117e-06
1.562368e-01	-9.956960e-06
1.562624e-01	-2.653564e-05
1.562880e-01	-4.361121e-05
1.563136e-01	-6.010589e-05
1.563392e-01	-7.672090e-05
1.563648e-01	-9.365319e-05
1.563904e-01	-1.102479e-04
1.564160e-01	-1.270595e-04
1.564416e-01	-1.430612e-04
1.564672e-01	-1.602186e-04
1.564928e-01	-1.763357e-04
1.565184e-01	-1.928541e-04
1.565440e-01	-2.095376e-04
1.565696e-01	-2.257664e-04
1.565952e-01	-2.418465e-04
1.566208e-01	-2.586116e-04
1.566464e-01	-2.746824e-04
1.566720e-01	-2.910103e-04
1.566976e-01	-3.070125e-04
1.567232e-01	-3.232736e-04
1.567488e-01	-3.393177e-04
1.567744e-01	-3.546289e-04
1.568000e-01	-3.707212e-04
1.568256e-01	-3.866701e-04
1.568512e-01	-4.019112e-04
1.568768e-01	-4.181899e-04
1.569024e-01	-4.328483e-04
1.569280e-01	-4.486019e-04
1.569536e-01	-4.634771e-04
1.569792e-01	-4.783129e-04
1.570048e-01	-4.935735e-04
1.570304e-01	-5.083152e-04
1.570560e-01	-5.228989e-04
1.570816e-01	-5.377880e-04
1.571072e-01	-5.522230e-04
1.571328e-01	-5.660851e-04
1.571584e-01	-5.805776e-04
1.571840e-01	-5.946822e-04
1.572096e-01	-6.077830e-04
1.572352e-01	-6.220142e-04
1.572608e-01	-6.351531e-04
1.572864e-01	-6.485367e-04
1.573120e-01	-6.617797e-04
1.573376e-01	-6.747923e-04
1.573632e-01	-6.872293e-04
1.573888e-01	-6.999436e-04
1.574144e-01	-7.121844e-04
1.574400e-01	-7.249403e-04
1.574656e-01	-7.365837e-04
1.574912e-01	-7.486097e-04
1.575168e-01	-7.604373e-04
1.575424e-01	-7.715941e-04
1.575680e-01	-7.829424e-04
1.575936e-01	-7.936542e-04
1.576192e-01	-8.041470e-04
1.576448e-01	-8.154048e-04
1.576704e-01	-8.256526e-04
1.576960e-01	-8.357528e-04
1.577216e-01	-8.455280e-04
1.577472e-01	-8.552152e-04
1.577728e-01	-8.648644e-04
1.577984e-01	-8.741346e-04
1.578240e-01	-8.830787e-04
1.578496e-01	-8.921288e-04
1.578752e-01	-9.000247e-04
1.579008e-01	-9.085007e-04
1.579264e-01	-9.163140e-04
1.579520e-01	-9.245527e-04
1.579776e-01	-9.320766e-04
1.580032e-01	-9.392126e-04
1.580288e-01	-9.459147e-04
1.580544e-01	-9.530849e-04
1.580800e-01	-9.591836e-04
1.581056e-01	-9.656159e-04
1.581312e-01	-9.711991e-04
1.581568e-01	-9.768254e-04
1.581824e-01	-9.824259e-04
1.582080e-01	-9.873969e-04
1.582336e-01	-9.925931e-04
1.582592e-01	-9.972024e-04
1.582848e-01	-1.001628e-03
1.583104e-01	-1.005106e-03
1.583360e-01	-1.008981e-03
1.583616e-01	-1.013115e-03
1.583872e-01	-1.015497e-03
1.584128e-01	-1.019290e-03
1.584384e-01	-1.021654e-03
1.584640e-01	-1.024214e-03
1.584896e-01	-1.026154e-03
1.585152e-01	-1.027825e-03
1.585408e-01	-1.029648e-03
1.585664e-01	-1.030730e-03
1.585920e-01	-1.031784e-03
1.586176e-01	-1.032815e-03
1.586432e-01	-1.032684e-03
1.586688e-01	-1.033416e-03
1.586944e-01	-1.032447e-03
1.587200e-01	-1.032643e-03
1.587456e-01	-1.032076e-03
1.587712e-01	-1.030707e-03
1.587968e-01	-1.030106e-03
1.588224e-01	-1.027835e-03
1.588480e-01	-1.026267e-03
1.588736e-01	-1.024584e-03
1.588992e-01	-1.021890e-03
1.589248e-01	-1.018969e-03
1.589504e-01	-1.016039e-03
1.589760e-01	-1.013528e-03
1.590016e-01	-1.009680e-03
1.590272e-01	-1.006479e-03
1.590528e-01	-1.002103e-03
1.590784e-01	-9.983267e-04
1.591040e-01	-9.935951e-04
1.591296e-01	-9.887572e-04
1.591552e-01	-9.838027e-04
1.591808e-01	-9.785143e-04
1.592064e-01	-9.731230e-04
1.592320e-01	-9.676708e-04
1.592576e-01	-9.610819e-04
1.592832e-01	-9.549233e-04
1.593088e-01	-9.483313e-04
1.593344e-01	-9.417463e-04
1.593600e-01	-9.345564e-04
1.593856e-01	-9.273369e-04
1.594112e-01	-9.199020e-04
1.594368e-01	-9.123015e-04
1.594624e-01	-9.040675e-04
1.594880e-01	-8.962551e-04
1.595136e-01	-8.878689e-04
1.595392e-01	-8.788689e-04
1.595648e-01	-8.699460e-04
1.595904e-01	-8.609354e-04
1.596160e-01	-8.514091e-04
1.596416e-01	-8.418411e-04
1.596672e-01	-8.323775e-04
1.596928e-01	-8.223365e-04
1.597184e-01	-8.117033e-04
1.597440e-01	-8.018058e-04
1.597696e-01	-7.908116e-04
1.597952e-01	-7.800579e-04
1.598208e-01	-7.689359e-04
1.598464e-01	-7.581476e-04
1.598720e-01	-7.464295e-04
1.598976e-01	-7.351073e-04
1.599232e-01	-7.232623e-04
1.599488e-01	-7.112326e-04
1.599744e-01	-6.992691e-04
1.600000e-01	-6.869678e-04
1.600256e-01	-6.745557e-04
1.600512e-01	-6.622396e-04
1.600768e-01	-6.487392e-04
1.601024e-01	-6.359110e-04
1.601280e-01	-6.226735e-04
1.601536e-01	-6.099112e-04
1.601792e-01	-5.968533e-04
1.602048e-01	-5.827155e-04
1.602304e-01	-5.689437e-04
1.602560e-01	-5.554219e-04
1.602816e-01	-5.409882e-04
1.603072e-01	-5.274220e-04
1.603328e-01	-5.130645e-04
1.603584e-01	-4.987417e-04
1.603840e-01	-4.840602e-04
1.604096e-01	-4.694966e-04
1.604352e-01	-4.550388e-04
1.604608e-01	-4.397724e-04
1.604864e-01	-4.247847e-04
1.605120e-01	-4.103412e-04
1.605376e-01	-3.947098e-04
1.605632e-01	-3.798395e-04
1.605888e-01	-3.643266e-04
1.606144e-01	-3.492431e-04
1.606400e-01	-3.332521e-04
1.606656e-01	-3.180311e-04
1.606912e-01	-3.026722e-04
1.607168e-01	-2.865950e-04
1.607424e-01	-2.710104e-04
1.607680e-01	-2.551964e-04
1.607936e-01	-2.395198e-04
1.608192e-01	-2.238040e-04
1.608448e-01	-2.074302e-04
1.608704e-01	-1.915942e-04
1.608960e-01	-1.753245e-04
1.609216e-01	-1.594599e-04
1.609472e-01	-1.433157e-04
1.609728e-01	-1.272025e-04
1.609984e-01	-1.104704e-04
1.610240e-01	-9.480978e-05
1.610496e-01	-7.855659e-05
1.610752e-01	-6.228381e-05
1.611008e-01	-4.621208e-05
1.611264e-01	-2.992537e-05
1.611520e-01	-1.386698e-05
1.611776e-01	2.136030e-06
1.612032e-01	1.904331e-05
1.612288e-01	3.479299e-05
1.612544e-01	5.066989e-05
1.612800e-01	6.688001e-05
1.613056e-01	8.346079e-05
1.613312e-01	9.912561e-05
1.613568e-01	1.152742e-04
1.613824e-01	1.313754e-04
1.614080e-01	1.475195e-04
1.614336e-01	1.636462e-04
1.614592e-01	1.792906e-04
1.614848e-01	1.948983e-04
1.615104e-01	2.107640e-04
1.615360e-01	2.264794e-04
1.615616e-01	2.422853e-04
1.615872e-01	2.575224e-04
1.616128e-01	2.734308e-04
1.616384e-01	2.884654e-04
1.616640e-01	3.040889e-04
1.616896e-01	3.193387e-04
1.617152e-01	3.344269e-04
1.617408e-01	3.494268e-04
1.617664e-01	3.645434e-04
1.617920e-01	3.792528e-04
1.618176e-01	3.943387e-04
1.618432e-01	4.085090e-04
1.618688e-01	4.231918e-04
1.618944e-01	4.381126e-04
1.619200e-01	4.519973e-04
1.619456e-01	4.659194e-04
1.619712e-01	4.805090e-04
1.619968e-01	4.943119e-04
1.620224e-01	5.082770e-04
1.620480e-01	5.222019e-04
1.620736e-01	5.358784e-04
1.620992e-01	5.491096e-04
1.621248e-01	5.625539e-04
1.621504e-01	5.754501e-04
1.621760e-01	5.888987e-04
1.622016e-01	6.015337e-04
1.622272e-01	6.145070e-04
1.622528e-01	6.268614e-04
1.622784e-01	6.390846e-04
1.623040e-01	6.511994e-04
1.623296e-01	6.635348e-04
1.623552e-01	6.752968e-04
1.623808e-01	6.873226e-04
1.624064e-01	6.986884e-04
1.624320e-01	7.100589e-04
1.624576e-01	7.211545e-04
1.624832e-01	7.322986e-04
1.625088e-01	7.435374e-04
1.625344e-01	7.538960e-04
1.625600e-01	7.641692e-04
1.625856e-01	7.746013e-04
1.626112e-01	7.843676e-04
1.626368e-01	7.944149e-04
1.626624e-01	8.040549e-04
1.626880e-01	8.137072e-04
1.627136e-01	8.226453e-04
1.627392e-01	8.317624e-04
1.627648e-01	8.403228e-04
1.627904e-01	8.496077e-04
1.628160e-01	8.575924e-04
1.628416e-01	8.661541e-04
1.628672e-01	8.739697e-04
1.628928e-01	8.816154e-04
1.629184e-01	8.892972e-04
1.629440e-01	8.965948e-04
1.629696e-01	9.036404e-04
1.629952e-01	9.103638e-04
1.630208e-01	9.168930e-04
1.630464e-01	9.236003e-04
1.630720e-01	9.297337e-04
1.630976e-01	9.356574e-04
1.631232e-01	9.410643e-04
1.631488e-01	9.469253e-04
1.631744e-01	9.518591e-04
1.632000e-01	9.570381e-04
1.632256e-01	9.620659e-04
1.632512e-01	9.661708e-04
1.632768e-01	9.704164e-04
1.633024e-01	9.747003e-04
1.633280e-01	9.782910e-04
1.633536e-01	9.821192e-04
1.633792e-01	9.851727e-04
1.634048e-01	9.884962e-04
1.634304e-01	9.910660e-04
1.634560e-01	9.937672e-04
1.634816e-01	9.960941e-04
1.635072e-01	9.981799e-04
1.635328e-01	9.999285e-04
1.635584e-01	1.001601e-03
1.635840e-01	1.002515e-03
1.636096e-01	1.003847e-03
1.636352e-01	1.004364e-03
1.636608e-01	1.005076e-03
1.636864e-01	1.005683e-03
1.637120e-01	1.006237e-03
1.637376e-01	1.005467e-03
1.637632e-01	1.005238e-03
1.637888e-01	1.004751e-03
1.638144e-01	1.003581e-03
1.638400e-01	1.002506e-03
1.638656e-01	1.001211e-03
1.638912e-01	9.995687e-04
1.639168e-01	9.977772e-04
1.639424e-01	9.959268e-04
1.639680e-01	9.935506e-04
1.639936e-01	9.903349e-04
1.640192e-01	9.878133e-04
1.640448e-01	9.846092e-04
1.640704e-01	9.814590e-04
1.640960e-01	9.775877e-04
1.641216e-01	9.742341e-04
1.641472e-01	9.697448e-04
1.641728e-01	9.654241e-04
1.641984e-01	9.607146e-04
1.642240e-01	9.561330e-04
1.642496e-01	9.509679e-04
1.642752e-01	9.455380e-04
1.643008e-01	9.402595e-04
1.643264e-01	9.344157e-04
1.643520e-01	9.282953e-04
1.643776e-01	9.222924e-04
1.644032e-01	9.154812e-04
1.644288e-01	9.086398e-04
1.644544e-01	9.019633e-04
1.644800e-01	8.949713e-04
1.645056e-01	8.868405e-04
1.645312e-01	8.796702e-04
1.645568e-01	8.714063e-04
1.645824e-01	8.633229e-04
1.646080e-01	8.549318e-04
1.646336e-01	8.468933e-04
1.646592e-01	8.384137e-04
1.646848e-01	8.288833e-04
1.647104e-01	8.195312e-04
1.647360e-01	8.099561e-04
1.647616e-01	8.001101e-04
1.647872e-01	7.908607e-04
1.648128e-01	7.805068e-04
1.648384e-01	7.705247e-04
1.648640e-01	7.595916e-04
1.648896e-01	7.486930e-04
1.649152e-01	7.383302e-04
1.649408e-01	7.270954e-04
1.649664e-01	7.154377e-04
1.649920e-01	7.049554e-04
1.650176e-01	6.926238e-04
1.650432e-01	6.808551e-04
1.650688e-01	6.690038e-04
1.650944e-01	6.563002e-04
1.651200e-01	6.440570e-04
1.651456e-01	6.318115e-04
1.651712e-01	6.191222e-04
1.651968e-01	6.060113e-04
1.652224e-01	5.929823e-04
1.652480e-01	5.797237e-04
1.652736e-01	5.660487e-04
1.652992e-01	5.531826e-04
1.653248e-01	5.385940e-04
1.653504e-01	5.253465e-04
1.653760e-01	5.113161e-04
1.654016e-01	4.967764e-04
1.654272e-01	4.829878e-04
1.654528e-01	4.684547e-04
1.654784e-01	4.535226e-04
1.655040e-01	4.394069e-04
1.655296e-01	4.248153e-04
1.655552e-01	4.096269e-04
1.655808e-01	3.941896e-04
1.656064e-01	3.791973e-04
1.656320e-01	3.638201e-04
1.656576e-01	3.489383e-04
1.656832e-01	3.329885e-04
1.657088e-01	3.175586e-04
1.657344e-01	3.019187e-04
1.657600e-01	2.861274e-04
1.657856e-01	2.699298e-04
1.658112e-01	2.541775e-04
1.658368e-01	2.379218e-04
1.658624e-01	2.219512e-04
1.658880e-01	2.057781e-04
1.659136e-01	1.895454e-04
1.659392e-01	1.735229e-04
1.659648e-01	1.571793e-04
1.659904e-01	1.408944e-04
1.660160e-01	1.241069e-04
1.660416e-01	1.074990e-04
1.660672e-01	9.186318e-05
1.660928e-01	7.441628e-05
1.661184e-01	5.823296e-05
1.661440e-01	4.156743e-05
1.661696e-01	2.475883e-05
1.661952e-01	7.937554e-06
1.662208e-01	-8.517582e-06
1.662464e-01	-2.510202e-05
1.662720e-01	-4.196901e-05
1.662976e-01	-5.826081e-05
1.663232e-01	-7.491042e-05
1.663488e-01	-9.201365e-05
1.663744e-01	-1.084669e-04
1.664000e-01	-1.252990e-04
1.664256e-01	-1.417478e-04
1.664512e-01	-1.582389e-04
1.664768e-01	-1.746968e-04
1.665024e-01	-1.915106e-04
1.665280e-01	-2.074334e-04
1.665536e-01	-2.245138e-04
1.665792e-01	-2.406667e-04
1.666048e-01	-2.569429e-04
1.666304e-01	-2.733562e-04
1.666560e-01	-2.895659e-04
1.666816e-01	-3.057593e-04
1.667072e-01	-3.213753e-04
1.667328e-01	-3.377159e-04
1.667584e-01	-3.537594e-04
1.667840e-01	-3.689740e-04
1.668096e-01	-3.853251e-04
1.668352e-01	-4.006293e-04
1.668608e-01	-4.161902e-04
1.668864e-01	-4.313266e-04
1.669120e-01	-4.468123e-04
1.669376e-01	-4.620160e-04
1.669632e-01	-4.774197e-04
1.669888e-01	-4.919113e-04
1.670144e-01	-5.070364e-04
1.670400e-01	-5.216897e-04
1.670656e-01	-5.361848e-04
1.670912e-01	-5.503449e-04
1.671168e-01	-5.644181e-04
1.671424e-01	-5.791897e-04
1.671680e-01	-5.927918e-04
1.671936e-01	-6.067259e-04
1.672192e-01	-6.203791e-04
1.672448e-01	-6.333318e-04
1.672704e-01	-6.474040e-04
1.672960e-01	-6.600480e-04
1.673216e-01	-6.736725e-04
1.673472e-01	-6.862151e-04
1.673728e-01	-6.987995e-04
1.673984e-01	-7.113643e-04
1.674240e-01	-7.233007e-04
1.674496e-01	-7.352515e-04
1.674752e-01	-7.476447e-04
1.675008e-01	-7.591943e-04
1.675264e-01	-7.704057e-04
1.675520e-01	-7.819750e-04
1.675776e-01	-7.929995e-04
1.676032e-01	-8.034472e-04
1.676288e-01	-8.146088e-04
1.676544e-01	-8.245436e-04
1.676800e-01	-8.348990e-04
1.677056e-01	-8.449140e-04
1.677312e-01	-8.546623e-04
1.677568e-01	-8.639917e-04
1.677824e-01	-8.732663e-04
1.678080e-01	-8.822693e-04
1.678336e-01	-8.912538e-04
1.678592e-01	-8.994721e-04
1.678848e-01	-9.081337e-04
1.679104e-01	-9.160613e-04
1.679360e-01	-9.236945e-04
1.679616e-01	-9.311654e-04
1.679872e-01	-9.387097e-04
1.680128e-01	-9.454859e-04
1.680384e-01	-9.522388e-04
1.680640e-01	-9.586790e-04
1.680896e-01	-9.648058e-04
1.681152e-01	-9.705537e-04
1.681408e-01	-9.766732e-04
1.681664e-01	-9.818379e-04
1.681920e-01	-9.870940e-04
1.682176e-01	-9.921778e-04
1.682432e-01	-9.969216e-04
1.682688e-01	-1.000952e-03
1.682944e-01	-1.005282e-03
1.683200e-01	-1.008938e-03
1.683456e-01	-1.012461e-03
1.683712e-01	-1.015687e-03
1.683968e-01	-1.018387e-03
1.684224e-01	-1.021199e-03
1.684480e-01	-1.023829e-03
1.684736e-01	-1.025895e-03
1.684992e-01	-1.028206e-03
1.685248e-01	-1.029199e-03
1.685504e-01	-1.030813e-03
1.685760e-01	-1.031294e-03
1.686016e-01	-1.032463e-03
1.686272e-01	-1.033029e-03
1.686528e-01	-1.032951e-03
1.686784e-01	-1.032943e-03
1.687040e-01	-1.032650e-03
1.687296e-01	-1.032298e-03
1.687552e-01	-1.030842e-03
1.687808e-01	-1.029998e-03
1.688064e-01	-1.028943e-03
1.688320e-01	-1.026142e-03
1.688576e-01	-1.024867e-03
1.688832e-01	-1.022160e-03
1.689088e-01	-1.019373e-03
1.689344e-01	-1.016927e-03
1.689600e-01	-1.013707e-03
1.689856e-01	-1.009988e-03
1.690112e-01	-1.006723e-03
1.690368e-01	-1.002381e-03
1.690624e-01	-9.981621e-04
1.690880e-01	-9.937300e-04
1.691136e-01	-9.893297e-04
1.691392e-01	-9.843506e-04
1.691648e-01	-9.792685e-04
1.691904e-01	-9.733323e-04
1.692160e-01	-9.675688e-04
1.692416e-01	-9.619702e-04
1.692672e-01	-9.557891e-04
1.692928e-01	-9.490660e-04
1.693184e-01	-9.425039e-04
1.693440e-01	-9.351851e-04
1.693696e-01	-9.277291e-04
1.693952e-01	-9.205735e-04
1.694208e-01	-9.128527e-04
1.694464e-01	-9.046660e-04
1.694720e-01	-8.972637e-04
1.694976e-01	-8.882013e-04
1.695232e-01	-8.796214e-04
1.695488e-01	-8.705119e-04
1.695744e-01	-8.617556e-04
1.696000e-01	-8.526793e-04
1.696256e-01	-8.428226e-04
1.696512e-01	-8.327766e-04
1.696768e-01	-8.231605e-04
1.697024e-01	-8.127348e-04
1.697280e-01	-8.025595e-04
1.697536e-01	-7.920316e-04
1.697792e-01	-7.812200e-04
1.698048e-01	-7.701190e-04
1.698304e-01	-7.587082e-04
1.698560e-01	-7.477220e-04
1.698816e-01	-7.362600e-04
1.699072e-01	-7.241465e-04
1.699328e-01	-7.127124e-04
1.699584e-01	-7.000937e-04
1.699840e-01	-6.881568e-04
1.700096e-01	-6.757366e-04
1.700352e-01	-6.630761e-04
1.700608e-01	-6.505114e-04
1.700864e-01	-6.375618e-04
1.701120e-01	-6.240649e-04
1.701376e-01	-6.111018e-04
1.701632e-01	-5.973097e-04
1.701888e-01	-5.842043e-04
1.702144e-01	-5.702685e-04
1.702400e-01	-5.565367e-04
1.702656e-01	-5.426846e-04
1.702912e-01	-5.282966e-04
1.703168e-01	-5.142647e-04
1.703424e-01	-5.000044e-04
1.703680e-01	-4.854082e-04
1.703936e-01	-4.712180e-04
1.704192e-01	-4.560776e-04
1.704448e-01	-4.413694e-04
1.704704e-01	-4.263008e-04
1.704960e-01	-4.116220e-04
1.705216e-01	-3.964777e-04
1.705472e-01	-3.812644e-04
1.705728e-01	-3.658009e-04
1.705984e-01	-3.504217e-04
1.706240e-01	-3.351800e-04
1.706496e-01	-3.197298e-04
1.706752e-01	-3.039103e-04
1.707008e-01	-2.883904e-04
1.707264e-01	-2.726108e-04
1.707520e-01	-2.566933e-04
1.707776e-01	-2.411132e-04
1.708032e-01	-2.250849e-04
1.708288e-01	-2.087590e-04
1.708544e-01	-1.931721e-04
1.708800e-01	-1.769744e-04
1.709056e-01	-1.609877e-04
1.709312e-01	-1.442475e-04
1.709568e-01	-1.288802e-04
1.709824e-01	-1.122015e-04
1.710080e-01	-9.626321e-05
1.710336e-01	-8.047045e-05
1.710592e-01	-6.406353e-05
1.710848e-01	-4.777532e-05
1.711104e-01	-3.155943e-05
1.711360e-01	-1.553843e-05
1.711616e-01	6.972667e-07
1.711872e-01	1.696058e-05
1.712128e-01	3.310307e-05
1.712384e-01	4.968342e-05
1.712640e-01	6.570767e-05
1.712896e-01	8.193341e-05
1.713152e-01	9.745653e-05
1.713408e-01	1.140697e-04
1.713664e-01	1.297456e-04
1.713920e-01	1.456611e-04
1.714176e-01	1.617829e-04
1.714432e-01	1.777594e-04
1.714688e-01	1.932418e-04
1.714944e-01	2.092711e-04
1.715200e-01	2.249218e-04
1.715456e-01	2.406497e-04
1.715712e-01	2.559601e-04
1.715968e-01	2.713097e-04
1.716224e-01	2.873485e-04
1.716480e-01	3.023230e-04
1.716736e-01	3.174868e-04
1.716992e-01	3.332747e-04
1.717248e-01	3.476318e-04
1.717504e-01	3.631853e-04
1.717760e-01	3.777265e-04
1.718016e-01	3.923432e-04
1.718272e-01	4.076168e-04
1.718528e-01	4.218259e-04
1.718784e-01	4.363468e-04
1.719040e-01	4.509719e-04
1.719296e-01	4.648787e-04
1.719552e-01	4.794769e-04
1.719808e-01	4.933950e-04
1.720064e-01	5.069561e-04
1.720320e-01	5.209261e-04
1.720576e-01	5.346342e-04
1.720832e-01	5.473801e-04
1.721088e-01	5.613237e-04
1.721344e-01	5.738276e-04
1.721600e-01	5.875173e-04
1.721856e-01	6.002601e-04
1.722112e-01	6.131841e-04
1.722368e-01	6.260219e-04
1.722624e-01	6.380671e-04
1.722880e-01	6.502938e-04
1.723136e-01	6.623085e-04
1.723392e-01	6.741903e-04
1.723648e-01	6.859175e-04
1.723904e-01	6.974751e-04
1.724160e-01	7.091269e-04
1.724416e-01	7.203669e-04
1.724672e-01	7.314212e-04
1.724928e-01	7.419090e-04
1.725184e-01	7.525330e-04
1.725440e-01	7.628197e-04
1.725696e-01	7.737878e-04
1.725952e-01	7.836649e-04
1.726208e-01	7.935273e-04
1.726464e-01	8.033746e-04
1.726720e-01	8.128090e-04
1.726976e-01	8.219299e-04
1.727232e-01	8.310594e-04
1.727488e-01	8.397604e-04
1.727744e-01	8.488532e-04
1.728000e-01	8.569219e-04
1.728256e-01	8.653669e-04
1.728512e-01	8.729179e-04
1.728768e-01	8.809319e-04
1.729024e-01	8.885505e-04
1.729280e-01	8.958335e-04
1.729536e-01	9.029102e-04
1.729792e-01	9.096879e-04
1.730048e-01	9.163829e-04
1.730304e-01	9.228165e-04
1.730560e-01	9.289530e-04
1.730816e-01	9.350306e-04
1.731072e-01	9.404991e-04
1.731328e-01	9.458915e-04
1.731584e-01	9.510116e-04
1.731840e-01	9.568456e-04
1.732096e-01	9.614507e-04
1.732352e-01	9.658770e-04
1.732608e-01	9.701764e-04
1.732864e-01	9.742612e-04
1.733120e-01	9.780043e-04
1.733376e-01	9.814942e-04
1.733632e-01	9.844952e-04
1.733888e-01	9.882031e-04
1.734144e-01	9.906946e-04
1.734400e-01	9.928782e-04
1.734656e-01	9.956238e-04
1.734912e-01	9.979883e-04
1.735168e-01	9.999105e-04
1.735424e-01	1.001350e-03
1.735680e-01	1.002248e-03
1.735936e-01	1.003988e-03
1.736192e-01	1.004515e-03
1.736448e-01	1.005436e-03
1.736704e-01	1.005695e-03
1.736960e-01	1.006074e-03
1.737216e-01	1.005502e-03
1.737472e-01	1.005655e-03
1.737728e-01	1.004682e-03
1.737984e-01	1.003458e-03
1.738240e-01	1.003340e-03
1.738496e-01	1.001533e-03
1.738752e-01	1.000058e-03
1.739008e-01	9.982276e-04
1.739264e-01	9.956332e-04
1.739520e-01	9.938587e-04
1.739776e-01	9.908732e-04
1.740032e-01	9.883047e-04
1.740288e-01	9.849330e-04
1.740544e-01	9.816564e-04
1.740800e-01	9.779314e-04
1.741056e-01	9.745832e-04
1.741312e-01	9.703332e-04
1.741568e-01	9.658294e-04
1.741824e-01	9.614421e-04
1.742080e-01	9.566967e-04
1.742336e-01	9.513128e-04
1.742592e-01	9.463859e-04
1.742848e-01	9.408256e-04
1.743104e-01	9.350301e-04
1.743360e-01	9.291591e-04
1.743616e-01	9.229336e-04
1.743872e-01	9.163636e-04
1.744128e-01	9.095923e-04
1.744384e-01	9.024237e-04
1.744640e-01	8.956098e-04
1.744896e-01	8.881076e-04
1.745152e-01	8.804513e-04
1.745408e-01	8.723092e-04
1.745664e-01	8.645444e-04
1.745920e-01	8.559654e-04
1.746176e-01	8.475860e-04
1.746432e-01	8.387401e-04
1.746688e-01	8.300872e-04
1.746944e-01	8.206989e-04
1.747200e-01	8.110504e-04
1.747456e-01	8.018128e-04
1.747712e-01	7.916954e-04
1.747968e-01	7.814857e-04
1.748224e-01	7.718129e-04
1.748480e-01	7.606859e-04
1.748736e-01	7.508406e-04
1.748992e-01	7.395807e-04
1.749248e-01	7.280144e-04
1.749504e-01	7.168946e-04
1.749760e-01	7.057398e-04
1.750016e-01	6.943049e-04
1.750272e-01	6.823337e-04
1.750528e-01	6.701640e-04
1.750784e-01	6.579640e-04
1.751040e-01	6.455505e-04
1.751296e-01	6.330446e-04
1.751552e-01	6.202129e-04
1.751808e-01	6.073923e-04
1.752064e-01	5.940638e-04
1.752320e-01	5.813600e-04
1.752576e-01	5.676793e-04
1.752832e-01	5.543404e-04
1.753088e-01	5.406055e-04
1.753344e-01	5.268377e-04
1.753600e-01	5.125640e-04
1.753856e-01	4.986824e-04
1.754112e-01	4.842893e-04
1.754368e-01	4.701141e-04
1.754624e-01	4.553580e-04
1.754880e-01	4.402977e-04
1.755136e-01	4.256881e-04
1.755392e-01	4.109205e-04
1.755648e-01	3.957184e-04
1.755904e-01	3.807646e-04
1.756160e-01	3.654394e-04
1.756416e-01	3.499626e-04
1.756672e-01	3.344386e-04
1.756928e-01	3.190127e-04
1.757184e-01	3.031456e-04
1.757440e-01	2.875799e-04
1.757696e-01	2.715864e-04
1.757952e-01	2.558623e-04
1.758208e-01	2.398568e-04
1.758464e-01	2.236940e-04
1.758720e-01	2.073439e-04
1.758976e-01	1.916074e-04
1.759232e-01	1.748298e-04
1.759488e-01	1.583642e-04
1.759744e-01	1.420721e-04
1.760000e-01	1.262725e-04
1.760256e-01	1.091099e-04
1.760512e-01	9.292210e-05
1.760768e-01	7.599853e-05
1.761024e-01	5.949595e-05
1.761280e-01	4.308514e-05
1.761536e-01	2.610288e-05
1.761792e-01	9.964864e-06
1.762048e-01	-7.315181e-06
1.762304e-01	-2.374875e-05
1.762560e-01	-4.003590e-05
1.762816e-01	-5.741380e-05
1.763072e-01	-7.352448e-05
1.763328e-01	-9.075103e-05
1.763584e-01	-1.071086e-04
1.763840e-01	-1.236268e-04
1.764096e-01	-1.406381e-04
1.764352e-01	-1.570590e-04
1.764608e-01	-1.732232e-04
1.764864e-01	-1.901401e-04
1.765120e-01	-2.064803e-04
1.765376e-01	-2.228154e-04
1.765632e-01	-2.392687e-04
1.765888e-01	-2.557475e-04
1.766144e-01	-2.719759e-04
1.766400e-01	-2.882158e-04
1.766656e-01	-3.039184e-04
1.766912e-01	-3.199961e-04
1.767168e-01	-3.358943e-04
1.767424e-01	-3.521101e-04
1.767680e-01	-3.674598e-04
1.767936e-01	-3.838251e-04
1.768192e-01	-3.991003e-04
1.768448e-01	-4.147448e-04
1.768704e-01	-4.301823e-04
1.768960e-01	-4.454603e-04
1.769216e-01	-4.608259e-04
1.769472e-01	-4.756050e-04
1.769728e-01	-4.902192e-04
1.769984e-01	-5.053796e-04
1.770240e-01	-5.205185e-04
1.770496e-01	-5.348834e-04
1.770752e-01	-5.493783e-04
1.771008e-01	-5.636581e-04
1.771264e-01	-5.772242e-04
1.771520e-01	-5.917693e-04
1.771776e-01	-6.054856e-04
1.772032e-01	-6.194000e-04
1.772288e-01	-6.321982e-04
1.772544e-01	-6.461793e-04
1.772800e-01	-6.588814e-04
1.773056e-01	-6.717439e-04
1.773312e-01	-6.851623e-04
1.773568e-01	-6.972675e-04
1.773824e-01	-7.102885e-04
1.774080e-01	-7.219450e-04
1.774336e-01	-7.343327e-04
1.774592e-01	-7.469292e-04
1.774848e-01	-7.576867e-04
1.775104e-01	-7.698149e-04
1.775360e-01	-7.804153e-04
1.775616e-01	-7.920204e-04
1.775872e-01	-8.025519e-04
1.776128e-01	-8.132535e-04
1.776384e-01	-8.237750e-04
1.776640e-01	-8.337948e-04
1.776896e-01	-8.440210e-04
1.777152e-01	-8.536930e-04
1.777408e-01	-8.630808e-04
1.777664e-01	-8.724523e-04
1.777920e-01	-8.811026e-04
1.778176e-01	-8.901544e-04
1.778432e-01	-8.987338e-04
1.778688e-01	-9.069865e-04
1.778944e-01	-9.150726e-04
1.779200e-01	-9.228930e-04
1.779456e-01	-9.304329e-04
1.779712e-01	-9.377596e-04
1.779968e-01	-9.447056e-04
1.780224e-01	-9.521926e-04
1.780480e-01	-9.580250e-04
1.780736e-01	-9.640311e-04
1.780992e-01	-9.704535e-04
1.781248e-01	-9.760660e-04
1.781504e-01	-9.808290e-04
1.781760e-01	-9.868306e-04
1.782016e-01	-9.915075e-04
1.782272e-01	-9.961176e-04
1.782528e-01	-1.000378e-03
1.782784e-01	-1.004323e-03
1.783040e-01	-1.008658e-03
1.783296e-01	-1.011876e-03
1.783552e-01	-1.015407e-03
1.783808e-01	-1.018739e-03
1.784064e-01	-1.021184e-03
1.784320e-01	-1.023742e-03
1.784576e-01	-1.025566e-03
1.784832e-01	-1.027948e-03
1.785088e-01	-1.028734e-03
1.785344e-01	-1.030857e-03
1.785600e-01	-1.032158e-03
1.785856e-01	-1.032541e-03
1.786112e-01	-1.033007e-03
1.786368e-01	-1.033229e-03
1.786624e-01	-1.032771e-03
1.786880e-01	-1.032838e-03
1.787136e-01	-1.032050e-03
1.787392e-01	-1.031069e-03
1.787648e-01	-1.030079e-03
1.787904e-01	-1.028614e-03
1.788160e-01	-1.026864e-03
1.788416e-01	-1.025165e-03
1.788672e-01	-1.022518e-03
1.788928e-01	-1.019749e-03
1.789184e-01	-1.017164e-03
1.789440e-01	-1.013975e-03
1.789696e-01	-1.010512e-03
1.789952e-01	-1.006976e-03
1.790208e-01	-1.002839e-03
1.790464e-01	-9.990319e-04
1.790720e-01	-9.942095e-04
1.790976e-01	-9.895854e-04
1.791232e-01	-9.850520e-04
1.791488e-01	-9.795728e-04
1.791744e-01	-9.736780e-04
1.792000e-01	-9.687431e-04
1.792256e-01	-9.621638e-04
1.792512e-01	-9.562614e-04
1.792768e-01	-9.495103e-04
1.793024e-01	-9.428625e-04
1.793280e-01	-9.360689e-04
1.793536e-01	-9.288906e-04
1.793792e-01	-9.217968e-04
1.794048e-01	-9.137243e-04
1.794304e-01	-9.054476e-04
1.794560e-01	-8.974365e-04
1.794816e-01	-8.885612e-04
1.795072e-01	-8.806530e-04
1.795328e-01	-8.715580e-04
1.795584e-01	-8.627475e-04
1.795840e-01	-8.534396e-04
1.796096e-01	-8.435710e-04
1.796352e-01	-8.342178e-04
1.796608e-01	-8.239329e-04
1.796864e-01	-8.138062e-04
1.797120e-01	-8.037131e-04
1.797376e-01	-7.926104e-04
1.797632e-01	-7.823298e-04
1.797888e-01	-7.712608e-04
1.798144e-01	-7.603710e-04
1.798400e-01	-7.485491e-04
1.798656e-01	-7.371521e-04
1.798912e-01	-7.255483e-04
1.799168e-01	-7.133704e-04
1.799424e-01	-7.015144e-04
1.799680e-01	-6.895800e-04
1.799936e-01	-6.767812e-04
1.800192e-01	-6.644752e-04
1.800448e-01	-6.515689e-04
1.800704e-01	-6.386031e-04
1.800960e-01	-6.258216e-04
1.801216e-01	-6.125601e-04
1.801472e-01	-5.988781e-04
1.801728e-01	-5.853266e-04
1.801984e-01	-5.712836e-04
1.802240e-01	-5.585100e-04
1.802496e-01	-5.438109e-04
1.802752e-01	-5.299657e-04
1.803008e-01	-5.153954e-04
1.803264e-01	-5.006923e-04
1.803520e-01	-4.873663e-04
1.803776e-01	-4.724900e-04
1.804032e-01	-4.575988e-04
1.804288e-01	-4.428411e-04
1.804544e-01	-4.279174e-04
1.804800e-01	-4.131412e-04
1.805056e-01	-3.976723e-04
1.805312e-01	-3.829203e-04
1.805568e-01	-3.673901e-04
1.805824e-01	-3.519923e-04
1.806080e-01	-3.365464e-04
1.806336e-01	-3.208305e-04
1.806592e-01	-3.055193e-04
1.806848e-01	-2.899615e-04
1.807104e-01	-2.734709e-04
1.807360e-01	-2.586054e-04
1.807616e-01	-2.424227e-04
1.807872e-01	-2.266040e-04
1.808128e-01	-2.104091e-04
1.808384e-01	-1.944868e-04
1.808640e-01	-1.784932e-04
1.808896e-01	-1.624327e-04
1.809152e-01	-1.464880e-04
1.809408e-01	-1.298626e-04
1.809664e-01	-1.138247e-04
1.809920e-01	-9.806461e-05
1.810176e-01	-8.161853e-05
1.810432e-01	-6.556563e-05
1.810688e-01	-4.887026e-05
1.810944e-01	-3.315898e-05
1.811200e-01	-1.713619e-05
1.811456e-01	-8.253116e-07
1.811712e-01	1.574625e-05
1.811968e-01	3.190100e-05
1.812224e-01	4.751522e-05
1.812480e-01	6.399229e-05
1.812736e-01	8.038148e-05
1.812992e-01	9.591649e-05
1.813248e-01	1.124810e-04
1.813504e-01	1.283581e-04
1.813760e-01	1.445412e-04
1.814016e-01	1.603146e-04
1.814272e-01	1.763876e-04
1.814528e-01	1.919377e-04
1.814784e-01	2.078200e-04
1.815040e-01	2.235130e-04
1.815296e-01	2.391769e-04
1.815552e-01	2.542782e-04
1.815808e-01	2.703237e-04
1.816064e-01	2.858000e-04
1.816320e-01	3.005602e-04
1.816576e-01	3.165630e-04
1.816832e-01	3.316365e-04
1.817088e-01	3.466360e-04
1.817344e-01	3.618301e-04
1.817600e-01	3.761974e-04
1.817856e-01	3.916727e-04
1.818112e-01	4.058655e-04
1.818368e-01	4.205732e-04
1.818624e-01	4.349221e-04
1.818880e-01	4.496305e-04
1.819136e-01	4.635027e-04
1.819392e-01	4.775601e-04
1.819648e-01	4.918390e-04
1.819904e-01	5.058844e-04
1.820160e-01	5.195038e-04
1.820416e-01	5.329928e-04
1.820672e-01	5.465834e-04
1.820928e-01	5.599760e-04
1.821184e-01	5.732438e-04
1.821440e-01	5.868257e-04
1.821696e-01	5.991723e-04
1.821952e-01	6.119228e-04
1.822208e-01	6.241736e-04
1.822464e-01	6.364172e-04
1.822720e-01	6.493055e-04
1.822976e-01	6.612538e-04
1.823232e-01	6.727257e-04
1.823488e-01	6.852646e-04
1.823744e-01	6.963661e-04
1.824000e-01	7.075516e-04
1.824256e-01	7.190494e-04
1.824512e-01	7.303155e-04
1.824768e-01	7.410334e-04
1.825024e-01	7.519380e-04
1.825280e-01	7.621705e-04
1.825536e-01	7.724272e-04
1.825792e-01	7.826614e-04
1.826048e-01	7.925337e-04
1.826304e-01	8.019491e-04
1.826560e-01	8.118720e-04
1.826816e-01	8.206597e-04
1.827072e-01	8.300551e-04
1.827328e-01	8.388434e-04
1.827584e-01	8.475984e-04
1.827840e-01	8.561037e-04
1.828096e-01	8.641714e-04
1.828352e-01	8.722112e-04
1.828608e-01	8.802629e-04
1.828864e-01	8.873507e-04
1.829120e-01	8.949941e-04
1.829376e-01	9.023868e-04
1.829632e-01	9.095593e-04
1.829888e-01	9.159188e-04
1.830144e-01	9.220597e-04
1.830400e-01	9.284021e-04
1.830656e-01	9.344746e-04
1.830912e-01	9.402303e-04
1.831168e-01	9.455275e-04
1.831424e-01	9.504987e-04
1.831680e-01	9.558579e-04
1.831936e-01	9.608365e-04
1.832192e-01	9.652123e-04
1.832448e-01	9.691084e-04
1.832704e-01	9.738233e-04
1.832960e-01	9.772815e-04
1.833216e-01	9.810448e-04
1.833472e-01	9.842215e-04
1.833728e-01	9.880584e-04
1.833984e-01	9.900498e-04
1.834240e-01	9.927441e-04
1.834496e-01	9.956625e-04
1.834752e-01	9.973072e-04
1.835008e-01	9.996784e-04
1.835264e-01	1.000997e-03
1.835520e-01	1.002343e-03
1.835776e-01	1.003850e-03
1.836032e-01	1.004412e-03
1.836288e-01	1.005328e-03
1.836544e-01	1.005263e-03
1.836800e-01	1.005658e-03
1.837056e-01	1.005683e-03
1.837312e-01	1.005327e-03
1.837568e-01	1.004688e-03
1.837824e-01	1.003808e-03
1.838080e-01	1.002504e-03
1.838336e-01	1.001313e-03
1.838592e-01	9.995919e-04
1.838848e-01	9.982272e-04
1.839104e-01	9.959149e-04
1.839360e-01	9.935196e-04
1.839616e-01	9.912199e-04
1.839872e-01	9.884883e-04
1.840128e-01	9.848743e-04
1.840384e-01	9.818833e-04
1.840640e-01	9.779506e-04
1.840896e-01	9.745529e-04
1.841152e-01	9.703978e-04
1.841408e-01	9.656872e-04
1.841664e-01	9.616468e-04
1.841920e-01	9.575170e-04
1.842176e-01	9.518212e-04
1.842432e-01	9.465836e-04
1.842688e-01	9.414644e-04
1.842944e-01	9.353764e-04
1.843200e-01	9.295510e-04
1.843456e-01	9.234929e-04
1.843712e-01	9.169133e-04
1.843968e-01	9.103942e-04
1.844224e-01	9.030728e-04
1.844480e-01	8.962277e-04
1.844736e-01	8.887281e-04
1.844992e-01	8.811515e-04
1.845248e-01	8.729828e-04
1.845504e-01	8.655265e-04
1.845760e-01	8.567194e-04
1.846016e-01	8.483176e-04
1.846272e-01	8.397585e-04
1.846528e-01	8.305886e-04
1.846784e-01	8.217635e-04
1.847040e-01	8.123249e-04
1.847296e-01	8.024998e-04
1.847552e-01	7.929110e-04
1.847808e-01	7.825911e-04
1.848064e-01	7.723693e-04
1.848320e-01	7.619847e-04
1.848576e-01	7.513355e-04
1.848832e-01	7.404922e-04
1.849088e-01	7.298558e-04
1.849344e-01	7.180545e-04
1.849600e-01	7.067654e-04
1.849856e-01	6.949077e-04
1.850112e-01	6.832638e-04
1.850368e-01	6.713204e-04
1.850624e-01	6.592956e-04
1.850880e-01	6.470229e-04
1.851136e-01	6.343688e-04
1.851392e-01	6.215326e-04
1.851648e-01	6.086637e-04
1.851904e-01	5.955867e-04
1.852160e-01	5.827144e-04
1.852416e-01	5.688333e-04
1.852672e-01	5.554020e-04
1.852928e-01	5.415186e-04
1.853184e-01	5.280486e-04
1.853440e-01	5.138640e-04
1.853696e-01	4.995886e-04
1.853952e-01	4.858823e-04
1.854208e-01	4.714236e-04
1.854464e-01	4.565436e-04
1.854720e-01	4.423466e-04
1.854976e-01	4.271900e-04
1.855232e-01	4.124818e-04
1.855488e-01	3.975741e-04
1.855744e-01	3.822353e-04
1.856000e-01	3.668689e-04
1.856256e-01	3.514266e-04
1.856512e-01	3.359129e-04
1.856768e-01	3.207615e-04
1.857024e-01	3.047116e-04
1.857280e-01	2.892817e-04
1.857536e-01	2.730503e-04
1.857792e-01	2.569656e-04
1.858048e-01	2.413656e-04
1.858304e-01	2.254604e-04
1.858560e-01	2.087359e-04
1.858816e-01	1.930686e-04
1.859072e-01	1.769474e-04
1.859328e-01	1.600806e-04
1.859584e-01	1.439416e-04
1.859840e-01	1.274639e-04
1.860096e-01	1.107551e-04
1.860352e-01	9.467426e-05
1.860608e-01	7.752352e-05
1.860864e-01	6.167032e-05
1.861120e-01	4.460624e-05
1.861376e-01	2.787998e-05
1.861632e-01	1.138535e-05
1.861888e-01	-5.484894e-06
1.862144e-01	-2.202864e-05
1.862400e-01	-3.866713e-05
1.862656e-01	-5.542295e-05
1.862912e-01	-7.215717e-05
1.863168e-01	-8.883175e-05
1.863424e-01	-1.049629e-04
1.863680e-01	-1.224616e-04
1.863936e-01	-1.385748e-04
1.864192e-01	-1.551570e-04
1.864448e-01	-1.719519e-04
1.864704e-01	-1.882479e-04
1.864960e-01	-2.045309e-04
1.865216e-01	-2.212067e-04
1.865472e-01	-2.379346e-04
1.865728e-01	-2.539166e-04
1.865984e-01	-2.704055e-04
1.866240e-01	-2.865528e-04
1.866496e-01	-3.023998e-04
1.866752e-01	-3.186821e-04
1.867008e-01	-3.344209e-04
1.867264e-01	-3.508494e-04
1.867520e-01	-3.657840e-04
1.867776e-01	-3.821796e-04
1.868032e-01	-3.978367e-04
1.868288e-01	-4.131207e-04
1.868544e-01	-4.285184e-04
1.868800e-01	-4.440761e-04
1.869056e-01	-4.592800e-04
1.869312e-01	-4.741101e-04
1.869568e-01	-4.893226e-04
1.869824e-01	-5.041556e-04
1.870080e-01	-5.185889e-04
1.870336e-01	-5.332206e-04
1.870592e-01	-5.476967e-04
1.870848e-01	-5.622352e-04
1.871104e-01	-5.760886e-04
1.871360e-01	-5.899114e-04
1.871616e-01	-6.040666e-04
1.871872e-01	-6.182761e-04
1.872128e-01	-6.311908e-04
1.872384e-01	-6.448366e-04
1.872640e-01	-6.577132e-04
1.872896e-01	-6.708499e-04
1.873152e-01	-6.834533e-04
1.873408e-01	-6.966375e-04
1.873664e-01	-7.089984e-04
1.873920e-01	-7.210879e-04
1.874176e-01	-7.332151e-04
1.874432e-01	-7.450097e-04
1.874688e-01	-7.569461e-04
1.874944e-01	-7.682980e-04
1.875200e-01	-7.793793e-04
1.875456e-01	-7.911543e-04
1.875712e-01	-8.014377e-04
1.875968e-01	-8.124009e-04
1.876224e-01	-8.228288e-04
1.876480e-01	-8.325723e-04
1.876736e-01	-8.431160e-04
1.876992e-01	-8.528289e-04
1.877248e-01	-8.620869e-04
1.877504e-01	-8.716926e-04
1.877760e-01	-8.804115e-04
1.878016e-01	-8.897058e-04
1.878272e-01	-8.977506e-04
1.878528e-01	-9.059219e-04
1.878784e-01	-9.142903e-04
1.879040e-01	-9.224982e-04
1.879296e-01	-9.295651e-04
1.879552e-01	-9.369068e-04
1.879808e-01	-9.440291e-04
1.880064e-01	-9.509238e-04
1.880320e-01	-9.573962e-04
1.880576e-01	-9.636209e-04
1.880832e-01	-9.698847e-04
1.881088e-01	-9.756782e-04
1.881344e-01	-9.808317e-04
1.881600e-01	-9.864585e-04
1.881856e-01	-9.912769e-04
1.882112e-01	-9.961071e-04
1.882368e-01	-1.000245e-03
1.882624e-01	-1.004485e-03
1.882880e-01	-1.008207e-03
1.883136e-01	-1.011616e-03
1.883392e-01	-1.015239e-03
1.883648e-01	-1.018426e-03
1.883904e-01	-1.020734e-03
1.884160e-01	-1.023533e-03
1.884416e-01	-1.025575e-03
1.884672e-01	-1.027556e-03
1.884928e-01	-1.029104e-03
1.885184e-01	-1.030636e-03
1.885440e-01	-1.031458e-03
1.885696e-01	-1.032415e-03
1.885952e-01	-1.033032e-03
1.886208e-01	-1.033402e-03
1.886464e-01	-1.032875e-03
1.886720e-01	-1.033108e-03
1.886976e-01	-1.032269e-03
1.887232e-01	-1.031218e-03
1.887488e-01	-1.030858e-03
1.887744e-01	-1.028844e-03
1.888000e-01	-1.027027e-03
1.888256e-01	-1.025198e-03
1.888512e-01	-1.022478e-03
1.888768e-01	-1.020116e-03
1.889024e-01	-1.016897e-03
1.889280e-01	-1.014572e-03
1.889536e-01	-1.011187e-03
1.889792e-01	-1.007535e-03
1.890048e-01	-1.003356e-03
1.890304e-01	-9.995500e-04
1.890560e-01	-9.947999e-04
1.890816e-01	-9.901380e-04
1.891072e-01	-9.855586e-04
1.891328e-01	-9.804395e-04
1.891584e-01	-9.747068e-04
1.891840e-01	-9.690756e-04
1.892096e-01	-9.631560e-04
1.892352e-01	-9.565458e-04
1.892608e-01	-9.503700e-04
1.892864e-01	-9.439676e-04
1.893120e-01	-9.363645e-04
1.893376e-01	-9.294266e-04
1.893632e-01	-9.218521e-04
1.893888e-01	-9.145446e-04
1.894144e-01	-9.065579e-04
1.894400e-01	-8.983398e-04
1.894656e-01	-8.899523e-04
1.894912e-01	-8.814891e-04
1.895168e-01	-8.724951e-04
1.895424e-01	-8.634544e-04
1.895680e-01	-8.538376e-04
1.895936e-01	-8.449132e-04
1.896192e-01	-8.348872e-04
1.896448e-01	-8.249686e-04
1.896704e-01	-8.150708e-04
1.896960e-01	-8.049961e-04
1.897216e-01	-7.939980e-04
1.897472e-01	-7.831173e-04
1.897728e-01	-7.725682e-04
1.897984e-01	-7.612326e-04
1.898240e-01	-7.498672e-04
1.898496e-01	-7.383615e-04
1.898752e-01	-7.267508e-04
1.899008e-01	-7.147540e-04
1.899264e-01	-7.022021e-04
1.899520e-01	-6.907977e-04
1.899776e-01	-6.778328e-04
1.900032e-01	-6.655886e-04
1.900288e-01	-6.527174e-04
1.900544e-01	-6.394851e-04
1.900800e-01	-6.264281e-04
1.901056e-01	-6.136981e-04
1.901312e-01	-6.001552e-04
1.901568e-01	-5.866032e-04
1.901824e-01	-5.731854e-04
1.902080e-01	-5.594283e-04
1.902336e-01	-5.451353e-04
1.902592e-01	-5.311279e-04
1.902848e-01	-5.172666e-04
1.903104e-01	-5.025463e-04
1.903360e-01	-4.882941e-04
1.903616e-01	-4.740268e-04
1.903872e-01	-4.585691e-04
1.904128e-01	-4.445057e-04
1.904384e-01	-4.290634e-04
1.904640e-01	-4.140975e-04
1.904896e-01	-3.992917e-04
1.905152e-01	-3.838523e-04
1.905408e-01	-3.685392e-04
1.905664e-01	-3.532307e-04
1.905920e-01	-3.381593e-04
1.906176e-01	-3.226751e-04
1.906432e-01	-3.068769e-04
1.906688e-01	-2.915084e-04
1.906944e-01	-2.751992e-04
1.907200e-01	-2.599285e-04
1.907456e-01	-2.435521e-04
1.907712e-01	-2.276678e-04
1.907968e-01	-2.120194e-04
1.908224e-01	-1.959839e-04
1.908480e-01	-1.798215e-04
1.908736e-01	-1.640518e-04
1.908992e-01	-1.479066e-04
1.909248e-01	-1.316312e-04
1.909504e-01	-1.157274e-04
1.909760e-01	-9.974765e-05
1.910016e-01	-8.323704e-05
1.910272e-01	-6.708162e-05
1.910528e-01	-5.064574e-05
1.910784e-01	-3.438232e-05
1.911040e-01	-1.811798e-05
1.911296e-01	-2.462162e-06
1.911552e-01	1.419885e-05
1.911808e-01	3.013429e-05
1.912064e-01	4.630297e-05
1.912320e-01	6.271567e-05
1.912576e-01	7.880676e-05
1.912832e-01	9.451356e-05
1.913088e-01	1.112371e-04
1.913344e-01	1.270693e-04
1.913600e-01	1.429448e-04
1.913856e-01	1.588364e-04
1.914112e-01	1.746250e-04
1.914368e-01	1.906173e-04
1.914624e-01	2.062225e-04
1.914880e-01	2.221741e-04
1.915136e-01	2.377677e-04
1.915392e-01	2.531822e-04
1.915648e-01	2.692026e-04
1.915904e-01	2.840829e-04
1.916160e-01	2.995512e-04
1.916416e-01	3.150151e-04
1.916672e-01	3.303421e-04
1.916928e-01	3.447355e-04
1.917184e-01	3.605081e-04
1.917440e-01	3.749318e-04
1.917696e-01	3.897124e-04
1.917952e-01	4.050460e-04
1.918208e-01	4.192260e-04
1.918464e-01	4.336853e-04
1.918720e-01	4.480041e-04
1.918976e-01	4.621560e-04
1.919232e-01	4.766866e-04
1.919488e-01	4.904998e-04
1.919744e-01	5.047883e-04
1.920000e-01	5.183544e-04
1.920256e-01	5.320100e-04
1.920512e-01	5.452453e-04
1.920768e-01	5.584828e-04
1.921024e-01	5.717569e-04
1.921280e-01	5.849579e-04
1.921536e-01	5.976416e-04
1.921792e-01	6.105076e-04
1.922048e-01	6.233141e-04
1.922304e-01	6.358273e-04
1.922560e-01	6.476915e-04
1.922816e-01	6.601982e-04
1.923072e-01	6.721449e-04
1.923328e-01	6.840345e-04
1.923584e-01	6.955746e-04
1.923840e-01	7.069150e-04
1.924096e-01	7.182040e-04
1.924352e-01	7.292166e-04
1.924608e-01	7.398569e-04
1.924864e-01	7.509406e-04
1.925120e-01	7.613534e-04
1.925376e-01	7.717904e-04
1.925632e-01	7.814876e-04
1.925888e-01	7.916586e-04
1.926144e-01	8.012278e-04
1.926400e-01	8.108142e-04
1.926656e-01	8.203318e-04
1.926912e-01	8.294398e-04
1.927168e-01	8.380461e-04
1.927424e-01	8.470959e-04
1.927680e-01	8.552471e-04
1.927936e-01	8.635782e-04
1.928192e-01	8.718174e-04
1.928448e-01	8.797590e-04
1.928704e-01	8.871991e-04
1.928960e-01	8.941421e-04
1.929216e-01	9.015106e-04
1.929472e-01	9.087392e-04
1.929728e-01	9.153559e-04
1.929984e-01	9.218410e-04
1.930240e-01	9.274859e-04
1.930496e-01	9.341914e-04
1.930752e-01	9.397796e-04
1.931008e-01	9.452316e-04
1.931264e-01	9.507403e-04
1.931520e-01	9.558376e-04
1.931776e-01	9.603302e-04
1.932032e-01	9.650289e-04
1.932288e-01	9.692833e-04
1.932544e-01	9.734545e-04
1.932800e-01	9.775127e-04
1.933056e-01	9.809644e-04
1.933312e-01	9.843122e-04
1.933568e-01	9.879026e-04
1.933824e-01	9.902340e-04
1.934080e-01	9.934116e-04
1.934336e-01	9.955602e-04
1.934592e-01	9.973827e-04
1.934848e-01	9.993430e-04
1.935104e-01	1.001177e-03
1.935360e-01	1.002599e-03
1.935616e-01	1.003844e-03
1.935872e-01	1.004427e-03
1.936128e-01	1.005494e-03
1.936384e-01	1.005590e-03
1.936640e-01	1.005686e-03
1.936896e-01	1.005957e-03
1.937152e-01	1.005515e-03
1.937408e-01	1.005050e-03
1.937664e-01	1.004370e-03
1.937920e-01	1.003003e-03
1.938176e-01	1.001945e-03
1.938432e-01	1.000282e-03
1.938688e-01	9.981759e-04
1.938944e-01	9.962174e-04
1.939200e-01	9.945160e-04
1.939456e-01	9.918066e-04
1.939712e-01	9.888652e-04
1.939968e-01	9.857527e-04
1.940224e-01	9.825667e-04
1.940480e-01	9.784256e-04
1.940736e-01	9.757781e-04
1.940992e-01	9.710706e-04
1.941248e-01	9.670203e-04
1.941504e-01	9.624194e-04
1.941760e-01	9.574787e-04
1.942016e-01	9.530298e-04
1.942272e-01	9.473161e-04
1.942528e-01	9.420834e-04
1.942784e-01	9.361247e-04
1.943040e-01	9.304088e-04
1.943296e-01	9.241170e-04
1.943552e-01	9.174087e-04
1.943808e-01	9.114526e-04
1.944064e-01	9.041008e-04
1.944320e-01	8.971001e-04
1.944576e-01	8.893333e-04
1.944832e-01	8.826698e-04
1.945088e-01	8.743475e-04
1.945344e-01	8.658008e-04
1.945600e-01	8.580621e-04
1.945856e-01	8.490781e-04
1.946112e-01	8.401177e-04
1.946368e-01	8.317686e-04
1.946624e-01	8.223416e-04
1.946880e-01	8.130119e-04
1.947136e-01	8.033594e-04
1.947392e-01	7.939762e-04
1.947648e-01	7.837560e-04
1.947904e-01	7.733018e-04
1.948160e-01	7.631358e-04
1.948416e-01	7.524653e-04
1.948672e-01	7.412612e-04
1.948928e-01	7.306908e-04
1.949184e-01	7.192735e-04
1.949440e-01	7.080980e-04
1.949696e-01	6.963686e-04
1.949952e-01	6.844350e-04
1.950208e-01	6.727300e-04
1.950464e-01	6.607516e-04
1.950720e-01	6.478106e-04
1.950976e-01	6.357500e-04
1.951232e-01	6.226086e-04
1.951488e-01	6.098743e-04
1.951744e-01	5.971364e-04
1.952000e-01	5.836418e-04
1.952256e-01	5.706079e-04
1.952512e-01	5.568641e-04
1.952768e-01	5.431508e-04
1.953024e-01	5.296150e-04
1.953280e-01	5.152083e-04
1.953536e-01	5.017340e-04
1.953792e-01	4.870312e-04
1.954048e-01	4.723933e-04
1.954304e-01	4.581712e-04
1.954560e-01	4.437510e-04
1.954816e-01	4.287960e-04
1.955072e-01	4.140041e-04
1.955328e-01	3.987261e-04
1.955584e-01	3.836353e-04
1.955840e-01	3.682916e-04
1.956096e-01	3.530508e-04
1.956352e-01	3.375356e-04
1.956608e-01	3.220001e-04
1.956864e-01	3.065144e-04
1.957120e-01	2.906745e-04
1.957376e-01	2.745381e-04
1.957632e-01	2.593859e-04
1.957888e-01	2.424755e-04
1.958144e-01	2.267296e-04
1.958400e-01	2.111591e-04
1.958656e-01	1.944919e-04
1.958912e-01	1.778823e-04
1.959168e-01	1.618012e-04
1.959424e-01	1.453264e-04
1.959680e-01	1.289043e-04
1.959936e-01	1.125014e-04
1.960192e-01	9.606603e-05
1.960448e-01	7.947438e-05
1.960704e-01	6.281374e-05
1.960960e-01	4.615837e-05
1.961216e-01	2.990946e-05
1.961472e-01	1.290080e-05
1.961728e-01	-3.629676e-06
1.961984e-01	-2.031217e-05
1.962240e-01	-3.725557e-05
1.962496e-01	-5.391786e-05
1.962752e-01	-7.005577e-05
1.963008e-01	-8.757501e-05
1.963264e-01	-1.039068e-04
1.963520e-01	-1.206060e-04
1.963776e-01	-1.369054e-04
1.964032e-01	-1.533957e-04
1.964288e-01	-1.702312e-04
1.964544e-01	-1.866643e-04
1.964800e-01	-2.034573e-04
1.965056e-01	-2.196489e-04
1.965312e-01	-2.358128e-04
1.965568e-01	-2.529063e-04
1.965824e-01	-2.687677e-04
1.966080e-01	-2.847550e-04
1.966336e-01	-3.010070e-04
1.966592e-01	-3.170398e-04
1.966848e-01	-3.330528e-04
1.967104e-01	-3.493376e-04
1.967360e-01	-3.650408e-04
1.967616e-01	-3.808423e-04
1.967872e-01	-3.963028e-04
1.968128e-01	-4.119205e-04
1.968384e-01	-4.269906e-04
1.968640e-01	-4.429582e-04
1.968896e-01	-4.576201e-04
1.969152e-01	-4.729232e-04
1.969408e-01	-4.877247e-04
1.969664e-01	-5.025333e-04
1.969920e-01	-5.175609e-04
1.970176e-01	-5.319752e-04
1.970432e-01	-5.468948e-04
1.970688e-01	-5.609979e-04
1.970944e-01	-5.749875e-04
1.971200e-01	-5.890888e-04
1.971456e-01	-6.030281e-04
1.971712e-01	-6.168211e-04
1.971968e-01	-6.298507e-04
1.972224e-01	-6.438288e-04
1.972480e-01	-6.567338e-04
1.972736e-01	-6.701194e-04
1.972992e-01	-6.827597e-04
1.973248e-01	-6.953310e-04
1.973504e-01	-7.078211e-04
1.973760e-01	-7.198681e-04
1.974016e-01	-7.320838e-04
1.974272e-01	-7.440640e-04
1.974528e-01	-7.556328e-04
1.974784e-01	-7.674746e-04
1.975040e-01	-7.787218e-04
1.975296e-01	-7.900186e-04
1.975552e-01	-8.005848e-04
1.975808e-01	-8.116274e-04
1.976064e-01	-8.217896e-04
1.976320e-01	-8.317122e-04
1.976576e-01	-8.418729e-04
1.976832e-01	-8.520945e-04
1.977088e-01	-8.613034e-04
1.977344e-01	-8.706620e-04
1.977600e-01	-8.800139e-04
1.977856e-01	-8.888723e-04
1.978112e-01	-8.971874e-04
1.978368e-01	-9.057043e-04
1.978624e-01	-9.138162e-04
1.978880e-01	-9.215418e-04
1.979136e-01	-9.289259e-04
1.979392e-01	-9.368201e-04
1.979648e-01	-9.435387e-04
1.979904e-01	-9.506713e-04
1.980160e-01	-9.569190e-04
1.980416e-01	-9.631721e-04
1.980672e-01	-9.697995e-04
1.980928e-01	-9.750899e-04
1.981184e-01	-9.805924e-04
1.981440e-01	-9.862139e-04
1.981696e-01	-9.906054e-04
1.981952e-01	-9.955155e-04
1.982208e-01	-9.997470e-04
1.982464e-01	-1.004578e-03
1.982720e-01	-1.007998e-03
1.982976e-01	-1.011451e-03
1.983232e-01	-1.015056e-03
1.983488e-01	-1.017523e-03
1.983744e-01	-1.020491e-03
1.984000e-01	-1.023676e-03
1.984256e-01	-1.025484e-03
1.984512e-01	-1.027290e-03
1.984768e-01	-1.029082e-03
1.985024e-01	-1.030568e-03
1.985280e-01	-1.031453e-03
1.985536e-01	-1.032577e-03
1.985792e-01	-1.032872e-03
1.986048e-01	-1.033218e-03
1.986304e-01	-1.032735e-03
1.986560e-01	-1.033042e-03
1.986816e-01	-1.032470e-03
1.987072e-01	-1.031349e-03
1.987328e-01	-1.030290e-03
1.987584e-01	-1.028882e-03
1.987840e-01	-1.027202e-03
1.988096e-01	-1.024835e-03
1.988352e-01	-1.022921e-03
1.988608e-01	-1.020704e-03
1.988864e-01	-1.017643e-03
1.989120e-01	-1.014662e-03
1.989376e-01	-1.011255e-03
1.989632e-01	-1.008089e-03
1.989888e-01	-1.003747e-03
1.990144e-01	-9.997763e-04
1.990400e-01	-9.953468e-04
1.990656e-01	-9.910326e-04
1.990912e-01	-9.853698e-04
1.991168e-01	-9.805757e-04
1.991424e-01	-9.757505e-04
1.991680e-01	-9.697755e-04
1.991936e-01	-9.634992e-04
1.992192e-01	-9.575670e-04
1.992448e-01	-9.509563e-04
1.992704e-01	-9.443519e-04
1.992960e-01	-9.376788e-04
1.993216e-01	-9.302999e-04
1.993472e-01	-9.230394e-04
1.993728e-01	-9.155023e-04
1.993984e-01	-9.070499e-04
1.994240e-01	-8.991713e-04
1.994496e-01	-8.906847e-04
1.994752e-01	-8.823820e-04
1.995008e-01	-8.733238e-04
1.995264e-01	-8.643082e-04
1.995520e-01	-8.553407e-04
1.995776e-01	-8.458613e-04
1.996032e-01	-8.357948e-04
1.996288e-01	-8.263480e-04
1.996544e-01	-8.159505e-04
1.996800e-01	-8.055118e-04
1.997056e-01	-7.948906e-04
1.997312e-01	-7.842020e-04
1.997568e-01	-7.735380e-04
1.997824e-01	-7.621815e-04
1.998080e-01	-7.508925e-04
1.998336e-01	-7.395337e-04
1.998592e-01	-7.270930e-04
1.998848e-01	-7.158858e-04
1.999104e-01	-7.034115e-04
1.999360e-01	-6.914624e-04
1.999616e-01	-6.790319e-04
1.999872e-01	-6.663821e-04
2.000128e-01	-6.541668e-04
2.000384e-01	-6.409375e-04
2.000640e-01	-6.275627e-04
2.000896e-01	-6.150266e-04
2.001152e-01	-6.014819e-04
2.001408e-01	-5.874843e-04
2.001664e-01	-5.742085e-04
2.001920e-01	-5.609348e-04
2.002176e-01	-5.467950e-04
2.002432e-01	-5.328856e-04
2.002688e-01	-5.181794e-04
2.002944e-01	-5.039818e-04
2.003200e-01	-4.893435e-04
2.003456e-01	-4.752151e-04
2.003712e-01	-4.603229e-04
2.003968e-01	-4.454205e-04
2.004224e-01	-4.309021e-04
2.004480e-01	-4.157941e-04
2.004736e-01	-4.006189e-04
2.004992e-01	-3.851677e-04
2.005248e-01	-3.699680e-04
2.005504e-01	-3.547894e-04
2.005760e-01	-3.390771e-04
2.006016e-01	-3.241387e-04
2.006272e-01	-3.082227e-04
2.006528e-01	-2.929957e-04
2.006784e-01	-2.772218e-04
2.007040e-01	-2.612974e-04
2.007296e-01	-2.452001e-04
2.007552e-01	-2.296136e-04
2.007808e-01	-2.133689e-04
2.008064e-01	-1.973985e-04
2.008320e-01	-1.815235e-04
2.008576e-01	-1.654574e-04
2.008832e-01	-1.491150e-04
2.009088e-01	-1.332075e-04
2.009344e-01	-1.170298e-04
2.009600e-01	-1.010462e-04
2.009856e-01	-8.472167e-05
2.010112e-01	-6.834959e-05
2.010368e-01	-5.227856e-05
2.010624e-01	-3.613492e-05
2.010880e-01	-1.969796e-05
2.011136e-01	-3.538268e-06
2.011392e-01	1.283992e-05
2.011648e-01	2.904075e-05
2.011904e-01	4.484830e-05
2.012160e-01	6.097251e-05
2.012416e-01	7.714242e-05
2.012672e-01	9.302155e-05
2.012928e-01	1.093805e-04
2.013184e-01	1.251054e-04
2.013440e-01	1.416157e-04
2.013696e-01	1.570318e-04
2.013952e-01	1.732410e-04
2.014208e-01	1.889970e-04
2.014464e-01	2.052705e-04
2.014720e-01	2.204580e-04
2.014976e-01	2.362432e-04
2.015232e-01	2.521422e-04
2.015488e-01	2.669786e-04
2.015744e-01	2.829152e-04
2.016000e-01	2.982516e-04
2.016256e-01	3.130790e-04
2.016512e-01	3.286515e-04
2.016768e-01	3.434163e-04
2.017024e-01	3.586108e-04
2.017280e-01	3.732843e-04
2.017536e-01	3.884668e-04
2.017792e-01	4.033710e-04
2.018048e-01	4.176849e-04
2.018304e-01	4.323954e-04
2.018560e-01	4.468609e-04
2.018816e-01	4.610830e-04
2.019072e-01	4.752339e-04
2.019328e-01	4.888602e-04
2.019584e-01	5.029716e-04
2.019840e-01	5.168518e-04
2.020096e-01	5.305514e-04
2.020352e-01	5.439596e-04
2.020608e-01	5.578979e-04
2.020864e-01	5.704841e-04
2.021120e-01	5.837939e-04
2.021376e-01	5.965835e-04
2.021632e-01	6.094371e-04
2.021888e-01	6.219338e-04
2.022144e-01	6.345289e-04
2.022400e-01	6.467451e-04
2.022656e-01	6.588309e-04
2.022912e-01	6.710069e-04
2.023168e-01	6.823225e-04
2.023424e-01	6.942853e-04
2.023680e-01	7.058918e-04
2.023936e-01	7.167036e-04
2.024192e-01	7.283978e-04
2.024448e-01	7.392169e-04
2.024704e-01	7.500454e-04
2.024960e-01	7.598836e-04
2.025216e-01	7.704411e-04
2.025472e-01	7.806535e-04
2.025728e-01	7.904935e-04
2.025984e-01	8.004555e-04
2.026240e-01	8.100271e-04
2.026496e-01	8.190827e-04
2.026752e-01	8.287972e-04
2.027008e-01	8.375333e-04
2.027264e-01	8.461334e-04
2.027520e-01	8.546571e-04
2.027776e-01	8.627829e-04
2.028032e-01	8.708450e-04
2.028288e-01	8.788547e-04
2.028544e-01	8.862005e-04
2.028800e-01	8.937333e-04
2.029056e-01	9.008828e-04
2.029312e-01	9.080559e-04
2.029568e-01	9.147405e-04
2.029824e-01	9.212618e-04
2.030080e-01	9.272093e-04
2.030336e-01	9.338390e-04
2.030592e-01	9.391313e-04
2.030848e-01	9.443815e-04
2.031104e-01	9.500895e-04
2.031360e-01	9.545713e-04
2.031616e-01	9.596103e-04
2.031872e-01	9.650002e-04
2.032128e-01	9.685824e-04
2.032384e-01	9.732019e-04
2.032640e-01	9.770002e-04
2.032896e-01	9.808496e-04
2.033152e-01	9.841423e-04
2.033408e-01	9.871306e-04
2.033664e-01	9.905339e-04
2.033920e-01	9.929959e-04
2.034176e-01	9.953253e-04
2.034432e-01	9.975416e-04
2.034688e-01	9.991408e-04
2.034944e-01	1.001013e-03
2.035200e-01	1.002111e-03
2.035456e-01	1.003872e-03
2.035712e-01	1.004688e-03
2.035968e-01	1.005125e-03
2.036224e-01	1.005692e-03
2.036480e-01	1.005994e-03
2.036736e-01	1.005853e-03
2.036992e-01	1.005845e-03
2.037248e-01	1.005053e-03
2.037504e-01	1.004438e-03
2.037760e-01	1.003037e-03
2.038016e-01	1.002096e-03
2.038272e-01	1.000217e-03
2.038528e-01	9.985898e-04
2.038784e-01	9.964925e-04
2.039040e-01	9.940115e-04
2.039296e-01	9.918027e-04
2.039552e-01	9.890220e-04
2.039808e-01	9.859265e-04
2.040064e-01	9.827520e-04
2.040320e-01	9.793611e-04
2.040576e-01	9.750513e-04
2.040832e-01	9.713614e-04
2.041088e-01	9.675756e-04
2.041344e-01	9.623748e-04
2.041600e-01	9.583580e-04
2.041856e-01	9.531212e-04
2.042112e-01	9.477732e-04
2.042368e-01	9.419312e-04
2.042624e-01	9.366467e-04
2.042880e-01	9.305279e-04
2.043136e-01	9.245204e-04
2.043392e-01	9.180670e-04
2.043648e-01	9.115114e-04
2.043904e-01	9.045762e-04
2.044160e-01	8.976478e-04
2.044416e-01	8.903780e-04
2.044672e-01	8.827847e-04
2.044928e-01	8.749950e-04
2.045184e-01	8.668201e-04
2.045440e-01	8.584784e-04
2.045696e-01	8.501217e-04
2.045952e-01	8.414323e-04
2.046208e-01	8.327308e-04
2.046464e-01	8.231012e-04
2.046720e-01	8.140100e-04
2.046976e-01	8.045916e-04
2.047232e-01	7.945576e-04
2.047488e-01	7.845775e-04
2.047744e-01	7.744276e-04
2.048000e-01	7.637721e-04
2.048256e-01	7.534411e-04
2.048512e-01	7.423718e-04
2.048768e-01	7.318532e-04
2.049024e-01	7.204000e-04
2.049280e-01	7.089147e-04
2.049536e-01	6.975697e-04
2.049792e-01	6.857089e-04
2.050048e-01	6.735160e-04
2.050304e-01	6.613506e-04
2.050560e-01	6.491735e-04
2.050816e-01	6.368509e-04
2.051072e-01	6.238709e-04
2.051328e-01	6.112278e-04
2.051584e-01	5.979631e-04
2.051840e-01	5.854093e-04
2.052096e-01	5.713059e-04
2.052352e-01	5.579755e-04
2.052608e-01	5.446097e-04
2.052864e-01	5.305413e-04
2.053120e-01	5.170219e-04
2.053376e-01	5.028006e-04
2.053632e-01	4.885293e-04
2.053888e-01	4.741140e-04
2.054144e-01	4.588173e-04
2.054400e-01	4.449322e-04
2.054656e-01	4.300747e-04
2.054912e-01	4.150606e-04
2.055168e-01	4.002943e-04
2.055424e-01	3.850067e-04
2.055680e-01	3.696081e-04
2.055936e-01	3.545130e-04
2.056192e-01	3.389198e-04
2.056448e-01	3.234908e-04
2.056704e-01	3.076441e-04
2.056960e-01	2.919274e-04
2.057216e-01	2.757905e-04
2.057472e-01	2.606113e-04
2.057728e-01	2.443811e-04
2.057984e-01	2.282613e-04
2.058240e-01	2.122224e-04
2.058496e-01	1.955333e-04
2.058752e-01	1.800143e-04
2.059008e-01	1.632795e-04
2.059264e-01	1.471565e-04
2.059520e-01	1.309408e-04
2.059776e-01	1.133493e-04
2.060032e-01	9.778993e-05
2.060288e-01	8.074903e-05
2.060544e-01	6.436221e-05
2.060800e-01	4.779172e-05
2.061056e-01	3.153125e-05
2.061312e-01	1.438699e-05
2.061568e-01	-2.063680e-06
2.061824e-01	-1.873825e-05
2.062080e-01	-3.563694e-05
2.062336e-01	-5.177753e-05
2.062592e-01	-6.887133e-05
2.062848e-01	-8.545315e-05
2.063104e-01	-1.018824e-04
2.063360e-01	-1.187657e-04
2.063616e-01	-1.356218e-04
2.063872e-01	-1.521061e-04
2.064128e-01	-1.681073e-04
2.064384e-01	-1.853675e-04
2.064640e-01	-2.014181e-04
2.064896e-01	-2.179198e-04
2.065152e-01	-2.342052e-04
2.065408e-01	-2.506999e-04
2.065664e-01	-2.667912e-04
2.065920e-01	-2.829346e-04
2.066176e-01	-2.993886e-04
2.066432e-01	-3.156969e-04
2.066688e-01	-3.313178e-04
2.066944e-01	-3.477031e-04
2.067200e-01	-3.634479e-04
2.067456e-01	-3.787306e-04
2.067712e-01	-3.944733e-04
2.067968e-01	-4.102109e-04
2.068224e-01	-4.254568e-04
2.068480e-01	-4.409000e-04
2.068736e-01	-4.561307e-04
2.068992e-01	-4.714065e-04
2.069248e-01	-4.862820e-04
2.069504e-01	-5.012716e-04
2.069760e-01	-5.159997e-04
2.070016e-01	-5.305106e-04
2.070272e-01	-5.448767e-04
2.070528e-01	-5.594738e-04
2.070784e-01	-5.731987e-04
2.071040e-01	-5.877349e-04
2.071296e-01	-6.018187e-04
2.071552e-01	-6.151220e-04
2.071808e-01	-6.287192e-04
2.072064e-01	-6.424027e-04
2.072320e-01	-6.552056e-04
2.072576e-01	-6.682543e-04
2.072832e-01	-6.813575e-04
2.073088e-01	-6.943370e-04
2.073344e-01	-7.060522e-04
2.073600e-01	-7.186260e-04
2.073856e-01	-7.310248e-04
2.074112e-01	-7.429943e-04
2.074368e-01	-7.543195e-04
2.074624e-01	-7.662837e-04
2.074880e-01	-7.775730e-04
2.075136e-01	-7.886274e-04
2.075392e-01	-7.995020e-04
2.075648e-01	-8.104205e-04
2.075904e-01	-8.213177e-04
2.076160e-01	-8.310394e-04
2.076416e-01	-8.407985e-04
2.076672e-01	-8.509929e-04
2.076928e-01	-8.600864e-04
2.077184e-01	-8.697420e-04
2.077440e-01	-8.789612e-04
2.077696e-01	-8.880507e-04
2.077952e-01	-8.964149e-04
2.078208e-01	-9.048532e-04
2.078464e-01	-9.131201e-04
2.078720e-01	-9.204419e-04
2.078976e-01	-9.280560e-04
2.079232e-01	-9.358196e-04
2.079488e-01	-9.427282e-04
2.079744e-01	-9.494396e-04
2.080000e-01	-9.559388e-04
2.080256e-01	-9.628816e-04
2.080512e-01	-9.685195e-04
2.080768e-01	-9.746963e-04
2.081024e-01	-9.799683e-04
2.081280e-01	-9.854506e-04
2.081536e-01	-9.901860e-04
2.081792e-01	-9.944644e-04
2.082048e-01	-9.994096e-04
2.082304e-01	-1.003923e-03
2.082560e-01	-1.007401e-03
2.082816e-01	-1.011282e-03
2.083072e-01	-1.014982e-03
2.083328e-01	-1.017533e-03
2.083584e-01	-1.020195e-03
2.083840e-01	-1.023100e-03
2.084096e-01	-1.025162e-03
2.084352e-01	-1.027174e-03
2.084608e-01	-1.028844e-03
2.084864e-01	-1.030431e-03
2.085120e-01	-1.031397e-03
2.085376e-01	-1.032234e-03
2.085632e-01	-1.032482e-03
2.085888e-01	-1.033117e-03
2.086144e-01	-1.032785e-03
2.086400e-01	-1.032936e-03
2.086656e-01	-1.032099e-03
2.086912e-01	-1.031297e-03
2.087168e-01	-1.029938e-03
2.087424e-01	-1.028677e-03
2.087680e-01	-1.027185e-03
2.087936e-01	-1.025294e-03
2.088192e-01	-1.023171e-03
2.088448e-01	-1.020674e-03
2.088704e-01	-1.017842e-03
2.088960e-01	-1.014790e-03
2.089216e-01	-1.011818e-03
2.089472e-01	-1.008129e-03
2.089728e-01	-1.004023e-03
2.089984e-01	-1.000342e-03
2.090240e-01	-9.956593e-04
2.090496e-01	-9.914954e-04
2.090752e-01	-9.864237e-04
2.091008e-01	-9.815326e-04
2.091264e-01	-9.755680e-04
2.091520e-01	-9.698034e-04
2.091776e-01	-9.645767e-04
2.092032e-01	-9.577899e-04
2.092288e-01	-9.519150e-04
2.092544e-01	-9.452215e-04
2.092800e-01	-9.377057e-04
2.093056e-01	-9.311125e-04
2.093312e-01	-9.234865e-04
2.093568e-01	-9.159919e-04
2.093824e-01	-9.076317e-04
2.094080e-01	-9.003383e-04
2.094336e-01	-8.912340e-04
2.094592e-01	-8.830178e-04
2.094848e-01	-8.742484e-04
2.095104e-01	-8.649722e-04
2.095360e-01	-8.559094e-04
2.095616e-01	-8.464759e-04
2.095872e-01	-8.372444e-04
2.096128e-01	-8.269700e-04
2.096384e-01	-8.167490e-04
2.096640e-01	-8.065565e-04
2.096896e-01	-7.959072e-04
2.097152e-01	-7.856949e-04
2.097408e-01	-7.743466e-04
2.097664e-01	-7.628787e-04
2.097920e-01	-7.519965e-04
2.098176e-01	-7.405349e-04
2.098432e-01	-7.286441e-04
2.098688e-01	-7.173271e-04
2.098944e-01	-7.049399e-04
2.099200e-01	-6.929830e-04
2.099456e-01	-6.807041e-04
2.099712e-01	-6.680579e-04
2.099968e-01	-6.550372e-04
2.100224e-01	-6.421990e-04
2.100480e-01	-6.293582e-04
2.100736e-01	-6.165198e-04
2.100992e-01	-6.023492e-04
2.101248e-01	-5.896589e-04
2.101504e-01	-5.759181e-04
2.101760e-01	-5.621998e-04
2.102016e-01	-5.480059e-04
2.102272e-01	-5.338201e-04
2.102528e-01	-5.201566e-04
2.102784e-01	-5.054363e-04
2.103040e-01	-4.912491e-04
2.103296e-01	-4.769420e-04
2.103552e-01	-4.621536e-04
2.103808e-01	-4.471725e-04
2.104064e-01	-4.325140e-04
2.104320e-01	-4.173103e-04
2.104576e-01	-4.019693e-04
2.104832e-01	-3.873914e-04
2.105088e-01	-3.713963e-04
2.105344e-01	-3.562936e-04
2.105600e-01	-3.409359e-04
2.105856e-01	-3.257780e-04
2.106112e-01	-3.097102e-04
2.106368e-01	-2.943353e-04
2.106624e-01	-2.787441e-04
2.106880e-01	-2.628716e-04
2.107136e-01	-2.468269e-04
2.107392e-01	-2.312211e-04
2.107648e-01	-2.148554e-04
2.107904e-01	-1.991130e-04
2.108160e-01	-1.832006e-04
2.108416e-01	-1.670827e-04
2.108672e-01	-1.513239e-04
2.108928e-01	-1.349925e-04
2.109184e-01	-1.189870e-04
2.109440e-01	-1.026983e-04
2.109696e-01	-8.632227e-05
2.109952e-01	-7.046395e-05
2.110208e-01	-5.402289e-05
2.110464e-01	-3.806015e-05
2.110720e-01	-2.155302e-05
2.110976e-01	-5.424944e-06
2.111232e-01	1.091158e-05
2.111488e-01	2.693397e-05
2.111744e-01	4.303753e-05
2.112000e-01	5.918991e-05
2.112256e-01	7.563682e-05
2.112512e-01	9.123341e-05
2.112768e-01	1.078041e-04
2.113024e-01	1.238029e-04
2.113280e-01	1.395615e-04
2.113536e-01	1.558052e-04
2.113792e-01	1.717768e-04
2.114048e-01	1.874361e-04
2.114304e-01	2.032720e-04
2.114560e-01	2.187517e-04
2.114816e-01	2.344927e-04
2.115072e-01	2.502996e-04
2.115328e-01	2.656614e-04
2.115584e-01	2.813292e-04
2.115840e-01	2.967271e-04
2.116096e-01	3.117701e-04
2.116352e-01	3.275192e-04
2.116608e-01	3.421776e-04
2.116864e-01	3.575128e-04
2.117120e-01	3.719129e-04
2.117376e-01	3.870665e-04
2.117632e-01	4.013834e-04
2.117888e-01	4.162951e-04
2.118144e-01	4.311900e-04
2.118400e-01	4.454867e-04
2.118656e-01	4.596720e-04
2.118912e-01	4.739129e-04
2.119168e-01	4.879113e-04
2.119424e-01	5.014072e-04
2.119680e-01	5.158453e-04
2.119936e-01	5.293770e-04
2.120192e-01	5.426517e-04
2.120448e-01	5.562968e-04
2.120704e-01	5.691979e-04
2.120960e-01	5.825711e-04
2.121216e-01	5.951643e-04
2.121472e-01	6.086172e-04
2.121728e-01	6.207025e-04
2.121984e-01	6.332291e-04
2.122240e-01	6.458251e-04
2.122496e-01	6.576552e-04
2.122752e-01	6.696156e-04
2.123008e-01	6.818035e-04
2.123264e-01	6.931118e-04
2.123520e-01	7.046079e-04
2.123776e-01	7.163160e-04
2.124032e-01	7.273083e-04
2.124288e-01	7.378385e-04
2.124544e-01	7.489735e-04
2.124800e-01	7.593128e-04
2.125056e-01	7.696404e-04
2.125312e-01	7.797917e-04
2.125568e-01	7.898328e-04
2.125824e-01	7.995164e-04
2.126080e-01	8.092141e-04
2.126336e-01	8.182727e-04
2.126592e-01	8.279813e-04
2.126848e-01	8.366453e-04
2.127104e-01	8.455643e-04
2.127360e-01	8.541212e-04
2.127616e-01	8.618757e-04
2.127872e-01	8.701993e-04
2.128128e-01	8.778590e-04
2.128384e-01	8.852949e-04
2.128640e-01	8.930035e-04
2.128896e-01	8.998680e-04
2.129152e-01	9.072637e-04
2.129408e-01	9.138442e-04
2.129664e-01	9.206578e-04
2.129920e-01	9.267632e-04
2.130176e-01	9.327653e-04
2.130432e-01	9.386790e-04
2.130688e-01	9.442060e-04
2.130944e-01	9.497121e-04
2.131200e-01	9.547917e-04
2.131456e-01	9.592079e-04
2.131712e-01	9.641428e-04
2.131968e-01	9.687733e-04
2.132224e-01	9.728844e-04
2.132480e-01	9.764407e-04
2.132736e-01	9.804582e-04
2.132992e-01	9.836133e-04
2.133248e-01	9.871745e-04
2.133504e-01	9.897726e-04
2.133760e-01	9.924821e-04
2.134016e-01	9.950057e-04
2.134272e-01	9.969727e-04
2.134528e-01	9.991168e-04
2.134784e-01	1.001164e-03
2.135040e-01	1.002131e-03
2.135296e-01	1.003506e-03
2.135552e-01	1.004460e-03
2.135808e-01	1.005140e-03
2.136064e-01	1.005491e-03
2.136320e-01	1.005879e-03
2.136576e-01	1.005884e-03
2.136832e-01	1.005475e-03
2.137088e-01	1.004623e-03
2.137344e-01	1.004162e-03
2.137600e-01	1.003024e-03
2.137856e-01	1.001944e-03
2.138112e-01	1.000687e-03
2.138368e-01	9.988399e-04
2.138624e-01	9.967180e-04
2.138880e-01	9.946487e-04
2.139136e-01	9.918556e-04
2.139392e-01	9.895368e-04
2.139648e-01	9.861548e-04
2.139904e-01	9.830029e-04
2.140160e-01	9.797761e-04
2.140416e-01	9.757215e-04
2.140672e-01	9.719204e-04
2.140928e-01	9.677784e-04
2.141184e-01	9.631030e-04
2.141440e-01	9.583212e-04
2.141696e-01	9.533000e-04
2.141952e-01	9.486314e-04
2.142208e-01	9.426827e-04
2.142464e-01	9.376651e-04
2.142720e-01	9.312966e-04
2.142976e-01	9.251960e-04
2.143232e-01	9.186164e-04
2.143488e-01	9.119515e-04
2.143744e-01	9.054291e-04
2.144000e-01	8.982864e-04
2.144256e-01	8.911378e-04
2.144512e-01	8.832890e-04
2.144768e-01	8.752922e-04
2.145024e-01	8.674461e-04
2.145280e-01	8.594243e-04
2.145536e-01	8.508282e-04
2.145792e-01	8.421196e-04
2.146048e-01	8.337263e-04
2.146304e-01	8.241107e-04
2.146560e-01	8.149194e-04
2.146816e-01	8.051468e-04
2.147072e-01	7.955080e-04
2.147328e-01	7.854169e-04
2.147584e-01	7.755760e-04
2.147840e-01	7.649650e-04
2.148096e-01	7.543032e-04
2.148352e-01	7.436321e-04
2.148608e-01	7.327518e-04
2.148864e-01	7.213126e-04
2.149120e-01	7.102971e-04
2.149376e-01	6.985831e-04
2.149632e-01	6.870750e-04
2.149888e-01	6.750221e-04
2.150144e-01	6.627720e-04
2.150400e-01	6.501672e-04
2.150656e-01	6.379372e-04
2.150912e-01	6.254259e-04
2.151168e-01	6.123463e-04
2.151424e-01	5.995497e-04
2.151680e-01	5.865202e-04
2.151936e-01	5.729162e-04
2.152192e-01	5.594217e-04
2.152448e-01	5.458238e-04
2.152704e-01	5.323655e-04
2.152960e-01	5.178095e-04
2.153216e-01	5.038087e-04
2.153472e-01	4.900491e-04
2.153728e-01	4.757350e-04
2.153984e-01	4.606973e-04
2.154240e-01	4.464478e-04
2.154496e-01	4.313942e-04
2.154752e-01	4.165774e-04
2.155008e-01	4.017978e-04
2.155264e-01	3.862453e-04
2.155520e-01	3.713158e-04
2.155776e-01	3.560497e-04
2.156032e-01	3.401880e-04
2.156288e-01	3.252362e-04
2.156544e-01	3.089699e-04
2.156800e-01	2.938558e-04
2.157056e-01	2.779833e-04
2.157312e-01	2.620022e-04
2.157568e-01	2.459523e-04
2.157824e-01	2.297087e-04
2.158080e-01	2.134929e-04
2.158336e-01	1.976358e-04
2.158592e-01	1.817024e-04
2.158848e-01	1.648152e-04
2.159104e-01	1.484579e-04
2.159360e-01	1.319065e-04
2.159616e-01	1.154394e-04
2.159872e-01	9.963270e-05
2.160128e-01	8.251597e-05
2.160384e-01	6.624246e-05
2.160640e-01	4.925387e-05
2.160896e-01	3.266084e-05
2.161152e-01	1.592015e-05
2.161408e-01	-6.216775e-07
2.161664e-01	-1.712225e-05
2.161920e-01	-3.361435e-05
2.162176e-01	-5.027736e-05
2.162432e-01	-6.726259e-05
2.162688e-01	-8.399564e-05
2.162944e-01	-1.003062e-04
2.163200e-01	-1.169991e-04
2.163456e-01	-1.336305e-04
2.163712e-01	-1.508014e-04
2.163968e-01	-1.671494e-04
2.164224e-01	-1.835934e-04
2.164480e-01	-1.999264e-04
2.164736e-01	-2.167011e-04
2.164992e-01	-2.329482e-04
2.165248e-01	-2.489851e-04
2.165504e-01	-2.651699e-04
2.165760e-01	-2.815551e-04
2.166016e-01	-2.978168e-04
2.166272e-01	-3.141510e-04
2.166528e-01	-3.297149e-04
2.166784e-01	-3.456264e-04
2.167040e-01	-3.618863e-04
2.167296e-01	-3.777412e-04
2.167552e-01	-3.931709e-04
2.167808e-01	-4.090687e-04
2.168064e-01	-4.240988e-04
2.168320e-01	-4.395826e-04
2.168576e-01	-4.549159e-04
2.168832e-01	-4.701358e-04
2.169088e-01	-4.846349e-04
2.169344e-01	-4.995359e-04
2.169600e-01	-5.146585e-04
2.169856e-01	-5.292008e-04
2.170112e-01	-5.438882e-04
2.170368e-01	-5.577777e-04
2.170624e-01	-5.719190e-04
2.170880e-01	-5.864529e-04
2.171136e-01	-5.999258e-04
2.171392e-01	-6.143607e-04
2.171648e-01	-6.276966e-04
2.171904e-01	-6.412211e-04
2.172160e-01	-6.542024e-04
2.172416e-01	-6.675437e-04
2.172672e-01	-6.801017e-04
2.172928e-01	-6.930320e-04
2.173184e-01	-7.053801e-04
2.173440e-01	-7.172354e-04
2.173696e-01	-7.299345e-04
2.173952e-01	-7.418827e-04
2.174208e-01	-7.534108e-04
2.174464e-01	-7.648280e-04
2.174720e-01	-7.764798e-04
2.174976e-01	-7.878375e-04
2.175232e-01	-7.981665e-04
2.175488e-01	-8.094661e-04
2.175744e-01	-8.199672e-04
2.176000e-01	-8.298200e-04
2.176256e-01	-8.398499e-04
2.176512e-01	-8.503913e-04
2.176768e-01	-8.593874e-04
2.177024e-01	-8.685215e-04
2.177280e-01	-8.777827e-04
2.177536e-01	-8.867618e-04
2.177792e-01	-8.952308e-04
2.178048e-01	-9.039814e-04
2.178304e-01	-9.119000e-04
2.178560e-01	-9.200543e-04
2.178816e-01	-9.277160e-04
2.179072e-01	-9.347418e-04
2.179328e-01	-9.419943e-04
2.179584e-01	-9.492224e-04
2.179840e-01	-9.555364e-04
2.180096e-01	-9.617617e-04
2.180352e-01	-9.679663e-04
2.180608e-01	-9.741293e-04
2.180864e-01	-9.794437e-04
2.181120e-01	-9.852214e-04
2.181376e-01	-9.899422e-04
2.181632e-01	-9.946385e-04
2.181888e-01	-9.995921e-04
2.182144e-01	-1.003353e-03
2.182400e-01	-1.007055e-03
2.182656e-01	-1.011331e-03
2.182912e-01	-1.014086e-03
2.183168e-01	-1.017120e-03
2.183424e-01	-1.020330e-03
2.183680e-01	-1.022684e-03
2.183936e-01	-1.024855e-03
2.184192e-01	-1.026901e-03
2.184448e-01	-1.028788e-03
2.184704e-01	-1.030684e-03
2.184960e-01	-1.031098e-03
2.185216e-01	-1.032128e-03
2.185472e-01	-1.032746e-03
2.185728e-01	-1.033184e-03
2.185984e-01	-1.033514e-03
2.186240e-01	-1.033072e-03
2.186496e-01	-1.032364e-03
2.186752e-01	-1.031753e-03
2.187008e-01	-1.030020e-03
2.187264e-01	-1.029463e-03
2.187520e-01	-1.027362e-03
2.187776e-01	-1.025441e-03
2.188032e-01	-1.023403e-03
2.188288e-01	-1.020820e-03
2.188544e-01	-1.018199e-03
2.188800e-01	-1.015186e-03
2.189056e-01	-1.011972e-03
2.189312e-01	-1.008545e-03
2.189568e-01	-1.004703e-03
2.189824e-01	-1.000835e-03
2.190080e-01	-9.964450e-04
2.190336e-01	-9.915533e-04
2.190592e-01	-9.868025e-04
2.190848e-01	-9.820455e-04
2.191104e-01	-9.765141e-04
2.191360e-01	-9.709647e-04
2.191616e-01	-9.647198e-04
2.191872e-01	-9.586505e-04
2.192128e-01	-9.522582e-04
2.192384e-01	-9.457571e-04
2.192640e-01	-9.388267e-04
2.192896e-01	-9.320044e-04
2.193152e-01	-9.239521e-04
2.193408e-01	-9.166665e-04
2.193664e-01	-9.088576e-04
2.193920e-01	-9.007733e-04
2.194176e-01	-8.923155e-04
2.194432e-01	-8.842379e-04
2.194688e-01	-8.752645e-04
2.194944e-01	-8.661414e-04
2.195200e-01	-8.570358e-04
2.195456e-01	-8.472070e-04
2.195712e-01	-8.378816e-04
2.195968e-01	-8.279987e-04
2.196224e-01	-8.180729e-04
2.196480e-01	-8.077003e-04
2.196736e-01	-7.969955e-04
2.196992e-01	-7.870108e-04
2.197248e-01	-7.755440e-04
2.197504e-01	-7.647178e-04
2.197760e-01	-7.528527e-04
2.198016e-01	-7.418683e-04
2.198272e-01	-7.302010e-04
2.198528e-01	-7.180536e-04
2.198784e-01	-7.063909e-04
2.199040e-01	-6.934708e-04
2.199296e-01	-6.815433e-04
2.199552e-01	-6.694231e-04
2.199808e-01	-6.563200e-04
2.200064e-01	-6.437869e-04
2.200320e-01	-6.304346e-04
2.200576e-01	-6.174636e-04
2.200832e-01	-6.041930e-04
2.201088e-01	-5.910699e-04
2.201344e-01	-5.770450e-04
2.201600e-01	-5.634044e-04
2.201856e-01	-5.494913e-04
2.202112e-01	-5.358323e-04
2.202368e-01	-5.210504e-04
2.202624e-01	-5.068592e-04
2.202880e-01	-4.926660e-04
2.203136e-01	-4.775714e-04
2.203392e-01	-4.630226e-04
2.203648e-01	-4.490229e-04
2.203904e-01	-4.337669e-04
2.204160e-01	-4.183179e-04
2.204416e-01	-4.035343e-04
2.204672e-01	-3.883107e-04
2.204928e-01	-3.730129e-04
2.205184e-01	-3.577942e-04
2.205440e-01	-3.426553e-04
2.205696e-01	-3.272691e-04
2.205952e-01	-3.115255e-04
2.206208e-01	-2.961417e-04
2.206464e-01	-2.796795e-04
2.206720e-01	-2.646533e-04
2.206976e-01	-2.484568e-04
2.207232e-01	-2.326422e-04
2.207488e-01	-2.165917e-04
2.207744e-01	-2.007110e-04
2.208000e-01	-1.849442e-04
2.208256e-01	-1.684832e-04
2.208512e-01	-1.526441e-04
2.208768e-01	-1.365304e-04
2.209024e-01	-1.202706e-04
2.209280e-01	-1.042960e-04
2.209536e-01	-8.762985e-05
2.209792e-01	-7.189787e-05
2.210048e-01	-5.562236e-05
2.210304e-01	-3.914184e-05
2.210560e-01	-2.293863e-05
2.210816e-01	-6.968607e-06
2.211072e-01	9.755436e-06
2.211328e-01	2.557137e-05
2.211584e-01	4.219918e-05
2.211840e-01	5.799494e-05
2.212096e-01	7.373450e-05
2.212352e-01	9.016021e-05
2.212608e-01	1.061545e-04
2.212864e-01	1.222259e-04
2.213120e-01	1.381722e-04
2.213376e-01	1.542374e-04
2.213632e-01	1.702122e-04
2.213888e-01	1.857058e-04
2.214144e-01	2.019422e-04
2.214400e-01	2.177685e-04
2.214656e-01	2.334373e-04
2.214912e-01	2.485754e-04
2.215168e-01	2.641515e-04
2.215424e-01	2.796069e-04
2.215680e-01	2.953336e-04
2.215936e-01	3.106385e-04
2.216192e-01	3.256498e-04
2.216448e-01	3.407156e-04
2.216704e-01	3.559153e-04
2.216960e-01	3.710321e-04
2.217216e-01	3.855840e-04
2.217472e-01	4.002225e-04
2.217728e-01	4.155045e-04
2.217984e-01	4.289676e-04
2.218240e-01	4.439652e-04
2.218496e-01	4.585584e-04
2.218752e-01	4.723058e-04
2.219008e-01	4.863250e-04
2.219264e-01	5.008334e-04
2.219520e-01	5.142019e-04
2.219776e-01	5.279005e-04
2.220032e-01	5.414541e-04
2.220288e-01	5.547852e-04
2.220544e-01	5.680808e-04
2.220800e-01	5.814302e-04
2.221056e-01	5.944030e-04
2.221312e-01	6.067975e-04
2.221568e-01	6.197032e-04
2.221824e-01	6.320534e-04
2.222080e-01	6.445170e-04
2.222336e-01	6.568298e-04
2.222592e-01	6.683170e-04
2.222848e-01	6.804494e-04
2.223104e-01	6.917806e-04
2.223360e-01	7.034899e-04
2.223616e-01	7.148767e-04
2.223872e-01	7.263982e-04
2.224128e-01	7.365355e-04
2.224384e-01	7.479613e-04
2.224640e-01	7.582472e-04
2.224896e-01	7.682582e-04
2.225152e-01	7.793392e-04
2.225408e-01	7.888281e-04
2.225664e-01	7.984051e-04
2.225920e-01	8.084094e-04
2.226176e-01	8.174338e-04
2.226432e-01	8.268104e-04
2.226688e-01	8.356639e-04
2.226944e-01	8.443884e-04
2.227200e-01	8.530452e-04
2.227456e-01	8.615343e-04
2.227712e-01	8.690057e-04
2.227968e-01	8.769679e-04
2.228224e-01	8.846768e-04
2.228480e-01	8.924789e-04
2.228736e-01	8.994066e-04
2.228992e-01	9.067224e-04
2.229248e-01	9.135242e-04
2.229504e-01	9.194239e-04
2.229760e-01	9.261178e-04
2.230016e-01	9.322026e-04
2.230272e-01	9.379415e-04
2.230528e-01	9.437347e-04
2.230784e-01	9.490727e-04
2.231040e-01	9.545974e-04
2.231296e-01	9.592415e-04
2.231552e-01	9.644455e-04
2.231808e-01	9.682644e-04
2.232064e-01	9.721415e-04
2.232320e-01	9.763754e-04
2.232576e-01	9.801245e-04
2.232832e-01	9.830138e-04
2.233088e-01	9.864812e-04
2.233344e-01	9.895118e-04
2.233600e-01	9.924597e-04
2.233856e-01	9.946321e-04
2.234112e-01	9.970488e-04
2.234368e-01	9.988436e-04
2.234624e-01	1.000925e-03
2.234880e-01	1.002454e-03
2.235136e-01	1.002815e-03
2.235392e-01	1.004441e-03
2.235648e-01	1.005774e-03
2.235904e-01	1.005856e-03
2.236160e-01	1.005979e-03
2.236416e-01	1.005646e-03
2.236672e-01	1.005342e-03
2.236928e-01	1.005189e-03
2.237184e-01	1.004482e-03
2.237440e-01	1.003302e-03
2.237696e-01	1.002097e-03
2.237952e-01	1.000392e-03
2.238208e-01	9.992545e-04
2.238464e-01	9.966155e-04
2.238720e-01	9.949438e-04
2.238976e-01	9.923191e-04
2.239232e-01	9.896052e-04
2.239488e-01	9.864221e-04
2.239744e-01	9.833061e-04
2.240000e-01	9.801516e-04
2.240256e-01	9.763126e-04
2.240512e-01	9.722923e-04
2.240768e-01	9.681254e-04
2.241024e-01	9.636849e-04
2.241280e-01	9.589226e-04
2.241536e-01	9.537486e-04
2.241792e-01	9.491050e-04
2.242048e-01	9.434081e-04
2.242304e-01	9.376596e-04
2.242560e-01	9.319739e-04
2.242816e-01	9.259536e-04
2.243072e-01	9.197249e-04
2.243328e-01	9.127486e-04
2.243584e-01	9.057309e-04
2.243840e-01	8.989970e-04
2.244096e-01	8.915265e-04
2.244352e-01	8.841821e-04
2.244608e-01	8.762170e-04
2.244864e-01	8.684219e-04
2.245120e-01	8.599505e-04
2.245376e-01	8.520334e-04
2.245632e-01	8.429480e-04
2.245888e-01	8.341572e-04
2.246144e-01	8.251679e-04
2.246400e-01	8.158598e-04
2.246656e-01	8.060634e-04
2.246912e-01	7.962569e-04
2.247168e-01	7.862275e-04
2.247424e-01	7.764430e-04
2.247680e-01	7.661836e-04
2.247936e-01	7.552217e-04
2.248192e-01	7.443961e-04
2.248448e-01	7.333097e-04
2.248704e-01	7.222973e-04
2.248960e-01	7.114751e-04
2.249216e-01	6.996984e-04
2.249472e-01	6.881173e-04
2.249728e-01	6.759210e-04
2.249984e-01	6.636663e-04
2.250240e-01	6.518561e-04
2.250496e-01	6.390722e-04
2.250752e-01	6.262698e-04
2.251008e-01	6.138535e-04
2.251264e-01	6.003613e-04
2.251520e-01	5.880125e-04
2.251776e-01	5.737636e-04
2.252032e-01	5.606171e-04
2.252288e-01	5.472862e-04
2.252544e-01	5.331940e-04
2.252800e-01	5.196146e-04
2.253056e-01	5.056280e-04
2.253312e-01	4.912102e-04
2.253568e-01	4.770425e-04
2.253824e-01	4.623533e-04
2.254080e-01	4.477599e-04
2.254336e-01	4.326578e-04
2.254592e-01	4.176229e-04
2.254848e-01	4.032285e-04
2.255104e-01	3.876007e-04
2.255360e-01	3.726714e-04
2.255616e-01	3.578631e-04
2.255872e-01	3.413787e-04
2.256128e-01	3.265096e-04
2.256384e-01	3.103567e-04
2.256640e-01	2.951024e-04
2.256896e-01	2.795385e-04
2.257152e-01	2.633164e-04
2.257408e-01	2.476986e-04
2.257664e-01	2.313978e-04
2.257920e-01	2.150647e-04
2.258176e-01	1.990367e-04
2.258432e-01	1.828198e-04
2.258688e-01	1.668109e-04
2.258944e-01	1.496131e-04
2.259200e-01	1.336601e-04
2.259456e-01	1.171249e-04
2.259712e-01	1.006601e-04
2.259968e-01	8.409167e-05
2.260224e-01	6.717033e-05
2.260480e-01	5.099053e-05
2.260736e-01	3.407924e-05
2.260992e-01	1.724730e-05
2.261248e-01	9.824212e-07
2.261504e-01	-1.590623e-05
2.261760e-01	-3.235711e-05
2.262016e-01	-4.930802e-05
2.262272e-01	-6.572001e-05
2.262528e-01	-8.261901e-05
2.262784e-01	-9.914469e-05
2.263040e-01	-1.160323e-04
2.263296e-01	-1.325144e-04
2.263552e-01	-1.484882e-04
2.263808e-01	-1.655183e-04
2.264064e-01	-1.821813e-04
2.264320e-01	-1.982745e-04
2.264576e-01	-2.153075e-04
2.264832e-01	-2.312563e-04
2.265088e-01	-2.480091e-04
2.265344e-01	-2.643990e-04
2.265600e-01	-2.805016e-04
2.265856e-01	-2.965849e-04
2.266112e-01	-3.127844e-04
2.266368e-01	-3.285817e-04
2.266624e-01	-3.445367e-04
2.266880e-01	-3.605369e-04
2.267136e-01	-3.762037e-04
2.267392e-01	-3.918049e-04
2.267648e-01	-4.074248e-04
2.267904e-01	-4.228585e-04
2.268160e-01	-4.382836e-04
2.268416e-01	-4.534347e-04
2.268672e-01	-4.689887e-04
2.268928e-01	-4.835814e-04
2.269184e-01	-4.983456e-04
2.269440e-01	-5.131658e-04
2.269696e-01	-5.283623e-04
2.269952e-01	-5.422196e-04
2.270208e-01	-5.567732e-04
2.270464e-01	-5.713332e-04
2.270720e-01	-5.850618e-04
2.270976e-01	-5.989681e-04
2.271232e-01	-6.125550e-04
2.271488e-01	-6.260837e-04
2.271744e-01	-6.401356e-04
2.272000e-01	-6.529979e-04
2.272256e-01	-6.661483e-04
2.272512e-01	-6.790627e-04
2.272768e-01	-6.917343e-04
2.273024e-01	-7.043472e-04
2.273280e-01	-7.166229e-04
2.273536e-01	-7.287473e-04
2.273792e-01	-7.407626e-04
2.274048e-01	-7.522536e-04
2.274304e-01	-7.641087e-04
2.274560e-01	-7.752653e-04
2.274816e-01	-7.867316e-04
2.275072e-01	-7.973892e-04
2.275328e-01	-8.082011e-04
2.275584e-01	-8.189115e-04
2.275840e-01	-8.293945e-04
2.276096e-01	-8.391843e-04
2.276352e-01	-8.488911e-04
2.276608e-01	-8.585787e-04
2.276864e-01	-8.678007e-04
2.277120e-01	-8.770801e-04
2.277376e-01	-8.860650e-04
2.277632e-01	-8.945605e-04
2.277888e-01	-9.033041e-04
2.278144e-01	-9.110183e-04
2.278400e-01	-9.194281e-04
2.278656e-01	-9.269362e-04
2.278912e-01	-9.346721e-04
2.279168e-01	-9.414188e-04
2.279424e-01	-9.482689e-04
2.279680e-01	-9.553138e-04
2.279936e-01	-9.612874e-04
2.280192e-01	-9.673557e-04
2.280448e-01	-9.733121e-04
2.280704e-01	-9.791254e-04
2.280960e-01	-9.841649e-04
2.281216e-01	-9.890305e-04
2.281472e-01	-9.944455e-04
2.281728e-01	-9.984066e-04
2.281984e-01	-1.002631e-03
2.282240e-01	-1.006470e-03
2.282496e-01	-1.010418e-03
2.282752e-01	-1.013772e-03
2.283008e-01	-1.017230e-03
2.283264e-01	-1.020144e-03
2.283520e-01	-1.022685e-03
2.283776e-01	-1.024870e-03
2.284032e-01	-1.027335e-03
2.284288e-01	-1.028483e-03
2.284544e-01	-1.029835e-03
2.284800e-01	-1.031097e-03
2.285056e-01	-1.031986e-03
2.285312e-01	-1.032685e-03
2.285568e-01	-1.033386e-03
2.285824e-01	-1.032985e-03
2.286080e-01	-1.032514e-03
2.286336e-01	-1.032235e-03
2.286592e-01	-1.031365e-03
2.286848e-01	-1.031215e-03
2.287104e-01	-1.029432e-03
2.287360e-01	-1.027554e-03
2.287616e-01	-1.026208e-03
2.287872e-01	-1.023554e-03
2.288128e-01	-1.021617e-03
2.288384e-01	-1.018156e-03
2.288640e-01	-1.015936e-03
2.288896e-01	-1.012487e-03
2.289152e-01	-1.008991e-03
2.289408e-01	-1.005069e-03
2.289664e-01	-1.001103e-03
2.289920e-01	-9.968058e-04
2.290176e-01	-9.920384e-04
2.290432e-01	-9.878288e-04
2.290688e-01	-9.822453e-04
2.290944e-01	-9.769227e-04
2.291200e-01	-9.717229e-04
2.291456e-01	-9.652477e-04
2.291712e-01	-9.595013e-04
2.291968e-01	-9.531001e-04
2.292224e-01	-9.463209e-04
2.292480e-01	-9.394506e-04
2.292736e-01	-9.321454e-04
2.292992e-01	-9.247659e-04
2.293248e-01	-9.175522e-04
2.293504e-01	-9.092734e-04
2.293760e-01	-9.014453e-04
2.294016e-01	-8.930701e-04
2.294272e-01	-8.848559e-04
2.294528e-01	-8.759760e-04
2.294784e-01	-8.669783e-04
2.295040e-01	-8.575274e-04
2.295296e-01	-8.484456e-04
2.295552e-01	-8.388176e-04
2.295808e-01	-8.286441e-04
2.296064e-01	-8.187920e-04
2.296320e-01	-8.086988e-04
2.296576e-01	-7.978737e-04
2.296832e-01	-7.872912e-04
2.297088e-01	-7.764709e-04
2.297344e-01	-7.655883e-04
2.297600e-01	-7.542208e-04
2.297856e-01	-7.425880e-04
2.298112e-01	-7.309729e-04
2.298368e-01	-7.194893e-04
2.298624e-01	-7.072012e-04
2.298880e-01	-6.954866e-04
2.299136e-01	-6.828561e-04
2.299392e-01	-6.701607e-04
2.299648e-01	-6.576572e-04
2.299904e-01	-6.450305e-04
2.300160e-01	-6.318104e-04
2.300416e-01	-6.187920e-04
2.300672e-01	-6.050392e-04
2.300928e-01	-5.919100e-04
2.301184e-01	-5.781783e-04
2.301440e-01	-5.642570e-04
2.301696e-01	-5.508155e-04
2.301952e-01	-5.365891e-04
2.302208e-01	-5.226310e-04
2.302464e-01	-5.084429e-04
2.302720e-01	-4.935905e-04
2.302976e-01	-4.795173e-04
2.303232e-01	-4.647632e-04
2.303488e-01	-4.501827e-04
2.303744e-01	-4.348918e-04
2.304000e-01	-4.197654e-04
2.304256e-01	-4.046831e-04
2.304512e-01	-3.899937e-04
2.304768e-01	-3.746646e-04
2.305024e-01	-3.592318e-04
2.305280e-01	-3.440369e-04
2.305536e-01	-3.288282e-04
2.305792e-01	-3.126152e-04
2.306048e-01	-2.973540e-04
2.306304e-01	-2.814216e-04
2.306560e-01	-2.653416e-04
2.306816e-01	-2.504101e-04
2.307072e-01	-2.341246e-04
2.307328e-01	-2.180492e-04
2.307584e-01	-2.025757e-04
2.307840e-01	-1.863925e-04
2.308096e-01	-1.705721e-04
2.308352e-01	-1.538726e-04
2.308608e-01	-1.379420e-04
2.308864e-01	-1.221666e-04
2.309120e-01	-1.056195e-04
2.309376e-01	-8.913740e-05
2.309632e-01	-7.335474e-05
2.309888e-01	-5.647104e-05
2.310144e-01	-4.116694e-05
2.310400e-01	-2.422072e-05
2.310656e-01	-8.051779e-06
2.310912e-01	7.591256e-06
2.311168e-01	2.435369e-05
2.311424e-01	4.002548e-05
2.311680e-01	5.619568e-05
2.311936e-01	7.228326e-05
2.312192e-01	8.863874e-05
2.312448e-01	1.046063e-04
2.312704e-01	1.206502e-04
2.312960e-01	1.369824e-04
2.313216e-01	1.520572e-04
2.313472e-01	1.687767e-04
2.313728e-01	1.846645e-04
2.313984e-01	2.002308e-04
2.314240e-01	2.157726e-04
2.314496e-01	2.314878e-04
2.314752e-01	2.470539e-04
2.315008e-01	2.628957e-04
2.315264e-01	2.782400e-04
2.315520e-01	2.936379e-04
2.315776e-01	3.091306e-04
2.316032e-01	3.243225e-04
2.316288e-01	3.393579e-04
2.316544e-01	3.548028e-04
2.316800e-01	3.691901e-04
2.317056e-01	3.841133e-04
2.317312e-01	3.989591e-04
2.317568e-01	4.137705e-04
2.317824e-01	4.282893e-04
2.318080e-01	4.428102e-04
2.318336e-01	4.571227e-04
2.318592e-01	4.710500e-04
2.318848e-01	4.852148e-04
2.319104e-01	4.993129e-04
2.319360e-01	5.128913e-04
2.319616e-01	5.267275e-04
2.319872e-01	5.405078e-04
2.320128e-01	5.537071e-04
2.320384e-01	5.664965e-04
2.320640e-01	5.800424e-04
2.320896e-01	5.928559e-04
2.321152e-01	6.056780e-04
2.321408e-01	6.182443e-04
2.321664e-01	6.313015e-04
2.321920e-01	6.431957e-04
2.322176e-01	6.558714e-04
2.322432e-01	6.676161e-04
2.322688e-01	6.792286e-04
2.322944e-01	6.910267e-04
2.323200e-01	7.025564e-04
2.323456e-01	7.140283e-04
2.323712e-01	7.249147e-04
2.323968e-01	7.359974e-04
2.324224e-01	7.468883e-04
2.324480e-01	7.571040e-04
2.324736e-01	7.678625e-04
2.324992e-01	7.781744e-04
2.325248e-01	7.879067e-04
2.325504e-01	7.979418e-04
2.325760e-01	8.080098e-04
2.326016e-01	8.164112e-04
2.326272e-01	8.259164e-04
2.326528e-01	8.349625e-04
2.326784e-01	8.435575e-04
2.327040e-01	8.523002e-04
2.327296e-01	8.604754e-04
2.327552e-01	8.686086e-04
2.327808e-01	8.767833e-04
2.328064e-01	8.843492e-04
2.328320e-01	8.916114e-04
2.328576e-01	8.990319e-04
2.328832e-01	9.062822e-04
2.329088e-01	9.124569e-04
2.329344e-01	9.197316e-04
2.329600e-01	9.253708e-04
2.329856e-01	9.317537e-04
2.330112e-01	9.378790e-04
2.330368e-01	9.430848e-04
2.330624e-01	9.485266e-04
2.330880e-01	9.542144e-04
2.331136e-01	9.584652e-04
2.331392e-01	9.630792e-04
2.331648e-01	9.678063e-04
2.331904e-01	9.718817e-04
2.332160e-01	9.758188e-04
2.332416e-01	9.793888e-04
2.332672e-01	9.832035e-04
2.332928e-01	9.860742e-04
2.333184e-01	9.892399e-04
2.333440e-01	9.923148e-04
2.333696e-01	9.943177e-04
2.333952e-01	9.968573e-04
2.334208e-01	9.986362e-04
2.334464e-01	1.000856e-03
2.334720e-01	1.001675e-03
2.334976e-01	1.003069e-03
2.335232e-01	1.004425e-03
2.335488e-01	1.005038e-03
2.335744e-01	1.005820e-03
2.336000e-01	1.006247e-03
2.336256e-01	1.005819e-03
2.336512e-01	1.005576e-03
2.336768e-01	1.005105e-03
2.337024e-01	1.004485e-03
2.337280e-01	1.003287e-03
2.337536e-01	1.002723e-03
2.337792e-01	1.000962e-03
2.338048e-01	9.990475e-04
2.338304e-01	9.971234e-04
2.338560e-01	9.952364e-04
2.338816e-01	9.922092e-04
2.339072e-01	9.896844e-04
2.339328e-01	9.871747e-04
2.339584e-01	9.837701e-04
2.339840e-01	9.802413e-04
2.340096e-01	9.764740e-04
2.340352e-01	9.729252e-04
2.340608e-01	9.687272e-04
2.340864e-01	9.638068e-04
2.341120e-01	9.598489e-04
2.341376e-01	9.544818e-04
2.341632e-01	9.492886e-04
2.341888e-01	9.441729e-04
2.342144e-01	9.384458e-04
2.342400e-01	9.322650e-04
2.342656e-01	9.264715e-04
2.342912e-01	9.202849e-04
2.343168e-01	9.135948e-04
2.343424e-01	9.063780e-04
2.343680e-01	8.995592e-04
2.343936e-01	8.924845e-04
2.344192e-01	8.848734e-04
2.344448e-01	8.768694e-04
2.344704e-01	8.694731e-04
2.344960e-01	8.610094e-04
2.345216e-01	8.524499e-04
2.345472e-01	8.442639e-04
2.345728e-01	8.352737e-04
2.345984e-01	8.259168e-04
2.346240e-01	8.171781e-04
2.346496e-01	8.074121e-04
2.346752e-01	7.975633e-04
2.347008e-01	7.875736e-04
2.347264e-01	7.772720e-04
2.347520e-01	7.670080e-04
2.347776e-01	7.568243e-04
2.348032e-01	7.454591e-04
2.348288e-01	7.346166e-04
2.348544e-01	7.235661e-04
2.348800e-01	7.123312e-04
2.349056e-01	7.007482e-04
2.349312e-01	6.890363e-04
2.349568e-01	6.769519e-04
2.349824e-01	6.651738e-04
2.350080e-01	6.527136e-04
2.350336e-01	6.404354e-04
2.350592e-01	6.277449e-04
2.350848e-01	6.149334e-04
2.351104e-01	6.017635e-04
2.351360e-01	5.886999e-04
2.351616e-01	5.754618e-04
2.351872e-01	5.621280e-04
2.352128e-01	5.484017e-04
2.352384e-01	5.344031e-04
2.352640e-01	5.206200e-04
2.352896e-01	5.068724e-04
2.353152e-01	4.921281e-04
2.353408e-01	4.779010e-04
2.353664e-01	4.638208e-04
2.353920e-01	4.492307e-04
2.354176e-01	4.343836e-04
2.354432e-01	4.195993e-04
2.354688e-01	4.042790e-04
2.354944e-01	3.895775e-04
2.355200e-01	3.743842e-04
2.355456e-01	3.589029e-04
2.355712e-01	3.432548e-04
2.355968e-01	3.280070e-04
2.356224e-01	3.121483e-04
2.356480e-01	2.966546e-04
2.356736e-01	2.806902e-04
2.356992e-01	2.651082e-04
2.357248e-01	2.488428e-04
2.357504e-01	2.327511e-04
2.357760e-01	2.171257e-04
2.358016e-01	2.007943e-04
2.358272e-01	1.844540e-04
2.358528e-01	1.681449e-04
2.358784e-01	1.518029e-04
2.359040e-01	1.355555e-04
2.359296e-01	1.186915e-04
2.359552e-01	1.027017e-04
2.359808e-01	8.595875e-05
2.360064e-01	6.928723e-05
2.360320e-01	5.256335e-05
2.360576e-01	3.601066e-05
2.360832e-01	1.929568e-05
2.361088e-01	2.705800e-06
2.361344e-01	-1.389105e-05
2.361600e-01	-3.053988e-05
2.361856e-01	-4.755806e-05
2.362112e-01	-6.426759e-05
2.362368e-01	-8.099201e-05
2.362624e-01	-9.739469e-05
2.362880e-01	-1.139257e-04
2.363136e-01	-1.307297e-04
2.363392e-01	-1.470492e-04
2.363648e-01	-1.637480e-04
2.363904e-01	-1.805703e-04
2.364160e-01	-1.966239e-04
2.364416e-01	-2.134441e-04
2.364672e-01	-2.294414e-04
2.364928e-01	-2.462245e-04
2.365184e-01	-2.624001e-04
2.365440e-01	-2.789308e-04
2.365696e-01	-2.948574e-04
2.365952e-01	-3.108784e-04
2.366208e-01	-3.270207e-04
2.366464e-01	-3.430441e-04
2.366720e-01	-3.587379e-04
2.366976e-01	-3.746486e-04
2.367232e-01	-3.906739e-04
2.367488e-01	-4.061350e-04
2.367744e-01	-4.212720e-04
2.368000e-01	-4.366963e-04
2.368256e-01	-4.517157e-04
2.368512e-01	-4.671159e-04
2.368768e-01	-4.820270e-04
2.369024e-01	-4.969020e-04
2.369280e-01	-5.118972e-04
2.369536e-01	-5.265049e-04
2.369792e-01	-5.408728e-04
2.370048e-01	-5.555356e-04
2.370304e-01	-5.695603e-04
2.370560e-01	-5.836863e-04
2.370816e-01	-5.975118e-04
2.371072e-01	-6.115208e-04
2.371328e-01	-6.247531e-04
2.371584e-01	-6.382132e-04
2.371840e-01	-6.520020e-04
2.372096e-01	-6.650619e-04
2.372352e-01	-6.776078e-04
2.372608e-01	-6.904491e-04
2.372864e-01	-7.029999e-04
2.373120e-01	-7.155241e-04
2.373376e-01	-7.270501e-04
2.373632e-01	-7.396964e-04
2.373888e-01	-7.513441e-04
2.374144e-01	-7.626700e-04
2.374400e-01	-7.744301e-04
2.374656e-01	-7.853134e-04
2.374912e-01	-7.963881e-04
2.375168e-01	-8.075545e-04
2.375424e-01	-8.177689e-04
2.375680e-01	-8.284640e-04
2.375936e-01	-8.381106e-04
2.376192e-01	-8.481980e-04
2.376448e-01	-8.579260e-04
2.376704e-01	-8.671991e-04
2.376960e-01	-8.764175e-04
2.377216e-01	-8.854049e-04
2.377472e-01	-8.938037e-04
2.377728e-01	-9.025032e-04
2.377984e-01	-9.106973e-04
2.378240e-01	-9.184730e-04
2.378496e-01	-9.263257e-04
2.378752e-01	-9.338280e-04
2.379008e-01	-9.406224e-04
2.379264e-01	-9.477070e-04
2.379520e-01	-9.546579e-04
2.379776e-01	-9.609949e-04
2.380032e-01	-9.669056e-04
2.380288e-01	-9.731540e-04
2.380544e-01	-9.779618e-04
2.380800e-01	-9.839867e-04
2.381056e-01	-9.894199e-04
2.381312e-01	-9.932105e-04
2.381568e-01	-9.981347e-04
2.381824e-01	-1.002553e-03
2.382080e-01	-1.006347e-03
2.382336e-01	-1.010200e-03
2.382592e-01	-1.013207e-03
2.382848e-01	-1.017151e-03
2.383104e-01	-1.019464e-03
2.383360e-01	-1.022601e-03
2.383616e-01	-1.024702e-03
2.383872e-01	-1.026597e-03
2.384128e-01	-1.028680e-03
2.384384e-01	-1.029771e-03
2.384640e-01	-1.030799e-03
2.384896e-01	-1.031927e-03
2.385152e-01	-1.033035e-03
2.385408e-01	-1.032897e-03
2.385664e-01	-1.033023e-03
2.385920e-01	-1.033488e-03
2.386176e-01	-1.032460e-03
2.386432e-01	-1.031751e-03
2.386688e-01	-1.030487e-03
2.386944e-01	-1.029406e-03
2.387200e-01	-1.027964e-03
2.387456e-01	-1.025997e-03
2.387712e-01	-1.023478e-03
2.387968e-01	-1.021340e-03
2.388224e-01	-1.018838e-03
2.388480e-01	-1.015910e-03
2.388736e-01	-1.012299e-03
2.388992e-01	-1.009183e-03
2.389248e-01	-1.005321e-03
2.389504e-01	-1.001341e-03
2.389760e-01	-9.969405e-04
2.390016e-01	-9.925751e-04
2.390272e-01	-9.876945e-04
2.390528e-01	-9.827646e-04
2.390784e-01	-9.776069e-04
2.391040e-01	-9.720845e-04
2.391296e-01	-9.659493e-04
2.391552e-01	-9.597359e-04
2.391808e-01	-9.535298e-04
2.392064e-01	-9.473266e-04
2.392320e-01	-9.400298e-04
2.392576e-01	-9.332282e-04
2.392832e-01	-9.259927e-04
2.393088e-01	-9.178349e-04
2.393344e-01	-9.104093e-04
2.393600e-01	-9.026548e-04
2.393856e-01	-8.938269e-04
2.394112e-01	-8.855583e-04
2.394368e-01	-8.767054e-04
2.394624e-01	-8.678269e-04
2.394880e-01	-8.586781e-04
2.395136e-01	-8.494118e-04
2.395392e-01	-8.398279e-04
2.395648e-01	-8.301272e-04
2.395904e-01	-8.195958e-04
2.396160e-01	-8.093348e-04
2.396416e-01	-7.988621e-04
2.396672e-01	-7.884016e-04
2.396928e-01	-7.776000e-04
2.397184e-01	-7.669554e-04
2.397440e-01	-7.553564e-04
2.397696e-01	-7.440927e-04
2.397952e-01	-7.323204e-04
2.398208e-01	-7.202055e-04
2.398464e-01	-7.085374e-04
2.398720e-01	-6.963401e-04
2.398976e-01	-6.835564e-04
2.399232e-01	-6.717785e-04
2.399488e-01	-6.588942e-04
2.399744e-01	-6.461891e-04
2.400000e-01	-6.333999e-04
2.400256e-01	-6.197635e-04
2.400512e-01	-6.066737e-04
2.400768e-01	-5.934956e-04
2.401024e-01	-5.796904e-04
2.401280e-01	-5.661576e-04
2.401536e-01	-5.521129e-04
2.401792e-01	-5.381571e-04
2.402048e-01	-5.238676e-04
2.402304e-01	-5.097947e-04
2.402560e-01	-4.950929e-04
2.402816e-01	-4.803220e-04
2.403072e-01	-4.662290e-04
2.403328e-01	-4.515796e-04
2.403584e-01	-4.364039e-04
2.403840e-01	-4.217408e-04
2.404096e-01	-4.063967e-04
2.404352e-01	-3.914912e-04
2.404608e-01	-3.756571e-04
2.404864e-01	-3.605167e-04
2.405120e-01	-3.456950e-04
2.405376e-01	-3.298957e-04
2.405632e-01	-3.142948e-04
2.405888e-01	-2.990669e-04
2.406144e-01	-2.827587e-04
2.406400e-01	-2.672521e-04
2.406656e-01	-2.515842e-04
2.406912e-01	-2.359294e-04
2.407168e-01	-2.194883e-04
2.407424e-01	-2.036035e-04
2.407680e-01	-1.878860e-04
2.407936e-01	-1.714792e-04
2.408192e-01	-1.555025e-04
2.408448e-01	-1.394517e-04
2.408704e-01	-1.231738e-04
2.408960e-01	-1.073979e-04
2.409216e-01	-9.091233e-05
2.409472e-01	-7.462193e-05
2.409728e-01	-5.835834e-05
2.409984e-01	-4.266269e-05
2.410240e-01	-2.640200e-05
2.410496e-01	-9.855963e-06
2.410752e-01	6.203559e-06
2.411008e-01	2.212828e-05
2.411264e-01	3.873794e-05
2.411520e-01	5.465714e-05
2.411776e-01	7.108641e-05
2.412032e-01	8.707150e-05
2.412288e-01	1.034018e-04
2.412544e-01	1.190108e-04
2.412800e-01	1.349665e-04
2.413056e-01	1.511165e-04
2.413312e-01	1.669139e-04
2.413568e-01	1.831663e-04
2.413824e-01	1.986995e-04
2.414080e-01	2.139273e-04
2.414336e-01	2.302869e-04
2.414592e-01	2.459220e-04
2.414848e-01	2.608798e-04
2.415104e-01	2.767237e-04
2.415360e-01	2.923191e-04
2.415616e-01	3.072075e-04
2.415872e-01	3.227839e-04
2.416128e-01	3.377495e-04
2.416384e-01	3.530024e-04
2.416640e-01	3.677783e-04
2.416896e-01	3.827313e-04
2.417152e-01	3.972470e-04
2.417408e-01	4.124275e-04
2.417664e-01	4.268378e-04
2.417920e-01	4.412066e-04
2.418176e-01	4.553026e-04
2.418432e-01	4.695012e-04
2.418688e-01	4.839769e-04
2.418944e-01	4.979586e-04
2.419200e-01	5.117725e-04
2.419456e-01	5.255996e-04
2.419712e-01	5.389635e-04
2.419968e-01	5.524223e-04
2.420224e-01	5.656183e-04
2.420480e-01	5.788714e-04
2.420736e-01	5.918409e-04
2.420992e-01	6.046238e-04
2.421248e-01	6.170218e-04
2.421504e-01	6.299759e-04
2.421760e-01	6.421753e-04
2.422016e-01	6.545456e-04
2.422272e-01	6.662210e-04
2.422528e-01	6.781168e-04
2.422784e-01	6.899115e-04
2.423040e-01	7.011057e-04
2.423296e-01	7.125050e-04
2.423552e-01	7.241124e-04
2.423808e-01	7.347489e-04
2.424064e-01	7.457879e-04
2.424320e-01	7.564789e-04
2.424576e-01	7.670323e-04
2.424832e-01	7.770811e-04
2.425088e-01	7.870473e-04
2.425344e-01	7.965169e-04
2.425600e-01	8.059996e-04
2.425856e-01	8.158039e-04
2.426112e-01	8.248053e-04
2.426368e-01	8.337672e-04
2.426624e-01	8.427206e-04
2.426880e-01	8.510461e-04
2.427136e-01	8.596866e-04
2.427392e-01	8.675597e-04
2.427648e-01	8.760227e-04
2.427904e-01	8.831318e-04
2.428160e-01	8.909140e-04
2.428416e-01	8.982707e-04
2.428672e-01	9.052113e-04
2.428928e-01	9.123203e-04
2.429184e-01	9.184956e-04
2.429440e-01	9.247983e-04
2.429696e-01	9.314398e-04
2.429952e-01	9.369490e-04
2.430208e-01	9.430842e-04
2.430464e-01	9.483054e-04
2.430720e-01	9.531919e-04
2.430976e-01	9.585063e-04
2.431232e-01	9.628261e-04
2.431488e-01	9.671695e-04
2.431744e-01	9.717595e-04
2.432000e-01	9.755606e-04
2.432256e-01	9.793127e-04
2.432512e-01	9.826816e-04
2.432768e-01	9.861945e-04
2.433024e-01	9.889440e-04
2.433280e-01	9.920320e-04
2.433536e-01	9.940173e-04
2.433792e-01	9.965453e-04
2.434048e-01	9.987175e-04
2.434304e-01	1.000202e-03
2.434560e-01	1.001964e-03
2.434816e-01	1.003340e-03
2.435072e-01	1.004133e-03
2.435328e-01	1.004932e-03
2.435584e-01	1.005507e-03
2.435840e-01	1.005207e-03
2.436096e-01	1.005445e-03
2.436352e-01	1.006301e-03
2.436608e-01	1.004688e-03
2.436864e-01	1.004120e-03
2.437120e-01	1.003178e-03
2.437376e-01	1.002246e-03
2.437632e-01	1.001155e-03
2.437888e-01	9.992134e-04
2.438144e-01	9.971359e-04
2.438400e-01	9.951991e-04
2.438656e-01	9.925246e-04
2.438912e-01	9.897571e-04
2.439168e-01	9.870878e-04
2.439424e-01	9.838545e-04
2.439680e-01	9.804824e-04
2.439936e-01	9.770254e-04
2.440192e-01	9.730799e-04
2.440448e-01	9.688784e-04
2.440704e-01	9.642448e-04
2.440960e-01	9.600112e-04
2.441216e-01	9.549905e-04
2.441472e-01	9.500126e-04
2.441728e-01	9.446272e-04
2.441984e-01	9.392045e-04
2.442240e-01	9.328742e-04
2.442496e-01	9.271368e-04
2.442752e-01	9.207010e-04
2.443008e-01	9.139295e-04
2.443264e-01	9.070396e-04
2.443520e-01	9.000407e-04
2.443776e-01	8.928190e-04
2.444032e-01	8.854459e-04
2.444288e-01	8.777677e-04
2.444544e-01	8.700682e-04
2.444800e-01	8.616475e-04
2.445056e-01	8.531388e-04
2.445312e-01	8.445235e-04
2.445568e-01	8.357698e-04
2.445824e-01	8.267650e-04
2.446080e-01	8.175400e-04
2.446336e-01	8.076959e-04
2.446592e-01	7.982533e-04
2.446848e-01	7.885523e-04
2.447104e-01	7.785760e-04
2.447360e-01	7.677599e-04
2.447616e-01	7.571319e-04
2.447872e-01	7.466830e-04
2.448128e-01	7.362943e-04
2.448384e-01	7.245291e-04
2.448640e-01	7.136312e-04
2.448896e-01	7.021200e-04
2.449152e-01	6.900194e-04
2.449408e-01	6.781382e-04
2.449664e-01	6.661132e-04
2.449920e-01	6.537401e-04
2.450176e-01	6.412191e-04
2.450432e-01	6.288489e-04
2.450688e-01	6.160609e-04
2.450944e-01	6.029975e-04
2.451200e-01	5.901008e-04
2.451456e-01	5.766724e-04
2.451712e-01	5.632945e-04
2.451968e-01	5.497209e-04
2.452224e-01	5.361818e-04
2.452480e-01	5.221501e-04
2.452736e-01	5.081305e-04
2.452992e-01	4.937373e-04
2.453248e-01	4.797828e-04
2.453504e-01	4.648327e-04
2.453760e-01	4.502923e-04
2.454016e-01	4.355125e-04
2.454272e-01	4.211555e-04
2.454528e-01	4.059144e-04
2.454784e-01	3.908076e-04
2.455040e-01	3.756852e-04
2.455296e-01	3.600866e-04
2.455552e-01	3.448022e-04
2.455808e-01	3.293692e-04
2.456064e-01	3.136151e-04
2.456320e-01	2.979528e-04
2.456576e-01	2.823656e-04
2.456832e-01	2.666788e-04
2.457088e-01	2.507283e-04
2.457344e-01	2.345323e-04
2.457600e-01	2.182572e-04
2.457856e-01	2.024723e-04
2.458112e-01	1.858445e-04
2.458368e-01	1.701592e-04
2.458624e-01	1.531746e-04
2.458880e-01	1.369830e-04
2.459136e-01	1.207067e-04
2.459392e-01	1.039109e-04
2.459648e-01	8.724850e-05
2.459904e-01	7.061613e-05
2.460160e-01	5.412315e-05
2.460416e-01	3.728511e-05
2.460672e-01	2.091542e-05
2.460928e-01	4.316953e-06
2.461184e-01	-1.278424e-05
2.461440e-01	-2.899641e-05
2.461696e-01	-4.589549e-05
2.461952e-01	-6.242061e-05
2.462208e-01	-7.928995e-05
2.462464e-01	-9.585568e-05
2.462720e-01	-1.125370e-04
2.462976e-01	-1.293099e-04
2.463232e-01	-1.457720e-04
2.463488e-01	-1.623604e-04
2.463744e-01	-1.788352e-04
2.464000e-01	-1.952297e-04
2.464256e-01	-2.119099e-04
2.464512e-01	-2.279967e-04
2.464768e-01	-2.448535e-04
2.465024e-01	-2.609244e-04
2.465280e-01	-2.771844e-04
2.465536e-01	-2.933779e-04
2.465792e-01	-3.094398e-04
2.466048e-01	-3.253535e-04
2.466304e-01	-3.413558e-04
2.466560e-01	-3.571622e-04
2.466816e-01	-3.732149e-04
2.467072e-01	-3.887400e-04
2.467328e-01	-4.040910e-04
2.467584e-01	-4.196545e-04
2.467840e-01	-4.357587e-04
2.468096e-01	-4.503053e-04
2.468352e-01	-4.654372e-04
2.468608e-01	-4.808154e-04
2.468864e-01	-4.955746e-04
2.469120e-01	-5.101052e-04
2.469376e-01	-5.248611e-04
2.469632e-01	-5.396671e-04
2.469888e-01	-5.538648e-04
2.470144e-01	-5.680202e-04
2.470400e-01	-5.825280e-04
2.470656e-01	-5.963101e-04
2.470912e-01	-6.099367e-04
2.471168e-01	-6.230909e-04
2.471424e-01	-6.370161e-04
2.471680e-01	-6.502512e-04
2.471936e-01	-6.632123e-04
2.472192e-01	-6.765524e-04
2.472448e-01	-6.893398e-04
2.472704e-01	-7.016791e-04
2.472960e-01	-7.142775e-04
2.473216e-01	-7.260460e-04
2.473472e-01	-7.382494e-04
2.473728e-01	-7.499940e-04
2.473984e-01	-7.618947e-04
2.474240e-01	-7.728543e-04
2.474496e-01	-7.846077e-04
2.474752e-01	-7.954009e-04
2.475008e-01	-8.061252e-04
2.475264e-01	-8.168641e-04
2.475520e-01	-8.268097e-04
2.475776e-01	-8.374971e-04
2.476032e-01	-8.468428e-04
2.476288e-01	-8.564132e-04
2.476544e-01	-8.661547e-04
2.476800e-01	-8.751581e-04
2.477056e-01	-8.842267e-04
2.477312e-01	-8.925943e-04
2.477568e-01	-9.010627e-04
2.477824e-01	-9.094128e-04
2.478080e-01	-9.180331e-04
2.478336e-01	-9.250619e-04
2.478592e-01	-9.327977e-04
2.478848e-01	-9.404254e-04
2.479104e-01	-9.469295e-04
2.479360e-01	-9.533410e-04
2.479616e-01	-9.600199e-04
2.479872e-01	-9.660316e-04
2.480128e-01	-9.724636e-04
2.480384e-01	-9.774339e-04
2.480640e-01	-9.830561e-04
2.480896e-01	-9.881805e-04
2.481152e-01	-9.927748e-04
2.481408e-01	-9.976563e-04
2.481664e-01	-1.001732e-03
2.481920e-01	-1.006018e-03
2.482176e-01	-1.009711e-03
2.482432e-01	-1.012909e-03
2.482688e-01	-1.016253e-03
2.482944e-01	-1.018888e-03
2.483200e-01	-1.021833e-03
2.483456e-01	-1.023742e-03
2.483712e-01	-1.026104e-03
2.483968e-01	-1.027993e-03
2.484224e-01	-1.029488e-03
2.484480e-01	-1.030314e-03
2.484736e-01	-1.031559e-03
2.484992e-01	-1.032631e-03
2.485248e-01	-1.032828e-03
2.485504e-01	-1.033213e-03
2.485760e-01	-1.032974e-03
2.486016e-01	-1.032169e-03
2.486272e-01	-1.031731e-03
2.486528e-01	-1.030410e-03
2.486784e-01	-1.029726e-03
2.487040e-01	-1.028000e-03
2.487296e-01	-1.026060e-03
2.487552e-01	-1.024085e-03
2.487808e-01	-1.021458e-03
2.488064e-01	-1.018857e-03
2.488320e-01	-1.016153e-03
2.488576e-01	-1.012805e-03
2.488832e-01	-1.009345e-03
2.489088e-01	-1.005688e-03
2.489344e-01	-1.002177e-03
2.489600e-01	-9.971410e-04
2.489856e-01	-9.932232e-04
2.490112e-01	-9.882882e-04
2.490368e-01	-9.827260e-04
2.490624e-01	-9.778042e-04
2.490880e-01	-9.722762e-04
2.491136e-01	-9.660848e-04
2.491392e-01	-9.603451e-04
2.491648e-01	-9.543242e-04
2.491904e-01	-9.477227e-04
2.492160e-01	-9.405778e-04
2.492416e-01	-9.333462e-04
2.492672e-01	-9.264158e-04
2.492928e-01	-9.192465e-04
2.493184e-01	-9.108029e-04
2.493440e-01	-9.028519e-04
2.493696e-01	-8.949027e-04
2.493952e-01	-8.862663e-04
2.494208e-01	-8.776362e-04
2.494464e-01	-8.687846e-04
2.494720e-01	-8.592453e-04
2.494976e-01	-8.501339e-04
2.495232e-01	-8.407323e-04
2.495488e-01	-8.312035e-04
2.495744e-01	-8.208330e-04
2.496000e-01	-8.108502e-04
2.496256e-01	-8.000923e-04
2.496512e-01	-7.898978e-04
2.496768e-01	-7.786162e-04
2.497024e-01	-7.676580e-04
2.497280e-01	-7.566721e-04
2.497536e-01	-7.449751e-04
2.497792e-01	-7.335554e-04
2.498048e-01	-7.218785e-04
2.498304e-01	-7.097532e-04
2.498560e-01	-6.978502e-04
2.498816e-01	-6.852602e-04
2.499072e-01	-6.728199e-04
2.499328e-01	-6.601635e-04
2.499584e-01	-6.473253e-04
2.499840e-01	-6.345023e-04
2.500096e-01	-6.212119e-04
2.500352e-01	-6.083992e-04
2.500608e-01	-5.949609e-04
2.500864e-01	-5.807759e-04
2.501120e-01	-5.674828e-04
2.501376e-01	-5.532957e-04
2.501632e-01	-5.395670e-04
2.501888e-01	-5.252656e-04
2.502144e-01	-5.109444e-04
2.502400e-01	-4.964342e-04
2.502656e-01	-4.822231e-04
2.502912e-01	-4.675251e-04
2.503168e-01	-4.528827e-04
2.503424e-01	-4.378968e-04
2.503680e-01	-4.228746e-04
2.503936e-01	-4.082316e-04
2.504192e-01	-3.934563e-04
2.504448e-01	-3.775886e-04
2.504704e-01	-3.622291e-04
2.504960e-01	-3.467822e-04
2.505216e-01	-3.315446e-04
2.505472e-01	-3.159762e-04
2.505728e-01	-3.004370e-04
2.505984e-01	-2.844844e-04
2.506240e-01	-2.686328e-04
2.506496e-01	-2.531956e-04
2.506752e-01	-2.371893e-04
2.507008e-01	-2.213390e-04
2.507264e-01	-2.055902e-04
2.507520e-01	-1.887276e-04
2.507776e-01	-1.733232e-04
2.508032e-01	-1.571507e-04
2.508288e-01	-1.408064e-04
2.508544e-01	-1.249809e-04
2.508800e-01	-1.086037e-04
2.509056e-01	-9.262617e-05
2.509312e-01	-7.642956e-05
2.509568e-01	-6.011203e-05
2.509824e-01	-4.408040e-05
2.510080e-01	-2.746559e-05
2.510336e-01	-1.186677e-05
2.510592e-01	4.651632e-06
2.510848e-01	2.055448e-05
2.511104e-01	3.669604e-05
2.511360e-01	5.317901e-05
2.511616e-01	6.965723e-05
2.511872e-01	8.542508e-05
2.512128e-01	1.015291e-04
2.512384e-01	1.175411e-04
2.512640e-01	1.337737e-04
2.512896e-01	1.496523e-04
2.513152e-01	1.652495e-04
2.513408e-01	1.813459e-04
2.513664e-01	1.970719e-04
2.513920e-01	2.128437e-04
2.514176e-01	2.284773e-04
2.514432e-01	2.441573e-04
2.514688e-01	2.597840e-04
2.514944e-01	2.747875e-04
2.515200e-01	2.910419e-04
2.515456e-01	3.054600e-04
2.515712e-01	3.213767e-04
2.515968e-01	3.364711e-04
2.516224e-01	3.507715e-04
2.516480e-01	3.666857e-04
2.516736e-01	3.812102e-04
2.516992e-01	3.957825e-04
2.517248e-01	4.109360e-04
2.517504e-01	4.251192e-04
2.517760e-01	4.400060e-04
2.518016e-01	4.543498e-04
2.518272e-01	4.682341e-04
2.518528e-01	4.822303e-04
2.518784e-01	4.961068e-04
2.519040e-01	5.099994e-04
2.519296e-01	5.239090e-04
2.519552e-01	5.371179e-04
2.519808e-01	5.510563e-04
2.520064e-01	5.639844e-04
2.520320e-01	5.773468e-04
2.520576e-01	5.902830e-04
2.520832e-01	6.032680e-04
2.521088e-01	6.160507e-04
2.521344e-01	6.281325e-04
2.521600e-01	6.406417e-04
2.521856e-01	6.528855e-04
2.522112e-01	6.648390e-04
2.522368e-01	6.769247e-04
2.522624e-01	6.884538e-04
2.522880e-01	7.004355e-04
2.523136e-01	7.117640e-04
2.523392e-01	7.227525e-04
2.523648e-01	7.331452e-04
2.523904e-01	7.443088e-04
2.524160e-01	7.548191e-04
2.524416e-01	7.655442e-04
2.524672e-01	7.755313e-04
2.524928e-01	7.855921e-04
2.525184e-01	7.957797e-04
2.525440e-01	8.050856e-04
2.525696e-01	8.145660e-04
2.525952e-01	8.237663e-04
2.526208e-01	8.324820e-04
2.526464e-01	8.416572e-04
2.526720e-01	8.505952e-04
2.526976e-01	8.587787e-04
2.527232e-01	8.665153e-04
2.527488e-01	8.751605e-04
2.527744e-01	8.825337e-04
2.528000e-01	8.902490e-04
2.528256e-01	8.972670e-04
2.528512e-01	9.043460e-04
2.528768e-01	9.115995e-04
2.529024e-01	9.174827e-04
2.529280e-01	9.247799e-04
2.529536e-01	9.306011e-04
2.529792e-01	9.359493e-04
2.530048e-01	9.425489e-04
2.530304e-01	9.473161e-04
2.530560e-01	9.528912e-04
2.530816e-01	9.574210e-04
2.531072e-01	9.628694e-04
2.531328e-01	9.665171e-04
2.531584e-01	9.711505e-04
2.531840e-01	9.749849e-04
2.532096e-01	9.784185e-04
2.532352e-01	9.826036e-04
2.532608e-01	9.853748e-04
2.532864e-01	9.890164e-04
2.533120e-01	9.914173e-04
2.533376e-01	9.939529e-04
2.533632e-01	9.965156e-04
2.533888e-01	9.983963e-04
2.534144e-01	1.000284e-03
2.534400e-01	1.001744e-03
2.534656e-01	1.003125e-03
2.534912e-01	1.004052e-03
2.535168e-01	1.005012e-03
2.535424e-01	1.005350e-03
2.535680e-01	1.006255e-03
2.535936e-01	1.005786e-03
2.536192e-01	1.006077e-03
2.536448e-01	1.005167e-03
2.536704e-01	1.004823e-03
2.536960e-01	1.003799e-03
2.537216e-01	1.002212e-03
2.537472e-01	1.001210e-03
2.537728e-01	9.994202e-04
2.537984e-01	9.978760e-04
2.538240e-01	9.956202e-04
2.538496e-01	9.928073e-04
2.538752e-01	9.906599e-04
2.539008e-01	9.876187e-04
2.539264e-01	9.843028e-04
2.539520e-01	9.812263e-04
2.539776e-01	9.779028e-04
2.540032e-01	9.735718e-04
2.540288e-01	9.694127e-04
2.540544e-01	9.651740e-04
2.540800e-01	9.606381e-04
2.541056e-01	9.554652e-04
2.541312e-01	9.505220e-04
2.541568e-01	9.452197e-04
2.541824e-01	9.397690e-04
2.542080e-01	9.333814e-04
2.542336e-01	9.278517e-04
2.542592e-01	9.213630e-04
2.542848e-01	9.149874e-04
2.543104e-01	9.081957e-04
2.543360e-01	9.008137e-04
2.543616e-01	8.939248e-04
2.543872e-01	8.866141e-04
2.544128e-01	8.787697e-04
2.544384e-01	8.708869e-04
2.544640e-01	8.629262e-04
2.544896e-01	8.548346e-04
2.545152e-01	8.459577e-04
2.545408e-01	8.368253e-04
2.545664e-01	8.278728e-04
2.545920e-01	8.186489e-04
2.546176e-01	8.090161e-04
2.546432e-01	7.999550e-04
2.546688e-01	7.894908e-04
2.546944e-01	7.795311e-04
2.547200e-01	7.691397e-04
2.547456e-01	7.589718e-04
2.547712e-01	7.482186e-04
2.547968e-01	7.372129e-04
2.548224e-01	7.257630e-04
2.548480e-01	7.143122e-04
2.548736e-01	7.033556e-04
2.548992e-01	6.916158e-04
2.549248e-01	6.793367e-04
2.549504e-01	6.676273e-04
2.549760e-01	6.551130e-04
2.550016e-01	6.428632e-04
2.550272e-01	6.303047e-04
2.550528e-01	6.174901e-04
2.550784e-01	6.046900e-04
2.551040e-01	5.913844e-04
2.551296e-01	5.782762e-04
2.551552e-01	5.648995e-04
2.551808e-01	5.510874e-04
2.552064e-01	5.376140e-04
2.552320e-01	5.231326e-04
2.552576e-01	5.093290e-04
2.552832e-01	4.952381e-04
2.553088e-01	4.810337e-04
2.553344e-01	4.658464e-04
2.553600e-01	4.518741e-04
2.553856e-01	4.376414e-04
2.554112e-01	4.222988e-04
2.554368e-01	4.075732e-04
2.554624e-01	3.926084e-04
2.554880e-01	3.770151e-04
2.555136e-01	3.620758e-04
2.555392e-01	3.467443e-04
2.555648e-01	3.308871e-04
2.555904e-01	3.152619e-04
2.556160e-01	2.996805e-04
2.556416e-01	2.838849e-04
2.556672e-01	2.682424e-04
2.556928e-01	2.521464e-04
2.557184e-01	2.364726e-04
2.557440e-01	2.197224e-04
2.557696e-01	2.043075e-04
2.557952e-01	1.874172e-04
2.558208e-01	1.709638e-04
2.558464e-01	1.552710e-04
2.558720e-01	1.384010e-04
2.558976e-01	1.225339e-04
2.559232e-01	1.050688e-04
2.559488e-01	8.887337e-05
2.559744e-01	7.274497e-05
2.560000e-01	5.546575e-05
2.560256e-01	3.968509e-05
2.560512e-01	2.217835e-05
2.560768e-01	5.750597e-06
2.561024e-01	-1.076484e-05
2.561280e-01	-2.747740e-05
2.561536e-01	-4.421233e-05
2.561792e-01	-6.065145e-05
2.562048e-01	-7.779209e-05
2.562304e-01	-9.394329e-05
2.562560e-01	-1.107093e-04
2.562816e-01	-1.278127e-04
2.563072e-01	-1.439949e-04
2.563328e-01	-1.607268e-04
2.563584e-01	-1.768355e-04
2.563840e-01	-1.935887e-04
2.564096e-01	-2.103969e-04
2.564352e-01	-2.260138e-04
2.564608e-01	-2.432832e-04
2.564864e-01	-2.590156e-04
2.565120e-01	-2.755319e-04
2.565376e-01	-2.919127e-04
2.565632e-01	-3.076693e-04
2.565888e-01	-3.239801e-04
2.566144e-01	-3.395177e-04
2.566400e-01	-3.555814e-04
2.566656e-01	-3.716431e-04
2.566912e-01	-3.873210e-04
2.567168e-01	-4.027396e-04
2.567424e-01	-4.176832e-04
2.567680e-01	-4.337353e-04
2.567936e-01	-4.488340e-04
2.568192e-01	-4.639737e-04
2.568448e-01	-4.790458e-04
2.568704e-01	-4.941961e-04
2.568960e-01	-5.090575e-04
2.569216e-01	-5.238786e-04
2.569472e-01	-5.379452e-04
2.569728e-01	-5.524040e-04
2.569984e-01	-5.665355e-04
2.570240e-01	-5.812476e-04
2.570496e-01	-5.951578e-04
2.570752e-01	-6.087419e-04
2.571008e-01	-6.223286e-04
2.571264e-01	-6.355010e-04
2.571520e-01	-6.491297e-04
2.571776e-01	-6.620017e-04
2.572032e-01	-6.749032e-04
2.572288e-01	-6.877225e-04
2.572544e-01	-7.000299e-04
2.572800e-01	-7.128593e-04
2.573056e-01	-7.250116e-04
2.573312e-01	-7.375146e-04
2.573568e-01	-7.487919e-04
2.573824e-01	-7.605219e-04
2.574080e-01	-7.716407e-04
2.574336e-01	-7.830274e-04
2.574592e-01	-7.945045e-04
2.574848e-01	-8.051317e-04
2.575104e-01	-8.158304e-04
2.575360e-01	-8.261311e-04
2.575616e-01	-8.362421e-04
2.575872e-01	-8.459644e-04
2.576128e-01	-8.550885e-04
2.576384e-01	-8.654555e-04
2.576640e-01	-8.741211e-04
2.576896e-01	-8.833035e-04
2.577152e-01	-8.922584e-04
2.577408e-01	-9.003811e-04
2.577664e-01	-9.090239e-04
2.577920e-01	-9.168716e-04
2.578176e-01	-9.248148e-04
2.578432e-01	-9.323279e-04
2.578688e-01	-9.390314e-04
2.578944e-01	-9.465907e-04
2.579200e-01	-9.530818e-04
2.579456e-01	-9.594011e-04
2.579712e-01	-9.653642e-04
2.579968e-01	-9.715101e-04
2.580224e-01	-9.772644e-04
2.580480e-01	-9.823368e-04
2.580736e-01	-9.879462e-04
2.580992e-01	-9.929830e-04
2.581248e-01	-9.971685e-04
2.581504e-01	-1.001983e-03
2.581760e-01	-1.005259e-03
2.582016e-01	-1.009400e-03
2.582272e-01	-1.012764e-03
2.582528e-01	-1.015949e-03
2.582784e-01	-1.018947e-03
2.583040e-01	-1.021702e-03
2.583296e-01	-1.024429e-03
2.583552e-01	-1.026207e-03
2.583808e-01	-1.027604e-03
2.584064e-01	-1.029227e-03
2.584320e-01	-1.030818e-03
2.584576e-01	-1.031863e-03
2.584832e-01	-1.032353e-03
2.585088e-01	-1.033031e-03
2.585344e-01	-1.032972e-03
2.585600e-01	-1.033101e-03
2.585856e-01	-1.032234e-03
2.586112e-01	-1.031631e-03
2.586368e-01	-1.030959e-03
2.586624e-01	-1.029605e-03
2.586880e-01	-1.028213e-03
2.587136e-01	-1.026466e-03
2.587392e-01	-1.024052e-03
2.587648e-01	-1.022016e-03
2.587904e-01	-1.019363e-03
2.588160e-01	-1.016395e-03
2.588416e-01	-1.012958e-03
2.588672e-01	-1.010061e-03
2.588928e-01	-1.006021e-03
2.589184e-01	-1.001873e-03
2.589440e-01	-9.977475e-04
2.589696e-01	-9.932398e-04
2.589952e-01	-9.884733e-04
2.590208e-01	-9.834069e-04
2.590464e-01	-9.779969e-04
2.590720e-01	-9.729029e-04
2.590976e-01	-9.668369e-04
2.591232e-01	-9.607617e-04
2.591488e-01	-9.549360e-04
2.591744e-01	-9.481282e-04
2.592000e-01	-9.412766e-04
2.592256e-01	-9.346838e-04
2.592512e-01	-9.267154e-04
2.592768e-01	-9.198207e-04
2.593024e-01	-9.120024e-04
2.593280e-01	-9.040609e-04
2.593536e-01	-8.956805e-04
2.593792e-01	-8.872637e-04
2.594048e-01	-8.786761e-04
2.594304e-01	-8.695071e-04
2.594560e-01	-8.607028e-04
2.594816e-01	-8.513011e-04
2.595072e-01	-8.413263e-04
2.595328e-01	-8.317506e-04
2.595584e-01	-8.218053e-04
2.595840e-01	-8.116615e-04
2.596096e-01	-8.014185e-04
2.596352e-01	-7.906550e-04
2.596608e-01	-7.794403e-04
2.596864e-01	-7.689457e-04
2.597120e-01	-7.572531e-04
2.597376e-01	-7.463104e-04
2.597632e-01	-7.343848e-04
2.597888e-01	-7.228832e-04
2.598144e-01	-7.110229e-04
2.598400e-01	-6.984288e-04
2.598656e-01	-6.864549e-04
2.598912e-01	-6.741505e-04
2.599168e-01	-6.611171e-04
2.599424e-01	-6.481470e-04
2.599680e-01	-6.355427e-04
2.599936e-01	-6.223149e-04
2.600192e-01	-6.088264e-04
2.600448e-01	-5.960123e-04
2.600704e-01	-5.819424e-04
2.600960e-01	-5.684048e-04
2.601216e-01	-5.546692e-04
2.601472e-01	-5.406464e-04
2.601728e-01	-5.266541e-04
2.601984e-01	-5.125254e-04
2.602240e-01	-4.978160e-04
2.602496e-01	-4.836394e-04
2.602752e-01	-4.688305e-04
2.603008e-01	-4.542182e-04
2.603264e-01	-4.393885e-04
2.603520e-01	-4.247664e-04
2.603776e-01	-4.094585e-04
2.604032e-01	-3.942817e-04
2.604288e-01	-3.794178e-04
2.604544e-01	-3.636159e-04
2.604800e-01	-3.483464e-04
2.605056e-01	-3.332713e-04
2.605312e-01	-3.173115e-04
2.605568e-01	-3.019289e-04
2.605824e-01	-2.861392e-04
2.606080e-01	-2.705319e-04
2.606336e-01	-2.546154e-04
2.606592e-01	-2.385863e-04
2.606848e-01	-2.229843e-04
2.607104e-01	-2.068903e-04
2.607360e-01	-1.909032e-04
2.607616e-01	-1.749194e-04
2.607872e-01	-1.582118e-04
2.608128e-01	-1.427706e-04
2.608384e-01	-1.264055e-04
2.608640e-01	-1.103386e-04
2.608896e-01	-9.400611e-05
2.609152e-01	-7.827231e-05
2.609408e-01	-6.137051e-05
2.609664e-01	-4.526729e-05
2.609920e-01	-2.971989e-05
2.610176e-01	-1.329833e-05
2.610432e-01	2.980256e-06
2.610688e-01	1.950490e-05
2.610944e-01	3.537208e-05
2.611200e-01	5.173452e-05
2.611456e-01	6.772729e-05
2.611712e-01	8.373892e-05
2.611968e-01	1.000457e-04
2.612224e-01	1.154913e-04
2.612480e-01	1.321455e-04
2.612736e-01	1.478293e-04
2.612992e-01	1.641188e-04
2.613248e-01	1.795287e-04
2.613504e-01	1.957373e-04
2.613760e-01	2.114297e-04
2.614016e-01	2.269183e-04
2.614272e-01	2.429956e-04
2.614528e-01	2.582085e-04
2.614784e-01	2.736865e-04
2.615040e-01	2.891838e-04
2.615296e-01	3.045893e-04
2.615552e-01	3.199916e-04
2.615808e-01	3.345021e-04
2.616064e-01	3.503586e-04
2.616320e-01	3.648207e-04
2.616576e-01	3.796485e-04
2.616832e-01	3.951315e-04
2.617088e-01	4.089376e-04
2.617344e-01	4.240390e-04
2.617600e-01	4.385521e-04
2.617856e-01	4.524676e-04
2.618112e-01	4.669415e-04
2.618368e-01	4.807106e-04
2.618624e-01	4.950993e-04
2.618880e-01	5.088521e-04
2.619136e-01	5.230427e-04
2.619392e-01	5.355790e-04
2.619648e-01	5.498887e-04
2.619904e-01	5.633288e-04
2.620160e-01	5.760347e-04
2.620416e-01	5.892713e-04
2.620672e-01	6.018595e-04
2.620928e-01	6.146243e-04
2.621184e-01	6.267401e-04
2.621440e-01	6.395669e-04
2.621696e-01	6.519497e-04
2.621952e-01	6.635038e-04
2.622208e-01	6.759824e-04
2.622464e-01	6.876940e-04
2.622720e-01	6.990375e-04
2.622976e-01	7.101829e-04
2.623232e-01	7.216992e-04
2.623488e-01	7.326499e-04
2.623744e-01	7.434757e-04
2.624000e-01	7.537678e-04
2.624256e-01	7.646182e-04
2.624512e-01	7.748437e-04
2.624768e-01	7.848358e-04
2.625024e-01	7.946213e-04
2.625280e-01	8.042302e-04
2.625536e-01	8.136261e-04
2.625792e-01	8.230729e-04
2.626048e-01	8.319478e-04
2.626304e-01	8.413771e-04
2.626560e-01	8.496711e-04
2.626816e-01	8.578207e-04
2.627072e-01	8.662862e-04
2.627328e-01	8.743707e-04
2.627584e-01	8.821077e-04
2.627840e-01	8.894496e-04
2.628096e-01	8.967062e-04
2.628352e-01	9.038992e-04
2.628608e-01	9.102492e-04
2.628864e-01	9.171581e-04
2.629120e-01	9.235752e-04
2.629376e-01	9.295900e-04
2.629632e-01	9.359695e-04
2.629888e-01	9.416058e-04
2.630144e-01	9.470510e-04
2.630400e-01	9.522175e-04
2.630656e-01	9.569597e-04
2.630912e-01	9.623402e-04
2.631168e-01	9.661185e-04
2.631424e-01	9.708853e-04
2.631680e-01	9.746550e-04
2.631936e-01	9.783594e-04
2.632192e-01	9.822302e-04
2.632448e-01	9.854560e-04
2.632704e-01	9.885256e-04
2.632960e-01	9.913374e-04
2.633216e-01	9.940647e-04
2.633472e-01	9.962622e-04
2.633728e-01	9.979930e-04
2.633984e-01	9.998739e-04
2.634240e-01	1.001518e-03
2.634496e-01	1.002798e-03
2.634752e-01	1.003857e-03
2.635008e-01	1.005150e-03
2.635264e-01	1.005163e-03
2.635520e-01	1.005922e-03
2.635776e-01	1.005885e-03
2.636032e-01	1.005744e-03
2.636288e-01	1.005537e-03
2.636544e-01	1.004489e-03
2.636800e-01	1.003263e-03
2.637056e-01	1.002750e-03
2.637312e-01	1.000981e-03
2.637568e-01	9.995204e-04
2.637824e-01	9.977557e-04
2.638080e-01	9.957743e-04
2.638336e-01	9.933247e-04
2.638592e-01	9.901698e-04
2.638848e-01	9.877533e-04
2.639104e-01	9.848418e-04
2.639360e-01	9.811817e-04
2.639616e-01	9.776758e-04
2.639872e-01	9.736316e-04
2.640128e-01	9.696801e-04
2.640384e-01	9.653871e-04
2.640640e-01	9.610042e-04
2.640896e-01	9.559949e-04
2.641152e-01	9.511826e-04
2.641408e-01	9.457247e-04
2.641664e-01	9.401430e-04
2.641920e-01	9.343487e-04
2.642176e-01	9.281224e-04
2.642432e-01	9.219573e-04
2.642688e-01	9.159688e-04
2.642944e-01	9.087928e-04
2.643200e-01	9.017003e-04
2.643456e-01	8.945790e-04
2.643712e-01	8.867754e-04
2.643968e-01	8.792723e-04
2.644224e-01	8.716710e-04
2.644480e-01	8.631002e-04
2.644736e-01	8.555067e-04
2.644992e-01	8.461503e-04
2.645248e-01	8.377144e-04
2.645504e-01	8.286707e-04
2.645760e-01	8.193255e-04
2.646016e-01	8.098303e-04
2.646272e-01	8.002292e-04
2.646528e-01	7.908579e-04
2.646784e-01	7.806317e-04
2.647040e-01	7.702662e-04
2.647296e-01	7.593854e-04
2.647552e-01	7.489598e-04
2.647808e-01	7.381816e-04
2.648064e-01	7.269515e-04
2.648320e-01	7.160053e-04
2.648576e-01	7.041965e-04
2.648832e-01	6.923574e-04
2.649088e-01	6.801482e-04
2.649344e-01	6.689390e-04
2.649600e-01	6.560779e-04
2.649856e-01	6.439424e-04
2.650112e-01	6.317934e-04
2.650368e-01	6.183594e-04
2.650624e-01	6.054373e-04
2.650880e-01	5.926568e-04
2.651136e-01	5.791581e-04
2.651392e-01	5.657324e-04
2.651648e-01	5.522411e-04
2.651904e-01	5.387697e-04
2.652160e-01	5.245816e-04
2.652416e-01	5.108371e-04
2.652672e-01	4.966893e-04
2.652928e-01	4.822352e-04
2.653184e-01	4.679355e-04
2.653440e-01	4.531496e-04
2.653696e-01	4.384207e-04
2.653952e-01	4.240146e-04
2.654208e-01	4.088175e-04
2.654464e-01	3.938818e-04
2.654720e-01	3.784265e-04
2.654976e-01	3.636313e-04
2.655232e-01	3.481076e-04
2.655488e-01	3.323579e-04
2.655744e-01	3.169756e-04
2.656000e-01	3.008653e-04
2.656256e-01	2.850014e-04
2.656512e-01	2.697848e-04
2.656768e-01	2.532232e-04
2.657024e-01	2.375098e-04
2.657280e-01	2.212237e-04
2.657536e-01	2.052664e-04
2.657792e-01	1.891021e-04
2.658048e-01	1.726643e-04
2.658304e-01	1.565514e-04
2.658560e-01	1.398334e-04
2.658816e-01	1.233947e-04
2.659072e-01	1.073246e-04
2.659328e-01	9.051533e-05
2.659584e-01	7.395607e-05
2.659840e-01	5.776623e-05
2.660096e-01	4.096618e-05
2.660352e-01	2.383365e-05
2.660608e-01	7.319822e-06
2.660864e-01	-9.468113e-06
2.661120e-01	-2.562021e-05
2.661376e-01	-4.253202e-05
2.661632e-01	-5.932705e-05
2.661888e-01	-7.609555e-05
2.662144e-01	-9.250028e-05
2.662400e-01	-1.094514e-04
2.662656e-01	-1.260058e-04
2.662912e-01	-1.425183e-04
2.663168e-01	-1.591817e-04
2.663424e-01	-1.757943e-04
2.663680e-01	-1.917695e-04
2.663936e-01	-2.084482e-04
2.664192e-01	-2.251050e-04
2.664448e-01	-2.416000e-04
2.664704e-01	-2.579264e-04
2.664960e-01	-2.739605e-04
2.665216e-01	-2.901828e-04
2.665472e-01	-3.064849e-04
2.665728e-01	-3.223954e-04
2.665984e-01	-3.385693e-04
2.666240e-01	-3.542465e-04
2.666496e-01	-3.702590e-04
2.666752e-01	-3.856948e-04
2.667008e-01	-4.012334e-04
2.667264e-01	-4.172352e-04
2.667520e-01	-4.323526e-04
2.667776e-01	-4.471017e-04
2.668032e-01	-4.628287e-04
2.668288e-01	-4.776635e-04
2.668544e-01	-4.925694e-04
2.668800e-01	-5.074153e-04
2.669056e-01	-5.225186e-04
2.669312e-01	-5.370432e-04
2.669568e-01	-5.510988e-04
2.669824e-01	-5.654631e-04
2.670080e-01	-5.798546e-04
2.670336e-01	-5.933757e-04
2.670592e-01	-6.076072e-04
2.670848e-01	-6.212313e-04
2.671104e-01	-6.344552e-04
2.671360e-01	-6.477666e-04
2.671616e-01	-6.611250e-04
2.671872e-01	-6.736459e-04
2.672128e-01	-6.867567e-04
2.672384e-01	-6.992731e-04
2.672640e-01	-7.119129e-04
2.672896e-01	-7.243629e-04
2.673152e-01	-7.363981e-04
2.673408e-01	-7.479778e-04
2.673664e-01	-7.594473e-04
2.673920e-01	-7.714324e-04
2.674176e-01	-7.825547e-04
2.674432e-01	-7.932135e-04
2.674688e-01	-8.040342e-04
2.674944e-01	-8.144668e-04
2.675200e-01	-8.253665e-04
2.675456e-01	-8.354004e-04
2.675712e-01	-8.454847e-04
2.675968e-01	-8.547258e-04
2.676224e-01	-8.641350e-04
2.676480e-01	-8.738073e-04
2.676736e-01	-8.823957e-04
2.676992e-01	-8.914023e-04
2.677248e-01	-9.003483e-04
2.677504e-01	-9.079577e-04
2.677760e-01	-9.162593e-04
2.678016e-01	-9.233842e-04
2.678272e-01	-9.315950e-04
2.678528e-01	-9.386593e-04
2.678784e-01	-9.454804e-04
2.679040e-01	-9.525258e-04
2.679296e-01	-9.587135e-04
2.679552e-01	-9.651766e-04
2.679808e-01	-9.712369e-04
2.680064e-01	-9.768464e-04
2.680320e-01	-9.819097e-04
2.680576e-01	-9.872710e-04
2.680832e-01	-9.923393e-04
2.681088e-01	-9.967417e-04
2.681344e-01	-1.001699e-03
2.681600e-01	-1.004924e-03
2.681856e-01	-1.009347e-03
2.682112e-01	-1.012759e-03
2.682368e-01	-1.015519e-03
2.682624e-01	-1.019229e-03
2.682880e-01	-1.021917e-03
2.683136e-01	-1.023921e-03
2.683392e-01	-1.026367e-03
2.683648e-01	-1.027947e-03
2.683904e-01	-1.029392e-03
2.684160e-01	-1.030944e-03
2.684416e-01	-1.032009e-03
2.684672e-01	-1.032251e-03
2.684928e-01	-1.032927e-03
2.685184e-01	-1.033240e-03
2.685440e-01	-1.033161e-03
2.685696e-01	-1.032466e-03
2.685952e-01	-1.032251e-03
2.686208e-01	-1.031438e-03
2.686464e-01	-1.029921e-03
2.686720e-01	-1.028372e-03
2.686976e-01	-1.027010e-03
2.687232e-01	-1.024370e-03
2.687488e-01	-1.022325e-03
2.687744e-01	-1.019707e-03
2.688000e-01	-1.016671e-03
2.688256e-01	-1.013884e-03
2.688512e-01	-1.009916e-03
2.688768e-01	-1.006398e-03
2.689024e-01	-1.002775e-03
2.689280e-01	-9.982545e-04
2.689536e-01	-9.939914e-04
2.689792e-01	-9.893455e-04
2.690048e-01	-9.847906e-04
2.690304e-01	-9.791610e-04
2.690560e-01	-9.738657e-04
2.690816e-01	-9.677729e-04
2.691072e-01	-9.616189e-04
2.691328e-01	-9.552573e-04
2.691584e-01	-9.491321e-04
2.691840e-01	-9.421104e-04
2.692096e-01	-9.352077e-04
2.692352e-01	-9.279072e-04
2.692608e-01	-9.199975e-04
2.692864e-01	-9.126323e-04
2.693120e-01	-9.048725e-04
2.693376e-01	-8.963078e-04
2.693632e-01	-8.883569e-04
2.693888e-01	-8.795393e-04
2.694144e-01	-8.704624e-04
2.694400e-01	-8.613991e-04
2.694656e-01	-8.517921e-04
2.694912e-01	-8.426736e-04
2.695168e-01	-8.326818e-04
2.695424e-01	-8.224486e-04
2.695680e-01	-8.128974e-04
2.695936e-01	-8.021756e-04
2.696192e-01	-7.918497e-04
2.696448e-01	-7.807880e-04
2.696704e-01	-7.700616e-04
2.696960e-01	-7.583812e-04
2.697216e-01	-7.475367e-04
2.697472e-01	-7.356593e-04
2.697728e-01	-7.236376e-04
2.697984e-01	-7.121103e-04
2.698240e-01	-6.996369e-04
2.698496e-01	-6.874782e-04
2.698752e-01	-6.749924e-04
2.699008e-01	-6.622603e-04
2.699264e-01	-6.496794e-04
2.699520e-01	-6.366491e-04
2.699776e-01	-6.234957e-04
2.700032e-01	-6.102073e-04
2.700288e-01	-5.972368e-04
2.700544e-01	-5.830745e-04
2.700800e-01	-5.700548e-04
2.701056e-01	-5.564673e-04
2.701312e-01	-5.422502e-04
2.701568e-01	-5.281032e-04
2.701824e-01	-5.136426e-04
2.702080e-01	-4.993688e-04
2.702336e-01	-4.849078e-04
2.702592e-01	-4.701889e-04
2.702848e-01	-4.557524e-04
2.703104e-01	-4.407840e-04
2.703360e-01	-4.259050e-04
2.703616e-01	-4.109861e-04
2.703872e-01	-3.958819e-04
2.704128e-01	-3.804905e-04
2.704384e-01	-3.655036e-04
2.704640e-01	-3.494403e-04
2.704896e-01	-3.344634e-04
2.705152e-01	-3.189552e-04
2.705408e-01	-3.032026e-04
2.705664e-01	-2.879404e-04
2.705920e-01	-2.719391e-04
2.706176e-01	-2.560748e-04
2.706432e-01	-2.401787e-04
2.706688e-01	-2.242853e-04
2.706944e-01	-2.084728e-04
2.707200e-01	-1.921516e-04
2.707456e-01	-1.764215e-04
2.707712e-01	-1.598061e-04
2.707968e-01	-1.439179e-04
2.708224e-01	-1.279566e-04
2.708480e-01	-1.121916e-04
2.708736e-01	-9.555700e-05
2.708992e-01	-7.939684e-05
2.709248e-01	-6.335376e-05
2.709504e-01	-4.684416e-05
2.709760e-01	-3.097542e-05
2.710016e-01	-1.451046e-05
2.710272e-01	1.885935e-06
2.710528e-01	1.773474e-05
2.710784e-01	3.403073e-05
2.711040e-01	5.024581e-05
2.711296e-01	6.656154e-05
2.711552e-01	8.231879e-05
2.711808e-01	9.870776e-05
2.712064e-01	1.142105e-04
2.712320e-01	1.305041e-04
2.712576e-01	1.466390e-04
2.712832e-01	1.624637e-04
2.713088e-01	1.784098e-04
2.713344e-01	1.943237e-04
2.713600e-01	2.100308e-04
2.713856e-01	2.256763e-04
2.714112e-01	2.413157e-04
2.714368e-01	2.567163e-04
2.714624e-01	2.722172e-04
2.714880e-01	2.876514e-04
2.715136e-01	3.029138e-04
2.715392e-01	3.187952e-04
2.715648e-01	3.332647e-04
2.715904e-01	3.487392e-04
2.716160e-01	3.637990e-04
2.716416e-01	3.785516e-04
2.716672e-01	3.934486e-04
2.716928e-01	4.080441e-04
2.717184e-01	4.228324e-04
2.717440e-01	4.372697e-04
2.717696e-01	4.513813e-04
2.717952e-01	4.662800e-04
2.718208e-01	4.800347e-04
2.718464e-01	4.941185e-04
2.718720e-01	5.078117e-04
2.718976e-01	5.212118e-04
2.719232e-01	5.353063e-04
2.719488e-01	5.489528e-04
2.719744e-01	5.616699e-04
2.720000e-01	5.749924e-04
2.720256e-01	5.883978e-04
2.720512e-01	6.009142e-04
2.720768e-01	6.136593e-04
2.721024e-01	6.261412e-04
2.721280e-01	6.384395e-04
2.721536e-01	6.513500e-04
2.721792e-01	6.626737e-04
2.722048e-01	6.750269e-04
2.722304e-01	6.868039e-04
2.722560e-01	6.984502e-04
2.722816e-01	7.097394e-04
2.723072e-01	7.208535e-04
2.723328e-01	7.317069e-04
2.723584e-01	7.429313e-04
2.723840e-01	7.534348e-04
2.724096e-01	7.637255e-04
2.724352e-01	7.745552e-04
2.724608e-01	7.843326e-04
2.724864e-01	7.936910e-04
2.725120e-01	8.036247e-04
2.725376e-01	8.132004e-04
2.725632e-01	8.225641e-04
2.725888e-01	8.313091e-04
2.726144e-01	8.401290e-04
2.726400e-01	8.490397e-04
2.726656e-01	8.574203e-04
2.726912e-01	8.654551e-04
2.727168e-01	8.736134e-04
2.727424e-01	8.811107e-04
2.727680e-01	8.887226e-04
2.727936e-01	8.960941e-04
2.728192e-01	9.034990e-04
2.728448e-01	9.101689e-04
2.728704e-01	9.173360e-04
2.728960e-01	9.230894e-04
2.729216e-01	9.295486e-04
2.729472e-01	9.357360e-04
2.729728e-01	9.408824e-04
2.729984e-01	9.465973e-04
2.730240e-01	9.517847e-04
2.730496e-01	9.567720e-04
2.730752e-01	9.618082e-04
2.731008e-01	9.661060e-04
2.731264e-01	9.707924e-04
2.731520e-01	9.746073e-04
2.731776e-01	9.781346e-04
2.732032e-01	9.815135e-04
2.732288e-01	9.848851e-04
2.732544e-01	9.884404e-04
2.732800e-01	9.913922e-04
2.733056e-01	9.935051e-04
2.733312e-01	9.962975e-04
2.733568e-01	9.980774e-04
2.733824e-01	9.998742e-04
2.734080e-01	1.001547e-03
2.734336e-01	1.002876e-03
2.734592e-01	1.003989e-03
2.734848e-01	1.004887e-03
2.735104e-01	1.005330e-03
2.735360e-01	1.006023e-03
2.735616e-01	1.005628e-03
2.735872e-01	1.005817e-03
2.736128e-01	1.005201e-03
2.736384e-01	1.004810e-03
2.736640e-01	1.004142e-03
2.736896e-01	1.002786e-03
2.737152e-01	1.001301e-03
2.737408e-01	9.996931e-04
2.737664e-01	9.981581e-04
2.737920e-01	9.959532e-04
2.738176e-01	9.932299e-04
2.738432e-01	9.907598e-04
2.738688e-01	9.883029e-04
2.738944e-01	9.849065e-04
2.739200e-01	9.817103e-04
2.739456e-01	9.782170e-04
2.739712e-01	9.742776e-04
2.739968e-01	9.704652e-04
2.740224e-01	9.655824e-04
2.740480e-01	9.616183e-04
2.740736e-01	9.564877e-04
2.740992e-01	9.514706e-04
2.741248e-01	9.459356e-04
2.741504e-01	9.408572e-04
2.741760e-01	9.352277e-04
2.742016e-01	9.286930e-04
2.742272e-01	9.225614e-04
2.742528e-01	9.162154e-04
2.742784e-01	9.090680e-04
2.743040e-01	9.027154e-04
2.743296e-01	8.952383e-04
2.743552e-01	8.878016e-04
2.743808e-01	8.803149e-04
2.744064e-01	8.722700e-04
2.744320e-01	8.644655e-04
2.744576e-01	8.561788e-04
2.744832e-01	8.472352e-04
2.745088e-01	8.385067e-04
2.745344e-01	8.297735e-04
2.745600e-01	8.204120e-04
2.745856e-01	8.108325e-04
2.746112e-01	8.017521e-04
2.746368e-01	7.913086e-04
2.746624e-01	7.816720e-04
2.746880e-01	7.710937e-04
2.747136e-01	7.603985e-04
2.747392e-01	7.499255e-04
2.747648e-01	7.387210e-04
2.747904e-01	7.281181e-04
2.748160e-01	7.168491e-04
2.748416e-01	7.050481e-04
2.748672e-01	6.935844e-04
2.748928e-01	6.815601e-04
2.749184e-01	6.699844e-04
2.749440e-01	6.575063e-04
2.749696e-01	6.452994e-04
2.749952e-01	6.327986e-04
2.750208e-01	6.201362e-04
2.750464e-01	6.069567e-04
2.750720e-01	5.937968e-04
2.750976e-01	5.808540e-04
2.751232e-01	5.675047e-04
2.751488e-01	5.534036e-04
2.751744e-01	5.405821e-04
2.752000e-01	5.265205e-04
2.752256e-01	5.120137e-04
2.752512e-01	4.980008e-04
2.752768e-01	4.837810e-04
2.753024e-01	4.697416e-04
2.753280e-01	4.546858e-04
2.753536e-01	4.398657e-04
2.753792e-01	4.254128e-04
2.754048e-01	4.101018e-04
2.754304e-01	3.955575e-04
2.754560e-01	3.801109e-04
2.754816e-01	3.648300e-04
2.755072e-01	3.492253e-04
2.755328e-01	3.340457e-04
2.755584e-01	3.183384e-04
2.755840e-01	3.029619e-04
2.756096e-01	2.868564e-04
2.756352e-01	2.706414e-04
2.756608e-01	2.552943e-04
2.756864e-01	2.389158e-04
2.757120e-01	2.232055e-04
2.757376e-01	2.070624e-04
2.757632e-01	1.903105e-04
2.757888e-01	1.743225e-04
2.758144e-01	1.576161e-04
2.758400e-01	1.415172e-04
2.758656e-01	1.250615e-04
2.758912e-01	1.086220e-04
2.759168e-01	9.156387e-05
2.759424e-01	7.535671e-05
2.759680e-01	5.870912e-05
2.759936e-01	4.243370e-05
2.760192e-01	2.564968e-05
2.760448e-01	9.015403e-06
2.760704e-01	-7.959987e-06
2.760960e-01	-2.452012e-05
2.761216e-01	-4.080002e-05
2.761472e-01	-5.808666e-05
2.761728e-01	-7.430715e-05
2.761984e-01	-9.095640e-05
2.762240e-01	-1.076306e-04
2.762496e-01	-1.241522e-04
2.762752e-01	-1.410540e-04
2.763008e-01	-1.573407e-04
2.763264e-01	-1.741509e-04
2.763520e-01	-1.904139e-04
2.763776e-01	-2.071490e-04
2.764032e-01	-2.232721e-04
2.764288e-01	-2.399858e-04
2.764544e-01	-2.562633e-04
2.764800e-01	-2.725404e-04
2.765056e-01	-2.881689e-04
2.765312e-01	-3.047675e-04
2.765568e-01	-3.209808e-04
2.765824e-01	-3.365987e-04
2.766080e-01	-3.527991e-04
2.766336e-01	-3.686280e-04
2.766592e-01	-3.841730e-04
2.766848e-01	-3.997477e-04
2.767104e-01	-4.152739e-04
2.767360e-01	-4.307722e-04
2.767616e-01	-4.458655e-04
2.767872e-01	-4.615073e-04
2.768128e-01	-4.761346e-04
2.768384e-01	-4.911629e-04
2.768640e-01	-5.060646e-04
2.768896e-01	-5.205934e-04
2.769152e-01	-5.354389e-04
2.769408e-01	-5.499778e-04
2.769664e-01	-5.640918e-04
2.769920e-01	-5.780738e-04
2.770176e-01	-5.920932e-04
2.770432e-01	-6.060705e-04
2.770688e-01	-6.198282e-04
2.770944e-01	-6.334721e-04
2.771200e-01	-6.463518e-04
2.771456e-01	-6.596855e-04
2.771712e-01	-6.726136e-04
2.771968e-01	-6.857438e-04
2.772224e-01	-6.980769e-04
2.772480e-01	-7.104253e-04
2.772736e-01	-7.229230e-04
2.772992e-01	-7.351596e-04
2.773248e-01	-7.465340e-04
2.773504e-01	-7.589068e-04
2.773760e-01	-7.695397e-04
2.774016e-01	-7.808291e-04
2.774272e-01	-7.925393e-04
2.774528e-01	-8.028217e-04
2.774784e-01	-8.135726e-04
2.775040e-01	-8.242151e-04
2.775296e-01	-8.344895e-04
2.775552e-01	-8.445630e-04
2.775808e-01	-8.542383e-04
2.776064e-01	-8.639430e-04
2.776320e-01	-8.727296e-04
2.776576e-01	-8.819097e-04
2.776832e-01	-8.908540e-04
2.777088e-01	-8.989989e-04
2.777344e-01	-9.073185e-04
2.777600e-01	-9.155364e-04
2.777856e-01	-9.232603e-04
2.778112e-01	-9.309973e-04
2.778368e-01	-9.382957e-04
2.778624e-01	-9.453305e-04
2.778880e-01	-9.517735e-04
2.779136e-01	-9.588920e-04
2.779392e-01	-9.646831e-04
2.779648e-01	-9.705801e-04
2.779904e-01	-9.764285e-04
2.780160e-01	-9.818802e-04
2.780416e-01	-9.869493e-04
2.780672e-01	-9.918673e-04
2.780928e-01	-9.964993e-04
2.781184e-01	-1.001158e-03
2.781440e-01	-1.004851e-03
2.781696e-01	-1.008653e-03
2.781952e-01	-1.012044e-03
2.782208e-01	-1.015465e-03
2.782464e-01	-1.018762e-03
2.782720e-01	-1.021532e-03
2.782976e-01	-1.023544e-03
2.783232e-01	-1.025704e-03
2.783488e-01	-1.027763e-03
2.783744e-01	-1.029489e-03
2.784000e-01	-1.030392e-03
2.784256e-01	-1.031582e-03
2.784512e-01	-1.032952e-03
2.784768e-01	-1.032990e-03
2.785024e-01	-1.032869e-03
2.785280e-01	-1.033056e-03
2.785536e-01	-1.032870e-03
2.785792e-01	-1.032458e-03
2.786048e-01	-1.031170e-03
2.786304e-01	-1.030279e-03
2.786560e-01	-1.028073e-03
2.786816e-01	-1.026752e-03
2.787072e-01	-1.024901e-03
2.787328e-01	-1.022154e-03
2.787584e-01	-1.019758e-03
2.787840e-01	-1.017025e-03
2.788096e-01	-1.014153e-03
2.788352e-01	-1.010614e-03
2.788608e-01	-1.006690e-03
2.788864e-01	-1.003222e-03
2.789120e-01	-9.987375e-04
2.789376e-01	-9.943775e-04
2.789632e-01	-9.895599e-04
2.789888e-01	-9.849991e-04
2.790144e-01	-9.797994e-04
2.790400e-01	-9.740788e-04
2.790656e-01	-9.681214e-04
2.790912e-01	-9.623105e-04
2.791168e-01	-9.561458e-04
2.791424e-01	-9.494014e-04
2.791680e-01	-9.425213e-04
2.791936e-01	-9.359950e-04
2.792192e-01	-9.285448e-04
2.792448e-01	-9.211214e-04
2.792704e-01	-9.132464e-04
2.792960e-01	-9.055841e-04
2.793216e-01	-8.973534e-04
2.793472e-01	-8.891787e-04
2.793728e-01	-8.804026e-04
2.793984e-01	-8.714156e-04
2.794240e-01	-8.623535e-04
2.794496e-01	-8.530012e-04
2.794752e-01	-8.433939e-04
2.795008e-01	-8.338223e-04
2.795264e-01	-8.236429e-04
2.795520e-01	-8.136459e-04
2.795776e-01	-8.032855e-04
2.796032e-01	-7.926593e-04
2.796288e-01	-7.821645e-04
2.796544e-01	-7.709308e-04
2.796800e-01	-7.595725e-04
2.797056e-01	-7.480772e-04
2.797312e-01	-7.367274e-04
2.797568e-01	-7.252584e-04
2.797824e-01	-7.128656e-04
2.798080e-01	-7.007679e-04
2.798336e-01	-6.885328e-04
2.798592e-01	-6.767884e-04
2.798848e-01	-6.635723e-04
2.799104e-01	-6.509564e-04
2.799360e-01	-6.374996e-04
2.799616e-01	-6.248437e-04
2.799872e-01	-6.115391e-04
2.800128e-01	-5.982512e-04
2.800384e-01	-5.848611e-04
2.800640e-01	-5.706051e-04
2.800896e-01	-5.574336e-04
2.801152e-01	-5.432605e-04
2.801408e-01	-5.290577e-04
2.801664e-01	-5.150565e-04
2.801920e-01	-5.001061e-04
2.802176e-01	-4.864623e-04
2.802432e-01	-4.719085e-04
2.802688e-01	-4.568214e-04
2.802944e-01	-4.420387e-04
2.803200e-01	-4.272606e-04
2.803456e-01	-4.124568e-04
2.803712e-01	-3.972501e-04
2.803968e-01	-3.815840e-04
2.804224e-01	-3.664924e-04
2.804480e-01	-3.512435e-04
2.804736e-01	-3.361013e-04
2.804992e-01	-3.203629e-04
2.805248e-01	-3.047329e-04
2.805504e-01	-2.893757e-04
2.805760e-01	-2.735459e-04
2.806016e-01	-2.573869e-04
2.806272e-01	-2.419176e-04
2.806528e-01	-2.256274e-04
2.806784e-01	-2.097998e-04
2.807040e-01	-1.937243e-04
2.807296e-01	-1.781735e-04
2.807552e-01	-1.617375e-04
2.807808e-01	-1.454336e-04
2.808064e-01	-1.297373e-04
2.808320e-01	-1.134277e-04
2.808576e-01	-9.739136e-05
2.808832e-01	-8.127609e-05
2.809088e-01	-6.463096e-05
2.809344e-01	-4.850063e-05
2.809600e-01	-3.249551e-05
2.809856e-01	-1.623255e-05
2.810112e-01	-1.440737e-07
2.810368e-01	1.610322e-05
2.810624e-01	3.292567e-05
2.810880e-01	4.831743e-05
2.811136e-01	6.472538e-05
2.811392e-01	8.087289e-05
2.811648e-01	9.699225e-05
2.811904e-01	1.131115e-04
2.812160e-01	1.291536e-04
2.812416e-01	1.445737e-04
2.812672e-01	1.609393e-04
2.812928e-01	1.770126e-04
2.813184e-01	1.928765e-04
2.813440e-01	2.085342e-04
2.813696e-01	2.235722e-04
2.813952e-01	2.401184e-04
2.814208e-01	2.558074e-04
2.814464e-01	2.708760e-04
2.814720e-01	2.866700e-04
2.814976e-01	3.013985e-04
2.815232e-01	3.172618e-04
2.815488e-01	3.319898e-04
2.815744e-01	3.473704e-04
2.816000e-01	3.619825e-04
2.816256e-01	3.771200e-04
2.816512e-01	3.925358e-04
2.816768e-01	4.060971e-04
2.817024e-01	4.208376e-04
2.817280e-01	4.354807e-04
2.817536e-01	4.501307e-04
2.817792e-01	4.644267e-04
2.818048e-01	4.784500e-04
2.818304e-01	4.926508e-04
2.818560e-01	5.063941e-04
2.818816e-01	5.202543e-04
2.819072e-01	5.328975e-04
2.819328e-01	5.472311e-04
2.819584e-01	5.603989e-04
2.819840e-01	5.737741e-04
2.820096e-01	5.869035e-04
2.820352e-01	5.994007e-04
2.820608e-01	6.121319e-04
2.820864e-01	6.248890e-04
2.821120e-01	6.369898e-04
2.821376e-01	6.498511e-04
2.821632e-01	6.620979e-04
2.821888e-01	6.733437e-04
2.822144e-01	6.855373e-04
2.822400e-01	6.969735e-04
2.822656e-01	7.083408e-04
2.822912e-01	7.198030e-04
2.823168e-01	7.302789e-04
2.823424e-01	7.418329e-04
2.823680e-01	7.524688e-04
2.823936e-01	7.626435e-04
2.824192e-01	7.730323e-04
2.824448e-01	7.832518e-04
2.824704e-01	7.928991e-04
2.824960e-01	8.025717e-04
2.825216e-01	8.115984e-04
2.825472e-01	8.210480e-04
2.825728e-01	8.301629e-04
2.825984e-01	8.393489e-04
2.826240e-01	8.481937e-04
2.826496e-01	8.565313e-04
2.826752e-01	8.647854e-04
2.827008e-01	8.725079e-04
2.827264e-01	8.802706e-04
2.827520e-01	8.883569e-04
2.827776e-01	8.955927e-04
2.828032e-01	9.025729e-04
2.828288e-01	9.092591e-04
2.828544e-01	9.163526e-04
2.828800e-01	9.223897e-04
2.829056e-01	9.287426e-04
2.829312e-01	9.343761e-04
2.829568e-01	9.406424e-04
2.829824e-01	9.460475e-04
2.830080e-01	9.511611e-04
2.830336e-01	9.563788e-04
2.830592e-01	9.609182e-04
2.830848e-01	9.658235e-04
2.831104e-01	9.699236e-04
2.831360e-01	9.740251e-04
2.831616e-01	9.780093e-04
2.831872e-01	9.809999e-04
2.832128e-01	9.846230e-04
2.832384e-01	9.880411e-04
2.832640e-01	9.912224e-04
2.832896e-01	9.932935e-04
2.833152e-01	9.959294e-04
2.833408e-01	9.975178e-04
2.833664e-01	9.992805e-04
2.833920e-01	1.001680e-03
2.834176e-01	1.002511e-03
2.834432e-01	1.003173e-03
2.834688e-01	1.004468e-03
2.834944e-01	1.005191e-03
2.835200e-01	1.005978e-03
2.835456e-01	1.005723e-03
2.835712e-01	1.005493e-03
2.835968e-01	1.004855e-03
2.836224e-01	1.004933e-03
2.836480e-01	1.004324e-03
2.836736e-01	1.002568e-03
2.836992e-01	1.001576e-03
2.837248e-01	1.000211e-03
2.837504e-01	9.982539e-04
2.837760e-01	9.960858e-04
2.838016e-01	9.936785e-04
2.838272e-01	9.911787e-04
2.838528e-01	9.884230e-04
2.838784e-01	9.857037e-04
2.839040e-01	9.817424e-04
2.839296e-01	9.787575e-04
2.839552e-01	9.744813e-04
2.839808e-01	9.707293e-04
2.840064e-01	9.659655e-04
2.840320e-01	9.611994e-04
2.840576e-01	9.569924e-04
2.840832e-01	9.514916e-04
2.841088e-01	9.466290e-04
2.841344e-01	9.413348e-04
2.841600e-01	9.354004e-04
2.841856e-01	9.294230e-04
2.842112e-01	9.229670e-04
2.842368e-01	9.168165e-04
2.842624e-01	9.101147e-04
2.842880e-01	9.032979e-04
2.843136e-01	8.954188e-04
2.843392e-01	8.884943e-04
2.843648e-01	8.810751e-04
2.843904e-01	8.730285e-04
2.844160e-01	8.648630e-04
2.844416e-01	8.564643e-04
2.844672e-01	8.483523e-04
2.844928e-01	8.395622e-04
2.845184e-01	8.300437e-04
2.845440e-01	8.212996e-04
2.845696e-01	8.116684e-04
2.845952e-01	8.020286e-04
2.846208e-01	7.922193e-04
2.846464e-01	7.820701e-04
2.846720e-01	7.717795e-04
2.846976e-01	7.614867e-04
2.847232e-01	7.508969e-04
2.847488e-01	7.401214e-04
2.847744e-01	7.286717e-04
2.848000e-01	7.177576e-04
2.848256e-01	7.063371e-04
2.848512e-01	6.946822e-04
2.848768e-01	6.827623e-04
2.849024e-01	6.709513e-04
2.849280e-01	6.584681e-04
2.849536e-01	6.462242e-04
2.849792e-01	6.337164e-04
2.850048e-01	6.206709e-04
2.850304e-01	6.082474e-04
2.850560e-01	5.947252e-04
2.850816e-01	5.816423e-04
2.851072e-01	5.686241e-04
2.851328e-01	5.546500e-04
2.851584e-01	5.412948e-04
2.851840e-01	5.270227e-04
2.852096e-01	5.136150e-04
2.852352e-01	4.990028e-04
2.852608e-01	4.853381e-04
2.852864e-01	4.704435e-04
2.853120e-01	4.559538e-04
2.853376e-01	4.414210e-04
2.853632e-01	4.263290e-04
2.853888e-01	4.116062e-04
2.854144e-01	3.961511e-04
2.854400e-01	3.817501e-04
2.854656e-01	3.660745e-04
2.854912e-01	3.508430e-04
2.855168e-01	3.354910e-04
2.855424e-01	3.195247e-04
2.855680e-01	3.043598e-04
2.855936e-01	2.881569e-04
2.856192e-01	2.729088e-04
2.856448e-01	2.565389e-04
2.856704e-01	2.402859e-04
2.856960e-01	2.244239e-04
2.857216e-01	2.084993e-04
2.857472e-01	1.920378e-04
2.857728e-01	1.761710e-04
2.857984e-01	1.594932e-04
2.858240e-01	1.433907e-04
2.858496e-01	1.267313e-04
2.858752e-01	1.099254e-04
2.859008e-01	9.372411e-05
2.859264e-01	7.697697e-05
2.859520e-01	6.042670e-05
2.859776e-01	4.425202e-05
2.860032e-01	2.734103e-05
2.860288e-01	1.032518e-05
2.860544e-01	-6.513967e-06
2.860800e-01	-2.259562e-05
2.861056e-01	-3.917213e-05
2.861312e-01	-5.619133e-05
2.861568e-01	-7.264422e-05
2.861824e-01	-8.954087e-05
2.862080e-01	-1.064386e-04
2.862336e-01	-1.228927e-04
2.862592e-01	-1.396388e-04
2.862848e-01	-1.556120e-04
2.863104e-01	-1.726116e-04
2.863360e-01	-1.889424e-04
2.863616e-01	-2.053097e-04
2.863872e-01	-2.221826e-04
2.864128e-01	-2.384747e-04
2.864384e-01	-2.545287e-04
2.864640e-01	-2.708654e-04
2.864896e-01	-2.870878e-04
2.865152e-01	-3.033729e-04
2.865408e-01	-3.192249e-04
2.865664e-01	-3.357973e-04
2.865920e-01	-3.510115e-04
2.866176e-01	-3.671138e-04
2.866432e-01	-3.824696e-04
2.866688e-01	-3.984522e-04
2.866944e-01	-4.140709e-04
2.867200e-01	-4.291406e-04
2.867456e-01	-4.450153e-04
2.867712e-01	-4.596639e-04
2.867968e-01	-4.751675e-04
2.868224e-01	-4.899991e-04
2.868480e-01	-5.048732e-04
2.868736e-01	-5.194563e-04
2.868992e-01	-5.338627e-04
2.869248e-01	-5.486246e-04
2.869504e-01	-5.626671e-04
2.869760e-01	-5.769946e-04
2.870016e-01	-5.904555e-04
2.870272e-01	-6.049554e-04
2.870528e-01	-6.182115e-04
2.870784e-01	-6.320266e-04
2.871040e-01	-6.451880e-04
2.871296e-01	-6.585071e-04
2.871552e-01	-6.713771e-04
2.871808e-01	-6.843442e-04
2.872064e-01	-6.967443e-04
2.872320e-01	-7.091786e-04
2.872576e-01	-7.220227e-04
2.872832e-01	-7.335874e-04
2.873088e-01	-7.459524e-04
2.873344e-01	-7.574165e-04
2.873600e-01	-7.686649e-04
2.873856e-01	-7.803126e-04
2.874112e-01	-7.906823e-04
2.874368e-01	-8.022855e-04
2.874624e-01	-8.127915e-04
2.874880e-01	-8.232771e-04
2.875136e-01	-8.334098e-04
2.875392e-01	-8.431101e-04
2.875648e-01	-8.532875e-04
2.875904e-01	-8.626688e-04
2.876160e-01	-8.716117e-04
2.876416e-01	-8.813553e-04
2.876672e-01	-8.898420e-04
2.876928e-01	-8.982675e-04
2.877184e-01	-9.067210e-04
2.877440e-01	-9.141947e-04
2.877696e-01	-9.225372e-04
2.877952e-01	-9.303045e-04
2.878208e-01	-9.371178e-04
2.878464e-01	-9.451908e-04
2.878720e-01	-9.513391e-04
2.878976e-01	-9.581269e-04
2.879232e-01	-9.638268e-04
2.879488e-01	-9.701003e-04
2.879744e-01	-9.763723e-04
2.880000e-01	-9.809724e-04
2.880256e-01	-9.865043e-04
2.880512e-01	-9.917424e-04
2.880768e-01	-9.963377e-04
2.881024e-01	-1.000643e-03
2.881280e-01	-1.004712e-03
2.881536e-01	-1.008703e-03
2.881792e-01	-1.012209e-03
2.882048e-01	-1.015806e-03
2.882304e-01	-1.018140e-03
2.882560e-01	-1.021142e-03
2.882816e-01	-1.023470e-03
2.883072e-01	-1.026007e-03
2.883328e-01	-1.027807e-03
2.883584e-01	-1.029059e-03
2.883840e-01	-1.030576e-03
2.884096e-01	-1.031553e-03
2.884352e-01	-1.032231e-03
2.884608e-01	-1.032699e-03
2.884864e-01	-1.032953e-03
2.885120e-01	-1.032875e-03
2.885376e-01	-1.032400e-03
2.885632e-01	-1.032293e-03
2.885888e-01	-1.030941e-03
2.886144e-01	-1.030032e-03
2.886400e-01	-1.028603e-03
2.886656e-01	-1.027023e-03
2.886912e-01	-1.025212e-03
2.887168e-01	-1.022661e-03
2.887424e-01	-1.019939e-03
2.887680e-01	-1.017252e-03
2.887936e-01	-1.014158e-03
2.888192e-01	-1.010777e-03
2.888448e-01	-1.007362e-03
2.888704e-01	-1.003683e-03
2.888960e-01	-9.991225e-04
2.889216e-01	-9.950283e-04
2.889472e-01	-9.900477e-04
2.889728e-01	-9.851622e-04
2.889984e-01	-9.797922e-04
2.890240e-01	-9.744004e-04
2.890496e-01	-9.684379e-04
2.890752e-01	-9.626427e-04
2.891008e-01	-9.568441e-04
2.891264e-01	-9.501318e-04
2.891520e-01	-9.432322e-04
2.891776e-01	-9.365765e-04
2.892032e-01	-9.289543e-04
2.892288e-01	-9.217784e-04
2.892544e-01	-9.143670e-04
2.892800e-01	-9.060082e-04
2.893056e-01	-8.982153e-04
2.893312e-01	-8.896400e-04
2.893568e-01	-8.810059e-04
2.893824e-01	-8.725107e-04
2.894080e-01	-8.628287e-04
2.894336e-01	-8.537789e-04
2.894592e-01	-8.441122e-04
2.894848e-01	-8.346618e-04
2.895104e-01	-8.245628e-04
2.895360e-01	-8.145599e-04
2.895616e-01	-8.042280e-04
2.895872e-01	-7.936160e-04
2.896128e-01	-7.826982e-04
2.896384e-01	-7.722293e-04
2.896640e-01	-7.606125e-04
2.896896e-01	-7.492653e-04
2.897152e-01	-7.379883e-04
2.897408e-01	-7.260466e-04
2.897664e-01	-7.143368e-04
2.897920e-01	-7.020507e-04
2.898176e-01	-6.898743e-04
2.898432e-01	-6.776945e-04
2.898688e-01	-6.644066e-04
2.898944e-01	-6.521921e-04
2.899200e-01	-6.395046e-04
2.899456e-01	-6.264414e-04
2.899712e-01	-6.127917e-04
2.899968e-01	-5.994614e-04
2.900224e-01	-5.860120e-04
2.900480e-01	-5.723641e-04
2.900736e-01	-5.586573e-04
2.900992e-01	-5.445602e-04
2.901248e-01	-5.305538e-04
2.901504e-01	-5.164539e-04
2.901760e-01	-5.019082e-04
2.902016e-01	-4.879864e-04
2.902272e-01	-4.731455e-04
2.902528e-01	-4.584526e-04
2.902784e-01	-4.436623e-04
2.903040e-01	-4.288052e-04
2.903296e-01	-4.138383e-04
2.903552e-01	-3.986869e-04
2.903808e-01	-3.837242e-04
2.904064e-01	-3.679864e-04
2.904320e-01	-3.527194e-04
2.904576e-01	-3.376217e-04
2.904832e-01	-3.213441e-04
2.905088e-01	-3.065702e-04
2.905344e-01	-2.902960e-04
2.905600e-01	-2.750194e-04
2.905856e-01	-2.592718e-04
2.906112e-01	-2.431742e-04
2.906368e-01	-2.277487e-04
2.906624e-01	-2.112274e-04
2.906880e-01	-1.954739e-04
2.907136e-01	-1.792404e-04
2.907392e-01	-1.632923e-04
2.907648e-01	-1.475030e-04
2.907904e-01	-1.306982e-04
2.908160e-01	-1.149733e-04
2.908416e-01	-9.885681e-05
2.908672e-01	-8.258160e-05
2.908928e-01	-6.603824e-05
2.909184e-01	-5.030972e-05
2.909440e-01	-3.396859e-05
2.909696e-01	-1.776853e-05
2.909952e-01	-1.074002e-06
2.910208e-01	1.466797e-05
2.910464e-01	3.089416e-05
2.910720e-01	4.735558e-05
2.910976e-01	6.296287e-05
2.911232e-01	7.915613e-05
2.911488e-01	9.567792e-05
2.911744e-01	1.113262e-04
2.912000e-01	1.272325e-04
2.912256e-01	1.434457e-04
2.912512e-01	1.591876e-04
2.912768e-01	1.753467e-04
2.913024e-01	1.911933e-04
2.913280e-01	2.069468e-04
2.913536e-01	2.227331e-04
2.913792e-01	2.380511e-04
2.914048e-01	2.541663e-04
2.914304e-01	2.690871e-04
2.914560e-01	2.850552e-04
2.914816e-01	3.003588e-04
2.915072e-01	3.152915e-04
2.915328e-01	3.306039e-04
2.915584e-01	3.457382e-04
2.915840e-01	3.605147e-04
2.916096e-01	3.758140e-04
2.916352e-01	3.905064e-04
2.916608e-01	4.051216e-04
2.916864e-01	4.198166e-04
2.917120e-01	4.344518e-04
2.917376e-01	4.487215e-04
2.917632e-01	4.630709e-04
2.917888e-01	4.772656e-04
2.918144e-01	4.908959e-04
2.918400e-01	5.050732e-04
2.918656e-01	5.188148e-04
2.918912e-01	5.324078e-04
2.919168e-01	5.460151e-04
2.919424e-01	5.591401e-04
2.919680e-01	5.727304e-04
2.919936e-01	5.854996e-04
2.920192e-01	5.984429e-04
2.920448e-01	6.106377e-04
2.920704e-01	6.241575e-04
2.920960e-01	6.359999e-04
2.921216e-01	6.484339e-04
2.921472e-01	6.606585e-04
2.921728e-01	6.722286e-04
2.921984e-01	6.845225e-04
2.922240e-01	6.953413e-04
2.922496e-01	7.073488e-04
2.922752e-01	7.188094e-04
2.923008e-01	7.290581e-04
2.923264e-01	7.404189e-04
2.923520e-01	7.513396e-04
2.923776e-01	7.620122e-04
2.924032e-01	7.719301e-04
2.924288e-01	7.825860e-04
2.924544e-01	7.923150e-04
2.924800e-01	8.019634e-04
2.925056e-01	8.115541e-04
2.925312e-01	8.206282e-04
2.925568e-01	8.298664e-04
2.925824e-01	8.388123e-04
2.926080e-01	8.472889e-04
2.926336e-01	8.560195e-04
2.926592e-01	8.641070e-04
2.926848e-01	8.722476e-04
2.927104e-01	8.800106e-04
2.927360e-01	8.876824e-04
2.927616e-01	8.951168e-04
2.927872e-01	9.020427e-04
2.928128e-01	9.089138e-04
2.928384e-01	9.155004e-04
2.928640e-01	9.218756e-04
2.928896e-01	9.289931e-04
2.929152e-01	9.342086e-04
2.929408e-01	9.400793e-04
2.929664e-01	9.455387e-04
2.929920e-01	9.508362e-04
2.930176e-01	9.562976e-04
2.930432e-01	9.609442e-04
2.930688e-01	9.652810e-04
2.930944e-01	9.694756e-04
2.931200e-01	9.735859e-04
2.931456e-01	9.775709e-04
2.931712e-01	9.811061e-04
2.931968e-01	9.845815e-04
2.932224e-01	9.878291e-04
2.932480e-01	9.908903e-04
2.932736e-01	9.930087e-04
2.932992e-01	9.951717e-04
2.933248e-01	9.979620e-04
2.933504e-01	9.996443e-04
2.933760e-01	1.000885e-03
2.934016e-01	1.003067e-03
2.934272e-01	1.003598e-03
2.934528e-01	1.005154e-03
2.934784e-01	1.005279e-03
2.935040e-01	1.005883e-03
2.935296e-01	1.006384e-03
2.935552e-01	1.005478e-03
2.935808e-01	1.005540e-03
2.936064e-01	1.005003e-03
2.936320e-01	1.004059e-03
2.936576e-01	1.002773e-03
2.936832e-01	1.001915e-03
2.937088e-01	1.000691e-03
2.937344e-01	9.978053e-04
2.937600e-01	9.963072e-04
2.937856e-01	9.940881e-04
2.938112e-01	9.914432e-04
2.938368e-01	9.884177e-04
2.938624e-01	9.855992e-04
2.938880e-01	9.823769e-04
2.939136e-01	9.786352e-04
2.939392e-01	9.748698e-04
2.939648e-01	9.708611e-04
2.939904e-01	9.666158e-04
2.940160e-01	9.624050e-04
2.940416e-01	9.573293e-04
2.940672e-01	9.526869e-04
2.940928e-01	9.472977e-04
2.941184e-01	9.417430e-04
2.941440e-01	9.362816e-04
2.941696e-01	9.302937e-04
2.941952e-01	9.237869e-04
2.942208e-01	9.178522e-04
2.942464e-01	9.111830e-04
2.942720e-01	9.037484e-04
2.942976e-01	8.963962e-04
2.943232e-01	8.897840e-04
2.943488e-01	8.818200e-04
2.943744e-01	8.741228e-04
2.944000e-01	8.660328e-04
2.944256e-01	8.574497e-04
2.944512e-01	8.491518e-04
2.944768e-01	8.401679e-04
2.945024e-01	8.313199e-04
2.945280e-01	8.223020e-04
2.945536e-01	8.125834e-04
2.945792e-01	8.029328e-04
2.946048e-01	7.933799e-04
2.946304e-01	7.835382e-04
2.946560e-01	7.728504e-04
2.946816e-01	7.626974e-04
2.947072e-01	7.517815e-04
2.947328e-01	7.411049e-04
2.947584e-01	7.300202e-04
2.947840e-01	7.185481e-04
2.948096e-01	7.071513e-04
2.948352e-01	6.958101e-04
2.948608e-01	6.838203e-04
2.948864e-01	6.715071e-04
2.949120e-01	6.597521e-04
2.949376e-01	6.477170e-04
2.949632e-01	6.346978e-04
2.949888e-01	6.226824e-04
2.950144e-01	6.090542e-04
2.950400e-01	5.965439e-04
2.950656e-01	5.831834e-04
2.950912e-01	5.693295e-04
2.951168e-01	5.563674e-04
2.951424e-01	5.423884e-04
2.951680e-01	5.283984e-04
2.951936e-01	5.148241e-04
2.952192e-01	5.006557e-04
2.952448e-01	4.861754e-04
2.952704e-01	4.720931e-04
2.952960e-01	4.576510e-04
2.953216e-01	4.427478e-04
2.953472e-01	4.280107e-04
2.953728e-01	4.131084e-04
2.953984e-01	3.983008e-04
2.954240e-01	3.829261e-04
2.954496e-01	3.678193e-04
2.954752e-01	3.517965e-04
2.955008e-01	3.367740e-04
2.955264e-01	3.214696e-04
2.955520e-01	3.053535e-04
2.955776e-01	2.896744e-04
2.956032e-01	2.740941e-04
2.956288e-01	2.580323e-04
2.956544e-01	2.421884e-04
2.956800e-01	2.258553e-04
2.957056e-01	2.101284e-04
2.957312e-01	1.938071e-04
2.957568e-01	1.773506e-04
2.957824e-01	1.611306e-04
2.958080e-01	1.447259e-04
2.958336e-01	1.282385e-04
2.958592e-01	1.117715e-04
2.958848e-01	9.516339e-05
2.959104e-01	7.874134e-05
2.959360e-01	6.190943e-05
2.959616e-01	4.544329e-05
2.959872e-01	2.902812e-05
2.960128e-01	1.232181e-05
2.960384e-01	-4.650839e-06
2.960640e-01	-2.105609e-05
2.960896e-01	-3.786405e-05
2.961152e-01	-5.432469e-05
2.961408e-01	-7.152705e-05
2.961664e-01	-8.798718e-05
2.961920e-01	-1.045567e-04
2.962176e-01	-1.210489e-04
2.962432e-01	-1.378789e-04
2.962688e-01	-1.545429e-04
2.962944e-01	-1.707642e-04
2.963200e-01	-1.876226e-04
2.963456e-01	-2.039599e-04
2.963712e-01	-2.203717e-04
2.963968e-01	-2.364514e-04
2.964224e-01	-2.529641e-04
2.964480e-01	-2.696681e-04
2.964736e-01	-2.857032e-04
2.964992e-01	-3.021381e-04
2.965248e-01	-3.172631e-04
2.965504e-01	-3.339071e-04
2.965760e-01	-3.497093e-04
2.966016e-01	-3.652997e-04
2.966272e-01	-3.809730e-04
2.966528e-01	-3.970791e-04
2.966784e-01	-4.124327e-04
2.967040e-01	-4.279520e-04
2.967296e-01	-4.435538e-04
2.967552e-01	-4.579847e-04
2.967808e-01	-4.735749e-04
2.968064e-01	-4.886053e-04
2.968320e-01	-5.030970e-04
2.968576e-01	-5.181576e-04
2.968832e-01	-5.326991e-04
2.969088e-01	-5.471310e-04
2.969344e-01	-5.611607e-04
2.969600e-01	-5.754344e-04
2.969856e-01	-5.897659e-04
2.970112e-01	-6.036178e-04
2.970368e-01	-6.166205e-04
2.970624e-01	-6.307833e-04
2.970880e-01	-6.440334e-04
2.971136e-01	-6.577738e-04
2.971392e-01	-6.700033e-04
2.971648e-01	-6.829178e-04
2.971904e-01	-6.964935e-04
2.972160e-01	-7.085711e-04
2.972416e-01	-7.206735e-04
2.972672e-01	-7.328306e-04
2.972928e-01	-7.448836e-04
2.973184e-01	-7.562930e-04
2.973440e-01	-7.680565e-04
2.973696e-01	-7.794095e-04
2.973952e-01	-7.898430e-04
2.974208e-01	-8.013369e-04
2.974464e-01	-8.115662e-04
2.974720e-01	-8.222986e-04
2.974976e-01	-8.322451e-04
2.975232e-01	-8.423792e-04
2.975488e-01	-8.520106e-04
2.975744e-01	-8.615641e-04
2.976000e-01	-8.713023e-04
2.976256e-01	-8.798389e-04
2.976512e-01	-8.890289e-04
2.976768e-01	-8.974700e-04
2.977024e-01	-9.054900e-04
2.977280e-01	-9.138152e-04
2.977536e-01	-9.212083e-04
2.977792e-01	-9.293591e-04
2.978048e-01	-9.364174e-04
2.978304e-01	-9.436953e-04
2.978560e-01	-9.503914e-04
2.978816e-01	-9.573195e-04
2.979072e-01	-9.635446e-04
2.979328e-01	-9.693170e-04
2.979584e-01	-9.757103e-04
2.979840e-01	-9.806753e-04
2.980096e-01	-9.859732e-04
2.980352e-01	-9.911491e-04
2.980608e-01	-9.956841e-04
2.980864e-01	-1.000345e-03
2.981120e-01	-1.004061e-03
2.981376e-01	-1.008376e-03
2.981632e-01	-1.011774e-03
2.981888e-01	-1.015148e-03
2.982144e-01	-1.018138e-03
2.982400e-01	-1.021000e-03
2.982656e-01	-1.023232e-03
2.982912e-01	-1.025366e-03
2.983168e-01	-1.027396e-03
2.983424e-01	-1.029258e-03
2.983680e-01	-1.030486e-03
2.983936e-01	-1.031400e-03
2.984192e-01	-1.031897e-03
2.984448e-01	-1.032979e-03
2.984704e-01	-1.033464e-03
2.984960e-01	-1.033090e-03
2.985216e-01	-1.032456e-03
2.985472e-01	-1.032157e-03
2.985728e-01	-1.031234e-03
2.985984e-01	-1.030049e-03
2.986240e-01	-1.028621e-03
2.986496e-01	-1.026999e-03
2.986752e-01	-1.025183e-03
2.987008e-01	-1.023205e-03
2.987264e-01	-1.020391e-03
2.987520e-01	-1.017598e-03
2.987776e-01	-1.014551e-03
2.988032e-01	-1.011416e-03
2.988288e-01	-1.007617e-03
2.988544e-01	-1.004104e-03
2.988800e-01	-9.998382e-04
2.989056e-01	-9.950929e-04
2.989312e-01	-9.904029e-04
2.989568e-01	-9.860732e-04
2.989824e-01	-9.805937e-04
2.990080e-01	-9.749354e-04
2.990336e-01	-9.698091e-04
2.990592e-01	-9.635593e-04
2.990848e-01	-9.571961e-04
2.991104e-01	-9.507510e-04
2.991360e-01	-9.439994e-04
2.991616e-01	-9.372283e-04
2.991872e-01	-9.298867e-04
2.992128e-01	-9.227397e-04
2.992384e-01	-9.147886e-04
2.992640e-01	-9.072231e-04
2.992896e-01	-8.991058e-04
2.993152e-01	-8.906636e-04
2.993408e-01	-8.819079e-04
2.993664e-01	-8.731190e-04
2.993920e-01	-8.638782e-04
2.994176e-01	-8.552250e-04
2.994432e-01	-8.451206e-04
2.994688e-01	-8.355994e-04
2.994944e-01	-8.258047e-04
2.995200e-01	-8.153038e-04
2.995456e-01	-8.054529e-04
2.995712e-01	-7.948697e-04
2.995968e-01	-7.842801e-04
2.996224e-01	-7.733259e-04
2.996480e-01	-7.619765e-04
2.996736e-01	-7.506388e-04
2.996992e-01	-7.389818e-04
2.997248e-01	-7.273936e-04
2.997504e-01	-7.152089e-04
2.997760e-01	-7.036754e-04
2.998016e-01	-6.910804e-04
2.998272e-01	-6.786875e-04
2.998528e-01	-6.659992e-04
2.998784e-01	-6.534657e-04
2.999040e-01	-6.404830e-04
2.999296e-01	-6.275050e-04
2.999552e-01	-6.142250e-04
2.999808e-01	-6.008172e-04
3.000064e-01	-5.874811e-04
3.000320e-01	-5.737070e-04
3.000576e-01	-5.598856e-04
3.000832e-01	-5.458616e-04
3.001088e-01	-5.319012e-04
3.001344e-01	-5.176068e-04
3.001600e-01	-5.030806e-04
3.001856e-01	-4.891956e-04
3.002112e-01	-4.743487e-04
3.002368e-01	-4.601447e-04
3.002624e-01	-4.449894e-04
3.002880e-01	-4.300859e-04
3.003136e-01	-4.154624e-04
3.003392e-01	-3.998596e-04
3.003648e-01	-3.848150e-04
3.003904e-01	-3.699639e-04
3.004160e-01	-3.540327e-04
3.004416e-01	-3.390531e-04
3.004672e-01	-3.233528e-04
3.004928e-01	-3.076949e-04
3.005184e-01	-2.923703e-04
3.005440e-01	-2.763743e-04
3.005696e-01	-2.604700e-04
3.005952e-01	-2.449244e-04
3.006208e-01	-2.290609e-04
3.006464e-01	-2.128675e-04
3.006720e-01	-1.969641e-04
3.006976e-01	-1.811627e-04
3.007232e-01	-1.649973e-04
3.007488e-01	-1.491985e-04
3.007744e-01	-1.323342e-04
3.008000e-01	-1.166627e-04
3.008256e-01	-1.002581e-04
3.008512e-01	-8.389095e-05
3.008768e-01	-6.813072e-05
3.009024e-01	-5.152764e-05
3.009280e-01	-3.540568e-05
3.009536e-01	-1.961970e-05
3.009792e-01	-3.005038e-06
3.010048e-01	1.321617e-05
3.010304e-01	2.958095e-05
3.010560e-01	4.541794e-05
3.010816e-01	6.145551e-05
3.011072e-01	7.776344e-05
3.011328e-01	9.374166e-05
3.011584e-01	1.095791e-04
3.011840e-01	1.261290e-04
3.012096e-01	1.418758e-04
3.012352e-01	1.580571e-04
3.012608e-01	1.741271e-04
3.012864e-01	1.895851e-04
3.013120e-01	2.053203e-04
3.013376e-01	2.214524e-04
3.013632e-01	2.368366e-04
3.013888e-01	2.522082e-04
3.014144e-01	2.679100e-04
3.014400e-01	2.836707e-04
3.014656e-01	2.988530e-04
3.014912e-01	3.142271e-04
3.015168e-01	3.291153e-04
3.015424e-01	3.442505e-04
3.015680e-01	3.591827e-04
3.015936e-01	3.743140e-04
3.016192e-01	3.887960e-04
3.016448e-01	4.038592e-04
3.016704e-01	4.183488e-04
3.016960e-01	4.330670e-04
3.017216e-01	4.473388e-04
3.017472e-01	4.614614e-04
3.017728e-01	4.763085e-04
3.017984e-01	4.896287e-04
3.018240e-01	5.037096e-04
3.018496e-01	5.175562e-04
3.018752e-01	5.309704e-04
3.019008e-01	5.446750e-04
3.019264e-01	5.578314e-04
3.019520e-01	5.714271e-04
3.019776e-01	5.838462e-04
3.020032e-01	5.975310e-04
3.020288e-01	6.100573e-04
3.020544e-01	6.225218e-04
3.020800e-01	6.350749e-04
3.021056e-01	6.473665e-04
3.021312e-01	6.595696e-04
3.021568e-01	6.715097e-04
3.021824e-01	6.831197e-04
3.022080e-01	6.947527e-04
3.022336e-01	7.063608e-04
3.022592e-01	7.174641e-04
3.022848e-01	7.286141e-04
3.023104e-01	7.395764e-04
3.023360e-01	7.498557e-04
3.023616e-01	7.609702e-04
3.023872e-01	7.708239e-04
3.024128e-01	7.809263e-04
3.024384e-01	7.913445e-04
3.024640e-01	8.006931e-04
3.024896e-01	8.102190e-04
3.025152e-01	8.196617e-04
3.025408e-01	8.287705e-04
3.025664e-01	8.380410e-04
3.025920e-01	8.461214e-04
3.026176e-01	8.551561e-04
3.026432e-01	8.631602e-04
3.026688e-01	8.711052e-04
3.026944e-01	8.792605e-04
3.027200e-01	8.870886e-04
3.027456e-01	8.941707e-04
3.027712e-01	9.012154e-04
3.027968e-01	9.081245e-04
3.028224e-01	9.147452e-04
3.028480e-01	9.211720e-04
3.028736e-01	9.272386e-04
3.028992e-01	9.336386e-04
3.029248e-01	9.393376e-04
3.029504e-01	9.448043e-04
3.029760e-01	9.506081e-04
3.030016e-01	9.549740e-04
3.030272e-01	9.601368e-04
3.030528e-01	9.651728e-04
3.030784e-01	9.692434e-04
3.031040e-01	9.731755e-04
3.031296e-01	9.774509e-04
3.031552e-01	9.803935e-04
3.031808e-01	9.840319e-04
3.032064e-01	9.874906e-04
3.032320e-01	9.904108e-04
3.032576e-01	9.926722e-04
3.032832e-01	9.950113e-04
3.033088e-01	9.974386e-04
3.033344e-01	9.992317e-04
3.033600e-01	1.001105e-03
3.033856e-01	1.002556e-03
3.034112e-01	1.003369e-03
3.034368e-01	1.004485e-03
3.034624e-01	1.005052e-03
3.034880e-01	1.005876e-03
3.035136e-01	1.005897e-03
3.035392e-01	1.006014e-03
3.035648e-01	1.005686e-03
3.035904e-01	1.005049e-03
3.036160e-01	1.004095e-03
3.036416e-01	1.003009e-03
3.036672e-01	1.001683e-03
3.036928e-01	1.000219e-03
3.037184e-01	9.984998e-04
3.037440e-01	9.965486e-04
3.037696e-01	9.943426e-04
3.037952e-01	9.920114e-04
3.038208e-01	9.891315e-04
3.038464e-01	9.859583e-04
3.038720e-01	9.824213e-04
3.038976e-01	9.788966e-04
3.039232e-01	9.752321e-04
3.039488e-01	9.716944e-04
3.039744e-01	9.670008e-04
3.040000e-01	9.627127e-04
3.040256e-01	9.580417e-04
3.040512e-01	9.528113e-04
3.040768e-01	9.476864e-04
3.041024e-01	9.420836e-04
3.041280e-01	9.364723e-04
3.041536e-01	9.309286e-04
3.041792e-01	9.241362e-04
3.042048e-01	9.183388e-04
3.042304e-01	9.113597e-04
3.042560e-01	9.044583e-04
3.042816e-01	8.972095e-04
3.043072e-01	8.898135e-04
3.043328e-01	8.822945e-04
3.043584e-01	8.744810e-04
3.043840e-01	8.665158e-04
3.044096e-01	8.582965e-04
3.044352e-01	8.498723e-04
3.044608e-01	8.410296e-04
3.044864e-01	8.321115e-04
3.045120e-01	8.231207e-04
3.045376e-01	8.138497e-04
3.045632e-01	8.039937e-04
3.045888e-01	7.941168e-04
3.046144e-01	7.844965e-04
3.046400e-01	7.742474e-04
3.046656e-01	7.638212e-04
3.046912e-01	7.529973e-04
3.047168e-01	7.424409e-04
3.047424e-01	7.308775e-04
3.047680e-01	7.203507e-04
3.047936e-01	7.084833e-04
3.048192e-01	6.970638e-04
3.048448e-01	6.852104e-04
3.048704e-01	6.727517e-04
3.048960e-01	6.613427e-04
3.049216e-01	6.485531e-04
3.049472e-01	6.361711e-04
3.049728e-01	6.234910e-04
3.049984e-01	6.103229e-04
3.050240e-01	5.979514e-04
3.050496e-01	5.841205e-04
3.050752e-01	5.712113e-04
3.051008e-01	5.579487e-04
3.051264e-01	5.440082e-04
3.051520e-01	5.300708e-04
3.051776e-01	5.159747e-04
3.052032e-01	5.016524e-04
3.052288e-01	4.877626e-04
3.052544e-01	4.730614e-04
3.052800e-01	4.585637e-04
3.053056e-01	4.444800e-04
3.053312e-01	4.295516e-04
3.053568e-01	4.144775e-04
3.053824e-01	3.996023e-04
3.054080e-01	3.845378e-04
3.054336e-01	3.693158e-04
3.054592e-01	3.533673e-04
3.054848e-01	3.386210e-04
3.055104e-01	3.230581e-04
3.055360e-01	3.072182e-04
3.055616e-01	2.913829e-04
3.055872e-01	2.760423e-04
3.056128e-01	2.598326e-04
3.056384e-01	2.436599e-04
3.056640e-01	2.277963e-04
3.056896e-01	2.114465e-04
3.057152e-01	1.952217e-04
3.057408e-01	1.789209e-04
3.057664e-01	1.627797e-04
3.057920e-01	1.465189e-04
3.058176e-01	1.296115e-04
3.058432e-01	1.133865e-04
3.058688e-01	9.705914e-05
3.058944e-01	8.013594e-05
3.059200e-01	6.348264e-05
3.059456e-01	4.707432e-05
3.059712e-01	3.012459e-05
3.059968e-01	1.367571e-05
3.060224e-01	-3.216240e-06
3.060480e-01	-1.955829e-05
3.060736e-01	-3.623866e-05
3.060992e-01	-5.282815e-05
3.061248e-01	-6.997008e-05
3.061504e-01	-8.621252e-05
3.061760e-01	-1.030327e-04
3.062016e-01	-1.196034e-04
3.062272e-01	-1.361463e-04
3.062528e-01	-1.533832e-04
3.062784e-01	-1.694238e-04
3.063040e-01	-1.858390e-04
3.063296e-01	-2.023095e-04
3.063552e-01	-2.188468e-04
3.063808e-01	-2.355317e-04
3.064064e-01	-2.514530e-04
3.064320e-01	-2.681635e-04
3.064576e-01	-2.839703e-04
3.064832e-01	-3.003299e-04
3.065088e-01	-3.163974e-04
3.065344e-01	-3.321001e-04
3.065600e-01	-3.483869e-04
3.065856e-01	-3.645676e-04
3.066112e-01	-3.797368e-04
3.066368e-01	-3.953003e-04
3.066624e-01	-4.110115e-04
3.066880e-01	-4.263740e-04
3.067136e-01	-4.417863e-04
3.067392e-01	-4.572771e-04
3.067648e-01	-4.717090e-04
3.067904e-01	-4.868542e-04
3.068160e-01	-5.021542e-04
3.068416e-01	-5.168190e-04
3.068672e-01	-5.313929e-04
3.068928e-01	-5.458227e-04
3.069184e-01	-5.597800e-04
3.069440e-01	-5.742432e-04
3.069696e-01	-5.881141e-04
3.069952e-01	-6.025183e-04
3.070208e-01	-6.162004e-04
3.070464e-01	-6.293033e-04
3.070720e-01	-6.425974e-04
3.070976e-01	-6.560033e-04
3.071232e-01	-6.689969e-04
3.071488e-01	-6.821216e-04
3.071744e-01	-6.945427e-04
3.072000e-01	-7.071765e-04
3.072256e-01	-7.196126e-04
3.072512e-01	-7.316209e-04
3.072768e-01	-7.436251e-04
3.073024e-01	-7.549890e-04
3.073280e-01	-7.666240e-04
3.073536e-01	-7.779758e-04
3.073792e-01	-7.892319e-04
3.074048e-01	-8.004991e-04
3.074304e-01	-8.104836e-04
3.074560e-01	-8.214662e-04
3.074816e-01	-8.312892e-04
3.075072e-01	-8.413938e-04
3.075328e-01	-8.509608e-04
3.075584e-01	-8.607764e-04
3.075840e-01	-8.706237e-04
3.076096e-01	-8.790678e-04
3.076352e-01	-8.880192e-04
3.076608e-01	-8.971139e-04
3.076864e-01	-9.049397e-04
3.077120e-01	-9.132203e-04
3.077376e-01	-9.210527e-04
3.077632e-01	-9.283902e-04
3.077888e-01	-9.356800e-04
3.078144e-01	-9.429430e-04
3.078400e-01	-9.494139e-04
3.078656e-01	-9.566731e-04
3.078912e-01	-9.634582e-04
3.079168e-01	-9.689830e-04
3.079424e-01	-9.747516e-04
3.079680e-01	-9.804994e-04
3.079936e-01	-9.854996e-04
3.080192e-01	-9.905234e-04
3.080448e-01	-9.952985e-04
3.080704e-01	-1.000004e-03
3.080960e-01	-1.003814e-03
3.081216e-01	-1.008211e-03
3.081472e-01	-1.011538e-03
3.081728e-01	-1.014738e-03
3.081984e-01	-1.018277e-03
3.082240e-01	-1.020727e-03
3.082496e-01	-1.022937e-03
3.082752e-01	-1.025227e-03
3.083008e-01	-1.027459e-03
3.083264e-01	-1.029466e-03
3.083520e-01	-1.030051e-03
3.083776e-01	-1.031348e-03
3.084032e-01	-1.032468e-03
3.084288e-01	-1.032696e-03
3.084544e-01	-1.033050e-03
3.084800e-01	-1.033233e-03
3.085056e-01	-1.032838e-03
3.085312e-01	-1.032386e-03
3.085568e-01	-1.031280e-03
3.085824e-01	-1.030365e-03
3.086080e-01	-1.028949e-03
3.086336e-01	-1.027365e-03
3.086592e-01	-1.025178e-03
3.086848e-01	-1.022902e-03
3.087104e-01	-1.020592e-03
3.087360e-01	-1.017966e-03
3.087616e-01	-1.014935e-03
3.087872e-01	-1.011666e-03
3.088128e-01	-1.007824e-03
3.088384e-01	-1.004466e-03
3.088640e-01	-9.998285e-04
3.088896e-01	-9.959175e-04
3.089152e-01	-9.913499e-04
3.089408e-01	-9.862586e-04
3.089664e-01	-9.810395e-04
3.089920e-01	-9.754296e-04
3.090176e-01	-9.701013e-04
3.090432e-01	-9.641518e-04
3.090688e-01	-9.580810e-04
3.090944e-01	-9.517658e-04
3.091200e-01	-9.447481e-04
3.091456e-01	-9.376784e-04
3.091712e-01	-9.304200e-04
3.091968e-01	-9.234330e-04
3.092224e-01	-9.155055e-04
3.092480e-01	-9.080076e-04
3.092736e-01	-8.997457e-04
3.092992e-01	-8.913057e-04
3.093248e-01	-8.827227e-04
3.093504e-01	-8.741820e-04
3.093760e-01	-8.651285e-04
3.094016e-01	-8.556878e-04
3.094272e-01	-8.462400e-04
3.094528e-01	-8.366257e-04
3.094784e-01	-8.263945e-04
3.095040e-01	-8.165372e-04
3.095296e-01	-8.062565e-04
3.095552e-01	-7.957414e-04
3.095808e-01	-7.853011e-04
3.096064e-01	-7.739800e-04
3.096320e-01	-7.629155e-04
3.096576e-01	-7.521387e-04
3.096832e-01	-7.401129e-04
3.097088e-01	-7.285997e-04
3.097344e-01	-7.164094e-04
3.097600e-01	-7.042145e-04
3.097856e-01	-6.923836e-04
3.098112e-01	-6.800442e-04
3.098368e-01	-6.672706e-04
3.098624e-01	-6.548731e-04
3.098880e-01	-6.417242e-04
3.099136e-01	-6.288005e-04
3.099392e-01	-6.152820e-04
3.099648e-01	-6.022529e-04
3.099904e-01	-5.888461e-04
3.100160e-01	-5.749589e-04
3.100416e-01	-5.615524e-04
3.100672e-01	-5.475195e-04
3.100928e-01	-5.330109e-04
3.101184e-01	-5.191456e-04
3.101440e-01	-5.050094e-04
3.101696e-01	-4.906345e-04
3.101952e-01	-4.758691e-04
3.102208e-01	-4.616583e-04
3.102464e-01	-4.462599e-04
3.102720e-01	-4.315844e-04
3.102976e-01	-4.168298e-04
3.103232e-01	-4.014013e-04
3.103488e-01	-3.866050e-04
3.103744e-01	-3.712285e-04
3.104000e-01	-3.555786e-04
3.104256e-01	-3.406932e-04
3.104512e-01	-3.249476e-04
3.104768e-01	-3.092943e-04
3.105024e-01	-2.936037e-04
3.105280e-01	-2.778087e-04
3.105536e-01	-2.619111e-04
3.105792e-01	-2.463672e-04
3.106048e-01	-2.308187e-04
3.106304e-01	-2.143295e-04
3.106560e-01	-1.979909e-04
3.106816e-01	-1.827184e-04
3.107072e-01	-1.661412e-04
3.107328e-01	-1.504312e-04
3.107584e-01	-1.342969e-04
3.107840e-01	-1.178487e-04
3.108096e-01	-1.018971e-04
3.108352e-01	-8.546073e-05
3.108608e-01	-6.935270e-05
3.108864e-01	-5.324408e-05
3.109120e-01	-3.668601e-05
3.109376e-01	-2.094743e-05
3.109632e-01	-4.506227e-06
3.109888e-01	1.154870e-05
3.110144e-01	2.775759e-05
3.110400e-01	4.427546e-05
3.110656e-01	6.001565e-05
3.110912e-01	7.622134e-05
3.111168e-01	9.268061e-05
3.111424e-01	1.079506e-04
3.111680e-01	1.246622e-04
3.111936e-01	1.405948e-04
3.112192e-01	1.561516e-04
3.112448e-01	1.721362e-04
3.112704e-01	1.881534e-04
3.112960e-01	2.043818e-04
3.113216e-01	2.198507e-04
3.113472e-01	2.351477e-04
3.113728e-01	2.509847e-04
3.113984e-01	2.664342e-04
3.114240e-01	2.817183e-04
3.114496e-01	2.969195e-04
3.114752e-01	3.129915e-04
3.115008e-01	3.281974e-04
3.115264e-01	3.431322e-04
3.115520e-01	3.580317e-04
3.115776e-01	3.730170e-04
3.116032e-01	3.874648e-04
3.116288e-01	4.026773e-04
3.116544e-01	4.170141e-04
3.116800e-01	4.311927e-04
3.117056e-01	4.461590e-04
3.117312e-01	4.604211e-04
3.117568e-01	4.745576e-04
3.117824e-01	4.888928e-04
3.118080e-01	5.024112e-04
3.118336e-01	5.160599e-04
3.118592e-01	5.298111e-04
3.118848e-01	5.434682e-04
3.119104e-01	5.569525e-04
3.119360e-01	5.699966e-04
3.119616e-01	5.826596e-04
3.119872e-01	5.960495e-04
3.120128e-01	6.085141e-04
3.120384e-01	6.214992e-04
3.120640e-01	6.339221e-04
3.120896e-01	6.459614e-04
3.121152e-01	6.581970e-04
3.121408e-01	6.703039e-04
3.121664e-01	6.820633e-04
3.121920e-01	6.937743e-04
3.122176e-01	7.049182e-04
3.122432e-01	7.164033e-04
3.122688e-01	7.277674e-04
3.122944e-01	7.386071e-04
3.123200e-01	7.490019e-04
3.123456e-01	7.600178e-04
3.123712e-01	7.700846e-04
3.123968e-01	7.802931e-04
3.124224e-01	7.903253e-04
3.124480e-01	7.998727e-04
3.124736e-01	8.097797e-04
3.124992e-01	8.188064e-04
3.125248e-01	8.280651e-04
3.125504e-01	8.369256e-04
3.125760e-01	8.458319e-04
3.126016e-01	8.544684e-04
3.126272e-01	8.621248e-04
3.126528e-01	8.711435e-04
3.126784e-01	8.782436e-04
3.127040e-01	8.862787e-04
3.127296e-01	8.933359e-04
3.127552e-01	9.006482e-04
3.127808e-01	9.077071e-04
3.128064e-01	9.140462e-04
3.128320e-01	9.209069e-04
3.128576e-01	9.269083e-04
3.128832e-01	9.331723e-04
3.129088e-01	9.387645e-04
3.129344e-01	9.445815e-04
3.129600e-01	9.499905e-04
3.129856e-01	9.547116e-04
3.130112e-01	9.600847e-04
3.130368e-01	9.642682e-04
3.130624e-01	9.690282e-04
3.130880e-01	9.731092e-04
3.131136e-01	9.769961e-04
3.131392e-01	9.802933e-04
3.131648e-01	9.841537e-04
3.131904e-01	9.875186e-04
3.132160e-01	9.896179e-04
3.132416e-01	9.931584e-04
3.132672e-01	9.955002e-04
3.132928e-01	9.970849e-04
3.133184e-01	9.997189e-04
3.133440e-01	1.000831e-03
3.133696e-01	1.002776e-03
3.133952e-01	1.003811e-03
3.134208e-01	1.004460e-03
3.134464e-01	1.005000e-03
3.134720e-01	1.005725e-03
3.134976e-01	1.006051e-03
3.135232e-01	1.005886e-03
3.135488e-01	1.005761e-03
3.135744e-01	1.005369e-03
3.136000e-01	1.004415e-03
3.136256e-01	1.003762e-03
3.136512e-01	1.002103e-03
3.136768e-01	1.000579e-03
3.137024e-01	9.988444e-04
3.137280e-01	9.967182e-04
3.137536e-01	9.949647e-04
3.137792e-01	9.921303e-04
3.138048e-01	9.892997e-04
3.138304e-01	9.864029e-04
3.138560e-01	9.831070e-04
3.138816e-01	9.798281e-04
3.139072e-01	9.757667e-04
3.139328e-01	9.719989e-04
3.139584e-01	9.673191e-04
3.139840e-01	9.635459e-04
3.140096e-01	9.585526e-04
3.140352e-01	9.534335e-04
3.140608e-01	9.486653e-04
3.140864e-01	9.429483e-04
3.141120e-01	9.370132e-04
3.141376e-01	9.314754e-04
3.141632e-01	9.253849e-04
3.141888e-01	9.190191e-04
3.142144e-01	9.121078e-04
3.142400e-01	9.051089e-04
3.142656e-01	8.981566e-04
3.142912e-01	8.911670e-04
3.143168e-01	8.832583e-04
3.143424e-01	8.754896e-04
3.143680e-01	8.673199e-04
3.143936e-01	8.592104e-04
3.144192e-01	8.509154e-04
3.144448e-01	8.420084e-04
3.144704e-01	8.330910e-04
3.144960e-01	8.240508e-04
3.145216e-01	8.144401e-04
3.145472e-01	8.051087e-04
3.145728e-01	7.954090e-04
3.145984e-01	7.855477e-04
3.146240e-01	7.751270e-04
3.146496e-01	7.647987e-04
3.146752e-01	7.540916e-04
3.147008e-01	7.434797e-04
3.147264e-01	7.323055e-04
3.147520e-01	7.211877e-04
3.147776e-01	7.096053e-04
3.148032e-01	6.983336e-04
3.148288e-01	6.863154e-04
3.148544e-01	6.743437e-04
3.148800e-01	6.625779e-04
3.149056e-01	6.497308e-04
3.149312e-01	6.376744e-04
3.149568e-01	6.249479e-04
3.149824e-01	6.116533e-04
3.150080e-01	5.988568e-04
3.150336e-01	5.857112e-04
3.150592e-01	5.726285e-04
3.150848e-01	5.589499e-04
3.151104e-01	5.454752e-04
3.151360e-01	5.309961e-04
3.151616e-01	5.174738e-04
3.151872e-01	5.034608e-04
3.152128e-01	4.894335e-04
3.152384e-01	4.745735e-04
3.152640e-01	4.600606e-04
3.152896e-01	4.456915e-04
3.153152e-01	4.309385e-04
3.153408e-01	4.158688e-04
3.153664e-01	4.010626e-04
3.153920e-01	3.857951e-04
3.154176e-01	3.704980e-04
3.154432e-01	3.554409e-04
3.154688e-01	3.395200e-04
3.154944e-01	3.242263e-04
3.155200e-01	3.085145e-04
3.155456e-01	2.927910e-04
3.155712e-01	2.772038e-04
3.155968e-01	2.609000e-04
3.156224e-01	2.452524e-04
3.156480e-01	2.290432e-04
3.156736e-01	2.131455e-04
3.156992e-01	1.966341e-04
3.157248e-01	1.804076e-04
3.157504e-01	1.641721e-04
3.157760e-01	1.482111e-04
3.158016e-01	1.311711e-04
3.158272e-01	1.147141e-04
3.158528e-01	9.867905e-05
3.158784e-01	8.177235e-05
3.159040e-01	6.511312e-05
3.159296e-01	4.870773e-05
3.159552e-01	3.196621e-05
3.159808e-01	1.538321e-05
3.160064e-01	-1.537216e-06
3.160320e-01	-1.786381e-05
3.160576e-01	-3.458968e-05
3.160832e-01	-5.126046e-05
3.161088e-01	-6.832329e-05
3.161344e-01	-8.455331e-05
3.161600e-01	-1.013867e-04
3.161856e-01	-1.183971e-04
3.162112e-01	-1.342760e-04
3.162368e-01	-1.513470e-04
3.162624e-01	-1.680239e-04
3.162880e-01	-1.842990e-04
3.163136e-01	-2.008145e-04
3.163392e-01	-2.170392e-04
3.163648e-01	-2.341453e-04
3.163904e-01	-2.504544e-04
3.164160e-01	-2.666464e-04
3.164416e-01	-2.826506e-04
3.164672e-01	-2.987856e-04
3.164928e-01	-3.147488e-04
3.165184e-01	-3.308902e-04
3.165440e-01	-3.463590e-04
3.165696e-01	-3.625192e-04
3.165952e-01	-3.783563e-04
3.166208e-01	-3.939770e-04
3.166464e-01	-4.097423e-04
3.166720e-01	-4.251973e-04
3.166976e-01	-4.403993e-04
3.167232e-01	-4.557523e-04
3.167488e-01	-4.707901e-04
3.167744e-01	-4.859663e-04
3.168000e-01	-5.002060e-04
3.168256e-01	-5.154487e-04
3.168512e-01	-5.302192e-04
3.168768e-01	-5.441874e-04
3.169024e-01	-5.586506e-04
3.169280e-01	-5.728672e-04
3.169536e-01	-5.867502e-04
3.169792e-01	-6.008766e-04
3.170048e-01	-6.147669e-04
3.170304e-01	-6.279595e-04
3.170560e-01	-6.417142e-04
3.170816e-01	-6.548379e-04
3.171072e-01	-6.675225e-04
3.171328e-01	-6.810425e-04
3.171584e-01	-6.928884e-04
3.171840e-01	-7.054480e-04
3.172096e-01	-7.182419e-04
3.172352e-01	-7.304139e-04
3.172608e-01	-7.420533e-04
3.172864e-01	-7.541336e-04
3.173120e-01	-7.651471e-04
3.173376e-01	-7.768880e-04
3.173632e-01	-7.880363e-04
3.173888e-01	-7.989370e-04
3.174144e-01	-8.096799e-04
3.174400e-01	-8.201774e-04
3.174656e-01	-8.305660e-04
3.174912e-01	-8.407095e-04
3.175168e-01	-8.504675e-04
3.175424e-01	-8.596805e-04
3.175680e-01	-8.695518e-04
3.175936e-01	-8.782679e-04
3.176192e-01	-8.873580e-04
3.176448e-01	-8.960894e-04
3.176704e-01	-9.039190e-04
3.176960e-01	-9.128377e-04
3.177216e-01	-9.200221e-04
3.177472e-01	-9.281696e-04
3.177728e-01	-9.351448e-04
3.177984e-01	-9.424576e-04
3.178240e-01	-9.495767e-04
3.178496e-01	-9.556530e-04
3.178752e-01	-9.625045e-04
3.179008e-01	-9.684536e-04
3.179264e-01	-9.740648e-04
3.179520e-01	-9.799572e-04
3.179776e-01	-9.852571e-04
3.180032e-01	-9.903848e-04
3.180288e-01	-9.942622e-04
3.180544e-01	-9.992169e-04
3.180800e-01	-1.003677e-03
3.181056e-01	-1.007360e-03
3.181312e-01	-1.011211e-03
3.181568e-01	-1.014095e-03
3.181824e-01	-1.017281e-03
3.182080e-01	-1.020421e-03
3.182336e-01	-1.022586e-03
3.182592e-01	-1.025171e-03
3.182848e-01	-1.026962e-03
3.183104e-01	-1.029046e-03
3.183360e-01	-1.030322e-03
3.183616e-01	-1.031153e-03
3.183872e-01	-1.032128e-03
3.184128e-01	-1.033114e-03
3.184384e-01	-1.033301e-03
3.184640e-01	-1.033236e-03
3.184896e-01	-1.033116e-03
3.185152e-01	-1.032028e-03
3.185408e-01	-1.031105e-03
3.185664e-01	-1.030846e-03
3.185920e-01	-1.028649e-03
3.186176e-01	-1.027369e-03
3.186432e-01	-1.025499e-03
3.186688e-01	-1.022888e-03
3.186944e-01	-1.020796e-03
3.187200e-01	-1.017938e-03
3.187456e-01	-1.014775e-03
3.187712e-01	-1.012145e-03
3.187968e-01	-1.008384e-03
3.188224e-01	-1.004472e-03
3.188480e-01	-1.000491e-03
3.188736e-01	-9.960129e-04
3.188992e-01	-9.915325e-04
3.189248e-01	-9.867947e-04
3.189504e-01	-9.814946e-04
3.189760e-01	-9.764013e-04
3.190016e-01	-9.703002e-04
3.190272e-01	-9.646138e-04
3.190528e-01	-9.585787e-04
3.190784e-01	-9.521189e-04
3.191040e-01	-9.454562e-04
3.191296e-01	-9.385772e-04
3.191552e-01	-9.314978e-04
3.191808e-01	-9.237584e-04
3.192064e-01	-9.163077e-04
3.192320e-01	-9.083115e-04
3.192576e-01	-9.002201e-04
3.192832e-01	-8.925661e-04
3.193088e-01	-8.829313e-04
3.193344e-01	-8.747437e-04
3.193600e-01	-8.655638e-04
3.193856e-01	-8.565430e-04
3.194112e-01	-8.471533e-04
3.194368e-01	-8.372951e-04
3.194624e-01	-8.275955e-04
3.194880e-01	-8.172651e-04
3.195136e-01	-8.072419e-04
3.195392e-01	-7.970353e-04
3.195648e-01	-7.860109e-04
3.195904e-01	-7.750085e-04
3.196160e-01	-7.640980e-04
3.196416e-01	-7.527587e-04
3.196672e-01	-7.413157e-04
3.196928e-01	-7.295331e-04
3.197184e-01	-7.179144e-04
3.197440e-01	-7.060661e-04
3.197696e-01	-6.932532e-04
3.197952e-01	-6.809730e-04
3.198208e-01	-6.684404e-04
3.198464e-01	-6.561838e-04
3.198720e-01	-6.430073e-04
3.198976e-01	-6.300744e-04
3.199232e-01	-6.164106e-04
3.199488e-01	-6.034697e-04
3.199744e-01	-5.903063e-04
3.200000e-01	-5.764550e-04
3.200256e-01	-5.624639e-04
3.200512e-01	-5.486591e-04
3.200768e-01	-5.343481e-04
3.201024e-01	-5.203605e-04
3.201280e-01	-5.063064e-04
3.201536e-01	-4.915268e-04
3.201792e-01	-4.772187e-04
3.202048e-01	-4.627255e-04
3.202304e-01	-4.479698e-04
3.202560e-01	-4.331375e-04
3.202816e-01	-4.179277e-04
3.203072e-01	-4.031355e-04
3.203328e-01	-3.874956e-04
3.203584e-01	-3.724081e-04
3.203840e-01	-3.572912e-04
3.204096e-01	-3.419106e-04
3.204352e-01	-3.263133e-04
3.204608e-01	-3.108967e-04
3.204864e-01	-2.951537e-04
3.205120e-01	-2.793007e-04
3.205376e-01	-2.638284e-04
3.205632e-01	-2.479510e-04
3.205888e-01	-2.316261e-04
3.206144e-01	-2.159215e-04
3.206400e-01	-1.999816e-04
3.206656e-01	-1.846726e-04
3.206912e-01	-1.677864e-04
3.207168e-01	-1.518694e-04
3.207424e-01	-1.358271e-04
3.207680e-01	-1.192430e-04
3.207936e-01	-1.036331e-04
3.208192e-01	-8.685372e-05
3.208448e-01	-7.104657e-05
3.208704e-01	-5.497259e-05
3.208960e-01	-3.802634e-05
3.209216e-01	-2.257838e-05
3.209472e-01	-6.048348e-06
3.209728e-01	9.436299e-06
3.209984e-01	2.574654e-05
3.210240e-01	4.244243e-05
3.210496e-01	5.853316e-05
3.210752e-01	7.477518e-05
3.211008e-01	9.089576e-05
3.211264e-01	1.069608e-04
3.211520e-01	1.226049e-04
3.211776e-01	1.383245e-04
3.212032e-01	1.548206e-04
3.212288e-01	1.706004e-04
3.212544e-01	1.866105e-04
3.212800e-01	2.023237e-04
3.213056e-01	2.176775e-04
3.213312e-01	2.334943e-04
3.213568e-01	2.497546e-04
3.213824e-01	2.649119e-04
3.214080e-01	2.805454e-04
3.214336e-01	2.957687e-04
3.214592e-01	3.108974e-04
3.214848e-01	3.265505e-04
3.215104e-01	3.412836e-04
3.215360e-01	3.564470e-04
3.215616e-01	3.717016e-04
3.215872e-01	3.861416e-04
3.216128e-01	4.009980e-04
3.216384e-01	4.151527e-04
3.216640e-01	4.301875e-04
3.216896e-01	4.446239e-04
3.217152e-01	4.590093e-04
3.217408e-01	4.729740e-04
3.217664e-01	4.869895e-04
3.217920e-01	5.009617e-04
3.218176e-01	5.148718e-04
3.218432e-01	5.285361e-04
3.218688e-01	5.420428e-04
3.218944e-01	5.553087e-04
3.219200e-01	5.685806e-04
3.219456e-01	5.815114e-04
3.219712e-01	5.946229e-04
3.219968e-01	6.076151e-04
3.220224e-01	6.202349e-04
3.220480e-01	6.326780e-04
3.220736e-01	6.448522e-04
3.220992e-01	6.566799e-04
3.221248e-01	6.692301e-04
3.221504e-01	6.807731e-04
3.221760e-01	6.921805e-04
3.222016e-01	7.038219e-04
3.222272e-01	7.151868e-04
3.222528e-01	7.265462e-04
3.222784e-01	7.373272e-04
3.223040e-01	7.480207e-04
3.223296e-01	7.588830e-04
3.223552e-01	7.688781e-04
3.223808e-01	7.794111e-04
3.224064e-01	7.891280e-04
3.224320e-01	7.987320e-04
3.224576e-01	8.081289e-04
3.224832e-01	8.178746e-04
3.225088e-01	8.270715e-04
3.225344e-01	8.359478e-04
3.225600e-01	8.444283e-04
3.225856e-01	8.532306e-04
3.226112e-01	8.615233e-04
3.226368e-01	8.694951e-04
3.226624e-01	8.775152e-04
3.226880e-01	8.856687e-04
3.227136e-01	8.926674e-04
3.227392e-01	9.000056e-04
3.227648e-01	9.070934e-04
3.227904e-01	9.133200e-04
3.228160e-01	9.203901e-04
3.228416e-01	9.263323e-04
3.228672e-01	9.322096e-04
3.228928e-01	9.385577e-04
3.229184e-01	9.434714e-04
3.229440e-01	9.490327e-04
3.229696e-01	9.542418e-04
3.229952e-01	9.592175e-04
3.230208e-01	9.636363e-04
3.230464e-01	9.685117e-04
3.230720e-01	9.725177e-04
3.230976e-01	9.764520e-04
3.231232e-01	9.801602e-04
3.231488e-01	9.835305e-04
3.231744e-01	9.866860e-04
3.232000e-01	9.897675e-04
3.232256e-01	9.928517e-04
3.232512e-01	9.947862e-04
3.232768e-01	9.969666e-04
3.233024e-01	9.992359e-04
3.233280e-01	1.000806e-03
3.233536e-01	1.002334e-03
3.233792e-01	1.003292e-03
3.234048e-01	1.004710e-03
3.234304e-01	1.005169e-03
3.234560e-01	1.005828e-03
3.234816e-01	1.005999e-03
3.235072e-01	1.005857e-03
3.235328e-01	1.005261e-03
3.235584e-01	1.005203e-03
3.235840e-01	1.004390e-03
3.236096e-01	1.003341e-03
3.236352e-01	1.002075e-03
3.236608e-01	1.000265e-03
3.236864e-01	9.987289e-04
3.237120e-01	9.972834e-04
3.237376e-01	9.947259e-04
3.237632e-01	9.923649e-04
3.237888e-01	9.895581e-04
3.238144e-01	9.860565e-04
3.238400e-01	9.831155e-04
3.238656e-01	9.799864e-04
3.238912e-01	9.760444e-04
3.239168e-01	9.723727e-04
3.239424e-01	9.681797e-04
3.239680e-01	9.635109e-04
3.239936e-01	9.587999e-04
3.240192e-01	9.540486e-04
3.240448e-01	9.487533e-04
3.240704e-01	9.434265e-04
3.240960e-01	9.375981e-04
3.241216e-01	9.320238e-04
3.241472e-01	9.254846e-04
3.241728e-01	9.189084e-04
3.241984e-01	9.123008e-04
3.242240e-01	9.057964e-04
3.242496e-01	8.987535e-04
3.242752e-01	8.915997e-04
3.243008e-01	8.844154e-04
3.243264e-01	8.761901e-04
3.243520e-01	8.676443e-04
3.243776e-01	8.599619e-04
3.244032e-01	8.512342e-04
3.244288e-01	8.427182e-04
3.244544e-01	8.340271e-04
3.244800e-01	8.249189e-04
3.245056e-01	8.155509e-04
3.245312e-01	8.057093e-04
3.245568e-01	7.962079e-04
3.245824e-01	7.863515e-04
3.246080e-01	7.759214e-04
3.246336e-01	7.660800e-04
3.246592e-01	7.549569e-04
3.246848e-01	7.443161e-04
3.247104e-01	7.334728e-04
3.247360e-01	7.224503e-04
3.247616e-01	7.107414e-04
3.247872e-01	6.991485e-04
3.248128e-01	6.875098e-04
3.248384e-01	6.751010e-04
3.248640e-01	6.634008e-04
3.248896e-01	6.511484e-04
3.249152e-01	6.384303e-04
3.249408e-01	6.258540e-04
3.249664e-01	6.130335e-04
3.249920e-01	6.000617e-04
3.250176e-01	5.863803e-04
3.250432e-01	5.738299e-04
3.250688e-01	5.600973e-04
3.250944e-01	5.467492e-04
3.251200e-01	5.329236e-04
3.251456e-01	5.186789e-04
3.251712e-01	5.047583e-04
3.251968e-01	4.904839e-04
3.252224e-01	4.760143e-04
3.252480e-01	4.613851e-04
3.252736e-01	4.468800e-04
3.252992e-01	4.321875e-04
3.253248e-01	4.174199e-04
3.253504e-01	4.026272e-04
3.253760e-01	3.871372e-04
3.254016e-01	3.719345e-04
3.254272e-01	3.568010e-04
3.254528e-01	3.414883e-04
3.254784e-01	3.253962e-04
3.255040e-01	3.103131e-04
3.255296e-01	2.943580e-04
3.255552e-01	2.787225e-04
3.255808e-01	2.629151e-04
3.256064e-01	2.469569e-04
3.256320e-01	2.307973e-04
3.256576e-01	2.144726e-04
3.256832e-01	1.982949e-04
3.257088e-01	1.818406e-04
3.257344e-01	1.656808e-04
3.257600e-01	1.492321e-04
3.257856e-01	1.327119e-04
3.258112e-01	1.168493e-04
3.258368e-01	9.977013e-05
3.258624e-01	8.360811e-05
3.258880e-01	6.695103e-05
3.259136e-01	4.998303e-05
3.259392e-01	3.374092e-05
3.259648e-01	1.695554e-05
3.259904e-01	2.673064e-08
3.260160e-01	-1.612335e-05
3.260416e-01	-3.295450e-05
3.260672e-01	-5.004806e-05
3.260928e-01	-6.646650e-05
3.261184e-01	-8.291458e-05
3.261440e-01	-1.000179e-04
3.261696e-01	-1.163283e-04
3.261952e-01	-1.329947e-04
3.262208e-01	-1.497173e-04
3.262464e-01	-1.661517e-04
3.262720e-01	-1.827509e-04
3.262976e-01	-1.996122e-04
3.263232e-01	-2.156998e-04
3.263488e-01	-2.320403e-04
3.263744e-01	-2.484899e-04
3.264000e-01	-2.649556e-04
3.264256e-01	-2.806787e-04
3.264512e-01	-2.972102e-04
3.264768e-01	-3.129682e-04
3.265024e-01	-3.290312e-04
3.265280e-01	-3.455080e-04
3.265536e-01	-3.609617e-04
3.265792e-01	-3.767874e-04
3.266048e-01	-3.921760e-04
3.266304e-01	-4.079193e-04
3.266560e-01	-4.236925e-04
3.266816e-01	-4.386426e-04
3.267072e-01	-4.543841e-04
3.267328e-01	-4.693179e-04
3.267584e-01	-4.843028e-04
3.267840e-01	-4.984842e-04
3.268096e-01	-5.138178e-04
3.268352e-01	-5.284993e-04
3.268608e-01	-5.426921e-04
3.268864e-01	-5.574108e-04
3.269120e-01	-5.713793e-04
3.269376e-01	-5.852459e-04
3.269632e-01	-5.994053e-04
3.269888e-01	-6.132039e-04
3.270144e-01	-6.268726e-04
3.270400e-01	-6.401233e-04
3.270656e-01	-6.535899e-04
3.270912e-01	-6.667316e-04
3.271168e-01	-6.792814e-04
3.271424e-01	-6.919677e-04
3.271680e-01	-7.045818e-04
3.271936e-01	-7.170308e-04
3.272192e-01	-7.292873e-04
3.272448e-01	-7.409608e-04
3.272704e-01	-7.529341e-04
3.272960e-01	-7.641428e-04
3.273216e-01	-7.762971e-04
3.273472e-01	-7.870601e-04
3.273728e-01	-7.980007e-04
3.273984e-01	-8.087014e-04
3.274240e-01	-8.188892e-04
3.274496e-01	-8.293804e-04
3.274752e-01	-8.394677e-04
3.275008e-01	-8.491570e-04
3.275264e-01	-8.587141e-04
3.275520e-01	-8.684236e-04
3.275776e-01	-8.777886e-04
3.276032e-01	-8.864471e-04
3.276288e-01	-8.949697e-04
3.276544e-01	-9.033868e-04
3.276800e-01	-9.120302e-04
3.277056e-01	-9.197436e-04
3.277312e-01	-9.271845e-04
3.277568e-01	-9.344678e-04
3.277824e-01	-9.418010e-04
3.278080e-01	-9.487077e-04
3.278336e-01	-9.554982e-04
3.278592e-01	-9.617508e-04
3.278848e-01	-9.680696e-04
3.279104e-01	-9.733739e-04
3.279360e-01	-9.791182e-04
3.279616e-01	-9.844517e-04
3.279872e-01	-9.894364e-04
3.280128e-01	-9.946838e-04
3.280384e-01	-9.990134e-04
3.280640e-01	-1.003109e-03
3.280896e-01	-1.007240e-03
3.281152e-01	-1.010192e-03
3.281408e-01	-1.014109e-03
3.281664e-01	-1.017651e-03
3.281920e-01	-1.019882e-03
3.282176e-01	-1.022671e-03
3.282432e-01	-1.025037e-03
3.282688e-01	-1.026921e-03
3.282944e-01	-1.029050e-03
3.283200e-01	-1.030375e-03
3.283456e-01	-1.031678e-03
3.283712e-01	-1.031830e-03
3.283968e-01	-1.033163e-03
3.284224e-01	-1.033189e-03
3.284480e-01	-1.033221e-03
3.284736e-01	-1.033292e-03
3.284992e-01	-1.032135e-03
3.285248e-01	-1.032049e-03
3.285504e-01	-1.030817e-03
3.285760e-01	-1.028981e-03
3.286016e-01	-1.027847e-03
3.286272e-01	-1.025725e-03
3.286528e-01	-1.023740e-03
3.286784e-01	-1.021211e-03
3.287040e-01	-1.018504e-03
3.287296e-01	-1.015750e-03
3.287552e-01	-1.012705e-03
3.287808e-01	-1.008543e-03
3.288064e-01	-1.004992e-03
3.288320e-01	-1.001190e-03
3.288576e-01	-9.963992e-04
3.288832e-01	-9.922489e-04
3.289088e-01	-9.874236e-04
3.289344e-01	-9.814795e-04
3.289600e-01	-9.768653e-04
3.289856e-01	-9.710268e-04
3.290112e-01	-9.649128e-04
3.290368e-01	-9.590141e-04
3.290624e-01	-9.527289e-04
3.290880e-01	-9.460713e-04
3.291136e-01	-9.393782e-04
3.291392e-01	-9.323034e-04
3.291648e-01	-9.248364e-04
3.291904e-01	-9.168456e-04
3.292160e-01	-9.091381e-04
3.292416e-01	-9.010904e-04
3.292672e-01	-8.928742e-04
3.292928e-01	-8.842913e-04
3.293184e-01	-8.758423e-04
3.293440e-01	-8.667365e-04
3.293696e-01	-8.575341e-04
3.293952e-01	-8.480744e-04
3.294208e-01	-8.383571e-04
3.294464e-01	-8.283692e-04
3.294720e-01	-8.181931e-04
3.294976e-01	-8.078136e-04
3.295232e-01	-7.979845e-04
3.295488e-01	-7.872591e-04
3.295744e-01	-7.762854e-04
3.296000e-01	-7.650995e-04
3.296256e-01	-7.533589e-04
3.296512e-01	-7.424029e-04
3.296768e-01	-7.309076e-04
3.297024e-01	-7.186292e-04
3.297280e-01	-7.073001e-04
3.297536e-01	-6.946520e-04
3.297792e-01	-6.821683e-04
3.298048e-01	-6.698621e-04
3.298304e-01	-6.570661e-04
3.298560e-01	-6.443012e-04
3.298816e-01	-6.313348e-04
3.299072e-01	-6.175058e-04
3.299328e-01	-6.050611e-04
3.299584e-01	-5.912695e-04
3.299840e-01	-5.773882e-04
3.300096e-01	-5.641616e-04
3.300352e-01	-5.496831e-04
3.300608e-01	-5.362062e-04
3.300864e-01	-5.218156e-04
3.301120e-01	-5.071723e-04
3.301376e-01	-4.936383e-04
3.301632e-01	-4.784225e-04
3.301888e-01	-4.641231e-04
3.302144e-01	-4.489904e-04
3.302400e-01	-4.346129e-04
3.302656e-01	-4.200230e-04
3.302912e-01	-4.042733e-04
3.303168e-01	-3.893168e-04
3.303424e-01	-3.743454e-04
3.303680e-01	-3.587012e-04
3.303936e-01	-3.435371e-04
3.304192e-01	-3.278141e-04
3.304448e-01	-3.120472e-04
3.304704e-01	-2.966411e-04
3.304960e-01	-2.808844e-04
3.305216e-01	-2.652770e-04
3.305472e-01	-2.496698e-04
3.305728e-01	-2.334345e-04
3.305984e-01	-2.177257e-04
3.306240e-01	-2.017596e-04
3.306496e-01	-1.857511e-04
3.306752e-01	-1.695377e-04
3.307008e-01	-1.530586e-04
3.307264e-01	-1.371751e-04
3.307520e-01	-1.213070e-04
3.307776e-01	-1.048203e-04
3.308032e-01	-8.886214e-05
3.308288e-01	-7.203635e-05
3.308544e-01	-5.646686e-05
3.308800e-01	-4.003947e-05
3.309056e-01	-2.372687e-05
3.309312e-01	-7.462790e-06
3.309568e-01	8.608497e-06
3.309824e-01	2.471338e-05
3.310080e-01	4.088674e-05
3.310336e-01	5.667673e-05
3.310592e-01	7.299458e-05
3.310848e-01	8.917298e-05
3.311104e-01	1.052259e-04
3.311360e-01	1.212195e-04
3.311616e-01	1.375419e-04
3.311872e-01	1.536393e-04
3.312128e-01	1.692421e-04
3.312384e-01	1.852202e-04
3.312640e-01	2.005583e-04
3.312896e-01	2.165415e-04
3.313152e-01	2.322632e-04
3.313408e-01	2.479419e-04
3.313664e-01	2.633064e-04
3.313920e-01	2.791112e-04
3.314176e-01	2.941735e-04
3.314432e-01	3.095297e-04
3.314688e-01	3.248178e-04
3.314944e-01	3.398942e-04
3.315200e-01	3.552392e-04
3.315456e-01	3.699550e-04
3.315712e-01	3.847767e-04
3.315968e-01	3.999070e-04
3.316224e-01	4.139731e-04
3.316480e-01	4.288825e-04
3.316736e-01	4.430106e-04
3.316992e-01	4.572341e-04
3.317248e-01	4.718843e-04
3.317504e-01	4.856304e-04
3.317760e-01	4.999459e-04
3.318016e-01	5.136845e-04
3.318272e-01	5.268299e-04
3.318528e-01	5.407770e-04
3.318784e-01	5.540170e-04
3.319040e-01	5.674153e-04
3.319296e-01	5.803719e-04
3.319552e-01	5.938024e-04
3.319808e-01	6.063014e-04
3.320064e-01	6.190172e-04
3.320320e-01	6.315338e-04
3.320576e-01	6.436248e-04
3.320832e-01	6.561195e-04
3.321088e-01	6.680515e-04
3.321344e-01	6.795965e-04
3.321600e-01	6.916149e-04
3.321856e-01	7.029030e-04
3.322112e-01	7.141356e-04
3.322368e-01	7.256604e-04
3.322624e-01	7.364224e-04
3.322880e-01	7.473214e-04
3.323136e-01	7.579004e-04
3.323392e-01	7.680668e-04
3.323648e-01	7.784108e-04
3.323904e-01	7.880267e-04
3.324160e-01	7.984591e-04
3.324416e-01	8.075002e-04
3.324672e-01	8.173778e-04
3.324928e-01	8.263953e-04
3.325184e-01	8.349761e-04
3.325440e-01	8.440557e-04
3.325696e-01	8.526172e-04
3.325952e-01	8.608427e-04
3.326208e-01	8.691220e-04
3.326464e-01	8.769080e-04
3.326720e-01	8.847486e-04
3.326976e-01	8.921850e-04
3.327232e-01	8.996499e-04
3.327488e-01	9.065163e-04
3.327744e-01	9.130246e-04
3.328000e-01	9.198380e-04
3.328256e-01	9.261473e-04
3.328512e-01	9.320745e-04
3.328768e-01	9.381195e-04
3.329024e-01	9.435519e-04
3.329280e-01	9.490323e-04
3.329536e-01	9.543582e-04
3.329792e-01	9.588349e-04
3.330048e-01	9.634078e-04
3.330304e-01	9.681905e-04
3.330560e-01	9.722831e-04
3.330816e-01	9.763354e-04
3.331072e-01	9.797339e-04
3.331328e-01	9.835206e-04
3.331584e-01	9.867096e-04
3.331840e-01	9.897960e-04
3.332096e-01	9.921541e-04
3.332352e-01	9.948290e-04
3.332608e-01	9.969485e-04
3.332864e-01	9.989979e-04
3.333120e-01	1.000829e-03
3.333376e-01	1.001972e-03
3.333632e-01	1.003333e-03
3.333888e-01	1.005106e-03
3.334144e-01	1.005252e-03
3.334400e-01	1.005736e-03
3.334656e-01	1.006049e-03
3.334912e-01	1.005885e-03
3.335168e-01	1.005986e-03
3.335424e-01	1.005074e-03
3.335680e-01	1.004743e-03
3.335936e-01	1.003860e-03
3.336192e-01	1.002594e-03
3.336448e-01	1.001525e-03
3.336704e-01	9.990522e-04
3.336960e-01	9.975552e-04
3.337216e-01	9.951534e-04
3.337472e-01	9.928634e-04
3.337728e-01	9.900600e-04
3.337984e-01	9.868466e-04
3.338240e-01	9.836545e-04
3.338496e-01	9.803822e-04
3.338752e-01	9.769073e-04
3.339008e-01	9.726037e-04
3.339264e-01	9.684190e-04
3.339520e-01	9.642110e-04
3.339776e-01	9.593979e-04
3.340032e-01	9.545681e-04
3.340288e-01	9.492156e-04
3.340544e-01	9.440527e-04
3.340800e-01	9.383361e-04
3.341056e-01	9.324761e-04
3.341312e-01	9.265225e-04
3.341568e-01	9.204503e-04
3.341824e-01	9.132575e-04
3.342080e-01	9.067446e-04
3.342336e-01	8.997645e-04
3.342592e-01	8.922554e-04
3.342848e-01	8.843784e-04
3.343104e-01	8.773396e-04
3.343360e-01	8.690663e-04
3.343616e-01	8.605953e-04
3.343872e-01	8.526930e-04
3.344128e-01	8.435256e-04
3.344384e-01	8.350670e-04
3.344640e-01	8.255752e-04
3.344896e-01	8.165457e-04
3.345152e-01	8.076062e-04
3.345408e-01	7.970373e-04
3.345664e-01	7.875639e-04
3.345920e-01	7.773382e-04
3.346176e-01	7.667731e-04
3.346432e-01	7.561185e-04
3.346688e-01	7.455197e-04
3.346944e-01	7.342270e-04
3.347200e-01	7.234213e-04
3.347456e-01	7.116329e-04
3.347712e-01	7.004324e-04
3.347968e-01	6.889337e-04
3.348224e-01	6.767733e-04
3.348480e-01	6.646345e-04
3.348736e-01	6.525246e-04
3.348992e-01	6.395755e-04
3.349248e-01	6.269411e-04
3.349504e-01	6.147985e-04
3.349760e-01	6.016366e-04
3.350016e-01	5.881796e-04
3.350272e-01	5.748316e-04
3.350528e-01	5.616844e-04
3.350784e-01	5.477804e-04
3.351040e-01	5.335315e-04
3.351296e-01	5.203398e-04
3.351552e-01	5.058824e-04
3.351808e-01	4.917728e-04
3.352064e-01	4.776795e-04
3.352320e-01	4.631515e-04
3.352576e-01	4.481540e-04
3.352832e-01	4.338961e-04
3.353088e-01	4.188106e-04
3.353344e-01	4.035499e-04
3.353600e-01	3.886588e-04
3.353856e-01	3.734207e-04
3.354112e-01	3.583020e-04
3.354368e-01	3.429182e-04
3.354624e-01	3.269124e-04
3.354880e-01	3.115465e-04
3.355136e-01	2.958589e-04
3.355392e-01	2.800517e-04
3.355648e-01	2.643526e-04
3.355904e-01	2.484286e-04
3.356160e-01	2.324552e-04
3.356416e-01	2.162313e-04
3.356672e-01	1.995135e-04
3.356928e-01	1.841250e-04
3.357184e-01	1.671975e-04
3.357440e-01	1.507600e-04
3.357696e-01	1.348451e-04
3.357952e-01	1.180419e-04
3.358208e-01	1.014141e-04
3.358464e-01	8.512643e-05
3.358720e-01	6.850276e-05
3.358976e-01	5.185429e-05
3.359232e-01	3.538406e-05
3.359488e-01	1.809001e-05
3.359744e-01	1.867525e-06
3.360000e-01	-1.449585e-05
3.360256e-01	-3.201172e-05
3.360512e-01	-4.782100e-05
3.360768e-01	-6.492723e-05
3.361024e-01	-8.179971e-05
3.361280e-01	-9.820400e-05
3.361536e-01	-1.148077e-04
3.361792e-01	-1.316381e-04
3.362048e-01	-1.476483e-04
3.362304e-01	-1.649006e-04
3.362560e-01	-1.810713e-04
3.362816e-01	-1.974121e-04
3.363072e-01	-2.145854e-04
3.363328e-01	-2.302557e-04
3.363584e-01	-2.466857e-04
3.363840e-01	-2.631418e-04
3.364096e-01	-2.795760e-04
3.364352e-01	-2.956859e-04
3.364608e-01	-3.115048e-04
3.364864e-01	-3.278997e-04
3.365120e-01	-3.432630e-04
3.365376e-01	-3.596090e-04
3.365632e-01	-3.755111e-04
3.365888e-01	-3.909057e-04
3.366144e-01	-4.065560e-04
3.366400e-01	-4.217882e-04
3.366656e-01	-4.373920e-04
3.366912e-01	-4.529979e-04
3.367168e-01	-4.673068e-04
3.367424e-01	-4.830651e-04
3.367680e-01	-4.980165e-04
3.367936e-01	-5.123926e-04
3.368192e-01	-5.270171e-04
3.368448e-01	-5.416471e-04
3.368704e-01	-5.559461e-04
3.368960e-01	-5.700888e-04
3.369216e-01	-5.844759e-04
3.369472e-01	-5.987255e-04
3.369728e-01	-6.119888e-04
3.369984e-01	-6.256517e-04
3.370240e-01	-6.392193e-04
3.370496e-01	-6.520608e-04
3.370752e-01	-6.654521e-04
3.371008e-01	-6.785840e-04
3.371264e-01	-6.907554e-04
3.371520e-01	-7.037414e-04
3.371776e-01	-7.161762e-04
3.372032e-01	-7.281607e-04
3.372288e-01	-7.398409e-04
3.372544e-01	-7.520902e-04
3.372800e-01	-7.630126e-04
3.373056e-01	-7.744586e-04
3.373312e-01	-7.860489e-04
3.373568e-01	-7.968225e-04
3.373824e-01	-8.075762e-04
3.374080e-01	-8.180356e-04
3.374336e-01	-8.282004e-04
3.374592e-01	-8.383322e-04
3.374848e-01	-8.482520e-04
3.375104e-01	-8.583084e-04
3.375360e-01	-8.673460e-04
3.375616e-01	-8.767650e-04
3.375872e-01	-8.857362e-04
3.376128e-01	-8.940074e-04
3.376384e-01	-9.025103e-04
3.376640e-01	-9.108101e-04
3.376896e-01	-9.185046e-04
3.377152e-01	-9.266757e-04
3.377408e-01	-9.338779e-04
3.377664e-01	-9.407125e-04
3.377920e-01	-9.483715e-04
3.378176e-01	-9.547021e-04
3.378432e-01	-9.611067e-04
3.378688e-01	-9.678486e-04
3.378944e-01	-9.732211e-04
3.379200e-01	-9.789346e-04
3.379456e-01	-9.838766e-04
3.379712e-01	-9.892674e-04
3.379968e-01	-9.937345e-04
3.380224e-01	-9.983912e-04
3.380480e-01	-1.002703e-03
3.380736e-01	-1.006631e-03
3.380992e-01	-1.010344e-03
3.381248e-01	-1.013786e-03
3.381504e-01	-1.017182e-03
3.381760e-01	-1.019807e-03
3.382016e-01	-1.022591e-03
3.382272e-01	-1.024558e-03
3.382528e-01	-1.026338e-03
3.382784e-01	-1.028619e-03
3.383040e-01	-1.029697e-03
3.383296e-01	-1.031323e-03
3.383552e-01	-1.031830e-03
3.383808e-01	-1.032864e-03
3.384064e-01	-1.033153e-03
3.384320e-01	-1.033132e-03
3.384576e-01	-1.032754e-03
3.384832e-01	-1.032323e-03
3.385088e-01	-1.031771e-03
3.385344e-01	-1.030642e-03
3.385600e-01	-1.029775e-03
3.385856e-01	-1.027671e-03
3.386112e-01	-1.025400e-03
3.386368e-01	-1.023667e-03
3.386624e-01	-1.020889e-03
3.386880e-01	-1.018818e-03
3.387136e-01	-1.015730e-03
3.387392e-01	-1.012338e-03
3.387648e-01	-1.009000e-03
3.387904e-01	-1.005205e-03
3.388160e-01	-1.001309e-03
3.388416e-01	-9.972433e-04
3.388672e-01	-9.923622e-04
3.388928e-01	-9.878299e-04
3.389184e-01	-9.824833e-04
3.389440e-01	-9.769036e-04
3.389696e-01	-9.718995e-04
3.389952e-01	-9.657366e-04
3.390208e-01	-9.590671e-04
3.390464e-01	-9.533641e-04
3.390720e-01	-9.464098e-04
3.390976e-01	-9.395932e-04
3.391232e-01	-9.326131e-04
3.391488e-01	-9.255983e-04
3.391744e-01	-9.182516e-04
3.392000e-01	-9.100883e-04
3.392256e-01	-9.020418e-04
3.392512e-01	-8.940356e-04
3.392768e-01	-8.852534e-04
3.393024e-01	-8.772112e-04
3.393280e-01	-8.677570e-04
3.393536e-01	-8.580490e-04
3.393792e-01	-8.493676e-04
3.394048e-01	-8.395908e-04
3.394304e-01	-8.294961e-04
3.394560e-01	-8.197636e-04
3.394816e-01	-8.092047e-04
3.395072e-01	-7.987586e-04
3.395328e-01	-7.884339e-04
3.395584e-01	-7.776675e-04
3.395840e-01	-7.661148e-04
3.396096e-01	-7.551137e-04
3.396352e-01	-7.436221e-04
3.396608e-01	-7.321156e-04
3.396864e-01	-7.201596e-04
3.397120e-01	-7.081753e-04
3.397376e-01	-6.958965e-04
3.397632e-01	-6.836470e-04
3.397888e-01	-6.708338e-04
3.398144e-01	-6.584065e-04
3.398400e-01	-6.453942e-04
3.398656e-01	-6.324631e-04
3.398912e-01	-6.195730e-04
3.399168e-01	-6.058621e-04
3.399424e-01	-5.927976e-04
3.399680e-01	-5.790692e-04
3.399936e-01	-5.649099e-04
3.400192e-01	-5.514586e-04
3.400448e-01	-5.372880e-04
3.400704e-01	-5.230950e-04
3.400960e-01	-5.088889e-04
3.401216e-01	-4.945238e-04
3.401472e-01	-4.798497e-04
3.401728e-01	-4.655544e-04
3.401984e-01	-4.506670e-04
3.402240e-01	-4.361382e-04
3.402496e-01	-4.209302e-04
3.402752e-01	-4.057298e-04
3.403008e-01	-3.907616e-04
3.403264e-01	-3.754698e-04
3.403520e-01	-3.603123e-04
3.403776e-01	-3.448548e-04
3.404032e-01	-3.293017e-04
3.404288e-01	-3.137309e-04
3.404544e-01	-2.978769e-04
3.404800e-01	-2.829404e-04
3.405056e-01	-2.660147e-04
3.405312e-01	-2.507014e-04
3.405568e-01	-2.352770e-04
3.405824e-01	-2.188171e-04
3.406080e-01	-2.032838e-04
3.406336e-01	-1.872381e-04
3.406592e-01	-1.708895e-04
3.406848e-01	-1.549803e-04
3.407104e-01	-1.389117e-04
3.407360e-01	-1.224532e-04
3.407616e-01	-1.066452e-04
3.407872e-01	-9.023875e-05
3.408128e-01	-7.387492e-05
3.408384e-01	-5.776875e-05
3.408640e-01	-4.149254e-05
3.408896e-01	-2.557085e-05
3.409152e-01	-8.906671e-06
3.409408e-01	6.967083e-06
3.409664e-01	2.311190e-05
3.409920e-01	3.887326e-05
3.410176e-01	5.586231e-05
3.410432e-01	7.160245e-05
3.410688e-01	8.775334e-05
3.410944e-01	1.037082e-04
3.411200e-01	1.194162e-04
3.411456e-01	1.360878e-04
3.411712e-01	1.517933e-04
3.411968e-01	1.677403e-04
3.412224e-01	1.837426e-04
3.412480e-01	1.992706e-04
3.412736e-01	2.151608e-04
3.412992e-01	2.304498e-04
3.413248e-01	2.462879e-04
3.413504e-01	2.620211e-04
3.413760e-01	2.771684e-04
3.414016e-01	2.927893e-04
3.414272e-01	3.084136e-04
3.414528e-01	3.232714e-04
3.414784e-01	3.384240e-04
3.415040e-01	3.536585e-04
3.415296e-01	3.687717e-04
3.415552e-01	3.832931e-04
3.415808e-01	3.981486e-04
3.416064e-01	4.123973e-04
3.416320e-01	4.273353e-04
3.416576e-01	4.415506e-04
3.416832e-01	4.563605e-04
3.417088e-01	4.703619e-04
3.417344e-01	4.838534e-04
3.417600e-01	4.984612e-04
3.417856e-01	5.120320e-04
3.418112e-01	5.262858e-04
3.418368e-01	5.393439e-04
3.418624e-01	5.524564e-04
3.418880e-01	5.663897e-04
3.419136e-01	5.786841e-04
3.419392e-01	5.919638e-04
3.419648e-01	6.048306e-04
3.419904e-01	6.181475e-04
3.420160e-01	6.301241e-04
3.420416e-01	6.427020e-04
3.420672e-01	6.546174e-04
3.420928e-01	6.667491e-04
3.421184e-01	6.785426e-04
3.421440e-01	6.900348e-04
3.421696e-01	7.017932e-04
3.421952e-01	7.125249e-04
3.422208e-01	7.240396e-04
3.422464e-01	7.350062e-04
3.422720e-01	7.458807e-04
3.422976e-01	7.563927e-04
3.423232e-01	7.667784e-04
3.423488e-01	7.775251e-04
3.423744e-01	7.871385e-04
3.424000e-01	7.965830e-04
3.424256e-01	8.066716e-04
3.424512e-01	8.164285e-04
3.424768e-01	8.249836e-04
3.425024e-01	8.344931e-04
3.425280e-01	8.427171e-04
3.425536e-01	8.514234e-04
3.425792e-01	8.596539e-04
3.426048e-01	8.682097e-04
3.426304e-01	8.760976e-04
3.426560e-01	8.835158e-04
3.426816e-01	8.910815e-04
3.427072e-01	8.984518e-04
3.427328e-01	9.053525e-04
3.427584e-01	9.121242e-04
3.427840e-01	9.190224e-04
3.428096e-01	9.248612e-04
3.428352e-01	9.310920e-04
3.428608e-01	9.375130e-04
3.428864e-01	9.428521e-04
3.429120e-01	9.481834e-04
3.429376e-01	9.533609e-04
3.429632e-01	9.585366e-04
3.429888e-01	9.630416e-04
3.430144e-01	9.674425e-04
3.430400e-01	9.714544e-04
3.430656e-01	9.757606e-04
3.430912e-01	9.793729e-04
3.431168e-01	9.829266e-04
3.431424e-01	9.859781e-04
3.431680e-01	9.890465e-04
3.431936e-01	9.916287e-04
3.432192e-01	9.942121e-04
3.432448e-01	9.969317e-04
3.432704e-01	9.987920e-04
3.432960e-01	1.000660e-03
3.433216e-01	1.001969e-03
3.433472e-01	1.003641e-03
3.433728e-01	1.004815e-03
3.433984e-01	1.004730e-03
3.434240e-01	1.006212e-03
3.434496e-01	1.005750e-03
3.434752e-01	1.006166e-03
3.435008e-01	1.005916e-03
3.435264e-01	1.005035e-03
3.435520e-01	1.004486e-03
3.435776e-01	1.003585e-03
3.436032e-01	1.002715e-03
3.436288e-01	1.000641e-03
3.436544e-01	9.990166e-04
3.436800e-01	9.971639e-04
3.437056e-01	9.950375e-04
3.437312e-01	9.931702e-04
3.437568e-01	9.897132e-04
3.437824e-01	9.874682e-04
3.438080e-01	9.841704e-04
3.438336e-01	9.800484e-04
3.438592e-01	9.771923e-04
3.438848e-01	9.727769e-04
3.439104e-01	9.686516e-04
3.439360e-01	9.647270e-04
3.439616e-01	9.592242e-04
3.439872e-01	9.552471e-04
3.440128e-01	9.497297e-04
3.440384e-01	9.440586e-04
3.440640e-01	9.386826e-04
3.440896e-01	9.330055e-04
3.441152e-01	9.270738e-04
3.441408e-01	9.203636e-04
3.441664e-01	9.139770e-04
3.441920e-01	9.073130e-04
3.442176e-01	8.999385e-04
3.442432e-01	8.927470e-04
3.442688e-01	8.852272e-04
3.442944e-01	8.774904e-04
3.443200e-01	8.695072e-04
3.443456e-01	8.616397e-04
3.443712e-01	8.528411e-04
3.443968e-01	8.445235e-04
3.444224e-01	8.351053e-04
3.444480e-01	8.265725e-04
3.444736e-01	8.174924e-04
3.444992e-01	8.075832e-04
3.445248e-01	7.980764e-04
3.445504e-01	7.881580e-04
3.445760e-01	7.776293e-04
3.446016e-01	7.672909e-04
3.446272e-01	7.574057e-04
3.446528e-01	7.462486e-04
3.446784e-01	7.353724e-04
3.447040e-01	7.245231e-04
3.447296e-01	7.126581e-04
3.447552e-01	7.017552e-04
3.447808e-01	6.897973e-04
3.448064e-01	6.775444e-04
3.448320e-01	6.657324e-04
3.448576e-01	6.538059e-04
3.448832e-01	6.409223e-04
3.449088e-01	6.282540e-04
3.449344e-01	6.153164e-04
3.449600e-01	6.026525e-04
3.449856e-01	5.893283e-04
3.450112e-01	5.756664e-04
3.450368e-01	5.628568e-04
3.450624e-01	5.493463e-04
3.450880e-01	5.351629e-04
3.451136e-01	5.215967e-04
3.451392e-01	5.071044e-04
3.451648e-01	4.932170e-04
3.451904e-01	4.789862e-04
3.452160e-01	4.641731e-04
3.452416e-01	4.497235e-04
3.452672e-01	4.351698e-04
3.452928e-01	4.204537e-04
3.453184e-01	4.053113e-04
3.453440e-01	3.902224e-04
3.453696e-01	3.749412e-04
3.453952e-01	3.597011e-04
3.454208e-01	3.445529e-04
3.454464e-01	3.281626e-04
3.454720e-01	3.133416e-04
3.454976e-01	2.975326e-04
3.455232e-01	2.815705e-04
3.455488e-01	2.659113e-04
3.455744e-01	2.500249e-04
3.456000e-01	2.336622e-04
3.456256e-01	2.176437e-04
3.456512e-01	2.013497e-04
3.456768e-01	1.852554e-04
3.457024e-01	1.688817e-04
3.457280e-01	1.528992e-04
3.457536e-01	1.364206e-04
3.457792e-01	1.193788e-04
3.458048e-01	1.032353e-04
3.458304e-01	8.656754e-05
3.458560e-01	7.017774e-05
3.458816e-01	5.359833e-05
3.459072e-01	3.639135e-05
3.459328e-01	2.026458e-05
3.459584e-01	3.609019e-06
3.459840e-01	-1.305965e-05
3.460096e-01	-2.969194e-05
3.460352e-01	-4.666016e-05
3.460608e-01	-6.334829e-05
3.460864e-01	-7.965255e-05
3.461120e-01	-9.680702e-05
3.461376e-01	-1.132279e-04
3.461632e-01	-1.298596e-04
3.461888e-01	-1.467016e-04
3.462144e-01	-1.630243e-04
3.462400e-01	-1.795987e-04
3.462656e-01	-1.967116e-04
3.462912e-01	-2.127060e-04
3.463168e-01	-2.289874e-04
3.463424e-01	-2.452318e-04
3.463680e-01	-2.617291e-04
3.463936e-01	-2.779350e-04
3.464192e-01	-2.942337e-04
3.464448e-01	-3.099267e-04
3.464704e-01	-3.260027e-04
3.464960e-01	-3.423698e-04
3.465216e-01	-3.578891e-04
3.465472e-01	-3.737587e-04
3.465728e-01	-3.895970e-04
3.465984e-01	-4.051975e-04
3.466240e-01	-4.205238e-04
3.466496e-01	-4.356084e-04
3.466752e-01	-4.516529e-04
3.467008e-01	-4.664081e-04
3.467264e-01	-4.812711e-04
3.467520e-01	-4.962618e-04
3.467776e-01	-5.108740e-04
3.468032e-01	-5.258347e-04
3.468288e-01	-5.402685e-04
3.468544e-01	-5.542641e-04
3.468800e-01	-5.687992e-04
3.469056e-01	-5.829277e-04
3.469312e-01	-5.971124e-04
3.469568e-01	-6.102687e-04
3.469824e-01	-6.243589e-04
3.470080e-01	-6.376456e-04
3.470336e-01	-6.507902e-04
3.470592e-01	-6.637523e-04
3.470848e-01	-6.767927e-04
3.471104e-01	-6.899866e-04
3.471360e-01	-7.021439e-04
3.471616e-01	-7.147900e-04
3.471872e-01	-7.269536e-04
3.472128e-01	-7.387704e-04
3.472384e-01	-7.507309e-04
3.472640e-01	-7.623869e-04
3.472896e-01	-7.737965e-04
3.473152e-01	-7.850316e-04
3.473408e-01	-7.959943e-04
3.473664e-01	-8.063165e-04
3.473920e-01	-8.176087e-04
3.474176e-01	-8.273924e-04
3.474432e-01	-8.376468e-04
3.474688e-01	-8.473565e-04
3.474944e-01	-8.570763e-04
3.475200e-01	-8.667403e-04
3.475456e-01	-8.759289e-04
3.475712e-01	-8.846661e-04
3.475968e-01	-8.933590e-04
3.476224e-01	-9.020935e-04
3.476480e-01	-9.100614e-04
3.476736e-01	-9.178398e-04
3.476992e-01	-9.260940e-04
3.477248e-01	-9.331128e-04
3.477504e-01	-9.401903e-04
3.477760e-01	-9.474290e-04
3.478016e-01	-9.537834e-04
3.478272e-01	-9.604517e-04
3.478528e-01	-9.666751e-04
3.478784e-01	-9.725650e-04
3.479040e-01	-9.782024e-04
3.479296e-01	-9.832276e-04
3.479552e-01	-9.887366e-04
3.479808e-01	-9.935386e-04
3.480064e-01	-9.985158e-04
3.480320e-01	-1.002249e-03
3.480576e-01	-1.006177e-03
3.480832e-01	-1.009670e-03
3.481088e-01	-1.013042e-03
3.481344e-01	-1.016544e-03
3.481600e-01	-1.019114e-03
3.481856e-01	-1.022022e-03
3.482112e-01	-1.024402e-03
3.482368e-01	-1.026264e-03
3.482624e-01	-1.028673e-03
3.482880e-01	-1.029674e-03
3.483136e-01	-1.031142e-03
3.483392e-01	-1.032019e-03
3.483648e-01	-1.032847e-03
3.483904e-01	-1.032995e-03
3.484160e-01	-1.033287e-03
3.484416e-01	-1.033442e-03
3.484672e-01	-1.032968e-03
3.484928e-01	-1.032188e-03
3.485184e-01	-1.030912e-03
3.485440e-01	-1.029540e-03
3.485696e-01	-1.028202e-03
3.485952e-01	-1.026134e-03
3.486208e-01	-1.023823e-03
3.486464e-01	-1.021596e-03
3.486720e-01	-1.019092e-03
3.486976e-01	-1.016015e-03
3.487232e-01	-1.012914e-03
3.487488e-01	-1.009562e-03
3.487744e-01	-1.005970e-03
3.488000e-01	-1.001868e-03
3.488256e-01	-9.973925e-04
3.488512e-01	-9.922331e-04
3.488768e-01	-9.879504e-04
3.489024e-01	-9.833106e-04
3.489280e-01	-9.778580e-04
3.489536e-01	-9.719754e-04
3.489792e-01	-9.664519e-04
3.490048e-01	-9.601506e-04
3.490304e-01	-9.540932e-04
3.490560e-01	-9.478437e-04
3.490816e-01	-9.400323e-04
3.491072e-01	-9.333105e-04
3.491328e-01	-9.262002e-04
3.491584e-01	-9.182270e-04
3.491840e-01	-9.113270e-04
3.492096e-01	-9.023938e-04
3.492352e-01	-8.947552e-04
3.492608e-01	-8.860648e-04
3.492864e-01	-8.768617e-04
3.493120e-01	-8.686535e-04
3.493376e-01	-8.593752e-04
3.493632e-01	-8.499988e-04
3.493888e-01	-8.402638e-04
3.494144e-01	-8.304848e-04
3.494400e-01	-8.206540e-04
3.494656e-01	-8.099430e-04
3.494912e-01	-7.999410e-04
3.495168e-01	-7.894310e-04
3.495424e-01	-7.781481e-04
3.495680e-01	-7.669627e-04
3.495936e-01	-7.562515e-04
3.496192e-01	-7.446769e-04
3.496448e-01	-7.329320e-04
3.496704e-01	-7.209394e-04
3.496960e-01	-7.092879e-04
3.497216e-01	-6.969579e-04
3.497472e-01	-6.847137e-04
3.497728e-01	-6.720338e-04
3.497984e-01	-6.591192e-04
3.498240e-01	-6.468358e-04
3.498496e-01	-6.337466e-04
3.498752e-01	-6.203841e-04
3.499008e-01	-6.076149e-04
3.499264e-01	-5.937290e-04
3.499520e-01	-5.802797e-04
3.499776e-01	-5.666477e-04
3.500032e-01	-5.524305e-04
3.500288e-01	-5.388610e-04
3.500544e-01	-5.243419e-04
3.500800e-01	-5.102251e-04
3.501056e-01	-4.963845e-04
3.501312e-01	-4.812457e-04
3.501568e-01	-4.671405e-04
3.501824e-01	-4.518218e-04
3.502080e-01	-4.377757e-04
3.502336e-01	-4.226365e-04
3.502592e-01	-4.072936e-04
3.502848e-01	-3.923379e-04
3.503104e-01	-3.768871e-04
3.503360e-01	-3.618433e-04
3.503616e-01	-3.460918e-04
3.503872e-01	-3.309347e-04
3.504128e-01	-3.151240e-04
3.504384e-01	-2.994257e-04
3.504640e-01	-2.838878e-04
3.504896e-01	-2.681472e-04
3.505152e-01	-2.526015e-04
3.505408e-01	-2.362958e-04
3.505664e-01	-2.208082e-04
3.505920e-01	-2.043192e-04
3.506176e-01	-1.889929e-04
3.506432e-01	-1.725166e-04
3.506688e-01	-1.561299e-04
3.506944e-01	-1.404000e-04
3.507200e-01	-1.242217e-04
3.507456e-01	-1.081717e-04
3.507712e-01	-9.193188e-05
3.507968e-01	-7.590144e-05
3.508224e-01	-5.963886e-05
3.508480e-01	-4.320133e-05
3.508736e-01	-2.686659e-05
3.508992e-01	-1.045796e-05
3.509248e-01	5.345926e-06
3.509504e-01	2.151417e-05
3.509760e-01	3.758974e-05
3.510016e-01	5.394648e-05
3.510272e-01	7.020454e-05
3.510528e-01	8.607962e-05
3.510784e-01	1.022746e-04
3.511040e-01	1.187094e-04
3.511296e-01	1.343537e-04
3.511552e-01	1.503543e-04
3.511808e-01	1.662203e-04
3.512064e-01	1.824005e-04
3.512320e-01	1.978493e-04
3.512576e-01	2.136147e-04
3.512832e-01	2.292548e-04
3.513088e-01	2.451021e-04
3.513344e-01	2.603943e-04
3.513600e-01	2.763464e-04
3.513856e-01	2.911332e-04
3.514112e-01	3.065053e-04
3.514368e-01	3.223502e-04
3.514624e-01	3.364799e-04
3.514880e-01	3.525749e-04
3.515136e-01	3.673312e-04
3.515392e-01	3.819653e-04
3.515648e-01	3.972123e-04
3.515904e-01	4.112597e-04
3.516160e-01	4.262412e-04
3.516416e-01	4.403976e-04
3.516672e-01	4.549400e-04
3.516928e-01	4.688244e-04
3.517184e-01	4.832984e-04
3.517440e-01	4.966595e-04
3.517696e-01	5.108126e-04
3.517952e-01	5.248211e-04
3.518208e-01	5.381845e-04
3.518464e-01	5.516348e-04
3.518720e-01	5.648667e-04
3.518976e-01	5.780915e-04
3.519232e-01	5.907548e-04
3.519488e-01	6.042289e-04
3.519744e-01	6.169015e-04
3.520000e-01	6.287653e-04
3.520256e-01	6.414342e-04
3.520512e-01	6.538678e-04
3.520768e-01	6.659293e-04
3.521024e-01	6.776395e-04
3.521280e-01	6.893614e-04
3.521536e-01	7.009640e-04
3.521792e-01	7.124312e-04
3.522048e-01	7.230478e-04
3.522304e-01	7.345086e-04
3.522560e-01	7.450668e-04
3.522816e-01	7.556717e-04
3.523072e-01	7.662650e-04
3.523328e-01	7.763690e-04
3.523584e-01	7.864462e-04
3.523840e-01	7.965717e-04
3.524096e-01	8.060058e-04
3.524352e-01	8.152460e-04
3.524608e-01	8.245960e-04
3.524864e-01	8.336406e-04
3.525120e-01	8.423461e-04
3.525376e-01	8.510537e-04
3.525632e-01	8.593815e-04
3.525888e-01	8.678759e-04
3.526144e-01	8.754099e-04
3.526400e-01	8.835010e-04
3.526656e-01	8.906763e-04
3.526912e-01	8.981763e-04
3.527168e-01	9.051515e-04
3.527424e-01	9.117661e-04
3.527680e-01	9.184398e-04
3.527936e-01	9.249200e-04
3.528192e-01	9.307678e-04
3.528448e-01	9.363582e-04
3.528704e-01	9.431860e-04
3.528960e-01	9.479070e-04
3.529216e-01	9.529061e-04
3.529472e-01	9.583716e-04
3.529728e-01	9.622599e-04
3.529984e-01	9.671773e-04
3.530240e-01	9.715495e-04
3.530496e-01	9.755993e-04
3.530752e-01	9.793310e-04
3.531008e-01	9.824574e-04
3.531264e-01	9.858934e-04
3.531520e-01	9.894716e-04
3.531776e-01	9.914782e-04
3.532032e-01	9.945652e-04
3.532288e-01	9.964464e-04
3.532544e-01	9.986457e-04
3.532800e-01	1.000780e-03
3.533056e-01	1.002114e-03
3.533312e-01	1.003160e-03
3.533568e-01	1.004505e-03
3.533824e-01	1.005289e-03
3.534080e-01	1.005617e-03
3.534336e-01	1.006221e-03
3.534592e-01	1.006378e-03
3.534848e-01	1.005932e-03
3.535104e-01	1.005564e-03
3.535360e-01	1.005054e-03
3.535616e-01	1.003831e-03
3.535872e-01	1.002945e-03
3.536128e-01	1.001590e-03
3.536384e-01	9.998872e-04
3.536640e-01	9.978586e-04
3.536896e-01	9.952909e-04
3.537152e-01	9.932632e-04
3.537408e-01	9.901213e-04
3.537664e-01	9.877292e-04
3.537920e-01	9.841739e-04
3.538176e-01	9.808841e-04
3.538432e-01	9.771241e-04
3.538688e-01	9.733926e-04
3.538944e-01	9.695451e-04
3.539200e-01	9.650530e-04
3.539456e-01	9.602354e-04
3.539712e-01	9.551446e-04
3.539968e-01	9.502314e-04
3.540224e-01	9.449758e-04
3.540480e-01	9.394452e-04
3.540736e-01	9.333974e-04
3.540992e-01	9.272842e-04
3.541248e-01	9.213326e-04
3.541504e-01	9.146635e-04
3.541760e-01	9.082909e-04
3.542016e-01	9.007972e-04
3.542272e-01	8.933849e-04
3.542528e-01	8.857272e-04
3.542784e-01	8.785378e-04
3.543040e-01	8.705550e-04
3.543296e-01	8.621067e-04
3.543552e-01	8.540598e-04
3.543808e-01	8.454155e-04
3.544064e-01	8.365059e-04
3.544320e-01	8.274061e-04
3.544576e-01	8.182235e-04
3.544832e-01	8.091023e-04
3.545088e-01	7.991864e-04
3.545344e-01	7.892547e-04
3.545600e-01	7.789009e-04
3.545856e-01	7.686209e-04
3.546112e-01	7.582031e-04
3.546368e-01	7.478402e-04
3.546624e-01	7.364480e-04
3.546880e-01	7.250374e-04
3.547136e-01	7.142425e-04
3.547392e-01	7.025732e-04
3.547648e-01	6.904896e-04
3.547904e-01	6.794379e-04
3.548160e-01	6.666289e-04
3.548416e-01	6.541905e-04
3.548672e-01	6.423107e-04
3.548928e-01	6.297826e-04
3.549184e-01	6.166229e-04
3.549440e-01	6.039119e-04
3.549696e-01	5.909845e-04
3.549952e-01	5.773416e-04
3.550208e-01	5.641071e-04
3.550464e-01	5.505789e-04
3.550720e-01	5.367004e-04
3.550976e-01	5.230798e-04
3.551232e-01	5.088949e-04
3.551488e-01	4.948105e-04
3.551744e-01	4.804399e-04
3.552000e-01	4.660005e-04
3.552256e-01	4.513183e-04
3.552512e-01	4.368146e-04
3.552768e-01	4.217939e-04
3.553024e-01	4.069493e-04
3.553280e-01	3.915598e-04
3.553536e-01	3.767693e-04
3.553792e-01	3.611228e-04
3.554048e-01	3.454393e-04
3.554304e-01	3.300967e-04
3.554560e-01	3.143986e-04
3.554816e-01	2.986444e-04
3.555072e-01	2.830601e-04
3.555328e-01	2.673554e-04
3.555584e-01	2.510398e-04
3.555840e-01	2.350468e-04
3.556096e-01	2.193022e-04
3.556352e-01	2.031790e-04
3.556608e-01	1.870723e-04
3.556864e-01	1.703187e-04
3.557120e-01	1.539956e-04
3.557376e-01	1.378795e-04
3.557632e-01	1.210396e-04
3.557888e-01	1.046501e-04
3.558144e-01	8.837350e-05
3.558400e-01	7.113588e-05
3.558656e-01	5.524083e-05
3.558912e-01	3.836191e-05
3.559168e-01	2.181220e-05
3.559424e-01	5.041624e-06
3.559680e-01	-1.171225e-05
3.559936e-01	-2.830456e-05
3.560192e-01	-4.492111e-05
3.560448e-01	-6.187920e-05
3.560704e-01	-7.802916e-05
3.560960e-01	-9.502788e-05
3.561216e-01	-1.119613e-04
3.561472e-01	-1.280070e-04
3.561728e-01	-1.447883e-04
3.561984e-01	-1.613713e-04
3.562240e-01	-1.782788e-04
3.562496e-01	-1.948963e-04
3.562752e-01	-2.109881e-04
3.563008e-01	-2.275221e-04
3.563264e-01	-2.439684e-04
3.563520e-01	-2.599418e-04
3.563776e-01	-2.758986e-04
3.564032e-01	-2.925411e-04
3.564288e-01	-3.083962e-04
3.564544e-01	-3.248307e-04
3.564800e-01	-3.406248e-04
3.565056e-01	-3.565697e-04
3.565312e-01	-3.722239e-04
3.565568e-01	-3.880169e-04
3.565824e-01	-4.035487e-04
3.566080e-01	-4.187807e-04
3.566336e-01	-4.343223e-04
3.566592e-01	-4.499141e-04
3.566848e-01	-4.649441e-04
3.567104e-01	-4.800853e-04
3.567360e-01	-4.946518e-04
3.567616e-01	-5.095254e-04
3.567872e-01	-5.243819e-04
3.568128e-01	-5.388420e-04
3.568384e-01	-5.531573e-04
3.568640e-01	-5.672238e-04
3.568896e-01	-5.815788e-04
3.569152e-01	-5.956300e-04
3.569408e-01	-6.091854e-04
3.569664e-01	-6.233084e-04
3.569920e-01	-6.364448e-04
3.570176e-01	-6.500197e-04
3.570432e-01	-6.627801e-04
3.570688e-01	-6.756553e-04
3.570944e-01	-6.885241e-04
3.571200e-01	-7.009275e-04
3.571456e-01	-7.135918e-04
3.571712e-01	-7.256613e-04
3.571968e-01	-7.376003e-04
3.572224e-01	-7.492679e-04
3.572480e-01	-7.609844e-04
3.572736e-01	-7.730178e-04
3.572992e-01	-7.840405e-04
3.573248e-01	-7.950024e-04
3.573504e-01	-8.053423e-04
3.573760e-01	-8.164154e-04
3.574016e-01	-8.268066e-04
3.574272e-01	-8.365216e-04
3.574528e-01	-8.467595e-04
3.574784e-01	-8.566189e-04
3.575040e-01	-8.656692e-04
3.575296e-01	-8.749304e-04
3.575552e-01	-8.838978e-04
3.575808e-01	-8.929501e-04
3.576064e-01	-9.013005e-04
3.576320e-01	-9.091823e-04
3.576576e-01	-9.171792e-04
3.576832e-01	-9.247939e-04
3.577088e-01	-9.323627e-04
3.577344e-01	-9.400861e-04
3.577600e-01	-9.470909e-04
3.577856e-01	-9.537154e-04
3.578112e-01	-9.598781e-04
3.578368e-01	-9.665061e-04
3.578624e-01	-9.718563e-04
3.578880e-01	-9.776708e-04
3.579136e-01	-9.830033e-04
3.579392e-01	-9.886279e-04
3.579648e-01	-9.931682e-04
3.579904e-01	-9.976450e-04
3.580160e-01	-1.002065e-03
3.580416e-01	-1.006161e-03
3.580672e-01	-1.009940e-03
3.580928e-01	-1.013298e-03
3.581184e-01	-1.016989e-03
3.581440e-01	-1.019287e-03
3.581696e-01	-1.022223e-03
3.581952e-01	-1.024049e-03
3.582208e-01	-1.025960e-03
3.582464e-01	-1.028651e-03
3.582720e-01	-1.029578e-03
3.582976e-01	-1.031054e-03
3.583232e-01	-1.031873e-03
3.583488e-01	-1.033033e-03
3.583744e-01	-1.033101e-03
3.584000e-01	-1.033220e-03
3.584256e-01	-1.033457e-03
3.584512e-01	-1.032729e-03
3.584768e-01	-1.031729e-03
3.585024e-01	-1.031015e-03
3.585280e-01	-1.029697e-03
3.585536e-01	-1.028133e-03
3.585792e-01	-1.026335e-03
3.586048e-01	-1.024123e-03
3.586304e-01	-1.021883e-03
3.586560e-01	-1.019620e-03
3.586816e-01	-1.016125e-03
3.587072e-01	-1.013175e-03
3.587328e-01	-1.009861e-03
3.587584e-01	-1.006248e-03
3.587840e-01	-1.002128e-03
3.588096e-01	-9.977196e-04
3.588352e-01	-9.932494e-04
3.588608e-01	-9.885768e-04
3.588864e-01	-9.836898e-04
3.589120e-01	-9.780098e-04
3.589376e-01	-9.726113e-04
3.589632e-01	-9.676596e-04
3.589888e-01	-9.607819e-04
3.590144e-01	-9.545942e-04
3.590400e-01	-9.485939e-04
3.590656e-01	-9.418218e-04
3.590912e-01	-9.340128e-04
3.591168e-01	-9.268363e-04
3.591424e-01	-9.195497e-04
3.591680e-01	-9.116363e-04
3.591936e-01	-9.037657e-04
3.592192e-01	-8.953341e-04
3.592448e-01	-8.868246e-04
3.592704e-01	-8.785976e-04
3.592960e-01	-8.695537e-04
3.593216e-01	-8.602016e-04
3.593472e-01	-8.505965e-04
3.593728e-01	-8.412112e-04
3.593984e-01	-8.314533e-04
3.594240e-01	-8.217088e-04
3.594496e-01	-8.114405e-04
3.594752e-01	-8.008771e-04
3.595008e-01	-7.906101e-04
3.595264e-01	-7.794744e-04
3.595520e-01	-7.687734e-04
3.595776e-01	-7.577996e-04
3.596032e-01	-7.455910e-04
3.596288e-01	-7.344299e-04
3.596544e-01	-7.224593e-04
3.596800e-01	-7.106768e-04
3.597056e-01	-6.983349e-04
3.597312e-01	-6.862453e-04
3.597568e-01	-6.734499e-04
3.597824e-01	-6.609307e-04
3.598080e-01	-6.480537e-04
3.598336e-01	-6.348094e-04
3.598592e-01	-6.220182e-04
3.598848e-01	-6.088576e-04
3.599104e-01	-5.950218e-04
3.599360e-01	-5.814235e-04
3.599616e-01	-5.678912e-04
3.599872e-01	-5.539647e-04
3.600128e-01	-5.399935e-04
3.600384e-01	-5.259263e-04
3.600640e-01	-5.119246e-04
3.600896e-01	-4.971420e-04
3.601152e-01	-4.823775e-04
3.601408e-01	-4.685459e-04
3.601664e-01	-4.532330e-04
3.601920e-01	-4.388835e-04
3.602176e-01	-4.238793e-04
3.602432e-01	-4.085184e-04
3.602688e-01	-3.933831e-04
3.602944e-01	-3.782111e-04
3.603200e-01	-3.630101e-04
3.603456e-01	-3.477556e-04
3.603712e-01	-3.319931e-04
3.603968e-01	-3.166728e-04
3.604224e-01	-3.010938e-04
3.604480e-01	-2.850804e-04
3.604736e-01	-2.696970e-04
3.604992e-01	-2.542459e-04
3.605248e-01	-2.382615e-04
3.605504e-01	-2.216737e-04
3.605760e-01	-2.060328e-04
3.606016e-01	-1.901450e-04
3.606272e-01	-1.737636e-04
3.606528e-01	-1.582735e-04
3.606784e-01	-1.417946e-04
3.607040e-01	-1.261964e-04
3.607296e-01	-1.093891e-04
3.607552e-01	-9.363067e-05
3.607808e-01	-7.724215e-05
3.608064e-01	-6.059576e-05
3.608320e-01	-4.484849e-05
3.608576e-01	-2.832898e-05
3.608832e-01	-1.216574e-05
3.609088e-01	3.608963e-06
3.609344e-01	2.010316e-05
3.609600e-01	3.614651e-05
3.609856e-01	5.209070e-05
3.610112e-01	6.872838e-05
3.610368e-01	8.487325e-05
3.610624e-01	1.005107e-04
3.610880e-01	1.170479e-04
3.611136e-01	1.328038e-04
3.611392e-01	1.484455e-04
3.611648e-01	1.649572e-04
3.611904e-01	1.802715e-04
3.612160e-01	1.961483e-04
3.612416e-01	2.123610e-04
3.612672e-01	2.276751e-04
3.612928e-01	2.436527e-04
3.613184e-01	2.587002e-04
3.613440e-01	2.747797e-04
3.613696e-01	2.899524e-04
3.613952e-01	3.052378e-04
3.614208e-01	3.203541e-04
3.614464e-01	3.358459e-04
3.614720e-01	3.505524e-04
3.614976e-01	3.656596e-04
3.615232e-01	3.807408e-04
3.615488e-01	3.951542e-04
3.615744e-01	4.106063e-04
3.616000e-01	4.246278e-04
3.616256e-01	4.393095e-04
3.616512e-01	4.536254e-04
3.616768e-01	4.675134e-04
3.617024e-01	4.819505e-04
3.617280e-01	4.957092e-04
3.617536e-01	5.097828e-04
3.617792e-01	5.232416e-04
3.618048e-01	5.372154e-04
3.618304e-01	5.496957e-04
3.618560e-01	5.637346e-04
3.618816e-01	5.769795e-04
3.619072e-01	5.894977e-04
3.619328e-01	6.029178e-04
3.619584e-01	6.153330e-04
3.619840e-01	6.277945e-04
3.620096e-01	6.403456e-04
3.620352e-01	6.524323e-04
3.620608e-01	6.646549e-04
3.620864e-01	6.761554e-04
3.621120e-01	6.881347e-04
3.621376e-01	7.001349e-04
3.621632e-01	7.113008e-04
3.621888e-01	7.224427e-04
3.622144e-01	7.332473e-04
3.622400e-01	7.439009e-04
3.622656e-01	7.548662e-04
3.622912e-01	7.649163e-04
3.623168e-01	7.753507e-04
3.623424e-01	7.854172e-04
3.623680e-01	7.954609e-04
3.623936e-01	8.046778e-04
3.624192e-01	8.143350e-04
3.624448e-01	8.237673e-04
3.624704e-01	8.322077e-04
3.624960e-01	8.416100e-04
3.625216e-01	8.502426e-04
3.625472e-01	8.581898e-04
3.625728e-01	8.665533e-04
3.625984e-01	8.742000e-04
3.626240e-01	8.820872e-04
3.626496e-01	8.896230e-04
3.626752e-01	8.971982e-04
3.627008e-01	9.038850e-04
3.627264e-01	9.111616e-04
3.627520e-01	9.174375e-04
3.627776e-01	9.238712e-04
3.628032e-01	9.303202e-04
3.628288e-01	9.359445e-04
3.628544e-01	9.417748e-04
3.628800e-01	9.473473e-04
3.629056e-01	9.524216e-04
3.629312e-01	9.572448e-04
3.629568e-01	9.620801e-04
3.629824e-01	9.669163e-04
3.630080e-01	9.707197e-04
3.630336e-01	9.752157e-04
3.630592e-01	9.787547e-04
3.630848e-01	9.820785e-04
3.631104e-01	9.853351e-04
3.631360e-01	9.885950e-04
3.631616e-01	9.918601e-04
3.631872e-01	9.939137e-04
3.632128e-01	9.962142e-04
3.632384e-01	9.983925e-04
3.632640e-01	1.000158e-03
3.632896e-01	1.001502e-03
3.633152e-01	1.002701e-03
3.633408e-01	1.004362e-03
3.633664e-01	1.004719e-03
3.633920e-01	1.005650e-03
3.634176e-01	1.005778e-03
3.634432e-01	1.005977e-03
3.634688e-01	1.005816e-03
3.634944e-01	1.005537e-03
3.635200e-01	1.004879e-03
3.635456e-01	1.003553e-03
3.635712e-01	1.002871e-03
3.635968e-01	1.001642e-03
3.636224e-01	9.994013e-04
3.636480e-01	9.977251e-04
3.636736e-01	9.954645e-04
3.636992e-01	9.938075e-04
3.637248e-01	9.908440e-04
3.637504e-01	9.878175e-04
3.637760e-01	9.851342e-04
3.638016e-01	9.813625e-04
3.638272e-01	9.774853e-04
3.638528e-01	9.738718e-04
3.638784e-01	9.698636e-04
3.639040e-01	9.653200e-04
3.639296e-01	9.609977e-04
3.639552e-01	9.560036e-04
3.639808e-01	9.507827e-04
3.640064e-01	9.456492e-04
3.640320e-01	9.398652e-04
3.640576e-01	9.343184e-04
3.640832e-01	9.279973e-04
3.641088e-01	9.220193e-04
3.641344e-01	9.149992e-04
3.641600e-01	9.086002e-04
3.641856e-01	9.020567e-04
3.642112e-01	8.943002e-04
3.642368e-01	8.867530e-04
3.642624e-01	8.795373e-04
3.642880e-01	8.712684e-04
3.643136e-01	8.633025e-04
3.643392e-01	8.548815e-04
3.643648e-01	8.466106e-04
3.643904e-01	8.375343e-04
3.644160e-01	8.282444e-04
3.644416e-01	8.194640e-04
3.644672e-01	8.092324e-04
3.644928e-01	7.995067e-04
3.645184e-01	7.902136e-04
3.645440e-01	7.798970e-04
3.645696e-01	7.697817e-04
3.645952e-01	7.593445e-04
3.646208e-01	7.486996e-04
3.646464e-01	7.374473e-04
3.646720e-01	7.264829e-04
3.646976e-01	7.149832e-04
3.647232e-01	7.036985e-04
3.647488e-01	6.918731e-04
3.647744e-01	6.799084e-04
3.648000e-01	6.678209e-04
3.648256e-01	6.554755e-04
3.648512e-01	6.431329e-04
3.648768e-01	6.311144e-04
3.649024e-01	6.179192e-04
3.649280e-01	6.051856e-04
3.649536e-01	5.921717e-04
3.649792e-01	5.785073e-04
3.650048e-01	5.652798e-04
3.650304e-01	5.514483e-04
3.650560e-01	5.382018e-04
3.650816e-01	5.242044e-04
3.651072e-01	5.098036e-04
3.651328e-01	4.960767e-04
3.651584e-01	4.812873e-04
3.651840e-01	4.671926e-04
3.652096e-01	4.527698e-04
3.652352e-01	4.381230e-04
3.652608e-01	4.228392e-04
3.652864e-01	4.080955e-04
3.653120e-01	3.932030e-04
3.653376e-01	3.781112e-04
3.653632e-01	3.625171e-04
3.653888e-01	3.473951e-04
3.654144e-01	3.319538e-04
3.654400e-01	3.159734e-04
3.654656e-01	3.005359e-04
3.654912e-01	2.846975e-04
3.655168e-01	2.682597e-04
3.655424e-01	2.528075e-04
3.655680e-01	2.368116e-04
3.655936e-01	2.203305e-04
3.656192e-01	2.046465e-04
3.656448e-01	1.879243e-04
3.656704e-01	1.714983e-04
3.656960e-01	1.559279e-04
3.657216e-01	1.390726e-04
3.657472e-01	1.231633e-04
3.657728e-01	1.060428e-04
3.657984e-01	8.985151e-05
3.658240e-01	7.302000e-05
3.658496e-01	5.621220e-05
3.658752e-01	4.014261e-05
3.659008e-01	2.306956e-05
3.659264e-01	6.882949e-06
3.659520e-01	-9.990044e-06
3.659776e-01	-2.678573e-05
3.660032e-01	-4.370304e-05
3.660288e-01	-6.023034e-05
3.660544e-01	-7.659876e-05
3.660800e-01	-9.361942e-05
3.661056e-01	-1.098876e-04
3.661312e-01	-1.267147e-04
3.661568e-01	-1.428779e-04
3.661824e-01	-1.601849e-04
3.662080e-01	-1.761081e-04
3.662336e-01	-1.927776e-04
3.662592e-01	-2.095343e-04
3.662848e-01	-2.255068e-04
3.663104e-01	-2.419728e-04
3.663360e-01	-2.586861e-04
3.663616e-01	-2.747948e-04
3.663872e-01	-2.908173e-04
3.664128e-01	-3.072079e-04
3.664384e-01	-3.230650e-04
3.664640e-01	-3.388383e-04
3.664896e-01	-3.551390e-04
3.665152e-01	-3.708158e-04
3.665408e-01	-3.864191e-04
3.665664e-01	-4.021330e-04
3.665920e-01	-4.171826e-04
3.666176e-01	-4.326956e-04
3.666432e-01	-4.485641e-04
3.666688e-01	-4.633601e-04
3.666944e-01	-4.783340e-04
3.667200e-01	-4.932684e-04
3.667456e-01	-5.082299e-04
3.667712e-01	-5.228316e-04
3.667968e-01	-5.375564e-04
3.668224e-01	-5.517136e-04
3.668480e-01	-5.661147e-04
3.668736e-01	-5.802694e-04
3.668992e-01	-5.940667e-04
3.669248e-01	-6.079968e-04
3.669504e-01	-6.215781e-04
3.669760e-01	-6.349633e-04
3.670016e-01	-6.488477e-04
3.670272e-01	-6.617076e-04
3.670528e-01	-6.748129e-04
3.670784e-01	-6.871060e-04
3.671040e-01	-7.001804e-04
3.671296e-01	-7.125998e-04
3.671552e-01	-7.245926e-04
3.671808e-01	-7.368929e-04
3.672064e-01	-7.481788e-04
3.672320e-01	-7.598347e-04
3.672576e-01	-7.716807e-04
3.672832e-01	-7.830585e-04
3.673088e-01	-7.936256e-04
3.673344e-01	-8.047096e-04
3.673600e-01	-8.152153e-04
3.673856e-01	-8.252432e-04
3.674112e-01	-8.362240e-04
3.674368e-01	-8.455571e-04
3.674624e-01	-8.554495e-04
3.674880e-01	-8.648810e-04
3.675136e-01	-8.745295e-04
3.675392e-01	-8.830144e-04
3.675648e-01	-8.919410e-04
3.675904e-01	-9.006753e-04
3.676160e-01	-9.082875e-04
3.676416e-01	-9.165956e-04
3.676672e-01	-9.239613e-04
3.676928e-01	-9.314449e-04
3.677184e-01	-9.392939e-04
3.677440e-01	-9.458241e-04
3.677696e-01	-9.526598e-04
3.677952e-01	-9.589415e-04
3.678208e-01	-9.655474e-04
3.678464e-01	-9.714303e-04
3.678720e-01	-9.771506e-04
3.678976e-01	-9.829161e-04
3.679232e-01	-9.875742e-04
3.679488e-01	-9.925530e-04
3.679744e-01	-9.971987e-04
3.680000e-01	-1.001044e-03
3.680256e-01	-1.005480e-03
3.680512e-01	-1.009579e-03
3.680768e-01	-1.012769e-03
3.681024e-01	-1.015897e-03
3.681280e-01	-1.019514e-03
3.681536e-01	-1.021352e-03
3.681792e-01	-1.024246e-03
3.682048e-01	-1.026501e-03
3.682304e-01	-1.027485e-03
3.682560e-01	-1.029303e-03
3.682816e-01	-1.030795e-03
3.683072e-01	-1.031603e-03
3.683328e-01	-1.032689e-03
3.683584e-01	-1.032951e-03
3.683840e-01	-1.033058e-03
3.684096e-01	-1.033104e-03
3.684352e-01	-1.032695e-03
3.684608e-01	-1.031725e-03
3.684864e-01	-1.031102e-03
3.685120e-01	-1.029637e-03
3.685376e-01	-1.028103e-03
3.685632e-01	-1.026463e-03
3.685888e-01	-1.024364e-03
3.686144e-01	-1.022040e-03
3.686400e-01	-1.019337e-03
3.686656e-01	-1.016850e-03
3.686912e-01	-1.013662e-03
3.687168e-01	-1.009912e-03
3.687424e-01	-1.006392e-03
3.687680e-01	-1.002316e-03
3.687936e-01	-9.981890e-04
3.688192e-01	-9.935474e-04
3.688448e-01	-9.894094e-04
3.688704e-01	-9.837090e-04
3.688960e-01	-9.784658e-04
3.689216e-01	-9.731501e-04
3.689472e-01	-9.673496e-04
3.689728e-01	-9.613708e-04
3.689984e-01	-9.552104e-04
3.690240e-01	-9.488742e-04
3.690496e-01	-9.419607e-04
3.690752e-01	-9.344344e-04
3.691008e-01	-9.274711e-04
3.691264e-01	-9.201218e-04
3.691520e-01	-9.121565e-04
3.691776e-01	-9.043022e-04
3.692032e-01	-8.962587e-04
3.692288e-01	-8.875352e-04
3.692544e-01	-8.792221e-04
3.692800e-01	-8.705814e-04
3.693056e-01	-8.609758e-04
3.693312e-01	-8.517957e-04
3.693568e-01	-8.423822e-04
3.693824e-01	-8.321779e-04
3.694080e-01	-8.226632e-04
3.694336e-01	-8.119331e-04
3.694592e-01	-8.020118e-04
3.694848e-01	-7.914043e-04
3.695104e-01	-7.803916e-04
3.695360e-01	-7.696904e-04
3.695616e-01	-7.577240e-04
3.695872e-01	-7.465515e-04
3.696128e-01	-7.353028e-04
3.696384e-01	-7.231695e-04
3.696640e-01	-7.114608e-04
3.696896e-01	-6.993678e-04
3.697152e-01	-6.872499e-04
3.697408e-01	-6.745080e-04
3.697664e-01	-6.622035e-04
3.697920e-01	-6.492024e-04
3.698176e-01	-6.364670e-04
3.698432e-01	-6.231883e-04
3.698688e-01	-6.098062e-04
3.698944e-01	-5.964586e-04
3.699200e-01	-5.829796e-04
3.699456e-01	-5.692259e-04
3.699712e-01	-5.552773e-04
3.699968e-01	-5.413967e-04
3.700224e-01	-5.273708e-04
3.700480e-01	-5.129324e-04
3.700736e-01	-4.987544e-04
3.700992e-01	-4.844949e-04
3.701248e-01	-4.697910e-04
3.701504e-01	-4.548579e-04
3.701760e-01	-4.404266e-04
3.702016e-01	-4.253430e-04
3.702272e-01	-4.104075e-04
3.702528e-01	-3.954388e-04
3.702784e-01	-3.798037e-04
3.703040e-01	-3.646366e-04
3.703296e-01	-3.493171e-04
3.703552e-01	-3.335384e-04
3.703808e-01	-3.183213e-04
3.704064e-01	-3.023399e-04
3.704320e-01	-2.873278e-04
3.704576e-01	-2.713641e-04
3.704832e-01	-2.552883e-04
3.705088e-01	-2.393552e-04
3.705344e-01	-2.234210e-04
3.705600e-01	-2.077109e-04
3.705856e-01	-1.915594e-04
3.706112e-01	-1.756272e-04
3.706368e-01	-1.596511e-04
3.706624e-01	-1.431751e-04
3.706880e-01	-1.273260e-04
3.707136e-01	-1.110153e-04
3.707392e-01	-9.507353e-05
3.707648e-01	-7.887564e-05
3.707904e-01	-6.273929e-05
3.708160e-01	-4.638301e-05
3.708416e-01	-3.018406e-05
3.708672e-01	-1.424321e-05
3.708928e-01	2.196235e-06
3.709184e-01	1.878101e-05
3.709440e-01	3.443365e-05
3.709696e-01	5.065816e-05
3.709952e-01	6.723758e-05
3.710208e-01	8.311404e-05
3.710464e-01	9.919582e-05
3.710720e-01	1.151823e-04
3.710976e-01	1.314245e-04
3.711232e-01	1.474650e-04
3.711488e-01	1.625546e-04
3.711744e-01	1.792505e-04
3.712000e-01	1.946398e-04
3.712256e-01	2.108123e-04
3.712512e-01	2.267098e-04
3.712768e-01	2.414909e-04
3.713024e-01	2.575902e-04
3.713280e-01	2.732956e-04
3.713536e-01	2.883807e-04
3.713792e-01	3.039381e-04
3.714048e-01	3.193481e-04
3.714304e-01	3.344136e-04
3.714560e-01	3.493669e-04
3.714816e-01	3.640732e-04
3.715072e-01	3.789168e-04
3.715328e-01	3.939831e-04
3.715584e-01	4.082310e-04
3.715840e-01	4.234914e-04
3.716096e-01	4.374822e-04
3.716352e-01	4.519972e-04
3.716608e-01	4.662326e-04
3.716864e-01	4.803182e-04
3.717120e-01	4.944265e-04
3.717376e-01	5.082767e-04
3.717632e-01	5.220499e-04
3.717888e-01	5.355660e-04
3.718144e-01	5.490797e-04
3.718400e-01	5.623375e-04
3.718656e-01	5.754171e-04
3.718912e-01	5.884060e-04
3.719168e-01	6.014846e-04
3.719424e-01	6.141299e-04
3.719680e-01	6.265771e-04
3.719936e-01	6.390951e-04
3.720192e-01	6.512434e-04
3.720448e-01	6.638974e-04
3.720704e-01	6.751991e-04
3.720960e-01	6.871668e-04
3.721216e-01	6.985199e-04
3.721472e-01	7.098206e-04
3.721728e-01	7.212836e-04
3.721984e-01	7.319294e-04
3.722240e-01	7.429052e-04
3.722496e-01	7.534923e-04
3.722752e-01	7.638100e-04
3.723008e-01	7.742239e-04
3.723264e-01	7.841491e-04
3.723520e-01	7.941825e-04
3.723776e-01	8.040073e-04
3.724032e-01	8.139556e-04
3.724288e-01	8.226666e-04
3.724544e-01	8.314762e-04
3.724800e-01	8.404829e-04
3.725056e-01	8.493300e-04
3.725312e-01	8.574983e-04
3.725568e-01	8.659160e-04
3.725824e-01	8.736583e-04
3.726080e-01	8.812182e-04
3.726336e-01	8.889134e-04
3.726592e-01	8.965724e-04
3.726848e-01	9.035372e-04
3.727104e-01	9.104660e-04
3.727360e-01	9.173407e-04
3.727616e-01	9.236035e-04
3.727872e-01	9.300073e-04
3.728128e-01	9.359761e-04
3.728384e-01	9.413516e-04
3.728640e-01	9.470346e-04
3.728896e-01	9.520229e-04
3.729152e-01	9.571603e-04
3.729408e-01	9.621212e-04
3.729664e-01	9.664797e-04
3.729920e-01	9.703058e-04
3.730176e-01	9.747389e-04
3.730432e-01	9.784104e-04
3.730688e-01	9.821374e-04
3.730944e-01	9.853685e-04
3.731200e-01	9.883208e-04
3.731456e-01	9.910810e-04
3.731712e-01	9.936583e-04
3.731968e-01	9.958559e-04
3.732224e-01	9.983346e-04
3.732480e-01	1.000061e-03
3.732736e-01	1.001336e-03
3.732992e-01	1.003206e-03
3.733248e-01	1.004093e-03
3.733504e-01	1.004778e-03
3.733760e-01	1.005798e-03
3.734016e-01	1.005711e-03
3.734272e-01	1.006000e-03
3.734528e-01	1.005692e-03
3.734784e-01	1.005755e-03
3.735040e-01	1.005147e-03
3.735296e-01	1.004111e-03
3.735552e-01	1.002917e-03
3.735808e-01	1.001664e-03
3.736064e-01	1.000180e-03
3.736320e-01	9.979125e-04
3.736576e-01	9.960567e-04
3.736832e-01	9.936123e-04
3.737088e-01	9.904981e-04
3.737344e-01	9.881918e-04
3.737600e-01	9.850649e-04
3.737856e-01	9.819955e-04
3.738112e-01	9.778491e-04
3.738368e-01	9.743813e-04
3.738624e-01	9.701531e-04
3.738880e-01	9.655101e-04
3.739136e-01	9.610246e-04
3.739392e-01	9.561428e-04
3.739648e-01	9.513640e-04
3.739904e-01	9.457389e-04
3.740160e-01	9.405204e-04
3.740416e-01	9.345133e-04
3.740672e-01	9.283801e-04
3.740928e-01	9.224697e-04
3.741184e-01	9.153697e-04
3.741440e-01	9.094113e-04
3.741696e-01	9.019354e-04
3.741952e-01	8.946856e-04
3.742208e-01	8.875184e-04
3.742464e-01	8.801249e-04
3.742720e-01	8.722389e-04
3.742976e-01	8.635851e-04
3.743232e-01	8.556391e-04
3.743488e-01	8.468774e-04
3.743744e-01	8.384394e-04
3.744000e-01	8.294306e-04
3.744256e-01	8.194364e-04
3.744512e-01	8.112514e-04
3.744768e-01	8.009821e-04
3.745024e-01	7.910496e-04
3.745280e-01	7.811799e-04
3.745536e-01	7.706397e-04
3.745792e-01	7.603373e-04
3.746048e-01	7.494324e-04
3.746304e-01	7.385841e-04
3.746560e-01	7.275725e-04
3.746816e-01	7.160188e-04
3.747072e-01	7.050449e-04
3.747328e-01	6.930958e-04
3.747584e-01	6.809976e-04
3.747840e-01	6.694575e-04
3.748096e-01	6.571070e-04
3.748352e-01	6.443172e-04
3.748608e-01	6.322364e-04
3.748864e-01	6.194629e-04
3.749120e-01	6.063160e-04
3.749376e-01	5.931588e-04
3.749632e-01	5.803317e-04
3.749888e-01	5.665994e-04
3.750144e-01	5.531912e-04
3.750400e-01	5.395653e-04
3.750656e-01	5.254616e-04
3.750912e-01	5.116077e-04
3.751168e-01	4.973806e-04
3.751424e-01	4.831843e-04
3.751680e-01	4.684920e-04
3.751936e-01	4.540113e-04
3.752192e-01	4.397444e-04
3.752448e-01	4.243768e-04
3.752704e-01	4.096485e-04
3.752960e-01	3.947239e-04
3.753216e-01	3.797390e-04
3.753472e-01	3.638882e-04
3.753728e-01	3.489538e-04
3.753984e-01	3.331407e-04
3.754240e-01	3.173613e-04
3.754496e-01	3.020218e-04
3.754752e-01	2.862687e-04
3.755008e-01	2.704462e-04
3.755264e-01	2.543591e-04
3.755520e-01	2.382013e-04
3.755776e-01	2.223582e-04
3.756032e-01	2.060790e-04
3.756288e-01	1.900563e-04
3.756544e-01	1.735282e-04
3.756800e-01	1.570733e-04
3.757056e-01	1.408497e-04
3.757312e-01	1.243876e-04
3.757568e-01	1.078276e-04
3.757824e-01	9.120205e-05
3.758080e-01	7.509692e-05
3.758336e-01	5.794964e-05
3.758592e-01	4.107192e-05
3.758848e-01	2.516471e-05
3.759104e-01	8.273031e-06
3.759360e-01	-8.218777e-06
3.759616e-01	-2.524502e-05
3.759872e-01	-4.147680e-05
3.760128e-01	-5.841871e-05
3.760384e-01	-7.497472e-05
3.760640e-01	-9.199169e-05
3.760896e-01	-1.087293e-04
3.761152e-01	-1.248120e-04
3.761408e-01	-1.419318e-04
3.761664e-01	-1.582937e-04
3.761920e-01	-1.745514e-04
3.762176e-01	-1.916968e-04
3.762432e-01	-2.076923e-04
3.762688e-01	-2.241862e-04
3.762944e-01	-2.407783e-04
3.763200e-01	-2.569419e-04
3.763456e-01	-2.729855e-04
3.763712e-01	-2.891444e-04
3.763968e-01	-3.056980e-04
3.764224e-01	-3.217686e-04
3.764480e-01	-3.374175e-04
3.764736e-01	-3.537914e-04
3.764992e-01	-3.690281e-04
3.765248e-01	-3.848422e-04
3.765504e-01	-4.005197e-04
3.765760e-01	-4.161070e-04
3.766016e-01	-4.318440e-04
3.766272e-01	-4.465782e-04
3.766528e-01	-4.616405e-04
3.766784e-01	-4.771503e-04
3.767040e-01	-4.916699e-04
3.767296e-01	-5.066805e-04
3.767552e-01	-5.214467e-04
3.767808e-01	-5.360779e-04
3.768064e-01	-5.502275e-04
3.768320e-01	-5.646133e-04
3.768576e-01	-5.788357e-04
3.768832e-01	-5.927864e-04
3.769088e-01	-6.065113e-04
3.769344e-01	-6.201704e-04
3.769600e-01	-6.337399e-04
3.769856e-01	-6.473504e-04
3.770112e-01	-6.606840e-04
3.770368e-01	-6.731821e-04
3.770624e-01	-6.860631e-04
3.770880e-01	-6.987682e-04
3.771136e-01	-7.108971e-04
3.771392e-01	-7.234553e-04
3.771648e-01	-7.352640e-04
3.771904e-01	-7.474589e-04
3.772160e-01	-7.588107e-04
3.772416e-01	-7.707917e-04
3.772672e-01	-7.819124e-04
3.772928e-01	-7.927917e-04
3.773184e-01	-8.035896e-04
3.773440e-01	-8.142273e-04
3.773696e-01	-8.248175e-04
3.773952e-01	-8.345906e-04
3.774208e-01	-8.445793e-04
3.774464e-01	-8.545316e-04
3.774720e-01	-8.634340e-04
3.774976e-01	-8.728784e-04
3.775232e-01	-8.822860e-04
3.775488e-01	-8.909308e-04
3.775744e-01	-8.994943e-04
3.776000e-01	-9.077481e-04
3.776256e-01	-9.156349e-04
3.776512e-01	-9.237120e-04
3.776768e-01	-9.311133e-04
3.777024e-01	-9.386484e-04
3.777280e-01	-9.452775e-04
3.777536e-01	-9.522447e-04
3.777792e-01	-9.590266e-04
3.778048e-01	-9.647780e-04
3.778304e-01	-9.705780e-04
3.778560e-01	-9.764057e-04
3.778816e-01	-9.818858e-04
3.779072e-01	-9.874332e-04
3.779328e-01	-9.920296e-04
3.779584e-01	-9.964618e-04
3.779840e-01	-1.000871e-03
3.780096e-01	-1.005137e-03
3.780352e-01	-1.008719e-03
3.780608e-01	-1.012587e-03
3.780864e-01	-1.015574e-03
3.781120e-01	-1.018821e-03
3.781376e-01	-1.021873e-03
3.781632e-01	-1.023811e-03
3.781888e-01	-1.025982e-03
3.782144e-01	-1.028083e-03
3.782400e-01	-1.029259e-03
3.782656e-01	-1.030397e-03
3.782912e-01	-1.031655e-03
3.783168e-01	-1.032683e-03
3.783424e-01	-1.033139e-03
3.783680e-01	-1.033379e-03
3.783936e-01	-1.032931e-03
3.784192e-01	-1.032662e-03
3.784448e-01	-1.032107e-03
3.784704e-01	-1.031355e-03
3.784960e-01	-1.029638e-03
3.785216e-01	-1.028572e-03
3.785472e-01	-1.026649e-03
3.785728e-01	-1.024958e-03
3.785984e-01	-1.022724e-03
3.786240e-01	-1.019502e-03
3.786496e-01	-1.017291e-03
3.786752e-01	-1.013680e-03
3.787008e-01	-1.010327e-03
3.787264e-01	-1.007052e-03
3.787520e-01	-1.002947e-03
3.787776e-01	-9.990749e-04
3.788032e-01	-9.938843e-04
3.788288e-01	-9.896012e-04
3.788544e-01	-9.846765e-04
3.788800e-01	-9.789717e-04
3.789056e-01	-9.735176e-04
3.789312e-01	-9.681268e-04
3.789568e-01	-9.622080e-04
3.789824e-01	-9.556760e-04
3.790080e-01	-9.490501e-04
3.790336e-01	-9.425912e-04
3.790592e-01	-9.353351e-04
3.790848e-01	-9.283573e-04
3.791104e-01	-9.205826e-04
3.791360e-01	-9.129926e-04
3.791616e-01	-9.055015e-04
3.791872e-01	-8.974118e-04
3.792128e-01	-8.884702e-04
3.792384e-01	-8.797347e-04
3.792640e-01	-8.708997e-04
3.792896e-01	-8.618651e-04
3.793152e-01	-8.522652e-04
3.793408e-01	-8.429378e-04
3.793664e-01	-8.333963e-04
3.793920e-01	-8.234810e-04
3.794176e-01	-8.129473e-04
3.794432e-01	-8.024165e-04
3.794688e-01	-7.922634e-04
3.794944e-01	-7.813952e-04
3.795200e-01	-7.704812e-04
3.795456e-01	-7.593202e-04
3.795712e-01	-7.478869e-04
3.795968e-01	-7.362028e-04
3.796224e-01	-7.242927e-04
3.796480e-01	-7.127347e-04
3.796736e-01	-7.006300e-04
3.796992e-01	-6.883841e-04
3.797248e-01	-6.757671e-04
3.797504e-01	-6.635370e-04
3.797760e-01	-6.505139e-04
3.798016e-01	-6.375033e-04
3.798272e-01	-6.242117e-04
3.798528e-01	-6.114144e-04
3.798784e-01	-5.972957e-04
3.799040e-01	-5.843764e-04
3.799296e-01	-5.707789e-04
3.799552e-01	-5.566475e-04
3.799808e-01	-5.429339e-04
3.800064e-01	-5.287999e-04
3.800320e-01	-5.145707e-04
3.800576e-01	-4.997873e-04
3.800832e-01	-4.859677e-04
3.801088e-01	-4.707935e-04
3.801344e-01	-4.559294e-04
3.801600e-01	-4.415145e-04
3.801856e-01	-4.264067e-04
3.802112e-01	-4.115998e-04
3.802368e-01	-3.961083e-04
3.802624e-01	-3.817242e-04
3.802880e-01	-3.660345e-04
3.803136e-01	-3.511040e-04
3.803392e-01	-3.355199e-04
3.803648e-01	-3.195793e-04
3.803904e-01	-3.042668e-04
3.804160e-01	-2.881200e-04
3.804416e-01	-2.727307e-04
3.804672e-01	-2.572161e-04
3.804928e-01	-2.409081e-04
3.805184e-01	-2.250791e-04
3.805440e-01	-2.094321e-04
3.805696e-01	-1.936239e-04
3.805952e-01	-1.770306e-04
3.806208e-01	-1.609500e-04
3.806464e-01	-1.451603e-04
3.806720e-01	-1.288883e-04
3.806976e-01	-1.122997e-04
3.807232e-01	-9.668476e-05
3.807488e-01	-8.037698e-05
3.807744e-01	-6.409499e-05
3.808000e-01	-4.766120e-05
3.808256e-01	-3.171103e-05
3.808512e-01	-1.530290e-05
3.808768e-01	7.953845e-07
3.809024e-01	1.677326e-05
3.809280e-01	3.302552e-05
3.809536e-01	4.908349e-05
3.809792e-01	6.567450e-05
3.810048e-01	8.171551e-05
3.810304e-01	9.747124e-05
3.810560e-01	1.138588e-04
3.810816e-01	1.296259e-04
3.811072e-01	1.458573e-04
3.811328e-01	1.618778e-04
3.811584e-01	1.770845e-04
3.811840e-01	1.935870e-04
3.812096e-01	2.091536e-04
3.812352e-01	2.243675e-04
3.812608e-01	2.407280e-04
3.812864e-01	2.553586e-04
3.813120e-01	2.718285e-04
3.813376e-01	2.868302e-04
3.813632e-01	3.021306e-04
3.813888e-01	3.177817e-04
3.814144e-01	3.325450e-04
3.814400e-01	3.478064e-04
3.814656e-01	3.628197e-04
3.814912e-01	3.779131e-04
3.815168e-01	3.926382e-04
3.815424e-01	4.075368e-04
3.815680e-01	4.218729e-04
3.815936e-01	4.361172e-04
3.816192e-01	4.508511e-04
3.816448e-01	4.646583e-04
3.816704e-01	4.791675e-04
3.816960e-01	4.930043e-04
3.817216e-01	5.066802e-04
3.817472e-01	5.208585e-04
3.817728e-01	5.345259e-04
3.817984e-01	5.473695e-04
3.818240e-01	5.610953e-04
3.818496e-01	5.739974e-04
3.818752e-01	5.870743e-04
3.819008e-01	6.002360e-04
3.819264e-01	6.126342e-04
3.819520e-01	6.252268e-04
3.819776e-01	6.382195e-04
3.820032e-01	6.500832e-04
3.820288e-01	6.618826e-04
3.820544e-01	6.741264e-04
3.820800e-01	6.855354e-04
3.821056e-01	6.971653e-04
3.821312e-01	7.090669e-04
3.821568e-01	7.198522e-04
3.821824e-01	7.311066e-04
3.822080e-01	7.422698e-04
3.822336e-01	7.529628e-04
3.822592e-01	7.633409e-04
3.822848e-01	7.733790e-04
3.823104e-01	7.833724e-04
3.823360e-01	7.933601e-04
3.823616e-01	8.030425e-04
3.823872e-01	8.128815e-04
3.824128e-01	8.216309e-04
3.824384e-01	8.314070e-04
3.824640e-01	8.395599e-04
3.824896e-01	8.480956e-04
3.825152e-01	8.567239e-04
3.825408e-01	8.647314e-04
3.825664e-01	8.731509e-04
3.825920e-01	8.803536e-04
3.826176e-01	8.882912e-04
3.826432e-01	8.958544e-04
3.826688e-01	9.026942e-04
3.826944e-01	9.098982e-04
3.827200e-01	9.162554e-04
3.827456e-01	9.228004e-04
3.827712e-01	9.289766e-04
3.827968e-01	9.346741e-04
3.828224e-01	9.408792e-04
3.828480e-01	9.461967e-04
3.828736e-01	9.510778e-04
3.828992e-01	9.567376e-04
3.829248e-01	9.610962e-04
3.829504e-01	9.660880e-04
3.829760e-01	9.698154e-04
3.830016e-01	9.741535e-04
3.830272e-01	9.780386e-04
3.830528e-01	9.813086e-04
3.830784e-01	9.847989e-04
3.831040e-01	9.877592e-04
3.831296e-01	9.912159e-04
3.831552e-01	9.937970e-04
3.831808e-01	9.956313e-04
3.832064e-01	9.977857e-04
3.832320e-01	9.994908e-04
3.832576e-01	1.001692e-03
3.832832e-01	1.002735e-03
3.833088e-01	1.003504e-03
3.833344e-01	1.004285e-03
3.833600e-01	1.005140e-03
3.833856e-01	1.005954e-03
3.834112e-01	1.005838e-03
3.834368e-01	1.006150e-03
3.834624e-01	1.005552e-03
3.834880e-01	1.004700e-03
3.835136e-01	1.004392e-03
3.835392e-01	1.002738e-03
3.835648e-01	1.001423e-03
3.835904e-01	1.000056e-03
3.836160e-01	9.982913e-04
3.836416e-01	9.958278e-04
3.836672e-01	9.939026e-04
3.836928e-01	9.911880e-04
3.837184e-01	9.882826e-04
3.837440e-01	9.853968e-04
3.837696e-01	9.821304e-04
3.837952e-01	9.783072e-04
3.838208e-01	9.745474e-04
3.838464e-01	9.702086e-04
3.838720e-01	9.662459e-04
3.838976e-01	9.616783e-04
3.839232e-01	9.567395e-04
3.839488e-01	9.518091e-04
3.839744e-01	9.468309e-04
3.840000e-01	9.407397e-04
3.840256e-01	9.351410e-04
3.840512e-01	9.294433e-04
3.840768e-01	9.225577e-04
3.841024e-01	9.164448e-04
3.841280e-01	9.098555e-04
3.841536e-01	9.029371e-04
3.841792e-01	8.957285e-04
3.842048e-01	8.880490e-04
3.842304e-01	8.809455e-04
3.842560e-01	8.727110e-04
3.842816e-01	8.648275e-04
3.843072e-01	8.564349e-04
3.843328e-01	8.476827e-04
3.843584e-01	8.390378e-04
3.843840e-01	8.301655e-04
3.844096e-01	8.205269e-04
3.844352e-01	8.114852e-04
3.844608e-01	8.017896e-04
3.844864e-01	7.918446e-04
3.845120e-01	7.821430e-04
3.845376e-01	7.716240e-04
3.845632e-01	7.610893e-04
3.845888e-01	7.505231e-04
3.846144e-01	7.397550e-04
3.846400e-01	7.287155e-04
3.846656e-01	7.170726e-04
3.846912e-01	7.059725e-04
3.847168e-01	6.941273e-04
3.847424e-01	6.827494e-04
3.847680e-01	6.705786e-04
3.847936e-01	6.584920e-04
3.848192e-01	6.457595e-04
3.848448e-01	6.330950e-04
3.848704e-01	6.203677e-04
3.848960e-01	6.076257e-04
3.849216e-01	5.948463e-04
3.849472e-01	5.812858e-04
3.849728e-01	5.682185e-04
3.849984e-01	5.545241e-04
3.850240e-01	5.408143e-04
3.850496e-01	5.268580e-04
3.850752e-01	5.125962e-04
3.851008e-01	4.989232e-04
3.851264e-01	4.844296e-04
3.851520e-01	4.701973e-04
3.851776e-01	4.551850e-04
3.852032e-01	4.410699e-04
3.852288e-01	4.260429e-04
3.852544e-01	4.107493e-04
3.852800e-01	3.961299e-04
3.853056e-01	3.809294e-04
3.853312e-01	3.656229e-04
3.853568e-01	3.502029e-04
3.853824e-01	3.347213e-04
3.854080e-01	3.190250e-04
3.854336e-01	3.035363e-04
3.854592e-01	2.877729e-04
3.854848e-01	2.716887e-04
3.855104e-01	2.563767e-04
3.855360e-01	2.397873e-04
3.855616e-01	2.237209e-04
3.855872e-01	2.076828e-04
3.856128e-01	1.915533e-04
3.856384e-01	1.751480e-04
3.856640e-01	1.587378e-04
3.856896e-01	1.423674e-04
3.857152e-01	1.258135e-04
3.857408e-01	1.097083e-04
3.857664e-01	9.330262e-05
3.857920e-01	7.601517e-05
3.858176e-01	5.987650e-05
3.858432e-01	4.330502e-05
3.858688e-01	2.656143e-05
3.858944e-01	9.720730e-06
3.859200e-01	-6.858637e-06
3.859456e-01	-2.354445e-05
3.859712e-01	-4.022986e-05
3.859968e-01	-5.676259e-05
3.860224e-01	-7.368609e-05
3.860480e-01	-9.077349e-05
3.860736e-01	-1.065481e-04
3.860992e-01	-1.232149e-04
3.861248e-01	-1.401399e-04
3.861504e-01	-1.566670e-04
3.861760e-01	-1.734665e-04
3.862016e-01	-1.897733e-04
3.862272e-01	-2.061867e-04
3.862528e-01	-2.227094e-04
3.862784e-01	-2.388768e-04
3.863040e-01	-2.553401e-04
3.863296e-01	-2.715195e-04
3.863552e-01	-2.880446e-04
3.863808e-01	-3.040263e-04
3.864064e-01	-3.198200e-04
3.864320e-01	-3.359677e-04
3.864576e-01	-3.519904e-04
3.864832e-01	-3.677201e-04
3.865088e-01	-3.834778e-04
3.865344e-01	-3.988806e-04
3.865600e-01	-4.147448e-04
3.865856e-01	-4.299112e-04
3.866112e-01	-4.452177e-04
3.866368e-01	-4.605532e-04
3.866624e-01	-4.757148e-04
3.866880e-01	-4.904328e-04
3.867136e-01	-5.054794e-04
3.867392e-01	-5.199886e-04
3.867648e-01	-5.348343e-04
3.867904e-01	-5.492941e-04
3.868160e-01	-5.635711e-04
3.868416e-01	-5.773805e-04
3.868672e-01	-5.915551e-04
3.868928e-01	-6.058364e-04
3.869184e-01	-6.189483e-04
3.869440e-01	-6.324832e-04
3.869696e-01	-6.460425e-04
3.869952e-01	-6.591436e-04
3.870208e-01	-6.722225e-04
3.870464e-01	-6.849311e-04
3.870720e-01	-6.975807e-04
3.870976e-01	-7.099863e-04
3.871232e-01	-7.222855e-04
3.871488e-01	-7.343026e-04
3.871744e-01	-7.463551e-04
3.872000e-01	-7.580219e-04
3.872256e-01	-7.695761e-04
3.872512e-01	-7.803905e-04
3.872768e-01	-7.917966e-04
3.873024e-01	-8.025496e-04
3.873280e-01	-8.131384e-04
3.873536e-01	-8.234055e-04
3.873792e-01	-8.338108e-04
3.874048e-01	-8.437970e-04
3.874304e-01	-8.531670e-04
3.874560e-01	-8.626716e-04
3.874816e-01	-8.723673e-04
3.875072e-01	-8.812065e-04
3.875328e-01	-8.900716e-04
3.875584e-01	-8.986020e-04
3.875840e-01	-9.066773e-04
3.876096e-01	-9.149847e-04
3.876352e-01	-9.227683e-04
3.876608e-01	-9.300744e-04
3.876864e-01	-9.378332e-04
3.877120e-01	-9.446596e-04
3.877376e-01	-9.515774e-04
3.877632e-01	-9.577762e-04
3.877888e-01	-9.642672e-04
3.878144e-01	-9.702340e-04
3.878400e-01	-9.758801e-04
3.878656e-01	-9.820886e-04
3.878912e-01	-9.864400e-04
3.879168e-01	-9.916902e-04
3.879424e-01	-9.966614e-04
3.879680e-01	-1.000262e-03
3.879936e-01	-1.004995e-03
3.880192e-01	-1.008373e-03
3.880448e-01	-1.012227e-03
3.880704e-01	-1.015224e-03
3.880960e-01	-1.018697e-03
3.881216e-01	-1.021204e-03
3.881472e-01	-1.023780e-03
3.881728e-01	-1.026318e-03
3.881984e-01	-1.027889e-03
3.882240e-01	-1.029721e-03
3.882496e-01	-1.030792e-03
3.882752e-01	-1.032036e-03
3.883008e-01	-1.032741e-03
3.883264e-01	-1.032940e-03
3.883520e-01	-1.033285e-03
3.883776e-01	-1.033311e-03
3.884032e-01	-1.032985e-03
3.884288e-01	-1.032287e-03
3.884544e-01	-1.031094e-03
3.884800e-01	-1.029855e-03
3.885056e-01	-1.028802e-03
3.885312e-01	-1.026846e-03
3.885568e-01	-1.025209e-03
3.885824e-01	-1.022727e-03
3.886080e-01	-1.020447e-03
3.886336e-01	-1.017493e-03
3.886592e-01	-1.014240e-03
3.886848e-01	-1.010767e-03
3.887104e-01	-1.007384e-03
3.887360e-01	-1.003290e-03
3.887616e-01	-9.990151e-04
3.887872e-01	-9.945679e-04
3.888128e-01	-9.903464e-04
3.888384e-01	-9.852592e-04
3.888640e-01	-9.794277e-04
3.888896e-01	-9.744094e-04
3.889152e-01	-9.686001e-04
3.889408e-01	-9.626357e-04
3.889664e-01	-9.568468e-04
3.889920e-01	-9.494901e-04
3.890176e-01	-9.431998e-04
3.890432e-01	-9.365830e-04
3.890688e-01	-9.291660e-04
3.890944e-01	-9.216159e-04
3.891200e-01	-9.138539e-04
3.891456e-01	-9.056946e-04
3.891712e-01	-8.977604e-04
3.891968e-01	-8.893234e-04
3.892224e-01	-8.808351e-04
3.892480e-01	-8.721009e-04
3.892736e-01	-8.628996e-04
3.892992e-01	-8.536904e-04
3.893248e-01	-8.439040e-04
3.893504e-01	-8.340496e-04
3.893760e-01	-8.240097e-04
3.894016e-01	-8.139093e-04
3.894272e-01	-8.039131e-04
3.894528e-01	-7.930404e-04
3.894784e-01	-7.821622e-04
3.895040e-01	-7.713529e-04
3.895296e-01	-7.603677e-04
3.895552e-01	-7.485295e-04
3.895808e-01	-7.377258e-04
3.896064e-01	-7.253791e-04
3.896320e-01	-7.136243e-04
3.896576e-01	-7.017493e-04
3.896832e-01	-6.894660e-04
3.897088e-01	-6.772899e-04
3.897344e-01	-6.639946e-04
3.897600e-01	-6.516647e-04
3.897856e-01	-6.387719e-04
3.898112e-01	-6.256226e-04
3.898368e-01	-6.126855e-04
3.898624e-01	-5.987103e-04
3.898880e-01	-5.856680e-04
3.899136e-01	-5.718141e-04
3.899392e-01	-5.579743e-04
3.899648e-01	-5.442154e-04
3.899904e-01	-5.301372e-04
3.900160e-01	-5.153741e-04
3.900416e-01	-5.018355e-04
3.900672e-01	-4.871811e-04
3.900928e-01	-4.720225e-04
3.901184e-01	-4.581683e-04
3.901440e-01	-4.428992e-04
3.901696e-01	-4.281478e-04
3.901952e-01	-4.135073e-04
3.902208e-01	-3.980095e-04
3.902464e-01	-3.827260e-04
3.902720e-01	-3.673273e-04
3.902976e-01	-3.521154e-04
3.903232e-01	-3.367618e-04
3.903488e-01	-3.213845e-04
3.903744e-01	-3.053834e-04
3.904000e-01	-2.901501e-04
3.904256e-01	-2.739398e-04
3.904512e-01	-2.586831e-04
3.904768e-01	-2.428547e-04
3.905024e-01	-2.264757e-04
3.905280e-01	-2.107583e-04
3.905536e-01	-1.948627e-04
3.905792e-01	-1.785558e-04
3.906048e-01	-1.626498e-04
3.906304e-01	-1.465485e-04
3.906560e-01	-1.303056e-04
3.906816e-01	-1.140418e-04
3.907072e-01	-9.805647e-05
3.907328e-01	-8.209535e-05
3.907584e-01	-6.539940e-05
3.907840e-01	-4.976381e-05
3.908096e-01	-3.352591e-05
3.908352e-01	-1.661345e-05
3.908608e-01	-1.205648e-06
3.908864e-01	1.546920e-05
3.909120e-01	3.154862e-05
3.909376e-01	4.760267e-05
3.909632e-01	6.376852e-05
3.909888e-01	7.990074e-05
3.910144e-01	9.627327e-05
3.910400e-01	1.121099e-04
3.910656e-01	1.278816e-04
3.910912e-01	1.443472e-04
3.911168e-01	1.602383e-04
3.911424e-01	1.757705e-04
3.911680e-01	1.915159e-04
3.911936e-01	2.075350e-04
3.912192e-01	2.232158e-04
3.912448e-01	2.390080e-04
3.912704e-01	2.544271e-04
3.912960e-01	2.702005e-04
3.913216e-01	2.853897e-04
3.913472e-01	3.008835e-04
3.913728e-01	3.161935e-04
3.913984e-01	3.313342e-04
3.914240e-01	3.466614e-04
3.914496e-01	3.614506e-04
3.914752e-01	3.763722e-04
3.915008e-01	3.911666e-04
3.915264e-01	4.057896e-04
3.915520e-01	4.204536e-04
3.915776e-01	4.346645e-04
3.916032e-01	4.497472e-04
3.916288e-01	4.634857e-04
3.916544e-01	4.779522e-04
3.916800e-01	4.921285e-04
3.917056e-01	5.055385e-04
3.917312e-01	5.196877e-04
3.917568e-01	5.328194e-04
3.917824e-01	5.460769e-04
3.918080e-01	5.600461e-04
3.918336e-01	5.729453e-04
3.918592e-01	5.859836e-04
3.918848e-01	5.989253e-04
3.919104e-01	6.115389e-04
3.919360e-01	6.243458e-04
3.919616e-01	6.365228e-04
3.919872e-01	6.483321e-04
3.920128e-01	6.608534e-04
3.920384e-01	6.728153e-04
3.920640e-01	6.847296e-04
3.920896e-01	6.960645e-04
3.921152e-01	7.077849e-04
3.921408e-01	7.186942e-04
3.921664e-01	7.298944e-04
3.921920e-01	7.405365e-04
3.922176e-01	7.516572e-04
3.922432e-01	7.622332e-04
3.922688e-01	7.722261e-04
3.922944e-01	7.829008e-04
3.923200e-01	7.924663e-04
3.923456e-01	8.021004e-04
3.923712e-01	8.117221e-04
3.923968e-01	8.207792e-04
3.924224e-01	8.300235e-04
3.924480e-01	8.390050e-04
3.924736e-01	8.477793e-04
3.924992e-01	8.559873e-04
3.925248e-01	8.645017e-04
3.925504e-01	8.725044e-04
3.925760e-01	8.802867e-04
3.926016e-01	8.876525e-04
3.926272e-01	8.948078e-04
3.926528e-01	9.026608e-04
3.926784e-01	9.094442e-04
3.927040e-01	9.159161e-04
3.927296e-01	9.224659e-04
3.927552e-01	9.280290e-04
3.927808e-01	9.346926e-04
3.928064e-01	9.406001e-04
3.928320e-01	9.462337e-04
3.928576e-01	9.508770e-04
3.928832e-01	9.562951e-04
3.929088e-01	9.609075e-04
3.929344e-01	9.657243e-04
3.929600e-01	9.701570e-04
3.929856e-01	9.737199e-04
3.930112e-01	9.779423e-04
3.930368e-01	9.812425e-04
3.930624e-01	9.845659e-04
3.930880e-01	9.876414e-04
3.931136e-01	9.907548e-04
3.931392e-01	9.931978e-04
3.931648e-01	9.951678e-04
3.931904e-01	9.981951e-04
3.932160e-01	9.997549e-04
3.932416e-01	1.001412e-03
3.932672e-01	1.002911e-03
3.932928e-01	1.003659e-03
3.933184e-01	1.004359e-03
3.933440e-01	1.005476e-03
3.933696e-01	1.005829e-03
3.933952e-01	1.006130e-03
3.934208e-01	1.005850e-03
3.934464e-01	1.005698e-03
3.934720e-01	1.005052e-03
3.934976e-01	1.004115e-03
3.935232e-01	1.003232e-03
3.935488e-01	1.001543e-03
3.935744e-01	9.997120e-04
3.936000e-01	9.982045e-04
3.936256e-01	9.959813e-04
3.936512e-01	9.936927e-04
3.936768e-01	9.913975e-04
3.937024e-01	9.885635e-04
3.937280e-01	9.851959e-04
3.937536e-01	9.819845e-04
3.937792e-01	9.787853e-04
3.938048e-01	9.751394e-04
3.938304e-01	9.707716e-04
3.938560e-01	9.667421e-04
3.938816e-01	9.621526e-04
3.939072e-01	9.574989e-04
3.939328e-01	9.520812e-04
3.939584e-01	9.471620e-04
3.939840e-01	9.416467e-04
3.940096e-01	9.359093e-04
3.940352e-01	9.297188e-04
3.940608e-01	9.233553e-04
3.940864e-01	9.172860e-04
3.941120e-01	9.103504e-04
3.941376e-01	9.033953e-04
3.941632e-01	8.961396e-04
3.941888e-01	8.887834e-04
3.942144e-01	8.814397e-04
3.942400e-01	8.735021e-04
3.942656e-01	8.657402e-04
3.942912e-01	8.573129e-04
3.943168e-01	8.487680e-04
3.943424e-01	8.396986e-04
3.943680e-01	8.310011e-04
3.943936e-01	8.215802e-04
3.944192e-01	8.125408e-04
3.944448e-01	8.031083e-04
3.944704e-01	7.929798e-04
3.944960e-01	7.827480e-04
3.945216e-01	7.725575e-04
3.945472e-01	7.624566e-04
3.945728e-01	7.516668e-04
3.945984e-01	7.406007e-04
3.946240e-01	7.296522e-04
3.946496e-01	7.183364e-04
3.946752e-01	7.071935e-04
3.947008e-01	6.952796e-04
3.947264e-01	6.834802e-04
3.947520e-01	6.716193e-04
3.947776e-01	6.594794e-04
3.948032e-01	6.472265e-04
3.948288e-01	6.346651e-04
3.948544e-01	6.213149e-04
3.948800e-01	6.085554e-04
3.949056e-01	5.957094e-04
3.949312e-01	5.829018e-04
3.949568e-01	5.693337e-04
3.949824e-01	5.556694e-04
3.950080e-01	5.417722e-04
3.950336e-01	5.279297e-04
3.950592e-01	5.143532e-04
3.950848e-01	4.999973e-04
3.951104e-01	4.859679e-04
3.951360e-01	4.715659e-04
3.951616e-01	4.568577e-04
3.951872e-01	4.422741e-04
3.952128e-01	4.273230e-04
3.952384e-01	4.126979e-04
3.952640e-01	3.972459e-04
3.952896e-01	3.826023e-04
3.953152e-01	3.669047e-04
3.953408e-01	3.516880e-04
3.953664e-01	3.362230e-04
3.953920e-01	3.205785e-04
3.954176e-01	3.048723e-04
3.954432e-01	2.895092e-04
3.954688e-01	2.736895e-04
3.954944e-01	2.567528e-04
3.955200e-01	2.416457e-04
3.955456e-01	2.256377e-04
3.955712e-01	2.091016e-04
3.955968e-01	1.932223e-04
3.956224e-01	1.767572e-04
3.956480e-01	1.606848e-04
3.956736e-01	1.437283e-04
3.956992e-01	1.276362e-04
3.957248e-01	1.111049e-04
3.957504e-01	9.465800e-05
3.957760e-01	7.775171e-05
3.958016e-01	6.114363e-05
3.958272e-01	4.487663e-05
3.958528e-01	2.785675e-05
3.958784e-01	1.144504e-05
3.959040e-01	-4.897699e-06
3.959296e-01	-2.188294e-05
3.959552e-01	-3.843887e-05
3.959808e-01	-5.524273e-05
3.960064e-01	-7.183941e-05
3.960320e-01	-8.873981e-05
3.960576e-01	-1.053244e-04
3.960832e-01	-1.219469e-04
3.961088e-01	-1.387273e-04
3.961344e-01	-1.551640e-04
3.961600e-01	-1.716637e-04
3.961856e-01	-1.884744e-04
3.962112e-01	-2.048794e-04
3.962368e-01	-2.214318e-04
3.962624e-01	-2.374133e-04
3.962880e-01	-2.539093e-04
3.963136e-01	-2.699837e-04
3.963392e-01	-2.862265e-04
3.963648e-01	-3.024441e-04
3.963904e-01	-3.182876e-04
3.964160e-01	-3.344702e-04
3.964416e-01	-3.503744e-04
3.964672e-01	-3.660727e-04
3.964928e-01	-3.817584e-04
3.965184e-01	-3.978287e-04
3.965440e-01	-4.133941e-04
3.965696e-01	-4.279525e-04
3.965952e-01	-4.439266e-04
3.966208e-01	-4.592332e-04
3.966464e-01	-4.740783e-04
3.966720e-01	-4.887730e-04
3.966976e-01	-5.042703e-04
3.967232e-01	-5.185645e-04
3.967488e-01	-5.330482e-04
3.967744e-01	-5.477894e-04
3.968000e-01	-5.617695e-04
3.968256e-01	-5.761366e-04
3.968512e-01	-5.901521e-04
3.968768e-01	-6.042490e-04
3.969024e-01	-6.179580e-04
3.969280e-01	-6.309859e-04
3.969536e-01	-6.449037e-04
3.969792e-01	-6.580385e-04
3.970048e-01	-6.707808e-04
3.970304e-01	-6.835496e-04
3.970560e-01	-6.962547e-04
3.970816e-01	-7.090112e-04
3.971072e-01	-7.211402e-04
3.971328e-01	-7.330453e-04
3.971584e-01	-7.451806e-04
3.971840e-01	-7.568577e-04
3.972096e-01	-7.683797e-04
3.972352e-01	-7.795574e-04
3.972608e-01	-7.910579e-04
3.972864e-01	-8.010750e-04
3.973120e-01	-8.122318e-04
3.973376e-01	-8.231606e-04
3.973632e-01	-8.327118e-04
3.973888e-01	-8.429323e-04
3.974144e-01	-8.527484e-04
3.974400e-01	-8.620335e-04
3.974656e-01	-8.714423e-04
3.974912e-01	-8.810124e-04
3.975168e-01	-8.897613e-04
3.975424e-01	-8.974324e-04
3.975680e-01	-9.065997e-04
3.975936e-01	-9.143843e-04
3.976192e-01	-9.222736e-04
3.976448e-01	-9.296285e-04
3.976704e-01	-9.367816e-04
3.976960e-01	-9.443165e-04
3.977216e-01	-9.508162e-04
3.977472e-01	-9.572331e-04
3.977728e-01	-9.639398e-04
3.977984e-01	-9.698212e-04
3.978240e-01	-9.753019e-04
3.978496e-01	-9.809086e-04
3.978752e-01	-9.861669e-04
3.979008e-01	-9.913848e-04
3.979264e-01	-9.961087e-04
3.979520e-01	-1.000048e-03
3.979776e-01	-1.004784e-03
3.980032e-01	-1.008259e-03
3.980288e-01	-1.011642e-03
3.980544e-01	-1.014962e-03
3.980800e-01	-1.018287e-03
3.981056e-01	-1.021140e-03
3.981312e-01	-1.023476e-03
3.981568e-01	-1.025882e-03
3.981824e-01	-1.027071e-03
3.982080e-01	-1.029132e-03
3.982336e-01	-1.030887e-03
3.982592e-01	-1.031320e-03
3.982848e-01	-1.032482e-03
3.983104e-01	-1.032602e-03
3.983360e-01	-1.033134e-03
3.983616e-01	-1.033192e-03
3.983872e-01	-1.032643e-03
3.984128e-01	-1.031882e-03
3.984384e-01	-1.031941e-03
3.984640e-01	-1.030449e-03
3.984896e-01	-1.028492e-03
3.985152e-01	-1.026877e-03
3.985408e-01	-1.025253e-03
3.985664e-01	-1.022602e-03
3.985920e-01	-1.020138e-03
3.986176e-01	-1.017627e-03
3.986432e-01	-1.014197e-03
3.986688e-01	-1.011372e-03
3.986944e-01	-1.007433e-03
3.987200e-01	-1.003849e-03
3.987456e-01	-9.995484e-04
3.987712e-01	-9.948346e-04
3.987968e-01	-9.909348e-04
3.988224e-01	-9.851515e-04
3.988480e-01	-9.807535e-04
3.988736e-01	-9.748351e-04
3.988992e-01	-9.692043e-04
3.989248e-01	-9.633721e-04
3.989504e-01	-9.567927e-04
3.989760e-01	-9.507667e-04
3.990016e-01	-9.435036e-04
3.990272e-01	-9.368104e-04
3.990528e-01	-9.296726e-04
3.990784e-01	-9.222253e-04
3.991040e-01	-9.145502e-04
3.991296e-01	-9.066276e-04
3.991552e-01	-8.986249e-04
3.991808e-01	-8.896958e-04
3.992064e-01	-8.815335e-04
3.992320e-01	-8.723149e-04
3.992576e-01	-8.635371e-04
3.992832e-01	-8.541055e-04
3.993088e-01	-8.446266e-04
3.993344e-01	-8.353801e-04
3.993600e-01	-8.253254e-04
3.993856e-01	-8.154234e-04
3.994112e-01	-8.046880e-04
3.994368e-01	-7.937943e-04
3.994624e-01	-7.836972e-04
3.994880e-01	-7.724350e-04
3.995136e-01	-7.616022e-04
3.995392e-01	-7.500723e-04
3.995648e-01	-7.385721e-04
3.995904e-01	-7.267781e-04
3.996160e-01	-7.150066e-04
3.996416e-01	-7.029336e-04
3.996672e-01	-6.904645e-04
3.996928e-01	-6.782410e-04
3.997184e-01	-6.655605e-04
3.997440e-01	-6.527680e-04
3.997696e-01	-6.399883e-04
3.997952e-01	-6.269495e-04
3.998208e-01	-6.136985e-04
3.998464e-01	-6.002138e-04
3.998720e-01	-5.869911e-04
3.998976e-01	-5.732161e-04
3.999232e-01	-5.593894e-04
3.999488e-01	-5.452452e-04
3.999744e-01	-5.312698e-04
4.000000e-01	-5.172635e-04
4.000256e-01	-5.028812e-04
4.000512e-01	-4.881941e-04
4.000768e-01	-4.740935e-04
4.001024e-01	-4.590889e-04
4.001280e-01	-4.445563e-04
4.001536e-01	-4.293359e-04
4.001792e-01	-4.139230e-04
4.002048e-01	-3.998163e-04
4.002304e-01	-3.843086e-04
4.002560e-01	-3.687827e-04
4.002816e-01	-3.536560e-04
4.003072e-01	-3.377507e-04
4.003328e-01	-3.229571e-04
4.003584e-01	-3.069924e-04
4.003840e-01	-2.910870e-04
4.004096e-01	-2.759276e-04
4.004352e-01	-2.597745e-04
4.004608e-01	-2.438473e-04
4.004864e-01	-2.282622e-04
4.005120e-01	-2.119406e-04
4.005376e-01	-1.966605e-04
4.005632e-01	-1.803476e-04
4.005888e-01	-1.639825e-04
4.006144e-01	-1.480275e-04
4.006400e-01	-1.319669e-04
4.006656e-01	-1.160683e-04
4.006912e-01	-9.972710e-05
4.007168e-01	-8.305049e-05
4.007424e-01	-6.700548e-05
4.007680e-01	-5.109424e-05
4.007936e-01	-3.492793e-05
4.008192e-01	-1.849795e-05
4.008448e-01	-2.261008e-06
4.008704e-01	1.383844e-05
4.008960e-01	2.993386e-05
4.009216e-01	4.667262e-05
4.009472e-01	6.239621e-05
4.009728e-01	7.850735e-05
4.009984e-01	9.445041e-05
4.010240e-01	1.105553e-04
4.010496e-01	1.267762e-04
4.010752e-01	1.425972e-04
4.011008e-01	1.585206e-04
4.011264e-01	1.746331e-04
4.011520e-01	1.901059e-04
4.011776e-01	2.060347e-04
4.012032e-01	2.219657e-04
4.012288e-01	2.376523e-04
4.012544e-01	2.531901e-04
4.012800e-01	2.684255e-04
4.013056e-01	2.840463e-04
4.013312e-01	2.993750e-04
4.013568e-01	3.143642e-04
4.013824e-01	3.302697e-04
4.014080e-01	3.450066e-04
4.014336e-01	3.598902e-04
4.014592e-01	3.747056e-04
4.014848e-01	3.895562e-04
4.015104e-01	4.044142e-04
4.015360e-01	4.190042e-04
4.015616e-01	4.335721e-04
4.015872e-01	4.477114e-04
4.016128e-01	4.621508e-04
4.016384e-01	4.767296e-04
4.016640e-01	4.902949e-04
4.016896e-01	5.044909e-04
4.017152e-01	5.181419e-04
4.017408e-01	5.316057e-04
4.017664e-01	5.452482e-04
4.017920e-01	5.584341e-04
4.018176e-01	5.718322e-04
4.018432e-01	5.850202e-04
4.018688e-01	5.972409e-04
4.018944e-01	6.105256e-04
4.019200e-01	6.230122e-04
4.019456e-01	6.354303e-04
4.019712e-01	6.478478e-04
4.019968e-01	6.595493e-04
4.020224e-01	6.716439e-04
4.020480e-01	6.837105e-04
4.020736e-01	6.952893e-04
4.020992e-01	7.067370e-04
4.021248e-01	7.177948e-04
4.021504e-01	7.292064e-04
4.021760e-01	7.401076e-04
4.022016e-01	7.508547e-04
4.022272e-01	7.610306e-04
4.022528e-01	7.713383e-04
4.022784e-01	7.816275e-04
4.023040e-01	7.910508e-04
4.023296e-01	8.009954e-04
4.023552e-01	8.113996e-04
4.023808e-01	8.201421e-04
4.024064e-01	8.290161e-04
4.024320e-01	8.379776e-04
4.024576e-01	8.468973e-04
4.024832e-01	8.552871e-04
4.025088e-01	8.636691e-04
4.025344e-01	8.715304e-04
4.025600e-01	8.793615e-04
4.025856e-01	8.867059e-04
4.026112e-01	8.941024e-04
4.026368e-01	9.018239e-04
4.026624e-01	9.085234e-04
4.026880e-01	9.152010e-04
4.027136e-01	9.219279e-04
4.027392e-01	9.276022e-04
4.027648e-01	9.337782e-04
4.027904e-01	9.397848e-04
4.028160e-01	9.452980e-04
4.028416e-01	9.504042e-04
4.028672e-01	9.554168e-04
4.028928e-01	9.605353e-04
4.029184e-01	9.652303e-04
4.029440e-01	9.691136e-04
4.029696e-01	9.736366e-04
4.029952e-01	9.777057e-04
4.030208e-01	9.812117e-04
4.030464e-01	9.843777e-04
4.030720e-01	9.877149e-04
4.030976e-01	9.902973e-04
4.031232e-01	9.930215e-04
4.031488e-01	9.954476e-04
4.031744e-01	9.975774e-04
4.032000e-01	9.993194e-04
4.032256e-01	1.001290e-03
4.032512e-01	1.002977e-03
4.032768e-01	1.003618e-03
4.033024e-01	1.004548e-03
4.033280e-01	1.005587e-03
4.033536e-01	1.005750e-03
4.033792e-01	1.006104e-03
4.034048e-01	1.005381e-03
4.034304e-01	1.005594e-03
4.034560e-01	1.004872e-03
4.034816e-01	1.003803e-03
4.035072e-01	1.003441e-03
4.035328e-01	1.002002e-03
4.035584e-01	1.000265e-03
4.035840e-01	9.983992e-04
4.036096e-01	9.964568e-04
4.036352e-01	9.941953e-04
4.036608e-01	9.914320e-04
4.036864e-01	9.889863e-04
4.037120e-01	9.858630e-04
4.037376e-01	9.825951e-04
4.037632e-01	9.788629e-04
4.037888e-01	9.750916e-04
4.038144e-01	9.711471e-04
4.038400e-01	9.670308e-04
4.038656e-01	9.622589e-04
4.038912e-01	9.576247e-04
4.039168e-01	9.526809e-04
4.039424e-01	9.474050e-04
4.039680e-01	9.419633e-04
4.039936e-01	9.361524e-04
4.040192e-01	9.303444e-04
4.040448e-01	9.243827e-04
4.040704e-01	9.174336e-04
4.040960e-01	9.109633e-04
4.041216e-01	9.040749e-04
4.041472e-01	8.972131e-04
4.041728e-01	8.893095e-04
4.041984e-01	8.821172e-04
4.042240e-01	8.743485e-04
4.042496e-01	8.658504e-04
4.042752e-01	8.579894e-04
4.043008e-01	8.490919e-04
4.043264e-01	8.408605e-04
4.043520e-01	8.317040e-04
4.043776e-01	8.223621e-04
4.044032e-01	8.133317e-04
4.044288e-01	8.030650e-04
4.044544e-01	7.939086e-04
4.044800e-01	7.836195e-04
4.045056e-01	7.739954e-04
4.045312e-01	7.633425e-04
4.045568e-01	7.521222e-04
4.045824e-01	7.417523e-04
4.046080e-01	7.305876e-04
4.046336e-01	7.193749e-04
4.046592e-01	7.081266e-04
4.046848e-01	6.963797e-04
4.047104e-01	6.846454e-04
4.047360e-01	6.731579e-04
4.047616e-01	6.605634e-04
4.047872e-01	6.480121e-04
4.048128e-01	6.358294e-04
4.048384e-01	6.224878e-04
4.048640e-01	6.102055e-04
4.048896e-01	5.969107e-04
4.049152e-01	5.838849e-04
4.049408e-01	5.706179e-04
4.049664e-01	5.570255e-04
4.049920e-01	5.430744e-04
4.050176e-01	5.294213e-04
4.050432e-01	5.155793e-04
4.050688e-01	5.013563e-04
4.050944e-01	4.871136e-04
4.051200e-01	4.727365e-04
4.051456e-01	4.581201e-04
4.051712e-01	4.435972e-04
4.051968e-01	4.285993e-04
4.052224e-01	4.139951e-04
4.052480e-01	3.988057e-04
4.052736e-01	3.836182e-04
4.052992e-01	3.691078e-04
4.053248e-01	3.528706e-04
4.053504e-01	3.377022e-04
4.053760e-01	3.224626e-04
4.054016e-01	3.060074e-04
4.054272e-01	2.908155e-04
4.054528e-01	2.747350e-04
4.054784e-01	2.591804e-04
4.055040e-01	2.429196e-04
4.055296e-01	2.267135e-04
4.055552e-01	2.106132e-04
4.055808e-01	1.946596e-04
4.056064e-01	1.781646e-04
4.056320e-01	1.619368e-04
4.056576e-01	1.458335e-04
4.056832e-01	1.290488e-04
4.057088e-01	1.125262e-04
4.057344e-01	9.614108e-05
4.057600e-01	7.947202e-05
4.057856e-01	6.291772e-05
4.058112e-01	4.643815e-05
4.058368e-01	2.965432e-05
4.058624e-01	1.285043e-05
4.058880e-01	-3.631437e-06
4.059136e-01	-2.040183e-05
4.059392e-01	-3.681814e-05
4.059648e-01	-5.390903e-05
4.059904e-01	-7.034619e-05
4.060160e-01	-8.735618e-05
4.060416e-01	-1.035270e-04
4.060672e-01	-1.202733e-04
4.060928e-01	-1.374255e-04
4.061184e-01	-1.534435e-04
4.061440e-01	-1.703170e-04
4.061696e-01	-1.866507e-04
4.061952e-01	-2.032162e-04
4.062208e-01	-2.199085e-04
4.062464e-01	-2.355821e-04
4.062720e-01	-2.520956e-04
4.062976e-01	-2.687325e-04
4.063232e-01	-2.846938e-04
4.063488e-01	-3.007152e-04
4.063744e-01	-3.172831e-04
4.064000e-01	-3.327120e-04
4.064256e-01	-3.491014e-04
4.064512e-01	-3.645738e-04
4.064768e-01	-3.801275e-04
4.065024e-01	-3.961441e-04
4.065280e-01	-4.117639e-04
4.065536e-01	-4.272934e-04
4.065792e-01	-4.422076e-04
4.066048e-01	-4.574527e-04
4.066304e-01	-4.726613e-04
4.066560e-01	-4.873986e-04
4.066816e-01	-5.022825e-04
4.067072e-01	-5.170293e-04
4.067328e-01	-5.323410e-04
4.067584e-01	-5.462808e-04
4.067840e-01	-5.605881e-04
4.068096e-01	-5.748209e-04
4.068352e-01	-5.888278e-04
4.068608e-01	-6.028055e-04
4.068864e-01	-6.162568e-04
4.069120e-01	-6.300994e-04
4.069376e-01	-6.434199e-04
4.069632e-01	-6.567056e-04
4.069888e-01	-6.693972e-04
4.070144e-01	-6.822308e-04
4.070400e-01	-6.949877e-04
4.070656e-01	-7.073013e-04
4.070912e-01	-7.202096e-04
4.071168e-01	-7.317420e-04
4.071424e-01	-7.438186e-04
4.071680e-01	-7.553183e-04
4.071936e-01	-7.673058e-04
4.072192e-01	-7.784117e-04
4.072448e-01	-7.893711e-04
4.072704e-01	-8.003853e-04
4.072960e-01	-8.112133e-04
4.073216e-01	-8.215638e-04
4.073472e-01	-8.317457e-04
4.073728e-01	-8.415786e-04
4.073984e-01	-8.513414e-04
4.074240e-01	-8.611576e-04
4.074496e-01	-8.704450e-04
4.074752e-01	-8.798497e-04
4.075008e-01	-8.885387e-04
4.075264e-01	-8.973418e-04
4.075520e-01	-9.055126e-04
4.075776e-01	-9.132134e-04
4.076032e-01	-9.215409e-04
4.076288e-01	-9.284560e-04
4.076544e-01	-9.363361e-04
4.076800e-01	-9.435526e-04
4.077056e-01	-9.501688e-04
4.077312e-01	-9.567215e-04
4.077568e-01	-9.627767e-04
4.077824e-01	-9.692209e-04
4.078080e-01	-9.751876e-04
4.078336e-01	-9.802689e-04
4.078592e-01	-9.855923e-04
4.078848e-01	-9.908805e-04
4.079104e-01	-9.959008e-04
4.079360e-01	-9.996084e-04
4.079616e-01	-1.004058e-03
4.079872e-01	-1.007788e-03
4.080128e-01	-1.011237e-03
4.080384e-01	-1.014628e-03
4.080640e-01	-1.017952e-03
4.080896e-01	-1.020757e-03
4.081152e-01	-1.023139e-03
4.081408e-01	-1.025748e-03
4.081664e-01	-1.027294e-03
4.081920e-01	-1.029165e-03
4.082176e-01	-1.030235e-03
4.082432e-01	-1.031386e-03
4.082688e-01	-1.032499e-03
4.082944e-01	-1.032471e-03
4.083200e-01	-1.033674e-03
4.083456e-01	-1.032974e-03
4.083712e-01	-1.032891e-03
4.083968e-01	-1.032425e-03
4.084224e-01	-1.031423e-03
4.084480e-01	-1.030647e-03
4.084736e-01	-1.028708e-03
4.084992e-01	-1.027376e-03
4.085248e-01	-1.025413e-03
4.085504e-01	-1.022820e-03
4.085760e-01	-1.020707e-03
4.086016e-01	-1.017556e-03
4.086272e-01	-1.014646e-03
4.086528e-01	-1.011220e-03
4.086784e-01	-1.007943e-03
4.087040e-01	-1.004084e-03
4.087296e-01	-9.999912e-04
4.087552e-01	-9.951121e-04
4.087808e-01	-9.908386e-04
4.088064e-01	-9.860481e-04
4.088320e-01	-9.806484e-04
4.088576e-01	-9.754912e-04
4.088832e-01	-9.698286e-04
4.089088e-01	-9.636285e-04
4.089344e-01	-9.577079e-04
4.089600e-01	-9.513103e-04
4.089856e-01	-9.441502e-04
4.090112e-01	-9.380659e-04
4.090368e-01	-9.306311e-04
4.090624e-01	-9.226556e-04
4.090880e-01	-9.154467e-04
4.091136e-01	-9.076598e-04
4.091392e-01	-8.991441e-04
4.091648e-01	-8.906188e-04
4.091904e-01	-8.827337e-04
4.092160e-01	-8.733955e-04
4.092416e-01	-8.651086e-04
4.092672e-01	-8.555348e-04
4.092928e-01	-8.456723e-04
4.093184e-01	-8.360293e-04
4.093440e-01	-8.263888e-04
4.093696e-01	-8.161434e-04
4.093952e-01	-8.059662e-04
4.094208e-01	-7.955218e-04
4.094464e-01	-7.846908e-04
4.094720e-01	-7.738650e-04
4.094976e-01	-7.625314e-04
4.095232e-01	-7.513325e-04
4.095488e-01	-7.397525e-04
4.095744e-01	-7.280695e-04
4.096000e-01	-7.160482e-04
4.096256e-01	-7.042713e-04
4.096512e-01	-6.921704e-04
4.096768e-01	-6.795935e-04
4.097024e-01	-6.670479e-04
4.097280e-01	-6.541187e-04
4.097536e-01	-6.412365e-04
4.097792e-01	-6.276598e-04
4.098048e-01	-6.150530e-04
4.098304e-01	-6.015664e-04
4.098560e-01	-5.884030e-04
4.098816e-01	-5.744184e-04
4.099072e-01	-5.604879e-04
4.099328e-01	-5.467018e-04
4.099584e-01	-5.327488e-04
4.099840e-01	-5.187628e-04
4.100096e-01	-5.044055e-04
4.100352e-01	-4.897836e-04
4.100608e-01	-4.753505e-04
4.100864e-01	-4.605782e-04
4.101120e-01	-4.456851e-04
4.101376e-01	-4.307263e-04
4.101632e-01	-4.160326e-04
4.101888e-01	-4.007853e-04
4.102144e-01	-3.856557e-04
4.102400e-01	-3.706640e-04
4.102656e-01	-3.549929e-04
4.102912e-01	-3.393925e-04
4.103168e-01	-3.243800e-04
4.103424e-01	-3.088979e-04
4.103680e-01	-2.928356e-04
4.103936e-01	-2.772047e-04
4.104192e-01	-2.614192e-04
4.104448e-01	-2.452541e-04
4.104704e-01	-2.299055e-04
4.104960e-01	-2.137941e-04
4.105216e-01	-1.973679e-04
4.105472e-01	-1.819215e-04
4.105728e-01	-1.659983e-04
4.105984e-01	-1.491536e-04
4.106240e-01	-1.336124e-04
4.106496e-01	-1.173098e-04
4.106752e-01	-1.010875e-04
4.107008e-01	-8.495113e-05
4.107264e-01	-6.866456e-05
4.107520e-01	-5.250785e-05
4.107776e-01	-3.630286e-05
4.108032e-01	-1.976387e-05
4.108288e-01	-3.968993e-06
4.108544e-01	1.234213e-05
4.108800e-01	2.830197e-05
4.109056e-01	4.472178e-05
4.109312e-01	6.103844e-05
4.109568e-01	7.663666e-05
4.109824e-01	9.305112e-05
4.110080e-01	1.090405e-04
4.110336e-01	1.250962e-04
4.110592e-01	1.413148e-04
4.110848e-01	1.570124e-04
4.111104e-01	1.732822e-04
4.111360e-01	1.887483e-04
4.111616e-01	2.042751e-04
4.111872e-01	2.200239e-04
4.112128e-01	2.356358e-04
4.112384e-01	2.516178e-04
4.112640e-01	2.671943e-04
4.112896e-01	2.825051e-04
4.113152e-01	2.980959e-04
4.113408e-01	3.129155e-04
4.113664e-01	3.284584e-04
4.113920e-01	3.435737e-04
4.114176e-01	3.587829e-04
4.114432e-01	3.733037e-04
4.114688e-01	3.886285e-04
4.114944e-01	4.032856e-04
4.115200e-01	4.177038e-04
4.115456e-01	4.321814e-04
4.115712e-01	4.466379e-04
4.115968e-01	4.614109e-04
4.116224e-01	4.748327e-04
4.116480e-01	4.893762e-04
4.116736e-01	5.031472e-04
4.116992e-01	5.167269e-04
4.117248e-01	5.306812e-04
4.117504e-01	5.432907e-04
4.117760e-01	5.571017e-04
4.118016e-01	5.705517e-04
4.118272e-01	5.835857e-04
4.118528e-01	5.964579e-04
4.118784e-01	6.091269e-04
4.119040e-01	6.216227e-04
4.119296e-01	6.344128e-04
4.119552e-01	6.464907e-04
4.119808e-01	6.588635e-04
4.120064e-01	6.705485e-04
4.120320e-01	6.824431e-04
4.120576e-01	6.939258e-04
4.120832e-01	7.054771e-04
4.121088e-01	7.169498e-04
4.121344e-01	7.278097e-04
4.121600e-01	7.388777e-04
4.121856e-01	7.496676e-04
4.122112e-01	7.600453e-04
4.122368e-01	7.707382e-04
4.122624e-01	7.805006e-04
4.122880e-01	7.905802e-04
4.123136e-01	8.000734e-04
4.123392e-01	8.096270e-04
4.123648e-01	8.192210e-04
4.123904e-01	8.277412e-04
4.124160e-01	8.371476e-04
4.124416e-01	8.457160e-04
4.124672e-01	8.542102e-04
4.124928e-01	8.629801e-04
4.125184e-01	8.706853e-04
4.125440e-01	8.785071e-04
4.125696e-01	8.858059e-04
4.125952e-01	8.940561e-04
4.126208e-01	9.009567e-04
4.126464e-01	9.076101e-04
4.126720e-01	9.147970e-04
4.126976e-01	9.209850e-04
4.127232e-01	9.269651e-04
4.127488e-01	9.331561e-04
4.127744e-01	9.391498e-04
4.128000e-01	9.448263e-04
4.128256e-01	9.496917e-04
4.128512e-01	9.552502e-04
4.128768e-01	9.597528e-04
4.129024e-01	9.646251e-04
4.129280e-01	9.693467e-04
4.129536e-01	9.731460e-04
4.129792e-01	9.770594e-04
4.130048e-01	9.807984e-04
4.130304e-01	9.838418e-04
4.130560e-01	9.873805e-04
4.130816e-01	9.900300e-04
4.131072e-01	9.929873e-04
4.131328e-01	9.958183e-04
4.131584e-01	9.971092e-04
4.131840e-01	9.995576e-04
4.132096e-01	1.001107e-03
4.132352e-01	1.002720e-03
4.132608e-01	1.003806e-03
4.132864e-01	1.004331e-03
4.133120e-01	1.005727e-03
4.133376e-01	1.005367e-03
4.133632e-01	1.006000e-03
4.133888e-01	1.005460e-03
4.134144e-01	1.005773e-03
4.134400e-01	1.005167e-03
4.134656e-01	1.004284e-03
4.134912e-01	1.003696e-03
4.135168e-01	1.001852e-03
4.135424e-01	1.000685e-03
4.135680e-01	9.986134e-04
4.135936e-01	9.968742e-04
4.136192e-01	9.947863e-04
4.136448e-01	9.915734e-04
4.136704e-01	9.893053e-04
4.136960e-01	9.862583e-04
4.137216e-01	9.830929e-04
4.137472e-01	9.793491e-04
4.137728e-01	9.753920e-04
4.137984e-01	9.716302e-04
4.138240e-01	9.676626e-04
4.138496e-01	9.630041e-04
4.138752e-01	9.579400e-04
4.139008e-01	9.532314e-04
4.139264e-01	9.482490e-04
4.139520e-01	9.420382e-04
4.139776e-01	9.367672e-04
4.140032e-01	9.307628e-04
4.140288e-01	9.244636e-04
4.140544e-01	9.182965e-04
4.140800e-01	9.120784e-04
4.141056e-01	9.049987e-04
4.141312e-01	8.974086e-04
4.141568e-01	8.905655e-04
4.141824e-01	8.827642e-04
4.142080e-01	8.752426e-04
4.142336e-01	8.670028e-04
4.142592e-01	8.583498e-04
4.142848e-01	8.506066e-04
4.143104e-01	8.412917e-04
4.143360e-01	8.330464e-04
4.143616e-01	8.232153e-04
4.143872e-01	8.142286e-04
4.144128e-01	8.049131e-04
4.144384e-01	7.948127e-04
4.144640e-01	7.849632e-04
4.144896e-01	7.746821e-04
4.145152e-01	7.642752e-04
4.145408e-01	7.536989e-04
4.145664e-01	7.433831e-04
4.145920e-01	7.316411e-04
4.146176e-01	7.206183e-04
4.146432e-01	7.093200e-04
4.146688e-01	6.972707e-04
4.146944e-01	6.860013e-04
4.147200e-01	6.739995e-04
4.147456e-01	6.619547e-04
4.147712e-01	6.493379e-04
4.147968e-01	6.368008e-04
4.148224e-01	6.243528e-04
4.148480e-01	6.112091e-04
4.148736e-01	5.983664e-04
4.148992e-01	5.857472e-04
4.149248e-01	5.716824e-04
4.149504e-01	5.585853e-04
4.149760e-01	5.444148e-04
4.150016e-01	5.310221e-04
4.150272e-01	5.172222e-04
4.150528e-01	5.028085e-04
4.150784e-01	4.887059e-04
4.151040e-01	4.742373e-04
4.151296e-01	4.597072e-04
4.151552e-01	4.451334e-04
4.151808e-01	4.304227e-04
4.152064e-01	4.155482e-04
4.152320e-01	4.005506e-04
4.152576e-01	3.852389e-04
4.152832e-01	3.702196e-04
4.153088e-01	3.549200e-04
4.153344e-01	3.389563e-04
4.153600e-01	3.234941e-04
4.153856e-01	3.080079e-04
4.154112e-01	2.922110e-04
4.154368e-01	2.762368e-04
4.154624e-01	2.605501e-04
4.154880e-01	2.441839e-04
4.155136e-01	2.282712e-04
4.155392e-01	2.121521e-04
4.155648e-01	1.963872e-04
4.155904e-01	1.798238e-04
4.156160e-01	1.636690e-04
4.156416e-01	1.470993e-04
4.156672e-01	1.302408e-04
4.156928e-01	1.146738e-04
4.157184e-01	9.773178e-05
4.157440e-01	8.095340e-05
4.157696e-01	6.492897e-05
4.157952e-01	4.809791e-05
4.158208e-01	3.168837e-05
4.158464e-01	1.464634e-05
4.158720e-01	-2.032875e-06
4.158976e-01	-1.868852e-05
4.159232e-01	-3.541216e-05
4.159488e-01	-5.182522e-05
4.159744e-01	-6.862164e-05
4.160000e-01	-8.567321e-05
4.160256e-01	-1.018308e-04
4.160512e-01	-1.188371e-04
4.160768e-01	-1.353532e-04
4.161024e-01	-1.519323e-04
4.161280e-01	-1.684209e-04
4.161536e-01	-1.851194e-04
4.161792e-01	-2.017076e-04
4.162048e-01	-2.180776e-04
4.162304e-01	-2.342719e-04
4.162560e-01	-2.504661e-04
4.162816e-01	-2.670675e-04
4.163072e-01	-2.830412e-04
4.163328e-01	-2.993561e-04
4.163584e-01	-3.156995e-04
4.163840e-01	-3.313489e-04
4.164096e-01	-3.474589e-04
4.164352e-01	-3.628831e-04
4.164608e-01	-3.789880e-04
4.164864e-01	-3.947281e-04
4.165120e-01	-4.103326e-04
4.165376e-01	-4.258062e-04
4.165632e-01	-4.410463e-04
4.165888e-01	-4.563397e-04
4.166144e-01	-4.711037e-04
4.166400e-01	-4.860952e-04
4.166656e-01	-5.013043e-04
4.166912e-01	-5.156791e-04
4.167168e-01	-5.304338e-04
4.167424e-01	-5.448570e-04
4.167680e-01	-5.591762e-04
4.167936e-01	-5.731799e-04
4.168192e-01	-5.875464e-04
4.168448e-01	-6.014700e-04
4.168704e-01	-6.149102e-04
4.168960e-01	-6.287379e-04
4.169216e-01	-6.423038e-04
4.169472e-01	-6.552332e-04
4.169728e-01	-6.682319e-04
4.169984e-01	-6.811132e-04
4.170240e-01	-6.939665e-04
4.170496e-01	-7.063969e-04
4.170752e-01	-7.192674e-04
4.171008e-01	-7.309851e-04
4.171264e-01	-7.427231e-04
4.171520e-01	-7.545384e-04
4.171776e-01	-7.662348e-04
4.172032e-01	-7.772291e-04
4.172288e-01	-7.885044e-04
4.172544e-01	-7.998057e-04
4.172800e-01	-8.101492e-04
4.173056e-01	-8.206654e-04
4.173312e-01	-8.310332e-04
4.173568e-01	-8.408513e-04
4.173824e-01	-8.506950e-04
4.174080e-01	-8.603733e-04
4.174336e-01	-8.695631e-04
4.174592e-01	-8.787298e-04
4.174848e-01	-8.875653e-04
4.175104e-01	-8.962079e-04
4.175360e-01	-9.048966e-04
4.175616e-01	-9.128879e-04
4.175872e-01	-9.208103e-04
4.176128e-01	-9.283425e-04
4.176384e-01	-9.357092e-04
4.176640e-01	-9.423940e-04
4.176896e-01	-9.495612e-04
4.177152e-01	-9.561186e-04
4.177408e-01	-9.629005e-04
4.177664e-01	-9.687043e-04
4.177920e-01	-9.744025e-04
4.178176e-01	-9.799458e-04
4.178432e-01	-9.856184e-04
4.178688e-01	-9.901315e-04
4.178944e-01	-9.949856e-04
4.179200e-01	-9.997938e-04
4.179456e-01	-1.003478e-03
4.179712e-01	-1.007411e-03
4.179968e-01	-1.011107e-03
4.180224e-01	-1.014611e-03
4.180480e-01	-1.017807e-03
4.180736e-01	-1.020554e-03
4.180992e-01	-1.022829e-03
4.181248e-01	-1.024862e-03
4.181504e-01	-1.027187e-03
4.181760e-01	-1.029050e-03
4.182016e-01	-1.029752e-03
4.182272e-01	-1.031421e-03
4.182528e-01	-1.032654e-03
4.182784e-01	-1.032686e-03
4.183040e-01	-1.033658e-03
4.183296e-01	-1.033110e-03
4.183552e-01	-1.032797e-03
4.183808e-01	-1.031983e-03
4.184064e-01	-1.031479e-03
4.184320e-01	-1.030557e-03
4.184576e-01	-1.028774e-03
4.184832e-01	-1.027164e-03
4.185088e-01	-1.025239e-03
4.185344e-01	-1.022929e-03
4.185600e-01	-1.020891e-03
4.185856e-01	-1.017878e-03
4.186112e-01	-1.014947e-03
4.186368e-01	-1.011824e-03
4.186624e-01	-1.008412e-03
4.186880e-01	-1.004168e-03
4.187136e-01	-1.000103e-03
4.187392e-01	-9.963355e-04
4.187648e-01	-9.911290e-04
4.187904e-01	-9.865776e-04
4.188160e-01	-9.812600e-04
4.188416e-01	-9.755556e-04
4.188672e-01	-9.704550e-04
4.188928e-01	-9.643018e-04
4.189184e-01	-9.583725e-04
4.189440e-01	-9.517599e-04
4.189696e-01	-9.454542e-04
4.189952e-01	-9.382763e-04
4.190208e-01	-9.311713e-04
4.190464e-01	-9.234596e-04
4.190720e-01	-9.161651e-04
4.190976e-01	-9.082227e-04
4.191232e-01	-8.998832e-04
4.191488e-01	-8.919272e-04
4.191744e-01	-8.831585e-04
4.192000e-01	-8.742122e-04
4.192256e-01	-8.654878e-04
4.192512e-01	-8.559008e-04
4.192768e-01	-8.466658e-04
4.193024e-01	-8.375000e-04
4.193280e-01	-8.272759e-04
4.193536e-01	-8.171932e-04
4.193792e-01	-8.067195e-04
4.194048e-01	-7.961141e-04
4.194304e-01	-7.855342e-04
4.194560e-01	-7.744204e-04
4.194816e-01	-7.637184e-04
4.195072e-01	-7.521964e-04
4.195328e-01	-7.408722e-04
4.195584e-01	-7.292593e-04
4.195840e-01	-7.172478e-04
4.196096e-01	-7.051525e-04
4.196352e-01	-6.933461e-04
4.196608e-01	-6.806949e-04
4.196864e-01	-6.682475e-04
4.197120e-01	-6.554819e-04
4.197376e-01	-6.425706e-04
4.197632e-01	-6.294328e-04
4.197888e-01	-6.162024e-04
4.198144e-01	-6.028240e-04
4.198400e-01	-5.892130e-04
4.198656e-01	-5.759565e-04
4.198912e-01	-5.617379e-04
4.199168e-01	-5.477216e-04
4.199424e-01	-5.344141e-04
4.199680e-01	-5.197006e-04
4.199936e-01	-5.053676e-04
4.200192e-01	-4.911028e-04
4.200448e-01	-4.763761e-04
4.200704e-01	-4.614792e-04
4.200960e-01	-4.471728e-04
4.201216e-01	-4.320804e-04
4.201472e-01	-4.171235e-04
4.201728e-01	-4.019196e-04
4.201984e-01	-3.871446e-04
4.202240e-01	-3.718047e-04
4.202496e-01	-3.566070e-04
4.202752e-01	-3.412755e-04
4.203008e-01	-3.255783e-04
4.203264e-01	-3.102397e-04
4.203520e-01	-2.943296e-04
4.203776e-01	-2.788095e-04
4.204032e-01	-2.631075e-04
4.204288e-01	-2.472483e-04
4.204544e-01	-2.312236e-04
4.204800e-01	-2.152204e-04
4.205056e-01	-1.996174e-04
4.205312e-01	-1.830105e-04
4.205568e-01	-1.674059e-04
4.205824e-01	-1.510959e-04
4.206080e-01	-1.348303e-04
4.206336e-01	-1.189919e-04
4.206592e-01	-1.026560e-04
4.206848e-01	-8.633321e-05
4.207104e-01	-7.044181e-05
4.207360e-01	-5.444141e-05
4.207616e-01	-3.812703e-05
4.207872e-01	-2.156855e-05
4.208128e-01	-5.442048e-06
4.208384e-01	1.096253e-05
4.208640e-01	2.690499e-05
4.208896e-01	4.282397e-05
4.209152e-01	5.956585e-05
4.209408e-01	7.565961e-05
4.209664e-01	9.095883e-05
4.209920e-01	1.076304e-04
4.210176e-01	1.240343e-04
4.210432e-01	1.396545e-04
4.210688e-01	1.554134e-04
4.210944e-01	1.714202e-04
4.211200e-01	1.870079e-04
4.211456e-01	2.032526e-04
4.211712e-01	2.188721e-04
4.211968e-01	2.343025e-04
4.212224e-01	2.500914e-04
4.212480e-01	2.658734e-04
4.212736e-01	2.806270e-04
4.212992e-01	2.964138e-04
4.213248e-01	3.119899e-04
4.213504e-01	3.267772e-04
4.213760e-01	3.423783e-04
4.214016e-01	3.569264e-04
4.214272e-01	3.716268e-04
4.214528e-01	3.867660e-04
4.214784e-01	4.014435e-04
4.215040e-01	4.163897e-04
4.215296e-01	4.303693e-04
4.215552e-01	4.451966e-04
4.215808e-01	4.595617e-04
4.216064e-01	4.736524e-04
4.216320e-01	4.879332e-04
4.216576e-01	5.014098e-04
4.216832e-01	5.154429e-04
4.217088e-01	5.292651e-04
4.217344e-01	5.425141e-04
4.217600e-01	5.558685e-04
4.217856e-01	5.687925e-04
4.218112e-01	5.825683e-04
4.218368e-01	5.954535e-04
4.218624e-01	6.083717e-04
4.218880e-01	6.204958e-04
4.219136e-01	6.327979e-04
4.219392e-01	6.453476e-04
4.219648e-01	6.575813e-04
4.219904e-01	6.698568e-04
4.220160e-01	6.812955e-04
4.220416e-01	6.926707e-04
4.220672e-01	7.046937e-04
4.220928e-01	7.155933e-04
4.221184e-01	7.267667e-04
4.221440e-01	7.378532e-04
4.221696e-01	7.486139e-04
4.221952e-01	7.588148e-04
4.222208e-01	7.691706e-04
4.222464e-01	7.792694e-04
4.222720e-01	7.892501e-04
4.222976e-01	7.995755e-04
4.223232e-01	8.087388e-04
4.223488e-01	8.178062e-04
4.223744e-01	8.271539e-04
4.224000e-01	8.362523e-04
4.224256e-01	8.451725e-04
4.224512e-01	8.532764e-04
4.224768e-01	8.618678e-04
4.225024e-01	8.697131e-04
4.225280e-01	8.776581e-04
4.225536e-01	8.849064e-04
4.225792e-01	8.923535e-04
4.226048e-01	9.000024e-04
4.226304e-01	9.066341e-04
4.226560e-01	9.137518e-04
4.226816e-01	9.200809e-04
4.227072e-01	9.259188e-04
4.227328e-01	9.328324e-04
4.227584e-01	9.385099e-04
4.227840e-01	9.439551e-04
4.228096e-01	9.495128e-04
4.228352e-01	9.543938e-04
4.228608e-01	9.589976e-04
4.228864e-01	9.637793e-04
4.229120e-01	9.680943e-04
4.229376e-01	9.726713e-04
4.229632e-01	9.762188e-04
4.229888e-01	9.800001e-04
4.230144e-01	9.832168e-04
4.230400e-01	9.864210e-04
4.230656e-01	9.897556e-04
4.230912e-01	9.927041e-04
4.231168e-01	9.947288e-04
4.231424e-01	9.970400e-04
4.231680e-01	9.990555e-04
4.231936e-01	1.000400e-03
4.232192e-01	1.002470e-03
4.232448e-01	1.003347e-03
4.232704e-01	1.004366e-03
4.232960e-01	1.005378e-03
4.233216e-01	1.005501e-03
4.233472e-01	1.006312e-03
4.233728e-01	1.005968e-03
4.233984e-01	1.005479e-03
4.234240e-01	1.004752e-03
4.234496e-01	1.004511e-03
4.234752e-01	1.003516e-03
4.235008e-01	1.001939e-03
4.235264e-01	1.000409e-03
4.235520e-01	9.989870e-04
4.235776e-01	9.970460e-04
4.236032e-01	9.944075e-04
4.236288e-01	9.919381e-04
4.236544e-01	9.895369e-04
4.236800e-01	9.861160e-04
4.237056e-01	9.831286e-04
4.237312e-01	9.796075e-04
4.237568e-01	9.758555e-04
4.237824e-01	9.719261e-04
4.238080e-01	9.678823e-04
4.238336e-01	9.631967e-04
4.238592e-01	9.582565e-04
4.238848e-01	9.535927e-04
4.239104e-01	9.481963e-04
4.239360e-01	9.430925e-04
4.239616e-01	9.372350e-04
4.239872e-01	9.313528e-04
4.240128e-01	9.256534e-04
4.240384e-01	9.185311e-04
4.240640e-01	9.123559e-04
4.240896e-01	9.054502e-04
4.241152e-01	8.983316e-04
4.241408e-01	8.911997e-04
4.241664e-01	8.833424e-04
4.241920e-01	8.751345e-04
4.242176e-01	8.679377e-04
4.242432e-01	8.591781e-04
4.242688e-01	8.508760e-04
4.242944e-01	8.422224e-04
4.243200e-01	8.330846e-04
4.243456e-01	8.245392e-04
4.243712e-01	8.148476e-04
4.243968e-01	8.052951e-04
4.244224e-01	7.958321e-04
4.244480e-01	7.857868e-04
4.244736e-01	7.756961e-04
4.244992e-01	7.652880e-04
4.245248e-01	7.547931e-04
4.245504e-01	7.437628e-04
4.245760e-01	7.328588e-04
4.246016e-01	7.215093e-04
4.246272e-01	7.100783e-04
4.246528e-01	6.986203e-04
4.246784e-01	6.870425e-04
4.247040e-01	6.752670e-04
4.247296e-01	6.625863e-04
4.247552e-01	6.503384e-04
4.247808e-01	6.381204e-04
4.248064e-01	6.252271e-04
4.248320e-01	6.126690e-04
4.248576e-01	5.992959e-04
4.248832e-01	5.866228e-04
4.249088e-01	5.728877e-04
4.249344e-01	5.596203e-04
4.249600e-01	5.464139e-04
4.249856e-01	5.321931e-04
4.250112e-01	5.180190e-04
4.250368e-01	5.043693e-04
4.250624e-01	4.899890e-04
4.250880e-01	4.757535e-04
4.251136e-01	4.611296e-04
4.251392e-01	4.464391e-04
4.251648e-01	4.319120e-04
4.251904e-01	4.167669e-04
4.252160e-01	4.020795e-04
4.252416e-01	3.865943e-04
4.252672e-01	3.713706e-04
4.252928e-01	3.563749e-04
4.253184e-01	3.404192e-04
4.253440e-01	3.254538e-04
4.253696e-01	3.095104e-04
4.253952e-01	2.939667e-04
4.254208e-01	2.779132e-04
4.254464e-01	2.618988e-04
4.254720e-01	2.461224e-04
4.254976e-01	2.300995e-04
4.255232e-01	2.141466e-04
4.255488e-01	1.976443e-04
4.255744e-01	1.815913e-04
4.256000e-01	1.652395e-04
4.256256e-01	1.491902e-04
4.256512e-01	1.324531e-04
4.256768e-01	1.153172e-04
4.257024e-01	9.960625e-05
4.257280e-01	8.261578e-05
4.257536e-01	6.652917e-05
4.257792e-01	4.962056e-05
4.258048e-01	3.295096e-05
4.258304e-01	1.632829e-05
4.258560e-01	-4.784932e-07
4.258816e-01	-1.696991e-05
4.259072e-01	-3.371640e-05
4.259328e-01	-5.037148e-05
4.259584e-01	-6.717630e-05
4.259840e-01	-8.364884e-05
4.260096e-01	-1.002674e-04
4.260352e-01	-1.170979e-04
4.260608e-01	-1.337792e-04
4.260864e-01	-1.503988e-04
4.261120e-01	-1.669231e-04
4.261376e-01	-1.839575e-04
4.261632e-01	-1.999833e-04
4.261888e-01	-2.163490e-04
4.262144e-01	-2.324447e-04
4.262400e-01	-2.488069e-04
4.262656e-01	-2.651611e-04
4.262912e-01	-2.813842e-04
4.263168e-01	-2.975560e-04
4.263424e-01	-3.138267e-04
4.263680e-01	-3.295843e-04
4.263936e-01	-3.454842e-04
4.264192e-01	-3.614858e-04
4.264448e-01	-3.771723e-04
4.264704e-01	-3.928864e-04
4.264960e-01	-4.082257e-04
4.265216e-01	-4.241442e-04
4.265472e-01	-4.395203e-04
4.265728e-01	-4.545466e-04
4.265984e-01	-4.699306e-04
4.266240e-01	-4.846769e-04
4.266496e-01	-4.996610e-04
4.266752e-01	-5.142476e-04
4.267008e-01	-5.295472e-04
4.267264e-01	-5.431812e-04
4.267520e-01	-5.578532e-04
4.267776e-01	-5.719100e-04
4.268032e-01	-5.857784e-04
4.268288e-01	-6.001551e-04
4.268544e-01	-6.135355e-04
4.268800e-01	-6.273619e-04
4.269056e-01	-6.403669e-04
4.269312e-01	-6.538464e-04
4.269568e-01	-6.671719e-04
4.269824e-01	-6.800035e-04
4.270080e-01	-6.927499e-04
4.270336e-01	-7.048839e-04
4.270592e-01	-7.173722e-04
4.270848e-01	-7.293756e-04
4.271104e-01	-7.417398e-04
4.271360e-01	-7.533204e-04
4.271616e-01	-7.648722e-04
4.271872e-01	-7.758194e-04
4.272128e-01	-7.873880e-04
4.272384e-01	-7.983657e-04
4.272640e-01	-8.089458e-04
4.272896e-01	-8.197254e-04
4.273152e-01	-8.297520e-04
4.273408e-01	-8.401967e-04
4.273664e-01	-8.494405e-04
4.273920e-01	-8.589289e-04
4.274176e-01	-8.687655e-04
4.274432e-01	-8.774353e-04
4.274688e-01	-8.870484e-04
4.274944e-01	-8.951480e-04
4.275200e-01	-9.035322e-04
4.275456e-01	-9.119100e-04
4.275712e-01	-9.198871e-04
4.275968e-01	-9.274257e-04
4.276224e-01	-9.347738e-04
4.276480e-01	-9.418757e-04
4.276736e-01	-9.486225e-04
4.276992e-01	-9.554309e-04
4.277248e-01	-9.619538e-04
4.277504e-01	-9.680421e-04
4.277760e-01	-9.739505e-04
4.278016e-01	-9.792384e-04
4.278272e-01	-9.844087e-04
4.278528e-01	-9.898287e-04
4.278784e-01	-9.944477e-04
4.279040e-01	-9.985340e-04
4.279296e-01	-1.003771e-03
4.279552e-01	-1.007083e-03
4.279808e-01	-1.010571e-03
4.280064e-01	-1.014131e-03
4.280320e-01	-1.017149e-03
4.280576e-01	-1.020154e-03
4.280832e-01	-1.022444e-03
4.281088e-01	-1.024882e-03
4.281344e-01	-1.026892e-03
4.281600e-01	-1.028757e-03
4.281856e-01	-1.030150e-03
4.282112e-01	-1.030748e-03
4.282368e-01	-1.031874e-03
4.282624e-01	-1.032804e-03
4.282880e-01	-1.032884e-03
4.283136e-01	-1.033153e-03
4.283392e-01	-1.033374e-03
4.283648e-01	-1.031951e-03
4.283904e-01	-1.031588e-03
4.284160e-01	-1.030246e-03
4.284416e-01	-1.029048e-03
4.284672e-01	-1.027220e-03
4.284928e-01	-1.025735e-03
4.285184e-01	-1.023744e-03
4.285440e-01	-1.020596e-03
4.285696e-01	-1.018605e-03
4.285952e-01	-1.015413e-03
4.286208e-01	-1.012099e-03
4.286464e-01	-1.008750e-03
4.286720e-01	-1.004533e-03
4.286976e-01	-1.000746e-03
4.287232e-01	-9.965741e-04
4.287488e-01	-9.922720e-04
4.287744e-01	-9.867804e-04
4.288000e-01	-9.820733e-04
4.288256e-01	-9.766541e-04
4.288512e-01	-9.707848e-04
4.288768e-01	-9.650841e-04
4.289024e-01	-9.587324e-04
4.289280e-01	-9.528404e-04
4.289536e-01	-9.460706e-04
4.289792e-01	-9.386837e-04
4.290048e-01	-9.320258e-04
4.290304e-01	-9.243783e-04
4.290560e-01	-9.170071e-04
4.290816e-01	-9.091992e-04
4.291072e-01	-9.008480e-04
4.291328e-01	-8.924350e-04
4.291584e-01	-8.839077e-04
4.291840e-01	-8.755499e-04
4.292096e-01	-8.661415e-04
4.292352e-01	-8.569834e-04
4.292608e-01	-8.481776e-04
4.292864e-01	-8.377959e-04
4.293120e-01	-8.280791e-04
4.293376e-01	-8.177422e-04
4.293632e-01	-8.078251e-04
4.293888e-01	-7.973083e-04
4.294144e-01	-7.866143e-04
4.294400e-01	-7.756836e-04
4.294656e-01	-7.644774e-04
4.294912e-01	-7.531918e-04
4.295168e-01	-7.416038e-04
4.295424e-01	-7.304814e-04
4.295680e-01	-7.182522e-04
4.295936e-01	-7.063503e-04
4.296192e-01	-6.941251e-04
4.296448e-01	-6.815625e-04
4.296704e-01	-6.694601e-04
4.296960e-01	-6.567049e-04
4.297216e-01	-6.441424e-04
4.297472e-01	-6.303522e-04
4.297728e-01	-6.175348e-04
4.297984e-01	-6.042445e-04
4.298240e-01	-5.907310e-04
4.298496e-01	-5.771432e-04
4.298752e-01	-5.633360e-04
4.299008e-01	-5.492455e-04
4.299264e-01	-5.355582e-04
4.299520e-01	-5.213148e-04
4.299776e-01	-5.069763e-04
4.300032e-01	-4.926384e-04
4.300288e-01	-4.777910e-04
4.300544e-01	-4.635956e-04
4.300800e-01	-4.489378e-04
4.301056e-01	-4.338408e-04
4.301312e-01	-4.188659e-04
4.301568e-01	-4.037711e-04
4.301824e-01	-3.884939e-04
4.302080e-01	-3.731100e-04
4.302336e-01	-3.581650e-04
4.302592e-01	-3.427923e-04
4.302848e-01	-3.272739e-04
4.303104e-01	-3.114125e-04
4.303360e-01	-2.962276e-04
4.303616e-01	-2.800805e-04
4.303872e-01	-2.645169e-04
4.304128e-01	-2.486148e-04
4.304384e-01	-2.325812e-04
4.304640e-01	-2.168294e-04
4.304896e-01	-2.005534e-04
4.305152e-01	-1.847778e-04
4.305408e-01	-1.688979e-04
4.305664e-01	-1.527617e-04
4.305920e-01	-1.369767e-04
4.306176e-01	-1.206794e-04
4.306432e-01	-1.040380e-04
4.306688e-01	-8.828559e-05
4.306944e-01	-7.207994e-05
4.307200e-01	-5.537822e-05
4.307456e-01	-3.961403e-05
4.307712e-01	-2.314649e-05
4.307968e-01	-7.249981e-06
4.308224e-01	9.146843e-06
4.308480e-01	2.525723e-05
4.308736e-01	4.135141e-05
4.308992e-01	5.780630e-05
4.309248e-01	7.415975e-05
4.309504e-01	8.945384e-05
4.309760e-01	1.060775e-04
4.310016e-01	1.221641e-04
4.310272e-01	1.376382e-04
4.310528e-01	1.538664e-04
4.310784e-01	1.698293e-04
4.311040e-01	1.859947e-04
4.311296e-01	2.017011e-04
4.311552e-01	2.173729e-04
4.311808e-01	2.330285e-04
4.312064e-01	2.485379e-04
4.312320e-01	2.641639e-04
4.312576e-01	2.795618e-04
4.312832e-01	2.950915e-04
4.313088e-01	3.104487e-04
4.313344e-01	3.256511e-04
4.313600e-01	3.405828e-04
4.313856e-01	3.557165e-04
4.314112e-01	3.706987e-04
4.314368e-01	3.856572e-04
4.314624e-01	4.000725e-04
4.314880e-01	4.148445e-04
4.315136e-01	4.290014e-04
4.315392e-01	4.438586e-04
4.315648e-01	4.580927e-04
4.315904e-01	4.718978e-04
4.316160e-01	4.865019e-04
4.316416e-01	5.006186e-04
4.316672e-01	5.136501e-04
4.316928e-01	5.278119e-04
4.317184e-01	5.413975e-04
4.317440e-01	5.547690e-04
4.317696e-01	5.680193e-04
4.317952e-01	5.807393e-04
4.318208e-01	5.944265e-04
4.318464e-01	6.069526e-04
4.318720e-01	6.192612e-04
4.318976e-01	6.324479e-04
4.319232e-01	6.441594e-04
4.319488e-01	6.562629e-04
4.319744e-01	6.681504e-04
4.320000e-01	6.802737e-04
4.320256e-01	6.920868e-04
4.320512e-01	7.030946e-04
4.320768e-01	7.146176e-04
4.321024e-01	7.257874e-04
4.321280e-01	7.365675e-04
4.321536e-01	7.472655e-04
4.321792e-01	7.577433e-04
4.322048e-01	7.685288e-04
4.322304e-01	7.785754e-04
4.322560e-01	7.888135e-04
4.322816e-01	7.986412e-04
4.323072e-01	8.080773e-04
4.323328e-01	8.172940e-04
4.323584e-01	8.267968e-04
4.323840e-01	8.353009e-04
4.324096e-01	8.442124e-04
4.324352e-01	8.525765e-04
4.324608e-01	8.610276e-04
4.324864e-01	8.693428e-04
4.325120e-01	8.768272e-04
4.325376e-01	8.849497e-04
4.325632e-01	8.925576e-04
4.325888e-01	8.993379e-04
4.326144e-01	9.062133e-04
4.326400e-01	9.132580e-04
4.326656e-01	9.198034e-04
4.326912e-01	9.257208e-04
4.327168e-01	9.321037e-04
4.327424e-01	9.382842e-04
4.327680e-01	9.434146e-04
4.327936e-01	9.489445e-04
4.328192e-01	9.544933e-04
4.328448e-01	9.587656e-04
4.328704e-01	9.639028e-04
4.328960e-01	9.677872e-04
4.329216e-01	9.723254e-04
4.329472e-01	9.760811e-04
4.329728e-01	9.798080e-04
4.329984e-01	9.833431e-04
4.330240e-01	9.865158e-04
4.330496e-01	9.895728e-04
4.330752e-01	9.917726e-04
4.331008e-01	9.947645e-04
4.331264e-01	9.969259e-04
4.331520e-01	9.987631e-04
4.331776e-01	1.000756e-03
4.332032e-01	1.002344e-03
4.332288e-01	1.003600e-03
4.332544e-01	1.004355e-03
4.332800e-01	1.005255e-03
4.333056e-01	1.005555e-03
4.333312e-01	1.005922e-03
4.333568e-01	1.005896e-03
4.333824e-01	1.006184e-03
4.334080e-01	1.005253e-03
4.334336e-01	1.004473e-03
4.334592e-01	1.003756e-03
4.334848e-01	1.002292e-03
4.335104e-01	1.001009e-03
4.335360e-01	9.993926e-04
4.335616e-01	9.970989e-04
4.335872e-01	9.951574e-04
4.336128e-01	9.927525e-04
4.336384e-01	9.898553e-04
4.336640e-01	9.868137e-04
4.336896e-01	9.836105e-04
4.337152e-01	9.803372e-04
4.337408e-01	9.764931e-04
4.337664e-01	9.723536e-04
4.337920e-01	9.687634e-04
4.338176e-01	9.634366e-04
4.338432e-01	9.593438e-04
4.338688e-01	9.545406e-04
4.338944e-01	9.489235e-04
4.339200e-01	9.438773e-04
4.339456e-01	9.379173e-04
4.339712e-01	9.321548e-04
4.339968e-01	9.261569e-04
4.340224e-01	9.196742e-04
4.340480e-01	9.126998e-04
4.340736e-01	9.060185e-04
4.340992e-01	8.990132e-04
4.341248e-01	8.917651e-04
4.341504e-01	8.844017e-04
4.341760e-01	8.762352e-04
4.342016e-01	8.688588e-04
4.342272e-01	8.601079e-04
4.342528e-01	8.518131e-04
4.342784e-01	8.433242e-04
4.343040e-01	8.343876e-04
4.343296e-01	8.252721e-04
4.343552e-01	8.162790e-04
4.343808e-01	8.067932e-04
4.344064e-01	7.971318e-04
4.344320e-01	7.870179e-04
4.344576e-01	7.768453e-04
4.344832e-01	7.665220e-04
4.345088e-01	7.558269e-04
4.345344e-01	7.449367e-04
4.345600e-01	7.341048e-04
4.345856e-01	7.227758e-04
4.346112e-01	7.112523e-04
4.346368e-01	6.997967e-04
4.346624e-01	6.879941e-04
4.346880e-01	6.761136e-04
4.347136e-01	6.640762e-04
4.347392e-01	6.516026e-04
4.347648e-01	6.391216e-04
4.347904e-01	6.265675e-04
4.348160e-01	6.142727e-04
4.348416e-01	6.011450e-04
4.348672e-01	5.876829e-04
4.348928e-01	5.745433e-04
4.349184e-01	5.607511e-04
4.349440e-01	5.469901e-04
4.349696e-01	5.338198e-04
4.349952e-01	5.192599e-04
4.350208e-01	5.055601e-04
4.350464e-01	4.914942e-04
4.350720e-01	4.768599e-04
4.350976e-01	4.624146e-04
4.351232e-01	4.480950e-04
4.351488e-01	4.328373e-04
4.351744e-01	4.180988e-04
4.352000e-01	4.032684e-04
4.352256e-01	3.879009e-04
4.352512e-01	3.727970e-04
4.352768e-01	3.576727e-04
4.353024e-01	3.422369e-04
4.353280e-01	3.267072e-04
4.353536e-01	3.108554e-04
4.353792e-01	2.948907e-04
4.354048e-01	2.792174e-04
4.354304e-01	2.634691e-04
4.354560e-01	2.478030e-04
4.354816e-01	2.312367e-04
4.355072e-01	2.152705e-04
4.355328e-01	1.995567e-04
4.355584e-01	1.825984e-04
4.355840e-01	1.668677e-04
4.356096e-01	1.499874e-04
4.356352e-01	1.340045e-04
4.356608e-01	1.174188e-04
4.356864e-01	1.006116e-04
4.357120e-01	8.430122e-05
4.357376e-01	6.762332e-05
4.357632e-01	5.106499e-05
4.357888e-01	3.460636e-05
4.358144e-01	1.797464e-05
4.358400e-01	8.353178e-07
4.358656e-01	-1.568629e-05
4.358912e-01	-3.189895e-05
4.359168e-01	-4.879733e-05
4.359424e-01	-6.548471e-05
4.359680e-01	-8.233396e-05
4.359936e-01	-9.886101e-05
4.360192e-01	-1.154137e-04
4.360448e-01	-1.323607e-04
4.360704e-01	-1.488114e-04
4.360960e-01	-1.651249e-04
4.361216e-01	-1.819381e-04
4.361472e-01	-1.985309e-04
4.361728e-01	-2.150627e-04
4.361984e-01	-2.309247e-04
4.362240e-01	-2.477415e-04
4.362496e-01	-2.637964e-04
4.362752e-01	-2.800981e-04
4.363008e-01	-2.965506e-04
4.363264e-01	-3.122241e-04
4.363520e-01	-3.285099e-04
4.363776e-01	-3.448207e-04
4.364032e-01	-3.600428e-04
4.364288e-01	-3.760792e-04
4.364544e-01	-3.919539e-04
4.364800e-01	-4.069282e-04
4.365056e-01	-4.225050e-04
4.365312e-01	-4.381290e-04
4.365568e-01	-4.530809e-04
4.365824e-01	-4.684658e-04
4.366080e-01	-4.835553e-04
4.366336e-01	-4.985887e-04
4.366592e-01	-5.132675e-04
4.366848e-01	-5.278484e-04
4.367104e-01	-5.421491e-04
4.367360e-01	-5.564903e-04
4.367616e-01	-5.708137e-04
4.367872e-01	-5.847455e-04
4.368128e-01	-5.991038e-04
4.368384e-01	-6.126827e-04
4.368640e-01	-6.259033e-04
4.368896e-01	-6.398553e-04
4.369152e-01	-6.529833e-04
4.369408e-01	-6.661772e-04
4.369664e-01	-6.786913e-04
4.369920e-01	-6.917260e-04
4.370176e-01	-7.041799e-04
4.370432e-01	-7.166608e-04
4.370688e-01	-7.287185e-04
4.370944e-01	-7.406964e-04
4.371200e-01	-7.526099e-04
4.371456e-01	-7.641665e-04
4.371712e-01	-7.751643e-04
4.371968e-01	-7.864778e-04
4.372224e-01	-7.973411e-04
4.372480e-01	-8.080829e-04
4.372736e-01	-8.191705e-04
4.372992e-01	-8.289608e-04
4.373248e-01	-8.389769e-04
4.373504e-01	-8.492026e-04
4.373760e-01	-8.584005e-04
4.374016e-01	-8.678784e-04
4.374272e-01	-8.771514e-04
4.374528e-01	-8.856268e-04
4.374784e-01	-8.946320e-04
4.375040e-01	-9.034196e-04
4.375296e-01	-9.110570e-04
4.375552e-01	-9.194236e-04
4.375808e-01	-9.269017e-04
4.376064e-01	-9.344208e-04
4.376320e-01	-9.413137e-04
4.376576e-01	-9.484435e-04
4.376832e-01	-9.551136e-04
4.377088e-01	-9.610232e-04
4.377344e-01	-9.675171e-04
4.377600e-01	-9.736401e-04
4.377856e-01	-9.789940e-04
4.378112e-01	-9.843641e-04
4.378368e-01	-9.891918e-04
4.378624e-01	-9.938600e-04
4.378880e-01	-9.989262e-04
4.379136e-01	-1.002961e-03
4.379392e-01	-1.006683e-03
4.379648e-01	-1.011080e-03
4.379904e-01	-1.013960e-03
4.380160e-01	-1.017354e-03
4.380416e-01	-1.019772e-03
4.380672e-01	-1.022520e-03
4.380928e-01	-1.024889e-03
4.381184e-01	-1.026628e-03
4.381440e-01	-1.028768e-03
4.381696e-01	-1.030037e-03
4.381952e-01	-1.031442e-03
4.382208e-01	-1.032266e-03
4.382464e-01	-1.032580e-03
4.382720e-01	-1.033023e-03
4.382976e-01	-1.033474e-03
4.383232e-01	-1.033487e-03
4.383488e-01	-1.032197e-03
4.383744e-01	-1.031919e-03
4.384000e-01	-1.030930e-03
4.384256e-01	-1.029465e-03
4.384512e-01	-1.028058e-03
4.384768e-01	-1.026151e-03
4.385024e-01	-1.023877e-03
4.385280e-01	-1.021540e-03
4.385536e-01	-1.018654e-03
4.385792e-01	-1.015751e-03
4.386048e-01	-1.012245e-03
4.386304e-01	-1.008952e-03
4.386560e-01	-1.005156e-03
4.386816e-01	-1.001106e-03
4.387072e-01	-9.968472e-04
4.387328e-01	-9.919847e-04
4.387584e-01	-9.874007e-04
4.387840e-01	-9.824305e-04
4.388096e-01	-9.768315e-04
4.388352e-01	-9.714150e-04
4.388608e-01	-9.654594e-04
4.388864e-01	-9.596091e-04
4.389120e-01	-9.531719e-04
4.389376e-01	-9.463382e-04
4.389632e-01	-9.398945e-04
4.389888e-01	-9.328076e-04
4.390144e-01	-9.249806e-04
4.390400e-01	-9.177413e-04
4.390656e-01	-9.098219e-04
4.390912e-01	-9.018420e-04
4.391168e-01	-8.935746e-04
4.391424e-01	-8.850466e-04
4.391680e-01	-8.761061e-04
4.391936e-01	-8.672053e-04
4.392192e-01	-8.578161e-04
4.392448e-01	-8.487147e-04
4.392704e-01	-8.387267e-04
4.392960e-01	-8.291304e-04
4.393216e-01	-8.190164e-04
4.393472e-01	-8.082404e-04
4.393728e-01	-7.984166e-04
4.393984e-01	-7.873470e-04
4.394240e-01	-7.762742e-04
4.394496e-01	-7.657488e-04
4.394752e-01	-7.541915e-04
4.395008e-01	-7.431726e-04
4.395264e-01	-7.312907e-04
4.395520e-01	-7.194056e-04
4.395776e-01	-7.076234e-04
4.396032e-01	-6.953803e-04
4.396288e-01	-6.829948e-04
4.396544e-01	-6.701165e-04
4.396800e-01	-6.577522e-04
4.397056e-01	-6.449540e-04
4.397312e-01	-6.318167e-04
4.397568e-01	-6.189914e-04
4.397824e-01	-6.051263e-04
4.398080e-01	-5.920898e-04
4.398336e-01	-5.782605e-04
4.398592e-01	-5.650160e-04
4.398848e-01	-5.505441e-04
4.399104e-01	-5.360700e-04
4.399360e-01	-5.227991e-04
4.399616e-01	-5.081083e-04
4.399872e-01	-4.937830e-04
4.400128e-01	-4.794316e-04
4.400384e-01	-4.648670e-04
4.400640e-01	-4.502207e-04
4.400896e-01	-4.348291e-04
4.401152e-01	-4.201594e-04
4.401408e-01	-4.049448e-04
4.401664e-01	-3.897155e-04
4.401920e-01	-3.747737e-04
4.402176e-01	-3.591317e-04
4.402432e-01	-3.437942e-04
4.402688e-01	-3.286297e-04
4.402944e-01	-3.127314e-04
4.403200e-01	-2.976190e-04
4.403456e-01	-2.814634e-04
4.403712e-01	-2.659176e-04
4.403968e-01	-2.498367e-04
4.404224e-01	-2.342151e-04
4.404480e-01	-2.186065e-04
4.404736e-01	-2.020841e-04
4.404992e-01	-1.863271e-04
4.405248e-01	-1.699923e-04
4.405504e-01	-1.542905e-04
4.405760e-01	-1.380130e-04
4.406016e-01	-1.216840e-04
4.406272e-01	-1.061479e-04
4.406528e-01	-8.956162e-05
4.406784e-01	-7.301349e-05
4.407040e-01	-5.687503e-05
4.407296e-01	-4.118094e-05
4.407552e-01	-2.410272e-05
4.407808e-01	-8.683301e-06
4.408064e-01	7.392101e-06
4.408320e-01	2.410068e-05
4.408576e-01	4.024928e-05
4.408832e-01	5.626747e-05
4.409088e-01	7.240260e-05
4.409344e-01	8.846890e-05
4.409600e-01	1.044430e-04
4.409856e-01	1.206106e-04
4.410112e-01	1.363207e-04
4.410368e-01	1.526534e-04
4.410624e-01	1.685432e-04
4.410880e-01	1.843474e-04
4.411136e-01	2.001876e-04
4.411392e-01	2.159429e-04
4.411648e-01	2.315611e-04
4.411904e-01	2.466288e-04
4.412160e-01	2.632776e-04
4.412416e-01	2.779705e-04
4.412672e-01	2.934095e-04
4.412928e-01	3.088199e-04
4.413184e-01	3.239967e-04
4.413440e-01	3.394478e-04
4.413696e-01	3.538919e-04
4.413952e-01	3.697104e-04
4.414208e-01	3.843018e-04
4.414464e-01	3.984633e-04
4.414720e-01	4.139062e-04
4.414976e-01	4.280916e-04
4.415232e-01	4.426778e-04
4.415488e-01	4.567248e-04
4.415744e-01	4.703843e-04
4.416000e-01	4.851172e-04
4.416256e-01	4.990206e-04
4.416512e-01	5.122135e-04
4.416768e-01	5.270456e-04
4.417024e-01	5.401474e-04
4.417280e-01	5.532537e-04
4.417536e-01	5.670923e-04
4.417792e-01	5.797789e-04
4.418048e-01	5.924462e-04
4.418304e-01	6.053392e-04
4.418560e-01	6.182816e-04
4.418816e-01	6.311272e-04
4.419072e-01	6.435373e-04
4.419328e-01	6.553379e-04
4.419584e-01	6.670009e-04
4.419840e-01	6.796171e-04
4.420096e-01	6.908280e-04
4.420352e-01	7.020908e-04
4.420608e-01	7.136188e-04
4.420864e-01	7.248034e-04
4.421120e-01	7.355607e-04
4.421376e-01	7.463588e-04
4.421632e-01	7.573399e-04
4.421888e-01	7.675951e-04
4.422144e-01	7.775721e-04
4.422400e-01	7.875896e-04
4.422656e-01	7.974326e-04
4.422912e-01	8.073716e-04
4.423168e-01	8.164047e-04
4.423424e-01	8.257594e-04
4.423680e-01	8.347300e-04
4.423936e-01	8.431689e-04
4.424192e-01	8.519474e-04
4.424448e-01	8.606208e-04
4.424704e-01	8.683687e-04
4.424960e-01	8.762571e-04
4.425216e-01	8.839598e-04
4.425472e-01	8.912525e-04
4.425728e-01	8.983451e-04
4.425984e-01	9.058877e-04
4.426240e-01	9.127483e-04
4.426496e-01	9.190449e-04
4.426752e-01	9.252976e-04
4.427008e-01	9.319580e-04
4.427264e-01	9.373066e-04
4.427520e-01	9.429730e-04
4.427776e-01	9.484151e-04
4.428032e-01	9.538145e-04
4.428288e-01	9.585734e-04
4.428544e-01	9.626307e-04
4.428800e-01	9.678284e-04
4.429056e-01	9.717871e-04
4.429312e-01	9.758836e-04
4.429568e-01	9.796552e-04
4.429824e-01	9.829691e-04
4.430080e-01	9.866067e-04
4.430336e-01	9.892249e-04
4.430592e-01	9.925240e-04
4.430848e-01	9.944073e-04
4.431104e-01	9.965134e-04
4.431360e-01	9.985213e-04
4.431616e-01	1.000770e-03
4.431872e-01	1.002027e-03
4.432128e-01	1.003346e-03
4.432384e-01	1.004460e-03
4.432640e-01	1.004780e-03
4.432896e-01	1.005627e-03
4.433152e-01	1.005733e-03
4.433408e-01	1.005856e-03
4.433664e-01	1.005835e-03
4.433920e-01	1.005318e-03
4.434176e-01	1.004866e-03
4.434432e-01	1.003469e-03
4.434688e-01	1.002224e-03
4.434944e-01	1.000885e-03
4.435200e-01	9.991985e-04
4.435456e-01	9.971677e-04
4.435712e-01	9.949517e-04
4.435968e-01	9.924446e-04
4.436224e-01	9.896368e-04
4.436480e-01	9.868506e-04
4.436736e-01	9.838886e-04
4.436992e-01	9.803005e-04
4.437248e-01	9.765567e-04
4.437504e-01	9.726786e-04
4.437760e-01	9.684385e-04
4.438016e-01	9.642086e-04
4.438272e-01	9.595268e-04
4.438528e-01	9.541753e-04
4.438784e-01	9.499145e-04
4.439040e-01	9.437125e-04
4.439296e-01	9.386342e-04
4.439552e-01	9.326226e-04
4.439808e-01	9.262036e-04
4.440064e-01	9.205376e-04
4.440320e-01	9.136190e-04
4.440576e-01	9.067407e-04
4.440832e-01	9.000765e-04
4.441088e-01	8.924641e-04
4.441344e-01	8.848101e-04
4.441600e-01	8.775398e-04
4.441856e-01	8.691958e-04
4.442112e-01	8.612715e-04
4.442368e-01	8.525841e-04
4.442624e-01	8.441094e-04
4.442880e-01	8.354870e-04
4.443136e-01	8.255722e-04
4.443392e-01	8.167959e-04
4.443648e-01	8.067590e-04
4.443904e-01	7.974834e-04
4.444160e-01	7.877715e-04
4.444416e-01	7.775953e-04
4.444672e-01	7.672189e-04
4.444928e-01	7.564757e-04
4.445184e-01	7.458383e-04
4.445440e-01	7.350983e-04
4.445696e-01	7.241497e-04
4.445952e-01	7.123166e-04
4.446208e-01	7.007213e-04
4.446464e-01	6.895856e-04
4.446720e-01	6.770673e-04
4.446976e-01	6.654763e-04
4.447232e-01	6.531054e-04
4.447488e-01	6.399329e-04
4.447744e-01	6.277831e-04
4.448000e-01	6.152306e-04
4.448256e-01	6.020709e-04
4.448512e-01	5.890436e-04
4.448768e-01	5.756408e-04
4.449024e-01	5.620709e-04
4.449280e-01	5.486946e-04
4.449536e-01	5.350776e-04
4.449792e-01	5.208713e-04
4.450048e-01	5.067311e-04
4.450304e-01	4.930380e-04
4.450560e-01	4.783034e-04
4.450816e-01	4.637260e-04
4.451072e-01	4.497535e-04
4.451328e-01	4.341737e-04
4.451584e-01	4.196419e-04
4.451840e-01	4.046429e-04
4.452096e-01	3.895151e-04
4.452352e-01	3.741448e-04
4.452608e-01	3.593971e-04
4.452864e-01	3.435534e-04
4.453120e-01	3.278590e-04
4.453376e-01	3.128301e-04
4.453632e-01	2.964863e-04
4.453888e-01	2.808605e-04
4.454144e-01	2.652308e-04
4.454400e-01	2.488978e-04
4.454656e-01	2.330427e-04
4.454912e-01	2.169356e-04
4.455168e-01	2.006638e-04
4.455424e-01	1.840147e-04
4.455680e-01	1.682129e-04
4.455936e-01	1.520783e-04
4.456192e-01	1.353965e-04
4.456448e-01	1.191353e-04
4.456704e-01	1.024084e-04
4.456960e-01	8.593381e-05
4.457216e-01	6.945418e-05
4.457472e-01	5.254256e-05
4.457728e-01	3.630098e-05
4.457984e-01	1.937089e-05
4.458240e-01	2.819929e-06
4.458496e-01	-1.399080e-05
4.458752e-01	-3.050988e-05
4.459008e-01	-4.717469e-05
4.459264e-01	-6.416508e-05
4.459520e-01	-8.084147e-05
4.459776e-01	-9.742405e-05
4.460032e-01	-1.138368e-04
4.460288e-01	-1.307270e-04
4.460544e-01	-1.475196e-04
4.460800e-01	-1.633837e-04
4.461056e-01	-1.802520e-04
4.461312e-01	-1.967724e-04
4.461568e-01	-2.134386e-04
4.461824e-01	-2.296997e-04
4.462080e-01	-2.459295e-04
4.462336e-01	-2.624634e-04
4.462592e-01	-2.787494e-04
4.462848e-01	-2.948257e-04
4.463104e-01	-3.105079e-04
4.463360e-01	-3.267872e-04
4.463616e-01	-3.424071e-04
4.463872e-01	-3.583082e-04
4.464128e-01	-3.744200e-04
4.464384e-01	-3.896434e-04
4.464640e-01	-4.058457e-04
4.464896e-01	-4.208988e-04
4.465152e-01	-4.365862e-04
4.465408e-01	-4.516578e-04
4.465664e-01	-4.671615e-04
4.465920e-01	-4.815953e-04
4.466176e-01	-4.963350e-04
4.466432e-01	-5.121689e-04
4.466688e-01	-5.262076e-04
4.466944e-01	-5.404286e-04
4.467200e-01	-5.548804e-04
4.467456e-01	-5.692393e-04
4.467712e-01	-5.833648e-04
4.467968e-01	-5.971700e-04
4.468224e-01	-6.113653e-04
4.468480e-01	-6.248595e-04
4.468736e-01	-6.379237e-04
4.468992e-01	-6.512527e-04
4.469248e-01	-6.643450e-04
4.469504e-01	-6.773421e-04
4.469760e-01	-6.903762e-04
4.470016e-01	-7.026347e-04
4.470272e-01	-7.152532e-04
4.470528e-01	-7.270116e-04
4.470784e-01	-7.394764e-04
4.471040e-01	-7.511389e-04
4.471296e-01	-7.625766e-04
4.471552e-01	-7.740226e-04
4.471808e-01	-7.851404e-04
4.472064e-01	-7.963452e-04
4.472320e-01	-8.065036e-04
4.472576e-01	-8.175192e-04
4.472832e-01	-8.278717e-04
4.473088e-01	-8.373606e-04
4.473344e-01	-8.479664e-04
4.473600e-01	-8.573388e-04
4.473856e-01	-8.666536e-04
4.474112e-01	-8.758630e-04
4.474368e-01	-8.847151e-04
4.474624e-01	-8.932914e-04
4.474880e-01	-9.020133e-04
4.475136e-01	-9.105207e-04
4.475392e-01	-9.181038e-04
4.475648e-01	-9.257428e-04
4.475904e-01	-9.332942e-04
4.476160e-01	-9.403068e-04
4.476416e-01	-9.478580e-04
4.476672e-01	-9.540982e-04
4.476928e-01	-9.604726e-04
4.477184e-01	-9.668081e-04
4.477440e-01	-9.725215e-04
4.477696e-01	-9.781795e-04
4.477952e-01	-9.839442e-04
4.478208e-01	-9.886962e-04
4.478464e-01	-9.936577e-04
4.478720e-01	-9.979312e-04
4.478976e-01	-1.002435e-03
4.479232e-01	-1.006448e-03
4.479488e-01	-1.009780e-03
4.479744e-01	-1.013288e-03
4.480000e-01	-1.016348e-03
4.480256e-01	-1.019334e-03
4.480512e-01	-1.021922e-03
4.480768e-01	-1.024610e-03
4.481024e-01	-1.026319e-03
4.481280e-01	-1.028103e-03
4.481536e-01	-1.030007e-03
4.481792e-01	-1.030672e-03
4.482048e-01	-1.032161e-03
4.482304e-01	-1.032596e-03
4.482560e-01	-1.032978e-03
4.482816e-01	-1.033134e-03
4.483072e-01	-1.032440e-03
4.483328e-01	-1.032363e-03
4.483584e-01	-1.031697e-03
4.483840e-01	-1.030158e-03
4.484096e-01	-1.029534e-03
4.484352e-01	-1.027800e-03
4.484608e-01	-1.025902e-03
4.484864e-01	-1.023612e-03
4.485120e-01	-1.021144e-03
4.485376e-01	-1.018758e-03
4.485632e-01	-1.015999e-03
4.485888e-01	-1.012477e-03
4.486144e-01	-1.009148e-03
4.486400e-01	-1.005370e-03
4.486656e-01	-1.001429e-03
4.486912e-01	-9.975381e-04
4.487168e-01	-9.929556e-04
4.487424e-01	-9.877241e-04
4.487680e-01	-9.827761e-04
4.487936e-01	-9.775757e-04
4.488192e-01	-9.716472e-04
4.488448e-01	-9.661137e-04
4.488704e-01	-9.602022e-04
4.488960e-01	-9.536732e-04
4.489216e-01	-9.470877e-04
4.489472e-01	-9.403101e-04
4.489728e-01	-9.335651e-04
4.489984e-01	-9.257701e-04
4.490240e-01	-9.183661e-04
4.490496e-01	-9.101898e-04
4.490752e-01	-9.023772e-04
4.491008e-01	-8.943478e-04
4.491264e-01	-8.859037e-04
4.491520e-01	-8.769816e-04
4.491776e-01	-8.678937e-04
4.492032e-01	-8.588008e-04
4.492288e-01	-8.496166e-04
4.492544e-01	-8.395760e-04
4.492800e-01	-8.297402e-04
4.493056e-01	-8.203320e-04
4.493312e-01	-8.095990e-04
4.493568e-01	-7.989727e-04
4.493824e-01	-7.885767e-04
4.494080e-01	-7.780254e-04
4.494336e-01	-7.667709e-04
4.494592e-01	-7.552478e-04
4.494848e-01	-7.442512e-04
4.495104e-01	-7.322207e-04
4.495360e-01	-7.210128e-04
4.495616e-01	-7.085291e-04
4.495872e-01	-6.965163e-04
4.496128e-01	-6.843245e-04
4.496384e-01	-6.715651e-04
4.496640e-01	-6.592071e-04
4.496896e-01	-6.459752e-04
4.497152e-01	-6.329575e-04
4.497408e-01	-6.200364e-04
4.497664e-01	-6.065621e-04
4.497920e-01	-5.934464e-04
4.498176e-01	-5.795363e-04
4.498432e-01	-5.659043e-04
4.498688e-01	-5.520360e-04
4.498944e-01	-5.378933e-04
4.499200e-01	-5.240546e-04
4.499456e-01	-5.096223e-04
4.499712e-01	-4.951815e-04
4.499968e-01	-4.808499e-04
4.500224e-01	-4.659662e-04
4.500480e-01	-4.515554e-04
4.500736e-01	-4.365508e-04
4.500992e-01	-4.214663e-04
4.501248e-01	-4.064665e-04
4.501504e-01	-3.913645e-04
4.501760e-01	-3.761046e-04
4.502016e-01	-3.606243e-04
4.502272e-01	-3.454916e-04
4.502528e-01	-3.303742e-04
4.502784e-01	-3.144221e-04
4.503040e-01	-2.993349e-04
4.503296e-01	-2.831057e-04
4.503552e-01	-2.671395e-04
4.503808e-01	-2.517978e-04
4.504064e-01	-2.360466e-04
4.504320e-01	-2.200791e-04
4.504576e-01	-2.043432e-04
4.504832e-01	-1.879678e-04
4.505088e-01	-1.719199e-04
4.505344e-01	-1.559453e-04
4.505600e-01	-1.397768e-04
4.505856e-01	-1.240634e-04
4.506112e-01	-1.073380e-04
4.506368e-01	-9.124582e-05
4.506624e-01	-7.516248e-05
4.506880e-01	-5.874269e-05
4.507136e-01	-4.307227e-05
4.507392e-01	-2.617266e-05
4.507648e-01	-1.047076e-05
4.507904e-01	5.918494e-06
4.508160e-01	2.186297e-05
4.508416e-01	3.822575e-05
4.508672e-01	5.501881e-05
4.508928e-01	7.030360e-05
4.509184e-01	8.667989e-05
4.509440e-01	1.029977e-04
4.509696e-01	1.187152e-04
4.509952e-01	1.348682e-04
4.510208e-01	1.508404e-04
4.510464e-01	1.669786e-04
4.510720e-01	1.824855e-04
4.510976e-01	1.984272e-04
4.511232e-01	2.141879e-04
4.511488e-01	2.298838e-04
4.511744e-01	2.455655e-04
4.512000e-01	2.609778e-04
4.512256e-01	2.761557e-04
4.512512e-01	2.919210e-04
4.512768e-01	3.072461e-04
4.513024e-01	3.220024e-04
4.513280e-01	3.373197e-04
4.513536e-01	3.531164e-04
4.513792e-01	3.675541e-04
4.514048e-01	3.822155e-04
4.514304e-01	3.975517e-04
4.514560e-01	4.118141e-04
4.514816e-01	4.261080e-04
4.515072e-01	4.408013e-04
4.515328e-01	4.549465e-04
4.515584e-01	4.693586e-04
4.515840e-01	4.835223e-04
4.516096e-01	4.975626e-04
4.516352e-01	5.114214e-04
4.516608e-01	5.252148e-04
4.516864e-01	5.383143e-04
4.517120e-01	5.517591e-04
4.517376e-01	5.651129e-04
4.517632e-01	5.784940e-04
4.517888e-01	5.912302e-04
4.518144e-01	6.040934e-04
4.518400e-01	6.167035e-04
4.518656e-01	6.295026e-04
4.518912e-01	6.414503e-04
4.519168e-01	6.536495e-04
4.519424e-01	6.661732e-04
4.519680e-01	6.776006e-04
4.519936e-01	6.898862e-04
4.520192e-01	7.009641e-04
4.520448e-01	7.124997e-04
4.520704e-01	7.242396e-04
4.520960e-01	7.343098e-04
4.521216e-01	7.454782e-04
4.521472e-01	7.559627e-04
4.521728e-01	7.664121e-04
4.521984e-01	7.763854e-04
4.522240e-01	7.869596e-04
4.522496e-01	7.965541e-04
4.522752e-01	8.059102e-04
4.523008e-01	8.158438e-04
4.523264e-01	8.247926e-04
4.523520e-01	8.337049e-04
4.523776e-01	8.424019e-04
4.524032e-01	8.507824e-04
4.524288e-01	8.595561e-04
4.524544e-01	8.675844e-04
4.524800e-01	8.753313e-04
4.525056e-01	8.829710e-04
4.525312e-01	8.905169e-04
4.525568e-01	8.981001e-04
4.525824e-01	9.047607e-04
4.526080e-01	9.115902e-04
4.526336e-01	9.189131e-04
4.526592e-01	9.249600e-04
4.526848e-01	9.310318e-04
4.527104e-01	9.365436e-04
4.527360e-01	9.427119e-04
4.527616e-01	9.479005e-04
4.527872e-01	9.530236e-04
4.528128e-01	9.582018e-04
4.528384e-01	9.626896e-04
4.528640e-01	9.672343e-04
4.528896e-01	9.714949e-04
4.529152e-01	9.756100e-04
4.529408e-01	9.790255e-04
4.529664e-01	9.826071e-04
4.529920e-01	9.859770e-04
4.530176e-01	9.891058e-04
4.530432e-01	9.918917e-04
4.530688e-01	9.937893e-04
4.530944e-01	9.968183e-04
4.531200e-01	9.984351e-04
4.531456e-01	9.999139e-04
4.531712e-01	1.001920e-03
4.531968e-01	1.003189e-03
4.532224e-01	1.003947e-03
4.532480e-01	1.005405e-03
4.532736e-01	1.005687e-03
4.532992e-01	1.005805e-03
4.533248e-01	1.005918e-03
4.533504e-01	1.005732e-03
4.533760e-01	1.005157e-03
4.534016e-01	1.004399e-03
4.534272e-01	1.003891e-03
4.534528e-01	1.002332e-03
4.534784e-01	1.001077e-03
4.535040e-01	9.999416e-04
4.535296e-01	9.975623e-04
4.535552e-01	9.951076e-04
4.535808e-01	9.926008e-04
4.536064e-01	9.901484e-04
4.536320e-01	9.871260e-04
4.536576e-01	9.844556e-04
4.536832e-01	9.807015e-04
4.537088e-01	9.770523e-04
4.537344e-01	9.732791e-04
4.537600e-01	9.693499e-04
4.537856e-01	9.648239e-04
4.538112e-01	9.597637e-04
4.538368e-01	9.552677e-04
4.538624e-01	9.500507e-04
4.538880e-01	9.447451e-04
4.539136e-01	9.388365e-04
4.539392e-01	9.329616e-04
4.539648e-01	9.272766e-04
4.539904e-01	9.204760e-04
4.540160e-01	9.143536e-04
4.540416e-01	9.076226e-04
4.540672e-01	9.005023e-04
4.540928e-01	8.934285e-04
4.541184e-01	8.862010e-04
4.541440e-01	8.779140e-04
4.541696e-01	8.700897e-04
4.541952e-01	8.616082e-04
4.542208e-01	8.534989e-04
4.542464e-01	8.451417e-04
4.542720e-01	8.361210e-04
4.542976e-01	8.272131e-04
4.543232e-01	8.175946e-04
4.543488e-01	8.081317e-04
4.543744e-01	7.985621e-04
4.544000e-01	7.883824e-04
4.544256e-01	7.782897e-04
4.544512e-01	7.678611e-04
4.544768e-01	7.574965e-04
4.545024e-01	7.467743e-04
4.545280e-01	7.357660e-04
4.545536e-01	7.245655e-04
4.545792e-01	7.136399e-04
4.546048e-01	7.019344e-04
4.546304e-01	6.902447e-04
4.546560e-01	6.786426e-04
4.546816e-01	6.664474e-04
4.547072e-01	6.542302e-04
4.547328e-01	6.417877e-04
4.547584e-01	6.291192e-04
4.547840e-01	6.162126e-04
4.548096e-01	6.030540e-04
4.548352e-01	5.904060e-04
4.548608e-01	5.766860e-04
4.548864e-01	5.635754e-04
4.549120e-01	5.498289e-04
4.549376e-01	5.362628e-04
4.549632e-01	5.225235e-04
4.549888e-01	5.080911e-04
4.550144e-01	4.940548e-04
4.550400e-01	4.793458e-04
4.550656e-01	4.649084e-04
4.550912e-01	4.509907e-04
4.551168e-01	4.361338e-04
4.551424e-01	4.214748e-04
4.551680e-01	4.061983e-04
4.551936e-01	3.910239e-04
4.552192e-01	3.760547e-04
4.552448e-01	3.607678e-04
4.552704e-01	3.453230e-04
4.552960e-01	3.297610e-04
4.553216e-01	3.140801e-04
4.553472e-01	2.984078e-04
4.553728e-01	2.828061e-04
4.553984e-01	2.668551e-04
4.554240e-01	2.504955e-04
4.554496e-01	2.347300e-04
4.554752e-01	2.186002e-04
4.555008e-01	2.025571e-04
4.555264e-01	1.861461e-04
4.555520e-01	1.700637e-04
4.555776e-01	1.535369e-04
4.556032e-01	1.370370e-04
4.556288e-01	1.207185e-04
4.556544e-01	1.039730e-04
4.556800e-01	8.728905e-05
4.557056e-01	7.138441e-05
4.557312e-01	5.456241e-05
4.557568e-01	3.763254e-05
4.557824e-01	2.125592e-05
4.558080e-01	4.598400e-06
4.558336e-01	-1.250521e-05
4.558592e-01	-2.879859e-05
4.558848e-01	-4.567926e-05
4.559104e-01	-6.239142e-05
4.559360e-01	-7.877049e-05
4.559616e-01	-9.549439e-05
4.559872e-01	-1.121216e-04
4.560128e-01	-1.288960e-04
4.560384e-01	-1.454780e-04
4.560640e-01	-1.622604e-04
4.560896e-01	-1.786908e-04
4.561152e-01	-1.949593e-04
4.561408e-01	-2.115358e-04
4.561664e-01	-2.279825e-04
4.561920e-01	-2.443485e-04
4.562176e-01	-2.602079e-04
4.562432e-01	-2.772124e-04
4.562688e-01	-2.930191e-04
4.562944e-01	-3.093843e-04
4.563200e-01	-3.251715e-04
4.563456e-01	-3.408820e-04
4.563712e-01	-3.572438e-04
4.563968e-01	-3.724937e-04
4.564224e-01	-3.885043e-04
4.564480e-01	-4.039069e-04
4.564736e-01	-4.195180e-04
4.564992e-01	-4.350874e-04
4.565248e-01	-4.499839e-04
4.565504e-01	-4.656262e-04
4.565760e-01	-4.802508e-04
4.566016e-01	-4.954510e-04
4.566272e-01	-5.094859e-04
4.566528e-01	-5.244258e-04
4.566784e-01	-5.392851e-04
4.567040e-01	-5.533616e-04
4.567296e-01	-5.680160e-04
4.567552e-01	-5.821718e-04
4.567808e-01	-5.962775e-04
4.568064e-01	-6.097312e-04
4.568320e-01	-6.233378e-04
4.568576e-01	-6.371603e-04
4.568832e-01	-6.500259e-04
4.569088e-01	-6.634369e-04
4.569344e-01	-6.762777e-04
4.569600e-01	-6.888735e-04
4.569856e-01	-7.015095e-04
4.570112e-01	-7.138680e-04
4.570368e-01	-7.263262e-04
4.570624e-01	-7.381522e-04
4.570880e-01	-7.493531e-04
4.571136e-01	-7.619883e-04
4.571392e-01	-7.731920e-04
4.571648e-01	-7.837958e-04
4.571904e-01	-7.953486e-04
4.572160e-01	-8.060785e-04
4.572416e-01	-8.163514e-04
4.572672e-01	-8.269791e-04
4.572928e-01	-8.370157e-04
4.573184e-01	-8.472491e-04
4.573440e-01	-8.564447e-04
4.573696e-01	-8.656599e-04
4.573952e-01	-8.752291e-04
4.574208e-01	-8.839169e-04
4.574464e-01	-8.929347e-04
4.574720e-01	-9.015168e-04
4.574976e-01	-9.093711e-04
4.575232e-01	-9.175538e-04
4.575488e-01	-9.248527e-04
4.575744e-01	-9.324241e-04
4.576000e-01	-9.399508e-04
4.576256e-01	-9.466606e-04
4.576512e-01	-9.536123e-04
4.576768e-01	-9.604280e-04
4.577024e-01	-9.657446e-04
4.577280e-01	-9.721275e-04
4.577536e-01	-9.779210e-04
4.577792e-01	-9.829566e-04
4.578048e-01	-9.883957e-04
4.578304e-01	-9.932362e-04
4.578560e-01	-9.977651e-04
4.578816e-01	-1.002411e-03
4.579072e-01	-1.005985e-03
4.579328e-01	-1.009843e-03
4.579584e-01	-1.013375e-03
4.579840e-01	-1.016584e-03
4.580096e-01	-1.019299e-03
4.580352e-01	-1.022111e-03
4.580608e-01	-1.024477e-03
4.580864e-01	-1.026418e-03
4.581120e-01	-1.028461e-03
4.581376e-01	-1.029571e-03
4.581632e-01	-1.031094e-03
4.581888e-01	-1.031990e-03
4.582144e-01	-1.032089e-03
4.582400e-01	-1.032937e-03
4.582656e-01	-1.033130e-03
4.582912e-01	-1.033075e-03
4.583168e-01	-1.032598e-03
4.583424e-01	-1.032321e-03
4.583680e-01	-1.030713e-03
4.583936e-01	-1.029497e-03
4.584192e-01	-1.028150e-03
4.584448e-01	-1.026061e-03
4.584704e-01	-1.024105e-03
4.584960e-01	-1.021446e-03
4.585216e-01	-1.018850e-03
4.585472e-01	-1.016116e-03
4.585728e-01	-1.013101e-03
4.585984e-01	-1.009485e-03
4.586240e-01	-1.005392e-03
4.586496e-01	-1.002070e-03
4.586752e-01	-9.973575e-04
4.587008e-01	-9.930155e-04
4.587264e-01	-9.883795e-04
4.587520e-01	-9.831799e-04
4.587776e-01	-9.782327e-04
4.588032e-01	-9.723433e-04
4.588288e-01	-9.666187e-04
4.588544e-01	-9.608527e-04
4.588800e-01	-9.539821e-04
4.589056e-01	-9.474558e-04
4.589312e-01	-9.408092e-04
4.589568e-01	-9.341745e-04
4.589824e-01	-9.262821e-04
4.590080e-01	-9.188663e-04
4.590336e-01	-9.113321e-04
4.590592e-01	-9.032646e-04
4.590848e-01	-8.951167e-04
4.591104e-01	-8.864347e-04
4.591360e-01	-8.780174e-04
4.591616e-01	-8.686006e-04
4.591872e-01	-8.593253e-04
4.592128e-01	-8.506031e-04
4.592384e-01	-8.405870e-04
4.592640e-01	-8.309013e-04
4.592896e-01	-8.208731e-04
4.593152e-01	-8.107283e-04
4.593408e-01	-8.002847e-04
4.593664e-01	-7.900666e-04
4.593920e-01	-7.786821e-04
4.594176e-01	-7.672262e-04
4.594432e-01	-7.565285e-04
4.594688e-01	-7.454692e-04
4.594944e-01	-7.339180e-04
4.595200e-01	-7.216670e-04
4.595456e-01	-7.095202e-04
4.595712e-01	-6.979034e-04
4.595968e-01	-6.853105e-04
4.596224e-01	-6.731674e-04
4.596480e-01	-6.601201e-04
4.596736e-01	-6.471506e-04
4.596992e-01	-6.344853e-04
4.597248e-01	-6.212386e-04
4.597504e-01	-6.081858e-04
4.597760e-01	-5.947376e-04
4.598016e-01	-5.810813e-04
4.598272e-01	-5.673272e-04
4.598528e-01	-5.533623e-04
4.598784e-01	-5.393879e-04
4.599040e-01	-5.251797e-04
4.599296e-01	-5.111425e-04
4.599552e-01	-4.966944e-04
4.599808e-01	-4.819806e-04
4.600064e-01	-4.672889e-04
4.600320e-01	-4.527147e-04
4.600576e-01	-4.376581e-04
4.600832e-01	-4.231166e-04
4.601088e-01	-4.081591e-04
4.601344e-01	-3.927856e-04
4.601600e-01	-3.776209e-04
4.601856e-01	-3.624788e-04
4.602112e-01	-3.467365e-04
4.602368e-01	-3.316528e-04
4.602624e-01	-3.160789e-04
4.602880e-01	-3.003213e-04
4.603136e-01	-2.847219e-04
4.603392e-01	-2.690439e-04
4.603648e-01	-2.531593e-04
4.603904e-01	-2.374425e-04
4.604160e-01	-2.216563e-04
4.604416e-01	-2.055520e-04
4.604672e-01	-1.895674e-04
4.604928e-01	-1.735321e-04
4.605184e-01	-1.572561e-04
4.605440e-01	-1.411318e-04
4.605696e-01	-1.250177e-04
4.605952e-01	-1.088716e-04
4.606208e-01	-9.256572e-05
4.606464e-01	-7.660687e-05
4.606720e-01	-6.032243e-05
4.606976e-01	-4.452837e-05
4.607232e-01	-2.792087e-05
4.607488e-01	-1.153097e-05
4.607744e-01	4.577880e-06
4.608000e-01	2.060415e-05
4.608256e-01	3.660016e-05
4.608512e-01	5.296377e-05
4.608768e-01	6.943745e-05
4.609024e-01	8.534260e-05
4.609280e-01	1.014584e-04
4.609536e-01	1.173823e-04
4.609792e-01	1.333595e-04
4.610048e-01	1.495411e-04
4.610304e-01	1.653449e-04
4.610560e-01	1.813759e-04
4.610816e-01	1.968968e-04
4.611072e-01	2.127799e-04
4.611328e-01	2.285441e-04
4.611584e-01	2.438642e-04
4.611840e-01	2.600562e-04
4.612096e-01	2.746426e-04
4.612352e-01	2.905510e-04
4.612608e-01	3.058825e-04
4.612864e-01	3.207133e-04
4.613120e-01	3.361631e-04
4.613376e-01	3.512437e-04
4.613632e-01	3.662199e-04
4.613888e-01	3.811874e-04
4.614144e-01	3.957551e-04
4.614400e-01	4.103161e-04
4.614656e-01	4.249376e-04
4.614912e-01	4.394381e-04
4.615168e-01	4.541815e-04
4.615424e-01	4.684347e-04
4.615680e-01	4.821033e-04
4.615936e-01	4.960927e-04
4.616192e-01	5.102659e-04
4.616448e-01	5.238988e-04
4.616704e-01	5.369381e-04
4.616960e-01	5.506718e-04
4.617216e-01	5.636631e-04
4.617472e-01	5.771775e-04
4.617728e-01	5.902263e-04
4.617984e-01	6.032346e-04
4.618240e-01	6.157313e-04
4.618496e-01	6.281069e-04
4.618752e-01	6.405010e-04
4.619008e-01	6.525787e-04
4.619264e-01	6.645386e-04
4.619520e-01	6.764397e-04
4.619776e-01	6.884828e-04
4.620032e-01	7.000736e-04
4.620288e-01	7.111453e-04
4.620544e-01	7.226788e-04
4.620800e-01	7.334844e-04
4.621056e-01	7.440679e-04
4.621312e-01	7.550082e-04
4.621568e-01	7.651729e-04
4.621824e-01	7.758051e-04
4.622080e-01	7.855588e-04
4.622336e-01	7.951676e-04
4.622592e-01	8.053720e-04
4.622848e-01	8.142808e-04
4.623104e-01	8.238153e-04
4.623360e-01	8.325047e-04
4.623616e-01	8.416253e-04
4.623872e-01	8.501759e-04
4.624128e-01	8.585609e-04
4.624384e-01	8.667297e-04
4.624640e-01	8.746351e-04
4.624896e-01	8.822529e-04
4.625152e-01	8.896610e-04
4.625408e-01	8.972798e-04
4.625664e-01	9.044036e-04
4.625920e-01	9.111033e-04
4.626176e-01	9.173931e-04
4.626432e-01	9.237367e-04
4.626688e-01	9.303805e-04
4.626944e-01	9.365230e-04
4.627200e-01	9.418572e-04
4.627456e-01	9.470182e-04
4.627712e-01	9.524609e-04
4.627968e-01	9.578200e-04
4.628224e-01	9.626900e-04
4.628480e-01	9.662419e-04
4.628736e-01	9.711707e-04
4.628992e-01	9.749295e-04
4.629248e-01	9.786714e-04
4.629504e-01	9.825368e-04
4.629760e-01	9.856512e-04
4.630016e-01	9.884646e-04
4.630272e-01	9.918198e-04
4.630528e-01	9.943640e-04
4.630784e-01	9.963473e-04
4.631040e-01	9.981447e-04
4.631296e-01	1.000185e-03
4.631552e-01	1.001914e-03
4.631808e-01	1.002456e-03
4.632064e-01	1.004222e-03
4.632320e-01	1.004937e-03
4.632576e-01	1.005631e-03
4.632832e-01	1.005816e-03
4.633088e-01	1.005889e-03
4.633344e-01	1.006033e-03
4.633600e-01	1.005437e-03
4.633856e-01	1.005101e-03
4.634112e-01	1.003413e-03
4.634368e-01	1.002654e-03
4.634624e-01	1.001041e-03
4.634880e-01	9.994820e-04
4.635136e-01	9.973767e-04
4.635392e-01	9.954839e-04
4.635648e-01	9.930066e-04
4.635904e-01	9.903262e-04
4.636160e-01	9.875948e-04
4.636416e-01	9.840106e-04
4.636672e-01	9.809425e-04
4.636928e-01	9.774140e-04
4.637184e-01	9.737263e-04
4.637440e-01	9.697335e-04
4.637696e-01	9.650206e-04
4.637952e-01	9.604265e-04
4.638208e-01	9.554066e-04
4.638464e-01	9.502895e-04
4.638720e-01	9.449253e-04
4.638976e-01	9.398535e-04
4.639232e-01	9.337777e-04
4.639488e-01	9.278089e-04
4.639744e-01	9.216500e-04
4.640000e-01	9.150044e-04
4.640256e-01	9.080605e-04
4.640512e-01	9.011126e-04
4.640768e-01	8.940384e-04
4.641024e-01	8.865074e-04
4.641280e-01	8.787126e-04
4.641536e-01	8.707308e-04
4.641792e-01	8.627162e-04
4.642048e-01	8.546247e-04
4.642304e-01	8.461149e-04
4.642560e-01	8.371368e-04
4.642816e-01	8.275890e-04
4.643072e-01	8.189447e-04
4.643328e-01	8.088122e-04
4.643584e-01	7.995040e-04
4.643840e-01	7.897778e-04
4.644096e-01	7.794973e-04
4.644352e-01	7.692341e-04
4.644608e-01	7.583988e-04
4.644864e-01	7.482433e-04
4.645120e-01	7.367913e-04
4.645376e-01	7.259478e-04
4.645632e-01	7.144912e-04
4.645888e-01	7.029560e-04
4.646144e-01	6.915558e-04
4.646400e-01	6.792356e-04
4.646656e-01	6.677304e-04
4.646912e-01	6.552561e-04
4.647168e-01	6.428566e-04
4.647424e-01	6.296965e-04
4.647680e-01	6.173678e-04
4.647936e-01	6.043911e-04
4.648192e-01	5.913703e-04
4.648448e-01	5.780545e-04
4.648704e-01	5.646608e-04
4.648960e-01	5.511346e-04
4.649216e-01	5.372547e-04
4.649472e-01	5.236410e-04
4.649728e-01	5.093477e-04
4.649984e-01	4.955534e-04
4.650240e-01	4.809408e-04
4.650496e-01	4.668827e-04
4.650752e-01	4.524674e-04
4.651008e-01	4.370579e-04
4.651264e-01	4.228161e-04
4.651520e-01	4.074106e-04
4.651776e-01	3.929387e-04
4.652032e-01	3.772341e-04
4.652288e-01	3.617121e-04
4.652544e-01	3.463592e-04
4.652800e-01	3.308995e-04
4.653056e-01	3.156494e-04
4.653312e-01	2.996375e-04
4.653568e-01	2.837313e-04
4.653824e-01	2.682601e-04
4.654080e-01	2.523328e-04
4.654336e-01	2.361734e-04
4.654592e-01	2.201055e-04
4.654848e-01	2.036539e-04
4.655104e-01	1.876961e-04
4.655360e-01	1.715210e-04
4.655616e-01	1.548239e-04
4.655872e-01	1.385523e-04
4.656128e-01	1.220533e-04
4.656384e-01	1.058458e-04
4.656640e-01	8.903982e-05
4.656896e-01	7.248456e-05
4.657152e-01	5.611838e-05
4.657408e-01	3.943470e-05
4.657664e-01	2.248901e-05
4.657920e-01	5.843387e-06
4.658176e-01	-1.078540e-05
4.658432e-01	-2.728445e-05
4.658688e-01	-4.400712e-05
4.658944e-01	-6.059363e-05
4.659200e-01	-7.745273e-05
4.659456e-01	-9.427121e-05
4.659712e-01	-1.107934e-04
4.659968e-01	-1.272076e-04
4.660224e-01	-1.444287e-04
4.660480e-01	-1.605328e-04
4.660736e-01	-1.772840e-04
4.660992e-01	-1.937312e-04
4.661248e-01	-2.098696e-04
4.661504e-01	-2.268958e-04
4.661760e-01	-2.426413e-04
4.662016e-01	-2.591111e-04
4.662272e-01	-2.754116e-04
4.662528e-01	-2.916987e-04
4.662784e-01	-3.077843e-04
4.663040e-01	-3.235213e-04
4.663296e-01	-3.402995e-04
4.663552e-01	-3.557368e-04
4.663808e-01	-3.716474e-04
4.664064e-01	-3.870077e-04
4.664320e-01	-4.026717e-04
4.664576e-01	-4.180823e-04
4.664832e-01	-4.334294e-04
4.665088e-01	-4.488406e-04
4.665344e-01	-4.640242e-04
4.665600e-01	-4.786877e-04
4.665856e-01	-4.938964e-04
4.666112e-01	-5.088911e-04
4.666368e-01	-5.233025e-04
4.666624e-01	-5.382806e-04
4.666880e-01	-5.522890e-04
4.667136e-01	-5.663030e-04
4.667392e-01	-5.807803e-04
4.667648e-01	-5.944896e-04
4.667904e-01	-6.084258e-04
4.668160e-01	-6.222159e-04
4.668416e-01	-6.354667e-04
4.668672e-01	-6.487418e-04
4.668928e-01	-6.622822e-04
4.669184e-01	-6.748090e-04
4.669440e-01	-6.878044e-04
4.669696e-01	-7.002808e-04
4.669952e-01	-7.126133e-04
4.670208e-01	-7.248805e-04
4.670464e-01	-7.372207e-04
4.670720e-01	-7.490445e-04
4.670976e-01	-7.606223e-04
4.671232e-01	-7.718912e-04
4.671488e-01	-7.829584e-04
4.671744e-01	-7.942502e-04
4.672000e-01	-8.048100e-04
4.672256e-01	-8.154932e-04
4.672512e-01	-8.262508e-04
4.672768e-01	-8.361403e-04
4.673024e-01	-8.459315e-04
4.673280e-01	-8.555281e-04
4.673536e-01	-8.651649e-04
4.673792e-01	-8.741377e-04
4.674048e-01	-8.833649e-04
4.674304e-01	-8.919722e-04
4.674560e-01	-9.005018e-04
4.674816e-01	-9.089340e-04
4.675072e-01	-9.164537e-04
4.675328e-01	-9.243245e-04
4.675584e-01	-9.322403e-04
4.675840e-01	-9.392387e-04
4.676096e-01	-9.462696e-04
4.676352e-01	-9.529770e-04
4.676608e-01	-9.595928e-04
4.676864e-01	-9.656109e-04
4.677120e-01	-9.715672e-04
4.677376e-01	-9.773123e-04
4.677632e-01	-9.826380e-04
4.677888e-01	-9.877929e-04
4.678144e-01	-9.928062e-04
4.678400e-01	-9.966770e-04
4.678656e-01	-1.001390e-03
4.678912e-01	-1.005827e-03
4.679168e-01	-1.009618e-03
4.679424e-01	-1.013038e-03
4.679680e-01	-1.015995e-03
4.679936e-01	-1.019026e-03
4.680192e-01	-1.021737e-03
4.680448e-01	-1.024176e-03
4.680704e-01	-1.025779e-03
4.680960e-01	-1.027521e-03
4.681216e-01	-1.029665e-03
4.681472e-01	-1.030868e-03
4.681728e-01	-1.032065e-03
4.681984e-01	-1.032524e-03
4.682240e-01	-1.032752e-03
4.682496e-01	-1.032649e-03
4.682752e-01	-1.032563e-03
4.683008e-01	-1.032297e-03
4.683264e-01	-1.031662e-03
4.683520e-01	-1.030629e-03
4.683776e-01	-1.029883e-03
4.684032e-01	-1.027893e-03
4.684288e-01	-1.026360e-03
4.684544e-01	-1.024385e-03
4.684800e-01	-1.021747e-03
4.685056e-01	-1.019373e-03
4.685312e-01	-1.016562e-03
4.685568e-01	-1.013254e-03
4.685824e-01	-1.009569e-03
4.686080e-01	-1.006303e-03
4.686336e-01	-1.002109e-03
4.686592e-01	-9.980152e-04
4.686848e-01	-9.937156e-04
4.687104e-01	-9.886042e-04
4.687360e-01	-9.839481e-04
4.687616e-01	-9.789004e-04
4.687872e-01	-9.734770e-04
4.688128e-01	-9.670036e-04
4.688384e-01	-9.616247e-04
4.688640e-01	-9.553646e-04
4.688896e-01	-9.483323e-04
4.689152e-01	-9.414785e-04
4.689408e-01	-9.346837e-04
4.689664e-01	-9.270902e-04
4.689920e-01	-9.195860e-04
4.690176e-01	-9.123171e-04
4.690432e-01	-9.039057e-04
4.690688e-01	-8.952783e-04
4.690944e-01	-8.877465e-04
4.691200e-01	-8.784181e-04
4.691456e-01	-8.696193e-04
4.691712e-01	-8.606755e-04
4.691968e-01	-8.510188e-04
4.692224e-01	-8.420513e-04
4.692480e-01	-8.321787e-04
4.692736e-01	-8.219306e-04
4.692992e-01	-8.115080e-04
4.693248e-01	-8.015384e-04
4.693504e-01	-7.906660e-04
4.693760e-01	-7.794562e-04
4.694016e-01	-7.689136e-04
4.694272e-01	-7.573732e-04
4.694528e-01	-7.462834e-04
4.694784e-01	-7.345658e-04
4.695040e-01	-7.227855e-04
4.695296e-01	-7.109094e-04
4.695552e-01	-6.989753e-04
4.695808e-01	-6.867670e-04
4.696064e-01	-6.743904e-04
4.696320e-01	-6.614590e-04
4.696576e-01	-6.485871e-04
4.696832e-01	-6.360268e-04
4.697088e-01	-6.227238e-04
4.697344e-01	-6.094155e-04
4.697600e-01	-5.962983e-04
4.697856e-01	-5.822435e-04
4.698112e-01	-5.687420e-04
4.698368e-01	-5.546701e-04
4.698624e-01	-5.408165e-04
4.698880e-01	-5.266514e-04
4.699136e-01	-5.121668e-04
4.699392e-01	-4.978717e-04
4.699648e-01	-4.832745e-04
4.699904e-01	-4.688228e-04
4.700160e-01	-4.543620e-04
4.700416e-01	-4.394430e-04
4.700672e-01	-4.244058e-04
4.700928e-01	-4.096205e-04
4.701184e-01	-3.944499e-04
4.701440e-01	-3.790490e-04
4.701696e-01	-3.639244e-04
4.701952e-01	-3.484343e-04
4.702208e-01	-3.332507e-04
4.702464e-01	-3.172795e-04
4.702720e-01	-3.020133e-04
4.702976e-01	-2.857388e-04
4.703232e-01	-2.705047e-04
4.703488e-01	-2.548832e-04
4.703744e-01	-2.389297e-04
4.704000e-01	-2.232149e-04
4.704256e-01	-2.067489e-04
4.704512e-01	-1.912776e-04
4.704768e-01	-1.750461e-04
4.705024e-01	-1.590500e-04
4.705280e-01	-1.426334e-04
4.705536e-01	-1.267033e-04
4.705792e-01	-1.105120e-04
4.706048e-01	-9.418200e-05
4.706304e-01	-7.841203e-05
4.706560e-01	-6.156693e-05
4.706816e-01	-4.615614e-05
4.707072e-01	-2.909287e-05
4.707328e-01	-1.304424e-05
4.707584e-01	2.754939e-06
4.707840e-01	1.950556e-05
4.708096e-01	3.540859e-05
4.708352e-01	5.145437e-05
4.708608e-01	6.751290e-05
4.708864e-01	8.343555e-05
4.709120e-01	9.983468e-05
4.709376e-01	1.156816e-04
4.709632e-01	1.317656e-04
4.709888e-01	1.478097e-04
4.710144e-01	1.636362e-04
4.710400e-01	1.794779e-04
4.710656e-01	1.956653e-04
4.710912e-01	2.111902e-04
4.711168e-01	2.267570e-04
4.711424e-01	2.424470e-04
4.711680e-01	2.582884e-04
4.711936e-01	2.737860e-04
4.712192e-01	2.889463e-04
4.712448e-01	3.044911e-04
4.712704e-01	3.197131e-04
4.712960e-01	3.349781e-04
4.713216e-01	3.500645e-04
4.713472e-01	3.647989e-04
4.713728e-01	3.796682e-04
4.713984e-01	3.945926e-04
4.714240e-01	4.091425e-04
4.714496e-01	4.236336e-04
4.714752e-01	4.385421e-04
4.715008e-01	4.524877e-04
4.715264e-01	4.669834e-04
4.715520e-01	4.807881e-04
4.715776e-01	4.949605e-04
4.716032e-01	5.092504e-04
4.716288e-01	5.224996e-04
4.716544e-01	5.355075e-04
4.716800e-01	5.495319e-04
4.717056e-01	5.627552e-04
4.717312e-01	5.762264e-04
4.717568e-01	5.890193e-04
4.717824e-01	6.017087e-04
4.718080e-01	6.148112e-04
4.718336e-01	6.268625e-04
4.718592e-01	6.395360e-04
4.718848e-01	6.516706e-04
4.719104e-01	6.640978e-04
4.719360e-01	6.757339e-04
4.719616e-01	6.871579e-04
4.719872e-01	6.992617e-04
4.720128e-01	7.099137e-04
4.720384e-01	7.215251e-04
4.720640e-01	7.323008e-04
4.720896e-01	7.434646e-04
4.721152e-01	7.544626e-04
4.721408e-01	7.646679e-04
4.721664e-01	7.745636e-04
4.721920e-01	7.846808e-04
4.722176e-01	7.947805e-04
4.722432e-01	8.039149e-04
4.722688e-01	8.133405e-04
4.722944e-01	8.229988e-04
4.723200e-01	8.315060e-04
4.723456e-01	8.409290e-04
4.723712e-01	8.497500e-04
4.723968e-01	8.575993e-04
4.724224e-01	8.660179e-04
4.724480e-01	8.743699e-04
4.724736e-01	8.817709e-04
4.724992e-01	8.891532e-04
4.725248e-01	8.965494e-04
4.725504e-01	9.033121e-04
4.725760e-01	9.103935e-04
4.726016e-01	9.171752e-04
4.726272e-01	9.236816e-04
4.726528e-01	9.299589e-04
4.726784e-01	9.357671e-04
4.727040e-01	9.420384e-04
4.727296e-01	9.465420e-04
4.727552e-01	9.522350e-04
4.727808e-01	9.570902e-04
4.728064e-01	9.615831e-04
4.728320e-01	9.664228e-04
4.728576e-01	9.706523e-04
4.728832e-01	9.750894e-04
4.729088e-01	9.785935e-04
4.729344e-01	9.824699e-04
4.729600e-01	9.855164e-04
4.729856e-01	9.884352e-04
4.730112e-01	9.913675e-04
4.730368e-01	9.937240e-04
4.730624e-01	9.962623e-04
4.730880e-01	9.978522e-04
4.731136e-01	1.000210e-03
4.731392e-01	1.001578e-03
4.731648e-01	1.002864e-03
4.731904e-01	1.004029e-03
4.732160e-01	1.005103e-03
4.732416e-01	1.005441e-03
4.732672e-01	1.005717e-03
4.732928e-01	1.005983e-03
4.733184e-01	1.005848e-03
4.733440e-01	1.005533e-03
4.733696e-01	1.005080e-03
4.733952e-01	1.004075e-03
4.734208e-01	1.002726e-03
4.734464e-01	1.001382e-03
4.734720e-01	9.995940e-04
4.734976e-01	9.978997e-04
4.735232e-01	9.956945e-04
4.735488e-01	9.933243e-04
4.735744e-01	9.910199e-04
4.736000e-01	9.880416e-04
4.736256e-01	9.849332e-04
4.736512e-01	9.811230e-04
4.736768e-01	9.777095e-04
4.737024e-01	9.739092e-04
4.737280e-01	9.700332e-04
4.737536e-01	9.654412e-04
4.737792e-01	9.610060e-04
4.738048e-01	9.559619e-04
4.738304e-01	9.512933e-04
4.738560e-01	9.461000e-04
4.738816e-01	9.398256e-04
4.739072e-01	9.342024e-04
4.739328e-01	9.282777e-04
4.739584e-01	9.221215e-04
4.739840e-01	9.154183e-04
4.740096e-01	9.084461e-04
4.740352e-01	9.017789e-04
4.740608e-01	8.945577e-04
4.740864e-01	8.874720e-04
4.741120e-01	8.792151e-04
4.741376e-01	8.716308e-04
4.741632e-01	8.635840e-04
4.741888e-01	8.546136e-04
4.742144e-01	8.466202e-04
4.742400e-01	8.378722e-04
4.742656e-01	8.286961e-04
4.742912e-01	8.193488e-04
4.743168e-01	8.097900e-04
4.743424e-01	8.006234e-04
4.743680e-01	7.905157e-04
4.743936e-01	7.804908e-04
4.744192e-01	7.698688e-04
4.744448e-01	7.597911e-04
4.744704e-01	7.489186e-04
4.744960e-01	7.381112e-04
4.745216e-01	7.271635e-04
4.745472e-01	7.153500e-04
4.745728e-01	7.042243e-04
4.745984e-01	6.924810e-04
4.746240e-01	6.804114e-04
4.746496e-01	6.687026e-04
4.746752e-01	6.565753e-04
4.747008e-01	6.440920e-04
4.747264e-01	6.312408e-04
4.747520e-01	6.190657e-04
4.747776e-01	6.057654e-04
4.748032e-01	5.926822e-04
4.748288e-01	5.796107e-04
4.748544e-01	5.659943e-04
4.748800e-01	5.527844e-04
4.749056e-01	5.388699e-04
4.749312e-01	5.248164e-04
4.749568e-01	5.112075e-04
4.749824e-01	4.969392e-04
4.750080e-01	4.828046e-04
4.750336e-01	4.676051e-04
4.750592e-01	4.536973e-04
4.750848e-01	4.390374e-04
4.751104e-01	4.238308e-04
4.751360e-01	4.091655e-04
4.751616e-01	3.937202e-04
4.751872e-01	3.789795e-04
4.752128e-01	3.634091e-04
4.752384e-01	3.482339e-04
4.752640e-01	3.326045e-04
4.752896e-01	3.168205e-04
4.753152e-01	3.018624e-04
4.753408e-01	2.854448e-04
4.753664e-01	2.695611e-04
4.753920e-01	2.537047e-04
4.754176e-01	2.376145e-04
4.754432e-01	2.213667e-04
4.754688e-01	2.054803e-04
4.754944e-01	1.891437e-04
4.755200e-01	1.728180e-04
4.755456e-01	1.564230e-04
4.755712e-01	1.402400e-04
4.755968e-01	1.235437e-04
4.756224e-01	1.074963e-04
4.756480e-01	9.093933e-05
4.756736e-01	7.396844e-05
4.756992e-01	5.766908e-05
4.757248e-01	4.068768e-05
4.757504e-01	2.417936e-05
4.757760e-01	7.680638e-06
4.758016e-01	-9.029031e-06
4.758272e-01	-2.581595e-05
4.758528e-01	-4.264095e-05
4.758784e-01	-5.882156e-05
4.759040e-01	-7.619240e-05
4.759296e-01	-9.238601e-05
4.759552e-01	-1.091071e-04
4.759808e-01	-1.262000e-04
4.760064e-01	-1.419358e-04
4.760320e-01	-1.588195e-04
4.760576e-01	-1.754854e-04
4.760832e-01	-1.919324e-04
4.761088e-01	-2.084912e-04
4.761344e-01	-2.246584e-04
4.761600e-01	-2.417124e-04
4.761856e-01	-2.573635e-04
4.762112e-01	-2.740239e-04
4.762368e-01	-2.899888e-04
4.762624e-01	-3.059890e-04
4.762880e-01	-3.222027e-04
4.763136e-01	-3.381138e-04
4.763392e-01	-3.543793e-04
4.763648e-01	-3.694667e-04
4.763904e-01	-3.854276e-04
4.764160e-01	-4.013449e-04
4.764416e-01	-4.165038e-04
4.764672e-01	-4.320586e-04
4.764928e-01	-4.473231e-04
4.765184e-01	-4.624342e-04
4.765440e-01	-4.772671e-04
4.765696e-01	-4.929420e-04
4.765952e-01	-5.074251e-04
4.766208e-01	-5.219321e-04
4.766464e-01	-5.367468e-04
4.766720e-01	-5.510008e-04
4.766976e-01	-5.654090e-04
4.767232e-01	-5.791822e-04
4.767488e-01	-5.932691e-04
4.767744e-01	-6.075175e-04
4.768000e-01	-6.206770e-04
4.768256e-01	-6.345644e-04
4.768512e-01	-6.476222e-04
4.768768e-01	-6.609378e-04
4.769024e-01	-6.736880e-04
4.769280e-01	-6.865005e-04
4.769536e-01	-6.995635e-04
4.769792e-01	-7.115646e-04
4.770048e-01	-7.239219e-04
4.770304e-01	-7.355884e-04
4.770560e-01	-7.478630e-04
4.770816e-01	-7.597109e-04
4.771072e-01	-7.707573e-04
4.771328e-01	-7.824064e-04
4.771584e-01	-7.929665e-04
4.771840e-01	-8.039530e-04
4.772096e-01	-8.144332e-04
4.772352e-01	-8.249855e-04
4.772608e-01	-8.348639e-04
4.772864e-01	-8.454265e-04
4.773120e-01	-8.549265e-04
4.773376e-01	-8.641997e-04
4.773632e-01	-8.736596e-04
4.773888e-01	-8.822784e-04
4.774144e-01	-8.913692e-04
4.774400e-01	-8.996931e-04
4.774656e-01	-9.080065e-04
4.774912e-01	-9.160177e-04
4.775168e-01	-9.239102e-04
4.775424e-01	-9.316077e-04
4.775680e-01	-9.383791e-04
4.775936e-01	-9.458607e-04
4.776192e-01	-9.525538e-04
4.776448e-01	-9.591253e-04
4.776704e-01	-9.649677e-04
4.776960e-01	-9.711675e-04
4.777216e-01	-9.769268e-04
4.777472e-01	-9.822788e-04
4.777728e-01	-9.879003e-04
4.777984e-01	-9.922674e-04
4.778240e-01	-9.967855e-04
4.778496e-01	-1.000972e-03
4.778752e-01	-1.005171e-03
4.779008e-01	-1.009367e-03
4.779264e-01	-1.012243e-03
4.779520e-01	-1.015753e-03
4.779776e-01	-1.018921e-03
4.780032e-01	-1.021689e-03
4.780288e-01	-1.023593e-03
4.780544e-01	-1.026271e-03
4.780800e-01	-1.027836e-03
4.781056e-01	-1.029342e-03
4.781312e-01	-1.031027e-03
4.781568e-01	-1.031600e-03
4.781824e-01	-1.032626e-03
4.782080e-01	-1.032822e-03
4.782336e-01	-1.032977e-03
4.782592e-01	-1.033154e-03
4.782848e-01	-1.032662e-03
4.783104e-01	-1.031785e-03
4.783360e-01	-1.030980e-03
4.783616e-01	-1.030094e-03
4.783872e-01	-1.028031e-03
4.784128e-01	-1.026659e-03
4.784384e-01	-1.024392e-03
4.784640e-01	-1.022079e-03
4.784896e-01	-1.019631e-03
4.785152e-01	-1.016897e-03
4.785408e-01	-1.013819e-03
4.785664e-01	-1.010254e-03
4.785920e-01	-1.007015e-03
4.786176e-01	-1.002648e-03
4.786432e-01	-9.980664e-04
4.786688e-01	-9.941891e-04
4.786944e-01	-9.891293e-04
4.787200e-01	-9.843817e-04
4.787456e-01	-9.792814e-04
4.787712e-01	-9.735118e-04
4.787968e-01	-9.678930e-04
4.788224e-01	-9.616168e-04
4.788480e-01	-9.549930e-04
4.788736e-01	-9.491430e-04
4.788992e-01	-9.423501e-04
4.789248e-01	-9.351009e-04
4.789504e-01	-9.278188e-04
4.789760e-01	-9.207079e-04
4.790016e-01	-9.123220e-04
4.790272e-01	-9.050352e-04
4.790528e-01	-8.967475e-04
4.790784e-01	-8.882215e-04
4.791040e-01	-8.799882e-04
4.791296e-01	-8.702705e-04
4.791552e-01	-8.615607e-04
4.791808e-01	-8.522673e-04
4.792064e-01	-8.427692e-04
4.792320e-01	-8.330307e-04
4.792576e-01	-8.226011e-04
4.792832e-01	-8.124106e-04
4.793088e-01	-8.025400e-04
4.793344e-01	-7.916729e-04
4.793600e-01	-7.805616e-04
4.793856e-01	-7.700697e-04
4.794112e-01	-7.585296e-04
4.794368e-01	-7.476739e-04
4.794624e-01	-7.353597e-04
4.794880e-01	-7.238996e-04
4.795136e-01	-7.120993e-04
4.795392e-01	-6.996946e-04
4.795648e-01	-6.880036e-04
4.795904e-01	-6.753625e-04
4.796160e-01	-6.623538e-04
4.796416e-01	-6.500244e-04
4.796672e-01	-6.369950e-04
4.796928e-01	-6.238877e-04
4.797184e-01	-6.107431e-04
4.797440e-01	-5.971216e-04
4.797696e-01	-5.834858e-04
4.797952e-01	-5.701765e-04
4.798208e-01	-5.564198e-04
4.798464e-01	-5.418675e-04
4.798720e-01	-5.277555e-04
4.798976e-01	-5.138468e-04
4.799232e-01	-4.993640e-04
4.799488e-01	-4.846139e-04
4.799744e-01	-4.700684e-04
4.800000e-01	-4.556044e-04
4.800256e-01	-4.407985e-04
4.800512e-01	-4.260189e-04
4.800768e-01	-4.109060e-04
4.801024e-01	-3.960937e-04
4.801280e-01	-3.803036e-04
4.801536e-01	-3.651509e-04
4.801792e-01	-3.498772e-04
4.802048e-01	-3.343071e-04
4.802304e-01	-3.188334e-04
4.802560e-01	-3.033289e-04
4.802816e-01	-2.874522e-04
4.803072e-01	-2.720065e-04
4.803328e-01	-2.558317e-04
4.803584e-01	-2.403054e-04
4.803840e-01	-2.245829e-04
4.804096e-01	-2.083691e-04
4.804352e-01	-1.927385e-04
4.804608e-01	-1.762405e-04
4.804864e-01	-1.604497e-04
4.805120e-01	-1.443908e-04
4.805376e-01	-1.280450e-04
4.805632e-01	-1.124238e-04
4.805888e-01	-9.570993e-05
4.806144e-01	-7.928597e-05
4.806400e-01	-6.337246e-05
4.806656e-01	-4.712601e-05
4.806912e-01	-3.086698e-05
4.807168e-01	-1.508616e-05
4.807424e-01	1.303456e-06
4.807680e-01	1.749543e-05
4.807936e-01	3.422343e-05
4.808192e-01	4.982952e-05
4.808448e-01	6.573219e-05
4.808704e-01	8.242625e-05
4.808960e-01	9.823689e-05
4.809216e-01	1.145117e-04
4.809472e-01	1.305533e-04
4.809728e-01	1.462337e-04
4.809984e-01	1.621142e-04
4.810240e-01	1.781621e-04
4.810496e-01	1.939903e-04
4.810752e-01	2.097135e-04
4.811008e-01	2.255656e-04
4.811264e-01	2.411650e-04
4.811520e-01	2.571705e-04
4.811776e-01	2.718796e-04
4.812032e-01	2.878948e-04
4.812288e-01	3.030503e-04
4.812544e-01	3.183486e-04
4.812800e-01	3.336915e-04
4.813056e-01	3.482398e-04
4.813312e-01	3.637092e-04
4.813568e-01	3.783615e-04
4.813824e-01	3.931560e-04
4.814080e-01	4.079788e-04
4.814336e-01	4.224284e-04
4.814592e-01	4.368202e-04
4.814848e-01	4.511447e-04
4.815104e-01	4.660407e-04
4.815360e-01	4.794900e-04
4.815616e-01	4.931096e-04
4.815872e-01	5.076223e-04
4.816128e-01	5.215203e-04
4.816384e-01	5.347885e-04
4.816640e-01	5.485162e-04
4.816896e-01	5.618667e-04
4.817152e-01	5.749743e-04
4.817408e-01	5.876259e-04
4.817664e-01	6.007722e-04
4.817920e-01	6.135057e-04
4.818176e-01	6.260045e-04
4.818432e-01	6.382037e-04
4.818688e-01	6.505966e-04
4.818944e-01	6.632181e-04
4.819200e-01	6.742015e-04
4.819456e-01	6.860710e-04
4.819712e-01	6.984129e-04
4.819968e-01	7.092690e-04
4.820224e-01	7.209155e-04
4.820480e-01	7.320556e-04
4.820736e-01	7.427323e-04
4.820992e-01	7.530507e-04
4.821248e-01	7.637492e-04
4.821504e-01	7.739387e-04
4.821760e-01	7.836784e-04
4.822016e-01	7.935831e-04
4.822272e-01	8.035709e-04
4.822528e-01	8.127603e-04
4.822784e-01	8.219375e-04
4.823040e-01	8.314122e-04
4.823296e-01	8.401121e-04
4.823552e-01	8.486806e-04
4.823808e-01	8.577352e-04
4.824064e-01	8.652190e-04
4.824320e-01	8.730535e-04
4.824576e-01	8.813394e-04
4.824832e-01	8.887415e-04
4.825088e-01	8.962138e-04
4.825344e-01	9.033654e-04
4.825600e-01	9.102973e-04
4.825856e-01	9.169612e-04
4.826112e-01	9.230892e-04
4.826368e-01	9.294339e-04
4.826624e-01	9.354406e-04
4.826880e-01	9.412096e-04
4.827136e-01	9.465330e-04
4.827392e-01	9.519178e-04
4.827648e-01	9.567315e-04
4.827904e-01	9.614670e-04
4.828160e-01	9.659489e-04
4.828416e-01	9.702095e-04
4.828672e-01	9.740989e-04
4.828928e-01	9.784221e-04
4.829184e-01	9.816634e-04
4.829440e-01	9.849323e-04
4.829696e-01	9.883279e-04
4.829952e-01	9.910213e-04
4.830208e-01	9.938290e-04
4.830464e-01	9.958558e-04
4.830720e-01	9.980804e-04
4.830976e-01	9.998723e-04
4.831232e-01	1.001288e-03
4.831488e-01	1.003290e-03
4.831744e-01	1.004088e-03
4.832000e-01	1.004956e-03
4.832256e-01	1.005545e-03
4.832512e-01	1.005911e-03
4.832768e-01	1.006131e-03
4.833024e-01	1.005913e-03
4.833280e-01	1.005537e-03
4.833536e-01	1.005433e-03
4.833792e-01	1.003970e-03
4.834048e-01	1.003231e-03
4.834304e-01	1.002062e-03
4.834560e-01	9.999688e-04
4.834816e-01	9.983619e-04
4.835072e-01	9.959126e-04
4.835328e-01	9.935934e-04
4.835584e-01	9.913488e-04
4.835840e-01	9.882057e-04
4.836096e-01	9.852451e-04
4.836352e-01	9.819184e-04
4.836608e-01	9.781085e-04
4.836864e-01	9.741869e-04
4.837120e-01	9.704432e-04
4.837376e-01	9.659493e-04
4.837632e-01	9.613992e-04
4.837888e-01	9.567942e-04
4.838144e-01	9.515951e-04
4.838400e-01	9.460845e-04
4.838656e-01	9.406772e-04
4.838912e-01	9.349291e-04
4.839168e-01	9.290520e-04
4.839424e-01	9.229147e-04
4.839680e-01	9.167176e-04
4.839936e-01	9.098222e-04
4.840192e-01	9.031275e-04
4.840448e-01	8.956185e-04
4.840704e-01	8.881351e-04
4.840960e-01	8.805009e-04
4.841216e-01	8.723258e-04
4.841472e-01	8.646967e-04
4.841728e-01	8.563913e-04
4.841984e-01	8.471138e-04
4.842240e-01	8.388028e-04
4.842496e-01	8.297060e-04
4.842752e-01	8.203203e-04
4.843008e-01	8.110706e-04
4.843264e-01	8.012085e-04
4.843520e-01	7.916795e-04
4.843776e-01	7.815391e-04
4.844032e-01	7.714904e-04
4.844288e-01	7.612045e-04
4.844544e-01	7.498065e-04
4.844800e-01	7.395746e-04
4.845056e-01	7.281196e-04
4.845312e-01	7.168293e-04
4.845568e-01	7.053469e-04
4.845824e-01	6.934337e-04
4.846080e-01	6.818018e-04
4.846336e-01	6.695710e-04
4.846592e-01	6.574622e-04
4.846848e-01	6.452518e-04
4.847104e-01	6.325909e-04
4.847360e-01	6.201995e-04
4.847616e-01	6.069887e-04
4.847872e-01	5.938616e-04
4.848128e-01	5.810232e-04
4.848384e-01	5.670261e-04
4.848640e-01	5.536170e-04
4.848896e-01	5.402598e-04
4.849152e-01	5.262241e-04
4.849408e-01	5.121235e-04
4.849664e-01	4.977211e-04
4.849920e-01	4.840005e-04
4.850176e-01	4.692634e-04
4.850432e-01	4.552527e-04
4.850688e-01	4.401277e-04
4.850944e-01	4.252755e-04
4.851200e-01	4.104240e-04
4.851456e-01	3.949113e-04
4.851712e-01	3.802316e-04
4.851968e-01	3.649502e-04
4.852224e-01	3.492521e-04
4.852480e-01	3.338799e-04
4.852736e-01	3.185394e-04
4.852992e-01	3.027900e-04
4.853248e-01	2.868554e-04
4.853504e-01	2.711069e-04
4.853760e-01	2.552300e-04
4.854016e-01	2.389925e-04
4.854272e-01	2.228415e-04
4.854528e-01	2.069666e-04
4.854784e-01	1.905545e-04
4.855040e-01	1.743719e-04
4.855296e-01	1.578796e-04
4.855552e-01	1.415262e-04
4.855808e-01	1.253129e-04
4.856064e-01	1.089450e-04
4.856320e-01	9.197094e-05
4.856576e-01	7.598696e-05
4.856832e-01	5.912995e-05
4.857088e-01	4.241868e-05
4.857344e-01	2.564094e-05
4.857600e-01	8.958556e-06
4.857856e-01	-7.402273e-06
4.858112e-01	-2.450136e-05
4.858368e-01	-4.123093e-05
4.858624e-01	-5.785400e-05
4.858880e-01	-7.433179e-05
4.859136e-01	-9.121127e-05
4.859392e-01	-1.080737e-04
4.859648e-01	-1.243355e-04
4.859904e-01	-1.409586e-04
4.860160e-01	-1.572379e-04
4.860416e-01	-1.742681e-04
4.860672e-01	-1.903610e-04
4.860928e-01	-2.069847e-04
4.861184e-01	-2.236963e-04
4.861440e-01	-2.399264e-04
4.861696e-01	-2.564992e-04
4.861952e-01	-2.720927e-04
4.862208e-01	-2.886335e-04
4.862464e-01	-3.047727e-04
4.862720e-01	-3.205547e-04
4.862976e-01	-3.370241e-04
4.863232e-01	-3.523023e-04
4.863488e-01	-3.685355e-04
4.863744e-01	-3.845452e-04
4.864000e-01	-3.998550e-04
4.864256e-01	-4.151757e-04
4.864512e-01	-4.306263e-04
4.864768e-01	-4.459256e-04
4.865024e-01	-4.614804e-04
4.865280e-01	-4.762085e-04
4.865536e-01	-4.912242e-04
4.865792e-01	-5.058699e-04
4.866048e-01	-5.208146e-04
4.866304e-01	-5.354325e-04
4.866560e-01	-5.499736e-04
4.866816e-01	-5.642766e-04
4.867072e-01	-5.779215e-04
4.867328e-01	-5.919629e-04
4.867584e-01	-6.060182e-04
4.867840e-01	-6.201325e-04
4.868096e-01	-6.333327e-04
4.868352e-01	-6.462983e-04
4.868608e-01	-6.599184e-04
4.868864e-01	-6.727972e-04
4.869120e-01	-6.853817e-04
4.869376e-01	-6.980193e-04
4.869632e-01	-7.102987e-04
4.869888e-01	-7.227037e-04
4.870144e-01	-7.352300e-04
4.870400e-01	-7.466918e-04
4.870656e-01	-7.586313e-04
4.870912e-01	-7.700923e-04
4.871168e-01	-7.814311e-04
4.871424e-01	-7.923967e-04
4.871680e-01	-8.032582e-04
4.871936e-01	-8.138221e-04
4.872192e-01	-8.240945e-04
4.872448e-01	-8.344511e-04
4.872704e-01	-8.447882e-04
4.872960e-01	-8.540637e-04
4.873216e-01	-8.634298e-04
4.873472e-01	-8.726649e-04
4.873728e-01	-8.817464e-04
4.873984e-01	-8.905603e-04
4.874240e-01	-8.987078e-04
4.874496e-01	-9.074731e-04
4.874752e-01	-9.158577e-04
4.875008e-01	-9.232864e-04
4.875264e-01	-9.308908e-04
4.875520e-01	-9.378078e-04
4.875776e-01	-9.449094e-04
4.876032e-01	-9.518318e-04
4.876288e-01	-9.582263e-04
4.876544e-01	-9.645269e-04
4.876800e-01	-9.705909e-04
4.877056e-01	-9.761756e-04
4.877312e-01	-9.817756e-04
4.877568e-01	-9.866409e-04
4.877824e-01	-9.920143e-04
4.878080e-01	-9.963905e-04
4.878336e-01	-1.000641e-03
4.878592e-01	-1.005193e-03
4.878848e-01	-1.008860e-03
4.879104e-01	-1.012295e-03
4.879360e-01	-1.015457e-03
4.879616e-01	-1.018756e-03
4.879872e-01	-1.021607e-03
4.880128e-01	-1.023741e-03
4.880384e-01	-1.026041e-03
4.880640e-01	-1.027330e-03
4.880896e-01	-1.029581e-03
4.881152e-01	-1.031140e-03
4.881408e-01	-1.031624e-03
4.881664e-01	-1.032382e-03
4.881920e-01	-1.032943e-03
4.882176e-01	-1.032889e-03
4.882432e-01	-1.032960e-03
4.882688e-01	-1.032881e-03
4.882944e-01	-1.032122e-03
4.883200e-01	-1.031302e-03
4.883456e-01	-1.030121e-03
4.883712e-01	-1.028478e-03
4.883968e-01	-1.026860e-03
4.884224e-01	-1.024864e-03
4.884480e-01	-1.022447e-03
4.884736e-01	-1.019825e-03
4.884992e-01	-1.017173e-03
4.885248e-01	-1.014252e-03
4.885504e-01	-1.010702e-03
4.885760e-01	-1.006886e-03
4.886016e-01	-1.003673e-03
4.886272e-01	-9.987102e-04
4.886528e-01	-9.945832e-04
4.886784e-01	-9.897575e-04
4.887040e-01	-9.848933e-04
4.887296e-01	-9.798417e-04
4.887552e-01	-9.739489e-04
4.887808e-01	-9.687444e-04
4.888064e-01	-9.625285e-04
4.888320e-01	-9.560543e-04
4.888576e-01	-9.496884e-04
4.888832e-01	-9.430019e-04
4.889088e-01	-9.359384e-04
4.889344e-01	-9.288833e-04
4.889600e-01	-9.214777e-04
4.889856e-01	-9.135188e-04
4.890112e-01	-9.058200e-04
4.890368e-01	-8.972930e-04
4.890624e-01	-8.891952e-04
4.890880e-01	-8.806441e-04
4.891136e-01	-8.715892e-04
4.891392e-01	-8.623944e-04
4.891648e-01	-8.534887e-04
4.891904e-01	-8.437324e-04
4.892160e-01	-8.339102e-04
4.892416e-01	-8.239925e-04
4.892672e-01	-8.140856e-04
4.892928e-01	-8.036841e-04
4.893184e-01	-7.922179e-04
4.893440e-01	-7.820103e-04
4.893696e-01	-7.710523e-04
4.893952e-01	-7.597171e-04
4.894208e-01	-7.490105e-04
4.894464e-01	-7.366574e-04
4.894720e-01	-7.254287e-04
4.894976e-01	-7.133804e-04
4.895232e-01	-7.006959e-04
4.895488e-01	-6.889736e-04
4.895744e-01	-6.766118e-04
4.896000e-01	-6.638975e-04
4.896256e-01	-6.514193e-04
4.896512e-01	-6.380084e-04
4.896768e-01	-6.250371e-04
4.897024e-01	-6.118552e-04
4.897280e-01	-5.983999e-04
4.897536e-01	-5.846765e-04
4.897792e-01	-5.710612e-04
4.898048e-01	-5.575801e-04
4.898304e-01	-5.433428e-04
4.898560e-01	-5.293641e-04
4.898816e-01	-5.152471e-04
4.899072e-01	-5.006982e-04
4.899328e-01	-4.862448e-04
4.899584e-01	-4.717595e-04
4.899840e-01	-4.572866e-04
4.900096e-01	-4.418817e-04
4.900352e-01	-4.273510e-04
4.900608e-01	-4.124798e-04
4.900864e-01	-3.973627e-04
4.901120e-01	-3.821476e-04
4.901376e-01	-3.667783e-04
4.901632e-01	-3.513973e-04
4.901888e-01	-3.358864e-04
4.902144e-01	-3.201985e-04
4.902400e-01	-3.047342e-04
4.902656e-01	-2.893000e-04
4.902912e-01	-2.734947e-04
4.903168e-01	-2.571685e-04
4.903424e-01	-2.417879e-04
4.903680e-01	-2.256739e-04
4.903936e-01	-2.097543e-04
4.904192e-01	-1.939009e-04
4.904448e-01	-1.778166e-04
4.904704e-01	-1.620315e-04
4.904960e-01	-1.457542e-04
4.905216e-01	-1.295728e-04
4.905472e-01	-1.133536e-04
4.905728e-01	-9.744691e-05
4.905984e-01	-8.090787e-05
4.906240e-01	-6.476292e-05
4.906496e-01	-4.898133e-05
4.906752e-01	-3.226631e-05
4.907008e-01	-1.612885e-05
4.907264e-01	-8.310742e-08
4.907520e-01	1.598266e-05
4.907776e-01	3.262841e-05
4.908032e-01	4.838404e-05
4.908288e-01	6.457546e-05
4.908544e-01	8.097549e-05
4.908800e-01	9.680045e-05
4.909056e-01	1.129317e-04
4.909312e-01	1.291627e-04
4.909568e-01	1.448486e-04
4.909824e-01	1.610152e-04
4.910080e-01	1.767219e-04
4.910336e-01	1.927908e-04
4.910592e-01	2.085883e-04
4.910848e-01	2.235524e-04
4.911104e-01	2.397404e-04
4.911360e-01	2.556753e-04
4.911616e-01	2.706713e-04
4.911872e-01	2.864905e-04
4.912128e-01	3.015548e-04
4.912384e-01	3.167806e-04
4.912640e-01	3.317114e-04
4.912896e-01	3.468508e-04
4.913152e-01	3.622199e-04
4.913408e-01	3.768763e-04
4.913664e-01	3.918176e-04
4.913920e-01	4.064924e-04
4.914176e-01	4.209805e-04
4.914432e-01	4.359101e-04
4.914688e-01	4.499210e-04
4.914944e-01	4.642809e-04
4.915200e-01	4.785103e-04
4.915456e-01	4.927193e-04
4.915712e-01	5.062444e-04
4.915968e-01	5.197024e-04
4.916224e-01	5.335898e-04
4.916480e-01	5.469960e-04
4.916736e-01	5.601437e-04
4.916992e-01	5.733859e-04
4.917248e-01	5.865726e-04
4.917504e-01	5.995544e-04
4.917760e-01	6.121537e-04
4.918016e-01	6.251031e-04
4.918272e-01	6.373528e-04
4.918528e-01	6.493188e-04
4.918784e-01	6.617279e-04
4.919040e-01	6.738707e-04
4.919296e-01	6.853452e-04
4.919552e-01	6.964692e-04
4.919808e-01	7.085238e-04
4.920064e-01	7.200136e-04
4.920320e-01	7.305661e-04
4.920576e-01	7.414822e-04
4.920832e-01	7.518834e-04
4.921088e-01	7.625884e-04
4.921344e-01	7.727729e-04
4.921600e-01	7.833308e-04
4.921856e-01	7.926393e-04
4.922112e-01	8.027839e-04
4.922368e-01	8.122961e-04
4.922624e-01	8.210488e-04
4.922880e-01	8.307975e-04
4.923136e-01	8.392734e-04
4.923392e-01	8.479168e-04
4.923648e-01	8.562768e-04
4.923904e-01	8.645010e-04
4.924160e-01	8.727068e-04
4.924416e-01	8.802433e-04
4.924672e-01	8.883960e-04
4.924928e-01	8.950731e-04
4.925184e-01	9.025655e-04
4.925440e-01	9.095880e-04
4.925696e-01	9.161537e-04
4.925952e-01	9.226478e-04
4.926208e-01	9.286737e-04
4.926464e-01	9.351181e-04
4.926720e-01	9.408644e-04
4.926976e-01	9.461904e-04
4.927232e-01	9.511490e-04
4.927488e-01	9.562446e-04
4.927744e-01	9.614204e-04
4.928000e-01	9.652387e-04
4.928256e-01	9.699198e-04
4.928512e-01	9.742542e-04
4.928768e-01	9.778237e-04
4.929024e-01	9.814594e-04
4.929280e-01	9.846832e-04
4.929536e-01	9.879640e-04
4.929792e-01	9.905115e-04
4.930048e-01	9.932416e-04
4.930304e-01	9.957568e-04
4.930560e-01	9.979422e-04
4.930816e-01	1.000016e-03
4.931072e-01	1.001589e-03
4.931328e-01	1.003077e-03
4.931584e-01	1.004160e-03
4.931840e-01	1.005503e-03
4.932096e-01	1.005284e-03
4.932352e-01	1.005908e-03
4.932608e-01	1.006025e-03
4.932864e-01	1.006084e-03
4.933120e-01	1.005633e-03
4.933376e-01	1.005028e-03
4.933632e-01	1.004249e-03
4.933888e-01	1.002966e-03
4.934144e-01	1.002133e-03
4.934400e-01	1.000353e-03
4.934656e-01	9.985013e-04
4.934912e-01	9.962978e-04
4.935168e-01	9.940265e-04
4.935424e-01	9.918708e-04
4.935680e-01	9.886400e-04
4.935936e-01	9.857297e-04
4.936192e-01	9.822815e-04
4.936448e-01	9.789992e-04
4.936704e-01	9.747786e-04
4.936960e-01	9.706063e-04
4.937216e-01	9.665452e-04
4.937472e-01	9.616833e-04
4.937728e-01	9.572211e-04
4.937984e-01	9.523885e-04
4.938240e-01	9.469537e-04
4.938496e-01	9.413169e-04
4.938752e-01	9.356138e-04
4.939008e-01	9.298672e-04
4.939264e-01	9.234555e-04
4.939520e-01	9.171690e-04
4.939776e-01	9.102445e-04
4.940032e-01	9.031111e-04
4.940288e-01	8.960187e-04
4.940544e-01	8.886055e-04
4.940800e-01	8.808845e-04
4.941056e-01	8.730142e-04
4.941312e-01	8.651435e-04
4.941568e-01	8.570853e-04
4.941824e-01	8.480633e-04
4.942080e-01	8.398311e-04
4.942336e-01	8.305417e-04
4.942592e-01	8.210766e-04
4.942848e-01	8.121487e-04
4.943104e-01	8.024186e-04
4.943360e-01	7.926599e-04
4.943616e-01	7.829633e-04
4.943872e-01	7.723896e-04
4.944128e-01	7.617163e-04
4.944384e-01	7.507955e-04
4.944640e-01	7.401609e-04
4.944896e-01	7.294098e-04
4.945152e-01	7.181304e-04
4.945408e-01	7.066748e-04
4.945664e-01	6.951207e-04
4.945920e-01	6.834149e-04
4.946176e-01	6.713009e-04
4.946432e-01	6.591487e-04
4.946688e-01	6.465007e-04
4.946944e-01	6.336260e-04
4.947200e-01	6.218356e-04
4.947456e-01	6.081982e-04
4.947712e-01	5.953339e-04
4.947968e-01	5.823361e-04
4.948224e-01	5.684289e-04
4.948480e-01	5.553632e-04
4.948736e-01	5.415245e-04
4.948992e-01	5.275780e-04
4.949248e-01	5.135809e-04
4.949504e-01	4.995091e-04
4.949760e-01	4.850422e-04
4.950016e-01	4.704904e-04
4.950272e-01	4.562949e-04
4.950528e-01	4.415772e-04
4.950784e-01	4.270526e-04
4.951040e-01	4.116627e-04
4.951296e-01	3.968817e-04
4.951552e-01	3.815532e-04
4.951808e-01	3.663765e-04
4.952064e-01	3.508790e-04
4.952320e-01	3.358164e-04
4.952576e-01	3.200729e-04
4.952832e-01	3.044836e-04
4.953088e-01	2.885843e-04
4.953344e-01	2.724963e-04
4.953600e-01	2.570877e-04
4.953856e-01	2.402370e-04
4.954112e-01	2.247673e-04
4.954368e-01	2.085135e-04
4.954624e-01	1.922949e-04
4.954880e-01	1.761499e-04
4.955136e-01	1.594648e-04
4.955392e-01	1.435203e-04
4.955648e-01	1.267511e-04
4.955904e-01	1.103412e-04
4.956160e-01	9.338611e-05
4.956416e-01	7.743990e-05
4.956672e-01	6.053587e-05
4.956928e-01	4.422032e-05
4.957184e-01	2.747248e-05
4.957440e-01	1.039177e-05
4.957696e-01	-5.874840e-06
4.957952e-01	-2.291266e-05
4.958208e-01	-3.953695e-05
4.958464e-01	-5.618887e-05
4.958720e-01	-7.279751e-05
4.958976e-01	-8.911309e-05
4.959232e-01	-1.061259e-04
4.959488e-01	-1.227736e-04
4.959744e-01	-1.394167e-04
4.960000e-01	-1.559595e-04
4.960256e-01	-1.723680e-04
4.960512e-01	-1.890104e-04
4.960768e-01	-2.055941e-04
4.961024e-01	-2.217220e-04
4.961280e-01	-2.382282e-04
4.961536e-01	-2.546134e-04
4.961792e-01	-2.708679e-04
4.962048e-01	-2.868766e-04
4.962304e-01	-3.033732e-04
4.962560e-01	-3.191844e-04
4.962816e-01	-3.353185e-04
4.963072e-01	-3.511996e-04
4.963328e-01	-3.667684e-04
4.963584e-01	-3.828170e-04
4.963840e-01	-3.979862e-04
4.964096e-01	-4.138224e-04
4.964352e-01	-4.295067e-04
4.964608e-01	-4.444919e-04
4.964864e-01	-4.595610e-04
4.965120e-01	-4.745294e-04
4.965376e-01	-4.898513e-04
4.965632e-01	-5.042147e-04
4.965888e-01	-5.195789e-04
4.966144e-01	-5.340114e-04
4.966400e-01	-5.486569e-04
4.966656e-01	-5.628532e-04
4.966912e-01	-5.764990e-04
4.967168e-01	-5.910515e-04
4.967424e-01	-6.046760e-04
4.967680e-01	-6.183274e-04
4.967936e-01	-6.318173e-04
4.968192e-01	-6.452132e-04
4.968448e-01	-6.585393e-04
4.968704e-01	-6.713202e-04
4.968960e-01	-6.841655e-04
4.969216e-01	-6.965298e-04
4.969472e-01	-7.097190e-04
4.969728e-01	-7.216599e-04
4.969984e-01	-7.337545e-04
4.970240e-01	-7.455710e-04
4.970496e-01	-7.575708e-04
4.970752e-01	-7.691355e-04
4.971008e-01	-7.799808e-04
4.971264e-01	-7.914790e-04
4.971520e-01	-8.016348e-04
4.971776e-01	-8.123254e-04
4.972032e-01	-8.232309e-04
4.972288e-01	-8.330738e-04
4.972544e-01	-8.429683e-04
4.972800e-01	-8.530850e-04
4.973056e-01	-8.624971e-04
4.973312e-01	-8.713099e-04
4.973568e-01	-8.812840e-04
4.973824e-01	-8.896202e-04
4.974080e-01	-8.979807e-04
4.974336e-01	-9.064419e-04
4.974592e-01	-9.143291e-04
4.974848e-01	-9.226762e-04
4.975104e-01	-9.297274e-04
4.975360e-01	-9.368217e-04
4.975616e-01	-9.440867e-04
4.975872e-01	-9.507595e-04
4.976128e-01	-9.578561e-04
4.976384e-01	-9.638998e-04
4.976640e-01	-9.703892e-04
4.976896e-01	-9.757736e-04
4.977152e-01	-9.812780e-04
4.977408e-01	-9.866018e-04
4.977664e-01	-9.914377e-04
4.977920e-01	-9.962725e-04
4.978176e-01	-1.000760e-03
4.978432e-01	-1.004948e-03
4.978688e-01	-1.008392e-03
4.978944e-01	-1.012144e-03
4.979200e-01	-1.015192e-03
4.979456e-01	-1.018391e-03
4.979712e-01	-1.021371e-03
4.979968e-01	-1.023394e-03
4.980224e-01	-1.025581e-03
4.980480e-01	-1.027379e-03
4.980736e-01	-1.029502e-03
4.980992e-01	-1.030631e-03
4.981248e-01	-1.031631e-03
4.981504e-01	-1.032360e-03
4.981760e-01	-1.033057e-03
4.982016e-01	-1.032871e-03
4.982272e-01	-1.033002e-03
4.982528e-01	-1.032824e-03
4.982784e-01	-1.031887e-03
4.983040e-01	-1.031398e-03
4.983296e-01	-1.030076e-03
4.983552e-01	-1.028527e-03
4.983808e-01	-1.027271e-03
4.984064e-01	-1.024948e-03
4.984320e-01	-1.022904e-03
4.984576e-01	-1.020501e-03
4.984832e-01	-1.017434e-03
4.985088e-01	-1.014356e-03
4.985344e-01	-1.010795e-03
4.985600e-01	-1.007408e-03
4.985856e-01	-1.003679e-03
4.986112e-01	-9.990993e-04
4.986368e-01	-9.947304e-04
4.986624e-01	-9.896347e-04
4.986880e-01	-9.852026e-04
4.987136e-01	-9.800565e-04
4.987392e-01	-9.747024e-04
4.987648e-01	-9.691432e-04
4.987904e-01	-9.628217e-04
4.988160e-01	-9.568381e-04
4.988416e-01	-9.506005e-04
4.988672e-01	-9.432964e-04
4.988928e-01	-9.364909e-04
4.989184e-01	-9.294268e-04
4.989440e-01	-9.217879e-04
4.989696e-01	-9.143063e-04
4.989952e-01	-9.063440e-04
4.990208e-01	-8.980673e-04
4.990464e-01	-8.897596e-04
4.990720e-01	-8.810806e-04
4.990976e-01	-8.723454e-04
4.991232e-01	-8.631949e-04
4.991488e-01	-8.541634e-04
4.991744e-01	-8.445851e-04
4.992000e-01	-8.349910e-04
4.992256e-01	-8.246552e-04
4.992512e-01	-8.146837e-04
4.992768e-01	-8.042606e-04
4.993024e-01	-7.938304e-04
4.993280e-01	-7.832505e-04
4.993536e-01	-7.717399e-04
4.993792e-01	-7.612508e-04
4.994048e-01	-7.495465e-04
4.994304e-01	-7.379439e-04
4.994560e-01	-7.266230e-04
4.994816e-01	-7.140015e-04
4.995072e-01	-7.025708e-04
4.995328e-01	-6.899372e-04
4.995584e-01	-6.776300e-04
4.995840e-01	-6.653263e-04
4.996096e-01	-6.522936e-04
4.996352e-01	-6.394923e-04
4.996608e-01	-6.263465e-04
4.996864e-01	-6.129401e-04
4.997120e-01	-5.999191e-04
4.997376e-01	-5.860854e-04
4.997632e-01	-5.726435e-04
4.997888e-01	-5.589332e-04
4.998144e-01	-5.445025e-04
4.998400e-01	-5.309901e-04
4.998656e-01	-5.165540e-04
4.998912e-01	-5.019542e-04
4.999168e-01	-4.879219e-04
4.999424e-01	-4.731799e-04
4.999680e-01	-4.586955e-04
4.999936e-01	-4.437335e-04
5.000192e-01	-4.288013e-04
5.000448e-01	-4.137684e-04
5.000704e-01	-3.985406e-04
5.000960e-01	-3.832726e-04
5.001216e-01	-3.683577e-04
5.001472e-01	-3.528161e-04
5.001728e-01	-3.371115e-04
5.001984e-01	-3.217054e-04
5.002240e-01	-3.062513e-04
5.002496e-01	-2.903957e-04
5.002752e-01	-2.750979e-04
5.003008e-01	-2.589017e-04
5.003264e-01	-2.433186e-04
5.003520e-01	-2.277411e-04
5.003776e-01	-2.113518e-04
5.004032e-01	-1.956063e-04
5.004288e-01	-1.797655e-04
5.004544e-01	-1.633616e-04
5.004800e-01	-1.472739e-04
5.005056e-01	-1.311862e-04
5.005312e-01	-1.151112e-04
5.005568e-01	-9.898457e-05
5.005824e-01	-8.274059e-05
5.006080e-01	-6.663269e-05
5.006336e-01	-5.046834e-05
5.006592e-01	-3.411222e-05
5.006848e-01	-1.796153e-05
5.007104e-01	-1.649325e-06
5.007360e-01	1.468973e-05
5.007616e-01	3.059802e-05
5.007872e-01	4.669682e-05
5.008128e-01	6.323204e-05
5.008384e-01	7.874343e-05
5.008640e-01	9.542709e-05
5.008896e-01	1.112778e-04
5.009152e-01	1.272098e-04
5.009408e-01	1.434703e-04
5.009664e-01	1.589030e-04
5.009920e-01	1.749724e-04
5.010176e-01	1.909457e-04
5.010432e-01	2.068760e-04
5.010688e-01	2.226545e-04
5.010944e-01	2.381095e-04
5.011200e-01	2.536265e-04
5.011456e-01	2.694729e-04
5.011712e-01	2.847008e-04
5.011968e-01	2.997788e-04
5.012224e-01	3.153587e-04
5.012480e-01	3.301641e-04
5.012736e-01	3.457074e-04
5.012992e-01	3.603381e-04
5.013248e-01	3.757394e-04
5.013504e-01	3.903437e-04
5.013760e-01	4.052353e-04
5.014016e-01	4.198510e-04
5.014272e-01	4.337638e-04
5.014528e-01	4.487045e-04
5.014784e-01	4.628862e-04
5.015040e-01	4.769085e-04
5.015296e-01	4.909053e-04
5.015552e-01	5.051431e-04
5.015808e-01	5.186042e-04
5.016064e-01	5.320783e-04
5.016320e-01	5.459794e-04
5.016576e-01	5.589158e-04
5.016832e-01	5.722810e-04
5.017088e-01	5.851863e-04
5.017344e-01	5.984565e-04
5.017600e-01	6.111204e-04
5.017856e-01	6.235742e-04
5.018112e-01	6.359791e-04
5.018368e-01	6.484021e-04
5.018624e-01	6.602974e-04
5.018880e-01	6.722470e-04
5.019136e-01	6.841364e-04
5.019392e-01	6.954705e-04
5.019648e-01	7.074790e-04
5.019904e-01	7.183194e-04
5.020160e-01	7.292561e-04
5.020416e-01	7.405594e-04
5.020672e-01	7.510743e-04
5.020928e-01	7.619908e-04
5.021184e-01	7.716670e-04
5.021440e-01	7.822446e-04
5.021696e-01	7.918538e-04
5.021952e-01	8.016080e-04
5.022208e-01	8.111756e-04
5.022464e-01	8.205838e-04
5.022720e-01	8.297827e-04
5.022976e-01	8.379648e-04
5.023232e-01	8.473807e-04
5.023488e-01	8.556900e-04
5.023744e-01	8.633639e-04
5.024000e-01	8.717726e-04
5.024256e-01	8.797699e-04
5.024512e-01	8.871648e-04
5.024768e-01	8.945509e-04
5.025024e-01	9.020244e-04
5.025280e-01	9.086006e-04
5.025536e-01	9.154991e-04
5.025792e-01	9.217756e-04
5.026048e-01	9.280462e-04
5.026304e-01	9.341147e-04
5.026560e-01	9.400930e-04
5.026816e-01	9.454492e-04
5.027072e-01	9.506695e-04
5.027328e-01	9.558966e-04
5.027584e-01	9.603284e-04
5.027840e-01	9.651348e-04
5.028096e-01	9.697984e-04
5.028352e-01	9.736707e-04
5.028608e-01	9.774918e-04
5.028864e-01	9.808763e-04
5.029120e-01	9.843904e-04
5.029376e-01	9.872471e-04
5.029632e-01	9.905809e-04
5.029888e-01	9.935325e-04
5.030144e-01	9.954963e-04
5.030400e-01	9.976528e-04
5.030656e-01	9.997418e-04
5.030912e-01	1.001239e-03
5.031168e-01	1.002747e-03
5.031424e-01	1.003922e-03
5.031680e-01	1.004716e-03
5.031936e-01	1.005322e-03
5.032192e-01	1.005760e-03
5.032448e-01	1.005628e-03
5.032704e-01	1.005844e-03
5.032960e-01	1.005507e-03
5.033216e-01	1.004867e-03
5.033472e-01	1.004210e-03
5.033728e-01	1.003011e-03
5.033984e-01	1.001671e-03
5.034240e-01	1.000592e-03
5.034496e-01	9.985542e-04
5.034752e-01	9.964964e-04
5.035008e-01	9.939335e-04
5.035264e-01	9.917829e-04
5.035520e-01	9.889230e-04
5.035776e-01	9.857521e-04
5.036032e-01	9.827482e-04
5.036288e-01	9.789979e-04
5.036544e-01	9.750866e-04
5.036800e-01	9.712345e-04
5.037056e-01	9.666621e-04
5.037312e-01	9.620264e-04
5.037568e-01	9.574510e-04
5.037824e-01	9.520135e-04
5.038080e-01	9.473028e-04
5.038336e-01	9.419339e-04
5.038592e-01	9.358292e-04
5.038848e-01	9.299852e-04
5.039104e-01	9.238307e-04
5.039360e-01	9.172739e-04
5.039616e-01	9.104897e-04
5.039872e-01	9.040058e-04
5.040128e-01	8.964841e-04
5.040384e-01	8.894608e-04
5.040640e-01	8.813529e-04
5.040896e-01	8.737615e-04
5.041152e-01	8.658923e-04
5.041408e-01	8.575538e-04
5.041664e-01	8.491814e-04
5.041920e-01	8.401552e-04
5.042176e-01	8.314085e-04
5.042432e-01	8.222048e-04
5.042688e-01	8.125002e-04
5.042944e-01	8.031428e-04
5.043200e-01	7.933197e-04
5.043456e-01	7.836041e-04
5.043712e-01	7.729826e-04
5.043968e-01	7.623556e-04
5.044224e-01	7.518873e-04
5.044480e-01	7.411287e-04
5.044736e-01	7.303781e-04
5.044992e-01	7.189469e-04
5.045248e-01	7.076787e-04
5.045504e-01	6.956233e-04
5.045760e-01	6.838671e-04
5.046016e-01	6.725162e-04
5.046272e-01	6.596066e-04
5.046528e-01	6.478152e-04
5.046784e-01	6.348310e-04
5.047040e-01	6.221866e-04
5.047296e-01	6.094110e-04
5.047552e-01	5.958847e-04
5.047808e-01	5.835262e-04
5.048064e-01	5.697463e-04
5.048320e-01	5.564053e-04
5.048576e-01	5.430738e-04
5.048832e-01	5.285235e-04
5.049088e-01	5.150578e-04
5.049344e-01	5.006188e-04
5.049600e-01	4.868015e-04
5.049856e-01	4.722408e-04
5.050112e-01	4.574771e-04
5.050368e-01	4.428796e-04
5.050624e-01	4.280265e-04
5.050880e-01	4.134432e-04
5.051136e-01	3.979983e-04
5.051392e-01	3.832070e-04
5.051648e-01	3.677946e-04
5.051904e-01	3.526158e-04
5.052160e-01	3.371744e-04
5.052416e-01	3.210987e-04
5.052672e-01	3.059442e-04
5.052928e-01	2.900186e-04
5.053184e-01	2.745047e-04
5.053440e-01	2.579546e-04
5.053696e-01	2.421937e-04
5.053952e-01	2.262532e-04
5.054208e-01	2.100945e-04
5.054464e-01	1.939954e-04
5.054720e-01	1.774796e-04
5.054976e-01	1.610918e-04
5.055232e-01	1.447745e-04
5.055488e-01	1.283057e-04
5.055744e-01	1.117464e-04
5.056000e-01	9.521930e-05
5.056256e-01	7.882778e-05
5.056512e-01	6.207253e-05
5.056768e-01	4.562007e-05
5.057024e-01	2.886801e-05
5.057280e-01	1.232694e-05
5.057536e-01	-4.470051e-06
5.057792e-01	-2.114073e-05
5.058048e-01	-3.753722e-05
5.058304e-01	-5.445934e-05
5.058560e-01	-7.113623e-05
5.058816e-01	-8.786758e-05
5.059072e-01	-1.043783e-04
5.059328e-01	-1.210276e-04
5.059584e-01	-1.379906e-04
5.059840e-01	-1.541578e-04
5.060096e-01	-1.709313e-04
5.060352e-01	-1.876270e-04
5.060608e-01	-2.038064e-04
5.060864e-01	-2.201394e-04
5.061120e-01	-2.368094e-04
5.061376e-01	-2.528190e-04
5.061632e-01	-2.692665e-04
5.061888e-01	-2.857622e-04
5.062144e-01	-3.016245e-04
5.062400e-01	-3.178857e-04
5.062656e-01	-3.340086e-04
5.062912e-01	-3.494285e-04
5.063168e-01	-3.654871e-04
5.063424e-01	-3.809714e-04
5.063680e-01	-3.969388e-04
5.063936e-01	-4.122942e-04
5.064192e-01	-4.278515e-04
5.064448e-01	-4.432735e-04
5.064704e-01	-4.583526e-04
5.064960e-01	-4.734129e-04
5.065216e-01	-4.885079e-04
5.065472e-01	-5.033695e-04
5.065728e-01	-5.177159e-04
5.065984e-01	-5.327460e-04
5.066240e-01	-5.466490e-04
5.066496e-01	-5.613984e-04
5.066752e-01	-5.757569e-04
5.067008e-01	-5.893474e-04
5.067264e-01	-6.041740e-04
5.067520e-01	-6.172708e-04
5.067776e-01	-6.303855e-04
5.068032e-01	-6.441463e-04
5.068288e-01	-6.574662e-04
5.068544e-01	-6.697665e-04
5.068800e-01	-6.829051e-04
5.069056e-01	-6.959088e-04
5.069312e-01	-7.083846e-04
5.069568e-01	-7.204114e-04
5.069824e-01	-7.328567e-04
5.070080e-01	-7.443060e-04
5.070336e-01	-7.562225e-04
5.070592e-01	-7.678504e-04
5.070848e-01	-7.787499e-04
5.071104e-01	-7.899445e-04
5.071360e-01	-8.008749e-04
5.071616e-01	-8.118682e-04
5.071872e-01	-8.221001e-04
5.072128e-01	-8.323092e-04
5.072384e-01	-8.423069e-04
5.072640e-01	-8.520952e-04
5.072896e-01	-8.615148e-04
5.073152e-01	-8.707668e-04
5.073408e-01	-8.797321e-04
5.073664e-01	-8.886139e-04
5.073920e-01	-8.975644e-04
5.074176e-01	-9.055160e-04
5.074432e-01	-9.139603e-04
5.074688e-01	-9.219467e-04
5.074944e-01	-9.294516e-04
5.075200e-01	-9.363574e-04
5.075456e-01	-9.435975e-04
5.075712e-01	-9.504905e-04
5.075968e-01	-9.572231e-04
5.076224e-01	-9.633218e-04
5.076480e-01	-9.691924e-04
5.076736e-01	-9.750731e-04
5.076992e-01	-9.808530e-04
5.077248e-01	-9.859639e-04
5.077504e-01	-9.905054e-04
5.077760e-01	-9.954285e-04
5.078016e-01	-1.000331e-03
5.078272e-01	-1.004216e-03
5.078528e-01	-1.007995e-03
5.078784e-01	-1.011588e-03
5.079040e-01	-1.014757e-03
5.079296e-01	-1.017941e-03
5.079552e-01	-1.020852e-03
5.079808e-01	-1.022969e-03
5.080064e-01	-1.025255e-03
5.080320e-01	-1.027033e-03
5.080576e-01	-1.028727e-03
5.080832e-01	-1.030013e-03
5.081088e-01	-1.031679e-03
5.081344e-01	-1.032658e-03
5.081600e-01	-1.032770e-03
5.081856e-01	-1.033169e-03
5.082112e-01	-1.033061e-03
5.082368e-01	-1.032727e-03
5.082624e-01	-1.032136e-03
5.082880e-01	-1.031615e-03
5.083136e-01	-1.030116e-03
5.083392e-01	-1.028517e-03
5.083648e-01	-1.027260e-03
5.083904e-01	-1.025122e-03
5.084160e-01	-1.023332e-03
5.084416e-01	-1.019806e-03
5.084672e-01	-1.017531e-03
5.084928e-01	-1.014377e-03
5.085184e-01	-1.011161e-03
5.085440e-01	-1.007968e-03
5.085696e-01	-1.003651e-03
5.085952e-01	-1.000144e-03
5.086208e-01	-9.951710e-04
5.086464e-01	-9.905148e-04
5.086720e-01	-9.857038e-04
5.086976e-01	-9.805342e-04
5.087232e-01	-9.753053e-04
5.087488e-01	-9.694163e-04
5.087744e-01	-9.635470e-04
5.088000e-01	-9.567534e-04
5.088256e-01	-9.506743e-04
5.088512e-01	-9.438348e-04
5.088768e-01	-9.371331e-04
5.089024e-01	-9.300946e-04
5.089280e-01	-9.228002e-04
5.089536e-01	-9.151774e-04
5.089792e-01	-9.069400e-04
5.090048e-01	-8.989296e-04
5.090304e-01	-8.904493e-04
5.090560e-01	-8.818352e-04
5.090816e-01	-8.732873e-04
5.091072e-01	-8.639904e-04
5.091328e-01	-8.548389e-04
5.091584e-01	-8.454318e-04
5.091840e-01	-8.358347e-04
5.092096e-01	-8.253614e-04
5.092352e-01	-8.154205e-04
5.092608e-01	-8.050945e-04
5.092864e-01	-7.945809e-04
5.093120e-01	-7.840681e-04
5.093376e-01	-7.730064e-04
5.093632e-01	-7.622504e-04
5.093888e-01	-7.507291e-04
5.094144e-01	-7.393074e-04
5.094400e-01	-7.273440e-04
5.094656e-01	-7.152801e-04
5.094912e-01	-7.037022e-04
5.095168e-01	-6.910181e-04
5.095424e-01	-6.788180e-04
5.095680e-01	-6.660282e-04
5.095936e-01	-6.535600e-04
5.096192e-01	-6.406902e-04
5.096448e-01	-6.275415e-04
5.096704e-01	-6.144023e-04
5.096960e-01	-6.007274e-04
5.097216e-01	-5.870832e-04
5.097472e-01	-5.739043e-04
5.097728e-01	-5.599423e-04
5.097984e-01	-5.459840e-04
5.098240e-01	-5.322417e-04
5.098496e-01	-5.177295e-04
5.098752e-01	-5.036088e-04
5.099008e-01	-4.891091e-04
5.099264e-01	-4.742991e-04
5.099520e-01	-4.597604e-04
5.099776e-01	-4.448070e-04
5.100032e-01	-4.302521e-04
5.100288e-01	-4.151741e-04
5.100544e-01	-4.003252e-04
5.100800e-01	-3.849795e-04
5.101056e-01	-3.695555e-04
5.101312e-01	-3.541097e-04
5.101568e-01	-3.391390e-04
5.101824e-01	-3.231946e-04
5.102080e-01	-3.078340e-04
5.102336e-01	-2.924316e-04
5.102592e-01	-2.762091e-04
5.102848e-01	-2.607928e-04
5.103104e-01	-2.448721e-04
5.103360e-01	-2.291710e-04
5.103616e-01	-2.128074e-04
5.103872e-01	-1.970824e-04
5.104128e-01	-1.813479e-04
5.104384e-01	-1.648888e-04
5.104640e-01	-1.489546e-04
5.104896e-01	-1.325897e-04
5.105152e-01	-1.168318e-04
5.105408e-01	-1.002677e-04
5.105664e-01	-8.427204e-05
5.105920e-01	-6.794733e-05
5.106176e-01	-5.200173e-05
5.106432e-01	-3.551928e-05
5.106688e-01	-1.955403e-05
5.106944e-01	-3.191437e-06
5.107200e-01	1.345689e-05
5.107456e-01	2.870530e-05
5.107712e-01	4.562306e-05
5.107968e-01	6.167599e-05
5.108224e-01	7.741551e-05
5.108480e-01	9.424781e-05
5.108736e-01	1.097326e-04
5.108992e-01	1.257446e-04
5.109248e-01	1.417467e-04
5.109504e-01	1.577414e-04
5.109760e-01	1.731616e-04
5.110016e-01	1.892714e-04
5.110272e-01	2.053810e-04
5.110528e-01	2.209982e-04
5.110784e-01	2.366985e-04
5.111040e-01	2.522419e-04
5.111296e-01	2.674335e-04
5.111552e-01	2.828631e-04
5.111808e-01	2.985972e-04
5.112064e-01	3.137051e-04
5.112320e-01	3.293238e-04
5.112576e-01	3.445954e-04
5.112832e-01	3.591941e-04
5.113088e-01	3.739703e-04
5.113344e-01	3.888447e-04
5.113600e-01	4.039374e-04
5.113856e-01	4.181775e-04
5.114112e-01	4.326725e-04
5.114368e-01	4.470913e-04
5.114624e-01	4.616300e-04
5.114880e-01	4.754246e-04
5.115136e-01	4.894448e-04
5.115392e-01	5.033862e-04
5.115648e-01	5.173758e-04
5.115904e-01	5.310957e-04
5.116160e-01	5.439823e-04
5.116416e-01	5.575864e-04
5.116672e-01	5.710350e-04
5.116928e-01	5.838351e-04
5.117184e-01	5.969887e-04
5.117440e-01	6.098279e-04
5.117696e-01	6.223187e-04
5.117952e-01	6.346524e-04
5.118208e-01	6.475406e-04
5.118464e-01	6.592922e-04
5.118720e-01	6.708961e-04
5.118976e-01	6.832179e-04
5.119232e-01	6.948634e-04
5.119488e-01	7.060596e-04
5.119744e-01	7.174532e-04
5.120000e-01	7.283734e-04
5.120256e-01	7.391358e-04
5.120512e-01	7.500598e-04
5.120768e-01	7.605480e-04
5.121024e-01	7.708741e-04
5.121280e-01	7.812306e-04
5.121536e-01	7.908735e-04
5.121792e-01	8.010094e-04
5.122048e-01	8.100813e-04
5.122304e-01	8.193277e-04
5.122560e-01	8.286281e-04
5.122816e-01	8.372183e-04
5.123072e-01	8.464307e-04
5.123328e-01	8.549799e-04
5.123584e-01	8.627442e-04
5.123840e-01	8.712082e-04
5.124096e-01	8.786977e-04
5.124352e-01	8.864054e-04
5.124608e-01	8.941006e-04
5.124864e-01	9.009587e-04
5.125120e-01	9.076647e-04
5.125376e-01	9.146680e-04
5.125632e-01	9.213742e-04
5.125888e-01	9.275216e-04
5.126144e-01	9.335082e-04
5.126400e-01	9.390952e-04
5.126656e-01	9.449417e-04
5.126912e-01	9.504479e-04
5.127168e-01	9.551558e-04
5.127424e-01	9.607486e-04
5.127680e-01	9.644320e-04
5.127936e-01	9.690251e-04
5.128192e-01	9.732702e-04
5.128448e-01	9.770924e-04
5.128704e-01	9.808993e-04
5.128960e-01	9.837650e-04
5.129216e-01	9.874892e-04
5.129472e-01	9.900652e-04
5.129728e-01	9.929925e-04
5.129984e-01	9.952679e-04
5.130240e-01	9.973935e-04
5.130496e-01	9.997040e-04
5.130752e-01	1.000687e-03
5.131008e-01	1.002275e-03
5.131264e-01	1.003691e-03
5.131520e-01	1.004504e-03
5.131776e-01	1.004919e-03
5.132032e-01	1.005942e-03
5.132288e-01	1.005676e-03
5.132544e-01	1.005857e-03
5.132800e-01	1.005713e-03
5.133056e-01	1.005116e-03
5.133312e-01	1.004516e-03
5.133568e-01	1.003421e-03
5.133824e-01	1.002060e-03
5.134080e-01	1.000252e-03
5.134336e-01	9.989867e-04
5.134592e-01	9.967707e-04
5.134848e-01	9.944317e-04
5.135104e-01	9.921980e-04
5.135360e-01	9.891537e-04
5.135616e-01	9.864324e-04
5.135872e-01	9.826561e-04
5.136128e-01	9.793198e-04
5.136384e-01	9.758013e-04
5.136640e-01	9.714520e-04
5.136896e-01	9.673495e-04
5.137152e-01	9.626800e-04
5.137408e-01	9.579610e-04
5.137664e-01	9.533192e-04
5.137920e-01	9.478125e-04
5.138176e-01	9.425260e-04
5.138432e-01	9.362353e-04
5.138688e-01	9.308507e-04
5.138944e-01	9.247456e-04
5.139200e-01	9.181718e-04
5.139456e-01	9.115302e-04
5.139712e-01	9.044882e-04
5.139968e-01	8.976837e-04
5.140224e-01	8.903570e-04
5.140480e-01	8.826372e-04
5.140736e-01	8.749415e-04
5.140992e-01	8.671400e-04
5.141248e-01	8.583902e-04
5.141504e-01	8.499410e-04
5.141760e-01	8.414664e-04
5.142016e-01	8.320650e-04
5.142272e-01	8.230036e-04
5.142528e-01	8.137550e-04
5.142784e-01	8.045741e-04
5.143040e-01	7.946044e-04
5.143296e-01	7.847781e-04
5.143552e-01	7.741686e-04
5.143808e-01	7.639483e-04
5.144064e-01	7.533825e-04
5.144320e-01	7.423533e-04
5.144576e-01	7.312552e-04
5.144832e-01	7.202940e-04
5.145088e-01	7.089161e-04
5.145344e-01	6.968965e-04
5.145600e-01	6.856978e-04
5.145856e-01	6.734508e-04
5.146112e-01	6.612300e-04
5.146368e-01	6.490265e-04
5.146624e-01	6.363629e-04
5.146880e-01	6.233428e-04
5.147136e-01	6.108888e-04
5.147392e-01	5.981057e-04
5.147648e-01	5.840585e-04
5.147904e-01	5.714581e-04
5.148160e-01	5.579043e-04
5.148416e-01	5.441351e-04
5.148672e-01	5.302997e-04
5.148928e-01	5.166317e-04
5.149184e-01	5.022757e-04
5.149440e-01	4.882188e-04
5.149696e-01	4.738790e-04
5.149952e-01	4.590827e-04
5.150208e-01	4.444167e-04
5.150464e-01	4.294001e-04
5.150720e-01	4.145702e-04
5.150976e-01	3.998734e-04
5.151232e-01	3.844016e-04
5.151488e-01	3.693054e-04
5.151744e-01	3.539110e-04
5.152000e-01	3.383851e-04
5.152256e-01	3.227866e-04
5.152512e-01	3.069696e-04
5.152768e-01	2.916490e-04
5.153024e-01	2.759098e-04
5.153280e-01	2.598811e-04
5.153536e-01	2.438504e-04
5.153792e-01	2.275544e-04
5.154048e-01	2.115374e-04
5.154304e-01	1.956585e-04
5.154560e-01	1.792678e-04
5.154816e-01	1.629031e-04
5.155072e-01	1.466240e-04
5.155328e-01	1.300144e-04
5.155584e-01	1.137338e-04
5.155840e-01	9.693596e-05
5.156096e-01	8.069215e-05
5.156352e-01	6.398687e-05
5.156608e-01	4.734866e-05
5.156864e-01	3.044624e-05
5.157120e-01	1.433109e-05
5.157376e-01	-2.608416e-06
5.157632e-01	-1.925185e-05
5.157888e-01	-3.572932e-05
5.158144e-01	-5.296319e-05
5.158400e-01	-6.915360e-05
5.158656e-01	-8.624623e-05
5.158912e-01	-1.028113e-04
5.159168e-01	-1.192546e-04
5.159424e-01	-1.363060e-04
5.159680e-01	-1.528144e-04
5.159936e-01	-1.694437e-04
5.160192e-01	-1.857144e-04
5.160448e-01	-2.022584e-04
5.160704e-01	-2.185824e-04
5.160960e-01	-2.354073e-04
5.161216e-01	-2.513448e-04
5.161472e-01	-2.679949e-04
5.161728e-01	-2.840783e-04
5.161984e-01	-2.996862e-04
5.162240e-01	-3.166986e-04
5.162496e-01	-3.321214e-04
5.162752e-01	-3.481876e-04
5.163008e-01	-3.643842e-04
5.163264e-01	-3.793574e-04
5.163520e-01	-3.956338e-04
5.163776e-01	-4.106254e-04
5.164032e-01	-4.261423e-04
5.164288e-01	-4.416431e-04
5.164544e-01	-4.567441e-04
5.164800e-01	-4.722223e-04
5.165056e-01	-4.871878e-04
5.165312e-01	-5.020904e-04
5.165568e-01	-5.168532e-04
5.165824e-01	-5.311003e-04
5.166080e-01	-5.456720e-04
5.166336e-01	-5.602358e-04
5.166592e-01	-5.741369e-04
5.166848e-01	-5.879688e-04
5.167104e-01	-6.022008e-04
5.167360e-01	-6.157176e-04
5.167616e-01	-6.290477e-04
5.167872e-01	-6.425932e-04
5.168128e-01	-6.558965e-04
5.168384e-01	-6.689210e-04
5.168640e-01	-6.819388e-04
5.168896e-01	-6.942149e-04
5.169152e-01	-7.069559e-04
5.169408e-01	-7.191992e-04
5.169664e-01	-7.313808e-04
5.169920e-01	-7.436176e-04
5.170176e-01	-7.551733e-04
5.170432e-01	-7.667289e-04
5.170688e-01	-7.778758e-04
5.170944e-01	-7.893283e-04
5.171200e-01	-8.000988e-04
5.171456e-01	-8.102645e-04
5.171712e-01	-8.213854e-04
5.171968e-01	-8.311407e-04
5.172224e-01	-8.417043e-04
5.172480e-01	-8.514606e-04
5.172736e-01	-8.604425e-04
5.172992e-01	-8.699897e-04
5.173248e-01	-8.791122e-04
5.173504e-01	-8.881516e-04
5.173760e-01	-8.967227e-04
5.174016e-01	-9.051652e-04
5.174272e-01	-9.135096e-04
5.174528e-01	-9.209152e-04
5.174784e-01	-9.283483e-04
5.175040e-01	-9.361751e-04
5.175296e-01	-9.434733e-04
5.175552e-01	-9.498502e-04
5.175808e-01	-9.568470e-04
5.176064e-01	-9.627513e-04
5.176320e-01	-9.686911e-04
5.176576e-01	-9.751188e-04
5.176832e-01	-9.799714e-04
5.177088e-01	-9.854954e-04
5.177344e-01	-9.905651e-04
5.177600e-01	-9.952262e-04
5.177856e-01	-9.996205e-04
5.178112e-01	-1.003136e-03
5.178368e-01	-1.007696e-03
5.178624e-01	-1.011039e-03
5.178880e-01	-1.014895e-03
5.179136e-01	-1.017650e-03
5.179392e-01	-1.020402e-03
5.179648e-01	-1.023080e-03
5.179904e-01	-1.025227e-03
5.180160e-01	-1.027289e-03
5.180416e-01	-1.028544e-03
5.180672e-01	-1.030403e-03
5.180928e-01	-1.031577e-03
5.181184e-01	-1.032557e-03
5.181440e-01	-1.032867e-03
5.181696e-01	-1.033134e-03
5.181952e-01	-1.033335e-03
5.182208e-01	-1.032686e-03
5.182464e-01	-1.032446e-03
5.182720e-01	-1.031005e-03
5.182976e-01	-1.030510e-03
5.183232e-01	-1.028917e-03
5.183488e-01	-1.027118e-03
5.183744e-01	-1.025556e-03
5.184000e-01	-1.023186e-03
5.184256e-01	-1.020773e-03
5.184512e-01	-1.017767e-03
5.184768e-01	-1.015056e-03
5.185024e-01	-1.011770e-03
5.185280e-01	-1.007766e-03
5.185536e-01	-1.004177e-03
5.185792e-01	-9.999044e-04
5.186048e-01	-9.955454e-04
5.186304e-01	-9.908924e-04
5.186560e-01	-9.862271e-04
5.186816e-01	-9.811448e-04
5.187072e-01	-9.753567e-04
5.187328e-01	-9.700297e-04
5.187584e-01	-9.642216e-04
5.187840e-01	-9.576696e-04
5.188096e-01	-9.515478e-04
5.188352e-01	-9.446592e-04
5.188608e-01	-9.380233e-04
5.188864e-01	-9.309248e-04
5.189120e-01	-9.237166e-04
5.189376e-01	-9.158890e-04
5.189632e-01	-9.081209e-04
5.189888e-01	-9.000177e-04
5.190144e-01	-8.914325e-04
5.190400e-01	-8.832788e-04
5.190656e-01	-8.741511e-04
5.190912e-01	-8.650340e-04
5.191168e-01	-8.559449e-04
5.191424e-01	-8.460041e-04
5.191680e-01	-8.365164e-04
5.191936e-01	-8.268905e-04
5.192192e-01	-8.165282e-04
5.192448e-01	-8.062119e-04
5.192704e-01	-7.961235e-04
5.192960e-01	-7.847461e-04
5.193216e-01	-7.743574e-04
5.193472e-01	-7.634066e-04
5.193728e-01	-7.518252e-04
5.193984e-01	-7.405254e-04
5.194240e-01	-7.287213e-04
5.194496e-01	-7.166788e-04
5.194752e-01	-7.046930e-04
5.195008e-01	-6.924362e-04
5.195264e-01	-6.802551e-04
5.195520e-01	-6.674386e-04
5.195776e-01	-6.546629e-04
5.196032e-01	-6.421404e-04
5.196288e-01	-6.288919e-04
5.196544e-01	-6.157346e-04
5.196800e-01	-6.021829e-04
5.197056e-01	-5.889630e-04
5.197312e-01	-5.750863e-04
5.197568e-01	-5.612614e-04
5.197824e-01	-5.477180e-04
5.198080e-01	-5.332638e-04
5.198336e-01	-5.195047e-04
5.198592e-01	-5.044527e-04
5.198848e-01	-4.906911e-04
5.199104e-01	-4.760038e-04
5.199360e-01	-4.608232e-04
5.199616e-01	-4.464976e-04
5.199872e-01	-4.309877e-04
5.200128e-01	-4.164421e-04
5.200384e-01	-4.017003e-04
5.200640e-01	-3.860804e-04
5.200896e-01	-3.711038e-04
5.201152e-01	-3.555174e-04
5.201408e-01	-3.404668e-04
5.201664e-01	-3.247175e-04
5.201920e-01	-3.091388e-04
5.202176e-01	-2.937684e-04
5.202432e-01	-2.775489e-04
5.202688e-01	-2.620202e-04
5.202944e-01	-2.462782e-04
5.203200e-01	-2.303093e-04
5.203456e-01	-2.149052e-04
5.203712e-01	-1.984067e-04
5.203968e-01	-1.827000e-04
5.204224e-01	-1.665649e-04
5.204480e-01	-1.499463e-04
5.204736e-01	-1.341955e-04
5.204992e-01	-1.180555e-04
5.205248e-01	-1.018990e-04
5.205504e-01	-8.582688e-05
5.205760e-01	-6.946299e-05
5.206016e-01	-5.328811e-05
5.206272e-01	-3.697939e-05
5.206528e-01	-2.081386e-05
5.206784e-01	-4.477446e-06
5.207040e-01	1.135637e-05
5.207296e-01	2.781676e-05
5.207552e-01	4.369858e-05
5.207808e-01	5.974384e-05
5.208064e-01	7.659510e-05
5.208320e-01	9.203859e-05
5.208576e-01	1.080708e-04
5.208832e-01	1.245872e-04
5.209088e-01	1.400569e-04
5.209344e-01	1.563336e-04
5.209600e-01	1.723916e-04
5.209856e-01	1.877531e-04
5.210112e-01	2.036306e-04
5.210368e-01	2.197552e-04
5.210624e-01	2.351301e-04
5.210880e-01	2.510117e-04
5.211136e-01	2.664228e-04
5.211392e-01	2.818443e-04
5.211648e-01	2.972233e-04
5.211904e-01	3.124679e-04
5.212160e-01	3.276790e-04
5.212416e-01	3.429275e-04
5.212672e-01	3.575752e-04
5.212928e-01	3.725205e-04
5.213184e-01	3.875080e-04
5.213440e-01	4.024894e-04
5.213696e-01	4.171204e-04
5.213952e-01	4.313526e-04
5.214208e-01	4.460009e-04
5.214464e-01	4.596601e-04
5.214720e-01	4.741109e-04
5.214976e-01	4.885172e-04
5.215232e-01	5.018578e-04
5.215488e-01	5.159463e-04
5.215744e-01	5.292004e-04
5.216000e-01	5.432820e-04
5.216256e-01	5.565215e-04
5.216512e-01	5.695393e-04
5.216768e-01	5.829118e-04
5.217024e-01	5.956782e-04
5.217280e-01	6.085765e-04
5.217536e-01	6.209710e-04
5.217792e-01	6.336577e-04
5.218048e-01	6.460952e-04
5.218304e-01	6.581050e-04
5.218560e-01	6.706783e-04
5.218816e-01	6.816887e-04
5.219072e-01	6.935048e-04
5.219328e-01	7.050852e-04
5.219584e-01	7.162463e-04
5.219840e-01	7.275541e-04
5.220096e-01	7.386053e-04
5.220352e-01	7.490772e-04
5.220608e-01	7.596549e-04
5.220864e-01	7.700231e-04
5.221120e-01	7.803012e-04
5.221376e-01	7.902347e-04
5.221632e-01	7.995323e-04
5.221888e-01	8.092870e-04
5.222144e-01	8.183658e-04
5.222400e-01	8.277777e-04
5.222656e-01	8.369216e-04
5.222912e-01	8.453429e-04
5.223168e-01	8.540067e-04
5.223424e-01	8.623016e-04
5.223680e-01	8.703679e-04
5.223936e-01	8.778954e-04
5.224192e-01	8.860706e-04
5.224448e-01	8.933024e-04
5.224704e-01	9.006896e-04
5.224960e-01	9.075648e-04
5.225216e-01	9.139500e-04
5.225472e-01	9.209091e-04
5.225728e-01	9.270575e-04
5.225984e-01	9.330336e-04
5.226240e-01	9.387319e-04
5.226496e-01	9.443469e-04
5.226752e-01	9.500300e-04
5.227008e-01	9.552082e-04
5.227264e-01	9.598601e-04
5.227520e-01	9.642745e-04
5.227776e-01	9.690998e-04
5.228032e-01	9.729597e-04
5.228288e-01	9.772035e-04
5.228544e-01	9.801181e-04
5.228800e-01	9.838269e-04
5.229056e-01	9.869386e-04
5.229312e-01	9.896019e-04
5.229568e-01	9.929684e-04
5.229824e-01	9.949324e-04
5.230080e-01	9.972291e-04
5.230336e-01	9.993811e-04
5.230592e-01	1.001455e-03
5.230848e-01	1.002351e-03
5.231104e-01	1.003480e-03
5.231360e-01	1.004998e-03
5.231616e-01	1.005287e-03
5.231872e-01	1.006119e-03
5.232128e-01	1.006050e-03
5.232384e-01	1.006533e-03
5.232640e-01	1.005959e-03
5.232896e-01	1.005289e-03
5.233152e-01	1.004421e-03
5.233408e-01	1.003450e-03
5.233664e-01	1.002278e-03
5.233920e-01	1.000415e-03
5.234176e-01	9.991830e-04
5.234432e-01	9.968178e-04
5.234688e-01	9.946856e-04
5.234944e-01	9.924622e-04
5.235200e-01	9.896746e-04
5.235456e-01	9.865160e-04
5.235712e-01	9.828912e-04
5.235968e-01	9.797639e-04
5.236224e-01	9.757478e-04
5.236480e-01	9.725111e-04
5.236736e-01	9.678738e-04
5.236992e-01	9.634015e-04
5.237248e-01	9.585476e-04
5.237504e-01	9.533880e-04
5.237760e-01	9.489206e-04
5.238016e-01	9.425834e-04
5.238272e-01	9.373784e-04
5.238528e-01	9.316485e-04
5.238784e-01	9.251980e-04
5.239040e-01	9.193840e-04
5.239296e-01	9.120727e-04
5.239552e-01	9.055018e-04
5.239808e-01	8.981794e-04
5.240064e-01	8.907173e-04
5.240320e-01	8.834031e-04
5.240576e-01	8.757377e-04
5.240832e-01	8.676368e-04
5.241088e-01	8.592253e-04
5.241344e-01	8.506769e-04
5.241600e-01	8.422020e-04
5.241856e-01	8.329892e-04
5.242112e-01	8.239473e-04
5.242368e-01	8.148071e-04
5.242624e-01	8.049969e-04
5.242880e-01	7.952228e-04
5.243136e-01	7.853388e-04
5.243392e-01	7.754009e-04
5.243648e-01	7.651233e-04
5.243904e-01	7.542505e-04
5.244160e-01	7.434891e-04
5.244416e-01	7.323204e-04
5.244672e-01	7.208101e-04
5.244928e-01	7.098708e-04
5.245184e-01	6.984752e-04
5.245440e-01	6.861463e-04
5.245696e-01	6.744592e-04
5.245952e-01	6.621534e-04
5.246208e-01	6.499201e-04
5.246464e-01	6.375369e-04
5.246720e-01	6.245858e-04
5.246976e-01	6.118788e-04
5.247232e-01	5.990029e-04
5.247488e-01	5.856536e-04
5.247744e-01	5.724051e-04
5.248000e-01	5.590746e-04
5.248256e-01	5.457150e-04
5.248512e-01	5.317001e-04
5.248768e-01	5.176859e-04
5.249024e-01	5.034661e-04
5.249280e-01	4.894395e-04
5.249536e-01	4.749321e-04
5.249792e-01	4.603664e-04
5.250048e-01	4.455211e-04
5.250304e-01	4.309583e-04
5.250560e-01	4.159986e-04
5.250816e-01	4.007200e-04
5.251072e-01	3.859616e-04
5.251328e-01	3.707263e-04
5.251584e-01	3.551274e-04
5.251840e-01	3.400387e-04
5.252096e-01	3.241216e-04
5.252352e-01	3.082537e-04
5.252608e-01	2.929016e-04
5.252864e-01	2.771517e-04
5.253120e-01	2.614495e-04
5.253376e-01	2.451104e-04
5.253632e-01	2.294038e-04
5.253888e-01	2.131948e-04
5.254144e-01	1.965102e-04
5.254400e-01	1.809830e-04
5.254656e-01	1.641201e-04
5.254912e-01	1.479421e-04
5.255168e-01	1.317046e-04
5.255424e-01	1.145748e-04
5.255680e-01	9.826015e-05
5.255936e-01	8.213860e-05
5.256192e-01	6.516778e-05
5.256448e-01	4.898349e-05
5.256704e-01	3.196640e-05
5.256960e-01	1.507123e-05
5.257216e-01	-1.187462e-06
5.257472e-01	-1.792188e-05
5.257728e-01	-3.479937e-05
5.257984e-01	-5.133652e-05
5.258240e-01	-6.768211e-05
5.258496e-01	-8.458782e-05
5.258752e-01	-1.012870e-04
5.259008e-01	-1.179562e-04
5.259264e-01	-1.348342e-04
5.259520e-01	-1.507756e-04
5.259776e-01	-1.676780e-04
5.260032e-01	-1.845903e-04
5.260288e-01	-2.011378e-04
5.260544e-01	-2.172218e-04
5.260800e-01	-2.338111e-04
5.261056e-01	-2.504633e-04
5.261312e-01	-2.661302e-04
5.261568e-01	-2.825272e-04
5.261824e-01	-2.987880e-04
5.262080e-01	-3.144260e-04
5.262336e-01	-3.309991e-04
5.262592e-01	-3.468479e-04
5.262848e-01	-3.625453e-04
5.263104e-01	-3.781834e-04
5.263360e-01	-3.936630e-04
5.263616e-01	-4.096479e-04
5.263872e-01	-4.252765e-04
5.264128e-01	-4.405793e-04
5.264384e-01	-4.558144e-04
5.264640e-01	-4.706830e-04
5.264896e-01	-4.856799e-04
5.265152e-01	-5.001219e-04
5.265408e-01	-5.153721e-04
5.265664e-01	-5.299941e-04
5.265920e-01	-5.442221e-04
5.266176e-01	-5.588029e-04
5.266432e-01	-5.727425e-04
5.266688e-01	-5.867549e-04
5.266944e-01	-6.007692e-04
5.267200e-01	-6.144975e-04
5.267456e-01	-6.279733e-04
5.267712e-01	-6.413321e-04
5.267968e-01	-6.548832e-04
5.268224e-01	-6.677162e-04
5.268480e-01	-6.810325e-04
5.268736e-01	-6.932627e-04
5.268992e-01	-7.057336e-04
5.269248e-01	-7.183329e-04
5.269504e-01	-7.302684e-04
5.269760e-01	-7.418065e-04
5.270016e-01	-7.539429e-04
5.270272e-01	-7.656277e-04
5.270528e-01	-7.767432e-04
5.270784e-01	-7.881371e-04
5.271040e-01	-7.988582e-04
5.271296e-01	-8.098324e-04
5.271552e-01	-8.198074e-04
5.271808e-01	-8.303134e-04
5.272064e-01	-8.403861e-04
5.272320e-01	-8.497230e-04
5.272576e-01	-8.600041e-04
5.272832e-01	-8.691276e-04
5.273088e-01	-8.783534e-04
5.273344e-01	-8.869661e-04
5.273600e-01	-8.960058e-04
5.273856e-01	-9.040789e-04
5.274112e-01	-9.123936e-04
5.274368e-01	-9.201972e-04
5.274624e-01	-9.276835e-04
5.274880e-01	-9.354737e-04
5.275136e-01	-9.424846e-04
5.275392e-01	-9.494349e-04
5.275648e-01	-9.558204e-04
5.275904e-01	-9.623223e-04
5.276160e-01	-9.681967e-04
5.276416e-01	-9.738147e-04
5.276672e-01	-9.798213e-04
5.276928e-01	-9.850054e-04
5.277184e-01	-9.898981e-04
5.277440e-01	-9.945065e-04
5.277696e-01	-9.996049e-04
5.277952e-01	-1.003451e-03
5.278208e-01	-1.007399e-03
5.278464e-01	-1.011300e-03
5.278720e-01	-1.014022e-03
5.278976e-01	-1.017349e-03
5.279232e-01	-1.020262e-03
5.279488e-01	-1.022414e-03
5.279744e-01	-1.024844e-03
5.280000e-01	-1.027019e-03
5.280256e-01	-1.028934e-03
5.280512e-01	-1.030293e-03
5.280768e-01	-1.031288e-03
5.281024e-01	-1.032045e-03
5.281280e-01	-1.033089e-03
5.281536e-01	-1.033197e-03
5.281792e-01	-1.033138e-03
5.282048e-01	-1.032745e-03
5.282304e-01	-1.032262e-03
5.282560e-01	-1.031799e-03
5.282816e-01	-1.030557e-03
5.283072e-01	-1.029021e-03
5.283328e-01	-1.027586e-03
5.283584e-01	-1.025311e-03
5.283840e-01	-1.023197e-03
5.284096e-01	-1.020944e-03
5.284352e-01	-1.018160e-03
5.284608e-01	-1.015244e-03
5.284864e-01	-1.011876e-03
5.285120e-01	-1.008093e-03
5.285376e-01	-1.004577e-03
5.285632e-01	-1.000686e-03
5.285888e-01	-9.961936e-04
5.286144e-01	-9.915485e-04
5.286400e-01	-9.868841e-04
5.286656e-01	-9.816624e-04
5.286912e-01	-9.766961e-04
5.287168e-01	-9.706357e-04
5.287424e-01	-9.645387e-04
5.287680e-01	-9.587993e-04
5.287936e-01	-9.520973e-04
5.288192e-01	-9.453088e-04
5.288448e-01	-9.388749e-04
5.288704e-01	-9.317299e-04
5.288960e-01	-9.241750e-04
5.289216e-01	-9.164258e-04
5.289472e-01	-9.087400e-04
5.289728e-01	-9.007127e-04
5.289984e-01	-8.926420e-04
5.290240e-01	-8.839178e-04
5.290496e-01	-8.752436e-04
5.290752e-01	-8.662163e-04
5.291008e-01	-8.568081e-04
5.291264e-01	-8.476710e-04
5.291520e-01	-8.376249e-04
5.291776e-01	-8.278547e-04
5.292032e-01	-8.177930e-04
5.292288e-01	-8.072344e-04
5.292544e-01	-7.974126e-04
5.292800e-01	-7.861168e-04
5.293056e-01	-7.755914e-04
5.293312e-01	-7.642015e-04
5.293568e-01	-7.525684e-04
5.293824e-01	-7.414141e-04
5.294080e-01	-7.296499e-04
5.294336e-01	-7.179933e-04
5.294592e-01	-7.060926e-04
5.294848e-01	-6.940422e-04
5.295104e-01	-6.814045e-04
5.295360e-01	-6.684158e-04
5.295616e-01	-6.564663e-04
5.295872e-01	-6.435076e-04
5.296128e-01	-6.298306e-04
5.296384e-01	-6.173326e-04
5.296640e-01	-6.033978e-04
5.296896e-01	-5.898354e-04
5.297152e-01	-5.769684e-04
5.297408e-01	-5.625095e-04
5.297664e-01	-5.489310e-04
5.297920e-01	-5.346982e-04
5.298176e-01	-5.209898e-04
5.298432e-01	-5.063339e-04
5.298688e-01	-4.913292e-04
5.298944e-01	-4.772335e-04
5.299200e-01	-4.625148e-04
5.299456e-01	-4.479215e-04
5.299712e-01	-4.331433e-04
5.299968e-01	-4.183760e-04
5.300224e-01	-4.029478e-04
5.300480e-01	-3.876562e-04
5.300736e-01	-3.728278e-04
5.300992e-01	-3.569607e-04
5.301248e-01	-3.417298e-04
5.301504e-01	-3.262482e-04
5.301760e-01	-3.109106e-04
5.302016e-01	-2.953472e-04
5.302272e-01	-2.794285e-04
5.302528e-01	-2.635378e-04
5.302784e-01	-2.478865e-04
5.303040e-01	-2.319093e-04
5.303296e-01	-2.161079e-04
5.303552e-01	-2.000274e-04
5.303808e-01	-1.839053e-04
5.304064e-01	-1.677940e-04
5.304320e-01	-1.517349e-04
5.304576e-01	-1.360204e-04
5.304832e-01	-1.198967e-04
5.305088e-01	-1.033193e-04
5.305344e-01	-8.741590e-05
5.305600e-01	-7.125549e-05
5.305856e-01	-5.493263e-05
5.306112e-01	-3.883677e-05
5.306368e-01	-2.241847e-05
5.306624e-01	-6.271460e-06
5.306880e-01	9.834882e-06
5.307136e-01	2.635203e-05
5.307392e-01	4.248318e-05
5.307648e-01	5.826162e-05
5.307904e-01	7.453484e-05
5.308160e-01	9.065159e-05
5.308416e-01	1.068025e-04
5.308672e-01	1.231809e-04
5.308928e-01	1.384070e-04
5.309184e-01	1.549602e-04
5.309440e-01	1.706111e-04
5.309696e-01	1.861823e-04
5.309952e-01	2.023205e-04
5.310208e-01	2.180272e-04
5.310464e-01	2.335998e-04
5.310720e-01	2.493858e-04
5.310976e-01	2.650564e-04
5.311232e-01	2.805405e-04
5.311488e-01	2.959361e-04
5.311744e-01	3.112714e-04
5.312000e-01	3.263925e-04
5.312256e-01	3.415114e-04
5.312512e-01	3.566099e-04
5.312768e-01	3.714149e-04
5.313024e-01	3.861148e-04
5.313280e-01	4.009991e-04
5.313536e-01	4.158151e-04
5.313792e-01	4.302811e-04
5.314048e-01	4.446570e-04
5.314304e-01	4.587721e-04
5.314560e-01	4.728360e-04
5.314816e-01	4.871415e-04
5.315072e-01	5.007637e-04
5.315328e-01	5.146303e-04
5.315584e-01	5.282242e-04
5.315840e-01	5.418306e-04
5.316096e-01	5.550916e-04
5.316352e-01	5.687492e-04
5.316608e-01	5.817834e-04
5.316864e-01	5.942279e-04
5.317120e-01	6.075695e-04
5.317376e-01	6.204557e-04
5.317632e-01	6.324001e-04
5.317888e-01	6.453801e-04
5.318144e-01	6.572780e-04
5.318400e-01	6.687547e-04
5.318656e-01	6.807258e-04
5.318912e-01	6.927096e-04
5.319168e-01	7.041245e-04
5.319424e-01	7.149578e-04
5.319680e-01	7.269498e-04
5.319936e-01	7.376506e-04
5.320192e-01	7.481015e-04
5.320448e-01	7.590223e-04
5.320704e-01	7.691756e-04
5.320960e-01	7.794458e-04
5.321216e-01	7.889516e-04
5.321472e-01	7.991490e-04
5.321728e-01	8.082144e-04
5.321984e-01	8.178530e-04
5.322240e-01	8.272504e-04
5.322496e-01	8.360111e-04
5.322752e-01	8.449258e-04
5.323008e-01	8.532064e-04
5.323264e-01	8.615463e-04
5.323520e-01	8.696181e-04
5.323776e-01	8.773741e-04
5.324032e-01	8.851963e-04
5.324288e-01	8.924920e-04
5.324544e-01	8.996021e-04
5.324800e-01	9.068253e-04
5.325056e-01	9.137928e-04
5.325312e-01	9.201624e-04
5.325568e-01	9.266615e-04
5.325824e-01	9.328102e-04
5.326080e-01	9.381468e-04
5.326336e-01	9.438770e-04
5.326592e-01	9.492249e-04
5.326848e-01	9.540468e-04
5.327104e-01	9.591866e-04
5.327360e-01	9.638013e-04
5.327616e-01	9.682167e-04
5.327872e-01	9.722874e-04
5.328128e-01	9.764105e-04
5.328384e-01	9.799839e-04
5.328640e-01	9.836619e-04
5.328896e-01	9.867959e-04
5.329152e-01	9.899419e-04
5.329408e-01	9.924778e-04
5.329664e-01	9.948880e-04
5.329920e-01	9.971748e-04
5.330176e-01	9.993729e-04
5.330432e-01	1.000860e-03
5.330688e-01	1.002396e-03
5.330944e-01	1.003633e-03
5.331200e-01	1.004560e-03
5.331456e-01	1.005289e-03
5.331712e-01	1.005495e-03
5.331968e-01	1.006136e-03
5.332224e-01	1.005666e-03
5.332480e-01	1.005412e-03
5.332736e-01	1.005451e-03
5.332992e-01	1.004500e-03
5.333248e-01	1.003516e-03
5.333504e-01	1.002347e-03
5.333760e-01	1.000716e-03
5.334016e-01	9.987152e-04
5.334272e-01	9.972128e-04
5.334528e-01	9.948001e-04
5.334784e-01	9.925249e-04
5.335040e-01	9.896420e-04
5.335296e-01	9.863403e-04
5.335552e-01	9.835750e-04
5.335808e-01	9.801581e-04
5.336064e-01	9.759094e-04
5.336320e-01	9.724042e-04
5.336576e-01	9.682337e-04
5.336832e-01	9.637325e-04
5.337088e-01	9.590882e-04
5.337344e-01	9.539788e-04
5.337600e-01	9.487585e-04
5.337856e-01	9.429692e-04
5.338112e-01	9.373333e-04
5.338368e-01	9.320413e-04
5.338624e-01	9.256951e-04
5.338880e-01	9.192918e-04
5.339136e-01	9.125913e-04
5.339392e-01	9.055449e-04
5.339648e-01	8.986590e-04
5.339904e-01	8.917239e-04
5.340160e-01	8.839522e-04
5.340416e-01	8.760003e-04
5.340672e-01	8.680404e-04
5.340928e-01	8.599496e-04
5.341184e-01	8.512603e-04
5.341440e-01	8.429632e-04
5.341696e-01	8.343408e-04
5.341952e-01	8.247640e-04
5.342208e-01	8.157742e-04
5.342464e-01	8.063582e-04
5.342720e-01	7.960025e-04
5.342976e-01	7.863524e-04
5.343232e-01	7.762070e-04
5.343488e-01	7.658424e-04
5.343744e-01	7.556386e-04
5.344000e-01	7.446957e-04
5.344256e-01	7.329745e-04
5.344512e-01	7.223052e-04
5.344768e-01	7.109349e-04
5.345024e-01	6.991616e-04
5.345280e-01	6.877776e-04
5.345536e-01	6.757011e-04
5.345792e-01	6.632784e-04
5.346048e-01	6.509857e-04
5.346304e-01	6.386722e-04
5.346560e-01	6.260725e-04
5.346816e-01	6.131352e-04
5.347072e-01	6.000884e-04
5.347328e-01	5.870300e-04
5.347584e-01	5.741703e-04
5.347840e-01	5.600962e-04
5.348096e-01	5.465164e-04
5.348352e-01	5.332596e-04
5.348608e-01	5.191086e-04
5.348864e-01	5.047354e-04
5.349120e-01	4.907746e-04
5.349376e-01	4.761911e-04
5.349632e-01	4.616078e-04
5.349888e-01	4.471733e-04
5.350144e-01	4.321688e-04
5.350400e-01	4.174904e-04
5.350656e-01	4.024918e-04
5.350912e-01	3.872303e-04
5.351168e-01	3.725053e-04
5.351424e-01	3.568861e-04
5.351680e-01	3.412485e-04
5.351936e-01	3.258072e-04
5.352192e-01	3.105273e-04
5.352448e-01	2.945915e-04
5.352704e-01	2.789215e-04
5.352960e-01	2.629784e-04
5.353216e-01	2.471099e-04
5.353472e-01	2.308387e-04
5.353728e-01	2.147189e-04
5.353984e-01	1.988185e-04
5.354240e-01	1.820020e-04
5.354496e-01	1.659182e-04
5.354752e-01	1.497834e-04
5.355008e-01	1.328452e-04
5.355264e-01	1.165033e-04
5.355520e-01	1.003902e-04
5.355776e-01	8.345002e-05
5.356032e-01	6.693060e-05
5.356288e-01	5.048818e-05
5.356544e-01	3.363893e-05
5.356800e-01	1.722343e-05
5.357056e-01	3.797925e-07
5.357312e-01	-1.613228e-05
5.357568e-01	-3.296555e-05
5.357824e-01	-4.949394e-05
5.358080e-01	-6.655997e-05
5.358336e-01	-8.284883e-05
5.358592e-01	-9.969748e-05
5.358848e-01	-1.165430e-04
5.359104e-01	-1.325536e-04
5.359360e-01	-1.496706e-04
5.359616e-01	-1.659533e-04
5.359872e-01	-1.822595e-04
5.360128e-01	-1.990217e-04
5.360384e-01	-2.153899e-04
5.360640e-01	-2.323247e-04
5.360896e-01	-2.482760e-04
5.361152e-01	-2.645013e-04
5.361408e-01	-2.809928e-04
5.361664e-01	-2.968185e-04
5.361920e-01	-3.129625e-04
5.362176e-01	-3.292053e-04
5.362432e-01	-3.448321e-04
5.362688e-01	-3.608828e-04
5.362944e-01	-3.766044e-04
5.363200e-01	-3.924560e-04
5.363456e-01	-4.079967e-04
5.363712e-01	-4.234003e-04
5.363968e-01	-4.385254e-04
5.364224e-01	-4.537236e-04
5.364480e-01	-4.689455e-04
5.364736e-01	-4.836780e-04
5.364992e-01	-4.988115e-04
5.365248e-01	-5.138724e-04
5.365504e-01	-5.285776e-04
5.365760e-01	-5.429498e-04
5.366016e-01	-5.570694e-04
5.366272e-01	-5.716099e-04
5.366528e-01	-5.856990e-04
5.366784e-01	-5.995329e-04
5.367040e-01	-6.131402e-04
5.367296e-01	-6.270583e-04
5.367552e-01	-6.400757e-04
5.367808e-01	-6.533856e-04
5.368064e-01	-6.663499e-04
5.368320e-01	-6.794033e-04
5.368576e-01	-6.922316e-04
5.368832e-01	-7.047011e-04
5.369088e-01	-7.170700e-04
5.369344e-01	-7.287986e-04
5.369600e-01	-7.409549e-04
5.369856e-01	-7.526829e-04
5.370112e-01	-7.647265e-04
5.370368e-01	-7.757375e-04
5.370624e-01	-7.865347e-04
5.370880e-01	-7.981099e-04
5.371136e-01	-8.085092e-04
5.371392e-01	-8.193254e-04
5.371648e-01	-8.292544e-04
5.371904e-01	-8.390524e-04
5.372160e-01	-8.490031e-04
5.372416e-01	-8.588204e-04
5.372672e-01	-8.683957e-04
5.372928e-01	-8.771138e-04
5.373184e-01	-8.858453e-04
5.373440e-01	-8.950967e-04
5.373696e-01	-9.030582e-04
5.373952e-01	-9.115544e-04
5.374208e-01	-9.196341e-04
5.374464e-01	-9.270485e-04
5.374720e-01	-9.346634e-04
5.374976e-01	-9.415798e-04
5.375232e-01	-9.484418e-04
5.375488e-01	-9.552843e-04
5.375744e-01	-9.615287e-04
5.376000e-01	-9.676922e-04
5.376256e-01	-9.736713e-04
5.376512e-01	-9.787672e-04
5.376768e-01	-9.842974e-04
5.377024e-01	-9.897985e-04
5.377280e-01	-9.941487e-04
5.377536e-01	-9.989433e-04
5.377792e-01	-1.002881e-03
5.378048e-01	-1.007122e-03
5.378304e-01	-1.010771e-03
5.378560e-01	-1.013571e-03
5.378816e-01	-1.017087e-03
5.379072e-01	-1.020071e-03
5.379328e-01	-1.022076e-03
5.379584e-01	-1.024981e-03
5.379840e-01	-1.026894e-03
5.380096e-01	-1.028389e-03
5.380352e-01	-1.030031e-03
5.380608e-01	-1.031177e-03
5.380864e-01	-1.032085e-03
5.381120e-01	-1.032426e-03
5.381376e-01	-1.032726e-03
5.381632e-01	-1.033226e-03
5.381888e-01	-1.032953e-03
5.382144e-01	-1.032481e-03
5.382400e-01	-1.031828e-03
5.382656e-01	-1.030818e-03
5.382912e-01	-1.029129e-03
5.383168e-01	-1.027564e-03
5.383424e-01	-1.025936e-03
5.383680e-01	-1.023421e-03
5.383936e-01	-1.021657e-03
5.384192e-01	-1.018857e-03
5.384448e-01	-1.015424e-03
5.384704e-01	-1.012645e-03
5.384960e-01	-1.008636e-03
5.385216e-01	-1.005066e-03
5.385472e-01	-1.000340e-03
5.385728e-01	-9.967334e-04
5.385984e-01	-9.922279e-04
5.386240e-01	-9.868281e-04
5.386496e-01	-9.825181e-04
5.386752e-01	-9.768952e-04
5.387008e-01	-9.710269e-04
5.387264e-01	-9.654980e-04
5.387520e-01	-9.594616e-04
5.387776e-01	-9.528935e-04
5.388032e-01	-9.458435e-04
5.388288e-01	-9.391801e-04
5.388544e-01	-9.323005e-04
5.388800e-01	-9.251150e-04
5.389056e-01	-9.170886e-04
5.389312e-01	-9.093407e-04
5.389568e-01	-9.013492e-04
5.389824e-01	-8.926594e-04
5.390080e-01	-8.846970e-04
5.390336e-01	-8.759455e-04
5.390592e-01	-8.669708e-04
5.390848e-01	-8.576345e-04
5.391104e-01	-8.483152e-04
5.391360e-01	-8.389853e-04
5.391616e-01	-8.284637e-04
5.391872e-01	-8.185239e-04
5.392128e-01	-8.084414e-04
5.392384e-01	-7.979120e-04
5.392640e-01	-7.871870e-04
5.392896e-01	-7.767385e-04
5.393152e-01	-7.652619e-04
5.393408e-01	-7.542241e-04
5.393664e-01	-7.426436e-04
5.393920e-01	-7.305582e-04
5.394176e-01	-7.189662e-04
5.394432e-01	-7.071188e-04
5.394688e-01	-6.947956e-04
5.394944e-01	-6.827787e-04
5.395200e-01	-6.699195e-04
5.395456e-01	-6.573485e-04
5.395712e-01	-6.447514e-04
5.395968e-01	-6.316126e-04
5.396224e-01	-6.182916e-04
5.396480e-01	-6.048211e-04
5.396736e-01	-5.914577e-04
5.396992e-01	-5.781348e-04
5.397248e-01	-5.640254e-04
5.397504e-01	-5.500790e-04
5.397760e-01	-5.364121e-04
5.398016e-01	-5.215796e-04
5.398272e-01	-5.075077e-04
5.398528e-01	-4.934001e-04
5.398784e-01	-4.783749e-04
5.399040e-01	-4.638669e-04
5.399296e-01	-4.495436e-04
5.399552e-01	-4.347620e-04
5.399808e-01	-4.192180e-04
5.400064e-01	-4.043072e-04
5.400320e-01	-3.893183e-04
5.400576e-01	-3.739820e-04
5.400832e-01	-3.583653e-04
5.401088e-01	-3.432060e-04
5.401344e-01	-3.278077e-04
5.401600e-01	-3.121778e-04
5.401856e-01	-2.966936e-04
5.402112e-01	-2.811305e-04
5.402368e-01	-2.650021e-04
5.402624e-01	-2.493470e-04
5.402880e-01	-2.335364e-04
5.403136e-01	-2.173040e-04
5.403392e-01	-2.015536e-04
5.403648e-01	-1.855596e-04
5.403904e-01	-1.694126e-04
5.404160e-01	-1.534917e-04
5.404416e-01	-1.371356e-04
5.404672e-01	-1.213940e-04
5.404928e-01	-1.052068e-04
5.405184e-01	-8.897202e-05
5.405440e-01	-7.277841e-05
5.405696e-01	-5.631282e-05
5.405952e-01	-4.024848e-05
5.406208e-01	-2.414457e-05
5.406464e-01	-8.036007e-06
5.406720e-01	8.531068e-06
5.406976e-01	2.506151e-05
5.407232e-01	4.038880e-05
5.407488e-01	5.730959e-05
5.407744e-01	7.309517e-05
5.408000e-01	8.899458e-05
5.408256e-01	1.051941e-04
5.408512e-01	1.210819e-04
5.408768e-01	1.372536e-04
5.409024e-01	1.529092e-04
5.409280e-01	1.692048e-04
5.409536e-01	1.849109e-04
5.409792e-01	2.006773e-04
5.410048e-01	2.165335e-04
5.410304e-01	2.322865e-04
5.410560e-01	2.480716e-04
5.410816e-01	2.632491e-04
5.411072e-01	2.787633e-04
5.411328e-01	2.943462e-04
5.411584e-01	3.098294e-04
5.411840e-01	3.249650e-04
5.412096e-01	3.398976e-04
5.412352e-01	3.552609e-04
5.412608e-01	3.697775e-04
5.412864e-01	3.848399e-04
5.413120e-01	4.000207e-04
5.413376e-01	4.138258e-04
5.413632e-01	4.291793e-04
5.413888e-01	4.429398e-04
5.414144e-01	4.574278e-04
5.414400e-01	4.715715e-04
5.414656e-01	4.855483e-04
5.414912e-01	4.994990e-04
5.415168e-01	5.129856e-04
5.415424e-01	5.271338e-04
5.415680e-01	5.403305e-04
5.415936e-01	5.537390e-04
5.416192e-01	5.667565e-04
5.416448e-01	5.804477e-04
5.416704e-01	5.933921e-04
5.416960e-01	6.060533e-04
5.417216e-01	6.190598e-04
5.417472e-01	6.310730e-04
5.417728e-01	6.436403e-04
5.417984e-01	6.556456e-04
5.418240e-01	6.679145e-04
5.418496e-01	6.795048e-04
5.418752e-01	6.914462e-04
5.419008e-01	7.025781e-04
5.419264e-01	7.138766e-04
5.419520e-01	7.258436e-04
5.419776e-01	7.362665e-04
5.420032e-01	7.470274e-04
5.420288e-01	7.577107e-04
5.420544e-01	7.679164e-04
5.420800e-01	7.782790e-04
5.421056e-01	7.878350e-04
5.421312e-01	7.981344e-04
5.421568e-01	8.077922e-04
5.421824e-01	8.169147e-04
5.422080e-01	8.263951e-04
5.422336e-01	8.353477e-04
5.422592e-01	8.437770e-04
5.422848e-01	8.524114e-04
5.423104e-01	8.606971e-04
5.423360e-01	8.688173e-04
5.423616e-01	8.767513e-04
5.423872e-01	8.847148e-04
5.424128e-01	8.920112e-04
5.424384e-01	8.988766e-04
5.424640e-01	9.061203e-04
5.424896e-01	9.127009e-04
5.425152e-01	9.192217e-04
5.425408e-01	9.254989e-04
5.425664e-01	9.316286e-04
5.425920e-01	9.377314e-04
5.426176e-01	9.432519e-04
5.426432e-01	9.489572e-04
5.426688e-01	9.536452e-04
5.426944e-01	9.585367e-04
5.427200e-01	9.633963e-04
5.427456e-01	9.681658e-04
5.427712e-01	9.719443e-04
5.427968e-01	9.760305e-04
5.428224e-01	9.799531e-04
5.428480e-01	9.833045e-04
5.428736e-01	9.863834e-04
5.428992e-01	9.894089e-04
5.429248e-01	9.919473e-04
5.429504e-01	9.945330e-04
5.429760e-01	9.968764e-04
5.430016e-01	9.987501e-04
5.430272e-01	1.000733e-03
5.430528e-01	1.001943e-03
5.430784e-01	1.003643e-03
5.431040e-01	1.004429e-03
5.431296e-01	1.005020e-03
5.431552e-01	1.005779e-03
5.431808e-01	1.005824e-03
5.432064e-01	1.006128e-03
5.432320e-01	1.005636e-03
5.432576e-01	1.005110e-03
5.432832e-01	1.004167e-03
5.433088e-01	1.003768e-03
5.433344e-01	1.002330e-03
5.433600e-01	1.000859e-03
5.433856e-01	9.990745e-04
5.434112e-01	9.970580e-04
5.434368e-01	9.952985e-04
5.434624e-01	9.925333e-04
5.434880e-01	9.896327e-04
5.435136e-01	9.868700e-04
5.435392e-01	9.836779e-04
5.435648e-01	9.799736e-04
5.435904e-01	9.764785e-04
5.436160e-01	9.726764e-04
5.436416e-01	9.679478e-04
5.436672e-01	9.640649e-04
5.436928e-01	9.593537e-04
5.437184e-01	9.541091e-04
5.437440e-01	9.492896e-04
5.437696e-01	9.441074e-04
5.437952e-01	9.382598e-04
5.438208e-01	9.320980e-04
5.438464e-01	9.259799e-04
5.438720e-01	9.201057e-04
5.438976e-01	9.131173e-04
5.439232e-01	9.063354e-04
5.439488e-01	8.996096e-04
5.439744e-01	8.920257e-04
5.440000e-01	8.846031e-04
5.440256e-01	8.771776e-04
5.440512e-01	8.689727e-04
5.440768e-01	8.608989e-04
5.441024e-01	8.527036e-04
5.441280e-01	8.434016e-04
5.441536e-01	8.344414e-04
5.441792e-01	8.262291e-04
5.442048e-01	8.165300e-04
5.442304e-01	8.064492e-04
5.442560e-01	7.971474e-04
5.442816e-01	7.872137e-04
5.443072e-01	7.767347e-04
5.443328e-01	7.665944e-04
5.443584e-01	7.561511e-04
5.443840e-01	7.457833e-04
5.444096e-01	7.344664e-04
5.444352e-01	7.234812e-04
5.444608e-01	7.120534e-04
5.444864e-01	7.000806e-04
5.445120e-01	6.886637e-04
5.445376e-01	6.767212e-04
5.445632e-01	6.644307e-04
5.445888e-01	6.524496e-04
5.446144e-01	6.398880e-04
5.446400e-01	6.273162e-04
5.446656e-01	6.146186e-04
5.446912e-01	6.017147e-04
5.447168e-01	5.882272e-04
5.447424e-01	5.750585e-04
5.447680e-01	5.614742e-04
5.447936e-01	5.478081e-04
5.448192e-01	5.342300e-04
5.448448e-01	5.201626e-04
5.448704e-01	5.065133e-04
5.448960e-01	4.920173e-04
5.449216e-01	4.775857e-04
5.449472e-01	4.631006e-04
5.449728e-01	4.485549e-04
5.449984e-01	4.338991e-04
5.450240e-01	4.189244e-04
5.450496e-01	4.042419e-04
5.450752e-01	3.885765e-04
5.451008e-01	3.735561e-04
5.451264e-01	3.582477e-04
5.451520e-01	3.433168e-04
5.451776e-01	3.272896e-04
5.452032e-01	3.117704e-04
5.452288e-01	2.960116e-04
5.452544e-01	2.799797e-04
5.452800e-01	2.642125e-04
5.453056e-01	2.482797e-04
5.453312e-01	2.323613e-04
5.453568e-01	2.159815e-04
5.453824e-01	2.001219e-04
5.454080e-01	1.839075e-04
5.454336e-01	1.673776e-04
5.454592e-01	1.506190e-04
5.454848e-01	1.346774e-04
5.455104e-01	1.183807e-04
5.455360e-01	1.015091e-04
5.455616e-01	8.506787e-05
5.455872e-01	6.824909e-05
5.456128e-01	5.209129e-05
5.456384e-01	3.527921e-05
5.456640e-01	1.851009e-05
5.456896e-01	1.686086e-06
5.457152e-01	-1.491835e-05
5.457408e-01	-3.152099e-05
5.457664e-01	-4.786113e-05
5.457920e-01	-6.494983e-05
5.458176e-01	-8.154909e-05
5.458432e-01	-9.797574e-05
5.458688e-01	-1.144784e-04
5.458944e-01	-1.310809e-04
5.459200e-01	-1.482338e-04
5.459456e-01	-1.650357e-04
5.459712e-01	-1.813462e-04
5.459968e-01	-1.974362e-04
5.460224e-01	-2.141616e-04
5.460480e-01	-2.305681e-04
5.460736e-01	-2.470762e-04
5.460992e-01	-2.631349e-04
5.461248e-01	-2.791665e-04
5.461504e-01	-2.955037e-04
5.461760e-01	-3.115048e-04
5.462016e-01	-3.278396e-04
5.462272e-01	-3.433558e-04
5.462528e-01	-3.593198e-04
5.462784e-01	-3.751067e-04
5.463040e-01	-3.907206e-04
5.463296e-01	-4.062756e-04
5.463552e-01	-4.218532e-04
5.463808e-01	-4.371136e-04
5.464064e-01	-4.526495e-04
5.464320e-01	-4.674856e-04
5.464576e-01	-4.828630e-04
5.464832e-01	-4.975893e-04
5.465088e-01	-5.119570e-04
5.465344e-01	-5.270393e-04
5.465600e-01	-5.417964e-04
5.465856e-01	-5.557498e-04
5.466112e-01	-5.698132e-04
5.466368e-01	-5.842235e-04
5.466624e-01	-5.981302e-04
5.466880e-01	-6.117870e-04
5.467136e-01	-6.252782e-04
5.467392e-01	-6.389888e-04
5.467648e-01	-6.522764e-04
5.467904e-01	-6.653500e-04
5.468160e-01	-6.782219e-04
5.468416e-01	-6.903054e-04
5.468672e-01	-7.034155e-04
5.468928e-01	-7.158527e-04
5.469184e-01	-7.276413e-04
5.469440e-01	-7.395825e-04
5.469696e-01	-7.519393e-04
5.469952e-01	-7.630452e-04
5.470208e-01	-7.745837e-04
5.470464e-01	-7.861151e-04
5.470720e-01	-7.965213e-04
5.470976e-01	-8.074652e-04
5.471232e-01	-8.178962e-04
5.471488e-01	-8.283798e-04
5.471744e-01	-8.383195e-04
5.472000e-01	-8.481453e-04
5.472256e-01	-8.581424e-04
5.472512e-01	-8.673716e-04
5.472768e-01	-8.766528e-04
5.473024e-01	-8.856693e-04
5.473280e-01	-8.944312e-04
5.473536e-01	-9.023435e-04
5.473792e-01	-9.108238e-04
5.474048e-01	-9.188430e-04
5.474304e-01	-9.263315e-04
5.474560e-01	-9.340107e-04
5.474816e-01	-9.410698e-04
5.475072e-01	-9.475506e-04
5.475328e-01	-9.549056e-04
5.475584e-01	-9.608113e-04
5.475840e-01	-9.668702e-04
5.476096e-01	-9.731767e-04
5.476352e-01	-9.784045e-04
5.476608e-01	-9.836601e-04
5.476864e-01	-9.890425e-04
5.477120e-01	-9.940340e-04
5.477376e-01	-9.981395e-04
5.477632e-01	-1.002535e-03
5.477888e-01	-1.006749e-03
5.478144e-01	-1.010377e-03
5.478400e-01	-1.013707e-03
5.478656e-01	-1.016662e-03
5.478912e-01	-1.019931e-03
5.479168e-01	-1.022169e-03
5.479424e-01	-1.024824e-03
5.479680e-01	-1.026711e-03
5.479936e-01	-1.028700e-03
5.480192e-01	-1.029967e-03
5.480448e-01	-1.031105e-03
5.480704e-01	-1.032615e-03
5.480960e-01	-1.032592e-03
5.481216e-01	-1.033403e-03
5.481472e-01	-1.033445e-03
5.481728e-01	-1.033136e-03
5.481984e-01	-1.032456e-03
5.482240e-01	-1.031615e-03
5.482496e-01	-1.031126e-03
5.482752e-01	-1.029540e-03
5.483008e-01	-1.028003e-03
5.483264e-01	-1.025927e-03
5.483520e-01	-1.023913e-03
5.483776e-01	-1.021247e-03
5.484032e-01	-1.018666e-03
5.484288e-01	-1.015996e-03
5.484544e-01	-1.013238e-03
5.484800e-01	-1.008886e-03
5.485056e-01	-1.005188e-03
5.485312e-01	-1.001587e-03
5.485568e-01	-9.967288e-04
5.485824e-01	-9.924592e-04
5.486080e-01	-9.873813e-04
5.486336e-01	-9.822763e-04
5.486592e-01	-9.772315e-04
5.486848e-01	-9.714269e-04
5.487104e-01	-9.659433e-04
5.487360e-01	-9.598723e-04
5.487616e-01	-9.533087e-04
5.487872e-01	-9.467803e-04
5.488128e-01	-9.396569e-04
5.488384e-01	-9.327691e-04
5.488640e-01	-9.256113e-04
5.488896e-01	-9.178753e-04
5.489152e-01	-9.101767e-04
5.489408e-01	-9.017367e-04
5.489664e-01	-8.939646e-04
5.489920e-01	-8.850527e-04
5.490176e-01	-8.766964e-04
5.490432e-01	-8.678948e-04
5.490688e-01	-8.587664e-04
5.490944e-01	-8.492848e-04
5.491200e-01	-8.393245e-04
5.491456e-01	-8.298509e-04
5.491712e-01	-8.196761e-04
5.491968e-01	-8.093582e-04
5.492224e-01	-7.986987e-04
5.492480e-01	-7.884158e-04
5.492736e-01	-7.776603e-04
5.492992e-01	-7.660521e-04
5.493248e-01	-7.549957e-04
5.493504e-01	-7.435079e-04
5.493760e-01	-7.319106e-04
5.494016e-01	-7.202277e-04
5.494272e-01	-7.083914e-04
5.494528e-01	-6.958603e-04
5.494784e-01	-6.835487e-04
5.495040e-01	-6.713931e-04
5.495296e-01	-6.583144e-04
5.495552e-01	-6.459142e-04
5.495808e-01	-6.328963e-04
5.496064e-01	-6.190989e-04
5.496320e-01	-6.065915e-04
5.496576e-01	-5.929926e-04
5.496832e-01	-5.789330e-04
5.497088e-01	-5.652448e-04
5.497344e-01	-5.515001e-04
5.497600e-01	-5.371905e-04
5.497856e-01	-5.237131e-04
5.498112e-01	-5.091685e-04
5.498368e-01	-4.948138e-04
5.498624e-01	-4.802511e-04
5.498880e-01	-4.651420e-04
5.499136e-01	-4.506583e-04
5.499392e-01	-4.359752e-04
5.499648e-01	-4.212572e-04
5.499904e-01	-4.060322e-04
5.500160e-01	-3.908508e-04
5.500416e-01	-3.752497e-04
5.500672e-01	-3.601670e-04
5.500928e-01	-3.448116e-04
5.501184e-01	-3.293425e-04
5.501440e-01	-3.137848e-04
5.501696e-01	-2.975035e-04
5.501952e-01	-2.824691e-04
5.502208e-01	-2.669821e-04
5.502464e-01	-2.507390e-04
5.502720e-01	-2.344886e-04
5.502976e-01	-2.193401e-04
5.503232e-01	-2.028397e-04
5.503488e-01	-1.873586e-04
5.503744e-01	-1.712510e-04
5.504000e-01	-1.543689e-04
5.504256e-01	-1.392080e-04
5.504512e-01	-1.227439e-04
5.504768e-01	-1.069651e-04
5.505024e-01	-9.059217e-05
5.505280e-01	-7.398053e-05
5.505536e-01	-5.836530e-05
5.505792e-01	-4.197823e-05
5.506048e-01	-2.567343e-05
5.506304e-01	-9.390305e-06
5.506560e-01	6.624477e-06
5.506816e-01	2.324708e-05
5.507072e-01	3.900933e-05
5.507328e-01	5.526684e-05
5.507584e-01	7.180956e-05
5.507840e-01	8.752730e-05
5.508096e-01	1.033706e-04
5.508352e-01	1.198857e-04
5.508608e-01	1.356457e-04
5.508864e-01	1.516878e-04
5.509120e-01	1.677608e-04
5.509376e-01	1.831859e-04
5.509632e-01	1.996712e-04
5.509888e-01	2.150385e-04
5.510144e-01	2.304491e-04
5.510400e-01	2.464503e-04
5.510656e-01	2.616347e-04
5.510912e-01	2.772788e-04
5.511168e-01	2.926123e-04
5.511424e-01	3.079902e-04
5.511680e-01	3.231415e-04
5.511936e-01	3.382028e-04
5.512192e-01	3.537770e-04
5.512448e-01	3.685573e-04
5.512704e-01	3.831690e-04
5.512960e-01	3.982520e-04
5.513216e-01	4.127193e-04
5.513472e-01	4.275520e-04
5.513728e-01	4.410436e-04
5.513984e-01	4.562791e-04
5.514240e-01	4.702193e-04
5.514496e-01	4.842474e-04
5.514752e-01	4.985895e-04
5.515008e-01	5.116294e-04
5.515264e-01	5.260617e-04
5.515520e-01	5.394340e-04
5.515776e-01	5.528994e-04
5.516032e-01	5.661212e-04
5.516288e-01	5.791616e-04
5.516544e-01	5.922894e-04
5.516800e-01	6.049010e-04
5.517056e-01	6.173323e-04
5.517312e-01	6.300154e-04
5.517568e-01	6.422784e-04
5.517824e-01	6.546451e-04
5.518080e-01	6.669518e-04
5.518336e-01	6.783634e-04
5.518592e-01	6.904550e-04
5.518848e-01	7.014446e-04
5.519104e-01	7.130285e-04
5.519360e-01	7.241180e-04
5.519616e-01	7.350675e-04
5.519872e-01	7.460469e-04
5.520128e-01	7.566977e-04
5.520384e-01	7.672049e-04
5.520640e-01	7.771396e-04
5.520896e-01	7.872531e-04
5.521152e-01	7.972558e-04
5.521408e-01	8.064923e-04
5.521664e-01	8.158715e-04
5.521920e-01	8.253417e-04
5.522176e-01	8.343335e-04
5.522432e-01	8.428838e-04
5.522688e-01	8.512454e-04
5.522944e-01	8.601043e-04
5.523200e-01	8.682324e-04
5.523456e-01	8.762797e-04
5.523712e-01	8.839731e-04
5.523968e-01	8.903973e-04
5.524224e-01	8.989004e-04
5.524480e-01	9.057149e-04
5.524736e-01	9.123098e-04
5.524992e-01	9.191161e-04
5.525248e-01	9.251349e-04
5.525504e-01	9.314361e-04
5.525760e-01	9.370611e-04
5.526016e-01	9.428703e-04
5.526272e-01	9.484373e-04
5.526528e-01	9.535766e-04
5.526784e-01	9.586515e-04
5.527040e-01	9.631418e-04
5.527296e-01	9.678682e-04
5.527552e-01	9.722936e-04
5.527808e-01	9.755160e-04
5.528064e-01	9.794403e-04
5.528320e-01	9.832105e-04
5.528576e-01	9.863763e-04
5.528832e-01	9.895151e-04
5.529088e-01	9.918876e-04
5.529344e-01	9.950419e-04
5.529600e-01	9.966347e-04
5.529856e-01	9.989552e-04
5.530112e-01	1.000730e-03
5.530368e-01	1.002128e-03
5.530624e-01	1.003649e-03
5.530880e-01	1.004226e-03
5.531136e-01	1.005470e-03
5.531392e-01	1.005572e-03
5.531648e-01	1.005856e-03
5.531904e-01	1.006146e-03
5.532160e-01	1.005655e-03
5.532416e-01	1.005678e-03
5.532672e-01	1.004470e-03
5.532928e-01	1.003505e-03
5.533184e-01	1.002900e-03
5.533440e-01	1.001202e-03
5.533696e-01	9.995546e-04
5.533952e-01	9.973430e-04
5.534208e-01	9.952785e-04
5.534464e-01	9.928939e-04
5.534720e-01	9.900098e-04
5.534976e-01	9.874202e-04
5.535232e-01	9.838373e-04
5.535488e-01	9.806169e-04
5.535744e-01	9.765544e-04
5.536000e-01	9.729411e-04
5.536256e-01	9.690698e-04
5.536512e-01	9.646706e-04
5.536768e-01	9.603470e-04
5.537024e-01	9.552436e-04
5.537280e-01	9.498382e-04
5.537536e-01	9.442107e-04
5.537792e-01	9.388556e-04
5.538048e-01	9.332286e-04
5.538304e-01	9.269147e-04
5.538560e-01	9.209696e-04
5.538816e-01	9.137585e-04
5.539072e-01	9.070435e-04
5.539328e-01	9.001402e-04
5.539584e-01	8.928948e-04
5.539840e-01	8.852768e-04
5.540096e-01	8.773978e-04
5.540352e-01	8.697201e-04
5.540608e-01	8.613390e-04
5.540864e-01	8.533811e-04
5.541120e-01	8.443948e-04
5.541376e-01	8.358929e-04
5.541632e-01	8.271005e-04
5.541888e-01	8.170545e-04
5.542144e-01	8.084007e-04
5.542400e-01	7.984154e-04
5.542656e-01	7.880502e-04
5.542912e-01	7.781675e-04
5.543168e-01	7.683159e-04
5.543424e-01	7.575602e-04
5.543680e-01	7.465058e-04
5.543936e-01	7.355794e-04
5.544192e-01	7.244677e-04
5.544448e-01	7.133264e-04
5.544704e-01	7.016394e-04
5.544960e-01	6.901210e-04
5.545216e-01	6.781020e-04
5.545472e-01	6.657519e-04
5.545728e-01	6.538287e-04
5.545984e-01	6.410642e-04
5.546240e-01	6.287268e-04
5.546496e-01	6.156719e-04
5.546752e-01	6.028315e-04
5.547008e-01	5.898983e-04
5.547264e-01	5.763539e-04
5.547520e-01	5.625924e-04
5.547776e-01	5.490159e-04
5.548032e-01	5.356498e-04
5.548288e-01	5.216870e-04
5.548544e-01	5.079408e-04
5.548800e-01	4.937079e-04
5.549056e-01	4.790073e-04
5.549312e-01	4.647845e-04
5.549568e-01	4.502547e-04
5.549824e-01	4.353721e-04
5.550080e-01	4.200456e-04
5.550336e-01	4.055861e-04
5.550592e-01	3.902336e-04
5.550848e-01	3.751112e-04
5.551104e-01	3.600965e-04
5.551360e-01	3.442563e-04
5.551616e-01	3.288081e-04
5.551872e-01	3.133313e-04
5.552128e-01	2.976877e-04
5.552384e-01	2.816348e-04
5.552640e-01	2.658238e-04
5.552896e-01	2.497993e-04
5.553152e-01	2.336195e-04
5.553408e-01	2.180276e-04
5.553664e-01	2.014253e-04
5.553920e-01	1.851292e-04
5.554176e-01	1.692418e-04
5.554432e-01	1.529347e-04
5.554688e-01	1.360286e-04
5.554944e-01	1.196247e-04
5.555200e-01	1.032992e-04
5.555456e-01	8.681452e-05
5.555712e-01	7.029865e-05
5.555968e-01	5.384963e-05
5.556224e-01	3.687319e-05
5.556480e-01	2.035175e-05
5.556736e-01	3.601047e-06
5.556992e-01	-1.312978e-05
5.557248e-01	-2.976810e-05
5.557504e-01	-4.615508e-05
5.557760e-01	-6.313183e-05
5.558016e-01	-8.037184e-05
5.558272e-01	-9.622215e-05
5.558528e-01	-1.131554e-04
5.558784e-01	-1.298730e-04
5.559040e-01	-1.462484e-04
5.559296e-01	-1.630368e-04
5.559552e-01	-1.794384e-04
5.559808e-01	-1.961120e-04
5.560064e-01	-2.121046e-04
5.560320e-01	-2.288798e-04
5.560576e-01	-2.453072e-04
5.560832e-01	-2.614909e-04
5.561088e-01	-2.780122e-04
5.561344e-01	-2.942043e-04
5.561600e-01	-3.101069e-04
5.561856e-01	-3.262968e-04
5.562112e-01	-3.420089e-04
5.562368e-01	-3.580804e-04
5.562624e-01	-3.738774e-04
5.562880e-01	-3.893160e-04
5.563136e-01	-4.049345e-04
5.563392e-01	-4.201244e-04
5.563648e-01	-4.359999e-04
5.563904e-01	-4.512276e-04
5.564160e-01	-4.661317e-04
5.564416e-01	-4.814865e-04
5.564672e-01	-4.958384e-04
5.564928e-01	-5.112190e-04
5.565184e-01	-5.260973e-04
5.565440e-01	-5.400041e-04
5.565696e-01	-5.543466e-04
5.565952e-01	-5.688228e-04
5.566208e-01	-5.825819e-04
5.566464e-01	-5.971031e-04
5.566720e-01	-6.107911e-04
5.566976e-01	-6.240466e-04
5.567232e-01	-6.378544e-04
5.567488e-01	-6.508395e-04
5.567744e-01	-6.641465e-04
5.568000e-01	-6.772549e-04
5.568256e-01	-6.894002e-04
5.568512e-01	-7.023678e-04
5.568768e-01	-7.146381e-04
5.569024e-01	-7.268684e-04
5.569280e-01	-7.391041e-04
5.569536e-01	-7.507206e-04
5.569792e-01	-7.625897e-04
5.570048e-01	-7.738859e-04
5.570304e-01	-7.850006e-04
5.570560e-01	-7.958310e-04
5.570816e-01	-8.066010e-04
5.571072e-01	-8.172881e-04
5.571328e-01	-8.274612e-04
5.571584e-01	-8.376870e-04
5.571840e-01	-8.476062e-04
5.572096e-01	-8.573795e-04
5.572352e-01	-8.664494e-04
5.572608e-01	-8.758977e-04
5.572864e-01	-8.847284e-04
5.573120e-01	-8.933343e-04
5.573376e-01	-9.019568e-04
5.573632e-01	-9.103572e-04
5.573888e-01	-9.178974e-04
5.574144e-01	-9.259263e-04
5.574400e-01	-9.334833e-04
5.574656e-01	-9.401601e-04
5.574912e-01	-9.476534e-04
5.575168e-01	-9.539945e-04
5.575424e-01	-9.604811e-04
5.575680e-01	-9.669043e-04
5.575936e-01	-9.726497e-04
5.576192e-01	-9.785211e-04
5.576448e-01	-9.836461e-04
5.576704e-01	-9.891499e-04
5.576960e-01	-9.935207e-04
5.577216e-01	-9.982187e-04
5.577472e-01	-1.002366e-03
5.577728e-01	-1.006285e-03
5.577984e-01	-1.010445e-03
5.578240e-01	-1.013553e-03
5.578496e-01	-1.016651e-03
5.578752e-01	-1.019898e-03
5.579008e-01	-1.022595e-03
5.579264e-01	-1.024823e-03
5.579520e-01	-1.026806e-03
5.579776e-01	-1.028658e-03
5.580032e-01	-1.029921e-03
5.580288e-01	-1.030906e-03
5.580544e-01	-1.032145e-03
5.580800e-01	-1.032989e-03
5.581056e-01	-1.032980e-03
5.581312e-01	-1.033228e-03
5.581568e-01	-1.033384e-03
5.581824e-01	-1.032792e-03
5.582080e-01	-1.031897e-03
5.582336e-01	-1.031073e-03
5.582592e-01	-1.029431e-03
5.582848e-01	-1.027946e-03
5.583104e-01	-1.026296e-03
5.583360e-01	-1.024162e-03
5.583616e-01	-1.021702e-03
5.583872e-01	-1.019291e-03
5.584128e-01	-1.016012e-03
5.584384e-01	-1.012774e-03
5.584640e-01	-1.009560e-03
5.584896e-01	-1.005910e-03
5.585152e-01	-1.001852e-03
5.585408e-01	-9.976213e-04
5.585664e-01	-9.929804e-04
5.585920e-01	-9.882959e-04
5.586176e-01	-9.835123e-04
5.586432e-01	-9.777477e-04
5.586688e-01	-9.722370e-04
5.586944e-01	-9.665207e-04
5.587200e-01	-9.604454e-04
5.587456e-01	-9.543716e-04
5.587712e-01	-9.474771e-04
5.587968e-01	-9.408233e-04
5.588224e-01	-9.338658e-04
5.588480e-01	-9.262842e-04
5.588736e-01	-9.187448e-04
5.588992e-01	-9.112839e-04
5.589248e-01	-9.027303e-04
5.589504e-01	-8.949091e-04
5.589760e-01	-8.859203e-04
5.590016e-01	-8.772496e-04
5.590272e-01	-8.690698e-04
5.590528e-01	-8.594610e-04
5.590784e-01	-8.501762e-04
5.591040e-01	-8.403711e-04
5.591296e-01	-8.308139e-04
5.591552e-01	-8.203601e-04
5.591808e-01	-8.101240e-04
5.592064e-01	-8.001451e-04
5.592320e-01	-7.888855e-04
5.592576e-01	-7.786716e-04
5.592832e-01	-7.675721e-04
5.593088e-01	-7.562122e-04
5.593344e-01	-7.445919e-04
5.593600e-01	-7.328916e-04
5.593856e-01	-7.214696e-04
5.594112e-01	-7.093437e-04
5.594368e-01	-6.970863e-04
5.594624e-01	-6.854076e-04
5.594880e-01	-6.723132e-04
5.595136e-01	-6.597427e-04
5.595392e-01	-6.472504e-04
5.595648e-01	-6.340340e-04
5.595904e-01	-6.209044e-04
5.596160e-01	-6.073059e-04
5.596416e-01	-5.940153e-04
5.596672e-01	-5.802239e-04
5.596928e-01	-5.666353e-04
5.597184e-01	-5.532132e-04
5.597440e-01	-5.384187e-04
5.597696e-01	-5.246389e-04
5.597952e-01	-5.103995e-04
5.598208e-01	-4.958881e-04
5.598464e-01	-4.816325e-04
5.598720e-01	-4.666595e-04
5.598976e-01	-4.522961e-04
5.599232e-01	-4.374957e-04
5.599488e-01	-4.221030e-04
5.599744e-01	-4.074308e-04
5.600000e-01	-3.918037e-04
5.600256e-01	-3.769826e-04
5.600512e-01	-3.617588e-04
5.600768e-01	-3.457420e-04
5.601024e-01	-3.304187e-04
5.601280e-01	-3.152996e-04
5.601536e-01	-2.994716e-04
5.601792e-01	-2.838739e-04
5.602048e-01	-2.685803e-04
5.602304e-01	-2.521664e-04
5.602560e-01	-2.366167e-04
5.602816e-01	-2.204121e-04
5.603072e-01	-2.043102e-04
5.603328e-01	-1.886130e-04
5.603584e-01	-1.720132e-04
5.603840e-01	-1.564353e-04
5.604096e-01	-1.399724e-04
5.604352e-01	-1.244372e-04
5.604608e-01	-1.081977e-04
5.604864e-01	-9.165607e-05
5.605120e-01	-7.570808e-05
5.605376e-01	-5.943554e-05
5.605632e-01	-4.318697e-05
5.605888e-01	-2.726768e-05
5.606144e-01	-1.120159e-05
5.606400e-01	5.230148e-06
5.606656e-01	2.146746e-05
5.606912e-01	3.787889e-05
5.607168e-01	5.397365e-05
5.607424e-01	7.016212e-05
5.607680e-01	8.618409e-05
5.607936e-01	1.021468e-04
5.608192e-01	1.185564e-04
5.608448e-01	1.341308e-04
5.608704e-01	1.502545e-04
5.608960e-01	1.663670e-04
5.609216e-01	1.823105e-04
5.609472e-01	1.980459e-04
5.609728e-01	2.136752e-04
5.609984e-01	2.292989e-04
5.610240e-01	2.448363e-04
5.610496e-01	2.604960e-04
5.610752e-01	2.760199e-04
5.611008e-01	2.912707e-04
5.611264e-01	3.069710e-04
5.611520e-01	3.221102e-04
5.611776e-01	3.369386e-04
5.612032e-01	3.521127e-04
5.612288e-01	3.672925e-04
5.612544e-01	3.818094e-04
5.612800e-01	3.969636e-04
5.613056e-01	4.114543e-04
5.613312e-01	4.258662e-04
5.613568e-01	4.408346e-04
5.613824e-01	4.549647e-04
5.614080e-01	4.693775e-04
5.614336e-01	4.831324e-04
5.614592e-01	4.971071e-04
5.614848e-01	5.109303e-04
5.615104e-01	5.242291e-04
5.615360e-01	5.382969e-04
5.615616e-01	5.515150e-04
5.615872e-01	5.648056e-04
5.616128e-01	5.778690e-04
5.616384e-01	5.909943e-04
5.616640e-01	6.034790e-04
5.616896e-01	6.167474e-04
5.617152e-01	6.291510e-04
5.617408e-01	6.413136e-04
5.617664e-01	6.536063e-04
5.617920e-01	6.651739e-04
5.618176e-01	6.778950e-04
5.618432e-01	6.892558e-04
5.618688e-01	7.008259e-04
5.618944e-01	7.121706e-04
5.619200e-01	7.232199e-04
5.619456e-01	7.348242e-04
5.619712e-01	7.447247e-04
5.619968e-01	7.553304e-04
5.620224e-01	7.663986e-04
5.620480e-01	7.766094e-04
5.620736e-01	7.863269e-04
5.620992e-01	7.966970e-04
5.621248e-01	8.057954e-04
5.621504e-01	8.150321e-04
5.621760e-01	8.244364e-04
5.622016e-01	8.335594e-04
5.622272e-01	8.420984e-04
5.622528e-01	8.510012e-04
5.622784e-01	8.598190e-04
5.623040e-01	8.672998e-04
5.623296e-01	8.757603e-04
5.623552e-01	8.836896e-04
5.623808e-01	8.907365e-04
5.624064e-01	8.979671e-04
5.624320e-01	9.049177e-04
5.624576e-01	9.119003e-04
5.624832e-01	9.185667e-04
5.625088e-01	9.248839e-04
5.625344e-01	9.308942e-04
5.625600e-01	9.371275e-04
5.625856e-01	9.422814e-04
5.626112e-01	9.477171e-04
5.626368e-01	9.535896e-04
5.626624e-01	9.579108e-04
5.626880e-01	9.623024e-04
5.627136e-01	9.674210e-04
5.627392e-01	9.717673e-04
5.627648e-01	9.755447e-04
5.627904e-01	9.789056e-04
5.628160e-01	9.828176e-04
5.628416e-01	9.860594e-04
5.628672e-01	9.888295e-04
5.628928e-01	9.919506e-04
5.629184e-01	9.945158e-04
5.629440e-01	9.966724e-04
5.629696e-01	9.985920e-04
5.629952e-01	1.000643e-03
5.630208e-01	1.002280e-03
5.630464e-01	1.003490e-03
5.630720e-01	1.004694e-03
5.630976e-01	1.005005e-03
5.631232e-01	1.006001e-03
5.631488e-01	1.006151e-03
5.631744e-01	1.005862e-03
5.632000e-01	1.006103e-03
5.632256e-01	1.005601e-03
5.632512e-01	1.004585e-03
5.632768e-01	1.003730e-03
5.633024e-01	1.002438e-03
5.633280e-01	1.001312e-03
5.633536e-01	9.995532e-04
5.633792e-01	9.979646e-04
5.634048e-01	9.954337e-04
5.634304e-01	9.931326e-04
5.634560e-01	9.906164e-04
5.634816e-01	9.873745e-04
5.635072e-01	9.845657e-04
5.635328e-01	9.809418e-04
5.635584e-01	9.772519e-04
5.635840e-01	9.732643e-04
5.636096e-01	9.693266e-04
5.636352e-01	9.650707e-04
5.636608e-01	9.607429e-04
5.636864e-01	9.559513e-04
5.637120e-01	9.503849e-04
5.637376e-01	9.451152e-04
5.637632e-01	9.393260e-04
5.637888e-01	9.334017e-04
5.638144e-01	9.275912e-04
5.638400e-01	9.215728e-04
5.638656e-01	9.147554e-04
5.638912e-01	9.081377e-04
5.639168e-01	9.009753e-04
5.639424e-01	8.941026e-04
5.639680e-01	8.862074e-04
5.639936e-01	8.785194e-04
5.640192e-01	8.709983e-04
5.640448e-01	8.627463e-04
5.640704e-01	8.540580e-04
5.640960e-01	8.451804e-04
5.641216e-01	8.367252e-04
5.641472e-01	8.279303e-04
5.641728e-01	8.186027e-04
5.641984e-01	8.089207e-04
5.642240e-01	7.993852e-04
5.642496e-01	7.892786e-04
5.642752e-01	7.792572e-04
5.643008e-01	7.692260e-04
5.643264e-01	7.581761e-04
5.643520e-01	7.477199e-04
5.643776e-01	7.367153e-04
5.644032e-01	7.252917e-04
5.644288e-01	7.143412e-04
5.644544e-01	7.028522e-04
5.644800e-01	6.906565e-04
5.645056e-01	6.792268e-04
5.645312e-01	6.671118e-04
5.645568e-01	6.545933e-04
5.645824e-01	6.423054e-04
5.646080e-01	6.300270e-04
5.646336e-01	6.170511e-04
5.646592e-01	6.038976e-04
5.646848e-01	5.910209e-04
5.647104e-01	5.775297e-04
5.647360e-01	5.639747e-04
5.647616e-01	5.507907e-04
5.647872e-01	5.367909e-04
5.648128e-01	5.228152e-04
5.648384e-01	5.090224e-04
5.648640e-01	4.947083e-04
5.648896e-01	4.803433e-04
5.649152e-01	4.659854e-04
5.649408e-01	4.513595e-04
5.649664e-01	4.366698e-04
5.649920e-01	4.220092e-04
5.650176e-01	4.071746e-04
5.650432e-01	3.915996e-04
5.650688e-01	3.765819e-04
5.650944e-01	3.611653e-04
5.651200e-01	3.458344e-04
5.651456e-01	3.303603e-04
5.651712e-01	3.145252e-04
5.651968e-01	2.988511e-04
5.652224e-01	2.833957e-04
5.652480e-01	2.672463e-04
5.652736e-01	2.513224e-04
5.652992e-01	2.353515e-04
5.653248e-01	2.191115e-04
5.653504e-01	2.029013e-04
5.653760e-01	1.867690e-04
5.654016e-01	1.704491e-04
5.654272e-01	1.539044e-04
5.654528e-01	1.377715e-04
5.654784e-01	1.211047e-04
5.655040e-01	1.047924e-04
5.655296e-01	8.826696e-05
5.655552e-01	7.162110e-05
5.655808e-01	5.540840e-05
5.656064e-01	3.824068e-05
5.656320e-01	2.170890e-05
5.656576e-01	4.919028e-06
5.656832e-01	-1.152849e-05
5.657088e-01	-2.823529e-05
5.657344e-01	-4.517198e-05
5.657600e-01	-6.183560e-05
5.657856e-01	-7.829864e-05
5.658112e-01	-9.483427e-05
5.658368e-01	-1.118283e-04
5.658624e-01	-1.285985e-04
5.658880e-01	-1.448349e-04
5.659136e-01	-1.616459e-04
5.659392e-01	-1.784815e-04
5.659648e-01	-1.946859e-04
5.659904e-01	-2.109886e-04
5.660160e-01	-2.274519e-04
5.660416e-01	-2.440166e-04
5.660672e-01	-2.601595e-04
5.660928e-01	-2.762089e-04
5.661184e-01	-2.926506e-04
5.661440e-01	-3.085701e-04
5.661696e-01	-3.248407e-04
5.661952e-01	-3.408389e-04
5.662208e-01	-3.568532e-04
5.662464e-01	-3.723505e-04
5.662720e-01	-3.881174e-04
5.662976e-01	-4.038593e-04
5.663232e-01	-4.194332e-04
5.663488e-01	-4.345745e-04
5.663744e-01	-4.497037e-04
5.664000e-01	-4.651652e-04
5.664256e-01	-4.798594e-04
5.664512e-01	-4.951555e-04
5.664768e-01	-5.097359e-04
5.665024e-01	-5.246127e-04
5.665280e-01	-5.395326e-04
5.665536e-01	-5.528275e-04
5.665792e-01	-5.678805e-04
5.666048e-01	-5.816025e-04
5.666304e-01	-5.949520e-04
5.666560e-01	-6.097868e-04
5.666816e-01	-6.230660e-04
5.667072e-01	-6.361959e-04
5.667328e-01	-6.500088e-04
5.667584e-01	-6.628287e-04
5.667840e-01	-6.760898e-04
5.668096e-01	-6.882065e-04
5.668352e-01	-7.007056e-04
5.668608e-01	-7.134494e-04
5.668864e-01	-7.255565e-04
5.669120e-01	-7.378120e-04
5.669376e-01	-7.494451e-04
5.669632e-01	-7.610603e-04
5.669888e-01	-7.724972e-04
5.670144e-01	-7.838823e-04
5.670400e-01	-7.948052e-04
5.670656e-01	-8.058470e-04
5.670912e-01	-8.162832e-04
5.671168e-01	-8.263817e-04
5.671424e-01	-8.368277e-04
5.671680e-01	-8.462995e-04
5.671936e-01	-8.563302e-04
5.672192e-01	-8.656791e-04
5.672448e-01	-8.751180e-04
5.672704e-01	-8.839380e-04
5.672960e-01	-8.926460e-04
5.673216e-01	-9.016158e-04
5.673472e-01	-9.092560e-04
5.673728e-01	-9.172047e-04
5.673984e-01	-9.252758e-04
5.674240e-01	-9.328657e-04
5.674496e-01	-9.400333e-04
5.674752e-01	-9.466693e-04
5.675008e-01	-9.537344e-04
5.675264e-01	-9.599565e-04
5.675520e-01	-9.661671e-04
5.675776e-01	-9.716809e-04
5.676032e-01	-9.776795e-04
5.676288e-01	-9.831841e-04
5.676544e-01	-9.882370e-04
5.676800e-01	-9.928867e-04
5.677056e-01	-9.976281e-04
5.677312e-01	-1.002132e-03
5.677568e-01	-1.005694e-03
5.677824e-01	-1.009888e-03
5.678080e-01	-1.013222e-03
5.678336e-01	-1.016883e-03
5.678592e-01	-1.019304e-03
5.678848e-01	-1.021887e-03
5.679104e-01	-1.024334e-03
5.679360e-01	-1.026335e-03
5.679616e-01	-1.029090e-03
5.679872e-01	-1.029718e-03
5.680128e-01	-1.031158e-03
5.680384e-01	-1.032307e-03
5.680640e-01	-1.032833e-03
5.680896e-01	-1.033076e-03
5.681152e-01	-1.033433e-03
5.681408e-01	-1.033198e-03
5.681664e-01	-1.032709e-03
5.681920e-01	-1.031919e-03
5.682176e-01	-1.030977e-03
5.682432e-01	-1.030003e-03
5.682688e-01	-1.028502e-03
5.682944e-01	-1.026708e-03
5.683200e-01	-1.024425e-03
5.683456e-01	-1.022136e-03
5.683712e-01	-1.019382e-03
5.683968e-01	-1.016318e-03
5.684224e-01	-1.013274e-03
5.684480e-01	-1.009951e-03
5.684736e-01	-1.006053e-03
5.684992e-01	-1.002136e-03
5.685248e-01	-9.983686e-04
5.685504e-01	-9.937201e-04
5.685760e-01	-9.889981e-04
5.686016e-01	-9.837665e-04
5.686272e-01	-9.787775e-04
5.686528e-01	-9.730876e-04
5.686784e-01	-9.671124e-04
5.687040e-01	-9.609722e-04
5.687296e-01	-9.546662e-04
5.687552e-01	-9.481007e-04
5.687808e-01	-9.414901e-04
5.688064e-01	-9.347073e-04
5.688320e-01	-9.270168e-04
5.688576e-01	-9.192506e-04
5.688832e-01	-9.119569e-04
5.689088e-01	-9.036835e-04
5.689344e-01	-8.953501e-04
5.689600e-01	-8.871086e-04
5.689856e-01	-8.783157e-04
5.690112e-01	-8.694188e-04
5.690368e-01	-8.602655e-04
5.690624e-01	-8.508389e-04
5.690880e-01	-8.414469e-04
5.691136e-01	-8.316587e-04
5.691392e-01	-8.214686e-04
5.691648e-01	-8.114119e-04
5.691904e-01	-8.010986e-04
5.692160e-01	-7.902411e-04
5.692416e-01	-7.794416e-04
5.692672e-01	-7.685745e-04
5.692928e-01	-7.574081e-04
5.693184e-01	-7.457700e-04
5.693440e-01	-7.343129e-04
5.693696e-01	-7.225667e-04
5.693952e-01	-7.109081e-04
5.694208e-01	-6.979373e-04
5.694464e-01	-6.857925e-04
5.694720e-01	-6.736927e-04
5.694976e-01	-6.608276e-04
5.695232e-01	-6.481629e-04
5.695488e-01	-6.349065e-04
5.695744e-01	-6.222302e-04
5.696000e-01	-6.085038e-04
5.696256e-01	-5.952819e-04
5.696512e-01	-5.821342e-04
5.696768e-01	-5.677571e-04
5.697024e-01	-5.547992e-04
5.697280e-01	-5.402148e-04
5.697536e-01	-5.258921e-04
5.697792e-01	-5.115882e-04
5.698048e-01	-4.974026e-04
5.698304e-01	-4.830081e-04
5.698560e-01	-4.677546e-04
5.698816e-01	-4.537007e-04
5.699072e-01	-4.388504e-04
5.699328e-01	-4.237322e-04
5.699584e-01	-4.086129e-04
5.699840e-01	-3.936544e-04
5.700096e-01	-3.785318e-04
5.700352e-01	-3.629953e-04
5.700608e-01	-3.476744e-04
5.700864e-01	-3.318647e-04
5.701120e-01	-3.164946e-04
5.701376e-01	-3.006252e-04
5.701632e-01	-2.850165e-04
5.701888e-01	-2.693564e-04
5.702144e-01	-2.537078e-04
5.702400e-01	-2.381729e-04
5.702656e-01	-2.223860e-04
5.702912e-01	-2.062008e-04
5.703168e-01	-1.903020e-04
5.703424e-01	-1.739129e-04
5.703680e-01	-1.578517e-04
5.703936e-01	-1.416840e-04
5.704192e-01	-1.258701e-04
5.704448e-01	-1.095734e-04
5.704704e-01	-9.309496e-05
5.704960e-01	-7.747610e-05
5.705216e-01	-6.084274e-05
5.705472e-01	-4.494582e-05
5.705728e-01	-2.873020e-05
5.705984e-01	-1.227664e-05
5.706240e-01	3.537729e-06
5.706496e-01	2.023603e-05
5.706752e-01	3.619894e-05
5.707008e-01	5.229149e-05
5.707264e-01	6.825398e-05
5.707520e-01	8.443745e-05
5.707776e-01	1.010126e-04
5.708032e-01	1.168264e-04
5.708288e-01	1.327620e-04
5.708544e-01	1.488167e-04
5.708800e-01	1.642712e-04
5.709056e-01	1.803727e-04
5.709312e-01	1.965876e-04
5.709568e-01	2.121208e-04
5.709824e-01	2.279172e-04
5.710080e-01	2.437452e-04
5.710336e-01	2.590470e-04
5.710592e-01	2.742173e-04
5.710848e-01	2.897789e-04
5.711104e-01	3.056464e-04
5.711360e-01	3.202675e-04
5.711616e-01	3.356645e-04
5.711872e-01	3.502898e-04
5.712128e-01	3.657712e-04
5.712384e-01	3.805819e-04
5.712640e-01	3.951250e-04
5.712896e-01	4.109406e-04
5.713152e-01	4.245567e-04
5.713408e-01	4.387800e-04
5.713664e-01	4.533216e-04
5.713920e-01	4.675678e-04
5.714176e-01	4.817910e-04
5.714432e-01	4.958466e-04
5.714688e-01	5.096950e-04
5.714944e-01	5.228253e-04
5.715200e-01	5.366704e-04
5.715456e-01	5.501235e-04
5.715712e-01	5.637117e-04
5.715968e-01	5.765467e-04
5.716224e-01	5.897441e-04
5.716480e-01	6.026667e-04
5.716736e-01	6.154100e-04
5.716992e-01	6.279677e-04
5.717248e-01	6.401846e-04
5.717504e-01	6.526832e-04
5.717760e-01	6.644726e-04
5.718016e-01	6.765642e-04
5.718272e-01	6.878033e-04
5.718528e-01	6.998283e-04
5.718784e-01	7.110935e-04
5.719040e-01	7.215042e-04
5.719296e-01	7.335882e-04
5.719552e-01	7.441112e-04
5.719808e-01	7.547269e-04
5.720064e-01	7.650585e-04
5.720320e-01	7.752503e-04
5.720576e-01	7.854279e-04
5.720832e-01	7.955157e-04
5.721088e-01	8.049147e-04
5.721344e-01	8.142373e-04
5.721600e-01	8.236367e-04
5.721856e-01	8.329782e-04
5.722112e-01	8.415450e-04
5.722368e-01	8.499220e-04
5.722624e-01	8.586210e-04
5.722880e-01	8.664456e-04
5.723136e-01	8.743860e-04
5.723392e-01	8.822604e-04
5.723648e-01	8.898762e-04
5.723904e-01	8.972352e-04
5.724160e-01	9.041297e-04
5.724416e-01	9.113835e-04
5.724672e-01	9.177543e-04
5.724928e-01	9.241246e-04
5.725184e-01	9.307648e-04
5.725440e-01	9.363587e-04
5.725696e-01	9.418286e-04
5.725952e-01	9.472248e-04
5.726208e-01	9.527840e-04
5.726464e-01	9.576534e-04
5.726720e-01	9.620742e-04
5.726976e-01	9.672838e-04
5.727232e-01	9.709232e-04
5.727488e-01	9.752318e-04
5.727744e-01	9.790736e-04
5.728000e-01	9.820253e-04
5.728256e-01	9.856130e-04
5.728512e-01	9.892962e-04
5.728768e-01	9.915438e-04
5.729024e-01	9.941899e-04
5.729280e-01	9.967682e-04
5.729536e-01	9.982032e-04
5.729792e-01	1.000277e-03
5.730048e-01	1.002027e-03
5.730304e-01	1.003097e-03
5.730560e-01	1.003873e-03
5.730816e-01	1.005242e-03
5.731072e-01	1.005893e-03
5.731328e-01	1.006021e-03
5.731584e-01	1.006515e-03
5.731840e-01	1.006095e-03
5.732096e-01	1.005458e-03
5.732352e-01	1.004869e-03
5.732608e-01	1.004345e-03
5.732864e-01	1.002662e-03
5.733120e-01	1.001970e-03
5.733376e-01	1.000141e-03
5.733632e-01	9.979920e-04
5.733888e-01	9.963567e-04
5.734144e-01	9.930606e-04
5.734400e-01	9.909978e-04
5.734656e-01	9.880633e-04
5.734912e-01	9.845445e-04
5.735168e-01	9.817885e-04
5.735424e-01	9.776768e-04
5.735680e-01	9.743059e-04
5.735936e-01	9.700932e-04
5.736192e-01	9.656615e-04
5.736448e-01	9.607709e-04
5.736704e-01	9.562764e-04
5.736960e-01	9.514316e-04
5.737216e-01	9.458758e-04
5.737472e-01	9.404967e-04
5.737728e-01	9.340505e-04
5.737984e-01	9.283774e-04
5.738240e-01	9.221213e-04
5.738496e-01	9.155035e-04
5.738752e-01	9.091208e-04
5.739008e-01	9.017880e-04
5.739264e-01	8.945842e-04
5.739520e-01	8.869591e-04
5.739776e-01	8.793112e-04
5.740032e-01	8.716771e-04
5.740288e-01	8.634683e-04
5.740544e-01	8.547878e-04
5.740800e-01	8.464427e-04
5.741056e-01	8.376559e-04
5.741312e-01	8.284479e-04
5.741568e-01	8.192379e-04
5.741824e-01	8.101021e-04
5.742080e-01	7.998794e-04
5.742336e-01	7.901606e-04
5.742592e-01	7.798662e-04
5.742848e-01	7.696378e-04
5.743104e-01	7.598235e-04
5.743360e-01	7.486842e-04
5.743616e-01	7.374216e-04
5.743872e-01	7.267288e-04
5.744128e-01	7.154212e-04
5.744384e-01	7.039331e-04
5.744640e-01	6.919152e-04
5.744896e-01	6.798082e-04
5.745152e-01	6.686091e-04
5.745408e-01	6.561028e-04
5.745664e-01	6.436423e-04
5.745920e-01	6.308664e-04
5.746176e-01	6.182568e-04
5.746432e-01	6.054754e-04
5.746688e-01	5.917790e-04
5.746944e-01	5.789502e-04
5.747200e-01	5.650305e-04
5.747456e-01	5.520934e-04
5.747712e-01	5.381982e-04
5.747968e-01	5.240194e-04
5.748224e-01	5.102269e-04
5.748480e-01	4.959329e-04
5.748736e-01	4.815599e-04
5.748992e-01	4.673780e-04
5.749248e-01	4.527275e-04
5.749504e-01	4.381114e-04
5.749760e-01	4.234422e-04
5.750016e-01	4.081629e-04
5.750272e-01	3.937122e-04
5.750528e-01	3.781365e-04
5.750784e-01	3.622947e-04
5.751040e-01	3.472310e-04
5.751296e-01	3.315508e-04
5.751552e-01	3.162067e-04
5.751808e-01	3.006889e-04
5.752064e-01	2.847438e-04
5.752320e-01	2.686672e-04
5.752576e-01	2.531070e-04
5.752832e-01	2.368524e-04
5.753088e-01	2.206457e-04
5.753344e-01	2.046920e-04
5.753600e-01	1.885365e-04
5.753856e-01	1.721640e-04
5.754112e-01	1.553663e-04
5.754368e-01	1.392914e-04
5.754624e-01	1.230799e-04
5.754880e-01	1.063379e-04
5.755136e-01	9.027236e-05
5.755392e-01	7.282698e-05
5.755648e-01	5.643696e-05
5.755904e-01	3.998287e-05
5.756160e-01	2.329300e-05
5.756416e-01	6.989736e-06
5.756672e-01	-1.001173e-05
5.756928e-01	-2.638914e-05
5.757184e-01	-4.335422e-05
5.757440e-01	-6.011313e-05
5.757696e-01	-7.651422e-05
5.757952e-01	-9.351384e-05
5.758208e-01	-1.101063e-04
5.758464e-01	-1.268856e-04
5.758720e-01	-1.433669e-04
5.758976e-01	-1.597441e-04
5.759232e-01	-1.759556e-04
5.759488e-01	-1.926722e-04
5.759744e-01	-2.096240e-04
5.760000e-01	-2.257125e-04
5.760256e-01	-2.421097e-04
5.760512e-01	-2.586441e-04
5.760768e-01	-2.748267e-04
5.761024e-01	-2.910566e-04
5.761280e-01	-3.070446e-04
5.761536e-01	-3.235677e-04
5.761792e-01	-3.391030e-04
5.762048e-01	-3.550528e-04
5.762304e-01	-3.709223e-04
5.762560e-01	-3.864698e-04
5.762816e-01	-4.024834e-04
5.763072e-01	-4.172993e-04
5.763328e-01	-4.325726e-04
5.763584e-01	-4.480878e-04
5.763840e-01	-4.633402e-04
5.764096e-01	-4.788179e-04
5.764352e-01	-4.935195e-04
5.764608e-01	-5.083124e-04
5.764864e-01	-5.230959e-04
5.765120e-01	-5.376406e-04
5.765376e-01	-5.516795e-04
5.765632e-01	-5.661140e-04
5.765888e-01	-5.801182e-04
5.766144e-01	-5.941232e-04
5.766400e-01	-6.078398e-04
5.766656e-01	-6.219157e-04
5.766912e-01	-6.350746e-04
5.767168e-01	-6.483931e-04
5.767424e-01	-6.614249e-04
5.767680e-01	-6.745424e-04
5.767936e-01	-6.877274e-04
5.768192e-01	-6.997331e-04
5.768448e-01	-7.127390e-04
5.768704e-01	-7.242487e-04
5.768960e-01	-7.363273e-04
5.769216e-01	-7.484035e-04
5.769472e-01	-7.600351e-04
5.769728e-01	-7.716752e-04
5.769984e-01	-7.825523e-04
5.770240e-01	-7.942595e-04
5.770496e-01	-8.048430e-04
5.770752e-01	-8.153317e-04
5.771008e-01	-8.252611e-04
5.771264e-01	-8.358855e-04
5.771520e-01	-8.458417e-04
5.771776e-01	-8.552935e-04
5.772032e-01	-8.651373e-04
5.772288e-01	-8.744567e-04
5.772544e-01	-8.827161e-04
5.772800e-01	-8.916188e-04
5.773056e-01	-9.004024e-04
5.773312e-01	-9.085530e-04
5.773568e-01	-9.168565e-04
5.773824e-01	-9.244121e-04
5.774080e-01	-9.319228e-04
5.774336e-01	-9.391322e-04
5.774592e-01	-9.462771e-04
5.774848e-01	-9.528913e-04
5.775104e-01	-9.593464e-04
5.775360e-01	-9.657196e-04
5.775616e-01	-9.712511e-04
5.775872e-01	-9.774429e-04
5.776128e-01	-9.829432e-04
5.776384e-01	-9.874951e-04
5.776640e-01	-9.926117e-04
5.776896e-01	-9.972289e-04
5.777152e-01	-1.001462e-03
5.777408e-01	-1.006061e-03
5.777664e-01	-1.009158e-03
5.777920e-01	-1.012643e-03
5.778176e-01	-1.016081e-03
5.778432e-01	-1.019072e-03
5.778688e-01	-1.021709e-03
5.778944e-01	-1.024223e-03
5.779200e-01	-1.026341e-03
5.779456e-01	-1.027898e-03
5.779712e-01	-1.030052e-03
5.779968e-01	-1.031025e-03
5.780224e-01	-1.031387e-03
5.780480e-01	-1.032752e-03
5.780736e-01	-1.033115e-03
5.780992e-01	-1.033683e-03
5.781248e-01	-1.033249e-03
5.781504e-01	-1.033089e-03
5.781760e-01	-1.032416e-03
5.782016e-01	-1.030618e-03
5.782272e-01	-1.029783e-03
5.782528e-01	-1.028129e-03
5.782784e-01	-1.026711e-03
5.783040e-01	-1.024536e-03
5.783296e-01	-1.022321e-03
5.783552e-01	-1.019889e-03
5.783808e-01	-1.016710e-03
5.784064e-01	-1.014046e-03
5.784320e-01	-1.010164e-03
5.784576e-01	-1.006779e-03
5.784832e-01	-1.002766e-03
5.785088e-01	-9.985868e-04
5.785344e-01	-9.940568e-04
5.785600e-01	-9.890805e-04
5.785856e-01	-9.843649e-04
5.786112e-01	-9.790007e-04
5.786368e-01	-9.733919e-04
5.786624e-01	-9.675954e-04
5.786880e-01	-9.612371e-04
5.787136e-01	-9.552928e-04
5.787392e-01	-9.487097e-04
5.787648e-01	-9.418958e-04
5.787904e-01	-9.351036e-04
5.788160e-01	-9.275074e-04
5.788416e-01	-9.202090e-04
5.788672e-01	-9.123720e-04
5.788928e-01	-9.042828e-04
5.789184e-01	-8.963151e-04
5.789440e-01	-8.876520e-04
5.789696e-01	-8.796421e-04
5.789952e-01	-8.700429e-04
5.790208e-01	-8.609383e-04
5.790464e-01	-8.519061e-04
5.790720e-01	-8.418983e-04
5.790976e-01	-8.326580e-04
5.791232e-01	-8.224928e-04
5.791488e-01	-8.121579e-04
5.791744e-01	-8.018928e-04
5.792000e-01	-7.909225e-04
5.792256e-01	-7.802806e-04
5.792512e-01	-7.696383e-04
5.792768e-01	-7.585057e-04
5.793024e-01	-7.469277e-04
5.793280e-01	-7.353777e-04
5.793536e-01	-7.236394e-04
5.793792e-01	-7.116486e-04
5.794048e-01	-6.995979e-04
5.794304e-01	-6.874564e-04
5.794560e-01	-6.749938e-04
5.794816e-01	-6.623266e-04
5.795072e-01	-6.495397e-04
5.795328e-01	-6.366956e-04
5.795584e-01	-6.232462e-04
5.795840e-01	-6.106006e-04
5.796096e-01	-5.967430e-04
5.796352e-01	-5.829410e-04
5.796608e-01	-5.698643e-04
5.796864e-01	-5.552973e-04
5.797120e-01	-5.416133e-04
5.797376e-01	-5.276795e-04
5.797632e-01	-5.129464e-04
5.797888e-01	-4.987591e-04
5.798144e-01	-4.841079e-04
5.798400e-01	-4.695849e-04
5.798656e-01	-4.549496e-04
5.798912e-01	-4.404829e-04
5.799168e-01	-4.251986e-04
5.799424e-01	-4.102720e-04
5.799680e-01	-3.954244e-04
5.799936e-01	-3.800225e-04
5.800192e-01	-3.646518e-04
5.800448e-01	-3.491467e-04
5.800704e-01	-3.337218e-04
5.800960e-01	-3.184267e-04
5.801216e-01	-3.025419e-04
5.801472e-01	-2.869732e-04
5.801728e-01	-2.712518e-04
5.801984e-01	-2.549145e-04
5.802240e-01	-2.395422e-04
5.802496e-01	-2.240493e-04
5.802752e-01	-2.075406e-04
5.803008e-01	-1.915635e-04
5.803264e-01	-1.759150e-04
5.803520e-01	-1.595407e-04
5.803776e-01	-1.434631e-04
5.804032e-01	-1.274065e-04
5.804288e-01	-1.110124e-04
5.804544e-01	-9.536398e-05
5.804800e-01	-7.858099e-05
5.805056e-01	-6.246453e-05
5.805312e-01	-4.638642e-05
5.805568e-01	-3.017014e-05
5.805824e-01	-1.408855e-05
5.806080e-01	2.046934e-06
5.806336e-01	1.851189e-05
5.806592e-01	3.464367e-05
5.806848e-01	5.087981e-05
5.807104e-01	6.744706e-05
5.807360e-01	8.287479e-05
5.807616e-01	9.891127e-05
5.807872e-01	1.155780e-04
5.808128e-01	1.310707e-04
5.808384e-01	1.472465e-04
5.808640e-01	1.635811e-04
5.808896e-01	1.787688e-04
5.809152e-01	1.948113e-04
5.809408e-01	2.105675e-04
5.809664e-01	2.260043e-04
5.809920e-01	2.419549e-04
5.810176e-01	2.575833e-04
5.810432e-01	2.728828e-04
5.810688e-01	2.880619e-04
5.810944e-01	3.040117e-04
5.811200e-01	3.191306e-04
5.811456e-01	3.344858e-04
5.811712e-01	3.493955e-04
5.811968e-01	3.643575e-04
5.812224e-01	3.793000e-04
5.812480e-01	3.940620e-04
5.812736e-01	4.086204e-04
5.812992e-01	4.229620e-04
5.813248e-01	4.377533e-04
5.813504e-01	4.516867e-04
5.813760e-01	4.663001e-04
5.814016e-01	4.805225e-04
5.814272e-01	4.939312e-04
5.814528e-01	5.083194e-04
5.814784e-01	5.221997e-04
5.815040e-01	5.360175e-04
5.815296e-01	5.490874e-04
5.815552e-01	5.623570e-04
5.815808e-01	5.754817e-04
5.816064e-01	5.885122e-04
5.816320e-01	6.011071e-04
5.816576e-01	6.141221e-04
5.816832e-01	6.267920e-04
5.817088e-01	6.390720e-04
5.817344e-01	6.515144e-04
5.817600e-01	6.632709e-04
5.817856e-01	6.752464e-04
5.818112e-01	6.868102e-04
5.818368e-01	6.987613e-04
5.818624e-01	7.099990e-04
5.818880e-01	7.207730e-04
5.819136e-01	7.326420e-04
5.819392e-01	7.427791e-04
5.819648e-01	7.535555e-04
5.819904e-01	7.642904e-04
5.820160e-01	7.742573e-04
5.820416e-01	7.846177e-04
5.820672e-01	7.941596e-04
5.820928e-01	8.040126e-04
5.821184e-01	8.134721e-04
5.821440e-01	8.224627e-04
5.821696e-01	8.316339e-04
5.821952e-01	8.402814e-04
5.822208e-01	8.492225e-04
5.822464e-01	8.576356e-04
5.822720e-01	8.657568e-04
5.822976e-01	8.738425e-04
5.823232e-01	8.818807e-04
5.823488e-01	8.890691e-04
5.823744e-01	8.966583e-04
5.824000e-01	9.038339e-04
5.824256e-01	9.101756e-04
5.824512e-01	9.170467e-04
5.824768e-01	9.237417e-04
5.825024e-01	9.299130e-04
5.825280e-01	9.357254e-04
5.825536e-01	9.412530e-04
5.825792e-01	9.471002e-04
5.826048e-01	9.518632e-04
5.826304e-01	9.567830e-04
5.826560e-01	9.619653e-04
5.826816e-01	9.660751e-04
5.827072e-01	9.708697e-04
5.827328e-01	9.748512e-04
5.827584e-01	9.782591e-04
5.827840e-01	9.822071e-04
5.828096e-01	9.851428e-04
5.828352e-01	9.883557e-04
5.828608e-01	9.909041e-04
5.828864e-01	9.937773e-04
5.829120e-01	9.967008e-04
5.829376e-01	9.984858e-04
5.829632e-01	1.000191e-03
5.829888e-01	1.001935e-03
5.830144e-01	1.003228e-03
5.830400e-01	1.004222e-03
5.830656e-01	1.005297e-03
5.830912e-01	1.005800e-03
5.831168e-01	1.005798e-03
5.831424e-01	1.006243e-03
5.831680e-01	1.005800e-03
5.831936e-01	1.005702e-03
5.832192e-01	1.004851e-03
5.832448e-01	1.004266e-03
5.832704e-01	1.003284e-03
5.832960e-01	1.001291e-03
5.833216e-01	1.000351e-03
5.833472e-01	9.983976e-04
5.833728e-01	9.962680e-04
5.833984e-01	9.936475e-04
5.834240e-01	9.912123e-04
5.834496e-01	9.889279e-04
5.834752e-01	9.851381e-04
5.835008e-01	9.815956e-04
5.835264e-01	9.780983e-04
5.835520e-01	9.747752e-04
5.835776e-01	9.699520e-04
5.836032e-01	9.656316e-04
5.836288e-01	9.616563e-04
5.836544e-01	9.566284e-04
5.836800e-01	9.514103e-04
5.837056e-01	9.460670e-04
5.837312e-01	9.405612e-04
5.837568e-01	9.348611e-04
5.837824e-01	9.288081e-04
5.838080e-01	9.226544e-04
5.838336e-01	9.160104e-04
5.838592e-01	9.090832e-04
5.838848e-01	9.024756e-04
5.839104e-01	8.951257e-04
5.839360e-01	8.874628e-04
5.839616e-01	8.801020e-04
5.839872e-01	8.721800e-04
5.840128e-01	8.644190e-04
5.840384e-01	8.558120e-04
5.840640e-01	8.474221e-04
5.840896e-01	8.382743e-04
5.841152e-01	8.292898e-04
5.841408e-01	8.205544e-04
5.841664e-01	8.105385e-04
5.841920e-01	8.009427e-04
5.842176e-01	7.913216e-04
5.842432e-01	7.811972e-04
5.842688e-01	7.708936e-04
5.842944e-01	7.605295e-04
5.843200e-01	7.496185e-04
5.843456e-01	7.386543e-04
5.843712e-01	7.279690e-04
5.843968e-01	7.164410e-04
5.844224e-01	7.050319e-04
5.844480e-01	6.932671e-04
5.844736e-01	6.814454e-04
5.844992e-01	6.693644e-04
5.845248e-01	6.569606e-04
5.845504e-01	6.448512e-04
5.845760e-01	6.317864e-04
5.846016e-01	6.191395e-04
5.846272e-01	6.068115e-04
5.846528e-01	5.930074e-04
5.846784e-01	5.803355e-04
5.847040e-01	5.665261e-04
5.847296e-01	5.527851e-04
5.847552e-01	5.395387e-04
5.847808e-01	5.253786e-04
5.848064e-01	5.115306e-04
5.848320e-01	4.973511e-04
5.848576e-01	4.831789e-04
5.848832e-01	4.688466e-04
5.849088e-01	4.544203e-04
5.849344e-01	4.395280e-04
5.849600e-01	4.245320e-04
5.849856e-01	4.096474e-04
5.850112e-01	3.941355e-04
5.850368e-01	3.796239e-04
5.850624e-01	3.643200e-04
5.850880e-01	3.489133e-04
5.851136e-01	3.330121e-04
5.851392e-01	3.173769e-04
5.851648e-01	3.020086e-04
5.851904e-01	2.857300e-04
5.852160e-01	2.703120e-04
5.852416e-01	2.544950e-04
5.852672e-01	2.379484e-04
5.852928e-01	2.224478e-04
5.853184e-01	2.058030e-04
5.853440e-01	1.895237e-04
5.853696e-01	1.741232e-04
5.853952e-01	1.568569e-04
5.854208e-01	1.406744e-04
5.854464e-01	1.247608e-04
5.854720e-01	1.076867e-04
5.854976e-01	9.126098e-05
5.855232e-01	7.472995e-05
5.855488e-01	5.826958e-05
5.855744e-01	4.123547e-05
5.856000e-01	2.470446e-05
5.856256e-01	8.270526e-06
5.856512e-01	-8.384665e-06
5.856768e-01	-2.515590e-05
5.857024e-01	-4.151333e-05
5.857280e-01	-5.852412e-05
5.857536e-01	-7.506077e-05
5.857792e-01	-9.165968e-05
5.858048e-01	-1.089232e-04
5.858304e-01	-1.250915e-04
5.858560e-01	-1.416641e-04
5.858816e-01	-1.584591e-04
5.859072e-01	-1.745707e-04
5.859328e-01	-1.913292e-04
5.859584e-01	-2.077742e-04
5.859840e-01	-2.239129e-04
5.860096e-01	-2.407835e-04
5.860352e-01	-2.570596e-04
5.860608e-01	-2.730407e-04
5.860864e-01	-2.895503e-04
5.861120e-01	-3.056767e-04
5.861376e-01	-3.214068e-04
5.861632e-01	-3.374214e-04
5.861888e-01	-3.533642e-04
5.862144e-01	-3.691632e-04
5.862400e-01	-3.852568e-04
5.862656e-01	-4.002976e-04
5.862912e-01	-4.160926e-04
5.863168e-01	-4.315900e-04
5.863424e-01	-4.467997e-04
5.863680e-01	-4.619491e-04
5.863936e-01	-4.768543e-04
5.864192e-01	-4.920370e-04
5.864448e-01	-5.070184e-04
5.864704e-01	-5.212136e-04
5.864960e-01	-5.360655e-04
5.865216e-01	-5.508173e-04
5.865472e-01	-5.647051e-04
5.865728e-01	-5.790797e-04
5.865984e-01	-5.928127e-04
5.866240e-01	-6.064607e-04
5.866496e-01	-6.206409e-04
5.866752e-01	-6.336474e-04
5.867008e-01	-6.469117e-04
5.867264e-01	-6.600181e-04
5.867520e-01	-6.734956e-04
5.867776e-01	-6.865961e-04
5.868032e-01	-6.987631e-04
5.868288e-01	-7.113302e-04
5.868544e-01	-7.234994e-04
5.868800e-01	-7.356698e-04
5.869056e-01	-7.472426e-04
5.869312e-01	-7.590141e-04
5.869568e-01	-7.708040e-04
5.869824e-01	-7.817292e-04
5.870080e-01	-7.932181e-04
5.870336e-01	-8.040151e-04
5.870592e-01	-8.144244e-04
5.870848e-01	-8.244907e-04
5.871104e-01	-8.346672e-04
5.871360e-01	-8.443306e-04
5.871616e-01	-8.544231e-04
5.871872e-01	-8.638705e-04
5.872128e-01	-8.730906e-04
5.872384e-01	-8.826869e-04
5.872640e-01	-8.910899e-04
5.872896e-01	-8.995753e-04
5.873152e-01	-9.077550e-04
5.873408e-01	-9.159860e-04
5.873664e-01	-9.237229e-04
5.873920e-01	-9.309888e-04
5.874176e-01	-9.388381e-04
5.874432e-01	-9.456111e-04
5.874688e-01	-9.523011e-04
5.874944e-01	-9.588141e-04
5.875200e-01	-9.649403e-04
5.875456e-01	-9.708529e-04
5.875712e-01	-9.765954e-04
5.875968e-01	-9.819289e-04
5.876224e-01	-9.873598e-04
5.876480e-01	-9.922355e-04
5.876736e-01	-9.966872e-04
5.876992e-01	-1.001127e-03
5.877248e-01	-1.005101e-03
5.877504e-01	-1.008962e-03
5.877760e-01	-1.012606e-03
5.878016e-01	-1.015883e-03
5.878272e-01	-1.019185e-03
5.878528e-01	-1.021408e-03
5.878784e-01	-1.023763e-03
5.879040e-01	-1.026346e-03
5.879296e-01	-1.028098e-03
5.879552e-01	-1.029379e-03
5.879808e-01	-1.030894e-03
5.880064e-01	-1.032156e-03
5.880320e-01	-1.032828e-03
5.880576e-01	-1.033124e-03
5.880832e-01	-1.033230e-03
5.881088e-01	-1.033245e-03
5.881344e-01	-1.032826e-03
5.881600e-01	-1.032077e-03
5.881856e-01	-1.031424e-03
5.882112e-01	-1.029889e-03
5.882368e-01	-1.028660e-03
5.882624e-01	-1.026885e-03
5.882880e-01	-1.024919e-03
5.883136e-01	-1.022424e-03
5.883392e-01	-1.020061e-03
5.883648e-01	-1.017184e-03
5.883904e-01	-1.013874e-03
5.884160e-01	-1.010869e-03
5.884416e-01	-1.006706e-03
5.884672e-01	-1.002953e-03
5.884928e-01	-9.987534e-04
5.885184e-01	-9.943658e-04
5.885440e-01	-9.899091e-04
5.885696e-01	-9.845276e-04
5.885952e-01	-9.793788e-04
5.886208e-01	-9.739251e-04
5.886464e-01	-9.681062e-04
5.886720e-01	-9.624074e-04
5.886976e-01	-9.562099e-04
5.887232e-01	-9.492462e-04
5.887488e-01	-9.427982e-04
5.887744e-01	-9.355123e-04
5.888000e-01	-9.286014e-04
5.888256e-01	-9.206333e-04
5.888512e-01	-9.129797e-04
5.888768e-01	-9.049457e-04
5.889024e-01	-8.965228e-04
5.889280e-01	-8.889801e-04
5.889536e-01	-8.801433e-04
5.889792e-01	-8.712551e-04
5.890048e-01	-8.622166e-04
5.890304e-01	-8.527521e-04
5.890560e-01	-8.433457e-04
5.890816e-01	-8.336235e-04
5.891072e-01	-8.235928e-04
5.891328e-01	-8.136717e-04
5.891584e-01	-8.028357e-04
5.891840e-01	-7.923040e-04
5.892096e-01	-7.817708e-04
5.892352e-01	-7.705876e-04
5.892608e-01	-7.595285e-04
5.892864e-01	-7.479094e-04
5.893120e-01	-7.366939e-04
5.893376e-01	-7.246205e-04
5.893632e-01	-7.129227e-04
5.893888e-01	-7.008029e-04
5.894144e-01	-6.888043e-04
5.894400e-01	-6.761866e-04
5.894656e-01	-6.631094e-04
5.894912e-01	-6.509433e-04
5.895168e-01	-6.376976e-04
5.895424e-01	-6.246780e-04
5.895680e-01	-6.115583e-04
5.895936e-01	-5.977281e-04
5.896192e-01	-5.845418e-04
5.896448e-01	-5.707388e-04
5.896704e-01	-5.569323e-04
5.896960e-01	-5.430775e-04
5.897216e-01	-5.285103e-04
5.897472e-01	-5.143372e-04
5.897728e-01	-5.001632e-04
5.897984e-01	-4.852991e-04
5.898240e-01	-4.707753e-04
5.898496e-01	-4.563730e-04
5.898752e-01	-4.419471e-04
5.899008e-01	-4.264591e-04
5.899264e-01	-4.120045e-04
5.899520e-01	-3.966861e-04
5.899776e-01	-3.811491e-04
5.900032e-01	-3.661165e-04
5.900288e-01	-3.506311e-04
5.900544e-01	-3.353402e-04
5.900800e-01	-3.196438e-04
5.901056e-01	-3.042854e-04
5.901312e-01	-2.881408e-04
5.901568e-01	-2.728266e-04
5.901824e-01	-2.571466e-04
5.902080e-01	-2.405462e-04
5.902336e-01	-2.249016e-04
5.902592e-01	-2.091083e-04
5.902848e-01	-1.930859e-04
5.903104e-01	-1.769389e-04
5.903360e-01	-1.615779e-04
5.903616e-01	-1.448704e-04
5.903872e-01	-1.286817e-04
5.904128e-01	-1.129740e-04
5.904384e-01	-9.630568e-05
5.904640e-01	-8.047633e-05
5.904896e-01	-6.441923e-05
5.905152e-01	-4.799519e-05
5.905408e-01	-3.165402e-05
5.905664e-01	-1.508951e-05
5.905920e-01	4.791317e-07
5.906176e-01	1.674454e-05
5.906432e-01	3.306813e-05
5.906688e-01	4.901123e-05
5.906944e-01	6.538738e-05
5.907200e-01	8.158077e-05
5.907456e-01	9.755718e-05
5.907712e-01	1.136343e-04
5.907968e-01	1.297058e-04
5.908224e-01	1.457641e-04
5.908480e-01	1.614109e-04
5.908736e-01	1.773212e-04
5.908992e-01	1.930907e-04
5.909248e-01	2.090366e-04
5.909504e-01	2.247764e-04
5.909760e-01	2.405243e-04
5.910016e-01	2.559350e-04
5.910272e-01	2.712594e-04
5.910528e-01	2.871089e-04
5.910784e-01	3.023672e-04
5.911040e-01	3.178317e-04
5.911296e-01	3.324688e-04
5.911552e-01	3.474888e-04
5.911808e-01	3.629572e-04
5.912064e-01	3.776035e-04
5.912320e-01	3.929083e-04
5.912576e-01	4.069821e-04
5.912832e-01	4.218936e-04
5.913088e-01	4.362730e-04
5.913344e-01	4.506370e-04
5.913600e-01	4.650564e-04
5.913856e-01	4.789767e-04
5.914112e-01	4.932749e-04
5.914368e-01	5.065082e-04
5.914624e-01	5.208522e-04
5.914880e-01	5.344157e-04
5.915136e-01	5.475322e-04
5.915392e-01	5.611380e-04
5.915648e-01	5.742278e-04
5.915904e-01	5.873349e-04
5.916160e-01	5.997825e-04
5.916416e-01	6.130276e-04
5.916672e-01	6.250761e-04
5.916928e-01	6.379697e-04
5.917184e-01	6.504703e-04
5.917440e-01	6.620841e-04
5.917696e-01	6.741392e-04
5.917952e-01	6.857751e-04
5.918208e-01	6.974924e-04
5.918464e-01	7.085350e-04
5.918720e-01	7.200548e-04
5.918976e-01	7.308723e-04
5.919232e-01	7.414351e-04
5.919488e-01	7.526281e-04
5.919744e-01	7.629790e-04
5.920000e-01	7.734633e-04
5.920256e-01	7.834596e-04
5.920512e-01	7.932469e-04
5.920768e-01	8.027336e-04
5.921024e-01	8.126245e-04
5.921280e-01	8.219284e-04
5.921536e-01	8.307917e-04
5.921792e-01	8.397826e-04
5.922048e-01	8.484427e-04
5.922304e-01	8.569453e-04
5.922560e-01	8.652008e-04
5.922816e-01	8.730734e-04
5.923072e-01	8.809177e-04
5.923328e-01	8.887582e-04
5.923584e-01	8.953534e-04
5.923840e-01	9.025886e-04
5.924096e-01	9.097572e-04
5.924352e-01	9.160776e-04
5.924608e-01	9.230067e-04
5.924864e-01	9.289351e-04
5.925120e-01	9.351789e-04
5.925376e-01	9.408580e-04
5.925632e-01	9.461027e-04
5.925888e-01	9.513511e-04
5.926144e-01	9.563924e-04
5.926400e-01	9.612034e-04
5.926656e-01	9.659202e-04
5.926912e-01	9.698222e-04
5.927168e-01	9.744258e-04
5.927424e-01	9.783061e-04
5.927680e-01	9.814823e-04
5.927936e-01	9.850156e-04
5.928192e-01	9.879437e-04
5.928448e-01	9.908205e-04
5.928704e-01	9.936327e-04
5.928960e-01	9.960139e-04
5.929216e-01	9.977408e-04
5.929472e-01	1.000053e-03
5.929728e-01	1.001529e-03
5.929984e-01	1.002426e-03
5.930240e-01	1.003954e-03
5.930496e-01	1.004905e-03
5.930752e-01	1.005374e-03
5.931008e-01	1.005810e-03
5.931264e-01	1.006285e-03
5.931520e-01	1.006088e-03
5.931776e-01	1.005740e-03
5.932032e-01	1.004815e-03
5.932288e-01	1.003811e-03
5.932544e-01	1.002987e-03
5.932800e-01	1.001687e-03
5.933056e-01	9.998828e-04
5.933312e-01	9.981564e-04
5.933568e-01	9.962058e-04
5.933824e-01	9.940831e-04
5.934080e-01	9.911961e-04
5.934336e-01	9.884420e-04
5.934592e-01	9.853180e-04
5.934848e-01	9.820748e-04
5.935104e-01	9.784219e-04
5.935360e-01	9.745458e-04
5.935616e-01	9.704132e-04
5.935872e-01	9.659047e-04
5.936128e-01	9.616389e-04
5.936384e-01	9.570617e-04
5.936640e-01	9.518816e-04
5.936896e-01	9.465558e-04
5.937152e-01	9.410239e-04
5.937408e-01	9.351871e-04
5.937664e-01	9.293249e-04
5.937920e-01	9.229218e-04
5.938176e-01	9.166824e-04
5.938432e-01	9.101595e-04
5.938688e-01	9.027096e-04
5.938944e-01	8.956864e-04
5.939200e-01	8.884420e-04
5.939456e-01	8.810053e-04
5.939712e-01	8.729498e-04
5.939968e-01	8.650788e-04
5.940224e-01	8.565777e-04
5.940480e-01	8.477755e-04
5.940736e-01	8.394014e-04
5.940992e-01	8.304912e-04
5.941248e-01	8.210340e-04
5.941504e-01	8.117102e-04
5.941760e-01	8.019508e-04
5.942016e-01	7.921109e-04
5.942272e-01	7.825917e-04
5.942528e-01	7.720420e-04
5.942784e-01	7.613974e-04
5.943040e-01	7.510189e-04
5.943296e-01	7.396544e-04
5.943552e-01	7.286879e-04
5.943808e-01	7.175079e-04
5.944064e-01	7.065333e-04
5.944320e-01	6.946285e-04
5.944576e-01	6.824501e-04
5.944832e-01	6.710174e-04
5.945088e-01	6.583986e-04
5.945344e-01	6.458175e-04
5.945600e-01	6.334648e-04
5.945856e-01	6.205480e-04
5.946112e-01	6.078556e-04
5.946368e-01	5.946980e-04
5.946624e-01	5.813778e-04
5.946880e-01	5.681269e-04
5.947136e-01	5.547777e-04
5.947392e-01	5.406165e-04
5.947648e-01	5.268627e-04
5.947904e-01	5.131350e-04
5.948160e-01	4.989528e-04
5.948416e-01	4.848390e-04
5.948672e-01	4.699694e-04
5.948928e-01	4.555146e-04
5.949184e-01	4.408176e-04
5.949440e-01	4.258907e-04
5.949696e-01	4.114835e-04
5.949952e-01	3.957856e-04
5.950208e-01	3.807313e-04
5.950464e-01	3.656150e-04
5.950720e-01	3.501165e-04
5.950976e-01	3.346239e-04
5.951232e-01	3.193212e-04
5.951488e-01	3.037263e-04
5.951744e-01	2.877440e-04
5.952000e-01	2.721715e-04
5.952256e-01	2.561487e-04
5.952512e-01	2.399426e-04
5.952768e-01	2.237432e-04
5.953024e-01	2.076288e-04
5.953280e-01	1.912850e-04
5.953536e-01	1.752511e-04
5.953792e-01	1.592974e-04
5.954048e-01	1.426136e-04
5.954304e-01	1.264415e-04
5.954560e-01	1.096493e-04
5.954816e-01	9.314475e-05
5.955072e-01	7.618606e-05
5.955328e-01	5.995264e-05
5.955584e-01	4.304361e-05
5.955840e-01	2.656659e-05
5.956096e-01	1.053855e-05
5.956352e-01	-6.713938e-06
5.956608e-01	-2.344312e-05
5.956864e-01	-4.028059e-05
5.957120e-01	-5.672051e-05
5.957376e-01	-7.347923e-05
5.957632e-01	-9.001964e-05
5.957888e-01	-1.064073e-04
5.958144e-01	-1.232408e-04
5.958400e-01	-1.398600e-04
5.958656e-01	-1.564584e-04
5.958912e-01	-1.728753e-04
5.959168e-01	-1.897646e-04
5.959424e-01	-2.061982e-04
5.959680e-01	-2.225462e-04
5.959936e-01	-2.390975e-04
5.960192e-01	-2.552603e-04
5.960448e-01	-2.714771e-04
5.960704e-01	-2.875492e-04
5.960960e-01	-3.035411e-04
5.961216e-01	-3.197662e-04
5.961472e-01	-3.354577e-04
5.961728e-01	-3.517151e-04
5.961984e-01	-3.675412e-04
5.962240e-01	-3.834167e-04
5.962496e-01	-3.989500e-04
5.962752e-01	-4.143303e-04
5.963008e-01	-4.299371e-04
5.963264e-01	-4.453216e-04
5.963520e-01	-4.606494e-04
5.963776e-01	-4.754080e-04
5.964032e-01	-4.906330e-04
5.964288e-01	-5.049740e-04
5.964544e-01	-5.193090e-04
5.964800e-01	-5.347691e-04
5.965056e-01	-5.487923e-04
5.965312e-01	-5.629522e-04
5.965568e-01	-5.774130e-04
5.965824e-01	-5.912224e-04
5.966080e-01	-6.052010e-04
5.966336e-01	-6.191429e-04
5.966592e-01	-6.322657e-04
5.966848e-01	-6.459698e-04
5.967104e-01	-6.592115e-04
5.967360e-01	-6.721434e-04
5.967616e-01	-6.848737e-04
5.967872e-01	-6.976245e-04
5.968128e-01	-7.104322e-04
5.968384e-01	-7.225469e-04
5.968640e-01	-7.340658e-04
5.968896e-01	-7.460219e-04
5.969152e-01	-7.580860e-04
5.969408e-01	-7.692412e-04
5.969664e-01	-7.805514e-04
5.969920e-01	-7.917549e-04
5.970176e-01	-8.026446e-04
5.970432e-01	-8.132187e-04
5.970688e-01	-8.234822e-04
5.970944e-01	-8.337926e-04
5.971200e-01	-8.437676e-04
5.971456e-01	-8.533846e-04
5.971712e-01	-8.626160e-04
5.971968e-01	-8.724314e-04
5.972224e-01	-8.808629e-04
5.972480e-01	-8.898288e-04
5.972736e-01	-8.988595e-04
5.972992e-01	-9.065426e-04
5.973248e-01	-9.148734e-04
5.973504e-01	-9.226265e-04
5.973760e-01	-9.300706e-04
5.974016e-01	-9.376837e-04
5.974272e-01	-9.447167e-04
5.974528e-01	-9.512927e-04
5.974784e-01	-9.578886e-04
5.975040e-01	-9.645509e-04
5.975296e-01	-9.700375e-04
5.975552e-01	-9.756622e-04
5.975808e-01	-9.814629e-04
5.976064e-01	-9.865271e-04
5.976320e-01	-9.913937e-04
5.976576e-01	-9.963220e-04
5.976832e-01	-1.000185e-03
5.977088e-01	-1.004708e-03
5.977344e-01	-1.008489e-03
5.977600e-01	-1.012250e-03
5.977856e-01	-1.015163e-03
5.978112e-01	-1.018151e-03
5.978368e-01	-1.021345e-03
5.978624e-01	-1.023575e-03
5.978880e-01	-1.026208e-03
5.979136e-01	-1.027600e-03
5.979392e-01	-1.029336e-03
5.979648e-01	-1.030555e-03
5.979904e-01	-1.031846e-03
5.980160e-01	-1.032455e-03
5.980416e-01	-1.032701e-03
5.980672e-01	-1.033426e-03
5.980928e-01	-1.033549e-03
5.981184e-01	-1.032828e-03
5.981440e-01	-1.031629e-03
5.981696e-01	-1.031525e-03
5.981952e-01	-1.029884e-03
5.982208e-01	-1.028462e-03
5.982464e-01	-1.026725e-03
5.982720e-01	-1.024573e-03
5.982976e-01	-1.022438e-03
5.983232e-01	-1.019930e-03
5.983488e-01	-1.017176e-03
5.983744e-01	-1.014184e-03
5.984000e-01	-1.010956e-03
5.984256e-01	-1.007156e-03
5.984512e-01	-1.003016e-03
5.984768e-01	-9.988938e-04
5.985024e-01	-9.945595e-04
5.985280e-01	-9.900804e-04
5.985536e-01	-9.849401e-04
5.985792e-01	-9.797001e-04
5.986048e-01	-9.742380e-04
5.986304e-01	-9.687112e-04
5.986560e-01	-9.624611e-04
5.986816e-01	-9.561550e-04
5.987072e-01	-9.500841e-04
5.987328e-01	-9.430335e-04
5.987584e-01	-9.361534e-04
5.987840e-01	-9.290064e-04
5.988096e-01	-9.218578e-04
5.988352e-01	-9.139396e-04
5.988608e-01	-9.057960e-04
5.988864e-01	-8.983007e-04
5.989120e-01	-8.893838e-04
5.989376e-01	-8.805817e-04
5.989632e-01	-8.720565e-04
5.989888e-01	-8.626974e-04
5.990144e-01	-8.534329e-04
5.990400e-01	-8.442874e-04
5.990656e-01	-8.342505e-04
5.990912e-01	-8.243642e-04
5.991168e-01	-8.143422e-04
5.991424e-01	-8.034640e-04
5.991680e-01	-7.929346e-04
5.991936e-01	-7.830541e-04
5.992192e-01	-7.712494e-04
5.992448e-01	-7.604595e-04
5.992704e-01	-7.495923e-04
5.992960e-01	-7.373082e-04
5.993216e-01	-7.257063e-04
5.993472e-01	-7.141493e-04
5.993728e-01	-7.018981e-04
5.993984e-01	-6.896094e-04
5.994240e-01	-6.771670e-04
5.994496e-01	-6.644008e-04
5.994752e-01	-6.518048e-04
5.995008e-01	-6.387640e-04
5.995264e-01	-6.258641e-04
5.995520e-01	-6.123924e-04
5.995776e-01	-5.990835e-04
5.996032e-01	-5.856866e-04
5.996288e-01	-5.718370e-04
5.996544e-01	-5.582488e-04
5.996800e-01	-5.441965e-04
5.997056e-01	-5.302057e-04
5.997312e-01	-5.156124e-04
5.997568e-01	-5.014285e-04
5.997824e-01	-4.871034e-04
5.998080e-01	-4.730076e-04
5.998336e-01	-4.577653e-04
5.998592e-01	-4.429643e-04
5.998848e-01	-4.281381e-04
5.999104e-01	-4.127050e-04
5.999360e-01	-3.981952e-04
5.999616e-01	-3.825815e-04
5.999872e-01	-3.673918e-04
6.000128e-01	-3.523894e-04
6.000384e-01	-3.366663e-04
6.000640e-01	-3.209758e-04
6.000896e-01	-3.057260e-04
6.001152e-01	-2.900676e-04
6.001408e-01	-2.739092e-04
6.001664e-01	-2.583823e-04
6.001920e-01	-2.422438e-04
6.002176e-01	-2.267227e-04
6.002432e-01	-2.108467e-04
6.002688e-01	-1.945368e-04
6.002944e-01	-1.787545e-04
6.003200e-01	-1.629210e-04
6.003456e-01	-1.463947e-04
6.003712e-01	-1.300984e-04
6.003968e-01	-1.140914e-04
6.004224e-01	-9.799646e-05
6.004480e-01	-8.192552e-05
6.004736e-01	-6.566983e-05
6.004992e-01	-4.977766e-05
6.005248e-01	-3.323415e-05
6.005504e-01	-1.692905e-05
6.005760e-01	-8.730682e-07
6.006016e-01	1.545183e-05
6.006272e-01	3.145227e-05
6.006528e-01	4.776585e-05
6.006784e-01	6.347497e-05
6.007040e-01	8.010870e-05
6.007296e-01	9.601271e-05
6.007552e-01	1.119664e-04
6.007808e-01	1.279516e-04
6.008064e-01	1.439341e-04
6.008320e-01	1.599549e-04
6.008576e-01	1.756257e-04
6.008832e-01	1.920626e-04
6.009088e-01	2.073238e-04
6.009344e-01	2.231077e-04
6.009600e-01	2.389909e-04
6.009856e-01	2.542839e-04
6.010112e-01	2.701656e-04
6.010368e-01	2.853216e-04
6.010624e-01	3.006284e-04
6.010880e-01	3.157452e-04
6.011136e-01	3.313898e-04
6.011392e-01	3.460287e-04
6.011648e-01	3.611732e-04
6.011904e-01	3.763506e-04
6.012160e-01	3.908517e-04
6.012416e-01	4.059883e-04
6.012672e-01	4.205282e-04
6.012928e-01	4.348759e-04
6.013184e-01	4.490376e-04
6.013440e-01	4.635942e-04
6.013696e-01	4.775836e-04
6.013952e-01	4.911314e-04
6.014208e-01	5.055820e-04
6.014464e-01	5.191951e-04
6.014720e-01	5.329500e-04
6.014976e-01	5.464053e-04
6.015232e-01	5.597310e-04
6.015488e-01	5.727612e-04
6.015744e-01	5.859571e-04
6.016000e-01	5.990195e-04
6.016256e-01	6.114276e-04
6.016512e-01	6.243524e-04
6.016768e-01	6.366907e-04
6.017024e-01	6.490120e-04
6.017280e-01	6.609780e-04
6.017536e-01	6.728038e-04
6.017792e-01	6.845189e-04
6.018048e-01	6.963221e-04
6.018304e-01	7.077006e-04
6.018560e-01	7.184589e-04
6.018816e-01	7.302002e-04
6.019072e-01	7.405608e-04
6.019328e-01	7.515320e-04
6.019584e-01	7.619063e-04
6.019840e-01	7.720204e-04
6.020096e-01	7.825898e-04
6.020352e-01	7.922532e-04
6.020608e-01	8.020971e-04
6.020864e-01	8.116994e-04
6.021120e-01	8.208685e-04
6.021376e-01	8.301242e-04
6.021632e-01	8.388089e-04
6.021888e-01	8.474645e-04
6.022144e-01	8.558197e-04
6.022400e-01	8.639868e-04
6.022656e-01	8.721149e-04
6.022912e-01	8.799205e-04
6.023168e-01	8.873303e-04
6.023424e-01	8.946317e-04
6.023680e-01	9.022026e-04
6.023936e-01	9.091764e-04
6.024192e-01	9.157063e-04
6.024448e-01	9.222330e-04
6.024704e-01	9.283720e-04
6.024960e-01	9.347152e-04
6.025216e-01	9.403185e-04
6.025472e-01	9.455549e-04
6.025728e-01	9.506379e-04
6.025984e-01	9.560926e-04
6.026240e-01	9.609765e-04
6.026496e-01	9.652660e-04
6.026752e-01	9.700251e-04
6.027008e-01	9.736694e-04
6.027264e-01	9.774460e-04
6.027520e-01	9.812743e-04
6.027776e-01	9.844289e-04
6.028032e-01	9.876096e-04
6.028288e-01	9.904868e-04
6.028544e-01	9.933916e-04
6.028800e-01	9.954959e-04
6.029056e-01	9.977369e-04
6.029312e-01	9.995415e-04
6.029568e-01	1.001341e-03
6.029824e-01	1.002194e-03
6.030080e-01	1.003715e-03
6.030336e-01	1.005082e-03
6.030592e-01	1.005199e-03
6.030848e-01	1.005897e-03
6.031104e-01	1.005800e-03
6.031360e-01	1.005676e-03
6.031616e-01	1.005488e-03
6.031872e-01	1.005120e-03
6.032128e-01	1.004058e-03
6.032384e-01	1.003055e-03
6.032640e-01	1.002035e-03
6.032896e-01	9.999280e-04
6.033152e-01	9.986233e-04
6.033408e-01	9.960068e-04
6.033664e-01	9.939527e-04
6.033920e-01	9.913688e-04
6.034176e-01	9.885438e-04
6.034432e-01	9.856443e-04
6.034688e-01	9.819499e-04
6.034944e-01	9.789603e-04
6.035200e-01	9.747042e-04
6.035456e-01	9.708201e-04
6.035712e-01	9.666947e-04
6.035968e-01	9.621248e-04
6.036224e-01	9.572947e-04
6.036480e-01	9.520559e-04
6.036736e-01	9.470797e-04
6.036992e-01	9.413757e-04
6.037248e-01	9.360872e-04
6.037504e-01	9.299386e-04
6.037760e-01	9.237800e-04
6.038016e-01	9.172784e-04
6.038272e-01	9.107515e-04
6.038528e-01	9.039112e-04
6.038784e-01	8.964762e-04
6.039040e-01	8.893135e-04
6.039296e-01	8.814369e-04
6.039552e-01	8.738081e-04
6.039808e-01	8.655529e-04
6.040064e-01	8.569380e-04
6.040320e-01	8.489556e-04
6.040576e-01	8.397507e-04
6.040832e-01	8.310076e-04
6.041088e-01	8.221195e-04
6.041344e-01	8.125307e-04
6.041600e-01	8.031211e-04
6.041856e-01	7.933429e-04
6.042112e-01	7.828408e-04
6.042368e-01	7.726183e-04
6.042624e-01	7.626967e-04
6.042880e-01	7.517951e-04
6.043136e-01	7.408335e-04
6.043392e-01	7.299733e-04
6.043648e-01	7.185814e-04
6.043904e-01	7.074435e-04
6.044160e-01	6.954542e-04
6.044416e-01	6.834916e-04
6.044672e-01	6.718657e-04
6.044928e-01	6.595156e-04
6.045184e-01	6.469085e-04
6.045440e-01	6.345722e-04
6.045696e-01	6.218703e-04
6.045952e-01	6.091064e-04
6.046208e-01	5.957050e-04
6.046464e-01	5.827155e-04
6.046720e-01	5.696912e-04
6.046976e-01	5.558810e-04
6.047232e-01	5.422322e-04
6.047488e-01	5.281997e-04
6.047744e-01	5.141065e-04
6.048000e-01	5.000829e-04
6.048256e-01	4.857739e-04
6.048512e-01	4.715998e-04
6.048768e-01	4.569840e-04
6.049024e-01	4.420656e-04
6.049280e-01	4.275384e-04
6.049536e-01	4.123519e-04
6.049792e-01	3.974536e-04
6.050048e-01	3.827333e-04
6.050304e-01	3.669907e-04
6.050560e-01	3.517693e-04
6.050816e-01	3.362138e-04
6.051072e-01	3.208823e-04
6.051328e-01	3.046562e-04
6.051584e-01	2.892217e-04
6.051840e-01	2.737220e-04
6.052096e-01	2.572770e-04
6.052352e-01	2.410677e-04
6.052608e-01	2.253873e-04
6.052864e-01	2.091701e-04
6.053120e-01	1.930169e-04
6.053376e-01	1.768007e-04
6.053632e-01	1.601004e-04
6.053888e-01	1.445618e-04
6.054144e-01	1.276341e-04
6.054400e-01	1.108371e-04
6.054656e-01	9.438186e-05
6.054912e-01	7.791371e-05
6.055168e-01	6.145716e-05
6.055424e-01	4.456944e-05
6.055680e-01	2.802668e-05
6.055936e-01	1.117647e-05
6.056192e-01	-4.968512e-06
6.056448e-01	-2.181390e-05
6.056704e-01	-3.860825e-05
6.056960e-01	-5.509719e-05
6.057216e-01	-7.213796e-05
6.057472e-01	-8.901711e-05
6.057728e-01	-1.054254e-04
6.057984e-01	-1.222665e-04
6.058240e-01	-1.383575e-04
6.058496e-01	-1.551334e-04
6.058752e-01	-1.717450e-04
6.059008e-01	-1.877130e-04
6.059264e-01	-2.044774e-04
6.059520e-01	-2.211594e-04
6.059776e-01	-2.373083e-04
6.060032e-01	-2.534815e-04
6.060288e-01	-2.702262e-04
6.060544e-01	-2.860019e-04
6.060800e-01	-3.023192e-04
6.061056e-01	-3.184008e-04
6.061312e-01	-3.340465e-04
6.061568e-01	-3.506501e-04
6.061824e-01	-3.660094e-04
6.062080e-01	-3.816427e-04
6.062336e-01	-3.971866e-04
6.062592e-01	-4.130609e-04
6.062848e-01	-4.286246e-04
6.063104e-01	-4.438022e-04
6.063360e-01	-4.586350e-04
6.063616e-01	-4.742208e-04
6.063872e-01	-4.892268e-04
6.064128e-01	-5.036141e-04
6.064384e-01	-5.187148e-04
6.064640e-01	-5.332922e-04
6.064896e-01	-5.478435e-04
6.065152e-01	-5.614212e-04
6.065408e-01	-5.765077e-04
6.065664e-01	-5.905698e-04
6.065920e-01	-6.040210e-04
6.066176e-01	-6.180846e-04
6.066432e-01	-6.310751e-04
6.066688e-01	-6.446385e-04
6.066944e-01	-6.576621e-04
6.067200e-01	-6.708014e-04
6.067456e-01	-6.832549e-04
6.067712e-01	-6.963799e-04
6.067968e-01	-7.087452e-04
6.068224e-01	-7.211034e-04
6.068480e-01	-7.334326e-04
6.068736e-01	-7.454936e-04
6.068992e-01	-7.574674e-04
6.069248e-01	-7.682752e-04
6.069504e-01	-7.796460e-04
6.069760e-01	-7.909635e-04
6.070016e-01	-8.017337e-04
6.070272e-01	-8.120219e-04
6.070528e-01	-8.226301e-04
6.070784e-01	-8.330324e-04
6.071040e-01	-8.428729e-04
6.071296e-01	-8.526372e-04
6.071552e-01	-8.620421e-04
6.071808e-01	-8.720004e-04
6.072064e-01	-8.802614e-04
6.072320e-01	-8.894867e-04
6.072576e-01	-8.979012e-04
6.072832e-01	-9.056246e-04
6.073088e-01	-9.147433e-04
6.073344e-01	-9.221829e-04
6.073600e-01	-9.297406e-04
6.073856e-01	-9.369989e-04
6.074112e-01	-9.441589e-04
6.074368e-01	-9.508103e-04
6.074624e-01	-9.575653e-04
6.074880e-01	-9.640109e-04
6.075136e-01	-9.693080e-04
6.075392e-01	-9.756882e-04
6.075648e-01	-9.805989e-04
6.075904e-01	-9.859385e-04
6.076160e-01	-9.915107e-04
6.076416e-01	-9.959301e-04
6.076672e-01	-1.000218e-03
6.076928e-01	-1.004150e-03
6.077184e-01	-1.007931e-03
6.077440e-01	-1.011971e-03
6.077696e-01	-1.014943e-03
6.077952e-01	-1.018113e-03
6.078208e-01	-1.021007e-03
6.078464e-01	-1.023482e-03
6.078720e-01	-1.025402e-03
6.078976e-01	-1.027431e-03
6.079232e-01	-1.029341e-03
6.079488e-01	-1.030308e-03
6.079744e-01	-1.031914e-03
6.080000e-01	-1.032594e-03
6.080256e-01	-1.033079e-03
6.080512e-01	-1.033433e-03
6.080768e-01	-1.033369e-03
6.081024e-01	-1.032729e-03
6.081280e-01	-1.032175e-03
6.081536e-01	-1.031630e-03
6.081792e-01	-1.030321e-03
6.082048e-01	-1.029102e-03
6.082304e-01	-1.027150e-03
6.082560e-01	-1.025325e-03
6.082816e-01	-1.022736e-03
6.083072e-01	-1.020480e-03
6.083328e-01	-1.017337e-03
6.083584e-01	-1.014574e-03
6.083840e-01	-1.011683e-03
6.084096e-01	-1.007616e-03
6.084352e-01	-1.004002e-03
6.084608e-01	-9.996453e-04
6.084864e-01	-9.950584e-04
6.085120e-01	-9.904630e-04
6.085376e-01	-9.858409e-04
6.085632e-01	-9.805358e-04
6.085888e-01	-9.751060e-04
6.086144e-01	-9.694316e-04
6.086400e-01	-9.629374e-04
6.086656e-01	-9.572336e-04
6.086912e-01	-9.507444e-04
6.087168e-01	-9.437317e-04
6.087424e-01	-9.368254e-04
6.087680e-01	-9.296292e-04
6.087936e-01	-9.222609e-04
6.088192e-01	-9.147772e-04
6.088448e-01	-9.067645e-04
6.088704e-01	-8.987875e-04
6.088960e-01	-8.903269e-04
6.089216e-01	-8.816316e-04
6.089472e-01	-8.727514e-04
6.089728e-01	-8.637272e-04
6.089984e-01	-8.547640e-04
6.090240e-01	-8.451970e-04
6.090496e-01	-8.354607e-04
6.090752e-01	-8.257031e-04
6.091008e-01	-8.153591e-04
6.091264e-01	-8.048724e-04
6.091520e-01	-7.943239e-04
6.091776e-01	-7.836815e-04
6.092032e-01	-7.724722e-04
6.092288e-01	-7.615826e-04
6.092544e-01	-7.503075e-04
6.092800e-01	-7.386695e-04
6.093056e-01	-7.270401e-04
6.093312e-01	-7.149170e-04
6.093568e-01	-7.033975e-04
6.093824e-01	-6.908979e-04
6.094080e-01	-6.783382e-04
6.094336e-01	-6.660713e-04
6.094592e-01	-6.525489e-04
6.094848e-01	-6.401513e-04
6.095104e-01	-6.271697e-04
6.095360e-01	-6.136146e-04
6.095616e-01	-6.003978e-04
6.095872e-01	-5.868488e-04
6.096128e-01	-5.733615e-04
6.096384e-01	-5.596749e-04
6.096640e-01	-5.451016e-04
6.096896e-01	-5.315077e-04
6.097152e-01	-5.174072e-04
6.097408e-01	-5.027548e-04
6.097664e-01	-4.885616e-04
6.097920e-01	-4.738095e-04
6.098176e-01	-4.592366e-04
6.098432e-01	-4.444922e-04
6.098688e-01	-4.293300e-04
6.098944e-01	-4.144517e-04
6.099200e-01	-3.997404e-04
6.099456e-01	-3.840726e-04
6.099712e-01	-3.686775e-04
6.099968e-01	-3.535521e-04
6.100224e-01	-3.377898e-04
6.100480e-01	-3.229913e-04
6.100736e-01	-3.070197e-04
6.100992e-01	-2.911001e-04
6.101248e-01	-2.756999e-04
6.101504e-01	-2.601471e-04
6.101760e-01	-2.439874e-04
6.102016e-01	-2.279593e-04
6.102272e-01	-2.123407e-04
6.102528e-01	-1.962527e-04
6.102784e-01	-1.802979e-04
6.103040e-01	-1.641215e-04
6.103296e-01	-1.481124e-04
6.103552e-01	-1.320036e-04
6.103808e-01	-1.157591e-04
6.104064e-01	-9.947958e-05
6.104320e-01	-8.314418e-05
6.104576e-01	-6.700861e-05
6.104832e-01	-5.078557e-05
6.105088e-01	-3.476076e-05
6.105344e-01	-1.843034e-05
6.105600e-01	-2.528160e-06
6.105856e-01	1.383439e-05
6.106112e-01	3.032160e-05
6.106368e-01	4.595667e-05
6.106624e-01	6.210218e-05
6.106880e-01	7.853941e-05
6.107136e-01	9.442684e-05
6.107392e-01	1.106883e-04
6.107648e-01	1.263663e-04
6.107904e-01	1.425918e-04
6.108160e-01	1.581235e-04
6.108416e-01	1.742220e-04
6.108672e-01	1.905831e-04
6.108928e-01	2.056505e-04
6.109184e-01	2.219487e-04
6.109440e-01	2.372484e-04
6.109696e-01	2.528956e-04
6.109952e-01	2.685536e-04
6.110208e-01	2.837965e-04
6.110464e-01	2.995661e-04
6.110720e-01	3.141567e-04
6.110976e-01	3.298564e-04
6.111232e-01	3.447071e-04
6.111488e-01	3.598545e-04
6.111744e-01	3.750741e-04
6.112000e-01	3.892559e-04
6.112256e-01	4.044778e-04
6.112512e-01	4.188566e-04
6.112768e-01	4.334279e-04
6.113024e-01	4.482261e-04
6.113280e-01	4.620537e-04
6.113536e-01	4.758976e-04
6.113792e-01	4.902695e-04
6.114048e-01	5.044480e-04
6.114304e-01	5.177177e-04
6.114560e-01	5.319950e-04
6.114816e-01	5.448489e-04
6.115072e-01	5.579439e-04
6.115328e-01	5.716321e-04
6.115584e-01	5.847599e-04
6.115840e-01	5.979629e-04
6.116096e-01	6.104435e-04
6.116352e-01	6.232433e-04
6.116608e-01	6.357298e-04
6.116864e-01	6.479711e-04
6.117120e-01	6.596856e-04
6.117376e-01	6.716681e-04
6.117632e-01	6.839308e-04
6.117888e-01	6.948319e-04
6.118144e-01	7.064566e-04
6.118400e-01	7.181278e-04
6.118656e-01	7.293535e-04
6.118912e-01	7.397176e-04
6.119168e-01	7.503810e-04
6.119424e-01	7.613501e-04
6.119680e-01	7.714541e-04
6.119936e-01	7.814743e-04
6.120192e-01	7.913865e-04
6.120448e-01	8.009298e-04
6.120704e-01	8.106281e-04
6.120960e-01	8.199369e-04
6.121216e-01	8.287380e-04
6.121472e-01	8.381621e-04
6.121728e-01	8.470449e-04
6.121984e-01	8.550796e-04
6.122240e-01	8.636712e-04
6.122496e-01	8.719133e-04
6.122752e-01	8.795190e-04
6.123008e-01	8.865609e-04
6.123264e-01	8.939811e-04
6.123520e-01	9.013082e-04
6.123776e-01	9.084184e-04
6.124032e-01	9.151440e-04
6.124288e-01	9.215223e-04
6.124544e-01	9.276043e-04
6.124800e-01	9.339610e-04
6.125056e-01	9.396742e-04
6.125312e-01	9.450053e-04
6.125568e-01	9.503501e-04
6.125824e-01	9.554282e-04
6.126080e-01	9.604272e-04
6.126336e-01	9.650888e-04
6.126592e-01	9.692300e-04
6.126848e-01	9.731218e-04
6.127104e-01	9.773271e-04
6.127360e-01	9.809191e-04
6.127616e-01	9.845560e-04
6.127872e-01	9.877875e-04
6.128128e-01	9.905492e-04
6.128384e-01	9.932895e-04
6.128640e-01	9.955470e-04
6.128896e-01	9.977458e-04
6.129152e-01	9.993037e-04
6.129408e-01	1.001418e-03
6.129664e-01	1.002406e-03
6.129920e-01	1.003513e-03
6.130176e-01	1.004688e-03
6.130432e-01	1.005598e-03
6.130688e-01	1.006046e-03
6.130944e-01	1.006049e-03
6.131200e-01	1.006136e-03
6.131456e-01	1.005379e-03
6.131712e-01	1.004747e-03
6.131968e-01	1.004347e-03
6.132224e-01	1.003577e-03
6.132480e-01	1.002379e-03
6.132736e-01	1.000594e-03
6.132992e-01	9.986133e-04
6.133248e-01	9.966204e-04
6.133504e-01	9.942132e-04
6.133760e-01	9.920141e-04
6.134016e-01	9.893547e-04
6.134272e-01	9.861375e-04
6.134528e-01	9.828722e-04
6.134784e-01	9.792272e-04
6.135040e-01	9.756346e-04
6.135296e-01	9.712538e-04
6.135552e-01	9.675131e-04
6.135808e-01	9.626404e-04
6.136064e-01	9.578117e-04
6.136320e-01	9.529766e-04
6.136576e-01	9.474875e-04
6.136832e-01	9.421656e-04
6.137088e-01	9.364817e-04
6.137344e-01	9.307947e-04
6.137600e-01	9.241627e-04
6.137856e-01	9.180754e-04
6.138112e-01	9.114060e-04
6.138368e-01	9.041005e-04
6.138624e-01	8.977613e-04
6.138880e-01	8.901987e-04
6.139136e-01	8.822295e-04
6.139392e-01	8.746696e-04
6.139648e-01	8.663806e-04
6.139904e-01	8.579919e-04
6.140160e-01	8.497997e-04
6.140416e-01	8.410995e-04
6.140672e-01	8.321302e-04
6.140928e-01	8.227252e-04
6.141184e-01	8.137483e-04
6.141440e-01	8.042151e-04
6.141696e-01	7.941831e-04
6.141952e-01	7.840561e-04
6.142208e-01	7.739310e-04
6.142464e-01	7.636166e-04
6.142720e-01	7.528066e-04
6.142976e-01	7.418427e-04
6.143232e-01	7.311396e-04
6.143488e-01	7.198211e-04
6.143744e-01	7.081549e-04
6.144000e-01	6.968356e-04
6.144256e-01	6.848822e-04
6.144512e-01	6.726001e-04
6.144768e-01	6.609707e-04
6.145024e-01	6.484678e-04
6.145280e-01	6.357528e-04
6.145536e-01	6.233241e-04
6.145792e-01	6.102722e-04
6.146048e-01	5.973116e-04
6.146304e-01	5.841863e-04
6.146560e-01	5.703924e-04
6.146816e-01	5.571205e-04
6.147072e-01	5.434388e-04
6.147328e-01	5.293513e-04
6.147584e-01	5.157962e-04
6.147840e-01	5.016947e-04
6.148096e-01	4.870433e-04
6.148352e-01	4.728502e-04
6.148608e-01	4.582930e-04
6.148864e-01	4.436277e-04
6.149120e-01	4.286513e-04
6.149376e-01	4.139615e-04
6.149632e-01	3.988863e-04
6.149888e-01	3.836868e-04
6.150144e-01	3.684433e-04
6.150400e-01	3.534431e-04
6.150656e-01	3.378180e-04
6.150912e-01	3.219241e-04
6.151168e-01	3.067187e-04
6.151424e-01	2.905598e-04
6.151680e-01	2.751427e-04
6.151936e-01	2.592387e-04
6.152192e-01	2.431383e-04
6.152448e-01	2.269288e-04
6.152704e-01	2.105203e-04
6.152960e-01	1.948693e-04
6.153216e-01	1.782487e-04
6.153472e-01	1.624951e-04
6.153728e-01	1.457115e-04
6.153984e-01	1.290900e-04
6.154240e-01	1.126822e-04
6.154496e-01	9.594990e-05
6.154752e-01	7.978979e-05
6.155008e-01	6.295089e-05
6.155264e-01	4.632345e-05
6.155520e-01	2.971052e-05
6.155776e-01	1.336212e-05
6.156032e-01	-3.933884e-06
6.156288e-01	-2.061784e-05
6.156544e-01	-3.670828e-05
6.156800e-01	-5.384631e-05
6.157056e-01	-7.011671e-05
6.157312e-01	-8.727013e-05
6.157568e-01	-1.033797e-04
6.157824e-01	-1.205322e-04
6.158080e-01	-1.372462e-04
6.158336e-01	-1.533034e-04
6.158592e-01	-1.701321e-04
6.158848e-01	-1.863183e-04
6.159104e-01	-2.034447e-04
6.159360e-01	-2.193884e-04
6.159616e-01	-2.360217e-04
6.159872e-01	-2.524008e-04
6.160128e-01	-2.683280e-04
6.160384e-01	-2.848911e-04
6.160640e-01	-3.004213e-04
6.160896e-01	-3.170315e-04
6.161152e-01	-3.327468e-04
6.161408e-01	-3.487781e-04
6.161664e-01	-3.652080e-04
6.161920e-01	-3.800603e-04
6.162176e-01	-3.959634e-04
6.162432e-01	-4.116744e-04
6.162688e-01	-4.268406e-04
6.162944e-01	-4.423334e-04
6.163200e-01	-4.576566e-04
6.163456e-01	-4.727081e-04
6.163712e-01	-4.874813e-04
6.163968e-01	-5.022637e-04
6.164224e-01	-5.169412e-04
6.164480e-01	-5.324206e-04
6.164736e-01	-5.462170e-04
6.164992e-01	-5.604621e-04
6.165248e-01	-5.747434e-04
6.165504e-01	-5.889279e-04
6.165760e-01	-6.029451e-04
6.166016e-01	-6.162092e-04
6.166272e-01	-6.303402e-04
6.166528e-01	-6.432205e-04
6.166784e-01	-6.562930e-04
6.167040e-01	-6.695538e-04
6.167296e-01	-6.822608e-04
6.167552e-01	-6.952658e-04
6.167808e-01	-7.080181e-04
6.168064e-01	-7.198849e-04
6.168320e-01	-7.319110e-04
6.168576e-01	-7.440701e-04
6.168832e-01	-7.557506e-04
6.169088e-01	-7.673663e-04
6.169344e-01	-7.784312e-04
6.169600e-01	-7.895343e-04
6.169856e-01	-8.003688e-04
6.170112e-01	-8.115224e-04
6.170368e-01	-8.215659e-04
6.170624e-01	-8.319048e-04
6.170880e-01	-8.419232e-04
6.171136e-01	-8.516181e-04
6.171392e-01	-8.612133e-04
6.171648e-01	-8.705620e-04
6.171904e-01	-8.799372e-04
6.172160e-01	-8.881601e-04
6.172416e-01	-8.969260e-04
6.172672e-01	-9.052901e-04
6.172928e-01	-9.132968e-04
6.173184e-01	-9.213984e-04
6.173440e-01	-9.289166e-04
6.173696e-01	-9.362741e-04
6.173952e-01	-9.431985e-04
6.174208e-01	-9.503056e-04
6.174464e-01	-9.566359e-04
6.174720e-01	-9.633621e-04
6.174976e-01	-9.696053e-04
6.175232e-01	-9.750989e-04
6.175488e-01	-9.806161e-04
6.175744e-01	-9.857600e-04
6.176000e-01	-9.908224e-04
6.176256e-01	-9.953026e-04
6.176512e-01	-1.000015e-03
6.176768e-01	-1.003955e-03
6.177024e-01	-1.007971e-03
6.177280e-01	-1.012063e-03
6.177536e-01	-1.015060e-03
6.177792e-01	-1.018524e-03
6.178048e-01	-1.020985e-03
6.178304e-01	-1.023556e-03
6.178560e-01	-1.025795e-03
6.178816e-01	-1.027485e-03
6.179072e-01	-1.029227e-03
6.179328e-01	-1.030560e-03
6.179584e-01	-1.032013e-03
6.179840e-01	-1.032459e-03
6.180096e-01	-1.033135e-03
6.180352e-01	-1.033708e-03
6.180608e-01	-1.033129e-03
6.180864e-01	-1.033143e-03
6.181120e-01	-1.032031e-03
6.181376e-01	-1.031477e-03
6.181632e-01	-1.030377e-03
6.181888e-01	-1.028724e-03
6.182144e-01	-1.027355e-03
6.182400e-01	-1.025332e-03
6.182656e-01	-1.023395e-03
6.182912e-01	-1.020598e-03
6.183168e-01	-1.017906e-03
6.183424e-01	-1.015015e-03
6.183680e-01	-1.011652e-03
6.183936e-01	-1.007997e-03
6.184192e-01	-1.004124e-03
6.184448e-01	-1.000048e-03
6.184704e-01	-9.956772e-04
6.184960e-01	-9.910694e-04
6.185216e-01	-9.858527e-04
6.185472e-01	-9.813434e-04
6.185728e-01	-9.756974e-04
6.185984e-01	-9.700255e-04
6.186240e-01	-9.639871e-04
6.186496e-01	-9.574044e-04
6.186752e-01	-9.513344e-04
6.187008e-01	-9.445675e-04
6.187264e-01	-9.378534e-04
6.187520e-01	-9.304301e-04
6.187776e-01	-9.229056e-04
6.188032e-01	-9.158233e-04
6.188288e-01	-9.074754e-04
6.188544e-01	-8.995160e-04
6.188800e-01	-8.912757e-04
6.189056e-01	-8.821696e-04
6.189312e-01	-8.737211e-04
6.189568e-01	-8.645643e-04
6.189824e-01	-8.552633e-04
6.190080e-01	-8.461856e-04
6.190336e-01	-8.363128e-04
6.190592e-01	-8.266337e-04
6.190848e-01	-8.160753e-04
6.191104e-01	-8.063630e-04
6.191360e-01	-7.956981e-04
6.191616e-01	-7.845864e-04
6.191872e-01	-7.737596e-04
6.192128e-01	-7.624712e-04
6.192384e-01	-7.515835e-04
6.192640e-01	-7.394996e-04
6.192896e-01	-7.283901e-04
6.193152e-01	-7.163927e-04
6.193408e-01	-7.041378e-04
6.193664e-01	-6.921239e-04
6.193920e-01	-6.793973e-04
6.194176e-01	-6.674706e-04
6.194432e-01	-6.544132e-04
6.194688e-01	-6.412308e-04
6.194944e-01	-6.280177e-04
6.195200e-01	-6.153049e-04
6.195456e-01	-6.017265e-04
6.195712e-01	-5.881768e-04
6.195968e-01	-5.745945e-04
6.196224e-01	-5.606064e-04
6.196480e-01	-5.470369e-04
6.196736e-01	-5.326522e-04
6.196992e-01	-5.186676e-04
6.197248e-01	-5.046166e-04
6.197504e-01	-4.897951e-04
6.197760e-01	-4.752555e-04
6.198016e-01	-4.607795e-04
6.198272e-01	-4.457266e-04
6.198528e-01	-4.310123e-04
6.198784e-01	-4.160804e-04
6.199040e-01	-4.006994e-04
6.199296e-01	-3.859773e-04
6.199552e-01	-3.704748e-04
6.199808e-01	-3.551071e-04
6.200064e-01	-3.394397e-04
6.200320e-01	-3.241488e-04
6.200576e-01	-3.082186e-04
6.200832e-01	-2.926938e-04
6.201088e-01	-2.774588e-04
6.201344e-01	-2.609646e-04
6.201600e-01	-2.454955e-04
6.201856e-01	-2.298981e-04
6.202112e-01	-2.135911e-04
6.202368e-01	-1.974442e-04
6.202624e-01	-1.819697e-04
6.202880e-01	-1.654650e-04
6.203136e-01	-1.492224e-04
6.203392e-01	-1.335987e-04
6.203648e-01	-1.167928e-04
6.203904e-01	-1.009502e-04
6.204160e-01	-8.491911e-05
6.204416e-01	-6.889564e-05
6.204672e-01	-5.239023e-05
6.204928e-01	-3.598932e-05
6.205184e-01	-2.040827e-05
6.205440e-01	-3.961719e-06
6.205696e-01	1.227238e-05
6.205952e-01	2.823444e-05
6.206208e-01	4.477073e-05
6.206464e-01	6.099293e-05
6.206720e-01	7.700579e-05
6.206976e-01	9.276989e-05
6.207232e-01	1.090660e-04
6.207488e-01	1.251624e-04
6.207744e-01	1.410523e-04
6.208000e-01	1.568917e-04
6.208256e-01	1.727387e-04
6.208512e-01	1.890269e-04
6.208768e-01	2.049491e-04
6.209024e-01	2.204466e-04
6.209280e-01	2.358647e-04
6.209536e-01	2.517774e-04
6.209792e-01	2.668767e-04
6.210048e-01	2.824533e-04
6.210304e-01	2.980359e-04
6.210560e-01	3.128192e-04
6.210816e-01	3.286646e-04
6.211072e-01	3.432803e-04
6.211328e-01	3.582197e-04
6.211584e-01	3.733122e-04
6.211840e-01	3.881369e-04
6.212096e-01	4.031591e-04
6.212352e-01	4.173905e-04
6.212608e-01	4.318040e-04
6.212864e-01	4.469495e-04
6.213120e-01	4.609208e-04
6.213376e-01	4.750610e-04
6.213632e-01	4.895300e-04
6.213888e-01	5.029046e-04
6.214144e-01	5.165921e-04
6.214400e-01	5.304441e-04
6.214656e-01	5.439849e-04
6.214912e-01	5.574529e-04
6.215168e-01	5.701196e-04
6.215424e-01	5.831715e-04
6.215680e-01	5.965534e-04
6.215936e-01	6.092816e-04
6.216192e-01	6.217895e-04
6.216448e-01	6.344263e-04
6.216704e-01	6.467355e-04
6.216960e-01	6.588529e-04
6.217216e-01	6.706215e-04
6.217472e-01	6.821013e-04
6.217728e-01	6.941077e-04
6.217984e-01	7.058825e-04
6.218240e-01	7.168646e-04
6.218496e-01	7.279367e-04
6.218752e-01	7.388570e-04
6.219008e-01	7.499099e-04
6.219264e-01	7.602794e-04
6.219520e-01	7.703695e-04
6.219776e-01	7.805925e-04
6.220032e-01	7.907961e-04
6.220288e-01	8.003515e-04
6.220544e-01	8.095155e-04
6.220800e-01	8.193629e-04
6.221056e-01	8.286040e-04
6.221312e-01	8.371164e-04
6.221568e-01	8.459816e-04
6.221824e-01	8.547820e-04
6.222080e-01	8.628871e-04
6.222336e-01	8.706480e-04
6.222592e-01	8.784005e-04
6.222848e-01	8.859703e-04
6.223104e-01	8.939144e-04
6.223360e-01	9.005699e-04
6.223616e-01	9.074924e-04
6.223872e-01	9.146297e-04
6.224128e-01	9.209103e-04
6.224384e-01	9.273573e-04
6.224640e-01	9.332328e-04
6.224896e-01	9.387931e-04
6.225152e-01	9.443961e-04
6.225408e-01	9.498588e-04
6.225664e-01	9.551963e-04
6.225920e-01	9.600929e-04
6.226176e-01	9.645231e-04
6.226432e-01	9.685780e-04
6.226688e-01	9.732764e-04
6.226944e-01	9.769364e-04
6.227200e-01	9.806339e-04
6.227456e-01	9.843064e-04
6.227712e-01	9.876217e-04
6.227968e-01	9.905095e-04
6.228224e-01	9.928338e-04
6.228480e-01	9.957523e-04
6.228736e-01	9.975504e-04
6.228992e-01	9.988915e-04
6.229248e-01	1.000929e-03
6.229504e-01	1.002553e-03
6.229760e-01	1.003455e-03
6.230016e-01	1.004643e-03
6.230272e-01	1.005596e-03
6.230528e-01	1.005846e-03
6.230784e-01	1.005891e-03
6.231040e-01	1.006056e-03
6.231296e-01	1.005888e-03
6.231552e-01	1.004920e-03
6.231808e-01	1.004587e-03
6.232064e-01	1.003271e-03
6.232320e-01	1.001931e-03
6.232576e-01	1.000858e-03
6.232832e-01	9.989605e-04
6.233088e-01	9.969478e-04
6.233344e-01	9.946550e-04
6.233600e-01	9.920637e-04
6.233856e-01	9.894898e-04
6.234112e-01	9.860949e-04
6.234368e-01	9.827167e-04
6.234624e-01	9.794999e-04
6.234880e-01	9.756666e-04
6.235136e-01	9.715534e-04
6.235392e-01	9.677237e-04
6.235648e-01	9.631953e-04
6.235904e-01	9.582305e-04
6.236160e-01	9.535530e-04
6.236416e-01	9.483774e-04
6.236672e-01	9.428975e-04
6.236928e-01	9.372488e-04
6.237184e-01	9.310836e-04
6.237440e-01	9.249880e-04
6.237696e-01	9.184866e-04
6.237952e-01	9.118821e-04
6.238208e-01	9.051068e-04
6.238464e-01	8.977434e-04
6.238720e-01	8.904504e-04
6.238976e-01	8.830988e-04
6.239232e-01	8.750967e-04
6.239488e-01	8.671057e-04
6.239744e-01	8.587405e-04
6.240000e-01	8.505125e-04
6.240256e-01	8.417736e-04
6.240512e-01	8.324328e-04
6.240768e-01	8.237445e-04
6.241024e-01	8.142689e-04
6.241280e-01	8.044512e-04
6.241536e-01	7.951866e-04
6.241792e-01	7.850406e-04
6.242048e-01	7.745192e-04
6.242304e-01	7.643641e-04
6.242560e-01	7.538802e-04
6.242816e-01	7.430691e-04
6.243072e-01	7.318933e-04
6.243328e-01	7.203901e-04
6.243584e-01	7.093626e-04
6.243840e-01	6.976813e-04
6.244096e-01	6.858713e-04
6.244352e-01	6.741611e-04
6.244608e-01	6.616837e-04
6.244864e-01	6.493619e-04
6.245120e-01	6.372621e-04
6.245376e-01	6.243660e-04
6.245632e-01	6.112267e-04
6.245888e-01	5.982912e-04
6.246144e-01	5.852520e-04
6.246400e-01	5.714900e-04
6.246656e-01	5.588594e-04
6.246912e-01	5.447184e-04
6.247168e-01	5.306999e-04
6.247424e-01	5.174016e-04
6.247680e-01	5.028494e-04
6.247936e-01	4.887247e-04
6.248192e-01	4.740602e-04
6.248448e-01	4.598638e-04
6.248704e-01	4.450294e-04
6.248960e-01	4.302640e-04
6.249216e-01	4.156121e-04
6.249472e-01	4.003774e-04
6.249728e-01	3.854157e-04
6.249984e-01	3.696724e-04
6.250240e-01	3.547799e-04
6.250496e-01	3.393235e-04
6.250752e-01	3.232707e-04
6.251008e-01	3.080684e-04
6.251264e-01	2.925371e-04
6.251520e-01	2.763057e-04
6.251776e-01	2.602595e-04
6.252032e-01	2.446939e-04
6.252288e-01	2.288978e-04
6.252544e-01	2.125621e-04
6.252800e-01	1.961328e-04
6.253056e-01	1.800009e-04
6.253312e-01	1.637640e-04
6.253568e-01	1.468388e-04
6.253824e-01	1.308587e-04
6.254080e-01	1.141570e-04
6.254336e-01	9.748015e-05
6.254592e-01	8.107937e-05
6.254848e-01	6.458204e-05
6.255104e-01	4.793339e-05
6.255360e-01	3.124981e-05
6.255616e-01	1.470658e-05
6.255872e-01	-2.222358e-06
6.256128e-01	-1.824644e-05
6.256384e-01	-3.539121e-05
6.256640e-01	-5.198223e-05
6.256896e-01	-6.868636e-05
6.257152e-01	-8.570380e-05
6.257408e-01	-1.017199e-04
6.257664e-01	-1.188250e-04
6.257920e-01	-1.349746e-04
6.258176e-01	-1.521857e-04
6.258432e-01	-1.686817e-04
6.258688e-01	-1.847707e-04
6.258944e-01	-2.011712e-04
6.259200e-01	-2.176358e-04
6.259456e-01	-2.346311e-04
6.259712e-01	-2.508130e-04
6.259968e-01	-2.667770e-04
6.260224e-01	-2.833026e-04
6.260480e-01	-2.995835e-04
6.260736e-01	-3.150580e-04
6.260992e-01	-3.319280e-04
6.261248e-01	-3.469608e-04
6.261504e-01	-3.628982e-04
6.261760e-01	-3.792130e-04
6.262016e-01	-3.940818e-04
6.262272e-01	-4.104844e-04
6.262528e-01	-4.252797e-04
6.262784e-01	-4.407722e-04
6.263040e-01	-4.561585e-04
6.263296e-01	-4.710282e-04
6.263552e-01	-4.861169e-04
6.263808e-01	-5.011280e-04
6.264064e-01	-5.158752e-04
6.264320e-01	-5.303953e-04
6.264576e-01	-5.448051e-04
6.264832e-01	-5.592954e-04
6.265088e-01	-5.736698e-04
6.265344e-01	-5.874279e-04
6.265600e-01	-6.012884e-04
6.265856e-01	-6.149617e-04
6.266112e-01	-6.285329e-04
6.266368e-01	-6.421049e-04
6.266624e-01	-6.552672e-04
6.266880e-01	-6.683366e-04
6.267136e-01	-6.811087e-04
6.267392e-01	-6.938935e-04
6.267648e-01	-7.063888e-04
6.267904e-01	-7.186255e-04
6.268160e-01	-7.307364e-04
6.268416e-01	-7.429665e-04
6.268672e-01	-7.543516e-04
6.268928e-01	-7.659088e-04
6.269184e-01	-7.779704e-04
6.269440e-01	-7.886628e-04
6.269696e-01	-7.997037e-04
6.269952e-01	-8.102617e-04
6.270208e-01	-8.202234e-04
6.270464e-01	-8.312612e-04
6.270720e-01	-8.406310e-04
6.270976e-01	-8.502607e-04
6.271232e-01	-8.605111e-04
6.271488e-01	-8.697211e-04
6.271744e-01	-8.787777e-04
6.272000e-01	-8.878410e-04
6.272256e-01	-8.965286e-04
6.272512e-01	-9.043679e-04
6.272768e-01	-9.128333e-04
6.273024e-01	-9.208056e-04
6.273280e-01	-9.280147e-04
6.273536e-01	-9.356034e-04
6.273792e-01	-9.427455e-04
6.274048e-01	-9.498028e-04
6.274304e-01	-9.559937e-04
6.274560e-01	-9.623963e-04
6.274816e-01	-9.684936e-04
6.275072e-01	-9.743676e-04
6.275328e-01	-9.797346e-04
6.275584e-01	-9.851899e-04
6.275840e-01	-9.903148e-04
6.276096e-01	-9.948126e-04
6.276352e-01	-9.999025e-04
6.276608e-01	-1.003421e-03
6.276864e-01	-1.007160e-03
6.277120e-01	-1.011219e-03
6.277376e-01	-1.014650e-03
6.277632e-01	-1.017823e-03
6.277888e-01	-1.019904e-03
6.278144e-01	-1.022710e-03
6.278400e-01	-1.025349e-03
6.278656e-01	-1.027221e-03
6.278912e-01	-1.028859e-03
6.279168e-01	-1.030212e-03
6.279424e-01	-1.031372e-03
6.279680e-01	-1.032295e-03
6.279936e-01	-1.032799e-03
6.280192e-01	-1.032793e-03
6.280448e-01	-1.032764e-03
6.280704e-01	-1.032930e-03
6.280960e-01	-1.032050e-03
6.281216e-01	-1.031303e-03
6.281472e-01	-1.030728e-03
6.281728e-01	-1.029290e-03
6.281984e-01	-1.027600e-03
6.282240e-01	-1.025299e-03
6.282496e-01	-1.022803e-03
6.282752e-01	-1.020704e-03
6.283008e-01	-1.017991e-03
6.283264e-01	-1.015018e-03
6.283520e-01	-1.011543e-03
6.283776e-01	-1.008199e-03
6.284032e-01	-1.004236e-03
6.284288e-01	-1.000127e-03
6.284544e-01	-9.954678e-04
6.284800e-01	-9.909387e-04
6.285056e-01	-9.866676e-04
6.285312e-01	-9.810783e-04
6.285568e-01	-9.759659e-04
6.285824e-01	-9.702158e-04
6.286080e-01	-9.644313e-04
6.286336e-01	-9.584072e-04
6.286592e-01	-9.515661e-04
6.286848e-01	-9.449513e-04
6.287104e-01	-9.380701e-04
6.287360e-01	-9.308525e-04
6.287616e-01	-9.237903e-04
6.287872e-01	-9.162778e-04
6.288128e-01	-9.079177e-04
6.288384e-01	-9.002298e-04
6.288640e-01	-8.915965e-04
6.288896e-01	-8.834103e-04
6.289152e-01	-8.748017e-04
6.289408e-01	-8.652835e-04
6.289664e-01	-8.561901e-04
6.289920e-01	-8.465021e-04
6.290176e-01	-8.370202e-04
6.290432e-01	-8.271732e-04
6.290688e-01	-8.168239e-04
6.290944e-01	-8.069620e-04
6.291200e-01	-7.962887e-04
6.291456e-01	-7.858108e-04
6.291712e-01	-7.749004e-04
6.291968e-01	-7.636228e-04
6.292224e-01	-7.526520e-04
6.292480e-01	-7.410564e-04
6.292736e-01	-7.293489e-04
6.292992e-01	-7.174195e-04
6.293248e-01	-7.054283e-04
6.293504e-01	-6.932959e-04
6.293760e-01	-6.809953e-04
6.294016e-01	-6.685650e-04
6.294272e-01	-6.556694e-04
6.294528e-01	-6.424371e-04
6.294784e-01	-6.296401e-04
6.295040e-01	-6.164804e-04
6.295296e-01	-6.027111e-04
6.295552e-01	-5.897841e-04
6.295808e-01	-5.761028e-04
6.296064e-01	-5.619814e-04
6.296320e-01	-5.480934e-04
6.296576e-01	-5.340714e-04
6.296832e-01	-5.198815e-04
6.297088e-01	-5.057822e-04
6.297344e-01	-4.914171e-04
6.297600e-01	-4.766626e-04
6.297856e-01	-4.619674e-04
6.298112e-01	-4.473954e-04
6.298368e-01	-4.324340e-04
6.298624e-01	-4.176557e-04
6.298880e-01	-4.024468e-04
6.299136e-01	-3.872102e-04
6.299392e-01	-3.718433e-04
6.299648e-01	-3.566287e-04
6.299904e-01	-3.411208e-04
6.300160e-01	-3.255647e-04
6.300416e-01	-3.098561e-04
6.300672e-01	-2.943232e-04
6.300928e-01	-2.789505e-04
6.301184e-01	-2.624663e-04
6.301440e-01	-2.469818e-04
6.301696e-01	-2.313519e-04
6.301952e-01	-2.150420e-04
6.302208e-01	-1.992903e-04
6.302464e-01	-1.830770e-04
6.302720e-01	-1.669729e-04
6.302976e-01	-1.511350e-04
6.303232e-01	-1.349278e-04
6.303488e-01	-1.188154e-04
6.303744e-01	-1.029095e-04
6.304000e-01	-8.649455e-05
6.304256e-01	-7.026837e-05
6.304512e-01	-5.413137e-05
6.304768e-01	-3.825185e-05
6.305024e-01	-2.207320e-05
6.305280e-01	-5.686412e-06
6.305536e-01	1.050932e-05
6.305792e-01	2.700439e-05
6.306048e-01	4.293777e-05
6.306304e-01	5.930429e-05
6.306560e-01	7.546160e-05
6.306816e-01	9.106034e-05
6.307072e-01	1.078550e-04
6.307328e-01	1.235715e-04
6.307584e-01	1.394656e-04
6.307840e-01	1.554124e-04
6.308096e-01	1.711440e-04
6.308352e-01	1.873358e-04
6.308608e-01	2.027438e-04
6.308864e-01	2.188454e-04
6.309120e-01	2.345010e-04
6.309376e-01	2.497563e-04
6.309632e-01	2.656493e-04
6.309888e-01	2.806903e-04
6.310144e-01	2.962107e-04
6.310400e-01	3.114295e-04
6.310656e-01	3.270345e-04
6.310912e-01	3.420448e-04
6.311168e-01	3.569258e-04
6.311424e-01	3.721228e-04
6.311680e-01	3.865225e-04
6.311936e-01	4.018132e-04
6.312192e-01	4.162547e-04
6.312448e-01	4.307791e-04
6.312704e-01	4.452220e-04
6.312960e-01	4.593406e-04
6.313216e-01	4.734455e-04
6.313472e-01	4.875565e-04
6.313728e-01	5.014279e-04
6.313984e-01	5.147264e-04
6.314240e-01	5.292047e-04
6.314496e-01	5.424969e-04
6.314752e-01	5.557970e-04
6.315008e-01	5.690628e-04
6.315264e-01	5.822637e-04
6.315520e-01	5.953878e-04
6.315776e-01	6.077697e-04
6.316032e-01	6.206430e-04
6.316288e-01	6.333271e-04
6.316544e-01	6.450512e-04
6.316800e-01	6.574699e-04
6.317056e-01	6.692728e-04
6.317312e-01	6.811858e-04
6.317568e-01	6.930454e-04
6.317824e-01	7.042651e-04
6.318080e-01	7.158866e-04
6.318336e-01	7.265214e-04
6.318592e-01	7.378420e-04
6.318848e-01	7.485910e-04
6.319104e-01	7.588823e-04
6.319360e-01	7.694403e-04
6.319616e-01	7.796680e-04
6.319872e-01	7.893834e-04
6.320128e-01	7.989911e-04
6.320384e-01	8.087968e-04
6.320640e-01	8.176829e-04
6.320896e-01	8.273207e-04
6.321152e-01	8.356749e-04
6.321408e-01	8.449992e-04
6.321664e-01	8.536853e-04
6.321920e-01	8.617305e-04
6.322176e-01	8.701598e-04
6.322432e-01	8.771706e-04
6.322688e-01	8.856816e-04
6.322944e-01	8.929649e-04
6.323200e-01	8.999219e-04
6.323456e-01	9.074832e-04
6.323712e-01	9.137543e-04
6.323968e-01	9.201287e-04
6.324224e-01	9.265411e-04
6.324480e-01	9.329428e-04
6.324736e-01	9.383726e-04
6.324992e-01	9.439234e-04
6.325248e-01	9.496664e-04
6.325504e-01	9.544778e-04
6.325760e-01	9.592887e-04
6.326016e-01	9.640153e-04
6.326272e-01	9.683032e-04
6.326528e-01	9.727374e-04
6.326784e-01	9.765182e-04
6.327040e-01	9.803306e-04
6.327296e-01	9.837879e-04
6.327552e-01	9.869307e-04
6.327808e-01	9.898052e-04
6.328064e-01	9.923276e-04
6.328320e-01	9.950434e-04
6.328576e-01	9.973174e-04
6.328832e-01	9.994779e-04
6.329088e-01	1.000949e-03
6.329344e-01	1.002729e-03
6.329600e-01	1.003713e-03
6.329856e-01	1.004291e-03
6.330112e-01	1.005491e-03
6.330368e-01	1.005563e-03
6.330624e-01	1.005983e-03
6.330880e-01	1.006085e-03
6.331136e-01	1.005840e-03
6.331392e-01	1.005610e-03
6.331648e-01	1.005011e-03
6.331904e-01	1.003446e-03
6.332160e-01	1.002317e-03
6.332416e-01	1.000949e-03
6.332672e-01	9.991991e-04
6.332928e-01	9.970305e-04
6.333184e-01	9.947993e-04
6.333440e-01	9.925988e-04
6.333696e-01	9.893916e-04
6.333952e-01	9.864875e-04
6.334208e-01	9.832523e-04
6.334464e-01	9.797718e-04
6.334720e-01	9.762096e-04
6.334976e-01	9.722260e-04
6.335232e-01	9.682482e-04
6.335488e-01	9.637289e-04
6.335744e-01	9.588180e-04
6.336000e-01	9.539288e-04
6.336256e-01	9.488152e-04
6.336512e-01	9.432276e-04
6.336768e-01	9.375314e-04
6.337024e-01	9.315535e-04
6.337280e-01	9.254680e-04
6.337536e-01	9.189126e-04
6.337792e-01	9.125812e-04
6.338048e-01	9.059832e-04
6.338304e-01	8.988580e-04
6.338560e-01	8.915449e-04
6.338816e-01	8.837058e-04
6.339072e-01	8.760356e-04
6.339328e-01	8.678323e-04
6.339584e-01	8.595868e-04
6.339840e-01	8.514344e-04
6.340096e-01	8.424863e-04
6.340352e-01	8.336884e-04
6.340608e-01	8.245448e-04
6.340864e-01	8.155956e-04
6.341120e-01	8.055394e-04
6.341376e-01	7.958877e-04
6.341632e-01	7.857631e-04
6.341888e-01	7.752689e-04
6.342144e-01	7.655523e-04
6.342400e-01	7.545682e-04
6.342656e-01	7.441788e-04
6.342912e-01	7.330082e-04
6.343168e-01	7.215512e-04
6.343424e-01	7.108179e-04
6.343680e-01	6.986178e-04
6.343936e-01	6.867460e-04
6.344192e-01	6.752418e-04
6.344448e-01	6.629190e-04
6.344704e-01	6.508632e-04
6.344960e-01	6.382790e-04
6.345216e-01	6.252456e-04
6.345472e-01	6.126733e-04
6.345728e-01	5.999896e-04
6.345984e-01	5.865210e-04
6.346240e-01	5.728411e-04
6.346496e-01	5.595357e-04
6.346752e-01	5.460565e-04
6.347008e-01	5.324979e-04
6.347264e-01	5.180828e-04
6.347520e-01	5.046128e-04
6.347776e-01	4.900732e-04
6.348032e-01	4.755774e-04
6.348288e-01	4.611770e-04
6.348544e-01	4.463613e-04
6.348800e-01	4.319540e-04
6.349056e-01	4.167784e-04
6.349312e-01	4.018880e-04
6.349568e-01	3.865137e-04
6.349824e-01	3.713295e-04
6.350080e-01	3.562095e-04
6.350336e-01	3.406912e-04
6.350592e-01	3.247955e-04
6.350848e-01	3.093806e-04
6.351104e-01	2.937796e-04
6.351360e-01	2.778312e-04
6.351616e-01	2.623584e-04
6.351872e-01	2.461046e-04
6.352128e-01	2.301071e-04
6.352384e-01	2.138816e-04
6.352640e-01	1.978207e-04
6.352896e-01	1.813511e-04
6.353152e-01	1.651171e-04
6.353408e-01	1.487570e-04
6.353664e-01	1.322784e-04
6.353920e-01	1.162984e-04
6.354176e-01	9.928559e-05
6.354432e-01	8.308914e-05
6.354688e-01	6.657966e-05
6.354944e-01	4.922632e-05
6.355200e-01	3.303108e-05
6.355456e-01	1.636566e-05
6.355712e-01	-3.400732e-07
6.355968e-01	-1.737046e-05
6.356224e-01	-3.393146e-05
6.356480e-01	-5.051060e-05
6.356736e-01	-6.712207e-05
6.356992e-01	-8.350988e-05
6.357248e-01	-1.006561e-04
6.357504e-01	-1.167940e-04
6.357760e-01	-1.337779e-04
6.358016e-01	-1.502761e-04
6.358272e-01	-1.668515e-04
6.358528e-01	-1.840228e-04
6.358784e-01	-1.996167e-04
6.359040e-01	-2.161995e-04
6.359296e-01	-2.328113e-04
6.359552e-01	-2.490850e-04
6.359808e-01	-2.656148e-04
6.360064e-01	-2.816083e-04
6.360320e-01	-2.973645e-04
6.360576e-01	-3.141933e-04
6.360832e-01	-3.299462e-04
6.361088e-01	-3.455498e-04
6.361344e-01	-3.617685e-04
6.361600e-01	-3.773675e-04
6.361856e-01	-3.930680e-04
6.362112e-01	-4.087717e-04
6.362368e-01	-4.241448e-04
6.362624e-01	-4.391044e-04
6.362880e-01	-4.546863e-04
6.363136e-01	-4.695000e-04
6.363392e-01	-4.843589e-04
6.363648e-01	-4.997318e-04
6.363904e-01	-5.142031e-04
6.364160e-01	-5.292532e-04
6.364416e-01	-5.433259e-04
6.364672e-01	-5.579077e-04
6.364928e-01	-5.720929e-04
6.365184e-01	-5.859078e-04
6.365440e-01	-6.002290e-04
6.365696e-01	-6.135713e-04
6.365952e-01	-6.274423e-04
6.366208e-01	-6.410036e-04
6.366464e-01	-6.539357e-04
6.366720e-01	-6.670475e-04
6.366976e-01	-6.800707e-04
6.367232e-01	-6.922396e-04
6.367488e-01	-7.053806e-04
6.367744e-01	-7.175899e-04
6.368000e-01	-7.290955e-04
6.368256e-01	-7.419182e-04
6.368512e-01	-7.531872e-04
6.368768e-01	-7.649548e-04
6.369024e-01	-7.762706e-04
6.369280e-01	-7.874013e-04
6.369536e-01	-7.985764e-04
6.369792e-01	-8.092099e-04
6.370048e-01	-8.198093e-04
6.370304e-01	-8.301573e-04
6.370560e-01	-8.403047e-04
6.370816e-01	-8.498546e-04
6.371072e-01	-8.598004e-04
6.371328e-01	-8.689252e-04
6.371584e-01	-8.778381e-04
6.371840e-01	-8.872900e-04
6.372096e-01	-8.954905e-04
6.372352e-01	-9.039888e-04
6.372608e-01	-9.121032e-04
6.372864e-01	-9.199672e-04
6.373120e-01	-9.275966e-04
6.373376e-01	-9.348869e-04
6.373632e-01	-9.421380e-04
6.373888e-01	-9.492784e-04
6.374144e-01	-9.557101e-04
6.374400e-01	-9.620778e-04
6.374656e-01	-9.683876e-04
6.374912e-01	-9.737828e-04
6.375168e-01	-9.798416e-04
6.375424e-01	-9.847606e-04
6.375680e-01	-9.897696e-04
6.375936e-01	-9.948539e-04
6.376192e-01	-9.990379e-04
6.376448e-01	-1.003541e-03
6.376704e-01	-1.007216e-03
6.376960e-01	-1.010673e-03
6.377216e-01	-1.014531e-03
6.377472e-01	-1.017725e-03
6.377728e-01	-1.020333e-03
6.377984e-01	-1.023142e-03
6.378240e-01	-1.025079e-03
6.378496e-01	-1.027192e-03
6.378752e-01	-1.028843e-03
6.379008e-01	-1.030403e-03
6.379264e-01	-1.031444e-03
6.379520e-01	-1.031970e-03
6.379776e-01	-1.033017e-03
6.380032e-01	-1.033358e-03
6.380288e-01	-1.033315e-03
6.380544e-01	-1.032983e-03
6.380800e-01	-1.032345e-03
6.381056e-01	-1.031935e-03
6.381312e-01	-1.030724e-03
6.381568e-01	-1.029399e-03
6.381824e-01	-1.027585e-03
6.382080e-01	-1.025600e-03
6.382336e-01	-1.023593e-03
6.382592e-01	-1.021030e-03
6.382848e-01	-1.018567e-03
6.383104e-01	-1.015302e-03
6.383360e-01	-1.012244e-03
6.383616e-01	-1.008589e-03
6.383872e-01	-1.004537e-03
6.384128e-01	-1.000751e-03
6.384384e-01	-9.962237e-04
6.384640e-01	-9.917450e-04
6.384896e-01	-9.870112e-04
6.385152e-01	-9.820521e-04
6.385408e-01	-9.763383e-04
6.385664e-01	-9.707380e-04
6.385920e-01	-9.649592e-04
6.386176e-01	-9.585925e-04
6.386432e-01	-9.520342e-04
6.386688e-01	-9.459135e-04
6.386944e-01	-9.388783e-04
6.387200e-01	-9.314072e-04
6.387456e-01	-9.245428e-04
6.387712e-01	-9.168740e-04
6.387968e-01	-9.086858e-04
6.388224e-01	-9.009792e-04
6.388480e-01	-8.926952e-04
6.388736e-01	-8.838513e-04
6.388992e-01	-8.757831e-04
6.389248e-01	-8.665000e-04
6.389504e-01	-8.571581e-04
6.389760e-01	-8.478662e-04
6.390016e-01	-8.377797e-04
6.390272e-01	-8.283113e-04
6.390528e-01	-8.180954e-04
6.390784e-01	-8.076971e-04
6.391040e-01	-7.977253e-04
6.391296e-01	-7.868246e-04
6.391552e-01	-7.756848e-04
6.391808e-01	-7.648677e-04
6.392064e-01	-7.534856e-04
6.392320e-01	-7.424980e-04
6.392576e-01	-7.304653e-04
6.392832e-01	-7.183917e-04
6.393088e-01	-7.066967e-04
6.393344e-01	-6.942808e-04
6.393600e-01	-6.817624e-04
6.393856e-01	-6.693337e-04
6.394112e-01	-6.569233e-04
6.394368e-01	-6.435195e-04
6.394624e-01	-6.304622e-04
6.394880e-01	-6.176019e-04
6.395136e-01	-6.040939e-04
6.395392e-01	-5.909723e-04
6.395648e-01	-5.771143e-04
6.395904e-01	-5.633954e-04
6.396160e-01	-5.494443e-04
6.396416e-01	-5.354326e-04
6.396672e-01	-5.214535e-04
6.396928e-01	-5.070081e-04
6.397184e-01	-4.925166e-04
6.397440e-01	-4.778689e-04
6.397696e-01	-4.635110e-04
6.397952e-01	-4.487178e-04
6.398208e-01	-4.336846e-04
6.398464e-01	-4.186645e-04
6.398720e-01	-4.040173e-04
6.398976e-01	-3.885396e-04
6.399232e-01	-3.730366e-04
6.399488e-01	-3.581460e-04
6.399744e-01	-3.424189e-04
6.400000e-01	-3.275273e-04
6.400256e-01	-3.115182e-04
6.400512e-01	-2.961344e-04
6.400768e-01	-2.802859e-04
6.401024e-01	-2.640477e-04
6.401280e-01	-2.485043e-04
6.401536e-01	-2.326012e-04
6.401792e-01	-2.167145e-04
6.402048e-01	-2.003261e-04
6.402304e-01	-1.847816e-04
6.402560e-01	-1.686376e-04
6.402816e-01	-1.528178e-04
6.403072e-01	-1.366087e-04
6.403328e-01	-1.201119e-04
6.403584e-01	-1.042878e-04
6.403840e-01	-8.786227e-05
6.404096e-01	-7.192367e-05
6.404352e-01	-5.560839e-05
6.404608e-01	-3.933804e-05
6.404864e-01	-2.310957e-05
6.405120e-01	-7.095080e-06
6.405376e-01	9.222933e-06
6.405632e-01	2.544764e-05
6.405888e-01	4.138556e-05
6.406144e-01	5.734947e-05
6.406400e-01	7.384331e-05
6.406656e-01	8.998447e-05
6.406912e-01	1.056121e-04
6.407168e-01	1.223513e-04
6.407424e-01	1.381381e-04
6.407680e-01	1.536360e-04
6.407936e-01	1.699247e-04
6.408192e-01	1.856036e-04
6.408448e-01	2.015135e-04
6.408704e-01	2.173746e-04
6.408960e-01	2.330018e-04
6.409216e-01	2.485226e-04
6.409472e-01	2.641428e-04
6.409728e-01	2.797619e-04
6.409984e-01	2.948077e-04
6.410240e-01	3.102616e-04
6.410496e-01	3.256365e-04
6.410752e-01	3.407317e-04
6.411008e-01	3.560391e-04
6.411264e-01	3.703880e-04
6.411520e-01	3.854532e-04
6.411776e-01	4.000908e-04
6.412032e-01	4.147207e-04
6.412288e-01	4.293276e-04
6.412544e-01	4.437187e-04
6.412800e-01	4.581075e-04
6.413056e-01	4.720385e-04
6.413312e-01	4.866135e-04
6.413568e-01	4.999803e-04
6.413824e-01	5.138924e-04
6.414080e-01	5.278685e-04
6.414336e-01	5.409843e-04
6.414592e-01	5.544387e-04
6.414848e-01	5.678125e-04
6.415104e-01	5.813621e-04
6.415360e-01	5.938038e-04
6.415616e-01	6.067329e-04
6.415872e-01	6.197598e-04
6.416128e-01	6.318233e-04
6.416384e-01	6.441115e-04
6.416640e-01	6.566755e-04
6.416896e-01	6.683584e-04
6.417152e-01	6.804136e-04
6.417408e-01	6.920767e-04
6.417664e-01	7.029256e-04
6.417920e-01	7.149516e-04
6.418176e-01	7.256761e-04
6.418432e-01	7.366855e-04
6.418688e-01	7.476301e-04
6.418944e-01	7.577132e-04
6.419200e-01	7.687378e-04
6.419456e-01	7.784448e-04
6.419712e-01	7.885525e-04
6.419968e-01	7.985766e-04
6.420224e-01	8.078633e-04
6.420480e-01	8.175721e-04
6.420736e-01	8.266135e-04
6.420992e-01	8.360039e-04
6.421248e-01	8.450557e-04
6.421504e-01	8.527365e-04
6.421760e-01	8.612322e-04
6.422016e-01	8.691840e-04
6.422272e-01	8.769122e-04
6.422528e-01	8.846674e-04
6.422784e-01	8.923112e-04
6.423040e-01	8.991170e-04
6.423296e-01	9.064567e-04
6.423552e-01	9.136061e-04
6.423808e-01	9.191001e-04
6.424064e-01	9.262413e-04
6.424320e-01	9.324248e-04
6.424576e-01	9.379048e-04
6.424832e-01	9.434773e-04
6.425088e-01	9.488783e-04
6.425344e-01	9.543754e-04
6.425600e-01	9.586095e-04
6.425856e-01	9.637102e-04
6.426112e-01	9.683984e-04
6.426368e-01	9.721491e-04
6.426624e-01	9.763729e-04
6.426880e-01	9.802018e-04
6.427136e-01	9.830464e-04
6.427392e-01	9.868961e-04
6.427648e-01	9.897804e-04
6.427904e-01	9.923024e-04
6.428160e-01	9.952232e-04
6.428416e-01	9.967543e-04
6.428672e-01	9.989630e-04
6.428928e-01	1.000346e-03
6.429184e-01	1.002225e-03
6.429440e-01	1.003644e-03
6.429696e-01	1.004430e-03
6.429952e-01	1.005501e-03
6.430208e-01	1.005619e-03
6.430464e-01	1.006545e-03
6.430720e-01	1.005976e-03
6.430976e-01	1.005876e-03
6.431232e-01	1.005760e-03
6.431488e-01	1.004780e-03
6.431744e-01	1.003616e-03
6.432000e-01	1.002507e-03
6.432256e-01	1.000919e-03
6.432512e-01	9.989514e-04
6.432768e-01	9.972964e-04
6.433024e-01	9.948710e-04
6.433280e-01	9.925569e-04
6.433536e-01	9.897489e-04
6.433792e-01	9.869097e-04
6.434048e-01	9.835556e-04
6.434304e-01	9.802146e-04
6.434560e-01	9.762897e-04
6.434816e-01	9.723598e-04
6.435072e-01	9.686283e-04
6.435328e-01	9.635732e-04
6.435584e-01	9.593184e-04
6.435840e-01	9.542349e-04
6.436096e-01	9.492557e-04
6.436352e-01	9.440124e-04
6.436608e-01	9.382989e-04
6.436864e-01	9.323529e-04
6.437120e-01	9.254848e-04
6.437376e-01	9.193983e-04
6.437632e-01	9.133843e-04
6.437888e-01	9.065153e-04
6.438144e-01	8.991680e-04
6.438400e-01	8.918316e-04
6.438656e-01	8.846133e-04
6.438912e-01	8.767974e-04
6.439168e-01	8.683152e-04
6.439424e-01	8.603556e-04
6.439680e-01	8.521182e-04
6.439936e-01	8.432455e-04
6.440192e-01	8.348589e-04
6.440448e-01	8.255007e-04
6.440704e-01	8.160656e-04
6.440960e-01	8.066691e-04
6.441216e-01	7.967785e-04
6.441472e-01	7.867678e-04
6.441728e-01	7.764975e-04
6.441984e-01	7.660285e-04
6.442240e-01	7.557847e-04
6.442496e-01	7.452867e-04
6.442752e-01	7.340230e-04
6.443008e-01	7.230860e-04
6.443264e-01	7.116494e-04
6.443520e-01	6.997389e-04
6.443776e-01	6.885902e-04
6.444032e-01	6.763241e-04
6.444288e-01	6.641489e-04
6.444544e-01	6.515189e-04
6.444800e-01	6.391492e-04
6.445056e-01	6.271459e-04
6.445312e-01	6.139403e-04
6.445568e-01	6.010619e-04
6.445824e-01	5.876853e-04
6.446080e-01	5.744559e-04
6.446336e-01	5.607703e-04
6.446592e-01	5.474375e-04
6.446848e-01	5.336951e-04
6.447104e-01	5.192431e-04
6.447360e-01	5.054787e-04
6.447616e-01	4.910548e-04
6.447872e-01	4.770566e-04
6.448128e-01	4.620510e-04
6.448384e-01	4.479557e-04
6.448640e-01	4.333577e-04
6.448896e-01	4.180458e-04
6.449152e-01	4.033314e-04
6.449408e-01	3.881660e-04
6.449664e-01	3.733706e-04
6.449920e-01	3.575788e-04
6.450176e-01	3.421687e-04
6.450432e-01	3.267322e-04
6.450688e-01	3.108261e-04
6.450944e-01	2.956349e-04
6.451200e-01	2.796445e-04
6.451456e-01	2.635485e-04
6.451712e-01	2.476401e-04
6.451968e-01	2.312513e-04
6.452224e-01	2.154208e-04
6.452480e-01	1.993908e-04
6.452736e-01	1.828496e-04
6.452992e-01	1.665381e-04
6.453248e-01	1.501354e-04
6.453504e-01	1.340707e-04
6.453760e-01	1.174470e-04
6.454016e-01	1.009613e-04
6.454272e-01	8.397846e-05
6.454528e-01	6.771587e-05
6.454784e-01	5.157506e-05
6.455040e-01	3.454347e-05
6.455296e-01	1.790974e-05
6.455552e-01	1.066186e-06
6.455808e-01	-1.536575e-05
6.456064e-01	-3.216694e-05
6.456320e-01	-4.886644e-05
6.456576e-01	-6.554819e-05
6.456832e-01	-8.228549e-05
6.457088e-01	-9.920051e-05
6.457344e-01	-1.156627e-04
6.457600e-01	-1.318748e-04
6.457856e-01	-1.490083e-04
6.458112e-01	-1.652747e-04
6.458368e-01	-1.820546e-04
6.458624e-01	-1.986703e-04
6.458880e-01	-2.149778e-04
6.459136e-01	-2.311525e-04
6.459392e-01	-2.476085e-04
6.459648e-01	-2.641882e-04
6.459904e-01	-2.800514e-04
6.460160e-01	-2.962927e-04
6.460416e-01	-3.123786e-04
6.460672e-01	-3.287435e-04
6.460928e-01	-3.445695e-04
6.461184e-01	-3.598289e-04
6.461440e-01	-3.760350e-04
6.461696e-01	-3.912961e-04
6.461952e-01	-4.071354e-04
6.462208e-01	-4.227654e-04
6.462464e-01	-4.377745e-04
6.462720e-01	-4.536311e-04
6.462976e-01	-4.684180e-04
6.463232e-01	-4.834831e-04
6.463488e-01	-4.986109e-04
6.463744e-01	-5.131200e-04
6.464000e-01	-5.278816e-04
6.464256e-01	-5.423900e-04
6.464512e-01	-5.568055e-04
6.464768e-01	-5.710690e-04
6.465024e-01	-5.851175e-04
6.465280e-01	-5.987697e-04
6.465536e-01	-6.126850e-04
6.465792e-01	-6.261134e-04
6.466048e-01	-6.394152e-04
6.466304e-01	-6.530467e-04
6.466560e-01	-6.661614e-04
6.466816e-01	-6.790102e-04
6.467072e-01	-6.914600e-04
6.467328e-01	-7.038933e-04
6.467584e-01	-7.162701e-04
6.467840e-01	-7.282393e-04
6.468096e-01	-7.405265e-04
6.468352e-01	-7.521686e-04
6.468608e-01	-7.638380e-04
6.468864e-01	-7.754652e-04
6.469120e-01	-7.865782e-04
6.469376e-01	-7.975115e-04
6.469632e-01	-8.082074e-04
6.469888e-01	-8.193538e-04
6.470144e-01	-8.292907e-04
6.470400e-01	-8.389601e-04
6.470656e-01	-8.494123e-04
6.470912e-01	-8.586519e-04
6.471168e-01	-8.680564e-04
6.471424e-01	-8.769241e-04
6.471680e-01	-8.859509e-04
6.471936e-01	-8.951075e-04
6.472192e-01	-9.030768e-04
6.472448e-01	-9.112679e-04
6.472704e-01	-9.193552e-04
6.472960e-01	-9.270750e-04
6.473216e-01	-9.348246e-04
6.473472e-01	-9.414178e-04
6.473728e-01	-9.478937e-04
6.473984e-01	-9.551876e-04
6.474240e-01	-9.614399e-04
6.474496e-01	-9.673437e-04
6.474752e-01	-9.734323e-04
6.475008e-01	-9.786253e-04
6.475264e-01	-9.844665e-04
6.475520e-01	-9.897596e-04
6.475776e-01	-9.941760e-04
6.476032e-01	-9.987593e-04
6.476288e-01	-1.002855e-03
6.476544e-01	-1.006937e-03
6.476800e-01	-1.010416e-03
6.477056e-01	-1.013905e-03
6.477312e-01	-1.017138e-03
6.477568e-01	-1.020113e-03
6.477824e-01	-1.022556e-03
6.478080e-01	-1.024983e-03
6.478336e-01	-1.027081e-03
6.478592e-01	-1.028539e-03
6.478848e-01	-1.030461e-03
6.479104e-01	-1.031249e-03
6.479360e-01	-1.032594e-03
6.479616e-01	-1.032964e-03
6.479872e-01	-1.033413e-03
6.480128e-01	-1.033565e-03
6.480384e-01	-1.033429e-03
6.480640e-01	-1.032800e-03
6.480896e-01	-1.031591e-03
6.481152e-01	-1.031366e-03
6.481408e-01	-1.029314e-03
6.481664e-01	-1.027924e-03
6.481920e-01	-1.026212e-03
6.482176e-01	-1.023897e-03
6.482432e-01	-1.021647e-03
6.482688e-01	-1.018798e-03
6.482944e-01	-1.015955e-03
6.483200e-01	-1.012143e-03
6.483456e-01	-1.009092e-03
6.483712e-01	-1.005421e-03
6.483968e-01	-1.001460e-03
6.484224e-01	-9.971338e-04
6.484480e-01	-9.924697e-04
6.484736e-01	-9.876295e-04
6.484992e-01	-9.824397e-04
6.485248e-01	-9.773293e-04
6.485504e-01	-9.713278e-04
6.485760e-01	-9.656756e-04
6.486016e-01	-9.596649e-04
6.486272e-01	-9.530450e-04
6.486528e-01	-9.466053e-04
6.486784e-01	-9.398537e-04
6.487040e-01	-9.327880e-04
6.487296e-01	-9.254584e-04
6.487552e-01	-9.179486e-04
6.487808e-01	-9.101773e-04
6.488064e-01	-9.016976e-04
6.488320e-01	-8.934349e-04
6.488576e-01	-8.852663e-04
6.488832e-01	-8.763263e-04
6.489088e-01	-8.677590e-04
6.489344e-01	-8.583253e-04
6.489600e-01	-8.489610e-04
6.489856e-01	-8.393882e-04
6.490112e-01	-8.295291e-04
6.490368e-01	-8.195863e-04
6.490624e-01	-8.092158e-04
6.490880e-01	-7.986673e-04
6.491136e-01	-7.877096e-04
6.491392e-01	-7.769612e-04
6.491648e-01	-7.658688e-04
6.491904e-01	-7.545930e-04
6.492160e-01	-7.431400e-04
6.492416e-01	-7.315309e-04
6.492672e-01	-7.197740e-04
6.492928e-01	-7.075824e-04
6.493184e-01	-6.956448e-04
6.493440e-01	-6.831863e-04
6.493696e-01	-6.704745e-04
6.493952e-01	-6.577240e-04
6.494208e-01	-6.453206e-04
6.494464e-01	-6.324406e-04
6.494720e-01	-6.189818e-04
6.494976e-01	-6.056625e-04
6.495232e-01	-5.919343e-04
6.495488e-01	-5.786567e-04
6.495744e-01	-5.650085e-04
6.496000e-01	-5.507720e-04
6.496256e-01	-5.366064e-04
6.496512e-01	-5.226110e-04
6.496768e-01	-5.086415e-04
6.497024e-01	-4.937785e-04
6.497280e-01	-4.792584e-04
6.497536e-01	-4.649913e-04
6.497792e-01	-4.500406e-04
6.498048e-01	-4.349909e-04
6.498304e-01	-4.199869e-04
6.498560e-01	-4.050373e-04
6.498816e-01	-3.903925e-04
6.499072e-01	-3.744563e-04
6.499328e-01	-3.591400e-04
6.499584e-01	-3.442527e-04
6.499840e-01	-3.281727e-04
6.500096e-01	-3.130564e-04
6.500352e-01	-2.975891e-04
6.500608e-01	-2.817844e-04
6.500864e-01	-2.657166e-04
6.501120e-01	-2.498835e-04
6.501376e-01	-2.341224e-04
6.501632e-01	-2.178773e-04
6.501888e-01	-2.023398e-04
6.502144e-01	-1.863212e-04
6.502400e-01	-1.701981e-04
6.502656e-01	-1.540471e-04
6.502912e-01	-1.379872e-04
6.503168e-01	-1.215790e-04
6.503424e-01	-1.055470e-04
6.503680e-01	-8.970259e-05
6.503936e-01	-7.339090e-05
6.504192e-01	-5.719859e-05
6.504448e-01	-4.124066e-05
6.504704e-01	-2.490039e-05
6.504960e-01	-8.284070e-06
6.505216e-01	7.548152e-06
6.505472e-01	2.389512e-05
6.505728e-01	4.018240e-05
6.505984e-01	5.579510e-05
6.506240e-01	7.254570e-05
6.506496e-01	8.844879e-05
6.506752e-01	1.043975e-04
6.507008e-01	1.205116e-04
6.507264e-01	1.363558e-04
6.507520e-01	1.524832e-04
6.507776e-01	1.681264e-04
6.508032e-01	1.844174e-04
6.508288e-01	1.999717e-04
6.508544e-01	2.158587e-04
6.508800e-01	2.314671e-04
6.509056e-01	2.468212e-04
6.509312e-01	2.628630e-04
6.509568e-01	2.779672e-04
6.509824e-01	2.936565e-04
6.510080e-01	3.087353e-04
6.510336e-01	3.237445e-04
6.510592e-01	3.390773e-04
6.510848e-01	3.545619e-04
6.511104e-01	3.692667e-04
6.511360e-01	3.838674e-04
6.511616e-01	3.990598e-04
6.511872e-01	4.135723e-04
6.512128e-01	4.283374e-04
6.512384e-01	4.424708e-04
6.512640e-01	4.570709e-04
6.512896e-01	4.711942e-04
6.513152e-01	4.847814e-04
6.513408e-01	4.991762e-04
6.513664e-01	5.128261e-04
6.513920e-01	5.263311e-04
6.514176e-01	5.400539e-04
6.514432e-01	5.536469e-04
6.514688e-01	5.664817e-04
6.514944e-01	5.798517e-04
6.515200e-01	5.929697e-04
6.515456e-01	6.058523e-04
6.515712e-01	6.185211e-04
6.515968e-01	6.304277e-04
6.516224e-01	6.430394e-04
6.516480e-01	6.551818e-04
6.516736e-01	6.673009e-04
6.516992e-01	6.793698e-04
6.517248e-01	6.906900e-04
6.517504e-01	7.027618e-04
6.517760e-01	7.138761e-04
6.518016e-01	7.247007e-04
6.518272e-01	7.361669e-04
6.518528e-01	7.466024e-04
6.518784e-01	7.573337e-04
6.519040e-01	7.681116e-04
6.519296e-01	7.778885e-04
6.519552e-01	7.877890e-04
6.519808e-01	7.975169e-04
6.520064e-01	8.071539e-04
6.520320e-01	8.166271e-04
6.520576e-01	8.254804e-04
6.520832e-01	8.345678e-04
6.521088e-01	8.432469e-04
6.521344e-01	8.519632e-04
6.521600e-01	8.605627e-04
6.521856e-01	8.683472e-04
6.522112e-01	8.767596e-04
6.522368e-01	8.841862e-04
6.522624e-01	8.917208e-04
6.522880e-01	8.991378e-04
6.523136e-01	9.058863e-04
6.523392e-01	9.127118e-04
6.523648e-01	9.192156e-04
6.523904e-01	9.253458e-04
6.524160e-01	9.316280e-04
6.524416e-01	9.376066e-04
6.524672e-01	9.429301e-04
6.524928e-01	9.485853e-04
6.525184e-01	9.536184e-04
6.525440e-01	9.584674e-04
6.525696e-01	9.634217e-04
6.525952e-01	9.678901e-04
6.526208e-01	9.721307e-04
6.526464e-01	9.757630e-04
6.526720e-01	9.797924e-04
6.526976e-01	9.834738e-04
6.527232e-01	9.862049e-04
6.527488e-01	9.893033e-04
6.527744e-01	9.921028e-04
6.528000e-01	9.946297e-04
6.528256e-01	9.971001e-04
6.528512e-01	9.990544e-04
6.528768e-01	1.000870e-03
6.529024e-01	1.002233e-03
6.529280e-01	1.003221e-03
6.529536e-01	1.004586e-03
6.529792e-01	1.005369e-03
6.530048e-01	1.005735e-03
6.530304e-01	1.006236e-03
6.530560e-01	1.006032e-03
6.530816e-01	1.005766e-03
6.531072e-01	1.005459e-03
6.531328e-01	1.004965e-03
6.531584e-01	1.004115e-03
6.531840e-01	1.002948e-03
6.532096e-01	1.001392e-03
6.532352e-01	9.998993e-04
6.532608e-01	9.973919e-04
6.532864e-01	9.950113e-04
6.533120e-01	9.929130e-04
6.533376e-01	9.901088e-04
6.533632e-01	9.872097e-04
6.533888e-01	9.838066e-04
6.534144e-01	9.804128e-04
6.534400e-01	9.773219e-04
6.534656e-01	9.728720e-04
6.534912e-01	9.684918e-04
6.535168e-01	9.647841e-04
6.535424e-01	9.599956e-04
6.535680e-01	9.549711e-04
6.535936e-01	9.496203e-04
6.536192e-01	9.443219e-04
6.536448e-01	9.389497e-04
6.536704e-01	9.329146e-04
6.536960e-01	9.268126e-04
6.537216e-01	9.204489e-04
6.537472e-01	9.137565e-04
6.537728e-01	9.071356e-04
6.537984e-01	9.001559e-04
6.538240e-01	8.927694e-04
6.538496e-01	8.851803e-04
6.538752e-01	8.776058e-04
6.539008e-01	8.699090e-04
6.539264e-01	8.614357e-04
6.539520e-01	8.531201e-04
6.539776e-01	8.442554e-04
6.540032e-01	8.354021e-04
6.540288e-01	8.263678e-04
6.540544e-01	8.168179e-04
6.540800e-01	8.078616e-04
6.541056e-01	7.977582e-04
6.541312e-01	7.878261e-04
6.541568e-01	7.781729e-04
6.541824e-01	7.672408e-04
6.542080e-01	7.568406e-04
6.542336e-01	7.462268e-04
6.542592e-01	7.352858e-04
6.542848e-01	7.238181e-04
6.543104e-01	7.127618e-04
6.543360e-01	7.010038e-04
6.543616e-01	6.891989e-04
6.543872e-01	6.777533e-04
6.544128e-01	6.652084e-04
6.544384e-01	6.534359e-04
6.544640e-01	6.404639e-04
6.544896e-01	6.280349e-04
6.545152e-01	6.152808e-04
6.545408e-01	6.018639e-04
6.545664e-01	5.895526e-04
6.545920e-01	5.756083e-04
6.546176e-01	5.621413e-04
6.546432e-01	5.486624e-04
6.546688e-01	5.344268e-04
6.546944e-01	5.210395e-04
6.547200e-01	5.070013e-04
6.547456e-01	4.925965e-04
6.547712e-01	4.786241e-04
6.547968e-01	4.640683e-04
6.548224e-01	4.496887e-04
6.548480e-01	4.344807e-04
6.548736e-01	4.195325e-04
6.548992e-01	4.047738e-04
6.549248e-01	3.896709e-04
6.549504e-01	3.749035e-04
6.549760e-01	3.592576e-04
6.550016e-01	3.434937e-04
6.550272e-01	3.281855e-04
6.550528e-01	3.125380e-04
6.550784e-01	2.967886e-04
6.551040e-01	2.810510e-04
6.551296e-01	2.651258e-04
6.551552e-01	2.492479e-04
6.551808e-01	2.331693e-04
6.552064e-01	2.170084e-04
6.552320e-01	2.006593e-04
6.552576e-01	1.844630e-04
6.552832e-01	1.680075e-04
6.553088e-01	1.518511e-04
6.553344e-01	1.355864e-04
6.553600e-01	1.188257e-04
6.553856e-01	1.027512e-04
6.554112e-01	8.566337e-05
6.554368e-01	6.957324e-05
6.554624e-01	5.295916e-05
6.554880e-01	3.598763e-05
6.555136e-01	1.972917e-05
6.555392e-01	2.536219e-06
6.555648e-01	-1.408849e-05
6.555904e-01	-3.055378e-05
6.556160e-01	-4.711893e-05
6.556416e-01	-6.434671e-05
6.556672e-01	-8.065001e-05
6.556928e-01	-9.723477e-05
6.557184e-01	-1.143978e-04
6.557440e-01	-1.301647e-04
6.557696e-01	-1.473447e-04
6.557952e-01	-1.639542e-04
6.558208e-01	-1.801618e-04
6.558464e-01	-1.969821e-04
6.558720e-01	-2.133600e-04
6.558976e-01	-2.298282e-04
6.559232e-01	-2.459970e-04
6.559488e-01	-2.624002e-04
6.559744e-01	-2.784967e-04
6.560000e-01	-2.946917e-04
6.560256e-01	-3.111732e-04
6.560512e-01	-3.271638e-04
6.560768e-01	-3.427047e-04
6.561024e-01	-3.588329e-04
6.561280e-01	-3.748022e-04
6.561536e-01	-3.903512e-04
6.561792e-01	-4.060290e-04
6.562048e-01	-4.209963e-04
6.562304e-01	-4.366335e-04
6.562560e-01	-4.519575e-04
6.562816e-01	-4.671345e-04
6.563072e-01	-4.821566e-04
6.563328e-01	-4.971607e-04
6.563584e-01	-5.118902e-04
6.563840e-01	-5.264684e-04
6.564096e-01	-5.413114e-04
6.564352e-01	-5.555102e-04
6.564608e-01	-5.697451e-04
6.564864e-01	-5.837935e-04
6.565120e-01	-5.974697e-04
6.565376e-01	-6.115981e-04
6.565632e-01	-6.248432e-04
6.565888e-01	-6.383474e-04
6.566144e-01	-6.521412e-04
6.566400e-01	-6.645193e-04
6.566656e-01	-6.779127e-04
6.566912e-01	-6.906909e-04
6.567168e-01	-7.028313e-04
6.567424e-01	-7.151148e-04
6.567680e-01	-7.271921e-04
6.567936e-01	-7.396012e-04
6.568192e-01	-7.510099e-04
6.568448e-01	-7.628482e-04
6.568704e-01	-7.743293e-04
6.568960e-01	-7.853913e-04
6.569216e-01	-7.965011e-04
6.569472e-01	-8.068686e-04
6.569728e-01	-8.175473e-04
6.569984e-01	-8.280402e-04
6.570240e-01	-8.379405e-04
6.570496e-01	-8.478036e-04
6.570752e-01	-8.574349e-04
6.571008e-01	-8.669238e-04
6.571264e-01	-8.759245e-04
6.571520e-01	-8.850169e-04
6.571776e-01	-8.936857e-04
6.572032e-01	-9.024659e-04
6.572288e-01	-9.106901e-04
6.572544e-01	-9.183489e-04
6.572800e-01	-9.259613e-04
6.573056e-01	-9.334139e-04
6.573312e-01	-9.409261e-04
6.573568e-01	-9.478502e-04
6.573824e-01	-9.545216e-04
6.574080e-01	-9.608927e-04
6.574336e-01	-9.671438e-04
6.574592e-01	-9.729724e-04
6.574848e-01	-9.784400e-04
6.575104e-01	-9.837778e-04
6.575360e-01	-9.890130e-04
6.575616e-01	-9.937361e-04
6.575872e-01	-9.985802e-04
6.576128e-01	-1.002904e-03
6.576384e-01	-1.006583e-03
6.576640e-01	-1.010522e-03
6.576896e-01	-1.013694e-03
6.577152e-01	-1.016972e-03
6.577408e-01	-1.019542e-03
6.577664e-01	-1.022087e-03
6.577920e-01	-1.024925e-03
6.578176e-01	-1.026482e-03
6.578432e-01	-1.028451e-03
6.578688e-01	-1.030051e-03
6.578944e-01	-1.030729e-03
6.579200e-01	-1.032016e-03
6.579456e-01	-1.032982e-03
6.579712e-01	-1.033495e-03
6.579968e-01	-1.033093e-03
6.580224e-01	-1.032689e-03
6.580480e-01	-1.032761e-03
6.580736e-01	-1.031954e-03
6.580992e-01	-1.030709e-03
6.581248e-01	-1.029662e-03
6.581504e-01	-1.027965e-03
6.581760e-01	-1.026059e-03
6.582016e-01	-1.023967e-03
6.582272e-01	-1.021455e-03
6.582528e-01	-1.018971e-03
6.582784e-01	-1.016106e-03
6.583040e-01	-1.012464e-03
6.583296e-01	-1.009610e-03
6.583552e-01	-1.005553e-03
6.583808e-01	-1.001224e-03
6.584064e-01	-9.974302e-04
6.584320e-01	-9.921156e-04
6.584576e-01	-9.880390e-04
6.584832e-01	-9.828283e-04
6.585088e-01	-9.774985e-04
6.585344e-01	-9.722656e-04
6.585600e-01	-9.660019e-04
6.585856e-01	-9.602630e-04
6.586112e-01	-9.539020e-04
6.586368e-01	-9.475459e-04
6.586624e-01	-9.402329e-04
6.586880e-01	-9.333427e-04
6.587136e-01	-9.259688e-04
6.587392e-01	-9.180022e-04
6.587648e-01	-9.107043e-04
6.587904e-01	-9.023939e-04
6.588160e-01	-8.942656e-04
6.588416e-01	-8.860255e-04
6.588672e-01	-8.768163e-04
6.588928e-01	-8.681546e-04
6.589184e-01	-8.591581e-04
6.589440e-01	-8.496471e-04
6.589696e-01	-8.402335e-04
6.589952e-01	-8.302067e-04
6.590208e-01	-8.202431e-04
6.590464e-01	-8.100098e-04
6.590720e-01	-7.996030e-04
6.590976e-01	-7.889719e-04
6.591232e-01	-7.778164e-04
6.591488e-01	-7.671317e-04
6.591744e-01	-7.555098e-04
6.592000e-01	-7.439182e-04
6.592256e-01	-7.324404e-04
6.592512e-01	-7.206652e-04
6.592768e-01	-7.089351e-04
6.593024e-01	-6.965045e-04
6.593280e-01	-6.842900e-04
6.593536e-01	-6.718887e-04
6.593792e-01	-6.592017e-04
6.594048e-01	-6.463142e-04
6.594304e-01	-6.332794e-04
6.594560e-01	-6.201816e-04
6.594816e-01	-6.066403e-04
6.595072e-01	-5.935575e-04
6.595328e-01	-5.797631e-04
6.595584e-01	-5.656047e-04
6.595840e-01	-5.522769e-04
6.596096e-01	-5.381438e-04
6.596352e-01	-5.240015e-04
6.596608e-01	-5.098328e-04
6.596864e-01	-4.951646e-04
6.597120e-01	-4.808718e-04
6.597376e-01	-4.661886e-04
6.597632e-01	-4.516793e-04
6.597888e-01	-4.370270e-04
6.598144e-01	-4.221074e-04
6.598400e-01	-4.065068e-04
6.598656e-01	-3.915196e-04
6.598912e-01	-3.764950e-04
6.599168e-01	-3.606052e-04
6.599424e-01	-3.456774e-04
6.599680e-01	-3.299899e-04
6.599936e-01	-3.144437e-04
6.600192e-01	-2.990506e-04
6.600448e-01	-2.829283e-04
6.600704e-01	-2.674429e-04
6.600960e-01	-2.516097e-04
6.601216e-01	-2.356967e-04
6.601472e-01	-2.198229e-04
6.601728e-01	-2.034673e-04
6.601984e-01	-1.877843e-04
6.602240e-01	-1.718064e-04
6.602496e-01	-1.555179e-04
6.602752e-01	-1.395616e-04
6.603008e-01	-1.231087e-04
6.603264e-01	-1.074677e-04
6.603520e-01	-9.100755e-05
6.603776e-01	-7.489059e-05
6.604032e-01	-5.905628e-05
6.604288e-01	-4.246641e-05
6.604544e-01	-2.615121e-05
6.604800e-01	-9.624495e-06
6.605056e-01	5.934334e-06
6.605312e-01	2.200848e-05
6.605568e-01	3.901917e-05
6.605824e-01	5.430029e-05
6.606080e-01	7.047276e-05
6.606336e-01	8.714065e-05
6.606592e-01	1.026709e-04
6.606848e-01	1.190765e-04
6.607104e-01	1.352533e-04
6.607360e-01	1.512429e-04
6.607616e-01	1.669033e-04
6.607872e-01	1.829815e-04
6.608128e-01	1.986692e-04
6.608384e-01	2.144060e-04
6.608640e-01	2.302543e-04
6.608896e-01	2.454612e-04
6.609152e-01	2.614466e-04
6.609408e-01	2.765246e-04
6.609664e-01	2.920601e-04
6.609920e-01	3.077742e-04
6.610176e-01	3.225862e-04
6.610432e-01	3.377605e-04
6.610688e-01	3.525091e-04
6.610944e-01	3.677224e-04
6.611200e-01	3.830990e-04
6.611456e-01	3.973136e-04
6.611712e-01	4.122540e-04
6.611968e-01	4.268472e-04
6.612224e-01	4.407949e-04
6.612480e-01	4.554126e-04
6.612736e-01	4.696530e-04
6.612992e-01	4.836486e-04
6.613248e-01	4.976101e-04
6.613504e-01	5.114685e-04
6.613760e-01	5.254291e-04
6.614016e-01	5.386699e-04
6.614272e-01	5.521818e-04
6.614528e-01	5.654869e-04
6.614784e-01	5.785755e-04
6.615040e-01	5.914944e-04
6.615296e-01	6.043106e-04
6.615552e-01	6.167118e-04
6.615808e-01	6.297260e-04
6.616064e-01	6.425503e-04
6.616320e-01	6.541788e-04
6.616576e-01	6.666630e-04
6.616832e-01	6.782169e-04
6.617088e-01	6.896760e-04
6.617344e-01	7.012307e-04
6.617600e-01	7.125504e-04
6.617856e-01	7.239389e-04
6.618112e-01	7.348857e-04
6.618368e-01	7.454397e-04
6.618624e-01	7.557372e-04
6.618880e-01	7.664921e-04
6.619136e-01	7.770126e-04
6.619392e-01	7.869487e-04
6.619648e-01	7.966142e-04
6.619904e-01	8.063280e-04
6.620160e-01	8.159094e-04
6.620416e-01	8.249623e-04
6.620672e-01	8.334548e-04
6.620928e-01	8.428572e-04
6.621184e-01	8.513867e-04
6.621440e-01	8.595806e-04
6.621696e-01	8.678951e-04
6.621952e-01	8.755340e-04
6.622208e-01	8.836393e-04
6.622464e-01	8.911035e-04
6.622720e-01	8.983021e-04
6.622976e-01	9.050789e-04
6.623232e-01	9.122008e-04
6.623488e-01	9.187267e-04
6.623744e-01	9.248837e-04
6.624000e-01	9.313727e-04
6.624256e-01	9.370273e-04
6.624512e-01	9.429247e-04
6.624768e-01	9.482655e-04
6.625024e-01	9.535066e-04
6.625280e-01	9.581557e-04
6.625536e-01	9.629356e-04
6.625792e-01	9.673277e-04
6.626048e-01	9.712044e-04
6.626304e-01	9.754447e-04
6.626560e-01	9.793212e-04
6.626816e-01	9.829112e-04
6.627072e-01	9.858372e-04
6.627328e-01	9.888262e-04
6.627584e-01	9.915413e-04
6.627840e-01	9.948505e-04
6.628096e-01	9.969795e-04
6.628352e-01	9.985343e-04
6.628608e-01	1.000570e-03
6.628864e-01	1.001717e-03
6.629120e-01	1.003868e-03
6.629376e-01	1.004578e-03
6.629632e-01	1.005094e-03
6.629888e-01	1.006065e-03
6.630144e-01	1.006267e-03
6.630400e-01	1.006545e-03
6.630656e-01	1.006169e-03
6.630912e-01	1.005740e-03
6.631168e-01	1.004857e-03
6.631424e-01	1.003806e-03
6.631680e-01	1.002744e-03
6.631936e-01	1.000936e-03
6.632192e-01	9.995522e-04
6.632448e-01	9.978563e-04
6.632704e-01	9.955683e-04
6.632960e-01	9.930740e-04
6.633216e-01	9.905030e-04
6.633472e-01	9.875103e-04
6.633728e-01	9.843953e-04
6.633984e-01	9.812292e-04
6.634240e-01	9.772738e-04
6.634496e-01	9.734883e-04
6.634752e-01	9.690574e-04
6.635008e-01	9.651678e-04
6.635264e-01	9.600454e-04
6.635520e-01	9.550417e-04
6.635776e-01	9.503591e-04
6.636032e-01	9.447370e-04
6.636288e-01	9.395106e-04
6.636544e-01	9.327928e-04
6.636800e-01	9.271078e-04
6.637056e-01	9.212714e-04
6.637312e-01	9.145514e-04
6.637568e-01	9.077030e-04
6.637824e-01	9.004708e-04
6.638080e-01	8.935297e-04
6.638336e-01	8.858066e-04
6.638592e-01	8.782994e-04
6.638848e-01	8.704576e-04
6.639104e-01	8.618144e-04
6.639360e-01	8.540474e-04
6.639616e-01	8.451745e-04
6.639872e-01	8.362711e-04
6.640128e-01	8.269871e-04
6.640384e-01	8.176016e-04
6.640640e-01	8.086429e-04
6.640896e-01	7.985249e-04
6.641152e-01	7.889063e-04
6.641408e-01	7.786079e-04
6.641664e-01	7.684913e-04
6.641920e-01	7.578943e-04
6.642176e-01	7.467653e-04
6.642432e-01	7.363092e-04
6.642688e-01	7.249425e-04
6.642944e-01	7.134235e-04
6.643200e-01	7.019875e-04
6.643456e-01	6.903084e-04
6.643712e-01	6.784741e-04
6.643968e-01	6.665676e-04
6.644224e-01	6.543929e-04
6.644480e-01	6.417204e-04
6.644736e-01	6.289289e-04
6.644992e-01	6.164004e-04
6.645248e-01	6.034937e-04
6.645504e-01	5.902352e-04
6.645760e-01	5.768542e-04
6.646016e-01	5.637712e-04
6.646272e-01	5.497837e-04
6.646528e-01	5.358710e-04
6.646784e-01	5.224334e-04
6.647040e-01	5.080279e-04
6.647296e-01	4.943392e-04
6.647552e-01	4.797737e-04
6.647808e-01	4.652445e-04
6.648064e-01	4.508594e-04
6.648320e-01	4.353106e-04
6.648576e-01	4.212196e-04
6.648832e-01	4.063486e-04
6.649088e-01	3.911117e-04
6.649344e-01	3.757031e-04
6.649600e-01	3.604652e-04
6.649856e-01	3.453288e-04
6.650112e-01	3.292494e-04
6.650368e-01	3.139363e-04
6.650624e-01	2.982154e-04
6.650880e-01	2.827941e-04
6.651136e-01	2.666920e-04
6.651392e-01	2.505329e-04
6.651648e-01	2.346665e-04
6.651904e-01	2.182313e-04
6.652160e-01	2.021358e-04
6.652416e-01	1.860117e-04
6.652672e-01	1.699311e-04
6.652928e-01	1.533734e-04
6.653184e-01	1.374247e-04
6.653440e-01	1.210004e-04
6.653696e-01	1.040365e-04
6.653952e-01	8.705717e-05
6.654208e-01	7.083119e-05
6.654464e-01	5.433789e-05
6.654720e-01	3.733807e-05
6.654976e-01	2.091576e-05
6.655232e-01	4.179224e-06
6.655488e-01	-1.208169e-05
6.655744e-01	-2.913852e-05
6.656000e-01	-4.601496e-05
6.656256e-01	-6.225894e-05
6.656512e-01	-7.899806e-05
6.656768e-01	-9.560042e-05
6.657024e-01	-1.124008e-04
6.657280e-01	-1.291227e-04
6.657536e-01	-1.460213e-04
6.657792e-01	-1.623531e-04
6.658048e-01	-1.789184e-04
6.658304e-01	-1.955688e-04
6.658560e-01	-2.113901e-04
6.658816e-01	-2.280608e-04
6.659072e-01	-2.444388e-04
6.659328e-01	-2.606580e-04
6.659584e-01	-2.771183e-04
6.659840e-01	-2.931105e-04
6.660096e-01	-3.095970e-04
6.660352e-01	-3.253499e-04
6.660608e-01	-3.411568e-04
6.660864e-01	-3.573712e-04
6.661120e-01	-3.729959e-04
6.661376e-01	-3.888049e-04
6.661632e-01	-4.041082e-04
6.661888e-01	-4.194766e-04
6.662144e-01	-4.352794e-04
6.662400e-01	-4.503380e-04
6.662656e-01	-4.655809e-04
6.662912e-01	-4.806493e-04
6.663168e-01	-4.953110e-04
6.663424e-01	-5.101226e-04
6.663680e-01	-5.250734e-04
6.663936e-01	-5.397078e-04
6.664192e-01	-5.539583e-04
6.664448e-01	-5.684512e-04
6.664704e-01	-5.820296e-04
6.664960e-01	-5.961447e-04
6.665216e-01	-6.102711e-04
6.665472e-01	-6.236918e-04
6.665728e-01	-6.372839e-04
6.665984e-01	-6.500164e-04
6.666240e-01	-6.633869e-04
6.666496e-01	-6.765042e-04
6.666752e-01	-6.896286e-04
6.667008e-01	-7.016884e-04
6.667264e-01	-7.138361e-04
6.667520e-01	-7.267076e-04
6.667776e-01	-7.382194e-04
6.668032e-01	-7.501078e-04
6.668288e-01	-7.616425e-04
6.668544e-01	-7.732827e-04
6.668800e-01	-7.845056e-04
6.669056e-01	-7.954038e-04
6.669312e-01	-8.061166e-04
6.669568e-01	-8.165220e-04
6.669824e-01	-8.274103e-04
6.670080e-01	-8.373221e-04
6.670336e-01	-8.469674e-04
6.670592e-01	-8.565173e-04
6.670848e-01	-8.659862e-04
6.671104e-01	-8.753674e-04
6.671360e-01	-8.843950e-04
6.671616e-01	-8.928592e-04
6.671872e-01	-9.012814e-04
6.672128e-01	-9.096108e-04
6.672384e-01	-9.175689e-04
6.672640e-01	-9.254026e-04
6.672896e-01	-9.325887e-04
6.673152e-01	-9.401487e-04
6.673408e-01	-9.471659e-04
6.673664e-01	-9.534152e-04
6.673920e-01	-9.601176e-04
6.674176e-01	-9.662283e-04
6.674432e-01	-9.721699e-04
6.674688e-01	-9.781851e-04
6.674944e-01	-9.833316e-04
6.675200e-01	-9.883206e-04
6.675456e-01	-9.934375e-04
6.675712e-01	-9.976429e-04
6.675968e-01	-1.001825e-03
6.676224e-01	-1.006325e-03
6.676480e-01	-1.009549e-03
6.676736e-01	-1.013575e-03
6.676992e-01	-1.016835e-03
6.677248e-01	-1.019330e-03
6.677504e-01	-1.022466e-03
6.677760e-01	-1.024001e-03
6.678016e-01	-1.026720e-03
6.678272e-01	-1.028373e-03
6.678528e-01	-1.029703e-03
6.678784e-01	-1.031394e-03
6.679040e-01	-1.031683e-03
6.679296e-01	-1.033016e-03
6.679552e-01	-1.033120e-03
6.679808e-01	-1.033075e-03
6.680064e-01	-1.033443e-03
6.680320e-01	-1.032684e-03
6.680576e-01	-1.032138e-03
6.680832e-01	-1.031198e-03
6.681088e-01	-1.030008e-03
6.681344e-01	-1.028495e-03
6.681600e-01	-1.026622e-03
6.681856e-01	-1.024154e-03
6.682112e-01	-1.022095e-03
6.682368e-01	-1.019478e-03
6.682624e-01	-1.016518e-03
6.682880e-01	-1.013467e-03
6.683136e-01	-1.009833e-03
6.683392e-01	-1.006719e-03
6.683648e-01	-1.001979e-03
6.683904e-01	-9.977132e-04
6.684160e-01	-9.936874e-04
6.684416e-01	-9.884430e-04
6.684672e-01	-9.840039e-04
6.684928e-01	-9.783576e-04
6.685184e-01	-9.725516e-04
6.685440e-01	-9.670376e-04
6.685696e-01	-9.607404e-04
6.685952e-01	-9.549109e-04
6.686208e-01	-9.479758e-04
6.686464e-01	-9.413401e-04
6.686720e-01	-9.343729e-04
6.686976e-01	-9.264756e-04
6.687232e-01	-9.193360e-04
6.687488e-01	-9.117175e-04
6.687744e-01	-9.034281e-04
6.688000e-01	-8.951710e-04
6.688256e-01	-8.866806e-04
6.688512e-01	-8.777370e-04
6.688768e-01	-8.692241e-04
6.689024e-01	-8.598270e-04
6.689280e-01	-8.505140e-04
6.689536e-01	-8.410591e-04
6.689792e-01	-8.309591e-04
6.690048e-01	-8.211765e-04
6.690304e-01	-8.108193e-04
6.690560e-01	-8.004857e-04
6.690816e-01	-7.899104e-04
6.691072e-01	-7.786480e-04
6.691328e-01	-7.680348e-04
6.691584e-01	-7.566255e-04
6.691840e-01	-7.448149e-04
6.692096e-01	-7.342002e-04
6.692352e-01	-7.218996e-04
6.692608e-01	-7.093188e-04
6.692864e-01	-6.976211e-04
6.693120e-01	-6.854488e-04
6.693376e-01	-6.731167e-04
6.693632e-01	-6.603353e-04
6.693888e-01	-6.475956e-04
6.694144e-01	-6.345400e-04
6.694400e-01	-6.211941e-04
6.694656e-01	-6.081652e-04
6.694912e-01	-5.947648e-04
6.695168e-01	-5.810596e-04
6.695424e-01	-5.673037e-04
6.695680e-01	-5.531907e-04
6.695936e-01	-5.396222e-04
6.696192e-01	-5.250294e-04
6.696448e-01	-5.109280e-04
6.696704e-01	-4.967456e-04
6.696960e-01	-4.818915e-04
6.697216e-01	-4.679998e-04
6.697472e-01	-4.527485e-04
6.697728e-01	-4.378905e-04
6.697984e-01	-4.233154e-04
6.698240e-01	-4.082469e-04
6.698496e-01	-3.929887e-04
6.698752e-01	-3.779901e-04
6.699008e-01	-3.624911e-04
6.699264e-01	-3.467388e-04
6.699520e-01	-3.315549e-04
6.699776e-01	-3.161841e-04
6.700032e-01	-3.004920e-04
6.700288e-01	-2.843994e-04
6.700544e-01	-2.688595e-04
6.700800e-01	-2.528134e-04
6.701056e-01	-2.369894e-04
6.701312e-01	-2.210877e-04
6.701568e-01	-2.053680e-04
6.701824e-01	-1.895228e-04
6.702080e-01	-1.731574e-04
6.702336e-01	-1.572650e-04
6.702592e-01	-1.410260e-04
6.702848e-01	-1.250206e-04
6.703104e-01	-1.087561e-04
6.703360e-01	-9.239183e-05
6.703616e-01	-7.649066e-05
6.703872e-01	-6.020997e-05
6.704128e-01	-4.433090e-05
6.704384e-01	-2.772186e-05
6.704640e-01	-1.150984e-05
6.704896e-01	4.160399e-06
6.705152e-01	2.082368e-05
6.705408e-01	3.673205e-05
6.705664e-01	5.309724e-05
6.705920e-01	6.915475e-05
6.706176e-01	8.525426e-05
6.706432e-01	1.019016e-04
6.706688e-01	1.174362e-04
6.706944e-01	1.331814e-04
6.707200e-01	1.496291e-04
6.707456e-01	1.657342e-04
6.707712e-01	1.808913e-04
6.707968e-01	1.969591e-04
6.708224e-01	2.129284e-04
6.708480e-01	2.282156e-04
6.708736e-01	2.440183e-04
6.708992e-01	2.594243e-04
6.709248e-01	2.753319e-04
6.709504e-01	2.906357e-04
6.709760e-01	3.058603e-04
6.710016e-01	3.213535e-04
6.710272e-01	3.363269e-04
6.710528e-01	3.516042e-04
6.710784e-01	3.661666e-04
6.711040e-01	3.814200e-04
6.711296e-01	3.961692e-04
6.711552e-01	4.105335e-04
6.711808e-01	4.256199e-04
6.712064e-01	4.392100e-04
6.712320e-01	4.537444e-04
6.712576e-01	4.684672e-04
6.712832e-01	4.822032e-04
6.713088e-01	4.961904e-04
6.713344e-01	5.100988e-04
6.713600e-01	5.240988e-04
6.713856e-01	5.371238e-04
6.714112e-01	5.507949e-04
6.714368e-01	5.645993e-04
6.714624e-01	5.772985e-04
6.714880e-01	5.903101e-04
6.715136e-01	6.029829e-04
6.715392e-01	6.156052e-04
6.715648e-01	6.284900e-04
6.715904e-01	6.407811e-04
6.716160e-01	6.527737e-04
6.716416e-01	6.651182e-04
6.716672e-01	6.769882e-04
6.716928e-01	6.887830e-04
6.717184e-01	7.003484e-04
6.717440e-01	7.111088e-04
6.717696e-01	7.226270e-04
6.717952e-01	7.339240e-04
6.718208e-01	7.446267e-04
6.718464e-01	7.552287e-04
6.718720e-01	7.657518e-04
6.718976e-01	7.759855e-04
6.719232e-01	7.854285e-04
6.719488e-01	7.954295e-04
6.719744e-01	8.054597e-04
6.720000e-01	8.147671e-04
6.720256e-01	8.238967e-04
6.720512e-01	8.327784e-04
6.720768e-01	8.418552e-04
6.721024e-01	8.504884e-04
6.721280e-01	8.587333e-04
6.721536e-01	8.671116e-04
6.721792e-01	8.749447e-04
6.722048e-01	8.825349e-04
6.722304e-01	8.899528e-04
6.722560e-01	8.972064e-04
6.722816e-01	9.044003e-04
6.723072e-01	9.113469e-04
6.723328e-01	9.178833e-04
6.723584e-01	9.241319e-04
6.723840e-01	9.300886e-04
6.724096e-01	9.363194e-04
6.724352e-01	9.421260e-04
6.724608e-01	9.474386e-04
6.724864e-01	9.529066e-04
6.725120e-01	9.572723e-04
6.725376e-01	9.622673e-04
6.725632e-01	9.666309e-04
6.725888e-01	9.710084e-04
6.726144e-01	9.754642e-04
6.726400e-01	9.789938e-04
6.726656e-01	9.831985e-04
6.726912e-01	9.858866e-04
6.727168e-01	9.887924e-04
6.727424e-01	9.918454e-04
6.727680e-01	9.941423e-04
6.727936e-01	9.965166e-04
6.728192e-01	9.985541e-04
6.728448e-01	1.000571e-03
6.728704e-01	1.001961e-03
6.728960e-01	1.003265e-03
6.729216e-01	1.004349e-03
6.729472e-01	1.005007e-03
6.729728e-01	1.005513e-03
6.729984e-01	1.005723e-03
6.730240e-01	1.005908e-03
6.730496e-01	1.006155e-03
6.730752e-01	1.005641e-03
6.731008e-01	1.004732e-03
6.731264e-01	1.004245e-03
6.731520e-01	1.002850e-03
6.731776e-01	1.001597e-03
6.732032e-01	9.999021e-04
6.732288e-01	9.977104e-04
6.732544e-01	9.961502e-04
6.732800e-01	9.932397e-04
6.733056e-01	9.904462e-04
6.733312e-01	9.879839e-04
6.733568e-01	9.845679e-04
6.733824e-01	9.809460e-04
6.734080e-01	9.775484e-04
6.734336e-01	9.738249e-04
6.734592e-01	9.696953e-04
6.734848e-01	9.653011e-04
6.735104e-01	9.608021e-04
6.735360e-01	9.560040e-04
6.735616e-01	9.507537e-04
6.735872e-01	9.452876e-04
6.736128e-01	9.397204e-04
6.736384e-01	9.343410e-04
6.736640e-01	9.278267e-04
6.736896e-01	9.218428e-04
6.737152e-01	9.154921e-04
6.737408e-01	9.085091e-04
6.737664e-01	9.018569e-04
6.737920e-01	8.937712e-04
6.738176e-01	8.866643e-04
6.738432e-01	8.790146e-04
6.738688e-01	8.712484e-04
6.738944e-01	8.635088e-04
6.739200e-01	8.543175e-04
6.739456e-01	8.460946e-04
6.739712e-01	8.373146e-04
6.739968e-01	8.281756e-04
6.740224e-01	8.188849e-04
6.740480e-01	8.092648e-04
6.740736e-01	7.998678e-04
6.740992e-01	7.895532e-04
6.741248e-01	7.798887e-04
6.741504e-01	7.696665e-04
6.741760e-01	7.585927e-04
6.742016e-01	7.481896e-04
6.742272e-01	7.372563e-04
6.742528e-01	7.259870e-04
6.742784e-01	7.145873e-04
6.743040e-01	7.029015e-04
6.743296e-01	6.916636e-04
6.743552e-01	6.800058e-04
6.743808e-01	6.674999e-04
6.744064e-01	6.553360e-04
6.744320e-01	6.429216e-04
6.744576e-01	6.305976e-04
6.744832e-01	6.178782e-04
6.745088e-01	6.046973e-04
6.745344e-01	5.918148e-04
6.745600e-01	5.783373e-04
6.745856e-01	5.648279e-04
6.746112e-01	5.514401e-04
6.746368e-01	5.376115e-04
6.746624e-01	5.235084e-04
6.746880e-01	5.098460e-04
6.747136e-01	4.958138e-04
6.747392e-01	4.810362e-04
6.747648e-01	4.668938e-04
6.747904e-01	4.522644e-04
6.748160e-01	4.373962e-04
6.748416e-01	4.225531e-04
6.748672e-01	4.074967e-04
6.748928e-01	3.927331e-04
6.749184e-01	3.775255e-04
6.749440e-01	3.620715e-04
6.749696e-01	3.468305e-04
6.749952e-01	3.312246e-04
6.750208e-01	3.156397e-04
6.750464e-01	3.000064e-04
6.750720e-01	2.838378e-04
6.750976e-01	2.682356e-04
6.751232e-01	2.522107e-04
6.751488e-01	2.365326e-04
6.751744e-01	2.200199e-04
6.752000e-01	2.036117e-04
6.752256e-01	1.879561e-04
6.752512e-01	1.715327e-04
6.752768e-01	1.550778e-04
6.753024e-01	1.386448e-04
6.753280e-01	1.225037e-04
6.753536e-01	1.053167e-04
6.753792e-01	8.922318e-05
6.754048e-01	7.252026e-05
6.754304e-01	5.611504e-05
6.754560e-01	3.955547e-05
6.754816e-01	2.253660e-05
6.755072e-01	6.295083e-06
6.755328e-01	-1.109873e-05
6.755584e-01	-2.714420e-05
6.755840e-01	-4.438178e-05
6.756096e-01	-6.088539e-05
6.756352e-01	-7.765138e-05
6.756608e-01	-9.458045e-05
6.756864e-01	-1.105210e-04
6.757120e-01	-1.273289e-04
6.757376e-01	-1.436725e-04
6.757632e-01	-1.605236e-04
6.757888e-01	-1.768104e-04
6.758144e-01	-1.938098e-04
6.758400e-01	-2.098757e-04
6.758656e-01	-2.263017e-04
6.758912e-01	-2.431371e-04
6.759168e-01	-2.587097e-04
6.759424e-01	-2.755791e-04
6.759680e-01	-2.917899e-04
6.759936e-01	-3.075766e-04
6.760192e-01	-3.239478e-04
6.760448e-01	-3.396431e-04
6.760704e-01	-3.554795e-04
6.760960e-01	-3.712209e-04
6.761216e-01	-3.871926e-04
6.761472e-01	-4.029858e-04
6.761728e-01	-4.178841e-04
6.761984e-01	-4.339357e-04
6.762240e-01	-4.487905e-04
6.762496e-01	-4.639182e-04
6.762752e-01	-4.793787e-04
6.763008e-01	-4.937894e-04
6.763264e-01	-5.086691e-04
6.763520e-01	-5.234853e-04
6.763776e-01	-5.380582e-04
6.764032e-01	-5.522872e-04
6.764288e-01	-5.666191e-04
6.764544e-01	-5.804232e-04
6.764800e-01	-5.951442e-04
6.765056e-01	-6.090135e-04
6.765312e-01	-6.217330e-04
6.765568e-01	-6.357391e-04
6.765824e-01	-6.489711e-04
6.766080e-01	-6.618958e-04
6.766336e-01	-6.752934e-04
6.766592e-01	-6.875984e-04
6.766848e-01	-7.003915e-04
6.767104e-01	-7.127922e-04
6.767360e-01	-7.248868e-04
6.767616e-01	-7.370508e-04
6.767872e-01	-7.486976e-04
6.768128e-01	-7.609098e-04
6.768384e-01	-7.719112e-04
6.768640e-01	-7.830234e-04
6.768896e-01	-7.943427e-04
6.769152e-01	-8.049842e-04
6.769408e-01	-8.156860e-04
6.769664e-01	-8.259490e-04
6.769920e-01	-8.362936e-04
6.770176e-01	-8.464803e-04
6.770432e-01	-8.557618e-04
6.770688e-01	-8.652139e-04
6.770944e-01	-8.744555e-04
6.771200e-01	-8.837882e-04
6.771456e-01	-8.923832e-04
6.771712e-01	-9.005193e-04
6.771968e-01	-9.089425e-04
6.772224e-01	-9.167337e-04
6.772480e-01	-9.247753e-04
6.772736e-01	-9.319779e-04
6.772992e-01	-9.394887e-04
6.773248e-01	-9.464196e-04
6.773504e-01	-9.532509e-04
6.773760e-01	-9.596843e-04
6.774016e-01	-9.658160e-04
6.774272e-01	-9.720815e-04
6.774528e-01	-9.774149e-04
6.774784e-01	-9.829676e-04
6.775040e-01	-9.881045e-04
6.775296e-01	-9.933219e-04
6.775552e-01	-9.971908e-04
6.775808e-01	-1.001671e-03
6.776064e-01	-1.005864e-03
6.776320e-01	-1.009095e-03
6.776576e-01	-1.013433e-03
6.776832e-01	-1.016154e-03
6.777088e-01	-1.019076e-03
6.777344e-01	-1.022110e-03
6.777600e-01	-1.024159e-03
6.777856e-01	-1.026406e-03
6.778112e-01	-1.027990e-03
6.778368e-01	-1.029677e-03
6.778624e-01	-1.031209e-03
6.778880e-01	-1.031859e-03
6.779136e-01	-1.032551e-03
6.779392e-01	-1.032969e-03
6.779648e-01	-1.033120e-03
6.779904e-01	-1.032891e-03
6.780160e-01	-1.032342e-03
6.780416e-01	-1.031861e-03
6.780672e-01	-1.030960e-03
6.780928e-01	-1.029602e-03
6.781184e-01	-1.028249e-03
6.781440e-01	-1.026410e-03
6.781696e-01	-1.024120e-03
6.781952e-01	-1.022057e-03
6.782208e-01	-1.019605e-03
6.782464e-01	-1.016616e-03
6.782720e-01	-1.013375e-03
6.782976e-01	-1.010098e-03
6.783232e-01	-1.006319e-03
6.783488e-01	-1.002108e-03
6.783744e-01	-9.981162e-04
6.784000e-01	-9.936523e-04
6.784256e-01	-9.891000e-04
6.784512e-01	-9.839102e-04
6.784768e-01	-9.784423e-04
6.785024e-01	-9.729607e-04
6.785280e-01	-9.670871e-04
6.785536e-01	-9.613534e-04
6.785792e-01	-9.551900e-04
6.786048e-01	-9.484562e-04
6.786304e-01	-9.414334e-04
6.786560e-01	-9.345467e-04
6.786816e-01	-9.270452e-04
6.787072e-01	-9.198405e-04
6.787328e-01	-9.122323e-04
6.787584e-01	-9.037387e-04
6.787840e-01	-8.956691e-04
6.788096e-01	-8.875435e-04
6.788352e-01	-8.788370e-04
6.788608e-01	-8.699595e-04
6.788864e-01	-8.610135e-04
6.789120e-01	-8.511959e-04
6.789376e-01	-8.419322e-04
6.789632e-01	-8.321439e-04
6.789888e-01	-8.217876e-04
6.790144e-01	-8.117486e-04
6.790400e-01	-8.013843e-04
6.790656e-01	-7.908469e-04
6.790912e-01	-7.796270e-04
6.791168e-01	-7.690439e-04
6.791424e-01	-7.578188e-04
6.791680e-01	-7.462828e-04
6.791936e-01	-7.347512e-04
6.792192e-01	-7.227759e-04
6.792448e-01	-7.113715e-04
6.792704e-01	-6.985392e-04
6.792960e-01	-6.866180e-04
6.793216e-01	-6.744438e-04
6.793472e-01	-6.613377e-04
6.793728e-01	-6.489884e-04
6.793984e-01	-6.357024e-04
6.794240e-01	-6.229103e-04
6.794496e-01	-6.095307e-04
6.794752e-01	-5.954894e-04
6.795008e-01	-5.823009e-04
6.795264e-01	-5.688143e-04
6.795520e-01	-5.547146e-04
6.795776e-01	-5.409099e-04
6.796032e-01	-5.267406e-04
6.796288e-01	-5.122269e-04
6.796544e-01	-4.982188e-04
6.796800e-01	-4.834718e-04
6.797056e-01	-4.690396e-04
6.797312e-01	-4.545081e-04
6.797568e-01	-4.393880e-04
6.797824e-01	-4.247917e-04
6.798080e-01	-4.095979e-04
6.798336e-01	-3.943284e-04
6.798592e-01	-3.793595e-04
6.798848e-01	-3.637137e-04
6.799104e-01	-3.484979e-04
6.799360e-01	-3.333199e-04
6.799616e-01	-3.170359e-04
6.799872e-01	-3.016826e-04
6.800128e-01	-2.859475e-04
6.800384e-01	-2.705226e-04
6.800640e-01	-2.550398e-04
6.800896e-01	-2.385062e-04
6.801152e-01	-2.226814e-04
6.801408e-01	-2.065623e-04
6.801664e-01	-1.906822e-04
6.801920e-01	-1.749782e-04
6.802176e-01	-1.585318e-04
6.802432e-01	-1.424085e-04
6.802688e-01	-1.267972e-04
6.802944e-01	-1.098617e-04
6.803200e-01	-9.417918e-05
6.803456e-01	-7.822178e-05
6.803712e-01	-6.162262e-05
6.803968e-01	-4.543634e-05
6.804224e-01	-2.867438e-05
6.804480e-01	-1.336052e-05
6.804736e-01	2.581900e-06
6.804992e-01	1.918544e-05
6.805248e-01	3.497443e-05
6.805504e-01	5.090877e-05
6.805760e-01	6.740361e-05
6.806016e-01	8.375787e-05
6.806272e-01	9.965860e-05
6.806528e-01	1.161486e-04
6.806784e-01	1.319350e-04
6.807040e-01	1.475219e-04
6.807296e-01	1.640844e-04
6.807552e-01	1.795822e-04
6.807808e-01	1.954303e-04
6.808064e-01	2.114013e-04
6.808320e-01	2.268603e-04
6.808576e-01	2.426979e-04
6.808832e-01	2.579069e-04
6.809088e-01	2.735677e-04
6.809344e-01	2.890796e-04
6.809600e-01	3.042853e-04
6.809856e-01	3.196989e-04
6.810112e-01	3.348645e-04
6.810368e-01	3.498229e-04
6.810624e-01	3.645712e-04
6.810880e-01	3.796189e-04
6.811136e-01	3.942613e-04
6.811392e-01	4.091857e-04
6.811648e-01	4.237860e-04
6.811904e-01	4.378818e-04
6.812160e-01	4.525472e-04
6.812416e-01	4.665099e-04
6.812672e-01	4.808680e-04
6.812928e-01	4.949255e-04
6.813184e-01	5.085200e-04
6.813440e-01	5.222856e-04
6.813696e-01	5.361107e-04
6.813952e-01	5.496091e-04
6.814208e-01	5.625322e-04
6.814464e-01	5.760013e-04
6.814720e-01	5.885976e-04
6.814976e-01	6.014926e-04
6.815232e-01	6.150764e-04
6.815488e-01	6.268122e-04
6.815744e-01	6.393071e-04
6.816000e-01	6.517361e-04
6.816256e-01	6.635501e-04
6.816512e-01	6.756941e-04
6.816768e-01	6.870276e-04
6.817024e-01	6.987822e-04
6.817280e-01	7.101307e-04
6.817536e-01	7.215365e-04
6.817792e-01	7.324048e-04
6.818048e-01	7.432342e-04
6.818304e-01	7.538444e-04
6.818560e-01	7.641912e-04
6.818816e-01	7.745443e-04
6.819072e-01	7.842570e-04
6.819328e-01	7.944692e-04
6.819584e-01	8.037722e-04
6.819840e-01	8.137653e-04
6.820096e-01	8.230649e-04
6.820352e-01	8.317156e-04
6.820608e-01	8.411261e-04
6.820864e-01	8.491556e-04
6.821120e-01	8.572590e-04
6.821376e-01	8.660307e-04
6.821632e-01	8.740711e-04
6.821888e-01	8.817176e-04
6.822144e-01	8.893849e-04
6.822400e-01	8.969278e-04
6.822656e-01	9.034788e-04
6.822912e-01	9.107101e-04
6.823168e-01	9.174729e-04
6.823424e-01	9.235676e-04
6.823680e-01	9.299600e-04
6.823936e-01	9.358164e-04
6.824192e-01	9.417737e-04
6.824448e-01	9.468135e-04
6.824704e-01	9.522502e-04
6.824960e-01	9.573178e-04
6.825216e-01	9.618177e-04
6.825472e-01	9.663825e-04
6.825728e-01	9.709951e-04
6.825984e-01	9.747155e-04
6.826240e-01	9.784489e-04
6.826496e-01	9.825367e-04
6.826752e-01	9.851125e-04
6.827008e-01	9.883360e-04
6.827264e-01	9.912206e-04
6.827520e-01	9.937324e-04
6.827776e-01	9.960079e-04
6.828032e-01	9.981318e-04
6.828288e-01	1.000181e-03
6.828544e-01	1.001458e-03
6.828800e-01	1.002989e-03
6.829056e-01	1.004290e-03
6.829312e-01	1.004914e-03
6.829568e-01	1.005559e-03
6.829824e-01	1.006146e-03
6.830080e-01	1.006178e-03
6.830336e-01	1.005902e-03
6.830592e-01	1.005686e-03
6.830848e-01	1.004878e-03
6.831104e-01	1.003784e-03
6.831360e-01	1.002751e-03
6.831616e-01	1.001144e-03
6.831872e-01	1.000043e-03
6.832128e-01	9.981553e-04
6.832384e-01	9.959029e-04
6.832640e-01	9.936232e-04
6.832896e-01	9.905420e-04
6.833152e-01	9.884705e-04
6.833408e-01	9.850088e-04
6.833664e-01	9.815556e-04
6.833920e-01	9.783331e-04
6.834176e-01	9.737022e-04
6.834432e-01	9.699287e-04
6.834688e-01	9.653835e-04
6.834944e-01	9.609871e-04
6.835200e-01	9.564146e-04
6.835456e-01	9.507533e-04
6.835712e-01	9.462241e-04
6.835968e-01	9.404270e-04
6.836224e-01	9.345027e-04
6.836480e-01	9.284949e-04
6.836736e-01	9.219887e-04
6.836992e-01	9.159782e-04
6.837248e-01	9.089906e-04
6.837504e-01	9.020651e-04
6.837760e-01	8.950824e-04
6.838016e-01	8.875438e-04
6.838272e-01	8.798616e-04
6.838528e-01	8.719029e-04
6.838784e-01	8.635086e-04
6.839040e-01	8.555731e-04
6.839296e-01	8.466402e-04
6.839552e-01	8.379660e-04
6.839808e-01	8.293198e-04
6.840064e-01	8.193557e-04
6.840320e-01	8.102765e-04
6.840576e-01	8.005106e-04
6.840832e-01	7.906102e-04
6.841088e-01	7.803335e-04
6.841344e-01	7.704860e-04
6.841600e-01	7.602443e-04
6.841856e-01	7.487384e-04
6.842112e-01	7.381719e-04
6.842368e-01	7.269606e-04
6.842624e-01	7.157821e-04
6.842880e-01	7.041873e-04
6.843136e-01	6.924649e-04
6.843392e-01	6.810103e-04
6.843648e-01	6.688239e-04
6.843904e-01	6.569554e-04
6.844160e-01	6.438594e-04
6.844416e-01	6.313435e-04
6.844672e-01	6.190015e-04
6.844928e-01	6.056999e-04
6.845184e-01	5.929341e-04
6.845440e-01	5.791906e-04
6.845696e-01	5.657381e-04
6.845952e-01	5.523158e-04
6.846208e-01	5.386472e-04
6.846464e-01	5.250387e-04
6.846720e-01	5.108992e-04
6.846976e-01	4.968329e-04
6.847232e-01	4.823610e-04
6.847488e-01	4.680897e-04
6.847744e-01	4.533902e-04
6.848000e-01	4.388078e-04
6.848256e-01	4.240811e-04
6.848512e-01	4.089003e-04
6.848768e-01	3.939978e-04
6.849024e-01	3.787647e-04
6.849280e-01	3.636543e-04
6.849536e-01	3.482412e-04
6.849792e-01	3.327780e-04
6.850048e-01	3.171154e-04
6.850304e-01	3.013601e-04
6.850560e-01	2.852078e-04
6.850816e-01	2.695442e-04
6.851072e-01	2.539704e-04
6.851328e-01	2.376250e-04
6.851584e-01	2.219377e-04
6.851840e-01	2.052277e-04
6.852096e-01	1.889777e-04
6.852352e-01	1.730788e-04
6.852608e-01	1.568425e-04
6.852864e-01	1.400447e-04
6.853120e-01	1.234337e-04
6.853376e-01	1.071867e-04
6.853632e-01	9.038119e-05
6.853888e-01	7.442456e-05
6.854144e-01	5.722306e-05
6.854400e-01	4.096479e-05
6.854656e-01	2.432172e-05
6.854912e-01	7.239460e-06
6.855168e-01	-8.849993e-06
6.855424e-01	-2.608659e-05
6.855680e-01	-4.230323e-05
6.855936e-01	-5.926146e-05
6.856192e-01	-7.579404e-05
6.856448e-01	-9.210550e-05
6.856704e-01	-1.090428e-04
6.856960e-01	-1.255491e-04
6.857216e-01	-1.421105e-04
6.857472e-01	-1.591851e-04
6.857728e-01	-1.756413e-04
6.857984e-01	-1.921712e-04
6.858240e-01	-2.090566e-04
6.858496e-01	-2.248011e-04
6.858752e-01	-2.412100e-04
6.859008e-01	-2.578117e-04
6.859264e-01	-2.742664e-04
6.859520e-01	-2.899333e-04
6.859776e-01	-3.058274e-04
6.860032e-01	-3.220309e-04
6.860288e-01	-3.382977e-04
6.860544e-01	-3.540303e-04
6.860800e-01	-3.696345e-04
6.861056e-01	-3.854635e-04
6.861312e-01	-4.011100e-04
6.861568e-01	-4.166883e-04
6.861824e-01	-4.316142e-04
6.862080e-01	-4.475543e-04
6.862336e-01	-4.627783e-04
6.862592e-01	-4.775595e-04
6.862848e-01	-4.923572e-04
6.863104e-01	-5.076725e-04
6.863360e-01	-5.221351e-04
6.863616e-01	-5.365791e-04
6.863872e-01	-5.511959e-04
6.864128e-01	-5.649893e-04
6.864384e-01	-5.796133e-04
6.864640e-01	-5.932535e-04
6.864896e-01	-6.070955e-04
6.865152e-01	-6.208881e-04
6.865408e-01	-6.344962e-04
6.865664e-01	-6.477017e-04
6.865920e-01	-6.606782e-04
6.866176e-01	-6.738751e-04
6.866432e-01	-6.862985e-04
6.866688e-01	-6.994913e-04
6.866944e-01	-7.116940e-04
6.867200e-01	-7.239496e-04
6.867456e-01	-7.362452e-04
6.867712e-01	-7.474631e-04
6.867968e-01	-7.592937e-04
6.868224e-01	-7.709402e-04
6.868480e-01	-7.823603e-04
6.868736e-01	-7.936605e-04
6.868992e-01	-8.042382e-04
6.869248e-01	-8.139710e-04
6.869504e-01	-8.248473e-04
6.869760e-01	-8.355084e-04
6.870016e-01	-8.450370e-04
6.870272e-01	-8.548605e-04
6.870528e-01	-8.642943e-04
6.870784e-01	-8.738174e-04
6.871040e-01	-8.821847e-04
6.871296e-01	-8.910996e-04
6.871552e-01	-8.996173e-04
6.871808e-01	-9.078268e-04
6.872064e-01	-9.161555e-04
6.872320e-01	-9.235214e-04
6.872576e-01	-9.318627e-04
6.872832e-01	-9.387637e-04
6.873088e-01	-9.456116e-04
6.873344e-01	-9.523599e-04
6.873600e-01	-9.590475e-04
6.873856e-01	-9.657708e-04
6.874112e-01	-9.708341e-04
6.874368e-01	-9.769663e-04
6.874624e-01	-9.820900e-04
6.874880e-01	-9.871222e-04
6.875136e-01	-9.924938e-04
6.875392e-01	-9.968578e-04
6.875648e-01	-1.000948e-03
6.875904e-01	-1.005236e-03
6.876160e-01	-1.009243e-03
6.876416e-01	-1.012570e-03
6.876672e-01	-1.015965e-03
6.876928e-01	-1.018787e-03
6.877184e-01	-1.021934e-03
6.877440e-01	-1.024103e-03
6.877696e-01	-1.026229e-03
6.877952e-01	-1.028051e-03
6.878208e-01	-1.029587e-03
6.878464e-01	-1.031255e-03
6.878720e-01	-1.031619e-03
6.878976e-01	-1.032512e-03
6.879232e-01	-1.033132e-03
6.879488e-01	-1.033160e-03
6.879744e-01	-1.033175e-03
6.880000e-01	-1.032326e-03
6.880256e-01	-1.032050e-03
6.880512e-01	-1.031514e-03
6.880768e-01	-1.030113e-03
6.881024e-01	-1.028796e-03
6.881280e-01	-1.026510e-03
6.881536e-01	-1.025042e-03
6.881792e-01	-1.022417e-03
6.882048e-01	-1.019850e-03
6.882304e-01	-1.016982e-03
6.882560e-01	-1.013732e-03
6.882816e-01	-1.011038e-03
6.883072e-01	-1.006914e-03
6.883328e-01	-1.003339e-03
6.883584e-01	-9.987995e-04
6.883840e-01	-9.941857e-04
6.884096e-01	-9.896656e-04
6.884352e-01	-9.847730e-04
6.884608e-01	-9.793164e-04
6.884864e-01	-9.731373e-04
6.885120e-01	-9.678244e-04
6.885376e-01	-9.620855e-04
6.885632e-01	-9.554494e-04
6.885888e-01	-9.491086e-04
6.886144e-01	-9.426343e-04
6.886400e-01	-9.354386e-04
6.886656e-01	-9.283287e-04
6.886912e-01	-9.203870e-04
6.887168e-01	-9.126032e-04
6.887424e-01	-9.052859e-04
6.887680e-01	-8.966604e-04
6.887936e-01	-8.882169e-04
6.888192e-01	-8.797694e-04
6.888448e-01	-8.706534e-04
6.888704e-01	-8.616566e-04
6.888960e-01	-8.520448e-04
6.889216e-01	-8.427594e-04
6.889472e-01	-8.333527e-04
6.889728e-01	-8.230770e-04
6.889984e-01	-8.125981e-04
6.890240e-01	-8.027184e-04
6.890496e-01	-7.918912e-04
6.890752e-01	-7.803753e-04
6.891008e-01	-7.699346e-04
6.891264e-01	-7.587465e-04
6.891520e-01	-7.474638e-04
6.891776e-01	-7.360920e-04
6.892032e-01	-7.241201e-04
6.892288e-01	-7.123516e-04
6.892544e-01	-7.002236e-04
6.892800e-01	-6.880310e-04
6.893056e-01	-6.754243e-04
6.893312e-01	-6.626421e-04
6.893568e-01	-6.499027e-04
6.893824e-01	-6.372145e-04
6.894080e-01	-6.237927e-04
6.894336e-01	-6.106244e-04
6.894592e-01	-5.972979e-04
6.894848e-01	-5.835293e-04
6.895104e-01	-5.699970e-04
6.895360e-01	-5.561383e-04
6.895616e-01	-5.423294e-04
6.895872e-01	-5.279401e-04
6.896128e-01	-5.138390e-04
6.896384e-01	-4.994771e-04
6.896640e-01	-4.849792e-04
6.896896e-01	-4.702160e-04
6.897152e-01	-4.556405e-04
6.897408e-01	-4.411151e-04
6.897664e-01	-4.257766e-04
6.897920e-01	-4.108379e-04
6.898176e-01	-3.955645e-04
6.898432e-01	-3.808220e-04
6.898688e-01	-3.652471e-04
6.898944e-01	-3.501750e-04
6.899200e-01	-3.345440e-04
6.899456e-01	-3.187208e-04
6.899712e-01	-3.033544e-04
6.899968e-01	-2.873858e-04
6.900224e-01	-2.722354e-04
6.900480e-01	-2.560333e-04
6.900736e-01	-2.406514e-04
6.900992e-01	-2.243607e-04
6.901248e-01	-2.083623e-04
6.901504e-01	-1.927087e-04
6.901760e-01	-1.759594e-04
6.902016e-01	-1.605290e-04
6.902272e-01	-1.441673e-04
6.902528e-01	-1.279757e-04
6.902784e-01	-1.119412e-04
6.903040e-01	-9.568469e-05
6.903296e-01	-7.940502e-05
6.903552e-01	-6.345889e-05
6.903808e-01	-4.733782e-05
6.904064e-01	-3.075337e-05
6.904320e-01	-1.464205e-05
6.904576e-01	1.463958e-06
6.904832e-01	1.772008e-05
6.905088e-01	3.388597e-05
6.905344e-01	4.962314e-05
6.905600e-01	6.609556e-05
6.905856e-01	8.234885e-05
6.906112e-01	9.838078e-05
6.906368e-01	1.145613e-04
6.906624e-01	1.304950e-04
6.906880e-01	1.464027e-04
6.907136e-01	1.618861e-04
6.907392e-01	1.780564e-04
6.907648e-01	1.937760e-04
6.907904e-01	2.095825e-04
6.908160e-01	2.252980e-04
6.908416e-01	2.407950e-04
6.908672e-01	2.565272e-04
6.908928e-01	2.721353e-04
6.909184e-01	2.877901e-04
6.909440e-01	3.027377e-04
6.909696e-01	3.182092e-04
6.909952e-01	3.335934e-04
6.910208e-01	3.486196e-04
6.910464e-01	3.637731e-04
6.910720e-01	3.783589e-04
6.910976e-01	3.931479e-04
6.911232e-01	4.078361e-04
6.911488e-01	4.223994e-04
6.911744e-01	4.368794e-04
6.912000e-01	4.509865e-04
6.912256e-01	4.654631e-04
6.912512e-01	4.797724e-04
6.912768e-01	4.932609e-04
6.913024e-01	5.074268e-04
6.913280e-01	5.213278e-04
6.913536e-01	5.347350e-04
6.913792e-01	5.481722e-04
6.914048e-01	5.616719e-04
6.914304e-01	5.748924e-04
6.914560e-01	5.876902e-04
6.914816e-01	6.009190e-04
6.915072e-01	6.133498e-04
6.915328e-01	6.260534e-04
6.915584e-01	6.385677e-04
6.915840e-01	6.503497e-04
6.916096e-01	6.630372e-04
6.916352e-01	6.746915e-04
6.916608e-01	6.862739e-04
6.916864e-01	6.978292e-04
6.917120e-01	7.095704e-04
6.917376e-01	7.209182e-04
6.917632e-01	7.313867e-04
6.917888e-01	7.425199e-04
6.918144e-01	7.532058e-04
6.918400e-01	7.637130e-04
6.918656e-01	7.739966e-04
6.918912e-01	7.839270e-04
6.919168e-01	7.942417e-04
6.919424e-01	8.037463e-04
6.919680e-01	8.130943e-04
6.919936e-01	8.221469e-04
6.920192e-01	8.314305e-04
6.920448e-01	8.407142e-04
6.920704e-01	8.485856e-04
6.920960e-01	8.571979e-04
6.921216e-01	8.657542e-04
6.921472e-01	8.736270e-04
6.921728e-01	8.812740e-04
6.921984e-01	8.886948e-04
6.922240e-01	8.962501e-04
6.922496e-01	9.032656e-04
6.922752e-01	9.103255e-04
6.923008e-01	9.167230e-04
6.923264e-01	9.231140e-04
6.923520e-01	9.296642e-04
6.923776e-01	9.351401e-04
6.924032e-01	9.409119e-04
6.924288e-01	9.466117e-04
6.924544e-01	9.513670e-04
6.924800e-01	9.568030e-04
6.925056e-01	9.611995e-04
6.925312e-01	9.659120e-04
6.925568e-01	9.704736e-04
6.925824e-01	9.742143e-04
6.926080e-01	9.784108e-04
6.926336e-01	9.817850e-04
6.926592e-01	9.853552e-04
6.926848e-01	9.882209e-04
6.927104e-01	9.909840e-04
6.927360e-01	9.936326e-04
6.927616e-01	9.960931e-04
6.927872e-01	9.984514e-04
6.928128e-01	1.000115e-03
6.928384e-01	1.001696e-03
6.928640e-01	1.002908e-03
6.928896e-01	1.004274e-03
6.929152e-01	1.005144e-03
6.929408e-01	1.005494e-03
6.929664e-01	1.005677e-03
6.929920e-01	1.006178e-03
6.930176e-01	1.006172e-03
6.930432e-01	1.005245e-03
6.930688e-01	1.005131e-03
6.930944e-01	1.004341e-03
6.931200e-01	1.002872e-03
6.931456e-01	1.001794e-03
6.931712e-01	9.998046e-04
6.931968e-01	9.984458e-04
6.932224e-01	9.961233e-04
6.932480e-01	9.937248e-04
6.932736e-01	9.914389e-04
6.932992e-01	9.882734e-04
6.933248e-01	9.853872e-04
6.933504e-01	9.818013e-04
6.933760e-01	9.782256e-04
6.934016e-01	9.742980e-04
6.934272e-01	9.703801e-04
6.934528e-01	9.660850e-04
6.934784e-01	9.613051e-04
6.935040e-01	9.569938e-04
6.935296e-01	9.518198e-04
6.935552e-01	9.466241e-04
6.935808e-01	9.409299e-04
6.936064e-01	9.350422e-04
6.936320e-01	9.294557e-04
6.936576e-01	9.227420e-04
6.936832e-01	9.162815e-04
6.937088e-01	9.096714e-04
6.937344e-01	9.026052e-04
6.937600e-01	8.955169e-04
6.937856e-01	8.883072e-04
6.938112e-01	8.808211e-04
6.938368e-01	8.724366e-04
6.938624e-01	8.645020e-04
6.938880e-01	8.563647e-04
6.939136e-01	8.477393e-04
6.939392e-01	8.388917e-04
6.939648e-01	8.297021e-04
6.939904e-01	8.207900e-04
6.940160e-01	8.112731e-04
6.940416e-01	8.016471e-04
6.940672e-01	7.921595e-04
6.940928e-01	7.815151e-04
6.941184e-01	7.712421e-04
6.941440e-01	7.610259e-04
6.941696e-01	7.498770e-04
6.941952e-01	7.394246e-04
6.942208e-01	7.284411e-04
6.942464e-01	7.168283e-04
6.942720e-01	7.057894e-04
6.942976e-01	6.935329e-04
6.943232e-01	6.818626e-04
6.943488e-01	6.699333e-04
6.943744e-01	6.576459e-04
6.944000e-01	6.452953e-04
6.944256e-01	6.325560e-04
6.944512e-01	6.202887e-04
6.944768e-01	6.070304e-04
6.945024e-01	5.940456e-04
6.945280e-01	5.808459e-04
6.945536e-01	5.673418e-04
6.945792e-01	5.536973e-04
6.946048e-01	5.399679e-04
6.946304e-01	5.263754e-04
6.946560e-01	5.121357e-04
6.946816e-01	4.981512e-04
6.947072e-01	4.835252e-04
6.947328e-01	4.693569e-04
6.947584e-01	4.550071e-04
6.947840e-01	4.401491e-04
6.948096e-01	4.254482e-04
6.948352e-01	4.102068e-04
6.948608e-01	3.956590e-04
6.948864e-01	3.802143e-04
6.949120e-01	3.645004e-04
6.949376e-01	3.496958e-04
6.949632e-01	3.340259e-04
6.949888e-01	3.187371e-04
6.950144e-01	3.030165e-04
6.950400e-01	2.871635e-04
6.950656e-01	2.713274e-04
6.950912e-01	2.549717e-04
6.951168e-01	2.393288e-04
6.951424e-01	2.235809e-04
6.951680e-01	2.069988e-04
6.951936e-01	1.905744e-04
6.952192e-01	1.743616e-04
6.952448e-01	1.580602e-04
6.952704e-01	1.416649e-04
6.952960e-01	1.252449e-04
6.953216e-01	1.091123e-04
6.953472e-01	9.223601e-05
6.953728e-01	7.538958e-05
6.953984e-01	5.900651e-05
6.954240e-01	4.229989e-05
6.954496e-01	2.606137e-05
6.954752e-01	9.205094e-06
6.955008e-01	-7.381559e-06
6.955264e-01	-2.403874e-05
6.955520e-01	-4.099532e-05
6.955776e-01	-5.795506e-05
6.956032e-01	-7.430530e-05
6.956288e-01	-9.093799e-05
6.956544e-01	-1.080851e-04
6.956800e-01	-1.238532e-04
6.957056e-01	-1.408430e-04
6.957312e-01	-1.577022e-04
6.957568e-01	-1.741705e-04
6.957824e-01	-1.907154e-04
6.958080e-01	-2.071741e-04
6.958336e-01	-2.237618e-04
6.958592e-01	-2.396292e-04
6.958848e-01	-2.563749e-04
6.959104e-01	-2.721527e-04
6.959360e-01	-2.887395e-04
6.959616e-01	-3.048652e-04
6.959872e-01	-3.205033e-04
6.960128e-01	-3.369429e-04
6.960384e-01	-3.529141e-04
6.960640e-01	-3.688717e-04
6.960896e-01	-3.840909e-04
6.961152e-01	-3.999576e-04
6.961408e-01	-4.151876e-04
6.961664e-01	-4.308544e-04
6.961920e-01	-4.464251e-04
6.962176e-01	-4.612632e-04
6.962432e-01	-4.765322e-04
6.962688e-01	-4.909431e-04
6.962944e-01	-5.061821e-04
6.963200e-01	-5.210593e-04
6.963456e-01	-5.352019e-04
6.963712e-01	-5.496782e-04
6.963968e-01	-5.643481e-04
6.964224e-01	-5.779124e-04
6.964480e-01	-5.919460e-04
6.964736e-01	-6.058681e-04
6.964992e-01	-6.191073e-04
6.965248e-01	-6.334495e-04
6.965504e-01	-6.466753e-04
6.965760e-01	-6.597429e-04
6.966016e-01	-6.726451e-04
6.966272e-01	-6.857325e-04
6.966528e-01	-6.984902e-04
6.966784e-01	-7.103933e-04
6.967040e-01	-7.229014e-04
6.967296e-01	-7.348493e-04
6.967552e-01	-7.468737e-04
6.967808e-01	-7.580240e-04
6.968064e-01	-7.698511e-04
6.968320e-01	-7.816936e-04
6.968576e-01	-7.922724e-04
6.968832e-01	-8.029434e-04
6.969088e-01	-8.141312e-04
6.969344e-01	-8.244223e-04
6.969600e-01	-8.338778e-04
6.969856e-01	-8.444643e-04
6.970112e-01	-8.542152e-04
6.970368e-01	-8.633868e-04
6.970624e-01	-8.728435e-04
6.970880e-01	-8.819182e-04
6.971136e-01	-8.905296e-04
6.971392e-01	-8.995511e-04
6.971648e-01	-9.080026e-04
6.971904e-01	-9.147330e-04
6.972160e-01	-9.232639e-04
6.972416e-01	-9.309305e-04
6.972672e-01	-9.379868e-04
6.972928e-01	-9.454382e-04
6.973184e-01	-9.514283e-04
6.973440e-01	-9.583317e-04
6.973696e-01	-9.645844e-04
6.973952e-01	-9.703998e-04
6.974208e-01	-9.765811e-04
6.974464e-01	-9.816366e-04
6.974720e-01	-9.870143e-04
6.974976e-01	-9.921923e-04
6.975232e-01	-9.966925e-04
6.975488e-01	-1.001021e-03
6.975744e-01	-1.005106e-03
6.976000e-01	-1.008944e-03
6.976256e-01	-1.012699e-03
6.976512e-01	-1.015956e-03
6.976768e-01	-1.018423e-03
6.977024e-01	-1.021453e-03
6.977280e-01	-1.024117e-03
6.977536e-01	-1.026250e-03
6.977792e-01	-1.028454e-03
6.978048e-01	-1.029297e-03
6.978304e-01	-1.030854e-03
6.978560e-01	-1.032392e-03
6.978816e-01	-1.032269e-03
6.979072e-01	-1.033401e-03
6.979328e-01	-1.033578e-03
6.979584e-01	-1.032820e-03
6.979840e-01	-1.033312e-03
6.980096e-01	-1.032222e-03
6.980352e-01	-1.031709e-03
6.980608e-01	-1.030210e-03
6.980864e-01	-1.028508e-03
6.981120e-01	-1.027241e-03
6.981376e-01	-1.025071e-03
6.981632e-01	-1.022965e-03
6.981888e-01	-1.020311e-03
6.982144e-01	-1.017571e-03
6.982400e-01	-1.014236e-03
6.982656e-01	-1.010863e-03
6.982912e-01	-1.007267e-03
6.983168e-01	-1.003599e-03
6.983424e-01	-9.989648e-04
6.983680e-01	-9.946417e-04
6.983936e-01	-9.899611e-04
6.984192e-01	-9.845374e-04
6.984448e-01	-9.798460e-04
6.984704e-01	-9.741901e-04
6.984960e-01	-9.685755e-04
6.985216e-01	-9.626031e-04
6.985472e-01	-9.566166e-04
6.985728e-01	-9.500110e-04
6.985984e-01	-9.430463e-04
6.986240e-01	-9.358246e-04
6.986496e-01	-9.286163e-04
6.986752e-01	-9.214269e-04
6.987008e-01	-9.135862e-04
6.987264e-01	-9.057371e-04
6.987520e-01	-8.972904e-04
6.987776e-01	-8.890341e-04
6.988032e-01	-8.807264e-04
6.988288e-01	-8.712658e-04
6.988544e-01	-8.619413e-04
6.988800e-01	-8.533275e-04
6.989056e-01	-8.435952e-04
6.989312e-01	-8.336305e-04
6.989568e-01	-8.246073e-04
6.989824e-01	-8.136997e-04
6.990080e-01	-8.035610e-04
6.990336e-01	-7.930960e-04
6.990592e-01	-7.820054e-04
6.990848e-01	-7.712863e-04
6.991104e-01	-7.598388e-04
6.991360e-01	-7.487047e-04
6.991616e-01	-7.371663e-04
6.991872e-01	-7.248840e-04
6.992128e-01	-7.130362e-04
6.992384e-01	-7.013835e-04
6.992640e-01	-6.886950e-04
6.992896e-01	-6.768042e-04
6.993152e-01	-6.641542e-04
6.993408e-01	-6.509837e-04
6.993664e-01	-6.386399e-04
6.993920e-01	-6.251708e-04
6.994176e-01	-6.119786e-04
6.994432e-01	-5.985968e-04
6.994688e-01	-5.847730e-04
6.994944e-01	-5.714124e-04
6.995200e-01	-5.575002e-04
6.995456e-01	-5.431878e-04
6.995712e-01	-5.295686e-04
6.995968e-01	-5.152629e-04
6.996224e-01	-5.005689e-04
6.996480e-01	-4.863251e-04
6.996736e-01	-4.715965e-04
6.996992e-01	-4.569246e-04
6.997248e-01	-4.422206e-04
6.997504e-01	-4.270262e-04
6.997760e-01	-4.122114e-04
6.998016e-01	-3.973062e-04
6.998272e-01	-3.816560e-04
6.998528e-01	-3.667121e-04
6.998784e-01	-3.516425e-04
6.999040e-01	-3.356436e-04
6.999296e-01	-3.204494e-04
6.999552e-01	-3.049087e-04
6.999808e-01	-2.892064e-04
7.000064e-01	-2.735072e-04
7.000320e-01	-2.576504e-04
7.000576e-01	-2.416171e-04
7.000832e-01	-2.258246e-04
7.001088e-01	-2.098457e-04
7.001344e-01	-1.934160e-04
7.001600e-01	-1.776112e-04
7.001856e-01	-1.617120e-04
7.002112e-01	-1.454929e-04
7.002368e-01	-1.292581e-04
7.002624e-01	-1.130733e-04
7.002880e-01	-9.709888e-05
7.003136e-01	-8.071781e-05
7.003392e-01	-6.493212e-05
7.003648e-01	-4.860719e-05
7.003904e-01	-3.221592e-05
7.004160e-01	-1.627828e-05
7.004416e-01	1.848474e-07
7.004672e-01	1.629365e-05
7.004928e-01	3.249059e-05
7.005184e-01	4.880302e-05
7.005440e-01	6.442482e-05
7.005696e-01	8.070642e-05
7.005952e-01	9.722643e-05
7.006208e-01	1.128933e-04
7.006464e-01	1.291163e-04
7.006720e-01	1.450961e-04
7.006976e-01	1.607041e-04
7.007232e-01	1.770628e-04
7.007488e-01	1.923243e-04
7.007744e-01	2.080425e-04
7.008000e-01	2.244245e-04
7.008256e-01	2.398278e-04
7.008512e-01	2.550781e-04
7.008768e-01	2.706549e-04
7.009024e-01	2.863552e-04
7.009280e-01	3.015943e-04
7.009536e-01	3.167890e-04
7.009792e-01	3.319932e-04
7.010048e-01	3.470509e-04
7.010304e-01	3.621162e-04
7.010560e-01	3.766129e-04
7.010816e-01	3.916564e-04
7.011072e-01	4.064473e-04
7.011328e-01	4.212082e-04
7.011584e-01	4.355359e-04
7.011840e-01	4.498685e-04
7.012096e-01	4.640977e-04
7.012352e-01	4.780461e-04
7.012608e-01	4.921724e-04
7.012864e-01	5.061211e-04
7.013120e-01	5.201736e-04
7.013376e-01	5.337636e-04
7.013632e-01	5.473977e-04
7.013888e-01	5.604214e-04
7.014144e-01	5.738011e-04
7.014400e-01	5.869356e-04
7.014656e-01	5.993953e-04
7.014912e-01	6.122321e-04
7.015168e-01	6.247282e-04
7.015424e-01	6.370323e-04
7.015680e-01	6.489729e-04
7.015936e-01	6.615036e-04
7.016192e-01	6.733176e-04
7.016448e-01	6.851797e-04
7.016704e-01	6.969162e-04
7.016960e-01	7.084307e-04
7.017216e-01	7.195636e-04
7.017472e-01	7.303079e-04
7.017728e-01	7.414233e-04
7.017984e-01	7.519928e-04
7.018240e-01	7.628218e-04
7.018496e-01	7.726982e-04
7.018752e-01	7.828894e-04
7.019008e-01	7.931477e-04
7.019264e-01	8.020992e-04
7.019520e-01	8.119891e-04
7.019776e-01	8.216787e-04
7.020032e-01	8.300909e-04
7.020288e-01	8.387446e-04
7.020544e-01	8.480613e-04
7.020800e-01	8.565876e-04
7.021056e-01	8.644802e-04
7.021312e-01	8.726803e-04
7.021568e-01	8.808598e-04
7.021824e-01	8.881141e-04
7.022080e-01	8.954468e-04
7.022336e-01	9.022593e-04
7.022592e-01	9.097169e-04
7.022848e-01	9.160770e-04
7.023104e-01	9.223754e-04
7.023360e-01	9.291788e-04
7.023616e-01	9.343955e-04
7.023872e-01	9.407150e-04
7.024128e-01	9.459196e-04
7.024384e-01	9.513727e-04
7.024640e-01	9.566381e-04
7.024896e-01	9.607228e-04
7.025152e-01	9.656579e-04
7.025408e-01	9.699259e-04
7.025664e-01	9.741640e-04
7.025920e-01	9.780454e-04
7.026176e-01	9.816068e-04
7.026432e-01	9.849332e-04
7.026688e-01	9.881671e-04
7.026944e-01	9.908089e-04
7.027200e-01	9.934288e-04
7.027456e-01	9.957702e-04
7.027712e-01	9.977124e-04
7.027968e-01	9.997986e-04
7.028224e-01	1.001513e-03
7.028480e-01	1.002692e-03
7.028736e-01	1.004238e-03
7.028992e-01	1.004910e-03
7.029248e-01	1.005200e-03
7.029504e-01	1.005971e-03
7.029760e-01	1.006277e-03
7.030016e-01	1.006238e-03
7.030272e-01	1.005496e-03
7.030528e-01	1.004773e-03
7.030784e-01	1.004231e-03
7.031040e-01	1.003513e-03
7.031296e-01	1.001765e-03
7.031552e-01	1.000266e-03
7.031808e-01	9.985056e-04
7.032064e-01	9.960079e-04
7.032320e-01	9.937134e-04
7.032576e-01	9.910627e-04
7.032832e-01	9.884686e-04
7.033088e-01	9.853995e-04
7.033344e-01	9.822645e-04
7.033600e-01	9.784895e-04
7.033856e-01	9.755175e-04
7.034112e-01	9.709834e-04
7.034368e-01	9.665699e-04
7.034624e-01	9.624896e-04
7.034880e-01	9.568031e-04
7.035136e-01	9.522159e-04
7.035392e-01	9.468402e-04
7.035648e-01	9.416109e-04
7.035904e-01	9.356065e-04
7.036160e-01	9.294078e-04
7.036416e-01	9.237718e-04
7.036672e-01	9.170354e-04
7.036928e-01	9.106512e-04
7.037184e-01	9.034354e-04
7.037440e-01	8.967060e-04
7.037696e-01	8.889079e-04
7.037952e-01	8.809648e-04
7.038208e-01	8.735082e-04
7.038464e-01	8.651891e-04
7.038720e-01	8.574708e-04
7.038976e-01	8.486044e-04
7.039232e-01	8.399671e-04
7.039488e-01	8.308635e-04
7.039744e-01	8.214751e-04
7.040000e-01	8.125405e-04
7.040256e-01	8.025094e-04
7.040512e-01	7.927509e-04
7.040768e-01	7.824964e-04
7.041024e-01	7.721893e-04
7.041280e-01	7.619613e-04
7.041536e-01	7.511331e-04
7.041792e-01	7.403581e-04
7.042048e-01	7.292862e-04
7.042304e-01	7.177037e-04
7.042560e-01	7.068189e-04
7.042816e-01	6.950189e-04
7.043072e-01	6.831586e-04
7.043328e-01	6.711974e-04
7.043584e-01	6.588645e-04
7.043840e-01	6.470110e-04
7.044096e-01	6.340528e-04
7.044352e-01	6.210289e-04
7.044608e-01	6.083992e-04
7.044864e-01	5.951124e-04
7.045120e-01	5.822833e-04
7.045376e-01	5.686382e-04
7.045632e-01	5.550302e-04
7.045888e-01	5.417006e-04
7.046144e-01	5.273960e-04
7.046400e-01	5.136778e-04
7.046656e-01	4.994952e-04
7.046912e-01	4.846451e-04
7.047168e-01	4.708660e-04
7.047424e-01	4.563457e-04
7.047680e-01	4.413567e-04
7.047936e-01	4.265511e-04
7.048192e-01	4.119464e-04
7.048448e-01	3.971467e-04
7.048704e-01	3.814228e-04
7.048960e-01	3.665612e-04
7.049216e-01	3.507992e-04
7.049472e-01	3.357700e-04
7.049728e-01	3.200453e-04
7.049984e-01	3.037613e-04
7.050240e-01	2.889917e-04
7.050496e-01	2.724400e-04
7.050752e-01	2.569058e-04
7.051008e-01	2.408263e-04
7.051264e-01	2.248525e-04
7.051520e-01	2.087759e-04
7.051776e-01	1.919818e-04
7.052032e-01	1.761179e-04
7.052288e-01	1.595885e-04
7.052544e-01	1.434583e-04
7.052800e-01	1.274447e-04
7.053056e-01	1.103270e-04
7.053312e-01	9.381637e-05
7.053568e-01	7.749233e-05
7.053824e-01	6.066170e-05
7.054080e-01	4.374173e-05
7.054336e-01	2.715075e-05
7.054592e-01	1.064361e-05
7.054848e-01	-6.067012e-06
7.055104e-01	-2.267195e-05
7.055360e-01	-3.953980e-05
7.055616e-01	-5.618339e-05
7.055872e-01	-7.274636e-05
7.056128e-01	-8.981615e-05
7.056384e-01	-1.061842e-04
7.056640e-01	-1.224226e-04
7.056896e-01	-1.392436e-04
7.057152e-01	-1.558826e-04
7.057408e-01	-1.724699e-04
7.057664e-01	-1.891109e-04
7.057920e-01	-2.055032e-04
7.058176e-01	-2.219485e-04
7.058432e-01	-2.384479e-04
7.058688e-01	-2.545200e-04
7.058944e-01	-2.707362e-04
7.059200e-01	-2.872006e-04
7.059456e-01	-3.030739e-04
7.059712e-01	-3.193190e-04
7.059968e-01	-3.351664e-04
7.060224e-01	-3.510698e-04
7.060480e-01	-3.667389e-04
7.060736e-01	-3.827394e-04
7.060992e-01	-3.985400e-04
7.061248e-01	-4.137511e-04
7.061504e-01	-4.290643e-04
7.061760e-01	-4.445428e-04
7.062016e-01	-4.598587e-04
7.062272e-01	-4.753170e-04
7.062528e-01	-4.898538e-04
7.062784e-01	-5.043461e-04
7.063040e-01	-5.194626e-04
7.063296e-01	-5.336448e-04
7.063552e-01	-5.484172e-04
7.063808e-01	-5.624522e-04
7.064064e-01	-5.767713e-04
7.064320e-01	-5.909834e-04
7.064576e-01	-6.046007e-04
7.064832e-01	-6.186231e-04
7.065088e-01	-6.319652e-04
7.065344e-01	-6.457394e-04
7.065600e-01	-6.586667e-04
7.065856e-01	-6.714700e-04
7.066112e-01	-6.844748e-04
7.066368e-01	-6.970061e-04
7.066624e-01	-7.095944e-04
7.066880e-01	-7.216572e-04
7.067136e-01	-7.336184e-04
7.067392e-01	-7.458921e-04
7.067648e-01	-7.570907e-04
7.067904e-01	-7.688187e-04
7.068160e-01	-7.798690e-04
7.068416e-01	-7.908128e-04
7.068672e-01	-8.022027e-04
7.068928e-01	-8.126379e-04
7.069184e-01	-8.230627e-04
7.069440e-01	-8.331765e-04
7.069696e-01	-8.434139e-04
7.069952e-01	-8.533210e-04
7.070208e-01	-8.627374e-04
7.070464e-01	-8.716003e-04
7.070720e-01	-8.808919e-04
7.070976e-01	-8.899887e-04
7.071232e-01	-8.982872e-04
7.071488e-01	-9.066751e-04
7.071744e-01	-9.147250e-04
7.072000e-01	-9.225322e-04
7.072256e-01	-9.296587e-04
7.072512e-01	-9.371404e-04
7.072768e-01	-9.444085e-04
7.073024e-01	-9.515213e-04
7.073280e-01	-9.571803e-04
7.073536e-01	-9.636940e-04
7.073792e-01	-9.704607e-04
7.074048e-01	-9.758768e-04
7.074304e-01	-9.809965e-04
7.074560e-01	-9.862082e-04
7.074816e-01	-9.914823e-04
7.075072e-01	-9.961157e-04
7.075328e-01	-1.000630e-03
7.075584e-01	-1.005073e-03
7.075840e-01	-1.008575e-03
7.076096e-01	-1.011722e-03
7.076352e-01	-1.015603e-03
7.076608e-01	-1.018340e-03
7.076864e-01	-1.020716e-03
7.077120e-01	-1.024031e-03
7.077376e-01	-1.025683e-03
7.077632e-01	-1.027605e-03
7.077888e-01	-1.030092e-03
7.078144e-01	-1.030670e-03
7.078400e-01	-1.031664e-03
7.078656e-01	-1.032779e-03
7.078912e-01	-1.033073e-03
7.079168e-01	-1.033415e-03
7.079424e-01	-1.033148e-03
7.079680e-01	-1.033353e-03
7.079936e-01	-1.032425e-03
7.080192e-01	-1.031073e-03
7.080448e-01	-1.030423e-03
7.080704e-01	-1.028810e-03
7.080960e-01	-1.026983e-03
7.081216e-01	-1.025011e-03
7.081472e-01	-1.022617e-03
7.081728e-01	-1.020469e-03
7.081984e-01	-1.017712e-03
7.082240e-01	-1.014393e-03
7.082496e-01	-1.010657e-03
7.082752e-01	-1.007357e-03
7.083008e-01	-1.003798e-03
7.083264e-01	-9.993459e-04
7.083520e-01	-9.948913e-04
7.083776e-01	-9.906098e-04
7.084032e-01	-9.853749e-04
7.084288e-01	-9.801430e-04
7.084544e-01	-9.748127e-04
7.084800e-01	-9.687916e-04
7.085056e-01	-9.628710e-04
7.085312e-01	-9.567440e-04
7.085568e-01	-9.505522e-04
7.085824e-01	-9.438784e-04
7.086080e-01	-9.369690e-04
7.086336e-01	-9.297666e-04
7.086592e-01	-9.220404e-04
7.086848e-01	-9.144724e-04
7.087104e-01	-9.063851e-04
7.087360e-01	-8.984774e-04
7.087616e-01	-8.896926e-04
7.087872e-01	-8.816002e-04
7.088128e-01	-8.728128e-04
7.088384e-01	-8.635230e-04
7.088640e-01	-8.543956e-04
7.088896e-01	-8.445253e-04
7.089152e-01	-8.354118e-04
7.089408e-01	-8.251091e-04
7.089664e-01	-8.150896e-04
7.089920e-01	-8.048287e-04
7.090176e-01	-7.939751e-04
7.090432e-01	-7.832071e-04
7.090688e-01	-7.724735e-04
7.090944e-01	-7.612938e-04
7.091200e-01	-7.497604e-04
7.091456e-01	-7.384141e-04
7.091712e-01	-7.261664e-04
7.091968e-01	-7.149583e-04
7.092224e-01	-7.022019e-04
7.092480e-01	-6.900242e-04
7.092736e-01	-6.780984e-04
7.092992e-01	-6.649242e-04
7.093248e-01	-6.526678e-04
7.093504e-01	-6.396630e-04
7.093760e-01	-6.261463e-04
7.094016e-01	-6.130325e-04
7.094272e-01	-5.995220e-04
7.094528e-01	-5.862424e-04
7.094784e-01	-5.726714e-04
7.095040e-01	-5.591392e-04
7.095296e-01	-5.449718e-04
7.095552e-01	-5.305171e-04
7.095808e-01	-5.166374e-04
7.096064e-01	-5.021478e-04
7.096320e-01	-4.879433e-04
7.096576e-01	-4.727468e-04
7.096832e-01	-4.584255e-04
7.097088e-01	-4.442474e-04
7.097344e-01	-4.288683e-04
7.097600e-01	-4.137823e-04
7.097856e-01	-3.984820e-04
7.098112e-01	-3.836851e-04
7.098368e-01	-3.683297e-04
7.098624e-01	-3.531126e-04
7.098880e-01	-3.372360e-04
7.099136e-01	-3.218462e-04
7.099392e-01	-3.064910e-04
7.099648e-01	-2.905080e-04
7.099904e-01	-2.749909e-04
7.100160e-01	-2.590630e-04
7.100416e-01	-2.432191e-04
7.100672e-01	-2.277344e-04
7.100928e-01	-2.114615e-04
7.101184e-01	-1.956084e-04
7.101440e-01	-1.796875e-04
7.101696e-01	-1.630822e-04
7.101952e-01	-1.471807e-04
7.102208e-01	-1.311547e-04
7.102464e-01	-1.149461e-04
7.102720e-01	-9.883427e-05
7.102976e-01	-8.239489e-05
7.103232e-01	-6.630821e-05
7.103488e-01	-5.009836e-05
7.103744e-01	-3.385799e-05
7.104000e-01	-1.792326e-05
7.104256e-01	-1.353856e-06
7.104512e-01	1.451651e-05
7.104768e-01	3.048115e-05
7.105024e-01	4.724829e-05
7.105280e-01	6.269342e-05
7.105536e-01	7.914763e-05
7.105792e-01	9.512258e-05
7.106048e-01	1.111337e-04
7.106304e-01	1.277883e-04
7.106560e-01	1.433129e-04
7.106816e-01	1.593242e-04
7.107072e-01	1.749908e-04
7.107328e-01	1.911916e-04
7.107584e-01	2.067978e-04
7.107840e-01	2.223460e-04
7.108096e-01	2.383306e-04
7.108352e-01	2.531337e-04
7.108608e-01	2.697084e-04
7.108864e-01	2.844505e-04
7.109120e-01	2.997978e-04
7.109376e-01	3.156497e-04
7.109632e-01	3.300171e-04
7.109888e-01	3.457909e-04
7.110144e-01	3.607263e-04
7.110400e-01	3.753384e-04
7.110656e-01	3.899926e-04
7.110912e-01	4.052235e-04
7.111168e-01	4.197242e-04
7.111424e-01	4.337450e-04
7.111680e-01	4.489688e-04
7.111936e-01	4.626640e-04
7.112192e-01	4.769002e-04
7.112448e-01	4.908900e-04
7.112704e-01	5.048512e-04
7.112960e-01	5.185149e-04
7.113216e-01	5.319313e-04
7.113472e-01	5.465134e-04
7.113728e-01	5.590095e-04
7.113984e-01	5.723383e-04
7.114240e-01	5.857914e-04
7.114496e-01	5.977704e-04
7.114752e-01	6.109151e-04
7.115008e-01	6.236882e-04
7.115264e-01	6.359064e-04
7.115520e-01	6.478360e-04
7.115776e-01	6.602208e-04
7.116032e-01	6.726547e-04
7.116288e-01	6.842499e-04
7.116544e-01	6.958178e-04
7.116800e-01	7.074187e-04
7.117056e-01	7.187376e-04
7.117312e-01	7.298979e-04
7.117568e-01	7.401857e-04
7.117824e-01	7.512242e-04
7.118080e-01	7.613868e-04
7.118336e-01	7.719364e-04
7.118592e-01	7.824227e-04
7.118848e-01	7.917030e-04
7.119104e-01	8.020448e-04
7.119360e-01	8.116047e-04
7.119616e-01	8.207107e-04
7.119872e-01	8.296492e-04
7.120128e-01	8.383785e-04
7.120384e-01	8.473008e-04
7.120640e-01	8.558189e-04
7.120896e-01	8.639915e-04
7.121152e-01	8.719389e-04
7.121408e-01	8.800000e-04
7.121664e-01	8.875774e-04
7.121920e-01	8.947305e-04
7.122176e-01	9.021515e-04
7.122432e-01	9.089442e-04
7.122688e-01	9.153702e-04
7.122944e-01	9.223851e-04
7.123200e-01	9.280900e-04
7.123456e-01	9.343385e-04
7.123712e-01	9.399487e-04
7.123968e-01	9.451303e-04
7.124224e-01	9.507597e-04
7.124480e-01	9.557282e-04
7.124736e-01	9.604564e-04
7.124992e-01	9.650657e-04
7.125248e-01	9.696446e-04
7.125504e-01	9.733944e-04
7.125760e-01	9.773156e-04
7.126016e-01	9.814372e-04
7.126272e-01	9.842881e-04
7.126528e-01	9.877590e-04
7.126784e-01	9.908949e-04
7.127040e-01	9.928745e-04
7.127296e-01	9.954978e-04
7.127552e-01	9.978327e-04
7.127808e-01	9.995971e-04
7.128064e-01	1.001381e-03
7.128320e-01	1.002355e-03
7.128576e-01	1.003899e-03
7.128832e-01	1.004723e-03
7.129088e-01	1.005424e-03
7.129344e-01	1.006414e-03
7.129600e-01	1.006301e-03
7.129856e-01	1.006325e-03
7.130112e-01	1.006151e-03
7.130368e-01	1.005320e-03
7.130624e-01	1.004307e-03
7.130880e-01	1.003513e-03
7.131136e-01	1.002002e-03
7.131392e-01	1.000428e-03
7.131648e-01	9.987607e-04
7.131904e-01	9.962833e-04
7.132160e-01	9.946999e-04
7.132416e-01	9.917888e-04
7.132672e-01	9.889745e-04
7.132928e-01	9.858563e-04
7.133184e-01	9.825382e-04
7.133440e-01	9.793693e-04
7.133696e-01	9.751283e-04
7.133952e-01	9.711129e-04
7.134208e-01	9.668860e-04
7.134464e-01	9.625017e-04
7.134720e-01	9.576186e-04
7.134976e-01	9.525538e-04
7.135232e-01	9.473307e-04
7.135488e-01	9.417837e-04
7.135744e-01	9.362633e-04
7.136000e-01	9.299827e-04
7.136256e-01	9.242839e-04
7.136512e-01	9.176777e-04
7.136768e-01	9.110562e-04
7.137024e-01	9.043452e-04
7.137280e-01	8.970398e-04
7.137536e-01	8.896809e-04
7.137792e-01	8.821022e-04
7.138048e-01	8.744077e-04
7.138304e-01	8.662766e-04
7.138560e-01	8.579624e-04
7.138816e-01	8.495987e-04
7.139072e-01	8.405519e-04
7.139328e-01	8.314003e-04
7.139584e-01	8.222076e-04
7.139840e-01	8.126707e-04
7.140096e-01	8.033642e-04
7.140352e-01	7.936099e-04
7.140608e-01	7.837452e-04
7.140864e-01	7.734672e-04
7.141120e-01	7.629257e-04
7.141376e-01	7.523339e-04
7.141632e-01	7.412044e-04
7.141888e-01	7.304689e-04
7.142144e-01	7.190527e-04
7.142400e-01	7.078586e-04
7.142656e-01	6.960433e-04
7.142912e-01	6.839255e-04
7.143168e-01	6.723413e-04
7.143424e-01	6.603493e-04
7.143680e-01	6.479205e-04
7.143936e-01	6.348987e-04
7.144192e-01	6.225948e-04
7.144448e-01	6.100799e-04
7.144704e-01	5.964904e-04
7.144960e-01	5.835086e-04
7.145216e-01	5.696403e-04
7.145472e-01	5.564789e-04
7.145728e-01	5.428800e-04
7.145984e-01	5.288948e-04
7.146240e-01	5.150796e-04
7.146496e-01	5.007621e-04
7.146752e-01	4.865406e-04
7.147008e-01	4.722560e-04
7.147264e-01	4.579501e-04
7.147520e-01	4.427807e-04
7.147776e-01	4.284140e-04
7.148032e-01	4.132179e-04
7.148288e-01	3.981052e-04
7.148544e-01	3.832543e-04
7.148800e-01	3.673698e-04
7.149056e-01	3.527497e-04
7.149312e-01	3.372231e-04
7.149568e-01	3.214268e-04
7.149824e-01	3.054955e-04
7.150080e-01	2.899690e-04
7.150336e-01	2.744373e-04
7.150592e-01	2.583969e-04
7.150848e-01	2.422091e-04
7.151104e-01	2.263526e-04
7.151360e-01	2.102343e-04
7.151616e-01	1.938894e-04
7.151872e-01	1.776855e-04
7.152128e-01	1.613894e-04
7.152384e-01	1.450293e-04
7.152640e-01	1.279870e-04
7.152896e-01	1.116780e-04
7.153152e-01	9.541261e-05
7.153408e-01	7.881555e-05
7.153664e-01	6.229035e-05
7.153920e-01	4.562232e-05
7.154176e-01	2.901931e-05
7.154432e-01	1.233060e-05
7.154688e-01	-4.252526e-06
7.154944e-01	-2.129449e-05
7.155200e-01	-3.774091e-05
7.155456e-01	-5.444836e-05
7.155712e-01	-7.067580e-05
7.155968e-01	-8.777678e-05
7.156224e-01	-1.044755e-04
7.156480e-01	-1.211650e-04
7.156736e-01	-1.377176e-04
7.156992e-01	-1.540206e-04
7.157248e-01	-1.712569e-04
7.157504e-01	-1.872097e-04
7.157760e-01	-2.038646e-04
7.158016e-01	-2.203765e-04
7.158272e-01	-2.366261e-04
7.158528e-01	-2.533293e-04
7.158784e-01	-2.692865e-04
7.159040e-01	-2.857177e-04
7.159296e-01	-3.018740e-04
7.159552e-01	-3.176912e-04
7.159808e-01	-3.338140e-04
7.160064e-01	-3.496928e-04
7.160320e-01	-3.651678e-04
7.160576e-01	-3.811516e-04
7.160832e-01	-3.969537e-04
7.161088e-01	-4.125097e-04
7.161344e-01	-4.278832e-04
7.161600e-01	-4.433143e-04
7.161856e-01	-4.584623e-04
7.162112e-01	-4.733481e-04
7.162368e-01	-4.882580e-04
7.162624e-01	-5.032098e-04
7.162880e-01	-5.179428e-04
7.163136e-01	-5.326245e-04
7.163392e-01	-5.469336e-04
7.163648e-01	-5.614153e-04
7.163904e-01	-5.755895e-04
7.164160e-01	-5.893649e-04
7.164416e-01	-6.032685e-04
7.164672e-01	-6.172574e-04
7.164928e-01	-6.308323e-04
7.165184e-01	-6.439112e-04
7.165440e-01	-6.572203e-04
7.165696e-01	-6.702008e-04
7.165952e-01	-6.829535e-04
7.166208e-01	-6.959657e-04
7.166464e-01	-7.082105e-04
7.166720e-01	-7.204167e-04
7.166976e-01	-7.325952e-04
7.167232e-01	-7.443815e-04
7.167488e-01	-7.563010e-04
7.167744e-01	-7.678481e-04
7.168000e-01	-7.786607e-04
7.168256e-01	-7.902043e-04
7.168512e-01	-8.012120e-04
7.168768e-01	-8.115294e-04
7.169024e-01	-8.221999e-04
7.169280e-01	-8.322417e-04
7.169536e-01	-8.423977e-04
7.169792e-01	-8.522692e-04
7.170048e-01	-8.617840e-04
7.170304e-01	-8.713707e-04
7.170560e-01	-8.796232e-04
7.170816e-01	-8.891660e-04
7.171072e-01	-8.974559e-04
7.171328e-01	-9.055305e-04
7.171584e-01	-9.142613e-04
7.171840e-01	-9.213330e-04
7.172096e-01	-9.291794e-04
7.172352e-01	-9.365847e-04
7.172608e-01	-9.436742e-04
7.172864e-01	-9.507089e-04
7.173120e-01	-9.571676e-04
7.173376e-01	-9.635714e-04
7.173632e-01	-9.692316e-04
7.173888e-01	-9.752482e-04
7.174144e-01	-9.807494e-04
7.174400e-01	-9.863557e-04
7.174656e-01	-9.912082e-04
7.174912e-01	-9.957625e-04
7.175168e-01	-1.000147e-03
7.175424e-01	-1.003834e-03
7.175680e-01	-1.008263e-03
7.175936e-01	-1.011866e-03
7.176192e-01	-1.015025e-03
7.176448e-01	-1.018301e-03
7.176704e-01	-1.020974e-03
7.176960e-01	-1.023687e-03
7.177216e-01	-1.025498e-03
7.177472e-01	-1.027604e-03
7.177728e-01	-1.029504e-03
7.177984e-01	-1.030342e-03
7.178240e-01	-1.031988e-03
7.178496e-01	-1.032639e-03
7.178752e-01	-1.032826e-03
7.179008e-01	-1.033514e-03
7.179264e-01	-1.032993e-03
7.179520e-01	-1.033248e-03
7.179776e-01	-1.032143e-03
7.180032e-01	-1.031180e-03
7.180288e-01	-1.030637e-03
7.180544e-01	-1.029032e-03
7.180800e-01	-1.027443e-03
7.181056e-01	-1.025063e-03
7.181312e-01	-1.022713e-03
7.181568e-01	-1.020746e-03
7.181824e-01	-1.017902e-03
7.182080e-01	-1.014582e-03
7.182336e-01	-1.011337e-03
7.182592e-01	-1.007616e-03
7.182848e-01	-1.003913e-03
7.183104e-01	-1.000082e-03
7.183360e-01	-9.953285e-04
7.183616e-01	-9.906873e-04
7.183872e-01	-9.862181e-04
7.184128e-01	-9.809874e-04
7.184384e-01	-9.750188e-04
7.184640e-01	-9.695386e-04
7.184896e-01	-9.636259e-04
7.185152e-01	-9.574082e-04
7.185408e-01	-9.508559e-04
7.185664e-01	-9.446186e-04
7.185920e-01	-9.375603e-04
7.186176e-01	-9.301884e-04
7.186432e-01	-9.226751e-04
7.186688e-01	-9.149388e-04
7.186944e-01	-9.070124e-04
7.187200e-01	-8.990740e-04
7.187456e-01	-8.908446e-04
7.187712e-01	-8.820209e-04
7.187968e-01	-8.731761e-04
7.188224e-01	-8.637196e-04
7.188480e-01	-8.551085e-04
7.188736e-01	-8.456467e-04
7.188992e-01	-8.357148e-04
7.189248e-01	-8.259499e-04
7.189504e-01	-8.152572e-04
7.189760e-01	-8.056310e-04
7.190016e-01	-7.947981e-04
7.190272e-01	-7.841291e-04
7.190528e-01	-7.736334e-04
7.190784e-01	-7.623359e-04
7.191040e-01	-7.508934e-04
7.191296e-01	-7.392027e-04
7.191552e-01	-7.277519e-04
7.191808e-01	-7.156658e-04
7.192064e-01	-7.033859e-04
7.192320e-01	-6.913487e-04
7.192576e-01	-6.789761e-04
7.192832e-01	-6.667388e-04
7.193088e-01	-6.536619e-04
7.193344e-01	-6.408183e-04
7.193600e-01	-6.279683e-04
7.193856e-01	-6.145152e-04
7.194112e-01	-6.012613e-04
7.194368e-01	-5.873603e-04
7.194624e-01	-5.736434e-04
7.194880e-01	-5.604225e-04
7.195136e-01	-5.460792e-04
7.195392e-01	-5.320727e-04
7.195648e-01	-5.180592e-04
7.195904e-01	-5.033416e-04
7.196160e-01	-4.888241e-04
7.196416e-01	-4.747445e-04
7.196672e-01	-4.599704e-04
7.196928e-01	-4.452672e-04
7.197184e-01	-4.304586e-04
7.197440e-01	-4.152125e-04
7.197696e-01	-3.998729e-04
7.197952e-01	-3.851831e-04
7.198208e-01	-3.696559e-04
7.198464e-01	-3.542335e-04
7.198720e-01	-3.394221e-04
7.198976e-01	-3.232928e-04
7.199232e-01	-3.078418e-04
7.199488e-01	-2.922758e-04
7.199744e-01	-2.765296e-04
7.200000e-01	-2.607758e-04
7.200256e-01	-2.449923e-04
7.200512e-01	-2.288222e-04
7.200768e-01	-2.124673e-04
7.201024e-01	-1.970241e-04
7.201280e-01	-1.806431e-04
7.201536e-01	-1.650137e-04
7.201792e-01	-1.486993e-04
7.202048e-01	-1.323360e-04
7.202304e-01	-1.161550e-04
7.202560e-01	-9.989410e-05
7.202816e-01	-8.410131e-05
7.203072e-01	-6.784760e-05
7.203328e-01	-5.149554e-05
7.203584e-01	-3.556587e-05
7.203840e-01	-1.910323e-05
7.204096e-01	-3.219064e-06
7.204352e-01	1.263643e-05
7.204608e-01	2.942390e-05
7.204864e-01	4.538224e-05
7.205120e-01	6.151348e-05
7.205376e-01	7.785744e-05
7.205632e-01	9.358017e-05
7.205888e-01	1.100033e-04
7.206144e-01	1.257863e-04
7.206400e-01	1.417287e-04
7.206656e-01	1.577208e-04
7.206912e-01	1.734187e-04
7.207168e-01	1.895722e-04
7.207424e-01	2.049967e-04
7.207680e-01	2.209203e-04
7.207936e-01	2.367912e-04
7.208192e-01	2.519404e-04
7.208448e-01	2.679834e-04
7.208704e-01	2.831689e-04
7.208960e-01	2.987882e-04
7.209216e-01	3.142511e-04
7.209472e-01	3.288907e-04
7.209728e-01	3.442304e-04
7.209984e-01	3.590660e-04
7.210240e-01	3.743544e-04
7.210496e-01	3.893553e-04
7.210752e-01	4.035101e-04
7.211008e-01	4.184984e-04
7.211264e-01	4.329722e-04
7.211520e-01	4.473231e-04
7.211776e-01	4.613996e-04
7.212032e-01	4.754592e-04
7.212288e-01	4.895861e-04
7.212544e-01	5.037721e-04
7.212800e-01	5.170568e-04
7.213056e-01	5.309856e-04
7.213312e-01	5.446146e-04
7.213568e-01	5.578806e-04
7.213824e-01	5.711024e-04
7.214080e-01	5.839164e-04
7.214336e-01	5.974047e-04
7.214592e-01	6.100007e-04
7.214848e-01	6.227774e-04
7.215104e-01	6.348884e-04
7.215360e-01	6.469321e-04
7.215616e-01	6.597994e-04
7.215872e-01	6.710427e-04
7.216128e-01	6.829391e-04
7.216384e-01	6.945895e-04
7.216640e-01	7.059627e-04
7.216896e-01	7.172636e-04
7.217152e-01	7.282599e-04
7.217408e-01	7.394411e-04
7.217664e-01	7.500746e-04
7.217920e-01	7.606868e-04
7.218176e-01	7.708022e-04
7.218432e-01	7.809079e-04
7.218688e-01	7.909514e-04
7.218944e-01	8.006677e-04
7.219200e-01	8.104410e-04
7.219456e-01	8.193890e-04
7.219712e-01	8.284829e-04
7.219968e-01	8.375522e-04
7.220224e-01	8.465294e-04
7.220480e-01	8.550764e-04
7.220736e-01	8.632768e-04
7.220992e-01	8.713920e-04
7.221248e-01	8.792014e-04
7.221504e-01	8.866774e-04
7.221760e-01	8.945348e-04
7.222016e-01	9.013621e-04
7.222272e-01	9.081231e-04
7.222528e-01	9.148888e-04
7.222784e-01	9.213310e-04
7.223040e-01	9.275039e-04
7.223296e-01	9.334742e-04
7.223552e-01	9.393807e-04
7.223808e-01	9.449740e-04
7.224064e-01	9.500710e-04
7.224320e-01	9.554428e-04
7.224576e-01	9.602978e-04
7.224832e-01	9.646928e-04
7.225088e-01	9.689791e-04
7.225344e-01	9.732036e-04
7.225600e-01	9.773985e-04
7.225856e-01	9.803125e-04
7.226112e-01	9.837939e-04
7.226368e-01	9.874263e-04
7.226624e-01	9.901952e-04
7.226880e-01	9.927843e-04
7.227136e-01	9.950089e-04
7.227392e-01	9.973464e-04
7.227648e-01	9.990220e-04
7.227904e-01	1.000814e-03
7.228160e-01	1.002394e-03
7.228416e-01	1.003840e-03
7.228672e-01	1.004594e-03
7.228928e-01	1.005499e-03
7.229184e-01	1.006150e-03
7.229440e-01	1.006193e-03
7.229696e-01	1.005963e-03
7.229952e-01	1.006057e-03
7.230208e-01	1.005314e-03
7.230464e-01	1.004101e-03
7.230720e-01	1.003644e-03
7.230976e-01	1.001859e-03
7.231232e-01	1.000581e-03
7.231488e-01	9.988580e-04
7.231744e-01	9.964152e-04
7.232000e-01	9.946149e-04
7.232256e-01	9.918401e-04
7.232512e-01	9.890251e-04
7.232768e-01	9.858919e-04
7.233024e-01	9.830242e-04
7.233280e-01	9.790425e-04
7.233536e-01	9.757197e-04
7.233792e-01	9.717318e-04
7.234048e-01	9.671200e-04
7.234304e-01	9.631142e-04
7.234560e-01	9.577320e-04
7.234816e-01	9.530133e-04
7.235072e-01	9.479254e-04
7.235328e-01	9.422551e-04
7.235584e-01	9.369411e-04
7.235840e-01	9.305713e-04
7.236096e-01	9.250019e-04
7.236352e-01	9.183611e-04
7.236608e-01	9.117303e-04
7.236864e-01	9.046302e-04
7.237120e-01	8.972583e-04
7.237376e-01	8.904492e-04
7.237632e-01	8.824491e-04
7.237888e-01	8.748207e-04
7.238144e-01	8.668750e-04
7.238400e-01	8.587068e-04
7.238656e-01	8.500696e-04
7.238912e-01	8.413016e-04
7.239168e-01	8.322729e-04
7.239424e-01	8.231506e-04
7.239680e-01	8.142755e-04
7.239936e-01	8.042663e-04
7.240192e-01	7.948052e-04
7.240448e-01	7.850050e-04
7.240704e-01	7.744890e-04
7.240960e-01	7.635654e-04
7.241216e-01	7.536153e-04
7.241472e-01	7.427643e-04
7.241728e-01	7.311988e-04
7.241984e-01	7.202037e-04
7.242240e-01	7.086107e-04
7.242496e-01	6.969300e-04
7.242752e-01	6.856642e-04
7.243008e-01	6.734180e-04
7.243264e-01	6.613415e-04
7.243520e-01	6.492177e-04
7.243776e-01	6.363100e-04
7.244032e-01	6.236793e-04
7.244288e-01	6.111456e-04
7.244544e-01	5.976462e-04
7.244800e-01	5.845046e-04
7.245056e-01	5.715853e-04
7.245312e-01	5.575703e-04
7.245568e-01	5.441412e-04
7.245824e-01	5.303936e-04
7.246080e-01	5.161440e-04
7.246336e-01	5.022705e-04
7.246592e-01	4.878273e-04
7.246848e-01	4.736185e-04
7.247104e-01	4.590011e-04
7.247360e-01	4.443012e-04
7.247616e-01	4.293298e-04
7.247872e-01	4.148450e-04
7.248128e-01	3.999106e-04
7.248384e-01	3.844663e-04
7.248640e-01	3.694480e-04
7.248896e-01	3.539482e-04
7.249152e-01	3.386247e-04
7.249408e-01	3.231992e-04
7.249664e-01	3.071428e-04
7.249920e-01	2.915609e-04
7.250176e-01	2.759149e-04
7.250432e-01	2.597044e-04
7.250688e-01	2.440754e-04
7.250944e-01	2.276194e-04
7.251200e-01	2.113455e-04
7.251456e-01	1.956064e-04
7.251712e-01	1.788049e-04
7.251968e-01	1.629035e-04
7.252224e-01	1.460178e-04
7.252480e-01	1.301269e-04
7.252736e-01	1.137490e-04
7.252992e-01	9.712748e-05
7.253248e-01	8.024916e-05
7.253504e-01	6.308817e-05
7.253760e-01	4.730810e-05
7.254016e-01	3.063221e-05
7.254272e-01	1.367251e-05
7.254528e-01	-2.758986e-06
7.254784e-01	-1.969281e-05
7.255040e-01	-3.649421e-05
7.255296e-01	-5.304922e-05
7.255552e-01	-6.920882e-05
7.255808e-01	-8.590137e-05
7.256064e-01	-1.032554e-04
7.256320e-01	-1.193999e-04
7.256576e-01	-1.360760e-04
7.256832e-01	-1.534471e-04
7.257088e-01	-1.692559e-04
7.257344e-01	-1.854675e-04
7.257600e-01	-2.026991e-04
7.257856e-01	-2.190421e-04
7.258112e-01	-2.350832e-04
7.258368e-01	-2.515829e-04
7.258624e-01	-2.675366e-04
7.258880e-01	-2.841909e-04
7.259136e-01	-3.000352e-04
7.259392e-01	-3.161976e-04
7.259648e-01	-3.321256e-04
7.259904e-01	-3.478511e-04
7.260160e-01	-3.637746e-04
7.260416e-01	-3.796951e-04
7.260672e-01	-3.953911e-04
7.260928e-01	-4.107482e-04
7.261184e-01	-4.263701e-04
7.261440e-01	-4.418106e-04
7.261696e-01	-4.568044e-04
7.261952e-01	-4.715005e-04
7.262208e-01	-4.871348e-04
7.262464e-01	-5.016473e-04
7.262720e-01	-5.162383e-04
7.262976e-01	-5.312258e-04
7.263232e-01	-5.453760e-04
7.263488e-01	-5.601131e-04
7.263744e-01	-5.739017e-04
7.264000e-01	-5.879574e-04
7.264256e-01	-6.017810e-04
7.264512e-01	-6.156806e-04
7.264768e-01	-6.292269e-04
7.265024e-01	-6.425455e-04
7.265280e-01	-6.559812e-04
7.265536e-01	-6.692233e-04
7.265792e-01	-6.820176e-04
7.266048e-01	-6.945194e-04
7.266304e-01	-7.067682e-04
7.266560e-01	-7.194911e-04
7.266816e-01	-7.317929e-04
7.267072e-01	-7.436353e-04
7.267328e-01	-7.550915e-04
7.267584e-01	-7.664919e-04
7.267840e-01	-7.781595e-04
7.268096e-01	-7.890471e-04
7.268352e-01	-7.999126e-04
7.268608e-01	-8.108036e-04
7.268864e-01	-8.213084e-04
7.269120e-01	-8.315877e-04
7.269376e-01	-8.418497e-04
7.269632e-01	-8.516100e-04
7.269888e-01	-8.609007e-04
7.270144e-01	-8.701174e-04
7.270400e-01	-8.788098e-04
7.270656e-01	-8.884334e-04
7.270912e-01	-8.965653e-04
7.271168e-01	-9.051185e-04
7.271424e-01	-9.133050e-04
7.271680e-01	-9.210868e-04
7.271936e-01	-9.293258e-04
7.272192e-01	-9.359777e-04
7.272448e-01	-9.432588e-04
7.272704e-01	-9.498445e-04
7.272960e-01	-9.563088e-04
7.273216e-01	-9.628649e-04
7.273472e-01	-9.685849e-04
7.273728e-01	-9.750554e-04
7.273984e-01	-9.800926e-04
7.274240e-01	-9.853825e-04
7.274496e-01	-9.906138e-04
7.274752e-01	-9.952262e-04
7.275008e-01	-9.992513e-04
7.275264e-01	-1.003803e-03
7.275520e-01	-1.008172e-03
7.275776e-01	-1.011225e-03
7.276032e-01	-1.014905e-03
7.276288e-01	-1.017800e-03
7.276544e-01	-1.020308e-03
7.276800e-01	-1.022991e-03
7.277056e-01	-1.025583e-03
7.277312e-01	-1.027422e-03
7.277568e-01	-1.028702e-03
7.277824e-01	-1.030445e-03
7.278080e-01	-1.031340e-03
7.278336e-01	-1.032346e-03
7.278592e-01	-1.032898e-03
7.278848e-01	-1.033188e-03
7.279104e-01	-1.032860e-03
7.279360e-01	-1.033011e-03
7.279616e-01	-1.032261e-03
7.279872e-01	-1.031421e-03
7.280128e-01	-1.030663e-03
7.280384e-01	-1.029105e-03
7.280640e-01	-1.027626e-03
7.280896e-01	-1.025335e-03
7.281152e-01	-1.023280e-03
7.281408e-01	-1.021070e-03
7.281664e-01	-1.018490e-03
7.281920e-01	-1.015389e-03
7.282176e-01	-1.011429e-03
7.282432e-01	-1.008159e-03
7.282688e-01	-1.004665e-03
7.282944e-01	-1.000187e-03
7.283200e-01	-9.955971e-04
7.283456e-01	-9.918552e-04
7.283712e-01	-9.868029e-04
7.283968e-01	-9.814537e-04
7.284224e-01	-9.760968e-04
7.284480e-01	-9.705549e-04
7.284736e-01	-9.643659e-04
7.284992e-01	-9.577633e-04
7.285248e-01	-9.518187e-04
7.285504e-01	-9.454823e-04
7.285760e-01	-9.382183e-04
7.286016e-01	-9.310212e-04
7.286272e-01	-9.237329e-04
7.286528e-01	-9.161127e-04
7.286784e-01	-9.080215e-04
7.287040e-01	-8.996169e-04
7.287296e-01	-8.916034e-04
7.287552e-01	-8.830366e-04
7.287808e-01	-8.741562e-04
7.288064e-01	-8.652440e-04
7.288320e-01	-8.556439e-04
7.288576e-01	-8.465325e-04
7.288832e-01	-8.367608e-04
7.289088e-01	-8.269941e-04
7.289344e-01	-8.166697e-04
7.289600e-01	-8.063259e-04
7.289856e-01	-7.960031e-04
7.290112e-01	-7.853343e-04
7.290368e-01	-7.739317e-04
7.290624e-01	-7.629406e-04
7.290880e-01	-7.521788e-04
7.291136e-01	-7.401666e-04
7.291392e-01	-7.283732e-04
7.291648e-01	-7.167826e-04
7.291904e-01	-7.052253e-04
7.292160e-01	-6.928773e-04
7.292416e-01	-6.802675e-04
7.292672e-01	-6.678884e-04
7.292928e-01	-6.547084e-04
7.293184e-01	-6.422137e-04
7.293440e-01	-6.288731e-04
7.293696e-01	-6.159266e-04
7.293952e-01	-6.024397e-04
7.294208e-01	-5.890519e-04
7.294464e-01	-5.751927e-04
7.294720e-01	-5.612465e-04
7.294976e-01	-5.476478e-04
7.295232e-01	-5.332894e-04
7.295488e-01	-5.191414e-04
7.295744e-01	-5.049420e-04
7.296000e-01	-4.905929e-04
7.296256e-01	-4.759072e-04
7.296512e-01	-4.612593e-04
7.296768e-01	-4.461387e-04
7.297024e-01	-4.317233e-04
7.297280e-01	-4.167353e-04
7.297536e-01	-4.013593e-04
7.297792e-01	-3.868628e-04
7.298048e-01	-3.710799e-04
7.298304e-01	-3.561545e-04
7.298560e-01	-3.403557e-04
7.298816e-01	-3.250894e-04
7.299072e-01	-3.094019e-04
7.299328e-01	-2.936071e-04
7.299584e-01	-2.783360e-04
7.299840e-01	-2.621409e-04
7.300096e-01	-2.464934e-04
7.300352e-01	-2.306816e-04
7.300608e-01	-2.144909e-04
7.300864e-01	-1.984512e-04
7.301120e-01	-1.824407e-04
7.301376e-01	-1.662659e-04
7.301632e-01	-1.505145e-04
7.301888e-01	-1.343232e-04
7.302144e-01	-1.179384e-04
7.302400e-01	-1.019190e-04
7.302656e-01	-8.546606e-05
7.302912e-01	-6.934941e-05
7.303168e-01	-5.313115e-05
7.303424e-01	-3.729326e-05
7.303680e-01	-2.055709e-05
7.303936e-01	-4.624520e-06
7.304192e-01	1.138395e-05
7.304448e-01	2.772585e-05
7.304704e-01	4.401180e-05
7.304960e-01	6.015935e-05
7.305216e-01	7.622965e-05
7.305472e-01	9.215029e-05
7.305728e-01	1.078100e-04
7.305984e-01	1.242829e-04
7.306240e-01	1.407299e-04
7.306496e-01	1.563965e-04
7.306752e-01	1.720914e-04
7.307008e-01	1.881415e-04
7.307264e-01	2.035647e-04
7.307520e-01	2.191112e-04
7.307776e-01	2.352732e-04
7.308032e-01	2.507244e-04
7.308288e-01	2.661377e-04
7.308544e-01	2.816614e-04
7.308800e-01	2.970812e-04
7.309056e-01	3.122285e-04
7.309312e-01	3.277319e-04
7.309568e-01	3.426115e-04
7.309824e-01	3.577754e-04
7.310080e-01	3.725947e-04
7.310336e-01	3.872728e-04
7.310592e-01	4.025715e-04
7.310848e-01	4.171527e-04
7.311104e-01	4.311349e-04
7.311360e-01	4.459772e-04
7.311616e-01	4.602151e-04
7.311872e-01	4.744208e-04
7.312128e-01	4.882744e-04
7.312384e-01	5.019279e-04
7.312640e-01	5.158798e-04
7.312896e-01	5.297037e-04
7.313152e-01	5.432353e-04
7.313408e-01	5.563461e-04
7.313664e-01	5.696460e-04
7.313920e-01	5.828158e-04
7.314176e-01	5.955979e-04
7.314432e-01	6.081724e-04
7.314688e-01	6.212777e-04
7.314944e-01	6.338431e-04
7.315200e-01	6.458889e-04
7.315456e-01	6.583603e-04
7.315712e-01	6.698127e-04
7.315968e-01	6.818504e-04
7.316224e-01	6.937861e-04
7.316480e-01	7.048885e-04
7.316736e-01	7.163530e-04
7.316992e-01	7.274309e-04
7.317248e-01	7.380171e-04
7.317504e-01	7.491386e-04
7.317760e-01	7.592744e-04
7.318016e-01	7.698638e-04
7.318272e-01	7.797848e-04
7.318528e-01	7.901747e-04
7.318784e-01	8.001349e-04
7.319040e-01	8.093060e-04
7.319296e-01	8.184511e-04
7.319552e-01	8.278370e-04
7.319808e-01	8.369247e-04
7.320064e-01	8.450284e-04
7.320320e-01	8.538091e-04
7.320576e-01	8.624535e-04
7.320832e-01	8.702922e-04
7.321088e-01	8.783547e-04
7.321344e-01	8.864191e-04
7.321600e-01	8.935045e-04
7.321856e-01	9.004620e-04
7.322112e-01	9.074700e-04
7.322368e-01	9.143148e-04
7.322624e-01	9.212140e-04
7.322880e-01	9.268039e-04
7.323136e-01	9.329131e-04
7.323392e-01	9.386128e-04
7.323648e-01	9.439637e-04
7.323904e-01	9.498599e-04
7.324160e-01	9.547035e-04
7.324416e-01	9.596605e-04
7.324672e-01	9.644470e-04
7.324928e-01	9.685895e-04
7.325184e-01	9.727355e-04
7.325440e-01	9.767788e-04
7.325696e-01	9.805915e-04
7.325952e-01	9.836374e-04
7.326208e-01	9.871016e-04
7.326464e-01	9.897929e-04
7.326720e-01	9.929258e-04
7.326976e-01	9.950246e-04
7.327232e-01	9.974927e-04
7.327488e-01	9.995062e-04
7.327744e-01	1.001029e-03
7.328000e-01	1.002867e-03
7.328256e-01	1.003466e-03
7.328512e-01	1.004609e-03
7.328768e-01	1.005501e-03
7.329024e-01	1.005860e-03
7.329280e-01	1.006264e-03
7.329536e-01	1.006253e-03
7.329792e-01	1.006056e-03
7.330048e-01	1.005205e-03
7.330304e-01	1.004843e-03
7.330560e-01	1.003431e-03
7.330816e-01	1.002353e-03
7.331072e-01	1.000999e-03
7.331328e-01	9.989537e-04
7.331584e-01	9.974035e-04
7.331840e-01	9.948554e-04
7.332096e-01	9.920935e-04
7.332352e-01	9.893865e-04
7.332608e-01	9.864129e-04
7.332864e-01	9.832124e-04
7.333120e-01	9.797564e-04
7.333376e-01	9.760179e-04
7.333632e-01	9.719277e-04
7.333888e-01	9.682430e-04
7.334144e-01	9.636534e-04
7.334400e-01	9.587161e-04
7.334656e-01	9.539479e-04
7.334912e-01	9.486091e-04
7.335168e-01	9.430323e-04
7.335424e-01	9.375821e-04
7.335680e-01	9.315988e-04
7.335936e-01	9.255934e-04
7.336192e-01	9.187370e-04
7.336448e-01	9.126561e-04
7.336704e-01	9.059061e-04
7.336960e-01	8.982401e-04
7.337216e-01	8.909441e-04
7.337472e-01	8.835254e-04
7.337728e-01	8.758972e-04
7.337984e-01	8.674528e-04
7.338240e-01	8.591756e-04
7.338496e-01	8.513495e-04
7.338752e-01	8.419322e-04
7.339008e-01	8.335151e-04
7.339264e-01	8.243019e-04
7.339520e-01	8.147971e-04
7.339776e-01	8.053816e-04
7.340032e-01	7.955232e-04
7.340288e-01	7.857368e-04
7.340544e-01	7.751815e-04
7.340800e-01	7.652942e-04
7.341056e-01	7.542657e-04
7.341312e-01	7.433115e-04
7.341568e-01	7.327503e-04
7.341824e-01	7.215323e-04
7.342080e-01	7.100678e-04
7.342336e-01	6.982812e-04
7.342592e-01	6.867799e-04
7.342848e-01	6.741745e-04
7.343104e-01	6.626669e-04
7.343360e-01	6.499632e-04
7.343616e-01	6.375161e-04
7.343872e-01	6.254003e-04
7.344128e-01	6.119585e-04
7.344384e-01	5.997122e-04
7.344640e-01	5.859133e-04
7.344896e-01	5.721983e-04
7.345152e-01	5.589594e-04
7.345408e-01	5.450443e-04
7.345664e-01	5.321851e-04
7.345920e-01	5.173793e-04
7.346176e-01	5.036641e-04
7.346432e-01	4.893285e-04
7.346688e-01	4.748754e-04
7.346944e-01	4.605639e-04
7.347200e-01	4.454329e-04
7.347456e-01	4.315285e-04
7.347712e-01	4.163791e-04
7.347968e-01	4.008534e-04
7.348224e-01	3.859272e-04
7.348480e-01	3.709978e-04
7.348736e-01	3.556449e-04
7.348992e-01	3.399111e-04
7.349248e-01	3.245286e-04
7.349504e-01	3.087991e-04
7.349760e-01	2.930295e-04
7.350016e-01	2.770645e-04
7.350272e-01	2.614173e-04
7.350528e-01	2.451091e-04
7.350784e-01	2.294506e-04
7.351040e-01	2.130084e-04
7.351296e-01	1.964324e-04
7.351552e-01	1.807612e-04
7.351808e-01	1.644421e-04
7.352064e-01	1.480026e-04
7.352320e-01	1.313515e-04
7.352576e-01	1.148995e-04
7.352832e-01	9.864126e-05
7.353088e-01	8.184883e-05
7.353344e-01	6.526288e-05
7.353600e-01	4.876312e-05
7.353856e-01	3.223528e-05
7.354112e-01	1.525508e-05
7.354368e-01	-1.154565e-06
7.354624e-01	-1.781429e-05
7.354880e-01	-3.434656e-05
7.355136e-01	-5.102095e-05
7.355392e-01	-6.787654e-05
7.355648e-01	-8.461591e-05
7.355904e-01	-1.013851e-04
7.356160e-01	-1.180074e-04
7.356416e-01	-1.341778e-04
7.356672e-01	-1.507832e-04
7.356928e-01	-1.677580e-04
7.357184e-01	-1.842675e-04
7.357440e-01	-2.009751e-04
7.357696e-01	-2.171176e-04
7.357952e-01	-2.331565e-04
7.358208e-01	-2.500948e-04
7.358464e-01	-2.663588e-04
7.358720e-01	-2.823763e-04
7.358976e-01	-2.983137e-04
7.359232e-01	-3.146539e-04
7.359488e-01	-3.306068e-04
7.359744e-01	-3.470283e-04
7.360000e-01	-3.627017e-04
7.360256e-01	-3.784498e-04
7.360512e-01	-3.941491e-04
7.360768e-01	-4.093894e-04
7.361024e-01	-4.249358e-04
7.361280e-01	-4.402832e-04
7.361536e-01	-4.554026e-04
7.361792e-01	-4.706098e-04
7.362048e-01	-4.856413e-04
7.362304e-01	-5.006234e-04
7.362560e-01	-5.148908e-04
7.362816e-01	-5.296969e-04
7.363072e-01	-5.444885e-04
7.363328e-01	-5.586366e-04
7.363584e-01	-5.728556e-04
7.363840e-01	-5.869044e-04
7.364096e-01	-6.006726e-04
7.364352e-01	-6.144432e-04
7.364608e-01	-6.283362e-04
7.364864e-01	-6.414372e-04
7.365120e-01	-6.546782e-04
7.365376e-01	-6.682997e-04
7.365632e-01	-6.804849e-04
7.365888e-01	-6.934147e-04
7.366144e-01	-7.061173e-04
7.366400e-01	-7.182439e-04
7.366656e-01	-7.302299e-04
7.366912e-01	-7.419945e-04
7.367168e-01	-7.539252e-04
7.367424e-01	-7.653398e-04
7.367680e-01	-7.769195e-04
7.367936e-01	-7.886373e-04
7.368192e-01	-7.985635e-04
7.368448e-01	-8.092513e-04
7.368704e-01	-8.201895e-04
7.368960e-01	-8.305871e-04
7.369216e-01	-8.401252e-04
7.369472e-01	-8.498991e-04
7.369728e-01	-8.598542e-04
7.369984e-01	-8.689183e-04
7.370240e-01	-8.779854e-04
7.370496e-01	-8.873692e-04
7.370752e-01	-8.955769e-04
7.371008e-01	-9.042447e-04
7.371264e-01	-9.126487e-04
7.371520e-01	-9.198688e-04
7.371776e-01	-9.282625e-04
7.372032e-01	-9.357061e-04
7.372288e-01	-9.423540e-04
7.372544e-01	-9.497191e-04
7.372800e-01	-9.559156e-04
7.373056e-01	-9.624925e-04
7.373312e-01	-9.685457e-04
7.373568e-01	-9.742120e-04
7.373824e-01	-9.799935e-04
7.374080e-01	-9.851042e-04
7.374336e-01	-9.901689e-04
7.374592e-01	-9.951936e-04
7.374848e-01	-9.994160e-04
7.375104e-01	-1.003607e-03
7.375360e-01	-1.007094e-03
7.375616e-01	-1.011177e-03
7.375872e-01	-1.014386e-03
7.376128e-01	-1.017099e-03
7.376384e-01	-1.020035e-03
7.376640e-01	-1.022412e-03
7.376896e-01	-1.025504e-03
7.377152e-01	-1.027380e-03
7.377408e-01	-1.028796e-03
7.377664e-01	-1.030794e-03
7.377920e-01	-1.031414e-03
7.378176e-01	-1.032588e-03
7.378432e-01	-1.033007e-03
7.378688e-01	-1.033089e-03
7.378944e-01	-1.033183e-03
7.379200e-01	-1.033010e-03
7.379456e-01	-1.032328e-03
7.379712e-01	-1.031517e-03
7.379968e-01	-1.030429e-03
7.380224e-01	-1.029174e-03
7.380480e-01	-1.027702e-03
7.380736e-01	-1.025587e-03
7.380992e-01	-1.023374e-03
7.381248e-01	-1.020947e-03
7.381504e-01	-1.017816e-03
7.381760e-01	-1.015047e-03
7.382016e-01	-1.011922e-03
7.382272e-01	-1.008516e-03
7.382528e-01	-1.004853e-03
7.382784e-01	-1.000683e-03
7.383040e-01	-9.964084e-04
7.383296e-01	-9.917041e-04
7.383552e-01	-9.866427e-04
7.383808e-01	-9.817331e-04
7.384064e-01	-9.762090e-04
7.384320e-01	-9.707737e-04
7.384576e-01	-9.649927e-04
7.384832e-01	-9.589484e-04
7.385088e-01	-9.521346e-04
7.385344e-01	-9.458524e-04
7.385600e-01	-9.391920e-04
7.385856e-01	-9.318650e-04
7.386112e-01	-9.243492e-04
7.386368e-01	-9.168136e-04
7.386624e-01	-9.088201e-04
7.386880e-01	-9.008162e-04
7.387136e-01	-8.923768e-04
7.387392e-01	-8.837296e-04
7.387648e-01	-8.751241e-04
7.387904e-01	-8.659320e-04
7.388160e-01	-8.569429e-04
7.388416e-01	-8.473772e-04
7.388672e-01	-8.374118e-04
7.388928e-01	-8.277976e-04
7.389184e-01	-8.176428e-04
7.389440e-01	-8.076399e-04
7.389696e-01	-7.970043e-04
7.389952e-01	-7.865343e-04
7.390208e-01	-7.754624e-04
7.390464e-01	-7.644068e-04
7.390720e-01	-7.532157e-04
7.390976e-01	-7.414176e-04
7.391232e-01	-7.297530e-04
7.391488e-01	-7.179154e-04
7.391744e-01	-7.059479e-04
7.392000e-01	-6.938351e-04
7.392256e-01	-6.811842e-04
7.392512e-01	-6.686214e-04
7.392768e-01	-6.557907e-04
7.393024e-01	-6.430383e-04
7.393280e-01	-6.300661e-04
7.393536e-01	-6.171538e-04
7.393792e-01	-6.033302e-04
7.394048e-01	-5.901709e-04
7.394304e-01	-5.766868e-04
7.394560e-01	-5.625658e-04
7.394816e-01	-5.488424e-04
7.395072e-01	-5.344693e-04
7.395328e-01	-5.203836e-04
7.395584e-01	-5.067032e-04
7.395840e-01	-4.918902e-04
7.396096e-01	-4.773381e-04
7.396352e-01	-4.628963e-04
7.396608e-01	-4.478836e-04
7.396864e-01	-4.331558e-04
7.397120e-01	-4.182912e-04
7.397376e-01	-4.029024e-04
7.397632e-01	-3.882555e-04
7.397888e-01	-3.727768e-04
7.398144e-01	-3.573256e-04
7.398400e-01	-3.419473e-04
7.398656e-01	-3.264655e-04
7.398912e-01	-3.108386e-04
7.399168e-01	-2.947860e-04
7.399424e-01	-2.794072e-04
7.399680e-01	-2.635772e-04
7.399936e-01	-2.479455e-04
7.400192e-01	-2.321524e-04
7.400448e-01	-2.158148e-04
7.400704e-01	-2.002374e-04
7.400960e-01	-1.837290e-04
7.401216e-01	-1.679941e-04
7.401472e-01	-1.519385e-04
7.401728e-01	-1.357188e-04
7.401984e-01	-1.197202e-04
7.402240e-01	-1.034100e-04
7.402496e-01	-8.670065e-05
7.402752e-01	-7.111477e-05
7.403008e-01	-5.480582e-05
7.403264e-01	-3.850125e-05
7.403520e-01	-2.219151e-05
7.403776e-01	-6.121837e-06
7.404032e-01	9.765405e-06
7.404288e-01	2.615182e-05
7.404544e-01	4.209413e-05
7.404800e-01	5.868504e-05
7.405056e-01	7.450933e-05
7.405312e-01	9.044988e-05
7.405568e-01	1.068034e-04
7.405824e-01	1.228093e-04
7.406080e-01	1.390774e-04
7.406336e-01	1.546473e-04
7.406592e-01	1.704595e-04
7.406848e-01	1.863477e-04
7.407104e-01	2.020616e-04
7.407360e-01	2.175585e-04
7.407616e-01	2.335972e-04
7.407872e-01	2.490989e-04
7.408128e-01	2.643549e-04
7.408384e-01	2.801011e-04
7.408640e-01	2.960136e-04
7.408896e-01	3.108059e-04
7.409152e-01	3.262446e-04
7.409408e-01	3.412263e-04
7.409664e-01	3.561826e-04
7.409920e-01	3.711365e-04
7.410176e-01	3.860359e-04
7.410432e-01	4.010468e-04
7.410688e-01	4.152298e-04
7.410944e-01	4.299706e-04
7.411200e-01	4.444746e-04
7.411456e-01	4.585626e-04
7.411712e-01	4.730660e-04
7.411968e-01	4.867412e-04
7.412224e-01	5.008774e-04
7.412480e-01	5.147111e-04
7.412736e-01	5.282701e-04
7.412992e-01	5.415039e-04
7.413248e-01	5.551787e-04
7.413504e-01	5.689756e-04
7.413760e-01	5.814009e-04
7.414016e-01	5.943143e-04
7.414272e-01	6.073740e-04
7.414528e-01	6.197215e-04
7.414784e-01	6.323289e-04
7.415040e-01	6.445608e-04
7.415296e-01	6.568901e-04
7.415552e-01	6.688560e-04
7.415808e-01	6.807291e-04
7.416064e-01	6.924174e-04
7.416320e-01	7.039846e-04
7.416576e-01	7.150819e-04
7.416832e-01	7.264847e-04
7.417088e-01	7.372882e-04
7.417344e-01	7.483455e-04
7.417600e-01	7.582742e-04
7.417856e-01	7.685641e-04
7.418112e-01	7.791963e-04
7.418368e-01	7.888268e-04
7.418624e-01	7.987416e-04
7.418880e-01	8.083018e-04
7.419136e-01	8.178034e-04
7.419392e-01	8.271171e-04
7.419648e-01	8.355899e-04
7.419904e-01	8.448681e-04
7.420160e-01	8.531701e-04
7.420416e-01	8.612613e-04
7.420672e-01	8.699833e-04
7.420928e-01	8.773282e-04
7.421184e-01	8.851230e-04
7.421440e-01	8.927029e-04
7.421696e-01	8.991516e-04
7.421952e-01	9.069050e-04
7.422208e-01	9.131416e-04
7.422464e-01	9.195546e-04
7.422720e-01	9.264628e-04
7.422976e-01	9.320449e-04
7.423232e-01	9.381266e-04
7.423488e-01	9.439047e-04
7.423744e-01	9.487583e-04
7.424000e-01	9.545421e-04
7.424256e-01	9.594187e-04
7.424512e-01	9.638938e-04
7.424768e-01	9.680901e-04
7.425024e-01	9.724264e-04
7.425280e-01	9.764322e-04
7.425536e-01	9.802153e-04
7.425792e-01	9.838620e-04
7.426048e-01	9.868736e-04
7.426304e-01	9.896207e-04
7.426560e-01	9.922576e-04
7.426816e-01	9.952339e-04
7.427072e-01	9.972292e-04
7.427328e-01	9.987679e-04
7.427584e-01	1.001226e-03
7.427840e-01	1.002426e-03
7.428096e-01	1.003731e-03
7.428352e-01	1.004812e-03
7.428608e-01	1.005404e-03
7.428864e-01	1.005448e-03
7.429120e-01	1.006130e-03
7.429376e-01	1.006571e-03
7.429632e-01	1.005725e-03
7.429888e-01	1.005343e-03
7.430144e-01	1.005095e-03
7.430400e-01	1.003760e-03
7.430656e-01	1.002458e-03
7.430912e-01	1.000964e-03
7.431168e-01	9.995726e-04
7.431424e-01	9.976238e-04
7.431680e-01	9.947587e-04
7.431936e-01	9.923814e-04
7.432192e-01	9.899696e-04
7.432448e-01	9.866395e-04
7.432704e-01	9.837430e-04
7.432960e-01	9.798063e-04
7.433216e-01	9.762320e-04
7.433472e-01	9.724864e-04
7.433728e-01	9.682203e-04
7.433984e-01	9.640519e-04
7.434240e-01	9.590208e-04
7.434496e-01	9.539604e-04
7.434752e-01	9.492749e-04
7.435008e-01	9.433483e-04
7.435264e-01	9.379354e-04
7.435520e-01	9.319893e-04
7.435776e-01	9.257024e-04
7.436032e-01	9.196281e-04
7.436288e-01	9.126217e-04
7.436544e-01	9.061354e-04
7.436800e-01	8.988921e-04
7.437056e-01	8.913234e-04
7.437312e-01	8.844470e-04
7.437568e-01	8.761362e-04
7.437824e-01	8.684194e-04
7.438080e-01	8.602010e-04
7.438336e-01	8.518119e-04
7.438592e-01	8.428338e-04
7.438848e-01	8.340412e-04
7.439104e-01	8.252694e-04
7.439360e-01	8.158258e-04
7.439616e-01	8.063996e-04
7.439872e-01	7.961475e-04
7.440128e-01	7.865037e-04
7.440384e-01	7.766301e-04
7.440640e-01	7.660089e-04
7.440896e-01	7.555430e-04
7.441152e-01	7.441503e-04
7.441408e-01	7.333822e-04
7.441664e-01	7.222515e-04
7.441920e-01	7.108685e-04
7.442176e-01	6.994428e-04
7.442432e-01	6.879377e-04
7.442688e-01	6.754601e-04
7.442944e-01	6.637318e-04
7.443200e-01	6.513952e-04
7.443456e-01	6.389070e-04
7.443712e-01	6.263672e-04
7.443968e-01	6.129749e-04
7.444224e-01	6.003998e-04
7.444480e-01	5.870751e-04
7.444736e-01	5.734874e-04
7.444992e-01	5.602372e-04
7.445248e-01	5.467137e-04
7.445504e-01	5.326940e-04
7.445760e-01	5.187402e-04
7.446016e-01	5.053348e-04
7.446272e-01	4.902829e-04
7.446528e-01	4.760754e-04
7.446784e-01	4.618028e-04
7.447040e-01	4.469849e-04
7.447296e-01	4.322732e-04
7.447552e-01	4.178050e-04
7.447808e-01	4.023599e-04
7.448064e-01	3.873088e-04
7.448320e-01	3.725234e-04
7.448576e-01	3.569534e-04
7.448832e-01	3.416979e-04
7.449088e-01	3.258691e-04
7.449344e-01	3.101179e-04
7.449600e-01	2.948007e-04
7.449856e-01	2.784951e-04
7.450112e-01	2.628409e-04
7.450368e-01	2.470074e-04
7.450624e-01	2.306238e-04
7.450880e-01	2.148451e-04
7.451136e-01	1.984239e-04
7.451392e-01	1.819510e-04
7.451648e-01	1.663321e-04
7.451904e-01	1.491243e-04
7.452160e-01	1.329674e-04
7.452416e-01	1.165166e-04
7.452672e-01	9.994896e-05
7.452928e-01	8.389544e-05
7.453184e-01	6.696891e-05
7.453440e-01	5.017600e-05
7.453696e-01	3.389405e-05
7.453952e-01	1.700465e-05
7.454208e-01	4.466719e-07
7.454464e-01	-1.635805e-05
7.454720e-01	-3.302540e-05
7.454976e-01	-4.906158e-05
7.455232e-01	-6.654891e-05
7.455488e-01	-8.337831e-05
7.455744e-01	-9.920269e-05
7.456000e-01	-1.163619e-04
7.456256e-01	-1.326874e-04
7.456512e-01	-1.494355e-04
7.456768e-01	-1.661263e-04
7.457024e-01	-1.825635e-04
7.457280e-01	-1.992079e-04
7.457536e-01	-2.158685e-04
7.457792e-01	-2.323244e-04
7.458048e-01	-2.486702e-04
7.458304e-01	-2.642870e-04
7.458560e-01	-2.810178e-04
7.458816e-01	-2.972592e-04
7.459072e-01	-3.128284e-04
7.459328e-01	-3.292008e-04
7.459584e-01	-3.448698e-04
7.459840e-01	-3.608506e-04
7.460096e-01	-3.770862e-04
7.460352e-01	-3.921551e-04
7.460608e-01	-4.081721e-04
7.460864e-01	-4.235302e-04
7.461120e-01	-4.387372e-04
7.461376e-01	-4.539707e-04
7.461632e-01	-4.688838e-04
7.461888e-01	-4.840203e-04
7.462144e-01	-4.991679e-04
7.462400e-01	-5.138988e-04
7.462656e-01	-5.281995e-04
7.462912e-01	-5.429871e-04
7.463168e-01	-5.576657e-04
7.463424e-01	-5.714741e-04
7.463680e-01	-5.859904e-04
7.463936e-01	-5.995376e-04
7.464192e-01	-6.132876e-04
7.464448e-01	-6.269430e-04
7.464704e-01	-6.400244e-04
7.464960e-01	-6.533782e-04
7.465216e-01	-6.664961e-04
7.465472e-01	-6.794193e-04
7.465728e-01	-6.919808e-04
7.465984e-01	-7.043582e-04
7.466240e-01	-7.169687e-04
7.466496e-01	-7.290312e-04
7.466752e-01	-7.413621e-04
7.467008e-01	-7.527223e-04
7.467264e-01	-7.642336e-04
7.467520e-01	-7.756637e-04
7.467776e-01	-7.867630e-04
7.468032e-01	-7.976016e-04
7.468288e-01	-8.085946e-04
7.468544e-01	-8.189705e-04
7.468800e-01	-8.293982e-04
7.469056e-01	-8.393548e-04
7.469312e-01	-8.491556e-04
7.469568e-01	-8.592132e-04
7.469824e-01	-8.681163e-04
7.470080e-01	-8.775433e-04
7.470336e-01	-8.863391e-04
7.470592e-01	-8.947220e-04
7.470848e-01	-9.033362e-04
7.471104e-01	-9.115773e-04
7.471360e-01	-9.196710e-04
7.471616e-01	-9.268462e-04
7.471872e-01	-9.349296e-04
7.472128e-01	-9.418352e-04
7.472384e-01	-9.487098e-04
7.472640e-01	-9.551498e-04
7.472896e-01	-9.616902e-04
7.473152e-01	-9.676568e-04
7.473408e-01	-9.736779e-04
7.473664e-01	-9.792381e-04
7.473920e-01	-9.842457e-04
7.474176e-01	-9.894879e-04
7.474432e-01	-9.941652e-04
7.474688e-01	-9.987254e-04
7.474944e-01	-1.003196e-03
7.475200e-01	-1.006924e-03
7.475456e-01	-1.010966e-03
7.475712e-01	-1.014060e-03
7.475968e-01	-1.017260e-03
7.476224e-01	-1.020356e-03
7.476480e-01	-1.022605e-03
7.476736e-01	-1.025350e-03
7.476992e-01	-1.027315e-03
7.477248e-01	-1.029072e-03
7.477504e-01	-1.030294e-03
7.477760e-01	-1.031337e-03
7.478016e-01	-1.032283e-03
7.478272e-01	-1.032437e-03
7.478528e-01	-1.033495e-03
7.478784e-01	-1.033062e-03
7.479040e-01	-1.033125e-03
7.479296e-01	-1.032696e-03
7.479552e-01	-1.032048e-03
7.479808e-01	-1.031013e-03
7.480064e-01	-1.029266e-03
7.480320e-01	-1.027931e-03
7.480576e-01	-1.026357e-03
7.480832e-01	-1.023895e-03
7.481088e-01	-1.021279e-03
7.481344e-01	-1.018733e-03
7.481600e-01	-1.015481e-03
7.481856e-01	-1.012361e-03
7.482112e-01	-1.009311e-03
7.482368e-01	-1.005300e-03
7.482624e-01	-1.001305e-03
7.482880e-01	-9.968447e-04
7.483136e-01	-9.922261e-04
7.483392e-01	-9.873894e-04
7.483648e-01	-9.824211e-04
7.483904e-01	-9.767723e-04
7.484160e-01	-9.714747e-04
7.484416e-01	-9.655100e-04
7.484672e-01	-9.596442e-04
7.484928e-01	-9.532201e-04
7.485184e-01	-9.463669e-04
7.485440e-01	-9.397015e-04
7.485696e-01	-9.326181e-04
7.485952e-01	-9.250835e-04
7.486208e-01	-9.174732e-04
7.486464e-01	-9.094523e-04
7.486720e-01	-9.012913e-04
7.486976e-01	-8.930272e-04
7.487232e-01	-8.847118e-04
7.487488e-01	-8.759196e-04
7.487744e-01	-8.672030e-04
7.488000e-01	-8.573304e-04
7.488256e-01	-8.482906e-04
7.488512e-01	-8.388843e-04
7.488768e-01	-8.288056e-04
7.489024e-01	-8.187618e-04
7.489280e-01	-8.080399e-04
7.489536e-01	-7.981982e-04
7.489792e-01	-7.876911e-04
7.490048e-01	-7.763144e-04
7.490304e-01	-7.654116e-04
7.490560e-01	-7.540874e-04
7.490816e-01	-7.427978e-04
7.491072e-01	-7.307992e-04
7.491328e-01	-7.192029e-04
7.491584e-01	-7.069304e-04
7.491840e-01	-6.948479e-04
7.492096e-01	-6.824848e-04
7.492352e-01	-6.703607e-04
7.492608e-01	-6.574391e-04
7.492864e-01	-6.441103e-04
7.493120e-01	-6.318623e-04
7.493376e-01	-6.179627e-04
7.493632e-01	-6.048426e-04
7.493888e-01	-5.921694e-04
7.494144e-01	-5.778647e-04
7.494400e-01	-5.642335e-04
7.494656e-01	-5.504646e-04
7.494912e-01	-5.365280e-04
7.495168e-01	-5.221132e-04
7.495424e-01	-5.079472e-04
7.495680e-01	-4.930213e-04
7.495936e-01	-4.791009e-04
7.496192e-01	-4.641703e-04
7.496448e-01	-4.490858e-04
7.496704e-01	-4.346107e-04
7.496960e-01	-4.194897e-04
7.497216e-01	-4.045215e-04
7.497472e-01	-3.892785e-04
7.497728e-01	-3.737878e-04
7.497984e-01	-3.585074e-04
7.498240e-01	-3.435492e-04
7.498496e-01	-3.281124e-04
7.498752e-01	-3.122879e-04
7.499008e-01	-2.966328e-04
7.499264e-01	-2.805386e-04
7.499520e-01	-2.655509e-04
7.499776e-01	-2.495546e-04
7.500032e-01	-2.334134e-04
7.500288e-01	-2.175352e-04
7.500544e-01	-2.015046e-04
7.500800e-01	-1.857590e-04
7.501056e-01	-1.693565e-04
7.501312e-01	-1.532711e-04
7.501568e-01	-1.372064e-04
7.501824e-01	-1.209639e-04
7.502080e-01	-1.050073e-04
7.502336e-01	-8.835604e-05
7.502592e-01	-7.254266e-05
7.502848e-01	-5.604490e-05
7.503104e-01	-4.034129e-05
7.503360e-01	-2.390320e-05
7.503616e-01	-7.673408e-06
7.503872e-01	8.594612e-06
7.504128e-01	2.481109e-05
7.504384e-01	4.078698e-05
7.504640e-01	5.718572e-05
7.504896e-01	7.306622e-05
7.505152e-01	8.940262e-05
7.505408e-01	1.053201e-04
7.505664e-01	1.214926e-04
7.505920e-01	1.376540e-04
7.506176e-01	1.531134e-04
7.506432e-01	1.693196e-04
7.506688e-01	1.851684e-04
7.506944e-01	2.006502e-04
7.507200e-01	2.164343e-04
7.507456e-01	2.322193e-04
7.507712e-01	2.478195e-04
7.507968e-01	2.635994e-04
7.508224e-01	2.785556e-04
7.508480e-01	2.946622e-04
7.508736e-01	3.093603e-04
7.508992e-01	3.248163e-04
7.509248e-01	3.398444e-04
7.509504e-01	3.547295e-04
7.509760e-01	3.701962e-04
7.510016e-01	3.847425e-04
7.510272e-01	3.996568e-04
7.510528e-01	4.141986e-04
7.510784e-01	4.287914e-04
7.511040e-01	4.431900e-04
7.511296e-01	4.570922e-04
7.511552e-01	4.718238e-04
7.511808e-01	4.854712e-04
7.512064e-01	4.996323e-04
7.512320e-01	5.134224e-04
7.512576e-01	5.268854e-04
7.512832e-01	5.411691e-04
7.513088e-01	5.539356e-04
7.513344e-01	5.672982e-04
7.513600e-01	5.807610e-04
7.513856e-01	5.931425e-04
7.514112e-01	6.062197e-04
7.514368e-01	6.187775e-04
7.514624e-01	6.315862e-04
7.514880e-01	6.434443e-04
7.515136e-01	6.559308e-04
7.515392e-01	6.678095e-04
7.515648e-01	6.797645e-04
7.515904e-01	6.915940e-04
7.516160e-01	7.029168e-04
7.516416e-01	7.140561e-04
7.516672e-01	7.251163e-04
7.516928e-01	7.365427e-04
7.517184e-01	7.469119e-04
7.517440e-01	7.571969e-04
7.517696e-01	7.681994e-04
7.517952e-01	7.778918e-04
7.518208e-01	7.881902e-04
7.518464e-01	7.981508e-04
7.518720e-01	8.075304e-04
7.518976e-01	8.169450e-04
7.519232e-01	8.264920e-04
7.519488e-01	8.353618e-04
7.519744e-01	8.438423e-04
7.520000e-01	8.521980e-04
7.520256e-01	8.611918e-04
7.520512e-01	8.689640e-04
7.520768e-01	8.763286e-04
7.521024e-01	8.842224e-04
7.521280e-01	8.918236e-04
7.521536e-01	8.994024e-04
7.521792e-01	9.060832e-04
7.522048e-01	9.126604e-04
7.522304e-01	9.191177e-04
7.522560e-01	9.256327e-04
7.522816e-01	9.322589e-04
7.523072e-01	9.375216e-04
7.523328e-01	9.435294e-04
7.523584e-01	9.485518e-04
7.523840e-01	9.534589e-04
7.524096e-01	9.587480e-04
7.524352e-01	9.637231e-04
7.524608e-01	9.677766e-04
7.524864e-01	9.723918e-04
7.525120e-01	9.766406e-04
7.525376e-01	9.796080e-04
7.525632e-01	9.830116e-04
7.525888e-01	9.865481e-04
7.526144e-01	9.892065e-04
7.526400e-01	9.921867e-04
7.526656e-01	9.945189e-04
7.526912e-01	9.972572e-04
7.527168e-01	9.989912e-04
7.527424e-01	1.000596e-03
7.527680e-01	1.002348e-03
7.527936e-01	1.003475e-03
7.528192e-01	1.004864e-03
7.528448e-01	1.005196e-03
7.528704e-01	1.005699e-03
7.528960e-01	1.006346e-03
7.529216e-01	1.006429e-03
7.529472e-01	1.006206e-03
7.529728e-01	1.005256e-03
7.529984e-01	1.004906e-03
7.530240e-01	1.003396e-03
7.530496e-01	1.002560e-03
7.530752e-01	1.000866e-03
7.531008e-01	9.990204e-04
7.531264e-01	9.974856e-04
7.531520e-01	9.952213e-04
7.531776e-01	9.929754e-04
7.532032e-01	9.902363e-04
7.532288e-01	9.870699e-04
7.532544e-01	9.842148e-04
7.532800e-01	9.805410e-04
7.533056e-01	9.765755e-04
7.533312e-01	9.728839e-04
7.533568e-01	9.686547e-04
7.533824e-01	9.638433e-04
7.534080e-01	9.599801e-04
7.534336e-01	9.550181e-04
7.534592e-01	9.499157e-04
7.534848e-01	9.440666e-04
7.535104e-01	9.381531e-04
7.535360e-01	9.326258e-04
7.535616e-01	9.259586e-04
7.535872e-01	9.201216e-04
7.536128e-01	9.138462e-04
7.536384e-01	9.066443e-04
7.536640e-01	8.998271e-04
7.536896e-01	8.920613e-04
7.537152e-01	8.853637e-04
7.537408e-01	8.770631e-04
7.537664e-01	8.694135e-04
7.537920e-01	8.612206e-04
7.538176e-01	8.521340e-04
7.538432e-01	8.443464e-04
7.538688e-01	8.351387e-04
7.538944e-01	8.260323e-04
7.539200e-01	8.169180e-04
7.539456e-01	8.065407e-04
7.539712e-01	7.974057e-04
7.539968e-01	7.877180e-04
7.540224e-01	7.775099e-04
7.540480e-01	7.669720e-04
7.540736e-01	7.563235e-04
7.540992e-01	7.456024e-04
7.541248e-01	7.345338e-04
7.541504e-01	7.236231e-04
7.541760e-01	7.123533e-04
7.542016e-01	7.003016e-04
7.542272e-01	6.888402e-04
7.542528e-01	6.768710e-04
7.542784e-01	6.649438e-04
7.543040e-01	6.525463e-04
7.543296e-01	6.401493e-04
7.543552e-01	6.273478e-04
7.543808e-01	6.148262e-04
7.544064e-01	6.016758e-04
7.544320e-01	5.883307e-04
7.544576e-01	5.755644e-04
7.544832e-01	5.618039e-04
7.545088e-01	5.479130e-04
7.545344e-01	5.343382e-04
7.545600e-01	5.200681e-04
7.545856e-01	5.061630e-04
7.546112e-01	4.918756e-04
7.546368e-01	4.776608e-04
7.546624e-01	4.630865e-04
7.546880e-01	4.486992e-04
7.547136e-01	4.339750e-04
7.547392e-01	4.193272e-04
7.547648e-01	4.039468e-04
7.547904e-01	3.890141e-04
7.548160e-01	3.738937e-04
7.548416e-01	3.580703e-04
7.548672e-01	3.431538e-04
7.548928e-01	3.272599e-04
7.549184e-01	3.116236e-04
7.549440e-01	2.964777e-04
7.549696e-01	2.799467e-04
7.549952e-01	2.645689e-04
7.550208e-01	2.483686e-04
7.550464e-01	2.324858e-04
7.550720e-01	2.163575e-04
7.550976e-01	2.001723e-04
7.551232e-01	1.839951e-04
7.551488e-01	1.676013e-04
7.551744e-01	1.512697e-04
7.552000e-01	1.348589e-04
7.552256e-01	1.181719e-04
7.552512e-01	1.018135e-04
7.552768e-01	8.519946e-05
7.553024e-01	6.860442e-05
7.553280e-01	5.213104e-05
7.553536e-01	3.520761e-05
7.553792e-01	1.845920e-05
7.554048e-01	2.376508e-06
7.554304e-01	-1.485979e-05
7.554560e-01	-3.162158e-05
7.554816e-01	-4.765048e-05
7.555072e-01	-6.463230e-05
7.555328e-01	-8.161379e-05
7.555584e-01	-9.791793e-05
7.555840e-01	-1.148164e-04
7.556096e-01	-1.312713e-04
7.556352e-01	-1.479094e-04
7.556608e-01	-1.645759e-04
7.556864e-01	-1.813378e-04
7.557120e-01	-1.975375e-04
7.557376e-01	-2.140569e-04
7.557632e-01	-2.304778e-04
7.557888e-01	-2.467178e-04
7.558144e-01	-2.631373e-04
7.558400e-01	-2.794971e-04
7.558656e-01	-2.954563e-04
7.558912e-01	-3.114915e-04
7.559168e-01	-3.272840e-04
7.559424e-01	-3.437213e-04
7.559680e-01	-3.595834e-04
7.559936e-01	-3.756122e-04
7.560192e-01	-3.909169e-04
7.560448e-01	-4.064405e-04
7.560704e-01	-4.221773e-04
7.560960e-01	-4.369745e-04
7.561216e-01	-4.526358e-04
7.561472e-01	-4.678749e-04
7.561728e-01	-4.823228e-04
7.561984e-01	-4.978266e-04
7.562240e-01	-5.121979e-04
7.562496e-01	-5.271409e-04
7.562752e-01	-5.416810e-04
7.563008e-01	-5.557226e-04
7.563264e-01	-5.703691e-04
7.563520e-01	-5.845709e-04
7.563776e-01	-5.980898e-04
7.564032e-01	-6.117965e-04
7.564288e-01	-6.256544e-04
7.564544e-01	-6.391209e-04
7.564800e-01	-6.518834e-04
7.565056e-01	-6.653346e-04
7.565312e-01	-6.782414e-04
7.565568e-01	-6.907513e-04
7.565824e-01	-7.036060e-04
7.566080e-01	-7.162879e-04
7.566336e-01	-7.278320e-04
7.566592e-01	-7.401980e-04
7.566848e-01	-7.519150e-04
7.567104e-01	-7.634364e-04
7.567360e-01	-7.748546e-04
7.567616e-01	-7.856903e-04
7.567872e-01	-7.967729e-04
7.568128e-01	-8.077488e-04
7.568384e-01	-8.177531e-04
7.568640e-01	-8.284132e-04
7.568896e-01	-8.383955e-04
7.569152e-01	-8.480612e-04
7.569408e-01	-8.580441e-04
7.569664e-01	-8.675471e-04
7.569920e-01	-8.765086e-04
7.570176e-01	-8.855400e-04
7.570432e-01	-8.943470e-04
7.570688e-01	-9.025206e-04
7.570944e-01	-9.107192e-04
7.571200e-01	-9.187266e-04
7.571456e-01	-9.263026e-04
7.571712e-01	-9.339938e-04
7.571968e-01	-9.409011e-04
7.572224e-01	-9.482133e-04
7.572480e-01	-9.545229e-04
7.572736e-01	-9.613467e-04
7.572992e-01	-9.671134e-04
7.573248e-01	-9.727589e-04
7.573504e-01	-9.788162e-04
7.573760e-01	-9.839281e-04
7.574016e-01	-9.889328e-04
7.574272e-01	-9.941609e-04
7.574528e-01	-9.984869e-04
7.574784e-01	-1.002828e-03
7.575040e-01	-1.006762e-03
7.575296e-01	-1.010493e-03
7.575552e-01	-1.014174e-03
7.575808e-01	-1.016653e-03
7.576064e-01	-1.019517e-03
7.576320e-01	-1.022706e-03
7.576576e-01	-1.024808e-03
7.576832e-01	-1.026928e-03
7.577088e-01	-1.028060e-03
7.577344e-01	-1.029980e-03
7.577600e-01	-1.031318e-03
7.577856e-01	-1.032124e-03
7.578112e-01	-1.032944e-03
7.578368e-01	-1.032982e-03
7.578624e-01	-1.033117e-03
7.578880e-01	-1.033345e-03
7.579136e-01	-1.032411e-03
7.579392e-01	-1.031789e-03
7.579648e-01	-1.030870e-03
7.579904e-01	-1.029808e-03
7.580160e-01	-1.027917e-03
7.580416e-01	-1.026191e-03
7.580672e-01	-1.024201e-03
7.580928e-01	-1.021799e-03
7.581184e-01	-1.018944e-03
7.581440e-01	-1.016166e-03
7.581696e-01	-1.012767e-03
7.581952e-01	-1.009191e-03
7.582208e-01	-1.005475e-03
7.582464e-01	-1.001144e-03
7.582720e-01	-9.972584e-04
7.582976e-01	-9.927347e-04
7.583232e-01	-9.874131e-04
7.583488e-01	-9.829487e-04
7.583744e-01	-9.775577e-04
7.584000e-01	-9.723640e-04
7.584256e-01	-9.662604e-04
7.584512e-01	-9.599775e-04
7.584768e-01	-9.533899e-04
7.585024e-01	-9.468958e-04
7.585280e-01	-9.400276e-04
7.585536e-01	-9.332760e-04
7.585792e-01	-9.261631e-04
7.586048e-01	-9.181003e-04
7.586304e-01	-9.101391e-04
7.586560e-01	-9.024683e-04
7.586816e-01	-8.939309e-04
7.587072e-01	-8.853123e-04
7.587328e-01	-8.767985e-04
7.587584e-01	-8.676348e-04
7.587840e-01	-8.586845e-04
7.588096e-01	-8.492991e-04
7.588352e-01	-8.391240e-04
7.588608e-01	-8.297376e-04
7.588864e-01	-8.193898e-04
7.589120e-01	-8.093827e-04
7.589376e-01	-7.991397e-04
7.589632e-01	-7.882203e-04
7.589888e-01	-7.772655e-04
7.590144e-01	-7.663553e-04
7.590400e-01	-7.550920e-04
7.590656e-01	-7.441191e-04
7.590912e-01	-7.321910e-04
7.591168e-01	-7.205119e-04
7.591424e-01	-7.082879e-04
7.591680e-01	-6.961006e-04
7.591936e-01	-6.839346e-04
7.592192e-01	-6.714745e-04
7.592448e-01	-6.586197e-04
7.592704e-01	-6.455376e-04
7.592960e-01	-6.326161e-04
7.593216e-01	-6.196306e-04
7.593472e-01	-6.063426e-04
7.593728e-01	-5.930116e-04
7.593984e-01	-5.791875e-04
7.594240e-01	-5.656852e-04
7.594496e-01	-5.515151e-04
7.594752e-01	-5.377386e-04
7.595008e-01	-5.233466e-04
7.595264e-01	-5.089829e-04
7.595520e-01	-4.948667e-04
7.595776e-01	-4.804138e-04
7.596032e-01	-4.654515e-04
7.596288e-01	-4.506369e-04
7.596544e-01	-4.362124e-04
7.596800e-01	-4.209680e-04
7.597056e-01	-4.056533e-04
7.597312e-01	-3.911399e-04
7.597568e-01	-3.755905e-04
7.597824e-01	-3.601073e-04
7.598080e-01	-3.446231e-04
7.598336e-01	-3.292776e-04
7.598592e-01	-3.133825e-04
7.598848e-01	-2.980048e-04
7.599104e-01	-2.822764e-04
7.599360e-01	-2.664512e-04
7.599616e-01	-2.509306e-04
7.599872e-01	-2.351790e-04
7.600128e-01	-2.190431e-04
7.600384e-01	-2.031988e-04
7.600640e-01	-1.869378e-04
7.600896e-01	-1.708364e-04
7.601152e-01	-1.547987e-04
7.601408e-01	-1.389283e-04
7.601664e-01	-1.221753e-04
7.601920e-01	-1.062326e-04
7.602176e-01	-9.047676e-05
7.602432e-01	-7.407684e-05
7.602688e-01	-5.783076e-05
7.602944e-01	-4.192458e-05
7.603200e-01	-2.544732e-05
7.603456e-01	-9.330030e-06
7.603712e-01	7.247412e-06
7.603968e-01	2.319867e-05
7.604224e-01	3.888027e-05
7.604480e-01	5.550745e-05
7.604736e-01	7.158271e-05
7.604992e-01	8.748760e-05
7.605248e-01	1.034937e-04
7.605504e-01	1.197280e-04
7.605760e-01	1.359396e-04
7.606016e-01	1.516669e-04
7.606272e-01	1.677405e-04
7.606528e-01	1.833696e-04
7.606784e-01	1.995634e-04
7.607040e-01	2.146410e-04
7.607296e-01	2.308781e-04
7.607552e-01	2.462671e-04
7.607808e-01	2.615067e-04
7.608064e-01	2.773072e-04
7.608320e-01	2.925165e-04
7.608576e-01	3.080918e-04
7.608832e-01	3.236170e-04
7.609088e-01	3.383985e-04
7.609344e-01	3.539370e-04
7.609600e-01	3.684841e-04
7.609856e-01	3.831969e-04
7.610112e-01	3.981800e-04
7.610368e-01	4.125242e-04
7.610624e-01	4.273529e-04
7.610880e-01	4.418518e-04
7.611136e-01	4.559907e-04
7.611392e-01	4.701608e-04
7.611648e-01	4.840650e-04
7.611904e-01	4.985176e-04
7.612160e-01	5.121396e-04
7.612416e-01	5.256727e-04
7.612672e-01	5.392325e-04
7.612928e-01	5.527250e-04
7.613184e-01	5.656881e-04
7.613440e-01	5.790494e-04
7.613696e-01	5.921077e-04
7.613952e-01	6.050780e-04
7.614208e-01	6.177159e-04
7.614464e-01	6.303448e-04
7.614720e-01	6.422093e-04
7.614976e-01	6.547256e-04
7.615232e-01	6.668461e-04
7.615488e-01	6.784027e-04
7.615744e-01	6.902867e-04
7.616000e-01	7.018363e-04
7.616256e-01	7.127973e-04
7.616512e-01	7.241316e-04
7.616768e-01	7.351373e-04
7.617024e-01	7.459705e-04
7.617280e-01	7.564694e-04
7.617536e-01	7.668671e-04
7.617792e-01	7.770719e-04
7.618048e-01	7.874322e-04
7.618304e-01	7.969643e-04
7.618560e-01	8.068373e-04
7.618816e-01	8.161350e-04
7.619072e-01	8.253179e-04
7.619328e-01	8.342875e-04
7.619584e-01	8.431458e-04
7.619840e-01	8.516731e-04
7.620096e-01	8.600270e-04
7.620352e-01	8.683378e-04
7.620608e-01	8.762919e-04
7.620864e-01	8.837599e-04
7.621120e-01	8.912983e-04
7.621376e-01	8.984893e-04
7.621632e-01	9.055195e-04
7.621888e-01	9.119402e-04
7.622144e-01	9.194890e-04
7.622400e-01	9.253917e-04
7.622656e-01	9.309330e-04
7.622912e-01	9.376834e-04
7.623168e-01	9.430322e-04
7.623424e-01	9.485380e-04
7.623680e-01	9.537536e-04
7.623936e-01	9.581646e-04
7.624192e-01	9.635140e-04
7.624448e-01	9.676002e-04
7.624704e-01	9.718123e-04
7.624960e-01	9.756453e-04
7.625216e-01	9.796954e-04
7.625472e-01	9.832465e-04
7.625728e-01	9.861598e-04
7.625984e-01	9.888880e-04
7.626240e-01	9.917464e-04
7.626496e-01	9.948423e-04
7.626752e-01	9.971177e-04
7.627008e-01	9.988734e-04
7.627264e-01	1.000850e-03
7.627520e-01	1.002049e-03
7.627776e-01	1.003699e-03
7.628032e-01	1.004470e-03
7.628288e-01	1.005280e-03
7.628544e-01	1.005513e-03
7.628800e-01	1.005833e-03
7.629056e-01	1.006247e-03
7.629312e-01	1.006177e-03
7.629568e-01	1.005006e-03
7.629824e-01	1.005058e-03
7.630080e-01	1.003888e-03
7.630336e-01	1.002527e-03
7.630592e-01	1.001673e-03
7.630848e-01	9.992191e-04
7.631104e-01	9.976689e-04
7.631360e-01	9.954687e-04
7.631616e-01	9.924818e-04
7.631872e-01	9.902476e-04
7.632128e-01	9.871571e-04
7.632384e-01	9.839882e-04
7.632640e-01	9.809159e-04
7.632896e-01	9.772851e-04
7.633152e-01	9.731246e-04
7.633408e-01	9.690333e-04
7.633664e-01	9.646532e-04
7.633920e-01	9.603287e-04
7.634176e-01	9.550248e-04
7.634432e-01	9.499942e-04
7.634688e-01	9.444727e-04
7.634944e-01	9.392523e-04
7.635200e-01	9.330328e-04
7.635456e-01	9.271748e-04
7.635712e-01	9.209082e-04
7.635968e-01	9.143464e-04
7.636224e-01	9.073555e-04
7.636480e-01	9.005604e-04
7.636736e-01	8.931739e-04
7.636992e-01	8.854479e-04
7.637248e-01	8.779721e-04
7.637504e-01	8.699392e-04
7.637760e-01	8.616299e-04
7.638016e-01	8.531476e-04
7.638272e-01	8.448586e-04
7.638528e-01	8.359136e-04
7.638784e-01	8.264557e-04
7.639040e-01	8.175489e-04
7.639296e-01	8.080126e-04
7.639552e-01	7.988000e-04
7.639808e-01	7.882930e-04
7.640064e-01	7.783882e-04
7.640320e-01	7.679730e-04
7.640576e-01	7.572016e-04
7.640832e-01	7.467088e-04
7.641088e-01	7.356723e-04
7.641344e-01	7.245559e-04
7.641600e-01	7.130856e-04
7.641856e-01	7.016447e-04
7.642112e-01	6.900048e-04
7.642368e-01	6.776373e-04
7.642624e-01	6.662718e-04
7.642880e-01	6.536308e-04
7.643136e-01	6.413540e-04
7.643392e-01	6.287666e-04
7.643648e-01	6.158319e-04
7.643904e-01	6.028977e-04
7.644160e-01	5.897823e-04
7.644416e-01	5.761884e-04
7.644672e-01	5.631235e-04
7.644928e-01	5.497389e-04
7.645184e-01	5.355686e-04
7.645440e-01	5.214157e-04
7.645696e-01	5.075799e-04
7.645952e-01	4.931262e-04
7.646208e-01	4.793444e-04
7.646464e-01	4.648696e-04
7.646720e-01	4.503499e-04
7.646976e-01	4.354212e-04
7.647232e-01	4.206027e-04
7.647488e-01	4.056845e-04
7.647744e-01	3.902041e-04
7.648000e-01	3.751982e-04
7.648256e-01	3.598983e-04
7.648512e-01	3.441642e-04
7.648768e-01	3.289533e-04
7.649024e-01	3.134699e-04
7.649280e-01	2.976298e-04
7.649536e-01	2.813379e-04
7.649792e-01	2.661337e-04
7.650048e-01	2.499119e-04
7.650304e-01	2.335746e-04
7.650560e-01	2.175567e-04
7.650816e-01	2.010733e-04
7.651072e-01	1.851714e-04
7.651328e-01	1.692192e-04
7.651584e-01	1.522277e-04
7.651840e-01	1.364121e-04
7.652096e-01	1.198763e-04
7.652352e-01	1.030479e-04
7.652608e-01	8.678475e-05
7.652864e-01	7.022589e-05
7.653120e-01	5.314832e-05
7.653376e-01	3.691771e-05
7.653632e-01	2.025244e-05
7.653888e-01	3.064303e-06
7.654144e-01	-1.327182e-05
7.654400e-01	-2.989732e-05
7.654656e-01	-4.679738e-05
7.654912e-01	-6.277011e-05
7.655168e-01	-8.009110e-05
7.655424e-01	-9.637797e-05
7.655680e-01	-1.137843e-04
7.655936e-01	-1.301533e-04
7.656192e-01	-1.464898e-04
7.656448e-01	-1.630064e-04
7.656704e-01	-1.792165e-04
7.656960e-01	-1.965222e-04
7.657216e-01	-2.126717e-04
7.657472e-01	-2.288284e-04
7.657728e-01	-2.455129e-04
7.657984e-01	-2.616853e-04
7.658240e-01	-2.778903e-04
7.658496e-01	-2.939252e-04
7.658752e-01	-3.104909e-04
7.659008e-01	-3.261461e-04
7.659264e-01	-3.422778e-04
7.659520e-01	-3.580585e-04
7.659776e-01	-3.734426e-04
7.660032e-01	-3.897677e-04
7.660288e-01	-4.051932e-04
7.660544e-01	-4.202340e-04
7.660800e-01	-4.360167e-04
7.661056e-01	-4.509056e-04
7.661312e-01	-4.666507e-04
7.661568e-01	-4.814421e-04
7.661824e-01	-4.964001e-04
7.662080e-01	-5.107785e-04
7.662336e-01	-5.257863e-04
7.662592e-01	-5.404209e-04
7.662848e-01	-5.546888e-04
7.663104e-01	-5.690410e-04
7.663360e-01	-5.832469e-04
7.663616e-01	-5.969442e-04
7.663872e-01	-6.105499e-04
7.664128e-01	-6.244854e-04
7.664384e-01	-6.375409e-04
7.664640e-01	-6.507933e-04
7.664896e-01	-6.641486e-04
7.665152e-01	-6.770293e-04
7.665408e-01	-6.900862e-04
7.665664e-01	-7.022733e-04
7.665920e-01	-7.145851e-04
7.666176e-01	-7.267433e-04
7.666432e-01	-7.390922e-04
7.666688e-01	-7.505086e-04
7.666944e-01	-7.624556e-04
7.667200e-01	-7.737542e-04
7.667456e-01	-7.850592e-04
7.667712e-01	-7.958524e-04
7.667968e-01	-8.066013e-04
7.668224e-01	-8.172519e-04
7.668480e-01	-8.275998e-04
7.668736e-01	-8.376889e-04
7.668992e-01	-8.477769e-04
7.669248e-01	-8.571243e-04
7.669504e-01	-8.666950e-04
7.669760e-01	-8.758655e-04
7.670016e-01	-8.848180e-04
7.670272e-01	-8.934410e-04
7.670528e-01	-9.020922e-04
7.670784e-01	-9.099956e-04
7.671040e-01	-9.179300e-04
7.671296e-01	-9.261810e-04
7.671552e-01	-9.332951e-04
7.671808e-01	-9.403994e-04
7.672064e-01	-9.477633e-04
7.672320e-01	-9.539596e-04
7.672576e-01	-9.606895e-04
7.672832e-01	-9.667561e-04
7.673088e-01	-9.729184e-04
7.673344e-01	-9.782541e-04
7.673600e-01	-9.836251e-04
7.673856e-01	-9.887811e-04
7.674112e-01	-9.935427e-04
7.674368e-01	-9.978451e-04
7.674624e-01	-1.002190e-03
7.674880e-01	-1.006430e-03
7.675136e-01	-1.010237e-03
7.675392e-01	-1.013653e-03
7.675648e-01	-1.017161e-03
7.675904e-01	-1.019795e-03
7.676160e-01	-1.022627e-03
7.676416e-01	-1.024763e-03
7.676672e-01	-1.026810e-03
7.676928e-01	-1.028785e-03
7.677184e-01	-1.030116e-03
7.677440e-01	-1.031128e-03
7.677696e-01	-1.032211e-03
7.677952e-01	-1.032497e-03
7.678208e-01	-1.033792e-03
7.678464e-01	-1.033378e-03
7.678720e-01	-1.033027e-03
7.678976e-01	-1.033064e-03
7.679232e-01	-1.032045e-03
7.679488e-01	-1.031155e-03
7.679744e-01	-1.029801e-03
7.680000e-01	-1.028298e-03
7.680256e-01	-1.026364e-03
7.680512e-01	-1.024286e-03
7.680768e-01	-1.022044e-03
7.681024e-01	-1.019256e-03
7.681280e-01	-1.016484e-03
7.681536e-01	-1.012933e-03
7.681792e-01	-1.009779e-03
7.682048e-01	-1.005517e-03
7.682304e-01	-1.001947e-03
7.682560e-01	-9.978306e-04
7.682816e-01	-9.932946e-04
7.683072e-01	-9.880665e-04
7.683328e-01	-9.833897e-04
7.683584e-01	-9.784988e-04
7.683840e-01	-9.728983e-04
7.684096e-01	-9.666093e-04
7.684352e-01	-9.608253e-04
7.684608e-01	-9.541681e-04
7.684864e-01	-9.474556e-04
7.685120e-01	-9.409258e-04
7.685376e-01	-9.339114e-04
7.685632e-01	-9.269266e-04
7.685888e-01	-9.191036e-04
7.686144e-01	-9.110748e-04
7.686400e-01	-9.034029e-04
7.686656e-01	-8.945698e-04
7.686912e-01	-8.861539e-04
7.687168e-01	-8.775368e-04
7.687424e-01	-8.690403e-04
7.687680e-01	-8.598072e-04
7.687936e-01	-8.497986e-04
7.688192e-01	-8.407567e-04
7.688448e-01	-8.310553e-04
7.688704e-01	-8.204673e-04
7.688960e-01	-8.109696e-04
7.689216e-01	-7.998770e-04
7.689472e-01	-7.893787e-04
7.689728e-01	-7.783665e-04
7.689984e-01	-7.677982e-04
7.690240e-01	-7.561364e-04
7.690496e-01	-7.445678e-04
7.690752e-01	-7.334521e-04
7.691008e-01	-7.209113e-04
7.691264e-01	-7.096530e-04
7.691520e-01	-6.971683e-04
7.691776e-01	-6.845149e-04
7.692032e-01	-6.731835e-04
7.692288e-01	-6.595175e-04
7.692544e-01	-6.469605e-04
7.692800e-01	-6.341875e-04
7.693056e-01	-6.208437e-04
7.693312e-01	-6.074234e-04
7.693568e-01	-5.939944e-04
7.693824e-01	-5.803318e-04
7.694080e-01	-5.667158e-04
7.694336e-01	-5.528656e-04
7.694592e-01	-5.392412e-04
7.694848e-01	-5.249041e-04
7.695104e-01	-5.106434e-04
7.695360e-01	-4.959778e-04
7.695616e-01	-4.815641e-04
7.695872e-01	-4.667768e-04
7.696128e-01	-4.520639e-04
7.696384e-01	-4.372858e-04
7.696640e-01	-4.221729e-04
7.696896e-01	-4.072463e-04
7.697152e-01	-3.923487e-04
7.697408e-01	-3.768345e-04
7.697664e-01	-3.617085e-04
7.697920e-01	-3.461060e-04
7.698176e-01	-3.309805e-04
7.698432e-01	-3.149900e-04
7.698688e-01	-2.995606e-04
7.698944e-01	-2.838536e-04
7.699200e-01	-2.680452e-04
7.699456e-01	-2.524400e-04
7.699712e-01	-2.363982e-04
7.699968e-01	-2.206458e-04
7.700224e-01	-2.046208e-04
7.700480e-01	-1.884744e-04
7.700736e-01	-1.725587e-04
7.700992e-01	-1.562046e-04
7.701248e-01	-1.403954e-04
7.701504e-01	-1.242571e-04
7.701760e-01	-1.082514e-04
7.702016e-01	-9.152831e-05
7.702272e-01	-7.584186e-05
7.702528e-01	-5.926979e-05
7.702784e-01	-4.311912e-05
7.703040e-01	-2.699154e-05
7.703296e-01	-1.068376e-05
7.703552e-01	5.321983e-06
7.703808e-01	2.155552e-05
7.704064e-01	3.811491e-05
7.704320e-01	5.378526e-05
7.704576e-01	6.985058e-05
7.704832e-01	8.609481e-05
7.705088e-01	1.020187e-04
7.705344e-01	1.182130e-04
7.705600e-01	1.343158e-04
7.705856e-01	1.498932e-04
7.706112e-01	1.663752e-04
7.706368e-01	1.823188e-04
7.706624e-01	1.978654e-04
7.706880e-01	2.133042e-04
7.707136e-01	2.294702e-04
7.707392e-01	2.450912e-04
7.707648e-01	2.605387e-04
7.707904e-01	2.759193e-04
7.708160e-01	2.917002e-04
7.708416e-01	3.067374e-04
7.708672e-01	3.217043e-04
7.708928e-01	3.367476e-04
7.709184e-01	3.519252e-04
7.709440e-01	3.670495e-04
7.709696e-01	3.821265e-04
7.709952e-01	3.963640e-04
7.710208e-01	4.112068e-04
7.710464e-01	4.260061e-04
7.710720e-01	4.405901e-04
7.710976e-01	4.547194e-04
7.711232e-01	4.689968e-04
7.711488e-01	4.827308e-04
7.711744e-01	4.972483e-04
7.712000e-01	5.108744e-04
7.712256e-01	5.243868e-04
7.712512e-01	5.380620e-04
7.712768e-01	5.516178e-04
7.713024e-01	5.649595e-04
7.713280e-01	5.779364e-04
7.713536e-01	5.911203e-04
7.713792e-01	6.036902e-04
7.714048e-01	6.162026e-04
7.714304e-01	6.291246e-04
7.714560e-01	6.413618e-04
7.714816e-01	6.539713e-04
7.715072e-01	6.653452e-04
7.715328e-01	6.775521e-04
7.715584e-01	6.890259e-04
7.715840e-01	7.005407e-04
7.716096e-01	7.122373e-04
7.716352e-01	7.236764e-04
7.716608e-01	7.344873e-04
7.716864e-01	7.449223e-04
7.717120e-01	7.557693e-04
7.717376e-01	7.660494e-04
7.717632e-01	7.760468e-04
7.717888e-01	7.867268e-04
7.718144e-01	7.963619e-04
7.718400e-01	8.061933e-04
7.718656e-01	8.155772e-04
7.718912e-01	8.246558e-04
7.719168e-01	8.332466e-04
7.719424e-01	8.423052e-04
7.719680e-01	8.509160e-04
7.719936e-01	8.591979e-04
7.720192e-01	8.673836e-04
7.720448e-01	8.756032e-04
7.720704e-01	8.827492e-04
7.720960e-01	8.903887e-04
7.721216e-01	8.978545e-04
7.721472e-01	9.051528e-04
7.721728e-01	9.119816e-04
7.721984e-01	9.183457e-04
7.722240e-01	9.246406e-04
7.722496e-01	9.309212e-04
7.722752e-01	9.366384e-04
7.723008e-01	9.430451e-04
7.723264e-01	9.480437e-04
7.723520e-01	9.528577e-04
7.723776e-01	9.580855e-04
7.724032e-01	9.626309e-04
7.724288e-01	9.668491e-04
7.724544e-01	9.714014e-04
7.724800e-01	9.750447e-04
7.725056e-01	9.790573e-04
7.725312e-01	9.823395e-04
7.725568e-01	9.859634e-04
7.725824e-01	9.890444e-04
7.726080e-01	9.916036e-04
7.726336e-01	9.945135e-04
7.726592e-01	9.967531e-04
7.726848e-01	9.984926e-04
7.727104e-01	1.000385e-03
7.727360e-01	1.001562e-03
7.727616e-01	1.003290e-03
7.727872e-01	1.004244e-03
7.728128e-01	1.004905e-03
7.728384e-01	1.005733e-03
7.728640e-01	1.006073e-03
7.728896e-01	1.005899e-03
7.729152e-01	1.006206e-03
7.729408e-01	1.005213e-03
7.729664e-01	1.005002e-03
7.729920e-01	1.004009e-03
7.730176e-01	1.002864e-03
7.730432e-01	1.001362e-03
7.730688e-01	9.995844e-04
7.730944e-01	9.978268e-04
7.731200e-01	9.956530e-04
7.731456e-01	9.930171e-04
7.731712e-01	9.908286e-04
7.731968e-01	9.878697e-04
7.732224e-01	9.845968e-04
7.732480e-01	9.810665e-04
7.732736e-01	9.774563e-04
7.732992e-01	9.738685e-04
7.733248e-01	9.695935e-04
7.733504e-01	9.648731e-04
7.733760e-01	9.607090e-04
7.734016e-01	9.557082e-04
7.734272e-01	9.504714e-04
7.734528e-01	9.450116e-04
7.734784e-01	9.400235e-04
7.735040e-01	9.340042e-04
7.735296e-01	9.279202e-04
7.735552e-01	9.212103e-04
7.735808e-01	9.148775e-04
7.736064e-01	9.082631e-04
7.736320e-01	9.014977e-04
7.736576e-01	8.937042e-04
7.736832e-01	8.863548e-04
7.737088e-01	8.787331e-04
7.737344e-01	8.707968e-04
7.737600e-01	8.626543e-04
7.737856e-01	8.541195e-04
7.738112e-01	8.456860e-04
7.738368e-01	8.367147e-04
7.738624e-01	8.279256e-04
7.738880e-01	8.188875e-04
7.739136e-01	8.089676e-04
7.739392e-01	7.994013e-04
7.739648e-01	7.891845e-04
7.739904e-01	7.798157e-04
7.740160e-01	7.693373e-04
7.740416e-01	7.585476e-04
7.740672e-01	7.481016e-04
7.740928e-01	7.372276e-04
7.741184e-01	7.253372e-04
7.741440e-01	7.143641e-04
7.741696e-01	7.029197e-04
7.741952e-01	6.916751e-04
7.742208e-01	6.795246e-04
7.742464e-01	6.672044e-04
7.742720e-01	6.546798e-04
7.742976e-01	6.425611e-04
7.743232e-01	6.302598e-04
7.743488e-01	6.172160e-04
7.743744e-01	6.041548e-04
7.744000e-01	5.911452e-04
7.744256e-01	5.778805e-04
7.744512e-01	5.645510e-04
7.744768e-01	5.508451e-04
7.745024e-01	5.370864e-04
7.745280e-01	5.228707e-04
7.745536e-01	5.091074e-04
7.745792e-01	4.946339e-04
7.746048e-01	4.807611e-04
7.746304e-01	4.657778e-04
7.746560e-01	4.512118e-04
7.746816e-01	4.369227e-04
7.747072e-01	4.215416e-04
7.747328e-01	4.070301e-04
7.747584e-01	3.919391e-04
7.747840e-01	3.761661e-04
7.748096e-01	3.614262e-04
7.748352e-01	3.456422e-04
7.748608e-01	3.306175e-04
7.748864e-01	3.143569e-04
7.749120e-01	2.990631e-04
7.749376e-01	2.833979e-04
7.749632e-01	2.671631e-04
7.749888e-01	2.513814e-04
7.750144e-01	2.355233e-04
7.750400e-01	2.191628e-04
7.750656e-01	2.032747e-04
7.750912e-01	1.867841e-04
7.751168e-01	1.701633e-04
7.751424e-01	1.542581e-04
7.751680e-01	1.380158e-04
7.751936e-01	1.214414e-04
7.752192e-01	1.048013e-04
7.752448e-01	8.789543e-05
7.752704e-01	7.157063e-05
7.752960e-01	5.507671e-05
7.753216e-01	3.871202e-05
7.753472e-01	2.174687e-05
7.753728e-01	5.352444e-06
7.753984e-01	-1.166520e-05
7.754240e-01	-2.806252e-05
7.754496e-01	-4.490732e-05
7.754752e-01	-6.145492e-05
7.755008e-01	-7.832808e-05
7.755264e-01	-9.489642e-05
7.755520e-01	-1.117204e-04
7.755776e-01	-1.282461e-04
7.756032e-01	-1.448246e-04
7.756288e-01	-1.610894e-04
7.756544e-01	-1.780553e-04
7.756800e-01	-1.947477e-04
7.757056e-01	-2.108940e-04
7.757312e-01	-2.272824e-04
7.757568e-01	-2.437983e-04
7.757824e-01	-2.603815e-04
7.758080e-01	-2.766443e-04
7.758336e-01	-2.924088e-04
7.758592e-01	-3.087449e-04
7.758848e-01	-3.246437e-04
7.759104e-01	-3.406646e-04
7.759360e-01	-3.564783e-04
7.759616e-01	-3.724495e-04
7.759872e-01	-3.879727e-04
7.760128e-01	-4.034122e-04
7.760384e-01	-4.189984e-04
7.760640e-01	-4.347769e-04
7.760896e-01	-4.494653e-04
7.761152e-01	-4.652958e-04
7.761408e-01	-4.799863e-04
7.761664e-01	-4.949730e-04
7.761920e-01	-5.099246e-04
7.762176e-01	-5.242515e-04
7.762432e-01	-5.389178e-04
7.762688e-01	-5.533759e-04
7.762944e-01	-5.668870e-04
7.763200e-01	-5.816852e-04
7.763456e-01	-5.956840e-04
7.763712e-01	-6.094616e-04
7.763968e-01	-6.229679e-04
7.764224e-01	-6.364615e-04
7.764480e-01	-6.500265e-04
7.764736e-01	-6.629434e-04
7.764992e-01	-6.758193e-04
7.765248e-01	-6.886252e-04
7.765504e-01	-7.010549e-04
7.765760e-01	-7.138161e-04
7.766016e-01	-7.259240e-04
7.766272e-01	-7.378465e-04
7.766528e-01	-7.493166e-04
7.766784e-01	-7.612575e-04
7.767040e-01	-7.726313e-04
7.767296e-01	-7.840308e-04
7.767552e-01	-7.948423e-04
7.767808e-01	-8.058319e-04
7.768064e-01	-8.163016e-04
7.768320e-01	-8.267300e-04
7.768576e-01	-8.364992e-04
7.768832e-01	-8.463894e-04
7.769088e-01	-8.563015e-04
7.769344e-01	-8.657148e-04
7.769600e-01	-8.747965e-04
7.769856e-01	-8.838297e-04
7.770112e-01	-8.922568e-04
7.770368e-01	-9.013164e-04
7.770624e-01	-9.095986e-04
7.770880e-01	-9.175000e-04
7.771136e-01	-9.251047e-04
7.771392e-01	-9.323921e-04
7.771648e-01	-9.397579e-04
7.771904e-01	-9.470224e-04
7.772160e-01	-9.532031e-04
7.772416e-01	-9.601111e-04
7.772672e-01	-9.659039e-04
7.772928e-01	-9.721379e-04
7.773184e-01	-9.777058e-04
7.773440e-01	-9.835411e-04
7.773696e-01	-9.884583e-04
7.773952e-01	-9.927930e-04
7.774208e-01	-9.976050e-04
7.774464e-01	-1.002282e-03
7.774720e-01	-1.005845e-03
7.774976e-01	-1.009659e-03
7.775232e-01	-1.013506e-03
7.775488e-01	-1.016526e-03
7.775744e-01	-1.019296e-03
7.776000e-01	-1.021916e-03
7.776256e-01	-1.024470e-03
7.776512e-01	-1.026827e-03
7.776768e-01	-1.028207e-03
7.777024e-01	-1.030115e-03
7.777280e-01	-1.030849e-03
7.777536e-01	-1.032339e-03
7.777792e-01	-1.032721e-03
7.778048e-01	-1.033064e-03
7.778304e-01	-1.033546e-03
7.778560e-01	-1.032967e-03
7.778816e-01	-1.032638e-03
7.779072e-01	-1.032214e-03
7.779328e-01	-1.030766e-03
7.779584e-01	-1.029619e-03
7.779840e-01	-1.028054e-03
7.780096e-01	-1.026751e-03
7.780352e-01	-1.024302e-03
7.780608e-01	-1.022091e-03
7.780864e-01	-1.019038e-03
7.781120e-01	-1.016453e-03
7.781376e-01	-1.013699e-03
7.781632e-01	-1.009881e-03
7.781888e-01	-1.006123e-03
7.782144e-01	-1.002481e-03
7.782400e-01	-9.980133e-04
7.782656e-01	-9.938725e-04
7.782912e-01	-9.887468e-04
7.783168e-01	-9.839522e-04
7.783424e-01	-9.785518e-04
7.783680e-01	-9.726689e-04
7.783936e-01	-9.669993e-04
7.784192e-01	-9.608892e-04
7.784448e-01	-9.543832e-04
7.784704e-01	-9.484626e-04
7.784960e-01	-9.414683e-04
7.785216e-01	-9.346310e-04
7.785472e-01	-9.273025e-04
7.785728e-01	-9.199417e-04
7.785984e-01	-9.119721e-04
7.786240e-01	-9.041126e-04
7.786496e-01	-8.955956e-04
7.786752e-01	-8.873440e-04
7.787008e-01	-8.785823e-04
7.787264e-01	-8.694335e-04
7.787520e-01	-8.604248e-04
7.787776e-01	-8.508064e-04
7.788032e-01	-8.415099e-04
7.788288e-01	-8.317233e-04
7.788544e-01	-8.214046e-04
7.788800e-01	-8.118936e-04
7.789056e-01	-8.007671e-04
7.789312e-01	-7.904010e-04
7.789568e-01	-7.795431e-04
7.789824e-01	-7.687379e-04
7.790080e-01	-7.567828e-04
7.790336e-01	-7.457461e-04
7.790592e-01	-7.344951e-04
7.790848e-01	-7.226378e-04
7.791104e-01	-7.106024e-04
7.791360e-01	-6.985972e-04
7.791616e-01	-6.863833e-04
7.791872e-01	-6.736650e-04
7.792128e-01	-6.608333e-04
7.792384e-01	-6.482273e-04
7.792640e-01	-6.348859e-04
7.792896e-01	-6.218786e-04
7.793152e-01	-6.089608e-04
7.793408e-01	-5.954152e-04
7.793664e-01	-5.816324e-04
7.793920e-01	-5.684396e-04
7.794176e-01	-5.539404e-04
7.794432e-01	-5.401595e-04
7.794688e-01	-5.258173e-04
7.794944e-01	-5.118682e-04
7.795200e-01	-4.974739e-04
7.795456e-01	-4.829267e-04
7.795712e-01	-4.683523e-04
7.795968e-01	-4.534113e-04
7.796224e-01	-4.386616e-04
7.796480e-01	-4.241398e-04
7.796736e-01	-4.084510e-04
7.796992e-01	-3.939224e-04
7.797248e-01	-3.784188e-04
7.797504e-01	-3.630457e-04
7.797760e-01	-3.478428e-04
7.798016e-01	-3.321802e-04
7.798272e-01	-3.170349e-04
7.798528e-01	-3.010471e-04
7.798784e-01	-2.852685e-04
7.799040e-01	-2.698869e-04
7.799296e-01	-2.534119e-04
7.799552e-01	-2.383998e-04
7.799808e-01	-2.218015e-04
7.800064e-01	-2.060682e-04
7.800320e-01	-1.902830e-04
7.800576e-01	-1.738074e-04
7.800832e-01	-1.579493e-04
7.801088e-01	-1.420185e-04
7.801344e-01	-1.254153e-04
7.801600e-01	-1.093512e-04
7.801856e-01	-9.343828e-05
7.802112e-01	-7.689223e-05
7.802368e-01	-6.069643e-05
7.802624e-01	-4.498706e-05
7.802880e-01	-2.832546e-05
7.803136e-01	-1.259517e-05
7.803392e-01	4.148230e-06
7.803648e-01	1.987361e-05
7.803904e-01	3.638830e-05
7.804160e-01	5.253101e-05
7.804416e-01	6.846250e-05
7.804672e-01	8.458117e-05
7.804928e-01	1.006809e-04
7.805184e-01	1.166547e-04
7.805440e-01	1.326591e-04
7.805696e-01	1.483415e-04
7.805952e-01	1.645168e-04
7.806208e-01	1.801825e-04
7.806464e-01	1.959624e-04
7.806720e-01	2.122397e-04
7.806976e-01	2.279076e-04
7.807232e-01	2.429523e-04
7.807488e-01	2.587887e-04
7.807744e-01	2.745697e-04
7.808000e-01	2.899441e-04
7.808256e-01	3.047735e-04
7.808512e-01	3.204189e-04
7.808768e-01	3.352828e-04
7.809024e-01	3.507573e-04
7.809280e-01	3.653545e-04
7.809536e-01	3.805176e-04
7.809792e-01	3.955555e-04
7.810048e-01	4.098766e-04
7.810304e-01	4.240942e-04
7.810560e-01	4.391012e-04
7.810816e-01	4.529670e-04
7.811072e-01	4.677819e-04
7.811328e-01	4.818027e-04
7.811584e-01	4.953517e-04
7.811840e-01	5.099991e-04
7.812096e-01	5.229046e-04
7.812352e-01	5.362171e-04
7.812608e-01	5.507288e-04
7.812864e-01	5.633786e-04
7.813120e-01	5.763110e-04
7.813376e-01	5.895424e-04
7.813632e-01	6.024577e-04
7.813888e-01	6.147759e-04
7.814144e-01	6.279793e-04
7.814400e-01	6.399638e-04
7.814656e-01	6.525657e-04
7.814912e-01	6.643859e-04
7.815168e-01	6.762241e-04
7.815424e-01	6.876054e-04
7.815680e-01	6.991045e-04
7.815936e-01	7.109842e-04
7.816192e-01	7.217434e-04
7.816448e-01	7.329888e-04
7.816704e-01	7.441774e-04
7.816960e-01	7.542469e-04
7.817216e-01	7.650942e-04
7.817472e-01	7.752034e-04
7.817728e-01	7.857298e-04
7.817984e-01	7.949196e-04
7.818240e-01	8.049773e-04
7.818496e-01	8.142731e-04
7.818752e-01	8.233215e-04
7.819008e-01	8.324401e-04
7.819264e-01	8.411775e-04
7.819520e-01	8.500534e-04
7.819776e-01	8.583374e-04
7.820032e-01	8.664412e-04
7.820288e-01	8.747064e-04
7.820544e-01	8.822018e-04
7.820800e-01	8.897426e-04
7.821056e-01	8.964961e-04
7.821312e-01	9.041284e-04
7.821568e-01	9.108456e-04
7.821824e-01	9.175566e-04
7.822080e-01	9.237609e-04
7.822336e-01	9.300039e-04
7.822592e-01	9.359724e-04
7.822848e-01	9.419480e-04
7.823104e-01	9.473177e-04
7.823360e-01	9.523449e-04
7.823616e-01	9.573161e-04
7.823872e-01	9.624030e-04
7.824128e-01	9.667786e-04
7.824384e-01	9.711697e-04
7.824640e-01	9.749311e-04
7.824896e-01	9.789547e-04
7.825152e-01	9.823077e-04
7.825408e-01	9.858060e-04
7.825664e-01	9.884313e-04
7.825920e-01	9.913521e-04
7.826176e-01	9.943178e-04
7.826432e-01	9.963473e-04
7.826688e-01	9.984447e-04
7.826944e-01	1.000611e-03
7.827200e-01	1.001382e-03
7.827456e-01	1.003156e-03
7.827712e-01	1.004117e-03
7.827968e-01	1.005186e-03
7.828224e-01	1.005468e-03
7.828480e-01	1.006181e-03
7.828736e-01	1.006062e-03
7.828992e-01	1.006002e-03
7.829248e-01	1.005669e-03
7.829504e-01	1.004676e-03
7.829760e-01	1.004173e-03
7.830016e-01	1.002751e-03
7.830272e-01	1.001352e-03
7.830528e-01	9.998818e-04
7.830784e-01	9.976621e-04
7.831040e-01	9.959850e-04
7.831296e-01	9.933487e-04
7.831552e-01	9.909440e-04
7.831808e-01	9.875682e-04
7.832064e-01	9.849196e-04
7.832320e-01	9.808370e-04
7.832576e-01	9.775135e-04
7.832832e-01	9.740381e-04
7.833088e-01	9.695241e-04
7.833344e-01	9.652696e-04
7.833600e-01	9.608889e-04
7.833856e-01	9.560456e-04
7.834112e-01	9.511294e-04
7.834368e-01	9.454273e-04
7.834624e-01	9.403962e-04
7.834880e-01	9.342254e-04
7.835136e-01	9.281831e-04
7.835392e-01	9.220544e-04
7.835648e-01	9.155638e-04
7.835904e-01	9.082715e-04
7.836160e-01	9.016272e-04
7.836416e-01	8.943280e-04
7.836672e-01	8.866119e-04
7.836928e-01	8.791102e-04
7.837184e-01	8.713862e-04
7.837440e-01	8.634174e-04
7.837696e-01	8.551644e-04
7.837952e-01	8.459295e-04
7.838208e-01	8.376772e-04
7.838464e-01	8.281609e-04
7.838720e-01	8.192538e-04
7.838976e-01	8.099942e-04
7.839232e-01	8.000845e-04
7.839488e-01	7.900997e-04
7.839744e-01	7.804008e-04
7.840000e-01	7.696424e-04
7.840256e-01	7.594217e-04
7.840512e-01	7.486707e-04
7.840768e-01	7.375596e-04
7.841024e-01	7.264219e-04
7.841280e-01	7.153142e-04
7.841536e-01	7.036258e-04
7.841792e-01	6.920969e-04
7.842048e-01	6.797890e-04
7.842304e-01	6.681641e-04
7.842560e-01	6.560714e-04
7.842816e-01	6.431108e-04
7.843072e-01	6.309201e-04
7.843328e-01	6.184736e-04
7.843584e-01	6.048902e-04
7.843840e-01	5.923890e-04
7.844096e-01	5.789857e-04
7.844352e-01	5.653965e-04
7.844608e-01	5.517052e-04
7.844864e-01	5.384920e-04
7.845120e-01	5.240844e-04
7.845376e-01	5.105609e-04
7.845632e-01	4.960323e-04
7.845888e-01	4.820850e-04
7.846144e-01	4.672241e-04
7.846400e-01	4.527750e-04
7.846656e-01	4.382578e-04
7.846912e-01	4.229487e-04
7.847168e-01	4.084850e-04
7.847424e-01	3.930299e-04
7.847680e-01	3.778170e-04
7.847936e-01	3.625044e-04
7.848192e-01	3.470494e-04
7.848448e-01	3.317029e-04
7.848704e-01	3.159964e-04
7.848960e-01	3.006120e-04
7.849216e-01	2.842787e-04
7.849472e-01	2.689189e-04
7.849728e-01	2.527195e-04
7.849984e-01	2.372589e-04
7.850240e-01	2.202919e-04
7.850496e-01	2.046010e-04
7.850752e-01	1.883454e-04
7.851008e-01	1.720279e-04
7.851264e-01	1.560401e-04
7.851520e-01	1.391609e-04
7.851776e-01	1.228805e-04
7.852032e-01	1.062772e-04
7.852288e-01	8.969141e-05
7.852544e-01	7.365977e-05
7.852800e-01	5.618124e-05
7.853056e-01	4.020851e-05
7.853312e-01	2.322165e-05
7.853568e-01	6.863801e-06
7.853824e-01	-9.864763e-06
7.854080e-01	-2.637615e-05
7.854336e-01	-4.340604e-05
7.854592e-01	-6.019231e-05
7.854848e-01	-7.670713e-05
7.855104e-01	-9.342421e-05
7.855360e-01	-1.098932e-04
7.855616e-01	-1.265992e-04
7.855872e-01	-1.432487e-04
7.856128e-01	-1.596948e-04
7.856384e-01	-1.763619e-04
7.856640e-01	-1.927500e-04
7.856896e-01	-2.095380e-04
7.857152e-01	-2.257821e-04
7.857408e-01	-2.421495e-04
7.857664e-01	-2.579051e-04
7.857920e-01	-2.748619e-04
7.858176e-01	-2.907312e-04
7.858432e-01	-3.068209e-04
7.858688e-01	-3.229271e-04
7.858944e-01	-3.390839e-04
7.859200e-01	-3.548606e-04
7.859456e-01	-3.708722e-04
7.859712e-01	-3.864669e-04
7.859968e-01	-4.016920e-04
7.860224e-01	-4.171595e-04
7.860480e-01	-4.331605e-04
7.860736e-01	-4.478043e-04
7.860992e-01	-4.634743e-04
7.861248e-01	-4.785689e-04
7.861504e-01	-4.933192e-04
7.861760e-01	-5.080175e-04
7.862016e-01	-5.230863e-04
7.862272e-01	-5.373447e-04
7.862528e-01	-5.517498e-04
7.862784e-01	-5.662863e-04
7.863040e-01	-5.806913e-04
7.863296e-01	-5.940802e-04
7.863552e-01	-6.077640e-04
7.863808e-01	-6.216533e-04
7.864064e-01	-6.350435e-04
7.864320e-01	-6.479964e-04
7.864576e-01	-6.618148e-04
7.864832e-01	-6.744007e-04
7.865088e-01	-6.872542e-04
7.865344e-01	-6.996578e-04
7.865600e-01	-7.121958e-04
7.865856e-01	-7.245380e-04
7.866112e-01	-7.368719e-04
7.866368e-01	-7.484846e-04
7.866624e-01	-7.598715e-04
7.866880e-01	-7.715526e-04
7.867136e-01	-7.830760e-04
7.867392e-01	-7.937095e-04
7.867648e-01	-8.051741e-04
7.867904e-01	-8.151919e-04
7.868160e-01	-8.259712e-04
7.868416e-01	-8.360032e-04
7.868672e-01	-8.459623e-04
7.868928e-01	-8.553630e-04
7.869184e-01	-8.649035e-04
7.869440e-01	-8.739534e-04
7.869696e-01	-8.831186e-04
7.869952e-01	-8.918383e-04
7.870208e-01	-9.003118e-04
7.870464e-01	-9.089204e-04
7.870720e-01	-9.169981e-04
7.870976e-01	-9.243808e-04
7.871232e-01	-9.321009e-04
7.871488e-01	-9.390474e-04
7.871744e-01	-9.462392e-04
7.872000e-01	-9.530347e-04
7.872256e-01	-9.595327e-04
7.872512e-01	-9.656101e-04
7.872768e-01	-9.713238e-04
7.873024e-01	-9.771300e-04
7.873280e-01	-9.831451e-04
7.873536e-01	-9.872082e-04
7.873792e-01	-9.929960e-04
7.874048e-01	-9.972798e-04
7.874304e-01	-1.001195e-03
7.874560e-01	-1.005571e-03
7.874816e-01	-1.009498e-03
7.875072e-01	-1.012802e-03
7.875328e-01	-1.016165e-03
7.875584e-01	-1.018878e-03
7.875840e-01	-1.021946e-03
7.876096e-01	-1.024244e-03
7.876352e-01	-1.026444e-03
7.876608e-01	-1.028365e-03
7.876864e-01	-1.029916e-03
7.877120e-01	-1.031328e-03
7.877376e-01	-1.032239e-03
7.877632e-01	-1.032881e-03
7.877888e-01	-1.033631e-03
7.878144e-01	-1.032817e-03
7.878400e-01	-1.033730e-03
7.878656e-01	-1.033172e-03
7.878912e-01	-1.032282e-03
7.879168e-01	-1.031098e-03
7.879424e-01	-1.030075e-03
7.879680e-01	-1.028377e-03
7.879936e-01	-1.026637e-03
7.880192e-01	-1.024638e-03
7.880448e-01	-1.022506e-03
7.880704e-01	-1.020117e-03
7.880960e-01	-1.016631e-03
7.881216e-01	-1.013856e-03
7.881472e-01	-1.010808e-03
7.881728e-01	-1.006050e-03
7.881984e-01	-1.002972e-03
7.882240e-01	-9.984107e-04
7.882496e-01	-9.944134e-04
7.882752e-01	-9.897160e-04
7.883008e-01	-9.840509e-04
7.883264e-01	-9.787843e-04
7.883520e-01	-9.738397e-04
7.883776e-01	-9.673283e-04
7.884032e-01	-9.617789e-04
7.884288e-01	-9.554990e-04
7.884544e-01	-9.488118e-04
7.884800e-01	-9.423561e-04
7.885056e-01	-9.354582e-04
7.885312e-01	-9.278254e-04
7.885568e-01	-9.202203e-04
7.885824e-01	-9.125714e-04
7.886080e-01	-9.047627e-04
7.886336e-01	-8.961508e-04
7.886592e-01	-8.882440e-04
7.886848e-01	-8.792430e-04
7.887104e-01	-8.707707e-04
7.887360e-01	-8.610965e-04
7.887616e-01	-8.522624e-04
7.887872e-01	-8.425814e-04
7.888128e-01	-8.326793e-04
7.888384e-01	-8.221834e-04
7.888640e-01	-8.121908e-04
7.888896e-01	-8.024618e-04
7.889152e-01	-7.909889e-04
7.889408e-01	-7.806572e-04
7.889664e-01	-7.697049e-04
7.889920e-01	-7.582270e-04
7.890176e-01	-7.473204e-04
7.890432e-01	-7.347818e-04
7.890688e-01	-7.235698e-04
7.890944e-01	-7.116007e-04
7.891200e-01	-6.997821e-04
7.891456e-01	-6.867448e-04
7.891712e-01	-6.746787e-04
7.891968e-01	-6.620747e-04
7.892224e-01	-6.494198e-04
7.892480e-01	-6.362490e-04
7.892736e-01	-6.233975e-04
7.892992e-01	-6.100035e-04
7.893248e-01	-5.965037e-04
7.893504e-01	-5.830751e-04
7.893760e-01	-5.691025e-04
7.894016e-01	-5.554607e-04
7.894272e-01	-5.417355e-04
7.894528e-01	-5.270113e-04
7.894784e-01	-5.134971e-04
7.895040e-01	-4.988223e-04
7.895296e-01	-4.843718e-04
7.895552e-01	-4.698473e-04
7.895808e-01	-4.553653e-04
7.896064e-01	-4.401178e-04
7.896320e-01	-4.252466e-04
7.896576e-01	-4.097671e-04
7.896832e-01	-3.954269e-04
7.897088e-01	-3.800358e-04
7.897344e-01	-3.644451e-04
7.897600e-01	-3.492015e-04
7.897856e-01	-3.334795e-04
7.898112e-01	-3.182348e-04
7.898368e-01	-3.026380e-04
7.898624e-01	-2.868286e-04
7.898880e-01	-2.712437e-04
7.899136e-01	-2.548663e-04
7.899392e-01	-2.396212e-04
7.899648e-01	-2.232370e-04
7.899904e-01	-2.077052e-04
7.900160e-01	-1.915970e-04
7.900416e-01	-1.761488e-04
7.900672e-01	-1.595803e-04
7.900928e-01	-1.434150e-04
7.901184e-01	-1.272096e-04
7.901440e-01	-1.109631e-04
7.901696e-01	-9.452374e-05
7.901952e-01	-7.886966e-05
7.902208e-01	-6.252412e-05
7.902464e-01	-4.611515e-05
7.902720e-01	-2.987182e-05
7.902976e-01	-1.343239e-05
7.903232e-01	2.454306e-06
7.903488e-01	1.859363e-05
7.903744e-01	3.515461e-05
7.904000e-01	5.065949e-05
7.904256e-01	6.734754e-05
7.904512e-01	8.322611e-05
7.904768e-01	9.943236e-05
7.905024e-01	1.154087e-04
7.905280e-01	1.311654e-04
7.905536e-01	1.472156e-04
7.905792e-01	1.632436e-04
7.906048e-01	1.787633e-04
7.906304e-01	1.953324e-04
7.906560e-01	2.104513e-04
7.906816e-01	2.263579e-04
7.907072e-01	2.420138e-04
7.907328e-01	2.575863e-04
7.907584e-01	2.731480e-04
7.907840e-01	2.885376e-04
7.908096e-01	3.034594e-04
7.908352e-01	3.196297e-04
7.908608e-01	3.342543e-04
7.908864e-01	3.493063e-04
7.909120e-01	3.643003e-04
7.909376e-01	3.793446e-04
7.909632e-01	3.940906e-04
7.909888e-01	4.089917e-04
7.910144e-01	4.233065e-04
7.910400e-01	4.377051e-04
7.910656e-01	4.518246e-04
7.910912e-01	4.662928e-04
7.911168e-01	4.806894e-04
7.911424e-01	4.943258e-04
7.911680e-01	5.082065e-04
7.911936e-01	5.219882e-04
7.912192e-01	5.352946e-04
7.912448e-01	5.493721e-04
7.912704e-01	5.619457e-04
7.912960e-01	5.758481e-04
7.913216e-01	5.881014e-04
7.913472e-01	6.012833e-04
7.913728e-01	6.142766e-04
7.913984e-01	6.267767e-04
7.914240e-01	6.389556e-04
7.914496e-01	6.513600e-04
7.914752e-01	6.633174e-04
7.915008e-01	6.753425e-04
7.915264e-01	6.866512e-04
7.915520e-01	6.983731e-04
7.915776e-01	7.101891e-04
7.916032e-01	7.213939e-04
7.916288e-01	7.322204e-04
7.916544e-01	7.429597e-04
7.916800e-01	7.537492e-04
7.917056e-01	7.641849e-04
7.917312e-01	7.741021e-04
7.917568e-01	7.846207e-04
7.917824e-01	7.941693e-04
7.918080e-01	8.044876e-04
7.918336e-01	8.134075e-04
7.918592e-01	8.232025e-04
7.918848e-01	8.317073e-04
7.919104e-01	8.409231e-04
7.919360e-01	8.494703e-04
7.919616e-01	8.572769e-04
7.919872e-01	8.654628e-04
7.920128e-01	8.738982e-04
7.920384e-01	8.815837e-04
7.920640e-01	8.891058e-04
7.920896e-01	8.964931e-04
7.921152e-01	9.038516e-04
7.921408e-01	9.099037e-04
7.921664e-01	9.170799e-04
7.921920e-01	9.236087e-04
7.922176e-01	9.297454e-04
7.922432e-01	9.354009e-04
7.922688e-01	9.412137e-04
7.922944e-01	9.465814e-04
7.923200e-01	9.520056e-04
7.923456e-01	9.570347e-04
7.923712e-01	9.621216e-04
7.923968e-01	9.660255e-04
7.924224e-01	9.706893e-04
7.924480e-01	9.748980e-04
7.924736e-01	9.784533e-04
7.924992e-01	9.817233e-04
7.925248e-01	9.854346e-04
7.925504e-01	9.881719e-04
7.925760e-01	9.912010e-04
7.926016e-01	9.940048e-04
7.926272e-01	9.963163e-04
7.926528e-01	9.981032e-04
7.926784e-01	1.000226e-03
7.927040e-01	1.001459e-03
7.927296e-01	1.003321e-03
7.927552e-01	1.004011e-03
7.927808e-01	1.005321e-03
7.928064e-01	1.005639e-03
7.928320e-01	1.005899e-03
7.928576e-01	1.006247e-03
7.928832e-01	1.006142e-03
7.929088e-01	1.005623e-03
7.929344e-01	1.005067e-03
7.929600e-01	1.004310e-03
7.929856e-01	1.003363e-03
7.930112e-01	1.001603e-03
7.930368e-01	1.000452e-03
7.930624e-01	9.979741e-04
7.930880e-01	9.965621e-04
7.931136e-01	9.938432e-04
7.931392e-01	9.909357e-04
7.931648e-01	9.882378e-04
7.931904e-01	9.854687e-04
7.932160e-01	9.818622e-04
7.932416e-01	9.781539e-04
7.932672e-01	9.747477e-04
7.932928e-01	9.707327e-04
7.933184e-01	9.657004e-04
7.933440e-01	9.618828e-04
7.933696e-01	9.566174e-04
7.933952e-01	9.518541e-04
7.934208e-01	9.465895e-04
7.934464e-01	9.410249e-04
7.934720e-01	9.348589e-04
7.934976e-01	9.292066e-04
7.935232e-01	9.223797e-04
7.935488e-01	9.158858e-04
7.935744e-01	9.090557e-04
7.936000e-01	9.022280e-04
7.936256e-01	8.952527e-04
7.936512e-01	8.875555e-04
7.936768e-01	8.802116e-04
7.937024e-01	8.725545e-04
7.937280e-01	8.639225e-04
7.937536e-01	8.560949e-04
7.937792e-01	8.469850e-04
7.938048e-01	8.392302e-04
7.938304e-01	8.294775e-04
7.938560e-01	8.202949e-04
7.938816e-01	8.108430e-04
7.939072e-01	8.013067e-04
7.939328e-01	7.912981e-04
7.939584e-01	7.808941e-04
7.939840e-01	7.709676e-04
7.940096e-01	7.603979e-04
7.940352e-01	7.494231e-04
7.940608e-01	7.387808e-04
7.940864e-01	7.274979e-04
7.941120e-01	7.164458e-04
7.941376e-01	7.047332e-04
7.941632e-01	6.935803e-04
7.941888e-01	6.810234e-04
7.942144e-01	6.693713e-04
7.942400e-01	6.569216e-04
7.942656e-01	6.446331e-04
7.942912e-01	6.321067e-04
7.943168e-01	6.193214e-04
7.943424e-01	6.062691e-04
7.943680e-01	5.935114e-04
7.943936e-01	5.798900e-04
7.944192e-01	5.664600e-04
7.944448e-01	5.531163e-04
7.944704e-01	5.396294e-04
7.944960e-01	5.252614e-04
7.945216e-01	5.118495e-04
7.945472e-01	4.970139e-04
7.945728e-01	4.832462e-04
7.945984e-01	4.685287e-04
7.946240e-01	4.539716e-04
7.946496e-01	4.394676e-04
7.946752e-01	4.245013e-04
7.947008e-01	4.098986e-04
7.947264e-01	3.950788e-04
7.947520e-01	3.794912e-04
7.947776e-01	3.642108e-04
7.948032e-01	3.485430e-04
7.948288e-01	3.337597e-04
7.948544e-01	3.178770e-04
7.948800e-01	3.022037e-04
7.949056e-01	2.860246e-04
7.949312e-01	2.704519e-04
7.949568e-01	2.544295e-04
7.949824e-01	2.384408e-04
7.950080e-01	2.223163e-04
7.950336e-01	2.061671e-04
7.950592e-01	1.898216e-04
7.950848e-01	1.739733e-04
7.951104e-01	1.572768e-04
7.951360e-01	1.411034e-04
7.951616e-01	1.243763e-04
7.951872e-01	1.082821e-04
7.952128e-01	9.125857e-05
7.952384e-01	7.471997e-05
7.952640e-01	5.828014e-05
7.952896e-01	4.158094e-05
7.953152e-01	2.486139e-05
7.953408e-01	8.396175e-06
7.953664e-01	-8.615898e-06
7.953920e-01	-2.461850e-05
7.954176e-01	-4.178470e-05
7.954432e-01	-5.830145e-05
7.954688e-01	-7.522520e-05
7.954944e-01	-9.140682e-05
7.955200e-01	-1.086278e-04
7.955456e-01	-1.253669e-04
7.955712e-01	-1.417872e-04
7.955968e-01	-1.581355e-04
7.956224e-01	-1.746343e-04
7.956480e-01	-1.914118e-04
7.956736e-01	-2.080420e-04
7.956992e-01	-2.238889e-04
7.957248e-01	-2.408748e-04
7.957504e-01	-2.569988e-04
7.957760e-01	-2.730992e-04
7.958016e-01	-2.892783e-04
7.958272e-01	-3.058116e-04
7.958528e-01	-3.212323e-04
7.958784e-01	-3.378446e-04
7.959040e-01	-3.534541e-04
7.959296e-01	-3.691961e-04
7.959552e-01	-3.845811e-04
7.959808e-01	-4.007776e-04
7.960064e-01	-4.161802e-04
7.960320e-01	-4.316722e-04
7.960576e-01	-4.469572e-04
7.960832e-01	-4.616210e-04
7.961088e-01	-4.770981e-04
7.961344e-01	-4.921134e-04
7.961600e-01	-5.065636e-04
7.961856e-01	-5.217370e-04
7.962112e-01	-5.358620e-04
7.962368e-01	-5.507322e-04
7.962624e-01	-5.644510e-04
7.962880e-01	-5.794190e-04
7.963136e-01	-5.930423e-04
7.963392e-01	-6.068808e-04
7.963648e-01	-6.202990e-04
7.963904e-01	-6.338236e-04
7.964160e-01	-6.470374e-04
7.964416e-01	-6.604992e-04
7.964672e-01	-6.733234e-04
7.964928e-01	-6.864902e-04
7.965184e-01	-6.988664e-04
7.965440e-01	-7.108704e-04
7.965696e-01	-7.236712e-04
7.965952e-01	-7.357564e-04
7.966208e-01	-7.473780e-04
7.966464e-01	-7.592839e-04
7.966720e-01	-7.697599e-04
7.966976e-01	-7.821328e-04
7.967232e-01	-7.928238e-04
7.967488e-01	-8.039459e-04
7.967744e-01	-8.145891e-04
7.968000e-01	-8.249591e-04
7.968256e-01	-8.348159e-04
7.968512e-01	-8.448059e-04
7.968768e-01	-8.542812e-04
7.969024e-01	-8.638254e-04
7.969280e-01	-8.730330e-04
7.969536e-01	-8.823367e-04
7.969792e-01	-8.907001e-04
7.970048e-01	-8.993978e-04
7.970304e-01	-9.075528e-04
7.970560e-01	-9.161603e-04
7.970816e-01	-9.233351e-04
7.971072e-01	-9.313002e-04
7.971328e-01	-9.385034e-04
7.971584e-01	-9.453695e-04
7.971840e-01	-9.520429e-04
7.972096e-01	-9.586557e-04
7.972352e-01	-9.651394e-04
7.972608e-01	-9.707861e-04
7.972864e-01	-9.762436e-04
7.973120e-01	-9.821138e-04
7.973376e-01	-9.870551e-04
7.973632e-01	-9.924959e-04
7.973888e-01	-9.964053e-04
7.974144e-01	-1.001465e-03
7.974400e-01	-1.005181e-03
7.974656e-01	-1.009126e-03
7.974912e-01	-1.012733e-03
7.975168e-01	-1.016186e-03
7.975424e-01	-1.018985e-03
7.975680e-01	-1.021546e-03
7.975936e-01	-1.024146e-03
7.976192e-01	-1.026286e-03
7.976448e-01	-1.027637e-03
7.976704e-01	-1.029920e-03
7.976960e-01	-1.030564e-03
7.977216e-01	-1.031830e-03
7.977472e-01	-1.032470e-03
7.977728e-01	-1.033223e-03
7.977984e-01	-1.032933e-03
7.978240e-01	-1.033476e-03
7.978496e-01	-1.032935e-03
7.978752e-01	-1.031893e-03
7.979008e-01	-1.031422e-03
7.979264e-01	-1.030393e-03
7.979520e-01	-1.028435e-03
7.979776e-01	-1.027076e-03
7.980032e-01	-1.024695e-03
7.980288e-01	-1.022469e-03
7.980544e-01	-1.019315e-03
7.980800e-01	-1.017169e-03
7.981056e-01	-1.013971e-03
7.981312e-01	-1.010612e-03
7.981568e-01	-1.007008e-03
7.981824e-01	-1.002837e-03
7.982080e-01	-9.987832e-04
7.982336e-01	-9.945557e-04
7.982592e-01	-9.890590e-04
7.982848e-01	-9.847487e-04
7.983104e-01	-9.791689e-04
7.983360e-01	-9.738634e-04
7.983616e-01	-9.681461e-04
7.983872e-01	-9.623219e-04
7.984128e-01	-9.558399e-04
7.984384e-01	-9.496120e-04
7.984640e-01	-9.426441e-04
7.984896e-01	-9.355263e-04
7.985152e-01	-9.279848e-04
7.985408e-01	-9.210800e-04
7.985664e-01	-9.129640e-04
7.985920e-01	-9.054746e-04
7.986176e-01	-8.970294e-04
7.986432e-01	-8.884793e-04
7.986688e-01	-8.797669e-04
7.986944e-01	-8.715009e-04
7.987200e-01	-8.622897e-04
7.987456e-01	-8.531760e-04
7.987712e-01	-8.428468e-04
7.987968e-01	-8.336966e-04
7.988224e-01	-8.236365e-04
7.988480e-01	-8.129136e-04
7.988736e-01	-8.026712e-04
7.988992e-01	-7.924589e-04
7.989248e-01	-7.815179e-04
7.989504e-01	-7.707491e-04
7.989760e-01	-7.589086e-04
7.990016e-01	-7.483175e-04
7.990272e-01	-7.365841e-04
7.990528e-01	-7.247738e-04
7.990784e-01	-7.129191e-04
7.991040e-01	-7.008530e-04
7.991296e-01	-6.885934e-04
7.991552e-01	-6.761646e-04
7.991808e-01	-6.629895e-04
7.992064e-01	-6.508597e-04
7.992320e-01	-6.377014e-04
7.992576e-01	-6.243837e-04
7.992832e-01	-6.111431e-04
7.993088e-01	-5.981803e-04
7.993344e-01	-5.839810e-04
7.993600e-01	-5.712924e-04
7.993856e-01	-5.569842e-04
7.994112e-01	-5.429419e-04
7.994368e-01	-5.287071e-04
7.994624e-01	-5.147438e-04
7.994880e-01	-5.002298e-04
7.995136e-01	-4.856314e-04
7.995392e-01	-4.710512e-04
7.995648e-01	-4.565514e-04
7.995904e-01	-4.415073e-04
7.996160e-01	-4.271480e-04
7.996416e-01	-4.115171e-04
7.996672e-01	-3.966066e-04
7.996928e-01	-3.814391e-04
7.997184e-01	-3.661085e-04
7.997440e-01	-3.508849e-04
7.997696e-01	-3.355056e-04
7.997952e-01	-3.196277e-04
7.998208e-01	-3.043497e-04
7.998464e-01	-2.881458e-04
7.998720e-01	-2.730100e-04
7.998976e-01	-2.568331e-04
7.999232e-01	-2.413101e-04
7.999488e-01	-2.249569e-04
7.999744e-01	-2.095855e-04
8.000000e-01	-1.933860e-04
8.000256e-01	-1.772807e-04
8.000512e-01	-1.611929e-04
8.000768e-01	-1.449483e-04
8.001024e-01	-1.287219e-04
8.001280e-01	-1.129704e-04
8.001536e-01	-9.643710e-05
8.001792e-01	-8.037597e-05
8.002048e-01	-6.389306e-05
8.002304e-01	-4.797366e-05
8.002560e-01	-3.147766e-05
8.002816e-01	-1.548816e-05
8.003072e-01	8.759399e-07
8.003328e-01	1.691138e-05
8.003584e-01	3.357537e-05
8.003840e-01	4.915156e-05
8.004096e-01	6.557822e-05
8.004352e-01	8.170071e-05
8.004608e-01	9.797566e-05
8.004864e-01	1.134220e-04
8.005120e-01	1.299131e-04
8.005376e-01	1.455058e-04
8.005632e-01	1.617963e-04
8.005888e-01	1.776039e-04
8.006144e-01	1.928163e-04
8.006400e-01	2.090833e-04
8.006656e-01	2.248687e-04
8.006912e-01	2.399939e-04
8.007168e-01	2.565127e-04
8.007424e-01	2.711886e-04
8.007680e-01	2.871009e-04
8.007936e-01	3.022834e-04
8.008192e-01	3.177997e-04
8.008448e-01	3.326774e-04
8.008704e-01	3.477246e-04
8.008960e-01	3.627485e-04
8.009216e-01	3.781030e-04
8.009472e-01	3.920830e-04
8.009728e-01	4.072768e-04
8.009984e-01	4.218837e-04
8.010240e-01	4.361002e-04
8.010496e-01	4.507158e-04
8.010752e-01	4.648404e-04
8.011008e-01	4.787750e-04
8.011264e-01	4.929148e-04
8.011520e-01	5.070090e-04
8.011776e-01	5.209710e-04
8.012032e-01	5.334333e-04
8.012288e-01	5.481105e-04
8.012544e-01	5.608154e-04
8.012800e-01	5.743336e-04
8.013056e-01	5.872503e-04
8.013312e-01	6.003508e-04
8.013568e-01	6.123983e-04
8.013824e-01	6.256250e-04
8.014080e-01	6.378547e-04
8.014336e-01	6.499663e-04
8.014592e-01	6.623236e-04
8.014848e-01	6.741004e-04
8.015104e-01	6.860278e-04
8.015360e-01	6.976020e-04
8.015616e-01	7.086003e-04
8.015872e-01	7.200541e-04
8.016128e-01	7.309359e-04
8.016384e-01	7.419088e-04
8.016640e-01	7.524515e-04
8.016896e-01	7.632464e-04
8.017152e-01	7.731009e-04
8.017408e-01	7.840112e-04
8.017664e-01	7.930288e-04
8.017920e-01	8.033991e-04
8.018176e-01	8.125391e-04
8.018432e-01	8.222339e-04
8.018688e-01	8.306872e-04
8.018944e-01	8.396592e-04
8.019200e-01	8.485156e-04
8.019456e-01	8.566906e-04
8.019712e-01	8.652855e-04
8.019968e-01	8.732614e-04
8.020224e-01	8.807608e-04
8.020480e-01	8.886444e-04
8.020736e-01	8.957554e-04
8.020992e-01	9.033395e-04
8.021248e-01	9.096958e-04
8.021504e-01	9.166303e-04
8.021760e-01	9.228325e-04
8.022016e-01	9.292666e-04
8.022272e-01	9.345333e-04
8.022528e-01	9.412537e-04
8.022784e-01	9.461341e-04
8.023040e-01	9.515980e-04
8.023296e-01	9.566994e-04
8.023552e-01	9.612401e-04
8.023808e-01	9.661485e-04
8.024064e-01	9.701760e-04
8.024320e-01	9.740265e-04
8.024576e-01	9.782348e-04
8.024832e-01	9.814056e-04
8.025088e-01	9.850025e-04
8.025344e-01	9.879565e-04
8.025600e-01	9.909202e-04
8.025856e-01	9.933744e-04
8.026112e-01	9.963894e-04
8.026368e-01	9.978629e-04
8.026624e-01	1.000714e-03
8.026880e-01	1.001457e-03
8.027136e-01	1.003190e-03
8.027392e-01	1.004487e-03
8.027648e-01	1.005141e-03
8.027904e-01	1.005500e-03
8.028160e-01	1.005715e-03
8.028416e-01	1.005665e-03
8.028672e-01	1.006414e-03
8.028928e-01	1.005570e-03
8.029184e-01	1.005115e-03
8.029440e-01	1.003886e-03
8.029696e-01	1.003112e-03
8.029952e-01	1.001478e-03
8.030208e-01	1.000062e-03
8.030464e-01	9.983105e-04
8.030720e-01	9.962205e-04
8.030976e-01	9.938622e-04
8.031232e-01	9.916689e-04
8.031488e-01	9.880628e-04
8.031744e-01	9.854771e-04
8.032000e-01	9.815391e-04
8.032256e-01	9.783603e-04
8.032512e-01	9.748272e-04
8.032768e-01	9.703420e-04
8.033024e-01	9.661738e-04
8.033280e-01	9.618940e-04
8.033536e-01	9.568972e-04
8.033792e-01	9.522007e-04
8.034048e-01	9.464228e-04
8.034304e-01	9.411372e-04
8.034560e-01	9.349959e-04
8.034816e-01	9.297060e-04
8.035072e-01	9.229318e-04
8.035328e-01	9.170130e-04
8.035584e-01	9.095632e-04
8.035840e-01	9.033021e-04
8.036096e-01	8.958185e-04
8.036352e-01	8.884955e-04
8.036608e-01	8.809129e-04
8.036864e-01	8.729642e-04
8.037120e-01	8.650421e-04
8.037376e-01	8.567997e-04
8.037632e-01	8.480372e-04
8.037888e-01	8.394142e-04
8.038144e-01	8.299191e-04
8.038400e-01	8.212309e-04
8.038656e-01	8.114551e-04
8.038912e-01	8.022162e-04
8.039168e-01	7.921812e-04
8.039424e-01	7.820228e-04
8.039680e-01	7.717971e-04
8.039936e-01	7.615941e-04
8.040192e-01	7.505241e-04
8.040448e-01	7.399623e-04
8.040704e-01	7.286147e-04
8.040960e-01	7.179536e-04
8.041216e-01	7.058795e-04
8.041472e-01	6.942987e-04
8.041728e-01	6.821624e-04
8.041984e-01	6.709315e-04
8.042240e-01	6.576751e-04
8.042496e-01	6.458283e-04
8.042752e-01	6.334987e-04
8.043008e-01	6.206783e-04
8.043264e-01	6.079142e-04
8.043520e-01	5.946906e-04
8.043776e-01	5.814113e-04
8.044032e-01	5.682504e-04
8.044288e-01	5.542005e-04
8.044544e-01	5.411475e-04
8.044800e-01	5.267833e-04
8.045056e-01	5.129582e-04
8.045312e-01	4.981752e-04
8.045568e-01	4.847240e-04
8.045824e-01	4.701774e-04
8.046080e-01	4.556150e-04
8.046336e-01	4.407961e-04
8.046592e-01	4.259251e-04
8.046848e-01	4.112077e-04
8.047104e-01	3.962264e-04
8.047360e-01	3.805709e-04
8.047616e-01	3.659669e-04
8.047872e-01	3.498356e-04
8.048128e-01	3.349293e-04
8.048384e-01	3.189201e-04
8.048640e-01	3.035711e-04
8.048896e-01	2.876511e-04
8.049152e-01	2.718841e-04
8.049408e-01	2.559003e-04
8.049664e-01	2.401167e-04
8.049920e-01	2.237526e-04
8.050176e-01	2.077813e-04
8.050432e-01	1.913132e-04
8.050688e-01	1.752406e-04
8.050944e-01	1.587445e-04
8.051200e-01	1.425346e-04
8.051456e-01	1.256000e-04
8.051712e-01	1.099016e-04
8.051968e-01	9.271912e-05
8.052224e-01	7.674281e-05
8.052480e-01	5.995737e-05
8.052736e-01	4.320335e-05
8.052992e-01	2.684122e-05
8.053248e-01	9.711492e-06
8.053504e-01	-6.982370e-06
8.053760e-01	-2.309786e-05
8.054016e-01	-4.106514e-05
8.054272e-01	-5.669439e-05
8.054528e-01	-7.392588e-05
8.054784e-01	-8.987255e-05
8.055040e-01	-1.068964e-04
8.055296e-01	-1.239066e-04
8.055552e-01	-1.403146e-04
8.055808e-01	-1.564439e-04
8.056064e-01	-1.732504e-04
8.056320e-01	-1.898081e-04
8.056576e-01	-2.064993e-04
8.056832e-01	-2.223976e-04
8.057088e-01	-2.390408e-04
8.057344e-01	-2.551073e-04
8.057600e-01	-2.715513e-04
8.057856e-01	-2.876711e-04
8.058112e-01	-3.040946e-04
8.058368e-01	-3.199641e-04
8.058624e-01	-3.361957e-04
8.058880e-01	-3.516653e-04
8.059136e-01	-3.679258e-04
8.059392e-01	-3.832634e-04
8.059648e-01	-3.992312e-04
8.059904e-01	-4.140137e-04
8.060160e-01	-4.302590e-04
8.060416e-01	-4.452333e-04
8.060672e-01	-4.605662e-04
8.060928e-01	-4.755001e-04
8.061184e-01	-4.905358e-04
8.061440e-01	-5.051444e-04
8.061696e-01	-5.203108e-04
8.061952e-01	-5.344656e-04
8.062208e-01	-5.490057e-04
8.062464e-01	-5.631319e-04
8.062720e-01	-5.775869e-04
8.062976e-01	-5.913219e-04
8.063232e-01	-6.053206e-04
8.063488e-01	-6.191064e-04
8.063744e-01	-6.327484e-04
8.064000e-01	-6.455967e-04
8.064256e-01	-6.592232e-04
8.064512e-01	-6.719960e-04
8.064768e-01	-6.850913e-04
8.065024e-01	-6.972275e-04
8.065280e-01	-7.106137e-04
8.065536e-01	-7.221398e-04
8.065792e-01	-7.344811e-04
8.066048e-01	-7.460710e-04
8.066304e-01	-7.578410e-04
8.066560e-01	-7.691868e-04
8.066816e-01	-7.808023e-04
8.067072e-01	-7.913747e-04
8.067328e-01	-8.025676e-04
8.067584e-01	-8.128563e-04
8.067840e-01	-8.232789e-04
8.068096e-01	-8.336329e-04
8.068352e-01	-8.439096e-04
8.068608e-01	-8.532387e-04
8.068864e-01	-8.632054e-04
8.069120e-01	-8.718832e-04
8.069376e-01	-8.815296e-04
8.069632e-01	-8.898764e-04
8.069888e-01	-8.986882e-04
8.070144e-01	-9.070365e-04
8.070400e-01	-9.146324e-04
8.070656e-01	-9.225047e-04
8.070912e-01	-9.304802e-04
8.071168e-01	-9.377979e-04
8.071424e-01	-9.448635e-04
8.071680e-01	-9.509271e-04
8.071936e-01	-9.584941e-04
8.072192e-01	-9.637810e-04
8.072448e-01	-9.706224e-04
8.072704e-01	-9.760977e-04
8.072960e-01	-9.822383e-04
8.073216e-01	-9.867233e-04
8.073472e-01	-9.916975e-04
8.073728e-01	-9.962848e-04
8.073984e-01	-1.000746e-03
8.074240e-01	-1.004920e-03
8.074496e-01	-1.008567e-03
8.074752e-01	-1.012270e-03
8.075008e-01	-1.015510e-03
8.075264e-01	-1.018495e-03
8.075520e-01	-1.021806e-03
8.075776e-01	-1.023176e-03
8.076032e-01	-1.026093e-03
8.076288e-01	-1.027469e-03
8.076544e-01	-1.029629e-03
8.076800e-01	-1.030420e-03
8.077056e-01	-1.031755e-03
8.077312e-01	-1.032543e-03
8.077568e-01	-1.032685e-03
8.077824e-01	-1.033145e-03
8.078080e-01	-1.033180e-03
8.078336e-01	-1.032691e-03
8.078592e-01	-1.032720e-03
8.078848e-01	-1.030701e-03
8.079104e-01	-1.030803e-03
8.079360e-01	-1.028553e-03
8.079616e-01	-1.027190e-03
8.079872e-01	-1.025347e-03
8.080128e-01	-1.022819e-03
8.080384e-01	-1.020051e-03
8.080640e-01	-1.017538e-03
8.080896e-01	-1.014411e-03
8.081152e-01	-1.010910e-03
8.081408e-01	-1.007362e-03
8.081664e-01	-1.003772e-03
8.081920e-01	-9.987894e-04
8.082176e-01	-9.952260e-04
8.082432e-01	-9.897866e-04
8.082688e-01	-9.852956e-04
8.082944e-01	-9.797284e-04
8.083200e-01	-9.746153e-04
8.083456e-01	-9.686397e-04
8.083712e-01	-9.628912e-04
8.083968e-01	-9.566246e-04
8.084224e-01	-9.504294e-04
8.084480e-01	-9.432058e-04
8.084736e-01	-9.366967e-04
8.084992e-01	-9.292609e-04
8.085248e-01	-9.223507e-04
8.085504e-01	-9.144060e-04
8.085760e-01	-9.063844e-04
8.086016e-01	-8.977878e-04
8.086272e-01	-8.898505e-04
8.086528e-01	-8.805865e-04
8.086784e-01	-8.719790e-04
8.087040e-01	-8.628072e-04
8.087296e-01	-8.536830e-04
8.087552e-01	-8.440578e-04
8.087808e-01	-8.346633e-04
8.088064e-01	-8.244673e-04
8.088320e-01	-8.147301e-04
8.088576e-01	-8.037002e-04
8.088832e-01	-7.937377e-04
8.089088e-01	-7.827803e-04
8.089344e-01	-7.719604e-04
8.089600e-01	-7.604792e-04
8.089856e-01	-7.493605e-04
8.090112e-01	-7.376226e-04
8.090368e-01	-7.263809e-04
8.090624e-01	-7.137645e-04
8.090880e-01	-7.022975e-04
8.091136e-01	-6.895266e-04
8.091392e-01	-6.776828e-04
8.091648e-01	-6.648521e-04
8.091904e-01	-6.517937e-04
8.092160e-01	-6.386262e-04
8.092416e-01	-6.263265e-04
8.092672e-01	-6.127179e-04
8.092928e-01	-5.994580e-04
8.093184e-01	-5.856307e-04
8.093440e-01	-5.725930e-04
8.093696e-01	-5.581701e-04
8.093952e-01	-5.443166e-04
8.094208e-01	-5.303945e-04
8.094464e-01	-5.160934e-04
8.094720e-01	-5.015337e-04
8.094976e-01	-4.878344e-04
8.095232e-01	-4.725311e-04
8.095488e-01	-4.581038e-04
8.095744e-01	-4.430015e-04
8.096000e-01	-4.286084e-04
8.096256e-01	-4.131232e-04
8.096512e-01	-3.980789e-04
8.096768e-01	-3.827328e-04
8.097024e-01	-3.678303e-04
8.097280e-01	-3.521568e-04
8.097536e-01	-3.370591e-04
8.097792e-01	-3.207220e-04
8.098048e-01	-3.058265e-04
8.098304e-01	-2.895718e-04
8.098560e-01	-2.742519e-04
8.098816e-01	-2.584959e-04
8.099072e-01	-2.422246e-04
8.099328e-01	-2.264662e-04
8.099584e-01	-2.110177e-04
8.099840e-01	-1.943171e-04
8.100096e-01	-1.790210e-04
8.100352e-01	-1.622123e-04
8.100608e-01	-1.469385e-04
8.100864e-01	-1.299365e-04
8.101120e-01	-1.141831e-04
8.101376e-01	-9.811975e-05
8.101632e-01	-8.165885e-05
8.101888e-01	-6.578373e-05
8.102144e-01	-4.961011e-05
8.102400e-01	-3.317828e-05
8.102656e-01	-1.736475e-05
8.102912e-01	-5.100811e-07
8.103168e-01	1.511103e-05
8.103424e-01	3.193957e-05
8.103680e-01	4.769117e-05
8.103936e-01	6.434569e-05
8.104192e-01	7.979241e-05
8.104448e-01	9.646948e-05
8.104704e-01	1.121250e-04
8.104960e-01	1.284040e-04
8.105216e-01	1.440125e-04
8.105472e-01	1.601955e-04
8.105728e-01	1.759726e-04
8.105984e-01	1.918614e-04
8.106240e-01	2.074287e-04
8.106496e-01	2.234353e-04
8.106752e-01	2.388419e-04
8.107008e-01	2.545543e-04
8.107264e-01	2.695638e-04
8.107520e-01	2.855704e-04
8.107776e-01	3.002920e-04
8.108032e-01	3.162867e-04
8.108288e-01	3.310370e-04
8.108544e-01	3.465499e-04
8.108800e-01	3.614800e-04
8.109056e-01	3.766069e-04
8.109312e-01	3.908496e-04
8.109568e-01	4.060943e-04
8.109824e-01	4.200816e-04
8.110080e-01	4.351033e-04
8.110336e-01	4.494494e-04
8.110592e-01	4.633476e-04
8.110848e-01	4.771454e-04
8.111104e-01	4.920223e-04
8.111360e-01	5.055140e-04
8.111616e-01	5.194767e-04
8.111872e-01	5.325080e-04
8.112128e-01	5.465688e-04
8.112384e-01	5.596220e-04
8.112640e-01	5.732765e-04
8.112896e-01	5.858929e-04
8.113152e-01	5.991705e-04
8.113408e-01	6.117942e-04
8.113664e-01	6.245387e-04
8.113920e-01	6.360450e-04
8.114176e-01	6.489539e-04
8.114432e-01	6.607753e-04
8.114688e-01	6.730966e-04
8.114944e-01	6.847544e-04
8.115200e-01	6.961148e-04
8.115456e-01	7.075850e-04
8.115712e-01	7.192771e-04
8.115968e-01	7.298767e-04
8.116224e-01	7.414490e-04
8.116480e-01	7.513327e-04
8.116736e-01	7.625055e-04
8.116992e-01	7.726331e-04
8.117248e-01	7.828874e-04
8.117504e-01	7.918204e-04
8.117760e-01	8.025696e-04
8.118016e-01	8.119350e-04
8.118272e-01	8.210253e-04
8.118528e-01	8.300373e-04
8.118784e-01	8.390514e-04
8.119040e-01	8.474098e-04
8.119296e-01	8.563155e-04
8.119552e-01	8.641210e-04
8.119808e-01	8.723928e-04
8.120064e-01	8.796330e-04
8.120320e-01	8.879650e-04
8.120576e-01	8.948024e-04
8.120832e-01	9.021627e-04
8.121088e-01	9.088459e-04
8.121344e-01	9.161410e-04
8.121600e-01	9.221446e-04
8.121856e-01	9.286078e-04
8.122112e-01	9.343929e-04
8.122368e-01	9.405190e-04
8.122624e-01	9.455716e-04
8.122880e-01	9.512853e-04
8.123136e-01	9.557855e-04
8.123392e-01	9.609127e-04
8.123648e-01	9.652288e-04
8.123904e-01	9.698004e-04
8.124160e-01	9.734574e-04
8.124416e-01	9.777490e-04
8.124672e-01	9.810015e-04
8.124928e-01	9.847264e-04
8.125184e-01	9.876568e-04
8.125440e-01	9.911100e-04
8.125696e-01	9.929991e-04
8.125952e-01	9.956078e-04
8.126208e-01	9.975667e-04
8.126464e-01	1.000232e-03
8.126720e-01	1.000842e-03
8.126976e-01	1.002720e-03
8.127232e-01	1.003578e-03
8.127488e-01	1.004885e-03
8.127744e-01	1.005150e-03
8.128000e-01	1.005846e-03
8.128256e-01	1.005870e-03
8.128512e-01	1.005779e-03
8.128768e-01	1.005266e-03
8.129024e-01	1.005054e-03
8.129280e-01	1.003870e-03
8.129536e-01	1.003518e-03
8.129792e-01	1.002053e-03
8.130048e-01	1.000443e-03
8.130304e-01	9.981847e-04
8.130560e-01	9.969991e-04
8.130816e-01	9.937913e-04
8.131072e-01	9.919138e-04
8.131328e-01	9.885742e-04
8.131584e-01	9.861140e-04
8.131840e-01	9.821824e-04
8.132096e-01	9.791654e-04
8.132352e-01	9.753752e-04
8.132608e-01	9.711843e-04
8.132864e-01	9.667024e-04
8.133120e-01	9.627625e-04
8.133376e-01	9.574873e-04
8.133632e-01	9.529838e-04
8.133888e-01	9.472713e-04
8.134144e-01	9.421643e-04
8.134400e-01	9.361067e-04
8.134656e-01	9.300606e-04
8.134912e-01	9.237207e-04
8.135168e-01	9.177367e-04
8.135424e-01	9.103799e-04
8.135680e-01	9.040093e-04
8.135936e-01	8.964684e-04
8.136192e-01	8.896303e-04
8.136448e-01	8.812060e-04
8.136704e-01	8.737954e-04
8.136960e-01	8.654596e-04
8.137216e-01	8.575990e-04
8.137472e-01	8.489239e-04
8.137728e-01	8.404650e-04
8.137984e-01	8.306723e-04
8.138240e-01	8.223681e-04
8.138496e-01	8.124965e-04
8.138752e-01	8.030655e-04
8.139008e-01	7.929110e-04
8.139264e-01	7.832326e-04
8.139520e-01	7.728082e-04
8.139776e-01	7.626960e-04
8.140032e-01	7.514743e-04
8.140288e-01	7.412660e-04
8.140544e-01	7.298645e-04
8.140800e-01	7.187452e-04
8.141056e-01	7.070706e-04
8.141312e-01	6.962559e-04
8.141568e-01	6.834103e-04
8.141824e-01	6.718917e-04
8.142080e-01	6.595119e-04
8.142336e-01	6.474695e-04
8.142592e-01	6.346476e-04
8.142848e-01	6.217159e-04
8.143104e-01	6.089204e-04
8.143360e-01	5.964274e-04
8.143616e-01	5.827204e-04
8.143872e-01	5.702366e-04
8.144128e-01	5.553050e-04
8.144384e-01	5.423445e-04
8.144640e-01	5.281487e-04
8.144896e-01	5.145161e-04
8.145152e-01	5.002836e-04
8.145408e-01	4.857682e-04
8.145664e-01	4.716914e-04
8.145920e-01	4.575000e-04
8.146176e-01	4.416646e-04
8.146432e-01	4.281479e-04
8.146688e-01	4.121643e-04
8.146944e-01	3.973239e-04
8.147200e-01	3.820985e-04
8.147456e-01	3.671419e-04
8.147712e-01	3.516908e-04
8.147968e-01	3.365675e-04
8.148224e-01	3.205261e-04
8.148480e-01	3.055161e-04
8.148736e-01	2.888365e-04
8.148992e-01	2.735374e-04
8.149248e-01	2.574042e-04
8.149504e-01	2.413482e-04
8.149760e-01	2.250599e-04
8.150016e-01	2.094995e-04
8.150272e-01	1.927825e-04
8.150528e-01	1.769806e-04
8.150784e-01	1.600497e-04
8.151040e-01	1.443152e-04
8.151296e-01	1.273904e-04
8.151552e-01	1.114206e-04
8.151808e-01	9.422042e-05
8.152064e-01	7.832720e-05
8.152320e-01	6.129940e-05
8.152576e-01	4.489552e-05
8.152832e-01	2.809663e-05
8.153088e-01	1.180618e-05
8.153344e-01	-5.118529e-06
8.153600e-01	-2.178847e-05
8.153856e-01	-3.841096e-05
8.154112e-01	-5.469583e-05
8.154368e-01	-7.238866e-05
8.154624e-01	-8.803995e-05
8.154880e-01	-1.054412e-04
8.155136e-01	-1.216933e-04
8.155392e-01	-1.388596e-04
8.155648e-01	-1.549555e-04
8.155904e-01	-1.717871e-04
8.156160e-01	-1.880195e-04
8.156416e-01	-2.051192e-04
8.156672e-01	-2.209178e-04
8.156928e-01	-2.376611e-04
8.157184e-01	-2.536856e-04
8.157440e-01	-2.703999e-04
8.157696e-01	-2.864219e-04
8.157952e-01	-3.026978e-04
8.158208e-01	-3.178388e-04
8.158464e-01	-3.349280e-04
8.158720e-01	-3.501864e-04
8.158976e-01	-3.664882e-04
8.159232e-01	-3.819246e-04
8.159488e-01	-3.975687e-04
8.159744e-01	-4.127072e-04
8.160000e-01	-4.287658e-04
8.160256e-01	-4.439949e-04
8.160512e-01	-4.593744e-04
8.160768e-01	-4.737905e-04
8.161024e-01	-4.894499e-04
8.161280e-01	-5.038044e-04
8.161536e-01	-5.189448e-04
8.161792e-01	-5.330197e-04
8.162048e-01	-5.481573e-04
8.162304e-01	-5.615731e-04
8.162560e-01	-5.763962e-04
8.162816e-01	-5.901886e-04
8.163072e-01	-6.037344e-04
8.163328e-01	-6.171246e-04
8.163584e-01	-6.314323e-04
8.163840e-01	-6.438381e-04
8.164096e-01	-6.579245e-04
8.164352e-01	-6.708794e-04
8.164608e-01	-6.838010e-04
8.164864e-01	-6.960978e-04
8.165120e-01	-7.093693e-04
8.165376e-01	-7.207831e-04
8.165632e-01	-7.334967e-04
8.165888e-01	-7.448682e-04
8.166144e-01	-7.565868e-04
8.166400e-01	-7.683882e-04
8.166656e-01	-7.799588e-04
8.166912e-01	-7.905471e-04
8.167168e-01	-8.018380e-04
8.167424e-01	-8.117733e-04
8.167680e-01	-8.235287e-04
8.167936e-01	-8.327047e-04
8.168192e-01	-8.429154e-04
8.168448e-01	-8.522057e-04
8.168704e-01	-8.623251e-04
8.168960e-01	-8.711594e-04
8.169216e-01	-8.807742e-04
8.169472e-01	-8.891306e-04
8.169728e-01	-8.982747e-04
8.169984e-01	-9.058936e-04
8.170240e-01	-9.143904e-04
8.170496e-01	-9.222052e-04
8.170752e-01	-9.300432e-04
8.171008e-01	-9.369623e-04
8.171264e-01	-9.445585e-04
8.171520e-01	-9.509401e-04
8.171776e-01	-9.577288e-04
8.172032e-01	-9.639152e-04
8.172288e-01	-9.704294e-04
8.172544e-01	-9.754888e-04
8.172800e-01	-9.815441e-04
8.173056e-01	-9.860524e-04
8.173312e-01	-9.919879e-04
8.173568e-01	-9.958098e-04
8.173824e-01	-1.000563e-03
8.174080e-01	-1.004184e-03
8.174336e-01	-1.008690e-03
8.174592e-01	-1.011933e-03
8.174848e-01	-1.015742e-03
8.175104e-01	-1.018176e-03
8.175360e-01	-1.021663e-03
8.175616e-01	-1.023122e-03
8.175872e-01	-1.025942e-03
8.176128e-01	-1.027581e-03
8.176384e-01	-1.029015e-03
8.176640e-01	-1.030661e-03
8.176896e-01	-1.032175e-03
8.177152e-01	-1.032689e-03
8.177408e-01	-1.033679e-03
8.177664e-01	-1.033470e-03
8.177920e-01	-1.034075e-03
8.178176e-01	-1.032519e-03
8.178432e-01	-1.033132e-03
8.178688e-01	-1.031862e-03
8.178944e-01	-1.031014e-03
8.179200e-01	-1.028588e-03
8.179456e-01	-1.027414e-03
8.179712e-01	-1.025588e-03
8.179968e-01	-1.023533e-03
8.180224e-01	-1.020575e-03
8.180480e-01	-1.018266e-03
8.180736e-01	-1.014515e-03
8.180992e-01	-1.012079e-03
8.181248e-01	-1.007614e-03
8.181504e-01	-1.004100e-03
8.181760e-01	-9.995541e-04
8.182016e-01	-9.956605e-04
8.182272e-01	-9.905219e-04
8.182528e-01	-9.860552e-04
8.182784e-01	-9.804696e-04
8.183040e-01	-9.754408e-04
8.183296e-01	-9.687855e-04
8.183552e-01	-9.638352e-04
8.183808e-01	-9.569688e-04
8.184064e-01	-9.509639e-04
8.184320e-01	-9.440788e-04
8.184576e-01	-9.377112e-04
8.184832e-01	-9.301878e-04
8.185088e-01	-9.229273e-04
8.185344e-01	-9.145503e-04
8.185600e-01	-9.073221e-04
8.185856e-01	-8.987047e-04
8.186112e-01	-8.906627e-04
8.186368e-01	-8.818175e-04
8.186624e-01	-8.734337e-04
8.186880e-01	-8.637270e-04
8.187136e-01	-8.548202e-04
8.187392e-01	-8.447552e-04
8.187648e-01	-8.363149e-04
8.187904e-01	-8.256826e-04
8.188160e-01	-8.157689e-04
8.188416e-01	-8.046488e-04
8.188672e-01	-7.948094e-04
8.188928e-01	-7.836663e-04
8.189184e-01	-7.731171e-04
8.189440e-01	-7.613478e-04
8.189696e-01	-7.506716e-04
8.189952e-01	-7.389504e-04
8.190208e-01	-7.273505e-04
8.190464e-01	-7.149659e-04
8.190720e-01	-7.036728e-04
8.190976e-01	-6.900626e-04
8.191232e-01	-6.788658e-04
8.191488e-01	-6.658101e-04
8.191744e-01	-6.531827e-04
8.192000e-01	-6.400579e-04
8.192256e-01	-6.274738e-04
8.192512e-01	-6.135624e-04
8.192768e-01	-6.009637e-04
8.193024e-01	-5.863762e-04
8.193280e-01	-5.730888e-04
8.193536e-01	-5.595300e-04
8.193792e-01	-5.458572e-04
8.194048e-01	-5.309063e-04
8.194304e-01	-5.172021e-04
8.194560e-01	-5.028577e-04
8.194816e-01	-4.881035e-04
8.195072e-01	-4.732154e-04
8.195328e-01	-4.597126e-04
8.195584e-01	-4.440005e-04
8.195840e-01	-4.300061e-04
8.196096e-01	-4.140916e-04
8.196352e-01	-4.000776e-04
8.196608e-01	-3.836336e-04
8.196864e-01	-3.693404e-04
8.197120e-01	-3.532098e-04
8.197376e-01	-3.384029e-04
8.197632e-01	-3.226247e-04
8.197888e-01	-3.068264e-04
8.198144e-01	-2.915108e-04
8.198400e-01	-2.756036e-04
8.198656e-01	-2.595669e-04
8.198912e-01	-2.445309e-04
8.199168e-01	-2.276201e-04
8.199424e-01	-2.124774e-04
8.199680e-01	-1.957487e-04
8.199936e-01	-1.804350e-04
8.200192e-01	-1.640269e-04
8.200448e-01	-1.484338e-04
8.200704e-01	-1.313245e-04
8.200960e-01	-1.161057e-04
8.201216e-01	-9.897721e-05
8.201472e-01	-8.341509e-05
8.201728e-01	-6.664434e-05
8.201984e-01	-5.101534e-05
8.202240e-01	-3.460420e-05
8.202496e-01	-1.853225e-05
8.202752e-01	-1.876936e-06
8.203008e-01	1.341728e-05
8.203264e-01	3.032171e-05
8.203520e-01	4.601566e-05
8.203776e-01	6.268734e-05
8.204032e-01	7.861850e-05
8.204288e-01	9.532408e-05
8.204544e-01	1.102175e-04
8.204800e-01	1.269619e-04
8.205056e-01	1.424276e-04
8.205312e-01	1.587682e-04
8.205568e-01	1.740626e-04
8.205824e-01	1.907221e-04
8.206080e-01	2.058400e-04
8.206336e-01	2.223200e-04
8.206592e-01	2.372431e-04
8.206848e-01	2.534082e-04
8.207104e-01	2.683081e-04
8.207360e-01	2.841235e-04
8.207616e-01	2.993385e-04
8.207872e-01	3.153934e-04
8.208128e-01	3.294525e-04
8.208384e-01	3.452750e-04
8.208640e-01	3.597591e-04
8.208896e-01	3.749735e-04
8.209152e-01	3.895865e-04
8.209408e-01	4.048733e-04
8.209664e-01	4.184684e-04
8.209920e-01	4.339466e-04
8.210176e-01	4.478294e-04
8.210432e-01	4.627404e-04
8.210688e-01	4.760641e-04
8.210944e-01	4.906283e-04
8.211200e-01	5.040654e-04
8.211456e-01	5.181975e-04
8.211712e-01	5.314220e-04
8.211968e-01	5.456521e-04
8.212224e-01	5.583739e-04
8.212480e-01	5.721441e-04
8.212736e-01	5.845998e-04
8.212992e-01	5.980881e-04
8.213248e-01	6.103168e-04
8.213504e-01	6.235027e-04
8.213760e-01	6.353485e-04
8.214016e-01	6.483527e-04
8.214272e-01	6.595092e-04
8.214528e-01	6.725268e-04
8.214784e-01	6.831925e-04
8.215040e-01	6.956949e-04
8.215296e-01	7.065439e-04
8.215552e-01	7.182406e-04
8.215808e-01	7.289277e-04
8.216064e-01	7.400942e-04
8.216320e-01	7.505381e-04
8.216576e-01	7.616923e-04
8.216832e-01	7.715883e-04
8.217088e-01	7.816105e-04
8.217344e-01	7.911064e-04
8.217600e-01	8.018702e-04
8.217856e-01	8.101503e-04
8.218112e-01	8.208191e-04
8.218368e-01	8.284841e-04
8.218624e-01	8.381817e-04
8.218880e-01	8.468287e-04
8.219136e-01	8.555799e-04
8.219392e-01	8.631395e-04
8.219648e-01	8.718996e-04
8.219904e-01	8.788807e-04
8.220160e-01	8.871440e-04
8.220416e-01	8.937697e-04
8.220672e-01	9.019118e-04
8.220928e-01	9.084448e-04
8.221184e-01	9.153111e-04
8.221440e-01	9.217384e-04
8.221696e-01	9.281567e-04
8.221952e-01	9.332901e-04
8.222208e-01	9.400827e-04
8.222464e-01	9.446855e-04
8.222720e-01	9.510641e-04
8.222976e-01	9.555643e-04
8.223232e-01	9.605834e-04
8.223488e-01	9.646632e-04
8.223744e-01	9.701498e-04
8.224000e-01	9.732157e-04
8.224256e-01	9.779789e-04
8.224512e-01	9.807945e-04
8.224768e-01	9.849046e-04
8.225024e-01	9.873235e-04
8.225280e-01	9.909124e-04
8.225536e-01	9.930477e-04
8.225792e-01	9.956518e-04
8.226048e-01	9.975397e-04
8.226304e-01	1.000228e-03
8.226560e-01	1.001015e-03
8.226816e-01	1.003023e-03
8.227072e-01	1.004045e-03
8.227328e-01	1.005225e-03
8.227584e-01	1.005248e-03
8.227840e-01	1.006843e-03
8.228096e-01	1.005710e-03
8.228352e-01	1.006824e-03
8.228608e-01	1.005259e-03
8.228864e-01	1.005683e-03
8.229120e-01	1.004453e-03
8.229376e-01	1.003455e-03
8.229632e-01	1.001911e-03
8.229888e-01	1.000830e-03
8.230144e-01	9.983750e-04
8.230400e-01	9.973425e-04
8.230656e-01	9.938634e-04
8.230912e-01	9.922001e-04
8.231168e-01	9.886788e-04
8.231424e-01	9.864197e-04
8.231680e-01	9.820033e-04
8.231936e-01	9.796125e-04
8.232192e-01	9.754358e-04
8.232448e-01	9.716316e-04
8.232704e-01	9.673082e-04
8.232960e-01	9.627201e-04
8.233216e-01	9.571377e-04
8.233472e-01	9.533431e-04
8.233728e-01	9.475960e-04
8.233984e-01	9.429154e-04
8.234240e-01	9.360255e-04
8.234496e-01	9.309152e-04
8.234752e-01	9.240789e-04
8.235008e-01	9.182993e-04
8.235264e-01	9.108384e-04
8.235520e-01	9.049305e-04
8.235776e-01	8.971193e-04
8.236032e-01	8.904118e-04
8.236288e-01	8.819273e-04
8.236544e-01	8.749251e-04
8.236800e-01	8.662013e-04
8.237056e-01	8.586541e-04
8.237312e-01	8.493114e-04
8.237568e-01	8.414078e-04
8.237824e-01	8.317113e-04
8.238080e-01	8.230361e-04
8.238336e-01	8.130104e-04
8.238592e-01	8.043050e-04
8.238848e-01	7.936559e-04
8.239104e-01	7.844206e-04
8.239360e-01	7.737185e-04
8.239616e-01	7.639157e-04
8.239872e-01	7.522325e-04
8.240128e-01	7.422978e-04
8.240384e-01	7.306059e-04
8.240640e-01	7.198857e-04
8.240896e-01	7.075259e-04
8.241152e-01	6.966891e-04
8.241408e-01	6.843893e-04
8.241664e-01	6.731743e-04
8.241920e-01	6.603996e-04
8.242176e-01	6.486521e-04
8.242432e-01	6.353062e-04
8.242688e-01	6.236940e-04
8.242944e-01	6.096841e-04
8.243200e-01	5.975493e-04
8.243456e-01	5.835794e-04
8.243712e-01	5.713537e-04
8.243968e-01	5.568506e-04
8.244224e-01	5.439004e-04
8.244480e-01	5.294785e-04
8.244736e-01	5.159195e-04
8.244992e-01	5.011671e-04
8.245248e-01	4.873087e-04
8.245504e-01	4.723161e-04
8.245760e-01	4.588515e-04
8.246016e-01	4.433226e-04
8.246272e-01	4.295814e-04
8.246528e-01	4.136499e-04
8.246784e-01	3.993438e-04
8.247040e-01	3.837256e-04
8.247296e-01	3.691863e-04
8.247552e-01	3.528927e-04
8.247808e-01	3.384647e-04
8.248064e-01	3.217197e-04
8.248320e-01	3.068383e-04
8.248576e-01	2.905678e-04
8.248832e-01	2.749774e-04
8.249088e-01	2.585520e-04
8.249344e-01	2.435349e-04
8.249600e-01	2.265969e-04
8.249856e-01	2.112190e-04
8.250112e-01	1.937639e-04
8.250368e-01	1.789344e-04
8.250624e-01	1.612066e-04
8.250880e-01	1.459252e-04
8.251136e-01	1.289803e-04
8.251392e-01	1.129683e-04
8.251648e-01	9.588001e-05
8.251904e-01	8.010892e-05
8.252160e-01	6.258960e-05
8.252416e-01	4.667219e-05
8.252672e-01	2.970141e-05
8.252928e-01	1.362011e-05
8.253184e-01	-3.923683e-06
8.253440e-01	-1.968267e-05
8.253696e-01	-3.733782e-05
8.253952e-01	-5.348534e-05
8.254208e-01	-7.114323e-05
8.254464e-01	-8.670705e-05
8.254720e-01	-1.040537e-04
8.254976e-01	-1.198007e-04
8.255232e-01	-1.375469e-04
8.255488e-01	-1.534283e-04
8.255744e-01	-1.706083e-04
8.256000e-01	-1.859183e-04
8.256256e-01	-2.037994e-04
8.256512e-01	-2.189903e-04
8.256768e-01	-2.363737e-04
8.257024e-01	-2.522706e-04
8.257280e-01	-2.690879e-04
8.257536e-01	-2.845555e-04
8.257792e-01	-3.017576e-04
8.258048e-01	-3.166629e-04
8.258304e-01	-3.332508e-04
8.258560e-01	-3.486927e-04
8.258816e-01	-3.653637e-04
8.259072e-01	-3.798885e-04
8.259328e-01	-3.967251e-04
8.259584e-01	-4.115158e-04
8.259840e-01	-4.273861e-04
8.260096e-01	-4.422982e-04
8.260352e-01	-4.582804e-04
8.260608e-01	-4.721040e-04
8.260864e-01	-4.885818e-04
8.261120e-01	-5.021621e-04
8.261376e-01	-5.175251e-04
8.261632e-01	-5.318025e-04
8.261888e-01	-5.469833e-04
8.262144e-01	-5.602015e-04
8.262400e-01	-5.754276e-04
8.262656e-01	-5.886549e-04
8.262912e-01	-6.034072e-04
8.263168e-01	-6.158956e-04
8.263424e-01	-6.302341e-04
8.263680e-01	-6.428220e-04
8.263936e-01	-6.573557e-04
8.264192e-01	-6.690854e-04
8.264448e-01	-6.828188e-04
8.264704e-01	-6.947543e-04
8.264960e-01	-7.083075e-04
8.265216e-01	-7.194601e-04
8.265472e-01	-7.321559e-04
8.265728e-01	-7.439093e-04
8.265984e-01	-7.562186e-04
8.266240e-01	-7.666639e-04
8.266496e-01	-7.794180e-04
8.266752e-01	-7.894023e-04
8.267008e-01	-8.011365e-04
8.267264e-01	-8.107195e-04
8.267520e-01	-8.222516e-04
8.267776e-01	-8.317528e-04
8.268032e-01	-8.425190e-04
8.268288e-01	-8.509801e-04
8.268544e-01	-8.617458e-04
8.268800e-01	-8.703871e-04
8.269056e-01	-8.805514e-04
8.269312e-01	-8.880452e-04
8.269568e-01	-8.975861e-04
8.269824e-01	-9.054925e-04
8.270080e-01	-9.138621e-04
8.270336e-01	-9.210380e-04
8.270592e-01	-9.301256e-04
8.270848e-01	-9.359908e-04
8.271104e-01	-9.440497e-04
8.271360e-01	-9.500014e-04
8.271616e-01	-9.572952e-04
8.271872e-01	-9.628665e-04
8.272128e-01	-9.698849e-04
8.272384e-01	-9.744597e-04
8.272640e-01	-9.811894e-04
8.272896e-01	-9.850463e-04
8.273152e-01	-9.911308e-04
8.273408e-01	-9.951191e-04
8.273664e-01	-1.000377e-03
8.273920e-01	-1.003554e-03
8.274176e-01	-1.008360e-03
8.274432e-01	-1.010985e-03
8.274688e-01	-1.015691e-03
8.274944e-01	-1.017491e-03
8.275200e-01	-1.021285e-03
8.275456e-01	-1.023059e-03
8.275712e-01	-1.026261e-03
8.275968e-01	-1.026796e-03
8.276224e-01	-1.029587e-03
8.276480e-01	-1.030049e-03
8.276736e-01	-1.032168e-03
8.276992e-01	-1.032100e-03
8.277248e-01	-1.033711e-03
8.277504e-01	-1.033117e-03
8.277760e-01	-1.033987e-03
8.278016e-01	-1.032569e-03
8.278272e-01	-1.033010e-03
8.278528e-01	-1.031372e-03
8.278784e-01	-1.030794e-03
8.279040e-01	-1.028434e-03
8.279296e-01	-1.028068e-03
8.279552e-01	-1.024877e-03
8.279808e-01	-1.023821e-03
8.280064e-01	-1.019930e-03
8.280320e-01	-1.018641e-03
8.280576e-01	-1.014391e-03
8.280832e-01	-1.012304e-03
8.281088e-01	-1.007697e-03
8.281344e-01	-1.004747e-03
8.281600e-01	-9.995392e-04
8.281856e-01	-9.963051e-04
8.282112e-01	-9.906288e-04
8.282368e-01	-9.864363e-04
8.282624e-01	-9.806027e-04
8.282880e-01	-9.766683e-04
8.283136e-01	-9.693630e-04
8.283392e-01	-9.645633e-04
8.283648e-01	-9.577118e-04
8.283904e-01	-9.521492e-04
8.284160e-01	-9.444044e-04
8.284416e-01	-9.385398e-04
8.284672e-01	-9.300908e-04
8.284928e-01	-9.237190e-04
8.285184e-01	-9.151350e-04
8.285440e-01	-9.082516e-04
8.285696e-01	-8.990493e-04
8.285952e-01	-8.918628e-04
8.286208e-01	-8.817835e-04
8.286464e-01	-8.745072e-04
8.286720e-01	-8.638738e-04
8.286976e-01	-8.558200e-04
8.287232e-01	-8.452413e-04
8.287488e-01	-8.368758e-04
8.287744e-01	-8.258102e-04
8.288000e-01	-8.168721e-04
8.288256e-01	-8.055607e-04
8.288512e-01	-7.954343e-04
8.288768e-01	-7.843813e-04
8.289024e-01	-7.742108e-04
8.289280e-01	-7.620702e-04
8.289536e-01	-7.520687e-04
8.289792e-01	-7.388385e-04
8.290048e-01	-7.290691e-04
8.290304e-01	-7.154341e-04
8.290560e-01	-7.046943e-04
8.290816e-01	-6.914368e-04
8.291072e-01	-6.800193e-04
8.291328e-01	-6.662830e-04
8.291584e-01	-6.548947e-04
8.291840e-01	-6.407985e-04
8.292096e-01	-6.289784e-04
8.292352e-01	-6.145250e-04
8.292608e-01	-6.023660e-04
8.292864e-01	-5.877717e-04
8.293120e-01	-5.752741e-04
8.293376e-01	-5.606229e-04
8.293632e-01	-5.472599e-04
8.293888e-01	-5.321258e-04
8.294144e-01	-5.194191e-04
8.294400e-01	-5.034375e-04
8.294656e-01	-4.905988e-04
8.294912e-01	-4.747560e-04
8.295168e-01	-4.611216e-04
8.295424e-01	-4.454576e-04
8.295680e-01	-4.318513e-04
8.295936e-01	-4.150756e-04
8.296192e-01	-4.017734e-04
8.296448e-01	-3.852503e-04
8.296704e-01	-3.709379e-04
8.296960e-01	-3.542752e-04
8.297216e-01	-3.402512e-04
8.297472e-01	-3.234043e-04
8.297728e-01	-3.089976e-04
8.297984e-01	-2.923076e-04
8.298240e-01	-2.779640e-04
8.298496e-01	-2.604268e-04
8.298752e-01	-2.458136e-04
8.299008e-01	-2.291031e-04
8.299264e-01	-2.140636e-04
8.299520e-01	-1.971711e-04
8.299776e-01	-1.822625e-04
8.300032e-01	-1.648880e-04
8.300288e-01	-1.502649e-04
8.300544e-01	-1.327012e-04
8.300800e-01	-1.180006e-04
8.301056e-01	-1.004685e-04
8.301312e-01	-8.584596e-05
8.301568e-01	-6.771009e-05
8.301824e-01	-5.347271e-05
8.302080e-01	-3.553099e-05
8.302336e-01	-2.083484e-05
8.302592e-01	-3.453102e-06
8.302848e-01	1.189531e-05
8.303104e-01	2.907920e-05
8.303360e-01	4.396732e-05
8.303616e-01	6.133965e-05
8.303872e-01	7.666938e-05
8.304128e-01	9.380792e-05
8.304384e-01	1.084370e-04
8.304640e-01	1.259256e-04
8.304896e-01	1.404547e-04
8.305152e-01	1.582111e-04
8.305408e-01	1.721448e-04
8.305664e-01	1.895181e-04
8.305920e-01	2.036778e-04
8.306176e-01	2.213095e-04
8.306432e-01	2.353374e-04
8.306688e-01	2.520409e-04
8.306944e-01	2.667680e-04
8.307200e-01	2.832394e-04
8.307456e-01	2.969776e-04
8.307712e-01	3.139446e-04
8.307968e-01	3.275308e-04
8.308224e-01	3.440159e-04
8.308480e-01	3.578692e-04
8.308736e-01	3.740547e-04
8.308992e-01	3.876804e-04
8.309248e-01	4.038651e-04
8.309504e-01	4.170025e-04
8.309760e-01	4.328147e-04
8.310016e-01	4.458466e-04
8.310272e-01	4.618898e-04
8.310528e-01	4.740878e-04
8.310784e-01	4.899684e-04
8.311040e-01	5.019874e-04
8.311296e-01	5.176802e-04
8.311552e-01	5.295443e-04
8.311808e-01	5.443142e-04
8.312064e-01	5.566940e-04
8.312320e-01	5.712481e-04
8.312576e-01	5.827708e-04
8.312832e-01	5.968146e-04
8.313088e-01	6.084076e-04
8.313344e-01	6.227879e-04
8.313600e-01	6.332335e-04
8.313856e-01	6.479137e-04
8.314112e-01	6.579498e-04
8.314368e-01	6.713057e-04
8.314624e-01	6.817701e-04
8.314880e-01	6.949261e-04
8.315136e-01	7.047682e-04
8.315392e-01	7.173974e-04
8.315648e-01	7.273553e-04
8.315904e-01	7.397579e-04
8.316160e-01	7.488087e-04
8.316416e-01	7.606809e-04
8.316672e-01	7.699135e-04
8.316928e-01	7.816310e-04
8.317184e-01	7.893241e-04
8.317440e-01	8.011105e-04
8.317696e-01	8.088768e-04
8.317952e-01	8.202093e-04
8.318208e-01	8.271656e-04
8.318464e-01	8.381503e-04
8.318720e-01	8.452925e-04
8.318976e-01	8.551783e-04
8.319232e-01	8.618855e-04
8.319488e-01	8.717025e-04
8.319744e-01	8.782924e-04
8.320000e-01	8.871475e-04
8.320256e-01	8.927297e-04
8.320512e-01	9.015602e-04
8.320768e-01	9.067352e-04
8.321024e-01	9.154160e-04
8.321280e-01	9.203538e-04
8.321536e-01	9.282409e-04
8.321792e-01	9.322888e-04
8.322048e-01	9.401736e-04
8.322304e-01	9.437060e-04
8.322560e-01	9.505113e-04
8.322816e-01	9.539672e-04
8.323072e-01	9.609275e-04
8.323328e-01	9.637451e-04
8.323584e-01	9.700643e-04
8.323840e-01	9.718617e-04
8.324096e-01	9.776583e-04
8.324352e-01	9.800878e-04
8.324608e-01	9.848221e-04
8.324864e-01	9.866339e-04
8.325120e-01	9.914119e-04
8.325376e-01	9.918233e-04
8.325632e-01	9.966133e-04
8.325888e-01	9.963503e-04
8.326144e-01	1.000552e-03
8.326400e-01	1.000296e-03
8.326656e-01	1.003819e-03
8.326912e-01	1.002926e-03
8.327168e-01	1.005668e-03
8.327424e-01	1.004717e-03
8.327680e-01	1.006783e-03
8.327936e-01	1.005380e-03
8.328192e-01	1.007369e-03
8.328448e-01	1.005013e-03
8.328704e-01	1.006188e-03
8.328960e-01	1.003896e-03
8.329216e-01	1.004686e-03
8.329472e-01	1.001478e-03
8.329728e-01	1.002323e-03
8.329984e-01	9.980132e-04
8.330240e-01	9.981731e-04
8.330496e-01	9.939790e-04
8.330752e-01	9.934948e-04
8.331008e-01	9.887352e-04
8.331264e-01	9.876130e-04
8.331520e-01	9.822344e-04
8.331776e-01	9.811330e-04
8.332032e-01	9.750624e-04
8.332288e-01	9.731660e-04
8.332544e-01	9.666584e-04
8.332800e-01	9.644573e-04
8.333056e-01	9.575768e-04
8.333312e-01	9.548101e-04
8.333568e-01	9.472931e-04
8.333824e-01	9.441497e-04
8.334080e-01	9.360666e-04
8.334336e-01	9.323253e-04
8.334592e-01	9.243800e-04
8.334848e-01	9.198558e-04
8.335104e-01	9.113602e-04
8.335360e-01	9.064206e-04
8.335616e-01	8.970531e-04
8.335872e-01	8.917825e-04
8.336128e-01	8.819924e-04
8.336384e-01	8.767107e-04
8.336640e-01	8.658179e-04
8.336896e-01	8.601386e-04
8.337152e-01	8.498119e-04
8.337408e-01	8.432721e-04
8.337664e-01	8.317407e-04
8.337920e-01	8.251717e-04
8.338176e-01	8.133329e-04
8.338432e-01	8.061542e-04
8.338688e-01	7.938595e-04
8.338944e-01	7.863118e-04
8.339200e-01	7.736117e-04
8.339456e-01	7.656563e-04
8.339712e-01	7.527976e-04
8.339968e-01	7.445809e-04
8.340224e-01	7.306068e-04
8.340480e-01	7.219285e-04
8.340736e-01	7.084740e-04
8.340992e-01	6.992426e-04
8.341248e-01	6.851880e-04
8.341504e-01	6.753331e-04
8.341760e-01	6.607718e-04
8.342016e-01	6.506108e-04
8.342272e-01	6.357062e-04
8.342528e-01	6.261938e-04
8.342784e-01	6.100293e-04
8.343040e-01	6.001991e-04
8.343296e-01	5.840866e-04
8.343552e-01	5.732580e-04
8.343808e-01	5.572762e-04
8.344064e-01	5.464054e-04
8.344320e-01	5.294877e-04
8.344576e-01	5.182584e-04
8.344832e-01	5.020754e-04
8.345088e-01	4.901108e-04
8.345344e-01	4.727216e-04
8.345600e-01	4.612822e-04
8.345856e-01	4.433538e-04
8.346112e-01	4.314562e-04
8.346368e-01	4.143007e-04
8.346624e-01	4.016604e-04
8.346880e-01	3.839091e-04
8.347136e-01	3.716615e-04
8.347392e-01	3.532809e-04
8.347648e-01	3.407130e-04
8.347904e-01	3.219841e-04
8.348160e-01	3.094570e-04
8.348416e-01	2.910845e-04
8.348672e-01	2.777550e-04
8.348928e-01	2.587102e-04
8.349184e-01	2.465128e-04
8.349440e-01	2.267357e-04
8.349696e-01	2.137488e-04
8.349952e-01	1.946497e-04
8.350208e-01	1.810260e-04
8.350464e-01	1.618625e-04
8.350720e-01	1.487415e-04
8.350976e-01	1.289149e-04
8.351232e-01	1.160063e-04
8.351488e-01	9.587364e-05
8.351744e-01	8.273774e-05
8.352000e-01	6.273136e-05
8.352256e-01	4.938666e-05
8.352512e-01	2.941165e-05
8.352768e-01	1.622041e-05
8.353024e-01	-3.697592e-06
8.353280e-01	-1.743943e-05
8.353536e-01	-3.712437e-05
8.353792e-01	-5.024177e-05
8.354048e-01	-7.058011e-05
8.354304e-01	-8.355810e-05
8.354560e-01	-1.039312e-04
8.354816e-01	-1.171722e-04
8.355072e-01	-1.373306e-04
8.355328e-01	-1.503127e-04
8.355584e-01	-1.701729e-04
8.355840e-01	-1.833551e-04
8.356096e-01	-2.036882e-04
8.356352e-01	-2.158216e-04
8.356608e-01	-2.363502e-04
8.356864e-01	-2.487202e-04
8.357120e-01	-2.691693e-04
8.357376e-01	-2.814383e-04
8.357632e-01	-3.014191e-04
8.357888e-01	-3.136488e-04
8.358144e-01	-3.337897e-04
8.358400e-01	-3.457548e-04
8.358656e-01	-3.654054e-04
8.358912e-01	-3.773257e-04
8.359168e-01	-3.965734e-04
8.359424e-01	-4.081884e-04
8.359680e-01	-4.278640e-04
8.359936e-01	-4.387026e-04
8.360192e-01	-4.584752e-04
8.360448e-01	-4.690952e-04
8.360704e-01	-4.883335e-04
8.360960e-01	-4.989898e-04
8.361216e-01	-5.179230e-04
8.361472e-01	-5.282525e-04
8.361728e-01	-5.478899e-04
8.361984e-01	-5.573142e-04
8.362240e-01	-5.761540e-04
8.362496e-01	-5.853992e-04
8.362752e-01	-6.037185e-04
8.363008e-01	-6.128396e-04
8.363264e-01	-6.314336e-04
8.363520e-01	-6.395642e-04
8.363776e-01	-6.575616e-04
8.364032e-01	-6.663147e-04
8.364288e-01	-6.835579e-04
8.364544e-01	-6.914689e-04
8.364800e-01	-7.096558e-04
8.365056e-01	-7.161025e-04
8.365312e-01	-7.334709e-04
8.365568e-01	-7.402467e-04
8.365824e-01	-7.574189e-04
8.366080e-01	-7.632598e-04
8.366336e-01	-7.801447e-04
8.366592e-01	-7.857739e-04
8.366848e-01	-8.025144e-04
8.367104e-01	-8.076453e-04
8.367360e-01	-8.234592e-04
8.367616e-01	-8.280113e-04
8.367872e-01	-8.442206e-04
8.368128e-01	-8.483284e-04
8.368384e-01	-8.637712e-04
8.368640e-01	-8.665947e-04
8.368896e-01	-8.818355e-04
8.369152e-01	-8.849596e-04
8.369408e-01	-8.995373e-04
8.369664e-01	-9.014118e-04
8.369920e-01	-9.162399e-04
8.370176e-01	-9.171980e-04
8.370432e-01	-9.315024e-04
8.370688e-01	-9.317452e-04
8.370944e-01	-9.463453e-04
8.371200e-01	-9.459312e-04
8.371456e-01	-9.597369e-04
8.371712e-01	-9.591026e-04
8.371968e-01	-9.724207e-04
8.372224e-01	-9.708025e-04
8.372480e-01	-9.836372e-04
8.372736e-01	-9.816673e-04
8.372992e-01	-9.941716e-04
8.373248e-01	-9.908491e-04
8.373504e-01	-1.003449e-03
8.373760e-01	-9.994004e-04
8.374016e-01	-1.012232e-03
8.374272e-01	-1.006772e-03
8.374528e-01	-1.019133e-03
8.374784e-01	-1.013207e-03
8.375040e-01	-1.025034e-03
8.375296e-01	-1.018430e-03
8.375552e-01	-1.029642e-03
8.375808e-01	-1.022402e-03
8.376064e-01	-1.033943e-03
8.376320e-01	-1.025140e-03
8.376576e-01	-1.036888e-03
8.376832e-01	-1.027425e-03
8.377088e-01	-1.038499e-03
8.377344e-01	-1.028124e-03
8.377600e-01	-1.039168e-03
8.377856e-01	-1.027274e-03
8.378112e-01	-1.038528e-03
8.378368e-01	-1.025550e-03
8.378624e-01	-1.036898e-03
8.378880e-01	-1.022835e-03
8.379136e-01	-1.034115e-03
8.379392e-01	-1.019167e-03
8.379648e-01	-1.030619e-03
8.379904e-01	-1.013808e-03
8.380160e-01	-1.025748e-03
8.380416e-01	-1.007628e-03
8.380672e-01	-1.020129e-03
8.380928e-01	-1.000349e-03
8.381184e-01	-1.012973e-03
8.381440e-01	-9.914171e-04
8.381696e-01	-1.006237e-03
8.381952e-01	-9.811415e-04
8.382208e-01	-9.982797e-04
8.382464e-01	-9.690199e-04
8.382720e-01	-9.895638e-04
8.382976e-01	-9.567352e-04
8.383232e-01	-9.794865e-04
8.383488e-01	-9.428133e-04
8.383744e-01	-9.679666e-04
8.384000e-01	-9.302659e-04
8.384256e-01	-9.525212e-04
8.384512e-01	-9.185541e-04
8.384768e-01	-9.346046e-04
8.385024e-01	-9.088471e-04
8.385280e-01	-9.130209e-04
8.385536e-01	-8.987263e-04
8.385792e-01	-8.907648e-04
8.386048e-01	-8.864265e-04
8.386304e-01	-8.722519e-04
8.386560e-01	-8.654964e-04
8.386816e-01	-8.630571e-04
8.387072e-01	-8.249632e-04
8.387328e-01	-8.992893e-04
8.387584e-01	5.138649e-04
8.387840e-01	7.086837e-04
8.388096e-01	9.234028e-04
8.388352e-01	-9.669724e-04
