0.000000e+00	-2.895411e-01
2.560000e-05	-3.685088e-01
5.120000e-05	-3.342589e-01
7.680000e-05	-3.536310e-01
1.024000e-04	-3.401013e-01
1.280000e-04	-3.479535e-01
1.536000e-04	-3.420100e-01
1.792000e-04	-3.442104e-01
2.048000e-04	-3.420452e-01
2.304000e-04	-3.411653e-01
2.560000e-04	-3.407832e-01
2.816000e-04	-3.388707e-01
3.072000e-04	-3.384751e-01
3.328000e-04	-3.366544e-01
3.584000e-04	-3.357806e-01
3.840000e-04	-3.342765e-01
4.096000e-04	-3.325499e-01
4.352000e-04	-3.315234e-01
4.608000e-04	-3.293435e-01
4.864000e-04	-3.284115e-01
5.120000e-04	-3.257723e-01
5.376000e-04	-3.248105e-01
5.632000e-04	-3.221421e-01
5.888000e-04	-3.209155e-01
6.144000e-04	-3.181779e-01
6.400000e-04	-3.167256e-01
6.656000e-04	-3.139838e-01
6.912000e-04	-3.121656e-01
7.168000e-04	-3.094521e-01
7.424000e-04	-3.075661e-01
7.680000e-04	-3.047009e-01
7.936000e-04	-3.025384e-01
8.192000e-04	-2.996238e-01
8.448000e-04	-2.974195e-01
8.704000e-04	-2.942046e-01
8.960000e-04	-2.919450e-01
9.216000e-04	-2.886364e-01
9.472000e-04	-2.862079e-01
9.728000e-04	-2.829363e-01
9.984000e-04	-2.801158e-01
1.024000e-03	-2.768042e-01
1.049600e-03	-2.739202e-01
1.075200e-03	-2.704444e-01
1.100800e-03	-2.675132e-01
1.126400e-03	-2.637795e-01
1.152000e-03	-2.608384e-01
1.177600e-03	-2.570869e-01
1.203200e-03	-2.539523e-01
1.228800e-03	-2.501276e-01
1.254400e-03	-2.467118e-01
1.280000e-03	-2.428698e-01
1.305600e-03	-2.394148e-01
1.331200e-03	-2.355689e-01
1.356800e-03	-2.318401e-01
1.382400e-03	-2.278312e-01
1.408000e-03	-2.242776e-01
1.433600e-03	-2.200343e-01
1.459200e-03	-2.164081e-01
1.484800e-03	-2.120682e-01
1.510400e-03	-2.083195e-01
1.536000e-03	-2.039828e-01
1.561600e-03	-2.001454e-01
1.587200e-03	-1.956994e-01
1.612800e-03	-1.917021e-01
1.638400e-03	-1.873128e-01
1.664000e-03	-1.831339e-01
1.689600e-03	-1.787089e-01
1.715200e-03	-1.745513e-01
1.740800e-03	-1.700115e-01
1.766400e-03	-1.657932e-01
1.792000e-03	-1.610263e-01
1.817600e-03	-1.568142e-01
1.843200e-03	-1.520939e-01
1.868800e-03	-1.478020e-01
1.894400e-03	-1.431113e-01
1.920000e-03	-1.385475e-01
1.945600e-03	-1.338778e-01
1.971200e-03	-1.293606e-01
1.996800e-03	-1.245890e-01
2.022400e-03	-1.201719e-01
2.048000e-03	-1.152823e-01
2.073600e-03	-1.107459e-01
2.099200e-03	-1.058612e-01
2.124800e-03	-1.012358e-01
2.150400e-03	-9.642344e-02
2.176000e-03	-9.188042e-02
2.201600e-03	-8.683946e-02
2.227200e-03	-8.227411e-02
2.252800e-03	-7.732494e-02
2.278400e-03	-7.260469e-02
2.304000e-03	-6.777861e-02
2.329600e-03	-6.308959e-02
2.355200e-03	-5.809965e-02
2.380800e-03	-5.346282e-02
2.406400e-03	-4.859595e-02
2.432000e-03	-4.384418e-02
2.457600e-03	-3.880727e-02
2.483200e-03	-3.418032e-02
2.508800e-03	-2.935171e-02
2.534400e-03	-2.470877e-02
2.560000e-03	-1.961113e-02
2.585600e-03	-1.509610e-02
2.611200e-03	-1.014934e-02
2.636800e-03	-5.475955e-03
2.662400e-03	-6.947499e-04
2.688000e-03	3.977284e-03
2.713600e-03	8.834709e-03
2.739200e-03	1.343874e-02
2.764800e-03	1.828337e-02
2.790400e-03	2.278153e-02
2.816000e-03	2.763254e-02
2.841600e-03	3.218397e-02
2.867200e-03	3.673132e-02
2.892800e-03	4.124314e-02
2.918400e-03	4.595567e-02
2.944000e-03	5.038220e-02
2.969600e-03	5.510451e-02
2.995200e-03	5.935877e-02
3.020800e-03	6.395210e-02
3.046400e-03	6.844209e-02
3.072000e-03	7.294322e-02
3.097600e-03	7.713443e-02
3.123200e-03	8.153183e-02
3.148800e-03	8.570443e-02
3.174400e-03	9.010875e-02
3.200000e-03	9.427044e-02
3.225600e-03	9.848488e-02
3.251200e-03	1.026463e-01
3.276800e-03	1.068911e-01
3.302400e-03	1.108411e-01
3.328000e-03	1.149417e-01
3.353600e-03	1.187410e-01
3.379200e-03	1.228680e-01
3.404800e-03	1.267167e-01
3.430400e-03	1.305843e-01
3.456000e-03	1.343538e-01
3.481600e-03	1.382720e-01
3.507200e-03	1.418043e-01
3.532800e-03	1.456345e-01
3.558400e-03	1.491730e-01
3.584000e-03	1.526414e-01
3.609600e-03	1.562025e-01
3.635200e-03	1.597666e-01
3.660800e-03	1.630989e-01
3.686400e-03	1.665473e-01
3.712000e-03	1.696460e-01
3.737600e-03	1.731292e-01
3.763200e-03	1.761699e-01
3.788800e-03	1.792723e-01
3.814400e-03	1.822812e-01
3.840000e-03	1.853282e-01
3.865600e-03	1.882298e-01
3.891200e-03	1.912113e-01
3.916800e-03	1.939341e-01
3.942400e-03	1.967636e-01
3.968000e-03	1.993955e-01
3.993600e-03	2.021430e-01
4.019200e-03	2.046262e-01
4.044800e-03	2.071279e-01
4.070400e-03	2.095439e-01
4.096000e-03	2.119759e-01
4.121600e-03	2.142116e-01
4.147200e-03	2.164761e-01
4.172800e-03	2.185079e-01
4.198400e-03	2.206589e-01
4.224000e-03	2.225649e-01
4.249600e-03	2.247268e-01
4.275200e-03	2.264266e-01
4.300800e-03	2.282085e-01
4.326400e-03	2.301154e-01
4.352000e-03	2.316136e-01
4.377600e-03	2.332151e-01
4.403200e-03	2.349123e-01
4.428800e-03	2.360532e-01
4.454400e-03	2.376246e-01
4.480000e-03	2.388512e-01
4.505600e-03	2.400905e-01
4.531200e-03	2.411433e-01
4.556800e-03	2.423220e-01
4.582400e-03	2.432118e-01
4.608000e-03	2.442402e-01
4.633600e-03	2.449811e-01
4.659200e-03	2.457189e-01
4.684800e-03	2.464484e-01
4.710400e-03	2.471573e-01
4.736000e-03	2.476173e-01
4.761600e-03	2.480892e-01
4.787200e-03	2.483524e-01
4.812800e-03	2.487247e-01
4.838400e-03	2.489475e-01
4.864000e-03	2.490596e-01
4.889600e-03	2.490451e-01
4.915200e-03	2.491734e-01
4.940800e-03	2.489309e-01
4.966400e-03	2.488350e-01
4.992000e-03	2.485309e-01
5.017600e-03	2.482458e-01
5.043200e-03	2.478705e-01
5.068800e-03	2.474328e-01
5.094400e-03	2.468313e-01
5.120000e-03	2.462401e-01
5.145600e-03	2.453673e-01
5.171200e-03	2.447468e-01
5.196800e-03	2.437606e-01
5.222400e-03	2.428337e-01
5.248000e-03	2.417955e-01
5.273600e-03	2.407693e-01
5.299200e-03	2.397043e-01
5.324800e-03	2.384578e-01
5.350400e-03	2.370252e-01
5.376000e-03	2.357018e-01
5.401600e-03	2.341592e-01
5.427200e-03	2.327246e-01
5.452800e-03	2.310630e-01
5.478400e-03	2.293433e-01
5.504000e-03	2.276289e-01
5.529600e-03	2.259639e-01
5.555200e-03	2.238909e-01
5.580800e-03	2.219559e-01
5.606400e-03	2.199152e-01
5.632000e-03	2.178777e-01
5.657600e-03	2.156799e-01
5.683200e-03	2.134433e-01
5.708800e-03	2.110886e-01
5.734400e-03	2.087718e-01
5.760000e-03	2.062763e-01
5.785600e-03	2.037124e-01
5.811200e-03	2.011104e-01
5.836800e-03	1.985614e-01
5.862400e-03	1.958537e-01
5.888000e-03	1.930735e-01
5.913600e-03	1.901747e-01
5.939200e-03	1.873664e-01
5.964800e-03	1.842343e-01
5.990400e-03	1.813800e-01
6.016000e-03	1.782014e-01
6.041600e-03	1.751010e-01
6.067200e-03	1.719109e-01
6.092800e-03	1.685992e-01
6.118400e-03	1.653880e-01
6.144000e-03	1.619382e-01
6.169600e-03	1.585739e-01
6.195200e-03	1.551376e-01
6.220800e-03	1.514092e-01
6.246400e-03	1.480530e-01
6.272000e-03	1.442956e-01
6.297600e-03	1.406393e-01
6.323200e-03	1.369015e-01
6.348800e-03	1.331235e-01
6.374400e-03	1.292639e-01
6.400000e-03	1.254826e-01
6.425600e-03	1.214885e-01
6.451200e-03	1.174939e-01
6.476800e-03	1.134100e-01
6.502400e-03	1.095216e-01
6.528000e-03	1.054155e-01
6.553600e-03	1.011939e-01
6.579200e-03	9.698300e-02
6.604800e-03	9.276219e-02
6.630400e-03	8.853325e-02
6.656000e-03	8.430188e-02
6.681600e-03	7.988299e-02
6.707200e-03	7.568524e-02
6.732800e-03	7.125001e-02
6.758400e-03	6.683053e-02
6.784000e-03	6.245857e-02
6.809600e-03	5.795006e-02
6.835200e-03	5.339180e-02
6.860800e-03	4.897507e-02
6.886400e-03	4.436214e-02
6.912000e-03	3.986459e-02
6.937600e-03	3.520144e-02
6.963200e-03	3.054754e-02
6.988800e-03	2.581078e-02
7.014400e-03	2.134453e-02
7.040000e-03	1.653569e-02
7.065600e-03	1.182030e-02
7.091200e-03	7.240267e-03
7.116800e-03	2.475388e-03
7.142400e-03	-2.380849e-03
7.168000e-03	-7.101841e-03
7.193600e-03	-1.194427e-02
7.219200e-03	-1.672765e-02
7.244800e-03	-2.141813e-02
7.270400e-03	-2.628578e-02
7.296000e-03	-3.104485e-02
7.321600e-03	-3.567224e-02
7.347200e-03	-4.061100e-02
7.372800e-03	-4.530295e-02
7.398400e-03	-5.028283e-02
7.424000e-03	-5.495138e-02
7.449600e-03	-5.990937e-02
7.475200e-03	-6.458463e-02
7.500800e-03	-6.942055e-02
7.526400e-03	-7.428943e-02
7.552000e-03	-7.907837e-02
7.577600e-03	-8.388288e-02
7.603200e-03	-8.860870e-02
7.628800e-03	-9.336871e-02
7.654400e-03	-9.810203e-02
7.680000e-03	-1.028222e-01
7.705600e-03	-1.076300e-01
7.731200e-03	-1.123869e-01
7.756800e-03	-1.170032e-01
7.782400e-03	-1.217287e-01
7.808000e-03	-1.265295e-01
7.833600e-03	-1.309261e-01
7.859200e-03	-1.355506e-01
7.884800e-03	-1.401123e-01
7.910400e-03	-1.448624e-01
7.936000e-03	-1.493336e-01
7.961600e-03	-1.537686e-01
7.987200e-03	-1.582763e-01
8.012800e-03	-1.628113e-01
8.038400e-03	-1.673776e-01
8.064000e-03	-1.716594e-01
8.089600e-03	-1.759878e-01
8.115200e-03	-1.803955e-01
8.140800e-03	-1.845622e-01
8.166400e-03	-1.890838e-01
8.192000e-03	-1.931079e-01
8.217600e-03	-1.973640e-01
8.243200e-03	-2.016424e-01
8.268800e-03	-2.057313e-01
8.294400e-03	-2.096904e-01
8.320000e-03	-2.137808e-01
8.345600e-03	-2.177507e-01
8.371200e-03	-2.216679e-01
8.396800e-03	-2.256612e-01
8.422400e-03	-2.294940e-01
8.448000e-03	-2.333947e-01
8.473600e-03	-2.371496e-01
8.499200e-03	-2.407754e-01
8.524800e-03	-2.445779e-01
8.550400e-03	-2.481181e-01
8.576000e-03	-2.517566e-01
8.601600e-03	-2.552633e-01
8.627200e-03	-2.587074e-01
8.652800e-03	-2.620648e-01
8.678400e-03	-2.654472e-01
8.704000e-03	-2.686631e-01
8.729600e-03	-2.719707e-01
8.755200e-03	-2.751231e-01
8.780800e-03	-2.783512e-01
8.806400e-03	-2.812751e-01
8.832000e-03	-2.843068e-01
8.857600e-03	-2.873056e-01
8.883200e-03	-2.901956e-01
8.908800e-03	-2.930217e-01
8.934400e-03	-2.957368e-01
8.960000e-03	-2.983871e-01
8.985600e-03	-3.011912e-01
9.011200e-03	-3.037069e-01
9.036800e-03	-3.060475e-01
9.062400e-03	-3.086187e-01
9.088000e-03	-3.109562e-01
9.113600e-03	-3.132579e-01
9.139200e-03	-3.154211e-01
9.164800e-03	-3.175731e-01
9.190400e-03	-3.197837e-01
9.216000e-03	-3.217491e-01
9.241600e-03	-3.237345e-01
9.267200e-03	-3.255118e-01
9.292800e-03	-3.274048e-01
9.318400e-03	-3.291059e-01
9.344000e-03	-3.307999e-01
9.369600e-03	-3.323045e-01
9.395200e-03	-3.339228e-01
9.420800e-03	-3.353226e-01
9.446400e-03	-3.366682e-01
9.472000e-03	-3.379781e-01
9.497600e-03	-3.392683e-01
9.523200e-03	-3.403992e-01
9.548800e-03	-3.413880e-01
9.574400e-03	-3.424392e-01
9.600000e-03	-3.433695e-01
9.625600e-03	-3.441899e-01
9.651200e-03	-3.448637e-01
9.676800e-03	-3.455853e-01
9.702400e-03	-3.463062e-01
9.728000e-03	-3.467736e-01
9.753600e-03	-3.472659e-01
9.779200e-03	-3.475825e-01
9.804800e-03	-3.479549e-01
9.830400e-03	-3.480006e-01
9.856000e-03	-3.482076e-01
9.881600e-03	-3.484276e-01
9.907200e-03	-3.484512e-01
9.932800e-03	-3.482502e-01
9.958400e-03	-3.481101e-01
9.984000e-03	-3.480213e-01
1.000960e-02	-3.474740e-01
1.003520e-02	-3.471962e-01
1.006080e-02	-3.468042e-01
1.008640e-02	-3.461229e-01
1.011200e-02	-3.455199e-01
1.013760e-02	-3.447207e-01
1.016320e-02	-3.441250e-01
1.018880e-02	-3.431869e-01
1.021440e-02	-3.422960e-01
1.024000e-02	-3.411560e-01
1.026560e-02	-3.401938e-01
1.029120e-02	-3.390598e-01
1.031680e-02	-3.377195e-01
1.034240e-02	-3.364497e-01
1.036800e-02	-3.350683e-01
1.039360e-02	-3.336134e-01
1.041920e-02	-3.321839e-01
1.044480e-02	-3.305291e-01
1.047040e-02	-3.287680e-01
1.049600e-02	-3.270471e-01
1.052160e-02	-3.251776e-01
1.054720e-02	-3.233267e-01
1.057280e-02	-3.214790e-01
1.059840e-02	-3.192493e-01
1.062400e-02	-3.172492e-01
1.064960e-02	-3.150413e-01
1.067520e-02	-3.128430e-01
1.070080e-02	-3.105030e-01
1.072640e-02	-3.080744e-01
1.075200e-02	-3.056889e-01
1.077760e-02	-3.031842e-01
1.080320e-02	-3.004942e-01
1.082880e-02	-2.980632e-01
1.085440e-02	-2.953241e-01
1.088000e-02	-2.924450e-01
1.090560e-02	-2.896152e-01
1.093120e-02	-2.867750e-01
1.095680e-02	-2.838350e-01
1.098240e-02	-2.807699e-01
1.100800e-02	-2.776140e-01
1.103360e-02	-2.745826e-01
1.105920e-02	-2.714324e-01
1.108480e-02	-2.680774e-01
1.111040e-02	-2.648671e-01
1.113600e-02	-2.614922e-01
1.116160e-02	-2.579679e-01
1.118720e-02	-2.545925e-01
1.121280e-02	-2.509819e-01
1.123840e-02	-2.474714e-01
1.126400e-02	-2.437875e-01
1.128960e-02	-2.401511e-01
1.131520e-02	-2.363897e-01
1.134080e-02	-2.325902e-01
1.136640e-02	-2.287584e-01
1.139200e-02	-2.248786e-01
1.141760e-02	-2.210215e-01
1.144320e-02	-2.171106e-01
1.146880e-02	-2.130169e-01
1.149440e-02	-2.089286e-01
1.152000e-02	-2.048411e-01
1.154560e-02	-2.008747e-01
1.157120e-02	-1.966251e-01
1.159680e-02	-1.924756e-01
1.162240e-02	-1.882001e-01
1.164800e-02	-1.837984e-01
1.167360e-02	-1.795589e-01
1.169920e-02	-1.752163e-01
1.172480e-02	-1.707839e-01
1.175040e-02	-1.664313e-01
1.177600e-02	-1.618790e-01
1.180160e-02	-1.574799e-01
1.182720e-02	-1.530380e-01
1.185280e-02	-1.484124e-01
1.187840e-02	-1.439293e-01
1.190400e-02	-1.392974e-01
1.192960e-02	-1.345988e-01
1.195520e-02	-1.300615e-01
1.198080e-02	-1.254308e-01
1.200640e-02	-1.207011e-01
1.203200e-02	-1.160862e-01
1.205760e-02	-1.114012e-01
1.208320e-02	-1.065951e-01
1.210880e-02	-1.019657e-01
1.213440e-02	-9.711688e-02
1.216000e-02	-9.249355e-02
1.218560e-02	-8.758150e-02
1.221120e-02	-8.283763e-02
1.223680e-02	-7.812312e-02
1.226240e-02	-7.327614e-02
1.228800e-02	-6.856752e-02
1.231360e-02	-6.364486e-02
1.233920e-02	-5.875906e-02
1.236480e-02	-5.406434e-02
1.239040e-02	-4.931461e-02
1.241600e-02	-4.441711e-02
1.244160e-02	-3.963931e-02
1.246720e-02	-3.475748e-02
1.249280e-02	-3.003744e-02
1.251840e-02	-2.535403e-02
1.254400e-02	-2.036216e-02
1.256960e-02	-1.562672e-02
1.259520e-02	-1.076377e-02
1.262080e-02	-6.060246e-03
1.264640e-02	-1.295636e-03
1.267200e-02	3.408542e-03
1.269760e-02	8.140441e-03
1.272320e-02	1.288509e-02
1.274880e-02	1.758973e-02
1.277440e-02	2.213593e-02
1.280000e-02	2.689185e-02
1.282560e-02	3.155141e-02
1.285120e-02	3.607061e-02
1.287680e-02	4.074586e-02
1.290240e-02	4.537495e-02
1.292800e-02	4.989319e-02
1.295360e-02	5.446299e-02
1.297920e-02	5.886317e-02
1.300480e-02	6.324806e-02
1.303040e-02	6.776630e-02
1.305600e-02	7.217003e-02
1.308160e-02	7.650457e-02
1.310720e-02	8.096913e-02
1.313280e-02	8.523168e-02
1.315840e-02	8.950045e-02
1.318400e-02	9.373149e-02
1.320960e-02	9.804647e-02
1.323520e-02	1.021056e-01
1.326080e-02	1.061833e-01
1.328640e-02	1.103173e-01
1.331200e-02	1.144082e-01
1.333760e-02	1.184385e-01
1.336320e-02	1.223301e-01
1.338880e-02	1.262269e-01
1.341440e-02	1.300566e-01
1.344000e-02	1.338774e-01
1.346560e-02	1.376908e-01
1.349120e-02	1.413798e-01
1.351680e-02	1.451362e-01
1.354240e-02	1.486427e-01
1.356800e-02	1.522665e-01
1.359360e-02	1.557300e-01
1.361920e-02	1.592767e-01
1.364480e-02	1.626177e-01
1.367040e-02	1.659295e-01
1.369600e-02	1.693481e-01
1.372160e-02	1.725113e-01
1.374720e-02	1.757543e-01
1.377280e-02	1.788308e-01
1.379840e-02	1.819326e-01
1.382400e-02	1.850112e-01
1.384960e-02	1.877383e-01
1.387520e-02	1.907683e-01
1.390080e-02	1.936163e-01
1.392640e-02	1.963555e-01
1.395200e-02	1.991050e-01
1.397760e-02	2.016466e-01
1.400320e-02	2.042960e-01
1.402880e-02	2.068728e-01
1.405440e-02	2.091114e-01
1.408000e-02	2.114803e-01
1.410560e-02	2.139251e-01
1.413120e-02	2.160482e-01
1.415680e-02	2.181738e-01
1.418240e-02	2.204121e-01
1.420800e-02	2.223175e-01
1.423360e-02	2.243987e-01
1.425920e-02	2.261959e-01
1.428480e-02	2.280142e-01
1.431040e-02	2.298174e-01
1.433600e-02	2.314328e-01
1.436160e-02	2.329778e-01
1.438720e-02	2.345469e-01
1.441280e-02	2.360098e-01
1.443840e-02	2.372761e-01
1.446400e-02	2.385046e-01
1.448960e-02	2.398772e-01
1.451520e-02	2.410187e-01
1.454080e-02	2.420139e-01
1.456640e-02	2.430147e-01
1.459200e-02	2.440841e-01
1.461760e-02	2.448975e-01
1.464320e-02	2.455186e-01
1.466880e-02	2.463059e-01
1.469440e-02	2.468713e-01
1.472000e-02	2.473653e-01
1.474560e-02	2.479780e-01
1.477120e-02	2.483191e-01
1.479680e-02	2.485900e-01
1.482240e-02	2.487741e-01
1.484800e-02	2.489733e-01
1.487360e-02	2.489022e-01
1.489920e-02	2.490021e-01
1.492480e-02	2.489734e-01
1.495040e-02	2.487260e-01
1.497600e-02	2.485382e-01
1.500160e-02	2.482105e-01
1.502720e-02	2.478566e-01
1.505280e-02	2.473933e-01
1.507840e-02	2.467676e-01
1.510400e-02	2.461559e-01
1.512960e-02	2.454275e-01
1.515520e-02	2.446899e-01
1.518080e-02	2.438327e-01
1.520640e-02	2.429869e-01
1.523200e-02	2.418336e-01
1.525760e-02	2.408339e-01
1.528320e-02	2.396878e-01
1.530880e-02	2.384563e-01
1.533440e-02	2.372143e-01
1.536000e-02	2.356879e-01
1.538560e-02	2.343994e-01
1.541120e-02	2.327690e-01
1.543680e-02	2.311648e-01
1.546240e-02	2.295343e-01
1.548800e-02	2.275918e-01
1.551360e-02	2.259777e-01
1.553920e-02	2.239940e-01
1.556480e-02	2.220445e-01
1.559040e-02	2.200867e-01
1.561600e-02	2.180119e-01
1.564160e-02	2.158354e-01
1.566720e-02	2.135057e-01
1.569280e-02	2.111945e-01
1.571840e-02	2.088934e-01
1.574400e-02	2.063698e-01
1.576960e-02	2.039107e-01
1.579520e-02	2.013880e-01
1.582080e-02	1.986348e-01
1.584640e-02	1.959652e-01
1.587200e-02	1.932096e-01
1.589760e-02	1.903189e-01
1.592320e-02	1.875033e-01
1.594880e-02	1.845735e-01
1.597440e-02	1.814227e-01
1.600000e-02	1.785123e-01
1.602560e-02	1.752887e-01
1.605120e-02	1.720427e-01
1.607680e-02	1.690007e-01
1.610240e-02	1.654547e-01
1.612800e-02	1.621529e-01
1.615360e-02	1.586903e-01
1.617920e-02	1.552740e-01
1.620480e-02	1.517206e-01
1.623040e-02	1.481397e-01
1.625600e-02	1.446464e-01
1.628160e-02	1.408691e-01
1.630720e-02	1.370890e-01
1.633280e-02	1.334260e-01
1.635840e-02	1.295398e-01
1.638400e-02	1.256915e-01
1.640960e-02	1.218252e-01
1.643520e-02	1.177329e-01
1.646080e-02	1.138665e-01
1.648640e-02	1.097521e-01
1.651200e-02	1.056042e-01
1.653760e-02	1.015584e-01
1.656320e-02	9.737118e-02
1.658880e-02	9.317596e-02
1.661440e-02	8.897701e-02
1.664000e-02	8.455659e-02
1.666560e-02	8.026503e-02
1.669120e-02	7.611755e-02
1.671680e-02	7.151728e-02
1.674240e-02	6.724342e-02
1.676800e-02	6.276653e-02
1.679360e-02	5.823355e-02
1.681920e-02	5.382923e-02
1.684480e-02	4.923256e-02
1.687040e-02	4.473772e-02
1.689600e-02	4.010634e-02
1.692160e-02	3.557181e-02
1.694720e-02	3.089905e-02
1.697280e-02	2.626246e-02
1.699840e-02	2.154942e-02
1.702400e-02	1.677928e-02
1.704960e-02	1.223026e-02
1.707520e-02	7.423777e-03
1.710080e-02	2.775266e-03
1.712640e-02	-1.924381e-03
1.715200e-02	-6.714958e-03
1.717760e-02	-1.144757e-02
1.720320e-02	-1.618034e-02
1.722880e-02	-2.102527e-02
1.725440e-02	-2.583937e-02
1.728000e-02	-3.060772e-02
1.730560e-02	-3.551432e-02
1.733120e-02	-4.026064e-02
1.735680e-02	-4.505130e-02
1.738240e-02	-4.979511e-02
1.740800e-02	-5.463661e-02
1.743360e-02	-5.948133e-02
1.745920e-02	-6.424948e-02
1.748480e-02	-6.912853e-02
1.751040e-02	-7.383134e-02
1.753600e-02	-7.877143e-02
1.756160e-02	-8.343547e-02
1.758720e-02	-8.822159e-02
1.761280e-02	-9.305333e-02
1.763840e-02	-9.775361e-02
1.766400e-02	-1.026184e-01
1.768960e-02	-1.071515e-01
1.771520e-02	-1.119040e-01
1.774080e-02	-1.166484e-01
1.776640e-02	-1.212653e-01
1.779200e-02	-1.259922e-01
1.781760e-02	-1.305525e-01
1.784320e-02	-1.352709e-01
1.786880e-02	-1.398582e-01
1.789440e-02	-1.444111e-01
1.792000e-02	-1.489166e-01
1.794560e-02	-1.534622e-01
1.797120e-02	-1.579326e-01
1.799680e-02	-1.624543e-01
1.802240e-02	-1.668974e-01
1.804800e-02	-1.711881e-01
1.807360e-02	-1.756455e-01
1.809920e-02	-1.799361e-01
1.812480e-02	-1.842505e-01
1.815040e-02	-1.886353e-01
1.817600e-02	-1.927298e-01
1.820160e-02	-1.970541e-01
1.822720e-02	-2.011633e-01
1.825280e-02	-2.052816e-01
1.827840e-02	-2.093415e-01
1.830400e-02	-2.133223e-01
1.832960e-02	-2.175175e-01
1.835520e-02	-2.213417e-01
1.838080e-02	-2.253083e-01
1.840640e-02	-2.291735e-01
1.843200e-02	-2.329775e-01
1.845760e-02	-2.367577e-01
1.848320e-02	-2.405357e-01
1.850880e-02	-2.441962e-01
1.853440e-02	-2.477394e-01
1.856000e-02	-2.515056e-01
1.858560e-02	-2.548870e-01
1.861120e-02	-2.583529e-01
1.863680e-02	-2.617595e-01
1.866240e-02	-2.651618e-01
1.868800e-02	-2.684602e-01
1.871360e-02	-2.716090e-01
1.873920e-02	-2.749261e-01
1.876480e-02	-2.780182e-01
1.879040e-02	-2.810495e-01
1.881600e-02	-2.841030e-01
1.884160e-02	-2.871461e-01
1.886720e-02	-2.898901e-01
1.889280e-02	-2.927497e-01
1.891840e-02	-2.955859e-01
1.894400e-02	-2.981835e-01
1.896960e-02	-3.009014e-01
1.899520e-02	-3.034020e-01
1.902080e-02	-3.059546e-01
1.904640e-02	-3.083449e-01
1.907200e-02	-3.107497e-01
1.909760e-02	-3.131520e-01
1.912320e-02	-3.151976e-01
1.914880e-02	-3.173941e-01
1.917440e-02	-3.195556e-01
1.920000e-02	-3.216070e-01
1.922560e-02	-3.235931e-01
1.925120e-02	-3.254356e-01
1.927680e-02	-3.272095e-01
1.930240e-02	-3.289555e-01
1.932800e-02	-3.306497e-01
1.935360e-02	-3.322549e-01
1.937920e-02	-3.337367e-01
1.940480e-02	-3.351882e-01
1.943040e-02	-3.366385e-01
1.945600e-02	-3.378692e-01
1.948160e-02	-3.391410e-01
1.950720e-02	-3.402897e-01
1.953280e-02	-3.413617e-01
1.955840e-02	-3.424068e-01
1.958400e-02	-3.432955e-01
1.960960e-02	-3.440541e-01
1.963520e-02	-3.450512e-01
1.966080e-02	-3.457298e-01
1.968640e-02	-3.460543e-01
1.971200e-02	-3.467050e-01
1.973760e-02	-3.471953e-01
1.976320e-02	-3.475984e-01
1.978880e-02	-3.480408e-01
1.981440e-02	-3.481657e-01
1.984000e-02	-3.483253e-01
1.986560e-02	-3.483067e-01
1.989120e-02	-3.483684e-01
1.991680e-02	-3.483030e-01
1.994240e-02	-3.481063e-01
1.996800e-02	-3.479152e-01
1.999360e-02	-3.476695e-01
2.001920e-02	-3.473001e-01
2.004480e-02	-3.466812e-01
2.007040e-02	-3.461903e-01
2.009600e-02	-3.455639e-01
2.012160e-02	-3.448705e-01
2.014720e-02	-3.442030e-01
2.017280e-02	-3.432847e-01
2.019840e-02	-3.423252e-01
2.022400e-02	-3.413285e-01
2.024960e-02	-3.403206e-01
2.027520e-02	-3.390693e-01
2.030080e-02	-3.379943e-01
2.032640e-02	-3.365616e-01
2.035200e-02	-3.351208e-01
2.037760e-02	-3.338215e-01
2.040320e-02	-3.322501e-01
2.042880e-02	-3.306855e-01
2.045440e-02	-3.290664e-01
2.048000e-02	-3.273436e-01
2.050560e-02	-3.255066e-01
2.053120e-02	-3.235604e-01
2.055680e-02	-3.216383e-01
2.058240e-02	-3.195177e-01
2.060800e-02	-3.174834e-01
2.063360e-02	-3.154433e-01
2.065920e-02	-3.131352e-01
2.068480e-02	-3.107088e-01
2.071040e-02	-3.084710e-01
2.073600e-02	-3.059933e-01
2.076160e-02	-3.035965e-01
2.078720e-02	-3.009366e-01
2.081280e-02	-2.982655e-01
2.083840e-02	-2.956119e-01
2.086400e-02	-2.928354e-01
2.088960e-02	-2.900505e-01
2.091520e-02	-2.870367e-01
2.094080e-02	-2.841372e-01
2.096640e-02	-2.810906e-01
2.099200e-02	-2.780205e-01
2.101760e-02	-2.749413e-01
2.104320e-02	-2.716493e-01
2.106880e-02	-2.684719e-01
2.109440e-02	-2.651288e-01
2.112000e-02	-2.617553e-01
2.114560e-02	-2.583853e-01
2.117120e-02	-2.548482e-01
2.119680e-02	-2.514166e-01
2.122240e-02	-2.478328e-01
2.124800e-02	-2.441648e-01
2.127360e-02	-2.405128e-01
2.129920e-02	-2.368578e-01
2.132480e-02	-2.330774e-01
2.135040e-02	-2.291393e-01
2.137600e-02	-2.253688e-01
2.140160e-02	-2.214371e-01
2.142720e-02	-2.174400e-01
2.145280e-02	-2.134759e-01
2.147840e-02	-2.094692e-01
2.150400e-02	-2.053647e-01
2.152960e-02	-2.012379e-01
2.155520e-02	-1.970009e-01
2.158080e-02	-1.927763e-01
2.160640e-02	-1.885221e-01
2.163200e-02	-1.843357e-01
2.165760e-02	-1.801270e-01
2.168320e-02	-1.756922e-01
2.170880e-02	-1.712809e-01
2.173440e-02	-1.669290e-01
2.176000e-02	-1.623959e-01
2.178560e-02	-1.579087e-01
2.181120e-02	-1.534537e-01
2.183680e-02	-1.488796e-01
2.186240e-02	-1.443248e-01
2.188800e-02	-1.396828e-01
2.191360e-02	-1.352563e-01
2.193920e-02	-1.305855e-01
2.196480e-02	-1.258965e-01
2.199040e-02	-1.213011e-01
2.201600e-02	-1.165025e-01
2.204160e-02	-1.118730e-01
2.206720e-02	-1.070474e-01
2.209280e-02	-1.024375e-01
2.211840e-02	-9.765245e-02
2.214400e-02	-9.284610e-02
2.216960e-02	-8.823953e-02
2.219520e-02	-8.337688e-02
2.222080e-02	-7.857765e-02
2.224640e-02	-7.389793e-02
2.227200e-02	-6.903015e-02
2.229760e-02	-6.410614e-02
2.232320e-02	-5.938170e-02
2.234880e-02	-5.445895e-02
2.237440e-02	-4.977172e-02
2.240000e-02	-4.505314e-02
2.242560e-02	-4.011207e-02
2.245120e-02	-3.527622e-02
2.247680e-02	-3.052574e-02
2.250240e-02	-2.571034e-02
2.252800e-02	-2.087108e-02
2.255360e-02	-1.617489e-02
2.257920e-02	-1.131706e-02
2.260480e-02	-6.522663e-03
2.263040e-02	-1.843109e-03
2.265600e-02	2.905977e-03
2.268160e-02	7.723466e-03
2.270720e-02	1.235356e-02
2.273280e-02	1.696095e-02
2.275840e-02	2.176844e-02
2.278400e-02	2.644150e-02
2.280960e-02	3.107226e-02
2.283520e-02	3.576546e-02
2.286080e-02	4.019263e-02
2.288640e-02	4.481354e-02
2.291200e-02	4.950333e-02
2.293760e-02	5.400060e-02
2.296320e-02	5.844838e-02
2.298880e-02	6.289275e-02
2.301440e-02	6.733460e-02
2.304000e-02	7.183844e-02
2.306560e-02	7.618193e-02
2.309120e-02	8.042911e-02
2.311680e-02	8.481999e-02
2.314240e-02	8.909699e-02
2.316800e-02	9.330270e-02
2.319360e-02	9.766387e-02
2.321920e-02	1.017061e-01
2.324480e-02	1.059491e-01
2.327040e-02	1.099417e-01
2.329600e-02	1.139433e-01
2.332160e-02	1.181308e-01
2.334720e-02	1.219347e-01
2.337280e-02	1.258240e-01
2.339840e-02	1.296845e-01
2.342400e-02	1.335182e-01
2.344960e-02	1.373444e-01
2.347520e-02	1.410062e-01
2.350080e-02	1.446362e-01
2.352640e-02	1.482795e-01
2.355200e-02	1.518892e-01
2.357760e-02	1.554385e-01
2.360320e-02	1.589729e-01
2.362880e-02	1.623458e-01
2.365440e-02	1.656597e-01
2.368000e-02	1.689596e-01
2.370560e-02	1.722753e-01
2.373120e-02	1.754023e-01
2.375680e-02	1.785278e-01
2.378240e-02	1.816544e-01
2.380800e-02	1.846118e-01
2.383360e-02	1.876375e-01
2.385920e-02	1.904617e-01
2.388480e-02	1.932682e-01
2.391040e-02	1.961718e-01
2.393600e-02	1.987886e-01
2.396160e-02	2.013525e-01
2.398720e-02	2.038855e-01
2.401280e-02	2.064076e-01
2.403840e-02	2.089406e-01
2.406400e-02	2.113143e-01
2.408960e-02	2.136580e-01
2.411520e-02	2.159404e-01
2.414080e-02	2.180969e-01
2.416640e-02	2.201051e-01
2.419200e-02	2.220619e-01
2.421760e-02	2.241391e-01
2.424320e-02	2.259732e-01
2.426880e-02	2.277596e-01
2.429440e-02	2.296095e-01
2.432000e-02	2.312689e-01
2.434560e-02	2.328873e-01
2.437120e-02	2.343445e-01
2.439680e-02	2.357403e-01
2.442240e-02	2.372501e-01
2.444800e-02	2.385772e-01
2.447360e-02	2.396612e-01
2.449920e-02	2.409674e-01
2.452480e-02	2.420809e-01
2.455040e-02	2.428933e-01
2.457600e-02	2.439122e-01
2.460160e-02	2.447949e-01
2.462720e-02	2.455396e-01
2.465280e-02	2.461287e-01
2.467840e-02	2.468241e-01
2.470400e-02	2.473872e-01
2.472960e-02	2.478507e-01
2.475520e-02	2.482529e-01
2.478080e-02	2.485636e-01
2.480640e-02	2.487825e-01
2.483200e-02	2.488515e-01
2.485760e-02	2.490018e-01
2.488320e-02	2.490555e-01
2.490880e-02	2.488926e-01
2.493440e-02	2.487541e-01
2.496000e-02	2.486165e-01
2.498560e-02	2.482920e-01
2.501120e-02	2.478712e-01
2.503680e-02	2.473908e-01
2.506240e-02	2.468852e-01
2.508800e-02	2.462583e-01
2.511360e-02	2.454462e-01
2.513920e-02	2.448523e-01
2.516480e-02	2.440107e-01
2.519040e-02	2.429183e-01
2.521600e-02	2.419703e-01
2.524160e-02	2.409555e-01
2.526720e-02	2.397641e-01
2.529280e-02	2.385745e-01
2.531840e-02	2.371986e-01
2.534400e-02	2.358946e-01
2.536960e-02	2.344615e-01
2.539520e-02	2.328768e-01
2.542080e-02	2.312852e-01
2.544640e-02	2.297106e-01
2.547200e-02	2.280216e-01
2.549760e-02	2.261280e-01
2.552320e-02	2.242417e-01
2.554880e-02	2.221907e-01
2.557440e-02	2.201607e-01
2.560000e-02	2.181306e-01
2.562560e-02	2.160430e-01
2.565120e-02	2.138522e-01
2.567680e-02	2.114804e-01
2.570240e-02	2.090176e-01
2.572800e-02	2.066519e-01
2.575360e-02	2.042408e-01
2.577920e-02	2.016479e-01
2.580480e-02	1.989635e-01
2.583040e-02	1.962137e-01
2.585600e-02	1.935413e-01
2.588160e-02	1.907878e-01
2.590720e-02	1.878404e-01
2.593280e-02	1.847852e-01
2.595840e-02	1.819027e-01
2.598400e-02	1.788292e-01
2.600960e-02	1.756650e-01
2.603520e-02	1.724429e-01
2.606080e-02	1.692434e-01
2.608640e-02	1.658825e-01
2.611200e-02	1.624846e-01
2.613760e-02	1.591437e-01
2.616320e-02	1.555737e-01
2.618880e-02	1.522332e-01
2.621440e-02	1.485989e-01
2.624000e-02	1.449058e-01
2.626560e-02	1.412869e-01
2.629120e-02	1.375768e-01
2.631680e-02	1.337724e-01
2.634240e-02	1.299748e-01
2.636800e-02	1.261511e-01
2.639360e-02	1.220815e-01
2.641920e-02	1.182212e-01
2.644480e-02	1.142204e-01
2.647040e-02	1.102883e-01
2.649600e-02	1.060492e-01
2.652160e-02	1.019483e-01
2.654720e-02	9.781239e-02
2.657280e-02	9.359015e-02
2.659840e-02	8.938441e-02
2.662400e-02	8.502619e-02
2.664960e-02	8.086815e-02
2.667520e-02	7.638060e-02
2.670080e-02	7.204953e-02
2.672640e-02	6.775796e-02
2.675200e-02	6.310629e-02
2.677760e-02	5.863286e-02
2.680320e-02	5.430714e-02
2.682880e-02	4.967968e-02
2.685440e-02	4.519863e-02
2.688000e-02	4.065459e-02
2.690560e-02	3.593405e-02
2.693120e-02	3.128025e-02
2.695680e-02	2.674658e-02
2.698240e-02	2.207567e-02
2.700800e-02	1.733971e-02
2.703360e-02	1.254483e-02
2.705920e-02	7.985312e-03
2.708480e-02	3.331675e-03
2.711040e-02	-1.598604e-03
2.713600e-02	-6.256239e-03
2.716160e-02	-1.108051e-02
2.718720e-02	-1.577176e-02
2.721280e-02	-2.050860e-02
2.723840e-02	-2.536145e-02
2.726400e-02	-3.010781e-02
2.728960e-02	-3.485738e-02
2.731520e-02	-3.980961e-02
2.734080e-02	-4.458626e-02
2.736640e-02	-4.939758e-02
2.739200e-02	-5.421129e-02
2.741760e-02	-5.890216e-02
2.744320e-02	-6.383368e-02
2.746880e-02	-6.866588e-02
2.749440e-02	-7.335851e-02
2.752000e-02	-7.824452e-02
2.754560e-02	-8.296684e-02
2.757120e-02	-8.771079e-02
2.759680e-02	-9.255446e-02
2.762240e-02	-9.720516e-02
2.764800e-02	-1.020361e-01
2.767360e-02	-1.067424e-01
2.769920e-02	-1.115091e-01
2.772480e-02	-1.162377e-01
2.775040e-02	-1.207966e-01
2.777600e-02	-1.255238e-01
2.780160e-02	-1.301218e-01
2.782720e-02	-1.347584e-01
2.785280e-02	-1.393833e-01
2.787840e-02	-1.438908e-01
2.790400e-02	-1.485631e-01
2.792960e-02	-1.530450e-01
2.795520e-02	-1.574470e-01
2.798080e-02	-1.620038e-01
2.800640e-02	-1.664271e-01
2.803200e-02	-1.708567e-01
2.805760e-02	-1.752468e-01
2.808320e-02	-1.796031e-01
2.810880e-02	-1.839167e-01
2.813440e-02	-1.881845e-01
2.816000e-02	-1.924178e-01
2.818560e-02	-1.966150e-01
2.821120e-02	-2.008734e-01
2.823680e-02	-2.049543e-01
2.826240e-02	-2.089741e-01
2.828800e-02	-2.131473e-01
2.831360e-02	-2.170675e-01
2.833920e-02	-2.210089e-01
2.836480e-02	-2.249165e-01
2.839040e-02	-2.287798e-01
2.841600e-02	-2.326996e-01
2.844160e-02	-2.363874e-01
2.846720e-02	-2.400886e-01
2.849280e-02	-2.438248e-01
2.851840e-02	-2.474804e-01
2.854400e-02	-2.509646e-01
2.856960e-02	-2.544820e-01
2.859520e-02	-2.579938e-01
2.862080e-02	-2.615171e-01
2.864640e-02	-2.648108e-01
2.867200e-02	-2.680884e-01
2.869760e-02	-2.714817e-01
2.872320e-02	-2.745963e-01
2.874880e-02	-2.778139e-01
2.877440e-02	-2.808991e-01
2.880000e-02	-2.837393e-01
2.882560e-02	-2.869059e-01
2.885120e-02	-2.897427e-01
2.887680e-02	-2.924972e-01
2.890240e-02	-2.952994e-01
2.892800e-02	-2.979957e-01
2.895360e-02	-3.006697e-01
2.897920e-02	-3.030750e-01
2.900480e-02	-3.057681e-01
2.903040e-02	-3.081930e-01
2.905600e-02	-3.105825e-01
2.908160e-02	-3.129093e-01
2.910720e-02	-3.150741e-01
2.913280e-02	-3.172718e-01
2.915840e-02	-3.193575e-01
2.918400e-02	-3.214144e-01
2.920960e-02	-3.234084e-01
2.923520e-02	-3.253260e-01
2.926080e-02	-3.270792e-01
2.928640e-02	-3.287503e-01
2.931200e-02	-3.304541e-01
2.933760e-02	-3.321661e-01
2.936320e-02	-3.336791e-01
2.938880e-02	-3.350749e-01
2.941440e-02	-3.364405e-01
2.944000e-02	-3.377324e-01
2.946560e-02	-3.390106e-01
2.949120e-02	-3.402502e-01
2.951680e-02	-3.412627e-01
2.954240e-02	-3.422008e-01
2.956800e-02	-3.432664e-01
2.959360e-02	-3.440652e-01
2.961920e-02	-3.448150e-01
2.964480e-02	-3.456215e-01
2.967040e-02	-3.461979e-01
2.969600e-02	-3.467086e-01
2.972160e-02	-3.472150e-01
2.974720e-02	-3.476054e-01
2.977280e-02	-3.478782e-01
2.979840e-02	-3.481216e-01
2.982400e-02	-3.483762e-01
2.984960e-02	-3.484173e-01
2.987520e-02	-3.483499e-01
2.990080e-02	-3.483939e-01
2.992640e-02	-3.481327e-01
2.995200e-02	-3.479601e-01
2.997760e-02	-3.475746e-01
3.000320e-02	-3.473205e-01
3.002880e-02	-3.467904e-01
3.005440e-02	-3.462693e-01
3.008000e-02	-3.457161e-01
3.010560e-02	-3.449160e-01
3.013120e-02	-3.442643e-01
3.015680e-02	-3.433458e-01
3.018240e-02	-3.424981e-01
3.020800e-02	-3.415374e-01
3.023360e-02	-3.403977e-01
3.025920e-02	-3.393351e-01
3.028480e-02	-3.381819e-01
3.031040e-02	-3.367532e-01
3.033600e-02	-3.353531e-01
3.036160e-02	-3.339968e-01
3.038720e-02	-3.324299e-01
3.041280e-02	-3.308912e-01
3.043840e-02	-3.291956e-01
3.046400e-02	-3.274314e-01
3.048960e-02	-3.257055e-01
3.051520e-02	-3.237965e-01
3.054080e-02	-3.217737e-01
3.056640e-02	-3.197416e-01
3.059200e-02	-3.177017e-01
3.061760e-02	-3.155383e-01
3.064320e-02	-3.133404e-01
3.066880e-02	-3.110569e-01
3.069440e-02	-3.087686e-01
3.072000e-02	-3.062311e-01
3.074560e-02	-3.036477e-01
3.077120e-02	-3.011683e-01
3.079680e-02	-2.985255e-01
3.082240e-02	-2.958812e-01
3.084800e-02	-2.930107e-01
3.087360e-02	-2.901925e-01
3.089920e-02	-2.873642e-01
3.092480e-02	-2.844195e-01
3.095040e-02	-2.813713e-01
3.097600e-02	-2.782653e-01
3.100160e-02	-2.752911e-01
3.102720e-02	-2.720482e-01
3.105280e-02	-2.687850e-01
3.107840e-02	-2.654893e-01
3.110400e-02	-2.621541e-01
3.112960e-02	-2.587517e-01
3.115520e-02	-2.553259e-01
3.118080e-02	-2.517895e-01
3.120640e-02	-2.480517e-01
3.123200e-02	-2.445486e-01
3.125760e-02	-2.409028e-01
3.128320e-02	-2.371362e-01
3.130880e-02	-2.334061e-01
3.133440e-02	-2.295533e-01
3.136000e-02	-2.257172e-01
3.138560e-02	-2.217803e-01
3.141120e-02	-2.179455e-01
3.143680e-02	-2.138187e-01
3.146240e-02	-2.098172e-01
3.148800e-02	-2.057109e-01
3.151360e-02	-2.015058e-01
3.153920e-02	-1.974513e-01
3.156480e-02	-1.932506e-01
3.159040e-02	-1.890674e-01
3.161600e-02	-1.846820e-01
3.164160e-02	-1.804530e-01
3.166720e-02	-1.761437e-01
3.169280e-02	-1.717214e-01
3.171840e-02	-1.672525e-01
3.174400e-02	-1.628873e-01
3.176960e-02	-1.584083e-01
3.179520e-02	-1.537362e-01
3.182080e-02	-1.494252e-01
3.184640e-02	-1.447158e-01
3.187200e-02	-1.401657e-01
3.189760e-02	-1.356261e-01
3.192320e-02	-1.309645e-01
3.194880e-02	-1.264442e-01
3.197440e-02	-1.216946e-01
3.200000e-02	-1.170950e-01
3.202560e-02	-1.122567e-01
3.205120e-02	-1.076766e-01
3.207680e-02	-1.028041e-01
3.210240e-02	-9.817310e-02
3.212800e-02	-9.341637e-02
3.215360e-02	-8.843873e-02
3.217920e-02	-8.394543e-02
3.220480e-02	-7.903536e-02
3.223040e-02	-7.411437e-02
3.225600e-02	-6.934407e-02
3.228160e-02	-6.479325e-02
3.230720e-02	-5.987414e-02
3.233280e-02	-5.511497e-02
3.235840e-02	-5.033935e-02
3.238400e-02	-4.533154e-02
3.240960e-02	-4.062471e-02
3.243520e-02	-3.575093e-02
3.246080e-02	-3.101877e-02
3.248640e-02	-2.617036e-02
3.251200e-02	-2.138662e-02
3.253760e-02	-1.662561e-02
3.256320e-02	-1.193569e-02
3.258880e-02	-7.133551e-03
3.261440e-02	-2.282670e-03
3.264000e-02	2.437251e-03
3.266560e-02	7.242803e-03
3.269120e-02	1.185596e-02
3.271680e-02	1.660805e-02
3.274240e-02	2.124011e-02
3.276800e-02	2.591455e-02
3.279360e-02	3.063779e-02
3.281920e-02	3.527455e-02
3.284480e-02	3.993103e-02
3.287040e-02	4.441500e-02
3.289600e-02	4.889707e-02
3.292160e-02	5.345087e-02
3.294720e-02	5.796985e-02
3.297280e-02	6.246566e-02
3.299840e-02	6.691575e-02
3.302400e-02	7.131947e-02
3.304960e-02	7.569090e-02
3.307520e-02	8.003035e-02
3.310080e-02	8.441970e-02
3.312640e-02	8.868439e-02
3.315200e-02	9.293997e-02
3.317760e-02	9.721465e-02
3.320320e-02	1.013156e-01
3.322880e-02	1.053721e-01
3.325440e-02	1.094486e-01
3.328000e-02	1.135801e-01
3.330560e-02	1.175538e-01
3.333120e-02	1.215269e-01
3.335680e-02	1.254334e-01
3.338240e-02	1.292999e-01
3.340800e-02	1.331670e-01
3.343360e-02	1.368794e-01
3.345920e-02	1.406856e-01
3.348480e-02	1.443035e-01
3.351040e-02	1.480523e-01
3.353600e-02	1.516384e-01
3.356160e-02	1.549881e-01
3.358720e-02	1.585180e-01
3.361280e-02	1.619543e-01
3.363840e-02	1.653773e-01
3.366400e-02	1.686661e-01
3.368960e-02	1.720232e-01
3.371520e-02	1.752164e-01
3.374080e-02	1.782638e-01
3.376640e-02	1.813495e-01
3.379200e-02	1.843639e-01
3.381760e-02	1.873057e-01
3.384320e-02	1.901084e-01
3.386880e-02	1.930750e-01
3.389440e-02	1.958791e-01
3.392000e-02	1.984510e-01
3.394560e-02	2.011997e-01
3.397120e-02	2.037814e-01
3.399680e-02	2.061873e-01
3.402240e-02	2.087800e-01
3.404800e-02	2.111175e-01
3.407360e-02	2.134158e-01
3.409920e-02	2.157521e-01
3.412480e-02	2.177508e-01
3.415040e-02	2.199647e-01
3.417600e-02	2.219671e-01
3.420160e-02	2.239202e-01
3.422720e-02	2.258603e-01
3.425280e-02	2.275820e-01
3.427840e-02	2.294477e-01
3.430400e-02	2.311551e-01
3.432960e-02	2.327231e-01
3.435520e-02	2.341514e-01
3.438080e-02	2.356401e-01
3.440640e-02	2.371295e-01
3.443200e-02	2.383068e-01
3.445760e-02	2.395912e-01
3.448320e-02	2.408218e-01
3.450880e-02	2.418317e-01
3.453440e-02	2.429141e-01
3.456000e-02	2.437419e-01
3.458560e-02	2.446962e-01
3.461120e-02	2.454672e-01
3.463680e-02	2.460793e-01
3.466240e-02	2.467868e-01
3.468800e-02	2.473565e-01
3.471360e-02	2.478569e-01
3.473920e-02	2.480890e-01
3.476480e-02	2.485191e-01
3.479040e-02	2.488046e-01
3.481600e-02	2.489020e-01
3.484160e-02	2.489967e-01
3.486720e-02	2.490431e-01
3.489280e-02	2.490045e-01
3.491840e-02	2.488191e-01
3.494400e-02	2.486134e-01
3.496960e-02	2.482332e-01
3.499520e-02	2.479393e-01
3.502080e-02	2.474397e-01
3.504640e-02	2.468378e-01
3.507200e-02	2.462644e-01
3.509760e-02	2.456345e-01
3.512320e-02	2.448664e-01
3.514880e-02	2.438785e-01
3.517440e-02	2.430809e-01
3.520000e-02	2.421500e-01
3.522560e-02	2.410651e-01
3.525120e-02	2.399591e-01
3.527680e-02	2.387404e-01
3.530240e-02	2.374832e-01
3.532800e-02	2.360424e-01
3.535360e-02	2.345218e-01
3.537920e-02	2.330474e-01
3.540480e-02	2.314392e-01
3.543040e-02	2.297303e-01
3.545600e-02	2.281740e-01
3.548160e-02	2.261169e-01
3.550720e-02	2.243909e-01
3.553280e-02	2.224948e-01
3.555840e-02	2.203153e-01
3.558400e-02	2.184398e-01
3.560960e-02	2.161798e-01
3.563520e-02	2.138613e-01
3.566080e-02	2.115802e-01
3.568640e-02	2.093026e-01
3.571200e-02	2.068111e-01
3.573760e-02	2.043628e-01
3.576320e-02	2.018823e-01
3.578880e-02	1.992068e-01
3.581440e-02	1.964702e-01
3.584000e-02	1.937404e-01
3.586560e-02	1.909185e-01
3.589120e-02	1.880129e-01
3.591680e-02	1.851536e-01
3.594240e-02	1.820087e-01
3.596800e-02	1.790136e-01
3.599360e-02	1.758660e-01
3.601920e-02	1.726618e-01
3.604480e-02	1.694996e-01
3.607040e-02	1.661770e-01
3.609600e-02	1.628574e-01
3.612160e-02	1.594792e-01
3.614720e-02	1.558807e-01
3.617280e-02	1.523234e-01
3.619840e-02	1.489485e-01
3.622400e-02	1.452737e-01
3.624960e-02	1.415857e-01
3.627520e-02	1.378141e-01
3.630080e-02	1.340527e-01
3.632640e-02	1.303129e-01
3.635200e-02	1.264309e-01
3.637760e-02	1.224823e-01
3.640320e-02	1.184437e-01
3.642880e-02	1.146356e-01
3.645440e-02	1.105178e-01
3.648000e-02	1.063358e-01
3.650560e-02	1.023775e-01
3.653120e-02	9.817380e-02
3.655680e-02	9.391686e-02
3.658240e-02	8.979395e-02
3.660800e-02	8.542422e-02
3.663360e-02	8.116855e-02
3.665920e-02	7.679392e-02
3.668480e-02	7.238915e-02
3.671040e-02	6.817503e-02
3.673600e-02	6.366250e-02
3.676160e-02	5.906441e-02
3.678720e-02	5.461273e-02
3.681280e-02	5.010145e-02
3.683840e-02	4.547537e-02
3.686400e-02	4.099264e-02
3.688960e-02	3.652520e-02
3.691520e-02	3.175696e-02
3.694080e-02	2.704978e-02
3.696640e-02	2.252791e-02
3.699200e-02	1.777401e-02
3.701760e-02	1.308249e-02
3.704320e-02	8.344120e-03
3.706880e-02	3.595960e-03
3.709440e-02	-1.046791e-03
3.712000e-02	-5.894810e-03
3.714560e-02	-1.062863e-02
3.717120e-02	-1.533919e-02
3.719680e-02	-2.011409e-02
3.722240e-02	-2.490678e-02
3.724800e-02	-2.968029e-02
3.727360e-02	-3.457727e-02
3.729920e-02	-3.927863e-02
3.732480e-02	-4.404663e-02
3.735040e-02	-4.895276e-02
3.737600e-02	-5.364818e-02
3.740160e-02	-5.863298e-02
3.742720e-02	-6.349275e-02
3.745280e-02	-6.820805e-02
3.747840e-02	-7.291745e-02
3.750400e-02	-7.774539e-02
3.752960e-02	-8.264279e-02
3.755520e-02	-8.733641e-02
3.758080e-02	-9.208228e-02
3.760640e-02	-9.682441e-02
3.763200e-02	-1.016802e-01
3.765760e-02	-1.062659e-01
3.768320e-02	-1.110142e-01
3.770880e-02	-1.157625e-01
3.773440e-02	-1.203509e-01
3.776000e-02	-1.250794e-01
3.778560e-02	-1.296702e-01
3.781120e-02	-1.342212e-01
3.783680e-02	-1.389245e-01
3.786240e-02	-1.435457e-01
3.788800e-02	-1.481145e-01
3.791360e-02	-1.526730e-01
3.793920e-02	-1.571011e-01
3.796480e-02	-1.615105e-01
3.799040e-02	-1.659932e-01
3.801600e-02	-1.703685e-01
3.804160e-02	-1.747960e-01
3.806720e-02	-1.791400e-01
3.809280e-02	-1.834852e-01
3.811840e-02	-1.877804e-01
3.814400e-02	-1.919596e-01
3.816960e-02	-1.961345e-01
3.819520e-02	-2.003846e-01
3.822080e-02	-2.045721e-01
3.824640e-02	-2.086297e-01
3.827200e-02	-2.127099e-01
3.829760e-02	-2.165791e-01
3.832320e-02	-2.206547e-01
3.834880e-02	-2.245938e-01
3.837440e-02	-2.284440e-01
3.840000e-02	-2.323810e-01
3.842560e-02	-2.360186e-01
3.845120e-02	-2.397864e-01
3.847680e-02	-2.434553e-01
3.850240e-02	-2.471181e-01
3.852800e-02	-2.507360e-01
3.855360e-02	-2.542357e-01
3.857920e-02	-2.577446e-01
3.860480e-02	-2.611064e-01
3.863040e-02	-2.644553e-01
3.865600e-02	-2.677967e-01
3.868160e-02	-2.710178e-01
3.870720e-02	-2.742404e-01
3.873280e-02	-2.774184e-01
3.875840e-02	-2.804795e-01
3.878400e-02	-2.835062e-01
3.880960e-02	-2.865425e-01
3.883520e-02	-2.894451e-01
3.886080e-02	-2.922861e-01
3.888640e-02	-2.950998e-01
3.891200e-02	-2.977077e-01
3.893760e-02	-3.003629e-01
3.896320e-02	-3.028906e-01
3.898880e-02	-3.054521e-01
3.901440e-02	-3.079314e-01
3.904000e-02	-3.102263e-01
3.906560e-02	-3.126802e-01
3.909120e-02	-3.148315e-01
3.911680e-02	-3.170219e-01
3.914240e-02	-3.191403e-01
3.916800e-02	-3.211962e-01
3.919360e-02	-3.231160e-01
3.921920e-02	-3.249651e-01
3.924480e-02	-3.270152e-01
3.927040e-02	-3.286947e-01
3.929600e-02	-3.303114e-01
3.932160e-02	-3.319009e-01
3.934720e-02	-3.334460e-01
3.937280e-02	-3.349652e-01
3.939840e-02	-3.363552e-01
3.942400e-02	-3.376897e-01
3.944960e-02	-3.387503e-01
3.947520e-02	-3.400487e-01
3.950080e-02	-3.411894e-01
3.952640e-02	-3.421355e-01
3.955200e-02	-3.431083e-01
3.957760e-02	-3.439561e-01
3.960320e-02	-3.447688e-01
3.962880e-02	-3.455260e-01
3.965440e-02	-3.461689e-01
3.968000e-02	-3.466167e-01
3.970560e-02	-3.471148e-01
3.973120e-02	-3.474943e-01
3.975680e-02	-3.477463e-01
3.978240e-02	-3.481813e-01
3.980800e-02	-3.482639e-01
3.983360e-02	-3.484316e-01
3.985920e-02	-3.483767e-01
3.988480e-02	-3.482511e-01
3.991040e-02	-3.481984e-01
3.993600e-02	-3.479209e-01
3.996160e-02	-3.476785e-01
3.998720e-02	-3.472758e-01
4.001280e-02	-3.469477e-01
4.003840e-02	-3.463168e-01
4.006400e-02	-3.456681e-01
4.008960e-02	-3.450938e-01
4.011520e-02	-3.441704e-01
4.014080e-02	-3.435712e-01
4.016640e-02	-3.425149e-01
4.019200e-02	-3.415219e-01
4.021760e-02	-3.405247e-01
4.024320e-02	-3.393968e-01
4.026880e-02	-3.381878e-01
4.029440e-02	-3.368739e-01
4.032000e-02	-3.355950e-01
4.034560e-02	-3.340363e-01
4.037120e-02	-3.326138e-01
4.039680e-02	-3.309686e-01
4.042240e-02	-3.293316e-01
4.044800e-02	-3.275369e-01
4.047360e-02	-3.258662e-01
4.049920e-02	-3.240140e-01
4.052480e-02	-3.218960e-01
4.055040e-02	-3.200259e-01
4.057600e-02	-3.179123e-01
4.060160e-02	-3.158269e-01
4.062720e-02	-3.134873e-01
4.065280e-02	-3.112279e-01
4.067840e-02	-3.088771e-01
4.070400e-02	-3.065525e-01
4.072960e-02	-3.039049e-01
4.075520e-02	-3.013602e-01
4.078080e-02	-2.987722e-01
4.080640e-02	-2.959896e-01
4.083200e-02	-2.934258e-01
4.085760e-02	-2.905248e-01
4.088320e-02	-2.876830e-01
4.090880e-02	-2.847391e-01
4.093440e-02	-2.818332e-01
4.096000e-02	-2.786291e-01
4.098560e-02	-2.754000e-01
4.101120e-02	-2.723541e-01
4.103680e-02	-2.691279e-01
4.106240e-02	-2.658862e-01
4.108800e-02	-2.623823e-01
4.111360e-02	-2.589695e-01
4.113920e-02	-2.555951e-01
4.116480e-02	-2.520525e-01
4.119040e-02	-2.485727e-01
4.121600e-02	-2.448998e-01
4.124160e-02	-2.412789e-01
4.126720e-02	-2.375971e-01
4.129280e-02	-2.337857e-01
4.131840e-02	-2.299496e-01
4.134400e-02	-2.260211e-01
4.136960e-02	-2.221991e-01
4.139520e-02	-2.181115e-01
4.142080e-02	-2.142271e-01
4.144640e-02	-2.101379e-01
4.147200e-02	-2.060511e-01
4.149760e-02	-2.020525e-01
4.152320e-02	-1.977780e-01
4.154880e-02	-1.936672e-01
4.157440e-02	-1.893728e-01
4.160000e-02	-1.851379e-01
4.162560e-02	-1.808579e-01
4.165120e-02	-1.764696e-01
4.167680e-02	-1.721119e-01
4.170240e-02	-1.677009e-01
4.172800e-02	-1.633051e-01
4.175360e-02	-1.588482e-01
4.177920e-02	-1.543564e-01
4.180480e-02	-1.496918e-01
4.183040e-02	-1.453106e-01
4.185600e-02	-1.406068e-01
4.188160e-02	-1.359911e-01
4.190720e-02	-1.314894e-01
4.193280e-02	-1.267151e-01
4.195840e-02	-1.221809e-01
4.198400e-02	-1.174703e-01
4.200960e-02	-1.127846e-01
4.203520e-02	-1.080506e-01
4.206080e-02	-1.033141e-01
4.208640e-02	-9.853787e-02
4.211200e-02	-9.378733e-02
4.213760e-02	-8.908301e-02
4.216320e-02	-8.427168e-02
4.218880e-02	-7.958000e-02
4.221440e-02	-7.478063e-02
4.224000e-02	-6.988583e-02
4.226560e-02	-6.506573e-02
4.229120e-02	-6.033401e-02
4.231680e-02	-5.550663e-02
4.234240e-02	-5.077430e-02
4.236800e-02	-4.581257e-02
4.239360e-02	-4.092247e-02
4.241920e-02	-3.627011e-02
4.244480e-02	-3.155112e-02
4.247040e-02	-2.669893e-02
4.249600e-02	-2.185704e-02
4.252160e-02	-1.704850e-02
4.254720e-02	-1.219264e-02
4.257280e-02	-7.560589e-03
4.259840e-02	-2.728038e-03
4.262400e-02	2.043069e-03
4.264960e-02	6.646236e-03
4.267520e-02	1.153123e-02
4.270080e-02	1.620425e-02
4.272640e-02	2.082914e-02
4.275200e-02	2.545218e-02
4.277760e-02	3.015793e-02
4.280320e-02	3.474501e-02
4.282880e-02	3.924936e-02
4.285440e-02	4.388749e-02
4.288000e-02	4.846526e-02
4.290560e-02	5.312831e-02
4.293120e-02	5.760484e-02
4.295680e-02	6.199709e-02
4.298240e-02	6.655639e-02
4.300800e-02	7.088351e-02
4.303360e-02	7.524151e-02
4.305920e-02	7.964975e-02
4.308480e-02	8.385231e-02
4.311040e-02	8.825286e-02
4.313600e-02	9.252901e-02
4.316160e-02	9.660099e-02
4.318720e-02	1.008294e-01
4.321280e-02	1.050265e-01
4.323840e-02	1.090950e-01
4.326400e-02	1.131485e-01
4.328960e-02	1.172275e-01
4.331520e-02	1.210786e-01
4.334080e-02	1.250882e-01
4.336640e-02	1.289719e-01
4.339200e-02	1.327445e-01
4.341760e-02	1.364684e-01
4.344320e-02	1.402408e-01
4.346880e-02	1.440939e-01
4.349440e-02	1.475636e-01
4.352000e-02	1.512530e-01
4.354560e-02	1.548172e-01
4.357120e-02	1.581054e-01
4.359680e-02	1.615561e-01
4.362240e-02	1.650187e-01
4.364800e-02	1.683232e-01
4.367360e-02	1.714935e-01
4.369920e-02	1.748654e-01
4.372480e-02	1.779941e-01
4.375040e-02	1.810724e-01
4.377600e-02	1.839825e-01
4.380160e-02	1.869837e-01
4.382720e-02	1.899661e-01
4.385280e-02	1.926558e-01
4.387840e-02	1.955533e-01
4.390400e-02	1.981674e-01
4.392960e-02	2.009514e-01
4.395520e-02	2.035256e-01
4.398080e-02	2.059244e-01
4.400640e-02	2.086208e-01
4.403200e-02	2.108139e-01
4.405760e-02	2.131931e-01
4.408320e-02	2.154749e-01
4.410880e-02	2.176442e-01
4.413440e-02	2.197116e-01
4.416000e-02	2.217675e-01
4.418560e-02	2.237034e-01
4.421120e-02	2.255109e-01
4.423680e-02	2.274527e-01
4.426240e-02	2.292366e-01
4.428800e-02	2.308486e-01
4.431360e-02	2.324877e-01
4.433920e-02	2.340680e-01
4.436480e-02	2.355837e-01
4.439040e-02	2.369864e-01
4.441600e-02	2.382238e-01
4.444160e-02	2.394075e-01
4.446720e-02	2.407119e-01
4.449280e-02	2.417039e-01
4.451840e-02	2.427604e-01
4.454400e-02	2.437995e-01
4.456960e-02	2.445187e-01
4.459520e-02	2.454194e-01
4.462080e-02	2.460356e-01
4.464640e-02	2.466526e-01
4.467200e-02	2.473031e-01
4.469760e-02	2.478346e-01
4.472320e-02	2.481026e-01
4.474880e-02	2.484821e-01
4.477440e-02	2.487497e-01
4.480000e-02	2.487903e-01
4.482560e-02	2.490415e-01
4.485120e-02	2.489925e-01
4.487680e-02	2.489220e-01
4.490240e-02	2.487935e-01
4.492800e-02	2.485735e-01
4.495360e-02	2.482691e-01
4.497920e-02	2.480321e-01
4.500480e-02	2.475621e-01
4.503040e-02	2.469126e-01
4.505600e-02	2.463629e-01
4.508160e-02	2.457485e-01
4.510720e-02	2.450151e-01
4.513280e-02	2.441745e-01
4.515840e-02	2.431966e-01
4.518400e-02	2.422017e-01
4.520960e-02	2.410914e-01
4.523520e-02	2.400043e-01
4.526080e-02	2.388034e-01
4.528640e-02	2.375456e-01
4.531200e-02	2.361288e-01
4.533760e-02	2.346532e-01
4.536320e-02	2.332305e-01
4.538880e-02	2.316563e-01
4.541440e-02	2.300447e-01
4.544000e-02	2.282050e-01
4.546560e-02	2.264826e-01
4.549120e-02	2.246821e-01
4.551680e-02	2.226535e-01
4.554240e-02	2.205587e-01
4.556800e-02	2.185753e-01
4.559360e-02	2.165083e-01
4.561920e-02	2.141728e-01
4.564480e-02	2.119976e-01
4.567040e-02	2.095176e-01
4.569600e-02	2.070667e-01
4.572160e-02	2.045955e-01
4.574720e-02	2.020646e-01
4.577280e-02	1.993738e-01
4.579840e-02	1.966832e-01
4.582400e-02	1.940547e-01
4.584960e-02	1.911244e-01
4.587520e-02	1.882379e-01
4.590080e-02	1.854593e-01
4.592640e-02	1.823916e-01
4.595200e-02	1.793655e-01
4.597760e-02	1.762219e-01
4.600320e-02	1.729077e-01
4.602880e-02	1.697971e-01
4.605440e-02	1.664452e-01
4.608000e-02	1.631971e-01
4.610560e-02	1.597798e-01
4.613120e-02	1.562488e-01
4.615680e-02	1.528144e-01
4.618240e-02	1.492468e-01
4.620800e-02	1.456515e-01
4.623360e-02	1.419170e-01
4.625920e-02	1.382304e-01
4.628480e-02	1.344331e-01
4.631040e-02	1.306486e-01
4.633600e-02	1.267357e-01
4.636160e-02	1.229004e-01
4.638720e-02	1.189744e-01
4.641280e-02	1.149151e-01
4.643840e-02	1.108894e-01
4.646400e-02	1.067695e-01
4.648960e-02	1.027396e-01
4.651520e-02	9.851985e-02
4.654080e-02	9.434004e-02
4.656640e-02	9.019995e-02
4.659200e-02	8.586697e-02
4.661760e-02	8.172292e-02
4.664320e-02	7.718693e-02
4.666880e-02	7.283927e-02
4.669440e-02	6.859172e-02
4.672000e-02	6.401542e-02
4.674560e-02	5.956860e-02
4.677120e-02	5.504657e-02
4.679680e-02	5.046911e-02
4.682240e-02	4.601958e-02
4.684800e-02	4.140328e-02
4.687360e-02	3.684202e-02
4.689920e-02	3.223907e-02
4.692480e-02	2.751962e-02
4.695040e-02	2.286946e-02
4.697600e-02	1.827550e-02
4.700160e-02	1.351545e-02
4.702720e-02	8.701896e-03
4.705280e-02	4.173177e-03
4.707840e-02	-6.059496e-04
4.710400e-02	-5.451650e-03
4.712960e-02	-1.010900e-02
4.715520e-02	-1.484313e-02
4.718080e-02	-1.965387e-02
4.720640e-02	-2.448342e-02
4.723200e-02	-2.915406e-02
4.725760e-02	-3.398614e-02
4.728320e-02	-3.888651e-02
4.730880e-02	-4.373562e-02
4.733440e-02	-4.854169e-02
4.736000e-02	-5.335901e-02
4.738560e-02	-5.811384e-02
4.741120e-02	-6.293814e-02
4.743680e-02	-6.777082e-02
4.746240e-02	-7.260332e-02
4.748800e-02	-7.733065e-02
4.751360e-02	-8.216849e-02
4.753920e-02	-8.693147e-02
4.756480e-02	-9.158685e-02
4.759040e-02	-9.641422e-02
4.761600e-02	-1.010726e-01
4.764160e-02	-1.058919e-01
4.766720e-02	-1.106750e-01
4.769280e-02	-1.151956e-01
4.771840e-02	-1.199715e-01
4.774400e-02	-1.247249e-01
4.776960e-02	-1.292166e-01
4.779520e-02	-1.339670e-01
4.782080e-02	-1.384608e-01
4.784640e-02	-1.429673e-01
4.787200e-02	-1.476962e-01
4.789760e-02	-1.520868e-01
4.792320e-02	-1.566093e-01
4.794880e-02	-1.611869e-01
4.797440e-02	-1.656964e-01
4.800000e-02	-1.700277e-01
4.802560e-02	-1.743647e-01
4.805120e-02	-1.787073e-01
4.807680e-02	-1.830196e-01
4.810240e-02	-1.873423e-01
4.812800e-02	-1.916797e-01
4.815360e-02	-1.958874e-01
4.817920e-02	-1.999717e-01
4.820480e-02	-2.041675e-01
4.823040e-02	-2.081977e-01
4.825600e-02	-2.123150e-01
4.828160e-02	-2.164403e-01
4.830720e-02	-2.202376e-01
4.833280e-02	-2.242079e-01
4.835840e-02	-2.281479e-01
4.838400e-02	-2.320025e-01
4.840960e-02	-2.356864e-01
4.843520e-02	-2.393904e-01
4.846080e-02	-2.431206e-01
4.848640e-02	-2.467647e-01
4.851200e-02	-2.503637e-01
4.853760e-02	-2.539298e-01
4.856320e-02	-2.574414e-01
4.858880e-02	-2.608323e-01
4.861440e-02	-2.642963e-01
4.864000e-02	-2.675033e-01
4.866560e-02	-2.706973e-01
4.869120e-02	-2.740742e-01
4.871680e-02	-2.772073e-01
4.874240e-02	-2.802549e-01
4.876800e-02	-2.832403e-01
4.879360e-02	-2.861648e-01
4.881920e-02	-2.891892e-01
4.884480e-02	-2.919741e-01
4.887040e-02	-2.948337e-01
4.889600e-02	-2.975196e-01
4.892160e-02	-3.000837e-01
4.894720e-02	-3.027948e-01
4.897280e-02	-3.052253e-01
4.899840e-02	-3.077100e-01
4.902400e-02	-3.100930e-01
4.904960e-02	-3.123916e-01
4.907520e-02	-3.145834e-01
4.910080e-02	-3.168085e-01
4.912640e-02	-3.189053e-01
4.915200e-02	-3.209480e-01
4.917760e-02	-3.230414e-01
4.920320e-02	-3.249557e-01
4.922880e-02	-3.267900e-01
4.925440e-02	-3.284829e-01
4.928000e-02	-3.302317e-01
4.930560e-02	-3.317687e-01
4.933120e-02	-3.333715e-01
4.935680e-02	-3.348793e-01
4.938240e-02	-3.362133e-01
4.940800e-02	-3.375476e-01
4.943360e-02	-3.386719e-01
4.945920e-02	-3.400240e-01
4.948480e-02	-3.411522e-01
4.951040e-02	-3.421016e-01
4.953600e-02	-3.429925e-01
4.956160e-02	-3.439503e-01
4.958720e-02	-3.446924e-01
4.961280e-02	-3.453000e-01
4.963840e-02	-3.460118e-01
4.966400e-02	-3.466870e-01
4.968960e-02	-3.471796e-01
4.971520e-02	-3.474116e-01
4.974080e-02	-3.478639e-01
4.976640e-02	-3.481264e-01
4.979200e-02	-3.483165e-01
4.981760e-02	-3.484848e-01
4.984320e-02	-3.484071e-01
4.986880e-02	-3.483641e-01
4.989440e-02	-3.482323e-01
4.992000e-02	-3.480043e-01
4.994560e-02	-3.476165e-01
4.997120e-02	-3.474269e-01
4.999680e-02	-3.468739e-01
5.002240e-02	-3.463717e-01
5.004800e-02	-3.457291e-01
5.007360e-02	-3.450634e-01
5.009920e-02	-3.444811e-01
5.012480e-02	-3.434877e-01
5.015040e-02	-3.427605e-01
5.017600e-02	-3.417109e-01
5.020160e-02	-3.405304e-01
5.022720e-02	-3.395216e-01
5.025280e-02	-3.383106e-01
5.027840e-02	-3.370788e-01
5.030400e-02	-3.356350e-01
5.032960e-02	-3.342196e-01
5.035520e-02	-3.327180e-01
5.038080e-02	-3.311940e-01
5.040640e-02	-3.295330e-01
5.043200e-02	-3.278225e-01
5.045760e-02	-3.260054e-01
5.048320e-02	-3.239848e-01
5.050880e-02	-3.220902e-01
5.053440e-02	-3.200914e-01
5.056000e-02	-3.180296e-01
5.058560e-02	-3.159898e-01
5.061120e-02	-3.137801e-01
5.063680e-02	-3.115043e-01
5.066240e-02	-3.091100e-01
5.068800e-02	-3.066977e-01
5.071360e-02	-3.043633e-01
5.073920e-02	-3.017364e-01
5.076480e-02	-2.989492e-01
5.079040e-02	-2.963269e-01
5.081600e-02	-2.936785e-01
5.084160e-02	-2.907979e-01
5.086720e-02	-2.879479e-01
5.089280e-02	-2.850027e-01
5.091840e-02	-2.820356e-01
5.094400e-02	-2.789788e-01
5.096960e-02	-2.758189e-01
5.099520e-02	-2.727120e-01
5.102080e-02	-2.693726e-01
5.104640e-02	-2.662002e-01
5.107200e-02	-2.627318e-01
5.109760e-02	-2.594276e-01
5.112320e-02	-2.560911e-01
5.114880e-02	-2.523843e-01
5.117440e-02	-2.488739e-01
5.120000e-02	-2.453201e-01
5.122560e-02	-2.416708e-01
5.125120e-02	-2.379276e-01
5.127680e-02	-2.341795e-01
5.130240e-02	-2.303796e-01
5.132800e-02	-2.264978e-01
5.135360e-02	-2.225358e-01
5.137920e-02	-2.186078e-01
5.140480e-02	-2.145645e-01
5.143040e-02	-2.105637e-01
5.145600e-02	-2.065410e-01
5.148160e-02	-2.024745e-01
5.150720e-02	-1.982854e-01
5.153280e-02	-1.940325e-01
5.155840e-02	-1.898855e-01
5.158400e-02	-1.855569e-01
5.160960e-02	-1.812287e-01
5.163520e-02	-1.768268e-01
5.166080e-02	-1.724362e-01
5.168640e-02	-1.681189e-01
5.171200e-02	-1.636938e-01
5.173760e-02	-1.592211e-01
5.176320e-02	-1.546928e-01
5.178880e-02	-1.501517e-01
5.181440e-02	-1.457052e-01
5.184000e-02	-1.411025e-01
5.186560e-02	-1.365029e-01
5.189120e-02	-1.318517e-01
5.191680e-02	-1.272480e-01
5.194240e-02	-1.226080e-01
5.196800e-02	-1.179541e-01
5.199360e-02	-1.131677e-01
5.201920e-02	-1.084554e-01
5.204480e-02	-1.038085e-01
5.207040e-02	-9.910381e-02
5.209600e-02	-9.434503e-02
5.212160e-02	-8.947003e-02
5.214720e-02	-8.481128e-02
5.217280e-02	-7.986522e-02
5.219840e-02	-7.507721e-02
5.222400e-02	-7.040400e-02
5.224960e-02	-6.546358e-02
5.227520e-02	-6.073799e-02
5.230080e-02	-5.593857e-02
5.232640e-02	-5.122007e-02
5.235200e-02	-4.629994e-02
5.237760e-02	-4.148812e-02
5.240320e-02	-3.660291e-02
5.242880e-02	-3.188050e-02
5.245440e-02	-2.708169e-02
5.248000e-02	-2.230683e-02
5.250560e-02	-1.750276e-02
5.253120e-02	-1.268443e-02
5.255680e-02	-8.026139e-03
5.258240e-02	-3.144868e-03
5.260800e-02	1.479153e-03
5.263360e-02	6.365114e-03
5.265920e-02	1.099451e-02
5.268480e-02	1.567768e-02
5.271040e-02	2.043973e-02
5.273600e-02	2.494599e-02
5.276160e-02	2.967942e-02
5.278720e-02	3.423404e-02
5.281280e-02	3.898108e-02
5.283840e-02	4.360553e-02
5.286400e-02	4.818354e-02
5.288960e-02	5.260403e-02
5.291520e-02	5.719437e-02
5.294080e-02	6.169822e-02
5.296640e-02	6.607720e-02
5.299200e-02	7.056276e-02
5.301760e-02	7.489920e-02
5.304320e-02	7.912276e-02
5.306880e-02	8.356615e-02
5.309440e-02	8.787863e-02
5.312000e-02	9.208856e-02
5.314560e-02	9.628582e-02
5.317120e-02	1.004709e-01
5.319680e-02	1.046536e-01
5.322240e-02	1.086856e-01
5.324800e-02	1.128405e-01
5.327360e-02	1.167545e-01
5.329920e-02	1.207881e-01
5.332480e-02	1.247073e-01
5.335040e-02	1.285755e-01
5.337600e-02	1.325557e-01
5.340160e-02	1.362594e-01
5.342720e-02	1.400123e-01
5.345280e-02	1.436603e-01
5.347840e-02	1.472607e-01
5.350400e-02	1.508625e-01
5.352960e-02	1.543632e-01
5.355520e-02	1.578795e-01
5.358080e-02	1.614742e-01
5.360640e-02	1.646745e-01
5.363200e-02	1.679585e-01
5.365760e-02	1.713853e-01
5.368320e-02	1.745380e-01
5.370880e-02	1.777066e-01
5.373440e-02	1.808040e-01
5.376000e-02	1.836992e-01
5.378560e-02	1.867498e-01
5.381120e-02	1.897417e-01
5.383680e-02	1.926612e-01
5.386240e-02	1.953864e-01
5.388800e-02	1.979260e-01
5.391360e-02	2.006323e-01
5.393920e-02	2.032735e-01
5.396480e-02	2.059067e-01
5.399040e-02	2.083398e-01
5.401600e-02	2.106292e-01
5.404160e-02	2.130546e-01
5.406720e-02	2.152583e-01
5.409280e-02	2.173874e-01
5.411840e-02	2.195665e-01
5.414400e-02	2.216714e-01
5.416960e-02	2.235937e-01
5.419520e-02	2.255137e-01
5.422080e-02	2.272889e-01
5.424640e-02	2.290207e-01
5.427200e-02	2.308013e-01
5.429760e-02	2.323097e-01
5.432320e-02	2.339756e-01
5.434880e-02	2.354666e-01
5.437440e-02	2.368053e-01
5.440000e-02	2.381542e-01
5.442560e-02	2.392805e-01
5.445120e-02	2.406880e-01
5.447680e-02	2.416334e-01
5.450240e-02	2.425986e-01
5.452800e-02	2.436594e-01
5.455360e-02	2.444941e-01
5.457920e-02	2.453517e-01
5.460480e-02	2.460720e-01
5.463040e-02	2.466786e-01
5.465600e-02	2.472531e-01
5.468160e-02	2.478565e-01
5.470720e-02	2.481336e-01
5.473280e-02	2.484420e-01
5.475840e-02	2.487854e-01
5.478400e-02	2.490016e-01
5.480960e-02	2.489186e-01
5.483520e-02	2.489739e-01
5.486080e-02	2.489699e-01
5.488640e-02	2.487297e-01
5.491200e-02	2.487113e-01
5.493760e-02	2.483857e-01
5.496320e-02	2.481412e-01
5.498880e-02	2.475169e-01
5.501440e-02	2.469695e-01
5.504000e-02	2.464680e-01
5.506560e-02	2.456486e-01
5.509120e-02	2.449289e-01
5.511680e-02	2.441215e-01
5.514240e-02	2.433125e-01
5.516800e-02	2.422594e-01
5.519360e-02	2.413300e-01
5.521920e-02	2.400790e-01
5.524480e-02	2.389016e-01
5.527040e-02	2.377285e-01
5.529600e-02	2.361988e-01
5.532160e-02	2.348677e-01
5.534720e-02	2.333034e-01
5.537280e-02	2.318515e-01
5.539840e-02	2.301826e-01
5.542400e-02	2.283977e-01
5.544960e-02	2.267832e-01
5.547520e-02	2.248300e-01
5.550080e-02	2.228797e-01
5.552640e-02	2.208644e-01
5.555200e-02	2.187067e-01
5.557760e-02	2.167429e-01
5.560320e-02	2.144975e-01
5.562880e-02	2.121454e-01
5.565440e-02	2.097860e-01
5.568000e-02	2.072425e-01
5.570560e-02	2.048493e-01
5.573120e-02	2.022890e-01
5.575680e-02	1.997307e-01
5.578240e-02	1.970266e-01
5.580800e-02	1.942541e-01
5.583360e-02	1.915731e-01
5.585920e-02	1.885030e-01
5.588480e-02	1.855885e-01
5.591040e-02	1.826914e-01
5.593600e-02	1.795323e-01
5.596160e-02	1.764751e-01
5.598720e-02	1.732915e-01
5.601280e-02	1.700382e-01
5.603840e-02	1.669138e-01
5.606400e-02	1.633778e-01
5.608960e-02	1.601194e-01
5.611520e-02	1.567189e-01
5.614080e-02	1.530968e-01
5.616640e-02	1.494551e-01
5.619200e-02	1.459956e-01
5.621760e-02	1.424613e-01
5.624320e-02	1.385350e-01
5.626880e-02	1.348945e-01
5.629440e-02	1.310962e-01
5.632000e-02	1.272580e-01
5.634560e-02	1.233413e-01
5.637120e-02	1.193554e-01
5.639680e-02	1.153194e-01
5.642240e-02	1.113165e-01
5.644800e-02	1.073233e-01
5.647360e-02	1.031977e-01
5.649920e-02	9.901229e-02
5.652480e-02	9.485455e-02
5.655040e-02	9.066494e-02
5.657600e-02	8.626640e-02
5.660160e-02	8.197996e-02
5.662720e-02	7.767775e-02
5.665280e-02	7.331981e-02
5.667840e-02	6.890772e-02
5.670400e-02	6.451419e-02
5.672960e-02	5.999345e-02
5.675520e-02	5.566940e-02
5.678080e-02	5.096341e-02
5.680640e-02	4.639015e-02
5.683200e-02	4.200235e-02
5.685760e-02	3.723300e-02
5.688320e-02	3.272964e-02
5.690880e-02	2.809170e-02
5.693440e-02	2.337757e-02
5.696000e-02	1.872776e-02
5.698560e-02	1.410484e-02
5.701120e-02	9.332482e-03
5.703680e-02	4.580907e-03
5.706240e-02	-1.820133e-04
5.708800e-02	-4.821067e-03
5.711360e-02	-9.519816e-03
5.713920e-02	-1.446783e-02
5.716480e-02	-1.915617e-02
5.719040e-02	-2.404516e-02
5.721600e-02	-2.883799e-02
5.724160e-02	-3.365234e-02
5.726720e-02	-3.851743e-02
5.729280e-02	-4.313044e-02
5.731840e-02	-4.797312e-02
5.734400e-02	-5.288152e-02
5.736960e-02	-5.759368e-02
5.739520e-02	-6.235747e-02
5.742080e-02	-6.714650e-02
5.744640e-02	-7.212488e-02
5.747200e-02	-7.688132e-02
5.749760e-02	-8.153276e-02
5.752320e-02	-8.649047e-02
5.754880e-02	-9.112122e-02
5.757440e-02	-9.577315e-02
5.760000e-02	-1.007556e-01
5.762560e-02	-1.054195e-01
5.765120e-02	-1.101687e-01
5.767680e-02	-1.148197e-01
5.770240e-02	-1.194628e-01
5.772800e-02	-1.241602e-01
5.775360e-02	-1.287992e-01
5.777920e-02	-1.335466e-01
5.780480e-02	-1.381720e-01
5.783040e-02	-1.426573e-01
5.785600e-02	-1.471412e-01
5.788160e-02	-1.517315e-01
5.790720e-02	-1.563462e-01
5.793280e-02	-1.606670e-01
5.795840e-02	-1.651684e-01
5.798400e-02	-1.696138e-01
5.800960e-02	-1.740308e-01
5.803520e-02	-1.782617e-01
5.806080e-02	-1.826731e-01
5.808640e-02	-1.869283e-01
5.811200e-02	-1.911744e-01
5.813760e-02	-1.955136e-01
5.816320e-02	-1.996036e-01
5.818880e-02	-2.037133e-01
5.821440e-02	-2.077390e-01
5.824000e-02	-2.118778e-01
5.826560e-02	-2.159026e-01
5.829120e-02	-2.198854e-01
5.831680e-02	-2.238543e-01
5.834240e-02	-2.276085e-01
5.836800e-02	-2.314846e-01
5.839360e-02	-2.353090e-01
5.841920e-02	-2.390630e-01
5.844480e-02	-2.426854e-01
5.847040e-02	-2.463480e-01
5.849600e-02	-2.499851e-01
5.852160e-02	-2.536277e-01
5.854720e-02	-2.570508e-01
5.857280e-02	-2.604402e-01
5.859840e-02	-2.639873e-01
5.862400e-02	-2.672214e-01
5.864960e-02	-2.704752e-01
5.867520e-02	-2.737664e-01
5.870080e-02	-2.768427e-01
5.872640e-02	-2.799391e-01
5.875200e-02	-2.829915e-01
5.877760e-02	-2.859343e-01
5.880320e-02	-2.887906e-01
5.882880e-02	-2.916920e-01
5.885440e-02	-2.944736e-01
5.888000e-02	-2.972952e-01
5.890560e-02	-2.997954e-01
5.893120e-02	-3.023652e-01
5.895680e-02	-3.050104e-01
5.898240e-02	-3.074816e-01
5.900800e-02	-3.099494e-01
5.903360e-02	-3.121659e-01
5.905920e-02	-3.144009e-01
5.908480e-02	-3.166811e-01
5.911040e-02	-3.186380e-01
5.913600e-02	-3.208233e-01
5.916160e-02	-3.228765e-01
5.918720e-02	-3.247012e-01
5.921280e-02	-3.265788e-01
5.923840e-02	-3.283411e-01
5.926400e-02	-3.300683e-01
5.928960e-02	-3.316508e-01
5.931520e-02	-3.331765e-01
5.934080e-02	-3.346842e-01
5.936640e-02	-3.360797e-01
5.939200e-02	-3.374111e-01
5.941760e-02	-3.386307e-01
5.944320e-02	-3.398109e-01
5.946880e-02	-3.409358e-01
5.949440e-02	-3.420647e-01
5.952000e-02	-3.428786e-01
5.954560e-02	-3.437962e-01
5.957120e-02	-3.446234e-01
5.959680e-02	-3.452741e-01
5.962240e-02	-3.460877e-01
5.964800e-02	-3.464836e-01
5.967360e-02	-3.469791e-01
5.969920e-02	-3.475550e-01
5.972480e-02	-3.477404e-01
5.975040e-02	-3.480130e-01
5.977600e-02	-3.482116e-01
5.980160e-02	-3.484470e-01
5.982720e-02	-3.484030e-01
5.985280e-02	-3.483343e-01
5.987840e-02	-3.482671e-01
5.990400e-02	-3.480353e-01
5.992960e-02	-3.477094e-01
5.995520e-02	-3.473918e-01
5.998080e-02	-3.469985e-01
6.000640e-02	-3.464361e-01
6.003200e-02	-3.458065e-01
6.005760e-02	-3.450717e-01
6.008320e-02	-3.444200e-01
6.010880e-02	-3.437102e-01
6.013440e-02	-3.426918e-01
6.016000e-02	-3.417184e-01
6.018560e-02	-3.407277e-01
6.021120e-02	-3.396675e-01
6.023680e-02	-3.383665e-01
6.026240e-02	-3.371167e-01
6.028800e-02	-3.358321e-01
6.031360e-02	-3.343255e-01
6.033920e-02	-3.329484e-01
6.036480e-02	-3.313224e-01
6.039040e-02	-3.296078e-01
6.041600e-02	-3.279310e-01
6.044160e-02	-3.261051e-01
6.046720e-02	-3.243616e-01
6.049280e-02	-3.223092e-01
6.051840e-02	-3.203858e-01
6.054400e-02	-3.183154e-01
6.056960e-02	-3.161557e-01
6.059520e-02	-3.139341e-01
6.062080e-02	-3.116053e-01
6.064640e-02	-3.093007e-01
6.067200e-02	-3.068627e-01
6.069760e-02	-3.043320e-01
6.072320e-02	-3.018919e-01
6.074880e-02	-2.993688e-01
6.077440e-02	-2.965339e-01
6.080000e-02	-2.937702e-01
6.082560e-02	-2.911052e-01
6.085120e-02	-2.881954e-01
6.087680e-02	-2.852172e-01
6.090240e-02	-2.822073e-01
6.092800e-02	-2.791987e-01
6.095360e-02	-2.760617e-01
6.097920e-02	-2.729103e-01
6.100480e-02	-2.696524e-01
6.103040e-02	-2.664775e-01
6.105600e-02	-2.631722e-01
6.108160e-02	-2.595951e-01
6.110720e-02	-2.562665e-01
6.113280e-02	-2.527717e-01
6.115840e-02	-2.491922e-01
6.118400e-02	-2.455583e-01
6.120960e-02	-2.419308e-01
6.123520e-02	-2.382972e-01
6.126080e-02	-2.345030e-01
6.128640e-02	-2.307187e-01
6.131200e-02	-2.267881e-01
6.133760e-02	-2.228554e-01
6.136320e-02	-2.188861e-01
6.138880e-02	-2.149850e-01
6.141440e-02	-2.109297e-01
6.144000e-02	-2.068365e-01
6.146560e-02	-2.027278e-01
6.149120e-02	-1.986255e-01
6.151680e-02	-1.944106e-01
6.154240e-02	-1.901533e-01
6.156800e-02	-1.859780e-01
6.159360e-02	-1.816196e-01
6.161920e-02	-1.772171e-01
6.164480e-02	-1.729594e-01
6.167040e-02	-1.684668e-01
6.169600e-02	-1.640957e-01
6.172160e-02	-1.596370e-01
6.174720e-02	-1.550849e-01
6.177280e-02	-1.506950e-01
6.179840e-02	-1.460644e-01
6.182400e-02	-1.414908e-01
6.184960e-02	-1.369400e-01
6.187520e-02	-1.322732e-01
6.190080e-02	-1.276412e-01
6.192640e-02	-1.229469e-01
6.195200e-02	-1.183009e-01
6.197760e-02	-1.137005e-01
6.200320e-02	-1.088713e-01
6.202880e-02	-1.041963e-01
6.205440e-02	-9.956162e-02
6.208000e-02	-9.465048e-02
6.210560e-02	-8.999818e-02
6.213120e-02	-8.518667e-02
6.215680e-02	-8.028981e-02
6.218240e-02	-7.566167e-02
6.220800e-02	-7.086792e-02
6.223360e-02	-6.592383e-02
6.225920e-02	-6.112014e-02
6.228480e-02	-5.637269e-02
6.231040e-02	-5.163135e-02
6.233600e-02	-4.673791e-02
6.236160e-02	-4.192605e-02
6.238720e-02	-3.720509e-02
6.241280e-02	-3.232265e-02
6.243840e-02	-2.746387e-02
6.246400e-02	-2.268600e-02
6.248960e-02	-1.780545e-02
6.251520e-02	-1.318407e-02
6.254080e-02	-8.417151e-03
6.256640e-02	-3.602198e-03
6.259200e-02	1.097771e-03
6.261760e-02	5.937081e-03
6.264320e-02	1.067953e-02
6.266880e-02	1.533205e-02
6.269440e-02	2.001698e-02
6.272000e-02	2.475769e-02
6.274560e-02	2.935015e-02
6.277120e-02	3.387272e-02
6.279680e-02	3.846892e-02
6.282240e-02	4.315356e-02
6.284800e-02	4.767188e-02
6.287360e-02	5.214224e-02
6.289920e-02	5.675912e-02
6.292480e-02	6.130085e-02
6.295040e-02	6.563622e-02
6.297600e-02	7.007581e-02
6.300160e-02	7.451990e-02
6.302720e-02	7.880194e-02
6.305280e-02	8.326648e-02
6.307840e-02	8.746706e-02
6.310400e-02	9.169210e-02
6.312960e-02	9.595472e-02
6.315520e-02	1.000542e-01
6.318080e-02	1.042970e-01
6.320640e-02	1.084615e-01
6.323200e-02	1.124447e-01
6.325760e-02	1.164265e-01
6.328320e-02	1.204810e-01
6.330880e-02	1.244840e-01
6.333440e-02	1.282471e-01
6.336000e-02	1.321601e-01
6.338560e-02	1.358663e-01
6.341120e-02	1.396158e-01
6.343680e-02	1.434495e-01
6.346240e-02	1.470059e-01
6.348800e-02	1.505770e-01
6.351360e-02	1.541158e-01
6.353920e-02	1.575953e-01
6.356480e-02	1.610571e-01
6.359040e-02	1.643113e-01
6.361600e-02	1.677760e-01
6.364160e-02	1.710396e-01
6.366720e-02	1.741698e-01
6.369280e-02	1.773834e-01
6.371840e-02	1.804298e-01
6.374400e-02	1.834817e-01
6.376960e-02	1.864609e-01
6.379520e-02	1.894496e-01
6.382080e-02	1.922351e-01
6.384640e-02	1.951246e-01
6.387200e-02	1.978810e-01
6.389760e-02	2.004340e-01
6.392320e-02	2.031032e-01
6.394880e-02	2.055731e-01
6.397440e-02	2.080470e-01
6.400000e-02	2.104657e-01
6.402560e-02	2.128149e-01
6.405120e-02	2.150295e-01
6.407680e-02	2.172142e-01
6.410240e-02	2.193834e-01
6.412800e-02	2.214163e-01
6.415360e-02	2.233503e-01
6.417920e-02	2.254668e-01
6.420480e-02	2.272526e-01
6.423040e-02	2.288716e-01
6.425600e-02	2.306398e-01
6.428160e-02	2.322758e-01
6.430720e-02	2.338358e-01
6.433280e-02	2.353290e-01
6.435840e-02	2.366836e-01
6.438400e-02	2.381108e-01
6.440960e-02	2.393725e-01
6.443520e-02	2.404632e-01
6.446080e-02	2.415989e-01
6.448640e-02	2.426076e-01
6.451200e-02	2.435329e-01
6.453760e-02	2.444098e-01
6.456320e-02	2.452624e-01
6.458880e-02	2.459713e-01
6.461440e-02	2.466422e-01
6.464000e-02	2.473248e-01
6.466560e-02	2.476314e-01
6.469120e-02	2.481500e-01
6.471680e-02	2.484637e-01
6.474240e-02	2.487040e-01
6.476800e-02	2.488831e-01
6.479360e-02	2.489928e-01
6.481920e-02	2.490413e-01
6.484480e-02	2.489695e-01
6.487040e-02	2.490000e-01
6.489600e-02	2.487584e-01
6.492160e-02	2.485013e-01
6.494720e-02	2.480726e-01
6.497280e-02	2.476698e-01
6.499840e-02	2.471526e-01
6.502400e-02	2.464352e-01
6.504960e-02	2.458751e-01
6.507520e-02	2.451272e-01
6.510080e-02	2.443152e-01
6.512640e-02	2.434377e-01
6.515200e-02	2.425386e-01
6.517760e-02	2.413085e-01
6.520320e-02	2.402524e-01
6.522880e-02	2.391505e-01
6.525440e-02	2.377843e-01
6.528000e-02	2.364844e-01
6.530560e-02	2.350025e-01
6.533120e-02	2.335692e-01
6.535680e-02	2.319372e-01
6.538240e-02	2.303094e-01
6.540800e-02	2.286985e-01
6.543360e-02	2.268853e-01
6.545920e-02	2.250253e-01
6.548480e-02	2.229955e-01
6.551040e-02	2.212441e-01
6.553600e-02	2.190011e-01
6.556160e-02	2.167631e-01
6.558720e-02	2.146257e-01
6.561280e-02	2.124030e-01
6.563840e-02	2.100880e-01
6.566400e-02	2.075117e-01
6.568960e-02	2.051722e-01
6.571520e-02	2.025584e-01
6.574080e-02	1.999782e-01
6.576640e-02	1.974050e-01
6.579200e-02	1.945403e-01
6.581760e-02	1.917666e-01
6.584320e-02	1.888854e-01
6.586880e-02	1.860052e-01
6.589440e-02	1.830505e-01
6.592000e-02	1.799414e-01
6.594560e-02	1.768319e-01
6.597120e-02	1.736936e-01
6.599680e-02	1.703908e-01
6.602240e-02	1.671828e-01
6.604800e-02	1.639104e-01
6.607360e-02	1.604968e-01
6.609920e-02	1.569422e-01
6.612480e-02	1.534574e-01
6.615040e-02	1.500027e-01
6.617600e-02	1.463481e-01
6.620160e-02	1.427056e-01
6.622720e-02	1.389817e-01
6.625280e-02	1.352045e-01
6.627840e-02	1.313887e-01
6.630400e-02	1.276174e-01
6.632960e-02	1.235744e-01
6.635520e-02	1.196626e-01
6.638080e-02	1.158401e-01
6.640640e-02	1.116432e-01
6.643200e-02	1.076278e-01
6.645760e-02	1.034988e-01
6.648320e-02	9.941468e-02
6.650880e-02	9.510082e-02
6.653440e-02	9.100439e-02
6.656000e-02	8.675617e-02
6.658560e-02	8.240462e-02
6.661120e-02	7.809383e-02
6.663680e-02	7.367924e-02
6.666240e-02	6.933387e-02
6.668800e-02	6.490185e-02
6.671360e-02	6.043979e-02
6.673920e-02	5.595768e-02
6.676480e-02	5.150951e-02
6.679040e-02	4.690002e-02
6.681600e-02	4.241686e-02
6.684160e-02	3.779894e-02
6.686720e-02	3.316966e-02
6.689280e-02	2.858128e-02
6.691840e-02	2.387928e-02
6.694400e-02	1.923518e-02
6.696960e-02	1.448180e-02
6.699520e-02	9.833920e-03
6.702080e-02	5.020869e-03
6.704640e-02	3.020870e-04
6.707200e-02	-4.336526e-03
6.709760e-02	-9.126509e-03
6.712320e-02	-1.388180e-02
6.714880e-02	-1.875445e-02
6.717440e-02	-2.359541e-02
6.720000e-02	-2.816831e-02
6.722560e-02	-3.307434e-02
6.725120e-02	-3.786171e-02
6.727680e-02	-4.270718e-02
6.730240e-02	-4.766009e-02
6.732800e-02	-5.215965e-02
6.735360e-02	-5.704482e-02
6.737920e-02	-6.198272e-02
6.740480e-02	-6.671859e-02
6.743040e-02	-7.156353e-02
6.745600e-02	-7.631944e-02
6.748160e-02	-8.116183e-02
6.750720e-02	-8.586812e-02
6.753280e-02	-9.071101e-02
6.755840e-02	-9.538502e-02
6.758400e-02	-1.000643e-01
6.760960e-02	-1.049721e-01
6.763520e-02	-1.096662e-01
6.766080e-02	-1.142202e-01
6.768640e-02	-1.189767e-01
6.771200e-02	-1.237438e-01
6.773760e-02	-1.283679e-01
6.776320e-02	-1.330407e-01
6.778880e-02	-1.376319e-01
6.781440e-02	-1.421032e-01
6.784000e-02	-1.467380e-01
6.786560e-02	-1.512558e-01
6.789120e-02	-1.557044e-01
6.791680e-02	-1.601815e-01
6.794240e-02	-1.647174e-01
6.796800e-02	-1.691939e-01
6.799360e-02	-1.734814e-01
6.801920e-02	-1.778606e-01
6.804480e-02	-1.822839e-01
6.807040e-02	-1.865211e-01
6.809600e-02	-1.906074e-01
6.812160e-02	-1.949105e-01
6.814720e-02	-1.992681e-01
6.817280e-02	-2.033041e-01
6.819840e-02	-2.073498e-01
6.822400e-02	-2.113717e-01
6.824960e-02	-2.155166e-01
6.827520e-02	-2.193249e-01
6.830080e-02	-2.233817e-01
6.832640e-02	-2.272819e-01
6.835200e-02	-2.311004e-01
6.837760e-02	-2.349851e-01
6.840320e-02	-2.385885e-01
6.842880e-02	-2.423490e-01
6.845440e-02	-2.460378e-01
6.848000e-02	-2.496928e-01
6.850560e-02	-2.531496e-01
6.853120e-02	-2.567224e-01
6.855680e-02	-2.601819e-01
6.858240e-02	-2.635003e-01
6.860800e-02	-2.669347e-01
6.863360e-02	-2.701633e-01
6.865920e-02	-2.733527e-01
6.868480e-02	-2.764747e-01
6.871040e-02	-2.795773e-01
6.873600e-02	-2.825966e-01
6.876160e-02	-2.855436e-01
6.878720e-02	-2.884910e-01
6.881280e-02	-2.913167e-01
6.883840e-02	-2.941178e-01
6.886400e-02	-2.969045e-01
6.888960e-02	-2.995420e-01
6.891520e-02	-3.021857e-01
6.894080e-02	-3.046655e-01
6.896640e-02	-3.070851e-01
6.899200e-02	-3.095506e-01
6.901760e-02	-3.119836e-01
6.904320e-02	-3.141181e-01
6.906880e-02	-3.163371e-01
6.909440e-02	-3.184585e-01
6.912000e-02	-3.205578e-01
6.914560e-02	-3.225412e-01
6.917120e-02	-3.245679e-01
6.919680e-02	-3.263100e-01
6.922240e-02	-3.280468e-01
6.924800e-02	-3.300159e-01
6.927360e-02	-3.314041e-01
6.929920e-02	-3.329260e-01
6.932480e-02	-3.345909e-01
6.935040e-02	-3.359770e-01
6.937600e-02	-3.373176e-01
6.940160e-02	-3.385307e-01
6.942720e-02	-3.397150e-01
6.945280e-02	-3.408328e-01
6.947840e-02	-3.418178e-01
6.950400e-02	-3.427843e-01
6.952960e-02	-3.437853e-01
6.955520e-02	-3.444689e-01
6.958080e-02	-3.452150e-01
6.960640e-02	-3.459256e-01
6.963200e-02	-3.464226e-01
6.965760e-02	-3.470664e-01
6.968320e-02	-3.473684e-01
6.970880e-02	-3.477083e-01
6.973440e-02	-3.480405e-01
6.976000e-02	-3.481503e-01
6.978560e-02	-3.482898e-01
6.981120e-02	-3.483155e-01
6.983680e-02	-3.483717e-01
6.986240e-02	-3.481038e-01
6.988800e-02	-3.479893e-01
6.991360e-02	-3.477325e-01
6.993920e-02	-3.473145e-01
6.996480e-02	-3.469887e-01
6.999040e-02	-3.465430e-01
7.001600e-02	-3.459392e-01
7.004160e-02	-3.451469e-01
7.006720e-02	-3.444532e-01
7.009280e-02	-3.436378e-01
7.011840e-02	-3.427857e-01
7.014400e-02	-3.418330e-01
7.016960e-02	-3.407089e-01
7.019520e-02	-3.396477e-01
7.022080e-02	-3.384707e-01
7.024640e-02	-3.372410e-01
7.027200e-02	-3.358396e-01
7.029760e-02	-3.343906e-01
7.032320e-02	-3.329290e-01
7.034880e-02	-3.313821e-01
7.037440e-02	-3.297748e-01
7.040000e-02	-3.280754e-01
7.042560e-02	-3.261697e-01
7.045120e-02	-3.245208e-01
7.047680e-02	-3.225787e-01
7.050240e-02	-3.204185e-01
7.052800e-02	-3.184306e-01
7.055360e-02	-3.162737e-01
7.057920e-02	-3.140835e-01
7.060480e-02	-3.117225e-01
7.063040e-02	-3.094866e-01
7.065600e-02	-3.071280e-01
7.068160e-02	-3.046874e-01
7.070720e-02	-3.021704e-01
7.073280e-02	-2.994483e-01
7.075840e-02	-2.969041e-01
7.078400e-02	-2.940015e-01
7.080960e-02	-2.913409e-01
7.083520e-02	-2.884883e-01
7.086080e-02	-2.855483e-01
7.088640e-02	-2.825991e-01
7.091200e-02	-2.793936e-01
7.093760e-02	-2.764519e-01
7.096320e-02	-2.732137e-01
7.098880e-02	-2.699778e-01
7.101440e-02	-2.667632e-01
7.104000e-02	-2.633838e-01
7.106560e-02	-2.599944e-01
7.109120e-02	-2.564985e-01
7.111680e-02	-2.530588e-01
7.114240e-02	-2.494680e-01
7.116800e-02	-2.459741e-01
7.119360e-02	-2.423123e-01
7.121920e-02	-2.384737e-01
7.124480e-02	-2.347475e-01
7.127040e-02	-2.309684e-01
7.129600e-02	-2.272100e-01
7.132160e-02	-2.232213e-01
7.134720e-02	-2.192688e-01
7.137280e-02	-2.153179e-01
7.139840e-02	-2.113430e-01
7.142400e-02	-2.072477e-01
7.144960e-02	-2.031555e-01
7.147520e-02	-1.991101e-01
7.150080e-02	-1.947496e-01
7.152640e-02	-1.906115e-01
7.155200e-02	-1.863489e-01
7.157760e-02	-1.819680e-01
7.160320e-02	-1.777686e-01
7.162880e-02	-1.733814e-01
7.165440e-02	-1.688186e-01
7.168000e-02	-1.644402e-01
7.170560e-02	-1.599947e-01
7.173120e-02	-1.555236e-01
7.175680e-02	-1.511030e-01
7.178240e-02	-1.465421e-01
7.180800e-02	-1.419575e-01
7.183360e-02	-1.372807e-01
7.185920e-02	-1.327181e-01
7.188480e-02	-1.281591e-01
7.191040e-02	-1.234314e-01
7.193600e-02	-1.188313e-01
7.196160e-02	-1.140318e-01
7.198720e-02	-1.094156e-01
7.201280e-02	-1.044643e-01
7.203840e-02	-9.993337e-02
7.206400e-02	-9.525825e-02
7.208960e-02	-9.023947e-02
7.211520e-02	-8.567461e-02
7.214080e-02	-8.081394e-02
7.216640e-02	-7.613484e-02
7.219200e-02	-7.126665e-02
7.221760e-02	-6.642982e-02
7.224320e-02	-6.172865e-02
7.226880e-02	-5.674320e-02
7.229440e-02	-5.213093e-02
7.232000e-02	-4.727115e-02
7.234560e-02	-4.232503e-02
7.237120e-02	-3.761013e-02
7.239680e-02	-3.281948e-02
7.242240e-02	-2.780077e-02
7.244800e-02	-2.318378e-02
7.247360e-02	-1.842518e-02
7.249920e-02	-1.351188e-02
7.252480e-02	-8.834907e-03
7.255040e-02	-4.050695e-03
7.257600e-02	7.153033e-04
7.260160e-02	5.348326e-03
7.262720e-02	1.009042e-02
7.265280e-02	1.502092e-02
7.267840e-02	1.964082e-02
7.270400e-02	2.417865e-02
7.272960e-02	2.889766e-02
7.275520e-02	3.353243e-02
7.278080e-02	3.807713e-02
7.280640e-02	4.272764e-02
7.283200e-02	4.735410e-02
7.285760e-02	5.182146e-02
7.288320e-02	5.634863e-02
7.290880e-02	6.068462e-02
7.293440e-02	6.525619e-02
7.296000e-02	6.976346e-02
7.298560e-02	7.398213e-02
7.301120e-02	7.842316e-02
7.303680e-02	8.286077e-02
7.306240e-02	8.711661e-02
7.308800e-02	9.135148e-02
7.311360e-02	9.559233e-02
7.313920e-02	9.981406e-02
7.316480e-02	1.038702e-01
7.319040e-02	1.079028e-01
7.321600e-02	1.120692e-01
7.324160e-02	1.159803e-01
7.326720e-02	1.200580e-01
7.329280e-02	1.240250e-01
7.331840e-02	1.277872e-01
7.334400e-02	1.317790e-01
7.336960e-02	1.355055e-01
7.339520e-02	1.393105e-01
7.342080e-02	1.429945e-01
7.344640e-02	1.465975e-01
7.347200e-02	1.502010e-01
7.349760e-02	1.537378e-01
7.352320e-02	1.572829e-01
7.354880e-02	1.607951e-01
7.357440e-02	1.640963e-01
7.360000e-02	1.674907e-01
7.362560e-02	1.707475e-01
7.365120e-02	1.739190e-01
7.367680e-02	1.771535e-01
7.370240e-02	1.802226e-01
7.372800e-02	1.832486e-01
7.375360e-02	1.862066e-01
7.377920e-02	1.891528e-01
7.380480e-02	1.920045e-01
7.383040e-02	1.947297e-01
7.385600e-02	1.975883e-01
7.388160e-02	2.001511e-01
7.390720e-02	2.027530e-01
7.393280e-02	2.054232e-01
7.395840e-02	2.078470e-01
7.398400e-02	2.102044e-01
7.400960e-02	2.126216e-01
7.403520e-02	2.148740e-01
7.406080e-02	2.170973e-01
7.408640e-02	2.192212e-01
7.411200e-02	2.211945e-01
7.413760e-02	2.231893e-01
7.416320e-02	2.251670e-01
7.418880e-02	2.269885e-01
7.421440e-02	2.286364e-01
7.424000e-02	2.305653e-01
7.426560e-02	2.321970e-01
7.429120e-02	2.336618e-01
7.431680e-02	2.352441e-01
7.434240e-02	2.364646e-01
7.436800e-02	2.379447e-01
7.439360e-02	2.391305e-01
7.441920e-02	2.403373e-01
7.444480e-02	2.415841e-01
7.447040e-02	2.425098e-01
7.449600e-02	2.435081e-01
7.452160e-02	2.444380e-01
7.454720e-02	2.452918e-01
7.457280e-02	2.459734e-01
7.459840e-02	2.465589e-01
7.462400e-02	2.471096e-01
7.464960e-02	2.477221e-01
7.467520e-02	2.481651e-01
7.470080e-02	2.483103e-01
7.472640e-02	2.486746e-01
7.475200e-02	2.489286e-01
7.477760e-02	2.489858e-01
7.480320e-02	2.490338e-01
7.482880e-02	2.490304e-01
7.485440e-02	2.488987e-01
7.488000e-02	2.487077e-01
7.490560e-02	2.484552e-01
7.493120e-02	2.480157e-01
7.495680e-02	2.475885e-01
7.498240e-02	2.471191e-01
7.500800e-02	2.464951e-01
7.503360e-02	2.458796e-01
7.505920e-02	2.451452e-01
7.508480e-02	2.443435e-01
7.511040e-02	2.434433e-01
7.513600e-02	2.425026e-01
7.516160e-02	2.414059e-01
7.518720e-02	2.403684e-01
7.521280e-02	2.391977e-01
7.523840e-02	2.379454e-01
7.526400e-02	2.365218e-01
7.528960e-02	2.352062e-01
7.531520e-02	2.336420e-01
7.534080e-02	2.320412e-01
7.536640e-02	2.304649e-01
7.539200e-02	2.287875e-01
7.541760e-02	2.270459e-01
7.544320e-02	2.250231e-01
7.546880e-02	2.232003e-01
7.549440e-02	2.213458e-01
7.552000e-02	2.191904e-01
7.554560e-02	2.170657e-01
7.557120e-02	2.149400e-01
7.559680e-02	2.125289e-01
7.562240e-02	2.102574e-01
7.564800e-02	2.078527e-01
7.567360e-02	2.053287e-01
7.569920e-02	2.028428e-01
7.572480e-02	2.001880e-01
7.575040e-02	1.975345e-01
7.577600e-02	1.947808e-01
7.580160e-02	1.919601e-01
7.582720e-02	1.890433e-01
7.585280e-02	1.862860e-01
7.587840e-02	1.832611e-01
7.590400e-02	1.802677e-01
7.592960e-02	1.771133e-01
7.595520e-02	1.739168e-01
7.598080e-02	1.708287e-01
7.600640e-02	1.674098e-01
7.603200e-02	1.641690e-01
7.605760e-02	1.607906e-01
7.608320e-02	1.572142e-01
7.610880e-02	1.537023e-01
7.613440e-02	1.503115e-01
7.616000e-02	1.466375e-01
7.618560e-02	1.429060e-01
7.621120e-02	1.393503e-01
7.623680e-02	1.354927e-01
7.626240e-02	1.317419e-01
7.628800e-02	1.277687e-01
7.631360e-02	1.239420e-01
7.633920e-02	1.201680e-01
7.636480e-02	1.161200e-01
7.639040e-02	1.121098e-01
7.641600e-02	1.081229e-01
7.644160e-02	1.039467e-01
7.646720e-02	9.975836e-02
7.649280e-02	9.552965e-02
7.651840e-02	9.136464e-02
7.654400e-02	8.708307e-02
7.656960e-02	8.287068e-02
7.659520e-02	7.859848e-02
7.662080e-02	7.399431e-02
7.664640e-02	6.975506e-02
7.667200e-02	6.541893e-02
7.669760e-02	6.099494e-02
7.672320e-02	5.630182e-02
7.674880e-02	5.180577e-02
7.677440e-02	4.744785e-02
7.680000e-02	4.267009e-02
7.682560e-02	3.816671e-02
7.685120e-02	3.346185e-02
7.687680e-02	2.897181e-02
7.690240e-02	2.426782e-02
7.692800e-02	1.961301e-02
7.695360e-02	1.507578e-02
7.697920e-02	1.019389e-02
7.700480e-02	5.561598e-03
7.703040e-02	8.767644e-04
7.705600e-02	-3.912651e-03
7.708160e-02	-8.748446e-03
7.710720e-02	-1.355348e-02
7.713280e-02	-1.823888e-02
7.715840e-02	-2.308461e-02
7.718400e-02	-2.787100e-02
7.720960e-02	-3.273448e-02
7.723520e-02	-3.744552e-02
7.726080e-02	-4.231615e-02
7.728640e-02	-4.706395e-02
7.731200e-02	-5.175970e-02
7.733760e-02	-5.669137e-02
7.736320e-02	-6.147216e-02
7.738880e-02	-6.623509e-02
7.741440e-02	-7.101605e-02
7.744000e-02	-7.601079e-02
7.746560e-02	-8.070704e-02
7.749120e-02	-8.549252e-02
7.751680e-02	-9.042292e-02
7.754240e-02	-9.489120e-02
7.756800e-02	-9.975447e-02
7.759360e-02	-1.044840e-01
7.761920e-02	-1.091556e-01
7.764480e-02	-1.139620e-01
7.767040e-02	-1.186697e-01
7.769600e-02	-1.233575e-01
7.772160e-02	-1.278564e-01
7.774720e-02	-1.325739e-01
7.777280e-02	-1.372032e-01
7.779840e-02	-1.416625e-01
7.782400e-02	-1.462760e-01
7.784960e-02	-1.507970e-01
7.787520e-02	-1.553197e-01
7.790080e-02	-1.597339e-01
7.792640e-02	-1.642700e-01
7.795200e-02	-1.687131e-01
7.797760e-02	-1.730446e-01
7.800320e-02	-1.775419e-01
7.802880e-02	-1.817596e-01
7.805440e-02	-1.860643e-01
7.808000e-02	-1.903386e-01
7.810560e-02	-1.945284e-01
7.813120e-02	-1.987267e-01
7.815680e-02	-2.029601e-01
7.818240e-02	-2.070423e-01
7.820800e-02	-2.109884e-01
7.823360e-02	-2.151848e-01
7.825920e-02	-2.191004e-01
7.828480e-02	-2.230748e-01
7.831040e-02	-2.270039e-01
7.833600e-02	-2.307911e-01
7.836160e-02	-2.345717e-01
7.838720e-02	-2.383471e-01
7.841280e-02	-2.420665e-01
7.843840e-02	-2.457210e-01
7.846400e-02	-2.493010e-01
7.848960e-02	-2.528459e-01
7.851520e-02	-2.564270e-01
7.854080e-02	-2.597904e-01
7.856640e-02	-2.631654e-01
7.859200e-02	-2.665674e-01
7.861760e-02	-2.699051e-01
7.864320e-02	-2.731326e-01
7.866880e-02	-2.761272e-01
7.869440e-02	-2.792563e-01
7.872000e-02	-2.823602e-01
7.874560e-02	-2.852893e-01
7.877120e-02	-2.882204e-01
7.879680e-02	-2.911275e-01
7.882240e-02	-2.938735e-01
7.884800e-02	-2.966900e-01
7.887360e-02	-2.993176e-01
7.889920e-02	-3.019422e-01
7.892480e-02	-3.045601e-01
7.895040e-02	-3.069674e-01
7.897600e-02	-3.092493e-01
7.900160e-02	-3.117556e-01
7.902720e-02	-3.139134e-01
7.905280e-02	-3.162020e-01
7.907840e-02	-3.183818e-01
7.910400e-02	-3.203086e-01
7.912960e-02	-3.224414e-01
7.915520e-02	-3.242282e-01
7.918080e-02	-3.261376e-01
7.920640e-02	-3.279901e-01
7.923200e-02	-3.296022e-01
7.925760e-02	-3.313328e-01
7.928320e-02	-3.329470e-01
7.930880e-02	-3.343129e-01
7.933440e-02	-3.357057e-01
7.936000e-02	-3.371082e-01
7.938560e-02	-3.384222e-01
7.941120e-02	-3.396237e-01
7.943680e-02	-3.407025e-01
7.946240e-02	-3.417532e-01
7.948800e-02	-3.427132e-01
7.951360e-02	-3.436669e-01
7.953920e-02	-3.443451e-01
7.956480e-02	-3.452213e-01
7.959040e-02	-3.458601e-01
7.961600e-02	-3.464456e-01
7.964160e-02	-3.469898e-01
7.966720e-02	-3.472946e-01
7.969280e-02	-3.477290e-01
7.971840e-02	-3.479720e-01
7.974400e-02	-3.481670e-01
7.976960e-02	-3.482985e-01
7.979520e-02	-3.482894e-01
7.982080e-02	-3.483464e-01
7.984640e-02	-3.480958e-01
7.987200e-02	-3.480079e-01
7.989760e-02	-3.477389e-01
7.992320e-02	-3.473181e-01
7.994880e-02	-3.470535e-01
7.997440e-02	-3.464845e-01
8.000000e-02	-3.460101e-01
8.002560e-02	-3.453865e-01
8.005120e-02	-3.445325e-01
8.007680e-02	-3.437762e-01
8.010240e-02	-3.428059e-01
8.012800e-02	-3.418914e-01
8.015360e-02	-3.407781e-01
8.017920e-02	-3.397289e-01
8.020480e-02	-3.385769e-01
8.023040e-02	-3.373334e-01
8.025600e-02	-3.360637e-01
8.028160e-02	-3.345809e-01
8.030720e-02	-3.331063e-01
8.033280e-02	-3.314904e-01
8.035840e-02	-3.298958e-01
8.038400e-02	-3.281611e-01
8.040960e-02	-3.264458e-01
8.043520e-02	-3.246339e-01
8.046080e-02	-3.226579e-01
8.048640e-02	-3.207882e-01
8.051200e-02	-3.186143e-01
8.053760e-02	-3.166152e-01
8.056320e-02	-3.144607e-01
8.058880e-02	-3.122409e-01
8.061440e-02	-3.098148e-01
8.064000e-02	-3.074373e-01
8.066560e-02	-3.049861e-01
8.069120e-02	-3.023057e-01
8.071680e-02	-2.997187e-01
8.074240e-02	-2.969936e-01
8.076800e-02	-2.944335e-01
8.079360e-02	-2.915870e-01
8.081920e-02	-2.887099e-01
8.084480e-02	-2.858775e-01
8.087040e-02	-2.828597e-01
8.089600e-02	-2.797082e-01
8.092160e-02	-2.766612e-01
8.094720e-02	-2.735662e-01
8.097280e-02	-2.701177e-01
8.099840e-02	-2.671379e-01
8.102400e-02	-2.637300e-01
8.104960e-02	-2.602008e-01
8.107520e-02	-2.568974e-01
8.110080e-02	-2.534120e-01
8.112640e-02	-2.497783e-01
8.115200e-02	-2.463301e-01
8.117760e-02	-2.425361e-01
8.120320e-02	-2.388231e-01
8.122880e-02	-2.351922e-01
8.125440e-02	-2.313186e-01
8.128000e-02	-2.275786e-01
8.130560e-02	-2.235564e-01
8.133120e-02	-2.197133e-01
8.135680e-02	-2.156115e-01
8.138240e-02	-2.116073e-01
8.140800e-02	-2.075900e-01
8.143360e-02	-2.033958e-01
8.145920e-02	-1.993475e-01
8.148480e-02	-1.951381e-01
8.151040e-02	-1.909902e-01
8.153600e-02	-1.866335e-01
8.156160e-02	-1.823974e-01
8.158720e-02	-1.780166e-01
8.161280e-02	-1.737496e-01
8.163840e-02	-1.693182e-01
8.166400e-02	-1.648357e-01
8.168960e-02	-1.605039e-01
8.171520e-02	-1.559719e-01
8.174080e-02	-1.514560e-01
8.176640e-02	-1.469059e-01
8.179200e-02	-1.422769e-01
8.181760e-02	-1.377636e-01
8.184320e-02	-1.331453e-01
8.186880e-02	-1.284405e-01
8.189440e-02	-1.239020e-01
8.192000e-02	-1.191360e-01
8.194560e-02	-1.145725e-01
8.197120e-02	-1.099068e-01
8.199680e-02	-1.050362e-01
8.202240e-02	-1.003300e-01
8.204800e-02	-9.548701e-02
8.207360e-02	-9.094431e-02
8.209920e-02	-8.609235e-02
8.212480e-02	-8.126230e-02
8.215040e-02	-7.651774e-02
8.217600e-02	-7.163896e-02
8.220160e-02	-6.696663e-02
8.222720e-02	-6.210163e-02
8.225280e-02	-5.722593e-02
8.227840e-02	-5.248510e-02
8.230400e-02	-4.766398e-02
8.232960e-02	-4.291980e-02
8.235520e-02	-3.800170e-02
8.238080e-02	-3.320555e-02
8.240640e-02	-2.843550e-02
8.243200e-02	-2.367503e-02
8.245760e-02	-1.887763e-02
8.248320e-02	-1.401111e-02
8.250880e-02	-9.234174e-03
8.253440e-02	-4.426085e-03
8.256000e-02	3.123356e-04
8.258560e-02	4.963300e-03
8.261120e-02	9.746414e-03
8.263680e-02	1.445472e-02
8.266240e-02	1.909720e-02
8.268800e-02	2.375319e-02
8.271360e-02	2.839998e-02
8.273920e-02	3.306619e-02
8.276480e-02	3.773997e-02
8.279040e-02	4.230283e-02
8.281600e-02	4.683283e-02
8.284160e-02	5.145195e-02
8.286720e-02	5.596183e-02
8.289280e-02	6.035377e-02
8.291840e-02	6.482212e-02
8.294400e-02	6.935193e-02
8.296960e-02	7.368346e-02
8.299520e-02	7.798609e-02
8.302080e-02	8.245188e-02
8.304640e-02	8.666997e-02
8.307200e-02	9.090264e-02
8.309760e-02	9.510821e-02
8.312320e-02	9.943329e-02
8.314880e-02	1.035100e-01
8.317440e-02	1.076160e-01
8.320000e-02	1.117139e-01
8.322560e-02	1.156219e-01
8.325120e-02	1.196914e-01
8.327680e-02	1.237019e-01
8.330240e-02	1.275993e-01
8.332800e-02	1.313959e-01
8.335360e-02	1.351031e-01
8.337920e-02	1.389420e-01
8.340480e-02	1.426820e-01
8.343040e-02	1.462772e-01
8.345600e-02	1.498683e-01
8.348160e-02	1.534220e-01
8.350720e-02	1.570274e-01
8.353280e-02	1.605577e-01
8.355840e-02	1.638961e-01
8.358400e-02	1.671784e-01
8.360960e-02	1.704261e-01
8.363520e-02	1.736385e-01
8.366080e-02	1.768824e-01
8.368640e-02	1.798834e-01
8.371200e-02	1.828746e-01
8.373760e-02	1.858983e-01
8.376320e-02	1.888916e-01
8.378880e-02	1.917490e-01
8.381440e-02	1.944556e-01
8.384000e-02	1.973925e-01
8.386560e-02	1.999255e-01
8.389120e-02	2.025593e-01
8.391680e-02	2.051293e-01
8.394240e-02	2.075561e-01
8.396800e-02	2.100301e-01
8.399360e-02	2.122758e-01
8.401920e-02	2.145942e-01
8.404480e-02	2.168686e-01
8.407040e-02	2.189709e-01
8.409600e-02	2.210411e-01
8.412160e-02	2.229295e-01
8.414720e-02	2.248780e-01
8.417280e-02	2.268141e-01
8.419840e-02	2.285892e-01
8.422400e-02	2.303568e-01
8.424960e-02	2.319419e-01
8.427520e-02	2.334874e-01
8.430080e-02	2.350442e-01
8.432640e-02	2.363620e-01
8.435200e-02	2.377535e-01
8.437760e-02	2.390798e-01
8.440320e-02	2.403321e-01
8.442880e-02	2.414260e-01
8.445440e-02	2.424715e-01
8.448000e-02	2.433881e-01
8.450560e-02	2.441812e-01
8.453120e-02	2.450965e-01
8.455680e-02	2.457883e-01
8.458240e-02	2.465125e-01
8.460800e-02	2.471448e-01
8.463360e-02	2.475986e-01
8.465920e-02	2.482184e-01
8.468480e-02	2.484852e-01
8.471040e-02	2.487172e-01
8.473600e-02	2.488467e-01
8.476160e-02	2.490008e-01
8.478720e-02	2.491409e-01
8.481280e-02	2.489980e-01
8.483840e-02	2.489481e-01
8.486400e-02	2.486780e-01
8.488960e-02	2.484560e-01
8.491520e-02	2.481410e-01
8.494080e-02	2.476507e-01
8.496640e-02	2.472891e-01
8.499200e-02	2.465577e-01
8.501760e-02	2.460003e-01
8.504320e-02	2.452065e-01
8.506880e-02	2.444180e-01
8.509440e-02	2.436098e-01
8.512000e-02	2.424623e-01
8.514560e-02	2.415595e-01
8.517120e-02	2.406483e-01
8.519680e-02	2.392859e-01
8.522240e-02	2.380311e-01
8.524800e-02	2.367484e-01
8.527360e-02	2.351922e-01
8.529920e-02	2.337492e-01
8.532480e-02	2.322322e-01
8.535040e-02	2.306773e-01
8.537600e-02	2.289388e-01
8.540160e-02	2.271366e-01
8.542720e-02	2.254556e-01
8.545280e-02	2.233231e-01
8.547840e-02	2.214137e-01
8.550400e-02	2.193634e-01
8.552960e-02	2.171894e-01
8.555520e-02	2.149853e-01
8.558080e-02	2.127625e-01
8.560640e-02	2.104530e-01
8.563200e-02	2.080394e-01
8.565760e-02	2.055734e-01
8.568320e-02	2.030656e-01
8.570880e-02	2.005502e-01
8.573440e-02	1.977639e-01
8.576000e-02	1.951114e-01
8.578560e-02	1.922306e-01
8.581120e-02	1.894319e-01
8.583680e-02	1.865777e-01
8.586240e-02	1.835521e-01
8.588800e-02	1.805568e-01
8.591360e-02	1.773615e-01
8.593920e-02	1.743232e-01
8.596480e-02	1.710979e-01
8.599040e-02	1.678227e-01
8.601600e-02	1.645140e-01
8.604160e-02	1.610874e-01
8.606720e-02	1.576096e-01
8.609280e-02	1.541353e-01
8.611840e-02	1.506493e-01
8.614400e-02	1.470312e-01
8.616960e-02	1.433940e-01
8.619520e-02	1.396147e-01
8.622080e-02	1.358848e-01
8.624640e-02	1.320998e-01
8.627200e-02	1.281673e-01
8.629760e-02	1.244616e-01
8.632320e-02	1.204337e-01
8.634880e-02	1.165116e-01
8.637440e-02	1.125080e-01
8.640000e-02	1.084325e-01
8.642560e-02	1.043502e-01
8.645120e-02	1.002345e-01
8.647680e-02	9.609449e-02
8.650240e-02	9.174541e-02
8.652800e-02	8.763015e-02
8.655360e-02	8.327704e-02
8.657920e-02	7.894780e-02
8.660480e-02	7.459594e-02
8.663040e-02	7.016429e-02
8.665600e-02	6.577841e-02
8.668160e-02	6.120323e-02
8.670720e-02	5.680015e-02
8.673280e-02	5.230759e-02
8.675840e-02	4.778637e-02
8.678400e-02	4.328082e-02
8.680960e-02	3.862270e-02
8.683520e-02	3.401063e-02
8.686080e-02	2.949703e-02
8.688640e-02	2.473050e-02
8.691200e-02	2.003609e-02
8.693760e-02	1.542526e-02
8.696320e-02	1.068034e-02
8.698880e-02	6.005289e-03
8.701440e-02	1.273388e-03
8.704000e-02	-3.495855e-03
8.706560e-02	-8.292017e-03
8.709120e-02	-1.299197e-02
8.711680e-02	-1.778095e-02
8.714240e-02	-2.262820e-02
8.716800e-02	-2.734971e-02
8.719360e-02	-3.206874e-02
8.721920e-02	-3.696540e-02
8.724480e-02	-4.185262e-02
8.727040e-02	-4.657594e-02
8.729600e-02	-5.137897e-02
8.732160e-02	-5.617343e-02
8.734720e-02	-6.104744e-02
8.737280e-02	-6.593199e-02
8.739840e-02	-7.057525e-02
8.742400e-02	-7.532839e-02
8.744960e-02	-8.026587e-02
8.747520e-02	-8.498498e-02
8.750080e-02	-8.974621e-02
8.752640e-02	-9.455454e-02
8.755200e-02	-9.933328e-02
8.757760e-02	-1.040460e-01
8.760320e-02	-1.086979e-01
8.762880e-02	-1.133899e-01
8.765440e-02	-1.180805e-01
8.768000e-02	-1.227550e-01
8.770560e-02	-1.274706e-01
8.773120e-02	-1.320681e-01
8.775680e-02	-1.366976e-01
8.778240e-02	-1.413134e-01
8.780800e-02	-1.459119e-01
8.783360e-02	-1.504530e-01
8.785920e-02	-1.549111e-01
8.788480e-02	-1.595009e-01
8.791040e-02	-1.638107e-01
8.793600e-02	-1.682103e-01
8.796160e-02	-1.728005e-01
8.798720e-02	-1.770811e-01
8.801280e-02	-1.814371e-01
8.803840e-02	-1.857688e-01
8.806400e-02	-1.899719e-01
8.808960e-02	-1.941742e-01
8.811520e-02	-1.983534e-01
8.814080e-02	-2.025403e-01
8.816640e-02	-2.067081e-01
8.819200e-02	-2.107112e-01
8.821760e-02	-2.147351e-01
8.824320e-02	-2.187113e-01
8.826880e-02	-2.227412e-01
8.829440e-02	-2.265400e-01
8.832000e-02	-2.304297e-01
8.834560e-02	-2.342682e-01
8.837120e-02	-2.380056e-01
8.839680e-02	-2.417319e-01
8.842240e-02	-2.453486e-01
8.844800e-02	-2.489235e-01
8.847360e-02	-2.524973e-01
8.849920e-02	-2.559996e-01
8.852480e-02	-2.594433e-01
8.855040e-02	-2.628472e-01
8.857600e-02	-2.661138e-01
8.860160e-02	-2.694451e-01
8.862720e-02	-2.727996e-01
8.865280e-02	-2.758743e-01
8.867840e-02	-2.789833e-01
8.870400e-02	-2.821268e-01
8.872960e-02	-2.850548e-01
8.875520e-02	-2.879049e-01
8.878080e-02	-2.908264e-01
8.880640e-02	-2.936505e-01
8.883200e-02	-2.964393e-01
8.885760e-02	-2.991053e-01
8.888320e-02	-3.016287e-01
8.890880e-02	-3.042930e-01
8.893440e-02	-3.068286e-01
8.896000e-02	-3.090854e-01
8.898560e-02	-3.115699e-01
8.901120e-02	-3.137917e-01
8.903680e-02	-3.160914e-01
8.906240e-02	-3.180959e-01
8.908800e-02	-3.202584e-01
8.911360e-02	-3.222593e-01
8.913920e-02	-3.241090e-01
8.916480e-02	-3.260862e-01
8.919040e-02	-3.278037e-01
8.921600e-02	-3.296177e-01
8.924160e-02	-3.311230e-01
8.926720e-02	-3.328043e-01
8.929280e-02	-3.342980e-01
8.931840e-02	-3.356872e-01
8.934400e-02	-3.370527e-01
8.936960e-02	-3.381668e-01
8.939520e-02	-3.394697e-01
8.942080e-02	-3.405515e-01
8.944640e-02	-3.416791e-01
8.947200e-02	-3.424574e-01
8.949760e-02	-3.434545e-01
8.952320e-02	-3.442791e-01
8.954880e-02	-3.451171e-01
8.957440e-02	-3.457801e-01
8.960000e-02	-3.462056e-01
8.962560e-02	-3.468837e-01
8.965120e-02	-3.472587e-01
8.967680e-02	-3.476705e-01
8.970240e-02	-3.480478e-01
8.972800e-02	-3.481463e-01
8.975360e-02	-3.482187e-01
8.977920e-02	-3.482981e-01
8.980480e-02	-3.483113e-01
8.983040e-02	-3.482590e-01
8.985600e-02	-3.480912e-01
8.988160e-02	-3.477652e-01
8.990720e-02	-3.475181e-01
8.993280e-02	-3.471345e-01
8.995840e-02	-3.465716e-01
8.998400e-02	-3.460155e-01
9.000960e-02	-3.452695e-01
9.003520e-02	-3.445802e-01
9.006080e-02	-3.438856e-01
9.008640e-02	-3.429796e-01
9.011200e-02	-3.421060e-01
9.013760e-02	-3.409633e-01
9.016320e-02	-3.398379e-01
9.018880e-02	-3.387841e-01
9.021440e-02	-3.375630e-01
9.024000e-02	-3.361573e-01
9.026560e-02	-3.346758e-01
9.029120e-02	-3.332254e-01
9.031680e-02	-3.317223e-01
9.034240e-02	-3.301658e-01
9.036800e-02	-3.283997e-01
9.039360e-02	-3.266302e-01
9.041920e-02	-3.248688e-01
9.044480e-02	-3.228149e-01
9.047040e-02	-3.209201e-01
9.049600e-02	-3.188811e-01
9.052160e-02	-3.166126e-01
9.054720e-02	-3.145717e-01
9.057280e-02	-3.123757e-01
9.059840e-02	-3.099289e-01
9.062400e-02	-3.075988e-01
9.064960e-02	-3.051505e-01
9.067520e-02	-3.026205e-01
9.070080e-02	-2.999570e-01
9.072640e-02	-2.973052e-01
9.075200e-02	-2.945902e-01
9.077760e-02	-2.918542e-01
9.080320e-02	-2.890401e-01
9.082880e-02	-2.860603e-01
9.085440e-02	-2.830663e-01
9.088000e-02	-2.800255e-01
9.090560e-02	-2.770096e-01
9.093120e-02	-2.738027e-01
9.095680e-02	-2.705785e-01
9.098240e-02	-2.673676e-01
9.100800e-02	-2.639985e-01
9.103360e-02	-2.606653e-01
9.105920e-02	-2.571836e-01
9.108480e-02	-2.537064e-01
9.111040e-02	-2.502511e-01
9.113600e-02	-2.465470e-01
9.116160e-02	-2.429193e-01
9.118720e-02	-2.392980e-01
9.121280e-02	-2.355564e-01
9.123840e-02	-2.317605e-01
9.126400e-02	-2.278551e-01
9.128960e-02	-2.241176e-01
9.131520e-02	-2.200151e-01
9.134080e-02	-2.161268e-01
9.136640e-02	-2.121461e-01
9.139200e-02	-2.080373e-01
9.141760e-02	-2.039713e-01
9.144320e-02	-1.998094e-01
9.146880e-02	-1.956456e-01
9.149440e-02	-1.914149e-01
9.152000e-02	-1.871364e-01
9.154560e-02	-1.828202e-01
9.157120e-02	-1.784937e-01
9.159680e-02	-1.742175e-01
9.162240e-02	-1.698503e-01
9.164800e-02	-1.653757e-01
9.167360e-02	-1.609561e-01
9.169920e-02	-1.563666e-01
9.172480e-02	-1.519007e-01
9.175040e-02	-1.473618e-01
9.177600e-02	-1.427463e-01
9.180160e-02	-1.382169e-01
9.182720e-02	-1.335481e-01
9.185280e-02	-1.290918e-01
9.187840e-02	-1.242947e-01
9.190400e-02	-1.196578e-01
9.192960e-02	-1.150037e-01
9.195520e-02	-1.102057e-01
9.198080e-02	-1.056046e-01
9.200640e-02	-1.007452e-01
9.203200e-02	-9.600393e-02
9.205760e-02	-9.131984e-02
9.208320e-02	-8.655385e-02
9.210880e-02	-8.169612e-02
9.213440e-02	-7.693102e-02
9.216000e-02	-7.214561e-02
9.218560e-02	-6.733580e-02
9.221120e-02	-6.259487e-02
9.223680e-02	-5.761166e-02
9.226240e-02	-5.294311e-02
9.228800e-02	-4.819333e-02
9.231360e-02	-4.324237e-02
9.233920e-02	-3.847753e-02
9.236480e-02	-3.374207e-02
9.239040e-02	-2.891288e-02
9.241600e-02	-2.398167e-02
9.244160e-02	-1.931858e-02
9.246720e-02	-1.457724e-02
9.249280e-02	-9.779827e-03
9.251840e-02	-5.040871e-03
9.254400e-02	-1.594535e-04
9.256960e-02	4.425338e-03
9.259520e-02	9.268294e-03
9.262080e-02	1.410239e-02
9.264640e-02	1.876539e-02
9.267200e-02	2.326057e-02
9.269760e-02	2.791230e-02
9.272320e-02	3.272095e-02
9.274880e-02	3.733527e-02
9.277440e-02	4.193153e-02
9.280000e-02	4.642098e-02
9.282560e-02	5.091427e-02
9.285120e-02	5.543254e-02
9.287680e-02	6.000203e-02
9.290240e-02	6.438635e-02
9.292800e-02	6.879407e-02
9.295360e-02	7.327159e-02
9.297920e-02	7.747734e-02
9.300480e-02	8.202332e-02
9.303040e-02	8.630864e-02
9.305600e-02	9.048577e-02
9.308160e-02	9.464349e-02
9.310720e-02	9.892531e-02
9.313280e-02	1.030753e-01
9.315840e-02	1.071983e-01
9.318400e-02	1.113308e-01
9.320960e-02	1.152487e-01
9.323520e-02	1.193465e-01
9.326080e-02	1.231375e-01
9.328640e-02	1.271344e-01
9.331200e-02	1.310154e-01
9.333760e-02	1.347522e-01
9.336320e-02	1.385995e-01
9.338880e-02	1.422373e-01
9.341440e-02	1.459700e-01
9.344000e-02	1.495079e-01
9.346560e-02	1.531170e-01
9.349120e-02	1.566494e-01
9.351680e-02	1.601224e-01
9.354240e-02	1.635516e-01
9.356800e-02	1.668480e-01
9.359360e-02	1.701213e-01
9.361920e-02	1.732807e-01
9.364480e-02	1.765010e-01
9.367040e-02	1.797245e-01
9.369600e-02	1.826793e-01
9.372160e-02	1.856925e-01
9.374720e-02	1.886222e-01
9.377280e-02	1.914907e-01
9.379840e-02	1.943146e-01
9.382400e-02	1.970013e-01
9.384960e-02	1.996090e-01
9.387520e-02	2.022884e-01
9.390080e-02	2.048965e-01
9.392640e-02	2.073315e-01
9.395200e-02	2.098431e-01
9.397760e-02	2.120032e-01
9.400320e-02	2.142844e-01
9.402880e-02	2.166607e-01
9.405440e-02	2.187824e-01
9.408000e-02	2.208413e-01
9.410560e-02	2.227993e-01
9.413120e-02	2.247351e-01
9.415680e-02	2.264870e-01
9.418240e-02	2.284243e-01
9.420800e-02	2.301926e-01
9.423360e-02	2.317507e-01
9.425920e-02	2.333315e-01
9.428480e-02	2.348388e-01
9.431040e-02	2.363316e-01
9.433600e-02	2.376793e-01
9.436160e-02	2.388816e-01
9.438720e-02	2.401840e-01
9.441280e-02	2.412970e-01
9.443840e-02	2.423130e-01
9.446400e-02	2.433476e-01
9.448960e-02	2.442489e-01
9.451520e-02	2.450947e-01
9.454080e-02	2.457633e-01
9.456640e-02	2.463336e-01
9.459200e-02	2.470525e-01
9.461760e-02	2.476333e-01
9.464320e-02	2.480731e-01
9.466880e-02	2.483338e-01
9.469440e-02	2.486133e-01
9.472000e-02	2.489332e-01
9.474560e-02	2.490685e-01
9.477120e-02	2.490194e-01
9.479680e-02	2.491299e-01
9.482240e-02	2.490156e-01
9.484800e-02	2.486832e-01
9.487360e-02	2.485128e-01
9.489920e-02	2.482313e-01
9.492480e-02	2.477044e-01
9.495040e-02	2.471957e-01
9.497600e-02	2.466787e-01
9.500160e-02	2.460491e-01
9.502720e-02	2.452871e-01
9.505280e-02	2.444856e-01
9.507840e-02	2.436345e-01
9.510400e-02	2.426614e-01
9.512960e-02	2.416333e-01
9.515520e-02	2.405994e-01
9.518080e-02	2.393940e-01
9.520640e-02	2.381168e-01
9.523200e-02	2.368068e-01
9.525760e-02	2.354440e-01
9.528320e-02	2.339232e-01
9.530880e-02	2.323866e-01
9.533440e-02	2.306734e-01
9.536000e-02	2.290552e-01
9.538560e-02	2.273213e-01
9.541120e-02	2.254566e-01
9.543680e-02	2.236013e-01
9.546240e-02	2.215741e-01
9.548800e-02	2.195228e-01
9.551360e-02	2.174760e-01
9.553920e-02	2.152684e-01
9.556480e-02	2.129913e-01
9.559040e-02	2.106616e-01
9.561600e-02	2.083766e-01
9.564160e-02	2.057884e-01
9.566720e-02	2.032353e-01
9.569280e-02	2.007471e-01
9.571840e-02	1.980957e-01
9.574400e-02	1.952815e-01
9.576960e-02	1.925374e-01
9.579520e-02	1.896946e-01
9.582080e-02	1.867430e-01
9.584640e-02	1.838905e-01
9.587200e-02	1.808093e-01
9.589760e-02	1.776712e-01
9.592320e-02	1.745754e-01
9.594880e-02	1.713821e-01
9.597440e-02	1.681378e-01
9.600000e-02	1.647301e-01
9.602560e-02	1.614439e-01
9.605120e-02	1.578979e-01
9.607680e-02	1.544614e-01
9.610240e-02	1.509706e-01
9.612800e-02	1.473610e-01
9.615360e-02	1.438086e-01
9.617920e-02	1.401308e-01
9.620480e-02	1.363900e-01
9.623040e-02	1.325708e-01
9.625600e-02	1.285828e-01
9.628160e-02	1.247937e-01
9.630720e-02	1.209151e-01
9.633280e-02	1.169233e-01
9.635840e-02	1.128853e-01
9.638400e-02	1.087576e-01
9.640960e-02	1.046906e-01
9.643520e-02	1.005868e-01
9.646080e-02	9.624556e-02
9.648640e-02	9.226932e-02
9.651200e-02	8.792162e-02
9.653760e-02	8.369166e-02
9.656320e-02	7.946086e-02
9.658880e-02	7.480686e-02
9.661440e-02	7.059348e-02
9.664000e-02	6.617022e-02
9.666560e-02	6.176610e-02
9.669120e-02	5.720962e-02
9.671680e-02	5.268487e-02
9.674240e-02	4.816181e-02
9.676800e-02	4.353897e-02
9.679360e-02	3.898781e-02
9.681920e-02	3.443889e-02
9.684480e-02	2.987368e-02
9.687040e-02	2.505103e-02
9.689600e-02	2.060111e-02
9.692160e-02	1.590255e-02
9.694720e-02	1.112793e-02
9.697280e-02	6.456067e-03
9.699840e-02	1.674042e-03
9.702400e-02	-3.130579e-03
9.704960e-02	-7.812011e-03
9.707520e-02	-1.253061e-02
9.710080e-02	-1.734072e-02
9.712640e-02	-2.215798e-02
9.715200e-02	-2.697307e-02
9.717760e-02	-3.171515e-02
9.720320e-02	-3.660910e-02
9.722880e-02	-4.137384e-02
9.725440e-02	-4.614751e-02
9.728000e-02	-5.091988e-02
9.730560e-02	-5.582862e-02
9.733120e-02	-6.066947e-02
9.735680e-02	-6.528753e-02
9.738240e-02	-7.025047e-02
9.740800e-02	-7.493702e-02
9.743360e-02	-7.971795e-02
9.745920e-02	-8.457708e-02
9.748480e-02	-8.935344e-02
9.751040e-02	-9.409436e-02
9.753600e-02	-9.885035e-02
9.756160e-02	-1.034619e-01
9.758720e-02	-1.081955e-01
9.761280e-02	-1.130660e-01
9.763840e-02	-1.176936e-01
9.766400e-02	-1.223956e-01
9.768960e-02	-1.269769e-01
9.771520e-02	-1.317007e-01
9.774080e-02	-1.363256e-01
9.776640e-02	-1.408813e-01
9.779200e-02	-1.454981e-01
9.781760e-02	-1.499761e-01
9.784320e-02	-1.545814e-01
9.786880e-02	-1.589908e-01
9.789440e-02	-1.634643e-01
9.792000e-02	-1.678966e-01
9.794560e-02	-1.722588e-01
9.797120e-02	-1.766138e-01
9.799680e-02	-1.809879e-01
9.802240e-02	-1.852574e-01
9.804800e-02	-1.894734e-01
9.807360e-02	-1.937941e-01
9.809920e-02	-1.980318e-01
9.812480e-02	-2.021125e-01
9.815040e-02	-2.062040e-01
9.817600e-02	-2.103406e-01
9.820160e-02	-2.144110e-01
9.822720e-02	-2.183454e-01
9.825280e-02	-2.222557e-01
9.827840e-02	-2.261806e-01
9.830400e-02	-2.301681e-01
9.832960e-02	-2.339715e-01
9.835520e-02	-2.377073e-01
9.838080e-02	-2.413200e-01
9.840640e-02	-2.449499e-01
9.843200e-02	-2.486731e-01
9.845760e-02	-2.521261e-01
9.848320e-02	-2.556234e-01
9.850880e-02	-2.591375e-01
9.853440e-02	-2.624860e-01
9.856000e-02	-2.659119e-01
9.858560e-02	-2.692077e-01
9.861120e-02	-2.724869e-01
9.863680e-02	-2.755212e-01
9.866240e-02	-2.787844e-01
9.868800e-02	-2.817547e-01
9.871360e-02	-2.847807e-01
9.873920e-02	-2.878253e-01
9.876480e-02	-2.906251e-01
9.879040e-02	-2.934903e-01
9.881600e-02	-2.962076e-01
9.884160e-02	-2.988539e-01
9.886720e-02	-3.014103e-01
9.889280e-02	-3.040647e-01
9.891840e-02	-3.064664e-01
9.894400e-02	-3.089432e-01
9.896960e-02	-3.113699e-01
9.899520e-02	-3.134980e-01
9.902080e-02	-3.158314e-01
9.904640e-02	-3.179467e-01
9.907200e-02	-3.199905e-01
9.909760e-02	-3.219507e-01
9.912320e-02	-3.240017e-01
9.914880e-02	-3.258763e-01
9.917440e-02	-3.275845e-01
9.920000e-02	-3.292507e-01
9.922560e-02	-3.309406e-01
9.925120e-02	-3.325765e-01
9.927680e-02	-3.340273e-01
9.930240e-02	-3.355527e-01
9.932800e-02	-3.369592e-01
9.935360e-02	-3.381421e-01
9.937920e-02	-3.393216e-01
9.940480e-02	-3.405122e-01
9.943040e-02	-3.416501e-01
9.945600e-02	-3.426061e-01
9.948160e-02	-3.434829e-01
9.950720e-02	-3.443593e-01
9.953280e-02	-3.451372e-01
9.955840e-02	-3.457748e-01
9.958400e-02	-3.463447e-01
9.960960e-02	-3.468819e-01
9.963520e-02	-3.473102e-01
9.966080e-02	-3.476537e-01
9.968640e-02	-3.480381e-01
9.971200e-02	-3.481857e-01
9.973760e-02	-3.482831e-01
9.976320e-02	-3.482922e-01
9.978880e-02	-3.483790e-01
9.981440e-02	-3.482907e-01
9.984000e-02	-3.480779e-01
9.986560e-02	-3.479045e-01
9.989120e-02	-3.475596e-01
9.991680e-02	-3.471383e-01
9.994240e-02	-3.467194e-01
9.996800e-02	-3.461023e-01
9.999360e-02	-3.455484e-01
1.000192e-01	-3.447707e-01
1.000448e-01	-3.439760e-01
1.000704e-01	-3.431789e-01
1.000960e-01	-3.420886e-01
1.001216e-01	-3.410214e-01
1.001472e-01	-3.400617e-01
1.001728e-01	-3.388430e-01
1.001984e-01	-3.377040e-01
1.002240e-01	-3.362972e-01
1.002496e-01	-3.348976e-01
1.002752e-01	-3.334881e-01
1.003008e-01	-3.318898e-01
1.003264e-01	-3.302905e-01
1.003520e-01	-3.285889e-01
1.003776e-01	-3.269576e-01
1.004032e-01	-3.250554e-01
1.004288e-01	-3.231630e-01
1.004544e-01	-3.211951e-01
1.004800e-01	-3.191319e-01
1.005056e-01	-3.170914e-01
1.005312e-01	-3.147524e-01
1.005568e-01	-3.125934e-01
1.005824e-01	-3.102899e-01
1.006080e-01	-3.078876e-01
1.006336e-01	-3.054437e-01
1.006592e-01	-3.030485e-01
1.006848e-01	-3.002101e-01
1.007104e-01	-2.976385e-01
1.007360e-01	-2.950518e-01
1.007616e-01	-2.921088e-01
1.007872e-01	-2.893324e-01
1.008128e-01	-2.863510e-01
1.008384e-01	-2.834654e-01
1.008640e-01	-2.803255e-01
1.008896e-01	-2.772363e-01
1.009152e-01	-2.741676e-01
1.009408e-01	-2.708493e-01
1.009664e-01	-2.677126e-01
1.009920e-01	-2.644287e-01
1.010176e-01	-2.609943e-01
1.010432e-01	-2.576511e-01
1.010688e-01	-2.540107e-01
1.010944e-01	-2.504936e-01
1.011200e-01	-2.469912e-01
1.011456e-01	-2.432866e-01
1.011712e-01	-2.396474e-01
1.011968e-01	-2.358971e-01
1.012224e-01	-2.321008e-01
1.012480e-01	-2.282276e-01
1.012736e-01	-2.244563e-01
1.012992e-01	-2.204298e-01
1.013248e-01	-2.164227e-01
1.013504e-01	-2.124788e-01
1.013760e-01	-2.084031e-01
1.014016e-01	-2.043176e-01
1.014272e-01	-2.001550e-01
1.014528e-01	-1.959520e-01
1.014784e-01	-1.918766e-01
1.015040e-01	-1.875153e-01
1.015296e-01	-1.832357e-01
1.015552e-01	-1.789979e-01
1.015808e-01	-1.745355e-01
1.016064e-01	-1.702087e-01
1.016320e-01	-1.657346e-01
1.016576e-01	-1.614522e-01
1.016832e-01	-1.569044e-01
1.017088e-01	-1.522174e-01
1.017344e-01	-1.479715e-01
1.017600e-01	-1.433460e-01
1.017856e-01	-1.387457e-01
1.018112e-01	-1.340272e-01
1.018368e-01	-1.294148e-01
1.018624e-01	-1.247796e-01
1.018880e-01	-1.200962e-01
1.019136e-01	-1.155405e-01
1.019392e-01	-1.106744e-01
1.019648e-01	-1.060708e-01
1.019904e-01	-1.012499e-01
1.020160e-01	-9.649665e-02
1.020416e-01	-9.175470e-02
1.020672e-01	-8.691356e-02
1.020928e-01	-8.224791e-02
1.021184e-01	-7.739875e-02
1.021440e-01	-7.266771e-02
1.021696e-01	-6.776728e-02
1.021952e-01	-6.307045e-02
1.022208e-01	-5.818947e-02
1.022464e-01	-5.340407e-02
1.022720e-01	-4.856038e-02
1.022976e-01	-4.366529e-02
1.023232e-01	-3.898075e-02
1.023488e-01	-3.410495e-02
1.023744e-01	-2.936547e-02
1.024000e-01	-2.451443e-02
1.024256e-01	-1.983900e-02
1.024512e-01	-1.504164e-02
1.024768e-01	-1.016590e-02
1.025024e-01	-5.500784e-03
1.025280e-01	-6.766826e-04
1.025536e-01	4.068115e-03
1.025792e-01	8.827364e-03
1.026048e-01	1.352607e-02
1.026304e-01	1.822996e-02
1.026560e-01	2.282858e-02
1.026816e-01	2.757336e-02
1.027072e-01	3.212182e-02
1.027328e-01	3.675967e-02
1.027584e-01	4.144749e-02
1.027840e-01	4.583088e-02
1.028096e-01	5.049698e-02
1.028352e-01	5.509518e-02
1.028608e-01	5.945355e-02
1.028864e-01	6.398507e-02
1.029120e-01	6.840206e-02
1.029376e-01	7.272535e-02
1.029632e-01	7.695218e-02
1.029888e-01	8.153148e-02
1.030144e-01	8.585776e-02
1.030400e-01	9.000351e-02
1.030656e-01	9.440238e-02
1.030912e-01	9.849760e-02
1.031168e-01	1.025917e-01
1.031424e-01	1.068140e-01
1.031680e-01	1.108626e-01
1.031936e-01	1.148252e-01
1.032192e-01	1.188224e-01
1.032448e-01	1.229239e-01
1.032704e-01	1.267390e-01
1.032960e-01	1.305763e-01
1.033216e-01	1.344105e-01
1.033472e-01	1.382587e-01
1.033728e-01	1.419863e-01
1.033984e-01	1.456203e-01
1.034240e-01	1.492807e-01
1.034496e-01	1.528164e-01
1.034752e-01	1.563100e-01
1.035008e-01	1.597420e-01
1.035264e-01	1.630861e-01
1.035520e-01	1.665398e-01
1.035776e-01	1.698396e-01
1.036032e-01	1.729641e-01
1.036288e-01	1.762346e-01
1.036544e-01	1.793647e-01
1.036800e-01	1.824692e-01
1.037056e-01	1.854805e-01
1.037312e-01	1.882021e-01
1.037568e-01	1.912019e-01
1.037824e-01	1.940921e-01
1.038080e-01	1.967258e-01
1.038336e-01	1.994409e-01
1.038592e-01	2.020520e-01
1.038848e-01	2.046237e-01
1.039104e-01	2.070976e-01
1.039360e-01	2.094127e-01
1.039616e-01	2.118979e-01
1.039872e-01	2.141333e-01
1.040128e-01	2.165186e-01
1.040384e-01	2.185929e-01
1.040640e-01	2.205130e-01
1.040896e-01	2.226359e-01
1.041152e-01	2.246206e-01
1.041408e-01	2.265205e-01
1.041664e-01	2.282512e-01
1.041920e-01	2.298932e-01
1.042176e-01	2.316754e-01
1.042432e-01	2.331911e-01
1.042688e-01	2.347331e-01
1.042944e-01	2.361418e-01
1.043200e-01	2.374085e-01
1.043456e-01	2.388459e-01
1.043712e-01	2.400414e-01
1.043968e-01	2.411831e-01
1.044224e-01	2.421880e-01
1.044480e-01	2.431527e-01
1.044736e-01	2.441659e-01
1.044992e-01	2.449246e-01
1.045248e-01	2.457111e-01
1.045504e-01	2.462742e-01
1.045760e-01	2.469512e-01
1.046016e-01	2.475766e-01
1.046272e-01	2.479057e-01
1.046528e-01	2.482459e-01
1.046784e-01	2.486084e-01
1.047040e-01	2.488366e-01
1.047296e-01	2.489335e-01
1.047552e-01	2.490067e-01
1.047808e-01	2.488105e-01
1.048064e-01	2.489197e-01
1.048320e-01	2.488098e-01
1.048576e-01	2.484726e-01
1.048832e-01	2.482704e-01
1.049088e-01	2.476617e-01
1.049344e-01	2.472464e-01
1.049600e-01	2.466803e-01
1.049856e-01	2.460682e-01
1.050112e-01	2.452080e-01
1.050368e-01	2.446312e-01
1.050624e-01	2.437367e-01
1.050880e-01	2.426740e-01
1.051136e-01	2.417973e-01
1.051392e-01	2.406304e-01
1.051648e-01	2.395021e-01
1.051904e-01	2.382839e-01
1.052160e-01	2.369416e-01
1.052416e-01	2.355971e-01
1.052672e-01	2.340802e-01
1.052928e-01	2.325097e-01
1.053184e-01	2.309913e-01
1.053440e-01	2.292267e-01
1.053696e-01	2.274161e-01
1.053952e-01	2.256921e-01
1.054208e-01	2.238343e-01
1.054464e-01	2.217789e-01
1.054720e-01	2.198307e-01
1.054976e-01	2.177201e-01
1.055232e-01	2.153828e-01
1.055488e-01	2.132288e-01
1.055744e-01	2.108559e-01
1.056000e-01	2.086172e-01
1.056256e-01	2.060036e-01
1.056512e-01	2.035836e-01
1.056768e-01	2.010302e-01
1.057024e-01	1.982657e-01
1.057280e-01	1.956927e-01
1.057536e-01	1.928905e-01
1.057792e-01	1.899377e-01
1.058048e-01	1.870945e-01
1.058304e-01	1.841707e-01
1.058560e-01	1.810490e-01
1.058816e-01	1.780123e-01
1.059072e-01	1.748367e-01
1.059328e-01	1.716002e-01
1.059584e-01	1.684041e-01
1.059840e-01	1.651138e-01
1.060096e-01	1.616641e-01
1.060352e-01	1.582389e-01
1.060608e-01	1.548178e-01
1.060864e-01	1.512299e-01
1.061120e-01	1.477180e-01
1.061376e-01	1.439989e-01
1.061632e-01	1.403632e-01
1.061888e-01	1.366939e-01
1.062144e-01	1.329268e-01
1.062400e-01	1.289601e-01
1.062656e-01	1.251027e-01
1.062912e-01	1.212046e-01
1.063168e-01	1.172871e-01
1.063424e-01	1.133032e-01
1.063680e-01	1.091745e-01
1.063936e-01	1.051780e-01
1.064192e-01	1.009438e-01
1.064448e-01	9.670104e-02
1.064704e-01	9.259433e-02
1.064960e-01	8.824814e-02
1.065216e-01	8.406885e-02
1.065472e-01	7.977995e-02
1.065728e-01	7.537760e-02
1.065984e-01	7.096354e-02
1.066240e-01	6.662323e-02
1.066496e-01	6.208409e-02
1.066752e-01	5.761924e-02
1.067008e-01	5.320154e-02
1.067264e-01	4.843572e-02
1.067520e-01	4.406534e-02
1.067776e-01	3.951810e-02
1.068032e-01	3.471766e-02
1.068288e-01	3.031360e-02
1.068544e-01	2.567707e-02
1.068800e-01	2.096150e-02
1.069056e-01	1.625527e-02
1.069312e-01	1.153624e-02
1.069568e-01	6.823081e-03
1.069824e-01	2.119291e-03
1.070080e-01	-2.645572e-03
1.070336e-01	-7.436500e-03
1.070592e-01	-1.214768e-02
1.070848e-01	-1.687060e-02
1.071104e-01	-2.167613e-02
1.071360e-01	-2.647234e-02
1.071616e-01	-3.119286e-02
1.071872e-01	-3.604063e-02
1.072128e-01	-4.093009e-02
1.072384e-01	-4.572339e-02
1.072640e-01	-5.048260e-02
1.072896e-01	-5.531859e-02
1.073152e-01	-6.021579e-02
1.073408e-01	-6.494974e-02
1.073664e-01	-6.980199e-02
1.073920e-01	-7.445399e-02
1.074176e-01	-7.933834e-02
1.074432e-01	-8.420265e-02
1.074688e-01	-8.885317e-02
1.074944e-01	-9.360653e-02
1.075200e-01	-9.837252e-02
1.075456e-01	-1.032564e-01
1.075712e-01	-1.078612e-01
1.075968e-01	-1.124939e-01
1.076224e-01	-1.173542e-01
1.076480e-01	-1.219871e-01
1.076736e-01	-1.266793e-01
1.076992e-01	-1.313106e-01
1.077248e-01	-1.358580e-01
1.077504e-01	-1.404876e-01
1.077760e-01	-1.450596e-01
1.078016e-01	-1.496168e-01
1.078272e-01	-1.540309e-01
1.078528e-01	-1.584800e-01
1.078784e-01	-1.630950e-01
1.079040e-01	-1.675255e-01
1.079296e-01	-1.718290e-01
1.079552e-01	-1.762756e-01
1.079808e-01	-1.806476e-01
1.080064e-01	-1.848848e-01
1.080320e-01	-1.891313e-01
1.080576e-01	-1.934205e-01
1.080832e-01	-1.976698e-01
1.081088e-01	-2.017060e-01
1.081344e-01	-2.059208e-01
1.081600e-01	-2.099714e-01
1.081856e-01	-2.140048e-01
1.082112e-01	-2.180132e-01
1.082368e-01	-2.219134e-01
1.082624e-01	-2.259392e-01
1.082880e-01	-2.297389e-01
1.083136e-01	-2.336169e-01
1.083392e-01	-2.372760e-01
1.083648e-01	-2.409486e-01
1.083904e-01	-2.446718e-01
1.084160e-01	-2.482512e-01
1.084416e-01	-2.519808e-01
1.084672e-01	-2.554104e-01
1.084928e-01	-2.589254e-01
1.085184e-01	-2.622713e-01
1.085440e-01	-2.656130e-01
1.085696e-01	-2.689579e-01
1.085952e-01	-2.721627e-01
1.086208e-01	-2.752982e-01
1.086464e-01	-2.785099e-01
1.086720e-01	-2.815834e-01
1.086976e-01	-2.846024e-01
1.087232e-01	-2.874995e-01
1.087488e-01	-2.903081e-01
1.087744e-01	-2.932543e-01
1.088000e-01	-2.959782e-01
1.088256e-01	-2.985860e-01
1.088512e-01	-3.012290e-01
1.088768e-01	-3.037696e-01
1.089024e-01	-3.063164e-01
1.089280e-01	-3.088514e-01
1.089536e-01	-3.110565e-01
1.089792e-01	-3.134342e-01
1.090048e-01	-3.155772e-01
1.090304e-01	-3.176161e-01
1.090560e-01	-3.199547e-01
1.090816e-01	-3.217807e-01
1.091072e-01	-3.237291e-01
1.091328e-01	-3.257490e-01
1.091584e-01	-3.274548e-01
1.091840e-01	-3.291251e-01
1.092096e-01	-3.308801e-01
1.092352e-01	-3.325386e-01
1.092608e-01	-3.340107e-01
1.092864e-01	-3.354054e-01
1.093120e-01	-3.366986e-01
1.093376e-01	-3.381164e-01
1.093632e-01	-3.392032e-01
1.093888e-01	-3.403425e-01
1.094144e-01	-3.415291e-01
1.094400e-01	-3.425021e-01
1.094656e-01	-3.435346e-01
1.094912e-01	-3.442173e-01
1.095168e-01	-3.449933e-01
1.095424e-01	-3.456194e-01
1.095680e-01	-3.463292e-01
1.095936e-01	-3.467666e-01
1.096192e-01	-3.472844e-01
1.096448e-01	-3.476884e-01
1.096704e-01	-3.478911e-01
1.096960e-01	-3.481984e-01
1.097216e-01	-3.482993e-01
1.097472e-01	-3.483999e-01
1.097728e-01	-3.484397e-01
1.097984e-01	-3.483823e-01
1.098240e-01	-3.481930e-01
1.098496e-01	-3.479933e-01
1.098752e-01	-3.476011e-01
1.099008e-01	-3.472337e-01
1.099264e-01	-3.466912e-01
1.099520e-01	-3.460552e-01
1.099776e-01	-3.455133e-01
1.100032e-01	-3.448227e-01
1.100288e-01	-3.440517e-01
1.100544e-01	-3.431736e-01
1.100800e-01	-3.423365e-01
1.101056e-01	-3.411520e-01
1.101312e-01	-3.400446e-01
1.101568e-01	-3.390292e-01
1.101824e-01	-3.378010e-01
1.102080e-01	-3.364316e-01
1.102336e-01	-3.350569e-01
1.102592e-01	-3.335883e-01
1.102848e-01	-3.320270e-01
1.103104e-01	-3.304615e-01
1.103360e-01	-3.287750e-01
1.103616e-01	-3.270770e-01
1.103872e-01	-3.252414e-01
1.104128e-01	-3.232007e-01
1.104384e-01	-3.213035e-01
1.104640e-01	-3.192500e-01
1.104896e-01	-3.172868e-01
1.105152e-01	-3.150320e-01
1.105408e-01	-3.128029e-01
1.105664e-01	-3.104865e-01
1.105920e-01	-3.080017e-01
1.106176e-01	-3.057607e-01
1.106432e-01	-3.031943e-01
1.106688e-01	-3.005195e-01
1.106944e-01	-2.978388e-01
1.107200e-01	-2.951417e-01
1.107456e-01	-2.924257e-01
1.107712e-01	-2.895553e-01
1.107968e-01	-2.867037e-01
1.108224e-01	-2.837550e-01
1.108480e-01	-2.806703e-01
1.108736e-01	-2.776409e-01
1.108992e-01	-2.745343e-01
1.109248e-01	-2.712267e-01
1.109504e-01	-2.679627e-01
1.109760e-01	-2.646710e-01
1.110016e-01	-2.612883e-01
1.110272e-01	-2.578792e-01
1.110528e-01	-2.543925e-01
1.110784e-01	-2.508636e-01
1.111040e-01	-2.472846e-01
1.111296e-01	-2.437065e-01
1.111552e-01	-2.399622e-01
1.111808e-01	-2.362794e-01
1.112064e-01	-2.325204e-01
1.112320e-01	-2.286689e-01
1.112576e-01	-2.249043e-01
1.112832e-01	-2.207928e-01
1.113088e-01	-2.169299e-01
1.113344e-01	-2.129007e-01
1.113600e-01	-2.087283e-01
1.113856e-01	-2.046885e-01
1.114112e-01	-2.005680e-01
1.114368e-01	-1.963609e-01
1.114624e-01	-1.922617e-01
1.114880e-01	-1.878932e-01
1.115136e-01	-1.836538e-01
1.115392e-01	-1.794035e-01
1.115648e-01	-1.749501e-01
1.115904e-01	-1.706509e-01
1.116160e-01	-1.662545e-01
1.116416e-01	-1.617417e-01
1.116672e-01	-1.572780e-01
1.116928e-01	-1.527992e-01
1.117184e-01	-1.482672e-01
1.117440e-01	-1.436538e-01
1.117696e-01	-1.391091e-01
1.117952e-01	-1.345543e-01
1.118208e-01	-1.298653e-01
1.118464e-01	-1.252207e-01
1.118720e-01	-1.204913e-01
1.118976e-01	-1.158305e-01
1.119232e-01	-1.111597e-01
1.119488e-01	-1.064846e-01
1.119744e-01	-1.018485e-01
1.120000e-01	-9.694791e-02
1.120256e-01	-9.222958e-02
1.120512e-01	-8.745541e-02
1.120768e-01	-8.280075e-02
1.121024e-01	-7.789913e-02
1.121280e-01	-7.310420e-02
1.121536e-01	-6.835461e-02
1.121792e-01	-6.346146e-02
1.122048e-01	-5.870659e-02
1.122304e-01	-5.387084e-02
1.122560e-01	-4.913611e-02
1.122816e-01	-4.425352e-02
1.123072e-01	-3.947045e-02
1.123328e-01	-3.471615e-02
1.123584e-01	-2.971743e-02
1.123840e-01	-2.505393e-02
1.124096e-01	-2.028657e-02
1.124352e-01	-1.546841e-02
1.124608e-01	-1.066850e-02
1.124864e-01	-5.959506e-03
1.125120e-01	-1.062366e-03
1.125376e-01	3.579173e-03
1.125632e-01	8.427214e-03
1.125888e-01	1.320095e-02
1.126144e-01	1.769645e-02
1.126400e-01	2.243593e-02
1.126656e-01	2.705423e-02
1.126912e-01	3.164840e-02
1.127168e-01	3.633079e-02
1.127424e-01	4.104635e-02
1.127680e-01	4.556557e-02
1.127936e-01	5.008193e-02
1.128192e-01	5.453375e-02
1.128448e-01	5.903355e-02
1.128704e-01	6.361321e-02
1.128960e-01	6.798184e-02
1.129216e-01	7.243010e-02
1.129472e-01	7.674215e-02
1.129728e-01	8.110131e-02
1.129984e-01	8.542427e-02
1.130240e-01	8.974133e-02
1.130496e-01	9.399273e-02
1.130752e-01	9.813515e-02
1.131008e-01	1.023980e-01
1.131264e-01	1.065185e-01
1.131520e-01	1.105164e-01
1.131776e-01	1.145586e-01
1.132032e-01	1.185223e-01
1.132288e-01	1.224049e-01
1.132544e-01	1.263804e-01
1.132800e-01	1.302938e-01
1.133056e-01	1.340452e-01
1.133312e-01	1.377984e-01
1.133568e-01	1.416057e-01
1.133824e-01	1.453355e-01
1.134080e-01	1.488124e-01
1.134336e-01	1.524687e-01
1.134592e-01	1.559809e-01
1.134848e-01	1.593830e-01
1.135104e-01	1.628246e-01
1.135360e-01	1.661669e-01
1.135616e-01	1.694891e-01
1.135872e-01	1.726407e-01
1.136128e-01	1.759393e-01
1.136384e-01	1.790523e-01
1.136640e-01	1.819738e-01
1.136896e-01	1.851211e-01
1.137152e-01	1.879827e-01
1.137408e-01	1.908892e-01
1.137664e-01	1.936973e-01
1.137920e-01	1.965106e-01
1.138176e-01	1.992656e-01
1.138432e-01	2.018982e-01
1.138688e-01	2.043314e-01
1.138944e-01	2.068535e-01
1.139200e-01	2.093910e-01
1.139456e-01	2.117707e-01
1.139712e-01	2.139970e-01
1.139968e-01	2.161931e-01
1.140224e-01	2.183138e-01
1.140480e-01	2.204132e-01
1.140736e-01	2.225319e-01
1.140992e-01	2.244383e-01
1.141248e-01	2.262658e-01
1.141504e-01	2.281951e-01
1.141760e-01	2.297527e-01
1.142016e-01	2.314701e-01
1.142272e-01	2.331387e-01
1.142528e-01	2.345483e-01
1.142784e-01	2.360564e-01
1.143040e-01	2.374044e-01
1.143296e-01	2.386471e-01
1.143552e-01	2.399603e-01
1.143808e-01	2.410534e-01
1.144064e-01	2.420560e-01
1.144320e-01	2.431183e-01
1.144576e-01	2.438722e-01
1.144832e-01	2.448339e-01
1.145088e-01	2.456585e-01
1.145344e-01	2.462189e-01
1.145600e-01	2.470102e-01
1.145856e-01	2.474059e-01
1.146112e-01	2.479298e-01
1.146368e-01	2.481556e-01
1.146624e-01	2.486101e-01
1.146880e-01	2.488582e-01
1.147136e-01	2.488331e-01
1.147392e-01	2.490681e-01
1.147648e-01	2.490077e-01
1.147904e-01	2.489177e-01
1.148160e-01	2.488086e-01
1.148416e-01	2.485386e-01
1.148672e-01	2.481328e-01
1.148928e-01	2.478644e-01
1.149184e-01	2.473840e-01
1.149440e-01	2.467409e-01
1.149696e-01	2.461710e-01
1.149952e-01	2.453757e-01
1.150208e-01	2.447411e-01
1.150464e-01	2.437242e-01
1.150720e-01	2.428200e-01
1.150976e-01	2.418524e-01
1.151232e-01	2.407829e-01
1.151488e-01	2.396595e-01
1.151744e-01	2.383106e-01
1.152000e-01	2.371469e-01
1.152256e-01	2.357006e-01
1.152512e-01	2.341731e-01
1.152768e-01	2.327574e-01
1.153024e-01	2.310120e-01
1.153280e-01	2.295449e-01
1.153536e-01	2.275736e-01
1.153792e-01	2.257826e-01
1.154048e-01	2.239535e-01
1.154304e-01	2.219197e-01
1.154560e-01	2.201107e-01
1.154816e-01	2.178313e-01
1.155072e-01	2.157457e-01
1.155328e-01	2.134146e-01
1.155584e-01	2.111141e-01
1.155840e-01	2.087965e-01
1.156096e-01	2.063472e-01
1.156352e-01	2.038582e-01
1.156608e-01	2.010915e-01
1.156864e-01	1.986271e-01
1.157120e-01	1.958477e-01
1.157376e-01	1.930645e-01
1.157632e-01	1.902370e-01
1.157888e-01	1.873918e-01
1.158144e-01	1.844700e-01
1.158400e-01	1.813968e-01
1.158656e-01	1.783461e-01
1.158912e-01	1.752053e-01
1.159168e-01	1.720910e-01
1.159424e-01	1.687418e-01
1.159680e-01	1.653905e-01
1.159936e-01	1.620152e-01
1.160192e-01	1.585939e-01
1.160448e-01	1.551571e-01
1.160704e-01	1.515483e-01
1.160960e-01	1.481180e-01
1.161216e-01	1.443655e-01
1.161472e-01	1.407206e-01
1.161728e-01	1.369947e-01
1.161984e-01	1.332080e-01
1.162240e-01	1.294661e-01
1.162496e-01	1.255611e-01
1.162752e-01	1.216334e-01
1.163008e-01	1.176079e-01
1.163264e-01	1.136103e-01
1.163520e-01	1.095595e-01
1.163776e-01	1.055221e-01
1.164032e-01	1.014059e-01
1.164288e-01	9.723398e-02
1.164544e-01	9.308291e-02
1.164800e-01	8.877012e-02
1.165056e-01	8.457202e-02
1.165312e-01	8.019845e-02
1.165568e-01	7.575182e-02
1.165824e-01	7.143823e-02
1.166080e-01	6.704996e-02
1.166336e-01	6.268641e-02
1.166592e-01	5.808170e-02
1.166848e-01	5.357032e-02
1.167104e-01	4.902706e-02
1.167360e-01	4.452669e-02
1.167616e-01	3.999800e-02
1.167872e-01	3.535178e-02
1.168128e-01	3.083229e-02
1.168384e-01	2.604990e-02
1.168640e-01	2.145370e-02
1.168896e-01	1.681309e-02
1.169152e-01	1.205163e-02
1.169408e-01	7.323066e-03
1.169664e-01	2.544290e-03
1.169920e-01	-2.108778e-03
1.170176e-01	-6.820901e-03
1.170432e-01	-1.170197e-02
1.170688e-01	-1.642518e-02
1.170944e-01	-2.129102e-02
1.171200e-01	-2.605732e-02
1.171456e-01	-3.086245e-02
1.171712e-01	-3.566029e-02
1.171968e-01	-4.040047e-02
1.172224e-01	-4.527598e-02
1.172480e-01	-5.004866e-02
1.172736e-01	-5.490735e-02
1.172992e-01	-5.960416e-02
1.173248e-01	-6.446354e-02
1.173504e-01	-6.925046e-02
1.173760e-01	-7.410970e-02
1.174016e-01	-7.885310e-02
1.174272e-01	-8.362227e-02
1.174528e-01	-8.850334e-02
1.174784e-01	-9.312105e-02
1.175040e-01	-9.801093e-02
1.175296e-01	-1.026438e-01
1.175552e-01	-1.074405e-01
1.175808e-01	-1.121845e-01
1.176064e-01	-1.167634e-01
1.176320e-01	-1.215009e-01
1.176576e-01	-1.262654e-01
1.176832e-01	-1.307873e-01
1.177088e-01	-1.354204e-01
1.177344e-01	-1.400920e-01
1.177600e-01	-1.445398e-01
1.177856e-01	-1.490992e-01
1.178112e-01	-1.537038e-01
1.178368e-01	-1.581545e-01
1.178624e-01	-1.626886e-01
1.178880e-01	-1.670911e-01
1.179136e-01	-1.713850e-01
1.179392e-01	-1.758563e-01
1.179648e-01	-1.802562e-01
1.179904e-01	-1.845323e-01
1.180160e-01	-1.888232e-01
1.180416e-01	-1.929323e-01
1.180672e-01	-1.971268e-01
1.180928e-01	-2.014035e-01
1.181184e-01	-2.054744e-01
1.181440e-01	-2.095280e-01
1.181696e-01	-2.136363e-01
1.181952e-01	-2.175882e-01
1.182208e-01	-2.215947e-01
1.182464e-01	-2.255463e-01
1.182720e-01	-2.293992e-01
1.182976e-01	-2.331495e-01
1.183232e-01	-2.369992e-01
1.183488e-01	-2.406492e-01
1.183744e-01	-2.442997e-01
1.184000e-01	-2.479631e-01
1.184256e-01	-2.515327e-01
1.184512e-01	-2.551636e-01
1.184768e-01	-2.584665e-01
1.185024e-01	-2.618098e-01
1.185280e-01	-2.653402e-01
1.185536e-01	-2.685536e-01
1.185792e-01	-2.719043e-01
1.186048e-01	-2.749515e-01
1.186304e-01	-2.781498e-01
1.186560e-01	-2.812909e-01
1.186816e-01	-2.842609e-01
1.187072e-01	-2.872421e-01
1.187328e-01	-2.900162e-01
1.187584e-01	-2.929300e-01
1.187840e-01	-2.956671e-01
1.188096e-01	-2.984462e-01
1.188352e-01	-3.010432e-01
1.188608e-01	-3.034647e-01
1.188864e-01	-3.060822e-01
1.189120e-01	-3.085360e-01
1.189376e-01	-3.109002e-01
1.189632e-01	-3.131793e-01
1.189888e-01	-3.154159e-01
1.190144e-01	-3.175045e-01
1.190400e-01	-3.196138e-01
1.190656e-01	-3.216022e-01
1.190912e-01	-3.236324e-01
1.191168e-01	-3.255877e-01
1.191424e-01	-3.273025e-01
1.191680e-01	-3.290181e-01
1.191936e-01	-3.306376e-01
1.192192e-01	-3.323007e-01
1.192448e-01	-3.338925e-01
1.192704e-01	-3.351750e-01
1.192960e-01	-3.366169e-01
1.193216e-01	-3.379976e-01
1.193472e-01	-3.391447e-01
1.193728e-01	-3.404176e-01
1.193984e-01	-3.414918e-01
1.194240e-01	-3.423625e-01
1.194496e-01	-3.433450e-01
1.194752e-01	-3.441507e-01
1.195008e-01	-3.449300e-01
1.195264e-01	-3.456001e-01
1.195520e-01	-3.462304e-01
1.195776e-01	-3.468486e-01
1.196032e-01	-3.473335e-01
1.196288e-01	-3.476896e-01
1.196544e-01	-3.479344e-01
1.196800e-01	-3.481268e-01
1.197056e-01	-3.482921e-01
1.197312e-01	-3.483669e-01
1.197568e-01	-3.484040e-01
1.197824e-01	-3.482749e-01
1.198080e-01	-3.481046e-01
1.198336e-01	-3.479591e-01
1.198592e-01	-3.477198e-01
1.198848e-01	-3.472449e-01
1.199104e-01	-3.467174e-01
1.199360e-01	-3.462504e-01
1.199616e-01	-3.456421e-01
1.199872e-01	-3.448715e-01
1.200128e-01	-3.440138e-01
1.200384e-01	-3.431796e-01
1.200640e-01	-3.423137e-01
1.200896e-01	-3.413300e-01
1.201152e-01	-3.403354e-01
1.201408e-01	-3.391019e-01
1.201664e-01	-3.378753e-01
1.201920e-01	-3.364948e-01
1.202176e-01	-3.351514e-01
1.202432e-01	-3.338049e-01
1.202688e-01	-3.322037e-01
1.202944e-01	-3.306412e-01
1.203200e-01	-3.289366e-01
1.203456e-01	-3.271815e-01
1.203712e-01	-3.254349e-01
1.203968e-01	-3.235177e-01
1.204224e-01	-3.215319e-01
1.204480e-01	-3.194713e-01
1.204736e-01	-3.174594e-01
1.204992e-01	-3.152131e-01
1.205248e-01	-3.129290e-01
1.205504e-01	-3.107063e-01
1.205760e-01	-3.082604e-01
1.206016e-01	-3.057555e-01
1.206272e-01	-3.033349e-01
1.206528e-01	-3.006495e-01
1.206784e-01	-2.980835e-01
1.207040e-01	-2.953509e-01
1.207296e-01	-2.925559e-01
1.207552e-01	-2.898120e-01
1.207808e-01	-2.868963e-01
1.208064e-01	-2.839756e-01
1.208320e-01	-2.809740e-01
1.208576e-01	-2.778845e-01
1.208832e-01	-2.747264e-01
1.209088e-01	-2.716089e-01
1.209344e-01	-2.683042e-01
1.209600e-01	-2.649668e-01
1.209856e-01	-2.616617e-01
1.210112e-01	-2.581686e-01
1.210368e-01	-2.547578e-01
1.210624e-01	-2.511396e-01
1.210880e-01	-2.476282e-01
1.211136e-01	-2.440365e-01
1.211392e-01	-2.403848e-01
1.211648e-01	-2.366163e-01
1.211904e-01	-2.328581e-01
1.212160e-01	-2.290577e-01
1.212416e-01	-2.251128e-01
1.212672e-01	-2.212542e-01
1.212928e-01	-2.173163e-01
1.213184e-01	-2.132192e-01
1.213440e-01	-2.091883e-01
1.213696e-01	-2.051152e-01
1.213952e-01	-2.009842e-01
1.214208e-01	-1.968205e-01
1.214464e-01	-1.926585e-01
1.214720e-01	-1.884000e-01
1.214976e-01	-1.841379e-01
1.215232e-01	-1.798511e-01
1.215488e-01	-1.753207e-01
1.215744e-01	-1.710778e-01
1.216000e-01	-1.667312e-01
1.216256e-01	-1.621320e-01
1.216512e-01	-1.577707e-01
1.216768e-01	-1.531948e-01
1.217024e-01	-1.487201e-01
1.217280e-01	-1.441224e-01
1.217536e-01	-1.395848e-01
1.217792e-01	-1.349620e-01
1.218048e-01	-1.303814e-01
1.218304e-01	-1.257461e-01
1.218560e-01	-1.209825e-01
1.218816e-01	-1.164230e-01
1.219072e-01	-1.116803e-01
1.219328e-01	-1.069835e-01
1.219584e-01	-1.022025e-01
1.219840e-01	-9.740239e-02
1.220096e-01	-9.265395e-02
1.220352e-01	-8.786648e-02
1.220608e-01	-8.314342e-02
1.220864e-01	-7.838140e-02
1.221120e-01	-7.362228e-02
1.221376e-01	-6.866688e-02
1.221632e-01	-6.399192e-02
1.221888e-01	-5.906401e-02
1.222144e-01	-5.428806e-02
1.222400e-01	-4.947000e-02
1.222656e-01	-4.465861e-02
1.222912e-01	-3.996111e-02
1.223168e-01	-3.512447e-02
1.223424e-01	-3.033220e-02
1.223680e-01	-2.549433e-02
1.223936e-01	-2.067843e-02
1.224192e-01	-1.595525e-02
1.224448e-01	-1.101011e-02
1.224704e-01	-6.361828e-03
1.224960e-01	-1.695535e-03
1.225216e-01	3.209934e-03
1.225472e-01	7.756693e-03
1.225728e-01	1.258910e-02
1.225984e-01	1.728220e-02
1.226240e-01	2.196006e-02
1.226496e-01	2.668088e-02
1.226752e-01	3.124022e-02
1.227008e-01	3.598841e-02
1.227264e-01	4.046336e-02
1.227520e-01	4.504818e-02
1.227776e-01	4.964704e-02
1.228032e-01	5.405635e-02
1.228288e-01	5.867893e-02
1.228544e-01	6.315048e-02
1.228800e-01	6.751085e-02
1.229056e-01	7.202707e-02
1.229312e-01	7.629090e-02
1.229568e-01	8.068920e-02
1.229824e-01	8.501391e-02
1.230080e-01	8.925534e-02
1.230336e-01	9.339528e-02
1.230592e-01	9.771182e-02
1.230848e-01	1.018627e-01
1.231104e-01	1.060349e-01
1.231360e-01	1.101643e-01
1.231616e-01	1.140749e-01
1.231872e-01	1.182310e-01
1.232128e-01	1.221297e-01
1.232384e-01	1.260267e-01
1.232640e-01	1.298753e-01
1.232896e-01	1.336404e-01
1.233152e-01	1.375576e-01
1.233408e-01	1.411725e-01
1.233664e-01	1.448807e-01
1.233920e-01	1.485544e-01
1.234176e-01	1.520597e-01
1.234432e-01	1.555663e-01
1.234688e-01	1.590253e-01
1.234944e-01	1.624912e-01
1.235200e-01	1.657754e-01
1.235456e-01	1.691183e-01
1.235712e-01	1.723002e-01
1.235968e-01	1.754310e-01
1.236224e-01	1.787764e-01
1.236480e-01	1.817320e-01
1.236736e-01	1.848023e-01
1.236992e-01	1.877811e-01
1.237248e-01	1.907749e-01
1.237504e-01	1.933974e-01
1.237760e-01	1.962216e-01
1.238016e-01	1.990053e-01
1.238272e-01	2.014168e-01
1.238528e-01	2.041651e-01
1.238784e-01	2.066741e-01
1.239040e-01	2.090219e-01
1.239296e-01	2.115112e-01
1.239552e-01	2.137188e-01
1.239808e-01	2.159533e-01
1.240064e-01	2.181474e-01
1.240320e-01	2.203453e-01
1.240576e-01	2.223001e-01
1.240832e-01	2.241945e-01
1.241088e-01	2.261223e-01
1.241344e-01	2.279556e-01
1.241600e-01	2.297075e-01
1.241856e-01	2.312510e-01
1.242112e-01	2.329084e-01
1.242368e-01	2.344996e-01
1.242624e-01	2.358197e-01
1.242880e-01	2.373272e-01
1.243136e-01	2.386468e-01
1.243392e-01	2.397353e-01
1.243648e-01	2.409128e-01
1.243904e-01	2.420246e-01
1.244160e-01	2.430233e-01
1.244416e-01	2.439912e-01
1.244672e-01	2.447958e-01
1.244928e-01	2.455447e-01
1.245184e-01	2.462116e-01
1.245440e-01	2.467832e-01
1.245696e-01	2.472879e-01
1.245952e-01	2.478188e-01
1.246208e-01	2.482374e-01
1.246464e-01	2.485736e-01
1.246720e-01	2.487088e-01
1.246976e-01	2.489308e-01
1.247232e-01	2.490354e-01
1.247488e-01	2.489312e-01
1.247744e-01	2.490269e-01
1.248000e-01	2.487700e-01
1.248256e-01	2.485210e-01
1.248512e-01	2.482869e-01
1.248768e-01	2.477591e-01
1.249024e-01	2.473714e-01
1.249280e-01	2.468029e-01
1.249536e-01	2.461977e-01
1.249792e-01	2.455683e-01
1.250048e-01	2.447503e-01
1.250304e-01	2.438311e-01
1.250560e-01	2.429372e-01
1.250816e-01	2.420020e-01
1.251072e-01	2.408578e-01
1.251328e-01	2.397252e-01
1.251584e-01	2.385113e-01
1.251840e-01	2.370741e-01
1.252096e-01	2.359069e-01
1.252352e-01	2.343577e-01
1.252608e-01	2.328433e-01
1.252864e-01	2.312578e-01
1.253120e-01	2.294241e-01
1.253376e-01	2.278271e-01
1.253632e-01	2.260689e-01
1.253888e-01	2.240137e-01
1.254144e-01	2.221855e-01
1.254400e-01	2.201880e-01
1.254656e-01	2.179474e-01
1.254912e-01	2.158706e-01
1.255168e-01	2.136439e-01
1.255424e-01	2.112775e-01
1.255680e-01	2.088225e-01
1.255936e-01	2.064799e-01
1.256192e-01	2.040047e-01
1.256448e-01	2.013577e-01
1.256704e-01	1.988278e-01
1.256960e-01	1.960797e-01
1.257216e-01	1.932980e-01
1.257472e-01	1.905389e-01
1.257728e-01	1.875862e-01
1.257984e-01	1.845661e-01
1.258240e-01	1.816341e-01
1.258496e-01	1.785667e-01
1.258752e-01	1.754130e-01
1.259008e-01	1.721027e-01
1.259264e-01	1.689920e-01
1.259520e-01	1.657152e-01
1.259776e-01	1.622917e-01
1.260032e-01	1.590517e-01
1.260288e-01	1.554478e-01
1.260544e-01	1.518923e-01
1.260800e-01	1.484337e-01
1.261056e-01	1.447839e-01
1.261312e-01	1.409965e-01
1.261568e-01	1.373632e-01
1.261824e-01	1.336211e-01
1.262080e-01	1.296481e-01
1.262336e-01	1.259574e-01
1.262592e-01	1.219666e-01
1.262848e-01	1.180260e-01
1.263104e-01	1.140098e-01
1.263360e-01	1.099384e-01
1.263616e-01	1.058784e-01
1.263872e-01	1.017412e-01
1.264128e-01	9.755936e-02
1.264384e-01	9.335818e-02
1.264640e-01	8.918968e-02
1.264896e-01	8.481899e-02
1.265152e-01	8.056036e-02
1.265408e-01	7.619321e-02
1.265664e-01	7.176502e-02
1.265920e-01	6.748728e-02
1.266176e-01	6.293696e-02
1.266432e-01	5.850078e-02
1.266688e-01	5.402270e-02
1.266944e-01	4.953846e-02
1.267200e-01	4.502268e-02
1.267456e-01	4.040195e-02
1.267712e-01	3.584506e-02
1.267968e-01	3.119427e-02
1.268224e-01	2.646879e-02
1.268480e-01	2.182142e-02
1.268736e-01	1.711787e-02
1.268992e-01	1.246242e-02
1.269248e-01	7.721934e-03
1.269504e-01	2.963431e-03
1.269760e-01	-1.711175e-03
1.270016e-01	-6.497626e-03
1.270272e-01	-1.129982e-02
1.270528e-01	-1.600794e-02
1.270784e-01	-2.085863e-02
1.271040e-01	-2.557340e-02
1.271296e-01	-3.038962e-02
1.271552e-01	-3.525791e-02
1.271808e-01	-3.998260e-02
1.272064e-01	-4.479716e-02
1.272320e-01	-4.964296e-02
1.272576e-01	-5.443253e-02
1.272832e-01	-5.923073e-02
1.273088e-01	-6.406546e-02
1.273344e-01	-6.885824e-02
1.273600e-01	-7.367583e-02
1.273856e-01	-7.834848e-02
1.274112e-01	-8.315217e-02
1.274368e-01	-8.803440e-02
1.274624e-01	-9.267858e-02
1.274880e-01	-9.754892e-02
1.275136e-01	-1.021630e-01
1.275392e-01	-1.069171e-01
1.275648e-01	-1.116970e-01
1.275904e-01	-1.163839e-01
1.276160e-01	-1.210669e-01
1.276416e-01	-1.256436e-01
1.276672e-01	-1.303611e-01
1.276928e-01	-1.349422e-01
1.277184e-01	-1.394473e-01
1.277440e-01	-1.441582e-01
1.277696e-01	-1.487380e-01
1.277952e-01	-1.532400e-01
1.278208e-01	-1.577696e-01
1.278464e-01	-1.621966e-01
1.278720e-01	-1.666206e-01
1.278976e-01	-1.709856e-01
1.279232e-01	-1.754187e-01
1.279488e-01	-1.798633e-01
1.279744e-01	-1.840408e-01
1.280000e-01	-1.883492e-01
1.280256e-01	-1.926777e-01
1.280512e-01	-1.969036e-01
1.280768e-01	-2.010780e-01
1.281024e-01	-2.051096e-01
1.281280e-01	-2.092811e-01
1.281536e-01	-2.132807e-01
1.281792e-01	-2.172249e-01
1.282048e-01	-2.212870e-01
1.282304e-01	-2.250386e-01
1.282560e-01	-2.290594e-01
1.282816e-01	-2.327994e-01
1.283072e-01	-2.365661e-01
1.283328e-01	-2.402985e-01
1.283584e-01	-2.439072e-01
1.283840e-01	-2.476563e-01
1.284096e-01	-2.512445e-01
1.284352e-01	-2.546952e-01
1.284608e-01	-2.581961e-01
1.284864e-01	-2.616391e-01
1.285120e-01	-2.650314e-01
1.285376e-01	-2.684144e-01
1.285632e-01	-2.715371e-01
1.285888e-01	-2.747470e-01
1.286144e-01	-2.779361e-01
1.286400e-01	-2.809393e-01
1.286656e-01	-2.839881e-01
1.286912e-01	-2.869438e-01
1.287168e-01	-2.897940e-01
1.287424e-01	-2.926467e-01
1.287680e-01	-2.955246e-01
1.287936e-01	-2.980597e-01
1.288192e-01	-3.006917e-01
1.288448e-01	-3.033766e-01
1.288704e-01	-3.058361e-01
1.288960e-01	-3.083061e-01
1.289216e-01	-3.107027e-01
1.289472e-01	-3.129277e-01
1.289728e-01	-3.152060e-01
1.289984e-01	-3.174490e-01
1.290240e-01	-3.194657e-01
1.290496e-01	-3.214144e-01
1.290752e-01	-3.235549e-01
1.291008e-01	-3.253407e-01
1.291264e-01	-3.271607e-01
1.291520e-01	-3.288838e-01
1.291776e-01	-3.306295e-01
1.292032e-01	-3.322085e-01
1.292288e-01	-3.336741e-01
1.292544e-01	-3.353054e-01
1.292800e-01	-3.365015e-01
1.293056e-01	-3.378449e-01
1.293312e-01	-3.391542e-01
1.293568e-01	-3.402324e-01
1.293824e-01	-3.413657e-01
1.294080e-01	-3.422936e-01
1.294336e-01	-3.432553e-01
1.294592e-01	-3.440313e-01
1.294848e-01	-3.449539e-01
1.295104e-01	-3.454878e-01
1.295360e-01	-3.461167e-01
1.295616e-01	-3.468044e-01
1.295872e-01	-3.471194e-01
1.296128e-01	-3.475912e-01
1.296384e-01	-3.479281e-01
1.296640e-01	-3.481192e-01
1.296896e-01	-3.483399e-01
1.297152e-01	-3.484082e-01
1.297408e-01	-3.483666e-01
1.297664e-01	-3.481792e-01
1.297920e-01	-3.481098e-01
1.298176e-01	-3.479378e-01
1.298432e-01	-3.475620e-01
1.298688e-01	-3.472539e-01
1.298944e-01	-3.468290e-01
1.299200e-01	-3.462302e-01
1.299456e-01	-3.456532e-01
1.299712e-01	-3.449452e-01
1.299968e-01	-3.442953e-01
1.300224e-01	-3.433384e-01
1.300480e-01	-3.424015e-01
1.300736e-01	-3.414252e-01
1.300992e-01	-3.403245e-01
1.301248e-01	-3.392990e-01
1.301504e-01	-3.380834e-01
1.301760e-01	-3.367946e-01
1.302016e-01	-3.353133e-01
1.302272e-01	-3.339041e-01
1.302528e-01	-3.324081e-01
1.302784e-01	-3.307423e-01
1.303040e-01	-3.291612e-01
1.303296e-01	-3.273869e-01
1.303552e-01	-3.256084e-01
1.303808e-01	-3.236575e-01
1.304064e-01	-3.216668e-01
1.304320e-01	-3.195913e-01
1.304576e-01	-3.175974e-01
1.304832e-01	-3.154640e-01
1.305088e-01	-3.132370e-01
1.305344e-01	-3.109033e-01
1.305600e-01	-3.084604e-01
1.305856e-01	-3.060983e-01
1.306112e-01	-3.035863e-01
1.306368e-01	-3.010653e-01
1.306624e-01	-2.984213e-01
1.306880e-01	-2.955583e-01
1.307136e-01	-2.929713e-01
1.307392e-01	-2.901827e-01
1.307648e-01	-2.871206e-01
1.307904e-01	-2.842723e-01
1.308160e-01	-2.813189e-01
1.308416e-01	-2.781605e-01
1.308672e-01	-2.750454e-01
1.308928e-01	-2.719169e-01
1.309184e-01	-2.686215e-01
1.309440e-01	-2.652997e-01
1.309696e-01	-2.620071e-01
1.309952e-01	-2.585584e-01
1.310208e-01	-2.551103e-01
1.310464e-01	-2.515539e-01
1.310720e-01	-2.480641e-01
1.310976e-01	-2.443478e-01
1.311232e-01	-2.407679e-01
1.311488e-01	-2.370131e-01
1.311744e-01	-2.331247e-01
1.312000e-01	-2.293979e-01
1.312256e-01	-2.254789e-01
1.312512e-01	-2.215442e-01
1.312768e-01	-2.176159e-01
1.313024e-01	-2.136223e-01
1.313280e-01	-2.095821e-01
1.313536e-01	-2.054762e-01
1.313792e-01	-2.013195e-01
1.314048e-01	-1.971890e-01
1.314304e-01	-1.930241e-01
1.314560e-01	-1.887417e-01
1.314816e-01	-1.844676e-01
1.315072e-01	-1.802954e-01
1.315328e-01	-1.758281e-01
1.315584e-01	-1.714436e-01
1.315840e-01	-1.670344e-01
1.316096e-01	-1.626032e-01
1.316352e-01	-1.582176e-01
1.316608e-01	-1.535750e-01
1.316864e-01	-1.490779e-01
1.317120e-01	-1.445211e-01
1.317376e-01	-1.399919e-01
1.317632e-01	-1.354261e-01
1.317888e-01	-1.307605e-01
1.318144e-01	-1.260353e-01
1.318400e-01	-1.214476e-01
1.318656e-01	-1.167317e-01
1.318912e-01	-1.120300e-01
1.319168e-01	-1.073419e-01
1.319424e-01	-1.025682e-01
1.319680e-01	-9.792154e-02
1.319936e-01	-9.313309e-02
1.320192e-01	-8.833832e-02
1.320448e-01	-8.359142e-02
1.320704e-01	-7.877839e-02
1.320960e-01	-7.406499e-02
1.321216e-01	-6.924159e-02
1.321472e-01	-6.441711e-02
1.321728e-01	-5.956654e-02
1.321984e-01	-5.476070e-02
1.322240e-01	-5.008253e-02
1.322496e-01	-4.523118e-02
1.322752e-01	-4.034091e-02
1.323008e-01	-3.563470e-02
1.323264e-01	-3.070556e-02
1.323520e-01	-2.597054e-02
1.323776e-01	-2.117122e-02
1.324032e-01	-1.631691e-02
1.324288e-01	-1.149210e-02
1.324544e-01	-6.805433e-03
1.324800e-01	-2.083868e-03
1.325056e-01	2.729505e-03
1.325312e-01	7.339239e-03
1.325568e-01	1.214018e-02
1.325824e-01	1.677934e-02
1.326080e-01	2.148066e-02
1.326336e-01	2.618779e-02
1.326592e-01	3.083862e-02
1.326848e-01	3.545478e-02
1.327104e-01	4.000884e-02
1.327360e-01	4.467105e-02
1.327616e-01	4.918829e-02
1.327872e-01	5.376176e-02
1.328128e-01	5.814400e-02
1.328384e-01	6.278357e-02
1.328640e-01	6.712259e-02
1.328896e-01	7.153916e-02
1.329152e-01	7.606020e-02
1.329408e-01	8.030244e-02
1.329664e-01	8.460011e-02
1.329920e-01	8.884945e-02
1.330176e-01	9.320916e-02
1.330432e-01	9.727033e-02
1.330688e-01	1.014719e-01
1.330944e-01	1.056615e-01
1.331200e-01	1.096870e-01
1.331456e-01	1.138438e-01
1.331712e-01	1.178061e-01
1.331968e-01	1.217831e-01
1.332224e-01	1.256061e-01
1.332480e-01	1.295476e-01
1.332736e-01	1.333230e-01
1.332992e-01	1.371005e-01
1.333248e-01	1.409131e-01
1.333504e-01	1.445587e-01
1.333760e-01	1.482694e-01
1.334016e-01	1.517103e-01
1.334272e-01	1.553330e-01
1.334528e-01	1.588355e-01
1.334784e-01	1.622012e-01
1.335040e-01	1.655006e-01
1.335296e-01	1.687979e-01
1.335552e-01	1.722262e-01
1.335808e-01	1.752157e-01
1.336064e-01	1.785022e-01
1.336320e-01	1.815462e-01
1.336576e-01	1.845523e-01
1.336832e-01	1.875461e-01
1.337088e-01	1.903095e-01
1.337344e-01	1.932961e-01
1.337600e-01	1.959794e-01
1.337856e-01	1.986813e-01
1.338112e-01	2.012823e-01
1.338368e-01	2.038719e-01
1.338624e-01	2.063923e-01
1.338880e-01	2.087494e-01
1.339136e-01	2.112183e-01
1.339392e-01	2.135472e-01
1.339648e-01	2.158574e-01
1.339904e-01	2.179366e-01
1.340160e-01	2.200423e-01
1.340416e-01	2.221600e-01
1.340672e-01	2.240179e-01
1.340928e-01	2.258732e-01
1.341184e-01	2.278403e-01
1.341440e-01	2.294942e-01
1.341696e-01	2.311527e-01
1.341952e-01	2.328346e-01
1.342208e-01	2.343098e-01
1.342464e-01	2.356821e-01
1.342720e-01	2.371687e-01
1.342976e-01	2.384135e-01
1.343232e-01	2.396147e-01
1.343488e-01	2.408719e-01
1.343744e-01	2.418914e-01
1.344000e-01	2.428908e-01
1.344256e-01	2.438004e-01
1.344512e-01	2.446646e-01
1.344768e-01	2.454235e-01
1.345024e-01	2.460596e-01
1.345280e-01	2.467061e-01
1.345536e-01	2.472787e-01
1.345792e-01	2.477616e-01
1.346048e-01	2.481148e-01
1.346304e-01	2.485297e-01
1.346560e-01	2.487300e-01
1.346816e-01	2.489664e-01
1.347072e-01	2.490412e-01
1.347328e-01	2.489987e-01
1.347584e-01	2.490157e-01
1.347840e-01	2.488635e-01
1.348096e-01	2.485355e-01
1.348352e-01	2.482773e-01
1.348608e-01	2.479533e-01
1.348864e-01	2.474308e-01
1.349120e-01	2.468401e-01
1.349376e-01	2.462412e-01
1.349632e-01	2.455680e-01
1.349888e-01	2.448771e-01
1.350144e-01	2.439435e-01
1.350400e-01	2.430263e-01
1.350656e-01	2.420467e-01
1.350912e-01	2.409064e-01
1.351168e-01	2.398615e-01
1.351424e-01	2.386896e-01
1.351680e-01	2.373497e-01
1.351936e-01	2.360566e-01
1.352192e-01	2.346229e-01
1.352448e-01	2.329648e-01
1.352704e-01	2.313078e-01
1.352960e-01	2.296824e-01
1.353216e-01	2.280425e-01
1.353472e-01	2.262339e-01
1.353728e-01	2.242502e-01
1.353984e-01	2.224840e-01
1.354240e-01	2.203823e-01
1.354496e-01	2.181929e-01
1.354752e-01	2.161540e-01
1.355008e-01	2.137835e-01
1.355264e-01	2.114834e-01
1.355520e-01	2.091536e-01
1.355776e-01	2.067307e-01
1.356032e-01	2.041535e-01
1.356288e-01	2.016502e-01
1.356544e-01	1.991425e-01
1.356800e-01	1.963120e-01
1.357056e-01	1.936590e-01
1.357312e-01	1.906975e-01
1.357568e-01	1.879158e-01
1.357824e-01	1.850583e-01
1.358080e-01	1.818269e-01
1.358336e-01	1.788945e-01
1.358592e-01	1.757365e-01
1.358848e-01	1.725715e-01
1.359104e-01	1.693561e-01
1.359360e-01	1.659964e-01
1.359616e-01	1.626318e-01
1.359872e-01	1.591790e-01
1.360128e-01	1.558220e-01
1.360384e-01	1.522298e-01
1.360640e-01	1.487130e-01
1.360896e-01	1.450588e-01
1.361152e-01	1.414490e-01
1.361408e-01	1.377918e-01
1.361664e-01	1.338789e-01
1.361920e-01	1.301005e-01
1.362176e-01	1.263698e-01
1.362432e-01	1.223011e-01
1.362688e-01	1.183497e-01
1.362944e-01	1.143524e-01
1.363200e-01	1.102009e-01
1.363456e-01	1.062654e-01
1.363712e-01	1.020870e-01
1.363968e-01	9.801455e-02
1.364224e-01	9.378026e-02
1.364480e-01	8.948116e-02
1.364736e-01	8.533552e-02
1.364992e-01	8.090104e-02
1.365248e-01	7.667542e-02
1.365504e-01	7.217619e-02
1.365760e-01	6.783111e-02
1.366016e-01	6.340946e-02
1.366272e-01	5.893114e-02
1.366528e-01	5.453929e-02
1.366784e-01	4.995323e-02
1.367040e-01	4.527993e-02
1.367296e-01	4.076908e-02
1.367552e-01	3.625549e-02
1.367808e-01	3.156313e-02
1.368064e-01	2.687510e-02
1.368320e-01	2.234448e-02
1.368576e-01	1.763094e-02
1.368832e-01	1.298039e-02
1.369088e-01	8.091109e-03
1.369344e-01	3.440515e-03
1.369600e-01	-1.219484e-03
1.369856e-01	-6.129604e-03
1.370112e-01	-1.085298e-02
1.370368e-01	-1.551389e-02
1.370624e-01	-2.044765e-02
1.370880e-01	-2.517390e-02
1.371136e-01	-2.980789e-02
1.371392e-01	-3.479496e-02
1.371648e-01	-3.946897e-02
1.371904e-01	-4.431927e-02
1.372160e-01	-4.931290e-02
1.372416e-01	-5.400119e-02
1.372672e-01	-5.880838e-02
1.372928e-01	-6.366880e-02
1.373184e-01	-6.851579e-02
1.373440e-01	-7.323933e-02
1.373696e-01	-7.797311e-02
1.373952e-01	-8.274339e-02
1.374208e-01	-8.758768e-02
1.374464e-01	-9.218308e-02
1.374720e-01	-9.705845e-02
1.374976e-01	-1.018526e-01
1.375232e-01	-1.065146e-01
1.375488e-01	-1.112770e-01
1.375744e-01	-1.160244e-01
1.376000e-01	-1.205997e-01
1.376256e-01	-1.252445e-01
1.376512e-01	-1.299086e-01
1.376768e-01	-1.344856e-01
1.377024e-01	-1.392343e-01
1.377280e-01	-1.437574e-01
1.377536e-01	-1.483621e-01
1.377792e-01	-1.529065e-01
1.378048e-01	-1.573051e-01
1.378304e-01	-1.618413e-01
1.378560e-01	-1.662211e-01
1.378816e-01	-1.706892e-01
1.379072e-01	-1.749374e-01
1.379328e-01	-1.793711e-01
1.379584e-01	-1.837279e-01
1.379840e-01	-1.878933e-01
1.380096e-01	-1.922498e-01
1.380352e-01	-1.963565e-01
1.380608e-01	-2.005631e-01
1.380864e-01	-2.047635e-01
1.381120e-01	-2.087544e-01
1.381376e-01	-2.130093e-01
1.381632e-01	-2.169875e-01
1.381888e-01	-2.208128e-01
1.382144e-01	-2.247982e-01
1.382400e-01	-2.285506e-01
1.382656e-01	-2.324931e-01
1.382912e-01	-2.362025e-01
1.383168e-01	-2.398890e-01
1.383424e-01	-2.436776e-01
1.383680e-01	-2.472123e-01
1.383936e-01	-2.509097e-01
1.384192e-01	-2.543862e-01
1.384448e-01	-2.579876e-01
1.384704e-01	-2.612395e-01
1.384960e-01	-2.646689e-01
1.385216e-01	-2.679909e-01
1.385472e-01	-2.711291e-01
1.385728e-01	-2.745085e-01
1.385984e-01	-2.775030e-01
1.386240e-01	-2.806305e-01
1.386496e-01	-2.836592e-01
1.386752e-01	-2.866490e-01
1.387008e-01	-2.896141e-01
1.387264e-01	-2.923081e-01
1.387520e-01	-2.951191e-01
1.387776e-01	-2.979029e-01
1.388032e-01	-3.005526e-01
1.388288e-01	-3.031305e-01
1.388544e-01	-3.056377e-01
1.388800e-01	-3.079900e-01
1.389056e-01	-3.104030e-01
1.389312e-01	-3.126705e-01
1.389568e-01	-3.150141e-01
1.389824e-01	-3.171861e-01
1.390080e-01	-3.192771e-01
1.390336e-01	-3.212857e-01
1.390592e-01	-3.232569e-01
1.390848e-01	-3.251424e-01
1.391104e-01	-3.269829e-01
1.391360e-01	-3.287106e-01
1.391616e-01	-3.304722e-01
1.391872e-01	-3.320582e-01
1.392128e-01	-3.336608e-01
1.392384e-01	-3.351088e-01
1.392640e-01	-3.364143e-01
1.392896e-01	-3.377995e-01
1.393152e-01	-3.389320e-01
1.393408e-01	-3.401481e-01
1.393664e-01	-3.412299e-01
1.393920e-01	-3.422903e-01
1.394176e-01	-3.431688e-01
1.394432e-01	-3.440669e-01
1.394688e-01	-3.449348e-01
1.394944e-01	-3.454602e-01
1.395200e-01	-3.461400e-01
1.395456e-01	-3.467202e-01
1.395712e-01	-3.471470e-01
1.395968e-01	-3.475501e-01
1.396224e-01	-3.478250e-01
1.396480e-01	-3.480595e-01
1.396736e-01	-3.483746e-01
1.396992e-01	-3.483512e-01
1.397248e-01	-3.484291e-01
1.397504e-01	-3.482893e-01
1.397760e-01	-3.481121e-01
1.398016e-01	-3.479554e-01
1.398272e-01	-3.476495e-01
1.398528e-01	-3.473307e-01
1.398784e-01	-3.468850e-01
1.399040e-01	-3.463753e-01
1.399296e-01	-3.456973e-01
1.399552e-01	-3.449897e-01
1.399808e-01	-3.442826e-01
1.400064e-01	-3.433421e-01
1.400320e-01	-3.424921e-01
1.400576e-01	-3.415838e-01
1.400832e-01	-3.404505e-01
1.401088e-01	-3.393933e-01
1.401344e-01	-3.381312e-01
1.401600e-01	-3.368033e-01
1.401856e-01	-3.355665e-01
1.402112e-01	-3.339803e-01
1.402368e-01	-3.325033e-01
1.402624e-01	-3.309966e-01
1.402880e-01	-3.292060e-01
1.403136e-01	-3.274855e-01
1.403392e-01	-3.257986e-01
1.403648e-01	-3.238426e-01
1.403904e-01	-3.218900e-01
1.404160e-01	-3.198502e-01
1.404416e-01	-3.179492e-01
1.404672e-01	-3.156586e-01
1.404928e-01	-3.134050e-01
1.405184e-01	-3.111540e-01
1.405440e-01	-3.088133e-01
1.405696e-01	-3.063383e-01
1.405952e-01	-3.037349e-01
1.406208e-01	-3.012884e-01
1.406464e-01	-2.986029e-01
1.406720e-01	-2.958336e-01
1.406976e-01	-2.932405e-01
1.407232e-01	-2.904791e-01
1.407488e-01	-2.875009e-01
1.407744e-01	-2.846043e-01
1.408000e-01	-2.815421e-01
1.408256e-01	-2.784300e-01
1.408512e-01	-2.753960e-01
1.408768e-01	-2.721415e-01
1.409024e-01	-2.689577e-01
1.409280e-01	-2.656944e-01
1.409536e-01	-2.622405e-01
1.409792e-01	-2.588415e-01
1.410048e-01	-2.555005e-01
1.410304e-01	-2.519058e-01
1.410560e-01	-2.483399e-01
1.410816e-01	-2.446571e-01
1.411072e-01	-2.410992e-01
1.411328e-01	-2.373718e-01
1.411584e-01	-2.335812e-01
1.411840e-01	-2.298181e-01
1.412096e-01	-2.257947e-01
1.412352e-01	-2.220081e-01
1.412608e-01	-2.180202e-01
1.412864e-01	-2.140052e-01
1.413120e-01	-2.100735e-01
1.413376e-01	-2.057802e-01
1.413632e-01	-2.018267e-01
1.413888e-01	-1.975419e-01
1.414144e-01	-1.933438e-01
1.414400e-01	-1.891886e-01
1.414656e-01	-1.849237e-01
1.414912e-01	-1.805476e-01
1.415168e-01	-1.762381e-01
1.415424e-01	-1.718893e-01
1.415680e-01	-1.673481e-01
1.415936e-01	-1.630495e-01
1.416192e-01	-1.585893e-01
1.416448e-01	-1.541293e-01
1.416704e-01	-1.497082e-01
1.416960e-01	-1.450620e-01
1.417216e-01	-1.404344e-01
1.417472e-01	-1.358001e-01
1.417728e-01	-1.313248e-01
1.417984e-01	-1.265493e-01
1.418240e-01	-1.219760e-01
1.418496e-01	-1.172772e-01
1.418752e-01	-1.124761e-01
1.419008e-01	-1.078596e-01
1.419264e-01	-1.031319e-01
1.419520e-01	-9.839623e-02
1.419776e-01	-9.366691e-02
1.420032e-01	-8.882106e-02
1.420288e-01	-8.394440e-02
1.420544e-01	-7.936939e-02
1.420800e-01	-7.461825e-02
1.421056e-01	-6.965426e-02
1.421312e-01	-6.488704e-02
1.421568e-01	-6.007992e-02
1.421824e-01	-5.531930e-02
1.422080e-01	-5.050495e-02
1.422336e-01	-4.562936e-02
1.422592e-01	-4.089586e-02
1.422848e-01	-3.609380e-02
1.423104e-01	-3.114958e-02
1.423360e-01	-2.649814e-02
1.423616e-01	-2.165516e-02
1.423872e-01	-1.674295e-02
1.424128e-01	-1.209167e-02
1.424384e-01	-7.317288e-03
1.424640e-01	-2.494969e-03
1.424896e-01	2.194476e-03
1.425152e-01	6.988378e-03
1.425408e-01	1.166609e-02
1.425664e-01	1.644249e-02
1.425920e-01	2.097848e-02
1.426176e-01	2.578686e-02
1.426432e-01	3.046955e-02
1.426688e-01	3.491880e-02
1.426944e-01	3.960354e-02
1.427200e-01	4.417744e-02
1.427456e-01	4.870016e-02
1.427712e-01	5.312963e-02
1.427968e-01	5.776776e-02
1.428224e-01	6.237079e-02
1.428480e-01	6.669539e-02
1.428736e-01	7.120170e-02
1.428992e-01	7.543639e-02
1.429248e-01	7.976669e-02
1.429504e-01	8.413357e-02
1.429760e-01	8.845095e-02
1.430016e-01	9.277891e-02
1.430272e-01	9.688725e-02
1.430528e-01	1.011311e-01
1.430784e-01	1.051862e-01
1.431040e-01	1.092658e-01
1.431296e-01	1.134414e-01
1.431552e-01	1.172719e-01
1.431808e-01	1.213949e-01
1.432064e-01	1.251998e-01
1.432320e-01	1.291489e-01
1.432576e-01	1.329957e-01
1.432832e-01	1.367638e-01
1.433088e-01	1.406008e-01
1.433344e-01	1.441094e-01
1.433600e-01	1.478755e-01
1.433856e-01	1.513787e-01
1.434112e-01	1.548559e-01
1.434368e-01	1.584544e-01
1.434624e-01	1.618932e-01
1.434880e-01	1.652240e-01
1.435136e-01	1.684040e-01
1.435392e-01	1.717917e-01
1.435648e-01	1.749663e-01
1.435904e-01	1.781271e-01
1.436160e-01	1.811523e-01
1.436416e-01	1.842520e-01
1.436672e-01	1.872487e-01
1.436928e-01	1.900541e-01
1.437184e-01	1.929434e-01
1.437440e-01	1.957017e-01
1.437696e-01	1.984434e-01
1.437952e-01	2.010366e-01
1.438208e-01	2.035890e-01
1.438464e-01	2.062135e-01
1.438720e-01	2.086298e-01
1.438976e-01	2.110163e-01
1.439232e-01	2.132774e-01
1.439488e-01	2.155901e-01
1.439744e-01	2.177433e-01
1.440000e-01	2.198059e-01
1.440256e-01	2.218880e-01
1.440512e-01	2.237606e-01
1.440768e-01	2.256403e-01
1.441024e-01	2.276312e-01
1.441280e-01	2.292419e-01
1.441536e-01	2.309673e-01
1.441792e-01	2.326567e-01
1.442048e-01	2.341213e-01
1.442304e-01	2.356390e-01
1.442560e-01	2.369251e-01
1.442816e-01	2.383062e-01
1.443072e-01	2.395229e-01
1.443328e-01	2.407345e-01
1.443584e-01	2.418956e-01
1.443840e-01	2.427478e-01
1.444096e-01	2.437937e-01
1.444352e-01	2.446152e-01
1.444608e-01	2.453468e-01
1.444864e-01	2.460422e-01
1.445120e-01	2.468387e-01
1.445376e-01	2.473508e-01
1.445632e-01	2.476685e-01
1.445888e-01	2.481870e-01
1.446144e-01	2.485176e-01
1.446400e-01	2.487807e-01
1.446656e-01	2.489776e-01
1.446912e-01	2.490029e-01
1.447168e-01	2.489390e-01
1.447424e-01	2.488675e-01
1.447680e-01	2.488554e-01
1.447936e-01	2.485883e-01
1.448192e-01	2.483268e-01
1.448448e-01	2.478680e-01
1.448704e-01	2.473694e-01
1.448960e-01	2.469963e-01
1.449216e-01	2.463275e-01
1.449472e-01	2.455820e-01
1.449728e-01	2.448317e-01
1.449984e-01	2.440019e-01
1.450240e-01	2.431430e-01
1.450496e-01	2.421236e-01
1.450752e-01	2.409944e-01
1.451008e-01	2.398952e-01
1.451264e-01	2.387172e-01
1.451520e-01	2.373549e-01
1.451776e-01	2.360408e-01
1.452032e-01	2.345957e-01
1.452288e-01	2.331050e-01
1.452544e-01	2.315724e-01
1.452800e-01	2.298077e-01
1.453056e-01	2.280791e-01
1.453312e-01	2.263363e-01
1.453568e-01	2.244450e-01
1.453824e-01	2.224920e-01
1.454080e-01	2.205182e-01
1.454336e-01	2.183870e-01
1.454592e-01	2.162081e-01
1.454848e-01	2.141021e-01
1.455104e-01	2.116950e-01
1.455360e-01	2.093884e-01
1.455616e-01	2.069510e-01
1.455872e-01	2.044632e-01
1.456128e-01	2.018304e-01
1.456384e-01	1.992437e-01
1.456640e-01	1.965723e-01
1.456896e-01	1.937788e-01
1.457152e-01	1.910675e-01
1.457408e-01	1.880845e-01
1.457664e-01	1.851801e-01
1.457920e-01	1.821853e-01
1.458176e-01	1.791323e-01
1.458432e-01	1.761023e-01
1.458688e-01	1.728666e-01
1.458944e-01	1.696764e-01
1.459200e-01	1.662816e-01
1.459456e-01	1.629727e-01
1.459712e-01	1.595582e-01
1.459968e-01	1.560559e-01
1.460224e-01	1.525513e-01
1.460480e-01	1.490278e-01
1.460736e-01	1.454487e-01
1.460992e-01	1.416948e-01
1.461248e-01	1.379706e-01
1.461504e-01	1.343521e-01
1.461760e-01	1.304309e-01
1.462016e-01	1.265099e-01
1.462272e-01	1.227489e-01
1.462528e-01	1.187929e-01
1.462784e-01	1.147921e-01
1.463040e-01	1.107226e-01
1.463296e-01	1.067581e-01
1.463552e-01	1.025690e-01
1.463808e-01	9.829284e-02
1.464064e-01	9.419765e-02
1.464320e-01	8.991853e-02
1.464576e-01	8.566552e-02
1.464832e-01	8.129989e-02
1.465088e-01	7.700340e-02
1.465344e-01	7.259812e-02
1.465600e-01	6.822041e-02
1.465856e-01	6.386788e-02
1.466112e-01	5.939821e-02
1.466368e-01	5.477538e-02
1.466624e-01	5.030986e-02
1.466880e-01	4.589406e-02
1.467136e-01	4.121730e-02
1.467392e-01	3.664732e-02
1.467648e-01	3.202777e-02
1.467904e-01	2.736146e-02
1.468160e-01	2.280648e-02
1.468416e-01	1.797354e-02
1.468672e-01	1.339758e-02
1.468928e-01	8.596755e-03
1.469184e-01	3.838653e-03
1.469440e-01	-7.417262e-04
1.469696e-01	-5.658161e-03
1.469952e-01	-1.031464e-02
1.470208e-01	-1.504340e-02
1.470464e-01	-1.994480e-02
1.470720e-01	-2.460601e-02
1.470976e-01	-2.946603e-02
1.471232e-01	-3.438263e-02
1.471488e-01	-3.906441e-02
1.471744e-01	-4.383504e-02
1.472000e-01	-4.864194e-02
1.472256e-01	-5.348238e-02
1.472512e-01	-5.833127e-02
1.472768e-01	-6.310455e-02
1.473024e-01	-6.801785e-02
1.473280e-01	-7.267328e-02
1.473536e-01	-7.749498e-02
1.473792e-01	-8.229481e-02
1.474048e-01	-8.704147e-02
1.474304e-01	-9.188496e-02
1.474560e-01	-9.653511e-02
1.474816e-01	-1.013590e-01
1.475072e-01	-1.061291e-01
1.475328e-01	-1.107444e-01
1.475584e-01	-1.155024e-01
1.475840e-01	-1.202045e-01
1.476096e-01	-1.248235e-01
1.476352e-01	-1.295276e-01
1.476608e-01	-1.341563e-01
1.476864e-01	-1.386952e-01
1.477120e-01	-1.432474e-01
1.477376e-01	-1.477711e-01
1.477632e-01	-1.524697e-01
1.477888e-01	-1.567987e-01
1.478144e-01	-1.613475e-01
1.478400e-01	-1.657847e-01
1.478656e-01	-1.702012e-01
1.478912e-01	-1.746642e-01
1.479168e-01	-1.789478e-01
1.479424e-01	-1.834159e-01
1.479680e-01	-1.874918e-01
1.479936e-01	-1.916864e-01
1.480192e-01	-1.960267e-01
1.480448e-01	-2.001250e-01
1.480704e-01	-2.043541e-01
1.480960e-01	-2.083040e-01
1.481216e-01	-2.124247e-01
1.481472e-01	-2.164757e-01
1.481728e-01	-2.204118e-01
1.481984e-01	-2.243900e-01
1.482240e-01	-2.282512e-01
1.482496e-01	-2.320563e-01
1.482752e-01	-2.358232e-01
1.483008e-01	-2.395642e-01
1.483264e-01	-2.432869e-01
1.483520e-01	-2.469030e-01
1.483776e-01	-2.505699e-01
1.484032e-01	-2.541232e-01
1.484288e-01	-2.575116e-01
1.484544e-01	-2.609277e-01
1.484800e-01	-2.643719e-01
1.485056e-01	-2.677777e-01
1.485312e-01	-2.709881e-01
1.485568e-01	-2.741396e-01
1.485824e-01	-2.772458e-01
1.486080e-01	-2.803261e-01
1.486336e-01	-2.834369e-01
1.486592e-01	-2.862589e-01
1.486848e-01	-2.892421e-01
1.487104e-01	-2.921156e-01
1.487360e-01	-2.948480e-01
1.487616e-01	-2.975264e-01
1.487872e-01	-3.002397e-01
1.488128e-01	-3.029102e-01
1.488384e-01	-3.053978e-01
1.488640e-01	-3.077148e-01
1.488896e-01	-3.102010e-01
1.489152e-01	-3.125516e-01
1.489408e-01	-3.148042e-01
1.489664e-01	-3.169656e-01
1.489920e-01	-3.190648e-01
1.490176e-01	-3.211388e-01
1.490432e-01	-3.230736e-01
1.490688e-01	-3.251467e-01
1.490944e-01	-3.267697e-01
1.491200e-01	-3.284629e-01
1.491456e-01	-3.302821e-01
1.491712e-01	-3.318594e-01
1.491968e-01	-3.334796e-01
1.492224e-01	-3.348918e-01
1.492480e-01	-3.363531e-01
1.492736e-01	-3.375552e-01
1.492992e-01	-3.388577e-01
1.493248e-01	-3.400542e-01
1.493504e-01	-3.410424e-01
1.493760e-01	-3.420750e-01
1.494016e-01	-3.430758e-01
1.494272e-01	-3.438926e-01
1.494528e-01	-3.446955e-01
1.494784e-01	-3.453676e-01
1.495040e-01	-3.459228e-01
1.495296e-01	-3.465696e-01
1.495552e-01	-3.470832e-01
1.495808e-01	-3.474285e-01
1.496064e-01	-3.478255e-01
1.496320e-01	-3.481652e-01
1.496576e-01	-3.483380e-01
1.496832e-01	-3.483046e-01
1.497088e-01	-3.484222e-01
1.497344e-01	-3.483114e-01
1.497600e-01	-3.481647e-01
1.497856e-01	-3.480073e-01
1.498112e-01	-3.476437e-01
1.498368e-01	-3.472722e-01
1.498624e-01	-3.468147e-01
1.498880e-01	-3.463121e-01
1.499136e-01	-3.457405e-01
1.499392e-01	-3.450663e-01
1.499648e-01	-3.443343e-01
1.499904e-01	-3.433790e-01
1.500160e-01	-3.426586e-01
1.500416e-01	-3.415134e-01
1.500672e-01	-3.405607e-01
1.500928e-01	-3.394035e-01
1.501184e-01	-3.380944e-01
1.501440e-01	-3.370504e-01
1.501696e-01	-3.355231e-01
1.501952e-01	-3.341487e-01
1.502208e-01	-3.326707e-01
1.502464e-01	-3.309906e-01
1.502720e-01	-3.294686e-01
1.502976e-01	-3.275812e-01
1.503232e-01	-3.257870e-01
1.503488e-01	-3.239864e-01
1.503744e-01	-3.221536e-01
1.504000e-01	-3.202009e-01
1.504256e-01	-3.179817e-01
1.504512e-01	-3.158700e-01
1.504768e-01	-3.136501e-01
1.505024e-01	-3.113181e-01
1.505280e-01	-3.090013e-01
1.505536e-01	-3.065306e-01
1.505792e-01	-3.041263e-01
1.506048e-01	-3.015207e-01
1.506304e-01	-2.989362e-01
1.506560e-01	-2.961983e-01
1.506816e-01	-2.934263e-01
1.507072e-01	-2.907272e-01
1.507328e-01	-2.877855e-01
1.507584e-01	-2.848352e-01
1.507840e-01	-2.817705e-01
1.508096e-01	-2.787264e-01
1.508352e-01	-2.756927e-01
1.508608e-01	-2.724696e-01
1.508864e-01	-2.692311e-01
1.509120e-01	-2.659161e-01
1.509376e-01	-2.625624e-01
1.509632e-01	-2.591566e-01
1.509888e-01	-2.557757e-01
1.510144e-01	-2.521437e-01
1.510400e-01	-2.486670e-01
1.510656e-01	-2.450377e-01
1.510912e-01	-2.414186e-01
1.511168e-01	-2.377091e-01
1.511424e-01	-2.338865e-01
1.511680e-01	-2.301800e-01
1.511936e-01	-2.262823e-01
1.512192e-01	-2.223185e-01
1.512448e-01	-2.183954e-01
1.512704e-01	-2.144512e-01
1.512960e-01	-2.103691e-01
1.513216e-01	-2.063421e-01
1.513472e-01	-2.021588e-01
1.513728e-01	-1.980401e-01
1.513984e-01	-1.938982e-01
1.514240e-01	-1.894680e-01
1.514496e-01	-1.853559e-01
1.514752e-01	-1.810558e-01
1.515008e-01	-1.766685e-01
1.515264e-01	-1.722957e-01
1.515520e-01	-1.678413e-01
1.515776e-01	-1.634131e-01
1.516032e-01	-1.590666e-01
1.516288e-01	-1.545485e-01
1.516544e-01	-1.498951e-01
1.516800e-01	-1.454556e-01
1.517056e-01	-1.409261e-01
1.517312e-01	-1.363089e-01
1.517568e-01	-1.317344e-01
1.517824e-01	-1.270330e-01
1.518080e-01	-1.224073e-01
1.518336e-01	-1.177432e-01
1.518592e-01	-1.129908e-01
1.518848e-01	-1.082389e-01
1.519104e-01	-1.035004e-01
1.519360e-01	-9.883411e-02
1.519616e-01	-9.403955e-02
1.519872e-01	-8.924562e-02
1.520128e-01	-8.462229e-02
1.520384e-01	-7.975953e-02
1.520640e-01	-7.491530e-02
1.520896e-01	-7.019801e-02
1.521152e-01	-6.540793e-02
1.521408e-01	-6.053540e-02
1.521664e-01	-5.568136e-02
1.521920e-01	-5.098854e-02
1.522176e-01	-4.616340e-02
1.522432e-01	-4.121597e-02
1.522688e-01	-3.648833e-02
1.522944e-01	-3.165867e-02
1.523200e-01	-2.691352e-02
1.523456e-01	-2.212516e-02
1.523712e-01	-1.729051e-02
1.523968e-01	-1.256101e-02
1.524224e-01	-7.749852e-03
1.524480e-01	-2.955652e-03
1.524736e-01	1.673906e-03
1.524992e-01	6.531924e-03
1.525248e-01	1.124273e-02
1.525504e-01	1.596059e-02
1.525760e-01	2.051665e-02
1.526016e-01	2.516855e-02
1.526272e-01	3.002276e-02
1.526528e-01	3.445948e-02
1.526784e-01	3.910315e-02
1.527040e-01	4.367335e-02
1.527296e-01	4.833702e-02
1.527552e-01	5.293601e-02
1.527808e-01	5.732263e-02
1.528064e-01	6.177571e-02
1.528320e-01	6.628410e-02
1.528576e-01	7.070415e-02
1.528832e-01	7.510361e-02
1.529088e-01	7.941108e-02
1.529344e-01	8.360892e-02
1.529600e-01	8.810169e-02
1.529856e-01	9.223083e-02
1.530112e-01	9.645498e-02
1.530368e-01	1.006063e-01
1.530624e-01	1.048291e-01
1.530880e-01	1.089359e-01
1.531136e-01	1.129757e-01
1.531392e-01	1.170661e-01
1.531648e-01	1.208876e-01
1.531904e-01	1.249323e-01
1.532160e-01	1.288363e-01
1.532416e-01	1.326508e-01
1.532672e-01	1.363301e-01
1.532928e-01	1.400128e-01
1.533184e-01	1.439387e-01
1.533440e-01	1.474560e-01
1.533696e-01	1.510621e-01
1.533952e-01	1.545952e-01
1.534208e-01	1.580386e-01
1.534464e-01	1.615095e-01
1.534720e-01	1.648138e-01
1.534976e-01	1.682391e-01
1.535232e-01	1.714092e-01
1.535488e-01	1.747472e-01
1.535744e-01	1.779654e-01
1.536000e-01	1.807493e-01
1.536256e-01	1.839121e-01
1.536512e-01	1.868353e-01
1.536768e-01	1.898591e-01
1.537024e-01	1.926875e-01
1.537280e-01	1.953709e-01
1.537536e-01	1.981787e-01
1.537792e-01	2.007648e-01
1.538048e-01	2.033600e-01
1.538304e-01	2.059055e-01
1.538560e-01	2.083831e-01
1.538816e-01	2.107304e-01
1.539072e-01	2.131170e-01
1.539328e-01	2.153362e-01
1.539584e-01	2.174839e-01
1.539840e-01	2.196999e-01
1.540096e-01	2.216540e-01
1.540352e-01	2.236563e-01
1.540608e-01	2.255101e-01
1.540864e-01	2.274198e-01
1.541120e-01	2.291171e-01
1.541376e-01	2.308584e-01
1.541632e-01	2.325697e-01
1.541888e-01	2.339777e-01
1.542144e-01	2.354087e-01
1.542400e-01	2.369329e-01
1.542656e-01	2.381189e-01
1.542912e-01	2.394311e-01
1.543168e-01	2.406862e-01
1.543424e-01	2.417378e-01
1.543680e-01	2.427284e-01
1.543936e-01	2.437079e-01
1.544192e-01	2.445804e-01
1.544448e-01	2.453192e-01
1.544704e-01	2.461034e-01
1.544960e-01	2.465870e-01
1.545216e-01	2.472618e-01
1.545472e-01	2.477564e-01
1.545728e-01	2.480915e-01
1.545984e-01	2.485033e-01
1.546240e-01	2.486214e-01
1.546496e-01	2.489306e-01
1.546752e-01	2.489170e-01
1.547008e-01	2.490331e-01
1.547264e-01	2.490226e-01
1.547520e-01	2.487531e-01
1.547776e-01	2.486531e-01
1.548032e-01	2.483183e-01
1.548288e-01	2.479319e-01
1.548544e-01	2.474897e-01
1.548800e-01	2.470120e-01
1.549056e-01	2.463654e-01
1.549312e-01	2.457402e-01
1.549568e-01	2.450185e-01
1.549824e-01	2.440573e-01
1.550080e-01	2.432995e-01
1.550336e-01	2.421754e-01
1.550592e-01	2.412596e-01
1.550848e-01	2.401260e-01
1.551104e-01	2.389561e-01
1.551360e-01	2.376054e-01
1.551616e-01	2.362288e-01
1.551872e-01	2.348580e-01
1.552128e-01	2.331118e-01
1.552384e-01	2.316334e-01
1.552640e-01	2.301362e-01
1.552896e-01	2.283930e-01
1.553152e-01	2.264987e-01
1.553408e-01	2.246348e-01
1.553664e-01	2.228193e-01
1.553920e-01	2.207239e-01
1.554176e-01	2.187670e-01
1.554432e-01	2.165013e-01
1.554688e-01	2.142455e-01
1.554944e-01	2.120425e-01
1.555200e-01	2.096561e-01
1.555456e-01	2.072138e-01
1.555712e-01	2.047616e-01
1.555968e-01	2.021476e-01
1.556224e-01	1.995414e-01
1.556480e-01	1.968628e-01
1.556736e-01	1.941788e-01
1.556992e-01	1.913677e-01
1.557248e-01	1.884902e-01
1.557504e-01	1.855761e-01
1.557760e-01	1.825343e-01
1.558016e-01	1.795487e-01
1.558272e-01	1.763232e-01
1.558528e-01	1.731239e-01
1.558784e-01	1.700293e-01
1.559040e-01	1.666760e-01
1.559296e-01	1.634144e-01
1.559552e-01	1.599538e-01
1.559808e-01	1.564674e-01
1.560064e-01	1.530311e-01
1.560320e-01	1.493740e-01
1.560576e-01	1.457145e-01
1.560832e-01	1.421330e-01
1.561088e-01	1.384546e-01
1.561344e-01	1.347295e-01
1.561600e-01	1.308115e-01
1.561856e-01	1.270010e-01
1.562112e-01	1.231624e-01
1.562368e-01	1.191961e-01
1.562624e-01	1.152924e-01
1.562880e-01	1.110842e-01
1.563136e-01	1.069997e-01
1.563392e-01	1.029592e-01
1.563648e-01	9.870423e-02
1.563904e-01	9.462460e-02
1.564160e-01	9.026682e-02
1.564416e-01	8.610749e-02
1.564672e-01	8.177842e-02
1.564928e-01	7.747198e-02
1.565184e-01	7.311094e-02
1.565440e-01	6.866545e-02
1.565696e-01	6.432759e-02
1.565952e-01	5.988231e-02
1.566208e-01	5.529598e-02
1.566464e-01	5.077653e-02
1.566720e-01	4.629234e-02
1.566976e-01	4.170593e-02
1.567232e-01	3.702702e-02
1.567488e-01	3.240822e-02
1.567744e-01	2.799340e-02
1.568000e-01	2.319887e-02
1.568256e-01	1.846278e-02
1.568512e-01	1.388655e-02
1.568768e-01	8.985549e-03
1.569024e-01	4.431047e-03
1.569280e-01	-3.594701e-04
1.569536e-01	-5.055509e-03
1.569792e-01	-9.810247e-03
1.570048e-01	-1.468758e-02
1.570304e-01	-1.939072e-02
1.570560e-01	-2.416616e-02
1.570816e-01	-2.904102e-02
1.571072e-01	-3.390074e-02
1.571328e-01	-3.853944e-02
1.571584e-01	-4.340660e-02
1.571840e-01	-4.830967e-02
1.572096e-01	-5.301215e-02
1.572352e-01	-5.788440e-02
1.572608e-01	-6.267585e-02
1.572864e-01	-6.748339e-02
1.573120e-01	-7.224073e-02
1.573376e-01	-7.704645e-02
1.573632e-01	-8.184610e-02
1.573888e-01	-8.651277e-02
1.574144e-01	-9.125750e-02
1.574400e-01	-9.616622e-02
1.574656e-01	-1.008126e-01
1.574912e-01	-1.056041e-01
1.575168e-01	-1.104508e-01
1.575424e-01	-1.149781e-01
1.575680e-01	-1.197076e-01
1.575936e-01	-1.243553e-01
1.576192e-01	-1.289792e-01
1.576448e-01	-1.336576e-01
1.576704e-01	-1.382816e-01
1.576960e-01	-1.428500e-01
1.577216e-01	-1.473555e-01
1.577472e-01	-1.518673e-01
1.577728e-01	-1.564513e-01
1.577984e-01	-1.608741e-01
1.578240e-01	-1.652740e-01
1.578496e-01	-1.697843e-01
1.578752e-01	-1.739901e-01
1.579008e-01	-1.785618e-01
1.579264e-01	-1.828547e-01
1.579520e-01	-1.871441e-01
1.579776e-01	-1.914665e-01
1.580032e-01	-1.957097e-01
1.580288e-01	-1.998148e-01
1.580544e-01	-2.039717e-01
1.580800e-01	-2.080539e-01
1.581056e-01	-2.120938e-01
1.581312e-01	-2.160607e-01
1.581568e-01	-2.199689e-01
1.581824e-01	-2.240209e-01
1.582080e-01	-2.278146e-01
1.582336e-01	-2.318045e-01
1.582592e-01	-2.355431e-01
1.582848e-01	-2.392610e-01
1.583104e-01	-2.428724e-01
1.583360e-01	-2.464754e-01
1.583616e-01	-2.502634e-01
1.583872e-01	-2.536826e-01
1.584128e-01	-2.572351e-01
1.584384e-01	-2.606192e-01
1.584640e-01	-2.640473e-01
1.584896e-01	-2.673152e-01
1.585152e-01	-2.705798e-01
1.585408e-01	-2.738154e-01
1.585664e-01	-2.769279e-01
1.585920e-01	-2.800717e-01
1.586176e-01	-2.831461e-01
1.586432e-01	-2.860212e-01
1.586688e-01	-2.890852e-01
1.586944e-01	-2.917798e-01
1.587200e-01	-2.946326e-01
1.587456e-01	-2.973599e-01
1.587712e-01	-2.997993e-01
1.587968e-01	-3.026344e-01
1.588224e-01	-3.050794e-01
1.588480e-01	-3.075681e-01
1.588736e-01	-3.099754e-01
1.588992e-01	-3.123059e-01
1.589248e-01	-3.145000e-01
1.589504e-01	-3.165979e-01
1.589760e-01	-3.188510e-01
1.590016e-01	-3.208178e-01
1.590272e-01	-3.229347e-01
1.590528e-01	-3.247930e-01
1.590784e-01	-3.266591e-01
1.591040e-01	-3.283732e-01
1.591296e-01	-3.300301e-01
1.591552e-01	-3.316645e-01
1.591808e-01	-3.332152e-01
1.592064e-01	-3.347312e-01
1.592320e-01	-3.362165e-01
1.592576e-01	-3.374608e-01
1.592832e-01	-3.387170e-01
1.593088e-01	-3.398890e-01
1.593344e-01	-3.409950e-01
1.593600e-01	-3.420234e-01
1.593856e-01	-3.429948e-01
1.594112e-01	-3.438392e-01
1.594368e-01	-3.446287e-01
1.594624e-01	-3.454344e-01
1.594880e-01	-3.460715e-01
1.595136e-01	-3.465818e-01
1.595392e-01	-3.470272e-01
1.595648e-01	-3.474728e-01
1.595904e-01	-3.478757e-01
1.596160e-01	-3.480616e-01
1.596416e-01	-3.481827e-01
1.596672e-01	-3.483886e-01
1.596928e-01	-3.484235e-01
1.597184e-01	-3.482761e-01
1.597440e-01	-3.482868e-01
1.597696e-01	-3.480198e-01
1.597952e-01	-3.476862e-01
1.598208e-01	-3.473009e-01
1.598464e-01	-3.468938e-01
1.598720e-01	-3.464394e-01
1.598976e-01	-3.458598e-01
1.599232e-01	-3.451383e-01
1.599488e-01	-3.443387e-01
1.599744e-01	-3.435534e-01
1.600000e-01	-3.427159e-01
1.600256e-01	-3.417340e-01
1.600512e-01	-3.407199e-01
1.600768e-01	-3.394799e-01
1.601024e-01	-3.382882e-01
1.601280e-01	-3.370267e-01
1.601536e-01	-3.357794e-01
1.601792e-01	-3.343679e-01
1.602048e-01	-3.327416e-01
1.602304e-01	-3.312122e-01
1.602560e-01	-3.296319e-01
1.602816e-01	-3.278241e-01
1.603072e-01	-3.261110e-01
1.603328e-01	-3.242612e-01
1.603584e-01	-3.222927e-01
1.603840e-01	-3.203114e-01
1.604096e-01	-3.182057e-01
1.604352e-01	-3.160985e-01
1.604608e-01	-3.137470e-01
1.604864e-01	-3.115580e-01
1.605120e-01	-3.092644e-01
1.605376e-01	-3.067692e-01
1.605632e-01	-3.043309e-01
1.605888e-01	-3.017471e-01
1.606144e-01	-2.992008e-01
1.606400e-01	-2.964428e-01
1.606656e-01	-2.937829e-01
1.606912e-01	-2.909503e-01
1.607168e-01	-2.880355e-01
1.607424e-01	-2.851264e-01
1.607680e-01	-2.821334e-01
1.607936e-01	-2.791215e-01
1.608192e-01	-2.760256e-01
1.608448e-01	-2.728182e-01
1.608704e-01	-2.695871e-01
1.608960e-01	-2.662753e-01
1.609216e-01	-2.629678e-01
1.609472e-01	-2.596248e-01
1.609728e-01	-2.560728e-01
1.609984e-01	-2.524569e-01
1.610240e-01	-2.490178e-01
1.610496e-01	-2.454176e-01
1.610752e-01	-2.417439e-01
1.611008e-01	-2.380338e-01
1.611264e-01	-2.342818e-01
1.611520e-01	-2.305536e-01
1.611776e-01	-2.266595e-01
1.612032e-01	-2.226197e-01
1.612288e-01	-2.187188e-01
1.612544e-01	-2.148012e-01
1.612800e-01	-2.108553e-01
1.613056e-01	-2.066609e-01
1.613312e-01	-2.025956e-01
1.613568e-01	-1.984910e-01
1.613824e-01	-1.942214e-01
1.614080e-01	-1.900422e-01
1.614336e-01	-1.857212e-01
1.614592e-01	-1.814274e-01
1.614848e-01	-1.770692e-01
1.615104e-01	-1.727161e-01
1.615360e-01	-1.682907e-01
1.615616e-01	-1.638457e-01
1.615872e-01	-1.594627e-01
1.616128e-01	-1.548844e-01
1.616384e-01	-1.504390e-01
1.616640e-01	-1.458697e-01
1.616896e-01	-1.412106e-01
1.617152e-01	-1.366657e-01
1.617408e-01	-1.320666e-01
1.617664e-01	-1.273996e-01
1.617920e-01	-1.227664e-01
1.618176e-01	-1.180438e-01
1.618432e-01	-1.134149e-01
1.618688e-01	-1.086412e-01
1.618944e-01	-1.039218e-01
1.619200e-01	-9.931618e-02
1.619456e-01	-9.451397e-02
1.619712e-01	-8.970477e-02
1.619968e-01	-8.501036e-02
1.620224e-01	-8.017356e-02
1.620480e-01	-7.539675e-02
1.620736e-01	-7.055908e-02
1.620992e-01	-6.572108e-02
1.621248e-01	-6.098463e-02
1.621504e-01	-5.621986e-02
1.621760e-01	-5.124033e-02
1.622016e-01	-4.648859e-02
1.622272e-01	-4.170115e-02
1.622528e-01	-3.687602e-02
1.622784e-01	-3.210504e-02
1.623040e-01	-2.736901e-02
1.623296e-01	-2.253640e-02
1.623552e-01	-1.767431e-02
1.623808e-01	-1.287181e-02
1.624064e-01	-8.232549e-03
1.624320e-01	-3.437532e-03
1.624576e-01	1.272165e-03
1.624832e-01	6.004648e-03
1.625088e-01	1.085480e-02
1.625344e-01	1.550948e-02
1.625600e-01	2.016073e-02
1.625856e-01	2.482703e-02
1.626112e-01	2.951652e-02
1.626368e-01	3.418776e-02
1.626624e-01	3.879726e-02
1.626880e-01	4.327575e-02
1.627136e-01	4.789929e-02
1.627392e-01	5.248084e-02
1.627648e-01	5.684534e-02
1.627904e-01	6.147069e-02
1.628160e-01	6.585126e-02
1.628416e-01	7.028401e-02
1.628672e-01	7.466121e-02
1.628928e-01	7.895195e-02
1.629184e-01	8.336129e-02
1.629440e-01	8.768914e-02
1.629696e-01	9.191650e-02
1.629952e-01	9.606827e-02
1.630208e-01	1.002267e-01
1.630464e-01	1.044336e-01
1.630720e-01	1.085777e-01
1.630976e-01	1.125976e-01
1.631232e-01	1.165434e-01
1.631488e-01	1.206534e-01
1.631744e-01	1.245016e-01
1.632000e-01	1.283859e-01
1.632256e-01	1.323376e-01
1.632512e-01	1.360404e-01
1.632768e-01	1.398531e-01
1.633024e-01	1.435028e-01
1.633280e-01	1.471273e-01
1.633536e-01	1.507231e-01
1.633792e-01	1.542681e-01
1.634048e-01	1.579225e-01
1.634304e-01	1.611279e-01
1.634560e-01	1.645857e-01
1.634816e-01	1.679847e-01
1.635072e-01	1.712053e-01
1.635328e-01	1.743732e-01
1.635584e-01	1.775727e-01
1.635840e-01	1.806115e-01
1.636096e-01	1.836094e-01
1.636352e-01	1.866205e-01
1.636608e-01	1.895189e-01
1.636864e-01	1.924492e-01
1.637120e-01	1.952637e-01
1.637376e-01	1.979425e-01
1.637632e-01	2.005072e-01
1.637888e-01	2.031762e-01
1.638144e-01	2.057630e-01
1.638400e-01	2.081235e-01
1.638656e-01	2.106011e-01
1.638912e-01	2.129084e-01
1.639168e-01	2.151415e-01
1.639424e-01	2.174196e-01
1.639680e-01	2.195211e-01
1.639936e-01	2.214622e-01
1.640192e-01	2.234528e-01
1.640448e-01	2.253441e-01
1.640704e-01	2.272043e-01
1.640960e-01	2.289741e-01
1.641216e-01	2.307313e-01
1.641472e-01	2.322955e-01
1.641728e-01	2.338157e-01
1.641984e-01	2.353283e-01
1.642240e-01	2.368127e-01
1.642496e-01	2.381568e-01
1.642752e-01	2.393175e-01
1.643008e-01	2.405544e-01
1.643264e-01	2.416154e-01
1.643520e-01	2.426208e-01
1.643776e-01	2.436043e-01
1.644032e-01	2.443986e-01
1.644288e-01	2.452289e-01
1.644544e-01	2.460658e-01
1.644800e-01	2.466195e-01
1.645056e-01	2.470827e-01
1.645312e-01	2.477331e-01
1.645568e-01	2.480407e-01
1.645824e-01	2.483705e-01
1.646080e-01	2.486340e-01
1.646336e-01	2.489230e-01
1.646592e-01	2.491121e-01
1.646848e-01	2.489266e-01
1.647104e-01	2.489612e-01
1.647360e-01	2.487276e-01
1.647616e-01	2.485473e-01
1.647872e-01	2.483581e-01
1.648128e-01	2.478588e-01
1.648384e-01	2.475863e-01
1.648640e-01	2.469766e-01
1.648896e-01	2.463488e-01
1.649152e-01	2.457828e-01
1.649408e-01	2.450266e-01
1.649664e-01	2.441732e-01
1.649920e-01	2.434516e-01
1.650176e-01	2.422979e-01
1.650432e-01	2.413185e-01
1.650688e-01	2.402315e-01
1.650944e-01	2.389356e-01
1.651200e-01	2.376559e-01
1.651456e-01	2.363320e-01
1.651712e-01	2.350423e-01
1.651968e-01	2.334080e-01
1.652224e-01	2.318672e-01
1.652480e-01	2.301658e-01
1.652736e-01	2.284683e-01
1.652992e-01	2.267480e-01
1.653248e-01	2.247615e-01
1.653504e-01	2.229102e-01
1.653760e-01	2.208753e-01
1.654016e-01	2.187917e-01
1.654272e-01	2.167547e-01
1.654528e-01	2.144907e-01
1.654784e-01	2.121698e-01
1.655040e-01	2.098650e-01
1.655296e-01	2.075119e-01
1.655552e-01	2.050205e-01
1.655808e-01	2.024410e-01
1.656064e-01	1.997987e-01
1.656320e-01	1.971591e-01
1.656576e-01	1.945323e-01
1.656832e-01	1.916133e-01
1.657088e-01	1.888035e-01
1.657344e-01	1.859122e-01
1.657600e-01	1.827840e-01
1.657856e-01	1.797613e-01
1.658112e-01	1.767156e-01
1.658368e-01	1.734045e-01
1.658624e-01	1.701934e-01
1.658880e-01	1.669122e-01
1.659136e-01	1.635886e-01
1.659392e-01	1.602729e-01
1.659648e-01	1.568004e-01
1.659904e-01	1.533112e-01
1.660160e-01	1.497354e-01
1.660416e-01	1.460899e-01
1.660672e-01	1.426343e-01
1.660928e-01	1.387888e-01
1.661184e-01	1.349981e-01
1.661440e-01	1.313046e-01
1.661696e-01	1.273724e-01
1.661952e-01	1.234919e-01
1.662208e-01	1.195719e-01
1.662464e-01	1.155985e-01
1.662720e-01	1.115757e-01
1.662976e-01	1.074627e-01
1.663232e-01	1.034283e-01
1.663488e-01	9.918083e-02
1.663744e-01	9.502070e-02
1.664000e-01	9.085630e-02
1.664256e-01	8.655955e-02
1.664512e-01	8.225955e-02
1.664768e-01	7.786878e-02
1.665024e-01	7.354292e-02
1.665280e-01	6.922052e-02
1.665536e-01	6.469128e-02
1.665792e-01	6.025643e-02
1.666048e-01	5.574556e-02
1.666304e-01	5.116948e-02
1.666560e-01	4.667342e-02
1.666816e-01	4.214135e-02
1.667072e-01	3.761140e-02
1.667328e-01	3.287714e-02
1.667584e-01	2.825991e-02
1.667840e-01	2.367194e-02
1.668096e-01	1.882099e-02
1.668352e-01	1.424306e-02
1.668608e-01	9.618408e-03
1.668864e-01	4.969108e-03
1.669120e-01	1.706377e-04
1.669376e-01	-4.700036e-03
1.669632e-01	-9.437582e-03
1.669888e-01	-1.412700e-02
1.670144e-01	-1.895572e-02
1.670400e-01	-2.373614e-02
1.670656e-01	-2.861899e-02
1.670912e-01	-3.334337e-02
1.671168e-01	-3.809134e-02
1.671424e-01	-4.301229e-02
1.671680e-01	-4.769522e-02
1.671936e-01	-5.264117e-02
1.672192e-01	-5.734253e-02
1.672448e-01	-6.210963e-02
1.672704e-01	-6.693220e-02
1.672960e-01	-7.176664e-02
1.673216e-01	-7.671991e-02
1.673472e-01	-8.130258e-02
1.673728e-01	-8.617312e-02
1.673984e-01	-9.096774e-02
1.674240e-01	-9.562387e-02
1.674496e-01	-1.004294e-01
1.674752e-01	-1.052206e-01
1.675008e-01	-1.099124e-01
1.675264e-01	-1.145547e-01
1.675520e-01	-1.193036e-01
1.675776e-01	-1.240249e-01
1.676032e-01	-1.286193e-01
1.676288e-01	-1.333218e-01
1.676544e-01	-1.377832e-01
1.676800e-01	-1.424098e-01
1.677056e-01	-1.470793e-01
1.677312e-01	-1.515344e-01
1.677568e-01	-1.560015e-01
1.677824e-01	-1.604753e-01
1.678080e-01	-1.649669e-01
1.678336e-01	-1.694226e-01
1.678592e-01	-1.737757e-01
1.678848e-01	-1.781579e-01
1.679104e-01	-1.824054e-01
1.679360e-01	-1.866932e-01
1.679616e-01	-1.910493e-01
1.679872e-01	-1.953367e-01
1.680128e-01	-1.993983e-01
1.680384e-01	-2.035721e-01
1.680640e-01	-2.076028e-01
1.680896e-01	-2.116897e-01
1.681152e-01	-2.156650e-01
1.681408e-01	-2.196813e-01
1.681664e-01	-2.236189e-01
1.681920e-01	-2.274434e-01
1.682176e-01	-2.314249e-01
1.682432e-01	-2.351816e-01
1.682688e-01	-2.388943e-01
1.682944e-01	-2.426318e-01
1.683200e-01	-2.462225e-01
1.683456e-01	-2.498176e-01
1.683712e-01	-2.533605e-01
1.683968e-01	-2.568547e-01
1.684224e-01	-2.603026e-01
1.684480e-01	-2.636526e-01
1.684736e-01	-2.670306e-01
1.684992e-01	-2.703537e-01
1.685248e-01	-2.734833e-01
1.685504e-01	-2.767399e-01
1.685760e-01	-2.797267e-01
1.686016e-01	-2.828366e-01
1.686272e-01	-2.857887e-01
1.686528e-01	-2.887339e-01
1.686784e-01	-2.915464e-01
1.687040e-01	-2.943269e-01
1.687296e-01	-2.971337e-01
1.687552e-01	-2.996779e-01
1.687808e-01	-3.024048e-01
1.688064e-01	-3.049131e-01
1.688320e-01	-3.072902e-01
1.688576e-01	-3.098405e-01
1.688832e-01	-3.120481e-01
1.689088e-01	-3.143041e-01
1.689344e-01	-3.165640e-01
1.689600e-01	-3.186454e-01
1.689856e-01	-3.207372e-01
1.690112e-01	-3.226928e-01
1.690368e-01	-3.245459e-01
1.690624e-01	-3.264807e-01
1.690880e-01	-3.281550e-01
1.691136e-01	-3.299265e-01
1.691392e-01	-3.316055e-01
1.691648e-01	-3.331635e-01
1.691904e-01	-3.345907e-01
1.692160e-01	-3.359399e-01
1.692416e-01	-3.373595e-01
1.692672e-01	-3.386818e-01
1.692928e-01	-3.397801e-01
1.693184e-01	-3.409021e-01
1.693440e-01	-3.419357e-01
1.693696e-01	-3.428167e-01
1.693952e-01	-3.438106e-01
1.694208e-01	-3.445369e-01
1.694464e-01	-3.453006e-01
1.694720e-01	-3.460442e-01
1.694976e-01	-3.464955e-01
1.695232e-01	-3.471059e-01
1.695488e-01	-3.474202e-01
1.695744e-01	-3.478329e-01
1.696000e-01	-3.481150e-01
1.696256e-01	-3.481928e-01
1.696512e-01	-3.482316e-01
1.696768e-01	-3.484095e-01
1.697024e-01	-3.483352e-01
1.697280e-01	-3.481489e-01
1.697536e-01	-3.480922e-01
1.697792e-01	-3.478022e-01
1.698048e-01	-3.473806e-01
1.698304e-01	-3.468482e-01
1.698560e-01	-3.464501e-01
1.698816e-01	-3.459404e-01
1.699072e-01	-3.451876e-01
1.699328e-01	-3.444986e-01
1.699584e-01	-3.437031e-01
1.699840e-01	-3.428214e-01
1.700096e-01	-3.418078e-01
1.700352e-01	-3.407910e-01
1.700608e-01	-3.397244e-01
1.700864e-01	-3.384767e-01
1.701120e-01	-3.370939e-01
1.701376e-01	-3.358512e-01
1.701632e-01	-3.343289e-01
1.701888e-01	-3.329665e-01
1.702144e-01	-3.313701e-01
1.702400e-01	-3.296362e-01
1.702656e-01	-3.280189e-01
1.702912e-01	-3.262137e-01
1.703168e-01	-3.243935e-01
1.703424e-01	-3.224490e-01
1.703680e-01	-3.204659e-01
1.703936e-01	-3.184248e-01
1.704192e-01	-3.162427e-01
1.704448e-01	-3.140315e-01
1.704704e-01	-3.117394e-01
1.704960e-01	-3.094137e-01
1.705216e-01	-3.070423e-01
1.705472e-01	-3.045673e-01
1.705728e-01	-3.018958e-01
1.705984e-01	-2.993856e-01
1.706240e-01	-2.967332e-01
1.706496e-01	-2.940325e-01
1.706752e-01	-2.911499e-01
1.707008e-01	-2.883572e-01
1.707264e-01	-2.855091e-01
1.707520e-01	-2.824239e-01
1.707776e-01	-2.794690e-01
1.708032e-01	-2.761753e-01
1.708288e-01	-2.729810e-01
1.708544e-01	-2.699340e-01
1.708800e-01	-2.666330e-01
1.709056e-01	-2.632343e-01
1.709312e-01	-2.598253e-01
1.709568e-01	-2.565101e-01
1.709824e-01	-2.528288e-01
1.710080e-01	-2.493075e-01
1.710336e-01	-2.457169e-01
1.710592e-01	-2.420668e-01
1.710848e-01	-2.383866e-01
1.711104e-01	-2.346603e-01
1.711360e-01	-2.308994e-01
1.711616e-01	-2.270294e-01
1.711872e-01	-2.231543e-01
1.712128e-01	-2.191851e-01
1.712384e-01	-2.150956e-01
1.712640e-01	-2.111104e-01
1.712896e-01	-2.070393e-01
1.713152e-01	-2.030080e-01
1.713408e-01	-1.988343e-01
1.713664e-01	-1.946480e-01
1.713920e-01	-1.904339e-01
1.714176e-01	-1.861098e-01
1.714432e-01	-1.817639e-01
1.714688e-01	-1.774746e-01
1.714944e-01	-1.731954e-01
1.715200e-01	-1.687654e-01
1.715456e-01	-1.643191e-01
1.715712e-01	-1.598610e-01
1.715968e-01	-1.554469e-01
1.716224e-01	-1.508325e-01
1.716480e-01	-1.463361e-01
1.716736e-01	-1.418453e-01
1.716992e-01	-1.370708e-01
1.717248e-01	-1.326387e-01
1.717504e-01	-1.278981e-01
1.717760e-01	-1.232344e-01
1.718016e-01	-1.187275e-01
1.718272e-01	-1.138184e-01
1.718528e-01	-1.092300e-01
1.718784e-01	-1.045149e-01
1.719040e-01	-9.975851e-02
1.719296e-01	-9.509671e-02
1.719552e-01	-9.013200e-02
1.719808e-01	-8.536985e-02
1.720064e-01	-8.063486e-02
1.720320e-01	-7.579666e-02
1.720576e-01	-7.106617e-02
1.720832e-01	-6.641033e-02
1.721088e-01	-6.145647e-02
1.721344e-01	-5.670243e-02
1.721600e-01	-5.184762e-02
1.721856e-01	-4.708015e-02
1.722112e-01	-4.213077e-02
1.722368e-01	-3.729348e-02
1.722624e-01	-3.271738e-02
1.722880e-01	-2.783710e-02
1.723136e-01	-2.297890e-02
1.723392e-01	-1.825125e-02
1.723648e-01	-1.350310e-02
1.723904e-01	-8.635983e-03
1.724160e-01	-3.805914e-03
1.724416e-01	9.362457e-04
1.724672e-01	5.678509e-03
1.724928e-01	1.033852e-02
1.725184e-01	1.499599e-02
1.725440e-01	1.961167e-02
1.725696e-01	2.444565e-02
1.725952e-01	2.906271e-02
1.726208e-01	3.365211e-02
1.726464e-01	3.829808e-02
1.726720e-01	4.282525e-02
1.726976e-01	4.744017e-02
1.727232e-01	5.204023e-02
1.727488e-01	5.649618e-02
1.727744e-01	6.103968e-02
1.728000e-01	6.545361e-02
1.728256e-01	6.984713e-02
1.728512e-01	7.420938e-02
1.728768e-01	7.865047e-02
1.729024e-01	8.294672e-02
1.729280e-01	8.727854e-02
1.729536e-01	9.156591e-02
1.729792e-01	9.570020e-02
1.730048e-01	9.989479e-02
1.730304e-01	1.041277e-01
1.730560e-01	1.082602e-01
1.730816e-01	1.122490e-01
1.731072e-01	1.162617e-01
1.731328e-01	1.201954e-01
1.731584e-01	1.240581e-01
1.731840e-01	1.281089e-01
1.732096e-01	1.320421e-01
1.732352e-01	1.357117e-01
1.732608e-01	1.395151e-01
1.732864e-01	1.432429e-01
1.733120e-01	1.468797e-01
1.733376e-01	1.504924e-01
1.733632e-01	1.538856e-01
1.733888e-01	1.575216e-01
1.734144e-01	1.608514e-01
1.734400e-01	1.641809e-01
1.734656e-01	1.675931e-01
1.734912e-01	1.707796e-01
1.735168e-01	1.740781e-01
1.735424e-01	1.772213e-01
1.735680e-01	1.802642e-01
1.735936e-01	1.833472e-01
1.736192e-01	1.863443e-01
1.736448e-01	1.892977e-01
1.736704e-01	1.921146e-01
1.736960e-01	1.949976e-01
1.737216e-01	1.975863e-01
1.737472e-01	2.003915e-01
1.737728e-01	2.028957e-01
1.737984e-01	2.052732e-01
1.738240e-01	2.079448e-01
1.738496e-01	2.103232e-01
1.738752e-01	2.126600e-01
1.739008e-01	2.148582e-01
1.739264e-01	2.170455e-01
1.739520e-01	2.192221e-01
1.739776e-01	2.212287e-01
1.740032e-01	2.232753e-01
1.740288e-01	2.252316e-01
1.740544e-01	2.270180e-01
1.740800e-01	2.286989e-01
1.741056e-01	2.306266e-01
1.741312e-01	2.321723e-01
1.741568e-01	2.336719e-01
1.741824e-01	2.351686e-01
1.742080e-01	2.366057e-01
1.742336e-01	2.379282e-01
1.742592e-01	2.390730e-01
1.742848e-01	2.403199e-01
1.743104e-01	2.414616e-01
1.743360e-01	2.424967e-01
1.743616e-01	2.435860e-01
1.743872e-01	2.443813e-01
1.744128e-01	2.451034e-01
1.744384e-01	2.457710e-01
1.744640e-01	2.464988e-01
1.744896e-01	2.471936e-01
1.745152e-01	2.476035e-01
1.745408e-01	2.479559e-01
1.745664e-01	2.484255e-01
1.745920e-01	2.487081e-01
1.746176e-01	2.489315e-01
1.746432e-01	2.489333e-01
1.746688e-01	2.490420e-01
1.746944e-01	2.489973e-01
1.747200e-01	2.486938e-01
1.747456e-01	2.486389e-01
1.747712e-01	2.482780e-01
1.747968e-01	2.479270e-01
1.748224e-01	2.476088e-01
1.748480e-01	2.469357e-01
1.748736e-01	2.465817e-01
1.748992e-01	2.458382e-01
1.749248e-01	2.449863e-01
1.749504e-01	2.442950e-01
1.749760e-01	2.433818e-01
1.750016e-01	2.424379e-01
1.750272e-01	2.414307e-01
1.750528e-01	2.402519e-01
1.750784e-01	2.390405e-01
1.751040e-01	2.378068e-01
1.751296e-01	2.364203e-01
1.751552e-01	2.349306e-01
1.751808e-01	2.335143e-01
1.752064e-01	2.320011e-01
1.752320e-01	2.304007e-01
1.752576e-01	2.287063e-01
1.752832e-01	2.268854e-01
1.753088e-01	2.249983e-01
1.753344e-01	2.231034e-01
1.753600e-01	2.210582e-01
1.753856e-01	2.190711e-01
1.754112e-01	2.169455e-01
1.754368e-01	2.146668e-01
1.754624e-01	2.124647e-01
1.754880e-01	2.100330e-01
1.755136e-01	2.076721e-01
1.755392e-01	2.052452e-01
1.755648e-01	2.026197e-01
1.755904e-01	2.000826e-01
1.756160e-01	1.973939e-01
1.756416e-01	1.946211e-01
1.756672e-01	1.917434e-01
1.756928e-01	1.890108e-01
1.757184e-01	1.860620e-01
1.757440e-01	1.830789e-01
1.757696e-01	1.800454e-01
1.757952e-01	1.769016e-01
1.758208e-01	1.737906e-01
1.758464e-01	1.705688e-01
1.758720e-01	1.673235e-01
1.758976e-01	1.639459e-01
1.759232e-01	1.604446e-01
1.759488e-01	1.570138e-01
1.759744e-01	1.535512e-01
1.760000e-01	1.501255e-01
1.760256e-01	1.464007e-01
1.760512e-01	1.428233e-01
1.760768e-01	1.391069e-01
1.761024e-01	1.352940e-01
1.761280e-01	1.314998e-01
1.761536e-01	1.276201e-01
1.761792e-01	1.237570e-01
1.762048e-01	1.197511e-01
1.762304e-01	1.158453e-01
1.762560e-01	1.119490e-01
1.762816e-01	1.077594e-01
1.763072e-01	1.036477e-01
1.763328e-01	9.937349e-02
1.763584e-01	9.532367e-02
1.763840e-01	9.125489e-02
1.764096e-01	8.674109e-02
1.764352e-01	8.255941e-02
1.764608e-01	7.827593e-02
1.764864e-01	7.379510e-02
1.765120e-01	6.941903e-02
1.765376e-01	6.501417e-02
1.765632e-01	6.061425e-02
1.765888e-01	5.609224e-02
1.766144e-01	5.162523e-02
1.766400e-01	4.704572e-02
1.766656e-01	4.254375e-02
1.766912e-01	3.792612e-02
1.767168e-01	3.335065e-02
1.767424e-01	2.861171e-02
1.767680e-01	2.404392e-02
1.767936e-01	1.939039e-02
1.768192e-01	1.467118e-02
1.768448e-01	9.957784e-03
1.768704e-01	5.197039e-03
1.768960e-01	5.578547e-04
1.769216e-01	-4.303504e-03
1.769472e-01	-9.055943e-03
1.769728e-01	-1.361196e-02
1.769984e-01	-1.852230e-02
1.770240e-01	-2.345028e-02
1.770496e-01	-2.812788e-02
1.770752e-01	-3.294746e-02
1.771008e-01	-3.770933e-02
1.771264e-01	-4.250332e-02
1.771520e-01	-4.746550e-02
1.771776e-01	-5.214103e-02
1.772032e-01	-5.702139e-02
1.772288e-01	-6.169884e-02
1.772544e-01	-6.658683e-02
1.772800e-01	-7.137375e-02
1.773056e-01	-7.603046e-02
1.773312e-01	-8.104686e-02
1.773568e-01	-8.567455e-02
1.773824e-01	-9.052522e-02
1.774080e-01	-9.524798e-02
1.774336e-01	-1.000062e-01
1.774592e-01	-1.048088e-01
1.774848e-01	-1.094022e-01
1.775104e-01	-1.141886e-01
1.775360e-01	-1.187761e-01
1.775616e-01	-1.235707e-01
1.775872e-01	-1.281438e-01
1.776128e-01	-1.328299e-01
1.776384e-01	-1.374390e-01
1.776640e-01	-1.419397e-01
1.776896e-01	-1.465688e-01
1.777152e-01	-1.511087e-01
1.777408e-01	-1.556128e-01
1.777664e-01	-1.600788e-01
1.777920e-01	-1.644500e-01
1.778176e-01	-1.688673e-01
1.778432e-01	-1.733132e-01
1.778688e-01	-1.777011e-01
1.778944e-01	-1.820421e-01
1.779200e-01	-1.862870e-01
1.779456e-01	-1.906073e-01
1.779712e-01	-1.947426e-01
1.779968e-01	-1.989402e-01
1.780224e-01	-2.032997e-01
1.780480e-01	-2.072740e-01
1.780736e-01	-2.112907e-01
1.780992e-01	-2.153261e-01
1.781248e-01	-2.192657e-01
1.781504e-01	-2.231493e-01
1.781760e-01	-2.271958e-01
1.782016e-01	-2.310055e-01
1.782272e-01	-2.347558e-01
1.782528e-01	-2.384969e-01
1.782784e-01	-2.421332e-01
1.783040e-01	-2.458779e-01
1.783296e-01	-2.494427e-01
1.783552e-01	-2.530468e-01
1.783808e-01	-2.565665e-01
1.784064e-01	-2.600323e-01
1.784320e-01	-2.634114e-01
1.784576e-01	-2.666606e-01
1.784832e-01	-2.701061e-01
1.785088e-01	-2.730789e-01
1.785344e-01	-2.763852e-01
1.785600e-01	-2.795146e-01
1.785856e-01	-2.824979e-01
1.786112e-01	-2.855681e-01
1.786368e-01	-2.883462e-01
1.786624e-01	-2.912919e-01
1.786880e-01	-2.941326e-01
1.787136e-01	-2.967762e-01
1.787392e-01	-2.995037e-01
1.787648e-01	-3.020297e-01
1.787904e-01	-3.045510e-01
1.788160e-01	-3.071795e-01
1.788416e-01	-3.096580e-01
1.788672e-01	-3.118806e-01
1.788928e-01	-3.140531e-01
1.789184e-01	-3.162927e-01
1.789440e-01	-3.184740e-01
1.789696e-01	-3.205026e-01
1.789952e-01	-3.225153e-01
1.790208e-01	-3.244753e-01
1.790464e-01	-3.262853e-01
1.790720e-01	-3.280493e-01
1.790976e-01	-3.297152e-01
1.791232e-01	-3.314672e-01
1.791488e-01	-3.329855e-01
1.791744e-01	-3.344493e-01
1.792000e-01	-3.359864e-01
1.792256e-01	-3.371598e-01
1.792512e-01	-3.385447e-01
1.792768e-01	-3.396327e-01
1.793024e-01	-3.407683e-01
1.793280e-01	-3.418378e-01
1.793536e-01	-3.428339e-01
1.793792e-01	-3.438709e-01
1.794048e-01	-3.444420e-01
1.794304e-01	-3.452083e-01
1.794560e-01	-3.459806e-01
1.794816e-01	-3.463436e-01
1.795072e-01	-3.470668e-01
1.795328e-01	-3.474376e-01
1.795584e-01	-3.477989e-01
1.795840e-01	-3.480779e-01
1.796096e-01	-3.481814e-01
1.796352e-01	-3.484615e-01
1.796608e-01	-3.484052e-01
1.796864e-01	-3.484081e-01
1.797120e-01	-3.483865e-01
1.797376e-01	-3.480136e-01
1.797632e-01	-3.478479e-01
1.797888e-01	-3.474784e-01
1.798144e-01	-3.470318e-01
1.798400e-01	-3.465155e-01
1.798656e-01	-3.459072e-01
1.798912e-01	-3.453405e-01
1.799168e-01	-3.445365e-01
1.799424e-01	-3.437580e-01
1.799680e-01	-3.429122e-01
1.799936e-01	-3.419260e-01
1.800192e-01	-3.409370e-01
1.800448e-01	-3.398129e-01
1.800704e-01	-3.386498e-01
1.800960e-01	-3.373345e-01
1.801216e-01	-3.360031e-01
1.801472e-01	-3.345824e-01
1.801728e-01	-3.330213e-01
1.801984e-01	-3.314663e-01
1.802240e-01	-3.299887e-01
1.802496e-01	-3.281817e-01
1.802752e-01	-3.264035e-01
1.803008e-01	-3.245422e-01
1.803264e-01	-3.224750e-01
1.803520e-01	-3.207174e-01
1.803776e-01	-3.186459e-01
1.804032e-01	-3.164354e-01
1.804288e-01	-3.142855e-01
1.804544e-01	-3.119732e-01
1.804800e-01	-3.096769e-01
1.805056e-01	-3.072342e-01
1.805312e-01	-3.048264e-01
1.805568e-01	-3.022915e-01
1.805824e-01	-2.996510e-01
1.806080e-01	-2.970073e-01
1.806336e-01	-2.942353e-01
1.806592e-01	-2.914684e-01
1.806848e-01	-2.887013e-01
1.807104e-01	-2.855684e-01
1.807360e-01	-2.827879e-01
1.807616e-01	-2.796909e-01
1.807872e-01	-2.765841e-01
1.808128e-01	-2.734444e-01
1.808384e-01	-2.701690e-01
1.808640e-01	-2.668913e-01
1.808896e-01	-2.635728e-01
1.809152e-01	-2.603009e-01
1.809408e-01	-2.566844e-01
1.809664e-01	-2.532216e-01
1.809920e-01	-2.497418e-01
1.810176e-01	-2.461196e-01
1.810432e-01	-2.425177e-01
1.810688e-01	-2.386670e-01
1.810944e-01	-2.349898e-01
1.811200e-01	-2.312860e-01
1.811456e-01	-2.274176e-01
1.811712e-01	-2.234650e-01
1.811968e-01	-2.194550e-01
1.812224e-01	-2.156405e-01
1.812480e-01	-2.116003e-01
1.812736e-01	-2.074545e-01
1.812992e-01	-2.034491e-01
1.813248e-01	-1.991773e-01
1.813504e-01	-1.950532e-01
1.813760e-01	-1.907325e-01
1.814016e-01	-1.865149e-01
1.814272e-01	-1.822591e-01
1.814528e-01	-1.779564e-01
1.814784e-01	-1.735486e-01
1.815040e-01	-1.690806e-01
1.815296e-01	-1.647290e-01
1.815552e-01	-1.603465e-01
1.815808e-01	-1.558007e-01
1.816064e-01	-1.512396e-01
1.816320e-01	-1.467929e-01
1.816576e-01	-1.420861e-01
1.816832e-01	-1.375711e-01
1.817088e-01	-1.329927e-01
1.817344e-01	-1.283498e-01
1.817600e-01	-1.237844e-01
1.817856e-01	-1.189322e-01
1.818112e-01	-1.143008e-01
1.818368e-01	-1.095183e-01
1.818624e-01	-1.049002e-01
1.818880e-01	-1.001189e-01
1.819136e-01	-9.544825e-02
1.819392e-01	-9.075122e-02
1.819648e-01	-8.585610e-02
1.819904e-01	-8.112831e-02
1.820160e-01	-7.630134e-02
1.820416e-01	-7.151161e-02
1.820672e-01	-6.670906e-02
1.820928e-01	-6.192841e-02
1.821184e-01	-5.699982e-02
1.821440e-01	-5.209691e-02
1.821696e-01	-4.738081e-02
1.821952e-01	-4.270266e-02
1.822208e-01	-3.782848e-02
1.822464e-01	-3.306310e-02
1.822720e-01	-2.826309e-02
1.822976e-01	-2.340621e-02
1.823232e-01	-1.872558e-02
1.823488e-01	-1.369818e-02
1.823744e-01	-9.075409e-03
1.824000e-01	-4.377057e-03
1.824256e-01	3.932078e-04
1.824512e-01	5.154810e-03
1.824768e-01	9.911899e-03
1.825024e-01	1.466111e-02
1.825280e-01	1.930553e-02
1.825536e-01	2.395028e-02
1.825792e-01	2.871820e-02
1.826048e-01	3.329560e-02
1.826304e-01	3.782527e-02
1.826560e-01	4.251943e-02
1.826816e-01	4.699295e-02
1.827072e-01	5.153539e-02
1.827328e-01	5.604217e-02
1.827584e-01	6.046273e-02
1.827840e-01	6.507081e-02
1.828096e-01	6.947316e-02
1.828352e-01	7.385781e-02
1.828608e-01	7.827324e-02
1.828864e-01	8.250333e-02
1.829120e-01	8.681218e-02
1.829376e-01	9.116183e-02
1.829632e-01	9.542968e-02
1.829888e-01	9.955885e-02
1.830144e-01	1.036922e-01
1.830400e-01	1.077144e-01
1.830656e-01	1.118907e-01
1.830912e-01	1.158892e-01
1.831168e-01	1.198484e-01
1.831424e-01	1.237060e-01
1.831680e-01	1.276477e-01
1.831936e-01	1.315862e-01
1.832192e-01	1.352857e-01
1.832448e-01	1.390615e-01
1.832704e-01	1.428694e-01
1.832960e-01	1.464536e-01
1.833216e-01	1.499809e-01
1.833472e-01	1.535913e-01
1.833728e-01	1.571845e-01
1.833984e-01	1.605132e-01
1.834240e-01	1.638233e-01
1.834496e-01	1.672300e-01
1.834752e-01	1.704994e-01
1.835008e-01	1.737365e-01
1.835264e-01	1.768676e-01
1.835520e-01	1.800050e-01
1.835776e-01	1.830664e-01
1.836032e-01	1.860032e-01
1.836288e-01	1.890205e-01
1.836544e-01	1.917841e-01
1.836800e-01	1.946496e-01
1.837056e-01	1.973819e-01
1.837312e-01	2.000030e-01
1.837568e-01	2.026673e-01
1.837824e-01	2.051595e-01
1.838080e-01	2.075800e-01
1.838336e-01	2.100677e-01
1.838592e-01	2.123496e-01
1.838848e-01	2.147477e-01
1.839104e-01	2.168953e-01
1.839360e-01	2.189551e-01
1.839616e-01	2.211599e-01
1.839872e-01	2.231254e-01
1.840128e-01	2.249524e-01
1.840384e-01	2.268579e-01
1.840640e-01	2.286382e-01
1.840896e-01	2.302860e-01
1.841152e-01	2.319379e-01
1.841408e-01	2.334982e-01
1.841664e-01	2.350036e-01
1.841920e-01	2.366119e-01
1.842176e-01	2.377931e-01
1.842432e-01	2.389977e-01
1.842688e-01	2.403012e-01
1.842944e-01	2.413096e-01
1.843200e-01	2.424873e-01
1.843456e-01	2.434486e-01
1.843712e-01	2.443188e-01
1.843968e-01	2.451980e-01
1.844224e-01	2.458003e-01
1.844480e-01	2.464965e-01
1.844736e-01	2.470773e-01
1.844992e-01	2.475825e-01
1.845248e-01	2.479589e-01
1.845504e-01	2.484023e-01
1.845760e-01	2.486169e-01
1.846016e-01	2.488437e-01
1.846272e-01	2.489208e-01
1.846528e-01	2.489553e-01
1.846784e-01	2.490435e-01
1.847040e-01	2.488861e-01
1.847296e-01	2.486787e-01
1.847552e-01	2.483943e-01
1.847808e-01	2.480747e-01
1.848064e-01	2.475501e-01
1.848320e-01	2.471069e-01
1.848576e-01	2.465971e-01
1.848832e-01	2.458599e-01
1.849088e-01	2.452851e-01
1.849344e-01	2.442654e-01
1.849600e-01	2.434812e-01
1.849856e-01	2.425308e-01
1.850112e-01	2.414723e-01
1.850368e-01	2.404158e-01
1.850624e-01	2.392077e-01
1.850880e-01	2.380610e-01
1.851136e-01	2.365919e-01
1.851392e-01	2.351405e-01
1.851648e-01	2.336731e-01
1.851904e-01	2.321359e-01
1.852160e-01	2.306156e-01
1.852416e-01	2.287942e-01
1.852672e-01	2.270339e-01
1.852928e-01	2.251835e-01
1.853184e-01	2.233393e-01
1.853440e-01	2.212291e-01
1.853696e-01	2.192045e-01
1.853952e-01	2.171848e-01
1.854208e-01	2.148549e-01
1.854464e-01	2.126658e-01
1.854720e-01	2.103805e-01
1.854976e-01	2.079563e-01
1.855232e-01	2.054788e-01
1.855488e-01	2.030054e-01
1.855744e-01	2.003636e-01
1.856000e-01	1.976197e-01
1.856256e-01	1.949581e-01
1.856512e-01	1.921320e-01
1.856768e-01	1.893050e-01
1.857024e-01	1.863427e-01
1.857280e-01	1.834364e-01
1.857536e-01	1.803433e-01
1.857792e-01	1.771645e-01
1.858048e-01	1.741389e-01
1.858304e-01	1.709833e-01
1.858560e-01	1.675379e-01
1.858816e-01	1.643015e-01
1.859072e-01	1.609699e-01
1.859328e-01	1.574150e-01
1.859584e-01	1.540166e-01
1.859840e-01	1.503935e-01
1.860096e-01	1.468007e-01
1.860352e-01	1.432683e-01
1.860608e-01	1.394183e-01
1.860864e-01	1.357850e-01
1.861120e-01	1.319673e-01
1.861376e-01	1.281017e-01
1.861632e-01	1.241373e-01
1.861888e-01	1.202895e-01
1.862144e-01	1.162849e-01
1.862400e-01	1.122444e-01
1.862656e-01	1.082705e-01
1.862912e-01	1.040225e-01
1.863168e-01	9.999911e-02
1.863424e-01	9.580856e-02
1.863680e-01	9.143928e-02
1.863936e-01	8.733822e-02
1.864192e-01	8.310653e-02
1.864448e-01	7.863940e-02
1.864704e-01	7.430044e-02
1.864960e-01	7.005879e-02
1.865216e-01	6.550626e-02
1.865472e-01	6.102160e-02
1.865728e-01	5.657690e-02
1.865984e-01	5.200531e-02
1.866240e-01	4.754601e-02
1.866496e-01	4.302798e-02
1.866752e-01	3.845401e-02
1.867008e-01	3.383256e-02
1.867264e-01	2.901788e-02
1.867520e-01	2.458779e-02
1.867776e-01	1.987475e-02
1.868032e-01	1.515617e-02
1.868288e-01	1.050408e-02
1.868544e-01	5.809387e-03
1.868800e-01	9.567656e-04
1.869056e-01	-3.757274e-03
1.869312e-01	-8.485569e-03
1.869568e-01	-1.329059e-02
1.869824e-01	-1.802333e-02
1.870080e-01	-2.288857e-02
1.870336e-01	-2.764064e-02
1.870592e-01	-3.251391e-02
1.870848e-01	-3.727264e-02
1.871104e-01	-4.208772e-02
1.871360e-01	-4.679247e-02
1.871616e-01	-5.165607e-02
1.871872e-01	-5.659825e-02
1.872128e-01	-6.118475e-02
1.872384e-01	-6.603910e-02
1.872640e-01	-7.074489e-02
1.872896e-01	-7.566426e-02
1.873152e-01	-8.042847e-02
1.873408e-01	-8.530374e-02
1.873664e-01	-9.005762e-02
1.873920e-01	-9.478667e-02
1.874176e-01	-9.948821e-02
1.874432e-01	-1.042270e-01
1.874688e-01	-1.090476e-01
1.874944e-01	-1.136699e-01
1.875200e-01	-1.183258e-01
1.875456e-01	-1.230744e-01
1.875712e-01	-1.277491e-01
1.875968e-01	-1.323721e-01
1.876224e-01	-1.370036e-01
1.876480e-01	-1.414424e-01
1.876736e-01	-1.462072e-01
1.876992e-01	-1.506495e-01
1.877248e-01	-1.551041e-01
1.877504e-01	-1.597753e-01
1.877760e-01	-1.640093e-01
1.878016e-01	-1.686385e-01
1.878272e-01	-1.729504e-01
1.878528e-01	-1.772890e-01
1.878784e-01	-1.817023e-01
1.879040e-01	-1.859642e-01
1.879296e-01	-1.902117e-01
1.879552e-01	-1.944067e-01
1.879808e-01	-1.985654e-01
1.880064e-01	-2.027352e-01
1.880320e-01	-2.068330e-01
1.880576e-01	-2.108774e-01
1.880832e-01	-2.149950e-01
1.881088e-01	-2.190159e-01
1.881344e-01	-2.228355e-01
1.881600e-01	-2.268416e-01
1.881856e-01	-2.306592e-01
1.882112e-01	-2.344697e-01
1.882368e-01	-2.382632e-01
1.882624e-01	-2.419232e-01
1.882880e-01	-2.455971e-01
1.883136e-01	-2.491447e-01
1.883392e-01	-2.527698e-01
1.883648e-01	-2.561681e-01
1.883904e-01	-2.595927e-01
1.884160e-01	-2.630554e-01
1.884416e-01	-2.664234e-01
1.884672e-01	-2.697001e-01
1.884928e-01	-2.728998e-01
1.885184e-01	-2.761311e-01
1.885440e-01	-2.791620e-01
1.885696e-01	-2.822692e-01
1.885952e-01	-2.852223e-01
1.886208e-01	-2.881399e-01
1.886464e-01	-2.910121e-01
1.886720e-01	-2.938739e-01
1.886976e-01	-2.965860e-01
1.887232e-01	-2.992206e-01
1.887488e-01	-3.019691e-01
1.887744e-01	-3.044289e-01
1.888000e-01	-3.068231e-01
1.888256e-01	-3.093277e-01
1.888512e-01	-3.115965e-01
1.888768e-01	-3.138897e-01
1.889024e-01	-3.161017e-01
1.889280e-01	-3.183062e-01
1.889536e-01	-3.203991e-01
1.889792e-01	-3.223611e-01
1.890048e-01	-3.242975e-01
1.890304e-01	-3.261894e-01
1.890560e-01	-3.279641e-01
1.890816e-01	-3.296442e-01
1.891072e-01	-3.312813e-01
1.891328e-01	-3.329068e-01
1.891584e-01	-3.343733e-01
1.891840e-01	-3.357980e-01
1.892096e-01	-3.371722e-01
1.892352e-01	-3.383569e-01
1.892608e-01	-3.395312e-01
1.892864e-01	-3.407641e-01
1.893120e-01	-3.416915e-01
1.893376e-01	-3.427022e-01
1.893632e-01	-3.435610e-01
1.893888e-01	-3.443806e-01
1.894144e-01	-3.452045e-01
1.894400e-01	-3.457772e-01
1.894656e-01	-3.464756e-01
1.894912e-01	-3.469607e-01
1.895168e-01	-3.473519e-01
1.895424e-01	-3.477329e-01
1.895680e-01	-3.478738e-01
1.895936e-01	-3.482170e-01
1.896192e-01	-3.483206e-01
1.896448e-01	-3.483530e-01
1.896704e-01	-3.483825e-01
1.896960e-01	-3.483444e-01
1.897216e-01	-3.480460e-01
1.897472e-01	-3.478121e-01
1.897728e-01	-3.476129e-01
1.897984e-01	-3.470518e-01
1.898240e-01	-3.466035e-01
1.898496e-01	-3.460525e-01
1.898752e-01	-3.453982e-01
1.899008e-01	-3.446438e-01
1.899264e-01	-3.437802e-01
1.899520e-01	-3.429661e-01
1.899776e-01	-3.419255e-01
1.900032e-01	-3.410423e-01
1.900288e-01	-3.399072e-01
1.900544e-01	-3.386203e-01
1.900800e-01	-3.373719e-01
1.901056e-01	-3.360918e-01
1.901312e-01	-3.347170e-01
1.901568e-01	-3.332285e-01
1.901824e-01	-3.317206e-01
1.902080e-01	-3.300882e-01
1.902336e-01	-3.282959e-01
1.902592e-01	-3.265948e-01
1.902848e-01	-3.249298e-01
1.903104e-01	-3.228517e-01
1.903360e-01	-3.208970e-01
1.903616e-01	-3.188746e-01
1.903872e-01	-3.166151e-01
1.904128e-01	-3.145701e-01
1.904384e-01	-3.121850e-01
1.904640e-01	-3.098510e-01
1.904896e-01	-3.075007e-01
1.905152e-01	-3.049845e-01
1.905408e-01	-3.024113e-01
1.905664e-01	-2.998883e-01
1.905920e-01	-2.973559e-01
1.906176e-01	-2.945493e-01
1.906432e-01	-2.917528e-01
1.906688e-01	-2.889599e-01
1.906944e-01	-2.858576e-01
1.907200e-01	-2.829916e-01
1.907456e-01	-2.799072e-01
1.907712e-01	-2.767940e-01
1.907968e-01	-2.737233e-01
1.908224e-01	-2.704780e-01
1.908480e-01	-2.672518e-01
1.908736e-01	-2.639121e-01
1.908992e-01	-2.605271e-01
1.909248e-01	-2.570824e-01
1.909504e-01	-2.536792e-01
1.909760e-01	-2.501299e-01
1.910016e-01	-2.465096e-01
1.910272e-01	-2.428685e-01
1.910528e-01	-2.391119e-01
1.910784e-01	-2.353696e-01
1.911040e-01	-2.314420e-01
1.911296e-01	-2.278025e-01
1.911552e-01	-2.238085e-01
1.911808e-01	-2.198648e-01
1.912064e-01	-2.160463e-01
1.912320e-01	-2.118960e-01
1.912576e-01	-2.078892e-01
1.912832e-01	-2.038487e-01
1.913088e-01	-1.995004e-01
1.913344e-01	-1.953666e-01
1.913600e-01	-1.912262e-01
1.913856e-01	-1.868936e-01
1.914112e-01	-1.826300e-01
1.914368e-01	-1.783283e-01
1.914624e-01	-1.739303e-01
1.914880e-01	-1.695570e-01
1.915136e-01	-1.651501e-01
1.915392e-01	-1.606998e-01
1.915648e-01	-1.561667e-01
1.915904e-01	-1.517012e-01
1.916160e-01	-1.472100e-01
1.916416e-01	-1.426117e-01
1.916672e-01	-1.380085e-01
1.916928e-01	-1.335122e-01
1.917184e-01	-1.286815e-01
1.917440e-01	-1.242058e-01
1.917696e-01	-1.195006e-01
1.917952e-01	-1.146949e-01
1.918208e-01	-1.101597e-01
1.918464e-01	-1.053062e-01
1.918720e-01	-1.006774e-01
1.918976e-01	-9.589607e-02
1.919232e-01	-9.107538e-02
1.919488e-01	-8.634750e-02
1.919744e-01	-8.148699e-02
1.920000e-01	-7.669214e-02
1.920256e-01	-7.189683e-02
1.920512e-01	-6.720953e-02
1.920768e-01	-6.230993e-02
1.921024e-01	-5.759493e-02
1.921280e-01	-5.280190e-02
1.921536e-01	-4.801288e-02
1.921792e-01	-4.315213e-02
1.922048e-01	-3.827471e-02
1.922304e-01	-3.358366e-02
1.922560e-01	-2.877076e-02
1.922816e-01	-2.387698e-02
1.923072e-01	-1.910820e-02
1.923328e-01	-1.433183e-02
1.923584e-01	-9.516303e-03
1.923840e-01	-4.763359e-03
1.924096e-01	-2.975229e-05
1.924352e-01	4.757419e-03
1.924608e-01	9.452260e-03
1.924864e-01	1.416179e-02
1.925120e-01	1.888844e-02
1.925376e-01	2.355237e-02
1.925632e-01	2.814884e-02
1.925888e-01	3.279642e-02
1.926144e-01	3.735212e-02
1.926400e-01	4.200808e-02
1.926656e-01	4.653883e-02
1.926912e-01	5.108481e-02
1.927168e-01	5.561591e-02
1.927424e-01	6.015922e-02
1.927680e-01	6.452910e-02
1.927936e-01	6.899831e-02
1.928192e-01	7.346094e-02
1.928448e-01	7.776917e-02
1.928704e-01	8.215025e-02
1.928960e-01	8.638974e-02
1.929216e-01	9.070621e-02
1.929472e-01	9.489698e-02
1.929728e-01	9.916538e-02
1.929984e-01	1.033035e-01
1.930240e-01	1.073195e-01
1.930496e-01	1.114616e-01
1.930752e-01	1.154381e-01
1.931008e-01	1.195032e-01
1.931264e-01	1.234999e-01
1.931520e-01	1.274100e-01
1.931776e-01	1.312137e-01
1.932032e-01	1.349248e-01
1.932288e-01	1.387353e-01
1.932544e-01	1.423827e-01
1.932800e-01	1.460658e-01
1.933056e-01	1.497486e-01
1.933312e-01	1.532658e-01
1.933568e-01	1.568377e-01
1.933824e-01	1.601841e-01
1.934080e-01	1.636868e-01
1.934336e-01	1.669923e-01
1.934592e-01	1.701659e-01
1.934848e-01	1.734456e-01
1.935104e-01	1.766741e-01
1.935360e-01	1.798139e-01
1.935616e-01	1.827930e-01
1.935872e-01	1.856707e-01
1.936128e-01	1.886309e-01
1.936384e-01	1.915167e-01
1.936640e-01	1.942757e-01
1.936896e-01	1.970683e-01
1.937152e-01	1.997890e-01
1.937408e-01	2.024093e-01
1.937664e-01	2.049760e-01
1.937920e-01	2.073850e-01
1.938176e-01	2.098144e-01
1.938432e-01	2.122122e-01
1.938688e-01	2.144091e-01
1.938944e-01	2.167425e-01
1.939200e-01	2.189894e-01
1.939456e-01	2.209987e-01
1.939712e-01	2.228960e-01
1.939968e-01	2.247880e-01
1.940224e-01	2.266997e-01
1.940480e-01	2.284453e-01
1.940736e-01	2.302889e-01
1.940992e-01	2.318147e-01
1.941248e-01	2.334713e-01
1.941504e-01	2.349862e-01
1.941760e-01	2.363074e-01
1.942016e-01	2.377521e-01
1.942272e-01	2.390257e-01
1.942528e-01	2.401697e-01
1.942784e-01	2.413007e-01
1.943040e-01	2.424204e-01
1.943296e-01	2.433461e-01
1.943552e-01	2.441768e-01
1.943808e-01	2.451066e-01
1.944064e-01	2.458295e-01
1.944320e-01	2.464233e-01
1.944576e-01	2.469498e-01
1.944832e-01	2.476987e-01
1.945088e-01	2.480201e-01
1.945344e-01	2.482533e-01
1.945600e-01	2.486978e-01
1.945856e-01	2.488228e-01
1.946112e-01	2.488816e-01
1.946368e-01	2.490631e-01
1.946624e-01	2.489856e-01
1.946880e-01	2.488104e-01
1.947136e-01	2.487011e-01
1.947392e-01	2.485112e-01
1.947648e-01	2.480821e-01
1.947904e-01	2.476554e-01
1.948160e-01	2.472159e-01
1.948416e-01	2.466202e-01
1.948672e-01	2.458851e-01
1.948928e-01	2.452086e-01
1.949184e-01	2.443620e-01
1.949440e-01	2.436290e-01
1.949696e-01	2.426425e-01
1.949952e-01	2.415203e-01
1.950208e-01	2.404771e-01
1.950464e-01	2.393470e-01
1.950720e-01	2.379622e-01
1.950976e-01	2.367551e-01
1.951232e-01	2.352774e-01
1.951488e-01	2.337954e-01
1.951744e-01	2.323449e-01
1.952000e-01	2.305810e-01
1.952256e-01	2.290089e-01
1.952512e-01	2.271946e-01
1.952768e-01	2.253958e-01
1.953024e-01	2.235546e-01
1.953280e-01	2.215257e-01
1.953536e-01	2.195212e-01
1.953792e-01	2.172444e-01
1.954048e-01	2.150660e-01
1.954304e-01	2.128666e-01
1.954560e-01	2.106146e-01
1.954816e-01	2.081791e-01
1.955072e-01	2.057233e-01
1.955328e-01	2.031968e-01
1.955584e-01	2.005179e-01
1.955840e-01	1.979220e-01
1.956096e-01	1.951807e-01
1.956352e-01	1.923806e-01
1.956608e-01	1.895204e-01
1.956864e-01	1.866594e-01
1.957120e-01	1.837872e-01
1.957376e-01	1.805849e-01
1.957632e-01	1.776589e-01
1.957888e-01	1.744188e-01
1.958144e-01	1.711658e-01
1.958400e-01	1.680109e-01
1.958656e-01	1.645674e-01
1.958912e-01	1.611591e-01
1.959168e-01	1.577991e-01
1.959424e-01	1.542838e-01
1.959680e-01	1.507737e-01
1.959936e-01	1.472003e-01
1.960192e-01	1.434531e-01
1.960448e-01	1.398180e-01
1.960704e-01	1.360933e-01
1.960960e-01	1.322982e-01
1.961216e-01	1.285282e-01
1.961472e-01	1.245439e-01
1.961728e-01	1.206951e-01
1.961984e-01	1.167493e-01
1.962240e-01	1.126156e-01
1.962496e-01	1.086337e-01
1.962752e-01	1.046129e-01
1.963008e-01	1.002272e-01
1.963264e-01	9.616261e-02
1.963520e-01	9.205189e-02
1.963776e-01	8.771557e-02
1.964032e-01	8.352131e-02
1.964288e-01	7.910704e-02
1.964544e-01	7.474159e-02
1.964800e-01	7.036630e-02
1.965056e-01	6.595769e-02
1.965312e-01	6.154708e-02
1.965568e-01	5.694288e-02
1.965824e-01	5.255143e-02
1.966080e-01	4.800768e-02
1.966336e-01	4.340171e-02
1.966592e-01	3.881695e-02
1.966848e-01	3.430222e-02
1.967104e-01	2.959028e-02
1.967360e-01	2.491194e-02
1.967616e-01	2.026546e-02
1.967872e-01	1.561811e-02
1.968128e-01	1.091384e-02
1.968384e-01	6.179915e-03
1.968640e-01	1.361484e-03
1.968896e-01	-3.235501e-03
1.969152e-01	-8.025860e-03
1.969408e-01	-1.284842e-02
1.969664e-01	-1.753759e-02
1.969920e-01	-2.243018e-02
1.970176e-01	-2.712416e-02
1.970432e-01	-3.200087e-02
1.970688e-01	-3.684057e-02
1.970944e-01	-4.158955e-02
1.971200e-01	-4.638054e-02
1.971456e-01	-5.122237e-02
1.971712e-01	-5.594035e-02
1.971968e-01	-6.066570e-02
1.972224e-01	-6.570762e-02
1.972480e-01	-7.046759e-02
1.972736e-01	-7.522942e-02
1.972992e-01	-8.002678e-02
1.973248e-01	-8.476573e-02
1.973504e-01	-8.946335e-02
1.973760e-01	-9.421184e-02
1.974016e-01	-9.900740e-02
1.974272e-01	-1.037583e-01
1.974528e-01	-1.084182e-01
1.974784e-01	-1.132430e-01
1.975040e-01	-1.179190e-01
1.975296e-01	-1.225767e-01
1.975552e-01	-1.273169e-01
1.975808e-01	-1.319103e-01
1.976064e-01	-1.365018e-01
1.976320e-01	-1.410550e-01
1.976576e-01	-1.456397e-01
1.976832e-01	-1.502311e-01
1.977088e-01	-1.547093e-01
1.977344e-01	-1.591817e-01
1.977600e-01	-1.636803e-01
1.977856e-01	-1.682226e-01
1.978112e-01	-1.724465e-01
1.978368e-01	-1.768639e-01
1.978624e-01	-1.811903e-01
1.978880e-01	-1.854670e-01
1.979136e-01	-1.897396e-01
1.979392e-01	-1.940413e-01
1.979648e-01	-1.982072e-01
1.979904e-01	-2.024027e-01
1.980160e-01	-2.064391e-01
1.980416e-01	-2.105481e-01
1.980672e-01	-2.147450e-01
1.980928e-01	-2.185223e-01
1.981184e-01	-2.225139e-01
1.981440e-01	-2.265041e-01
1.981696e-01	-2.302549e-01
1.981952e-01	-2.340603e-01
1.982208e-01	-2.378040e-01
1.982464e-01	-2.416246e-01
1.982720e-01	-2.452137e-01
1.982976e-01	-2.488534e-01
1.983232e-01	-2.523988e-01
1.983488e-01	-2.557603e-01
1.983744e-01	-2.592822e-01
1.984000e-01	-2.628586e-01
1.984256e-01	-2.661356e-01
1.984512e-01	-2.693208e-01
1.984768e-01	-2.726184e-01
1.985024e-01	-2.758106e-01
1.985280e-01	-2.788460e-01
1.985536e-01	-2.819503e-01
1.985792e-01	-2.849045e-01
1.986048e-01	-2.878755e-01
1.986304e-01	-2.906382e-01
1.986560e-01	-2.935429e-01
1.986816e-01	-2.962923e-01
1.987072e-01	-2.988765e-01
1.987328e-01	-3.015884e-01
1.987584e-01	-3.041226e-01
1.987840e-01	-3.066265e-01
1.988096e-01	-3.089067e-01
1.988352e-01	-3.113695e-01
1.988608e-01	-3.137433e-01
1.988864e-01	-3.158901e-01
1.989120e-01	-3.180055e-01
1.989376e-01	-3.201445e-01
1.989632e-01	-3.222280e-01
1.989888e-01	-3.239977e-01
1.990144e-01	-3.259410e-01
1.990400e-01	-3.276863e-01
1.990656e-01	-3.294937e-01
1.990912e-01	-3.309441e-01
1.991168e-01	-3.326214e-01
1.991424e-01	-3.343099e-01
1.991680e-01	-3.355543e-01
1.991936e-01	-3.369232e-01
1.992192e-01	-3.381987e-01
1.992448e-01	-3.393947e-01
1.992704e-01	-3.405653e-01
1.992960e-01	-3.416392e-01
1.993216e-01	-3.426778e-01
1.993472e-01	-3.435907e-01
1.993728e-01	-3.443772e-01
1.993984e-01	-3.450907e-01
1.994240e-01	-3.458048e-01
1.994496e-01	-3.463847e-01
1.994752e-01	-3.469034e-01
1.995008e-01	-3.473003e-01
1.995264e-01	-3.476482e-01
1.995520e-01	-3.480260e-01
1.995776e-01	-3.482623e-01
1.996032e-01	-3.483319e-01
1.996288e-01	-3.484362e-01
1.996544e-01	-3.482986e-01
1.996800e-01	-3.482820e-01
1.997056e-01	-3.481147e-01
1.997312e-01	-3.477952e-01
1.997568e-01	-3.475257e-01
1.997824e-01	-3.471053e-01
1.998080e-01	-3.466171e-01
1.998336e-01	-3.461270e-01
1.998592e-01	-3.453479e-01
1.998848e-01	-3.447267e-01
1.999104e-01	-3.438410e-01
1.999360e-01	-3.429846e-01
1.999616e-01	-3.420822e-01
1.999872e-01	-3.409875e-01
2.000128e-01	-3.401515e-01
2.000384e-01	-3.388016e-01
2.000640e-01	-3.374189e-01
2.000896e-01	-3.362598e-01
2.001152e-01	-3.348120e-01
2.001408e-01	-3.332944e-01
2.001664e-01	-3.317735e-01
2.001920e-01	-3.302590e-01
2.002176e-01	-3.285101e-01
2.002432e-01	-3.267283e-01
2.002688e-01	-3.249133e-01
2.002944e-01	-3.229925e-01
2.003200e-01	-3.209787e-01
2.003456e-01	-3.190527e-01
2.003712e-01	-3.168236e-01
2.003968e-01	-3.146080e-01
2.004224e-01	-3.124582e-01
2.004480e-01	-3.100909e-01
2.004736e-01	-3.077471e-01
2.004992e-01	-3.051761e-01
2.005248e-01	-3.026935e-01
2.005504e-01	-3.000409e-01
2.005760e-01	-2.973703e-01
2.006016e-01	-2.947730e-01
2.006272e-01	-2.919199e-01
2.006528e-01	-2.891599e-01
2.006784e-01	-2.863089e-01
2.007040e-01	-2.832304e-01
2.007296e-01	-2.801895e-01
2.007552e-01	-2.771852e-01
2.007808e-01	-2.738625e-01
2.008064e-01	-2.707296e-01
2.008320e-01	-2.674964e-01
2.008576e-01	-2.642195e-01
2.008832e-01	-2.607511e-01
2.009088e-01	-2.573664e-01
2.009344e-01	-2.539234e-01
2.009600e-01	-2.504000e-01
2.009856e-01	-2.467472e-01
2.010112e-01	-2.430613e-01
2.010368e-01	-2.394613e-01
2.010624e-01	-2.355957e-01
2.010880e-01	-2.318155e-01
2.011136e-01	-2.280046e-01
2.011392e-01	-2.241728e-01
2.011648e-01	-2.202010e-01
2.011904e-01	-2.162466e-01
2.012160e-01	-2.122755e-01
2.012416e-01	-2.082099e-01
2.012672e-01	-2.041328e-01
2.012928e-01	-1.999641e-01
2.013184e-01	-1.958757e-01
2.013440e-01	-1.914878e-01
2.013696e-01	-1.873324e-01
2.013952e-01	-1.830258e-01
2.014208e-01	-1.786281e-01
2.014464e-01	-1.742350e-01
2.014720e-01	-1.699420e-01
2.014976e-01	-1.656001e-01
2.015232e-01	-1.609593e-01
2.015488e-01	-1.566656e-01
2.015744e-01	-1.520799e-01
2.016000e-01	-1.474736e-01
2.016256e-01	-1.431064e-01
2.016512e-01	-1.383678e-01
2.016768e-01	-1.339667e-01
2.017024e-01	-1.292903e-01
2.017280e-01	-1.245689e-01
2.017536e-01	-1.199311e-01
2.017792e-01	-1.151112e-01
2.018048e-01	-1.105406e-01
2.018304e-01	-1.057952e-01
2.018560e-01	-1.010395e-01
2.018816e-01	-9.632327e-02
2.019072e-01	-9.146424e-02
2.019328e-01	-8.680011e-02
2.019584e-01	-8.210517e-02
2.019840e-01	-7.728279e-02
2.020096e-01	-7.229936e-02
2.020352e-01	-6.759816e-02
2.020608e-01	-6.269857e-02
2.020864e-01	-5.796849e-02
2.021120e-01	-5.317441e-02
2.021376e-01	-4.837751e-02
2.021632e-01	-4.361040e-02
2.021888e-01	-3.872143e-02
2.022144e-01	-3.394425e-02
2.022400e-01	-2.911499e-02
2.022656e-01	-2.437633e-02
2.022912e-01	-1.949928e-02
2.023168e-01	-1.483477e-02
2.023424e-01	-1.006175e-02
2.023680e-01	-5.200668e-03
2.023936e-01	-5.644456e-04
2.024192e-01	4.300612e-03
2.024448e-01	9.006695e-03
2.024704e-01	1.374884e-02
2.024960e-01	1.828909e-02
2.025216e-01	2.301916e-02
2.025472e-01	2.774157e-02
2.025728e-01	3.227678e-02
2.025984e-01	3.704470e-02
2.026240e-01	4.162645e-02
2.026496e-01	4.606419e-02
2.026752e-01	5.076299e-02
2.027008e-01	5.526065e-02
2.027264e-01	5.972141e-02
2.027520e-01	6.410483e-02
2.027776e-01	6.859363e-02
2.028032e-01	7.308570e-02
2.028288e-01	7.739152e-02
2.028544e-01	8.164147e-02
2.028800e-01	8.600400e-02
2.029056e-01	9.034063e-02
2.029312e-01	9.450369e-02
2.029568e-01	9.874619e-02
2.029824e-01	1.028393e-01
2.030080e-01	1.069899e-01
2.030336e-01	1.111956e-01
2.030592e-01	1.150877e-01
2.030848e-01	1.190550e-01
2.031104e-01	1.230642e-01
2.031360e-01	1.267549e-01
2.031616e-01	1.306709e-01
2.031872e-01	1.346279e-01
2.032128e-01	1.382858e-01
2.032384e-01	1.420843e-01
2.032640e-01	1.457098e-01
2.032896e-01	1.493867e-01
2.033152e-01	1.528793e-01
2.033408e-01	1.564093e-01
2.033664e-01	1.600184e-01
2.033920e-01	1.633482e-01
2.034176e-01	1.666817e-01
2.034432e-01	1.699726e-01
2.034688e-01	1.731487e-01
2.034944e-01	1.763194e-01
2.035200e-01	1.793948e-01
2.035456e-01	1.826066e-01
2.035712e-01	1.855304e-01
2.035968e-01	1.884765e-01
2.036224e-01	1.914083e-01
2.036480e-01	1.940570e-01
2.036736e-01	1.968286e-01
2.036992e-01	1.995758e-01
2.037248e-01	2.021844e-01
2.037504e-01	2.047434e-01
2.037760e-01	2.071305e-01
2.038016e-01	2.097321e-01
2.038272e-01	2.120251e-01
2.038528e-01	2.143445e-01
2.038784e-01	2.165611e-01
2.039040e-01	2.186005e-01
2.039296e-01	2.207600e-01
2.039552e-01	2.227099e-01
2.039808e-01	2.246420e-01
2.040064e-01	2.265376e-01
2.040320e-01	2.284289e-01
2.040576e-01	2.300424e-01
2.040832e-01	2.317059e-01
2.041088e-01	2.333661e-01
2.041344e-01	2.347444e-01
2.041600e-01	2.363421e-01
2.041856e-01	2.376424e-01
2.042112e-01	2.388497e-01
2.042368e-01	2.399120e-01
2.042624e-01	2.411874e-01
2.042880e-01	2.422461e-01
2.043136e-01	2.431680e-01
2.043392e-01	2.441550e-01
2.043648e-01	2.449463e-01
2.043904e-01	2.456784e-01
2.044160e-01	2.463776e-01
2.044416e-01	2.469852e-01
2.044672e-01	2.475697e-01
2.044928e-01	2.480156e-01
2.045184e-01	2.483185e-01
2.045440e-01	2.486395e-01
2.045696e-01	2.488392e-01
2.045952e-01	2.489556e-01
2.046208e-01	2.490440e-01
2.046464e-01	2.490146e-01
2.046720e-01	2.489328e-01
2.046976e-01	2.487891e-01
2.047232e-01	2.484860e-01
2.047488e-01	2.481507e-01
2.047744e-01	2.477683e-01
2.048000e-01	2.472160e-01
2.048256e-01	2.466794e-01
2.048512e-01	2.459673e-01
2.048768e-01	2.453676e-01
2.049024e-01	2.445435e-01
2.049280e-01	2.436646e-01
2.049536e-01	2.428350e-01
2.049792e-01	2.417045e-01
2.050048e-01	2.406093e-01
2.050304e-01	2.394246e-01
2.050560e-01	2.382198e-01
2.050816e-01	2.368810e-01
2.051072e-01	2.354559e-01
2.051328e-01	2.340319e-01
2.051584e-01	2.324414e-01
2.051840e-01	2.309322e-01
2.052096e-01	2.291057e-01
2.052352e-01	2.273778e-01
2.052608e-01	2.255728e-01
2.052864e-01	2.235965e-01
2.053120e-01	2.216907e-01
2.053376e-01	2.196920e-01
2.053632e-01	2.175921e-01
2.053888e-01	2.153510e-01
2.054144e-01	2.129778e-01
2.054400e-01	2.107962e-01
2.054656e-01	2.084422e-01
2.054912e-01	2.059114e-01
2.055168e-01	2.034467e-01
2.055424e-01	2.008065e-01
2.055680e-01	1.981848e-01
2.055936e-01	1.954632e-01
2.056192e-01	1.926240e-01
2.056448e-01	1.897931e-01
2.056704e-01	1.868840e-01
2.056960e-01	1.838705e-01
2.057216e-01	1.807289e-01
2.057472e-01	1.778644e-01
2.057728e-01	1.746884e-01
2.057984e-01	1.715403e-01
2.058240e-01	1.682776e-01
2.058496e-01	1.648931e-01
2.058752e-01	1.616174e-01
2.059008e-01	1.580730e-01
2.059264e-01	1.546773e-01
2.059520e-01	1.511935e-01
2.059776e-01	1.474067e-01
2.060032e-01	1.438628e-01
2.060288e-01	1.400880e-01
2.060544e-01	1.364367e-01
2.060800e-01	1.326749e-01
2.061056e-01	1.288773e-01
2.061312e-01	1.248808e-01
2.061568e-01	1.210649e-01
2.061824e-01	1.170552e-01
2.062080e-01	1.129760e-01
2.062336e-01	1.091592e-01
2.062592e-01	1.048953e-01
2.062848e-01	1.008147e-01
2.063104e-01	9.671460e-02
2.063360e-01	9.237306e-02
2.063616e-01	8.806726e-02
2.063872e-01	8.387990e-02
2.064128e-01	7.957495e-02
2.064384e-01	7.510906e-02
2.064640e-01	7.087106e-02
2.064896e-01	6.637602e-02
2.065152e-01	6.201356e-02
2.065408e-01	5.751062e-02
2.065664e-01	5.302589e-02
2.065920e-01	4.847954e-02
2.066176e-01	4.382945e-02
2.066432e-01	3.920166e-02
2.066688e-01	3.469848e-02
2.066944e-01	3.003104e-02
2.067200e-01	2.538393e-02
2.067456e-01	2.076801e-02
2.067712e-01	1.608535e-02
2.067968e-01	1.138955e-02
2.068224e-01	6.649028e-03
2.068480e-01	1.904953e-03
2.068736e-01	-2.900141e-03
2.068992e-01	-7.573569e-03
2.069248e-01	-1.230170e-02
2.069504e-01	-1.710460e-02
2.069760e-01	-2.194330e-02
2.070016e-01	-2.682677e-02
2.070272e-01	-3.147286e-02
2.070528e-01	-3.636033e-02
2.070784e-01	-4.103341e-02
2.071040e-01	-4.591126e-02
2.071296e-01	-5.084042e-02
2.071552e-01	-5.556767e-02
2.071808e-01	-6.039404e-02
2.072064e-01	-6.520213e-02
2.072320e-01	-6.992181e-02
2.072576e-01	-7.478826e-02
2.072832e-01	-7.959030e-02
2.073088e-01	-8.439492e-02
2.073344e-01	-8.901446e-02
2.073600e-01	-9.376729e-02
2.073856e-01	-9.865090e-02
2.074112e-01	-1.034004e-01
2.074368e-01	-1.080502e-01
2.074624e-01	-1.128059e-01
2.074880e-01	-1.174620e-01
2.075136e-01	-1.221051e-01
2.075392e-01	-1.268481e-01
2.075648e-01	-1.314961e-01
2.075904e-01	-1.361697e-01
2.076160e-01	-1.406275e-01
2.076416e-01	-1.451529e-01
2.076672e-01	-1.498263e-01
2.076928e-01	-1.542587e-01
2.077184e-01	-1.588381e-01
2.077440e-01	-1.632531e-01
2.077696e-01	-1.677613e-01
2.077952e-01	-1.721362e-01
2.078208e-01	-1.764437e-01
2.078464e-01	-1.808598e-01
2.078720e-01	-1.850696e-01
2.078976e-01	-1.893653e-01
2.079232e-01	-1.936702e-01
2.079488e-01	-1.977856e-01
2.079744e-01	-2.018271e-01
2.080000e-01	-2.059701e-01
2.080256e-01	-2.101623e-01
2.080512e-01	-2.141390e-01
2.080768e-01	-2.183124e-01
2.081024e-01	-2.221506e-01
2.081280e-01	-2.260893e-01
2.081536e-01	-2.299134e-01
2.081792e-01	-2.336423e-01
2.082048e-01	-2.375033e-01
2.082304e-01	-2.412519e-01
2.082560e-01	-2.448663e-01
2.082816e-01	-2.485174e-01
2.083072e-01	-2.521272e-01
2.083328e-01	-2.555496e-01
2.083584e-01	-2.589486e-01
2.083840e-01	-2.623564e-01
2.084096e-01	-2.657828e-01
2.084352e-01	-2.690814e-01
2.084608e-01	-2.723241e-01
2.084864e-01	-2.755150e-01
2.085120e-01	-2.786506e-01
2.085376e-01	-2.816601e-01
2.085632e-01	-2.845655e-01
2.085888e-01	-2.876564e-01
2.086144e-01	-2.903810e-01
2.086400e-01	-2.933546e-01
2.086656e-01	-2.960705e-01
2.086912e-01	-2.986639e-01
2.087168e-01	-3.013017e-01
2.087424e-01	-3.038110e-01
2.087680e-01	-3.063874e-01
2.087936e-01	-3.088515e-01
2.088192e-01	-3.111222e-01
2.088448e-01	-3.134598e-01
2.088704e-01	-3.156544e-01
2.088960e-01	-3.178253e-01
2.089216e-01	-3.199773e-01
2.089472e-01	-3.219007e-01
2.089728e-01	-3.238795e-01
2.089984e-01	-3.258393e-01
2.090240e-01	-3.275823e-01
2.090496e-01	-3.293586e-01
2.090752e-01	-3.309653e-01
2.091008e-01	-3.326043e-01
2.091264e-01	-3.340628e-01
2.091520e-01	-3.353493e-01
2.091776e-01	-3.368997e-01
2.092032e-01	-3.381159e-01
2.092288e-01	-3.394338e-01
2.092544e-01	-3.405364e-01
2.092800e-01	-3.414428e-01
2.093056e-01	-3.425541e-01
2.093312e-01	-3.434077e-01
2.093568e-01	-3.443188e-01
2.093824e-01	-3.449688e-01
2.094080e-01	-3.457896e-01
2.094336e-01	-3.463076e-01
2.094592e-01	-3.468335e-01
2.094848e-01	-3.473086e-01
2.095104e-01	-3.476690e-01
2.095360e-01	-3.479609e-01
2.095616e-01	-3.481435e-01
2.095872e-01	-3.484210e-01
2.096128e-01	-3.484053e-01
2.096384e-01	-3.482962e-01
2.096640e-01	-3.482601e-01
2.096896e-01	-3.480210e-01
2.097152e-01	-3.479063e-01
2.097408e-01	-3.475867e-01
2.097664e-01	-3.470349e-01
2.097920e-01	-3.467091e-01
2.098176e-01	-3.460743e-01
2.098432e-01	-3.453984e-01
2.098688e-01	-3.447483e-01
2.098944e-01	-3.439435e-01
2.099200e-01	-3.432245e-01
2.099456e-01	-3.422746e-01
2.099712e-01	-3.411689e-01
2.099968e-01	-3.400436e-01
2.100224e-01	-3.388726e-01
2.100480e-01	-3.376330e-01
2.100736e-01	-3.364379e-01
2.100992e-01	-3.348864e-01
2.101248e-01	-3.335823e-01
2.101504e-01	-3.320005e-01
2.101760e-01	-3.304158e-01
2.102016e-01	-3.287106e-01
2.102272e-01	-3.268942e-01
2.102528e-01	-3.252242e-01
2.102784e-01	-3.232315e-01
2.103040e-01	-3.213015e-01
2.103296e-01	-3.192881e-01
2.103552e-01	-3.171207e-01
2.103808e-01	-3.149115e-01
2.104064e-01	-3.127180e-01
2.104320e-01	-3.103205e-01
2.104576e-01	-3.079361e-01
2.104832e-01	-3.055641e-01
2.105088e-01	-3.029650e-01
2.105344e-01	-3.003799e-01
2.105600e-01	-2.977538e-01
2.105856e-01	-2.950722e-01
2.106112e-01	-2.922520e-01
2.106368e-01	-2.894481e-01
2.106624e-01	-2.865631e-01
2.106880e-01	-2.836035e-01
2.107136e-01	-2.804917e-01
2.107392e-01	-2.774605e-01
2.107648e-01	-2.742421e-01
2.107904e-01	-2.711098e-01
2.108160e-01	-2.678256e-01
2.108416e-01	-2.645464e-01
2.108672e-01	-2.612795e-01
2.108928e-01	-2.577489e-01
2.109184e-01	-2.543008e-01
2.109440e-01	-2.507155e-01
2.109696e-01	-2.472046e-01
2.109952e-01	-2.435582e-01
2.110208e-01	-2.398093e-01
2.110464e-01	-2.361585e-01
2.110720e-01	-2.323227e-01
2.110976e-01	-2.285055e-01
2.111232e-01	-2.245858e-01
2.111488e-01	-2.206992e-01
2.111744e-01	-2.167418e-01
2.112000e-01	-2.126899e-01
2.112256e-01	-2.086327e-01
2.112512e-01	-2.047095e-01
2.112768e-01	-2.004116e-01
2.113024e-01	-1.961747e-01
2.113280e-01	-1.921307e-01
2.113536e-01	-1.877185e-01
2.113792e-01	-1.834314e-01
2.114048e-01	-1.791817e-01
2.114304e-01	-1.747751e-01
2.114560e-01	-1.704256e-01
2.114816e-01	-1.660149e-01
2.115072e-01	-1.615660e-01
2.115328e-01	-1.570060e-01
2.115584e-01	-1.525058e-01
2.115840e-01	-1.479989e-01
2.116096e-01	-1.434204e-01
2.116352e-01	-1.388584e-01
2.116608e-01	-1.342795e-01
2.116864e-01	-1.296901e-01
2.117120e-01	-1.250603e-01
2.117376e-01	-1.202846e-01
2.117632e-01	-1.157640e-01
2.117888e-01	-1.110058e-01
2.118144e-01	-1.062622e-01
2.118400e-01	-1.014178e-01
2.118656e-01	-9.669802e-02
2.118912e-01	-9.199934e-02
2.119168e-01	-8.719730e-02
2.119424e-01	-8.251986e-02
2.119680e-01	-7.760829e-02
2.119936e-01	-7.286277e-02
2.120192e-01	-6.802664e-02
2.120448e-01	-6.329355e-02
2.120704e-01	-5.861160e-02
2.120960e-01	-5.364599e-02
2.121216e-01	-4.886828e-02
2.121472e-01	-4.390450e-02
2.121728e-01	-3.919704e-02
2.121984e-01	-3.446664e-02
2.122240e-01	-2.957805e-02
2.122496e-01	-2.488235e-02
2.122752e-01	-1.998129e-02
2.123008e-01	-1.516829e-02
2.123264e-01	-1.050921e-02
2.123520e-01	-5.646922e-03
2.123776e-01	-8.751685e-04
2.124032e-01	3.864912e-03
2.124288e-01	8.509300e-03
2.124544e-01	1.333699e-02
2.124800e-01	1.803567e-02
2.125056e-01	2.251779e-02
2.125312e-01	2.726607e-02
2.125568e-01	3.195148e-02
2.125824e-01	3.651822e-02
2.126080e-01	4.112441e-02
2.126336e-01	4.569367e-02
2.126592e-01	5.039917e-02
2.126848e-01	5.477310e-02
2.127104e-01	5.933591e-02
2.127360e-01	6.382007e-02
2.127616e-01	6.810462e-02
2.127872e-01	7.266151e-02
2.128128e-01	7.693805e-02
2.128384e-01	8.123089e-02
2.128640e-01	8.557191e-02
2.128896e-01	8.984860e-02
2.129152e-01	9.409884e-02
2.129408e-01	9.827419e-02
2.129664e-01	1.024751e-01
2.129920e-01	1.066244e-01
2.130176e-01	1.106704e-01
2.130432e-01	1.146995e-01
2.130688e-01	1.187557e-01
2.130944e-01	1.227120e-01
2.131200e-01	1.266569e-01
2.131456e-01	1.304002e-01
2.131712e-01	1.342001e-01
2.131968e-01	1.379796e-01
2.132224e-01	1.417593e-01
2.132480e-01	1.454130e-01
2.132736e-01	1.489851e-01
2.132992e-01	1.525844e-01
2.133248e-01	1.561142e-01
2.133504e-01	1.594785e-01
2.133760e-01	1.629200e-01
2.134016e-01	1.662924e-01
2.134272e-01	1.695448e-01
2.134528e-01	1.727688e-01
2.134784e-01	1.760512e-01
2.135040e-01	1.790879e-01
2.135296e-01	1.821483e-01
2.135552e-01	1.852347e-01
2.135808e-01	1.880787e-01
2.136064e-01	1.909761e-01
2.136320e-01	1.938462e-01
2.136576e-01	1.965574e-01
2.136832e-01	1.992090e-01
2.137088e-01	2.017397e-01
2.137344e-01	2.044408e-01
2.137600e-01	2.069181e-01
2.137856e-01	2.093824e-01
2.138112e-01	2.117972e-01
2.138368e-01	2.139909e-01
2.138624e-01	2.162788e-01
2.138880e-01	2.183952e-01
2.139136e-01	2.204712e-01
2.139392e-01	2.226218e-01
2.139648e-01	2.244252e-01
2.139904e-01	2.263406e-01
2.140160e-01	2.282516e-01
2.140416e-01	2.298532e-01
2.140672e-01	2.315229e-01
2.140928e-01	2.331101e-01
2.141184e-01	2.346029e-01
2.141440e-01	2.359731e-01
2.141696e-01	2.373354e-01
2.141952e-01	2.388079e-01
2.142208e-01	2.398978e-01
2.142464e-01	2.412008e-01
2.142720e-01	2.421675e-01
2.142976e-01	2.431577e-01
2.143232e-01	2.440384e-01
2.143488e-01	2.447622e-01
2.143744e-01	2.456698e-01
2.144000e-01	2.463519e-01
2.144256e-01	2.469287e-01
2.144512e-01	2.473616e-01
2.144768e-01	2.478808e-01
2.145024e-01	2.481998e-01
2.145280e-01	2.486148e-01
2.145536e-01	2.487905e-01
2.145792e-01	2.488855e-01
2.146048e-01	2.490467e-01
2.146304e-01	2.488855e-01
2.146560e-01	2.489361e-01
2.146816e-01	2.487067e-01
2.147072e-01	2.485098e-01
2.147328e-01	2.481705e-01
2.147584e-01	2.478087e-01
2.147840e-01	2.473089e-01
2.148096e-01	2.466744e-01
2.148352e-01	2.461282e-01
2.148608e-01	2.454005e-01
2.148864e-01	2.446259e-01
2.149120e-01	2.437939e-01
2.149376e-01	2.428286e-01
2.149632e-01	2.419076e-01
2.149888e-01	2.406922e-01
2.150144e-01	2.395194e-01
2.150400e-01	2.382544e-01
2.150656e-01	2.369485e-01
2.150912e-01	2.356791e-01
2.151168e-01	2.341269e-01
2.151424e-01	2.326329e-01
2.151680e-01	2.310478e-01
2.151936e-01	2.293135e-01
2.152192e-01	2.275862e-01
2.152448e-01	2.257384e-01
2.152704e-01	2.239205e-01
2.152960e-01	2.218400e-01
2.153216e-01	2.198031e-01
2.153472e-01	2.177228e-01
2.153728e-01	2.156046e-01
2.153984e-01	2.132910e-01
2.154240e-01	2.109402e-01
2.154496e-01	2.086468e-01
2.154752e-01	2.061246e-01
2.155008e-01	2.036979e-01
2.155264e-01	2.010014e-01
2.155520e-01	1.984501e-01
2.155776e-01	1.957359e-01
2.156032e-01	1.927695e-01
2.156288e-01	1.901742e-01
2.156544e-01	1.871023e-01
2.156800e-01	1.842417e-01
2.157056e-01	1.812390e-01
2.157312e-01	1.781161e-01
2.157568e-01	1.749902e-01
2.157824e-01	1.717523e-01
2.158080e-01	1.685144e-01
2.158336e-01	1.652555e-01
2.158592e-01	1.619803e-01
2.158848e-01	1.583597e-01
2.159104e-01	1.549711e-01
2.159360e-01	1.513276e-01
2.159616e-01	1.477626e-01
2.159872e-01	1.443338e-01
2.160128e-01	1.405817e-01
2.160384e-01	1.368265e-01
2.160640e-01	1.329700e-01
2.160896e-01	1.291253e-01
2.161152e-01	1.253432e-01
2.161408e-01	1.214056e-01
2.161664e-01	1.173725e-01
2.161920e-01	1.135474e-01
2.162176e-01	1.094251e-01
2.162432e-01	1.052924e-01
2.162688e-01	1.012332e-01
2.162944e-01	9.701379e-02
2.163200e-01	9.275968e-02
2.163456e-01	8.862052e-02
2.163712e-01	8.409619e-02
2.163968e-01	7.980880e-02
2.164224e-01	7.557533e-02
2.164480e-01	7.115973e-02
2.164736e-01	6.668428e-02
2.164992e-01	6.226965e-02
2.165248e-01	5.791704e-02
2.165504e-01	5.345712e-02
2.165760e-01	4.892000e-02
2.166016e-01	4.435473e-02
2.166272e-01	3.963943e-02
2.166528e-01	3.508606e-02
2.166784e-01	3.050042e-02
2.167040e-01	2.575249e-02
2.167296e-01	2.110635e-02
2.167552e-01	1.643240e-02
2.167808e-01	1.170071e-02
2.168064e-01	7.035389e-03
2.168320e-01	2.252977e-03
2.168576e-01	-2.457280e-03
2.168832e-01	-7.278769e-03
2.169088e-01	-1.188263e-02
2.169344e-01	-1.657763e-02
2.169600e-01	-2.158923e-02
2.169856e-01	-2.630999e-02
2.170112e-01	-3.112474e-02
2.170368e-01	-3.583344e-02
2.170624e-01	-4.070476e-02
2.170880e-01	-4.558277e-02
2.171136e-01	-5.023422e-02
2.171392e-01	-5.526453e-02
2.171648e-01	-5.999888e-02
2.171904e-01	-6.476851e-02
2.172160e-01	-6.951440e-02
2.172416e-01	-7.437329e-02
2.172672e-01	-7.913004e-02
2.172928e-01	-8.392592e-02
2.173184e-01	-8.872642e-02
2.173440e-01	-9.333251e-02
2.173696e-01	-9.818995e-02
2.173952e-01	-1.029703e-01
2.174208e-01	-1.075839e-01
2.174464e-01	-1.123623e-01
2.174720e-01	-1.170967e-01
2.174976e-01	-1.217790e-01
2.175232e-01	-1.264148e-01
2.175488e-01	-1.310542e-01
2.175744e-01	-1.357531e-01
2.176000e-01	-1.402400e-01
2.176256e-01	-1.447363e-01
2.176512e-01	-1.494722e-01
2.176768e-01	-1.539139e-01
2.177024e-01	-1.583474e-01
2.177280e-01	-1.628490e-01
2.177536e-01	-1.673083e-01
2.177792e-01	-1.716209e-01
2.178048e-01	-1.761040e-01
2.178304e-01	-1.803476e-01
2.178560e-01	-1.846993e-01
2.178816e-01	-1.890463e-01
2.179072e-01	-1.931832e-01
2.179328e-01	-1.974517e-01
2.179584e-01	-2.015465e-01
2.179840e-01	-2.056510e-01
2.180096e-01	-2.097809e-01
2.180352e-01	-2.138305e-01
2.180608e-01	-2.177849e-01
2.180864e-01	-2.217556e-01
2.181120e-01	-2.257900e-01
2.181376e-01	-2.295308e-01
2.181632e-01	-2.333610e-01
2.181888e-01	-2.371652e-01
2.182144e-01	-2.408989e-01
2.182400e-01	-2.445121e-01
2.182656e-01	-2.482295e-01
2.182912e-01	-2.517215e-01
2.183168e-01	-2.551518e-01
2.183424e-01	-2.587598e-01
2.183680e-01	-2.620980e-01
2.183936e-01	-2.654874e-01
2.184192e-01	-2.687213e-01
2.184448e-01	-2.720820e-01
2.184704e-01	-2.753566e-01
2.184960e-01	-2.782945e-01
2.185216e-01	-2.813522e-01
2.185472e-01	-2.843959e-01
2.185728e-01	-2.874037e-01
2.185984e-01	-2.902989e-01
2.186240e-01	-2.930574e-01
2.186496e-01	-2.957966e-01
2.186752e-01	-2.985309e-01
2.187008e-01	-3.009799e-01
2.187264e-01	-3.037867e-01
2.187520e-01	-3.061737e-01
2.187776e-01	-3.085082e-01
2.188032e-01	-3.110275e-01
2.188288e-01	-3.131743e-01
2.188544e-01	-3.154674e-01
2.188800e-01	-3.176973e-01
2.189056e-01	-3.197201e-01
2.189312e-01	-3.217430e-01
2.189568e-01	-3.236626e-01
2.189824e-01	-3.255859e-01
2.190080e-01	-3.274134e-01
2.190336e-01	-3.290581e-01
2.190592e-01	-3.308284e-01
2.190848e-01	-3.324971e-01
2.191104e-01	-3.339837e-01
2.191360e-01	-3.354416e-01
2.191616e-01	-3.367060e-01
2.191872e-01	-3.380878e-01
2.192128e-01	-3.392764e-01
2.192384e-01	-3.403675e-01
2.192640e-01	-3.415288e-01
2.192896e-01	-3.425490e-01
2.193152e-01	-3.433185e-01
2.193408e-01	-3.442188e-01
2.193664e-01	-3.449679e-01
2.193920e-01	-3.456537e-01
2.194176e-01	-3.462853e-01
2.194432e-01	-3.468818e-01
2.194688e-01	-3.472812e-01
2.194944e-01	-3.476556e-01
2.195200e-01	-3.479725e-01
2.195456e-01	-3.480960e-01
2.195712e-01	-3.483846e-01
2.195968e-01	-3.483985e-01
2.196224e-01	-3.484329e-01
2.196480e-01	-3.482585e-01
2.196736e-01	-3.481087e-01
2.196992e-01	-3.479499e-01
2.197248e-01	-3.475075e-01
2.197504e-01	-3.472297e-01
2.197760e-01	-3.466264e-01
2.198016e-01	-3.461788e-01
2.198272e-01	-3.455735e-01
2.198528e-01	-3.448171e-01
2.198784e-01	-3.440930e-01
2.199040e-01	-3.431263e-01
2.199296e-01	-3.422211e-01
2.199552e-01	-3.414175e-01
2.199808e-01	-3.402466e-01
2.200064e-01	-3.389618e-01
2.200320e-01	-3.378198e-01
2.200576e-01	-3.365040e-01
2.200832e-01	-3.350802e-01
2.201088e-01	-3.337290e-01
2.201344e-01	-3.321222e-01
2.201600e-01	-3.304709e-01
2.201856e-01	-3.288392e-01
2.202112e-01	-3.272256e-01
2.202368e-01	-3.252701e-01
2.202624e-01	-3.233793e-01
2.202880e-01	-3.214359e-01
2.203136e-01	-3.192878e-01
2.203392e-01	-3.172224e-01
2.203648e-01	-3.152076e-01
2.203904e-01	-3.128990e-01
2.204160e-01	-3.104989e-01
2.204416e-01	-3.081167e-01
2.204672e-01	-3.056838e-01
2.204928e-01	-3.032633e-01
2.205184e-01	-3.005802e-01
2.205440e-01	-2.980300e-01
2.205696e-01	-2.953578e-01
2.205952e-01	-2.925931e-01
2.206208e-01	-2.898301e-01
2.206464e-01	-2.867782e-01
2.206720e-01	-2.839006e-01
2.206976e-01	-2.808188e-01
2.207232e-01	-2.777410e-01
2.207488e-01	-2.746175e-01
2.207744e-01	-2.714886e-01
2.208000e-01	-2.682453e-01
2.208256e-01	-2.648116e-01
2.208512e-01	-2.615288e-01
2.208768e-01	-2.581301e-01
2.209024e-01	-2.545849e-01
2.209280e-01	-2.511061e-01
2.209536e-01	-2.474487e-01
2.209792e-01	-2.438864e-01
2.210048e-01	-2.402119e-01
2.210304e-01	-2.364004e-01
2.210560e-01	-2.326786e-01
2.210816e-01	-2.288409e-01
2.211072e-01	-2.248656e-01
2.211328e-01	-2.210678e-01
2.211584e-01	-2.169849e-01
2.211840e-01	-2.130243e-01
2.212096e-01	-2.090997e-01
2.212352e-01	-2.049107e-01
2.212608e-01	-2.008204e-01
2.212864e-01	-1.967258e-01
2.213120e-01	-1.924727e-01
2.213376e-01	-1.882397e-01
2.213632e-01	-1.839097e-01
2.213888e-01	-1.795525e-01
2.214144e-01	-1.752274e-01
2.214400e-01	-1.707755e-01
2.214656e-01	-1.663889e-01
2.214912e-01	-1.620298e-01
2.215168e-01	-1.575062e-01
2.215424e-01	-1.530738e-01
2.215680e-01	-1.484069e-01
2.215936e-01	-1.439434e-01
2.216192e-01	-1.393968e-01
2.216448e-01	-1.347244e-01
2.216704e-01	-1.301711e-01
2.216960e-01	-1.254157e-01
2.217216e-01	-1.208705e-01
2.217472e-01	-1.161480e-01
2.217728e-01	-1.113574e-01
2.217984e-01	-1.068420e-01
2.218240e-01	-1.019152e-01
2.218496e-01	-9.715435e-02
2.218752e-01	-9.252624e-02
2.219008e-01	-8.765719e-02
2.219264e-01	-8.278797e-02
2.219520e-01	-7.813766e-02
2.219776e-01	-7.335170e-02
2.220032e-01	-6.852476e-02
2.220288e-01	-6.380726e-02
2.220544e-01	-5.886722e-02
2.220800e-01	-5.411853e-02
2.221056e-01	-4.935247e-02
2.221312e-01	-4.448871e-02
2.221568e-01	-3.970071e-02
2.221824e-01	-3.486286e-02
2.222080e-01	-3.005955e-02
2.222336e-01	-2.523757e-02
2.222592e-01	-2.057509e-02
2.222848e-01	-1.573242e-02
2.223104e-01	-1.098512e-02
2.223360e-01	-6.225787e-03
2.223616e-01	-1.343957e-03
2.223872e-01	3.434132e-03
2.224128e-01	8.030364e-03
2.224384e-01	1.278858e-02
2.224640e-01	1.750139e-02
2.224896e-01	2.214063e-02
2.225152e-01	2.695905e-02
2.225408e-01	3.147200e-02
2.225664e-01	3.598928e-02
2.225920e-01	4.074854e-02
2.226176e-01	4.527419e-02
2.226432e-01	4.981319e-02
2.226688e-01	5.433796e-02
2.226944e-01	5.880656e-02
2.227200e-01	6.333870e-02
2.227456e-01	6.785379e-02
2.227712e-01	7.212936e-02
2.227968e-01	7.651921e-02
2.228224e-01	8.077952e-02
2.228480e-01	8.518244e-02
2.228736e-01	8.946038e-02
2.228992e-01	9.373101e-02
2.229248e-01	9.793393e-02
2.229504e-01	1.020277e-01
2.229760e-01	1.061913e-01
2.230016e-01	1.101894e-01
2.230272e-01	1.143013e-01
2.230528e-01	1.181878e-01
2.230784e-01	1.222655e-01
2.231040e-01	1.261960e-01
2.231296e-01	1.300786e-01
2.231552e-01	1.340228e-01
2.231808e-01	1.376169e-01
2.232064e-01	1.413760e-01
2.232320e-01	1.449817e-01
2.232576e-01	1.486619e-01
2.232832e-01	1.521626e-01
2.233088e-01	1.557096e-01
2.233344e-01	1.591236e-01
2.233600e-01	1.626884e-01
2.233856e-01	1.660320e-01
2.234112e-01	1.692995e-01
2.234368e-01	1.724959e-01
2.234624e-01	1.756423e-01
2.234880e-01	1.788998e-01
2.235136e-01	1.818246e-01
2.235392e-01	1.849637e-01
2.235648e-01	1.880054e-01
2.235904e-01	1.908028e-01
2.236160e-01	1.936366e-01
2.236416e-01	1.962743e-01
2.236672e-01	1.989388e-01
2.236928e-01	2.016501e-01
2.237184e-01	2.042321e-01
2.237440e-01	2.066743e-01
2.237696e-01	2.091221e-01
2.237952e-01	2.115142e-01
2.238208e-01	2.139241e-01
2.238464e-01	2.160041e-01
2.238720e-01	2.182225e-01
2.238976e-01	2.203376e-01
2.239232e-01	2.223226e-01
2.239488e-01	2.242951e-01
2.239744e-01	2.261703e-01
2.240000e-01	2.280420e-01
2.240256e-01	2.296885e-01
2.240512e-01	2.313353e-01
2.240768e-01	2.329324e-01
2.241024e-01	2.344715e-01
2.241280e-01	2.359585e-01
2.241536e-01	2.372652e-01
2.241792e-01	2.386601e-01
2.242048e-01	2.398688e-01
2.242304e-01	2.409970e-01
2.242560e-01	2.420367e-01
2.242816e-01	2.431061e-01
2.243072e-01	2.440529e-01
2.243328e-01	2.448153e-01
2.243584e-01	2.455533e-01
2.243840e-01	2.462693e-01
2.244096e-01	2.468751e-01
2.244352e-01	2.473879e-01
2.244608e-01	2.478901e-01
2.244864e-01	2.482608e-01
2.245120e-01	2.484758e-01
2.245376e-01	2.488445e-01
2.245632e-01	2.489047e-01
2.245888e-01	2.489797e-01
2.246144e-01	2.490292e-01
2.246400e-01	2.489918e-01
2.246656e-01	2.487779e-01
2.246912e-01	2.484645e-01
2.247168e-01	2.481362e-01
2.247424e-01	2.477861e-01
2.247680e-01	2.474222e-01
2.247936e-01	2.467695e-01
2.248192e-01	2.460783e-01
2.248448e-01	2.453867e-01
2.248704e-01	2.446366e-01
2.248960e-01	2.438867e-01
2.249216e-01	2.429092e-01
2.249472e-01	2.419343e-01
2.249728e-01	2.408618e-01
2.249984e-01	2.396100e-01
2.250240e-01	2.385238e-01
2.250496e-01	2.371094e-01
2.250752e-01	2.357494e-01
2.251008e-01	2.343350e-01
2.251264e-01	2.326862e-01
2.251520e-01	2.313085e-01
2.251776e-01	2.294402e-01
2.252032e-01	2.277423e-01
2.252288e-01	2.259588e-01
2.252544e-01	2.240149e-01
2.252800e-01	2.221613e-01
2.253056e-01	2.200903e-01
2.253312e-01	2.179210e-01
2.253568e-01	2.157820e-01
2.253824e-01	2.135661e-01
2.254080e-01	2.112484e-01
2.254336e-01	2.087944e-01
2.254592e-01	2.063217e-01
2.254848e-01	2.039230e-01
2.255104e-01	2.011740e-01
2.255360e-01	1.986590e-01
2.255616e-01	1.961009e-01
2.255872e-01	1.931386e-01
2.256128e-01	1.903711e-01
2.256384e-01	1.873529e-01
2.256640e-01	1.845693e-01
2.256896e-01	1.815237e-01
2.257152e-01	1.783984e-01
2.257408e-01	1.753806e-01
2.257664e-01	1.721319e-01
2.257920e-01	1.688463e-01
2.258176e-01	1.654686e-01
2.258432e-01	1.621953e-01
2.258688e-01	1.588702e-01
2.258944e-01	1.552713e-01
2.259200e-01	1.517580e-01
2.259456e-01	1.481958e-01
2.259712e-01	1.445881e-01
2.259968e-01	1.408738e-01
2.260224e-01	1.370993e-01
2.260480e-01	1.334053e-01
2.260736e-01	1.295579e-01
2.260992e-01	1.255892e-01
2.261248e-01	1.217564e-01
2.261504e-01	1.177487e-01
2.261760e-01	1.137352e-01
2.262016e-01	1.097537e-01
2.262272e-01	1.055950e-01
2.262528e-01	1.014228e-01
2.262784e-01	9.737436e-02
2.263040e-01	9.317525e-02
2.263296e-01	8.889566e-02
2.263552e-01	8.481893e-02
2.263808e-01	8.037617e-02
2.264064e-01	7.597033e-02
2.264320e-01	7.165226e-02
2.264576e-01	6.712232e-02
2.264832e-01	6.281114e-02
2.265088e-01	5.829177e-02
2.265344e-01	5.375110e-02
2.265600e-01	4.922053e-02
2.265856e-01	4.466870e-02
2.266112e-01	4.005194e-02
2.266368e-01	3.557598e-02
2.266624e-01	3.083863e-02
2.266880e-01	2.623289e-02
2.267136e-01	2.174249e-02
2.267392e-01	1.692269e-02
2.267648e-01	1.227207e-02
2.267904e-01	7.568120e-03
2.268160e-01	2.839930e-03
2.268416e-01	-1.929525e-03
2.268672e-01	-6.790115e-03
2.268928e-01	-1.146133e-02
2.269184e-01	-1.617080e-02
2.269440e-01	-2.102347e-02
2.269696e-01	-2.595892e-02
2.269952e-01	-3.060392e-02
2.270208e-01	-3.543234e-02
2.270464e-01	-4.029362e-02
2.270720e-01	-4.501163e-02
2.270976e-01	-4.983187e-02
2.271232e-01	-5.458743e-02
2.271488e-01	-5.942965e-02
2.271744e-01	-6.436508e-02
2.272000e-01	-6.905887e-02
2.272256e-01	-7.387844e-02
2.272512e-01	-7.869105e-02
2.272768e-01	-8.353681e-02
2.273024e-01	-8.826330e-02
2.273280e-01	-9.297032e-02
2.273536e-01	-9.780250e-02
2.273792e-01	-1.025006e-01
2.274048e-01	-1.071973e-01
2.274304e-01	-1.120031e-01
2.274560e-01	-1.166344e-01
2.274816e-01	-1.213770e-01
2.275072e-01	-1.259697e-01
2.275328e-01	-1.306052e-01
2.275584e-01	-1.353074e-01
2.275840e-01	-1.398861e-01
2.276096e-01	-1.444739e-01
2.276352e-01	-1.488914e-01
2.276608e-01	-1.534368e-01
2.276864e-01	-1.579882e-01
2.277120e-01	-1.624012e-01
2.277376e-01	-1.669151e-01
2.277632e-01	-1.712596e-01
2.277888e-01	-1.757084e-01
2.278144e-01	-1.799641e-01
2.278400e-01	-1.843619e-01
2.278656e-01	-1.886413e-01
2.278912e-01	-1.928572e-01
2.279168e-01	-1.969934e-01
2.279424e-01	-2.011540e-01
2.279680e-01	-2.053942e-01
2.279936e-01	-2.093729e-01
2.280192e-01	-2.133538e-01
2.280448e-01	-2.174422e-01
2.280704e-01	-2.214431e-01
2.280960e-01	-2.252792e-01
2.281216e-01	-2.291676e-01
2.281472e-01	-2.330447e-01
2.281728e-01	-2.367352e-01
2.281984e-01	-2.404643e-01
2.282240e-01	-2.441406e-01
2.282496e-01	-2.477449e-01
2.282752e-01	-2.513670e-01
2.283008e-01	-2.549440e-01
2.283264e-01	-2.584136e-01
2.283520e-01	-2.618148e-01
2.283776e-01	-2.651350e-01
2.284032e-01	-2.686245e-01
2.284288e-01	-2.716295e-01
2.284544e-01	-2.748663e-01
2.284800e-01	-2.779873e-01
2.285056e-01	-2.811111e-01
2.285312e-01	-2.841254e-01
2.285568e-01	-2.870569e-01
2.285824e-01	-2.899599e-01
2.286080e-01	-2.926466e-01
2.286336e-01	-2.955250e-01
2.286592e-01	-2.982210e-01
2.286848e-01	-3.010056e-01
2.287104e-01	-3.033745e-01
2.287360e-01	-3.059499e-01
2.287616e-01	-3.084213e-01
2.287872e-01	-3.107264e-01
2.288128e-01	-3.131564e-01
2.288384e-01	-3.151774e-01
2.288640e-01	-3.175422e-01
2.288896e-01	-3.195605e-01
2.289152e-01	-3.215747e-01
2.289408e-01	-3.235617e-01
2.289664e-01	-3.254721e-01
2.289920e-01	-3.272595e-01
2.290176e-01	-3.289365e-01
2.290432e-01	-3.307522e-01
2.290688e-01	-3.322319e-01
2.290944e-01	-3.336849e-01
2.291200e-01	-3.353834e-01
2.291456e-01	-3.366323e-01
2.291712e-01	-3.379197e-01
2.291968e-01	-3.392283e-01
2.292224e-01	-3.402392e-01
2.292480e-01	-3.413771e-01
2.292736e-01	-3.423455e-01
2.292992e-01	-3.432268e-01
2.293248e-01	-3.441369e-01
2.293504e-01	-3.448638e-01
2.293760e-01	-3.456016e-01
2.294016e-01	-3.461831e-01
2.294272e-01	-3.467614e-01
2.294528e-01	-3.472754e-01
2.294784e-01	-3.476432e-01
2.295040e-01	-3.478773e-01
2.295296e-01	-3.481500e-01
2.295552e-01	-3.483259e-01
2.295808e-01	-3.483410e-01
2.296064e-01	-3.483163e-01
2.296320e-01	-3.482966e-01
2.296576e-01	-3.481350e-01
2.296832e-01	-3.479280e-01
2.297088e-01	-3.475921e-01
2.297344e-01	-3.471544e-01
2.297600e-01	-3.467236e-01
2.297856e-01	-3.461253e-01
2.298112e-01	-3.455425e-01
2.298368e-01	-3.449847e-01
2.298624e-01	-3.441488e-01
2.298880e-01	-3.433433e-01
2.299136e-01	-3.423576e-01
2.299392e-01	-3.413031e-01
2.299648e-01	-3.402463e-01
2.299904e-01	-3.391331e-01
2.300160e-01	-3.378808e-01
2.300416e-01	-3.366273e-01
2.300672e-01	-3.351670e-01
2.300928e-01	-3.337822e-01
2.301184e-01	-3.322166e-01
2.301440e-01	-3.306179e-01
2.301696e-01	-3.290163e-01
2.301952e-01	-3.271215e-01
2.302208e-01	-3.254909e-01
2.302464e-01	-3.236157e-01
2.302720e-01	-3.215749e-01
2.302976e-01	-3.196020e-01
2.303232e-01	-3.175021e-01
2.303488e-01	-3.153445e-01
2.303744e-01	-3.130450e-01
2.304000e-01	-3.107816e-01
2.304256e-01	-3.083519e-01
2.304512e-01	-3.059823e-01
2.304768e-01	-3.034731e-01
2.305024e-01	-3.008311e-01
2.305280e-01	-2.983133e-01
2.305536e-01	-2.955934e-01
2.305792e-01	-2.926838e-01
2.306048e-01	-2.899531e-01
2.306304e-01	-2.870199e-01
2.306560e-01	-2.840213e-01
2.306816e-01	-2.811970e-01
2.307072e-01	-2.780351e-01
2.307328e-01	-2.749070e-01
2.307584e-01	-2.717522e-01
2.307840e-01	-2.684888e-01
2.308096e-01	-2.652163e-01
2.308352e-01	-2.617970e-01
2.308608e-01	-2.584262e-01
2.308864e-01	-2.549261e-01
2.309120e-01	-2.513929e-01
2.309376e-01	-2.477508e-01
2.309632e-01	-2.441899e-01
2.309888e-01	-2.403567e-01
2.310144e-01	-2.368743e-01
2.310400e-01	-2.330046e-01
2.310656e-01	-2.290635e-01
2.310912e-01	-2.253556e-01
2.311168e-01	-2.213026e-01
2.311424e-01	-2.174586e-01
2.311680e-01	-2.134195e-01
2.311936e-01	-2.094243e-01
2.312192e-01	-2.052458e-01
2.312448e-01	-2.011128e-01
2.312704e-01	-1.970911e-01
2.312960e-01	-1.927404e-01
2.313216e-01	-1.886469e-01
2.313472e-01	-1.842380e-01
2.313728e-01	-1.799341e-01
2.313984e-01	-1.756308e-01
2.314240e-01	-1.712903e-01
2.314496e-01	-1.668849e-01
2.314752e-01	-1.623703e-01
2.315008e-01	-1.579592e-01
2.315264e-01	-1.533959e-01
2.315520e-01	-1.488783e-01
2.315776e-01	-1.442830e-01
2.316032e-01	-1.396881e-01
2.316288e-01	-1.352025e-01
2.316544e-01	-1.304568e-01
2.316800e-01	-1.258832e-01
2.317056e-01	-1.212462e-01
2.317312e-01	-1.165743e-01
2.317568e-01	-1.118475e-01
2.317824e-01	-1.070539e-01
2.318080e-01	-1.023730e-01
2.318336e-01	-9.764014e-02
2.318592e-01	-9.291571e-02
2.318848e-01	-8.817260e-02
2.319104e-01	-8.326040e-02
2.319360e-01	-7.861014e-02
2.319616e-01	-7.378270e-02
2.319872e-01	-6.886669e-02
2.320128e-01	-6.420109e-02
2.320384e-01	-5.937371e-02
2.320640e-01	-5.453614e-02
2.320896e-01	-4.978977e-02
2.321152e-01	-4.490940e-02
2.321408e-01	-4.010661e-02
2.321664e-01	-3.532656e-02
2.321920e-01	-3.050766e-02
2.322176e-01	-2.557733e-02
2.322432e-01	-2.089444e-02
2.322688e-01	-1.615294e-02
2.322944e-01	-1.133640e-02
2.323200e-01	-6.497805e-03
2.323456e-01	-1.768210e-03
2.323712e-01	2.824083e-03
2.323968e-01	7.676561e-03
2.324224e-01	1.243829e-02
2.324480e-01	1.702381e-02
2.324736e-01	2.176599e-02
2.324992e-01	2.651138e-02
2.325248e-01	3.100582e-02
2.325504e-01	3.565348e-02
2.325760e-01	4.043697e-02
2.326016e-01	4.476570e-02
2.326272e-01	4.937355e-02
2.326528e-01	5.388874e-02
2.326784e-01	5.838994e-02
2.327040e-01	6.294218e-02
2.327296e-01	6.731397e-02
2.327552e-01	7.171728e-02
2.327808e-01	7.612775e-02
2.328064e-01	8.047497e-02
2.328320e-01	8.479847e-02
2.328576e-01	8.904967e-02
2.328832e-01	9.328473e-02
2.329088e-01	9.747954e-02
2.329344e-01	1.017435e-01
2.329600e-01	1.057879e-01
2.329856e-01	1.098991e-01
2.330112e-01	1.140618e-01
2.330368e-01	1.179583e-01
2.330624e-01	1.219079e-01
2.330880e-01	1.259414e-01
2.331136e-01	1.296147e-01
2.331392e-01	1.335026e-01
2.331648e-01	1.373059e-01
2.331904e-01	1.409403e-01
2.332160e-01	1.447356e-01
2.332416e-01	1.483233e-01
2.332672e-01	1.519463e-01
2.332928e-01	1.554241e-01
2.333184e-01	1.588284e-01
2.333440e-01	1.624529e-01
2.333696e-01	1.656838e-01
2.333952e-01	1.690270e-01
2.334208e-01	1.722425e-01
2.334464e-01	1.754670e-01
2.334720e-01	1.784756e-01
2.334976e-01	1.815123e-01
2.335232e-01	1.847028e-01
2.335488e-01	1.875838e-01
2.335744e-01	1.906027e-01
2.336000e-01	1.934276e-01
2.336256e-01	1.961315e-01
2.336512e-01	1.988309e-01
2.336768e-01	2.014348e-01
2.337024e-01	2.039959e-01
2.337280e-01	2.064201e-01
2.337536e-01	2.090448e-01
2.337792e-01	2.112925e-01
2.338048e-01	2.135464e-01
2.338304e-01	2.159051e-01
2.338560e-01	2.180928e-01
2.338816e-01	2.200261e-01
2.339072e-01	2.221241e-01
2.339328e-01	2.241506e-01
2.339584e-01	2.260260e-01
2.339840e-01	2.278222e-01
2.340096e-01	2.295447e-01
2.340352e-01	2.312912e-01
2.340608e-01	2.329012e-01
2.340864e-01	2.343387e-01
2.341120e-01	2.358477e-01
2.341376e-01	2.371828e-01
2.341632e-01	2.385336e-01
2.341888e-01	2.397827e-01
2.342144e-01	2.408874e-01
2.342400e-01	2.419789e-01
2.342656e-01	2.430031e-01
2.342912e-01	2.439370e-01
2.343168e-01	2.446982e-01
2.343424e-01	2.454733e-01
2.343680e-01	2.461381e-01
2.343936e-01	2.467618e-01
2.344192e-01	2.473574e-01
2.344448e-01	2.477169e-01
2.344704e-01	2.482783e-01
2.344960e-01	2.485635e-01
2.345216e-01	2.487240e-01
2.345472e-01	2.489149e-01
2.345728e-01	2.490588e-01
2.345984e-01	2.490306e-01
2.346240e-01	2.489933e-01
2.346496e-01	2.488828e-01
2.346752e-01	2.485414e-01
2.347008e-01	2.482939e-01
2.347264e-01	2.478210e-01
2.347520e-01	2.473585e-01
2.347776e-01	2.469491e-01
2.348032e-01	2.462076e-01
2.348288e-01	2.455050e-01
2.348544e-01	2.447679e-01
2.348800e-01	2.439258e-01
2.349056e-01	2.429453e-01
2.349312e-01	2.420038e-01
2.349568e-01	2.409241e-01
2.349824e-01	2.398435e-01
2.350080e-01	2.385776e-01
2.350336e-01	2.372446e-01
2.350592e-01	2.359249e-01
2.350848e-01	2.345092e-01
2.351104e-01	2.328699e-01
2.351360e-01	2.312495e-01
2.351616e-01	2.296369e-01
2.351872e-01	2.279421e-01
2.352128e-01	2.261366e-01
2.352384e-01	2.241354e-01
2.352640e-01	2.221942e-01
2.352896e-01	2.202369e-01
2.353152e-01	2.181350e-01
2.353408e-01	2.160093e-01
2.353664e-01	2.136830e-01
2.353920e-01	2.114234e-01
2.354176e-01	2.091596e-01
2.354432e-01	2.065741e-01
2.354688e-01	2.040910e-01
2.354944e-01	2.016436e-01
2.355200e-01	1.990934e-01
2.355456e-01	1.963521e-01
2.355712e-01	1.934837e-01
2.355968e-01	1.907471e-01
2.356224e-01	1.877332e-01
2.356480e-01	1.847619e-01
2.356736e-01	1.818191e-01
2.356992e-01	1.787906e-01
2.357248e-01	1.755958e-01
2.357504e-01	1.723645e-01
2.357760e-01	1.692079e-01
2.358016e-01	1.659105e-01
2.358272e-01	1.625605e-01
2.358528e-01	1.591290e-01
2.358784e-01	1.556629e-01
2.359040e-01	1.522319e-01
2.359296e-01	1.485669e-01
2.359552e-01	1.450223e-01
2.359808e-01	1.412848e-01
2.360064e-01	1.375548e-01
2.360320e-01	1.338454e-01
2.360576e-01	1.299192e-01
2.360832e-01	1.260158e-01
2.361088e-01	1.221226e-01
2.361344e-01	1.182915e-01
2.361600e-01	1.142345e-01
2.361856e-01	1.100694e-01
2.362112e-01	1.060635e-01
2.362368e-01	1.019453e-01
2.362624e-01	9.783271e-02
2.362880e-01	9.359065e-02
2.363136e-01	8.937185e-02
2.363392e-01	8.512031e-02
2.363648e-01	8.078841e-02
2.363904e-01	7.639264e-02
2.364160e-01	7.213806e-02
2.364416e-01	6.767976e-02
2.364672e-01	6.332008e-02
2.364928e-01	5.870910e-02
2.365184e-01	5.424039e-02
2.365440e-01	4.974983e-02
2.365696e-01	4.512554e-02
2.365952e-01	4.062599e-02
2.366208e-01	3.601085e-02
2.366464e-01	3.144281e-02
2.366720e-01	2.672932e-02
2.366976e-01	2.209438e-02
2.367232e-01	1.731637e-02
2.367488e-01	1.261981e-02
2.367744e-01	7.965251e-03
2.368000e-01	3.312223e-03
2.368256e-01	-1.381167e-03
2.368512e-01	-6.290989e-03
2.368768e-01	-1.091566e-02
2.369024e-01	-1.569764e-02
2.369280e-01	-2.057425e-02
2.369536e-01	-2.533129e-02
2.369792e-01	-3.008885e-02
2.370048e-01	-3.499198e-02
2.370304e-01	-3.981239e-02
2.370560e-01	-4.457724e-02
2.370816e-01	-4.935634e-02
2.371072e-01	-5.419251e-02
2.371328e-01	-5.891924e-02
2.371584e-01	-6.374357e-02
2.371840e-01	-6.864560e-02
2.372096e-01	-7.346161e-02
2.372352e-01	-7.823645e-02
2.372608e-01	-8.295095e-02
2.372864e-01	-8.778343e-02
2.373120e-01	-9.263752e-02
2.373376e-01	-9.718928e-02
2.373632e-01	-1.020236e-01
2.373888e-01	-1.067431e-01
2.374144e-01	-1.114239e-01
2.374400e-01	-1.163113e-01
2.374656e-01	-1.208250e-01
2.374912e-01	-1.254533e-01
2.375168e-01	-1.302309e-01
2.375424e-01	-1.348272e-01
2.375680e-01	-1.394239e-01
2.375936e-01	-1.438905e-01
2.376192e-01	-1.485794e-01
2.376448e-01	-1.530440e-01
2.376704e-01	-1.575462e-01
2.376960e-01	-1.619872e-01
2.377216e-01	-1.664731e-01
2.377472e-01	-1.708618e-01
2.377728e-01	-1.751417e-01
2.377984e-01	-1.794988e-01
2.378240e-01	-1.838196e-01
2.378496e-01	-1.882110e-01
2.378752e-01	-1.924815e-01
2.379008e-01	-1.965104e-01
2.379264e-01	-2.007370e-01
2.379520e-01	-2.050134e-01
2.379776e-01	-2.090864e-01
2.380032e-01	-2.130836e-01
2.380288e-01	-2.170737e-01
2.380544e-01	-2.209424e-01
2.380800e-01	-2.249708e-01
2.381056e-01	-2.289494e-01
2.381312e-01	-2.325485e-01
2.381568e-01	-2.364258e-01
2.381824e-01	-2.401772e-01
2.382080e-01	-2.438001e-01
2.382336e-01	-2.474828e-01
2.382592e-01	-2.509610e-01
2.382848e-01	-2.546713e-01
2.383104e-01	-2.580172e-01
2.383360e-01	-2.615572e-01
2.383616e-01	-2.648514e-01
2.383872e-01	-2.681130e-01
2.384128e-01	-2.714723e-01
2.384384e-01	-2.745515e-01
2.384640e-01	-2.777061e-01
2.384896e-01	-2.808418e-01
2.385152e-01	-2.838953e-01
2.385408e-01	-2.867258e-01
2.385664e-01	-2.896716e-01
2.385920e-01	-2.926882e-01
2.386176e-01	-2.952796e-01
2.386432e-01	-2.979419e-01
2.386688e-01	-3.006317e-01
2.386944e-01	-3.032584e-01
2.387200e-01	-3.057661e-01
2.387456e-01	-3.081929e-01
2.387712e-01	-3.104621e-01
2.387968e-01	-3.127961e-01
2.388224e-01	-3.151538e-01
2.388480e-01	-3.172724e-01
2.388736e-01	-3.193265e-01
2.388992e-01	-3.214861e-01
2.389248e-01	-3.233497e-01
2.389504e-01	-3.252327e-01
2.389760e-01	-3.270184e-01
2.390016e-01	-3.287499e-01
2.390272e-01	-3.305507e-01
2.390528e-01	-3.321522e-01
2.390784e-01	-3.336917e-01
2.391040e-01	-3.352268e-01
2.391296e-01	-3.364911e-01
2.391552e-01	-3.376855e-01
2.391808e-01	-3.389844e-01
2.392064e-01	-3.402752e-01
2.392320e-01	-3.412278e-01
2.392576e-01	-3.423780e-01
2.392832e-01	-3.432466e-01
2.393088e-01	-3.439173e-01
2.393344e-01	-3.449434e-01
2.393600e-01	-3.455837e-01
2.393856e-01	-3.461441e-01
2.394112e-01	-3.467138e-01
2.394368e-01	-3.472199e-01
2.394624e-01	-3.475341e-01
2.394880e-01	-3.478225e-01
2.395136e-01	-3.481359e-01
2.395392e-01	-3.483003e-01
2.395648e-01	-3.483688e-01
2.395904e-01	-3.483542e-01
2.396160e-01	-3.482750e-01
2.396416e-01	-3.481359e-01
2.396672e-01	-3.479480e-01
2.396928e-01	-3.476174e-01
2.397184e-01	-3.473904e-01
2.397440e-01	-3.467453e-01
2.397696e-01	-3.462609e-01
2.397952e-01	-3.456753e-01
2.398208e-01	-3.449028e-01
2.398464e-01	-3.442357e-01
2.398720e-01	-3.434044e-01
2.398976e-01	-3.423773e-01
2.399232e-01	-3.414459e-01
2.399488e-01	-3.404034e-01
2.399744e-01	-3.392903e-01
2.400000e-01	-3.381017e-01
2.400256e-01	-3.367088e-01
2.400512e-01	-3.353692e-01
2.400768e-01	-3.340083e-01
2.401024e-01	-3.323992e-01
2.401280e-01	-3.308999e-01
2.401536e-01	-3.292848e-01
2.401792e-01	-3.273705e-01
2.402048e-01	-3.255806e-01
2.402304e-01	-3.238192e-01
2.402560e-01	-3.217879e-01
2.402816e-01	-3.196946e-01
2.403072e-01	-3.176997e-01
2.403328e-01	-3.155465e-01
2.403584e-01	-3.132488e-01
2.403840e-01	-3.109739e-01
2.404096e-01	-3.086261e-01
2.404352e-01	-3.062741e-01
2.404608e-01	-3.036067e-01
2.404864e-01	-3.010559e-01
2.405120e-01	-2.984984e-01
2.405376e-01	-2.958077e-01
2.405632e-01	-2.930217e-01
2.405888e-01	-2.902569e-01
2.406144e-01	-2.873127e-01
2.406400e-01	-2.843812e-01
2.406656e-01	-2.814308e-01
2.406912e-01	-2.784453e-01
2.407168e-01	-2.751787e-01
2.407424e-01	-2.719365e-01
2.407680e-01	-2.688430e-01
2.407936e-01	-2.654574e-01
2.408192e-01	-2.621091e-01
2.408448e-01	-2.587022e-01
2.408704e-01	-2.551764e-01
2.408960e-01	-2.517675e-01
2.409216e-01	-2.481511e-01
2.409472e-01	-2.444867e-01
2.409728e-01	-2.408213e-01
2.409984e-01	-2.371981e-01
2.410240e-01	-2.334364e-01
2.410496e-01	-2.294877e-01
2.410752e-01	-2.255823e-01
2.411008e-01	-2.218518e-01
2.411264e-01	-2.178530e-01
2.411520e-01	-2.137770e-01
2.411776e-01	-2.097004e-01
2.412032e-01	-2.056921e-01
2.412288e-01	-2.015136e-01
2.412544e-01	-1.973772e-01
2.412800e-01	-1.931808e-01
2.413056e-01	-1.889154e-01
2.413312e-01	-1.847395e-01
2.413568e-01	-1.803053e-01
2.413824e-01	-1.760457e-01
2.414080e-01	-1.717442e-01
2.414336e-01	-1.672381e-01
2.414592e-01	-1.627868e-01
2.414848e-01	-1.584733e-01
2.415104e-01	-1.539657e-01
2.415360e-01	-1.492923e-01
2.415616e-01	-1.448697e-01
2.415872e-01	-1.401783e-01
2.416128e-01	-1.356243e-01
2.416384e-01	-1.310416e-01
2.416640e-01	-1.263508e-01
2.416896e-01	-1.217123e-01
2.417152e-01	-1.170844e-01
2.417408e-01	-1.123114e-01
2.417664e-01	-1.075489e-01
2.417920e-01	-1.028309e-01
2.418176e-01	-9.819777e-02
2.418432e-01	-9.342952e-02
2.418688e-01	-8.860468e-02
2.418944e-01	-8.386779e-02
2.419200e-01	-7.904642e-02
2.419456e-01	-7.418896e-02
2.419712e-01	-6.948283e-02
2.419968e-01	-6.460904e-02
2.420224e-01	-5.979014e-02
2.420480e-01	-5.507991e-02
2.420736e-01	-5.020722e-02
2.420992e-01	-4.540722e-02
2.421248e-01	-4.061960e-02
2.421504e-01	-3.573029e-02
2.421760e-01	-3.093280e-02
2.422016e-01	-2.623655e-02
2.422272e-01	-2.147324e-02
2.422528e-01	-1.660529e-02
2.422784e-01	-1.187425e-02
2.423040e-01	-7.104463e-03
2.423296e-01	-2.334543e-03
2.423552e-01	2.487639e-03
2.423808e-01	7.086801e-03
2.424064e-01	1.192567e-02
2.424320e-01	1.667764e-02
2.424576e-01	2.134611e-02
2.424832e-01	2.601701e-02
2.425088e-01	3.061465e-02
2.425344e-01	3.522287e-02
2.425600e-01	3.977460e-02
2.425856e-01	4.444387e-02
2.426112e-01	4.899215e-02
2.426368e-01	5.347997e-02
2.426624e-01	5.804884e-02
2.426880e-01	6.246336e-02
2.427136e-01	6.689943e-02
2.427392e-01	7.131407e-02
2.427648e-01	7.579099e-02
2.427904e-01	7.995483e-02
2.428160e-01	8.432595e-02
2.428416e-01	8.873627e-02
2.428672e-01	9.293864e-02
2.428928e-01	9.711839e-02
2.429184e-01	1.012932e-01
2.429440e-01	1.053559e-01
2.429696e-01	1.095703e-01
2.429952e-01	1.136122e-01
2.430208e-01	1.176631e-01
2.430464e-01	1.215726e-01
2.430720e-01	1.255113e-01
2.430976e-01	1.294543e-01
2.431232e-01	1.331105e-01
2.431488e-01	1.369790e-01
2.431744e-01	1.406244e-01
2.432000e-01	1.443601e-01
2.432256e-01	1.480998e-01
2.432512e-01	1.515615e-01
2.432768e-01	1.551870e-01
2.433024e-01	1.585657e-01
2.433280e-01	1.620309e-01
2.433536e-01	1.654008e-01
2.433792e-01	1.686241e-01
2.434048e-01	1.719690e-01
2.434304e-01	1.750900e-01
2.434560e-01	1.782952e-01
2.434816e-01	1.814635e-01
2.435072e-01	1.842975e-01
2.435328e-01	1.872871e-01
2.435584e-01	1.902598e-01
2.435840e-01	1.929694e-01
2.436096e-01	1.957279e-01
2.436352e-01	1.986276e-01
2.436608e-01	2.010565e-01
2.436864e-01	2.037160e-01
2.437120e-01	2.061535e-01
2.437376e-01	2.086409e-01
2.437632e-01	2.111409e-01
2.437888e-01	2.134390e-01
2.438144e-01	2.156089e-01
2.438400e-01	2.178309e-01
2.438656e-01	2.199875e-01
2.438912e-01	2.219012e-01
2.439168e-01	2.239670e-01
2.439424e-01	2.258177e-01
2.439680e-01	2.276145e-01
2.439936e-01	2.293464e-01
2.440192e-01	2.311751e-01
2.440448e-01	2.327428e-01
2.440704e-01	2.342114e-01
2.440960e-01	2.357227e-01
2.441216e-01	2.370918e-01
2.441472e-01	2.384218e-01
2.441728e-01	2.395656e-01
2.441984e-01	2.408945e-01
2.442240e-01	2.418066e-01
2.442496e-01	2.429135e-01
2.442752e-01	2.438754e-01
2.443008e-01	2.446270e-01
2.443264e-01	2.453768e-01
2.443520e-01	2.460807e-01
2.443776e-01	2.467422e-01
2.444032e-01	2.472126e-01
2.444288e-01	2.477819e-01
2.444544e-01	2.482416e-01
2.444800e-01	2.484692e-01
2.445056e-01	2.487772e-01
2.445312e-01	2.489351e-01
2.445568e-01	2.489786e-01
2.445824e-01	2.489802e-01
2.446080e-01	2.489781e-01
2.446336e-01	2.486872e-01
2.446592e-01	2.484521e-01
2.446848e-01	2.482384e-01
2.447104e-01	2.478012e-01
2.447360e-01	2.473450e-01
2.447616e-01	2.468196e-01
2.447872e-01	2.462293e-01
2.448128e-01	2.456740e-01
2.448384e-01	2.449111e-01
2.448640e-01	2.440951e-01
2.448896e-01	2.431134e-01
2.449152e-01	2.420797e-01
2.449408e-01	2.410515e-01
2.449664e-01	2.400039e-01
2.449920e-01	2.387293e-01
2.450176e-01	2.373299e-01
2.450432e-01	2.360051e-01
2.450688e-01	2.345779e-01
2.450944e-01	2.330617e-01
2.451200e-01	2.314541e-01
2.451456e-01	2.298314e-01
2.451712e-01	2.280291e-01
2.451968e-01	2.262322e-01
2.452224e-01	2.244855e-01
2.452480e-01	2.224456e-01
2.452736e-01	2.204446e-01
2.452992e-01	2.183886e-01
2.453248e-01	2.162960e-01
2.453504e-01	2.139415e-01
2.453760e-01	2.116128e-01
2.454016e-01	2.092644e-01
2.454272e-01	2.069365e-01
2.454528e-01	2.044067e-01
2.454784e-01	2.017722e-01
2.455040e-01	1.992447e-01
2.455296e-01	1.964645e-01
2.455552e-01	1.937188e-01
2.455808e-01	1.909518e-01
2.456064e-01	1.879533e-01
2.456320e-01	1.851058e-01
2.456576e-01	1.821369e-01
2.456832e-01	1.790533e-01
2.457088e-01	1.759740e-01
2.457344e-01	1.727627e-01
2.457600e-01	1.694817e-01
2.457856e-01	1.662030e-01
2.458112e-01	1.628988e-01
2.458368e-01	1.595187e-01
2.458624e-01	1.559270e-01
2.458880e-01	1.524753e-01
2.459136e-01	1.489491e-01
2.459392e-01	1.452772e-01
2.459648e-01	1.416208e-01
2.459904e-01	1.378379e-01
2.460160e-01	1.340223e-01
2.460416e-01	1.302201e-01
2.460672e-01	1.264505e-01
2.460928e-01	1.225638e-01
2.461184e-01	1.184904e-01
2.461440e-01	1.145820e-01
2.461696e-01	1.105545e-01
2.461952e-01	1.064328e-01
2.462208e-01	1.022592e-01
2.462464e-01	9.816478e-02
2.462720e-01	9.399372e-02
2.462976e-01	8.967108e-02
2.463232e-01	8.549779e-02
2.463488e-01	8.113979e-02
2.463744e-01	7.679790e-02
2.464000e-01	7.247517e-02
2.464256e-01	6.791782e-02
2.464512e-01	6.361068e-02
2.464768e-01	5.906150e-02
2.465024e-01	5.454616e-02
2.465280e-01	5.014502e-02
2.465536e-01	4.556811e-02
2.465792e-01	4.083347e-02
2.466048e-01	3.638801e-02
2.466304e-01	3.186060e-02
2.466560e-01	2.714844e-02
2.466816e-01	2.245097e-02
2.467072e-01	1.777933e-02
2.467328e-01	1.326158e-02
2.467584e-01	8.444889e-03
2.467840e-01	3.587090e-03
2.468096e-01	-9.732908e-04
2.468352e-01	-5.750785e-03
2.468608e-01	-1.047837e-02
2.468864e-01	-1.534607e-02
2.469120e-01	-2.014559e-02
2.469376e-01	-2.482704e-02
2.469632e-01	-2.973889e-02
2.469888e-01	-3.446754e-02
2.470144e-01	-3.923915e-02
2.470400e-01	-4.418551e-02
2.470656e-01	-4.893129e-02
2.470912e-01	-5.373628e-02
2.471168e-01	-5.847876e-02
2.471424e-01	-6.339455e-02
2.471680e-01	-6.819098e-02
2.471936e-01	-7.290865e-02
2.472192e-01	-7.770143e-02
2.472448e-01	-8.265480e-02
2.472704e-01	-8.736495e-02
2.472960e-01	-9.203902e-02
2.473216e-01	-9.685075e-02
2.473472e-01	-1.015647e-01
2.473728e-01	-1.063511e-01
2.473984e-01	-1.110443e-01
2.474240e-01	-1.156264e-01
2.474496e-01	-1.204581e-01
2.474752e-01	-1.250379e-01
2.475008e-01	-1.297176e-01
2.475264e-01	-1.343338e-01
2.475520e-01	-1.388780e-01
2.475776e-01	-1.436373e-01
2.476032e-01	-1.479910e-01
2.476288e-01	-1.524821e-01
2.476544e-01	-1.570975e-01
2.476800e-01	-1.615316e-01
2.477056e-01	-1.659893e-01
2.477312e-01	-1.702494e-01
2.477568e-01	-1.746287e-01
2.477824e-01	-1.790991e-01
2.478080e-01	-1.834878e-01
2.478336e-01	-1.877062e-01
2.478592e-01	-1.919280e-01
2.478848e-01	-1.962256e-01
2.479104e-01	-2.004075e-01
2.479360e-01	-2.044283e-01
2.479616e-01	-2.086048e-01
2.479872e-01	-2.126017e-01
2.480128e-01	-2.167220e-01
2.480384e-01	-2.205724e-01
2.480640e-01	-2.245809e-01
2.480896e-01	-2.284294e-01
2.481152e-01	-2.321440e-01
2.481408e-01	-2.360099e-01
2.481664e-01	-2.397515e-01
2.481920e-01	-2.435537e-01
2.482176e-01	-2.470870e-01
2.482432e-01	-2.506486e-01
2.482688e-01	-2.542152e-01
2.482944e-01	-2.576410e-01
2.483200e-01	-2.610971e-01
2.483456e-01	-2.644624e-01
2.483712e-01	-2.677774e-01
2.483968e-01	-2.710171e-01
2.484224e-01	-2.742855e-01
2.484480e-01	-2.772606e-01
2.484736e-01	-2.804945e-01
2.484992e-01	-2.835890e-01
2.485248e-01	-2.864265e-01
2.485504e-01	-2.894709e-01
2.485760e-01	-2.922440e-01
2.486016e-01	-2.949370e-01
2.486272e-01	-2.977701e-01
2.486528e-01	-3.002725e-01
2.486784e-01	-3.028957e-01
2.487040e-01	-3.054610e-01
2.487296e-01	-3.078462e-01
2.487552e-01	-3.102924e-01
2.487808e-01	-3.125285e-01
2.488064e-01	-3.148348e-01
2.488320e-01	-3.170076e-01
2.488576e-01	-3.191089e-01
2.488832e-01	-3.212175e-01
2.489088e-01	-3.231645e-01
2.489344e-01	-3.251165e-01
2.489600e-01	-3.268832e-01
2.489856e-01	-3.287030e-01
2.490112e-01	-3.303224e-01
2.490368e-01	-3.318826e-01
2.490624e-01	-3.334576e-01
2.490880e-01	-3.349018e-01
2.491136e-01	-3.362482e-01
2.491392e-01	-3.376555e-01
2.491648e-01	-3.388999e-01
2.491904e-01	-3.400379e-01
2.492160e-01	-3.411152e-01
2.492416e-01	-3.421402e-01
2.492672e-01	-3.430506e-01
2.492928e-01	-3.439400e-01
2.493184e-01	-3.447491e-01
2.493440e-01	-3.453843e-01
2.493696e-01	-3.461133e-01
2.493952e-01	-3.466216e-01
2.494208e-01	-3.471127e-01
2.494464e-01	-3.474887e-01
2.494720e-01	-3.477214e-01
2.494976e-01	-3.480161e-01
2.495232e-01	-3.482247e-01
2.495488e-01	-3.483609e-01
2.495744e-01	-3.483446e-01
2.496000e-01	-3.482811e-01
2.496256e-01	-3.480799e-01
2.496512e-01	-3.479925e-01
2.496768e-01	-3.476768e-01
2.497024e-01	-3.472586e-01
2.497280e-01	-3.467703e-01
2.497536e-01	-3.463244e-01
2.497792e-01	-3.457725e-01
2.498048e-01	-3.450646e-01
2.498304e-01	-3.442507e-01
2.498560e-01	-3.434692e-01
2.498816e-01	-3.425307e-01
2.499072e-01	-3.415738e-01
2.499328e-01	-3.405524e-01
2.499584e-01	-3.393333e-01
2.499840e-01	-3.381407e-01
2.500096e-01	-3.368110e-01
2.500352e-01	-3.356114e-01
2.500608e-01	-3.341323e-01
2.500864e-01	-3.325028e-01
2.501120e-01	-3.310401e-01
2.501376e-01	-3.293354e-01
2.501632e-01	-3.276223e-01
2.501888e-01	-3.257754e-01
2.502144e-01	-3.239740e-01
2.502400e-01	-3.219467e-01
2.502656e-01	-3.198728e-01
2.502912e-01	-3.179243e-01
2.503168e-01	-3.158021e-01
2.503424e-01	-3.134747e-01
2.503680e-01	-3.111378e-01
2.503936e-01	-3.088890e-01
2.504192e-01	-3.065350e-01
2.504448e-01	-3.039598e-01
2.504704e-01	-3.013144e-01
2.504960e-01	-2.987019e-01
2.505216e-01	-2.960843e-01
2.505472e-01	-2.933420e-01
2.505728e-01	-2.904836e-01
2.505984e-01	-2.875454e-01
2.506240e-01	-2.846570e-01
2.506496e-01	-2.816841e-01
2.506752e-01	-2.786617e-01
2.507008e-01	-2.755232e-01
2.507264e-01	-2.723705e-01
2.507520e-01	-2.689579e-01
2.507776e-01	-2.657854e-01
2.508032e-01	-2.625302e-01
2.508288e-01	-2.589860e-01
2.508544e-01	-2.556305e-01
2.508800e-01	-2.521002e-01
2.509056e-01	-2.485880e-01
2.509312e-01	-2.448770e-01
2.509568e-01	-2.411838e-01
2.509824e-01	-2.375499e-01
2.510080e-01	-2.336902e-01
2.510336e-01	-2.299785e-01
2.510592e-01	-2.260586e-01
2.510848e-01	-2.222479e-01
2.511104e-01	-2.182855e-01
2.511360e-01	-2.142556e-01
2.511616e-01	-2.100741e-01
2.511872e-01	-2.060933e-01
2.512128e-01	-2.019802e-01
2.512384e-01	-1.977341e-01
2.512640e-01	-1.936338e-01
2.512896e-01	-1.893373e-01
2.513152e-01	-1.851436e-01
2.513408e-01	-1.807156e-01
2.513664e-01	-1.764507e-01
2.513920e-01	-1.720716e-01
2.514176e-01	-1.676603e-01
2.514432e-01	-1.632459e-01
2.514688e-01	-1.588162e-01
2.514944e-01	-1.543135e-01
2.515200e-01	-1.495775e-01
2.515456e-01	-1.453290e-01
2.515712e-01	-1.406277e-01
2.515968e-01	-1.360727e-01
2.516224e-01	-1.315016e-01
2.516480e-01	-1.266750e-01
2.516736e-01	-1.221493e-01
2.516992e-01	-1.175453e-01
2.517248e-01	-1.126930e-01
2.517504e-01	-1.079898e-01
2.517760e-01	-1.033370e-01
2.518016e-01	-9.850764e-02
2.518272e-01	-9.385260e-02
2.518528e-01	-8.905876e-02
2.518784e-01	-8.433346e-02
2.519040e-01	-7.956459e-02
2.519296e-01	-7.463774e-02
2.519552e-01	-6.999436e-02
2.519808e-01	-6.502418e-02
2.520064e-01	-6.025362e-02
2.520320e-01	-5.543521e-02
2.520576e-01	-5.062433e-02
2.520832e-01	-4.589714e-02
2.521088e-01	-4.097280e-02
2.521344e-01	-3.623787e-02
2.521600e-01	-3.139114e-02
2.521856e-01	-2.669343e-02
2.522112e-01	-2.188920e-02
2.522368e-01	-1.697158e-02
2.522624e-01	-1.225696e-02
2.522880e-01	-7.391409e-03
2.523136e-01	-2.679178e-03
2.523392e-01	2.030731e-03
2.523648e-01	6.661622e-03
2.523904e-01	1.150753e-02
2.524160e-01	1.614298e-02
2.524416e-01	2.083044e-02
2.524672e-01	2.551877e-02
2.524928e-01	3.008008e-02
2.525184e-01	3.485370e-02
2.525440e-01	3.931896e-02
2.525696e-01	4.394928e-02
2.525952e-01	4.859015e-02
2.526208e-01	5.293941e-02
2.526464e-01	5.749350e-02
2.526720e-01	6.212883e-02
2.526976e-01	6.645042e-02
2.527232e-01	7.077543e-02
2.527488e-01	7.534939e-02
2.527744e-01	7.963433e-02
2.528000e-01	8.398479e-02
2.528256e-01	8.818240e-02
2.528512e-01	9.246267e-02
2.528768e-01	9.677852e-02
2.529024e-01	1.007850e-01
2.529280e-01	1.051373e-01
2.529536e-01	1.091245e-01
2.529792e-01	1.130827e-01
2.530048e-01	1.173427e-01
2.530304e-01	1.211591e-01
2.530560e-01	1.250995e-01
2.530816e-01	1.289386e-01
2.531072e-01	1.329678e-01
2.531328e-01	1.365483e-01
2.531584e-01	1.403043e-01
2.531840e-01	1.439512e-01
2.532096e-01	1.475300e-01
2.532352e-01	1.512998e-01
2.532608e-01	1.546850e-01
2.532864e-01	1.582183e-01
2.533120e-01	1.615718e-01
2.533376e-01	1.650005e-01
2.533632e-01	1.683750e-01
2.533888e-01	1.716354e-01
2.534144e-01	1.747389e-01
2.534400e-01	1.779211e-01
2.534656e-01	1.810187e-01
2.534912e-01	1.840341e-01
2.535168e-01	1.871285e-01
2.535424e-01	1.898684e-01
2.535680e-01	1.928377e-01
2.535936e-01	1.955539e-01
2.536192e-01	1.983385e-01
2.536448e-01	2.009053e-01
2.536704e-01	2.035890e-01
2.536960e-01	2.060660e-01
2.537216e-01	2.084431e-01
2.537472e-01	2.108542e-01
2.537728e-01	2.131213e-01
2.537984e-01	2.155256e-01
2.538240e-01	2.176470e-01
2.538496e-01	2.197122e-01
2.538752e-01	2.218141e-01
2.539008e-01	2.238208e-01
2.539264e-01	2.256412e-01
2.539520e-01	2.275377e-01
2.539776e-01	2.294044e-01
2.540032e-01	2.309712e-01
2.540288e-01	2.325716e-01
2.540544e-01	2.341554e-01
2.540800e-01	2.355199e-01
2.541056e-01	2.368659e-01
2.541312e-01	2.382548e-01
2.541568e-01	2.394893e-01
2.541824e-01	2.407362e-01
2.542080e-01	2.417000e-01
2.542336e-01	2.428396e-01
2.542592e-01	2.437593e-01
2.542848e-01	2.445691e-01
2.543104e-01	2.453698e-01
2.543360e-01	2.459739e-01
2.543616e-01	2.467007e-01
2.543872e-01	2.472983e-01
2.544128e-01	2.477434e-01
2.544384e-01	2.481198e-01
2.544640e-01	2.485498e-01
2.544896e-01	2.488206e-01
2.545152e-01	2.489650e-01
2.545408e-01	2.489590e-01
2.545664e-01	2.490118e-01
2.545920e-01	2.489798e-01
2.546176e-01	2.486974e-01
2.546432e-01	2.487118e-01
2.546688e-01	2.483111e-01
2.546944e-01	2.478632e-01
2.547200e-01	2.475328e-01
2.547456e-01	2.469926e-01
2.547712e-01	2.464742e-01
2.547968e-01	2.457377e-01
2.548224e-01	2.449168e-01
2.548480e-01	2.441803e-01
2.548736e-01	2.432123e-01
2.548992e-01	2.422621e-01
2.549248e-01	2.411372e-01
2.549504e-01	2.401064e-01
2.549760e-01	2.388288e-01
2.550016e-01	2.375596e-01
2.550272e-01	2.363138e-01
2.550528e-01	2.347358e-01
2.550784e-01	2.333002e-01
2.551040e-01	2.316394e-01
2.551296e-01	2.300343e-01
2.551552e-01	2.283474e-01
2.551808e-01	2.264612e-01
2.552064e-01	2.246482e-01
2.552320e-01	2.225593e-01
2.552576e-01	2.207046e-01
2.552832e-01	2.185368e-01
2.553088e-01	2.163694e-01
2.553344e-01	2.140644e-01
2.553600e-01	2.118553e-01
2.553856e-01	2.096269e-01
2.554112e-01	2.071216e-01
2.554368e-01	2.046910e-01
2.554624e-01	2.022022e-01
2.554880e-01	1.994638e-01
2.555136e-01	1.968251e-01
2.555392e-01	1.941023e-01
2.555648e-01	1.911795e-01
2.555904e-01	1.883437e-01
2.556160e-01	1.854378e-01
2.556416e-01	1.824458e-01
2.556672e-01	1.793773e-01
2.556928e-01	1.762864e-01
2.557184e-01	1.732208e-01
2.557440e-01	1.697492e-01
2.557696e-01	1.665717e-01
2.557952e-01	1.631981e-01
2.558208e-01	1.597607e-01
2.558464e-01	1.564174e-01
2.558720e-01	1.527616e-01
2.558976e-01	1.493413e-01
2.559232e-01	1.455873e-01
2.559488e-01	1.420085e-01
2.559744e-01	1.383278e-01
2.560000e-01	1.344594e-01
2.560256e-01	1.307874e-01
2.560512e-01	1.267154e-01
2.560768e-01	1.229036e-01
2.561024e-01	1.189894e-01
2.561280e-01	1.150648e-01
2.561536e-01	1.109216e-01
2.561792e-01	1.068465e-01
2.562048e-01	1.027154e-01
2.562304e-01	9.857957e-02
2.562560e-01	9.447777e-02
2.562816e-01	9.010097e-02
2.563072e-01	8.596832e-02
2.563328e-01	8.158928e-02
2.563584e-01	7.736135e-02
2.563840e-01	7.299630e-02
2.564096e-01	6.844088e-02
2.564352e-01	6.413043e-02
2.564608e-01	5.957238e-02
2.564864e-01	5.519651e-02
2.565120e-01	5.055220e-02
2.565376e-01	4.603625e-02
2.565632e-01	4.152329e-02
2.565888e-01	3.687457e-02
2.566144e-01	3.238249e-02
2.566400e-01	2.767798e-02
2.566656e-01	2.286161e-02
2.566912e-01	1.820401e-02
2.567168e-01	1.363160e-02
2.567424e-01	8.947535e-03
2.567680e-01	4.151187e-03
2.567936e-01	-5.818409e-04
2.568192e-01	-5.259356e-03
2.568448e-01	-9.990848e-03
2.568704e-01	-1.484359e-02
2.568960e-01	-1.963224e-02
2.569216e-01	-2.447111e-02
2.569472e-01	-2.916951e-02
2.569728e-01	-3.394827e-02
2.569984e-01	-3.882388e-02
2.570240e-01	-4.369855e-02
2.570496e-01	-4.850539e-02
2.570752e-01	-5.325334e-02
2.571008e-01	-5.805303e-02
2.571264e-01	-6.284780e-02
2.571520e-01	-6.761301e-02
2.571776e-01	-7.241778e-02
2.572032e-01	-7.719921e-02
2.572288e-01	-8.199821e-02
2.572544e-01	-8.671457e-02
2.572800e-01	-9.156232e-02
2.573056e-01	-9.636521e-02
2.573312e-01	-1.011599e-01
2.573568e-01	-1.057961e-01
2.573824e-01	-1.104310e-01
2.574080e-01	-1.151196e-01
2.574336e-01	-1.198929e-01
2.574592e-01	-1.245974e-01
2.574848e-01	-1.292747e-01
2.575104e-01	-1.338744e-01
2.575360e-01	-1.383723e-01
2.575616e-01	-1.430354e-01
2.575872e-01	-1.475192e-01
2.576128e-01	-1.519820e-01
2.576384e-01	-1.567095e-01
2.576640e-01	-1.611115e-01
2.576896e-01	-1.655540e-01
2.577152e-01	-1.700893e-01
2.577408e-01	-1.743269e-01
2.577664e-01	-1.787301e-01
2.577920e-01	-1.830126e-01
2.578176e-01	-1.872636e-01
2.578432e-01	-1.915979e-01
2.578688e-01	-1.956985e-01
2.578944e-01	-2.000224e-01
2.579200e-01	-2.040861e-01
2.579456e-01	-2.081712e-01
2.579712e-01	-2.122409e-01
2.579968e-01	-2.162445e-01
2.580224e-01	-2.201780e-01
2.580480e-01	-2.241279e-01
2.580736e-01	-2.280881e-01
2.580992e-01	-2.318793e-01
2.581248e-01	-2.357240e-01
2.581504e-01	-2.394628e-01
2.581760e-01	-2.429819e-01
2.582016e-01	-2.466798e-01
2.582272e-01	-2.502593e-01
2.582528e-01	-2.538536e-01
2.582784e-01	-2.572970e-01
2.583040e-01	-2.608228e-01
2.583296e-01	-2.642730e-01
2.583552e-01	-2.674172e-01
2.583808e-01	-2.706374e-01
2.584064e-01	-2.739104e-01
2.584320e-01	-2.770842e-01
2.584576e-01	-2.801249e-01
2.584832e-01	-2.831722e-01
2.585088e-01	-2.861513e-01
2.585344e-01	-2.890362e-01
2.585600e-01	-2.919038e-01
2.585856e-01	-2.946168e-01
2.586112e-01	-2.973526e-01
2.586368e-01	-3.000470e-01
2.586624e-01	-3.026839e-01
2.586880e-01	-3.052123e-01
2.587136e-01	-3.077840e-01
2.587392e-01	-3.100597e-01
2.587648e-01	-3.123711e-01
2.587904e-01	-3.147350e-01
2.588160e-01	-3.167461e-01
2.588416e-01	-3.188637e-01
2.588672e-01	-3.210453e-01
2.588928e-01	-3.229292e-01
2.589184e-01	-3.248397e-01
2.589440e-01	-3.266483e-01
2.589696e-01	-3.284005e-01
2.589952e-01	-3.301205e-01
2.590208e-01	-3.317055e-01
2.590464e-01	-3.332760e-01
2.590720e-01	-3.347962e-01
2.590976e-01	-3.361622e-01
2.591232e-01	-3.374441e-01
2.591488e-01	-3.387544e-01
2.591744e-01	-3.399681e-01
2.592000e-01	-3.410268e-01
2.592256e-01	-3.421054e-01
2.592512e-01	-3.429467e-01
2.592768e-01	-3.438671e-01
2.593024e-01	-3.446603e-01
2.593280e-01	-3.453339e-01
2.593536e-01	-3.459704e-01
2.593792e-01	-3.464959e-01
2.594048e-01	-3.470958e-01
2.594304e-01	-3.474626e-01
2.594560e-01	-3.478045e-01
2.594816e-01	-3.481503e-01
2.595072e-01	-3.482073e-01
2.595328e-01	-3.482999e-01
2.595584e-01	-3.483545e-01
2.595840e-01	-3.482944e-01
2.596096e-01	-3.482345e-01
2.596352e-01	-3.479447e-01
2.596608e-01	-3.476828e-01
2.596864e-01	-3.473049e-01
2.597120e-01	-3.468923e-01
2.597376e-01	-3.464554e-01
2.597632e-01	-3.456940e-01
2.597888e-01	-3.451232e-01
2.598144e-01	-3.443674e-01
2.598400e-01	-3.434887e-01
2.598656e-01	-3.426201e-01
2.598912e-01	-3.416256e-01
2.599168e-01	-3.405738e-01
2.599424e-01	-3.393402e-01
2.599680e-01	-3.382219e-01
2.599936e-01	-3.370030e-01
2.600192e-01	-3.355377e-01
2.600448e-01	-3.341926e-01
2.600704e-01	-3.325659e-01
2.600960e-01	-3.311037e-01
2.601216e-01	-3.294742e-01
2.601472e-01	-3.276573e-01
2.601728e-01	-3.259498e-01
2.601984e-01	-3.240952e-01
2.602240e-01	-3.221356e-01
2.602496e-01	-3.200916e-01
2.602752e-01	-3.180169e-01
2.603008e-01	-3.158931e-01
2.603264e-01	-3.137008e-01
2.603520e-01	-3.114696e-01
2.603776e-01	-3.089555e-01
2.604032e-01	-3.065710e-01
2.604288e-01	-3.042272e-01
2.604544e-01	-3.015374e-01
2.604800e-01	-2.990056e-01
2.605056e-01	-2.963450e-01
2.605312e-01	-2.934949e-01
2.605568e-01	-2.907523e-01
2.605824e-01	-2.878819e-01
2.606080e-01	-2.849141e-01
2.606336e-01	-2.819175e-01
2.606592e-01	-2.788800e-01
2.606848e-01	-2.758227e-01
2.607104e-01	-2.725182e-01
2.607360e-01	-2.693619e-01
2.607616e-01	-2.660980e-01
2.607872e-01	-2.625941e-01
2.608128e-01	-2.593394e-01
2.608384e-01	-2.558888e-01
2.608640e-01	-2.523566e-01
2.608896e-01	-2.487838e-01
2.609152e-01	-2.452892e-01
2.609408e-01	-2.414359e-01
2.609664e-01	-2.377254e-01
2.609920e-01	-2.341685e-01
2.610176e-01	-2.303080e-01
2.610432e-01	-2.263397e-01
2.610688e-01	-2.224773e-01
2.610944e-01	-2.185201e-01
2.611200e-01	-2.145614e-01
2.611456e-01	-2.106370e-01
2.611712e-01	-2.064417e-01
2.611968e-01	-2.023328e-01
2.612224e-01	-1.982497e-01
2.612480e-01	-1.939754e-01
2.612736e-01	-1.897288e-01
2.612992e-01	-1.854154e-01
2.613248e-01	-1.812154e-01
2.613504e-01	-1.768291e-01
2.613760e-01	-1.724599e-01
2.614016e-01	-1.680923e-01
2.614272e-01	-1.635580e-01
2.614528e-01	-1.591782e-01
2.614784e-01	-1.547361e-01
2.615040e-01	-1.500884e-01
2.615296e-01	-1.455570e-01
2.615552e-01	-1.410000e-01
2.615808e-01	-1.365224e-01
2.616064e-01	-1.317110e-01
2.616320e-01	-1.272064e-01
2.616576e-01	-1.226266e-01
2.616832e-01	-1.177152e-01
2.617088e-01	-1.131555e-01
2.617344e-01	-1.083338e-01
2.617600e-01	-1.036420e-01
2.617856e-01	-9.896658e-02
2.618112e-01	-9.417853e-02
2.618368e-01	-8.954189e-02
2.618624e-01	-8.465277e-02
2.618880e-01	-7.993959e-02
2.619136e-01	-7.494837e-02
2.619392e-01	-7.042931e-02
2.619648e-01	-6.550883e-02
2.619904e-01	-6.055008e-02
2.620160e-01	-5.591666e-02
2.620416e-01	-5.103517e-02
2.620672e-01	-4.628363e-02
2.620928e-01	-4.141872e-02
2.621184e-01	-3.665615e-02
2.621440e-01	-3.174856e-02
2.621696e-01	-2.701816e-02
2.621952e-01	-2.235045e-02
2.622208e-01	-1.738163e-02
2.622464e-01	-1.266646e-02
2.622720e-01	-7.916193e-03
2.622976e-01	-3.228858e-03
2.623232e-01	1.672519e-03
2.623488e-01	6.373101e-03
2.623744e-01	1.100251e-02
2.624000e-01	1.574671e-02
2.624256e-01	2.046707e-02
2.624512e-01	2.513383e-02
2.624768e-01	2.971565e-02
2.625024e-01	3.432127e-02
2.625280e-01	3.889526e-02
2.625536e-01	4.348897e-02
2.625792e-01	4.817519e-02
2.626048e-01	5.265808e-02
2.626304e-01	5.726460e-02
2.626560e-01	6.159763e-02
2.626816e-01	6.601216e-02
2.627072e-01	7.047646e-02
2.627328e-01	7.499195e-02
2.627584e-01	7.939439e-02
2.627840e-01	8.363986e-02
2.628096e-01	8.792412e-02
2.628352e-01	9.215604e-02
2.628608e-01	9.627482e-02
2.628864e-01	1.005158e-01
2.629120e-01	1.047014e-01
2.629376e-01	1.086309e-01
2.629632e-01	1.128975e-01
2.629888e-01	1.168851e-01
2.630144e-01	1.207276e-01
2.630400e-01	1.247641e-01
2.630656e-01	1.285201e-01
2.630912e-01	1.325981e-01
2.631168e-01	1.362178e-01
2.631424e-01	1.399377e-01
2.631680e-01	1.437462e-01
2.631936e-01	1.473033e-01
2.632192e-01	1.509884e-01
2.632448e-01	1.544816e-01
2.632704e-01	1.579355e-01
2.632960e-01	1.614061e-01
2.633216e-01	1.648301e-01
2.633472e-01	1.681075e-01
2.633728e-01	1.712374e-01
2.633984e-01	1.745357e-01
2.634240e-01	1.777035e-01
2.634496e-01	1.807798e-01
2.634752e-01	1.837637e-01
2.635008e-01	1.867885e-01
2.635264e-01	1.897056e-01
2.635520e-01	1.926216e-01
2.635776e-01	1.952757e-01
2.636032e-01	1.980266e-01
2.636288e-01	2.007472e-01
2.636544e-01	2.032120e-01
2.636800e-01	2.057273e-01
2.637056e-01	2.083039e-01
2.637312e-01	2.106024e-01
2.637568e-01	2.129681e-01
2.637824e-01	2.153282e-01
2.638080e-01	2.174634e-01
2.638336e-01	2.196297e-01
2.638592e-01	2.215912e-01
2.638848e-01	2.236238e-01
2.639104e-01	2.256025e-01
2.639360e-01	2.273561e-01
2.639616e-01	2.291458e-01
2.639872e-01	2.307825e-01
2.640128e-01	2.324014e-01
2.640384e-01	2.339089e-01
2.640640e-01	2.354874e-01
2.640896e-01	2.367682e-01
2.641152e-01	2.381099e-01
2.641408e-01	2.394099e-01
2.641664e-01	2.405877e-01
2.641920e-01	2.416688e-01
2.642176e-01	2.426126e-01
2.642432e-01	2.436632e-01
2.642688e-01	2.445681e-01
2.642944e-01	2.453607e-01
2.643200e-01	2.460689e-01
2.643456e-01	2.466753e-01
2.643712e-01	2.471949e-01
2.643968e-01	2.476778e-01
2.644224e-01	2.480826e-01
2.644480e-01	2.484008e-01
2.644736e-01	2.488795e-01
2.644992e-01	2.488283e-01
2.645248e-01	2.489427e-01
2.645504e-01	2.490423e-01
2.645760e-01	2.489454e-01
2.646016e-01	2.488068e-01
2.646272e-01	2.485669e-01
2.646528e-01	2.483516e-01
2.646784e-01	2.480366e-01
2.647040e-01	2.474830e-01
2.647296e-01	2.469442e-01
2.647552e-01	2.464711e-01
2.647808e-01	2.457614e-01
2.648064e-01	2.450533e-01
2.648320e-01	2.441946e-01
2.648576e-01	2.432894e-01
2.648832e-01	2.422791e-01
2.649088e-01	2.411828e-01
2.649344e-01	2.402032e-01
2.649600e-01	2.388969e-01
2.649856e-01	2.376772e-01
2.650112e-01	2.363169e-01
2.650368e-01	2.348180e-01
2.650624e-01	2.333230e-01
2.650880e-01	2.317732e-01
2.651136e-01	2.301176e-01
2.651392e-01	2.283692e-01
2.651648e-01	2.266513e-01
2.651904e-01	2.247054e-01
2.652160e-01	2.227941e-01
2.652416e-01	2.208508e-01
2.652672e-01	2.187659e-01
2.652928e-01	2.165882e-01
2.653184e-01	2.143599e-01
2.653440e-01	2.121231e-01
2.653696e-01	2.097240e-01
2.653952e-01	2.073826e-01
2.654208e-01	2.049101e-01
2.654464e-01	2.023575e-01
2.654720e-01	1.996671e-01
2.654976e-01	1.970711e-01
2.655232e-01	1.943455e-01
2.655488e-01	1.914845e-01
2.655744e-01	1.886528e-01
2.656000e-01	1.855715e-01
2.656256e-01	1.826198e-01
2.656512e-01	1.796641e-01
2.656768e-01	1.764364e-01
2.657024e-01	1.733328e-01
2.657280e-01	1.700920e-01
2.657536e-01	1.668649e-01
2.657792e-01	1.635176e-01
2.658048e-01	1.600411e-01
2.658304e-01	1.566111e-01
2.658560e-01	1.530899e-01
2.658816e-01	1.494599e-01
2.659072e-01	1.460405e-01
2.659328e-01	1.422623e-01
2.659584e-01	1.386468e-01
2.659840e-01	1.349536e-01
2.660096e-01	1.310088e-01
2.660352e-01	1.271835e-01
2.660608e-01	1.232926e-01
2.660864e-01	1.193480e-01
2.661120e-01	1.153127e-01
2.661376e-01	1.113023e-01
2.661632e-01	1.072510e-01
2.661888e-01	1.031223e-01
2.662144e-01	9.901193e-02
2.662400e-01	9.477811e-02
2.662656e-01	9.051806e-02
2.662912e-01	8.630062e-02
2.663168e-01	8.197949e-02
2.663424e-01	7.761064e-02
2.663680e-01	7.330258e-02
2.663936e-01	6.891964e-02
2.664192e-01	6.450646e-02
2.664448e-01	5.994970e-02
2.664704e-01	5.548625e-02
2.664960e-01	5.102643e-02
2.665216e-01	4.650012e-02
2.665472e-01	4.186939e-02
2.665728e-01	3.722391e-02
2.665984e-01	3.265877e-02
2.666240e-01	2.804221e-02
2.666496e-01	2.339913e-02
2.666752e-01	1.875079e-02
2.667008e-01	1.412606e-02
2.667264e-01	9.216749e-03
2.667520e-01	4.509648e-03
2.667776e-01	-4.928091e-05
2.668032e-01	-4.895900e-03
2.668288e-01	-9.567713e-03
2.668544e-01	-1.445023e-02
2.668800e-01	-1.921082e-02
2.669056e-01	-2.402912e-02
2.669312e-01	-2.885220e-02
2.669568e-01	-3.364319e-02
2.669824e-01	-3.839603e-02
2.670080e-01	-4.324743e-02
2.670336e-01	-4.802579e-02
2.670592e-01	-5.286688e-02
2.670848e-01	-5.769423e-02
2.671104e-01	-6.238155e-02
2.671360e-01	-6.723261e-02
2.671616e-01	-7.206959e-02
2.671872e-01	-7.678164e-02
2.672128e-01	-8.155330e-02
2.672384e-01	-8.640536e-02
2.672640e-01	-9.122258e-02
2.672896e-01	-9.593616e-02
2.673152e-01	-1.007391e-01
2.673408e-01	-1.054049e-01
2.673664e-01	-1.101036e-01
2.673920e-01	-1.148635e-01
2.674176e-01	-1.195754e-01
2.674432e-01	-1.241979e-01
2.674688e-01	-1.287711e-01
2.674944e-01	-1.334534e-01
2.675200e-01	-1.381592e-01
2.675456e-01	-1.426705e-01
2.675712e-01	-1.472442e-01
2.675968e-01	-1.517134e-01
2.676224e-01	-1.561240e-01
2.676480e-01	-1.607486e-01
2.676736e-01	-1.651711e-01
2.676992e-01	-1.695657e-01
2.677248e-01	-1.740802e-01
2.677504e-01	-1.782723e-01
2.677760e-01	-1.827305e-01
2.678016e-01	-1.868888e-01
2.678272e-01	-1.912059e-01
2.678528e-01	-1.954631e-01
2.678784e-01	-1.995834e-01
2.679040e-01	-2.037913e-01
2.679296e-01	-2.077544e-01
2.679552e-01	-2.119441e-01
2.679808e-01	-2.159040e-01
2.680064e-01	-2.198703e-01
2.680320e-01	-2.236967e-01
2.680576e-01	-2.276870e-01
2.680832e-01	-2.315343e-01
2.681088e-01	-2.352304e-01
2.681344e-01	-2.391786e-01
2.681600e-01	-2.427467e-01
2.681856e-01	-2.464162e-01
2.682112e-01	-2.500130e-01
2.682368e-01	-2.534861e-01
2.682624e-01	-2.571040e-01
2.682880e-01	-2.606067e-01
2.683136e-01	-2.638251e-01
2.683392e-01	-2.672320e-01
2.683648e-01	-2.704514e-01
2.683904e-01	-2.736510e-01
2.684160e-01	-2.768860e-01
2.684416e-01	-2.799132e-01
2.684672e-01	-2.829331e-01
2.684928e-01	-2.858732e-01
2.685184e-01	-2.888111e-01
2.685440e-01	-2.917811e-01
2.685696e-01	-2.943872e-01
2.685952e-01	-2.972596e-01
2.686208e-01	-2.999578e-01
2.686464e-01	-3.024122e-01
2.686720e-01	-3.049859e-01
2.686976e-01	-3.074944e-01
2.687232e-01	-3.097505e-01
2.687488e-01	-3.120926e-01
2.687744e-01	-3.144303e-01
2.688000e-01	-3.165940e-01
2.688256e-01	-3.188157e-01
2.688512e-01	-3.206838e-01
2.688768e-01	-3.227183e-01
2.689024e-01	-3.246827e-01
2.689280e-01	-3.264939e-01
2.689536e-01	-3.283181e-01
2.689792e-01	-3.299837e-01
2.690048e-01	-3.317865e-01
2.690304e-01	-3.332197e-01
2.690560e-01	-3.347521e-01
2.690816e-01	-3.361151e-01
2.691072e-01	-3.373916e-01
2.691328e-01	-3.386772e-01
2.691584e-01	-3.398930e-01
2.691840e-01	-3.409269e-01
2.692096e-01	-3.419700e-01
2.692352e-01	-3.429884e-01
2.692608e-01	-3.437382e-01
2.692864e-01	-3.445898e-01
2.693120e-01	-3.453969e-01
2.693376e-01	-3.459345e-01
2.693632e-01	-3.466479e-01
2.693888e-01	-3.471568e-01
2.694144e-01	-3.474734e-01
2.694400e-01	-3.478138e-01
2.694656e-01	-3.480418e-01
2.694912e-01	-3.482782e-01
2.695168e-01	-3.483347e-01
2.695424e-01	-3.482963e-01
2.695680e-01	-3.484224e-01
2.695936e-01	-3.482096e-01
2.696192e-01	-3.480282e-01
2.696448e-01	-3.477035e-01
2.696704e-01	-3.473872e-01
2.696960e-01	-3.469274e-01
2.697216e-01	-3.465028e-01
2.697472e-01	-3.458788e-01
2.697728e-01	-3.450934e-01
2.697984e-01	-3.444716e-01
2.698240e-01	-3.435905e-01
2.698496e-01	-3.426808e-01
2.698752e-01	-3.416294e-01
2.699008e-01	-3.406759e-01
2.699264e-01	-3.396234e-01
2.699520e-01	-3.383709e-01
2.699776e-01	-3.370644e-01
2.700032e-01	-3.356916e-01
2.700288e-01	-3.343562e-01
2.700544e-01	-3.328080e-01
2.700800e-01	-3.314248e-01
2.701056e-01	-3.298015e-01
2.701312e-01	-3.279769e-01
2.701568e-01	-3.261444e-01
2.701824e-01	-3.242398e-01
2.702080e-01	-3.223875e-01
2.702336e-01	-3.203786e-01
2.702592e-01	-3.182799e-01
2.702848e-01	-3.161542e-01
2.703104e-01	-3.138991e-01
2.703360e-01	-3.116922e-01
2.703616e-01	-3.093514e-01
2.703872e-01	-3.069442e-01
2.704128e-01	-3.044275e-01
2.704384e-01	-3.019542e-01
2.704640e-01	-2.992180e-01
2.704896e-01	-2.966286e-01
2.705152e-01	-2.938897e-01
2.705408e-01	-2.910555e-01
2.705664e-01	-2.882932e-01
2.705920e-01	-2.852591e-01
2.706176e-01	-2.822849e-01
2.706432e-01	-2.791913e-01
2.706688e-01	-2.761227e-01
2.706944e-01	-2.730300e-01
2.707200e-01	-2.696629e-01
2.707456e-01	-2.665064e-01
2.707712e-01	-2.630550e-01
2.707968e-01	-2.596622e-01
2.708224e-01	-2.562723e-01
2.708480e-01	-2.528642e-01
2.708736e-01	-2.491858e-01
2.708992e-01	-2.455564e-01
2.709248e-01	-2.420134e-01
2.709504e-01	-2.381967e-01
2.709760e-01	-2.345222e-01
2.710016e-01	-2.306240e-01
2.710272e-01	-2.267135e-01
2.710528e-01	-2.228636e-01
2.710784e-01	-2.188737e-01
2.711040e-01	-2.149853e-01
2.711296e-01	-2.108716e-01
2.711552e-01	-2.068809e-01
2.711808e-01	-2.026719e-01
2.712064e-01	-1.986772e-01
2.712320e-01	-1.944862e-01
2.712576e-01	-1.901637e-01
2.712832e-01	-1.859159e-01
2.713088e-01	-1.815507e-01
2.713344e-01	-1.772629e-01
2.713600e-01	-1.729223e-01
2.713856e-01	-1.685148e-01
2.714112e-01	-1.640447e-01
2.714368e-01	-1.596565e-01
2.714624e-01	-1.552131e-01
2.714880e-01	-1.506525e-01
2.715136e-01	-1.461233e-01
2.715392e-01	-1.414705e-01
2.715648e-01	-1.369333e-01
2.715904e-01	-1.322723e-01
2.716160e-01	-1.277237e-01
2.716416e-01	-1.230276e-01
2.716672e-01	-1.182888e-01
2.716928e-01	-1.136690e-01
2.717184e-01	-1.089035e-01
2.717440e-01	-1.042242e-01
2.717696e-01	-9.947038e-02
2.717952e-01	-9.455890e-02
2.718208e-01	-8.987428e-02
2.718464e-01	-8.511619e-02
2.718720e-01	-8.040597e-02
2.718976e-01	-7.569212e-02
2.719232e-01	-7.068700e-02
2.719488e-01	-6.587259e-02
2.719744e-01	-6.133210e-02
2.720000e-01	-5.642577e-02
2.720256e-01	-5.151614e-02
2.720512e-01	-4.680233e-02
2.720768e-01	-4.193034e-02
2.721024e-01	-3.713729e-02
2.721280e-01	-3.231556e-02
2.721536e-01	-2.754821e-02
2.721792e-01	-2.280101e-02
2.722048e-01	-1.786468e-02
2.722304e-01	-1.308313e-02
2.722560e-01	-8.320289e-03
2.722816e-01	-3.628211e-03
2.723072e-01	1.043261e-03
2.723328e-01	5.775572e-03
2.723584e-01	1.058950e-02
2.723840e-01	1.533786e-02
2.724096e-01	1.997997e-02
2.724352e-01	2.481657e-02
2.724608e-01	2.941205e-02
2.724864e-01	3.384776e-02
2.725120e-01	3.853166e-02
2.725376e-01	4.317399e-02
2.725632e-01	4.776181e-02
2.725888e-01	5.208904e-02
2.726144e-01	5.667654e-02
2.726400e-01	6.120273e-02
2.726656e-01	6.566645e-02
2.726912e-01	7.007027e-02
2.727168e-01	7.438418e-02
2.727424e-01	7.879800e-02
2.727680e-01	8.305778e-02
2.727936e-01	8.744372e-02
2.728192e-01	9.176811e-02
2.728448e-01	9.595696e-02
2.728704e-01	1.002027e-01
2.728960e-01	1.041275e-01
2.729216e-01	1.083406e-01
2.729472e-01	1.124769e-01
2.729728e-01	1.164340e-01
2.729984e-01	1.204092e-01
2.730240e-01	1.243161e-01
2.730496e-01	1.282168e-01
2.730752e-01	1.320629e-01
2.731008e-01	1.358265e-01
2.731264e-01	1.396142e-01
2.731520e-01	1.433632e-01
2.731776e-01	1.469397e-01
2.732032e-01	1.504369e-01
2.732288e-01	1.540567e-01
2.732544e-01	1.575929e-01
2.732800e-01	1.610720e-01
2.733056e-01	1.643718e-01
2.733312e-01	1.677627e-01
2.733568e-01	1.710483e-01
2.733824e-01	1.742019e-01
2.734080e-01	1.774116e-01
2.734336e-01	1.803881e-01
2.734592e-01	1.834963e-01
2.734848e-01	1.864875e-01
2.735104e-01	1.893502e-01
2.735360e-01	1.923102e-01
2.735616e-01	1.949487e-01
2.735872e-01	1.977647e-01
2.736128e-01	2.004279e-01
2.736384e-01	2.030730e-01
2.736640e-01	2.056074e-01
2.736896e-01	2.080777e-01
2.737152e-01	2.103923e-01
2.737408e-01	2.126901e-01
2.737664e-01	2.151003e-01
2.737920e-01	2.171682e-01
2.738176e-01	2.192727e-01
2.738432e-01	2.213823e-01
2.738688e-01	2.234746e-01
2.738944e-01	2.252512e-01
2.739200e-01	2.271160e-01
2.739456e-01	2.289691e-01
2.739712e-01	2.306289e-01
2.739968e-01	2.323452e-01
2.740224e-01	2.337448e-01
2.740480e-01	2.353616e-01
2.740736e-01	2.366632e-01
2.740992e-01	2.379852e-01
2.741248e-01	2.392163e-01
2.741504e-01	2.404597e-01
2.741760e-01	2.416935e-01
2.742016e-01	2.425624e-01
2.742272e-01	2.435202e-01
2.742528e-01	2.444303e-01
2.742784e-01	2.451156e-01
2.743040e-01	2.459844e-01
2.743296e-01	2.465830e-01
2.743552e-01	2.471666e-01
2.743808e-01	2.477238e-01
2.744064e-01	2.480379e-01
2.744320e-01	2.484836e-01
2.744576e-01	2.487550e-01
2.744832e-01	2.488364e-01
2.745088e-01	2.489719e-01
2.745344e-01	2.490790e-01
2.745600e-01	2.490209e-01
2.745856e-01	2.487628e-01
2.746112e-01	2.486876e-01
2.746368e-01	2.483706e-01
2.746624e-01	2.480640e-01
2.746880e-01	2.475697e-01
2.747136e-01	2.470062e-01
2.747392e-01	2.464179e-01
2.747648e-01	2.457224e-01
2.747904e-01	2.451236e-01
2.748160e-01	2.443248e-01
2.748416e-01	2.433923e-01
2.748672e-01	2.423103e-01
2.748928e-01	2.412824e-01
2.749184e-01	2.402134e-01
2.749440e-01	2.390869e-01
2.749696e-01	2.377604e-01
2.749952e-01	2.364054e-01
2.750208e-01	2.351077e-01
2.750464e-01	2.334581e-01
2.750720e-01	2.318794e-01
2.750976e-01	2.302454e-01
2.751232e-01	2.285731e-01
2.751488e-01	2.266846e-01
2.751744e-01	2.250390e-01
2.752000e-01	2.231447e-01
2.752256e-01	2.210074e-01
2.752512e-01	2.189584e-01
2.752768e-01	2.168186e-01
2.753024e-01	2.147124e-01
2.753280e-01	2.123015e-01
2.753536e-01	2.099941e-01
2.753792e-01	2.076596e-01
2.754048e-01	2.051150e-01
2.754304e-01	2.026172e-01
2.754560e-01	1.999712e-01
2.754816e-01	1.973037e-01
2.755072e-01	1.944974e-01
2.755328e-01	1.918085e-01
2.755584e-01	1.889171e-01
2.755840e-01	1.860384e-01
2.756096e-01	1.829637e-01
2.756352e-01	1.797903e-01
2.756608e-01	1.769552e-01
2.756864e-01	1.736231e-01
2.757120e-01	1.704462e-01
2.757376e-01	1.672286e-01
2.757632e-01	1.637860e-01
2.757888e-01	1.603516e-01
2.758144e-01	1.568087e-01
2.758400e-01	1.534990e-01
2.758656e-01	1.499461e-01
2.758912e-01	1.463072e-01
2.759168e-01	1.425951e-01
2.759424e-01	1.388935e-01
2.759680e-01	1.351212e-01
2.759936e-01	1.314262e-01
2.760192e-01	1.275284e-01
2.760448e-01	1.236511e-01
2.760704e-01	1.196105e-01
2.760960e-01	1.157235e-01
2.761216e-01	1.117153e-01
2.761472e-01	1.075451e-01
2.761728e-01	1.035433e-01
2.761984e-01	9.935363e-02
2.762240e-01	9.528007e-02
2.762496e-01	9.091638e-02
2.762752e-01	8.666652e-02
2.763008e-01	8.235610e-02
2.763264e-01	7.812991e-02
2.763520e-01	7.379609e-02
2.763776e-01	6.929588e-02
2.764032e-01	6.500295e-02
2.764288e-01	6.041357e-02
2.764544e-01	5.593083e-02
2.764800e-01	5.135673e-02
2.765056e-01	4.702514e-02
2.765312e-01	4.230077e-02
2.765568e-01	3.768241e-02
2.765824e-01	3.326093e-02
2.766080e-01	2.850094e-02
2.766336e-01	2.383451e-02
2.766592e-01	1.913457e-02
2.766848e-01	1.447061e-02
2.767104e-01	9.787139e-03
2.767360e-01	5.058388e-03
2.767616e-01	3.570210e-04
2.767872e-01	-4.475089e-03
2.768128e-01	-9.157366e-03
2.768384e-01	-1.391806e-02
2.768640e-01	-1.873785e-02
2.768896e-01	-2.341270e-02
2.769152e-01	-2.833195e-02
2.769408e-01	-3.323517e-02
2.769664e-01	-3.795433e-02
2.769920e-01	-4.270181e-02
2.770176e-01	-4.755690e-02
2.770432e-01	-5.238623e-02
2.770688e-01	-5.717258e-02
2.770944e-01	-6.202119e-02
2.771200e-01	-6.668502e-02
2.771456e-01	-7.153945e-02
2.771712e-01	-7.639463e-02
2.771968e-01	-8.122374e-02
2.772224e-01	-8.590631e-02
2.772480e-01	-9.075924e-02
2.772736e-01	-9.551401e-02
2.772992e-01	-1.001827e-01
2.773248e-01	-1.049057e-01
2.773504e-01	-1.097868e-01
2.773760e-01	-1.143604e-01
2.774016e-01	-1.189669e-01
2.774272e-01	-1.237536e-01
2.774528e-01	-1.283336e-01
2.774784e-01	-1.329572e-01
2.775040e-01	-1.375899e-01
2.775296e-01	-1.422597e-01
2.775552e-01	-1.468388e-01
2.775808e-01	-1.514022e-01
2.776064e-01	-1.559504e-01
2.776320e-01	-1.603156e-01
2.776576e-01	-1.647847e-01
2.776832e-01	-1.692049e-01
2.777088e-01	-1.734984e-01
2.777344e-01	-1.779005e-01
2.777600e-01	-1.822640e-01
2.777856e-01	-1.865964e-01
2.778112e-01	-1.908370e-01
2.778368e-01	-1.950510e-01
2.778624e-01	-1.993033e-01
2.778880e-01	-2.032914e-01
2.779136e-01	-2.075783e-01
2.779392e-01	-2.115667e-01
2.779648e-01	-2.154672e-01
2.779904e-01	-2.194855e-01
2.780160e-01	-2.235043e-01
2.780416e-01	-2.273942e-01
2.780672e-01	-2.311385e-01
2.780928e-01	-2.349222e-01
2.781184e-01	-2.387871e-01
2.781440e-01	-2.423849e-01
2.781696e-01	-2.460706e-01
2.781952e-01	-2.496385e-01
2.782208e-01	-2.532132e-01
2.782464e-01	-2.568022e-01
2.782720e-01	-2.601402e-01
2.782976e-01	-2.634836e-01
2.783232e-01	-2.667606e-01
2.783488e-01	-2.701835e-01
2.783744e-01	-2.734885e-01
2.784000e-01	-2.764463e-01
2.784256e-01	-2.795850e-01
2.784512e-01	-2.827608e-01
2.784768e-01	-2.855856e-01
2.785024e-01	-2.885241e-01
2.785280e-01	-2.913966e-01
2.785536e-01	-2.942192e-01
2.785792e-01	-2.969336e-01
2.786048e-01	-2.995245e-01
2.786304e-01	-3.022713e-01
2.786560e-01	-3.047047e-01
2.786816e-01	-3.071682e-01
2.787072e-01	-3.095841e-01
2.787328e-01	-3.118291e-01
2.787584e-01	-3.141349e-01
2.787840e-01	-3.164360e-01
2.788096e-01	-3.186273e-01
2.788352e-01	-3.205822e-01
2.788608e-01	-3.225089e-01
2.788864e-01	-3.245631e-01
2.789120e-01	-3.263871e-01
2.789376e-01	-3.281424e-01
2.789632e-01	-3.297947e-01
2.789888e-01	-3.315278e-01
2.790144e-01	-3.331329e-01
2.790400e-01	-3.345623e-01
2.790656e-01	-3.359324e-01
2.790912e-01	-3.373533e-01
2.791168e-01	-3.385937e-01
2.791424e-01	-3.397112e-01
2.791680e-01	-3.407862e-01
2.791936e-01	-3.418321e-01
2.792192e-01	-3.428079e-01
2.792448e-01	-3.437537e-01
2.792704e-01	-3.445173e-01
2.792960e-01	-3.452995e-01
2.793216e-01	-3.459432e-01
2.793472e-01	-3.465783e-01
2.793728e-01	-3.470456e-01
2.793984e-01	-3.473922e-01
2.794240e-01	-3.478548e-01
2.794496e-01	-3.480381e-01
2.794752e-01	-3.482154e-01
2.795008e-01	-3.483736e-01
2.795264e-01	-3.483917e-01
2.795520e-01	-3.483613e-01
2.795776e-01	-3.482440e-01
2.796032e-01	-3.481017e-01
2.796288e-01	-3.478129e-01
2.796544e-01	-3.474304e-01
2.796800e-01	-3.469745e-01
2.797056e-01	-3.464790e-01
2.797312e-01	-3.459091e-01
2.797568e-01	-3.452356e-01
2.797824e-01	-3.444263e-01
2.798080e-01	-3.436668e-01
2.798336e-01	-3.427552e-01
2.798592e-01	-3.418522e-01
2.798848e-01	-3.407192e-01
2.799104e-01	-3.396329e-01
2.799360e-01	-3.383976e-01
2.799616e-01	-3.372066e-01
2.799872e-01	-3.358527e-01
2.800128e-01	-3.344421e-01
2.800384e-01	-3.329926e-01
2.800640e-01	-3.313478e-01
2.800896e-01	-3.297779e-01
2.801152e-01	-3.280241e-01
2.801408e-01	-3.262255e-01
2.801664e-01	-3.244623e-01
2.801920e-01	-3.224251e-01
2.802176e-01	-3.205336e-01
2.802432e-01	-3.185138e-01
2.802688e-01	-3.162987e-01
2.802944e-01	-3.141441e-01
2.803200e-01	-3.118671e-01
2.803456e-01	-3.095103e-01
2.803712e-01	-3.071301e-01
2.803968e-01	-3.045974e-01
2.804224e-01	-3.020096e-01
2.804480e-01	-2.994564e-01
2.804736e-01	-2.968489e-01
2.804992e-01	-2.941523e-01
2.805248e-01	-2.913054e-01
2.805504e-01	-2.883893e-01
2.805760e-01	-2.855597e-01
2.806016e-01	-2.825040e-01
2.806272e-01	-2.794854e-01
2.806528e-01	-2.763004e-01
2.806784e-01	-2.732213e-01
2.807040e-01	-2.700002e-01
2.807296e-01	-2.667947e-01
2.807552e-01	-2.633871e-01
2.807808e-01	-2.600084e-01
2.808064e-01	-2.566028e-01
2.808320e-01	-2.530984e-01
2.808576e-01	-2.495620e-01
2.808832e-01	-2.458684e-01
2.809088e-01	-2.421927e-01
2.809344e-01	-2.386115e-01
2.809600e-01	-2.348629e-01
2.809856e-01	-2.309502e-01
2.810112e-01	-2.272377e-01
2.810368e-01	-2.233019e-01
2.810624e-01	-2.192846e-01
2.810880e-01	-2.153554e-01
2.811136e-01	-2.112961e-01
2.811392e-01	-2.072368e-01
2.811648e-01	-2.030822e-01
2.811904e-01	-1.989733e-01
2.812160e-01	-1.947460e-01
2.812416e-01	-1.906395e-01
2.812672e-01	-1.862649e-01
2.812928e-01	-1.819653e-01
2.813184e-01	-1.776145e-01
2.813440e-01	-1.732094e-01
2.813696e-01	-1.690933e-01
2.813952e-01	-1.643974e-01
2.814208e-01	-1.599366e-01
2.814464e-01	-1.555383e-01
2.814720e-01	-1.508330e-01
2.814976e-01	-1.465766e-01
2.815232e-01	-1.418949e-01
2.815488e-01	-1.373000e-01
2.815744e-01	-1.327033e-01
2.816000e-01	-1.281619e-01
2.816256e-01	-1.234164e-01
2.816512e-01	-1.186820e-01
2.816768e-01	-1.142249e-01
2.817024e-01	-1.094454e-01
2.817280e-01	-1.046663e-01
2.817536e-01	-9.987690e-02
2.817792e-01	-9.512820e-02
2.818048e-01	-9.030165e-02
2.818304e-01	-8.556875e-02
2.818560e-01	-8.081656e-02
2.818816e-01	-7.596301e-02
2.819072e-01	-7.134397e-02
2.819328e-01	-6.637079e-02
2.819584e-01	-6.164759e-02
2.819840e-01	-5.680598e-02
2.820096e-01	-5.191061e-02
2.820352e-01	-4.730060e-02
2.820608e-01	-4.247732e-02
2.820864e-01	-3.751546e-02
2.821120e-01	-3.276427e-02
2.821376e-01	-2.801620e-02
2.821632e-01	-2.319463e-02
2.821888e-01	-1.841672e-02
2.822144e-01	-1.353197e-02
2.822400e-01	-8.870367e-03
2.822656e-01	-4.099264e-03
2.822912e-01	7.015179e-04
2.823168e-01	5.393232e-03
2.823424e-01	1.015899e-02
2.823680e-01	1.491094e-02
2.823936e-01	1.951366e-02
2.824192e-01	2.415026e-02
2.824448e-01	2.891422e-02
2.824704e-01	3.349272e-02
2.824960e-01	3.810840e-02
2.825216e-01	4.254707e-02
2.825472e-01	4.715369e-02
2.825728e-01	5.174792e-02
2.825984e-01	5.638727e-02
2.826240e-01	6.081767e-02
2.826496e-01	6.519357e-02
2.826752e-01	6.966542e-02
2.827008e-01	7.405601e-02
2.827264e-01	7.847561e-02
2.827520e-01	8.278599e-02
2.827776e-01	8.707088e-02
2.828032e-01	9.129710e-02
2.828288e-01	9.552069e-02
2.828544e-01	9.974314e-02
2.828800e-01	1.038654e-01
2.829056e-01	1.080170e-01
2.829312e-01	1.119325e-01
2.829568e-01	1.161772e-01
2.829824e-01	1.200761e-01
2.830080e-01	1.239455e-01
2.830336e-01	1.278944e-01
2.830592e-01	1.316931e-01
2.830848e-01	1.356130e-01
2.831104e-01	1.392636e-01
2.831360e-01	1.429988e-01
2.831616e-01	1.466365e-01
2.831872e-01	1.502020e-01
2.832128e-01	1.537828e-01
2.832384e-01	1.572656e-01
2.832640e-01	1.608676e-01
2.832896e-01	1.641426e-01
2.833152e-01	1.674706e-01
2.833408e-01	1.707247e-01
2.833664e-01	1.738629e-01
2.833920e-01	1.771284e-01
2.834176e-01	1.802244e-01
2.834432e-01	1.831609e-01
2.834688e-01	1.861751e-01
2.834944e-01	1.891102e-01
2.835200e-01	1.920645e-01
2.835456e-01	1.948121e-01
2.835712e-01	1.975332e-01
2.835968e-01	2.000612e-01
2.836224e-01	2.028099e-01
2.836480e-01	2.054404e-01
2.836736e-01	2.077766e-01
2.836992e-01	2.102256e-01
2.837248e-01	2.125895e-01
2.837504e-01	2.148978e-01
2.837760e-01	2.170437e-01
2.838016e-01	2.191998e-01
2.838272e-01	2.212709e-01
2.838528e-01	2.232140e-01
2.838784e-01	2.252128e-01
2.839040e-01	2.269765e-01
2.839296e-01	2.288986e-01
2.839552e-01	2.305270e-01
2.839808e-01	2.321339e-01
2.840064e-01	2.336062e-01
2.840320e-01	2.350791e-01
2.840576e-01	2.365664e-01
2.840832e-01	2.378486e-01
2.841088e-01	2.391823e-01
2.841344e-01	2.403789e-01
2.841600e-01	2.414979e-01
2.841856e-01	2.424905e-01
2.842112e-01	2.434925e-01
2.842368e-01	2.444127e-01
2.842624e-01	2.451423e-01
2.842880e-01	2.459587e-01
2.843136e-01	2.465148e-01
2.843392e-01	2.471106e-01
2.843648e-01	2.476791e-01
2.843904e-01	2.480491e-01
2.844160e-01	2.483788e-01
2.844416e-01	2.486258e-01
2.844672e-01	2.489301e-01
2.844928e-01	2.490619e-01
2.845184e-01	2.489649e-01
2.845440e-01	2.490503e-01
2.845696e-01	2.488601e-01
2.845952e-01	2.486538e-01
2.846208e-01	2.483530e-01
2.846464e-01	2.479584e-01
2.846720e-01	2.476138e-01
2.846976e-01	2.471643e-01
2.847232e-01	2.465352e-01
2.847488e-01	2.458186e-01
2.847744e-01	2.451089e-01
2.848000e-01	2.444386e-01
2.848256e-01	2.435156e-01
2.848512e-01	2.425712e-01
2.848768e-01	2.414710e-01
2.849024e-01	2.403822e-01
2.849280e-01	2.391187e-01
2.849536e-01	2.378413e-01
2.849792e-01	2.365521e-01
2.850048e-01	2.350612e-01
2.850304e-01	2.337045e-01
2.850560e-01	2.320112e-01
2.850816e-01	2.303698e-01
2.851072e-01	2.287648e-01
2.851328e-01	2.269279e-01
2.851584e-01	2.250983e-01
2.851840e-01	2.231060e-01
2.852096e-01	2.212638e-01
2.852352e-01	2.191303e-01
2.852608e-01	2.171128e-01
2.852864e-01	2.147912e-01
2.853120e-01	2.125367e-01
2.853376e-01	2.101806e-01
2.853632e-01	2.077657e-01
2.853888e-01	2.053215e-01
2.854144e-01	2.027608e-01
2.854400e-01	2.002845e-01
2.854656e-01	1.974655e-01
2.854912e-01	1.948494e-01
2.855168e-01	1.919949e-01
2.855424e-01	1.890671e-01
2.855680e-01	1.863027e-01
2.855936e-01	1.832009e-01
2.856192e-01	1.803033e-01
2.856448e-01	1.771240e-01
2.856704e-01	1.739739e-01
2.856960e-01	1.707805e-01
2.857216e-01	1.674619e-01
2.857472e-01	1.641344e-01
2.857728e-01	1.608220e-01
2.857984e-01	1.573707e-01
2.858240e-01	1.538666e-01
2.858496e-01	1.502767e-01
2.858752e-01	1.465753e-01
2.859008e-01	1.430179e-01
2.859264e-01	1.392953e-01
2.859520e-01	1.355208e-01
2.859776e-01	1.318148e-01
2.860032e-01	1.279420e-01
2.860288e-01	1.239995e-01
2.860544e-01	1.199879e-01
2.860800e-01	1.161246e-01
2.861056e-01	1.121453e-01
2.861312e-01	1.080753e-01
2.861568e-01	1.040386e-01
2.861824e-01	9.978876e-02
2.862080e-01	9.553995e-02
2.862336e-01	9.131787e-02
2.862592e-01	8.705043e-02
2.862848e-01	8.293220e-02
2.863104e-01	7.842596e-02
2.863360e-01	7.413036e-02
2.863616e-01	6.983665e-02
2.863872e-01	6.524139e-02
2.864128e-01	6.086498e-02
2.864384e-01	5.640069e-02
2.864640e-01	5.188819e-02
2.864896e-01	4.737182e-02
2.865152e-01	4.273420e-02
2.865408e-01	3.819537e-02
2.865664e-01	3.344822e-02
2.865920e-01	2.895833e-02
2.866176e-01	2.427576e-02
2.866432e-01	1.974000e-02
2.866688e-01	1.491016e-02
2.866944e-01	1.019205e-02
2.867200e-01	5.628000e-03
2.867456e-01	6.742426e-04
2.867712e-01	-3.866696e-03
2.867968e-01	-8.703081e-03
2.868224e-01	-1.354217e-02
2.868480e-01	-1.836576e-02
2.868736e-01	-2.306248e-02
2.868992e-01	-2.777772e-02
2.869248e-01	-3.272212e-02
2.869504e-01	-3.740871e-02
2.869760e-01	-4.224939e-02
2.870016e-01	-4.698941e-02
2.870272e-01	-5.187127e-02
2.870528e-01	-5.666688e-02
2.870784e-01	-6.154903e-02
2.871040e-01	-6.627514e-02
2.871296e-01	-7.115240e-02
2.871552e-01	-7.591262e-02
2.871808e-01	-8.068062e-02
2.872064e-01	-8.538318e-02
2.872320e-01	-9.017585e-02
2.872576e-01	-9.505445e-02
2.872832e-01	-9.971769e-02
2.873088e-01	-1.045152e-01
2.873344e-01	-1.091696e-01
2.873600e-01	-1.138672e-01
2.873856e-01	-1.186610e-01
2.874112e-01	-1.232079e-01
2.874368e-01	-1.279925e-01
2.874624e-01	-1.325632e-01
2.874880e-01	-1.371712e-01
2.875136e-01	-1.418718e-01
2.875392e-01	-1.462416e-01
2.875648e-01	-1.508364e-01
2.875904e-01	-1.553907e-01
2.876160e-01	-1.597522e-01
2.876416e-01	-1.643858e-01
2.876672e-01	-1.688023e-01
2.876928e-01	-1.731399e-01
2.877184e-01	-1.774981e-01
2.877440e-01	-1.816702e-01
2.877696e-01	-1.861919e-01
2.877952e-01	-1.904623e-01
2.878208e-01	-1.946149e-01
2.878464e-01	-1.989324e-01
2.878720e-01	-2.029243e-01
2.878976e-01	-2.071356e-01
2.879232e-01	-2.110318e-01
2.879488e-01	-2.151250e-01
2.879744e-01	-2.192153e-01
2.880000e-01	-2.229958e-01
2.880256e-01	-2.269592e-01
2.880512e-01	-2.308875e-01
2.880768e-01	-2.347142e-01
2.881024e-01	-2.383975e-01
2.881280e-01	-2.421757e-01
2.881536e-01	-2.458124e-01
2.881792e-01	-2.493658e-01
2.882048e-01	-2.529616e-01
2.882304e-01	-2.563129e-01
2.882560e-01	-2.598664e-01
2.882816e-01	-2.631914e-01
2.883072e-01	-2.666514e-01
2.883328e-01	-2.699179e-01
2.883584e-01	-2.730291e-01
2.883840e-01	-2.762262e-01
2.884096e-01	-2.793068e-01
2.884352e-01	-2.823845e-01
2.884608e-01	-2.853188e-01
2.884864e-01	-2.882323e-01
2.885120e-01	-2.910994e-01
2.885376e-01	-2.938704e-01
2.885632e-01	-2.966252e-01
2.885888e-01	-2.992746e-01
2.886144e-01	-3.019437e-01
2.886400e-01	-3.044915e-01
2.886656e-01	-3.069789e-01
2.886912e-01	-3.094478e-01
2.887168e-01	-3.117312e-01
2.887424e-01	-3.140004e-01
2.887680e-01	-3.162462e-01
2.887936e-01	-3.182999e-01
2.888192e-01	-3.203847e-01
2.888448e-01	-3.224420e-01
2.888704e-01	-3.243642e-01
2.888960e-01	-3.261946e-01
2.889216e-01	-3.280281e-01
2.889472e-01	-3.296674e-01
2.889728e-01	-3.313541e-01
2.889984e-01	-3.329024e-01
2.890240e-01	-3.344256e-01
2.890496e-01	-3.358159e-01
2.890752e-01	-3.371742e-01
2.891008e-01	-3.384720e-01
2.891264e-01	-3.396007e-01
2.891520e-01	-3.406907e-01
2.891776e-01	-3.418214e-01
2.892032e-01	-3.427569e-01
2.892288e-01	-3.436317e-01
2.892544e-01	-3.445292e-01
2.892800e-01	-3.451988e-01
2.893056e-01	-3.459018e-01
2.893312e-01	-3.464267e-01
2.893568e-01	-3.469798e-01
2.893824e-01	-3.474866e-01
2.894080e-01	-3.476794e-01
2.894336e-01	-3.480223e-01
2.894592e-01	-3.481192e-01
2.894848e-01	-3.483255e-01
2.895104e-01	-3.483365e-01
2.895360e-01	-3.483948e-01
2.895616e-01	-3.482236e-01
2.895872e-01	-3.479884e-01
2.896128e-01	-3.477207e-01
2.896384e-01	-3.474366e-01
2.896640e-01	-3.470641e-01
2.896896e-01	-3.464538e-01
2.897152e-01	-3.459931e-01
2.897408e-01	-3.453440e-01
2.897664e-01	-3.446223e-01
2.897920e-01	-3.437801e-01
2.898176e-01	-3.429356e-01
2.898432e-01	-3.419910e-01
2.898688e-01	-3.408142e-01
2.898944e-01	-3.397532e-01
2.899200e-01	-3.385909e-01
2.899456e-01	-3.374090e-01
2.899712e-01	-3.359711e-01
2.899968e-01	-3.346243e-01
2.900224e-01	-3.330846e-01
2.900480e-01	-3.315536e-01
2.900736e-01	-3.299207e-01
2.900992e-01	-3.281680e-01
2.901248e-01	-3.264912e-01
2.901504e-01	-3.246183e-01
2.901760e-01	-3.227144e-01
2.902016e-01	-3.208557e-01
2.902272e-01	-3.186677e-01
2.902528e-01	-3.165761e-01
2.902784e-01	-3.143711e-01
2.903040e-01	-3.120534e-01
2.903296e-01	-3.098202e-01
2.903552e-01	-3.073856e-01
2.903808e-01	-3.049445e-01
2.904064e-01	-3.022940e-01
2.904320e-01	-2.997003e-01
2.904576e-01	-2.970984e-01
2.904832e-01	-2.942071e-01
2.905088e-01	-2.915775e-01
2.905344e-01	-2.885995e-01
2.905600e-01	-2.858055e-01
2.905856e-01	-2.828871e-01
2.906112e-01	-2.797606e-01
2.906368e-01	-2.767804e-01
2.906624e-01	-2.735222e-01
2.906880e-01	-2.702841e-01
2.907136e-01	-2.669465e-01
2.907392e-01	-2.637141e-01
2.907648e-01	-2.604239e-01
2.907904e-01	-2.568761e-01
2.908160e-01	-2.533468e-01
2.908416e-01	-2.498806e-01
2.908672e-01	-2.462814e-01
2.908928e-01	-2.424789e-01
2.909184e-01	-2.389731e-01
2.909440e-01	-2.351804e-01
2.909696e-01	-2.313538e-01
2.909952e-01	-2.274521e-01
2.910208e-01	-2.236808e-01
2.910464e-01	-2.197402e-01
2.910720e-01	-2.156346e-01
2.910976e-01	-2.117286e-01
2.911232e-01	-2.077384e-01
2.911488e-01	-2.035408e-01
2.911744e-01	-1.994003e-01
2.912000e-01	-1.952972e-01
2.912256e-01	-1.910300e-01
2.912512e-01	-1.867761e-01
2.912768e-01	-1.824428e-01
2.913024e-01	-1.781322e-01
2.913280e-01	-1.737334e-01
2.913536e-01	-1.692586e-01
2.913792e-01	-1.650144e-01
2.914048e-01	-1.604404e-01
2.914304e-01	-1.559895e-01
2.914560e-01	-1.515176e-01
2.914816e-01	-1.469015e-01
2.915072e-01	-1.424040e-01
2.915328e-01	-1.378370e-01
2.915584e-01	-1.332914e-01
2.915840e-01	-1.286139e-01
2.916096e-01	-1.238113e-01
2.916352e-01	-1.192479e-01
2.916608e-01	-1.145527e-01
2.916864e-01	-1.098523e-01
2.917120e-01	-1.050911e-01
2.917376e-01	-1.003364e-01
2.917632e-01	-9.564681e-02
2.917888e-01	-9.077672e-02
2.918144e-01	-8.607139e-02
2.918400e-01	-8.134434e-02
2.918656e-01	-7.650676e-02
2.918912e-01	-7.171915e-02
2.919168e-01	-6.691675e-02
2.919424e-01	-6.208276e-02
2.919680e-01	-5.730475e-02
2.919936e-01	-5.252925e-02
2.920192e-01	-4.764839e-02
2.920448e-01	-4.297691e-02
2.920704e-01	-3.804555e-02
2.920960e-01	-3.333216e-02
2.921216e-01	-2.846414e-02
2.921472e-01	-2.360713e-02
2.921728e-01	-1.890357e-02
2.921984e-01	-1.399374e-02
2.922240e-01	-9.433381e-03
2.922496e-01	-4.536425e-03
2.922752e-01	1.986086e-04
2.923008e-01	4.797454e-03
2.923264e-01	9.643823e-03
2.923520e-01	1.436156e-02
2.923776e-01	1.909150e-02
2.924032e-01	2.369854e-02
2.924288e-01	2.847157e-02
2.924544e-01	3.309819e-02
2.924800e-01	3.767299e-02
2.925056e-01	4.218609e-02
2.925312e-01	4.677466e-02
2.925568e-01	5.134843e-02
2.925824e-01	5.584687e-02
2.926080e-01	6.027652e-02
2.926336e-01	6.482527e-02
2.926592e-01	6.928560e-02
2.926848e-01	7.364698e-02
2.927104e-01	7.799517e-02
2.927360e-01	8.234771e-02
2.927616e-01	8.669156e-02
2.927872e-01	9.088263e-02
2.928128e-01	9.511141e-02
2.928384e-01	9.931480e-02
2.928640e-01	1.034203e-01
2.928896e-01	1.077136e-01
2.929152e-01	1.115927e-01
2.929408e-01	1.155641e-01
2.929664e-01	1.197100e-01
2.929920e-01	1.236445e-01
2.930176e-01	1.275556e-01
2.930432e-01	1.314066e-01
2.930688e-01	1.351488e-01
2.930944e-01	1.388516e-01
2.931200e-01	1.425042e-01
2.931456e-01	1.462710e-01
2.931712e-01	1.498097e-01
2.931968e-01	1.534376e-01
2.932224e-01	1.570016e-01
2.932480e-01	1.604454e-01
2.932736e-01	1.638010e-01
2.932992e-01	1.669639e-01
2.933248e-01	1.703311e-01
2.933504e-01	1.736509e-01
2.933760e-01	1.767040e-01
2.934016e-01	1.799319e-01
2.934272e-01	1.829391e-01
2.934528e-01	1.860226e-01
2.934784e-01	1.888681e-01
2.935040e-01	1.917548e-01
2.935296e-01	1.946508e-01
2.935552e-01	1.972176e-01
2.935808e-01	1.999204e-01
2.936064e-01	2.025767e-01
2.936320e-01	2.051003e-01
2.936576e-01	2.075121e-01
2.936832e-01	2.099614e-01
2.937088e-01	2.124579e-01
2.937344e-01	2.145635e-01
2.937600e-01	2.167540e-01
2.937856e-01	2.189252e-01
2.938112e-01	2.209685e-01
2.938368e-01	2.230036e-01
2.938624e-01	2.249958e-01
2.938880e-01	2.267609e-01
2.939136e-01	2.285626e-01
2.939392e-01	2.303065e-01
2.939648e-01	2.319204e-01
2.939904e-01	2.335108e-01
2.940160e-01	2.350312e-01
2.940416e-01	2.363648e-01
2.940672e-01	2.378344e-01
2.940928e-01	2.390788e-01
2.941184e-01	2.402737e-01
2.941440e-01	2.413891e-01
2.941696e-01	2.424254e-01
2.941952e-01	2.433543e-01
2.942208e-01	2.442960e-01
2.942464e-01	2.451842e-01
2.942720e-01	2.457540e-01
2.942976e-01	2.464625e-01
2.943232e-01	2.471675e-01
2.943488e-01	2.475077e-01
2.943744e-01	2.480383e-01
2.944000e-01	2.483499e-01
2.944256e-01	2.486201e-01
2.944512e-01	2.489277e-01
2.944768e-01	2.489158e-01
2.945024e-01	2.489648e-01
2.945280e-01	2.489315e-01
2.945536e-01	2.487822e-01
2.945792e-01	2.486125e-01
2.946048e-01	2.484691e-01
2.946304e-01	2.481053e-01
2.946560e-01	2.476596e-01
2.946816e-01	2.472304e-01
2.947072e-01	2.465737e-01
2.947328e-01	2.459685e-01
2.947584e-01	2.451914e-01
2.947840e-01	2.444326e-01
2.948096e-01	2.434228e-01
2.948352e-01	2.425903e-01
2.948608e-01	2.415293e-01
2.948864e-01	2.403793e-01
2.949120e-01	2.393186e-01
2.949376e-01	2.380290e-01
2.949632e-01	2.366868e-01
2.949888e-01	2.353255e-01
2.950144e-01	2.336912e-01
2.950400e-01	2.322588e-01
2.950656e-01	2.306983e-01
2.950912e-01	2.288648e-01
2.951168e-01	2.272500e-01
2.951424e-01	2.252245e-01
2.951680e-01	2.233022e-01
2.951936e-01	2.214625e-01
2.952192e-01	2.192873e-01
2.952448e-01	2.171864e-01
2.952704e-01	2.150359e-01
2.952960e-01	2.128014e-01
2.953216e-01	2.103970e-01
2.953472e-01	2.079871e-01
2.953728e-01	2.055579e-01
2.953984e-01	2.031386e-01
2.954240e-01	2.004437e-01
2.954496e-01	1.977645e-01
2.954752e-01	1.949509e-01
2.955008e-01	1.922610e-01
2.955264e-01	1.894858e-01
2.955520e-01	1.864428e-01
2.955776e-01	1.835070e-01
2.956032e-01	1.804380e-01
2.956288e-01	1.773244e-01
2.956544e-01	1.742125e-01
2.956800e-01	1.710291e-01
2.957056e-01	1.678261e-01
2.957312e-01	1.644963e-01
2.957568e-01	1.610306e-01
2.957824e-01	1.575935e-01
2.958080e-01	1.541047e-01
2.958336e-01	1.505685e-01
2.958592e-01	1.470413e-01
2.958848e-01	1.433242e-01
2.959104e-01	1.396852e-01
2.959360e-01	1.359016e-01
2.959616e-01	1.321846e-01
2.959872e-01	1.283027e-01
2.960128e-01	1.243626e-01
2.960384e-01	1.204146e-01
2.960640e-01	1.164461e-01
2.960896e-01	1.124808e-01
2.961152e-01	1.083830e-01
2.961408e-01	1.042510e-01
2.961664e-01	1.001107e-01
2.961920e-01	9.591437e-02
2.962176e-01	9.183345e-02
2.962432e-01	8.751094e-02
2.962688e-01	8.319939e-02
2.962944e-01	7.891807e-02
2.963200e-01	7.455156e-02
2.963456e-01	7.011883e-02
2.963712e-01	6.580139e-02
2.963968e-01	6.140733e-02
2.964224e-01	5.679589e-02
2.964480e-01	5.224218e-02
2.964736e-01	4.764820e-02
2.964992e-01	4.321796e-02
2.965248e-01	3.875269e-02
2.965504e-01	3.403839e-02
2.965760e-01	2.933046e-02
2.966016e-01	2.477014e-02
2.966272e-01	2.028488e-02
2.966528e-01	1.534965e-02
2.966784e-01	1.065044e-02
2.967040e-01	5.934738e-03
2.967296e-01	1.156416e-03
2.967552e-01	-3.492963e-03
2.967808e-01	-8.259983e-03
2.968064e-01	-1.307716e-02
2.968320e-01	-1.777314e-02
2.968576e-01	-2.252872e-02
2.968832e-01	-2.751474e-02
2.969088e-01	-3.221798e-02
2.969344e-01	-3.695939e-02
2.969600e-01	-4.179501e-02
2.969856e-01	-4.662088e-02
2.970112e-01	-5.142617e-02
2.970368e-01	-5.614952e-02
2.970624e-01	-6.106517e-02
2.970880e-01	-6.579795e-02
2.971136e-01	-7.080469e-02
2.971392e-01	-7.543089e-02
2.971648e-01	-8.022355e-02
2.971904e-01	-8.517139e-02
2.972160e-01	-8.989738e-02
2.972416e-01	-9.466755e-02
2.972672e-01	-9.932973e-02
2.972928e-01	-1.041175e-01
2.973184e-01	-1.087801e-01
2.973440e-01	-1.135583e-01
2.973696e-01	-1.181657e-01
2.973952e-01	-1.227636e-01
2.974208e-01	-1.275171e-01
2.974464e-01	-1.320686e-01
2.974720e-01	-1.367843e-01
2.974976e-01	-1.412642e-01
2.975232e-01	-1.459301e-01
2.975488e-01	-1.504302e-01
2.975744e-01	-1.549799e-01
2.976000e-01	-1.595012e-01
2.976256e-01	-1.638908e-01
2.976512e-01	-1.683463e-01
2.976768e-01	-1.727288e-01
2.977024e-01	-1.771491e-01
2.977280e-01	-1.815039e-01
2.977536e-01	-1.856246e-01
2.977792e-01	-1.899604e-01
2.978048e-01	-1.942556e-01
2.978304e-01	-1.984848e-01
2.978560e-01	-2.025844e-01
2.978816e-01	-2.066958e-01
2.979072e-01	-2.107546e-01
2.979328e-01	-2.147158e-01
2.979584e-01	-2.188672e-01
2.979840e-01	-2.226519e-01
2.980096e-01	-2.265290e-01
2.980352e-01	-2.304952e-01
2.980608e-01	-2.342915e-01
2.980864e-01	-2.381123e-01
2.981120e-01	-2.417042e-01
2.981376e-01	-2.454284e-01
2.981632e-01	-2.490661e-01
2.981888e-01	-2.526612e-01
2.982144e-01	-2.561640e-01
2.982400e-01	-2.595719e-01
2.982656e-01	-2.629531e-01
2.982912e-01	-2.662279e-01
2.983168e-01	-2.695376e-01
2.983424e-01	-2.728291e-01
2.983680e-01	-2.759408e-01
2.983936e-01	-2.790969e-01
2.984192e-01	-2.820813e-01
2.984448e-01	-2.851096e-01
2.984704e-01	-2.881054e-01
2.984960e-01	-2.909206e-01
2.985216e-01	-2.936647e-01
2.985472e-01	-2.965508e-01
2.985728e-01	-2.991213e-01
2.985984e-01	-3.017238e-01
2.986240e-01	-3.044083e-01
2.986496e-01	-3.067877e-01
2.986752e-01	-3.092631e-01
2.987008e-01	-3.117015e-01
2.987264e-01	-3.138473e-01
2.987520e-01	-3.160436e-01
2.987776e-01	-3.183169e-01
2.988032e-01	-3.204238e-01
2.988288e-01	-3.222915e-01
2.988544e-01	-3.243127e-01
2.988800e-01	-3.261859e-01
2.989056e-01	-3.278675e-01
2.989312e-01	-3.295001e-01
2.989568e-01	-3.312026e-01
2.989824e-01	-3.328975e-01
2.990080e-01	-3.342565e-01
2.990336e-01	-3.357940e-01
2.990592e-01	-3.371896e-01
2.990848e-01	-3.384262e-01
2.991104e-01	-3.395980e-01
2.991360e-01	-3.406933e-01
2.991616e-01	-3.417154e-01
2.991872e-01	-3.426635e-01
2.992128e-01	-3.437057e-01
2.992384e-01	-3.443627e-01
2.992640e-01	-3.451982e-01
2.992896e-01	-3.459812e-01
2.993152e-01	-3.464469e-01
2.993408e-01	-3.469385e-01
2.993664e-01	-3.473322e-01
2.993920e-01	-3.476568e-01
2.994176e-01	-3.481717e-01
2.994432e-01	-3.482351e-01
2.994688e-01	-3.484028e-01
2.994944e-01	-3.484372e-01
2.995200e-01	-3.483406e-01
2.995456e-01	-3.483856e-01
2.995712e-01	-3.481089e-01
2.995968e-01	-3.479151e-01
2.996224e-01	-3.475680e-01
2.996480e-01	-3.471489e-01
2.996736e-01	-3.466146e-01
2.996992e-01	-3.460136e-01
2.997248e-01	-3.454835e-01
2.997504e-01	-3.445646e-01
2.997760e-01	-3.438766e-01
2.998016e-01	-3.430059e-01
2.998272e-01	-3.420702e-01
2.998528e-01	-3.410379e-01
2.998784e-01	-3.399484e-01
2.999040e-01	-3.387878e-01
2.999296e-01	-3.376130e-01
2.999552e-01	-3.361573e-01
2.999808e-01	-3.347454e-01
3.000064e-01	-3.332777e-01
3.000320e-01	-3.317123e-01
3.000576e-01	-3.301594e-01
3.000832e-01	-3.283681e-01
3.001088e-01	-3.266857e-01
3.001344e-01	-3.247632e-01
3.001600e-01	-3.228751e-01
3.001856e-01	-3.209491e-01
3.002112e-01	-3.188601e-01
3.002368e-01	-3.168663e-01
3.002624e-01	-3.146524e-01
3.002880e-01	-3.123814e-01
3.003136e-01	-3.099693e-01
3.003392e-01	-3.075360e-01
3.003648e-01	-3.051028e-01
3.003904e-01	-3.027408e-01
3.004160e-01	-3.000054e-01
3.004416e-01	-2.974296e-01
3.004672e-01	-2.946531e-01
3.004928e-01	-2.918648e-01
3.005184e-01	-2.891148e-01
3.005440e-01	-2.861026e-01
3.005696e-01	-2.831244e-01
3.005952e-01	-2.801421e-01
3.006208e-01	-2.770528e-01
3.006464e-01	-2.738582e-01
3.006720e-01	-2.707059e-01
3.006976e-01	-2.673930e-01
3.007232e-01	-2.641081e-01
3.007488e-01	-2.607694e-01
3.007744e-01	-2.571972e-01
3.008000e-01	-2.538698e-01
3.008256e-01	-2.501681e-01
3.008512e-01	-2.465941e-01
3.008768e-01	-2.430229e-01
3.009024e-01	-2.392074e-01
3.009280e-01	-2.354489e-01
3.009536e-01	-2.318432e-01
3.009792e-01	-2.279822e-01
3.010048e-01	-2.239932e-01
3.010304e-01	-2.200561e-01
3.010560e-01	-2.160434e-01
3.010816e-01	-2.121508e-01
3.011072e-01	-2.080978e-01
3.011328e-01	-2.039651e-01
3.011584e-01	-1.998721e-01
3.011840e-01	-1.955408e-01
3.012096e-01	-1.914115e-01
3.012352e-01	-1.871601e-01
3.012608e-01	-1.828232e-01
3.012864e-01	-1.785544e-01
3.013120e-01	-1.741722e-01
3.013376e-01	-1.697637e-01
3.013632e-01	-1.653723e-01
3.013888e-01	-1.609932e-01
3.014144e-01	-1.564462e-01
3.014400e-01	-1.518089e-01
3.014656e-01	-1.473456e-01
3.014912e-01	-1.428126e-01
3.015168e-01	-1.382758e-01
3.015424e-01	-1.336607e-01
3.015680e-01	-1.290465e-01
3.015936e-01	-1.243360e-01
3.016192e-01	-1.197210e-01
3.016448e-01	-1.150467e-01
3.016704e-01	-1.103231e-01
3.016960e-01	-1.055558e-01
3.017216e-01	-1.008271e-01
3.017472e-01	-9.608131e-02
3.017728e-01	-9.121880e-02
3.017984e-01	-8.662069e-02
3.018240e-01	-8.176393e-02
3.018496e-01	-7.692876e-02
3.018752e-01	-7.228007e-02
3.019008e-01	-6.738811e-02
3.019264e-01	-6.258250e-02
3.019520e-01	-5.775506e-02
3.019776e-01	-5.314293e-02
3.020032e-01	-4.810540e-02
3.020288e-01	-4.326029e-02
3.020544e-01	-3.858396e-02
3.020800e-01	-3.366062e-02
3.021056e-01	-2.894940e-02
3.021312e-01	-2.411424e-02
3.021568e-01	-1.929247e-02
3.021824e-01	-1.454280e-02
3.022080e-01	-9.787513e-03
3.022336e-01	-4.979506e-03
3.022592e-01	-2.641875e-04
3.022848e-01	4.464897e-03
3.023104e-01	9.264698e-03
3.023360e-01	1.389312e-02
3.023616e-01	1.874040e-02
3.023872e-01	2.338465e-02
3.024128e-01	2.787343e-02
3.024384e-01	3.259620e-02
3.024640e-01	3.720348e-02
3.024896e-01	4.167746e-02
3.025152e-01	4.627987e-02
3.025408e-01	5.092788e-02
3.025664e-01	5.552605e-02
3.025920e-01	5.988142e-02
3.026176e-01	6.438415e-02
3.026432e-01	6.880862e-02
3.026688e-01	7.315720e-02
3.026944e-01	7.761686e-02
3.027200e-01	8.196060e-02
3.027456e-01	8.624217e-02
3.027712e-01	9.051587e-02
3.027968e-01	9.469069e-02
3.028224e-01	9.890480e-02
3.028480e-01	1.029852e-01
3.028736e-01	1.071347e-01
3.028992e-01	1.112547e-01
3.029248e-01	1.152851e-01
3.029504e-01	1.192798e-01
3.029760e-01	1.232528e-01
3.030016e-01	1.270752e-01
3.030272e-01	1.310079e-01
3.030528e-01	1.349528e-01
3.030784e-01	1.385901e-01
3.031040e-01	1.422901e-01
3.031296e-01	1.460144e-01
3.031552e-01	1.494015e-01
3.031808e-01	1.530858e-01
3.032064e-01	1.566942e-01
3.032320e-01	1.601379e-01
3.032576e-01	1.633723e-01
3.032832e-01	1.667728e-01
3.033088e-01	1.701149e-01
3.033344e-01	1.731902e-01
3.033600e-01	1.764788e-01
3.033856e-01	1.795852e-01
3.034112e-01	1.825397e-01
3.034368e-01	1.856439e-01
3.034624e-01	1.885312e-01
3.034880e-01	1.914156e-01
3.035136e-01	1.942197e-01
3.035392e-01	1.970358e-01
3.035648e-01	1.997641e-01
3.035904e-01	2.023270e-01
3.036160e-01	2.048296e-01
3.036416e-01	2.072907e-01
3.036672e-01	2.097469e-01
3.036928e-01	2.120787e-01
3.037184e-01	2.144475e-01
3.037440e-01	2.165766e-01
3.037696e-01	2.187396e-01
3.037952e-01	2.208955e-01
3.038208e-01	2.228468e-01
3.038464e-01	2.248158e-01
3.038720e-01	2.265623e-01
3.038976e-01	2.283697e-01
3.039232e-01	2.301234e-01
3.039488e-01	2.317639e-01
3.039744e-01	2.332778e-01
3.040000e-01	2.348698e-01
3.040256e-01	2.363100e-01
3.040512e-01	2.376276e-01
3.040768e-01	2.389008e-01
3.041024e-01	2.400430e-01
3.041280e-01	2.412342e-01
3.041536e-01	2.423139e-01
3.041792e-01	2.432126e-01
3.042048e-01	2.442401e-01
3.042304e-01	2.450007e-01
3.042560e-01	2.457885e-01
3.042816e-01	2.464277e-01
3.043072e-01	2.470089e-01
3.043328e-01	2.475807e-01
3.043584e-01	2.479882e-01
3.043840e-01	2.483108e-01
3.044096e-01	2.486178e-01
3.044352e-01	2.488547e-01
3.044608e-01	2.489351e-01
3.044864e-01	2.489863e-01
3.045120e-01	2.490203e-01
3.045376e-01	2.489126e-01
3.045632e-01	2.487081e-01
3.045888e-01	2.483728e-01
3.046144e-01	2.480654e-01
3.046400e-01	2.476722e-01
3.046656e-01	2.471982e-01
3.046912e-01	2.465853e-01
3.047168e-01	2.460001e-01
3.047424e-01	2.452526e-01
3.047680e-01	2.445511e-01
3.047936e-01	2.435737e-01
3.048192e-01	2.427197e-01
3.048448e-01	2.415933e-01
3.048704e-01	2.403500e-01
3.048960e-01	2.394054e-01
3.049216e-01	2.380588e-01
3.049472e-01	2.367394e-01
3.049728e-01	2.353079e-01
3.049984e-01	2.338349e-01
3.050240e-01	2.324299e-01
3.050496e-01	2.306572e-01
3.050752e-01	2.291505e-01
3.051008e-01	2.273890e-01
3.051264e-01	2.254515e-01
3.051520e-01	2.235392e-01
3.051776e-01	2.215944e-01
3.052032e-01	2.194671e-01
3.052288e-01	2.173813e-01
3.052544e-01	2.151332e-01
3.052800e-01	2.129120e-01
3.053056e-01	2.107817e-01
3.053312e-01	2.082150e-01
3.053568e-01	2.057262e-01
3.053824e-01	2.032641e-01
3.054080e-01	2.006924e-01
3.054336e-01	1.979821e-01
3.054592e-01	1.952025e-01
3.054848e-01	1.925938e-01
3.055104e-01	1.897348e-01
3.055360e-01	1.868013e-01
3.055616e-01	1.838402e-01
3.055872e-01	1.809245e-01
3.056128e-01	1.776719e-01
3.056384e-01	1.745350e-01
3.056640e-01	1.714024e-01
3.056896e-01	1.681240e-01
3.057152e-01	1.647067e-01
3.057408e-01	1.613719e-01
3.057664e-01	1.580217e-01
3.057920e-01	1.544390e-01
3.058176e-01	1.509076e-01
3.058432e-01	1.473487e-01
3.058688e-01	1.436953e-01
3.058944e-01	1.399630e-01
3.059200e-01	1.362832e-01
3.059456e-01	1.325101e-01
3.059712e-01	1.285672e-01
3.059968e-01	1.247368e-01
3.060224e-01	1.206938e-01
3.060480e-01	1.169197e-01
3.060736e-01	1.128865e-01
3.060992e-01	1.088105e-01
3.061248e-01	1.046218e-01
3.061504e-01	1.005769e-01
3.061760e-01	9.646436e-02
3.062016e-01	9.217845e-02
3.062272e-01	8.789817e-02
3.062528e-01	8.341943e-02
3.062784e-01	7.932869e-02
3.063040e-01	7.500921e-02
3.063296e-01	7.059526e-02
3.063552e-01	6.619848e-02
3.063808e-01	6.166543e-02
3.064064e-01	5.729362e-02
3.064320e-01	5.271327e-02
3.064576e-01	4.820508e-02
3.064832e-01	4.364534e-02
3.065088e-01	3.907622e-02
3.065344e-01	3.444936e-02
3.065600e-01	2.972461e-02
3.065856e-01	2.515034e-02
3.066112e-01	2.055843e-02
3.066368e-01	1.581316e-02
3.066624e-01	1.113191e-02
3.066880e-01	6.475041e-03
3.067136e-01	1.664778e-03
3.067392e-01	-3.156083e-03
3.067648e-01	-7.779049e-03
3.067904e-01	-1.256797e-02
3.068160e-01	-1.740246e-02
3.068416e-01	-2.211065e-02
3.068672e-01	-2.694413e-02
3.068928e-01	-3.181885e-02
3.069184e-01	-3.649350e-02
3.069440e-01	-4.125109e-02
3.069696e-01	-4.607866e-02
3.069952e-01	-5.110927e-02
3.070208e-01	-5.585917e-02
3.070464e-01	-6.059601e-02
3.070720e-01	-6.535699e-02
3.070976e-01	-7.020792e-02
3.071232e-01	-7.491525e-02
3.071488e-01	-7.976763e-02
3.071744e-01	-8.458955e-02
3.072000e-01	-8.926929e-02
3.072256e-01	-9.411063e-02
3.072512e-01	-9.883612e-02
3.072768e-01	-1.037386e-01
3.073024e-01	-1.082681e-01
3.073280e-01	-1.129721e-01
3.073536e-01	-1.176457e-01
3.073792e-01	-1.223641e-01
3.074048e-01	-1.272188e-01
3.074304e-01	-1.315932e-01
3.074560e-01	-1.363204e-01
3.074816e-01	-1.408429e-01
3.075072e-01	-1.454332e-01
3.075328e-01	-1.499828e-01
3.075584e-01	-1.545293e-01
3.075840e-01	-1.591329e-01
3.076096e-01	-1.634596e-01
3.076352e-01	-1.678888e-01
3.076608e-01	-1.724112e-01
3.076864e-01	-1.766364e-01
3.077120e-01	-1.810502e-01
3.077376e-01	-1.853446e-01
3.077632e-01	-1.895299e-01
3.077888e-01	-1.937285e-01
3.078144e-01	-1.979478e-01
3.078400e-01	-2.020216e-01
3.078656e-01	-2.062577e-01
3.078912e-01	-2.104946e-01
3.079168e-01	-2.143640e-01
3.079424e-01	-2.183718e-01
3.079680e-01	-2.223592e-01
3.079936e-01	-2.262696e-01
3.080192e-01	-2.301055e-01
3.080448e-01	-2.339275e-01
3.080704e-01	-2.377920e-01
3.080960e-01	-2.414133e-01
3.081216e-01	-2.450892e-01
3.081472e-01	-2.487547e-01
3.081728e-01	-2.522465e-01
3.081984e-01	-2.558125e-01
3.082240e-01	-2.592175e-01
3.082496e-01	-2.625400e-01
3.082752e-01	-2.659603e-01
3.083008e-01	-2.692876e-01
3.083264e-01	-2.725866e-01
3.083520e-01	-2.756572e-01
3.083776e-01	-2.787903e-01
3.084032e-01	-2.818042e-01
3.084288e-01	-2.847356e-01
3.084544e-01	-2.877617e-01
3.084800e-01	-2.905920e-01
3.085056e-01	-2.934637e-01
3.085312e-01	-2.962538e-01
3.085568e-01	-2.988313e-01
3.085824e-01	-3.015410e-01
3.086080e-01	-3.041555e-01
3.086336e-01	-3.065924e-01
3.086592e-01	-3.089801e-01
3.086848e-01	-3.113114e-01
3.087104e-01	-3.136881e-01
3.087360e-01	-3.158963e-01
3.087616e-01	-3.179909e-01
3.087872e-01	-3.201327e-01
3.088128e-01	-3.221034e-01
3.088384e-01	-3.240698e-01
3.088640e-01	-3.257455e-01
3.088896e-01	-3.277014e-01
3.089152e-01	-3.295190e-01
3.089408e-01	-3.311256e-01
3.089664e-01	-3.326760e-01
3.089920e-01	-3.341049e-01
3.090176e-01	-3.356014e-01
3.090432e-01	-3.369564e-01
3.090688e-01	-3.383382e-01
3.090944e-01	-3.394434e-01
3.091200e-01	-3.405487e-01
3.091456e-01	-3.416190e-01
3.091712e-01	-3.426134e-01
3.091968e-01	-3.435530e-01
3.092224e-01	-3.442692e-01
3.092480e-01	-3.451509e-01
3.092736e-01	-3.457992e-01
3.092992e-01	-3.464276e-01
3.093248e-01	-3.468625e-01
3.093504e-01	-3.473848e-01
3.093760e-01	-3.477104e-01
3.094016e-01	-3.479603e-01
3.094272e-01	-3.482248e-01
3.094528e-01	-3.483365e-01
3.094784e-01	-3.483814e-01
3.095040e-01	-3.483957e-01
3.095296e-01	-3.482641e-01
3.095552e-01	-3.480631e-01
3.095808e-01	-3.479787e-01
3.096064e-01	-3.475601e-01
3.096320e-01	-3.471088e-01
3.096576e-01	-3.467593e-01
3.096832e-01	-3.460834e-01
3.097088e-01	-3.455367e-01
3.097344e-01	-3.447319e-01
3.097600e-01	-3.437888e-01
3.097856e-01	-3.431112e-01
3.098112e-01	-3.422334e-01
3.098368e-01	-3.411632e-01
3.098624e-01	-3.400285e-01
3.098880e-01	-3.388262e-01
3.099136e-01	-3.376754e-01
3.099392e-01	-3.362769e-01
3.099648e-01	-3.349999e-01
3.099904e-01	-3.334278e-01
3.100160e-01	-3.318686e-01
3.100416e-01	-3.303274e-01
3.100672e-01	-3.286119e-01
3.100928e-01	-3.267571e-01
3.101184e-01	-3.249445e-01
3.101440e-01	-3.231535e-01
3.101696e-01	-3.211348e-01
3.101952e-01	-3.190984e-01
3.102208e-01	-3.170987e-01
3.102464e-01	-3.148026e-01
3.102720e-01	-3.125618e-01
3.102976e-01	-3.102585e-01
3.103232e-01	-3.077775e-01
3.103488e-01	-3.054760e-01
3.103744e-01	-3.029179e-01
3.104000e-01	-3.001767e-01
3.104256e-01	-2.977339e-01
3.104512e-01	-2.949464e-01
3.104768e-01	-2.921601e-01
3.105024e-01	-2.893139e-01
3.105280e-01	-2.863463e-01
3.105536e-01	-2.834570e-01
3.105792e-01	-2.804570e-01
3.106048e-01	-2.774531e-01
3.106304e-01	-2.741853e-01
3.106560e-01	-2.709197e-01
3.106816e-01	-2.677910e-01
3.107072e-01	-2.643995e-01
3.107328e-01	-2.610828e-01
3.107584e-01	-2.576308e-01
3.107840e-01	-2.541070e-01
3.108096e-01	-2.505951e-01
3.108352e-01	-2.469935e-01
3.108608e-01	-2.433790e-01
3.108864e-01	-2.396408e-01
3.109120e-01	-2.359055e-01
3.109376e-01	-2.321469e-01
3.109632e-01	-2.282887e-01
3.109888e-01	-2.245005e-01
3.110144e-01	-2.205569e-01
3.110400e-01	-2.165366e-01
3.110656e-01	-2.125072e-01
3.110912e-01	-2.084880e-01
3.111168e-01	-2.043163e-01
3.111424e-01	-2.003490e-01
3.111680e-01	-1.960736e-01
3.111936e-01	-1.918370e-01
3.112192e-01	-1.876394e-01
3.112448e-01	-1.833618e-01
3.112704e-01	-1.790743e-01
3.112960e-01	-1.745343e-01
3.113216e-01	-1.703272e-01
3.113472e-01	-1.658975e-01
3.113728e-01	-1.613470e-01
3.113984e-01	-1.569349e-01
3.114240e-01	-1.524751e-01
3.114496e-01	-1.478525e-01
3.114752e-01	-1.432644e-01
3.115008e-01	-1.386277e-01
3.115264e-01	-1.340330e-01
3.115520e-01	-1.295425e-01
3.115776e-01	-1.248223e-01
3.116032e-01	-1.201899e-01
3.116288e-01	-1.154009e-01
3.116544e-01	-1.107790e-01
3.116800e-01	-1.060887e-01
3.117056e-01	-1.012697e-01
3.117312e-01	-9.655330e-02
3.117568e-01	-9.172369e-02
3.117824e-01	-8.688298e-02
3.118080e-01	-8.232117e-02
3.118336e-01	-7.749232e-02
3.118592e-01	-7.269846e-02
3.118848e-01	-6.783125e-02
3.119104e-01	-6.300347e-02
3.119360e-01	-5.828867e-02
3.119616e-01	-5.345976e-02
3.119872e-01	-4.868805e-02
3.120128e-01	-4.376307e-02
3.120384e-01	-3.904088e-02
3.120640e-01	-3.417783e-02
3.120896e-01	-2.942015e-02
3.121152e-01	-2.461372e-02
3.121408e-01	-1.972840e-02
3.121664e-01	-1.509523e-02
3.121920e-01	-1.019880e-02
3.122176e-01	-5.639753e-03
3.122432e-01	-7.991197e-04
3.122688e-01	4.027291e-03
3.122944e-01	8.758950e-03
3.123200e-01	1.336997e-02
3.123456e-01	1.811087e-02
3.123712e-01	2.276053e-02
3.123968e-01	2.739691e-02
3.124224e-01	3.216735e-02
3.124480e-01	3.670407e-02
3.124736e-01	4.143548e-02
3.124992e-01	4.585181e-02
3.125248e-01	5.044181e-02
3.125504e-01	5.492473e-02
3.125760e-01	5.945645e-02
3.126016e-01	6.394979e-02
3.126272e-01	6.830843e-02
3.126528e-01	7.297435e-02
3.126784e-01	7.699704e-02
3.127040e-01	8.149557e-02
3.127296e-01	8.573008e-02
3.127552e-01	9.010461e-02
3.127808e-01	9.435679e-02
3.128064e-01	9.835768e-02
3.128320e-01	1.027415e-01
3.128576e-01	1.067905e-01
3.128832e-01	1.108192e-01
3.129088e-01	1.148318e-01
3.129344e-01	1.189121e-01
3.129600e-01	1.228365e-01
3.129856e-01	1.266717e-01
3.130112e-01	1.306518e-01
3.130368e-01	1.343764e-01
3.130624e-01	1.381520e-01
3.130880e-01	1.419054e-01
3.131136e-01	1.456211e-01
3.131392e-01	1.491414e-01
3.131648e-01	1.528354e-01
3.131904e-01	1.563474e-01
3.132160e-01	1.596412e-01
3.132416e-01	1.632540e-01
3.132672e-01	1.664990e-01
3.132928e-01	1.697206e-01
3.133184e-01	1.730623e-01
3.133440e-01	1.760831e-01
3.133696e-01	1.793714e-01
3.133952e-01	1.824016e-01
3.134208e-01	1.853191e-01
3.134464e-01	1.882260e-01
3.134720e-01	1.911422e-01
3.134976e-01	1.940368e-01
3.135232e-01	1.966898e-01
3.135488e-01	1.994085e-01
3.135744e-01	2.021161e-01
3.136000e-01	2.045656e-01
3.136256e-01	2.070765e-01
3.136512e-01	2.094725e-01
3.136768e-01	2.118562e-01
3.137024e-01	2.141515e-01
3.137280e-01	2.163976e-01
3.137536e-01	2.185577e-01
3.137792e-01	2.206316e-01
3.138048e-01	2.226574e-01
3.138304e-01	2.245570e-01
3.138560e-01	2.264394e-01
3.138816e-01	2.282839e-01
3.139072e-01	2.299597e-01
3.139328e-01	2.316261e-01
3.139584e-01	2.331470e-01
3.139840e-01	2.348122e-01
3.140096e-01	2.361557e-01
3.140352e-01	2.374008e-01
3.140608e-01	2.388226e-01
3.140864e-01	2.400005e-01
3.141120e-01	2.411141e-01
3.141376e-01	2.421969e-01
3.141632e-01	2.431646e-01
3.141888e-01	2.441381e-01
3.142144e-01	2.449106e-01
3.142400e-01	2.456810e-01
3.142656e-01	2.463677e-01
3.142912e-01	2.469559e-01
3.143168e-01	2.474316e-01
3.143424e-01	2.479440e-01
3.143680e-01	2.482658e-01
3.143936e-01	2.485718e-01
3.144192e-01	2.488531e-01
3.144448e-01	2.489322e-01
3.144704e-01	2.489861e-01
3.144960e-01	2.490011e-01
3.145216e-01	2.488790e-01
3.145472e-01	2.487091e-01
3.145728e-01	2.484666e-01
3.145984e-01	2.482125e-01
3.146240e-01	2.477201e-01
3.146496e-01	2.472318e-01
3.146752e-01	2.466481e-01
3.147008e-01	2.460825e-01
3.147264e-01	2.453428e-01
3.147520e-01	2.445324e-01
3.147776e-01	2.437156e-01
3.148032e-01	2.427963e-01
3.148288e-01	2.417531e-01
3.148544e-01	2.406444e-01
3.148800e-01	2.395615e-01
3.149056e-01	2.382476e-01
3.149312e-01	2.369883e-01
3.149568e-01	2.355691e-01
3.149824e-01	2.340763e-01
3.150080e-01	2.324740e-01
3.150336e-01	2.308669e-01
3.150592e-01	2.292886e-01
3.150848e-01	2.275171e-01
3.151104e-01	2.257121e-01
3.151360e-01	2.236157e-01
3.151616e-01	2.218198e-01
3.151872e-01	2.197742e-01
3.152128e-01	2.176642e-01
3.152384e-01	2.153801e-01
3.152640e-01	2.131493e-01
3.152896e-01	2.109207e-01
3.153152e-01	2.084537e-01
3.153408e-01	2.060132e-01
3.153664e-01	2.035511e-01
3.153920e-01	2.009662e-01
3.154176e-01	1.982793e-01
3.154432e-01	1.955876e-01
3.154688e-01	1.927032e-01
3.154944e-01	1.899161e-01
3.155200e-01	1.869874e-01
3.155456e-01	1.840117e-01
3.155712e-01	1.811473e-01
3.155968e-01	1.779503e-01
3.156224e-01	1.747814e-01
3.156480e-01	1.716230e-01
3.156736e-01	1.684207e-01
3.156992e-01	1.650503e-01
3.157248e-01	1.616852e-01
3.157504e-01	1.582290e-01
3.157760e-01	1.548895e-01
3.158016e-01	1.511898e-01
3.158272e-01	1.475725e-01
3.158528e-01	1.440971e-01
3.158784e-01	1.403566e-01
3.159040e-01	1.365994e-01
3.159296e-01	1.328748e-01
3.159552e-01	1.290554e-01
3.159808e-01	1.250934e-01
3.160064e-01	1.211311e-01
3.160320e-01	1.172251e-01
3.160576e-01	1.132057e-01
3.160832e-01	1.092302e-01
3.161088e-01	1.050199e-01
3.161344e-01	1.010059e-01
3.161600e-01	9.676079e-02
3.161856e-01	9.250005e-02
3.162112e-01	8.839891e-02
3.162368e-01	8.400466e-02
3.162624e-01	7.970193e-02
3.162880e-01	7.530904e-02
3.163136e-01	7.104369e-02
3.163392e-01	6.666626e-02
3.163648e-01	6.207679e-02
3.163904e-01	5.746459e-02
3.164160e-01	5.305207e-02
3.164416e-01	4.870379e-02
3.164672e-01	4.399998e-02
3.164928e-01	3.942212e-02
3.165184e-01	3.483322e-02
3.165440e-01	3.032195e-02
3.165696e-01	2.556635e-02
3.165952e-01	2.089407e-02
3.166208e-01	1.626530e-02
3.166464e-01	1.157548e-02
3.166720e-01	6.775717e-03
3.166976e-01	2.108180e-03
3.167232e-01	-2.628167e-03
3.167488e-01	-7.414761e-03
3.167744e-01	-1.223206e-02
3.168000e-01	-1.686982e-02
3.168256e-01	-2.172764e-02
3.168512e-01	-2.666472e-02
3.168768e-01	-3.123627e-02
3.169024e-01	-3.610830e-02
3.169280e-01	-4.099489e-02
3.169536e-01	-4.566372e-02
3.169792e-01	-5.054405e-02
3.170048e-01	-5.543441e-02
3.170304e-01	-6.012524e-02
3.170560e-01	-6.500386e-02
3.170816e-01	-6.978182e-02
3.171072e-01	-7.455547e-02
3.171328e-01	-7.940782e-02
3.171584e-01	-8.399718e-02
3.171840e-01	-8.878345e-02
3.172096e-01	-9.359811e-02
3.172352e-01	-9.845403e-02
3.172608e-01	-1.030386e-01
3.172864e-01	-1.079001e-01
3.173120e-01	-1.125664e-01
3.173376e-01	-1.172684e-01
3.173632e-01	-1.220039e-01
3.173888e-01	-1.266013e-01
3.174144e-01	-1.312862e-01
3.174400e-01	-1.359341e-01
3.174656e-01	-1.405517e-01
3.174912e-01	-1.451084e-01
3.175168e-01	-1.496527e-01
3.175424e-01	-1.539884e-01
3.175680e-01	-1.586443e-01
3.175936e-01	-1.630546e-01
3.176192e-01	-1.674960e-01
3.176448e-01	-1.719538e-01
3.176704e-01	-1.761907e-01
3.176960e-01	-1.807084e-01
3.177216e-01	-1.848720e-01
3.177472e-01	-1.892822e-01
3.177728e-01	-1.933907e-01
3.177984e-01	-1.976272e-01
3.178240e-01	-2.018688e-01
3.178496e-01	-2.058668e-01
3.178752e-01	-2.100737e-01
3.179008e-01	-2.139924e-01
3.179264e-01	-2.179948e-01
3.179520e-01	-2.220184e-01
3.179776e-01	-2.258568e-01
3.180032e-01	-2.298407e-01
3.180288e-01	-2.334697e-01
3.180544e-01	-2.372764e-01
3.180800e-01	-2.411630e-01
3.181056e-01	-2.447586e-01
3.181312e-01	-2.483801e-01
3.181568e-01	-2.518710e-01
3.181824e-01	-2.553327e-01
3.182080e-01	-2.588102e-01
3.182336e-01	-2.621804e-01
3.182592e-01	-2.656000e-01
3.182848e-01	-2.689202e-01
3.183104e-01	-2.721783e-01
3.183360e-01	-2.753229e-01
3.183616e-01	-2.783994e-01
3.183872e-01	-2.814902e-01
3.184128e-01	-2.846042e-01
3.184384e-01	-2.875080e-01
3.184640e-01	-2.903554e-01
3.184896e-01	-2.931920e-01
3.185152e-01	-2.958775e-01
3.185408e-01	-2.985134e-01
3.185664e-01	-3.012703e-01
3.185920e-01	-3.037500e-01
3.186176e-01	-3.062581e-01
3.186432e-01	-3.086619e-01
3.186688e-01	-3.109999e-01
3.186944e-01	-3.133620e-01
3.187200e-01	-3.155910e-01
3.187456e-01	-3.176612e-01
3.187712e-01	-3.198668e-01
3.187968e-01	-3.219126e-01
3.188224e-01	-3.238573e-01
3.188480e-01	-3.257052e-01
3.188736e-01	-3.274246e-01
3.188992e-01	-3.292254e-01
3.189248e-01	-3.308733e-01
3.189504e-01	-3.324516e-01
3.189760e-01	-3.340230e-01
3.190016e-01	-3.353840e-01
3.190272e-01	-3.367909e-01
3.190528e-01	-3.380675e-01
3.190784e-01	-3.393381e-01
3.191040e-01	-3.404654e-01
3.191296e-01	-3.415049e-01
3.191552e-01	-3.425137e-01
3.191808e-01	-3.434037e-01
3.192064e-01	-3.442781e-01
3.192320e-01	-3.449906e-01
3.192576e-01	-3.457072e-01
3.192832e-01	-3.464096e-01
3.193088e-01	-3.467503e-01
3.193344e-01	-3.472835e-01
3.193600e-01	-3.475369e-01
3.193856e-01	-3.479186e-01
3.194112e-01	-3.482212e-01
3.194368e-01	-3.483107e-01
3.194624e-01	-3.483936e-01
3.194880e-01	-3.483630e-01
3.195136e-01	-3.483146e-01
3.195392e-01	-3.481271e-01
3.195648e-01	-3.478594e-01
3.195904e-01	-3.475246e-01
3.196160e-01	-3.471978e-01
3.196416e-01	-3.467408e-01
3.196672e-01	-3.461637e-01
3.196928e-01	-3.455199e-01
3.197184e-01	-3.448261e-01
3.197440e-01	-3.440148e-01
3.197696e-01	-3.432097e-01
3.197952e-01	-3.423127e-01
3.198208e-01	-3.412119e-01
3.198464e-01	-3.401622e-01
3.198720e-01	-3.390136e-01
3.198976e-01	-3.377177e-01
3.199232e-01	-3.363394e-01
3.199488e-01	-3.351072e-01
3.199744e-01	-3.335459e-01
3.200000e-01	-3.320434e-01
3.200256e-01	-3.304280e-01
3.200512e-01	-3.286984e-01
3.200768e-01	-3.268932e-01
3.201024e-01	-3.251365e-01
3.201280e-01	-3.233962e-01
3.201536e-01	-3.213104e-01
3.201792e-01	-3.193524e-01
3.202048e-01	-3.172235e-01
3.202304e-01	-3.150004e-01
3.202560e-01	-3.127984e-01
3.202816e-01	-3.104551e-01
3.203072e-01	-3.080739e-01
3.203328e-01	-3.054773e-01
3.203584e-01	-3.030751e-01
3.203840e-01	-3.004914e-01
3.204096e-01	-2.978940e-01
3.204352e-01	-2.952045e-01
3.204608e-01	-2.923670e-01
3.204864e-01	-2.895550e-01
3.205120e-01	-2.867171e-01
3.205376e-01	-2.838248e-01
3.205632e-01	-2.806801e-01
3.205888e-01	-2.775633e-01
3.206144e-01	-2.744307e-01
3.206400e-01	-2.712043e-01
3.206656e-01	-2.681940e-01
3.206912e-01	-2.647149e-01
3.207168e-01	-2.613369e-01
3.207424e-01	-2.579005e-01
3.207680e-01	-2.543446e-01
3.207936e-01	-2.509662e-01
3.208192e-01	-2.472020e-01
3.208448e-01	-2.437051e-01
3.208704e-01	-2.400048e-01
3.208960e-01	-2.360757e-01
3.209216e-01	-2.325020e-01
3.209472e-01	-2.286543e-01
3.209728e-01	-2.248651e-01
3.209984e-01	-2.209136e-01
3.210240e-01	-2.168446e-01
3.210496e-01	-2.128895e-01
3.210752e-01	-2.087466e-01
3.211008e-01	-2.046995e-01
3.211264e-01	-2.006392e-01
3.211520e-01	-1.964840e-01
3.211776e-01	-1.923473e-01
3.212032e-01	-1.879194e-01
3.212288e-01	-1.836250e-01
3.212544e-01	-1.793236e-01
3.212800e-01	-1.750172e-01
3.213056e-01	-1.706859e-01
3.213312e-01	-1.662355e-01
3.213568e-01	-1.616393e-01
3.213824e-01	-1.573383e-01
3.214080e-01	-1.527591e-01
3.214336e-01	-1.482355e-01
3.214592e-01	-1.437910e-01
3.214848e-01	-1.390704e-01
3.215104e-01	-1.345570e-01
3.215360e-01	-1.298427e-01
3.215616e-01	-1.251830e-01
3.215872e-01	-1.205687e-01
3.216128e-01	-1.159264e-01
3.216384e-01	-1.113114e-01
3.216640e-01	-1.064555e-01
3.216896e-01	-1.017354e-01
3.217152e-01	-9.695951e-02
3.217408e-01	-9.228708e-02
3.217664e-01	-8.742481e-02
3.217920e-01	-8.273312e-02
3.218176e-01	-7.792078e-02
3.218432e-01	-7.302697e-02
3.218688e-01	-6.825975e-02
3.218944e-01	-6.351122e-02
3.219200e-01	-5.871604e-02
3.219456e-01	-5.387031e-02
3.219712e-01	-4.909325e-02
3.219968e-01	-4.423413e-02
3.220224e-01	-3.943344e-02
3.220480e-01	-3.458121e-02
3.220736e-01	-2.988887e-02
3.220992e-01	-2.518892e-02
3.221248e-01	-2.018898e-02
3.221504e-01	-1.550540e-02
3.221760e-01	-1.077762e-02
3.222016e-01	-6.001378e-03
3.222272e-01	-1.161735e-03
3.222528e-01	3.639303e-03
3.222784e-01	8.348173e-03
3.223040e-01	1.303732e-02
3.223296e-01	1.780725e-02
3.223552e-01	2.246955e-02
3.223808e-01	2.717191e-02
3.224064e-01	3.171072e-02
3.224320e-01	3.625945e-02
3.224576e-01	4.087390e-02
3.224832e-01	4.547863e-02
3.225088e-01	5.005911e-02
3.225344e-01	5.456870e-02
3.225600e-01	5.906569e-02
3.225856e-01	6.354965e-02
3.226112e-01	6.798188e-02
3.226368e-01	7.234627e-02
3.226624e-01	7.667914e-02
3.226880e-01	8.121134e-02
3.227136e-01	8.532126e-02
3.227392e-01	8.964425e-02
3.227648e-01	9.396363e-02
3.227904e-01	9.806288e-02
3.228160e-01	1.024081e-01
3.228416e-01	1.064282e-01
3.228672e-01	1.104734e-01
3.228928e-01	1.145865e-01
3.229184e-01	1.184559e-01
3.229440e-01	1.224410e-01
3.229696e-01	1.263998e-01
3.229952e-01	1.302452e-01
3.230208e-01	1.340214e-01
3.230464e-01	1.378551e-01
3.230720e-01	1.415246e-01
3.230976e-01	1.451367e-01
3.231232e-01	1.487853e-01
3.231488e-01	1.524705e-01
3.231744e-01	1.558717e-01
3.232000e-01	1.593378e-01
3.232256e-01	1.629371e-01
3.232512e-01	1.661184e-01
3.232768e-01	1.694116e-01
3.233024e-01	1.727796e-01
3.233280e-01	1.758140e-01
3.233536e-01	1.789813e-01
3.233792e-01	1.819155e-01
3.234048e-01	1.850784e-01
3.234304e-01	1.880566e-01
3.234560e-01	1.908727e-01
3.234816e-01	1.938021e-01
3.235072e-01	1.964467e-01
3.235328e-01	1.990479e-01
3.235584e-01	2.018643e-01
3.235840e-01	2.043135e-01
3.236096e-01	2.068680e-01
3.236352e-01	2.093605e-01
3.236608e-01	2.115745e-01
3.236864e-01	2.139137e-01
3.237120e-01	2.162265e-01
3.237376e-01	2.183111e-01
3.237632e-01	2.204448e-01
3.237888e-01	2.224218e-01
3.238144e-01	2.242672e-01
3.238400e-01	2.261488e-01
3.238656e-01	2.279965e-01
3.238912e-01	2.298233e-01
3.239168e-01	2.314423e-01
3.239424e-01	2.330471e-01
3.239680e-01	2.345543e-01
3.239936e-01	2.359163e-01
3.240192e-01	2.373654e-01
3.240448e-01	2.386646e-01
3.240704e-01	2.398936e-01
3.240960e-01	2.410164e-01
3.241216e-01	2.420808e-01
3.241472e-01	2.430509e-01
3.241728e-01	2.439428e-01
3.241984e-01	2.447718e-01
3.242240e-01	2.456011e-01
3.242496e-01	2.462151e-01
3.242752e-01	2.469133e-01
3.243008e-01	2.475666e-01
3.243264e-01	2.478111e-01
3.243520e-01	2.481063e-01
3.243776e-01	2.485127e-01
3.244032e-01	2.487008e-01
3.244288e-01	2.489467e-01
3.244544e-01	2.489926e-01
3.244800e-01	2.489461e-01
3.245056e-01	2.489081e-01
3.245312e-01	2.487705e-01
3.245568e-01	2.485925e-01
3.245824e-01	2.481601e-01
3.246080e-01	2.476775e-01
3.246336e-01	2.473080e-01
3.246592e-01	2.467175e-01
3.246848e-01	2.461197e-01
3.247104e-01	2.455008e-01
3.247360e-01	2.447292e-01
3.247616e-01	2.437153e-01
3.247872e-01	2.428179e-01
3.248128e-01	2.418273e-01
3.248384e-01	2.406212e-01
3.248640e-01	2.396317e-01
3.248896e-01	2.383325e-01
3.249152e-01	2.369863e-01
3.249408e-01	2.356280e-01
3.249664e-01	2.342093e-01
3.249920e-01	2.327363e-01
3.250176e-01	2.309589e-01
3.250432e-01	2.293580e-01
3.250688e-01	2.276302e-01
3.250944e-01	2.258270e-01
3.251200e-01	2.239886e-01
3.251456e-01	2.219938e-01
3.251712e-01	2.199432e-01
3.251968e-01	2.178805e-01
3.252224e-01	2.156415e-01
3.252480e-01	2.133671e-01
3.252736e-01	2.111206e-01
3.252992e-01	2.086812e-01
3.253248e-01	2.062364e-01
3.253504e-01	2.038167e-01
3.253760e-01	2.011763e-01
3.254016e-01	1.985262e-01
3.254272e-01	1.958982e-01
3.254528e-01	1.931190e-01
3.254784e-01	1.901636e-01
3.255040e-01	1.874060e-01
3.255296e-01	1.843822e-01
3.255552e-01	1.813989e-01
3.255808e-01	1.783621e-01
3.256064e-01	1.751870e-01
3.256320e-01	1.720074e-01
3.256576e-01	1.687397e-01
3.256832e-01	1.653540e-01
3.257088e-01	1.619026e-01
3.257344e-01	1.586037e-01
3.257600e-01	1.550488e-01
3.257856e-01	1.515685e-01
3.258112e-01	1.481418e-01
3.258368e-01	1.443393e-01
3.258624e-01	1.406803e-01
3.258880e-01	1.370268e-01
3.259136e-01	1.331081e-01
3.259392e-01	1.293403e-01
3.259648e-01	1.255146e-01
3.259904e-01	1.214676e-01
3.260160e-01	1.175888e-01
3.260416e-01	1.135901e-01
3.260672e-01	1.095408e-01
3.260928e-01	1.054615e-01
3.261184e-01	1.014050e-01
3.261440e-01	9.712652e-02
3.261696e-01	9.298491e-02
3.261952e-01	8.873504e-02
3.262208e-01	8.431827e-02
3.262464e-01	8.016359e-02
3.262720e-01	7.572551e-02
3.262976e-01	7.133429e-02
3.263232e-01	6.696088e-02
3.263488e-01	6.250859e-02
3.263744e-01	5.799585e-02
3.264000e-01	5.350710e-02
3.264256e-01	4.911302e-02
3.264512e-01	4.443130e-02
3.264768e-01	3.996409e-02
3.265024e-01	3.534200e-02
3.265280e-01	3.065787e-02
3.265536e-01	2.604369e-02
3.265792e-01	2.133705e-02
3.266048e-01	1.675422e-02
3.266304e-01	1.195972e-02
3.266560e-01	7.188716e-03
3.266816e-01	2.515108e-03
3.267072e-01	-2.214286e-03
3.267328e-01	-6.938202e-03
3.267584e-01	-1.180380e-02
3.267840e-01	-1.638077e-02
3.268096e-01	-2.121685e-02
3.268352e-01	-2.611060e-02
3.268608e-01	-3.076483e-02
3.268864e-01	-3.570897e-02
3.269120e-01	-4.051167e-02
3.269376e-01	-4.523040e-02
3.269632e-01	-5.007197e-02
3.269888e-01	-5.482547e-02
3.270144e-01	-5.968500e-02
3.270400e-01	-6.442917e-02
3.270656e-01	-6.931648e-02
3.270912e-01	-7.420594e-02
3.271168e-01	-7.886951e-02
3.271424e-01	-8.360949e-02
3.271680e-01	-8.840774e-02
3.271936e-01	-9.323328e-02
3.272192e-01	-9.791573e-02
3.272448e-01	-1.026567e-01
3.272704e-01	-1.075066e-01
3.272960e-01	-1.119687e-01
3.273216e-01	-1.169245e-01
3.273472e-01	-1.215703e-01
3.273728e-01	-1.261587e-01
3.273984e-01	-1.308839e-01
3.274240e-01	-1.353637e-01
3.274496e-01	-1.400630e-01
3.274752e-01	-1.445696e-01
3.275008e-01	-1.491182e-01
3.275264e-01	-1.536973e-01
3.275520e-01	-1.581909e-01
3.275776e-01	-1.626495e-01
3.276032e-01	-1.670207e-01
3.276288e-01	-1.714815e-01
3.276544e-01	-1.758373e-01
3.276800e-01	-1.802438e-01
3.277056e-01	-1.845258e-01
3.277312e-01	-1.888015e-01
3.277568e-01	-1.930412e-01
3.277824e-01	-1.972292e-01
3.278080e-01	-2.013485e-01
3.278336e-01	-2.055162e-01
3.278592e-01	-2.096777e-01
3.278848e-01	-2.136899e-01
3.279104e-01	-2.175436e-01
3.279360e-01	-2.215811e-01
3.279616e-01	-2.255349e-01
3.279872e-01	-2.294102e-01
3.280128e-01	-2.332924e-01
3.280384e-01	-2.370045e-01
3.280640e-01	-2.407150e-01
3.280896e-01	-2.443804e-01
3.281152e-01	-2.479103e-01
3.281408e-01	-2.516601e-01
3.281664e-01	-2.552089e-01
3.281920e-01	-2.585891e-01
3.282176e-01	-2.619588e-01
3.282432e-01	-2.653394e-01
3.282688e-01	-2.686529e-01
3.282944e-01	-2.719616e-01
3.283200e-01	-2.751285e-01
3.283456e-01	-2.782407e-01
3.283712e-01	-2.811726e-01
3.283968e-01	-2.843377e-01
3.284224e-01	-2.871988e-01
3.284480e-01	-2.901122e-01
3.284736e-01	-2.929927e-01
3.284992e-01	-2.955535e-01
3.285248e-01	-2.984158e-01
3.285504e-01	-3.010976e-01
3.285760e-01	-3.034904e-01
3.286016e-01	-3.061645e-01
3.286272e-01	-3.085417e-01
3.286528e-01	-3.108155e-01
3.286784e-01	-3.132641e-01
3.287040e-01	-3.154096e-01
3.287296e-01	-3.175947e-01
3.287552e-01	-3.196797e-01
3.287808e-01	-3.215927e-01
3.288064e-01	-3.236289e-01
3.288320e-01	-3.256707e-01
3.288576e-01	-3.273720e-01
3.288832e-01	-3.290123e-01
3.289088e-01	-3.308901e-01
3.289344e-01	-3.322618e-01
3.289600e-01	-3.338911e-01
3.289856e-01	-3.352786e-01
3.290112e-01	-3.366567e-01
3.290368e-01	-3.379750e-01
3.290624e-01	-3.391606e-01
3.290880e-01	-3.403910e-01
3.291136e-01	-3.414499e-01
3.291392e-01	-3.424570e-01
3.291648e-01	-3.433040e-01
3.291904e-01	-3.441816e-01
3.292160e-01	-3.449772e-01
3.292416e-01	-3.455919e-01
3.292672e-01	-3.462653e-01
3.292928e-01	-3.468181e-01
3.293184e-01	-3.473342e-01
3.293440e-01	-3.476682e-01
3.293696e-01	-3.479665e-01
3.293952e-01	-3.483058e-01
3.294208e-01	-3.483522e-01
3.294464e-01	-3.483291e-01
3.294720e-01	-3.483129e-01
3.294976e-01	-3.483113e-01
3.295232e-01	-3.482101e-01
3.295488e-01	-3.478829e-01
3.295744e-01	-3.475648e-01
3.296000e-01	-3.471134e-01
3.296256e-01	-3.466772e-01
3.296512e-01	-3.462438e-01
3.296768e-01	-3.456244e-01
3.297024e-01	-3.448713e-01
3.297280e-01	-3.441557e-01
3.297536e-01	-3.432618e-01
3.297792e-01	-3.422689e-01
3.298048e-01	-3.413504e-01
3.298304e-01	-3.402065e-01
3.298560e-01	-3.391216e-01
3.298816e-01	-3.379848e-01
3.299072e-01	-3.364424e-01
3.299328e-01	-3.352121e-01
3.299584e-01	-3.337206e-01
3.299840e-01	-3.320943e-01
3.300096e-01	-3.306355e-01
3.300352e-01	-3.288855e-01
3.300608e-01	-3.272137e-01
3.300864e-01	-3.253037e-01
3.301120e-01	-3.233636e-01
3.301376e-01	-3.216094e-01
3.301632e-01	-3.194966e-01
3.301888e-01	-3.173910e-01
3.302144e-01	-3.151371e-01
3.302400e-01	-3.129945e-01
3.302656e-01	-3.108007e-01
3.302912e-01	-3.082741e-01
3.303168e-01	-3.058766e-01
3.303424e-01	-3.034060e-01
3.303680e-01	-3.007361e-01
3.303936e-01	-2.982326e-01
3.304192e-01	-2.954581e-01
3.304448e-01	-2.926832e-01
3.304704e-01	-2.898245e-01
3.304960e-01	-2.868862e-01
3.305216e-01	-2.840399e-01
3.305472e-01	-2.810423e-01
3.305728e-01	-2.779112e-01
3.305984e-01	-2.747837e-01
3.306240e-01	-2.715870e-01
3.306496e-01	-2.683749e-01
3.306752e-01	-2.650517e-01
3.307008e-01	-2.615498e-01
3.307264e-01	-2.582271e-01
3.307520e-01	-2.548816e-01
3.307776e-01	-2.512299e-01
3.308032e-01	-2.475698e-01
3.308288e-01	-2.438981e-01
3.308544e-01	-2.403523e-01
3.308800e-01	-2.365462e-01
3.309056e-01	-2.327807e-01
3.309312e-01	-2.289395e-01
3.309568e-01	-2.250905e-01
3.309824e-01	-2.212249e-01
3.310080e-01	-2.172581e-01
3.310336e-01	-2.132971e-01
3.310592e-01	-2.093252e-01
3.310848e-01	-2.050828e-01
3.311104e-01	-2.009616e-01
3.311360e-01	-1.968419e-01
3.311616e-01	-1.925604e-01
3.311872e-01	-1.883800e-01
3.312128e-01	-1.840579e-01
3.312384e-01	-1.797846e-01
3.312640e-01	-1.755301e-01
3.312896e-01	-1.711011e-01
3.313152e-01	-1.666218e-01
3.313408e-01	-1.622829e-01
3.313664e-01	-1.577960e-01
3.313920e-01	-1.531602e-01
3.314176e-01	-1.487820e-01
3.314432e-01	-1.441036e-01
3.314688e-01	-1.395941e-01
3.314944e-01	-1.349887e-01
3.315200e-01	-1.302645e-01
3.315456e-01	-1.257084e-01
3.315712e-01	-1.210629e-01
3.315968e-01	-1.162555e-01
3.316224e-01	-1.116957e-01
3.316480e-01	-1.069683e-01
3.316736e-01	-1.022322e-01
3.316992e-01	-9.759436e-02
3.317248e-01	-9.260083e-02
3.317504e-01	-8.795428e-02
3.317760e-01	-8.314712e-02
3.318016e-01	-7.826486e-02
3.318272e-01	-7.367402e-02
3.318528e-01	-6.878992e-02
3.318784e-01	-6.402983e-02
3.319040e-01	-5.913818e-02
3.319296e-01	-5.442822e-02
3.319552e-01	-4.951706e-02
3.319808e-01	-4.475355e-02
3.320064e-01	-3.988825e-02
3.320320e-01	-3.505482e-02
3.320576e-01	-3.035524e-02
3.320832e-01	-2.544805e-02
3.321088e-01	-2.071339e-02
3.321344e-01	-1.595247e-02
3.321600e-01	-1.121185e-02
3.321856e-01	-6.410410e-03
3.322112e-01	-1.620069e-03
3.322368e-01	3.153567e-03
3.322624e-01	7.777262e-03
3.322880e-01	1.251747e-02
3.323136e-01	1.732906e-02
3.323392e-01	2.192348e-02
3.323648e-01	2.657995e-02
3.323904e-01	3.120647e-02
3.324160e-01	3.591720e-02
3.324416e-01	4.039221e-02
3.324672e-01	4.506651e-02
3.324928e-01	4.963104e-02
3.325184e-01	5.407402e-02
3.325440e-01	5.865274e-02
3.325696e-01	6.309216e-02
3.325952e-01	6.754775e-02
3.326208e-01	7.198169e-02
3.326464e-01	7.627536e-02
3.326720e-01	8.070175e-02
3.326976e-01	8.495203e-02
3.327232e-01	8.934889e-02
3.327488e-01	9.366137e-02
3.327744e-01	9.769752e-02
3.328000e-01	1.019917e-01
3.328256e-01	1.060317e-01
3.328512e-01	1.100737e-01
3.328768e-01	1.141808e-01
3.329024e-01	1.181361e-01
3.329280e-01	1.221594e-01
3.329536e-01	1.261359e-01
3.329792e-01	1.298843e-01
3.330048e-01	1.336418e-01
3.330304e-01	1.375286e-01
3.330560e-01	1.412093e-01
3.330816e-01	1.447996e-01
3.331072e-01	1.484367e-01
3.331328e-01	1.521403e-01
3.331584e-01	1.556494e-01
3.331840e-01	1.591967e-01
3.332096e-01	1.624591e-01
3.332352e-01	1.659216e-01
3.332608e-01	1.691087e-01
3.332864e-01	1.724048e-01
3.333120e-01	1.756074e-01
3.333376e-01	1.786256e-01
3.333632e-01	1.817702e-01
3.333888e-01	1.849125e-01
3.334144e-01	1.877978e-01
3.334400e-01	1.905872e-01
3.334656e-01	1.935323e-01
3.334912e-01	1.962302e-01
3.335168e-01	1.989294e-01
3.335424e-01	2.014868e-01
3.335680e-01	2.041457e-01
3.335936e-01	2.065900e-01
3.336192e-01	2.090371e-01
3.336448e-01	2.115282e-01
3.336704e-01	2.136363e-01
3.336960e-01	2.159872e-01
3.337216e-01	2.180637e-01
3.337472e-01	2.202570e-01
3.337728e-01	2.222821e-01
3.337984e-01	2.241405e-01
3.338240e-01	2.260937e-01
3.338496e-01	2.279184e-01
3.338752e-01	2.297096e-01
3.339008e-01	2.313500e-01
3.339264e-01	2.328746e-01
3.339520e-01	2.344652e-01
3.339776e-01	2.359050e-01
3.340032e-01	2.372435e-01
3.340288e-01	2.385201e-01
3.340544e-01	2.397694e-01
3.340800e-01	2.409548e-01
3.341056e-01	2.420069e-01
3.341312e-01	2.429647e-01
3.341568e-01	2.439192e-01
3.341824e-01	2.447243e-01
3.342080e-01	2.455550e-01
3.342336e-01	2.462621e-01
3.342592e-01	2.468481e-01
3.342848e-01	2.473459e-01
3.343104e-01	2.479566e-01
3.343360e-01	2.482160e-01
3.343616e-01	2.484857e-01
3.343872e-01	2.488526e-01
3.344128e-01	2.489354e-01
3.344384e-01	2.490910e-01
3.344640e-01	2.490227e-01
3.344896e-01	2.489438e-01
3.345152e-01	2.489559e-01
3.345408e-01	2.485073e-01
3.345664e-01	2.482142e-01
3.345920e-01	2.479246e-01
3.346176e-01	2.474122e-01
3.346432e-01	2.467999e-01
3.346688e-01	2.462522e-01
3.346944e-01	2.455151e-01
3.347200e-01	2.447560e-01
3.347456e-01	2.438464e-01
3.347712e-01	2.429374e-01
3.347968e-01	2.420920e-01
3.348224e-01	2.408880e-01
3.348480e-01	2.397308e-01
3.348736e-01	2.385851e-01
3.348992e-01	2.371474e-01
3.349248e-01	2.357382e-01
3.349504e-01	2.344643e-01
3.349760e-01	2.329379e-01
3.350016e-01	2.312656e-01
3.350272e-01	2.295870e-01
3.350528e-01	2.279333e-01
3.350784e-01	2.260056e-01
3.351040e-01	2.239756e-01
3.351296e-01	2.222737e-01
3.351552e-01	2.201672e-01
3.351808e-01	2.180532e-01
3.352064e-01	2.158882e-01
3.352320e-01	2.136876e-01
3.352576e-01	2.113194e-01
3.352832e-01	2.089910e-01
3.353088e-01	2.065560e-01
3.353344e-01	2.038897e-01
3.353600e-01	2.013828e-01
3.353856e-01	1.988106e-01
3.354112e-01	1.961230e-01
3.354368e-01	1.933719e-01
3.354624e-01	1.904585e-01
3.354880e-01	1.875958e-01
3.355136e-01	1.846647e-01
3.355392e-01	1.816241e-01
3.355648e-01	1.785873e-01
3.355904e-01	1.755382e-01
3.356160e-01	1.722433e-01
3.356416e-01	1.690413e-01
3.356672e-01	1.657393e-01
3.356928e-01	1.624437e-01
3.357184e-01	1.589003e-01
3.357440e-01	1.554338e-01
3.357696e-01	1.520278e-01
3.357952e-01	1.483510e-01
3.358208e-01	1.447349e-01
3.358464e-01	1.411009e-01
3.358720e-01	1.373382e-01
3.358976e-01	1.335820e-01
3.359232e-01	1.298921e-01
3.359488e-01	1.257941e-01
3.359744e-01	1.219638e-01
3.360000e-01	1.181263e-01
3.360256e-01	1.138706e-01
3.360512e-01	1.100713e-01
3.360768e-01	1.058373e-01
3.361024e-01	1.017024e-01
3.361280e-01	9.766028e-02
3.361536e-01	9.341865e-02
3.361792e-01	8.917534e-02
3.362048e-01	8.501057e-02
3.362304e-01	8.056219e-02
3.362560e-01	7.623076e-02
3.362816e-01	7.182719e-02
3.363072e-01	6.730428e-02
3.363328e-01	6.305894e-02
3.363584e-01	5.857593e-02
3.363840e-01	5.401908e-02
3.364096e-01	4.946874e-02
3.364352e-01	4.488176e-02
3.364608e-01	4.030943e-02
3.364864e-01	3.573421e-02
3.365120e-01	3.122251e-02
3.365376e-01	2.652521e-02
3.365632e-01	2.181209e-02
3.365888e-01	1.716143e-02
3.366144e-01	1.251525e-02
3.366400e-01	7.831865e-03
3.366656e-01	3.116139e-03
3.366912e-01	-1.704347e-03
3.367168e-01	-6.329270e-03
3.367424e-01	-1.123187e-02
3.367680e-01	-1.605339e-02
3.367936e-01	-2.077416e-02
3.368192e-01	-2.558176e-02
3.368448e-01	-3.035938e-02
3.368704e-01	-3.515356e-02
3.368960e-01	-3.988450e-02
3.369216e-01	-4.483749e-02
3.369472e-01	-4.972887e-02
3.369728e-01	-5.443406e-02
3.369984e-01	-5.923308e-02
3.370240e-01	-6.404524e-02
3.370496e-01	-6.883881e-02
3.370752e-01	-7.366367e-02
3.371008e-01	-7.846804e-02
3.371264e-01	-8.313902e-02
3.371520e-01	-8.801250e-02
3.371776e-01	-9.277856e-02
3.372032e-01	-9.754170e-02
3.372288e-01	-1.021650e-01
3.372544e-01	-1.069262e-01
3.372800e-01	-1.115938e-01
3.373056e-01	-1.163512e-01
3.373312e-01	-1.211200e-01
3.373568e-01	-1.256635e-01
3.373824e-01	-1.303099e-01
3.374080e-01	-1.349663e-01
3.374336e-01	-1.395281e-01
3.374592e-01	-1.440836e-01
3.374848e-01	-1.486074e-01
3.375104e-01	-1.531625e-01
3.375360e-01	-1.577040e-01
3.375616e-01	-1.621869e-01
3.375872e-01	-1.665540e-01
3.376128e-01	-1.709427e-01
3.376384e-01	-1.753950e-01
3.376640e-01	-1.797475e-01
3.376896e-01	-1.839800e-01
3.377152e-01	-1.883835e-01
3.377408e-01	-1.926035e-01
3.377664e-01	-1.966797e-01
3.377920e-01	-2.011017e-01
3.378176e-01	-2.051241e-01
3.378432e-01	-2.091575e-01
3.378688e-01	-2.133696e-01
3.378944e-01	-2.172782e-01
3.379200e-01	-2.213208e-01
3.379456e-01	-2.250780e-01
3.379712e-01	-2.289694e-01
3.379968e-01	-2.327908e-01
3.380224e-01	-2.365650e-01
3.380480e-01	-2.403615e-01
3.380736e-01	-2.439795e-01
3.380992e-01	-2.476281e-01
3.381248e-01	-2.511932e-01
3.381504e-01	-2.547700e-01
3.381760e-01	-2.582058e-01
3.382016e-01	-2.617334e-01
3.382272e-01	-2.649582e-01
3.382528e-01	-2.682369e-01
3.382784e-01	-2.716585e-01
3.383040e-01	-2.745693e-01
3.383296e-01	-2.779287e-01
3.383552e-01	-2.808879e-01
3.383808e-01	-2.839731e-01
3.384064e-01	-2.869974e-01
3.384320e-01	-2.898021e-01
3.384576e-01	-2.926013e-01
3.384832e-01	-2.953548e-01
3.385088e-01	-2.981609e-01
3.385344e-01	-3.006681e-01
3.385600e-01	-3.033804e-01
3.385856e-01	-3.057592e-01
3.386112e-01	-3.081573e-01
3.386368e-01	-3.106661e-01
3.386624e-01	-3.127999e-01
3.386880e-01	-3.152461e-01
3.387136e-01	-3.173839e-01
3.387392e-01	-3.194050e-01
3.387648e-01	-3.214813e-01
3.387904e-01	-3.234008e-01
3.388160e-01	-3.253140e-01
3.388416e-01	-3.271952e-01
3.388672e-01	-3.288294e-01
3.388928e-01	-3.305345e-01
3.389184e-01	-3.321257e-01
3.389440e-01	-3.336758e-01
3.389696e-01	-3.351586e-01
3.389952e-01	-3.364682e-01
3.390208e-01	-3.377561e-01
3.390464e-01	-3.390548e-01
3.390720e-01	-3.400972e-01
3.390976e-01	-3.412401e-01
3.391232e-01	-3.422137e-01
3.391488e-01	-3.431593e-01
3.391744e-01	-3.441491e-01
3.392000e-01	-3.448362e-01
3.392256e-01	-3.455820e-01
3.392512e-01	-3.462680e-01
3.392768e-01	-3.467250e-01
3.393024e-01	-3.472778e-01
3.393280e-01	-3.475526e-01
3.393536e-01	-3.478599e-01
3.393792e-01	-3.482218e-01
3.394048e-01	-3.482777e-01
3.394304e-01	-3.483861e-01
3.394560e-01	-3.483761e-01
3.394816e-01	-3.483085e-01
3.395072e-01	-3.481453e-01
3.395328e-01	-3.479289e-01
3.395584e-01	-3.476377e-01
3.395840e-01	-3.471965e-01
3.396096e-01	-3.467553e-01
3.396352e-01	-3.462424e-01
3.396608e-01	-3.456673e-01
3.396864e-01	-3.449039e-01
3.397120e-01	-3.441519e-01
3.397376e-01	-3.432304e-01
3.397632e-01	-3.424719e-01
3.397888e-01	-3.413704e-01
3.398144e-01	-3.403328e-01
3.398400e-01	-3.391235e-01
3.398656e-01	-3.379048e-01
3.398912e-01	-3.366737e-01
3.399168e-01	-3.351915e-01
3.399424e-01	-3.339419e-01
3.399680e-01	-3.323141e-01
3.399936e-01	-3.307064e-01
3.400192e-01	-3.290367e-01
3.400448e-01	-3.273099e-01
3.400704e-01	-3.255659e-01
3.400960e-01	-3.236196e-01
3.401216e-01	-3.217592e-01
3.401472e-01	-3.196130e-01
3.401728e-01	-3.175814e-01
3.401984e-01	-3.153109e-01
3.402240e-01	-3.132574e-01
3.402496e-01	-3.109114e-01
3.402752e-01	-3.084130e-01
3.403008e-01	-3.060868e-01
3.403264e-01	-3.035022e-01
3.403520e-01	-3.010348e-01
3.403776e-01	-2.983747e-01
3.404032e-01	-2.956723e-01
3.404288e-01	-2.929534e-01
3.404544e-01	-2.900132e-01
3.404800e-01	-2.872716e-01
3.405056e-01	-2.841513e-01
3.405312e-01	-2.812262e-01
3.405568e-01	-2.782299e-01
3.405824e-01	-2.750034e-01
3.406080e-01	-2.719408e-01
3.406336e-01	-2.686210e-01
3.406592e-01	-2.653100e-01
3.406848e-01	-2.620089e-01
3.407104e-01	-2.586567e-01
3.407360e-01	-2.550637e-01
3.407616e-01	-2.515705e-01
3.407872e-01	-2.480140e-01
3.408128e-01	-2.442970e-01
3.408384e-01	-2.406639e-01
3.408640e-01	-2.369658e-01
3.408896e-01	-2.332089e-01
3.409152e-01	-2.292777e-01
3.409408e-01	-2.254464e-01
3.409664e-01	-2.215166e-01
3.409920e-01	-2.176732e-01
3.410176e-01	-2.134990e-01
3.410432e-01	-2.095649e-01
3.410688e-01	-2.054958e-01
3.410944e-01	-2.013679e-01
3.411200e-01	-1.971935e-01
3.411456e-01	-1.928782e-01
3.411712e-01	-1.887269e-01
3.411968e-01	-1.844704e-01
3.412224e-01	-1.800962e-01
3.412480e-01	-1.757791e-01
3.412736e-01	-1.714710e-01
3.412992e-01	-1.670019e-01
3.413248e-01	-1.626009e-01
3.413504e-01	-1.580449e-01
3.413760e-01	-1.536505e-01
3.414016e-01	-1.491031e-01
3.414272e-01	-1.444682e-01
3.414528e-01	-1.399641e-01
3.414784e-01	-1.353024e-01
3.415040e-01	-1.307234e-01
3.415296e-01	-1.260093e-01
3.415552e-01	-1.213527e-01
3.415808e-01	-1.167265e-01
3.416064e-01	-1.121270e-01
3.416320e-01	-1.072917e-01
3.416576e-01	-1.026799e-01
3.416832e-01	-9.783788e-02
3.417088e-01	-9.309953e-02
3.417344e-01	-8.846616e-02
3.417600e-01	-8.353300e-02
3.417856e-01	-7.880921e-02
3.418112e-01	-7.393053e-02
3.418368e-01	-6.908204e-02
3.418624e-01	-6.448232e-02
3.418880e-01	-5.955307e-02
3.419136e-01	-5.482147e-02
3.419392e-01	-4.998687e-02
3.419648e-01	-4.510106e-02
3.419904e-01	-4.024487e-02
3.420160e-01	-3.556840e-02
3.420416e-01	-3.076094e-02
3.420672e-01	-2.597613e-02
3.420928e-01	-2.114839e-02
3.421184e-01	-1.635180e-02
3.421440e-01	-1.165576e-02
3.421696e-01	-6.790150e-03
3.421952e-01	-2.196424e-03
3.422208e-01	2.633211e-03
3.422464e-01	7.446511e-03
3.422720e-01	1.206424e-02
3.422976e-01	1.684416e-02
3.423232e-01	2.161838e-02
3.423488e-01	2.621469e-02
3.423744e-01	3.086647e-02
3.424000e-01	3.533319e-02
3.424256e-01	3.997124e-02
3.424512e-01	4.476007e-02
3.424768e-01	4.912184e-02
3.425024e-01	5.374377e-02
3.425280e-01	5.825695e-02
3.425536e-01	6.270739e-02
3.425792e-01	6.706887e-02
3.426048e-01	7.155788e-02
3.426304e-01	7.589539e-02
3.426560e-01	8.024701e-02
3.426816e-01	8.459355e-02
3.427072e-01	8.887243e-02
3.427328e-01	9.308141e-02
3.427584e-01	9.729207e-02
3.427840e-01	1.015305e-01
3.428096e-01	1.055600e-01
3.428352e-01	1.097325e-01
3.428608e-01	1.138040e-01
3.428864e-01	1.177369e-01
3.429120e-01	1.216409e-01
3.429376e-01	1.255985e-01
3.429632e-01	1.295102e-01
3.429888e-01	1.332261e-01
3.430144e-01	1.370848e-01
3.430400e-01	1.408011e-01
3.430656e-01	1.445509e-01
3.430912e-01	1.481277e-01
3.431168e-01	1.517344e-01
3.431424e-01	1.552926e-01
3.431680e-01	1.587383e-01
3.431936e-01	1.620673e-01
3.432192e-01	1.654234e-01
3.432448e-01	1.688712e-01
3.432704e-01	1.721426e-01
3.432960e-01	1.753068e-01
3.433216e-01	1.783506e-01
3.433472e-01	1.815785e-01
3.433728e-01	1.846363e-01
3.433984e-01	1.874280e-01
3.434240e-01	1.904945e-01
3.434496e-01	1.931113e-01
3.434752e-01	1.959844e-01
3.435008e-01	1.986508e-01
3.435264e-01	2.011921e-01
3.435520e-01	2.039260e-01
3.435776e-01	2.064159e-01
3.436032e-01	2.089084e-01
3.436288e-01	2.111075e-01
3.436544e-01	2.135218e-01
3.436800e-01	2.157333e-01
3.437056e-01	2.178977e-01
3.437312e-01	2.201672e-01
3.437568e-01	2.219927e-01
3.437824e-01	2.240864e-01
3.438080e-01	2.259286e-01
3.438336e-01	2.277208e-01
3.438592e-01	2.295610e-01
3.438848e-01	2.311186e-01
3.439104e-01	2.328084e-01
3.439360e-01	2.343594e-01
3.439616e-01	2.356557e-01
3.439872e-01	2.371985e-01
3.440128e-01	2.384687e-01
3.440384e-01	2.395436e-01
3.440640e-01	2.408154e-01
3.440896e-01	2.419615e-01
3.441152e-01	2.429554e-01
3.441408e-01	2.438224e-01
3.441664e-01	2.446117e-01
3.441920e-01	2.455352e-01
3.442176e-01	2.462107e-01
3.442432e-01	2.468015e-01
3.442688e-01	2.473152e-01
3.442944e-01	2.477833e-01
3.443200e-01	2.481639e-01
3.443456e-01	2.485453e-01
3.443712e-01	2.487203e-01
3.443968e-01	2.489406e-01
3.444224e-01	2.489443e-01
3.444480e-01	2.490656e-01
3.444736e-01	2.490101e-01
3.444992e-01	2.487244e-01
3.445248e-01	2.486593e-01
3.445504e-01	2.482770e-01
3.445760e-01	2.478413e-01
3.446016e-01	2.473680e-01
3.446272e-01	2.469295e-01
3.446528e-01	2.462456e-01
3.446784e-01	2.454814e-01
3.447040e-01	2.449021e-01
3.447296e-01	2.439853e-01
3.447552e-01	2.430904e-01
3.447808e-01	2.420458e-01
3.448064e-01	2.409202e-01
3.448320e-01	2.397786e-01
3.448576e-01	2.386814e-01
3.448832e-01	2.372912e-01
3.449088e-01	2.359351e-01
3.449344e-01	2.344638e-01
3.449600e-01	2.329942e-01
3.449856e-01	2.313655e-01
3.450112e-01	2.295677e-01
3.450368e-01	2.279996e-01
3.450624e-01	2.261694e-01
3.450880e-01	2.243090e-01
3.451136e-01	2.223244e-01
3.451392e-01	2.201998e-01
3.451648e-01	2.182415e-01
3.451904e-01	2.160199e-01
3.452160e-01	2.138169e-01
3.452416e-01	2.115855e-01
3.452672e-01	2.092002e-01
3.452928e-01	2.067893e-01
3.453184e-01	2.042443e-01
3.453440e-01	2.017270e-01
3.453696e-01	1.990280e-01
3.453952e-01	1.963419e-01
3.454208e-01	1.935969e-01
3.454464e-01	1.906179e-01
3.454720e-01	1.879088e-01
3.454976e-01	1.849688e-01
3.455232e-01	1.819783e-01
3.455488e-01	1.788553e-01
3.455744e-01	1.758125e-01
3.456000e-01	1.726114e-01
3.456256e-01	1.693391e-01
3.456512e-01	1.660255e-01
3.456768e-01	1.626915e-01
3.457024e-01	1.592308e-01
3.457280e-01	1.558724e-01
3.457536e-01	1.523002e-01
3.457792e-01	1.486698e-01
3.458048e-01	1.451094e-01
3.458304e-01	1.414007e-01
3.458560e-01	1.377407e-01
3.458816e-01	1.339582e-01
3.459072e-01	1.300263e-01
3.459328e-01	1.262410e-01
3.459584e-01	1.223889e-01
3.459840e-01	1.184151e-01
3.460096e-01	1.144819e-01
3.460352e-01	1.103638e-01
3.460608e-01	1.062693e-01
3.460864e-01	1.021945e-01
3.461120e-01	9.787799e-02
3.461376e-01	9.378742e-02
3.461632e-01	8.955421e-02
3.461888e-01	8.524392e-02
3.462144e-01	8.095594e-02
3.462400e-01	7.660268e-02
3.462656e-01	7.212182e-02
3.462912e-01	6.778198e-02
3.463168e-01	6.340643e-02
3.463424e-01	5.894822e-02
3.463680e-01	5.437416e-02
3.463936e-01	4.991202e-02
3.464192e-01	4.535023e-02
3.464448e-01	4.089891e-02
3.464704e-01	3.625929e-02
3.464960e-01	3.150919e-02
3.465216e-01	2.693943e-02
3.465472e-01	2.222834e-02
3.465728e-01	1.765206e-02
3.465984e-01	1.288635e-02
3.466240e-01	8.151669e-03
3.466496e-01	3.555582e-03
3.466752e-01	-1.357437e-03
3.467008e-01	-6.062707e-03
3.467264e-01	-1.072103e-02
3.467520e-01	-1.543609e-02
3.467776e-01	-2.030362e-02
3.468032e-01	-2.509837e-02
3.468288e-01	-2.992299e-02
3.468544e-01	-3.460861e-02
3.468800e-01	-3.953489e-02
3.469056e-01	-4.437310e-02
3.469312e-01	-4.915980e-02
3.469568e-01	-5.393674e-02
3.469824e-01	-5.875348e-02
3.470080e-01	-6.358745e-02
3.470336e-01	-6.836924e-02
3.470592e-01	-7.310576e-02
3.470848e-01	-7.793744e-02
3.471104e-01	-8.286618e-02
3.471360e-01	-8.751830e-02
3.471616e-01	-9.232248e-02
3.471872e-01	-9.702788e-02
3.472128e-01	-1.017494e-01
3.472384e-01	-1.065310e-01
3.472640e-01	-1.112212e-01
3.472896e-01	-1.159958e-01
3.473152e-01	-1.206244e-01
3.473408e-01	-1.252725e-01
3.473664e-01	-1.298248e-01
3.473920e-01	-1.345975e-01
3.474176e-01	-1.390841e-01
3.474432e-01	-1.436881e-01
3.474688e-01	-1.482766e-01
3.474944e-01	-1.527897e-01
3.475200e-01	-1.573496e-01
3.475456e-01	-1.618292e-01
3.475712e-01	-1.662043e-01
3.475968e-01	-1.705463e-01
3.476224e-01	-1.750402e-01
3.476480e-01	-1.793480e-01
3.476736e-01	-1.835956e-01
3.476992e-01	-1.880696e-01
3.477248e-01	-1.921768e-01
3.477504e-01	-1.962413e-01
3.477760e-01	-2.005801e-01
3.478016e-01	-2.046502e-01
3.478272e-01	-2.088158e-01
3.478528e-01	-2.128403e-01
3.478784e-01	-2.168769e-01
3.479040e-01	-2.208235e-01
3.479296e-01	-2.246823e-01
3.479552e-01	-2.287162e-01
3.479808e-01	-2.324623e-01
3.480064e-01	-2.363061e-01
3.480320e-01	-2.400341e-01
3.480576e-01	-2.436637e-01
3.480832e-01	-2.472032e-01
3.481088e-01	-2.507761e-01
3.481344e-01	-2.543092e-01
3.481600e-01	-2.577807e-01
3.481856e-01	-2.613124e-01
3.482112e-01	-2.646456e-01
3.482368e-01	-2.679403e-01
3.482624e-01	-2.713092e-01
3.482880e-01	-2.744160e-01
3.483136e-01	-2.776335e-01
3.483392e-01	-2.806727e-01
3.483648e-01	-2.836742e-01
3.483904e-01	-2.865572e-01
3.484160e-01	-2.895361e-01
3.484416e-01	-2.924915e-01
3.484672e-01	-2.952348e-01
3.484928e-01	-2.978776e-01
3.485184e-01	-3.004639e-01
3.485440e-01	-3.030489e-01
3.485696e-01	-3.056103e-01
3.485952e-01	-3.079721e-01
3.486208e-01	-3.102798e-01
3.486464e-01	-3.126654e-01
3.486720e-01	-3.149216e-01
3.486976e-01	-3.171544e-01
3.487232e-01	-3.192895e-01
3.487488e-01	-3.212964e-01
3.487744e-01	-3.233114e-01
3.488000e-01	-3.251750e-01
3.488256e-01	-3.269839e-01
3.488512e-01	-3.286076e-01
3.488768e-01	-3.303418e-01
3.489024e-01	-3.320214e-01
3.489280e-01	-3.335845e-01
3.489536e-01	-3.350255e-01
3.489792e-01	-3.363519e-01
3.490048e-01	-3.376901e-01
3.490304e-01	-3.389820e-01
3.490560e-01	-3.402109e-01
3.490816e-01	-3.411602e-01
3.491072e-01	-3.421634e-01
3.491328e-01	-3.431772e-01
3.491584e-01	-3.438680e-01
3.491840e-01	-3.449186e-01
3.492096e-01	-3.454657e-01
3.492352e-01	-3.461491e-01
3.492608e-01	-3.467520e-01
3.492864e-01	-3.470353e-01
3.493120e-01	-3.475639e-01
3.493376e-01	-3.478875e-01
3.493632e-01	-3.481251e-01
3.493888e-01	-3.482689e-01
3.494144e-01	-3.483539e-01
3.494400e-01	-3.483780e-01
3.494656e-01	-3.482949e-01
3.494912e-01	-3.482122e-01
3.495168e-01	-3.479575e-01
3.495424e-01	-3.476479e-01
3.495680e-01	-3.472422e-01
3.495936e-01	-3.468654e-01
3.496192e-01	-3.463848e-01
3.496448e-01	-3.456535e-01
3.496704e-01	-3.449066e-01
3.496960e-01	-3.442819e-01
3.497216e-01	-3.434044e-01
3.497472e-01	-3.424874e-01
3.497728e-01	-3.414851e-01
3.497984e-01	-3.403562e-01
3.498240e-01	-3.393353e-01
3.498496e-01	-3.380980e-01
3.498752e-01	-3.367511e-01
3.499008e-01	-3.355754e-01
3.499264e-01	-3.339791e-01
3.499520e-01	-3.323961e-01
3.499776e-01	-3.309093e-01
3.500032e-01	-3.291964e-01
3.500288e-01	-3.275265e-01
3.500544e-01	-3.256835e-01
3.500800e-01	-3.239066e-01
3.501056e-01	-3.219001e-01
3.501312e-01	-3.198161e-01
3.501568e-01	-3.178506e-01
3.501824e-01	-3.155429e-01
3.502080e-01	-3.135267e-01
3.502336e-01	-3.111985e-01
3.502592e-01	-3.087529e-01
3.502848e-01	-3.063557e-01
3.503104e-01	-3.038746e-01
3.503360e-01	-3.013176e-01
3.503616e-01	-2.986243e-01
3.503872e-01	-2.959390e-01
3.504128e-01	-2.931975e-01
3.504384e-01	-2.903290e-01
3.504640e-01	-2.873894e-01
3.504896e-01	-2.845643e-01
3.505152e-01	-2.816047e-01
3.505408e-01	-2.784769e-01
3.505664e-01	-2.754453e-01
3.505920e-01	-2.720971e-01
3.506176e-01	-2.690524e-01
3.506432e-01	-2.656897e-01
3.506688e-01	-2.622157e-01
3.506944e-01	-2.588917e-01
3.507200e-01	-2.554100e-01
3.507456e-01	-2.519821e-01
3.507712e-01	-2.483464e-01
3.507968e-01	-2.447271e-01
3.508224e-01	-2.411250e-01
3.508480e-01	-2.373890e-01
3.508736e-01	-2.335230e-01
3.508992e-01	-2.297037e-01
3.509248e-01	-2.258587e-01
3.509504e-01	-2.219584e-01
3.509760e-01	-2.181189e-01
3.510016e-01	-2.140458e-01
3.510272e-01	-2.100080e-01
3.510528e-01	-2.059555e-01
3.510784e-01	-2.018118e-01
3.511040e-01	-1.975607e-01
3.511296e-01	-1.933731e-01
3.511552e-01	-1.891916e-01
3.511808e-01	-1.849491e-01
3.512064e-01	-1.805453e-01
3.512320e-01	-1.763123e-01
3.512576e-01	-1.718859e-01
3.512832e-01	-1.674999e-01
3.513088e-01	-1.630259e-01
3.513344e-01	-1.586034e-01
3.513600e-01	-1.539546e-01
3.513856e-01	-1.495486e-01
3.514112e-01	-1.450977e-01
3.514368e-01	-1.403516e-01
3.514624e-01	-1.360194e-01
3.514880e-01	-1.311117e-01
3.515136e-01	-1.266018e-01
3.515392e-01	-1.219015e-01
3.515648e-01	-1.171156e-01
3.515904e-01	-1.125703e-01
3.516160e-01	-1.077737e-01
3.516416e-01	-1.030966e-01
3.516672e-01	-9.827177e-02
3.516928e-01	-9.361464e-02
3.517184e-01	-8.877257e-02
3.517440e-01	-8.416419e-02
3.517696e-01	-7.925949e-02
3.517952e-01	-7.442599e-02
3.518208e-01	-6.968496e-02
3.518464e-01	-6.487683e-02
3.518720e-01	-6.012042e-02
3.518976e-01	-5.528859e-02
3.519232e-01	-5.051189e-02
3.519488e-01	-4.554962e-02
3.519744e-01	-4.076442e-02
3.520000e-01	-3.606511e-02
3.520256e-01	-3.118642e-02
3.520512e-01	-2.631541e-02
3.520768e-01	-2.164129e-02
3.521024e-01	-1.685827e-02
3.521280e-01	-1.200837e-02
3.521536e-01	-7.220079e-03
3.521792e-01	-2.476109e-03
3.522048e-01	2.165902e-03
3.522304e-01	7.020586e-03
3.522560e-01	1.170832e-02
3.522816e-01	1.633951e-02
3.523072e-01	2.105831e-02
3.523328e-01	2.575234e-02
3.523584e-01	3.030278e-02
3.523840e-01	3.495000e-02
3.524096e-01	3.962585e-02
3.524352e-01	4.427868e-02
3.524608e-01	4.877729e-02
3.524864e-01	5.326290e-02
3.525120e-01	5.781787e-02
3.525376e-01	6.227896e-02
3.525632e-01	6.666002e-02
3.525888e-01	7.118779e-02
3.526144e-01	7.552067e-02
3.526400e-01	7.987351e-02
3.526656e-01	8.417831e-02
3.526912e-01	8.852056e-02
3.527168e-01	9.274619e-02
3.527424e-01	9.682050e-02
3.527680e-01	1.010745e-01
3.527936e-01	1.052717e-01
3.528192e-01	1.093318e-01
3.528448e-01	1.133120e-01
3.528704e-01	1.174548e-01
3.528960e-01	1.213749e-01
3.529216e-01	1.252544e-01
3.529472e-01	1.292253e-01
3.529728e-01	1.329910e-01
3.529984e-01	1.367479e-01
3.530240e-01	1.405558e-01
3.530496e-01	1.443246e-01
3.530752e-01	1.478307e-01
3.531008e-01	1.513722e-01
3.531264e-01	1.549558e-01
3.531520e-01	1.585431e-01
3.531776e-01	1.617970e-01
3.532032e-01	1.652316e-01
3.532288e-01	1.684618e-01
3.532544e-01	1.718107e-01
3.532800e-01	1.750683e-01
3.533056e-01	1.781080e-01
3.533312e-01	1.811927e-01
3.533568e-01	1.842646e-01
3.533824e-01	1.872672e-01
3.534080e-01	1.900712e-01
3.534336e-01	1.929371e-01
3.534592e-01	1.958154e-01
3.534848e-01	1.984625e-01
3.535104e-01	2.010809e-01
3.535360e-01	2.036850e-01
3.535616e-01	2.061518e-01
3.535872e-01	2.087094e-01
3.536128e-01	2.110677e-01
3.536384e-01	2.133169e-01
3.536640e-01	2.155628e-01
3.536896e-01	2.176743e-01
3.537152e-01	2.199261e-01
3.537408e-01	2.218338e-01
3.537664e-01	2.239900e-01
3.537920e-01	2.257435e-01
3.538176e-01	2.274807e-01
3.538432e-01	2.293051e-01
3.538688e-01	2.310095e-01
3.538944e-01	2.326799e-01
3.539200e-01	2.341359e-01
3.539456e-01	2.355888e-01
3.539712e-01	2.368622e-01
3.539968e-01	2.383376e-01
3.540224e-01	2.396252e-01
3.540480e-01	2.407721e-01
3.540736e-01	2.418371e-01
3.540992e-01	2.427301e-01
3.541248e-01	2.437643e-01
3.541504e-01	2.445958e-01
3.541760e-01	2.454555e-01
3.542016e-01	2.461392e-01
3.542272e-01	2.468291e-01
3.542528e-01	2.472671e-01
3.542784e-01	2.478177e-01
3.543040e-01	2.482210e-01
3.543296e-01	2.484766e-01
3.543552e-01	2.488274e-01
3.543808e-01	2.489475e-01
3.544064e-01	2.490141e-01
3.544320e-01	2.490083e-01
3.544576e-01	2.490004e-01
3.544832e-01	2.489064e-01
3.545088e-01	2.485896e-01
3.545344e-01	2.482822e-01
3.545600e-01	2.478765e-01
3.545856e-01	2.474929e-01
3.546112e-01	2.469082e-01
3.546368e-01	2.464099e-01
3.546624e-01	2.457214e-01
3.546880e-01	2.448109e-01
3.547136e-01	2.441481e-01
3.547392e-01	2.431495e-01
3.547648e-01	2.421220e-01
3.547904e-01	2.412151e-01
3.548160e-01	2.398666e-01
3.548416e-01	2.387160e-01
3.548672e-01	2.375061e-01
3.548928e-01	2.361555e-01
3.549184e-01	2.345778e-01
3.549440e-01	2.331392e-01
3.549696e-01	2.315871e-01
3.549952e-01	2.298369e-01
3.550208e-01	2.281477e-01
3.550464e-01	2.263865e-01
3.550720e-01	2.245225e-01
3.550976e-01	2.225677e-01
3.551232e-01	2.206324e-01
3.551488e-01	2.184577e-01
3.551744e-01	2.163380e-01
3.552000e-01	2.140621e-01
3.552256e-01	2.117784e-01
3.552512e-01	2.095555e-01
3.552768e-01	2.070216e-01
3.553024e-01	2.045807e-01
3.553280e-01	2.019454e-01
3.553536e-01	1.994016e-01
3.553792e-01	1.966522e-01
3.554048e-01	1.938872e-01
3.554304e-01	1.910326e-01
3.554560e-01	1.881796e-01
3.554816e-01	1.851846e-01
3.555072e-01	1.822632e-01
3.555328e-01	1.792315e-01
3.555584e-01	1.759735e-01
3.555840e-01	1.729318e-01
3.556096e-01	1.696500e-01
3.556352e-01	1.664228e-01
3.556608e-01	1.631546e-01
3.556864e-01	1.596076e-01
3.557120e-01	1.561754e-01
3.557376e-01	1.526831e-01
3.557632e-01	1.489926e-01
3.557888e-01	1.453862e-01
3.558144e-01	1.418153e-01
3.558400e-01	1.380349e-01
3.558656e-01	1.343848e-01
3.558912e-01	1.305003e-01
3.559168e-01	1.267017e-01
3.559424e-01	1.227281e-01
3.559680e-01	1.187747e-01
3.559936e-01	1.147747e-01
3.560192e-01	1.108190e-01
3.560448e-01	1.067019e-01
3.560704e-01	1.025971e-01
3.560960e-01	9.844219e-02
3.561216e-01	9.418178e-02
3.561472e-01	9.011205e-02
3.561728e-01	8.571038e-02
3.561984e-01	8.143976e-02
3.562240e-01	7.702347e-02
3.562496e-01	7.246934e-02
3.562752e-01	6.827828e-02
3.563008e-01	6.383875e-02
3.563264e-01	5.936467e-02
3.563520e-01	5.491978e-02
3.563776e-01	5.046172e-02
3.564032e-01	4.582255e-02
3.564288e-01	4.129507e-02
3.564544e-01	3.658115e-02
3.564800e-01	3.202778e-02
3.565056e-01	2.752275e-02
3.565312e-01	2.278727e-02
3.565568e-01	1.812382e-02
3.565824e-01	1.345515e-02
3.566080e-01	8.721202e-03
3.566336e-01	4.001606e-03
3.566592e-01	-7.539871e-04
3.566848e-01	-5.465783e-03
3.567104e-01	-1.031849e-02
3.567360e-01	-1.506420e-02
3.567616e-01	-1.989146e-02
3.567872e-01	-2.464941e-02
3.568128e-01	-2.949551e-02
3.568384e-01	-3.428629e-02
3.568640e-01	-3.900407e-02
3.568896e-01	-4.391021e-02
3.569152e-01	-4.866116e-02
3.569408e-01	-5.349325e-02
3.569664e-01	-5.841593e-02
3.569920e-01	-6.305824e-02
3.570176e-01	-6.793658e-02
3.570432e-01	-7.270369e-02
3.570688e-01	-7.745344e-02
3.570944e-01	-8.225538e-02
3.571200e-01	-8.700382e-02
3.571456e-01	-9.182569e-02
3.571712e-01	-9.660742e-02
3.571968e-01	-1.012178e-01
3.572224e-01	-1.059293e-01
3.572480e-01	-1.107204e-01
3.572736e-01	-1.155002e-01
3.572992e-01	-1.202510e-01
3.573248e-01	-1.247859e-01
3.573504e-01	-1.293794e-01
3.573760e-01	-1.341288e-01
3.574016e-01	-1.386956e-01
3.574272e-01	-1.433184e-01
3.574528e-01	-1.477772e-01
3.574784e-01	-1.524148e-01
3.575040e-01	-1.568995e-01
3.575296e-01	-1.613364e-01
3.575552e-01	-1.657461e-01
3.575808e-01	-1.702913e-01
3.576064e-01	-1.746547e-01
3.576320e-01	-1.788760e-01
3.576576e-01	-1.831901e-01
3.576832e-01	-1.874798e-01
3.577088e-01	-1.917305e-01
3.577344e-01	-1.960105e-01
3.577600e-01	-2.002496e-01
3.577856e-01	-2.043149e-01
3.578112e-01	-2.083741e-01
3.578368e-01	-2.124727e-01
3.578624e-01	-2.164586e-01
3.578880e-01	-2.204507e-01
3.579136e-01	-2.243703e-01
3.579392e-01	-2.283319e-01
3.579648e-01	-2.320443e-01
3.579904e-01	-2.358787e-01
3.580160e-01	-2.395942e-01
3.580416e-01	-2.432902e-01
3.580672e-01	-2.469371e-01
3.580928e-01	-2.504771e-01
3.581184e-01	-2.541173e-01
3.581440e-01	-2.575190e-01
3.581696e-01	-2.610214e-01
3.581952e-01	-2.642781e-01
3.582208e-01	-2.675668e-01
3.582464e-01	-2.709500e-01
3.582720e-01	-2.740830e-01
3.582976e-01	-2.772422e-01
3.583232e-01	-2.802584e-01
3.583488e-01	-2.834014e-01
3.583744e-01	-2.863050e-01
3.584000e-01	-2.892011e-01
3.584256e-01	-2.922123e-01
3.584512e-01	-2.948998e-01
3.584768e-01	-2.975482e-01
3.585024e-01	-3.001856e-01
3.585280e-01	-3.027721e-01
3.585536e-01	-3.053346e-01
3.585792e-01	-3.077654e-01
3.586048e-01	-3.101655e-01
3.586304e-01	-3.124517e-01
3.586560e-01	-3.148410e-01
3.586816e-01	-3.169021e-01
3.587072e-01	-3.189939e-01
3.587328e-01	-3.211417e-01
3.587584e-01	-3.230708e-01
3.587840e-01	-3.249250e-01
3.588096e-01	-3.267830e-01
3.588352e-01	-3.285137e-01
3.588608e-01	-3.302644e-01
3.588864e-01	-3.319134e-01
3.589120e-01	-3.332975e-01
3.589376e-01	-3.348569e-01
3.589632e-01	-3.364007e-01
3.589888e-01	-3.375772e-01
3.590144e-01	-3.388627e-01
3.590400e-01	-3.400982e-01
3.590656e-01	-3.411748e-01
3.590912e-01	-3.420275e-01
3.591168e-01	-3.429837e-01
3.591424e-01	-3.439844e-01
3.591680e-01	-3.446531e-01
3.591936e-01	-3.454520e-01
3.592192e-01	-3.460343e-01
3.592448e-01	-3.465456e-01
3.592704e-01	-3.471588e-01
3.592960e-01	-3.474367e-01
3.593216e-01	-3.478734e-01
3.593472e-01	-3.480523e-01
3.593728e-01	-3.482461e-01
3.593984e-01	-3.483113e-01
3.594240e-01	-3.483937e-01
3.594496e-01	-3.483070e-01
3.594752e-01	-3.481518e-01
3.595008e-01	-3.480585e-01
3.595264e-01	-3.476758e-01
3.595520e-01	-3.473325e-01
3.595776e-01	-3.468655e-01
3.596032e-01	-3.463335e-01
3.596288e-01	-3.457816e-01
3.596544e-01	-3.449919e-01
3.596800e-01	-3.443899e-01
3.597056e-01	-3.435028e-01
3.597312e-01	-3.426275e-01
3.597568e-01	-3.415846e-01
3.597824e-01	-3.405189e-01
3.598080e-01	-3.393819e-01
3.598336e-01	-3.381055e-01
3.598592e-01	-3.368545e-01
3.598848e-01	-3.355681e-01
3.599104e-01	-3.341308e-01
3.599360e-01	-3.325887e-01
3.599616e-01	-3.310271e-01
3.599872e-01	-3.293498e-01
3.600128e-01	-3.276041e-01
3.600384e-01	-3.258261e-01
3.600640e-01	-3.240362e-01
3.600896e-01	-3.220364e-01
3.601152e-01	-3.199005e-01
3.601408e-01	-3.179798e-01
3.601664e-01	-3.157748e-01
3.601920e-01	-3.136547e-01
3.602176e-01	-3.113155e-01
3.602432e-01	-3.089221e-01
3.602688e-01	-3.065148e-01
3.602944e-01	-3.040211e-01
3.603200e-01	-3.014389e-01
3.603456e-01	-2.988265e-01
3.603712e-01	-2.961905e-01
3.603968e-01	-2.934322e-01
3.604224e-01	-2.905761e-01
3.604480e-01	-2.876906e-01
3.604736e-01	-2.847489e-01
3.604992e-01	-2.818708e-01
3.605248e-01	-2.787831e-01
3.605504e-01	-2.754664e-01
3.605760e-01	-2.724416e-01
3.606016e-01	-2.691998e-01
3.606272e-01	-2.658195e-01
3.606528e-01	-2.626143e-01
3.606784e-01	-2.591592e-01
3.607040e-01	-2.558220e-01
3.607296e-01	-2.521625e-01
3.607552e-01	-2.486985e-01
3.607808e-01	-2.450746e-01
3.608064e-01	-2.413149e-01
3.608320e-01	-2.376605e-01
3.608576e-01	-2.338275e-01
3.608832e-01	-2.301080e-01
3.609088e-01	-2.262311e-01
3.609344e-01	-2.222731e-01
3.609600e-01	-2.184252e-01
3.609856e-01	-2.144097e-01
3.610112e-01	-2.102823e-01
3.610368e-01	-2.062056e-01
3.610624e-01	-2.021522e-01
3.610880e-01	-1.979207e-01
3.611136e-01	-1.937892e-01
3.611392e-01	-1.895666e-01
3.611648e-01	-1.852382e-01
3.611904e-01	-1.810270e-01
3.612160e-01	-1.766791e-01
3.612416e-01	-1.723134e-01
3.612672e-01	-1.679023e-01
3.612928e-01	-1.633509e-01
3.613184e-01	-1.590166e-01
3.613440e-01	-1.544417e-01
3.613696e-01	-1.500374e-01
3.613952e-01	-1.453808e-01
3.614208e-01	-1.409419e-01
3.614464e-01	-1.362427e-01
3.614720e-01	-1.315691e-01
3.614976e-01	-1.269673e-01
3.615232e-01	-1.222488e-01
3.615488e-01	-1.177697e-01
3.615744e-01	-1.128067e-01
3.616000e-01	-1.082213e-01
3.616256e-01	-1.034590e-01
3.616512e-01	-9.883196e-02
3.616768e-01	-9.410689e-02
3.617024e-01	-8.917972e-02
3.617280e-01	-8.445590e-02
3.617536e-01	-7.963230e-02
3.617792e-01	-7.496081e-02
3.618048e-01	-7.000412e-02
3.618304e-01	-6.538211e-02
3.618560e-01	-6.040885e-02
3.618816e-01	-5.566928e-02
3.619072e-01	-5.095749e-02
3.619328e-01	-4.594996e-02
3.619584e-01	-4.129770e-02
3.619840e-01	-3.648384e-02
3.620096e-01	-3.158075e-02
3.620352e-01	-2.689110e-02
3.620608e-01	-2.210467e-02
3.620864e-01	-1.735180e-02
3.621120e-01	-1.247664e-02
3.621376e-01	-7.574518e-03
3.621632e-01	-2.918875e-03
3.621888e-01	1.890014e-03
3.622144e-01	6.568206e-03
3.622400e-01	1.113606e-02
3.622656e-01	1.597482e-02
3.622912e-01	2.064348e-02
3.623168e-01	2.531109e-02
3.623424e-01	2.997346e-02
3.623680e-01	3.456236e-02
3.623936e-01	3.914344e-02
3.624192e-01	4.378415e-02
3.624448e-01	4.837476e-02
3.624704e-01	5.280348e-02
3.624960e-01	5.739263e-02
3.625216e-01	6.196886e-02
3.625472e-01	6.620230e-02
3.625728e-01	7.065502e-02
3.625984e-01	7.502884e-02
3.626240e-01	7.936954e-02
3.626496e-01	8.376871e-02
3.626752e-01	8.807304e-02
3.627008e-01	9.220804e-02
3.627264e-01	9.651697e-02
3.627520e-01	1.007361e-01
3.627776e-01	1.048173e-01
3.628032e-01	1.089323e-01
3.628288e-01	1.129004e-01
3.628544e-01	1.170019e-01
3.628800e-01	1.210346e-01
3.629056e-01	1.249162e-01
3.629312e-01	1.287728e-01
3.629568e-01	1.326050e-01
3.629824e-01	1.364120e-01
3.630080e-01	1.401443e-01
3.630336e-01	1.439710e-01
3.630592e-01	1.474918e-01
3.630848e-01	1.510208e-01
3.631104e-01	1.545891e-01
3.631360e-01	1.581406e-01
3.631616e-01	1.616382e-01
3.631872e-01	1.649302e-01
3.632128e-01	1.682077e-01
3.632384e-01	1.715229e-01
3.632640e-01	1.747590e-01
3.632896e-01	1.778794e-01
3.633152e-01	1.808843e-01
3.633408e-01	1.839114e-01
3.633664e-01	1.868502e-01
3.633920e-01	1.898287e-01
3.634176e-01	1.926716e-01
3.634432e-01	1.954305e-01
3.634688e-01	1.981029e-01
3.634944e-01	2.008895e-01
3.635200e-01	2.034985e-01
3.635456e-01	2.058300e-01
3.635712e-01	2.084068e-01
3.635968e-01	2.108564e-01
3.636224e-01	2.130254e-01
3.636480e-01	2.153701e-01
3.636736e-01	2.175619e-01
3.636992e-01	2.197706e-01
3.637248e-01	2.217570e-01
3.637504e-01	2.236442e-01
3.637760e-01	2.256567e-01
3.638016e-01	2.273785e-01
3.638272e-01	2.291038e-01
3.638528e-01	2.308706e-01
3.638784e-01	2.324676e-01
3.639040e-01	2.340559e-01
3.639296e-01	2.356082e-01
3.639552e-01	2.369127e-01
3.639808e-01	2.381338e-01
3.640064e-01	2.394679e-01
3.640320e-01	2.406515e-01
3.640576e-01	2.418090e-01
3.640832e-01	2.427229e-01
3.641088e-01	2.437099e-01
3.641344e-01	2.444662e-01
3.641600e-01	2.453140e-01
3.641856e-01	2.461332e-01
3.642112e-01	2.466459e-01
3.642368e-01	2.472010e-01
3.642624e-01	2.477589e-01
3.642880e-01	2.482057e-01
3.643136e-01	2.484709e-01
3.643392e-01	2.486785e-01
3.643648e-01	2.490747e-01
3.643904e-01	2.490857e-01
3.644160e-01	2.490529e-01
3.644416e-01	2.490535e-01
3.644672e-01	2.487611e-01
3.644928e-01	2.484888e-01
3.645184e-01	2.483365e-01
3.645440e-01	2.479743e-01
3.645696e-01	2.475260e-01
3.645952e-01	2.470928e-01
3.646208e-01	2.464602e-01
3.646464e-01	2.457374e-01
3.646720e-01	2.450067e-01
3.646976e-01	2.441538e-01
3.647232e-01	2.433354e-01
3.647488e-01	2.422833e-01
3.647744e-01	2.412035e-01
3.648000e-01	2.400838e-01
3.648256e-01	2.388479e-01
3.648512e-01	2.375623e-01
3.648768e-01	2.363054e-01
3.649024e-01	2.347638e-01
3.649280e-01	2.333390e-01
3.649536e-01	2.317283e-01
3.649792e-01	2.300323e-01
3.650048e-01	2.283673e-01
3.650304e-01	2.265108e-01
3.650560e-01	2.247661e-01
3.650816e-01	2.227889e-01
3.651072e-01	2.207107e-01
3.651328e-01	2.186810e-01
3.651584e-01	2.164744e-01
3.651840e-01	2.143666e-01
3.652096e-01	2.120775e-01
3.652352e-01	2.097283e-01
3.652608e-01	2.072615e-01
3.652864e-01	2.047463e-01
3.653120e-01	2.022204e-01
3.653376e-01	1.996025e-01
3.653632e-01	1.969222e-01
3.653888e-01	1.942056e-01
3.654144e-01	1.914349e-01
3.654400e-01	1.885544e-01
3.654656e-01	1.855284e-01
3.654912e-01	1.825450e-01
3.655168e-01	1.793606e-01
3.655424e-01	1.763433e-01
3.655680e-01	1.732201e-01
3.655936e-01	1.698490e-01
3.656192e-01	1.667779e-01
3.656448e-01	1.632746e-01
3.656704e-01	1.598064e-01
3.656960e-01	1.564654e-01
3.657216e-01	1.529426e-01
3.657472e-01	1.495421e-01
3.657728e-01	1.457335e-01
3.657984e-01	1.422332e-01
3.658240e-01	1.383221e-01
3.658496e-01	1.345745e-01
3.658752e-01	1.309434e-01
3.659008e-01	1.269410e-01
3.659264e-01	1.231584e-01
3.659520e-01	1.191617e-01
3.659776e-01	1.151743e-01
3.660032e-01	1.111512e-01
3.660288e-01	1.070412e-01
3.660544e-01	1.029961e-01
3.660800e-01	9.877456e-02
3.661056e-01	9.463259e-02
3.661312e-01	9.038027e-02
3.661568e-01	8.612492e-02
3.661824e-01	8.183924e-02
3.662080e-01	7.750464e-02
3.662336e-01	7.304990e-02
3.662592e-01	6.865849e-02
3.662848e-01	6.430667e-02
3.663104e-01	5.981993e-02
3.663360e-01	5.519257e-02
3.663616e-01	5.079380e-02
3.663872e-01	4.625555e-02
3.664128e-01	4.166237e-02
3.664384e-01	3.709716e-02
3.664640e-01	3.249988e-02
3.664896e-01	2.777561e-02
3.665152e-01	2.313667e-02
3.665408e-01	1.852382e-02
3.665664e-01	1.382275e-02
3.665920e-01	9.196681e-03
3.666176e-01	4.468951e-03
3.666432e-01	-4.272406e-04
3.666688e-01	-5.172524e-03
3.666944e-01	-9.844221e-03
3.667200e-01	-1.457863e-02
3.667456e-01	-1.943278e-02
3.667712e-01	-2.420130e-02
3.667968e-01	-2.902238e-02
3.668224e-01	-3.376777e-02
3.668480e-01	-3.863273e-02
3.668736e-01	-4.345669e-02
3.668992e-01	-4.820484e-02
3.669248e-01	-5.308434e-02
3.669504e-01	-5.775544e-02
3.669760e-01	-6.261566e-02
3.670016e-01	-6.750908e-02
3.670272e-01	-7.224344e-02
3.670528e-01	-7.710545e-02
3.670784e-01	-8.175302e-02
3.671040e-01	-8.664096e-02
3.671296e-01	-9.145042e-02
3.671552e-01	-9.619150e-02
3.671808e-01	-1.008901e-01
3.672064e-01	-1.055865e-01
3.672320e-01	-1.102776e-01
3.672576e-01	-1.150421e-01
3.672832e-01	-1.197828e-01
3.673088e-01	-1.243027e-01
3.673344e-01	-1.290721e-01
3.673600e-01	-1.337268e-01
3.673856e-01	-1.382851e-01
3.674112e-01	-1.428842e-01
3.674368e-01	-1.473948e-01
3.674624e-01	-1.519821e-01
3.674880e-01	-1.565035e-01
3.675136e-01	-1.610425e-01
3.675392e-01	-1.653645e-01
3.675648e-01	-1.698419e-01
3.675904e-01	-1.742364e-01
3.676160e-01	-1.784860e-01
3.676416e-01	-1.828236e-01
3.676672e-01	-1.871330e-01
3.676928e-01	-1.913479e-01
3.677184e-01	-1.955888e-01
3.677440e-01	-1.997657e-01
3.677696e-01	-2.038097e-01
3.677952e-01	-2.079351e-01
3.678208e-01	-2.121812e-01
3.678464e-01	-2.160785e-01
3.678720e-01	-2.200544e-01
3.678976e-01	-2.240089e-01
3.679232e-01	-2.278122e-01
3.679488e-01	-2.318035e-01
3.679744e-01	-2.355561e-01
3.680000e-01	-2.392085e-01
3.680256e-01	-2.429216e-01
3.680512e-01	-2.465728e-01
3.680768e-01	-2.501417e-01
3.681024e-01	-2.537243e-01
3.681280e-01	-2.573011e-01
3.681536e-01	-2.605730e-01
3.681792e-01	-2.640158e-01
3.682048e-01	-2.673818e-01
3.682304e-01	-2.705331e-01
3.682560e-01	-2.737500e-01
3.682816e-01	-2.769852e-01
3.683072e-01	-2.800439e-01
3.683328e-01	-2.831114e-01
3.683584e-01	-2.860161e-01
3.683840e-01	-2.888957e-01
3.684096e-01	-2.918441e-01
3.684352e-01	-2.945829e-01
3.684608e-01	-2.973035e-01
3.684864e-01	-3.000250e-01
3.685120e-01	-3.025214e-01
3.685376e-01	-3.050257e-01
3.685632e-01	-3.074765e-01
3.685888e-01	-3.099750e-01
3.686144e-01	-3.122539e-01
3.686400e-01	-3.144655e-01
3.686656e-01	-3.167458e-01
3.686912e-01	-3.189245e-01
3.687168e-01	-3.208306e-01
3.687424e-01	-3.229084e-01
3.687680e-01	-3.247648e-01
3.687936e-01	-3.266355e-01
3.688192e-01	-3.283750e-01
3.688448e-01	-3.301073e-01
3.688704e-01	-3.317034e-01
3.688960e-01	-3.331841e-01
3.689216e-01	-3.347895e-01
3.689472e-01	-3.361269e-01
3.689728e-01	-3.374941e-01
3.689984e-01	-3.386849e-01
3.690240e-01	-3.399033e-01
3.690496e-01	-3.410467e-01
3.690752e-01	-3.419094e-01
3.691008e-01	-3.429294e-01
3.691264e-01	-3.438048e-01
3.691520e-01	-3.445975e-01
3.691776e-01	-3.453065e-01
3.692032e-01	-3.460545e-01
3.692288e-01	-3.464719e-01
3.692544e-01	-3.470339e-01
3.692800e-01	-3.474925e-01
3.693056e-01	-3.477964e-01
3.693312e-01	-3.481431e-01
3.693568e-01	-3.482510e-01
3.693824e-01	-3.482992e-01
3.694080e-01	-3.483347e-01
3.694336e-01	-3.482461e-01
3.694592e-01	-3.482199e-01
3.694848e-01	-3.480700e-01
3.695104e-01	-3.475948e-01
3.695360e-01	-3.473276e-01
3.695616e-01	-3.468010e-01
3.695872e-01	-3.463355e-01
3.696128e-01	-3.458118e-01
3.696384e-01	-3.450689e-01
3.696640e-01	-3.443841e-01
3.696896e-01	-3.434972e-01
3.697152e-01	-3.426931e-01
3.697408e-01	-3.416419e-01
3.697664e-01	-3.406191e-01
3.697920e-01	-3.394334e-01
3.698176e-01	-3.383110e-01
3.698432e-01	-3.370008e-01
3.698688e-01	-3.356581e-01
3.698944e-01	-3.342792e-01
3.699200e-01	-3.327806e-01
3.699456e-01	-3.311789e-01
3.699712e-01	-3.294765e-01
3.699968e-01	-3.277614e-01
3.700224e-01	-3.260158e-01
3.700480e-01	-3.242100e-01
3.700736e-01	-3.222352e-01
3.700992e-01	-3.201791e-01
3.701248e-01	-3.181435e-01
3.701504e-01	-3.159887e-01
3.701760e-01	-3.138013e-01
3.702016e-01	-3.115497e-01
3.702272e-01	-3.092252e-01
3.702528e-01	-3.067937e-01
3.702784e-01	-3.042739e-01
3.703040e-01	-3.017253e-01
3.703296e-01	-2.990768e-01
3.703552e-01	-2.964007e-01
3.703808e-01	-2.937704e-01
3.704064e-01	-2.908835e-01
3.704320e-01	-2.881077e-01
3.704576e-01	-2.851324e-01
3.704832e-01	-2.820777e-01
3.705088e-01	-2.790349e-01
3.705344e-01	-2.759156e-01
3.705600e-01	-2.728094e-01
3.705856e-01	-2.695500e-01
3.706112e-01	-2.662041e-01
3.706368e-01	-2.629138e-01
3.706624e-01	-2.594568e-01
3.706880e-01	-2.560453e-01
3.707136e-01	-2.525343e-01
3.707392e-01	-2.489731e-01
3.707648e-01	-2.454201e-01
3.707904e-01	-2.417681e-01
3.708160e-01	-2.379385e-01
3.708416e-01	-2.342014e-01
3.708672e-01	-2.305339e-01
3.708928e-01	-2.266460e-01
3.709184e-01	-2.226661e-01
3.709440e-01	-2.187727e-01
3.709696e-01	-2.148214e-01
3.709952e-01	-2.106824e-01
3.710208e-01	-2.066514e-01
3.710464e-01	-2.025224e-01
3.710720e-01	-1.983081e-01
3.710976e-01	-1.941659e-01
3.711232e-01	-1.899304e-01
3.711488e-01	-1.857940e-01
3.711744e-01	-1.813173e-01
3.712000e-01	-1.770563e-01
3.712256e-01	-1.726460e-01
3.712512e-01	-1.681777e-01
3.712768e-01	-1.639784e-01
3.713024e-01	-1.594087e-01
3.713280e-01	-1.548409e-01
3.713536e-01	-1.503700e-01
3.713792e-01	-1.458237e-01
3.714048e-01	-1.411925e-01
3.714304e-01	-1.366534e-01
3.714560e-01	-1.320854e-01
3.714816e-01	-1.274893e-01
3.715072e-01	-1.228293e-01
3.715328e-01	-1.180626e-01
3.715584e-01	-1.135142e-01
3.715840e-01	-1.085740e-01
3.716096e-01	-1.039457e-01
3.716352e-01	-9.923462e-02
3.716608e-01	-9.454406e-02
3.716864e-01	-8.973339e-02
3.717120e-01	-8.488467e-02
3.717376e-01	-8.014168e-02
3.717632e-01	-7.535626e-02
3.717888e-01	-7.058242e-02
3.718144e-01	-6.575427e-02
3.718400e-01	-6.091288e-02
3.718656e-01	-5.608949e-02
3.718912e-01	-5.134104e-02
3.719168e-01	-4.648852e-02
3.719424e-01	-4.172505e-02
3.719680e-01	-3.688927e-02
3.719936e-01	-3.203864e-02
3.720192e-01	-2.729036e-02
3.720448e-01	-2.241577e-02
3.720704e-01	-1.774248e-02
3.720960e-01	-1.284910e-02
3.721216e-01	-8.214329e-03
3.721472e-01	-3.549222e-03
3.721728e-01	1.360342e-03
3.721984e-01	6.012735e-03
3.722240e-01	1.070731e-02
3.722496e-01	1.539947e-02
3.722752e-01	2.008084e-02
3.723008e-01	2.483803e-02
3.723264e-01	2.940105e-02
3.723520e-01	3.402078e-02
3.723776e-01	3.871034e-02
3.724032e-01	4.345798e-02
3.724288e-01	4.789117e-02
3.724544e-01	5.237713e-02
3.724800e-01	5.686654e-02
3.725056e-01	6.140560e-02
3.725312e-01	6.589603e-02
3.725568e-01	7.029427e-02
3.725824e-01	7.470950e-02
3.726080e-01	7.893050e-02
3.726336e-01	8.328298e-02
3.726592e-01	8.770438e-02
3.726848e-01	9.195170e-02
3.727104e-01	9.606033e-02
3.727360e-01	1.002716e-01
3.727616e-01	1.044609e-01
3.727872e-01	1.085449e-01
3.728128e-01	1.127621e-01
3.728384e-01	1.167151e-01
3.728640e-01	1.206686e-01
3.728896e-01	1.245384e-01
3.729152e-01	1.284141e-01
3.729408e-01	1.323113e-01
3.729664e-01	1.360907e-01
3.729920e-01	1.397535e-01
3.730176e-01	1.435164e-01
3.730432e-01	1.471767e-01
3.730688e-01	1.507805e-01
3.730944e-01	1.542757e-01
3.731200e-01	1.577702e-01
3.731456e-01	1.612668e-01
3.731712e-01	1.645983e-01
3.731968e-01	1.678284e-01
3.732224e-01	1.712095e-01
3.732480e-01	1.744761e-01
3.732736e-01	1.774342e-01
3.732992e-01	1.806934e-01
3.733248e-01	1.838113e-01
3.733504e-01	1.866176e-01
3.733760e-01	1.896463e-01
3.734016e-01	1.923889e-01
3.734272e-01	1.951325e-01
3.734528e-01	1.979071e-01
3.734784e-01	2.006239e-01
3.735040e-01	2.032855e-01
3.735296e-01	2.057997e-01
3.735552e-01	2.082434e-01
3.735808e-01	2.106270e-01
3.736064e-01	2.130102e-01
3.736320e-01	2.151580e-01
3.736576e-01	2.173657e-01
3.736832e-01	2.195363e-01
3.737088e-01	2.214366e-01
3.737344e-01	2.235357e-01
3.737600e-01	2.253671e-01
3.737856e-01	2.273075e-01
3.738112e-01	2.289857e-01
3.738368e-01	2.307164e-01
3.738624e-01	2.324147e-01
3.738880e-01	2.338536e-01
3.739136e-01	2.353402e-01
3.739392e-01	2.367208e-01
3.739648e-01	2.380703e-01
3.739904e-01	2.393235e-01
3.740160e-01	2.405434e-01
3.740416e-01	2.416492e-01
3.740672e-01	2.426206e-01
3.740928e-01	2.435864e-01
3.741184e-01	2.444163e-01
3.741440e-01	2.453311e-01
3.741696e-01	2.459581e-01
3.741952e-01	2.465201e-01
3.742208e-01	2.471512e-01
3.742464e-01	2.477198e-01
3.742720e-01	2.481203e-01
3.742976e-01	2.484030e-01
3.743232e-01	2.487124e-01
3.743488e-01	2.488509e-01
3.743744e-01	2.490065e-01
3.744000e-01	2.489803e-01
3.744256e-01	2.488496e-01
3.744512e-01	2.489629e-01
3.744768e-01	2.485836e-01
3.745024e-01	2.484006e-01
3.745280e-01	2.480707e-01
3.745536e-01	2.474722e-01
3.745792e-01	2.470440e-01
3.746048e-01	2.463901e-01
3.746304e-01	2.457655e-01
3.746560e-01	2.450748e-01
3.746816e-01	2.441536e-01
3.747072e-01	2.433847e-01
3.747328e-01	2.424137e-01
3.747584e-01	2.412401e-01
3.747840e-01	2.402711e-01
3.748096e-01	2.389818e-01
3.748352e-01	2.375563e-01
3.748608e-01	2.363842e-01
3.748864e-01	2.349460e-01
3.749120e-01	2.334779e-01
3.749376e-01	2.318909e-01
3.749632e-01	2.303076e-01
3.749888e-01	2.284966e-01
3.750144e-01	2.267881e-01
3.750400e-01	2.249365e-01
3.750656e-01	2.228964e-01
3.750912e-01	2.209510e-01
3.751168e-01	2.188690e-01
3.751424e-01	2.167898e-01
3.751680e-01	2.144852e-01
3.751936e-01	2.122701e-01
3.752192e-01	2.099557e-01
3.752448e-01	2.074246e-01
3.752704e-01	2.049981e-01
3.752960e-01	2.025095e-01
3.753216e-01	1.999745e-01
3.753472e-01	1.970819e-01
3.753728e-01	1.945166e-01
3.753984e-01	1.916273e-01
3.754240e-01	1.886687e-01
3.754496e-01	1.858458e-01
3.754752e-01	1.828611e-01
3.755008e-01	1.797535e-01
3.755264e-01	1.767025e-01
3.755520e-01	1.734453e-01
3.755776e-01	1.702953e-01
3.756032e-01	1.670057e-01
3.756288e-01	1.636263e-01
3.756544e-01	1.602438e-01
3.756800e-01	1.567312e-01
3.757056e-01	1.532804e-01
3.757312e-01	1.497777e-01
3.757568e-01	1.461392e-01
3.757824e-01	1.424399e-01
3.758080e-01	1.388361e-01
3.758336e-01	1.349177e-01
3.758592e-01	1.311695e-01
3.758848e-01	1.274026e-01
3.759104e-01	1.233904e-01
3.759360e-01	1.195858e-01
3.759616e-01	1.154930e-01
3.759872e-01	1.115451e-01
3.760128e-01	1.074867e-01
3.760384e-01	1.033741e-01
3.760640e-01	9.910129e-02
3.760896e-01	9.501866e-02
3.761152e-01	9.085459e-02
3.761408e-01	8.646102e-02
3.761664e-01	8.221513e-02
3.761920e-01	7.796638e-02
3.762176e-01	7.343360e-02
3.762432e-01	6.909269e-02
3.762688e-01	6.480961e-02
3.762944e-01	6.020904e-02
3.763200e-01	5.570736e-02
3.763456e-01	5.120058e-02
3.763712e-01	4.671639e-02
3.763968e-01	4.216222e-02
3.764224e-01	3.748441e-02
3.764480e-01	3.288274e-02
3.764736e-01	2.823148e-02
3.764992e-01	2.369772e-02
3.765248e-01	1.895777e-02
3.765504e-01	1.425248e-02
3.765760e-01	9.593720e-03
3.766016e-01	4.826407e-03
3.766272e-01	1.691260e-04
3.766528e-01	-4.597038e-03
3.766784e-01	-9.427544e-03
3.767040e-01	-1.415292e-02
3.767296e-01	-1.896699e-02
3.767552e-01	-2.371234e-02
3.767808e-01	-2.852640e-02
3.768064e-01	-3.325946e-02
3.768320e-01	-3.805780e-02
3.768576e-01	-4.292004e-02
3.768832e-01	-4.768600e-02
3.769088e-01	-5.260044e-02
3.769344e-01	-5.732479e-02
3.769600e-01	-6.206151e-02
3.769856e-01	-6.701656e-02
3.770112e-01	-7.188522e-02
3.770368e-01	-7.659191e-02
3.770624e-01	-8.133747e-02
3.770880e-01	-8.614025e-02
3.771136e-01	-9.081855e-02
3.771392e-01	-9.577626e-02
3.771648e-01	-1.004306e-01
3.771904e-01	-1.051022e-01
3.772160e-01	-1.099198e-01
3.772416e-01	-1.147019e-01
3.772672e-01	-1.192690e-01
3.772928e-01	-1.240041e-01
3.773184e-01	-1.286372e-01
3.773440e-01	-1.332589e-01
3.773696e-01	-1.378312e-01
3.773952e-01	-1.422787e-01
3.774208e-01	-1.469629e-01
3.774464e-01	-1.515065e-01
3.774720e-01	-1.560044e-01
3.774976e-01	-1.604307e-01
3.775232e-01	-1.648621e-01
3.775488e-01	-1.693141e-01
3.775744e-01	-1.736767e-01
3.776000e-01	-1.781380e-01
3.776256e-01	-1.823619e-01
3.776512e-01	-1.867418e-01
3.776768e-01	-1.909829e-01
3.777024e-01	-1.952379e-01
3.777280e-01	-1.994273e-01
3.777536e-01	-2.034640e-01
3.777792e-01	-2.076765e-01
3.778048e-01	-2.116444e-01
3.778304e-01	-2.156292e-01
3.778560e-01	-2.197267e-01
3.778816e-01	-2.236242e-01
3.779072e-01	-2.274891e-01
3.779328e-01	-2.313886e-01
3.779584e-01	-2.351046e-01
3.779840e-01	-2.388178e-01
3.780096e-01	-2.426367e-01
3.780352e-01	-2.462117e-01
3.780608e-01	-2.498302e-01
3.780864e-01	-2.533196e-01
3.781120e-01	-2.569368e-01
3.781376e-01	-2.603719e-01
3.781632e-01	-2.637879e-01
3.781888e-01	-2.669835e-01
3.782144e-01	-2.702649e-01
3.782400e-01	-2.735160e-01
3.782656e-01	-2.765287e-01
3.782912e-01	-2.797219e-01
3.783168e-01	-2.827807e-01
3.783424e-01	-2.857845e-01
3.783680e-01	-2.887075e-01
3.783936e-01	-2.915425e-01
3.784192e-01	-2.943608e-01
3.784448e-01	-2.970990e-01
3.784704e-01	-2.997539e-01
3.784960e-01	-3.022843e-01
3.785216e-01	-3.048455e-01
3.785472e-01	-3.073396e-01
3.785728e-01	-3.098454e-01
3.785984e-01	-3.121374e-01
3.786240e-01	-3.143154e-01
3.786496e-01	-3.166033e-01
3.786752e-01	-3.186952e-01
3.787008e-01	-3.207006e-01
3.787264e-01	-3.227316e-01
3.787520e-01	-3.246203e-01
3.787776e-01	-3.265802e-01
3.788032e-01	-3.283111e-01
3.788288e-01	-3.299841e-01
3.788544e-01	-3.316391e-01
3.788800e-01	-3.330178e-01
3.789056e-01	-3.345626e-01
3.789312e-01	-3.361477e-01
3.789568e-01	-3.373843e-01
3.789824e-01	-3.385885e-01
3.790080e-01	-3.397900e-01
3.790336e-01	-3.408743e-01
3.790592e-01	-3.419079e-01
3.790848e-01	-3.429745e-01
3.791104e-01	-3.437259e-01
3.791360e-01	-3.444879e-01
3.791616e-01	-3.453915e-01
3.791872e-01	-3.460128e-01
3.792128e-01	-3.464907e-01
3.792384e-01	-3.469634e-01
3.792640e-01	-3.474191e-01
3.792896e-01	-3.477949e-01
3.793152e-01	-3.480316e-01
3.793408e-01	-3.482407e-01
3.793664e-01	-3.483702e-01
3.793920e-01	-3.484504e-01
3.794176e-01	-3.482899e-01
3.794432e-01	-3.482100e-01
3.794688e-01	-3.480103e-01
3.794944e-01	-3.477103e-01
3.795200e-01	-3.474661e-01
3.795456e-01	-3.469619e-01
3.795712e-01	-3.465400e-01
3.795968e-01	-3.458481e-01
3.796224e-01	-3.451170e-01
3.796480e-01	-3.444036e-01
3.796736e-01	-3.436343e-01
3.796992e-01	-3.428311e-01
3.797248e-01	-3.417225e-01
3.797504e-01	-3.408286e-01
3.797760e-01	-3.396352e-01
3.798016e-01	-3.384451e-01
3.798272e-01	-3.371034e-01
3.798528e-01	-3.358425e-01
3.798784e-01	-3.343596e-01
3.799040e-01	-3.329886e-01
3.799296e-01	-3.313536e-01
3.799552e-01	-3.296494e-01
3.799808e-01	-3.280317e-01
3.800064e-01	-3.262163e-01
3.800320e-01	-3.244174e-01
3.800576e-01	-3.223119e-01
3.800832e-01	-3.204920e-01
3.801088e-01	-3.183062e-01
3.801344e-01	-3.161369e-01
3.801600e-01	-3.139935e-01
3.801856e-01	-3.117528e-01
3.802112e-01	-3.094523e-01
3.802368e-01	-3.068919e-01
3.802624e-01	-3.046717e-01
3.802880e-01	-3.019744e-01
3.803136e-01	-2.994514e-01
3.803392e-01	-2.967173e-01
3.803648e-01	-2.938982e-01
3.803904e-01	-2.912587e-01
3.804160e-01	-2.882817e-01
3.804416e-01	-2.853472e-01
3.804672e-01	-2.824075e-01
3.804928e-01	-2.794123e-01
3.805184e-01	-2.762357e-01
3.805440e-01	-2.731538e-01
3.805696e-01	-2.699780e-01
3.805952e-01	-2.665727e-01
3.806208e-01	-2.632643e-01
3.806464e-01	-2.598252e-01
3.806720e-01	-2.563952e-01
3.806976e-01	-2.527526e-01
3.807232e-01	-2.493522e-01
3.807488e-01	-2.456889e-01
3.807744e-01	-2.420929e-01
3.808000e-01	-2.383291e-01
3.808256e-01	-2.345642e-01
3.808512e-01	-2.308303e-01
3.808768e-01	-2.269716e-01
3.809024e-01	-2.231293e-01
3.809280e-01	-2.190896e-01
3.809536e-01	-2.152000e-01
3.809792e-01	-2.110948e-01
3.810048e-01	-2.069887e-01
3.810304e-01	-2.029775e-01
3.810560e-01	-1.987349e-01
3.810816e-01	-1.946416e-01
3.811072e-01	-1.904254e-01
3.811328e-01	-1.860518e-01
3.811584e-01	-1.818631e-01
3.811840e-01	-1.774565e-01
3.812096e-01	-1.731207e-01
3.812352e-01	-1.688425e-01
3.812608e-01	-1.642544e-01
3.812864e-01	-1.599317e-01
3.813120e-01	-1.552196e-01
3.813376e-01	-1.508446e-01
3.813632e-01	-1.463700e-01
3.813888e-01	-1.416492e-01
3.814144e-01	-1.372001e-01
3.814400e-01	-1.325098e-01
3.814656e-01	-1.278691e-01
3.814912e-01	-1.232233e-01
3.815168e-01	-1.185348e-01
3.815424e-01	-1.137346e-01
3.815680e-01	-1.091560e-01
3.815936e-01	-1.044816e-01
3.816192e-01	-9.957687e-02
3.816448e-01	-9.498078e-02
3.816704e-01	-9.011930e-02
3.816960e-01	-8.538167e-02
3.817216e-01	-8.057638e-02
3.817472e-01	-7.584564e-02
3.817728e-01	-7.095391e-02
3.817984e-01	-6.629029e-02
3.818240e-01	-6.151100e-02
3.818496e-01	-5.665793e-02
3.818752e-01	-5.184891e-02
3.819008e-01	-4.688937e-02
3.819264e-01	-4.216115e-02
3.819520e-01	-3.739102e-02
3.819776e-01	-3.257005e-02
3.820032e-01	-2.773303e-02
3.820288e-01	-2.304199e-02
3.820544e-01	-1.813603e-02
3.820800e-01	-1.335547e-02
3.821056e-01	-8.727075e-03
3.821312e-01	-3.823052e-03
3.821568e-01	8.112789e-04
3.821824e-01	5.656600e-03
3.822080e-01	1.037590e-02
3.822336e-01	1.508403e-02
3.822592e-01	1.982219e-02
3.822848e-01	2.439985e-02
3.823104e-01	2.905549e-02
3.823360e-01	3.363112e-02
3.823616e-01	3.831559e-02
3.823872e-01	4.298573e-02
3.824128e-01	4.733436e-02
3.824384e-01	5.206699e-02
3.824640e-01	5.644270e-02
3.824896e-01	6.099052e-02
3.825152e-01	6.544025e-02
3.825408e-01	6.981362e-02
3.825664e-01	7.431495e-02
3.825920e-01	7.847080e-02
3.826176e-01	8.297170e-02
3.826432e-01	8.725524e-02
3.826688e-01	9.150621e-02
3.826944e-01	9.580284e-02
3.827200e-01	9.985954e-02
3.827456e-01	1.040666e-01
3.827712e-01	1.081891e-01
3.827968e-01	1.121764e-01
3.828224e-01	1.162864e-01
3.828480e-01	1.202647e-01
3.828736e-01	1.241326e-01
3.828992e-01	1.280912e-01
3.829248e-01	1.318801e-01
3.829504e-01	1.357980e-01
3.829760e-01	1.393789e-01
3.830016e-01	1.430865e-01
3.830272e-01	1.467524e-01
3.830528e-01	1.503529e-01
3.830784e-01	1.538919e-01
3.831040e-01	1.573723e-01
3.831296e-01	1.609187e-01
3.831552e-01	1.642707e-01
3.831808e-01	1.675487e-01
3.832064e-01	1.708312e-01
3.832320e-01	1.739486e-01
3.832576e-01	1.772520e-01
3.832832e-01	1.804267e-01
3.833088e-01	1.833186e-01
3.833344e-01	1.861977e-01
3.833600e-01	1.892056e-01
3.833856e-01	1.922021e-01
3.834112e-01	1.948994e-01
3.834368e-01	1.977168e-01
3.834624e-01	2.003659e-01
3.834880e-01	2.028828e-01
3.835136e-01	2.055181e-01
3.835392e-01	2.077952e-01
3.835648e-01	2.102352e-01
3.835904e-01	2.127534e-01
3.836160e-01	2.150236e-01
3.836416e-01	2.171037e-01
3.836672e-01	2.192543e-01
3.836928e-01	2.212988e-01
3.837184e-01	2.232813e-01
3.837440e-01	2.252174e-01
3.837696e-01	2.271018e-01
3.837952e-01	2.288200e-01
3.838208e-01	2.305229e-01
3.838464e-01	2.320979e-01
3.838720e-01	2.337212e-01
3.838976e-01	2.352289e-01
3.839232e-01	2.366027e-01
3.839488e-01	2.378811e-01
3.839744e-01	2.392464e-01
3.840000e-01	2.403056e-01
3.840256e-01	2.415253e-01
3.840512e-01	2.426369e-01
3.840768e-01	2.433929e-01
3.841024e-01	2.443628e-01
3.841280e-01	2.451672e-01
3.841536e-01	2.459980e-01
3.841792e-01	2.465854e-01
3.842048e-01	2.470895e-01
3.842304e-01	2.477453e-01
3.842560e-01	2.480442e-01
3.842816e-01	2.484454e-01
3.843072e-01	2.487036e-01
3.843328e-01	2.488622e-01
3.843584e-01	2.489976e-01
3.843840e-01	2.489964e-01
3.844096e-01	2.488900e-01
3.844352e-01	2.489149e-01
3.844608e-01	2.486531e-01
3.844864e-01	2.483969e-01
3.845120e-01	2.480628e-01
3.845376e-01	2.475817e-01
3.845632e-01	2.471477e-01
3.845888e-01	2.465375e-01
3.846144e-01	2.459220e-01
3.846400e-01	2.451303e-01
3.846656e-01	2.442806e-01
3.846912e-01	2.434056e-01
3.847168e-01	2.423942e-01
3.847424e-01	2.414525e-01
3.847680e-01	2.403008e-01
3.847936e-01	2.392445e-01
3.848192e-01	2.378168e-01
3.848448e-01	2.364868e-01
3.848704e-01	2.350382e-01
3.848960e-01	2.336172e-01
3.849216e-01	2.320827e-01
3.849472e-01	2.303530e-01
3.849728e-01	2.287391e-01
3.849984e-01	2.268718e-01
3.850240e-01	2.251271e-01
3.850496e-01	2.231320e-01
3.850752e-01	2.211115e-01
3.851008e-01	2.191214e-01
3.851264e-01	2.170180e-01
3.851520e-01	2.147959e-01
3.851776e-01	2.124191e-01
3.852032e-01	2.101376e-01
3.852288e-01	2.077522e-01
3.852544e-01	2.052061e-01
3.852800e-01	2.026310e-01
3.853056e-01	2.001625e-01
3.853312e-01	1.974536e-01
3.853568e-01	1.947276e-01
3.853824e-01	1.919141e-01
3.854080e-01	1.889785e-01
3.854336e-01	1.860557e-01
3.854592e-01	1.831121e-01
3.854848e-01	1.800077e-01
3.855104e-01	1.770570e-01
3.855360e-01	1.738392e-01
3.855616e-01	1.705601e-01
3.855872e-01	1.673564e-01
3.856128e-01	1.639128e-01
3.856384e-01	1.605916e-01
3.856640e-01	1.571535e-01
3.856896e-01	1.536711e-01
3.857152e-01	1.501104e-01
3.857408e-01	1.465764e-01
3.857664e-01	1.428865e-01
3.857920e-01	1.390188e-01
3.858176e-01	1.354347e-01
3.858432e-01	1.315742e-01
3.858688e-01	1.277647e-01
3.858944e-01	1.238252e-01
3.859200e-01	1.198546e-01
3.859456e-01	1.159728e-01
3.859712e-01	1.119580e-01
3.859968e-01	1.078393e-01
3.860224e-01	1.036773e-01
3.860480e-01	9.940570e-02
3.860736e-01	9.549931e-02
3.860992e-01	9.129718e-02
3.861248e-01	8.686714e-02
3.861504e-01	8.269630e-02
3.861760e-01	7.827979e-02
3.862016e-01	7.395956e-02
3.862272e-01	6.958354e-02
3.862528e-01	6.510013e-02
3.862784e-01	6.068818e-02
3.863040e-01	5.619998e-02
3.863296e-01	5.173288e-02
3.863552e-01	4.715038e-02
3.863808e-01	4.256915e-02
3.864064e-01	3.799756e-02
3.864320e-01	3.345670e-02
3.864576e-01	2.871334e-02
3.864832e-01	2.404766e-02
3.865088e-01	1.944949e-02
3.865344e-01	1.471922e-02
3.865600e-01	1.005993e-02
3.865856e-01	5.295578e-03
3.866112e-01	5.527242e-04
3.866368e-01	-4.175974e-03
3.866624e-01	-9.065233e-03
3.866880e-01	-1.361465e-02
3.867136e-01	-1.850586e-02
3.867392e-01	-2.324118e-02
3.867648e-01	-2.806745e-02
3.867904e-01	-3.295725e-02
3.868160e-01	-3.767612e-02
3.868416e-01	-4.247363e-02
3.868672e-01	-4.733121e-02
3.868928e-01	-5.219734e-02
3.869184e-01	-5.688095e-02
3.869440e-01	-6.178841e-02
3.869696e-01	-6.655911e-02
3.869952e-01	-7.129857e-02
3.870208e-01	-7.622512e-02
3.870464e-01	-8.096821e-02
3.870720e-01	-8.569477e-02
3.870976e-01	-9.044626e-02
3.871232e-01	-9.515919e-02
3.871488e-01	-9.995739e-02
3.871744e-01	-1.047654e-01
3.872000e-01	-1.094463e-01
3.872256e-01	-1.141623e-01
3.872512e-01	-1.187800e-01
3.872768e-01	-1.235189e-01
3.873024e-01	-1.281373e-01
3.873280e-01	-1.327476e-01
3.873536e-01	-1.373963e-01
3.873792e-01	-1.419868e-01
3.874048e-01	-1.465054e-01
3.874304e-01	-1.510082e-01
3.874560e-01	-1.555043e-01
3.874816e-01	-1.601144e-01
3.875072e-01	-1.644311e-01
3.875328e-01	-1.687851e-01
3.875584e-01	-1.734073e-01
3.875840e-01	-1.777590e-01
3.876096e-01	-1.820276e-01
3.876352e-01	-1.863090e-01
3.876608e-01	-1.905414e-01
3.876864e-01	-1.948365e-01
3.877120e-01	-1.990536e-01
3.877376e-01	-2.032214e-01
3.877632e-01	-2.072679e-01
3.877888e-01	-2.113546e-01
3.878144e-01	-2.152818e-01
3.878400e-01	-2.192594e-01
3.878656e-01	-2.233402e-01
3.878912e-01	-2.270323e-01
3.879168e-01	-2.309425e-01
3.879424e-01	-2.348045e-01
3.879680e-01	-2.385454e-01
3.879936e-01	-2.422721e-01
3.880192e-01	-2.458327e-01
3.880448e-01	-2.495321e-01
3.880704e-01	-2.529635e-01
3.880960e-01	-2.565862e-01
3.881216e-01	-2.599325e-01
3.881472e-01	-2.633364e-01
3.881728e-01	-2.667857e-01
3.881984e-01	-2.699842e-01
3.882240e-01	-2.732297e-01
3.882496e-01	-2.763617e-01
3.882752e-01	-2.795548e-01
3.883008e-01	-2.825898e-01
3.883264e-01	-2.854666e-01
3.883520e-01	-2.884055e-01
3.883776e-01	-2.912977e-01
3.884032e-01	-2.940445e-01
3.884288e-01	-2.967684e-01
3.884544e-01	-2.994224e-01
3.884800e-01	-3.020043e-01
3.885056e-01	-3.046344e-01
3.885312e-01	-3.070943e-01
3.885568e-01	-3.095137e-01
3.885824e-01	-3.118523e-01
3.886080e-01	-3.141763e-01
3.886336e-01	-3.162889e-01
3.886592e-01	-3.184597e-01
3.886848e-01	-3.205460e-01
3.887104e-01	-3.225635e-01
3.887360e-01	-3.243961e-01
3.887616e-01	-3.263400e-01
3.887872e-01	-3.281061e-01
3.888128e-01	-3.298324e-01
3.888384e-01	-3.315105e-01
3.888640e-01	-3.329224e-01
3.888896e-01	-3.345656e-01
3.889152e-01	-3.358866e-01
3.889408e-01	-3.372177e-01
3.889664e-01	-3.385730e-01
3.889920e-01	-3.396002e-01
3.890176e-01	-3.408241e-01
3.890432e-01	-3.418851e-01
3.890688e-01	-3.428496e-01
3.890944e-01	-3.437692e-01
3.891200e-01	-3.444848e-01
3.891456e-01	-3.451336e-01
3.891712e-01	-3.459257e-01
3.891968e-01	-3.463807e-01
3.892224e-01	-3.469891e-01
3.892480e-01	-3.475165e-01
3.892736e-01	-3.477468e-01
3.892992e-01	-3.480878e-01
3.893248e-01	-3.481871e-01
3.893504e-01	-3.482892e-01
3.893760e-01	-3.483088e-01
3.894016e-01	-3.483104e-01
3.894272e-01	-3.482380e-01
3.894528e-01	-3.479486e-01
3.894784e-01	-3.477404e-01
3.895040e-01	-3.473758e-01
3.895296e-01	-3.470193e-01
3.895552e-01	-3.463863e-01
3.895808e-01	-3.459611e-01
3.896064e-01	-3.451275e-01
3.896320e-01	-3.444785e-01
3.896576e-01	-3.437982e-01
3.896832e-01	-3.428070e-01
3.897088e-01	-3.419878e-01
3.897344e-01	-3.407320e-01
3.897600e-01	-3.396454e-01
3.897856e-01	-3.385668e-01
3.898112e-01	-3.372665e-01
3.898368e-01	-3.359930e-01
3.898624e-01	-3.343782e-01
3.898880e-01	-3.330382e-01
3.899136e-01	-3.315494e-01
3.899392e-01	-3.299058e-01
3.899648e-01	-3.281948e-01
3.899904e-01	-3.264125e-01
3.900160e-01	-3.244375e-01
3.900416e-01	-3.226985e-01
3.900672e-01	-3.206153e-01
3.900928e-01	-3.184541e-01
3.901184e-01	-3.165636e-01
3.901440e-01	-3.142265e-01
3.901696e-01	-3.119656e-01
3.901952e-01	-3.097378e-01
3.902208e-01	-3.072513e-01
3.902464e-01	-3.047846e-01
3.902720e-01	-3.022284e-01
3.902976e-01	-2.995952e-01
3.903232e-01	-2.969850e-01
3.903488e-01	-2.942693e-01
3.903744e-01	-2.914582e-01
3.904000e-01	-2.886940e-01
3.904256e-01	-2.856407e-01
3.904512e-01	-2.827875e-01
3.904768e-01	-2.796828e-01
3.905024e-01	-2.764757e-01
3.905280e-01	-2.734552e-01
3.905536e-01	-2.702059e-01
3.905792e-01	-2.668705e-01
3.906048e-01	-2.635748e-01
3.906304e-01	-2.601996e-01
3.906560e-01	-2.567216e-01
3.906816e-01	-2.532035e-01
3.907072e-01	-2.496848e-01
3.907328e-01	-2.461148e-01
3.907584e-01	-2.424406e-01
3.907840e-01	-2.388017e-01
3.908096e-01	-2.350790e-01
3.908352e-01	-2.310541e-01
3.908608e-01	-2.274654e-01
3.908864e-01	-2.234583e-01
3.909120e-01	-2.195339e-01
3.909376e-01	-2.156531e-01
3.909632e-01	-2.114867e-01
3.909888e-01	-2.075154e-01
3.910144e-01	-2.033621e-01
3.910400e-01	-1.992044e-01
3.910656e-01	-1.950502e-01
3.910912e-01	-1.907029e-01
3.911168e-01	-1.864964e-01
3.911424e-01	-1.823528e-01
3.911680e-01	-1.779533e-01
3.911936e-01	-1.734784e-01
3.912192e-01	-1.691697e-01
3.912448e-01	-1.647244e-01
3.912704e-01	-1.602743e-01
3.912960e-01	-1.557580e-01
3.913216e-01	-1.512968e-01
3.913472e-01	-1.467485e-01
3.913728e-01	-1.422023e-01
3.913984e-01	-1.375479e-01
3.914240e-01	-1.329264e-01
3.914496e-01	-1.282849e-01
3.914752e-01	-1.236766e-01
3.915008e-01	-1.189825e-01
3.915264e-01	-1.142060e-01
3.915520e-01	-1.096715e-01
3.915776e-01	-1.049387e-01
3.916032e-01	-1.000846e-01
3.916288e-01	-9.542117e-02
3.916544e-01	-9.054586e-02
3.916800e-01	-8.580194e-02
3.917056e-01	-8.105698e-02
3.917312e-01	-7.624031e-02
3.917568e-01	-7.152499e-02
3.917824e-01	-6.680001e-02
3.918080e-01	-6.186427e-02
3.918336e-01	-5.716060e-02
3.918592e-01	-5.225339e-02
3.918848e-01	-4.747591e-02
3.919104e-01	-4.275125e-02
3.919360e-01	-3.775740e-02
3.919616e-01	-3.312263e-02
3.919872e-01	-2.834614e-02
3.920128e-01	-2.356629e-02
3.920384e-01	-1.866154e-02
3.920640e-01	-1.386380e-02
3.920896e-01	-9.188161e-03
3.921152e-01	-4.295415e-03
3.921408e-01	3.717198e-04
3.921664e-01	5.122269e-03
3.921920e-01	9.770861e-03
3.922176e-01	1.461431e-02
3.922432e-01	1.919675e-02
3.922688e-01	2.381870e-02
3.922944e-01	2.861549e-02
3.923200e-01	3.319835e-02
3.923456e-01	3.777268e-02
3.923712e-01	4.247767e-02
3.923968e-01	4.700095e-02
3.924224e-01	5.145798e-02
3.924480e-01	5.605998e-02
3.924736e-01	6.048634e-02
3.924992e-01	6.492060e-02
3.925248e-01	6.948509e-02
3.925504e-01	7.389840e-02
3.925760e-01	7.820287e-02
3.926016e-01	8.249021e-02
3.926272e-01	8.672156e-02
3.926528e-01	9.119716e-02
3.926784e-01	9.536910e-02
3.927040e-01	9.951133e-02
3.927296e-01	1.037991e-01
3.927552e-01	1.076051e-01
3.927808e-01	1.118890e-01
3.928064e-01	1.158940e-01
3.928320e-01	1.198824e-01
3.928576e-01	1.238139e-01
3.928832e-01	1.277130e-01
3.929088e-01	1.314550e-01
3.929344e-01	1.353625e-01
3.929600e-01	1.392010e-01
3.929856e-01	1.427673e-01
3.930112e-01	1.465118e-01
3.930368e-01	1.500493e-01
3.930624e-01	1.535958e-01
3.930880e-01	1.570655e-01
3.931136e-01	1.605808e-01
3.931392e-01	1.639326e-01
3.931648e-01	1.671436e-01
3.931904e-01	1.705390e-01
3.932160e-01	1.737767e-01
3.932416e-01	1.769449e-01
3.932672e-01	1.800997e-01
3.932928e-01	1.830245e-01
3.933184e-01	1.859639e-01
3.933440e-01	1.890069e-01
3.933696e-01	1.918448e-01
3.933952e-01	1.947124e-01
3.934208e-01	1.973195e-01
3.934464e-01	2.000601e-01
3.934720e-01	2.026967e-01
3.934976e-01	2.051945e-01
3.935232e-01	2.077021e-01
3.935488e-01	2.099915e-01
3.935744e-01	2.123896e-01
3.936000e-01	2.146962e-01
3.936256e-01	2.169111e-01
3.936512e-01	2.191301e-01
3.936768e-01	2.210809e-01
3.937024e-01	2.230630e-01
3.937280e-01	2.249845e-01
3.937536e-01	2.268349e-01
3.937792e-01	2.286508e-01
3.938048e-01	2.304356e-01
3.938304e-01	2.320350e-01
3.938560e-01	2.336556e-01
3.938816e-01	2.350858e-01
3.939072e-01	2.365126e-01
3.939328e-01	2.377284e-01
3.939584e-01	2.390491e-01
3.939840e-01	2.403697e-01
3.940096e-01	2.414519e-01
3.940352e-01	2.424418e-01
3.940608e-01	2.433423e-01
3.940864e-01	2.443008e-01
3.941120e-01	2.450609e-01
3.941376e-01	2.458256e-01
3.941632e-01	2.464104e-01
3.941888e-01	2.470198e-01
3.942144e-01	2.475942e-01
3.942400e-01	2.480440e-01
3.942656e-01	2.483909e-01
3.942912e-01	2.486635e-01
3.943168e-01	2.488697e-01
3.943424e-01	2.488614e-01
3.943680e-01	2.489543e-01
3.943936e-01	2.489516e-01
3.944192e-01	2.488919e-01
3.944448e-01	2.486644e-01
3.944704e-01	2.483546e-01
3.944960e-01	2.479914e-01
3.945216e-01	2.476835e-01
3.945472e-01	2.471762e-01
3.945728e-01	2.466031e-01
3.945984e-01	2.458779e-01
3.946240e-01	2.451722e-01
3.946496e-01	2.443529e-01
3.946752e-01	2.434836e-01
3.947008e-01	2.425328e-01
3.947264e-01	2.415153e-01
3.947520e-01	2.404293e-01
3.947776e-01	2.392341e-01
3.948032e-01	2.379715e-01
3.948288e-01	2.366010e-01
3.948544e-01	2.351829e-01
3.948800e-01	2.336886e-01
3.949056e-01	2.321678e-01
3.949312e-01	2.306520e-01
3.949568e-01	2.288625e-01
3.949824e-01	2.270191e-01
3.950080e-01	2.251002e-01
3.950336e-01	2.232144e-01
3.950592e-01	2.213460e-01
3.950848e-01	2.191367e-01
3.951104e-01	2.170900e-01
3.951360e-01	2.149560e-01
3.951616e-01	2.126255e-01
3.951872e-01	2.102898e-01
3.952128e-01	2.078765e-01
3.952384e-01	2.055446e-01
3.952640e-01	2.028867e-01
3.952896e-01	2.004118e-01
3.953152e-01	1.976325e-01
3.953408e-01	1.949064e-01
3.953664e-01	1.921171e-01
3.953920e-01	1.893011e-01
3.954176e-01	1.862708e-01
3.954432e-01	1.834631e-01
3.954688e-01	1.804075e-01
3.954944e-01	1.770347e-01
3.955200e-01	1.741604e-01
3.955456e-01	1.709030e-01
3.955712e-01	1.676327e-01
3.955968e-01	1.643212e-01
3.956224e-01	1.609021e-01
3.956480e-01	1.575291e-01
3.956736e-01	1.539421e-01
3.956992e-01	1.504799e-01
3.957248e-01	1.468434e-01
3.957504e-01	1.431527e-01
3.957760e-01	1.394324e-01
3.958016e-01	1.357440e-01
3.958272e-01	1.320187e-01
3.958528e-01	1.280210e-01
3.958784e-01	1.241568e-01
3.959040e-01	1.203406e-01
3.959296e-01	1.162650e-01
3.959552e-01	1.123846e-01
3.959808e-01	1.081949e-01
3.960064e-01	1.040405e-01
3.960320e-01	9.989774e-02
3.960576e-01	9.579771e-02
3.960832e-01	9.152773e-02
3.961088e-01	8.727481e-02
3.961344e-01	8.303423e-02
3.961600e-01	7.860848e-02
3.961856e-01	7.425361e-02
3.962112e-01	6.984542e-02
3.962368e-01	6.541853e-02
3.962624e-01	6.105895e-02
3.962880e-01	5.659102e-02
3.963136e-01	5.210780e-02
3.963392e-01	4.753416e-02
3.963648e-01	4.299433e-02
3.963904e-01	3.843444e-02
3.964160e-01	3.376232e-02
3.964416e-01	2.909518e-02
3.964672e-01	2.449171e-02
3.964928e-01	1.986773e-02
3.965184e-01	1.510024e-02
3.965440e-01	1.043722e-02
3.965696e-01	5.924519e-03
3.965952e-01	1.003413e-03
3.966208e-01	-3.777639e-03
3.966464e-01	-8.443282e-03
3.966720e-01	-1.321706e-02
3.966976e-01	-1.811667e-02
3.967232e-01	-2.278626e-02
3.967488e-01	-2.757883e-02
3.967744e-01	-3.245865e-02
3.968000e-01	-3.720502e-02
3.968256e-01	-4.200615e-02
3.968512e-01	-4.678525e-02
3.968768e-01	-5.167324e-02
3.969024e-01	-5.653533e-02
3.969280e-01	-6.131482e-02
3.969536e-01	-6.613280e-02
3.969792e-01	-7.092854e-02
3.970048e-01	-7.564571e-02
3.970304e-01	-8.040932e-02
3.970560e-01	-8.527382e-02
3.970816e-01	-9.002393e-02
3.971072e-01	-9.480539e-02
3.971328e-01	-9.953485e-02
3.971584e-01	-1.043197e-01
3.971840e-01	-1.089884e-01
3.972096e-01	-1.137252e-01
3.972352e-01	-1.184189e-01
3.972608e-01	-1.231062e-01
3.972864e-01	-1.276486e-01
3.973120e-01	-1.323496e-01
3.973376e-01	-1.371547e-01
3.973632e-01	-1.415299e-01
3.973888e-01	-1.460496e-01
3.974144e-01	-1.506698e-01
3.974400e-01	-1.551549e-01
3.974656e-01	-1.595889e-01
3.974912e-01	-1.641608e-01
3.975168e-01	-1.686524e-01
3.975424e-01	-1.727879e-01
3.975680e-01	-1.773083e-01
3.975936e-01	-1.816738e-01
3.976192e-01	-1.859234e-01
3.976448e-01	-1.901514e-01
3.976704e-01	-1.943344e-01
3.976960e-01	-1.987209e-01
3.977216e-01	-2.027200e-01
3.977472e-01	-2.067659e-01
3.977728e-01	-2.110088e-01
3.977984e-01	-2.149267e-01
3.978240e-01	-2.189291e-01
3.978496e-01	-2.228577e-01
3.978752e-01	-2.268325e-01
3.979008e-01	-2.306504e-01
3.979264e-01	-2.345554e-01
3.979520e-01	-2.382046e-01
3.979776e-01	-2.419414e-01
3.980032e-01	-2.455248e-01
3.980288e-01	-2.490347e-01
3.980544e-01	-2.527688e-01
3.980800e-01	-2.562350e-01
3.981056e-01	-2.597371e-01
3.981312e-01	-2.630156e-01
3.981568e-01	-2.663954e-01
3.981824e-01	-2.696132e-01
3.982080e-01	-2.728479e-01
3.982336e-01	-2.761841e-01
3.982592e-01	-2.791322e-01
3.982848e-01	-2.822509e-01
3.983104e-01	-2.851733e-01
3.983360e-01	-2.881155e-01
3.983616e-01	-2.910466e-01
3.983872e-01	-2.938086e-01
3.984128e-01	-2.965128e-01
3.984384e-01	-2.993335e-01
3.984640e-01	-3.018681e-01
3.984896e-01	-3.043875e-01
3.985152e-01	-3.068134e-01
3.985408e-01	-3.093483e-01
3.985664e-01	-3.116176e-01
3.985920e-01	-3.138315e-01
3.986176e-01	-3.162386e-01
3.986432e-01	-3.182126e-01
3.986688e-01	-3.203030e-01
3.986944e-01	-3.223451e-01
3.987200e-01	-3.242761e-01
3.987456e-01	-3.261546e-01
3.987712e-01	-3.278709e-01
3.987968e-01	-3.297530e-01
3.988224e-01	-3.312180e-01
3.988480e-01	-3.329228e-01
3.988736e-01	-3.343493e-01
3.988992e-01	-3.356541e-01
3.989248e-01	-3.371484e-01
3.989504e-01	-3.383330e-01
3.989760e-01	-3.395249e-01
3.990016e-01	-3.406049e-01
3.990272e-01	-3.417352e-01
3.990528e-01	-3.427123e-01
3.990784e-01	-3.435389e-01
3.991040e-01	-3.443573e-01
3.991296e-01	-3.451824e-01
3.991552e-01	-3.458322e-01
3.991808e-01	-3.463065e-01
3.992064e-01	-3.469371e-01
3.992320e-01	-3.472916e-01
3.992576e-01	-3.477326e-01
3.992832e-01	-3.479722e-01
3.993088e-01	-3.481542e-01
3.993344e-01	-3.483732e-01
3.993600e-01	-3.483881e-01
3.993856e-01	-3.483104e-01
3.994112e-01	-3.482063e-01
3.994368e-01	-3.479340e-01
3.994624e-01	-3.477947e-01
3.994880e-01	-3.474426e-01
3.995136e-01	-3.470001e-01
3.995392e-01	-3.465202e-01
3.995648e-01	-3.459327e-01
3.995904e-01	-3.452889e-01
3.996160e-01	-3.446082e-01
3.996416e-01	-3.437546e-01
3.996672e-01	-3.429609e-01
3.996928e-01	-3.419789e-01
3.997184e-01	-3.409077e-01
3.997440e-01	-3.398036e-01
3.997696e-01	-3.386653e-01
3.997952e-01	-3.373914e-01
3.998208e-01	-3.360691e-01
3.998464e-01	-3.346707e-01
3.998720e-01	-3.331146e-01
3.998976e-01	-3.316722e-01
3.999232e-01	-3.299510e-01
3.999488e-01	-3.283260e-01
3.999744e-01	-3.265963e-01
4.000000e-01	-3.246931e-01
4.000256e-01	-3.228551e-01
4.000512e-01	-3.207271e-01
4.000768e-01	-3.188453e-01
4.001024e-01	-3.165602e-01
4.001280e-01	-3.144516e-01
4.001536e-01	-3.120950e-01
4.001792e-01	-3.096775e-01
4.002048e-01	-3.076671e-01
4.002304e-01	-3.049889e-01
4.002560e-01	-3.023935e-01
4.002816e-01	-2.998767e-01
4.003072e-01	-2.971186e-01
4.003328e-01	-2.945301e-01
4.003584e-01	-2.916676e-01
4.003840e-01	-2.887531e-01
4.004096e-01	-2.859120e-01
4.004352e-01	-2.828932e-01
4.004608e-01	-2.798491e-01
4.004864e-01	-2.767855e-01
4.005120e-01	-2.736529e-01
4.005376e-01	-2.705792e-01
4.005632e-01	-2.672596e-01
4.005888e-01	-2.638790e-01
4.006144e-01	-2.605152e-01
4.006400e-01	-2.571103e-01
4.006656e-01	-2.536424e-01
4.006912e-01	-2.500947e-01
4.007168e-01	-2.464541e-01
4.007424e-01	-2.427361e-01
4.007680e-01	-2.390905e-01
4.007936e-01	-2.354068e-01
4.008192e-01	-2.315494e-01
4.008448e-01	-2.277237e-01
4.008704e-01	-2.237755e-01
4.008960e-01	-2.199098e-01
4.009216e-01	-2.158164e-01
4.009472e-01	-2.118543e-01
4.009728e-01	-2.077838e-01
4.009984e-01	-2.036760e-01
4.010240e-01	-1.995905e-01
4.010496e-01	-1.954227e-01
4.010752e-01	-1.912184e-01
4.011008e-01	-1.869194e-01
4.011264e-01	-1.826823e-01
4.011520e-01	-1.783726e-01
4.011776e-01	-1.740083e-01
4.012032e-01	-1.694867e-01
4.012288e-01	-1.651486e-01
4.012544e-01	-1.607795e-01
4.012800e-01	-1.562213e-01
4.013056e-01	-1.516970e-01
4.013312e-01	-1.470617e-01
4.013568e-01	-1.426799e-01
4.013824e-01	-1.379209e-01
4.014080e-01	-1.333492e-01
4.014336e-01	-1.288014e-01
4.014592e-01	-1.240863e-01
4.014848e-01	-1.194615e-01
4.015104e-01	-1.147172e-01
4.015360e-01	-1.100354e-01
4.015616e-01	-1.052996e-01
4.015872e-01	-1.006267e-01
4.016128e-01	-9.587352e-02
4.016384e-01	-9.099635e-02
4.016640e-01	-8.631954e-02
4.016896e-01	-8.152171e-02
4.017152e-01	-7.671037e-02
4.017408e-01	-7.191945e-02
4.017664e-01	-6.710917e-02
4.017920e-01	-6.232096e-02
4.018176e-01	-5.764442e-02
4.018432e-01	-5.269465e-02
4.018688e-01	-4.802054e-02
4.018944e-01	-4.304931e-02
4.019200e-01	-3.829179e-02
4.019456e-01	-3.351825e-02
4.019712e-01	-2.861671e-02
4.019968e-01	-2.402668e-02
4.020224e-01	-1.912477e-02
4.020480e-01	-1.429278e-02
4.020736e-01	-9.453679e-03
4.020992e-01	-4.686427e-03
4.021248e-01	-2.453810e-05
4.021504e-01	4.726833e-03
4.021760e-01	9.458904e-03
4.022016e-01	1.423753e-02
4.022272e-01	1.882903e-02
4.022528e-01	2.353484e-02
4.022784e-01	2.824753e-02
4.023040e-01	3.275356e-02
4.023296e-01	3.729157e-02
4.023552e-01	4.214191e-02
4.023808e-01	4.658985e-02
4.024064e-01	5.099758e-02
4.024320e-01	5.555706e-02
4.024576e-01	6.013297e-02
4.024832e-01	6.467263e-02
4.025088e-01	6.903514e-02
4.025344e-01	7.335540e-02
4.025600e-01	7.779754e-02
4.025856e-01	8.212578e-02
4.026112e-01	8.639680e-02
4.026368e-01	9.073744e-02
4.026624e-01	9.493560e-02
4.026880e-01	9.914177e-02
4.027136e-01	1.032898e-01
4.027392e-01	1.073480e-01
4.027648e-01	1.115164e-01
4.027904e-01	1.154686e-01
4.028160e-01	1.194721e-01
4.028416e-01	1.233990e-01
4.028672e-01	1.272940e-01
4.028928e-01	1.311470e-01
4.029184e-01	1.349919e-01
4.029440e-01	1.387112e-01
4.029696e-01	1.424739e-01
4.029952e-01	1.462141e-01
4.030208e-01	1.497449e-01
4.030464e-01	1.533267e-01
4.030720e-01	1.568244e-01
4.030976e-01	1.601351e-01
4.031232e-01	1.636052e-01
4.031488e-01	1.670239e-01
4.031744e-01	1.702807e-01
4.032000e-01	1.734201e-01
4.032256e-01	1.767121e-01
4.032512e-01	1.798315e-01
4.032768e-01	1.828092e-01
4.033024e-01	1.857594e-01
4.033280e-01	1.887549e-01
4.033536e-01	1.916092e-01
4.033792e-01	1.943914e-01
4.034048e-01	1.970330e-01
4.034304e-01	1.997998e-01
4.034560e-01	2.024828e-01
4.034816e-01	2.049406e-01
4.035072e-01	2.075473e-01
4.035328e-01	2.099252e-01
4.035584e-01	2.122095e-01
4.035840e-01	2.144893e-01
4.036096e-01	2.166266e-01
4.036352e-01	2.189247e-01
4.036608e-01	2.209321e-01
4.036864e-01	2.229670e-01
4.037120e-01	2.248933e-01
4.037376e-01	2.268117e-01
4.037632e-01	2.284850e-01
4.037888e-01	2.302009e-01
4.038144e-01	2.318902e-01
4.038400e-01	2.334383e-01
4.038656e-01	2.350136e-01
4.038912e-01	2.363109e-01
4.039168e-01	2.377142e-01
4.039424e-01	2.389966e-01
4.039680e-01	2.401866e-01
4.039936e-01	2.412945e-01
4.040192e-01	2.423718e-01
4.040448e-01	2.433948e-01
4.040704e-01	2.441765e-01
4.040960e-01	2.450562e-01
4.041216e-01	2.457534e-01
4.041472e-01	2.465045e-01
4.041728e-01	2.470057e-01
4.041984e-01	2.475847e-01
4.042240e-01	2.479881e-01
4.042496e-01	2.483105e-01
4.042752e-01	2.486777e-01
4.043008e-01	2.487256e-01
4.043264e-01	2.489823e-01
4.043520e-01	2.490179e-01
4.043776e-01	2.489072e-01
4.044032e-01	2.489567e-01
4.044288e-01	2.486162e-01
4.044544e-01	2.484435e-01
4.044800e-01	2.480269e-01
4.045056e-01	2.478114e-01
4.045312e-01	2.472165e-01
4.045568e-01	2.464508e-01
4.045824e-01	2.460345e-01
4.046080e-01	2.451742e-01
4.046336e-01	2.443981e-01
4.046592e-01	2.435820e-01
4.046848e-01	2.425811e-01
4.047104e-01	2.415809e-01
4.047360e-01	2.406172e-01
4.047616e-01	2.394237e-01
4.047872e-01	2.380288e-01
4.048128e-01	2.367486e-01
4.048384e-01	2.352278e-01
4.048640e-01	2.338544e-01
4.048896e-01	2.323153e-01
4.049152e-01	2.307369e-01
4.049408e-01	2.290441e-01
4.049664e-01	2.272045e-01
4.049920e-01	2.253944e-01
4.050176e-01	2.235328e-01
4.050432e-01	2.214933e-01
4.050688e-01	2.194944e-01
4.050944e-01	2.173388e-01
4.051200e-01	2.151196e-01
4.051456e-01	2.128271e-01
4.051712e-01	2.105541e-01
4.051968e-01	2.081278e-01
4.052224e-01	2.056788e-01
4.052480e-01	2.031820e-01
4.052736e-01	2.005065e-01
4.052992e-01	1.980194e-01
4.053248e-01	1.951495e-01
4.053504e-01	1.924352e-01
4.053760e-01	1.895877e-01
4.054016e-01	1.865404e-01
4.054272e-01	1.837809e-01
4.054528e-01	1.806301e-01
4.054784e-01	1.776209e-01
4.055040e-01	1.743360e-01
4.055296e-01	1.712103e-01
4.055552e-01	1.679583e-01
4.055808e-01	1.646075e-01
4.056064e-01	1.612241e-01
4.056320e-01	1.577927e-01
4.056576e-01	1.544039e-01
4.056832e-01	1.507493e-01
4.057088e-01	1.471949e-01
4.057344e-01	1.435037e-01
4.057600e-01	1.397810e-01
4.057856e-01	1.361591e-01
4.058112e-01	1.323060e-01
4.058368e-01	1.284837e-01
4.058624e-01	1.245740e-01
4.058880e-01	1.206310e-01
4.059136e-01	1.167332e-01
4.059392e-01	1.127093e-01
4.059648e-01	1.085937e-01
4.059904e-01	1.045220e-01
4.060160e-01	1.003289e-01
4.060416e-01	9.626261e-02
4.060672e-01	9.193374e-02
4.060928e-01	8.768976e-02
4.061184e-01	8.350477e-02
4.061440e-01	7.908908e-02
4.061696e-01	7.479362e-02
4.061952e-01	7.037857e-02
4.062208e-01	6.593925e-02
4.062464e-01	6.153474e-02
4.062720e-01	5.701983e-02
4.062976e-01	5.248899e-02
4.063232e-01	4.803749e-02
4.063488e-01	4.351932e-02
4.063744e-01	3.877901e-02
4.064000e-01	3.423160e-02
4.064256e-01	2.957877e-02
4.064512e-01	2.497359e-02
4.064768e-01	2.028175e-02
4.065024e-01	1.552162e-02
4.065280e-01	1.089937e-02
4.065536e-01	6.101637e-03
4.065792e-01	1.465867e-03
4.066048e-01	-3.223785e-03
4.066304e-01	-8.050050e-03
4.066560e-01	-1.264905e-02
4.066816e-01	-1.749870e-02
4.067072e-01	-2.233378e-02
4.067328e-01	-2.723607e-02
4.067584e-01	-3.193722e-02
4.067840e-01	-3.685675e-02
4.068096e-01	-4.166592e-02
4.068352e-01	-4.637567e-02
4.068608e-01	-5.126385e-02
4.068864e-01	-5.595327e-02
4.069120e-01	-6.089979e-02
4.069376e-01	-6.560694e-02
4.069632e-01	-7.049511e-02
4.069888e-01	-7.528573e-02
4.070144e-01	-8.001193e-02
4.070400e-01	-8.480593e-02
4.070656e-01	-8.947724e-02
4.070912e-01	-9.445471e-02
4.071168e-01	-9.901902e-02
4.071424e-01	-1.038092e-01
4.071680e-01	-1.084546e-01
4.071936e-01	-1.132376e-01
4.072192e-01	-1.180031e-01
4.072448e-01	-1.225314e-01
4.072704e-01	-1.272749e-01
4.072960e-01	-1.319362e-01
4.073216e-01	-1.365026e-01
4.073472e-01	-1.410946e-01
4.073728e-01	-1.456591e-01
4.073984e-01	-1.501511e-01
4.074240e-01	-1.547365e-01
4.074496e-01	-1.591542e-01
4.074752e-01	-1.636932e-01
4.075008e-01	-1.681320e-01
4.075264e-01	-1.725585e-01
4.075520e-01	-1.769685e-01
4.075776e-01	-1.811246e-01
4.076032e-01	-1.855772e-01
4.076288e-01	-1.897085e-01
4.076544e-01	-1.939465e-01
4.076800e-01	-1.982236e-01
4.077056e-01	-2.023221e-01
4.077312e-01	-2.064702e-01
4.077568e-01	-2.104796e-01
4.077824e-01	-2.145749e-01
4.078080e-01	-2.185793e-01
4.078336e-01	-2.224395e-01
4.078592e-01	-2.264424e-01
4.078848e-01	-2.302846e-01
4.079104e-01	-2.341761e-01
4.079360e-01	-2.378215e-01
4.079616e-01	-2.415552e-01
4.079872e-01	-2.452105e-01
4.080128e-01	-2.488122e-01
4.080384e-01	-2.523896e-01
4.080640e-01	-2.559200e-01
4.080896e-01	-2.594070e-01
4.081152e-01	-2.628081e-01
4.081408e-01	-2.662315e-01
4.081664e-01	-2.693469e-01
4.081920e-01	-2.726365e-01
4.082176e-01	-2.758033e-01
4.082432e-01	-2.788648e-01
4.082688e-01	-2.820142e-01
4.082944e-01	-2.849013e-01
4.083200e-01	-2.879801e-01
4.083456e-01	-2.906885e-01
4.083712e-01	-2.935683e-01
4.083968e-01	-2.963365e-01
4.084224e-01	-2.989764e-01
4.084480e-01	-3.016664e-01
4.084736e-01	-3.040901e-01
4.084992e-01	-3.066048e-01
4.085248e-01	-3.090296e-01
4.085504e-01	-3.113940e-01
4.085760e-01	-3.137171e-01
4.086016e-01	-3.158563e-01
4.086272e-01	-3.180139e-01
4.086528e-01	-3.200273e-01
4.086784e-01	-3.222031e-01
4.087040e-01	-3.240498e-01
4.087296e-01	-3.259282e-01
4.087552e-01	-3.277197e-01
4.087808e-01	-3.294053e-01
4.088064e-01	-3.310590e-01
4.088320e-01	-3.326327e-01
4.088576e-01	-3.342194e-01
4.088832e-01	-3.355857e-01
4.089088e-01	-3.368747e-01
4.089344e-01	-3.382216e-01
4.089600e-01	-3.394536e-01
4.089856e-01	-3.405266e-01
4.090112e-01	-3.417230e-01
4.090368e-01	-3.426860e-01
4.090624e-01	-3.434287e-01
4.090880e-01	-3.442594e-01
4.091136e-01	-3.451032e-01
4.091392e-01	-3.457707e-01
4.091648e-01	-3.462813e-01
4.091904e-01	-3.469681e-01
4.092160e-01	-3.472866e-01
4.092416e-01	-3.477642e-01
4.092672e-01	-3.480639e-01
4.092928e-01	-3.481411e-01
4.093184e-01	-3.482625e-01
4.093440e-01	-3.484686e-01
4.093696e-01	-3.483667e-01
4.093952e-01	-3.482775e-01
4.094208e-01	-3.481373e-01
4.094464e-01	-3.478280e-01
4.094720e-01	-3.474940e-01
4.094976e-01	-3.470477e-01
4.095232e-01	-3.466403e-01
4.095488e-01	-3.460517e-01
4.095744e-01	-3.453602e-01
4.096000e-01	-3.445980e-01
4.096256e-01	-3.439035e-01
4.096512e-01	-3.430825e-01
4.096768e-01	-3.420576e-01
4.097024e-01	-3.410730e-01
4.097280e-01	-3.399878e-01
4.097536e-01	-3.387690e-01
4.097792e-01	-3.374477e-01
4.098048e-01	-3.362985e-01
4.098304e-01	-3.347919e-01
4.098560e-01	-3.334066e-01
4.098816e-01	-3.318393e-01
4.099072e-01	-3.301680e-01
4.099328e-01	-3.284730e-01
4.099584e-01	-3.267558e-01
4.099840e-01	-3.250001e-01
4.100096e-01	-3.230053e-01
4.100352e-01	-3.209999e-01
4.100608e-01	-3.190436e-01
4.100864e-01	-3.168385e-01
4.101120e-01	-3.147197e-01
4.101376e-01	-3.124549e-01
4.101632e-01	-3.101429e-01
4.101888e-01	-3.077459e-01
4.102144e-01	-3.052987e-01
4.102400e-01	-3.028381e-01
4.102656e-01	-3.001182e-01
4.102912e-01	-2.974197e-01
4.103168e-01	-2.948138e-01
4.103424e-01	-2.920848e-01
4.103680e-01	-2.891007e-01
4.103936e-01	-2.862280e-01
4.104192e-01	-2.833386e-01
4.104448e-01	-2.802172e-01
4.104704e-01	-2.771556e-01
4.104960e-01	-2.739747e-01
4.105216e-01	-2.707293e-01
4.105472e-01	-2.675480e-01
4.105728e-01	-2.643369e-01
4.105984e-01	-2.606514e-01
4.106240e-01	-2.574534e-01
4.106496e-01	-2.538987e-01
4.106752e-01	-2.502988e-01
4.107008e-01	-2.468686e-01
4.107264e-01	-2.430981e-01
4.107520e-01	-2.394571e-01
4.107776e-01	-2.357138e-01
4.108032e-01	-2.318691e-01
4.108288e-01	-2.280688e-01
4.108544e-01	-2.241420e-01
4.108800e-01	-2.202695e-01
4.109056e-01	-2.162372e-01
4.109312e-01	-2.122746e-01
4.109568e-01	-2.082992e-01
4.109824e-01	-2.041384e-01
4.110080e-01	-2.000595e-01
4.110336e-01	-1.958747e-01
4.110592e-01	-1.915817e-01
4.110848e-01	-1.873541e-01
4.111104e-01	-1.829235e-01
4.111360e-01	-1.787059e-01
4.111616e-01	-1.744437e-01
4.111872e-01	-1.700194e-01
4.112128e-01	-1.657083e-01
4.112384e-01	-1.610607e-01
4.112640e-01	-1.566584e-01
4.112896e-01	-1.521174e-01
4.113152e-01	-1.475659e-01
4.113408e-01	-1.431172e-01
4.113664e-01	-1.383917e-01
4.113920e-01	-1.338860e-01
4.114176e-01	-1.291205e-01
4.114432e-01	-1.246600e-01
4.114688e-01	-1.198571e-01
4.114944e-01	-1.151863e-01
4.115200e-01	-1.105376e-01
4.115456e-01	-1.057664e-01
4.115712e-01	-1.010775e-01
4.115968e-01	-9.619518e-02
4.116224e-01	-9.155391e-02
4.116480e-01	-8.670867e-02
4.116736e-01	-8.199110e-02
4.116992e-01	-7.718156e-02
4.117248e-01	-7.232408e-02
4.117504e-01	-6.773964e-02
4.117760e-01	-6.279146e-02
4.118016e-01	-5.802485e-02
4.118272e-01	-5.313789e-02
4.118528e-01	-4.836071e-02
4.118784e-01	-4.360120e-02
4.119040e-01	-3.881064e-02
4.119296e-01	-3.383891e-02
4.119552e-01	-2.911887e-02
4.119808e-01	-2.440377e-02
4.120064e-01	-1.957476e-02
4.120320e-01	-1.482154e-02
4.120576e-01	-1.001326e-02
4.120832e-01	-5.221589e-03
4.121088e-01	-4.751453e-04
4.121344e-01	4.229220e-03
4.121600e-01	8.992882e-03
4.121856e-01	1.371961e-02
4.122112e-01	1.837648e-02
4.122368e-01	2.315460e-02
4.122624e-01	2.768120e-02
4.122880e-01	3.234782e-02
4.123136e-01	3.693661e-02
4.123392e-01	4.142406e-02
4.123648e-01	4.617970e-02
4.123904e-01	5.062819e-02
4.124160e-01	5.519984e-02
4.124416e-01	5.959105e-02
4.124672e-01	6.408652e-02
4.124928e-01	6.862508e-02
4.125184e-01	7.299500e-02
4.125440e-01	7.742567e-02
4.125696e-01	8.154693e-02
4.125952e-01	8.615085e-02
4.126208e-01	9.035952e-02
4.126464e-01	9.453154e-02
4.126720e-01	9.874479e-02
4.126976e-01	1.028587e-01
4.127232e-01	1.070677e-01
4.127488e-01	1.110187e-01
4.127744e-01	1.150415e-01
4.128000e-01	1.191054e-01
4.128256e-01	1.230359e-01
4.128512e-01	1.270103e-01
4.128768e-01	1.307283e-01
4.129024e-01	1.346546e-01
4.129280e-01	1.384874e-01
4.129536e-01	1.420981e-01
4.129792e-01	1.458006e-01
4.130048e-01	1.494232e-01
4.130304e-01	1.528985e-01
4.130560e-01	1.564766e-01
4.130816e-01	1.598758e-01
4.131072e-01	1.633077e-01
4.131328e-01	1.667091e-01
4.131584e-01	1.698843e-01
4.131840e-01	1.732219e-01
4.132096e-01	1.763440e-01
4.132352e-01	1.795218e-01
4.132608e-01	1.825700e-01
4.132864e-01	1.854761e-01
4.133120e-01	1.885594e-01
4.133376e-01	1.913041e-01
4.133632e-01	1.941752e-01
4.133888e-01	1.968747e-01
4.134144e-01	1.997287e-01
4.134400e-01	2.022321e-01
4.134656e-01	2.047386e-01
4.134912e-01	2.073471e-01
4.135168e-01	2.096618e-01
4.135424e-01	2.120795e-01
4.135680e-01	2.143049e-01
4.135936e-01	2.165903e-01
4.136192e-01	2.187069e-01
4.136448e-01	2.206507e-01
4.136704e-01	2.227792e-01
4.136960e-01	2.246814e-01
4.137216e-01	2.267130e-01
4.137472e-01	2.283868e-01
4.137728e-01	2.300663e-01
4.137984e-01	2.317439e-01
4.138240e-01	2.333037e-01
4.138496e-01	2.348444e-01
4.138752e-01	2.362164e-01
4.139008e-01	2.376451e-01
4.139264e-01	2.389356e-01
4.139520e-01	2.400290e-01
4.139776e-01	2.411870e-01
4.140032e-01	2.422049e-01
4.140288e-01	2.431717e-01
4.140544e-01	2.441612e-01
4.140800e-01	2.450212e-01
4.141056e-01	2.457330e-01
4.141312e-01	2.463529e-01
4.141568e-01	2.469808e-01
4.141824e-01	2.474874e-01
4.142080e-01	2.479246e-01
4.142336e-01	2.482730e-01
4.142592e-01	2.485217e-01
4.142848e-01	2.488269e-01
4.143104e-01	2.488809e-01
4.143360e-01	2.491204e-01
4.143616e-01	2.489219e-01
4.143872e-01	2.488553e-01
4.144128e-01	2.487856e-01
4.144384e-01	2.484602e-01
4.144640e-01	2.481310e-01
4.144896e-01	2.476775e-01
4.145152e-01	2.472527e-01
4.145408e-01	2.466970e-01
4.145664e-01	2.460880e-01
4.145920e-01	2.452141e-01
4.146176e-01	2.445206e-01
4.146432e-01	2.436470e-01
4.146688e-01	2.426145e-01
4.146944e-01	2.417857e-01
4.147200e-01	2.406292e-01
4.147456e-01	2.394424e-01
4.147712e-01	2.382161e-01
4.147968e-01	2.368789e-01
4.148224e-01	2.354840e-01
4.148480e-01	2.339272e-01
4.148736e-01	2.324271e-01
4.148992e-01	2.309827e-01
4.149248e-01	2.291093e-01
4.149504e-01	2.274124e-01
4.149760e-01	2.255011e-01
4.150016e-01	2.236969e-01
4.150272e-01	2.217690e-01
4.150528e-01	2.196345e-01
4.150784e-01	2.175148e-01
4.151040e-01	2.153709e-01
4.151296e-01	2.131615e-01
4.151552e-01	2.107875e-01
4.151808e-01	2.084141e-01
4.152064e-01	2.060626e-01
4.152320e-01	2.034456e-01
4.152576e-01	2.008096e-01
4.152832e-01	1.982151e-01
4.153088e-01	1.954973e-01
4.153344e-01	1.926067e-01
4.153600e-01	1.898431e-01
4.153856e-01	1.869213e-01
4.154112e-01	1.838682e-01
4.154368e-01	1.809651e-01
4.154624e-01	1.778456e-01
4.154880e-01	1.745848e-01
4.155136e-01	1.714229e-01
4.155392e-01	1.682138e-01
4.155648e-01	1.649756e-01
4.155904e-01	1.615450e-01
4.156160e-01	1.581185e-01
4.156416e-01	1.546086e-01
4.156672e-01	1.510306e-01
4.156928e-01	1.475955e-01
4.157184e-01	1.439093e-01
4.157440e-01	1.401472e-01
4.157696e-01	1.365712e-01
4.157952e-01	1.326945e-01
4.158208e-01	1.288624e-01
4.158464e-01	1.249584e-01
4.158720e-01	1.210812e-01
4.158976e-01	1.171499e-01
4.159232e-01	1.130672e-01
4.159488e-01	1.090517e-01
4.159744e-01	1.049503e-01
4.160000e-01	1.007379e-01
4.160256e-01	9.661252e-02
4.160512e-01	9.230816e-02
4.160768e-01	8.812372e-02
4.161024e-01	8.383534e-02
4.161280e-01	7.948389e-02
4.161536e-01	7.515433e-02
4.161792e-01	7.070644e-02
4.162048e-01	6.631248e-02
4.162304e-01	6.191424e-02
4.162560e-01	5.754015e-02
4.162816e-01	5.288051e-02
4.163072e-01	4.835946e-02
4.163328e-01	4.387441e-02
4.163584e-01	3.915217e-02
4.163840e-01	3.464174e-02
4.164096e-01	3.002399e-02
4.164352e-01	2.543812e-02
4.164608e-01	2.070393e-02
4.164864e-01	1.603874e-02
4.165120e-01	1.136953e-02
4.165376e-01	6.622321e-03
4.165632e-01	1.850746e-03
4.165888e-01	-2.897196e-03
4.166144e-01	-7.537780e-03
4.166400e-01	-1.233710e-02
4.166656e-01	-1.719236e-02
4.166912e-01	-2.195163e-02
4.167168e-01	-2.672974e-02
4.167424e-01	-3.142979e-02
4.167680e-01	-3.626956e-02
4.167936e-01	-4.102125e-02
4.168192e-01	-4.589589e-02
4.168448e-01	-5.079835e-02
4.168704e-01	-5.543347e-02
4.168960e-01	-6.033366e-02
4.169216e-01	-6.523388e-02
4.169472e-01	-6.994198e-02
4.169728e-01	-7.481106e-02
4.169984e-01	-7.947912e-02
4.170240e-01	-8.429264e-02
4.170496e-01	-8.917250e-02
4.170752e-01	-9.402917e-02
4.171008e-01	-9.867258e-02
4.171264e-01	-1.033905e-01
4.171520e-01	-1.081212e-01
4.171776e-01	-1.127874e-01
4.172032e-01	-1.174671e-01
4.172288e-01	-1.220456e-01
4.172544e-01	-1.268417e-01
4.172800e-01	-1.314280e-01
4.173056e-01	-1.360728e-01
4.173312e-01	-1.406969e-01
4.173568e-01	-1.451562e-01
4.173824e-01	-1.498054e-01
4.174080e-01	-1.542674e-01
4.174336e-01	-1.588342e-01
4.174592e-01	-1.632716e-01
4.174848e-01	-1.676629e-01
4.175104e-01	-1.721017e-01
4.175360e-01	-1.764402e-01
4.175616e-01	-1.808147e-01
4.175872e-01	-1.850880e-01
4.176128e-01	-1.893424e-01
4.176384e-01	-1.935390e-01
4.176640e-01	-1.977450e-01
4.176896e-01	-2.019419e-01
4.177152e-01	-2.061030e-01
4.177408e-01	-2.102153e-01
4.177664e-01	-2.141931e-01
4.177920e-01	-2.181786e-01
4.178176e-01	-2.220839e-01
4.178432e-01	-2.261581e-01
4.178688e-01	-2.298141e-01
4.178944e-01	-2.337183e-01
4.179200e-01	-2.375328e-01
4.179456e-01	-2.411632e-01
4.179712e-01	-2.448049e-01
4.179968e-01	-2.484868e-01
4.180224e-01	-2.521250e-01
4.180480e-01	-2.555498e-01
4.180736e-01	-2.590798e-01
4.180992e-01	-2.624517e-01
4.181248e-01	-2.657301e-01
4.181504e-01	-2.691024e-01
4.181760e-01	-2.723688e-01
4.182016e-01	-2.754090e-01
4.182272e-01	-2.786325e-01
4.182528e-01	-2.817247e-01
4.182784e-01	-2.845958e-01
4.183040e-01	-2.876742e-01
4.183296e-01	-2.904126e-01
4.183552e-01	-2.932111e-01
4.183808e-01	-2.960150e-01
4.184064e-01	-2.987501e-01
4.184320e-01	-3.013456e-01
4.184576e-01	-3.039330e-01
4.184832e-01	-3.064086e-01
4.185088e-01	-3.088414e-01
4.185344e-01	-3.111771e-01
4.185600e-01	-3.134224e-01
4.185856e-01	-3.156482e-01
4.186112e-01	-3.179211e-01
4.186368e-01	-3.199792e-01
4.186624e-01	-3.219713e-01
4.186880e-01	-3.238129e-01
4.187136e-01	-3.256670e-01
4.187392e-01	-3.276241e-01
4.187648e-01	-3.292427e-01
4.187904e-01	-3.309518e-01
4.188160e-01	-3.325334e-01
4.188416e-01	-3.339632e-01
4.188672e-01	-3.355280e-01
4.188928e-01	-3.368550e-01
4.189184e-01	-3.380940e-01
4.189440e-01	-3.393059e-01
4.189696e-01	-3.405795e-01
4.189952e-01	-3.415412e-01
4.190208e-01	-3.425733e-01
4.190464e-01	-3.434058e-01
4.190720e-01	-3.442852e-01
4.190976e-01	-3.449406e-01
4.191232e-01	-3.456414e-01
4.191488e-01	-3.463855e-01
4.191744e-01	-3.468577e-01
4.192000e-01	-3.472557e-01
4.192256e-01	-3.476499e-01
4.192512e-01	-3.479354e-01
4.192768e-01	-3.480909e-01
4.193024e-01	-3.483787e-01
4.193280e-01	-3.484609e-01
4.193536e-01	-3.484188e-01
4.193792e-01	-3.482981e-01
4.194048e-01	-3.480770e-01
4.194304e-01	-3.478434e-01
4.194560e-01	-3.474901e-01
4.194816e-01	-3.471377e-01
4.195072e-01	-3.466425e-01
4.195328e-01	-3.461336e-01
4.195584e-01	-3.454903e-01
4.195840e-01	-3.447742e-01
4.196096e-01	-3.439121e-01
4.196352e-01	-3.431090e-01
4.196608e-01	-3.421985e-01
4.196864e-01	-3.410872e-01
4.197120e-01	-3.400640e-01
4.197376e-01	-3.389017e-01
4.197632e-01	-3.375952e-01
4.197888e-01	-3.363340e-01
4.198144e-01	-3.349410e-01
4.198400e-01	-3.334323e-01
4.198656e-01	-3.319949e-01
4.198912e-01	-3.302719e-01
4.199168e-01	-3.285742e-01
4.199424e-01	-3.269826e-01
4.199680e-01	-3.250464e-01
4.199936e-01	-3.231045e-01
4.200192e-01	-3.211747e-01
4.200448e-01	-3.191238e-01
4.200704e-01	-3.168921e-01
4.200960e-01	-3.148879e-01
4.201216e-01	-3.126638e-01
4.201472e-01	-3.102458e-01
4.201728e-01	-3.078476e-01
4.201984e-01	-3.054825e-01
4.202240e-01	-3.029110e-01
4.202496e-01	-3.003847e-01
4.202752e-01	-2.977235e-01
4.203008e-01	-2.949296e-01
4.203264e-01	-2.922303e-01
4.203520e-01	-2.893278e-01
4.203776e-01	-2.864642e-01
4.204032e-01	-2.835501e-01
4.204288e-01	-2.805562e-01
4.204544e-01	-2.773741e-01
4.204800e-01	-2.742448e-01
4.205056e-01	-2.711124e-01
4.205312e-01	-2.677747e-01
4.205568e-01	-2.646160e-01
4.205824e-01	-2.610891e-01
4.206080e-01	-2.576213e-01
4.206336e-01	-2.542954e-01
4.206592e-01	-2.507071e-01
4.206848e-01	-2.470722e-01
4.207104e-01	-2.435629e-01
4.207360e-01	-2.398504e-01
4.207616e-01	-2.360706e-01
4.207872e-01	-2.322790e-01
4.208128e-01	-2.283722e-01
4.208384e-01	-2.244775e-01
4.208640e-01	-2.205702e-01
4.208896e-01	-2.167189e-01
4.209152e-01	-2.125540e-01
4.209408e-01	-2.085111e-01
4.209664e-01	-2.046226e-01
4.209920e-01	-2.002869e-01
4.210176e-01	-1.960698e-01
4.210432e-01	-1.919308e-01
4.210688e-01	-1.877165e-01
4.210944e-01	-1.834625e-01
4.211200e-01	-1.792160e-01
4.211456e-01	-1.747239e-01
4.211712e-01	-1.703253e-01
4.211968e-01	-1.659787e-01
4.212224e-01	-1.615415e-01
4.212480e-01	-1.570337e-01
4.212736e-01	-1.526301e-01
4.212992e-01	-1.480321e-01
4.213248e-01	-1.433734e-01
4.213504e-01	-1.389145e-01
4.213760e-01	-1.341813e-01
4.214016e-01	-1.296356e-01
4.214272e-01	-1.250388e-01
4.214528e-01	-1.203066e-01
4.214784e-01	-1.156777e-01
4.215040e-01	-1.108496e-01
4.215296e-01	-1.062467e-01
4.215552e-01	-1.014696e-01
4.215808e-01	-9.675954e-02
4.216064e-01	-9.201220e-02
4.216320e-01	-8.713380e-02
4.216576e-01	-8.246215e-02
4.216832e-01	-7.759942e-02
4.217088e-01	-7.277726e-02
4.217344e-01	-6.801274e-02
4.217600e-01	-6.325209e-02
4.217856e-01	-5.851174e-02
4.218112e-01	-5.353426e-02
4.218368e-01	-4.883948e-02
4.218624e-01	-4.397289e-02
4.218880e-01	-3.924927e-02
4.219136e-01	-3.444437e-02
4.219392e-01	-2.965187e-02
4.219648e-01	-2.474081e-02
4.219904e-01	-1.986009e-02
4.220160e-01	-1.522897e-02
4.220416e-01	-1.045062e-02
4.220672e-01	-5.618014e-03
4.220928e-01	-9.363496e-04
4.221184e-01	3.815337e-03
4.221440e-01	8.646982e-03
4.221696e-01	1.331450e-02
4.221952e-01	1.793263e-02
4.222208e-01	2.265067e-02
4.222464e-01	2.725432e-02
4.222720e-01	3.196814e-02
4.222976e-01	3.670483e-02
4.223232e-01	4.119187e-02
4.223488e-01	4.573048e-02
4.223744e-01	5.025528e-02
4.224000e-01	5.485947e-02
4.224256e-01	5.933499e-02
4.224512e-01	6.374735e-02
4.224768e-01	6.820061e-02
4.225024e-01	7.255016e-02
4.225280e-01	7.698768e-02
4.225536e-01	8.128332e-02
4.225792e-01	8.565365e-02
4.226048e-01	8.990861e-02
4.226304e-01	9.410984e-02
4.226560e-01	9.837814e-02
4.226816e-01	1.024802e-01
4.227072e-01	1.065060e-01
4.227328e-01	1.107273e-01
4.227584e-01	1.147354e-01
4.227840e-01	1.187148e-01
4.228096e-01	1.227046e-01
4.228352e-01	1.265296e-01
4.228608e-01	1.303554e-01
4.228864e-01	1.342617e-01
4.229120e-01	1.378768e-01
4.229376e-01	1.417293e-01
4.229632e-01	1.454052e-01
4.229888e-01	1.489917e-01
4.230144e-01	1.525760e-01
4.230400e-01	1.559947e-01
4.230656e-01	1.596189e-01
4.230912e-01	1.630777e-01
4.231168e-01	1.662970e-01
4.231424e-01	1.696202e-01
4.231680e-01	1.728776e-01
4.231936e-01	1.759821e-01
4.232192e-01	1.791832e-01
4.232448e-01	1.822345e-01
4.232704e-01	1.851794e-01
4.232960e-01	1.881314e-01
4.233216e-01	1.910428e-01
4.233472e-01	1.939798e-01
4.233728e-01	1.966587e-01
4.233984e-01	1.993021e-01
4.234240e-01	2.018634e-01
4.234496e-01	2.045037e-01
4.234752e-01	2.071087e-01
4.235008e-01	2.094217e-01
4.235264e-01	2.117260e-01
4.235520e-01	2.141318e-01
4.235776e-01	2.163917e-01
4.236032e-01	2.184290e-01
4.236288e-01	2.205126e-01
4.236544e-01	2.226686e-01
4.236800e-01	2.244356e-01
4.237056e-01	2.263717e-01
4.237312e-01	2.281549e-01
4.237568e-01	2.299355e-01
4.237824e-01	2.315349e-01
4.238080e-01	2.331397e-01
4.238336e-01	2.347238e-01
4.238592e-01	2.360372e-01
4.238848e-01	2.374995e-01
4.239104e-01	2.387578e-01
4.239360e-01	2.400403e-01
4.239616e-01	2.410525e-01
4.239872e-01	2.420899e-01
4.240128e-01	2.432254e-01
4.240384e-01	2.439810e-01
4.240640e-01	2.449176e-01
4.240896e-01	2.456420e-01
4.241152e-01	2.463114e-01
4.241408e-01	2.469766e-01
4.241664e-01	2.474856e-01
4.241920e-01	2.478274e-01
4.242176e-01	2.483757e-01
4.242432e-01	2.486037e-01
4.242688e-01	2.487535e-01
4.242944e-01	2.488785e-01
4.243200e-01	2.489789e-01
4.243456e-01	2.491363e-01
4.243712e-01	2.488459e-01
4.243968e-01	2.487001e-01
4.244224e-01	2.485869e-01
4.244480e-01	2.482136e-01
4.244736e-01	2.478543e-01
4.244992e-01	2.473525e-01
4.245248e-01	2.468324e-01
4.245504e-01	2.461268e-01
4.245760e-01	2.454236e-01
4.246016e-01	2.446852e-01
4.246272e-01	2.437417e-01
4.246528e-01	2.427612e-01
4.246784e-01	2.417918e-01
4.247040e-01	2.408269e-01
4.247296e-01	2.395731e-01
4.247552e-01	2.382765e-01
4.247808e-01	2.370656e-01
4.248064e-01	2.356103e-01
4.248320e-01	2.342953e-01
4.248576e-01	2.325762e-01
4.248832e-01	2.310139e-01
4.249088e-01	2.293630e-01
4.249344e-01	2.275098e-01
4.249600e-01	2.258443e-01
4.249856e-01	2.238143e-01
4.250112e-01	2.218243e-01
4.250368e-01	2.199362e-01
4.250624e-01	2.177648e-01
4.250880e-01	2.156222e-01
4.251136e-01	2.133399e-01
4.251392e-01	2.109842e-01
4.251648e-01	2.086484e-01
4.251904e-01	2.062264e-01
4.252160e-01	2.036519e-01
4.252416e-01	2.009940e-01
4.252672e-01	1.984064e-01
4.252928e-01	1.957676e-01
4.253184e-01	1.929136e-01
4.253440e-01	1.901644e-01
4.253696e-01	1.871996e-01
4.253952e-01	1.842996e-01
4.254208e-01	1.812185e-01
4.254464e-01	1.780769e-01
4.254720e-01	1.750315e-01
4.254976e-01	1.717755e-01
4.255232e-01	1.686153e-01
4.255488e-01	1.652375e-01
4.255744e-01	1.619090e-01
4.256000e-01	1.585088e-01
4.256256e-01	1.550243e-01
4.256512e-01	1.515664e-01
4.256768e-01	1.477598e-01
4.257024e-01	1.443204e-01
4.257280e-01	1.406437e-01
4.257536e-01	1.369116e-01
4.257792e-01	1.331127e-01
4.258048e-01	1.292461e-01
4.258304e-01	1.253403e-01
4.258560e-01	1.214298e-01
4.258816e-01	1.174326e-01
4.259072e-01	1.134936e-01
4.259328e-01	1.093759e-01
4.259584e-01	1.052403e-01
4.259840e-01	1.012442e-01
4.260096e-01	9.698284e-02
4.260352e-01	9.273157e-02
4.260608e-01	8.852016e-02
4.260864e-01	8.428416e-02
4.261120e-01	7.986073e-02
4.261376e-01	7.545584e-02
4.261632e-01	7.108352e-02
4.261888e-01	6.675186e-02
4.262144e-01	6.238564e-02
4.262400e-01	5.790198e-02
4.262656e-01	5.341019e-02
4.262912e-01	4.886913e-02
4.263168e-01	4.438591e-02
4.263424e-01	3.962960e-02
4.263680e-01	3.518592e-02
4.263936e-01	3.056395e-02
4.264192e-01	2.586117e-02
4.264448e-01	2.122008e-02
4.264704e-01	1.650564e-02
4.264960e-01	1.188548e-02
4.265216e-01	7.066035e-03
4.265472e-01	2.305565e-03
4.265728e-01	-2.393483e-03
4.265984e-01	-7.153941e-03
4.266240e-01	-1.190914e-02
4.266496e-01	-1.672306e-02
4.266752e-01	-2.138108e-02
4.267008e-01	-2.628178e-02
4.267264e-01	-3.096727e-02
4.267520e-01	-3.594405e-02
4.267776e-01	-4.070390e-02
4.268032e-01	-4.537203e-02
4.268288e-01	-5.031620e-02
4.268544e-01	-5.505208e-02
4.268800e-01	-5.992911e-02
4.269056e-01	-6.463481e-02
4.269312e-01	-6.955304e-02
4.269568e-01	-7.436437e-02
4.269824e-01	-7.909437e-02
4.270080e-01	-8.387365e-02
4.270336e-01	-8.862805e-02
4.270592e-01	-9.342857e-02
4.270848e-01	-9.802565e-02
4.271104e-01	-1.028676e-01
4.271360e-01	-1.076107e-01
4.271616e-01	-1.123202e-01
4.271872e-01	-1.169098e-01
4.272128e-01	-1.217111e-01
4.272384e-01	-1.263319e-01
4.272640e-01	-1.310219e-01
4.272896e-01	-1.357336e-01
4.273152e-01	-1.401608e-01
4.273408e-01	-1.448095e-01
4.273664e-01	-1.492829e-01
4.273920e-01	-1.538820e-01
4.274176e-01	-1.584267e-01
4.274432e-01	-1.627433e-01
4.274688e-01	-1.672514e-01
4.274944e-01	-1.716264e-01
4.275200e-01	-1.759685e-01
4.275456e-01	-1.803117e-01
4.275712e-01	-1.846850e-01
4.275968e-01	-1.889198e-01
4.276224e-01	-1.931483e-01
4.276480e-01	-1.973850e-01
4.276736e-01	-2.015390e-01
4.276992e-01	-2.057580e-01
4.277248e-01	-2.098014e-01
4.277504e-01	-2.138256e-01
4.277760e-01	-2.178114e-01
4.278016e-01	-2.217591e-01
4.278272e-01	-2.256593e-01
4.278528e-01	-2.295275e-01
4.278784e-01	-2.333823e-01
4.279040e-01	-2.370515e-01
4.279296e-01	-2.410260e-01
4.279552e-01	-2.444482e-01
4.279808e-01	-2.480845e-01
4.280064e-01	-2.517155e-01
4.280320e-01	-2.552297e-01
4.280576e-01	-2.586568e-01
4.280832e-01	-2.619871e-01
4.281088e-01	-2.654161e-01
4.281344e-01	-2.686490e-01
4.281600e-01	-2.720109e-01
4.281856e-01	-2.751584e-01
4.282112e-01	-2.781953e-01
4.282368e-01	-2.812627e-01
4.282624e-01	-2.843665e-01
4.282880e-01	-2.872760e-01
4.283136e-01	-2.901866e-01
4.283392e-01	-2.930813e-01
4.283648e-01	-2.956788e-01
4.283904e-01	-2.984797e-01
4.284160e-01	-3.010355e-01
4.284416e-01	-3.036616e-01
4.284672e-01	-3.060310e-01
4.284928e-01	-3.086080e-01
4.285184e-01	-3.109906e-01
4.285440e-01	-3.131522e-01
4.285696e-01	-3.155311e-01
4.285952e-01	-3.175601e-01
4.286208e-01	-3.197837e-01
4.286464e-01	-3.217745e-01
4.286720e-01	-3.235814e-01
4.286976e-01	-3.256131e-01
4.287232e-01	-3.274770e-01
4.287488e-01	-3.292353e-01
4.287744e-01	-3.307118e-01
4.288000e-01	-3.324195e-01
4.288256e-01	-3.339242e-01
4.288512e-01	-3.353099e-01
4.288768e-01	-3.367448e-01
4.289024e-01	-3.379893e-01
4.289280e-01	-3.392580e-01
4.289536e-01	-3.404515e-01
4.289792e-01	-3.414700e-01
4.290048e-01	-3.424691e-01
4.290304e-01	-3.432780e-01
4.290560e-01	-3.441019e-01
4.290816e-01	-3.449516e-01
4.291072e-01	-3.456573e-01
4.291328e-01	-3.462959e-01
4.291584e-01	-3.468091e-01
4.291840e-01	-3.472566e-01
4.292096e-01	-3.475673e-01
4.292352e-01	-3.479295e-01
4.292608e-01	-3.482455e-01
4.292864e-01	-3.482073e-01
4.293120e-01	-3.483359e-01
4.293376e-01	-3.482496e-01
4.293632e-01	-3.483142e-01
4.293888e-01	-3.481491e-01
4.294144e-01	-3.478344e-01
4.294400e-01	-3.475690e-01
4.294656e-01	-3.471122e-01
4.294912e-01	-3.466007e-01
4.295168e-01	-3.460729e-01
4.295424e-01	-3.455712e-01
4.295680e-01	-3.447535e-01
4.295936e-01	-3.439962e-01
4.296192e-01	-3.431095e-01
4.296448e-01	-3.421587e-01
4.296704e-01	-3.412380e-01
4.296960e-01	-3.401478e-01
4.297216e-01	-3.390977e-01
4.297472e-01	-3.377394e-01
4.297728e-01	-3.364689e-01
4.297984e-01	-3.350605e-01
4.298240e-01	-3.336526e-01
4.298496e-01	-3.321367e-01
4.298752e-01	-3.305119e-01
4.299008e-01	-3.287647e-01
4.299264e-01	-3.271050e-01
4.299520e-01	-3.252925e-01
4.299776e-01	-3.233587e-01
4.300032e-01	-3.214723e-01
4.300288e-01	-3.193793e-01
4.300544e-01	-3.173529e-01
4.300800e-01	-3.151873e-01
4.301056e-01	-3.128649e-01
4.301312e-01	-3.105265e-01
4.301568e-01	-3.081936e-01
4.301824e-01	-3.056721e-01
4.302080e-01	-3.031928e-01
4.302336e-01	-3.006518e-01
4.302592e-01	-2.979779e-01
4.302848e-01	-2.953880e-01
4.303104e-01	-2.924815e-01
4.303360e-01	-2.898007e-01
4.303616e-01	-2.867994e-01
4.303872e-01	-2.837998e-01
4.304128e-01	-2.807980e-01
4.304384e-01	-2.776757e-01
4.304640e-01	-2.746048e-01
4.304896e-01	-2.713215e-01
4.305152e-01	-2.681796e-01
4.305408e-01	-2.648681e-01
4.305664e-01	-2.614458e-01
4.305920e-01	-2.581699e-01
4.306176e-01	-2.546424e-01
4.306432e-01	-2.510000e-01
4.306688e-01	-2.475250e-01
4.306944e-01	-2.439175e-01
4.307200e-01	-2.401516e-01
4.307456e-01	-2.364288e-01
4.307712e-01	-2.326801e-01
4.307968e-01	-2.288805e-01
4.308224e-01	-2.249054e-01
4.308480e-01	-2.210813e-01
4.308736e-01	-2.170837e-01
4.308992e-01	-2.130001e-01
4.309248e-01	-2.089036e-01
4.309504e-01	-2.049808e-01
4.309760e-01	-2.007009e-01
4.310016e-01	-1.965290e-01
4.310272e-01	-1.924471e-01
4.310528e-01	-1.881992e-01
4.310784e-01	-1.839220e-01
4.311040e-01	-1.795089e-01
4.311296e-01	-1.751569e-01
4.311552e-01	-1.707658e-01
4.311808e-01	-1.663570e-01
4.312064e-01	-1.619588e-01
4.312320e-01	-1.575157e-01
4.312576e-01	-1.529880e-01
4.312832e-01	-1.484213e-01
4.313088e-01	-1.438476e-01
4.313344e-01	-1.393154e-01
4.313600e-01	-1.347780e-01
4.313856e-01	-1.300827e-01
4.314112e-01	-1.254140e-01
4.314368e-01	-1.207673e-01
4.314624e-01	-1.160399e-01
4.314880e-01	-1.113790e-01
4.315136e-01	-1.067588e-01
4.315392e-01	-1.019831e-01
4.315648e-01	-9.721769e-02
4.315904e-01	-9.249345e-02
4.316160e-01	-8.766712e-02
4.316416e-01	-8.276792e-02
4.316672e-01	-7.813319e-02
4.316928e-01	-7.328532e-02
4.317184e-01	-6.853530e-02
4.317440e-01	-6.368348e-02
4.317696e-01	-5.886343e-02
4.317952e-01	-5.418594e-02
4.318208e-01	-4.925491e-02
4.318464e-01	-4.450051e-02
4.318720e-01	-3.970195e-02
4.318976e-01	-3.470370e-02
4.319232e-01	-3.013792e-02
4.319488e-01	-2.531915e-02
4.319744e-01	-2.055436e-02
4.320000e-01	-1.572272e-02
4.320256e-01	-1.083053e-02
4.320512e-01	-6.182862e-03
4.320768e-01	-1.305261e-03
4.321024e-01	3.382883e-03
4.321280e-01	8.059519e-03
4.321536e-01	1.280613e-02
4.321792e-01	1.747809e-02
4.322048e-01	2.216832e-02
4.322304e-01	2.680617e-02
4.322560e-01	3.156633e-02
4.322816e-01	3.613588e-02
4.323072e-01	4.063611e-02
4.323328e-01	4.519639e-02
4.323584e-01	4.992522e-02
4.323840e-01	5.434120e-02
4.324096e-01	5.878881e-02
4.324352e-01	6.327996e-02
4.324608e-01	6.771416e-02
4.324864e-01	7.218941e-02
4.325120e-01	7.648951e-02
4.325376e-01	8.088554e-02
4.325632e-01	8.527134e-02
4.325888e-01	8.948995e-02
4.326144e-01	9.370118e-02
4.326400e-01	9.793359e-02
4.326656e-01	1.021550e-01
4.326912e-01	1.062549e-01
4.327168e-01	1.102738e-01
4.327424e-01	1.144828e-01
4.327680e-01	1.183456e-01
4.327936e-01	1.222714e-01
4.328192e-01	1.263229e-01
4.328448e-01	1.300272e-01
4.328704e-01	1.340185e-01
4.328960e-01	1.376344e-01
4.329216e-01	1.413751e-01
4.329472e-01	1.450234e-01
4.329728e-01	1.486175e-01
4.329984e-01	1.522798e-01
4.330240e-01	1.557367e-01
4.330496e-01	1.592035e-01
4.330752e-01	1.625753e-01
4.331008e-01	1.660034e-01
4.331264e-01	1.693345e-01
4.331520e-01	1.725497e-01
4.331776e-01	1.758043e-01
4.332032e-01	1.789053e-01
4.332288e-01	1.820349e-01
4.332544e-01	1.848789e-01
4.332800e-01	1.878707e-01
4.333056e-01	1.907929e-01
4.333312e-01	1.935378e-01
4.333568e-01	1.963515e-01
4.333824e-01	1.991541e-01
4.334080e-01	2.016534e-01
4.334336e-01	2.042178e-01
4.334592e-01	2.068594e-01
4.334848e-01	2.091591e-01
4.335104e-01	2.115477e-01
4.335360e-01	2.139159e-01
4.335616e-01	2.161176e-01
4.335872e-01	2.183075e-01
4.336128e-01	2.203932e-01
4.336384e-01	2.224275e-01
4.336640e-01	2.243171e-01
4.336896e-01	2.261894e-01
4.337152e-01	2.280226e-01
4.337408e-01	2.297500e-01
4.337664e-01	2.313872e-01
4.337920e-01	2.331254e-01
4.338176e-01	2.345443e-01
4.338432e-01	2.359877e-01
4.338688e-01	2.373682e-01
4.338944e-01	2.386048e-01
4.339200e-01	2.398740e-01
4.339456e-01	2.410524e-01
4.339712e-01	2.420826e-01
4.339968e-01	2.430154e-01
4.340224e-01	2.439631e-01
4.340480e-01	2.447452e-01
4.340736e-01	2.455697e-01
4.340992e-01	2.462568e-01
4.341248e-01	2.468972e-01
4.341504e-01	2.474298e-01
4.341760e-01	2.478111e-01
4.342016e-01	2.483282e-01
4.342272e-01	2.484848e-01
4.342528e-01	2.488177e-01
4.342784e-01	2.489564e-01
4.343040e-01	2.489934e-01
4.343296e-01	2.490255e-01
4.343552e-01	2.489809e-01
4.343808e-01	2.488195e-01
4.344064e-01	2.485139e-01
4.344320e-01	2.482615e-01
4.344576e-01	2.478593e-01
4.344832e-01	2.473731e-01
4.345088e-01	2.468210e-01
4.345344e-01	2.460816e-01
4.345600e-01	2.454251e-01
4.345856e-01	2.446544e-01
4.346112e-01	2.437700e-01
4.346368e-01	2.429295e-01
4.346624e-01	2.419508e-01
4.346880e-01	2.407869e-01
4.347136e-01	2.396944e-01
4.347392e-01	2.384035e-01
4.347648e-01	2.371155e-01
4.347904e-01	2.357545e-01
4.348160e-01	2.343946e-01
4.348416e-01	2.328932e-01
4.348672e-01	2.312255e-01
4.348928e-01	2.295129e-01
4.349184e-01	2.277287e-01
4.349440e-01	2.259367e-01
4.349696e-01	2.241244e-01
4.349952e-01	2.220167e-01
4.350208e-01	2.200384e-01
4.350464e-01	2.179832e-01
4.350720e-01	2.158000e-01
4.350976e-01	2.135448e-01
4.351232e-01	2.112874e-01
4.351488e-01	2.087425e-01
4.351744e-01	2.063109e-01
4.352000e-01	2.039385e-01
4.352256e-01	2.013218e-01
4.352512e-01	1.986344e-01
4.352768e-01	1.959681e-01
4.353024e-01	1.932355e-01
4.353280e-01	1.903629e-01
4.353536e-01	1.874636e-01
4.353792e-01	1.845324e-01
4.354048e-01	1.814869e-01
4.354304e-01	1.783862e-01
4.354560e-01	1.753680e-01
4.354816e-01	1.721023e-01
4.355072e-01	1.688320e-01
4.355328e-01	1.656852e-01
4.355584e-01	1.621699e-01
4.355840e-01	1.587706e-01
4.356096e-01	1.553552e-01
4.356352e-01	1.519037e-01
4.356608e-01	1.482342e-01
4.356864e-01	1.445057e-01
4.357120e-01	1.408825e-01
4.357376e-01	1.372286e-01
4.357632e-01	1.333746e-01
4.357888e-01	1.295968e-01
4.358144e-01	1.257792e-01
4.358400e-01	1.216898e-01
4.358656e-01	1.178437e-01
4.358912e-01	1.139194e-01
4.359168e-01	1.097471e-01
4.359424e-01	1.057527e-01
4.359680e-01	1.016166e-01
4.359936e-01	9.743249e-02
4.360192e-01	9.327525e-02
4.360448e-01	8.888841e-02
4.360704e-01	8.461736e-02
4.360960e-01	8.043785e-02
4.361216e-01	7.600842e-02
4.361472e-01	7.152218e-02
4.361728e-01	6.714417e-02
4.361984e-01	6.285837e-02
4.362240e-01	5.830064e-02
4.362496e-01	5.383139e-02
4.362752e-01	4.924041e-02
4.363008e-01	4.473861e-02
4.363264e-01	4.017542e-02
4.363520e-01	3.544431e-02
4.363776e-01	3.084336e-02
4.364032e-01	2.634343e-02
4.364288e-01	2.156831e-02
4.364544e-01	1.689551e-02
4.364800e-01	1.231411e-02
4.365056e-01	7.550573e-03
4.365312e-01	2.783344e-03
4.365568e-01	-1.891067e-03
4.365824e-01	-6.674637e-03
4.366080e-01	-1.151648e-02
4.366336e-01	-1.624263e-02
4.366592e-01	-2.097766e-02
4.366848e-01	-2.585939e-02
4.367104e-01	-3.055860e-02
4.367360e-01	-3.528441e-02
4.367616e-01	-4.019050e-02
4.367872e-01	-4.496466e-02
4.368128e-01	-4.991403e-02
4.368384e-01	-5.463798e-02
4.368640e-01	-5.932102e-02
4.368896e-01	-6.431904e-02
4.369152e-01	-6.909438e-02
4.369408e-01	-7.393038e-02
4.369664e-01	-7.868482e-02
4.369920e-01	-8.352898e-02
4.370176e-01	-8.816761e-02
4.370432e-01	-9.304847e-02
4.370688e-01	-9.782776e-02
4.370944e-01	-1.024335e-01
4.371200e-01	-1.072783e-01
4.371456e-01	-1.120264e-01
4.371712e-01	-1.165704e-01
4.371968e-01	-1.212986e-01
4.372224e-01	-1.259942e-01
4.372480e-01	-1.306198e-01
4.372736e-01	-1.353967e-01
4.372992e-01	-1.398118e-01
4.373248e-01	-1.443214e-01
4.373504e-01	-1.490061e-01
4.373760e-01	-1.533708e-01
4.374016e-01	-1.579514e-01
4.374272e-01	-1.624863e-01
4.374528e-01	-1.667690e-01
4.374784e-01	-1.713014e-01
4.375040e-01	-1.757398e-01
4.375296e-01	-1.799732e-01
4.375552e-01	-1.843643e-01
4.375808e-01	-1.885714e-01
4.376064e-01	-1.928809e-01
4.376320e-01	-1.970157e-01
4.376576e-01	-2.011483e-01
4.376832e-01	-2.052982e-01
4.377088e-01	-2.092893e-01
4.377344e-01	-2.134475e-01
4.377600e-01	-2.175556e-01
4.377856e-01	-2.213477e-01
4.378112e-01	-2.253834e-01
4.378368e-01	-2.291606e-01
4.378624e-01	-2.329382e-01
4.378880e-01	-2.368242e-01
4.379136e-01	-2.405386e-01
4.379392e-01	-2.442239e-01
4.379648e-01	-2.478902e-01
4.379904e-01	-2.514445e-01
4.380160e-01	-2.549596e-01
4.380416e-01	-2.583276e-01
4.380672e-01	-2.617851e-01
4.380928e-01	-2.651592e-01
4.381184e-01	-2.683746e-01
4.381440e-01	-2.716835e-01
4.381696e-01	-2.748851e-01
4.381952e-01	-2.779805e-01
4.382208e-01	-2.811003e-01
4.382464e-01	-2.840503e-01
4.382720e-01	-2.870198e-01
4.382976e-01	-2.899554e-01
4.383232e-01	-2.928851e-01
4.383488e-01	-2.954950e-01
4.383744e-01	-2.981963e-01
4.384000e-01	-3.008995e-01
4.384256e-01	-3.034616e-01
4.384512e-01	-3.058975e-01
4.384768e-01	-3.083144e-01
4.385024e-01	-3.108023e-01
4.385280e-01	-3.130839e-01
4.385536e-01	-3.153131e-01
4.385792e-01	-3.173732e-01
4.386048e-01	-3.194741e-01
4.386304e-01	-3.215475e-01
4.386560e-01	-3.235092e-01
4.386816e-01	-3.254427e-01
4.387072e-01	-3.272008e-01
4.387328e-01	-3.289483e-01
4.387584e-01	-3.306038e-01
4.387840e-01	-3.322473e-01
4.388096e-01	-3.336892e-01
4.388352e-01	-3.352063e-01
4.388608e-01	-3.365552e-01
4.388864e-01	-3.378541e-01
4.389120e-01	-3.391312e-01
4.389376e-01	-3.402631e-01
4.389632e-01	-3.414817e-01
4.389888e-01	-3.424136e-01
4.390144e-01	-3.432654e-01
4.390400e-01	-3.441359e-01
4.390656e-01	-3.448251e-01
4.390912e-01	-3.455023e-01
4.391168e-01	-3.462769e-01
4.391424e-01	-3.468741e-01
4.391680e-01	-3.471854e-01
4.391936e-01	-3.476552e-01
4.392192e-01	-3.478847e-01
4.392448e-01	-3.481323e-01
4.392704e-01	-3.482894e-01
4.392960e-01	-3.483731e-01
4.393216e-01	-3.483377e-01
4.393472e-01	-3.481937e-01
4.393728e-01	-3.481815e-01
4.393984e-01	-3.479609e-01
4.394240e-01	-3.474802e-01
4.394496e-01	-3.471816e-01
4.394752e-01	-3.467073e-01
4.395008e-01	-3.462817e-01
4.395264e-01	-3.456221e-01
4.395520e-01	-3.448556e-01
4.395776e-01	-3.440960e-01
4.396032e-01	-3.432818e-01
4.396288e-01	-3.423500e-01
4.396544e-01	-3.413202e-01
4.396800e-01	-3.403110e-01
4.397056e-01	-3.390929e-01
4.397312e-01	-3.379028e-01
4.397568e-01	-3.366773e-01
4.397824e-01	-3.351632e-01
4.398080e-01	-3.337446e-01
4.398336e-01	-3.322186e-01
4.398592e-01	-3.307383e-01
4.398848e-01	-3.288942e-01
4.399104e-01	-3.270677e-01
4.399360e-01	-3.254734e-01
4.399616e-01	-3.235167e-01
4.399872e-01	-3.215421e-01
4.400128e-01	-3.195747e-01
4.400384e-01	-3.174918e-01
4.400640e-01	-3.153915e-01
4.400896e-01	-3.130887e-01
4.401152e-01	-3.107624e-01
4.401408e-01	-3.084051e-01
4.401664e-01	-3.058858e-01
4.401920e-01	-3.034417e-01
4.402176e-01	-3.008123e-01
4.402432e-01	-2.981962e-01
4.402688e-01	-2.955611e-01
4.402944e-01	-2.928032e-01
4.403200e-01	-2.899944e-01
4.403456e-01	-2.870344e-01
4.403712e-01	-2.840559e-01
4.403968e-01	-2.810221e-01
4.404224e-01	-2.780851e-01
4.404480e-01	-2.749550e-01
4.404736e-01	-2.717492e-01
4.404992e-01	-2.683863e-01
4.405248e-01	-2.651355e-01
4.405504e-01	-2.618404e-01
4.405760e-01	-2.583180e-01
4.406016e-01	-2.548438e-01
4.406272e-01	-2.513885e-01
4.406528e-01	-2.477953e-01
4.406784e-01	-2.440887e-01
4.407040e-01	-2.404262e-01
4.407296e-01	-2.367308e-01
4.407552e-01	-2.328752e-01
4.407808e-01	-2.291978e-01
4.408064e-01	-2.253923e-01
4.408320e-01	-2.214389e-01
4.408576e-01	-2.173982e-01
4.408832e-01	-2.134051e-01
4.409088e-01	-2.093520e-01
4.409344e-01	-2.053203e-01
4.409600e-01	-2.012175e-01
4.409856e-01	-1.969690e-01
4.410112e-01	-1.927887e-01
4.410368e-01	-1.885292e-01
4.410624e-01	-1.842512e-01
4.410880e-01	-1.800138e-01
4.411136e-01	-1.755702e-01
4.411392e-01	-1.712285e-01
4.411648e-01	-1.668681e-01
4.411904e-01	-1.625368e-01
4.412160e-01	-1.577710e-01
4.412416e-01	-1.533681e-01
4.412672e-01	-1.489720e-01
4.412928e-01	-1.443463e-01
4.413184e-01	-1.398086e-01
4.413440e-01	-1.351273e-01
4.413696e-01	-1.306284e-01
4.413952e-01	-1.257974e-01
4.414208e-01	-1.211942e-01
4.414464e-01	-1.167017e-01
4.414720e-01	-1.117132e-01
4.414976e-01	-1.071861e-01
4.415232e-01	-1.024146e-01
4.415488e-01	-9.769455e-02
4.415744e-01	-9.302962e-02
4.416000e-01	-8.807525e-02
4.416256e-01	-8.340432e-02
4.416512e-01	-7.864830e-02
4.416768e-01	-7.358995e-02
4.417024e-01	-6.890418e-02
4.417280e-01	-6.422090e-02
4.417536e-01	-5.935566e-02
4.417792e-01	-5.451556e-02
4.418048e-01	-4.976292e-02
4.418304e-01	-4.501903e-02
4.418560e-01	-4.012151e-02
4.418816e-01	-3.517197e-02
4.419072e-01	-3.043662e-02
4.419328e-01	-2.566408e-02
4.419584e-01	-2.092050e-02
4.419840e-01	-1.604469e-02
4.420096e-01	-1.129265e-02
4.420352e-01	-6.601566e-03
4.420608e-01	-1.786209e-03
4.420864e-01	2.946084e-03
4.421120e-01	7.622182e-03
4.421376e-01	1.230721e-02
4.421632e-01	1.709045e-02
4.421888e-01	2.176562e-02
4.422144e-01	2.637977e-02
4.422400e-01	3.105711e-02
4.422656e-01	3.566171e-02
4.422912e-01	4.028786e-02
4.423168e-01	4.484690e-02
4.423424e-01	4.943057e-02
4.423680e-01	5.389110e-02
4.423936e-01	5.832930e-02
4.424192e-01	6.289931e-02
4.424448e-01	6.740082e-02
4.424704e-01	7.171956e-02
4.424960e-01	7.609006e-02
4.425216e-01	8.047554e-02
4.425472e-01	8.476023e-02
4.425728e-01	8.896828e-02
4.425984e-01	9.328703e-02
4.426240e-01	9.761313e-02
4.426496e-01	1.017017e-01
4.426752e-01	1.057517e-01
4.427008e-01	1.099798e-01
4.427264e-01	1.139236e-01
4.427520e-01	1.179969e-01
4.427776e-01	1.218893e-01
4.428032e-01	1.258549e-01
4.428288e-01	1.296638e-01
4.428544e-01	1.333051e-01
4.428800e-01	1.373547e-01
4.429056e-01	1.410134e-01
4.429312e-01	1.447364e-01
4.429568e-01	1.483105e-01
4.429824e-01	1.518942e-01
4.430080e-01	1.555795e-01
4.430336e-01	1.589342e-01
4.430592e-01	1.625091e-01
4.430848e-01	1.656625e-01
4.431104e-01	1.689211e-01
4.431360e-01	1.721241e-01
4.431616e-01	1.754338e-01
4.431872e-01	1.785675e-01
4.432128e-01	1.815821e-01
4.432384e-01	1.845967e-01
4.432640e-01	1.876123e-01
4.432896e-01	1.905529e-01
4.433152e-01	1.932553e-01
4.433408e-01	1.961171e-01
4.433664e-01	1.987813e-01
4.433920e-01	2.014353e-01
4.434176e-01	2.041162e-01
4.434432e-01	2.064860e-01
4.434688e-01	2.088969e-01
4.434944e-01	2.113475e-01
4.435200e-01	2.136786e-01
4.435456e-01	2.159148e-01
4.435712e-01	2.179727e-01
4.435968e-01	2.200845e-01
4.436224e-01	2.222112e-01
4.436480e-01	2.240937e-01
4.436736e-01	2.261055e-01
4.436992e-01	2.278320e-01
4.437248e-01	2.295908e-01
4.437504e-01	2.312786e-01
4.437760e-01	2.328243e-01
4.438016e-01	2.344728e-01
4.438272e-01	2.358246e-01
4.438528e-01	2.371431e-01
4.438784e-01	2.385681e-01
4.439040e-01	2.396023e-01
4.439296e-01	2.409475e-01
4.439552e-01	2.419461e-01
4.439808e-01	2.428482e-01
4.440064e-01	2.439743e-01
4.440320e-01	2.447407e-01
4.440576e-01	2.454553e-01
4.440832e-01	2.462933e-01
4.441088e-01	2.468955e-01
4.441344e-01	2.472778e-01
4.441600e-01	2.478854e-01
4.441856e-01	2.482863e-01
4.442112e-01	2.485713e-01
4.442368e-01	2.486483e-01
4.442624e-01	2.489168e-01
4.442880e-01	2.490804e-01
4.443136e-01	2.489793e-01
4.443392e-01	2.489242e-01
4.443648e-01	2.486129e-01
4.443904e-01	2.486145e-01
4.444160e-01	2.482320e-01
4.444416e-01	2.477683e-01
4.444672e-01	2.473632e-01
4.444928e-01	2.467667e-01
4.445184e-01	2.461882e-01
4.445440e-01	2.456075e-01
4.445696e-01	2.448500e-01
4.445952e-01	2.438859e-01
4.446208e-01	2.429825e-01
4.446464e-01	2.421088e-01
4.446720e-01	2.409301e-01
4.446976e-01	2.398854e-01
4.447232e-01	2.385436e-01
4.447488e-01	2.371185e-01
4.447744e-01	2.359033e-01
4.448000e-01	2.344864e-01
4.448256e-01	2.328959e-01
4.448512e-01	2.313836e-01
4.448768e-01	2.296887e-01
4.449024e-01	2.277830e-01
4.449280e-01	2.261006e-01
4.449536e-01	2.242931e-01
4.449792e-01	2.222967e-01
4.450048e-01	2.201943e-01
4.450304e-01	2.181780e-01
4.450560e-01	2.159603e-01
4.450816e-01	2.137727e-01
4.451072e-01	2.115408e-01
4.451328e-01	2.089948e-01
4.451584e-01	2.066602e-01
4.451840e-01	2.040642e-01
4.452096e-01	2.016250e-01
4.452352e-01	1.989034e-01
4.452608e-01	1.962250e-01
4.452864e-01	1.934664e-01
4.453120e-01	1.905576e-01
4.453376e-01	1.878254e-01
4.453632e-01	1.847333e-01
4.453888e-01	1.817280e-01
4.454144e-01	1.787387e-01
4.454400e-01	1.755192e-01
4.454656e-01	1.724635e-01
4.454912e-01	1.691336e-01
4.455168e-01	1.657754e-01
4.455424e-01	1.623725e-01
4.455680e-01	1.590628e-01
4.455936e-01	1.557087e-01
4.456192e-01	1.521288e-01
4.456448e-01	1.485564e-01
4.456704e-01	1.448477e-01
4.456960e-01	1.412719e-01
4.457216e-01	1.375676e-01
4.457472e-01	1.336937e-01
4.457728e-01	1.299675e-01
4.457984e-01	1.260353e-01
4.458240e-01	1.222031e-01
4.458496e-01	1.181110e-01
4.458752e-01	1.141901e-01
4.459008e-01	1.102493e-01
4.459264e-01	1.060390e-01
4.459520e-01	1.019795e-01
4.459776e-01	9.775971e-02
4.460032e-01	9.359481e-02
4.460288e-01	8.933140e-02
4.460544e-01	8.505049e-02
4.460800e-01	8.086244e-02
4.461056e-01	7.637458e-02
4.461312e-01	7.207114e-02
4.461568e-01	6.759820e-02
4.461824e-01	6.317689e-02
4.462080e-01	5.874860e-02
4.462336e-01	5.419497e-02
4.462592e-01	4.966607e-02
4.462848e-01	4.512393e-02
4.463104e-01	4.066230e-02
4.463360e-01	3.603478e-02
4.463616e-01	3.145494e-02
4.463872e-01	2.682755e-02
4.464128e-01	2.205935e-02
4.464384e-01	1.744505e-02
4.464640e-01	1.273294e-02
4.464896e-01	8.098928e-03
4.465152e-01	3.213724e-03
4.465408e-01	-1.445552e-03
4.465664e-01	-6.325886e-03
4.465920e-01	-1.093474e-02
4.466176e-01	-1.567202e-02
4.466432e-01	-2.069678e-02
4.466688e-01	-2.537078e-02
4.466944e-01	-3.013062e-02
4.467200e-01	-3.492970e-02
4.467456e-01	-3.969783e-02
4.467712e-01	-4.450525e-02
4.467968e-01	-4.935637e-02
4.468224e-01	-5.421185e-02
4.468480e-01	-5.909624e-02
4.468736e-01	-6.369599e-02
4.468992e-01	-6.855951e-02
4.469248e-01	-7.340715e-02
4.469504e-01	-7.813498e-02
4.469760e-01	-8.303741e-02
4.470016e-01	-8.777723e-02
4.470272e-01	-9.260383e-02
4.470528e-01	-9.715805e-02
4.470784e-01	-1.020256e-01
4.471040e-01	-1.067534e-01
4.471296e-01	-1.114813e-01
4.471552e-01	-1.161470e-01
4.471808e-01	-1.207967e-01
4.472064e-01	-1.255570e-01
4.472320e-01	-1.300463e-01
4.472576e-01	-1.347393e-01
4.472832e-01	-1.393657e-01
4.473088e-01	-1.438184e-01
4.473344e-01	-1.485269e-01
4.473600e-01	-1.530146e-01
4.473856e-01	-1.575377e-01
4.474112e-01	-1.620048e-01
4.474368e-01	-1.663599e-01
4.474624e-01	-1.707652e-01
4.474880e-01	-1.752500e-01
4.475136e-01	-1.796557e-01
4.475392e-01	-1.838114e-01
4.475648e-01	-1.880976e-01
4.475904e-01	-1.923905e-01
4.476160e-01	-1.965259e-01
4.476416e-01	-2.007796e-01
4.476672e-01	-2.049087e-01
4.476928e-01	-2.090647e-01
4.477184e-01	-2.130307e-01
4.477440e-01	-2.169535e-01
4.477696e-01	-2.209457e-01
4.477952e-01	-2.250037e-01
4.478208e-01	-2.286932e-01
4.478464e-01	-2.326092e-01
4.478720e-01	-2.364253e-01
4.478976e-01	-2.402230e-01
4.479232e-01	-2.438317e-01
4.479488e-01	-2.473824e-01
4.479744e-01	-2.510713e-01
4.480000e-01	-2.545066e-01
4.480256e-01	-2.580040e-01
4.480512e-01	-2.614383e-01
4.480768e-01	-2.648781e-01
4.481024e-01	-2.680879e-01
4.481280e-01	-2.713237e-01
4.481536e-01	-2.745954e-01
4.481792e-01	-2.776636e-01
4.482048e-01	-2.809035e-01
4.482304e-01	-2.838724e-01
4.482560e-01	-2.868439e-01
4.482816e-01	-2.897168e-01
4.483072e-01	-2.924565e-01
4.483328e-01	-2.952214e-01
4.483584e-01	-2.979979e-01
4.483840e-01	-3.005393e-01
4.484096e-01	-3.031734e-01
4.484352e-01	-3.057597e-01
4.484608e-01	-3.081008e-01
4.484864e-01	-3.104143e-01
4.485120e-01	-3.126928e-01
4.485376e-01	-3.150802e-01
4.485632e-01	-3.172794e-01
4.485888e-01	-3.193405e-01
4.486144e-01	-3.212957e-01
4.486400e-01	-3.233317e-01
4.486656e-01	-3.252323e-01
4.486912e-01	-3.270201e-01
4.487168e-01	-3.288632e-01
4.487424e-01	-3.303715e-01
4.487680e-01	-3.321152e-01
4.487936e-01	-3.335923e-01
4.488192e-01	-3.350131e-01
4.488448e-01	-3.365338e-01
4.488704e-01	-3.377928e-01
4.488960e-01	-3.390651e-01
4.489216e-01	-3.400931e-01
4.489472e-01	-3.412004e-01
4.489728e-01	-3.423300e-01
4.489984e-01	-3.431559e-01
4.490240e-01	-3.439639e-01
4.490496e-01	-3.447030e-01
4.490752e-01	-3.454720e-01
4.491008e-01	-3.462567e-01
4.491264e-01	-3.466991e-01
4.491520e-01	-3.471203e-01
4.491776e-01	-3.475477e-01
4.492032e-01	-3.478904e-01
4.492288e-01	-3.482013e-01
4.492544e-01	-3.481964e-01
4.492800e-01	-3.484460e-01
4.493056e-01	-3.484640e-01
4.493312e-01	-3.483306e-01
4.493568e-01	-3.481384e-01
4.493824e-01	-3.479269e-01
4.494080e-01	-3.477207e-01
4.494336e-01	-3.472121e-01
4.494592e-01	-3.467892e-01
4.494848e-01	-3.462783e-01
4.495104e-01	-3.455844e-01
4.495360e-01	-3.450049e-01
4.495616e-01	-3.441215e-01
4.495872e-01	-3.432832e-01
4.496128e-01	-3.424432e-01
4.496384e-01	-3.414526e-01
4.496640e-01	-3.404487e-01
4.496896e-01	-3.392212e-01
4.497152e-01	-3.379140e-01
4.497408e-01	-3.367074e-01
4.497664e-01	-3.352800e-01
4.497920e-01	-3.339323e-01
4.498176e-01	-3.323606e-01
4.498432e-01	-3.307772e-01
4.498688e-01	-3.291285e-01
4.498944e-01	-3.273887e-01
4.499200e-01	-3.256154e-01
4.499456e-01	-3.237131e-01
4.499712e-01	-3.217931e-01
4.499968e-01	-3.197620e-01
4.500224e-01	-3.176039e-01
4.500480e-01	-3.155130e-01
4.500736e-01	-3.132446e-01
4.500992e-01	-3.109384e-01
4.501248e-01	-3.085465e-01
4.501504e-01	-3.061300e-01
4.501760e-01	-3.036440e-01
4.502016e-01	-3.010337e-01
4.502272e-01	-2.984924e-01
4.502528e-01	-2.958248e-01
4.502784e-01	-2.930286e-01
4.503040e-01	-2.903450e-01
4.503296e-01	-2.872850e-01
4.503552e-01	-2.843403e-01
4.503808e-01	-2.813918e-01
4.504064e-01	-2.783281e-01
4.504320e-01	-2.752188e-01
4.504576e-01	-2.721423e-01
4.504832e-01	-2.687955e-01
4.505088e-01	-2.654560e-01
4.505344e-01	-2.622033e-01
4.505600e-01	-2.586919e-01
4.505856e-01	-2.553105e-01
4.506112e-01	-2.516690e-01
4.506368e-01	-2.481755e-01
4.506624e-01	-2.446104e-01
4.506880e-01	-2.407522e-01
4.507136e-01	-2.373151e-01
4.507392e-01	-2.333061e-01
4.507648e-01	-2.295774e-01
4.507904e-01	-2.257088e-01
4.508160e-01	-2.218371e-01
4.508416e-01	-2.178867e-01
4.508672e-01	-2.136516e-01
4.508928e-01	-2.097987e-01
4.509184e-01	-2.056426e-01
4.509440e-01	-2.015509e-01
4.509696e-01	-1.974174e-01
4.509952e-01	-1.932221e-01
4.510208e-01	-1.889522e-01
4.510464e-01	-1.846316e-01
4.510720e-01	-1.804382e-01
4.510976e-01	-1.760153e-01
4.511232e-01	-1.716668e-01
4.511488e-01	-1.672188e-01
4.511744e-01	-1.627774e-01
4.512000e-01	-1.582321e-01
4.512256e-01	-1.539147e-01
4.512512e-01	-1.493323e-01
4.512768e-01	-1.447444e-01
4.513024e-01	-1.402513e-01
4.513280e-01	-1.355660e-01
4.513536e-01	-1.309109e-01
4.513792e-01	-1.263256e-01
4.514048e-01	-1.216895e-01
4.514304e-01	-1.169691e-01
4.514560e-01	-1.122906e-01
4.514816e-01	-1.076389e-01
4.515072e-01	-1.028963e-01
4.515328e-01	-9.815239e-02
4.515584e-01	-9.329889e-02
4.515840e-01	-8.858965e-02
4.516096e-01	-8.381236e-02
4.516352e-01	-7.894079e-02
4.516608e-01	-7.420584e-02
4.516864e-01	-6.945783e-02
4.517120e-01	-6.466327e-02
4.517376e-01	-5.983930e-02
4.517632e-01	-5.495554e-02
4.517888e-01	-5.021581e-02
4.518144e-01	-4.540956e-02
4.518400e-01	-4.071147e-02
4.518656e-01	-3.579499e-02
4.518912e-01	-3.104476e-02
4.519168e-01	-2.625199e-02
4.519424e-01	-2.135631e-02
4.519680e-01	-1.659900e-02
4.519936e-01	-1.171890e-02
4.520192e-01	-7.028256e-03
4.520448e-01	-2.244757e-03
4.520704e-01	2.602600e-03
4.520960e-01	7.236748e-03
4.521216e-01	1.192879e-02
4.521472e-01	1.668303e-02
4.521728e-01	2.137597e-02
4.521984e-01	2.595238e-02
4.522240e-01	3.060119e-02
4.522496e-01	3.522314e-02
4.522752e-01	3.979881e-02
4.523008e-01	4.446627e-02
4.523264e-01	4.906808e-02
4.523520e-01	5.352766e-02
4.523776e-01	5.805286e-02
4.524032e-01	6.241935e-02
4.524288e-01	6.689077e-02
4.524544e-01	7.135856e-02
4.524800e-01	7.567440e-02
4.525056e-01	7.998043e-02
4.525312e-01	8.433228e-02
4.525568e-01	8.867028e-02
4.525824e-01	9.289657e-02
4.526080e-01	9.711287e-02
4.526336e-01	1.013771e-01
4.526592e-01	1.055345e-01
4.526848e-01	1.096194e-01
4.527104e-01	1.135241e-01
4.527360e-01	1.176272e-01
4.527616e-01	1.215713e-01
4.527872e-01	1.254498e-01
4.528128e-01	1.293741e-01
4.528384e-01	1.331556e-01
4.528640e-01	1.369855e-01
4.528896e-01	1.407296e-01
4.529152e-01	1.444629e-01
4.529408e-01	1.480180e-01
4.529664e-01	1.515554e-01
4.529920e-01	1.551127e-01
4.530176e-01	1.586027e-01
4.530432e-01	1.620704e-01
4.530688e-01	1.652927e-01
4.530944e-01	1.687426e-01
4.531200e-01	1.719189e-01
4.531456e-01	1.750853e-01
4.531712e-01	1.782572e-01
4.531968e-01	1.813094e-01
4.532224e-01	1.842721e-01
4.532480e-01	1.872887e-01
4.532736e-01	1.902363e-01
4.532992e-01	1.930082e-01
4.533248e-01	1.958341e-01
4.533504e-01	1.986062e-01
4.533760e-01	2.011548e-01
4.534016e-01	2.037664e-01
4.534272e-01	2.063482e-01
4.534528e-01	2.087016e-01
4.534784e-01	2.110675e-01
4.535040e-01	2.136478e-01
4.535296e-01	2.156951e-01
4.535552e-01	2.177485e-01
4.535808e-01	2.200268e-01
4.536064e-01	2.219473e-01
4.536320e-01	2.239262e-01
4.536576e-01	2.259339e-01
4.536832e-01	2.276250e-01
4.537088e-01	2.294093e-01
4.537344e-01	2.310571e-01
4.537600e-01	2.327598e-01
4.537856e-01	2.342557e-01
4.538112e-01	2.355923e-01
4.538368e-01	2.370398e-01
4.538624e-01	2.383696e-01
4.538880e-01	2.395965e-01
4.539136e-01	2.407373e-01
4.539392e-01	2.417706e-01
4.539648e-01	2.428229e-01
4.539904e-01	2.437531e-01
4.540160e-01	2.446121e-01
4.540416e-01	2.454406e-01
4.540672e-01	2.461328e-01
4.540928e-01	2.468167e-01
4.541184e-01	2.474716e-01
4.541440e-01	2.477680e-01
4.541696e-01	2.482248e-01
4.541952e-01	2.484288e-01
4.542208e-01	2.487472e-01
4.542464e-01	2.489443e-01
4.542720e-01	2.490321e-01
4.542976e-01	2.490524e-01
4.543232e-01	2.488828e-01
4.543488e-01	2.487794e-01
4.543744e-01	2.485751e-01
4.544000e-01	2.482625e-01
4.544256e-01	2.478800e-01
4.544512e-01	2.473774e-01
4.544768e-01	2.468587e-01
4.545024e-01	2.463096e-01
4.545280e-01	2.456379e-01
4.545536e-01	2.448401e-01
4.545792e-01	2.440502e-01
4.546048e-01	2.430524e-01
4.546304e-01	2.420362e-01
4.546560e-01	2.410531e-01
4.546816e-01	2.399375e-01
4.547072e-01	2.386896e-01
4.547328e-01	2.374142e-01
4.547584e-01	2.360697e-01
4.547840e-01	2.345536e-01
4.548096e-01	2.330155e-01
4.548352e-01	2.315782e-01
4.548608e-01	2.298279e-01
4.548864e-01	2.281927e-01
4.549120e-01	2.262898e-01
4.549376e-01	2.245144e-01
4.549632e-01	2.225262e-01
4.549888e-01	2.204074e-01
4.550144e-01	2.184235e-01
4.550400e-01	2.160227e-01
4.550656e-01	2.139381e-01
4.550912e-01	2.117322e-01
4.551168e-01	2.094218e-01
4.551424e-01	2.069861e-01
4.551680e-01	2.043966e-01
4.551936e-01	2.018513e-01
4.552192e-01	1.992438e-01
4.552448e-01	1.965971e-01
4.552704e-01	1.937897e-01
4.552960e-01	1.910402e-01
4.553216e-01	1.881010e-01
4.553472e-01	1.851142e-01
4.553728e-01	1.821017e-01
4.553984e-01	1.791565e-01
4.554240e-01	1.759159e-01
4.554496e-01	1.727040e-01
4.554752e-01	1.695036e-01
4.555008e-01	1.662993e-01
4.555264e-01	1.629378e-01
4.555520e-01	1.594872e-01
4.555776e-01	1.560556e-01
4.556032e-01	1.525103e-01
4.556288e-01	1.489589e-01
4.556544e-01	1.452347e-01
4.556800e-01	1.415719e-01
4.557056e-01	1.380795e-01
4.557312e-01	1.341373e-01
4.557568e-01	1.303200e-01
4.557824e-01	1.265174e-01
4.558080e-01	1.226589e-01
4.558336e-01	1.185666e-01
4.558592e-01	1.146106e-01
4.558848e-01	1.105173e-01
4.559104e-01	1.064628e-01
4.559360e-01	1.024137e-01
4.559616e-01	9.821960e-02
4.559872e-01	9.410002e-02
4.560128e-01	8.971784e-02
4.560384e-01	8.548070e-02
4.560640e-01	8.112120e-02
4.560896e-01	7.687557e-02
4.561152e-01	7.252371e-02
4.561408e-01	6.803146e-02
4.561664e-01	6.360879e-02
4.561920e-01	5.914395e-02
4.562176e-01	5.481949e-02
4.562432e-01	5.012219e-02
4.562688e-01	4.559966e-02
4.562944e-01	4.100939e-02
4.563200e-01	3.648616e-02
4.563456e-01	3.181156e-02
4.563712e-01	2.710344e-02
4.563968e-01	2.257155e-02
4.564224e-01	1.789122e-02
4.564480e-01	1.325050e-02
4.564736e-01	8.419463e-03
4.564992e-01	3.661592e-03
4.565248e-01	-9.655633e-04
4.565504e-01	-5.769699e-03
4.565760e-01	-1.053584e-02
4.566016e-01	-1.539995e-02
4.566272e-01	-1.992322e-02
4.566528e-01	-2.471638e-02
4.566784e-01	-2.969457e-02
4.567040e-01	-3.437259e-02
4.567296e-01	-3.924045e-02
4.567552e-01	-4.404294e-02
4.567808e-01	-4.892872e-02
4.568064e-01	-5.376918e-02
4.568320e-01	-5.852675e-02
4.568576e-01	-6.333674e-02
4.568832e-01	-6.804589e-02
4.569088e-01	-7.294190e-02
4.569344e-01	-7.772188e-02
4.569600e-01	-8.249548e-02
4.569856e-01	-8.725902e-02
4.570112e-01	-9.202436e-02
4.570368e-01	-9.689265e-02
4.570624e-01	-1.015451e-01
4.570880e-01	-1.061438e-01
4.571136e-01	-1.110345e-01
4.571392e-01	-1.156709e-01
4.571648e-01	-1.202591e-01
4.571904e-01	-1.250798e-01
4.572160e-01	-1.297276e-01
4.572416e-01	-1.341804e-01
4.572672e-01	-1.389874e-01
4.572928e-01	-1.435080e-01
4.573184e-01	-1.481019e-01
4.573440e-01	-1.526098e-01
4.573696e-01	-1.569818e-01
4.573952e-01	-1.615241e-01
4.574208e-01	-1.659220e-01
4.574464e-01	-1.704584e-01
4.574720e-01	-1.747293e-01
4.574976e-01	-1.790320e-01
4.575232e-01	-1.835230e-01
4.575488e-01	-1.876144e-01
4.575744e-01	-1.918959e-01
4.576000e-01	-1.962346e-01
4.576256e-01	-2.003118e-01
4.576512e-01	-2.045510e-01
4.576768e-01	-2.085937e-01
4.577024e-01	-2.125479e-01
4.577280e-01	-2.166503e-01
4.577536e-01	-2.206105e-01
4.577792e-01	-2.245419e-01
4.578048e-01	-2.284123e-01
4.578304e-01	-2.322716e-01
4.578560e-01	-2.360045e-01
4.578816e-01	-2.398822e-01
4.579072e-01	-2.434786e-01
4.579328e-01	-2.470662e-01
4.579584e-01	-2.506925e-01
4.579840e-01	-2.542534e-01
4.580096e-01	-2.576873e-01
4.580352e-01	-2.611266e-01
4.580608e-01	-2.645353e-01
4.580864e-01	-2.677934e-01
4.581120e-01	-2.710902e-01
4.581376e-01	-2.742298e-01
4.581632e-01	-2.773350e-01
4.581888e-01	-2.804691e-01
4.582144e-01	-2.834553e-01
4.582400e-01	-2.864278e-01
4.582656e-01	-2.892817e-01
4.582912e-01	-2.922187e-01
4.583168e-01	-2.949814e-01
4.583424e-01	-2.977616e-01
4.583680e-01	-3.002904e-01
4.583936e-01	-3.028669e-01
4.584192e-01	-3.054552e-01
4.584448e-01	-3.078101e-01
4.584704e-01	-3.102231e-01
4.584960e-01	-3.125269e-01
4.585216e-01	-3.148112e-01
4.585472e-01	-3.169996e-01
4.585728e-01	-3.190722e-01
4.585984e-01	-3.210734e-01
4.586240e-01	-3.230312e-01
4.586496e-01	-3.250819e-01
4.586752e-01	-3.267708e-01
4.587008e-01	-3.285754e-01
4.587264e-01	-3.302563e-01
4.587520e-01	-3.318757e-01
4.587776e-01	-3.335616e-01
4.588032e-01	-3.348574e-01
4.588288e-01	-3.362741e-01
4.588544e-01	-3.376257e-01
4.588800e-01	-3.388002e-01
4.589056e-01	-3.399867e-01
4.589312e-01	-3.410934e-01
4.589568e-01	-3.422276e-01
4.589824e-01	-3.429469e-01
4.590080e-01	-3.438753e-01
4.590336e-01	-3.447203e-01
4.590592e-01	-3.453999e-01
4.590848e-01	-3.461160e-01
4.591104e-01	-3.465255e-01
4.591360e-01	-3.471081e-01
4.591616e-01	-3.474489e-01
4.591872e-01	-3.477490e-01
4.592128e-01	-3.481584e-01
4.592384e-01	-3.481950e-01
4.592640e-01	-3.483442e-01
4.592896e-01	-3.483251e-01
4.593152e-01	-3.482715e-01
4.593408e-01	-3.480793e-01
4.593664e-01	-3.479787e-01
4.593920e-01	-3.475454e-01
4.594176e-01	-3.470787e-01
4.594432e-01	-3.466857e-01
4.594688e-01	-3.463300e-01
4.594944e-01	-3.458054e-01
4.595200e-01	-3.449469e-01
4.595456e-01	-3.441663e-01
4.595712e-01	-3.434458e-01
4.595968e-01	-3.424955e-01
4.596224e-01	-3.415505e-01
4.596480e-01	-3.405061e-01
4.596736e-01	-3.393141e-01
4.596992e-01	-3.381736e-01
4.597248e-01	-3.367752e-01
4.597504e-01	-3.355106e-01
4.597760e-01	-3.340691e-01
4.598016e-01	-3.325382e-01
4.598272e-01	-3.309994e-01
4.598528e-01	-3.292980e-01
4.598784e-01	-3.275803e-01
4.599040e-01	-3.257321e-01
4.599296e-01	-3.239637e-01
4.599552e-01	-3.220358e-01
4.599808e-01	-3.199532e-01
4.600064e-01	-3.177938e-01
4.600320e-01	-3.156905e-01
4.600576e-01	-3.133899e-01
4.600832e-01	-3.112212e-01
4.601088e-01	-3.089457e-01
4.601344e-01	-3.064229e-01
4.601600e-01	-3.039256e-01
4.601856e-01	-3.013121e-01
4.602112e-01	-2.986181e-01
4.602368e-01	-2.960435e-01
4.602624e-01	-2.933392e-01
4.602880e-01	-2.905100e-01
4.603136e-01	-2.875609e-01
4.603392e-01	-2.847182e-01
4.603648e-01	-2.816751e-01
4.603904e-01	-2.786780e-01
4.604160e-01	-2.755924e-01
4.604416e-01	-2.723137e-01
4.604672e-01	-2.690597e-01
4.604928e-01	-2.657357e-01
4.605184e-01	-2.624275e-01
4.605440e-01	-2.590020e-01
4.605696e-01	-2.555800e-01
4.605952e-01	-2.519686e-01
4.606208e-01	-2.483910e-01
4.606464e-01	-2.448794e-01
4.606720e-01	-2.411706e-01
4.606976e-01	-2.375354e-01
4.607232e-01	-2.336406e-01
4.607488e-01	-2.299038e-01
4.607744e-01	-2.260548e-01
4.608000e-01	-2.222446e-01
4.608256e-01	-2.182926e-01
4.608512e-01	-2.141996e-01
4.608768e-01	-2.100697e-01
4.609024e-01	-2.060480e-01
4.609280e-01	-2.019854e-01
4.609536e-01	-1.977317e-01
4.609792e-01	-1.935624e-01
4.610048e-01	-1.893261e-01
4.610304e-01	-1.850795e-01
4.610560e-01	-1.807142e-01
4.610816e-01	-1.763995e-01
4.611072e-01	-1.720423e-01
4.611328e-01	-1.676472e-01
4.611584e-01	-1.632620e-01
4.611840e-01	-1.587205e-01
4.612096e-01	-1.543462e-01
4.612352e-01	-1.497304e-01
4.612608e-01	-1.451754e-01
4.612864e-01	-1.405811e-01
4.613120e-01	-1.360005e-01
4.613376e-01	-1.313997e-01
4.613632e-01	-1.268225e-01
4.613888e-01	-1.220870e-01
4.614144e-01	-1.174906e-01
4.614400e-01	-1.127768e-01
4.614656e-01	-1.080551e-01
4.614912e-01	-1.033223e-01
4.615168e-01	-9.846224e-02
4.615424e-01	-9.379672e-02
4.615680e-01	-8.900118e-02
4.615936e-01	-8.424369e-02
4.616192e-01	-7.944343e-02
4.616448e-01	-7.455237e-02
4.616704e-01	-6.993500e-02
4.616960e-01	-6.514025e-02
4.617216e-01	-6.033959e-02
4.617472e-01	-5.543993e-02
4.617728e-01	-5.056671e-02
4.617984e-01	-4.581032e-02
4.618240e-01	-4.100391e-02
4.618496e-01	-3.621133e-02
4.618752e-01	-3.145403e-02
4.619008e-01	-2.667931e-02
4.619264e-01	-2.182309e-02
4.619520e-01	-1.701627e-02
4.619776e-01	-1.224447e-02
4.620032e-01	-7.482910e-03
4.620288e-01	-2.748255e-03
4.620544e-01	2.000445e-03
4.620800e-01	6.728848e-03
4.621056e-01	1.146573e-02
4.621312e-01	1.615147e-02
4.621568e-01	2.082098e-02
4.621824e-01	2.559573e-02
4.622080e-01	3.017465e-02
4.622336e-01	3.473201e-02
4.622592e-01	3.951293e-02
4.622848e-01	4.389873e-02
4.623104e-01	4.853036e-02
4.623360e-01	5.305392e-02
4.623616e-01	5.754872e-02
4.623872e-01	6.205710e-02
4.624128e-01	6.650162e-02
4.624384e-01	7.086554e-02
4.624640e-01	7.525223e-02
4.624896e-01	7.968298e-02
4.625152e-01	8.396336e-02
4.625408e-01	8.829429e-02
4.625664e-01	9.256352e-02
4.625920e-01	9.673397e-02
4.626176e-01	1.008707e-01
4.626432e-01	1.048616e-01
4.626688e-01	1.091640e-01
4.626944e-01	1.133521e-01
4.627200e-01	1.172009e-01
4.627456e-01	1.210804e-01
4.627712e-01	1.250934e-01
4.627968e-01	1.290780e-01
4.628224e-01	1.328978e-01
4.628480e-01	1.364712e-01
4.628736e-01	1.404545e-01
4.628992e-01	1.440287e-01
4.629248e-01	1.476020e-01
4.629504e-01	1.513581e-01
4.629760e-01	1.547619e-01
4.630016e-01	1.581330e-01
4.630272e-01	1.617875e-01
4.630528e-01	1.651550e-01
4.630784e-01	1.683997e-01
4.631040e-01	1.715769e-01
4.631296e-01	1.748175e-01
4.631552e-01	1.780950e-01
4.631808e-01	1.809291e-01
4.632064e-01	1.841056e-01
4.632320e-01	1.870518e-01
4.632576e-01	1.900433e-01
4.632832e-01	1.928435e-01
4.633088e-01	1.955292e-01
4.633344e-01	1.983938e-01
4.633600e-01	2.009116e-01
4.633856e-01	2.035549e-01
4.634112e-01	2.059917e-01
4.634368e-01	2.085029e-01
4.634624e-01	2.108834e-01
4.634880e-01	2.131396e-01
4.635136e-01	2.154551e-01
4.635392e-01	2.176112e-01
4.635648e-01	2.197714e-01
4.635904e-01	2.218331e-01
4.636160e-01	2.238008e-01
4.636416e-01	2.257117e-01
4.636672e-01	2.274385e-01
4.636928e-01	2.292820e-01
4.637184e-01	2.310236e-01
4.637440e-01	2.326296e-01
4.637696e-01	2.341263e-01
4.637952e-01	2.355801e-01
4.638208e-01	2.369396e-01
4.638464e-01	2.382636e-01
4.638720e-01	2.394487e-01
4.638976e-01	2.406731e-01
4.639232e-01	2.417828e-01
4.639488e-01	2.428347e-01
4.639744e-01	2.437431e-01
4.640000e-01	2.445222e-01
4.640256e-01	2.453127e-01
4.640512e-01	2.461552e-01
4.640768e-01	2.467774e-01
4.641024e-01	2.472409e-01
4.641280e-01	2.477354e-01
4.641536e-01	2.480859e-01
4.641792e-01	2.484618e-01
4.642048e-01	2.487609e-01
4.642304e-01	2.489562e-01
4.642560e-01	2.490410e-01
4.642816e-01	2.489598e-01
4.643072e-01	2.490291e-01
4.643328e-01	2.487304e-01
4.643584e-01	2.485825e-01
4.643840e-01	2.482842e-01
4.644096e-01	2.479431e-01
4.644352e-01	2.475205e-01
4.644608e-01	2.468977e-01
4.644864e-01	2.463844e-01
4.645120e-01	2.455795e-01
4.645376e-01	2.449381e-01
4.645632e-01	2.441443e-01
4.645888e-01	2.431546e-01
4.646144e-01	2.422311e-01
4.646400e-01	2.410584e-01
4.646656e-01	2.401087e-01
4.646912e-01	2.388354e-01
4.647168e-01	2.375876e-01
4.647424e-01	2.360978e-01
4.647680e-01	2.346498e-01
4.647936e-01	2.332029e-01
4.648192e-01	2.316318e-01
4.648448e-01	2.299797e-01
4.648704e-01	2.282585e-01
4.648960e-01	2.264656e-01
4.649216e-01	2.245066e-01
4.649472e-01	2.226775e-01
4.649728e-01	2.206345e-01
4.649984e-01	2.186178e-01
4.650240e-01	2.163860e-01
4.650496e-01	2.142327e-01
4.650752e-01	2.119899e-01
4.651008e-01	2.094564e-01
4.651264e-01	2.072090e-01
4.651520e-01	2.046087e-01
4.651776e-01	2.021629e-01
4.652032e-01	1.994673e-01
4.652288e-01	1.967154e-01
4.652544e-01	1.939146e-01
4.652800e-01	1.912050e-01
4.653056e-01	1.884329e-01
4.653312e-01	1.853999e-01
4.653568e-01	1.823597e-01
4.653824e-01	1.793944e-01
4.654080e-01	1.762755e-01
4.654336e-01	1.730115e-01
4.654592e-01	1.697998e-01
4.654848e-01	1.664490e-01
4.655104e-01	1.631847e-01
4.655360e-01	1.598249e-01
4.655616e-01	1.562852e-01
4.655872e-01	1.528178e-01
4.656128e-01	1.492154e-01
4.656384e-01	1.456815e-01
4.656640e-01	1.419655e-01
4.656896e-01	1.382108e-01
4.657152e-01	1.345568e-01
4.657408e-01	1.306784e-01
4.657664e-01	1.267413e-01
4.657920e-01	1.228670e-01
4.658176e-01	1.188829e-01
4.658432e-01	1.150296e-01
4.658688e-01	1.109390e-01
4.658944e-01	1.068570e-01
4.659200e-01	1.027285e-01
4.659456e-01	9.857431e-02
4.659712e-01	9.434923e-02
4.659968e-01	9.012010e-02
4.660224e-01	8.588471e-02
4.660480e-01	8.159025e-02
4.660736e-01	7.716665e-02
4.660992e-01	7.291111e-02
4.661248e-01	6.852906e-02
4.661504e-01	6.395754e-02
4.661760e-01	5.963330e-02
4.662016e-01	5.511001e-02
4.662272e-01	5.051731e-02
4.662528e-01	4.601689e-02
4.662784e-01	4.145075e-02
4.663040e-01	3.694670e-02
4.663296e-01	3.212312e-02
4.663552e-01	2.758535e-02
4.663808e-01	2.290864e-02
4.664064e-01	1.829474e-02
4.664320e-01	1.354342e-02
4.664576e-01	8.870570e-03
4.664832e-01	4.179935e-03
4.665088e-01	-5.465175e-04
4.665344e-01	-5.322375e-03
4.665600e-01	-1.003085e-02
4.665856e-01	-1.485354e-02
4.666112e-01	-1.971411e-02
4.666368e-01	-2.441514e-02
4.666624e-01	-2.942815e-02
4.666880e-01	-3.399683e-02
4.667136e-01	-3.878925e-02
4.667392e-01	-4.370870e-02
4.667648e-01	-4.843318e-02
4.667904e-01	-5.324701e-02
4.668160e-01	-5.808735e-02
4.668416e-01	-6.292189e-02
4.668672e-01	-6.765196e-02
4.668928e-01	-7.250396e-02
4.669184e-01	-7.725187e-02
4.669440e-01	-8.214372e-02
4.669696e-01	-8.678802e-02
4.669952e-01	-9.155030e-02
4.670208e-01	-9.639771e-02
4.670464e-01	-1.011990e-01
4.670720e-01	-1.058763e-01
4.670976e-01	-1.105297e-01
4.671232e-01	-1.152468e-01
4.671488e-01	-1.199099e-01
4.671744e-01	-1.246269e-01
4.672000e-01	-1.291962e-01
4.672256e-01	-1.338369e-01
4.672512e-01	-1.385646e-01
4.672768e-01	-1.431200e-01
4.673024e-01	-1.475981e-01
4.673280e-01	-1.520942e-01
4.673536e-01	-1.567139e-01
4.673792e-01	-1.611974e-01
4.674048e-01	-1.655625e-01
4.674304e-01	-1.699469e-01
4.674560e-01	-1.743858e-01
4.674816e-01	-1.787618e-01
4.675072e-01	-1.830032e-01
4.675328e-01	-1.873108e-01
4.675584e-01	-1.916682e-01
4.675840e-01	-1.957874e-01
4.676096e-01	-2.000756e-01
4.676352e-01	-2.040452e-01
4.676608e-01	-2.082375e-01
4.676864e-01	-2.122626e-01
4.677120e-01	-2.163137e-01
4.677376e-01	-2.203440e-01
4.677632e-01	-2.241126e-01
4.677888e-01	-2.281503e-01
4.678144e-01	-2.319638e-01
4.678400e-01	-2.356068e-01
4.678656e-01	-2.393553e-01
4.678912e-01	-2.431568e-01
4.679168e-01	-2.468289e-01
4.679424e-01	-2.504098e-01
4.679680e-01	-2.538565e-01
4.679936e-01	-2.573009e-01
4.680192e-01	-2.608277e-01
4.680448e-01	-2.641892e-01
4.680704e-01	-2.673975e-01
4.680960e-01	-2.707032e-01
4.681216e-01	-2.739509e-01
4.681472e-01	-2.771486e-01
4.681728e-01	-2.802404e-01
4.681984e-01	-2.832208e-01
4.682240e-01	-2.861574e-01
4.682496e-01	-2.890198e-01
4.682752e-01	-2.918824e-01
4.683008e-01	-2.947279e-01
4.683264e-01	-2.974440e-01
4.683520e-01	-3.001031e-01
4.683776e-01	-3.027664e-01
4.684032e-01	-3.051732e-01
4.684288e-01	-3.077412e-01
4.684544e-01	-3.100481e-01
4.684800e-01	-3.124387e-01
4.685056e-01	-3.146826e-01
4.685312e-01	-3.168160e-01
4.685568e-01	-3.189040e-01
4.685824e-01	-3.209303e-01
4.686080e-01	-3.229964e-01
4.686336e-01	-3.248267e-01
4.686592e-01	-3.267617e-01
4.686848e-01	-3.285524e-01
4.687104e-01	-3.301832e-01
4.687360e-01	-3.318553e-01
4.687616e-01	-3.334614e-01
4.687872e-01	-3.349284e-01
4.688128e-01	-3.361822e-01
4.688384e-01	-3.376487e-01
4.688640e-01	-3.388614e-01
4.688896e-01	-3.399786e-01
4.689152e-01	-3.410894e-01
4.689408e-01	-3.421713e-01
4.689664e-01	-3.430279e-01
4.689920e-01	-3.438545e-01
4.690176e-01	-3.448379e-01
4.690432e-01	-3.454489e-01
4.690688e-01	-3.459288e-01
4.690944e-01	-3.466884e-01
4.691200e-01	-3.470237e-01
4.691456e-01	-3.474663e-01
4.691712e-01	-3.478297e-01
4.691968e-01	-3.480998e-01
4.692224e-01	-3.483508e-01
4.692480e-01	-3.484370e-01
4.692736e-01	-3.484005e-01
4.692992e-01	-3.482762e-01
4.693248e-01	-3.482135e-01
4.693504e-01	-3.480077e-01
4.693760e-01	-3.476618e-01
4.694016e-01	-3.473465e-01
4.694272e-01	-3.468322e-01
4.694528e-01	-3.463247e-01
4.694784e-01	-3.457581e-01
4.695040e-01	-3.450532e-01
4.695296e-01	-3.444304e-01
4.695552e-01	-3.435501e-01
4.695808e-01	-3.426266e-01
4.696064e-01	-3.416973e-01
4.696320e-01	-3.405600e-01
4.696576e-01	-3.394597e-01
4.696832e-01	-3.382658e-01
4.697088e-01	-3.369478e-01
4.697344e-01	-3.356518e-01
4.697600e-01	-3.343231e-01
4.697856e-01	-3.326460e-01
4.698112e-01	-3.311332e-01
4.698368e-01	-3.294680e-01
4.698624e-01	-3.278230e-01
4.698880e-01	-3.259461e-01
4.699136e-01	-3.240617e-01
4.699392e-01	-3.221347e-01
4.699648e-01	-3.200613e-01
4.699904e-01	-3.181230e-01
4.700160e-01	-3.159297e-01
4.700416e-01	-3.137257e-01
4.700672e-01	-3.113582e-01
4.700928e-01	-3.090502e-01
4.701184e-01	-3.067029e-01
4.701440e-01	-3.041686e-01
4.701696e-01	-3.015999e-01
4.701952e-01	-2.989792e-01
4.702208e-01	-2.963963e-01
4.702464e-01	-2.935142e-01
4.702720e-01	-2.908463e-01
4.702976e-01	-2.878447e-01
4.703232e-01	-2.849764e-01
4.703488e-01	-2.820016e-01
4.703744e-01	-2.789396e-01
4.704000e-01	-2.758809e-01
4.704256e-01	-2.726090e-01
4.704512e-01	-2.694739e-01
4.704768e-01	-2.660894e-01
4.705024e-01	-2.628399e-01
4.705280e-01	-2.593020e-01
4.705536e-01	-2.559207e-01
4.705792e-01	-2.523785e-01
4.706048e-01	-2.487684e-01
4.706304e-01	-2.453282e-01
4.706560e-01	-2.414635e-01
4.706816e-01	-2.379814e-01
4.707072e-01	-2.339760e-01
4.707328e-01	-2.301479e-01
4.707584e-01	-2.264476e-01
4.707840e-01	-2.224298e-01
4.708096e-01	-2.185701e-01
4.708352e-01	-2.146225e-01
4.708608e-01	-2.105512e-01
4.708864e-01	-2.064904e-01
4.709120e-01	-2.023923e-01
4.709376e-01	-1.983003e-01
4.709632e-01	-1.940769e-01
4.709888e-01	-1.897904e-01
4.710144e-01	-1.855616e-01
4.710400e-01	-1.812253e-01
4.710656e-01	-1.768023e-01
4.710912e-01	-1.724964e-01
4.711168e-01	-1.681037e-01
4.711424e-01	-1.636423e-01
4.711680e-01	-1.591487e-01
4.711936e-01	-1.546138e-01
4.712192e-01	-1.501331e-01
4.712448e-01	-1.456089e-01
4.712704e-01	-1.410284e-01
4.712960e-01	-1.364981e-01
4.713216e-01	-1.318362e-01
4.713472e-01	-1.271819e-01
4.713728e-01	-1.225867e-01
4.713984e-01	-1.178288e-01
4.714240e-01	-1.131673e-01
4.714496e-01	-1.084818e-01
4.714752e-01	-1.037316e-01
4.715008e-01	-9.903091e-02
4.715264e-01	-9.421470e-02
4.715520e-01	-8.951669e-02
4.715776e-01	-8.462320e-02
4.716032e-01	-7.979703e-02
4.716288e-01	-7.514412e-02
4.716544e-01	-7.042173e-02
4.716800e-01	-6.551631e-02
4.717056e-01	-6.078408e-02
4.717312e-01	-5.583967e-02
4.717568e-01	-5.112827e-02
4.717824e-01	-4.637848e-02
4.718080e-01	-4.146000e-02
4.718336e-01	-3.671829e-02
4.718592e-01	-3.183554e-02
4.718848e-01	-2.705559e-02
4.719104e-01	-2.221271e-02
4.719360e-01	-1.749348e-02
4.719616e-01	-1.275000e-02
4.719872e-01	-7.902551e-03
4.720128e-01	-3.250347e-03
4.720384e-01	1.586351e-03
4.720640e-01	6.241181e-03
4.720896e-01	1.102056e-02
4.721152e-01	1.579123e-02
4.721408e-01	2.041890e-02
4.721664e-01	2.502707e-02
4.721920e-01	2.977453e-02
4.722176e-01	3.434569e-02
4.722432e-01	3.887999e-02
4.722688e-01	4.334850e-02
4.722944e-01	4.803630e-02
4.723200e-01	5.253839e-02
4.723456e-01	5.708504e-02
4.723712e-01	6.171163e-02
4.723968e-01	6.593444e-02
4.724224e-01	7.046957e-02
4.724480e-01	7.493117e-02
4.724736e-01	7.922088e-02
4.724992e-01	8.351923e-02
4.725248e-01	8.782335e-02
4.725504e-01	9.203169e-02
4.725760e-01	9.629119e-02
4.726016e-01	1.005101e-01
4.726272e-01	1.046605e-01
4.726528e-01	1.087668e-01
4.726784e-01	1.127406e-01
4.727040e-01	1.168606e-01
4.727296e-01	1.206162e-01
4.727552e-01	1.246590e-01
4.727808e-01	1.285364e-01
4.728064e-01	1.324059e-01
4.728320e-01	1.361773e-01
4.728576e-01	1.398806e-01
4.728832e-01	1.437396e-01
4.729088e-01	1.472126e-01
4.729344e-01	1.509404e-01
4.729600e-01	1.543830e-01
4.729856e-01	1.577967e-01
4.730112e-01	1.612992e-01
4.730368e-01	1.646468e-01
4.730624e-01	1.680336e-01
4.730880e-01	1.712428e-01
4.731136e-01	1.745986e-01
4.731392e-01	1.776518e-01
4.731648e-01	1.806985e-01
4.731904e-01	1.837646e-01
4.732160e-01	1.868051e-01
4.732416e-01	1.897051e-01
4.732672e-01	1.925307e-01
4.732928e-01	1.953065e-01
4.733184e-01	1.980082e-01
4.733440e-01	2.007362e-01
4.733696e-01	2.034712e-01
4.733952e-01	2.058040e-01
4.734208e-01	2.082413e-01
4.734464e-01	2.107291e-01
4.734720e-01	2.129668e-01
4.734976e-01	2.152235e-01
4.735232e-01	2.174050e-01
4.735488e-01	2.195276e-01
4.735744e-01	2.216882e-01
4.736000e-01	2.236021e-01
4.736256e-01	2.254478e-01
4.736512e-01	2.272597e-01
4.736768e-01	2.289897e-01
4.737024e-01	2.307402e-01
4.737280e-01	2.323485e-01
4.737536e-01	2.339072e-01
4.737792e-01	2.354374e-01
4.738048e-01	2.368141e-01
4.738304e-01	2.382113e-01
4.738560e-01	2.394153e-01
4.738816e-01	2.406027e-01
4.739072e-01	2.416480e-01
4.739328e-01	2.426696e-01
4.739584e-01	2.436161e-01
4.739840e-01	2.444567e-01
4.740096e-01	2.453080e-01
4.740352e-01	2.460311e-01
4.740608e-01	2.466309e-01
4.740864e-01	2.473327e-01
4.741120e-01	2.476480e-01
4.741376e-01	2.481106e-01
4.741632e-01	2.484827e-01
4.741888e-01	2.486018e-01
4.742144e-01	2.489111e-01
4.742400e-01	2.490609e-01
4.742656e-01	2.490318e-01
4.742912e-01	2.488718e-01
4.743168e-01	2.487273e-01
4.743424e-01	2.486133e-01
4.743680e-01	2.483675e-01
4.743936e-01	2.480836e-01
4.744192e-01	2.474650e-01
4.744448e-01	2.470004e-01
4.744704e-01	2.464365e-01
4.744960e-01	2.457848e-01
4.745216e-01	2.450452e-01
4.745472e-01	2.441185e-01
4.745728e-01	2.432839e-01
4.745984e-01	2.422509e-01
4.746240e-01	2.411442e-01
4.746496e-01	2.401107e-01
4.746752e-01	2.388987e-01
4.747008e-01	2.376439e-01
4.747264e-01	2.362456e-01
4.747520e-01	2.348629e-01
4.747776e-01	2.333626e-01
4.748032e-01	2.318017e-01
4.748288e-01	2.301135e-01
4.748544e-01	2.283957e-01
4.748800e-01	2.266696e-01
4.749056e-01	2.247555e-01
4.749312e-01	2.227144e-01
4.749568e-01	2.207946e-01
4.749824e-01	2.187130e-01
4.750080e-01	2.166725e-01
4.750336e-01	2.143154e-01
4.750592e-01	2.121072e-01
4.750848e-01	2.097742e-01
4.751104e-01	2.072172e-01
4.751360e-01	2.048706e-01
4.751616e-01	2.022065e-01
4.751872e-01	1.996560e-01
4.752128e-01	1.969447e-01
4.752384e-01	1.942807e-01
4.752640e-01	1.914669e-01
4.752896e-01	1.885238e-01
4.753152e-01	1.857728e-01
4.753408e-01	1.826058e-01
4.753664e-01	1.795023e-01
4.753920e-01	1.764759e-01
4.754176e-01	1.733721e-01
4.754432e-01	1.700826e-01
4.754688e-01	1.667348e-01
4.754944e-01	1.634820e-01
4.755200e-01	1.600620e-01
4.755456e-01	1.565566e-01
4.755712e-01	1.530452e-01
4.755968e-01	1.495039e-01
4.756224e-01	1.461218e-01
4.756480e-01	1.422489e-01
4.756736e-01	1.384854e-01
4.756992e-01	1.348764e-01
4.757248e-01	1.309811e-01
4.757504e-01	1.271474e-01
4.757760e-01	1.232257e-01
4.758016e-01	1.192726e-01
4.758272e-01	1.153092e-01
4.758528e-01	1.112020e-01
4.758784e-01	1.072431e-01
4.759040e-01	1.030669e-01
4.759296e-01	9.894707e-02
4.759552e-01	9.477998e-02
4.759808e-01	9.042189e-02
4.760064e-01	8.630674e-02
4.760320e-01	8.196829e-02
4.760576e-01	7.764151e-02
4.760832e-01	7.334188e-02
4.761088e-01	6.886586e-02
4.761344e-01	6.448092e-02
4.761600e-01	5.986075e-02
4.761856e-01	5.556639e-02
4.762112e-01	5.094285e-02
4.762368e-01	4.638481e-02
4.762624e-01	4.192900e-02
4.762880e-01	3.726963e-02
4.763136e-01	3.269009e-02
4.763392e-01	2.795480e-02
4.763648e-01	2.339525e-02
4.763904e-01	1.872811e-02
4.764160e-01	1.398826e-02
4.764416e-01	9.391280e-03
4.764672e-01	4.639994e-03
4.764928e-01	-1.158750e-04
4.765184e-01	-4.923588e-03
4.765440e-01	-9.643980e-03
4.765696e-01	-1.445930e-02
4.765952e-01	-1.919956e-02
4.766208e-01	-2.401711e-02
4.766464e-01	-2.886691e-02
4.766720e-01	-3.357181e-02
4.766976e-01	-3.847656e-02
4.767232e-01	-4.318456e-02
4.767488e-01	-4.796312e-02
4.767744e-01	-5.289814e-02
4.768000e-01	-5.758888e-02
4.768256e-01	-6.255656e-02
4.768512e-01	-6.727871e-02
4.768768e-01	-7.209584e-02
4.769024e-01	-7.680841e-02
4.769280e-01	-8.159611e-02
4.769536e-01	-8.649990e-02
4.769792e-01	-9.116749e-02
4.770048e-01	-9.597153e-02
4.770304e-01	-1.006454e-01
4.770560e-01	-1.054240e-01
4.770816e-01	-1.101619e-01
4.771072e-01	-1.148146e-01
4.771328e-01	-1.195902e-01
4.771584e-01	-1.241151e-01
4.771840e-01	-1.287587e-01
4.772096e-01	-1.333980e-01
4.772352e-01	-1.380280e-01
4.772608e-01	-1.426220e-01
4.772864e-01	-1.473598e-01
4.773120e-01	-1.516906e-01
4.773376e-01	-1.562780e-01
4.773632e-01	-1.608079e-01
4.773888e-01	-1.650385e-01
4.774144e-01	-1.696039e-01
4.774400e-01	-1.739349e-01
4.774656e-01	-1.782420e-01
4.774912e-01	-1.825900e-01
4.775168e-01	-1.869672e-01
4.775424e-01	-1.912193e-01
4.775680e-01	-1.953372e-01
4.775936e-01	-1.996568e-01
4.776192e-01	-2.038346e-01
4.776448e-01	-2.078910e-01
4.776704e-01	-2.117888e-01
4.776960e-01	-2.159421e-01
4.777216e-01	-2.198887e-01
4.777472e-01	-2.238303e-01
4.777728e-01	-2.278333e-01
4.777984e-01	-2.315605e-01
4.778240e-01	-2.353125e-01
4.778496e-01	-2.390331e-01
4.778752e-01	-2.428373e-01
4.779008e-01	-2.465714e-01
4.779264e-01	-2.499676e-01
4.779520e-01	-2.535369e-01
4.779776e-01	-2.570849e-01
4.780032e-01	-2.604921e-01
4.780288e-01	-2.637762e-01
4.780544e-01	-2.672597e-01
4.780800e-01	-2.704108e-01
4.781056e-01	-2.736496e-01
4.781312e-01	-2.769122e-01
4.781568e-01	-2.799160e-01
4.781824e-01	-2.829932e-01
4.782080e-01	-2.858889e-01
4.782336e-01	-2.887737e-01
4.782592e-01	-2.916953e-01
4.782848e-01	-2.944517e-01
4.783104e-01	-2.971448e-01
4.783360e-01	-2.998472e-01
4.783616e-01	-3.024036e-01
4.783872e-01	-3.049481e-01
4.784128e-01	-3.075181e-01
4.784384e-01	-3.097881e-01
4.784640e-01	-3.121753e-01
4.784896e-01	-3.143886e-01
4.785152e-01	-3.166687e-01
4.785408e-01	-3.188474e-01
4.785664e-01	-3.208458e-01
4.785920e-01	-3.229568e-01
4.786176e-01	-3.247367e-01
4.786432e-01	-3.265294e-01
4.786688e-01	-3.284090e-01
4.786944e-01	-3.299289e-01
4.787200e-01	-3.316743e-01
4.787456e-01	-3.333135e-01
4.787712e-01	-3.346930e-01
4.787968e-01	-3.361029e-01
4.788224e-01	-3.374263e-01
4.788480e-01	-3.386148e-01
4.788736e-01	-3.399149e-01
4.788992e-01	-3.410668e-01
4.789248e-01	-3.419704e-01
4.789504e-01	-3.429265e-01
4.789760e-01	-3.438494e-01
4.790016e-01	-3.445047e-01
4.790272e-01	-3.454017e-01
4.790528e-01	-3.459306e-01
4.790784e-01	-3.465844e-01
4.791040e-01	-3.471564e-01
4.791296e-01	-3.473813e-01
4.791552e-01	-3.478587e-01
4.791808e-01	-3.481379e-01
4.792064e-01	-3.483187e-01
4.792320e-01	-3.483499e-01
4.792576e-01	-3.483068e-01
4.792832e-01	-3.483624e-01
4.793088e-01	-3.482939e-01
4.793344e-01	-3.479576e-01
4.793600e-01	-3.476834e-01
4.793856e-01	-3.474142e-01
4.794112e-01	-3.469268e-01
4.794368e-01	-3.465013e-01
4.794624e-01	-3.457550e-01
4.794880e-01	-3.451907e-01
4.795136e-01	-3.444584e-01
4.795392e-01	-3.435291e-01
4.795648e-01	-3.427619e-01
4.795904e-01	-3.417688e-01
4.796160e-01	-3.406589e-01
4.796416e-01	-3.396773e-01
4.796672e-01	-3.384231e-01
4.796928e-01	-3.371128e-01
4.797184e-01	-3.357851e-01
4.797440e-01	-3.343241e-01
4.797696e-01	-3.328291e-01
4.797952e-01	-3.313956e-01
4.798208e-01	-3.297015e-01
4.798464e-01	-3.278601e-01
4.798720e-01	-3.261555e-01
4.798976e-01	-3.243369e-01
4.799232e-01	-3.223628e-01
4.799488e-01	-3.203128e-01
4.799744e-01	-3.182340e-01
4.800000e-01	-3.160654e-01
4.800256e-01	-3.138830e-01
4.800512e-01	-3.116599e-01
4.800768e-01	-3.092604e-01
4.801024e-01	-3.069248e-01
4.801280e-01	-3.044338e-01
4.801536e-01	-3.018340e-01
4.801792e-01	-2.991940e-01
4.802048e-01	-2.965894e-01
4.802304e-01	-2.937738e-01
4.802560e-01	-2.910084e-01
4.802816e-01	-2.881146e-01
4.803072e-01	-2.852198e-01
4.803328e-01	-2.821409e-01
4.803584e-01	-2.792173e-01
4.803840e-01	-2.761914e-01
4.804096e-01	-2.728574e-01
4.804352e-01	-2.697645e-01
4.804608e-01	-2.663821e-01
4.804864e-01	-2.631240e-01
4.805120e-01	-2.597335e-01
4.805376e-01	-2.561949e-01
4.805632e-01	-2.528450e-01
4.805888e-01	-2.491707e-01
4.806144e-01	-2.455565e-01
4.806400e-01	-2.419535e-01
4.806656e-01	-2.382264e-01
4.806912e-01	-2.344000e-01
4.807168e-01	-2.307076e-01
4.807424e-01	-2.268108e-01
4.807680e-01	-2.229062e-01
4.807936e-01	-2.188864e-01
4.808192e-01	-2.149448e-01
4.808448e-01	-2.110192e-01
4.808704e-01	-2.068876e-01
4.808960e-01	-2.028450e-01
4.809216e-01	-1.986042e-01
4.809472e-01	-1.943988e-01
4.809728e-01	-1.901933e-01
4.809984e-01	-1.860256e-01
4.810240e-01	-1.816458e-01
4.810496e-01	-1.772884e-01
4.810752e-01	-1.729878e-01
4.811008e-01	-1.684851e-01
4.811264e-01	-1.641297e-01
4.811520e-01	-1.595929e-01
4.811776e-01	-1.552995e-01
4.812032e-01	-1.506316e-01
4.812288e-01	-1.460617e-01
4.812544e-01	-1.414930e-01
4.812800e-01	-1.368605e-01
4.813056e-01	-1.323922e-01
4.813312e-01	-1.276034e-01
4.813568e-01	-1.230065e-01
4.813824e-01	-1.183910e-01
4.814080e-01	-1.136246e-01
4.814336e-01	-1.089533e-01
4.814592e-01	-1.042303e-01
4.814848e-01	-9.951494e-02
4.815104e-01	-9.463251e-02
4.815360e-01	-9.003040e-02
4.815616e-01	-8.531904e-02
4.815872e-01	-8.035632e-02
4.816128e-01	-7.562899e-02
4.816384e-01	-7.085605e-02
4.816640e-01	-6.600584e-02
4.816896e-01	-6.123245e-02
4.817152e-01	-5.635174e-02
4.817408e-01	-5.166343e-02
4.817664e-01	-4.682596e-02
4.817920e-01	-4.197027e-02
4.818176e-01	-3.718556e-02
4.818432e-01	-3.252127e-02
4.818688e-01	-2.764400e-02
4.818944e-01	-2.271380e-02
4.819200e-01	-1.811930e-02
4.819456e-01	-1.322038e-02
4.819712e-01	-8.337398e-03
4.819968e-01	-3.734703e-03
4.820224e-01	1.090873e-03
4.820480e-01	5.875366e-03
4.820736e-01	1.055717e-02
4.820992e-01	1.518119e-02
4.821248e-01	1.988660e-02
4.821504e-01	2.459295e-02
4.821760e-01	2.925527e-02
4.822016e-01	3.379017e-02
4.822272e-01	3.851720e-02
4.822528e-01	4.312377e-02
4.822784e-01	4.753230e-02
4.823040e-01	5.214627e-02
4.823296e-01	5.672957e-02
4.823552e-01	6.118998e-02
4.823808e-01	6.574562e-02
4.824064e-01	6.998546e-02
4.824320e-01	7.438979e-02
4.824576e-01	7.888766e-02
4.824832e-01	8.313655e-02
4.825088e-01	8.747800e-02
4.825344e-01	9.168075e-02
4.825600e-01	9.592730e-02
4.825856e-01	1.001681e-01
4.826112e-01	1.041921e-01
4.826368e-01	1.083294e-01
4.826624e-01	1.124353e-01
4.826880e-01	1.164760e-01
4.827136e-01	1.204211e-01
4.827392e-01	1.244033e-01
4.827648e-01	1.282128e-01
4.827904e-01	1.320507e-01
4.828160e-01	1.358519e-01
4.828416e-01	1.396386e-01
4.828672e-01	1.432925e-01
4.828928e-01	1.470246e-01
4.829184e-01	1.506126e-01
4.829440e-01	1.540664e-01
4.829696e-01	1.576029e-01
4.829952e-01	1.610915e-01
4.830208e-01	1.645404e-01
4.830464e-01	1.677640e-01
4.830720e-01	1.710142e-01
4.830976e-01	1.742852e-01
4.831232e-01	1.772955e-01
4.831488e-01	1.805436e-01
4.831744e-01	1.835604e-01
4.832000e-01	1.864682e-01
4.832256e-01	1.894404e-01
4.832512e-01	1.922624e-01
4.832768e-01	1.950682e-01
4.833024e-01	1.977497e-01
4.833280e-01	2.002740e-01
4.833536e-01	2.030767e-01
4.833792e-01	2.055675e-01
4.834048e-01	2.080150e-01
4.834304e-01	2.105027e-01
4.834560e-01	2.128145e-01
4.834816e-01	2.150720e-01
4.835072e-01	2.172119e-01
4.835328e-01	2.193381e-01
4.835584e-01	2.214291e-01
4.835840e-01	2.233513e-01
4.836096e-01	2.253447e-01
4.836352e-01	2.271330e-01
4.836608e-01	2.288549e-01
4.836864e-01	2.305949e-01
4.837120e-01	2.322767e-01
4.837376e-01	2.337814e-01
4.837632e-01	2.352149e-01
4.837888e-01	2.367443e-01
4.838144e-01	2.380881e-01
4.838400e-01	2.392062e-01
4.838656e-01	2.404243e-01
4.838912e-01	2.415063e-01
4.839168e-01	2.425635e-01
4.839424e-01	2.436445e-01
4.839680e-01	2.444755e-01
4.839936e-01	2.452434e-01
4.840192e-01	2.460643e-01
4.840448e-01	2.466670e-01
4.840704e-01	2.472254e-01
4.840960e-01	2.475719e-01
4.841216e-01	2.480678e-01
4.841472e-01	2.485123e-01
4.841728e-01	2.488353e-01
4.841984e-01	2.488561e-01
4.842240e-01	2.489629e-01
4.842496e-01	2.490099e-01
4.842752e-01	2.489163e-01
4.843008e-01	2.487747e-01
4.843264e-01	2.485382e-01
4.843520e-01	2.483883e-01
4.843776e-01	2.480868e-01
4.844032e-01	2.476689e-01
4.844288e-01	2.471531e-01
4.844544e-01	2.464514e-01
4.844800e-01	2.459149e-01
4.845056e-01	2.450405e-01
4.845312e-01	2.442516e-01
4.845568e-01	2.433592e-01
4.845824e-01	2.423232e-01
4.846080e-01	2.413864e-01
4.846336e-01	2.402271e-01
4.846592e-01	2.390757e-01
4.846848e-01	2.377909e-01
4.847104e-01	2.363893e-01
4.847360e-01	2.351083e-01
4.847616e-01	2.335050e-01
4.847872e-01	2.319363e-01
4.848128e-01	2.304617e-01
4.848384e-01	2.284776e-01
4.848640e-01	2.268089e-01
4.848896e-01	2.250987e-01
4.849152e-01	2.229419e-01
4.849408e-01	2.210697e-01
4.849664e-01	2.189445e-01
4.849920e-01	2.168720e-01
4.850176e-01	2.145994e-01
4.850432e-01	2.123815e-01
4.850688e-01	2.100212e-01
4.850944e-01	2.075747e-01
4.851200e-01	2.051391e-01
4.851456e-01	2.024673e-01
4.851712e-01	1.999493e-01
4.851968e-01	1.972746e-01
4.852224e-01	1.945518e-01
4.852480e-01	1.917502e-01
4.852736e-01	1.888855e-01
4.852992e-01	1.860193e-01
4.853248e-01	1.829484e-01
4.853504e-01	1.799661e-01
4.853760e-01	1.768729e-01
4.854016e-01	1.735959e-01
4.854272e-01	1.704221e-01
4.854528e-01	1.671650e-01
4.854784e-01	1.638543e-01
4.855040e-01	1.605011e-01
4.855296e-01	1.569302e-01
4.855552e-01	1.534530e-01
4.855808e-01	1.499467e-01
4.856064e-01	1.463665e-01
4.856320e-01	1.426536e-01
4.856576e-01	1.390946e-01
4.856832e-01	1.352395e-01
4.857088e-01	1.313993e-01
4.857344e-01	1.276292e-01
4.857600e-01	1.236105e-01
4.857856e-01	1.197502e-01
4.858112e-01	1.157194e-01
4.858368e-01	1.116519e-01
4.858624e-01	1.076227e-01
4.858880e-01	1.035371e-01
4.859136e-01	9.934326e-02
4.859392e-01	9.511557e-02
4.859648e-01	9.097348e-02
4.859904e-01	8.669071e-02
4.860160e-01	8.249569e-02
4.860416e-01	7.803059e-02
4.860672e-01	7.369470e-02
4.860928e-01	6.930231e-02
4.861184e-01	6.487628e-02
4.861440e-01	6.045609e-02
4.861696e-01	5.591518e-02
4.861952e-01	5.152871e-02
4.862208e-01	4.683238e-02
4.862464e-01	4.231235e-02
4.862720e-01	3.783758e-02
4.862976e-01	3.312250e-02
4.863232e-01	2.853785e-02
4.863488e-01	2.383232e-02
4.863744e-01	1.912651e-02
4.864000e-01	1.448469e-02
4.864256e-01	9.861221e-03
4.864512e-01	5.125782e-03
4.864768e-01	3.673751e-04
4.865024e-01	-4.445497e-03
4.865280e-01	-9.056778e-03
4.865536e-01	-1.388298e-02
4.865792e-01	-1.862608e-02
4.866048e-01	-2.356335e-02
4.866304e-01	-2.840533e-02
4.866560e-01	-3.313115e-02
4.866816e-01	-3.790731e-02
4.867072e-01	-4.268342e-02
4.867328e-01	-4.753499e-02
4.867584e-01	-5.231080e-02
4.867840e-01	-5.727329e-02
4.868096e-01	-6.195565e-02
4.868352e-01	-6.670733e-02
4.868608e-01	-7.156218e-02
4.868864e-01	-7.633009e-02
4.869120e-01	-8.113057e-02
4.869376e-01	-8.588266e-02
4.869632e-01	-9.057710e-02
4.869888e-01	-9.538972e-02
4.870144e-01	-1.002716e-01
4.870400e-01	-1.048600e-01
4.870656e-01	-1.096618e-01
4.870912e-01	-1.143837e-01
4.871168e-01	-1.190738e-01
4.871424e-01	-1.237080e-01
4.871680e-01	-1.284465e-01
4.871936e-01	-1.330075e-01
4.872192e-01	-1.375087e-01
4.872448e-01	-1.421951e-01
4.872704e-01	-1.467898e-01
4.872960e-01	-1.512723e-01
4.873216e-01	-1.557813e-01
4.873472e-01	-1.602964e-01
4.873728e-01	-1.647731e-01
4.873984e-01	-1.691532e-01
4.874240e-01	-1.734560e-01
4.874496e-01	-1.779509e-01
4.874752e-01	-1.823897e-01
4.875008e-01	-1.865988e-01
4.875264e-01	-1.908006e-01
4.875520e-01	-1.950041e-01
4.875776e-01	-1.991786e-01
4.876032e-01	-2.033552e-01
4.876288e-01	-2.074592e-01
4.876544e-01	-2.114526e-01
4.876800e-01	-2.154861e-01
4.877056e-01	-2.194724e-01
4.877312e-01	-2.234838e-01
4.877568e-01	-2.272625e-01
4.877824e-01	-2.311886e-01
4.878080e-01	-2.349476e-01
4.878336e-01	-2.387041e-01
4.878592e-01	-2.424233e-01
4.878848e-01	-2.461051e-01
4.879104e-01	-2.496764e-01
4.879360e-01	-2.531094e-01
4.879616e-01	-2.567432e-01
4.879872e-01	-2.602399e-01
4.880128e-01	-2.635347e-01
4.880384e-01	-2.669110e-01
4.880640e-01	-2.700612e-01
4.880896e-01	-2.734276e-01
4.881152e-01	-2.766461e-01
4.881408e-01	-2.796228e-01
4.881664e-01	-2.826970e-01
4.881920e-01	-2.857079e-01
4.882176e-01	-2.885412e-01
4.882432e-01	-2.913293e-01
4.882688e-01	-2.941691e-01
4.882944e-01	-2.969755e-01
4.883200e-01	-2.996190e-01
4.883456e-01	-3.021863e-01
4.883712e-01	-3.047321e-01
4.883968e-01	-3.071915e-01
4.884224e-01	-3.096545e-01
4.884480e-01	-3.119431e-01
4.884736e-01	-3.141539e-01
4.884992e-01	-3.164987e-01
4.885248e-01	-3.186482e-01
4.885504e-01	-3.206460e-01
4.885760e-01	-3.225014e-01
4.886016e-01	-3.246213e-01
4.886272e-01	-3.263528e-01
4.886528e-01	-3.281600e-01
4.886784e-01	-3.298156e-01
4.887040e-01	-3.314294e-01
4.887296e-01	-3.330711e-01
4.887552e-01	-3.344646e-01
4.887808e-01	-3.360325e-01
4.888064e-01	-3.373048e-01
4.888320e-01	-3.384511e-01
4.888576e-01	-3.397138e-01
4.888832e-01	-3.408251e-01
4.889088e-01	-3.418534e-01
4.889344e-01	-3.428976e-01
4.889600e-01	-3.438347e-01
4.889856e-01	-3.445181e-01
4.890112e-01	-3.452842e-01
4.890368e-01	-3.458949e-01
4.890624e-01	-3.464924e-01
4.890880e-01	-3.470417e-01
4.891136e-01	-3.474072e-01
4.891392e-01	-3.477436e-01
4.891648e-01	-3.481029e-01
4.891904e-01	-3.482337e-01
4.892160e-01	-3.484371e-01
4.892416e-01	-3.484313e-01
4.892672e-01	-3.484602e-01
4.892928e-01	-3.483471e-01
4.893184e-01	-3.478975e-01
4.893440e-01	-3.477532e-01
4.893696e-01	-3.474382e-01
4.893952e-01	-3.469234e-01
4.894208e-01	-3.466226e-01
4.894464e-01	-3.458795e-01
4.894720e-01	-3.452369e-01
4.894976e-01	-3.445923e-01
4.895232e-01	-3.435679e-01
4.895488e-01	-3.427300e-01
4.895744e-01	-3.418832e-01
4.896000e-01	-3.407792e-01
4.896256e-01	-3.397219e-01
4.896512e-01	-3.384615e-01
4.896768e-01	-3.371971e-01
4.897024e-01	-3.358530e-01
4.897280e-01	-3.344962e-01
4.897536e-01	-3.329596e-01
4.897792e-01	-3.313403e-01
4.898048e-01	-3.297807e-01
4.898304e-01	-3.280813e-01
4.898560e-01	-3.263437e-01
4.898816e-01	-3.245220e-01
4.899072e-01	-3.224622e-01
4.899328e-01	-3.205041e-01
4.899584e-01	-3.185181e-01
4.899840e-01	-3.163713e-01
4.900096e-01	-3.140139e-01
4.900352e-01	-3.118555e-01
4.900608e-01	-3.095537e-01
4.900864e-01	-3.071634e-01
4.901120e-01	-3.046773e-01
4.901376e-01	-3.021182e-01
4.901632e-01	-2.995358e-01
4.901888e-01	-2.968204e-01
4.902144e-01	-2.940347e-01
4.902400e-01	-2.913171e-01
4.902656e-01	-2.884990e-01
4.902912e-01	-2.854995e-01
4.903168e-01	-2.824356e-01
4.903424e-01	-2.794765e-01
4.903680e-01	-2.762654e-01
4.903936e-01	-2.731295e-01
4.904192e-01	-2.699480e-01
4.904448e-01	-2.667537e-01
4.904704e-01	-2.634411e-01
4.904960e-01	-2.600700e-01
4.905216e-01	-2.565549e-01
4.905472e-01	-2.530798e-01
4.905728e-01	-2.495754e-01
4.905984e-01	-2.458577e-01
4.906240e-01	-2.422427e-01
4.906496e-01	-2.385177e-01
4.906752e-01	-2.347691e-01
4.907008e-01	-2.309674e-01
4.907264e-01	-2.271497e-01
4.907520e-01	-2.232956e-01
4.907776e-01	-2.191726e-01
4.908032e-01	-2.153084e-01
4.908288e-01	-2.113660e-01
4.908544e-01	-2.072545e-01
4.908800e-01	-2.031630e-01
4.909056e-01	-1.989882e-01
4.909312e-01	-1.947709e-01
4.909568e-01	-1.906281e-01
4.909824e-01	-1.862812e-01
4.910080e-01	-1.820644e-01
4.910336e-01	-1.776416e-01
4.910592e-01	-1.732555e-01
4.910848e-01	-1.690284e-01
4.911104e-01	-1.644786e-01
4.911360e-01	-1.599779e-01
4.911616e-01	-1.555666e-01
4.911872e-01	-1.509916e-01
4.912128e-01	-1.464796e-01
4.912384e-01	-1.418770e-01
4.912640e-01	-1.374469e-01
4.912896e-01	-1.328355e-01
4.913152e-01	-1.280447e-01
4.913408e-01	-1.234689e-01
4.913664e-01	-1.188104e-01
4.913920e-01	-1.141435e-01
4.914176e-01	-1.093773e-01
4.914432e-01	-1.045781e-01
4.914688e-01	-9.993187e-02
4.914944e-01	-9.507732e-02
4.915200e-01	-9.041242e-02
4.915456e-01	-8.556655e-02
4.915712e-01	-8.084017e-02
4.915968e-01	-7.614743e-02
4.916224e-01	-7.125372e-02
4.916480e-01	-6.648739e-02
4.916736e-01	-6.174101e-02
4.916992e-01	-5.689802e-02
4.917248e-01	-5.207190e-02
4.917504e-01	-4.723650e-02
4.917760e-01	-4.243394e-02
4.918016e-01	-3.749691e-02
4.918272e-01	-3.278625e-02
4.918528e-01	-2.810614e-02
4.918784e-01	-2.313187e-02
4.919040e-01	-1.834939e-02
4.919296e-01	-1.360072e-02
4.919552e-01	-8.893740e-03
4.919808e-01	-4.043306e-03
4.920064e-01	8.082982e-04
4.920320e-01	5.349022e-03
4.920576e-01	1.018632e-02
4.920832e-01	1.487090e-02
4.921088e-01	1.950381e-02
4.921344e-01	2.424512e-02
4.921600e-01	2.892428e-02
4.921856e-01	3.346773e-02
4.922112e-01	3.820190e-02
4.922368e-01	4.276687e-02
4.922624e-01	4.714733e-02
4.922880e-01	5.187406e-02
4.923136e-01	5.638498e-02
4.923392e-01	6.082242e-02
4.923648e-01	6.530154e-02
4.923904e-01	6.972522e-02
4.924160e-01	7.411882e-02
4.924416e-01	7.842658e-02
4.924672e-01	8.285987e-02
4.924928e-01	8.697506e-02
4.925184e-01	9.136463e-02
4.925440e-01	9.563263e-02
4.925696e-01	9.974533e-02
4.925952e-01	1.038956e-01
4.926208e-01	1.080133e-01
4.926464e-01	1.121816e-01
4.926720e-01	1.162061e-01
4.926976e-01	1.201129e-01
4.927232e-01	1.240174e-01
4.927488e-01	1.279241e-01
4.927744e-01	1.318081e-01
4.928000e-01	1.354582e-01
4.928256e-01	1.392855e-01
4.928512e-01	1.430416e-01
4.928768e-01	1.466405e-01
4.929024e-01	1.501547e-01
4.929280e-01	1.537348e-01
4.929536e-01	1.573263e-01
4.929792e-01	1.606671e-01
4.930048e-01	1.641528e-01
4.930304e-01	1.674710e-01
4.930560e-01	1.707336e-01
4.930816e-01	1.739226e-01
4.931072e-01	1.771264e-01
4.931328e-01	1.802062e-01
4.931584e-01	1.832806e-01
4.931840e-01	1.863349e-01
4.932096e-01	1.891161e-01
4.932352e-01	1.921016e-01
4.932608e-01	1.947441e-01
4.932864e-01	1.976672e-01
4.933120e-01	2.002498e-01
4.933376e-01	2.027855e-01
4.933632e-01	2.053892e-01
4.933888e-01	2.078508e-01
4.934144e-01	2.103605e-01
4.934400e-01	2.125859e-01
4.934656e-01	2.148579e-01
4.934912e-01	2.170255e-01
4.935168e-01	2.191506e-01
4.935424e-01	2.213404e-01
4.935680e-01	2.232103e-01
4.935936e-01	2.251193e-01
4.936192e-01	2.270109e-01
4.936448e-01	2.288318e-01
4.936704e-01	2.304456e-01
4.936960e-01	2.320780e-01
4.937216e-01	2.336984e-01
4.937472e-01	2.350666e-01
4.937728e-01	2.365862e-01
4.937984e-01	2.379877e-01
4.938240e-01	2.391750e-01
4.938496e-01	2.403535e-01
4.938752e-01	2.414904e-01
4.939008e-01	2.426283e-01
4.939264e-01	2.434956e-01
4.939520e-01	2.444145e-01
4.939776e-01	2.451770e-01
4.940032e-01	2.458693e-01
4.940288e-01	2.464908e-01
4.940544e-01	2.471133e-01
4.940800e-01	2.475949e-01
4.941056e-01	2.479856e-01
4.941312e-01	2.483716e-01
4.941568e-01	2.487049e-01
4.941824e-01	2.488500e-01
4.942080e-01	2.490252e-01
4.942336e-01	2.490411e-01
4.942592e-01	2.489371e-01
4.942848e-01	2.488734e-01
4.943104e-01	2.487065e-01
4.943360e-01	2.483907e-01
4.943616e-01	2.481708e-01
4.943872e-01	2.477374e-01
4.944128e-01	2.471770e-01
4.944384e-01	2.465083e-01
4.944640e-01	2.459030e-01
4.944896e-01	2.452582e-01
4.945152e-01	2.443784e-01
4.945408e-01	2.434504e-01
4.945664e-01	2.425435e-01
4.945920e-01	2.415593e-01
4.946176e-01	2.403600e-01
4.946432e-01	2.392423e-01
4.946688e-01	2.378577e-01
4.946944e-01	2.364447e-01
4.947200e-01	2.352943e-01
4.947456e-01	2.335772e-01
4.947712e-01	2.321212e-01
4.947968e-01	2.305528e-01
4.948224e-01	2.287242e-01
4.948480e-01	2.270169e-01
4.948736e-01	2.251636e-01
4.948992e-01	2.231977e-01
4.949248e-01	2.211990e-01
4.949504e-01	2.191829e-01
4.949760e-01	2.170554e-01
4.950016e-01	2.148251e-01
4.950272e-01	2.125509e-01
4.950528e-01	2.102260e-01
4.950784e-01	2.078970e-01
4.951040e-01	2.053432e-01
4.951296e-01	2.028729e-01
4.951552e-01	2.002742e-01
4.951808e-01	1.975778e-01
4.952064e-01	1.947862e-01
4.952320e-01	1.921362e-01
4.952576e-01	1.892056e-01
4.952832e-01	1.863031e-01
4.953088e-01	1.832949e-01
4.953344e-01	1.801850e-01
4.953600e-01	1.772269e-01
4.953856e-01	1.739235e-01
4.954112e-01	1.707762e-01
4.954368e-01	1.674363e-01
4.954624e-01	1.641283e-01
4.954880e-01	1.607758e-01
4.955136e-01	1.572084e-01
4.955392e-01	1.538825e-01
4.955648e-01	1.502390e-01
4.955904e-01	1.466862e-01
4.956160e-01	1.429002e-01
4.956416e-01	1.393310e-01
4.956672e-01	1.356404e-01
4.956928e-01	1.317612e-01
4.957184e-01	1.279864e-01
4.957440e-01	1.239525e-01
4.957696e-01	1.200659e-01
4.957952e-01	1.160795e-01
4.958208e-01	1.119746e-01
4.958464e-01	1.080032e-01
4.958720e-01	1.039100e-01
4.958976e-01	9.981064e-02
4.959232e-01	9.556521e-02
4.959488e-01	9.136683e-02
4.959744e-01	8.707075e-02
4.960000e-01	8.271053e-02
4.960256e-01	7.845461e-02
4.960512e-01	7.400425e-02
4.960768e-01	6.972271e-02
4.961024e-01	6.534787e-02
4.961280e-01	6.079572e-02
4.961536e-01	5.639490e-02
4.961792e-01	5.181464e-02
4.962048e-01	4.734936e-02
4.962304e-01	4.270555e-02
4.962560e-01	3.817584e-02
4.962816e-01	3.351174e-02
4.963072e-01	2.889547e-02
4.963328e-01	2.424423e-02
4.963584e-01	1.958557e-02
4.963840e-01	1.501685e-02
4.964096e-01	1.016893e-02
4.964352e-01	5.432290e-03
4.964608e-01	7.699369e-04
4.964864e-01	-3.937190e-03
4.965120e-01	-8.743301e-03
4.965376e-01	-1.350371e-02
4.965632e-01	-1.813005e-02
4.965888e-01	-2.314333e-02
4.966144e-01	-2.786259e-02
4.966400e-01	-3.264502e-02
4.966656e-01	-3.746713e-02
4.966912e-01	-4.226676e-02
4.967168e-01	-4.707407e-02
4.967424e-01	-5.185623e-02
4.967680e-01	-5.676310e-02
4.967936e-01	-6.147534e-02
4.968192e-01	-6.637304e-02
4.968448e-01	-7.115622e-02
4.968704e-01	-7.589113e-02
4.968960e-01	-8.072462e-02
4.969216e-01	-8.539622e-02
4.969472e-01	-9.036082e-02
4.969728e-01	-9.500260e-02
4.969984e-01	-9.982715e-02
4.970240e-01	-1.045549e-01
4.970496e-01	-1.092626e-01
4.970752e-01	-1.140239e-01
4.971008e-01	-1.186449e-01
4.971264e-01	-1.233434e-01
4.971520e-01	-1.279051e-01
4.971776e-01	-1.325285e-01
4.972032e-01	-1.371923e-01
4.972288e-01	-1.417665e-01
4.972544e-01	-1.462830e-01
4.972800e-01	-1.508542e-01
4.973056e-01	-1.553623e-01
4.973312e-01	-1.597662e-01
4.973568e-01	-1.644236e-01
4.973824e-01	-1.687645e-01
4.974080e-01	-1.730787e-01
4.974336e-01	-1.774977e-01
4.974592e-01	-1.817965e-01
4.974848e-01	-1.861978e-01
4.975104e-01	-1.903611e-01
4.975360e-01	-1.945392e-01
4.975616e-01	-1.987566e-01
4.975872e-01	-2.028769e-01
4.976128e-01	-2.070321e-01
4.976384e-01	-2.110769e-01
4.976640e-01	-2.152238e-01
4.976896e-01	-2.190925e-01
4.977152e-01	-2.230359e-01
4.977408e-01	-2.270091e-01
4.977664e-01	-2.307822e-01
4.977920e-01	-2.346374e-01
4.978176e-01	-2.383969e-01
4.978432e-01	-2.420706e-01
4.978688e-01	-2.457225e-01
4.978944e-01	-2.493404e-01
4.979200e-01	-2.528750e-01
4.979456e-01	-2.563849e-01
4.979712e-01	-2.598161e-01
4.979968e-01	-2.631556e-01
4.980224e-01	-2.665087e-01
4.980480e-01	-2.697663e-01
4.980736e-01	-2.730641e-01
4.980992e-01	-2.762010e-01
4.981248e-01	-2.792914e-01
4.981504e-01	-2.822934e-01
4.981760e-01	-2.853116e-01
4.982016e-01	-2.881911e-01
4.982272e-01	-2.910981e-01
4.982528e-01	-2.938518e-01
4.982784e-01	-2.966081e-01
4.983040e-01	-2.994110e-01
4.983296e-01	-3.019609e-01
4.983552e-01	-3.044398e-01
4.983808e-01	-3.069902e-01
4.984064e-01	-3.093825e-01
4.984320e-01	-3.116484e-01
4.984576e-01	-3.139778e-01
4.984832e-01	-3.162350e-01
4.985088e-01	-3.183162e-01
4.985344e-01	-3.203090e-01
4.985600e-01	-3.224018e-01
4.985856e-01	-3.243411e-01
4.986112e-01	-3.261520e-01
4.986368e-01	-3.279094e-01
4.986624e-01	-3.295388e-01
4.986880e-01	-3.313043e-01
4.987136e-01	-3.328871e-01
4.987392e-01	-3.343550e-01
4.987648e-01	-3.358385e-01
4.987904e-01	-3.370860e-01
4.988160e-01	-3.383583e-01
4.988416e-01	-3.396876e-01
4.988672e-01	-3.406475e-01
4.988928e-01	-3.417351e-01
4.989184e-01	-3.427794e-01
4.989440e-01	-3.435703e-01
4.989696e-01	-3.443594e-01
4.989952e-01	-3.451872e-01
4.990208e-01	-3.458817e-01
4.990464e-01	-3.464243e-01
4.990720e-01	-3.468398e-01
4.990976e-01	-3.472783e-01
4.991232e-01	-3.476347e-01
4.991488e-01	-3.480312e-01
4.991744e-01	-3.481829e-01
4.992000e-01	-3.483487e-01
4.992256e-01	-3.483866e-01
4.992512e-01	-3.482944e-01
4.992768e-01	-3.481979e-01
4.993024e-01	-3.480285e-01
4.993280e-01	-3.477764e-01
4.993536e-01	-3.473648e-01
4.993792e-01	-3.470688e-01
4.994048e-01	-3.464668e-01
4.994304e-01	-3.458835e-01
4.994560e-01	-3.454022e-01
4.994816e-01	-3.444940e-01
4.995072e-01	-3.437487e-01
4.995328e-01	-3.428297e-01
4.995584e-01	-3.418785e-01
4.995840e-01	-3.409385e-01
4.996096e-01	-3.397520e-01
4.996352e-01	-3.385462e-01
4.996608e-01	-3.373137e-01
4.996864e-01	-3.360029e-01
4.997120e-01	-3.346008e-01
4.997376e-01	-3.330331e-01
4.997632e-01	-3.316198e-01
4.997888e-01	-3.299575e-01
4.998144e-01	-3.280991e-01
4.998400e-01	-3.265113e-01
4.998656e-01	-3.245836e-01
4.998912e-01	-3.226639e-01
4.999168e-01	-3.206866e-01
4.999424e-01	-3.185987e-01
4.999680e-01	-3.166421e-01
4.999936e-01	-3.143002e-01
5.000192e-01	-3.120916e-01
5.000448e-01	-3.097268e-01
5.000704e-01	-3.073032e-01
5.000960e-01	-3.048647e-01
5.001216e-01	-3.023955e-01
5.001472e-01	-2.997220e-01
5.001728e-01	-2.970156e-01
5.001984e-01	-2.942644e-01
5.002240e-01	-2.914856e-01
5.002496e-01	-2.887042e-01
5.002752e-01	-2.857740e-01
5.003008e-01	-2.827340e-01
5.003264e-01	-2.797398e-01
5.003520e-01	-2.766967e-01
5.003776e-01	-2.735026e-01
5.004032e-01	-2.703618e-01
5.004288e-01	-2.671269e-01
5.004544e-01	-2.636560e-01
5.004800e-01	-2.602339e-01
5.005056e-01	-2.569088e-01
5.005312e-01	-2.533917e-01
5.005568e-01	-2.498446e-01
5.005824e-01	-2.462184e-01
5.006080e-01	-2.425824e-01
5.006336e-01	-2.389633e-01
5.006592e-01	-2.351014e-01
5.006848e-01	-2.313688e-01
5.007104e-01	-2.274685e-01
5.007360e-01	-2.235734e-01
5.007616e-01	-2.196538e-01
5.007872e-01	-2.156877e-01
5.008128e-01	-2.116841e-01
5.008384e-01	-2.076542e-01
5.008640e-01	-2.034541e-01
5.008896e-01	-1.993710e-01
5.009152e-01	-1.952062e-01
5.009408e-01	-1.909447e-01
5.009664e-01	-1.867972e-01
5.009920e-01	-1.824279e-01
5.010176e-01	-1.780812e-01
5.010432e-01	-1.736970e-01
5.010688e-01	-1.692242e-01
5.010944e-01	-1.649112e-01
5.011200e-01	-1.604612e-01
5.011456e-01	-1.559033e-01
5.011712e-01	-1.513890e-01
5.011968e-01	-1.469807e-01
5.012224e-01	-1.423958e-01
5.012480e-01	-1.378201e-01
5.012736e-01	-1.330727e-01
5.012992e-01	-1.285874e-01
5.013248e-01	-1.238594e-01
5.013504e-01	-1.192696e-01
5.013760e-01	-1.145071e-01
5.014016e-01	-1.098124e-01
5.014272e-01	-1.052283e-01
5.014528e-01	-1.002805e-01
5.014784e-01	-9.563473e-02
5.015040e-01	-9.086175e-02
5.015296e-01	-8.611069e-02
5.015552e-01	-8.118701e-02
5.015808e-01	-7.648060e-02
5.016064e-01	-7.173863e-02
5.016320e-01	-6.682812e-02
5.016576e-01	-6.216712e-02
5.016832e-01	-5.720332e-02
5.017088e-01	-5.244154e-02
5.017344e-01	-4.760369e-02
5.017600e-01	-4.286342e-02
5.017856e-01	-3.802184e-02
5.018112e-01	-3.319613e-02
5.018368e-01	-2.836511e-02
5.018624e-01	-2.357377e-02
5.018880e-01	-1.886609e-02
5.019136e-01	-1.408928e-02
5.019392e-01	-9.364789e-03
5.019648e-01	-4.428089e-03
5.019904e-01	3.143726e-04
5.020160e-01	4.925164e-03
5.020416e-01	9.658320e-03
5.020672e-01	1.442412e-02
5.020928e-01	1.916821e-02
5.021184e-01	2.366155e-02
5.021440e-01	2.843239e-02
5.021696e-01	3.308221e-02
5.021952e-01	3.761282e-02
5.022208e-01	4.220966e-02
5.022464e-01	4.692860e-02
5.022720e-01	5.140590e-02
5.022976e-01	5.581470e-02
5.023232e-01	6.035880e-02
5.023488e-01	6.480604e-02
5.023744e-01	6.924421e-02
5.024000e-01	7.363820e-02
5.024256e-01	7.804240e-02
5.024512e-01	8.237135e-02
5.024768e-01	8.671312e-02
5.025024e-01	9.098152e-02
5.025280e-01	9.511358e-02
5.025536e-01	9.940282e-02
5.025792e-01	1.034135e-01
5.026048e-01	1.075422e-01
5.026304e-01	1.116718e-01
5.026560e-01	1.157316e-01
5.026816e-01	1.197326e-01
5.027072e-01	1.235991e-01
5.027328e-01	1.274644e-01
5.027584e-01	1.312807e-01
5.027840e-01	1.351562e-01
5.028096e-01	1.390052e-01
5.028352e-01	1.426454e-01
5.028608e-01	1.462805e-01
5.028864e-01	1.498586e-01
5.029120e-01	1.533990e-01
5.029376e-01	1.568555e-01
5.029632e-01	1.603868e-01
5.029888e-01	1.638450e-01
5.030144e-01	1.671480e-01
5.030400e-01	1.703450e-01
5.030656e-01	1.736336e-01
5.030912e-01	1.767645e-01
5.031168e-01	1.799136e-01
5.031424e-01	1.829831e-01
5.031680e-01	1.859499e-01
5.031936e-01	1.889093e-01
5.032192e-01	1.917303e-01
5.032448e-01	1.944561e-01
5.032704e-01	1.972999e-01
5.032960e-01	1.999180e-01
5.033216e-01	2.025112e-01
5.033472e-01	2.051563e-01
5.033728e-01	2.075184e-01
5.033984e-01	2.099749e-01
5.034240e-01	2.124130e-01
5.034496e-01	2.146174e-01
5.034752e-01	2.168292e-01
5.035008e-01	2.188514e-01
5.035264e-01	2.210893e-01
5.035520e-01	2.230906e-01
5.035776e-01	2.249412e-01
5.036032e-01	2.268585e-01
5.036288e-01	2.286298e-01
5.036544e-01	2.303603e-01
5.036800e-01	2.319726e-01
5.037056e-01	2.335398e-01
5.037312e-01	2.350300e-01
5.037568e-01	2.364078e-01
5.037824e-01	2.376735e-01
5.038080e-01	2.390793e-01
5.038336e-01	2.402888e-01
5.038592e-01	2.413502e-01
5.038848e-01	2.424176e-01
5.039104e-01	2.433848e-01
5.039360e-01	2.442104e-01
5.039616e-01	2.450840e-01
5.039872e-01	2.459079e-01
5.040128e-01	2.465117e-01
5.040384e-01	2.470857e-01
5.040640e-01	2.475126e-01
5.040896e-01	2.480740e-01
5.041152e-01	2.484042e-01
5.041408e-01	2.487094e-01
5.041664e-01	2.488295e-01
5.041920e-01	2.489051e-01
5.042176e-01	2.490703e-01
5.042432e-01	2.490296e-01
5.042688e-01	2.488472e-01
5.042944e-01	2.487218e-01
5.043200e-01	2.483766e-01
5.043456e-01	2.481789e-01
5.043712e-01	2.477024e-01
5.043968e-01	2.470220e-01
5.044224e-01	2.465754e-01
5.044480e-01	2.459095e-01
5.044736e-01	2.453669e-01
5.044992e-01	2.444999e-01
5.045248e-01	2.436022e-01
5.045504e-01	2.425852e-01
5.045760e-01	2.415269e-01
5.046016e-01	2.406122e-01
5.046272e-01	2.391908e-01
5.046528e-01	2.379798e-01
5.046784e-01	2.366538e-01
5.047040e-01	2.352276e-01
5.047296e-01	2.337330e-01
5.047552e-01	2.321679e-01
5.047808e-01	2.306938e-01
5.048064e-01	2.288384e-01
5.048320e-01	2.270471e-01
5.048576e-01	2.253250e-01
5.048832e-01	2.232638e-01
5.049088e-01	2.213633e-01
5.049344e-01	2.192647e-01
5.049600e-01	2.172609e-01
5.049856e-01	2.149862e-01
5.050112e-01	2.126777e-01
5.050368e-01	2.103795e-01
5.050624e-01	2.079984e-01
5.050880e-01	2.056409e-01
5.051136e-01	2.030054e-01
5.051392e-01	2.005559e-01
5.051648e-01	1.977624e-01
5.051904e-01	1.950744e-01
5.052160e-01	1.923656e-01
5.052416e-01	1.893772e-01
5.052672e-01	1.865239e-01
5.052928e-01	1.835513e-01
5.053184e-01	1.805397e-01
5.053440e-01	1.773060e-01
5.053696e-01	1.742706e-01
5.053952e-01	1.710544e-01
5.054208e-01	1.678010e-01
5.054464e-01	1.644570e-01
5.054720e-01	1.610945e-01
5.054976e-01	1.576700e-01
5.055232e-01	1.541028e-01
5.055488e-01	1.505757e-01
5.055744e-01	1.470120e-01
5.056000e-01	1.433395e-01
5.056256e-01	1.397001e-01
5.056512e-01	1.358307e-01
5.056768e-01	1.320754e-01
5.057024e-01	1.282504e-01
5.057280e-01	1.244488e-01
5.057536e-01	1.204787e-01
5.057792e-01	1.164069e-01
5.058048e-01	1.125047e-01
5.058304e-01	1.083911e-01
5.058560e-01	1.042391e-01
5.058816e-01	1.001749e-01
5.059072e-01	9.604062e-02
5.059328e-01	9.176880e-02
5.059584e-01	8.743317e-02
5.059840e-01	8.326259e-02
5.060096e-01	7.889259e-02
5.060352e-01	7.446776e-02
5.060608e-01	7.020938e-02
5.060864e-01	6.576420e-02
5.061120e-01	6.120849e-02
5.061376e-01	5.681486e-02
5.061632e-01	5.226134e-02
5.061888e-01	4.770296e-02
5.062144e-01	4.328198e-02
5.062400e-01	3.863390e-02
5.062656e-01	3.386407e-02
5.062912e-01	2.943087e-02
5.063168e-01	2.470767e-02
5.063424e-01	2.002833e-02
5.063680e-01	1.533711e-02
5.063936e-01	1.069394e-02
5.064192e-01	5.929506e-03
5.064448e-01	1.182263e-03
5.064704e-01	-3.490353e-03
5.064960e-01	-8.367460e-03
5.065216e-01	-1.302699e-02
5.065472e-01	-1.781787e-02
5.065728e-01	-2.269014e-02
5.065984e-01	-2.748922e-02
5.066240e-01	-3.220636e-02
5.066496e-01	-3.712842e-02
5.066752e-01	-4.186178e-02
5.067008e-01	-4.657586e-02
5.067264e-01	-5.164915e-02
5.067520e-01	-5.632192e-02
5.067776e-01	-6.100778e-02
5.068032e-01	-6.599523e-02
5.068288e-01	-7.082894e-02
5.068544e-01	-7.535254e-02
5.068800e-01	-8.023342e-02
5.069056e-01	-8.511955e-02
5.069312e-01	-8.985938e-02
5.069568e-01	-9.448809e-02
5.069824e-01	-9.939160e-02
5.070080e-01	-1.039824e-01
5.070336e-01	-1.087548e-01
5.070592e-01	-1.135099e-01
5.070848e-01	-1.181024e-01
5.071104e-01	-1.228017e-01
5.071360e-01	-1.275013e-01
5.071616e-01	-1.321593e-01
5.071872e-01	-1.366924e-01
5.072128e-01	-1.413570e-01
5.072384e-01	-1.459035e-01
5.072640e-01	-1.504955e-01
5.072896e-01	-1.550000e-01
5.073152e-01	-1.593799e-01
5.073408e-01	-1.639194e-01
5.073664e-01	-1.683622e-01
5.073920e-01	-1.727906e-01
5.074176e-01	-1.770732e-01
5.074432e-01	-1.814383e-01
5.074688e-01	-1.858104e-01
5.074944e-01	-1.900021e-01
5.075200e-01	-1.941136e-01
5.075456e-01	-1.983887e-01
5.075712e-01	-2.025868e-01
5.075968e-01	-2.067043e-01
5.076224e-01	-2.107154e-01
5.076480e-01	-2.148028e-01
5.076736e-01	-2.188017e-01
5.076992e-01	-2.227554e-01
5.077248e-01	-2.265417e-01
5.077504e-01	-2.304141e-01
5.077760e-01	-2.342340e-01
5.078016e-01	-2.379914e-01
5.078272e-01	-2.417799e-01
5.078528e-01	-2.454356e-01
5.078784e-01	-2.489471e-01
5.079040e-01	-2.524673e-01
5.079296e-01	-2.560742e-01
5.079552e-01	-2.594994e-01
5.079808e-01	-2.627869e-01
5.080064e-01	-2.662587e-01
5.080320e-01	-2.695482e-01
5.080576e-01	-2.727253e-01
5.080832e-01	-2.758411e-01
5.081088e-01	-2.791056e-01
5.081344e-01	-2.821628e-01
5.081600e-01	-2.851181e-01
5.081856e-01	-2.881311e-01
5.082112e-01	-2.909365e-01
5.082368e-01	-2.936718e-01
5.082624e-01	-2.964010e-01
5.082880e-01	-2.991704e-01
5.083136e-01	-3.016411e-01
5.083392e-01	-3.042261e-01
5.083648e-01	-3.068364e-01
5.083904e-01	-3.091427e-01
5.084160e-01	-3.115517e-01
5.084416e-01	-3.136636e-01
5.084672e-01	-3.160047e-01
5.084928e-01	-3.181019e-01
5.085184e-01	-3.202452e-01
5.085440e-01	-3.223425e-01
5.085696e-01	-3.241186e-01
5.085952e-01	-3.261511e-01
5.086208e-01	-3.278051e-01
5.086464e-01	-3.295421e-01
5.086720e-01	-3.311992e-01
5.086976e-01	-3.327229e-01
5.087232e-01	-3.343090e-01
5.087488e-01	-3.356543e-01
5.087744e-01	-3.370277e-01
5.088000e-01	-3.382047e-01
5.088256e-01	-3.395242e-01
5.088512e-01	-3.406489e-01
5.088768e-01	-3.416210e-01
5.089024e-01	-3.426609e-01
5.089280e-01	-3.436024e-01
5.089536e-01	-3.443935e-01
5.089792e-01	-3.450460e-01
5.090048e-01	-3.456971e-01
5.090304e-01	-3.463283e-01
5.090560e-01	-3.468322e-01
5.090816e-01	-3.473877e-01
5.091072e-01	-3.476634e-01
5.091328e-01	-3.479914e-01
5.091584e-01	-3.482214e-01
5.091840e-01	-3.483742e-01
5.092096e-01	-3.483229e-01
5.092352e-01	-3.483463e-01
5.092608e-01	-3.482781e-01
5.092864e-01	-3.479975e-01
5.093120e-01	-3.478533e-01
5.093376e-01	-3.474264e-01
5.093632e-01	-3.470577e-01
5.093888e-01	-3.467274e-01
5.094144e-01	-3.460310e-01
5.094400e-01	-3.452728e-01
5.094656e-01	-3.445607e-01
5.094912e-01	-3.438666e-01
5.095168e-01	-3.430197e-01
5.095424e-01	-3.420204e-01
5.095680e-01	-3.409338e-01
5.095936e-01	-3.399414e-01
5.096192e-01	-3.387337e-01
5.096448e-01	-3.374445e-01
5.096704e-01	-3.361204e-01
5.096960e-01	-3.347311e-01
5.097216e-01	-3.332133e-01
5.097472e-01	-3.317350e-01
5.097728e-01	-3.300280e-01
5.097984e-01	-3.283385e-01
5.098240e-01	-3.266512e-01
5.098496e-01	-3.247354e-01
5.098752e-01	-3.229100e-01
5.099008e-01	-3.209599e-01
5.099264e-01	-3.188054e-01
5.099520e-01	-3.166691e-01
5.099776e-01	-3.144522e-01
5.100032e-01	-3.123105e-01
5.100288e-01	-3.100007e-01
5.100544e-01	-3.076362e-01
5.100800e-01	-3.051352e-01
5.101056e-01	-3.025576e-01
5.101312e-01	-2.998860e-01
5.101568e-01	-2.973864e-01
5.101824e-01	-2.946069e-01
5.102080e-01	-2.918925e-01
5.102336e-01	-2.890417e-01
5.102592e-01	-2.859861e-01
5.102848e-01	-2.831270e-01
5.103104e-01	-2.800720e-01
5.103360e-01	-2.770122e-01
5.103616e-01	-2.737755e-01
5.103872e-01	-2.706097e-01
5.104128e-01	-2.674495e-01
5.104384e-01	-2.641047e-01
5.104640e-01	-2.606901e-01
5.104896e-01	-2.571223e-01
5.105152e-01	-2.538680e-01
5.105408e-01	-2.501890e-01
5.105664e-01	-2.465825e-01
5.105920e-01	-2.430087e-01
5.106176e-01	-2.392467e-01
5.106432e-01	-2.355232e-01
5.106688e-01	-2.318107e-01
5.106944e-01	-2.278511e-01
5.107200e-01	-2.239453e-01
5.107456e-01	-2.201601e-01
5.107712e-01	-2.160150e-01
5.107968e-01	-2.119574e-01
5.108224e-01	-2.081128e-01
5.108480e-01	-2.038062e-01
5.108736e-01	-1.997946e-01
5.108992e-01	-1.956498e-01
5.109248e-01	-1.913070e-01
5.109504e-01	-1.871116e-01
5.109760e-01	-1.830184e-01
5.110016e-01	-1.785901e-01
5.110272e-01	-1.740740e-01
5.110528e-01	-1.697076e-01
5.110784e-01	-1.652998e-01
5.111040e-01	-1.609217e-01
5.111296e-01	-1.564849e-01
5.111552e-01	-1.519403e-01
5.111808e-01	-1.473609e-01
5.112064e-01	-1.427954e-01
5.112320e-01	-1.381692e-01
5.112576e-01	-1.335322e-01
5.112832e-01	-1.289335e-01
5.113088e-01	-1.243012e-01
5.113344e-01	-1.197194e-01
5.113600e-01	-1.148423e-01
5.113856e-01	-1.102633e-01
5.114112e-01	-1.055535e-01
5.114368e-01	-1.008172e-01
5.114624e-01	-9.605639e-02
5.114880e-01	-9.125003e-02
5.115136e-01	-8.658191e-02
5.115392e-01	-8.178508e-02
5.115648e-01	-7.695200e-02
5.115904e-01	-7.215466e-02
5.116160e-01	-6.733912e-02
5.116416e-01	-6.262773e-02
5.116672e-01	-5.776664e-02
5.116928e-01	-5.298017e-02
5.117184e-01	-4.806175e-02
5.117440e-01	-4.324671e-02
5.117696e-01	-3.852855e-02
5.117952e-01	-3.377962e-02
5.118208e-01	-2.879274e-02
5.118464e-01	-2.405821e-02
5.118720e-01	-1.939777e-02
5.118976e-01	-1.438416e-02
5.119232e-01	-9.677783e-03
5.119488e-01	-5.033092e-03
5.119744e-01	-2.606133e-04
5.120000e-01	4.534350e-03
5.120256e-01	9.286070e-03
5.120512e-01	1.392794e-02
5.120768e-01	1.866837e-02
5.121024e-01	2.329289e-02
5.121280e-01	2.799865e-02
5.121536e-01	3.260968e-02
5.121792e-01	3.723466e-02
5.122048e-01	4.175037e-02
5.122304e-01	4.633389e-02
5.122560e-01	5.086882e-02
5.122816e-01	5.539865e-02
5.123072e-01	5.998129e-02
5.123328e-01	6.446830e-02
5.123584e-01	6.879544e-02
5.123840e-01	7.326892e-02
5.124096e-01	7.749294e-02
5.124352e-01	8.192318e-02
5.124608e-01	8.628401e-02
5.124864e-01	9.041915e-02
5.125120e-01	9.473614e-02
5.125376e-01	9.891851e-02
5.125632e-01	1.031290e-01
5.125888e-01	1.072257e-01
5.126144e-01	1.112647e-01
5.126400e-01	1.152330e-01
5.126656e-01	1.193212e-01
5.126912e-01	1.233282e-01
5.127168e-01	1.270809e-01
5.127424e-01	1.312415e-01
5.127680e-01	1.347506e-01
5.127936e-01	1.385864e-01
5.128192e-01	1.422413e-01
5.128448e-01	1.459713e-01
5.128704e-01	1.497005e-01
5.128960e-01	1.530642e-01
5.129216e-01	1.566301e-01
5.129472e-01	1.599923e-01
5.129728e-01	1.635228e-01
5.129984e-01	1.667730e-01
5.130240e-01	1.700593e-01
5.130496e-01	1.733846e-01
5.130752e-01	1.764417e-01
5.131008e-01	1.795760e-01
5.131264e-01	1.826759e-01
5.131520e-01	1.856055e-01
5.131776e-01	1.885830e-01
5.132032e-01	1.914504e-01
5.132288e-01	1.941842e-01
5.132544e-01	1.969983e-01
5.132800e-01	1.996652e-01
5.133056e-01	2.023369e-01
5.133312e-01	2.048713e-01
5.133568e-01	2.073803e-01
5.133824e-01	2.097597e-01
5.134080e-01	2.121021e-01
5.134336e-01	2.144412e-01
5.134592e-01	2.166515e-01
5.134848e-01	2.187843e-01
5.135104e-01	2.208958e-01
5.135360e-01	2.228238e-01
5.135616e-01	2.248347e-01
5.135872e-01	2.266684e-01
5.136128e-01	2.283965e-01
5.136384e-01	2.302752e-01
5.136640e-01	2.318071e-01
5.136896e-01	2.333422e-01
5.137152e-01	2.349040e-01
5.137408e-01	2.363091e-01
5.137664e-01	2.376623e-01
5.137920e-01	2.389998e-01
5.138176e-01	2.402020e-01
5.138432e-01	2.411245e-01
5.138688e-01	2.423282e-01
5.138944e-01	2.432694e-01
5.139200e-01	2.441427e-01
5.139456e-01	2.450181e-01
5.139712e-01	2.457852e-01
5.139968e-01	2.464923e-01
5.140224e-01	2.470153e-01
5.140480e-01	2.475322e-01
5.140736e-01	2.480469e-01
5.140992e-01	2.484485e-01
5.141248e-01	2.486674e-01
5.141504e-01	2.487922e-01
5.141760e-01	2.490403e-01
5.142016e-01	2.489799e-01
5.142272e-01	2.489162e-01
5.142528e-01	2.489256e-01
5.142784e-01	2.487013e-01
5.143040e-01	2.484573e-01
5.143296e-01	2.482031e-01
5.143552e-01	2.476785e-01
5.143808e-01	2.473011e-01
5.144064e-01	2.466593e-01
5.144320e-01	2.459996e-01
5.144576e-01	2.453041e-01
5.144832e-01	2.445473e-01
5.145088e-01	2.437030e-01
5.145344e-01	2.426539e-01
5.145600e-01	2.417054e-01
5.145856e-01	2.405256e-01
5.146112e-01	2.394583e-01
5.146368e-01	2.381877e-01
5.146624e-01	2.367474e-01
5.146880e-01	2.354158e-01
5.147136e-01	2.339566e-01
5.147392e-01	2.324834e-01
5.147648e-01	2.306496e-01
5.147904e-01	2.291575e-01
5.148160e-01	2.273600e-01
5.148416e-01	2.255026e-01
5.148672e-01	2.236585e-01
5.148928e-01	2.216416e-01
5.149184e-01	2.195919e-01
5.149440e-01	2.175391e-01
5.149696e-01	2.153244e-01
5.149952e-01	2.129609e-01
5.150208e-01	2.106038e-01
5.150464e-01	2.082512e-01
5.150720e-01	2.058227e-01
5.150976e-01	2.032998e-01
5.151232e-01	2.006975e-01
5.151488e-01	1.980558e-01
5.151744e-01	1.952917e-01
5.152000e-01	1.925796e-01
5.152256e-01	1.896507e-01
5.152512e-01	1.866766e-01
5.152768e-01	1.838790e-01
5.153024e-01	1.807847e-01
5.153280e-01	1.776590e-01
5.153536e-01	1.746131e-01
5.153792e-01	1.712965e-01
5.154048e-01	1.680845e-01
5.154304e-01	1.648080e-01
5.154560e-01	1.613844e-01
5.154816e-01	1.579892e-01
5.155072e-01	1.545265e-01
5.155328e-01	1.509305e-01
5.155584e-01	1.473747e-01
5.155840e-01	1.436464e-01
5.156096e-01	1.400539e-01
5.156352e-01	1.363070e-01
5.156608e-01	1.325899e-01
5.156864e-01	1.286446e-01
5.157120e-01	1.248647e-01
5.157376e-01	1.209459e-01
5.157632e-01	1.169333e-01
5.157888e-01	1.130159e-01
5.158144e-01	1.087981e-01
5.158400e-01	1.048110e-01
5.158656e-01	1.005915e-01
5.158912e-01	9.635565e-02
5.159168e-01	9.229368e-02
5.159424e-01	8.793921e-02
5.159680e-01	8.362459e-02
5.159936e-01	7.934548e-02
5.160192e-01	7.496457e-02
5.160448e-01	7.059292e-02
5.160704e-01	6.620176e-02
5.160960e-01	6.161586e-02
5.161216e-01	5.732179e-02
5.161472e-01	5.270586e-02
5.161728e-01	4.812662e-02
5.161984e-01	4.374256e-02
5.162240e-01	3.901845e-02
5.162496e-01	3.450261e-02
5.162752e-01	2.978573e-02
5.163008e-01	2.503981e-02
5.163264e-01	2.058364e-02
5.163520e-01	1.587695e-02
5.163776e-01	1.121400e-02
5.164032e-01	6.353121e-03
5.164288e-01	1.726524e-03
5.164544e-01	-3.008192e-03
5.164800e-01	-7.872541e-03
5.165056e-01	-1.257977e-02
5.165312e-01	-1.737748e-02
5.165568e-01	-2.217665e-02
5.165824e-01	-2.687450e-02
5.166080e-01	-3.169429e-02
5.166336e-01	-3.654907e-02
5.166592e-01	-4.139848e-02
5.166848e-01	-4.610207e-02
5.167104e-01	-5.094801e-02
5.167360e-01	-5.576862e-02
5.167616e-01	-6.049531e-02
5.167872e-01	-6.539826e-02
5.168128e-01	-7.015695e-02
5.168384e-01	-7.491958e-02
5.168640e-01	-7.982571e-02
5.168896e-01	-8.447777e-02
5.169152e-01	-8.934502e-02
5.169408e-01	-9.414328e-02
5.169664e-01	-9.887773e-02
5.169920e-01	-1.036510e-01
5.170176e-01	-1.083619e-01
5.170432e-01	-1.130514e-01
5.170688e-01	-1.176421e-01
5.170944e-01	-1.224079e-01
5.171200e-01	-1.270641e-01
5.171456e-01	-1.315297e-01
5.171712e-01	-1.363271e-01
5.171968e-01	-1.408542e-01
5.172224e-01	-1.455223e-01
5.172480e-01	-1.500699e-01
5.172736e-01	-1.544833e-01
5.172992e-01	-1.589929e-01
5.173248e-01	-1.633874e-01
5.173504e-01	-1.679027e-01
5.173760e-01	-1.722600e-01
5.174016e-01	-1.766962e-01
5.174272e-01	-1.810831e-01
5.174528e-01	-1.852444e-01
5.174784e-01	-1.895388e-01
5.175040e-01	-1.937717e-01
5.175296e-01	-1.980249e-01
5.175552e-01	-2.021537e-01
5.175808e-01	-2.062955e-01
5.176064e-01	-2.103516e-01
5.176320e-01	-2.143862e-01
5.176576e-01	-2.184886e-01
5.176832e-01	-2.222911e-01
5.177088e-01	-2.261247e-01
5.177344e-01	-2.301180e-01
5.177600e-01	-2.339507e-01
5.177856e-01	-2.376638e-01
5.178112e-01	-2.412883e-01
5.178368e-01	-2.450853e-01
5.178624e-01	-2.486112e-01
5.178880e-01	-2.521997e-01
5.179136e-01	-2.557791e-01
5.179392e-01	-2.591873e-01
5.179648e-01	-2.625296e-01
5.179904e-01	-2.659599e-01
5.180160e-01	-2.693181e-01
5.180416e-01	-2.724106e-01
5.180672e-01	-2.756359e-01
5.180928e-01	-2.788133e-01
5.181184e-01	-2.818570e-01
5.181440e-01	-2.847963e-01
5.181696e-01	-2.877805e-01
5.181952e-01	-2.907289e-01
5.182208e-01	-2.934099e-01
5.182464e-01	-2.961590e-01
5.182720e-01	-2.988344e-01
5.182976e-01	-3.015873e-01
5.183232e-01	-3.040633e-01
5.183488e-01	-3.065639e-01
5.183744e-01	-3.089566e-01
5.184000e-01	-3.113472e-01
5.184256e-01	-3.136820e-01
5.184512e-01	-3.158012e-01
5.184768e-01	-3.181129e-01
5.185024e-01	-3.201692e-01
5.185280e-01	-3.220539e-01
5.185536e-01	-3.240265e-01
5.185792e-01	-3.257938e-01
5.186048e-01	-3.276662e-01
5.186304e-01	-3.293896e-01
5.186560e-01	-3.310418e-01
5.186816e-01	-3.326086e-01
5.187072e-01	-3.340441e-01
5.187328e-01	-3.355153e-01
5.187584e-01	-3.369399e-01
5.187840e-01	-3.381416e-01
5.188096e-01	-3.394489e-01
5.188352e-01	-3.405958e-01
5.188608e-01	-3.416352e-01
5.188864e-01	-3.425420e-01
5.189120e-01	-3.434751e-01
5.189376e-01	-3.443427e-01
5.189632e-01	-3.451253e-01
5.189888e-01	-3.457637e-01
5.190144e-01	-3.463382e-01
5.190400e-01	-3.469670e-01
5.190656e-01	-3.473304e-01
5.190912e-01	-3.476336e-01
5.191168e-01	-3.479629e-01
5.191424e-01	-3.481390e-01
5.191680e-01	-3.482969e-01
5.191936e-01	-3.483487e-01
5.192192e-01	-3.483606e-01
5.192448e-01	-3.482640e-01
5.192704e-01	-3.481770e-01
5.192960e-01	-3.477776e-01
5.193216e-01	-3.475537e-01
5.193472e-01	-3.471631e-01
5.193728e-01	-3.466374e-01
5.193984e-01	-3.461163e-01
5.194240e-01	-3.454613e-01
5.194496e-01	-3.447717e-01
5.194752e-01	-3.438740e-01
5.195008e-01	-3.430732e-01
5.195264e-01	-3.421505e-01
5.195520e-01	-3.410580e-01
5.195776e-01	-3.400176e-01
5.196032e-01	-3.388540e-01
5.196288e-01	-3.376248e-01
5.196544e-01	-3.363258e-01
5.196800e-01	-3.348365e-01
5.197056e-01	-3.333723e-01
5.197312e-01	-3.318190e-01
5.197568e-01	-3.301944e-01
5.197824e-01	-3.286636e-01
5.198080e-01	-3.267938e-01
5.198336e-01	-3.250180e-01
5.198592e-01	-3.230005e-01
5.198848e-01	-3.211543e-01
5.199104e-01	-3.190454e-01
5.199360e-01	-3.168112e-01
5.199616e-01	-3.148476e-01
5.199872e-01	-3.124042e-01
5.200128e-01	-3.101625e-01
5.200384e-01	-3.078595e-01
5.200640e-01	-3.053251e-01
5.200896e-01	-3.028307e-01
5.201152e-01	-3.001378e-01
5.201408e-01	-2.976311e-01
5.201664e-01	-2.948510e-01
5.201920e-01	-2.921411e-01
5.202176e-01	-2.893252e-01
5.202432e-01	-2.862829e-01
5.202688e-01	-2.833602e-01
5.202944e-01	-2.803375e-01
5.203200e-01	-2.772240e-01
5.203456e-01	-2.741714e-01
5.203712e-01	-2.708841e-01
5.203968e-01	-2.677039e-01
5.204224e-01	-2.643522e-01
5.204480e-01	-2.609171e-01
5.204736e-01	-2.575719e-01
5.204992e-01	-2.540268e-01
5.205248e-01	-2.504841e-01
5.205504e-01	-2.469699e-01
5.205760e-01	-2.433030e-01
5.206016e-01	-2.396024e-01
5.206272e-01	-2.358175e-01
5.206528e-01	-2.320499e-01
5.206784e-01	-2.282180e-01
5.207040e-01	-2.243423e-01
5.207296e-01	-2.204268e-01
5.207552e-01	-2.165227e-01
5.207808e-01	-2.125401e-01
5.208064e-01	-2.083449e-01
5.208320e-01	-2.043476e-01
5.208576e-01	-2.001558e-01
5.208832e-01	-1.959431e-01
5.209088e-01	-1.917953e-01
5.209344e-01	-1.875465e-01
5.209600e-01	-1.832066e-01
5.209856e-01	-1.789439e-01
5.210112e-01	-1.746825e-01
5.210368e-01	-1.700582e-01
5.210624e-01	-1.657891e-01
5.210880e-01	-1.612477e-01
5.211136e-01	-1.567787e-01
5.211392e-01	-1.523493e-01
5.211648e-01	-1.477643e-01
5.211904e-01	-1.432510e-01
5.212160e-01	-1.386584e-01
5.212416e-01	-1.339821e-01
5.212672e-01	-1.294311e-01
5.212928e-01	-1.247870e-01
5.213184e-01	-1.200965e-01
5.213440e-01	-1.153776e-01
5.213696e-01	-1.106621e-01
5.213952e-01	-1.060016e-01
5.214208e-01	-1.013155e-01
5.214464e-01	-9.671569e-02
5.214720e-01	-9.178714e-02
5.214976e-01	-8.691402e-02
5.215232e-01	-8.235227e-02
5.215488e-01	-7.747038e-02
5.215744e-01	-7.273522e-02
5.216000e-01	-6.780722e-02
5.216256e-01	-6.301732e-02
5.216512e-01	-5.826472e-02
5.216768e-01	-5.337496e-02
5.217024e-01	-4.861610e-02
5.217280e-01	-4.378277e-02
5.217536e-01	-3.905870e-02
5.217792e-01	-3.420542e-02
5.218048e-01	-2.934018e-02
5.218304e-01	-2.457908e-02
5.218560e-01	-1.966410e-02
5.218816e-01	-1.502487e-02
5.219072e-01	-1.021592e-02
5.219328e-01	-5.434880e-03
5.219584e-01	-6.537949e-04
5.219840e-01	4.085878e-03
5.220096e-01	8.799044e-03
5.220352e-01	1.354253e-02
5.220608e-01	1.826281e-02
5.220864e-01	2.279520e-02
5.221120e-01	2.751554e-02
5.221376e-01	3.220782e-02
5.221632e-01	3.672021e-02
5.221888e-01	4.138299e-02
5.222144e-01	4.582337e-02
5.222400e-01	5.041433e-02
5.222656e-01	5.509201e-02
5.222912e-01	5.956819e-02
5.223168e-01	6.396728e-02
5.223424e-01	6.835678e-02
5.223680e-01	7.287896e-02
5.223936e-01	7.705709e-02
5.224192e-01	8.152768e-02
5.224448e-01	8.584795e-02
5.224704e-01	9.014497e-02
5.224960e-01	9.437598e-02
5.225216e-01	9.847906e-02
5.225472e-01	1.027987e-01
5.225728e-01	1.068230e-01
5.225984e-01	1.109256e-01
5.226240e-01	1.149796e-01
5.226496e-01	1.189053e-01
5.226752e-01	1.229857e-01
5.227008e-01	1.268441e-01
5.227264e-01	1.306984e-01
5.227520e-01	1.344281e-01
5.227776e-01	1.382825e-01
5.228032e-01	1.419334e-01
5.228288e-01	1.456969e-01
5.228544e-01	1.491541e-01
5.228800e-01	1.527119e-01
5.229056e-01	1.562359e-01
5.229312e-01	1.596788e-01
5.229568e-01	1.631956e-01
5.229824e-01	1.664215e-01
5.230080e-01	1.697049e-01
5.230336e-01	1.729955e-01
5.230592e-01	1.763093e-01
5.230848e-01	1.793173e-01
5.231104e-01	1.823387e-01
5.231360e-01	1.854503e-01
5.231616e-01	1.882927e-01
5.231872e-01	1.912319e-01
5.232128e-01	1.939942e-01
5.232384e-01	1.967797e-01
5.232640e-01	1.994471e-01
5.232896e-01	2.021224e-01
5.233152e-01	2.045880e-01
5.233408e-01	2.070806e-01
5.233664e-01	2.095177e-01
5.233920e-01	2.118408e-01
5.234176e-01	2.142316e-01
5.234432e-01	2.163515e-01
5.234688e-01	2.185635e-01
5.234944e-01	2.206902e-01
5.235200e-01	2.225935e-01
5.235456e-01	2.245664e-01
5.235712e-01	2.264036e-01
5.235968e-01	2.283340e-01
5.236224e-01	2.299387e-01
5.236480e-01	2.316909e-01
5.236736e-01	2.332297e-01
5.236992e-01	2.347624e-01
5.237248e-01	2.362745e-01
5.237504e-01	2.375184e-01
5.237760e-01	2.388799e-01
5.238016e-01	2.399425e-01
5.238272e-01	2.411818e-01
5.238528e-01	2.422536e-01
5.238784e-01	2.431256e-01
5.239040e-01	2.442269e-01
5.239296e-01	2.449412e-01
5.239552e-01	2.457117e-01
5.239808e-01	2.463521e-01
5.240064e-01	2.470115e-01
5.240320e-01	2.475361e-01
5.240576e-01	2.480743e-01
5.240832e-01	2.483905e-01
5.241088e-01	2.486377e-01
5.241344e-01	2.489286e-01
5.241600e-01	2.489749e-01
5.241856e-01	2.489854e-01
5.242112e-01	2.490625e-01
5.242368e-01	2.489479e-01
5.242624e-01	2.487422e-01
5.242880e-01	2.484986e-01
5.243136e-01	2.481945e-01
5.243392e-01	2.476924e-01
5.243648e-01	2.473311e-01
5.243904e-01	2.467270e-01
5.244160e-01	2.460833e-01
5.244416e-01	2.453700e-01
5.244672e-01	2.445418e-01
5.244928e-01	2.437160e-01
5.245184e-01	2.428703e-01
5.245440e-01	2.417528e-01
5.245696e-01	2.406358e-01
5.245952e-01	2.394578e-01
5.246208e-01	2.382091e-01
5.246464e-01	2.370213e-01
5.246720e-01	2.354840e-01
5.246976e-01	2.340437e-01
5.247232e-01	2.325946e-01
5.247488e-01	2.309830e-01
5.247744e-01	2.292698e-01
5.248000e-01	2.274998e-01
5.248256e-01	2.257752e-01
5.248512e-01	2.236854e-01
5.248768e-01	2.218298e-01
5.249024e-01	2.197967e-01
5.249280e-01	2.177052e-01
5.249536e-01	2.155033e-01
5.249792e-01	2.132177e-01
5.250048e-01	2.109066e-01
5.250304e-01	2.085253e-01
5.250560e-01	2.060614e-01
5.250816e-01	2.035312e-01
5.251072e-01	2.009822e-01
5.251328e-01	1.983519e-01
5.251584e-01	1.955265e-01
5.251840e-01	1.928735e-01
5.252096e-01	1.899506e-01
5.252352e-01	1.870345e-01
5.252608e-01	1.840868e-01
5.252864e-01	1.810140e-01
5.253120e-01	1.780959e-01
5.253376e-01	1.749047e-01
5.253632e-01	1.717371e-01
5.253888e-01	1.684221e-01
5.254144e-01	1.650920e-01
5.254400e-01	1.617640e-01
5.254656e-01	1.582184e-01
5.254912e-01	1.549064e-01
5.255168e-01	1.513467e-01
5.255424e-01	1.476143e-01
5.255680e-01	1.440020e-01
5.255936e-01	1.404087e-01
5.256192e-01	1.365838e-01
5.256448e-01	1.328873e-01
5.256704e-01	1.290516e-01
5.256960e-01	1.251294e-01
5.257216e-01	1.212982e-01
5.257472e-01	1.173350e-01
5.257728e-01	1.131822e-01
5.257984e-01	1.091572e-01
5.258240e-01	1.051281e-01
5.258496e-01	1.010050e-01
5.258752e-01	9.686430e-02
5.259008e-01	9.260900e-02
5.259264e-01	8.830748e-02
5.259520e-01	8.413512e-02
5.259776e-01	7.979856e-02
5.260032e-01	7.532480e-02
5.260288e-01	7.094675e-02
5.260544e-01	6.664710e-02
5.260800e-01	6.215692e-02
5.261056e-01	5.763372e-02
5.261312e-01	5.314062e-02
5.261568e-01	4.860397e-02
5.261824e-01	4.412084e-02
5.262080e-01	3.958773e-02
5.262336e-01	3.482597e-02
5.262592e-01	3.027365e-02
5.262848e-01	2.572232e-02
5.263104e-01	2.099888e-02
5.263360e-01	1.643986e-02
5.263616e-01	1.158229e-02
5.263872e-01	6.806184e-03
5.264128e-01	2.116922e-03
5.264384e-01	-2.702068e-03
5.264640e-01	-7.390449e-03
5.264896e-01	-1.201757e-02
5.265152e-01	-1.669456e-02
5.265408e-01	-2.173012e-02
5.265664e-01	-2.653594e-02
5.265920e-01	-3.127583e-02
5.266176e-01	-3.601990e-02
5.266432e-01	-4.083251e-02
5.266688e-01	-4.562032e-02
5.266944e-01	-5.052925e-02
5.267200e-01	-5.535883e-02
5.267456e-01	-6.003886e-02
5.267712e-01	-6.492808e-02
5.267968e-01	-6.968740e-02
5.268224e-01	-7.445756e-02
5.268480e-01	-7.934247e-02
5.268736e-01	-8.407248e-02
5.268992e-01	-8.884159e-02
5.269248e-01	-9.366765e-02
5.269504e-01	-9.841977e-02
5.269760e-01	-1.029801e-01
5.270016e-01	-1.078575e-01
5.270272e-01	-1.125630e-01
5.270528e-01	-1.172733e-01
5.270784e-01	-1.220070e-01
5.271040e-01	-1.265502e-01
5.271296e-01	-1.313006e-01
5.271552e-01	-1.358550e-01
5.271808e-01	-1.403769e-01
5.272064e-01	-1.449718e-01
5.272320e-01	-1.494353e-01
5.272576e-01	-1.541055e-01
5.272832e-01	-1.584841e-01
5.273088e-01	-1.629153e-01
5.273344e-01	-1.674071e-01
5.273600e-01	-1.718315e-01
5.273856e-01	-1.762130e-01
5.274112e-01	-1.805724e-01
5.274368e-01	-1.848620e-01
5.274624e-01	-1.891196e-01
5.274880e-01	-1.933939e-01
5.275136e-01	-1.976108e-01
5.275392e-01	-2.017242e-01
5.275648e-01	-2.058073e-01
5.275904e-01	-2.099078e-01
5.276160e-01	-2.139204e-01
5.276416e-01	-2.179229e-01
5.276672e-01	-2.219480e-01
5.276928e-01	-2.258049e-01
5.277184e-01	-2.296478e-01
5.277440e-01	-2.334066e-01
5.277696e-01	-2.373050e-01
5.277952e-01	-2.409502e-01
5.278208e-01	-2.447029e-01
5.278464e-01	-2.483744e-01
5.278720e-01	-2.517122e-01
5.278976e-01	-2.553594e-01
5.279232e-01	-2.588581e-01
5.279488e-01	-2.621813e-01
5.279744e-01	-2.655834e-01
5.280000e-01	-2.688582e-01
5.280256e-01	-2.721705e-01
5.280512e-01	-2.753464e-01
5.280768e-01	-2.783879e-01
5.281024e-01	-2.814385e-01
5.281280e-01	-2.845093e-01
5.281536e-01	-2.874016e-01
5.281792e-01	-2.903616e-01
5.282048e-01	-2.930975e-01
5.282304e-01	-2.958640e-01
5.282560e-01	-2.986539e-01
5.282816e-01	-3.012841e-01
5.283072e-01	-3.037615e-01
5.283328e-01	-3.062590e-01
5.283584e-01	-3.085976e-01
5.283840e-01	-3.110226e-01
5.284096e-01	-3.134455e-01
5.284352e-01	-3.155514e-01
5.284608e-01	-3.177176e-01
5.284864e-01	-3.198237e-01
5.285120e-01	-3.218167e-01
5.285376e-01	-3.237267e-01
5.285632e-01	-3.256953e-01
5.285888e-01	-3.275735e-01
5.286144e-01	-3.291744e-01
5.286400e-01	-3.309151e-01
5.286656e-01	-3.324361e-01
5.286912e-01	-3.340741e-01
5.287168e-01	-3.354098e-01
5.287424e-01	-3.366843e-01
5.287680e-01	-3.380935e-01
5.287936e-01	-3.392583e-01
5.288192e-01	-3.403818e-01
5.288448e-01	-3.414963e-01
5.288704e-01	-3.425392e-01
5.288960e-01	-3.433887e-01
5.289216e-01	-3.442631e-01
5.289472e-01	-3.450392e-01
5.289728e-01	-3.456658e-01
5.289984e-01	-3.463318e-01
5.290240e-01	-3.468558e-01
5.290496e-01	-3.472992e-01
5.290752e-01	-3.476408e-01
5.291008e-01	-3.479991e-01
5.291264e-01	-3.481675e-01
5.291520e-01	-3.483509e-01
5.291776e-01	-3.483866e-01
5.292032e-01	-3.483117e-01
5.292288e-01	-3.482436e-01
5.292544e-01	-3.482392e-01
5.292800e-01	-3.478688e-01
5.293056e-01	-3.475888e-01
5.293312e-01	-3.471979e-01
5.293568e-01	-3.466152e-01
5.293824e-01	-3.461023e-01
5.294080e-01	-3.454818e-01
5.294336e-01	-3.448287e-01
5.294592e-01	-3.440072e-01
5.294848e-01	-3.431848e-01
5.295104e-01	-3.422329e-01
5.295360e-01	-3.410606e-01
5.295616e-01	-3.401532e-01
5.295872e-01	-3.389792e-01
5.296128e-01	-3.376747e-01
5.296384e-01	-3.365068e-01
5.296640e-01	-3.349524e-01
5.296896e-01	-3.335069e-01
5.297152e-01	-3.321217e-01
5.297408e-01	-3.303585e-01
5.297664e-01	-3.287001e-01
5.297920e-01	-3.269098e-01
5.298176e-01	-3.252767e-01
5.298432e-01	-3.232636e-01
5.298688e-01	-3.211167e-01
5.298944e-01	-3.192160e-01
5.299200e-01	-3.171474e-01
5.299456e-01	-3.149530e-01
5.299712e-01	-3.127891e-01
5.299968e-01	-3.105117e-01
5.300224e-01	-3.080137e-01
5.300480e-01	-3.055727e-01
5.300736e-01	-3.031532e-01
5.300992e-01	-3.004414e-01
5.301248e-01	-2.978226e-01
5.301504e-01	-2.950656e-01
5.301760e-01	-2.923231e-01
5.302016e-01	-2.896502e-01
5.302272e-01	-2.866066e-01
5.302528e-01	-2.836884e-01
5.302784e-01	-2.807580e-01
5.303040e-01	-2.775433e-01
5.303296e-01	-2.745104e-01
5.303552e-01	-2.712497e-01
5.303808e-01	-2.679805e-01
5.304064e-01	-2.646107e-01
5.304320e-01	-2.613226e-01
5.304576e-01	-2.579481e-01
5.304832e-01	-2.544906e-01
5.305088e-01	-2.508517e-01
5.305344e-01	-2.472899e-01
5.305600e-01	-2.437259e-01
5.305856e-01	-2.399557e-01
5.306112e-01	-2.362220e-01
5.306368e-01	-2.324390e-01
5.306624e-01	-2.286580e-01
5.306880e-01	-2.248167e-01
5.307136e-01	-2.207229e-01
5.307392e-01	-2.167894e-01
5.307648e-01	-2.128863e-01
5.307904e-01	-2.087482e-01
5.308160e-01	-2.046828e-01
5.308416e-01	-2.005104e-01
5.308672e-01	-1.963241e-01
5.308928e-01	-1.922640e-01
5.309184e-01	-1.878024e-01
5.309440e-01	-1.836408e-01
5.309696e-01	-1.793736e-01
5.309952e-01	-1.749665e-01
5.310208e-01	-1.705031e-01
5.310464e-01	-1.661867e-01
5.310720e-01	-1.617442e-01
5.310976e-01	-1.571832e-01
5.311232e-01	-1.527710e-01
5.311488e-01	-1.481781e-01
5.311744e-01	-1.435520e-01
5.312000e-01	-1.390585e-01
5.312256e-01	-1.344713e-01
5.312512e-01	-1.298011e-01
5.312768e-01	-1.252190e-01
5.313024e-01	-1.205790e-01
5.313280e-01	-1.158072e-01
5.313536e-01	-1.111414e-01
5.313792e-01	-1.064005e-01
5.314048e-01	-1.016218e-01
5.314304e-01	-9.690028e-02
5.314560e-01	-9.218097e-02
5.314816e-01	-8.741140e-02
5.315072e-01	-8.262190e-02
5.315328e-01	-7.786416e-02
5.315584e-01	-7.310831e-02
5.315840e-01	-6.820700e-02
5.316096e-01	-6.348962e-02
5.316352e-01	-5.864272e-02
5.316608e-01	-5.384549e-02
5.316864e-01	-4.909752e-02
5.317120e-01	-4.418045e-02
5.317376e-01	-3.936160e-02
5.317632e-01	-3.470011e-02
5.317888e-01	-2.973923e-02
5.318144e-01	-2.492659e-02
5.318400e-01	-2.029051e-02
5.318656e-01	-1.539473e-02
5.318912e-01	-1.050541e-02
5.319168e-01	-5.924409e-03
5.319424e-01	-1.157969e-03
5.319680e-01	3.719095e-03
5.319936e-01	8.399862e-03
5.320192e-01	1.317276e-02
5.320448e-01	1.783584e-02
5.320704e-01	2.244120e-02
5.320960e-01	2.706482e-02
5.321216e-01	3.168092e-02
5.321472e-01	3.653483e-02
5.321728e-01	4.096176e-02
5.321984e-01	4.545597e-02
5.322240e-01	5.011383e-02
5.322496e-01	5.461719e-02
5.322752e-01	5.912481e-02
5.323008e-01	6.355024e-02
5.323264e-01	6.794623e-02
5.323520e-01	7.249902e-02
5.323776e-01	7.673439e-02
5.324032e-01	8.117460e-02
5.324288e-01	8.545878e-02
5.324544e-01	8.965135e-02
5.324800e-01	9.399442e-02
5.325056e-01	9.815715e-02
5.325312e-01	1.023499e-01
5.325568e-01	1.065348e-01
5.325824e-01	1.106141e-01
5.326080e-01	1.145945e-01
5.326336e-01	1.185799e-01
5.326592e-01	1.224829e-01
5.326848e-01	1.263658e-01
5.327104e-01	1.302357e-01
5.327360e-01	1.340322e-01
5.327616e-01	1.377867e-01
5.327872e-01	1.415517e-01
5.328128e-01	1.452964e-01
5.328384e-01	1.488415e-01
5.328640e-01	1.525466e-01
5.328896e-01	1.559912e-01
5.329152e-01	1.594652e-01
5.329408e-01	1.628599e-01
5.329664e-01	1.662004e-01
5.329920e-01	1.695159e-01
5.330176e-01	1.727799e-01
5.330432e-01	1.758935e-01
5.330688e-01	1.789958e-01
5.330944e-01	1.821546e-01
5.331200e-01	1.852065e-01
5.331456e-01	1.880590e-01
5.331712e-01	1.908772e-01
5.331968e-01	1.937740e-01
5.332224e-01	1.964736e-01
5.332480e-01	1.991893e-01
5.332736e-01	2.018579e-01
5.332992e-01	2.044264e-01
5.333248e-01	2.070231e-01
5.333504e-01	2.093925e-01
5.333760e-01	2.116577e-01
5.334016e-01	2.138820e-01
5.334272e-01	2.163334e-01
5.334528e-01	2.184411e-01
5.334784e-01	2.204987e-01
5.335040e-01	2.225219e-01
5.335296e-01	2.243900e-01
5.335552e-01	2.263777e-01
5.335808e-01	2.281711e-01
5.336064e-01	2.297674e-01
5.336320e-01	2.315003e-01
5.336576e-01	2.330945e-01
5.336832e-01	2.346023e-01
5.337088e-01	2.360687e-01
5.337344e-01	2.374297e-01
5.337600e-01	2.387296e-01
5.337856e-01	2.398629e-01
5.338112e-01	2.410048e-01
5.338368e-01	2.421668e-01
5.338624e-01	2.431386e-01
5.338880e-01	2.440933e-01
5.339136e-01	2.448012e-01
5.339392e-01	2.455752e-01
5.339648e-01	2.462396e-01
5.339904e-01	2.469954e-01
5.340160e-01	2.475388e-01
5.340416e-01	2.479274e-01
5.340672e-01	2.482495e-01
5.340928e-01	2.485842e-01
5.341184e-01	2.488035e-01
5.341440e-01	2.489329e-01
5.341696e-01	2.491404e-01
5.341952e-01	2.490171e-01
5.342208e-01	2.489419e-01
5.342464e-01	2.488370e-01
5.342720e-01	2.483991e-01
5.342976e-01	2.482162e-01
5.343232e-01	2.478625e-01
5.343488e-01	2.473257e-01
5.343744e-01	2.468692e-01
5.344000e-01	2.462333e-01
5.344256e-01	2.453188e-01
5.344512e-01	2.446694e-01
5.344768e-01	2.438087e-01
5.345024e-01	2.428031e-01
5.345280e-01	2.419229e-01
5.345536e-01	2.408621e-01
5.345792e-01	2.396080e-01
5.346048e-01	2.383741e-01
5.346304e-01	2.370783e-01
5.346560e-01	2.357276e-01
5.346816e-01	2.342740e-01
5.347072e-01	2.327063e-01
5.347328e-01	2.311144e-01
5.347584e-01	2.295569e-01
5.347840e-01	2.277023e-01
5.348096e-01	2.258773e-01
5.348352e-01	2.240534e-01
5.348608e-01	2.220908e-01
5.348864e-01	2.199803e-01
5.349120e-01	2.178979e-01
5.349376e-01	2.157150e-01
5.349632e-01	2.134563e-01
5.349888e-01	2.111539e-01
5.350144e-01	2.087545e-01
5.350400e-01	2.062870e-01
5.350656e-01	2.037712e-01
5.350912e-01	2.011627e-01
5.351168e-01	1.986620e-01
5.351424e-01	1.958846e-01
5.351680e-01	1.929858e-01
5.351936e-01	1.902593e-01
5.352192e-01	1.874088e-01
5.352448e-01	1.844019e-01
5.352704e-01	1.814616e-01
5.352960e-01	1.782986e-01
5.353216e-01	1.752087e-01
5.353472e-01	1.719709e-01
5.353728e-01	1.687213e-01
5.353984e-01	1.655137e-01
5.354240e-01	1.619709e-01
5.354496e-01	1.586155e-01
5.354752e-01	1.552241e-01
5.355008e-01	1.515279e-01
5.355264e-01	1.480276e-01
5.355520e-01	1.444577e-01
5.355776e-01	1.407536e-01
5.356032e-01	1.370344e-01
5.356288e-01	1.332975e-01
5.356544e-01	1.294549e-01
5.356800e-01	1.255717e-01
5.357056e-01	1.216091e-01
5.357312e-01	1.177064e-01
5.357568e-01	1.136985e-01
5.357824e-01	1.095856e-01
5.358080e-01	1.054506e-01
5.358336e-01	1.013780e-01
5.358592e-01	9.718869e-02
5.358848e-01	9.299176e-02
5.359104e-01	8.876535e-02
5.359360e-01	8.439362e-02
5.359616e-01	8.021243e-02
5.359872e-01	7.591014e-02
5.360128e-01	7.149948e-02
5.360384e-01	6.712843e-02
5.360640e-01	6.254177e-02
5.360896e-01	5.814267e-02
5.361152e-01	5.362912e-02
5.361408e-01	4.908226e-02
5.361664e-01	4.457920e-02
5.361920e-01	4.001801e-02
5.362176e-01	3.530643e-02
5.362432e-01	3.074993e-02
5.362688e-01	2.617338e-02
5.362944e-01	2.133870e-02
5.363200e-01	1.669212e-02
5.363456e-01	1.200593e-02
5.363712e-01	7.303614e-03
5.363968e-01	2.641471e-03
5.364224e-01	-2.117025e-03
5.364480e-01	-6.815676e-03
5.364736e-01	-1.151335e-02
5.364992e-01	-1.628986e-02
5.365248e-01	-2.122562e-02
5.365504e-01	-2.604982e-02
5.365760e-01	-3.079564e-02
5.366016e-01	-3.557870e-02
5.366272e-01	-4.049060e-02
5.366528e-01	-4.524276e-02
5.366784e-01	-4.997623e-02
5.367040e-01	-5.484549e-02
5.367296e-01	-5.966026e-02
5.367552e-01	-6.447534e-02
5.367808e-01	-6.926659e-02
5.368064e-01	-7.398596e-02
5.368320e-01	-7.887657e-02
5.368576e-01	-8.364352e-02
5.368832e-01	-8.835043e-02
5.369088e-01	-9.316469e-02
5.369344e-01	-9.789095e-02
5.369600e-01	-1.026149e-01
5.369856e-01	-1.073935e-01
5.370112e-01	-1.120985e-01
5.370368e-01	-1.167128e-01
5.370624e-01	-1.213805e-01
5.370880e-01	-1.261647e-01
5.371136e-01	-1.306993e-01
5.371392e-01	-1.354424e-01
5.371648e-01	-1.399332e-01
5.371904e-01	-1.444159e-01
5.372160e-01	-1.490483e-01
5.372416e-01	-1.535954e-01
5.372672e-01	-1.581532e-01
5.372928e-01	-1.625495e-01
5.373184e-01	-1.669449e-01
5.373440e-01	-1.714284e-01
5.373696e-01	-1.757684e-01
5.373952e-01	-1.801756e-01
5.374208e-01	-1.844567e-01
5.374464e-01	-1.886851e-01
5.374720e-01	-1.929362e-01
5.374976e-01	-1.971156e-01
5.375232e-01	-2.013054e-01
5.375488e-01	-2.054805e-01
5.375744e-01	-2.095117e-01
5.376000e-01	-2.135490e-01
5.376256e-01	-2.176260e-01
5.376512e-01	-2.214995e-01
5.376768e-01	-2.254044e-01
5.377024e-01	-2.293214e-01
5.377280e-01	-2.330781e-01
5.377536e-01	-2.369766e-01
5.377792e-01	-2.406586e-01
5.378048e-01	-2.443765e-01
5.378304e-01	-2.479734e-01
5.378560e-01	-2.513869e-01
5.378816e-01	-2.549482e-01
5.379072e-01	-2.584940e-01
5.379328e-01	-2.617941e-01
5.379584e-01	-2.652751e-01
5.379840e-01	-2.685718e-01
5.380096e-01	-2.717336e-01
5.380352e-01	-2.749562e-01
5.380608e-01	-2.781644e-01
5.380864e-01	-2.811914e-01
5.381120e-01	-2.840719e-01
5.381376e-01	-2.870654e-01
5.381632e-01	-2.900734e-01
5.381888e-01	-2.928944e-01
5.382144e-01	-2.955743e-01
5.382400e-01	-2.982758e-01
5.382656e-01	-3.009989e-01
5.382912e-01	-3.034680e-01
5.383168e-01	-3.060018e-01
5.383424e-01	-3.084583e-01
5.383680e-01	-3.107791e-01
5.383936e-01	-3.131969e-01
5.384192e-01	-3.154441e-01
5.384448e-01	-3.174878e-01
5.384704e-01	-3.196729e-01
5.384960e-01	-3.216544e-01
5.385216e-01	-3.235629e-01
5.385472e-01	-3.253381e-01
5.385728e-01	-3.273149e-01
5.385984e-01	-3.290970e-01
5.386240e-01	-3.306371e-01
5.386496e-01	-3.323649e-01
5.386752e-01	-3.338360e-01
5.387008e-01	-3.351592e-01
5.387264e-01	-3.366525e-01
5.387520e-01	-3.379236e-01
5.387776e-01	-3.391731e-01
5.388032e-01	-3.401925e-01
5.388288e-01	-3.412664e-01
5.388544e-01	-3.423433e-01
5.388800e-01	-3.433290e-01
5.389056e-01	-3.440583e-01
5.389312e-01	-3.448657e-01
5.389568e-01	-3.456058e-01
5.389824e-01	-3.460994e-01
5.390080e-01	-3.467034e-01
5.390336e-01	-3.471701e-01
5.390592e-01	-3.476145e-01
5.390848e-01	-3.478679e-01
5.391104e-01	-3.481571e-01
5.391360e-01	-3.483196e-01
5.391616e-01	-3.483503e-01
5.391872e-01	-3.482981e-01
5.392128e-01	-3.482543e-01
5.392384e-01	-3.481301e-01
5.392640e-01	-3.478007e-01
5.392896e-01	-3.476393e-01
5.393152e-01	-3.470555e-01
5.393408e-01	-3.466922e-01
5.393664e-01	-3.461825e-01
5.393920e-01	-3.455129e-01
5.394176e-01	-3.448402e-01
5.394432e-01	-3.441140e-01
5.394688e-01	-3.432251e-01
5.394944e-01	-3.423007e-01
5.395200e-01	-3.411981e-01
5.395456e-01	-3.401671e-01
5.395712e-01	-3.390329e-01
5.395968e-01	-3.378857e-01
5.396224e-01	-3.365364e-01
5.396480e-01	-3.350717e-01
5.396736e-01	-3.337211e-01
5.396992e-01	-3.322253e-01
5.397248e-01	-3.305836e-01
5.397504e-01	-3.289379e-01
5.397760e-01	-3.271962e-01
5.398016e-01	-3.251946e-01
5.398272e-01	-3.234217e-01
5.398528e-01	-3.214207e-01
5.398784e-01	-3.193747e-01
5.399040e-01	-3.173341e-01
5.399296e-01	-3.152127e-01
5.399552e-01	-3.130803e-01
5.399808e-01	-3.105091e-01
5.400064e-01	-3.082270e-01
5.400320e-01	-3.057692e-01
5.400576e-01	-3.032323e-01
5.400832e-01	-3.006883e-01
5.401088e-01	-2.981239e-01
5.401344e-01	-2.953477e-01
5.401600e-01	-2.925601e-01
5.401856e-01	-2.898436e-01
5.402112e-01	-2.869486e-01
5.402368e-01	-2.839105e-01
5.402624e-01	-2.809151e-01
5.402880e-01	-2.779008e-01
5.403136e-01	-2.746617e-01
5.403392e-01	-2.714886e-01
5.403648e-01	-2.682373e-01
5.403904e-01	-2.649329e-01
5.404160e-01	-2.616634e-01
5.404416e-01	-2.581679e-01
5.404672e-01	-2.547800e-01
5.404928e-01	-2.512767e-01
5.405184e-01	-2.477224e-01
5.405440e-01	-2.440676e-01
5.405696e-01	-2.402578e-01
5.405952e-01	-2.365809e-01
5.406208e-01	-2.328327e-01
5.406464e-01	-2.289968e-01
5.406720e-01	-2.250900e-01
5.406976e-01	-2.210336e-01
5.407232e-01	-2.172972e-01
5.407488e-01	-2.131277e-01
5.407744e-01	-2.091936e-01
5.408000e-01	-2.051139e-01
5.408256e-01	-2.008697e-01
5.408512e-01	-1.968527e-01
5.408768e-01	-1.925687e-01
5.409024e-01	-1.883250e-01
5.409280e-01	-1.840957e-01
5.409536e-01	-1.797938e-01
5.409792e-01	-1.753818e-01
5.410048e-01	-1.709664e-01
5.410304e-01	-1.665535e-01
5.410560e-01	-1.620859e-01
5.410816e-01	-1.576484e-01
5.411072e-01	-1.532105e-01
5.411328e-01	-1.486441e-01
5.411584e-01	-1.440205e-01
5.411840e-01	-1.395228e-01
5.412096e-01	-1.349409e-01
5.412352e-01	-1.302272e-01
5.412608e-01	-1.256219e-01
5.412864e-01	-1.209457e-01
5.413120e-01	-1.161791e-01
5.413376e-01	-1.117095e-01
5.413632e-01	-1.068390e-01
5.413888e-01	-1.022206e-01
5.414144e-01	-9.740322e-02
5.414400e-01	-9.264517e-02
5.414656e-01	-8.798902e-02
5.414912e-01	-8.316822e-02
5.415168e-01	-7.841677e-02
5.415424e-01	-7.348598e-02
5.415680e-01	-6.882663e-02
5.415936e-01	-6.397864e-02
5.416192e-01	-5.918903e-02
5.416448e-01	-5.432900e-02
5.416704e-01	-4.948580e-02
5.416960e-01	-4.473517e-02
5.417216e-01	-3.978189e-02
5.417472e-01	-3.505799e-02
5.417728e-01	-3.025846e-02
5.417984e-01	-2.538432e-02
5.418240e-01	-2.056362e-02
5.418496e-01	-1.594153e-02
5.418752e-01	-1.111925e-02
5.419008e-01	-6.353935e-03
5.419264e-01	-1.591474e-03
5.419520e-01	3.240280e-03
5.419776e-01	7.861140e-03
5.420032e-01	1.258972e-02
5.420288e-01	1.729068e-02
5.420544e-01	2.187428e-02
5.420800e-01	2.665221e-02
5.421056e-01	3.121367e-02
5.421312e-01	3.593449e-02
5.421568e-01	4.065023e-02
5.421824e-01	4.512148e-02
5.422080e-01	4.965575e-02
5.422336e-01	5.419764e-02
5.422592e-01	5.860900e-02
5.422848e-01	6.309867e-02
5.423104e-01	6.760214e-02
5.423360e-01	7.206278e-02
5.423616e-01	7.633308e-02
5.423872e-01	8.080946e-02
5.424128e-01	8.513189e-02
5.424384e-01	8.925971e-02
5.424640e-01	9.357256e-02
5.424896e-01	9.775968e-02
5.425152e-01	1.018870e-01
5.425408e-01	1.060312e-01
5.425664e-01	1.101283e-01
5.425920e-01	1.142390e-01
5.426176e-01	1.181844e-01
5.426432e-01	1.221735e-01
5.426688e-01	1.259751e-01
5.426944e-01	1.299157e-01
5.427200e-01	1.338368e-01
5.427456e-01	1.375527e-01
5.427712e-01	1.412180e-01
5.427968e-01	1.449817e-01
5.428224e-01	1.485935e-01
5.428480e-01	1.521701e-01
5.428736e-01	1.556304e-01
5.428992e-01	1.591059e-01
5.429248e-01	1.625053e-01
5.429504e-01	1.658494e-01
5.429760e-01	1.692268e-01
5.430016e-01	1.724558e-01
5.430272e-01	1.756755e-01
5.430528e-01	1.786592e-01
5.430784e-01	1.818503e-01
5.431040e-01	1.848808e-01
5.431296e-01	1.877780e-01
5.431552e-01	1.906954e-01
5.431808e-01	1.934959e-01
5.432064e-01	1.963320e-01
5.432320e-01	1.989247e-01
5.432576e-01	2.015351e-01
5.432832e-01	2.040568e-01
5.433088e-01	2.067341e-01
5.433344e-01	2.090524e-01
5.433600e-01	2.114245e-01
5.433856e-01	2.137297e-01
5.434112e-01	2.159299e-01
5.434368e-01	2.182382e-01
5.434624e-01	2.203069e-01
5.434880e-01	2.223255e-01
5.435136e-01	2.242176e-01
5.435392e-01	2.261164e-01
5.435648e-01	2.279434e-01
5.435904e-01	2.296687e-01
5.436160e-01	2.313478e-01
5.436416e-01	2.329201e-01
5.436672e-01	2.345263e-01
5.436928e-01	2.358929e-01
5.437184e-01	2.372525e-01
5.437440e-01	2.385897e-01
5.437696e-01	2.398602e-01
5.437952e-01	2.410001e-01
5.438208e-01	2.419709e-01
5.438464e-01	2.429364e-01
5.438720e-01	2.440211e-01
5.438976e-01	2.447358e-01
5.439232e-01	2.454835e-01
5.439488e-01	2.462997e-01
5.439744e-01	2.469085e-01
5.440000e-01	2.473570e-01
5.440256e-01	2.479101e-01
5.440512e-01	2.482524e-01
5.440768e-01	2.486148e-01
5.441024e-01	2.488910e-01
5.441280e-01	2.489166e-01
5.441536e-01	2.489604e-01
5.441792e-01	2.490588e-01
5.442048e-01	2.489187e-01
5.442304e-01	2.486415e-01
5.442560e-01	2.484818e-01
5.442816e-01	2.481703e-01
5.443072e-01	2.477361e-01
5.443328e-01	2.473347e-01
5.443584e-01	2.468254e-01
5.443840e-01	2.463460e-01
5.444096e-01	2.455231e-01
5.444352e-01	2.448334e-01
5.444608e-01	2.439653e-01
5.444864e-01	2.428251e-01
5.445120e-01	2.419324e-01
5.445376e-01	2.409093e-01
5.445632e-01	2.397394e-01
5.445888e-01	2.385363e-01
5.446144e-01	2.371523e-01
5.446400e-01	2.358624e-01
5.446656e-01	2.343695e-01
5.446912e-01	2.328960e-01
5.447168e-01	2.311856e-01
5.447424e-01	2.295996e-01
5.447680e-01	2.278414e-01
5.447936e-01	2.259882e-01
5.448192e-01	2.241339e-01
5.448448e-01	2.221249e-01
5.448704e-01	2.202179e-01
5.448960e-01	2.180192e-01
5.449216e-01	2.158325e-01
5.449472e-01	2.136868e-01
5.449728e-01	2.113416e-01
5.449984e-01	2.089202e-01
5.450240e-01	2.065293e-01
5.450496e-01	2.040621e-01
5.450752e-01	2.013919e-01
5.451008e-01	1.988249e-01
5.451264e-01	1.960526e-01
5.451520e-01	1.934568e-01
5.451776e-01	1.905034e-01
5.452032e-01	1.877099e-01
5.452288e-01	1.847130e-01
5.452544e-01	1.816028e-01
5.452800e-01	1.785336e-01
5.453056e-01	1.753332e-01
5.453312e-01	1.722628e-01
5.453568e-01	1.690128e-01
5.453824e-01	1.657126e-01
5.454080e-01	1.624491e-01
5.454336e-01	1.590220e-01
5.454592e-01	1.553031e-01
5.454848e-01	1.519212e-01
5.455104e-01	1.484275e-01
5.455360e-01	1.447133e-01
5.455616e-01	1.410400e-01
5.455872e-01	1.372938e-01
5.456128e-01	1.336214e-01
5.456384e-01	1.297599e-01
5.456640e-01	1.258826e-01
5.456896e-01	1.218799e-01
5.457152e-01	1.179907e-01
5.457408e-01	1.139446e-01
5.457664e-01	1.100057e-01
5.457920e-01	1.058107e-01
5.458176e-01	1.017332e-01
5.458432e-01	9.762194e-02
5.458688e-01	9.340456e-02
5.458944e-01	8.922516e-02
5.459200e-01	8.485901e-02
5.459456e-01	8.048111e-02
5.459712e-01	7.617257e-02
5.459968e-01	7.191759e-02
5.460224e-01	6.736546e-02
5.460480e-01	6.293643e-02
5.460736e-01	5.841022e-02
5.460992e-01	5.395746e-02
5.461248e-01	4.954877e-02
5.461504e-01	4.484556e-02
5.461760e-01	4.039102e-02
5.462016e-01	3.570108e-02
5.462272e-01	3.122444e-02
5.462528e-01	2.655452e-02
5.462784e-01	2.185705e-02
5.463040e-01	1.722544e-02
5.463296e-01	1.252834e-02
5.463552e-01	7.751394e-03
5.463808e-01	2.954928e-03
5.464064e-01	-1.761582e-03
5.464320e-01	-6.384577e-03
5.464576e-01	-1.125453e-02
5.464832e-01	-1.600756e-02
5.465088e-01	-2.072888e-02
5.465344e-01	-2.563686e-02
5.465600e-01	-3.046002e-02
5.465856e-01	-3.516958e-02
5.466112e-01	-3.988301e-02
5.466368e-01	-4.478449e-02
5.466624e-01	-4.960672e-02
5.466880e-01	-5.441152e-02
5.467136e-01	-5.924687e-02
5.467392e-01	-6.403032e-02
5.467648e-01	-6.886539e-02
5.467904e-01	-7.365949e-02
5.468160e-01	-7.839142e-02
5.468416e-01	-8.309436e-02
5.468672e-01	-8.803713e-02
5.468928e-01	-9.275074e-02
5.469184e-01	-9.745010e-02
5.469440e-01	-1.021461e-01
5.469696e-01	-1.069713e-01
5.469952e-01	-1.116548e-01
5.470208e-01	-1.163757e-01
5.470464e-01	-1.211801e-01
5.470720e-01	-1.256776e-01
5.470976e-01	-1.303033e-01
5.471232e-01	-1.349682e-01
5.471488e-01	-1.395234e-01
5.471744e-01	-1.440883e-01
5.472000e-01	-1.486281e-01
5.472256e-01	-1.531948e-01
5.472512e-01	-1.577087e-01
5.472768e-01	-1.621789e-01
5.473024e-01	-1.666793e-01
5.473280e-01	-1.710888e-01
5.473536e-01	-1.754273e-01
5.473792e-01	-1.798304e-01
5.474048e-01	-1.841137e-01
5.474304e-01	-1.883416e-01
5.474560e-01	-1.926028e-01
5.474816e-01	-1.968247e-01
5.475072e-01	-2.008759e-01
5.475328e-01	-2.051744e-01
5.475584e-01	-2.090955e-01
5.475840e-01	-2.132095e-01
5.476096e-01	-2.172896e-01
5.476352e-01	-2.211695e-01
5.476608e-01	-2.250879e-01
5.476864e-01	-2.289444e-01
5.477120e-01	-2.328295e-01
5.477376e-01	-2.365708e-01
5.477632e-01	-2.403544e-01
5.477888e-01	-2.440253e-01
5.478144e-01	-2.476604e-01
5.478400e-01	-2.512416e-01
5.478656e-01	-2.547022e-01
5.478912e-01	-2.583136e-01
5.479168e-01	-2.615660e-01
5.479424e-01	-2.650255e-01
5.479680e-01	-2.683153e-01
5.479936e-01	-2.715489e-01
5.480192e-01	-2.747300e-01
5.480448e-01	-2.778423e-01
5.480704e-01	-2.810676e-01
5.480960e-01	-2.839363e-01
5.481216e-01	-2.869313e-01
5.481472e-01	-2.898358e-01
5.481728e-01	-2.925779e-01
5.481984e-01	-2.953389e-01
5.482240e-01	-2.981484e-01
5.482496e-01	-3.008239e-01
5.482752e-01	-3.032973e-01
5.483008e-01	-3.058949e-01
5.483264e-01	-3.082319e-01
5.483520e-01	-3.105955e-01
5.483776e-01	-3.129008e-01
5.484032e-01	-3.151653e-01
5.484288e-01	-3.173862e-01
5.484544e-01	-3.195838e-01
5.484800e-01	-3.214113e-01
5.485056e-01	-3.233942e-01
5.485312e-01	-3.253909e-01
5.485568e-01	-3.271306e-01
5.485824e-01	-3.288149e-01
5.486080e-01	-3.303891e-01
5.486336e-01	-3.320897e-01
5.486592e-01	-3.337208e-01
5.486848e-01	-3.350670e-01
5.487104e-01	-3.365258e-01
5.487360e-01	-3.378504e-01
5.487616e-01	-3.390316e-01
5.487872e-01	-3.400914e-01
5.488128e-01	-3.412181e-01
5.488384e-01	-3.422652e-01
5.488640e-01	-3.432314e-01
5.488896e-01	-3.440687e-01
5.489152e-01	-3.447570e-01
5.489408e-01	-3.454773e-01
5.489664e-01	-3.461570e-01
5.489920e-01	-3.465935e-01
5.490176e-01	-3.472179e-01
5.490432e-01	-3.475916e-01
5.490688e-01	-3.478567e-01
5.490944e-01	-3.481526e-01
5.491200e-01	-3.482285e-01
5.491456e-01	-3.483990e-01
5.491712e-01	-3.484457e-01
5.491968e-01	-3.482459e-01
5.492224e-01	-3.480959e-01
5.492480e-01	-3.479550e-01
5.492736e-01	-3.476454e-01
5.492992e-01	-3.471730e-01
5.493248e-01	-3.467321e-01
5.493504e-01	-3.461498e-01
5.493760e-01	-3.456042e-01
5.494016e-01	-3.449547e-01
5.494272e-01	-3.442205e-01
5.494528e-01	-3.432848e-01
5.494784e-01	-3.423292e-01
5.495040e-01	-3.414649e-01
5.495296e-01	-3.402702e-01
5.495552e-01	-3.391454e-01
5.495808e-01	-3.380042e-01
5.496064e-01	-3.365518e-01
5.496320e-01	-3.353608e-01
5.496576e-01	-3.338590e-01
5.496832e-01	-3.322712e-01
5.497088e-01	-3.306712e-01
5.497344e-01	-3.290254e-01
5.497600e-01	-3.272303e-01
5.497856e-01	-3.254800e-01
5.498112e-01	-3.236845e-01
5.498368e-01	-3.216999e-01
5.498624e-01	-3.196757e-01
5.498880e-01	-3.174494e-01
5.499136e-01	-3.153310e-01
5.499392e-01	-3.132197e-01
5.499648e-01	-3.108300e-01
5.499904e-01	-3.085067e-01
5.500160e-01	-3.060983e-01
5.500416e-01	-3.035107e-01
5.500672e-01	-3.009836e-01
5.500928e-01	-2.983570e-01
5.501184e-01	-2.956841e-01
5.501440e-01	-2.929204e-01
5.501696e-01	-2.900158e-01
5.501952e-01	-2.871349e-01
5.502208e-01	-2.842578e-01
5.502464e-01	-2.812436e-01
5.502720e-01	-2.780476e-01
5.502976e-01	-2.751512e-01
5.503232e-01	-2.717498e-01
5.503488e-01	-2.686684e-01
5.503744e-01	-2.653346e-01
5.504000e-01	-2.618039e-01
5.504256e-01	-2.586341e-01
5.504512e-01	-2.550634e-01
5.504768e-01	-2.515754e-01
5.505024e-01	-2.479846e-01
5.505280e-01	-2.443325e-01
5.505536e-01	-2.407616e-01
5.505792e-01	-2.370293e-01
5.506048e-01	-2.332086e-01
5.506304e-01	-2.294088e-01
5.506560e-01	-2.255041e-01
5.506816e-01	-2.215020e-01
5.507072e-01	-2.176646e-01
5.507328e-01	-2.135969e-01
5.507584e-01	-2.094943e-01
5.507840e-01	-2.054403e-01
5.508096e-01	-2.014063e-01
5.508352e-01	-1.971669e-01
5.508608e-01	-1.929554e-01
5.508864e-01	-1.887104e-01
5.509120e-01	-1.844273e-01
5.509376e-01	-1.801888e-01
5.509632e-01	-1.757430e-01
5.509888e-01	-1.713678e-01
5.510144e-01	-1.670719e-01
5.510400e-01	-1.625872e-01
5.510656e-01	-1.581276e-01
5.510912e-01	-1.536039e-01
5.511168e-01	-1.490967e-01
5.511424e-01	-1.445809e-01
5.511680e-01	-1.400166e-01
5.511936e-01	-1.354671e-01
5.512192e-01	-1.306900e-01
5.512448e-01	-1.260279e-01
5.512704e-01	-1.214469e-01
5.512960e-01	-1.167761e-01
5.513216e-01	-1.120401e-01
5.513472e-01	-1.072615e-01
5.513728e-01	-1.027788e-01
5.513984e-01	-9.784420e-02
5.514240e-01	-9.311505e-02
5.514496e-01	-8.836966e-02
5.514752e-01	-8.354034e-02
5.515008e-01	-7.881648e-02
5.515264e-01	-7.395755e-02
5.515520e-01	-6.922853e-02
5.515776e-01	-6.439880e-02
5.516032e-01	-5.964604e-02
5.516288e-01	-5.470137e-02
5.516544e-01	-4.990754e-02
5.516800e-01	-4.517999e-02
5.517056e-01	-4.041641e-02
5.517312e-01	-3.560065e-02
5.517568e-01	-3.082050e-02
5.517824e-01	-2.591191e-02
5.518080e-01	-2.104540e-02
5.518336e-01	-1.638352e-02
5.518592e-01	-1.152989e-02
5.518848e-01	-6.841773e-03
5.519104e-01	-1.994699e-03
5.519360e-01	2.803538e-03
5.519616e-01	7.462707e-03
5.519872e-01	1.213888e-02
5.520128e-01	1.692872e-02
5.520384e-01	2.164077e-02
5.520640e-01	2.619694e-02
5.520896e-01	3.084892e-02
5.521152e-01	3.549828e-02
5.521408e-01	3.996221e-02
5.521664e-01	4.469528e-02
5.521920e-01	4.920083e-02
5.522176e-01	5.373220e-02
5.522432e-01	5.828527e-02
5.522688e-01	6.260008e-02
5.522944e-01	6.720480e-02
5.523200e-01	7.154118e-02
5.523456e-01	7.591216e-02
5.523712e-01	8.041354e-02
5.523968e-01	8.445423e-02
5.524224e-01	8.887408e-02
5.524480e-01	9.319868e-02
5.524736e-01	9.736897e-02
5.524992e-01	1.015022e-01
5.525248e-01	1.056389e-01
5.525504e-01	1.097654e-01
5.525760e-01	1.137004e-01
5.526016e-01	1.177893e-01
5.526272e-01	1.217261e-01
5.526528e-01	1.257033e-01
5.526784e-01	1.296410e-01
5.527040e-01	1.333753e-01
5.527296e-01	1.371714e-01
5.527552e-01	1.410046e-01
5.527808e-01	1.445619e-01
5.528064e-01	1.480701e-01
5.528320e-01	1.518116e-01
5.528576e-01	1.552794e-01
5.528832e-01	1.587537e-01
5.529088e-01	1.621169e-01
5.529344e-01	1.656705e-01
5.529600e-01	1.688907e-01
5.529856e-01	1.721208e-01
5.530112e-01	1.752639e-01
5.530368e-01	1.784362e-01
5.530624e-01	1.816032e-01
5.530880e-01	1.844417e-01
5.531136e-01	1.875435e-01
5.531392e-01	1.902651e-01
5.531648e-01	1.930713e-01
5.531904e-01	1.959835e-01
5.532160e-01	1.986071e-01
5.532416e-01	2.013617e-01
5.532672e-01	2.038003e-01
5.532928e-01	2.063802e-01
5.533184e-01	2.088460e-01
5.533440e-01	2.112989e-01
5.533696e-01	2.135648e-01
5.533952e-01	2.156723e-01
5.534208e-01	2.179004e-01
5.534464e-01	2.201085e-01
5.534720e-01	2.221135e-01
5.534976e-01	2.241110e-01
5.535232e-01	2.258933e-01
5.535488e-01	2.277020e-01
5.535744e-01	2.294464e-01
5.536000e-01	2.311079e-01
5.536256e-01	2.327903e-01
5.536512e-01	2.343155e-01
5.536768e-01	2.357178e-01
5.537024e-01	2.371742e-01
5.537280e-01	2.384571e-01
5.537536e-01	2.395987e-01
5.537792e-01	2.407731e-01
5.538048e-01	2.419967e-01
5.538304e-01	2.429465e-01
5.538560e-01	2.438696e-01
5.538816e-01	2.446195e-01
5.539072e-01	2.454900e-01
5.539328e-01	2.461806e-01
5.539584e-01	2.468568e-01
5.539840e-01	2.473786e-01
5.540096e-01	2.477993e-01
5.540352e-01	2.482635e-01
5.540608e-01	2.484490e-01
5.540864e-01	2.487842e-01
5.541120e-01	2.489315e-01
5.541376e-01	2.490480e-01
5.541632e-01	2.491159e-01
5.541888e-01	2.488995e-01
5.542144e-01	2.489367e-01
5.542400e-01	2.486940e-01
5.542656e-01	2.481860e-01
5.542912e-01	2.478524e-01
5.543168e-01	2.476273e-01
5.543424e-01	2.469835e-01
5.543680e-01	2.462999e-01
5.543936e-01	2.456360e-01
5.544192e-01	2.448768e-01
5.544448e-01	2.439379e-01
5.544704e-01	2.430485e-01
5.544960e-01	2.421243e-01
5.545216e-01	2.410032e-01
5.545472e-01	2.397869e-01
5.545728e-01	2.386576e-01
5.545984e-01	2.372897e-01
5.546240e-01	2.360761e-01
5.546496e-01	2.345929e-01
5.546752e-01	2.329169e-01
5.547008e-01	2.314166e-01
5.547264e-01	2.297020e-01
5.547520e-01	2.279331e-01
5.547776e-01	2.261901e-01
5.548032e-01	2.243209e-01
5.548288e-01	2.224332e-01
5.548544e-01	2.204405e-01
5.548800e-01	2.182985e-01
5.549056e-01	2.161489e-01
5.549312e-01	2.139306e-01
5.549568e-01	2.116282e-01
5.549824e-01	2.092270e-01
5.550080e-01	2.066544e-01
5.550336e-01	2.042856e-01
5.550592e-01	2.016466e-01
5.550848e-01	1.990668e-01
5.551104e-01	1.964356e-01
5.551360e-01	1.935904e-01
5.551616e-01	1.908434e-01
5.551872e-01	1.879757e-01
5.552128e-01	1.849844e-01
5.552384e-01	1.820075e-01
5.552640e-01	1.788973e-01
5.552896e-01	1.757249e-01
5.553152e-01	1.725435e-01
5.553408e-01	1.694059e-01
5.553664e-01	1.661092e-01
5.553920e-01	1.626741e-01
5.554176e-01	1.593733e-01
5.554432e-01	1.559074e-01
5.554688e-01	1.522983e-01
5.554944e-01	1.488006e-01
5.555200e-01	1.451517e-01
5.555456e-01	1.415031e-01
5.555712e-01	1.376724e-01
5.555968e-01	1.340104e-01
5.556224e-01	1.301904e-01
5.556480e-01	1.262646e-01
5.556736e-01	1.223984e-01
5.556992e-01	1.184662e-01
5.557248e-01	1.143948e-01
5.557504e-01	1.104275e-01
5.557760e-01	1.062800e-01
5.558016e-01	1.020393e-01
5.558272e-01	9.807140e-02
5.558528e-01	9.382812e-02
5.558784e-01	8.953106e-02
5.559040e-01	8.535706e-02
5.559296e-01	8.104984e-02
5.559552e-01	7.664896e-02
5.559808e-01	7.223742e-02
5.560064e-01	6.789306e-02
5.560320e-01	6.344066e-02
5.560576e-01	5.899183e-02
5.560832e-01	5.447656e-02
5.561088e-01	4.996945e-02
5.561344e-01	4.535963e-02
5.561600e-01	4.089431e-02
5.561856e-01	3.612841e-02
5.562112e-01	3.163359e-02
5.562368e-01	2.693166e-02
5.562624e-01	2.221459e-02
5.562880e-01	1.765365e-02
5.563136e-01	1.290663e-02
5.563392e-01	8.321272e-03
5.563648e-01	3.407854e-03
5.563904e-01	-1.345218e-03
5.564160e-01	-5.997296e-03
5.564416e-01	-1.082445e-02
5.564672e-01	-1.545959e-02
5.564928e-01	-2.040714e-02
5.565184e-01	-2.524529e-02
5.565440e-01	-2.991421e-02
5.565696e-01	-3.458973e-02
5.565952e-01	-3.956800e-02
5.566208e-01	-4.440412e-02
5.566464e-01	-4.917481e-02
5.566720e-01	-5.395368e-02
5.566976e-01	-5.872239e-02
5.567232e-01	-6.365058e-02
5.567488e-01	-6.833303e-02
5.567744e-01	-7.310215e-02
5.568000e-01	-7.808455e-02
5.568256e-01	-8.266025e-02
5.568512e-01	-8.754557e-02
5.568768e-01	-9.222309e-02
5.569024e-01	-9.708098e-02
5.569280e-01	-1.018723e-01
5.569536e-01	-1.064965e-01
5.569792e-01	-1.113020e-01
5.570048e-01	-1.159178e-01
5.570304e-01	-1.205997e-01
5.570560e-01	-1.252431e-01
5.570816e-01	-1.299219e-01
5.571072e-01	-1.345354e-01
5.571328e-01	-1.391063e-01
5.571584e-01	-1.436482e-01
5.571840e-01	-1.482450e-01
5.572096e-01	-1.528626e-01
5.572352e-01	-1.572895e-01
5.572608e-01	-1.617827e-01
5.572864e-01	-1.661865e-01
5.573120e-01	-1.706851e-01
5.573376e-01	-1.750054e-01
5.573632e-01	-1.794827e-01
5.573888e-01	-1.836550e-01
5.574144e-01	-1.880324e-01
5.574400e-01	-1.922807e-01
5.574656e-01	-1.963135e-01
5.574912e-01	-2.006410e-01
5.575168e-01	-2.047384e-01
5.575424e-01	-2.087412e-01
5.575680e-01	-2.128213e-01
5.575936e-01	-2.168789e-01
5.576192e-01	-2.208987e-01
5.576448e-01	-2.247967e-01
5.576704e-01	-2.286918e-01
5.576960e-01	-2.324931e-01
5.577216e-01	-2.362923e-01
5.577472e-01	-2.399535e-01
5.577728e-01	-2.436273e-01
5.577984e-01	-2.473190e-01
5.578240e-01	-2.508680e-01
5.578496e-01	-2.543428e-01
5.578752e-01	-2.578653e-01
5.579008e-01	-2.613462e-01
5.579264e-01	-2.647386e-01
5.579520e-01	-2.679805e-01
5.579776e-01	-2.712871e-01
5.580032e-01	-2.744290e-01
5.580288e-01	-2.774240e-01
5.580544e-01	-2.806334e-01
5.580800e-01	-2.837361e-01
5.581056e-01	-2.865430e-01
5.581312e-01	-2.895373e-01
5.581568e-01	-2.923612e-01
5.581824e-01	-2.950838e-01
5.582080e-01	-2.977465e-01
5.582336e-01	-3.005592e-01
5.582592e-01	-3.030452e-01
5.582848e-01	-3.055027e-01
5.583104e-01	-3.080351e-01
5.583360e-01	-3.104601e-01
5.583616e-01	-3.127374e-01
5.583872e-01	-3.149612e-01
5.584128e-01	-3.170371e-01
5.584384e-01	-3.190947e-01
5.584640e-01	-3.212149e-01
5.584896e-01	-3.231962e-01
5.585152e-01	-3.251496e-01
5.585408e-01	-3.270269e-01
5.585664e-01	-3.286619e-01
5.585920e-01	-3.303854e-01
5.586176e-01	-3.319866e-01
5.586432e-01	-3.334972e-01
5.586688e-01	-3.350018e-01
5.586944e-01	-3.363856e-01
5.587200e-01	-3.377266e-01
5.587456e-01	-3.390059e-01
5.587712e-01	-3.400573e-01
5.587968e-01	-3.412067e-01
5.588224e-01	-3.422521e-01
5.588480e-01	-3.431602e-01
5.588736e-01	-3.439846e-01
5.588992e-01	-3.448175e-01
5.589248e-01	-3.455455e-01
5.589504e-01	-3.462245e-01
5.589760e-01	-3.466347e-01
5.590016e-01	-3.471381e-01
5.590272e-01	-3.476577e-01
5.590528e-01	-3.478605e-01
5.590784e-01	-3.481606e-01
5.591040e-01	-3.483360e-01
5.591296e-01	-3.483406e-01
5.591552e-01	-3.483502e-01
5.591808e-01	-3.483005e-01
5.592064e-01	-3.482019e-01
5.592320e-01	-3.478512e-01
5.592576e-01	-3.476722e-01
5.592832e-01	-3.472642e-01
5.593088e-01	-3.468920e-01
5.593344e-01	-3.463160e-01
5.593600e-01	-3.455391e-01
5.593856e-01	-3.450404e-01
5.594112e-01	-3.442521e-01
5.594368e-01	-3.433491e-01
5.594624e-01	-3.425584e-01
5.594880e-01	-3.414830e-01
5.595136e-01	-3.403836e-01
5.595392e-01	-3.392954e-01
5.595648e-01	-3.381346e-01
5.595904e-01	-3.368195e-01
5.596160e-01	-3.353565e-01
5.596416e-01	-3.340105e-01
5.596672e-01	-3.324755e-01
5.596928e-01	-3.308360e-01
5.597184e-01	-3.293487e-01
5.597440e-01	-3.273935e-01
5.597696e-01	-3.256358e-01
5.597952e-01	-3.238234e-01
5.598208e-01	-3.218566e-01
5.598464e-01	-3.198699e-01
5.598720e-01	-3.177605e-01
5.598976e-01	-3.156335e-01
5.599232e-01	-3.133349e-01
5.599488e-01	-3.109997e-01
5.599744e-01	-3.087610e-01
5.600000e-01	-3.061969e-01
5.600256e-01	-3.037663e-01
5.600512e-01	-3.012859e-01
5.600768e-01	-2.986142e-01
5.601024e-01	-2.958497e-01
5.601280e-01	-2.931984e-01
5.601536e-01	-2.903252e-01
5.601792e-01	-2.874265e-01
5.602048e-01	-2.846236e-01
5.602304e-01	-2.814823e-01
5.602560e-01	-2.784473e-01
5.602816e-01	-2.753665e-01
5.603072e-01	-2.721113e-01
5.603328e-01	-2.689047e-01
5.603584e-01	-2.654994e-01
5.603840e-01	-2.622547e-01
5.604096e-01	-2.588858e-01
5.604352e-01	-2.554015e-01
5.604608e-01	-2.518513e-01
5.604864e-01	-2.483039e-01
5.605120e-01	-2.446754e-01
5.605376e-01	-2.411185e-01
5.605632e-01	-2.373354e-01
5.605888e-01	-2.335793e-01
5.606144e-01	-2.298449e-01
5.606400e-01	-2.258950e-01
5.606656e-01	-2.219576e-01
5.606912e-01	-2.180094e-01
5.607168e-01	-2.140196e-01
5.607424e-01	-2.099821e-01
5.607680e-01	-2.058571e-01
5.607936e-01	-2.018206e-01
5.608192e-01	-1.975908e-01
5.608448e-01	-1.934234e-01
5.608704e-01	-1.891746e-01
5.608960e-01	-1.848678e-01
5.609216e-01	-1.805396e-01
5.609472e-01	-1.761781e-01
5.609728e-01	-1.718383e-01
5.609984e-01	-1.674845e-01
5.610240e-01	-1.631106e-01
5.610496e-01	-1.585645e-01
5.610752e-01	-1.540643e-01
5.611008e-01	-1.495781e-01
5.611264e-01	-1.449322e-01
5.611520e-01	-1.403935e-01
5.611776e-01	-1.357598e-01
5.612032e-01	-1.312352e-01
5.612288e-01	-1.265518e-01
5.612544e-01	-1.219411e-01
5.612800e-01	-1.171360e-01
5.613056e-01	-1.125698e-01
5.613312e-01	-1.078858e-01
5.613568e-01	-1.029313e-01
5.613824e-01	-9.830592e-02
5.614080e-01	-9.352701e-02
5.614336e-01	-8.882043e-02
5.614592e-01	-8.404229e-02
5.614848e-01	-7.927248e-02
5.615104e-01	-7.456616e-02
5.615360e-01	-6.967448e-02
5.615616e-01	-6.487590e-02
5.615872e-01	-6.002357e-02
5.616128e-01	-5.524741e-02
5.616384e-01	-5.046867e-02
5.616640e-01	-4.570242e-02
5.616896e-01	-4.077565e-02
5.617152e-01	-3.598560e-02
5.617408e-01	-3.115390e-02
5.617664e-01	-2.636401e-02
5.617920e-01	-2.166764e-02
5.618176e-01	-1.675605e-02
5.618432e-01	-1.207253e-02
5.618688e-01	-7.213724e-03
5.618944e-01	-2.506162e-03
5.619200e-01	2.147581e-03
5.619456e-01	7.065326e-03
5.619712e-01	1.159882e-02
5.619968e-01	1.633642e-02
5.620224e-01	2.111209e-02
5.620480e-01	2.574708e-02
5.620736e-01	3.031719e-02
5.620992e-01	3.510425e-02
5.621248e-01	3.960668e-02
5.621504e-01	4.421417e-02
5.621760e-01	4.873564e-02
5.622016e-01	5.330163e-02
5.622272e-01	5.766305e-02
5.622528e-01	6.223824e-02
5.622784e-01	6.680196e-02
5.623040e-01	7.115756e-02
5.623296e-01	7.569620e-02
5.623552e-01	7.991432e-02
5.623808e-01	8.421771e-02
5.624064e-01	8.848066e-02
5.624320e-01	9.271740e-02
5.624576e-01	9.690006e-02
5.624832e-01	1.011209e-01
5.625088e-01	1.054022e-01
5.625344e-01	1.092831e-01
5.625600e-01	1.135209e-01
5.625856e-01	1.173919e-01
5.626112e-01	1.213306e-01
5.626368e-01	1.253656e-01
5.626624e-01	1.291173e-01
5.626880e-01	1.328398e-01
5.627136e-01	1.368481e-01
5.627392e-01	1.405760e-01
5.627648e-01	1.441425e-01
5.627904e-01	1.477885e-01
5.628160e-01	1.513689e-01
5.628416e-01	1.549649e-01
5.628672e-01	1.583920e-01
5.628928e-01	1.618622e-01
5.629184e-01	1.652419e-01
5.629440e-01	1.685409e-01
5.629696e-01	1.717001e-01
5.629952e-01	1.750149e-01
5.630208e-01	1.782421e-01
5.630464e-01	1.812342e-01
5.630720e-01	1.842929e-01
5.630976e-01	1.871064e-01
5.631232e-01	1.901191e-01
5.631488e-01	1.929244e-01
5.631744e-01	1.956291e-01
5.632000e-01	1.984256e-01
5.632256e-01	2.010680e-01
5.632512e-01	2.035607e-01
5.632768e-01	2.061223e-01
5.633024e-01	2.085983e-01
5.633280e-01	2.109373e-01
5.633536e-01	2.132476e-01
5.633792e-01	2.156329e-01
5.634048e-01	2.177121e-01
5.634304e-01	2.198271e-01
5.634560e-01	2.218446e-01
5.634816e-01	2.238517e-01
5.635072e-01	2.258917e-01
5.635328e-01	2.275245e-01
5.635584e-01	2.292434e-01
5.635840e-01	2.309730e-01
5.636096e-01	2.325573e-01
5.636352e-01	2.341630e-01
5.636608e-01	2.356211e-01
5.636864e-01	2.370604e-01
5.637120e-01	2.382658e-01
5.637376e-01	2.396160e-01
5.637632e-01	2.407389e-01
5.637888e-01	2.417499e-01
5.638144e-01	2.428675e-01
5.638400e-01	2.437914e-01
5.638656e-01	2.445683e-01
5.638912e-01	2.454692e-01
5.639168e-01	2.461535e-01
5.639424e-01	2.467380e-01
5.639680e-01	2.472679e-01
5.639936e-01	2.477513e-01
5.640192e-01	2.481980e-01
5.640448e-01	2.485617e-01
5.640704e-01	2.487456e-01
5.640960e-01	2.488869e-01
5.641216e-01	2.490374e-01
5.641472e-01	2.490079e-01
5.641728e-01	2.489720e-01
5.641984e-01	2.488111e-01
5.642240e-01	2.486173e-01
5.642496e-01	2.483448e-01
5.642752e-01	2.479631e-01
5.643008e-01	2.475564e-01
5.643264e-01	2.468838e-01
5.643520e-01	2.463662e-01
5.643776e-01	2.456777e-01
5.644032e-01	2.449368e-01
5.644288e-01	2.441057e-01
5.644544e-01	2.432387e-01
5.644800e-01	2.422127e-01
5.645056e-01	2.411716e-01
5.645312e-01	2.400231e-01
5.645568e-01	2.387326e-01
5.645824e-01	2.374849e-01
5.646080e-01	2.361975e-01
5.646336e-01	2.346652e-01
5.646592e-01	2.331235e-01
5.646848e-01	2.315222e-01
5.647104e-01	2.298991e-01
5.647360e-01	2.281533e-01
5.647616e-01	2.263834e-01
5.647872e-01	2.245065e-01
5.648128e-01	2.225189e-01
5.648384e-01	2.205825e-01
5.648640e-01	2.184777e-01
5.648896e-01	2.162663e-01
5.649152e-01	2.141553e-01
5.649408e-01	2.117311e-01
5.649664e-01	2.094025e-01
5.649920e-01	2.070610e-01
5.650176e-01	2.045771e-01
5.650432e-01	2.018714e-01
5.650688e-01	1.993149e-01
5.650944e-01	1.966048e-01
5.651200e-01	1.939011e-01
5.651456e-01	1.910772e-01
5.651712e-01	1.881081e-01
5.651968e-01	1.851975e-01
5.652224e-01	1.822903e-01
5.652480e-01	1.791143e-01
5.652736e-01	1.760711e-01
5.652992e-01	1.728865e-01
5.653248e-01	1.696326e-01
5.653504e-01	1.663286e-01
5.653760e-01	1.630441e-01
5.654016e-01	1.596512e-01
5.654272e-01	1.560864e-01
5.654528e-01	1.525803e-01
5.654784e-01	1.490342e-01
5.655040e-01	1.455009e-01
5.655296e-01	1.417881e-01
5.655552e-01	1.380488e-01
5.655808e-01	1.343831e-01
5.656064e-01	1.304237e-01
5.656320e-01	1.266315e-01
5.656576e-01	1.227442e-01
5.656832e-01	1.187797e-01
5.657088e-01	1.147583e-01
5.657344e-01	1.107842e-01
5.657600e-01	1.066860e-01
5.657856e-01	1.024920e-01
5.658112e-01	9.844860e-02
5.658368e-01	9.416284e-02
5.658624e-01	8.981042e-02
5.658880e-01	8.567178e-02
5.659136e-01	8.132725e-02
5.659392e-01	7.689791e-02
5.659648e-01	7.259717e-02
5.659904e-01	6.837703e-02
5.660160e-01	6.385773e-02
5.660416e-01	5.931550e-02
5.660672e-01	5.484907e-02
5.660928e-01	5.038521e-02
5.661184e-01	4.582853e-02
5.661440e-01	4.121758e-02
5.661696e-01	3.658370e-02
5.661952e-01	3.198016e-02
5.662208e-01	2.729619e-02
5.662464e-01	2.279758e-02
5.662720e-01	1.798383e-02
5.662976e-01	1.328231e-02
5.663232e-01	8.631176e-03
5.663488e-01	3.916821e-03
5.663744e-01	-7.123367e-04
5.664000e-01	-5.597509e-03
5.664256e-01	-1.026562e-02
5.664512e-01	-1.516745e-02
5.664768e-01	-1.989204e-02
5.665024e-01	-2.470106e-02
5.665280e-01	-2.964210e-02
5.665536e-01	-3.414077e-02
5.665792e-01	-3.916284e-02
5.666048e-01	-4.385643e-02
5.666304e-01	-4.851010e-02
5.666560e-01	-5.360460e-02
5.666816e-01	-5.830213e-02
5.667072e-01	-6.308943e-02
5.667328e-01	-6.795892e-02
5.667584e-01	-7.265262e-02
5.667840e-01	-7.756240e-02
5.668096e-01	-8.215699e-02
5.668352e-01	-8.692948e-02
5.668608e-01	-9.184983e-02
5.668864e-01	-9.653735e-02
5.669120e-01	-1.012743e-01
5.669376e-01	-1.060070e-01
5.669632e-01	-1.106865e-01
5.669888e-01	-1.154467e-01
5.670144e-01	-1.201834e-01
5.670400e-01	-1.248559e-01
5.670656e-01	-1.294886e-01
5.670912e-01	-1.341225e-01
5.671168e-01	-1.386681e-01
5.671424e-01	-1.432503e-01
5.671680e-01	-1.478366e-01
5.671936e-01	-1.523728e-01
5.672192e-01	-1.568766e-01
5.672448e-01	-1.613644e-01
5.672704e-01	-1.657450e-01
5.672960e-01	-1.701996e-01
5.673216e-01	-1.746782e-01
5.673472e-01	-1.789080e-01
5.673728e-01	-1.831867e-01
5.673984e-01	-1.875771e-01
5.674240e-01	-1.918722e-01
5.674496e-01	-1.960259e-01
5.674752e-01	-2.001009e-01
5.675008e-01	-2.044020e-01
5.675264e-01	-2.083811e-01
5.675520e-01	-2.124816e-01
5.675776e-01	-2.164538e-01
5.676032e-01	-2.204200e-01
5.676288e-01	-2.244024e-01
5.676544e-01	-2.282265e-01
5.676800e-01	-2.320242e-01
5.677056e-01	-2.358523e-01
5.677312e-01	-2.396182e-01
5.677568e-01	-2.432606e-01
5.677824e-01	-2.469189e-01
5.678080e-01	-2.505807e-01
5.678336e-01	-2.541191e-01
5.678592e-01	-2.575260e-01
5.678848e-01	-2.610345e-01
5.679104e-01	-2.643296e-01
5.679360e-01	-2.675928e-01
5.679616e-01	-2.710238e-01
5.679872e-01	-2.741352e-01
5.680128e-01	-2.772658e-01
5.680384e-01	-2.803869e-01
5.680640e-01	-2.833547e-01
5.680896e-01	-2.863392e-01
5.681152e-01	-2.893740e-01
5.681408e-01	-2.920880e-01
5.681664e-01	-2.948755e-01
5.681920e-01	-2.974615e-01
5.682176e-01	-3.001696e-01
5.682432e-01	-3.028177e-01
5.682688e-01	-3.053605e-01
5.682944e-01	-3.078882e-01
5.683200e-01	-3.102174e-01
5.683456e-01	-3.125104e-01
5.683712e-01	-3.147573e-01
5.683968e-01	-3.169505e-01
5.684224e-01	-3.190111e-01
5.684480e-01	-3.210685e-01
5.684736e-01	-3.230566e-01
5.684992e-01	-3.248929e-01
5.685248e-01	-3.268556e-01
5.685504e-01	-3.286021e-01
5.685760e-01	-3.302521e-01
5.686016e-01	-3.318534e-01
5.686272e-01	-3.335291e-01
5.686528e-01	-3.348672e-01
5.686784e-01	-3.363002e-01
5.687040e-01	-3.375907e-01
5.687296e-01	-3.387637e-01
5.687552e-01	-3.400634e-01
5.687808e-01	-3.411657e-01
5.688064e-01	-3.422317e-01
5.688320e-01	-3.431332e-01
5.688576e-01	-3.439062e-01
5.688832e-01	-3.448437e-01
5.689088e-01	-3.454242e-01
5.689344e-01	-3.460315e-01
5.689600e-01	-3.465928e-01
5.689856e-01	-3.471471e-01
5.690112e-01	-3.475667e-01
5.690368e-01	-3.478279e-01
5.690624e-01	-3.480630e-01
5.690880e-01	-3.482702e-01
5.691136e-01	-3.483945e-01
5.691392e-01	-3.484133e-01
5.691648e-01	-3.483743e-01
5.691904e-01	-3.482557e-01
5.692160e-01	-3.479989e-01
5.692416e-01	-3.477155e-01
5.692672e-01	-3.473481e-01
5.692928e-01	-3.469277e-01
5.693184e-01	-3.463377e-01
5.693440e-01	-3.457716e-01
5.693696e-01	-3.451290e-01
5.693952e-01	-3.444239e-01
5.694208e-01	-3.434223e-01
5.694464e-01	-3.425260e-01
5.694720e-01	-3.416807e-01
5.694976e-01	-3.405690e-01
5.695232e-01	-3.394184e-01
5.695488e-01	-3.382050e-01
5.695744e-01	-3.369859e-01
5.696000e-01	-3.355217e-01
5.696256e-01	-3.341350e-01
5.696512e-01	-3.327255e-01
5.696768e-01	-3.310362e-01
5.697024e-01	-3.296102e-01
5.697280e-01	-3.277159e-01
5.697536e-01	-3.258775e-01
5.697792e-01	-3.239638e-01
5.698048e-01	-3.220677e-01
5.698304e-01	-3.200889e-01
5.698560e-01	-3.178145e-01
5.698816e-01	-3.158997e-01
5.699072e-01	-3.136619e-01
5.699328e-01	-3.113020e-01
5.699584e-01	-3.089217e-01
5.699840e-01	-3.065426e-01
5.700096e-01	-3.041667e-01
5.700352e-01	-3.014772e-01
5.700608e-01	-2.989575e-01
5.700864e-01	-2.961338e-01
5.701120e-01	-2.933897e-01
5.701376e-01	-2.905559e-01
5.701632e-01	-2.876905e-01
5.701888e-01	-2.848305e-01
5.702144e-01	-2.818021e-01
5.702400e-01	-2.787999e-01
5.702656e-01	-2.756452e-01
5.702912e-01	-2.725105e-01
5.703168e-01	-2.693430e-01
5.703424e-01	-2.658786e-01
5.703680e-01	-2.625848e-01
5.703936e-01	-2.591889e-01
5.704192e-01	-2.557640e-01
5.704448e-01	-2.522380e-01
5.704704e-01	-2.485817e-01
5.704960e-01	-2.450886e-01
5.705216e-01	-2.414097e-01
5.705472e-01	-2.377281e-01
5.705728e-01	-2.339544e-01
5.705984e-01	-2.300692e-01
5.706240e-01	-2.263319e-01
5.706496e-01	-2.223040e-01
5.706752e-01	-2.183705e-01
5.707008e-01	-2.144241e-01
5.707264e-01	-2.104781e-01
5.707520e-01	-2.063239e-01
5.707776e-01	-2.021377e-01
5.708032e-01	-1.979909e-01
5.708288e-01	-1.937984e-01
5.708544e-01	-1.895733e-01
5.708800e-01	-1.853814e-01
5.709056e-01	-1.810447e-01
5.709312e-01	-1.766765e-01
5.709568e-01	-1.723110e-01
5.709824e-01	-1.678809e-01
5.710080e-01	-1.633756e-01
5.710336e-01	-1.589814e-01
5.710592e-01	-1.545731e-01
5.710848e-01	-1.500081e-01
5.711104e-01	-1.453654e-01
5.711360e-01	-1.409838e-01
5.711616e-01	-1.362938e-01
5.711872e-01	-1.316796e-01
5.712128e-01	-1.270052e-01
5.712384e-01	-1.223691e-01
5.712640e-01	-1.177460e-01
5.712896e-01	-1.127842e-01
5.713152e-01	-1.082968e-01
5.713408e-01	-1.036360e-01
5.713664e-01	-9.880684e-02
5.713920e-01	-9.403447e-02
5.714176e-01	-8.926342e-02
5.714432e-01	-8.451529e-02
5.714688e-01	-7.966440e-02
5.714944e-01	-7.500812e-02
5.715200e-01	-7.016421e-02
5.715456e-01	-6.544119e-02
5.715712e-01	-6.060937e-02
5.715968e-01	-5.580455e-02
5.716224e-01	-5.089662e-02
5.716480e-01	-4.610255e-02
5.716736e-01	-4.129872e-02
5.716992e-01	-3.649608e-02
5.717248e-01	-3.172501e-02
5.717504e-01	-2.673458e-02
5.717760e-01	-2.205731e-02
5.718016e-01	-1.727979e-02
5.718272e-01	-1.252278e-02
5.718528e-01	-7.702905e-03
5.718784e-01	-2.975666e-03
5.719040e-01	1.671829e-03
5.719296e-01	6.560666e-03
5.719552e-01	1.122866e-02
5.719808e-01	1.592624e-02
5.720064e-01	2.060898e-02
5.720320e-01	2.524967e-02
5.720576e-01	2.988777e-02
5.720832e-01	3.461457e-02
5.721088e-01	3.909149e-02
5.721344e-01	4.365466e-02
5.721600e-01	4.825760e-02
5.721856e-01	5.283776e-02
5.722112e-01	5.733734e-02
5.722368e-01	6.174188e-02
5.722624e-01	6.628681e-02
5.722880e-01	7.066923e-02
5.723136e-01	7.497767e-02
5.723392e-01	7.937419e-02
5.723648e-01	8.376434e-02
5.723904e-01	8.807569e-02
5.724160e-01	9.224182e-02
5.724416e-01	9.657026e-02
5.724672e-01	1.006760e-01
5.724928e-01	1.048506e-01
5.725184e-01	1.090086e-01
5.725440e-01	1.130131e-01
5.725696e-01	1.170071e-01
5.725952e-01	1.208452e-01
5.726208e-01	1.249905e-01
5.726464e-01	1.288665e-01
5.726720e-01	1.325244e-01
5.726976e-01	1.364671e-01
5.727232e-01	1.400671e-01
5.727488e-01	1.439062e-01
5.727744e-01	1.475080e-01
5.728000e-01	1.509293e-01
5.728256e-01	1.545141e-01
5.728512e-01	1.582084e-01
5.728768e-01	1.615893e-01
5.729024e-01	1.648749e-01
5.729280e-01	1.682699e-01
5.729536e-01	1.714268e-01
5.729792e-01	1.746847e-01
5.730048e-01	1.778011e-01
5.730304e-01	1.807877e-01
5.730560e-01	1.838335e-01
5.730816e-01	1.868804e-01
5.731072e-01	1.898199e-01
5.731328e-01	1.925586e-01
5.731584e-01	1.954660e-01
5.731840e-01	1.981571e-01
5.732096e-01	2.007670e-01
5.732352e-01	2.033670e-01
5.732608e-01	2.059741e-01
5.732864e-01	2.083511e-01
5.733120e-01	2.108278e-01
5.733376e-01	2.131193e-01
5.733632e-01	2.152482e-01
5.733888e-01	2.176431e-01
5.734144e-01	2.195570e-01
5.734400e-01	2.216458e-01
5.734656e-01	2.236605e-01
5.734912e-01	2.254507e-01
5.735168e-01	2.274849e-01
5.735424e-01	2.290208e-01
5.735680e-01	2.308641e-01
5.735936e-01	2.324441e-01
5.736192e-01	2.339741e-01
5.736448e-01	2.354421e-01
5.736704e-01	2.368468e-01
5.736960e-01	2.382666e-01
5.737216e-01	2.393982e-01
5.737472e-01	2.406711e-01
5.737728e-01	2.417014e-01
5.737984e-01	2.427237e-01
5.738240e-01	2.436915e-01
5.738496e-01	2.445772e-01
5.738752e-01	2.453976e-01
5.739008e-01	2.460012e-01
5.739264e-01	2.466535e-01
5.739520e-01	2.472124e-01
5.739776e-01	2.477645e-01
5.740032e-01	2.481258e-01
5.740288e-01	2.484497e-01
5.740544e-01	2.487259e-01
5.740800e-01	2.489597e-01
5.741056e-01	2.490138e-01
5.741312e-01	2.490180e-01
5.741568e-01	2.489387e-01
5.741824e-01	2.489280e-01
5.742080e-01	2.485484e-01
5.742336e-01	2.483002e-01
5.742592e-01	2.478741e-01
5.742848e-01	2.473753e-01
5.743104e-01	2.470858e-01
5.743360e-01	2.464263e-01
5.743616e-01	2.456305e-01
5.743872e-01	2.449223e-01
5.744128e-01	2.441603e-01
5.744384e-01	2.432486e-01
5.744640e-01	2.421459e-01
5.744896e-01	2.411341e-01
5.745152e-01	2.401516e-01
5.745408e-01	2.388904e-01
5.745664e-01	2.375580e-01
5.745920e-01	2.362159e-01
5.746176e-01	2.348508e-01
5.746432e-01	2.333660e-01
5.746688e-01	2.316410e-01
5.746944e-01	2.300765e-01
5.747200e-01	2.282128e-01
5.747456e-01	2.265599e-01
5.747712e-01	2.247236e-01
5.747968e-01	2.226608e-01
5.748224e-01	2.206728e-01
5.748480e-01	2.186104e-01
5.748736e-01	2.164733e-01
5.748992e-01	2.142645e-01
5.749248e-01	2.119153e-01
5.749504e-01	2.097467e-01
5.749760e-01	2.072682e-01
5.750016e-01	2.046736e-01
5.750272e-01	2.022608e-01
5.750528e-01	1.995918e-01
5.750784e-01	1.968032e-01
5.751040e-01	1.941281e-01
5.751296e-01	1.913248e-01
5.751552e-01	1.884706e-01
5.751808e-01	1.855355e-01
5.752064e-01	1.825253e-01
5.752320e-01	1.794952e-01
5.752576e-01	1.764481e-01
5.752832e-01	1.732016e-01
5.753088e-01	1.698930e-01
5.753344e-01	1.666996e-01
5.753600e-01	1.633205e-01
5.753856e-01	1.599848e-01
5.754112e-01	1.564729e-01
5.754368e-01	1.528271e-01
5.754624e-01	1.494926e-01
5.754880e-01	1.457938e-01
5.755136e-01	1.422672e-01
5.755392e-01	1.383064e-01
5.755648e-01	1.345882e-01
5.755904e-01	1.309056e-01
5.756160e-01	1.270064e-01
5.756416e-01	1.231645e-01
5.756672e-01	1.191712e-01
5.756928e-01	1.152987e-01
5.757184e-01	1.111630e-01
5.757440e-01	1.070491e-01
5.757696e-01	1.029607e-01
5.757952e-01	9.880481e-02
5.758208e-01	9.457593e-02
5.758464e-01	9.030586e-02
5.758720e-01	8.612414e-02
5.758976e-01	8.183306e-02
5.759232e-01	7.764756e-02
5.759488e-01	7.309557e-02
5.759744e-01	6.870757e-02
5.760000e-01	6.432728e-02
5.760256e-01	5.981763e-02
5.760512e-01	5.532655e-02
5.760768e-01	5.082982e-02
5.761024e-01	4.623706e-02
5.761280e-01	4.167721e-02
5.761536e-01	3.703318e-02
5.761792e-01	3.245926e-02
5.762048e-01	2.784200e-02
5.762304e-01	2.311788e-02
5.762560e-01	1.851998e-02
5.762816e-01	1.380700e-02
5.763072e-01	9.139679e-03
5.763328e-01	4.437383e-03
5.763584e-01	-2.856813e-04
5.763840e-01	-5.098102e-03
5.764096e-01	-1.001047e-02
5.764352e-01	-1.461711e-02
5.764608e-01	-1.943232e-02
5.764864e-01	-2.429210e-02
5.765120e-01	-2.903260e-02
5.765376e-01	-3.381580e-02
5.765632e-01	-3.862335e-02
5.765888e-01	-4.350473e-02
5.766144e-01	-4.823708e-02
5.766400e-01	-5.295466e-02
5.766656e-01	-5.794268e-02
5.766912e-01	-6.266504e-02
5.767168e-01	-6.743558e-02
5.767424e-01	-7.215858e-02
5.767680e-01	-7.708122e-02
5.767936e-01	-8.191057e-02
5.768192e-01	-8.656518e-02
5.768448e-01	-9.151126e-02
5.768704e-01	-9.611644e-02
5.768960e-01	-1.008065e-01
5.769216e-01	-1.055742e-01
5.769472e-01	-1.103164e-01
5.769728e-01	-1.151145e-01
5.769984e-01	-1.196548e-01
5.770240e-01	-1.244209e-01
5.770496e-01	-1.290676e-01
5.770752e-01	-1.336570e-01
5.771008e-01	-1.381937e-01
5.771264e-01	-1.428697e-01
5.771520e-01	-1.473846e-01
5.771776e-01	-1.518692e-01
5.772032e-01	-1.565353e-01
5.772288e-01	-1.609359e-01
5.772544e-01	-1.652844e-01
5.772800e-01	-1.697804e-01
5.773056e-01	-1.741523e-01
5.773312e-01	-1.785213e-01
5.773568e-01	-1.828872e-01
5.773824e-01	-1.871722e-01
5.774080e-01	-1.914466e-01
5.774336e-01	-1.955792e-01
5.774592e-01	-1.997825e-01
5.774848e-01	-2.039103e-01
5.775104e-01	-2.079652e-01
5.775360e-01	-2.121359e-01
5.775616e-01	-2.160265e-01
5.775872e-01	-2.201741e-01
5.776128e-01	-2.240385e-01
5.776384e-01	-2.279030e-01
5.776640e-01	-2.317263e-01
5.776896e-01	-2.354713e-01
5.777152e-01	-2.392319e-01
5.777408e-01	-2.430678e-01
5.777664e-01	-2.465934e-01
5.777920e-01	-2.501236e-01
5.778176e-01	-2.537475e-01
5.778432e-01	-2.572258e-01
5.778688e-01	-2.607480e-01
5.778944e-01	-2.640703e-01
5.779200e-01	-2.673566e-01
5.779456e-01	-2.705891e-01
5.779712e-01	-2.739118e-01
5.779968e-01	-2.770228e-01
5.780224e-01	-2.799415e-01
5.780480e-01	-2.830851e-01
5.780736e-01	-2.859883e-01
5.780992e-01	-2.889786e-01
5.781248e-01	-2.918756e-01
5.781504e-01	-2.947158e-01
5.781760e-01	-2.973309e-01
5.782016e-01	-2.998662e-01
5.782272e-01	-3.025197e-01
5.782528e-01	-3.050788e-01
5.782784e-01	-3.075234e-01
5.783040e-01	-3.098751e-01
5.783296e-01	-3.122996e-01
5.783552e-01	-3.146156e-01
5.783808e-01	-3.167534e-01
5.784064e-01	-3.189541e-01
5.784320e-01	-3.209641e-01
5.784576e-01	-3.229849e-01
5.784832e-01	-3.247820e-01
5.785088e-01	-3.267319e-01
5.785344e-01	-3.284583e-01
5.785600e-01	-3.300924e-01
5.785856e-01	-3.316914e-01
5.786112e-01	-3.332451e-01
5.786368e-01	-3.347293e-01
5.786624e-01	-3.360949e-01
5.786880e-01	-3.373486e-01
5.787136e-01	-3.387071e-01
5.787392e-01	-3.398920e-01
5.787648e-01	-3.410140e-01
5.787904e-01	-3.420359e-01
5.788160e-01	-3.429448e-01
5.788416e-01	-3.438457e-01
5.788672e-01	-3.446335e-01
5.788928e-01	-3.453405e-01
5.789184e-01	-3.460270e-01
5.789440e-01	-3.465643e-01
5.789696e-01	-3.471666e-01
5.789952e-01	-3.474307e-01
5.790208e-01	-3.477443e-01
5.790464e-01	-3.480693e-01
5.790720e-01	-3.481707e-01
5.790976e-01	-3.484102e-01
5.791232e-01	-3.482949e-01
5.791488e-01	-3.482029e-01
5.791744e-01	-3.481996e-01
5.792000e-01	-3.479344e-01
5.792256e-01	-3.477035e-01
5.792512e-01	-3.473439e-01
5.792768e-01	-3.469293e-01
5.793024e-01	-3.463072e-01
5.793280e-01	-3.457892e-01
5.793536e-01	-3.451003e-01
5.793792e-01	-3.443975e-01
5.794048e-01	-3.436342e-01
5.794304e-01	-3.427022e-01
5.794560e-01	-3.417827e-01
5.794816e-01	-3.406360e-01
5.795072e-01	-3.395380e-01
5.795328e-01	-3.383663e-01
5.795584e-01	-3.369783e-01
5.795840e-01	-3.357993e-01
5.796096e-01	-3.342949e-01
5.796352e-01	-3.327650e-01
5.796608e-01	-3.313334e-01
5.796864e-01	-3.295691e-01
5.797120e-01	-3.278109e-01
5.797376e-01	-3.261103e-01
5.797632e-01	-3.241342e-01
5.797888e-01	-3.222024e-01
5.798144e-01	-3.201708e-01
5.798400e-01	-3.182114e-01
5.798656e-01	-3.160493e-01
5.798912e-01	-3.138604e-01
5.799168e-01	-3.115648e-01
5.799424e-01	-3.092171e-01
5.799680e-01	-3.068316e-01
5.799936e-01	-3.043811e-01
5.800192e-01	-3.017775e-01
5.800448e-01	-2.991310e-01
5.800704e-01	-2.965202e-01
5.800960e-01	-2.938492e-01
5.801216e-01	-2.909436e-01
5.801472e-01	-2.880319e-01
5.801728e-01	-2.851348e-01
5.801984e-01	-2.821152e-01
5.802240e-01	-2.791020e-01
5.802496e-01	-2.760561e-01
5.802752e-01	-2.728071e-01
5.803008e-01	-2.695456e-01
5.803264e-01	-2.662755e-01
5.803520e-01	-2.628917e-01
5.803776e-01	-2.595090e-01
5.804032e-01	-2.561071e-01
5.804288e-01	-2.525731e-01
5.804544e-01	-2.491027e-01
5.804800e-01	-2.452851e-01
5.805056e-01	-2.416963e-01
5.805312e-01	-2.379847e-01
5.805568e-01	-2.342706e-01
5.805824e-01	-2.304943e-01
5.806080e-01	-2.266395e-01
5.806336e-01	-2.227159e-01
5.806592e-01	-2.187366e-01
5.806848e-01	-2.146971e-01
5.807104e-01	-2.106049e-01
5.807360e-01	-2.067914e-01
5.807616e-01	-2.026420e-01
5.807872e-01	-1.983343e-01
5.808128e-01	-1.942479e-01
5.808384e-01	-1.899574e-01
5.808640e-01	-1.856219e-01
5.808896e-01	-1.813841e-01
5.809152e-01	-1.770651e-01
5.809408e-01	-1.726146e-01
5.809664e-01	-1.683672e-01
5.809920e-01	-1.638790e-01
5.810176e-01	-1.593672e-01
5.810432e-01	-1.550207e-01
5.810688e-01	-1.505141e-01
5.810944e-01	-1.458739e-01
5.811200e-01	-1.412799e-01
5.811456e-01	-1.366842e-01
5.811712e-01	-1.321734e-01
5.811968e-01	-1.273818e-01
5.812224e-01	-1.227332e-01
5.812480e-01	-1.180841e-01
5.812736e-01	-1.134487e-01
5.812992e-01	-1.087733e-01
5.813248e-01	-1.040114e-01
5.813504e-01	-9.937268e-02
5.813760e-01	-9.446131e-02
5.814016e-01	-8.975597e-02
5.814272e-01	-8.501678e-02
5.814528e-01	-8.017622e-02
5.814784e-01	-7.538959e-02
5.815040e-01	-7.041773e-02
5.815296e-01	-6.578925e-02
5.815552e-01	-6.093492e-02
5.815808e-01	-5.622234e-02
5.816064e-01	-5.139873e-02
5.816320e-01	-4.663955e-02
5.816576e-01	-4.169600e-02
5.816832e-01	-3.680734e-02
5.817088e-01	-3.217081e-02
5.817344e-01	-2.720803e-02
5.817600e-01	-2.253911e-02
5.817856e-01	-1.776667e-02
5.818112e-01	-1.293947e-02
5.818368e-01	-8.117762e-03
5.818624e-01	-3.378915e-03
5.818880e-01	1.195582e-03
5.819136e-01	6.179679e-03
5.819392e-01	1.073591e-02
5.819648e-01	1.544888e-02
5.819904e-01	2.014595e-02
5.820160e-01	2.476330e-02
5.820416e-01	2.954246e-02
5.820672e-01	3.400369e-02
5.820928e-01	3.865269e-02
5.821184e-01	4.332548e-02
5.821440e-01	4.775711e-02
5.821696e-01	5.236885e-02
5.821952e-01	5.677700e-02
5.822208e-01	6.141760e-02
5.822464e-01	6.584504e-02
5.822720e-01	7.017409e-02
5.822976e-01	7.467461e-02
5.823232e-01	7.898379e-02
5.823488e-01	8.332387e-02
5.823744e-01	8.772614e-02
5.824000e-01	9.194420e-02
5.824256e-01	9.600651e-02
5.824512e-01	1.002770e-01
5.824768e-01	1.044947e-01
5.825024e-01	1.085363e-01
5.825280e-01	1.126496e-01
5.825536e-01	1.165477e-01
5.825792e-01	1.206962e-01
5.826048e-01	1.245306e-01
5.826304e-01	1.283267e-01
5.826560e-01	1.323303e-01
5.826816e-01	1.360160e-01
5.827072e-01	1.398178e-01
5.827328e-01	1.434458e-01
5.827584e-01	1.470244e-01
5.827840e-01	1.507028e-01
5.828096e-01	1.541279e-01
5.828352e-01	1.578052e-01
5.828608e-01	1.611089e-01
5.828864e-01	1.645365e-01
5.829120e-01	1.679883e-01
5.829376e-01	1.711925e-01
5.829632e-01	1.744381e-01
5.829888e-01	1.775158e-01
5.830144e-01	1.806707e-01
5.830400e-01	1.835937e-01
5.830656e-01	1.865909e-01
5.830912e-01	1.895950e-01
5.831168e-01	1.923637e-01
5.831424e-01	1.952192e-01
5.831680e-01	1.978515e-01
5.831936e-01	2.005942e-01
5.832192e-01	2.031168e-01
5.832448e-01	2.057642e-01
5.832704e-01	2.081563e-01
5.832960e-01	2.104492e-01
5.833216e-01	2.128788e-01
5.833472e-01	2.151317e-01
5.833728e-01	2.173701e-01
5.833984e-01	2.194563e-01
5.834240e-01	2.214742e-01
5.834496e-01	2.235505e-01
5.834752e-01	2.253651e-01
5.835008e-01	2.271778e-01
5.835264e-01	2.289556e-01
5.835520e-01	2.307477e-01
5.835776e-01	2.322044e-01
5.836032e-01	2.337634e-01
5.836288e-01	2.354207e-01
5.836544e-01	2.367226e-01
5.836800e-01	2.380326e-01
5.837056e-01	2.392833e-01
5.837312e-01	2.404372e-01
5.837568e-01	2.415516e-01
5.837824e-01	2.425782e-01
5.838080e-01	2.436340e-01
5.838336e-01	2.443691e-01
5.838592e-01	2.452535e-01
5.838848e-01	2.460043e-01
5.839104e-01	2.466066e-01
5.839360e-01	2.471523e-01
5.839616e-01	2.477073e-01
5.839872e-01	2.480875e-01
5.840128e-01	2.484643e-01
5.840384e-01	2.486910e-01
5.840640e-01	2.489164e-01
5.840896e-01	2.489583e-01
5.841152e-01	2.489784e-01
5.841408e-01	2.490269e-01
5.841664e-01	2.487152e-01
5.841920e-01	2.485317e-01
5.842176e-01	2.483960e-01
5.842432e-01	2.479849e-01
5.842688e-01	2.474930e-01
5.842944e-01	2.471107e-01
5.843200e-01	2.464687e-01
5.843456e-01	2.457425e-01
5.843712e-01	2.450407e-01
5.843968e-01	2.441479e-01
5.844224e-01	2.433798e-01
5.844480e-01	2.423350e-01
5.844736e-01	2.412733e-01
5.844992e-01	2.401686e-01
5.845248e-01	2.389752e-01
5.845504e-01	2.377680e-01
5.845760e-01	2.362568e-01
5.846016e-01	2.348353e-01
5.846272e-01	2.335416e-01
5.846528e-01	2.317470e-01
5.846784e-01	2.302207e-01
5.847040e-01	2.284214e-01
5.847296e-01	2.266348e-01
5.847552e-01	2.248665e-01
5.847808e-01	2.228639e-01
5.848064e-01	2.209504e-01
5.848320e-01	2.188252e-01
5.848576e-01	2.167450e-01
5.848832e-01	2.144816e-01
5.849088e-01	2.122504e-01
5.849344e-01	2.099348e-01
5.849600e-01	2.073822e-01
5.849856e-01	2.049797e-01
5.850112e-01	2.023052e-01
5.850368e-01	1.998970e-01
5.850624e-01	1.971661e-01
5.850880e-01	1.944338e-01
5.851136e-01	1.914888e-01
5.851392e-01	1.885614e-01
5.851648e-01	1.858114e-01
5.851904e-01	1.827262e-01
5.852160e-01	1.797161e-01
5.852416e-01	1.766780e-01
5.852672e-01	1.733716e-01
5.852928e-01	1.702777e-01
5.853184e-01	1.668910e-01
5.853440e-01	1.635725e-01
5.853696e-01	1.603076e-01
5.853952e-01	1.567202e-01
5.854208e-01	1.533319e-01
5.854464e-01	1.497702e-01
5.854720e-01	1.460568e-01
5.854976e-01	1.424004e-01
5.855232e-01	1.386389e-01
5.855488e-01	1.350104e-01
5.855744e-01	1.311228e-01
5.856000e-01	1.272535e-01
5.856256e-01	1.234594e-01
5.856512e-01	1.195147e-01
5.856768e-01	1.154676e-01
5.857024e-01	1.115839e-01
5.857280e-01	1.074089e-01
5.857536e-01	1.032722e-01
5.857792e-01	9.914893e-02
5.858048e-01	9.486571e-02
5.858304e-01	9.070750e-02
5.858560e-01	8.637843e-02
5.858816e-01	8.216282e-02
5.859072e-01	7.787467e-02
5.859328e-01	7.345411e-02
5.859584e-01	6.915949e-02
5.859840e-01	6.469753e-02
5.860096e-01	6.019232e-02
5.860352e-01	5.575117e-02
5.860608e-01	5.127283e-02
5.860864e-01	4.664455e-02
5.861120e-01	4.203085e-02
5.861376e-01	3.757498e-02
5.861632e-01	3.297757e-02
5.861888e-01	2.827264e-02
5.862144e-01	2.362224e-02
5.862400e-01	1.890913e-02
5.862656e-01	1.429888e-02
5.862912e-01	9.558053e-03
5.863168e-01	4.854504e-03
5.863424e-01	1.367562e-04
5.863680e-01	-4.625519e-03
5.863936e-01	-9.378708e-03
5.864192e-01	-1.409774e-02
5.864448e-01	-1.902482e-02
5.864704e-01	-2.372745e-02
5.864960e-01	-2.857030e-02
5.865216e-01	-3.339987e-02
5.865472e-01	-3.817457e-02
5.865728e-01	-4.306764e-02
5.865984e-01	-4.783559e-02
5.866240e-01	-5.261041e-02
5.866496e-01	-5.749213e-02
5.866752e-01	-6.217965e-02
5.867008e-01	-6.692675e-02
5.867264e-01	-7.176206e-02
5.867520e-01	-7.658873e-02
5.867776e-01	-8.144645e-02
5.868032e-01	-8.622235e-02
5.868288e-01	-9.095836e-02
5.868544e-01	-9.577408e-02
5.868800e-01	-1.005079e-01
5.869056e-01	-1.051256e-01
5.869312e-01	-1.098910e-01
5.869568e-01	-1.146301e-01
5.869824e-01	-1.192669e-01
5.870080e-01	-1.240301e-01
5.870336e-01	-1.286951e-01
5.870592e-01	-1.332083e-01
5.870848e-01	-1.378758e-01
5.871104e-01	-1.424410e-01
5.871360e-01	-1.468830e-01
5.871616e-01	-1.515637e-01
5.871872e-01	-1.559908e-01
5.872128e-01	-1.605464e-01
5.872384e-01	-1.650139e-01
5.872640e-01	-1.693935e-01
5.872896e-01	-1.738334e-01
5.873152e-01	-1.780510e-01
5.873408e-01	-1.824630e-01
5.873664e-01	-1.868116e-01
5.873920e-01	-1.910338e-01
5.874176e-01	-1.952965e-01
5.874432e-01	-1.994229e-01
5.874688e-01	-2.035939e-01
5.874944e-01	-2.076815e-01
5.875200e-01	-2.117257e-01
5.875456e-01	-2.157163e-01
5.875712e-01	-2.196620e-01
5.875968e-01	-2.235889e-01
5.876224e-01	-2.276058e-01
5.876480e-01	-2.313344e-01
5.876736e-01	-2.351094e-01
5.876992e-01	-2.388922e-01
5.877248e-01	-2.425609e-01
5.877504e-01	-2.462848e-01
5.877760e-01	-2.498619e-01
5.878016e-01	-2.534133e-01
5.878272e-01	-2.569557e-01
5.878528e-01	-2.602604e-01
5.878784e-01	-2.635867e-01
5.879040e-01	-2.670851e-01
5.879296e-01	-2.703942e-01
5.879552e-01	-2.734255e-01
5.879808e-01	-2.766643e-01
5.880064e-01	-2.798542e-01
5.880320e-01	-2.828686e-01
5.880576e-01	-2.858522e-01
5.880832e-01	-2.886976e-01
5.881088e-01	-2.914908e-01
5.881344e-01	-2.944195e-01
5.881600e-01	-2.971050e-01
5.881856e-01	-2.997947e-01
5.882112e-01	-3.023050e-01
5.882368e-01	-3.048119e-01
5.882624e-01	-3.073244e-01
5.882880e-01	-3.097097e-01
5.883136e-01	-3.120500e-01
5.883392e-01	-3.143846e-01
5.883648e-01	-3.165423e-01
5.883904e-01	-3.186841e-01
5.884160e-01	-3.206857e-01
5.884416e-01	-3.226813e-01
5.884672e-01	-3.245984e-01
5.884928e-01	-3.264260e-01
5.885184e-01	-3.283255e-01
5.885440e-01	-3.299986e-01
5.885696e-01	-3.316075e-01
5.885952e-01	-3.331117e-01
5.886208e-01	-3.346113e-01
5.886464e-01	-3.359902e-01
5.886720e-01	-3.373970e-01
5.886976e-01	-3.386742e-01
5.887232e-01	-3.396697e-01
5.887488e-01	-3.408885e-01
5.887744e-01	-3.418898e-01
5.888000e-01	-3.429501e-01
5.888256e-01	-3.436862e-01
5.888512e-01	-3.445514e-01
5.888768e-01	-3.452460e-01
5.889024e-01	-3.458197e-01
5.889280e-01	-3.465967e-01
5.889536e-01	-3.470858e-01
5.889792e-01	-3.475136e-01
5.890048e-01	-3.477846e-01
5.890304e-01	-3.480115e-01
5.890560e-01	-3.482964e-01
5.890816e-01	-3.483695e-01
5.891072e-01	-3.484127e-01
5.891328e-01	-3.484216e-01
5.891584e-01	-3.481804e-01
5.891840e-01	-3.480049e-01
5.892096e-01	-3.478057e-01
5.892352e-01	-3.474432e-01
5.892608e-01	-3.470206e-01
5.892864e-01	-3.464389e-01
5.893120e-01	-3.459386e-01
5.893376e-01	-3.451103e-01
5.893632e-01	-3.445302e-01
5.893888e-01	-3.436685e-01
5.894144e-01	-3.428399e-01
5.894400e-01	-3.418343e-01
5.894656e-01	-3.407021e-01
5.894912e-01	-3.397782e-01
5.895168e-01	-3.385524e-01
5.895424e-01	-3.373025e-01
5.895680e-01	-3.358687e-01
5.895936e-01	-3.344643e-01
5.896192e-01	-3.330182e-01
5.896448e-01	-3.313739e-01
5.896704e-01	-3.298112e-01
5.896960e-01	-3.280965e-01
5.897216e-01	-3.261634e-01
5.897472e-01	-3.243255e-01
5.897728e-01	-3.225214e-01
5.897984e-01	-3.203667e-01
5.898240e-01	-3.182908e-01
5.898496e-01	-3.162430e-01
5.898752e-01	-3.141885e-01
5.899008e-01	-3.117326e-01
5.899264e-01	-3.094846e-01
5.899520e-01	-3.070845e-01
5.899776e-01	-3.044445e-01
5.900032e-01	-3.019899e-01
5.900288e-01	-2.994314e-01
5.900544e-01	-2.967438e-01
5.900800e-01	-2.940320e-01
5.901056e-01	-2.912931e-01
5.901312e-01	-2.883032e-01
5.901568e-01	-2.854606e-01
5.901824e-01	-2.824773e-01
5.902080e-01	-2.792363e-01
5.902336e-01	-2.762381e-01
5.902592e-01	-2.730882e-01
5.902848e-01	-2.698660e-01
5.903104e-01	-2.665717e-01
5.903360e-01	-2.633649e-01
5.903616e-01	-2.598197e-01
5.903872e-01	-2.562969e-01
5.904128e-01	-2.530015e-01
5.904384e-01	-2.492924e-01
5.904640e-01	-2.456885e-01
5.904896e-01	-2.421196e-01
5.905152e-01	-2.383830e-01
5.905408e-01	-2.345744e-01
5.905664e-01	-2.307250e-01
5.905920e-01	-2.270348e-01
5.906176e-01	-2.231271e-01
5.906432e-01	-2.191282e-01
5.906688e-01	-2.151780e-01
5.906944e-01	-2.112254e-01
5.907200e-01	-2.069818e-01
5.907456e-01	-2.029366e-01
5.907712e-01	-1.988242e-01
5.907968e-01	-1.946205e-01
5.908224e-01	-1.903589e-01
5.908480e-01	-1.861186e-01
5.908736e-01	-1.818389e-01
5.908992e-01	-1.775346e-01
5.909248e-01	-1.730950e-01
5.909504e-01	-1.686987e-01
5.909760e-01	-1.642652e-01
5.910016e-01	-1.598488e-01
5.910272e-01	-1.554510e-01
5.910528e-01	-1.508308e-01
5.910784e-01	-1.462516e-01
5.911040e-01	-1.416730e-01
5.911296e-01	-1.371884e-01
5.911552e-01	-1.325945e-01
5.911808e-01	-1.278531e-01
5.912064e-01	-1.232890e-01
5.912320e-01	-1.185441e-01
5.912576e-01	-1.138898e-01
5.912832e-01	-1.091191e-01
5.913088e-01	-1.044322e-01
5.913344e-01	-9.967753e-02
5.913600e-01	-9.497762e-02
5.913856e-01	-9.020174e-02
5.914112e-01	-8.537479e-02
5.914368e-01	-8.077621e-02
5.914624e-01	-7.580255e-02
5.914880e-01	-7.099517e-02
5.915136e-01	-6.627210e-02
5.915392e-01	-6.139077e-02
5.915648e-01	-5.660581e-02
5.915904e-01	-5.182716e-02
5.916160e-01	-4.706734e-02
5.916416e-01	-4.213649e-02
5.916672e-01	-3.748381e-02
5.916928e-01	-3.251364e-02
5.917184e-01	-2.765149e-02
5.917440e-01	-2.301166e-02
5.917696e-01	-1.820868e-02
5.917952e-01	-1.344326e-02
5.918208e-01	-8.638175e-03
5.918464e-01	-3.881415e-03
5.918720e-01	8.524939e-04
5.918976e-01	5.578068e-03
5.919232e-01	1.023834e-02
5.919488e-01	1.498380e-02
5.919744e-01	1.973726e-02
5.920000e-01	2.439985e-02
5.920256e-01	2.906189e-02
5.920512e-01	3.372090e-02
5.920768e-01	3.811188e-02
5.921024e-01	4.291271e-02
5.921280e-01	4.743517e-02
5.921536e-01	5.188732e-02
5.921792e-01	5.650359e-02
5.922048e-01	6.100265e-02
5.922304e-01	6.548011e-02
5.922560e-01	6.984112e-02
5.922816e-01	7.424759e-02
5.923072e-01	7.856847e-02
5.923328e-01	8.300830e-02
5.923584e-01	8.719280e-02
5.923840e-01	9.142193e-02
5.924096e-01	9.579532e-02
5.924352e-01	9.978270e-02
5.924608e-01	1.040963e-01
5.924864e-01	1.081376e-01
5.925120e-01	1.122035e-01
5.925376e-01	1.163037e-01
5.925632e-01	1.202043e-01
5.925888e-01	1.241537e-01
5.926144e-01	1.280151e-01
5.926400e-01	1.318178e-01
5.926656e-01	1.357225e-01
5.926912e-01	1.393647e-01
5.927168e-01	1.432142e-01
5.927424e-01	1.468757e-01
5.927680e-01	1.503966e-01
5.927936e-01	1.539263e-01
5.928192e-01	1.574382e-01
5.928448e-01	1.607772e-01
5.928704e-01	1.642485e-01
5.928960e-01	1.676720e-01
5.929216e-01	1.708063e-01
5.929472e-01	1.741241e-01
5.929728e-01	1.772586e-01
5.929984e-01	1.802662e-01
5.930240e-01	1.833680e-01
5.930496e-01	1.863328e-01
5.930752e-01	1.892416e-01
5.931008e-01	1.920834e-01
5.931264e-01	1.949552e-01
5.931520e-01	1.976350e-01
5.931776e-01	2.003309e-01
5.932032e-01	2.027871e-01
5.932288e-01	2.053399e-01
5.932544e-01	2.079327e-01
5.932800e-01	2.102640e-01
5.933056e-01	2.126473e-01
5.933312e-01	2.149221e-01
5.933568e-01	2.171245e-01
5.933824e-01	2.193147e-01
5.934080e-01	2.212782e-01
5.934336e-01	2.233483e-01
5.934592e-01	2.251727e-01
5.934848e-01	2.271317e-01
5.935104e-01	2.288563e-01
5.935360e-01	2.306146e-01
5.935616e-01	2.320993e-01
5.935872e-01	2.336312e-01
5.936128e-01	2.352822e-01
5.936384e-01	2.366142e-01
5.936640e-01	2.379497e-01
5.936896e-01	2.391186e-01
5.937152e-01	2.404324e-01
5.937408e-01	2.414787e-01
5.937664e-01	2.425045e-01
5.937920e-01	2.434486e-01
5.938176e-01	2.443308e-01
5.938432e-01	2.452225e-01
5.938688e-01	2.457363e-01
5.938944e-01	2.465608e-01
5.939200e-01	2.471171e-01
5.939456e-01	2.476407e-01
5.939712e-01	2.480584e-01
5.939968e-01	2.484752e-01
5.940224e-01	2.486958e-01
5.940480e-01	2.487976e-01
5.940736e-01	2.489662e-01
5.940992e-01	2.490166e-01
5.941248e-01	2.490398e-01
5.941504e-01	2.488784e-01
5.941760e-01	2.485510e-01
5.942016e-01	2.483531e-01
5.942272e-01	2.481466e-01
5.942528e-01	2.476064e-01
5.942784e-01	2.470961e-01
5.943040e-01	2.466349e-01
5.943296e-01	2.457522e-01
5.943552e-01	2.450819e-01
5.943808e-01	2.442780e-01
5.944064e-01	2.435526e-01
5.944320e-01	2.424836e-01
5.944576e-01	2.413490e-01
5.944832e-01	2.403979e-01
5.945088e-01	2.391336e-01
5.945344e-01	2.378217e-01
5.945600e-01	2.364908e-01
5.945856e-01	2.350781e-01
5.946112e-01	2.336549e-01
5.946368e-01	2.319619e-01
5.946624e-01	2.303977e-01
5.946880e-01	2.286436e-01
5.947136e-01	2.269643e-01
5.947392e-01	2.250551e-01
5.947648e-01	2.230476e-01
5.947904e-01	2.212303e-01
5.948160e-01	2.190470e-01
5.948416e-01	2.170024e-01
5.948672e-01	2.147854e-01
5.948928e-01	2.123752e-01
5.949184e-01	2.101166e-01
5.949440e-01	2.076524e-01
5.949696e-01	2.053048e-01
5.949952e-01	2.026357e-01
5.950208e-01	2.000668e-01
5.950464e-01	1.974916e-01
5.950720e-01	1.946442e-01
5.950976e-01	1.917808e-01
5.951232e-01	1.890346e-01
5.951488e-01	1.861870e-01
5.951744e-01	1.831058e-01
5.952000e-01	1.801428e-01
5.952256e-01	1.769352e-01
5.952512e-01	1.737776e-01
5.952768e-01	1.705782e-01
5.953024e-01	1.672545e-01
5.953280e-01	1.639122e-01
5.953536e-01	1.606111e-01
5.953792e-01	1.572370e-01
5.954048e-01	1.536310e-01
5.954304e-01	1.501703e-01
5.954560e-01	1.464825e-01
5.954816e-01	1.428114e-01
5.955072e-01	1.390139e-01
5.955328e-01	1.353717e-01
5.955584e-01	1.315164e-01
5.955840e-01	1.276801e-01
5.956096e-01	1.239561e-01
5.956352e-01	1.198956e-01
5.956608e-01	1.158988e-01
5.956864e-01	1.118655e-01
5.957120e-01	1.078254e-01
5.957376e-01	1.037036e-01
5.957632e-01	9.954912e-02
5.957888e-01	9.543227e-02
5.958144e-01	9.119464e-02
5.958400e-01	8.697670e-02
5.958656e-01	8.265307e-02
5.958912e-01	7.836713e-02
5.959168e-01	7.384750e-02
5.959424e-01	6.951018e-02
5.959680e-01	6.517483e-02
5.959936e-01	6.057121e-02
5.960192e-01	5.619098e-02
5.960448e-01	5.165641e-02
5.960704e-01	4.716336e-02
5.960960e-01	4.262624e-02
5.961216e-01	3.802646e-02
5.961472e-01	3.354838e-02
5.961728e-01	2.874506e-02
5.961984e-01	2.408584e-02
5.962240e-01	1.940385e-02
5.962496e-01	1.470878e-02
5.962752e-01	1.000524e-02
5.963008e-01	5.359917e-03
5.963264e-01	5.070051e-04
5.963520e-01	-4.304799e-03
5.963776e-01	-8.946105e-03
5.964032e-01	-1.378912e-02
5.964288e-01	-1.848022e-02
5.964544e-01	-2.313154e-02
5.964800e-01	-2.806268e-02
5.965056e-01	-3.287770e-02
5.965312e-01	-3.765133e-02
5.965568e-01	-4.252923e-02
5.965824e-01	-4.723026e-02
5.966080e-01	-5.206691e-02
5.966336e-01	-5.694507e-02
5.966592e-01	-6.162470e-02
5.966848e-01	-6.663331e-02
5.967104e-01	-7.140557e-02
5.967360e-01	-7.617161e-02
5.967616e-01	-8.093315e-02
5.967872e-01	-8.574323e-02
5.968128e-01	-9.060086e-02
5.968384e-01	-9.534059e-02
5.968640e-01	-9.998953e-02
5.968896e-01	-1.046527e-01
5.969152e-01	-1.094933e-01
5.969408e-01	-1.141714e-01
5.969664e-01	-1.188349e-01
5.969920e-01	-1.236014e-01
5.970176e-01	-1.281472e-01
5.970432e-01	-1.328383e-01
5.970688e-01	-1.373691e-01
5.970944e-01	-1.419344e-01
5.971200e-01	-1.465787e-01
5.971456e-01	-1.510443e-01
5.971712e-01	-1.555615e-01
5.971968e-01	-1.600638e-01
5.972224e-01	-1.644081e-01
5.972480e-01	-1.689760e-01
5.972736e-01	-1.734072e-01
5.972992e-01	-1.776385e-01
5.973248e-01	-1.820072e-01
5.973504e-01	-1.863214e-01
5.973760e-01	-1.905061e-01
5.974016e-01	-1.948823e-01
5.974272e-01	-1.990527e-01
5.974528e-01	-2.031405e-01
5.974784e-01	-2.072341e-01
5.975040e-01	-2.114348e-01
5.975296e-01	-2.153547e-01
5.975552e-01	-2.192475e-01
5.975808e-01	-2.233491e-01
5.976064e-01	-2.270468e-01
5.976320e-01	-2.309108e-01
5.976576e-01	-2.348377e-01
5.976832e-01	-2.384301e-01
5.977088e-01	-2.422530e-01
5.977344e-01	-2.458571e-01
5.977600e-01	-2.495552e-01
5.977856e-01	-2.529997e-01
5.978112e-01	-2.564382e-01
5.978368e-01	-2.600442e-01
5.978624e-01	-2.633720e-01
5.978880e-01	-2.668362e-01
5.979136e-01	-2.700526e-01
5.979392e-01	-2.731884e-01
5.979648e-01	-2.764094e-01
5.979904e-01	-2.795554e-01
5.980160e-01	-2.825004e-01
5.980416e-01	-2.854934e-01
5.980672e-01	-2.884615e-01
5.980928e-01	-2.913969e-01
5.981184e-01	-2.940945e-01
5.981440e-01	-2.967349e-01
5.981696e-01	-2.994984e-01
5.981952e-01	-3.020304e-01
5.982208e-01	-3.046153e-01
5.982464e-01	-3.069943e-01
5.982720e-01	-3.094905e-01
5.982976e-01	-3.118440e-01
5.983232e-01	-3.141156e-01
5.983488e-01	-3.162980e-01
5.983744e-01	-3.184920e-01
5.984000e-01	-3.205285e-01
5.984256e-01	-3.225377e-01
5.984512e-01	-3.243738e-01
5.984768e-01	-3.262612e-01
5.985024e-01	-3.280658e-01
5.985280e-01	-3.297602e-01
5.985536e-01	-3.313832e-01
5.985792e-01	-3.329420e-01
5.986048e-01	-3.344088e-01
5.986304e-01	-3.359346e-01
5.986560e-01	-3.372149e-01
5.986816e-01	-3.383562e-01
5.987072e-01	-3.397264e-01
5.987328e-01	-3.407748e-01
5.987584e-01	-3.418160e-01
5.987840e-01	-3.428609e-01
5.988096e-01	-3.437302e-01
5.988352e-01	-3.445100e-01
5.988608e-01	-3.451579e-01
5.988864e-01	-3.459624e-01
5.989120e-01	-3.465112e-01
5.989376e-01	-3.469245e-01
5.989632e-01	-3.473849e-01
5.989888e-01	-3.476146e-01
5.990144e-01	-3.479632e-01
5.990400e-01	-3.483043e-01
5.990656e-01	-3.482861e-01
5.990912e-01	-3.484717e-01
5.991168e-01	-3.483728e-01
5.991424e-01	-3.482001e-01
5.991680e-01	-3.479885e-01
5.991936e-01	-3.479296e-01
5.992192e-01	-3.473969e-01
5.992448e-01	-3.470209e-01
5.992704e-01	-3.466236e-01
5.992960e-01	-3.458807e-01
5.993216e-01	-3.452893e-01
5.993472e-01	-3.445519e-01
5.993728e-01	-3.437818e-01
5.993984e-01	-3.428961e-01
5.994240e-01	-3.419290e-01
5.994496e-01	-3.407607e-01
5.994752e-01	-3.397158e-01
5.995008e-01	-3.386163e-01
5.995264e-01	-3.372664e-01
5.995520e-01	-3.360000e-01
5.995776e-01	-3.345936e-01
5.996032e-01	-3.330752e-01
5.996288e-01	-3.314864e-01
5.996544e-01	-3.299236e-01
5.996800e-01	-3.281398e-01
5.997056e-01	-3.264157e-01
5.997312e-01	-3.245069e-01
5.997568e-01	-3.226296e-01
5.997824e-01	-3.205801e-01
5.998080e-01	-3.186185e-01
5.998336e-01	-3.164114e-01
5.998592e-01	-3.141660e-01
5.998848e-01	-3.119221e-01
5.999104e-01	-3.096068e-01
5.999360e-01	-3.072791e-01
5.999616e-01	-3.047400e-01
5.999872e-01	-3.022464e-01
6.000128e-01	-2.997123e-01
6.000384e-01	-2.970018e-01
6.000640e-01	-2.941914e-01
6.000896e-01	-2.914605e-01
6.001152e-01	-2.886223e-01
6.001408e-01	-2.856473e-01
6.001664e-01	-2.827114e-01
6.001920e-01	-2.795566e-01
6.002176e-01	-2.765944e-01
6.002432e-01	-2.733611e-01
6.002688e-01	-2.701577e-01
6.002944e-01	-2.669281e-01
6.003200e-01	-2.636059e-01
6.003456e-01	-2.602180e-01
6.003712e-01	-2.566867e-01
6.003968e-01	-2.532195e-01
6.004224e-01	-2.497220e-01
6.004480e-01	-2.461311e-01
6.004736e-01	-2.425346e-01
6.004992e-01	-2.388329e-01
6.005248e-01	-2.349814e-01
6.005504e-01	-2.311648e-01
6.005760e-01	-2.273862e-01
6.006016e-01	-2.233452e-01
6.006272e-01	-2.195404e-01
6.006528e-01	-2.155880e-01
6.006784e-01	-2.115621e-01
6.007040e-01	-2.074172e-01
6.007296e-01	-2.033977e-01
6.007552e-01	-1.992112e-01
6.007808e-01	-1.949870e-01
6.008064e-01	-1.908703e-01
6.008320e-01	-1.865499e-01
6.008576e-01	-1.822885e-01
6.008832e-01	-1.777824e-01
6.009088e-01	-1.735515e-01
6.009344e-01	-1.691501e-01
6.009600e-01	-1.646224e-01
6.009856e-01	-1.603350e-01
6.010112e-01	-1.557611e-01
6.010368e-01	-1.513186e-01
6.010624e-01	-1.467927e-01
6.010880e-01	-1.422105e-01
6.011136e-01	-1.374669e-01
6.011392e-01	-1.330476e-01
6.011648e-01	-1.284210e-01
6.011904e-01	-1.236630e-01
6.012160e-01	-1.190748e-01
6.012416e-01	-1.143057e-01
6.012672e-01	-1.095065e-01
6.012928e-01	-1.049262e-01
6.013184e-01	-1.002697e-01
6.013440e-01	-9.535281e-02
6.013696e-01	-9.064203e-02
6.013952e-01	-8.595461e-02
6.014208e-01	-8.111623e-02
6.014464e-01	-7.626992e-02
6.014720e-01	-7.153089e-02
6.014976e-01	-6.670001e-02
6.015232e-01	-6.191464e-02
6.015488e-01	-5.719457e-02
6.015744e-01	-5.227803e-02
6.016000e-01	-4.752217e-02
6.016256e-01	-4.265763e-02
6.016512e-01	-3.788044e-02
6.016768e-01	-3.298833e-02
6.017024e-01	-2.820145e-02
6.017280e-01	-2.345885e-02
6.017536e-01	-1.864214e-02
6.017792e-01	-1.392783e-02
6.018048e-01	-9.122472e-03
6.018304e-01	-4.376201e-03
6.018560e-01	3.458032e-04
6.018816e-01	5.257266e-03
6.019072e-01	9.816400e-03
6.019328e-01	1.452251e-02
6.019584e-01	1.925239e-02
6.019840e-01	2.387501e-02
6.020096e-01	2.856607e-02
6.020352e-01	3.317712e-02
6.020608e-01	3.782514e-02
6.020864e-01	4.248981e-02
6.021120e-01	4.701089e-02
6.021376e-01	5.151947e-02
6.021632e-01	5.609489e-02
6.021888e-01	6.049757e-02
6.022144e-01	6.485193e-02
6.022400e-01	6.940319e-02
6.022656e-01	7.381319e-02
6.022912e-01	7.812202e-02
6.023168e-01	8.243863e-02
6.023424e-01	8.674181e-02
6.023680e-01	9.105452e-02
6.023936e-01	9.528159e-02
6.024192e-01	9.937220e-02
6.024448e-01	1.036326e-01
6.024704e-01	1.077298e-01
6.024960e-01	1.118262e-01
6.025216e-01	1.158950e-01
6.025472e-01	1.197727e-01
6.025728e-01	1.236661e-01
6.025984e-01	1.275791e-01
6.026240e-01	1.314985e-01
6.026496e-01	1.352534e-01
6.026752e-01	1.391042e-01
6.027008e-01	1.427325e-01
6.027264e-01	1.462972e-01
6.027520e-01	1.500537e-01
6.027776e-01	1.534867e-01
6.028032e-01	1.570382e-01
6.028288e-01	1.604720e-01
6.028544e-01	1.639472e-01
6.028800e-01	1.671554e-01
6.029056e-01	1.704861e-01
6.029312e-01	1.736914e-01
6.029568e-01	1.768955e-01
6.029824e-01	1.799579e-01
6.030080e-01	1.829851e-01
6.030336e-01	1.860843e-01
6.030592e-01	1.889074e-01
6.030848e-01	1.918890e-01
6.031104e-01	1.945208e-01
6.031360e-01	1.972658e-01
6.031616e-01	2.000141e-01
6.031872e-01	2.026723e-01
6.032128e-01	2.051855e-01
6.032384e-01	2.075452e-01
6.032640e-01	2.101563e-01
6.032896e-01	2.123834e-01
6.033152e-01	2.147603e-01
6.033408e-01	2.168784e-01
6.033664e-01	2.190177e-01
6.033920e-01	2.210589e-01
6.034176e-01	2.230890e-01
6.034432e-01	2.249741e-01
6.034688e-01	2.267834e-01
6.034944e-01	2.287520e-01
6.035200e-01	2.302583e-01
6.035456e-01	2.319939e-01
6.035712e-01	2.335827e-01
6.035968e-01	2.350029e-01
6.036224e-01	2.364484e-01
6.036480e-01	2.377308e-01
6.036736e-01	2.390924e-01
6.036992e-01	2.401782e-01
6.037248e-01	2.414373e-01
6.037504e-01	2.424033e-01
6.037760e-01	2.433974e-01
6.038016e-01	2.442823e-01
6.038272e-01	2.450969e-01
6.038528e-01	2.457766e-01
6.038784e-01	2.464081e-01
6.039040e-01	2.471192e-01
6.039296e-01	2.475132e-01
6.039552e-01	2.480160e-01
6.039808e-01	2.482637e-01
6.040064e-01	2.485313e-01
6.040320e-01	2.489173e-01
6.040576e-01	2.488145e-01
6.040832e-01	2.488834e-01
6.041088e-01	2.490306e-01
6.041344e-01	2.489186e-01
6.041600e-01	2.486628e-01
6.041856e-01	2.484800e-01
6.042112e-01	2.480626e-01
6.042368e-01	2.476179e-01
6.042624e-01	2.471766e-01
6.042880e-01	2.465505e-01
6.043136e-01	2.458872e-01
6.043392e-01	2.451621e-01
6.043648e-01	2.443528e-01
6.043904e-01	2.435555e-01
6.044160e-01	2.424743e-01
6.044416e-01	2.414207e-01
6.044672e-01	2.403912e-01
6.044928e-01	2.391797e-01
6.045184e-01	2.378659e-01
6.045440e-01	2.366563e-01
6.045696e-01	2.352157e-01
6.045952e-01	2.337639e-01
6.046208e-01	2.321151e-01
6.046464e-01	2.303607e-01
6.046720e-01	2.288909e-01
6.046976e-01	2.270952e-01
6.047232e-01	2.251826e-01
6.047488e-01	2.232937e-01
6.047744e-01	2.212945e-01
6.048000e-01	2.192229e-01
6.048256e-01	2.170163e-01
6.048512e-01	2.149076e-01
6.048768e-01	2.126358e-01
6.049024e-01	2.102501e-01
6.049280e-01	2.079205e-01
6.049536e-01	2.053755e-01
6.049792e-01	2.028823e-01
6.050048e-01	2.003367e-01
6.050304e-01	1.976093e-01
6.050560e-01	1.949461e-01
6.050816e-01	1.920638e-01
6.051072e-01	1.893169e-01
6.051328e-01	1.862222e-01
6.051584e-01	1.834097e-01
6.051840e-01	1.804102e-01
6.052096e-01	1.771426e-01
6.052352e-01	1.739901e-01
6.052608e-01	1.709162e-01
6.052864e-01	1.676253e-01
6.053120e-01	1.641861e-01
6.053376e-01	1.609116e-01
6.053632e-01	1.574310e-01
6.053888e-01	1.540616e-01
6.054144e-01	1.504626e-01
6.054400e-01	1.467575e-01
6.054656e-01	1.431296e-01
6.054912e-01	1.394723e-01
6.055168e-01	1.357671e-01
6.055424e-01	1.318147e-01
6.055680e-01	1.281083e-01
6.055936e-01	1.240803e-01
6.056192e-01	1.202883e-01
6.056448e-01	1.163351e-01
6.056704e-01	1.122293e-01
6.056960e-01	1.083471e-01
6.057216e-01	1.039952e-01
6.057472e-01	9.980191e-02
6.057728e-01	9.574526e-02
6.057984e-01	9.143849e-02
6.058240e-01	8.728107e-02
6.058496e-01	8.294531e-02
6.058752e-01	7.856225e-02
6.059008e-01	7.434610e-02
6.059264e-01	6.997120e-02
6.059520e-01	6.544214e-02
6.059776e-01	6.107939e-02
6.060032e-01	5.668543e-02
6.060288e-01	5.196353e-02
6.060544e-01	4.752642e-02
6.060800e-01	4.300701e-02
6.061056e-01	3.832364e-02
6.061312e-01	3.385543e-02
6.061568e-01	2.908204e-02
6.061824e-01	2.448560e-02
6.062080e-01	1.984877e-02
6.062336e-01	1.523619e-02
6.062592e-01	1.047213e-02
6.062848e-01	5.703519e-03
6.063104e-01	8.878998e-04
6.063360e-01	-3.716116e-03
6.063616e-01	-8.544396e-03
6.063872e-01	-1.336726e-02
6.064128e-01	-1.809682e-02
6.064384e-01	-2.290666e-02
6.064640e-01	-2.764904e-02
6.064896e-01	-3.249309e-02
6.065152e-01	-3.707936e-02
6.065408e-01	-4.217253e-02
6.065664e-01	-4.699373e-02
6.065920e-01	-5.175735e-02
6.066176e-01	-5.663134e-02
6.066432e-01	-6.125457e-02
6.066688e-01	-6.614216e-02
6.066944e-01	-7.092921e-02
6.067200e-01	-7.573982e-02
6.067456e-01	-8.043284e-02
6.067712e-01	-8.533940e-02
6.067968e-01	-8.996202e-02
6.068224e-01	-9.481590e-02
6.068480e-01	-9.958322e-02
6.068736e-01	-1.043865e-01
6.068992e-01	-1.091564e-01
6.069248e-01	-1.137263e-01
6.069504e-01	-1.183797e-01
6.069760e-01	-1.231395e-01
6.070016e-01	-1.277164e-01
6.070272e-01	-1.322729e-01
6.070528e-01	-1.369765e-01
6.070784e-01	-1.415619e-01
6.071040e-01	-1.462544e-01
6.071296e-01	-1.506929e-01
6.071552e-01	-1.551578e-01
6.071808e-01	-1.598692e-01
6.072064e-01	-1.641039e-01
6.072320e-01	-1.686230e-01
6.072576e-01	-1.729550e-01
6.072832e-01	-1.771634e-01
6.073088e-01	-1.817507e-01
6.073344e-01	-1.860096e-01
6.073600e-01	-1.901560e-01
6.073856e-01	-1.944589e-01
6.074112e-01	-1.986432e-01
6.074368e-01	-2.027659e-01
6.074624e-01	-2.068385e-01
6.074880e-01	-2.110243e-01
6.075136e-01	-2.149378e-01
6.075392e-01	-2.190237e-01
6.075648e-01	-2.228718e-01
6.075904e-01	-2.267159e-01
6.076160e-01	-2.307795e-01
6.076416e-01	-2.344640e-01
6.076672e-01	-2.382139e-01
6.076928e-01	-2.418133e-01
6.077184e-01	-2.454776e-01
6.077440e-01	-2.492970e-01
6.077696e-01	-2.526286e-01
6.077952e-01	-2.561964e-01
6.078208e-01	-2.596201e-01
6.078464e-01	-2.631160e-01
6.078720e-01	-2.664404e-01
6.078976e-01	-2.696785e-01
6.079232e-01	-2.729530e-01
6.079488e-01	-2.760167e-01
6.079744e-01	-2.792567e-01
6.080000e-01	-2.822485e-01
6.080256e-01	-2.852266e-01
6.080512e-01	-2.881466e-01
6.080768e-01	-2.910567e-01
6.081024e-01	-2.938271e-01
6.081280e-01	-2.964625e-01
6.081536e-01	-2.992654e-01
6.081792e-01	-3.018085e-01
6.082048e-01	-3.044204e-01
6.082304e-01	-3.069569e-01
6.082560e-01	-3.093389e-01
6.082816e-01	-3.116086e-01
6.083072e-01	-3.139497e-01
6.083328e-01	-3.160519e-01
6.083584e-01	-3.182265e-01
6.083840e-01	-3.203808e-01
6.084096e-01	-3.222968e-01
6.084352e-01	-3.243319e-01
6.084608e-01	-3.261823e-01
6.084864e-01	-3.278509e-01
6.085120e-01	-3.296497e-01
6.085376e-01	-3.312102e-01
6.085632e-01	-3.328250e-01
6.085888e-01	-3.342956e-01
6.086144e-01	-3.357930e-01
6.086400e-01	-3.370404e-01
6.086656e-01	-3.383275e-01
6.086912e-01	-3.395666e-01
6.087168e-01	-3.406446e-01
6.087424e-01	-3.417677e-01
6.087680e-01	-3.426456e-01
6.087936e-01	-3.435920e-01
6.088192e-01	-3.444754e-01
6.088448e-01	-3.452258e-01
6.088704e-01	-3.458873e-01
6.088960e-01	-3.464049e-01
6.089216e-01	-3.469715e-01
6.089472e-01	-3.473160e-01
6.089728e-01	-3.477592e-01
6.089984e-01	-3.480129e-01
6.090240e-01	-3.482014e-01
6.090496e-01	-3.483896e-01
6.090752e-01	-3.484833e-01
6.091008e-01	-3.484005e-01
6.091264e-01	-3.481809e-01
6.091520e-01	-3.480617e-01
6.091776e-01	-3.478220e-01
6.092032e-01	-3.473563e-01
6.092288e-01	-3.470760e-01
6.092544e-01	-3.465292e-01
6.092800e-01	-3.460138e-01
6.093056e-01	-3.453807e-01
6.093312e-01	-3.446076e-01
6.093568e-01	-3.439315e-01
6.093824e-01	-3.429897e-01
6.094080e-01	-3.420001e-01
6.094336e-01	-3.410779e-01
6.094592e-01	-3.397989e-01
6.094848e-01	-3.386655e-01
6.095104e-01	-3.374553e-01
6.095360e-01	-3.360998e-01
6.095616e-01	-3.347154e-01
6.095872e-01	-3.331645e-01
6.096128e-01	-3.316688e-01
6.096384e-01	-3.300590e-01
6.096640e-01	-3.282187e-01
6.096896e-01	-3.265642e-01
6.097152e-01	-3.247597e-01
6.097408e-01	-3.228501e-01
6.097664e-01	-3.207883e-01
6.097920e-01	-3.187933e-01
6.098176e-01	-3.167312e-01
6.098432e-01	-3.144788e-01
6.098688e-01	-3.121560e-01
6.098944e-01	-3.098515e-01
6.099200e-01	-3.075505e-01
6.099456e-01	-3.049557e-01
6.099712e-01	-3.024441e-01
6.099968e-01	-2.999375e-01
6.100224e-01	-2.971438e-01
6.100480e-01	-2.945677e-01
6.100736e-01	-2.916396e-01
6.100992e-01	-2.888118e-01
6.101248e-01	-2.860470e-01
6.101504e-01	-2.830250e-01
6.101760e-01	-2.799406e-01
6.102016e-01	-2.767834e-01
6.102272e-01	-2.735947e-01
6.102528e-01	-2.704638e-01
6.102784e-01	-2.672527e-01
6.103040e-01	-2.639020e-01
6.103296e-01	-2.604769e-01
6.103552e-01	-2.571216e-01
6.103808e-01	-2.535591e-01
6.104064e-01	-2.499479e-01
6.104320e-01	-2.463535e-01
6.104576e-01	-2.427088e-01
6.104832e-01	-2.390454e-01
6.105088e-01	-2.353454e-01
6.105344e-01	-2.315091e-01
6.105600e-01	-2.277808e-01
6.105856e-01	-2.238083e-01
6.106112e-01	-2.198048e-01
6.106368e-01	-2.159798e-01
6.106624e-01	-2.119114e-01
6.106880e-01	-2.078401e-01
6.107136e-01	-2.038296e-01
6.107392e-01	-1.995989e-01
6.107648e-01	-1.954986e-01
6.107904e-01	-1.911580e-01
6.108160e-01	-1.870455e-01
6.108416e-01	-1.826678e-01
6.108672e-01	-1.782068e-01
6.108928e-01	-1.740550e-01
6.109184e-01	-1.695115e-01
6.109440e-01	-1.652084e-01
6.109696e-01	-1.607223e-01
6.109952e-01	-1.561973e-01
6.110208e-01	-1.517007e-01
6.110464e-01	-1.471091e-01
6.110720e-01	-1.427070e-01
6.110976e-01	-1.379853e-01
6.111232e-01	-1.334479e-01
6.111488e-01	-1.288213e-01
6.111744e-01	-1.240779e-01
6.112000e-01	-1.195147e-01
6.112256e-01	-1.148664e-01
6.112512e-01	-1.101172e-01
6.112768e-01	-1.053600e-01
6.113024e-01	-1.005516e-01
6.113280e-01	-9.593228e-02
6.113536e-01	-9.122276e-02
6.113792e-01	-8.633167e-02
6.114048e-01	-8.155373e-02
6.114304e-01	-7.683290e-02
6.114560e-01	-7.186839e-02
6.114816e-01	-6.722810e-02
6.115072e-01	-6.250498e-02
6.115328e-01	-5.757644e-02
6.115584e-01	-5.268478e-02
6.115840e-01	-4.783023e-02
6.116096e-01	-4.320245e-02
6.116352e-01	-3.836088e-02
6.116608e-01	-3.343362e-02
6.116864e-01	-2.865862e-02
6.117120e-01	-2.391940e-02
6.117376e-01	-1.914013e-02
6.117632e-01	-1.423294e-02
6.117888e-01	-9.637481e-03
6.118144e-01	-4.800858e-03
6.118400e-01	-2.485144e-05
6.118656e-01	4.775213e-03
6.118912e-01	9.433777e-03
6.119168e-01	1.410215e-02
6.119424e-01	1.892665e-02
6.119680e-01	2.350144e-02
6.119936e-01	2.815969e-02
6.120192e-01	3.280755e-02
6.120448e-01	3.739562e-02
6.120704e-01	4.198601e-02
6.120960e-01	4.646966e-02
6.121216e-01	5.110014e-02
6.121472e-01	5.565974e-02
6.121728e-01	6.016109e-02
6.121984e-01	6.452429e-02
6.122240e-01	6.902705e-02
6.122496e-01	7.342922e-02
6.122752e-01	7.786033e-02
6.123008e-01	8.202945e-02
6.123264e-01	8.629326e-02
6.123520e-01	9.059560e-02
6.123776e-01	9.490066e-02
6.124032e-01	9.912086e-02
6.124288e-01	1.032129e-01
6.124544e-01	1.073479e-01
6.124800e-01	1.114457e-01
6.125056e-01	1.154087e-01
6.125312e-01	1.194235e-01
6.125568e-01	1.232943e-01
6.125824e-01	1.271976e-01
6.126080e-01	1.310989e-01
6.126336e-01	1.349050e-01
6.126592e-01	1.386389e-01
6.126848e-01	1.423122e-01
6.127104e-01	1.460163e-01
6.127360e-01	1.497007e-01
6.127616e-01	1.532558e-01
6.127872e-01	1.567480e-01
6.128128e-01	1.601944e-01
6.128384e-01	1.636243e-01
6.128640e-01	1.668830e-01
6.128896e-01	1.702116e-01
6.129152e-01	1.733725e-01
6.129408e-01	1.765796e-01
6.129664e-01	1.796076e-01
6.129920e-01	1.827049e-01
6.130176e-01	1.857493e-01
6.130432e-01	1.886726e-01
6.130688e-01	1.915224e-01
6.130944e-01	1.944225e-01
6.131200e-01	1.971927e-01
6.131456e-01	1.997142e-01
6.131712e-01	2.022761e-01
6.131968e-01	2.050121e-01
6.132224e-01	2.075039e-01
6.132480e-01	2.098578e-01
6.132736e-01	2.122310e-01
6.132992e-01	2.144463e-01
6.133248e-01	2.166277e-01
6.133504e-01	2.187781e-01
6.133760e-01	2.209083e-01
6.134016e-01	2.229071e-01
6.134272e-01	2.248502e-01
6.134528e-01	2.267030e-01
6.134784e-01	2.284067e-01
6.135040e-01	2.301698e-01
6.135296e-01	2.317558e-01
6.135552e-01	2.335330e-01
6.135808e-01	2.348590e-01
6.136064e-01	2.362364e-01
6.136320e-01	2.376654e-01
6.136576e-01	2.388950e-01
6.136832e-01	2.401145e-01
6.137088e-01	2.412150e-01
6.137344e-01	2.423212e-01
6.137600e-01	2.432631e-01
6.137856e-01	2.441772e-01
6.138112e-01	2.450354e-01
6.138368e-01	2.456802e-01
6.138624e-01	2.465261e-01
6.138880e-01	2.470659e-01
6.139136e-01	2.474870e-01
6.139392e-01	2.480167e-01
6.139648e-01	2.483451e-01
6.139904e-01	2.485795e-01
6.140160e-01	2.488263e-01
6.140416e-01	2.490043e-01
6.140672e-01	2.490548e-01
6.140928e-01	2.488878e-01
6.141184e-01	2.489269e-01
6.141440e-01	2.487198e-01
6.141696e-01	2.484648e-01
6.141952e-01	2.481259e-01
6.142208e-01	2.476863e-01
6.142464e-01	2.472253e-01
6.142720e-01	2.465942e-01
6.142976e-01	2.458463e-01
6.143232e-01	2.452862e-01
6.143488e-01	2.444613e-01
6.143744e-01	2.435296e-01
6.144000e-01	2.426074e-01
6.144256e-01	2.415371e-01
6.144512e-01	2.404910e-01
6.144768e-01	2.394512e-01
6.145024e-01	2.381055e-01
6.145280e-01	2.367342e-01
6.145536e-01	2.353857e-01
6.145792e-01	2.339405e-01
6.146048e-01	2.323560e-01
6.146304e-01	2.307268e-01
6.146560e-01	2.289398e-01
6.146816e-01	2.272553e-01
6.147072e-01	2.254360e-01
6.147328e-01	2.233870e-01
6.147584e-01	2.213907e-01
6.147840e-01	2.195126e-01
6.148096e-01	2.172617e-01
6.148352e-01	2.150957e-01
6.148608e-01	2.128391e-01
6.148864e-01	2.105251e-01
6.149120e-01	2.081266e-01
6.149376e-01	2.056185e-01
6.149632e-01	2.031156e-01
6.149888e-01	2.005295e-01
6.150144e-01	1.977968e-01
6.150400e-01	1.951537e-01
6.150656e-01	1.924639e-01
6.150912e-01	1.895717e-01
6.151168e-01	1.867265e-01
6.151424e-01	1.835514e-01
6.151680e-01	1.806169e-01
6.151936e-01	1.776567e-01
6.152192e-01	1.743825e-01
6.152448e-01	1.712146e-01
6.152704e-01	1.679001e-01
6.152960e-01	1.647010e-01
6.153216e-01	1.611242e-01
6.153472e-01	1.578636e-01
6.153728e-01	1.543634e-01
6.153984e-01	1.506918e-01
6.154240e-01	1.471178e-01
6.154496e-01	1.434698e-01
6.154752e-01	1.398751e-01
6.155008e-01	1.360519e-01
6.155264e-01	1.323184e-01
6.155520e-01	1.284540e-01
6.155776e-01	1.246200e-01
6.156032e-01	1.205600e-01
6.156288e-01	1.165651e-01
6.156544e-01	1.127265e-01
6.156800e-01	1.084769e-01
6.157056e-01	1.045508e-01
6.157312e-01	1.003309e-01
6.157568e-01	9.620243e-02
6.157824e-01	9.188432e-02
6.158080e-01	8.766320e-02
6.158336e-01	8.350296e-02
6.158592e-01	7.905222e-02
6.158848e-01	7.485384e-02
6.159104e-01	7.030609e-02
6.159360e-01	6.601378e-02
6.159616e-01	6.145989e-02
6.159872e-01	5.694167e-02
6.160128e-01	5.254206e-02
6.160384e-01	4.788469e-02
6.160640e-01	4.356671e-02
6.160896e-01	3.876636e-02
6.161152e-01	3.423536e-02
6.161408e-01	2.963792e-02
6.161664e-01	2.484514e-02
6.161920e-01	2.039121e-02
6.162176e-01	1.564565e-02
6.162432e-01	1.097441e-02
6.162688e-01	6.242092e-03
6.162944e-01	1.438890e-03
6.163200e-01	-3.265893e-03
6.163456e-01	-8.124295e-03
6.163712e-01	-1.285833e-02
6.163968e-01	-1.747629e-02
6.164224e-01	-2.223439e-02
6.164480e-01	-2.731438e-02
6.164736e-01	-3.196042e-02
6.164992e-01	-3.678835e-02
6.165248e-01	-4.160520e-02
6.165504e-01	-4.645605e-02
6.165760e-01	-5.125630e-02
6.166016e-01	-5.596246e-02
6.166272e-01	-6.093138e-02
6.166528e-01	-6.563152e-02
6.166784e-01	-7.039021e-02
6.167040e-01	-7.529236e-02
6.167296e-01	-8.003842e-02
6.167552e-01	-8.475549e-02
6.167808e-01	-8.968638e-02
6.168064e-01	-9.434968e-02
6.168320e-01	-9.906124e-02
6.168576e-01	-1.039194e-01
6.168832e-01	-1.085844e-01
6.169088e-01	-1.133585e-01
6.169344e-01	-1.179630e-01
6.169600e-01	-1.226754e-01
6.169856e-01	-1.273147e-01
6.170112e-01	-1.319627e-01
6.170368e-01	-1.365478e-01
6.170624e-01	-1.411628e-01
6.170880e-01	-1.456477e-01
6.171136e-01	-1.502378e-01
6.171392e-01	-1.547547e-01
6.171648e-01	-1.593699e-01
6.171904e-01	-1.637755e-01
6.172160e-01	-1.680549e-01
6.172416e-01	-1.725088e-01
6.172672e-01	-1.768633e-01
6.172928e-01	-1.811821e-01
6.173184e-01	-1.854528e-01
6.173440e-01	-1.898071e-01
6.173696e-01	-1.939636e-01
6.173952e-01	-1.981654e-01
6.174208e-01	-2.024272e-01
6.174464e-01	-2.064383e-01
6.174720e-01	-2.105592e-01
6.174976e-01	-2.146394e-01
6.175232e-01	-2.186305e-01
6.175488e-01	-2.225262e-01
6.175744e-01	-2.263718e-01
6.176000e-01	-2.302148e-01
6.176256e-01	-2.340970e-01
6.176512e-01	-2.378411e-01
6.176768e-01	-2.415006e-01
6.177024e-01	-2.451877e-01
6.177280e-01	-2.488590e-01
6.177536e-01	-2.524050e-01
6.177792e-01	-2.559407e-01
6.178048e-01	-2.593705e-01
6.178304e-01	-2.627959e-01
6.178560e-01	-2.661454e-01
6.178816e-01	-2.693411e-01
6.179072e-01	-2.725273e-01
6.179328e-01	-2.757584e-01
6.179584e-01	-2.789862e-01
6.179840e-01	-2.819773e-01
6.180096e-01	-2.849913e-01
6.180352e-01	-2.880176e-01
6.180608e-01	-2.907278e-01
6.180864e-01	-2.936310e-01
6.181120e-01	-2.962074e-01
6.181376e-01	-2.990164e-01
6.181632e-01	-3.016185e-01
6.181888e-01	-3.040294e-01
6.182144e-01	-3.065961e-01
6.182400e-01	-3.090419e-01
6.182656e-01	-3.114775e-01
6.182912e-01	-3.136919e-01
6.183168e-01	-3.158675e-01
6.183424e-01	-3.180977e-01
6.183680e-01	-3.201734e-01
6.183936e-01	-3.221172e-01
6.184192e-01	-3.240469e-01
6.184448e-01	-3.258797e-01
6.184704e-01	-3.276649e-01
6.184960e-01	-3.294947e-01
6.185216e-01	-3.310774e-01
6.185472e-01	-3.327789e-01
6.185728e-01	-3.342208e-01
6.185984e-01	-3.356294e-01
6.186240e-01	-3.369648e-01
6.186496e-01	-3.381634e-01
6.186752e-01	-3.393852e-01
6.187008e-01	-3.405909e-01
6.187264e-01	-3.416725e-01
6.187520e-01	-3.426276e-01
6.187776e-01	-3.434630e-01
6.188032e-01	-3.443781e-01
6.188288e-01	-3.450661e-01
6.188544e-01	-3.457483e-01
6.188800e-01	-3.463474e-01
6.189056e-01	-3.467233e-01
6.189312e-01	-3.472911e-01
6.189568e-01	-3.476317e-01
6.189824e-01	-3.479344e-01
6.190080e-01	-3.481944e-01
6.190336e-01	-3.483063e-01
6.190592e-01	-3.483447e-01
6.190848e-01	-3.482558e-01
6.191104e-01	-3.483028e-01
6.191360e-01	-3.480045e-01
6.191616e-01	-3.478454e-01
6.191872e-01	-3.475477e-01
6.192128e-01	-3.470340e-01
6.192384e-01	-3.466541e-01
6.192640e-01	-3.460184e-01
6.192896e-01	-3.454295e-01
6.193152e-01	-3.447197e-01
6.193408e-01	-3.438461e-01
6.193664e-01	-3.430051e-01
6.193920e-01	-3.421173e-01
6.194176e-01	-3.411209e-01
6.194432e-01	-3.399546e-01
6.194688e-01	-3.388799e-01
6.194944e-01	-3.374940e-01
6.195200e-01	-3.362430e-01
6.195456e-01	-3.348626e-01
6.195712e-01	-3.333426e-01
6.195968e-01	-3.318037e-01
6.196224e-01	-3.302648e-01
6.196480e-01	-3.285750e-01
6.196736e-01	-3.267320e-01
6.196992e-01	-3.249439e-01
6.197248e-01	-3.230727e-01
6.197504e-01	-3.210589e-01
6.197760e-01	-3.190018e-01
6.198016e-01	-3.169111e-01
6.198272e-01	-3.147164e-01
6.198528e-01	-3.124759e-01
6.198784e-01	-3.101706e-01
6.199040e-01	-3.076118e-01
6.199296e-01	-3.052761e-01
6.199552e-01	-3.027552e-01
6.199808e-01	-3.001580e-01
6.200064e-01	-2.975329e-01
6.200320e-01	-2.947479e-01
6.200576e-01	-2.919455e-01
6.200832e-01	-2.891699e-01
6.201088e-01	-2.862364e-01
6.201344e-01	-2.832083e-01
6.201600e-01	-2.801948e-01
6.201856e-01	-2.771907e-01
6.202112e-01	-2.739603e-01
6.202368e-01	-2.707241e-01
6.202624e-01	-2.676131e-01
6.202880e-01	-2.642689e-01
6.203136e-01	-2.607191e-01
6.203392e-01	-2.574091e-01
6.203648e-01	-2.539123e-01
6.203904e-01	-2.503161e-01
6.204160e-01	-2.467749e-01
6.204416e-01	-2.432022e-01
6.204672e-01	-2.394459e-01
6.204928e-01	-2.356897e-01
6.205184e-01	-2.320014e-01
6.205440e-01	-2.281545e-01
6.205696e-01	-2.241424e-01
6.205952e-01	-2.202669e-01
6.206208e-01	-2.162869e-01
6.206464e-01	-2.122344e-01
6.206720e-01	-2.082043e-01
6.206976e-01	-2.042325e-01
6.207232e-01	-2.000569e-01
6.207488e-01	-1.958012e-01
6.207744e-01	-1.916713e-01
6.208000e-01	-1.873860e-01
6.208256e-01	-1.831520e-01
6.208512e-01	-1.787788e-01
6.208768e-01	-1.742799e-01
6.209024e-01	-1.699706e-01
6.209280e-01	-1.656043e-01
6.209536e-01	-1.611426e-01
6.209792e-01	-1.567231e-01
6.210048e-01	-1.522393e-01
6.210304e-01	-1.476550e-01
6.210560e-01	-1.430909e-01
6.210816e-01	-1.383909e-01
6.211072e-01	-1.339429e-01
6.211328e-01	-1.293233e-01
6.211584e-01	-1.246042e-01
6.211840e-01	-1.199083e-01
6.212096e-01	-1.152961e-01
6.212352e-01	-1.105052e-01
6.212608e-01	-1.058267e-01
6.212864e-01	-1.010311e-01
6.213120e-01	-9.627095e-02
6.213376e-01	-9.153670e-02
6.213632e-01	-8.669548e-02
6.213888e-01	-8.205275e-02
6.214144e-01	-7.727386e-02
6.214400e-01	-7.235820e-02
6.214656e-01	-6.759951e-02
6.214912e-01	-6.275691e-02
6.215168e-01	-5.807649e-02
6.215424e-01	-5.329561e-02
6.215680e-01	-4.834593e-02
6.215936e-01	-4.353269e-02
6.216192e-01	-3.877807e-02
6.216448e-01	-3.387375e-02
6.216704e-01	-2.917580e-02
6.216960e-01	-2.430379e-02
6.217216e-01	-1.953724e-02
6.217472e-01	-1.490322e-02
6.217728e-01	-1.004202e-02
6.217984e-01	-5.211428e-03
6.218240e-01	-4.536522e-04
6.218496e-01	4.221413e-03
6.218752e-01	8.925889e-03
6.219008e-01	1.377074e-02
6.219264e-01	1.842683e-02
6.219520e-01	2.305493e-02
6.219776e-01	2.776106e-02
6.220032e-01	3.235649e-02
6.220288e-01	3.696905e-02
6.220544e-01	4.155341e-02
6.220800e-01	4.616423e-02
6.221056e-01	5.076095e-02
6.221312e-01	5.515870e-02
6.221568e-01	5.970291e-02
6.221824e-01	6.417142e-02
6.222080e-01	6.861146e-02
6.222336e-01	7.295285e-02
6.222592e-01	7.731497e-02
6.222848e-01	8.171032e-02
6.223104e-01	8.608582e-02
6.223360e-01	9.020647e-02
6.223616e-01	9.450953e-02
6.223872e-01	9.868099e-02
6.224128e-01	1.028935e-01
6.224384e-01	1.070644e-01
6.224640e-01	1.109604e-01
6.224896e-01	1.150256e-01
6.225152e-01	1.190221e-01
6.225408e-01	1.229874e-01
6.225664e-01	1.270475e-01
6.225920e-01	1.308570e-01
6.226176e-01	1.346527e-01
6.226432e-01	1.383294e-01
6.226688e-01	1.421499e-01
6.226944e-01	1.456779e-01
6.227200e-01	1.493586e-01
6.227456e-01	1.529457e-01
6.227712e-01	1.565184e-01
6.227968e-01	1.600444e-01
6.228224e-01	1.632535e-01
6.228480e-01	1.667950e-01
6.228736e-01	1.700678e-01
6.228992e-01	1.730869e-01
6.229248e-01	1.762706e-01
6.229504e-01	1.794786e-01
6.229760e-01	1.824764e-01
6.230016e-01	1.854661e-01
6.230272e-01	1.885066e-01
6.230528e-01	1.913451e-01
6.230784e-01	1.940958e-01
6.231040e-01	1.969018e-01
6.231296e-01	1.996575e-01
6.231552e-01	2.021334e-01
6.231808e-01	2.048054e-01
6.232064e-01	2.072385e-01
6.232320e-01	2.096414e-01
6.232576e-01	2.120326e-01
6.232832e-01	2.142937e-01
6.233088e-01	2.165143e-01
6.233344e-01	2.186710e-01
6.233600e-01	2.207610e-01
6.233856e-01	2.227139e-01
6.234112e-01	2.246179e-01
6.234368e-01	2.265379e-01
6.234624e-01	2.283932e-01
6.234880e-01	2.300623e-01
6.235136e-01	2.316382e-01
6.235392e-01	2.332991e-01
6.235648e-01	2.348332e-01
6.235904e-01	2.362682e-01
6.236160e-01	2.376196e-01
6.236416e-01	2.388741e-01
6.236672e-01	2.400991e-01
6.236928e-01	2.412107e-01
6.237184e-01	2.422546e-01
6.237440e-01	2.432563e-01
6.237696e-01	2.441209e-01
6.237952e-01	2.449667e-01
6.238208e-01	2.457231e-01
6.238464e-01	2.464320e-01
6.238720e-01	2.469487e-01
6.238976e-01	2.475531e-01
6.239232e-01	2.479686e-01
6.239488e-01	2.483772e-01
6.239744e-01	2.485353e-01
6.240000e-01	2.487796e-01
6.240256e-01	2.490078e-01
6.240512e-01	2.488951e-01
6.240768e-01	2.490257e-01
6.241024e-01	2.489363e-01
6.241280e-01	2.486708e-01
6.241536e-01	2.485257e-01
6.241792e-01	2.480898e-01
6.242048e-01	2.476454e-01
6.242304e-01	2.472381e-01
6.242560e-01	2.466895e-01
6.242816e-01	2.460835e-01
6.243072e-01	2.452923e-01
6.243328e-01	2.444279e-01
6.243584e-01	2.436711e-01
6.243840e-01	2.426900e-01
6.244096e-01	2.417026e-01
6.244352e-01	2.405940e-01
6.244608e-01	2.394009e-01
6.244864e-01	2.381620e-01
6.245120e-01	2.369048e-01
6.245376e-01	2.354928e-01
6.245632e-01	2.339477e-01
6.245888e-01	2.324027e-01
6.246144e-01	2.309134e-01
6.246400e-01	2.290963e-01
6.246656e-01	2.274828e-01
6.246912e-01	2.256333e-01
6.247168e-01	2.236182e-01
6.247424e-01	2.217938e-01
6.247680e-01	2.196944e-01
6.247936e-01	2.176040e-01
6.248192e-01	2.153215e-01
6.248448e-01	2.130999e-01
6.248704e-01	2.107861e-01
6.248960e-01	2.083481e-01
6.249216e-01	2.059937e-01
6.249472e-01	2.034083e-01
6.249728e-01	2.008627e-01
6.249984e-01	1.981261e-01
6.250240e-01	1.954481e-01
6.250496e-01	1.926586e-01
6.250752e-01	1.897328e-01
6.251008e-01	1.868771e-01
6.251264e-01	1.840302e-01
6.251520e-01	1.808977e-01
6.251776e-01	1.777983e-01
6.252032e-01	1.746744e-01
6.252288e-01	1.715784e-01
6.252544e-01	1.683417e-01
6.252800e-01	1.649290e-01
6.253056e-01	1.615716e-01
6.253312e-01	1.581087e-01
6.253568e-01	1.545775e-01
6.253824e-01	1.511624e-01
6.254080e-01	1.475551e-01
6.254336e-01	1.438460e-01
6.254592e-01	1.401174e-01
6.254848e-01	1.364837e-01
6.255104e-01	1.326356e-01
6.255360e-01	1.288517e-01
6.255616e-01	1.249015e-01
6.255872e-01	1.209904e-01
6.256128e-01	1.172046e-01
6.256384e-01	1.130094e-01
6.256640e-01	1.090705e-01
6.256896e-01	1.049625e-01
6.257152e-01	1.006791e-01
6.257408e-01	9.666684e-02
6.257664e-01	9.239374e-02
6.257920e-01	8.823827e-02
6.258176e-01	8.379901e-02
6.258432e-01	7.948226e-02
6.258688e-01	7.525513e-02
6.258944e-01	7.095265e-02
6.259200e-01	6.640513e-02
6.259456e-01	6.182016e-02
6.259712e-01	5.748840e-02
6.259968e-01	5.307385e-02
6.260224e-01	4.844536e-02
6.260480e-01	4.379859e-02
6.260736e-01	3.934530e-02
6.260992e-01	3.458679e-02
6.261248e-01	3.009804e-02
6.261504e-01	2.547546e-02
6.261760e-01	2.060199e-02
6.262016e-01	1.612634e-02
6.262272e-01	1.131001e-02
6.262528e-01	6.636250e-03
6.262784e-01	1.890748e-03
6.263040e-01	-2.769446e-03
6.263296e-01	-7.597689e-03
6.263552e-01	-1.231325e-02
6.263808e-01	-1.721366e-02
6.264064e-01	-2.192163e-02
6.264320e-01	-2.662538e-02
6.264576e-01	-3.154310e-02
6.264832e-01	-3.630605e-02
6.265088e-01	-4.120826e-02
6.265344e-01	-4.593126e-02
6.265600e-01	-5.075574e-02
6.265856e-01	-5.550712e-02
6.266112e-01	-6.029336e-02
6.266368e-01	-6.519635e-02
6.266624e-01	-6.989732e-02
6.266880e-01	-7.472179e-02
6.267136e-01	-7.948721e-02
6.267392e-01	-8.429583e-02
6.267648e-01	-8.902758e-02
6.267904e-01	-9.386452e-02
6.268160e-01	-9.855379e-02
6.268416e-01	-1.033493e-01
6.268672e-01	-1.079965e-01
6.268928e-01	-1.127372e-01
6.269184e-01	-1.175820e-01
6.269440e-01	-1.221481e-01
6.269696e-01	-1.268437e-01
6.269952e-01	-1.314944e-01
6.270208e-01	-1.359373e-01
6.270464e-01	-1.407297e-01
6.270720e-01	-1.451727e-01
6.270976e-01	-1.496969e-01
6.271232e-01	-1.543582e-01
6.271488e-01	-1.587338e-01
6.271744e-01	-1.631761e-01
6.272000e-01	-1.677259e-01
6.272256e-01	-1.721630e-01
6.272512e-01	-1.763913e-01
6.272768e-01	-1.808724e-01
6.273024e-01	-1.852199e-01
6.273280e-01	-1.892850e-01
6.273536e-01	-1.935956e-01
6.273792e-01	-1.978036e-01
6.274048e-01	-2.019930e-01
6.274304e-01	-2.059927e-01
6.274560e-01	-2.101598e-01
6.274816e-01	-2.141473e-01
6.275072e-01	-2.181999e-01
6.275328e-01	-2.220897e-01
6.275584e-01	-2.260680e-01
6.275840e-01	-2.299471e-01
6.276096e-01	-2.336449e-01
6.276352e-01	-2.375930e-01
6.276608e-01	-2.411029e-01
6.276864e-01	-2.447407e-01
6.277120e-01	-2.484099e-01
6.277376e-01	-2.520848e-01
6.277632e-01	-2.556863e-01
6.277888e-01	-2.589355e-01
6.278144e-01	-2.623999e-01
6.278400e-01	-2.657287e-01
6.278656e-01	-2.689855e-01
6.278912e-01	-2.723077e-01
6.279168e-01	-2.755761e-01
6.279424e-01	-2.786091e-01
6.279680e-01	-2.816816e-01
6.279936e-01	-2.845635e-01
6.280192e-01	-2.875470e-01
6.280448e-01	-2.903902e-01
6.280704e-01	-2.932493e-01
6.280960e-01	-2.960354e-01
6.281216e-01	-2.986155e-01
6.281472e-01	-3.014224e-01
6.281728e-01	-3.039802e-01
6.281984e-01	-3.064377e-01
6.282240e-01	-3.088101e-01
6.282496e-01	-3.111350e-01
6.282752e-01	-3.134226e-01
6.283008e-01	-3.156443e-01
6.283264e-01	-3.179036e-01
6.283520e-01	-3.199591e-01
6.283776e-01	-3.218865e-01
6.284032e-01	-3.238870e-01
6.284288e-01	-3.258094e-01
6.284544e-01	-3.274103e-01
6.284800e-01	-3.292707e-01
6.285056e-01	-3.310403e-01
6.285312e-01	-3.325150e-01
6.285568e-01	-3.340577e-01
6.285824e-01	-3.353852e-01
6.286080e-01	-3.368020e-01
6.286336e-01	-3.381844e-01
6.286592e-01	-3.393173e-01
6.286848e-01	-3.404457e-01
6.287104e-01	-3.414694e-01
6.287360e-01	-3.425143e-01
6.287616e-01	-3.434290e-01
6.287872e-01	-3.443207e-01
6.288128e-01	-3.449607e-01
6.288384e-01	-3.457027e-01
6.288640e-01	-3.463086e-01
6.288896e-01	-3.468655e-01
6.289152e-01	-3.473398e-01
6.289408e-01	-3.476288e-01
6.289664e-01	-3.479659e-01
6.289920e-01	-3.481320e-01
6.290176e-01	-3.482991e-01
6.290432e-01	-3.483356e-01
6.290688e-01	-3.483456e-01
6.290944e-01	-3.483622e-01
6.291200e-01	-3.480249e-01
6.291456e-01	-3.479375e-01
6.291712e-01	-3.475700e-01
6.291968e-01	-3.471141e-01
6.292224e-01	-3.467004e-01
6.292480e-01	-3.461406e-01
6.292736e-01	-3.455003e-01
6.292992e-01	-3.447103e-01
6.293248e-01	-3.439763e-01
6.293504e-01	-3.431180e-01
6.293760e-01	-3.421950e-01
6.294016e-01	-3.412919e-01
6.294272e-01	-3.401039e-01
6.294528e-01	-3.388837e-01
6.294784e-01	-3.376842e-01
6.295040e-01	-3.363803e-01
6.295296e-01	-3.348844e-01
6.295552e-01	-3.335097e-01
6.295808e-01	-3.319885e-01
6.296064e-01	-3.303548e-01
6.296320e-01	-3.287154e-01
6.296576e-01	-3.269251e-01
6.296832e-01	-3.250796e-01
6.297088e-01	-3.231336e-01
6.297344e-01	-3.212707e-01
6.297600e-01	-3.192142e-01
6.297856e-01	-3.169766e-01
6.298112e-01	-3.148705e-01
6.298368e-01	-3.126148e-01
6.298624e-01	-3.103817e-01
6.298880e-01	-3.078983e-01
6.299136e-01	-3.054904e-01
6.299392e-01	-3.029047e-01
6.299648e-01	-3.003933e-01
6.299904e-01	-2.977329e-01
6.300160e-01	-2.950184e-01
6.300416e-01	-2.922462e-01
6.300672e-01	-2.893555e-01
6.300928e-01	-2.865224e-01
6.301184e-01	-2.834901e-01
6.301440e-01	-2.804867e-01
6.301696e-01	-2.774784e-01
6.301952e-01	-2.742355e-01
6.302208e-01	-2.710897e-01
6.302464e-01	-2.678314e-01
6.302720e-01	-2.644000e-01
6.302976e-01	-2.610785e-01
6.303232e-01	-2.576678e-01
6.303488e-01	-2.542464e-01
6.303744e-01	-2.507144e-01
6.304000e-01	-2.470065e-01
6.304256e-01	-2.434577e-01
6.304512e-01	-2.397962e-01
6.304768e-01	-2.360887e-01
6.305024e-01	-2.323553e-01
6.305280e-01	-2.285786e-01
6.305536e-01	-2.245300e-01
6.305792e-01	-2.205897e-01
6.306048e-01	-2.166309e-01
6.306304e-01	-2.126164e-01
6.306560e-01	-2.086153e-01
6.306816e-01	-2.045453e-01
6.307072e-01	-2.003049e-01
6.307328e-01	-1.961777e-01
6.307584e-01	-1.919651e-01
6.307840e-01	-1.877165e-01
6.308096e-01	-1.834799e-01
6.308352e-01	-1.790861e-01
6.308608e-01	-1.747558e-01
6.308864e-01	-1.702858e-01
6.309120e-01	-1.659570e-01
6.309376e-01	-1.615934e-01
6.309632e-01	-1.570018e-01
6.309888e-01	-1.526189e-01
6.310144e-01	-1.479913e-01
6.310400e-01	-1.434772e-01
6.310656e-01	-1.388513e-01
6.310912e-01	-1.342161e-01
6.311168e-01	-1.296529e-01
6.311424e-01	-1.249526e-01
6.311680e-01	-1.203906e-01
6.311936e-01	-1.156103e-01
6.312192e-01	-1.109688e-01
6.312448e-01	-1.062242e-01
6.312704e-01	-1.014100e-01
6.312960e-01	-9.681451e-02
6.313216e-01	-9.201154e-02
6.313472e-01	-8.717292e-02
6.313728e-01	-8.241360e-02
6.313984e-01	-7.779104e-02
6.314240e-01	-7.275587e-02
6.314496e-01	-6.798990e-02
6.314752e-01	-6.325200e-02
6.315008e-01	-5.843328e-02
6.315264e-01	-5.359271e-02
6.315520e-01	-4.873605e-02
6.315776e-01	-4.408571e-02
6.316032e-01	-3.924144e-02
6.316288e-01	-3.434391e-02
6.316544e-01	-2.965541e-02
6.316800e-01	-2.476422e-02
6.317056e-01	-2.000319e-02
6.317312e-01	-1.520610e-02
6.317568e-01	-1.039142e-02
6.317824e-01	-5.724777e-03
6.318080e-01	-8.498610e-04
6.318336e-01	3.796903e-03
6.318592e-01	8.484455e-03
6.318848e-01	1.323283e-02
6.319104e-01	1.788155e-02
6.319360e-01	2.265003e-02
6.319616e-01	2.729324e-02
6.319872e-01	3.194704e-02
6.320128e-01	3.656428e-02
6.320384e-01	4.113076e-02
6.320640e-01	4.556740e-02
6.320896e-01	5.026266e-02
6.321152e-01	5.469440e-02
6.321408e-01	5.931688e-02
6.321664e-01	6.374678e-02
6.321920e-01	6.820908e-02
6.322176e-01	7.269759e-02
6.322432e-01	7.686962e-02
6.322688e-01	8.130844e-02
6.322944e-01	8.555083e-02
6.323200e-01	8.981167e-02
6.323456e-01	9.418178e-02
6.323712e-01	9.830578e-02
6.323968e-01	1.023831e-01
6.324224e-01	1.065340e-01
6.324480e-01	1.106791e-01
6.324736e-01	1.146145e-01
6.324992e-01	1.186877e-01
6.325248e-01	1.227390e-01
6.325504e-01	1.265256e-01
6.325760e-01	1.303815e-01
6.326016e-01	1.342596e-01
6.326272e-01	1.379480e-01
6.326528e-01	1.417547e-01
6.326784e-01	1.453875e-01
6.327040e-01	1.489818e-01
6.327296e-01	1.525581e-01
6.327552e-01	1.561518e-01
6.327808e-01	1.595433e-01
6.328064e-01	1.629290e-01
6.328320e-01	1.662838e-01
6.328576e-01	1.695783e-01
6.328832e-01	1.728485e-01
6.329088e-01	1.760385e-01
6.329344e-01	1.792374e-01
6.329600e-01	1.822546e-01
6.329856e-01	1.851646e-01
6.330112e-01	1.882096e-01
6.330368e-01	1.910067e-01
6.330624e-01	1.938529e-01
6.330880e-01	1.966124e-01
6.331136e-01	1.993081e-01
6.331392e-01	2.019748e-01
6.331648e-01	2.046157e-01
6.331904e-01	2.069830e-01
6.332160e-01	2.093967e-01
6.332416e-01	2.117821e-01
6.332672e-01	2.140655e-01
6.332928e-01	2.162987e-01
6.333184e-01	2.184606e-01
6.333440e-01	2.205774e-01
6.333696e-01	2.225139e-01
6.333952e-01	2.244879e-01
6.334208e-01	2.263358e-01
6.334464e-01	2.281079e-01
6.334720e-01	2.299622e-01
6.334976e-01	2.315068e-01
6.335232e-01	2.332083e-01
6.335488e-01	2.346721e-01
6.335744e-01	2.360272e-01
6.336000e-01	2.375201e-01
6.336256e-01	2.387553e-01
6.336512e-01	2.399300e-01
6.336768e-01	2.410518e-01
6.337024e-01	2.420517e-01
6.337280e-01	2.431340e-01
6.337536e-01	2.440058e-01
6.337792e-01	2.449179e-01
6.338048e-01	2.456393e-01
6.338304e-01	2.463100e-01
6.338560e-01	2.469438e-01
6.338816e-01	2.474363e-01
6.339072e-01	2.479365e-01
6.339328e-01	2.482668e-01
6.339584e-01	2.486185e-01
6.339840e-01	2.488028e-01
6.340096e-01	2.489253e-01
6.340352e-01	2.490881e-01
6.340608e-01	2.489616e-01
6.340864e-01	2.489771e-01
6.341120e-01	2.486904e-01
6.341376e-01	2.484737e-01
6.341632e-01	2.481354e-01
6.341888e-01	2.477223e-01
6.342144e-01	2.472527e-01
6.342400e-01	2.467270e-01
6.342656e-01	2.461206e-01
6.342912e-01	2.453198e-01
6.343168e-01	2.446197e-01
6.343424e-01	2.438609e-01
6.343680e-01	2.427861e-01
6.343936e-01	2.417971e-01
6.344192e-01	2.407262e-01
6.344448e-01	2.395520e-01
6.344704e-01	2.383314e-01
6.344960e-01	2.370548e-01
6.345216e-01	2.355984e-01
6.345472e-01	2.341218e-01
6.345728e-01	2.326584e-01
6.345984e-01	2.309922e-01
6.346240e-01	2.293273e-01
6.346496e-01	2.275720e-01
6.346752e-01	2.257199e-01
6.347008e-01	2.239362e-01
6.347264e-01	2.218124e-01
6.347520e-01	2.198836e-01
6.347776e-01	2.177329e-01
6.348032e-01	2.155740e-01
6.348288e-01	2.133429e-01
6.348544e-01	2.110010e-01
6.348800e-01	2.086476e-01
6.349056e-01	2.061322e-01
6.349312e-01	2.036719e-01
6.349568e-01	2.009560e-01
6.349824e-01	1.983419e-01
6.350080e-01	1.957774e-01
6.350336e-01	1.928961e-01
6.350592e-01	1.900289e-01
6.350848e-01	1.871288e-01
6.351104e-01	1.841595e-01
6.351360e-01	1.811722e-01
6.351616e-01	1.781695e-01
6.351872e-01	1.750095e-01
6.352128e-01	1.718793e-01
6.352384e-01	1.685200e-01
6.352640e-01	1.652557e-01
6.352896e-01	1.618827e-01
6.353152e-01	1.583949e-01
6.353408e-01	1.549162e-01
6.353664e-01	1.513838e-01
6.353920e-01	1.479416e-01
6.354176e-01	1.442347e-01
6.354432e-01	1.406047e-01
6.354688e-01	1.369288e-01
6.354944e-01	1.329291e-01
6.355200e-01	1.291734e-01
6.355456e-01	1.253065e-01
6.355712e-01	1.214101e-01
6.355968e-01	1.173704e-01
6.356224e-01	1.133697e-01
6.356480e-01	1.093569e-01
6.356736e-01	1.052235e-01
6.356992e-01	1.011900e-01
6.357248e-01	9.698811e-02
6.357504e-01	9.282713e-02
6.357760e-01	8.856192e-02
6.358016e-01	8.425002e-02
6.358272e-01	7.993743e-02
6.358528e-01	7.545241e-02
6.358784e-01	7.128816e-02
6.359040e-01	6.679323e-02
6.359296e-01	6.233260e-02
6.359552e-01	5.787740e-02
6.359808e-01	5.330737e-02
6.360064e-01	4.886715e-02
6.360320e-01	4.430670e-02
6.360576e-01	3.962627e-02
6.360832e-01	3.515729e-02
6.361088e-01	3.054614e-02
6.361344e-01	2.573879e-02
6.361600e-01	2.117749e-02
6.361856e-01	1.650029e-02
6.362112e-01	1.170932e-02
6.362368e-01	7.062036e-03
6.362624e-01	2.411562e-03
6.362880e-01	-2.404911e-03
6.363136e-01	-7.161461e-03
6.363392e-01	-1.181115e-02
6.363648e-01	-1.672947e-02
6.363904e-01	-2.141947e-02
6.364160e-01	-2.634378e-02
6.364416e-01	-3.104761e-02
6.364672e-01	-3.587085e-02
6.364928e-01	-4.072432e-02
6.365184e-01	-4.540702e-02
6.365440e-01	-5.027148e-02
6.365696e-01	-5.506419e-02
6.365952e-01	-5.992331e-02
6.366208e-01	-6.473483e-02
6.366464e-01	-6.947553e-02
6.366720e-01	-7.436880e-02
6.366976e-01	-7.914294e-02
6.367232e-01	-8.381716e-02
6.367488e-01	-8.867972e-02
6.367744e-01	-9.339394e-02
6.368000e-01	-9.807669e-02
6.368256e-01	-1.029023e-01
6.368512e-01	-1.075677e-01
6.368768e-01	-1.123996e-01
6.369024e-01	-1.170365e-01
6.369280e-01	-1.217331e-01
6.369536e-01	-1.263583e-01
6.369792e-01	-1.310626e-01
6.370048e-01	-1.356523e-01
6.370304e-01	-1.402555e-01
6.370560e-01	-1.448393e-01
6.370816e-01	-1.492823e-01
6.371072e-01	-1.539001e-01
6.371328e-01	-1.584402e-01
6.371584e-01	-1.628205e-01
6.371840e-01	-1.673152e-01
6.372096e-01	-1.716914e-01
6.372352e-01	-1.761031e-01
6.372608e-01	-1.804181e-01
6.372864e-01	-1.846949e-01
6.373120e-01	-1.889164e-01
6.373376e-01	-1.931303e-01
6.373632e-01	-1.973797e-01
6.373888e-01	-2.015985e-01
6.374144e-01	-2.055909e-01
6.374400e-01	-2.097676e-01
6.374656e-01	-2.138463e-01
6.374912e-01	-2.177656e-01
6.375168e-01	-2.218723e-01
6.375424e-01	-2.256409e-01
6.375680e-01	-2.294590e-01
6.375936e-01	-2.334203e-01
6.376192e-01	-2.371568e-01
6.376448e-01	-2.409384e-01
6.376704e-01	-2.445087e-01
6.376960e-01	-2.480931e-01
6.377216e-01	-2.518606e-01
6.377472e-01	-2.553404e-01
6.377728e-01	-2.587371e-01
6.377984e-01	-2.621877e-01
6.378240e-01	-2.654862e-01
6.378496e-01	-2.688248e-01
6.378752e-01	-2.720153e-01
6.379008e-01	-2.751927e-01
6.379264e-01	-2.783423e-01
6.379520e-01	-2.813272e-01
6.379776e-01	-2.843342e-01
6.380032e-01	-2.874525e-01
6.380288e-01	-2.901891e-01
6.380544e-01	-2.929663e-01
6.380800e-01	-2.957828e-01
6.381056e-01	-2.985142e-01
6.381312e-01	-3.011059e-01
6.381568e-01	-3.037646e-01
6.381824e-01	-3.061248e-01
6.382080e-01	-3.084907e-01
6.382336e-01	-3.110106e-01
6.382592e-01	-3.132415e-01
6.382848e-01	-3.155462e-01
6.383104e-01	-3.176472e-01
6.383360e-01	-3.197929e-01
6.383616e-01	-3.217995e-01
6.383872e-01	-3.236053e-01
6.384128e-01	-3.256146e-01
6.384384e-01	-3.273325e-01
6.384640e-01	-3.291579e-01
6.384896e-01	-3.307686e-01
6.385152e-01	-3.323737e-01
6.385408e-01	-3.338414e-01
6.385664e-01	-3.353357e-01
6.385920e-01	-3.367258e-01
6.386176e-01	-3.379713e-01
6.386432e-01	-3.391698e-01
6.386688e-01	-3.403744e-01
6.386944e-01	-3.414811e-01
6.387200e-01	-3.423682e-01
6.387456e-01	-3.433672e-01
6.387712e-01	-3.442362e-01
6.387968e-01	-3.449034e-01
6.388224e-01	-3.456335e-01
6.388480e-01	-3.462891e-01
6.388736e-01	-3.467824e-01
6.388992e-01	-3.473764e-01
6.389248e-01	-3.476502e-01
6.389504e-01	-3.478973e-01
6.389760e-01	-3.481995e-01
6.390016e-01	-3.482527e-01
6.390272e-01	-3.483780e-01
6.390528e-01	-3.483514e-01
6.390784e-01	-3.482511e-01
6.391040e-01	-3.481983e-01
6.391296e-01	-3.479272e-01
6.391552e-01	-3.475226e-01
6.391808e-01	-3.472538e-01
6.392064e-01	-3.466893e-01
6.392320e-01	-3.462555e-01
6.392576e-01	-3.455625e-01
6.392832e-01	-3.447393e-01
6.393088e-01	-3.440411e-01
6.393344e-01	-3.431501e-01
6.393600e-01	-3.421825e-01
6.393856e-01	-3.413009e-01
6.394112e-01	-3.402846e-01
6.394368e-01	-3.390176e-01
6.394624e-01	-3.377644e-01
6.394880e-01	-3.365055e-01
6.395136e-01	-3.351606e-01
6.395392e-01	-3.336348e-01
6.395648e-01	-3.320889e-01
6.395904e-01	-3.304937e-01
6.396160e-01	-3.287303e-01
6.396416e-01	-3.270675e-01
6.396672e-01	-3.252202e-01
6.396928e-01	-3.233038e-01
6.397184e-01	-3.213429e-01
6.397440e-01	-3.193500e-01
6.397696e-01	-3.172783e-01
6.397952e-01	-3.151490e-01
6.398208e-01	-3.128386e-01
6.398464e-01	-3.105211e-01
6.398720e-01	-3.081653e-01
6.398976e-01	-3.056731e-01
6.399232e-01	-3.031702e-01
6.399488e-01	-3.006445e-01
6.399744e-01	-2.979880e-01
6.400000e-01	-2.953474e-01
6.400256e-01	-2.924742e-01
6.400512e-01	-2.897113e-01
6.400768e-01	-2.867886e-01
6.401024e-01	-2.837902e-01
6.401280e-01	-2.807917e-01
6.401536e-01	-2.777511e-01
6.401792e-01	-2.745613e-01
6.402048e-01	-2.713107e-01
6.402304e-01	-2.681391e-01
6.402560e-01	-2.648627e-01
6.402816e-01	-2.615263e-01
6.403072e-01	-2.580275e-01
6.403328e-01	-2.545196e-01
6.403584e-01	-2.510486e-01
6.403840e-01	-2.474141e-01
6.404096e-01	-2.438626e-01
6.404352e-01	-2.402083e-01
6.404608e-01	-2.363183e-01
6.404864e-01	-2.325631e-01
6.405120e-01	-2.289227e-01
6.405376e-01	-2.249287e-01
6.405632e-01	-2.209892e-01
6.405888e-01	-2.170079e-01
6.406144e-01	-2.131446e-01
6.406400e-01	-2.089244e-01
6.406656e-01	-2.048789e-01
6.406912e-01	-2.007998e-01
6.407168e-01	-1.965422e-01
6.407424e-01	-1.924338e-01
6.407680e-01	-1.880899e-01
6.407936e-01	-1.838475e-01
6.408192e-01	-1.795636e-01
6.408448e-01	-1.752439e-01
6.408704e-01	-1.709314e-01
6.408960e-01	-1.663231e-01
6.409216e-01	-1.619645e-01
6.409472e-01	-1.575151e-01
6.409728e-01	-1.529412e-01
6.409984e-01	-1.484789e-01
6.410240e-01	-1.439498e-01
6.410496e-01	-1.393093e-01
6.410752e-01	-1.347065e-01
6.411008e-01	-1.300262e-01
6.411264e-01	-1.254807e-01
6.411520e-01	-1.208282e-01
6.411776e-01	-1.161860e-01
6.412032e-01	-1.114366e-01
6.412288e-01	-1.066883e-01
6.412544e-01	-1.019392e-01
6.412800e-01	-9.714901e-02
6.413056e-01	-9.247904e-02
6.413312e-01	-8.764776e-02
6.413568e-01	-8.291762e-02
6.413824e-01	-7.813358e-02
6.414080e-01	-7.335708e-02
6.414336e-01	-6.856769e-02
6.414592e-01	-6.374645e-02
6.414848e-01	-5.896364e-02
6.415104e-01	-5.407402e-02
6.415360e-01	-4.935608e-02
6.415616e-01	-4.450009e-02
6.415872e-01	-3.958688e-02
6.416128e-01	-3.482633e-02
6.416384e-01	-3.014641e-02
6.416640e-01	-2.519692e-02
6.416896e-01	-2.047438e-02
6.417152e-01	-1.564424e-02
6.417408e-01	-1.089591e-02
6.417664e-01	-6.188471e-03
6.417920e-01	-1.302768e-03
6.418176e-01	3.312451e-03
6.418432e-01	8.099961e-03
6.418688e-01	1.279681e-02
6.418944e-01	1.748676e-02
6.419200e-01	2.220937e-02
6.419456e-01	2.673179e-02
6.419712e-01	3.144857e-02
6.419968e-01	3.616499e-02
6.420224e-01	4.060479e-02
6.420480e-01	4.522302e-02
6.420736e-01	4.987530e-02
6.420992e-01	5.445273e-02
6.421248e-01	5.899333e-02
6.421504e-01	6.329492e-02
6.421760e-01	6.777336e-02
6.422016e-01	7.211874e-02
6.422272e-01	7.656626e-02
6.422528e-01	8.084163e-02
6.422784e-01	8.518047e-02
6.423040e-01	8.935598e-02
6.423296e-01	9.371383e-02
6.423552e-01	9.797964e-02
6.423808e-01	1.018584e-01
6.424064e-01	1.062567e-01
6.424320e-01	1.103394e-01
6.424576e-01	1.144070e-01
6.424832e-01	1.183674e-01
6.425088e-01	1.222564e-01
6.425344e-01	1.262965e-01
6.425600e-01	1.299207e-01
6.425856e-01	1.338867e-01
6.426112e-01	1.376686e-01
6.426368e-01	1.412675e-01
6.426624e-01	1.450214e-01
6.426880e-01	1.487667e-01
6.427136e-01	1.521818e-01
6.427392e-01	1.558413e-01
6.427648e-01	1.592224e-01
6.427904e-01	1.625934e-01
6.428160e-01	1.661434e-01
6.428416e-01	1.692859e-01
6.428672e-01	1.726286e-01
6.428928e-01	1.756239e-01
6.429184e-01	1.788160e-01
6.429440e-01	1.820071e-01
6.429696e-01	1.849045e-01
6.429952e-01	1.879383e-01
6.430208e-01	1.906982e-01
6.430464e-01	1.937830e-01
6.430720e-01	1.963068e-01
6.430976e-01	1.990092e-01
6.431232e-01	2.017179e-01
6.431488e-01	2.042554e-01
6.431744e-01	2.067736e-01
6.432000e-01	2.091820e-01
6.432256e-01	2.115694e-01
6.432512e-01	2.138170e-01
6.432768e-01	2.160461e-01
6.433024e-01	2.182128e-01
6.433280e-01	2.203714e-01
6.433536e-01	2.223153e-01
6.433792e-01	2.243185e-01
6.434048e-01	2.261676e-01
6.434304e-01	2.279502e-01
6.434560e-01	2.297272e-01
6.434816e-01	2.313531e-01
6.435072e-01	2.330660e-01
6.435328e-01	2.344350e-01
6.435584e-01	2.359766e-01
6.435840e-01	2.372790e-01
6.436096e-01	2.385822e-01
6.436352e-01	2.399045e-01
6.436608e-01	2.410372e-01
6.436864e-01	2.420100e-01
6.437120e-01	2.429698e-01
6.437376e-01	2.438769e-01
6.437632e-01	2.448201e-01
6.437888e-01	2.456742e-01
6.438144e-01	2.463245e-01
6.438400e-01	2.467986e-01
6.438656e-01	2.473946e-01
6.438912e-01	2.479861e-01
6.439168e-01	2.481797e-01
6.439424e-01	2.485026e-01
6.439680e-01	2.488492e-01
6.439936e-01	2.488896e-01
6.440192e-01	2.490702e-01
6.440448e-01	2.490519e-01
6.440704e-01	2.489173e-01
6.440960e-01	2.487194e-01
6.441216e-01	2.485146e-01
6.441472e-01	2.481923e-01
6.441728e-01	2.477797e-01
6.441984e-01	2.472613e-01
6.442240e-01	2.468356e-01
6.442496e-01	2.462731e-01
6.442752e-01	2.454226e-01
6.443008e-01	2.447112e-01
6.443264e-01	2.439187e-01
6.443520e-01	2.429289e-01
6.443776e-01	2.419928e-01
6.444032e-01	2.408266e-01
6.444288e-01	2.397468e-01
6.444544e-01	2.383773e-01
6.444800e-01	2.371142e-01
6.445056e-01	2.358358e-01
6.445312e-01	2.342251e-01
6.445568e-01	2.327763e-01
6.445824e-01	2.311735e-01
6.446080e-01	2.294609e-01
6.446336e-01	2.276582e-01
6.446592e-01	2.259351e-01
6.446848e-01	2.240801e-01
6.447104e-01	2.220610e-01
6.447360e-01	2.200735e-01
6.447616e-01	2.178453e-01
6.447872e-01	2.158194e-01
6.448128e-01	2.134700e-01
6.448384e-01	2.112478e-01
6.448640e-01	2.088696e-01
6.448896e-01	2.063294e-01
6.449152e-01	2.039144e-01
6.449408e-01	2.013099e-01
6.449664e-01	1.987850e-01
6.449920e-01	1.958918e-01
6.450176e-01	1.931449e-01
6.450432e-01	1.904206e-01
6.450688e-01	1.874113e-01
6.450944e-01	1.846005e-01
6.451200e-01	1.815322e-01
6.451456e-01	1.784192e-01
6.451712e-01	1.753329e-01
6.451968e-01	1.720507e-01
6.452224e-01	1.688248e-01
6.452480e-01	1.655973e-01
6.452736e-01	1.621534e-01
6.452992e-01	1.587659e-01
6.453248e-01	1.552823e-01
6.453504e-01	1.518868e-01
6.453760e-01	1.482032e-01
6.454016e-01	1.446187e-01
6.454272e-01	1.408509e-01
6.454528e-01	1.371428e-01
6.454784e-01	1.334659e-01
6.455040e-01	1.296140e-01
6.455296e-01	1.257542e-01
6.455552e-01	1.216854e-01
6.455808e-01	1.179091e-01
6.456064e-01	1.137904e-01
6.456320e-01	1.097589e-01
6.456576e-01	1.057837e-01
6.456832e-01	1.015654e-01
6.457088e-01	9.729851e-02
6.457344e-01	9.321178e-02
6.457600e-01	8.911980e-02
6.457856e-01	8.464824e-02
6.458112e-01	8.034321e-02
6.458368e-01	7.598615e-02
6.458624e-01	7.162271e-02
6.458880e-01	6.713413e-02
6.459136e-01	6.279480e-02
6.459392e-01	5.834414e-02
6.459648e-01	5.379881e-02
6.459904e-01	4.928685e-02
6.460160e-01	4.466246e-02
6.460416e-01	4.011748e-02
6.460672e-01	3.547177e-02
6.460928e-01	3.088082e-02
6.461184e-01	2.637393e-02
6.461440e-01	2.155543e-02
6.461696e-01	1.703824e-02
6.461952e-01	1.229459e-02
6.462208e-01	7.463052e-03
6.462464e-01	2.867148e-03
6.462720e-01	-2.022289e-03
6.462976e-01	-6.742438e-03
6.463232e-01	-1.143354e-02
6.463488e-01	-1.627293e-02
6.463744e-01	-2.098002e-02
6.464000e-01	-2.583766e-02
6.464256e-01	-3.055499e-02
6.464512e-01	-3.539645e-02
6.464768e-01	-4.028649e-02
6.465024e-01	-4.508879e-02
6.465280e-01	-4.978141e-02
6.465536e-01	-5.463639e-02
6.465792e-01	-5.946028e-02
6.466048e-01	-6.428047e-02
6.466304e-01	-6.914471e-02
6.466560e-01	-7.393560e-02
6.466816e-01	-7.865431e-02
6.467072e-01	-8.339146e-02
6.467328e-01	-8.817032e-02
6.467584e-01	-9.296694e-02
6.467840e-01	-9.767079e-02
6.468096e-01	-1.024610e-01
6.468352e-01	-1.072045e-01
6.468608e-01	-1.119024e-01
6.468864e-01	-1.166520e-01
6.469120e-01	-1.213619e-01
6.469376e-01	-1.259640e-01
6.469632e-01	-1.305379e-01
6.469888e-01	-1.352782e-01
6.470144e-01	-1.398203e-01
6.470400e-01	-1.442839e-01
6.470656e-01	-1.490895e-01
6.470912e-01	-1.534734e-01
6.471168e-01	-1.579496e-01
6.471424e-01	-1.624401e-01
6.471680e-01	-1.668688e-01
6.471936e-01	-1.713860e-01
6.472192e-01	-1.756558e-01
6.472448e-01	-1.799722e-01
6.472704e-01	-1.844111e-01
6.472960e-01	-1.885555e-01
6.473216e-01	-1.929365e-01
6.473472e-01	-1.969773e-01
6.473728e-01	-2.010424e-01
6.473984e-01	-2.053424e-01
6.474240e-01	-2.093542e-01
6.474496e-01	-2.133399e-01
6.474752e-01	-2.174399e-01
6.475008e-01	-2.213759e-01
6.475264e-01	-2.253267e-01
6.475520e-01	-2.291822e-01
6.475776e-01	-2.330233e-01
6.476032e-01	-2.367822e-01
6.476288e-01	-2.405572e-01
6.476544e-01	-2.442681e-01
6.476800e-01	-2.477860e-01
6.477056e-01	-2.513601e-01
6.477312e-01	-2.548344e-01
6.477568e-01	-2.584147e-01
6.477824e-01	-2.618311e-01
6.478080e-01	-2.651120e-01
6.478336e-01	-2.685327e-01
6.478592e-01	-2.716008e-01
6.478848e-01	-2.749414e-01
6.479104e-01	-2.780278e-01
6.479360e-01	-2.811761e-01
6.479616e-01	-2.841545e-01
6.479872e-01	-2.871099e-01
6.480128e-01	-2.900690e-01
6.480384e-01	-2.929418e-01
6.480640e-01	-2.955786e-01
6.480896e-01	-2.982289e-01
6.481152e-01	-3.010404e-01
6.481408e-01	-3.034852e-01
6.481664e-01	-3.060203e-01
6.481920e-01	-3.084008e-01
6.482176e-01	-3.107504e-01
6.482432e-01	-3.131006e-01
6.482688e-01	-3.153033e-01
6.482944e-01	-3.175243e-01
6.483200e-01	-3.194883e-01
6.483456e-01	-3.216118e-01
6.483712e-01	-3.235302e-01
6.483968e-01	-3.254702e-01
6.484224e-01	-3.272944e-01
6.484480e-01	-3.289798e-01
6.484736e-01	-3.306124e-01
6.484992e-01	-3.323563e-01
6.485248e-01	-3.339037e-01
6.485504e-01	-3.351460e-01
6.485760e-01	-3.366146e-01
6.486016e-01	-3.379350e-01
6.486272e-01	-3.390846e-01
6.486528e-01	-3.402357e-01
6.486784e-01	-3.413562e-01
6.487040e-01	-3.424649e-01
6.487296e-01	-3.432879e-01
6.487552e-01	-3.441635e-01
6.487808e-01	-3.449596e-01
6.488064e-01	-3.455967e-01
6.488320e-01	-3.461855e-01
6.488576e-01	-3.467685e-01
6.488832e-01	-3.471709e-01
6.489088e-01	-3.477126e-01
6.489344e-01	-3.479890e-01
6.489600e-01	-3.481554e-01
6.489856e-01	-3.483427e-01
6.490112e-01	-3.484005e-01
6.490368e-01	-3.484625e-01
6.490624e-01	-3.483450e-01
6.490880e-01	-3.481496e-01
6.491136e-01	-3.479709e-01
6.491392e-01	-3.475829e-01
6.491648e-01	-3.472267e-01
6.491904e-01	-3.468224e-01
6.492160e-01	-3.462840e-01
6.492416e-01	-3.456172e-01
6.492672e-01	-3.449006e-01
6.492928e-01	-3.441355e-01
6.493184e-01	-3.433444e-01
6.493440e-01	-3.424149e-01
6.493696e-01	-3.413886e-01
6.493952e-01	-3.401957e-01
6.494208e-01	-3.391944e-01
6.494464e-01	-3.379831e-01
6.494720e-01	-3.365967e-01
6.494976e-01	-3.353118e-01
6.495232e-01	-3.337336e-01
6.495488e-01	-3.322829e-01
6.495744e-01	-3.306944e-01
6.496000e-01	-3.289521e-01
6.496256e-01	-3.271784e-01
6.496512e-01	-3.253964e-01
6.496768e-01	-3.236406e-01
6.497024e-01	-3.214858e-01
6.497280e-01	-3.195964e-01
6.497536e-01	-3.175180e-01
6.497792e-01	-3.153421e-01
6.498048e-01	-3.130234e-01
6.498304e-01	-3.107439e-01
6.498560e-01	-3.083857e-01
6.498816e-01	-3.060583e-01
6.499072e-01	-3.034377e-01
6.499328e-01	-3.008473e-01
6.499584e-01	-2.983197e-01
6.499840e-01	-2.954859e-01
6.500096e-01	-2.928711e-01
6.500352e-01	-2.900482e-01
6.500608e-01	-2.871642e-01
6.500864e-01	-2.841137e-01
6.501120e-01	-2.810809e-01
6.501376e-01	-2.780532e-01
6.501632e-01	-2.747874e-01
6.501888e-01	-2.718547e-01
6.502144e-01	-2.685128e-01
6.502400e-01	-2.651852e-01
6.502656e-01	-2.618304e-01
6.502912e-01	-2.584161e-01
6.503168e-01	-2.548736e-01
6.503424e-01	-2.514454e-01
6.503680e-01	-2.478559e-01
6.503936e-01	-2.441595e-01
6.504192e-01	-2.404563e-01
6.504448e-01	-2.367849e-01
6.504704e-01	-2.330327e-01
6.504960e-01	-2.291184e-01
6.505216e-01	-2.253587e-01
6.505472e-01	-2.214003e-01
6.505728e-01	-2.174338e-01
6.505984e-01	-2.134994e-01
6.506240e-01	-2.093180e-01
6.506496e-01	-2.053925e-01
6.506752e-01	-2.011954e-01
6.507008e-01	-1.969337e-01
6.507264e-01	-1.928753e-01
6.507520e-01	-1.885974e-01
6.507776e-01	-1.843124e-01
6.508032e-01	-1.799709e-01
6.508288e-01	-1.756825e-01
6.508544e-01	-1.713347e-01
6.508800e-01	-1.668890e-01
6.509056e-01	-1.624908e-01
6.509312e-01	-1.579030e-01
6.509568e-01	-1.533980e-01
6.509824e-01	-1.488397e-01
6.510080e-01	-1.444044e-01
6.510336e-01	-1.398325e-01
6.510592e-01	-1.352575e-01
6.510848e-01	-1.304813e-01
6.511104e-01	-1.258475e-01
6.511360e-01	-1.212291e-01
6.511616e-01	-1.165142e-01
6.511872e-01	-1.118596e-01
6.512128e-01	-1.070686e-01
6.512384e-01	-1.023410e-01
6.512640e-01	-9.760161e-02
6.512896e-01	-9.286958e-02
6.513152e-01	-8.816759e-02
6.513408e-01	-8.328693e-02
6.513664e-01	-7.863731e-02
6.513920e-01	-7.383980e-02
6.514176e-01	-6.897584e-02
6.514432e-01	-6.417921e-02
6.514688e-01	-5.947607e-02
6.514944e-01	-5.461373e-02
6.515200e-01	-4.972878e-02
6.515456e-01	-4.488940e-02
6.515712e-01	-4.010100e-02
6.515968e-01	-3.536866e-02
6.516224e-01	-3.051208e-02
6.516480e-01	-2.575609e-02
6.516736e-01	-2.088953e-02
6.516992e-01	-1.608848e-02
6.517248e-01	-1.146066e-02
6.517504e-01	-6.569729e-03
6.517760e-01	-1.912464e-03
6.518016e-01	2.860912e-03
6.518272e-01	7.703153e-03
6.518528e-01	1.230914e-02
6.518784e-01	1.706841e-02
6.519040e-01	2.179131e-02
6.519296e-01	2.639000e-02
6.519552e-01	3.103165e-02
6.519808e-01	3.565636e-02
6.520064e-01	4.031439e-02
6.520320e-01	4.483347e-02
6.520576e-01	4.934014e-02
6.520832e-01	5.382273e-02
6.521088e-01	5.837037e-02
6.521344e-01	6.284850e-02
6.521600e-01	6.737491e-02
6.521856e-01	7.167518e-02
6.522112e-01	7.611837e-02
6.522368e-01	8.039065e-02
6.522624e-01	8.476371e-02
6.522880e-01	8.916994e-02
6.523136e-01	9.324995e-02
6.523392e-01	9.753043e-02
6.523648e-01	1.017018e-01
6.523904e-01	1.056930e-01
6.524160e-01	1.099201e-01
6.524416e-01	1.139586e-01
6.524672e-01	1.179279e-01
6.524928e-01	1.218719e-01
6.525184e-01	1.257627e-01
6.525440e-01	1.296188e-01
6.525696e-01	1.335327e-01
6.525952e-01	1.373269e-01
6.526208e-01	1.410102e-01
6.526464e-01	1.446186e-01
6.526720e-01	1.483506e-01
6.526976e-01	1.518876e-01
6.527232e-01	1.553397e-01
6.527488e-01	1.588799e-01
6.527744e-01	1.622371e-01
6.528000e-01	1.655920e-01
6.528256e-01	1.689742e-01
6.528512e-01	1.722363e-01
6.528768e-01	1.753999e-01
6.529024e-01	1.784807e-01
6.529280e-01	1.815503e-01
6.529536e-01	1.845720e-01
6.529792e-01	1.876604e-01
6.530048e-01	1.904594e-01
6.530304e-01	1.933926e-01
6.530560e-01	1.960146e-01
6.530816e-01	1.986911e-01
6.531072e-01	2.014679e-01
6.531328e-01	2.040183e-01
6.531584e-01	2.065092e-01
6.531840e-01	2.089650e-01
6.532096e-01	2.113383e-01
6.532352e-01	2.135931e-01
6.532608e-01	2.159025e-01
6.532864e-01	2.180197e-01
6.533120e-01	2.200807e-01
6.533376e-01	2.221178e-01
6.533632e-01	2.240949e-01
6.533888e-01	2.260008e-01
6.534144e-01	2.277439e-01
6.534400e-01	2.296593e-01
6.534656e-01	2.312241e-01
6.534912e-01	2.327335e-01
6.535168e-01	2.343723e-01
6.535424e-01	2.358967e-01
6.535680e-01	2.371756e-01
6.535936e-01	2.384842e-01
6.536192e-01	2.396514e-01
6.536448e-01	2.408697e-01
6.536704e-01	2.419383e-01
6.536960e-01	2.429475e-01
6.537216e-01	2.438448e-01
6.537472e-01	2.446030e-01
6.537728e-01	2.455382e-01
6.537984e-01	2.461847e-01
6.538240e-01	2.467678e-01
6.538496e-01	2.473586e-01
6.538752e-01	2.478470e-01
6.539008e-01	2.482746e-01
6.539264e-01	2.485284e-01
6.539520e-01	2.488839e-01
6.539776e-01	2.488766e-01
6.540032e-01	2.489692e-01
6.540288e-01	2.490198e-01
6.540544e-01	2.488990e-01
6.540800e-01	2.487522e-01
6.541056e-01	2.484471e-01
6.541312e-01	2.481944e-01
6.541568e-01	2.479111e-01
6.541824e-01	2.473938e-01
6.542080e-01	2.467723e-01
6.542336e-01	2.461980e-01
6.542592e-01	2.456113e-01
6.542848e-01	2.445984e-01
6.543104e-01	2.438636e-01
6.543360e-01	2.430081e-01
6.543616e-01	2.419524e-01
6.543872e-01	2.409411e-01
6.544128e-01	2.397600e-01
6.544384e-01	2.385831e-01
6.544640e-01	2.372047e-01
6.544896e-01	2.358151e-01
6.545152e-01	2.344197e-01
6.545408e-01	2.328515e-01
6.545664e-01	2.314534e-01
6.545920e-01	2.296813e-01
6.546176e-01	2.279064e-01
6.546432e-01	2.260884e-01
6.546688e-01	2.241117e-01
6.546944e-01	2.222667e-01
6.547200e-01	2.202505e-01
6.547456e-01	2.180051e-01
6.547712e-01	2.160106e-01
6.547968e-01	2.137861e-01
6.548224e-01	2.114844e-01
6.548480e-01	2.090603e-01
6.548736e-01	2.066047e-01
6.548992e-01	2.041768e-01
6.549248e-01	2.016188e-01
6.549504e-01	1.990448e-01
6.549760e-01	1.962502e-01
6.550016e-01	1.933717e-01
6.550272e-01	1.906692e-01
6.550528e-01	1.877516e-01
6.550784e-01	1.847733e-01
6.551040e-01	1.817717e-01
6.551296e-01	1.787297e-01
6.551552e-01	1.755949e-01
6.551808e-01	1.724313e-01
6.552064e-01	1.692059e-01
6.552320e-01	1.658258e-01
6.552576e-01	1.625003e-01
6.552832e-01	1.590915e-01
6.553088e-01	1.556665e-01
6.553344e-01	1.521402e-01
6.553600e-01	1.485057e-01
6.553856e-01	1.450037e-01
6.554112e-01	1.411739e-01
6.554368e-01	1.375971e-01
6.554624e-01	1.337697e-01
6.554880e-01	1.298942e-01
6.555136e-01	1.261135e-01
6.555392e-01	1.221089e-01
6.555648e-01	1.181043e-01
6.555904e-01	1.142268e-01
6.556160e-01	1.102434e-01
6.556416e-01	1.058869e-01
6.556672e-01	1.019612e-01
6.556928e-01	9.787341e-02
6.557184e-01	9.349970e-02
6.557440e-01	8.939604e-02
6.557696e-01	8.511282e-02
6.557952e-01	8.079051e-02
6.558208e-01	7.635252e-02
6.558464e-01	7.199216e-02
6.558720e-01	6.755669e-02
6.558976e-01	6.313628e-02
6.559232e-01	5.870090e-02
6.559488e-01	5.423284e-02
6.559744e-01	4.978736e-02
6.560000e-01	4.519015e-02
6.560256e-01	4.048073e-02
6.560512e-01	3.598428e-02
6.560768e-01	3.144448e-02
6.561024e-01	2.670057e-02
6.561280e-01	2.201190e-02
6.561536e-01	1.735803e-02
6.561792e-01	1.267337e-02
6.562048e-01	8.032610e-03
6.562304e-01	3.200618e-03
6.562560e-01	-1.543844e-03
6.562816e-01	-6.217343e-03
6.563072e-01	-1.097594e-02
6.563328e-01	-1.582128e-02
6.563584e-01	-2.052505e-02
6.563840e-01	-2.539945e-02
6.564096e-01	-3.020127e-02
6.564352e-01	-3.496047e-02
6.564608e-01	-3.975942e-02
6.564864e-01	-4.463247e-02
6.565120e-01	-4.938355e-02
6.565376e-01	-5.428696e-02
6.565632e-01	-5.897535e-02
6.565888e-01	-6.378803e-02
6.566144e-01	-6.877255e-02
6.566400e-01	-7.340746e-02
6.566656e-01	-7.828096e-02
6.566912e-01	-8.305224e-02
6.567168e-01	-8.779727e-02
6.567424e-01	-9.249021e-02
6.567680e-01	-9.724431e-02
6.567936e-01	-1.020893e-01
6.568192e-01	-1.066926e-01
6.568448e-01	-1.115372e-01
6.568704e-01	-1.161686e-01
6.568960e-01	-1.208599e-01
6.569216e-01	-1.255564e-01
6.569472e-01	-1.301124e-01
6.569728e-01	-1.347943e-01
6.569984e-01	-1.394036e-01
6.570240e-01	-1.439659e-01
6.570496e-01	-1.484262e-01
6.570752e-01	-1.529798e-01
6.571008e-01	-1.576215e-01
6.571264e-01	-1.620132e-01
6.571520e-01	-1.664488e-01
6.571776e-01	-1.707672e-01
6.572032e-01	-1.753010e-01
6.572288e-01	-1.796823e-01
6.572544e-01	-1.839504e-01
6.572800e-01	-1.881748e-01
6.573056e-01	-1.924369e-01
6.573312e-01	-1.967509e-01
6.573568e-01	-2.007996e-01
6.573824e-01	-2.049668e-01
6.574080e-01	-2.091317e-01
6.574336e-01	-2.131194e-01
6.574592e-01	-2.171328e-01
6.574848e-01	-2.211047e-01
6.575104e-01	-2.249724e-01
6.575360e-01	-2.288004e-01
6.575616e-01	-2.326945e-01
6.575872e-01	-2.364581e-01
6.576128e-01	-2.402713e-01
6.576384e-01	-2.439273e-01
6.576640e-01	-2.475232e-01
6.576896e-01	-2.511143e-01
6.577152e-01	-2.546358e-01
6.577408e-01	-2.581478e-01
6.577664e-01	-2.615424e-01
6.577920e-01	-2.648741e-01
6.578176e-01	-2.682035e-01
6.578432e-01	-2.713894e-01
6.578688e-01	-2.745827e-01
6.578944e-01	-2.776836e-01
6.579200e-01	-2.808550e-01
6.579456e-01	-2.839840e-01
6.579712e-01	-2.868519e-01
6.579968e-01	-2.895871e-01
6.580224e-01	-2.924747e-01
6.580480e-01	-2.953184e-01
6.580736e-01	-2.980017e-01
6.580992e-01	-3.006197e-01
6.581248e-01	-3.032718e-01
6.581504e-01	-3.057190e-01
6.581760e-01	-3.081670e-01
6.582016e-01	-3.105518e-01
6.582272e-01	-3.129096e-01
6.582528e-01	-3.151297e-01
6.582784e-01	-3.173111e-01
6.583040e-01	-3.193474e-01
6.583296e-01	-3.214848e-01
6.583552e-01	-3.234121e-01
6.583808e-01	-3.252012e-01
6.584064e-01	-3.271213e-01
6.584320e-01	-3.286655e-01
6.584576e-01	-3.305376e-01
6.584832e-01	-3.320948e-01
6.585088e-01	-3.336363e-01
6.585344e-01	-3.352212e-01
6.585600e-01	-3.364414e-01
6.585856e-01	-3.379228e-01
6.586112e-01	-3.389871e-01
6.586368e-01	-3.403355e-01
6.586624e-01	-3.412370e-01
6.586880e-01	-3.423284e-01
6.587136e-01	-3.433183e-01
6.587392e-01	-3.439816e-01
6.587648e-01	-3.449346e-01
6.587904e-01	-3.455688e-01
6.588160e-01	-3.462026e-01
6.588416e-01	-3.467754e-01
6.588672e-01	-3.471633e-01
6.588928e-01	-3.475617e-01
6.589184e-01	-3.478881e-01
6.589440e-01	-3.481876e-01
6.589696e-01	-3.483377e-01
6.589952e-01	-3.484088e-01
6.590208e-01	-3.484510e-01
6.590464e-01	-3.483697e-01
6.590720e-01	-3.481871e-01
6.590976e-01	-3.480338e-01
6.591232e-01	-3.476464e-01
6.591488e-01	-3.473463e-01
6.591744e-01	-3.468035e-01
6.592000e-01	-3.461947e-01
6.592256e-01	-3.455414e-01
6.592512e-01	-3.450192e-01
6.592768e-01	-3.442402e-01
6.593024e-01	-3.433245e-01
6.593280e-01	-3.424922e-01
6.593536e-01	-3.414598e-01
6.593792e-01	-3.404917e-01
6.594048e-01	-3.392919e-01
6.594304e-01	-3.380467e-01
6.594560e-01	-3.368481e-01
6.594816e-01	-3.354220e-01
6.595072e-01	-3.340269e-01
6.595328e-01	-3.323819e-01
6.595584e-01	-3.307628e-01
6.595840e-01	-3.292361e-01
6.596096e-01	-3.274657e-01
6.596352e-01	-3.255859e-01
6.596608e-01	-3.238272e-01
6.596864e-01	-3.217522e-01
6.597120e-01	-3.196954e-01
6.597376e-01	-3.176418e-01
6.597632e-01	-3.155187e-01
6.597888e-01	-3.134058e-01
6.598144e-01	-3.110898e-01
6.598400e-01	-3.085559e-01
6.598656e-01	-3.062061e-01
6.598912e-01	-3.037563e-01
6.599168e-01	-3.010381e-01
6.599424e-01	-2.984974e-01
6.599680e-01	-2.958257e-01
6.599936e-01	-2.930101e-01
6.600192e-01	-2.902889e-01
6.600448e-01	-2.873114e-01
6.600704e-01	-2.844038e-01
6.600960e-01	-2.814143e-01
6.601216e-01	-2.783285e-01
6.601472e-01	-2.753100e-01
6.601728e-01	-2.719978e-01
6.601984e-01	-2.688246e-01
6.602240e-01	-2.655367e-01
6.602496e-01	-2.621021e-01
6.602752e-01	-2.587400e-01
6.603008e-01	-2.551475e-01
6.603264e-01	-2.518101e-01
6.603520e-01	-2.481630e-01
6.603776e-01	-2.445705e-01
6.604032e-01	-2.410207e-01
6.604288e-01	-2.371921e-01
6.604544e-01	-2.333218e-01
6.604800e-01	-2.294477e-01
6.605056e-01	-2.257109e-01
6.605312e-01	-2.218347e-01
6.605568e-01	-2.177272e-01
6.605824e-01	-2.138951e-01
6.606080e-01	-2.098335e-01
6.606336e-01	-2.056773e-01
6.606592e-01	-2.016313e-01
6.606848e-01	-1.974137e-01
6.607104e-01	-1.931192e-01
6.607360e-01	-1.889362e-01
6.607616e-01	-1.846888e-01
6.607872e-01	-1.803654e-01
6.608128e-01	-1.759940e-01
6.608384e-01	-1.716557e-01
6.608640e-01	-1.672017e-01
6.608896e-01	-1.628199e-01
6.609152e-01	-1.583331e-01
6.609408e-01	-1.538965e-01
6.609664e-01	-1.493465e-01
6.609920e-01	-1.447647e-01
6.610176e-01	-1.402612e-01
6.610432e-01	-1.356545e-01
6.610688e-01	-1.310643e-01
6.610944e-01	-1.263642e-01
6.611200e-01	-1.215437e-01
6.611456e-01	-1.171241e-01
6.611712e-01	-1.122319e-01
6.611968e-01	-1.075436e-01
6.612224e-01	-1.029332e-01
6.612480e-01	-9.803455e-02
6.612736e-01	-9.336847e-02
6.612992e-01	-8.865386e-02
6.613248e-01	-8.381243e-02
6.613504e-01	-7.903855e-02
6.613760e-01	-7.419332e-02
6.614016e-01	-6.945647e-02
6.614272e-01	-6.460477e-02
6.614528e-01	-5.973777e-02
6.614784e-01	-5.496024e-02
6.615040e-01	-5.028556e-02
6.615296e-01	-4.535152e-02
6.615552e-01	-4.063173e-02
6.615808e-01	-3.575585e-02
6.616064e-01	-3.087230e-02
6.616320e-01	-2.622185e-02
6.616576e-01	-2.128302e-02
6.616832e-01	-1.654530e-02
6.617088e-01	-1.178498e-02
6.617344e-01	-7.055376e-03
6.617600e-01	-2.295522e-03
6.617856e-01	2.590765e-03
6.618112e-01	7.224626e-03
6.618368e-01	1.195693e-02
6.618624e-01	1.656188e-02
6.618880e-01	2.125941e-02
6.619136e-01	2.597736e-02
6.619392e-01	3.071049e-02
6.619648e-01	3.519686e-02
6.619904e-01	3.979668e-02
6.620160e-01	4.440925e-02
6.620416e-01	4.891372e-02
6.620672e-01	5.337200e-02
6.620928e-01	5.803075e-02
6.621184e-01	6.249489e-02
6.621440e-01	6.689890e-02
6.621696e-01	7.131223e-02
6.621952e-01	7.564454e-02
6.622208e-01	8.007304e-02
6.622464e-01	8.443063e-02
6.622720e-01	8.869537e-02
6.622976e-01	9.284550e-02
6.623232e-01	9.719228e-02
6.623488e-01	1.013310e-01
6.623744e-01	1.053205e-01
6.624000e-01	1.095094e-01
6.624256e-01	1.135325e-01
6.624512e-01	1.176293e-01
6.624768e-01	1.215465e-01
6.625024e-01	1.256116e-01
6.625280e-01	1.293227e-01
6.625536e-01	1.331254e-01
6.625792e-01	1.369629e-01
6.626048e-01	1.406267e-01
6.626304e-01	1.442981e-01
6.626560e-01	1.479592e-01
6.626816e-01	1.516391e-01
6.627072e-01	1.550512e-01
6.627328e-01	1.584632e-01
6.627584e-01	1.619045e-01
6.627840e-01	1.653516e-01
6.628096e-01	1.687192e-01
6.628352e-01	1.718384e-01
6.628608e-01	1.750959e-01
6.628864e-01	1.781521e-01
6.629120e-01	1.814182e-01
6.629376e-01	1.844103e-01
6.629632e-01	1.872886e-01
6.629888e-01	1.902469e-01
6.630144e-01	1.930813e-01
6.630400e-01	1.958636e-01
6.630656e-01	1.985378e-01
6.630912e-01	2.012157e-01
6.631168e-01	2.037634e-01
6.631424e-01	2.062388e-01
6.631680e-01	2.087401e-01
6.631936e-01	2.110432e-01
6.632192e-01	2.134444e-01
6.632448e-01	2.156337e-01
6.632704e-01	2.178510e-01
6.632960e-01	2.199357e-01
6.633216e-01	2.219961e-01
6.633472e-01	2.240206e-01
6.633728e-01	2.258446e-01
6.633984e-01	2.277072e-01
6.634240e-01	2.293888e-01
6.634496e-01	2.311149e-01
6.634752e-01	2.326583e-01
6.635008e-01	2.342122e-01
6.635264e-01	2.356678e-01
6.635520e-01	2.370118e-01
6.635776e-01	2.384143e-01
6.636032e-01	2.395940e-01
6.636288e-01	2.408412e-01
6.636544e-01	2.416520e-01
6.636800e-01	2.427741e-01
6.637056e-01	2.438488e-01
6.637312e-01	2.446741e-01
6.637568e-01	2.454370e-01
6.637824e-01	2.461090e-01
6.638080e-01	2.468042e-01
6.638336e-01	2.473179e-01
6.638592e-01	2.477414e-01
6.638848e-01	2.481874e-01
6.639104e-01	2.483886e-01
6.639360e-01	2.487146e-01
6.639616e-01	2.489762e-01
6.639872e-01	2.489680e-01
6.640128e-01	2.490091e-01
6.640384e-01	2.488741e-01
6.640640e-01	2.487781e-01
6.640896e-01	2.485976e-01
6.641152e-01	2.482894e-01
6.641408e-01	2.478764e-01
6.641664e-01	2.474818e-01
6.641920e-01	2.469245e-01
6.642176e-01	2.462032e-01
6.642432e-01	2.456357e-01
6.642688e-01	2.447542e-01
6.642944e-01	2.439574e-01
6.643200e-01	2.430413e-01
6.643456e-01	2.421593e-01
6.643712e-01	2.410291e-01
6.643968e-01	2.398631e-01
6.644224e-01	2.386823e-01
6.644480e-01	2.374305e-01
6.644736e-01	2.359857e-01
6.644992e-01	2.346310e-01
6.645248e-01	2.330970e-01
6.645504e-01	2.313959e-01
6.645760e-01	2.298295e-01
6.646016e-01	2.281753e-01
6.646272e-01	2.262825e-01
6.646528e-01	2.243412e-01
6.646784e-01	2.224492e-01
6.647040e-01	2.203789e-01
6.647296e-01	2.184142e-01
6.647552e-01	2.162051e-01
6.647808e-01	2.140208e-01
6.648064e-01	2.117758e-01
6.648320e-01	2.091903e-01
6.648576e-01	2.070283e-01
6.648832e-01	2.044617e-01
6.649088e-01	2.018512e-01
6.649344e-01	1.991451e-01
6.649600e-01	1.965507e-01
6.649856e-01	1.938600e-01
6.650112e-01	1.908186e-01
6.650368e-01	1.880182e-01
6.650624e-01	1.850907e-01
6.650880e-01	1.822159e-01
6.651136e-01	1.790888e-01
6.651392e-01	1.758444e-01
6.651648e-01	1.727285e-01
6.651904e-01	1.694314e-01
6.652160e-01	1.662124e-01
6.652416e-01	1.628749e-01
6.652672e-01	1.593959e-01
6.652928e-01	1.559638e-01
6.653184e-01	1.525534e-01
6.653440e-01	1.490085e-01
6.653696e-01	1.453558e-01
6.653952e-01	1.414775e-01
6.654208e-01	1.379099e-01
6.654464e-01	1.341753e-01
6.654720e-01	1.302429e-01
6.654976e-01	1.264560e-01
6.655232e-01	1.224933e-01
6.655488e-01	1.186179e-01
6.655744e-01	1.146050e-01
6.656000e-01	1.105016e-01
6.656256e-01	1.064489e-01
6.656512e-01	1.023536e-01
6.656768e-01	9.822228e-02
6.657024e-01	9.402016e-02
6.657280e-01	8.974154e-02
6.657536e-01	8.536419e-02
6.657792e-01	8.115442e-02
6.658048e-01	7.675562e-02
6.658304e-01	7.236201e-02
6.658560e-01	6.814130e-02
6.658816e-01	6.360438e-02
6.659072e-01	5.911799e-02
6.659328e-01	5.478465e-02
6.659584e-01	5.015820e-02
6.659840e-01	4.562556e-02
6.660096e-01	4.097967e-02
6.660352e-01	3.642152e-02
6.660608e-01	3.173344e-02
6.660864e-01	2.712718e-02
6.661120e-01	2.255041e-02
6.661376e-01	1.772671e-02
6.661632e-01	1.316628e-02
6.661888e-01	8.378139e-03
6.662144e-01	3.558984e-03
6.662400e-01	-1.037507e-03
6.662656e-01	-5.820430e-03
6.662912e-01	-1.053796e-02
6.663168e-01	-1.530466e-02
6.663424e-01	-2.001830e-02
6.663680e-01	-2.492927e-02
6.663936e-01	-2.969841e-02
6.664192e-01	-3.449378e-02
6.664448e-01	-3.946190e-02
6.664704e-01	-4.410528e-02
6.664960e-01	-4.893801e-02
6.665216e-01	-5.381311e-02
6.665472e-01	-5.863432e-02
6.665728e-01	-6.339525e-02
6.665984e-01	-6.801489e-02
6.666240e-01	-7.294397e-02
6.666496e-01	-7.770107e-02
6.666752e-01	-8.258792e-02
6.667008e-01	-8.732764e-02
6.667264e-01	-9.202463e-02
6.667520e-01	-9.696171e-02
6.667776e-01	-1.015766e-01
6.668032e-01	-1.062500e-01
6.668288e-01	-1.109398e-01
6.668544e-01	-1.156607e-01
6.668800e-01	-1.204583e-01
6.669056e-01	-1.250854e-01
6.669312e-01	-1.296853e-01
6.669568e-01	-1.342187e-01
6.669824e-01	-1.390272e-01
6.670080e-01	-1.434941e-01
6.670336e-01	-1.480548e-01
6.670592e-01	-1.525815e-01
6.670848e-01	-1.570149e-01
6.671104e-01	-1.615995e-01
6.671360e-01	-1.660856e-01
6.671616e-01	-1.704535e-01
6.671872e-01	-1.748223e-01
6.672128e-01	-1.791312e-01
6.672384e-01	-1.835354e-01
6.672640e-01	-1.878318e-01
6.672896e-01	-1.919293e-01
6.673152e-01	-1.962105e-01
6.673408e-01	-2.004020e-01
6.673664e-01	-2.044626e-01
6.673920e-01	-2.085774e-01
6.674176e-01	-2.126084e-01
6.674432e-01	-2.166848e-01
6.674688e-01	-2.206497e-01
6.674944e-01	-2.245935e-01
6.675200e-01	-2.283612e-01
6.675456e-01	-2.323176e-01
6.675712e-01	-2.360471e-01
6.675968e-01	-2.397351e-01
6.676224e-01	-2.435287e-01
6.676480e-01	-2.469826e-01
6.676736e-01	-2.507178e-01
6.676992e-01	-2.542624e-01
6.677248e-01	-2.576472e-01
6.677504e-01	-2.612018e-01
6.677760e-01	-2.643231e-01
6.678016e-01	-2.678362e-01
6.678272e-01	-2.710585e-01
6.678528e-01	-2.741957e-01
6.678784e-01	-2.774270e-01
6.679040e-01	-2.804714e-01
6.679296e-01	-2.835351e-01
6.679552e-01	-2.864532e-01
6.679808e-01	-2.892996e-01
6.680064e-01	-2.921975e-01
6.680320e-01	-2.950048e-01
6.680576e-01	-2.977448e-01
6.680832e-01	-3.003426e-01
6.681088e-01	-3.030218e-01
6.681344e-01	-3.054580e-01
6.681600e-01	-3.079574e-01
6.681856e-01	-3.102354e-01
6.682112e-01	-3.126453e-01
6.682368e-01	-3.149211e-01
6.682624e-01	-3.169982e-01
6.682880e-01	-3.191700e-01
6.683136e-01	-3.211581e-01
6.683392e-01	-3.232799e-01
6.683648e-01	-3.250609e-01
6.683904e-01	-3.267941e-01
6.684160e-01	-3.287222e-01
6.684416e-01	-3.302412e-01
6.684672e-01	-3.320513e-01
6.684928e-01	-3.335244e-01
6.685184e-01	-3.348959e-01
6.685440e-01	-3.364139e-01
6.685696e-01	-3.375964e-01
6.685952e-01	-3.389418e-01
6.686208e-01	-3.400782e-01
6.686464e-01	-3.410988e-01
6.686720e-01	-3.421781e-01
6.686976e-01	-3.430333e-01
6.687232e-01	-3.439817e-01
6.687488e-01	-3.446759e-01
6.687744e-01	-3.454231e-01
6.688000e-01	-3.460798e-01
6.688256e-01	-3.466537e-01
6.688512e-01	-3.470816e-01
6.688768e-01	-3.475715e-01
6.689024e-01	-3.477885e-01
6.689280e-01	-3.481767e-01
6.689536e-01	-3.483425e-01
6.689792e-01	-3.483568e-01
6.690048e-01	-3.484410e-01
6.690304e-01	-3.482989e-01
6.690560e-01	-3.482074e-01
6.690816e-01	-3.480151e-01
6.691072e-01	-3.476152e-01
6.691328e-01	-3.473507e-01
6.691584e-01	-3.468641e-01
6.691840e-01	-3.462823e-01
6.692096e-01	-3.458397e-01
6.692352e-01	-3.450406e-01
6.692608e-01	-3.441618e-01
6.692864e-01	-3.434754e-01
6.693120e-01	-3.425278e-01
6.693376e-01	-3.416516e-01
6.693632e-01	-3.405192e-01
6.693888e-01	-3.393833e-01
6.694144e-01	-3.381520e-01
6.694400e-01	-3.368198e-01
6.694656e-01	-3.355220e-01
6.694912e-01	-3.340891e-01
6.695168e-01	-3.325303e-01
6.695424e-01	-3.309230e-01
6.695680e-01	-3.292449e-01
6.695936e-01	-3.276350e-01
6.696192e-01	-3.256815e-01
6.696448e-01	-3.239346e-01
6.696704e-01	-3.219303e-01
6.696960e-01	-3.198240e-01
6.697216e-01	-3.180507e-01
6.697472e-01	-3.156896e-01
6.697728e-01	-3.134005e-01
6.697984e-01	-3.112585e-01
6.698240e-01	-3.089211e-01
6.698496e-01	-3.064794e-01
6.698752e-01	-3.039705e-01
6.699008e-01	-3.014237e-01
6.699264e-01	-2.987090e-01
6.699520e-01	-2.960659e-01
6.699776e-01	-2.933001e-01
6.700032e-01	-2.904953e-01
6.700288e-01	-2.875289e-01
6.700544e-01	-2.846990e-01
6.700800e-01	-2.816216e-01
6.701056e-01	-2.786165e-01
6.701312e-01	-2.754452e-01
6.701568e-01	-2.723024e-01
6.701824e-01	-2.691218e-01
6.702080e-01	-2.658171e-01
6.702336e-01	-2.624253e-01
6.702592e-01	-2.589585e-01
6.702848e-01	-2.556229e-01
6.703104e-01	-2.520353e-01
6.703360e-01	-2.483961e-01
6.703616e-01	-2.449213e-01
6.703872e-01	-2.412101e-01
6.704128e-01	-2.376170e-01
6.704384e-01	-2.337576e-01
6.704640e-01	-2.299059e-01
6.704896e-01	-2.261384e-01
6.705152e-01	-2.221307e-01
6.705408e-01	-2.182410e-01
6.705664e-01	-2.141424e-01
6.705920e-01	-2.101825e-01
6.706176e-01	-2.060964e-01
6.706432e-01	-2.017918e-01
6.706688e-01	-1.978850e-01
6.706944e-01	-1.936993e-01
6.707200e-01	-1.893441e-01
6.707456e-01	-1.849828e-01
6.707712e-01	-1.808791e-01
6.707968e-01	-1.764378e-01
6.708224e-01	-1.720619e-01
6.708480e-01	-1.677493e-01
6.708736e-01	-1.632763e-01
6.708992e-01	-1.588205e-01
6.709248e-01	-1.542457e-01
6.709504e-01	-1.498041e-01
6.709760e-01	-1.453065e-01
6.710016e-01	-1.406220e-01
6.710272e-01	-1.360875e-01
6.710528e-01	-1.314371e-01
6.710784e-01	-1.268596e-01
6.711040e-01	-1.221500e-01
6.711296e-01	-1.174230e-01
6.711552e-01	-1.128673e-01
6.711808e-01	-1.081101e-01
6.712064e-01	-1.033768e-01
6.712320e-01	-9.861545e-02
6.712576e-01	-9.379159e-02
6.712832e-01	-8.912236e-02
6.713088e-01	-8.435943e-02
6.713344e-01	-7.957345e-02
6.713600e-01	-7.469848e-02
6.713856e-01	-7.007603e-02
6.714112e-01	-6.514646e-02
6.714368e-01	-6.020943e-02
6.714624e-01	-5.549442e-02
6.714880e-01	-5.074722e-02
6.715136e-01	-4.589542e-02
6.715392e-01	-4.109889e-02
6.715648e-01	-3.623540e-02
6.715904e-01	-3.141949e-02
6.716160e-01	-2.666183e-02
6.716416e-01	-2.178907e-02
6.716672e-01	-1.707995e-02
6.716928e-01	-1.227546e-02
6.717184e-01	-7.436632e-03
6.717440e-01	-2.813375e-03
6.717696e-01	1.944647e-03
6.717952e-01	6.788353e-03
6.718208e-01	1.152108e-02
6.718464e-01	1.615425e-02
6.718720e-01	2.091883e-02
6.718976e-01	2.548134e-02
6.719232e-01	3.006862e-02
6.719488e-01	3.470661e-02
6.719744e-01	3.940237e-02
6.720000e-01	4.395726e-02
6.720256e-01	4.862403e-02
6.720512e-01	5.311002e-02
6.720768e-01	5.758291e-02
6.721024e-01	6.205865e-02
6.721280e-01	6.655404e-02
6.721536e-01	7.103301e-02
6.721792e-01	7.528977e-02
6.722048e-01	7.966279e-02
6.722304e-01	8.396528e-02
6.722560e-01	8.818130e-02
6.722816e-01	9.256298e-02
6.723072e-01	9.674235e-02
6.723328e-01	1.009354e-01
6.723584e-01	1.050197e-01
6.723840e-01	1.090643e-01
6.724096e-01	1.132382e-01
6.724352e-01	1.171771e-01
6.724608e-01	1.211917e-01
6.724864e-01	1.251623e-01
6.725120e-01	1.288604e-01
6.725376e-01	1.328109e-01
6.725632e-01	1.365421e-01
6.725888e-01	1.403550e-01
6.726144e-01	1.441053e-01
6.726400e-01	1.476775e-01
6.726656e-01	1.513857e-01
6.726912e-01	1.547799e-01
6.727168e-01	1.582679e-01
6.727424e-01	1.617008e-01
6.727680e-01	1.650057e-01
6.727936e-01	1.684333e-01
6.728192e-01	1.716224e-01
6.728448e-01	1.748842e-01
6.728704e-01	1.779801e-01
6.728960e-01	1.811376e-01
6.729216e-01	1.841481e-01
6.729472e-01	1.871217e-01
6.729728e-01	1.899209e-01
6.729984e-01	1.927072e-01
6.730240e-01	1.955923e-01
6.730496e-01	1.983326e-01
6.730752e-01	2.009916e-01
6.731008e-01	2.035271e-01
6.731264e-01	2.061416e-01
6.731520e-01	2.084833e-01
6.731776e-01	2.108407e-01
6.732032e-01	2.132422e-01
6.732288e-01	2.153960e-01
6.732544e-01	2.177239e-01
6.732800e-01	2.197279e-01
6.733056e-01	2.217947e-01
6.733312e-01	2.238397e-01
6.733568e-01	2.256472e-01
6.733824e-01	2.273536e-01
6.734080e-01	2.292203e-01
6.734336e-01	2.309495e-01
6.734592e-01	2.325647e-01
6.734848e-01	2.340458e-01
6.735104e-01	2.355511e-01
6.735360e-01	2.369349e-01
6.735616e-01	2.382118e-01
6.735872e-01	2.394755e-01
6.736128e-01	2.405981e-01
6.736384e-01	2.418371e-01
6.736640e-01	2.427145e-01
6.736896e-01	2.436920e-01
6.737152e-01	2.446487e-01
6.737408e-01	2.454252e-01
6.737664e-01	2.461711e-01
6.737920e-01	2.464748e-01
6.738176e-01	2.472872e-01
6.738432e-01	2.477525e-01
6.738688e-01	2.481276e-01
6.738944e-01	2.486033e-01
6.739200e-01	2.487108e-01
6.739456e-01	2.489474e-01
6.739712e-01	2.490463e-01
6.739968e-01	2.490118e-01
6.740224e-01	2.489657e-01
6.740480e-01	2.488507e-01
6.740736e-01	2.486491e-01
6.740992e-01	2.482663e-01
6.741248e-01	2.480421e-01
6.741504e-01	2.474944e-01
6.741760e-01	2.469307e-01
6.742016e-01	2.463716e-01
6.742272e-01	2.456611e-01
6.742528e-01	2.448525e-01
6.742784e-01	2.440426e-01
6.743040e-01	2.430931e-01
6.743296e-01	2.421208e-01
6.743552e-01	2.412046e-01
6.743808e-01	2.400012e-01
6.744064e-01	2.387265e-01
6.744320e-01	2.373963e-01
6.744576e-01	2.361959e-01
6.744832e-01	2.347459e-01
6.745088e-01	2.331917e-01
6.745344e-01	2.316885e-01
6.745600e-01	2.299277e-01
6.745856e-01	2.281639e-01
6.746112e-01	2.264488e-01
6.746368e-01	2.246701e-01
6.746624e-01	2.225843e-01
6.746880e-01	2.207619e-01
6.747136e-01	2.186293e-01
6.747392e-01	2.163393e-01
6.747648e-01	2.142522e-01
6.747904e-01	2.118973e-01
6.748160e-01	2.094814e-01
6.748416e-01	2.070771e-01
6.748672e-01	2.045807e-01
6.748928e-01	2.021670e-01
6.749184e-01	1.995038e-01
6.749440e-01	1.967641e-01
6.749696e-01	1.940670e-01
6.749952e-01	1.911959e-01
6.750208e-01	1.883234e-01
6.750464e-01	1.854654e-01
6.750720e-01	1.823389e-01
6.750976e-01	1.793426e-01
6.751232e-01	1.761280e-01
6.751488e-01	1.731202e-01
6.751744e-01	1.698063e-01
6.752000e-01	1.663942e-01
6.752256e-01	1.632641e-01
6.752512e-01	1.598107e-01
6.752768e-01	1.563471e-01
6.753024e-01	1.528119e-01
6.753280e-01	1.492393e-01
6.753536e-01	1.455409e-01
6.753792e-01	1.419049e-01
6.754048e-01	1.382284e-01
6.754304e-01	1.344707e-01
6.754560e-01	1.307105e-01
6.754816e-01	1.267690e-01
6.755072e-01	1.229715e-01
6.755328e-01	1.188503e-01
6.755584e-01	1.149849e-01
6.755840e-01	1.109444e-01
6.756096e-01	1.068790e-01
6.756352e-01	1.026758e-01
6.756608e-01	9.852732e-02
6.756864e-01	9.443703e-02
6.757120e-01	9.017192e-02
6.757376e-01	8.591480e-02
6.757632e-01	8.167405e-02
6.757888e-01	7.732812e-02
6.758144e-01	7.284272e-02
6.758400e-01	6.857486e-02
6.758656e-01	6.415827e-02
6.758912e-01	5.958597e-02
6.759168e-01	5.515469e-02
6.759424e-01	5.060453e-02
6.759680e-01	4.606814e-02
6.759936e-01	4.150658e-02
6.760192e-01	3.683273e-02
6.760448e-01	3.224370e-02
6.760704e-01	2.772173e-02
6.760960e-01	2.303689e-02
6.761216e-01	1.832537e-02
6.761472e-01	1.353616e-02
6.761728e-01	8.996314e-03
6.761984e-01	4.123635e-03
6.762240e-01	-4.744866e-04
6.762496e-01	-5.248415e-03
6.762752e-01	-1.008655e-02
6.763008e-01	-1.481887e-02
6.763264e-01	-1.961838e-02
6.763520e-01	-2.440220e-02
6.763776e-01	-2.918460e-02
6.764032e-01	-3.397883e-02
6.764288e-01	-3.882286e-02
6.764544e-01	-4.359827e-02
6.764800e-01	-4.848087e-02
6.765056e-01	-5.327680e-02
6.765312e-01	-5.793434e-02
6.765568e-01	-6.282212e-02
6.765824e-01	-6.760888e-02
6.766080e-01	-7.242649e-02
6.766336e-01	-7.732993e-02
6.766592e-01	-8.203936e-02
6.766848e-01	-8.691645e-02
6.767104e-01	-9.161506e-02
6.767360e-01	-9.623498e-02
6.767616e-01	-1.010975e-01
6.767872e-01	-1.057271e-01
6.768128e-01	-1.107043e-01
6.768384e-01	-1.152947e-01
6.768640e-01	-1.198738e-01
6.768896e-01	-1.245938e-01
6.769152e-01	-1.292757e-01
6.769408e-01	-1.338931e-01
6.769664e-01	-1.384461e-01
6.769920e-01	-1.431513e-01
6.770176e-01	-1.477264e-01
6.770432e-01	-1.520969e-01
6.770688e-01	-1.566540e-01
6.770944e-01	-1.611557e-01
6.771200e-01	-1.656188e-01
6.771456e-01	-1.700498e-01
6.771712e-01	-1.744020e-01
6.771968e-01	-1.787317e-01
6.772224e-01	-1.830479e-01
6.772480e-01	-1.873906e-01
6.772736e-01	-1.915541e-01
6.772992e-01	-1.957769e-01
6.773248e-01	-1.999933e-01
6.773504e-01	-2.041442e-01
6.773760e-01	-2.082460e-01
6.774016e-01	-2.122463e-01
6.774272e-01	-2.163858e-01
6.774528e-01	-2.201952e-01
6.774784e-01	-2.241969e-01
6.775040e-01	-2.280760e-01
6.775296e-01	-2.320335e-01
6.775552e-01	-2.356848e-01
6.775808e-01	-2.394516e-01
6.776064e-01	-2.431668e-01
6.776320e-01	-2.467093e-01
6.776576e-01	-2.504679e-01
6.776832e-01	-2.539232e-01
6.777088e-01	-2.574010e-01
6.777344e-01	-2.608183e-01
6.777600e-01	-2.641409e-01
6.777856e-01	-2.675123e-01
6.778112e-01	-2.706778e-01
6.778368e-01	-2.739527e-01
6.778624e-01	-2.772028e-01
6.778880e-01	-2.803141e-01
6.779136e-01	-2.831683e-01
6.779392e-01	-2.862217e-01
6.779648e-01	-2.891538e-01
6.779904e-01	-2.919011e-01
6.780160e-01	-2.946828e-01
6.780416e-01	-2.974190e-01
6.780672e-01	-3.000694e-01
6.780928e-01	-3.025831e-01
6.781184e-01	-3.051644e-01
6.781440e-01	-3.077463e-01
6.781696e-01	-3.100105e-01
6.781952e-01	-3.123462e-01
6.782208e-01	-3.146143e-01
6.782464e-01	-3.169073e-01
6.782720e-01	-3.189194e-01
6.782976e-01	-3.210394e-01
6.783232e-01	-3.229835e-01
6.783488e-01	-3.247945e-01
6.783744e-01	-3.267258e-01
6.784000e-01	-3.284240e-01
6.784256e-01	-3.302427e-01
6.784512e-01	-3.317612e-01
6.784768e-01	-3.333541e-01
6.785024e-01	-3.349005e-01
6.785280e-01	-3.361056e-01
6.785536e-01	-3.375497e-01
6.785792e-01	-3.387575e-01
6.786048e-01	-3.399506e-01
6.786304e-01	-3.409846e-01
6.786560e-01	-3.419898e-01
6.786816e-01	-3.429884e-01
6.787072e-01	-3.439196e-01
6.787328e-01	-3.447509e-01
6.787584e-01	-3.453120e-01
6.787840e-01	-3.459504e-01
6.788096e-01	-3.465935e-01
6.788352e-01	-3.471196e-01
6.788608e-01	-3.475358e-01
6.788864e-01	-3.478222e-01
6.789120e-01	-3.480259e-01
6.789376e-01	-3.482795e-01
6.789632e-01	-3.484682e-01
6.789888e-01	-3.482865e-01
6.790144e-01	-3.482340e-01
6.790400e-01	-3.482132e-01
6.790656e-01	-3.479882e-01
6.790912e-01	-3.476000e-01
6.791168e-01	-3.473820e-01
6.791424e-01	-3.468489e-01
6.791680e-01	-3.463272e-01
6.791936e-01	-3.456920e-01
6.792192e-01	-3.450009e-01
6.792448e-01	-3.444001e-01
6.792704e-01	-3.434277e-01
6.792960e-01	-3.425342e-01
6.793216e-01	-3.417252e-01
6.793472e-01	-3.405606e-01
6.793728e-01	-3.394606e-01
6.793984e-01	-3.382310e-01
6.794240e-01	-3.369308e-01
6.794496e-01	-3.356526e-01
6.794752e-01	-3.340518e-01
6.795008e-01	-3.326470e-01
6.795264e-01	-3.311203e-01
6.795520e-01	-3.293969e-01
6.795776e-01	-3.277511e-01
6.796032e-01	-3.259015e-01
6.796288e-01	-3.240173e-01
6.796544e-01	-3.221293e-01
6.796800e-01	-3.200769e-01
6.797056e-01	-3.180164e-01
6.797312e-01	-3.159211e-01
6.797568e-01	-3.136435e-01
6.797824e-01	-3.114401e-01
6.798080e-01	-3.089431e-01
6.798336e-01	-3.065688e-01
6.798592e-01	-3.041348e-01
6.798848e-01	-3.015291e-01
6.799104e-01	-2.989775e-01
6.799360e-01	-2.963724e-01
6.799616e-01	-2.934449e-01
6.799872e-01	-2.906495e-01
6.800128e-01	-2.878719e-01
6.800384e-01	-2.849486e-01
6.800640e-01	-2.820056e-01
6.800896e-01	-2.788559e-01
6.801152e-01	-2.756333e-01
6.801408e-01	-2.725707e-01
6.801664e-01	-2.693227e-01
6.801920e-01	-2.661014e-01
6.802176e-01	-2.627430e-01
6.802432e-01	-2.592435e-01
6.802688e-01	-2.558989e-01
6.802944e-01	-2.522526e-01
6.803200e-01	-2.487897e-01
6.803456e-01	-2.451861e-01
6.803712e-01	-2.414618e-01
6.803968e-01	-2.378089e-01
6.804224e-01	-2.339248e-01
6.804480e-01	-2.303050e-01
6.804736e-01	-2.264082e-01
6.804992e-01	-2.225099e-01
6.805248e-01	-2.185514e-01
6.805504e-01	-2.146796e-01
6.805760e-01	-2.106004e-01
6.806016e-01	-2.064178e-01
6.806272e-01	-2.023842e-01
6.806528e-01	-1.980961e-01
6.806784e-01	-1.939334e-01
6.807040e-01	-1.898629e-01
6.807296e-01	-1.853865e-01
6.807552e-01	-1.812075e-01
6.807808e-01	-1.769189e-01
6.808064e-01	-1.724425e-01
6.808320e-01	-1.680020e-01
6.808576e-01	-1.636935e-01
6.808832e-01	-1.592191e-01
6.809088e-01	-1.546365e-01
6.809344e-01	-1.502383e-01
6.809600e-01	-1.456512e-01
6.809856e-01	-1.410417e-01
6.810112e-01	-1.363810e-01
6.810368e-01	-1.317787e-01
6.810624e-01	-1.272910e-01
6.810880e-01	-1.225342e-01
6.811136e-01	-1.178686e-01
6.811392e-01	-1.131454e-01
6.811648e-01	-1.084906e-01
6.811904e-01	-1.037493e-01
6.812160e-01	-9.894941e-02
6.812416e-01	-9.428345e-02
6.812672e-01	-8.956614e-02
6.812928e-01	-8.465451e-02
6.813184e-01	-7.989453e-02
6.813440e-01	-7.522501e-02
6.813696e-01	-7.031850e-02
6.813952e-01	-6.548549e-02
6.814208e-01	-6.078487e-02
6.814464e-01	-5.590353e-02
6.814720e-01	-5.117568e-02
6.814976e-01	-4.636690e-02
6.815232e-01	-4.136474e-02
6.815488e-01	-3.667580e-02
6.815744e-01	-3.184145e-02
6.816000e-01	-2.703346e-02
6.816256e-01	-2.234659e-02
6.816512e-01	-1.742852e-02
6.816768e-01	-1.285146e-02
6.817024e-01	-8.023119e-03
6.817280e-01	-3.187962e-03
6.817536e-01	1.565368e-03
6.817792e-01	6.256937e-03
6.818048e-01	1.102768e-02
6.818304e-01	1.566152e-02
6.818560e-01	2.041412e-02
6.818816e-01	2.512160e-02
6.819072e-01	2.971484e-02
6.819328e-01	3.439078e-02
6.819584e-01	3.891155e-02
6.819840e-01	4.354951e-02
6.820096e-01	4.813767e-02
6.820352e-01	5.262836e-02
6.820608e-01	5.722614e-02
6.820864e-01	6.166130e-02
6.821120e-01	6.592570e-02
6.821376e-01	7.042312e-02
6.821632e-01	7.487989e-02
6.821888e-01	7.916924e-02
6.822144e-01	8.358542e-02
6.822400e-01	8.786874e-02
6.822656e-01	9.204873e-02
6.822912e-01	9.636431e-02
6.823168e-01	1.005625e-01
6.823424e-01	1.046170e-01
6.823680e-01	1.087422e-01
6.823936e-01	1.127959e-01
6.824192e-01	1.169523e-01
6.824448e-01	1.207386e-01
6.824704e-01	1.246951e-01
6.824960e-01	1.285881e-01
6.825216e-01	1.323879e-01
6.825472e-01	1.363130e-01
6.825728e-01	1.400330e-01
6.825984e-01	1.436898e-01
6.826240e-01	1.473799e-01
6.826496e-01	1.510098e-01
6.826752e-01	1.544412e-01
6.827008e-01	1.578697e-01
6.827264e-01	1.613595e-01
6.827520e-01	1.647339e-01
6.827776e-01	1.680135e-01
6.828032e-01	1.713498e-01
6.828288e-01	1.745596e-01
6.828544e-01	1.776272e-01
6.828800e-01	1.808149e-01
6.829056e-01	1.838085e-01
6.829312e-01	1.867714e-01
6.829568e-01	1.896808e-01
6.829824e-01	1.926775e-01
6.830080e-01	1.953284e-01
6.830336e-01	1.980462e-01
6.830592e-01	2.007471e-01
6.830848e-01	2.033183e-01
6.831104e-01	2.057550e-01
6.831360e-01	2.082565e-01
6.831616e-01	2.105742e-01
6.831872e-01	2.130225e-01
6.832128e-01	2.153218e-01
6.832384e-01	2.174090e-01
6.832640e-01	2.195667e-01
6.832896e-01	2.215956e-01
6.833152e-01	2.236268e-01
6.833408e-01	2.254722e-01
6.833664e-01	2.273301e-01
6.833920e-01	2.292096e-01
6.834176e-01	2.306616e-01
6.834432e-01	2.323761e-01
6.834688e-01	2.339801e-01
6.834944e-01	2.354046e-01
6.835200e-01	2.368493e-01
6.835456e-01	2.381190e-01
6.835712e-01	2.395064e-01
6.835968e-01	2.406294e-01
6.836224e-01	2.416053e-01
6.836480e-01	2.427921e-01
6.836736e-01	2.436450e-01
6.836992e-01	2.445427e-01
6.837248e-01	2.453498e-01
6.837504e-01	2.460183e-01
6.837760e-01	2.467413e-01
6.838016e-01	2.472719e-01
6.838272e-01	2.478101e-01
6.838528e-01	2.482101e-01
6.838784e-01	2.484014e-01
6.839040e-01	2.488150e-01
6.839296e-01	2.488142e-01
6.839552e-01	2.489856e-01
6.839808e-01	2.490868e-01
6.840064e-01	2.489183e-01
6.840320e-01	2.488602e-01
6.840576e-01	2.486285e-01
6.840832e-01	2.482968e-01
6.841088e-01	2.478796e-01
6.841344e-01	2.475918e-01
6.841600e-01	2.471032e-01
6.841856e-01	2.463935e-01
6.842112e-01	2.456934e-01
6.842368e-01	2.448815e-01
6.842624e-01	2.441561e-01
6.842880e-01	2.431451e-01
6.843136e-01	2.422379e-01
6.843392e-01	2.412267e-01
6.843648e-01	2.401648e-01
6.843904e-01	2.390162e-01
6.844160e-01	2.375738e-01
6.844416e-01	2.362850e-01
6.844672e-01	2.349316e-01
6.844928e-01	2.333194e-01
6.845184e-01	2.317897e-01
6.845440e-01	2.300590e-01
6.845696e-01	2.283525e-01
6.845952e-01	2.265172e-01
6.846208e-01	2.247349e-01
6.846464e-01	2.228585e-01
6.846720e-01	2.208128e-01
6.846976e-01	2.187942e-01
6.847232e-01	2.165814e-01
6.847488e-01	2.144159e-01
6.847744e-01	2.120996e-01
6.848000e-01	2.097649e-01
6.848256e-01	2.073643e-01
6.848512e-01	2.048505e-01
6.848768e-01	2.024069e-01
6.849024e-01	1.997581e-01
6.849280e-01	1.971483e-01
6.849536e-01	1.942615e-01
6.849792e-01	1.915457e-01
6.850048e-01	1.886315e-01
6.850304e-01	1.858092e-01
6.850560e-01	1.826532e-01
6.850816e-01	1.795421e-01
6.851072e-01	1.765832e-01
6.851328e-01	1.732622e-01
6.851584e-01	1.702420e-01
6.851840e-01	1.667844e-01
6.852096e-01	1.634071e-01
6.852352e-01	1.601363e-01
6.852608e-01	1.566582e-01
6.852864e-01	1.531378e-01
6.853120e-01	1.494561e-01
6.853376e-01	1.460105e-01
6.853632e-01	1.422359e-01
6.853888e-01	1.387435e-01
6.854144e-01	1.348472e-01
6.854400e-01	1.311091e-01
6.854656e-01	1.272510e-01
6.854912e-01	1.232702e-01
6.855168e-01	1.194360e-01
6.855424e-01	1.152972e-01
6.855680e-01	1.114451e-01
6.855936e-01	1.072948e-01
6.856192e-01	1.031345e-01
6.856448e-01	9.911451e-02
6.856704e-01	9.479804e-02
6.856960e-01	9.059324e-02
6.857216e-01	8.636941e-02
6.857472e-01	8.198962e-02
6.857728e-01	7.762720e-02
6.857984e-01	7.331188e-02
6.858240e-01	6.884388e-02
6.858496e-01	6.449260e-02
6.858752e-01	5.995158e-02
6.859008e-01	5.543881e-02
6.859264e-01	5.087700e-02
6.859520e-01	4.646175e-02
6.859776e-01	4.193292e-02
6.860032e-01	3.737097e-02
6.860288e-01	3.268447e-02
6.860544e-01	2.804958e-02
6.860800e-01	2.344696e-02
6.861056e-01	1.882779e-02
6.861312e-01	1.404925e-02
6.861568e-01	9.326654e-03
6.861824e-01	4.686486e-03
6.862080e-01	-1.874658e-04
6.862336e-01	-4.934998e-03
6.862592e-01	-9.622169e-03
6.862848e-01	-1.429506e-02
6.863104e-01	-1.919664e-02
6.863360e-01	-2.400560e-02
6.863616e-01	-2.869925e-02
6.863872e-01	-3.348260e-02
6.864128e-01	-3.837627e-02
6.864384e-01	-4.330499e-02
6.864640e-01	-4.796805e-02
6.864896e-01	-5.281634e-02
6.865152e-01	-5.756401e-02
6.865408e-01	-6.251088e-02
6.865664e-01	-6.715847e-02
6.865920e-01	-7.198546e-02
6.866176e-01	-7.680418e-02
6.866432e-01	-8.154028e-02
6.866688e-01	-8.638094e-02
6.866944e-01	-9.105872e-02
6.867200e-01	-9.591333e-02
6.867456e-01	-1.006544e-01
6.867712e-01	-1.053918e-01
6.867968e-01	-1.101170e-01
6.868224e-01	-1.147492e-01
6.868480e-01	-1.195267e-01
6.868736e-01	-1.242210e-01
6.868992e-01	-1.288746e-01
6.869248e-01	-1.332381e-01
6.869504e-01	-1.379695e-01
6.869760e-01	-1.426901e-01
6.870016e-01	-1.471792e-01
6.870272e-01	-1.517683e-01
6.870528e-01	-1.561956e-01
6.870784e-01	-1.607494e-01
6.871040e-01	-1.650588e-01
6.871296e-01	-1.695603e-01
6.871552e-01	-1.739954e-01
6.871808e-01	-1.782074e-01
6.872064e-01	-1.826810e-01
6.872320e-01	-1.868312e-01
6.872576e-01	-1.913149e-01
6.872832e-01	-1.954334e-01
6.873088e-01	-1.996182e-01
6.873344e-01	-2.037594e-01
6.873600e-01	-2.078497e-01
6.873856e-01	-2.120470e-01
6.874112e-01	-2.158968e-01
6.874368e-01	-2.199917e-01
6.874624e-01	-2.238759e-01
6.874880e-01	-2.276923e-01
6.875136e-01	-2.316386e-01
6.875392e-01	-2.352845e-01
6.875648e-01	-2.389734e-01
6.875904e-01	-2.427455e-01
6.876160e-01	-2.464252e-01
6.876416e-01	-2.499446e-01
6.876672e-01	-2.536102e-01
6.876928e-01	-2.569820e-01
6.877184e-01	-2.606561e-01
6.877440e-01	-2.638828e-01
6.877696e-01	-2.671779e-01
6.877952e-01	-2.704858e-01
6.878208e-01	-2.736420e-01
6.878464e-01	-2.769020e-01
6.878720e-01	-2.799037e-01
6.878976e-01	-2.829771e-01
6.879232e-01	-2.859089e-01
6.879488e-01	-2.888669e-01
6.879744e-01	-2.917896e-01
6.880000e-01	-2.944138e-01
6.880256e-01	-2.972282e-01
6.880512e-01	-2.998761e-01
6.880768e-01	-3.025132e-01
6.881024e-01	-3.050755e-01
6.881280e-01	-3.073928e-01
6.881536e-01	-3.098826e-01
6.881792e-01	-3.122240e-01
6.882048e-01	-3.144126e-01
6.882304e-01	-3.166342e-01
6.882560e-01	-3.186662e-01
6.882816e-01	-3.209407e-01
6.883072e-01	-3.228477e-01
6.883328e-01	-3.247460e-01
6.883584e-01	-3.265771e-01
6.883840e-01	-3.283053e-01
6.884096e-01	-3.300776e-01
6.884352e-01	-3.317001e-01
6.884608e-01	-3.332085e-01
6.884864e-01	-3.346075e-01
6.885120e-01	-3.360159e-01
6.885376e-01	-3.373291e-01
6.885632e-01	-3.385885e-01
6.885888e-01	-3.398317e-01
6.886144e-01	-3.409085e-01
6.886400e-01	-3.419628e-01
6.886656e-01	-3.429612e-01
6.886912e-01	-3.437324e-01
6.887168e-01	-3.443888e-01
6.887424e-01	-3.453603e-01
6.887680e-01	-3.458354e-01
6.887936e-01	-3.463832e-01
6.888192e-01	-3.469999e-01
6.888448e-01	-3.473587e-01
6.888704e-01	-3.477087e-01
6.888960e-01	-3.479026e-01
6.889216e-01	-3.482016e-01
6.889472e-01	-3.483359e-01
6.889728e-01	-3.483146e-01
6.889984e-01	-3.483005e-01
6.890240e-01	-3.482332e-01
6.890496e-01	-3.479875e-01
6.890752e-01	-3.475146e-01
6.891008e-01	-3.473358e-01
6.891264e-01	-3.468864e-01
6.891520e-01	-3.463819e-01
6.891776e-01	-3.457748e-01
6.892032e-01	-3.451566e-01
6.892288e-01	-3.444342e-01
6.892544e-01	-3.435386e-01
6.892800e-01	-3.427460e-01
6.893056e-01	-3.417282e-01
6.893312e-01	-3.406484e-01
6.893568e-01	-3.395697e-01
6.893824e-01	-3.384185e-01
6.894080e-01	-3.371183e-01
6.894336e-01	-3.357750e-01
6.894592e-01	-3.343792e-01
6.894848e-01	-3.327583e-01
6.895104e-01	-3.312434e-01
6.895360e-01	-3.294979e-01
6.895616e-01	-3.279591e-01
6.895872e-01	-3.260534e-01
6.896128e-01	-3.242049e-01
6.896384e-01	-3.223656e-01
6.896640e-01	-3.203039e-01
6.896896e-01	-3.182224e-01
6.897152e-01	-3.161031e-01
6.897408e-01	-3.139865e-01
6.897664e-01	-3.115583e-01
6.897920e-01	-3.091871e-01
6.898176e-01	-3.067824e-01
6.898432e-01	-3.043551e-01
6.898688e-01	-3.017987e-01
6.898944e-01	-2.993028e-01
6.899200e-01	-2.966000e-01
6.899456e-01	-2.937013e-01
6.899712e-01	-2.910601e-01
6.899968e-01	-2.880699e-01
6.900224e-01	-2.852899e-01
6.900480e-01	-2.822374e-01
6.900736e-01	-2.793177e-01
6.900992e-01	-2.760471e-01
6.901248e-01	-2.728344e-01
6.901504e-01	-2.697580e-01
6.901760e-01	-2.663152e-01
6.902016e-01	-2.631317e-01
6.902272e-01	-2.596250e-01
6.902528e-01	-2.562571e-01
6.902784e-01	-2.527368e-01
6.903040e-01	-2.491396e-01
6.903296e-01	-2.456155e-01
6.903552e-01	-2.419165e-01
6.903808e-01	-2.382294e-01
6.904064e-01	-2.343688e-01
6.904320e-01	-2.305955e-01
6.904576e-01	-2.268060e-01
6.904832e-01	-2.229097e-01
6.905088e-01	-2.188252e-01
6.905344e-01	-2.149372e-01
6.905600e-01	-2.108817e-01
6.905856e-01	-2.068970e-01
6.906112e-01	-2.026757e-01
6.906368e-01	-1.985503e-01
6.906624e-01	-1.944056e-01
6.906880e-01	-1.901255e-01
6.907136e-01	-1.859738e-01
6.907392e-01	-1.816261e-01
6.907648e-01	-1.772863e-01
6.907904e-01	-1.728937e-01
6.908160e-01	-1.684774e-01
6.908416e-01	-1.641160e-01
6.908672e-01	-1.596191e-01
6.908928e-01	-1.551404e-01
6.909184e-01	-1.505394e-01
6.909440e-01	-1.460880e-01
6.909696e-01	-1.414904e-01
6.909952e-01	-1.368915e-01
6.910208e-01	-1.321905e-01
6.910464e-01	-1.275953e-01
6.910720e-01	-1.229587e-01
6.910976e-01	-1.183115e-01
6.911232e-01	-1.135824e-01
6.911488e-01	-1.088906e-01
6.911744e-01	-1.041823e-01
6.912000e-01	-9.948274e-02
6.912256e-01	-9.464356e-02
6.912512e-01	-8.983931e-02
6.912768e-01	-8.520042e-02
6.913024e-01	-8.041889e-02
6.913280e-01	-7.557090e-02
6.913536e-01	-7.080012e-02
6.913792e-01	-6.601962e-02
6.914048e-01	-6.113309e-02
6.914304e-01	-5.634551e-02
6.914560e-01	-5.166062e-02
6.914816e-01	-4.666215e-02
6.915072e-01	-4.198646e-02
6.915328e-01	-3.705468e-02
6.915584e-01	-3.229361e-02
6.915840e-01	-2.754533e-02
6.916096e-01	-2.263855e-02
6.916352e-01	-1.804435e-02
6.916608e-01	-1.317781e-02
6.916864e-01	-8.369569e-03
6.917120e-01	-3.571208e-03
6.917376e-01	1.146698e-03
6.917632e-01	5.739077e-03
6.917888e-01	1.062301e-02
6.918144e-01	1.532423e-02
6.918400e-01	2.000830e-02
6.918656e-01	2.463235e-02
6.918912e-01	2.932325e-02
6.919168e-01	3.399200e-02
6.919424e-01	3.858076e-02
6.919680e-01	4.316952e-02
6.919936e-01	4.766687e-02
6.920192e-01	5.219080e-02
6.920448e-01	5.680001e-02
6.920704e-01	6.110270e-02
6.920960e-01	6.563506e-02
6.921216e-01	7.010835e-02
6.921472e-01	7.452206e-02
6.921728e-01	7.885974e-02
6.921984e-01	8.322215e-02
6.922240e-01	8.753631e-02
6.922496e-01	9.169039e-02
6.922752e-01	9.598878e-02
6.923008e-01	1.002188e-01
6.923264e-01	1.042484e-01
6.923520e-01	1.083433e-01
6.923776e-01	1.123780e-01
6.924032e-01	1.164112e-01
6.924288e-01	1.204271e-01
6.924544e-01	1.242980e-01
6.924800e-01	1.283175e-01
6.925056e-01	1.320991e-01
6.925312e-01	1.358236e-01
6.925568e-01	1.396304e-01
6.925824e-01	1.432894e-01
6.926080e-01	1.470852e-01
6.926336e-01	1.505365e-01
6.926592e-01	1.541211e-01
6.926848e-01	1.575679e-01
6.927104e-01	1.610979e-01
6.927360e-01	1.645160e-01
6.927616e-01	1.676995e-01
6.927872e-01	1.710137e-01
6.928128e-01	1.742239e-01
6.928384e-01	1.773692e-01
6.928640e-01	1.804793e-01
6.928896e-01	1.835297e-01
6.929152e-01	1.864603e-01
6.929408e-01	1.894083e-01
6.929664e-01	1.922199e-01
6.929920e-01	1.950302e-01
6.930176e-01	1.978608e-01
6.930432e-01	2.002879e-01
6.930688e-01	2.030380e-01
6.930944e-01	2.056344e-01
6.931200e-01	2.079681e-01
6.931456e-01	2.103641e-01
6.931712e-01	2.126879e-01
6.931968e-01	2.150311e-01
6.932224e-01	2.171771e-01
6.932480e-01	2.193879e-01
6.932736e-01	2.213789e-01
6.932992e-01	2.232914e-01
6.933248e-01	2.253389e-01
6.933504e-01	2.270874e-01
6.933760e-01	2.288634e-01
6.934016e-01	2.305401e-01
6.934272e-01	2.322537e-01
6.934528e-01	2.336970e-01
6.934784e-01	2.352057e-01
6.935040e-01	2.366771e-01
6.935296e-01	2.380304e-01
6.935552e-01	2.392537e-01
6.935808e-01	2.404465e-01
6.936064e-01	2.414889e-01
6.936320e-01	2.425847e-01
6.936576e-01	2.435096e-01
6.936832e-01	2.444022e-01
6.937088e-01	2.452254e-01
6.937344e-01	2.459075e-01
6.937600e-01	2.464706e-01
6.937856e-01	2.471507e-01
6.938112e-01	2.477556e-01
6.938368e-01	2.480069e-01
6.938624e-01	2.483939e-01
6.938880e-01	2.487457e-01
6.939136e-01	2.489466e-01
6.939392e-01	2.489790e-01
6.939648e-01	2.490207e-01
6.939904e-01	2.489885e-01
6.940160e-01	2.488905e-01
6.940416e-01	2.487710e-01
6.940672e-01	2.483191e-01
6.940928e-01	2.480189e-01
6.941184e-01	2.475961e-01
6.941440e-01	2.471254e-01
6.941696e-01	2.464266e-01
6.941952e-01	2.458489e-01
6.942208e-01	2.451423e-01
6.942464e-01	2.443317e-01
6.942720e-01	2.434933e-01
6.942976e-01	2.423404e-01
6.943232e-01	2.413535e-01
6.943488e-01	2.402641e-01
6.943744e-01	2.390936e-01
6.944000e-01	2.378529e-01
6.944256e-01	2.363839e-01
6.944512e-01	2.349799e-01
6.944768e-01	2.334795e-01
6.945024e-01	2.319898e-01
6.945280e-01	2.303178e-01
6.945536e-01	2.286730e-01
6.945792e-01	2.268416e-01
6.946048e-01	2.249381e-01
6.946304e-01	2.230679e-01
6.946560e-01	2.210364e-01
6.946816e-01	2.189919e-01
6.947072e-01	2.167456e-01
6.947328e-01	2.146723e-01
6.947584e-01	2.124517e-01
6.947840e-01	2.099713e-01
6.948096e-01	2.075985e-01
6.948352e-01	2.050556e-01
6.948608e-01	2.026083e-01
6.948864e-01	1.999160e-01
6.949120e-01	1.972582e-01
6.949376e-01	1.945893e-01
6.949632e-01	1.917535e-01
6.949888e-01	1.888661e-01
6.950144e-01	1.859594e-01
6.950400e-01	1.829556e-01
6.950656e-01	1.799915e-01
6.950912e-01	1.768330e-01
6.951168e-01	1.736858e-01
6.951424e-01	1.705674e-01
6.951680e-01	1.671590e-01
6.951936e-01	1.638245e-01
6.952192e-01	1.604461e-01
6.952448e-01	1.569520e-01
6.952704e-01	1.535168e-01
6.952960e-01	1.498600e-01
6.953216e-01	1.464124e-01
6.953472e-01	1.426647e-01
6.953728e-01	1.389015e-01
6.953984e-01	1.351331e-01
6.954240e-01	1.313135e-01
6.954496e-01	1.276218e-01
6.954752e-01	1.236587e-01
6.955008e-01	1.197837e-01
6.955264e-01	1.157826e-01
6.955520e-01	1.117199e-01
6.955776e-01	1.077323e-01
6.956032e-01	1.035063e-01
6.956288e-01	9.938731e-02
6.956544e-01	9.514803e-02
6.956800e-01	9.103631e-02
6.957056e-01	8.671877e-02
6.957312e-01	8.239032e-02
6.957568e-01	7.805116e-02
6.957824e-01	7.364123e-02
6.958080e-01	6.924207e-02
6.958336e-01	6.490387e-02
6.958592e-01	6.049152e-02
6.958848e-01	5.597641e-02
6.959104e-01	5.146177e-02
6.959360e-01	4.692302e-02
6.959616e-01	4.232464e-02
6.959872e-01	3.779910e-02
6.960128e-01	3.320254e-02
6.960384e-01	2.847497e-02
6.960640e-01	2.383599e-02
6.960896e-01	1.920446e-02
6.961152e-01	1.446435e-02
6.961408e-01	9.881487e-03
6.961664e-01	5.059002e-03
6.961920e-01	2.861235e-04
6.962176e-01	-4.411152e-03
6.962432e-01	-9.181489e-03
6.962688e-01	-1.382274e-02
6.962944e-01	-1.868192e-02
6.963200e-01	-2.358725e-02
6.963456e-01	-2.821021e-02
6.963712e-01	-3.297983e-02
6.963968e-01	-3.789076e-02
6.964224e-01	-4.268321e-02
6.964480e-01	-4.743087e-02
6.964736e-01	-5.232888e-02
6.964992e-01	-5.698241e-02
6.965248e-01	-6.196343e-02
6.965504e-01	-6.672773e-02
6.965760e-01	-7.154799e-02
6.966016e-01	-7.628804e-02
6.966272e-01	-8.115906e-02
6.966528e-01	-8.598217e-02
6.966784e-01	-9.055931e-02
6.967040e-01	-9.543779e-02
6.967296e-01	-1.002425e-01
6.967552e-01	-1.048237e-01
6.967808e-01	-1.095372e-01
6.968064e-01	-1.142960e-01
6.968320e-01	-1.190818e-01
6.968576e-01	-1.237724e-01
6.968832e-01	-1.282916e-01
6.969088e-01	-1.330174e-01
6.969344e-01	-1.375836e-01
6.969600e-01	-1.420324e-01
6.969856e-01	-1.467290e-01
6.970112e-01	-1.512732e-01
6.970368e-01	-1.557438e-01
6.970624e-01	-1.602412e-01
6.970880e-01	-1.647784e-01
6.971136e-01	-1.690362e-01
6.971392e-01	-1.736222e-01
6.971648e-01	-1.779966e-01
6.971904e-01	-1.821215e-01
6.972160e-01	-1.865239e-01
6.972416e-01	-1.907664e-01
6.972672e-01	-1.949696e-01
6.972928e-01	-1.991898e-01
6.973184e-01	-2.032037e-01
6.973440e-01	-2.073861e-01
6.973696e-01	-2.114686e-01
6.973952e-01	-2.155182e-01
6.974208e-01	-2.194450e-01
6.974464e-01	-2.233134e-01
6.974720e-01	-2.273172e-01
6.974976e-01	-2.312118e-01
6.975232e-01	-2.349636e-01
6.975488e-01	-2.386689e-01
6.975744e-01	-2.424344e-01
6.976000e-01	-2.460351e-01
6.976256e-01	-2.496165e-01
6.976512e-01	-2.533457e-01
6.976768e-01	-2.566122e-01
6.977024e-01	-2.601647e-01
6.977280e-01	-2.635509e-01
6.977536e-01	-2.668549e-01
6.977792e-01	-2.701901e-01
6.978048e-01	-2.733522e-01
6.978304e-01	-2.765526e-01
6.978560e-01	-2.796489e-01
6.978816e-01	-2.826159e-01
6.979072e-01	-2.857420e-01
6.979328e-01	-2.886100e-01
6.979584e-01	-2.913517e-01
6.979840e-01	-2.942974e-01
6.980096e-01	-2.969359e-01
6.980352e-01	-2.996861e-01
6.980608e-01	-3.022659e-01
6.980864e-01	-3.046997e-01
6.981120e-01	-3.072617e-01
6.981376e-01	-3.096223e-01
6.981632e-01	-3.120424e-01
6.981888e-01	-3.142770e-01
6.982144e-01	-3.164193e-01
6.982400e-01	-3.185080e-01
6.982656e-01	-3.205804e-01
6.982912e-01	-3.225407e-01
6.983168e-01	-3.245802e-01
6.983424e-01	-3.262907e-01
6.983680e-01	-3.281077e-01
6.983936e-01	-3.297625e-01
6.984192e-01	-3.313579e-01
6.984448e-01	-3.330320e-01
6.984704e-01	-3.344967e-01
6.984960e-01	-3.359224e-01
6.985216e-01	-3.373371e-01
6.985472e-01	-3.385527e-01
6.985728e-01	-3.397471e-01
6.985984e-01	-3.408420e-01
6.986240e-01	-3.418041e-01
6.986496e-01	-3.428313e-01
6.986752e-01	-3.436855e-01
6.987008e-01	-3.445121e-01
6.987264e-01	-3.453323e-01
6.987520e-01	-3.458660e-01
6.987776e-01	-3.465110e-01
6.988032e-01	-3.470713e-01
6.988288e-01	-3.474092e-01
6.988544e-01	-3.476327e-01
6.988800e-01	-3.480772e-01
6.989056e-01	-3.481739e-01
6.989312e-01	-3.482583e-01
6.989568e-01	-3.484472e-01
6.989824e-01	-3.483782e-01
6.990080e-01	-3.482375e-01
6.990336e-01	-3.480630e-01
6.990592e-01	-3.477415e-01
6.990848e-01	-3.473032e-01
6.991104e-01	-3.469798e-01
6.991360e-01	-3.464878e-01
6.991616e-01	-3.458743e-01
6.991872e-01	-3.451752e-01
6.992128e-01	-3.444281e-01
6.992384e-01	-3.436627e-01
6.992640e-01	-3.426943e-01
6.992896e-01	-3.419231e-01
6.993152e-01	-3.408278e-01
6.993408e-01	-3.397082e-01
6.993664e-01	-3.386113e-01
6.993920e-01	-3.373092e-01
6.994176e-01	-3.359246e-01
6.994432e-01	-3.345470e-01
6.994688e-01	-3.329666e-01
6.994944e-01	-3.314459e-01
6.995200e-01	-3.298228e-01
6.995456e-01	-3.280082e-01
6.995712e-01	-3.264043e-01
6.995968e-01	-3.245581e-01
6.996224e-01	-3.224526e-01
6.996480e-01	-3.206530e-01
6.996736e-01	-3.184420e-01
6.996992e-01	-3.163096e-01
6.997248e-01	-3.142318e-01
6.997504e-01	-3.118011e-01
6.997760e-01	-3.095027e-01
6.998016e-01	-3.071958e-01
6.998272e-01	-3.046159e-01
6.998528e-01	-3.021253e-01
6.998784e-01	-2.995504e-01
6.999040e-01	-2.968150e-01
6.999296e-01	-2.940713e-01
6.999552e-01	-2.913711e-01
6.999808e-01	-2.884288e-01
7.000064e-01	-2.855037e-01
7.000320e-01	-2.825645e-01
7.000576e-01	-2.795267e-01
7.000832e-01	-2.764377e-01
7.001088e-01	-2.731925e-01
7.001344e-01	-2.699018e-01
7.001600e-01	-2.667436e-01
7.001856e-01	-2.633571e-01
7.002112e-01	-2.600347e-01
7.002368e-01	-2.565139e-01
7.002624e-01	-2.529748e-01
7.002880e-01	-2.495045e-01
7.003136e-01	-2.458445e-01
7.003392e-01	-2.422860e-01
7.003648e-01	-2.385916e-01
7.003904e-01	-2.347811e-01
7.004160e-01	-2.310177e-01
7.004416e-01	-2.270418e-01
7.004672e-01	-2.232373e-01
7.004928e-01	-2.192934e-01
7.005184e-01	-2.153094e-01
7.005440e-01	-2.113373e-01
7.005696e-01	-2.072395e-01
7.005952e-01	-2.030411e-01
7.006208e-01	-1.989902e-01
7.006464e-01	-1.947473e-01
7.006720e-01	-1.906115e-01
7.006976e-01	-1.863657e-01
7.007232e-01	-1.819875e-01
7.007488e-01	-1.777294e-01
7.007744e-01	-1.734257e-01
7.008000e-01	-1.688780e-01
7.008256e-01	-1.645216e-01
7.008512e-01	-1.601680e-01
7.008768e-01	-1.555625e-01
7.009024e-01	-1.510975e-01
7.009280e-01	-1.464960e-01
7.009536e-01	-1.419476e-01
7.009792e-01	-1.373975e-01
7.010048e-01	-1.327154e-01
7.010304e-01	-1.281992e-01
7.010560e-01	-1.235239e-01
7.010816e-01	-1.188311e-01
7.011072e-01	-1.141597e-01
7.011328e-01	-1.093846e-01
7.011584e-01	-1.046393e-01
7.011840e-01	-9.991521e-02
7.012096e-01	-9.514549e-02
7.012352e-01	-9.054101e-02
7.012608e-01	-8.562448e-02
7.012864e-01	-8.085036e-02
7.013120e-01	-7.608353e-02
7.013376e-01	-7.119274e-02
7.013632e-01	-6.634288e-02
7.013888e-01	-6.168165e-02
7.014144e-01	-5.675882e-02
7.014400e-01	-5.194857e-02
7.014656e-01	-4.721403e-02
7.014912e-01	-4.241018e-02
7.015168e-01	-3.763137e-02
7.015424e-01	-3.291192e-02
7.015680e-01	-2.805680e-02
7.015936e-01	-2.317314e-02
7.016192e-01	-1.851913e-02
7.016448e-01	-1.363147e-02
7.016704e-01	-8.816273e-03
7.016960e-01	-4.114428e-03
7.017216e-01	6.765843e-04
7.017472e-01	5.374260e-03
7.017728e-01	1.019401e-02
7.017984e-01	1.480407e-02
7.018240e-01	1.961952e-02
7.018496e-01	2.418202e-02
7.018752e-01	2.889214e-02
7.019008e-01	3.349845e-02
7.019264e-01	3.793725e-02
7.019520e-01	4.265166e-02
7.019776e-01	4.726835e-02
7.020032e-01	5.160450e-02
7.020288e-01	5.620166e-02
7.020544e-01	6.089468e-02
7.020800e-01	6.519189e-02
7.021056e-01	6.956200e-02
7.021312e-01	7.403710e-02
7.021568e-01	7.849554e-02
7.021824e-01	8.284185e-02
7.022080e-01	8.695228e-02
7.022336e-01	9.126390e-02
7.022592e-01	9.566333e-02
7.022848e-01	9.976287e-02
7.023104e-01	1.037821e-01
7.023360e-01	1.080524e-01
7.023616e-01	1.120111e-01
7.023872e-01	1.160913e-01
7.024128e-01	1.200150e-01
7.024384e-01	1.239727e-01
7.024640e-01	1.278800e-01
7.024896e-01	1.316302e-01
7.025152e-01	1.354908e-01
7.025408e-01	1.392395e-01
7.025664e-01	1.430087e-01
7.025920e-01	1.466244e-01
7.026176e-01	1.502391e-01
7.026432e-01	1.538592e-01
7.026688e-01	1.571726e-01
7.026944e-01	1.607236e-01
7.027200e-01	1.641370e-01
7.027456e-01	1.674006e-01
7.027712e-01	1.707464e-01
7.027968e-01	1.740083e-01
7.028224e-01	1.770603e-01
7.028480e-01	1.801142e-01
7.028736e-01	1.832338e-01
7.028992e-01	1.861663e-01
7.029248e-01	1.890150e-01
7.029504e-01	1.920478e-01
7.029760e-01	1.948104e-01
7.030016e-01	1.974995e-01
7.030272e-01	2.001103e-01
7.030528e-01	2.027626e-01
7.030784e-01	2.052895e-01
7.031040e-01	2.078799e-01
7.031296e-01	2.102112e-01
7.031552e-01	2.125624e-01
7.031808e-01	2.148692e-01
7.032064e-01	2.169764e-01
7.032320e-01	2.191170e-01
7.032576e-01	2.211160e-01
7.032832e-01	2.231165e-01
7.033088e-01	2.250807e-01
7.033344e-01	2.269057e-01
7.033600e-01	2.287516e-01
7.033856e-01	2.304933e-01
7.034112e-01	2.320650e-01
7.034368e-01	2.336177e-01
7.034624e-01	2.352207e-01
7.034880e-01	2.364182e-01
7.035136e-01	2.378544e-01
7.035392e-01	2.391070e-01
7.035648e-01	2.403167e-01
7.035904e-01	2.414508e-01
7.036160e-01	2.423815e-01
7.036416e-01	2.434147e-01
7.036672e-01	2.443854e-01
7.036928e-01	2.451457e-01
7.037184e-01	2.458858e-01
7.037440e-01	2.466646e-01
7.037696e-01	2.470790e-01
7.037952e-01	2.476145e-01
7.038208e-01	2.480838e-01
7.038464e-01	2.483700e-01
7.038720e-01	2.488418e-01
7.038976e-01	2.488689e-01
7.039232e-01	2.490907e-01
7.039488e-01	2.490852e-01
7.039744e-01	2.489687e-01
7.040000e-01	2.489715e-01
7.040256e-01	2.486991e-01
7.040512e-01	2.483214e-01
7.040768e-01	2.480645e-01
7.041024e-01	2.476614e-01
7.041280e-01	2.471388e-01
7.041536e-01	2.465281e-01
7.041792e-01	2.458787e-01
7.042048e-01	2.451319e-01
7.042304e-01	2.442711e-01
7.042560e-01	2.434776e-01
7.042816e-01	2.425434e-01
7.043072e-01	2.414018e-01
7.043328e-01	2.403110e-01
7.043584e-01	2.391343e-01
7.043840e-01	2.380121e-01
7.044096e-01	2.365364e-01
7.044352e-01	2.351035e-01
7.044608e-01	2.337168e-01
7.044864e-01	2.320607e-01
7.045120e-01	2.304502e-01
7.045376e-01	2.287884e-01
7.045632e-01	2.269717e-01
7.045888e-01	2.251973e-01
7.046144e-01	2.231680e-01
7.046400e-01	2.212624e-01
7.046656e-01	2.191780e-01
7.046912e-01	2.169484e-01
7.047168e-01	2.148287e-01
7.047424e-01	2.125991e-01
7.047680e-01	2.101497e-01
7.047936e-01	2.077781e-01
7.048192e-01	2.054184e-01
7.048448e-01	2.029032e-01
7.048704e-01	2.001660e-01
7.048960e-01	1.976381e-01
7.049216e-01	1.948219e-01
7.049472e-01	1.920716e-01
7.049728e-01	1.891532e-01
7.049984e-01	1.861330e-01
7.050240e-01	1.832616e-01
7.050496e-01	1.802400e-01
7.050752e-01	1.771517e-01
7.051008e-01	1.740551e-01
7.051264e-01	1.708389e-01
7.051520e-01	1.675718e-01
7.051776e-01	1.640830e-01
7.052032e-01	1.607343e-01
7.052288e-01	1.574252e-01
7.052544e-01	1.538380e-01
7.052800e-01	1.503871e-01
7.053056e-01	1.467233e-01
7.053312e-01	1.429681e-01
7.053568e-01	1.394077e-01
7.053824e-01	1.356194e-01
7.054080e-01	1.317386e-01
7.054336e-01	1.278161e-01
7.054592e-01	1.240929e-01
7.054848e-01	1.201887e-01
7.055104e-01	1.162115e-01
7.055360e-01	1.120319e-01
7.055616e-01	1.080384e-01
7.055872e-01	1.039075e-01
7.056128e-01	9.968083e-02
7.056384e-01	9.560407e-02
7.056640e-01	9.147657e-02
7.056896e-01	8.721159e-02
7.057152e-01	8.276398e-02
7.057408e-01	7.851067e-02
7.057664e-01	7.411055e-02
7.057920e-01	6.971652e-02
7.058176e-01	6.541634e-02
7.058432e-01	6.072439e-02
7.058688e-01	5.642699e-02
7.058944e-01	5.191147e-02
7.059200e-01	4.733356e-02
7.059456e-01	4.275853e-02
7.059712e-01	3.822322e-02
7.059968e-01	3.363928e-02
7.060224e-01	2.896728e-02
7.060480e-01	2.436001e-02
7.060736e-01	1.964268e-02
7.060992e-01	1.494044e-02
7.061248e-01	1.026086e-02
7.061504e-01	5.575432e-03
7.061760e-01	7.264728e-04
7.062016e-01	-4.034773e-03
7.062272e-01	-8.728023e-03
7.062528e-01	-1.351934e-02
7.062784e-01	-1.821422e-02
7.063040e-01	-2.307091e-02
7.063296e-01	-2.768203e-02
7.063552e-01	-3.263074e-02
7.063808e-01	-3.736706e-02
7.064064e-01	-4.232242e-02
7.064320e-01	-4.710777e-02
7.064576e-01	-5.184044e-02
7.064832e-01	-5.676183e-02
7.065088e-01	-6.154137e-02
7.065344e-01	-6.637979e-02
7.065600e-01	-7.109432e-02
7.065856e-01	-7.582364e-02
7.066112e-01	-8.065670e-02
7.066368e-01	-8.543204e-02
7.066624e-01	-9.020639e-02
7.066880e-01	-9.493149e-02
7.067136e-01	-9.973968e-02
7.067392e-01	-1.045715e-01
7.067648e-01	-1.091565e-01
7.067904e-01	-1.139045e-01
7.068160e-01	-1.186012e-01
7.068416e-01	-1.231334e-01
7.068672e-01	-1.279068e-01
7.068928e-01	-1.325196e-01
7.069184e-01	-1.371728e-01
7.069440e-01	-1.417133e-01
7.069696e-01	-1.463613e-01
7.069952e-01	-1.508455e-01
7.070208e-01	-1.554135e-01
7.070464e-01	-1.597929e-01
7.070720e-01	-1.643221e-01
7.070976e-01	-1.687899e-01
7.071232e-01	-1.731107e-01
7.071488e-01	-1.774316e-01
7.071744e-01	-1.817985e-01
7.072000e-01	-1.861374e-01
7.072256e-01	-1.903074e-01
7.072512e-01	-1.944981e-01
7.072768e-01	-1.987598e-01
7.073024e-01	-2.029804e-01
7.073280e-01	-2.069406e-01
7.073536e-01	-2.110325e-01
7.073792e-01	-2.151162e-01
7.074048e-01	-2.191597e-01
7.074304e-01	-2.230375e-01
7.074560e-01	-2.268458e-01
7.074816e-01	-2.308149e-01
7.075072e-01	-2.346264e-01
7.075328e-01	-2.384573e-01
7.075584e-01	-2.421007e-01
7.075840e-01	-2.458218e-01
7.076096e-01	-2.492075e-01
7.076352e-01	-2.528889e-01
7.076608e-01	-2.563415e-01
7.076864e-01	-2.597483e-01
7.077120e-01	-2.632469e-01
7.077376e-01	-2.665224e-01
7.077632e-01	-2.697971e-01
7.077888e-01	-2.731540e-01
7.078144e-01	-2.761884e-01
7.078400e-01	-2.792219e-01
7.078656e-01	-2.823609e-01
7.078912e-01	-2.852855e-01
7.079168e-01	-2.882275e-01
7.079424e-01	-2.911729e-01
7.079680e-01	-2.940445e-01
7.079936e-01	-2.966736e-01
7.080192e-01	-2.992454e-01
7.080448e-01	-3.019878e-01
7.080704e-01	-3.044233e-01
7.080960e-01	-3.069236e-01
7.081216e-01	-3.093492e-01
7.081472e-01	-3.116865e-01
7.081728e-01	-3.140627e-01
7.081984e-01	-3.162463e-01
7.082240e-01	-3.183565e-01
7.082496e-01	-3.203813e-01
7.082752e-01	-3.223960e-01
7.083008e-01	-3.244279e-01
7.083264e-01	-3.262346e-01
7.083520e-01	-3.279358e-01
7.083776e-01	-3.296722e-01
7.084032e-01	-3.313529e-01
7.084288e-01	-3.328408e-01
7.084544e-01	-3.343316e-01
7.084800e-01	-3.357164e-01
7.085056e-01	-3.370888e-01
7.085312e-01	-3.383583e-01
7.085568e-01	-3.396357e-01
7.085824e-01	-3.407050e-01
7.086080e-01	-3.418193e-01
7.086336e-01	-3.427273e-01
7.086592e-01	-3.436260e-01
7.086848e-01	-3.443973e-01
7.087104e-01	-3.451611e-01
7.087360e-01	-3.458863e-01
7.087616e-01	-3.463401e-01
7.087872e-01	-3.469688e-01
7.088128e-01	-3.474104e-01
7.088384e-01	-3.477477e-01
7.088640e-01	-3.480189e-01
7.088896e-01	-3.481267e-01
7.089152e-01	-3.483520e-01
7.089408e-01	-3.483781e-01
7.089664e-01	-3.483185e-01
7.089920e-01	-3.482636e-01
7.090176e-01	-3.480967e-01
7.090432e-01	-3.477626e-01
7.090688e-01	-3.474930e-01
7.090944e-01	-3.470087e-01
7.091200e-01	-3.465683e-01
7.091456e-01	-3.459109e-01
7.091712e-01	-3.451801e-01
7.091968e-01	-3.445320e-01
7.092224e-01	-3.437302e-01
7.092480e-01	-3.428313e-01
7.092736e-01	-3.419479e-01
7.092992e-01	-3.408823e-01
7.093248e-01	-3.397862e-01
7.093504e-01	-3.386955e-01
7.093760e-01	-3.372325e-01
7.094016e-01	-3.359416e-01
7.094272e-01	-3.346559e-01
7.094528e-01	-3.330837e-01
7.094784e-01	-3.315954e-01
7.095040e-01	-3.299718e-01
7.095296e-01	-3.282459e-01
7.095552e-01	-3.263977e-01
7.095808e-01	-3.246570e-01
7.096064e-01	-3.226894e-01
7.096320e-01	-3.207757e-01
7.096576e-01	-3.185703e-01
7.096832e-01	-3.164623e-01
7.097088e-01	-3.143815e-01
7.097344e-01	-3.120640e-01
7.097600e-01	-3.096677e-01
7.097856e-01	-3.072632e-01
7.098112e-01	-3.048445e-01
7.098368e-01	-3.023585e-01
7.098624e-01	-2.997467e-01
7.098880e-01	-2.970095e-01
7.099136e-01	-2.944023e-01
7.099392e-01	-2.915426e-01
7.099648e-01	-2.886285e-01
7.099904e-01	-2.858393e-01
7.100160e-01	-2.828242e-01
7.100416e-01	-2.797413e-01
7.100672e-01	-2.766867e-01
7.100928e-01	-2.735831e-01
7.101184e-01	-2.703118e-01
7.101440e-01	-2.671036e-01
7.101696e-01	-2.636352e-01
7.101952e-01	-2.603201e-01
7.102208e-01	-2.568741e-01
7.102464e-01	-2.533986e-01
7.102720e-01	-2.498590e-01
7.102976e-01	-2.462411e-01
7.103232e-01	-2.425342e-01
7.103488e-01	-2.388744e-01
7.103744e-01	-2.351552e-01
7.104000e-01	-2.313529e-01
7.104256e-01	-2.274785e-01
7.104512e-01	-2.236802e-01
7.104768e-01	-2.197863e-01
7.105024e-01	-2.156691e-01
7.105280e-01	-2.117860e-01
7.105536e-01	-2.076621e-01
7.105792e-01	-2.035221e-01
7.106048e-01	-1.994904e-01
7.106304e-01	-1.950813e-01
7.106560e-01	-1.910367e-01
7.106816e-01	-1.867061e-01
7.107072e-01	-1.824876e-01
7.107328e-01	-1.781298e-01
7.107584e-01	-1.737406e-01
7.107840e-01	-1.693679e-01
7.108096e-01	-1.648964e-01
7.108352e-01	-1.606387e-01
7.108608e-01	-1.559200e-01
7.108864e-01	-1.515185e-01
7.109120e-01	-1.470100e-01
7.109376e-01	-1.422597e-01
7.109632e-01	-1.379622e-01
7.109888e-01	-1.331286e-01
7.110144e-01	-1.285674e-01
7.110400e-01	-1.240407e-01
7.110656e-01	-1.193175e-01
7.110912e-01	-1.144951e-01
7.111168e-01	-1.097409e-01
7.111424e-01	-1.050873e-01
7.111680e-01	-1.003231e-01
7.111936e-01	-9.563914e-02
7.112192e-01	-9.088591e-02
7.112448e-01	-8.619326e-02
7.112704e-01	-8.132067e-02
7.112960e-01	-7.650426e-02
7.113216e-01	-7.183441e-02
7.113472e-01	-6.675785e-02
7.113728e-01	-6.213213e-02
7.113984e-01	-5.727665e-02
7.114240e-01	-5.244628e-02
7.114496e-01	-4.777361e-02
7.114752e-01	-4.287461e-02
7.115008e-01	-3.804858e-02
7.115264e-01	-3.329311e-02
7.115520e-01	-2.854176e-02
7.115776e-01	-2.370911e-02
7.116032e-01	-1.886552e-02
7.116288e-01	-1.405673e-02
7.116544e-01	-9.301735e-03
7.116800e-01	-4.574204e-03
7.117056e-01	2.550727e-04
7.117312e-01	4.958068e-03
7.117568e-01	9.664866e-03
7.117824e-01	1.443854e-02
7.118080e-01	1.903566e-02
7.118336e-01	2.379417e-02
7.118592e-01	2.848142e-02
7.118848e-01	3.286875e-02
7.119104e-01	3.770344e-02
7.119360e-01	4.230798e-02
7.119616e-01	4.686285e-02
7.119872e-01	5.135733e-02
7.120128e-01	5.582573e-02
7.120384e-01	6.046881e-02
7.120640e-01	6.482630e-02
7.120896e-01	6.924032e-02
7.121152e-01	7.370877e-02
7.121408e-01	7.791358e-02
7.121664e-01	8.244222e-02
7.121920e-01	8.657987e-02
7.122176e-01	9.093395e-02
7.122432e-01	9.526666e-02
7.122688e-01	9.930960e-02
7.122944e-01	1.035708e-01
7.123200e-01	1.075257e-01
7.123456e-01	1.117168e-01
7.123712e-01	1.157153e-01
7.123968e-01	1.196470e-01
7.124224e-01	1.236539e-01
7.124480e-01	1.274363e-01
7.124736e-01	1.313795e-01
7.124992e-01	1.350691e-01
7.125248e-01	1.389840e-01
7.125504e-01	1.425677e-01
7.125760e-01	1.462599e-01
7.126016e-01	1.500216e-01
7.126272e-01	1.534297e-01
7.126528e-01	1.569642e-01
7.126784e-01	1.604718e-01
7.127040e-01	1.637312e-01
7.127296e-01	1.670386e-01
7.127552e-01	1.704308e-01
7.127808e-01	1.736426e-01
7.128064e-01	1.767913e-01
7.128320e-01	1.798796e-01
7.128576e-01	1.829567e-01
7.128832e-01	1.859052e-01
7.129088e-01	1.888227e-01
7.129344e-01	1.918841e-01
7.129600e-01	1.944935e-01
7.129856e-01	1.972808e-01
7.130112e-01	1.999858e-01
7.130368e-01	2.025724e-01
7.130624e-01	2.050936e-01
7.130880e-01	2.075761e-01
7.131136e-01	2.099323e-01
7.131392e-01	2.122783e-01
7.131648e-01	2.146427e-01
7.131904e-01	2.167588e-01
7.132160e-01	2.190511e-01
7.132416e-01	2.210898e-01
7.132672e-01	2.230087e-01
7.132928e-01	2.249282e-01
7.133184e-01	2.268092e-01
7.133440e-01	2.286689e-01
7.133696e-01	2.302383e-01
7.133952e-01	2.319946e-01
7.134208e-01	2.334629e-01
7.134464e-01	2.349921e-01
7.134720e-01	2.363926e-01
7.134976e-01	2.377700e-01
7.135232e-01	2.391000e-01
7.135488e-01	2.402511e-01
7.135744e-01	2.413935e-01
7.136000e-01	2.423871e-01
7.136256e-01	2.434356e-01
7.136512e-01	2.443122e-01
7.136768e-01	2.450843e-01
7.137024e-01	2.459594e-01
7.137280e-01	2.464796e-01
7.137536e-01	2.470734e-01
7.137792e-01	2.476405e-01
7.138048e-01	2.481356e-01
7.138304e-01	2.483387e-01
7.138560e-01	2.486073e-01
7.138816e-01	2.488793e-01
7.139072e-01	2.489899e-01
7.139328e-01	2.490298e-01
7.139584e-01	2.490057e-01
7.139840e-01	2.488829e-01
7.140096e-01	2.486911e-01
7.140352e-01	2.484200e-01
7.140608e-01	2.481737e-01
7.140864e-01	2.477093e-01
7.141120e-01	2.471539e-01
7.141376e-01	2.465811e-01
7.141632e-01	2.459316e-01
7.141888e-01	2.452360e-01
7.142144e-01	2.444516e-01
7.142400e-01	2.435316e-01
7.142656e-01	2.425372e-01
7.142912e-01	2.414594e-01
7.143168e-01	2.404990e-01
7.143424e-01	2.393287e-01
7.143680e-01	2.380876e-01
7.143936e-01	2.365894e-01
7.144192e-01	2.353108e-01
7.144448e-01	2.339421e-01
7.144704e-01	2.322282e-01
7.144960e-01	2.306793e-01
7.145216e-01	2.288341e-01
7.145472e-01	2.271835e-01
7.145728e-01	2.253930e-01
7.145984e-01	2.233479e-01
7.146240e-01	2.215122e-01
7.146496e-01	2.193612e-01
7.146752e-01	2.172572e-01
7.147008e-01	2.150172e-01
7.147264e-01	2.127739e-01
7.147520e-01	2.103778e-01
7.147776e-01	2.081059e-01
7.148032e-01	2.055490e-01
7.148288e-01	2.030404e-01
7.148544e-01	2.005620e-01
7.148800e-01	1.976907e-01
7.149056e-01	1.951343e-01
7.149312e-01	1.923852e-01
7.149568e-01	1.894002e-01
7.149824e-01	1.864542e-01
7.150080e-01	1.834774e-01
7.150336e-01	1.805677e-01
7.150592e-01	1.773763e-01
7.150848e-01	1.742683e-01
7.151104e-01	1.711663e-01
7.151360e-01	1.678709e-01
7.151616e-01	1.644221e-01
7.151872e-01	1.610841e-01
7.152128e-01	1.577497e-01
7.152384e-01	1.542229e-01
7.152640e-01	1.505530e-01
7.152896e-01	1.470494e-01
7.153152e-01	1.433511e-01
7.153408e-01	1.397576e-01
7.153664e-01	1.359248e-01
7.153920e-01	1.321511e-01
7.154176e-01	1.283222e-01
7.154432e-01	1.244320e-01
7.154688e-01	1.204416e-01
7.154944e-01	1.164529e-01
7.155200e-01	1.125437e-01
7.155456e-01	1.084562e-01
7.155712e-01	1.044276e-01
7.155968e-01	1.001571e-01
7.156224e-01	9.600293e-02
7.156480e-01	9.171233e-02
7.156736e-01	8.749676e-02
7.156992e-01	8.334857e-02
7.157248e-01	7.885248e-02
7.157504e-01	7.458746e-02
7.157760e-01	7.012260e-02
7.158016e-01	6.570128e-02
7.158272e-01	6.129120e-02
7.158528e-01	5.676818e-02
7.158784e-01	5.229833e-02
7.159040e-01	4.780367e-02
7.159296e-01	4.315558e-02
7.159552e-01	3.864871e-02
7.159808e-01	3.397659e-02
7.160064e-01	2.937149e-02
7.160320e-01	2.487508e-02
7.160576e-01	2.014809e-02
7.160832e-01	1.537092e-02
7.161088e-01	1.064777e-02
7.161344e-01	5.995906e-03
7.161600e-01	1.239128e-03
7.161856e-01	-3.538023e-03
7.162112e-01	-8.224024e-03
7.162368e-01	-1.299396e-02
7.162624e-01	-1.777523e-02
7.162880e-01	-2.268386e-02
7.163136e-01	-2.737233e-02
7.163392e-01	-3.219815e-02
7.163648e-01	-3.699698e-02
7.163904e-01	-4.182900e-02
7.164160e-01	-4.656990e-02
7.164416e-01	-5.143533e-02
7.164672e-01	-5.629867e-02
7.164928e-01	-6.102068e-02
7.165184e-01	-6.579360e-02
7.165440e-01	-7.062147e-02
7.165696e-01	-7.539973e-02
7.165952e-01	-8.020495e-02
7.166208e-01	-8.503921e-02
7.166464e-01	-8.978958e-02
7.166720e-01	-9.449331e-02
7.166976e-01	-9.931593e-02
7.167232e-01	-1.040018e-01
7.167488e-01	-1.087681e-01
7.167744e-01	-1.134546e-01
7.168000e-01	-1.181587e-01
7.168256e-01	-1.228598e-01
7.168512e-01	-1.275773e-01
7.168768e-01	-1.320838e-01
7.169024e-01	-1.367951e-01
7.169280e-01	-1.412869e-01
7.169536e-01	-1.459222e-01
7.169792e-01	-1.505352e-01
7.170048e-01	-1.549454e-01
7.170304e-01	-1.595750e-01
7.170560e-01	-1.637659e-01
7.170816e-01	-1.684025e-01
7.171072e-01	-1.727262e-01
7.171328e-01	-1.769886e-01
7.171584e-01	-1.815115e-01
7.171840e-01	-1.855726e-01
7.172096e-01	-1.899413e-01
7.172352e-01	-1.941303e-01
7.172608e-01	-1.984008e-01
7.172864e-01	-2.025886e-01
7.173120e-01	-2.066330e-01
7.173376e-01	-2.107028e-01
7.173632e-01	-2.146548e-01
7.173888e-01	-2.186760e-01
7.174144e-01	-2.226803e-01
7.174400e-01	-2.266384e-01
7.174656e-01	-2.304816e-01
7.174912e-01	-2.342866e-01
7.175168e-01	-2.380429e-01
7.175424e-01	-2.415594e-01
7.175680e-01	-2.454543e-01
7.175936e-01	-2.489582e-01
7.176192e-01	-2.525555e-01
7.176448e-01	-2.560897e-01
7.176704e-01	-2.595020e-01
7.176960e-01	-2.629199e-01
7.177216e-01	-2.662279e-01
7.177472e-01	-2.695011e-01
7.177728e-01	-2.726821e-01
7.177984e-01	-2.758045e-01
7.178240e-01	-2.790886e-01
7.178496e-01	-2.820916e-01
7.178752e-01	-2.850308e-01
7.179008e-01	-2.879708e-01
7.179264e-01	-2.907330e-01
7.179520e-01	-2.936753e-01
7.179776e-01	-2.963266e-01
7.180032e-01	-2.990090e-01
7.180288e-01	-3.016967e-01
7.180544e-01	-3.042539e-01
7.180800e-01	-3.068315e-01
7.181056e-01	-3.090804e-01
7.181312e-01	-3.114339e-01
7.181568e-01	-3.138271e-01
7.181824e-01	-3.160072e-01
7.182080e-01	-3.180101e-01
7.182336e-01	-3.202841e-01
7.182592e-01	-3.221096e-01
7.182848e-01	-3.240848e-01
7.183104e-01	-3.260954e-01
7.183360e-01	-3.277515e-01
7.183616e-01	-3.295203e-01
7.183872e-01	-3.312235e-01
7.184128e-01	-3.327449e-01
7.184384e-01	-3.342160e-01
7.184640e-01	-3.356002e-01
7.184896e-01	-3.370135e-01
7.185152e-01	-3.383274e-01
7.185408e-01	-3.394936e-01
7.185664e-01	-3.406389e-01
7.185920e-01	-3.416594e-01
7.186176e-01	-3.425628e-01
7.186432e-01	-3.434732e-01
7.186688e-01	-3.443042e-01
7.186944e-01	-3.450902e-01
7.187200e-01	-3.457476e-01
7.187456e-01	-3.464069e-01
7.187712e-01	-3.468842e-01
7.187968e-01	-3.473300e-01
7.188224e-01	-3.475791e-01
7.188480e-01	-3.480390e-01
7.188736e-01	-3.481321e-01
7.188992e-01	-3.483053e-01
7.189248e-01	-3.483970e-01
7.189504e-01	-3.481843e-01
7.189760e-01	-3.483026e-01
7.190016e-01	-3.480161e-01
7.190272e-01	-3.477180e-01
7.190528e-01	-3.475438e-01
7.190784e-01	-3.471310e-01
7.191040e-01	-3.465928e-01
7.191296e-01	-3.458788e-01
7.191552e-01	-3.453485e-01
7.191808e-01	-3.446072e-01
7.192064e-01	-3.438145e-01
7.192320e-01	-3.428898e-01
7.192576e-01	-3.419902e-01
7.192832e-01	-3.410419e-01
7.193088e-01	-3.398814e-01
7.193344e-01	-3.387271e-01
7.193600e-01	-3.374652e-01
7.193856e-01	-3.361070e-01
7.194112e-01	-3.347597e-01
7.194368e-01	-3.331474e-01
7.194624e-01	-3.316108e-01
7.194880e-01	-3.301325e-01
7.195136e-01	-3.283975e-01
7.195392e-01	-3.266104e-01
7.195648e-01	-3.248343e-01
7.195904e-01	-3.228385e-01
7.196160e-01	-3.208935e-01
7.196416e-01	-3.187858e-01
7.196672e-01	-3.166914e-01
7.196928e-01	-3.145706e-01
7.197184e-01	-3.123733e-01
7.197440e-01	-3.100132e-01
7.197696e-01	-3.074957e-01
7.197952e-01	-3.051026e-01
7.198208e-01	-3.025620e-01
7.198464e-01	-2.999906e-01
7.198720e-01	-2.974606e-01
7.198976e-01	-2.945880e-01
7.199232e-01	-2.918790e-01
7.199488e-01	-2.889588e-01
7.199744e-01	-2.861349e-01
7.200000e-01	-2.831087e-01
7.200256e-01	-2.801759e-01
7.200512e-01	-2.768933e-01
7.200768e-01	-2.736478e-01
7.201024e-01	-2.705660e-01
7.201280e-01	-2.672493e-01
7.201536e-01	-2.640439e-01
7.201792e-01	-2.606668e-01
7.202048e-01	-2.571293e-01
7.202304e-01	-2.535525e-01
7.202560e-01	-2.500821e-01
7.202816e-01	-2.466328e-01
7.203072e-01	-2.429423e-01
7.203328e-01	-2.391794e-01
7.203584e-01	-2.354612e-01
7.203840e-01	-2.316246e-01
7.204096e-01	-2.278652e-01
7.204352e-01	-2.240985e-01
7.204608e-01	-2.200600e-01
7.204864e-01	-2.160421e-01
7.205120e-01	-2.119974e-01
7.205376e-01	-2.079972e-01
7.205632e-01	-2.038263e-01
7.205888e-01	-1.997508e-01
7.206144e-01	-1.955754e-01
7.206400e-01	-1.914362e-01
7.206656e-01	-1.871363e-01
7.206912e-01	-1.828623e-01
7.207168e-01	-1.785336e-01
7.207424e-01	-1.742391e-01
7.207680e-01	-1.698476e-01
7.207936e-01	-1.652407e-01
7.208192e-01	-1.609049e-01
7.208448e-01	-1.563730e-01
7.208704e-01	-1.518507e-01
7.208960e-01	-1.472914e-01
7.209216e-01	-1.426467e-01
7.209472e-01	-1.382194e-01
7.209728e-01	-1.335795e-01
7.209984e-01	-1.290080e-01
7.210240e-01	-1.242454e-01
7.210496e-01	-1.195279e-01
7.210752e-01	-1.149829e-01
7.211008e-01	-1.101827e-01
7.211264e-01	-1.054768e-01
7.211520e-01	-1.008530e-01
7.211776e-01	-9.606829e-02
7.212032e-01	-9.130070e-02
7.212288e-01	-8.649661e-02
7.212544e-01	-8.169791e-02
7.212800e-01	-7.699184e-02
7.213056e-01	-7.215897e-02
7.213312e-01	-6.731147e-02
7.213568e-01	-6.257069e-02
7.213824e-01	-5.777048e-02
7.214080e-01	-5.302480e-02
7.214336e-01	-4.808082e-02
7.214592e-01	-4.328791e-02
7.214848e-01	-3.845069e-02
7.215104e-01	-3.369327e-02
7.215360e-01	-2.889178e-02
7.215616e-01	-2.393506e-02
7.215872e-01	-1.923104e-02
7.216128e-01	-1.450084e-02
7.216384e-01	-9.645028e-03
7.216640e-01	-5.018949e-03
7.216896e-01	-2.773695e-04
7.217152e-01	4.445545e-03
7.217408e-01	9.306489e-03
7.217664e-01	1.398585e-02
7.217920e-01	1.865125e-02
7.218176e-01	2.330096e-02
7.218432e-01	2.789591e-02
7.218688e-01	3.261249e-02
7.218944e-01	3.719366e-02
7.219200e-01	4.183992e-02
7.219456e-01	4.631126e-02
7.219712e-01	5.078755e-02
7.219968e-01	5.548643e-02
7.220224e-01	5.999022e-02
7.220480e-01	6.451153e-02
7.220736e-01	6.878214e-02
7.220992e-01	7.333200e-02
7.221248e-01	7.765929e-02
7.221504e-01	8.192556e-02
7.221760e-01	8.639706e-02
7.222016e-01	9.049825e-02
7.222272e-01	9.480301e-02
7.222528e-01	9.895529e-02
7.222784e-01	1.031229e-01
7.223040e-01	1.073310e-01
7.223296e-01	1.112096e-01
7.223552e-01	1.153295e-01
7.223808e-01	1.193689e-01
7.224064e-01	1.232429e-01
7.224320e-01	1.271748e-01
7.224576e-01	1.310810e-01
7.224832e-01	1.348067e-01
7.225088e-01	1.385696e-01
7.225344e-01	1.422415e-01
7.225600e-01	1.460590e-01
7.225856e-01	1.494962e-01
7.226112e-01	1.530078e-01
7.226368e-01	1.566595e-01
7.226624e-01	1.601015e-01
7.226880e-01	1.634339e-01
7.227136e-01	1.667881e-01
7.227392e-01	1.700360e-01
7.227648e-01	1.732441e-01
7.227904e-01	1.764641e-01
7.228160e-01	1.796273e-01
7.228416e-01	1.826229e-01
7.228672e-01	1.856298e-01
7.228928e-01	1.886473e-01
7.229184e-01	1.915172e-01
7.229440e-01	1.942828e-01
7.229696e-01	1.970035e-01
7.229952e-01	1.997316e-01
7.230208e-01	2.023117e-01
7.230464e-01	2.047711e-01
7.230720e-01	2.074777e-01
7.230976e-01	2.097913e-01
7.231232e-01	2.120765e-01
7.231488e-01	2.144745e-01
7.231744e-01	2.165964e-01
7.232000e-01	2.188487e-01
7.232256e-01	2.208146e-01
7.232512e-01	2.227674e-01
7.232768e-01	2.248207e-01
7.233024e-01	2.266567e-01
7.233280e-01	2.284521e-01
7.233536e-01	2.301155e-01
7.233792e-01	2.318159e-01
7.234048e-01	2.333704e-01
7.234304e-01	2.349346e-01
7.234560e-01	2.362578e-01
7.234816e-01	2.376092e-01
7.235072e-01	2.388996e-01
7.235328e-01	2.401626e-01
7.235584e-01	2.413745e-01
7.235840e-01	2.423080e-01
7.236096e-01	2.433696e-01
7.236352e-01	2.442779e-01
7.236608e-01	2.450676e-01
7.236864e-01	2.458467e-01
7.237120e-01	2.463818e-01
7.237376e-01	2.470834e-01
7.237632e-01	2.475346e-01
7.237888e-01	2.479878e-01
7.238144e-01	2.484284e-01
7.238400e-01	2.487353e-01
7.238656e-01	2.488239e-01
7.238912e-01	2.490232e-01
7.239168e-01	2.490234e-01
7.239424e-01	2.490176e-01
7.239680e-01	2.489576e-01
7.239936e-01	2.487256e-01
7.240192e-01	2.486113e-01
7.240448e-01	2.483423e-01
7.240704e-01	2.477938e-01
7.240960e-01	2.472567e-01
7.241216e-01	2.467368e-01
7.241472e-01	2.461323e-01
7.241728e-01	2.452792e-01
7.241984e-01	2.445277e-01
7.242240e-01	2.437041e-01
7.242496e-01	2.427406e-01
7.242752e-01	2.417365e-01
7.243008e-01	2.405798e-01
7.243264e-01	2.394802e-01
7.243520e-01	2.382853e-01
7.243776e-01	2.368414e-01
7.244032e-01	2.354902e-01
7.244288e-01	2.339681e-01
7.244544e-01	2.324921e-01
7.244800e-01	2.307927e-01
7.245056e-01	2.291839e-01
7.245312e-01	2.274191e-01
7.245568e-01	2.255940e-01
7.245824e-01	2.236578e-01
7.246080e-01	2.216206e-01
7.246336e-01	2.196497e-01
7.246592e-01	2.175269e-01
7.246848e-01	2.153524e-01
7.247104e-01	2.130249e-01
7.247360e-01	2.106590e-01
7.247616e-01	2.082574e-01
7.247872e-01	2.058941e-01
7.248128e-01	2.034252e-01
7.248384e-01	2.006760e-01
7.248640e-01	1.981867e-01
7.248896e-01	1.953401e-01
7.249152e-01	1.926339e-01
7.249408e-01	1.897687e-01
7.249664e-01	1.867279e-01
7.249920e-01	1.838714e-01
7.250176e-01	1.808551e-01
7.250432e-01	1.777245e-01
7.250688e-01	1.746766e-01
7.250944e-01	1.713775e-01
7.251200e-01	1.681038e-01
7.251456e-01	1.648445e-01
7.251712e-01	1.614480e-01
7.251968e-01	1.580301e-01
7.252224e-01	1.544707e-01
7.252480e-01	1.510307e-01
7.252736e-01	1.474042e-01
7.252992e-01	1.437965e-01
7.253248e-01	1.400545e-01
7.253504e-01	1.361621e-01
7.253760e-01	1.325456e-01
7.254016e-01	1.286650e-01
7.254272e-01	1.248540e-01
7.254528e-01	1.208090e-01
7.254784e-01	1.168830e-01
7.255040e-01	1.128729e-01
7.255296e-01	1.088566e-01
7.255552e-01	1.048428e-01
7.255808e-01	1.006892e-01
7.256064e-01	9.636255e-02
7.256320e-01	9.218846e-02
7.256576e-01	8.796810e-02
7.256832e-01	8.353882e-02
7.257088e-01	7.936031e-02
7.257344e-01	7.502606e-02
7.257600e-01	7.049046e-02
7.257856e-01	6.612945e-02
7.258112e-01	6.175335e-02
7.258368e-01	5.722746e-02
7.258624e-01	5.277938e-02
7.258880e-01	4.820903e-02
7.259136e-01	4.366279e-02
7.259392e-01	3.907156e-02
7.259648e-01	3.443025e-02
7.259904e-01	2.995216e-02
7.260160e-01	2.518537e-02
7.260416e-01	2.056256e-02
7.260672e-01	1.582245e-02
7.260928e-01	1.119664e-02
7.261184e-01	6.418954e-03
7.261440e-01	1.624017e-03
7.261696e-01	-3.078095e-03
7.261952e-01	-7.748049e-03
7.262208e-01	-1.260916e-02
7.262464e-01	-1.733078e-02
7.262720e-01	-2.204033e-02
7.262976e-01	-2.691281e-02
7.263232e-01	-3.162119e-02
7.263488e-01	-3.652111e-02
7.263744e-01	-4.125686e-02
7.264000e-01	-4.600843e-02
7.264256e-01	-5.093979e-02
7.264512e-01	-5.575290e-02
7.264768e-01	-6.060221e-02
7.265024e-01	-6.533485e-02
7.265280e-01	-7.016366e-02
7.265536e-01	-7.504691e-02
7.265792e-01	-7.983913e-02
7.266048e-01	-8.448004e-02
7.266304e-01	-8.928655e-02
7.266560e-01	-9.405532e-02
7.266816e-01	-9.886904e-02
7.267072e-01	-1.035341e-01
7.267328e-01	-1.082147e-01
7.267584e-01	-1.129998e-01
7.267840e-01	-1.176056e-01
7.268096e-01	-1.222868e-01
7.268352e-01	-1.269880e-01
7.268608e-01	-1.315723e-01
7.268864e-01	-1.362574e-01
7.269120e-01	-1.408463e-01
7.269376e-01	-1.455185e-01
7.269632e-01	-1.499289e-01
7.269888e-01	-1.545026e-01
7.270144e-01	-1.589424e-01
7.270400e-01	-1.633304e-01
7.270656e-01	-1.679315e-01
7.270912e-01	-1.722290e-01
7.271168e-01	-1.766126e-01
7.271424e-01	-1.809760e-01
7.271680e-01	-1.852732e-01
7.271936e-01	-1.897445e-01
7.272192e-01	-1.937547e-01
7.272448e-01	-1.980068e-01
7.272704e-01	-2.020777e-01
7.272960e-01	-2.062119e-01
7.273216e-01	-2.103115e-01
7.273472e-01	-2.142576e-01
7.273728e-01	-2.184043e-01
7.273984e-01	-2.223294e-01
7.274240e-01	-2.261799e-01
7.274496e-01	-2.300207e-01
7.274752e-01	-2.338465e-01
7.275008e-01	-2.375247e-01
7.275264e-01	-2.411916e-01
7.275520e-01	-2.451189e-01
7.275776e-01	-2.486172e-01
7.276032e-01	-2.521832e-01
7.276288e-01	-2.557041e-01
7.276544e-01	-2.590849e-01
7.276800e-01	-2.624505e-01
7.277056e-01	-2.659180e-01
7.277312e-01	-2.692087e-01
7.277568e-01	-2.723657e-01
7.277824e-01	-2.756014e-01
7.278080e-01	-2.787112e-01
7.278336e-01	-2.817577e-01
7.278592e-01	-2.847861e-01
7.278848e-01	-2.876711e-01
7.279104e-01	-2.905222e-01
7.279360e-01	-2.934126e-01
7.279616e-01	-2.961721e-01
7.279872e-01	-2.988461e-01
7.280128e-01	-3.015678e-01
7.280384e-01	-3.039636e-01
7.280640e-01	-3.064896e-01
7.280896e-01	-3.089208e-01
7.281152e-01	-3.112446e-01
7.281408e-01	-3.135156e-01
7.281664e-01	-3.159046e-01
7.281920e-01	-3.179813e-01
7.282176e-01	-3.199228e-01
7.282432e-01	-3.220083e-01
7.282688e-01	-3.239753e-01
7.282944e-01	-3.257483e-01
7.283200e-01	-3.275939e-01
7.283456e-01	-3.294149e-01
7.283712e-01	-3.310806e-01
7.283968e-01	-3.325744e-01
7.284224e-01	-3.341902e-01
7.284480e-01	-3.355912e-01
7.284736e-01	-3.369047e-01
7.284992e-01	-3.381302e-01
7.285248e-01	-3.393520e-01
7.285504e-01	-3.405846e-01
7.285760e-01	-3.416195e-01
7.286016e-01	-3.425780e-01
7.286272e-01	-3.434807e-01
7.286528e-01	-3.442726e-01
7.286784e-01	-3.450394e-01
7.287040e-01	-3.455550e-01
7.287296e-01	-3.463427e-01
7.287552e-01	-3.467615e-01
7.287808e-01	-3.472233e-01
7.288064e-01	-3.476380e-01
7.288320e-01	-3.478163e-01
7.288576e-01	-3.481763e-01
7.288832e-01	-3.483117e-01
7.289088e-01	-3.483371e-01
7.289344e-01	-3.482483e-01
7.289600e-01	-3.482501e-01
7.289856e-01	-3.481704e-01
7.290112e-01	-3.478133e-01
7.290368e-01	-3.474036e-01
7.290624e-01	-3.470130e-01
7.290880e-01	-3.467295e-01
7.291136e-01	-3.459635e-01
7.291392e-01	-3.452575e-01
7.291648e-01	-3.446363e-01
7.291904e-01	-3.439721e-01
7.292160e-01	-3.430191e-01
7.292416e-01	-3.420700e-01
7.292672e-01	-3.411470e-01
7.292928e-01	-3.400114e-01
7.293184e-01	-3.388420e-01
7.293440e-01	-3.375954e-01
7.293696e-01	-3.362217e-01
7.293952e-01	-3.348564e-01
7.294208e-01	-3.333564e-01
7.294464e-01	-3.318314e-01
7.294720e-01	-3.301773e-01
7.294976e-01	-3.285395e-01
7.295232e-01	-3.267258e-01
7.295488e-01	-3.249090e-01
7.295744e-01	-3.230603e-01
7.296000e-01	-3.211271e-01
7.296256e-01	-3.190236e-01
7.296512e-01	-3.169149e-01
7.296768e-01	-3.146362e-01
7.297024e-01	-3.125015e-01
7.297280e-01	-3.101819e-01
7.297536e-01	-3.077537e-01
7.297792e-01	-3.054292e-01
7.298048e-01	-3.028259e-01
7.298304e-01	-3.001776e-01
7.298560e-01	-2.975587e-01
7.298816e-01	-2.948753e-01
7.299072e-01	-2.920694e-01
7.299328e-01	-2.892189e-01
7.299584e-01	-2.864288e-01
7.299840e-01	-2.833596e-01
7.300096e-01	-2.804216e-01
7.300352e-01	-2.773462e-01
7.300608e-01	-2.740413e-01
7.300864e-01	-2.708550e-01
7.301120e-01	-2.676584e-01
7.301376e-01	-2.642998e-01
7.301632e-01	-2.609864e-01
7.301888e-01	-2.575502e-01
7.302144e-01	-2.540773e-01
7.302400e-01	-2.504308e-01
7.302656e-01	-2.469424e-01
7.302912e-01	-2.432794e-01
7.303168e-01	-2.395488e-01
7.303424e-01	-2.359887e-01
7.303680e-01	-2.320403e-01
7.303936e-01	-2.281986e-01
7.304192e-01	-2.244243e-01
7.304448e-01	-2.204014e-01
7.304704e-01	-2.164556e-01
7.304960e-01	-2.123667e-01
7.305216e-01	-2.083179e-01
7.305472e-01	-2.042567e-01
7.305728e-01	-2.002720e-01
7.305984e-01	-1.959776e-01
7.306240e-01	-1.916370e-01
7.306496e-01	-1.874972e-01
7.306752e-01	-1.832048e-01
7.307008e-01	-1.789154e-01
7.307264e-01	-1.747041e-01
7.307520e-01	-1.703253e-01
7.307776e-01	-1.657581e-01
7.308032e-01	-1.613403e-01
7.308288e-01	-1.568504e-01
7.308544e-01	-1.523565e-01
7.308800e-01	-1.478069e-01
7.309056e-01	-1.432458e-01
7.309312e-01	-1.387051e-01
7.309568e-01	-1.340595e-01
7.309824e-01	-1.294885e-01
7.310080e-01	-1.247684e-01
7.310336e-01	-1.201524e-01
7.310592e-01	-1.153918e-01
7.310848e-01	-1.106906e-01
7.311104e-01	-1.060995e-01
7.311360e-01	-1.012361e-01
7.311616e-01	-9.648917e-02
7.311872e-01	-9.172230e-02
7.312128e-01	-8.699604e-02
7.312384e-01	-8.224004e-02
7.312640e-01	-7.737283e-02
7.312896e-01	-7.265639e-02
7.313152e-01	-6.785361e-02
7.313408e-01	-6.313729e-02
7.313664e-01	-5.814509e-02
7.313920e-01	-5.338828e-02
7.314176e-01	-4.862958e-02
7.314432e-01	-4.386326e-02
7.314688e-01	-3.888818e-02
7.314944e-01	-3.414065e-02
7.315200e-01	-2.941082e-02
7.315456e-01	-2.444676e-02
7.315712e-01	-1.982454e-02
7.315968e-01	-1.512163e-02
7.316224e-01	-1.016371e-02
7.316480e-01	-5.484266e-03
7.316736e-01	-6.531046e-04
7.316992e-01	4.102958e-03
7.317248e-01	8.695411e-03
7.317504e-01	1.354302e-02
7.317760e-01	1.820571e-02
7.318016e-01	2.284431e-02
7.318272e-01	2.741940e-02
7.318528e-01	3.217842e-02
7.318784e-01	3.682439e-02
7.319040e-01	4.133546e-02
7.319296e-01	4.594629e-02
7.319552e-01	5.047195e-02
7.319808e-01	5.503500e-02
7.320064e-01	5.942329e-02
7.320320e-01	6.399649e-02
7.320576e-01	6.841215e-02
7.320832e-01	7.276339e-02
7.321088e-01	7.718670e-02
7.321344e-01	8.160044e-02
7.321600e-01	8.584096e-02
7.321856e-01	9.009796e-02
7.322112e-01	9.429569e-02
7.322368e-01	9.858782e-02
7.322624e-01	1.028188e-01
7.322880e-01	1.068157e-01
7.323136e-01	1.107921e-01
7.323392e-01	1.149109e-01
7.323648e-01	1.188343e-01
7.323904e-01	1.229020e-01
7.324160e-01	1.267008e-01
7.324416e-01	1.306245e-01
7.324672e-01	1.345453e-01
7.324928e-01	1.381991e-01
7.325184e-01	1.418165e-01
7.325440e-01	1.456552e-01
7.325696e-01	1.492415e-01
7.325952e-01	1.527017e-01
7.326208e-01	1.562691e-01
7.326464e-01	1.596545e-01
7.326720e-01	1.631915e-01
7.326976e-01	1.664568e-01
7.327232e-01	1.698242e-01
7.327488e-01	1.731101e-01
7.327744e-01	1.761602e-01
7.328000e-01	1.794305e-01
7.328256e-01	1.822988e-01
7.328512e-01	1.853839e-01
7.328768e-01	1.883946e-01
7.329024e-01	1.912339e-01
7.329280e-01	1.940356e-01
7.329536e-01	1.968664e-01
7.329792e-01	1.994688e-01
7.330048e-01	2.020765e-01
7.330304e-01	2.046788e-01
7.330560e-01	2.071153e-01
7.330816e-01	2.095938e-01
7.331072e-01	2.119664e-01
7.331328e-01	2.141248e-01
7.331584e-01	2.164784e-01
7.331840e-01	2.186066e-01
7.332096e-01	2.206284e-01
7.332352e-01	2.226720e-01
7.332608e-01	2.246398e-01
7.332864e-01	2.264346e-01
7.333120e-01	2.282851e-01
7.333376e-01	2.300002e-01
7.333632e-01	2.316929e-01
7.333888e-01	2.333102e-01
7.334144e-01	2.347455e-01
7.334400e-01	2.361813e-01
7.334656e-01	2.375908e-01
7.334912e-01	2.387562e-01
7.335168e-01	2.400390e-01
7.335424e-01	2.411686e-01
7.335680e-01	2.422462e-01
7.335936e-01	2.433068e-01
7.336192e-01	2.440917e-01
7.336448e-01	2.450028e-01
7.336704e-01	2.458888e-01
7.336960e-01	2.464130e-01
7.337216e-01	2.470043e-01
7.337472e-01	2.474929e-01
7.337728e-01	2.480849e-01
7.337984e-01	2.483209e-01
7.338240e-01	2.486059e-01
7.338496e-01	2.488797e-01
7.338752e-01	2.489083e-01
7.339008e-01	2.490853e-01
7.339264e-01	2.490631e-01
7.339520e-01	2.489819e-01
7.339776e-01	2.487160e-01
7.340032e-01	2.484621e-01
7.340288e-01	2.482792e-01
7.340544e-01	2.477798e-01
7.340800e-01	2.473663e-01
7.341056e-01	2.467362e-01
7.341312e-01	2.460558e-01
7.341568e-01	2.453841e-01
7.341824e-01	2.446823e-01
7.342080e-01	2.437623e-01
7.342336e-01	2.428002e-01
7.342592e-01	2.417617e-01
7.342848e-01	2.407001e-01
7.343104e-01	2.394974e-01
7.343360e-01	2.382088e-01
7.343616e-01	2.369092e-01
7.343872e-01	2.356137e-01
7.344128e-01	2.340888e-01
7.344384e-01	2.326825e-01
7.344640e-01	2.309484e-01
7.344896e-01	2.291568e-01
7.345152e-01	2.275024e-01
7.345408e-01	2.256309e-01
7.345664e-01	2.238465e-01
7.345920e-01	2.217522e-01
7.346176e-01	2.197359e-01
7.346432e-01	2.177191e-01
7.346688e-01	2.154833e-01
7.346944e-01	2.132815e-01
7.347200e-01	2.108743e-01
7.347456e-01	2.086495e-01
7.347712e-01	2.061211e-01
7.347968e-01	2.035083e-01
7.348224e-01	2.009699e-01
7.348480e-01	1.984116e-01
7.348736e-01	1.956032e-01
7.348992e-01	1.928779e-01
7.349248e-01	1.899813e-01
7.349504e-01	1.870820e-01
7.349760e-01	1.840856e-01
7.350016e-01	1.810437e-01
7.350272e-01	1.780796e-01
7.350528e-01	1.748488e-01
7.350784e-01	1.717019e-01
7.351040e-01	1.684056e-01
7.351296e-01	1.650108e-01
7.351552e-01	1.617588e-01
7.351808e-01	1.583001e-01
7.352064e-01	1.548977e-01
7.352320e-01	1.512349e-01
7.352576e-01	1.477262e-01
7.352832e-01	1.441038e-01
7.353088e-01	1.403041e-01
7.353344e-01	1.366346e-01
7.353600e-01	1.328274e-01
7.353856e-01	1.290183e-01
7.354112e-01	1.251084e-01
7.354368e-01	1.211825e-01
7.354624e-01	1.172768e-01
7.354880e-01	1.133076e-01
7.355136e-01	1.093102e-01
7.355392e-01	1.051588e-01
7.355648e-01	1.009982e-01
7.355904e-01	9.679356e-02
7.356160e-01	9.268447e-02
7.356416e-01	8.840618e-02
7.356672e-01	8.414207e-02
7.356928e-01	7.972434e-02
7.357184e-01	7.534158e-02
7.357440e-01	7.093654e-02
7.357696e-01	6.664318e-02
7.357952e-01	6.223979e-02
7.358208e-01	5.763883e-02
7.358464e-01	5.308281e-02
7.358720e-01	4.859779e-02
7.358976e-01	4.419242e-02
7.359232e-01	3.958849e-02
7.359488e-01	3.485586e-02
7.359744e-01	3.013978e-02
7.360000e-01	2.555195e-02
7.360256e-01	2.096614e-02
7.360512e-01	1.621710e-02
7.360768e-01	1.159786e-02
7.361024e-01	6.799257e-03
7.361280e-01	2.180988e-03
7.361536e-01	-2.563603e-03
7.361792e-01	-7.370435e-03
7.362048e-01	-1.215631e-02
7.362304e-01	-1.691615e-02
7.362560e-01	-2.164089e-02
7.362816e-01	-2.647800e-02
7.363072e-01	-3.132044e-02
7.363328e-01	-3.604071e-02
7.363584e-01	-4.085994e-02
7.363840e-01	-4.568867e-02
7.364096e-01	-5.055774e-02
7.364352e-01	-5.521139e-02
7.364608e-01	-6.015304e-02
7.364864e-01	-6.490429e-02
7.365120e-01	-6.969412e-02
7.365376e-01	-7.457635e-02
7.365632e-01	-7.922623e-02
7.365888e-01	-8.419443e-02
7.366144e-01	-8.899441e-02
7.366400e-01	-9.356877e-02
7.366656e-01	-9.838922e-02
7.366912e-01	-1.030149e-01
7.367168e-01	-1.078438e-01
7.367424e-01	-1.125330e-01
7.367680e-01	-1.172703e-01
7.367936e-01	-1.221026e-01
7.368192e-01	-1.264790e-01
7.368448e-01	-1.311170e-01
7.368704e-01	-1.358970e-01
7.368960e-01	-1.404433e-01
7.369216e-01	-1.449578e-01
7.369472e-01	-1.494890e-01
7.369728e-01	-1.541187e-01
7.369984e-01	-1.585238e-01
7.370240e-01	-1.630004e-01
7.370496e-01	-1.674051e-01
7.370752e-01	-1.717509e-01
7.371008e-01	-1.762649e-01
7.371264e-01	-1.806483e-01
7.371520e-01	-1.847367e-01
7.371776e-01	-1.892571e-01
7.372032e-01	-1.934239e-01
7.372288e-01	-1.975986e-01
7.372544e-01	-2.017954e-01
7.372800e-01	-2.058073e-01
7.373056e-01	-2.099505e-01
7.373312e-01	-2.139794e-01
7.373568e-01	-2.179328e-01
7.373824e-01	-2.219869e-01
7.374080e-01	-2.258714e-01
7.374336e-01	-2.297403e-01
7.374592e-01	-2.335896e-01
7.374848e-01	-2.372816e-01
7.375104e-01	-2.410536e-01
7.375360e-01	-2.445824e-01
7.375616e-01	-2.483105e-01
7.375872e-01	-2.519382e-01
7.376128e-01	-2.552502e-01
7.376384e-01	-2.588083e-01
7.376640e-01	-2.621572e-01
7.376896e-01	-2.657397e-01
7.377152e-01	-2.689760e-01
7.377408e-01	-2.721684e-01
7.377664e-01	-2.754518e-01
7.377920e-01	-2.785141e-01
7.378176e-01	-2.815907e-01
7.378432e-01	-2.845629e-01
7.378688e-01	-2.874233e-01
7.378944e-01	-2.903642e-01
7.379200e-01	-2.931354e-01
7.379456e-01	-2.959005e-01
7.379712e-01	-2.985525e-01
7.379968e-01	-3.012286e-01
7.380224e-01	-3.037672e-01
7.380480e-01	-3.062623e-01
7.380736e-01	-3.087504e-01
7.380992e-01	-3.110735e-01
7.381248e-01	-3.133796e-01
7.381504e-01	-3.155561e-01
7.381760e-01	-3.177052e-01
7.382016e-01	-3.198359e-01
7.382272e-01	-3.217460e-01
7.382528e-01	-3.238198e-01
7.382784e-01	-3.257124e-01
7.383040e-01	-3.275308e-01
7.383296e-01	-3.292587e-01
7.383552e-01	-3.308773e-01
7.383808e-01	-3.324994e-01
7.384064e-01	-3.339731e-01
7.384320e-01	-3.353612e-01
7.384576e-01	-3.368203e-01
7.384832e-01	-3.380833e-01
7.385088e-01	-3.392638e-01
7.385344e-01	-3.404736e-01
7.385600e-01	-3.415698e-01
7.385856e-01	-3.424476e-01
7.386112e-01	-3.434459e-01
7.386368e-01	-3.442522e-01
7.386624e-01	-3.449730e-01
7.386880e-01	-3.457809e-01
7.387136e-01	-3.462946e-01
7.387392e-01	-3.467685e-01
7.387648e-01	-3.472917e-01
7.387904e-01	-3.475507e-01
7.388160e-01	-3.479854e-01
7.388416e-01	-3.481576e-01
7.388672e-01	-3.483167e-01
7.388928e-01	-3.483172e-01
7.389184e-01	-3.483183e-01
7.389440e-01	-3.482616e-01
7.389696e-01	-3.480155e-01
7.389952e-01	-3.479577e-01
7.390208e-01	-3.475827e-01
7.390464e-01	-3.471191e-01
7.390720e-01	-3.467333e-01
7.390976e-01	-3.460545e-01
7.391232e-01	-3.454796e-01
7.391488e-01	-3.447815e-01
7.391744e-01	-3.440001e-01
7.392000e-01	-3.431255e-01
7.392256e-01	-3.422078e-01
7.392512e-01	-3.411930e-01
7.392768e-01	-3.401128e-01
7.393024e-01	-3.389320e-01
7.393280e-01	-3.377178e-01
7.393536e-01	-3.364830e-01
7.393792e-01	-3.349851e-01
7.394048e-01	-3.335336e-01
7.394304e-01	-3.320708e-01
7.394560e-01	-3.303387e-01
7.394816e-01	-3.287546e-01
7.395072e-01	-3.269197e-01
7.395328e-01	-3.251556e-01
7.395584e-01	-3.233283e-01
7.395840e-01	-3.212978e-01
7.396096e-01	-3.192633e-01
7.396352e-01	-3.172241e-01
7.396608e-01	-3.148710e-01
7.396864e-01	-3.127086e-01
7.397120e-01	-3.104926e-01
7.397376e-01	-3.080105e-01
7.397632e-01	-3.056237e-01
7.397888e-01	-3.030609e-01
7.398144e-01	-3.004210e-01
7.398400e-01	-2.978821e-01
7.398656e-01	-2.950452e-01
7.398912e-01	-2.923461e-01
7.399168e-01	-2.894721e-01
7.399424e-01	-2.866128e-01
7.399680e-01	-2.835231e-01
7.399936e-01	-2.806648e-01
7.400192e-01	-2.776366e-01
7.400448e-01	-2.743392e-01
7.400704e-01	-2.711889e-01
7.400960e-01	-2.678687e-01
7.401216e-01	-2.646298e-01
7.401472e-01	-2.613355e-01
7.401728e-01	-2.578658e-01
7.401984e-01	-2.544618e-01
7.402240e-01	-2.508828e-01
7.402496e-01	-2.471648e-01
7.402752e-01	-2.437254e-01
7.403008e-01	-2.400024e-01
7.403264e-01	-2.361730e-01
7.403520e-01	-2.324529e-01
7.403776e-01	-2.286364e-01
7.404032e-01	-2.248934e-01
7.404288e-01	-2.208170e-01
7.404544e-01	-2.168683e-01
7.404800e-01	-2.127718e-01
7.405056e-01	-2.088528e-01
7.405312e-01	-2.047946e-01
7.405568e-01	-2.005293e-01
7.405824e-01	-1.963632e-01
7.406080e-01	-1.920968e-01
7.406336e-01	-1.879372e-01
7.406592e-01	-1.836999e-01
7.406848e-01	-1.792709e-01
7.407104e-01	-1.750998e-01
7.407360e-01	-1.706821e-01
7.407616e-01	-1.662557e-01
7.407872e-01	-1.617451e-01
7.408128e-01	-1.574266e-01
7.408384e-01	-1.528156e-01
7.408640e-01	-1.481328e-01
7.408896e-01	-1.436636e-01
7.409152e-01	-1.390985e-01
7.409408e-01	-1.345386e-01
7.409664e-01	-1.298455e-01
7.409920e-01	-1.252450e-01
7.410176e-01	-1.205514e-01
7.410432e-01	-1.157860e-01
7.410688e-01	-1.112808e-01
7.410944e-01	-1.064469e-01
7.411200e-01	-1.017095e-01
7.411456e-01	-9.696932e-02
7.411712e-01	-9.214023e-02
7.411968e-01	-8.746991e-02
7.412224e-01	-8.272824e-02
7.412480e-01	-7.785382e-02
7.412736e-01	-7.308132e-02
7.412992e-01	-6.834558e-02
7.413248e-01	-6.358499e-02
7.413504e-01	-5.853462e-02
7.413760e-01	-5.391044e-02
7.414016e-01	-4.910230e-02
7.414272e-01	-4.420788e-02
7.414528e-01	-3.946258e-02
7.414784e-01	-3.463477e-02
7.415040e-01	-2.981417e-02
7.415296e-01	-2.500213e-02
7.415552e-01	-2.025370e-02
7.415808e-01	-1.545415e-02
7.416064e-01	-1.058368e-02
7.416320e-01	-5.825846e-03
7.416576e-01	-1.070066e-03
7.416832e-01	3.566243e-03
7.417088e-01	8.358694e-03
7.417344e-01	1.310498e-02
7.417600e-01	1.774890e-02
7.417856e-01	2.251156e-02
7.418112e-01	2.713761e-02
7.418368e-01	3.171410e-02
7.418624e-01	3.626535e-02
7.418880e-01	4.094744e-02
7.419136e-01	4.563855e-02
7.419392e-01	5.009993e-02
7.419648e-01	5.459455e-02
7.419904e-01	5.911658e-02
7.420160e-01	6.367410e-02
7.420416e-01	6.793778e-02
7.420672e-01	7.247692e-02
7.420928e-01	7.675309e-02
7.421184e-01	8.119401e-02
7.421440e-01	8.555172e-02
7.421696e-01	8.955133e-02
7.421952e-01	9.399285e-02
7.422208e-01	9.809212e-02
7.422464e-01	1.021545e-01
7.422720e-01	1.065338e-01
7.422976e-01	1.104117e-01
7.423232e-01	1.144832e-01
7.423488e-01	1.185711e-01
7.423744e-01	1.225045e-01
7.424000e-01	1.264298e-01
7.424256e-01	1.302611e-01
7.424512e-01	1.340919e-01
7.424768e-01	1.378159e-01
7.425024e-01	1.415787e-01
7.425280e-01	1.453209e-01
7.425536e-01	1.488548e-01
7.425792e-01	1.524698e-01
7.426048e-01	1.559574e-01
7.426304e-01	1.594035e-01
7.426560e-01	1.627949e-01
7.426816e-01	1.662719e-01
7.427072e-01	1.695141e-01
7.427328e-01	1.726684e-01
7.427584e-01	1.759452e-01
7.427840e-01	1.790517e-01
7.428096e-01	1.821494e-01
7.428352e-01	1.851603e-01
7.428608e-01	1.880840e-01
7.428864e-01	1.908993e-01
7.429120e-01	1.936726e-01
7.429376e-01	1.965547e-01
7.429632e-01	1.991229e-01
7.429888e-01	2.018317e-01
7.430144e-01	2.044641e-01
7.430400e-01	2.068539e-01
7.430656e-01	2.092677e-01
7.430912e-01	2.117118e-01
7.431168e-01	2.139500e-01
7.431424e-01	2.163123e-01
7.431680e-01	2.182941e-01
7.431936e-01	2.203575e-01
7.432192e-01	2.225034e-01
7.432448e-01	2.243782e-01
7.432704e-01	2.262850e-01
7.432960e-01	2.280905e-01
7.433216e-01	2.297832e-01
7.433472e-01	2.314719e-01
7.433728e-01	2.330593e-01
7.433984e-01	2.346673e-01
7.434240e-01	2.360362e-01
7.434496e-01	2.373812e-01
7.434752e-01	2.387036e-01
7.435008e-01	2.398663e-01
7.435264e-01	2.410752e-01
7.435520e-01	2.420979e-01
7.435776e-01	2.430006e-01
7.436032e-01	2.440387e-01
7.436288e-01	2.447535e-01
7.436544e-01	2.456572e-01
7.436800e-01	2.462789e-01
7.437056e-01	2.468618e-01
7.437312e-01	2.475250e-01
7.437568e-01	2.478825e-01
7.437824e-01	2.482511e-01
7.438080e-01	2.486206e-01
7.438336e-01	2.488265e-01
7.438592e-01	2.488820e-01
7.438848e-01	2.489573e-01
7.439104e-01	2.490507e-01
7.439360e-01	2.489392e-01
7.439616e-01	2.488592e-01
7.439872e-01	2.484549e-01
7.440128e-01	2.481774e-01
7.440384e-01	2.478632e-01
7.440640e-01	2.473262e-01
7.440896e-01	2.468055e-01
7.441152e-01	2.460954e-01
7.441408e-01	2.454430e-01
7.441664e-01	2.446182e-01
7.441920e-01	2.437662e-01
7.442176e-01	2.429339e-01
7.442432e-01	2.418974e-01
7.442688e-01	2.407928e-01
7.442944e-01	2.396289e-01
7.443200e-01	2.384483e-01
7.443456e-01	2.371189e-01
7.443712e-01	2.357654e-01
7.443968e-01	2.341597e-01
7.444224e-01	2.327235e-01
7.444480e-01	2.311035e-01
7.444736e-01	2.293450e-01
7.444992e-01	2.276939e-01
7.445248e-01	2.259760e-01
7.445504e-01	2.239280e-01
7.445760e-01	2.219893e-01
7.446016e-01	2.200638e-01
7.446272e-01	2.177538e-01
7.446528e-01	2.155713e-01
7.446784e-01	2.134687e-01
7.447040e-01	2.111023e-01
7.447296e-01	2.087493e-01
7.447552e-01	2.063772e-01
7.447808e-01	2.037877e-01
7.448064e-01	2.011753e-01
7.448320e-01	1.986763e-01
7.448576e-01	1.959239e-01
7.448832e-01	1.931630e-01
7.449088e-01	1.902557e-01
7.449344e-01	1.873890e-01
7.449600e-01	1.844502e-01
7.449856e-01	1.812736e-01
7.450112e-01	1.783189e-01
7.450368e-01	1.752578e-01
7.450624e-01	1.719735e-01
7.450880e-01	1.688480e-01
7.451136e-01	1.653740e-01
7.451392e-01	1.619689e-01
7.451648e-01	1.587595e-01
7.451904e-01	1.550992e-01
7.452160e-01	1.515508e-01
7.452416e-01	1.480460e-01
7.452672e-01	1.443476e-01
7.452928e-01	1.408233e-01
7.453184e-01	1.369046e-01
7.453440e-01	1.332282e-01
7.453696e-01	1.294181e-01
7.453952e-01	1.255475e-01
7.454208e-01	1.216303e-01
7.454464e-01	1.176066e-01
7.454720e-01	1.136757e-01
7.454976e-01	1.097366e-01
7.455232e-01	1.055394e-01
7.455488e-01	1.013164e-01
7.455744e-01	9.732789e-02
7.456000e-01	9.303857e-02
7.456256e-01	8.884638e-02
7.456512e-01	8.453280e-02
7.456768e-01	8.013189e-02
7.457024e-01	7.591113e-02
7.457280e-01	7.136497e-02
7.457536e-01	6.701301e-02
7.457792e-01	6.245675e-02
7.458048e-01	5.800347e-02
7.458304e-01	5.366484e-02
7.458560e-01	4.898552e-02
7.458816e-01	4.439180e-02
7.459072e-01	4.001034e-02
7.459328e-01	3.527885e-02
7.459584e-01	3.073673e-02
7.459840e-01	2.602453e-02
7.460096e-01	2.131093e-02
7.460352e-01	1.678408e-02
7.460608e-01	1.202347e-02
7.460864e-01	7.299957e-03
7.461120e-01	2.604707e-03
7.461376e-01	-2.184523e-03
7.461632e-01	-6.881406e-03
7.461888e-01	-1.166152e-02
7.462144e-01	-1.646744e-02
7.462400e-01	-2.128417e-02
7.462656e-01	-2.588762e-02
7.462912e-01	-3.082512e-02
7.463168e-01	-3.571995e-02
7.463424e-01	-4.042354e-02
7.463680e-01	-4.537351e-02
7.463936e-01	-5.005513e-02
7.464192e-01	-5.484021e-02
7.464448e-01	-5.976459e-02
7.464704e-01	-6.445354e-02
7.464960e-01	-6.928242e-02
7.465216e-01	-7.401561e-02
7.465472e-01	-7.888910e-02
7.465728e-01	-8.365405e-02
7.465984e-01	-8.849724e-02
7.466240e-01	-9.329331e-02
7.466496e-01	-9.798014e-02
7.466752e-01	-1.027668e-01
7.467008e-01	-1.074268e-01
7.467264e-01	-1.121086e-01
7.467520e-01	-1.168234e-01
7.467776e-01	-1.215001e-01
7.468032e-01	-1.261662e-01
7.468288e-01	-1.307305e-01
7.468544e-01	-1.353594e-01
7.468800e-01	-1.399205e-01
7.469056e-01	-1.445352e-01
7.469312e-01	-1.490735e-01
7.469568e-01	-1.536965e-01
7.469824e-01	-1.580188e-01
7.470080e-01	-1.626179e-01
7.470336e-01	-1.670586e-01
7.470592e-01	-1.714389e-01
7.470848e-01	-1.758037e-01
7.471104e-01	-1.802149e-01
7.471360e-01	-1.845352e-01
7.471616e-01	-1.886726e-01
7.471872e-01	-1.930503e-01
7.472128e-01	-1.971998e-01
7.472384e-01	-2.013270e-01
7.472640e-01	-2.055395e-01
7.472896e-01	-2.095433e-01
7.473152e-01	-2.135192e-01
7.473408e-01	-2.175673e-01
7.473664e-01	-2.215348e-01
7.473920e-01	-2.253653e-01
7.474176e-01	-2.293481e-01
7.474432e-01	-2.330923e-01
7.474688e-01	-2.368543e-01
7.474944e-01	-2.406410e-01
7.475200e-01	-2.443652e-01
7.475456e-01	-2.479846e-01
7.475712e-01	-2.515295e-01
7.475968e-01	-2.550422e-01
7.476224e-01	-2.585537e-01
7.476480e-01	-2.617995e-01
7.476736e-01	-2.652943e-01
7.476992e-01	-2.686549e-01
7.477248e-01	-2.719053e-01
7.477504e-01	-2.750190e-01
7.477760e-01	-2.781794e-01
7.478016e-01	-2.811863e-01
7.478272e-01	-2.841025e-01
7.478528e-01	-2.871874e-01
7.478784e-01	-2.900253e-01
7.479040e-01	-2.929485e-01
7.479296e-01	-2.956379e-01
7.479552e-01	-2.983788e-01
7.479808e-01	-3.010083e-01
7.480064e-01	-3.034400e-01
7.480320e-01	-3.060355e-01
7.480576e-01	-3.084948e-01
7.480832e-01	-3.108202e-01
7.481088e-01	-3.130935e-01
7.481344e-01	-3.154196e-01
7.481600e-01	-3.174331e-01
7.481856e-01	-3.196514e-01
7.482112e-01	-3.217429e-01
7.482368e-01	-3.236484e-01
7.482624e-01	-3.255303e-01
7.482880e-01	-3.273778e-01
7.483136e-01	-3.290535e-01
7.483392e-01	-3.307701e-01
7.483648e-01	-3.323923e-01
7.483904e-01	-3.337682e-01
7.484160e-01	-3.352233e-01
7.484416e-01	-3.366300e-01
7.484672e-01	-3.379835e-01
7.484928e-01	-3.392334e-01
7.485184e-01	-3.403047e-01
7.485440e-01	-3.414178e-01
7.485696e-01	-3.424256e-01
7.485952e-01	-3.433182e-01
7.486208e-01	-3.442141e-01
7.486464e-01	-3.449465e-01
7.486720e-01	-3.455054e-01
7.486976e-01	-3.462049e-01
7.487232e-01	-3.467459e-01
7.487488e-01	-3.472379e-01
7.487744e-01	-3.476826e-01
7.488000e-01	-3.478892e-01
7.488256e-01	-3.481134e-01
7.488512e-01	-3.483732e-01
7.488768e-01	-3.483436e-01
7.489024e-01	-3.483652e-01
7.489280e-01	-3.482110e-01
7.489536e-01	-3.482266e-01
7.489792e-01	-3.479120e-01
7.490048e-01	-3.475879e-01
7.490304e-01	-3.472489e-01
7.490560e-01	-3.467453e-01
7.490816e-01	-3.462116e-01
7.491072e-01	-3.454611e-01
7.491328e-01	-3.448612e-01
7.491584e-01	-3.440810e-01
7.491840e-01	-3.431648e-01
7.492096e-01	-3.422737e-01
7.492352e-01	-3.413621e-01
7.492608e-01	-3.401788e-01
7.492864e-01	-3.389368e-01
7.493120e-01	-3.379705e-01
7.493376e-01	-3.364543e-01
7.493632e-01	-3.351588e-01
7.493888e-01	-3.337959e-01
7.494144e-01	-3.321967e-01
7.494400e-01	-3.305941e-01
7.494656e-01	-3.289500e-01
7.494912e-01	-3.272420e-01
7.495168e-01	-3.254032e-01
7.495424e-01	-3.235107e-01
7.495680e-01	-3.214334e-01
7.495936e-01	-3.195517e-01
7.496192e-01	-3.174249e-01
7.496448e-01	-3.150988e-01
7.496704e-01	-3.129738e-01
7.496960e-01	-3.106113e-01
7.497216e-01	-3.082273e-01
7.497472e-01	-3.057998e-01
7.497728e-01	-3.032847e-01
7.497984e-01	-3.006690e-01
7.498240e-01	-2.981779e-01
7.498496e-01	-2.953946e-01
7.498752e-01	-2.926936e-01
7.499008e-01	-2.898574e-01
7.499264e-01	-2.867970e-01
7.499520e-01	-2.840472e-01
7.499776e-01	-2.810208e-01
7.500032e-01	-2.778392e-01
7.500288e-01	-2.747262e-01
7.500544e-01	-2.714850e-01
7.500800e-01	-2.683096e-01
7.501056e-01	-2.649620e-01
7.501312e-01	-2.616498e-01
7.501568e-01	-2.581770e-01
7.501824e-01	-2.547649e-01
7.502080e-01	-2.511642e-01
7.502336e-01	-2.475889e-01
7.502592e-01	-2.440552e-01
7.502848e-01	-2.402331e-01
7.503104e-01	-2.366113e-01
7.503360e-01	-2.328953e-01
7.503616e-01	-2.289176e-01
7.503872e-01	-2.251171e-01
7.504128e-01	-2.212015e-01
7.504384e-01	-2.172692e-01
7.504640e-01	-2.131435e-01
7.504896e-01	-2.091974e-01
7.505152e-01	-2.049990e-01
7.505408e-01	-2.009185e-01
7.505664e-01	-1.968495e-01
7.505920e-01	-1.925266e-01
7.506176e-01	-1.883696e-01
7.506432e-01	-1.840602e-01
7.506688e-01	-1.796512e-01
7.506944e-01	-1.754413e-01
7.507200e-01	-1.710054e-01
7.507456e-01	-1.666456e-01
7.507712e-01	-1.621043e-01
7.507968e-01	-1.576357e-01
7.508224e-01	-1.532938e-01
7.508480e-01	-1.485866e-01
7.508736e-01	-1.440734e-01
7.508992e-01	-1.395556e-01
7.509248e-01	-1.350189e-01
7.509504e-01	-1.304127e-01
7.509760e-01	-1.256054e-01
7.510016e-01	-1.210580e-01
7.510272e-01	-1.162796e-01
7.510528e-01	-1.116096e-01
7.510784e-01	-1.068203e-01
7.511040e-01	-1.021287e-01
7.511296e-01	-9.746512e-02
7.511552e-01	-9.258959e-02
7.511808e-01	-8.793285e-02
7.512064e-01	-8.311488e-02
7.512320e-01	-7.824233e-02
7.512576e-01	-7.361806e-02
7.512832e-01	-6.862743e-02
7.513088e-01	-6.397799e-02
7.513344e-01	-5.914046e-02
7.513600e-01	-5.428017e-02
7.513856e-01	-4.954443e-02
7.514112e-01	-4.462117e-02
7.514368e-01	-3.985566e-02
7.514624e-01	-3.512132e-02
7.514880e-01	-3.030859e-02
7.515136e-01	-2.547942e-02
7.515392e-01	-2.071496e-02
7.515648e-01	-1.594549e-02
7.515904e-01	-1.110904e-02
7.516160e-01	-6.291498e-03
7.516416e-01	-1.667188e-03
7.516672e-01	3.030513e-03
7.516928e-01	7.980844e-03
7.517184e-01	1.252411e-02
7.517440e-01	1.719351e-02
7.517696e-01	2.196976e-02
7.517952e-01	2.664098e-02
7.518208e-01	3.117592e-02
7.518464e-01	3.584097e-02
7.518720e-01	4.045743e-02
7.518976e-01	4.513337e-02
7.519232e-01	4.971322e-02
7.519488e-01	5.416009e-02
7.519744e-01	5.862058e-02
7.520000e-01	6.303963e-02
7.520256e-01	6.758914e-02
7.520512e-01	7.202620e-02
7.520768e-01	7.631453e-02
7.521024e-01	8.060718e-02
7.521280e-01	8.499592e-02
7.521536e-01	8.943176e-02
7.521792e-01	9.346560e-02
7.522048e-01	9.774885e-02
7.522304e-01	1.018635e-01
7.522560e-01	1.060295e-01
7.522816e-01	1.101838e-01
7.523072e-01	1.141186e-01
7.523328e-01	1.181374e-01
7.523584e-01	1.220421e-01
7.523840e-01	1.259608e-01
7.524096e-01	1.299173e-01
7.524352e-01	1.336746e-01
7.524608e-01	1.373767e-01
7.524864e-01	1.412590e-01
7.525120e-01	1.449794e-01
7.525376e-01	1.484883e-01
7.525632e-01	1.520482e-01
7.525888e-01	1.556055e-01
7.526144e-01	1.590981e-01
7.526400e-01	1.624810e-01
7.526656e-01	1.658281e-01
7.526912e-01	1.691542e-01
7.527168e-01	1.724607e-01
7.527424e-01	1.754730e-01
7.527680e-01	1.787223e-01
7.527936e-01	1.818028e-01
7.528192e-01	1.848431e-01
7.528448e-01	1.877388e-01
7.528704e-01	1.906243e-01
7.528960e-01	1.935087e-01
7.529216e-01	1.963354e-01
7.529472e-01	1.989525e-01
7.529728e-01	2.015400e-01
7.529984e-01	2.041929e-01
7.530240e-01	2.065381e-01
7.530496e-01	2.090975e-01
7.530752e-01	2.115130e-01
7.531008e-01	2.136421e-01
7.531264e-01	2.160147e-01
7.531520e-01	2.181930e-01
7.531776e-01	2.204040e-01
7.532032e-01	2.223035e-01
7.532288e-01	2.241943e-01
7.532544e-01	2.261385e-01
7.532800e-01	2.279600e-01
7.533056e-01	2.295961e-01
7.533312e-01	2.313578e-01
7.533568e-01	2.329440e-01
7.533824e-01	2.343844e-01
7.534080e-01	2.358668e-01
7.534336e-01	2.373407e-01
7.534592e-01	2.386195e-01
7.534848e-01	2.397350e-01
7.535104e-01	2.408380e-01
7.535360e-01	2.420171e-01
7.535616e-01	2.428552e-01
7.535872e-01	2.438609e-01
7.536128e-01	2.447295e-01
7.536384e-01	2.454835e-01
7.536640e-01	2.462537e-01
7.536896e-01	2.467770e-01
7.537152e-01	2.474819e-01
7.537408e-01	2.478987e-01
7.537664e-01	2.482963e-01
7.537920e-01	2.486401e-01
7.538176e-01	2.486787e-01
7.538432e-01	2.490901e-01
7.538688e-01	2.490142e-01
7.538944e-01	2.489777e-01
7.539200e-01	2.489337e-01
7.539456e-01	2.486601e-01
7.539712e-01	2.484335e-01
7.539968e-01	2.483118e-01
7.540224e-01	2.479367e-01
7.540480e-01	2.473814e-01
7.540736e-01	2.467992e-01
7.540992e-01	2.462091e-01
7.541248e-01	2.454468e-01
7.541504e-01	2.447822e-01
7.541760e-01	2.439196e-01
7.542016e-01	2.429047e-01
7.542272e-01	2.420732e-01
7.542528e-01	2.408451e-01
7.542784e-01	2.397271e-01
7.543040e-01	2.386312e-01
7.543296e-01	2.371852e-01
7.543552e-01	2.358492e-01
7.543808e-01	2.343661e-01
7.544064e-01	2.329930e-01
7.544320e-01	2.312037e-01
7.544576e-01	2.296559e-01
7.544832e-01	2.278482e-01
7.545088e-01	2.260347e-01
7.545344e-01	2.241514e-01
7.545600e-01	2.221012e-01
7.545856e-01	2.201895e-01
7.546112e-01	2.180288e-01
7.546368e-01	2.158470e-01
7.546624e-01	2.136745e-01
7.546880e-01	2.113683e-01
7.547136e-01	2.089646e-01
7.547392e-01	2.065338e-01
7.547648e-01	2.040108e-01
7.547904e-01	2.014598e-01
7.548160e-01	1.988113e-01
7.548416e-01	1.959617e-01
7.548672e-01	1.934400e-01
7.548928e-01	1.904590e-01
7.549184e-01	1.875432e-01
7.549440e-01	1.847422e-01
7.549696e-01	1.815997e-01
7.549952e-01	1.785706e-01
7.550208e-01	1.754481e-01
7.550464e-01	1.722807e-01
7.550720e-01	1.690070e-01
7.550976e-01	1.656913e-01
7.551232e-01	1.624507e-01
7.551488e-01	1.589645e-01
7.551744e-01	1.555375e-01
7.552000e-01	1.519873e-01
7.552256e-01	1.484036e-01
7.552512e-01	1.447119e-01
7.552768e-01	1.411430e-01
7.553024e-01	1.373936e-01
7.553280e-01	1.335877e-01
7.553536e-01	1.297340e-01
7.553792e-01	1.257799e-01
7.554048e-01	1.220077e-01
7.554304e-01	1.179825e-01
7.554560e-01	1.139341e-01
7.554816e-01	1.100457e-01
7.555072e-01	1.058120e-01
7.555328e-01	1.016953e-01
7.555584e-01	9.759448e-02
7.555840e-01	9.343601e-02
7.556096e-01	8.912857e-02
7.556352e-01	8.487792e-02
7.556608e-01	8.059546e-02
7.556864e-01	7.617573e-02
7.557120e-01	7.173483e-02
7.557376e-01	6.734208e-02
7.557632e-01	6.292537e-02
7.557888e-01	5.856586e-02
7.558144e-01	5.404114e-02
7.558400e-01	4.944842e-02
7.558656e-01	4.493377e-02
7.558912e-01	4.041683e-02
7.559168e-01	3.588057e-02
7.559424e-01	3.115533e-02
7.559680e-01	2.642819e-02
7.559936e-01	2.180675e-02
7.560192e-01	1.708518e-02
7.560448e-01	1.252761e-02
7.560704e-01	7.734640e-03
7.560960e-01	3.070193e-03
7.561216e-01	-1.762981e-03
7.561472e-01	-6.557515e-03
7.561728e-01	-1.109195e-02
7.561984e-01	-1.596245e-02
7.562240e-01	-2.079700e-02
7.562496e-01	-2.556186e-02
7.562752e-01	-3.035954e-02
7.563008e-01	-3.512146e-02
7.563264e-01	-3.998802e-02
7.563520e-01	-4.483927e-02
7.563776e-01	-4.956885e-02
7.564032e-01	-5.434258e-02
7.564288e-01	-5.921827e-02
7.564544e-01	-6.396814e-02
7.564800e-01	-6.877980e-02
7.565056e-01	-7.357267e-02
7.565312e-01	-7.836189e-02
7.565568e-01	-8.315369e-02
7.565824e-01	-8.802312e-02
7.566080e-01	-9.273844e-02
7.566336e-01	-9.747170e-02
7.566592e-01	-1.022176e-01
7.566848e-01	-1.070438e-01
7.567104e-01	-1.117362e-01
7.567360e-01	-1.164211e-01
7.567616e-01	-1.210192e-01
7.567872e-01	-1.257201e-01
7.568128e-01	-1.303435e-01
7.568384e-01	-1.349088e-01
7.568640e-01	-1.395318e-01
7.568896e-01	-1.441102e-01
7.569152e-01	-1.485714e-01
7.569408e-01	-1.532070e-01
7.569664e-01	-1.577182e-01
7.569920e-01	-1.621823e-01
7.570176e-01	-1.666571e-01
7.570432e-01	-1.710595e-01
7.570688e-01	-1.753751e-01
7.570944e-01	-1.797867e-01
7.571200e-01	-1.839823e-01
7.571456e-01	-1.883223e-01
7.571712e-01	-1.926433e-01
7.571968e-01	-1.968021e-01
7.572224e-01	-2.009750e-01
7.572480e-01	-2.050406e-01
7.572736e-01	-2.091540e-01
7.572992e-01	-2.131636e-01
7.573248e-01	-2.171582e-01
7.573504e-01	-2.212659e-01
7.573760e-01	-2.250261e-01
7.574016e-01	-2.289267e-01
7.574272e-01	-2.328325e-01
7.574528e-01	-2.365267e-01
7.574784e-01	-2.402901e-01
7.575040e-01	-2.440107e-01
7.575296e-01	-2.475481e-01
7.575552e-01	-2.512205e-01
7.575808e-01	-2.546053e-01
7.576064e-01	-2.581309e-01
7.576320e-01	-2.616725e-01
7.576576e-01	-2.649801e-01
7.576832e-01	-2.682519e-01
7.577088e-01	-2.714390e-01
7.577344e-01	-2.746845e-01
7.577600e-01	-2.779073e-01
7.577856e-01	-2.809323e-01
7.578112e-01	-2.839777e-01
7.578368e-01	-2.868727e-01
7.578624e-01	-2.897510e-01
7.578880e-01	-2.926663e-01
7.579136e-01	-2.953191e-01
7.579392e-01	-2.979879e-01
7.579648e-01	-3.007989e-01
7.579904e-01	-3.033800e-01
7.580160e-01	-3.058222e-01
7.580416e-01	-3.082283e-01
7.580672e-01	-3.106518e-01
7.580928e-01	-3.129722e-01
7.581184e-01	-3.152617e-01
7.581440e-01	-3.173743e-01
7.581696e-01	-3.194566e-01
7.581952e-01	-3.214903e-01
7.582208e-01	-3.234740e-01
7.582464e-01	-3.252567e-01
7.582720e-01	-3.271559e-01
7.582976e-01	-3.288564e-01
7.583232e-01	-3.305145e-01
7.583488e-01	-3.322157e-01
7.583744e-01	-3.337237e-01
7.584000e-01	-3.352009e-01
7.584256e-01	-3.365461e-01
7.584512e-01	-3.377839e-01
7.584768e-01	-3.390370e-01
7.585024e-01	-3.402023e-01
7.585280e-01	-3.412077e-01
7.585536e-01	-3.423320e-01
7.585792e-01	-3.433140e-01
7.586048e-01	-3.439729e-01
7.586304e-01	-3.448757e-01
7.586560e-01	-3.456006e-01
7.586816e-01	-3.461217e-01
7.587072e-01	-3.465525e-01
7.587328e-01	-3.471411e-01
7.587584e-01	-3.474989e-01
7.587840e-01	-3.479157e-01
7.588096e-01	-3.480745e-01
7.588352e-01	-3.481445e-01
7.588608e-01	-3.483928e-01
7.588864e-01	-3.482935e-01
7.589120e-01	-3.482071e-01
7.589376e-01	-3.481909e-01
7.589632e-01	-3.478062e-01
7.589888e-01	-3.475109e-01
7.590144e-01	-3.471921e-01
7.590400e-01	-3.467760e-01
7.590656e-01	-3.462131e-01
7.590912e-01	-3.455913e-01
7.591168e-01	-3.449322e-01
7.591424e-01	-3.441252e-01
7.591680e-01	-3.432787e-01
7.591936e-01	-3.424320e-01
7.592192e-01	-3.413734e-01
7.592448e-01	-3.403170e-01
7.592704e-01	-3.390826e-01
7.592960e-01	-3.379614e-01
7.593216e-01	-3.366269e-01
7.593472e-01	-3.352474e-01
7.593728e-01	-3.339061e-01
7.593984e-01	-3.323347e-01
7.594240e-01	-3.307317e-01
7.594496e-01	-3.290296e-01
7.594752e-01	-3.272946e-01
7.595008e-01	-3.255080e-01
7.595264e-01	-3.235966e-01
7.595520e-01	-3.217099e-01
7.595776e-01	-3.196534e-01
7.596032e-01	-3.175150e-01
7.596288e-01	-3.153129e-01
7.596544e-01	-3.132305e-01
7.596800e-01	-3.108644e-01
7.597056e-01	-3.083971e-01
7.597312e-01	-3.060781e-01
7.597568e-01	-3.035933e-01
7.597824e-01	-3.009225e-01
7.598080e-01	-2.982745e-01
7.598336e-01	-2.955550e-01
7.598592e-01	-2.928609e-01
7.598848e-01	-2.900111e-01
7.599104e-01	-2.871750e-01
7.599360e-01	-2.842370e-01
7.599616e-01	-2.812954e-01
7.599872e-01	-2.781472e-01
7.600128e-01	-2.750150e-01
7.600384e-01	-2.718707e-01
7.600640e-01	-2.685620e-01
7.600896e-01	-2.652340e-01
7.601152e-01	-2.618870e-01
7.601408e-01	-2.585012e-01
7.601664e-01	-2.550119e-01
7.601920e-01	-2.514829e-01
7.602176e-01	-2.479903e-01
7.602432e-01	-2.442703e-01
7.602688e-01	-2.406066e-01
7.602944e-01	-2.369831e-01
7.603200e-01	-2.331711e-01
7.603456e-01	-2.293052e-01
7.603712e-01	-2.254329e-01
7.603968e-01	-2.215297e-01
7.604224e-01	-2.176756e-01
7.604480e-01	-2.135619e-01
7.604736e-01	-2.096004e-01
7.604992e-01	-2.054887e-01
7.605248e-01	-2.014130e-01
7.605504e-01	-1.971135e-01
7.605760e-01	-1.929748e-01
7.606016e-01	-1.886910e-01
7.606272e-01	-1.844407e-01
7.606528e-01	-1.801903e-01
7.606784e-01	-1.757153e-01
7.607040e-01	-1.715528e-01
7.607296e-01	-1.670390e-01
7.607552e-01	-1.625143e-01
7.607808e-01	-1.581693e-01
7.608064e-01	-1.536031e-01
7.608320e-01	-1.490787e-01
7.608576e-01	-1.445367e-01
7.608832e-01	-1.399211e-01
7.609088e-01	-1.353626e-01
7.609344e-01	-1.306780e-01
7.609600e-01	-1.260706e-01
7.609856e-01	-1.214772e-01
7.610112e-01	-1.167034e-01
7.610368e-01	-1.121424e-01
7.610624e-01	-1.073330e-01
7.610880e-01	-1.026337e-01
7.611136e-01	-9.785005e-02
7.611392e-01	-9.317153e-02
7.611648e-01	-8.840320e-02
7.611904e-01	-8.352075e-02
7.612160e-01	-7.868819e-02
7.612416e-01	-7.400608e-02
7.612672e-01	-6.921362e-02
7.612928e-01	-6.441136e-02
7.613184e-01	-5.969157e-02
7.613440e-01	-5.479529e-02
7.613696e-01	-4.993502e-02
7.613952e-01	-4.523304e-02
7.614208e-01	-4.031891e-02
7.614464e-01	-3.557567e-02
7.614720e-01	-3.079566e-02
7.614976e-01	-2.599242e-02
7.615232e-01	-2.111030e-02
7.615488e-01	-1.636951e-02
7.615744e-01	-1.149099e-02
7.616000e-01	-6.698380e-03
7.616256e-01	-2.109642e-03
7.616512e-01	2.648242e-03
7.616768e-01	7.459603e-03
7.617024e-01	1.211921e-02
7.617280e-01	1.686528e-02
7.617536e-01	2.151831e-02
7.617792e-01	2.619565e-02
7.618048e-01	3.080848e-02
7.618304e-01	3.543785e-02
7.618560e-01	4.013457e-02
7.618816e-01	4.462993e-02
7.619072e-01	4.920581e-02
7.619328e-01	5.375426e-02
7.619584e-01	5.824067e-02
7.619840e-01	6.280319e-02
7.620096e-01	6.709802e-02
7.620352e-01	7.158730e-02
7.620608e-01	7.595733e-02
7.620864e-01	8.036293e-02
7.621120e-01	8.462472e-02
7.621376e-01	8.880430e-02
7.621632e-01	9.314739e-02
7.621888e-01	9.729542e-02
7.622144e-01	1.015483e-01
7.622400e-01	1.056991e-01
7.622656e-01	1.096457e-01
7.622912e-01	1.138772e-01
7.623168e-01	1.178492e-01
7.623424e-01	1.218012e-01
7.623680e-01	1.255821e-01
7.623936e-01	1.294857e-01
7.624192e-01	1.334567e-01
7.624448e-01	1.371402e-01
7.624704e-01	1.408293e-01
7.624960e-01	1.445292e-01
7.625216e-01	1.481762e-01
7.625472e-01	1.518114e-01
7.625728e-01	1.553209e-01
7.625984e-01	1.587284e-01
7.626240e-01	1.620913e-01
7.626496e-01	1.656264e-01
7.626752e-01	1.689148e-01
7.627008e-01	1.721197e-01
7.627264e-01	1.753781e-01
7.627520e-01	1.784459e-01
7.627776e-01	1.815145e-01
7.628032e-01	1.845538e-01
7.628288e-01	1.874442e-01
7.628544e-01	1.903454e-01
7.628800e-01	1.931755e-01
7.629056e-01	1.960142e-01
7.629312e-01	1.987260e-01
7.629568e-01	2.012363e-01
7.629824e-01	2.039296e-01
7.630080e-01	2.064407e-01
7.630336e-01	2.087935e-01
7.630592e-01	2.113176e-01
7.630848e-01	2.134303e-01
7.631104e-01	2.157869e-01
7.631360e-01	2.179567e-01
7.631616e-01	2.199480e-01
7.631872e-01	2.220779e-01
7.632128e-01	2.240193e-01
7.632384e-01	2.258597e-01
7.632640e-01	2.278678e-01
7.632896e-01	2.295100e-01
7.633152e-01	2.311878e-01
7.633408e-01	2.326592e-01
7.633664e-01	2.342866e-01
7.633920e-01	2.359030e-01
7.634176e-01	2.370811e-01
7.634432e-01	2.384437e-01
7.634688e-01	2.396967e-01
7.634944e-01	2.408611e-01
7.635200e-01	2.419465e-01
7.635456e-01	2.429377e-01
7.635712e-01	2.438393e-01
7.635968e-01	2.446576e-01
7.636224e-01	2.454616e-01
7.636480e-01	2.461983e-01
7.636736e-01	2.468174e-01
7.636992e-01	2.472258e-01
7.637248e-01	2.478969e-01
7.637504e-01	2.482283e-01
7.637760e-01	2.485400e-01
7.638016e-01	2.486785e-01
7.638272e-01	2.489370e-01
7.638528e-01	2.491158e-01
7.638784e-01	2.489330e-01
7.639040e-01	2.489055e-01
7.639296e-01	2.487957e-01
7.639552e-01	2.486274e-01
7.639808e-01	2.483402e-01
7.640064e-01	2.479793e-01
7.640320e-01	2.474839e-01
7.640576e-01	2.468613e-01
7.640832e-01	2.463433e-01
7.641088e-01	2.455437e-01
7.641344e-01	2.447797e-01
7.641600e-01	2.439426e-01
7.641856e-01	2.431315e-01
7.642112e-01	2.420894e-01
7.642368e-01	2.409231e-01
7.642624e-01	2.398736e-01
7.642880e-01	2.386635e-01
7.643136e-01	2.373792e-01
7.643392e-01	2.360698e-01
7.643648e-01	2.345639e-01
7.643904e-01	2.330339e-01
7.644160e-01	2.313641e-01
7.644416e-01	2.297533e-01
7.644672e-01	2.280330e-01
7.644928e-01	2.262713e-01
7.645184e-01	2.242901e-01
7.645440e-01	2.223920e-01
7.645696e-01	2.203910e-01
7.645952e-01	2.181444e-01
7.646208e-01	2.161095e-01
7.646464e-01	2.140106e-01
7.646720e-01	2.116971e-01
7.646976e-01	2.092217e-01
7.647232e-01	2.067355e-01
7.647488e-01	2.044154e-01
7.647744e-01	2.017511e-01
7.648000e-01	1.990841e-01
7.648256e-01	1.963406e-01
7.648512e-01	1.935417e-01
7.648768e-01	1.907633e-01
7.649024e-01	1.880312e-01
7.649280e-01	1.849131e-01
7.649536e-01	1.819137e-01
7.649792e-01	1.789550e-01
7.650048e-01	1.758262e-01
7.650304e-01	1.725218e-01
7.650560e-01	1.692638e-01
7.650816e-01	1.659166e-01
7.651072e-01	1.626641e-01
7.651328e-01	1.593484e-01
7.651584e-01	1.557612e-01
7.651840e-01	1.523465e-01
7.652096e-01	1.488015e-01
7.652352e-01	1.450053e-01
7.652608e-01	1.414867e-01
7.652864e-01	1.377419e-01
7.653120e-01	1.338468e-01
7.653376e-01	1.300872e-01
7.653632e-01	1.263807e-01
7.653888e-01	1.222898e-01
7.654144e-01	1.183920e-01
7.654400e-01	1.144023e-01
7.654656e-01	1.103461e-01
7.654912e-01	1.063724e-01
7.655168e-01	1.021837e-01
7.655424e-01	9.805530e-02
7.655680e-01	9.371328e-02
7.655936e-01	8.948725e-02
7.656192e-01	8.527216e-02
7.656448e-01	8.094979e-02
7.656704e-01	7.671077e-02
7.656960e-01	7.220791e-02
7.657216e-01	6.788924e-02
7.657472e-01	6.344379e-02
7.657728e-01	5.884518e-02
7.657984e-01	5.431707e-02
7.658240e-01	4.997110e-02
7.658496e-01	4.544160e-02
7.658752e-01	4.076695e-02
7.659008e-01	3.623476e-02
7.659264e-01	3.159290e-02
7.659520e-01	2.690879e-02
7.659776e-01	2.242272e-02
7.660032e-01	1.752953e-02
7.660288e-01	1.292911e-02
7.660544e-01	8.289299e-03
7.660800e-01	3.480669e-03
7.661056e-01	-1.203525e-03
7.661312e-01	-6.031381e-03
7.661568e-01	-1.083368e-02
7.661824e-01	-1.553722e-02
7.662080e-01	-2.027338e-02
7.662336e-01	-2.505661e-02
7.662592e-01	-2.992491e-02
7.662848e-01	-3.478043e-02
7.663104e-01	-3.963467e-02
7.663360e-01	-4.438886e-02
7.663616e-01	-4.918352e-02
7.663872e-01	-5.393092e-02
7.664128e-01	-5.881784e-02
7.664384e-01	-6.350515e-02
7.664640e-01	-6.835182e-02
7.664896e-01	-7.314224e-02
7.665152e-01	-7.799934e-02
7.665408e-01	-8.277993e-02
7.665664e-01	-8.753782e-02
7.665920e-01	-9.228490e-02
7.666176e-01	-9.708969e-02
7.666432e-01	-1.018079e-01
7.666688e-01	-1.064490e-01
7.666944e-01	-1.112821e-01
7.667200e-01	-1.159304e-01
7.667456e-01	-1.205871e-01
7.667712e-01	-1.252392e-01
7.667968e-01	-1.298493e-01
7.668224e-01	-1.345842e-01
7.668480e-01	-1.391077e-01
7.668736e-01	-1.437419e-01
7.668992e-01	-1.482613e-01
7.669248e-01	-1.528137e-01
7.669504e-01	-1.572917e-01
7.669760e-01	-1.618191e-01
7.670016e-01	-1.662430e-01
7.670272e-01	-1.706374e-01
7.670528e-01	-1.750610e-01
7.670784e-01	-1.793310e-01
7.671040e-01	-1.836774e-01
7.671296e-01	-1.880403e-01
7.671552e-01	-1.922227e-01
7.671808e-01	-1.964798e-01
7.672064e-01	-2.006757e-01
7.672320e-01	-2.047610e-01
7.672576e-01	-2.088798e-01
7.672832e-01	-2.129187e-01
7.673088e-01	-2.169160e-01
7.673344e-01	-2.208886e-01
7.673600e-01	-2.247571e-01
7.673856e-01	-2.287356e-01
7.674112e-01	-2.325405e-01
7.674368e-01	-2.361876e-01
7.674624e-01	-2.398910e-01
7.674880e-01	-2.436978e-01
7.675136e-01	-2.471645e-01
7.675392e-01	-2.508584e-01
7.675648e-01	-2.544711e-01
7.675904e-01	-2.579122e-01
7.676160e-01	-2.613275e-01
7.676416e-01	-2.646849e-01
7.676672e-01	-2.679648e-01
7.676928e-01	-2.712958e-01
7.677184e-01	-2.744133e-01
7.677440e-01	-2.775248e-01
7.677696e-01	-2.806152e-01
7.677952e-01	-2.836430e-01
7.678208e-01	-2.867019e-01
7.678464e-01	-2.894999e-01
7.678720e-01	-2.922962e-01
7.678976e-01	-2.952375e-01
7.679232e-01	-2.978802e-01
7.679488e-01	-3.005576e-01
7.679744e-01	-3.030284e-01
7.680000e-01	-3.056732e-01
7.680256e-01	-3.080710e-01
7.680512e-01	-3.104629e-01
7.680768e-01	-3.127791e-01
7.681024e-01	-3.149993e-01
7.681280e-01	-3.171354e-01
7.681536e-01	-3.192759e-01
7.681792e-01	-3.213464e-01
7.682048e-01	-3.231889e-01
7.682304e-01	-3.251877e-01
7.682560e-01	-3.269422e-01
7.682816e-01	-3.287212e-01
7.683072e-01	-3.303981e-01
7.683328e-01	-3.320267e-01
7.683584e-01	-3.337244e-01
7.683840e-01	-3.350922e-01
7.684096e-01	-3.364507e-01
7.684352e-01	-3.378121e-01
7.684608e-01	-3.389174e-01
7.684864e-01	-3.400785e-01
7.685120e-01	-3.413137e-01
7.685376e-01	-3.421557e-01
7.685632e-01	-3.432125e-01
7.685888e-01	-3.440242e-01
7.686144e-01	-3.448375e-01
7.686400e-01	-3.455893e-01
7.686656e-01	-3.460888e-01
7.686912e-01	-3.466859e-01
7.687168e-01	-3.471784e-01
7.687424e-01	-3.475828e-01
7.687680e-01	-3.479226e-01
7.687936e-01	-3.480495e-01
7.688192e-01	-3.483762e-01
7.688448e-01	-3.483410e-01
7.688704e-01	-3.483140e-01
7.688960e-01	-3.483959e-01
7.689216e-01	-3.481809e-01
7.689472e-01	-3.479678e-01
7.689728e-01	-3.476210e-01
7.689984e-01	-3.473001e-01
7.690240e-01	-3.468606e-01
7.690496e-01	-3.462363e-01
7.690752e-01	-3.457839e-01
7.691008e-01	-3.449389e-01
7.691264e-01	-3.442835e-01
7.691520e-01	-3.434393e-01
7.691776e-01	-3.424330e-01
7.692032e-01	-3.415651e-01
7.692288e-01	-3.404152e-01
7.692544e-01	-3.392561e-01
7.692800e-01	-3.381433e-01
7.693056e-01	-3.367305e-01
7.693312e-01	-3.354861e-01
7.693568e-01	-3.339760e-01
7.693824e-01	-3.324331e-01
7.694080e-01	-3.307918e-01
7.694336e-01	-3.292123e-01
7.694592e-01	-3.276034e-01
7.694848e-01	-3.256600e-01
7.695104e-01	-3.238646e-01
7.695360e-01	-3.219250e-01
7.695616e-01	-3.198543e-01
7.695872e-01	-3.177568e-01
7.696128e-01	-3.155685e-01
7.696384e-01	-3.133739e-01
7.696640e-01	-3.110001e-01
7.696896e-01	-3.087114e-01
7.697152e-01	-3.062577e-01
7.697408e-01	-3.038745e-01
7.697664e-01	-3.012711e-01
7.697920e-01	-2.986024e-01
7.698176e-01	-2.959791e-01
7.698432e-01	-2.931692e-01
7.698688e-01	-2.904038e-01
7.698944e-01	-2.875104e-01
7.699200e-01	-2.845191e-01
7.699456e-01	-2.815955e-01
7.699712e-01	-2.784170e-01
7.699968e-01	-2.753858e-01
7.700224e-01	-2.721215e-01
7.700480e-01	-2.689148e-01
7.700736e-01	-2.656047e-01
7.700992e-01	-2.622647e-01
7.701248e-01	-2.588774e-01
7.701504e-01	-2.554723e-01
7.701760e-01	-2.519108e-01
7.702016e-01	-2.482196e-01
7.702272e-01	-2.446736e-01
7.702528e-01	-2.409876e-01
7.702784e-01	-2.372562e-01
7.703040e-01	-2.335764e-01
7.703296e-01	-2.296840e-01
7.703552e-01	-2.259196e-01
7.703808e-01	-2.219686e-01
7.704064e-01	-2.179135e-01
7.704320e-01	-2.140438e-01
7.704576e-01	-2.100323e-01
7.704832e-01	-2.058513e-01
7.705088e-01	-2.018508e-01
7.705344e-01	-1.975492e-01
7.705600e-01	-1.934290e-01
7.705856e-01	-1.892111e-01
7.706112e-01	-1.848529e-01
7.706368e-01	-1.805413e-01
7.706624e-01	-1.763179e-01
7.706880e-01	-1.719675e-01
7.707136e-01	-1.673851e-01
7.707392e-01	-1.629761e-01
7.707648e-01	-1.585255e-01
7.707904e-01	-1.540217e-01
7.708160e-01	-1.495586e-01
7.708416e-01	-1.449759e-01
7.708672e-01	-1.404627e-01
7.708928e-01	-1.359060e-01
7.709184e-01	-1.312960e-01
7.709440e-01	-1.266245e-01
7.709696e-01	-1.219105e-01
7.709952e-01	-1.172728e-01
7.710208e-01	-1.126663e-01
7.710464e-01	-1.077704e-01
7.710720e-01	-1.031536e-01
7.710976e-01	-9.843018e-02
7.711232e-01	-9.358811e-02
7.711488e-01	-8.892367e-02
7.711744e-01	-8.407617e-02
7.712000e-01	-7.930495e-02
7.712256e-01	-7.452899e-02
7.712512e-01	-6.962428e-02
7.712768e-01	-6.489185e-02
7.713024e-01	-6.002372e-02
7.713280e-01	-5.536794e-02
7.713536e-01	-5.044091e-02
7.713792e-01	-4.573490e-02
7.714048e-01	-4.088380e-02
7.714304e-01	-3.597385e-02
7.714560e-01	-3.114862e-02
7.714816e-01	-2.638671e-02
7.715072e-01	-2.175760e-02
7.715328e-01	-1.683027e-02
7.715584e-01	-1.211007e-02
7.715840e-01	-7.353099e-03
7.716096e-01	-2.509461e-03
7.716352e-01	2.221971e-03
7.716608e-01	6.941651e-03
7.716864e-01	1.154572e-02
7.717120e-01	1.641201e-02
7.717376e-01	2.102394e-02
7.717632e-01	2.563496e-02
7.717888e-01	3.033710e-02
7.718144e-01	3.501982e-02
7.718400e-01	3.960538e-02
7.718656e-01	4.422337e-02
7.718912e-01	4.871347e-02
7.719168e-01	5.314692e-02
7.719424e-01	5.776849e-02
7.719680e-01	6.229972e-02
7.719936e-01	6.668105e-02
7.720192e-01	7.114407e-02
7.720448e-01	7.555476e-02
7.720704e-01	7.977571e-02
7.720960e-01	8.409650e-02
7.721216e-01	8.852609e-02
7.721472e-01	9.271143e-02
7.721728e-01	9.702540e-02
7.721984e-01	1.010879e-01
7.722240e-01	1.052518e-01
7.722496e-01	1.093495e-01
7.722752e-01	1.133656e-01
7.723008e-01	1.175122e-01
7.723264e-01	1.214299e-01
7.723520e-01	1.252328e-01
7.723776e-01	1.291671e-01
7.724032e-01	1.329996e-01
7.724288e-01	1.367270e-01
7.724544e-01	1.404755e-01
7.724800e-01	1.441293e-01
7.725056e-01	1.477583e-01
7.725312e-01	1.514245e-01
7.725568e-01	1.549172e-01
7.725824e-01	1.583855e-01
7.726080e-01	1.617961e-01
7.726336e-01	1.652571e-01
7.726592e-01	1.685772e-01
7.726848e-01	1.718697e-01
7.727104e-01	1.749582e-01
7.727360e-01	1.780550e-01
7.727616e-01	1.812553e-01
7.727872e-01	1.842482e-01
7.728128e-01	1.871259e-01
7.728384e-01	1.902185e-01
7.728640e-01	1.929297e-01
7.728896e-01	1.956443e-01
7.729152e-01	1.984632e-01
7.729408e-01	2.011067e-01
7.729664e-01	2.036591e-01
7.729920e-01	2.061935e-01
7.730176e-01	2.086437e-01
7.730432e-01	2.110225e-01
7.730688e-01	2.133166e-01
7.730944e-01	2.155963e-01
7.731200e-01	2.176469e-01
7.731456e-01	2.197721e-01
7.731712e-01	2.219191e-01
7.731968e-01	2.239984e-01
7.732224e-01	2.257615e-01
7.732480e-01	2.275002e-01
7.732736e-01	2.292316e-01
7.732992e-01	2.311211e-01
7.733248e-01	2.327078e-01
7.733504e-01	2.341024e-01
7.733760e-01	2.356219e-01
7.734016e-01	2.370482e-01
7.734272e-01	2.383018e-01
7.734528e-01	2.395805e-01
7.734784e-01	2.408095e-01
7.735040e-01	2.418613e-01
7.735296e-01	2.428607e-01
7.735552e-01	2.437767e-01
7.735808e-01	2.446360e-01
7.736064e-01	2.455100e-01
7.736320e-01	2.461731e-01
7.736576e-01	2.467819e-01
7.736832e-01	2.472939e-01
7.737088e-01	2.478102e-01
7.737344e-01	2.481650e-01
7.737600e-01	2.485631e-01
7.737856e-01	2.487476e-01
7.738112e-01	2.489574e-01
7.738368e-01	2.489768e-01
7.738624e-01	2.489976e-01
7.738880e-01	2.490145e-01
7.739136e-01	2.488152e-01
7.739392e-01	2.485367e-01
7.739648e-01	2.482648e-01
7.739904e-01	2.480317e-01
7.740160e-01	2.475085e-01
7.740416e-01	2.469102e-01
7.740672e-01	2.464289e-01
7.740928e-01	2.456925e-01
7.741184e-01	2.448897e-01
7.741440e-01	2.440563e-01
7.741696e-01	2.431215e-01
7.741952e-01	2.421737e-01
7.742208e-01	2.412258e-01
7.742464e-01	2.399916e-01
7.742720e-01	2.387494e-01
7.742976e-01	2.374972e-01
7.743232e-01	2.361417e-01
7.743488e-01	2.346935e-01
7.743744e-01	2.332073e-01
7.744000e-01	2.316258e-01
7.744256e-01	2.299861e-01
7.744512e-01	2.282110e-01
7.744768e-01	2.264269e-01
7.745024e-01	2.244758e-01
7.745280e-01	2.225420e-01
7.745536e-01	2.205504e-01
7.745792e-01	2.184562e-01
7.746048e-01	2.164174e-01
7.746304e-01	2.140971e-01
7.746560e-01	2.116896e-01
7.746816e-01	2.095033e-01
7.747072e-01	2.069175e-01
7.747328e-01	2.045788e-01
7.747584e-01	2.019873e-01
7.747840e-01	1.992175e-01
7.748096e-01	1.966684e-01
7.748352e-01	1.938810e-01
7.748608e-01	1.910411e-01
7.748864e-01	1.881725e-01
7.749120e-01	1.852224e-01
7.749376e-01	1.822635e-01
7.749632e-01	1.790396e-01
7.749888e-01	1.760830e-01
7.750144e-01	1.729440e-01
7.750400e-01	1.696369e-01
7.750656e-01	1.663888e-01
7.750912e-01	1.630504e-01
7.751168e-01	1.595273e-01
7.751424e-01	1.561517e-01
7.751680e-01	1.526195e-01
7.751936e-01	1.490445e-01
7.752192e-01	1.454312e-01
7.752448e-01	1.417921e-01
7.752704e-01	1.380041e-01
7.752960e-01	1.343248e-01
7.753216e-01	1.305640e-01
7.753472e-01	1.266533e-01
7.753728e-01	1.227750e-01
7.753984e-01	1.188759e-01
7.754240e-01	1.147687e-01
7.754496e-01	1.107663e-01
7.754752e-01	1.067661e-01
7.755008e-01	1.025108e-01
7.755264e-01	9.848513e-02
7.755520e-01	9.421539e-02
7.755776e-01	8.991017e-02
7.756032e-01	8.575988e-02
7.756288e-01	8.149841e-02
7.756544e-01	7.712016e-02
7.756800e-01	7.258937e-02
7.757056e-01	6.832268e-02
7.757312e-01	6.383137e-02
7.757568e-01	5.936218e-02
7.757824e-01	5.477959e-02
7.758080e-01	5.040433e-02
7.758336e-01	4.585265e-02
7.758592e-01	4.121890e-02
7.758848e-01	3.669042e-02
7.759104e-01	3.203982e-02
7.759360e-01	2.733917e-02
7.759616e-01	2.276561e-02
7.759872e-01	1.810280e-02
7.760128e-01	1.344195e-02
7.760384e-01	8.705494e-03
7.760640e-01	3.867182e-03
7.760896e-01	-8.010631e-04
7.761152e-01	-5.619999e-03
7.761408e-01	-1.034353e-02
7.761664e-01	-1.504070e-02
7.761920e-01	-1.999724e-02
7.762176e-01	-2.466311e-02
7.762432e-01	-2.946649e-02
7.762688e-01	-3.428026e-02
7.762944e-01	-3.903737e-02
7.763200e-01	-4.390706e-02
7.763456e-01	-4.868354e-02
7.763712e-01	-5.349126e-02
7.763968e-01	-5.832943e-02
7.764224e-01	-6.312303e-02
7.764480e-01	-6.803285e-02
7.764736e-01	-7.268585e-02
7.764992e-01	-7.751432e-02
7.765248e-01	-8.229736e-02
7.765504e-01	-8.713599e-02
7.765760e-01	-9.190282e-02
7.766016e-01	-9.662732e-02
7.766272e-01	-1.013127e-01
7.766528e-01	-1.060740e-01
7.766784e-01	-1.107764e-01
7.767040e-01	-1.154672e-01
7.767296e-01	-1.201498e-01
7.767552e-01	-1.248794e-01
7.767808e-01	-1.294800e-01
7.768064e-01	-1.340764e-01
7.768320e-01	-1.387144e-01
7.768576e-01	-1.433014e-01
7.768832e-01	-1.477988e-01
7.769088e-01	-1.524397e-01
7.769344e-01	-1.569129e-01
7.769600e-01	-1.613165e-01
7.769856e-01	-1.658476e-01
7.770112e-01	-1.701712e-01
7.770368e-01	-1.746127e-01
7.770624e-01	-1.790890e-01
7.770880e-01	-1.832981e-01
7.771136e-01	-1.876107e-01
7.771392e-01	-1.917427e-01
7.771648e-01	-1.961029e-01
7.771904e-01	-2.002870e-01
7.772160e-01	-2.043163e-01
7.772416e-01	-2.084009e-01
7.772672e-01	-2.124354e-01
7.772928e-01	-2.164605e-01
7.773184e-01	-2.204110e-01
7.773440e-01	-2.244455e-01
7.773696e-01	-2.283154e-01
7.773952e-01	-2.320453e-01
7.774208e-01	-2.358648e-01
7.774464e-01	-2.396269e-01
7.774720e-01	-2.432849e-01
7.774976e-01	-2.469073e-01
7.775232e-01	-2.505313e-01
7.775488e-01	-2.539958e-01
7.775744e-01	-2.574750e-01
7.776000e-01	-2.608952e-01
7.776256e-01	-2.643618e-01
7.776512e-01	-2.676047e-01
7.776768e-01	-2.709376e-01
7.777024e-01	-2.741561e-01
7.777280e-01	-2.772571e-01
7.777536e-01	-2.803682e-01
7.777792e-01	-2.833901e-01
7.778048e-01	-2.863200e-01
7.778304e-01	-2.893414e-01
7.778560e-01	-2.920564e-01
7.778816e-01	-2.948208e-01
7.779072e-01	-2.976761e-01
7.779328e-01	-3.002234e-01
7.779584e-01	-3.028277e-01
7.779840e-01	-3.053538e-01
7.780096e-01	-3.078660e-01
7.780352e-01	-3.101951e-01
7.780608e-01	-3.124320e-01
7.780864e-01	-3.147334e-01
7.781120e-01	-3.168232e-01
7.781376e-01	-3.191356e-01
7.781632e-01	-3.210848e-01
7.781888e-01	-3.230645e-01
7.782144e-01	-3.249662e-01
7.782400e-01	-3.267723e-01
7.782656e-01	-3.285854e-01
7.782912e-01	-3.302985e-01
7.783168e-01	-3.318843e-01
7.783424e-01	-3.334010e-01
7.783680e-01	-3.348682e-01
7.783936e-01	-3.362270e-01
7.784192e-01	-3.375023e-01
7.784448e-01	-3.387718e-01
7.784704e-01	-3.400430e-01
7.784960e-01	-3.411794e-01
7.785216e-01	-3.420809e-01
7.785472e-01	-3.431676e-01
7.785728e-01	-3.439512e-01
7.785984e-01	-3.447939e-01
7.786240e-01	-3.455190e-01
7.786496e-01	-3.460973e-01
7.786752e-01	-3.467171e-01
7.787008e-01	-3.471514e-01
7.787264e-01	-3.474739e-01
7.787520e-01	-3.478864e-01
7.787776e-01	-3.480831e-01
7.788032e-01	-3.483773e-01
7.788288e-01	-3.483812e-01
7.788544e-01	-3.483707e-01
7.788800e-01	-3.484451e-01
7.789056e-01	-3.482449e-01
7.789312e-01	-3.479429e-01
7.789568e-01	-3.476714e-01
7.789824e-01	-3.473713e-01
7.790080e-01	-3.467900e-01
7.790336e-01	-3.462701e-01
7.790592e-01	-3.458728e-01
7.790848e-01	-3.451018e-01
7.791104e-01	-3.443680e-01
7.791360e-01	-3.435425e-01
7.791616e-01	-3.426242e-01
7.791872e-01	-3.415698e-01
7.792128e-01	-3.405097e-01
7.792384e-01	-3.393940e-01
7.792640e-01	-3.382264e-01
7.792896e-01	-3.367609e-01
7.793152e-01	-3.355720e-01
7.793408e-01	-3.342150e-01
7.793664e-01	-3.325933e-01
7.793920e-01	-3.311448e-01
7.794176e-01	-3.293500e-01
7.794432e-01	-3.276089e-01
7.794688e-01	-3.258698e-01
7.794944e-01	-3.240534e-01
7.795200e-01	-3.220790e-01
7.795456e-01	-3.199874e-01
7.795712e-01	-3.180315e-01
7.795968e-01	-3.157275e-01
7.796224e-01	-3.136355e-01
7.796480e-01	-3.113537e-01
7.796736e-01	-3.088680e-01
7.796992e-01	-3.065843e-01
7.797248e-01	-3.040949e-01
7.797504e-01	-3.014610e-01
7.797760e-01	-2.989112e-01
7.798016e-01	-2.961885e-01
7.798272e-01	-2.935945e-01
7.798528e-01	-2.906400e-01
7.798784e-01	-2.877308e-01
7.799040e-01	-2.848686e-01
7.799296e-01	-2.816742e-01
7.799552e-01	-2.787849e-01
7.799808e-01	-2.756897e-01
7.800064e-01	-2.724317e-01
7.800320e-01	-2.693475e-01
7.800576e-01	-2.658916e-01
7.800832e-01	-2.626216e-01
7.801088e-01	-2.591706e-01
7.801344e-01	-2.556890e-01
7.801600e-01	-2.521645e-01
7.801856e-01	-2.487322e-01
7.802112e-01	-2.449387e-01
7.802368e-01	-2.413475e-01
7.802624e-01	-2.376794e-01
7.802880e-01	-2.338421e-01
7.803136e-01	-2.300664e-01
7.803392e-01	-2.261417e-01
7.803648e-01	-2.223716e-01
7.803904e-01	-2.183608e-01
7.804160e-01	-2.142662e-01
7.804416e-01	-2.103723e-01
7.804672e-01	-2.062827e-01
7.804928e-01	-2.021992e-01
7.805184e-01	-1.980004e-01
7.805440e-01	-1.938132e-01
7.805696e-01	-1.895944e-01
7.805952e-01	-1.852902e-01
7.806208e-01	-1.810181e-01
7.806464e-01	-1.767007e-01
7.806720e-01	-1.721671e-01
7.806976e-01	-1.679125e-01
7.807232e-01	-1.634885e-01
7.807488e-01	-1.590562e-01
7.807744e-01	-1.543948e-01
7.808000e-01	-1.499110e-01
7.808256e-01	-1.454893e-01
7.808512e-01	-1.409055e-01
7.808768e-01	-1.363350e-01
7.809024e-01	-1.316488e-01
7.809280e-01	-1.270596e-01
7.809536e-01	-1.223841e-01
7.809792e-01	-1.176021e-01
7.810048e-01	-1.130072e-01
7.810304e-01	-1.083769e-01
7.810560e-01	-1.035625e-01
7.810816e-01	-9.880421e-02
7.811072e-01	-9.398033e-02
7.811328e-01	-8.919501e-02
7.811584e-01	-8.453914e-02
7.811840e-01	-7.956855e-02
7.812096e-01	-7.501069e-02
7.812352e-01	-7.019718e-02
7.812608e-01	-6.525768e-02
7.812864e-01	-6.050464e-02
7.813120e-01	-5.583527e-02
7.813376e-01	-5.090432e-02
7.813632e-01	-4.610470e-02
7.813888e-01	-4.143295e-02
7.814144e-01	-3.649669e-02
7.814400e-01	-3.167208e-02
7.814656e-01	-2.684021e-02
7.814912e-01	-2.205279e-02
7.815168e-01	-1.730970e-02
7.815424e-01	-1.255858e-02
7.815680e-01	-7.776204e-03
7.815936e-01	-2.937937e-03
7.816192e-01	1.622242e-03
7.816448e-01	6.534348e-03
7.816704e-01	1.121547e-02
7.816960e-01	1.591299e-02
7.817216e-01	2.061203e-02
7.817472e-01	2.527488e-02
7.817728e-01	3.001255e-02
7.817984e-01	3.463449e-02
7.818240e-01	3.913603e-02
7.818496e-01	4.376007e-02
7.818752e-01	4.829621e-02
7.819008e-01	5.280466e-02
7.819264e-01	5.729607e-02
7.819520e-01	6.186548e-02
7.819776e-01	6.639539e-02
7.820032e-01	7.072172e-02
7.820288e-01	7.514877e-02
7.820544e-01	7.939566e-02
7.820800e-01	8.365785e-02
7.821056e-01	8.798964e-02
7.821312e-01	9.217164e-02
7.821568e-01	9.652971e-02
7.821824e-01	1.006253e-01
7.822080e-01	1.048117e-01
7.822336e-01	1.088332e-01
7.822592e-01	1.129351e-01
7.822848e-01	1.169969e-01
7.823104e-01	1.209819e-01
7.823360e-01	1.248511e-01
7.823616e-01	1.288225e-01
7.823872e-01	1.326454e-01
7.824128e-01	1.363790e-01
7.824384e-01	1.402179e-01
7.824640e-01	1.438841e-01
7.824896e-01	1.474513e-01
7.825152e-01	1.510321e-01
7.825408e-01	1.546035e-01
7.825664e-01	1.580939e-01
7.825920e-01	1.614562e-01
7.826176e-01	1.649403e-01
7.826432e-01	1.681703e-01
7.826688e-01	1.715281e-01
7.826944e-01	1.746551e-01
7.827200e-01	1.776848e-01
7.827456e-01	1.809511e-01
7.827712e-01	1.839507e-01
7.827968e-01	1.868743e-01
7.828224e-01	1.898323e-01
7.828480e-01	1.927137e-01
7.828736e-01	1.954031e-01
7.828992e-01	1.981178e-01
7.829248e-01	2.008563e-01
7.829504e-01	2.033167e-01
7.829760e-01	2.059630e-01
7.830016e-01	2.083320e-01
7.830272e-01	2.108068e-01
7.830528e-01	2.131158e-01
7.830784e-01	2.153314e-01
7.831040e-01	2.175571e-01
7.831296e-01	2.196238e-01
7.831552e-01	2.216623e-01
7.831808e-01	2.236485e-01
7.832064e-01	2.256644e-01
7.832320e-01	2.272691e-01
7.832576e-01	2.290160e-01
7.832832e-01	2.309269e-01
7.833088e-01	2.323933e-01
7.833344e-01	2.339588e-01
7.833600e-01	2.354122e-01
7.833856e-01	2.369004e-01
7.834112e-01	2.382102e-01
7.834368e-01	2.393950e-01
7.834624e-01	2.406386e-01
7.834880e-01	2.416772e-01
7.835136e-01	2.426763e-01
7.835392e-01	2.436472e-01
7.835648e-01	2.445644e-01
7.835904e-01	2.453687e-01
7.836160e-01	2.459887e-01
7.836416e-01	2.466232e-01
7.836672e-01	2.471015e-01
7.836928e-01	2.476909e-01
7.837184e-01	2.481406e-01
7.837440e-01	2.485147e-01
7.837696e-01	2.487639e-01
7.837952e-01	2.488773e-01
7.838208e-01	2.489968e-01
7.838464e-01	2.489828e-01
7.838720e-01	2.488546e-01
7.838976e-01	2.488150e-01
7.839232e-01	2.485402e-01
7.839488e-01	2.483433e-01
7.839744e-01	2.479347e-01
7.840000e-01	2.475660e-01
7.840256e-01	2.469821e-01
7.840512e-01	2.463273e-01
7.840768e-01	2.456610e-01
7.841024e-01	2.449282e-01
7.841280e-01	2.441431e-01
7.841536e-01	2.431651e-01
7.841792e-01	2.421605e-01
7.842048e-01	2.411645e-01
7.842304e-01	2.400011e-01
7.842560e-01	2.388330e-01
7.842816e-01	2.374524e-01
7.843072e-01	2.362008e-01
7.843328e-01	2.348065e-01
7.843584e-01	2.332056e-01
7.843840e-01	2.316996e-01
7.844096e-01	2.301237e-01
7.844352e-01	2.282146e-01
7.844608e-01	2.265623e-01
7.844864e-01	2.247165e-01
7.845120e-01	2.226741e-01
7.845376e-01	2.207780e-01
7.845632e-01	2.186293e-01
7.845888e-01	2.165094e-01
7.846144e-01	2.142724e-01
7.846400e-01	2.119088e-01
7.846656e-01	2.096795e-01
7.846912e-01	2.071323e-01
7.847168e-01	2.048102e-01
7.847424e-01	2.021576e-01
7.847680e-01	1.995681e-01
7.847936e-01	1.967825e-01
7.848192e-01	1.940788e-01
7.848448e-01	1.912688e-01
7.848704e-01	1.883700e-01
7.848960e-01	1.854728e-01
7.849216e-01	1.824030e-01
7.849472e-01	1.793759e-01
7.849728e-01	1.762832e-01
7.849984e-01	1.732094e-01
7.850240e-01	1.698091e-01
7.850496e-01	1.665645e-01
7.850752e-01	1.633229e-01
7.851008e-01	1.598510e-01
7.851264e-01	1.565186e-01
7.851520e-01	1.528641e-01
7.851776e-01	1.493562e-01
7.852032e-01	1.457418e-01
7.852288e-01	1.421142e-01
7.852544e-01	1.384095e-01
7.852800e-01	1.346040e-01
7.853056e-01	1.307691e-01
7.853312e-01	1.269122e-01
7.853568e-01	1.231241e-01
7.853824e-01	1.191355e-01
7.854080e-01	1.151375e-01
7.854336e-01	1.111111e-01
7.854592e-01	1.069790e-01
7.854848e-01	1.029312e-01
7.855104e-01	9.864257e-02
7.855360e-01	9.464862e-02
7.855616e-01	9.032412e-02
7.855872e-01	8.607262e-02
7.856128e-01	8.179467e-02
7.856384e-01	7.746666e-02
7.856640e-01	7.305095e-02
7.856896e-01	6.859386e-02
7.857152e-01	6.419901e-02
7.857408e-01	5.980524e-02
7.857664e-01	5.537881e-02
7.857920e-01	5.073285e-02
7.858176e-01	4.624512e-02
7.858432e-01	4.173321e-02
7.858688e-01	3.697939e-02
7.858944e-01	3.238793e-02
7.859200e-01	2.782989e-02
7.859456e-01	2.313645e-02
7.859712e-01	1.844169e-02
7.859968e-01	1.391908e-02
7.860224e-01	9.104558e-03
7.860480e-01	4.385403e-03
7.860736e-01	-3.368942e-04
7.860992e-01	-5.094364e-03
7.861248e-01	-9.969840e-03
7.861504e-01	-1.465105e-02
7.861760e-01	-1.936941e-02
7.862016e-01	-2.421902e-02
7.862272e-01	-2.903187e-02
7.862528e-01	-3.380944e-02
7.862784e-01	-3.864091e-02
7.863040e-01	-4.355583e-02
7.863296e-01	-4.828712e-02
7.863552e-01	-5.293038e-02
7.863808e-01	-5.795779e-02
7.864064e-01	-6.268498e-02
7.864320e-01	-6.741300e-02
7.864576e-01	-7.227872e-02
7.864832e-01	-7.711061e-02
7.865088e-01	-8.189849e-02
7.865344e-01	-8.656979e-02
7.865600e-01	-9.130518e-02
7.865856e-01	-9.610619e-02
7.866112e-01	-1.009511e-01
7.866368e-01	-1.056642e-01
7.866624e-01	-1.102497e-01
7.866880e-01	-1.151423e-01
7.867136e-01	-1.197527e-01
7.867392e-01	-1.244100e-01
7.867648e-01	-1.291405e-01
7.867904e-01	-1.337125e-01
7.868160e-01	-1.383106e-01
7.868416e-01	-1.429441e-01
7.868672e-01	-1.474038e-01
7.868928e-01	-1.519640e-01
7.869184e-01	-1.564403e-01
7.869440e-01	-1.609461e-01
7.869696e-01	-1.653573e-01
7.869952e-01	-1.697350e-01
7.870208e-01	-1.742438e-01
7.870464e-01	-1.786597e-01
7.870720e-01	-1.829418e-01
7.870976e-01	-1.872396e-01
7.871232e-01	-1.914465e-01
7.871488e-01	-1.956122e-01
7.871744e-01	-1.997966e-01
7.872000e-01	-2.040138e-01
7.872256e-01	-2.079938e-01
7.872512e-01	-2.121496e-01
7.872768e-01	-2.159895e-01
7.873024e-01	-2.200355e-01
7.873280e-01	-2.240376e-01
7.873536e-01	-2.278502e-01
7.873792e-01	-2.317510e-01
7.874048e-01	-2.355284e-01
7.874304e-01	-2.391795e-01
7.874560e-01	-2.428995e-01
7.874816e-01	-2.465241e-01
7.875072e-01	-2.501198e-01
7.875328e-01	-2.536902e-01
7.875584e-01	-2.571563e-01
7.875840e-01	-2.606702e-01
7.876096e-01	-2.640352e-01
7.876352e-01	-2.673156e-01
7.876608e-01	-2.706490e-01
7.876864e-01	-2.738215e-01
7.877120e-01	-2.771557e-01
7.877376e-01	-2.800353e-01
7.877632e-01	-2.830956e-01
7.877888e-01	-2.860940e-01
7.878144e-01	-2.889171e-01
7.878400e-01	-2.919119e-01
7.878656e-01	-2.946672e-01
7.878912e-01	-2.973617e-01
7.879168e-01	-2.999602e-01
7.879424e-01	-3.026651e-01
7.879680e-01	-3.051440e-01
7.879936e-01	-3.074564e-01
7.880192e-01	-3.099905e-01
7.880448e-01	-3.123018e-01
7.880704e-01	-3.147017e-01
7.880960e-01	-3.166448e-01
7.881216e-01	-3.188950e-01
7.881472e-01	-3.210183e-01
7.881728e-01	-3.227716e-01
7.881984e-01	-3.248082e-01
7.882240e-01	-3.266532e-01
7.882496e-01	-3.285321e-01
7.882752e-01	-3.302596e-01
7.883008e-01	-3.315831e-01
7.883264e-01	-3.332852e-01
7.883520e-01	-3.348054e-01
7.883776e-01	-3.361574e-01
7.884032e-01	-3.375070e-01
7.884288e-01	-3.387350e-01
7.884544e-01	-3.398711e-01
7.884800e-01	-3.410993e-01
7.885056e-01	-3.419742e-01
7.885312e-01	-3.429987e-01
7.885568e-01	-3.437705e-01
7.885824e-01	-3.446030e-01
7.886080e-01	-3.453696e-01
7.886336e-01	-3.459656e-01
7.886592e-01	-3.467337e-01
7.886848e-01	-3.470912e-01
7.887104e-01	-3.475689e-01
7.887360e-01	-3.477713e-01
7.887616e-01	-3.481044e-01
7.887872e-01	-3.483653e-01
7.888128e-01	-3.483172e-01
7.888384e-01	-3.483674e-01
7.888640e-01	-3.483027e-01
7.888896e-01	-3.483794e-01
7.889152e-01	-3.478865e-01
7.889408e-01	-3.477891e-01
7.889664e-01	-3.473216e-01
7.889920e-01	-3.468934e-01
7.890176e-01	-3.464020e-01
7.890432e-01	-3.457361e-01
7.890688e-01	-3.451372e-01
7.890944e-01	-3.443716e-01
7.891200e-01	-3.435676e-01
7.891456e-01	-3.426568e-01
7.891712e-01	-3.416010e-01
7.891968e-01	-3.406076e-01
7.892224e-01	-3.395340e-01
7.892480e-01	-3.383193e-01
7.892736e-01	-3.370312e-01
7.892992e-01	-3.357594e-01
7.893248e-01	-3.342571e-01
7.893504e-01	-3.328536e-01
7.893760e-01	-3.311646e-01
7.894016e-01	-3.296548e-01
7.894272e-01	-3.278925e-01
7.894528e-01	-3.259044e-01
7.894784e-01	-3.241955e-01
7.895040e-01	-3.223533e-01
7.895296e-01	-3.202704e-01
7.895552e-01	-3.181948e-01
7.895808e-01	-3.160466e-01
7.896064e-01	-3.138674e-01
7.896320e-01	-3.115498e-01
7.896576e-01	-3.091179e-01
7.896832e-01	-3.068174e-01
7.897088e-01	-3.043747e-01
7.897344e-01	-3.016693e-01
7.897600e-01	-2.991146e-01
7.897856e-01	-2.964051e-01
7.898112e-01	-2.937146e-01
7.898368e-01	-2.909458e-01
7.898624e-01	-2.880803e-01
7.898880e-01	-2.850856e-01
7.899136e-01	-2.820811e-01
7.899392e-01	-2.790622e-01
7.899648e-01	-2.760047e-01
7.899904e-01	-2.727492e-01
7.900160e-01	-2.696406e-01
7.900416e-01	-2.663870e-01
7.900672e-01	-2.630136e-01
7.900928e-01	-2.595144e-01
7.901184e-01	-2.560847e-01
7.901440e-01	-2.525243e-01
7.901696e-01	-2.489335e-01
7.901952e-01	-2.454678e-01
7.902208e-01	-2.417378e-01
7.902464e-01	-2.379800e-01
7.902720e-01	-2.342437e-01
7.902976e-01	-2.303415e-01
7.903232e-01	-2.265695e-01
7.903488e-01	-2.226902e-01
7.903744e-01	-2.186652e-01
7.904000e-01	-2.147144e-01
7.904256e-01	-2.107302e-01
7.904512e-01	-2.066114e-01
7.904768e-01	-2.026043e-01
7.905024e-01	-1.983130e-01
7.905280e-01	-1.942687e-01
7.905536e-01	-1.899573e-01
7.905792e-01	-1.857197e-01
7.906048e-01	-1.815092e-01
7.906304e-01	-1.769795e-01
7.906560e-01	-1.727653e-01
7.906816e-01	-1.683298e-01
7.907072e-01	-1.637810e-01
7.907328e-01	-1.594827e-01
7.907584e-01	-1.548750e-01
7.907840e-01	-1.503957e-01
7.908096e-01	-1.459132e-01
7.908352e-01	-1.412612e-01
7.908608e-01	-1.366764e-01
7.908864e-01	-1.321068e-01
7.909120e-01	-1.273979e-01
7.909376e-01	-1.228292e-01
7.909632e-01	-1.181519e-01
7.909888e-01	-1.133431e-01
7.910144e-01	-1.086067e-01
7.910400e-01	-1.040035e-01
7.910656e-01	-9.929463e-02
7.910912e-01	-9.450532e-02
7.911168e-01	-8.963154e-02
7.911424e-01	-8.505723e-02
7.911680e-01	-8.017720e-02
7.911936e-01	-7.551915e-02
7.912192e-01	-7.065370e-02
7.912448e-01	-6.568375e-02
7.912704e-01	-6.106720e-02
7.912960e-01	-5.615754e-02
7.913216e-01	-5.135962e-02
7.913472e-01	-4.657505e-02
7.913728e-01	-4.170238e-02
7.913984e-01	-3.692353e-02
7.914240e-01	-3.210508e-02
7.914496e-01	-2.735008e-02
7.914752e-01	-2.254393e-02
7.915008e-01	-1.772791e-02
7.915264e-01	-1.298434e-02
7.915520e-01	-8.279217e-03
7.915776e-01	-3.272099e-03
7.916032e-01	1.408992e-03
7.916288e-01	6.062290e-03
7.916544e-01	1.077093e-02
7.916800e-01	1.558541e-02
7.917056e-01	2.010534e-02
7.917312e-01	2.484555e-02
7.917568e-01	2.948355e-02
7.917824e-01	3.404640e-02
7.918080e-01	3.878842e-02
7.918336e-01	4.329120e-02
7.918592e-01	4.795407e-02
7.918848e-01	5.248639e-02
7.919104e-01	5.688464e-02
7.919360e-01	6.148039e-02
7.919616e-01	6.577598e-02
7.919872e-01	7.014933e-02
7.920128e-01	7.466930e-02
7.920384e-01	7.910759e-02
7.920640e-01	8.329184e-02
7.920896e-01	8.768070e-02
7.921152e-01	9.198522e-02
7.921408e-01	9.605624e-02
7.921664e-01	1.002183e-01
7.921920e-01	1.045294e-01
7.922176e-01	1.085667e-01
7.922432e-01	1.126024e-01
7.922688e-01	1.165529e-01
7.922944e-01	1.204862e-01
7.923200e-01	1.245241e-01
7.923456e-01	1.284410e-01
7.923712e-01	1.322370e-01
7.923968e-01	1.360024e-01
7.924224e-01	1.397362e-01
7.924480e-01	1.436188e-01
7.924736e-01	1.471121e-01
7.924992e-01	1.505989e-01
7.925248e-01	1.542612e-01
7.925504e-01	1.577644e-01
7.925760e-01	1.610848e-01
7.926016e-01	1.645595e-01
7.926272e-01	1.678563e-01
7.926528e-01	1.710721e-01
7.926784e-01	1.743655e-01
7.927040e-01	1.774812e-01
7.927296e-01	1.805428e-01
7.927552e-01	1.836049e-01
7.927808e-01	1.865827e-01
7.928064e-01	1.894801e-01
7.928320e-01	1.921803e-01
7.928576e-01	1.951851e-01
7.928832e-01	1.978647e-01
7.929088e-01	2.005675e-01
7.929344e-01	2.030684e-01
7.929600e-01	2.056979e-01
7.929856e-01	2.081705e-01
7.930112e-01	2.104883e-01
7.930368e-01	2.129663e-01
7.930624e-01	2.150509e-01
7.930880e-01	2.174135e-01
7.931136e-01	2.194543e-01
7.931392e-01	2.213821e-01
7.931648e-01	2.234748e-01
7.931904e-01	2.253311e-01
7.932160e-01	2.272803e-01
7.932416e-01	2.288027e-01
7.932672e-01	2.307411e-01
7.932928e-01	2.323197e-01
7.933184e-01	2.338393e-01
7.933440e-01	2.354208e-01
7.933696e-01	2.367460e-01
7.933952e-01	2.380460e-01
7.934208e-01	2.393960e-01
7.934464e-01	2.405570e-01
7.934720e-01	2.415635e-01
7.934976e-01	2.426545e-01
7.935232e-01	2.435236e-01
7.935488e-01	2.443486e-01
7.935744e-01	2.452249e-01
7.936000e-01	2.458631e-01
7.936256e-01	2.465772e-01
7.936512e-01	2.470920e-01
7.936768e-01	2.477357e-01
7.937024e-01	2.481198e-01
7.937280e-01	2.484083e-01
7.937536e-01	2.486368e-01
7.937792e-01	2.488680e-01
7.938048e-01	2.490506e-01
7.938304e-01	2.490743e-01
7.938560e-01	2.489883e-01
7.938816e-01	2.488543e-01
7.939072e-01	2.486946e-01
7.939328e-01	2.483627e-01
7.939584e-01	2.479502e-01
7.939840e-01	2.476129e-01
7.940096e-01	2.469879e-01
7.940352e-01	2.464799e-01
7.940608e-01	2.457527e-01
7.940864e-01	2.449970e-01
7.941120e-01	2.441268e-01
7.941376e-01	2.433809e-01
7.941632e-01	2.423842e-01
7.941888e-01	2.411856e-01
7.942144e-01	2.400856e-01
7.942400e-01	2.389173e-01
7.942656e-01	2.376589e-01
7.942912e-01	2.363244e-01
7.943168e-01	2.348856e-01
7.943424e-01	2.333835e-01
7.943680e-01	2.318898e-01
7.943936e-01	2.301651e-01
7.944192e-01	2.283486e-01
7.944448e-01	2.267911e-01
7.944704e-01	2.247902e-01
7.944960e-01	2.228763e-01
7.945216e-01	2.209289e-01
7.945472e-01	2.188496e-01
7.945728e-01	2.167415e-01
7.945984e-01	2.145202e-01
7.946240e-01	2.121854e-01
7.946496e-01	2.098930e-01
7.946752e-01	2.074329e-01
7.947008e-01	2.049766e-01
7.947264e-01	2.025377e-01
7.947520e-01	1.998838e-01
7.947776e-01	1.970614e-01
7.948032e-01	1.943833e-01
7.948288e-01	1.916778e-01
7.948544e-01	1.888588e-01
7.948800e-01	1.858343e-01
7.949056e-01	1.828152e-01
7.949312e-01	1.797050e-01
7.949568e-01	1.767029e-01
7.949824e-01	1.734597e-01
7.950080e-01	1.703185e-01
7.950336e-01	1.669237e-01
7.950592e-01	1.636246e-01
7.950848e-01	1.603006e-01
7.951104e-01	1.567351e-01
7.951360e-01	1.533487e-01
7.951616e-01	1.497831e-01
7.951872e-01	1.461034e-01
7.952128e-01	1.424580e-01
7.952384e-01	1.387628e-01
7.952640e-01	1.350498e-01
7.952896e-01	1.310883e-01
7.953152e-01	1.273292e-01
7.953408e-01	1.233882e-01
7.953664e-01	1.195518e-01
7.953920e-01	1.155365e-01
7.954176e-01	1.114769e-01
7.954432e-01	1.074463e-01
7.954688e-01	1.033168e-01
7.954944e-01	9.914546e-02
7.955200e-01	9.501363e-02
7.955456e-01	9.068297e-02
7.955712e-01	8.645882e-02
7.955968e-01	8.223719e-02
7.956224e-01	7.790507e-02
7.956480e-01	7.344871e-02
7.956736e-01	6.905004e-02
7.956992e-01	6.468630e-02
7.957248e-01	6.022697e-02
7.957504e-01	5.563784e-02
7.957760e-01	5.123138e-02
7.958016e-01	4.662825e-02
7.958272e-01	4.211651e-02
7.958528e-01	3.750684e-02
7.958784e-01	3.286837e-02
7.959040e-01	2.826467e-02
7.959296e-01	2.364659e-02
7.959552e-01	1.901186e-02
7.959808e-01	1.423202e-02
7.960064e-01	9.483684e-03
7.960320e-01	4.836461e-03
7.960576e-01	6.073599e-05
7.960832e-01	-4.528869e-03
7.961088e-01	-9.474062e-03
7.961344e-01	-1.416629e-02
7.961600e-01	-1.892111e-02
7.961856e-01	-2.371861e-02
7.962112e-01	-2.855718e-02
7.962368e-01	-3.337464e-02
7.962624e-01	-3.809967e-02
7.962880e-01	-4.303139e-02
7.963136e-01	-4.791938e-02
7.963392e-01	-5.261715e-02
7.963648e-01	-5.740637e-02
7.963904e-01	-6.221886e-02
7.964160e-01	-6.703217e-02
7.964416e-01	-7.178629e-02
7.964672e-01	-7.665190e-02
7.964928e-01	-8.152061e-02
7.965184e-01	-8.619598e-02
7.965440e-01	-9.082061e-02
7.965696e-01	-9.576499e-02
7.965952e-01	-1.004766e-01
7.966208e-01	-1.052144e-01
7.966464e-01	-1.098401e-01
7.966720e-01	-1.144602e-01
7.966976e-01	-1.193609e-01
7.967232e-01	-1.239827e-01
7.967488e-01	-1.286224e-01
7.967744e-01	-1.333439e-01
7.968000e-01	-1.377868e-01
7.968256e-01	-1.424691e-01
7.968512e-01	-1.470052e-01
7.968768e-01	-1.515161e-01
7.969024e-01	-1.560333e-01
7.969280e-01	-1.604958e-01
7.969536e-01	-1.650093e-01
7.969792e-01	-1.693862e-01
7.970048e-01	-1.736944e-01
7.970304e-01	-1.781104e-01
7.970560e-01	-1.824759e-01
7.970816e-01	-1.866996e-01
7.971072e-01	-1.910402e-01
7.971328e-01	-1.954006e-01
7.971584e-01	-1.993356e-01
7.971840e-01	-2.035926e-01
7.972096e-01	-2.076437e-01
7.972352e-01	-2.117934e-01
7.972608e-01	-2.157269e-01
7.972864e-01	-2.196761e-01
7.973120e-01	-2.236380e-01
7.973376e-01	-2.274993e-01
7.973632e-01	-2.314071e-01
7.973888e-01	-2.351006e-01
7.974144e-01	-2.389604e-01
7.974400e-01	-2.426381e-01
7.974656e-01	-2.462400e-01
7.974912e-01	-2.498721e-01
7.975168e-01	-2.533816e-01
7.975424e-01	-2.569627e-01
7.975680e-01	-2.602812e-01
7.975936e-01	-2.637141e-01
7.976192e-01	-2.670483e-01
7.976448e-01	-2.703614e-01
7.976704e-01	-2.736118e-01
7.976960e-01	-2.767141e-01
7.977216e-01	-2.796990e-01
7.977472e-01	-2.828541e-01
7.977728e-01	-2.857868e-01
7.977984e-01	-2.886856e-01
7.978240e-01	-2.916054e-01
7.978496e-01	-2.944215e-01
7.978752e-01	-2.970916e-01
7.979008e-01	-2.998515e-01
7.979264e-01	-3.024279e-01
7.979520e-01	-3.048557e-01
7.979776e-01	-3.073697e-01
7.980032e-01	-3.097512e-01
7.980288e-01	-3.120459e-01
7.980544e-01	-3.142399e-01
7.980800e-01	-3.165218e-01
7.981056e-01	-3.187653e-01
7.981312e-01	-3.206918e-01
7.981568e-01	-3.228044e-01
7.981824e-01	-3.245347e-01
7.982080e-01	-3.265451e-01
7.982336e-01	-3.282480e-01
7.982592e-01	-3.297744e-01
7.982848e-01	-3.315243e-01
7.983104e-01	-3.330950e-01
7.983360e-01	-3.346075e-01
7.983616e-01	-3.361116e-01
7.983872e-01	-3.373360e-01
7.984128e-01	-3.386157e-01
7.984384e-01	-3.397834e-01
7.984640e-01	-3.409766e-01
7.984896e-01	-3.418907e-01
7.985152e-01	-3.428016e-01
7.985408e-01	-3.437971e-01
7.985664e-01	-3.445392e-01
7.985920e-01	-3.453470e-01
7.986176e-01	-3.460104e-01
7.986432e-01	-3.463911e-01
7.986688e-01	-3.470145e-01
7.986944e-01	-3.475090e-01
7.987200e-01	-3.478701e-01
7.987456e-01	-3.480872e-01
7.987712e-01	-3.481753e-01
7.987968e-01	-3.483642e-01
7.988224e-01	-3.484399e-01
7.988480e-01	-3.482060e-01
7.988736e-01	-3.482162e-01
7.988992e-01	-3.479979e-01
7.989248e-01	-3.477533e-01
7.989504e-01	-3.473573e-01
7.989760e-01	-3.468627e-01
7.990016e-01	-3.464677e-01
7.990272e-01	-3.458655e-01
7.990528e-01	-3.451257e-01
7.990784e-01	-3.444446e-01
7.991040e-01	-3.436823e-01
7.991296e-01	-3.428378e-01
7.991552e-01	-3.417644e-01
7.991808e-01	-3.406973e-01
7.992064e-01	-3.396136e-01
7.992320e-01	-3.385016e-01
7.992576e-01	-3.370361e-01
7.992832e-01	-3.358296e-01
7.993088e-01	-3.343810e-01
7.993344e-01	-3.327594e-01
7.993600e-01	-3.313382e-01
7.993856e-01	-3.297876e-01
7.994112e-01	-3.280662e-01
7.994368e-01	-3.262214e-01
7.994624e-01	-3.242769e-01
7.994880e-01	-3.224156e-01
7.995136e-01	-3.204031e-01
7.995392e-01	-3.183312e-01
7.995648e-01	-3.162031e-01
7.995904e-01	-3.140255e-01
7.996160e-01	-3.117618e-01
7.996416e-01	-3.094176e-01
7.996672e-01	-3.069944e-01
7.996928e-01	-3.045555e-01
7.997184e-01	-3.018478e-01
7.997440e-01	-2.994367e-01
7.997696e-01	-2.967305e-01
7.997952e-01	-2.940517e-01
7.998208e-01	-2.912411e-01
7.998464e-01	-2.882237e-01
7.998720e-01	-2.854067e-01
7.998976e-01	-2.824218e-01
7.999232e-01	-2.793808e-01
7.999488e-01	-2.761984e-01
7.999744e-01	-2.730669e-01
8.000000e-01	-2.699251e-01
8.000256e-01	-2.665058e-01
8.000512e-01	-2.632414e-01
8.000768e-01	-2.597811e-01
8.001024e-01	-2.564219e-01
8.001280e-01	-2.529154e-01
8.001536e-01	-2.493720e-01
8.001792e-01	-2.457370e-01
8.002048e-01	-2.420973e-01
8.002304e-01	-2.383999e-01
8.002560e-01	-2.345508e-01
8.002816e-01	-2.307923e-01
8.003072e-01	-2.269828e-01
8.003328e-01	-2.230583e-01
8.003584e-01	-2.190628e-01
8.003840e-01	-2.151013e-01
8.004096e-01	-2.112070e-01
8.004352e-01	-2.069275e-01
8.004608e-01	-2.029264e-01
8.004864e-01	-1.988046e-01
8.005120e-01	-1.946064e-01
8.005376e-01	-1.903984e-01
8.005632e-01	-1.860211e-01
8.005888e-01	-1.817542e-01
8.006144e-01	-1.776368e-01
8.006400e-01	-1.731753e-01
8.006656e-01	-1.687309e-01
8.006912e-01	-1.643675e-01
8.007168e-01	-1.597875e-01
8.007424e-01	-1.553269e-01
8.007680e-01	-1.508345e-01
8.007936e-01	-1.462663e-01
8.008192e-01	-1.416783e-01
8.008448e-01	-1.370969e-01
8.008704e-01	-1.326443e-01
8.008960e-01	-1.278963e-01
8.009216e-01	-1.232361e-01
8.009472e-01	-1.185970e-01
8.009728e-01	-1.138423e-01
8.009984e-01	-1.091812e-01
8.010240e-01	-1.045637e-01
8.010496e-01	-9.957335e-02
8.010752e-01	-9.500445e-02
8.011008e-01	-9.020817e-02
8.011264e-01	-8.544862e-02
8.011520e-01	-8.054276e-02
8.011776e-01	-7.574344e-02
8.012032e-01	-7.109327e-02
8.012288e-01	-6.619903e-02
8.012544e-01	-6.142104e-02
8.012800e-01	-5.654062e-02
8.013056e-01	-5.171680e-02
8.013312e-01	-4.692347e-02
8.013568e-01	-4.234088e-02
8.013824e-01	-3.739671e-02
8.014080e-01	-3.245189e-02
8.014336e-01	-2.786413e-02
8.014592e-01	-2.283365e-02
8.014848e-01	-1.823105e-02
8.015104e-01	-1.332958e-02
8.015360e-01	-8.618483e-03
8.015616e-01	-3.953025e-03
8.015872e-01	8.437129e-04
8.016128e-01	5.639446e-03
8.016384e-01	1.028417e-02
8.016640e-01	1.504924e-02
8.016896e-01	1.975117e-02
8.017152e-01	2.434078e-02
8.017408e-01	2.907588e-02
8.017664e-01	3.372841e-02
8.017920e-01	3.833953e-02
8.018176e-01	4.288155e-02
8.018432e-01	4.748334e-02
8.018688e-01	5.191115e-02
8.018944e-01	5.643293e-02
8.019200e-01	6.108109e-02
8.019456e-01	6.539340e-02
8.019712e-01	6.992210e-02
8.019968e-01	7.426236e-02
8.020224e-01	7.868224e-02
8.020480e-01	8.285189e-02
8.020736e-01	8.729198e-02
8.020992e-01	9.155891e-02
8.021248e-01	9.583032e-02
8.021504e-01	1.000458e-01
8.021760e-01	1.040656e-01
8.022016e-01	1.081374e-01
8.022272e-01	1.121084e-01
8.022528e-01	1.163026e-01
8.022784e-01	1.202492e-01
8.023040e-01	1.241152e-01
8.023296e-01	1.281020e-01
8.023552e-01	1.318765e-01
8.023808e-01	1.357485e-01
8.024064e-01	1.393824e-01
8.024320e-01	1.431073e-01
8.024576e-01	1.467726e-01
8.024832e-01	1.504157e-01
8.025088e-01	1.538394e-01
8.025344e-01	1.574404e-01
8.025600e-01	1.608196e-01
8.025856e-01	1.642248e-01
8.026112e-01	1.676520e-01
8.026368e-01	1.708571e-01
8.026624e-01	1.741335e-01
8.026880e-01	1.772737e-01
8.027136e-01	1.803486e-01
8.027392e-01	1.834591e-01
8.027648e-01	1.863028e-01
8.027904e-01	1.892847e-01
8.028160e-01	1.920733e-01
8.028416e-01	1.948647e-01
8.028672e-01	1.976661e-01
8.028928e-01	2.002720e-01
8.029184e-01	2.029073e-01
8.029440e-01	2.054035e-01
8.029696e-01	2.078908e-01
8.029952e-01	2.103467e-01
8.030208e-01	2.125795e-01
8.030464e-01	2.149532e-01
8.030720e-01	2.170186e-01
8.030976e-01	2.192731e-01
8.031232e-01	2.213952e-01
8.031488e-01	2.232745e-01
8.031744e-01	2.251872e-01
8.032000e-01	2.270165e-01
8.032256e-01	2.287562e-01
8.032512e-01	2.306433e-01
8.032768e-01	2.321150e-01
8.033024e-01	2.336991e-01
8.033280e-01	2.351655e-01
8.033536e-01	2.366458e-01
8.033792e-01	2.380149e-01
8.034048e-01	2.392562e-01
8.034304e-01	2.403606e-01
8.034560e-01	2.415495e-01
8.034816e-01	2.425361e-01
8.035072e-01	2.435129e-01
8.035328e-01	2.444022e-01
8.035584e-01	2.451161e-01
8.035840e-01	2.459279e-01
8.036096e-01	2.466137e-01
8.036352e-01	2.471834e-01
8.036608e-01	2.477169e-01
8.036864e-01	2.480098e-01
8.037120e-01	2.484866e-01
8.037376e-01	2.486688e-01
8.037632e-01	2.489186e-01
8.037888e-01	2.490624e-01
8.038144e-01	2.489671e-01
8.038400e-01	2.490169e-01
8.038656e-01	2.488906e-01
8.038912e-01	2.485705e-01
8.039168e-01	2.484109e-01
8.039424e-01	2.479603e-01
8.039680e-01	2.475777e-01
8.039936e-01	2.470513e-01
8.040192e-01	2.464543e-01
8.040448e-01	2.457831e-01
8.040704e-01	2.451523e-01
8.040960e-01	2.443515e-01
8.041216e-01	2.433261e-01
8.041472e-01	2.423255e-01
8.041728e-01	2.413649e-01
8.041984e-01	2.403278e-01
8.042240e-01	2.390071e-01
8.042496e-01	2.377411e-01
8.042752e-01	2.365536e-01
8.043008e-01	2.350999e-01
8.043264e-01	2.336882e-01
8.043520e-01	2.319857e-01
8.043776e-01	2.304058e-01
8.044032e-01	2.285844e-01
8.044288e-01	2.268615e-01
8.044544e-01	2.250945e-01
8.044800e-01	2.231058e-01
8.045056e-01	2.210932e-01
8.045312e-01	2.189835e-01
8.045568e-01	2.169526e-01
8.045824e-01	2.147838e-01
8.046080e-01	2.123931e-01
8.046336e-01	2.101717e-01
8.046592e-01	2.076687e-01
8.046848e-01	2.052895e-01
8.047104e-01	2.026637e-01
8.047360e-01	2.000486e-01
8.047616e-01	1.974823e-01
8.047872e-01	1.946223e-01
8.048128e-01	1.918331e-01
8.048384e-01	1.890422e-01
8.048640e-01	1.861018e-01
8.048896e-01	1.831342e-01
8.049152e-01	1.799516e-01
8.049408e-01	1.769902e-01
8.049664e-01	1.737639e-01
8.049920e-01	1.706185e-01
8.050176e-01	1.672427e-01
8.050432e-01	1.639433e-01
8.050688e-01	1.606041e-01
8.050944e-01	1.571513e-01
8.051200e-01	1.536066e-01
8.051456e-01	1.500589e-01
8.051712e-01	1.465433e-01
8.051968e-01	1.428482e-01
8.052224e-01	1.391169e-01
8.052480e-01	1.354286e-01
8.052736e-01	1.315311e-01
8.052992e-01	1.278135e-01
8.053248e-01	1.237292e-01
8.053504e-01	1.198770e-01
8.053760e-01	1.160231e-01
8.054016e-01	1.117324e-01
8.054272e-01	1.077934e-01
8.054528e-01	1.037083e-01
8.054784e-01	9.962751e-02
8.055040e-01	9.546103e-02
8.055296e-01	9.095643e-02
8.055552e-01	8.693463e-02
8.055808e-01	8.262643e-02
8.056064e-01	7.826776e-02
8.056320e-01	7.388203e-02
8.056576e-01	6.949191e-02
8.056832e-01	6.510250e-02
8.057088e-01	6.066079e-02
8.057344e-01	5.619251e-02
8.057600e-01	5.171156e-02
8.057856e-01	4.713204e-02
8.058112e-01	4.260891e-02
8.058368e-01	3.794055e-02
8.058624e-01	3.332987e-02
8.058880e-01	2.866886e-02
8.059136e-01	2.404958e-02
8.059392e-01	1.940686e-02
8.059648e-01	1.466916e-02
8.059904e-01	1.008070e-02
8.060160e-01	5.275127e-03
8.060416e-01	4.515956e-04
8.060672e-01	-4.161621e-03
8.060928e-01	-8.910832e-03
8.061184e-01	-1.368571e-02
8.061440e-01	-1.856897e-02
8.061696e-01	-2.328849e-02
8.061952e-01	-2.814887e-02
8.062208e-01	-3.292613e-02
8.062464e-01	-3.777007e-02
8.062720e-01	-4.249216e-02
8.062976e-01	-4.735098e-02
8.063232e-01	-5.212118e-02
8.063488e-01	-5.706334e-02
8.063744e-01	-6.176485e-02
8.064000e-01	-6.660181e-02
8.064256e-01	-7.143790e-02
8.064512e-01	-7.613953e-02
8.064768e-01	-8.096752e-02
8.065024e-01	-8.567870e-02
8.065280e-01	-9.055921e-02
8.065536e-01	-9.527559e-02
8.065792e-01	-9.998709e-02
8.066048e-01	-1.047602e-01
8.066304e-01	-1.093924e-01
8.066560e-01	-1.141378e-01
8.066816e-01	-1.188625e-01
8.067072e-01	-1.234829e-01
8.067328e-01	-1.280878e-01
8.067584e-01	-1.327938e-01
8.067840e-01	-1.372724e-01
8.068096e-01	-1.420188e-01
8.068352e-01	-1.465436e-01
8.068608e-01	-1.510833e-01
8.068864e-01	-1.556369e-01
8.069120e-01	-1.599925e-01
8.069376e-01	-1.645511e-01
8.069632e-01	-1.690421e-01
8.069888e-01	-1.733536e-01
8.070144e-01	-1.778206e-01
8.070400e-01	-1.818988e-01
8.070656e-01	-1.863634e-01
8.070912e-01	-1.906428e-01
8.071168e-01	-1.949502e-01
8.071424e-01	-1.989280e-01
8.071680e-01	-2.029923e-01
8.071936e-01	-2.073662e-01
8.072192e-01	-2.112571e-01
8.072448e-01	-2.154268e-01
8.072704e-01	-2.193548e-01
8.072960e-01	-2.233130e-01
8.073216e-01	-2.273028e-01
8.073472e-01	-2.309713e-01
8.073728e-01	-2.347354e-01
8.073984e-01	-2.385465e-01
8.074240e-01	-2.423499e-01
8.074496e-01	-2.458040e-01
8.074752e-01	-2.495752e-01
8.075008e-01	-2.530006e-01
8.075264e-01	-2.566895e-01
8.075520e-01	-2.600984e-01
8.075776e-01	-2.633323e-01
8.076032e-01	-2.666669e-01
8.076288e-01	-2.699141e-01
8.076544e-01	-2.732912e-01
8.076800e-01	-2.763609e-01
8.077056e-01	-2.794628e-01
8.077312e-01	-2.826131e-01
8.077568e-01	-2.853929e-01
8.077824e-01	-2.885222e-01
8.078080e-01	-2.913204e-01
8.078336e-01	-2.940457e-01
8.078592e-01	-2.968845e-01
8.078848e-01	-2.994331e-01
8.079104e-01	-3.020907e-01
8.079360e-01	-3.046146e-01
8.079616e-01	-3.071002e-01
8.079872e-01	-3.096053e-01
8.080128e-01	-3.118076e-01
8.080384e-01	-3.141460e-01
8.080640e-01	-3.162977e-01
8.080896e-01	-3.184644e-01
8.081152e-01	-3.203946e-01
8.081408e-01	-3.225259e-01
8.081664e-01	-3.245370e-01
8.081920e-01	-3.262778e-01
8.082176e-01	-3.280863e-01
8.082432e-01	-3.297567e-01
8.082688e-01	-3.313592e-01
8.082944e-01	-3.329762e-01
8.083200e-01	-3.344385e-01
8.083456e-01	-3.358799e-01
8.083712e-01	-3.372041e-01
8.083968e-01	-3.385381e-01
8.084224e-01	-3.398164e-01
8.084480e-01	-3.408478e-01
8.084736e-01	-3.417715e-01
8.084992e-01	-3.428102e-01
8.085248e-01	-3.436605e-01
8.085504e-01	-3.445656e-01
8.085760e-01	-3.452077e-01
8.086016e-01	-3.458574e-01
8.086272e-01	-3.464746e-01
8.086528e-01	-3.469349e-01
8.086784e-01	-3.473234e-01
8.087040e-01	-3.477597e-01
8.087296e-01	-3.479990e-01
8.087552e-01	-3.482177e-01
8.087808e-01	-3.483198e-01
8.088064e-01	-3.484210e-01
8.088320e-01	-3.483696e-01
8.088576e-01	-3.481629e-01
8.088832e-01	-3.480087e-01
8.089088e-01	-3.477657e-01
8.089344e-01	-3.473507e-01
8.089600e-01	-3.470118e-01
8.089856e-01	-3.463696e-01
8.090112e-01	-3.459814e-01
8.090368e-01	-3.452757e-01
8.090624e-01	-3.444004e-01
8.090880e-01	-3.437500e-01
8.091136e-01	-3.429164e-01
8.091392e-01	-3.419379e-01
8.091648e-01	-3.409250e-01
8.091904e-01	-3.396585e-01
8.092160e-01	-3.385137e-01
8.092416e-01	-3.373426e-01
8.092672e-01	-3.359646e-01
8.092928e-01	-3.344202e-01
8.093184e-01	-3.330795e-01
8.093440e-01	-3.315687e-01
8.093696e-01	-3.298852e-01
8.093952e-01	-3.281398e-01
8.094208e-01	-3.265129e-01
8.094464e-01	-3.245919e-01
8.094720e-01	-3.226321e-01
8.094976e-01	-3.207254e-01
8.095232e-01	-3.186090e-01
8.095488e-01	-3.164102e-01
8.095744e-01	-3.142755e-01
8.096000e-01	-3.119988e-01
8.096256e-01	-3.096966e-01
8.096512e-01	-3.071611e-01
8.096768e-01	-3.047675e-01
8.097024e-01	-3.022293e-01
8.097280e-01	-2.996625e-01
8.097536e-01	-2.969914e-01
8.097792e-01	-2.941301e-01
8.098048e-01	-2.914660e-01
8.098304e-01	-2.885335e-01
8.098560e-01	-2.855777e-01
8.098816e-01	-2.827538e-01
8.099072e-01	-2.795238e-01
8.099328e-01	-2.765016e-01
8.099584e-01	-2.733708e-01
8.099840e-01	-2.701737e-01
8.100096e-01	-2.668863e-01
8.100352e-01	-2.635430e-01
8.100608e-01	-2.602463e-01
8.100864e-01	-2.566594e-01
8.101120e-01	-2.531619e-01
8.101376e-01	-2.497347e-01
8.101632e-01	-2.459558e-01
8.101888e-01	-2.425694e-01
8.102144e-01	-2.386721e-01
8.102400e-01	-2.349590e-01
8.102656e-01	-2.312281e-01
8.102912e-01	-2.272992e-01
8.103168e-01	-2.234110e-01
8.103424e-01	-2.194796e-01
8.103680e-01	-2.155303e-01
8.103936e-01	-2.115029e-01
8.104192e-01	-2.074306e-01
8.104448e-01	-2.033285e-01
8.104704e-01	-1.991881e-01
8.104960e-01	-1.949901e-01
8.105216e-01	-1.907692e-01
8.105472e-01	-1.865467e-01
8.105728e-01	-1.821541e-01
8.105984e-01	-1.778989e-01
8.106240e-01	-1.734723e-01
8.106496e-01	-1.692257e-01
8.106752e-01	-1.646940e-01
8.107008e-01	-1.602432e-01
8.107264e-01	-1.557989e-01
8.107520e-01	-1.512936e-01
8.107776e-01	-1.467962e-01
8.108032e-01	-1.422225e-01
8.108288e-01	-1.375595e-01
8.108544e-01	-1.329625e-01
8.108800e-01	-1.283244e-01
8.109056e-01	-1.236275e-01
8.109312e-01	-1.190258e-01
8.109568e-01	-1.143429e-01
8.109824e-01	-1.096591e-01
8.110080e-01	-1.049348e-01
8.110336e-01	-1.001184e-01
8.110592e-01	-9.554144e-02
8.110848e-01	-9.071913e-02
8.111104e-01	-8.583052e-02
8.111360e-01	-8.101759e-02
8.111616e-01	-7.636748e-02
8.111872e-01	-7.157831e-02
8.112128e-01	-6.670577e-02
8.112384e-01	-6.189911e-02
8.112640e-01	-5.714426e-02
8.112896e-01	-5.224061e-02
8.113152e-01	-4.748197e-02
8.113408e-01	-4.258987e-02
8.113664e-01	-3.776126e-02
8.113920e-01	-3.315231e-02
8.114176e-01	-2.836310e-02
8.114432e-01	-2.338920e-02
8.114688e-01	-1.866549e-02
8.114944e-01	-1.383503e-02
8.115200e-01	-9.155313e-03
8.115456e-01	-4.328995e-03
8.115712e-01	4.505315e-04
8.115968e-01	5.230595e-03
8.116224e-01	9.922019e-03
8.116480e-01	1.452252e-02
8.116736e-01	1.930518e-02
8.116992e-01	2.400937e-02
8.117248e-01	2.862094e-02
8.117504e-01	3.308022e-02
8.117760e-01	3.784249e-02
8.118016e-01	4.253272e-02
8.118272e-01	4.690488e-02
8.118528e-01	5.162036e-02
8.118784e-01	5.601359e-02
8.119040e-01	6.056915e-02
8.119296e-01	6.493112e-02
8.119552e-01	6.938508e-02
8.119808e-01	7.377953e-02
8.120064e-01	7.815772e-02
8.120320e-01	8.251059e-02
8.120576e-01	8.679894e-02
8.120832e-01	9.098615e-02
8.121088e-01	9.528088e-02
8.121344e-01	9.954537e-02
8.121600e-01	1.036391e-01
8.121856e-01	1.077325e-01
8.122112e-01	1.118285e-01
8.122368e-01	1.158562e-01
8.122624e-01	1.198742e-01
8.122880e-01	1.237708e-01
8.123136e-01	1.276506e-01
8.123392e-01	1.314826e-01
8.123648e-01	1.353878e-01
8.123904e-01	1.390393e-01
8.124160e-01	1.427868e-01
8.124416e-01	1.464109e-01
8.124672e-01	1.500994e-01
8.124928e-01	1.535041e-01
8.125184e-01	1.570716e-01
8.125440e-01	1.606034e-01
8.125696e-01	1.638575e-01
8.125952e-01	1.672647e-01
8.126208e-01	1.705244e-01
8.126464e-01	1.738135e-01
8.126720e-01	1.768704e-01
8.126976e-01	1.799762e-01
8.127232e-01	1.831070e-01
8.127488e-01	1.859906e-01
8.127744e-01	1.890310e-01
8.128000e-01	1.917833e-01
8.128256e-01	1.946636e-01
8.128512e-01	1.972604e-01
8.128768e-01	1.999672e-01
8.129024e-01	2.025879e-01
8.129280e-01	2.051307e-01
8.129536e-01	2.075983e-01
8.129792e-01	2.101115e-01
8.130048e-01	2.124011e-01
8.130304e-01	2.147125e-01
8.130560e-01	2.169081e-01
8.130816e-01	2.189451e-01
8.131072e-01	2.211263e-01
8.131328e-01	2.230847e-01
8.131584e-01	2.250271e-01
8.131840e-01	2.269068e-01
8.132096e-01	2.286054e-01
8.132352e-01	2.304220e-01
8.132608e-01	2.319359e-01
8.132864e-01	2.335318e-01
8.133120e-01	2.350598e-01
8.133376e-01	2.365345e-01
8.133632e-01	2.378366e-01
8.133888e-01	2.390699e-01
8.134144e-01	2.402494e-01
8.134400e-01	2.415409e-01
8.134656e-01	2.423238e-01
8.134912e-01	2.433520e-01
8.135168e-01	2.442810e-01
8.135424e-01	2.450791e-01
8.135680e-01	2.457985e-01
8.135936e-01	2.464442e-01
8.136192e-01	2.470390e-01
8.136448e-01	2.475950e-01
8.136704e-01	2.479998e-01
8.136960e-01	2.483115e-01
8.137216e-01	2.485645e-01
8.137472e-01	2.489066e-01
8.137728e-01	2.489539e-01
8.137984e-01	2.489185e-01
8.138240e-01	2.489743e-01
8.138496e-01	2.488137e-01
8.138752e-01	2.486078e-01
8.139008e-01	2.483083e-01
8.139264e-01	2.479649e-01
8.139520e-01	2.476749e-01
8.139776e-01	2.471053e-01
8.140032e-01	2.464762e-01
8.140288e-01	2.459518e-01
8.140544e-01	2.452743e-01
8.140800e-01	2.441795e-01
8.141056e-01	2.434723e-01
8.141312e-01	2.425649e-01
8.141568e-01	2.414716e-01
8.141824e-01	2.402954e-01
8.142080e-01	2.391620e-01
8.142336e-01	2.378685e-01
8.142592e-01	2.365777e-01
8.142848e-01	2.351077e-01
8.143104e-01	2.337693e-01
8.143360e-01	2.321728e-01
8.143616e-01	2.305300e-01
8.143872e-01	2.289127e-01
8.144128e-01	2.269655e-01
8.144384e-01	2.251148e-01
8.144640e-01	2.233019e-01
8.144896e-01	2.212978e-01
8.145152e-01	2.192687e-01
8.145408e-01	2.170265e-01
8.145664e-01	2.150220e-01
8.145920e-01	2.127454e-01
8.146176e-01	2.102771e-01
8.146432e-01	2.079811e-01
8.146688e-01	2.054245e-01
8.146944e-01	2.027664e-01
8.147200e-01	2.003230e-01
8.147456e-01	1.975557e-01
8.147712e-01	1.949483e-01
8.147968e-01	1.920844e-01
8.148224e-01	1.893486e-01
8.148480e-01	1.864094e-01
8.148736e-01	1.832961e-01
8.148992e-01	1.802724e-01
8.149248e-01	1.772124e-01
8.149504e-01	1.739288e-01
8.149760e-01	1.708214e-01
8.150016e-01	1.676259e-01
8.150272e-01	1.641888e-01
8.150528e-01	1.608762e-01
8.150784e-01	1.574459e-01
8.151040e-01	1.539145e-01
8.151296e-01	1.504727e-01
8.151552e-01	1.468047e-01
8.151808e-01	1.431062e-01
8.152064e-01	1.394574e-01
8.152320e-01	1.358139e-01
8.152576e-01	1.318757e-01
8.152832e-01	1.280824e-01
8.153088e-01	1.241720e-01
8.153344e-01	1.204076e-01
8.153600e-01	1.162523e-01
8.153856e-01	1.122856e-01
8.154112e-01	1.082405e-01
8.154368e-01	1.039983e-01
8.154624e-01	9.998554e-02
8.154880e-01	9.580625e-02
8.155136e-01	9.156738e-02
8.155392e-01	8.730322e-02
8.155648e-01	8.293699e-02
8.155904e-01	7.870770e-02
8.156160e-01	7.431295e-02
8.156416e-01	6.992412e-02
8.156672e-01	6.547718e-02
8.156928e-01	6.105663e-02
8.157184e-01	5.652613e-02
8.157440e-01	5.202800e-02
8.157696e-01	4.739114e-02
8.157952e-01	4.304216e-02
8.158208e-01	3.848946e-02
8.158464e-01	3.371461e-02
8.158720e-01	2.905842e-02
8.158976e-01	2.440815e-02
8.159232e-01	1.977495e-02
8.159488e-01	1.511018e-02
8.159744e-01	1.044197e-02
8.160000e-01	5.750848e-03
8.160256e-01	7.807924e-04
8.160512e-01	-3.809071e-03
8.160768e-01	-8.539295e-03
8.161024e-01	-1.331087e-02
8.161280e-01	-1.814965e-02
8.161536e-01	-2.275462e-02
8.161792e-01	-2.767214e-02
8.162048e-01	-3.245078e-02
8.162304e-01	-3.715513e-02
8.162560e-01	-4.201752e-02
8.162816e-01	-4.696502e-02
8.163072e-01	-5.168631e-02
8.163328e-01	-5.641572e-02
8.163584e-01	-6.128614e-02
8.163840e-01	-6.597888e-02
8.164096e-01	-7.094013e-02
8.164352e-01	-7.575735e-02
8.164608e-01	-8.047920e-02
8.164864e-01	-8.535364e-02
8.165120e-01	-9.002184e-02
8.165376e-01	-9.483769e-02
8.165632e-01	-9.955583e-02
8.165888e-01	-1.043085e-01
8.166144e-01	-1.089024e-01
8.166400e-01	-1.137740e-01
8.166656e-01	-1.183911e-01
8.166912e-01	-1.231046e-01
8.167168e-01	-1.276908e-01
8.167424e-01	-1.323171e-01
8.167680e-01	-1.371051e-01
8.167936e-01	-1.415351e-01
8.168192e-01	-1.461013e-01
8.168448e-01	-1.506712e-01
8.168704e-01	-1.551166e-01
8.168960e-01	-1.597337e-01
8.169216e-01	-1.641616e-01
8.169472e-01	-1.685680e-01
8.169728e-01	-1.729829e-01
8.169984e-01	-1.774344e-01
8.170240e-01	-1.816502e-01
8.170496e-01	-1.859151e-01
8.170752e-01	-1.901863e-01
8.171008e-01	-1.944405e-01
8.171264e-01	-1.986708e-01
8.171520e-01	-2.028273e-01
8.171776e-01	-2.067805e-01
8.172032e-01	-2.110967e-01
8.172288e-01	-2.150017e-01
8.172544e-01	-2.190130e-01
8.172800e-01	-2.229622e-01
8.173056e-01	-2.267419e-01
8.173312e-01	-2.307356e-01
8.173568e-01	-2.345769e-01
8.173824e-01	-2.381324e-01
8.174080e-01	-2.419432e-01
8.174336e-01	-2.456330e-01
8.174592e-01	-2.492177e-01
8.174848e-01	-2.527918e-01
8.175104e-01	-2.563083e-01
8.175360e-01	-2.597519e-01
8.175616e-01	-2.630751e-01
8.175872e-01	-2.664023e-01
8.176128e-01	-2.697783e-01
8.176384e-01	-2.727851e-01
8.176640e-01	-2.761712e-01
8.176896e-01	-2.792420e-01
8.177152e-01	-2.822685e-01
8.177408e-01	-2.852684e-01
8.177664e-01	-2.882579e-01
8.177920e-01	-2.911107e-01
8.178176e-01	-2.938095e-01
8.178432e-01	-2.966239e-01
8.178688e-01	-2.993611e-01
8.178944e-01	-3.019097e-01
8.179200e-01	-3.043391e-01
8.179456e-01	-3.068188e-01
8.179712e-01	-3.093888e-01
8.179968e-01	-3.116193e-01
8.180224e-01	-3.139826e-01
8.180480e-01	-3.162043e-01
8.180736e-01	-3.183277e-01
8.180992e-01	-3.204239e-01
8.181248e-01	-3.224650e-01
8.181504e-01	-3.243054e-01
8.181760e-01	-3.261729e-01
8.182016e-01	-3.279254e-01
8.182272e-01	-3.296059e-01
8.182528e-01	-3.312438e-01
8.182784e-01	-3.328880e-01
8.183040e-01	-3.343037e-01
8.183296e-01	-3.356906e-01
8.183552e-01	-3.371556e-01
8.183808e-01	-3.383912e-01
8.184064e-01	-3.394724e-01
8.184320e-01	-3.407687e-01
8.184576e-01	-3.418013e-01
8.184832e-01	-3.428179e-01
8.185088e-01	-3.436105e-01
8.185344e-01	-3.444337e-01
8.185600e-01	-3.452631e-01
8.185856e-01	-3.459617e-01
8.186112e-01	-3.464061e-01
8.186368e-01	-3.469879e-01
8.186624e-01	-3.473920e-01
8.186880e-01	-3.478174e-01
8.187136e-01	-3.479712e-01
8.187392e-01	-3.481593e-01
8.187648e-01	-3.483807e-01
8.187904e-01	-3.484765e-01
8.188160e-01	-3.483781e-01
8.188416e-01	-3.482678e-01
8.188672e-01	-3.480709e-01
8.188928e-01	-3.478964e-01
8.189184e-01	-3.475225e-01
8.189440e-01	-3.470494e-01
8.189696e-01	-3.465858e-01
8.189952e-01	-3.461171e-01
8.190208e-01	-3.453440e-01
8.190464e-01	-3.446603e-01
8.190720e-01	-3.438767e-01
8.190976e-01	-3.428457e-01
8.191232e-01	-3.420358e-01
8.191488e-01	-3.410701e-01
8.191744e-01	-3.398658e-01
8.192000e-01	-3.387493e-01
8.192256e-01	-3.374077e-01
8.192512e-01	-3.361101e-01
8.192768e-01	-3.347428e-01
8.193024e-01	-3.332296e-01
8.193280e-01	-3.315107e-01
8.193536e-01	-3.301396e-01
8.193792e-01	-3.283657e-01
8.194048e-01	-3.265345e-01
8.194304e-01	-3.246426e-01
8.194560e-01	-3.228342e-01
8.194816e-01	-3.207214e-01
8.195072e-01	-3.187633e-01
8.195328e-01	-3.167221e-01
8.195584e-01	-3.144808e-01
8.195840e-01	-3.122415e-01
8.196096e-01	-3.098943e-01
8.196352e-01	-3.075806e-01
8.196608e-01	-3.049566e-01
8.196864e-01	-3.024907e-01
8.197120e-01	-2.999340e-01
8.197376e-01	-2.971877e-01
8.197632e-01	-2.946066e-01
8.197888e-01	-2.916242e-01
8.198144e-01	-2.889093e-01
8.198400e-01	-2.858181e-01
8.198656e-01	-2.829910e-01
8.198912e-01	-2.799654e-01
8.199168e-01	-2.767960e-01
8.199424e-01	-2.736813e-01
8.199680e-01	-2.704906e-01
8.199936e-01	-2.671935e-01
8.200192e-01	-2.639105e-01
8.200448e-01	-2.604882e-01
8.200704e-01	-2.570439e-01
8.200960e-01	-2.536527e-01
8.201216e-01	-2.499790e-01
8.201472e-01	-2.464040e-01
8.201728e-01	-2.427752e-01
8.201984e-01	-2.390458e-01
8.202240e-01	-2.354363e-01
8.202496e-01	-2.315941e-01
8.202752e-01	-2.278302e-01
8.203008e-01	-2.238484e-01
8.203264e-01	-2.199528e-01
8.203520e-01	-2.159465e-01
8.203776e-01	-2.119024e-01
8.204032e-01	-2.077709e-01
8.204288e-01	-2.037084e-01
8.204544e-01	-1.996479e-01
8.204800e-01	-1.954689e-01
8.205056e-01	-1.911675e-01
8.205312e-01	-1.869772e-01
8.205568e-01	-1.826877e-01
8.205824e-01	-1.783917e-01
8.206080e-01	-1.739848e-01
8.206336e-01	-1.695953e-01
8.206592e-01	-1.651740e-01
8.206848e-01	-1.607500e-01
8.207104e-01	-1.562617e-01
8.207360e-01	-1.517932e-01
8.207616e-01	-1.471935e-01
8.207872e-01	-1.425946e-01
8.208128e-01	-1.380465e-01
8.208384e-01	-1.334499e-01
8.208640e-01	-1.287314e-01
8.208896e-01	-1.242439e-01
8.209152e-01	-1.193588e-01
8.209408e-01	-1.147820e-01
8.209664e-01	-1.101967e-01
8.209920e-01	-1.054384e-01
8.210176e-01	-1.004888e-01
8.210432e-01	-9.585748e-02
8.210688e-01	-9.115203e-02
8.210944e-01	-8.634728e-02
8.211200e-01	-8.154619e-02
8.211456e-01	-7.684956e-02
8.211712e-01	-7.202639e-02
8.211968e-01	-6.713981e-02
8.212224e-01	-6.236440e-02
8.212480e-01	-5.757028e-02
8.212736e-01	-5.267975e-02
8.212992e-01	-4.805496e-02
8.213248e-01	-4.309885e-02
8.213504e-01	-3.826924e-02
8.213760e-01	-3.350943e-02
8.214016e-01	-2.869420e-02
8.214272e-01	-2.401550e-02
8.214528e-01	-1.906925e-02
8.214784e-01	-1.434870e-02
8.215040e-01	-9.629499e-03
8.215296e-01	-4.757769e-03
8.215552e-01	-1.130980e-04
8.215808e-01	4.745855e-03
8.216064e-01	9.376013e-03
8.216320e-01	1.419056e-02
8.216576e-01	1.885431e-02
8.216832e-01	2.355931e-02
8.217088e-01	2.805584e-02
8.217344e-01	3.275339e-02
8.217600e-01	3.735391e-02
8.217856e-01	4.194546e-02
8.218112e-01	4.667307e-02
8.218368e-01	5.103001e-02
8.218624e-01	5.555697e-02
8.218880e-01	6.012272e-02
8.219136e-01	6.443212e-02
8.219392e-01	6.895719e-02
8.219648e-01	7.331984e-02
8.219904e-01	7.773482e-02
8.220160e-01	8.202354e-02
8.220416e-01	8.626858e-02
8.220672e-01	9.059495e-02
8.220928e-01	9.493745e-02
8.221184e-01	9.902921e-02
8.221440e-01	1.033661e-01
8.221696e-01	1.072278e-01
8.221952e-01	1.113982e-01
8.222208e-01	1.153991e-01
8.222464e-01	1.194142e-01
8.222720e-01	1.234017e-01
8.222976e-01	1.272184e-01
8.223232e-01	1.310845e-01
8.223488e-01	1.348294e-01
8.223744e-01	1.386895e-01
8.224000e-01	1.423821e-01
8.224256e-01	1.460713e-01
8.224512e-01	1.496480e-01
8.224768e-01	1.532009e-01
8.225024e-01	1.567311e-01
8.225280e-01	1.602131e-01
8.225536e-01	1.636635e-01
8.225792e-01	1.668296e-01
8.226048e-01	1.702747e-01
8.226304e-01	1.734528e-01
8.226560e-01	1.766323e-01
8.226816e-01	1.796374e-01
8.227072e-01	1.828634e-01
8.227328e-01	1.857472e-01
8.227584e-01	1.887139e-01
8.227840e-01	1.916100e-01
8.228096e-01	1.943250e-01
8.228352e-01	1.971761e-01
8.228608e-01	1.997900e-01
8.228864e-01	2.024437e-01
8.229120e-01	2.050234e-01
8.229376e-01	2.073631e-01
8.229632e-01	2.099270e-01
8.229888e-01	2.121439e-01
8.230144e-01	2.145302e-01
8.230400e-01	2.167887e-01
8.230656e-01	2.188043e-01
8.230912e-01	2.208771e-01
8.231168e-01	2.228989e-01
8.231424e-01	2.248390e-01
8.231680e-01	2.265922e-01
8.231936e-01	2.284528e-01
8.232192e-01	2.302702e-01
8.232448e-01	2.317569e-01
8.232704e-01	2.335457e-01
8.232960e-01	2.347575e-01
8.233216e-01	2.362352e-01
8.233472e-01	2.376555e-01
8.233728e-01	2.390452e-01
8.233984e-01	2.402195e-01
8.234240e-01	2.412564e-01
8.234496e-01	2.423175e-01
8.234752e-01	2.432358e-01
8.235008e-01	2.441369e-01
8.235264e-01	2.449548e-01
8.235520e-01	2.457206e-01
8.235776e-01	2.465070e-01
8.236032e-01	2.470463e-01
8.236288e-01	2.475213e-01
8.236544e-01	2.479632e-01
8.236800e-01	2.483746e-01
8.237056e-01	2.485518e-01
8.237312e-01	2.488279e-01
8.237568e-01	2.489779e-01
8.237824e-01	2.490164e-01
8.238080e-01	2.489355e-01
8.238336e-01	2.488796e-01
8.238592e-01	2.486739e-01
8.238848e-01	2.484721e-01
8.239104e-01	2.480365e-01
8.239360e-01	2.477188e-01
8.239616e-01	2.472005e-01
8.239872e-01	2.465845e-01
8.240128e-01	2.459030e-01
8.240384e-01	2.453518e-01
8.240640e-01	2.444003e-01
8.240896e-01	2.434640e-01
8.241152e-01	2.425411e-01
8.241408e-01	2.416160e-01
8.241664e-01	2.404388e-01
8.241920e-01	2.393548e-01
8.242176e-01	2.380730e-01
8.242432e-01	2.366544e-01
8.242688e-01	2.353451e-01
8.242944e-01	2.338738e-01
8.243200e-01	2.322846e-01
8.243456e-01	2.306841e-01
8.243712e-01	2.290139e-01
8.243968e-01	2.272689e-01
8.244224e-01	2.253414e-01
8.244480e-01	2.235077e-01
8.244736e-01	2.214141e-01
8.244992e-01	2.194202e-01
8.245248e-01	2.171691e-01
8.245504e-01	2.151453e-01
8.245760e-01	2.128428e-01
8.246016e-01	2.104984e-01
8.246272e-01	2.081082e-01
8.246528e-01	2.056293e-01
8.246784e-01	2.031635e-01
8.247040e-01	2.006184e-01
8.247296e-01	1.979180e-01
8.247552e-01	1.952254e-01
8.247808e-01	1.924532e-01
8.248064e-01	1.895358e-01
8.248320e-01	1.865772e-01
8.248576e-01	1.837691e-01
8.248832e-01	1.804687e-01
8.249088e-01	1.775208e-01
8.249344e-01	1.744439e-01
8.249600e-01	1.712353e-01
8.249856e-01	1.678218e-01
8.250112e-01	1.645078e-01
8.250368e-01	1.612410e-01
8.250624e-01	1.577794e-01
8.250880e-01	1.542599e-01
8.251136e-01	1.507860e-01
8.251392e-01	1.471573e-01
8.251648e-01	1.435444e-01
8.251904e-01	1.398378e-01
8.252160e-01	1.361152e-01
8.252416e-01	1.322108e-01
8.252672e-01	1.285022e-01
8.252928e-01	1.246160e-01
8.253184e-01	1.206802e-01
8.253440e-01	1.166918e-01
8.253696e-01	1.127438e-01
8.253952e-01	1.085442e-01
8.254208e-01	1.045060e-01
8.254464e-01	1.003298e-01
8.254720e-01	9.619191e-02
8.254976e-01	9.196043e-02
8.255232e-01	8.772670e-02
8.255488e-01	8.338609e-02
8.255744e-01	7.915192e-02
8.256000e-01	7.479160e-02
8.256256e-01	7.031869e-02
8.256512e-01	6.587744e-02
8.256768e-01	6.145317e-02
8.257024e-01	5.694527e-02
8.257280e-01	5.250607e-02
8.257536e-01	4.790656e-02
8.257792e-01	4.334242e-02
8.258048e-01	3.883477e-02
8.258304e-01	3.433000e-02
8.258560e-01	2.952771e-02
8.258816e-01	2.487053e-02
8.259072e-01	2.032305e-02
8.259328e-01	1.559795e-02
8.259584e-01	1.079740e-02
8.259840e-01	6.291532e-03
8.260096e-01	1.318175e-03
8.260352e-01	-3.389793e-03
8.260608e-01	-8.012587e-03
8.260864e-01	-1.288641e-02
8.261120e-01	-1.765715e-02
8.261376e-01	-2.234598e-02
8.261632e-01	-2.729837e-02
8.261888e-01	-3.203429e-02
8.262144e-01	-3.684137e-02
8.262400e-01	-4.159441e-02
8.262656e-01	-4.650328e-02
8.262912e-01	-5.120045e-02
8.263168e-01	-5.597726e-02
8.263424e-01	-6.081485e-02
8.263680e-01	-6.560762e-02
8.263936e-01	-7.041267e-02
8.264192e-01	-7.532336e-02
8.264448e-01	-7.997862e-02
8.264704e-01	-8.469878e-02
8.264960e-01	-8.958743e-02
8.265216e-01	-9.426896e-02
8.265472e-01	-9.892467e-02
8.265728e-01	-1.039143e-01
8.265984e-01	-1.085144e-01
8.266240e-01	-1.131847e-01
8.266496e-01	-1.178812e-01
8.266752e-01	-1.225970e-01
8.267008e-01	-1.271934e-01
8.267264e-01	-1.318724e-01
8.267520e-01	-1.364564e-01
8.267776e-01	-1.411342e-01
8.268032e-01	-1.456006e-01
8.268288e-01	-1.502016e-01
8.268544e-01	-1.545751e-01
8.268800e-01	-1.592359e-01
8.269056e-01	-1.637551e-01
8.269312e-01	-1.680629e-01
8.269568e-01	-1.723941e-01
8.269824e-01	-1.769762e-01
8.270080e-01	-1.810661e-01
8.270336e-01	-1.854826e-01
8.270592e-01	-1.898909e-01
8.270848e-01	-1.939511e-01
8.271104e-01	-1.981555e-01
8.271360e-01	-2.024008e-01
8.271616e-01	-2.063683e-01
8.271872e-01	-2.105266e-01
8.272128e-01	-2.145747e-01
8.272384e-01	-2.185861e-01
8.272640e-01	-2.225041e-01
8.272896e-01	-2.263617e-01
8.273152e-01	-2.301407e-01
8.273408e-01	-2.341393e-01
8.273664e-01	-2.376982e-01
8.273920e-01	-2.415301e-01
8.274176e-01	-2.451788e-01
8.274432e-01	-2.487859e-01
8.274688e-01	-2.523871e-01
8.274944e-01	-2.558509e-01
8.275200e-01	-2.593364e-01
8.275456e-01	-2.627549e-01
8.275712e-01	-2.660601e-01
8.275968e-01	-2.693365e-01
8.276224e-01	-2.725385e-01
8.276480e-01	-2.758455e-01
8.276736e-01	-2.788613e-01
8.276992e-01	-2.820183e-01
8.277248e-01	-2.849466e-01
8.277504e-01	-2.879589e-01
8.277760e-01	-2.907493e-01
8.278016e-01	-2.935288e-01
8.278272e-01	-2.962242e-01
8.278528e-01	-2.989744e-01
8.278784e-01	-3.015303e-01
8.279040e-01	-3.041499e-01
8.279296e-01	-3.066544e-01
8.279552e-01	-3.090571e-01
8.279808e-01	-3.113630e-01
8.280064e-01	-3.136550e-01
8.280320e-01	-3.158808e-01
8.280576e-01	-3.181260e-01
8.280832e-01	-3.201692e-01
8.281088e-01	-3.221991e-01
8.281344e-01	-3.240395e-01
8.281600e-01	-3.259612e-01
8.281856e-01	-3.277110e-01
8.282112e-01	-3.294369e-01
8.282368e-01	-3.309910e-01
8.282624e-01	-3.327146e-01
8.282880e-01	-3.342965e-01
8.283136e-01	-3.356363e-01
8.283392e-01	-3.368413e-01
8.283648e-01	-3.384351e-01
8.283904e-01	-3.394971e-01
8.284160e-01	-3.405635e-01
8.284416e-01	-3.416984e-01
8.284672e-01	-3.426135e-01
8.284928e-01	-3.434609e-01
8.285184e-01	-3.443388e-01
8.285440e-01	-3.451274e-01
8.285696e-01	-3.458187e-01
8.285952e-01	-3.462946e-01
8.286208e-01	-3.468609e-01
8.286464e-01	-3.472687e-01
8.286720e-01	-3.476706e-01
8.286976e-01	-3.478929e-01
8.287232e-01	-3.481264e-01
8.287488e-01	-3.482504e-01
8.287744e-01	-3.483836e-01
8.288000e-01	-3.482935e-01
8.288256e-01	-3.483101e-01
8.288512e-01	-3.479742e-01
8.288768e-01	-3.478792e-01
8.289024e-01	-3.473815e-01
8.289280e-01	-3.471076e-01
8.289536e-01	-3.466091e-01
8.289792e-01	-3.459683e-01
8.290048e-01	-3.454206e-01
8.290304e-01	-3.446498e-01
8.290560e-01	-3.437985e-01
8.290816e-01	-3.429792e-01
8.291072e-01	-3.420037e-01
8.291328e-01	-3.411107e-01
8.291584e-01	-3.399650e-01
8.291840e-01	-3.387574e-01
8.292096e-01	-3.375195e-01
8.292352e-01	-3.363343e-01
8.292608e-01	-3.348255e-01
8.292864e-01	-3.333621e-01
8.293120e-01	-3.317711e-01
8.293376e-01	-3.303627e-01
8.293632e-01	-3.283837e-01
8.293888e-01	-3.267464e-01
8.294144e-01	-3.249182e-01
8.294400e-01	-3.229495e-01
8.294656e-01	-3.210351e-01
8.294912e-01	-3.189643e-01
8.295168e-01	-3.168026e-01
8.295424e-01	-3.147315e-01
8.295680e-01	-3.124804e-01
8.295936e-01	-3.101231e-01
8.296192e-01	-3.077450e-01
8.296448e-01	-3.053338e-01
8.296704e-01	-3.026033e-01
8.296960e-01	-3.000764e-01
8.297216e-01	-2.975274e-01
8.297472e-01	-2.947679e-01
8.297728e-01	-2.918829e-01
8.297984e-01	-2.891778e-01
8.298240e-01	-2.862093e-01
8.298496e-01	-2.832021e-01
8.298752e-01	-2.800891e-01
8.299008e-01	-2.771614e-01
8.299264e-01	-2.739104e-01
8.299520e-01	-2.708417e-01
8.299776e-01	-2.675090e-01
8.300032e-01	-2.642148e-01
8.300288e-01	-2.608396e-01
8.300544e-01	-2.574036e-01
8.300800e-01	-2.537949e-01
8.301056e-01	-2.503918e-01
8.301312e-01	-2.468136e-01
8.301568e-01	-2.430853e-01
8.301824e-01	-2.393981e-01
8.302080e-01	-2.356437e-01
8.302336e-01	-2.319370e-01
8.302592e-01	-2.282293e-01
8.302848e-01	-2.240979e-01
8.303104e-01	-2.203067e-01
8.303360e-01	-2.163337e-01
8.303616e-01	-2.123229e-01
8.303872e-01	-2.081139e-01
8.304128e-01	-2.042441e-01
8.304384e-01	-1.999734e-01
8.304640e-01	-1.957632e-01
8.304896e-01	-1.915240e-01
8.305152e-01	-1.872704e-01
8.305408e-01	-1.830592e-01
8.305664e-01	-1.787287e-01
8.305920e-01	-1.744000e-01
8.306176e-01	-1.699912e-01
8.306432e-01	-1.655475e-01
8.306688e-01	-1.611356e-01
8.306944e-01	-1.564984e-01
8.307200e-01	-1.521119e-01
8.307456e-01	-1.475662e-01
8.307712e-01	-1.430668e-01
8.307968e-01	-1.384153e-01
8.308224e-01	-1.339241e-01
8.308480e-01	-1.290881e-01
8.308736e-01	-1.246028e-01
8.308992e-01	-1.198422e-01
8.309248e-01	-1.151931e-01
8.309504e-01	-1.104593e-01
8.309760e-01	-1.058375e-01
8.310016e-01	-1.009796e-01
8.310272e-01	-9.622700e-02
8.310528e-01	-9.155157e-02
8.310784e-01	-8.676595e-02
8.311040e-01	-8.198156e-02
8.311296e-01	-7.721525e-02
8.311552e-01	-7.242849e-02
8.311808e-01	-6.763175e-02
8.312064e-01	-6.274755e-02
8.312320e-01	-5.809715e-02
8.312576e-01	-5.314967e-02
8.312832e-01	-4.850248e-02
8.313088e-01	-4.356200e-02
8.313344e-01	-3.875725e-02
8.313600e-01	-3.409680e-02
8.313856e-01	-2.916714e-02
8.314112e-01	-2.435054e-02
8.314368e-01	-1.962979e-02
8.314624e-01	-1.475292e-02
8.314880e-01	-1.015120e-02
8.315136e-01	-5.202583e-03
8.315392e-01	-6.083275e-04
8.315648e-01	4.289370e-03
8.315904e-01	8.951720e-03
8.316160e-01	1.378284e-02
8.316416e-01	1.828401e-02
8.316672e-01	2.310124e-02
8.316928e-01	2.779748e-02
8.317184e-01	3.227843e-02
8.317440e-01	3.694787e-02
8.317696e-01	4.161596e-02
8.317952e-01	4.620025e-02
8.318208e-01	5.069228e-02
8.318464e-01	5.522983e-02
8.318720e-01	5.988930e-02
8.318976e-01	6.414421e-02
8.319232e-01	6.863343e-02
8.319488e-01	7.293937e-02
8.319744e-01	7.748179e-02
8.320000e-01	8.163284e-02
8.320256e-01	8.600523e-02
8.320512e-01	9.025224e-02
8.320768e-01	9.452756e-02
8.321024e-01	9.861614e-02
8.321280e-01	1.028618e-01
8.321536e-01	1.070035e-01
8.321792e-01	1.109871e-01
8.322048e-01	1.150906e-01
8.322304e-01	1.191087e-01
8.322560e-01	1.229106e-01
8.322816e-01	1.269789e-01
8.323072e-01	1.306444e-01
8.323328e-01	1.346947e-01
8.323584e-01	1.383848e-01
8.323840e-01	1.420198e-01
8.324096e-01	1.456606e-01
8.324352e-01	1.494539e-01
8.324608e-01	1.528820e-01
8.324864e-01	1.565003e-01
8.325120e-01	1.599151e-01
8.325376e-01	1.632785e-01
8.325632e-01	1.666145e-01
8.325888e-01	1.699203e-01
8.326144e-01	1.731147e-01
8.326400e-01	1.763027e-01
8.326656e-01	1.794156e-01
8.326912e-01	1.825229e-01
8.327168e-01	1.853587e-01
8.327424e-01	1.884276e-01
8.327680e-01	1.912262e-01
8.327936e-01	1.941420e-01
8.328192e-01	1.968308e-01
8.328448e-01	1.996431e-01
8.328704e-01	2.020531e-01
8.328960e-01	2.047631e-01
8.329216e-01	2.071937e-01
8.329472e-01	2.096459e-01
8.329728e-01	2.119647e-01
8.329984e-01	2.143237e-01
8.330240e-01	2.164619e-01
8.330496e-01	2.187735e-01
8.330752e-01	2.207181e-01
8.331008e-01	2.227813e-01
8.331264e-01	2.246909e-01
8.331520e-01	2.265366e-01
8.331776e-01	2.283575e-01
8.332032e-01	2.300773e-01
8.332288e-01	2.316213e-01
8.332544e-01	2.332252e-01
8.332800e-01	2.348021e-01
8.333056e-01	2.363902e-01
8.333312e-01	2.376433e-01
8.333568e-01	2.388952e-01
8.333824e-01	2.400177e-01
8.334080e-01	2.412275e-01
8.334336e-01	2.421793e-01
8.334592e-01	2.433739e-01
8.334848e-01	2.440841e-01
8.335104e-01	2.450444e-01
8.335360e-01	2.456550e-01
8.335616e-01	2.464484e-01
8.335872e-01	2.469494e-01
8.336128e-01	2.475405e-01
8.336384e-01	2.480152e-01
8.336640e-01	2.482779e-01
8.336896e-01	2.485813e-01
8.337152e-01	2.489728e-01
8.337408e-01	2.489928e-01
8.337664e-01	2.490738e-01
8.337920e-01	2.489857e-01
8.338176e-01	2.489627e-01
8.338432e-01	2.486971e-01
8.338688e-01	2.485629e-01
8.338944e-01	2.481410e-01
8.339200e-01	2.478093e-01
8.339456e-01	2.470913e-01
8.339712e-01	2.467763e-01
8.339968e-01	2.461615e-01
8.340224e-01	2.453167e-01
8.340480e-01	2.444536e-01
8.340736e-01	2.437399e-01
8.340992e-01	2.427498e-01
8.341248e-01	2.418359e-01
8.341504e-01	2.405475e-01
8.341760e-01	2.395982e-01
8.342016e-01	2.380902e-01
8.342272e-01	2.369468e-01
8.342528e-01	2.355882e-01
8.342784e-01	2.340389e-01
8.343040e-01	2.324897e-01
8.343296e-01	2.309422e-01
8.343552e-01	2.291778e-01
8.343808e-01	2.275109e-01
8.344064e-01	2.255604e-01
8.344320e-01	2.236645e-01
8.344576e-01	2.216545e-01
8.344832e-01	2.198536e-01
8.345088e-01	2.174930e-01
8.345344e-01	2.154417e-01
8.345600e-01	2.131572e-01
8.345856e-01	2.107906e-01
8.346112e-01	2.082938e-01
8.346368e-01	2.060657e-01
8.346624e-01	2.033969e-01
8.346880e-01	2.008340e-01
8.347136e-01	1.981998e-01
8.347392e-01	1.955461e-01
8.347648e-01	1.926593e-01
8.347904e-01	1.898714e-01
8.348160e-01	1.868566e-01
8.348416e-01	1.840976e-01
8.348672e-01	1.808488e-01
8.348928e-01	1.778904e-01
8.349184e-01	1.747292e-01
8.349440e-01	1.715752e-01
8.349696e-01	1.682302e-01
8.349952e-01	1.650782e-01
8.350208e-01	1.614288e-01
8.350464e-01	1.582144e-01
8.350720e-01	1.546181e-01
8.350976e-01	1.511244e-01
8.351232e-01	1.475092e-01
8.351488e-01	1.438567e-01
8.351744e-01	1.402118e-01
8.352000e-01	1.364670e-01
8.352256e-01	1.326339e-01
8.352512e-01	1.288262e-01
8.352768e-01	1.249160e-01
8.353024e-01	1.211492e-01
8.353280e-01	1.169389e-01
8.353536e-01	1.131376e-01
8.353792e-01	1.089473e-01
8.354048e-01	1.049776e-01
8.354304e-01	1.006958e-01
8.354560e-01	9.672260e-02
8.354816e-01	9.229166e-02
8.355072e-01	8.819833e-02
8.355328e-01	8.374206e-02
8.355584e-01	7.965653e-02
8.355840e-01	7.518894e-02
8.356096e-01	7.084858e-02
8.356352e-01	6.636380e-02
8.356608e-01	6.200371e-02
8.356864e-01	5.741706e-02
8.357120e-01	5.305942e-02
8.357376e-01	4.832329e-02
8.357632e-01	4.398196e-02
8.357888e-01	3.925860e-02
8.358144e-01	3.468375e-02
8.358400e-01	2.995362e-02
8.358656e-01	2.542267e-02
8.358912e-01	2.064153e-02
8.359168e-01	1.616827e-02
8.359424e-01	1.127621e-02
8.359680e-01	6.685750e-03
8.359936e-01	1.855915e-03
8.360192e-01	-2.812070e-03
8.360448e-01	-7.633563e-03
8.360704e-01	-1.218351e-02
8.360960e-01	-1.716233e-02
8.361216e-01	-2.173016e-02
8.361472e-01	-2.675144e-02
8.361728e-01	-3.147589e-02
8.361984e-01	-3.643193e-02
8.362240e-01	-4.109177e-02
8.362496e-01	-4.599186e-02
8.362752e-01	-5.056939e-02
8.363008e-01	-5.556064e-02
8.363264e-01	-6.031470e-02
8.363520e-01	-6.521902e-02
8.363776e-01	-6.981345e-02
8.364032e-01	-7.494257e-02
8.364288e-01	-7.944204e-02
8.364544e-01	-8.437091e-02
8.364800e-01	-8.914860e-02
8.365056e-01	-9.393478e-02
8.365312e-01	-9.844520e-02
8.365568e-01	-1.034052e-01
8.365824e-01	-1.080223e-01
8.366080e-01	-1.129261e-01
8.366336e-01	-1.173953e-01
8.366592e-01	-1.222198e-01
8.366848e-01	-1.267525e-01
8.367104e-01	-1.316050e-01
8.367360e-01	-1.359800e-01
8.367616e-01	-1.407522e-01
8.367872e-01	-1.451857e-01
8.368128e-01	-1.499007e-01
8.368384e-01	-1.542030e-01
8.368640e-01	-1.588950e-01
8.368896e-01	-1.631321e-01
8.369152e-01	-1.678737e-01
8.369408e-01	-1.719533e-01
8.369664e-01	-1.765598e-01
8.369920e-01	-1.806887e-01
8.370176e-01	-1.852099e-01
8.370432e-01	-1.892300e-01
8.370688e-01	-1.936327e-01
8.370944e-01	-1.977513e-01
8.371200e-01	-2.020054e-01
8.371456e-01	-2.059778e-01
8.371712e-01	-2.103540e-01
8.371968e-01	-2.140974e-01
8.372224e-01	-2.183541e-01
8.372480e-01	-2.218976e-01
8.372736e-01	-2.261730e-01
8.372992e-01	-2.297903e-01
8.373248e-01	-2.339036e-01
8.373504e-01	-2.373483e-01
8.373760e-01	-2.413716e-01
8.374016e-01	-2.448040e-01
8.374272e-01	-2.485569e-01
8.374528e-01	-2.519169e-01
8.374784e-01	-2.556730e-01
8.375040e-01	-2.588499e-01
8.375296e-01	-2.625653e-01
8.375552e-01	-2.654858e-01
8.375808e-01	-2.691920e-01
8.376064e-01	-2.720648e-01
8.376320e-01	-2.755328e-01
8.376576e-01	-2.784961e-01
8.376832e-01	-2.818453e-01
8.377088e-01	-2.844827e-01
8.377344e-01	-2.878276e-01
8.377600e-01	-2.903310e-01
8.377856e-01	-2.934948e-01
8.378112e-01	-2.957731e-01
8.378368e-01	-2.988960e-01
8.378624e-01	-3.011500e-01
8.378880e-01	-3.041540e-01
8.379136e-01	-3.061874e-01
8.379392e-01	-3.090986e-01
8.379648e-01	-3.110240e-01
8.379904e-01	-3.137051e-01
8.380160e-01	-3.154539e-01
8.380416e-01	-3.181590e-01
8.380672e-01	-3.197623e-01
8.380928e-01	-3.222938e-01
8.381184e-01	-3.235904e-01
8.381440e-01	-3.260165e-01
8.381696e-01	-3.275295e-01
8.381952e-01	-3.293995e-01
8.382208e-01	-3.309486e-01
8.382464e-01	-3.324409e-01
8.382720e-01	-3.342795e-01
8.382976e-01	-3.354218e-01
8.383232e-01	-3.370667e-01
8.383488e-01	-3.379047e-01
8.383744e-01	-3.395143e-01
8.384000e-01	-3.407551e-01
8.384256e-01	-3.409451e-01
8.384512e-01	-3.437961e-01
8.384768e-01	-3.414716e-01
8.385024e-01	-3.472311e-01
8.385280e-01	-3.412328e-01
8.385536e-01	-3.505874e-01
8.385792e-01	-3.402815e-01
8.386048e-01	-3.539294e-01
8.386304e-01	-3.395917e-01
8.386560e-01	-3.557592e-01
8.386816e-01	-3.400423e-01
8.387072e-01	-3.546710e-01
8.387328e-01	-3.480420e-01
8.387584e-01	-8.270092e-02
8.387840e-01	1.631669e-02
8.388096e-01	-1.732176e-02
8.388352e-01	7.311078e-02
