0.000000e+00	-2.895809e-01
2.560000e-05	-3.685110e-01
5.120000e-05	-3.341096e-01
7.680000e-05	-3.537853e-01
1.024000e-04	-3.401334e-01
1.280000e-04	-3.478675e-01
1.536000e-04	-3.420702e-01
1.792000e-04	-3.441223e-01
2.048000e-04	-3.419947e-01
2.304000e-04	-3.412958e-01
2.560000e-04	-3.407435e-01
2.816000e-04	-3.389409e-01
3.072000e-04	-3.384290e-01
3.328000e-04	-3.367777e-01
3.584000e-04	-3.357804e-01
3.840000e-04	-3.342824e-01
4.096000e-04	-3.326431e-01
4.352000e-04	-3.315257e-01
4.608000e-04	-3.293656e-01
4.864000e-04	-3.283030e-01
5.120000e-04	-3.257568e-01
5.376000e-04	-3.247776e-01
5.632000e-04	-3.222837e-01
5.888000e-04	-3.209115e-01
6.144000e-04	-3.182609e-01
6.400000e-04	-3.167101e-01
6.656000e-04	-3.139524e-01
6.912000e-04	-3.123055e-01
7.168000e-04	-3.093969e-01
7.424000e-04	-3.075498e-01
7.680000e-04	-3.046254e-01
7.936000e-04	-3.025739e-01
8.192000e-04	-2.994925e-01
8.448000e-04	-2.974688e-01
8.704000e-04	-2.943752e-01
8.960000e-04	-2.917432e-01
9.216000e-04	-2.887760e-01
9.472000e-04	-2.861942e-01
9.728000e-04	-2.827201e-01
9.984000e-04	-2.801693e-01
1.024000e-03	-2.767409e-01
1.049600e-03	-2.739585e-01
1.075200e-03	-2.704902e-01
1.100800e-03	-2.674753e-01
1.126400e-03	-2.638951e-01
1.152000e-03	-2.608066e-01
1.177600e-03	-2.570820e-01
1.203200e-03	-2.538410e-01
1.228800e-03	-2.501206e-01
1.254400e-03	-2.467389e-01
1.280000e-03	-2.428140e-01
1.305600e-03	-2.394949e-01
1.331200e-03	-2.354232e-01
1.356800e-03	-2.320228e-01
1.382400e-03	-2.277918e-01
1.408000e-03	-2.241936e-01
1.433600e-03	-2.200773e-01
1.459200e-03	-2.163079e-01
1.484800e-03	-2.120772e-01
1.510400e-03	-2.082534e-01
1.536000e-03	-2.039688e-01
1.561600e-03	-2.000027e-01
1.587200e-03	-1.957050e-01
1.612800e-03	-1.916161e-01
1.638400e-03	-1.871580e-01
1.664000e-03	-1.830856e-01
1.689600e-03	-1.786235e-01
1.715200e-03	-1.744706e-01
1.740800e-03	-1.697884e-01
1.766400e-03	-1.657029e-01
1.792000e-03	-1.610909e-01
1.817600e-03	-1.567927e-01
1.843200e-03	-1.520884e-01
1.868800e-03	-1.477216e-01
1.894400e-03	-1.430174e-01
1.920000e-03	-1.385717e-01
1.945600e-03	-1.338532e-01
1.971200e-03	-1.293771e-01
1.996800e-03	-1.245698e-01
2.022400e-03	-1.199846e-01
2.048000e-03	-1.152028e-01
2.073600e-03	-1.107261e-01
2.099200e-03	-1.057725e-01
2.124800e-03	-1.012694e-01
2.150400e-03	-9.627405e-02
2.176000e-03	-9.174791e-02
2.201600e-03	-8.679199e-02
2.227200e-03	-8.224531e-02
2.252800e-03	-7.736071e-02
2.278400e-03	-7.258018e-02
2.304000e-03	-6.776793e-02
2.329600e-03	-6.308615e-02
2.355200e-03	-5.810742e-02
2.380800e-03	-5.332097e-02
2.406400e-03	-4.839642e-02
2.432000e-03	-4.387941e-02
2.457600e-03	-3.886095e-02
2.483200e-03	-3.422651e-02
2.508800e-03	-2.917669e-02
2.534400e-03	-2.458848e-02
2.560000e-03	-1.970720e-02
2.585600e-03	-1.499802e-02
2.611200e-03	-1.018172e-02
2.636800e-03	-5.460850e-03
2.662400e-03	-5.983374e-04
2.688000e-03	4.064311e-03
2.713600e-03	8.842046e-03
2.739200e-03	1.339692e-02
2.764800e-03	1.826957e-02
2.790400e-03	2.277325e-02
2.816000e-03	2.762754e-02
2.841600e-03	3.215238e-02
2.867200e-03	3.688129e-02
2.892800e-03	4.135470e-02
2.918400e-03	4.602430e-02
2.944000e-03	5.048247e-02
2.969600e-03	5.513612e-02
2.995200e-03	5.946661e-02
3.020800e-03	6.412758e-02
3.046400e-03	6.838438e-02
3.072000e-03	7.286864e-02
3.097600e-03	7.719924e-02
3.123200e-03	8.151286e-02
3.148800e-03	8.579940e-02
3.174400e-03	9.021151e-02
3.200000e-03	9.428013e-02
3.225600e-03	9.863316e-02
3.251200e-03	1.026307e-01
3.276800e-03	1.068577e-01
3.302400e-03	1.108926e-01
3.328000e-03	1.149615e-01
3.353600e-03	1.189428e-01
3.379200e-03	1.229911e-01
3.404800e-03	1.266568e-01
3.430400e-03	1.306424e-01
3.456000e-03	1.344168e-01
3.481600e-03	1.382444e-01
3.507200e-03	1.418651e-01
3.532800e-03	1.456719e-01
3.558400e-03	1.491797e-01
3.584000e-03	1.528396e-01
3.609600e-03	1.562520e-01
3.635200e-03	1.598632e-01
3.660800e-03	1.631280e-01
3.686400e-03	1.665152e-01
3.712000e-03	1.698317e-01
3.737600e-03	1.730897e-01
3.763200e-03	1.761689e-01
3.788800e-03	1.794179e-01
3.814400e-03	1.823975e-01
3.840000e-03	1.854491e-01
3.865600e-03	1.882150e-01
3.891200e-03	1.911890e-01
3.916800e-03	1.939862e-01
3.942400e-03	1.968106e-01
3.968000e-03	1.994905e-01
3.993600e-03	2.021618e-01
4.019200e-03	2.046220e-01
4.044800e-03	2.071279e-01
4.070400e-03	2.095487e-01
4.096000e-03	2.119644e-01
4.121600e-03	2.141977e-01
4.147200e-03	2.165192e-01
4.172800e-03	2.186070e-01
4.198400e-03	2.207349e-01
4.224000e-03	2.226148e-01
4.249600e-03	2.247541e-01
4.275200e-03	2.264734e-01
4.300800e-03	2.284389e-01
4.326400e-03	2.300756e-01
4.352000e-03	2.317028e-01
4.377600e-03	2.333093e-01
4.403200e-03	2.348244e-01
4.428800e-03	2.362196e-01
4.454400e-03	2.376259e-01
4.480000e-03	2.388175e-01
4.505600e-03	2.401608e-01
4.531200e-03	2.412375e-01
4.556800e-03	2.423590e-01
4.582400e-03	2.432371e-01
4.608000e-03	2.441989e-01
4.633600e-03	2.450449e-01
4.659200e-03	2.459012e-01
4.684800e-03	2.464426e-01
4.710400e-03	2.471005e-01
4.736000e-03	2.476207e-01
4.761600e-03	2.481423e-01
4.787200e-03	2.484786e-01
4.812800e-03	2.486263e-01
4.838400e-03	2.488249e-01
4.864000e-03	2.491519e-01
4.889600e-03	2.490545e-01
4.915200e-03	2.491632e-01
4.940800e-03	2.489583e-01
4.966400e-03	2.488443e-01
4.992000e-03	2.485252e-01
5.017600e-03	2.483391e-01
5.043200e-03	2.478655e-01
5.068800e-03	2.473691e-01
5.094400e-03	2.468338e-01
5.120000e-03	2.462183e-01
5.145600e-03	2.455357e-01
5.171200e-03	2.446238e-01
5.196800e-03	2.437787e-01
5.222400e-03	2.429676e-01
5.248000e-03	2.418192e-01
5.273600e-03	2.408633e-01
5.299200e-03	2.396179e-01
5.324800e-03	2.384700e-01
5.350400e-03	2.370173e-01
5.376000e-03	2.356893e-01
5.401600e-03	2.341218e-01
5.427200e-03	2.326526e-01
5.452800e-03	2.311517e-01
5.478400e-03	2.294913e-01
5.504000e-03	2.276036e-01
5.529600e-03	2.259123e-01
5.555200e-03	2.239094e-01
5.580800e-03	2.219481e-01
5.606400e-03	2.198135e-01
5.632000e-03	2.178805e-01
5.657600e-03	2.157823e-01
5.683200e-03	2.134224e-01
5.708800e-03	2.110917e-01
5.734400e-03	2.086788e-01
5.760000e-03	2.062721e-01
5.785600e-03	2.038300e-01
5.811200e-03	2.010719e-01
5.836800e-03	1.986042e-01
5.862400e-03	1.957697e-01
5.888000e-03	1.930974e-01
5.913600e-03	1.902024e-01
5.939200e-03	1.873220e-01
5.964800e-03	1.842642e-01
5.990400e-03	1.813625e-01
6.016000e-03	1.781267e-01
6.041600e-03	1.750041e-01
6.067200e-03	1.719147e-01
6.092800e-03	1.685959e-01
6.118400e-03	1.653529e-01
6.144000e-03	1.620511e-01
6.169600e-03	1.584914e-01
6.195200e-03	1.550448e-01
6.220800e-03	1.514986e-01
6.246400e-03	1.480621e-01
6.272000e-03	1.442816e-01
6.297600e-03	1.406480e-01
6.323200e-03	1.368525e-01
6.348800e-03	1.330836e-01
6.374400e-03	1.292005e-01
6.400000e-03	1.253521e-01
6.425600e-03	1.213791e-01
6.451200e-03	1.174816e-01
6.476800e-03	1.134645e-01
6.502400e-03	1.092740e-01
6.528000e-03	1.052898e-01
6.553600e-03	1.011460e-01
6.579200e-03	9.693862e-02
6.604800e-03	9.296258e-02
6.630400e-03	8.855168e-02
6.656000e-03	8.436393e-02
6.681600e-03	7.992563e-02
6.707200e-03	7.573856e-02
6.732800e-03	7.137911e-02
6.758400e-03	6.694305e-02
6.784000e-03	6.237375e-02
6.809600e-03	5.792605e-02
6.835200e-03	5.345528e-02
6.860800e-03	4.888129e-02
6.886400e-03	4.438890e-02
6.912000e-03	3.989416e-02
6.937600e-03	3.513196e-02
6.963200e-03	3.065007e-02
6.988800e-03	2.595346e-02
7.014400e-03	2.121955e-02
7.040000e-03	1.654218e-02
7.065600e-03	1.194909e-02
7.091200e-03	7.091521e-03
7.116800e-03	2.339145e-03
7.142400e-03	-2.340876e-03
7.168000e-03	-7.075087e-03
7.193600e-03	-1.181733e-02
7.219200e-03	-1.660248e-02
7.244800e-03	-2.148326e-02
7.270400e-03	-2.616858e-02
7.296000e-03	-3.100775e-02
7.321600e-03	-3.584954e-02
7.347200e-03	-4.063645e-02
7.372800e-03	-4.537611e-02
7.398400e-03	-5.026098e-02
7.424000e-03	-5.500268e-02
7.449600e-03	-5.994388e-02
7.475200e-03	-6.479595e-02
7.500800e-03	-6.948895e-02
7.526400e-03	-7.427444e-02
7.552000e-03	-7.914498e-02
7.577600e-03	-8.376969e-02
7.603200e-03	-8.851355e-02
7.628800e-03	-9.336801e-02
7.654400e-03	-9.813637e-02
7.680000e-03	-1.028054e-01
7.705600e-03	-1.076322e-01
7.731200e-03	-1.123064e-01
7.756800e-03	-1.171293e-01
7.782400e-03	-1.216394e-01
7.808000e-03	-1.262997e-01
7.833600e-03	-1.309659e-01
7.859200e-03	-1.356458e-01
7.884800e-03	-1.401800e-01
7.910400e-03	-1.446740e-01
7.936000e-03	-1.493307e-01
7.961600e-03	-1.538352e-01
7.987200e-03	-1.583085e-01
8.012800e-03	-1.627896e-01
8.038400e-03	-1.671146e-01
8.064000e-03	-1.717182e-01
8.089600e-03	-1.758911e-01
8.115200e-03	-1.803472e-01
8.140800e-03	-1.846678e-01
8.166400e-03	-1.888205e-01
8.192000e-03	-1.931808e-01
8.217600e-03	-1.973678e-01
8.243200e-03	-2.014779e-01
8.268800e-03	-2.056951e-01
8.294400e-03	-2.096845e-01
8.320000e-03	-2.137708e-01
8.345600e-03	-2.177450e-01
8.371200e-03	-2.217752e-01
8.396800e-03	-2.256110e-01
8.422400e-03	-2.294604e-01
8.448000e-03	-2.333810e-01
8.473600e-03	-2.370711e-01
8.499200e-03	-2.407863e-01
8.524800e-03	-2.445047e-01
8.550400e-03	-2.480814e-01
8.576000e-03	-2.516842e-01
8.601600e-03	-2.551137e-01
8.627200e-03	-2.586636e-01
8.652800e-03	-2.620125e-01
8.678400e-03	-2.653612e-01
8.704000e-03	-2.686924e-01
8.729600e-03	-2.719748e-01
8.755200e-03	-2.751400e-01
8.780800e-03	-2.782189e-01
8.806400e-03	-2.812710e-01
8.832000e-03	-2.843238e-01
8.857600e-03	-2.873618e-01
8.883200e-03	-2.902020e-01
8.908800e-03	-2.929471e-01
8.934400e-03	-2.958710e-01
8.960000e-03	-2.984090e-01
8.985600e-03	-3.010704e-01
9.011200e-03	-3.036406e-01
9.036800e-03	-3.061828e-01
9.062400e-03	-3.085414e-01
9.088000e-03	-3.108903e-01
9.113600e-03	-3.131656e-01
9.139200e-03	-3.154251e-01
9.164800e-03	-3.176059e-01
9.190400e-03	-3.196693e-01
9.216000e-03	-3.217667e-01
9.241600e-03	-3.236547e-01
9.267200e-03	-3.255209e-01
9.292800e-03	-3.272939e-01
9.318400e-03	-3.290112e-01
9.344000e-03	-3.308480e-01
9.369600e-03	-3.322974e-01
9.395200e-03	-3.339239e-01
9.420800e-03	-3.352234e-01
9.446400e-03	-3.367144e-01
9.472000e-03	-3.379330e-01
9.497600e-03	-3.391905e-01
9.523200e-03	-3.403624e-01
9.548800e-03	-3.414076e-01
9.574400e-03	-3.424103e-01
9.600000e-03	-3.432715e-01
9.625600e-03	-3.440704e-01
9.651200e-03	-3.448643e-01
9.676800e-03	-3.457226e-01
9.702400e-03	-3.462748e-01
9.728000e-03	-3.467931e-01
9.753600e-03	-3.473030e-01
9.779200e-03	-3.475153e-01
9.804800e-03	-3.479802e-01
9.830400e-03	-3.480715e-01
9.856000e-03	-3.482451e-01
9.881600e-03	-3.483937e-01
9.907200e-03	-3.483599e-01
9.932800e-03	-3.482912e-01
9.958400e-03	-3.481227e-01
9.984000e-03	-3.478212e-01
1.000960e-02	-3.475716e-01
1.003520e-02	-3.471876e-01
1.006080e-02	-3.466898e-01
1.008640e-02	-3.460743e-01
1.011200e-02	-3.455232e-01
1.013760e-02	-3.448420e-01
1.016320e-02	-3.441094e-01
1.018880e-02	-3.432593e-01
1.021440e-02	-3.422248e-01
1.024000e-02	-3.412963e-01
1.026560e-02	-3.401415e-01
1.029120e-02	-3.389290e-01
1.031680e-02	-3.377614e-01
1.034240e-02	-3.364045e-01
1.036800e-02	-3.351767e-01
1.039360e-02	-3.334740e-01
1.041920e-02	-3.321283e-01
1.044480e-02	-3.304205e-01
1.047040e-02	-3.287036e-01
1.049600e-02	-3.271235e-01
1.052160e-02	-3.251951e-01
1.054720e-02	-3.233466e-01
1.057280e-02	-3.215086e-01
1.059840e-02	-3.194287e-01
1.062400e-02	-3.172216e-01
1.064960e-02	-3.149824e-01
1.067520e-02	-3.128169e-01
1.070080e-02	-3.105293e-01
1.072640e-02	-3.081369e-01
1.075200e-02	-3.056005e-01
1.077760e-02	-3.032371e-01
1.080320e-02	-3.006471e-01
1.082880e-02	-2.979967e-01
1.085440e-02	-2.953186e-01
1.088000e-02	-2.924822e-01
1.090560e-02	-2.896503e-01
1.093120e-02	-2.868306e-01
1.095680e-02	-2.838120e-01
1.098240e-02	-2.808781e-01
1.100800e-02	-2.777251e-01
1.103360e-02	-2.745728e-01
1.105920e-02	-2.714297e-01
1.108480e-02	-2.681340e-01
1.111040e-02	-2.647365e-01
1.113600e-02	-2.614562e-01
1.116160e-02	-2.579792e-01
1.118720e-02	-2.546047e-01
1.121280e-02	-2.509779e-01
1.123840e-02	-2.474148e-01
1.126400e-02	-2.438447e-01
1.128960e-02	-2.401477e-01
1.131520e-02	-2.364143e-01
1.134080e-02	-2.325719e-01
1.136640e-02	-2.287798e-01
1.139200e-02	-2.248992e-01
1.141760e-02	-2.209098e-01
1.144320e-02	-2.171538e-01
1.146880e-02	-2.129463e-01
1.149440e-02	-2.088911e-01
1.152000e-02	-2.049373e-01
1.154560e-02	-2.007610e-01
1.157120e-02	-1.966140e-01
1.159680e-02	-1.923826e-01
1.162240e-02	-1.882341e-01
1.164800e-02	-1.839467e-01
1.167360e-02	-1.794538e-01
1.169920e-02	-1.751602e-01
1.172480e-02	-1.707523e-01
1.175040e-02	-1.664168e-01
1.177600e-02	-1.619657e-01
1.180160e-02	-1.575070e-01
1.182720e-02	-1.528842e-01
1.185280e-02	-1.484146e-01
1.187840e-02	-1.438755e-01
1.190400e-02	-1.392618e-01
1.192960e-02	-1.347101e-01
1.195520e-02	-1.299887e-01
1.198080e-02	-1.254499e-01
1.200640e-02	-1.207455e-01
1.203200e-02	-1.160886e-01
1.205760e-02	-1.115057e-01
1.208320e-02	-1.066536e-01
1.210880e-02	-1.020792e-01
1.213440e-02	-9.720593e-02
1.216000e-02	-9.244891e-02
1.218560e-02	-8.769573e-02
1.221120e-02	-8.289774e-02
1.223680e-02	-7.814772e-02
1.226240e-02	-7.329518e-02
1.228800e-02	-6.846908e-02
1.231360e-02	-6.382677e-02
1.233920e-02	-5.897798e-02
1.236480e-02	-5.410465e-02
1.239040e-02	-4.932299e-02
1.241600e-02	-4.445951e-02
1.244160e-02	-3.963567e-02
1.246720e-02	-3.493809e-02
1.249280e-02	-2.997377e-02
1.251840e-02	-2.519027e-02
1.254400e-02	-2.056176e-02
1.256960e-02	-1.562560e-02
1.259520e-02	-1.085360e-02
1.262080e-02	-6.134420e-03
1.264640e-02	-1.266878e-03
1.267200e-02	3.274916e-03
1.269760e-02	8.027323e-03
1.272320e-02	1.287109e-02
1.274880e-02	1.752611e-02
1.277440e-02	2.219105e-02
1.280000e-02	2.694206e-02
1.282560e-02	3.159864e-02
1.285120e-02	3.612097e-02
1.287680e-02	4.074917e-02
1.290240e-02	4.534649e-02
1.292800e-02	4.983849e-02
1.295360e-02	5.444288e-02
1.297920e-02	5.880512e-02
1.300480e-02	6.349121e-02
1.303040e-02	6.775276e-02
1.305600e-02	7.214208e-02
1.308160e-02	7.659463e-02
1.310720e-02	8.090270e-02
1.313280e-02	8.531697e-02
1.315840e-02	8.946141e-02
1.318400e-02	9.382761e-02
1.320960e-02	9.792695e-02
1.323520e-02	1.021146e-01
1.326080e-02	1.062438e-01
1.328640e-02	1.102411e-01
1.331200e-02	1.144186e-01
1.333760e-02	1.183288e-01
1.336320e-02	1.223900e-01
1.338880e-02	1.261880e-01
1.341440e-02	1.301024e-01
1.344000e-02	1.339472e-01
1.346560e-02	1.376802e-01
1.349120e-02	1.414013e-01
1.351680e-02	1.451036e-01
1.354240e-02	1.487437e-01
1.356800e-02	1.522881e-01
1.359360e-02	1.558419e-01
1.361920e-02	1.592833e-01
1.364480e-02	1.626723e-01
1.367040e-02	1.660588e-01
1.369600e-02	1.693631e-01
1.372160e-02	1.726007e-01
1.374720e-02	1.757652e-01
1.377280e-02	1.788863e-01
1.379840e-02	1.818837e-01
1.382400e-02	1.849880e-01
1.384960e-02	1.878673e-01
1.387520e-02	1.907643e-01
1.390080e-02	1.936746e-01
1.392640e-02	1.964107e-01
1.395200e-02	1.990966e-01
1.397760e-02	2.017182e-01
1.400320e-02	2.042640e-01
1.402880e-02	2.066865e-01
1.405440e-02	2.092659e-01
1.408000e-02	2.115859e-01
1.410560e-02	2.137779e-01
1.413120e-02	2.161155e-01
1.415680e-02	2.182034e-01
1.418240e-02	2.203673e-01
1.420800e-02	2.222304e-01
1.423360e-02	2.243982e-01
1.425920e-02	2.261091e-01
1.428480e-02	2.279104e-01
1.431040e-02	2.297810e-01
1.433600e-02	2.313369e-01
1.436160e-02	2.329865e-01
1.438720e-02	2.345310e-01
1.441280e-02	2.358840e-01
1.443840e-02	2.373096e-01
1.446400e-02	2.386118e-01
1.448960e-02	2.397935e-01
1.451520e-02	2.410288e-01
1.454080e-02	2.420358e-01
1.456640e-02	2.431050e-01
1.459200e-02	2.439728e-01
1.461760e-02	2.446788e-01
1.464320e-02	2.456080e-01
1.466880e-02	2.462403e-01
1.469440e-02	2.469432e-01
1.472000e-02	2.475088e-01
1.474560e-02	2.478932e-01
1.477120e-02	2.482287e-01
1.479680e-02	2.486336e-01
1.482240e-02	2.487830e-01
1.484800e-02	2.489671e-01
1.487360e-02	2.490993e-01
1.489920e-02	2.489335e-01
1.492480e-02	2.489834e-01
1.495040e-02	2.488513e-01
1.497600e-02	2.485395e-01
1.500160e-02	2.481776e-01
1.502720e-02	2.478318e-01
1.505280e-02	2.475168e-01
1.507840e-02	2.466645e-01
1.510400e-02	2.461812e-01
1.512960e-02	2.453866e-01
1.515520e-02	2.447043e-01
1.518080e-02	2.439158e-01
1.520640e-02	2.428534e-01
1.523200e-02	2.420040e-01
1.525760e-02	2.408366e-01
1.528320e-02	2.396869e-01
1.530880e-02	2.385119e-01
1.533440e-02	2.371459e-01
1.536000e-02	2.357707e-01
1.538560e-02	2.342566e-01
1.541120e-02	2.327847e-01
1.543680e-02	2.313339e-01
1.546240e-02	2.295237e-01
1.548800e-02	2.277942e-01
1.551360e-02	2.259290e-01
1.553920e-02	2.239734e-01
1.556480e-02	2.221048e-01
1.559040e-02	2.199951e-01
1.561600e-02	2.180805e-01
1.564160e-02	2.156828e-01
1.566720e-02	2.134991e-01
1.569280e-02	2.113689e-01
1.571840e-02	2.088479e-01
1.574400e-02	2.064580e-01
1.576960e-02	2.040028e-01
1.579520e-02	2.013118e-01
1.582080e-02	1.986759e-01
1.584640e-02	1.959938e-01
1.587200e-02	1.932975e-01
1.589760e-02	1.904040e-01
1.592320e-02	1.874812e-01
1.594880e-02	1.846263e-01
1.597440e-02	1.816020e-01
1.600000e-02	1.785737e-01
1.602560e-02	1.754188e-01
1.605120e-02	1.720853e-01
1.607680e-02	1.689610e-01
1.610240e-02	1.655373e-01
1.612800e-02	1.622504e-01
1.615360e-02	1.588130e-01
1.617920e-02	1.552993e-01
1.620480e-02	1.518304e-01
1.623040e-02	1.482340e-01
1.625600e-02	1.445902e-01
1.628160e-02	1.409093e-01
1.630720e-02	1.372058e-01
1.633280e-02	1.333680e-01
1.635840e-02	1.296379e-01
1.638400e-02	1.256883e-01
1.640960e-02	1.217166e-01
1.643520e-02	1.179125e-01
1.646080e-02	1.137969e-01
1.648640e-02	1.097799e-01
1.651200e-02	1.058113e-01
1.653760e-02	1.016385e-01
1.656320e-02	9.742884e-02
1.658880e-02	9.326164e-02
1.661440e-02	8.889514e-02
1.664000e-02	8.466332e-02
1.666560e-02	8.045632e-02
1.669120e-02	7.602398e-02
1.671680e-02	7.161380e-02
1.674240e-02	6.726311e-02
1.676800e-02	6.282272e-02
1.679360e-02	5.838891e-02
1.681920e-02	5.375029e-02
1.684480e-02	4.931978e-02
1.687040e-02	4.475415e-02
1.689600e-02	4.013543e-02
1.692160e-02	3.550744e-02
1.694720e-02	3.086437e-02
1.697280e-02	2.627879e-02
1.699840e-02	2.168760e-02
1.702400e-02	1.698546e-02
1.704960e-02	1.230439e-02
1.707520e-02	7.530521e-03
1.710080e-02	2.844994e-03
1.712640e-02	-1.919667e-03
1.715200e-02	-6.724423e-03
1.717760e-02	-1.147361e-02
1.720320e-02	-1.620435e-02
1.722880e-02	-2.095196e-02
1.725440e-02	-2.578439e-02
1.728000e-02	-3.052374e-02
1.730560e-02	-3.539034e-02
1.733120e-02	-4.018409e-02
1.735680e-02	-4.500628e-02
1.738240e-02	-4.978738e-02
1.740800e-02	-5.455846e-02
1.743360e-02	-5.945900e-02
1.745920e-02	-6.421404e-02
1.748480e-02	-6.902003e-02
1.751040e-02	-7.382421e-02
1.753600e-02	-7.865942e-02
1.756160e-02	-8.344454e-02
1.758720e-02	-8.819988e-02
1.761280e-02	-9.300940e-02
1.763840e-02	-9.765818e-02
1.766400e-02	-1.023939e-01
1.768960e-02	-1.072295e-01
1.771520e-02	-1.118057e-01
1.774080e-02	-1.165001e-01
1.776640e-02	-1.212147e-01
1.779200e-02	-1.259557e-01
1.781760e-02	-1.305480e-01
1.784320e-02	-1.351555e-01
1.786880e-02	-1.396776e-01
1.789440e-02	-1.442731e-01
1.792000e-02	-1.488642e-01
1.794560e-02	-1.533516e-01
1.797120e-02	-1.578493e-01
1.799680e-02	-1.624041e-01
1.802240e-02	-1.667548e-01
1.804800e-02	-1.711432e-01
1.807360e-02	-1.756612e-01
1.809920e-02	-1.800444e-01
1.812480e-02	-1.842109e-01
1.815040e-02	-1.885533e-01
1.817600e-02	-1.928523e-01
1.820160e-02	-1.968462e-01
1.822720e-02	-2.011599e-01
1.825280e-02	-2.052243e-01
1.827840e-02	-2.092770e-01
1.830400e-02	-2.134149e-01
1.832960e-02	-2.172967e-01
1.835520e-02	-2.213754e-01
1.838080e-02	-2.252651e-01
1.840640e-02	-2.291228e-01
1.843200e-02	-2.329013e-01
1.845760e-02	-2.366535e-01
1.848320e-02	-2.404919e-01
1.850880e-02	-2.441766e-01
1.853440e-02	-2.476960e-01
1.856000e-02	-2.513677e-01
1.858560e-02	-2.548370e-01
1.861120e-02	-2.583497e-01
1.863680e-02	-2.617551e-01
1.866240e-02	-2.650588e-01
1.868800e-02	-2.684594e-01
1.871360e-02	-2.716541e-01
1.873920e-02	-2.748948e-01
1.876480e-02	-2.780312e-01
1.879040e-02	-2.810366e-01
1.881600e-02	-2.840518e-01
1.884160e-02	-2.869636e-01
1.886720e-02	-2.900234e-01
1.889280e-02	-2.927220e-01
1.891840e-02	-2.954800e-01
1.894400e-02	-2.981938e-01
1.896960e-02	-3.007689e-01
1.899520e-02	-3.034610e-01
1.902080e-02	-3.059810e-01
1.904640e-02	-3.083847e-01
1.907200e-02	-3.107445e-01
1.909760e-02	-3.130110e-01
1.912320e-02	-3.153063e-01
1.914880e-02	-3.174603e-01
1.917440e-02	-3.195195e-01
1.920000e-02	-3.214818e-01
1.922560e-02	-3.234641e-01
1.925120e-02	-3.253525e-01
1.927680e-02	-3.271938e-01
1.930240e-02	-3.289579e-01
1.932800e-02	-3.306697e-01
1.935360e-02	-3.322521e-01
1.937920e-02	-3.336831e-01
1.940480e-02	-3.351285e-01
1.943040e-02	-3.366238e-01
1.945600e-02	-3.378633e-01
1.948160e-02	-3.390396e-01
1.950720e-02	-3.401993e-01
1.953280e-02	-3.412831e-01
1.955840e-02	-3.422678e-01
1.958400e-02	-3.432325e-01
1.960960e-02	-3.442445e-01
1.963520e-02	-3.448351e-01
1.966080e-02	-3.454661e-01
1.968640e-02	-3.461504e-01
1.971200e-02	-3.467336e-01
1.973760e-02	-3.472129e-01
1.976320e-02	-3.475808e-01
1.978880e-02	-3.478706e-01
1.981440e-02	-3.480661e-01
1.984000e-02	-3.483095e-01
1.986560e-02	-3.483528e-01
1.989120e-02	-3.484000e-01
1.991680e-02	-3.483331e-01
1.994240e-02	-3.481596e-01
1.996800e-02	-3.479005e-01
1.999360e-02	-3.475281e-01
2.001920e-02	-3.472639e-01
2.004480e-02	-3.466523e-01
2.007040e-02	-3.461934e-01
2.009600e-02	-3.456566e-01
2.012160e-02	-3.447540e-01
2.014720e-02	-3.441389e-01
2.017280e-02	-3.432577e-01
2.019840e-02	-3.422748e-01
2.022400e-02	-3.413069e-01
2.024960e-02	-3.402950e-01
2.027520e-02	-3.391147e-01
2.030080e-02	-3.380014e-01
2.032640e-02	-3.366591e-01
2.035200e-02	-3.351441e-01
2.037760e-02	-3.336518e-01
2.040320e-02	-3.321334e-01
2.042880e-02	-3.307271e-01
2.045440e-02	-3.289742e-01
2.048000e-02	-3.271485e-01
2.050560e-02	-3.253141e-01
2.053120e-02	-3.235336e-01
2.055680e-02	-3.215924e-01
2.058240e-02	-3.195430e-01
2.060800e-02	-3.174853e-01
2.063360e-02	-3.152294e-01
2.065920e-02	-3.130265e-01
2.068480e-02	-3.106791e-01
2.071040e-02	-3.083547e-01
2.073600e-02	-3.059344e-01
2.076160e-02	-3.034139e-01
2.078720e-02	-3.007683e-01
2.081280e-02	-2.982301e-01
2.083840e-02	-2.954623e-01
2.086400e-02	-2.928000e-01
2.088960e-02	-2.899477e-01
2.091520e-02	-2.870026e-01
2.094080e-02	-2.841481e-01
2.096640e-02	-2.811242e-01
2.099200e-02	-2.780133e-01
2.101760e-02	-2.748630e-01
2.104320e-02	-2.717436e-01
2.106880e-02	-2.684021e-01
2.109440e-02	-2.652047e-01
2.112000e-02	-2.618620e-01
2.114560e-02	-2.583638e-01
2.117120e-02	-2.548898e-01
2.119680e-02	-2.513585e-01
2.122240e-02	-2.477994e-01
2.124800e-02	-2.441339e-01
2.127360e-02	-2.404954e-01
2.129920e-02	-2.366848e-01
2.132480e-02	-2.328786e-01
2.135040e-02	-2.291303e-01
2.137600e-02	-2.253361e-01
2.140160e-02	-2.214359e-01
2.142720e-02	-2.173563e-01
2.145280e-02	-2.133555e-01
2.147840e-02	-2.093491e-01
2.150400e-02	-2.051714e-01
2.152960e-02	-2.012128e-01
2.155520e-02	-1.969652e-01
2.158080e-02	-1.927174e-01
2.160640e-02	-1.885031e-01
2.163200e-02	-1.841450e-01
2.165760e-02	-1.799997e-01
2.168320e-02	-1.755359e-01
2.170880e-02	-1.711471e-01
2.173440e-02	-1.668233e-01
2.176000e-02	-1.623514e-01
2.178560e-02	-1.579110e-01
2.181120e-02	-1.533781e-01
2.183680e-02	-1.488813e-01
2.186240e-02	-1.443178e-01
2.188800e-02	-1.398090e-01
2.191360e-02	-1.351367e-01
2.193920e-02	-1.304862e-01
2.196480e-02	-1.257738e-01
2.199040e-02	-1.211722e-01
2.201600e-02	-1.165588e-01
2.204160e-02	-1.117983e-01
2.206720e-02	-1.071018e-01
2.209280e-02	-1.023303e-01
2.211840e-02	-9.760082e-02
2.214400e-02	-9.283248e-02
2.216960e-02	-8.804485e-02
2.219520e-02	-8.328788e-02
2.222080e-02	-7.854775e-02
2.224640e-02	-7.369500e-02
2.227200e-02	-6.888949e-02
2.229760e-02	-6.407626e-02
2.232320e-02	-5.928543e-02
2.234880e-02	-5.455748e-02
2.237440e-02	-4.966504e-02
2.240000e-02	-4.478509e-02
2.242560e-02	-4.003412e-02
2.245120e-02	-3.520608e-02
2.247680e-02	-3.043014e-02
2.250240e-02	-2.557984e-02
2.252800e-02	-2.076753e-02
2.255360e-02	-1.608325e-02
2.257920e-02	-1.119284e-02
2.260480e-02	-6.629694e-03
2.263040e-02	-1.846201e-03
2.265600e-02	2.980244e-03
2.268160e-02	7.662824e-03
2.270720e-02	1.240080e-02
2.273280e-02	1.715667e-02
2.275840e-02	2.181072e-02
2.278400e-02	2.639314e-02
2.280960e-02	3.120515e-02
2.283520e-02	3.573852e-02
2.286080e-02	4.034326e-02
2.288640e-02	4.495393e-02
2.291200e-02	4.946801e-02
2.293760e-02	5.388583e-02
2.296320e-02	5.835011e-02
2.298880e-02	6.301234e-02
2.301440e-02	6.740348e-02
2.304000e-02	7.179560e-02
2.306560e-02	7.615414e-02
2.309120e-02	8.055017e-02
2.311680e-02	8.485407e-02
2.314240e-02	8.904205e-02
2.316800e-02	9.348392e-02
2.319360e-02	9.754908e-02
2.321920e-02	1.017038e-01
2.324480e-02	1.059421e-01
2.327040e-02	1.100449e-01
2.329600e-02	1.140326e-01
2.332160e-02	1.178838e-01
2.334720e-02	1.219720e-01
2.337280e-02	1.259014e-01
2.339840e-02	1.297292e-01
2.342400e-02	1.335682e-01
2.344960e-02	1.373423e-01
2.347520e-02	1.410992e-01
2.350080e-02	1.448314e-01
2.352640e-02	1.483288e-01
2.355200e-02	1.519431e-01
2.357760e-02	1.553939e-01
2.360320e-02	1.589198e-01
2.362880e-02	1.623919e-01
2.365440e-02	1.657562e-01
2.368000e-02	1.690264e-01
2.370560e-02	1.721466e-01
2.373120e-02	1.754745e-01
2.375680e-02	1.786466e-01
2.378240e-02	1.817760e-01
2.380800e-02	1.845884e-01
2.383360e-02	1.875824e-01
2.385920e-02	1.905753e-01
2.388480e-02	1.932898e-01
2.391040e-02	1.961280e-01
2.393600e-02	1.986653e-01
2.396160e-02	2.015721e-01
2.398720e-02	2.041795e-01
2.401280e-02	2.064704e-01
2.403840e-02	2.090772e-01
2.406400e-02	2.113816e-01
2.408960e-02	2.136808e-01
2.411520e-02	2.158941e-01
2.414080e-02	2.181114e-01
2.416640e-02	2.202043e-01
2.419200e-02	2.221406e-01
2.421760e-02	2.241927e-01
2.424320e-02	2.259840e-01
2.426880e-02	2.279283e-01
2.429440e-02	2.295633e-01
2.432000e-02	2.312577e-01
2.434560e-02	2.328800e-01
2.437120e-02	2.343618e-01
2.439680e-02	2.359862e-01
2.442240e-02	2.371744e-01
2.444800e-02	2.385343e-01
2.447360e-02	2.397098e-01
2.449920e-02	2.408222e-01
2.452480e-02	2.420159e-01
2.455040e-02	2.430122e-01
2.457600e-02	2.439832e-01
2.460160e-02	2.448046e-01
2.462720e-02	2.455076e-01
2.465280e-02	2.461752e-01
2.467840e-02	2.468034e-01
2.470400e-02	2.473348e-01
2.472960e-02	2.479038e-01
2.475520e-02	2.482275e-01
2.478080e-02	2.485128e-01
2.480640e-02	2.487857e-01
2.483200e-02	2.488702e-01
2.485760e-02	2.490856e-01
2.488320e-02	2.490267e-01
2.490880e-02	2.488818e-01
2.493440e-02	2.487998e-01
2.496000e-02	2.485089e-01
2.498560e-02	2.482650e-01
2.501120e-02	2.478572e-01
2.503680e-02	2.473650e-01
2.506240e-02	2.468451e-01
2.508800e-02	2.463569e-01
2.511360e-02	2.455567e-01
2.513920e-02	2.447493e-01
2.516480e-02	2.439809e-01
2.519040e-02	2.430513e-01
2.521600e-02	2.420687e-01
2.524160e-02	2.408487e-01
2.526720e-02	2.398154e-01
2.529280e-02	2.385226e-01
2.531840e-02	2.373336e-01
2.534400e-02	2.360101e-01
2.536960e-02	2.343676e-01
2.539520e-02	2.329552e-01
2.542080e-02	2.312700e-01
2.544640e-02	2.296005e-01
2.547200e-02	2.280239e-01
2.549760e-02	2.260864e-01
2.552320e-02	2.242420e-01
2.554880e-02	2.223394e-01
2.557440e-02	2.202469e-01
2.560000e-02	2.181986e-01
2.562560e-02	2.160118e-01
2.565120e-02	2.137457e-01
2.567680e-02	2.114111e-01
2.570240e-02	2.091227e-01
2.572800e-02	2.066504e-01
2.575360e-02	2.042608e-01
2.577920e-02	2.017185e-01
2.580480e-02	1.990002e-01
2.583040e-02	1.963056e-01
2.585600e-02	1.935380e-01
2.588160e-02	1.907095e-01
2.590720e-02	1.878548e-01
2.593280e-02	1.849637e-01
2.595840e-02	1.818002e-01
2.598400e-02	1.787592e-01
2.600960e-02	1.756751e-01
2.603520e-02	1.724323e-01
2.606080e-02	1.692398e-01
2.608640e-02	1.659304e-01
2.611200e-02	1.624428e-01
2.613760e-02	1.591044e-01
2.616320e-02	1.556797e-01
2.618880e-02	1.522030e-01
2.621440e-02	1.486912e-01
2.624000e-02	1.449261e-01
2.626560e-02	1.413044e-01
2.629120e-02	1.375232e-01
2.631680e-02	1.337287e-01
2.634240e-02	1.299856e-01
2.636800e-02	1.260604e-01
2.639360e-02	1.222014e-01
2.641920e-02	1.183240e-01
2.644480e-02	1.141658e-01
2.647040e-02	1.102139e-01
2.649600e-02	1.061584e-01
2.652160e-02	1.020350e-01
2.654720e-02	9.779882e-02
2.657280e-02	9.353497e-02
2.659840e-02	8.951741e-02
2.662400e-02	8.507829e-02
2.664960e-02	8.078564e-02
2.667520e-02	7.644403e-02
2.670080e-02	7.213651e-02
2.672640e-02	6.776870e-02
2.675200e-02	6.315859e-02
2.677760e-02	5.870017e-02
2.680320e-02	5.420239e-02
2.682880e-02	4.976838e-02
2.685440e-02	4.516989e-02
2.688000e-02	4.054306e-02
2.690560e-02	3.593101e-02
2.693120e-02	3.132114e-02
2.695680e-02	2.675890e-02
2.698240e-02	2.213602e-02
2.700800e-02	1.744285e-02
2.703360e-02	1.266930e-02
2.705920e-02	7.944296e-03
2.708480e-02	3.250894e-03
2.711040e-02	-1.552807e-03
2.713600e-02	-6.221056e-03
2.716160e-02	-1.089410e-02
2.718720e-02	-1.579431e-02
2.721280e-02	-2.050945e-02
2.723840e-02	-2.525654e-02
2.726400e-02	-3.007995e-02
2.728960e-02	-3.486368e-02
2.731520e-02	-3.977700e-02
2.734080e-02	-4.454275e-02
2.736640e-02	-4.932877e-02
2.739200e-02	-5.400570e-02
2.741760e-02	-5.891944e-02
2.744320e-02	-6.386415e-02
2.746880e-02	-6.851771e-02
2.749440e-02	-7.343557e-02
2.752000e-02	-7.811306e-02
2.754560e-02	-8.290828e-02
2.757120e-02	-8.776478e-02
2.759680e-02	-9.239442e-02
2.762240e-02	-9.723084e-02
2.764800e-02	-1.019424e-01
2.767360e-02	-1.067512e-01
2.769920e-02	-1.113951e-01
2.772480e-02	-1.160221e-01
2.775040e-02	-1.207490e-01
2.777600e-02	-1.254044e-01
2.780160e-02	-1.301732e-01
2.782720e-02	-1.347864e-01
2.785280e-02	-1.392573e-01
2.787840e-02	-1.437781e-01
2.790400e-02	-1.486046e-01
2.792960e-02	-1.530948e-01
2.795520e-02	-1.574218e-01
2.798080e-02	-1.619878e-01
2.800640e-02	-1.663894e-01
2.803200e-02	-1.708560e-01
2.805760e-02	-1.751407e-01
2.808320e-02	-1.795823e-01
2.810880e-02	-1.838725e-01
2.813440e-02	-1.880603e-01
2.816000e-02	-1.923634e-01
2.818560e-02	-1.966080e-01
2.821120e-02	-2.008320e-01
2.823680e-02	-2.048731e-01
2.826240e-02	-2.090613e-01
2.828800e-02	-2.129361e-01
2.831360e-02	-2.168947e-01
2.833920e-02	-2.209321e-01
2.836480e-02	-2.248205e-01
2.839040e-02	-2.287859e-01
2.841600e-02	-2.326037e-01
2.844160e-02	-2.364055e-01
2.846720e-02	-2.400841e-01
2.849280e-02	-2.438103e-01
2.851840e-02	-2.474743e-01
2.854400e-02	-2.510375e-01
2.856960e-02	-2.545385e-01
2.859520e-02	-2.579953e-01
2.862080e-02	-2.615175e-01
2.864640e-02	-2.648922e-01
2.867200e-02	-2.681498e-01
2.869760e-02	-2.712827e-01
2.872320e-02	-2.744993e-01
2.874880e-02	-2.777289e-01
2.877440e-02	-2.807696e-01
2.880000e-02	-2.836793e-01
2.882560e-02	-2.866929e-01
2.885120e-02	-2.897586e-01
2.887680e-02	-2.924775e-01
2.890240e-02	-2.952718e-01
2.892800e-02	-2.979145e-01
2.895360e-02	-3.006079e-01
2.897920e-02	-3.032232e-01
2.900480e-02	-3.056013e-01
2.903040e-02	-3.080635e-01
2.905600e-02	-3.104303e-01
2.908160e-02	-3.128470e-01
2.910720e-02	-3.150657e-01
2.913280e-02	-3.172123e-01
2.915840e-02	-3.192956e-01
2.918400e-02	-3.214200e-01
2.920960e-02	-3.232797e-01
2.923520e-02	-3.252515e-01
2.926080e-02	-3.271923e-01
2.928640e-02	-3.287215e-01
2.931200e-02	-3.305102e-01
2.933760e-02	-3.320993e-01
2.936320e-02	-3.335548e-01
2.938880e-02	-3.350970e-01
2.941440e-02	-3.365114e-01
2.944000e-02	-3.378034e-01
2.946560e-02	-3.389718e-01
2.949120e-02	-3.401997e-01
2.951680e-02	-3.411975e-01
2.954240e-02	-3.421988e-01
2.956800e-02	-3.431723e-01
2.959360e-02	-3.439342e-01
2.961920e-02	-3.448427e-01
2.964480e-02	-3.455803e-01
2.967040e-02	-3.461409e-01
2.969600e-02	-3.466396e-01
2.972160e-02	-3.471058e-01
2.974720e-02	-3.474914e-01
2.977280e-02	-3.478044e-01
2.979840e-02	-3.481159e-01
2.982400e-02	-3.483357e-01
2.984960e-02	-3.483783e-01
2.987520e-02	-3.483302e-01
2.990080e-02	-3.483587e-01
2.992640e-02	-3.480783e-01
2.995200e-02	-3.478845e-01
2.997760e-02	-3.476149e-01
3.000320e-02	-3.471977e-01
3.002880e-02	-3.468395e-01
3.005440e-02	-3.462617e-01
3.008000e-02	-3.456821e-01
3.010560e-02	-3.449091e-01
3.013120e-02	-3.442828e-01
3.015680e-02	-3.434129e-01
3.018240e-02	-3.423901e-01
3.020800e-02	-3.415152e-01
3.023360e-02	-3.403834e-01
3.025920e-02	-3.392206e-01
3.028480e-02	-3.380280e-01
3.031040e-02	-3.367407e-01
3.033600e-02	-3.353813e-01
3.036160e-02	-3.338979e-01
3.038720e-02	-3.323504e-01
3.041280e-02	-3.308712e-01
3.043840e-02	-3.291134e-01
3.046400e-02	-3.274378e-01
3.048960e-02	-3.256603e-01
3.051520e-02	-3.236818e-01
3.054080e-02	-3.217871e-01
3.056640e-02	-3.196384e-01
3.059200e-02	-3.177328e-01
3.061760e-02	-3.155851e-01
3.064320e-02	-3.132666e-01
3.066880e-02	-3.110526e-01
3.069440e-02	-3.086018e-01
3.072000e-02	-3.062153e-01
3.074560e-02	-3.036418e-01
3.077120e-02	-3.010274e-01
3.079680e-02	-2.985266e-01
3.082240e-02	-2.957992e-01
3.084800e-02	-2.930032e-01
3.087360e-02	-2.901203e-01
3.089920e-02	-2.873321e-01
3.092480e-02	-2.843999e-01
3.095040e-02	-2.813169e-01
3.097600e-02	-2.783849e-01
3.100160e-02	-2.752546e-01
3.102720e-02	-2.720800e-01
3.105280e-02	-2.687849e-01
3.107840e-02	-2.653829e-01
3.110400e-02	-2.620737e-01
3.112960e-02	-2.587466e-01
3.115520e-02	-2.550854e-01
3.118080e-02	-2.515771e-01
3.120640e-02	-2.482364e-01
3.123200e-02	-2.444328e-01
3.125760e-02	-2.407105e-01
3.128320e-02	-2.370725e-01
3.130880e-02	-2.334137e-01
3.133440e-02	-2.294839e-01
3.136000e-02	-2.256516e-01
3.138560e-02	-2.218573e-01
3.141120e-02	-2.177779e-01
3.143680e-02	-2.138221e-01
3.146240e-02	-2.096640e-01
3.148800e-02	-2.056406e-01
3.151360e-02	-2.015213e-01
3.153920e-02	-1.973272e-01
3.156480e-02	-1.931804e-01
3.159040e-02	-1.889596e-01
3.161600e-02	-1.846896e-01
3.164160e-02	-1.804142e-01
3.166720e-02	-1.760659e-01
3.169280e-02	-1.716296e-01
3.171840e-02	-1.672042e-01
3.174400e-02	-1.627342e-01
3.176960e-02	-1.583414e-01
3.179520e-02	-1.538250e-01
3.182080e-02	-1.492936e-01
3.184640e-02	-1.447603e-01
3.187200e-02	-1.401995e-01
3.189760e-02	-1.355559e-01
3.192320e-02	-1.309970e-01
3.194880e-02	-1.263046e-01
3.197440e-02	-1.216532e-01
3.200000e-02	-1.170044e-01
3.202560e-02	-1.122571e-01
3.205120e-02	-1.075850e-01
3.207680e-02	-1.029083e-01
3.210240e-02	-9.809001e-02
3.212800e-02	-9.333691e-02
3.215360e-02	-8.866793e-02
3.217920e-02	-8.370544e-02
3.220480e-02	-7.906519e-02
3.223040e-02	-7.425971e-02
3.225600e-02	-6.940764e-02
3.228160e-02	-6.451360e-02
3.230720e-02	-5.980955e-02
3.233280e-02	-5.504484e-02
3.235840e-02	-5.013063e-02
3.238400e-02	-4.543289e-02
3.240960e-02	-4.057205e-02
3.243520e-02	-3.584269e-02
3.246080e-02	-3.082349e-02
3.248640e-02	-2.606506e-02
3.251200e-02	-2.134064e-02
3.253760e-02	-1.660511e-02
3.256320e-02	-1.184215e-02
3.258880e-02	-7.035471e-03
3.261440e-02	-2.292684e-03
3.264000e-02	2.504940e-03
3.266560e-02	7.219749e-03
3.269120e-02	1.206559e-02
3.271680e-02	1.659644e-02
3.274240e-02	2.129806e-02
3.276800e-02	2.597852e-02
3.279360e-02	3.062752e-02
3.281920e-02	3.526909e-02
3.284480e-02	3.970847e-02
3.287040e-02	4.448881e-02
3.289600e-02	4.902637e-02
3.292160e-02	5.346233e-02
3.294720e-02	5.798772e-02
3.297280e-02	6.258928e-02
3.299840e-02	6.699065e-02
3.302400e-02	7.126014e-02
3.304960e-02	7.578515e-02
3.307520e-02	8.015706e-02
3.310080e-02	8.436597e-02
3.312640e-02	8.867615e-02
3.315200e-02	9.301695e-02
3.317760e-02	9.714675e-02
3.320320e-02	1.012980e-01
3.322880e-02	1.054221e-01
3.325440e-02	1.094887e-01
3.328000e-02	1.136083e-01
3.330560e-02	1.176345e-01
3.333120e-02	1.216443e-01
3.335680e-02	1.255012e-01
3.338240e-02	1.294177e-01
3.340800e-02	1.331714e-01
3.343360e-02	1.369134e-01
3.345920e-02	1.407504e-01
3.348480e-02	1.443180e-01
3.351040e-02	1.480309e-01
3.353600e-02	1.516460e-01
3.356160e-02	1.550859e-01
3.358720e-02	1.586165e-01
3.361280e-02	1.620276e-01
3.363840e-02	1.653847e-01
3.366400e-02	1.686684e-01
3.368960e-02	1.719872e-01
3.371520e-02	1.751532e-01
3.374080e-02	1.783005e-01
3.376640e-02	1.813913e-01
3.379200e-02	1.843829e-01
3.381760e-02	1.873983e-01
3.384320e-02	1.902377e-01
3.386880e-02	1.930848e-01
3.389440e-02	1.958875e-01
3.392000e-02	1.986025e-01
3.394560e-02	2.012011e-01
3.397120e-02	2.038090e-01
3.399680e-02	2.061827e-01
3.402240e-02	2.087451e-01
3.404800e-02	2.112477e-01
3.407360e-02	2.132622e-01
3.409920e-02	2.157217e-01
3.412480e-02	2.178828e-01
3.415040e-02	2.199591e-01
3.417600e-02	2.221161e-01
3.420160e-02	2.239140e-01
3.422720e-02	2.258494e-01
3.425280e-02	2.276237e-01
3.427840e-02	2.293659e-01
3.430400e-02	2.312155e-01
3.432960e-02	2.326438e-01
3.435520e-02	2.341380e-01
3.438080e-02	2.358309e-01
3.440640e-02	2.371243e-01
3.443200e-02	2.383826e-01
3.445760e-02	2.396464e-01
3.448320e-02	2.407677e-01
3.450880e-02	2.418872e-01
3.453440e-02	2.428982e-01
3.456000e-02	2.437572e-01
3.458560e-02	2.447018e-01
3.461120e-02	2.455223e-01
3.463680e-02	2.460839e-01
3.466240e-02	2.468245e-01
3.468800e-02	2.473518e-01
3.471360e-02	2.477793e-01
3.473920e-02	2.482606e-01
3.476480e-02	2.485703e-01
3.479040e-02	2.488091e-01
3.481600e-02	2.489604e-01
3.484160e-02	2.489355e-01
3.486720e-02	2.490606e-01
3.489280e-02	2.489877e-01
3.491840e-02	2.488071e-01
3.494400e-02	2.486214e-01
3.496960e-02	2.482516e-01
3.499520e-02	2.479592e-01
3.502080e-02	2.474163e-01
3.504640e-02	2.469143e-01
3.507200e-02	2.462667e-01
3.509760e-02	2.455885e-01
3.512320e-02	2.448859e-01
3.514880e-02	2.439935e-01
3.517440e-02	2.431637e-01
3.520000e-02	2.420234e-01
3.522560e-02	2.410022e-01
3.525120e-02	2.399675e-01
3.527680e-02	2.386812e-01
3.530240e-02	2.373780e-01
3.532800e-02	2.360618e-01
3.535360e-02	2.346164e-01
3.537920e-02	2.330886e-01
3.540480e-02	2.314796e-01
3.543040e-02	2.297639e-01
3.545600e-02	2.280759e-01
3.548160e-02	2.261927e-01
3.550720e-02	2.244167e-01
3.553280e-02	2.225015e-01
3.555840e-02	2.205198e-01
3.558400e-02	2.183902e-01
3.560960e-02	2.161716e-01
3.563520e-02	2.140472e-01
3.566080e-02	2.117053e-01
3.568640e-02	2.092658e-01
3.571200e-02	2.069422e-01
3.573760e-02	2.043818e-01
3.576320e-02	2.018206e-01
3.578880e-02	1.993061e-01
3.581440e-02	1.964798e-01
3.584000e-02	1.939143e-01
3.586560e-02	1.909866e-01
3.589120e-02	1.880327e-01
3.591680e-02	1.851658e-01
3.594240e-02	1.821448e-01
3.596800e-02	1.791300e-01
3.599360e-02	1.759140e-01
3.601920e-02	1.727472e-01
3.604480e-02	1.695513e-01
3.607040e-02	1.661957e-01
3.609600e-02	1.627987e-01
3.612160e-02	1.594678e-01
3.614720e-02	1.559319e-01
3.617280e-02	1.524296e-01
3.619840e-02	1.489319e-01
3.622400e-02	1.453048e-01
3.624960e-02	1.416398e-01
3.627520e-02	1.378882e-01
3.630080e-02	1.340831e-01
3.632640e-02	1.302402e-01
3.635200e-02	1.263892e-01
3.637760e-02	1.226274e-01
3.640320e-02	1.186270e-01
3.642880e-02	1.145873e-01
3.645440e-02	1.104436e-01
3.648000e-02	1.064805e-01
3.650560e-02	1.023712e-01
3.653120e-02	9.809656e-02
3.655680e-02	9.405992e-02
3.658240e-02	8.968885e-02
3.660800e-02	8.550730e-02
3.663360e-02	8.121451e-02
3.665920e-02	7.682805e-02
3.668480e-02	7.244904e-02
3.671040e-02	6.798304e-02
3.673600e-02	6.363112e-02
3.676160e-02	5.916897e-02
3.678720e-02	5.465314e-02
3.681280e-02	5.005665e-02
3.683840e-02	4.560646e-02
3.686400e-02	4.102851e-02
3.688960e-02	3.647086e-02
3.691520e-02	3.181853e-02
3.694080e-02	2.719078e-02
3.696640e-02	2.253353e-02
3.699200e-02	1.776298e-02
3.701760e-02	1.316389e-02
3.704320e-02	8.411320e-03
3.706880e-02	3.740072e-03
3.709440e-02	-1.007669e-03
3.712000e-02	-5.839107e-03
3.714560e-02	-1.045803e-02
3.717120e-02	-1.518412e-02
3.719680e-02	-2.005116e-02
3.722240e-02	-2.486085e-02
3.724800e-02	-2.971787e-02
3.727360e-02	-3.450742e-02
3.729920e-02	-3.920205e-02
3.732480e-02	-4.406352e-02
3.735040e-02	-4.885941e-02
3.737600e-02	-5.367222e-02
3.740160e-02	-5.847118e-02
3.742720e-02	-6.324053e-02
3.745280e-02	-6.815167e-02
3.747840e-02	-7.287842e-02
3.750400e-02	-7.773814e-02
3.752960e-02	-8.250778e-02
3.755520e-02	-8.724598e-02
3.758080e-02	-9.211098e-02
3.760640e-02	-9.679454e-02
3.763200e-02	-1.015859e-01
3.765760e-02	-1.062862e-01
3.768320e-02	-1.109530e-01
3.770880e-02	-1.155812e-01
3.773440e-02	-1.203449e-01
3.776000e-02	-1.250533e-01
3.778560e-02	-1.296107e-01
3.781120e-02	-1.343745e-01
3.783680e-02	-1.388819e-01
3.786240e-02	-1.434914e-01
3.788800e-02	-1.479622e-01
3.791360e-02	-1.524817e-01
3.793920e-02	-1.570114e-01
3.796480e-02	-1.615544e-01
3.799040e-02	-1.660584e-01
3.801600e-02	-1.703131e-01
3.804160e-02	-1.747881e-01
3.806720e-02	-1.791371e-01
3.809280e-02	-1.833952e-01
3.811840e-02	-1.876400e-01
3.814400e-02	-1.919280e-01
3.816960e-02	-1.962216e-01
3.819520e-02	-2.004631e-01
3.822080e-02	-2.044399e-01
3.824640e-02	-2.085142e-01
3.827200e-02	-2.127592e-01
3.829760e-02	-2.166797e-01
3.832320e-02	-2.206227e-01
3.834880e-02	-2.244481e-01
3.837440e-02	-2.283577e-01
3.840000e-02	-2.323185e-01
3.842560e-02	-2.360311e-01
3.845120e-02	-2.398106e-01
3.847680e-02	-2.434061e-01
3.850240e-02	-2.470616e-01
3.852800e-02	-2.507191e-01
3.855360e-02	-2.542825e-01
3.857920e-02	-2.576753e-01
3.860480e-02	-2.611499e-01
3.863040e-02	-2.645991e-01
3.865600e-02	-2.677356e-01
3.868160e-02	-2.711191e-01
3.870720e-02	-2.742962e-01
3.873280e-02	-2.774012e-01
3.875840e-02	-2.805122e-01
3.878400e-02	-2.835156e-01
3.880960e-02	-2.864654e-01
3.883520e-02	-2.892923e-01
3.886080e-02	-2.922241e-01
3.888640e-02	-2.950578e-01
3.891200e-02	-2.977405e-01
3.893760e-02	-3.003426e-01
3.896320e-02	-3.029329e-01
3.898880e-02	-3.054528e-01
3.901440e-02	-3.079621e-01
3.904000e-02	-3.103258e-01
3.906560e-02	-3.126323e-01
3.909120e-02	-3.148101e-01
3.911680e-02	-3.169207e-01
3.914240e-02	-3.191344e-01
3.916800e-02	-3.211873e-01
3.919360e-02	-3.232020e-01
3.921920e-02	-3.251161e-01
3.924480e-02	-3.268875e-01
3.927040e-02	-3.287012e-01
3.929600e-02	-3.303515e-01
3.932160e-02	-3.318489e-01
3.934720e-02	-3.333597e-01
3.937280e-02	-3.348541e-01
3.939840e-02	-3.363559e-01
3.942400e-02	-3.376308e-01
3.944960e-02	-3.388114e-01
3.947520e-02	-3.400678e-01
3.950080e-02	-3.411056e-01
3.952640e-02	-3.421819e-01
3.955200e-02	-3.430842e-01
3.957760e-02	-3.439299e-01
3.960320e-02	-3.447090e-01
3.962880e-02	-3.453200e-01
3.965440e-02	-3.461199e-01
3.968000e-02	-3.466814e-01
3.970560e-02	-3.471181e-01
3.973120e-02	-3.475616e-01
3.975680e-02	-3.478837e-01
3.978240e-02	-3.480617e-01
3.980800e-02	-3.482766e-01
3.983360e-02	-3.484254e-01
3.985920e-02	-3.484823e-01
3.988480e-02	-3.483473e-01
3.991040e-02	-3.480287e-01
3.993600e-02	-3.479529e-01
3.996160e-02	-3.476426e-01
3.998720e-02	-3.473049e-01
4.001280e-02	-3.468174e-01
4.003840e-02	-3.462787e-01
4.006400e-02	-3.456871e-01
4.008960e-02	-3.451010e-01
4.011520e-02	-3.443744e-01
4.014080e-02	-3.433939e-01
4.016640e-02	-3.425571e-01
4.019200e-02	-3.415186e-01
4.021760e-02	-3.404981e-01
4.024320e-02	-3.395211e-01
4.026880e-02	-3.381429e-01
4.029440e-02	-3.368330e-01
4.032000e-02	-3.354345e-01
4.034560e-02	-3.339811e-01
4.037120e-02	-3.325704e-01
4.039680e-02	-3.309365e-01
4.042240e-02	-3.293926e-01
4.044800e-02	-3.275362e-01
4.047360e-02	-3.257559e-01
4.049920e-02	-3.239852e-01
4.052480e-02	-3.218865e-01
4.055040e-02	-3.199338e-01
4.057600e-02	-3.178943e-01
4.060160e-02	-3.157119e-01
4.062720e-02	-3.134622e-01
4.065280e-02	-3.112194e-01
4.067840e-02	-3.087887e-01
4.070400e-02	-3.063988e-01
4.072960e-02	-3.039258e-01
4.075520e-02	-3.014137e-01
4.078080e-02	-2.987404e-01
4.080640e-02	-2.961806e-01
4.083200e-02	-2.933217e-01
4.085760e-02	-2.903947e-01
4.088320e-02	-2.876409e-01
4.090880e-02	-2.846143e-01
4.093440e-02	-2.816785e-01
4.096000e-02	-2.786052e-01
4.098560e-02	-2.755028e-01
4.101120e-02	-2.723238e-01
4.103680e-02	-2.691246e-01
4.106240e-02	-2.657287e-01
4.108800e-02	-2.624090e-01
4.111360e-02	-2.590367e-01
4.113920e-02	-2.553779e-01
4.116480e-02	-2.521125e-01
4.119040e-02	-2.484505e-01
4.121600e-02	-2.448749e-01
4.124160e-02	-2.411200e-01
4.126720e-02	-2.374551e-01
4.129280e-02	-2.337517e-01
4.131840e-02	-2.298846e-01
4.134400e-02	-2.260806e-01
4.136960e-02	-2.219583e-01
4.139520e-02	-2.181420e-01
4.142080e-02	-2.141329e-01
4.144640e-02	-2.102322e-01
4.147200e-02	-2.060751e-01
4.149760e-02	-2.019089e-01
4.152320e-02	-1.978737e-01
4.154880e-02	-1.935216e-01
4.157440e-02	-1.894559e-01
4.160000e-02	-1.851529e-01
4.162560e-02	-1.807043e-01
4.165120e-02	-1.763767e-01
4.167680e-02	-1.720881e-01
4.170240e-02	-1.676728e-01
4.172800e-02	-1.632023e-01
4.175360e-02	-1.588214e-01
4.177920e-02	-1.542954e-01
4.180480e-02	-1.496551e-01
4.183040e-02	-1.451039e-01
4.185600e-02	-1.405433e-01
4.188160e-02	-1.360810e-01
4.190720e-02	-1.313441e-01
4.193280e-02	-1.266691e-01
4.195840e-02	-1.221253e-01
4.198400e-02	-1.174946e-01
4.200960e-02	-1.128018e-01
4.203520e-02	-1.080550e-01
4.206080e-02	-1.033382e-01
4.208640e-02	-9.849038e-02
4.211200e-02	-9.376011e-02
4.213760e-02	-8.899085e-02
4.216320e-02	-8.432894e-02
4.218880e-02	-7.948407e-02
4.221440e-02	-7.468571e-02
4.224000e-02	-6.991303e-02
4.226560e-02	-6.498150e-02
4.229120e-02	-6.031200e-02
4.231680e-02	-5.547636e-02
4.234240e-02	-5.065465e-02
4.236800e-02	-4.577960e-02
4.239360e-02	-4.097570e-02
4.241920e-02	-3.628862e-02
4.244480e-02	-3.143362e-02
4.247040e-02	-2.656493e-02
4.249600e-02	-2.173262e-02
4.252160e-02	-1.700085e-02
4.254720e-02	-1.232117e-02
4.257280e-02	-7.329362e-03
4.259840e-02	-2.696390e-03
4.262400e-02	1.978857e-03
4.264960e-02	6.831863e-03
4.267520e-02	1.146591e-02
4.270080e-02	1.625162e-02
4.272640e-02	2.089657e-02
4.275200e-02	2.558611e-02
4.277760e-02	3.020041e-02
4.280320e-02	3.478405e-02
4.282880e-02	3.943116e-02
4.285440e-02	4.403948e-02
4.288000e-02	4.856397e-02
4.290560e-02	5.301662e-02
4.293120e-02	5.765869e-02
4.295680e-02	6.208417e-02
4.298240e-02	6.653833e-02
4.300800e-02	7.093947e-02
4.303360e-02	7.528219e-02
4.305920e-02	7.970837e-02
4.308480e-02	8.402193e-02
4.311040e-02	8.833797e-02
4.313600e-02	9.251112e-02
4.316160e-02	9.665828e-02
4.318720e-02	1.009201e-01
4.321280e-02	1.050273e-01
4.323840e-02	1.092395e-01
4.326400e-02	1.131444e-01
4.328960e-02	1.172586e-01
4.331520e-02	1.212513e-01
4.334080e-02	1.250254e-01
4.336640e-02	1.290838e-01
4.339200e-02	1.328120e-01
4.341760e-02	1.365669e-01
4.344320e-02	1.403536e-01
4.346880e-02	1.440285e-01
4.349440e-02	1.476861e-01
4.352000e-02	1.513546e-01
4.354560e-02	1.546784e-01
4.357120e-02	1.582001e-01
4.359680e-02	1.618809e-01
4.362240e-02	1.650417e-01
4.364800e-02	1.684193e-01
4.367360e-02	1.717049e-01
4.369920e-02	1.748898e-01
4.372480e-02	1.779800e-01
4.375040e-02	1.810657e-01
4.377600e-02	1.841605e-01
4.380160e-02	1.870861e-01
4.382720e-02	1.899762e-01
4.385280e-02	1.927055e-01
4.387840e-02	1.955841e-01
4.390400e-02	1.982948e-01
4.392960e-02	2.009296e-01
4.395520e-02	2.036124e-01
4.398080e-02	2.059695e-01
4.400640e-02	2.084995e-01
4.403200e-02	2.108898e-01
4.405760e-02	2.131636e-01
4.408320e-02	2.154852e-01
4.410880e-02	2.176935e-01
4.413440e-02	2.197560e-01
4.416000e-02	2.217481e-01
4.418560e-02	2.237091e-01
4.421120e-02	2.256342e-01
4.423680e-02	2.275492e-01
4.426240e-02	2.291903e-01
4.428800e-02	2.308362e-01
4.431360e-02	2.324735e-01
4.433920e-02	2.340813e-01
4.436480e-02	2.355479e-01
4.439040e-02	2.368685e-01
4.441600e-02	2.383224e-01
4.444160e-02	2.395141e-01
4.446720e-02	2.406552e-01
4.449280e-02	2.417018e-01
4.451840e-02	2.426913e-01
4.454400e-02	2.436555e-01
4.456960e-02	2.445515e-01
4.459520e-02	2.454673e-01
4.462080e-02	2.460729e-01
4.464640e-02	2.467939e-01
4.467200e-02	2.472739e-01
4.469760e-02	2.477919e-01
4.472320e-02	2.482675e-01
4.474880e-02	2.483931e-01
4.477440e-02	2.487053e-01
4.480000e-02	2.489470e-01
4.482560e-02	2.490198e-01
4.485120e-02	2.489785e-01
4.487680e-02	2.489848e-01
4.490240e-02	2.486843e-01
4.492800e-02	2.486406e-01
4.495360e-02	2.482606e-01
4.497920e-02	2.478920e-01
4.500480e-02	2.475611e-01
4.503040e-02	2.469853e-01
4.505600e-02	2.464383e-01
4.508160e-02	2.455887e-01
4.510720e-02	2.449664e-01
4.513280e-02	2.441186e-01
4.515840e-02	2.431908e-01
4.518400e-02	2.421567e-01
4.520960e-02	2.411342e-01
4.523520e-02	2.400560e-01
4.526080e-02	2.386682e-01
4.528640e-02	2.374566e-01
4.531200e-02	2.360675e-01
4.533760e-02	2.346992e-01
4.536320e-02	2.331734e-01
4.538880e-02	2.316332e-01
4.541440e-02	2.299609e-01
4.544000e-02	2.282321e-01
4.546560e-02	2.264287e-01
4.549120e-02	2.245330e-01
4.551680e-02	2.226804e-01
4.554240e-02	2.206431e-01
4.556800e-02	2.185529e-01
4.559360e-02	2.163830e-01
4.561920e-02	2.141867e-01
4.564480e-02	2.118694e-01
4.567040e-02	2.095494e-01
4.569600e-02	2.071778e-01
4.572160e-02	2.045030e-01
4.574720e-02	2.019761e-01
4.577280e-02	1.994199e-01
4.579840e-02	1.967103e-01
4.582400e-02	1.940786e-01
4.584960e-02	1.912086e-01
4.587520e-02	1.883817e-01
4.590080e-02	1.854744e-01
4.592640e-02	1.823172e-01
4.595200e-02	1.793860e-01
4.597760e-02	1.762762e-01
4.600320e-02	1.730146e-01
4.602880e-02	1.697713e-01
4.605440e-02	1.665168e-01
4.608000e-02	1.633136e-01
4.610560e-02	1.597940e-01
4.613120e-02	1.563235e-01
4.615680e-02	1.528723e-01
4.618240e-02	1.492661e-01
4.620800e-02	1.456467e-01
4.623360e-02	1.420237e-01
4.625920e-02	1.382496e-01
4.628480e-02	1.345229e-01
4.631040e-02	1.308022e-01
4.633600e-02	1.267354e-01
4.636160e-02	1.230205e-01
4.638720e-02	1.189652e-01
4.641280e-02	1.149329e-01
4.643840e-02	1.109705e-01
4.646400e-02	1.067542e-01
4.648960e-02	1.027848e-01
4.651520e-02	9.860244e-02
4.654080e-02	9.431827e-02
4.656640e-02	9.019164e-02
4.659200e-02	8.594358e-02
4.661760e-02	8.146042e-02
4.664320e-02	7.726047e-02
4.666880e-02	7.290802e-02
4.669440e-02	6.845222e-02
4.672000e-02	6.413072e-02
4.674560e-02	5.964190e-02
4.677120e-02	5.512514e-02
4.679680e-02	5.063159e-02
4.682240e-02	4.614630e-02
4.684800e-02	4.148037e-02
4.687360e-02	3.692830e-02
4.689920e-02	3.234528e-02
4.692480e-02	2.767476e-02
4.695040e-02	2.291788e-02
4.697600e-02	1.829483e-02
4.700160e-02	1.365238e-02
4.702720e-02	8.796017e-03
4.705280e-02	4.222015e-03
4.707840e-02	-5.737921e-04
4.710400e-02	-5.384156e-03
4.712960e-02	-1.005903e-02
4.715520e-02	-1.484805e-02
4.718080e-02	-1.950614e-02
4.720640e-02	-2.446387e-02
4.723200e-02	-2.931358e-02
4.725760e-02	-3.404680e-02
4.728320e-02	-3.883240e-02
4.730880e-02	-4.357279e-02
4.733440e-02	-4.847753e-02
4.736000e-02	-5.336249e-02
4.738560e-02	-5.801883e-02
4.741120e-02	-6.283792e-02
4.743680e-02	-6.773045e-02
4.746240e-02	-7.251588e-02
4.748800e-02	-7.730485e-02
4.751360e-02	-8.201329e-02
4.753920e-02	-8.672556e-02
4.756480e-02	-9.163126e-02
4.759040e-02	-9.629558e-02
4.761600e-02	-1.010521e-01
4.764160e-02	-1.057651e-01
4.766720e-02	-1.104989e-01
4.769280e-02	-1.152661e-01
4.771840e-02	-1.198731e-01
4.774400e-02	-1.246556e-01
4.776960e-02	-1.291960e-01
4.779520e-02	-1.338369e-01
4.782080e-02	-1.384396e-01
4.784640e-02	-1.430117e-01
4.787200e-02	-1.476272e-01
4.789760e-02	-1.522021e-01
4.792320e-02	-1.567983e-01
4.794880e-02	-1.612847e-01
4.797440e-02	-1.655702e-01
4.800000e-02	-1.699389e-01
4.802560e-02	-1.744067e-01
4.805120e-02	-1.786311e-01
4.807680e-02	-1.830835e-01
4.810240e-02	-1.872497e-01
4.812800e-02	-1.916037e-01
4.815360e-02	-1.958826e-01
4.817920e-02	-1.999385e-01
4.820480e-02	-2.041159e-01
4.823040e-02	-2.080928e-01
4.825600e-02	-2.122730e-01
4.828160e-02	-2.162419e-01
4.830720e-02	-2.202431e-01
4.833280e-02	-2.242216e-01
4.835840e-02	-2.280305e-01
4.838400e-02	-2.318369e-01
4.840960e-02	-2.356808e-01
4.843520e-02	-2.394179e-01
4.846080e-02	-2.430995e-01
4.848640e-02	-2.468262e-01
4.851200e-02	-2.502037e-01
4.853760e-02	-2.538733e-01
4.856320e-02	-2.572842e-01
4.858880e-02	-2.608342e-01
4.861440e-02	-2.642938e-01
4.864000e-02	-2.675756e-01
4.866560e-02	-2.707515e-01
4.869120e-02	-2.739032e-01
4.871680e-02	-2.771867e-01
4.874240e-02	-2.800416e-01
4.876800e-02	-2.832004e-01
4.879360e-02	-2.861907e-01
4.881920e-02	-2.891299e-01
4.884480e-02	-2.919393e-01
4.887040e-02	-2.946518e-01
4.889600e-02	-2.974758e-01
4.892160e-02	-3.000442e-01
4.894720e-02	-3.027438e-01
4.897280e-02	-3.051267e-01
4.899840e-02	-3.076179e-01
4.902400e-02	-3.100532e-01
4.904960e-02	-3.124117e-01
4.907520e-02	-3.146127e-01
4.910080e-02	-3.169147e-01
4.912640e-02	-3.190418e-01
4.915200e-02	-3.209502e-01
4.917760e-02	-3.229252e-01
4.920320e-02	-3.248646e-01
4.922880e-02	-3.268168e-01
4.925440e-02	-3.284352e-01
4.928000e-02	-3.301684e-01
4.930560e-02	-3.318169e-01
4.933120e-02	-3.332496e-01
4.935680e-02	-3.347199e-01
4.938240e-02	-3.362071e-01
4.940800e-02	-3.375565e-01
4.943360e-02	-3.387684e-01
4.945920e-02	-3.399475e-01
4.948480e-02	-3.409753e-01
4.951040e-02	-3.421239e-01
4.953600e-02	-3.430545e-01
4.956160e-02	-3.439669e-01
4.958720e-02	-3.446967e-01
4.961280e-02	-3.454117e-01
4.963840e-02	-3.461618e-01
4.966400e-02	-3.465696e-01
4.968960e-02	-3.469853e-01
4.971520e-02	-3.475193e-01
4.974080e-02	-3.478210e-01
4.976640e-02	-3.480944e-01
4.979200e-02	-3.482719e-01
4.981760e-02	-3.484307e-01
4.984320e-02	-3.484282e-01
4.986880e-02	-3.482752e-01
4.989440e-02	-3.482914e-01
4.992000e-02	-3.479198e-01
4.994560e-02	-3.475780e-01
4.997120e-02	-3.473235e-01
4.999680e-02	-3.468415e-01
5.002240e-02	-3.463908e-01
5.004800e-02	-3.458154e-01
5.007360e-02	-3.451534e-01
5.009920e-02	-3.442527e-01
5.012480e-02	-3.435352e-01
5.015040e-02	-3.425919e-01
5.017600e-02	-3.416416e-01
5.020160e-02	-3.406030e-01
5.022720e-02	-3.393783e-01
5.025280e-02	-3.383243e-01
5.027840e-02	-3.369327e-01
5.030400e-02	-3.356074e-01
5.032960e-02	-3.342640e-01
5.035520e-02	-3.327298e-01
5.038080e-02	-3.311203e-01
5.040640e-02	-3.295119e-01
5.043200e-02	-3.279023e-01
5.045760e-02	-3.259660e-01
5.048320e-02	-3.241311e-01
5.050880e-02	-3.222103e-01
5.053440e-02	-3.200055e-01
5.056000e-02	-3.180383e-01
5.058560e-02	-3.159470e-01
5.061120e-02	-3.136405e-01
5.063680e-02	-3.113835e-01
5.066240e-02	-3.090128e-01
5.068800e-02	-3.066289e-01
5.071360e-02	-3.042326e-01
5.073920e-02	-3.015864e-01
5.076480e-02	-2.989326e-01
5.079040e-02	-2.963406e-01
5.081600e-02	-2.935819e-01
5.084160e-02	-2.908498e-01
5.086720e-02	-2.877946e-01
5.089280e-02	-2.850170e-01
5.091840e-02	-2.818813e-01
5.094400e-02	-2.788011e-01
5.096960e-02	-2.759122e-01
5.099520e-02	-2.725250e-01
5.102080e-02	-2.693814e-01
5.104640e-02	-2.660007e-01
5.107200e-02	-2.628162e-01
5.109760e-02	-2.592749e-01
5.112320e-02	-2.558157e-01
5.114880e-02	-2.524379e-01
5.117440e-02	-2.487314e-01
5.120000e-02	-2.453349e-01
5.122560e-02	-2.415603e-01
5.125120e-02	-2.378211e-01
5.127680e-02	-2.340953e-01
5.130240e-02	-2.303177e-01
5.132800e-02	-2.264247e-01
5.135360e-02	-2.224170e-01
5.137920e-02	-2.185945e-01
5.140480e-02	-2.145946e-01
5.143040e-02	-2.104530e-01
5.145600e-02	-2.064849e-01
5.148160e-02	-2.023056e-01
5.150720e-02	-1.981549e-01
5.153280e-02	-1.939780e-01
5.155840e-02	-1.897338e-01
5.158400e-02	-1.854782e-01
5.160960e-02	-1.812232e-01
5.163520e-02	-1.768026e-01
5.166080e-02	-1.724507e-01
5.168640e-02	-1.680247e-01
5.171200e-02	-1.635233e-01
5.173760e-02	-1.591270e-01
5.176320e-02	-1.545822e-01
5.178880e-02	-1.502090e-01
5.181440e-02	-1.454952e-01
5.184000e-02	-1.409234e-01
5.186560e-02	-1.364063e-01
5.189120e-02	-1.318417e-01
5.191680e-02	-1.271751e-01
5.194240e-02	-1.226134e-01
5.196800e-02	-1.179391e-01
5.199360e-02	-1.130118e-01
5.201920e-02	-1.084595e-01
5.204480e-02	-1.037119e-01
5.207040e-02	-9.899738e-02
5.209600e-02	-9.422869e-02
5.212160e-02	-8.950529e-02
5.214720e-02	-8.463950e-02
5.217280e-02	-7.987876e-02
5.219840e-02	-7.516292e-02
5.222400e-02	-7.033736e-02
5.224960e-02	-6.555577e-02
5.227520e-02	-6.056638e-02
5.230080e-02	-5.582439e-02
5.232640e-02	-5.108411e-02
5.235200e-02	-4.637435e-02
5.237760e-02	-4.130736e-02
5.240320e-02	-3.660298e-02
5.242880e-02	-3.178772e-02
5.245440e-02	-2.699053e-02
5.248000e-02	-2.234604e-02
5.250560e-02	-1.739526e-02
5.253120e-02	-1.267778e-02
5.255680e-02	-7.842324e-03
5.258240e-02	-3.146367e-03
5.260800e-02	1.734650e-03
5.263360e-02	6.296746e-03
5.265920e-02	1.106303e-02
5.268480e-02	1.577107e-02
5.271040e-02	2.034500e-02
5.273600e-02	2.522627e-02
5.276160e-02	2.979540e-02
5.278720e-02	3.437024e-02
5.281280e-02	3.895928e-02
5.283840e-02	4.347700e-02
5.286400e-02	4.810235e-02
5.288960e-02	5.273999e-02
5.291520e-02	5.719817e-02
5.294080e-02	6.166103e-02
5.296640e-02	6.612234e-02
5.299200e-02	7.058156e-02
5.301760e-02	7.497989e-02
5.304320e-02	7.919488e-02
5.306880e-02	8.355304e-02
5.309440e-02	8.793984e-02
5.312000e-02	9.223790e-02
5.314560e-02	9.637173e-02
5.317120e-02	1.006027e-01
5.319680e-02	1.045779e-01
5.322240e-02	1.087537e-01
5.324800e-02	1.129103e-01
5.327360e-02	1.168026e-01
5.329920e-02	1.209193e-01
5.332480e-02	1.248079e-01
5.335040e-02	1.286615e-01
5.337600e-02	1.325328e-01
5.340160e-02	1.363074e-01
5.342720e-02	1.399926e-01
5.345280e-02	1.436159e-01
5.347840e-02	1.473963e-01
5.350400e-02	1.509481e-01
5.352960e-02	1.543996e-01
5.355520e-02	1.579956e-01
5.358080e-02	1.614590e-01
5.360640e-02	1.646648e-01
5.363200e-02	1.680412e-01
5.365760e-02	1.713572e-01
5.368320e-02	1.745975e-01
5.370880e-02	1.777447e-01
5.373440e-02	1.808148e-01
5.376000e-02	1.838861e-01
5.378560e-02	1.868810e-01
5.381120e-02	1.896907e-01
5.383680e-02	1.925217e-01
5.386240e-02	1.953411e-01
5.388800e-02	1.980434e-01
5.391360e-02	2.006720e-01
5.393920e-02	2.032988e-01
5.396480e-02	2.057764e-01
5.399040e-02	2.082298e-01
5.401600e-02	2.106989e-01
5.404160e-02	2.129665e-01
5.406720e-02	2.152454e-01
5.409280e-02	2.174457e-01
5.411840e-02	2.195063e-01
5.414400e-02	2.215971e-01
5.416960e-02	2.235431e-01
5.419520e-02	2.255172e-01
5.422080e-02	2.273977e-01
5.424640e-02	2.290255e-01
5.427200e-02	2.308312e-01
5.429760e-02	2.325016e-01
5.432320e-02	2.339878e-01
5.434880e-02	2.353987e-01
5.437440e-02	2.368156e-01
5.440000e-02	2.382860e-01
5.442560e-02	2.393994e-01
5.445120e-02	2.405688e-01
5.447680e-02	2.416118e-01
5.450240e-02	2.426693e-01
5.452800e-02	2.436626e-01
5.455360e-02	2.444763e-01
5.457920e-02	2.453482e-01
5.460480e-02	2.460306e-01
5.463040e-02	2.466447e-01
5.465600e-02	2.473030e-01
5.468160e-02	2.477085e-01
5.470720e-02	2.481304e-01
5.473280e-02	2.484550e-01
5.475840e-02	2.488099e-01
5.478400e-02	2.488672e-01
5.480960e-02	2.489453e-01
5.483520e-02	2.490259e-01
5.486080e-02	2.490221e-01
5.488640e-02	2.489495e-01
5.491200e-02	2.485594e-01
5.493760e-02	2.483400e-01
5.496320e-02	2.479497e-01
5.498880e-02	2.475633e-01
5.501440e-02	2.470789e-01
5.504000e-02	2.464244e-01
5.506560e-02	2.457588e-01
5.509120e-02	2.449881e-01
5.511680e-02	2.441530e-01
5.514240e-02	2.432910e-01
5.516800e-02	2.424208e-01
5.519360e-02	2.412915e-01
5.521920e-02	2.401347e-01
5.524480e-02	2.388512e-01
5.527040e-02	2.376921e-01
5.529600e-02	2.364205e-01
5.532160e-02	2.349042e-01
5.534720e-02	2.333496e-01
5.537280e-02	2.317609e-01
5.539840e-02	2.302060e-01
5.542400e-02	2.284313e-01
5.544960e-02	2.266420e-01
5.547520e-02	2.247863e-01
5.550080e-02	2.228125e-01
5.552640e-02	2.209416e-01
5.555200e-02	2.187396e-01
5.557760e-02	2.165845e-01
5.560320e-02	2.144081e-01
5.562880e-02	2.121655e-01
5.565440e-02	2.098189e-01
5.568000e-02	2.073696e-01
5.570560e-02	2.049388e-01
5.573120e-02	2.022355e-01
5.575680e-02	1.997351e-01
5.578240e-02	1.971359e-01
5.580800e-02	1.943875e-01
5.583360e-02	1.916010e-01
5.585920e-02	1.886394e-01
5.588480e-02	1.856877e-01
5.591040e-02	1.826624e-01
5.593600e-02	1.797441e-01
5.596160e-02	1.766078e-01
5.598720e-02	1.733921e-01
5.601280e-02	1.702624e-01
5.603840e-02	1.668871e-01
5.606400e-02	1.635025e-01
5.608960e-02	1.601353e-01
5.611520e-02	1.566438e-01
5.614080e-02	1.531647e-01
5.616640e-02	1.496217e-01
5.619200e-02	1.461010e-01
5.621760e-02	1.423014e-01
5.624320e-02	1.386395e-01
5.626880e-02	1.349503e-01
5.629440e-02	1.309699e-01
5.632000e-02	1.272869e-01
5.634560e-02	1.232906e-01
5.637120e-02	1.193768e-01
5.639680e-02	1.153501e-01
5.642240e-02	1.113450e-01
5.644800e-02	1.074306e-01
5.647360e-02	1.030463e-01
5.649920e-02	9.895056e-02
5.652480e-02	9.481221e-02
5.655040e-02	9.060951e-02
5.657600e-02	8.626831e-02
5.660160e-02	8.201208e-02
5.662720e-02	7.772883e-02
5.665280e-02	7.328163e-02
5.667840e-02	6.889176e-02
5.670400e-02	6.445891e-02
5.672960e-02	6.008395e-02
5.675520e-02	5.571566e-02
5.678080e-02	5.103515e-02
5.680640e-02	4.646200e-02
5.683200e-02	4.184271e-02
5.685760e-02	3.723265e-02
5.688320e-02	3.268879e-02
5.690880e-02	2.809815e-02
5.693440e-02	2.351753e-02
5.696000e-02	1.877579e-02
5.698560e-02	1.409904e-02
5.701120e-02	9.353885e-03
5.703680e-02	4.633537e-03
5.706240e-02	-5.086394e-05
5.708800e-02	-4.952881e-03
5.711360e-02	-9.636200e-03
5.713920e-02	-1.441882e-02
5.716480e-02	-1.931124e-02
5.719040e-02	-2.392815e-02
5.721600e-02	-2.870203e-02
5.724160e-02	-3.360008e-02
5.726720e-02	-3.842826e-02
5.729280e-02	-4.322098e-02
5.731840e-02	-4.791332e-02
5.734400e-02	-5.275405e-02
5.736960e-02	-5.754514e-02
5.739520e-02	-6.246800e-02
5.742080e-02	-6.723788e-02
5.744640e-02	-7.200237e-02
5.747200e-02	-7.681865e-02
5.749760e-02	-8.155090e-02
5.752320e-02	-8.638341e-02
5.754880e-02	-9.107082e-02
5.757440e-02	-9.582234e-02
5.760000e-02	-1.006195e-01
5.762560e-02	-1.053671e-01
5.765120e-02	-1.100235e-01
5.767680e-02	-1.147325e-01
5.770240e-02	-1.194333e-01
5.772800e-02	-1.241291e-01
5.775360e-02	-1.288247e-01
5.777920e-02	-1.333330e-01
5.780480e-02	-1.380929e-01
5.783040e-02	-1.425724e-01
5.785600e-02	-1.470792e-01
5.788160e-02	-1.516835e-01
5.790720e-02	-1.562028e-01
5.793280e-02	-1.607465e-01
5.795840e-02	-1.650767e-01
5.798400e-02	-1.695612e-01
5.800960e-02	-1.739304e-01
5.803520e-02	-1.783512e-01
5.806080e-02	-1.826323e-01
5.808640e-02	-1.868438e-01
5.811200e-02	-1.911989e-01
5.813760e-02	-1.954497e-01
5.816320e-02	-1.996763e-01
5.818880e-02	-2.037081e-01
5.821440e-02	-2.077920e-01
5.824000e-02	-2.117163e-01
5.826560e-02	-2.158631e-01
5.829120e-02	-2.199354e-01
5.831680e-02	-2.238571e-01
5.834240e-02	-2.276914e-01
5.836800e-02	-2.313818e-01
5.839360e-02	-2.354105e-01
5.841920e-02	-2.390554e-01
5.844480e-02	-2.426768e-01
5.847040e-02	-2.463837e-01
5.849600e-02	-2.500392e-01
5.852160e-02	-2.535753e-01
5.854720e-02	-2.569424e-01
5.857280e-02	-2.604432e-01
5.859840e-02	-2.637082e-01
5.862400e-02	-2.670799e-01
5.864960e-02	-2.704509e-01
5.867520e-02	-2.737305e-01
5.870080e-02	-2.767193e-01
5.872640e-02	-2.798957e-01
5.875200e-02	-2.830118e-01
5.877760e-02	-2.858109e-01
5.880320e-02	-2.887442e-01
5.882880e-02	-2.915832e-01
5.885440e-02	-2.944624e-01
5.888000e-02	-2.972495e-01
5.890560e-02	-2.998134e-01
5.893120e-02	-3.024690e-01
5.895680e-02	-3.050211e-01
5.898240e-02	-3.074305e-01
5.900800e-02	-3.098088e-01
5.903360e-02	-3.121723e-01
5.905920e-02	-3.143857e-01
5.908480e-02	-3.165386e-01
5.911040e-02	-3.188362e-01
5.913600e-02	-3.208075e-01
5.916160e-02	-3.227345e-01
5.918720e-02	-3.247154e-01
5.921280e-02	-3.264243e-01
5.923840e-02	-3.283743e-01
5.926400e-02	-3.300273e-01
5.928960e-02	-3.315431e-01
5.931520e-02	-3.331213e-01
5.934080e-02	-3.345723e-01
5.936640e-02	-3.361237e-01
5.939200e-02	-3.374090e-01
5.941760e-02	-3.385717e-01
5.944320e-02	-3.397961e-01
5.946880e-02	-3.409662e-01
5.949440e-02	-3.420690e-01
5.952000e-02	-3.429056e-01
5.954560e-02	-3.437789e-01
5.957120e-02	-3.446526e-01
5.959680e-02	-3.452621e-01
5.962240e-02	-3.459773e-01
5.964800e-02	-3.465897e-01
5.967360e-02	-3.470519e-01
5.969920e-02	-3.475047e-01
5.972480e-02	-3.476723e-01
5.975040e-02	-3.480555e-01
5.977600e-02	-3.482710e-01
5.980160e-02	-3.483047e-01
5.982720e-02	-3.483793e-01
5.985280e-02	-3.482678e-01
5.987840e-02	-3.481305e-01
5.990400e-02	-3.479774e-01
5.992960e-02	-3.476510e-01
5.995520e-02	-3.473659e-01
5.998080e-02	-3.469085e-01
6.000640e-02	-3.463153e-01
6.003200e-02	-3.458350e-01
6.005760e-02	-3.450409e-01
6.008320e-02	-3.444375e-01
6.010880e-02	-3.435721e-01
6.013440e-02	-3.426227e-01
6.016000e-02	-3.417643e-01
6.018560e-02	-3.405956e-01
6.021120e-02	-3.395513e-01
6.023680e-02	-3.382547e-01
6.026240e-02	-3.370325e-01
6.028800e-02	-3.357172e-01
6.031360e-02	-3.342505e-01
6.033920e-02	-3.328292e-01
6.036480e-02	-3.312930e-01
6.039040e-02	-3.295980e-01
6.041600e-02	-3.279118e-01
6.044160e-02	-3.260965e-01
6.046720e-02	-3.242603e-01
6.049280e-02	-3.222439e-01
6.051840e-02	-3.203371e-01
6.054400e-02	-3.182912e-01
6.056960e-02	-3.160435e-01
6.059520e-02	-3.139763e-01
6.062080e-02	-3.115783e-01
6.064640e-02	-3.092773e-01
6.067200e-02	-3.068144e-01
6.069760e-02	-3.042638e-01
6.072320e-02	-3.019161e-01
6.074880e-02	-2.992214e-01
6.077440e-02	-2.964539e-01
6.080000e-02	-2.938432e-01
6.082560e-02	-2.911101e-01
6.085120e-02	-2.881308e-01
6.087680e-02	-2.851847e-01
6.090240e-02	-2.822028e-01
6.092800e-02	-2.791509e-01
6.095360e-02	-2.760371e-01
6.097920e-02	-2.729388e-01
6.100480e-02	-2.696562e-01
6.103040e-02	-2.663868e-01
6.105600e-02	-2.630501e-01
6.108160e-02	-2.596545e-01
6.110720e-02	-2.560687e-01
6.113280e-02	-2.527517e-01
6.115840e-02	-2.491736e-01
6.118400e-02	-2.454894e-01
6.120960e-02	-2.419949e-01
6.123520e-02	-2.380705e-01
6.126080e-02	-2.344192e-01
6.128640e-02	-2.305846e-01
6.131200e-02	-2.267420e-01
6.133760e-02	-2.229162e-01
6.136320e-02	-2.188110e-01
6.138880e-02	-2.148963e-01
6.141440e-02	-2.108970e-01
6.144000e-02	-2.068575e-01
6.146560e-02	-2.026475e-01
6.149120e-02	-1.986039e-01
6.151680e-02	-1.944052e-01
6.154240e-02	-1.901473e-01
6.156800e-02	-1.858276e-01
6.159360e-02	-1.815280e-01
6.161920e-02	-1.772682e-01
6.164480e-02	-1.728954e-01
6.167040e-02	-1.684989e-01
6.169600e-02	-1.641197e-01
6.172160e-02	-1.596438e-01
6.174720e-02	-1.550999e-01
6.177280e-02	-1.506189e-01
6.179840e-02	-1.459782e-01
6.182400e-02	-1.413959e-01
6.184960e-02	-1.368802e-01
6.187520e-02	-1.322336e-01
6.190080e-02	-1.276077e-01
6.192640e-02	-1.229339e-01
6.195200e-02	-1.183157e-01
6.197760e-02	-1.136211e-01
6.200320e-02	-1.088987e-01
6.202880e-02	-1.041980e-01
6.205440e-02	-9.930725e-02
6.208000e-02	-9.473916e-02
6.210560e-02	-9.001312e-02
6.213120e-02	-8.505397e-02
6.215680e-02	-8.045555e-02
6.218240e-02	-7.562274e-02
6.220800e-02	-7.075837e-02
6.223360e-02	-6.593598e-02
6.225920e-02	-6.131426e-02
6.228480e-02	-5.647488e-02
6.231040e-02	-5.148479e-02
6.233600e-02	-4.672887e-02
6.236160e-02	-4.199009e-02
6.238720e-02	-3.712342e-02
6.241280e-02	-3.224912e-02
6.243840e-02	-2.750597e-02
6.246400e-02	-2.260399e-02
6.248960e-02	-1.783714e-02
6.251520e-02	-1.306602e-02
6.254080e-02	-8.271499e-03
6.256640e-02	-3.678989e-03
6.259200e-02	1.186119e-03
6.261760e-02	5.866202e-03
6.264320e-02	1.064469e-02
6.266880e-02	1.533376e-02
6.269440e-02	1.993515e-02
6.272000e-02	2.472062e-02
6.274560e-02	2.938406e-02
6.277120e-02	3.401460e-02
6.279680e-02	3.859691e-02
6.282240e-02	4.315225e-02
6.284800e-02	4.780529e-02
6.287360e-02	5.230429e-02
6.289920e-02	5.679948e-02
6.292480e-02	6.124625e-02
6.295040e-02	6.564230e-02
6.297600e-02	7.008855e-02
6.300160e-02	7.445271e-02
6.302720e-02	7.882582e-02
6.305280e-02	8.320163e-02
6.307840e-02	8.734028e-02
6.310400e-02	9.175172e-02
6.312960e-02	9.595760e-02
6.315520e-02	1.001620e-01
6.318080e-02	1.042990e-01
6.320640e-02	1.083274e-01
6.323200e-02	1.125525e-01
6.325760e-02	1.163669e-01
6.328320e-02	1.204063e-01
6.330880e-02	1.244715e-01
6.333440e-02	1.282677e-01
6.336000e-02	1.321122e-01
6.338560e-02	1.358545e-01
6.341120e-02	1.395862e-01
6.343680e-02	1.433946e-01
6.346240e-02	1.470282e-01
6.348800e-02	1.505352e-01
6.351360e-02	1.541689e-01
6.353920e-02	1.576057e-01
6.356480e-02	1.611012e-01
6.359040e-02	1.643619e-01
6.361600e-02	1.677408e-01
6.364160e-02	1.709782e-01
6.366720e-02	1.741700e-01
6.369280e-02	1.774729e-01
6.371840e-02	1.804483e-01
6.374400e-02	1.834939e-01
6.376960e-02	1.864824e-01
6.379520e-02	1.894736e-01
6.382080e-02	1.923281e-01
6.384640e-02	1.950124e-01
6.387200e-02	1.978600e-01
6.389760e-02	2.004294e-01
6.392320e-02	2.030272e-01
6.394880e-02	2.056958e-01
6.397440e-02	2.080337e-01
6.400000e-02	2.103482e-01
6.402560e-02	2.127431e-01
6.405120e-02	2.151124e-01
6.407680e-02	2.172586e-01
6.410240e-02	2.193208e-01
6.412800e-02	2.214344e-01
6.415360e-02	2.233044e-01
6.417920e-02	2.252974e-01
6.420480e-02	2.270922e-01
6.423040e-02	2.289368e-01
6.425600e-02	2.306408e-01
6.428160e-02	2.322836e-01
6.430720e-02	2.338810e-01
6.433280e-02	2.353789e-01
6.435840e-02	2.368243e-01
6.438400e-02	2.380215e-01
6.440960e-02	2.392406e-01
6.443520e-02	2.404472e-01
6.446080e-02	2.417350e-01
6.448640e-02	2.426719e-01
6.451200e-02	2.435514e-01
6.453760e-02	2.445345e-01
6.456320e-02	2.453118e-01
6.458880e-02	2.459949e-01
6.461440e-02	2.466134e-01
6.464000e-02	2.472501e-01
6.466560e-02	2.476520e-01
6.469120e-02	2.481337e-01
6.471680e-02	2.484733e-01
6.474240e-02	2.487162e-01
6.476800e-02	2.488791e-01
6.479360e-02	2.489982e-01
6.481920e-02	2.490563e-01
6.484480e-02	2.489788e-01
6.487040e-02	2.488111e-01
6.489600e-02	2.485813e-01
6.492160e-02	2.484253e-01
6.494720e-02	2.479825e-01
6.497280e-02	2.475738e-01
6.499840e-02	2.470264e-01
6.502400e-02	2.464385e-01
6.504960e-02	2.458383e-01
6.507520e-02	2.450143e-01
6.510080e-02	2.442920e-01
6.512640e-02	2.433475e-01
6.515200e-02	2.424480e-01
6.517760e-02	2.413546e-01
6.520320e-02	2.402372e-01
6.522880e-02	2.390298e-01
6.525440e-02	2.377267e-01
6.528000e-02	2.364200e-01
6.530560e-02	2.349763e-01
6.533120e-02	2.335198e-01
6.535680e-02	2.318830e-01
6.538240e-02	2.302262e-01
6.540800e-02	2.286611e-01
6.543360e-02	2.267561e-01
6.545920e-02	2.249078e-01
6.548480e-02	2.230365e-01
6.551040e-02	2.210421e-01
6.553600e-02	2.189849e-01
6.556160e-02	2.169344e-01
6.558720e-02	2.146217e-01
6.561280e-02	2.123435e-01
6.563840e-02	2.101290e-01
6.566400e-02	2.076410e-01
6.568960e-02	2.052036e-01
6.571520e-02	2.026079e-01
6.574080e-02	2.000104e-01
6.576640e-02	1.974525e-01
6.579200e-02	1.945311e-01
6.581760e-02	1.917677e-01
6.584320e-02	1.889415e-01
6.586880e-02	1.859807e-01
6.589440e-02	1.829950e-01
6.592000e-02	1.799720e-01
6.594560e-02	1.767953e-01
6.597120e-02	1.736948e-01
6.599680e-02	1.705007e-01
6.602240e-02	1.670881e-01
6.604800e-02	1.637913e-01
6.607360e-02	1.604689e-01
6.609920e-02	1.569429e-01
6.612480e-02	1.534680e-01
6.615040e-02	1.498802e-01
6.617600e-02	1.463689e-01
6.620160e-02	1.426933e-01
6.622720e-02	1.388993e-01
6.625280e-02	1.352213e-01
6.627840e-02	1.315150e-01
6.630400e-02	1.275992e-01
6.632960e-02	1.236726e-01
6.635520e-02	1.198199e-01
6.638080e-02	1.157425e-01
6.640640e-02	1.117390e-01
6.643200e-02	1.076958e-01
6.645760e-02	1.034740e-01
6.648320e-02	9.940536e-02
6.650880e-02	9.521250e-02
6.653440e-02	9.096116e-02
6.656000e-02	8.671433e-02
6.658560e-02	8.240460e-02
6.661120e-02	7.807235e-02
6.663680e-02	7.378700e-02
6.666240e-02	6.928454e-02
6.668800e-02	6.490950e-02
6.671360e-02	6.042399e-02
6.673920e-02	5.596236e-02
6.676480e-02	5.153079e-02
6.679040e-02	4.696819e-02
6.681600e-02	4.236880e-02
6.684160e-02	3.778307e-02
6.686720e-02	3.312875e-02
6.689280e-02	2.856297e-02
6.691840e-02	2.396366e-02
6.694400e-02	1.921380e-02
6.696960e-02	1.457620e-02
6.699520e-02	9.841189e-03
6.702080e-02	5.002362e-03
6.704640e-02	4.373817e-04
6.707200e-02	-4.342002e-03
6.709760e-02	-9.189610e-03
6.712320e-02	-1.387670e-02
6.714880e-02	-1.875770e-02
6.717440e-02	-2.351441e-02
6.720000e-02	-2.829795e-02
6.722560e-02	-3.321822e-02
6.725120e-02	-3.800566e-02
6.727680e-02	-4.270391e-02
6.730240e-02	-4.746965e-02
6.732800e-02	-5.239987e-02
6.735360e-02	-5.711603e-02
6.737920e-02	-6.189740e-02
6.740480e-02	-6.671838e-02
6.743040e-02	-7.152757e-02
6.745600e-02	-7.639754e-02
6.748160e-02	-8.109795e-02
6.750720e-02	-8.582996e-02
6.753280e-02	-9.073327e-02
6.755840e-02	-9.543695e-02
6.758400e-02	-1.001108e-01
6.760960e-02	-1.049573e-01
6.763520e-02	-1.096393e-01
6.766080e-02	-1.142568e-01
6.768640e-02	-1.190486e-01
6.771200e-02	-1.237185e-01
6.773760e-02	-1.282664e-01
6.776320e-02	-1.329754e-01
6.778880e-02	-1.375695e-01
6.781440e-02	-1.421452e-01
6.784000e-02	-1.467500e-01
6.786560e-02	-1.511720e-01
6.789120e-02	-1.557994e-01
6.791680e-02	-1.602793e-01
6.794240e-02	-1.647857e-01
6.796800e-02	-1.691701e-01
6.799360e-02	-1.735032e-01
6.801920e-02	-1.779764e-01
6.804480e-02	-1.821682e-01
6.807040e-02	-1.865283e-01
6.809600e-02	-1.908145e-01
6.812160e-02	-1.949929e-01
6.814720e-02	-1.991743e-01
6.817280e-02	-2.032827e-01
6.819840e-02	-2.075293e-01
6.822400e-02	-2.114306e-01
6.824960e-02	-2.153829e-01
6.827520e-02	-2.194764e-01
6.830080e-02	-2.233898e-01
6.832640e-02	-2.272608e-01
6.835200e-02	-2.311248e-01
6.837760e-02	-2.349014e-01
6.840320e-02	-2.386359e-01
6.842880e-02	-2.424260e-01
6.845440e-02	-2.460980e-01
6.848000e-02	-2.495545e-01
6.850560e-02	-2.532501e-01
6.853120e-02	-2.567238e-01
6.855680e-02	-2.600787e-01
6.858240e-02	-2.635594e-01
6.860800e-02	-2.669638e-01
6.863360e-02	-2.701617e-01
6.865920e-02	-2.732932e-01
6.868480e-02	-2.766025e-01
6.871040e-02	-2.795788e-01
6.873600e-02	-2.825738e-01
6.876160e-02	-2.856288e-01
6.878720e-02	-2.884717e-01
6.881280e-02	-2.913207e-01
6.883840e-02	-2.941281e-01
6.886400e-02	-2.969469e-01
6.888960e-02	-2.994941e-01
6.891520e-02	-3.022251e-01
6.894080e-02	-3.046871e-01
6.896640e-02	-3.071527e-01
6.899200e-02	-3.097111e-01
6.901760e-02	-3.120216e-01
6.904320e-02	-3.141479e-01
6.906880e-02	-3.163870e-01
6.909440e-02	-3.184809e-01
6.912000e-02	-3.205688e-01
6.914560e-02	-3.225813e-01
6.917120e-02	-3.245648e-01
6.919680e-02	-3.264048e-01
6.922240e-02	-3.280222e-01
6.924800e-02	-3.298921e-01
6.927360e-02	-3.313679e-01
6.929920e-02	-3.330148e-01
6.932480e-02	-3.345166e-01
6.935040e-02	-3.358653e-01
6.937600e-02	-3.373430e-01
6.940160e-02	-3.384510e-01
6.942720e-02	-3.398684e-01
6.945280e-02	-3.408889e-01
6.947840e-02	-3.418163e-01
6.950400e-02	-3.428028e-01
6.952960e-02	-3.437044e-01
6.955520e-02	-3.445300e-01
6.958080e-02	-3.452479e-01
6.960640e-02	-3.459183e-01
6.963200e-02	-3.465129e-01
6.965760e-02	-3.470922e-01
6.968320e-02	-3.473323e-01
6.970880e-02	-3.477481e-01
6.973440e-02	-3.480671e-01
6.976000e-02	-3.480871e-01
6.978560e-02	-3.483392e-01
6.981120e-02	-3.483427e-01
6.983680e-02	-3.482883e-01
6.986240e-02	-3.482217e-01
6.988800e-02	-3.480606e-01
6.991360e-02	-3.478220e-01
6.993920e-02	-3.474250e-01
6.996480e-02	-3.469370e-01
6.999040e-02	-3.463870e-01
7.001600e-02	-3.458956e-01
7.004160e-02	-3.452807e-01
7.006720e-02	-3.444598e-01
7.009280e-02	-3.437266e-01
7.011840e-02	-3.428049e-01
7.014400e-02	-3.417850e-01
7.016960e-02	-3.407692e-01
7.019520e-02	-3.397215e-01
7.022080e-02	-3.384414e-01
7.024640e-02	-3.371986e-01
7.027200e-02	-3.358833e-01
7.029760e-02	-3.343653e-01
7.032320e-02	-3.329500e-01
7.034880e-02	-3.313275e-01
7.037440e-02	-3.296928e-01
7.040000e-02	-3.281677e-01
7.042560e-02	-3.263424e-01
7.045120e-02	-3.244365e-01
7.047680e-02	-3.224823e-01
7.050240e-02	-3.205754e-01
7.052800e-02	-3.184564e-01
7.055360e-02	-3.162122e-01
7.057920e-02	-3.141906e-01
7.060480e-02	-3.118389e-01
7.063040e-02	-3.094908e-01
7.065600e-02	-3.071125e-01
7.068160e-02	-3.045865e-01
7.070720e-02	-3.021647e-01
7.073280e-02	-2.994713e-01
7.075840e-02	-2.966971e-01
7.078400e-02	-2.941092e-01
7.080960e-02	-2.913716e-01
7.083520e-02	-2.884066e-01
7.086080e-02	-2.855390e-01
7.088640e-02	-2.824998e-01
7.091200e-02	-2.794564e-01
7.093760e-02	-2.763445e-01
7.096320e-02	-2.731537e-01
7.098880e-02	-2.700226e-01
7.101440e-02	-2.667687e-01
7.104000e-02	-2.633440e-01
7.106560e-02	-2.600909e-01
7.109120e-02	-2.565755e-01
7.111680e-02	-2.528731e-01
7.114240e-02	-2.494699e-01
7.116800e-02	-2.458388e-01
7.119360e-02	-2.422046e-01
7.121920e-02	-2.385250e-01
7.124480e-02	-2.347466e-01
7.127040e-02	-2.310107e-01
7.129600e-02	-2.270235e-01
7.132160e-02	-2.231819e-01
7.134720e-02	-2.191932e-01
7.137280e-02	-2.152271e-01
7.139840e-02	-2.113341e-01
7.142400e-02	-2.072435e-01
7.144960e-02	-2.031059e-01
7.147520e-02	-1.989942e-01
7.150080e-02	-1.947568e-01
7.152640e-02	-1.906280e-01
7.155200e-02	-1.863435e-01
7.157760e-02	-1.820627e-01
7.160320e-02	-1.776505e-01
7.162880e-02	-1.731748e-01
7.165440e-02	-1.689021e-01
7.168000e-02	-1.644191e-01
7.170560e-02	-1.599802e-01
7.173120e-02	-1.555458e-01
7.175680e-02	-1.509282e-01
7.178240e-02	-1.464677e-01
7.180800e-02	-1.418949e-01
7.183360e-02	-1.372914e-01
7.185920e-02	-1.326623e-01
7.188480e-02	-1.280953e-01
7.191040e-02	-1.233783e-01
7.193600e-02	-1.186815e-01
7.196160e-02	-1.140829e-01
7.198720e-02	-1.092917e-01
7.201280e-02	-1.045632e-01
7.203840e-02	-9.986075e-02
7.206400e-02	-9.507823e-02
7.208960e-02	-9.035832e-02
7.211520e-02	-8.565464e-02
7.214080e-02	-8.071606e-02
7.216640e-02	-7.595087e-02
7.219200e-02	-7.121483e-02
7.221760e-02	-6.635077e-02
7.224320e-02	-6.158849e-02
7.226880e-02	-5.672961e-02
7.229440e-02	-5.204742e-02
7.232000e-02	-4.717455e-02
7.234560e-02	-4.239491e-02
7.237120e-02	-3.751738e-02
7.239680e-02	-3.270296e-02
7.242240e-02	-2.804990e-02
7.244800e-02	-2.308504e-02
7.247360e-02	-1.838227e-02
7.249920e-02	-1.361753e-02
7.252480e-02	-8.775117e-03
7.255040e-02	-4.049896e-03
7.257600e-02	7.816213e-04
7.260160e-02	5.408044e-03
7.262720e-02	1.019145e-02
7.265280e-02	1.487411e-02
7.267840e-02	1.956310e-02
7.270400e-02	2.434093e-02
7.272960e-02	2.888659e-02
7.275520e-02	3.350878e-02
7.278080e-02	3.805807e-02
7.280640e-02	4.274668e-02
7.283200e-02	4.732965e-02
7.285760e-02	5.180773e-02
7.288320e-02	5.645645e-02
7.290880e-02	6.081329e-02
7.293440e-02	6.540189e-02
7.296000e-02	6.974665e-02
7.298560e-02	7.410093e-02
7.301120e-02	7.858061e-02
7.303680e-02	8.283753e-02
7.306240e-02	8.708175e-02
7.308800e-02	9.140640e-02
7.311360e-02	9.552905e-02
7.313920e-02	9.978091e-02
7.316480e-02	1.039657e-01
7.319040e-02	1.080084e-01
7.321600e-02	1.120954e-01
7.324160e-02	1.161129e-01
7.326720e-02	1.200595e-01
7.329280e-02	1.239747e-01
7.331840e-02	1.278711e-01
7.334400e-02	1.316568e-01
7.336960e-02	1.355607e-01
7.339520e-02	1.393448e-01
7.342080e-02	1.429642e-01
7.344640e-02	1.466027e-01
7.347200e-02	1.503505e-01
7.349760e-02	1.538067e-01
7.352320e-02	1.572108e-01
7.354880e-02	1.607711e-01
7.357440e-02	1.640838e-01
7.360000e-02	1.675148e-01
7.362560e-02	1.707034e-01
7.365120e-02	1.740137e-01
7.367680e-02	1.772254e-01
7.370240e-02	1.802340e-01
7.372800e-02	1.832629e-01
7.375360e-02	1.863054e-01
7.377920e-02	1.891003e-01
7.380480e-02	1.920190e-01
7.383040e-02	1.948908e-01
7.385600e-02	1.975154e-01
7.388160e-02	2.002307e-01
7.390720e-02	2.029049e-01
7.393280e-02	2.053699e-01
7.395840e-02	2.078242e-01
7.398400e-02	2.102491e-01
7.400960e-02	2.125544e-01
7.403520e-02	2.148229e-01
7.406080e-02	2.170920e-01
7.408640e-02	2.191906e-01
7.411200e-02	2.213268e-01
7.413760e-02	2.232109e-01
7.416320e-02	2.250952e-01
7.418880e-02	2.270422e-01
7.421440e-02	2.287441e-01
7.424000e-02	2.304770e-01
7.426560e-02	2.320890e-01
7.429120e-02	2.336474e-01
7.431680e-02	2.351209e-01
7.434240e-02	2.366119e-01
7.436800e-02	2.379438e-01
7.439360e-02	2.391313e-01
7.441920e-02	2.404036e-01
7.444480e-02	2.414806e-01
7.447040e-02	2.424684e-01
7.449600e-02	2.433956e-01
7.452160e-02	2.444083e-01
7.454720e-02	2.451710e-01
7.457280e-02	2.459652e-01
7.459840e-02	2.467073e-01
7.462400e-02	2.471697e-01
7.464960e-02	2.476674e-01
7.467520e-02	2.482128e-01
7.470080e-02	2.484300e-01
7.472640e-02	2.486774e-01
7.475200e-02	2.488743e-01
7.477760e-02	2.490099e-01
7.480320e-02	2.491700e-01
7.482880e-02	2.490871e-01
7.485440e-02	2.488583e-01
7.488000e-02	2.486032e-01
7.490560e-02	2.484185e-01
7.493120e-02	2.481505e-01
7.495680e-02	2.477278e-01
7.498240e-02	2.471833e-01
7.500800e-02	2.465054e-01
7.503360e-02	2.458956e-01
7.505920e-02	2.451940e-01
7.508480e-02	2.443932e-01
7.511040e-02	2.435125e-01
7.513600e-02	2.425789e-01
7.516160e-02	2.415992e-01
7.518720e-02	2.404221e-01
7.521280e-02	2.391469e-01
7.523840e-02	2.380349e-01
7.526400e-02	2.365645e-01
7.528960e-02	2.351371e-01
7.531520e-02	2.336618e-01
7.534080e-02	2.320221e-01
7.536640e-02	2.304880e-01
7.539200e-02	2.286999e-01
7.541760e-02	2.270567e-01
7.544320e-02	2.251702e-01
7.546880e-02	2.231660e-01
7.549440e-02	2.213068e-01
7.552000e-02	2.192340e-01
7.554560e-02	2.171670e-01
7.557120e-02	2.148312e-01
7.559680e-02	2.125709e-01
7.562240e-02	2.102452e-01
7.564800e-02	2.078291e-01
7.567360e-02	2.054360e-01
7.569920e-02	2.028239e-01
7.572480e-02	2.001851e-01
7.575040e-02	1.976355e-01
7.577600e-02	1.948644e-01
7.580160e-02	1.920161e-01
7.582720e-02	1.892808e-01
7.585280e-02	1.862892e-01
7.587840e-02	1.832258e-01
7.590400e-02	1.802746e-01
7.592960e-02	1.771840e-01
7.595520e-02	1.739434e-01
7.598080e-02	1.707165e-01
7.600640e-02	1.676136e-01
7.603200e-02	1.641188e-01
7.605760e-02	1.609001e-01
7.608320e-02	1.573962e-01
7.610880e-02	1.538482e-01
7.613440e-02	1.504205e-01
7.616000e-02	1.467392e-01
7.618560e-02	1.431390e-01
7.621120e-02	1.392883e-01
7.623680e-02	1.356191e-01
7.626240e-02	1.318108e-01
7.628800e-02	1.278854e-01
7.631360e-02	1.241474e-01
7.633920e-02	1.200772e-01
7.636480e-02	1.161423e-01
7.639040e-02	1.122040e-01
7.641600e-02	1.080569e-01
7.644160e-02	1.038972e-01
7.646720e-02	9.989871e-02
7.649280e-02	9.564839e-02
7.651840e-02	9.133444e-02
7.654400e-02	8.718006e-02
7.656960e-02	8.297113e-02
7.659520e-02	7.856981e-02
7.662080e-02	7.411797e-02
7.664640e-02	6.983986e-02
7.667200e-02	6.547479e-02
7.669760e-02	6.084912e-02
7.672320e-02	5.634810e-02
7.674880e-02	5.193898e-02
7.677440e-02	4.736490e-02
7.680000e-02	4.283880e-02
7.682560e-02	3.817345e-02
7.685120e-02	3.359825e-02
7.687680e-02	2.903442e-02
7.690240e-02	2.437092e-02
7.692800e-02	1.974106e-02
7.695360e-02	1.497128e-02
7.697920e-02	1.023864e-02
7.700480e-02	5.522367e-03
7.703040e-02	8.699326e-04
7.705600e-02	-3.999250e-03
7.708160e-02	-8.677001e-03
7.710720e-02	-1.339518e-02
7.713280e-02	-1.831190e-02
7.715840e-02	-2.312257e-02
7.718400e-02	-2.788026e-02
7.720960e-02	-3.252290e-02
7.723520e-02	-3.730603e-02
7.726080e-02	-4.233098e-02
7.728640e-02	-4.703468e-02
7.731200e-02	-5.190046e-02
7.733760e-02	-5.669334e-02
7.736320e-02	-6.141062e-02
7.738880e-02	-6.632745e-02
7.741440e-02	-7.106876e-02
7.744000e-02	-7.586590e-02
7.746560e-02	-8.052860e-02
7.749120e-02	-8.552489e-02
7.751680e-02	-9.026000e-02
7.754240e-02	-9.486347e-02
7.756800e-02	-9.988402e-02
7.759360e-02	-1.044090e-01
7.761920e-02	-1.090376e-01
7.764480e-02	-1.139269e-01
7.767040e-02	-1.185654e-01
7.769600e-02	-1.231527e-01
7.772160e-02	-1.279857e-01
7.774720e-02	-1.325053e-01
7.777280e-02	-1.371503e-01
7.779840e-02	-1.418036e-01
7.782400e-02	-1.462973e-01
7.784960e-02	-1.507674e-01
7.787520e-02	-1.552621e-01
7.790080e-02	-1.598222e-01
7.792640e-02	-1.641924e-01
7.795200e-02	-1.687451e-01
7.797760e-02	-1.731274e-01
7.800320e-02	-1.774617e-01
7.802880e-02	-1.818546e-01
7.805440e-02	-1.861511e-01
7.808000e-02	-1.903447e-01
7.810560e-02	-1.945571e-01
7.813120e-02	-1.988419e-01
7.815680e-02	-2.028721e-01
7.818240e-02	-2.070540e-01
7.820800e-02	-2.110154e-01
7.823360e-02	-2.150954e-01
7.825920e-02	-2.191925e-01
7.828480e-02	-2.230122e-01
7.831040e-02	-2.268512e-01
7.833600e-02	-2.307632e-01
7.836160e-02	-2.346316e-01
7.838720e-02	-2.383246e-01
7.841280e-02	-2.420235e-01
7.843840e-02	-2.457341e-01
7.846400e-02	-2.492547e-01
7.848960e-02	-2.528000e-01
7.851520e-02	-2.564949e-01
7.854080e-02	-2.598314e-01
7.856640e-02	-2.630826e-01
7.859200e-02	-2.665765e-01
7.861760e-02	-2.697782e-01
7.864320e-02	-2.730177e-01
7.866880e-02	-2.762466e-01
7.869440e-02	-2.793534e-01
7.872000e-02	-2.823664e-01
7.874560e-02	-2.854528e-01
7.877120e-02	-2.882063e-01
7.879680e-02	-2.910617e-01
7.882240e-02	-2.939865e-01
7.884800e-02	-2.966600e-01
7.887360e-02	-2.993790e-01
7.889920e-02	-3.019074e-01
7.892480e-02	-3.044899e-01
7.895040e-02	-3.068757e-01
7.897600e-02	-3.093786e-01
7.900160e-02	-3.116775e-01
7.902720e-02	-3.138387e-01
7.905280e-02	-3.163276e-01
7.907840e-02	-3.182317e-01
7.910400e-02	-3.203450e-01
7.912960e-02	-3.223942e-01
7.915520e-02	-3.242758e-01
7.918080e-02	-3.262320e-01
7.920640e-02	-3.278759e-01
7.923200e-02	-3.296256e-01
7.925760e-02	-3.313567e-01
7.928320e-02	-3.328242e-01
7.930880e-02	-3.343494e-01
7.933440e-02	-3.358133e-01
7.936000e-02	-3.371386e-01
7.938560e-02	-3.384197e-01
7.941120e-02	-3.395624e-01
7.943680e-02	-3.406579e-01
7.946240e-02	-3.416849e-01
7.948800e-02	-3.427302e-01
7.951360e-02	-3.437054e-01
7.953920e-02	-3.444241e-01
7.956480e-02	-3.451740e-01
7.959040e-02	-3.458700e-01
7.961600e-02	-3.464047e-01
7.964160e-02	-3.469348e-01
7.966720e-02	-3.473963e-01
7.969280e-02	-3.477240e-01
7.971840e-02	-3.480200e-01
7.974400e-02	-3.480641e-01
7.976960e-02	-3.483451e-01
7.979520e-02	-3.484047e-01
7.982080e-02	-3.482805e-01
7.984640e-02	-3.482424e-01
7.987200e-02	-3.480978e-01
7.989760e-02	-3.478046e-01
7.992320e-02	-3.473566e-01
7.994880e-02	-3.469836e-01
7.997440e-02	-3.465642e-01
8.000000e-02	-3.460256e-01
8.002560e-02	-3.452742e-01
8.005120e-02	-3.446476e-01
8.007680e-02	-3.437051e-01
8.010240e-02	-3.428393e-01
8.012800e-02	-3.419900e-01
8.015360e-02	-3.406501e-01
8.017920e-02	-3.398245e-01
8.020480e-02	-3.386836e-01
8.023040e-02	-3.373310e-01
8.025600e-02	-3.360277e-01
8.028160e-02	-3.346955e-01
8.030720e-02	-3.330615e-01
8.033280e-02	-3.314705e-01
8.035840e-02	-3.299265e-01
8.038400e-02	-3.281669e-01
8.040960e-02	-3.265544e-01
8.043520e-02	-3.245418e-01
8.046080e-02	-3.227738e-01
8.048640e-02	-3.207074e-01
8.051200e-02	-3.186331e-01
8.053760e-02	-3.166371e-01
8.056320e-02	-3.143266e-01
8.058880e-02	-3.121032e-01
8.061440e-02	-3.096462e-01
8.064000e-02	-3.073700e-01
8.066560e-02	-3.048477e-01
8.069120e-02	-3.023202e-01
8.071680e-02	-2.997152e-01
8.074240e-02	-2.970648e-01
8.076800e-02	-2.944226e-01
8.079360e-02	-2.916143e-01
8.081920e-02	-2.886873e-01
8.084480e-02	-2.857314e-01
8.087040e-02	-2.828773e-01
8.089600e-02	-2.797950e-01
8.092160e-02	-2.766900e-01
8.094720e-02	-2.735552e-01
8.097280e-02	-2.702616e-01
8.099840e-02	-2.671378e-01
8.102400e-02	-2.637176e-01
8.104960e-02	-2.603030e-01
8.107520e-02	-2.570142e-01
8.110080e-02	-2.535067e-01
8.112640e-02	-2.498853e-01
8.115200e-02	-2.462496e-01
8.117760e-02	-2.425238e-01
8.120320e-02	-2.389494e-01
8.122880e-02	-2.352404e-01
8.125440e-02	-2.312230e-01
8.128000e-02	-2.275647e-01
8.130560e-02	-2.236533e-01
8.133120e-02	-2.195596e-01
8.135680e-02	-2.158053e-01
8.138240e-02	-2.116748e-01
8.140800e-02	-2.076312e-01
8.143360e-02	-2.035508e-01
8.145920e-02	-1.993146e-01
8.148480e-02	-1.951753e-01
8.151040e-02	-1.909045e-01
8.153600e-02	-1.866400e-01
8.156160e-02	-1.824202e-01
8.158720e-02	-1.780627e-01
8.161280e-02	-1.737837e-01
8.163840e-02	-1.693535e-01
8.166400e-02	-1.648492e-01
8.168960e-02	-1.603955e-01
8.171520e-02	-1.559689e-01
8.174080e-02	-1.514046e-01
8.176640e-02	-1.469371e-01
8.179200e-02	-1.424274e-01
8.181760e-02	-1.377030e-01
8.184320e-02	-1.330854e-01
8.186880e-02	-1.285344e-01
8.189440e-02	-1.238794e-01
8.192000e-02	-1.191274e-01
8.194560e-02	-1.143947e-01
8.197120e-02	-1.098339e-01
8.199680e-02	-1.049800e-01
8.202240e-02	-1.002350e-01
8.204800e-02	-9.549911e-02
8.207360e-02	-9.086284e-02
8.209920e-02	-8.601120e-02
8.212480e-02	-8.118220e-02
8.215040e-02	-7.655939e-02
8.217600e-02	-7.160297e-02
8.220160e-02	-6.691567e-02
8.222720e-02	-6.210626e-02
8.225280e-02	-5.719579e-02
8.227840e-02	-5.245341e-02
8.230400e-02	-4.759404e-02
8.232960e-02	-4.283195e-02
8.235520e-02	-3.790948e-02
8.238080e-02	-3.313559e-02
8.240640e-02	-2.838871e-02
8.243200e-02	-2.360198e-02
8.245760e-02	-1.889465e-02
8.248320e-02	-1.395279e-02
8.250880e-02	-9.177935e-03
8.253440e-02	-4.587380e-03
8.256000e-02	2.697507e-04
8.258560e-02	5.022280e-03
8.261120e-02	9.681364e-03
8.263680e-02	1.442471e-02
8.266240e-02	1.915140e-02
8.268800e-02	2.384698e-02
8.271360e-02	2.856436e-02
8.273920e-02	3.316277e-02
8.276480e-02	3.763029e-02
8.279040e-02	4.236205e-02
8.281600e-02	4.695788e-02
8.284160e-02	5.144631e-02
8.286720e-02	5.597922e-02
8.289280e-02	6.033527e-02
8.291840e-02	6.487039e-02
8.294400e-02	6.914809e-02
8.296960e-02	7.370268e-02
8.299520e-02	7.813973e-02
8.302080e-02	8.236514e-02
8.304640e-02	8.668787e-02
8.307200e-02	9.093913e-02
8.309760e-02	9.507179e-02
8.312320e-02	9.928064e-02
8.314880e-02	1.035066e-01
8.317440e-02	1.076059e-01
8.320000e-02	1.116578e-01
8.322560e-02	1.156302e-01
8.325120e-02	1.195888e-01
8.327680e-02	1.236683e-01
8.330240e-02	1.276146e-01
8.332800e-02	1.314480e-01
8.335360e-02	1.352787e-01
8.337920e-02	1.388444e-01
8.340480e-02	1.427265e-01
8.343040e-02	1.462820e-01
8.345600e-02	1.498747e-01
8.348160e-02	1.535528e-01
8.350720e-02	1.568884e-01
8.353280e-02	1.605161e-01
8.355840e-02	1.637080e-01
8.358400e-02	1.671800e-01
8.360960e-02	1.704553e-01
8.363520e-02	1.735362e-01
8.366080e-02	1.768820e-01
8.368640e-02	1.798658e-01
8.371200e-02	1.829829e-01
8.373760e-02	1.859291e-01
8.376320e-02	1.887957e-01
8.378880e-02	1.918834e-01
8.381440e-02	1.945442e-01
8.384000e-02	1.973653e-01
8.386560e-02	1.999623e-01
8.389120e-02	2.025047e-01
8.391680e-02	2.052718e-01
8.394240e-02	2.075654e-01
8.396800e-02	2.100130e-01
8.399360e-02	2.124030e-01
8.401920e-02	2.145866e-01
8.404480e-02	2.167874e-01
8.407040e-02	2.188587e-01
8.409600e-02	2.210837e-01
8.412160e-02	2.229776e-01
8.414720e-02	2.250276e-01
8.417280e-02	2.269063e-01
8.419840e-02	2.285332e-01
8.422400e-02	2.302556e-01
8.424960e-02	2.319873e-01
8.427520e-02	2.335724e-01
8.430080e-02	2.350321e-01
8.432640e-02	2.363500e-01
8.435200e-02	2.378008e-01
8.437760e-02	2.390659e-01
8.440320e-02	2.402117e-01
8.442880e-02	2.413656e-01
8.445440e-02	2.423320e-01
8.448000e-02	2.434604e-01
8.450560e-02	2.442369e-01
8.453120e-02	2.450366e-01
8.455680e-02	2.458517e-01
8.458240e-02	2.464771e-01
8.460800e-02	2.471425e-01
8.463360e-02	2.476348e-01
8.465920e-02	2.480725e-01
8.468480e-02	2.484202e-01
8.471040e-02	2.487216e-01
8.473600e-02	2.488820e-01
8.476160e-02	2.490198e-01
8.478720e-02	2.490435e-01
8.481280e-02	2.490960e-01
8.483840e-02	2.488500e-01
8.486400e-02	2.487428e-01
8.488960e-02	2.484539e-01
8.491520e-02	2.480480e-01
8.494080e-02	2.476950e-01
8.496640e-02	2.471985e-01
8.499200e-02	2.466520e-01
8.501760e-02	2.459158e-01
8.504320e-02	2.452158e-01
8.506880e-02	2.444000e-01
8.509440e-02	2.435199e-01
8.512000e-02	2.426194e-01
8.514560e-02	2.415467e-01
8.517120e-02	2.405028e-01
8.519680e-02	2.392908e-01
8.522240e-02	2.379281e-01
8.524800e-02	2.367310e-01
8.527360e-02	2.352157e-01
8.529920e-02	2.337059e-01
8.532480e-02	2.322684e-01
8.535040e-02	2.305307e-01
8.537600e-02	2.290036e-01
8.540160e-02	2.270901e-01
8.542720e-02	2.252844e-01
8.545280e-02	2.234472e-01
8.547840e-02	2.213633e-01
8.550400e-02	2.193649e-01
8.552960e-02	2.172640e-01
8.555520e-02	2.150440e-01
8.558080e-02	2.128539e-01
8.560640e-02	2.104565e-01
8.563200e-02	2.080166e-01
8.565760e-02	2.056025e-01
8.568320e-02	2.030500e-01
8.570880e-02	2.005456e-01
8.573440e-02	1.978002e-01
8.576000e-02	1.950260e-01
8.578560e-02	1.922063e-01
8.581120e-02	1.894372e-01
8.583680e-02	1.865978e-01
8.586240e-02	1.834687e-01
8.588800e-02	1.803895e-01
8.591360e-02	1.774737e-01
8.593920e-02	1.742849e-01
8.596480e-02	1.709498e-01
8.599040e-02	1.677721e-01
8.601600e-02	1.644476e-01
8.604160e-02	1.610701e-01
8.606720e-02	1.576296e-01
8.609280e-02	1.541533e-01
8.611840e-02	1.505783e-01
8.614400e-02	1.471060e-01
8.616960e-02	1.434384e-01
8.619520e-02	1.395916e-01
8.622080e-02	1.359185e-01
8.624640e-02	1.321025e-01
8.627200e-02	1.282445e-01
8.629760e-02	1.243855e-01
8.632320e-02	1.204851e-01
8.634880e-02	1.165892e-01
8.637440e-02	1.124802e-01
8.640000e-02	1.084973e-01
8.642560e-02	1.043006e-01
8.645120e-02	1.001460e-01
8.647680e-02	9.592025e-02
8.650240e-02	9.169247e-02
8.652800e-02	8.766053e-02
8.655360e-02	8.313023e-02
8.657920e-02	7.882955e-02
8.660480e-02	7.460704e-02
8.663040e-02	7.013834e-02
8.665600e-02	6.567356e-02
8.668160e-02	6.126637e-02
8.670720e-02	5.685773e-02
8.673280e-02	5.220747e-02
8.675840e-02	4.791829e-02
8.678400e-02	4.324712e-02
8.680960e-02	3.862377e-02
8.683520e-02	3.414441e-02
8.686080e-02	2.941016e-02
8.688640e-02	2.481475e-02
8.691200e-02	2.010108e-02
8.693760e-02	1.541035e-02
8.696320e-02	1.065900e-02
8.698880e-02	5.872967e-03
8.701440e-02	1.273508e-03
8.704000e-02	-3.512111e-03
8.706560e-02	-8.266757e-03
8.709120e-02	-1.290387e-02
8.711680e-02	-1.776016e-02
8.714240e-02	-2.255395e-02
8.716800e-02	-2.734232e-02
8.719360e-02	-3.219181e-02
8.721920e-02	-3.695476e-02
8.724480e-02	-4.177403e-02
8.727040e-02	-4.666007e-02
8.729600e-02	-5.144629e-02
8.732160e-02	-5.620113e-02
8.734720e-02	-6.115122e-02
8.737280e-02	-6.582322e-02
8.739840e-02	-7.068086e-02
8.742400e-02	-7.544034e-02
8.744960e-02	-8.017961e-02
8.747520e-02	-8.508499e-02
8.750080e-02	-8.978547e-02
8.752640e-02	-9.452691e-02
8.755200e-02	-9.929761e-02
8.757760e-02	-1.039801e-01
8.760320e-02	-1.087583e-01
8.762880e-02	-1.134672e-01
8.765440e-02	-1.181269e-01
8.768000e-02	-1.228373e-01
8.770560e-02	-1.274702e-01
8.773120e-02	-1.321450e-01
8.775680e-02	-1.367635e-01
8.778240e-02	-1.412381e-01
8.780800e-02	-1.458245e-01
8.783360e-02	-1.504177e-01
8.785920e-02	-1.548743e-01
8.788480e-02	-1.593471e-01
8.791040e-02	-1.638613e-01
8.793600e-02	-1.683157e-01
8.796160e-02	-1.727430e-01
8.798720e-02	-1.770021e-01
8.801280e-02	-1.814941e-01
8.803840e-02	-1.857199e-01
8.806400e-02	-1.899949e-01
8.808960e-02	-1.943229e-01
8.811520e-02	-1.983230e-01
8.814080e-02	-2.025095e-01
8.816640e-02	-2.066744e-01
8.819200e-02	-2.107203e-01
8.821760e-02	-2.147531e-01
8.824320e-02	-2.187609e-01
8.826880e-02	-2.226778e-01
8.829440e-02	-2.266755e-01
8.832000e-02	-2.304512e-01
8.834560e-02	-2.341950e-01
8.837120e-02	-2.380248e-01
8.839680e-02	-2.415703e-01
8.842240e-02	-2.454458e-01
8.844800e-02	-2.489607e-01
8.847360e-02	-2.524684e-01
8.849920e-02	-2.561148e-01
8.852480e-02	-2.595977e-01
8.855040e-02	-2.629404e-01
8.857600e-02	-2.662200e-01
8.860160e-02	-2.694944e-01
8.862720e-02	-2.726996e-01
8.865280e-02	-2.759032e-01
8.867840e-02	-2.789655e-01
8.870400e-02	-2.821036e-01
8.872960e-02	-2.850038e-01
8.875520e-02	-2.880310e-01
8.878080e-02	-2.909925e-01
8.880640e-02	-2.935321e-01
8.883200e-02	-2.964690e-01
8.885760e-02	-2.990285e-01
8.888320e-02	-3.017078e-01
8.890880e-02	-3.042385e-01
8.893440e-02	-3.066431e-01
8.896000e-02	-3.090537e-01
8.898560e-02	-3.114879e-01
8.901120e-02	-3.137556e-01
8.903680e-02	-3.159498e-01
8.906240e-02	-3.182842e-01
8.908800e-02	-3.202155e-01
8.911360e-02	-3.222299e-01
8.913920e-02	-3.241372e-01
8.916480e-02	-3.260239e-01
8.919040e-02	-3.278331e-01
8.921600e-02	-3.295616e-01
8.924160e-02	-3.312438e-01
8.926720e-02	-3.327145e-01
8.929280e-02	-3.341642e-01
8.931840e-02	-3.355925e-01
8.934400e-02	-3.369648e-01
8.936960e-02	-3.382152e-01
8.939520e-02	-3.395065e-01
8.942080e-02	-3.405179e-01
8.944640e-02	-3.416912e-01
8.947200e-02	-3.426233e-01
8.949760e-02	-3.434792e-01
8.952320e-02	-3.443624e-01
8.954880e-02	-3.452183e-01
8.957440e-02	-3.458359e-01
8.960000e-02	-3.462673e-01
8.962560e-02	-3.469274e-01
8.965120e-02	-3.473500e-01
8.967680e-02	-3.476704e-01
8.970240e-02	-3.480011e-01
8.972800e-02	-3.482225e-01
8.975360e-02	-3.483659e-01
8.977920e-02	-3.484071e-01
8.980480e-02	-3.484049e-01
8.983040e-02	-3.482678e-01
8.985600e-02	-3.480733e-01
8.988160e-02	-3.478906e-01
8.990720e-02	-3.474817e-01
8.993280e-02	-3.470661e-01
8.995840e-02	-3.465507e-01
8.998400e-02	-3.459723e-01
9.000960e-02	-3.455471e-01
9.003520e-02	-3.445826e-01
9.006080e-02	-3.438151e-01
9.008640e-02	-3.430142e-01
9.011200e-02	-3.419361e-01
9.013760e-02	-3.410649e-01
9.016320e-02	-3.398434e-01
9.018880e-02	-3.386978e-01
9.021440e-02	-3.375460e-01
9.024000e-02	-3.361262e-01
9.026560e-02	-3.347526e-01
9.029120e-02	-3.333370e-01
9.031680e-02	-3.317544e-01
9.034240e-02	-3.300809e-01
9.036800e-02	-3.283617e-01
9.039360e-02	-3.265642e-01
9.041920e-02	-3.248352e-01
9.044480e-02	-3.228312e-01
9.047040e-02	-3.208877e-01
9.049600e-02	-3.189207e-01
9.052160e-02	-3.167315e-01
9.054720e-02	-3.145078e-01
9.057280e-02	-3.123797e-01
9.059840e-02	-3.100514e-01
9.062400e-02	-3.076764e-01
9.064960e-02	-3.052752e-01
9.067520e-02	-3.025616e-01
9.070080e-02	-3.000886e-01
9.072640e-02	-2.974276e-01
9.075200e-02	-2.945771e-01
9.077760e-02	-2.919433e-01
9.080320e-02	-2.889900e-01
9.082880e-02	-2.861729e-01
9.085440e-02	-2.831252e-01
9.088000e-02	-2.800589e-01
9.090560e-02	-2.770534e-01
9.093120e-02	-2.738270e-01
9.095680e-02	-2.706801e-01
9.098240e-02	-2.673696e-01
9.100800e-02	-2.640143e-01
9.103360e-02	-2.607310e-01
9.105920e-02	-2.572976e-01
9.108480e-02	-2.537299e-01
9.111040e-02	-2.502428e-01
9.113600e-02	-2.466187e-01
9.116160e-02	-2.429203e-01
9.118720e-02	-2.392945e-01
9.121280e-02	-2.355123e-01
9.123840e-02	-2.317513e-01
9.126400e-02	-2.278956e-01
9.128960e-02	-2.241139e-01
9.131520e-02	-2.199841e-01
9.134080e-02	-2.160205e-01
9.136640e-02	-2.121493e-01
9.139200e-02	-2.079925e-01
9.141760e-02	-2.039788e-01
9.144320e-02	-1.997013e-01
9.146880e-02	-1.956653e-01
9.149440e-02	-1.913606e-01
9.152000e-02	-1.870613e-01
9.154560e-02	-1.829151e-01
9.157120e-02	-1.783702e-01
9.159680e-02	-1.740608e-01
9.162240e-02	-1.696877e-01
9.164800e-02	-1.653643e-01
9.167360e-02	-1.608165e-01
9.169920e-02	-1.563846e-01
9.172480e-02	-1.518184e-01
9.175040e-02	-1.472794e-01
9.177600e-02	-1.428556e-01
9.180160e-02	-1.382030e-01
9.182720e-02	-1.336147e-01
9.185280e-02	-1.289965e-01
9.187840e-02	-1.242829e-01
9.190400e-02	-1.196262e-01
9.192960e-02	-1.148934e-01
9.195520e-02	-1.102263e-01
9.198080e-02	-1.055068e-01
9.200640e-02	-1.008084e-01
9.203200e-02	-9.611558e-02
9.205760e-02	-9.133469e-02
9.208320e-02	-8.650688e-02
9.210880e-02	-8.181559e-02
9.213440e-02	-7.700361e-02
9.216000e-02	-7.206929e-02
9.218560e-02	-6.744798e-02
9.221120e-02	-6.256253e-02
9.223680e-02	-5.778579e-02
9.226240e-02	-5.296639e-02
9.228800e-02	-4.803316e-02
9.231360e-02	-4.333461e-02
9.233920e-02	-3.844569e-02
9.236480e-02	-3.379678e-02
9.239040e-02	-2.884901e-02
9.241600e-02	-2.410804e-02
9.244160e-02	-1.933488e-02
9.246720e-02	-1.445644e-02
9.249280e-02	-9.685712e-03
9.251840e-02	-4.943579e-03
9.254400e-02	-3.677011e-04
9.256960e-02	4.489570e-03
9.259520e-02	9.273013e-03
9.262080e-02	1.398342e-02
9.264640e-02	1.858849e-02
9.267200e-02	2.329556e-02
9.269760e-02	2.792934e-02
9.272320e-02	3.262705e-02
9.274880e-02	3.727193e-02
9.277440e-02	4.176172e-02
9.280000e-02	4.647815e-02
9.282560e-02	5.087786e-02
9.285120e-02	5.552266e-02
9.287680e-02	5.993144e-02
9.290240e-02	6.439213e-02
9.292800e-02	6.877822e-02
9.295360e-02	7.322521e-02
9.297920e-02	7.758408e-02
9.300480e-02	8.178322e-02
9.303040e-02	8.627404e-02
9.305600e-02	9.059153e-02
9.308160e-02	9.479645e-02
9.310720e-02	9.891812e-02
9.313280e-02	1.031623e-01
9.315840e-02	1.072054e-01
9.318400e-02	1.113357e-01
9.320960e-02	1.153972e-01
9.323520e-02	1.193113e-01
9.326080e-02	1.233373e-01
9.328640e-02	1.270883e-01
9.331200e-02	1.309613e-01
9.333760e-02	1.348272e-01
9.336320e-02	1.386056e-01
9.338880e-02	1.422197e-01
9.341440e-02	1.459809e-01
9.344000e-02	1.495376e-01
9.346560e-02	1.530638e-01
9.349120e-02	1.566572e-01
9.351680e-02	1.601053e-01
9.354240e-02	1.634357e-01
9.356800e-02	1.668084e-01
9.359360e-02	1.701182e-01
9.361920e-02	1.733094e-01
9.364480e-02	1.765009e-01
9.367040e-02	1.796143e-01
9.369600e-02	1.826532e-01
9.372160e-02	1.857368e-01
9.374720e-02	1.886366e-01
9.377280e-02	1.915387e-01
9.379840e-02	1.942834e-01
9.382400e-02	1.970829e-01
9.384960e-02	1.996965e-01
9.387520e-02	2.023380e-01
9.390080e-02	2.048999e-01
9.392640e-02	2.072297e-01
9.395200e-02	2.097950e-01
9.397760e-02	2.120415e-01
9.400320e-02	2.143349e-01
9.402880e-02	2.166076e-01
9.405440e-02	2.187068e-01
9.408000e-02	2.208703e-01
9.410560e-02	2.229247e-01
9.413120e-02	2.248891e-01
9.415680e-02	2.267452e-01
9.418240e-02	2.284645e-01
9.420800e-02	2.301232e-01
9.423360e-02	2.318435e-01
9.425920e-02	2.333355e-01
9.428480e-02	2.348991e-01
9.431040e-02	2.362511e-01
9.433600e-02	2.376819e-01
9.436160e-02	2.390065e-01
9.438720e-02	2.402050e-01
9.441280e-02	2.412862e-01
9.443840e-02	2.423178e-01
9.446400e-02	2.432800e-01
9.448960e-02	2.442612e-01
9.451520e-02	2.450474e-01
9.454080e-02	2.457388e-01
9.456640e-02	2.464724e-01
9.459200e-02	2.471175e-01
9.461760e-02	2.475353e-01
9.464320e-02	2.479250e-01
9.466880e-02	2.483902e-01
9.469440e-02	2.486552e-01
9.472000e-02	2.489388e-01
9.474560e-02	2.490485e-01
9.477120e-02	2.490177e-01
9.479680e-02	2.490354e-01
9.482240e-02	2.488565e-01
9.484800e-02	2.487523e-01
9.487360e-02	2.485045e-01
9.489920e-02	2.481112e-01
9.492480e-02	2.476900e-01
9.495040e-02	2.472907e-01
9.497600e-02	2.466297e-01
9.500160e-02	2.460126e-01
9.502720e-02	2.453421e-01
9.505280e-02	2.444618e-01
9.507840e-02	2.436010e-01
9.510400e-02	2.427665e-01
9.512960e-02	2.416164e-01
9.515520e-02	2.405731e-01
9.518080e-02	2.395033e-01
9.520640e-02	2.381224e-01
9.523200e-02	2.367923e-01
9.525760e-02	2.353419e-01
9.528320e-02	2.339262e-01
9.530880e-02	2.324792e-01
9.533440e-02	2.307293e-01
9.536000e-02	2.290556e-01
9.538560e-02	2.272963e-01
9.541120e-02	2.255810e-01
9.543680e-02	2.234825e-01
9.546240e-02	2.216121e-01
9.548800e-02	2.195924e-01
9.551360e-02	2.174212e-01
9.553920e-02	2.153414e-01
9.556480e-02	2.128871e-01
9.559040e-02	2.106730e-01
9.561600e-02	2.082387e-01
9.564160e-02	2.058947e-01
9.566720e-02	2.033765e-01
9.569280e-02	2.007073e-01
9.571840e-02	1.981188e-01
9.574400e-02	1.951510e-01
9.576960e-02	1.926451e-01
9.579520e-02	1.896928e-01
9.582080e-02	1.868572e-01
9.584640e-02	1.837332e-01
9.587200e-02	1.807681e-01
9.589760e-02	1.778331e-01
9.592320e-02	1.744878e-01
9.594880e-02	1.714327e-01
9.597440e-02	1.680222e-01
9.600000e-02	1.647637e-01
9.602560e-02	1.614099e-01
9.605120e-02	1.579034e-01
9.607680e-02	1.545159e-01
9.610240e-02	1.508965e-01
9.612800e-02	1.474891e-01
9.615360e-02	1.437676e-01
9.617920e-02	1.399959e-01
9.620480e-02	1.364003e-01
9.623040e-02	1.325382e-01
9.625600e-02	1.286903e-01
9.628160e-02	1.247782e-01
9.630720e-02	1.208382e-01
9.633280e-02	1.169171e-01
9.635840e-02	1.129126e-01
9.638400e-02	1.088878e-01
9.640960e-02	1.047293e-01
9.643520e-02	1.005435e-01
9.646080e-02	9.641752e-02
9.648640e-02	9.234213e-02
9.651200e-02	8.795343e-02
9.653760e-02	8.368624e-02
9.656320e-02	7.946648e-02
9.658880e-02	7.496729e-02
9.661440e-02	7.057684e-02
9.664000e-02	6.617844e-02
9.666560e-02	6.177307e-02
9.669120e-02	5.722980e-02
9.671680e-02	5.270258e-02
9.674240e-02	4.821671e-02
9.676800e-02	4.350207e-02
9.679360e-02	3.900104e-02
9.681920e-02	3.447185e-02
9.684480e-02	2.987899e-02
9.687040e-02	2.515140e-02
9.689600e-02	2.048979e-02
9.692160e-02	1.586108e-02
9.694720e-02	1.108276e-02
9.697280e-02	6.492417e-03
9.699840e-02	1.569243e-03
9.702400e-02	-3.038419e-03
9.704960e-02	-7.751564e-03
9.707520e-02	-1.267504e-02
9.710080e-02	-1.736808e-02
9.712640e-02	-2.217724e-02
9.715200e-02	-2.688042e-02
9.717760e-02	-3.176241e-02
9.720320e-02	-3.642140e-02
9.722880e-02	-4.137922e-02
9.725440e-02	-4.616160e-02
9.728000e-02	-5.098766e-02
9.730560e-02	-5.574769e-02
9.733120e-02	-6.048164e-02
9.735680e-02	-6.548114e-02
9.738240e-02	-7.016960e-02
9.740800e-02	-7.500266e-02
9.743360e-02	-7.974481e-02
9.745920e-02	-8.453891e-02
9.748480e-02	-8.934889e-02
9.751040e-02	-9.409086e-02
9.753600e-02	-9.875085e-02
9.756160e-02	-1.035408e-01
9.758720e-02	-1.083786e-01
9.761280e-02	-1.129182e-01
9.763840e-02	-1.177094e-01
9.766400e-02	-1.223419e-01
9.768960e-02	-1.269888e-01
9.771520e-02	-1.317583e-01
9.774080e-02	-1.362925e-01
9.776640e-02	-1.408231e-01
9.779200e-02	-1.454669e-01
9.781760e-02	-1.499250e-01
9.784320e-02	-1.544936e-01
9.786880e-02	-1.590292e-01
9.789440e-02	-1.634331e-01
9.792000e-02	-1.678399e-01
9.794560e-02	-1.723323e-01
9.797120e-02	-1.766703e-01
9.799680e-02	-1.809875e-01
9.802240e-02	-1.853438e-01
9.804800e-02	-1.897342e-01
9.807360e-02	-1.938566e-01
9.809920e-02	-1.978699e-01
9.812480e-02	-2.021555e-01
9.815040e-02	-2.063528e-01
9.817600e-02	-2.103545e-01
9.820160e-02	-2.142447e-01
9.822720e-02	-2.184156e-01
9.825280e-02	-2.223246e-01
9.827840e-02	-2.261939e-01
9.830400e-02	-2.301547e-01
9.832960e-02	-2.338930e-01
9.835520e-02	-2.377138e-01
9.838080e-02	-2.413215e-01
9.840640e-02	-2.450787e-01
9.843200e-02	-2.486011e-01
9.845760e-02	-2.521562e-01
9.848320e-02	-2.556741e-01
9.850880e-02	-2.591444e-01
9.853440e-02	-2.626742e-01
9.856000e-02	-2.659138e-01
9.858560e-02	-2.691808e-01
9.861120e-02	-2.725472e-01
9.863680e-02	-2.757227e-01
9.866240e-02	-2.787158e-01
9.868800e-02	-2.817966e-01
9.871360e-02	-2.848732e-01
9.873920e-02	-2.877486e-01
9.876480e-02	-2.906245e-01
9.879040e-02	-2.933317e-01
9.881600e-02	-2.960402e-01
9.884160e-02	-2.988184e-01
9.886720e-02	-3.014861e-01
9.889280e-02	-3.040425e-01
9.891840e-02	-3.064896e-01
9.894400e-02	-3.088631e-01
9.896960e-02	-3.112512e-01
9.899520e-02	-3.135763e-01
9.902080e-02	-3.158052e-01
9.904640e-02	-3.180321e-01
9.907200e-02	-3.200871e-01
9.909760e-02	-3.220538e-01
9.912320e-02	-3.240108e-01
9.914880e-02	-3.257963e-01
9.917440e-02	-3.277654e-01
9.920000e-02	-3.294329e-01
9.922560e-02	-3.310031e-01
9.925120e-02	-3.326486e-01
9.927680e-02	-3.341138e-01
9.930240e-02	-3.354734e-01
9.932800e-02	-3.368842e-01
9.935360e-02	-3.382426e-01
9.937920e-02	-3.394326e-01
9.940480e-02	-3.405931e-01
9.943040e-02	-3.415921e-01
9.945600e-02	-3.425547e-01
9.948160e-02	-3.434735e-01
9.950720e-02	-3.442678e-01
9.953280e-02	-3.450132e-01
9.955840e-02	-3.458234e-01
9.958400e-02	-3.465013e-01
9.960960e-02	-3.467894e-01
9.963520e-02	-3.473226e-01
9.966080e-02	-3.476606e-01
9.968640e-02	-3.479254e-01
9.971200e-02	-3.481567e-01
9.973760e-02	-3.482758e-01
9.976320e-02	-3.484677e-01
9.978880e-02	-3.484478e-01
9.981440e-02	-3.482484e-01
9.984000e-02	-3.481975e-01
9.986560e-02	-3.478633e-01
9.989120e-02	-3.474676e-01
9.991680e-02	-3.471245e-01
9.994240e-02	-3.467155e-01
9.996800e-02	-3.461477e-01
9.999360e-02	-3.453873e-01
1.000192e-01	-3.447542e-01
1.000448e-01	-3.440313e-01
1.000704e-01	-3.431565e-01
1.000960e-01	-3.422060e-01
1.001216e-01	-3.412184e-01
1.001472e-01	-3.401281e-01
1.001728e-01	-3.388537e-01
1.001984e-01	-3.375762e-01
1.002240e-01	-3.363092e-01
1.002496e-01	-3.348492e-01
1.002752e-01	-3.335258e-01
1.003008e-01	-3.318503e-01
1.003264e-01	-3.302709e-01
1.003520e-01	-3.286439e-01
1.003776e-01	-3.267775e-01
1.004032e-01	-3.251345e-01
1.004288e-01	-3.230368e-01
1.004544e-01	-3.212098e-01
1.004800e-01	-3.192212e-01
1.005056e-01	-3.169167e-01
1.005312e-01	-3.148330e-01
1.005568e-01	-3.125902e-01
1.005824e-01	-3.101752e-01
1.006080e-01	-3.078429e-01
1.006336e-01	-3.054653e-01
1.006592e-01	-3.028623e-01
1.006848e-01	-3.002696e-01
1.007104e-01	-2.975864e-01
1.007360e-01	-2.949576e-01
1.007616e-01	-2.922027e-01
1.007872e-01	-2.891920e-01
1.008128e-01	-2.864096e-01
1.008384e-01	-2.834445e-01
1.008640e-01	-2.803279e-01
1.008896e-01	-2.773536e-01
1.009152e-01	-2.742545e-01
1.009408e-01	-2.709023e-01
1.009664e-01	-2.677142e-01
1.009920e-01	-2.643386e-01
1.010176e-01	-2.609567e-01
1.010432e-01	-2.576302e-01
1.010688e-01	-2.541202e-01
1.010944e-01	-2.506099e-01
1.011200e-01	-2.469978e-01
1.011456e-01	-2.433354e-01
1.011712e-01	-2.396108e-01
1.011968e-01	-2.359935e-01
1.012224e-01	-2.322031e-01
1.012480e-01	-2.281875e-01
1.012736e-01	-2.244331e-01
1.012992e-01	-2.204282e-01
1.013248e-01	-2.165314e-01
1.013504e-01	-2.125092e-01
1.013760e-01	-2.084554e-01
1.014016e-01	-2.042732e-01
1.014272e-01	-2.000862e-01
1.014528e-01	-1.959612e-01
1.014784e-01	-1.917878e-01
1.015040e-01	-1.875008e-01
1.015296e-01	-1.832257e-01
1.015552e-01	-1.789843e-01
1.015808e-01	-1.746311e-01
1.016064e-01	-1.701673e-01
1.016320e-01	-1.657352e-01
1.016576e-01	-1.614347e-01
1.016832e-01	-1.568070e-01
1.017088e-01	-1.522993e-01
1.017344e-01	-1.479019e-01
1.017600e-01	-1.432294e-01
1.017856e-01	-1.386758e-01
1.018112e-01	-1.339499e-01
1.018368e-01	-1.293448e-01
1.018624e-01	-1.247335e-01
1.018880e-01	-1.201907e-01
1.019136e-01	-1.155374e-01
1.019392e-01	-1.107091e-01
1.019648e-01	-1.059902e-01
1.019904e-01	-1.012844e-01
1.020160e-01	-9.656970e-02
1.020416e-01	-9.187175e-02
1.020672e-01	-8.704511e-02
1.020928e-01	-8.225307e-02
1.021184e-01	-7.745157e-02
1.021440e-01	-7.257894e-02
1.021696e-01	-6.774371e-02
1.021952e-01	-6.298893e-02
1.022208e-01	-5.827848e-02
1.022464e-01	-5.333364e-02
1.022720e-01	-4.848201e-02
1.022976e-01	-4.371320e-02
1.023232e-01	-3.894383e-02
1.023488e-01	-3.425985e-02
1.023744e-01	-2.932820e-02
1.024000e-01	-2.457900e-02
1.024256e-01	-1.989910e-02
1.024512e-01	-1.503386e-02
1.024768e-01	-1.014521e-02
1.025024e-01	-5.605529e-03
1.025280e-01	-6.247846e-04
1.025536e-01	4.143103e-03
1.025792e-01	8.736338e-03
1.026048e-01	1.345600e-02
1.026304e-01	1.806961e-02
1.026560e-01	2.295987e-02
1.026816e-01	2.753855e-02
1.027072e-01	3.217171e-02
1.027328e-01	3.681783e-02
1.027584e-01	4.133295e-02
1.027840e-01	4.598811e-02
1.028096e-01	5.056506e-02
1.028352e-01	5.507176e-02
1.028608e-01	5.947391e-02
1.028864e-01	6.405567e-02
1.029120e-01	6.833210e-02
1.029376e-01	7.281495e-02
1.029632e-01	7.722226e-02
1.029888e-01	8.150460e-02
1.030144e-01	8.584934e-02
1.030400e-01	9.015547e-02
1.030656e-01	9.433896e-02
1.030912e-01	9.859561e-02
1.031168e-01	1.027817e-01
1.031424e-01	1.068616e-01
1.031680e-01	1.109978e-01
1.031936e-01	1.149446e-01
1.032192e-01	1.189763e-01
1.032448e-01	1.230421e-01
1.032704e-01	1.267707e-01
1.032960e-01	1.306227e-01
1.033216e-01	1.344566e-01
1.033472e-01	1.382102e-01
1.033728e-01	1.418817e-01
1.033984e-01	1.457093e-01
1.034240e-01	1.493212e-01
1.034496e-01	1.527289e-01
1.034752e-01	1.563035e-01
1.035008e-01	1.597430e-01
1.035264e-01	1.631733e-01
1.035520e-01	1.665701e-01
1.035776e-01	1.697726e-01
1.036032e-01	1.731156e-01
1.036288e-01	1.762499e-01
1.036544e-01	1.792997e-01
1.036800e-01	1.824461e-01
1.037056e-01	1.854006e-01
1.037312e-01	1.882858e-01
1.037568e-01	1.912278e-01
1.037824e-01	1.939193e-01
1.038080e-01	1.967779e-01
1.038336e-01	1.994732e-01
1.038592e-01	2.020803e-01
1.038848e-01	2.046876e-01
1.039104e-01	2.071293e-01
1.039360e-01	2.095691e-01
1.039616e-01	2.119075e-01
1.039872e-01	2.142283e-01
1.040128e-01	2.163062e-01
1.040384e-01	2.186254e-01
1.040640e-01	2.206813e-01
1.040896e-01	2.226610e-01
1.041152e-01	2.246973e-01
1.041408e-01	2.263121e-01
1.041664e-01	2.283245e-01
1.041920e-01	2.299733e-01
1.042176e-01	2.316855e-01
1.042432e-01	2.332134e-01
1.042688e-01	2.347357e-01
1.042944e-01	2.361832e-01
1.043200e-01	2.374252e-01
1.043456e-01	2.389052e-01
1.043712e-01	2.400686e-01
1.043968e-01	2.412815e-01
1.044224e-01	2.423193e-01
1.044480e-01	2.432563e-01
1.044736e-01	2.440602e-01
1.044992e-01	2.449393e-01
1.045248e-01	2.456777e-01
1.045504e-01	2.463822e-01
1.045760e-01	2.469829e-01
1.046016e-01	2.474160e-01
1.046272e-01	2.479370e-01
1.046528e-01	2.482605e-01
1.046784e-01	2.486851e-01
1.047040e-01	2.487571e-01
1.047296e-01	2.489649e-01
1.047552e-01	2.490611e-01
1.047808e-01	2.489901e-01
1.048064e-01	2.490354e-01
1.048320e-01	2.488478e-01
1.048576e-01	2.484937e-01
1.048832e-01	2.481916e-01
1.049088e-01	2.477826e-01
1.049344e-01	2.472539e-01
1.049600e-01	2.467376e-01
1.049856e-01	2.461034e-01
1.050112e-01	2.454689e-01
1.050368e-01	2.445532e-01
1.050624e-01	2.437250e-01
1.050880e-01	2.428465e-01
1.051136e-01	2.417306e-01
1.051392e-01	2.407006e-01
1.051648e-01	2.394609e-01
1.051904e-01	2.384549e-01
1.052160e-01	2.368970e-01
1.052416e-01	2.354901e-01
1.052672e-01	2.342115e-01
1.052928e-01	2.325696e-01
1.053184e-01	2.309754e-01
1.053440e-01	2.293017e-01
1.053696e-01	2.274540e-01
1.053952e-01	2.256936e-01
1.054208e-01	2.238361e-01
1.054464e-01	2.218217e-01
1.054720e-01	2.198926e-01
1.054976e-01	2.176317e-01
1.055232e-01	2.154696e-01
1.055488e-01	2.133037e-01
1.055744e-01	2.108780e-01
1.056000e-01	2.085055e-01
1.056256e-01	2.060322e-01
1.056512e-01	2.035806e-01
1.056768e-01	2.009000e-01
1.057024e-01	1.983196e-01
1.057280e-01	1.955800e-01
1.057536e-01	1.927423e-01
1.057792e-01	1.900532e-01
1.058048e-01	1.871388e-01
1.058304e-01	1.841533e-01
1.058560e-01	1.811540e-01
1.058816e-01	1.779896e-01
1.059072e-01	1.748866e-01
1.059328e-01	1.716557e-01
1.059584e-01	1.683786e-01
1.059840e-01	1.650737e-01
1.060096e-01	1.616857e-01
1.060352e-01	1.582372e-01
1.060608e-01	1.548562e-01
1.060864e-01	1.512408e-01
1.061120e-01	1.476539e-01
1.061376e-01	1.440770e-01
1.061632e-01	1.403500e-01
1.061888e-01	1.367038e-01
1.062144e-01	1.329332e-01
1.062400e-01	1.290332e-01
1.062656e-01	1.251931e-01
1.062912e-01	1.211908e-01
1.063168e-01	1.173256e-01
1.063424e-01	1.132076e-01
1.063680e-01	1.091667e-01
1.063936e-01	1.051482e-01
1.064192e-01	1.009187e-01
1.064448e-01	9.682088e-02
1.064704e-01	9.261864e-02
1.064960e-01	8.836816e-02
1.065216e-01	8.411446e-02
1.065472e-01	7.969111e-02
1.065728e-01	7.540387e-02
1.065984e-01	7.108127e-02
1.066240e-01	6.658520e-02
1.066496e-01	6.223063e-02
1.066752e-01	5.765237e-02
1.067008e-01	5.310882e-02
1.067264e-01	4.870245e-02
1.067520e-01	4.413624e-02
1.067776e-01	3.950549e-02
1.068032e-01	3.492061e-02
1.068288e-01	3.035012e-02
1.068544e-01	2.563321e-02
1.068800e-01	2.094398e-02
1.069056e-01	1.628628e-02
1.069312e-01	1.168282e-02
1.069568e-01	6.838313e-03
1.069824e-01	2.137545e-03
1.070080e-01	-2.589735e-03
1.070336e-01	-7.334725e-03
1.070592e-01	-1.217067e-02
1.070848e-01	-1.680215e-02
1.071104e-01	-2.159096e-02
1.071360e-01	-2.643551e-02
1.071616e-01	-3.120622e-02
1.071872e-01	-3.613532e-02
1.072128e-01	-4.086236e-02
1.072384e-01	-4.573650e-02
1.072640e-01	-5.058227e-02
1.072896e-01	-5.531420e-02
1.073152e-01	-6.013086e-02
1.073408e-01	-6.500543e-02
1.073664e-01	-6.975955e-02
1.073920e-01	-7.453161e-02
1.074176e-01	-7.934454e-02
1.074432e-01	-8.400318e-02
1.074688e-01	-8.886115e-02
1.074944e-01	-9.363232e-02
1.075200e-01	-9.829564e-02
1.075456e-01	-1.031148e-01
1.075712e-01	-1.079308e-01
1.075968e-01	-1.124482e-01
1.076224e-01	-1.172495e-01
1.076480e-01	-1.220240e-01
1.076736e-01	-1.265244e-01
1.076992e-01	-1.312578e-01
1.077248e-01	-1.357735e-01
1.077504e-01	-1.403538e-01
1.077760e-01	-1.451000e-01
1.078016e-01	-1.495711e-01
1.078272e-01	-1.540638e-01
1.078528e-01	-1.585077e-01
1.078784e-01	-1.631147e-01
1.079040e-01	-1.675225e-01
1.079296e-01	-1.718158e-01
1.079552e-01	-1.763053e-01
1.079808e-01	-1.804803e-01
1.080064e-01	-1.848205e-01
1.080320e-01	-1.892006e-01
1.080576e-01	-1.932697e-01
1.080832e-01	-1.975677e-01
1.081088e-01	-2.017928e-01
1.081344e-01	-2.058322e-01
1.081600e-01	-2.099643e-01
1.081856e-01	-2.139868e-01
1.082112e-01	-2.178733e-01
1.082368e-01	-2.218858e-01
1.082624e-01	-2.258664e-01
1.082880e-01	-2.296657e-01
1.083136e-01	-2.335491e-01
1.083392e-01	-2.374345e-01
1.083648e-01	-2.409888e-01
1.083904e-01	-2.447079e-01
1.084160e-01	-2.482379e-01
1.084416e-01	-2.518100e-01
1.084672e-01	-2.553514e-01
1.084928e-01	-2.587583e-01
1.085184e-01	-2.622373e-01
1.085440e-01	-2.655951e-01
1.085696e-01	-2.688249e-01
1.085952e-01	-2.720829e-01
1.086208e-01	-2.753496e-01
1.086464e-01	-2.784325e-01
1.086720e-01	-2.813955e-01
1.086976e-01	-2.845430e-01
1.087232e-01	-2.873928e-01
1.087488e-01	-2.902793e-01
1.087744e-01	-2.932454e-01
1.088000e-01	-2.958335e-01
1.088256e-01	-2.985554e-01
1.088512e-01	-3.012579e-01
1.088768e-01	-3.038258e-01
1.089024e-01	-3.062641e-01
1.089280e-01	-3.086821e-01
1.089536e-01	-3.110320e-01
1.089792e-01	-3.133316e-01
1.090048e-01	-3.156087e-01
1.090304e-01	-3.176904e-01
1.090560e-01	-3.197544e-01
1.090816e-01	-3.217800e-01
1.091072e-01	-3.237685e-01
1.091328e-01	-3.256083e-01
1.091584e-01	-3.274741e-01
1.091840e-01	-3.290719e-01
1.092096e-01	-3.308066e-01
1.092352e-01	-3.324649e-01
1.092608e-01	-3.338175e-01
1.092864e-01	-3.353113e-01
1.093120e-01	-3.366979e-01
1.093376e-01	-3.379591e-01
1.093632e-01	-3.392249e-01
1.093888e-01	-3.403980e-01
1.094144e-01	-3.414172e-01
1.094400e-01	-3.424667e-01
1.094656e-01	-3.434163e-01
1.094912e-01	-3.441341e-01
1.095168e-01	-3.449710e-01
1.095424e-01	-3.455403e-01
1.095680e-01	-3.462254e-01
1.095936e-01	-3.468169e-01
1.096192e-01	-3.471627e-01
1.096448e-01	-3.476216e-01
1.096704e-01	-3.478872e-01
1.096960e-01	-3.482291e-01
1.097216e-01	-3.483654e-01
1.097472e-01	-3.482498e-01
1.097728e-01	-3.484055e-01
1.097984e-01	-3.482480e-01
1.098240e-01	-3.480586e-01
1.098496e-01	-3.478549e-01
1.098752e-01	-3.474357e-01
1.099008e-01	-3.471911e-01
1.099264e-01	-3.466355e-01
1.099520e-01	-3.460449e-01
1.099776e-01	-3.455046e-01
1.100032e-01	-3.447424e-01
1.100288e-01	-3.440256e-01
1.100544e-01	-3.431050e-01
1.100800e-01	-3.421774e-01
1.101056e-01	-3.412195e-01
1.101312e-01	-3.401808e-01
1.101568e-01	-3.389395e-01
1.101824e-01	-3.377098e-01
1.102080e-01	-3.363457e-01
1.102336e-01	-3.349960e-01
1.102592e-01	-3.335481e-01
1.102848e-01	-3.320763e-01
1.103104e-01	-3.304214e-01
1.103360e-01	-3.287590e-01
1.103616e-01	-3.269573e-01
1.103872e-01	-3.250197e-01
1.104128e-01	-3.233024e-01
1.104384e-01	-3.212935e-01
1.104640e-01	-3.192652e-01
1.104896e-01	-3.171181e-01
1.105152e-01	-3.149518e-01
1.105408e-01	-3.126923e-01
1.105664e-01	-3.103440e-01
1.105920e-01	-3.079911e-01
1.106176e-01	-3.055526e-01
1.106432e-01	-3.031534e-01
1.106688e-01	-3.004864e-01
1.106944e-01	-2.977891e-01
1.107200e-01	-2.951629e-01
1.107456e-01	-2.923846e-01
1.107712e-01	-2.894080e-01
1.107968e-01	-2.866310e-01
1.108224e-01	-2.836628e-01
1.108480e-01	-2.804880e-01
1.108736e-01	-2.774834e-01
1.108992e-01	-2.745697e-01
1.109248e-01	-2.710994e-01
1.109504e-01	-2.679631e-01
1.109760e-01	-2.647309e-01
1.110016e-01	-2.612319e-01
1.110272e-01	-2.578467e-01
1.110528e-01	-2.543632e-01
1.110784e-01	-2.507889e-01
1.111040e-01	-2.472512e-01
1.111296e-01	-2.436852e-01
1.111552e-01	-2.398499e-01
1.111808e-01	-2.361517e-01
1.112064e-01	-2.323979e-01
1.112320e-01	-2.286048e-01
1.112576e-01	-2.247096e-01
1.112832e-01	-2.208495e-01
1.113088e-01	-2.167165e-01
1.113344e-01	-2.128355e-01
1.113600e-01	-2.088631e-01
1.113856e-01	-2.046795e-01
1.114112e-01	-2.006744e-01
1.114368e-01	-1.962521e-01
1.114624e-01	-1.922089e-01
1.114880e-01	-1.880005e-01
1.115136e-01	-1.836460e-01
1.115392e-01	-1.792216e-01
1.115648e-01	-1.749238e-01
1.115904e-01	-1.705868e-01
1.116160e-01	-1.661999e-01
1.116416e-01	-1.617696e-01
1.116672e-01	-1.572566e-01
1.116928e-01	-1.526950e-01
1.117184e-01	-1.482294e-01
1.117440e-01	-1.436828e-01
1.117696e-01	-1.390101e-01
1.117952e-01	-1.345688e-01
1.118208e-01	-1.298042e-01
1.118464e-01	-1.252483e-01
1.118720e-01	-1.207114e-01
1.118976e-01	-1.158379e-01
1.119232e-01	-1.111456e-01
1.119488e-01	-1.064193e-01
1.119744e-01	-1.018065e-01
1.120000e-01	-9.694683e-02
1.120256e-01	-9.219805e-02
1.120512e-01	-8.746471e-02
1.120768e-01	-8.261325e-02
1.121024e-01	-7.776945e-02
1.121280e-01	-7.296841e-02
1.121536e-01	-6.829415e-02
1.121792e-01	-6.339855e-02
1.122048e-01	-5.865796e-02
1.122304e-01	-5.392185e-02
1.122560e-01	-4.907069e-02
1.122816e-01	-4.428659e-02
1.123072e-01	-3.943978e-02
1.123328e-01	-3.458492e-02
1.123584e-01	-2.978108e-02
1.123840e-01	-2.513553e-02
1.124096e-01	-2.038922e-02
1.124352e-01	-1.546973e-02
1.124608e-01	-1.060241e-02
1.124864e-01	-6.000055e-03
1.125120e-01	-1.159718e-03
1.125376e-01	3.708947e-03
1.125632e-01	8.362152e-03
1.125888e-01	1.300582e-02
1.126144e-01	1.769092e-02
1.126400e-01	2.239852e-02
1.126656e-01	2.706020e-02
1.126912e-01	3.172628e-02
1.127168e-01	3.632639e-02
1.127424e-01	4.082315e-02
1.127680e-01	4.562630e-02
1.127936e-01	5.015175e-02
1.128192e-01	5.464211e-02
1.128448e-01	5.916959e-02
1.128704e-01	6.347761e-02
1.128960e-01	6.804060e-02
1.129216e-01	7.250760e-02
1.129472e-01	7.670818e-02
1.129728e-01	8.110272e-02
1.129984e-01	8.542877e-02
1.130240e-01	8.975100e-02
1.130496e-01	9.409977e-02
1.130752e-01	9.820001e-02
1.131008e-01	1.023438e-01
1.131264e-01	1.063636e-01
1.131520e-01	1.104877e-01
1.131776e-01	1.146357e-01
1.132032e-01	1.184337e-01
1.132288e-01	1.225571e-01
1.132544e-01	1.263818e-01
1.132800e-01	1.302806e-01
1.133056e-01	1.341743e-01
1.133312e-01	1.379276e-01
1.133568e-01	1.415626e-01
1.133824e-01	1.452208e-01
1.134080e-01	1.488969e-01
1.134336e-01	1.523542e-01
1.134592e-01	1.559809e-01
1.134848e-01	1.594307e-01
1.135104e-01	1.627533e-01
1.135360e-01	1.662162e-01
1.135616e-01	1.695366e-01
1.135872e-01	1.727337e-01
1.136128e-01	1.759560e-01
1.136384e-01	1.791246e-01
1.136640e-01	1.821257e-01
1.136896e-01	1.851756e-01
1.137152e-01	1.880037e-01
1.137408e-01	1.909622e-01
1.137664e-01	1.937676e-01
1.137920e-01	1.965316e-01
1.138176e-01	1.991377e-01
1.138432e-01	2.018439e-01
1.138688e-01	2.045031e-01
1.138944e-01	2.068011e-01
1.139200e-01	2.093774e-01
1.139456e-01	2.116931e-01
1.139712e-01	2.139207e-01
1.139968e-01	2.162407e-01
1.140224e-01	2.183240e-01
1.140480e-01	2.204748e-01
1.140736e-01	2.223707e-01
1.140992e-01	2.243968e-01
1.141248e-01	2.263230e-01
1.141504e-01	2.280782e-01
1.141760e-01	2.298795e-01
1.142016e-01	2.314460e-01
1.142272e-01	2.331982e-01
1.142528e-01	2.346258e-01
1.142784e-01	2.359679e-01
1.143040e-01	2.374287e-01
1.143296e-01	2.385510e-01
1.143552e-01	2.399534e-01
1.143808e-01	2.409317e-01
1.144064e-01	2.421133e-01
1.144320e-01	2.431134e-01
1.144576e-01	2.439851e-01
1.144832e-01	2.448946e-01
1.145088e-01	2.455893e-01
1.145344e-01	2.463608e-01
1.145600e-01	2.469638e-01
1.145856e-01	2.474097e-01
1.146112e-01	2.479402e-01
1.146368e-01	2.483642e-01
1.146624e-01	2.485206e-01
1.146880e-01	2.488470e-01
1.147136e-01	2.490846e-01
1.147392e-01	2.489986e-01
1.147648e-01	2.490047e-01
1.147904e-01	2.490282e-01
1.148160e-01	2.487565e-01
1.148416e-01	2.484926e-01
1.148672e-01	2.481958e-01
1.148928e-01	2.477622e-01
1.149184e-01	2.473725e-01
1.149440e-01	2.467408e-01
1.149696e-01	2.461611e-01
1.149952e-01	2.455036e-01
1.150208e-01	2.447311e-01
1.150464e-01	2.437113e-01
1.150720e-01	2.428781e-01
1.150976e-01	2.419384e-01
1.151232e-01	2.407155e-01
1.151488e-01	2.396498e-01
1.151744e-01	2.383460e-01
1.152000e-01	2.370275e-01
1.152256e-01	2.356401e-01
1.152512e-01	2.342846e-01
1.152768e-01	2.328188e-01
1.153024e-01	2.310620e-01
1.153280e-01	2.294619e-01
1.153536e-01	2.276507e-01
1.153792e-01	2.259134e-01
1.154048e-01	2.240159e-01
1.154304e-01	2.220826e-01
1.154560e-01	2.199958e-01
1.154816e-01	2.178131e-01
1.155072e-01	2.157650e-01
1.155328e-01	2.134558e-01
1.155584e-01	2.112123e-01
1.155840e-01	2.087293e-01
1.156096e-01	2.063686e-01
1.156352e-01	2.038544e-01
1.156608e-01	2.011679e-01
1.156864e-01	1.985967e-01
1.157120e-01	1.958698e-01
1.157376e-01	1.930836e-01
1.157632e-01	1.902772e-01
1.157888e-01	1.874573e-01
1.158144e-01	1.843313e-01
1.158400e-01	1.814217e-01
1.158656e-01	1.782676e-01
1.158912e-01	1.752483e-01
1.159168e-01	1.719867e-01
1.159424e-01	1.687109e-01
1.159680e-01	1.655146e-01
1.159936e-01	1.620439e-01
1.160192e-01	1.587369e-01
1.160448e-01	1.552088e-01
1.160704e-01	1.515971e-01
1.160960e-01	1.480511e-01
1.161216e-01	1.444915e-01
1.161472e-01	1.408073e-01
1.161728e-01	1.370875e-01
1.161984e-01	1.331999e-01
1.162240e-01	1.294079e-01
1.162496e-01	1.256688e-01
1.162752e-01	1.216012e-01
1.163008e-01	1.177618e-01
1.163264e-01	1.136952e-01
1.163520e-01	1.096716e-01
1.163776e-01	1.055671e-01
1.164032e-01	1.015003e-01
1.164288e-01	9.728225e-02
1.164544e-01	9.291515e-02
1.164800e-01	8.878552e-02
1.165056e-01	8.448561e-02
1.165312e-01	8.016643e-02
1.165568e-01	7.583226e-02
1.165824e-01	7.145403e-02
1.166080e-01	6.704967e-02
1.166336e-01	6.259999e-02
1.166592e-01	5.819318e-02
1.166848e-01	5.362168e-02
1.167104e-01	4.910321e-02
1.167360e-01	4.455891e-02
1.167616e-01	3.990709e-02
1.167872e-01	3.532125e-02
1.168128e-01	3.073628e-02
1.168384e-01	2.617071e-02
1.168640e-01	2.142335e-02
1.168896e-01	1.674362e-02
1.169152e-01	1.205565e-02
1.169408e-01	7.379787e-03
1.169664e-01	2.657623e-03
1.169920e-01	-2.212200e-03
1.170176e-01	-6.922836e-03
1.170432e-01	-1.172740e-02
1.170688e-01	-1.636935e-02
1.170944e-01	-2.131213e-02
1.171200e-01	-2.601177e-02
1.171456e-01	-3.077059e-02
1.171712e-01	-3.564160e-02
1.171968e-01	-4.043439e-02
1.172224e-01	-4.524354e-02
1.172480e-01	-4.999829e-02
1.172736e-01	-5.488035e-02
1.172992e-01	-5.966394e-02
1.173248e-01	-6.448112e-02
1.173504e-01	-6.927950e-02
1.173760e-01	-7.407384e-02
1.174016e-01	-7.883484e-02
1.174272e-01	-8.364586e-02
1.174528e-01	-8.845038e-02
1.174784e-01	-9.309507e-02
1.175040e-01	-9.798203e-02
1.175296e-01	-1.026471e-01
1.175552e-01	-1.074139e-01
1.175808e-01	-1.120914e-01
1.176064e-01	-1.168245e-01
1.176320e-01	-1.215886e-01
1.176576e-01	-1.260228e-01
1.176832e-01	-1.307950e-01
1.177088e-01	-1.354301e-01
1.177344e-01	-1.399407e-01
1.177600e-01	-1.447062e-01
1.177856e-01	-1.490537e-01
1.178112e-01	-1.536746e-01
1.178368e-01	-1.582152e-01
1.178624e-01	-1.626023e-01
1.178880e-01	-1.670348e-01
1.179136e-01	-1.714489e-01
1.179392e-01	-1.757861e-01
1.179648e-01	-1.801881e-01
1.179904e-01	-1.845142e-01
1.180160e-01	-1.886202e-01
1.180416e-01	-1.930476e-01
1.180672e-01	-1.971413e-01
1.180928e-01	-2.013074e-01
1.181184e-01	-2.055862e-01
1.181440e-01	-2.094423e-01
1.181696e-01	-2.136301e-01
1.181952e-01	-2.175543e-01
1.182208e-01	-2.214743e-01
1.182464e-01	-2.254314e-01
1.182720e-01	-2.292774e-01
1.182976e-01	-2.331819e-01
1.183232e-01	-2.369179e-01
1.183488e-01	-2.406374e-01
1.183744e-01	-2.443681e-01
1.184000e-01	-2.479666e-01
1.184256e-01	-2.515227e-01
1.184512e-01	-2.549948e-01
1.184768e-01	-2.584669e-01
1.185024e-01	-2.618760e-01
1.185280e-01	-2.653026e-01
1.185536e-01	-2.685711e-01
1.185792e-01	-2.718278e-01
1.186048e-01	-2.749906e-01
1.186304e-01	-2.781788e-01
1.186560e-01	-2.811527e-01
1.186816e-01	-2.842143e-01
1.187072e-01	-2.872492e-01
1.187328e-01	-2.900977e-01
1.187584e-01	-2.928344e-01
1.187840e-01	-2.955325e-01
1.188096e-01	-2.983382e-01
1.188352e-01	-3.009297e-01
1.188608e-01	-3.035485e-01
1.188864e-01	-3.060880e-01
1.189120e-01	-3.085210e-01
1.189376e-01	-3.108470e-01
1.189632e-01	-3.131094e-01
1.189888e-01	-3.154092e-01
1.190144e-01	-3.175080e-01
1.190400e-01	-3.196414e-01
1.190656e-01	-3.216586e-01
1.190912e-01	-3.237047e-01
1.191168e-01	-3.254633e-01
1.191424e-01	-3.272819e-01
1.191680e-01	-3.290727e-01
1.191936e-01	-3.306540e-01
1.192192e-01	-3.322838e-01
1.192448e-01	-3.337850e-01
1.192704e-01	-3.352213e-01
1.192960e-01	-3.365759e-01
1.193216e-01	-3.379156e-01
1.193472e-01	-3.391323e-01
1.193728e-01	-3.403000e-01
1.193984e-01	-3.414124e-01
1.194240e-01	-3.423074e-01
1.194496e-01	-3.432133e-01
1.194752e-01	-3.441062e-01
1.195008e-01	-3.448310e-01
1.195264e-01	-3.455990e-01
1.195520e-01	-3.461254e-01
1.195776e-01	-3.467475e-01
1.196032e-01	-3.472535e-01
1.196288e-01	-3.475165e-01
1.196544e-01	-3.479560e-01
1.196800e-01	-3.481496e-01
1.197056e-01	-3.482915e-01
1.197312e-01	-3.483164e-01
1.197568e-01	-3.482347e-01
1.197824e-01	-3.482242e-01
1.198080e-01	-3.481342e-01
1.198336e-01	-3.478490e-01
1.198592e-01	-3.476728e-01
1.198848e-01	-3.471855e-01
1.199104e-01	-3.467548e-01
1.199360e-01	-3.461143e-01
1.199616e-01	-3.455006e-01
1.199872e-01	-3.448371e-01
1.200128e-01	-3.439855e-01
1.200384e-01	-3.433089e-01
1.200640e-01	-3.422812e-01
1.200896e-01	-3.413010e-01
1.201152e-01	-3.402400e-01
1.201408e-01	-3.390667e-01
1.201664e-01	-3.378517e-01
1.201920e-01	-3.364491e-01
1.202176e-01	-3.352069e-01
1.202432e-01	-3.337335e-01
1.202688e-01	-3.321279e-01
1.202944e-01	-3.304547e-01
1.203200e-01	-3.288874e-01
1.203456e-01	-3.271446e-01
1.203712e-01	-3.252435e-01
1.203968e-01	-3.233461e-01
1.204224e-01	-3.214268e-01
1.204480e-01	-3.193915e-01
1.204736e-01	-3.173706e-01
1.204992e-01	-3.151614e-01
1.205248e-01	-3.128347e-01
1.205504e-01	-3.106561e-01
1.205760e-01	-3.081617e-01
1.206016e-01	-3.056754e-01
1.206272e-01	-3.033007e-01
1.206528e-01	-3.006400e-01
1.206784e-01	-2.980875e-01
1.207040e-01	-2.953439e-01
1.207296e-01	-2.925644e-01
1.207552e-01	-2.897581e-01
1.207808e-01	-2.868716e-01
1.208064e-01	-2.839901e-01
1.208320e-01	-2.809027e-01
1.208576e-01	-2.777771e-01
1.208832e-01	-2.746315e-01
1.209088e-01	-2.715312e-01
1.209344e-01	-2.683440e-01
1.209600e-01	-2.649316e-01
1.209856e-01	-2.615822e-01
1.210112e-01	-2.582420e-01
1.210368e-01	-2.546698e-01
1.210624e-01	-2.511772e-01
1.210880e-01	-2.475917e-01
1.211136e-01	-2.440368e-01
1.211392e-01	-2.403196e-01
1.211648e-01	-2.365393e-01
1.211904e-01	-2.328793e-01
1.212160e-01	-2.289665e-01
1.212416e-01	-2.251275e-01
1.212672e-01	-2.211736e-01
1.212928e-01	-2.172064e-01
1.213184e-01	-2.132184e-01
1.213440e-01	-2.092250e-01
1.213696e-01	-2.050519e-01
1.213952e-01	-2.008776e-01
1.214208e-01	-1.967375e-01
1.214464e-01	-1.926329e-01
1.214720e-01	-1.883527e-01
1.214976e-01	-1.840163e-01
1.215232e-01	-1.796962e-01
1.215488e-01	-1.753939e-01
1.215744e-01	-1.709606e-01
1.216000e-01	-1.666313e-01
1.216256e-01	-1.621581e-01
1.216512e-01	-1.575956e-01
1.216768e-01	-1.531492e-01
1.217024e-01	-1.486150e-01
1.217280e-01	-1.440554e-01
1.217536e-01	-1.394764e-01
1.217792e-01	-1.348972e-01
1.218048e-01	-1.302817e-01
1.218304e-01	-1.256562e-01
1.218560e-01	-1.210042e-01
1.218816e-01	-1.163485e-01
1.219072e-01	-1.114704e-01
1.219328e-01	-1.068411e-01
1.219584e-01	-1.022186e-01
1.219840e-01	-9.730238e-02
1.220096e-01	-9.271064e-02
1.220352e-01	-8.783092e-02
1.220608e-01	-8.309313e-02
1.220864e-01	-7.835687e-02
1.221120e-01	-7.346044e-02
1.221376e-01	-6.868578e-02
1.221632e-01	-6.386438e-02
1.221888e-01	-5.908795e-02
1.222144e-01	-5.413562e-02
1.222400e-01	-4.948359e-02
1.222656e-01	-4.468710e-02
1.222912e-01	-3.990021e-02
1.223168e-01	-3.506760e-02
1.223424e-01	-3.014516e-02
1.223680e-01	-2.551372e-02
1.223936e-01	-2.060663e-02
1.224192e-01	-1.594957e-02
1.224448e-01	-1.113236e-02
1.224704e-01	-6.344110e-03
1.224960e-01	-1.476512e-03
1.225216e-01	3.235979e-03
1.225472e-01	7.875232e-03
1.225728e-01	1.274936e-02
1.225984e-01	1.733376e-02
1.226240e-01	2.211802e-02
1.226496e-01	2.663403e-02
1.226752e-01	3.129347e-02
1.227008e-01	3.591041e-02
1.227264e-01	4.044450e-02
1.227520e-01	4.508122e-02
1.227776e-01	4.960375e-02
1.228032e-01	5.429636e-02
1.228288e-01	5.867338e-02
1.228544e-01	6.320722e-02
1.228800e-01	6.758577e-02
1.229056e-01	7.193033e-02
1.229312e-01	7.644516e-02
1.229568e-01	8.078701e-02
1.229824e-01	8.514343e-02
1.230080e-01	8.936742e-02
1.230336e-01	9.358267e-02
1.230592e-01	9.776316e-02
1.230848e-01	1.019021e-01
1.231104e-01	1.061218e-01
1.231360e-01	1.101080e-01
1.231616e-01	1.142347e-01
1.231872e-01	1.182037e-01
1.232128e-01	1.220766e-01
1.232384e-01	1.259919e-01
1.232640e-01	1.299009e-01
1.232896e-01	1.338197e-01
1.233152e-01	1.375416e-01
1.233408e-01	1.412868e-01
1.233664e-01	1.449980e-01
1.233920e-01	1.485208e-01
1.234176e-01	1.520572e-01
1.234432e-01	1.556600e-01
1.234688e-01	1.592087e-01
1.234944e-01	1.624579e-01
1.235200e-01	1.658555e-01
1.235456e-01	1.693087e-01
1.235712e-01	1.724928e-01
1.235968e-01	1.756819e-01
1.236224e-01	1.788221e-01
1.236480e-01	1.817293e-01
1.236736e-01	1.849363e-01
1.236992e-01	1.877748e-01
1.237248e-01	1.906128e-01
1.237504e-01	1.934941e-01
1.237760e-01	1.962144e-01
1.238016e-01	1.989819e-01
1.238272e-01	2.015671e-01
1.238528e-01	2.042346e-01
1.238784e-01	2.067265e-01
1.239040e-01	2.090888e-01
1.239296e-01	2.115070e-01
1.239552e-01	2.138274e-01
1.239808e-01	2.160608e-01
1.240064e-01	2.181198e-01
1.240320e-01	2.203311e-01
1.240576e-01	2.222482e-01
1.240832e-01	2.243006e-01
1.241088e-01	2.261323e-01
1.241344e-01	2.279540e-01
1.241600e-01	2.297174e-01
1.241856e-01	2.313678e-01
1.242112e-01	2.330268e-01
1.242368e-01	2.343085e-01
1.242624e-01	2.359171e-01
1.242880e-01	2.372601e-01
1.243136e-01	2.385292e-01
1.243392e-01	2.398504e-01
1.243648e-01	2.408607e-01
1.243904e-01	2.420793e-01
1.244160e-01	2.430544e-01
1.244416e-01	2.440099e-01
1.244672e-01	2.447906e-01
1.244928e-01	2.454822e-01
1.245184e-01	2.462559e-01
1.245440e-01	2.469550e-01
1.245696e-01	2.473418e-01
1.245952e-01	2.478848e-01
1.246208e-01	2.484050e-01
1.246464e-01	2.485854e-01
1.246720e-01	2.487805e-01
1.246976e-01	2.489426e-01
1.247232e-01	2.490408e-01
1.247488e-01	2.491060e-01
1.247744e-01	2.490169e-01
1.248000e-01	2.488242e-01
1.248256e-01	2.487055e-01
1.248512e-01	2.481690e-01
1.248768e-01	2.478528e-01
1.249024e-01	2.473770e-01
1.249280e-01	2.468180e-01
1.249536e-01	2.462975e-01
1.249792e-01	2.454584e-01
1.250048e-01	2.448030e-01
1.250304e-01	2.438070e-01
1.250560e-01	2.429399e-01
1.250816e-01	2.419255e-01
1.251072e-01	2.408841e-01
1.251328e-01	2.396357e-01
1.251584e-01	2.384074e-01
1.251840e-01	2.372534e-01
1.252096e-01	2.358465e-01
1.252352e-01	2.344934e-01
1.252608e-01	2.328368e-01
1.252864e-01	2.312040e-01
1.253120e-01	2.296258e-01
1.253376e-01	2.278803e-01
1.253632e-01	2.261058e-01
1.253888e-01	2.241475e-01
1.254144e-01	2.222523e-01
1.254400e-01	2.202707e-01
1.254656e-01	2.180590e-01
1.254912e-01	2.158490e-01
1.255168e-01	2.135842e-01
1.255424e-01	2.114095e-01
1.255680e-01	2.090736e-01
1.255936e-01	2.065953e-01
1.256192e-01	2.041331e-01
1.256448e-01	2.014528e-01
1.256704e-01	1.988905e-01
1.256960e-01	1.961797e-01
1.257216e-01	1.934947e-01
1.257472e-01	1.904960e-01
1.257728e-01	1.875986e-01
1.257984e-01	1.847043e-01
1.258240e-01	1.816422e-01
1.258496e-01	1.785772e-01
1.258752e-01	1.754135e-01
1.259008e-01	1.723462e-01
1.259264e-01	1.689712e-01
1.259520e-01	1.656792e-01
1.259776e-01	1.625296e-01
1.260032e-01	1.589029e-01
1.260288e-01	1.554998e-01
1.260544e-01	1.520513e-01
1.260800e-01	1.484251e-01
1.261056e-01	1.447520e-01
1.261312e-01	1.410979e-01
1.261568e-01	1.373257e-01
1.261824e-01	1.336076e-01
1.262080e-01	1.297295e-01
1.262336e-01	1.258477e-01
1.262592e-01	1.220606e-01
1.262848e-01	1.179957e-01
1.263104e-01	1.140276e-01
1.263360e-01	1.099931e-01
1.263616e-01	1.058927e-01
1.263872e-01	1.018296e-01
1.264128e-01	9.752874e-02
1.264384e-01	9.339087e-02
1.264640e-01	8.921964e-02
1.264896e-01	8.486728e-02
1.265152e-01	8.058897e-02
1.265408e-01	7.626260e-02
1.265664e-01	7.183587e-02
1.265920e-01	6.749483e-02
1.266176e-01	6.307092e-02
1.266432e-01	5.862079e-02
1.266688e-01	5.400680e-02
1.266944e-01	4.949575e-02
1.267200e-01	4.494080e-02
1.267456e-01	4.040439e-02
1.267712e-01	3.574606e-02
1.267968e-01	3.118711e-02
1.268224e-01	2.655994e-02
1.268480e-01	2.184268e-02
1.268736e-01	1.727601e-02
1.268992e-01	1.250811e-02
1.269248e-01	7.767600e-03
1.269504e-01	2.981871e-03
1.269760e-01	-1.700967e-03
1.270016e-01	-6.318947e-03
1.270272e-01	-1.118472e-02
1.270528e-01	-1.599629e-02
1.270784e-01	-2.076631e-02
1.271040e-01	-2.551826e-02
1.271296e-01	-3.036683e-02
1.271552e-01	-3.512172e-02
1.271808e-01	-3.996552e-02
1.272064e-01	-4.474457e-02
1.272320e-01	-4.956495e-02
1.272576e-01	-5.444354e-02
1.272832e-01	-5.916147e-02
1.273088e-01	-6.404466e-02
1.273344e-01	-6.881335e-02
1.273600e-01	-7.345130e-02
1.273856e-01	-7.840181e-02
1.274112e-01	-8.322449e-02
1.274368e-01	-8.796969e-02
1.274624e-01	-9.275847e-02
1.274880e-01	-9.749587e-02
1.275136e-01	-1.022151e-01
1.275392e-01	-1.068148e-01
1.275648e-01	-1.115782e-01
1.275904e-01	-1.164545e-01
1.276160e-01	-1.210093e-01
1.276416e-01	-1.256422e-01
1.276672e-01	-1.304083e-01
1.276928e-01	-1.349339e-01
1.277184e-01	-1.395301e-01
1.277440e-01	-1.441048e-01
1.277696e-01	-1.486419e-01
1.277952e-01	-1.532362e-01
1.278208e-01	-1.575682e-01
1.278464e-01	-1.621878e-01
1.278720e-01	-1.665704e-01
1.278976e-01	-1.709667e-01
1.279232e-01	-1.753817e-01
1.279488e-01	-1.797860e-01
1.279744e-01	-1.840754e-01
1.280000e-01	-1.882261e-01
1.280256e-01	-1.926051e-01
1.280512e-01	-1.967236e-01
1.280768e-01	-2.010167e-01
1.281024e-01	-2.050672e-01
1.281280e-01	-2.089609e-01
1.281536e-01	-2.132447e-01
1.281792e-01	-2.171833e-01
1.282048e-01	-2.211454e-01
1.282304e-01	-2.251351e-01
1.282560e-01	-2.289817e-01
1.282816e-01	-2.327703e-01
1.283072e-01	-2.365606e-01
1.283328e-01	-2.402872e-01
1.283584e-01	-2.439167e-01
1.283840e-01	-2.476127e-01
1.284096e-01	-2.512005e-01
1.284352e-01	-2.546740e-01
1.284608e-01	-2.582328e-01
1.284864e-01	-2.616259e-01
1.285120e-01	-2.649280e-01
1.285376e-01	-2.682501e-01
1.285632e-01	-2.714904e-01
1.285888e-01	-2.746108e-01
1.286144e-01	-2.779007e-01
1.286400e-01	-2.808546e-01
1.286656e-01	-2.838913e-01
1.286912e-01	-2.868345e-01
1.287168e-01	-2.897079e-01
1.287424e-01	-2.926883e-01
1.287680e-01	-2.953998e-01
1.287936e-01	-2.981215e-01
1.288192e-01	-3.006603e-01
1.288448e-01	-3.032961e-01
1.288704e-01	-3.057319e-01
1.288960e-01	-3.080795e-01
1.289216e-01	-3.106580e-01
1.289472e-01	-3.128169e-01
1.289728e-01	-3.151369e-01
1.289984e-01	-3.173089e-01
1.290240e-01	-3.193996e-01
1.290496e-01	-3.214684e-01
1.290752e-01	-3.233888e-01
1.291008e-01	-3.253124e-01
1.291264e-01	-3.271244e-01
1.291520e-01	-3.288508e-01
1.291776e-01	-3.305618e-01
1.292032e-01	-3.321855e-01
1.292288e-01	-3.336208e-01
1.292544e-01	-3.351310e-01
1.292800e-01	-3.365363e-01
1.293056e-01	-3.377926e-01
1.293312e-01	-3.389913e-01
1.293568e-01	-3.401967e-01
1.293824e-01	-3.413305e-01
1.294080e-01	-3.422776e-01
1.294336e-01	-3.431949e-01
1.294592e-01	-3.439516e-01
1.294848e-01	-3.447816e-01
1.295104e-01	-3.454827e-01
1.295360e-01	-3.461494e-01
1.295616e-01	-3.467344e-01
1.295872e-01	-3.472114e-01
1.296128e-01	-3.475351e-01
1.296384e-01	-3.478930e-01
1.296640e-01	-3.481100e-01
1.296896e-01	-3.482064e-01
1.297152e-01	-3.483986e-01
1.297408e-01	-3.483244e-01
1.297664e-01	-3.483474e-01
1.297920e-01	-3.482138e-01
1.298176e-01	-3.477753e-01
1.298432e-01	-3.476982e-01
1.298688e-01	-3.472283e-01
1.298944e-01	-3.466726e-01
1.299200e-01	-3.462466e-01
1.299456e-01	-3.456230e-01
1.299712e-01	-3.448433e-01
1.299968e-01	-3.441875e-01
1.300224e-01	-3.433175e-01
1.300480e-01	-3.422848e-01
1.300736e-01	-3.413539e-01
1.300992e-01	-3.403116e-01
1.301248e-01	-3.390880e-01
1.301504e-01	-3.378979e-01
1.301760e-01	-3.365919e-01
1.302016e-01	-3.352978e-01
1.302272e-01	-3.338237e-01
1.302528e-01	-3.323334e-01
1.302784e-01	-3.307528e-01
1.303040e-01	-3.290219e-01
1.303296e-01	-3.272841e-01
1.303552e-01	-3.254611e-01
1.303808e-01	-3.235587e-01
1.304064e-01	-3.216426e-01
1.304320e-01	-3.196432e-01
1.304576e-01	-3.175435e-01
1.304832e-01	-3.154112e-01
1.305088e-01	-3.131858e-01
1.305344e-01	-3.108072e-01
1.305600e-01	-3.085025e-01
1.305856e-01	-3.059586e-01
1.306112e-01	-3.034765e-01
1.306368e-01	-3.009640e-01
1.306624e-01	-2.982572e-01
1.306880e-01	-2.956729e-01
1.307136e-01	-2.929281e-01
1.307392e-01	-2.900768e-01
1.307648e-01	-2.872540e-01
1.307904e-01	-2.841499e-01
1.308160e-01	-2.812341e-01
1.308416e-01	-2.781270e-01
1.308672e-01	-2.749025e-01
1.308928e-01	-2.719178e-01
1.309184e-01	-2.686435e-01
1.309440e-01	-2.652114e-01
1.309696e-01	-2.619069e-01
1.309952e-01	-2.585903e-01
1.310208e-01	-2.550181e-01
1.310464e-01	-2.515036e-01
1.310720e-01	-2.479944e-01
1.310976e-01	-2.443226e-01
1.311232e-01	-2.406765e-01
1.311488e-01	-2.368823e-01
1.311744e-01	-2.332205e-01
1.312000e-01	-2.292158e-01
1.312256e-01	-2.254580e-01
1.312512e-01	-2.215357e-01
1.312768e-01	-2.176424e-01
1.313024e-01	-2.137128e-01
1.313280e-01	-2.094501e-01
1.313536e-01	-2.055084e-01
1.313792e-01	-2.013606e-01
1.314048e-01	-1.973383e-01
1.314304e-01	-1.930543e-01
1.314560e-01	-1.886928e-01
1.314816e-01	-1.845293e-01
1.315072e-01	-1.802146e-01
1.315328e-01	-1.758694e-01
1.315584e-01	-1.713318e-01
1.315840e-01	-1.671118e-01
1.316096e-01	-1.626050e-01
1.316352e-01	-1.580864e-01
1.316608e-01	-1.536943e-01
1.316864e-01	-1.490662e-01
1.317120e-01	-1.445354e-01
1.317376e-01	-1.399585e-01
1.317632e-01	-1.353131e-01
1.317888e-01	-1.307066e-01
1.318144e-01	-1.261535e-01
1.318400e-01	-1.214172e-01
1.318656e-01	-1.167626e-01
1.318912e-01	-1.121007e-01
1.319168e-01	-1.073195e-01
1.319424e-01	-1.025441e-01
1.319680e-01	-9.778827e-02
1.319936e-01	-9.315255e-02
1.320192e-01	-8.834299e-02
1.320448e-01	-8.351801e-02
1.320704e-01	-7.876907e-02
1.320960e-01	-7.404633e-02
1.321216e-01	-6.919418e-02
1.321472e-01	-6.433795e-02
1.321728e-01	-5.955118e-02
1.321984e-01	-5.472056e-02
1.322240e-01	-4.987922e-02
1.322496e-01	-4.510893e-02
1.322752e-01	-4.017868e-02
1.323008e-01	-3.553016e-02
1.323264e-01	-3.058816e-02
1.323520e-01	-2.584414e-02
1.323776e-01	-2.117505e-02
1.324032e-01	-1.622700e-02
1.324288e-01	-1.156524e-02
1.324544e-01	-6.810003e-03
1.324800e-01	-1.980658e-03
1.325056e-01	2.693864e-03
1.325312e-01	7.453416e-03
1.325568e-01	1.221301e-02
1.325824e-01	1.678152e-02
1.326080e-01	2.155398e-02
1.326336e-01	2.624085e-02
1.326592e-01	3.090520e-02
1.326848e-01	3.542400e-02
1.327104e-01	4.002208e-02
1.327360e-01	4.477880e-02
1.327616e-01	4.919948e-02
1.327872e-01	5.380151e-02
1.328128e-01	5.820290e-02
1.328384e-01	6.270778e-02
1.328640e-01	6.701340e-02
1.328896e-01	7.153993e-02
1.329152e-01	7.602534e-02
1.329408e-01	8.021235e-02
1.329664e-01	8.459689e-02
1.329920e-01	8.897781e-02
1.330176e-01	9.320652e-02
1.330432e-01	9.731016e-02
1.330688e-01	1.016317e-01
1.330944e-01	1.056872e-01
1.331200e-01	1.096673e-01
1.331456e-01	1.137965e-01
1.331712e-01	1.177679e-01
1.331968e-01	1.217845e-01
1.332224e-01	1.256763e-01
1.332480e-01	1.295593e-01
1.332736e-01	1.333482e-01
1.332992e-01	1.372815e-01
1.333248e-01	1.408537e-01
1.333504e-01	1.445857e-01
1.333760e-01	1.482322e-01
1.334016e-01	1.517328e-01
1.334272e-01	1.554038e-01
1.334528e-01	1.586851e-01
1.334784e-01	1.622216e-01
1.335040e-01	1.656038e-01
1.335296e-01	1.689553e-01
1.335552e-01	1.722126e-01
1.335808e-01	1.751877e-01
1.336064e-01	1.784613e-01
1.336320e-01	1.814950e-01
1.336576e-01	1.846842e-01
1.336832e-01	1.874907e-01
1.337088e-01	1.902899e-01
1.337344e-01	1.932763e-01
1.337600e-01	1.958879e-01
1.337856e-01	1.986423e-01
1.338112e-01	2.013224e-01
1.338368e-01	2.039422e-01
1.338624e-01	2.064858e-01
1.338880e-01	2.089494e-01
1.339136e-01	2.112068e-01
1.339392e-01	2.135328e-01
1.339648e-01	2.158974e-01
1.339904e-01	2.178874e-01
1.340160e-01	2.201049e-01
1.340416e-01	2.221538e-01
1.340672e-01	2.241233e-01
1.340928e-01	2.259000e-01
1.341184e-01	2.278996e-01
1.341440e-01	2.296661e-01
1.341696e-01	2.311808e-01
1.341952e-01	2.328022e-01
1.342208e-01	2.343584e-01
1.342464e-01	2.359167e-01
1.342720e-01	2.371437e-01
1.342976e-01	2.385329e-01
1.343232e-01	2.398010e-01
1.343488e-01	2.407716e-01
1.343744e-01	2.419079e-01
1.344000e-01	2.429921e-01
1.344256e-01	2.439458e-01
1.344512e-01	2.447733e-01
1.344768e-01	2.455771e-01
1.345024e-01	2.462234e-01
1.345280e-01	2.469274e-01
1.345536e-01	2.473999e-01
1.345792e-01	2.478689e-01
1.346048e-01	2.482440e-01
1.346304e-01	2.484451e-01
1.346560e-01	2.488247e-01
1.346816e-01	2.490212e-01
1.347072e-01	2.490352e-01
1.347328e-01	2.490162e-01
1.347584e-01	2.488525e-01
1.347840e-01	2.488143e-01
1.348096e-01	2.485046e-01
1.348352e-01	2.483274e-01
1.348608e-01	2.479001e-01
1.348864e-01	2.474158e-01
1.349120e-01	2.469006e-01
1.349376e-01	2.463624e-01
1.349632e-01	2.457628e-01
1.349888e-01	2.447044e-01
1.350144e-01	2.440354e-01
1.350400e-01	2.431866e-01
1.350656e-01	2.420953e-01
1.350912e-01	2.410783e-01
1.351168e-01	2.399171e-01
1.351424e-01	2.386184e-01
1.351680e-01	2.373993e-01
1.351936e-01	2.360481e-01
1.352192e-01	2.344817e-01
1.352448e-01	2.330657e-01
1.352704e-01	2.314037e-01
1.352960e-01	2.298137e-01
1.353216e-01	2.279143e-01
1.353472e-01	2.262926e-01
1.353728e-01	2.243166e-01
1.353984e-01	2.223288e-01
1.354240e-01	2.204095e-01
1.354496e-01	2.182200e-01
1.354752e-01	2.163431e-01
1.355008e-01	2.139493e-01
1.355264e-01	2.116468e-01
1.355520e-01	2.093108e-01
1.355776e-01	2.067468e-01
1.356032e-01	2.043184e-01
1.356288e-01	2.017035e-01
1.356544e-01	1.990450e-01
1.356800e-01	1.965086e-01
1.357056e-01	1.936479e-01
1.357312e-01	1.907555e-01
1.357568e-01	1.880198e-01
1.357824e-01	1.849396e-01
1.358080e-01	1.821153e-01
1.358336e-01	1.789982e-01
1.358592e-01	1.758723e-01
1.358848e-01	1.725755e-01
1.359104e-01	1.693105e-01
1.359360e-01	1.660652e-01
1.359616e-01	1.627154e-01
1.359872e-01	1.593362e-01
1.360128e-01	1.558486e-01
1.360384e-01	1.523587e-01
1.360640e-01	1.487249e-01
1.360896e-01	1.452001e-01
1.361152e-01	1.413308e-01
1.361408e-01	1.377040e-01
1.361664e-01	1.340503e-01
1.361920e-01	1.300732e-01
1.362176e-01	1.263507e-01
1.362432e-01	1.224249e-01
1.362688e-01	1.184464e-01
1.362944e-01	1.144867e-01
1.363200e-01	1.104430e-01
1.363456e-01	1.061776e-01
1.363712e-01	1.022324e-01
1.363968e-01	9.799390e-02
1.364224e-01	9.374890e-02
1.364480e-01	8.966633e-02
1.364736e-01	8.527610e-02
1.364992e-01	8.104522e-02
1.365248e-01	7.669100e-02
1.365504e-01	7.221556e-02
1.365760e-01	6.789766e-02
1.366016e-01	6.349634e-02
1.366272e-01	5.904420e-02
1.366528e-01	5.447540e-02
1.366784e-01	4.990825e-02
1.367040e-01	4.536682e-02
1.367296e-01	4.075171e-02
1.367552e-01	3.623775e-02
1.367808e-01	3.164391e-02
1.368064e-01	2.695861e-02
1.368320e-01	2.234611e-02
1.368576e-01	1.772028e-02
1.368832e-01	1.295869e-02
1.369088e-01	8.246169e-03
1.369344e-01	3.610805e-03
1.369600e-01	-1.201238e-03
1.369856e-01	-6.007126e-03
1.370112e-01	-1.079683e-02
1.370368e-01	-1.544119e-02
1.370624e-01	-2.034857e-02
1.370880e-01	-2.507372e-02
1.371136e-01	-2.983671e-02
1.371392e-01	-3.471310e-02
1.371648e-01	-3.942177e-02
1.371904e-01	-4.421642e-02
1.372160e-01	-4.906007e-02
1.372416e-01	-5.383544e-02
1.372672e-01	-5.869047e-02
1.372928e-01	-6.353124e-02
1.373184e-01	-6.838194e-02
1.373440e-01	-7.307670e-02
1.373696e-01	-7.790989e-02
1.373952e-01	-8.273629e-02
1.374208e-01	-8.741402e-02
1.374464e-01	-9.220012e-02
1.374720e-01	-9.701928e-02
1.374976e-01	-1.016818e-01
1.375232e-01	-1.065502e-01
1.375488e-01	-1.112294e-01
1.375744e-01	-1.158829e-01
1.376000e-01	-1.206065e-01
1.376256e-01	-1.251344e-01
1.376512e-01	-1.298779e-01
1.376768e-01	-1.345008e-01
1.377024e-01	-1.390619e-01
1.377280e-01	-1.437267e-01
1.377536e-01	-1.481995e-01
1.377792e-01	-1.527964e-01
1.378048e-01	-1.572016e-01
1.378304e-01	-1.617463e-01
1.378560e-01	-1.661794e-01
1.378816e-01	-1.705686e-01
1.379072e-01	-1.750013e-01
1.379328e-01	-1.792417e-01
1.379584e-01	-1.836990e-01
1.379840e-01	-1.879738e-01
1.380096e-01	-1.921508e-01
1.380352e-01	-1.964181e-01
1.380608e-01	-2.005880e-01
1.380864e-01	-2.046674e-01
1.381120e-01	-2.087296e-01
1.381376e-01	-2.127524e-01
1.381632e-01	-2.168694e-01
1.381888e-01	-2.207686e-01
1.382144e-01	-2.246361e-01
1.382400e-01	-2.285997e-01
1.382656e-01	-2.323448e-01
1.382912e-01	-2.362168e-01
1.383168e-01	-2.398731e-01
1.383424e-01	-2.436082e-01
1.383680e-01	-2.471311e-01
1.383936e-01	-2.508667e-01
1.384192e-01	-2.543382e-01
1.384448e-01	-2.577019e-01
1.384704e-01	-2.612422e-01
1.384960e-01	-2.645251e-01
1.385216e-01	-2.679045e-01
1.385472e-01	-2.710905e-01
1.385728e-01	-2.743313e-01
1.385984e-01	-2.775390e-01
1.386240e-01	-2.806132e-01
1.386496e-01	-2.836213e-01
1.386752e-01	-2.865670e-01
1.387008e-01	-2.894900e-01
1.387264e-01	-2.922686e-01
1.387520e-01	-2.950813e-01
1.387776e-01	-2.977768e-01
1.388032e-01	-3.003303e-01
1.388288e-01	-3.030617e-01
1.388544e-01	-3.055522e-01
1.388800e-01	-3.078738e-01
1.389056e-01	-3.104526e-01
1.389312e-01	-3.126595e-01
1.389568e-01	-3.148925e-01
1.389824e-01	-3.171366e-01
1.390080e-01	-3.191940e-01
1.390336e-01	-3.212547e-01
1.390592e-01	-3.231842e-01
1.390848e-01	-3.250996e-01
1.391104e-01	-3.269419e-01
1.391360e-01	-3.286881e-01
1.391616e-01	-3.304184e-01
1.391872e-01	-3.319833e-01
1.392128e-01	-3.336287e-01
1.392384e-01	-3.350426e-01
1.392640e-01	-3.363764e-01
1.392896e-01	-3.376942e-01
1.393152e-01	-3.389154e-01
1.393408e-01	-3.400609e-01
1.393664e-01	-3.411968e-01
1.393920e-01	-3.421451e-01
1.394176e-01	-3.431974e-01
1.394432e-01	-3.439676e-01
1.394688e-01	-3.447545e-01
1.394944e-01	-3.453739e-01
1.395200e-01	-3.460274e-01
1.395456e-01	-3.466772e-01
1.395712e-01	-3.470581e-01
1.395968e-01	-3.475151e-01
1.396224e-01	-3.477944e-01
1.396480e-01	-3.480013e-01
1.396736e-01	-3.482261e-01
1.396992e-01	-3.483166e-01
1.397248e-01	-3.483292e-01
1.397504e-01	-3.482832e-01
1.397760e-01	-3.480942e-01
1.398016e-01	-3.478931e-01
1.398272e-01	-3.476501e-01
1.398528e-01	-3.472614e-01
1.398784e-01	-3.468318e-01
1.399040e-01	-3.461578e-01
1.399296e-01	-3.456022e-01
1.399552e-01	-3.449202e-01
1.399808e-01	-3.442465e-01
1.400064e-01	-3.432953e-01
1.400320e-01	-3.424091e-01
1.400576e-01	-3.415326e-01
1.400832e-01	-3.404301e-01
1.401088e-01	-3.391732e-01
1.401344e-01	-3.380067e-01
1.401600e-01	-3.367841e-01
1.401856e-01	-3.354639e-01
1.402112e-01	-3.339401e-01
1.402368e-01	-3.323420e-01
1.402624e-01	-3.308893e-01
1.402880e-01	-3.291763e-01
1.403136e-01	-3.274176e-01
1.403392e-01	-3.256872e-01
1.403648e-01	-3.237714e-01
1.403904e-01	-3.218634e-01
1.404160e-01	-3.198387e-01
1.404416e-01	-3.177358e-01
1.404672e-01	-3.155942e-01
1.404928e-01	-3.134352e-01
1.405184e-01	-3.110989e-01
1.405440e-01	-3.086815e-01
1.405696e-01	-3.061756e-01
1.405952e-01	-3.037597e-01
1.406208e-01	-3.012125e-01
1.406464e-01	-2.986357e-01
1.406720e-01	-2.959506e-01
1.406976e-01	-2.931581e-01
1.407232e-01	-2.901867e-01
1.407488e-01	-2.874108e-01
1.407744e-01	-2.845012e-01
1.408000e-01	-2.815287e-01
1.408256e-01	-2.783927e-01
1.408512e-01	-2.751979e-01
1.408768e-01	-2.721930e-01
1.409024e-01	-2.688011e-01
1.409280e-01	-2.654935e-01
1.409536e-01	-2.622479e-01
1.409792e-01	-2.588639e-01
1.410048e-01	-2.554385e-01
1.410304e-01	-2.518246e-01
1.410560e-01	-2.482665e-01
1.410816e-01	-2.446799e-01
1.411072e-01	-2.410458e-01
1.411328e-01	-2.372308e-01
1.411584e-01	-2.335085e-01
1.411840e-01	-2.297943e-01
1.412096e-01	-2.257516e-01
1.412352e-01	-2.218444e-01
1.412608e-01	-2.180496e-01
1.412864e-01	-2.138689e-01
1.413120e-01	-2.098443e-01
1.413376e-01	-2.058433e-01
1.413632e-01	-2.017474e-01
1.413888e-01	-1.975491e-01
1.414144e-01	-1.933165e-01
1.414400e-01	-1.891203e-01
1.414656e-01	-1.848225e-01
1.414912e-01	-1.805093e-01
1.415168e-01	-1.762153e-01
1.415424e-01	-1.717760e-01
1.415680e-01	-1.673763e-01
1.415936e-01	-1.629632e-01
1.416192e-01	-1.585221e-01
1.416448e-01	-1.540657e-01
1.416704e-01	-1.495234e-01
1.416960e-01	-1.449385e-01
1.417216e-01	-1.403586e-01
1.417472e-01	-1.357811e-01
1.417728e-01	-1.312469e-01
1.417984e-01	-1.265720e-01
1.418240e-01	-1.218947e-01
1.418496e-01	-1.171922e-01
1.418752e-01	-1.124618e-01
1.419008e-01	-1.078624e-01
1.419264e-01	-1.030301e-01
1.419520e-01	-9.825704e-02
1.419776e-01	-9.360966e-02
1.420032e-01	-8.872271e-02
1.420288e-01	-8.399201e-02
1.420544e-01	-7.935365e-02
1.420800e-01	-7.442404e-02
1.421056e-01	-6.964242e-02
1.421312e-01	-6.486036e-02
1.421568e-01	-6.002795e-02
1.421824e-01	-5.526911e-02
1.422080e-01	-5.036988e-02
1.422336e-01	-4.560091e-02
1.422592e-01	-4.075148e-02
1.422848e-01	-3.601156e-02
1.423104e-01	-3.120610e-02
1.423360e-01	-2.645756e-02
1.423616e-01	-2.159628e-02
1.423872e-01	-1.683890e-02
1.424128e-01	-1.198404e-02
1.424384e-01	-7.080618e-03
1.424640e-01	-2.504090e-03
1.424896e-01	2.309941e-03
1.425152e-01	7.019360e-03
1.425408e-01	1.178423e-02
1.425664e-01	1.643775e-02
1.425920e-01	2.109586e-02
1.426176e-01	2.585264e-02
1.426432e-01	3.047414e-02
1.426688e-01	3.506883e-02
1.426944e-01	3.961397e-02
1.427200e-01	4.424411e-02
1.427456e-01	4.882678e-02
1.427712e-01	5.344634e-02
1.427968e-01	5.783027e-02
1.428224e-01	6.233560e-02
1.428480e-01	6.681971e-02
1.428736e-01	7.114541e-02
1.428992e-01	7.551296e-02
1.429248e-01	7.993149e-02
1.429504e-01	8.436050e-02
1.429760e-01	8.847938e-02
1.430016e-01	9.280565e-02
1.430272e-01	9.704623e-02
1.430528e-01	1.010607e-01
1.430784e-01	1.052546e-01
1.431040e-01	1.093260e-01
1.431296e-01	1.134459e-01
1.431552e-01	1.173606e-01
1.431808e-01	1.212657e-01
1.432064e-01	1.253833e-01
1.432320e-01	1.292584e-01
1.432576e-01	1.330561e-01
1.432832e-01	1.368191e-01
1.433088e-01	1.404741e-01
1.433344e-01	1.442440e-01
1.433600e-01	1.478674e-01
1.433856e-01	1.514838e-01
1.434112e-01	1.548952e-01
1.434368e-01	1.583804e-01
1.434624e-01	1.618382e-01
1.434880e-01	1.652064e-01
1.435136e-01	1.686523e-01
1.435392e-01	1.717221e-01
1.435648e-01	1.749250e-01
1.435904e-01	1.782679e-01
1.436160e-01	1.812753e-01
1.436416e-01	1.842568e-01
1.436672e-01	1.873100e-01
1.436928e-01	1.901912e-01
1.437184e-01	1.929232e-01
1.437440e-01	1.957643e-01
1.437696e-01	1.983267e-01
1.437952e-01	2.011135e-01
1.438208e-01	2.035965e-01
1.438464e-01	2.061264e-01
1.438720e-01	2.086257e-01
1.438976e-01	2.109816e-01
1.439232e-01	2.133946e-01
1.439488e-01	2.155997e-01
1.439744e-01	2.177456e-01
1.440000e-01	2.199497e-01
1.440256e-01	2.218450e-01
1.440512e-01	2.239137e-01
1.440768e-01	2.259499e-01
1.441024e-01	2.275619e-01
1.441280e-01	2.293744e-01
1.441536e-01	2.311054e-01
1.441792e-01	2.327391e-01
1.442048e-01	2.342179e-01
1.442304e-01	2.355412e-01
1.442560e-01	2.370156e-01
1.442816e-01	2.382796e-01
1.443072e-01	2.395934e-01
1.443328e-01	2.408128e-01
1.443584e-01	2.418316e-01
1.443840e-01	2.428088e-01
1.444096e-01	2.437749e-01
1.444352e-01	2.447373e-01
1.444608e-01	2.454370e-01
1.444864e-01	2.460008e-01
1.445120e-01	2.467838e-01
1.445376e-01	2.473163e-01
1.445632e-01	2.478443e-01
1.445888e-01	2.482210e-01
1.446144e-01	2.485514e-01
1.446400e-01	2.487468e-01
1.446656e-01	2.488749e-01
1.446912e-01	2.489401e-01
1.447168e-01	2.490252e-01
1.447424e-01	2.490295e-01
1.447680e-01	2.488128e-01
1.447936e-01	2.487305e-01
1.448192e-01	2.483638e-01
1.448448e-01	2.479859e-01
1.448704e-01	2.476222e-01
1.448960e-01	2.469899e-01
1.449216e-01	2.463572e-01
1.449472e-01	2.456626e-01
1.449728e-01	2.449175e-01
1.449984e-01	2.441220e-01
1.450240e-01	2.432389e-01
1.450496e-01	2.421568e-01
1.450752e-01	2.411458e-01
1.451008e-01	2.398081e-01
1.451264e-01	2.388087e-01
1.451520e-01	2.375129e-01
1.451776e-01	2.360704e-01
1.452032e-01	2.347317e-01
1.452288e-01	2.332060e-01
1.452544e-01	2.315987e-01
1.452800e-01	2.298907e-01
1.453056e-01	2.282452e-01
1.453312e-01	2.264810e-01
1.453568e-01	2.245210e-01
1.453824e-01	2.225150e-01
1.454080e-01	2.206024e-01
1.454336e-01	2.185342e-01
1.454592e-01	2.162410e-01
1.454848e-01	2.140989e-01
1.455104e-01	2.118025e-01
1.455360e-01	2.094696e-01
1.455616e-01	2.070566e-01
1.455872e-01	2.045237e-01
1.456128e-01	2.019264e-01
1.456384e-01	1.993177e-01
1.456640e-01	1.966498e-01
1.456896e-01	1.938993e-01
1.457152e-01	1.910680e-01
1.457408e-01	1.882746e-01
1.457664e-01	1.852705e-01
1.457920e-01	1.821772e-01
1.458176e-01	1.792249e-01
1.458432e-01	1.761054e-01
1.458688e-01	1.729158e-01
1.458944e-01	1.696744e-01
1.459200e-01	1.663657e-01
1.459456e-01	1.630720e-01
1.459712e-01	1.595878e-01
1.459968e-01	1.561165e-01
1.460224e-01	1.526493e-01
1.460480e-01	1.490021e-01
1.460736e-01	1.454393e-01
1.460992e-01	1.418505e-01
1.461248e-01	1.379901e-01
1.461504e-01	1.343495e-01
1.461760e-01	1.304526e-01
1.462016e-01	1.266199e-01
1.462272e-01	1.226383e-01
1.462528e-01	1.187606e-01
1.462784e-01	1.148583e-01
1.463040e-01	1.107147e-01
1.463296e-01	1.066664e-01
1.463552e-01	1.025139e-01
1.463808e-01	9.832291e-02
1.464064e-01	9.409609e-02
1.464320e-01	8.997849e-02
1.464576e-01	8.566946e-02
1.464832e-01	8.128220e-02
1.465088e-01	7.709181e-02
1.465344e-01	7.266536e-02
1.465600e-01	6.829275e-02
1.465856e-01	6.371569e-02
1.466112e-01	5.937954e-02
1.466368e-01	5.490682e-02
1.466624e-01	5.032399e-02
1.466880e-01	4.587414e-02
1.467136e-01	4.126514e-02
1.467392e-01	3.666171e-02
1.467648e-01	3.205071e-02
1.467904e-01	2.735987e-02
1.468160e-01	2.268171e-02
1.468416e-01	1.804214e-02
1.468672e-01	1.337125e-02
1.468928e-01	8.625656e-03
1.469184e-01	3.870322e-03
1.469440e-01	-8.370521e-04
1.469696e-01	-5.531077e-03
1.469952e-01	-1.025746e-02
1.470208e-01	-1.510427e-02
1.470464e-01	-1.985386e-02
1.470720e-01	-2.462308e-02
1.470976e-01	-2.954663e-02
1.471232e-01	-3.420309e-02
1.471488e-01	-3.913081e-02
1.471744e-01	-4.385263e-02
1.472000e-01	-4.860005e-02
1.472256e-01	-5.357593e-02
1.472512e-01	-5.821009e-02
1.472768e-01	-6.310866e-02
1.473024e-01	-6.790679e-02
1.473280e-01	-7.269004e-02
1.473536e-01	-7.760359e-02
1.473792e-01	-8.221864e-02
1.474048e-01	-8.702465e-02
1.474304e-01	-9.194262e-02
1.474560e-01	-9.668693e-02
1.474816e-01	-1.013426e-01
1.475072e-01	-1.060044e-01
1.475328e-01	-1.108466e-01
1.475584e-01	-1.154401e-01
1.475840e-01	-1.200493e-01
1.476096e-01	-1.249129e-01
1.476352e-01	-1.293494e-01
1.476608e-01	-1.341144e-01
1.476864e-01	-1.387573e-01
1.477120e-01	-1.432685e-01
1.477376e-01	-1.478389e-01
1.477632e-01	-1.522898e-01
1.477888e-01	-1.568831e-01
1.478144e-01	-1.614116e-01
1.478400e-01	-1.657056e-01
1.478656e-01	-1.701659e-01
1.478912e-01	-1.746389e-01
1.479168e-01	-1.788928e-01
1.479424e-01	-1.832837e-01
1.479680e-01	-1.874538e-01
1.479936e-01	-1.917500e-01
1.480192e-01	-1.960352e-01
1.480448e-01	-2.001721e-01
1.480704e-01	-2.043839e-01
1.480960e-01	-2.084006e-01
1.481216e-01	-2.124668e-01
1.481472e-01	-2.164568e-01
1.481728e-01	-2.204754e-01
1.481984e-01	-2.243878e-01
1.482240e-01	-2.282776e-01
1.482496e-01	-2.319913e-01
1.482752e-01	-2.358755e-01
1.483008e-01	-2.395071e-01
1.483264e-01	-2.433181e-01
1.483520e-01	-2.469755e-01
1.483776e-01	-2.504544e-01
1.484032e-01	-2.542041e-01
1.484288e-01	-2.574938e-01
1.484544e-01	-2.609949e-01
1.484800e-01	-2.643515e-01
1.485056e-01	-2.676142e-01
1.485312e-01	-2.709789e-01
1.485568e-01	-2.741159e-01
1.485824e-01	-2.772443e-01
1.486080e-01	-2.803461e-01
1.486336e-01	-2.834534e-01
1.486592e-01	-2.862505e-01
1.486848e-01	-2.892708e-01
1.487104e-01	-2.921131e-01
1.487360e-01	-2.948248e-01
1.487616e-01	-2.975844e-01
1.487872e-01	-3.001989e-01
1.488128e-01	-3.027005e-01
1.488384e-01	-3.053104e-01
1.488640e-01	-3.077569e-01
1.488896e-01	-3.101417e-01
1.489152e-01	-3.124995e-01
1.489408e-01	-3.146933e-01
1.489664e-01	-3.169200e-01
1.489920e-01	-3.190133e-01
1.490176e-01	-3.210745e-01
1.490432e-01	-3.230496e-01
1.490688e-01	-3.249051e-01
1.490944e-01	-3.268248e-01
1.491200e-01	-3.284976e-01
1.491456e-01	-3.301974e-01
1.491712e-01	-3.318440e-01
1.491968e-01	-3.334467e-01
1.492224e-01	-3.348049e-01
1.492480e-01	-3.361684e-01
1.492736e-01	-3.376653e-01
1.492992e-01	-3.388360e-01
1.493248e-01	-3.399601e-01
1.493504e-01	-3.410763e-01
1.493760e-01	-3.420980e-01
1.494016e-01	-3.431280e-01
1.494272e-01	-3.439235e-01
1.494528e-01	-3.447263e-01
1.494784e-01	-3.454389e-01
1.495040e-01	-3.461263e-01
1.495296e-01	-3.466138e-01
1.495552e-01	-3.470846e-01
1.495808e-01	-3.474292e-01
1.496064e-01	-3.478413e-01
1.496320e-01	-3.481942e-01
1.496576e-01	-3.482007e-01
1.496832e-01	-3.483802e-01
1.497088e-01	-3.483158e-01
1.497344e-01	-3.482547e-01
1.497600e-01	-3.482101e-01
1.497856e-01	-3.479382e-01
1.498112e-01	-3.476529e-01
1.498368e-01	-3.472279e-01
1.498624e-01	-3.468852e-01
1.498880e-01	-3.462653e-01
1.499136e-01	-3.458083e-01
1.499392e-01	-3.451462e-01
1.499648e-01	-3.442932e-01
1.499904e-01	-3.435376e-01
1.500160e-01	-3.425227e-01
1.500416e-01	-3.416500e-01
1.500672e-01	-3.405185e-01
1.500928e-01	-3.393936e-01
1.501184e-01	-3.382505e-01
1.501440e-01	-3.368815e-01
1.501696e-01	-3.356052e-01
1.501952e-01	-3.341456e-01
1.502208e-01	-3.327357e-01
1.502464e-01	-3.309312e-01
1.502720e-01	-3.293856e-01
1.502976e-01	-3.276829e-01
1.503232e-01	-3.258908e-01
1.503488e-01	-3.240596e-01
1.503744e-01	-3.221267e-01
1.504000e-01	-3.201139e-01
1.504256e-01	-3.179297e-01
1.504512e-01	-3.159059e-01
1.504768e-01	-3.135993e-01
1.505024e-01	-3.113104e-01
1.505280e-01	-3.090922e-01
1.505536e-01	-3.065248e-01
1.505792e-01	-3.040913e-01
1.506048e-01	-3.015783e-01
1.506304e-01	-2.988205e-01
1.506560e-01	-2.961428e-01
1.506816e-01	-2.934747e-01
1.507072e-01	-2.906570e-01
1.507328e-01	-2.877527e-01
1.507584e-01	-2.847847e-01
1.507840e-01	-2.818251e-01
1.508096e-01	-2.788333e-01
1.508352e-01	-2.756552e-01
1.508608e-01	-2.724544e-01
1.508864e-01	-2.693021e-01
1.509120e-01	-2.658897e-01
1.509376e-01	-2.626220e-01
1.509632e-01	-2.591962e-01
1.509888e-01	-2.558707e-01
1.510144e-01	-2.523059e-01
1.510400e-01	-2.486271e-01
1.510656e-01	-2.451365e-01
1.510912e-01	-2.415054e-01
1.511168e-01	-2.377359e-01
1.511424e-01	-2.338547e-01
1.511680e-01	-2.301021e-01
1.511936e-01	-2.262911e-01
1.512192e-01	-2.224110e-01
1.512448e-01	-2.184182e-01
1.512704e-01	-2.143535e-01
1.512960e-01	-2.104806e-01
1.513216e-01	-2.062675e-01
1.513472e-01	-2.021657e-01
1.513728e-01	-1.980587e-01
1.513984e-01	-1.936489e-01
1.514240e-01	-1.895741e-01
1.514496e-01	-1.853267e-01
1.514752e-01	-1.809459e-01
1.515008e-01	-1.766095e-01
1.515264e-01	-1.722839e-01
1.515520e-01	-1.677957e-01
1.515776e-01	-1.634009e-01
1.516032e-01	-1.590544e-01
1.516288e-01	-1.543920e-01
1.516544e-01	-1.500445e-01
1.516800e-01	-1.454537e-01
1.517056e-01	-1.408484e-01
1.517312e-01	-1.362255e-01
1.517568e-01	-1.316383e-01
1.517824e-01	-1.270452e-01
1.518080e-01	-1.223244e-01
1.518336e-01	-1.177191e-01
1.518592e-01	-1.129700e-01
1.518848e-01	-1.082614e-01
1.519104e-01	-1.035407e-01
1.519360e-01	-9.869883e-02
1.519616e-01	-9.398025e-02
1.519872e-01	-8.923238e-02
1.520128e-01	-8.453687e-02
1.520384e-01	-7.971460e-02
1.520640e-01	-7.482799e-02
1.520896e-01	-7.009111e-02
1.521152e-01	-6.534211e-02
1.521408e-01	-6.037626e-02
1.521664e-01	-5.567415e-02
1.521920e-01	-5.082342e-02
1.522176e-01	-4.610619e-02
1.522432e-01	-4.129190e-02
1.522688e-01	-3.639992e-02
1.522944e-01	-3.163379e-02
1.523200e-01	-2.672314e-02
1.523456e-01	-2.202236e-02
1.523712e-01	-1.733076e-02
1.523968e-01	-1.243247e-02
1.524224e-01	-7.753405e-03
1.524480e-01	-2.874432e-03
1.524736e-01	1.866924e-03
1.524992e-01	6.512708e-03
1.525248e-01	1.122137e-02
1.525504e-01	1.596604e-02
1.525760e-01	2.068537e-02
1.526016e-01	2.530441e-02
1.526272e-01	3.000035e-02
1.526528e-01	3.449303e-02
1.526784e-01	3.924850e-02
1.527040e-01	4.382311e-02
1.527296e-01	4.833940e-02
1.527552e-01	5.282179e-02
1.527808e-01	5.727470e-02
1.528064e-01	6.192989e-02
1.528320e-01	6.621266e-02
1.528576e-01	7.083455e-02
1.528832e-01	7.521308e-02
1.529088e-01	7.945315e-02
1.529344e-01	8.378561e-02
1.529600e-01	8.802640e-02
1.529856e-01	9.238247e-02
1.530112e-01	9.647577e-02
1.530368e-01	1.006833e-01
1.530624e-01	1.049321e-01
1.530880e-01	1.088798e-01
1.531136e-01	1.130879e-01
1.531392e-01	1.171324e-01
1.531648e-01	1.210931e-01
1.531904e-01	1.248854e-01
1.532160e-01	1.288017e-01
1.532416e-01	1.327231e-01
1.532672e-01	1.363527e-01
1.532928e-01	1.401392e-01
1.533184e-01	1.437943e-01
1.533440e-01	1.474850e-01
1.533696e-01	1.510626e-01
1.533952e-01	1.545936e-01
1.534208e-01	1.581382e-01
1.534464e-01	1.614973e-01
1.534720e-01	1.648798e-01
1.534976e-01	1.681927e-01
1.535232e-01	1.714622e-01
1.535488e-01	1.746276e-01
1.535744e-01	1.779078e-01
1.536000e-01	1.809327e-01
1.536256e-01	1.839982e-01
1.536512e-01	1.869804e-01
1.536768e-01	1.898371e-01
1.537024e-01	1.926193e-01
1.537280e-01	1.955274e-01
1.537536e-01	1.981871e-01
1.537792e-01	2.008772e-01
1.538048e-01	2.034705e-01
1.538304e-01	2.060137e-01
1.538560e-01	2.084867e-01
1.538816e-01	2.107356e-01
1.539072e-01	2.132210e-01
1.539328e-01	2.154099e-01
1.539584e-01	2.175533e-01
1.539840e-01	2.196434e-01
1.540096e-01	2.216274e-01
1.540352e-01	2.238314e-01
1.540608e-01	2.255247e-01
1.540864e-01	2.274110e-01
1.541120e-01	2.292072e-01
1.541376e-01	2.309236e-01
1.541632e-01	2.325858e-01
1.541888e-01	2.340270e-01
1.542144e-01	2.356378e-01
1.542400e-01	2.369472e-01
1.542656e-01	2.382716e-01
1.542912e-01	2.395117e-01
1.543168e-01	2.405441e-01
1.543424e-01	2.417262e-01
1.543680e-01	2.428152e-01
1.543936e-01	2.437001e-01
1.544192e-01	2.444956e-01
1.544448e-01	2.453171e-01
1.544704e-01	2.460419e-01
1.544960e-01	2.466918e-01
1.545216e-01	2.472381e-01
1.545472e-01	2.477973e-01
1.545728e-01	2.481277e-01
1.545984e-01	2.484260e-01
1.546240e-01	2.487500e-01
1.546496e-01	2.488331e-01
1.546752e-01	2.489848e-01
1.547008e-01	2.491959e-01
1.547264e-01	2.490518e-01
1.547520e-01	2.488871e-01
1.547776e-01	2.486582e-01
1.548032e-01	2.484006e-01
1.548288e-01	2.480255e-01
1.548544e-01	2.475399e-01
1.548800e-01	2.469187e-01
1.549056e-01	2.463764e-01
1.549312e-01	2.457779e-01
1.549568e-01	2.449704e-01
1.549824e-01	2.440856e-01
1.550080e-01	2.433275e-01
1.550336e-01	2.422622e-01
1.550592e-01	2.412128e-01
1.550848e-01	2.401180e-01
1.551104e-01	2.389080e-01
1.551360e-01	2.376365e-01
1.551616e-01	2.362144e-01
1.551872e-01	2.348269e-01
1.552128e-01	2.332761e-01
1.552384e-01	2.317043e-01
1.552640e-01	2.302120e-01
1.552896e-01	2.283966e-01
1.553152e-01	2.265155e-01
1.553408e-01	2.247100e-01
1.553664e-01	2.228612e-01
1.553920e-01	2.208777e-01
1.554176e-01	2.186321e-01
1.554432e-01	2.165421e-01
1.554688e-01	2.143676e-01
1.554944e-01	2.118619e-01
1.555200e-01	2.097428e-01
1.555456e-01	2.073723e-01
1.555712e-01	2.047219e-01
1.555968e-01	2.022072e-01
1.556224e-01	1.997133e-01
1.556480e-01	1.969788e-01
1.556736e-01	1.942250e-01
1.556992e-01	1.912588e-01
1.557248e-01	1.885901e-01
1.557504e-01	1.856259e-01
1.557760e-01	1.825326e-01
1.558016e-01	1.795576e-01
1.558272e-01	1.764221e-01
1.558528e-01	1.733255e-01
1.558784e-01	1.699861e-01
1.559040e-01	1.668013e-01
1.559296e-01	1.633993e-01
1.559552e-01	1.599546e-01
1.559808e-01	1.565453e-01
1.560064e-01	1.530696e-01
1.560320e-01	1.494527e-01
1.560576e-01	1.458714e-01
1.560832e-01	1.423361e-01
1.561088e-01	1.384293e-01
1.561344e-01	1.347525e-01
1.561600e-01	1.309862e-01
1.561856e-01	1.269895e-01
1.562112e-01	1.229929e-01
1.562368e-01	1.191875e-01
1.562624e-01	1.151554e-01
1.562880e-01	1.110326e-01
1.563136e-01	1.071742e-01
1.563392e-01	1.030144e-01
1.563648e-01	9.883320e-02
1.563904e-01	9.468163e-02
1.564160e-01	9.036562e-02
1.564416e-01	8.615394e-02
1.564672e-01	8.171529e-02
1.564928e-01	7.755006e-02
1.565184e-01	7.315774e-02
1.565440e-01	6.875429e-02
1.565696e-01	6.427857e-02
1.565952e-01	5.985609e-02
1.566208e-01	5.539209e-02
1.566464e-01	5.077786e-02
1.566720e-01	4.631402e-02
1.566976e-01	4.170722e-02
1.567232e-01	3.709716e-02
1.567488e-01	3.251047e-02
1.567744e-01	2.780773e-02
1.568000e-01	2.315016e-02
1.568256e-01	1.858452e-02
1.568512e-01	1.378454e-02
1.568768e-01	9.165147e-03
1.569024e-01	4.409242e-03
1.569280e-01	-2.145228e-04
1.569536e-01	-5.036383e-03
1.569792e-01	-9.971119e-03
1.570048e-01	-1.450115e-02
1.570304e-01	-1.946104e-02
1.570560e-01	-2.415422e-02
1.570816e-01	-2.903483e-02
1.571072e-01	-3.376677e-02
1.571328e-01	-3.856067e-02
1.571584e-01	-4.335856e-02
1.571840e-01	-4.825477e-02
1.572096e-01	-5.301519e-02
1.572352e-01	-5.776995e-02
1.572608e-01	-6.267367e-02
1.572864e-01	-6.734923e-02
1.573120e-01	-7.222770e-02
1.573376e-01	-7.700039e-02
1.573632e-01	-8.187466e-02
1.573888e-01	-8.656231e-02
1.574144e-01	-9.134111e-02
1.574400e-01	-9.620281e-02
1.574656e-01	-1.008183e-01
1.574912e-01	-1.057661e-01
1.575168e-01	-1.102639e-01
1.575424e-01	-1.150559e-01
1.575680e-01	-1.197389e-01
1.575936e-01	-1.242499e-01
1.576192e-01	-1.290173e-01
1.576448e-01	-1.336870e-01
1.576704e-01	-1.382915e-01
1.576960e-01	-1.428428e-01
1.577216e-01	-1.474484e-01
1.577472e-01	-1.519514e-01
1.577728e-01	-1.564155e-01
1.577984e-01	-1.608851e-01
1.578240e-01	-1.653009e-01
1.578496e-01	-1.698244e-01
1.578752e-01	-1.741492e-01
1.579008e-01	-1.785483e-01
1.579264e-01	-1.827909e-01
1.579520e-01	-1.871194e-01
1.579776e-01	-1.913730e-01
1.580032e-01	-1.955118e-01
1.580288e-01	-1.997725e-01
1.580544e-01	-2.038142e-01
1.580800e-01	-2.080440e-01
1.581056e-01	-2.120221e-01
1.581312e-01	-2.159705e-01
1.581568e-01	-2.200835e-01
1.581824e-01	-2.239326e-01
1.582080e-01	-2.279686e-01
1.582336e-01	-2.316836e-01
1.582592e-01	-2.355455e-01
1.582848e-01	-2.392543e-01
1.583104e-01	-2.429057e-01
1.583360e-01	-2.466168e-01
1.583616e-01	-2.501587e-01
1.583872e-01	-2.538116e-01
1.584128e-01	-2.571553e-01
1.584384e-01	-2.606629e-01
1.584640e-01	-2.640456e-01
1.584896e-01	-2.672881e-01
1.585152e-01	-2.706691e-01
1.585408e-01	-2.737788e-01
1.585664e-01	-2.770099e-01
1.585920e-01	-2.800435e-01
1.586176e-01	-2.831669e-01
1.586432e-01	-2.860097e-01
1.586688e-01	-2.889228e-01
1.586944e-01	-2.918488e-01
1.587200e-01	-2.944731e-01
1.587456e-01	-2.972860e-01
1.587712e-01	-2.999569e-01
1.587968e-01	-3.025667e-01
1.588224e-01	-3.050494e-01
1.588480e-01	-3.075887e-01
1.588736e-01	-3.099423e-01
1.588992e-01	-3.122261e-01
1.589248e-01	-3.145562e-01
1.589504e-01	-3.166786e-01
1.589760e-01	-3.188480e-01
1.590016e-01	-3.206845e-01
1.590272e-01	-3.228082e-01
1.590528e-01	-3.247465e-01
1.590784e-01	-3.264897e-01
1.591040e-01	-3.283595e-01
1.591296e-01	-3.299915e-01
1.591552e-01	-3.315976e-01
1.591808e-01	-3.332678e-01
1.592064e-01	-3.345961e-01
1.592320e-01	-3.361253e-01
1.592576e-01	-3.373812e-01
1.592832e-01	-3.386211e-01
1.593088e-01	-3.399626e-01
1.593344e-01	-3.410378e-01
1.593600e-01	-3.419957e-01
1.593856e-01	-3.428735e-01
1.594112e-01	-3.438260e-01
1.594368e-01	-3.445763e-01
1.594624e-01	-3.453367e-01
1.594880e-01	-3.460041e-01
1.595136e-01	-3.465564e-01
1.595392e-01	-3.470189e-01
1.595648e-01	-3.473906e-01
1.595904e-01	-3.477765e-01
1.596160e-01	-3.479334e-01
1.596416e-01	-3.481736e-01
1.596672e-01	-3.483466e-01
1.596928e-01	-3.484038e-01
1.597184e-01	-3.482119e-01
1.597440e-01	-3.481086e-01
1.597696e-01	-3.479213e-01
1.597952e-01	-3.476366e-01
1.598208e-01	-3.473653e-01
1.598464e-01	-3.469524e-01
1.598720e-01	-3.462768e-01
1.598976e-01	-3.456408e-01
1.599232e-01	-3.451988e-01
1.599488e-01	-3.443728e-01
1.599744e-01	-3.434127e-01
1.600000e-01	-3.426279e-01
1.600256e-01	-3.416446e-01
1.600512e-01	-3.407138e-01
1.600768e-01	-3.395647e-01
1.601024e-01	-3.383253e-01
1.601280e-01	-3.370874e-01
1.601536e-01	-3.357668e-01
1.601792e-01	-3.342196e-01
1.602048e-01	-3.328172e-01
1.602304e-01	-3.311765e-01
1.602560e-01	-3.294729e-01
1.602816e-01	-3.278270e-01
1.603072e-01	-3.260603e-01
1.603328e-01	-3.242117e-01
1.603584e-01	-3.221673e-01
1.603840e-01	-3.202187e-01
1.604096e-01	-3.181417e-01
1.604352e-01	-3.159243e-01
1.604608e-01	-3.138385e-01
1.604864e-01	-3.115723e-01
1.605120e-01	-3.091547e-01
1.605376e-01	-3.067508e-01
1.605632e-01	-3.043335e-01
1.605888e-01	-3.017093e-01
1.606144e-01	-2.991584e-01
1.606400e-01	-2.965119e-01
1.606656e-01	-2.936775e-01
1.606912e-01	-2.909049e-01
1.607168e-01	-2.880599e-01
1.607424e-01	-2.850471e-01
1.607680e-01	-2.820696e-01
1.607936e-01	-2.790314e-01
1.608192e-01	-2.759517e-01
1.608448e-01	-2.728758e-01
1.608704e-01	-2.695567e-01
1.608960e-01	-2.663418e-01
1.609216e-01	-2.629244e-01
1.609472e-01	-2.594573e-01
1.609728e-01	-2.561585e-01
1.609984e-01	-2.524647e-01
1.610240e-01	-2.489395e-01
1.610496e-01	-2.453228e-01
1.610752e-01	-2.417813e-01
1.611008e-01	-2.380825e-01
1.611264e-01	-2.341480e-01
1.611520e-01	-2.304242e-01
1.611776e-01	-2.265384e-01
1.612032e-01	-2.226580e-01
1.612288e-01	-2.186695e-01
1.612544e-01	-2.147517e-01
1.612800e-01	-2.107412e-01
1.613056e-01	-2.065879e-01
1.613312e-01	-2.025437e-01
1.613568e-01	-1.982936e-01
1.613824e-01	-1.942970e-01
1.614080e-01	-1.899208e-01
1.614336e-01	-1.856167e-01
1.614592e-01	-1.813894e-01
1.614848e-01	-1.770241e-01
1.615104e-01	-1.726542e-01
1.615360e-01	-1.682090e-01
1.615616e-01	-1.638075e-01
1.615872e-01	-1.593520e-01
1.616128e-01	-1.549404e-01
1.616384e-01	-1.504586e-01
1.616640e-01	-1.457616e-01
1.616896e-01	-1.412222e-01
1.617152e-01	-1.366543e-01
1.617408e-01	-1.320651e-01
1.617664e-01	-1.274538e-01
1.617920e-01	-1.227761e-01
1.618176e-01	-1.180152e-01
1.618432e-01	-1.134283e-01
1.618688e-01	-1.086567e-01
1.618944e-01	-1.038746e-01
1.619200e-01	-9.930250e-02
1.619456e-01	-9.444008e-02
1.619712e-01	-8.957141e-02
1.619968e-01	-8.486908e-02
1.620224e-01	-8.015162e-02
1.620480e-01	-7.529861e-02
1.620736e-01	-7.060544e-02
1.620992e-01	-6.578111e-02
1.621248e-01	-6.094356e-02
1.621504e-01	-5.623492e-02
1.621760e-01	-5.130509e-02
1.622016e-01	-4.656099e-02
1.622272e-01	-4.168083e-02
1.622528e-01	-3.686250e-02
1.622784e-01	-3.205587e-02
1.623040e-01	-2.724927e-02
1.623296e-01	-2.255574e-02
1.623552e-01	-1.767952e-02
1.623808e-01	-1.285543e-02
1.624064e-01	-8.088666e-03
1.624320e-01	-3.428945e-03
1.624576e-01	1.331769e-03
1.624832e-01	6.085212e-03
1.625088e-01	1.076036e-02
1.625344e-01	1.561555e-02
1.625600e-01	2.016245e-02
1.625856e-01	2.491948e-02
1.626112e-01	2.965809e-02
1.626368e-01	3.421154e-02
1.626624e-01	3.874594e-02
1.626880e-01	4.334760e-02
1.627136e-01	4.797585e-02
1.627392e-01	5.240090e-02
1.627648e-01	5.685317e-02
1.627904e-01	6.155100e-02
1.628160e-01	6.588569e-02
1.628416e-01	7.024536e-02
1.628672e-01	7.476835e-02
1.628928e-01	7.908077e-02
1.629184e-01	8.347819e-02
1.629440e-01	8.771627e-02
1.629696e-01	9.197785e-02
1.629952e-01	9.632840e-02
1.630208e-01	1.004226e-01
1.630464e-01	1.044453e-01
1.630720e-01	1.086424e-01
1.630976e-01	1.127334e-01
1.631232e-01	1.166505e-01
1.631488e-01	1.207025e-01
1.631744e-01	1.246491e-01
1.632000e-01	1.284776e-01
1.632256e-01	1.322675e-01
1.632512e-01	1.360819e-01
1.632768e-01	1.398907e-01
1.633024e-01	1.435662e-01
1.633280e-01	1.471243e-01
1.633536e-01	1.508429e-01
1.633792e-01	1.543080e-01
1.634048e-01	1.577560e-01
1.634304e-01	1.611191e-01
1.634560e-01	1.646601e-01
1.634816e-01	1.680249e-01
1.635072e-01	1.711892e-01
1.635328e-01	1.745323e-01
1.635584e-01	1.775363e-01
1.635840e-01	1.807570e-01
1.636096e-01	1.838148e-01
1.636352e-01	1.866421e-01
1.636608e-01	1.897053e-01
1.636864e-01	1.924824e-01
1.637120e-01	1.952701e-01
1.637376e-01	1.978725e-01
1.637632e-01	2.006641e-01
1.637888e-01	2.032400e-01
1.638144e-01	2.055655e-01
1.638400e-01	2.082118e-01
1.638656e-01	2.107168e-01
1.638912e-01	2.129422e-01
1.639168e-01	2.151754e-01
1.639424e-01	2.173550e-01
1.639680e-01	2.194174e-01
1.639936e-01	2.215666e-01
1.640192e-01	2.234549e-01
1.640448e-01	2.253635e-01
1.640704e-01	2.271737e-01
1.640960e-01	2.289651e-01
1.641216e-01	2.308107e-01
1.641472e-01	2.323032e-01
1.641728e-01	2.339082e-01
1.641984e-01	2.353233e-01
1.642240e-01	2.367782e-01
1.642496e-01	2.381818e-01
1.642752e-01	2.394381e-01
1.643008e-01	2.405613e-01
1.643264e-01	2.416128e-01
1.643520e-01	2.427057e-01
1.643776e-01	2.436455e-01
1.644032e-01	2.444737e-01
1.644288e-01	2.453883e-01
1.644544e-01	2.460540e-01
1.644800e-01	2.466198e-01
1.645056e-01	2.471970e-01
1.645312e-01	2.476624e-01
1.645568e-01	2.480972e-01
1.645824e-01	2.484883e-01
1.646080e-01	2.486576e-01
1.646336e-01	2.489342e-01
1.646592e-01	2.490051e-01
1.646848e-01	2.490305e-01
1.647104e-01	2.489973e-01
1.647360e-01	2.487867e-01
1.647616e-01	2.486553e-01
1.647872e-01	2.483514e-01
1.648128e-01	2.480296e-01
1.648384e-01	2.476082e-01
1.648640e-01	2.470497e-01
1.648896e-01	2.464765e-01
1.649152e-01	2.458487e-01
1.649408e-01	2.450264e-01
1.649664e-01	2.442018e-01
1.649920e-01	2.434307e-01
1.650176e-01	2.423734e-01
1.650432e-01	2.413654e-01
1.650688e-01	2.401748e-01
1.650944e-01	2.390005e-01
1.651200e-01	2.377483e-01
1.651456e-01	2.363445e-01
1.651712e-01	2.349232e-01
1.651968e-01	2.333948e-01
1.652224e-01	2.318121e-01
1.652480e-01	2.302178e-01
1.652736e-01	2.285048e-01
1.652992e-01	2.267354e-01
1.653248e-01	2.249188e-01
1.653504e-01	2.229752e-01
1.653760e-01	2.209640e-01
1.654016e-01	2.188875e-01
1.654272e-01	2.166621e-01
1.654528e-01	2.146155e-01
1.654784e-01	2.121498e-01
1.655040e-01	2.099177e-01
1.655296e-01	2.075101e-01
1.655552e-01	2.049399e-01
1.655808e-01	2.024863e-01
1.656064e-01	1.998022e-01
1.656320e-01	1.972488e-01
1.656576e-01	1.945318e-01
1.656832e-01	1.916663e-01
1.657088e-01	1.887644e-01
1.657344e-01	1.859148e-01
1.657600e-01	1.828220e-01
1.657856e-01	1.797573e-01
1.658112e-01	1.767296e-01
1.658368e-01	1.735024e-01
1.658624e-01	1.702442e-01
1.658880e-01	1.669356e-01
1.659136e-01	1.636934e-01
1.659392e-01	1.602664e-01
1.659648e-01	1.568981e-01
1.659904e-01	1.533347e-01
1.660160e-01	1.498064e-01
1.660416e-01	1.462392e-01
1.660672e-01	1.425999e-01
1.660928e-01	1.389752e-01
1.661184e-01	1.350843e-01
1.661440e-01	1.313430e-01
1.661696e-01	1.274445e-01
1.661952e-01	1.234369e-01
1.662208e-01	1.195772e-01
1.662464e-01	1.154755e-01
1.662720e-01	1.115698e-01
1.662976e-01	1.074894e-01
1.663232e-01	1.034403e-01
1.663488e-01	9.928320e-02
1.663744e-01	9.496436e-02
1.664000e-01	9.072731e-02
1.664256e-01	8.658546e-02
1.664512e-01	8.224988e-02
1.664768e-01	7.776228e-02
1.665024e-01	7.354935e-02
1.665280e-01	6.926115e-02
1.665536e-01	6.479615e-02
1.665792e-01	6.024926e-02
1.666048e-01	5.571606e-02
1.666304e-01	5.126736e-02
1.666560e-01	4.675143e-02
1.666816e-01	4.222516e-02
1.667072e-01	3.746299e-02
1.667328e-01	3.297303e-02
1.667584e-01	2.836791e-02
1.667840e-01	2.371307e-02
1.668096e-01	1.893163e-02
1.668352e-01	1.421996e-02
1.668608e-01	9.556735e-03
1.668864e-01	4.826984e-03
1.669120e-01	7.174465e-05
1.669376e-01	-4.725499e-03
1.669632e-01	-9.428238e-03
1.669888e-01	-1.416605e-02
1.670144e-01	-1.894001e-02
1.670400e-01	-2.387170e-02
1.670656e-01	-2.851108e-02
1.670912e-01	-3.325779e-02
1.671168e-01	-3.828607e-02
1.671424e-01	-4.300265e-02
1.671680e-01	-4.777766e-02
1.671936e-01	-5.249764e-02
1.672192e-01	-5.737481e-02
1.672448e-01	-6.208868e-02
1.672704e-01	-6.696450e-02
1.672960e-01	-7.187293e-02
1.673216e-01	-7.659684e-02
1.673472e-01	-8.136129e-02
1.673728e-01	-8.614008e-02
1.673984e-01	-9.091929e-02
1.674240e-01	-9.576086e-02
1.674496e-01	-1.004440e-01
1.674752e-01	-1.052091e-01
1.675008e-01	-1.098898e-01
1.675264e-01	-1.144570e-01
1.675520e-01	-1.192743e-01
1.675776e-01	-1.238758e-01
1.676032e-01	-1.286038e-01
1.676288e-01	-1.332846e-01
1.676544e-01	-1.378184e-01
1.676800e-01	-1.425076e-01
1.677056e-01	-1.469152e-01
1.677312e-01	-1.515046e-01
1.677568e-01	-1.560550e-01
1.677824e-01	-1.605638e-01
1.678080e-01	-1.649343e-01
1.678336e-01	-1.693244e-01
1.678592e-01	-1.737265e-01
1.678848e-01	-1.781407e-01
1.679104e-01	-1.824249e-01
1.679360e-01	-1.866853e-01
1.679616e-01	-1.909918e-01
1.679872e-01	-1.951476e-01
1.680128e-01	-1.993854e-01
1.680384e-01	-2.035399e-01
1.680640e-01	-2.076736e-01
1.680896e-01	-2.116891e-01
1.681152e-01	-2.156665e-01
1.681408e-01	-2.197332e-01
1.681664e-01	-2.235891e-01
1.681920e-01	-2.274562e-01
1.682176e-01	-2.313759e-01
1.682432e-01	-2.351821e-01
1.682688e-01	-2.389649e-01
1.682944e-01	-2.425889e-01
1.683200e-01	-2.461537e-01
1.683456e-01	-2.499161e-01
1.683712e-01	-2.534338e-01
1.683968e-01	-2.569391e-01
1.684224e-01	-2.604205e-01
1.684480e-01	-2.636864e-01
1.684736e-01	-2.670392e-01
1.684992e-01	-2.703322e-01
1.685248e-01	-2.734063e-01
1.685504e-01	-2.765999e-01
1.685760e-01	-2.797240e-01
1.686016e-01	-2.827528e-01
1.686272e-01	-2.857591e-01
1.686528e-01	-2.887135e-01
1.686784e-01	-2.916237e-01
1.687040e-01	-2.943910e-01
1.687296e-01	-2.970052e-01
1.687552e-01	-2.997400e-01
1.687808e-01	-3.023591e-01
1.688064e-01	-3.048089e-01
1.688320e-01	-3.073220e-01
1.688576e-01	-3.098014e-01
1.688832e-01	-3.120547e-01
1.689088e-01	-3.143426e-01
1.689344e-01	-3.165505e-01
1.689600e-01	-3.185897e-01
1.689856e-01	-3.206787e-01
1.690112e-01	-3.226998e-01
1.690368e-01	-3.246028e-01
1.690624e-01	-3.265038e-01
1.690880e-01	-3.282449e-01
1.691136e-01	-3.299267e-01
1.691392e-01	-3.316063e-01
1.691648e-01	-3.331515e-01
1.691904e-01	-3.345469e-01
1.692160e-01	-3.361101e-01
1.692416e-01	-3.372566e-01
1.692672e-01	-3.385667e-01
1.692928e-01	-3.398025e-01
1.693184e-01	-3.408675e-01
1.693440e-01	-3.419213e-01
1.693696e-01	-3.428470e-01
1.693952e-01	-3.438030e-01
1.694208e-01	-3.445413e-01
1.694464e-01	-3.453028e-01
1.694720e-01	-3.459824e-01
1.694976e-01	-3.464678e-01
1.695232e-01	-3.470199e-01
1.695488e-01	-3.474519e-01
1.695744e-01	-3.478566e-01
1.696000e-01	-3.481382e-01
1.696256e-01	-3.483259e-01
1.696512e-01	-3.483142e-01
1.696768e-01	-3.483628e-01
1.697024e-01	-3.483825e-01
1.697280e-01	-3.483410e-01
1.697536e-01	-3.479756e-01
1.697792e-01	-3.478050e-01
1.698048e-01	-3.474709e-01
1.698304e-01	-3.469743e-01
1.698560e-01	-3.464606e-01
1.698816e-01	-3.458945e-01
1.699072e-01	-3.453155e-01
1.699328e-01	-3.444362e-01
1.699584e-01	-3.437572e-01
1.699840e-01	-3.428452e-01
1.700096e-01	-3.418333e-01
1.700352e-01	-3.407152e-01
1.700608e-01	-3.395790e-01
1.700864e-01	-3.384312e-01
1.701120e-01	-3.371637e-01
1.701376e-01	-3.358158e-01
1.701632e-01	-3.344574e-01
1.701888e-01	-3.329875e-01
1.702144e-01	-3.312849e-01
1.702400e-01	-3.297526e-01
1.702656e-01	-3.280469e-01
1.702912e-01	-3.262354e-01
1.703168e-01	-3.243439e-01
1.703424e-01	-3.225658e-01
1.703680e-01	-3.204621e-01
1.703936e-01	-3.183724e-01
1.704192e-01	-3.162182e-01
1.704448e-01	-3.140949e-01
1.704704e-01	-3.118385e-01
1.704960e-01	-3.093817e-01
1.705216e-01	-3.070233e-01
1.705472e-01	-3.045119e-01
1.705728e-01	-3.020217e-01
1.705984e-01	-2.993826e-01
1.706240e-01	-2.967335e-01
1.706496e-01	-2.939391e-01
1.706752e-01	-2.911581e-01
1.707008e-01	-2.883424e-01
1.707264e-01	-2.853066e-01
1.707520e-01	-2.824158e-01
1.707776e-01	-2.793460e-01
1.708032e-01	-2.762185e-01
1.708288e-01	-2.730798e-01
1.708544e-01	-2.698975e-01
1.708800e-01	-2.666116e-01
1.709056e-01	-2.632672e-01
1.709312e-01	-2.599125e-01
1.709568e-01	-2.563430e-01
1.709824e-01	-2.528188e-01
1.710080e-01	-2.492484e-01
1.710336e-01	-2.456444e-01
1.710592e-01	-2.420718e-01
1.710848e-01	-2.383612e-01
1.711104e-01	-2.345495e-01
1.711360e-01	-2.307980e-01
1.711616e-01	-2.270284e-01
1.711872e-01	-2.230273e-01
1.712128e-01	-2.191954e-01
1.712384e-01	-2.150757e-01
1.712640e-01	-2.111507e-01
1.712896e-01	-2.071085e-01
1.713152e-01	-2.029511e-01
1.713408e-01	-1.987543e-01
1.713664e-01	-1.945617e-01
1.713920e-01	-1.904252e-01
1.714176e-01	-1.861878e-01
1.714432e-01	-1.817899e-01
1.714688e-01	-1.774169e-01
1.714944e-01	-1.731721e-01
1.715200e-01	-1.687930e-01
1.715456e-01	-1.643098e-01
1.715712e-01	-1.597621e-01
1.715968e-01	-1.553415e-01
1.716224e-01	-1.507982e-01
1.716480e-01	-1.462503e-01
1.716736e-01	-1.417464e-01
1.716992e-01	-1.370748e-01
1.717248e-01	-1.324503e-01
1.717504e-01	-1.278601e-01
1.717760e-01	-1.232182e-01
1.718016e-01	-1.184857e-01
1.718272e-01	-1.139531e-01
1.718528e-01	-1.092018e-01
1.718784e-01	-1.044914e-01
1.719040e-01	-9.971481e-02
1.719296e-01	-9.493027e-02
1.719552e-01	-9.016190e-02
1.719808e-01	-8.538698e-02
1.720064e-01	-8.071595e-02
1.720320e-01	-7.564755e-02
1.720576e-01	-7.105503e-02
1.720832e-01	-6.625265e-02
1.721088e-01	-6.133011e-02
1.721344e-01	-5.663531e-02
1.721600e-01	-5.176949e-02
1.721856e-01	-4.701630e-02
1.722112e-01	-4.223352e-02
1.722368e-01	-3.741772e-02
1.722624e-01	-3.244027e-02
1.722880e-01	-2.778813e-02
1.723136e-01	-2.308309e-02
1.723392e-01	-1.823509e-02
1.723648e-01	-1.346413e-02
1.723904e-01	-8.674203e-03
1.724160e-01	-3.844484e-03
1.724416e-01	9.095004e-04
1.724672e-01	5.600953e-03
1.724928e-01	1.036472e-02
1.725184e-01	1.499689e-02
1.725440e-01	1.968343e-02
1.725696e-01	2.445985e-02
1.725952e-01	2.902969e-02
1.726208e-01	3.377027e-02
1.726464e-01	3.826498e-02
1.726720e-01	4.277205e-02
1.726976e-01	4.742754e-02
1.727232e-01	5.200877e-02
1.727488e-01	5.657686e-02
1.727744e-01	6.097704e-02
1.728000e-01	6.547011e-02
1.728256e-01	6.995901e-02
1.728512e-01	7.424133e-02
1.728768e-01	7.849845e-02
1.729024e-01	8.302958e-02
1.729280e-01	8.735362e-02
1.729536e-01	9.146280e-02
1.729792e-01	9.568360e-02
1.730048e-01	9.983718e-02
1.730304e-01	1.040834e-01
1.730560e-01	1.081663e-01
1.730816e-01	1.122925e-01
1.731072e-01	1.161841e-01
1.731328e-01	1.200683e-01
1.731584e-01	1.242146e-01
1.731840e-01	1.280138e-01
1.732096e-01	1.319044e-01
1.732352e-01	1.356731e-01
1.732608e-01	1.393954e-01
1.732864e-01	1.432995e-01
1.733120e-01	1.467680e-01
1.733376e-01	1.503737e-01
1.733632e-01	1.539488e-01
1.733888e-01	1.573649e-01
1.734144e-01	1.607771e-01
1.734400e-01	1.642848e-01
1.734656e-01	1.675654e-01
1.734912e-01	1.709242e-01
1.735168e-01	1.741709e-01
1.735424e-01	1.772824e-01
1.735680e-01	1.803193e-01
1.735936e-01	1.833663e-01
1.736192e-01	1.863907e-01
1.736448e-01	1.892757e-01
1.736704e-01	1.921790e-01
1.736960e-01	1.949226e-01
1.737216e-01	1.977059e-01
1.737472e-01	2.003499e-01
1.737728e-01	2.029150e-01
1.737984e-01	2.055694e-01
1.738240e-01	2.078894e-01
1.738496e-01	2.103457e-01
1.738752e-01	2.126307e-01
1.739008e-01	2.148225e-01
1.739264e-01	2.171888e-01
1.739520e-01	2.193318e-01
1.739776e-01	2.213565e-01
1.740032e-01	2.232889e-01
1.740288e-01	2.252688e-01
1.740544e-01	2.271174e-01
1.740800e-01	2.288125e-01
1.741056e-01	2.305917e-01
1.741312e-01	2.322095e-01
1.741568e-01	2.337833e-01
1.741824e-01	2.351934e-01
1.742080e-01	2.366746e-01
1.742336e-01	2.378747e-01
1.742592e-01	2.391714e-01
1.742848e-01	2.404667e-01
1.743104e-01	2.414981e-01
1.743360e-01	2.426097e-01
1.743616e-01	2.434866e-01
1.743872e-01	2.444744e-01
1.744128e-01	2.453279e-01
1.744384e-01	2.459217e-01
1.744640e-01	2.466933e-01
1.744896e-01	2.471833e-01
1.745152e-01	2.477124e-01
1.745408e-01	2.481405e-01
1.745664e-01	2.484177e-01
1.745920e-01	2.486741e-01
1.746176e-01	2.489352e-01
1.746432e-01	2.490928e-01
1.746688e-01	2.490930e-01
1.746944e-01	2.491096e-01
1.747200e-01	2.489066e-01
1.747456e-01	2.486668e-01
1.747712e-01	2.484225e-01
1.747968e-01	2.479919e-01
1.748224e-01	2.477060e-01
1.748480e-01	2.472143e-01
1.748736e-01	2.466090e-01
1.748992e-01	2.458264e-01
1.749248e-01	2.451073e-01
1.749504e-01	2.443617e-01
1.749760e-01	2.433653e-01
1.750016e-01	2.425329e-01
1.750272e-01	2.413087e-01
1.750528e-01	2.402364e-01
1.750784e-01	2.392512e-01
1.751040e-01	2.377690e-01
1.751296e-01	2.364709e-01
1.751552e-01	2.350410e-01
1.751808e-01	2.336403e-01
1.752064e-01	2.320828e-01
1.752320e-01	2.304455e-01
1.752576e-01	2.287666e-01
1.752832e-01	2.269341e-01
1.753088e-01	2.250866e-01
1.753344e-01	2.231217e-01
1.753600e-01	2.212174e-01
1.753856e-01	2.192048e-01
1.754112e-01	2.169536e-01
1.754368e-01	2.147544e-01
1.754624e-01	2.125100e-01
1.754880e-01	2.100875e-01
1.755136e-01	2.076261e-01
1.755392e-01	2.053009e-01
1.755648e-01	2.025949e-01
1.755904e-01	2.001864e-01
1.756160e-01	1.974356e-01
1.756416e-01	1.947087e-01
1.756672e-01	1.919704e-01
1.756928e-01	1.890149e-01
1.757184e-01	1.861695e-01
1.757440e-01	1.830413e-01
1.757696e-01	1.801541e-01
1.757952e-01	1.769636e-01
1.758208e-01	1.739010e-01
1.758464e-01	1.707205e-01
1.758720e-01	1.673076e-01
1.758976e-01	1.639301e-01
1.759232e-01	1.605950e-01
1.759488e-01	1.572971e-01
1.759744e-01	1.536107e-01
1.760000e-01	1.502270e-01
1.760256e-01	1.464927e-01
1.760512e-01	1.428766e-01
1.760768e-01	1.393724e-01
1.761024e-01	1.353883e-01
1.761280e-01	1.315828e-01
1.761536e-01	1.279038e-01
1.761792e-01	1.238212e-01
1.762048e-01	1.199475e-01
1.762304e-01	1.159535e-01
1.762560e-01	1.118255e-01
1.762816e-01	1.079747e-01
1.763072e-01	1.037820e-01
1.763328e-01	9.958999e-02
1.763584e-01	9.538982e-02
1.763840e-01	9.118146e-02
1.764096e-01	8.702455e-02
1.764352e-01	8.262764e-02
1.764608e-01	7.841349e-02
1.764864e-01	7.392608e-02
1.765120e-01	6.943970e-02
1.765376e-01	6.508123e-02
1.765632e-01	6.071344e-02
1.765888e-01	5.616703e-02
1.766144e-01	5.163978e-02
1.766400e-01	4.705184e-02
1.766656e-01	4.246005e-02
1.766912e-01	3.800890e-02
1.767168e-01	3.343416e-02
1.767424e-01	2.872627e-02
1.767680e-01	2.407757e-02
1.767936e-01	1.944779e-02
1.768192e-01	1.474253e-02
1.768448e-01	1.003619e-02
1.768704e-01	5.312327e-03
1.768960e-01	6.103318e-04
1.769216e-01	-4.038393e-03
1.769472e-01	-9.058681e-03
1.769728e-01	-1.371216e-02
1.769984e-01	-1.840836e-02
1.770240e-01	-2.344467e-02
1.770496e-01	-2.806658e-02
1.770752e-01	-3.287989e-02
1.771008e-01	-3.772833e-02
1.771264e-01	-4.244360e-02
1.771520e-01	-4.726034e-02
1.771776e-01	-5.211812e-02
1.772032e-01	-5.694127e-02
1.772288e-01	-6.162547e-02
1.772544e-01	-6.644703e-02
1.772800e-01	-7.129229e-02
1.773056e-01	-7.619003e-02
1.773312e-01	-8.084145e-02
1.773568e-01	-8.563194e-02
1.773824e-01	-9.036031e-02
1.774080e-01	-9.521592e-02
1.774336e-01	-9.993605e-02
1.774592e-01	-1.046643e-01
1.774848e-01	-1.095196e-01
1.775104e-01	-1.141360e-01
1.775360e-01	-1.187693e-01
1.775616e-01	-1.234116e-01
1.775872e-01	-1.281348e-01
1.776128e-01	-1.327770e-01
1.776384e-01	-1.373448e-01
1.776640e-01	-1.418986e-01
1.776896e-01	-1.463977e-01
1.777152e-01	-1.510593e-01
1.777408e-01	-1.555939e-01
1.777664e-01	-1.600310e-01
1.777920e-01	-1.643928e-01
1.778176e-01	-1.688790e-01
1.778432e-01	-1.733428e-01
1.778688e-01	-1.775827e-01
1.778944e-01	-1.819984e-01
1.779200e-01	-1.863023e-01
1.779456e-01	-1.905036e-01
1.779712e-01	-1.948141e-01
1.779968e-01	-1.988884e-01
1.780224e-01	-2.031459e-01
1.780480e-01	-2.072353e-01
1.780736e-01	-2.114088e-01
1.780992e-01	-2.153947e-01
1.781248e-01	-2.192325e-01
1.781504e-01	-2.233404e-01
1.781760e-01	-2.271750e-01
1.782016e-01	-2.308653e-01
1.782272e-01	-2.348403e-01
1.782528e-01	-2.385214e-01
1.782784e-01	-2.421854e-01
1.783040e-01	-2.457869e-01
1.783296e-01	-2.494287e-01
1.783552e-01	-2.530310e-01
1.783808e-01	-2.564250e-01
1.784064e-01	-2.599866e-01
1.784320e-01	-2.633800e-01
1.784576e-01	-2.666616e-01
1.784832e-01	-2.699293e-01
1.785088e-01	-2.732004e-01
1.785344e-01	-2.763343e-01
1.785600e-01	-2.794951e-01
1.785856e-01	-2.824875e-01
1.786112e-01	-2.855165e-01
1.786368e-01	-2.884728e-01
1.786624e-01	-2.912469e-01
1.786880e-01	-2.940729e-01
1.787136e-01	-2.968588e-01
1.787392e-01	-2.994418e-01
1.787648e-01	-3.019813e-01
1.787904e-01	-3.045668e-01
1.788160e-01	-3.070552e-01
1.788416e-01	-3.095985e-01
1.788672e-01	-3.117232e-01
1.788928e-01	-3.140997e-01
1.789184e-01	-3.163385e-01
1.789440e-01	-3.183749e-01
1.789696e-01	-3.203818e-01
1.789952e-01	-3.225031e-01
1.790208e-01	-3.243564e-01
1.790464e-01	-3.261934e-01
1.790720e-01	-3.280863e-01
1.790976e-01	-3.295782e-01
1.791232e-01	-3.313116e-01
1.791488e-01	-3.329031e-01
1.791744e-01	-3.344184e-01
1.792000e-01	-3.358889e-01
1.792256e-01	-3.371453e-01
1.792512e-01	-3.384409e-01
1.792768e-01	-3.397084e-01
1.793024e-01	-3.406214e-01
1.793280e-01	-3.416972e-01
1.793536e-01	-3.427127e-01
1.793792e-01	-3.436055e-01
1.794048e-01	-3.445248e-01
1.794304e-01	-3.450412e-01
1.794560e-01	-3.458511e-01
1.794816e-01	-3.463668e-01
1.795072e-01	-3.468558e-01
1.795328e-01	-3.473477e-01
1.795584e-01	-3.476395e-01
1.795840e-01	-3.479047e-01
1.796096e-01	-3.482711e-01
1.796352e-01	-3.482738e-01
1.796608e-01	-3.483415e-01
1.796864e-01	-3.483074e-01
1.797120e-01	-3.480894e-01
1.797376e-01	-3.479111e-01
1.797632e-01	-3.476321e-01
1.797888e-01	-3.474214e-01
1.798144e-01	-3.470208e-01
1.798400e-01	-3.464130e-01
1.798656e-01	-3.458561e-01
1.798912e-01	-3.452708e-01
1.799168e-01	-3.445151e-01
1.799424e-01	-3.436680e-01
1.799680e-01	-3.428126e-01
1.799936e-01	-3.418742e-01
1.800192e-01	-3.408475e-01
1.800448e-01	-3.396191e-01
1.800704e-01	-3.385095e-01
1.800960e-01	-3.372967e-01
1.801216e-01	-3.358295e-01
1.801472e-01	-3.344861e-01
1.801728e-01	-3.330536e-01
1.801984e-01	-3.313362e-01
1.802240e-01	-3.299245e-01
1.802496e-01	-3.280788e-01
1.802752e-01	-3.263672e-01
1.803008e-01	-3.245835e-01
1.803264e-01	-3.225439e-01
1.803520e-01	-3.206576e-01
1.803776e-01	-3.184723e-01
1.804032e-01	-3.164638e-01
1.804288e-01	-3.142826e-01
1.804544e-01	-3.119485e-01
1.804800e-01	-3.097094e-01
1.805056e-01	-3.072346e-01
1.805312e-01	-3.047971e-01
1.805568e-01	-3.021233e-01
1.805824e-01	-2.996167e-01
1.806080e-01	-2.969878e-01
1.806336e-01	-2.942407e-01
1.806592e-01	-2.914248e-01
1.806848e-01	-2.884977e-01
1.807104e-01	-2.856666e-01
1.807360e-01	-2.826861e-01
1.807616e-01	-2.796058e-01
1.807872e-01	-2.765429e-01
1.808128e-01	-2.732991e-01
1.808384e-01	-2.701669e-01
1.808640e-01	-2.669006e-01
1.808896e-01	-2.634955e-01
1.809152e-01	-2.599659e-01
1.809408e-01	-2.567615e-01
1.809664e-01	-2.531494e-01
1.809920e-01	-2.496167e-01
1.810176e-01	-2.460451e-01
1.810432e-01	-2.423312e-01
1.810688e-01	-2.388169e-01
1.810944e-01	-2.349112e-01
1.811200e-01	-2.311205e-01
1.811456e-01	-2.273301e-01
1.811712e-01	-2.233428e-01
1.811968e-01	-2.194680e-01
1.812224e-01	-2.155225e-01
1.812480e-01	-2.115006e-01
1.812736e-01	-2.074026e-01
1.812992e-01	-2.033595e-01
1.813248e-01	-1.991891e-01
1.813504e-01	-1.949537e-01
1.813760e-01	-1.906857e-01
1.814016e-01	-1.865797e-01
1.814272e-01	-1.821857e-01
1.814528e-01	-1.778005e-01
1.814784e-01	-1.734764e-01
1.815040e-01	-1.690108e-01
1.815296e-01	-1.645775e-01
1.815552e-01	-1.601247e-01
1.815808e-01	-1.557491e-01
1.816064e-01	-1.512920e-01
1.816320e-01	-1.466679e-01
1.816576e-01	-1.421337e-01
1.816832e-01	-1.375159e-01
1.817088e-01	-1.328371e-01
1.817344e-01	-1.281966e-01
1.817600e-01	-1.236994e-01
1.817856e-01	-1.189956e-01
1.818112e-01	-1.142761e-01
1.818368e-01	-1.095612e-01
1.818624e-01	-1.048891e-01
1.818880e-01	-1.000499e-01
1.819136e-01	-9.530064e-02
1.819392e-01	-9.072229e-02
1.819648e-01	-8.575705e-02
1.819904e-01	-8.101684e-02
1.820160e-01	-7.632843e-02
1.820416e-01	-7.138284e-02
1.820672e-01	-6.657758e-02
1.820928e-01	-6.177178e-02
1.821184e-01	-5.711062e-02
1.821440e-01	-5.206572e-02
1.821696e-01	-4.727508e-02
1.821952e-01	-4.264346e-02
1.822208e-01	-3.779007e-02
1.822464e-01	-3.290137e-02
1.822720e-01	-2.820406e-02
1.822976e-01	-2.337443e-02
1.823232e-01	-1.853593e-02
1.823488e-01	-1.382965e-02
1.823744e-01	-9.030599e-03
1.824000e-01	-4.350850e-03
1.824256e-01	4.774807e-04
1.824512e-01	5.227915e-03
1.824768e-01	9.894057e-03
1.825024e-01	1.470134e-02
1.825280e-01	1.933776e-02
1.825536e-01	2.408200e-02
1.825792e-01	2.868925e-02
1.826048e-01	3.329096e-02
1.826304e-01	3.786270e-02
1.826560e-01	4.247282e-02
1.826816e-01	4.706021e-02
1.827072e-01	5.161365e-02
1.827328e-01	5.605385e-02
1.827584e-01	6.052250e-02
1.827840e-01	6.517451e-02
1.828096e-01	6.945404e-02
1.828352e-01	7.390262e-02
1.828608e-01	7.829752e-02
1.828864e-01	8.252726e-02
1.829120e-01	8.689728e-02
1.829376e-01	9.114885e-02
1.829632e-01	9.550700e-02
1.829888e-01	9.950738e-02
1.830144e-01	1.037624e-01
1.830400e-01	1.077834e-01
1.830656e-01	1.118382e-01
1.830912e-01	1.160196e-01
1.831168e-01	1.198595e-01
1.831424e-01	1.239120e-01
1.831680e-01	1.276965e-01
1.831936e-01	1.315124e-01
1.832192e-01	1.352802e-01
1.832448e-01	1.391125e-01
1.832704e-01	1.429465e-01
1.832960e-01	1.463822e-01
1.833216e-01	1.500738e-01
1.833472e-01	1.536184e-01
1.833728e-01	1.570732e-01
1.833984e-01	1.605230e-01
1.834240e-01	1.640610e-01
1.834496e-01	1.673606e-01
1.834752e-01	1.706121e-01
1.835008e-01	1.738670e-01
1.835264e-01	1.770564e-01
1.835520e-01	1.800940e-01
1.835776e-01	1.831879e-01
1.836032e-01	1.861473e-01
1.836288e-01	1.890520e-01
1.836544e-01	1.920177e-01
1.836800e-01	1.946549e-01
1.837056e-01	1.973852e-01
1.837312e-01	2.001676e-01
1.837568e-01	2.027968e-01
1.837824e-01	2.052197e-01
1.838080e-01	2.076904e-01
1.838336e-01	2.102566e-01
1.838592e-01	2.124714e-01
1.838848e-01	2.146051e-01
1.839104e-01	2.169512e-01
1.839360e-01	2.192000e-01
1.839616e-01	2.210405e-01
1.839872e-01	2.231604e-01
1.840128e-01	2.250273e-01
1.840384e-01	2.269514e-01
1.840640e-01	2.287146e-01
1.840896e-01	2.303544e-01
1.841152e-01	2.320351e-01
1.841408e-01	2.335748e-01
1.841664e-01	2.351617e-01
1.841920e-01	2.365418e-01
1.842176e-01	2.379048e-01
1.842432e-01	2.390216e-01
1.842688e-01	2.401410e-01
1.842944e-01	2.414869e-01
1.843200e-01	2.423586e-01
1.843456e-01	2.433898e-01
1.843712e-01	2.443831e-01
1.843968e-01	2.450838e-01
1.844224e-01	2.459038e-01
1.844480e-01	2.466308e-01
1.844736e-01	2.471172e-01
1.844992e-01	2.476380e-01
1.845248e-01	2.480769e-01
1.845504e-01	2.483510e-01
1.845760e-01	2.487093e-01
1.846016e-01	2.489198e-01
1.846272e-01	2.489668e-01
1.846528e-01	2.490633e-01
1.846784e-01	2.490417e-01
1.847040e-01	2.489442e-01
1.847296e-01	2.486436e-01
1.847552e-01	2.483770e-01
1.847808e-01	2.481286e-01
1.848064e-01	2.476881e-01
1.848320e-01	2.470364e-01
1.848576e-01	2.465460e-01
1.848832e-01	2.459154e-01
1.849088e-01	2.452210e-01
1.849344e-01	2.443484e-01
1.849600e-01	2.435664e-01
1.849856e-01	2.426380e-01
1.850112e-01	2.415253e-01
1.850368e-01	2.404291e-01
1.850624e-01	2.392764e-01
1.850880e-01	2.380047e-01
1.851136e-01	2.365542e-01
1.851392e-01	2.352381e-01
1.851648e-01	2.337294e-01
1.851904e-01	2.321226e-01
1.852160e-01	2.306525e-01
1.852416e-01	2.287242e-01
1.852672e-01	2.270220e-01
1.852928e-01	2.252418e-01
1.853184e-01	2.233084e-01
1.853440e-01	2.214011e-01
1.853696e-01	2.191843e-01
1.853952e-01	2.170562e-01
1.854208e-01	2.149798e-01
1.854464e-01	2.126207e-01
1.854720e-01	2.104166e-01
1.854976e-01	2.079687e-01
1.855232e-01	2.055087e-01
1.855488e-01	2.028981e-01
1.855744e-01	2.003080e-01
1.856000e-01	1.977099e-01
1.856256e-01	1.950003e-01
1.856512e-01	1.921659e-01
1.856768e-01	1.892733e-01
1.857024e-01	1.864263e-01
1.857280e-01	1.834656e-01
1.857536e-01	1.804387e-01
1.857792e-01	1.771910e-01
1.858048e-01	1.740822e-01
1.858304e-01	1.708543e-01
1.858560e-01	1.675726e-01
1.858816e-01	1.643233e-01
1.859072e-01	1.608102e-01
1.859328e-01	1.574661e-01
1.859584e-01	1.539495e-01
1.859840e-01	1.504539e-01
1.860096e-01	1.468116e-01
1.860352e-01	1.431662e-01
1.860608e-01	1.394451e-01
1.860864e-01	1.357071e-01
1.861120e-01	1.320351e-01
1.861376e-01	1.280677e-01
1.861632e-01	1.242029e-01
1.861888e-01	1.203087e-01
1.862144e-01	1.162367e-01
1.862400e-01	1.121911e-01
1.862656e-01	1.081823e-01
1.862912e-01	1.041723e-01
1.863168e-01	9.991975e-02
1.863424e-01	9.584628e-02
1.863680e-01	9.159970e-02
1.863936e-01	8.733838e-02
1.864192e-01	8.292735e-02
1.864448e-01	7.879035e-02
1.864704e-01	7.442908e-02
1.864960e-01	6.990727e-02
1.865216e-01	6.560818e-02
1.865472e-01	6.109263e-02
1.865728e-01	5.664296e-02
1.865984e-01	5.214979e-02
1.866240e-01	4.763473e-02
1.866496e-01	4.294911e-02
1.866752e-01	3.846245e-02
1.867008e-01	3.376037e-02
1.867264e-01	2.911955e-02
1.867520e-01	2.462743e-02
1.867776e-01	1.972814e-02
1.868032e-01	1.501770e-02
1.868288e-01	1.036014e-02
1.868544e-01	5.675908e-03
1.868800e-01	9.802959e-04
1.869056e-01	-3.753310e-03
1.869312e-01	-8.534453e-03
1.869568e-01	-1.332479e-02
1.869824e-01	-1.814811e-02
1.870080e-01	-2.287414e-02
1.870336e-01	-2.770223e-02
1.870592e-01	-3.253588e-02
1.870848e-01	-3.718794e-02
1.871104e-01	-4.206245e-02
1.871360e-01	-4.685837e-02
1.871616e-01	-5.163115e-02
1.871872e-01	-5.658641e-02
1.872128e-01	-6.126605e-02
1.872384e-01	-6.608372e-02
1.872640e-01	-7.081968e-02
1.872896e-01	-7.564933e-02
1.873152e-01	-8.052643e-02
1.873408e-01	-8.526706e-02
1.873664e-01	-9.011780e-02
1.873920e-01	-9.475404e-02
1.874176e-01	-9.952503e-02
1.874432e-01	-1.043559e-01
1.874688e-01	-1.089147e-01
1.874944e-01	-1.136641e-01
1.875200e-01	-1.183408e-01
1.875456e-01	-1.231284e-01
1.875712e-01	-1.277350e-01
1.875968e-01	-1.323731e-01
1.876224e-01	-1.370039e-01
1.876480e-01	-1.414600e-01
1.876736e-01	-1.460802e-01
1.876992e-01	-1.505809e-01
1.877248e-01	-1.551886e-01
1.877504e-01	-1.595900e-01
1.877760e-01	-1.639996e-01
1.878016e-01	-1.686218e-01
1.878272e-01	-1.728992e-01
1.878528e-01	-1.772976e-01
1.878784e-01	-1.816082e-01
1.879040e-01	-1.858296e-01
1.879296e-01	-1.902165e-01
1.879552e-01	-1.943673e-01
1.879808e-01	-1.985302e-01
1.880064e-01	-2.027666e-01
1.880320e-01	-2.067825e-01
1.880576e-01	-2.109621e-01
1.880832e-01	-2.149016e-01
1.881088e-01	-2.188489e-01
1.881344e-01	-2.228709e-01
1.881600e-01	-2.267544e-01
1.881856e-01	-2.305943e-01
1.882112e-01	-2.343662e-01
1.882368e-01	-2.381193e-01
1.882624e-01	-2.418849e-01
1.882880e-01	-2.455242e-01
1.883136e-01	-2.491648e-01
1.883392e-01	-2.527630e-01
1.883648e-01	-2.561736e-01
1.883904e-01	-2.596574e-01
1.884160e-01	-2.630723e-01
1.884416e-01	-2.663824e-01
1.884672e-01	-2.696216e-01
1.884928e-01	-2.728343e-01
1.885184e-01	-2.760817e-01
1.885440e-01	-2.791654e-01
1.885696e-01	-2.823360e-01
1.885952e-01	-2.851797e-01
1.886208e-01	-2.880440e-01
1.886464e-01	-2.909598e-01
1.886720e-01	-2.937832e-01
1.886976e-01	-2.965022e-01
1.887232e-01	-2.991566e-01
1.887488e-01	-3.017496e-01
1.887744e-01	-3.043688e-01
1.888000e-01	-3.068592e-01
1.888256e-01	-3.092778e-01
1.888512e-01	-3.116671e-01
1.888768e-01	-3.139365e-01
1.889024e-01	-3.160338e-01
1.889280e-01	-3.181158e-01
1.889536e-01	-3.202914e-01
1.889792e-01	-3.223084e-01
1.890048e-01	-3.242660e-01
1.890304e-01	-3.260897e-01
1.890560e-01	-3.278137e-01
1.890816e-01	-3.296487e-01
1.891072e-01	-3.312142e-01
1.891328e-01	-3.328766e-01
1.891584e-01	-3.343784e-01
1.891840e-01	-3.356761e-01
1.892096e-01	-3.370868e-01
1.892352e-01	-3.383390e-01
1.892608e-01	-3.394189e-01
1.892864e-01	-3.406882e-01
1.893120e-01	-3.417218e-01
1.893376e-01	-3.425843e-01
1.893632e-01	-3.436307e-01
1.893888e-01	-3.444186e-01
1.894144e-01	-3.451824e-01
1.894400e-01	-3.459585e-01
1.894656e-01	-3.464034e-01
1.894912e-01	-3.470033e-01
1.895168e-01	-3.472830e-01
1.895424e-01	-3.477230e-01
1.895680e-01	-3.478912e-01
1.895936e-01	-3.480298e-01
1.896192e-01	-3.482621e-01
1.896448e-01	-3.482739e-01
1.896704e-01	-3.484210e-01
1.896960e-01	-3.481196e-01
1.897216e-01	-3.480274e-01
1.897472e-01	-3.478340e-01
1.897728e-01	-3.474110e-01
1.897984e-01	-3.471336e-01
1.898240e-01	-3.465180e-01
1.898496e-01	-3.460291e-01
1.898752e-01	-3.452875e-01
1.899008e-01	-3.444985e-01
1.899264e-01	-3.437913e-01
1.899520e-01	-3.429906e-01
1.899776e-01	-3.420341e-01
1.900032e-01	-3.409216e-01
1.900288e-01	-3.397952e-01
1.900544e-01	-3.386685e-01
1.900800e-01	-3.374209e-01
1.901056e-01	-3.360055e-01
1.901312e-01	-3.346445e-01
1.901568e-01	-3.332177e-01
1.901824e-01	-3.315516e-01
1.902080e-01	-3.300532e-01
1.902336e-01	-3.282823e-01
1.902592e-01	-3.264892e-01
1.902848e-01	-3.247372e-01
1.903104e-01	-3.228456e-01
1.903360e-01	-3.208419e-01
1.903616e-01	-3.187456e-01
1.903872e-01	-3.165582e-01
1.904128e-01	-3.144330e-01
1.904384e-01	-3.122410e-01
1.904640e-01	-3.098438e-01
1.904896e-01	-3.073923e-01
1.905152e-01	-3.049870e-01
1.905408e-01	-3.024775e-01
1.905664e-01	-2.998132e-01
1.905920e-01	-2.972564e-01
1.906176e-01	-2.946314e-01
1.906432e-01	-2.916691e-01
1.906688e-01	-2.888170e-01
1.906944e-01	-2.859290e-01
1.907200e-01	-2.830310e-01
1.907456e-01	-2.799191e-01
1.907712e-01	-2.768140e-01
1.907968e-01	-2.736711e-01
1.908224e-01	-2.704152e-01
1.908480e-01	-2.671746e-01
1.908736e-01	-2.638087e-01
1.908992e-01	-2.604693e-01
1.909248e-01	-2.570467e-01
1.909504e-01	-2.535460e-01
1.909760e-01	-2.500689e-01
1.910016e-01	-2.464374e-01
1.910272e-01	-2.427595e-01
1.910528e-01	-2.391296e-01
1.910784e-01	-2.353151e-01
1.911040e-01	-2.315745e-01
1.911296e-01	-2.277422e-01
1.911552e-01	-2.238033e-01
1.911808e-01	-2.199737e-01
1.912064e-01	-2.158390e-01
1.912320e-01	-2.119196e-01
1.912576e-01	-2.078819e-01
1.912832e-01	-2.036702e-01
1.913088e-01	-1.995755e-01
1.913344e-01	-1.954792e-01
1.913600e-01	-1.911803e-01
1.913856e-01	-1.869444e-01
1.914112e-01	-1.825959e-01
1.914368e-01	-1.782749e-01
1.914624e-01	-1.739195e-01
1.914880e-01	-1.694730e-01
1.915136e-01	-1.650336e-01
1.915392e-01	-1.605615e-01
1.915648e-01	-1.562397e-01
1.915904e-01	-1.516842e-01
1.916160e-01	-1.471756e-01
1.916416e-01	-1.427006e-01
1.916672e-01	-1.379006e-01
1.916928e-01	-1.334462e-01
1.917184e-01	-1.287991e-01
1.917440e-01	-1.241227e-01
1.917696e-01	-1.193914e-01
1.917952e-01	-1.146840e-01
1.918208e-01	-1.100820e-01
1.918464e-01	-1.053243e-01
1.918720e-01	-1.005412e-01
1.918976e-01	-9.590951e-02
1.919232e-01	-9.105373e-02
1.919488e-01	-8.632274e-02
1.919744e-01	-8.155855e-02
1.920000e-01	-7.673949e-02
1.920256e-01	-7.201818e-02
1.920512e-01	-6.707262e-02
1.920768e-01	-6.224344e-02
1.921024e-01	-5.751396e-02
1.921280e-01	-5.267387e-02
1.921536e-01	-4.789222e-02
1.921792e-01	-4.300505e-02
1.922048e-01	-3.826564e-02
1.922304e-01	-3.350728e-02
1.922560e-01	-2.873036e-02
1.922816e-01	-2.384546e-02
1.923072e-01	-1.908293e-02
1.923328e-01	-1.419655e-02
1.923584e-01	-9.420722e-03
1.923840e-01	-4.820264e-03
1.924096e-01	3.120468e-05
1.924352e-01	4.614831e-03
1.924608e-01	9.576907e-03
1.924864e-01	1.426425e-02
1.925120e-01	1.874350e-02
1.925376e-01	2.364489e-02
1.925632e-01	2.818089e-02
1.925888e-01	3.279765e-02
1.926144e-01	3.734580e-02
1.926400e-01	4.209391e-02
1.926656e-01	4.671520e-02
1.926912e-01	5.122010e-02
1.927168e-01	5.571536e-02
1.927424e-01	6.012824e-02
1.927680e-01	6.463581e-02
1.927936e-01	6.906981e-02
1.928192e-01	7.347336e-02
1.928448e-01	7.774222e-02
1.928704e-01	8.206575e-02
1.928960e-01	8.651415e-02
1.929216e-01	9.064199e-02
1.929472e-01	9.489954e-02
1.929728e-01	9.920900e-02
1.929984e-01	1.033003e-01
1.930240e-01	1.073562e-01
1.930496e-01	1.113994e-01
1.930752e-01	1.155077e-01
1.931008e-01	1.194642e-01
1.931264e-01	1.234639e-01
1.931520e-01	1.273949e-01
1.931776e-01	1.311022e-01
1.932032e-01	1.349812e-01
1.932288e-01	1.387542e-01
1.932544e-01	1.425094e-01
1.932800e-01	1.461382e-01
1.933056e-01	1.497497e-01
1.933312e-01	1.533120e-01
1.933568e-01	1.567643e-01
1.933824e-01	1.602762e-01
1.934080e-01	1.636848e-01
1.934336e-01	1.669684e-01
1.934592e-01	1.702309e-01
1.934848e-01	1.733676e-01
1.935104e-01	1.766693e-01
1.935360e-01	1.797487e-01
1.935616e-01	1.827845e-01
1.935872e-01	1.858139e-01
1.936128e-01	1.888074e-01
1.936384e-01	1.915561e-01
1.936640e-01	1.944758e-01
1.936896e-01	1.971861e-01
1.937152e-01	1.997709e-01
1.937408e-01	2.024903e-01
1.937664e-01	2.050664e-01
1.937920e-01	2.075598e-01
1.938176e-01	2.098535e-01
1.938432e-01	2.122552e-01
1.938688e-01	2.145126e-01
1.938944e-01	2.165887e-01
1.939200e-01	2.187990e-01
1.939456e-01	2.208147e-01
1.939712e-01	2.229109e-01
1.939968e-01	2.249038e-01
1.940224e-01	2.266099e-01
1.940480e-01	2.284611e-01
1.940736e-01	2.302718e-01
1.940992e-01	2.317314e-01
1.941248e-01	2.334475e-01
1.941504e-01	2.348590e-01
1.941760e-01	2.363250e-01
1.942016e-01	2.377036e-01
1.942272e-01	2.389331e-01
1.942528e-01	2.402095e-01
1.942784e-01	2.412395e-01
1.943040e-01	2.423134e-01
1.943296e-01	2.432712e-01
1.943552e-01	2.441846e-01
1.943808e-01	2.450462e-01
1.944064e-01	2.457124e-01
1.944320e-01	2.463792e-01
1.944576e-01	2.469182e-01
1.944832e-01	2.475676e-01
1.945088e-01	2.479892e-01
1.945344e-01	2.483596e-01
1.945600e-01	2.487001e-01
1.945856e-01	2.488308e-01
1.946112e-01	2.488463e-01
1.946368e-01	2.491061e-01
1.946624e-01	2.489799e-01
1.946880e-01	2.488390e-01
1.947136e-01	2.487159e-01
1.947392e-01	2.484182e-01
1.947648e-01	2.480928e-01
1.947904e-01	2.476780e-01
1.948160e-01	2.472384e-01
1.948416e-01	2.465623e-01
1.948672e-01	2.458763e-01
1.948928e-01	2.452418e-01
1.949184e-01	2.444460e-01
1.949440e-01	2.435387e-01
1.949696e-01	2.426565e-01
1.949952e-01	2.417062e-01
1.950208e-01	2.404553e-01
1.950464e-01	2.392599e-01
1.950720e-01	2.381209e-01
1.950976e-01	2.367113e-01
1.951232e-01	2.352601e-01
1.951488e-01	2.339540e-01
1.951744e-01	2.322575e-01
1.952000e-01	2.307557e-01
1.952256e-01	2.290265e-01
1.952512e-01	2.272693e-01
1.952768e-01	2.254581e-01
1.953024e-01	2.234001e-01
1.953280e-01	2.215547e-01
1.953536e-01	2.194874e-01
1.953792e-01	2.173554e-01
1.954048e-01	2.150599e-01
1.954304e-01	2.128368e-01
1.954560e-01	2.105895e-01
1.954816e-01	2.081210e-01
1.955072e-01	2.057465e-01
1.955328e-01	2.031135e-01
1.955584e-01	2.006142e-01
1.955840e-01	1.978985e-01
1.956096e-01	1.951962e-01
1.956352e-01	1.924402e-01
1.956608e-01	1.894668e-01
1.956864e-01	1.866225e-01
1.957120e-01	1.838059e-01
1.957376e-01	1.806769e-01
1.957632e-01	1.775248e-01
1.957888e-01	1.743431e-01
1.958144e-01	1.712580e-01
1.958400e-01	1.679345e-01
1.958656e-01	1.645598e-01
1.958912e-01	1.611979e-01
1.959168e-01	1.578150e-01
1.959424e-01	1.543589e-01
1.959680e-01	1.507771e-01
1.959936e-01	1.471231e-01
1.960192e-01	1.435589e-01
1.960448e-01	1.399237e-01
1.960704e-01	1.360976e-01
1.960960e-01	1.323315e-01
1.961216e-01	1.285951e-01
1.961472e-01	1.245469e-01
1.961728e-01	1.206854e-01
1.961984e-01	1.166126e-01
1.962240e-01	1.126283e-01
1.962496e-01	1.086851e-01
1.962752e-01	1.044349e-01
1.963008e-01	1.003465e-01
1.963264e-01	9.619271e-02
1.963520e-01	9.197862e-02
1.963776e-01	8.773451e-02
1.964032e-01	8.339763e-02
1.964288e-01	7.923009e-02
1.964544e-01	7.470167e-02
1.964800e-01	7.037715e-02
1.965056e-01	6.604616e-02
1.965312e-01	6.147345e-02
1.965568e-01	5.708756e-02
1.965824e-01	5.259232e-02
1.966080e-01	4.801093e-02
1.966336e-01	4.347239e-02
1.966592e-01	3.886785e-02
1.966848e-01	3.422806e-02
1.967104e-01	2.955078e-02
1.967360e-01	2.496598e-02
1.967616e-01	2.030211e-02
1.967872e-01	1.562840e-02
1.968128e-01	1.095328e-02
1.968384e-01	6.155205e-03
1.968640e-01	1.391547e-03
1.968896e-01	-3.255557e-03
1.969152e-01	-8.111623e-03
1.969408e-01	-1.283761e-02
1.969664e-01	-1.762499e-02
1.969920e-01	-2.247966e-02
1.970176e-01	-2.724979e-02
1.970432e-01	-3.200347e-02
1.970688e-01	-3.681231e-02
1.970944e-01	-4.150243e-02
1.971200e-01	-4.632347e-02
1.971456e-01	-5.120263e-02
1.971712e-01	-5.591437e-02
1.971968e-01	-6.086268e-02
1.972224e-01	-6.569774e-02
1.972480e-01	-7.039001e-02
1.972736e-01	-7.531217e-02
1.972992e-01	-8.000684e-02
1.973248e-01	-8.492323e-02
1.973504e-01	-8.954174e-02
1.973760e-01	-9.437920e-02
1.974016e-01	-9.915308e-02
1.974272e-01	-1.037358e-01
1.974528e-01	-1.085700e-01
1.974784e-01	-1.131532e-01
1.975040e-01	-1.179458e-01
1.975296e-01	-1.225824e-01
1.975552e-01	-1.273287e-01
1.975808e-01	-1.319610e-01
1.976064e-01	-1.363290e-01
1.976320e-01	-1.411690e-01
1.976576e-01	-1.457549e-01
1.976832e-01	-1.502141e-01
1.977088e-01	-1.546588e-01
1.977344e-01	-1.591786e-01
1.977600e-01	-1.635788e-01
1.977856e-01	-1.680569e-01
1.978112e-01	-1.725616e-01
1.978368e-01	-1.767672e-01
1.978624e-01	-1.812385e-01
1.978880e-01	-1.855033e-01
1.979136e-01	-1.897535e-01
1.979392e-01	-1.940474e-01
1.979648e-01	-1.981466e-01
1.979904e-01	-2.023962e-01
1.980160e-01	-2.064820e-01
1.980416e-01	-2.105023e-01
1.980672e-01	-2.145951e-01
1.980928e-01	-2.185592e-01
1.981184e-01	-2.223935e-01
1.981440e-01	-2.263850e-01
1.981696e-01	-2.301673e-01
1.981952e-01	-2.340164e-01
1.982208e-01	-2.378261e-01
1.982464e-01	-2.414489e-01
1.982720e-01	-2.451034e-01
1.982976e-01	-2.487805e-01
1.983232e-01	-2.523589e-01
1.983488e-01	-2.558068e-01
1.983744e-01	-2.594086e-01
1.984000e-01	-2.627144e-01
1.984256e-01	-2.660777e-01
1.984512e-01	-2.693986e-01
1.984768e-01	-2.724377e-01
1.985024e-01	-2.758746e-01
1.985280e-01	-2.788667e-01
1.985536e-01	-2.819490e-01
1.985792e-01	-2.849187e-01
1.986048e-01	-2.878796e-01
1.986304e-01	-2.908469e-01
1.986560e-01	-2.933656e-01
1.986816e-01	-2.962645e-01
1.987072e-01	-2.989563e-01
1.987328e-01	-3.015625e-01
1.987584e-01	-3.041271e-01
1.987840e-01	-3.065946e-01
1.988096e-01	-3.090037e-01
1.988352e-01	-3.113014e-01
1.988608e-01	-3.136254e-01
1.988864e-01	-3.157977e-01
1.989120e-01	-3.180145e-01
1.989376e-01	-3.201268e-01
1.989632e-01	-3.221191e-01
1.989888e-01	-3.239239e-01
1.990144e-01	-3.259552e-01
1.990400e-01	-3.276926e-01
1.990656e-01	-3.294297e-01
1.990912e-01	-3.310750e-01
1.991168e-01	-3.325922e-01
1.991424e-01	-3.341510e-01
1.991680e-01	-3.356018e-01
1.991936e-01	-3.369074e-01
1.992192e-01	-3.382755e-01
1.992448e-01	-3.394368e-01
1.992704e-01	-3.404089e-01
1.992960e-01	-3.416524e-01
1.993216e-01	-3.425830e-01
1.993472e-01	-3.434904e-01
1.993728e-01	-3.443542e-01
1.993984e-01	-3.449623e-01
1.994240e-01	-3.458098e-01
1.994496e-01	-3.462450e-01
1.994752e-01	-3.468462e-01
1.995008e-01	-3.473912e-01
1.995264e-01	-3.476667e-01
1.995520e-01	-3.479509e-01
1.995776e-01	-3.481407e-01
1.996032e-01	-3.483017e-01
1.996288e-01	-3.483263e-01
1.996544e-01	-3.483752e-01
1.996800e-01	-3.481701e-01
1.997056e-01	-3.479919e-01
1.997312e-01	-3.478620e-01
1.997568e-01	-3.475305e-01
1.997824e-01	-3.470885e-01
1.998080e-01	-3.465600e-01
1.998336e-01	-3.460708e-01
1.998592e-01	-3.452606e-01
1.998848e-01	-3.447079e-01
1.999104e-01	-3.438894e-01
1.999360e-01	-3.429898e-01
1.999616e-01	-3.420278e-01
1.999872e-01	-3.410327e-01
2.000128e-01	-3.399952e-01
2.000384e-01	-3.387034e-01
2.000640e-01	-3.375381e-01
2.000896e-01	-3.362180e-01
2.001152e-01	-3.347747e-01
2.001408e-01	-3.334599e-01
2.001664e-01	-3.318135e-01
2.001920e-01	-3.302298e-01
2.002176e-01	-3.284557e-01
2.002432e-01	-3.266227e-01
2.002688e-01	-3.248676e-01
2.002944e-01	-3.229946e-01
2.003200e-01	-3.208868e-01
2.003456e-01	-3.188504e-01
2.003712e-01	-3.168997e-01
2.003968e-01	-3.146805e-01
2.004224e-01	-3.123296e-01
2.004480e-01	-3.100977e-01
2.004736e-01	-3.077073e-01
2.004992e-01	-3.051728e-01
2.005248e-01	-3.027338e-01
2.005504e-01	-3.001184e-01
2.005760e-01	-2.975953e-01
2.006016e-01	-2.947429e-01
2.006272e-01	-2.918558e-01
2.006528e-01	-2.891217e-01
2.006784e-01	-2.861322e-01
2.007040e-01	-2.833212e-01
2.007296e-01	-2.802450e-01
2.007552e-01	-2.771418e-01
2.007808e-01	-2.739945e-01
2.008064e-01	-2.707905e-01
2.008320e-01	-2.675782e-01
2.008576e-01	-2.642335e-01
2.008832e-01	-2.608017e-01
2.009088e-01	-2.574069e-01
2.009344e-01	-2.538857e-01
2.009600e-01	-2.505072e-01
2.009856e-01	-2.468102e-01
2.010112e-01	-2.430736e-01
2.010368e-01	-2.393968e-01
2.010624e-01	-2.356769e-01
2.010880e-01	-2.318524e-01
2.011136e-01	-2.279759e-01
2.011392e-01	-2.242353e-01
2.011648e-01	-2.202692e-01
2.011904e-01	-2.162570e-01
2.012160e-01	-2.122330e-01
2.012416e-01	-2.081018e-01
2.012672e-01	-2.040849e-01
2.012928e-01	-1.998601e-01
2.013184e-01	-1.957749e-01
2.013440e-01	-1.915887e-01
2.013696e-01	-1.872870e-01
2.013952e-01	-1.830289e-01
2.014208e-01	-1.786917e-01
2.014464e-01	-1.744090e-01
2.014720e-01	-1.699668e-01
2.014976e-01	-1.655124e-01
2.015232e-01	-1.611717e-01
2.015488e-01	-1.566188e-01
2.015744e-01	-1.520984e-01
2.016000e-01	-1.475516e-01
2.016256e-01	-1.430778e-01
2.016512e-01	-1.383919e-01
2.016768e-01	-1.338457e-01
2.017024e-01	-1.292571e-01
2.017280e-01	-1.244535e-01
2.017536e-01	-1.198461e-01
2.017792e-01	-1.152353e-01
2.018048e-01	-1.105548e-01
2.018304e-01	-1.057520e-01
2.018560e-01	-1.011281e-01
2.018816e-01	-9.630037e-02
2.019072e-01	-9.158650e-02
2.019328e-01	-8.683242e-02
2.019584e-01	-8.185979e-02
2.019840e-01	-7.729892e-02
2.020096e-01	-7.238456e-02
2.020352e-01	-6.758765e-02
2.020608e-01	-6.269579e-02
2.020864e-01	-5.803359e-02
2.021120e-01	-5.319230e-02
2.021376e-01	-4.824301e-02
2.021632e-01	-4.360230e-02
2.021888e-01	-3.867082e-02
2.022144e-01	-3.390902e-02
2.022400e-01	-2.903591e-02
2.022656e-01	-2.436896e-02
2.022912e-01	-1.952534e-02
2.023168e-01	-1.471382e-02
2.023424e-01	-9.940464e-03
2.023680e-01	-5.200091e-03
2.023936e-01	-4.787220e-04
2.024192e-01	4.356486e-03
2.024448e-01	8.922279e-03
2.024704e-01	1.373359e-02
2.024960e-01	1.834628e-02
2.025216e-01	2.319270e-02
2.025472e-01	2.781302e-02
2.025728e-01	3.242183e-02
2.025984e-01	3.707314e-02
2.026240e-01	4.152781e-02
2.026496e-01	4.628739e-02
2.026752e-01	5.078169e-02
2.027008e-01	5.516035e-02
2.027264e-01	5.975074e-02
2.027520e-01	6.434526e-02
2.027776e-01	6.858869e-02
2.028032e-01	7.304098e-02
2.028288e-01	7.735477e-02
2.028544e-01	8.169965e-02
2.028800e-01	8.606142e-02
2.029056e-01	9.017283e-02
2.029312e-01	9.455945e-02
2.029568e-01	9.868047e-02
2.029824e-01	1.028282e-01
2.030080e-01	1.069370e-01
2.030336e-01	1.110719e-01
2.030592e-01	1.149479e-01
2.030848e-01	1.190757e-01
2.031104e-01	1.230526e-01
2.031360e-01	1.269902e-01
2.031616e-01	1.308916e-01
2.031872e-01	1.346180e-01
2.032128e-01	1.383662e-01
2.032384e-01	1.419883e-01
2.032640e-01	1.458774e-01
2.032896e-01	1.493213e-01
2.033152e-01	1.528314e-01
2.033408e-01	1.564469e-01
2.033664e-01	1.598199e-01
2.033920e-01	1.632061e-01
2.034176e-01	1.666300e-01
2.034432e-01	1.698899e-01
2.034688e-01	1.731459e-01
2.034944e-01	1.764515e-01
2.035200e-01	1.794798e-01
2.035456e-01	1.825776e-01
2.035712e-01	1.856240e-01
2.035968e-01	1.884746e-01
2.036224e-01	1.913048e-01
2.036480e-01	1.941072e-01
2.036736e-01	1.968555e-01
2.036992e-01	1.995984e-01
2.037248e-01	2.020684e-01
2.037504e-01	2.047524e-01
2.037760e-01	2.073088e-01
2.038016e-01	2.096561e-01
2.038272e-01	2.119843e-01
2.038528e-01	2.143477e-01
2.038784e-01	2.165384e-01
2.039040e-01	2.186049e-01
2.039296e-01	2.207030e-01
2.039552e-01	2.228225e-01
2.039808e-01	2.246528e-01
2.040064e-01	2.265682e-01
2.040320e-01	2.283638e-01
2.040576e-01	2.301105e-01
2.040832e-01	2.318015e-01
2.041088e-01	2.332252e-01
2.041344e-01	2.347298e-01
2.041600e-01	2.361934e-01
2.041856e-01	2.375567e-01
2.042112e-01	2.389111e-01
2.042368e-01	2.401292e-01
2.042624e-01	2.411217e-01
2.042880e-01	2.422129e-01
2.043136e-01	2.433369e-01
2.043392e-01	2.441498e-01
2.043648e-01	2.449514e-01
2.043904e-01	2.457746e-01
2.044160e-01	2.464285e-01
2.044416e-01	2.468793e-01
2.044672e-01	2.475193e-01
2.044928e-01	2.480531e-01
2.045184e-01	2.484055e-01
2.045440e-01	2.486660e-01
2.045696e-01	2.487665e-01
2.045952e-01	2.489066e-01
2.046208e-01	2.490644e-01
2.046464e-01	2.490324e-01
2.046720e-01	2.489514e-01
2.046976e-01	2.486399e-01
2.047232e-01	2.485700e-01
2.047488e-01	2.482951e-01
2.047744e-01	2.476257e-01
2.048000e-01	2.472087e-01
2.048256e-01	2.467141e-01
2.048512e-01	2.459991e-01
2.048768e-01	2.453888e-01
2.049024e-01	2.446350e-01
2.049280e-01	2.436716e-01
2.049536e-01	2.426957e-01
2.049792e-01	2.417176e-01
2.050048e-01	2.406262e-01
2.050304e-01	2.394655e-01
2.050560e-01	2.381532e-01
2.050816e-01	2.369138e-01
2.051072e-01	2.355953e-01
2.051328e-01	2.341353e-01
2.051584e-01	2.323599e-01
2.051840e-01	2.308356e-01
2.052096e-01	2.291872e-01
2.052352e-01	2.272755e-01
2.052608e-01	2.256301e-01
2.052864e-01	2.237063e-01
2.053120e-01	2.217134e-01
2.053376e-01	2.195669e-01
2.053632e-01	2.175448e-01
2.053888e-01	2.154102e-01
2.054144e-01	2.129951e-01
2.054400e-01	2.108225e-01
2.054656e-01	2.084109e-01
2.054912e-01	2.060047e-01
2.055168e-01	2.034462e-01
2.055424e-01	2.008918e-01
2.055680e-01	1.982505e-01
2.055936e-01	1.955476e-01
2.056192e-01	1.926206e-01
2.056448e-01	1.898300e-01
2.056704e-01	1.869384e-01
2.056960e-01	1.838556e-01
2.057216e-01	1.809381e-01
2.057472e-01	1.778727e-01
2.057728e-01	1.747349e-01
2.057984e-01	1.715232e-01
2.058240e-01	1.682405e-01
2.058496e-01	1.648836e-01
2.058752e-01	1.614803e-01
2.059008e-01	1.581682e-01
2.059264e-01	1.546915e-01
2.059520e-01	1.511087e-01
2.059776e-01	1.474648e-01
2.060032e-01	1.439015e-01
2.060288e-01	1.402076e-01
2.060544e-01	1.363869e-01
2.060800e-01	1.326054e-01
2.061056e-01	1.288146e-01
2.061312e-01	1.249375e-01
2.061568e-01	1.210242e-01
2.061824e-01	1.170305e-01
2.062080e-01	1.131229e-01
2.062336e-01	1.089780e-01
2.062592e-01	1.048695e-01
2.062848e-01	1.007466e-01
2.063104e-01	9.647224e-02
2.063360e-01	9.232617e-02
2.063616e-01	8.822318e-02
2.063872e-01	8.379333e-02
2.064128e-01	7.953125e-02
2.064384e-01	7.516041e-02
2.064640e-01	7.073907e-02
2.064896e-01	6.639783e-02
2.065152e-01	6.189799e-02
2.065408e-01	5.744844e-02
2.065664e-01	5.299234e-02
2.065920e-01	4.840814e-02
2.066176e-01	4.384913e-02
2.066432e-01	3.927797e-02
2.066688e-01	3.464877e-02
2.066944e-01	3.005088e-02
2.067200e-01	2.539835e-02
2.067456e-01	2.065079e-02
2.067712e-01	1.603521e-02
2.067968e-01	1.138322e-02
2.068224e-01	6.614842e-03
2.068480e-01	1.855608e-03
2.068736e-01	-2.742391e-03
2.068992e-01	-7.587053e-03
2.069248e-01	-1.233218e-02
2.069504e-01	-1.709053e-02
2.069760e-01	-2.194762e-02
2.070016e-01	-2.668864e-02
2.070272e-01	-3.148955e-02
2.070528e-01	-3.641674e-02
2.070784e-01	-4.100744e-02
2.071040e-01	-4.596159e-02
2.071296e-01	-5.077894e-02
2.071552e-01	-5.548066e-02
2.071808e-01	-6.050339e-02
2.072064e-01	-6.514531e-02
2.072320e-01	-6.990434e-02
2.072576e-01	-7.477166e-02
2.072832e-01	-7.955448e-02
2.073088e-01	-8.429653e-02
2.073344e-01	-8.908747e-02
2.073600e-01	-9.383326e-02
2.073856e-01	-9.855904e-02
2.074112e-01	-1.034721e-01
2.074368e-01	-1.079912e-01
2.074624e-01	-1.127742e-01
2.074880e-01	-1.175081e-01
2.075136e-01	-1.220889e-01
2.075392e-01	-1.267609e-01
2.075648e-01	-1.313657e-01
2.075904e-01	-1.360858e-01
2.076160e-01	-1.405514e-01
2.076416e-01	-1.451910e-01
2.076672e-01	-1.498763e-01
2.076928e-01	-1.542443e-01
2.077184e-01	-1.587542e-01
2.077440e-01	-1.631336e-01
2.077696e-01	-1.677028e-01
2.077952e-01	-1.720858e-01
2.078208e-01	-1.763927e-01
2.078464e-01	-1.807992e-01
2.078720e-01	-1.850921e-01
2.078976e-01	-1.894276e-01
2.079232e-01	-1.936774e-01
2.079488e-01	-1.979294e-01
2.079744e-01	-2.019552e-01
2.080000e-01	-2.059875e-01
2.080256e-01	-2.102625e-01
2.080512e-01	-2.141710e-01
2.080768e-01	-2.181592e-01
2.081024e-01	-2.221491e-01
2.081280e-01	-2.259899e-01
2.081536e-01	-2.298253e-01
2.081792e-01	-2.336974e-01
2.082048e-01	-2.374556e-01
2.082304e-01	-2.413037e-01
2.082560e-01	-2.449257e-01
2.082816e-01	-2.484579e-01
2.083072e-01	-2.520931e-01
2.083328e-01	-2.556207e-01
2.083584e-01	-2.590280e-01
2.083840e-01	-2.623711e-01
2.084096e-01	-2.657977e-01
2.084352e-01	-2.690731e-01
2.084608e-01	-2.722817e-01
2.084864e-01	-2.755779e-01
2.085120e-01	-2.785873e-01
2.085376e-01	-2.817119e-01
2.085632e-01	-2.846216e-01
2.085888e-01	-2.875567e-01
2.086144e-01	-2.905709e-01
2.086400e-01	-2.932195e-01
2.086656e-01	-2.960146e-01
2.086912e-01	-2.988181e-01
2.087168e-01	-3.013920e-01
2.087424e-01	-3.038166e-01
2.087680e-01	-3.064055e-01
2.087936e-01	-3.089259e-01
2.088192e-01	-3.111925e-01
2.088448e-01	-3.135273e-01
2.088704e-01	-3.157693e-01
2.088960e-01	-3.180079e-01
2.089216e-01	-3.198817e-01
2.089472e-01	-3.220622e-01
2.089728e-01	-3.238313e-01
2.089984e-01	-3.257523e-01
2.090240e-01	-3.276744e-01
2.090496e-01	-3.291634e-01
2.090752e-01	-3.309858e-01
2.091008e-01	-3.325622e-01
2.091264e-01	-3.340539e-01
2.091520e-01	-3.354384e-01
2.091776e-01	-3.368141e-01
2.092032e-01	-3.382025e-01
2.092288e-01	-3.393767e-01
2.092544e-01	-3.405664e-01
2.092800e-01	-3.415181e-01
2.093056e-01	-3.425298e-01
2.093312e-01	-3.434122e-01
2.093568e-01	-3.442593e-01
2.093824e-01	-3.450601e-01
2.094080e-01	-3.457511e-01
2.094336e-01	-3.463441e-01
2.094592e-01	-3.468922e-01
2.094848e-01	-3.471907e-01
2.095104e-01	-3.476261e-01
2.095360e-01	-3.479756e-01
2.095616e-01	-3.481453e-01
2.095872e-01	-3.483574e-01
2.096128e-01	-3.483897e-01
2.096384e-01	-3.483409e-01
2.096640e-01	-3.483313e-01
2.096896e-01	-3.481301e-01
2.097152e-01	-3.479924e-01
2.097408e-01	-3.475427e-01
2.097664e-01	-3.471478e-01
2.097920e-01	-3.467171e-01
2.098176e-01	-3.459815e-01
2.098432e-01	-3.454503e-01
2.098688e-01	-3.447763e-01
2.098944e-01	-3.440041e-01
2.099200e-01	-3.431375e-01
2.099456e-01	-3.421001e-01
2.099712e-01	-3.411721e-01
2.099968e-01	-3.400459e-01
2.100224e-01	-3.389179e-01
2.100480e-01	-3.376495e-01
2.100736e-01	-3.363463e-01
2.100992e-01	-3.349113e-01
2.101248e-01	-3.334167e-01
2.101504e-01	-3.318786e-01
2.101760e-01	-3.303646e-01
2.102016e-01	-3.287185e-01
2.102272e-01	-3.269300e-01
2.102528e-01	-3.250340e-01
2.102784e-01	-3.231398e-01
2.103040e-01	-3.212875e-01
2.103296e-01	-3.191736e-01
2.103552e-01	-3.170171e-01
2.103808e-01	-3.149228e-01
2.104064e-01	-3.127036e-01
2.104320e-01	-3.103572e-01
2.104576e-01	-3.078232e-01
2.104832e-01	-3.054886e-01
2.105088e-01	-3.028728e-01
2.105344e-01	-3.004290e-01
2.105600e-01	-2.977391e-01
2.105856e-01	-2.949821e-01
2.106112e-01	-2.922987e-01
2.106368e-01	-2.894092e-01
2.106624e-01	-2.865661e-01
2.106880e-01	-2.834381e-01
2.107136e-01	-2.804568e-01
2.107392e-01	-2.774377e-01
2.107648e-01	-2.743121e-01
2.107904e-01	-2.711592e-01
2.108160e-01	-2.678180e-01
2.108416e-01	-2.645585e-01
2.108672e-01	-2.611325e-01
2.108928e-01	-2.577327e-01
2.109184e-01	-2.542514e-01
2.109440e-01	-2.506846e-01
2.109696e-01	-2.470908e-01
2.109952e-01	-2.434600e-01
2.110208e-01	-2.398366e-01
2.110464e-01	-2.361098e-01
2.110720e-01	-2.321689e-01
2.110976e-01	-2.284721e-01
2.111232e-01	-2.245708e-01
2.111488e-01	-2.205656e-01
2.111744e-01	-2.167291e-01
2.112000e-01	-2.126496e-01
2.112256e-01	-2.085282e-01
2.112512e-01	-2.045594e-01
2.112768e-01	-2.003979e-01
2.113024e-01	-1.961793e-01
2.113280e-01	-1.918988e-01
2.113536e-01	-1.877105e-01
2.113792e-01	-1.834105e-01
2.114048e-01	-1.790494e-01
2.114304e-01	-1.748385e-01
2.114560e-01	-1.702926e-01
2.114816e-01	-1.659356e-01
2.115072e-01	-1.615810e-01
2.115328e-01	-1.570015e-01
2.115584e-01	-1.526093e-01
2.115840e-01	-1.480631e-01
2.116096e-01	-1.434922e-01
2.116352e-01	-1.388790e-01
2.116608e-01	-1.342681e-01
2.116864e-01	-1.296563e-01
2.117120e-01	-1.250075e-01
2.117376e-01	-1.203009e-01
2.117632e-01	-1.156554e-01
2.117888e-01	-1.109747e-01
2.118144e-01	-1.062148e-01
2.118400e-01	-1.014254e-01
2.118656e-01	-9.672636e-02
2.118912e-01	-9.205626e-02
2.119168e-01	-8.722919e-02
2.119424e-01	-8.237942e-02
2.119680e-01	-7.765793e-02
2.119936e-01	-7.287118e-02
2.120192e-01	-6.798399e-02
2.120448e-01	-6.324787e-02
2.120704e-01	-5.852019e-02
2.120960e-01	-5.360831e-02
2.121216e-01	-4.888887e-02
2.121472e-01	-4.400114e-02
2.121728e-01	-3.918544e-02
2.121984e-01	-3.444205e-02
2.122240e-01	-2.958831e-02
2.122496e-01	-2.484862e-02
2.122752e-01	-2.000013e-02
2.123008e-01	-1.515278e-02
2.123264e-01	-1.046764e-02
2.123520e-01	-5.650051e-03
2.123776e-01	-8.695424e-04
2.124032e-01	3.785401e-03
2.124288e-01	8.587277e-03
2.124544e-01	1.324406e-02
2.124800e-01	1.791841e-02
2.125056e-01	2.272863e-02
2.125312e-01	2.725641e-02
2.125568e-01	3.196568e-02
2.125824e-01	3.656467e-02
2.126080e-01	4.110522e-02
2.126336e-01	4.582038e-02
2.126592e-01	5.027929e-02
2.126848e-01	5.481420e-02
2.127104e-01	5.927800e-02
2.127360e-01	6.373326e-02
2.127616e-01	6.823510e-02
2.127872e-01	7.251425e-02
2.128128e-01	7.701719e-02
2.128384e-01	8.140726e-02
2.128640e-01	8.554468e-02
2.128896e-01	8.992891e-02
2.129152e-01	9.419400e-02
2.129408e-01	9.826578e-02
2.129664e-01	1.025188e-01
2.129920e-01	1.065916e-01
2.130176e-01	1.107109e-01
2.130432e-01	1.147724e-01
2.130688e-01	1.187315e-01
2.130944e-01	1.226133e-01
2.131200e-01	1.266119e-01
2.131456e-01	1.304840e-01
2.131712e-01	1.342899e-01
2.131968e-01	1.380540e-01
2.132224e-01	1.417584e-01
2.132480e-01	1.454415e-01
2.132736e-01	1.490018e-01
2.132992e-01	1.525915e-01
2.133248e-01	1.561605e-01
2.133504e-01	1.594927e-01
2.133760e-01	1.629864e-01
2.134016e-01	1.662945e-01
2.134272e-01	1.696526e-01
2.134528e-01	1.728621e-01
2.134784e-01	1.760032e-01
2.135040e-01	1.792928e-01
2.135296e-01	1.821837e-01
2.135552e-01	1.851462e-01
2.135808e-01	1.881987e-01
2.136064e-01	1.910023e-01
2.136320e-01	1.939406e-01
2.136576e-01	1.965651e-01
2.136832e-01	1.993492e-01
2.137088e-01	2.019315e-01
2.137344e-01	2.045696e-01
2.137600e-01	2.070595e-01
2.137856e-01	2.093621e-01
2.138112e-01	2.117373e-01
2.138368e-01	2.140294e-01
2.138624e-01	2.163745e-01
2.138880e-01	2.183804e-01
2.139136e-01	2.205555e-01
2.139392e-01	2.225756e-01
2.139648e-01	2.244458e-01
2.139904e-01	2.264296e-01
2.140160e-01	2.281621e-01
2.140416e-01	2.300009e-01
2.140672e-01	2.315575e-01
2.140928e-01	2.330722e-01
2.141184e-01	2.346916e-01
2.141440e-01	2.361989e-01
2.141696e-01	2.374344e-01
2.141952e-01	2.386908e-01
2.142208e-01	2.400099e-01
2.142464e-01	2.410191e-01
2.142720e-01	2.421827e-01
2.142976e-01	2.433106e-01
2.143232e-01	2.440627e-01
2.143488e-01	2.447687e-01
2.143744e-01	2.456392e-01
2.144000e-01	2.463375e-01
2.144256e-01	2.468577e-01
2.144512e-01	2.474761e-01
2.144768e-01	2.478743e-01
2.145024e-01	2.483363e-01
2.145280e-01	2.485593e-01
2.145536e-01	2.487763e-01
2.145792e-01	2.489725e-01
2.146048e-01	2.490070e-01
2.146304e-01	2.489874e-01
2.146560e-01	2.489201e-01
2.146816e-01	2.487994e-01
2.147072e-01	2.484490e-01
2.147328e-01	2.481696e-01
2.147584e-01	2.477735e-01
2.147840e-01	2.471953e-01
2.148096e-01	2.466350e-01
2.148352e-01	2.460527e-01
2.148608e-01	2.454106e-01
2.148864e-01	2.445184e-01
2.149120e-01	2.438127e-01
2.149376e-01	2.428454e-01
2.149632e-01	2.418046e-01
2.149888e-01	2.407492e-01
2.150144e-01	2.395836e-01
2.150400e-01	2.382376e-01
2.150656e-01	2.367966e-01
2.150912e-01	2.355372e-01
2.151168e-01	2.341133e-01
2.151424e-01	2.325832e-01
2.151680e-01	2.309187e-01
2.151936e-01	2.293188e-01
2.152192e-01	2.275829e-01
2.152448e-01	2.257987e-01
2.152704e-01	2.238747e-01
2.152960e-01	2.219130e-01
2.153216e-01	2.199591e-01
2.153472e-01	2.177549e-01
2.153728e-01	2.156304e-01
2.153984e-01	2.133014e-01
2.154240e-01	2.110044e-01
2.154496e-01	2.085229e-01
2.154752e-01	2.061801e-01
2.155008e-01	2.036988e-01
2.155264e-01	2.009845e-01
2.155520e-01	1.983723e-01
2.155776e-01	1.957346e-01
2.156032e-01	1.929812e-01
2.156288e-01	1.901426e-01
2.156544e-01	1.871600e-01
2.156800e-01	1.841754e-01
2.157056e-01	1.812651e-01
2.157312e-01	1.780474e-01
2.157568e-01	1.749608e-01
2.157824e-01	1.717411e-01
2.158080e-01	1.684271e-01
2.158336e-01	1.652336e-01
2.158592e-01	1.618841e-01
2.158848e-01	1.584303e-01
2.159104e-01	1.548705e-01
2.159360e-01	1.515267e-01
2.159616e-01	1.479086e-01
2.159872e-01	1.440916e-01
2.160128e-01	1.405030e-01
2.160384e-01	1.369267e-01
2.160640e-01	1.329665e-01
2.160896e-01	1.292317e-01
2.161152e-01	1.253986e-01
2.161408e-01	1.214025e-01
2.161664e-01	1.173688e-01
2.161920e-01	1.134353e-01
2.162176e-01	1.093559e-01
2.162432e-01	1.052960e-01
2.162688e-01	1.011999e-01
2.162944e-01	9.701917e-02
2.163200e-01	9.287915e-02
2.163456e-01	8.854813e-02
2.163712e-01	8.426442e-02
2.163968e-01	7.992558e-02
2.164224e-01	7.557417e-02
2.164480e-01	7.125757e-02
2.164736e-01	6.681422e-02
2.164992e-01	6.233776e-02
2.165248e-01	5.786560e-02
2.165504e-01	5.335004e-02
2.165760e-01	4.870555e-02
2.166016e-01	4.431587e-02
2.166272e-01	3.975001e-02
2.166528e-01	3.501334e-02
2.166784e-01	3.039963e-02
2.167040e-01	2.580059e-02
2.167296e-01	2.115688e-02
2.167552e-01	1.662430e-02
2.167808e-01	1.173940e-02
2.168064e-01	7.036067e-03
2.168320e-01	2.339268e-03
2.168576e-01	-2.452966e-03
2.168832e-01	-7.272626e-03
2.169088e-01	-1.194759e-02
2.169344e-01	-1.671992e-02
2.169600e-01	-2.163454e-02
2.169856e-01	-2.616122e-02
2.170112e-01	-3.096734e-02
2.170368e-01	-3.583857e-02
2.170624e-01	-4.058499e-02
2.170880e-01	-4.558809e-02
2.171136e-01	-5.025281e-02
2.171392e-01	-5.512645e-02
2.171648e-01	-6.000310e-02
2.171904e-01	-6.473229e-02
2.172160e-01	-6.958137e-02
2.172416e-01	-7.427663e-02
2.172672e-01	-7.906036e-02
2.172928e-01	-8.387204e-02
2.173184e-01	-8.862519e-02
2.173440e-01	-9.347057e-02
2.173696e-01	-9.812491e-02
2.173952e-01	-1.028968e-01
2.174208e-01	-1.076872e-01
2.174464e-01	-1.124188e-01
2.174720e-01	-1.170361e-01
2.174976e-01	-1.217518e-01
2.175232e-01	-1.264352e-01
2.175488e-01	-1.309713e-01
2.175744e-01	-1.355458e-01
2.176000e-01	-1.402846e-01
2.176256e-01	-1.447732e-01
2.176512e-01	-1.493592e-01
2.176768e-01	-1.538214e-01
2.177024e-01	-1.583598e-01
2.177280e-01	-1.629311e-01
2.177536e-01	-1.672063e-01
2.177792e-01	-1.717380e-01
2.178048e-01	-1.760846e-01
2.178304e-01	-1.803373e-01
2.178560e-01	-1.848115e-01
2.178816e-01	-1.889540e-01
2.179072e-01	-1.931890e-01
2.179328e-01	-1.973759e-01
2.179584e-01	-2.016382e-01
2.179840e-01	-2.057761e-01
2.180096e-01	-2.097596e-01
2.180352e-01	-2.137535e-01
2.180608e-01	-2.177014e-01
2.180864e-01	-2.217827e-01
2.181120e-01	-2.257764e-01
2.181376e-01	-2.295402e-01
2.181632e-01	-2.333826e-01
2.181888e-01	-2.371174e-01
2.182144e-01	-2.407354e-01
2.182400e-01	-2.445429e-01
2.182656e-01	-2.482280e-01
2.182912e-01	-2.516581e-01
2.183168e-01	-2.552749e-01
2.183424e-01	-2.586493e-01
2.183680e-01	-2.619990e-01
2.183936e-01	-2.654569e-01
2.184192e-01	-2.688657e-01
2.184448e-01	-2.719715e-01
2.184704e-01	-2.752419e-01
2.184960e-01	-2.783355e-01
2.185216e-01	-2.811859e-01
2.185472e-01	-2.844796e-01
2.185728e-01	-2.873740e-01
2.185984e-01	-2.902937e-01
2.186240e-01	-2.931990e-01
2.186496e-01	-2.957444e-01
2.186752e-01	-2.985636e-01
2.187008e-01	-3.011768e-01
2.187264e-01	-3.036744e-01
2.187520e-01	-3.061993e-01
2.187776e-01	-3.085481e-01
2.188032e-01	-3.109445e-01
2.188288e-01	-3.133407e-01
2.188544e-01	-3.154974e-01
2.188800e-01	-3.177165e-01
2.189056e-01	-3.196844e-01
2.189312e-01	-3.216878e-01
2.189568e-01	-3.237857e-01
2.189824e-01	-3.255852e-01
2.190080e-01	-3.274587e-01
2.190336e-01	-3.291196e-01
2.190592e-01	-3.307388e-01
2.190848e-01	-3.324073e-01
2.191104e-01	-3.339157e-01
2.191360e-01	-3.354545e-01
2.191616e-01	-3.367070e-01
2.191872e-01	-3.379934e-01
2.192128e-01	-3.393054e-01
2.192384e-01	-3.403967e-01
2.192640e-01	-3.414594e-01
2.192896e-01	-3.424790e-01
2.193152e-01	-3.432835e-01
2.193408e-01	-3.442364e-01
2.193664e-01	-3.449977e-01
2.193920e-01	-3.455206e-01
2.194176e-01	-3.462418e-01
2.194432e-01	-3.467824e-01
2.194688e-01	-3.472136e-01
2.194944e-01	-3.477083e-01
2.195200e-01	-3.478635e-01
2.195456e-01	-3.481642e-01
2.195712e-01	-3.483717e-01
2.195968e-01	-3.484219e-01
2.196224e-01	-3.483742e-01
2.196480e-01	-3.482894e-01
2.196736e-01	-3.481604e-01
2.196992e-01	-3.479374e-01
2.197248e-01	-3.476074e-01
2.197504e-01	-3.472116e-01
2.197760e-01	-3.468134e-01
2.198016e-01	-3.462586e-01
2.198272e-01	-3.455021e-01
2.198528e-01	-3.448874e-01
2.198784e-01	-3.440410e-01
2.199040e-01	-3.432363e-01
2.199296e-01	-3.424780e-01
2.199552e-01	-3.413313e-01
2.199808e-01	-3.401183e-01
2.200064e-01	-3.390858e-01
2.200320e-01	-3.379429e-01
2.200576e-01	-3.364705e-01
2.200832e-01	-3.350416e-01
2.201088e-01	-3.337423e-01
2.201344e-01	-3.321585e-01
2.201600e-01	-3.304540e-01
2.201856e-01	-3.288125e-01
2.202112e-01	-3.271658e-01
2.202368e-01	-3.252866e-01
2.202624e-01	-3.234789e-01
2.202880e-01	-3.214667e-01
2.203136e-01	-3.193311e-01
2.203392e-01	-3.172570e-01
2.203648e-01	-3.150587e-01
2.203904e-01	-3.128921e-01
2.204160e-01	-3.106652e-01
2.204416e-01	-3.081875e-01
2.204672e-01	-3.058151e-01
2.204928e-01	-3.032540e-01
2.205184e-01	-3.007074e-01
2.205440e-01	-2.979702e-01
2.205696e-01	-2.952391e-01
2.205952e-01	-2.925559e-01
2.206208e-01	-2.896923e-01
2.206464e-01	-2.868466e-01
2.206720e-01	-2.837522e-01
2.206976e-01	-2.807566e-01
2.207232e-01	-2.778813e-01
2.207488e-01	-2.745416e-01
2.207744e-01	-2.713435e-01
2.208000e-01	-2.682227e-01
2.208256e-01	-2.649262e-01
2.208512e-01	-2.614884e-01
2.208768e-01	-2.580929e-01
2.209024e-01	-2.546968e-01
2.209280e-01	-2.510554e-01
2.209536e-01	-2.474972e-01
2.209792e-01	-2.439058e-01
2.210048e-01	-2.401260e-01
2.210304e-01	-2.364263e-01
2.210560e-01	-2.326337e-01
2.210816e-01	-2.288352e-01
2.211072e-01	-2.249375e-01
2.211328e-01	-2.209966e-01
2.211584e-01	-2.169860e-01
2.211840e-01	-2.131171e-01
2.212096e-01	-2.090413e-01
2.212352e-01	-2.049264e-01
2.212608e-01	-2.007569e-01
2.212864e-01	-1.966503e-01
2.213120e-01	-1.923886e-01
2.213376e-01	-1.881059e-01
2.213632e-01	-1.838847e-01
2.213888e-01	-1.795836e-01
2.214144e-01	-1.752355e-01
2.214400e-01	-1.708504e-01
2.214656e-01	-1.664126e-01
2.214912e-01	-1.620124e-01
2.215168e-01	-1.575069e-01
2.215424e-01	-1.530003e-01
2.215680e-01	-1.485366e-01
2.215936e-01	-1.439075e-01
2.216192e-01	-1.393123e-01
2.216448e-01	-1.346958e-01
2.216704e-01	-1.300315e-01
2.216960e-01	-1.254511e-01
2.217216e-01	-1.207906e-01
2.217472e-01	-1.159814e-01
2.217728e-01	-1.113684e-01
2.217984e-01	-1.066854e-01
2.218240e-01	-1.018463e-01
2.218496e-01	-9.727583e-02
2.218752e-01	-9.241523e-02
2.219008e-01	-8.764329e-02
2.219264e-01	-8.292481e-02
2.219520e-01	-7.801940e-02
2.219776e-01	-7.321603e-02
2.220032e-01	-6.852223e-02
2.220288e-01	-6.365586e-02
2.220544e-01	-5.888649e-02
2.220800e-01	-5.409400e-02
2.221056e-01	-4.926234e-02
2.221312e-01	-4.440600e-02
2.221568e-01	-3.963652e-02
2.221824e-01	-3.474171e-02
2.222080e-01	-3.001934e-02
2.222336e-01	-2.530344e-02
2.222592e-01	-2.034971e-02
2.222848e-01	-1.566921e-02
2.223104e-01	-1.090720e-02
2.223360e-01	-6.067131e-03
2.223616e-01	-1.329101e-03
2.223872e-01	3.406609e-03
2.224128e-01	8.116728e-03
2.224384e-01	1.276808e-02
2.224640e-01	1.754131e-02
2.224896e-01	2.217800e-02
2.225152e-01	2.682635e-02
2.225408e-01	3.158985e-02
2.225664e-01	3.614233e-02
2.225920e-01	4.079166e-02
2.226176e-01	4.541350e-02
2.226432e-01	4.989552e-02
2.226688e-01	5.434275e-02
2.226944e-01	5.883871e-02
2.227200e-01	6.332418e-02
2.227456e-01	6.785474e-02
2.227712e-01	7.217616e-02
2.227968e-01	7.658043e-02
2.228224e-01	8.101061e-02
2.228480e-01	8.514359e-02
2.228736e-01	8.948863e-02
2.228992e-01	9.377772e-02
2.229248e-01	9.788723e-02
2.229504e-01	1.022150e-01
2.229760e-01	1.062537e-01
2.230016e-01	1.103657e-01
2.230272e-01	1.144263e-01
2.230528e-01	1.184364e-01
2.230784e-01	1.223624e-01
2.231040e-01	1.261362e-01
2.231296e-01	1.300268e-01
2.231552e-01	1.338903e-01
2.231808e-01	1.378177e-01
2.232064e-01	1.413268e-01
2.232320e-01	1.450960e-01
2.232576e-01	1.487601e-01
2.232832e-01	1.522517e-01
2.233088e-01	1.559127e-01
2.233344e-01	1.592144e-01
2.233600e-01	1.627188e-01
2.233856e-01	1.660053e-01
2.234112e-01	1.693820e-01
2.234368e-01	1.725544e-01
2.234624e-01	1.757580e-01
2.234880e-01	1.789707e-01
2.235136e-01	1.819834e-01
2.235392e-01	1.850216e-01
2.235648e-01	1.879841e-01
2.235904e-01	1.908225e-01
2.236160e-01	1.935956e-01
2.236416e-01	1.963359e-01
2.236672e-01	1.990612e-01
2.236928e-01	2.018080e-01
2.237184e-01	2.041894e-01
2.237440e-01	2.067263e-01
2.237696e-01	2.092130e-01
2.237952e-01	2.115445e-01
2.238208e-01	2.138486e-01
2.238464e-01	2.160787e-01
2.238720e-01	2.183653e-01
2.238976e-01	2.202986e-01
2.239232e-01	2.223409e-01
2.239488e-01	2.242284e-01
2.239744e-01	2.261667e-01
2.240000e-01	2.279234e-01
2.240256e-01	2.297994e-01
2.240512e-01	2.314277e-01
2.240768e-01	2.329322e-01
2.241024e-01	2.346556e-01
2.241280e-01	2.360089e-01
2.241536e-01	2.374064e-01
2.241792e-01	2.386620e-01
2.242048e-01	2.397667e-01
2.242304e-01	2.409481e-01
2.242560e-01	2.420329e-01
2.242816e-01	2.432024e-01
2.243072e-01	2.439921e-01
2.243328e-01	2.447102e-01
2.243584e-01	2.456332e-01
2.243840e-01	2.462693e-01
2.244096e-01	2.469062e-01
2.244352e-01	2.475304e-01
2.244608e-01	2.478706e-01
2.244864e-01	2.482973e-01
2.245120e-01	2.485212e-01
2.245376e-01	2.489161e-01
2.245632e-01	2.490444e-01
2.245888e-01	2.489958e-01
2.246144e-01	2.489939e-01
2.246400e-01	2.489133e-01
2.246656e-01	2.488449e-01
2.246912e-01	2.485374e-01
2.247168e-01	2.482919e-01
2.247424e-01	2.477806e-01
2.247680e-01	2.473376e-01
2.247936e-01	2.468566e-01
2.248192e-01	2.460986e-01
2.248448e-01	2.454879e-01
2.248704e-01	2.447098e-01
2.248960e-01	2.439193e-01
2.249216e-01	2.429200e-01
2.249472e-01	2.419101e-01
2.249728e-01	2.408530e-01
2.249984e-01	2.396562e-01
2.250240e-01	2.383638e-01
2.250496e-01	2.371362e-01
2.250752e-01	2.357323e-01
2.251008e-01	2.342600e-01
2.251264e-01	2.328258e-01
2.251520e-01	2.312621e-01
2.251776e-01	2.294898e-01
2.252032e-01	2.278152e-01
2.252288e-01	2.260143e-01
2.252544e-01	2.240241e-01
2.252800e-01	2.221467e-01
2.253056e-01	2.199841e-01
2.253312e-01	2.178957e-01
2.253568e-01	2.157865e-01
2.253824e-01	2.135633e-01
2.254080e-01	2.112017e-01
2.254336e-01	2.088970e-01
2.254592e-01	2.065103e-01
2.254848e-01	2.037854e-01
2.255104e-01	2.014575e-01
2.255360e-01	1.986766e-01
2.255616e-01	1.959975e-01
2.255872e-01	1.932313e-01
2.256128e-01	1.902491e-01
2.256384e-01	1.874934e-01
2.256640e-01	1.845670e-01
2.256896e-01	1.815315e-01
2.257152e-01	1.784567e-01
2.257408e-01	1.753261e-01
2.257664e-01	1.721317e-01
2.257920e-01	1.689031e-01
2.258176e-01	1.655341e-01
2.258432e-01	1.622766e-01
2.258688e-01	1.587937e-01
2.258944e-01	1.553134e-01
2.259200e-01	1.519322e-01
2.259456e-01	1.482102e-01
2.259712e-01	1.445554e-01
2.259968e-01	1.409800e-01
2.260224e-01	1.372030e-01
2.260480e-01	1.332854e-01
2.260736e-01	1.297147e-01
2.260992e-01	1.256761e-01
2.261248e-01	1.218539e-01
2.261504e-01	1.178607e-01
2.261760e-01	1.138407e-01
2.262016e-01	1.098586e-01
2.262272e-01	1.055586e-01
2.262528e-01	1.016160e-01
2.262784e-01	9.743778e-02
2.263040e-01	9.315027e-02
2.263296e-01	8.895491e-02
2.263552e-01	8.458696e-02
2.263808e-01	8.029844e-02
2.264064e-01	7.600518e-02
2.264320e-01	7.163003e-02
2.264576e-01	6.711898e-02
2.264832e-01	6.269341e-02
2.265088e-01	5.828984e-02
2.265344e-01	5.384875e-02
2.265600e-01	4.924834e-02
2.265856e-01	4.473550e-02
2.266112e-01	4.014648e-02
2.266368e-01	3.558976e-02
2.266624e-01	3.099927e-02
2.266880e-01	2.634335e-02
2.267136e-01	2.161269e-02
2.267392e-01	1.685117e-02
2.267648e-01	1.222535e-02
2.267904e-01	7.607213e-03
2.268160e-01	2.871441e-03
2.268416e-01	-1.888599e-03
2.268672e-01	-6.712375e-03
2.268928e-01	-1.137744e-02
2.269184e-01	-1.619420e-02
2.269440e-01	-2.099746e-02
2.269696e-01	-2.569322e-02
2.269952e-01	-3.057763e-02
2.270208e-01	-3.541374e-02
2.270464e-01	-4.015933e-02
2.270720e-01	-4.500991e-02
2.270976e-01	-4.974848e-02
2.271232e-01	-5.453132e-02
2.271488e-01	-5.938830e-02
2.271744e-01	-6.425737e-02
2.272000e-01	-6.909224e-02
2.272256e-01	-7.378160e-02
2.272512e-01	-7.856026e-02
2.272768e-01	-8.335952e-02
2.273024e-01	-8.812769e-02
2.273280e-01	-9.296843e-02
2.273536e-01	-9.771620e-02
2.273792e-01	-1.026104e-01
2.274048e-01	-1.071188e-01
2.274304e-01	-1.119065e-01
2.274560e-01	-1.166107e-01
2.274816e-01	-1.213198e-01
2.275072e-01	-1.260001e-01
2.275328e-01	-1.306091e-01
2.275584e-01	-1.351890e-01
2.275840e-01	-1.397845e-01
2.276096e-01	-1.444366e-01
2.276352e-01	-1.489399e-01
2.276608e-01	-1.534072e-01
2.276864e-01	-1.578424e-01
2.277120e-01	-1.624437e-01
2.277376e-01	-1.668334e-01
2.277632e-01	-1.712679e-01
2.277888e-01	-1.755952e-01
2.278144e-01	-1.798787e-01
2.278400e-01	-1.843095e-01
2.278656e-01	-1.885443e-01
2.278912e-01	-1.928341e-01
2.279168e-01	-1.969938e-01
2.279424e-01	-2.011758e-01
2.279680e-01	-2.052324e-01
2.279936e-01	-2.094263e-01
2.280192e-01	-2.136066e-01
2.280448e-01	-2.174439e-01
2.280704e-01	-2.213635e-01
2.280960e-01	-2.253832e-01
2.281216e-01	-2.291825e-01
2.281472e-01	-2.328705e-01
2.281728e-01	-2.368800e-01
2.281984e-01	-2.404673e-01
2.282240e-01	-2.441716e-01
2.282496e-01	-2.479466e-01
2.282752e-01	-2.513134e-01
2.283008e-01	-2.550085e-01
2.283264e-01	-2.584383e-01
2.283520e-01	-2.618795e-01
2.283776e-01	-2.650655e-01
2.284032e-01	-2.684003e-01
2.284288e-01	-2.717604e-01
2.284544e-01	-2.747624e-01
2.284800e-01	-2.781087e-01
2.285056e-01	-2.811038e-01
2.285312e-01	-2.840453e-01
2.285568e-01	-2.869403e-01
2.285824e-01	-2.898843e-01
2.286080e-01	-2.927617e-01
2.286336e-01	-2.954088e-01
2.286592e-01	-2.983687e-01
2.286848e-01	-3.008455e-01
2.287104e-01	-3.034546e-01
2.287360e-01	-3.059657e-01
2.287616e-01	-3.083768e-01
2.287872e-01	-3.107859e-01
2.288128e-01	-3.130581e-01
2.288384e-01	-3.152405e-01
2.288640e-01	-3.173904e-01
2.288896e-01	-3.195693e-01
2.289152e-01	-3.215799e-01
2.289408e-01	-3.235866e-01
2.289664e-01	-3.254713e-01
2.289920e-01	-3.271393e-01
2.290176e-01	-3.289988e-01
2.290432e-01	-3.307333e-01
2.290688e-01	-3.322951e-01
2.290944e-01	-3.337868e-01
2.291200e-01	-3.351967e-01
2.291456e-01	-3.365647e-01
2.291712e-01	-3.378378e-01
2.291968e-01	-3.390909e-01
2.292224e-01	-3.402831e-01
2.292480e-01	-3.412915e-01
2.292736e-01	-3.423778e-01
2.292992e-01	-3.432243e-01
2.293248e-01	-3.441818e-01
2.293504e-01	-3.449271e-01
2.293760e-01	-3.455831e-01
2.294016e-01	-3.462438e-01
2.294272e-01	-3.467918e-01
2.294528e-01	-3.472613e-01
2.294784e-01	-3.476376e-01
2.295040e-01	-3.479370e-01
2.295296e-01	-3.480145e-01
2.295552e-01	-3.482909e-01
2.295808e-01	-3.483739e-01
2.296064e-01	-3.482917e-01
2.296320e-01	-3.484021e-01
2.296576e-01	-3.481371e-01
2.296832e-01	-3.479009e-01
2.297088e-01	-3.476501e-01
2.297344e-01	-3.471865e-01
2.297600e-01	-3.467689e-01
2.297856e-01	-3.462156e-01
2.298112e-01	-3.456481e-01
2.298368e-01	-3.449384e-01
2.298624e-01	-3.440496e-01
2.298880e-01	-3.433101e-01
2.299136e-01	-3.422892e-01
2.299392e-01	-3.412841e-01
2.299648e-01	-3.403462e-01
2.299904e-01	-3.391721e-01
2.300160e-01	-3.379946e-01
2.300416e-01	-3.366422e-01
2.300672e-01	-3.352057e-01
2.300928e-01	-3.337963e-01
2.301184e-01	-3.322946e-01
2.301440e-01	-3.306377e-01
2.301696e-01	-3.290344e-01
2.301952e-01	-3.272996e-01
2.302208e-01	-3.254105e-01
2.302464e-01	-3.235465e-01
2.302720e-01	-3.215305e-01
2.302976e-01	-3.196528e-01
2.303232e-01	-3.174411e-01
2.303488e-01	-3.153699e-01
2.303744e-01	-3.131399e-01
2.304000e-01	-3.107143e-01
2.304256e-01	-3.083771e-01
2.304512e-01	-3.059646e-01
2.304768e-01	-3.034948e-01
2.305024e-01	-3.009192e-01
2.305280e-01	-2.983036e-01
2.305536e-01	-2.954653e-01
2.305792e-01	-2.927387e-01
2.306048e-01	-2.900438e-01
2.306304e-01	-2.870477e-01
2.306560e-01	-2.840636e-01
2.306816e-01	-2.811148e-01
2.307072e-01	-2.781276e-01
2.307328e-01	-2.749063e-01
2.307584e-01	-2.717935e-01
2.307840e-01	-2.684345e-01
2.308096e-01	-2.652524e-01
2.308352e-01	-2.618951e-01
2.308608e-01	-2.582765e-01
2.308864e-01	-2.549777e-01
2.309120e-01	-2.513852e-01
2.309376e-01	-2.476794e-01
2.309632e-01	-2.441724e-01
2.309888e-01	-2.405597e-01
2.310144e-01	-2.367297e-01
2.310400e-01	-2.329839e-01
2.310656e-01	-2.292040e-01
2.310912e-01	-2.253621e-01
2.311168e-01	-2.214435e-01
2.311424e-01	-2.174318e-01
2.311680e-01	-2.134841e-01
2.311936e-01	-2.094939e-01
2.312192e-01	-2.054102e-01
2.312448e-01	-2.011262e-01
2.312704e-01	-1.970897e-01
2.312960e-01	-1.928397e-01
2.313216e-01	-1.885809e-01
2.313472e-01	-1.842768e-01
2.313728e-01	-1.799367e-01
2.313984e-01	-1.756592e-01
2.314240e-01	-1.712310e-01
2.314496e-01	-1.668607e-01
2.314752e-01	-1.624713e-01
2.315008e-01	-1.579131e-01
2.315264e-01	-1.533677e-01
2.315520e-01	-1.488246e-01
2.315776e-01	-1.443876e-01
2.316032e-01	-1.398197e-01
2.316288e-01	-1.352700e-01
2.316544e-01	-1.305182e-01
2.316800e-01	-1.258581e-01
2.317056e-01	-1.213473e-01
2.317312e-01	-1.165736e-01
2.317568e-01	-1.118583e-01
2.317824e-01	-1.071545e-01
2.318080e-01	-1.023611e-01
2.318336e-01	-9.759572e-02
2.318592e-01	-9.291934e-02
2.318848e-01	-8.812893e-02
2.319104e-01	-8.336534e-02
2.319360e-01	-7.862247e-02
2.319616e-01	-7.372589e-02
2.319872e-01	-6.910504e-02
2.320128e-01	-6.408264e-02
2.320384e-01	-5.933868e-02
2.320640e-01	-5.463004e-02
2.320896e-01	-4.973285e-02
2.321152e-01	-4.491401e-02
2.321408e-01	-4.012017e-02
2.321664e-01	-3.520826e-02
2.321920e-01	-3.045893e-02
2.322176e-01	-2.579591e-02
2.322432e-01	-2.093974e-02
2.322688e-01	-1.616908e-02
2.322944e-01	-1.145083e-02
2.323200e-01	-6.556105e-03
2.323456e-01	-1.801983e-03
2.323712e-01	2.867825e-03
2.323968e-01	7.656618e-03
2.324224e-01	1.224164e-02
2.324480e-01	1.713045e-02
2.324736e-01	2.183219e-02
2.324992e-01	2.636347e-02
2.325248e-01	3.111173e-02
2.325504e-01	3.569660e-02
2.325760e-01	4.037023e-02
2.326016e-01	4.490450e-02
2.326272e-01	4.947419e-02
2.326528e-01	5.398410e-02
2.326784e-01	5.853393e-02
2.327040e-01	6.283382e-02
2.327296e-01	6.740519e-02
2.327552e-01	7.179850e-02
2.327808e-01	7.617797e-02
2.328064e-01	8.052432e-02
2.328320e-01	8.472032e-02
2.328576e-01	8.909768e-02
2.328832e-01	9.323101e-02
2.329088e-01	9.747934e-02
2.329344e-01	1.017416e-01
2.329600e-01	1.058397e-01
2.329856e-01	1.098415e-01
2.330112e-01	1.139430e-01
2.330368e-01	1.179831e-01
2.330624e-01	1.219028e-01
2.330880e-01	1.259361e-01
2.331136e-01	1.297626e-01
2.331392e-01	1.335866e-01
2.331648e-01	1.373101e-01
2.331904e-01	1.410297e-01
2.332160e-01	1.447503e-01
2.332416e-01	1.483076e-01
2.332672e-01	1.519327e-01
2.332928e-01	1.555234e-01
2.333184e-01	1.589292e-01
2.333440e-01	1.623342e-01
2.333696e-01	1.656751e-01
2.333952e-01	1.690240e-01
2.334208e-01	1.722596e-01
2.334464e-01	1.754096e-01
2.334720e-01	1.785962e-01
2.334976e-01	1.816993e-01
2.335232e-01	1.846887e-01
2.335488e-01	1.876525e-01
2.335744e-01	1.905056e-01
2.336000e-01	1.933184e-01
2.336256e-01	1.961086e-01
2.336512e-01	1.988919e-01
2.336768e-01	2.014238e-01
2.337024e-01	2.040587e-01
2.337280e-01	2.065622e-01
2.337536e-01	2.089292e-01
2.337792e-01	2.113236e-01
2.338048e-01	2.137511e-01
2.338304e-01	2.158638e-01
2.338560e-01	2.180175e-01
2.338816e-01	2.200351e-01
2.339072e-01	2.222021e-01
2.339328e-01	2.242056e-01
2.339584e-01	2.260546e-01
2.339840e-01	2.278500e-01
2.340096e-01	2.293968e-01
2.340352e-01	2.312643e-01
2.340608e-01	2.327911e-01
2.340864e-01	2.343246e-01
2.341120e-01	2.357879e-01
2.341376e-01	2.372126e-01
2.341632e-01	2.385435e-01
2.341888e-01	2.397337e-01
2.342144e-01	2.409468e-01
2.342400e-01	2.418956e-01
2.342656e-01	2.430843e-01
2.342912e-01	2.438360e-01
2.343168e-01	2.447626e-01
2.343424e-01	2.454904e-01
2.343680e-01	2.461379e-01
2.343936e-01	2.467695e-01
2.344192e-01	2.473192e-01
2.344448e-01	2.477982e-01
2.344704e-01	2.482031e-01
2.344960e-01	2.485482e-01
2.345216e-01	2.487445e-01
2.345472e-01	2.489630e-01
2.345728e-01	2.489570e-01
2.345984e-01	2.490629e-01
2.346240e-01	2.490503e-01
2.346496e-01	2.487422e-01
2.346752e-01	2.485128e-01
2.347008e-01	2.482993e-01
2.347264e-01	2.478586e-01
2.347520e-01	2.474254e-01
2.347776e-01	2.469189e-01
2.348032e-01	2.461393e-01
2.348288e-01	2.455153e-01
2.348544e-01	2.448009e-01
2.348800e-01	2.439662e-01
2.349056e-01	2.430379e-01
2.349312e-01	2.419920e-01
2.349568e-01	2.409116e-01
2.349824e-01	2.398355e-01
2.350080e-01	2.385375e-01
2.350336e-01	2.372090e-01
2.350592e-01	2.358297e-01
2.350848e-01	2.344680e-01
2.351104e-01	2.328643e-01
2.351360e-01	2.312934e-01
2.351616e-01	2.296457e-01
2.351872e-01	2.278116e-01
2.352128e-01	2.261218e-01
2.352384e-01	2.242555e-01
2.352640e-01	2.221620e-01
2.352896e-01	2.203275e-01
2.353152e-01	2.181167e-01
2.353408e-01	2.160026e-01
2.353664e-01	2.138772e-01
2.353920e-01	2.113819e-01
2.354176e-01	2.090966e-01
2.354432e-01	2.066412e-01
2.354688e-01	2.041356e-01
2.354944e-01	2.015870e-01
2.355200e-01	1.989301e-01
2.355456e-01	1.962322e-01
2.355712e-01	1.934882e-01
2.355968e-01	1.906613e-01
2.356224e-01	1.876841e-01
2.356480e-01	1.848157e-01
2.356736e-01	1.817330e-01
2.356992e-01	1.787940e-01
2.357248e-01	1.756423e-01
2.357504e-01	1.723964e-01
2.357760e-01	1.691241e-01
2.358016e-01	1.659300e-01
2.358272e-01	1.625476e-01
2.358528e-01	1.590601e-01
2.358784e-01	1.556733e-01
2.359040e-01	1.520979e-01
2.359296e-01	1.486016e-01
2.359552e-01	1.449558e-01
2.359808e-01	1.412090e-01
2.360064e-01	1.374881e-01
2.360320e-01	1.336072e-01
2.360576e-01	1.300384e-01
2.360832e-01	1.259617e-01
2.361088e-01	1.220530e-01
2.361344e-01	1.182365e-01
2.361600e-01	1.141750e-01
2.361856e-01	1.101945e-01
2.362112e-01	1.060430e-01
2.362368e-01	1.019673e-01
2.362624e-01	9.777220e-02
2.362880e-01	9.353554e-02
2.363136e-01	8.940750e-02
2.363392e-01	8.514205e-02
2.363648e-01	8.075664e-02
2.363904e-01	7.630818e-02
2.364160e-01	7.200021e-02
2.364416e-01	6.767610e-02
2.364672e-01	6.317821e-02
2.364928e-01	5.868737e-02
2.365184e-01	5.427995e-02
2.365440e-01	4.957698e-02
2.365696e-01	4.520385e-02
2.365952e-01	4.063679e-02
2.366208e-01	3.591923e-02
2.366464e-01	3.135225e-02
2.366720e-01	2.673118e-02
2.366976e-01	2.213635e-02
2.367232e-01	1.738937e-02
2.367488e-01	1.269177e-02
2.367744e-01	7.952892e-03
2.368000e-01	3.247462e-03
2.368256e-01	-1.448097e-03
2.368512e-01	-6.411435e-03
2.368768e-01	-1.103852e-02
2.369024e-01	-1.590183e-02
2.369280e-01	-2.063954e-02
2.369536e-01	-2.546527e-02
2.369792e-01	-3.024103e-02
2.370048e-01	-3.480383e-02
2.370304e-01	-3.978990e-02
2.370560e-01	-4.467707e-02
2.370816e-01	-4.936195e-02
2.371072e-01	-5.414295e-02
2.371328e-01	-5.899950e-02
2.371584e-01	-6.375960e-02
2.371840e-01	-6.865811e-02
2.372096e-01	-7.336396e-02
2.372352e-01	-7.812838e-02
2.372608e-01	-8.304293e-02
2.372864e-01	-8.776157e-02
2.373120e-01	-9.257811e-02
2.373376e-01	-9.732173e-02
2.373632e-01	-1.021603e-01
2.373888e-01	-1.067616e-01
2.374144e-01	-1.114756e-01
2.374400e-01	-1.162352e-01
2.374656e-01	-1.208687e-01
2.374912e-01	-1.255087e-01
2.375168e-01	-1.301496e-01
2.375424e-01	-1.347304e-01
2.375680e-01	-1.393696e-01
2.375936e-01	-1.439110e-01
2.376192e-01	-1.484625e-01
2.376448e-01	-1.529836e-01
2.376704e-01	-1.575960e-01
2.376960e-01	-1.620370e-01
2.377216e-01	-1.664513e-01
2.377472e-01	-1.708651e-01
2.377728e-01	-1.753155e-01
2.377984e-01	-1.796727e-01
2.378240e-01	-1.838579e-01
2.378496e-01	-1.882569e-01
2.378752e-01	-1.924491e-01
2.379008e-01	-1.966298e-01
2.379264e-01	-2.008272e-01
2.379520e-01	-2.048262e-01
2.379776e-01	-2.090387e-01
2.380032e-01	-2.131118e-01
2.380288e-01	-2.170946e-01
2.380544e-01	-2.210688e-01
2.380800e-01	-2.249409e-01
2.381056e-01	-2.288929e-01
2.381312e-01	-2.326508e-01
2.381568e-01	-2.364130e-01
2.381824e-01	-2.402531e-01
2.382080e-01	-2.438692e-01
2.382336e-01	-2.475215e-01
2.382592e-01	-2.510892e-01
2.382848e-01	-2.546031e-01
2.383104e-01	-2.580506e-01
2.383360e-01	-2.614962e-01
2.383616e-01	-2.648318e-01
2.383872e-01	-2.682489e-01
2.384128e-01	-2.713847e-01
2.384384e-01	-2.746515e-01
2.384640e-01	-2.777416e-01
2.384896e-01	-2.807518e-01
2.385152e-01	-2.838813e-01
2.385408e-01	-2.867893e-01
2.385664e-01	-2.896757e-01
2.385920e-01	-2.925385e-01
2.386176e-01	-2.952792e-01
2.386432e-01	-2.979818e-01
2.386688e-01	-3.006165e-01
2.386944e-01	-3.032546e-01
2.387200e-01	-3.058704e-01
2.387456e-01	-3.081693e-01
2.387712e-01	-3.105383e-01
2.387968e-01	-3.128914e-01
2.388224e-01	-3.151517e-01
2.388480e-01	-3.172839e-01
2.388736e-01	-3.192803e-01
2.388992e-01	-3.214186e-01
2.389248e-01	-3.234075e-01
2.389504e-01	-3.253114e-01
2.389760e-01	-3.270852e-01
2.390016e-01	-3.289128e-01
2.390272e-01	-3.304335e-01
2.390528e-01	-3.321629e-01
2.390784e-01	-3.336585e-01
2.391040e-01	-3.350773e-01
2.391296e-01	-3.366179e-01
2.391552e-01	-3.377609e-01
2.391808e-01	-3.390104e-01
2.392064e-01	-3.401889e-01
2.392320e-01	-3.412625e-01
2.392576e-01	-3.422768e-01
2.392832e-01	-3.431437e-01
2.393088e-01	-3.440430e-01
2.393344e-01	-3.448382e-01
2.393600e-01	-3.454528e-01
2.393856e-01	-3.461574e-01
2.394112e-01	-3.467335e-01
2.394368e-01	-3.472209e-01
2.394624e-01	-3.476042e-01
2.394880e-01	-3.478270e-01
2.395136e-01	-3.481614e-01
2.395392e-01	-3.482496e-01
2.395648e-01	-3.482860e-01
2.395904e-01	-3.484083e-01
2.396160e-01	-3.483556e-01
2.396416e-01	-3.481347e-01
2.396672e-01	-3.479974e-01
2.396928e-01	-3.476157e-01
2.397184e-01	-3.473627e-01
2.397440e-01	-3.467820e-01
2.397696e-01	-3.462808e-01
2.397952e-01	-3.457204e-01
2.398208e-01	-3.449655e-01
2.398464e-01	-3.442294e-01
2.398720e-01	-3.433951e-01
2.398976e-01	-3.424550e-01
2.399232e-01	-3.414752e-01
2.399488e-01	-3.405516e-01
2.399744e-01	-3.392479e-01
2.400000e-01	-3.381020e-01
2.400256e-01	-3.367538e-01
2.400512e-01	-3.353159e-01
2.400768e-01	-3.340268e-01
2.401024e-01	-3.323419e-01
2.401280e-01	-3.308524e-01
2.401536e-01	-3.291676e-01
2.401792e-01	-3.274228e-01
2.402048e-01	-3.255648e-01
2.402304e-01	-3.237752e-01
2.402560e-01	-3.218714e-01
2.402816e-01	-3.197875e-01
2.403072e-01	-3.178076e-01
2.403328e-01	-3.155682e-01
2.403584e-01	-3.133005e-01
2.403840e-01	-3.110785e-01
2.404096e-01	-3.087727e-01
2.404352e-01	-3.062415e-01
2.404608e-01	-3.037307e-01
2.404864e-01	-3.011725e-01
2.405120e-01	-2.985727e-01
2.405376e-01	-2.958659e-01
2.405632e-01	-2.930559e-01
2.405888e-01	-2.902845e-01
2.406144e-01	-2.873336e-01
2.406400e-01	-2.843825e-01
2.406656e-01	-2.814378e-01
2.406912e-01	-2.783887e-01
2.407168e-01	-2.752511e-01
2.407424e-01	-2.721461e-01
2.407680e-01	-2.688088e-01
2.407936e-01	-2.655048e-01
2.408192e-01	-2.622980e-01
2.408448e-01	-2.587042e-01
2.408704e-01	-2.551923e-01
2.408960e-01	-2.518290e-01
2.409216e-01	-2.480651e-01
2.409472e-01	-2.445543e-01
2.409728e-01	-2.409859e-01
2.409984e-01	-2.371143e-01
2.410240e-01	-2.333736e-01
2.410496e-01	-2.295399e-01
2.410752e-01	-2.257503e-01
2.411008e-01	-2.218548e-01
2.411264e-01	-2.177411e-01
2.411520e-01	-2.139563e-01
2.411776e-01	-2.098599e-01
2.412032e-01	-2.056807e-01
2.412288e-01	-2.016026e-01
2.412544e-01	-1.974773e-01
2.412800e-01	-1.932529e-01
2.413056e-01	-1.889366e-01
2.413312e-01	-1.847910e-01
2.413568e-01	-1.805398e-01
2.413824e-01	-1.760274e-01
2.414080e-01	-1.716711e-01
2.414336e-01	-1.673201e-01
2.414592e-01	-1.628747e-01
2.414848e-01	-1.583719e-01
2.415104e-01	-1.538469e-01
2.415360e-01	-1.493849e-01
2.415616e-01	-1.448072e-01
2.415872e-01	-1.402020e-01
2.416128e-01	-1.356996e-01
2.416384e-01	-1.309070e-01
2.416640e-01	-1.263170e-01
2.416896e-01	-1.216990e-01
2.417152e-01	-1.170501e-01
2.417408e-01	-1.122697e-01
2.417664e-01	-1.076208e-01
2.417920e-01	-1.029384e-01
2.418176e-01	-9.802680e-02
2.418432e-01	-9.334760e-02
2.418688e-01	-8.857320e-02
2.418944e-01	-8.377916e-02
2.419200e-01	-7.909714e-02
2.419456e-01	-7.415289e-02
2.419712e-01	-6.943056e-02
2.419968e-01	-6.465279e-02
2.420224e-01	-5.983933e-02
2.420480e-01	-5.506733e-02
2.420736e-01	-5.017371e-02
2.420992e-01	-4.537074e-02
2.421248e-01	-4.061046e-02
2.421504e-01	-3.576035e-02
2.421760e-01	-3.105280e-02
2.422016e-01	-2.615148e-02
2.422272e-01	-2.131739e-02
2.422528e-01	-1.657340e-02
2.422784e-01	-1.169186e-02
2.423040e-01	-6.992206e-03
2.423296e-01	-2.295882e-03
2.423552e-01	2.435907e-03
2.423808e-01	7.233724e-03
2.424064e-01	1.192240e-02
2.424320e-01	1.655981e-02
2.424576e-01	2.131093e-02
2.424832e-01	2.583114e-02
2.425088e-01	3.068507e-02
2.425344e-01	3.541325e-02
2.425600e-01	3.982536e-02
2.425856e-01	4.431939e-02
2.426112e-01	4.895946e-02
2.426368e-01	5.344437e-02
2.426624e-01	5.791880e-02
2.426880e-01	6.248330e-02
2.427136e-01	6.703779e-02
2.427392e-01	7.134837e-02
2.427648e-01	7.571837e-02
2.427904e-01	8.012789e-02
2.428160e-01	8.441281e-02
2.428416e-01	8.862498e-02
2.428672e-01	9.284513e-02
2.428928e-01	9.718978e-02
2.429184e-01	1.012340e-01
2.429440e-01	1.054161e-01
2.429696e-01	1.094982e-01
2.429952e-01	1.135564e-01
2.430208e-01	1.175538e-01
2.430464e-01	1.214902e-01
2.430720e-01	1.255427e-01
2.430976e-01	1.292241e-01
2.431232e-01	1.331974e-01
2.431488e-01	1.368959e-01
2.431744e-01	1.406562e-01
2.432000e-01	1.444361e-01
2.432256e-01	1.479996e-01
2.432512e-01	1.516342e-01
2.432768e-01	1.550422e-01
2.433024e-01	1.586198e-01
2.433280e-01	1.619591e-01
2.433536e-01	1.653685e-01
2.433792e-01	1.687238e-01
2.434048e-01	1.719101e-01
2.434304e-01	1.752423e-01
2.434560e-01	1.781423e-01
2.434816e-01	1.814045e-01
2.435072e-01	1.843409e-01
2.435328e-01	1.873814e-01
2.435584e-01	1.902305e-01
2.435840e-01	1.929909e-01
2.436096e-01	1.958743e-01
2.436352e-01	1.985486e-01
2.436608e-01	2.012652e-01
2.436864e-01	2.037550e-01
2.437120e-01	2.062832e-01
2.437376e-01	2.087058e-01
2.437632e-01	2.110573e-01
2.437888e-01	2.133414e-01
2.438144e-01	2.157071e-01
2.438400e-01	2.178912e-01
2.438656e-01	2.199973e-01
2.438912e-01	2.220659e-01
2.439168e-01	2.238963e-01
2.439424e-01	2.258527e-01
2.439680e-01	2.276237e-01
2.439936e-01	2.294069e-01
2.440192e-01	2.310948e-01
2.440448e-01	2.326974e-01
2.440704e-01	2.342428e-01
2.440960e-01	2.356367e-01
2.441216e-01	2.369813e-01
2.441472e-01	2.385067e-01
2.441728e-01	2.396185e-01
2.441984e-01	2.406497e-01
2.442240e-01	2.418910e-01
2.442496e-01	2.428518e-01
2.442752e-01	2.437442e-01
2.443008e-01	2.447555e-01
2.443264e-01	2.454975e-01
2.443520e-01	2.461068e-01
2.443776e-01	2.467005e-01
2.444032e-01	2.473031e-01
2.444288e-01	2.477988e-01
2.444544e-01	2.480547e-01
2.444800e-01	2.484852e-01
2.445056e-01	2.487422e-01
2.445312e-01	2.488586e-01
2.445568e-01	2.490807e-01
2.445824e-01	2.488572e-01
2.446080e-01	2.487849e-01
2.446336e-01	2.488114e-01
2.446592e-01	2.485169e-01
2.446848e-01	2.482538e-01
2.447104e-01	2.478734e-01
2.447360e-01	2.474675e-01
2.447616e-01	2.469057e-01
2.447872e-01	2.462748e-01
2.448128e-01	2.456646e-01
2.448384e-01	2.447264e-01
2.448640e-01	2.439582e-01
2.448896e-01	2.431126e-01
2.449152e-01	2.421219e-01
2.449408e-01	2.410087e-01
2.449664e-01	2.399004e-01
2.449920e-01	2.386474e-01
2.450176e-01	2.373376e-01
2.450432e-01	2.359560e-01
2.450688e-01	2.345778e-01
2.450944e-01	2.330642e-01
2.451200e-01	2.313506e-01
2.451456e-01	2.298090e-01
2.451712e-01	2.281311e-01
2.451968e-01	2.261942e-01
2.452224e-01	2.244834e-01
2.452480e-01	2.224561e-01
2.452736e-01	2.204182e-01
2.452992e-01	2.184357e-01
2.453248e-01	2.161747e-01
2.453504e-01	2.140100e-01
2.453760e-01	2.116286e-01
2.454016e-01	2.092548e-01
2.454272e-01	2.069488e-01
2.454528e-01	2.043496e-01
2.454784e-01	2.017692e-01
2.455040e-01	1.991896e-01
2.455296e-01	1.966498e-01
2.455552e-01	1.937082e-01
2.455808e-01	1.908627e-01
2.456064e-01	1.880499e-01
2.456320e-01	1.850447e-01
2.456576e-01	1.821081e-01
2.456832e-01	1.790500e-01
2.457088e-01	1.758611e-01
2.457344e-01	1.727280e-01
2.457600e-01	1.695663e-01
2.457856e-01	1.662029e-01
2.458112e-01	1.627846e-01
2.458368e-01	1.595134e-01
2.458624e-01	1.559838e-01
2.458880e-01	1.524499e-01
2.459136e-01	1.488570e-01
2.459392e-01	1.452132e-01
2.459648e-01	1.415785e-01
2.459904e-01	1.378699e-01
2.460160e-01	1.341473e-01
2.460416e-01	1.303393e-01
2.460672e-01	1.264950e-01
2.460928e-01	1.225631e-01
2.461184e-01	1.184784e-01
2.461440e-01	1.146449e-01
2.461696e-01	1.106279e-01
2.461952e-01	1.064232e-01
2.462208e-01	1.023757e-01
2.462464e-01	9.816802e-02
2.462720e-01	9.392938e-02
2.462976e-01	8.979244e-02
2.463232e-01	8.545732e-02
2.463488e-01	8.119216e-02
2.463744e-01	7.682230e-02
2.464000e-01	7.251205e-02
2.464256e-01	6.805944e-02
2.464512e-01	6.358562e-02
2.464768e-01	5.908312e-02
2.465024e-01	5.463364e-02
2.465280e-01	5.004214e-02
2.465536e-01	4.559649e-02
2.465792e-01	4.106743e-02
2.466048e-01	3.634015e-02
2.466304e-01	3.178413e-02
2.466560e-01	2.710985e-02
2.466816e-01	2.249995e-02
2.467072e-01	1.782603e-02
2.467328e-01	1.318739e-02
2.467584e-01	8.482003e-03
2.467840e-01	3.750399e-03
2.468096e-01	-9.515919e-04
2.468352e-01	-5.947212e-03
2.468608e-01	-1.054107e-02
2.468864e-01	-1.544246e-02
2.469120e-01	-2.006239e-02
2.469376e-01	-2.489839e-02
2.469632e-01	-2.985004e-02
2.469888e-01	-3.439128e-02
2.470144e-01	-3.936012e-02
2.470400e-01	-4.403560e-02
2.470656e-01	-4.891488e-02
2.470912e-01	-5.391233e-02
2.471168e-01	-5.848406e-02
2.471424e-01	-6.331986e-02
2.471680e-01	-6.814848e-02
2.471936e-01	-7.298674e-02
2.472192e-01	-7.785165e-02
2.472448e-01	-8.254669e-02
2.472704e-01	-8.726427e-02
2.472960e-01	-9.223126e-02
2.473216e-01	-9.682669e-02
2.473472e-01	-1.015275e-01
2.473728e-01	-1.063774e-01
2.473984e-01	-1.110516e-01
2.474240e-01	-1.156713e-01
2.474496e-01	-1.203168e-01
2.474752e-01	-1.251281e-01
2.475008e-01	-1.297119e-01
2.475264e-01	-1.343341e-01
2.475520e-01	-1.389900e-01
2.475776e-01	-1.434536e-01
2.476032e-01	-1.480677e-01
2.476288e-01	-1.525114e-01
2.476544e-01	-1.572180e-01
2.476800e-01	-1.615763e-01
2.477056e-01	-1.658615e-01
2.477312e-01	-1.705103e-01
2.477568e-01	-1.748255e-01
2.477824e-01	-1.791478e-01
2.478080e-01	-1.835142e-01
2.478336e-01	-1.877678e-01
2.478592e-01	-1.920542e-01
2.478848e-01	-1.962855e-01
2.479104e-01	-2.004994e-01
2.479360e-01	-2.045569e-01
2.479616e-01	-2.086707e-01
2.479872e-01	-2.126596e-01
2.480128e-01	-2.167259e-01
2.480384e-01	-2.205268e-01
2.480640e-01	-2.245808e-01
2.480896e-01	-2.285153e-01
2.481152e-01	-2.324238e-01
2.481408e-01	-2.361291e-01
2.481664e-01	-2.397763e-01
2.481920e-01	-2.435942e-01
2.482176e-01	-2.470951e-01
2.482432e-01	-2.508097e-01
2.482688e-01	-2.541981e-01
2.482944e-01	-2.577688e-01
2.483200e-01	-2.612329e-01
2.483456e-01	-2.645690e-01
2.483712e-01	-2.678179e-01
2.483968e-01	-2.710246e-01
2.484224e-01	-2.744887e-01
2.484480e-01	-2.774918e-01
2.484736e-01	-2.805599e-01
2.484992e-01	-2.835691e-01
2.485248e-01	-2.865828e-01
2.485504e-01	-2.894235e-01
2.485760e-01	-2.922752e-01
2.486016e-01	-2.950107e-01
2.486272e-01	-2.976805e-01
2.486528e-01	-3.003511e-01
2.486784e-01	-3.031631e-01
2.487040e-01	-3.055192e-01
2.487296e-01	-3.078319e-01
2.487552e-01	-3.103904e-01
2.487808e-01	-3.125736e-01
2.488064e-01	-3.149174e-01
2.488320e-01	-3.169526e-01
2.488576e-01	-3.191638e-01
2.488832e-01	-3.212618e-01
2.489088e-01	-3.232426e-01
2.489344e-01	-3.250708e-01
2.489600e-01	-3.267183e-01
2.489856e-01	-3.287447e-01
2.490112e-01	-3.302818e-01
2.490368e-01	-3.319108e-01
2.490624e-01	-3.334000e-01
2.490880e-01	-3.348880e-01
2.491136e-01	-3.363187e-01
2.491392e-01	-3.376577e-01
2.491648e-01	-3.389170e-01
2.491904e-01	-3.400198e-01
2.492160e-01	-3.412048e-01
2.492416e-01	-3.422076e-01
2.492672e-01	-3.431624e-01
2.492928e-01	-3.439691e-01
2.493184e-01	-3.447394e-01
2.493440e-01	-3.454308e-01
2.493696e-01	-3.459992e-01
2.493952e-01	-3.467640e-01
2.494208e-01	-3.471078e-01
2.494464e-01	-3.475329e-01
2.494720e-01	-3.478913e-01
2.494976e-01	-3.480623e-01
2.495232e-01	-3.483325e-01
2.495488e-01	-3.483528e-01
2.495744e-01	-3.484410e-01
2.496000e-01	-3.483802e-01
2.496256e-01	-3.482897e-01
2.496512e-01	-3.480591e-01
2.496768e-01	-3.476117e-01
2.497024e-01	-3.473188e-01
2.497280e-01	-3.468421e-01
2.497536e-01	-3.463243e-01
2.497792e-01	-3.455834e-01
2.498048e-01	-3.450029e-01
2.498304e-01	-3.443094e-01
2.498560e-01	-3.434167e-01
2.498816e-01	-3.425353e-01
2.499072e-01	-3.415863e-01
2.499328e-01	-3.405640e-01
2.499584e-01	-3.393718e-01
2.499840e-01	-3.381853e-01
2.500096e-01	-3.369619e-01
2.500352e-01	-3.354882e-01
2.500608e-01	-3.340646e-01
2.500864e-01	-3.325622e-01
2.501120e-01	-3.309364e-01
2.501376e-01	-3.292860e-01
2.501632e-01	-3.276360e-01
2.501888e-01	-3.258896e-01
2.502144e-01	-3.240344e-01
2.502400e-01	-3.219964e-01
2.502656e-01	-3.199907e-01
2.502912e-01	-3.178552e-01
2.503168e-01	-3.157403e-01
2.503424e-01	-3.134424e-01
2.503680e-01	-3.113202e-01
2.503936e-01	-3.090190e-01
2.504192e-01	-3.064085e-01
2.504448e-01	-3.038908e-01
2.504704e-01	-3.013493e-01
2.504960e-01	-2.987250e-01
2.505216e-01	-2.962065e-01
2.505472e-01	-2.933222e-01
2.505728e-01	-2.904780e-01
2.505984e-01	-2.876685e-01
2.506240e-01	-2.845429e-01
2.506496e-01	-2.816576e-01
2.506752e-01	-2.786775e-01
2.507008e-01	-2.754061e-01
2.507264e-01	-2.723957e-01
2.507520e-01	-2.691460e-01
2.507776e-01	-2.658096e-01
2.508032e-01	-2.624142e-01
2.508288e-01	-2.590713e-01
2.508544e-01	-2.554902e-01
2.508800e-01	-2.521513e-01
2.509056e-01	-2.485019e-01
2.509312e-01	-2.448959e-01
2.509568e-01	-2.412693e-01
2.509824e-01	-2.374503e-01
2.510080e-01	-2.338368e-01
2.510336e-01	-2.298194e-01
2.510592e-01	-2.260180e-01
2.510848e-01	-2.222813e-01
2.511104e-01	-2.182504e-01
2.511360e-01	-2.142549e-01
2.511616e-01	-2.101503e-01
2.511872e-01	-2.059930e-01
2.512128e-01	-2.020478e-01
2.512384e-01	-1.978431e-01
2.512640e-01	-1.935355e-01
2.512896e-01	-1.894834e-01
2.513152e-01	-1.850564e-01
2.513408e-01	-1.808196e-01
2.513664e-01	-1.764789e-01
2.513920e-01	-1.721547e-01
2.514176e-01	-1.676406e-01
2.514432e-01	-1.631763e-01
2.514688e-01	-1.588288e-01
2.514944e-01	-1.542332e-01
2.515200e-01	-1.497523e-01
2.515456e-01	-1.451675e-01
2.515712e-01	-1.406291e-01
2.515968e-01	-1.360937e-01
2.516224e-01	-1.314575e-01
2.516480e-01	-1.268290e-01
2.516736e-01	-1.220834e-01
2.516992e-01	-1.174870e-01
2.517248e-01	-1.128018e-01
2.517504e-01	-1.080545e-01
2.517760e-01	-1.033742e-01
2.518016e-01	-9.857915e-02
2.518272e-01	-9.380918e-02
2.518528e-01	-8.902838e-02
2.518784e-01	-8.422753e-02
2.519040e-01	-7.946232e-02
2.519296e-01	-7.477488e-02
2.519552e-01	-6.983995e-02
2.519808e-01	-6.498853e-02
2.520064e-01	-6.039679e-02
2.520320e-01	-5.549250e-02
2.520576e-01	-5.075892e-02
2.520832e-01	-4.586440e-02
2.521088e-01	-4.107015e-02
2.521344e-01	-3.618159e-02
2.521600e-01	-3.134862e-02
2.521856e-01	-2.674211e-02
2.522112e-01	-2.178186e-02
2.522368e-01	-1.699541e-02
2.522624e-01	-1.226044e-02
2.522880e-01	-7.497990e-03
2.523136e-01	-2.671410e-03
2.523392e-01	2.005090e-03
2.523648e-01	6.727927e-03
2.523904e-01	1.148548e-02
2.524160e-01	1.616420e-02
2.524416e-01	2.085335e-02
2.524672e-01	2.547237e-02
2.524928e-01	3.017436e-02
2.525184e-01	3.477497e-02
2.525440e-01	3.946955e-02
2.525696e-01	4.397782e-02
2.525952e-01	4.854411e-02
2.526208e-01	5.307606e-02
2.526464e-01	5.756250e-02
2.526720e-01	6.205305e-02
2.526976e-01	6.646725e-02
2.527232e-01	7.085607e-02
2.527488e-01	7.537306e-02
2.527744e-01	7.969839e-02
2.528000e-01	8.396820e-02
2.528256e-01	8.829246e-02
2.528512e-01	9.259563e-02
2.528768e-01	9.667129e-02
2.529024e-01	1.008926e-01
2.529280e-01	1.049986e-01
2.529536e-01	1.090754e-01
2.529792e-01	1.132881e-01
2.530048e-01	1.171990e-01
2.530304e-01	1.211342e-01
2.530560e-01	1.250314e-01
2.530816e-01	1.289973e-01
2.531072e-01	1.328547e-01
2.531328e-01	1.366388e-01
2.531584e-01	1.403678e-01
2.531840e-01	1.439482e-01
2.532096e-01	1.476848e-01
2.532352e-01	1.512205e-01
2.532608e-01	1.547800e-01
2.532864e-01	1.581651e-01
2.533120e-01	1.616818e-01
2.533376e-01	1.650011e-01
2.533632e-01	1.683949e-01
2.533888e-01	1.717552e-01
2.534144e-01	1.748094e-01
2.534400e-01	1.780495e-01
2.534656e-01	1.812013e-01
2.534912e-01	1.840906e-01
2.535168e-01	1.869900e-01
2.535424e-01	1.900540e-01
2.535680e-01	1.928610e-01
2.535936e-01	1.954791e-01
2.536192e-01	1.982389e-01
2.536448e-01	2.009471e-01
2.536704e-01	2.034893e-01
2.536960e-01	2.059611e-01
2.537216e-01	2.085210e-01
2.537472e-01	2.108734e-01
2.537728e-01	2.131240e-01
2.537984e-01	2.153258e-01
2.538240e-01	2.176037e-01
2.538496e-01	2.197626e-01
2.538752e-01	2.218881e-01
2.539008e-01	2.237569e-01
2.539264e-01	2.256567e-01
2.539520e-01	2.275330e-01
2.539776e-01	2.291882e-01
2.540032e-01	2.310130e-01
2.540288e-01	2.326424e-01
2.540544e-01	2.340477e-01
2.540800e-01	2.356487e-01
2.541056e-01	2.369415e-01
2.541312e-01	2.382604e-01
2.541568e-01	2.395012e-01
2.541824e-01	2.406536e-01
2.542080e-01	2.417723e-01
2.542336e-01	2.428542e-01
2.542592e-01	2.437697e-01
2.542848e-01	2.444962e-01
2.543104e-01	2.454038e-01
2.543360e-01	2.460620e-01
2.543616e-01	2.467308e-01
2.543872e-01	2.473250e-01
2.544128e-01	2.476986e-01
2.544384e-01	2.483253e-01
2.544640e-01	2.483854e-01
2.544896e-01	2.486404e-01
2.545152e-01	2.489154e-01
2.545408e-01	2.489848e-01
2.545664e-01	2.489705e-01
2.545920e-01	2.488714e-01
2.546176e-01	2.488498e-01
2.546432e-01	2.485620e-01
2.546688e-01	2.483392e-01
2.546944e-01	2.478485e-01
2.547200e-01	2.474460e-01
2.547456e-01	2.470215e-01
2.547712e-01	2.462908e-01
2.547968e-01	2.457206e-01
2.548224e-01	2.448220e-01
2.548480e-01	2.441244e-01
2.548736e-01	2.431929e-01
2.548992e-01	2.421939e-01
2.549248e-01	2.411585e-01
2.549504e-01	2.400010e-01
2.549760e-01	2.388058e-01
2.550016e-01	2.374808e-01
2.550272e-01	2.360827e-01
2.550528e-01	2.347560e-01
2.550784e-01	2.332985e-01
2.551040e-01	2.316062e-01
2.551296e-01	2.299534e-01
2.551552e-01	2.282345e-01
2.551808e-01	2.264223e-01
2.552064e-01	2.246065e-01
2.552320e-01	2.226122e-01
2.552576e-01	2.206145e-01
2.552832e-01	2.185800e-01
2.553088e-01	2.163625e-01
2.553344e-01	2.141949e-01
2.553600e-01	2.119037e-01
2.553856e-01	2.095749e-01
2.554112e-01	2.071364e-01
2.554368e-01	2.045305e-01
2.554624e-01	2.020999e-01
2.554880e-01	1.994128e-01
2.555136e-01	1.968841e-01
2.555392e-01	1.940240e-01
2.555648e-01	1.911113e-01
2.555904e-01	1.883518e-01
2.556160e-01	1.854494e-01
2.556416e-01	1.824814e-01
2.556672e-01	1.793640e-01
2.556928e-01	1.761291e-01
2.557184e-01	1.729471e-01
2.557440e-01	1.698662e-01
2.557696e-01	1.664994e-01
2.557952e-01	1.631531e-01
2.558208e-01	1.597878e-01
2.558464e-01	1.561279e-01
2.558720e-01	1.527556e-01
2.558976e-01	1.491652e-01
2.559232e-01	1.455503e-01
2.559488e-01	1.419417e-01
2.559744e-01	1.382027e-01
2.560000e-01	1.344382e-01
2.560256e-01	1.306020e-01
2.560512e-01	1.267740e-01
2.560768e-01	1.229155e-01
2.561024e-01	1.189868e-01
2.561280e-01	1.148920e-01
2.561536e-01	1.109823e-01
2.561792e-01	1.068478e-01
2.562048e-01	1.027006e-01
2.562304e-01	9.865826e-02
2.562560e-01	9.447195e-02
2.562816e-01	9.021243e-02
2.563072e-01	8.579604e-02
2.563328e-01	8.158045e-02
2.563584e-01	7.719696e-02
2.563840e-01	7.295363e-02
2.564096e-01	6.840397e-02
2.564352e-01	6.401909e-02
2.564608e-01	5.965760e-02
2.564864e-01	5.510119e-02
2.565120e-01	5.053069e-02
2.565376e-01	4.592958e-02
2.565632e-01	4.142893e-02
2.565888e-01	3.684933e-02
2.566144e-01	3.233837e-02
2.566400e-01	2.754308e-02
2.566656e-01	2.283429e-02
2.566912e-01	1.832214e-02
2.567168e-01	1.361210e-02
2.567424e-01	8.876165e-03
2.567680e-01	4.119540e-03
2.567936e-01	-6.878161e-04
2.568192e-01	-5.444811e-03
2.568448e-01	-1.009125e-02
2.568704e-01	-1.491737e-02
2.568960e-01	-1.961878e-02
2.569216e-01	-2.446718e-02
2.569472e-01	-2.916809e-02
2.569728e-01	-3.401205e-02
2.569984e-01	-3.884877e-02
2.570240e-01	-4.361259e-02
2.570496e-01	-4.847587e-02
2.570752e-01	-5.325669e-02
2.571008e-01	-5.816770e-02
2.571264e-01	-6.285941e-02
2.571520e-01	-6.776869e-02
2.571776e-01	-7.252683e-02
2.572032e-01	-7.720794e-02
2.572288e-01	-8.210709e-02
2.572544e-01	-8.682948e-02
2.572800e-01	-9.173837e-02
2.573056e-01	-9.632753e-02
2.573312e-01	-1.011350e-01
2.573568e-01	-1.059365e-01
2.573824e-01	-1.105696e-01
2.574080e-01	-1.152211e-01
2.574336e-01	-1.198915e-01
2.574592e-01	-1.245980e-01
2.574848e-01	-1.292447e-01
2.575104e-01	-1.340159e-01
2.575360e-01	-1.385349e-01
2.575616e-01	-1.429480e-01
2.575872e-01	-1.477227e-01
2.576128e-01	-1.520870e-01
2.576384e-01	-1.566738e-01
2.576640e-01	-1.610961e-01
2.576896e-01	-1.655177e-01
2.577152e-01	-1.700781e-01
2.577408e-01	-1.742913e-01
2.577664e-01	-1.787663e-01
2.577920e-01	-1.831220e-01
2.578176e-01	-1.873615e-01
2.578432e-01	-1.916793e-01
2.578688e-01	-1.958744e-01
2.578944e-01	-1.999683e-01
2.579200e-01	-2.041413e-01
2.579456e-01	-2.082912e-01
2.579712e-01	-2.122518e-01
2.579968e-01	-2.163830e-01
2.580224e-01	-2.202639e-01
2.580480e-01	-2.240973e-01
2.580736e-01	-2.281537e-01
2.580992e-01	-2.319356e-01
2.581248e-01	-2.355320e-01
2.581504e-01	-2.394654e-01
2.581760e-01	-2.430809e-01
2.582016e-01	-2.467578e-01
2.582272e-01	-2.503492e-01
2.582528e-01	-2.539012e-01
2.582784e-01	-2.574139e-01
2.583040e-01	-2.608135e-01
2.583296e-01	-2.641861e-01
2.583552e-01	-2.674250e-01
2.583808e-01	-2.708201e-01
2.584064e-01	-2.740045e-01
2.584320e-01	-2.771581e-01
2.584576e-01	-2.803165e-01
2.584832e-01	-2.832139e-01
2.585088e-01	-2.862334e-01
2.585344e-01	-2.890336e-01
2.585600e-01	-2.919642e-01
2.585856e-01	-2.947731e-01
2.586112e-01	-2.974181e-01
2.586368e-01	-3.001182e-01
2.586624e-01	-3.026807e-01
2.586880e-01	-3.052398e-01
2.587136e-01	-3.076373e-01
2.587392e-01	-3.100258e-01
2.587648e-01	-3.124006e-01
2.587904e-01	-3.146552e-01
2.588160e-01	-3.169328e-01
2.588416e-01	-3.188721e-01
2.588672e-01	-3.209950e-01
2.588928e-01	-3.230508e-01
2.589184e-01	-3.248256e-01
2.589440e-01	-3.267176e-01
2.589696e-01	-3.285069e-01
2.589952e-01	-3.300751e-01
2.590208e-01	-3.318173e-01
2.590464e-01	-3.333451e-01
2.590720e-01	-3.348039e-01
2.590976e-01	-3.362773e-01
2.591232e-01	-3.375474e-01
2.591488e-01	-3.387094e-01
2.591744e-01	-3.399452e-01
2.592000e-01	-3.410210e-01
2.592256e-01	-3.420903e-01
2.592512e-01	-3.428970e-01
2.592768e-01	-3.437734e-01
2.593024e-01	-3.447810e-01
2.593280e-01	-3.453516e-01
2.593536e-01	-3.460008e-01
2.593792e-01	-3.465968e-01
2.594048e-01	-3.470678e-01
2.594304e-01	-3.475426e-01
2.594560e-01	-3.477141e-01
2.594816e-01	-3.481326e-01
2.595072e-01	-3.482512e-01
2.595328e-01	-3.483231e-01
2.595584e-01	-3.483742e-01
2.595840e-01	-3.482620e-01
2.596096e-01	-3.482411e-01
2.596352e-01	-3.480116e-01
2.596608e-01	-3.476225e-01
2.596864e-01	-3.473141e-01
2.597120e-01	-3.469228e-01
2.597376e-01	-3.463103e-01
2.597632e-01	-3.458040e-01
2.597888e-01	-3.451039e-01
2.598144e-01	-3.442933e-01
2.598400e-01	-3.435186e-01
2.598656e-01	-3.426964e-01
2.598912e-01	-3.417771e-01
2.599168e-01	-3.405700e-01
2.599424e-01	-3.394668e-01
2.599680e-01	-3.381377e-01
2.599936e-01	-3.369274e-01
2.600192e-01	-3.356603e-01
2.600448e-01	-3.343214e-01
2.600704e-01	-3.327967e-01
2.600960e-01	-3.311945e-01
2.601216e-01	-3.294993e-01
2.601472e-01	-3.276526e-01
2.601728e-01	-3.259190e-01
2.601984e-01	-3.241601e-01
2.602240e-01	-3.221079e-01
2.602496e-01	-3.201149e-01
2.602752e-01	-3.180405e-01
2.603008e-01	-3.159805e-01
2.603264e-01	-3.137088e-01
2.603520e-01	-3.113970e-01
2.603776e-01	-3.092280e-01
2.604032e-01	-3.066896e-01
2.604288e-01	-3.041228e-01
2.604544e-01	-3.015793e-01
2.604800e-01	-2.991135e-01
2.605056e-01	-2.963374e-01
2.605312e-01	-2.935277e-01
2.605568e-01	-2.908389e-01
2.605824e-01	-2.878692e-01
2.606080e-01	-2.849744e-01
2.606336e-01	-2.819483e-01
2.606592e-01	-2.789927e-01
2.606848e-01	-2.758916e-01
2.607104e-01	-2.727380e-01
2.607360e-01	-2.693417e-01
2.607616e-01	-2.661173e-01
2.607872e-01	-2.627579e-01
2.608128e-01	-2.593429e-01
2.608384e-01	-2.559970e-01
2.608640e-01	-2.524140e-01
2.608896e-01	-2.488710e-01
2.609152e-01	-2.452895e-01
2.609408e-01	-2.415177e-01
2.609664e-01	-2.377780e-01
2.609920e-01	-2.340185e-01
2.610176e-01	-2.302093e-01
2.610432e-01	-2.263922e-01
2.610688e-01	-2.224332e-01
2.610944e-01	-2.185674e-01
2.611200e-01	-2.145820e-01
2.611456e-01	-2.104822e-01
2.611712e-01	-2.065139e-01
2.611968e-01	-2.024476e-01
2.612224e-01	-1.981741e-01
2.612480e-01	-1.939220e-01
2.612736e-01	-1.897877e-01
2.612992e-01	-1.854868e-01
2.613248e-01	-1.811718e-01
2.613504e-01	-1.768421e-01
2.613760e-01	-1.725163e-01
2.614016e-01	-1.680868e-01
2.614272e-01	-1.636619e-01
2.614528e-01	-1.590754e-01
2.614784e-01	-1.547107e-01
2.615040e-01	-1.502148e-01
2.615296e-01	-1.455688e-01
2.615552e-01	-1.411735e-01
2.615808e-01	-1.365617e-01
2.616064e-01	-1.318827e-01
2.616320e-01	-1.273085e-01
2.616576e-01	-1.225947e-01
2.616832e-01	-1.178878e-01
2.617088e-01	-1.132352e-01
2.617344e-01	-1.085099e-01
2.617600e-01	-1.037046e-01
2.617856e-01	-9.907915e-02
2.618112e-01	-9.429985e-02
2.618368e-01	-8.948065e-02
2.618624e-01	-8.471853e-02
2.618880e-01	-7.995223e-02
2.619136e-01	-7.513567e-02
2.619392e-01	-7.037563e-02
2.619648e-01	-6.557587e-02
2.619904e-01	-6.062304e-02
2.620160e-01	-5.587639e-02
2.620416e-01	-5.117431e-02
2.620672e-01	-4.629419e-02
2.620928e-01	-4.152036e-02
2.621184e-01	-3.658920e-02
2.621440e-01	-3.178192e-02
2.621696e-01	-2.702333e-02
2.621952e-01	-2.223524e-02
2.622208e-01	-1.739672e-02
2.622464e-01	-1.266844e-02
2.622720e-01	-7.826879e-03
2.622976e-01	-3.097183e-03
2.623232e-01	1.454260e-03
2.623488e-01	6.317643e-03
2.623744e-01	1.115225e-02
2.624000e-01	1.577882e-02
2.624256e-01	2.038014e-02
2.624512e-01	2.510031e-02
2.624768e-01	2.974233e-02
2.625024e-01	3.429121e-02
2.625280e-01	3.906589e-02
2.625536e-01	4.358390e-02
2.625792e-01	4.808740e-02
2.626048e-01	5.263492e-02
2.626304e-01	5.719444e-02
2.626560e-01	6.159286e-02
2.626816e-01	6.609777e-02
2.627072e-01	7.056529e-02
2.627328e-01	7.494257e-02
2.627584e-01	7.920840e-02
2.627840e-01	8.363093e-02
2.628096e-01	8.795312e-02
2.628352e-01	9.215693e-02
2.628608e-01	9.635655e-02
2.628864e-01	1.003840e-01
2.629120e-01	1.045563e-01
2.629376e-01	1.088377e-01
2.629632e-01	1.128142e-01
2.629888e-01	1.167822e-01
2.630144e-01	1.207841e-01
2.630400e-01	1.246427e-01
2.630656e-01	1.286353e-01
2.630912e-01	1.324834e-01
2.631168e-01	1.361967e-01
2.631424e-01	1.400070e-01
2.631680e-01	1.436524e-01
2.631936e-01	1.473757e-01
2.632192e-01	1.509018e-01
2.632448e-01	1.544736e-01
2.632704e-01	1.579856e-01
2.632960e-01	1.613672e-01
2.633216e-01	1.647621e-01
2.633472e-01	1.681583e-01
2.633728e-01	1.713421e-01
2.633984e-01	1.745820e-01
2.634240e-01	1.777565e-01
2.634496e-01	1.807462e-01
2.634752e-01	1.838316e-01
2.635008e-01	1.868242e-01
2.635264e-01	1.896678e-01
2.635520e-01	1.925602e-01
2.635776e-01	1.952450e-01
2.636032e-01	1.980977e-01
2.636288e-01	2.006832e-01
2.636544e-01	2.032591e-01
2.636800e-01	2.059026e-01
2.637056e-01	2.082798e-01
2.637312e-01	2.106741e-01
2.637568e-01	2.131148e-01
2.637824e-01	2.152300e-01
2.638080e-01	2.174272e-01
2.638336e-01	2.195664e-01
2.638592e-01	2.216477e-01
2.638848e-01	2.235931e-01
2.639104e-01	2.254578e-01
2.639360e-01	2.274375e-01
2.639616e-01	2.291034e-01
2.639872e-01	2.307219e-01
2.640128e-01	2.324510e-01
2.640384e-01	2.339202e-01
2.640640e-01	2.353864e-01
2.640896e-01	2.368455e-01
2.641152e-01	2.381794e-01
2.641408e-01	2.393589e-01
2.641664e-01	2.404939e-01
2.641920e-01	2.416407e-01
2.642176e-01	2.427602e-01
2.642432e-01	2.436956e-01
2.642688e-01	2.444872e-01
2.642944e-01	2.452194e-01
2.643200e-01	2.460621e-01
2.643456e-01	2.465926e-01
2.643712e-01	2.471683e-01
2.643968e-01	2.477099e-01
2.644224e-01	2.481054e-01
2.644480e-01	2.484497e-01
2.644736e-01	2.487709e-01
2.644992e-01	2.489385e-01
2.645248e-01	2.490176e-01
2.645504e-01	2.491435e-01
2.645760e-01	2.489107e-01
2.646016e-01	2.488328e-01
2.646272e-01	2.487048e-01
2.646528e-01	2.481813e-01
2.646784e-01	2.479344e-01
2.647040e-01	2.475243e-01
2.647296e-01	2.469670e-01
2.647552e-01	2.464374e-01
2.647808e-01	2.457362e-01
2.648064e-01	2.448994e-01
2.648320e-01	2.442150e-01
2.648576e-01	2.431901e-01
2.648832e-01	2.423815e-01
2.649088e-01	2.412941e-01
2.649344e-01	2.400480e-01
2.649600e-01	2.390381e-01
2.649856e-01	2.375986e-01
2.650112e-01	2.361935e-01
2.650368e-01	2.348977e-01
2.650624e-01	2.334675e-01
2.650880e-01	2.318527e-01
2.651136e-01	2.301707e-01
2.651392e-01	2.284786e-01
2.651648e-01	2.266537e-01
2.651904e-01	2.247564e-01
2.652160e-01	2.228486e-01
2.652416e-01	2.209869e-01
2.652672e-01	2.187329e-01
2.652928e-01	2.165471e-01
2.653184e-01	2.143157e-01
2.653440e-01	2.121275e-01
2.653696e-01	2.098336e-01
2.653952e-01	2.073621e-01
2.654208e-01	2.047877e-01
2.654464e-01	2.023396e-01
2.654720e-01	1.997878e-01
2.654976e-01	1.970392e-01
2.655232e-01	1.942555e-01
2.655488e-01	1.915818e-01
2.655744e-01	1.885891e-01
2.656000e-01	1.856430e-01
2.656256e-01	1.827338e-01
2.656512e-01	1.796283e-01
2.656768e-01	1.765462e-01
2.657024e-01	1.733356e-01
2.657280e-01	1.700466e-01
2.657536e-01	1.668343e-01
2.657792e-01	1.634192e-01
2.658048e-01	1.600613e-01
2.658304e-01	1.566895e-01
2.658560e-01	1.530889e-01
2.658816e-01	1.495440e-01
2.659072e-01	1.459917e-01
2.659328e-01	1.423982e-01
2.659584e-01	1.386284e-01
2.659840e-01	1.347711e-01
2.660096e-01	1.309953e-01
2.660352e-01	1.271901e-01
2.660608e-01	1.233567e-01
2.660864e-01	1.193259e-01
2.661120e-01	1.153189e-01
2.661376e-01	1.112769e-01
2.661632e-01	1.073242e-01
2.661888e-01	1.031587e-01
2.662144e-01	9.905440e-02
2.662400e-01	9.480770e-02
2.662656e-01	9.062602e-02
2.662912e-01	8.639617e-02
2.663168e-01	8.200029e-02
2.663424e-01	7.771730e-02
2.663680e-01	7.328883e-02
2.663936e-01	6.892441e-02
2.664192e-01	6.448320e-02
2.664448e-01	5.997923e-02
2.664704e-01	5.551188e-02
2.664960e-01	5.098779e-02
2.665216e-01	4.647208e-02
2.665472e-01	4.189664e-02
2.665728e-01	3.730916e-02
2.665984e-01	3.274323e-02
2.666240e-01	2.812585e-02
2.666496e-01	2.328865e-02
2.666752e-01	1.886175e-02
2.667008e-01	1.410809e-02
2.667264e-01	9.321125e-03
2.667520e-01	4.707802e-03
2.667776e-01	-1.477670e-04
2.668032e-01	-4.838332e-03
2.668288e-01	-9.593651e-03
2.668544e-01	-1.445145e-02
2.668800e-01	-1.922907e-02
2.669056e-01	-2.414599e-02
2.669312e-01	-2.879336e-02
2.669568e-01	-3.357587e-02
2.669824e-01	-3.837163e-02
2.670080e-01	-4.329887e-02
2.670336e-01	-4.807857e-02
2.670592e-01	-5.273733e-02
2.670848e-01	-5.766519e-02
2.671104e-01	-6.241294e-02
2.671360e-01	-6.726444e-02
2.671616e-01	-7.205820e-02
2.671872e-01	-7.680373e-02
2.672128e-01	-8.162564e-02
2.672384e-01	-8.633689e-02
2.672640e-01	-9.122051e-02
2.672896e-01	-9.581263e-02
2.673152e-01	-1.006505e-01
2.673408e-01	-1.053340e-01
2.673664e-01	-1.101826e-01
2.673920e-01	-1.148827e-01
2.674176e-01	-1.194780e-01
2.674432e-01	-1.242146e-01
2.674688e-01	-1.287704e-01
2.674944e-01	-1.335296e-01
2.675200e-01	-1.379848e-01
2.675456e-01	-1.426201e-01
2.675712e-01	-1.470921e-01
2.675968e-01	-1.516694e-01
2.676224e-01	-1.562997e-01
2.676480e-01	-1.606608e-01
2.676736e-01	-1.652190e-01
2.676992e-01	-1.694852e-01
2.677248e-01	-1.739760e-01
2.677504e-01	-1.782773e-01
2.677760e-01	-1.826051e-01
2.678016e-01	-1.868964e-01
2.678272e-01	-1.912525e-01
2.678528e-01	-1.954744e-01
2.678784e-01	-1.994926e-01
2.679040e-01	-2.037933e-01
2.679296e-01	-2.077925e-01
2.679552e-01	-2.118503e-01
2.679808e-01	-2.159404e-01
2.680064e-01	-2.197783e-01
2.680320e-01	-2.238735e-01
2.680576e-01	-2.276560e-01
2.680832e-01	-2.314729e-01
2.681088e-01	-2.352751e-01
2.681344e-01	-2.391151e-01
2.681600e-01	-2.427525e-01
2.681856e-01	-2.464879e-01
2.682112e-01	-2.500431e-01
2.682368e-01	-2.536735e-01
2.682624e-01	-2.570606e-01
2.682880e-01	-2.604076e-01
2.683136e-01	-2.640025e-01
2.683392e-01	-2.671012e-01
2.683648e-01	-2.704533e-01
2.683904e-01	-2.736245e-01
2.684160e-01	-2.768410e-01
2.684416e-01	-2.799503e-01
2.684672e-01	-2.828884e-01
2.684928e-01	-2.859901e-01
2.685184e-01	-2.887852e-01
2.685440e-01	-2.916207e-01
2.685696e-01	-2.944262e-01
2.685952e-01	-2.972889e-01
2.686208e-01	-2.997130e-01
2.686464e-01	-3.025097e-01
2.686720e-01	-3.049895e-01
2.686976e-01	-3.072541e-01
2.687232e-01	-3.097745e-01
2.687488e-01	-3.121360e-01
2.687744e-01	-3.144549e-01
2.688000e-01	-3.165522e-01
2.688256e-01	-3.187218e-01
2.688512e-01	-3.207714e-01
2.688768e-01	-3.228231e-01
2.689024e-01	-3.247336e-01
2.689280e-01	-3.265906e-01
2.689536e-01	-3.284602e-01
2.689792e-01	-3.300309e-01
2.690048e-01	-3.317273e-01
2.690304e-01	-3.331730e-01
2.690560e-01	-3.346778e-01
2.690816e-01	-3.360404e-01
2.691072e-01	-3.373879e-01
2.691328e-01	-3.386219e-01
2.691584e-01	-3.398018e-01
2.691840e-01	-3.410620e-01
2.692096e-01	-3.420052e-01
2.692352e-01	-3.428161e-01
2.692608e-01	-3.438780e-01
2.692864e-01	-3.445897e-01
2.693120e-01	-3.452917e-01
2.693376e-01	-3.459366e-01
2.693632e-01	-3.465545e-01
2.693888e-01	-3.470759e-01
2.694144e-01	-3.473233e-01
2.694400e-01	-3.478833e-01
2.694656e-01	-3.479845e-01
2.694912e-01	-3.481234e-01
2.695168e-01	-3.482686e-01
2.695424e-01	-3.483847e-01
2.695680e-01	-3.483557e-01
2.695936e-01	-3.481547e-01
2.696192e-01	-3.480754e-01
2.696448e-01	-3.475808e-01
2.696704e-01	-3.473498e-01
2.696960e-01	-3.468833e-01
2.697216e-01	-3.464212e-01
2.697472e-01	-3.458386e-01
2.697728e-01	-3.451924e-01
2.697984e-01	-3.444464e-01
2.698240e-01	-3.436421e-01
2.698496e-01	-3.427562e-01
2.698752e-01	-3.416860e-01
2.699008e-01	-3.406155e-01
2.699264e-01	-3.395939e-01
2.699520e-01	-3.383973e-01
2.699776e-01	-3.371263e-01
2.700032e-01	-3.357565e-01
2.700288e-01	-3.343488e-01
2.700544e-01	-3.328930e-01
2.700800e-01	-3.312120e-01
2.701056e-01	-3.295971e-01
2.701312e-01	-3.279461e-01
2.701568e-01	-3.261758e-01
2.701824e-01	-3.243441e-01
2.702080e-01	-3.224218e-01
2.702336e-01	-3.203089e-01
2.702592e-01	-3.181937e-01
2.702848e-01	-3.161892e-01
2.703104e-01	-3.138257e-01
2.703360e-01	-3.117224e-01
2.703616e-01	-3.094348e-01
2.703872e-01	-3.068641e-01
2.704128e-01	-3.044191e-01
2.704384e-01	-3.018743e-01
2.704640e-01	-2.992672e-01
2.704896e-01	-2.965498e-01
2.705152e-01	-2.939244e-01
2.705408e-01	-2.910824e-01
2.705664e-01	-2.880240e-01
2.705920e-01	-2.852872e-01
2.706176e-01	-2.822466e-01
2.706432e-01	-2.792416e-01
2.706688e-01	-2.760771e-01
2.706944e-01	-2.729442e-01
2.707200e-01	-2.697779e-01
2.707456e-01	-2.663368e-01
2.707712e-01	-2.630601e-01
2.707968e-01	-2.596481e-01
2.708224e-01	-2.562436e-01
2.708480e-01	-2.528427e-01
2.708736e-01	-2.491160e-01
2.708992e-01	-2.455745e-01
2.709248e-01	-2.418076e-01
2.709504e-01	-2.381839e-01
2.709760e-01	-2.344760e-01
2.710016e-01	-2.306252e-01
2.710272e-01	-2.269046e-01
2.710528e-01	-2.229254e-01
2.710784e-01	-2.189120e-01
2.711040e-01	-2.150061e-01
2.711296e-01	-2.110394e-01
2.711552e-01	-2.068843e-01
2.711808e-01	-2.027045e-01
2.712064e-01	-1.986632e-01
2.712320e-01	-1.944286e-01
2.712576e-01	-1.902578e-01
2.712832e-01	-1.858990e-01
2.713088e-01	-1.815884e-01
2.713344e-01	-1.772526e-01
2.713600e-01	-1.729010e-01
2.713856e-01	-1.685634e-01
2.714112e-01	-1.641029e-01
2.714368e-01	-1.596461e-01
2.714624e-01	-1.551881e-01
2.714880e-01	-1.506101e-01
2.715136e-01	-1.460166e-01
2.715392e-01	-1.415676e-01
2.715648e-01	-1.369577e-01
2.715904e-01	-1.322915e-01
2.716160e-01	-1.276526e-01
2.716416e-01	-1.230393e-01
2.716672e-01	-1.183208e-01
2.716928e-01	-1.136928e-01
2.717184e-01	-1.090317e-01
2.717440e-01	-1.041416e-01
2.717696e-01	-9.959054e-02
2.717952e-01	-9.472907e-02
2.718208e-01	-8.986095e-02
2.718464e-01	-8.517139e-02
2.718720e-01	-8.030722e-02
2.718976e-01	-7.562426e-02
2.719232e-01	-7.081519e-02
2.719488e-01	-6.596812e-02
2.719744e-01	-6.129282e-02
2.720000e-01	-5.632670e-02
2.720256e-01	-5.152274e-02
2.720512e-01	-4.658439e-02
2.720768e-01	-4.194919e-02
2.721024e-01	-3.721540e-02
2.721280e-01	-3.220350e-02
2.721536e-01	-2.754298e-02
2.721792e-01	-2.274631e-02
2.722048e-01	-1.796659e-02
2.722304e-01	-1.323911e-02
2.722560e-01	-8.323422e-03
2.722816e-01	-3.674061e-03
2.723072e-01	1.251561e-03
2.723328e-01	5.801997e-03
2.723584e-01	1.052616e-02
2.723840e-01	1.535807e-02
2.724096e-01	1.989503e-02
2.724352e-01	2.462377e-02
2.724608e-01	2.925783e-02
2.724864e-01	3.396161e-02
2.725120e-01	3.849323e-02
2.725376e-01	4.307090e-02
2.725632e-01	4.763150e-02
2.725888e-01	5.219659e-02
2.726144e-01	5.682533e-02
2.726400e-01	6.111076e-02
2.726656e-01	6.562287e-02
2.726912e-01	7.002387e-02
2.727168e-01	7.442854e-02
2.727424e-01	7.890408e-02
2.727680e-01	8.310754e-02
2.727936e-01	8.751880e-02
2.728192e-01	9.175552e-02
2.728448e-01	9.592383e-02
2.728704e-01	1.000657e-01
2.728960e-01	1.041770e-01
2.729216e-01	1.084329e-01
2.729472e-01	1.124382e-01
2.729728e-01	1.165363e-01
2.729984e-01	1.203477e-01
2.730240e-01	1.243140e-01
2.730496e-01	1.282610e-01
2.730752e-01	1.321111e-01
2.731008e-01	1.358528e-01
2.731264e-01	1.396293e-01
2.731520e-01	1.433744e-01
2.731776e-01	1.469605e-01
2.732032e-01	1.506278e-01
2.732288e-01	1.541315e-01
2.732544e-01	1.575903e-01
2.732800e-01	1.610923e-01
2.733056e-01	1.644443e-01
2.733312e-01	1.678124e-01
2.733568e-01	1.709090e-01
2.733824e-01	1.742671e-01
2.734080e-01	1.775590e-01
2.734336e-01	1.803806e-01
2.734592e-01	1.835276e-01
2.734848e-01	1.864995e-01
2.735104e-01	1.894709e-01
2.735360e-01	1.922570e-01
2.735616e-01	1.950074e-01
2.735872e-01	1.978453e-01
2.736128e-01	2.003989e-01
2.736384e-01	2.030921e-01
2.736640e-01	2.055069e-01
2.736896e-01	2.080521e-01
2.737152e-01	2.103548e-01
2.737408e-01	2.127666e-01
2.737664e-01	2.150931e-01
2.737920e-01	2.172400e-01
2.738176e-01	2.193803e-01
2.738432e-01	2.213839e-01
2.738688e-01	2.234017e-01
2.738944e-01	2.253754e-01
2.739200e-01	2.271930e-01
2.739456e-01	2.288950e-01
2.739712e-01	2.306764e-01
2.739968e-01	2.321249e-01
2.740224e-01	2.335826e-01
2.740480e-01	2.352048e-01
2.740736e-01	2.365989e-01
2.740992e-01	2.380318e-01
2.741248e-01	2.392826e-01
2.741504e-01	2.403643e-01
2.741760e-01	2.414887e-01
2.742016e-01	2.426529e-01
2.742272e-01	2.435315e-01
2.742528e-01	2.444101e-01
2.742784e-01	2.450893e-01
2.743040e-01	2.459251e-01
2.743296e-01	2.466628e-01
2.743552e-01	2.471434e-01
2.743808e-01	2.476954e-01
2.744064e-01	2.480924e-01
2.744320e-01	2.484894e-01
2.744576e-01	2.487009e-01
2.744832e-01	2.489446e-01
2.745088e-01	2.490309e-01
2.745344e-01	2.490164e-01
2.745600e-01	2.491208e-01
2.745856e-01	2.487961e-01
2.746112e-01	2.487121e-01
2.746368e-01	2.484089e-01
2.746624e-01	2.478978e-01
2.746880e-01	2.475184e-01
2.747136e-01	2.471129e-01
2.747392e-01	2.464750e-01
2.747648e-01	2.458445e-01
2.747904e-01	2.450094e-01
2.748160e-01	2.442884e-01
2.748416e-01	2.433234e-01
2.748672e-01	2.422725e-01
2.748928e-01	2.413706e-01
2.749184e-01	2.401685e-01
2.749440e-01	2.390505e-01
2.749696e-01	2.377221e-01
2.749952e-01	2.362826e-01
2.750208e-01	2.349676e-01
2.750464e-01	2.334652e-01
2.750720e-01	2.319216e-01
2.750976e-01	2.303444e-01
2.751232e-01	2.285927e-01
2.751488e-01	2.267715e-01
2.751744e-01	2.249399e-01
2.752000e-01	2.229746e-01
2.752256e-01	2.209935e-01
2.752512e-01	2.189265e-01
2.752768e-01	2.168647e-01
2.753024e-01	2.145369e-01
2.753280e-01	2.123357e-01
2.753536e-01	2.099465e-01
2.753792e-01	2.075561e-01
2.754048e-01	2.050598e-01
2.754304e-01	2.024587e-01
2.754560e-01	2.000192e-01
2.754816e-01	1.972585e-01
2.755072e-01	1.945270e-01
2.755328e-01	1.917718e-01
2.755584e-01	1.887770e-01
2.755840e-01	1.859492e-01
2.756096e-01	1.830540e-01
2.756352e-01	1.798853e-01
2.756608e-01	1.768033e-01
2.756864e-01	1.735953e-01
2.757120e-01	1.703144e-01
2.757376e-01	1.670817e-01
2.757632e-01	1.637352e-01
2.757888e-01	1.604302e-01
2.758144e-01	1.568943e-01
2.758400e-01	1.535357e-01
2.758656e-01	1.499587e-01
2.758912e-01	1.462522e-01
2.759168e-01	1.426952e-01
2.759424e-01	1.389008e-01
2.759680e-01	1.352800e-01
2.759936e-01	1.313976e-01
2.760192e-01	1.274897e-01
2.760448e-01	1.236491e-01
2.760704e-01	1.197258e-01
2.760960e-01	1.158041e-01
2.761216e-01	1.116418e-01
2.761472e-01	1.076069e-01
2.761728e-01	1.035524e-01
2.761984e-01	9.943980e-02
2.762240e-01	9.515069e-02
2.762496e-01	9.093259e-02
2.762752e-01	8.665004e-02
2.763008e-01	8.238313e-02
2.763264e-01	7.799187e-02
2.763520e-01	7.378134e-02
2.763776e-01	6.922273e-02
2.764032e-01	6.467635e-02
2.764288e-01	6.036862e-02
2.764544e-01	5.576553e-02
2.764800e-01	5.141294e-02
2.765056e-01	4.688897e-02
2.765312e-01	4.242956e-02
2.765568e-01	3.762228e-02
2.765824e-01	3.301467e-02
2.766080e-01	2.857074e-02
2.766336e-01	2.376971e-02
2.766592e-01	1.918744e-02
2.766848e-01	1.444026e-02
2.767104e-01	9.817303e-03
2.767360e-01	4.950141e-03
2.767616e-01	2.757501e-04
2.767872e-01	-4.488029e-03
2.768128e-01	-9.192602e-03
2.768384e-01	-1.390688e-02
2.768640e-01	-1.867992e-02
2.768896e-01	-2.347218e-02
2.769152e-01	-2.834575e-02
2.769408e-01	-3.300969e-02
2.769664e-01	-3.796856e-02
2.769920e-01	-4.282254e-02
2.770176e-01	-4.753614e-02
2.770432e-01	-5.241917e-02
2.770688e-01	-5.711504e-02
2.770944e-01	-6.200319e-02
2.771200e-01	-6.675582e-02
2.771456e-01	-7.150093e-02
2.771712e-01	-7.642247e-02
2.771968e-01	-8.122744e-02
2.772224e-01	-8.594609e-02
2.772480e-01	-9.067839e-02
2.772736e-01	-9.545410e-02
2.772992e-01	-1.002184e-01
2.773248e-01	-1.048790e-01
2.773504e-01	-1.096435e-01
2.773760e-01	-1.142738e-01
2.774016e-01	-1.190355e-01
2.774272e-01	-1.236649e-01
2.774528e-01	-1.283931e-01
2.774784e-01	-1.329487e-01
2.775040e-01	-1.376004e-01
2.775296e-01	-1.422908e-01
2.775552e-01	-1.467370e-01
2.775808e-01	-1.513646e-01
2.776064e-01	-1.556679e-01
2.776320e-01	-1.601554e-01
2.776576e-01	-1.646773e-01
2.776832e-01	-1.690969e-01
2.777088e-01	-1.734889e-01
2.777344e-01	-1.779266e-01
2.777600e-01	-1.822907e-01
2.777856e-01	-1.864847e-01
2.778112e-01	-1.907508e-01
2.778368e-01	-1.950202e-01
2.778624e-01	-1.992608e-01
2.778880e-01	-2.033611e-01
2.779136e-01	-2.073991e-01
2.779392e-01	-2.114881e-01
2.779648e-01	-2.155204e-01
2.779904e-01	-2.194283e-01
2.780160e-01	-2.235485e-01
2.780416e-01	-2.273048e-01
2.780672e-01	-2.311578e-01
2.780928e-01	-2.348929e-01
2.781184e-01	-2.385989e-01
2.781440e-01	-2.424521e-01
2.781696e-01	-2.460812e-01
2.781952e-01	-2.497275e-01
2.782208e-01	-2.532226e-01
2.782464e-01	-2.566944e-01
2.782720e-01	-2.601407e-01
2.782976e-01	-2.635095e-01
2.783232e-01	-2.669125e-01
2.783488e-01	-2.701294e-01
2.783744e-01	-2.732677e-01
2.784000e-01	-2.765614e-01
2.784256e-01	-2.796274e-01
2.784512e-01	-2.826036e-01
2.784768e-01	-2.856817e-01
2.785024e-01	-2.885189e-01
2.785280e-01	-2.914377e-01
2.785536e-01	-2.942270e-01
2.785792e-01	-2.969318e-01
2.786048e-01	-2.995575e-01
2.786304e-01	-3.022407e-01
2.786560e-01	-3.047690e-01
2.786816e-01	-3.071380e-01
2.787072e-01	-3.096179e-01
2.787328e-01	-3.119949e-01
2.787584e-01	-3.142108e-01
2.787840e-01	-3.163435e-01
2.788096e-01	-3.185560e-01
2.788352e-01	-3.206126e-01
2.788608e-01	-3.225868e-01
2.788864e-01	-3.244838e-01
2.789120e-01	-3.262928e-01
2.789376e-01	-3.281757e-01
2.789632e-01	-3.298194e-01
2.789888e-01	-3.315525e-01
2.790144e-01	-3.330454e-01
2.790400e-01	-3.344728e-01
2.790656e-01	-3.358978e-01
2.790912e-01	-3.372603e-01
2.791168e-01	-3.386021e-01
2.791424e-01	-3.397094e-01
2.791680e-01	-3.407015e-01
2.791936e-01	-3.418184e-01
2.792192e-01	-3.427732e-01
2.792448e-01	-3.436694e-01
2.792704e-01	-3.444480e-01
2.792960e-01	-3.451784e-01
2.793216e-01	-3.458928e-01
2.793472e-01	-3.464507e-01
2.793728e-01	-3.470253e-01
2.793984e-01	-3.474067e-01
2.794240e-01	-3.477282e-01
2.794496e-01	-3.480313e-01
2.794752e-01	-3.482206e-01
2.795008e-01	-3.484880e-01
2.795264e-01	-3.483370e-01
2.795520e-01	-3.482250e-01
2.795776e-01	-3.482693e-01
2.796032e-01	-3.480688e-01
2.796288e-01	-3.476486e-01
2.796544e-01	-3.473394e-01
2.796800e-01	-3.469476e-01
2.797056e-01	-3.464733e-01
2.797312e-01	-3.458712e-01
2.797568e-01	-3.452483e-01
2.797824e-01	-3.444991e-01
2.798080e-01	-3.436830e-01
2.798336e-01	-3.427677e-01
2.798592e-01	-3.417705e-01
2.798848e-01	-3.408046e-01
2.799104e-01	-3.397329e-01
2.799360e-01	-3.385841e-01
2.799616e-01	-3.372756e-01
2.799872e-01	-3.358795e-01
2.800128e-01	-3.344569e-01
2.800384e-01	-3.329930e-01
2.800640e-01	-3.314407e-01
2.800896e-01	-3.297157e-01
2.801152e-01	-3.280896e-01
2.801408e-01	-3.262234e-01
2.801664e-01	-3.244896e-01
2.801920e-01	-3.225977e-01
2.802176e-01	-3.206203e-01
2.802432e-01	-3.184926e-01
2.802688e-01	-3.163237e-01
2.802944e-01	-3.142281e-01
2.803200e-01	-3.119221e-01
2.803456e-01	-3.096315e-01
2.803712e-01	-3.072302e-01
2.803968e-01	-3.046460e-01
2.804224e-01	-3.022310e-01
2.804480e-01	-2.994912e-01
2.804736e-01	-2.967852e-01
2.804992e-01	-2.941299e-01
2.805248e-01	-2.912465e-01
2.805504e-01	-2.885872e-01
2.805760e-01	-2.855233e-01
2.806016e-01	-2.824602e-01
2.806272e-01	-2.795829e-01
2.806528e-01	-2.764120e-01
2.806784e-01	-2.731510e-01
2.807040e-01	-2.699900e-01
2.807296e-01	-2.668194e-01
2.807552e-01	-2.634042e-01
2.807808e-01	-2.600650e-01
2.808064e-01	-2.565842e-01
2.808320e-01	-2.531274e-01
2.808576e-01	-2.494739e-01
2.808832e-01	-2.459883e-01
2.809088e-01	-2.422253e-01
2.809344e-01	-2.385273e-01
2.809600e-01	-2.348576e-01
2.809856e-01	-2.310333e-01
2.810112e-01	-2.270552e-01
2.810368e-01	-2.232732e-01
2.810624e-01	-2.193936e-01
2.810880e-01	-2.152360e-01
2.811136e-01	-2.114246e-01
2.811392e-01	-2.073101e-01
2.811648e-01	-2.030506e-01
2.811904e-01	-1.989437e-01
2.812160e-01	-1.948590e-01
2.812416e-01	-1.905992e-01
2.812672e-01	-1.862719e-01
2.812928e-01	-1.820795e-01
2.813184e-01	-1.776952e-01
2.813440e-01	-1.734178e-01
2.813696e-01	-1.688974e-01
2.813952e-01	-1.644837e-01
2.814208e-01	-1.601508e-01
2.814464e-01	-1.555019e-01
2.814720e-01	-1.510639e-01
2.814976e-01	-1.465820e-01
2.815232e-01	-1.419771e-01
2.815488e-01	-1.374220e-01
2.815744e-01	-1.327266e-01
2.816000e-01	-1.280933e-01
2.816256e-01	-1.233963e-01
2.816512e-01	-1.189139e-01
2.816768e-01	-1.141613e-01
2.817024e-01	-1.094176e-01
2.817280e-01	-1.047361e-01
2.817536e-01	-9.990700e-02
2.817792e-01	-9.525167e-02
2.818048e-01	-9.040938e-02
2.818304e-01	-8.556888e-02
2.818560e-01	-8.085182e-02
2.818816e-01	-7.597610e-02
2.819072e-01	-7.128245e-02
2.819328e-01	-6.647900e-02
2.819584e-01	-6.173127e-02
2.819840e-01	-5.688854e-02
2.820096e-01	-5.210584e-02
2.820352e-01	-4.724589e-02
2.820608e-01	-4.239281e-02
2.820864e-01	-3.762330e-02
2.821120e-01	-3.273061e-02
2.821376e-01	-2.794578e-02
2.821632e-01	-2.325499e-02
2.821888e-01	-1.838966e-02
2.822144e-01	-1.363731e-02
2.822400e-01	-8.855590e-03
2.822656e-01	-4.220044e-03
2.822912e-01	6.737521e-04
2.823168e-01	5.524183e-03
2.823424e-01	1.008520e-02
2.823680e-01	1.482858e-02
2.823936e-01	1.949339e-02
2.824192e-01	2.413173e-02
2.824448e-01	2.884462e-02
2.824704e-01	3.340061e-02
2.824960e-01	3.816621e-02
2.825216e-01	4.272421e-02
2.825472e-01	4.728432e-02
2.825728e-01	5.174512e-02
2.825984e-01	5.626193e-02
2.826240e-01	6.080851e-02
2.826496e-01	6.515618e-02
2.826752e-01	6.970774e-02
2.827008e-01	7.408742e-02
2.827264e-01	7.829357e-02
2.827520e-01	8.272662e-02
2.827776e-01	8.711118e-02
2.828032e-01	9.141188e-02
2.828288e-01	9.550086e-02
2.828544e-01	9.976949e-02
2.828800e-01	1.038396e-01
2.829056e-01	1.079159e-01
2.829312e-01	1.121238e-01
2.829568e-01	1.160886e-01
2.829824e-01	1.200382e-01
2.830080e-01	1.239370e-01
2.830336e-01	1.279452e-01
2.830592e-01	1.317220e-01
2.830848e-01	1.355396e-01
2.831104e-01	1.392365e-01
2.831360e-01	1.429257e-01
2.831616e-01	1.467801e-01
2.831872e-01	1.501634e-01
2.832128e-01	1.538460e-01
2.832384e-01	1.572482e-01
2.832640e-01	1.607786e-01
2.832896e-01	1.641107e-01
2.833152e-01	1.673546e-01
2.833408e-01	1.706910e-01
2.833664e-01	1.739530e-01
2.833920e-01	1.771195e-01
2.834176e-01	1.801582e-01
2.834432e-01	1.833179e-01
2.834688e-01	1.861767e-01
2.834944e-01	1.891044e-01
2.835200e-01	1.920253e-01
2.835456e-01	1.947706e-01
2.835712e-01	1.975604e-01
2.835968e-01	2.001705e-01
2.836224e-01	2.027367e-01
2.836480e-01	2.054286e-01
2.836736e-01	2.078525e-01
2.836992e-01	2.101478e-01
2.837248e-01	2.125834e-01
2.837504e-01	2.148526e-01
2.837760e-01	2.170123e-01
2.838016e-01	2.191564e-01
2.838272e-01	2.212371e-01
2.838528e-01	2.231456e-01
2.838784e-01	2.251697e-01
2.839040e-01	2.269238e-01
2.839296e-01	2.287875e-01
2.839552e-01	2.305131e-01
2.839808e-01	2.320074e-01
2.840064e-01	2.336200e-01
2.840320e-01	2.351825e-01
2.840576e-01	2.365536e-01
2.840832e-01	2.379180e-01
2.841088e-01	2.392356e-01
2.841344e-01	2.403714e-01
2.841600e-01	2.414113e-01
2.841856e-01	2.425027e-01
2.842112e-01	2.434454e-01
2.842368e-01	2.442820e-01
2.842624e-01	2.451396e-01
2.842880e-01	2.459040e-01
2.843136e-01	2.465368e-01
2.843392e-01	2.471946e-01
2.843648e-01	2.475980e-01
2.843904e-01	2.479629e-01
2.844160e-01	2.484167e-01
2.844416e-01	2.486720e-01
2.844672e-01	2.489345e-01
2.844928e-01	2.490541e-01
2.845184e-01	2.489671e-01
2.845440e-01	2.490492e-01
2.845696e-01	2.488792e-01
2.845952e-01	2.486400e-01
2.846208e-01	2.484156e-01
2.846464e-01	2.481441e-01
2.846720e-01	2.476690e-01
2.846976e-01	2.472956e-01
2.847232e-01	2.465881e-01
2.847488e-01	2.459616e-01
2.847744e-01	2.452146e-01
2.848000e-01	2.443076e-01
2.848256e-01	2.435518e-01
2.848512e-01	2.425554e-01
2.848768e-01	2.413803e-01
2.849024e-01	2.403273e-01
2.849280e-01	2.392141e-01
2.849536e-01	2.378340e-01
2.849792e-01	2.365233e-01
2.850048e-01	2.351595e-01
2.850304e-01	2.335912e-01
2.850560e-01	2.320928e-01
2.850816e-01	2.304498e-01
2.851072e-01	2.288027e-01
2.851328e-01	2.270550e-01
2.851584e-01	2.251928e-01
2.851840e-01	2.231950e-01
2.852096e-01	2.212342e-01
2.852352e-01	2.190776e-01
2.852608e-01	2.169702e-01
2.852864e-01	2.148608e-01
2.853120e-01	2.124503e-01
2.853376e-01	2.101187e-01
2.853632e-01	2.077865e-01
2.853888e-01	2.053462e-01
2.854144e-01	2.027416e-01
2.854400e-01	2.001691e-01
2.854656e-01	1.976053e-01
2.854912e-01	1.947806e-01
2.855168e-01	1.920293e-01
2.855424e-01	1.891726e-01
2.855680e-01	1.862639e-01
2.855936e-01	1.831916e-01
2.856192e-01	1.802527e-01
2.856448e-01	1.771519e-01
2.856704e-01	1.739249e-01
2.856960e-01	1.707835e-01
2.857216e-01	1.675233e-01
2.857472e-01	1.641307e-01
2.857728e-01	1.606930e-01
2.857984e-01	1.573044e-01
2.858240e-01	1.538859e-01
2.858496e-01	1.502115e-01
2.858752e-01	1.465942e-01
2.859008e-01	1.431165e-01
2.859264e-01	1.393009e-01
2.859520e-01	1.355588e-01
2.859776e-01	1.318067e-01
2.860032e-01	1.278284e-01
2.860288e-01	1.240387e-01
2.860544e-01	1.200898e-01
2.860800e-01	1.161216e-01
2.861056e-01	1.121152e-01
2.861312e-01	1.080831e-01
2.861568e-01	1.038662e-01
2.861824e-01	9.979727e-02
2.862080e-01	9.556241e-02
2.862336e-01	9.135137e-02
2.862592e-01	8.714485e-02
2.862848e-01	8.277857e-02
2.863104e-01	7.846579e-02
2.863360e-01	7.414322e-02
2.863616e-01	6.977950e-02
2.863872e-01	6.526364e-02
2.864128e-01	6.078236e-02
2.864384e-01	5.649419e-02
2.864640e-01	5.185853e-02
2.864896e-01	4.726705e-02
2.865152e-01	4.278446e-02
2.865408e-01	3.829537e-02
2.865664e-01	3.361674e-02
2.865920e-01	2.896345e-02
2.866176e-01	2.433336e-02
2.866432e-01	1.964504e-02
2.866688e-01	1.499490e-02
2.866944e-01	1.026998e-02
2.867200e-01	5.409724e-03
2.867456e-01	7.565356e-04
2.867712e-01	-3.908794e-03
2.867968e-01	-8.727043e-03
2.868224e-01	-1.349669e-02
2.868480e-01	-1.832835e-02
2.868736e-01	-2.309739e-02
2.868992e-01	-2.789076e-02
2.869248e-01	-3.261134e-02
2.869504e-01	-3.742125e-02
2.869760e-01	-4.227661e-02
2.870016e-01	-4.704852e-02
2.870272e-01	-5.187489e-02
2.870528e-01	-5.662828e-02
2.870784e-01	-6.154532e-02
2.871040e-01	-6.628860e-02
2.871296e-01	-7.110520e-02
2.871552e-01	-7.588916e-02
2.871808e-01	-8.064499e-02
2.872064e-01	-8.547281e-02
2.872320e-01	-9.020074e-02
2.872576e-01	-9.501783e-02
2.872832e-01	-9.977305e-02
2.873088e-01	-1.045164e-01
2.873344e-01	-1.093108e-01
2.873600e-01	-1.138583e-01
2.873856e-01	-1.186672e-01
2.874112e-01	-1.232490e-01
2.874368e-01	-1.278400e-01
2.874624e-01	-1.326351e-01
2.874880e-01	-1.371797e-01
2.875136e-01	-1.417994e-01
2.875392e-01	-1.463168e-01
2.875648e-01	-1.508001e-01
2.875904e-01	-1.553876e-01
2.876160e-01	-1.598293e-01
2.876416e-01	-1.643076e-01
2.876672e-01	-1.686751e-01
2.876928e-01	-1.732491e-01
2.877184e-01	-1.774118e-01
2.877440e-01	-1.816902e-01
2.877696e-01	-1.861233e-01
2.877952e-01	-1.903908e-01
2.878208e-01	-1.946148e-01
2.878464e-01	-1.987303e-01
2.878720e-01	-2.029567e-01
2.878976e-01	-2.069540e-01
2.879232e-01	-2.110311e-01
2.879488e-01	-2.151220e-01
2.879744e-01	-2.190162e-01
2.880000e-01	-2.230840e-01
2.880256e-01	-2.269621e-01
2.880512e-01	-2.307441e-01
2.880768e-01	-2.345660e-01
2.881024e-01	-2.384511e-01
2.881280e-01	-2.420335e-01
2.881536e-01	-2.457215e-01
2.881792e-01	-2.494040e-01
2.882048e-01	-2.529345e-01
2.882304e-01	-2.563853e-01
2.882560e-01	-2.598151e-01
2.882816e-01	-2.632265e-01
2.883072e-01	-2.664823e-01
2.883328e-01	-2.698279e-01
2.883584e-01	-2.731660e-01
2.883840e-01	-2.762524e-01
2.884096e-01	-2.794054e-01
2.884352e-01	-2.824591e-01
2.884608e-01	-2.853566e-01
2.884864e-01	-2.882086e-01
2.885120e-01	-2.911180e-01
2.885376e-01	-2.938600e-01
2.885632e-01	-2.966879e-01
2.885888e-01	-2.994391e-01
2.886144e-01	-3.019474e-01
2.886400e-01	-3.045348e-01
2.886656e-01	-3.070528e-01
2.886912e-01	-3.093858e-01
2.887168e-01	-3.117718e-01
2.887424e-01	-3.139696e-01
2.887680e-01	-3.162317e-01
2.887936e-01	-3.182860e-01
2.888192e-01	-3.204023e-01
2.888448e-01	-3.225008e-01
2.888704e-01	-3.242722e-01
2.888960e-01	-3.262965e-01
2.889216e-01	-3.280127e-01
2.889472e-01	-3.296592e-01
2.889728e-01	-3.313459e-01
2.889984e-01	-3.327967e-01
2.890240e-01	-3.344558e-01
2.890496e-01	-3.358410e-01
2.890752e-01	-3.370891e-01
2.891008e-01	-3.383844e-01
2.891264e-01	-3.396457e-01
2.891520e-01	-3.407134e-01
2.891776e-01	-3.417535e-01
2.892032e-01	-3.427170e-01
2.892288e-01	-3.437093e-01
2.892544e-01	-3.444721e-01
2.892800e-01	-3.452203e-01
2.893056e-01	-3.458211e-01
2.893312e-01	-3.464549e-01
2.893568e-01	-3.469419e-01
2.893824e-01	-3.472727e-01
2.894080e-01	-3.477644e-01
2.894336e-01	-3.479518e-01
2.894592e-01	-3.481528e-01
2.894848e-01	-3.483328e-01
2.895104e-01	-3.483710e-01
2.895360e-01	-3.483201e-01
2.895616e-01	-3.482899e-01
2.895872e-01	-3.480543e-01
2.896128e-01	-3.477095e-01
2.896384e-01	-3.474162e-01
2.896640e-01	-3.470194e-01
2.896896e-01	-3.466413e-01
2.897152e-01	-3.459758e-01
2.897408e-01	-3.452390e-01
2.897664e-01	-3.445127e-01
2.897920e-01	-3.438454e-01
2.898176e-01	-3.428777e-01
2.898432e-01	-3.419228e-01
2.898688e-01	-3.408680e-01
2.898944e-01	-3.397605e-01
2.899200e-01	-3.386365e-01
2.899456e-01	-3.372251e-01
2.899712e-01	-3.358803e-01
2.899968e-01	-3.345866e-01
2.900224e-01	-3.331488e-01
2.900480e-01	-3.315746e-01
2.900736e-01	-3.300117e-01
2.900992e-01	-3.283265e-01
2.901248e-01	-3.265350e-01
2.901504e-01	-3.246632e-01
2.901760e-01	-3.227528e-01
2.902016e-01	-3.208119e-01
2.902272e-01	-3.187011e-01
2.902528e-01	-3.166912e-01
2.902784e-01	-3.143407e-01
2.903040e-01	-3.120866e-01
2.903296e-01	-3.097651e-01
2.903552e-01	-3.073796e-01
2.903808e-01	-3.048988e-01
2.904064e-01	-3.023840e-01
2.904320e-01	-2.998510e-01
2.904576e-01	-2.971174e-01
2.904832e-01	-2.944580e-01
2.905088e-01	-2.915847e-01
2.905344e-01	-2.887929e-01
2.905600e-01	-2.859073e-01
2.905856e-01	-2.827278e-01
2.906112e-01	-2.796950e-01
2.906368e-01	-2.768000e-01
2.906624e-01	-2.735757e-01
2.906880e-01	-2.703224e-01
2.907136e-01	-2.670693e-01
2.907392e-01	-2.636033e-01
2.907648e-01	-2.603667e-01
2.907904e-01	-2.569639e-01
2.908160e-01	-2.535078e-01
2.908416e-01	-2.498551e-01
2.908672e-01	-2.463031e-01
2.908928e-01	-2.426155e-01
2.909184e-01	-2.389831e-01
2.909440e-01	-2.351802e-01
2.909696e-01	-2.313582e-01
2.909952e-01	-2.275120e-01
2.910208e-01	-2.236272e-01
2.910464e-01	-2.197141e-01
2.910720e-01	-2.157729e-01
2.910976e-01	-2.117427e-01
2.911232e-01	-2.076797e-01
2.911488e-01	-2.035701e-01
2.911744e-01	-1.993646e-01
2.912000e-01	-1.952164e-01
2.912256e-01	-1.909106e-01
2.912512e-01	-1.867673e-01
2.912768e-01	-1.825014e-01
2.913024e-01	-1.781768e-01
2.913280e-01	-1.738047e-01
2.913536e-01	-1.693704e-01
2.913792e-01	-1.650338e-01
2.914048e-01	-1.604436e-01
2.914304e-01	-1.560818e-01
2.914560e-01	-1.514999e-01
2.914816e-01	-1.470048e-01
2.915072e-01	-1.424535e-01
2.915328e-01	-1.378495e-01
2.915584e-01	-1.332632e-01
2.915840e-01	-1.285801e-01
2.916096e-01	-1.238565e-01
2.916352e-01	-1.191610e-01
2.916608e-01	-1.145485e-01
2.916864e-01	-1.097910e-01
2.917120e-01	-1.051441e-01
2.917376e-01	-1.002938e-01
2.917632e-01	-9.551398e-02
2.917888e-01	-9.092501e-02
2.918144e-01	-8.603870e-02
2.918400e-01	-8.135614e-02
2.918656e-01	-7.654669e-02
2.918912e-01	-7.166850e-02
2.919168e-01	-6.698679e-02
2.919424e-01	-6.224057e-02
2.919680e-01	-5.731349e-02
2.919936e-01	-5.256354e-02
2.920192e-01	-4.769044e-02
2.920448e-01	-4.287570e-02
2.920704e-01	-3.803008e-02
2.920960e-01	-3.327334e-02
2.921216e-01	-2.843920e-02
2.921472e-01	-2.368983e-02
2.921728e-01	-1.884544e-02
2.921984e-01	-1.402516e-02
2.922240e-01	-9.418936e-03
2.922496e-01	-4.451924e-03
2.922752e-01	2.421551e-04
2.923008e-01	4.904116e-03
2.923264e-01	9.701014e-03
2.923520e-01	1.438301e-02
2.923776e-01	1.915558e-02
2.924032e-01	2.364754e-02
2.924288e-01	2.845548e-02
2.924544e-01	3.314860e-02
2.924800e-01	3.757992e-02
2.925056e-01	4.224684e-02
2.925312e-01	4.677993e-02
2.925568e-01	5.133471e-02
2.925824e-01	5.589558e-02
2.926080e-01	6.035101e-02
2.926336e-01	6.476852e-02
2.926592e-01	6.921449e-02
2.926848e-01	7.361250e-02
2.927104e-01	7.798912e-02
2.927360e-01	8.237552e-02
2.927616e-01	8.655782e-02
2.927872e-01	9.093720e-02
2.928128e-01	9.518897e-02
2.928384e-01	9.949571e-02
2.928640e-01	1.034489e-01
2.928896e-01	1.076275e-01
2.929152e-01	1.116382e-01
2.929408e-01	1.156706e-01
2.929664e-01	1.197296e-01
2.929920e-01	1.235646e-01
2.930176e-01	1.275671e-01
2.930432e-01	1.312893e-01
2.930688e-01	1.352688e-01
2.930944e-01	1.388686e-01
2.931200e-01	1.425147e-01
2.931456e-01	1.462611e-01
2.931712e-01	1.498714e-01
2.931968e-01	1.535148e-01
2.932224e-01	1.568965e-01
2.932480e-01	1.604483e-01
2.932736e-01	1.637614e-01
2.932992e-01	1.672028e-01
2.933248e-01	1.703634e-01
2.933504e-01	1.735981e-01
2.933760e-01	1.768387e-01
2.934016e-01	1.799098e-01
2.934272e-01	1.830545e-01
2.934528e-01	1.859966e-01
2.934784e-01	1.889277e-01
2.935040e-01	1.918079e-01
2.935296e-01	1.945127e-01
2.935552e-01	1.971948e-01
2.935808e-01	1.998755e-01
2.936064e-01	2.026775e-01
2.936320e-01	2.051225e-01
2.936576e-01	2.075657e-01
2.936832e-01	2.100237e-01
2.937088e-01	2.123384e-01
2.937344e-01	2.145133e-01
2.937600e-01	2.168217e-01
2.937856e-01	2.189995e-01
2.938112e-01	2.210258e-01
2.938368e-01	2.230735e-01
2.938624e-01	2.249019e-01
2.938880e-01	2.268829e-01
2.939136e-01	2.286844e-01
2.939392e-01	2.303063e-01
2.939648e-01	2.319306e-01
2.939904e-01	2.335065e-01
2.940160e-01	2.350678e-01
2.940416e-01	2.364501e-01
2.940672e-01	2.377099e-01
2.940928e-01	2.390232e-01
2.941184e-01	2.404214e-01
2.941440e-01	2.413312e-01
2.941696e-01	2.424705e-01
2.941952e-01	2.434696e-01
2.942208e-01	2.441857e-01
2.942464e-01	2.450941e-01
2.942720e-01	2.457807e-01
2.942976e-01	2.465242e-01
2.943232e-01	2.470906e-01
2.943488e-01	2.475776e-01
2.943744e-01	2.480656e-01
2.944000e-01	2.483485e-01
2.944256e-01	2.487207e-01
2.944512e-01	2.488515e-01
2.944768e-01	2.490509e-01
2.945024e-01	2.490829e-01
2.945280e-01	2.489907e-01
2.945536e-01	2.488108e-01
2.945792e-01	2.487587e-01
2.946048e-01	2.484390e-01
2.946304e-01	2.481003e-01
2.946560e-01	2.476885e-01
2.946816e-01	2.471589e-01
2.947072e-01	2.466414e-01
2.947328e-01	2.459244e-01
2.947584e-01	2.451689e-01
2.947840e-01	2.443672e-01
2.948096e-01	2.435872e-01
2.948352e-01	2.425559e-01
2.948608e-01	2.415613e-01
2.948864e-01	2.404778e-01
2.949120e-01	2.391893e-01
2.949376e-01	2.379572e-01
2.949632e-01	2.366065e-01
2.949888e-01	2.353187e-01
2.950144e-01	2.337823e-01
2.950400e-01	2.322374e-01
2.950656e-01	2.306660e-01
2.950912e-01	2.289795e-01
2.951168e-01	2.272102e-01
2.951424e-01	2.253198e-01
2.951680e-01	2.233622e-01
2.951936e-01	2.215463e-01
2.952192e-01	2.193229e-01
2.952448e-01	2.172394e-01
2.952704e-01	2.150101e-01
2.952960e-01	2.127977e-01
2.953216e-01	2.105466e-01
2.953472e-01	2.080887e-01
2.953728e-01	2.055754e-01
2.953984e-01	2.029223e-01
2.954240e-01	2.004400e-01
2.954496e-01	1.977427e-01
2.954752e-01	1.950207e-01
2.955008e-01	1.922626e-01
2.955264e-01	1.892962e-01
2.955520e-01	1.865423e-01
2.955776e-01	1.835706e-01
2.956032e-01	1.804532e-01
2.956288e-01	1.773771e-01
2.956544e-01	1.742439e-01
2.956800e-01	1.710327e-01
2.957056e-01	1.677914e-01
2.957312e-01	1.643804e-01
2.957568e-01	1.610548e-01
2.957824e-01	1.577234e-01
2.958080e-01	1.541587e-01
2.958336e-01	1.506338e-01
2.958592e-01	1.470342e-01
2.958848e-01	1.433739e-01
2.959104e-01	1.396729e-01
2.959360e-01	1.359060e-01
2.959616e-01	1.321949e-01
2.959872e-01	1.283016e-01
2.960128e-01	1.243645e-01
2.960384e-01	1.203831e-01
2.960640e-01	1.164789e-01
2.960896e-01	1.125797e-01
2.961152e-01	1.084410e-01
2.961408e-01	1.042414e-01
2.961664e-01	1.002461e-01
2.961920e-01	9.593601e-02
2.962176e-01	9.176786e-02
2.962432e-01	8.754014e-02
2.962688e-01	8.319376e-02
2.962944e-01	7.894441e-02
2.963200e-01	7.448883e-02
2.963456e-01	7.009164e-02
2.963712e-01	6.576548e-02
2.963968e-01	6.133861e-02
2.964224e-01	5.679639e-02
2.964480e-01	5.232690e-02
2.964736e-01	4.781822e-02
2.964992e-01	4.321563e-02
2.965248e-01	3.860012e-02
2.965504e-01	3.390896e-02
2.965760e-01	2.937877e-02
2.966016e-01	2.472894e-02
2.966272e-01	2.009627e-02
2.966528e-01	1.534846e-02
2.966784e-01	1.078081e-02
2.967040e-01	5.935482e-03
2.967296e-01	1.173838e-03
2.967552e-01	-3.477578e-03
2.967808e-01	-8.321643e-03
2.968064e-01	-1.309293e-02
2.968320e-01	-1.779729e-02
2.968576e-01	-2.267239e-02
2.968832e-01	-2.739299e-02
2.969088e-01	-3.216028e-02
2.969344e-01	-3.699645e-02
2.969600e-01	-4.179789e-02
2.969856e-01	-4.664014e-02
2.970112e-01	-5.136264e-02
2.970368e-01	-5.624012e-02
2.970624e-01	-6.105134e-02
2.970880e-01	-6.578556e-02
2.971136e-01	-7.059041e-02
2.971392e-01	-7.556909e-02
2.971648e-01	-8.030673e-02
2.971904e-01	-8.490676e-02
2.972160e-01	-8.977631e-02
2.972416e-01	-9.458725e-02
2.972672e-01	-9.933135e-02
2.972928e-01	-1.040032e-01
2.973184e-01	-1.087874e-01
2.973440e-01	-1.135128e-01
2.973696e-01	-1.181905e-01
2.973952e-01	-1.228694e-01
2.974208e-01	-1.274873e-01
2.974464e-01	-1.320747e-01
2.974720e-01	-1.367557e-01
2.974976e-01	-1.413110e-01
2.975232e-01	-1.459030e-01
2.975488e-01	-1.504280e-01
2.975744e-01	-1.550100e-01
2.976000e-01	-1.594122e-01
2.976256e-01	-1.638109e-01
2.976512e-01	-1.683913e-01
2.976768e-01	-1.727595e-01
2.977024e-01	-1.770136e-01
2.977280e-01	-1.813903e-01
2.977536e-01	-1.857722e-01
2.977792e-01	-1.900615e-01
2.978048e-01	-1.941940e-01
2.978304e-01	-1.984279e-01
2.978560e-01	-2.026645e-01
2.978816e-01	-2.066586e-01
2.979072e-01	-2.107294e-01
2.979328e-01	-2.147774e-01
2.979584e-01	-2.187306e-01
2.979840e-01	-2.227971e-01
2.980096e-01	-2.266283e-01
2.980352e-01	-2.304485e-01
2.980608e-01	-2.342533e-01
2.980864e-01	-2.380075e-01
2.981120e-01	-2.418219e-01
2.981376e-01	-2.453526e-01
2.981632e-01	-2.489465e-01
2.981888e-01	-2.525826e-01
2.982144e-01	-2.560153e-01
2.982400e-01	-2.594751e-01
2.982656e-01	-2.628190e-01
2.982912e-01	-2.662360e-01
2.983168e-01	-2.695907e-01
2.983424e-01	-2.728426e-01
2.983680e-01	-2.758060e-01
2.983936e-01	-2.791190e-01
2.984192e-01	-2.821613e-01
2.984448e-01	-2.850187e-01
2.984704e-01	-2.879796e-01
2.984960e-01	-2.908719e-01
2.985216e-01	-2.937796e-01
2.985472e-01	-2.963475e-01
2.985728e-01	-2.991345e-01
2.985984e-01	-3.017459e-01
2.986240e-01	-3.042418e-01
2.986496e-01	-3.067685e-01
2.986752e-01	-3.091851e-01
2.987008e-01	-3.115890e-01
2.987264e-01	-3.137044e-01
2.987520e-01	-3.160799e-01
2.987776e-01	-3.182761e-01
2.988032e-01	-3.202640e-01
2.988288e-01	-3.221666e-01
2.988544e-01	-3.242675e-01
2.988800e-01	-3.261541e-01
2.989056e-01	-3.278006e-01
2.989312e-01	-3.296377e-01
2.989568e-01	-3.313216e-01
2.989824e-01	-3.327871e-01
2.990080e-01	-3.342294e-01
2.990336e-01	-3.356475e-01
2.990592e-01	-3.370194e-01
2.990848e-01	-3.384861e-01
2.991104e-01	-3.396019e-01
2.991360e-01	-3.406926e-01
2.991616e-01	-3.418135e-01
2.991872e-01	-3.425983e-01
2.992128e-01	-3.435858e-01
2.992384e-01	-3.443941e-01
2.992640e-01	-3.451056e-01
2.992896e-01	-3.458094e-01
2.993152e-01	-3.464727e-01
2.993408e-01	-3.469460e-01
2.993664e-01	-3.472849e-01
2.993920e-01	-3.476195e-01
2.994176e-01	-3.479637e-01
2.994432e-01	-3.482071e-01
2.994688e-01	-3.483115e-01
2.994944e-01	-3.483520e-01
2.995200e-01	-3.484844e-01
2.995456e-01	-3.482941e-01
2.995712e-01	-3.479975e-01
2.995968e-01	-3.478089e-01
2.996224e-01	-3.474105e-01
2.996480e-01	-3.470461e-01
2.996736e-01	-3.464752e-01
2.996992e-01	-3.458947e-01
2.997248e-01	-3.454439e-01
2.997504e-01	-3.446232e-01
2.997760e-01	-3.437704e-01
2.998016e-01	-3.429876e-01
2.998272e-01	-3.419885e-01
2.998528e-01	-3.409488e-01
2.998784e-01	-3.399153e-01
2.999040e-01	-3.386793e-01
2.999296e-01	-3.374633e-01
2.999552e-01	-3.360504e-01
2.999808e-01	-3.347796e-01
3.000064e-01	-3.332621e-01
3.000320e-01	-3.316599e-01
3.000576e-01	-3.301005e-01
3.000832e-01	-3.284612e-01
3.001088e-01	-3.266208e-01
3.001344e-01	-3.247959e-01
3.001600e-01	-3.228599e-01
3.001856e-01	-3.208607e-01
3.002112e-01	-3.188899e-01
3.002368e-01	-3.166516e-01
3.002624e-01	-3.145002e-01
3.002880e-01	-3.121840e-01
3.003136e-01	-3.100097e-01
3.003392e-01	-3.076119e-01
3.003648e-01	-3.050229e-01
3.003904e-01	-3.026727e-01
3.004160e-01	-3.000011e-01
3.004416e-01	-2.973480e-01
3.004672e-01	-2.945617e-01
3.004928e-01	-2.918498e-01
3.005184e-01	-2.890447e-01
3.005440e-01	-2.861000e-01
3.005696e-01	-2.830594e-01
3.005952e-01	-2.800535e-01
3.006208e-01	-2.769811e-01
3.006464e-01	-2.738434e-01
3.006720e-01	-2.705353e-01
3.006976e-01	-2.673653e-01
3.007232e-01	-2.641198e-01
3.007488e-01	-2.605444e-01
3.007744e-01	-2.572507e-01
3.008000e-01	-2.537051e-01
3.008256e-01	-2.501869e-01
3.008512e-01	-2.465680e-01
3.008768e-01	-2.429867e-01
3.009024e-01	-2.392862e-01
3.009280e-01	-2.354724e-01
3.009536e-01	-2.317242e-01
3.009792e-01	-2.277298e-01
3.010048e-01	-2.240773e-01
3.010304e-01	-2.199995e-01
3.010560e-01	-2.161403e-01
3.010816e-01	-2.120540e-01
3.011072e-01	-2.079652e-01
3.011328e-01	-2.040165e-01
3.011584e-01	-1.998023e-01
3.011840e-01	-1.956031e-01
3.012096e-01	-1.913981e-01
3.012352e-01	-1.870765e-01
3.012608e-01	-1.828011e-01
3.012864e-01	-1.784778e-01
3.013120e-01	-1.741432e-01
3.013376e-01	-1.697841e-01
3.013632e-01	-1.653703e-01
3.013888e-01	-1.608782e-01
3.014144e-01	-1.564530e-01
3.014400e-01	-1.519045e-01
3.014656e-01	-1.473546e-01
3.014912e-01	-1.427691e-01
3.015168e-01	-1.381677e-01
3.015424e-01	-1.335892e-01
3.015680e-01	-1.289897e-01
3.015936e-01	-1.242982e-01
3.016192e-01	-1.197100e-01
3.016448e-01	-1.150289e-01
3.016704e-01	-1.102384e-01
3.016960e-01	-1.055553e-01
3.017216e-01	-1.008049e-01
3.017472e-01	-9.603068e-02
3.017728e-01	-9.128539e-02
3.017984e-01	-8.659505e-02
3.018240e-01	-8.178420e-02
3.018496e-01	-7.688608e-02
3.018752e-01	-7.225382e-02
3.019008e-01	-6.739795e-02
3.019264e-01	-6.260914e-02
3.019520e-01	-5.773096e-02
3.019776e-01	-5.294506e-02
3.020032e-01	-4.821941e-02
3.020288e-01	-4.338728e-02
3.020544e-01	-3.846574e-02
3.020800e-01	-3.366055e-02
3.021056e-01	-2.898589e-02
3.021312e-01	-2.407046e-02
3.021568e-01	-1.926330e-02
3.021824e-01	-1.457747e-02
3.022080e-01	-9.830464e-03
3.022336e-01	-5.091986e-03
3.022592e-01	-1.987110e-04
3.022848e-01	4.435197e-03
3.023104e-01	9.180509e-03
3.023360e-01	1.386258e-02
3.023616e-01	1.866792e-02
3.023872e-01	2.342153e-02
3.024128e-01	2.789709e-02
3.024384e-01	3.250119e-02
3.024640e-01	3.721428e-02
3.024896e-01	4.176675e-02
3.025152e-01	4.647313e-02
3.025408e-01	5.096954e-02
3.025664e-01	5.544013e-02
3.025920e-01	5.996110e-02
3.026176e-01	6.437237e-02
3.026432e-01	6.878792e-02
3.026688e-01	7.328654e-02
3.026944e-01	7.758705e-02
3.027200e-01	8.189015e-02
3.027456e-01	8.632254e-02
3.027712e-01	9.053875e-02
3.027968e-01	9.468766e-02
3.028224e-01	9.890664e-02
3.028480e-01	1.030656e-01
3.028736e-01	1.072832e-01
3.028992e-01	1.113334e-01
3.029248e-01	1.153200e-01
3.029504e-01	1.192872e-01
3.029760e-01	1.232746e-01
3.030016e-01	1.271637e-01
3.030272e-01	1.310488e-01
3.030528e-01	1.346886e-01
3.030784e-01	1.385952e-01
3.031040e-01	1.422417e-01
3.031296e-01	1.459498e-01
3.031552e-01	1.494913e-01
3.031808e-01	1.530326e-01
3.032064e-01	1.566495e-01
3.032320e-01	1.600023e-01
3.032576e-01	1.635472e-01
3.032832e-01	1.667333e-01
3.033088e-01	1.699973e-01
3.033344e-01	1.733595e-01
3.033600e-01	1.764218e-01
3.033856e-01	1.796556e-01
3.034112e-01	1.826698e-01
3.034368e-01	1.855154e-01
3.034624e-01	1.886723e-01
3.034880e-01	1.915422e-01
3.035136e-01	1.942160e-01
3.035392e-01	1.970615e-01
3.035648e-01	1.996282e-01
3.035904e-01	2.023994e-01
3.036160e-01	2.049631e-01
3.036416e-01	2.074682e-01
3.036672e-01	2.097948e-01
3.036928e-01	2.121944e-01
3.037184e-01	2.145144e-01
3.037440e-01	2.165961e-01
3.037696e-01	2.187868e-01
3.037952e-01	2.208186e-01
3.038208e-01	2.227150e-01
3.038464e-01	2.248345e-01
3.038720e-01	2.266117e-01
3.038976e-01	2.284321e-01
3.039232e-01	2.301901e-01
3.039488e-01	2.317774e-01
3.039744e-01	2.334166e-01
3.040000e-01	2.348293e-01
3.040256e-01	2.363676e-01
3.040512e-01	2.375652e-01
3.040768e-01	2.388072e-01
3.041024e-01	2.402546e-01
3.041280e-01	2.412122e-01
3.041536e-01	2.422881e-01
3.041792e-01	2.432731e-01
3.042048e-01	2.443065e-01
3.042304e-01	2.449935e-01
3.042560e-01	2.457723e-01
3.042816e-01	2.463945e-01
3.043072e-01	2.469573e-01
3.043328e-01	2.475815e-01
3.043584e-01	2.478847e-01
3.043840e-01	2.484204e-01
3.044096e-01	2.486245e-01
3.044352e-01	2.487831e-01
3.044608e-01	2.490245e-01
3.044864e-01	2.489538e-01
3.045120e-01	2.489993e-01
3.045376e-01	2.489288e-01
3.045632e-01	2.487292e-01
3.045888e-01	2.484857e-01
3.046144e-01	2.481736e-01
3.046400e-01	2.477535e-01
3.046656e-01	2.472122e-01
3.046912e-01	2.466923e-01
3.047168e-01	2.460803e-01
3.047424e-01	2.453106e-01
3.047680e-01	2.444123e-01
3.047936e-01	2.435955e-01
3.048192e-01	2.427846e-01
3.048448e-01	2.414696e-01
3.048704e-01	2.405472e-01
3.048960e-01	2.393695e-01
3.049216e-01	2.381063e-01
3.049472e-01	2.368142e-01
3.049728e-01	2.353611e-01
3.049984e-01	2.339708e-01
3.050240e-01	2.324275e-01
3.050496e-01	2.307821e-01
3.050752e-01	2.290759e-01
3.051008e-01	2.273325e-01
3.051264e-01	2.254334e-01
3.051520e-01	2.235255e-01
3.051776e-01	2.215982e-01
3.052032e-01	2.195951e-01
3.052288e-01	2.174625e-01
3.052544e-01	2.152043e-01
3.052800e-01	2.130182e-01
3.053056e-01	2.106938e-01
3.053312e-01	2.083228e-01
3.053568e-01	2.058942e-01
3.053824e-01	2.033052e-01
3.054080e-01	2.007127e-01
3.054336e-01	1.980644e-01
3.054592e-01	1.953661e-01
3.054848e-01	1.926450e-01
3.055104e-01	1.896790e-01
3.055360e-01	1.868590e-01
3.055616e-01	1.837436e-01
3.055872e-01	1.808591e-01
3.056128e-01	1.777929e-01
3.056384e-01	1.745266e-01
3.056640e-01	1.713892e-01
3.056896e-01	1.681162e-01
3.057152e-01	1.647577e-01
3.057408e-01	1.614156e-01
3.057664e-01	1.581025e-01
3.057920e-01	1.544828e-01
3.058176e-01	1.509498e-01
3.058432e-01	1.474504e-01
3.058688e-01	1.435912e-01
3.058944e-01	1.399701e-01
3.059200e-01	1.362897e-01
3.059456e-01	1.324995e-01
3.059712e-01	1.286208e-01
3.059968e-01	1.247234e-01
3.060224e-01	1.208662e-01
3.060480e-01	1.168788e-01
3.060736e-01	1.128482e-01
3.060992e-01	1.088387e-01
3.061248e-01	1.046428e-01
3.061504e-01	1.005851e-01
3.061760e-01	9.648675e-02
3.062016e-01	9.223618e-02
3.062272e-01	8.794107e-02
3.062528e-01	8.366842e-02
3.062784e-01	7.932799e-02
3.063040e-01	7.505883e-02
3.063296e-01	7.057684e-02
3.063552e-01	6.611323e-02
3.063808e-01	6.182191e-02
3.064064e-01	5.726941e-02
3.064320e-01	5.264047e-02
3.064576e-01	4.817351e-02
3.064832e-01	4.361309e-02
3.065088e-01	3.905191e-02
3.065344e-01	3.456489e-02
3.065600e-01	2.985576e-02
3.065856e-01	2.531554e-02
3.066112e-01	2.058805e-02
3.066368e-01	1.571724e-02
3.066624e-01	1.118628e-02
3.066880e-01	6.413305e-03
3.067136e-01	1.627496e-03
3.067392e-01	-3.067381e-03
3.067648e-01	-7.615728e-03
3.067904e-01	-1.247088e-02
3.068160e-01	-1.735298e-02
3.068416e-01	-2.218451e-02
3.068672e-01	-2.698772e-02
3.068928e-01	-3.167984e-02
3.069184e-01	-3.651887e-02
3.069440e-01	-4.124054e-02
3.069696e-01	-4.606932e-02
3.069952e-01	-5.095914e-02
3.070208e-01	-5.578308e-02
3.070464e-01	-6.052211e-02
3.070720e-01	-6.534864e-02
3.070976e-01	-7.017764e-02
3.071232e-01	-7.497691e-02
3.071488e-01	-7.969876e-02
3.071744e-01	-8.460763e-02
3.072000e-01	-8.944391e-02
3.072256e-01	-9.402084e-02
3.072512e-01	-9.890562e-02
3.072768e-01	-1.035479e-01
3.073024e-01	-1.083567e-01
3.073280e-01	-1.129321e-01
3.073536e-01	-1.177064e-01
3.073792e-01	-1.224990e-01
3.074048e-01	-1.270190e-01
3.074304e-01	-1.316934e-01
3.074560e-01	-1.361881e-01
3.074816e-01	-1.408840e-01
3.075072e-01	-1.455499e-01
3.075328e-01	-1.499959e-01
3.075584e-01	-1.544758e-01
3.075840e-01	-1.590641e-01
3.076096e-01	-1.634512e-01
3.076352e-01	-1.679162e-01
3.076608e-01	-1.723120e-01
3.076864e-01	-1.766328e-01
3.077120e-01	-1.810331e-01
3.077376e-01	-1.853027e-01
3.077632e-01	-1.896668e-01
3.077888e-01	-1.937879e-01
3.078144e-01	-1.979409e-01
3.078400e-01	-2.021153e-01
3.078656e-01	-2.062694e-01
3.078912e-01	-2.102679e-01
3.079168e-01	-2.143668e-01
3.079424e-01	-2.183057e-01
3.079680e-01	-2.223337e-01
3.079936e-01	-2.263121e-01
3.080192e-01	-2.300213e-01
3.080448e-01	-2.338684e-01
3.080704e-01	-2.376131e-01
3.080960e-01	-2.413054e-01
3.081216e-01	-2.450106e-01
3.081472e-01	-2.485818e-01
3.081728e-01	-2.521576e-01
3.081984e-01	-2.556991e-01
3.082240e-01	-2.591376e-01
3.082496e-01	-2.626316e-01
3.082752e-01	-2.658540e-01
3.083008e-01	-2.691088e-01
3.083264e-01	-2.724876e-01
3.083520e-01	-2.755975e-01
3.083776e-01	-2.786811e-01
3.084032e-01	-2.817128e-01
3.084288e-01	-2.847875e-01
3.084544e-01	-2.877350e-01
3.084800e-01	-2.905333e-01
3.085056e-01	-2.933960e-01
3.085312e-01	-2.961950e-01
3.085568e-01	-2.988890e-01
3.085824e-01	-3.015000e-01
3.086080e-01	-3.039948e-01
3.086336e-01	-3.064973e-01
3.086592e-01	-3.090115e-01
3.086848e-01	-3.112043e-01
3.087104e-01	-3.135135e-01
3.087360e-01	-3.158318e-01
3.087616e-01	-3.178441e-01
3.087872e-01	-3.201221e-01
3.088128e-01	-3.221065e-01
3.088384e-01	-3.240521e-01
3.088640e-01	-3.257977e-01
3.088896e-01	-3.276070e-01
3.089152e-01	-3.294335e-01
3.089408e-01	-3.309928e-01
3.089664e-01	-3.326306e-01
3.089920e-01	-3.341428e-01
3.090176e-01	-3.354988e-01
3.090432e-01	-3.368674e-01
3.090688e-01	-3.381170e-01
3.090944e-01	-3.393977e-01
3.091200e-01	-3.404990e-01
3.091456e-01	-3.415671e-01
3.091712e-01	-3.426448e-01
3.091968e-01	-3.433777e-01
3.092224e-01	-3.442756e-01
3.092480e-01	-3.450346e-01
3.092736e-01	-3.456943e-01
3.092992e-01	-3.464505e-01
3.093248e-01	-3.468990e-01
3.093504e-01	-3.473316e-01
3.093760e-01	-3.477026e-01
3.094016e-01	-3.480694e-01
3.094272e-01	-3.480541e-01
3.094528e-01	-3.483208e-01
3.094784e-01	-3.484057e-01
3.095040e-01	-3.482824e-01
3.095296e-01	-3.482564e-01
3.095552e-01	-3.480946e-01
3.095808e-01	-3.478422e-01
3.096064e-01	-3.473934e-01
3.096320e-01	-3.470537e-01
3.096576e-01	-3.466578e-01
3.096832e-01	-3.459746e-01
3.097088e-01	-3.454326e-01
3.097344e-01	-3.447846e-01
3.097600e-01	-3.439472e-01
3.097856e-01	-3.429880e-01
3.098112e-01	-3.421269e-01
3.098368e-01	-3.410985e-01
3.098624e-01	-3.399228e-01
3.098880e-01	-3.388754e-01
3.099136e-01	-3.375586e-01
3.099392e-01	-3.363066e-01
3.099648e-01	-3.349331e-01
3.099904e-01	-3.334216e-01
3.100160e-01	-3.319029e-01
3.100416e-01	-3.301913e-01
3.100672e-01	-3.286220e-01
3.100928e-01	-3.267770e-01
3.101184e-01	-3.250110e-01
3.101440e-01	-3.230509e-01
3.101696e-01	-3.210990e-01
3.101952e-01	-3.191279e-01
3.102208e-01	-3.169391e-01
3.102464e-01	-3.148462e-01
3.102720e-01	-3.125511e-01
3.102976e-01	-3.102340e-01
3.103232e-01	-3.078873e-01
3.103488e-01	-3.053439e-01
3.103744e-01	-3.027257e-01
3.104000e-01	-3.001367e-01
3.104256e-01	-2.975717e-01
3.104512e-01	-2.949443e-01
3.104768e-01	-2.921717e-01
3.105024e-01	-2.892940e-01
3.105280e-01	-2.864124e-01
3.105536e-01	-2.833280e-01
3.105792e-01	-2.803714e-01
3.106048e-01	-2.772835e-01
3.106304e-01	-2.740635e-01
3.106560e-01	-2.709237e-01
3.106816e-01	-2.676186e-01
3.107072e-01	-2.642806e-01
3.107328e-01	-2.609889e-01
3.107584e-01	-2.575985e-01
3.107840e-01	-2.541536e-01
3.108096e-01	-2.504504e-01
3.108352e-01	-2.469151e-01
3.108608e-01	-2.432221e-01
3.108864e-01	-2.396869e-01
3.109120e-01	-2.358468e-01
3.109376e-01	-2.320538e-01
3.109632e-01	-2.282356e-01
3.109888e-01	-2.243859e-01
3.110144e-01	-2.205002e-01
3.110400e-01	-2.163864e-01
3.110656e-01	-2.125626e-01
3.110912e-01	-2.084500e-01
3.111168e-01	-2.043539e-01
3.111424e-01	-2.001957e-01
3.111680e-01	-1.960078e-01
3.111936e-01	-1.919132e-01
3.112192e-01	-1.875946e-01
3.112448e-01	-1.832616e-01
3.112704e-01	-1.788220e-01
3.112960e-01	-1.746742e-01
3.113216e-01	-1.702447e-01
3.113472e-01	-1.657631e-01
3.113728e-01	-1.614407e-01
3.113984e-01	-1.568456e-01
3.114240e-01	-1.523066e-01
3.114496e-01	-1.477969e-01
3.114752e-01	-1.431705e-01
3.115008e-01	-1.387409e-01
3.115264e-01	-1.340367e-01
3.115520e-01	-1.294321e-01
3.115776e-01	-1.247230e-01
3.116032e-01	-1.199940e-01
3.116288e-01	-1.153485e-01
3.116544e-01	-1.107503e-01
3.116800e-01	-1.060821e-01
3.117056e-01	-1.012398e-01
3.117312e-01	-9.651980e-02
3.117568e-01	-9.175650e-02
3.117824e-01	-8.706453e-02
3.118080e-01	-8.230763e-02
3.118336e-01	-7.742278e-02
3.118592e-01	-7.259609e-02
3.118848e-01	-6.779201e-02
3.119104e-01	-6.297948e-02
3.119360e-01	-5.825534e-02
3.119616e-01	-5.357334e-02
3.119872e-01	-4.844803e-02
3.120128e-01	-4.371916e-02
3.120384e-01	-3.889637e-02
3.120640e-01	-3.404998e-02
3.120896e-01	-2.942536e-02
3.121152e-01	-2.452706e-02
3.121408e-01	-1.978345e-02
3.121664e-01	-1.504392e-02
3.121920e-01	-1.018184e-02
3.122176e-01	-5.506752e-03
3.122432e-01	-7.096362e-04
3.122688e-01	4.018974e-03
3.122944e-01	8.755720e-03
3.123200e-01	1.354811e-02
3.123456e-01	1.823531e-02
3.123712e-01	2.291897e-02
3.123968e-01	2.761305e-02
3.124224e-01	3.217239e-02
3.124480e-01	3.680159e-02
3.124736e-01	4.130417e-02
3.124992e-01	4.594380e-02
3.125248e-01	5.048613e-02
3.125504e-01	5.502151e-02
3.125760e-01	5.950105e-02
3.126016e-01	6.397542e-02
3.126272e-01	6.844068e-02
3.126528e-01	7.282694e-02
3.126784e-01	7.724996e-02
3.127040e-01	8.146419e-02
3.127296e-01	8.583565e-02
3.127552e-01	9.007960e-02
3.127808e-01	9.426465e-02
3.128064e-01	9.855805e-02
3.128320e-01	1.026439e-01
3.128576e-01	1.068133e-01
3.128832e-01	1.108065e-01
3.129088e-01	1.149712e-01
3.129344e-01	1.189754e-01
3.129600e-01	1.228699e-01
3.129856e-01	1.267387e-01
3.130112e-01	1.305311e-01
3.130368e-01	1.343988e-01
3.130624e-01	1.382650e-01
3.130880e-01	1.419714e-01
3.131136e-01	1.455187e-01
3.131392e-01	1.491822e-01
3.131648e-01	1.528291e-01
3.131904e-01	1.562470e-01
3.132160e-01	1.598211e-01
3.132416e-01	1.631395e-01
3.132672e-01	1.664409e-01
3.132928e-01	1.697425e-01
3.133184e-01	1.729328e-01
3.133440e-01	1.761570e-01
3.133696e-01	1.792562e-01
3.133952e-01	1.823704e-01
3.134208e-01	1.853173e-01
3.134464e-01	1.883599e-01
3.134720e-01	1.911922e-01
3.134976e-01	1.939965e-01
3.135232e-01	1.968940e-01
3.135488e-01	1.994364e-01
3.135744e-01	2.020506e-01
3.136000e-01	2.045704e-01
3.136256e-01	2.072214e-01
3.136512e-01	2.096071e-01
3.136768e-01	2.119420e-01
3.137024e-01	2.141870e-01
3.137280e-01	2.163450e-01
3.137536e-01	2.186467e-01
3.137792e-01	2.205617e-01
3.138048e-01	2.226052e-01
3.138304e-01	2.246783e-01
3.138560e-01	2.264556e-01
3.138816e-01	2.283233e-01
3.139072e-01	2.300031e-01
3.139328e-01	2.316873e-01
3.139584e-01	2.332142e-01
3.139840e-01	2.347188e-01
3.140096e-01	2.361318e-01
3.140352e-01	2.374922e-01
3.140608e-01	2.387801e-01
3.140864e-01	2.399934e-01
3.141120e-01	2.411602e-01
3.141376e-01	2.421961e-01
3.141632e-01	2.431979e-01
3.141888e-01	2.440994e-01
3.142144e-01	2.448882e-01
3.142400e-01	2.456913e-01
3.142656e-01	2.463464e-01
3.142912e-01	2.469527e-01
3.143168e-01	2.473936e-01
3.143424e-01	2.478811e-01
3.143680e-01	2.482335e-01
3.143936e-01	2.485743e-01
3.144192e-01	2.488528e-01
3.144448e-01	2.489091e-01
3.144704e-01	2.489603e-01
3.144960e-01	2.489865e-01
3.145216e-01	2.488844e-01
3.145472e-01	2.487136e-01
3.145728e-01	2.484862e-01
3.145984e-01	2.482652e-01
3.146240e-01	2.477271e-01
3.146496e-01	2.471891e-01
3.146752e-01	2.467160e-01
3.147008e-01	2.459624e-01
3.147264e-01	2.454477e-01
3.147520e-01	2.446297e-01
3.147776e-01	2.436791e-01
3.148032e-01	2.428290e-01
3.148288e-01	2.417205e-01
3.148544e-01	2.406516e-01
3.148800e-01	2.393616e-01
3.149056e-01	2.383203e-01
3.149312e-01	2.369602e-01
3.149568e-01	2.355262e-01
3.149824e-01	2.341064e-01
3.150080e-01	2.325838e-01
3.150336e-01	2.309064e-01
3.150592e-01	2.292359e-01
3.150848e-01	2.275419e-01
3.151104e-01	2.256192e-01
3.151360e-01	2.237832e-01
3.151616e-01	2.216858e-01
3.151872e-01	2.197367e-01
3.152128e-01	2.176212e-01
3.152384e-01	2.154608e-01
3.152640e-01	2.131565e-01
3.152896e-01	2.107859e-01
3.153152e-01	2.085133e-01
3.153408e-01	2.060022e-01
3.153664e-01	2.035751e-01
3.153920e-01	2.008730e-01
3.154176e-01	1.982743e-01
3.154432e-01	1.955324e-01
3.154688e-01	1.927693e-01
3.154944e-01	1.900039e-01
3.155200e-01	1.870716e-01
3.155456e-01	1.841827e-01
3.155712e-01	1.810003e-01
3.155968e-01	1.779553e-01
3.156224e-01	1.749293e-01
3.156480e-01	1.716170e-01
3.156736e-01	1.684984e-01
3.156992e-01	1.650021e-01
3.157248e-01	1.616751e-01
3.157504e-01	1.583401e-01
3.157760e-01	1.547622e-01
3.158016e-01	1.513133e-01
3.158272e-01	1.476828e-01
3.158528e-01	1.439550e-01
3.158784e-01	1.403144e-01
3.159040e-01	1.366323e-01
3.159296e-01	1.328596e-01
3.159552e-01	1.289887e-01
3.159808e-01	1.251715e-01
3.160064e-01	1.212909e-01
3.160320e-01	1.171863e-01
3.160576e-01	1.133331e-01
3.160832e-01	1.092009e-01
3.161088e-01	1.050584e-01
3.161344e-01	1.009719e-01
3.161600e-01	9.665430e-02
3.161856e-01	9.256984e-02
3.162112e-01	8.831699e-02
3.162368e-01	8.405586e-02
3.162624e-01	7.966844e-02
3.162880e-01	7.537024e-02
3.163136e-01	7.087319e-02
3.163392e-01	6.655614e-02
3.163648e-01	6.216390e-02
3.163904e-01	5.766658e-02
3.164160e-01	5.315017e-02
3.164416e-01	4.861844e-02
3.164672e-01	4.403146e-02
3.164928e-01	3.945903e-02
3.165184e-01	3.496006e-02
3.165440e-01	3.018869e-02
3.165696e-01	2.563607e-02
3.165952e-01	2.101144e-02
3.166208e-01	1.626874e-02
3.166464e-01	1.149278e-02
3.166720e-01	6.804421e-03
3.166976e-01	2.089133e-03
3.167232e-01	-2.667670e-03
3.167488e-01	-7.264159e-03
3.167744e-01	-1.217159e-02
3.168000e-01	-1.685166e-02
3.168256e-01	-2.171734e-02
3.168512e-01	-2.639030e-02
3.168768e-01	-3.127094e-02
3.169024e-01	-3.610990e-02
3.169280e-01	-4.098636e-02
3.169536e-01	-4.579824e-02
3.169792e-01	-5.045385e-02
3.170048e-01	-5.539102e-02
3.170304e-01	-6.008502e-02
3.170560e-01	-6.497538e-02
3.170816e-01	-6.979036e-02
3.171072e-01	-7.458801e-02
3.171328e-01	-7.932745e-02
3.171584e-01	-8.408422e-02
3.171840e-01	-8.897946e-02
3.172096e-01	-9.350022e-02
3.172352e-01	-9.851026e-02
3.172608e-01	-1.031582e-01
3.172864e-01	-1.079317e-01
3.173120e-01	-1.125272e-01
3.173376e-01	-1.171520e-01
3.173632e-01	-1.220595e-01
3.173888e-01	-1.266064e-01
3.174144e-01	-1.313387e-01
3.174400e-01	-1.358941e-01
3.174656e-01	-1.405188e-01
3.174912e-01	-1.450230e-01
3.175168e-01	-1.494989e-01
3.175424e-01	-1.542037e-01
3.175680e-01	-1.585445e-01
3.175936e-01	-1.629973e-01
3.176192e-01	-1.674683e-01
3.176448e-01	-1.719569e-01
3.176704e-01	-1.763793e-01
3.176960e-01	-1.806883e-01
3.177216e-01	-1.849468e-01
3.177472e-01	-1.892665e-01
3.177728e-01	-1.933787e-01
3.177984e-01	-1.976622e-01
3.178240e-01	-2.018521e-01
3.178496e-01	-2.059477e-01
3.178752e-01	-2.100560e-01
3.179008e-01	-2.140002e-01
3.179264e-01	-2.180945e-01
3.179520e-01	-2.219223e-01
3.179776e-01	-2.258468e-01
3.180032e-01	-2.297909e-01
3.180288e-01	-2.335087e-01
3.180544e-01	-2.373682e-01
3.180800e-01	-2.409927e-01
3.181056e-01	-2.446468e-01
3.181312e-01	-2.483364e-01
3.181568e-01	-2.518015e-01
3.181824e-01	-2.554109e-01
3.182080e-01	-2.589839e-01
3.182336e-01	-2.622296e-01
3.182592e-01	-2.655550e-01
3.182848e-01	-2.690359e-01
3.183104e-01	-2.721994e-01
3.183360e-01	-2.752045e-01
3.183616e-01	-2.784345e-01
3.183872e-01	-2.815254e-01
3.184128e-01	-2.845553e-01
3.184384e-01	-2.874818e-01
3.184640e-01	-2.904277e-01
3.184896e-01	-2.931276e-01
3.185152e-01	-2.959163e-01
3.185408e-01	-2.986581e-01
3.185664e-01	-3.012334e-01
3.185920e-01	-3.038321e-01
3.186176e-01	-3.062129e-01
3.186432e-01	-3.086891e-01
3.186688e-01	-3.111883e-01
3.186944e-01	-3.133257e-01
3.187200e-01	-3.156287e-01
3.187456e-01	-3.177738e-01
3.187712e-01	-3.198971e-01
3.187968e-01	-3.219342e-01
3.188224e-01	-3.237502e-01
3.188480e-01	-3.257386e-01
3.188736e-01	-3.275203e-01
3.188992e-01	-3.291976e-01
3.189248e-01	-3.308780e-01
3.189504e-01	-3.324051e-01
3.189760e-01	-3.340428e-01
3.190016e-01	-3.354730e-01
3.190272e-01	-3.367782e-01
3.190528e-01	-3.380056e-01
3.190784e-01	-3.393988e-01
3.191040e-01	-3.404136e-01
3.191296e-01	-3.414322e-01
3.191552e-01	-3.424739e-01
3.191808e-01	-3.433082e-01
3.192064e-01	-3.442408e-01
3.192320e-01	-3.449910e-01
3.192576e-01	-3.456477e-01
3.192832e-01	-3.463651e-01
3.193088e-01	-3.468236e-01
3.193344e-01	-3.472564e-01
3.193600e-01	-3.476056e-01
3.193856e-01	-3.479231e-01
3.194112e-01	-3.481829e-01
3.194368e-01	-3.482988e-01
3.194624e-01	-3.484607e-01
3.194880e-01	-3.483917e-01
3.195136e-01	-3.482831e-01
3.195392e-01	-3.481085e-01
3.195648e-01	-3.478986e-01
3.195904e-01	-3.476199e-01
3.196160e-01	-3.471603e-01
3.196416e-01	-3.467654e-01
3.196672e-01	-3.461533e-01
3.196928e-01	-3.454791e-01
3.197184e-01	-3.448459e-01
3.197440e-01	-3.440534e-01
3.197696e-01	-3.431682e-01
3.197952e-01	-3.423635e-01
3.198208e-01	-3.412220e-01
3.198464e-01	-3.401830e-01
3.198720e-01	-3.389781e-01
3.198976e-01	-3.377453e-01
3.199232e-01	-3.364408e-01
3.199488e-01	-3.349799e-01
3.199744e-01	-3.335612e-01
3.200000e-01	-3.320823e-01
3.200256e-01	-3.304708e-01
3.200512e-01	-3.287203e-01
3.200768e-01	-3.269666e-01
3.201024e-01	-3.252694e-01
3.201280e-01	-3.232549e-01
3.201536e-01	-3.214402e-01
3.201792e-01	-3.193588e-01
3.202048e-01	-3.171674e-01
3.202304e-01	-3.149700e-01
3.202560e-01	-3.127439e-01
3.202816e-01	-3.104033e-01
3.203072e-01	-3.080488e-01
3.203328e-01	-3.057095e-01
3.203584e-01	-3.030886e-01
3.203840e-01	-3.005010e-01
3.204096e-01	-2.978778e-01
3.204352e-01	-2.952036e-01
3.204608e-01	-2.924156e-01
3.204864e-01	-2.895266e-01
3.205120e-01	-2.866146e-01
3.205376e-01	-2.836590e-01
3.205632e-01	-2.806362e-01
3.205888e-01	-2.775254e-01
3.206144e-01	-2.744696e-01
3.206400e-01	-2.711941e-01
3.206656e-01	-2.680701e-01
3.206912e-01	-2.646530e-01
3.207168e-01	-2.612284e-01
3.207424e-01	-2.579653e-01
3.207680e-01	-2.544715e-01
3.207936e-01	-2.508435e-01
3.208192e-01	-2.473536e-01
3.208448e-01	-2.436316e-01
3.208704e-01	-2.400251e-01
3.208960e-01	-2.362915e-01
3.209216e-01	-2.324285e-01
3.209472e-01	-2.287301e-01
3.209728e-01	-2.247680e-01
3.209984e-01	-2.207629e-01
3.210240e-01	-2.169108e-01
3.210496e-01	-2.129467e-01
3.210752e-01	-2.088048e-01
3.211008e-01	-2.047043e-01
3.211264e-01	-2.006672e-01
3.211520e-01	-1.965058e-01
3.211776e-01	-1.922013e-01
3.212032e-01	-1.879051e-01
3.212288e-01	-1.836878e-01
3.212544e-01	-1.793275e-01
3.212800e-01	-1.749772e-01
3.213056e-01	-1.706129e-01
3.213312e-01	-1.662367e-01
3.213568e-01	-1.616378e-01
3.213824e-01	-1.571248e-01
3.214080e-01	-1.528000e-01
3.214336e-01	-1.482848e-01
3.214592e-01	-1.436155e-01
3.214848e-01	-1.390694e-01
3.215104e-01	-1.344556e-01
3.215360e-01	-1.298581e-01
3.215616e-01	-1.251344e-01
3.215872e-01	-1.205532e-01
3.216128e-01	-1.158880e-01
3.216384e-01	-1.110733e-01
3.216640e-01	-1.064661e-01
3.216896e-01	-1.016345e-01
3.217152e-01	-9.697197e-02
3.217408e-01	-9.230978e-02
3.217664e-01	-8.743975e-02
3.217920e-01	-8.267412e-02
3.218176e-01	-7.785903e-02
3.218432e-01	-7.303023e-02
3.218688e-01	-6.817164e-02
3.218944e-01	-6.350554e-02
3.219200e-01	-5.855291e-02
3.219456e-01	-5.384003e-02
3.219712e-01	-4.906256e-02
3.219968e-01	-4.426835e-02
3.220224e-01	-3.941096e-02
3.220480e-01	-3.456768e-02
3.220736e-01	-2.981664e-02
3.220992e-01	-2.485242e-02
3.221248e-01	-2.022558e-02
3.221504e-01	-1.541497e-02
3.221760e-01	-1.057539e-02
3.222016e-01	-5.867767e-03
3.222272e-01	-1.101286e-03
3.222528e-01	3.521717e-03
3.222784e-01	8.359502e-03
3.223040e-01	1.298942e-02
3.223296e-01	1.775694e-02
3.223552e-01	2.245921e-02
3.223808e-01	2.709481e-02
3.224064e-01	3.164409e-02
3.224320e-01	3.619638e-02
3.224576e-01	4.094047e-02
3.224832e-01	4.548404e-02
3.225088e-01	5.012405e-02
3.225344e-01	5.460616e-02
3.225600e-01	5.904198e-02
3.225856e-01	6.360482e-02
3.226112e-01	6.791010e-02
3.226368e-01	7.243355e-02
3.226624e-01	7.691602e-02
3.226880e-01	8.111918e-02
3.227136e-01	8.540919e-02
3.227392e-01	8.970907e-02
3.227648e-01	9.391484e-02
3.227904e-01	9.804020e-02
3.228160e-01	1.023258e-01
3.228416e-01	1.065318e-01
3.228672e-01	1.105552e-01
3.228928e-01	1.146099e-01
3.229184e-01	1.186331e-01
3.229440e-01	1.225265e-01
3.229696e-01	1.263912e-01
3.229952e-01	1.303709e-01
3.230208e-01	1.340585e-01
3.230464e-01	1.379564e-01
3.230720e-01	1.415948e-01
3.230976e-01	1.452893e-01
3.231232e-01	1.489803e-01
3.231488e-01	1.524042e-01
3.231744e-01	1.559539e-01
3.232000e-01	1.594960e-01
3.232256e-01	1.629197e-01
3.232512e-01	1.662050e-01
3.232768e-01	1.694082e-01
3.233024e-01	1.726364e-01
3.233280e-01	1.759494e-01
3.233536e-01	1.789989e-01
3.233792e-01	1.820541e-01
3.234048e-01	1.851171e-01
3.234304e-01	1.880276e-01
3.234560e-01	1.909959e-01
3.234816e-01	1.937154e-01
3.235072e-01	1.964435e-01
3.235328e-01	1.991567e-01
3.235584e-01	2.018701e-01
3.235840e-01	2.044437e-01
3.236096e-01	2.069547e-01
3.236352e-01	2.093224e-01
3.236608e-01	2.117499e-01
3.236864e-01	2.140018e-01
3.237120e-01	2.161787e-01
3.237376e-01	2.183085e-01
3.237632e-01	2.205454e-01
3.237888e-01	2.225372e-01
3.238144e-01	2.243648e-01
3.238400e-01	2.263570e-01
3.238656e-01	2.281414e-01
3.238912e-01	2.297909e-01
3.239168e-01	2.314948e-01
3.239424e-01	2.329949e-01
3.239680e-01	2.346081e-01
3.239936e-01	2.361787e-01
3.240192e-01	2.373844e-01
3.240448e-01	2.387718e-01
3.240704e-01	2.400036e-01
3.240960e-01	2.410887e-01
3.241216e-01	2.421572e-01
3.241472e-01	2.431077e-01
3.241728e-01	2.440257e-01
3.241984e-01	2.447678e-01
3.242240e-01	2.456331e-01
3.242496e-01	2.462528e-01
3.242752e-01	2.469998e-01
3.243008e-01	2.474406e-01
3.243264e-01	2.478159e-01
3.243520e-01	2.483045e-01
3.243776e-01	2.484774e-01
3.244032e-01	2.488480e-01
3.244288e-01	2.489382e-01
3.244544e-01	2.490430e-01
3.244800e-01	2.490557e-01
3.245056e-01	2.489396e-01
3.245312e-01	2.488565e-01
3.245568e-01	2.484884e-01
3.245824e-01	2.482728e-01
3.246080e-01	2.477375e-01
3.246336e-01	2.473698e-01
3.246592e-01	2.468312e-01
3.246848e-01	2.463156e-01
3.247104e-01	2.455426e-01
3.247360e-01	2.446187e-01
3.247616e-01	2.438323e-01
3.247872e-01	2.429834e-01
3.248128e-01	2.419794e-01
3.248384e-01	2.408431e-01
3.248640e-01	2.395322e-01
3.248896e-01	2.383907e-01
3.249152e-01	2.372518e-01
3.249408e-01	2.356947e-01
3.249664e-01	2.343092e-01
3.249920e-01	2.328012e-01
3.250176e-01	2.310234e-01
3.250432e-01	2.294938e-01
3.250688e-01	2.277132e-01
3.250944e-01	2.257895e-01
3.251200e-01	2.239993e-01
3.251456e-01	2.220530e-01
3.251712e-01	2.199100e-01
3.251968e-01	2.178521e-01
3.252224e-01	2.157001e-01
3.252480e-01	2.135352e-01
3.252736e-01	2.111294e-01
3.252992e-01	2.088002e-01
3.253248e-01	2.064248e-01
3.253504e-01	2.039033e-01
3.253760e-01	2.010969e-01
3.254016e-01	1.986053e-01
3.254272e-01	1.959867e-01
3.254528e-01	1.931156e-01
3.254784e-01	1.903085e-01
3.255040e-01	1.873416e-01
3.255296e-01	1.844365e-01
3.255552e-01	1.814374e-01
3.255808e-01	1.782928e-01
3.256064e-01	1.752266e-01
3.256320e-01	1.719820e-01
3.256576e-01	1.686992e-01
3.256832e-01	1.654097e-01
3.257088e-01	1.619641e-01
3.257344e-01	1.585863e-01
3.257600e-01	1.552605e-01
3.257856e-01	1.515679e-01
3.258112e-01	1.480474e-01
3.258368e-01	1.444789e-01
3.258624e-01	1.407664e-01
3.258880e-01	1.369607e-01
3.259136e-01	1.332685e-01
3.259392e-01	1.294091e-01
3.259648e-01	1.254902e-01
3.259904e-01	1.217450e-01
3.260160e-01	1.176755e-01
3.260416e-01	1.136034e-01
3.260672e-01	1.096316e-01
3.260928e-01	1.054797e-01
3.261184e-01	1.013286e-01
3.261440e-01	9.715073e-02
3.261696e-01	9.309178e-02
3.261952e-01	8.865966e-02
3.262208e-01	8.440883e-02
3.262464e-01	8.013637e-02
3.262720e-01	7.579631e-02
3.262976e-01	7.146014e-02
3.263232e-01	6.695572e-02
3.263488e-01	6.259386e-02
3.263744e-01	5.810171e-02
3.264000e-01	5.357869e-02
3.264256e-01	4.912109e-02
3.264512e-01	4.439452e-02
3.264768e-01	3.980699e-02
3.265024e-01	3.526079e-02
3.265280e-01	3.074335e-02
3.265536e-01	2.615134e-02
3.265792e-01	2.130997e-02
3.266048e-01	1.669087e-02
3.266304e-01	1.202678e-02
3.266560e-01	7.277980e-03
3.266816e-01	2.704245e-03
3.267072e-01	-2.149576e-03
3.267328e-01	-6.895665e-03
3.267584e-01	-1.165208e-02
3.267840e-01	-1.635659e-02
3.268096e-01	-2.121000e-02
3.268352e-01	-2.601873e-02
3.268608e-01	-3.082573e-02
3.268864e-01	-3.565748e-02
3.269120e-01	-4.045315e-02
3.269376e-01	-4.524377e-02
3.269632e-01	-5.011117e-02
3.269888e-01	-5.490150e-02
3.270144e-01	-5.972724e-02
3.270400e-01	-6.451428e-02
3.270656e-01	-6.927352e-02
3.270912e-01	-7.420914e-02
3.271168e-01	-7.892890e-02
3.271424e-01	-8.368319e-02
3.271680e-01	-8.848967e-02
3.271936e-01	-9.320979e-02
3.272192e-01	-9.796661e-02
3.272448e-01	-1.026089e-01
3.272704e-01	-1.074272e-01
3.272960e-01	-1.120056e-01
3.273216e-01	-1.169220e-01
3.273472e-01	-1.215515e-01
3.273728e-01	-1.260204e-01
3.273984e-01	-1.308529e-01
3.274240e-01	-1.353787e-01
3.274496e-01	-1.400777e-01
3.274752e-01	-1.445575e-01
3.275008e-01	-1.490535e-01
3.275264e-01	-1.537603e-01
3.275520e-01	-1.581481e-01
3.275776e-01	-1.626227e-01
3.276032e-01	-1.669961e-01
3.276288e-01	-1.714076e-01
3.276544e-01	-1.758403e-01
3.276800e-01	-1.801816e-01
3.277056e-01	-1.842893e-01
3.277312e-01	-1.887034e-01
3.277568e-01	-1.930462e-01
3.277824e-01	-1.970485e-01
3.278080e-01	-2.013903e-01
3.278336e-01	-2.055618e-01
3.278592e-01	-2.095988e-01
3.278848e-01	-2.136801e-01
3.279104e-01	-2.176763e-01
3.279360e-01	-2.216267e-01
3.279616e-01	-2.254808e-01
3.279872e-01	-2.292635e-01
3.280128e-01	-2.331145e-01
3.280384e-01	-2.370134e-01
3.280640e-01	-2.406683e-01
3.280896e-01	-2.443410e-01
3.281152e-01	-2.479560e-01
3.281408e-01	-2.515809e-01
3.281664e-01	-2.551166e-01
3.281920e-01	-2.585311e-01
3.282176e-01	-2.619064e-01
3.282432e-01	-2.653156e-01
3.282688e-01	-2.685236e-01
3.282944e-01	-2.718211e-01
3.283200e-01	-2.750878e-01
3.283456e-01	-2.781616e-01
3.283712e-01	-2.811885e-01
3.283968e-01	-2.842198e-01
3.284224e-01	-2.872049e-01
3.284480e-01	-2.900997e-01
3.284736e-01	-2.928960e-01
3.284992e-01	-2.956936e-01
3.285248e-01	-2.982689e-01
3.285504e-01	-3.009275e-01
3.285760e-01	-3.035920e-01
3.286016e-01	-3.060876e-01
3.286272e-01	-3.083996e-01
3.286528e-01	-3.107817e-01
3.286784e-01	-3.132849e-01
3.287040e-01	-3.153774e-01
3.287296e-01	-3.176086e-01
3.287552e-01	-3.195948e-01
3.287808e-01	-3.217167e-01
3.288064e-01	-3.237182e-01
3.288320e-01	-3.254249e-01
3.288576e-01	-3.273328e-01
3.288832e-01	-3.289236e-01
3.289088e-01	-3.308335e-01
3.289344e-01	-3.322780e-01
3.289600e-01	-3.338352e-01
3.289856e-01	-3.353652e-01
3.290112e-01	-3.365800e-01
3.290368e-01	-3.379306e-01
3.290624e-01	-3.391754e-01
3.290880e-01	-3.402562e-01
3.291136e-01	-3.413702e-01
3.291392e-01	-3.423212e-01
3.291648e-01	-3.432761e-01
3.291904e-01	-3.441469e-01
3.292160e-01	-3.448790e-01
3.292416e-01	-3.456056e-01
3.292672e-01	-3.462928e-01
3.292928e-01	-3.468193e-01
3.293184e-01	-3.472236e-01
3.293440e-01	-3.476347e-01
3.293696e-01	-3.478347e-01
3.293952e-01	-3.481751e-01
3.294208e-01	-3.483222e-01
3.294464e-01	-3.483047e-01
3.294720e-01	-3.484345e-01
3.294976e-01	-3.482582e-01
3.295232e-01	-3.482548e-01
3.295488e-01	-3.479601e-01
3.295744e-01	-3.476409e-01
3.296000e-01	-3.472630e-01
3.296256e-01	-3.466802e-01
3.296512e-01	-3.461798e-01
3.296768e-01	-3.455227e-01
3.297024e-01	-3.448811e-01
3.297280e-01	-3.441342e-01
3.297536e-01	-3.432718e-01
3.297792e-01	-3.424772e-01
3.298048e-01	-3.413841e-01
3.298304e-01	-3.402617e-01
3.298560e-01	-3.391224e-01
3.298816e-01	-3.378373e-01
3.299072e-01	-3.365047e-01
3.299328e-01	-3.351710e-01
3.299584e-01	-3.335772e-01
3.299840e-01	-3.321618e-01
3.300096e-01	-3.305772e-01
3.300352e-01	-3.288984e-01
3.300608e-01	-3.272198e-01
3.300864e-01	-3.253790e-01
3.301120e-01	-3.234335e-01
3.301376e-01	-3.215535e-01
3.301632e-01	-3.194236e-01
3.301888e-01	-3.173488e-01
3.302144e-01	-3.152344e-01
3.302400e-01	-3.129280e-01
3.302656e-01	-3.106570e-01
3.302912e-01	-3.082615e-01
3.303168e-01	-3.057875e-01
3.303424e-01	-3.032453e-01
3.303680e-01	-3.007638e-01
3.303936e-01	-2.981107e-01
3.304192e-01	-2.953095e-01
3.304448e-01	-2.926001e-01
3.304704e-01	-2.898205e-01
3.304960e-01	-2.868976e-01
3.305216e-01	-2.839531e-01
3.305472e-01	-2.810779e-01
3.305728e-01	-2.778158e-01
3.305984e-01	-2.747504e-01
3.306240e-01	-2.716120e-01
3.306496e-01	-2.683920e-01
3.306752e-01	-2.650027e-01
3.307008e-01	-2.616495e-01
3.307264e-01	-2.582776e-01
3.307520e-01	-2.547004e-01
3.307776e-01	-2.511596e-01
3.308032e-01	-2.475493e-01
3.308288e-01	-2.439286e-01
3.308544e-01	-2.403276e-01
3.308800e-01	-2.365361e-01
3.309056e-01	-2.327602e-01
3.309312e-01	-2.289187e-01
3.309568e-01	-2.251283e-01
3.309824e-01	-2.211731e-01
3.310080e-01	-2.172235e-01
3.310336e-01	-2.131871e-01
3.310592e-01	-2.090426e-01
3.310848e-01	-2.050698e-01
3.311104e-01	-2.009083e-01
3.311360e-01	-1.968138e-01
3.311616e-01	-1.926187e-01
3.311872e-01	-1.883273e-01
3.312128e-01	-1.841286e-01
3.312384e-01	-1.796724e-01
3.312640e-01	-1.754463e-01
3.312896e-01	-1.710153e-01
3.313152e-01	-1.665122e-01
3.313408e-01	-1.621290e-01
3.313664e-01	-1.576258e-01
3.313920e-01	-1.531573e-01
3.314176e-01	-1.485744e-01
3.314432e-01	-1.440589e-01
3.314688e-01	-1.396313e-01
3.314944e-01	-1.349392e-01
3.315200e-01	-1.303008e-01
3.315456e-01	-1.257543e-01
3.315712e-01	-1.210089e-01
3.315968e-01	-1.162354e-01
3.316224e-01	-1.116819e-01
3.316480e-01	-1.069058e-01
3.316736e-01	-1.022069e-01
3.316992e-01	-9.754191e-02
3.317248e-01	-9.260849e-02
3.317504e-01	-8.778690e-02
3.317760e-01	-8.310956e-02
3.318016e-01	-7.832457e-02
3.318272e-01	-7.352061e-02
3.318528e-01	-6.870563e-02
3.318784e-01	-6.392354e-02
3.319040e-01	-5.916034e-02
3.319296e-01	-5.432807e-02
3.319552e-01	-4.936660e-02
3.319808e-01	-4.471757e-02
3.320064e-01	-3.991221e-02
3.320320e-01	-3.511939e-02
3.320576e-01	-3.028013e-02
3.320832e-01	-2.534735e-02
3.321088e-01	-2.069155e-02
3.321344e-01	-1.592954e-02
3.321600e-01	-1.106141e-02
3.321856e-01	-6.307783e-03
3.322112e-01	-1.487757e-03
3.322368e-01	3.166027e-03
3.322624e-01	7.907897e-03
3.322880e-01	1.263067e-02
3.323136e-01	1.729411e-02
3.323392e-01	2.198696e-02
3.323648e-01	2.675094e-02
3.323904e-01	3.131004e-02
3.324160e-01	3.583430e-02
3.324416e-01	4.053103e-02
3.324672e-01	4.511037e-02
3.324928e-01	4.960265e-02
3.325184e-01	5.420383e-02
3.325440e-01	5.867508e-02
3.325696e-01	6.307176e-02
3.325952e-01	6.757089e-02
3.326208e-01	7.208692e-02
3.326464e-01	7.628110e-02
3.326720e-01	8.077656e-02
3.326976e-01	8.497149e-02
3.327232e-01	8.925657e-02
3.327488e-01	9.364497e-02
3.327744e-01	9.772450e-02
3.328000e-01	1.018708e-01
3.328256e-01	1.060090e-01
3.328512e-01	1.101786e-01
3.328768e-01	1.141502e-01
3.329024e-01	1.181390e-01
3.329280e-01	1.221870e-01
3.329536e-01	1.260945e-01
3.329792e-01	1.300093e-01
3.330048e-01	1.337761e-01
3.330304e-01	1.374798e-01
3.330560e-01	1.411771e-01
3.330816e-01	1.450503e-01
3.331072e-01	1.485581e-01
3.331328e-01	1.520415e-01
3.331584e-01	1.556311e-01
3.331840e-01	1.591283e-01
3.332096e-01	1.624930e-01
3.332352e-01	1.658847e-01
3.332608e-01	1.692095e-01
3.332864e-01	1.724337e-01
3.333120e-01	1.756454e-01
3.333376e-01	1.786922e-01
3.333632e-01	1.818268e-01
3.333888e-01	1.848971e-01
3.334144e-01	1.877894e-01
3.334400e-01	1.907115e-01
3.334656e-01	1.935203e-01
3.334912e-01	1.962472e-01
3.335168e-01	1.988226e-01
3.335424e-01	2.015587e-01
3.335680e-01	2.041394e-01
3.335936e-01	2.067281e-01
3.336192e-01	2.091472e-01
3.336448e-01	2.114727e-01
3.336704e-01	2.136669e-01
3.336960e-01	2.160464e-01
3.337216e-01	2.181982e-01
3.337472e-01	2.202871e-01
3.337728e-01	2.223786e-01
3.337984e-01	2.241925e-01
3.338240e-01	2.261157e-01
3.338496e-01	2.279171e-01
3.338752e-01	2.296535e-01
3.339008e-01	2.313280e-01
3.339264e-01	2.329530e-01
3.339520e-01	2.344592e-01
3.339776e-01	2.357919e-01
3.340032e-01	2.373656e-01
3.340288e-01	2.386453e-01
3.340544e-01	2.398185e-01
3.340800e-01	2.409814e-01
3.341056e-01	2.419513e-01
3.341312e-01	2.430001e-01
3.341568e-01	2.439816e-01
3.341824e-01	2.447222e-01
3.342080e-01	2.455243e-01
3.342336e-01	2.463804e-01
3.342592e-01	2.468281e-01
3.342848e-01	2.474483e-01
3.343104e-01	2.479404e-01
3.343360e-01	2.481202e-01
3.343616e-01	2.486529e-01
3.343872e-01	2.486958e-01
3.344128e-01	2.489160e-01
3.344384e-01	2.489190e-01
3.344640e-01	2.489674e-01
3.344896e-01	2.489182e-01
3.345152e-01	2.486535e-01
3.345408e-01	2.485434e-01
3.345664e-01	2.482278e-01
3.345920e-01	2.478640e-01
3.346176e-01	2.473527e-01
3.346432e-01	2.468101e-01
3.346688e-01	2.462447e-01
3.346944e-01	2.455161e-01
3.347200e-01	2.447987e-01
3.347456e-01	2.438665e-01
3.347712e-01	2.430606e-01
3.347968e-01	2.419627e-01
3.348224e-01	2.407944e-01
3.348480e-01	2.396723e-01
3.348736e-01	2.385331e-01
3.348992e-01	2.372830e-01
3.349248e-01	2.357696e-01
3.349504e-01	2.344705e-01
3.349760e-01	2.329633e-01
3.350016e-01	2.311983e-01
3.350272e-01	2.295666e-01
3.350528e-01	2.278527e-01
3.350784e-01	2.260333e-01
3.351040e-01	2.239596e-01
3.351296e-01	2.222065e-01
3.351552e-01	2.201849e-01
3.351808e-01	2.179863e-01
3.352064e-01	2.159180e-01
3.352320e-01	2.136719e-01
3.352576e-01	2.113783e-01
3.352832e-01	2.089183e-01
3.353088e-01	2.065548e-01
3.353344e-01	2.040599e-01
3.353600e-01	2.013733e-01
3.353856e-01	1.987842e-01
3.354112e-01	1.960681e-01
3.354368e-01	1.933714e-01
3.354624e-01	1.905644e-01
3.354880e-01	1.877211e-01
3.355136e-01	1.846097e-01
3.355392e-01	1.816855e-01
3.355648e-01	1.785504e-01
3.355904e-01	1.754667e-01
3.356160e-01	1.723295e-01
3.356416e-01	1.690672e-01
3.356672e-01	1.656916e-01
3.356928e-01	1.623658e-01
3.357184e-01	1.590261e-01
3.357440e-01	1.554624e-01
3.357696e-01	1.520927e-01
3.357952e-01	1.484624e-01
3.358208e-01	1.447336e-01
3.358464e-01	1.411256e-01
3.358720e-01	1.373999e-01
3.358976e-01	1.335872e-01
3.359232e-01	1.297106e-01
3.359488e-01	1.259552e-01
3.359744e-01	1.219752e-01
3.360000e-01	1.179794e-01
3.360256e-01	1.141022e-01
3.360512e-01	1.099284e-01
3.360768e-01	1.058256e-01
3.361024e-01	1.018279e-01
3.361280e-01	9.762886e-02
3.361536e-01	9.337949e-02
3.361792e-01	8.906428e-02
3.362048e-01	8.490418e-02
3.362304e-01	8.048187e-02
3.362560e-01	7.630153e-02
3.362816e-01	7.183436e-02
3.363072e-01	6.741853e-02
3.363328e-01	6.298976e-02
3.363584e-01	5.857448e-02
3.363840e-01	5.415409e-02
3.364096e-01	4.943828e-02
3.364352e-01	4.499599e-02
3.364608e-01	4.027995e-02
3.364864e-01	3.571292e-02
3.365120e-01	3.118201e-02
3.365376e-01	2.652900e-02
3.365632e-01	2.187311e-02
3.365888e-01	1.712098e-02
3.366144e-01	1.254180e-02
3.366400e-01	7.751435e-03
3.366656e-01	3.024159e-03
3.366912e-01	-1.749534e-03
3.367168e-01	-6.374069e-03
3.367424e-01	-1.120895e-02
3.367680e-01	-1.594359e-02
3.367936e-01	-2.074258e-02
3.368192e-01	-2.561216e-02
3.368448e-01	-3.025679e-02
3.368704e-01	-3.516192e-02
3.368960e-01	-4.001766e-02
3.369216e-01	-4.483804e-02
3.369472e-01	-4.950798e-02
3.369728e-01	-5.430147e-02
3.369984e-01	-5.934334e-02
3.370240e-01	-6.396042e-02
3.370496e-01	-6.880898e-02
3.370752e-01	-7.358660e-02
3.371008e-01	-7.835998e-02
3.371264e-01	-8.316864e-02
3.371520e-01	-8.792883e-02
3.371776e-01	-9.279954e-02
3.372032e-01	-9.747674e-02
3.372288e-01	-1.021516e-01
3.372544e-01	-1.069885e-01
3.372800e-01	-1.116744e-01
3.373056e-01	-1.162525e-01
3.373312e-01	-1.210702e-01
3.373568e-01	-1.257413e-01
3.373824e-01	-1.303245e-01
3.374080e-01	-1.350263e-01
3.374336e-01	-1.395849e-01
3.374592e-01	-1.441421e-01
3.374848e-01	-1.486644e-01
3.375104e-01	-1.532937e-01
3.375360e-01	-1.577711e-01
3.375616e-01	-1.621545e-01
3.375872e-01	-1.666375e-01
3.376128e-01	-1.710342e-01
3.376384e-01	-1.753829e-01
3.376640e-01	-1.798048e-01
3.376896e-01	-1.840189e-01
3.377152e-01	-1.884524e-01
3.377408e-01	-1.926750e-01
3.377664e-01	-1.966805e-01
3.377920e-01	-2.010050e-01
3.378176e-01	-2.050278e-01
3.378432e-01	-2.091369e-01
3.378688e-01	-2.133431e-01
3.378944e-01	-2.172348e-01
3.379200e-01	-2.212385e-01
3.379456e-01	-2.250388e-01
3.379712e-01	-2.290662e-01
3.379968e-01	-2.329552e-01
3.380224e-01	-2.365812e-01
3.380480e-01	-2.402982e-01
3.380736e-01	-2.439301e-01
3.380992e-01	-2.476484e-01
3.381248e-01	-2.512565e-01
3.381504e-01	-2.547409e-01
3.381760e-01	-2.581821e-01
3.382016e-01	-2.615660e-01
3.382272e-01	-2.649529e-01
3.382528e-01	-2.681216e-01
3.382784e-01	-2.714846e-01
3.383040e-01	-2.746897e-01
3.383296e-01	-2.778370e-01
3.383552e-01	-2.809704e-01
3.383808e-01	-2.839381e-01
3.384064e-01	-2.869098e-01
3.384320e-01	-2.898476e-01
3.384576e-01	-2.926138e-01
3.384832e-01	-2.954067e-01
3.385088e-01	-2.981475e-01
3.385344e-01	-3.007068e-01
3.385600e-01	-3.032351e-01
3.385856e-01	-3.058628e-01
3.386112e-01	-3.082305e-01
3.386368e-01	-3.106152e-01
3.386624e-01	-3.129735e-01
3.386880e-01	-3.152051e-01
3.387136e-01	-3.172691e-01
3.387392e-01	-3.195255e-01
3.387648e-01	-3.215265e-01
3.387904e-01	-3.234614e-01
3.388160e-01	-3.254339e-01
3.388416e-01	-3.270804e-01
3.388672e-01	-3.288746e-01
3.388928e-01	-3.305530e-01
3.389184e-01	-3.321463e-01
3.389440e-01	-3.338060e-01
3.389696e-01	-3.351125e-01
3.389952e-01	-3.365505e-01
3.390208e-01	-3.378829e-01
3.390464e-01	-3.390605e-01
3.390720e-01	-3.402868e-01
3.390976e-01	-3.413747e-01
3.391232e-01	-3.422870e-01
3.391488e-01	-3.433759e-01
3.391744e-01	-3.441325e-01
3.392000e-01	-3.448731e-01
3.392256e-01	-3.456540e-01
3.392512e-01	-3.461616e-01
3.392768e-01	-3.467285e-01
3.393024e-01	-3.473004e-01
3.393280e-01	-3.475717e-01
3.393536e-01	-3.479356e-01
3.393792e-01	-3.481907e-01
3.394048e-01	-3.482605e-01
3.394304e-01	-3.483599e-01
3.394560e-01	-3.484355e-01
3.394816e-01	-3.483637e-01
3.395072e-01	-3.481168e-01
3.395328e-01	-3.479154e-01
3.395584e-01	-3.476075e-01
3.395840e-01	-3.472924e-01
3.396096e-01	-3.468155e-01
3.396352e-01	-3.462523e-01
3.396608e-01	-3.457506e-01
3.396864e-01	-3.449194e-01
3.397120e-01	-3.442182e-01
3.397376e-01	-3.433447e-01
3.397632e-01	-3.424080e-01
3.397888e-01	-3.415104e-01
3.398144e-01	-3.402788e-01
3.398400e-01	-3.392248e-01
3.398656e-01	-3.379209e-01
3.398912e-01	-3.366342e-01
3.399168e-01	-3.354436e-01
3.399424e-01	-3.337437e-01
3.399680e-01	-3.324590e-01
3.399936e-01	-3.307645e-01
3.400192e-01	-3.290350e-01
3.400448e-01	-3.273493e-01
3.400704e-01	-3.255690e-01
3.400960e-01	-3.237067e-01
3.401216e-01	-3.216587e-01
3.401472e-01	-3.197693e-01
3.401728e-01	-3.175839e-01
3.401984e-01	-3.153945e-01
3.402240e-01	-3.132011e-01
3.402496e-01	-3.108996e-01
3.402752e-01	-3.086087e-01
3.403008e-01	-3.060499e-01
3.403264e-01	-3.036143e-01
3.403520e-01	-3.010894e-01
3.403776e-01	-2.984385e-01
3.404032e-01	-2.956614e-01
3.404288e-01	-2.928859e-01
3.404544e-01	-2.900730e-01
3.404800e-01	-2.872893e-01
3.405056e-01	-2.842402e-01
3.405312e-01	-2.812541e-01
3.405568e-01	-2.781231e-01
3.405824e-01	-2.750551e-01
3.406080e-01	-2.719448e-01
3.406336e-01	-2.684434e-01
3.406592e-01	-2.652762e-01
3.406848e-01	-2.619554e-01
3.407104e-01	-2.585850e-01
3.407360e-01	-2.550710e-01
3.407616e-01	-2.514710e-01
3.407872e-01	-2.480234e-01
3.408128e-01	-2.442912e-01
3.408384e-01	-2.407212e-01
3.408640e-01	-2.369038e-01
3.408896e-01	-2.332322e-01
3.409152e-01	-2.293481e-01
3.409408e-01	-2.254946e-01
3.409664e-01	-2.216994e-01
3.409920e-01	-2.176661e-01
3.410176e-01	-2.135931e-01
3.410432e-01	-2.095636e-01
3.410688e-01	-2.055026e-01
3.410944e-01	-2.013442e-01
3.411200e-01	-1.971782e-01
3.411456e-01	-1.929483e-01
3.411712e-01	-1.888745e-01
3.411968e-01	-1.845663e-01
3.412224e-01	-1.800972e-01
3.412480e-01	-1.758744e-01
3.412736e-01	-1.714072e-01
3.412992e-01	-1.669841e-01
3.413248e-01	-1.625907e-01
3.413504e-01	-1.581162e-01
3.413760e-01	-1.536302e-01
3.414016e-01	-1.490859e-01
3.414272e-01	-1.445213e-01
3.414528e-01	-1.399371e-01
3.414784e-01	-1.354220e-01
3.415040e-01	-1.307946e-01
3.415296e-01	-1.260920e-01
3.415552e-01	-1.215194e-01
3.415808e-01	-1.167438e-01
3.416064e-01	-1.121068e-01
3.416320e-01	-1.073834e-01
3.416576e-01	-1.025633e-01
3.416832e-01	-9.791886e-02
3.417088e-01	-9.314147e-02
3.417344e-01	-8.841345e-02
3.417600e-01	-8.364193e-02
3.417856e-01	-7.887435e-02
3.418112e-01	-7.406512e-02
3.418368e-01	-6.914991e-02
3.418624e-01	-6.445706e-02
3.418880e-01	-5.958062e-02
3.419136e-01	-5.482559e-02
3.419392e-01	-4.985832e-02
3.419648e-01	-4.520981e-02
3.419904e-01	-4.040473e-02
3.420160e-01	-3.547436e-02
3.420416e-01	-3.075619e-02
3.420672e-01	-2.576496e-02
3.420928e-01	-2.111243e-02
3.421184e-01	-1.628271e-02
3.421440e-01	-1.151311e-02
3.421696e-01	-6.753555e-03
3.421952e-01	-2.005005e-03
3.422208e-01	2.640987e-03
3.422464e-01	7.425236e-03
3.422720e-01	1.212761e-02
3.422976e-01	1.675957e-02
3.423232e-01	2.144919e-02
3.423488e-01	2.618960e-02
3.423744e-01	3.067803e-02
3.424000e-01	3.545301e-02
3.424256e-01	3.996381e-02
3.424512e-01	4.460424e-02
3.424768e-01	4.919774e-02
3.425024e-01	5.370823e-02
3.425280e-01	5.819374e-02
3.425536e-01	6.269284e-02
3.425792e-01	6.711967e-02
3.426048e-01	7.164072e-02
3.426304e-01	7.600297e-02
3.426560e-01	8.015928e-02
3.426816e-01	8.455153e-02
3.427072e-01	8.883445e-02
3.427328e-01	9.307884e-02
3.427584e-01	9.730211e-02
3.427840e-01	1.014590e-01
3.428096e-01	1.055904e-01
3.428352e-01	1.096473e-01
3.428608e-01	1.138141e-01
3.428864e-01	1.178386e-01
3.429120e-01	1.216951e-01
3.429376e-01	1.256332e-01
3.429632e-01	1.294515e-01
3.429888e-01	1.332817e-01
3.430144e-01	1.371356e-01
3.430400e-01	1.408049e-01
3.430656e-01	1.445524e-01
3.430912e-01	1.481792e-01
3.431168e-01	1.517220e-01
3.431424e-01	1.553028e-01
3.431680e-01	1.587609e-01
3.431936e-01	1.621023e-01
3.432192e-01	1.656076e-01
3.432448e-01	1.688096e-01
3.432704e-01	1.721689e-01
3.432960e-01	1.753104e-01
3.433216e-01	1.783827e-01
3.433472e-01	1.815096e-01
3.433728e-01	1.845334e-01
3.433984e-01	1.874865e-01
3.434240e-01	1.903058e-01
3.434496e-01	1.931428e-01
3.434752e-01	1.959748e-01
3.435008e-01	1.986954e-01
3.435264e-01	2.013671e-01
3.435520e-01	2.039571e-01
3.435776e-01	2.064164e-01
3.436032e-01	2.088660e-01
3.436288e-01	2.111771e-01
3.436544e-01	2.135305e-01
3.436800e-01	2.158446e-01
3.437056e-01	2.179246e-01
3.437312e-01	2.200298e-01
3.437568e-01	2.221097e-01
3.437824e-01	2.239881e-01
3.438080e-01	2.259193e-01
3.438336e-01	2.278947e-01
3.438592e-01	2.293617e-01
3.438848e-01	2.310726e-01
3.439104e-01	2.327162e-01
3.439360e-01	2.342990e-01
3.439616e-01	2.357317e-01
3.439872e-01	2.372022e-01
3.440128e-01	2.384835e-01
3.440384e-01	2.396566e-01
3.440640e-01	2.409234e-01
3.440896e-01	2.419019e-01
3.441152e-01	2.430009e-01
3.441408e-01	2.438266e-01
3.441664e-01	2.446693e-01
3.441920e-01	2.454637e-01
3.442176e-01	2.461583e-01
3.442432e-01	2.468591e-01
3.442688e-01	2.472550e-01
3.442944e-01	2.477996e-01
3.443200e-01	2.481277e-01
3.443456e-01	2.485717e-01
3.443712e-01	2.487303e-01
3.443968e-01	2.489315e-01
3.444224e-01	2.491125e-01
3.444480e-01	2.489799e-01
3.444736e-01	2.489928e-01
3.444992e-01	2.488189e-01
3.445248e-01	2.485928e-01
3.445504e-01	2.482242e-01
3.445760e-01	2.478984e-01
3.446016e-01	2.473723e-01
3.446272e-01	2.467933e-01
3.446528e-01	2.463165e-01
3.446784e-01	2.455698e-01
3.447040e-01	2.448865e-01
3.447296e-01	2.439176e-01
3.447552e-01	2.431344e-01
3.447808e-01	2.420363e-01
3.448064e-01	2.409792e-01
3.448320e-01	2.399094e-01
3.448576e-01	2.386463e-01
3.448832e-01	2.373356e-01
3.449088e-01	2.359399e-01
3.449344e-01	2.345735e-01
3.449600e-01	2.330544e-01
3.449856e-01	2.314297e-01
3.450112e-01	2.297514e-01
3.450368e-01	2.280342e-01
3.450624e-01	2.261606e-01
3.450880e-01	2.242547e-01
3.451136e-01	2.224137e-01
3.451392e-01	2.203447e-01
3.451648e-01	2.182384e-01
3.451904e-01	2.161176e-01
3.452160e-01	2.138343e-01
3.452416e-01	2.116351e-01
3.452672e-01	2.092424e-01
3.452928e-01	2.066257e-01
3.453184e-01	2.042934e-01
3.453440e-01	2.017266e-01
3.453696e-01	1.990192e-01
3.453952e-01	1.964326e-01
3.454208e-01	1.937124e-01
3.454464e-01	1.907398e-01
3.454720e-01	1.879977e-01
3.454976e-01	1.849546e-01
3.455232e-01	1.818860e-01
3.455488e-01	1.789161e-01
3.455744e-01	1.758095e-01
3.456000e-01	1.726159e-01
3.456256e-01	1.693349e-01
3.456512e-01	1.660953e-01
3.456768e-01	1.625432e-01
3.457024e-01	1.593401e-01
3.457280e-01	1.558857e-01
3.457536e-01	1.522040e-01
3.457792e-01	1.487785e-01
3.458048e-01	1.449727e-01
3.458304e-01	1.414360e-01
3.458560e-01	1.377253e-01
3.458816e-01	1.338722e-01
3.459072e-01	1.302217e-01
3.459328e-01	1.262459e-01
3.459584e-01	1.223229e-01
3.459840e-01	1.183990e-01
3.460096e-01	1.143454e-01
3.460352e-01	1.103641e-01
3.460608e-01	1.062811e-01
3.460864e-01	1.022286e-01
3.461120e-01	9.794343e-02
3.461376e-01	9.380207e-02
3.461632e-01	8.962237e-02
3.461888e-01	8.533456e-02
3.462144e-01	8.096640e-02
3.462400e-01	7.664836e-02
3.462656e-01	7.223691e-02
3.462912e-01	6.785034e-02
3.463168e-01	6.341778e-02
3.463424e-01	5.896278e-02
3.463680e-01	5.453737e-02
3.463936e-01	4.994519e-02
3.464192e-01	4.535383e-02
3.464448e-01	4.073767e-02
3.464704e-01	3.619717e-02
3.464960e-01	3.166968e-02
3.465216e-01	2.692805e-02
3.465472e-01	2.224553e-02
3.465728e-01	1.759225e-02
3.465984e-01	1.294598e-02
3.466240e-01	8.128776e-03
3.466496e-01	3.436541e-03
3.466752e-01	-1.204260e-03
3.467008e-01	-5.932970e-03
3.467264e-01	-1.077646e-02
3.467520e-01	-1.557900e-02
3.467776e-01	-2.036617e-02
3.468032e-01	-2.504790e-02
3.468288e-01	-2.983421e-02
3.468544e-01	-3.468228e-02
3.468800e-01	-3.952286e-02
3.469056e-01	-4.426850e-02
3.469312e-01	-4.909097e-02
3.469568e-01	-5.395106e-02
3.469824e-01	-5.877842e-02
3.470080e-01	-6.353835e-02
3.470336e-01	-6.834122e-02
3.470592e-01	-7.325137e-02
3.470848e-01	-7.795487e-02
3.471104e-01	-8.267486e-02
3.471360e-01	-8.759388e-02
3.471616e-01	-9.225938e-02
3.471872e-01	-9.700637e-02
3.472128e-01	-1.018226e-01
3.472384e-01	-1.065861e-01
3.472640e-01	-1.112314e-01
3.472896e-01	-1.158803e-01
3.473152e-01	-1.205945e-01
3.473408e-01	-1.253138e-01
3.473664e-01	-1.299478e-01
3.473920e-01	-1.346123e-01
3.474176e-01	-1.392239e-01
3.474432e-01	-1.436922e-01
3.474688e-01	-1.483252e-01
3.474944e-01	-1.527626e-01
3.475200e-01	-1.572186e-01
3.475456e-01	-1.618653e-01
3.475712e-01	-1.661977e-01
3.475968e-01	-1.706108e-01
3.476224e-01	-1.749702e-01
3.476480e-01	-1.792782e-01
3.476736e-01	-1.836835e-01
3.476992e-01	-1.880663e-01
3.477248e-01	-1.922495e-01
3.477504e-01	-1.964613e-01
3.477760e-01	-2.005619e-01
3.478016e-01	-2.046877e-01
3.478272e-01	-2.087173e-01
3.478528e-01	-2.128092e-01
3.478784e-01	-2.169594e-01
3.479040e-01	-2.208021e-01
3.479296e-01	-2.246185e-01
3.479552e-01	-2.286788e-01
3.479808e-01	-2.325109e-01
3.480064e-01	-2.361719e-01
3.480320e-01	-2.399697e-01
3.480576e-01	-2.435952e-01
3.480832e-01	-2.473172e-01
3.481088e-01	-2.508708e-01
3.481344e-01	-2.543841e-01
3.481600e-01	-2.579205e-01
3.481856e-01	-2.611310e-01
3.482112e-01	-2.647308e-01
3.482368e-01	-2.677878e-01
3.482624e-01	-2.711958e-01
3.482880e-01	-2.744986e-01
3.483136e-01	-2.774560e-01
3.483392e-01	-2.807561e-01
3.483648e-01	-2.836133e-01
3.483904e-01	-2.866151e-01
3.484160e-01	-2.894532e-01
3.484416e-01	-2.924013e-01
3.484672e-01	-2.951463e-01
3.484928e-01	-2.977636e-01
3.485184e-01	-3.005491e-01
3.485440e-01	-3.030859e-01
3.485696e-01	-3.056097e-01
3.485952e-01	-3.079509e-01
3.486208e-01	-3.103932e-01
3.486464e-01	-3.125945e-01
3.486720e-01	-3.149339e-01
3.486976e-01	-3.171196e-01
3.487232e-01	-3.192962e-01
3.487488e-01	-3.212537e-01
3.487744e-01	-3.232552e-01
3.488000e-01	-3.251319e-01
3.488256e-01	-3.269318e-01
3.488512e-01	-3.288161e-01
3.488768e-01	-3.303567e-01
3.489024e-01	-3.320335e-01
3.489280e-01	-3.335312e-01
3.489536e-01	-3.349724e-01
3.489792e-01	-3.363447e-01
3.490048e-01	-3.376436e-01
3.490304e-01	-3.389230e-01
3.490560e-01	-3.400301e-01
3.490816e-01	-3.412142e-01
3.491072e-01	-3.421375e-01
3.491328e-01	-3.432119e-01
3.491584e-01	-3.440837e-01
3.491840e-01	-3.446622e-01
3.492096e-01	-3.454361e-01
3.492352e-01	-3.461442e-01
3.492608e-01	-3.466625e-01
3.492864e-01	-3.470943e-01
3.493120e-01	-3.475277e-01
3.493376e-01	-3.479107e-01
3.493632e-01	-3.481609e-01
3.493888e-01	-3.483519e-01
3.494144e-01	-3.482982e-01
3.494400e-01	-3.484367e-01
3.494656e-01	-3.482781e-01
3.494912e-01	-3.481644e-01
3.495168e-01	-3.479459e-01
3.495424e-01	-3.476133e-01
3.495680e-01	-3.473481e-01
3.495936e-01	-3.469026e-01
3.496192e-01	-3.462797e-01
3.496448e-01	-3.456118e-01
3.496704e-01	-3.449986e-01
3.496960e-01	-3.442571e-01
3.497216e-01	-3.433494e-01
3.497472e-01	-3.425039e-01
3.497728e-01	-3.416277e-01
3.497984e-01	-3.405285e-01
3.498240e-01	-3.392686e-01
3.498496e-01	-3.381056e-01
3.498752e-01	-3.368520e-01
3.499008e-01	-3.355441e-01
3.499264e-01	-3.339577e-01
3.499520e-01	-3.325459e-01
3.499776e-01	-3.309268e-01
3.500032e-01	-3.292109e-01
3.500288e-01	-3.275734e-01
3.500544e-01	-3.257872e-01
3.500800e-01	-3.238712e-01
3.501056e-01	-3.218726e-01
3.501312e-01	-3.198941e-01
3.501568e-01	-3.178793e-01
3.501824e-01	-3.156413e-01
3.502080e-01	-3.132997e-01
3.502336e-01	-3.110953e-01
3.502592e-01	-3.088504e-01
3.502848e-01	-3.062979e-01
3.503104e-01	-3.038257e-01
3.503360e-01	-3.012722e-01
3.503616e-01	-2.987859e-01
3.503872e-01	-2.959554e-01
3.504128e-01	-2.932015e-01
3.504384e-01	-2.904301e-01
3.504640e-01	-2.874054e-01
3.504896e-01	-2.845139e-01
3.505152e-01	-2.816220e-01
3.505408e-01	-2.784802e-01
3.505664e-01	-2.752932e-01
3.505920e-01	-2.721533e-01
3.506176e-01	-2.689243e-01
3.506432e-01	-2.656790e-01
3.506688e-01	-2.623471e-01
3.506944e-01	-2.588803e-01
3.507200e-01	-2.554289e-01
3.507456e-01	-2.519064e-01
3.507712e-01	-2.483836e-01
3.507968e-01	-2.446320e-01
3.508224e-01	-2.410322e-01
3.508480e-01	-2.372930e-01
3.508736e-01	-2.335812e-01
3.508992e-01	-2.298321e-01
3.509248e-01	-2.259406e-01
3.509504e-01	-2.219499e-01
3.509760e-01	-2.179634e-01
3.510016e-01	-2.140033e-01
3.510272e-01	-2.099567e-01
3.510528e-01	-2.058561e-01
3.510784e-01	-2.017279e-01
3.511040e-01	-1.975811e-01
3.511296e-01	-1.934962e-01
3.511552e-01	-1.891739e-01
3.511808e-01	-1.848359e-01
3.512064e-01	-1.805824e-01
3.512320e-01	-1.763085e-01
3.512576e-01	-1.718339e-01
3.512832e-01	-1.674622e-01
3.513088e-01	-1.631315e-01
3.513344e-01	-1.586295e-01
3.513600e-01	-1.540478e-01
3.513856e-01	-1.494196e-01
3.514112e-01	-1.449919e-01
3.514368e-01	-1.404366e-01
3.514624e-01	-1.358006e-01
3.514880e-01	-1.312433e-01
3.515136e-01	-1.265503e-01
3.515392e-01	-1.219085e-01
3.515648e-01	-1.172113e-01
3.515904e-01	-1.125635e-01
3.516160e-01	-1.077380e-01
3.516416e-01	-1.030708e-01
3.516672e-01	-9.833927e-02
3.516928e-01	-9.357349e-02
3.517184e-01	-8.886103e-02
3.517440e-01	-8.400603e-02
3.517696e-01	-7.928807e-02
3.517952e-01	-7.439791e-02
3.518208e-01	-6.960992e-02
3.518464e-01	-6.487059e-02
3.518720e-01	-6.010150e-02
3.518976e-01	-5.535767e-02
3.519232e-01	-5.041257e-02
3.519488e-01	-4.560525e-02
3.519744e-01	-4.076282e-02
3.520000e-01	-3.604938e-02
3.520256e-01	-3.123750e-02
3.520512e-01	-2.637880e-02
3.520768e-01	-2.153086e-02
3.521024e-01	-1.686295e-02
3.521280e-01	-1.208398e-02
3.521536e-01	-7.299115e-03
3.521792e-01	-2.512490e-03
3.522048e-01	2.305130e-03
3.522304e-01	6.966655e-03
3.522560e-01	1.171900e-02
3.522816e-01	1.646445e-02
3.523072e-01	2.113558e-02
3.523328e-01	2.587182e-02
3.523584e-01	3.043836e-02
3.523840e-01	3.510277e-02
3.524096e-01	3.961689e-02
3.524352e-01	4.420183e-02
3.524608e-01	4.880891e-02
3.524864e-01	5.324823e-02
3.525120e-01	5.782419e-02
3.525376e-01	6.234475e-02
3.525632e-01	6.666148e-02
3.525888e-01	7.114356e-02
3.526144e-01	7.551368e-02
3.526400e-01	7.978050e-02
3.526656e-01	8.412376e-02
3.526912e-01	8.849586e-02
3.527168e-01	9.272381e-02
3.527424e-01	9.696215e-02
3.527680e-01	1.009928e-01
3.527936e-01	1.052578e-01
3.528192e-01	1.093570e-01
3.528448e-01	1.132514e-01
3.528704e-01	1.173765e-01
3.528960e-01	1.213442e-01
3.529216e-01	1.252391e-01
3.529472e-01	1.291539e-01
3.529728e-01	1.329267e-01
3.529984e-01	1.367109e-01
3.530240e-01	1.405851e-01
3.530496e-01	1.441371e-01
3.530752e-01	1.479615e-01
3.531008e-01	1.514586e-01
3.531264e-01	1.548187e-01
3.531520e-01	1.585199e-01
3.531776e-01	1.618965e-01
3.532032e-01	1.651940e-01
3.532288e-01	1.684033e-01
3.532544e-01	1.717291e-01
3.532800e-01	1.749355e-01
3.533056e-01	1.781720e-01
3.533312e-01	1.811206e-01
3.533568e-01	1.842598e-01
3.533824e-01	1.871794e-01
3.534080e-01	1.900563e-01
3.534336e-01	1.929230e-01
3.534592e-01	1.956434e-01
3.534848e-01	1.984606e-01
3.535104e-01	2.010283e-01
3.535360e-01	2.037566e-01
3.535616e-01	2.062123e-01
3.535872e-01	2.086554e-01
3.536128e-01	2.111313e-01
3.536384e-01	2.132839e-01
3.536640e-01	2.155967e-01
3.536896e-01	2.177500e-01
3.537152e-01	2.198512e-01
3.537408e-01	2.218793e-01
3.537664e-01	2.238699e-01
3.537920e-01	2.257554e-01
3.538176e-01	2.276332e-01
3.538432e-01	2.293034e-01
3.538688e-01	2.310841e-01
3.538944e-01	2.326749e-01
3.539200e-01	2.340426e-01
3.539456e-01	2.357673e-01
3.539712e-01	2.370806e-01
3.539968e-01	2.382852e-01
3.540224e-01	2.395950e-01
3.540480e-01	2.406258e-01
3.540736e-01	2.418498e-01
3.540992e-01	2.428140e-01
3.541248e-01	2.437442e-01
3.541504e-01	2.445137e-01
3.541760e-01	2.453346e-01
3.542016e-01	2.460142e-01
3.542272e-01	2.466861e-01
3.542528e-01	2.472735e-01
3.542784e-01	2.477279e-01
3.543040e-01	2.481978e-01
3.543296e-01	2.485395e-01
3.543552e-01	2.487228e-01
3.543808e-01	2.489632e-01
3.544064e-01	2.490675e-01
3.544320e-01	2.489483e-01
3.544576e-01	2.488906e-01
3.544832e-01	2.488180e-01
3.545088e-01	2.485492e-01
3.545344e-01	2.482724e-01
3.545600e-01	2.479378e-01
3.545856e-01	2.475479e-01
3.546112e-01	2.468835e-01
3.546368e-01	2.463929e-01
3.546624e-01	2.456500e-01
3.546880e-01	2.448561e-01
3.547136e-01	2.440949e-01
3.547392e-01	2.431557e-01
3.547648e-01	2.421424e-01
3.547904e-01	2.409739e-01
3.548160e-01	2.399157e-01
3.548416e-01	2.388181e-01
3.548672e-01	2.373881e-01
3.548928e-01	2.361766e-01
3.549184e-01	2.346321e-01
3.549440e-01	2.330950e-01
3.549696e-01	2.315003e-01
3.549952e-01	2.298272e-01
3.550208e-01	2.282405e-01
3.550464e-01	2.264017e-01
3.550720e-01	2.244950e-01
3.550976e-01	2.225216e-01
3.551232e-01	2.205669e-01
3.551488e-01	2.184280e-01
3.551744e-01	2.163776e-01
3.552000e-01	2.141897e-01
3.552256e-01	2.116578e-01
3.552512e-01	2.095149e-01
3.552768e-01	2.070154e-01
3.553024e-01	2.045952e-01
3.553280e-01	2.019484e-01
3.553536e-01	1.992781e-01
3.553792e-01	1.967581e-01
3.554048e-01	1.939401e-01
3.554304e-01	1.910985e-01
3.554560e-01	1.881986e-01
3.554816e-01	1.852170e-01
3.555072e-01	1.822331e-01
3.555328e-01	1.791445e-01
3.555584e-01	1.761137e-01
3.555840e-01	1.728718e-01
3.556096e-01	1.697094e-01
3.556352e-01	1.662971e-01
3.556608e-01	1.628816e-01
3.556864e-01	1.596424e-01
3.557120e-01	1.561470e-01
3.557376e-01	1.525974e-01
3.557632e-01	1.489654e-01
3.557888e-01	1.453981e-01
3.558144e-01	1.418174e-01
3.558400e-01	1.380418e-01
3.558656e-01	1.342683e-01
3.558912e-01	1.304816e-01
3.559168e-01	1.265951e-01
3.559424e-01	1.226349e-01
3.559680e-01	1.187154e-01
3.559936e-01	1.146705e-01
3.560192e-01	1.107573e-01
3.560448e-01	1.066476e-01
3.560704e-01	1.025298e-01
3.560960e-01	9.831481e-02
3.561216e-01	9.410207e-02
3.561472e-01	8.999242e-02
3.561728e-01	8.567808e-02
3.561984e-01	8.132910e-02
3.562240e-01	7.709630e-02
3.562496e-01	7.271644e-02
3.562752e-01	6.828118e-02
3.563008e-01	6.390268e-02
3.563264e-01	5.937484e-02
3.563520e-01	5.479149e-02
3.563776e-01	5.039892e-02
3.564032e-01	4.579901e-02
3.564288e-01	4.115869e-02
3.564544e-01	3.666063e-02
3.564800e-01	3.208104e-02
3.565056e-01	2.727850e-02
3.565312e-01	2.265686e-02
3.565568e-01	1.805842e-02
3.565824e-01	1.331268e-02
3.566080e-01	8.628393e-03
3.566336e-01	3.946751e-03
3.566592e-01	-7.550582e-04
3.566848e-01	-5.513780e-03
3.567104e-01	-1.034628e-02
3.567360e-01	-1.514385e-02
3.567616e-01	-1.992681e-02
3.567872e-01	-2.460452e-02
3.568128e-01	-2.943436e-02
3.568384e-01	-3.427264e-02
3.568640e-01	-3.906528e-02
3.568896e-01	-4.392279e-02
3.569152e-01	-4.870199e-02
3.569408e-01	-5.350844e-02
3.569664e-01	-5.834321e-02
3.569920e-01	-6.315565e-02
3.570176e-01	-6.789436e-02
3.570432e-01	-7.259146e-02
3.570688e-01	-7.755833e-02
3.570944e-01	-8.235212e-02
3.571200e-01	-8.715388e-02
3.571456e-01	-9.173729e-02
3.571712e-01	-9.652074e-02
3.571968e-01	-1.013451e-01
3.572224e-01	-1.061296e-01
3.572480e-01	-1.108695e-01
3.572736e-01	-1.154613e-01
3.572992e-01	-1.202306e-01
3.573248e-01	-1.248934e-01
3.573504e-01	-1.295451e-01
3.573760e-01	-1.341334e-01
3.574016e-01	-1.387126e-01
3.574272e-01	-1.432863e-01
3.574528e-01	-1.477655e-01
3.574784e-01	-1.524639e-01
3.575040e-01	-1.568828e-01
3.575296e-01	-1.612776e-01
3.575552e-01	-1.658379e-01
3.575808e-01	-1.702230e-01
3.576064e-01	-1.746412e-01
3.576320e-01	-1.790074e-01
3.576576e-01	-1.831543e-01
3.576832e-01	-1.875756e-01
3.577088e-01	-1.917925e-01
3.577344e-01	-1.961471e-01
3.577600e-01	-2.002702e-01
3.577856e-01	-2.043430e-01
3.578112e-01	-2.084880e-01
3.578368e-01	-2.124068e-01
3.578624e-01	-2.165030e-01
3.578880e-01	-2.204950e-01
3.579136e-01	-2.244687e-01
3.579392e-01	-2.281929e-01
3.579648e-01	-2.320782e-01
3.579904e-01	-2.359446e-01
3.580160e-01	-2.395830e-01
3.580416e-01	-2.433441e-01
3.580672e-01	-2.468663e-01
3.580928e-01	-2.505904e-01
3.581184e-01	-2.540053e-01
3.581440e-01	-2.575262e-01
3.581696e-01	-2.610106e-01
3.581952e-01	-2.642745e-01
3.582208e-01	-2.676532e-01
3.582464e-01	-2.709402e-01
3.582720e-01	-2.742007e-01
3.582976e-01	-2.772820e-01
3.583232e-01	-2.803116e-01
3.583488e-01	-2.832981e-01
3.583744e-01	-2.863587e-01
3.584000e-01	-2.892909e-01
3.584256e-01	-2.920702e-01
3.584512e-01	-2.947627e-01
3.584768e-01	-2.975464e-01
3.585024e-01	-3.002932e-01
3.585280e-01	-3.028618e-01
3.585536e-01	-3.053944e-01
3.585792e-01	-3.078219e-01
3.586048e-01	-3.102236e-01
3.586304e-01	-3.124443e-01
3.586560e-01	-3.146876e-01
3.586816e-01	-3.169569e-01
3.587072e-01	-3.191171e-01
3.587328e-01	-3.211007e-01
3.587584e-01	-3.230937e-01
3.587840e-01	-3.250048e-01
3.588096e-01	-3.267716e-01
3.588352e-01	-3.286575e-01
3.588608e-01	-3.302661e-01
3.588864e-01	-3.318183e-01
3.589120e-01	-3.335782e-01
3.589376e-01	-3.348131e-01
3.589632e-01	-3.362069e-01
3.589888e-01	-3.376773e-01
3.590144e-01	-3.388719e-01
3.590400e-01	-3.400678e-01
3.590656e-01	-3.411088e-01
3.590912e-01	-3.419887e-01
3.591168e-01	-3.430296e-01
3.591424e-01	-3.439545e-01
3.591680e-01	-3.446947e-01
3.591936e-01	-3.454595e-01
3.592192e-01	-3.460755e-01
3.592448e-01	-3.466141e-01
3.592704e-01	-3.472159e-01
3.592960e-01	-3.474428e-01
3.593216e-01	-3.477873e-01
3.593472e-01	-3.481157e-01
3.593728e-01	-3.482524e-01
3.593984e-01	-3.483148e-01
3.594240e-01	-3.484246e-01
3.594496e-01	-3.482552e-01
3.594752e-01	-3.482147e-01
3.595008e-01	-3.479818e-01
3.595264e-01	-3.476363e-01
3.595520e-01	-3.473431e-01
3.595776e-01	-3.468294e-01
3.596032e-01	-3.463701e-01
3.596288e-01	-3.457877e-01
3.596544e-01	-3.450987e-01
3.596800e-01	-3.443035e-01
3.597056e-01	-3.434468e-01
3.597312e-01	-3.426291e-01
3.597568e-01	-3.416010e-01
3.597824e-01	-3.405162e-01
3.598080e-01	-3.393338e-01
3.598336e-01	-3.381203e-01
3.598592e-01	-3.369754e-01
3.598848e-01	-3.356212e-01
3.599104e-01	-3.340627e-01
3.599360e-01	-3.326643e-01
3.599616e-01	-3.309691e-01
3.599872e-01	-3.294080e-01
3.600128e-01	-3.275867e-01
3.600384e-01	-3.258718e-01
3.600640e-01	-3.241469e-01
3.600896e-01	-3.220384e-01
3.601152e-01	-3.200643e-01
3.601408e-01	-3.180122e-01
3.601664e-01	-3.159131e-01
3.601920e-01	-3.135073e-01
3.602176e-01	-3.112904e-01
3.602432e-01	-3.089533e-01
3.602688e-01	-3.064543e-01
3.602944e-01	-3.041710e-01
3.603200e-01	-3.014201e-01
3.603456e-01	-2.988304e-01
3.603712e-01	-2.962872e-01
3.603968e-01	-2.934393e-01
3.604224e-01	-2.906707e-01
3.604480e-01	-2.878091e-01
3.604736e-01	-2.847607e-01
3.604992e-01	-2.818258e-01
3.605248e-01	-2.787759e-01
3.605504e-01	-2.757222e-01
3.605760e-01	-2.725565e-01
3.606016e-01	-2.692643e-01
3.606272e-01	-2.659391e-01
3.606528e-01	-2.626407e-01
3.606784e-01	-2.592711e-01
3.607040e-01	-2.557536e-01
3.607296e-01	-2.521773e-01
3.607552e-01	-2.487417e-01
3.607808e-01	-2.451462e-01
3.608064e-01	-2.414073e-01
3.608320e-01	-2.376240e-01
3.608576e-01	-2.339071e-01
3.608832e-01	-2.301310e-01
3.609088e-01	-2.261669e-01
3.609344e-01	-2.223898e-01
3.609600e-01	-2.184032e-01
3.609856e-01	-2.143789e-01
3.610112e-01	-2.103595e-01
3.610368e-01	-2.061871e-01
3.610624e-01	-2.022670e-01
3.610880e-01	-1.979680e-01
3.611136e-01	-1.936867e-01
3.611392e-01	-1.895248e-01
3.611648e-01	-1.852654e-01
3.611904e-01	-1.808973e-01
3.612160e-01	-1.766859e-01
3.612416e-01	-1.722546e-01
3.612672e-01	-1.678843e-01
3.612928e-01	-1.635703e-01
3.613184e-01	-1.589299e-01
3.613440e-01	-1.543934e-01
3.613696e-01	-1.499837e-01
3.613952e-01	-1.454653e-01
3.614208e-01	-1.407226e-01
3.614464e-01	-1.362086e-01
3.614720e-01	-1.315809e-01
3.614976e-01	-1.269763e-01
3.615232e-01	-1.223857e-01
3.615488e-01	-1.175632e-01
3.615744e-01	-1.129430e-01
3.616000e-01	-1.081370e-01
3.616256e-01	-1.035175e-01
3.616512e-01	-9.874486e-02
3.616768e-01	-9.401494e-02
3.617024e-01	-8.929523e-02
3.617280e-01	-8.451303e-02
3.617536e-01	-7.980865e-02
3.617792e-01	-7.494891e-02
3.618048e-01	-7.006602e-02
3.618304e-01	-6.525268e-02
3.618560e-01	-6.057965e-02
3.618816e-01	-5.575151e-02
3.619072e-01	-5.083600e-02
3.619328e-01	-4.607965e-02
3.619584e-01	-4.128295e-02
3.619840e-01	-3.640657e-02
3.620096e-01	-3.160033e-02
3.620352e-01	-2.682652e-02
3.620608e-01	-2.209145e-02
3.620864e-01	-1.734903e-02
3.621120e-01	-1.239416e-02
3.621376e-01	-7.830591e-03
3.621632e-01	-3.016417e-03
3.621888e-01	1.792536e-03
3.622144e-01	6.602560e-03
3.622400e-01	1.117926e-02
3.622656e-01	1.588778e-02
3.622912e-01	2.079694e-02
3.623168e-01	2.525099e-02
3.623424e-01	2.993654e-02
3.623680e-01	3.454807e-02
3.623936e-01	3.904415e-02
3.624192e-01	4.372328e-02
3.624448e-01	4.835058e-02
3.624704e-01	5.293634e-02
3.624960e-01	5.733423e-02
3.625216e-01	6.192548e-02
3.625472e-01	6.630167e-02
3.625728e-01	7.064601e-02
3.625984e-01	7.509614e-02
3.626240e-01	7.946409e-02
3.626496e-01	8.379971e-02
3.626752e-01	8.802749e-02
3.627008e-01	9.232175e-02
3.627264e-01	9.660725e-02
3.627520e-01	1.007816e-01
3.627776e-01	1.048413e-01
3.628032e-01	1.089854e-01
3.628288e-01	1.130120e-01
3.628544e-01	1.170355e-01
3.628800e-01	1.211458e-01
3.629056e-01	1.249076e-01
3.629312e-01	1.288759e-01
3.629568e-01	1.326184e-01
3.629824e-01	1.364477e-01
3.630080e-01	1.402689e-01
3.630336e-01	1.438848e-01
3.630592e-01	1.474922e-01
3.630848e-01	1.511558e-01
3.631104e-01	1.545610e-01
3.631360e-01	1.581413e-01
3.631616e-01	1.616956e-01
3.631872e-01	1.649259e-01
3.632128e-01	1.683508e-01
3.632384e-01	1.715011e-01
3.632640e-01	1.746795e-01
3.632896e-01	1.779297e-01
3.633152e-01	1.808509e-01
3.633408e-01	1.840573e-01
3.633664e-01	1.870445e-01
3.633920e-01	1.898994e-01
3.634176e-01	1.925772e-01
3.634432e-01	1.954306e-01
3.634688e-01	1.982602e-01
3.634944e-01	2.008568e-01
3.635200e-01	2.033719e-01
3.635456e-01	2.058368e-01
3.635712e-01	2.083730e-01
3.635968e-01	2.107505e-01
3.636224e-01	2.132113e-01
3.636480e-01	2.154835e-01
3.636736e-01	2.174845e-01
3.636992e-01	2.196126e-01
3.637248e-01	2.217186e-01
3.637504e-01	2.237618e-01
3.637760e-01	2.256390e-01
3.638016e-01	2.274091e-01
3.638272e-01	2.291685e-01
3.638528e-01	2.308540e-01
3.638784e-01	2.323769e-01
3.639040e-01	2.340059e-01
3.639296e-01	2.354793e-01
3.639552e-01	2.368873e-01
3.639808e-01	2.382521e-01
3.640064e-01	2.395741e-01
3.640320e-01	2.406996e-01
3.640576e-01	2.416999e-01
3.640832e-01	2.426971e-01
3.641088e-01	2.437702e-01
3.641344e-01	2.445932e-01
3.641600e-01	2.453194e-01
3.641856e-01	2.461195e-01
3.642112e-01	2.466240e-01
3.642368e-01	2.472082e-01
3.642624e-01	2.477709e-01
3.642880e-01	2.481170e-01
3.643136e-01	2.485907e-01
3.643392e-01	2.487167e-01
3.643648e-01	2.489045e-01
3.643904e-01	2.490025e-01
3.644160e-01	2.490299e-01
3.644416e-01	2.490786e-01
3.644672e-01	2.488870e-01
3.644928e-01	2.486211e-01
3.645184e-01	2.483799e-01
3.645440e-01	2.479907e-01
3.645696e-01	2.475074e-01
3.645952e-01	2.469328e-01
3.646208e-01	2.463946e-01
3.646464e-01	2.457972e-01
3.646720e-01	2.450685e-01
3.646976e-01	2.440631e-01
3.647232e-01	2.432753e-01
3.647488e-01	2.422926e-01
3.647744e-01	2.412095e-01
3.648000e-01	2.401833e-01
3.648256e-01	2.389184e-01
3.648512e-01	2.375556e-01
3.648768e-01	2.363004e-01
3.649024e-01	2.348534e-01
3.649280e-01	2.333116e-01
3.649536e-01	2.317356e-01
3.649792e-01	2.301572e-01
3.650048e-01	2.284086e-01
3.650304e-01	2.264755e-01
3.650560e-01	2.246629e-01
3.650816e-01	2.227036e-01
3.651072e-01	2.207547e-01
3.651328e-01	2.188091e-01
3.651584e-01	2.164881e-01
3.651840e-01	2.143486e-01
3.652096e-01	2.120291e-01
3.652352e-01	2.096991e-01
3.652608e-01	2.072403e-01
3.652864e-01	2.046217e-01
3.653120e-01	2.022272e-01
3.653376e-01	1.995580e-01
3.653632e-01	1.968401e-01
3.653888e-01	1.942534e-01
3.654144e-01	1.912879e-01
3.654400e-01	1.885196e-01
3.654656e-01	1.855673e-01
3.654912e-01	1.825735e-01
3.655168e-01	1.794629e-01
3.655424e-01	1.763870e-01
3.655680e-01	1.731923e-01
3.655936e-01	1.700332e-01
3.656192e-01	1.666656e-01
3.656448e-01	1.632809e-01
3.656704e-01	1.599322e-01
3.656960e-01	1.564192e-01
3.657216e-01	1.528824e-01
3.657472e-01	1.493274e-01
3.657728e-01	1.458064e-01
3.657984e-01	1.421934e-01
3.658240e-01	1.384997e-01
3.658496e-01	1.346046e-01
3.658752e-01	1.308890e-01
3.659008e-01	1.269202e-01
3.659264e-01	1.230203e-01
3.659520e-01	1.191902e-01
3.659776e-01	1.150671e-01
3.660032e-01	1.113069e-01
3.660288e-01	1.069790e-01
3.660544e-01	1.029406e-01
3.660800e-01	9.880632e-02
3.661056e-01	9.455417e-02
3.661312e-01	9.045396e-02
3.661568e-01	8.604284e-02
3.661824e-01	8.168685e-02
3.662080e-01	7.740723e-02
3.662336e-01	7.310989e-02
3.662592e-01	6.875592e-02
3.662848e-01	6.418125e-02
3.663104e-01	5.971301e-02
3.663360e-01	5.537321e-02
3.663616e-01	5.084932e-02
3.663872e-01	4.631597e-02
3.664128e-01	4.167042e-02
3.664384e-01	3.706491e-02
3.664640e-01	3.256142e-02
3.664896e-01	2.777219e-02
3.665152e-01	2.315877e-02
3.665408e-01	1.854349e-02
3.665664e-01	1.384401e-02
3.665920e-01	9.094307e-03
3.666176e-01	4.404265e-03
3.666432e-01	-3.428973e-04
3.666688e-01	-5.062991e-03
3.666944e-01	-9.886218e-03
3.667200e-01	-1.458318e-02
3.667456e-01	-1.942703e-02
3.667712e-01	-2.428319e-02
3.667968e-01	-2.901575e-02
3.668224e-01	-3.384390e-02
3.668480e-01	-3.868828e-02
3.668736e-01	-4.343569e-02
3.668992e-01	-4.819591e-02
3.669248e-01	-5.313247e-02
3.669504e-01	-5.775321e-02
3.669760e-01	-6.247274e-02
3.670016e-01	-6.750283e-02
3.670272e-01	-7.225569e-02
3.670528e-01	-7.707727e-02
3.670784e-01	-8.197934e-02
3.671040e-01	-8.662198e-02
3.671296e-01	-9.133715e-02
3.671552e-01	-9.617903e-02
3.671808e-01	-1.007890e-01
3.672064e-01	-1.055982e-01
3.672320e-01	-1.103146e-01
3.672576e-01	-1.150270e-01
3.672832e-01	-1.196883e-01
3.673088e-01	-1.244067e-01
3.673344e-01	-1.288924e-01
3.673600e-01	-1.335871e-01
3.673856e-01	-1.383473e-01
3.674112e-01	-1.428837e-01
3.674368e-01	-1.474780e-01
3.674624e-01	-1.518475e-01
3.674880e-01	-1.563093e-01
3.675136e-01	-1.609751e-01
3.675392e-01	-1.653402e-01
3.675648e-01	-1.697553e-01
3.675904e-01	-1.741719e-01
3.676160e-01	-1.785435e-01
3.676416e-01	-1.828386e-01
3.676672e-01	-1.871309e-01
3.676928e-01	-1.913367e-01
3.677184e-01	-1.955755e-01
3.677440e-01	-1.998283e-01
3.677696e-01	-2.039150e-01
3.677952e-01	-2.079866e-01
3.678208e-01	-2.122311e-01
3.678464e-01	-2.160807e-01
3.678720e-01	-2.200492e-01
3.678976e-01	-2.240166e-01
3.679232e-01	-2.280127e-01
3.679488e-01	-2.317420e-01
3.679744e-01	-2.355193e-01
3.680000e-01	-2.393648e-01
3.680256e-01	-2.429188e-01
3.680512e-01	-2.466824e-01
3.680768e-01	-2.501564e-01
3.681024e-01	-2.537529e-01
3.681280e-01	-2.573293e-01
3.681536e-01	-2.606443e-01
3.681792e-01	-2.640194e-01
3.682048e-01	-2.672694e-01
3.682304e-01	-2.706045e-01
3.682560e-01	-2.738880e-01
3.682816e-01	-2.769819e-01
3.683072e-01	-2.800698e-01
3.683328e-01	-2.831389e-01
3.683584e-01	-2.859040e-01
3.683840e-01	-2.889552e-01
3.684096e-01	-2.917737e-01
3.684352e-01	-2.946703e-01
3.684608e-01	-2.973499e-01
3.684864e-01	-2.999180e-01
3.685120e-01	-3.025238e-01
3.685376e-01	-3.050125e-01
3.685632e-01	-3.075357e-01
3.685888e-01	-3.099768e-01
3.686144e-01	-3.123403e-01
3.686400e-01	-3.145596e-01
3.686656e-01	-3.166547e-01
3.686912e-01	-3.187871e-01
3.687168e-01	-3.209286e-01
3.687424e-01	-3.229115e-01
3.687680e-01	-3.247668e-01
3.687936e-01	-3.266995e-01
3.688192e-01	-3.284143e-01
3.688448e-01	-3.300749e-01
3.688704e-01	-3.316734e-01
3.688960e-01	-3.333257e-01
3.689216e-01	-3.347247e-01
3.689472e-01	-3.361749e-01
3.689728e-01	-3.374774e-01
3.689984e-01	-3.385638e-01
3.690240e-01	-3.399177e-01
3.690496e-01	-3.409803e-01
3.690752e-01	-3.419335e-01
3.691008e-01	-3.429126e-01
3.691264e-01	-3.437921e-01
3.691520e-01	-3.446167e-01
3.691776e-01	-3.453563e-01
3.692032e-01	-3.459778e-01
3.692288e-01	-3.465026e-01
3.692544e-01	-3.469572e-01
3.692800e-01	-3.474251e-01
3.693056e-01	-3.478030e-01
3.693312e-01	-3.479641e-01
3.693568e-01	-3.483233e-01
3.693824e-01	-3.482555e-01
3.694080e-01	-3.484696e-01
3.694336e-01	-3.483673e-01
3.694592e-01	-3.481986e-01
3.694848e-01	-3.480895e-01
3.695104e-01	-3.475612e-01
3.695360e-01	-3.473739e-01
3.695616e-01	-3.469032e-01
3.695872e-01	-3.462892e-01
3.696128e-01	-3.457691e-01
3.696384e-01	-3.450958e-01
3.696640e-01	-3.443414e-01
3.696896e-01	-3.435130e-01
3.697152e-01	-3.426377e-01
3.697408e-01	-3.417680e-01
3.697664e-01	-3.406327e-01
3.697920e-01	-3.394522e-01
3.698176e-01	-3.383393e-01
3.698432e-01	-3.370440e-01
3.698688e-01	-3.357081e-01
3.698944e-01	-3.341757e-01
3.699200e-01	-3.327844e-01
3.699456e-01	-3.310961e-01
3.699712e-01	-3.295247e-01
3.699968e-01	-3.278533e-01
3.700224e-01	-3.260582e-01
3.700480e-01	-3.241117e-01
3.700736e-01	-3.222133e-01
3.700992e-01	-3.201805e-01
3.701248e-01	-3.180436e-01
3.701504e-01	-3.159545e-01
3.701760e-01	-3.137856e-01
3.702016e-01	-3.114284e-01
3.702272e-01	-3.090851e-01
3.702528e-01	-3.068238e-01
3.702784e-01	-3.043081e-01
3.703040e-01	-3.017126e-01
3.703296e-01	-2.990467e-01
3.703552e-01	-2.963648e-01
3.703808e-01	-2.937563e-01
3.704064e-01	-2.908963e-01
3.704320e-01	-2.880028e-01
3.704576e-01	-2.849950e-01
3.704832e-01	-2.820131e-01
3.705088e-01	-2.790260e-01
3.705344e-01	-2.760095e-01
3.705600e-01	-2.727544e-01
3.705856e-01	-2.694943e-01
3.706112e-01	-2.662057e-01
3.706368e-01	-2.628135e-01
3.706624e-01	-2.594541e-01
3.706880e-01	-2.560557e-01
3.707136e-01	-2.524094e-01
3.707392e-01	-2.489949e-01
3.707648e-01	-2.454311e-01
3.707904e-01	-2.416909e-01
3.708160e-01	-2.379998e-01
3.708416e-01	-2.342496e-01
3.708672e-01	-2.304825e-01
3.708928e-01	-2.266226e-01
3.709184e-01	-2.226461e-01
3.709440e-01	-2.186307e-01
3.709696e-01	-2.147816e-01
3.709952e-01	-2.106607e-01
3.710208e-01	-2.065806e-01
3.710464e-01	-2.026190e-01
3.710720e-01	-1.983919e-01
3.710976e-01	-1.942894e-01
3.711232e-01	-1.899389e-01
3.711488e-01	-1.856894e-01
3.711744e-01	-1.813835e-01
3.712000e-01	-1.769696e-01
3.712256e-01	-1.725976e-01
3.712512e-01	-1.682072e-01
3.712768e-01	-1.638973e-01
3.713024e-01	-1.593312e-01
3.713280e-01	-1.548669e-01
3.713536e-01	-1.504158e-01
3.713792e-01	-1.456887e-01
3.714048e-01	-1.412977e-01
3.714304e-01	-1.367810e-01
3.714560e-01	-1.320813e-01
3.714816e-01	-1.274398e-01
3.715072e-01	-1.227569e-01
3.715328e-01	-1.181228e-01
3.715584e-01	-1.134992e-01
3.715840e-01	-1.086661e-01
3.716096e-01	-1.040254e-01
3.716352e-01	-9.917529e-02
3.716608e-01	-9.441672e-02
3.716864e-01	-8.968464e-02
3.717120e-01	-8.476280e-02
3.717376e-01	-8.017404e-02
3.717632e-01	-7.537820e-02
3.717888e-01	-7.048814e-02
3.718144e-01	-6.570680e-02
3.718400e-01	-6.098981e-02
3.718656e-01	-5.616247e-02
3.718912e-01	-5.126457e-02
3.719168e-01	-4.651615e-02
3.719424e-01	-4.164673e-02
3.719680e-01	-3.694346e-02
3.719936e-01	-3.215972e-02
3.720192e-01	-2.727904e-02
3.720448e-01	-2.241852e-02
3.720704e-01	-1.770261e-02
3.720960e-01	-1.276633e-02
3.721216e-01	-8.100626e-03
3.721472e-01	-3.489137e-03
3.721728e-01	1.342764e-03
3.721984e-01	6.166469e-03
3.722240e-01	1.092975e-02
3.722496e-01	1.553595e-02
3.722752e-01	2.024970e-02
3.723008e-01	2.494409e-02
3.723264e-01	2.949521e-02
3.723520e-01	3.419957e-02
3.723776e-01	3.869529e-02
3.724032e-01	4.337545e-02
3.724288e-01	4.800878e-02
3.724544e-01	5.238137e-02
3.724800e-01	5.697302e-02
3.725056e-01	6.146941e-02
3.725312e-01	6.600128e-02
3.725568e-01	7.027173e-02
3.725824e-01	7.468553e-02
3.726080e-01	7.914345e-02
3.726336e-01	8.337685e-02
3.726592e-01	8.779045e-02
3.726848e-01	9.193093e-02
3.727104e-01	9.625434e-02
3.727360e-01	1.003576e-01
3.727616e-01	1.043907e-01
3.727872e-01	1.086424e-01
3.728128e-01	1.126660e-01
3.728384e-01	1.166013e-01
3.728640e-01	1.207314e-01
3.728896e-01	1.245288e-01
3.729152e-01	1.283762e-01
3.729408e-01	1.323860e-01
3.729664e-01	1.360820e-01
3.729920e-01	1.398913e-01
3.730176e-01	1.435978e-01
3.730432e-01	1.471602e-01
3.730688e-01	1.508106e-01
3.730944e-01	1.543312e-01
3.731200e-01	1.577683e-01
3.731456e-01	1.612555e-01
3.731712e-01	1.647362e-01
3.731968e-01	1.679030e-01
3.732224e-01	1.711601e-01
3.732480e-01	1.744813e-01
3.732736e-01	1.776235e-01
3.732992e-01	1.806221e-01
3.733248e-01	1.837309e-01
3.733504e-01	1.867805e-01
3.733760e-01	1.896180e-01
3.734016e-01	1.924175e-01
3.734272e-01	1.952370e-01
3.734528e-01	1.980105e-01
3.734784e-01	2.005873e-01
3.735040e-01	2.031989e-01
3.735296e-01	2.057486e-01
3.735552e-01	2.081328e-01
3.735808e-01	2.106400e-01
3.736064e-01	2.129104e-01
3.736320e-01	2.151329e-01
3.736576e-01	2.173176e-01
3.736832e-01	2.195246e-01
3.737088e-01	2.215829e-01
3.737344e-01	2.235379e-01
3.737600e-01	2.253740e-01
3.737856e-01	2.272147e-01
3.738112e-01	2.291596e-01
3.738368e-01	2.306750e-01
3.738624e-01	2.323367e-01
3.738880e-01	2.339935e-01
3.739136e-01	2.353069e-01
3.739392e-01	2.368836e-01
3.739648e-01	2.381396e-01
3.739904e-01	2.394172e-01
3.740160e-01	2.404943e-01
3.740416e-01	2.416165e-01
3.740672e-01	2.425775e-01
3.740928e-01	2.435948e-01
3.741184e-01	2.445690e-01
3.741440e-01	2.452705e-01
3.741696e-01	2.459740e-01
3.741952e-01	2.466321e-01
3.742208e-01	2.472434e-01
3.742464e-01	2.477775e-01
3.742720e-01	2.482201e-01
3.742976e-01	2.484399e-01
3.743232e-01	2.487239e-01
3.743488e-01	2.489884e-01
3.743744e-01	2.489661e-01
3.744000e-01	2.491262e-01
3.744256e-01	2.489626e-01
3.744512e-01	2.487878e-01
3.744768e-01	2.487275e-01
3.745024e-01	2.484196e-01
3.745280e-01	2.480190e-01
3.745536e-01	2.475548e-01
3.745792e-01	2.470212e-01
3.746048e-01	2.465490e-01
3.746304e-01	2.458677e-01
3.746560e-01	2.449750e-01
3.746816e-01	2.442058e-01
3.747072e-01	2.434156e-01
3.747328e-01	2.422671e-01
3.747584e-01	2.413291e-01
3.747840e-01	2.402083e-01
3.748096e-01	2.389437e-01
3.748352e-01	2.378031e-01
3.748608e-01	2.363216e-01
3.748864e-01	2.350367e-01
3.749120e-01	2.334933e-01
3.749376e-01	2.317838e-01
3.749632e-01	2.302725e-01
3.749888e-01	2.285102e-01
3.750144e-01	2.267453e-01
3.750400e-01	2.248387e-01
3.750656e-01	2.229627e-01
3.750912e-01	2.209408e-01
3.751168e-01	2.189254e-01
3.751424e-01	2.167444e-01
3.751680e-01	2.145413e-01
3.751936e-01	2.121678e-01
3.752192e-01	2.097987e-01
3.752448e-01	2.075156e-01
3.752704e-01	2.049185e-01
3.752960e-01	2.024501e-01
3.753216e-01	1.998010e-01
3.753472e-01	1.971857e-01
3.753728e-01	1.944908e-01
3.753984e-01	1.916491e-01
3.754240e-01	1.888457e-01
3.754496e-01	1.858560e-01
3.754752e-01	1.828651e-01
3.755008e-01	1.797678e-01
3.755264e-01	1.767470e-01
3.755520e-01	1.734811e-01
3.755776e-01	1.703002e-01
3.756032e-01	1.669995e-01
3.756288e-01	1.636862e-01
3.756544e-01	1.603270e-01
3.756800e-01	1.567918e-01
3.757056e-01	1.533375e-01
3.757312e-01	1.497641e-01
3.757568e-01	1.461362e-01
3.757824e-01	1.424940e-01
3.758080e-01	1.387672e-01
3.758336e-01	1.350133e-01
3.758592e-01	1.312222e-01
3.758848e-01	1.273713e-01
3.759104e-01	1.234223e-01
3.759360e-01	1.194926e-01
3.759616e-01	1.156351e-01
3.759872e-01	1.115950e-01
3.760128e-01	1.074336e-01
3.760384e-01	1.034144e-01
3.760640e-01	9.918571e-02
3.760896e-01	9.496050e-02
3.761152e-01	9.082382e-02
3.761408e-01	8.651418e-02
3.761664e-01	8.220741e-02
3.761920e-01	7.789739e-02
3.762176e-01	7.350008e-02
3.762432e-01	6.917980e-02
3.762688e-01	6.467197e-02
3.762944e-01	6.033239e-02
3.763200e-01	5.590076e-02
3.763456e-01	5.118169e-02
3.763712e-01	4.674931e-02
3.763968e-01	4.214977e-02
3.764224e-01	3.748137e-02
3.764480e-01	3.300423e-02
3.764736e-01	2.828926e-02
3.764992e-01	2.363562e-02
3.765248e-01	1.893578e-02
3.765504e-01	1.430124e-02
3.765760e-01	9.536186e-03
3.766016e-01	4.806707e-03
3.766272e-01	1.211010e-04
3.766528e-01	-4.665577e-03
3.766784e-01	-9.388128e-03
3.767040e-01	-1.422311e-02
3.767296e-01	-1.897676e-02
3.767552e-01	-2.371694e-02
3.767808e-01	-2.855717e-02
3.768064e-01	-3.326944e-02
3.768320e-01	-3.822487e-02
3.768576e-01	-4.289623e-02
3.768832e-01	-4.767799e-02
3.769088e-01	-5.254846e-02
3.769344e-01	-5.739991e-02
3.769600e-01	-6.214956e-02
3.769856e-01	-6.693220e-02
3.770112e-01	-7.185464e-02
3.770368e-01	-7.657775e-02
3.770624e-01	-8.136398e-02
3.770880e-01	-8.613294e-02
3.771136e-01	-9.094390e-02
3.771392e-01	-9.569454e-02
3.771648e-01	-1.003309e-01
3.771904e-01	-1.051709e-01
3.772160e-01	-1.097986e-01
3.772416e-01	-1.144181e-01
3.772672e-01	-1.192678e-01
3.772928e-01	-1.239710e-01
3.773184e-01	-1.286247e-01
3.773440e-01	-1.331734e-01
3.773696e-01	-1.378080e-01
3.773952e-01	-1.425280e-01
3.774208e-01	-1.469058e-01
3.774464e-01	-1.515385e-01
3.774720e-01	-1.559924e-01
3.774976e-01	-1.604880e-01
3.775232e-01	-1.649743e-01
3.775488e-01	-1.693787e-01
3.775744e-01	-1.737597e-01
3.776000e-01	-1.781372e-01
3.776256e-01	-1.823569e-01
3.776512e-01	-1.866975e-01
3.776768e-01	-1.910981e-01
3.777024e-01	-1.953002e-01
3.777280e-01	-1.994808e-01
3.777536e-01	-2.035542e-01
3.777792e-01	-2.075544e-01
3.778048e-01	-2.117270e-01
3.778304e-01	-2.157059e-01
3.778560e-01	-2.196394e-01
3.778816e-01	-2.236976e-01
3.779072e-01	-2.275435e-01
3.779328e-01	-2.314032e-01
3.779584e-01	-2.351410e-01
3.779840e-01	-2.388231e-01
3.780096e-01	-2.425185e-01
3.780352e-01	-2.462112e-01
3.780608e-01	-2.499141e-01
3.780864e-01	-2.534358e-01
3.781120e-01	-2.569237e-01
3.781376e-01	-2.602904e-01
3.781632e-01	-2.636800e-01
3.781888e-01	-2.669756e-01
3.782144e-01	-2.703235e-01
3.782400e-01	-2.735014e-01
3.782656e-01	-2.766879e-01
3.782912e-01	-2.797013e-01
3.783168e-01	-2.827508e-01
3.783424e-01	-2.856749e-01
3.783680e-01	-2.886724e-01
3.783936e-01	-2.915787e-01
3.784192e-01	-2.941839e-01
3.784448e-01	-2.970677e-01
3.784704e-01	-2.996365e-01
3.784960e-01	-3.022418e-01
3.785216e-01	-3.048301e-01
3.785472e-01	-3.072626e-01
3.785728e-01	-3.097360e-01
3.785984e-01	-3.120081e-01
3.786240e-01	-3.143983e-01
3.786496e-01	-3.164664e-01
3.786752e-01	-3.186467e-01
3.787008e-01	-3.206487e-01
3.787264e-01	-3.226102e-01
3.787520e-01	-3.246166e-01
3.787776e-01	-3.264282e-01
3.788032e-01	-3.282015e-01
3.788288e-01	-3.298880e-01
3.788544e-01	-3.314641e-01
3.788800e-01	-3.330595e-01
3.789056e-01	-3.346161e-01
3.789312e-01	-3.359770e-01
3.789568e-01	-3.373342e-01
3.789824e-01	-3.387373e-01
3.790080e-01	-3.396820e-01
3.790336e-01	-3.408737e-01
3.790592e-01	-3.419415e-01
3.790848e-01	-3.428388e-01
3.791104e-01	-3.438279e-01
3.791360e-01	-3.446529e-01
3.791616e-01	-3.453546e-01
3.791872e-01	-3.460160e-01
3.792128e-01	-3.465620e-01
3.792384e-01	-3.470171e-01
3.792640e-01	-3.473900e-01
3.792896e-01	-3.478068e-01
3.793152e-01	-3.480453e-01
3.793408e-01	-3.482367e-01
3.793664e-01	-3.483639e-01
3.793920e-01	-3.483738e-01
3.794176e-01	-3.483339e-01
3.794432e-01	-3.481459e-01
3.794688e-01	-3.479175e-01
3.794944e-01	-3.477333e-01
3.795200e-01	-3.473477e-01
3.795456e-01	-3.469404e-01
3.795712e-01	-3.464038e-01
3.795968e-01	-3.458778e-01
3.796224e-01	-3.451852e-01
3.796480e-01	-3.444119e-01
3.796736e-01	-3.435840e-01
3.796992e-01	-3.426617e-01
3.797248e-01	-3.417963e-01
3.797504e-01	-3.407241e-01
3.797760e-01	-3.396716e-01
3.798016e-01	-3.384981e-01
3.798272e-01	-3.371760e-01
3.798528e-01	-3.359638e-01
3.798784e-01	-3.342745e-01
3.799040e-01	-3.328605e-01
3.799296e-01	-3.313963e-01
3.799552e-01	-3.296981e-01
3.799808e-01	-3.279534e-01
3.800064e-01	-3.262396e-01
3.800320e-01	-3.244443e-01
3.800576e-01	-3.224413e-01
3.800832e-01	-3.204564e-01
3.801088e-01	-3.183612e-01
3.801344e-01	-3.162437e-01
3.801600e-01	-3.140658e-01
3.801856e-01	-3.117828e-01
3.802112e-01	-3.094772e-01
3.802368e-01	-3.070710e-01
3.802624e-01	-3.045862e-01
3.802880e-01	-3.019509e-01
3.803136e-01	-2.993565e-01
3.803392e-01	-2.966819e-01
3.803648e-01	-2.940387e-01
3.803904e-01	-2.911162e-01
3.804160e-01	-2.883378e-01
3.804416e-01	-2.854258e-01
3.804672e-01	-2.823665e-01
3.804928e-01	-2.793987e-01
3.805184e-01	-2.762563e-01
3.805440e-01	-2.730030e-01
3.805696e-01	-2.697908e-01
3.805952e-01	-2.665185e-01
3.806208e-01	-2.632301e-01
3.806464e-01	-2.598769e-01
3.806720e-01	-2.563421e-01
3.806976e-01	-2.528357e-01
3.807232e-01	-2.493319e-01
3.807488e-01	-2.457398e-01
3.807744e-01	-2.420209e-01
3.808000e-01	-2.383889e-01
3.808256e-01	-2.345828e-01
3.808512e-01	-2.307552e-01
3.808768e-01	-2.270452e-01
3.809024e-01	-2.230272e-01
3.809280e-01	-2.191125e-01
3.809536e-01	-2.150438e-01
3.809792e-01	-2.111768e-01
3.810048e-01	-2.070473e-01
3.810304e-01	-2.029419e-01
3.810560e-01	-1.987896e-01
3.810816e-01	-1.946544e-01
3.811072e-01	-1.903967e-01
3.811328e-01	-1.861393e-01
3.811584e-01	-1.817999e-01
3.811840e-01	-1.774016e-01
3.812096e-01	-1.732301e-01
3.812352e-01	-1.687218e-01
3.812608e-01	-1.642314e-01
3.812864e-01	-1.598500e-01
3.813120e-01	-1.553283e-01
3.813376e-01	-1.507885e-01
3.813632e-01	-1.462900e-01
3.813888e-01	-1.418345e-01
3.814144e-01	-1.370912e-01
3.814400e-01	-1.324419e-01
3.814656e-01	-1.279014e-01
3.814912e-01	-1.232742e-01
3.815168e-01	-1.185045e-01
3.815424e-01	-1.138772e-01
3.815680e-01	-1.090350e-01
3.815936e-01	-1.044154e-01
3.816192e-01	-9.973016e-02
3.816448e-01	-9.484877e-02
3.816704e-01	-9.019729e-02
3.816960e-01	-8.541497e-02
3.817216e-01	-8.056509e-02
3.817472e-01	-7.584295e-02
3.817728e-01	-7.107573e-02
3.817984e-01	-6.618228e-02
3.818240e-01	-6.135292e-02
3.818496e-01	-5.661060e-02
3.818752e-01	-5.181143e-02
3.819008e-01	-4.694957e-02
3.819264e-01	-4.217537e-02
3.819520e-01	-3.726916e-02
3.819776e-01	-3.234321e-02
3.820032e-01	-2.774636e-02
3.820288e-01	-2.288787e-02
3.820544e-01	-1.813502e-02
3.820800e-01	-1.333448e-02
3.821056e-01	-8.627760e-03
3.821312e-01	-3.914378e-03
3.821568e-01	9.620990e-04
3.821824e-01	5.645785e-03
3.822080e-01	1.034631e-02
3.822336e-01	1.515878e-02
3.822592e-01	1.976648e-02
3.822848e-01	2.454629e-02
3.823104e-01	2.911591e-02
3.823360e-01	3.376327e-02
3.823616e-01	3.836548e-02
3.823872e-01	4.292942e-02
3.824128e-01	4.749803e-02
3.824384e-01	5.204942e-02
3.824640e-01	5.653489e-02
3.824896e-01	6.095666e-02
3.825152e-01	6.542720e-02
3.825408e-01	6.986785e-02
3.825664e-01	7.436106e-02
3.825920e-01	7.861346e-02
3.826176e-01	8.298307e-02
3.826432e-01	8.725581e-02
3.826688e-01	9.140827e-02
3.826944e-01	9.581243e-02
3.827200e-01	9.978294e-02
3.827456e-01	1.040987e-01
3.827712e-01	1.081786e-01
3.827968e-01	1.122538e-01
3.828224e-01	1.162923e-01
3.828480e-01	1.200766e-01
3.828736e-01	1.242262e-01
3.828992e-01	1.281237e-01
3.829248e-01	1.318572e-01
3.829504e-01	1.357778e-01
3.829760e-01	1.394798e-01
3.830016e-01	1.431312e-01
3.830272e-01	1.467424e-01
3.830528e-01	1.504496e-01
3.830784e-01	1.539249e-01
3.831040e-01	1.574320e-01
3.831296e-01	1.608899e-01
3.831552e-01	1.641520e-01
3.831808e-01	1.675635e-01
3.832064e-01	1.708775e-01
3.832320e-01	1.740708e-01
3.832576e-01	1.772440e-01
3.832832e-01	1.803585e-01
3.833088e-01	1.833588e-01
3.833344e-01	1.862122e-01
3.833600e-01	1.892769e-01
3.833856e-01	1.921609e-01
3.834112e-01	1.948882e-01
3.834368e-01	1.977146e-01
3.834624e-01	2.003438e-01
3.834880e-01	2.028664e-01
3.835136e-01	2.053940e-01
3.835392e-01	2.078532e-01
3.835648e-01	2.103642e-01
3.835904e-01	2.126308e-01
3.836160e-01	2.149184e-01
3.836416e-01	2.171175e-01
3.836672e-01	2.192239e-01
3.836928e-01	2.213124e-01
3.837184e-01	2.232432e-01
3.837440e-01	2.252889e-01
3.837696e-01	2.271245e-01
3.837952e-01	2.288685e-01
3.838208e-01	2.306264e-01
3.838464e-01	2.321882e-01
3.838720e-01	2.338250e-01
3.838976e-01	2.351079e-01
3.839232e-01	2.365767e-01
3.839488e-01	2.379894e-01
3.839744e-01	2.392640e-01
3.840000e-01	2.404426e-01
3.840256e-01	2.416130e-01
3.840512e-01	2.425798e-01
3.840768e-01	2.434939e-01
3.841024e-01	2.444005e-01
3.841280e-01	2.451397e-01
3.841536e-01	2.459441e-01
3.841792e-01	2.466130e-01
3.842048e-01	2.470632e-01
3.842304e-01	2.476369e-01
3.842560e-01	2.481582e-01
3.842816e-01	2.483895e-01
3.843072e-01	2.486061e-01
3.843328e-01	2.489243e-01
3.843584e-01	2.490205e-01
3.843840e-01	2.488716e-01
3.844096e-01	2.489047e-01
3.844352e-01	2.487691e-01
3.844608e-01	2.486023e-01
3.844864e-01	2.484200e-01
3.845120e-01	2.479165e-01
3.845376e-01	2.477239e-01
3.845632e-01	2.470363e-01
3.845888e-01	2.464689e-01
3.846144e-01	2.457889e-01
3.846400e-01	2.450006e-01
3.846656e-01	2.443283e-01
3.846912e-01	2.434260e-01
3.847168e-01	2.425296e-01
3.847424e-01	2.413967e-01
3.847680e-01	2.402650e-01
3.847936e-01	2.391001e-01
3.848192e-01	2.377709e-01
3.848448e-01	2.364955e-01
3.848704e-01	2.350410e-01
3.848960e-01	2.335179e-01
3.849216e-01	2.320079e-01
3.849472e-01	2.303292e-01
3.849728e-01	2.286329e-01
3.849984e-01	2.268830e-01
3.850240e-01	2.250120e-01
3.850496e-01	2.231615e-01
3.850752e-01	2.210828e-01
3.851008e-01	2.190972e-01
3.851264e-01	2.169752e-01
3.851520e-01	2.146611e-01
3.851776e-01	2.124251e-01
3.852032e-01	2.101784e-01
3.852288e-01	2.077435e-01
3.852544e-01	2.052072e-01
3.852800e-01	2.026780e-01
3.853056e-01	2.001353e-01
3.853312e-01	1.973832e-01
3.853568e-01	1.946979e-01
3.853824e-01	1.918756e-01
3.854080e-01	1.890153e-01
3.854336e-01	1.860889e-01
3.854592e-01	1.830791e-01
3.854848e-01	1.800885e-01
3.855104e-01	1.770362e-01
3.855360e-01	1.737748e-01
3.855616e-01	1.705829e-01
3.855872e-01	1.672488e-01
3.856128e-01	1.639115e-01
3.856384e-01	1.605827e-01
3.856640e-01	1.571275e-01
3.856896e-01	1.537063e-01
3.857152e-01	1.500810e-01
3.857408e-01	1.465648e-01
3.857664e-01	1.428136e-01
3.857920e-01	1.391131e-01
3.858176e-01	1.354367e-01
3.858432e-01	1.314160e-01
3.858688e-01	1.277455e-01
3.858944e-01	1.237865e-01
3.859200e-01	1.199737e-01
3.859456e-01	1.158881e-01
3.859712e-01	1.119668e-01
3.859968e-01	1.078730e-01
3.860224e-01	1.036956e-01
3.860480e-01	9.959425e-02
3.860736e-01	9.546036e-02
3.860992e-01	9.122811e-02
3.861248e-01	8.692837e-02
3.861504e-01	8.265363e-02
3.861760e-01	7.820528e-02
3.862016e-01	7.383739e-02
3.862272e-01	6.959087e-02
3.862528e-01	6.518196e-02
3.862784e-01	6.065372e-02
3.863040e-01	5.624014e-02
3.863296e-01	5.171293e-02
3.863552e-01	4.705472e-02
3.863808e-01	4.262437e-02
3.864064e-01	3.792948e-02
3.864320e-01	3.334390e-02
3.864576e-01	2.882030e-02
3.864832e-01	2.402484e-02
3.865088e-01	1.940824e-02
3.865344e-01	1.479387e-02
3.865600e-01	9.960103e-03
3.865856e-01	5.326093e-03
3.866112e-01	5.970098e-04
3.866368e-01	-4.181790e-03
3.866624e-01	-8.900214e-03
3.866880e-01	-1.373743e-02
3.867136e-01	-1.852893e-02
3.867392e-01	-2.320232e-02
3.867648e-01	-2.824005e-02
3.867904e-01	-3.289039e-02
3.868160e-01	-3.762858e-02
3.868416e-01	-4.252910e-02
3.868672e-01	-4.724528e-02
3.868928e-01	-5.218883e-02
3.869184e-01	-5.691078e-02
3.869440e-01	-6.174387e-02
3.869696e-01	-6.660534e-02
3.869952e-01	-7.123847e-02
3.870208e-01	-7.617729e-02
3.870464e-01	-8.096945e-02
3.870720e-01	-8.574440e-02
3.870976e-01	-9.048591e-02
3.871232e-01	-9.523599e-02
3.871488e-01	-9.996670e-02
3.871744e-01	-1.047092e-01
3.872000e-01	-1.093806e-01
3.872256e-01	-1.141037e-01
3.872512e-01	-1.187918e-01
3.872768e-01	-1.233773e-01
3.873024e-01	-1.281641e-01
3.873280e-01	-1.326772e-01
3.873536e-01	-1.372707e-01
3.873792e-01	-1.420892e-01
3.874048e-01	-1.464684e-01
3.874304e-01	-1.510586e-01
3.874560e-01	-1.555576e-01
3.874816e-01	-1.600153e-01
3.875072e-01	-1.645663e-01
3.875328e-01	-1.689366e-01
3.875584e-01	-1.732282e-01
3.875840e-01	-1.777844e-01
3.876096e-01	-1.820345e-01
3.876352e-01	-1.863411e-01
3.876608e-01	-1.906503e-01
3.876864e-01	-1.947672e-01
3.877120e-01	-1.989580e-01
3.877376e-01	-2.031382e-01
3.877632e-01	-2.073381e-01
3.877888e-01	-2.113216e-01
3.878144e-01	-2.152939e-01
3.878400e-01	-2.193907e-01
3.878656e-01	-2.231858e-01
3.878912e-01	-2.271539e-01
3.879168e-01	-2.309829e-01
3.879424e-01	-2.348166e-01
3.879680e-01	-2.385280e-01
3.879936e-01	-2.422229e-01
3.880192e-01	-2.459883e-01
3.880448e-01	-2.494535e-01
3.880704e-01	-2.530331e-01
3.880960e-01	-2.565869e-01
3.881216e-01	-2.599798e-01
3.881472e-01	-2.633644e-01
3.881728e-01	-2.667366e-01
3.881984e-01	-2.699772e-01
3.882240e-01	-2.731832e-01
3.882496e-01	-2.764008e-01
3.882752e-01	-2.795142e-01
3.883008e-01	-2.825523e-01
3.883264e-01	-2.854693e-01
3.883520e-01	-2.885022e-01
3.883776e-01	-2.912735e-01
3.884032e-01	-2.940263e-01
3.884288e-01	-2.967351e-01
3.884544e-01	-2.995033e-01
3.884800e-01	-3.022204e-01
3.885056e-01	-3.045027e-01
3.885312e-01	-3.070246e-01
3.885568e-01	-3.095297e-01
3.885824e-01	-3.118127e-01
3.886080e-01	-3.140374e-01
3.886336e-01	-3.162047e-01
3.886592e-01	-3.185302e-01
3.886848e-01	-3.204660e-01
3.887104e-01	-3.225617e-01
3.887360e-01	-3.244738e-01
3.887616e-01	-3.262401e-01
3.887872e-01	-3.281357e-01
3.888128e-01	-3.297141e-01
3.888384e-01	-3.314156e-01
3.888640e-01	-3.329745e-01
3.888896e-01	-3.345081e-01
3.889152e-01	-3.359111e-01
3.889408e-01	-3.371767e-01
3.889664e-01	-3.385802e-01
3.889920e-01	-3.395889e-01
3.890176e-01	-3.407758e-01
3.890432e-01	-3.417824e-01
3.890688e-01	-3.427000e-01
3.890944e-01	-3.437266e-01
3.891200e-01	-3.444087e-01
3.891456e-01	-3.452047e-01
3.891712e-01	-3.459193e-01
3.891968e-01	-3.464018e-01
3.892224e-01	-3.469139e-01
3.892480e-01	-3.473887e-01
3.892736e-01	-3.476865e-01
3.892992e-01	-3.480657e-01
3.893248e-01	-3.482050e-01
3.893504e-01	-3.483052e-01
3.893760e-01	-3.484210e-01
3.894016e-01	-3.482596e-01
3.894272e-01	-3.482992e-01
3.894528e-01	-3.479421e-01
3.894784e-01	-3.478092e-01
3.895040e-01	-3.473764e-01
3.895296e-01	-3.469630e-01
3.895552e-01	-3.466235e-01
3.895808e-01	-3.457921e-01
3.896064e-01	-3.452237e-01
3.896320e-01	-3.445653e-01
3.896576e-01	-3.437485e-01
3.896832e-01	-3.428556e-01
3.897088e-01	-3.418888e-01
3.897344e-01	-3.408446e-01
3.897600e-01	-3.396203e-01
3.897856e-01	-3.385821e-01
3.898112e-01	-3.372666e-01
3.898368e-01	-3.359481e-01
3.898624e-01	-3.345817e-01
3.898880e-01	-3.330569e-01
3.899136e-01	-3.314554e-01
3.899392e-01	-3.298644e-01
3.899648e-01	-3.281977e-01
3.899904e-01	-3.263836e-01
3.900160e-01	-3.243971e-01
3.900416e-01	-3.226030e-01
3.900672e-01	-3.207351e-01
3.900928e-01	-3.185612e-01
3.901184e-01	-3.162904e-01
3.901440e-01	-3.141791e-01
3.901696e-01	-3.119876e-01
3.901952e-01	-3.096495e-01
3.902208e-01	-3.072841e-01
3.902464e-01	-3.047273e-01
3.902720e-01	-3.022862e-01
3.902976e-01	-2.996163e-01
3.903232e-01	-2.969780e-01
3.903488e-01	-2.942416e-01
3.903744e-01	-2.913370e-01
3.904000e-01	-2.886485e-01
3.904256e-01	-2.855822e-01
3.904512e-01	-2.826283e-01
3.904768e-01	-2.796094e-01
3.905024e-01	-2.765120e-01
3.905280e-01	-2.733630e-01
3.905536e-01	-2.701033e-01
3.905792e-01	-2.668790e-01
3.906048e-01	-2.635348e-01
3.906304e-01	-2.600702e-01
3.906560e-01	-2.567750e-01
3.906816e-01	-2.531401e-01
3.907072e-01	-2.496708e-01
3.907328e-01	-2.460308e-01
3.907584e-01	-2.423510e-01
3.907840e-01	-2.386794e-01
3.908096e-01	-2.348840e-01
3.908352e-01	-2.312131e-01
3.908608e-01	-2.272571e-01
3.908864e-01	-2.235170e-01
3.909120e-01	-2.195142e-01
3.909376e-01	-2.155389e-01
3.909632e-01	-2.115958e-01
3.909888e-01	-2.073634e-01
3.910144e-01	-2.033706e-01
3.910400e-01	-1.991447e-01
3.910656e-01	-1.950165e-01
3.910912e-01	-1.907492e-01
3.911168e-01	-1.864993e-01
3.911424e-01	-1.822444e-01
3.911680e-01	-1.779166e-01
3.911936e-01	-1.734411e-01
3.912192e-01	-1.690298e-01
3.912448e-01	-1.647027e-01
3.912704e-01	-1.602342e-01
3.912960e-01	-1.557011e-01
3.913216e-01	-1.512170e-01
3.913472e-01	-1.466634e-01
3.913728e-01	-1.421615e-01
3.913984e-01	-1.376121e-01
3.914240e-01	-1.328588e-01
3.914496e-01	-1.282968e-01
3.914752e-01	-1.237082e-01
3.915008e-01	-1.189959e-01
3.915264e-01	-1.142784e-01
3.915520e-01	-1.095089e-01
3.915776e-01	-1.049013e-01
3.916032e-01	-1.000452e-01
3.916288e-01	-9.539089e-02
3.916544e-01	-9.056074e-02
3.916800e-01	-8.574258e-02
3.917056e-01	-8.106247e-02
3.917312e-01	-7.629134e-02
3.917568e-01	-7.151233e-02
3.917824e-01	-6.661318e-02
3.918080e-01	-6.174710e-02
3.918336e-01	-5.706646e-02
3.918592e-01	-5.216492e-02
3.918848e-01	-4.744600e-02
3.919104e-01	-4.274884e-02
3.919360e-01	-3.780095e-02
3.919616e-01	-3.293823e-02
3.919872e-01	-2.827238e-02
3.920128e-01	-2.335133e-02
3.920384e-01	-1.854398e-02
3.920640e-01	-1.390045e-02
3.920896e-01	-8.960562e-03
3.921152e-01	-4.269160e-03
3.921408e-01	4.251657e-04
3.921664e-01	5.289516e-03
3.921920e-01	9.839942e-03
3.922176e-01	1.465156e-02
3.922432e-01	1.933624e-02
3.922688e-01	2.405916e-02
3.922944e-01	2.866182e-02
3.923200e-01	3.333307e-02
3.923456e-01	3.787224e-02
3.923712e-01	4.251154e-02
3.923968e-01	4.709461e-02
3.924224e-01	5.159480e-02
3.924480e-01	5.625664e-02
3.924736e-01	6.056829e-02
3.924992e-01	6.508955e-02
3.925248e-01	6.945082e-02
3.925504e-01	7.378410e-02
3.925760e-01	7.830095e-02
3.926016e-01	8.252522e-02
3.926272e-01	8.688489e-02
3.926528e-01	9.110130e-02
3.926784e-01	9.542830e-02
3.927040e-01	9.956481e-02
3.927296e-01	1.036381e-01
3.927552e-01	1.078205e-01
3.927808e-01	1.119271e-01
3.928064e-01	1.159837e-01
3.928320e-01	1.199571e-01
3.928576e-01	1.238441e-01
3.928832e-01	1.277216e-01
3.929088e-01	1.315466e-01
3.929344e-01	1.354027e-01
3.929600e-01	1.391832e-01
3.929856e-01	1.427793e-01
3.930112e-01	1.465625e-01
3.930368e-01	1.501459e-01
3.930624e-01	1.535759e-01
3.930880e-01	1.571788e-01
3.931136e-01	1.605835e-01
3.931392e-01	1.639568e-01
3.931648e-01	1.672383e-01
3.931904e-01	1.706310e-01
3.932160e-01	1.737931e-01
3.932416e-01	1.769632e-01
3.932672e-01	1.801068e-01
3.932928e-01	1.831020e-01
3.933184e-01	1.861190e-01
3.933440e-01	1.890894e-01
3.933696e-01	1.919139e-01
3.933952e-01	1.946386e-01
3.934208e-01	1.974609e-01
3.934464e-01	2.000906e-01
3.934720e-01	2.026838e-01
3.934976e-01	2.053092e-01
3.935232e-01	2.077963e-01
3.935488e-01	2.101720e-01
3.935744e-01	2.124344e-01
3.936000e-01	2.147462e-01
3.936256e-01	2.169667e-01
3.936512e-01	2.191309e-01
3.936768e-01	2.210417e-01
3.937024e-01	2.231471e-01
3.937280e-01	2.250226e-01
3.937536e-01	2.268247e-01
3.937792e-01	2.286503e-01
3.938048e-01	2.304240e-01
3.938304e-01	2.320614e-01
3.938560e-01	2.335239e-01
3.938816e-01	2.351782e-01
3.939072e-01	2.364833e-01
3.939328e-01	2.377983e-01
3.939584e-01	2.390693e-01
3.939840e-01	2.402513e-01
3.940096e-01	2.413802e-01
3.940352e-01	2.423464e-01
3.940608e-01	2.434931e-01
3.940864e-01	2.442779e-01
3.941120e-01	2.450805e-01
3.941376e-01	2.459035e-01
3.941632e-01	2.465444e-01
3.941888e-01	2.471141e-01
3.942144e-01	2.476806e-01
3.942400e-01	2.480797e-01
3.942656e-01	2.484502e-01
3.942912e-01	2.486312e-01
3.943168e-01	2.488461e-01
3.943424e-01	2.489472e-01
3.943680e-01	2.491216e-01
3.943936e-01	2.489963e-01
3.944192e-01	2.488711e-01
3.944448e-01	2.487083e-01
3.944704e-01	2.483588e-01
3.944960e-01	2.480644e-01
3.945216e-01	2.476166e-01
3.945472e-01	2.471382e-01
3.945728e-01	2.466097e-01
3.945984e-01	2.459805e-01
3.946240e-01	2.452078e-01
3.946496e-01	2.443160e-01
3.946752e-01	2.435236e-01
3.947008e-01	2.425709e-01
3.947264e-01	2.415113e-01
3.947520e-01	2.405002e-01
3.947776e-01	2.392444e-01
3.948032e-01	2.379407e-01
3.948288e-01	2.366427e-01
3.948544e-01	2.351762e-01
3.948800e-01	2.338279e-01
3.949056e-01	2.321281e-01
3.949312e-01	2.305237e-01
3.949568e-01	2.288842e-01
3.949824e-01	2.270571e-01
3.950080e-01	2.252185e-01
3.950336e-01	2.233122e-01
3.950592e-01	2.213400e-01
3.950848e-01	2.193164e-01
3.951104e-01	2.171690e-01
3.951360e-01	2.149248e-01
3.951616e-01	2.127030e-01
3.951872e-01	2.103737e-01
3.952128e-01	2.079001e-01
3.952384e-01	2.055396e-01
3.952640e-01	2.028732e-01
3.952896e-01	2.002403e-01
3.953152e-01	1.977982e-01
3.953408e-01	1.948996e-01
3.953664e-01	1.920401e-01
3.953920e-01	1.893025e-01
3.954176e-01	1.863720e-01
3.954432e-01	1.834853e-01
3.954688e-01	1.803191e-01
3.954944e-01	1.772536e-01
3.955200e-01	1.740768e-01
3.955456e-01	1.708356e-01
3.955712e-01	1.675401e-01
3.955968e-01	1.643335e-01
3.956224e-01	1.608846e-01
3.956480e-01	1.573652e-01
3.956736e-01	1.539541e-01
3.956992e-01	1.503970e-01
3.957248e-01	1.468428e-01
3.957504e-01	1.432025e-01
3.957760e-01	1.394935e-01
3.958016e-01	1.356848e-01
3.958272e-01	1.319769e-01
3.958528e-01	1.281038e-01
3.958784e-01	1.241756e-01
3.959040e-01	1.203596e-01
3.959296e-01	1.163735e-01
3.959552e-01	1.122798e-01
3.959808e-01	1.081031e-01
3.960064e-01	1.040226e-01
3.960320e-01	9.998110e-02
3.960576e-01	9.589929e-02
3.960832e-01	9.158120e-02
3.961088e-01	8.727296e-02
3.961344e-01	8.296820e-02
3.961600e-01	7.874972e-02
3.961856e-01	7.431065e-02
3.962112e-01	6.994896e-02
3.962368e-01	6.563065e-02
3.962624e-01	6.100547e-02
3.962880e-01	5.657334e-02
3.963136e-01	5.214830e-02
3.963392e-01	4.760567e-02
3.963648e-01	4.309401e-02
3.963904e-01	3.836745e-02
3.964160e-01	3.383595e-02
3.964416e-01	2.919357e-02
3.964672e-01	2.452436e-02
3.964928e-01	1.986702e-02
3.965184e-01	1.512529e-02
3.965440e-01	1.042679e-02
3.965696e-01	5.684432e-03
3.965952e-01	9.838927e-04
3.966208e-01	-3.698682e-03
3.966464e-01	-8.609566e-03
3.966720e-01	-1.333862e-02
3.966976e-01	-1.805231e-02
3.967232e-01	-2.285378e-02
3.967488e-01	-2.759460e-02
3.967744e-01	-3.241673e-02
3.968000e-01	-3.716299e-02
3.968256e-01	-4.204215e-02
3.968512e-01	-4.692315e-02
3.968768e-01	-5.158068e-02
3.969024e-01	-5.650527e-02
3.969280e-01	-6.131514e-02
3.969536e-01	-6.604779e-02
3.969792e-01	-7.078052e-02
3.970048e-01	-7.561632e-02
3.970304e-01	-8.044031e-02
3.970560e-01	-8.518782e-02
3.970816e-01	-9.005118e-02
3.971072e-01	-9.483022e-02
3.971328e-01	-9.937815e-02
3.971584e-01	-1.043013e-01
3.971840e-01	-1.090465e-01
3.972096e-01	-1.136609e-01
3.972352e-01	-1.183602e-01
3.972608e-01	-1.230940e-01
3.972864e-01	-1.276947e-01
3.973120e-01	-1.323271e-01
3.973376e-01	-1.370169e-01
3.973632e-01	-1.415335e-01
3.973888e-01	-1.460193e-01
3.974144e-01	-1.507966e-01
3.974400e-01	-1.552410e-01
3.974656e-01	-1.595831e-01
3.974912e-01	-1.641282e-01
3.975168e-01	-1.685118e-01
3.975424e-01	-1.729465e-01
3.975680e-01	-1.772721e-01
3.975936e-01	-1.815777e-01
3.976192e-01	-1.858869e-01
3.976448e-01	-1.900899e-01
3.976704e-01	-1.945860e-01
3.976960e-01	-1.985999e-01
3.977216e-01	-2.026119e-01
3.977472e-01	-2.069340e-01
3.977728e-01	-2.110036e-01
3.977984e-01	-2.149446e-01
3.978240e-01	-2.189770e-01
3.978496e-01	-2.228944e-01
3.978752e-01	-2.267423e-01
3.979008e-01	-2.306691e-01
3.979264e-01	-2.343654e-01
3.979520e-01	-2.381596e-01
3.979776e-01	-2.419953e-01
3.980032e-01	-2.455232e-01
3.980288e-01	-2.491851e-01
3.980544e-01	-2.527125e-01
3.980800e-01	-2.562847e-01
3.981056e-01	-2.596286e-01
3.981312e-01	-2.630764e-01
3.981568e-01	-2.663845e-01
3.981824e-01	-2.696305e-01
3.982080e-01	-2.729096e-01
3.982336e-01	-2.759863e-01
3.982592e-01	-2.791489e-01
3.982848e-01	-2.822546e-01
3.983104e-01	-2.852363e-01
3.983360e-01	-2.881750e-01
3.983616e-01	-2.910468e-01
3.983872e-01	-2.938198e-01
3.984128e-01	-2.965799e-01
3.984384e-01	-2.992994e-01
3.984640e-01	-3.017643e-01
3.984896e-01	-3.043487e-01
3.985152e-01	-3.068430e-01
3.985408e-01	-3.093068e-01
3.985664e-01	-3.116472e-01
3.985920e-01	-3.139346e-01
3.986176e-01	-3.160742e-01
3.986432e-01	-3.183155e-01
3.986688e-01	-3.203771e-01
3.986944e-01	-3.223032e-01
3.987200e-01	-3.241365e-01
3.987456e-01	-3.261410e-01
3.987712e-01	-3.279893e-01
3.987968e-01	-3.295887e-01
3.988224e-01	-3.312756e-01
3.988480e-01	-3.327698e-01
3.988736e-01	-3.343424e-01
3.988992e-01	-3.357430e-01
3.989248e-01	-3.370262e-01
3.989504e-01	-3.384627e-01
3.989760e-01	-3.395087e-01
3.990016e-01	-3.406664e-01
3.990272e-01	-3.417400e-01
3.990528e-01	-3.426810e-01
3.990784e-01	-3.435242e-01
3.991040e-01	-3.444592e-01
3.991296e-01	-3.451690e-01
3.991552e-01	-3.458434e-01
3.991808e-01	-3.464803e-01
3.992064e-01	-3.469452e-01
3.992320e-01	-3.473440e-01
3.992576e-01	-3.476981e-01
3.992832e-01	-3.480088e-01
3.993088e-01	-3.482716e-01
3.993344e-01	-3.483115e-01
3.993600e-01	-3.483837e-01
3.993856e-01	-3.483397e-01
3.994112e-01	-3.481766e-01
3.994368e-01	-3.479773e-01
3.994624e-01	-3.477895e-01
3.994880e-01	-3.474858e-01
3.995136e-01	-3.470599e-01
3.995392e-01	-3.465829e-01
3.995648e-01	-3.459131e-01
3.995904e-01	-3.453428e-01
3.996160e-01	-3.446285e-01
3.996416e-01	-3.437169e-01
3.996672e-01	-3.430316e-01
3.996928e-01	-3.420455e-01
3.997184e-01	-3.409031e-01
3.997440e-01	-3.398124e-01
3.997696e-01	-3.387492e-01
3.997952e-01	-3.372276e-01
3.998208e-01	-3.360552e-01
3.998464e-01	-3.346608e-01
3.998720e-01	-3.331967e-01
3.998976e-01	-3.316640e-01
3.999232e-01	-3.299487e-01
3.999488e-01	-3.283378e-01
3.999744e-01	-3.264590e-01
4.000000e-01	-3.248300e-01
4.000256e-01	-3.228372e-01
4.000512e-01	-3.208333e-01
4.000768e-01	-3.188312e-01
4.001024e-01	-3.164865e-01
4.001280e-01	-3.145121e-01
4.001536e-01	-3.122949e-01
4.001792e-01	-3.098117e-01
4.002048e-01	-3.074667e-01
4.002304e-01	-3.051374e-01
4.002560e-01	-3.023891e-01
4.002816e-01	-2.998792e-01
4.003072e-01	-2.973428e-01
4.003328e-01	-2.944627e-01
4.003584e-01	-2.917274e-01
4.003840e-01	-2.888031e-01
4.004096e-01	-2.859150e-01
4.004352e-01	-2.830220e-01
4.004608e-01	-2.798890e-01
4.004864e-01	-2.769620e-01
4.005120e-01	-2.736488e-01
4.005376e-01	-2.704646e-01
4.005632e-01	-2.673658e-01
4.005888e-01	-2.638551e-01
4.006144e-01	-2.604610e-01
4.006400e-01	-2.570979e-01
4.006656e-01	-2.535956e-01
4.006912e-01	-2.501082e-01
4.007168e-01	-2.463739e-01
4.007424e-01	-2.428127e-01
4.007680e-01	-2.390319e-01
4.007936e-01	-2.353179e-01
4.008192e-01	-2.315622e-01
4.008448e-01	-2.276224e-01
4.008704e-01	-2.238684e-01
4.008960e-01	-2.198354e-01
4.009216e-01	-2.158925e-01
4.009472e-01	-2.120022e-01
4.009728e-01	-2.078278e-01
4.009984e-01	-2.037244e-01
4.010240e-01	-1.994982e-01
4.010496e-01	-1.953543e-01
4.010752e-01	-1.912679e-01
4.011008e-01	-1.869106e-01
4.011264e-01	-1.826284e-01
4.011520e-01	-1.784124e-01
4.011776e-01	-1.739659e-01
4.012032e-01	-1.695394e-01
4.012288e-01	-1.650935e-01
4.012544e-01	-1.606727e-01
4.012800e-01	-1.562100e-01
4.013056e-01	-1.517794e-01
4.013312e-01	-1.472091e-01
4.013568e-01	-1.425079e-01
4.013824e-01	-1.378684e-01
4.014080e-01	-1.334799e-01
4.014336e-01	-1.287690e-01
4.014592e-01	-1.240913e-01
4.014848e-01	-1.194507e-01
4.015104e-01	-1.146683e-01
4.015360e-01	-1.100810e-01
4.015616e-01	-1.053054e-01
4.015872e-01	-1.005875e-01
4.016128e-01	-9.575620e-02
4.016384e-01	-9.095445e-02
4.016640e-01	-8.639807e-02
4.016896e-01	-8.154060e-02
4.017152e-01	-7.669444e-02
4.017408e-01	-7.192699e-02
4.017664e-01	-6.713554e-02
4.017920e-01	-6.231081e-02
4.018176e-01	-5.734948e-02
4.018432e-01	-5.262735e-02
4.018688e-01	-4.795025e-02
4.018944e-01	-4.303781e-02
4.019200e-01	-3.823420e-02
4.019456e-01	-3.340287e-02
4.019712e-01	-2.867538e-02
4.019968e-01	-2.402839e-02
4.020224e-01	-1.912820e-02
4.020480e-01	-1.428793e-02
4.020736e-01	-9.587330e-03
4.020992e-01	-4.731881e-03
4.021248e-01	-6.800933e-05
4.021504e-01	4.745825e-03
4.021760e-01	9.417559e-03
4.022016e-01	1.418787e-02
4.022272e-01	1.887137e-02
4.022528e-01	2.340928e-02
4.022784e-01	2.817759e-02
4.023040e-01	3.278174e-02
4.023296e-01	3.748547e-02
4.023552e-01	4.201761e-02
4.023808e-01	4.663502e-02
4.024064e-01	5.121009e-02
4.024320e-01	5.561420e-02
4.024576e-01	6.017536e-02
4.024832e-01	6.455491e-02
4.025088e-01	6.911933e-02
4.025344e-01	7.350234e-02
4.025600e-01	7.769767e-02
4.025856e-01	8.217435e-02
4.026112e-01	8.652703e-02
4.026368e-01	9.072467e-02
4.026624e-01	9.493212e-02
4.026880e-01	9.908506e-02
4.027136e-01	1.032228e-01
4.027392e-01	1.073358e-01
4.027648e-01	1.114822e-01
4.027904e-01	1.153175e-01
4.028160e-01	1.195067e-01
4.028416e-01	1.234524e-01
4.028672e-01	1.272268e-01
4.028928e-01	1.311979e-01
4.029184e-01	1.350120e-01
4.029440e-01	1.387855e-01
4.029696e-01	1.424022e-01
4.029952e-01	1.461506e-01
4.030208e-01	1.497813e-01
4.030464e-01	1.533371e-01
4.030720e-01	1.569483e-01
4.030976e-01	1.602706e-01
4.031232e-01	1.636137e-01
4.031488e-01	1.669589e-01
4.031744e-01	1.703391e-01
4.032000e-01	1.734648e-01
4.032256e-01	1.766462e-01
4.032512e-01	1.798557e-01
4.032768e-01	1.827864e-01
4.033024e-01	1.857652e-01
4.033280e-01	1.886896e-01
4.033536e-01	1.915960e-01
4.033792e-01	1.945214e-01
4.034048e-01	1.971600e-01
4.034304e-01	1.997753e-01
4.034560e-01	2.024010e-01
4.034816e-01	2.050203e-01
4.035072e-01	2.074943e-01
4.035328e-01	2.099738e-01
4.035584e-01	2.121951e-01
4.035840e-01	2.145987e-01
4.036096e-01	2.167230e-01
4.036352e-01	2.187760e-01
4.036608e-01	2.209485e-01
4.036864e-01	2.228607e-01
4.037120e-01	2.248879e-01
4.037376e-01	2.267104e-01
4.037632e-01	2.285449e-01
4.037888e-01	2.302121e-01
4.038144e-01	2.318634e-01
4.038400e-01	2.334954e-01
4.038656e-01	2.349350e-01
4.038912e-01	2.364320e-01
4.039168e-01	2.375617e-01
4.039424e-01	2.390312e-01
4.039680e-01	2.401800e-01
4.039936e-01	2.412983e-01
4.040192e-01	2.424189e-01
4.040448e-01	2.433665e-01
4.040704e-01	2.442442e-01
4.040960e-01	2.450701e-01
4.041216e-01	2.457793e-01
4.041472e-01	2.463197e-01
4.041728e-01	2.470520e-01
4.041984e-01	2.475531e-01
4.042240e-01	2.480016e-01
4.042496e-01	2.483938e-01
4.042752e-01	2.486359e-01
4.043008e-01	2.488842e-01
4.043264e-01	2.489119e-01
4.043520e-01	2.490094e-01
4.043776e-01	2.489599e-01
4.044032e-01	2.489479e-01
4.044288e-01	2.487858e-01
4.044544e-01	2.484247e-01
4.044800e-01	2.481485e-01
4.045056e-01	2.477024e-01
4.045312e-01	2.471245e-01
4.045568e-01	2.466499e-01
4.045824e-01	2.459084e-01
4.046080e-01	2.452466e-01
4.046336e-01	2.445036e-01
4.046592e-01	2.435633e-01
4.046848e-01	2.427122e-01
4.047104e-01	2.417047e-01
4.047360e-01	2.404438e-01
4.047616e-01	2.393767e-01
4.047872e-01	2.381033e-01
4.048128e-01	2.367694e-01
4.048384e-01	2.354238e-01
4.048640e-01	2.338071e-01
4.048896e-01	2.323094e-01
4.049152e-01	2.306914e-01
4.049408e-01	2.290214e-01
4.049664e-01	2.272826e-01
4.049920e-01	2.253609e-01
4.050176e-01	2.235548e-01
4.050432e-01	2.215780e-01
4.050688e-01	2.196003e-01
4.050944e-01	2.173218e-01
4.051200e-01	2.151111e-01
4.051456e-01	2.128446e-01
4.051712e-01	2.106086e-01
4.051968e-01	2.081559e-01
4.052224e-01	2.057307e-01
4.052480e-01	2.032464e-01
4.052736e-01	2.005776e-01
4.052992e-01	1.979084e-01
4.053248e-01	1.951489e-01
4.053504e-01	1.923446e-01
4.053760e-01	1.895589e-01
4.054016e-01	1.866522e-01
4.054272e-01	1.836743e-01
4.054528e-01	1.807037e-01
4.054784e-01	1.775659e-01
4.055040e-01	1.743140e-01
4.055296e-01	1.711266e-01
4.055552e-01	1.678812e-01
4.055808e-01	1.645378e-01
4.056064e-01	1.611800e-01
4.056320e-01	1.577504e-01
4.056576e-01	1.542336e-01
4.056832e-01	1.508298e-01
4.057088e-01	1.471028e-01
4.057344e-01	1.435915e-01
4.057600e-01	1.399131e-01
4.057856e-01	1.360350e-01
4.058112e-01	1.323144e-01
4.058368e-01	1.284518e-01
4.058624e-01	1.244984e-01
4.058880e-01	1.206453e-01
4.059136e-01	1.167535e-01
4.059392e-01	1.127435e-01
4.059648e-01	1.085866e-01
4.059904e-01	1.045828e-01
4.060160e-01	1.003586e-01
4.060416e-01	9.618122e-02
4.060672e-01	9.196376e-02
4.060928e-01	8.775489e-02
4.061184e-01	8.341247e-02
4.061440e-01	7.901611e-02
4.061696e-01	7.481467e-02
4.061952e-01	7.031425e-02
4.062208e-01	6.590708e-02
4.062464e-01	6.152204e-02
4.062720e-01	5.706406e-02
4.062976e-01	5.248071e-02
4.063232e-01	4.795690e-02
4.063488e-01	4.345800e-02
4.063744e-01	3.884585e-02
4.064000e-01	3.422270e-02
4.064256e-01	2.950231e-02
4.064512e-01	2.502878e-02
4.064768e-01	2.028547e-02
4.065024e-01	1.573079e-02
4.065280e-01	1.095623e-02
4.065536e-01	6.193538e-03
4.065792e-01	1.412417e-03
4.066048e-01	-3.393813e-03
4.066304e-01	-8.003011e-03
4.066560e-01	-1.292195e-02
4.066816e-01	-1.769353e-02
4.067072e-01	-2.234618e-02
4.067328e-01	-2.719503e-02
4.067584e-01	-3.210464e-02
4.067840e-01	-3.673744e-02
4.068096e-01	-4.150139e-02
4.068352e-01	-4.641062e-02
4.068608e-01	-5.126964e-02
4.068864e-01	-5.608582e-02
4.069120e-01	-6.079530e-02
4.069376e-01	-6.563418e-02
4.069632e-01	-7.040461e-02
4.069888e-01	-7.528293e-02
4.070144e-01	-7.998500e-02
4.070400e-01	-8.487984e-02
4.070656e-01	-8.955809e-02
4.070912e-01	-9.427221e-02
4.071168e-01	-9.911842e-02
4.071424e-01	-1.037626e-01
4.071680e-01	-1.084534e-01
4.071936e-01	-1.132712e-01
4.072192e-01	-1.179986e-01
4.072448e-01	-1.226038e-01
4.072704e-01	-1.272875e-01
4.072960e-01	-1.319363e-01
4.073216e-01	-1.365813e-01
4.073472e-01	-1.411979e-01
4.073728e-01	-1.456201e-01
4.073984e-01	-1.502145e-01
4.074240e-01	-1.547395e-01
4.074496e-01	-1.592394e-01
4.074752e-01	-1.636688e-01
4.075008e-01	-1.681397e-01
4.075264e-01	-1.725412e-01
4.075520e-01	-1.769215e-01
4.075776e-01	-1.812060e-01
4.076032e-01	-1.856231e-01
4.076288e-01	-1.898619e-01
4.076544e-01	-1.938857e-01
4.076800e-01	-1.982809e-01
4.077056e-01	-2.024071e-01
4.077312e-01	-2.064380e-01
4.077568e-01	-2.105930e-01
4.077824e-01	-2.146236e-01
4.078080e-01	-2.186383e-01
4.078336e-01	-2.225834e-01
4.078592e-01	-2.265182e-01
4.078848e-01	-2.302666e-01
4.079104e-01	-2.340987e-01
4.079360e-01	-2.378451e-01
4.079616e-01	-2.415492e-01
4.079872e-01	-2.452295e-01
4.080128e-01	-2.489327e-01
4.080384e-01	-2.524405e-01
4.080640e-01	-2.559088e-01
4.080896e-01	-2.594085e-01
4.081152e-01	-2.628095e-01
4.081408e-01	-2.660357e-01
4.081664e-01	-2.693511e-01
4.081920e-01	-2.726333e-01
4.082176e-01	-2.757317e-01
4.082432e-01	-2.789252e-01
4.082688e-01	-2.819299e-01
4.082944e-01	-2.848739e-01
4.083200e-01	-2.879837e-01
4.083456e-01	-2.908429e-01
4.083712e-01	-2.935788e-01
4.083968e-01	-2.962870e-01
4.084224e-01	-2.990457e-01
4.084480e-01	-3.015810e-01
4.084736e-01	-3.041334e-01
4.084992e-01	-3.066815e-01
4.085248e-01	-3.089846e-01
4.085504e-01	-3.114150e-01
4.085760e-01	-3.137717e-01
4.086016e-01	-3.159110e-01
4.086272e-01	-3.181122e-01
4.086528e-01	-3.201182e-01
4.086784e-01	-3.221676e-01
4.087040e-01	-3.241324e-01
4.087296e-01	-3.259565e-01
4.087552e-01	-3.278069e-01
4.087808e-01	-3.294804e-01
4.088064e-01	-3.310840e-01
4.088320e-01	-3.326682e-01
4.088576e-01	-3.341913e-01
4.088832e-01	-3.356904e-01
4.089088e-01	-3.369454e-01
4.089344e-01	-3.382443e-01
4.089600e-01	-3.394298e-01
4.089856e-01	-3.405556e-01
4.090112e-01	-3.416073e-01
4.090368e-01	-3.426217e-01
4.090624e-01	-3.434268e-01
4.090880e-01	-3.443331e-01
4.091136e-01	-3.450833e-01
4.091392e-01	-3.457489e-01
4.091648e-01	-3.463344e-01
4.091904e-01	-3.468569e-01
4.092160e-01	-3.473965e-01
4.092416e-01	-3.478000e-01
4.092672e-01	-3.479606e-01
4.092928e-01	-3.481500e-01
4.093184e-01	-3.482670e-01
4.093440e-01	-3.483681e-01
4.093696e-01	-3.484229e-01
4.093952e-01	-3.483133e-01
4.094208e-01	-3.481175e-01
4.094464e-01	-3.478315e-01
4.094720e-01	-3.474312e-01
4.094976e-01	-3.471272e-01
4.095232e-01	-3.466268e-01
4.095488e-01	-3.459699e-01
4.095744e-01	-3.454341e-01
4.096000e-01	-3.447196e-01
4.096256e-01	-3.438385e-01
4.096512e-01	-3.430208e-01
4.096768e-01	-3.420286e-01
4.097024e-01	-3.411971e-01
4.097280e-01	-3.399594e-01
4.097536e-01	-3.387529e-01
4.097792e-01	-3.375518e-01
4.098048e-01	-3.361692e-01
4.098304e-01	-3.347371e-01
4.098560e-01	-3.333191e-01
4.098816e-01	-3.319552e-01
4.099072e-01	-3.301661e-01
4.099328e-01	-3.284302e-01
4.099584e-01	-3.267863e-01
4.099840e-01	-3.249668e-01
4.100096e-01	-3.230935e-01
4.100352e-01	-3.209839e-01
4.100608e-01	-3.190808e-01
4.100864e-01	-3.168798e-01
4.101120e-01	-3.146930e-01
4.101376e-01	-3.123812e-01
4.101632e-01	-3.100775e-01
4.101888e-01	-3.076954e-01
4.102144e-01	-3.051943e-01
4.102400e-01	-3.027828e-01
4.102656e-01	-3.001580e-01
4.102912e-01	-2.975179e-01
4.103168e-01	-2.948853e-01
4.103424e-01	-2.919654e-01
4.103680e-01	-2.891776e-01
4.103936e-01	-2.863353e-01
4.104192e-01	-2.832869e-01
4.104448e-01	-2.802980e-01
4.104704e-01	-2.771157e-01
4.104960e-01	-2.738970e-01
4.105216e-01	-2.708329e-01
4.105472e-01	-2.674837e-01
4.105728e-01	-2.641981e-01
4.105984e-01	-2.607765e-01
4.106240e-01	-2.574015e-01
4.106496e-01	-2.540066e-01
4.106752e-01	-2.503117e-01
4.107008e-01	-2.467310e-01
4.107264e-01	-2.431787e-01
4.107520e-01	-2.394275e-01
4.107776e-01	-2.356925e-01
4.108032e-01	-2.319260e-01
4.108288e-01	-2.280309e-01
4.108544e-01	-2.242487e-01
4.108800e-01	-2.203084e-01
4.109056e-01	-2.162613e-01
4.109312e-01	-2.122312e-01
4.109568e-01	-2.081628e-01
4.109824e-01	-2.042865e-01
4.110080e-01	-1.999456e-01
4.110336e-01	-1.958143e-01
4.110592e-01	-1.915410e-01
4.110848e-01	-1.873131e-01
4.111104e-01	-1.830673e-01
4.111360e-01	-1.786264e-01
4.111616e-01	-1.744611e-01
4.111872e-01	-1.699364e-01
4.112128e-01	-1.656780e-01
4.112384e-01	-1.611241e-01
4.112640e-01	-1.565970e-01
4.112896e-01	-1.522764e-01
4.113152e-01	-1.476254e-01
4.113408e-01	-1.430478e-01
4.113664e-01	-1.384235e-01
4.113920e-01	-1.339492e-01
4.114176e-01	-1.292454e-01
4.114432e-01	-1.246096e-01
4.114688e-01	-1.197910e-01
4.114944e-01	-1.152057e-01
4.115200e-01	-1.104503e-01
4.115456e-01	-1.057290e-01
4.115712e-01	-1.010495e-01
4.115968e-01	-9.627780e-02
4.116224e-01	-9.152793e-02
4.116480e-01	-8.668935e-02
4.116736e-01	-8.200902e-02
4.116992e-01	-7.714327e-02
4.117248e-01	-7.247242e-02
4.117504e-01	-6.760730e-02
4.117760e-01	-6.275608e-02
4.118016e-01	-5.800877e-02
4.118272e-01	-5.309949e-02
4.118528e-01	-4.836482e-02
4.118784e-01	-4.347486e-02
4.119040e-01	-3.885461e-02
4.119296e-01	-3.390492e-02
4.119552e-01	-2.913294e-02
4.119808e-01	-2.430551e-02
4.120064e-01	-1.949796e-02
4.120320e-01	-1.475845e-02
4.120576e-01	-9.937466e-03
4.120832e-01	-5.344214e-03
4.121088e-01	-5.102223e-04
4.121344e-01	4.280763e-03
4.121600e-01	9.060704e-03
4.121856e-01	1.377043e-02
4.122112e-01	1.841460e-02
4.122368e-01	2.304346e-02
4.122624e-01	2.779081e-02
4.122880e-01	3.244291e-02
4.123136e-01	3.695926e-02
4.123392e-01	4.160782e-02
4.123648e-01	4.619795e-02
4.123904e-01	5.070708e-02
4.124160e-01	5.515971e-02
4.124416e-01	5.976287e-02
4.124672e-01	6.410483e-02
4.124928e-01	6.866326e-02
4.125184e-01	7.307507e-02
4.125440e-01	7.733603e-02
4.125696e-01	8.174475e-02
4.125952e-01	8.602123e-02
4.126208e-01	9.030246e-02
4.126464e-01	9.461736e-02
4.126720e-01	9.878727e-02
4.126976e-01	1.029316e-01
4.127232e-01	1.070596e-01
4.127488e-01	1.111114e-01
4.127744e-01	1.149620e-01
4.128000e-01	1.190494e-01
4.128256e-01	1.231727e-01
4.128512e-01	1.268791e-01
4.128768e-01	1.308310e-01
4.129024e-01	1.346630e-01
4.129280e-01	1.382942e-01
4.129536e-01	1.421035e-01
4.129792e-01	1.457212e-01
4.130048e-01	1.494530e-01
4.130304e-01	1.529105e-01
4.130560e-01	1.563874e-01
4.130816e-01	1.599248e-01
4.131072e-01	1.633417e-01
4.131328e-01	1.666183e-01
4.131584e-01	1.699629e-01
4.131840e-01	1.732354e-01
4.132096e-01	1.763953e-01
4.132352e-01	1.794366e-01
4.132608e-01	1.825454e-01
4.132864e-01	1.855892e-01
4.133120e-01	1.884693e-01
4.133376e-01	1.912869e-01
4.133632e-01	1.940701e-01
4.133888e-01	1.968182e-01
4.134144e-01	1.995449e-01
4.134400e-01	2.021808e-01
4.134656e-01	2.047406e-01
4.134912e-01	2.071513e-01
4.135168e-01	2.095921e-01
4.135424e-01	2.119077e-01
4.135680e-01	2.142873e-01
4.135936e-01	2.165084e-01
4.136192e-01	2.187059e-01
4.136448e-01	2.207036e-01
4.136704e-01	2.226796e-01
4.136960e-01	2.246899e-01
4.137216e-01	2.265725e-01
4.137472e-01	2.282919e-01
4.137728e-01	2.300571e-01
4.137984e-01	2.316845e-01
4.138240e-01	2.332832e-01
4.138496e-01	2.347632e-01
4.138752e-01	2.361724e-01
4.139008e-01	2.375976e-01
4.139264e-01	2.388172e-01
4.139520e-01	2.401290e-01
4.139776e-01	2.412860e-01
4.140032e-01	2.422278e-01
4.140288e-01	2.432873e-01
4.140544e-01	2.440627e-01
4.140800e-01	2.449155e-01
4.141056e-01	2.457383e-01
4.141312e-01	2.463572e-01
4.141568e-01	2.468717e-01
4.141824e-01	2.474904e-01
4.142080e-01	2.480695e-01
4.142336e-01	2.484013e-01
4.142592e-01	2.485918e-01
4.142848e-01	2.488499e-01
4.143104e-01	2.489522e-01
4.143360e-01	2.490393e-01
4.143616e-01	2.490777e-01
4.143872e-01	2.488834e-01
4.144128e-01	2.487291e-01
4.144384e-01	2.484733e-01
4.144640e-01	2.480875e-01
4.144896e-01	2.477811e-01
4.145152e-01	2.472064e-01
4.145408e-01	2.466784e-01
4.145664e-01	2.460584e-01
4.145920e-01	2.453469e-01
4.146176e-01	2.444676e-01
4.146432e-01	2.435930e-01
4.146688e-01	2.426417e-01
4.146944e-01	2.417608e-01
4.147200e-01	2.406593e-01
4.147456e-01	2.394058e-01
4.147712e-01	2.383139e-01
4.147968e-01	2.367467e-01
4.148224e-01	2.353864e-01
4.148480e-01	2.341537e-01
4.148736e-01	2.324076e-01
4.148992e-01	2.308552e-01
4.149248e-01	2.291786e-01
4.149504e-01	2.273994e-01
4.149760e-01	2.256091e-01
4.150016e-01	2.236107e-01
4.150272e-01	2.217300e-01
4.150528e-01	2.196775e-01
4.150784e-01	2.174661e-01
4.151040e-01	2.153829e-01
4.151296e-01	2.130984e-01
4.151552e-01	2.107880e-01
4.151808e-01	2.083263e-01
4.152064e-01	2.059560e-01
4.152320e-01	2.034547e-01
4.152576e-01	2.008266e-01
4.152832e-01	1.981532e-01
4.153088e-01	1.954292e-01
4.153344e-01	1.926793e-01
4.153600e-01	1.898119e-01
4.153856e-01	1.868203e-01
4.154112e-01	1.839492e-01
4.154368e-01	1.809030e-01
4.154624e-01	1.778735e-01
4.154880e-01	1.747196e-01
4.155136e-01	1.714244e-01
4.155392e-01	1.682268e-01
4.155648e-01	1.648812e-01
4.155904e-01	1.615052e-01
4.156160e-01	1.580976e-01
4.156416e-01	1.545966e-01
4.156672e-01	1.511417e-01
4.156928e-01	1.474234e-01
4.157184e-01	1.438416e-01
4.157440e-01	1.401828e-01
4.157696e-01	1.364860e-01
4.157952e-01	1.326253e-01
4.158208e-01	1.288976e-01
4.158464e-01	1.249640e-01
4.158720e-01	1.209645e-01
4.158976e-01	1.170740e-01
4.159232e-01	1.130619e-01
4.159488e-01	1.089834e-01
4.159744e-01	1.047584e-01
4.160000e-01	1.006968e-01
4.160256e-01	9.649499e-02
4.160512e-01	9.229200e-02
4.160768e-01	8.819752e-02
4.161024e-01	8.376856e-02
4.161280e-01	7.949886e-02
4.161536e-01	7.518231e-02
4.161792e-01	7.082018e-02
4.162048e-01	6.639279e-02
4.162304e-01	6.194969e-02
4.162560e-01	5.743814e-02
4.162816e-01	5.292360e-02
4.163072e-01	4.832288e-02
4.163328e-01	4.391520e-02
4.163584e-01	3.928546e-02
4.163840e-01	3.462188e-02
4.164096e-01	3.006452e-02
4.164352e-01	2.535874e-02
4.164608e-01	2.075710e-02
4.164864e-01	1.611431e-02
4.165120e-01	1.129609e-02
4.165376e-01	6.659502e-03
4.165632e-01	1.931267e-03
4.165888e-01	-2.727431e-03
4.166144e-01	-7.652841e-03
4.166400e-01	-1.240074e-02
4.166656e-01	-1.707716e-02
4.166912e-01	-2.191957e-02
4.167168e-01	-2.660424e-02
4.167424e-01	-3.156209e-02
4.167680e-01	-3.634017e-02
4.167936e-01	-4.109776e-02
4.168192e-01	-4.594345e-02
4.168448e-01	-5.068980e-02
4.168704e-01	-5.561830e-02
4.168960e-01	-6.036359e-02
4.169216e-01	-6.521115e-02
4.169472e-01	-6.997626e-02
4.169728e-01	-7.484993e-02
4.169984e-01	-7.957938e-02
4.170240e-01	-8.435169e-02
4.170496e-01	-8.911420e-02
4.170752e-01	-9.376288e-02
4.171008e-01	-9.864013e-02
4.171264e-01	-1.033875e-01
4.171520e-01	-1.080195e-01
4.171776e-01	-1.127522e-01
4.172032e-01	-1.174597e-01
4.172288e-01	-1.222115e-01
4.172544e-01	-1.267791e-01
4.172800e-01	-1.315470e-01
4.173056e-01	-1.360398e-01
4.173312e-01	-1.406626e-01
4.173568e-01	-1.453400e-01
4.173824e-01	-1.497450e-01
4.174080e-01	-1.542580e-01
4.174336e-01	-1.587975e-01
4.174592e-01	-1.632666e-01
4.174848e-01	-1.677654e-01
4.175104e-01	-1.720374e-01
4.175360e-01	-1.763519e-01
4.175616e-01	-1.808623e-01
4.175872e-01	-1.851144e-01
4.176128e-01	-1.893524e-01
4.176384e-01	-1.936212e-01
4.176640e-01	-1.977622e-01
4.176896e-01	-2.019713e-01
4.177152e-01	-2.060322e-01
4.177408e-01	-2.101310e-01
4.177664e-01	-2.142224e-01
4.177920e-01	-2.181650e-01
4.178176e-01	-2.220424e-01
4.178432e-01	-2.260682e-01
4.178688e-01	-2.298639e-01
4.178944e-01	-2.337458e-01
4.179200e-01	-2.374169e-01
4.179456e-01	-2.411946e-01
4.179712e-01	-2.448880e-01
4.179968e-01	-2.483572e-01
4.180224e-01	-2.520753e-01
4.180480e-01	-2.555443e-01
4.180736e-01	-2.590192e-01
4.180992e-01	-2.624359e-01
4.181248e-01	-2.657604e-01
4.181504e-01	-2.690456e-01
4.181760e-01	-2.722292e-01
4.182016e-01	-2.753983e-01
4.182272e-01	-2.785679e-01
4.182528e-01	-2.817474e-01
4.182784e-01	-2.846194e-01
4.183040e-01	-2.875768e-01
4.183296e-01	-2.904216e-01
4.183552e-01	-2.932411e-01
4.183808e-01	-2.960130e-01
4.184064e-01	-2.986803e-01
4.184320e-01	-3.012799e-01
4.184576e-01	-3.039277e-01
4.184832e-01	-3.064916e-01
4.185088e-01	-3.087848e-01
4.185344e-01	-3.112443e-01
4.185600e-01	-3.134681e-01
4.185856e-01	-3.156908e-01
4.186112e-01	-3.178613e-01
4.186368e-01	-3.199318e-01
4.186624e-01	-3.219927e-01
4.186880e-01	-3.237295e-01
4.187136e-01	-3.258323e-01
4.187392e-01	-3.275244e-01
4.187648e-01	-3.292531e-01
4.187904e-01	-3.310342e-01
4.188160e-01	-3.324691e-01
4.188416e-01	-3.339557e-01
4.188672e-01	-3.355516e-01
4.188928e-01	-3.368317e-01
4.189184e-01	-3.380562e-01
4.189440e-01	-3.393635e-01
4.189696e-01	-3.404839e-01
4.189952e-01	-3.414686e-01
4.190208e-01	-3.425531e-01
4.190464e-01	-3.434533e-01
4.190720e-01	-3.442050e-01
4.190976e-01	-3.450150e-01
4.191232e-01	-3.455992e-01
4.191488e-01	-3.462835e-01
4.191744e-01	-3.468366e-01
4.192000e-01	-3.472164e-01
4.192256e-01	-3.478346e-01
4.192512e-01	-3.479244e-01
4.192768e-01	-3.481757e-01
4.193024e-01	-3.482871e-01
4.193280e-01	-3.483420e-01
4.193536e-01	-3.483524e-01
4.193792e-01	-3.482434e-01
4.194048e-01	-3.480266e-01
4.194304e-01	-3.477883e-01
4.194560e-01	-3.475592e-01
4.194816e-01	-3.470429e-01
4.195072e-01	-3.466827e-01
4.195328e-01	-3.460853e-01
4.195584e-01	-3.454598e-01
4.195840e-01	-3.447418e-01
4.196096e-01	-3.438853e-01
4.196352e-01	-3.431472e-01
4.196608e-01	-3.422516e-01
4.196864e-01	-3.411746e-01
4.197120e-01	-3.400286e-01
4.197376e-01	-3.389853e-01
4.197632e-01	-3.377032e-01
4.197888e-01	-3.362975e-01
4.198144e-01	-3.349127e-01
4.198400e-01	-3.334983e-01
4.198656e-01	-3.319806e-01
4.198912e-01	-3.303627e-01
4.199168e-01	-3.285995e-01
4.199424e-01	-3.268660e-01
4.199680e-01	-3.250146e-01
4.199936e-01	-3.231051e-01
4.200192e-01	-3.211266e-01
4.200448e-01	-3.193512e-01
4.200704e-01	-3.170384e-01
4.200960e-01	-3.148126e-01
4.201216e-01	-3.126630e-01
4.201472e-01	-3.102609e-01
4.201728e-01	-3.079704e-01
4.201984e-01	-3.053766e-01
4.202240e-01	-3.029988e-01
4.202496e-01	-3.003775e-01
4.202752e-01	-2.976840e-01
4.203008e-01	-2.951667e-01
4.203264e-01	-2.923002e-01
4.203520e-01	-2.893933e-01
4.203776e-01	-2.864447e-01
4.204032e-01	-2.835483e-01
4.204288e-01	-2.805175e-01
4.204544e-01	-2.774237e-01
4.204800e-01	-2.742707e-01
4.205056e-01	-2.711994e-01
4.205312e-01	-2.678133e-01
4.205568e-01	-2.645442e-01
4.205824e-01	-2.611411e-01
4.206080e-01	-2.577188e-01
4.206336e-01	-2.543046e-01
4.206592e-01	-2.506974e-01
4.206848e-01	-2.471143e-01
4.207104e-01	-2.436079e-01
4.207360e-01	-2.397690e-01
4.207616e-01	-2.359753e-01
4.207872e-01	-2.323356e-01
4.208128e-01	-2.284973e-01
4.208384e-01	-2.246036e-01
4.208640e-01	-2.206181e-01
4.208896e-01	-2.167001e-01
4.209152e-01	-2.126327e-01
4.209408e-01	-2.086125e-01
4.209664e-01	-2.044716e-01
4.209920e-01	-2.001882e-01
4.210176e-01	-1.962638e-01
4.210432e-01	-1.919889e-01
4.210688e-01	-1.877435e-01
4.210944e-01	-1.834017e-01
4.211200e-01	-1.791516e-01
4.211456e-01	-1.747716e-01
4.211712e-01	-1.703586e-01
4.211968e-01	-1.659813e-01
4.212224e-01	-1.615297e-01
4.212480e-01	-1.570107e-01
4.212736e-01	-1.525032e-01
4.212992e-01	-1.480449e-01
4.213248e-01	-1.434358e-01
4.213504e-01	-1.388797e-01
4.213760e-01	-1.342866e-01
4.214016e-01	-1.296369e-01
4.214272e-01	-1.250771e-01
4.214528e-01	-1.203502e-01
4.214784e-01	-1.156683e-01
4.215040e-01	-1.110586e-01
4.215296e-01	-1.062858e-01
4.215552e-01	-1.015839e-01
4.215808e-01	-9.671217e-02
4.216064e-01	-9.196819e-02
4.216320e-01	-8.732063e-02
4.216576e-01	-8.241221e-02
4.216832e-01	-7.768574e-02
4.217088e-01	-7.292338e-02
4.217344e-01	-6.815302e-02
4.217600e-01	-6.323927e-02
4.217856e-01	-5.854886e-02
4.218112e-01	-5.368609e-02
4.218368e-01	-4.878616e-02
4.218624e-01	-4.397387e-02
4.218880e-01	-3.919191e-02
4.219136e-01	-3.446057e-02
4.219392e-01	-2.962144e-02
4.219648e-01	-2.482325e-02
4.219904e-01	-1.989252e-02
4.220160e-01	-1.517404e-02
4.220416e-01	-1.041342e-02
4.220672e-01	-5.659008e-03
4.220928e-01	-9.765385e-04
4.221184e-01	3.934398e-03
4.221440e-01	8.452846e-03
4.221696e-01	1.327114e-02
4.221952e-01	1.800195e-02
4.222208e-01	2.262206e-02
4.222464e-01	2.733626e-02
4.222720e-01	3.186279e-02
4.222976e-01	3.660588e-02
4.223232e-01	4.109159e-02
4.223488e-01	4.572494e-02
4.223744e-01	5.035812e-02
4.224000e-01	5.480035e-02
4.224256e-01	5.939366e-02
4.224512e-01	6.369516e-02
4.224768e-01	6.826397e-02
4.225024e-01	7.256094e-02
4.225280e-01	7.701965e-02
4.225536e-01	8.141664e-02
4.225792e-01	8.562975e-02
4.226048e-01	8.989121e-02
4.226304e-01	9.414183e-02
4.226560e-01	9.832586e-02
4.226816e-01	1.024730e-01
4.227072e-01	1.066151e-01
4.227328e-01	1.106395e-01
4.227584e-01	1.148580e-01
4.227840e-01	1.187680e-01
4.228096e-01	1.225886e-01
4.228352e-01	1.266492e-01
4.228608e-01	1.304671e-01
4.228864e-01	1.342518e-01
4.229120e-01	1.380571e-01
4.229376e-01	1.416937e-01
4.229632e-01	1.453867e-01
4.229888e-01	1.490119e-01
4.230144e-01	1.525638e-01
4.230400e-01	1.561770e-01
4.230656e-01	1.595582e-01
4.230912e-01	1.630877e-01
4.231168e-01	1.663165e-01
4.231424e-01	1.697256e-01
4.231680e-01	1.729094e-01
4.231936e-01	1.760713e-01
4.232192e-01	1.793191e-01
4.232448e-01	1.822164e-01
4.232704e-01	1.852355e-01
4.232960e-01	1.881159e-01
4.233216e-01	1.910687e-01
4.233472e-01	1.938306e-01
4.233728e-01	1.966572e-01
4.233984e-01	1.993775e-01
4.234240e-01	2.019334e-01
4.234496e-01	2.045613e-01
4.234752e-01	2.070820e-01
4.235008e-01	2.093949e-01
4.235264e-01	2.118013e-01
4.235520e-01	2.141615e-01
4.235776e-01	2.162226e-01
4.236032e-01	2.185598e-01
4.236288e-01	2.204766e-01
4.236544e-01	2.226867e-01
4.236800e-01	2.244959e-01
4.237056e-01	2.263410e-01
4.237312e-01	2.281882e-01
4.237568e-01	2.298715e-01
4.237824e-01	2.316412e-01
4.238080e-01	2.330337e-01
4.238336e-01	2.347168e-01
4.238592e-01	2.360764e-01
4.238848e-01	2.375183e-01
4.239104e-01	2.387333e-01
4.239360e-01	2.398347e-01
4.239616e-01	2.412542e-01
4.239872e-01	2.421813e-01
4.240128e-01	2.431581e-01
4.240384e-01	2.440388e-01
4.240640e-01	2.448757e-01
4.240896e-01	2.455298e-01
4.241152e-01	2.463574e-01
4.241408e-01	2.469485e-01
4.241664e-01	2.475006e-01
4.241920e-01	2.480123e-01
4.242176e-01	2.483925e-01
4.242432e-01	2.485963e-01
4.242688e-01	2.488277e-01
4.242944e-01	2.488818e-01
4.243200e-01	2.489865e-01
4.243456e-01	2.490877e-01
4.243712e-01	2.488808e-01
4.243968e-01	2.488041e-01
4.244224e-01	2.484476e-01
4.244480e-01	2.481267e-01
4.244736e-01	2.477673e-01
4.244992e-01	2.472907e-01
4.245248e-01	2.468525e-01
4.245504e-01	2.460694e-01
4.245760e-01	2.454157e-01
4.246016e-01	2.446551e-01
4.246272e-01	2.437408e-01
4.246528e-01	2.427791e-01
4.246784e-01	2.418592e-01
4.247040e-01	2.407375e-01
4.247296e-01	2.395385e-01
4.247552e-01	2.382902e-01
4.247808e-01	2.370724e-01
4.248064e-01	2.356361e-01
4.248320e-01	2.342072e-01
4.248576e-01	2.326508e-01
4.248832e-01	2.310929e-01
4.249088e-01	2.294075e-01
4.249344e-01	2.276669e-01
4.249600e-01	2.257565e-01
4.249856e-01	2.238656e-01
4.250112e-01	2.219601e-01
4.250368e-01	2.198265e-01
4.250624e-01	2.178250e-01
4.250880e-01	2.154981e-01
4.251136e-01	2.132964e-01
4.251392e-01	2.110395e-01
4.251648e-01	2.086701e-01
4.251904e-01	2.062958e-01
4.252160e-01	2.035977e-01
4.252416e-01	2.011341e-01
4.252672e-01	1.984603e-01
4.252928e-01	1.957218e-01
4.253184e-01	1.928496e-01
4.253440e-01	1.900912e-01
4.253696e-01	1.872131e-01
4.253952e-01	1.842858e-01
4.254208e-01	1.812152e-01
4.254464e-01	1.781608e-01
4.254720e-01	1.750898e-01
4.254976e-01	1.717757e-01
4.255232e-01	1.685374e-01
4.255488e-01	1.652801e-01
4.255744e-01	1.618889e-01
4.256000e-01	1.584173e-01
4.256256e-01	1.549649e-01
4.256512e-01	1.515577e-01
4.256768e-01	1.477844e-01
4.257024e-01	1.442692e-01
4.257280e-01	1.405039e-01
4.257536e-01	1.367496e-01
4.257792e-01	1.330057e-01
4.258048e-01	1.291388e-01
4.258304e-01	1.253763e-01
4.258560e-01	1.213832e-01
4.258816e-01	1.173751e-01
4.259072e-01	1.134830e-01
4.259328e-01	1.094424e-01
4.259584e-01	1.052589e-01
4.259840e-01	1.010979e-01
4.260096e-01	9.698725e-02
4.260352e-01	9.283309e-02
4.260608e-01	8.849698e-02
4.260864e-01	8.429056e-02
4.261120e-01	7.996359e-02
4.261376e-01	7.567919e-02
4.261632e-01	7.128207e-02
4.261888e-01	6.677891e-02
4.262144e-01	6.251344e-02
4.262400e-01	5.783381e-02
4.262656e-01	5.334252e-02
4.262912e-01	4.884925e-02
4.263168e-01	4.441753e-02
4.263424e-01	3.977417e-02
4.263680e-01	3.508412e-02
4.263936e-01	3.046331e-02
4.264192e-01	2.588216e-02
4.264448e-01	2.123906e-02
4.264704e-01	1.658451e-02
4.264960e-01	1.188242e-02
4.265216e-01	7.011728e-03
4.265472e-01	2.353742e-03
4.265728e-01	-2.387963e-03
4.265984e-01	-7.178129e-03
4.266240e-01	-1.193991e-02
4.266496e-01	-1.674638e-02
4.266752e-01	-2.147686e-02
4.267008e-01	-2.648266e-02
4.267264e-01	-3.113906e-02
4.267520e-01	-3.582796e-02
4.267776e-01	-4.071780e-02
4.268032e-01	-4.535768e-02
4.268288e-01	-5.022060e-02
4.268544e-01	-5.508592e-02
4.268800e-01	-5.995473e-02
4.269056e-01	-6.478078e-02
4.269312e-01	-6.946815e-02
4.269568e-01	-7.435253e-02
4.269824e-01	-7.904903e-02
4.270080e-01	-8.392046e-02
4.270336e-01	-8.861543e-02
4.270592e-01	-9.333634e-02
4.270848e-01	-9.819802e-02
4.271104e-01	-1.029566e-01
4.271360e-01	-1.076913e-01
4.271616e-01	-1.123337e-01
4.271872e-01	-1.170621e-01
4.272128e-01	-1.217539e-01
4.272384e-01	-1.264328e-01
4.272640e-01	-1.310475e-01
4.272896e-01	-1.356244e-01
4.273152e-01	-1.402707e-01
4.273408e-01	-1.447753e-01
4.273664e-01	-1.493670e-01
4.273920e-01	-1.537479e-01
4.274176e-01	-1.584073e-01
4.274432e-01	-1.629038e-01
4.274688e-01	-1.671425e-01
4.274944e-01	-1.716502e-01
4.275200e-01	-1.760165e-01
4.275456e-01	-1.803867e-01
4.275712e-01	-1.846675e-01
4.275968e-01	-1.889863e-01
4.276224e-01	-1.932990e-01
4.276480e-01	-1.973288e-01
4.276736e-01	-2.016807e-01
4.276992e-01	-2.056999e-01
4.277248e-01	-2.098227e-01
4.277504e-01	-2.138614e-01
4.277760e-01	-2.177776e-01
4.278016e-01	-2.217640e-01
4.278272e-01	-2.255843e-01
4.278528e-01	-2.295818e-01
4.278784e-01	-2.334035e-01
4.279040e-01	-2.370743e-01
4.279296e-01	-2.408775e-01
4.279552e-01	-2.445040e-01
4.279808e-01	-2.480494e-01
4.280064e-01	-2.516799e-01
4.280320e-01	-2.552095e-01
4.280576e-01	-2.586822e-01
4.280832e-01	-2.621341e-01
4.281088e-01	-2.654191e-01
4.281344e-01	-2.686932e-01
4.281600e-01	-2.719654e-01
4.281856e-01	-2.752970e-01
4.282112e-01	-2.782688e-01
4.282368e-01	-2.812831e-01
4.282624e-01	-2.843601e-01
4.282880e-01	-2.872340e-01
4.283136e-01	-2.901784e-01
4.283392e-01	-2.930894e-01
4.283648e-01	-2.956939e-01
4.283904e-01	-2.985191e-01
4.284160e-01	-3.011870e-01
4.284416e-01	-3.035890e-01
4.284672e-01	-3.061245e-01
4.284928e-01	-3.086318e-01
4.285184e-01	-3.109450e-01
4.285440e-01	-3.133155e-01
4.285696e-01	-3.155063e-01
4.285952e-01	-3.176108e-01
4.286208e-01	-3.197823e-01
4.286464e-01	-3.216925e-01
4.286720e-01	-3.237621e-01
4.286976e-01	-3.256944e-01
4.287232e-01	-3.273740e-01
4.287488e-01	-3.290736e-01
4.287744e-01	-3.307101e-01
4.288000e-01	-3.324164e-01
4.288256e-01	-3.339259e-01
4.288512e-01	-3.352878e-01
4.288768e-01	-3.366228e-01
4.289024e-01	-3.381574e-01
4.289280e-01	-3.392352e-01
4.289536e-01	-3.404041e-01
4.289792e-01	-3.414883e-01
4.290048e-01	-3.424992e-01
4.290304e-01	-3.433620e-01
4.290560e-01	-3.441026e-01
4.290816e-01	-3.450936e-01
4.291072e-01	-3.456415e-01
4.291328e-01	-3.462808e-01
4.291584e-01	-3.468452e-01
4.291840e-01	-3.472319e-01
4.292096e-01	-3.476693e-01
4.292352e-01	-3.479176e-01
4.292608e-01	-3.482147e-01
4.292864e-01	-3.482652e-01
4.293120e-01	-3.483934e-01
4.293376e-01	-3.484026e-01
4.293632e-01	-3.482789e-01
4.293888e-01	-3.481247e-01
4.294144e-01	-3.478598e-01
4.294400e-01	-3.474711e-01
4.294656e-01	-3.472158e-01
4.294912e-01	-3.466522e-01
4.295168e-01	-3.461935e-01
4.295424e-01	-3.455396e-01
4.295680e-01	-3.448279e-01
4.295936e-01	-3.441293e-01
4.296192e-01	-3.431756e-01
4.296448e-01	-3.423046e-01
4.296704e-01	-3.411998e-01
4.296960e-01	-3.401270e-01
4.297216e-01	-3.390301e-01
4.297472e-01	-3.377298e-01
4.297728e-01	-3.364599e-01
4.297984e-01	-3.351357e-01
4.298240e-01	-3.336745e-01
4.298496e-01	-3.320800e-01
4.298752e-01	-3.303517e-01
4.299008e-01	-3.288296e-01
4.299264e-01	-3.270949e-01
4.299520e-01	-3.251937e-01
4.299776e-01	-3.234488e-01
4.300032e-01	-3.213620e-01
4.300288e-01	-3.193270e-01
4.300544e-01	-3.172236e-01
4.300800e-01	-3.151314e-01
4.301056e-01	-3.128221e-01
4.301312e-01	-3.104922e-01
4.301568e-01	-3.081314e-01
4.301824e-01	-3.056986e-01
4.302080e-01	-3.031991e-01
4.302336e-01	-3.006413e-01
4.302592e-01	-2.980325e-01
4.302848e-01	-2.952216e-01
4.303104e-01	-2.925613e-01
4.303360e-01	-2.897449e-01
4.303616e-01	-2.867222e-01
4.303872e-01	-2.838040e-01
4.304128e-01	-2.807736e-01
4.304384e-01	-2.777835e-01
4.304640e-01	-2.746034e-01
4.304896e-01	-2.715021e-01
4.305152e-01	-2.682239e-01
4.305408e-01	-2.648359e-01
4.305664e-01	-2.613952e-01
4.305920e-01	-2.581452e-01
4.306176e-01	-2.546676e-01
4.306432e-01	-2.510131e-01
4.306688e-01	-2.474511e-01
4.306944e-01	-2.438625e-01
4.307200e-01	-2.401302e-01
4.307456e-01	-2.364141e-01
4.307712e-01	-2.326814e-01
4.307968e-01	-2.288965e-01
4.308224e-01	-2.249592e-01
4.308480e-01	-2.210755e-01
4.308736e-01	-2.169977e-01
4.308992e-01	-2.130457e-01
4.309248e-01	-2.090062e-01
4.309504e-01	-2.048432e-01
4.309760e-01	-2.007735e-01
4.310016e-01	-1.965593e-01
4.310272e-01	-1.925019e-01
4.310528e-01	-1.881807e-01
4.310784e-01	-1.839004e-01
4.311040e-01	-1.795814e-01
4.311296e-01	-1.751887e-01
4.311552e-01	-1.708769e-01
4.311808e-01	-1.664288e-01
4.312064e-01	-1.620101e-01
4.312320e-01	-1.573770e-01
4.312576e-01	-1.530977e-01
4.312832e-01	-1.485259e-01
4.313088e-01	-1.438563e-01
4.313344e-01	-1.392906e-01
4.313600e-01	-1.346736e-01
4.313856e-01	-1.300925e-01
4.314112e-01	-1.254114e-01
4.314368e-01	-1.208249e-01
4.314624e-01	-1.161234e-01
4.314880e-01	-1.113890e-01
4.315136e-01	-1.067823e-01
4.315392e-01	-1.018491e-01
4.315648e-01	-9.720444e-02
4.315904e-01	-9.249426e-02
4.316160e-01	-8.763941e-02
4.316416e-01	-8.291954e-02
4.316672e-01	-7.817654e-02
4.316928e-01	-7.329725e-02
4.317184e-01	-6.853715e-02
4.317440e-01	-6.371041e-02
4.317696e-01	-5.893584e-02
4.317952e-01	-5.415896e-02
4.318208e-01	-4.924006e-02
4.318464e-01	-4.448536e-02
4.318720e-01	-3.973210e-02
4.318976e-01	-3.484962e-02
4.319232e-01	-2.999174e-02
4.319488e-01	-2.521004e-02
4.319744e-01	-2.049518e-02
4.320000e-01	-1.565883e-02
4.320256e-01	-1.092834e-02
4.320512e-01	-6.058859e-03
4.320768e-01	-1.474861e-03
4.321024e-01	3.223745e-03
4.321280e-01	8.108481e-03
4.321536e-01	1.268914e-02
4.321792e-01	1.738547e-02
4.322048e-01	2.215907e-02
4.322304e-01	2.678412e-02
4.322560e-01	3.143389e-02
4.322816e-01	3.609658e-02
4.323072e-01	4.074229e-02
4.323328e-01	4.526239e-02
4.323584e-01	4.987074e-02
4.323840e-01	5.431259e-02
4.324096e-01	5.879896e-02
4.324352e-01	6.338657e-02
4.324608e-01	6.768535e-02
4.324864e-01	7.206117e-02
4.325120e-01	7.660877e-02
4.325376e-01	8.085463e-02
4.325632e-01	8.520476e-02
4.325888e-01	8.956264e-02
4.326144e-01	9.373619e-02
4.326400e-01	9.784904e-02
4.326656e-01	1.020274e-01
4.326912e-01	1.062446e-01
4.327168e-01	1.103770e-01
4.327424e-01	1.143316e-01
4.327680e-01	1.183648e-01
4.327936e-01	1.222835e-01
4.328192e-01	1.261730e-01
4.328448e-01	1.301309e-01
4.328704e-01	1.339066e-01
4.328960e-01	1.376440e-01
4.329216e-01	1.413992e-01
4.329472e-01	1.449649e-01
4.329728e-01	1.486605e-01
4.329984e-01	1.522557e-01
4.330240e-01	1.557214e-01
4.330496e-01	1.591622e-01
4.330752e-01	1.625978e-01
4.331008e-01	1.659894e-01
4.331264e-01	1.691862e-01
4.331520e-01	1.724514e-01
4.331776e-01	1.758004e-01
4.332032e-01	1.787863e-01
4.332288e-01	1.819819e-01
4.332544e-01	1.849404e-01
4.332800e-01	1.878012e-01
4.333056e-01	1.907747e-01
4.333312e-01	1.936405e-01
4.333568e-01	1.962719e-01
4.333824e-01	1.990271e-01
4.334080e-01	2.017347e-01
4.334336e-01	2.042509e-01
4.334592e-01	2.067522e-01
4.334848e-01	2.091517e-01
4.335104e-01	2.114625e-01
4.335360e-01	2.139188e-01
4.335616e-01	2.161125e-01
4.335872e-01	2.183007e-01
4.336128e-01	2.203618e-01
4.336384e-01	2.223752e-01
4.336640e-01	2.243327e-01
4.336896e-01	2.261383e-01
4.337152e-01	2.279903e-01
4.337408e-01	2.297864e-01
4.337664e-01	2.313482e-01
4.337920e-01	2.328801e-01
4.338176e-01	2.345130e-01
4.338432e-01	2.358690e-01
4.338688e-01	2.372277e-01
4.338944e-01	2.387110e-01
4.339200e-01	2.397930e-01
4.339456e-01	2.409132e-01
4.339712e-01	2.419704e-01
4.339968e-01	2.429778e-01
4.340224e-01	2.439092e-01
4.340480e-01	2.446921e-01
4.340736e-01	2.454985e-01
4.340992e-01	2.463779e-01
4.341248e-01	2.469533e-01
4.341504e-01	2.473487e-01
4.341760e-01	2.479105e-01
4.342016e-01	2.482931e-01
4.342272e-01	2.484677e-01
4.342528e-01	2.487741e-01
4.342784e-01	2.489452e-01
4.343040e-01	2.489594e-01
4.343296e-01	2.489637e-01
4.343552e-01	2.489315e-01
4.343808e-01	2.487617e-01
4.344064e-01	2.484833e-01
4.344320e-01	2.482449e-01
4.344576e-01	2.478732e-01
4.344832e-01	2.473642e-01
4.345088e-01	2.468805e-01
4.345344e-01	2.461797e-01
4.345600e-01	2.454650e-01
4.345856e-01	2.447005e-01
4.346112e-01	2.439402e-01
4.346368e-01	2.429397e-01
4.346624e-01	2.418129e-01
4.346880e-01	2.408322e-01
4.347136e-01	2.397902e-01
4.347392e-01	2.384404e-01
4.347648e-01	2.371245e-01
4.347904e-01	2.356995e-01
4.348160e-01	2.342896e-01
4.348416e-01	2.328644e-01
4.348672e-01	2.311663e-01
4.348928e-01	2.295087e-01
4.349184e-01	2.277322e-01
4.349440e-01	2.260025e-01
4.349696e-01	2.240937e-01
4.349952e-01	2.220533e-01
4.350208e-01	2.201862e-01
4.350464e-01	2.178780e-01
4.350720e-01	2.157711e-01
4.350976e-01	2.135337e-01
4.351232e-01	2.113075e-01
4.351488e-01	2.088733e-01
4.351744e-01	2.064337e-01
4.352000e-01	2.039551e-01
4.352256e-01	2.013139e-01
4.352512e-01	1.986442e-01
4.352768e-01	1.959391e-01
4.353024e-01	1.932257e-01
4.353280e-01	1.903800e-01
4.353536e-01	1.875152e-01
4.353792e-01	1.845309e-01
4.354048e-01	1.815548e-01
4.354304e-01	1.784236e-01
4.354560e-01	1.752965e-01
4.354816e-01	1.721432e-01
4.355072e-01	1.689042e-01
4.355328e-01	1.655983e-01
4.355584e-01	1.621727e-01
4.355840e-01	1.587480e-01
4.356096e-01	1.552670e-01
4.356352e-01	1.518753e-01
4.356608e-01	1.481575e-01
4.356864e-01	1.446253e-01
4.357120e-01	1.407876e-01
4.357376e-01	1.371486e-01
4.357632e-01	1.333419e-01
4.357888e-01	1.294505e-01
4.358144e-01	1.257910e-01
4.358400e-01	1.216903e-01
4.358656e-01	1.178256e-01
4.358912e-01	1.138554e-01
4.359168e-01	1.098032e-01
4.359424e-01	1.057265e-01
4.359680e-01	1.014879e-01
4.359936e-01	9.744113e-02
4.360192e-01	9.324457e-02
4.360448e-01	8.904789e-02
4.360704e-01	8.468881e-02
4.360960e-01	8.035108e-02
4.361216e-01	7.603198e-02
4.361472e-01	7.153394e-02
4.361728e-01	6.720133e-02
4.361984e-01	6.282762e-02
4.362240e-01	5.825984e-02
4.362496e-01	5.390142e-02
4.362752e-01	4.921127e-02
4.363008e-01	4.473865e-02
4.363264e-01	4.013815e-02
4.363520e-01	3.553082e-02
4.363776e-01	3.095507e-02
4.364032e-01	2.626931e-02
4.364288e-01	2.167374e-02
4.364544e-01	1.689577e-02
4.364800e-01	1.226419e-02
4.365056e-01	7.617826e-03
4.365312e-01	2.752452e-03
4.365568e-01	-1.863888e-03
4.365824e-01	-6.719636e-03
4.366080e-01	-1.140608e-02
4.366336e-01	-1.620750e-02
4.366592e-01	-2.096684e-02
4.366848e-01	-2.574930e-02
4.367104e-01	-3.062285e-02
4.367360e-01	-3.537636e-02
4.367616e-01	-4.022983e-02
4.367872e-01	-4.499872e-02
4.368128e-01	-4.989177e-02
4.368384e-01	-5.461750e-02
4.368640e-01	-5.949785e-02
4.368896e-01	-6.430393e-02
4.369152e-01	-6.895576e-02
4.369408e-01	-7.397185e-02
4.369664e-01	-7.862103e-02
4.369920e-01	-8.329578e-02
4.370176e-01	-8.824557e-02
4.370432e-01	-9.295660e-02
4.370688e-01	-9.759454e-02
4.370944e-01	-1.024961e-01
4.371200e-01	-1.071377e-01
4.371456e-01	-1.118900e-01
4.371712e-01	-1.166063e-01
4.371968e-01	-1.212596e-01
4.372224e-01	-1.259917e-01
4.372480e-01	-1.305881e-01
4.372736e-01	-1.351612e-01
4.372992e-01	-1.398144e-01
4.373248e-01	-1.443026e-01
4.373504e-01	-1.489043e-01
4.373760e-01	-1.534780e-01
4.374016e-01	-1.579621e-01
4.374272e-01	-1.624402e-01
4.374528e-01	-1.668414e-01
4.374784e-01	-1.712853e-01
4.375040e-01	-1.755800e-01
4.375296e-01	-1.799584e-01
4.375552e-01	-1.842939e-01
4.375808e-01	-1.884719e-01
4.376064e-01	-1.928247e-01
4.376320e-01	-1.970116e-01
4.376576e-01	-2.012035e-01
4.376832e-01	-2.051934e-01
4.377088e-01	-2.093741e-01
4.377344e-01	-2.134403e-01
4.377600e-01	-2.174153e-01
4.377856e-01	-2.213479e-01
4.378112e-01	-2.253403e-01
4.378368e-01	-2.291007e-01
4.378624e-01	-2.329715e-01
4.378880e-01	-2.368403e-01
4.379136e-01	-2.404475e-01
4.379392e-01	-2.441671e-01
4.379648e-01	-2.477479e-01
4.379904e-01	-2.513826e-01
4.380160e-01	-2.549016e-01
4.380416e-01	-2.583553e-01
4.380672e-01	-2.618554e-01
4.380928e-01	-2.651832e-01
4.381184e-01	-2.683932e-01
4.381440e-01	-2.717287e-01
4.381696e-01	-2.748901e-01
4.381952e-01	-2.779397e-01
4.382208e-01	-2.811262e-01
4.382464e-01	-2.840352e-01
4.382720e-01	-2.870186e-01
4.382976e-01	-2.898945e-01
4.383232e-01	-2.927114e-01
4.383488e-01	-2.955120e-01
4.383744e-01	-2.981946e-01
4.384000e-01	-3.008797e-01
4.384256e-01	-3.034663e-01
4.384512e-01	-3.058576e-01
4.384768e-01	-3.083364e-01
4.385024e-01	-3.107809e-01
4.385280e-01	-3.130867e-01
4.385536e-01	-3.152587e-01
4.385792e-01	-3.174661e-01
4.386048e-01	-3.196392e-01
4.386304e-01	-3.215493e-01
4.386560e-01	-3.235003e-01
4.386816e-01	-3.254497e-01
4.387072e-01	-3.272318e-01
4.387328e-01	-3.290197e-01
4.387584e-01	-3.306080e-01
4.387840e-01	-3.323307e-01
4.388096e-01	-3.337817e-01
4.388352e-01	-3.352146e-01
4.388608e-01	-3.366310e-01
4.388864e-01	-3.378508e-01
4.389120e-01	-3.391792e-01
4.389376e-01	-3.402258e-01
4.389632e-01	-3.413647e-01
4.389888e-01	-3.423176e-01
4.390144e-01	-3.432844e-01
4.390400e-01	-3.441989e-01
4.390656e-01	-3.448397e-01
4.390912e-01	-3.456736e-01
4.391168e-01	-3.461772e-01
4.391424e-01	-3.468283e-01
4.391680e-01	-3.471645e-01
4.391936e-01	-3.476304e-01
4.392192e-01	-3.479959e-01
4.392448e-01	-3.481271e-01
4.392704e-01	-3.483252e-01
4.392960e-01	-3.483852e-01
4.393216e-01	-3.484184e-01
4.393472e-01	-3.482262e-01
4.393728e-01	-3.482585e-01
4.393984e-01	-3.479836e-01
4.394240e-01	-3.476259e-01
4.394496e-01	-3.472997e-01
4.394752e-01	-3.467136e-01
4.395008e-01	-3.462172e-01
4.395264e-01	-3.456222e-01
4.395520e-01	-3.449856e-01
4.395776e-01	-3.441119e-01
4.396032e-01	-3.432678e-01
4.396288e-01	-3.423104e-01
4.396544e-01	-3.413198e-01
4.396800e-01	-3.402903e-01
4.397056e-01	-3.392032e-01
4.397312e-01	-3.378535e-01
4.397568e-01	-3.365621e-01
4.397824e-01	-3.352299e-01
4.398080e-01	-3.337560e-01
4.398336e-01	-3.322918e-01
4.398592e-01	-3.306351e-01
4.398848e-01	-3.289064e-01
4.399104e-01	-3.272967e-01
4.399360e-01	-3.254586e-01
4.399616e-01	-3.234983e-01
4.399872e-01	-3.216746e-01
4.400128e-01	-3.196327e-01
4.400384e-01	-3.174909e-01
4.400640e-01	-3.153098e-01
4.400896e-01	-3.130039e-01
4.401152e-01	-3.108227e-01
4.401408e-01	-3.082842e-01
4.401664e-01	-3.059564e-01
4.401920e-01	-3.034796e-01
4.402176e-01	-3.008662e-01
4.402432e-01	-2.982892e-01
4.402688e-01	-2.955088e-01
4.402944e-01	-2.929308e-01
4.403200e-01	-2.899376e-01
4.403456e-01	-2.870509e-01
4.403712e-01	-2.841569e-01
4.403968e-01	-2.810434e-01
4.404224e-01	-2.781496e-01
4.404480e-01	-2.748683e-01
4.404736e-01	-2.718012e-01
4.404992e-01	-2.685453e-01
4.405248e-01	-2.651616e-01
4.405504e-01	-2.618021e-01
4.405760e-01	-2.583712e-01
4.406016e-01	-2.549190e-01
4.406272e-01	-2.514166e-01
4.406528e-01	-2.478311e-01
4.406784e-01	-2.441473e-01
4.407040e-01	-2.404196e-01
4.407296e-01	-2.367608e-01
4.407552e-01	-2.330185e-01
4.407808e-01	-2.292075e-01
4.408064e-01	-2.252170e-01
4.408320e-01	-2.213402e-01
4.408576e-01	-2.173857e-01
4.408832e-01	-2.133774e-01
4.409088e-01	-2.094479e-01
4.409344e-01	-2.053116e-01
4.409600e-01	-2.011108e-01
4.409856e-01	-1.969793e-01
4.410112e-01	-1.928131e-01
4.410368e-01	-1.885847e-01
4.410624e-01	-1.842986e-01
4.410880e-01	-1.799090e-01
4.411136e-01	-1.756811e-01
4.411392e-01	-1.713191e-01
4.411648e-01	-1.667020e-01
4.411904e-01	-1.624495e-01
4.412160e-01	-1.579545e-01
4.412416e-01	-1.533956e-01
4.412672e-01	-1.488204e-01
4.412928e-01	-1.443106e-01
4.413184e-01	-1.396851e-01
4.413440e-01	-1.351829e-01
4.413696e-01	-1.305232e-01
4.413952e-01	-1.258008e-01
4.414208e-01	-1.212248e-01
4.414464e-01	-1.165426e-01
4.414720e-01	-1.118760e-01
4.414976e-01	-1.071461e-01
4.415232e-01	-1.025540e-01
4.415488e-01	-9.769823e-02
4.415744e-01	-9.283403e-02
4.416000e-01	-8.822575e-02
4.416256e-01	-8.338727e-02
4.416512e-01	-7.871560e-02
4.416768e-01	-7.383562e-02
4.417024e-01	-6.903885e-02
4.417280e-01	-6.413049e-02
4.417536e-01	-5.930198e-02
4.417792e-01	-5.462510e-02
4.418048e-01	-4.980738e-02
4.418304e-01	-4.499774e-02
4.418560e-01	-4.010910e-02
4.418816e-01	-3.534058e-02
4.419072e-01	-3.058312e-02
4.419328e-01	-2.577269e-02
4.419584e-01	-2.091791e-02
4.419840e-01	-1.613915e-02
4.420096e-01	-1.136503e-02
4.420352e-01	-6.480094e-03
4.420608e-01	-1.890398e-03
4.420864e-01	2.865283e-03
4.421120e-01	7.616187e-03
4.421376e-01	1.234648e-02
4.421632e-01	1.702816e-02
4.421888e-01	2.159911e-02
4.422144e-01	2.640009e-02
4.422400e-01	3.107866e-02
4.422656e-01	3.555366e-02
4.422912e-01	4.027506e-02
4.423168e-01	4.478306e-02
4.423424e-01	4.940620e-02
4.423680e-01	5.397188e-02
4.423936e-01	5.832205e-02
4.424192e-01	6.276245e-02
4.424448e-01	6.734837e-02
4.424704e-01	7.170174e-02
4.424960e-01	7.609528e-02
4.425216e-01	8.053084e-02
4.425472e-01	8.471429e-02
4.425728e-01	8.894356e-02
4.425984e-01	9.325129e-02
4.426240e-01	9.747798e-02
4.426496e-01	1.016996e-01
4.426752e-01	1.058431e-01
4.427008e-01	1.098072e-01
4.427264e-01	1.138787e-01
4.427520e-01	1.179629e-01
4.427776e-01	1.218781e-01
4.428032e-01	1.258452e-01
4.428288e-01	1.297184e-01
4.428544e-01	1.334673e-01
4.428800e-01	1.373276e-01
4.429056e-01	1.410517e-01
4.429312e-01	1.446684e-01
4.429568e-01	1.483508e-01
4.429824e-01	1.519029e-01
4.430080e-01	1.554751e-01
4.430336e-01	1.588975e-01
4.430592e-01	1.624096e-01
4.430848e-01	1.657390e-01
4.431104e-01	1.690213e-01
4.431360e-01	1.722127e-01
4.431616e-01	1.754620e-01
4.431872e-01	1.785698e-01
4.432128e-01	1.816656e-01
4.432384e-01	1.846911e-01
4.432640e-01	1.876102e-01
4.432896e-01	1.905241e-01
4.433152e-01	1.933489e-01
4.433408e-01	1.961398e-01
4.433664e-01	1.989212e-01
4.433920e-01	2.014097e-01
4.434176e-01	2.040070e-01
4.434432e-01	2.064614e-01
4.434688e-01	2.088786e-01
4.434944e-01	2.113765e-01
4.435200e-01	2.135742e-01
4.435456e-01	2.159009e-01
4.435712e-01	2.180841e-01
4.435968e-01	2.201584e-01
4.436224e-01	2.221988e-01
4.436480e-01	2.240506e-01
4.436736e-01	2.260067e-01
4.436992e-01	2.277402e-01
4.437248e-01	2.294911e-01
4.437504e-01	2.311995e-01
4.437760e-01	2.328209e-01
4.438016e-01	2.343169e-01
4.438272e-01	2.358194e-01
4.438528e-01	2.371701e-01
4.438784e-01	2.385404e-01
4.439040e-01	2.397305e-01
4.439296e-01	2.407827e-01
4.439552e-01	2.419399e-01
4.439808e-01	2.428492e-01
4.440064e-01	2.438488e-01
4.440320e-01	2.446947e-01
4.440576e-01	2.455075e-01
4.440832e-01	2.462028e-01
4.441088e-01	2.467265e-01
4.441344e-01	2.473923e-01
4.441600e-01	2.477881e-01
4.441856e-01	2.482529e-01
4.442112e-01	2.484296e-01
4.442368e-01	2.486588e-01
4.442624e-01	2.489780e-01
4.442880e-01	2.490544e-01
4.443136e-01	2.490496e-01
4.443392e-01	2.488596e-01
4.443648e-01	2.488114e-01
4.443904e-01	2.485771e-01
4.444160e-01	2.481086e-01
4.444416e-01	2.478376e-01
4.444672e-01	2.473590e-01
4.444928e-01	2.469715e-01
4.445184e-01	2.462335e-01
4.445440e-01	2.455057e-01
4.445696e-01	2.448395e-01
4.445952e-01	2.438881e-01
4.446208e-01	2.428884e-01
4.446464e-01	2.419742e-01
4.446720e-01	2.409430e-01
4.446976e-01	2.397644e-01
4.447232e-01	2.386010e-01
4.447488e-01	2.372208e-01
4.447744e-01	2.357849e-01
4.448000e-01	2.344689e-01
4.448256e-01	2.328739e-01
4.448512e-01	2.312226e-01
4.448768e-01	2.296266e-01
4.449024e-01	2.279100e-01
4.449280e-01	2.260539e-01
4.449536e-01	2.241999e-01
4.449792e-01	2.222374e-01
4.450048e-01	2.202602e-01
4.450304e-01	2.180804e-01
4.450560e-01	2.158677e-01
4.450816e-01	2.136712e-01
4.451072e-01	2.114767e-01
4.451328e-01	2.090708e-01
4.451584e-01	2.066392e-01
4.451840e-01	2.041796e-01
4.452096e-01	2.016021e-01
4.452352e-01	1.989597e-01
4.452608e-01	1.962021e-01
4.452864e-01	1.935731e-01
4.453120e-01	1.906407e-01
4.453376e-01	1.877428e-01
4.453632e-01	1.848712e-01
4.453888e-01	1.817455e-01
4.454144e-01	1.788160e-01
4.454400e-01	1.755690e-01
4.454656e-01	1.723981e-01
4.454912e-01	1.692520e-01
4.455168e-01	1.658740e-01
4.455424e-01	1.624606e-01
4.455680e-01	1.591327e-01
4.455936e-01	1.556250e-01
4.456192e-01	1.520915e-01
4.456448e-01	1.485904e-01
4.456704e-01	1.450384e-01
4.456960e-01	1.411863e-01
4.457216e-01	1.375550e-01
4.457472e-01	1.338214e-01
4.457728e-01	1.298757e-01
4.457984e-01	1.261093e-01
4.458240e-01	1.220652e-01
4.458496e-01	1.182207e-01
4.458752e-01	1.141714e-01
4.459008e-01	1.101475e-01
4.459264e-01	1.061967e-01
4.459520e-01	1.018626e-01
4.459776e-01	9.780321e-02
4.460032e-01	9.352686e-02
4.460288e-01	8.940360e-02
4.460544e-01	8.510225e-02
4.460800e-01	8.072793e-02
4.461056e-01	7.637328e-02
4.461312e-01	7.194032e-02
4.461568e-01	6.757154e-02
4.461824e-01	6.325410e-02
4.462080e-01	5.871602e-02
4.462336e-01	5.428849e-02
4.462592e-01	4.978760e-02
4.462848e-01	4.502331e-02
4.463104e-01	4.055673e-02
4.463360e-01	3.604915e-02
4.463616e-01	3.128096e-02
4.463872e-01	2.662789e-02
4.464128e-01	2.203453e-02
4.464384e-01	1.742599e-02
4.464640e-01	1.268879e-02
4.464896e-01	7.949593e-03
4.465152e-01	3.276891e-03
4.465408e-01	-1.460106e-03
4.465664e-01	-6.283680e-03
4.465920e-01	-1.107291e-02
4.466176e-01	-1.586542e-02
4.466432e-01	-2.051622e-02
4.466688e-01	-2.529414e-02
4.466944e-01	-3.010470e-02
4.467200e-01	-3.499490e-02
4.467456e-01	-3.972819e-02
4.467712e-01	-4.464543e-02
4.467968e-01	-4.944168e-02
4.468224e-01	-5.414277e-02
4.468480e-01	-5.902002e-02
4.468736e-01	-6.379813e-02
4.468992e-01	-6.870445e-02
4.469248e-01	-7.346036e-02
4.469504e-01	-7.819153e-02
4.469760e-01	-8.300495e-02
4.470016e-01	-8.780372e-02
4.470272e-01	-9.260958e-02
4.470528e-01	-9.721316e-02
4.470784e-01	-1.020195e-01
4.471040e-01	-1.067599e-01
4.471296e-01	-1.115275e-01
4.471552e-01	-1.161356e-01
4.471808e-01	-1.207340e-01
4.472064e-01	-1.255116e-01
4.472320e-01	-1.301477e-01
4.472576e-01	-1.346877e-01
4.472832e-01	-1.393918e-01
4.473088e-01	-1.439184e-01
4.473344e-01	-1.484797e-01
4.473600e-01	-1.530075e-01
4.473856e-01	-1.575565e-01
4.474112e-01	-1.620538e-01
4.474368e-01	-1.663291e-01
4.474624e-01	-1.708113e-01
4.474880e-01	-1.752395e-01
4.475136e-01	-1.795446e-01
4.475392e-01	-1.838029e-01
4.475648e-01	-1.881934e-01
4.475904e-01	-1.923988e-01
4.476160e-01	-1.965766e-01
4.476416e-01	-2.007885e-01
4.476672e-01	-2.048749e-01
4.476928e-01	-2.090973e-01
4.477184e-01	-2.130062e-01
4.477440e-01	-2.171027e-01
4.477696e-01	-2.210196e-01
4.477952e-01	-2.249875e-01
4.478208e-01	-2.287748e-01
4.478464e-01	-2.326517e-01
4.478720e-01	-2.364077e-01
4.478976e-01	-2.401616e-01
4.479232e-01	-2.437730e-01
4.479488e-01	-2.474568e-01
4.479744e-01	-2.510792e-01
4.480000e-01	-2.545011e-01
4.480256e-01	-2.581194e-01
4.480512e-01	-2.614370e-01
4.480768e-01	-2.647867e-01
4.481024e-01	-2.682016e-01
4.481280e-01	-2.713843e-01
4.481536e-01	-2.745592e-01
4.481792e-01	-2.777558e-01
4.482048e-01	-2.808324e-01
4.482304e-01	-2.838080e-01
4.482560e-01	-2.868730e-01
4.482816e-01	-2.895915e-01
4.483072e-01	-2.924296e-01
4.483328e-01	-2.953186e-01
4.483584e-01	-2.979274e-01
4.483840e-01	-3.006075e-01
4.484096e-01	-3.031728e-01
4.484352e-01	-3.056704e-01
4.484608e-01	-3.081532e-01
4.484864e-01	-3.104460e-01
4.485120e-01	-3.127276e-01
4.485376e-01	-3.150712e-01
4.485632e-01	-3.172030e-01
4.485888e-01	-3.193318e-01
4.486144e-01	-3.214131e-01
4.486400e-01	-3.233704e-01
4.486656e-01	-3.252629e-01
4.486912e-01	-3.270170e-01
4.487168e-01	-3.288313e-01
4.487424e-01	-3.304744e-01
4.487680e-01	-3.321273e-01
4.487936e-01	-3.335668e-01
4.488192e-01	-3.350720e-01
4.488448e-01	-3.364795e-01
4.488704e-01	-3.377360e-01
4.488960e-01	-3.389972e-01
4.489216e-01	-3.401300e-01
4.489472e-01	-3.412359e-01
4.489728e-01	-3.422653e-01
4.489984e-01	-3.431699e-01
4.490240e-01	-3.440445e-01
4.490496e-01	-3.448983e-01
4.490752e-01	-3.455102e-01
4.491008e-01	-3.461522e-01
4.491264e-01	-3.467438e-01
4.491520e-01	-3.471460e-01
4.491776e-01	-3.476024e-01
4.492032e-01	-3.478511e-01
4.492288e-01	-3.481047e-01
4.492544e-01	-3.482958e-01
4.492800e-01	-3.483916e-01
4.493056e-01	-3.483502e-01
4.493312e-01	-3.483182e-01
4.493568e-01	-3.481541e-01
4.493824e-01	-3.479801e-01
4.494080e-01	-3.476017e-01
4.494336e-01	-3.471575e-01
4.494592e-01	-3.467394e-01
4.494848e-01	-3.463038e-01
4.495104e-01	-3.456159e-01
4.495360e-01	-3.450185e-01
4.495616e-01	-3.442504e-01
4.495872e-01	-3.432738e-01
4.496128e-01	-3.424929e-01
4.496384e-01	-3.414653e-01
4.496640e-01	-3.403811e-01
4.496896e-01	-3.392238e-01
4.497152e-01	-3.380125e-01
4.497408e-01	-3.367974e-01
4.497664e-01	-3.351856e-01
4.497920e-01	-3.339333e-01
4.498176e-01	-3.324475e-01
4.498432e-01	-3.307590e-01
4.498688e-01	-3.291723e-01
4.498944e-01	-3.273290e-01
4.499200e-01	-3.256908e-01
4.499456e-01	-3.237730e-01
4.499712e-01	-3.217806e-01
4.499968e-01	-3.197672e-01
4.500224e-01	-3.176315e-01
4.500480e-01	-3.156077e-01
4.500736e-01	-3.132876e-01
4.500992e-01	-3.110265e-01
4.501248e-01	-3.085614e-01
4.501504e-01	-3.061218e-01
4.501760e-01	-3.036343e-01
4.502016e-01	-3.011228e-01
4.502272e-01	-2.985507e-01
4.502528e-01	-2.958612e-01
4.502784e-01	-2.930222e-01
4.503040e-01	-2.902058e-01
4.503296e-01	-2.873511e-01
4.503552e-01	-2.844347e-01
4.503808e-01	-2.814431e-01
4.504064e-01	-2.783103e-01
4.504320e-01	-2.752547e-01
4.504576e-01	-2.718945e-01
4.504832e-01	-2.687573e-01
4.505088e-01	-2.656088e-01
4.505344e-01	-2.621040e-01
4.505600e-01	-2.587080e-01
4.505856e-01	-2.552107e-01
4.506112e-01	-2.517971e-01
4.506368e-01	-2.481223e-01
4.506624e-01	-2.444941e-01
4.506880e-01	-2.408568e-01
4.507136e-01	-2.371655e-01
4.507392e-01	-2.333590e-01
4.507648e-01	-2.295550e-01
4.507904e-01	-2.257039e-01
4.508160e-01	-2.217808e-01
4.508416e-01	-2.177813e-01
4.508672e-01	-2.137969e-01
4.508928e-01	-2.098226e-01
4.509184e-01	-2.056511e-01
4.509440e-01	-2.015567e-01
4.509696e-01	-1.974214e-01
4.509952e-01	-1.931716e-01
4.510208e-01	-1.889101e-01
4.510464e-01	-1.846264e-01
4.510720e-01	-1.804722e-01
4.510976e-01	-1.761061e-01
4.511232e-01	-1.717761e-01
4.511488e-01	-1.672107e-01
4.511744e-01	-1.628983e-01
4.512000e-01	-1.583959e-01
4.512256e-01	-1.538760e-01
4.512512e-01	-1.493741e-01
4.512768e-01	-1.447816e-01
4.513024e-01	-1.402768e-01
4.513280e-01	-1.355943e-01
4.513536e-01	-1.310207e-01
4.513792e-01	-1.263212e-01
4.514048e-01	-1.215976e-01
4.514304e-01	-1.170043e-01
4.514560e-01	-1.123412e-01
4.514816e-01	-1.075910e-01
4.515072e-01	-1.028286e-01
4.515328e-01	-9.811482e-02
4.515584e-01	-9.335366e-02
4.515840e-01	-8.864007e-02
4.516096e-01	-8.382656e-02
4.516352e-01	-7.913143e-02
4.516608e-01	-7.422283e-02
4.516864e-01	-6.945593e-02
4.517120e-01	-6.468800e-02
4.517376e-01	-5.977078e-02
4.517632e-01	-5.492794e-02
4.517888e-01	-5.016358e-02
4.518144e-01	-4.533876e-02
4.518400e-01	-4.053999e-02
4.518656e-01	-3.571830e-02
4.518912e-01	-3.093291e-02
4.519168e-01	-2.616958e-02
4.519424e-01	-2.137736e-02
4.519680e-01	-1.654849e-02
4.519936e-01	-1.180584e-02
4.520192e-01	-7.077793e-03
4.520448e-01	-2.323611e-03
4.520704e-01	2.381394e-03
4.520960e-01	7.200664e-03
4.521216e-01	1.192154e-02
4.521472e-01	1.653917e-02
4.521728e-01	2.129119e-02
4.521984e-01	2.589858e-02
4.522240e-01	3.067388e-02
4.522496e-01	3.515819e-02
4.522752e-01	3.981936e-02
4.523008e-01	4.451291e-02
4.523264e-01	4.895786e-02
4.523520e-01	5.344664e-02
4.523776e-01	5.799476e-02
4.524032e-01	6.248802e-02
4.524288e-01	6.689297e-02
4.524544e-01	7.144483e-02
4.524800e-01	7.573611e-02
4.525056e-01	8.003174e-02
4.525312e-01	8.446591e-02
4.525568e-01	8.867499e-02
4.525824e-01	9.287469e-02
4.526080e-01	9.713279e-02
4.526336e-01	1.013391e-01
4.526592e-01	1.054477e-01
4.526848e-01	1.096024e-01
4.527104e-01	1.135597e-01
4.527360e-01	1.176069e-01
4.527616e-01	1.215889e-01
4.527872e-01	1.254673e-01
4.528128e-01	1.294075e-01
4.528384e-01	1.331963e-01
4.528640e-01	1.369348e-01
4.528896e-01	1.407805e-01
4.529152e-01	1.443579e-01
4.529408e-01	1.480958e-01
4.529664e-01	1.515834e-01
4.529920e-01	1.548958e-01
4.530176e-01	1.586751e-01
4.530432e-01	1.620700e-01
4.530688e-01	1.653791e-01
4.530944e-01	1.686623e-01
4.531200e-01	1.718639e-01
4.531456e-01	1.752133e-01
4.531712e-01	1.782210e-01
4.531968e-01	1.813873e-01
4.532224e-01	1.843043e-01
4.532480e-01	1.874190e-01
4.532736e-01	1.902504e-01
4.532992e-01	1.930332e-01
4.533248e-01	1.959710e-01
4.533504e-01	1.985374e-01
4.533760e-01	2.012619e-01
4.534016e-01	2.037698e-01
4.534272e-01	2.061945e-01
4.534528e-01	2.087853e-01
4.534784e-01	2.110547e-01
4.535040e-01	2.133452e-01
4.535296e-01	2.157791e-01
4.535552e-01	2.179475e-01
4.535808e-01	2.198673e-01
4.536064e-01	2.219748e-01
4.536320e-01	2.238681e-01
4.536576e-01	2.258117e-01
4.536832e-01	2.276888e-01
4.537088e-01	2.294782e-01
4.537344e-01	2.311173e-01
4.537600e-01	2.327712e-01
4.537856e-01	2.342688e-01
4.538112e-01	2.356709e-01
4.538368e-01	2.370911e-01
4.538624e-01	2.383774e-01
4.538880e-01	2.397023e-01
4.539136e-01	2.407797e-01
4.539392e-01	2.418539e-01
4.539648e-01	2.428790e-01
4.539904e-01	2.436964e-01
4.540160e-01	2.448069e-01
4.540416e-01	2.453431e-01
4.540672e-01	2.461660e-01
4.540928e-01	2.468598e-01
4.541184e-01	2.473117e-01
4.541440e-01	2.478188e-01
4.541696e-01	2.481825e-01
4.541952e-01	2.484009e-01
4.542208e-01	2.487225e-01
4.542464e-01	2.490098e-01
4.542720e-01	2.488415e-01
4.542976e-01	2.489806e-01
4.543232e-01	2.489585e-01
4.543488e-01	2.487980e-01
4.543744e-01	2.485716e-01
4.544000e-01	2.482108e-01
4.544256e-01	2.479106e-01
4.544512e-01	2.473936e-01
4.544768e-01	2.469276e-01
4.545024e-01	2.462688e-01
4.545280e-01	2.455748e-01
4.545536e-01	2.448240e-01
4.545792e-01	2.440998e-01
4.546048e-01	2.431175e-01
4.546304e-01	2.421651e-01
4.546560e-01	2.410066e-01
4.546816e-01	2.399575e-01
4.547072e-01	2.387621e-01
4.547328e-01	2.372725e-01
4.547584e-01	2.361063e-01
4.547840e-01	2.345435e-01
4.548096e-01	2.330325e-01
4.548352e-01	2.315399e-01
4.548608e-01	2.298080e-01
4.548864e-01	2.281555e-01
4.549120e-01	2.262501e-01
4.549376e-01	2.244226e-01
4.549632e-01	2.225102e-01
4.549888e-01	2.203694e-01
4.550144e-01	2.182372e-01
4.550400e-01	2.162517e-01
4.550656e-01	2.140336e-01
4.550912e-01	2.117491e-01
4.551168e-01	2.093672e-01
4.551424e-01	2.069187e-01
4.551680e-01	2.043358e-01
4.551936e-01	2.018521e-01
4.552192e-01	1.992774e-01
4.552448e-01	1.964686e-01
4.552704e-01	1.937181e-01
4.552960e-01	1.908828e-01
4.553216e-01	1.879351e-01
4.553472e-01	1.852058e-01
4.553728e-01	1.820348e-01
4.553984e-01	1.790103e-01
4.554240e-01	1.759555e-01
4.554496e-01	1.726331e-01
4.554752e-01	1.694543e-01
4.555008e-01	1.662577e-01
4.555264e-01	1.628357e-01
4.555520e-01	1.593601e-01
4.555776e-01	1.558819e-01
4.556032e-01	1.524569e-01
4.556288e-01	1.490205e-01
4.556544e-01	1.452335e-01
4.556800e-01	1.415197e-01
4.557056e-01	1.378101e-01
4.557312e-01	1.341922e-01
4.557568e-01	1.303513e-01
4.557824e-01	1.263491e-01
4.558080e-01	1.226800e-01
4.558336e-01	1.185500e-01
4.558592e-01	1.144895e-01
4.558848e-01	1.105278e-01
4.559104e-01	1.064739e-01
4.559360e-01	1.023867e-01
4.559616e-01	9.816790e-02
4.559872e-01	9.388550e-02
4.560128e-01	8.976514e-02
4.560384e-01	8.538694e-02
4.560640e-01	8.117700e-02
4.560896e-01	7.682178e-02
4.561152e-01	7.238866e-02
4.561408e-01	6.814900e-02
4.561664e-01	6.360783e-02
4.561920e-01	5.913007e-02
4.562176e-01	5.459780e-02
4.562432e-01	5.003991e-02
4.562688e-01	4.562796e-02
4.562944e-01	4.102668e-02
4.563200e-01	3.638207e-02
4.563456e-01	3.187533e-02
4.563712e-01	2.723462e-02
4.563968e-01	2.254585e-02
4.564224e-01	1.788935e-02
4.564480e-01	1.319352e-02
4.564736e-01	8.429049e-03
4.564992e-01	3.696695e-03
4.565248e-01	-1.017683e-03
4.565504e-01	-5.799031e-03
4.565760e-01	-1.047853e-02
4.566016e-01	-1.534715e-02
4.566272e-01	-1.997112e-02
4.566528e-01	-2.490949e-02
4.566784e-01	-2.967472e-02
4.567040e-01	-3.447847e-02
4.567296e-01	-3.933661e-02
4.567552e-01	-4.411434e-02
4.567808e-01	-4.896455e-02
4.568064e-01	-5.372036e-02
4.568320e-01	-5.856905e-02
4.568576e-01	-6.337222e-02
4.568832e-01	-6.820335e-02
4.569088e-01	-7.301546e-02
4.569344e-01	-7.772552e-02
4.569600e-01	-8.254860e-02
4.569856e-01	-8.724594e-02
4.570112e-01	-9.209464e-02
4.570368e-01	-9.679597e-02
4.570624e-01	-1.015300e-01
4.570880e-01	-1.062600e-01
4.571136e-01	-1.110429e-01
4.571392e-01	-1.157537e-01
4.571648e-01	-1.203873e-01
4.571904e-01	-1.250870e-01
4.572160e-01	-1.297084e-01
4.572416e-01	-1.343644e-01
4.572672e-01	-1.389700e-01
4.572928e-01	-1.434895e-01
4.573184e-01	-1.481105e-01
4.573440e-01	-1.526566e-01
4.573696e-01	-1.569799e-01
4.573952e-01	-1.616384e-01
4.574208e-01	-1.660942e-01
4.574464e-01	-1.702416e-01
4.574720e-01	-1.748901e-01
4.574976e-01	-1.790729e-01
4.575232e-01	-1.834190e-01
4.575488e-01	-1.877246e-01
4.575744e-01	-1.920371e-01
4.576000e-01	-1.962133e-01
4.576256e-01	-2.003440e-01
4.576512e-01	-2.046568e-01
4.576768e-01	-2.086341e-01
4.577024e-01	-2.127273e-01
4.577280e-01	-2.166835e-01
4.577536e-01	-2.206861e-01
4.577792e-01	-2.246073e-01
4.578048e-01	-2.283923e-01
4.578304e-01	-2.322840e-01
4.578560e-01	-2.360376e-01
4.578816e-01	-2.397753e-01
4.579072e-01	-2.435104e-01
4.579328e-01	-2.471711e-01
4.579584e-01	-2.506235e-01
4.579840e-01	-2.542185e-01
4.580096e-01	-2.576463e-01
4.580352e-01	-2.610316e-01
4.580608e-01	-2.644804e-01
4.580864e-01	-2.679045e-01
4.581120e-01	-2.710699e-01
4.581376e-01	-2.742976e-01
4.581632e-01	-2.774418e-01
4.581888e-01	-2.804497e-01
4.582144e-01	-2.835092e-01
4.582400e-01	-2.864885e-01
4.582656e-01	-2.893622e-01
4.582912e-01	-2.923049e-01
4.583168e-01	-2.949862e-01
4.583424e-01	-2.975869e-01
4.583680e-01	-3.002964e-01
4.583936e-01	-3.029248e-01
4.584192e-01	-3.054798e-01
4.584448e-01	-3.079581e-01
4.584704e-01	-3.102691e-01
4.584960e-01	-3.125682e-01
4.585216e-01	-3.148609e-01
4.585472e-01	-3.170912e-01
4.585728e-01	-3.191363e-01
4.585984e-01	-3.211628e-01
4.586240e-01	-3.230840e-01
4.586496e-01	-3.249856e-01
4.586752e-01	-3.268311e-01
4.587008e-01	-3.285980e-01
4.587264e-01	-3.303173e-01
4.587520e-01	-3.318834e-01
4.587776e-01	-3.334554e-01
4.588032e-01	-3.349623e-01
4.588288e-01	-3.362993e-01
4.588544e-01	-3.376861e-01
4.588800e-01	-3.387996e-01
4.589056e-01	-3.400105e-01
4.589312e-01	-3.410993e-01
4.589568e-01	-3.420641e-01
4.589824e-01	-3.430347e-01
4.590080e-01	-3.439156e-01
4.590336e-01	-3.446915e-01
4.590592e-01	-3.455207e-01
4.590848e-01	-3.460137e-01
4.591104e-01	-3.466068e-01
4.591360e-01	-3.471854e-01
4.591616e-01	-3.475293e-01
4.591872e-01	-3.478823e-01
4.592128e-01	-3.480107e-01
4.592384e-01	-3.482390e-01
4.592640e-01	-3.483723e-01
4.592896e-01	-3.483436e-01
4.593152e-01	-3.482977e-01
4.593408e-01	-3.481459e-01
4.593664e-01	-3.479508e-01
4.593920e-01	-3.477008e-01
4.594176e-01	-3.473895e-01
4.594432e-01	-3.467463e-01
4.594688e-01	-3.463136e-01
4.594944e-01	-3.457113e-01
4.595200e-01	-3.450573e-01
4.595456e-01	-3.442807e-01
4.595712e-01	-3.433999e-01
4.595968e-01	-3.425605e-01
4.596224e-01	-3.415783e-01
4.596480e-01	-3.404958e-01
4.596736e-01	-3.392408e-01
4.596992e-01	-3.381088e-01
4.597248e-01	-3.369440e-01
4.597504e-01	-3.354855e-01
4.597760e-01	-3.339937e-01
4.598016e-01	-3.326004e-01
4.598272e-01	-3.309425e-01
4.598528e-01	-3.292620e-01
4.598784e-01	-3.275869e-01
4.599040e-01	-3.256502e-01
4.599296e-01	-3.240201e-01
4.599552e-01	-3.219199e-01
4.599808e-01	-3.198471e-01
4.600064e-01	-3.178871e-01
4.600320e-01	-3.157293e-01
4.600576e-01	-3.135081e-01
4.600832e-01	-3.112021e-01
4.601088e-01	-3.088512e-01
4.601344e-01	-3.063990e-01
4.601600e-01	-3.040022e-01
4.601856e-01	-3.013343e-01
4.602112e-01	-2.986297e-01
4.602368e-01	-2.961639e-01
4.602624e-01	-2.932278e-01
4.602880e-01	-2.903976e-01
4.603136e-01	-2.875147e-01
4.603392e-01	-2.846732e-01
4.603648e-01	-2.817922e-01
4.603904e-01	-2.786273e-01
4.604160e-01	-2.754383e-01
4.604416e-01	-2.723322e-01
4.604672e-01	-2.690641e-01
4.604928e-01	-2.657509e-01
4.605184e-01	-2.624636e-01
4.605440e-01	-2.590683e-01
4.605696e-01	-2.554569e-01
4.605952e-01	-2.521073e-01
4.606208e-01	-2.485317e-01
4.606464e-01	-2.448357e-01
4.606720e-01	-2.412974e-01
4.606976e-01	-2.375288e-01
4.607232e-01	-2.337627e-01
4.607488e-01	-2.298630e-01
4.607744e-01	-2.260218e-01
4.608000e-01	-2.221836e-01
4.608256e-01	-2.181438e-01
4.608512e-01	-2.141526e-01
4.608768e-01	-2.100236e-01
4.609024e-01	-2.061290e-01
4.609280e-01	-2.019021e-01
4.609536e-01	-1.977714e-01
4.609792e-01	-1.935022e-01
4.610048e-01	-1.893481e-01
4.610304e-01	-1.851224e-01
4.610560e-01	-1.807238e-01
4.610816e-01	-1.764875e-01
4.611072e-01	-1.720555e-01
4.611328e-01	-1.677583e-01
4.611584e-01	-1.632583e-01
4.611840e-01	-1.588690e-01
4.612096e-01	-1.542613e-01
4.612352e-01	-1.497188e-01
4.612608e-01	-1.452924e-01
4.612864e-01	-1.405285e-01
4.613120e-01	-1.360742e-01
4.613376e-01	-1.314118e-01
4.613632e-01	-1.268086e-01
4.613888e-01	-1.220946e-01
4.614144e-01	-1.174665e-01
4.614400e-01	-1.127421e-01
4.614656e-01	-1.080214e-01
4.614912e-01	-1.033560e-01
4.615168e-01	-9.867610e-02
4.615424e-01	-9.388816e-02
4.615680e-01	-8.902968e-02
4.615936e-01	-8.421163e-02
4.616192e-01	-7.954715e-02
4.616448e-01	-7.472958e-02
4.616704e-01	-6.986443e-02
4.616960e-01	-6.512859e-02
4.617216e-01	-6.017061e-02
4.617472e-01	-5.537232e-02
4.617728e-01	-5.063691e-02
4.617984e-01	-4.576498e-02
4.618240e-01	-4.093267e-02
4.618496e-01	-3.627627e-02
4.618752e-01	-3.155345e-02
4.619008e-01	-2.658152e-02
4.619264e-01	-2.178786e-02
4.619520e-01	-1.707060e-02
4.619776e-01	-1.219305e-02
4.620032e-01	-7.362497e-03
4.620288e-01	-2.821798e-03
4.620544e-01	2.039566e-03
4.620800e-01	6.749700e-03
4.621056e-01	1.151145e-02
4.621312e-01	1.628289e-02
4.621568e-01	2.086878e-02
4.621824e-01	2.554620e-02
4.622080e-01	3.014453e-02
4.622336e-01	3.481487e-02
4.622592e-01	3.937233e-02
4.622848e-01	4.396667e-02
4.623104e-01	4.855866e-02
4.623360e-01	5.298254e-02
4.623616e-01	5.756564e-02
4.623872e-01	6.205147e-02
4.624128e-01	6.643204e-02
4.624384e-01	7.086065e-02
4.624640e-01	7.530393e-02
4.624896e-01	7.969046e-02
4.625152e-01	8.398432e-02
4.625408e-01	8.815514e-02
4.625664e-01	9.252923e-02
4.625920e-01	9.659841e-02
4.626176e-01	1.008644e-01
4.626432e-01	1.050444e-01
4.626688e-01	1.089956e-01
4.626944e-01	1.131465e-01
4.627200e-01	1.171935e-01
4.627456e-01	1.211350e-01
4.627712e-01	1.250345e-01
4.627968e-01	1.289552e-01
4.628224e-01	1.328322e-01
4.628480e-01	1.365947e-01
4.628736e-01	1.402790e-01
4.628992e-01	1.440073e-01
4.629248e-01	1.477398e-01
4.629504e-01	1.511454e-01
4.629760e-01	1.546849e-01
4.630016e-01	1.582438e-01
4.630272e-01	1.616368e-01
4.630528e-01	1.649457e-01
4.630784e-01	1.684063e-01
4.631040e-01	1.717086e-01
4.631296e-01	1.747822e-01
4.631552e-01	1.780590e-01
4.631808e-01	1.810136e-01
4.632064e-01	1.840202e-01
4.632320e-01	1.871659e-01
4.632576e-01	1.899616e-01
4.632832e-01	1.927356e-01
4.633088e-01	1.953730e-01
4.633344e-01	1.981639e-01
4.633600e-01	2.009349e-01
4.633856e-01	2.035585e-01
4.634112e-01	2.059962e-01
4.634368e-01	2.084557e-01
4.634624e-01	2.109115e-01
4.634880e-01	2.131924e-01
4.635136e-01	2.154380e-01
4.635392e-01	2.176720e-01
4.635648e-01	2.196416e-01
4.635904e-01	2.218008e-01
4.636160e-01	2.237799e-01
4.636416e-01	2.256624e-01
4.636672e-01	2.275285e-01
4.636928e-01	2.292064e-01
4.637184e-01	2.309625e-01
4.637440e-01	2.324431e-01
4.637696e-01	2.340530e-01
4.637952e-01	2.355942e-01
4.638208e-01	2.369119e-01
4.638464e-01	2.382504e-01
4.638720e-01	2.395130e-01
4.638976e-01	2.405911e-01
4.639232e-01	2.416215e-01
4.639488e-01	2.428419e-01
4.639744e-01	2.437097e-01
4.640000e-01	2.445315e-01
4.640256e-01	2.452397e-01
4.640512e-01	2.460985e-01
4.640768e-01	2.466382e-01
4.641024e-01	2.471602e-01
4.641280e-01	2.477773e-01
4.641536e-01	2.480884e-01
4.641792e-01	2.484456e-01
4.642048e-01	2.486852e-01
4.642304e-01	2.488809e-01
4.642560e-01	2.489274e-01
4.642816e-01	2.488342e-01
4.643072e-01	2.488975e-01
4.643328e-01	2.487169e-01
4.643584e-01	2.485635e-01
4.643840e-01	2.483001e-01
4.644096e-01	2.479004e-01
4.644352e-01	2.474369e-01
4.644608e-01	2.469849e-01
4.644864e-01	2.464343e-01
4.645120e-01	2.457296e-01
4.645376e-01	2.449710e-01
4.645632e-01	2.440579e-01
4.645888e-01	2.431606e-01
4.646144e-01	2.422578e-01
4.646400e-01	2.411422e-01
4.646656e-01	2.400548e-01
4.646912e-01	2.388339e-01
4.647168e-01	2.375431e-01
4.647424e-01	2.362048e-01
4.647680e-01	2.347502e-01
4.647936e-01	2.331914e-01
4.648192e-01	2.316355e-01
4.648448e-01	2.300098e-01
4.648704e-01	2.282808e-01
4.648960e-01	2.263797e-01
4.649216e-01	2.245401e-01
4.649472e-01	2.226260e-01
4.649728e-01	2.206101e-01
4.649984e-01	2.185107e-01
4.650240e-01	2.163895e-01
4.650496e-01	2.141546e-01
4.650752e-01	2.119148e-01
4.651008e-01	2.094818e-01
4.651264e-01	2.070797e-01
4.651520e-01	2.046663e-01
4.651776e-01	2.019852e-01
4.652032e-01	1.994339e-01
4.652288e-01	1.967079e-01
4.652544e-01	1.940091e-01
4.652800e-01	1.911730e-01
4.653056e-01	1.882092e-01
4.653312e-01	1.855293e-01
4.653568e-01	1.823415e-01
4.653824e-01	1.793281e-01
4.654080e-01	1.761943e-01
4.654336e-01	1.730164e-01
4.654592e-01	1.698101e-01
4.654848e-01	1.665624e-01
4.655104e-01	1.630968e-01
4.655360e-01	1.596522e-01
4.655616e-01	1.564396e-01
4.655872e-01	1.528727e-01
4.656128e-01	1.492176e-01
4.656384e-01	1.456592e-01
4.656640e-01	1.419252e-01
4.656896e-01	1.382035e-01
4.657152e-01	1.345470e-01
4.657408e-01	1.306215e-01
4.657664e-01	1.268296e-01
4.657920e-01	1.229164e-01
4.658176e-01	1.189094e-01
4.658432e-01	1.150032e-01
4.658688e-01	1.109581e-01
4.658944e-01	1.068228e-01
4.659200e-01	1.027427e-01
4.659456e-01	9.870414e-02
4.659712e-01	9.431344e-02
4.659968e-01	9.032957e-02
4.660224e-01	8.579507e-02
4.660480e-01	8.154550e-02
4.660736e-01	7.734545e-02
4.660992e-01	7.280766e-02
4.661248e-01	6.845447e-02
4.661504e-01	6.402431e-02
4.661760e-01	5.966607e-02
4.662016e-01	5.509593e-02
4.662272e-01	5.061697e-02
4.662528e-01	4.597721e-02
4.662784e-01	4.134198e-02
4.663040e-01	3.677494e-02
4.663296e-01	3.229621e-02
4.663552e-01	2.761616e-02
4.663808e-01	2.279792e-02
4.664064e-01	1.839073e-02
4.664320e-01	1.361522e-02
4.664576e-01	8.891448e-03
4.664832e-01	4.209798e-03
4.665088e-01	-5.799443e-04
4.665344e-01	-5.276578e-03
4.665600e-01	-1.007698e-02
4.665856e-01	-1.489203e-02
4.666112e-01	-1.964463e-02
4.666368e-01	-2.448297e-02
4.666624e-01	-2.925086e-02
4.666880e-01	-3.401392e-02
4.667136e-01	-3.889680e-02
4.667392e-01	-4.377684e-02
4.667648e-01	-4.840591e-02
4.667904e-01	-5.322459e-02
4.668160e-01	-5.811344e-02
4.668416e-01	-6.291297e-02
4.668672e-01	-6.778421e-02
4.668928e-01	-7.247419e-02
4.669184e-01	-7.723943e-02
4.669440e-01	-8.211268e-02
4.669696e-01	-8.678231e-02
4.669952e-01	-9.162363e-02
4.670208e-01	-9.635360e-02
4.670464e-01	-1.010801e-01
4.670720e-01	-1.059006e-01
4.670976e-01	-1.105772e-01
4.671232e-01	-1.153097e-01
4.671488e-01	-1.199788e-01
4.671744e-01	-1.245607e-01
4.672000e-01	-1.293167e-01
4.672256e-01	-1.340160e-01
4.672512e-01	-1.385950e-01
4.672768e-01	-1.430791e-01
4.673024e-01	-1.476690e-01
4.673280e-01	-1.521675e-01
4.673536e-01	-1.567424e-01
4.673792e-01	-1.612301e-01
4.674048e-01	-1.655962e-01
4.674304e-01	-1.700125e-01
4.674560e-01	-1.745018e-01
4.674816e-01	-1.788364e-01
4.675072e-01	-1.831062e-01
4.675328e-01	-1.874663e-01
4.675584e-01	-1.916138e-01
4.675840e-01	-1.957645e-01
4.676096e-01	-2.001032e-01
4.676352e-01	-2.041261e-01
4.676608e-01	-2.082750e-01
4.676864e-01	-2.122753e-01
4.677120e-01	-2.162556e-01
4.677376e-01	-2.203077e-01
4.677632e-01	-2.241712e-01
4.677888e-01	-2.280710e-01
4.678144e-01	-2.319818e-01
4.678400e-01	-2.357086e-01
4.678656e-01	-2.393354e-01
4.678912e-01	-2.431151e-01
4.679168e-01	-2.468352e-01
4.679424e-01	-2.504251e-01
4.679680e-01	-2.539325e-01
4.679936e-01	-2.574101e-01
4.680192e-01	-2.608883e-01
4.680448e-01	-2.642393e-01
4.680704e-01	-2.676941e-01
4.680960e-01	-2.708995e-01
4.681216e-01	-2.740539e-01
4.681472e-01	-2.770480e-01
4.681728e-01	-2.802827e-01
4.681984e-01	-2.832609e-01
4.682240e-01	-2.861916e-01
4.682496e-01	-2.891609e-01
4.682752e-01	-2.918760e-01
4.683008e-01	-2.947018e-01
4.683264e-01	-2.974142e-01
4.683520e-01	-3.000602e-01
4.683776e-01	-3.027653e-01
4.684032e-01	-3.052037e-01
4.684288e-01	-3.076941e-01
4.684544e-01	-3.101200e-01
4.684800e-01	-3.123803e-01
4.685056e-01	-3.147720e-01
4.685312e-01	-3.168634e-01
4.685568e-01	-3.190537e-01
4.685824e-01	-3.209818e-01
4.686080e-01	-3.228670e-01
4.686336e-01	-3.249868e-01
4.686592e-01	-3.266249e-01
4.686848e-01	-3.284281e-01
4.687104e-01	-3.300919e-01
4.687360e-01	-3.317831e-01
4.687616e-01	-3.333802e-01
4.687872e-01	-3.348185e-01
4.688128e-01	-3.361593e-01
4.688384e-01	-3.376162e-01
4.688640e-01	-3.388310e-01
4.688896e-01	-3.398601e-01
4.689152e-01	-3.409997e-01
4.689408e-01	-3.419949e-01
4.689664e-01	-3.430246e-01
4.689920e-01	-3.439450e-01
4.690176e-01	-3.447433e-01
4.690432e-01	-3.452922e-01
4.690688e-01	-3.459776e-01
4.690944e-01	-3.466019e-01
4.691200e-01	-3.469731e-01
4.691456e-01	-3.475633e-01
4.691712e-01	-3.478252e-01
4.691968e-01	-3.481938e-01
4.692224e-01	-3.481773e-01
4.692480e-01	-3.483271e-01
4.692736e-01	-3.484879e-01
4.692992e-01	-3.483219e-01
4.693248e-01	-3.481569e-01
4.693504e-01	-3.479702e-01
4.693760e-01	-3.478191e-01
4.694016e-01	-3.473026e-01
4.694272e-01	-3.468142e-01
4.694528e-01	-3.463479e-01
4.694784e-01	-3.456814e-01
4.695040e-01	-3.451686e-01
4.695296e-01	-3.443796e-01
4.695552e-01	-3.435464e-01
4.695808e-01	-3.426318e-01
4.696064e-01	-3.416564e-01
4.696320e-01	-3.406679e-01
4.696576e-01	-3.395301e-01
4.696832e-01	-3.384602e-01
4.697088e-01	-3.369870e-01
4.697344e-01	-3.354816e-01
4.697600e-01	-3.342536e-01
4.697856e-01	-3.327381e-01
4.698112e-01	-3.312326e-01
4.698368e-01	-3.294990e-01
4.698624e-01	-3.278292e-01
4.698880e-01	-3.259578e-01
4.699136e-01	-3.241085e-01
4.699392e-01	-3.222110e-01
4.699648e-01	-3.201406e-01
4.699904e-01	-3.180534e-01
4.700160e-01	-3.158765e-01
4.700416e-01	-3.138087e-01
4.700672e-01	-3.115241e-01
4.700928e-01	-3.091655e-01
4.701184e-01	-3.067727e-01
4.701440e-01	-3.041663e-01
4.701696e-01	-3.016897e-01
4.701952e-01	-2.989865e-01
4.702208e-01	-2.962668e-01
4.702464e-01	-2.935704e-01
4.702720e-01	-2.907976e-01
4.702976e-01	-2.878926e-01
4.703232e-01	-2.850137e-01
4.703488e-01	-2.819827e-01
4.703744e-01	-2.789243e-01
4.704000e-01	-2.759141e-01
4.704256e-01	-2.726689e-01
4.704512e-01	-2.693469e-01
4.704768e-01	-2.660928e-01
4.705024e-01	-2.627240e-01
4.705280e-01	-2.593203e-01
4.705536e-01	-2.558366e-01
4.705792e-01	-2.524868e-01
4.706048e-01	-2.488373e-01
4.706304e-01	-2.453510e-01
4.706560e-01	-2.416048e-01
4.706816e-01	-2.377145e-01
4.707072e-01	-2.341419e-01
4.707328e-01	-2.302963e-01
4.707584e-01	-2.264754e-01
4.707840e-01	-2.225014e-01
4.708096e-01	-2.185551e-01
4.708352e-01	-2.145426e-01
4.708608e-01	-2.104879e-01
4.708864e-01	-2.064343e-01
4.709120e-01	-2.023595e-01
4.709376e-01	-1.981688e-01
4.709632e-01	-1.939414e-01
4.709888e-01	-1.897614e-01
4.710144e-01	-1.854338e-01
4.710400e-01	-1.812246e-01
4.710656e-01	-1.768662e-01
4.710912e-01	-1.725602e-01
4.711168e-01	-1.680158e-01
4.711424e-01	-1.637127e-01
4.711680e-01	-1.592029e-01
4.711936e-01	-1.546731e-01
4.712192e-01	-1.503512e-01
4.712448e-01	-1.457253e-01
4.712704e-01	-1.410520e-01
4.712960e-01	-1.365044e-01
4.713216e-01	-1.318224e-01
4.713472e-01	-1.272490e-01
4.713728e-01	-1.226410e-01
4.713984e-01	-1.179289e-01
4.714240e-01	-1.131802e-01
4.714496e-01	-1.084684e-01
4.714752e-01	-1.037004e-01
4.715008e-01	-9.892567e-02
4.715264e-01	-9.443323e-02
4.715520e-01	-8.950619e-02
4.715776e-01	-8.472765e-02
4.716032e-01	-7.999225e-02
4.716288e-01	-7.512170e-02
4.716544e-01	-7.047267e-02
4.716800e-01	-6.563751e-02
4.717056e-01	-6.077606e-02
4.717312e-01	-5.593655e-02
4.717568e-01	-5.124271e-02
4.717824e-01	-4.619754e-02
4.718080e-01	-4.160913e-02
4.718336e-01	-3.674130e-02
4.718592e-01	-3.177472e-02
4.718848e-01	-2.713640e-02
4.719104e-01	-2.229718e-02
4.719360e-01	-1.757715e-02
4.719616e-01	-1.266851e-02
4.719872e-01	-8.029422e-03
4.720128e-01	-3.321635e-03
4.720384e-01	1.565097e-03
4.720640e-01	6.166301e-03
4.720896e-01	1.102197e-02
4.721152e-01	1.566553e-02
4.721408e-01	2.038625e-02
4.721664e-01	2.496422e-02
4.721920e-01	2.963711e-02
4.722176e-01	3.435364e-02
4.722432e-01	3.884080e-02
4.722688e-01	4.356259e-02
4.722944e-01	4.808301e-02
4.723200e-01	5.262411e-02
4.723456e-01	5.711843e-02
4.723712e-01	6.148099e-02
4.723968e-01	6.605871e-02
4.724224e-01	7.043736e-02
4.724480e-01	7.495023e-02
4.724736e-01	7.934745e-02
4.724992e-01	8.346292e-02
4.725248e-01	8.782429e-02
4.725504e-01	9.215990e-02
4.725760e-01	9.629320e-02
4.726016e-01	1.005028e-01
4.726272e-01	1.046111e-01
4.726528e-01	1.087002e-01
4.726784e-01	1.128338e-01
4.727040e-01	1.168933e-01
4.727296e-01	1.207211e-01
4.727552e-01	1.248023e-01
4.727808e-01	1.285890e-01
4.728064e-01	1.324824e-01
4.728320e-01	1.362796e-01
4.728576e-01	1.398630e-01
4.728832e-01	1.436821e-01
4.729088e-01	1.472402e-01
4.729344e-01	1.508842e-01
4.729600e-01	1.543981e-01
4.729856e-01	1.578224e-01
4.730112e-01	1.613630e-01
4.730368e-01	1.646366e-01
4.730624e-01	1.680816e-01
4.730880e-01	1.712864e-01
4.731136e-01	1.745541e-01
4.731392e-01	1.777173e-01
4.731648e-01	1.808136e-01
4.731904e-01	1.838446e-01
4.732160e-01	1.868064e-01
4.732416e-01	1.897184e-01
4.732672e-01	1.924704e-01
4.732928e-01	1.953825e-01
4.733184e-01	1.980948e-01
4.733440e-01	2.005908e-01
4.733696e-01	2.033312e-01
4.733952e-01	2.058435e-01
4.734208e-01	2.082619e-01
4.734464e-01	2.106953e-01
4.734720e-01	2.129425e-01
4.734976e-01	2.151113e-01
4.735232e-01	2.173573e-01
4.735488e-01	2.195085e-01
4.735744e-01	2.216195e-01
4.736000e-01	2.235316e-01
4.736256e-01	2.254452e-01
4.736512e-01	2.272726e-01
4.736768e-01	2.290785e-01
4.737024e-01	2.307755e-01
4.737280e-01	2.323914e-01
4.737536e-01	2.338129e-01
4.737792e-01	2.354114e-01
4.738048e-01	2.367646e-01
4.738304e-01	2.381579e-01
4.738560e-01	2.393860e-01
4.738816e-01	2.403857e-01
4.739072e-01	2.417405e-01
4.739328e-01	2.426545e-01
4.739584e-01	2.436423e-01
4.739840e-01	2.445548e-01
4.740096e-01	2.452419e-01
4.740352e-01	2.460934e-01
4.740608e-01	2.467320e-01
4.740864e-01	2.473039e-01
4.741120e-01	2.476521e-01
4.741376e-01	2.482149e-01
4.741632e-01	2.484119e-01
4.741888e-01	2.487254e-01
4.742144e-01	2.489926e-01
4.742400e-01	2.490265e-01
4.742656e-01	2.489865e-01
4.742912e-01	2.488841e-01
4.743168e-01	2.488156e-01
4.743424e-01	2.485570e-01
4.743680e-01	2.482024e-01
4.743936e-01	2.478675e-01
4.744192e-01	2.475721e-01
4.744448e-01	2.470789e-01
4.744704e-01	2.462885e-01
4.744960e-01	2.457045e-01
4.745216e-01	2.449710e-01
4.745472e-01	2.441142e-01
4.745728e-01	2.432353e-01
4.745984e-01	2.422732e-01
4.746240e-01	2.412334e-01
4.746496e-01	2.401605e-01
4.746752e-01	2.388716e-01
4.747008e-01	2.376469e-01
4.747264e-01	2.362734e-01
4.747520e-01	2.348668e-01
4.747776e-01	2.334257e-01
4.748032e-01	2.317808e-01
4.748288e-01	2.301504e-01
4.748544e-01	2.284328e-01
4.748800e-01	2.267297e-01
4.749056e-01	2.248700e-01
4.749312e-01	2.228055e-01
4.749568e-01	2.208320e-01
4.749824e-01	2.187229e-01
4.750080e-01	2.166165e-01
4.750336e-01	2.142942e-01
4.750592e-01	2.120936e-01
4.750848e-01	2.097152e-01
4.751104e-01	2.073296e-01
4.751360e-01	2.048264e-01
4.751616e-01	2.023277e-01
4.751872e-01	1.996851e-01
4.752128e-01	1.969992e-01
4.752384e-01	1.942328e-01
4.752640e-01	1.913879e-01
4.752896e-01	1.886109e-01
4.753152e-01	1.856128e-01
4.753408e-01	1.826984e-01
4.753664e-01	1.796290e-01
4.753920e-01	1.765802e-01
4.754176e-01	1.733354e-01
4.754432e-01	1.700371e-01
4.754688e-01	1.668079e-01
4.754944e-01	1.634620e-01
4.755200e-01	1.601132e-01
4.755456e-01	1.565038e-01
4.755712e-01	1.532116e-01
4.755968e-01	1.495176e-01
4.756224e-01	1.460240e-01
4.756480e-01	1.423245e-01
4.756736e-01	1.385099e-01
4.756992e-01	1.348785e-01
4.757248e-01	1.308943e-01
4.757504e-01	1.272596e-01
4.757760e-01	1.232685e-01
4.758016e-01	1.192835e-01
4.758272e-01	1.154244e-01
4.758528e-01	1.112103e-01
4.758784e-01	1.072310e-01
4.759040e-01	1.031626e-01
4.759296e-01	9.898587e-02
4.759552e-01	9.480394e-02
4.759808e-01	9.057696e-02
4.760064e-01	8.626515e-02
4.760320e-01	8.206154e-02
4.760576e-01	7.746982e-02
4.760832e-01	7.325280e-02
4.761088e-01	6.891399e-02
4.761344e-01	6.448761e-02
4.761600e-01	6.003404e-02
4.761856e-01	5.543112e-02
4.762112e-01	5.110727e-02
4.762368e-01	4.640986e-02
4.762624e-01	4.179865e-02
4.762880e-01	3.733838e-02
4.763136e-01	3.268304e-02
4.763392e-01	2.814379e-02
4.763648e-01	2.340074e-02
4.763904e-01	1.868551e-02
4.764160e-01	1.412305e-02
4.764416e-01	9.300608e-03
4.764672e-01	4.507581e-03
4.764928e-01	-5.139477e-05
4.765184e-01	-4.971102e-03
4.765440e-01	-9.783817e-03
4.765696e-01	-1.441214e-02
4.765952e-01	-1.924245e-02
4.766208e-01	-2.393801e-02
4.766464e-01	-2.881746e-02
4.766720e-01	-3.366802e-02
4.766976e-01	-3.830300e-02
4.767232e-01	-4.321082e-02
4.767488e-01	-4.792034e-02
4.767744e-01	-5.293256e-02
4.768000e-01	-5.759405e-02
4.768256e-01	-6.235245e-02
4.768512e-01	-6.728528e-02
4.768768e-01	-7.201632e-02
4.769024e-01	-7.686147e-02
4.769280e-01	-8.160062e-02
4.769536e-01	-8.640523e-02
4.769792e-01	-9.124630e-02
4.770048e-01	-9.600358e-02
4.770304e-01	-1.005744e-01
4.770560e-01	-1.053496e-01
4.770816e-01	-1.101003e-01
4.771072e-01	-1.147626e-01
4.771328e-01	-1.195415e-01
4.771584e-01	-1.240882e-01
4.771840e-01	-1.288517e-01
4.772096e-01	-1.333552e-01
4.772352e-01	-1.379895e-01
4.772608e-01	-1.426167e-01
4.772864e-01	-1.472142e-01
4.773120e-01	-1.517062e-01
4.773376e-01	-1.561617e-01
4.773632e-01	-1.607130e-01
4.773888e-01	-1.651881e-01
4.774144e-01	-1.696190e-01
4.774400e-01	-1.740213e-01
4.774656e-01	-1.783188e-01
4.774912e-01	-1.825844e-01
4.775168e-01	-1.870676e-01
4.775424e-01	-1.912448e-01
4.775680e-01	-1.954459e-01
4.775936e-01	-1.996098e-01
4.776192e-01	-2.036732e-01
4.776448e-01	-2.079011e-01
4.776704e-01	-2.118036e-01
4.776960e-01	-2.159177e-01
4.777216e-01	-2.199261e-01
4.777472e-01	-2.238802e-01
4.777728e-01	-2.277997e-01
4.777984e-01	-2.315017e-01
4.778240e-01	-2.352897e-01
4.778496e-01	-2.390978e-01
4.778752e-01	-2.427578e-01
4.779008e-01	-2.464367e-01
4.779264e-01	-2.500429e-01
4.779520e-01	-2.535607e-01
4.779776e-01	-2.570521e-01
4.780032e-01	-2.605315e-01
4.780288e-01	-2.638399e-01
4.780544e-01	-2.671709e-01
4.780800e-01	-2.704870e-01
4.781056e-01	-2.736782e-01
4.781312e-01	-2.768619e-01
4.781568e-01	-2.799169e-01
4.781824e-01	-2.829689e-01
4.782080e-01	-2.860585e-01
4.782336e-01	-2.887921e-01
4.782592e-01	-2.917158e-01
4.782848e-01	-2.945434e-01
4.783104e-01	-2.972029e-01
4.783360e-01	-2.998993e-01
4.783616e-01	-3.025175e-01
4.783872e-01	-3.049403e-01
4.784128e-01	-3.074725e-01
4.784384e-01	-3.099039e-01
4.784640e-01	-3.121883e-01
4.784896e-01	-3.144230e-01
4.785152e-01	-3.166290e-01
4.785408e-01	-3.188466e-01
4.785664e-01	-3.208566e-01
4.785920e-01	-3.228337e-01
4.786176e-01	-3.246454e-01
4.786432e-01	-3.265418e-01
4.786688e-01	-3.283174e-01
4.786944e-01	-3.299271e-01
4.787200e-01	-3.317752e-01
4.787456e-01	-3.332258e-01
4.787712e-01	-3.347365e-01
4.787968e-01	-3.360364e-01
4.788224e-01	-3.373614e-01
4.788480e-01	-3.386858e-01
4.788736e-01	-3.397760e-01
4.788992e-01	-3.409699e-01
4.789248e-01	-3.420014e-01
4.789504e-01	-3.428734e-01
4.789760e-01	-3.437982e-01
4.790016e-01	-3.446037e-01
4.790272e-01	-3.452510e-01
4.790528e-01	-3.459518e-01
4.790784e-01	-3.465792e-01
4.791040e-01	-3.470615e-01
4.791296e-01	-3.474845e-01
4.791552e-01	-3.478306e-01
4.791808e-01	-3.481488e-01
4.792064e-01	-3.482396e-01
4.792320e-01	-3.483889e-01
4.792576e-01	-3.483845e-01
4.792832e-01	-3.483174e-01
4.793088e-01	-3.481451e-01
4.793344e-01	-3.480068e-01
4.793600e-01	-3.477304e-01
4.793856e-01	-3.472969e-01
4.794112e-01	-3.469621e-01
4.794368e-01	-3.464249e-01
4.794624e-01	-3.457896e-01
4.794880e-01	-3.452233e-01
4.795136e-01	-3.443800e-01
4.795392e-01	-3.436675e-01
4.795648e-01	-3.427380e-01
4.795904e-01	-3.417032e-01
4.796160e-01	-3.407320e-01
4.796416e-01	-3.395620e-01
4.796672e-01	-3.384662e-01
4.796928e-01	-3.371513e-01
4.797184e-01	-3.357581e-01
4.797440e-01	-3.343893e-01
4.797696e-01	-3.329012e-01
4.797952e-01	-3.312024e-01
4.798208e-01	-3.296127e-01
4.798464e-01	-3.280191e-01
4.798720e-01	-3.260532e-01
4.798976e-01	-3.243463e-01
4.799232e-01	-3.223056e-01
4.799488e-01	-3.202565e-01
4.799744e-01	-3.182400e-01
4.800000e-01	-3.161781e-01
4.800256e-01	-3.138296e-01
4.800512e-01	-3.116058e-01
4.800768e-01	-3.094233e-01
4.801024e-01	-3.069055e-01
4.801280e-01	-3.042957e-01
4.801536e-01	-3.017985e-01
4.801792e-01	-2.993112e-01
4.802048e-01	-2.965204e-01
4.802304e-01	-2.939450e-01
4.802560e-01	-2.911055e-01
4.802816e-01	-2.880713e-01
4.803072e-01	-2.851741e-01
4.803328e-01	-2.821581e-01
4.803584e-01	-2.791811e-01
4.803840e-01	-2.760321e-01
4.804096e-01	-2.729557e-01
4.804352e-01	-2.695666e-01
4.804608e-01	-2.664368e-01
4.804864e-01	-2.631226e-01
4.805120e-01	-2.597328e-01
4.805376e-01	-2.561651e-01
4.805632e-01	-2.526742e-01
4.805888e-01	-2.492567e-01
4.806144e-01	-2.456363e-01
4.806400e-01	-2.419975e-01
4.806656e-01	-2.381169e-01
4.806912e-01	-2.344320e-01
4.807168e-01	-2.306447e-01
4.807424e-01	-2.268942e-01
4.807680e-01	-2.228974e-01
4.807936e-01	-2.190179e-01
4.808192e-01	-2.149711e-01
4.808448e-01	-2.108206e-01
4.808704e-01	-2.070171e-01
4.808960e-01	-2.026133e-01
4.809216e-01	-1.986347e-01
4.809472e-01	-1.944048e-01
4.809728e-01	-1.901411e-01
4.809984e-01	-1.858805e-01
4.810240e-01	-1.815322e-01
4.810496e-01	-1.773742e-01
4.810752e-01	-1.729525e-01
4.811008e-01	-1.686279e-01
4.811264e-01	-1.640733e-01
4.811520e-01	-1.595533e-01
4.811776e-01	-1.552083e-01
4.812032e-01	-1.505105e-01
4.812288e-01	-1.459585e-01
4.812544e-01	-1.415923e-01
4.812800e-01	-1.369509e-01
4.813056e-01	-1.322537e-01
4.813312e-01	-1.277479e-01
4.813568e-01	-1.230243e-01
4.813824e-01	-1.183577e-01
4.814080e-01	-1.136723e-01
4.814336e-01	-1.090350e-01
4.814592e-01	-1.041918e-01
4.814848e-01	-9.944785e-02
4.815104e-01	-9.473495e-02
4.815360e-01	-8.992667e-02
4.815616e-01	-8.528263e-02
4.815872e-01	-8.042678e-02
4.816128e-01	-7.558261e-02
4.816384e-01	-7.084223e-02
4.816640e-01	-6.596155e-02
4.816896e-01	-6.118218e-02
4.817152e-01	-5.634360e-02
4.817408e-01	-5.157178e-02
4.817664e-01	-4.678429e-02
4.817920e-01	-4.192028e-02
4.818176e-01	-3.715139e-02
4.818432e-01	-3.236537e-02
4.818688e-01	-2.753029e-02
4.818944e-01	-2.281165e-02
4.819200e-01	-1.793166e-02
4.819456e-01	-1.317989e-02
4.819712e-01	-8.454462e-03
4.819968e-01	-3.665100e-03
4.820224e-01	1.218112e-03
4.820480e-01	5.963123e-03
4.820736e-01	1.043834e-02
4.820992e-01	1.528594e-02
4.821248e-01	2.002075e-02
4.821504e-01	2.455720e-02
4.821760e-01	2.940596e-02
4.822016e-01	3.394157e-02
4.822272e-01	3.860429e-02
4.822528e-01	4.307260e-02
4.822784e-01	4.763084e-02
4.823040e-01	5.225210e-02
4.823296e-01	5.675028e-02
4.823552e-01	6.129579e-02
4.823808e-01	6.565630e-02
4.824064e-01	7.008030e-02
4.824320e-01	7.442944e-02
4.824576e-01	7.883377e-02
4.824832e-01	8.312716e-02
4.825088e-01	8.735158e-02
4.825344e-01	9.170140e-02
4.825600e-01	9.590664e-02
4.825856e-01	1.002027e-01
4.826112e-01	1.042691e-01
4.826368e-01	1.084615e-01
4.826624e-01	1.123716e-01
4.826880e-01	1.164488e-01
4.827136e-01	1.204939e-01
4.827392e-01	1.243485e-01
4.827648e-01	1.283461e-01
4.827904e-01	1.320448e-01
4.828160e-01	1.358153e-01
4.828416e-01	1.397392e-01
4.828672e-01	1.433819e-01
4.828928e-01	1.469817e-01
4.829184e-01	1.506494e-01
4.829440e-01	1.541840e-01
4.829696e-01	1.575887e-01
4.829952e-01	1.610262e-01
4.830208e-01	1.643246e-01
4.830464e-01	1.678012e-01
4.830720e-01	1.710367e-01
4.830976e-01	1.742430e-01
4.831232e-01	1.773666e-01
4.831488e-01	1.804598e-01
4.831744e-01	1.835273e-01
4.832000e-01	1.864782e-01
4.832256e-01	1.895313e-01
4.832512e-01	1.922412e-01
4.832768e-01	1.950505e-01
4.833024e-01	1.978626e-01
4.833280e-01	2.003838e-01
4.833536e-01	2.030628e-01
4.833792e-01	2.055916e-01
4.834048e-01	2.080843e-01
4.834304e-01	2.104752e-01
4.834560e-01	2.128865e-01
4.834816e-01	2.149997e-01
4.835072e-01	2.171813e-01
4.835328e-01	2.193429e-01
4.835584e-01	2.213687e-01
4.835840e-01	2.235249e-01
4.836096e-01	2.253537e-01
4.836352e-01	2.271583e-01
4.836608e-01	2.288633e-01
4.836864e-01	2.305503e-01
4.837120e-01	2.322795e-01
4.837376e-01	2.338323e-01
4.837632e-01	2.353594e-01
4.837888e-01	2.366915e-01
4.838144e-01	2.380278e-01
4.838400e-01	2.392384e-01
4.838656e-01	2.404334e-01
4.838912e-01	2.415283e-01
4.839168e-01	2.425888e-01
4.839424e-01	2.436772e-01
4.839680e-01	2.445151e-01
4.839936e-01	2.452032e-01
4.840192e-01	2.460241e-01
4.840448e-01	2.466717e-01
4.840704e-01	2.472303e-01
4.840960e-01	2.477161e-01
4.841216e-01	2.481625e-01
4.841472e-01	2.484615e-01
4.841728e-01	2.487482e-01
4.841984e-01	2.489200e-01
4.842240e-01	2.489768e-01
4.842496e-01	2.489922e-01
4.842752e-01	2.490264e-01
4.843008e-01	2.487015e-01
4.843264e-01	2.486193e-01
4.843520e-01	2.484904e-01
4.843776e-01	2.479313e-01
4.844032e-01	2.475588e-01
4.844288e-01	2.470136e-01
4.844544e-01	2.464837e-01
4.844800e-01	2.457673e-01
4.845056e-01	2.449655e-01
4.845312e-01	2.442947e-01
4.845568e-01	2.433290e-01
4.845824e-01	2.424850e-01
4.846080e-01	2.413624e-01
4.846336e-01	2.402809e-01
4.846592e-01	2.390168e-01
4.846848e-01	2.378016e-01
4.847104e-01	2.364337e-01
4.847360e-01	2.350529e-01
4.847616e-01	2.335653e-01
4.847872e-01	2.318478e-01
4.848128e-01	2.303368e-01
4.848384e-01	2.286584e-01
4.848640e-01	2.267275e-01
4.848896e-01	2.248706e-01
4.849152e-01	2.230546e-01
4.849408e-01	2.210044e-01
4.849664e-01	2.189727e-01
4.849920e-01	2.168461e-01
4.850176e-01	2.146325e-01
4.850432e-01	2.124424e-01
4.850688e-01	2.099333e-01
4.850944e-01	2.075873e-01
4.851200e-01	2.050671e-01
4.851456e-01	2.025321e-01
4.851712e-01	1.999938e-01
4.851968e-01	1.973018e-01
4.852224e-01	1.944780e-01
4.852480e-01	1.917700e-01
4.852736e-01	1.889089e-01
4.852992e-01	1.858650e-01
4.853248e-01	1.829282e-01
4.853504e-01	1.799269e-01
4.853760e-01	1.768584e-01
4.854016e-01	1.736484e-01
4.854272e-01	1.703519e-01
4.854528e-01	1.671128e-01
4.854784e-01	1.638148e-01
4.855040e-01	1.604207e-01
4.855296e-01	1.569974e-01
4.855552e-01	1.534982e-01
4.855808e-01	1.499425e-01
4.856064e-01	1.463665e-01
4.856320e-01	1.425952e-01
4.856576e-01	1.389474e-01
4.856832e-01	1.352460e-01
4.857088e-01	1.314159e-01
4.857344e-01	1.276079e-01
4.857600e-01	1.237624e-01
4.857856e-01	1.195623e-01
4.858112e-01	1.156986e-01
4.858368e-01	1.116241e-01
4.858624e-01	1.076284e-01
4.858880e-01	1.036049e-01
4.859136e-01	9.929220e-02
4.859392e-01	9.513635e-02
4.859648e-01	9.097730e-02
4.859904e-01	8.669399e-02
4.860160e-01	8.245626e-02
4.860416e-01	7.806221e-02
4.860672e-01	7.378693e-02
4.860928e-01	6.931562e-02
4.861184e-01	6.481402e-02
4.861440e-01	6.049411e-02
4.861696e-01	5.596762e-02
4.861952e-01	5.144374e-02
4.862208e-01	4.689248e-02
4.862464e-01	4.222286e-02
4.862720e-01	3.778547e-02
4.862976e-01	3.300759e-02
4.863232e-01	2.850101e-02
4.863488e-01	2.392393e-02
4.863744e-01	1.918396e-02
4.864000e-01	1.455721e-02
4.864256e-01	9.736105e-03
4.864512e-01	5.003980e-03
4.864768e-01	2.655281e-04
4.865024e-01	-4.470965e-03
4.865280e-01	-9.198967e-03
4.865536e-01	-1.400789e-02
4.865792e-01	-1.866420e-02
4.866048e-01	-2.351495e-02
4.866304e-01	-2.828097e-02
4.866560e-01	-3.310779e-02
4.866816e-01	-3.790928e-02
4.867072e-01	-4.273251e-02
4.867328e-01	-4.750387e-02
4.867584e-01	-5.232529e-02
4.867840e-01	-5.705340e-02
4.868096e-01	-6.191637e-02
4.868352e-01	-6.682149e-02
4.868608e-01	-7.152473e-02
4.868864e-01	-7.638598e-02
4.869120e-01	-8.113621e-02
4.869376e-01	-8.596286e-02
4.869632e-01	-9.072944e-02
4.869888e-01	-9.546506e-02
4.870144e-01	-1.003082e-01
4.870400e-01	-1.049075e-01
4.870656e-01	-1.097687e-01
4.870912e-01	-1.144541e-01
4.871168e-01	-1.190526e-01
4.871424e-01	-1.237711e-01
4.871680e-01	-1.283046e-01
4.871936e-01	-1.330335e-01
4.872192e-01	-1.376682e-01
4.872448e-01	-1.420654e-01
4.872704e-01	-1.467956e-01
4.872960e-01	-1.512552e-01
4.873216e-01	-1.557803e-01
4.873472e-01	-1.602996e-01
4.873728e-01	-1.647811e-01
4.873984e-01	-1.691488e-01
4.874240e-01	-1.735142e-01
4.874496e-01	-1.778901e-01
4.874752e-01	-1.822996e-01
4.875008e-01	-1.865877e-01
4.875264e-01	-1.908398e-01
4.875520e-01	-1.951200e-01
4.875776e-01	-1.991456e-01
4.876032e-01	-2.033223e-01
4.876288e-01	-2.074437e-01
4.876544e-01	-2.115523e-01
4.876800e-01	-2.155812e-01
4.877056e-01	-2.195531e-01
4.877312e-01	-2.234180e-01
4.877568e-01	-2.272719e-01
4.877824e-01	-2.312852e-01
4.878080e-01	-2.348865e-01
4.878336e-01	-2.387668e-01
4.878592e-01	-2.425212e-01
4.878848e-01	-2.461482e-01
4.879104e-01	-2.496740e-01
4.879360e-01	-2.531824e-01
4.879616e-01	-2.567376e-01
4.879872e-01	-2.601366e-01
4.880128e-01	-2.635509e-01
4.880384e-01	-2.669611e-01
4.880640e-01	-2.701127e-01
4.880896e-01	-2.733347e-01
4.881152e-01	-2.764880e-01
4.881408e-01	-2.796473e-01
4.881664e-01	-2.827808e-01
4.881920e-01	-2.856107e-01
4.882176e-01	-2.886247e-01
4.882432e-01	-2.913724e-01
4.882688e-01	-2.942351e-01
4.882944e-01	-2.970401e-01
4.883200e-01	-2.995707e-01
4.883456e-01	-3.023054e-01
4.883712e-01	-3.046256e-01
4.883968e-01	-3.073030e-01
4.884224e-01	-3.096818e-01
4.884480e-01	-3.118661e-01
4.884736e-01	-3.142031e-01
4.884992e-01	-3.164210e-01
4.885248e-01	-3.186009e-01
4.885504e-01	-3.206489e-01
4.885760e-01	-3.226510e-01
4.886016e-01	-3.245725e-01
4.886272e-01	-3.264334e-01
4.886528e-01	-3.281300e-01
4.886784e-01	-3.296725e-01
4.887040e-01	-3.315207e-01
4.887296e-01	-3.330702e-01
4.887552e-01	-3.345207e-01
4.887808e-01	-3.359838e-01
4.888064e-01	-3.372451e-01
4.888320e-01	-3.385112e-01
4.888576e-01	-3.396953e-01
4.888832e-01	-3.408329e-01
4.889088e-01	-3.419279e-01
4.889344e-01	-3.427625e-01
4.889600e-01	-3.436242e-01
4.889856e-01	-3.445466e-01
4.890112e-01	-3.453428e-01
4.890368e-01	-3.459290e-01
4.890624e-01	-3.464499e-01
4.890880e-01	-3.469329e-01
4.891136e-01	-3.474253e-01
4.891392e-01	-3.477038e-01
4.891648e-01	-3.481114e-01
4.891904e-01	-3.482001e-01
4.892160e-01	-3.482649e-01
4.892416e-01	-3.483819e-01
4.892672e-01	-3.481511e-01
4.892928e-01	-3.481575e-01
4.893184e-01	-3.481080e-01
4.893440e-01	-3.476678e-01
4.893696e-01	-3.473226e-01
4.893952e-01	-3.470466e-01
4.894208e-01	-3.464851e-01
4.894464e-01	-3.458286e-01
4.894720e-01	-3.452682e-01
4.894976e-01	-3.445508e-01
4.895232e-01	-3.437179e-01
4.895488e-01	-3.427889e-01
4.895744e-01	-3.418081e-01
4.896000e-01	-3.408372e-01
4.896256e-01	-3.397940e-01
4.896512e-01	-3.384407e-01
4.896768e-01	-3.372466e-01
4.897024e-01	-3.359204e-01
4.897280e-01	-3.343856e-01
4.897536e-01	-3.329761e-01
4.897792e-01	-3.314273e-01
4.898048e-01	-3.298658e-01
4.898304e-01	-3.280854e-01
4.898560e-01	-3.262538e-01
4.898816e-01	-3.244855e-01
4.899072e-01	-3.224594e-01
4.899328e-01	-3.205017e-01
4.899584e-01	-3.184730e-01
4.899840e-01	-3.163505e-01
4.900096e-01	-3.140638e-01
4.900352e-01	-3.118868e-01
4.900608e-01	-3.095633e-01
4.900864e-01	-3.070855e-01
4.901120e-01	-3.044989e-01
4.901376e-01	-3.020697e-01
4.901632e-01	-2.995448e-01
4.901888e-01	-2.967275e-01
4.902144e-01	-2.941347e-01
4.902400e-01	-2.912503e-01
4.902656e-01	-2.883164e-01
4.902912e-01	-2.855319e-01
4.903168e-01	-2.824279e-01
4.903424e-01	-2.794666e-01
4.903680e-01	-2.764158e-01
4.903936e-01	-2.731968e-01
4.904192e-01	-2.699902e-01
4.904448e-01	-2.668268e-01
4.904704e-01	-2.633121e-01
4.904960e-01	-2.600434e-01
4.905216e-01	-2.566247e-01
4.905472e-01	-2.530652e-01
4.905728e-01	-2.494833e-01
4.905984e-01	-2.457790e-01
4.906240e-01	-2.423207e-01
4.906496e-01	-2.385992e-01
4.906752e-01	-2.348527e-01
4.907008e-01	-2.309611e-01
4.907264e-01	-2.271483e-01
4.907520e-01	-2.233305e-01
4.907776e-01	-2.192104e-01
4.908032e-01	-2.153755e-01
4.908288e-01	-2.113020e-01
4.908544e-01	-2.071950e-01
4.908800e-01	-2.031779e-01
4.909056e-01	-1.989507e-01
4.909312e-01	-1.947275e-01
4.909568e-01	-1.904934e-01
4.909824e-01	-1.862563e-01
4.910080e-01	-1.821016e-01
4.910336e-01	-1.775604e-01
4.910592e-01	-1.732883e-01
4.910848e-01	-1.688924e-01
4.911104e-01	-1.643681e-01
4.911360e-01	-1.601423e-01
4.911616e-01	-1.555621e-01
4.911872e-01	-1.511486e-01
4.912128e-01	-1.464922e-01
4.912384e-01	-1.417355e-01
4.912640e-01	-1.374235e-01
4.912896e-01	-1.326928e-01
4.913152e-01	-1.281299e-01
4.913408e-01	-1.234062e-01
4.913664e-01	-1.186150e-01
4.913920e-01	-1.141179e-01
4.914176e-01	-1.093321e-01
4.914432e-01	-1.045946e-01
4.914688e-01	-9.995287e-02
4.914944e-01	-9.514312e-02
4.915200e-01	-9.033200e-02
4.915456e-01	-8.560614e-02
4.915712e-01	-8.082534e-02
4.915968e-01	-7.602830e-02
4.916224e-01	-7.136180e-02
4.916480e-01	-6.648310e-02
4.916736e-01	-6.171456e-02
4.916992e-01	-5.677264e-02
4.917248e-01	-5.204173e-02
4.917504e-01	-4.729356e-02
4.917760e-01	-4.238239e-02
4.918016e-01	-3.764383e-02
4.918272e-01	-3.281150e-02
4.918528e-01	-2.783782e-02
4.918784e-01	-2.319182e-02
4.919040e-01	-1.836383e-02
4.919296e-01	-1.356210e-02
4.919552e-01	-8.824689e-03
4.919808e-01	-4.041796e-03
4.920064e-01	6.223741e-04
4.920320e-01	5.404396e-03
4.920576e-01	1.011734e-02
4.920832e-01	1.488501e-02
4.921088e-01	1.945984e-02
4.921344e-01	2.416550e-02
4.921600e-01	2.890896e-02
4.921856e-01	3.343124e-02
4.922112e-01	3.818138e-02
4.922368e-01	4.269194e-02
4.922624e-01	4.725913e-02
4.922880e-01	5.171773e-02
4.923136e-01	5.623809e-02
4.923392e-01	6.082066e-02
4.923648e-01	6.520766e-02
4.923904e-01	6.968793e-02
4.924160e-01	7.409681e-02
4.924416e-01	7.854988e-02
4.924672e-01	8.272255e-02
4.924928e-01	8.705067e-02
4.925184e-01	9.142520e-02
4.925440e-01	9.544554e-02
4.925696e-01	9.982638e-02
4.925952e-01	1.038603e-01
4.926208e-01	1.079729e-01
4.926464e-01	1.120506e-01
4.926720e-01	1.161986e-01
4.926976e-01	1.200929e-01
4.927232e-01	1.240042e-01
4.927488e-01	1.279165e-01
4.927744e-01	1.316242e-01
4.928000e-01	1.355053e-01
4.928256e-01	1.392429e-01
4.928512e-01	1.431052e-01
4.928768e-01	1.466601e-01
4.929024e-01	1.503007e-01
4.929280e-01	1.538062e-01
4.929536e-01	1.572299e-01
4.929792e-01	1.607886e-01
4.930048e-01	1.640230e-01
4.930304e-01	1.675027e-01
4.930560e-01	1.707069e-01
4.930816e-01	1.740012e-01
4.931072e-01	1.770850e-01
4.931328e-01	1.801401e-01
4.931584e-01	1.833374e-01
4.931840e-01	1.862568e-01
4.932096e-01	1.892446e-01
4.932352e-01	1.920701e-01
4.932608e-01	1.948856e-01
4.932864e-01	1.975404e-01
4.933120e-01	2.002278e-01
4.933376e-01	2.029186e-01
4.933632e-01	2.052880e-01
4.933888e-01	2.078292e-01
4.934144e-01	2.101561e-01
4.934400e-01	2.124912e-01
4.934656e-01	2.148273e-01
4.934912e-01	2.170871e-01
4.935168e-01	2.191587e-01
4.935424e-01	2.212002e-01
4.935680e-01	2.232596e-01
4.935936e-01	2.250519e-01
4.936192e-01	2.268932e-01
4.936448e-01	2.288434e-01
4.936704e-01	2.304281e-01
4.936960e-01	2.321166e-01
4.937216e-01	2.336548e-01
4.937472e-01	2.350307e-01
4.937728e-01	2.365623e-01
4.937984e-01	2.379631e-01
4.938240e-01	2.391273e-01
4.938496e-01	2.403190e-01
4.938752e-01	2.414104e-01
4.939008e-01	2.425201e-01
4.939264e-01	2.434423e-01
4.939520e-01	2.442608e-01
4.939776e-01	2.451846e-01
4.940032e-01	2.459627e-01
4.940288e-01	2.465338e-01
4.940544e-01	2.470717e-01
4.940800e-01	2.475735e-01
4.941056e-01	2.480196e-01
4.941312e-01	2.483967e-01
4.941568e-01	2.487552e-01
4.941824e-01	2.488775e-01
4.942080e-01	2.489106e-01
4.942336e-01	2.489619e-01
4.942592e-01	2.489608e-01
4.942848e-01	2.488027e-01
4.943104e-01	2.486925e-01
4.943360e-01	2.484486e-01
4.943616e-01	2.480851e-01
4.943872e-01	2.476130e-01
4.944128e-01	2.470849e-01
4.944384e-01	2.465062e-01
4.944640e-01	2.458962e-01
4.944896e-01	2.451083e-01
4.945152e-01	2.443638e-01
4.945408e-01	2.434090e-01
4.945664e-01	2.424763e-01
4.945920e-01	2.414429e-01
4.946176e-01	2.402995e-01
4.946432e-01	2.391424e-01
4.946688e-01	2.379697e-01
4.946944e-01	2.364898e-01
4.947200e-01	2.350503e-01
4.947456e-01	2.335680e-01
4.947712e-01	2.320577e-01
4.947968e-01	2.304154e-01
4.948224e-01	2.286849e-01
4.948480e-01	2.270177e-01
4.948736e-01	2.251016e-01
4.948992e-01	2.231389e-01
4.949248e-01	2.212202e-01
4.949504e-01	2.190324e-01
4.949760e-01	2.170189e-01
4.950016e-01	2.148321e-01
4.950272e-01	2.124151e-01
4.950528e-01	2.102174e-01
4.950784e-01	2.078796e-01
4.951040e-01	2.054108e-01
4.951296e-01	2.027539e-01
4.951552e-01	2.001145e-01
4.951808e-01	1.975601e-01
4.952064e-01	1.946941e-01
4.952320e-01	1.920064e-01
4.952576e-01	1.891552e-01
4.952832e-01	1.861518e-01
4.953088e-01	1.832535e-01
4.953344e-01	1.801677e-01
4.953600e-01	1.769503e-01
4.953856e-01	1.739682e-01
4.954112e-01	1.707590e-01
4.954368e-01	1.674677e-01
4.954624e-01	1.641524e-01
4.954880e-01	1.607419e-01
4.955136e-01	1.573341e-01
4.955392e-01	1.537824e-01
4.955648e-01	1.502457e-01
4.955904e-01	1.467903e-01
4.956160e-01	1.429807e-01
4.956416e-01	1.392862e-01
4.956672e-01	1.356140e-01
4.956928e-01	1.317834e-01
4.957184e-01	1.279196e-01
4.957440e-01	1.239354e-01
4.957696e-01	1.201189e-01
4.957952e-01	1.160588e-01
4.958208e-01	1.120050e-01
4.958464e-01	1.080340e-01
4.958720e-01	1.037857e-01
4.958976e-01	9.975643e-02
4.959232e-01	9.565805e-02
4.959488e-01	9.130277e-02
4.959744e-01	8.708091e-02
4.960000e-01	8.276802e-02
4.960256e-01	7.847535e-02
4.960512e-01	7.405347e-02
4.960768e-01	6.955959e-02
4.961024e-01	6.540728e-02
4.961280e-01	6.075290e-02
4.961536e-01	5.634589e-02
4.961792e-01	5.180369e-02
4.962048e-01	4.724912e-02
4.962304e-01	4.272295e-02
4.962560e-01	3.810368e-02
4.962816e-01	3.359166e-02
4.963072e-01	2.889499e-02
4.963328e-01	2.419740e-02
4.963584e-01	1.958824e-02
4.963840e-01	1.495962e-02
4.964096e-01	1.025460e-02
4.964352e-01	5.487662e-03
4.964608e-01	7.218171e-04
4.964864e-01	-3.942931e-03
4.965120e-01	-8.650773e-03
4.965376e-01	-1.363636e-02
4.965632e-01	-1.830919e-02
4.965888e-01	-2.307184e-02
4.966144e-01	-2.791556e-02
4.966400e-01	-3.264089e-02
4.966656e-01	-3.731013e-02
4.966912e-01	-4.231250e-02
4.967168e-01	-4.711330e-02
4.967424e-01	-5.188490e-02
4.967680e-01	-5.665355e-02
4.967936e-01	-6.150157e-02
4.968192e-01	-6.639958e-02
4.968448e-01	-7.118293e-02
4.968704e-01	-7.595728e-02
4.968960e-01	-8.069748e-02
4.969216e-01	-8.546193e-02
4.969472e-01	-9.022222e-02
4.969728e-01	-9.497299e-02
4.969984e-01	-9.986220e-02
4.970240e-01	-1.045252e-01
4.970496e-01	-1.092191e-01
4.970752e-01	-1.138730e-01
4.971008e-01	-1.185891e-01
4.971264e-01	-1.232758e-01
4.971520e-01	-1.279587e-01
4.971776e-01	-1.325898e-01
4.972032e-01	-1.371987e-01
4.972288e-01	-1.417622e-01
4.972544e-01	-1.463137e-01
4.972800e-01	-1.509023e-01
4.973056e-01	-1.554443e-01
4.973312e-01	-1.598190e-01
4.973568e-01	-1.644244e-01
4.973824e-01	-1.687689e-01
4.974080e-01	-1.730778e-01
4.974336e-01	-1.775606e-01
4.974592e-01	-1.818231e-01
4.974848e-01	-1.860817e-01
4.975104e-01	-1.903980e-01
4.975360e-01	-1.945999e-01
4.975616e-01	-1.987891e-01
4.975872e-01	-2.029593e-01
4.976128e-01	-2.070739e-01
4.976384e-01	-2.111850e-01
4.976640e-01	-2.151241e-01
4.976896e-01	-2.191036e-01
4.977152e-01	-2.231303e-01
4.977408e-01	-2.269026e-01
4.977664e-01	-2.308654e-01
4.977920e-01	-2.345489e-01
4.978176e-01	-2.383305e-01
4.978432e-01	-2.420491e-01
4.978688e-01	-2.456349e-01
4.978944e-01	-2.493624e-01
4.979200e-01	-2.528250e-01
4.979456e-01	-2.564782e-01
4.979712e-01	-2.597423e-01
4.979968e-01	-2.632055e-01
4.980224e-01	-2.666653e-01
4.980480e-01	-2.696645e-01
4.980736e-01	-2.730748e-01
4.980992e-01	-2.761596e-01
4.981248e-01	-2.793395e-01
4.981504e-01	-2.824100e-01
4.981760e-01	-2.854240e-01
4.982016e-01	-2.882303e-01
4.982272e-01	-2.910643e-01
4.982528e-01	-2.940260e-01
4.982784e-01	-2.967117e-01
4.983040e-01	-2.993515e-01
4.983296e-01	-3.019163e-01
4.983552e-01	-3.045605e-01
4.983808e-01	-3.069589e-01
4.984064e-01	-3.093507e-01
4.984320e-01	-3.117253e-01
4.984576e-01	-3.139199e-01
4.984832e-01	-3.162712e-01
4.985088e-01	-3.183204e-01
4.985344e-01	-3.204622e-01
4.985600e-01	-3.222714e-01
4.985856e-01	-3.241635e-01
4.986112e-01	-3.262331e-01
4.986368e-01	-3.278642e-01
4.986624e-01	-3.296954e-01
4.986880e-01	-3.314356e-01
4.987136e-01	-3.329482e-01
4.987392e-01	-3.343764e-01
4.987648e-01	-3.356687e-01
4.987904e-01	-3.372556e-01
4.988160e-01	-3.383536e-01
4.988416e-01	-3.395990e-01
4.988672e-01	-3.407231e-01
4.988928e-01	-3.416540e-01
4.989184e-01	-3.427337e-01
4.989440e-01	-3.436614e-01
4.989696e-01	-3.443393e-01
4.989952e-01	-3.450953e-01
4.990208e-01	-3.458207e-01
4.990464e-01	-3.464096e-01
4.990720e-01	-3.468864e-01
4.990976e-01	-3.473954e-01
4.991232e-01	-3.477313e-01
4.991488e-01	-3.480118e-01
4.991744e-01	-3.482524e-01
4.992000e-01	-3.483066e-01
4.992256e-01	-3.483620e-01
4.992512e-01	-3.483217e-01
4.992768e-01	-3.483165e-01
4.993024e-01	-3.480777e-01
4.993280e-01	-3.477989e-01
4.993536e-01	-3.474758e-01
4.993792e-01	-3.470109e-01
4.994048e-01	-3.466482e-01
4.994304e-01	-3.458577e-01
4.994560e-01	-3.453956e-01
4.994816e-01	-3.445490e-01
4.995072e-01	-3.436647e-01
4.995328e-01	-3.428650e-01
4.995584e-01	-3.418099e-01
4.995840e-01	-3.409083e-01
4.996096e-01	-3.397398e-01
4.996352e-01	-3.385558e-01
4.996608e-01	-3.373350e-01
4.996864e-01	-3.359482e-01
4.997120e-01	-3.345641e-01
4.997376e-01	-3.330429e-01
4.997632e-01	-3.316604e-01
4.997888e-01	-3.300017e-01
4.998144e-01	-3.282450e-01
4.998400e-01	-3.264510e-01
4.998656e-01	-3.245944e-01
4.998912e-01	-3.227116e-01
4.999168e-01	-3.207875e-01
4.999424e-01	-3.186939e-01
4.999680e-01	-3.166021e-01
4.999936e-01	-3.143312e-01
5.000192e-01	-3.120469e-01
5.000448e-01	-3.097090e-01
5.000704e-01	-3.073289e-01
5.000960e-01	-3.048482e-01
5.001216e-01	-3.023877e-01
5.001472e-01	-2.998719e-01
5.001728e-01	-2.970963e-01
5.001984e-01	-2.943673e-01
5.002240e-01	-2.916048e-01
5.002496e-01	-2.887044e-01
5.002752e-01	-2.859344e-01
5.003008e-01	-2.828449e-01
5.003264e-01	-2.798479e-01
5.003520e-01	-2.766339e-01
5.003776e-01	-2.735085e-01
5.004032e-01	-2.704037e-01
5.004288e-01	-2.670359e-01
5.004544e-01	-2.636784e-01
5.004800e-01	-2.603037e-01
5.005056e-01	-2.568834e-01
5.005312e-01	-2.534447e-01
5.005568e-01	-2.499184e-01
5.005824e-01	-2.462585e-01
5.006080e-01	-2.426412e-01
5.006336e-01	-2.388925e-01
5.006592e-01	-2.351806e-01
5.006848e-01	-2.313808e-01
5.007104e-01	-2.275077e-01
5.007360e-01	-2.237541e-01
5.007616e-01	-2.196079e-01
5.007872e-01	-2.158051e-01
5.008128e-01	-2.117079e-01
5.008384e-01	-2.075311e-01
5.008640e-01	-2.035052e-01
5.008896e-01	-1.994213e-01
5.009152e-01	-1.951975e-01
5.009408e-01	-1.909371e-01
5.009664e-01	-1.867149e-01
5.009920e-01	-1.824531e-01
5.010176e-01	-1.782069e-01
5.010432e-01	-1.737294e-01
5.010688e-01	-1.693464e-01
5.010944e-01	-1.650642e-01
5.011200e-01	-1.604107e-01
5.011456e-01	-1.560023e-01
5.011712e-01	-1.515594e-01
5.011968e-01	-1.469490e-01
5.012224e-01	-1.423714e-01
5.012480e-01	-1.378188e-01
5.012736e-01	-1.331576e-01
5.012992e-01	-1.286085e-01
5.013248e-01	-1.239226e-01
5.013504e-01	-1.192174e-01
5.013760e-01	-1.145797e-01
5.014016e-01	-1.097962e-01
5.014272e-01	-1.051518e-01
5.014528e-01	-1.004653e-01
5.014784e-01	-9.569600e-02
5.015040e-01	-9.080787e-02
5.015296e-01	-8.604072e-02
5.015552e-01	-8.141301e-02
5.015808e-01	-7.655703e-02
5.016064e-01	-7.180952e-02
5.016320e-01	-6.688365e-02
5.016576e-01	-6.209678e-02
5.016832e-01	-5.732246e-02
5.017088e-01	-5.255548e-02
5.017344e-01	-4.767105e-02
5.017600e-01	-4.287937e-02
5.017856e-01	-3.812160e-02
5.018112e-01	-3.327909e-02
5.018368e-01	-2.848332e-02
5.018624e-01	-2.365161e-02
5.018880e-01	-1.874046e-02
5.019136e-01	-1.399875e-02
5.019392e-01	-9.355976e-03
5.019648e-01	-4.458616e-03
5.019904e-01	2.082361e-04
5.020160e-01	4.990743e-03
5.020416e-01	9.711915e-03
5.020672e-01	1.430831e-02
5.020928e-01	1.926170e-02
5.021184e-01	2.389675e-02
5.021440e-01	2.844491e-02
5.021696e-01	3.305966e-02
5.021952e-01	3.767117e-02
5.022208e-01	4.225739e-02
5.022464e-01	4.677962e-02
5.022720e-01	5.116180e-02
5.022976e-01	5.583186e-02
5.023232e-01	6.046486e-02
5.023488e-01	6.483428e-02
5.023744e-01	6.926750e-02
5.024000e-01	7.364795e-02
5.024256e-01	7.795127e-02
5.024512e-01	8.239353e-02
5.024768e-01	8.659741e-02
5.025024e-01	9.088159e-02
5.025280e-01	9.507094e-02
5.025536e-01	9.928236e-02
5.025792e-01	1.035104e-01
5.026048e-01	1.075802e-01
5.026304e-01	1.116070e-01
5.026560e-01	1.155790e-01
5.026816e-01	1.196499e-01
5.027072e-01	1.235708e-01
5.027328e-01	1.274748e-01
5.027584e-01	1.312181e-01
5.027840e-01	1.350672e-01
5.028096e-01	1.389334e-01
5.028352e-01	1.425906e-01
5.028608e-01	1.463359e-01
5.028864e-01	1.498578e-01
5.029120e-01	1.535236e-01
5.029376e-01	1.569964e-01
5.029632e-01	1.603259e-01
5.029888e-01	1.638021e-01
5.030144e-01	1.671415e-01
5.030400e-01	1.704310e-01
5.030656e-01	1.737212e-01
5.030912e-01	1.767760e-01
5.031168e-01	1.798974e-01
5.031424e-01	1.829451e-01
5.031680e-01	1.859773e-01
5.031936e-01	1.889075e-01
5.032192e-01	1.917973e-01
5.032448e-01	1.945171e-01
5.032704e-01	1.972460e-01
5.032960e-01	1.999292e-01
5.033216e-01	2.025278e-01
5.033472e-01	2.051812e-01
5.033728e-01	2.076810e-01
5.033984e-01	2.100089e-01
5.034240e-01	2.122769e-01
5.034496e-01	2.145769e-01
5.034752e-01	2.169476e-01
5.035008e-01	2.189721e-01
5.035264e-01	2.210307e-01
5.035520e-01	2.230804e-01
5.035776e-01	2.249819e-01
5.036032e-01	2.267580e-01
5.036288e-01	2.285726e-01
5.036544e-01	2.303818e-01
5.036800e-01	2.319919e-01
5.037056e-01	2.334868e-01
5.037312e-01	2.349765e-01
5.037568e-01	2.364233e-01
5.037824e-01	2.377614e-01
5.038080e-01	2.390307e-01
5.038336e-01	2.403190e-01
5.038592e-01	2.413923e-01
5.038848e-01	2.424330e-01
5.039104e-01	2.433401e-01
5.039360e-01	2.443051e-01
5.039616e-01	2.450036e-01
5.039872e-01	2.457553e-01
5.040128e-01	2.465129e-01
5.040384e-01	2.470522e-01
5.040640e-01	2.477415e-01
5.040896e-01	2.479718e-01
5.041152e-01	2.482946e-01
5.041408e-01	2.487343e-01
5.041664e-01	2.487413e-01
5.041920e-01	2.489626e-01
5.042176e-01	2.489700e-01
5.042432e-01	2.489501e-01
5.042688e-01	2.488859e-01
5.042944e-01	2.487599e-01
5.043200e-01	2.484576e-01
5.043456e-01	2.481094e-01
5.043712e-01	2.477084e-01
5.043968e-01	2.470906e-01
5.044224e-01	2.465323e-01
5.044480e-01	2.459165e-01
5.044736e-01	2.452126e-01
5.044992e-01	2.444909e-01
5.045248e-01	2.435059e-01
5.045504e-01	2.426075e-01
5.045760e-01	2.415549e-01
5.046016e-01	2.404772e-01
5.046272e-01	2.392567e-01
5.046528e-01	2.379241e-01
5.046784e-01	2.367458e-01
5.047040e-01	2.353003e-01
5.047296e-01	2.338094e-01
5.047552e-01	2.322870e-01
5.047808e-01	2.304783e-01
5.048064e-01	2.289748e-01
5.048320e-01	2.271757e-01
5.048576e-01	2.252208e-01
5.048832e-01	2.233656e-01
5.049088e-01	2.214597e-01
5.049344e-01	2.194345e-01
5.049600e-01	2.173396e-01
5.049856e-01	2.150654e-01
5.050112e-01	2.128023e-01
5.050368e-01	2.104124e-01
5.050624e-01	2.079006e-01
5.050880e-01	2.056255e-01
5.051136e-01	2.031312e-01
5.051392e-01	2.004436e-01
5.051648e-01	1.976639e-01
5.051904e-01	1.950056e-01
5.052160e-01	1.924148e-01
5.052416e-01	1.894128e-01
5.052672e-01	1.865007e-01
5.052928e-01	1.836013e-01
5.053184e-01	1.806128e-01
5.053440e-01	1.773762e-01
5.053696e-01	1.742515e-01
5.053952e-01	1.710593e-01
5.054208e-01	1.678430e-01
5.054464e-01	1.644551e-01
5.054720e-01	1.611078e-01
5.054976e-01	1.576726e-01
5.055232e-01	1.541434e-01
5.055488e-01	1.506205e-01
5.055744e-01	1.469806e-01
5.056000e-01	1.433138e-01
5.056256e-01	1.397378e-01
5.056512e-01	1.359861e-01
5.056768e-01	1.320686e-01
5.057024e-01	1.282866e-01
5.057280e-01	1.245238e-01
5.057536e-01	1.204470e-01
5.057792e-01	1.164564e-01
5.058048e-01	1.124424e-01
5.058304e-01	1.084207e-01
5.058560e-01	1.042619e-01
5.058816e-01	1.001249e-01
5.059072e-01	9.594788e-02
5.059328e-01	9.182823e-02
5.059584e-01	8.753266e-02
5.059840e-01	8.318529e-02
5.060096e-01	7.887398e-02
5.060352e-01	7.454683e-02
5.060608e-01	7.010417e-02
5.060864e-01	6.568630e-02
5.061120e-01	6.122273e-02
5.061376e-01	5.678239e-02
5.061632e-01	5.226832e-02
5.061888e-01	4.775498e-02
5.062144e-01	4.323647e-02
5.062400e-01	3.858428e-02
5.062656e-01	3.407539e-02
5.062912e-01	2.938861e-02
5.063168e-01	2.469882e-02
5.063424e-01	2.017514e-02
5.063680e-01	1.546145e-02
5.063936e-01	1.076785e-02
5.064192e-01	5.878690e-03
5.064448e-01	1.212827e-03
5.064704e-01	-3.580585e-03
5.064960e-01	-8.386808e-03
5.065216e-01	-1.302579e-02
5.065472e-01	-1.789182e-02
5.065728e-01	-2.258988e-02
5.065984e-01	-2.741637e-02
5.066240e-01	-3.226240e-02
5.066496e-01	-3.699185e-02
5.066752e-01	-4.187958e-02
5.067008e-01	-4.658632e-02
5.067264e-01	-5.141827e-02
5.067520e-01	-5.629219e-02
5.067776e-01	-6.105575e-02
5.068032e-01	-6.578227e-02
5.068288e-01	-7.062086e-02
5.068544e-01	-7.553476e-02
5.068800e-01	-8.023429e-02
5.069056e-01	-8.494376e-02
5.069312e-01	-8.987280e-02
5.069568e-01	-9.465100e-02
5.069824e-01	-9.931523e-02
5.070080e-01	-1.040792e-01
5.070336e-01	-1.088433e-01
5.070592e-01	-1.134861e-01
5.070848e-01	-1.181585e-01
5.071104e-01	-1.228653e-01
5.071360e-01	-1.274609e-01
5.071616e-01	-1.321156e-01
5.071872e-01	-1.367970e-01
5.072128e-01	-1.413115e-01
5.072384e-01	-1.459305e-01
5.072640e-01	-1.504510e-01
5.072896e-01	-1.550082e-01
5.073152e-01	-1.594408e-01
5.073408e-01	-1.639292e-01
5.073664e-01	-1.683078e-01
5.073920e-01	-1.727871e-01
5.074176e-01	-1.771332e-01
5.074432e-01	-1.815025e-01
5.074688e-01	-1.857904e-01
5.074944e-01	-1.899583e-01
5.075200e-01	-1.942353e-01
5.075456e-01	-1.983937e-01
5.075712e-01	-2.025437e-01
5.075968e-01	-2.067323e-01
5.076224e-01	-2.107296e-01
5.076480e-01	-2.147515e-01
5.076736e-01	-2.187563e-01
5.076992e-01	-2.227368e-01
5.077248e-01	-2.266203e-01
5.077504e-01	-2.304275e-01
5.077760e-01	-2.342991e-01
5.078016e-01	-2.380735e-01
5.078272e-01	-2.417559e-01
5.078528e-01	-2.454015e-01
5.078784e-01	-2.488773e-01
5.079040e-01	-2.524886e-01
5.079296e-01	-2.560083e-01
5.079552e-01	-2.594419e-01
5.079808e-01	-2.629287e-01
5.080064e-01	-2.662279e-01
5.080320e-01	-2.694581e-01
5.080576e-01	-2.727967e-01
5.080832e-01	-2.758917e-01
5.081088e-01	-2.790551e-01
5.081344e-01	-2.820864e-01
5.081600e-01	-2.850846e-01
5.081856e-01	-2.880091e-01
5.082112e-01	-2.909428e-01
5.082368e-01	-2.936693e-01
5.082624e-01	-2.963537e-01
5.082880e-01	-2.991229e-01
5.083136e-01	-3.017912e-01
5.083392e-01	-3.043061e-01
5.083648e-01	-3.067477e-01
5.083904e-01	-3.091924e-01
5.084160e-01	-3.115256e-01
5.084416e-01	-3.137729e-01
5.084672e-01	-3.160039e-01
5.084928e-01	-3.181737e-01
5.085184e-01	-3.202240e-01
5.085440e-01	-3.221676e-01
5.085696e-01	-3.241951e-01
5.085952e-01	-3.260287e-01
5.086208e-01	-3.278004e-01
5.086464e-01	-3.294828e-01
5.086720e-01	-3.311363e-01
5.086976e-01	-3.327934e-01
5.087232e-01	-3.342622e-01
5.087488e-01	-3.356705e-01
5.087744e-01	-3.369966e-01
5.088000e-01	-3.383024e-01
5.088256e-01	-3.394785e-01
5.088512e-01	-3.407183e-01
5.088768e-01	-3.416857e-01
5.089024e-01	-3.425736e-01
5.089280e-01	-3.436278e-01
5.089536e-01	-3.443423e-01
5.089792e-01	-3.451614e-01
5.090048e-01	-3.457954e-01
5.090304e-01	-3.464615e-01
5.090560e-01	-3.469450e-01
5.090816e-01	-3.473564e-01
5.091072e-01	-3.478004e-01
5.091328e-01	-3.480189e-01
5.091584e-01	-3.482143e-01
5.091840e-01	-3.483555e-01
5.092096e-01	-3.482893e-01
5.092352e-01	-3.483590e-01
5.092608e-01	-3.483491e-01
5.092864e-01	-3.480573e-01
5.093120e-01	-3.477952e-01
5.093376e-01	-3.474980e-01
5.093632e-01	-3.471396e-01
5.093888e-01	-3.465910e-01
5.094144e-01	-3.460512e-01
5.094400e-01	-3.454642e-01
5.094656e-01	-3.446797e-01
5.094912e-01	-3.439071e-01
5.095168e-01	-3.430801e-01
5.095424e-01	-3.420473e-01
5.095680e-01	-3.410062e-01
5.095936e-01	-3.399679e-01
5.096192e-01	-3.387370e-01
5.096448e-01	-3.375120e-01
5.096704e-01	-3.361180e-01
5.096960e-01	-3.347682e-01
5.097216e-01	-3.332552e-01
5.097472e-01	-3.317356e-01
5.097728e-01	-3.300884e-01
5.097984e-01	-3.284312e-01
5.098240e-01	-3.267381e-01
5.098496e-01	-3.248954e-01
5.098752e-01	-3.228806e-01
5.099008e-01	-3.209803e-01
5.099264e-01	-3.188063e-01
5.099520e-01	-3.166974e-01
5.099776e-01	-3.145525e-01
5.100032e-01	-3.123049e-01
5.100288e-01	-3.100843e-01
5.100544e-01	-3.075342e-01
5.100800e-01	-3.051502e-01
5.101056e-01	-3.026389e-01
5.101312e-01	-3.000197e-01
5.101568e-01	-2.974530e-01
5.101824e-01	-2.947057e-01
5.102080e-01	-2.918296e-01
5.102336e-01	-2.889037e-01
5.102592e-01	-2.861453e-01
5.102848e-01	-2.831395e-01
5.103104e-01	-2.800309e-01
5.103360e-01	-2.769665e-01
5.103616e-01	-2.737769e-01
5.103872e-01	-2.705821e-01
5.104128e-01	-2.673637e-01
5.104384e-01	-2.639722e-01
5.104640e-01	-2.606752e-01
5.104896e-01	-2.572717e-01
5.105152e-01	-2.537765e-01
5.105408e-01	-2.501746e-01
5.105664e-01	-2.466288e-01
5.105920e-01	-2.429588e-01
5.106176e-01	-2.392630e-01
5.106432e-01	-2.355509e-01
5.106688e-01	-2.316637e-01
5.106944e-01	-2.280209e-01
5.107200e-01	-2.240625e-01
5.107456e-01	-2.200166e-01
5.107712e-01	-2.162096e-01
5.107968e-01	-2.120730e-01
5.108224e-01	-2.080866e-01
5.108480e-01	-2.040741e-01
5.108736e-01	-1.998536e-01
5.108992e-01	-1.955342e-01
5.109248e-01	-1.913614e-01
5.109504e-01	-1.871537e-01
5.109760e-01	-1.828674e-01
5.110016e-01	-1.785388e-01
5.110272e-01	-1.742667e-01
5.110528e-01	-1.697477e-01
5.110784e-01	-1.652976e-01
5.111040e-01	-1.609146e-01
5.111296e-01	-1.563610e-01
5.111552e-01	-1.520323e-01
5.111808e-01	-1.473039e-01
5.112064e-01	-1.427469e-01
5.112320e-01	-1.383477e-01
5.112576e-01	-1.336237e-01
5.112832e-01	-1.289796e-01
5.113088e-01	-1.242968e-01
5.113344e-01	-1.196991e-01
5.113600e-01	-1.149700e-01
5.113856e-01	-1.101879e-01
5.114112e-01	-1.055166e-01
5.114368e-01	-1.009338e-01
5.114624e-01	-9.607664e-02
5.114880e-01	-9.118916e-02
5.115136e-01	-8.645905e-02
5.115392e-01	-8.172872e-02
5.115648e-01	-7.697087e-02
5.115904e-01	-7.218307e-02
5.116160e-01	-6.737020e-02
5.116416e-01	-6.260490e-02
5.116672e-01	-5.767009e-02
5.116928e-01	-5.293196e-02
5.117184e-01	-4.816901e-02
5.117440e-01	-4.328331e-02
5.117696e-01	-3.853787e-02
5.117952e-01	-3.370069e-02
5.118208e-01	-2.880221e-02
5.118464e-01	-2.409145e-02
5.118720e-01	-1.940830e-02
5.118976e-01	-1.458577e-02
5.119232e-01	-9.777323e-03
5.119488e-01	-5.002820e-03
5.119744e-01	-2.472404e-04
5.120000e-01	4.449526e-03
5.120256e-01	9.144347e-03
5.120512e-01	1.384393e-02
5.120768e-01	1.860921e-02
5.121024e-01	2.325292e-02
5.121280e-01	2.795783e-02
5.121536e-01	3.255896e-02
5.121792e-01	3.714446e-02
5.122048e-01	4.185531e-02
5.122304e-01	4.632825e-02
5.122560e-01	5.098750e-02
5.122816e-01	5.542293e-02
5.123072e-01	5.975408e-02
5.123328e-01	6.449219e-02
5.123584e-01	6.877905e-02
5.123840e-01	7.323138e-02
5.124096e-01	7.762612e-02
5.124352e-01	8.195642e-02
5.124608e-01	8.616235e-02
5.124864e-01	9.044050e-02
5.125120e-01	9.474665e-02
5.125376e-01	9.887893e-02
5.125632e-01	1.031574e-01
5.125888e-01	1.071694e-01
5.126144e-01	1.112263e-01
5.126400e-01	1.153248e-01
5.126656e-01	1.192636e-01
5.126912e-01	1.232152e-01
5.127168e-01	1.270343e-01
5.127424e-01	1.310999e-01
5.127680e-01	1.347832e-01
5.127936e-01	1.385414e-01
5.128192e-01	1.423827e-01
5.128448e-01	1.458347e-01
5.128704e-01	1.495994e-01
5.128960e-01	1.530898e-01
5.129216e-01	1.565677e-01
5.129472e-01	1.601912e-01
5.129728e-01	1.633570e-01
5.129984e-01	1.668013e-01
5.130240e-01	1.700419e-01
5.130496e-01	1.733279e-01
5.130752e-01	1.765155e-01
5.131008e-01	1.795627e-01
5.131264e-01	1.826613e-01
5.131520e-01	1.856413e-01
5.131776e-01	1.885031e-01
5.132032e-01	1.914280e-01
5.132288e-01	1.943067e-01
5.132544e-01	1.970187e-01
5.132800e-01	1.996527e-01
5.133056e-01	2.022634e-01
5.133312e-01	2.049833e-01
5.133568e-01	2.073891e-01
5.133824e-01	2.096479e-01
5.134080e-01	2.121283e-01
5.134336e-01	2.144471e-01
5.134592e-01	2.166678e-01
5.134848e-01	2.188168e-01
5.135104e-01	2.207439e-01
5.135360e-01	2.226999e-01
5.135616e-01	2.248754e-01
5.135872e-01	2.265009e-01
5.136128e-01	2.283885e-01
5.136384e-01	2.301413e-01
5.136640e-01	2.317815e-01
5.136896e-01	2.334353e-01
5.137152e-01	2.347810e-01
5.137408e-01	2.363641e-01
5.137664e-01	2.376810e-01
5.137920e-01	2.388606e-01
5.138176e-01	2.401286e-01
5.138432e-01	2.411067e-01
5.138688e-01	2.423117e-01
5.138944e-01	2.433233e-01
5.139200e-01	2.441505e-01
5.139456e-01	2.450746e-01
5.139712e-01	2.458504e-01
5.139968e-01	2.464377e-01
5.140224e-01	2.470527e-01
5.140480e-01	2.475325e-01
5.140736e-01	2.479696e-01
5.140992e-01	2.483891e-01
5.141248e-01	2.486061e-01
5.141504e-01	2.487723e-01
5.141760e-01	2.489773e-01
5.142016e-01	2.490422e-01
5.142272e-01	2.490412e-01
5.142528e-01	2.488760e-01
5.142784e-01	2.487666e-01
5.143040e-01	2.484036e-01
5.143296e-01	2.481087e-01
5.143552e-01	2.477485e-01
5.143808e-01	2.471146e-01
5.144064e-01	2.465687e-01
5.144320e-01	2.459983e-01
5.144576e-01	2.452657e-01
5.144832e-01	2.444593e-01
5.145088e-01	2.435460e-01
5.145344e-01	2.428298e-01
5.145600e-01	2.417187e-01
5.145856e-01	2.405017e-01
5.146112e-01	2.394530e-01
5.146368e-01	2.381114e-01
5.146624e-01	2.368890e-01
5.146880e-01	2.354793e-01
5.147136e-01	2.339248e-01
5.147392e-01	2.324116e-01
5.147648e-01	2.307404e-01
5.147904e-01	2.290783e-01
5.148160e-01	2.272687e-01
5.148416e-01	2.255369e-01
5.148672e-01	2.235282e-01
5.148928e-01	2.216259e-01
5.149184e-01	2.195765e-01
5.149440e-01	2.174047e-01
5.149696e-01	2.152269e-01
5.149952e-01	2.129493e-01
5.150208e-01	2.106961e-01
5.150464e-01	2.082310e-01
5.150720e-01	2.058581e-01
5.150976e-01	2.033212e-01
5.151232e-01	2.007235e-01
5.151488e-01	1.980943e-01
5.151744e-01	1.952612e-01
5.152000e-01	1.925965e-01
5.152256e-01	1.896537e-01
5.152512e-01	1.868676e-01
5.152768e-01	1.838072e-01
5.153024e-01	1.808286e-01
5.153280e-01	1.776654e-01
5.153536e-01	1.744449e-01
5.153792e-01	1.713656e-01
5.154048e-01	1.680755e-01
5.154304e-01	1.648047e-01
5.154560e-01	1.613611e-01
5.154816e-01	1.579365e-01
5.155072e-01	1.544814e-01
5.155328e-01	1.509369e-01
5.155584e-01	1.473386e-01
5.155840e-01	1.436851e-01
5.156096e-01	1.400641e-01
5.156352e-01	1.363069e-01
5.156608e-01	1.325570e-01
5.156864e-01	1.286594e-01
5.157120e-01	1.248070e-01
5.157376e-01	1.208169e-01
5.157632e-01	1.168844e-01
5.157888e-01	1.128482e-01
5.158144e-01	1.088308e-01
5.158400e-01	1.047800e-01
5.158656e-01	1.006068e-01
5.158912e-01	9.649475e-02
5.159168e-01	9.211414e-02
5.159424e-01	8.778711e-02
5.159680e-01	8.365677e-02
5.159936e-01	7.927535e-02
5.160192e-01	7.496213e-02
5.160448e-01	7.056626e-02
5.160704e-01	6.617636e-02
5.160960e-01	6.170767e-02
5.161216e-01	5.715740e-02
5.161472e-01	5.264898e-02
5.161728e-01	4.819072e-02
5.161984e-01	4.362306e-02
5.162240e-01	3.902355e-02
5.162496e-01	3.435810e-02
5.162752e-01	2.982204e-02
5.163008e-01	2.520509e-02
5.163264e-01	2.046023e-02
5.163520e-01	1.586298e-02
5.163776e-01	1.114551e-02
5.164032e-01	6.379196e-03
5.164288e-01	1.773702e-03
5.164544e-01	-3.032171e-03
5.164800e-01	-7.744193e-03
5.165056e-01	-1.262628e-02
5.165312e-01	-1.733270e-02
5.165568e-01	-2.219418e-02
5.165824e-01	-2.701690e-02
5.166080e-01	-3.173757e-02
5.166336e-01	-3.655001e-02
5.166592e-01	-4.131625e-02
5.166848e-01	-4.620584e-02
5.167104e-01	-5.096145e-02
5.167360e-01	-5.579019e-02
5.167616e-01	-6.072702e-02
5.167872e-01	-6.545454e-02
5.168128e-01	-7.017823e-02
5.168384e-01	-7.500794e-02
5.168640e-01	-7.982611e-02
5.168896e-01	-8.462673e-02
5.169152e-01	-8.930380e-02
5.169408e-01	-9.417007e-02
5.169664e-01	-9.895354e-02
5.169920e-01	-1.035089e-01
5.170176e-01	-1.082821e-01
5.170432e-01	-1.130126e-01
5.170688e-01	-1.177902e-01
5.170944e-01	-1.223690e-01
5.171200e-01	-1.270985e-01
5.171456e-01	-1.317200e-01
5.171712e-01	-1.363454e-01
5.171968e-01	-1.409738e-01
5.172224e-01	-1.454742e-01
5.172480e-01	-1.499845e-01
5.172736e-01	-1.545705e-01
5.172992e-01	-1.590375e-01
5.173248e-01	-1.634252e-01
5.173504e-01	-1.679164e-01
5.173760e-01	-1.723431e-01
5.174016e-01	-1.767258e-01
5.174272e-01	-1.810902e-01
5.174528e-01	-1.853538e-01
5.174784e-01	-1.895912e-01
5.175040e-01	-1.937760e-01
5.175296e-01	-1.980316e-01
5.175552e-01	-2.021123e-01
5.175808e-01	-2.062460e-01
5.176064e-01	-2.103247e-01
5.176320e-01	-2.144173e-01
5.176576e-01	-2.183749e-01
5.176832e-01	-2.222187e-01
5.177088e-01	-2.261888e-01
5.177344e-01	-2.301376e-01
5.177600e-01	-2.338808e-01
5.177856e-01	-2.376632e-01
5.178112e-01	-2.413961e-01
5.178368e-01	-2.449604e-01
5.178624e-01	-2.486242e-01
5.178880e-01	-2.522556e-01
5.179136e-01	-2.557923e-01
5.179392e-01	-2.592072e-01
5.179648e-01	-2.625436e-01
5.179904e-01	-2.659299e-01
5.180160e-01	-2.691861e-01
5.180416e-01	-2.725179e-01
5.180672e-01	-2.756392e-01
5.180928e-01	-2.787879e-01
5.181184e-01	-2.818030e-01
5.181440e-01	-2.848115e-01
5.181696e-01	-2.877105e-01
5.181952e-01	-2.906372e-01
5.182208e-01	-2.934375e-01
5.182464e-01	-2.962541e-01
5.182720e-01	-2.988435e-01
5.182976e-01	-3.014260e-01
5.183232e-01	-3.040779e-01
5.183488e-01	-3.065236e-01
5.183744e-01	-3.089731e-01
5.184000e-01	-3.112412e-01
5.184256e-01	-3.135664e-01
5.184512e-01	-3.159493e-01
5.184768e-01	-3.179140e-01
5.185024e-01	-3.200152e-01
5.185280e-01	-3.221205e-01
5.185536e-01	-3.239543e-01
5.185792e-01	-3.258986e-01
5.186048e-01	-3.277391e-01
5.186304e-01	-3.293708e-01
5.186560e-01	-3.311077e-01
5.186816e-01	-3.326262e-01
5.187072e-01	-3.341469e-01
5.187328e-01	-3.355421e-01
5.187584e-01	-3.368422e-01
5.187840e-01	-3.380928e-01
5.188096e-01	-3.393636e-01
5.188352e-01	-3.405236e-01
5.188608e-01	-3.415371e-01
5.188864e-01	-3.425820e-01
5.189120e-01	-3.435079e-01
5.189376e-01	-3.443527e-01
5.189632e-01	-3.450651e-01
5.189888e-01	-3.457311e-01
5.190144e-01	-3.463380e-01
5.190400e-01	-3.469114e-01
5.190656e-01	-3.474055e-01
5.190912e-01	-3.477166e-01
5.191168e-01	-3.480588e-01
5.191424e-01	-3.481358e-01
5.191680e-01	-3.484095e-01
5.191936e-01	-3.484459e-01
5.192192e-01	-3.483719e-01
5.192448e-01	-3.482510e-01
5.192704e-01	-3.481008e-01
5.192960e-01	-3.478860e-01
5.193216e-01	-3.475751e-01
5.193472e-01	-3.471730e-01
5.193728e-01	-3.465358e-01
5.193984e-01	-3.461331e-01
5.194240e-01	-3.454417e-01
5.194496e-01	-3.446671e-01
5.194752e-01	-3.440733e-01
5.195008e-01	-3.430226e-01
5.195264e-01	-3.420938e-01
5.195520e-01	-3.410979e-01
5.195776e-01	-3.398833e-01
5.196032e-01	-3.388251e-01
5.196288e-01	-3.375936e-01
5.196544e-01	-3.362689e-01
5.196800e-01	-3.348883e-01
5.197056e-01	-3.333860e-01
5.197312e-01	-3.318691e-01
5.197568e-01	-3.302856e-01
5.197824e-01	-3.286083e-01
5.198080e-01	-3.267766e-01
5.198336e-01	-3.249462e-01
5.198592e-01	-3.230571e-01
5.198848e-01	-3.211697e-01
5.199104e-01	-3.190587e-01
5.199360e-01	-3.169520e-01
5.199616e-01	-3.147407e-01
5.199872e-01	-3.125660e-01
5.200128e-01	-3.102719e-01
5.200384e-01	-3.077982e-01
5.200640e-01	-3.053583e-01
5.200896e-01	-3.028552e-01
5.201152e-01	-3.003036e-01
5.201408e-01	-2.977056e-01
5.201664e-01	-2.949004e-01
5.201920e-01	-2.920994e-01
5.202176e-01	-2.892670e-01
5.202432e-01	-2.864166e-01
5.202688e-01	-2.834049e-01
5.202944e-01	-2.804036e-01
5.203200e-01	-2.772730e-01
5.203456e-01	-2.741790e-01
5.203712e-01	-2.709849e-01
5.203968e-01	-2.677347e-01
5.204224e-01	-2.643317e-01
5.204480e-01	-2.609802e-01
5.204736e-01	-2.576413e-01
5.204992e-01	-2.540697e-01
5.205248e-01	-2.505838e-01
5.205504e-01	-2.470271e-01
5.205760e-01	-2.432628e-01
5.206016e-01	-2.396791e-01
5.206272e-01	-2.358796e-01
5.206528e-01	-2.320525e-01
5.206784e-01	-2.282869e-01
5.207040e-01	-2.242978e-01
5.207296e-01	-2.203913e-01
5.207552e-01	-2.164155e-01
5.207808e-01	-2.124708e-01
5.208064e-01	-2.084085e-01
5.208320e-01	-2.042771e-01
5.208576e-01	-2.002411e-01
5.208832e-01	-1.959831e-01
5.209088e-01	-1.918133e-01
5.209344e-01	-1.874304e-01
5.209600e-01	-1.832618e-01
5.209856e-01	-1.789498e-01
5.210112e-01	-1.745501e-01
5.210368e-01	-1.701964e-01
5.210624e-01	-1.658006e-01
5.210880e-01	-1.612969e-01
5.211136e-01	-1.567773e-01
5.211392e-01	-1.523886e-01
5.211648e-01	-1.477643e-01
5.211904e-01	-1.432033e-01
5.212160e-01	-1.386914e-01
5.212416e-01	-1.340445e-01
5.212672e-01	-1.294403e-01
5.212928e-01	-1.247637e-01
5.213184e-01	-1.200915e-01
5.213440e-01	-1.154724e-01
5.213696e-01	-1.106798e-01
5.213952e-01	-1.059651e-01
5.214208e-01	-1.012850e-01
5.214464e-01	-9.646995e-02
5.214720e-01	-9.174969e-02
5.214976e-01	-8.701733e-02
5.215232e-01	-8.222823e-02
5.215488e-01	-7.737412e-02
5.215744e-01	-7.264043e-02
5.216000e-01	-6.776131e-02
5.216256e-01	-6.303461e-02
5.216512e-01	-5.836016e-02
5.216768e-01	-5.342986e-02
5.217024e-01	-4.859447e-02
5.217280e-01	-4.379918e-02
5.217536e-01	-3.897417e-02
5.217792e-01	-3.419237e-02
5.218048e-01	-2.923100e-02
5.218304e-01	-2.451527e-02
5.218560e-01	-1.976675e-02
5.218816e-01	-1.509696e-02
5.219072e-01	-1.016606e-02
5.219328e-01	-5.352541e-03
5.219584e-01	-7.464789e-04
5.219840e-01	4.113754e-03
5.220096e-01	8.704858e-03
5.220352e-01	1.344516e-02
5.220608e-01	1.821293e-02
5.220864e-01	2.280251e-02
5.221120e-01	2.764603e-02
5.221376e-01	3.216118e-02
5.221632e-01	3.668233e-02
5.221888e-01	4.150349e-02
5.222144e-01	4.596628e-02
5.222400e-01	5.036158e-02
5.222656e-01	5.491915e-02
5.222912e-01	5.943721e-02
5.223168e-01	6.402782e-02
5.223424e-01	6.847212e-02
5.223680e-01	7.278754e-02
5.223936e-01	7.714105e-02
5.224192e-01	8.153304e-02
5.224448e-01	8.577821e-02
5.224704e-01	9.014850e-02
5.224960e-01	9.422130e-02
5.225216e-01	9.855919e-02
5.225472e-01	1.027138e-01
5.225728e-01	1.068392e-01
5.225984e-01	1.109502e-01
5.226240e-01	1.148774e-01
5.226496e-01	1.190199e-01
5.226752e-01	1.227705e-01
5.227008e-01	1.267328e-01
5.227264e-01	1.306147e-01
5.227520e-01	1.343859e-01
5.227776e-01	1.381275e-01
5.228032e-01	1.419011e-01
5.228288e-01	1.456456e-01
5.228544e-01	1.491891e-01
5.228800e-01	1.528458e-01
5.229056e-01	1.561525e-01
5.229312e-01	1.597021e-01
5.229568e-01	1.631292e-01
5.229824e-01	1.665526e-01
5.230080e-01	1.697847e-01
5.230336e-01	1.729960e-01
5.230592e-01	1.762282e-01
5.230848e-01	1.792723e-01
5.231104e-01	1.823782e-01
5.231360e-01	1.853562e-01
5.231616e-01	1.883247e-01
5.231872e-01	1.913126e-01
5.232128e-01	1.940941e-01
5.232384e-01	1.967814e-01
5.232640e-01	1.993823e-01
5.232896e-01	2.020742e-01
5.233152e-01	2.045737e-01
5.233408e-01	2.071300e-01
5.233664e-01	2.095989e-01
5.233920e-01	2.118323e-01
5.234176e-01	2.141798e-01
5.234432e-01	2.165027e-01
5.234688e-01	2.184915e-01
5.234944e-01	2.206220e-01
5.235200e-01	2.227213e-01
5.235456e-01	2.246342e-01
5.235712e-01	2.264504e-01
5.235968e-01	2.282142e-01
5.236224e-01	2.299582e-01
5.236480e-01	2.316702e-01
5.236736e-01	2.333148e-01
5.236992e-01	2.347687e-01
5.237248e-01	2.361735e-01
5.237504e-01	2.375457e-01
5.237760e-01	2.388534e-01
5.238016e-01	2.400178e-01
5.238272e-01	2.410309e-01
5.238528e-01	2.422304e-01
5.238784e-01	2.432116e-01
5.239040e-01	2.441609e-01
5.239296e-01	2.449354e-01
5.239552e-01	2.457386e-01
5.239808e-01	2.464746e-01
5.240064e-01	2.469643e-01
5.240320e-01	2.474878e-01
5.240576e-01	2.480135e-01
5.240832e-01	2.483506e-01
5.241088e-01	2.487262e-01
5.241344e-01	2.488602e-01
5.241600e-01	2.489876e-01
5.241856e-01	2.491169e-01
5.242112e-01	2.489429e-01
5.242368e-01	2.489194e-01
5.242624e-01	2.486996e-01
5.242880e-01	2.484831e-01
5.243136e-01	2.481806e-01
5.243392e-01	2.476768e-01
5.243648e-01	2.472423e-01
5.243904e-01	2.467813e-01
5.244160e-01	2.462143e-01
5.244416e-01	2.453215e-01
5.244672e-01	2.444829e-01
5.244928e-01	2.436732e-01
5.245184e-01	2.427817e-01
5.245440e-01	2.417387e-01
5.245696e-01	2.407271e-01
5.245952e-01	2.393725e-01
5.246208e-01	2.381945e-01
5.246464e-01	2.368791e-01
5.246720e-01	2.355140e-01
5.246976e-01	2.340986e-01
5.247232e-01	2.325674e-01
5.247488e-01	2.310628e-01
5.247744e-01	2.291471e-01
5.248000e-01	2.275386e-01
5.248256e-01	2.257407e-01
5.248512e-01	2.237123e-01
5.248768e-01	2.218093e-01
5.249024e-01	2.197050e-01
5.249280e-01	2.176238e-01
5.249536e-01	2.153377e-01
5.249792e-01	2.132145e-01
5.250048e-01	2.108981e-01
5.250304e-01	2.084649e-01
5.250560e-01	2.060574e-01
5.250816e-01	2.034757e-01
5.251072e-01	2.009369e-01
5.251328e-01	1.982724e-01
5.251584e-01	1.955943e-01
5.251840e-01	1.928542e-01
5.252096e-01	1.899756e-01
5.252352e-01	1.872060e-01
5.252608e-01	1.840669e-01
5.252864e-01	1.811189e-01
5.253120e-01	1.779624e-01
5.253376e-01	1.748455e-01
5.253632e-01	1.716864e-01
5.253888e-01	1.682726e-01
5.254144e-01	1.650080e-01
5.254400e-01	1.616460e-01
5.254656e-01	1.582424e-01
5.254912e-01	1.547934e-01
5.255168e-01	1.513026e-01
5.255424e-01	1.476816e-01
5.255680e-01	1.440787e-01
5.255936e-01	1.403441e-01
5.256192e-01	1.365528e-01
5.256448e-01	1.328825e-01
5.256704e-01	1.290308e-01
5.256960e-01	1.251579e-01
5.257216e-01	1.210998e-01
5.257472e-01	1.172906e-01
5.257728e-01	1.132056e-01
5.257984e-01	1.092514e-01
5.258240e-01	1.051480e-01
5.258496e-01	1.009226e-01
5.258752e-01	9.682482e-02
5.259008e-01	9.255920e-02
5.259264e-01	8.839588e-02
5.259520e-01	8.399380e-02
5.259776e-01	7.973929e-02
5.260032e-01	7.536187e-02
5.260288e-01	7.097090e-02
5.260544e-01	6.658414e-02
5.260800e-01	6.214827e-02
5.261056e-01	5.770603e-02
5.261312e-01	5.307045e-02
5.261568e-01	4.863071e-02
5.261824e-01	4.400269e-02
5.262080e-01	3.940725e-02
5.262336e-01	3.485817e-02
5.262592e-01	3.028883e-02
5.262848e-01	2.548728e-02
5.263104e-01	2.090827e-02
5.263360e-01	1.621253e-02
5.263616e-01	1.143971e-02
5.263872e-01	6.762112e-03
5.264128e-01	2.045352e-03
5.264384e-01	-2.747484e-03
5.264640e-01	-7.458951e-03
5.264896e-01	-1.213417e-02
5.265152e-01	-1.685619e-02
5.265408e-01	-2.173523e-02
5.265664e-01	-2.646716e-02
5.265920e-01	-3.119745e-02
5.266176e-01	-3.611730e-02
5.266432e-01	-4.087889e-02
5.266688e-01	-4.571129e-02
5.266944e-01	-5.057643e-02
5.267200e-01	-5.535010e-02
5.267456e-01	-6.017112e-02
5.267712e-01	-6.491466e-02
5.267968e-01	-6.979112e-02
5.268224e-01	-7.458056e-02
5.268480e-01	-7.937031e-02
5.268736e-01	-8.417139e-02
5.268992e-01	-8.902480e-02
5.269248e-01	-9.361869e-02
5.269504e-01	-9.845804e-02
5.269760e-01	-1.032017e-01
5.270016e-01	-1.079476e-01
5.270272e-01	-1.126955e-01
5.270528e-01	-1.173493e-01
5.270784e-01	-1.219364e-01
5.271040e-01	-1.264969e-01
5.271296e-01	-1.312418e-01
5.271552e-01	-1.358886e-01
5.271808e-01	-1.405638e-01
5.272064e-01	-1.450948e-01
5.272320e-01	-1.496075e-01
5.272576e-01	-1.540849e-01
5.272832e-01	-1.585021e-01
5.273088e-01	-1.630573e-01
5.273344e-01	-1.674836e-01
5.273600e-01	-1.718849e-01
5.273856e-01	-1.762978e-01
5.274112e-01	-1.805398e-01
5.274368e-01	-1.848357e-01
5.274624e-01	-1.891759e-01
5.274880e-01	-1.932718e-01
5.275136e-01	-1.976531e-01
5.275392e-01	-2.016968e-01
5.275648e-01	-2.058258e-01
5.275904e-01	-2.099862e-01
5.276160e-01	-2.139781e-01
5.276416e-01	-2.179909e-01
5.276672e-01	-2.219128e-01
5.276928e-01	-2.258567e-01
5.277184e-01	-2.296747e-01
5.277440e-01	-2.335279e-01
5.277696e-01	-2.374057e-01
5.277952e-01	-2.409247e-01
5.278208e-01	-2.446424e-01
5.278464e-01	-2.483514e-01
5.278720e-01	-2.519175e-01
5.278976e-01	-2.553890e-01
5.279232e-01	-2.587735e-01
5.279488e-01	-2.623271e-01
5.279744e-01	-2.656902e-01
5.280000e-01	-2.689506e-01
5.280256e-01	-2.721774e-01
5.280512e-01	-2.753546e-01
5.280768e-01	-2.785227e-01
5.281024e-01	-2.814074e-01
5.281280e-01	-2.845536e-01
5.281536e-01	-2.874873e-01
5.281792e-01	-2.903601e-01
5.282048e-01	-2.931217e-01
5.282304e-01	-2.959248e-01
5.282560e-01	-2.986469e-01
5.282816e-01	-3.011247e-01
5.283072e-01	-3.037681e-01
5.283328e-01	-3.063011e-01
5.283584e-01	-3.087714e-01
5.283840e-01	-3.110539e-01
5.284096e-01	-3.132915e-01
5.284352e-01	-3.155874e-01
5.284608e-01	-3.177069e-01
5.284864e-01	-3.199046e-01
5.285120e-01	-3.217821e-01
5.285376e-01	-3.238039e-01
5.285632e-01	-3.257207e-01
5.285888e-01	-3.275581e-01
5.286144e-01	-3.293796e-01
5.286400e-01	-3.308594e-01
5.286656e-01	-3.324054e-01
5.286912e-01	-3.340126e-01
5.287168e-01	-3.354992e-01
5.287424e-01	-3.368311e-01
5.287680e-01	-3.381212e-01
5.287936e-01	-3.392912e-01
5.288192e-01	-3.404499e-01
5.288448e-01	-3.415166e-01
5.288704e-01	-3.424680e-01
5.288960e-01	-3.434695e-01
5.289216e-01	-3.441406e-01
5.289472e-01	-3.450543e-01
5.289728e-01	-3.456413e-01
5.289984e-01	-3.462997e-01
5.290240e-01	-3.469232e-01
5.290496e-01	-3.472545e-01
5.290752e-01	-3.476807e-01
5.291008e-01	-3.479395e-01
5.291264e-01	-3.481926e-01
5.291520e-01	-3.483387e-01
5.291776e-01	-3.484491e-01
5.292032e-01	-3.483279e-01
5.292288e-01	-3.483751e-01
5.292544e-01	-3.482251e-01
5.292800e-01	-3.479198e-01
5.293056e-01	-3.476363e-01
5.293312e-01	-3.471474e-01
5.293568e-01	-3.467724e-01
5.293824e-01	-3.460146e-01
5.294080e-01	-3.455756e-01
5.294336e-01	-3.447631e-01
5.294592e-01	-3.440292e-01
5.294848e-01	-3.432042e-01
5.295104e-01	-3.421490e-01
5.295360e-01	-3.412726e-01
5.295616e-01	-3.401352e-01
5.295872e-01	-3.390222e-01
5.296128e-01	-3.376935e-01
5.296384e-01	-3.364602e-01
5.296640e-01	-3.350859e-01
5.296896e-01	-3.334626e-01
5.297152e-01	-3.320131e-01
5.297408e-01	-3.304404e-01
5.297664e-01	-3.286934e-01
5.297920e-01	-3.269053e-01
5.298176e-01	-3.251729e-01
5.298432e-01	-3.232066e-01
5.298688e-01	-3.213226e-01
5.298944e-01	-3.191738e-01
5.299200e-01	-3.170352e-01
5.299456e-01	-3.150663e-01
5.299712e-01	-3.128205e-01
5.299968e-01	-3.104442e-01
5.300224e-01	-3.080739e-01
5.300480e-01	-3.055138e-01
5.300736e-01	-3.031590e-01
5.300992e-01	-3.005122e-01
5.301248e-01	-2.978803e-01
5.301504e-01	-2.951722e-01
5.301760e-01	-2.923421e-01
5.302016e-01	-2.896589e-01
5.302272e-01	-2.866215e-01
5.302528e-01	-2.837209e-01
5.302784e-01	-2.807245e-01
5.303040e-01	-2.776016e-01
5.303296e-01	-2.744087e-01
5.303552e-01	-2.711461e-01
5.303808e-01	-2.680241e-01
5.304064e-01	-2.646525e-01
5.304320e-01	-2.612955e-01
5.304576e-01	-2.579220e-01
5.304832e-01	-2.544350e-01
5.305088e-01	-2.508333e-01
5.305344e-01	-2.472812e-01
5.305600e-01	-2.436961e-01
5.305856e-01	-2.399770e-01
5.306112e-01	-2.361290e-01
5.306368e-01	-2.324677e-01
5.306624e-01	-2.286799e-01
5.306880e-01	-2.248167e-01
5.307136e-01	-2.207862e-01
5.307392e-01	-2.167771e-01
5.307648e-01	-2.127904e-01
5.307904e-01	-2.087171e-01
5.308160e-01	-2.048348e-01
5.308416e-01	-2.006683e-01
5.308672e-01	-1.964113e-01
5.308928e-01	-1.921736e-01
5.309184e-01	-1.879802e-01
5.309440e-01	-1.836952e-01
5.309696e-01	-1.793139e-01
5.309952e-01	-1.750638e-01
5.310208e-01	-1.705317e-01
5.310464e-01	-1.661536e-01
5.310720e-01	-1.616460e-01
5.310976e-01	-1.571961e-01
5.311232e-01	-1.527199e-01
5.311488e-01	-1.482507e-01
5.311744e-01	-1.437320e-01
5.312000e-01	-1.390712e-01
5.312256e-01	-1.346046e-01
5.312512e-01	-1.297796e-01
5.312768e-01	-1.252413e-01
5.313024e-01	-1.207011e-01
5.313280e-01	-1.158249e-01
5.313536e-01	-1.112866e-01
5.313792e-01	-1.064180e-01
5.314048e-01	-1.016795e-01
5.314304e-01	-9.698625e-02
5.314560e-01	-9.227078e-02
5.314816e-01	-8.753397e-02
5.315072e-01	-8.272183e-02
5.315328e-01	-7.795352e-02
5.315584e-01	-7.312109e-02
5.315840e-01	-6.824045e-02
5.316096e-01	-6.356992e-02
5.316352e-01	-5.867262e-02
5.316608e-01	-5.383961e-02
5.316864e-01	-4.903160e-02
5.317120e-01	-4.425108e-02
5.317376e-01	-3.952317e-02
5.317632e-01	-3.460548e-02
5.317888e-01	-2.974707e-02
5.318144e-01	-2.513090e-02
5.318400e-01	-2.039724e-02
5.318656e-01	-1.544667e-02
5.318912e-01	-1.059521e-02
5.319168e-01	-5.957091e-03
5.319424e-01	-1.185864e-03
5.319680e-01	3.511698e-03
5.319936e-01	8.304679e-03
5.320192e-01	1.303880e-02
5.320448e-01	1.757815e-02
5.320704e-01	2.231431e-02
5.320960e-01	2.713009e-02
5.321216e-01	3.166272e-02
5.321472e-01	3.617151e-02
5.321728e-01	4.083788e-02
5.321984e-01	4.543029e-02
5.322240e-01	4.999127e-02
5.322496e-01	5.461922e-02
5.322752e-01	5.899793e-02
5.323008e-01	6.363400e-02
5.323264e-01	6.794970e-02
5.323520e-01	7.242364e-02
5.323776e-01	7.679884e-02
5.324032e-01	8.106738e-02
5.324288e-01	8.544266e-02
5.324544e-01	8.968046e-02
5.324800e-01	9.397988e-02
5.325056e-01	9.803452e-02
5.325312e-01	1.023650e-01
5.325568e-01	1.064507e-01
5.325824e-01	1.105071e-01
5.326080e-01	1.145570e-01
5.326336e-01	1.184662e-01
5.326592e-01	1.225001e-01
5.326848e-01	1.262731e-01
5.327104e-01	1.303164e-01
5.327360e-01	1.340927e-01
5.327616e-01	1.378107e-01
5.327872e-01	1.415183e-01
5.328128e-01	1.452801e-01
5.328384e-01	1.488037e-01
5.328640e-01	1.524101e-01
5.328896e-01	1.559782e-01
5.329152e-01	1.593774e-01
5.329408e-01	1.628618e-01
5.329664e-01	1.661255e-01
5.329920e-01	1.695034e-01
5.330176e-01	1.727239e-01
5.330432e-01	1.758605e-01
5.330688e-01	1.789882e-01
5.330944e-01	1.820398e-01
5.331200e-01	1.851765e-01
5.331456e-01	1.880359e-01
5.331712e-01	1.909979e-01
5.331968e-01	1.936533e-01
5.332224e-01	1.965222e-01
5.332480e-01	1.992495e-01
5.332736e-01	2.018560e-01
5.332992e-01	2.044046e-01
5.333248e-01	2.068159e-01
5.333504e-01	2.093385e-01
5.333760e-01	2.117071e-01
5.334016e-01	2.140082e-01
5.334272e-01	2.161834e-01
5.334528e-01	2.183388e-01
5.334784e-01	2.204869e-01
5.335040e-01	2.224653e-01
5.335296e-01	2.243227e-01
5.335552e-01	2.262965e-01
5.335808e-01	2.281956e-01
5.336064e-01	2.297570e-01
5.336320e-01	2.314381e-01
5.336576e-01	2.330337e-01
5.336832e-01	2.346502e-01
5.337088e-01	2.359869e-01
5.337344e-01	2.374184e-01
5.337600e-01	2.386448e-01
5.337856e-01	2.398520e-01
5.338112e-01	2.411292e-01
5.338368e-01	2.421453e-01
5.338624e-01	2.431258e-01
5.338880e-01	2.439781e-01
5.339136e-01	2.448443e-01
5.339392e-01	2.456384e-01
5.339648e-01	2.462345e-01
5.339904e-01	2.469701e-01
5.340160e-01	2.473963e-01
5.340416e-01	2.478577e-01
5.340672e-01	2.482127e-01
5.340928e-01	2.486241e-01
5.341184e-01	2.488682e-01
5.341440e-01	2.489388e-01
5.341696e-01	2.490044e-01
5.341952e-01	2.489844e-01
5.342208e-01	2.488863e-01
5.342464e-01	2.487220e-01
5.342720e-01	2.484929e-01
5.342976e-01	2.481736e-01
5.343232e-01	2.479251e-01
5.343488e-01	2.474113e-01
5.343744e-01	2.467271e-01
5.344000e-01	2.461775e-01
5.344256e-01	2.455029e-01
5.344512e-01	2.446354e-01
5.344768e-01	2.437875e-01
5.345024e-01	2.428569e-01
5.345280e-01	2.418769e-01
5.345536e-01	2.407726e-01
5.345792e-01	2.396054e-01
5.346048e-01	2.383723e-01
5.346304e-01	2.369212e-01
5.346560e-01	2.357138e-01
5.346816e-01	2.341966e-01
5.347072e-01	2.327196e-01
5.347328e-01	2.311468e-01
5.347584e-01	2.294098e-01
5.347840e-01	2.276459e-01
5.348096e-01	2.258468e-01
5.348352e-01	2.239486e-01
5.348608e-01	2.219882e-01
5.348864e-01	2.199890e-01
5.349120e-01	2.179143e-01
5.349376e-01	2.156579e-01
5.349632e-01	2.134074e-01
5.349888e-01	2.110872e-01
5.350144e-01	2.087327e-01
5.350400e-01	2.063633e-01
5.350656e-01	2.037789e-01
5.350912e-01	2.010510e-01
5.351168e-01	1.985925e-01
5.351424e-01	1.958634e-01
5.351680e-01	1.930634e-01
5.351936e-01	1.902404e-01
5.352192e-01	1.873333e-01
5.352448e-01	1.843493e-01
5.352704e-01	1.812680e-01
5.352960e-01	1.782231e-01
5.353216e-01	1.752577e-01
5.353472e-01	1.720660e-01
5.353728e-01	1.687682e-01
5.353984e-01	1.654301e-01
5.354240e-01	1.619976e-01
5.354496e-01	1.585697e-01
5.354752e-01	1.552409e-01
5.355008e-01	1.516349e-01
5.355264e-01	1.480534e-01
5.355520e-01	1.442910e-01
5.355776e-01	1.407084e-01
5.356032e-01	1.370295e-01
5.356288e-01	1.332659e-01
5.356544e-01	1.294209e-01
5.356800e-01	1.254627e-01
5.357056e-01	1.216639e-01
5.357312e-01	1.174779e-01
5.357568e-01	1.135202e-01
5.357824e-01	1.095802e-01
5.358080e-01	1.054826e-01
5.358336e-01	1.013907e-01
5.358592e-01	9.713081e-02
5.358848e-01	9.300143e-02
5.359104e-01	8.877779e-02
5.359360e-01	8.450761e-02
5.359616e-01	8.011112e-02
5.359872e-01	7.590427e-02
5.360128e-01	7.129920e-02
5.360384e-01	6.702311e-02
5.360640e-01	6.261815e-02
5.360896e-01	5.804859e-02
5.361152e-01	5.361383e-02
5.361408e-01	4.889982e-02
5.361664e-01	4.447100e-02
5.361920e-01	3.992859e-02
5.362176e-01	3.527606e-02
5.362432e-01	3.063855e-02
5.362688e-01	2.605932e-02
5.362944e-01	2.144101e-02
5.363200e-01	1.672509e-02
5.363456e-01	1.207186e-02
5.363712e-01	7.360352e-03
5.363968e-01	2.530960e-03
5.364224e-01	-2.249146e-03
5.364480e-01	-6.939085e-03
5.364736e-01	-1.170279e-02
5.364992e-01	-1.649767e-02
5.365248e-01	-2.136802e-02
5.365504e-01	-2.604384e-02
5.365760e-01	-3.082451e-02
5.366016e-01	-3.569111e-02
5.366272e-01	-4.052078e-02
5.366528e-01	-4.513619e-02
5.366784e-01	-5.010087e-02
5.367040e-01	-5.493575e-02
5.367296e-01	-5.963992e-02
5.367552e-01	-6.447543e-02
5.367808e-01	-6.923696e-02
5.368064e-01	-7.411578e-02
5.368320e-01	-7.878572e-02
5.368576e-01	-8.358558e-02
5.368832e-01	-8.845495e-02
5.369088e-01	-9.315848e-02
5.369344e-01	-9.788419e-02
5.369600e-01	-1.027341e-01
5.369856e-01	-1.074330e-01
5.370112e-01	-1.120637e-01
5.370368e-01	-1.167666e-01
5.370624e-01	-1.214836e-01
5.370880e-01	-1.262055e-01
5.371136e-01	-1.307898e-01
5.371392e-01	-1.355228e-01
5.371648e-01	-1.400099e-01
5.371904e-01	-1.446262e-01
5.372160e-01	-1.492056e-01
5.372416e-01	-1.536173e-01
5.372672e-01	-1.581685e-01
5.372928e-01	-1.625818e-01
5.373184e-01	-1.670064e-01
5.373440e-01	-1.715565e-01
5.373696e-01	-1.758199e-01
5.373952e-01	-1.803000e-01
5.374208e-01	-1.844525e-01
5.374464e-01	-1.887728e-01
5.374720e-01	-1.930748e-01
5.374976e-01	-1.971023e-01
5.375232e-01	-2.013300e-01
5.375488e-01	-2.053792e-01
5.375744e-01	-2.095517e-01
5.376000e-01	-2.136012e-01
5.376256e-01	-2.175736e-01
5.376512e-01	-2.215792e-01
5.376768e-01	-2.255598e-01
5.377024e-01	-2.294493e-01
5.377280e-01	-2.331404e-01
5.377536e-01	-2.369522e-01
5.377792e-01	-2.406052e-01
5.378048e-01	-2.444552e-01
5.378304e-01	-2.480489e-01
5.378560e-01	-2.515474e-01
5.378816e-01	-2.550241e-01
5.379072e-01	-2.585146e-01
5.379328e-01	-2.618716e-01
5.379584e-01	-2.652982e-01
5.379840e-01	-2.686555e-01
5.380096e-01	-2.717883e-01
5.380352e-01	-2.750629e-01
5.380608e-01	-2.781741e-01
5.380864e-01	-2.812183e-01
5.381120e-01	-2.842726e-01
5.381376e-01	-2.871683e-01
5.381632e-01	-2.901459e-01
5.381888e-01	-2.928703e-01
5.382144e-01	-2.956785e-01
5.382400e-01	-2.983828e-01
5.382656e-01	-3.009769e-01
5.382912e-01	-3.036096e-01
5.383168e-01	-3.060624e-01
5.383424e-01	-3.084204e-01
5.383680e-01	-3.109363e-01
5.383936e-01	-3.132210e-01
5.384192e-01	-3.153606e-01
5.384448e-01	-3.175820e-01
5.384704e-01	-3.196644e-01
5.384960e-01	-3.216421e-01
5.385216e-01	-3.236362e-01
5.385472e-01	-3.255360e-01
5.385728e-01	-3.273674e-01
5.385984e-01	-3.291445e-01
5.386240e-01	-3.308167e-01
5.386496e-01	-3.323396e-01
5.386752e-01	-3.338836e-01
5.387008e-01	-3.353724e-01
5.387264e-01	-3.367051e-01
5.387520e-01	-3.378738e-01
5.387776e-01	-3.392279e-01
5.388032e-01	-3.403422e-01
5.388288e-01	-3.414586e-01
5.388544e-01	-3.423408e-01
5.388800e-01	-3.432795e-01
5.389056e-01	-3.441977e-01
5.389312e-01	-3.448403e-01
5.389568e-01	-3.455545e-01
5.389824e-01	-3.463211e-01
5.390080e-01	-3.468077e-01
5.390336e-01	-3.471634e-01
5.390592e-01	-3.476517e-01
5.390848e-01	-3.479948e-01
5.391104e-01	-3.482387e-01
5.391360e-01	-3.483458e-01
5.391616e-01	-3.483877e-01
5.391872e-01	-3.483976e-01
5.392128e-01	-3.482232e-01
5.392384e-01	-3.481618e-01
5.392640e-01	-3.478436e-01
5.392896e-01	-3.475335e-01
5.393152e-01	-3.472267e-01
5.393408e-01	-3.467656e-01
5.393664e-01	-3.461592e-01
5.393920e-01	-3.456071e-01
5.394176e-01	-3.449181e-01
5.394432e-01	-3.441428e-01
5.394688e-01	-3.433574e-01
5.394944e-01	-3.423024e-01
5.395200e-01	-3.413183e-01
5.395456e-01	-3.401659e-01
5.395712e-01	-3.389996e-01
5.395968e-01	-3.378716e-01
5.396224e-01	-3.365844e-01
5.396480e-01	-3.352264e-01
5.396736e-01	-3.336784e-01
5.396992e-01	-3.322168e-01
5.397248e-01	-3.305380e-01
5.397504e-01	-3.288834e-01
5.397760e-01	-3.271947e-01
5.398016e-01	-3.254021e-01
5.398272e-01	-3.234038e-01
5.398528e-01	-3.214840e-01
5.398784e-01	-3.194155e-01
5.399040e-01	-3.173855e-01
5.399296e-01	-3.153062e-01
5.399552e-01	-3.128737e-01
5.399808e-01	-3.106487e-01
5.400064e-01	-3.082756e-01
5.400320e-01	-3.058722e-01
5.400576e-01	-3.034123e-01
5.400832e-01	-3.007047e-01
5.401088e-01	-2.982045e-01
5.401344e-01	-2.953966e-01
5.401600e-01	-2.925319e-01
5.401856e-01	-2.898089e-01
5.402112e-01	-2.869330e-01
5.402368e-01	-2.838725e-01
5.402624e-01	-2.809910e-01
5.402880e-01	-2.778426e-01
5.403136e-01	-2.747307e-01
5.403392e-01	-2.715751e-01
5.403648e-01	-2.682901e-01
5.403904e-01	-2.650388e-01
5.404160e-01	-2.616783e-01
5.404416e-01	-2.582086e-01
5.404672e-01	-2.547748e-01
5.404928e-01	-2.512742e-01
5.405184e-01	-2.475566e-01
5.405440e-01	-2.440737e-01
5.405696e-01	-2.404260e-01
5.405952e-01	-2.365906e-01
5.406208e-01	-2.328616e-01
5.406464e-01	-2.289518e-01
5.406720e-01	-2.251623e-01
5.406976e-01	-2.212747e-01
5.407232e-01	-2.171749e-01
5.407488e-01	-2.131821e-01
5.407744e-01	-2.091565e-01
5.408000e-01	-2.050674e-01
5.408256e-01	-2.010975e-01
5.408512e-01	-1.968576e-01
5.408768e-01	-1.926288e-01
5.409024e-01	-1.882778e-01
5.409280e-01	-1.840986e-01
5.409536e-01	-1.798032e-01
5.409792e-01	-1.754562e-01
5.410048e-01	-1.710560e-01
5.410304e-01	-1.665285e-01
5.410560e-01	-1.622015e-01
5.410816e-01	-1.577416e-01
5.411072e-01	-1.531372e-01
5.411328e-01	-1.486184e-01
5.411584e-01	-1.440411e-01
5.411840e-01	-1.395683e-01
5.412096e-01	-1.349408e-01
5.412352e-01	-1.301890e-01
5.412608e-01	-1.256911e-01
5.412864e-01	-1.209593e-01
5.413120e-01	-1.163756e-01
5.413376e-01	-1.117164e-01
5.413632e-01	-1.068974e-01
5.413888e-01	-1.022953e-01
5.414144e-01	-9.743480e-02
5.414400e-01	-9.273539e-02
5.414656e-01	-8.784908e-02
5.414912e-01	-8.319878e-02
5.415168e-01	-7.835051e-02
5.415424e-01	-7.362569e-02
5.415680e-01	-6.889630e-02
5.415936e-01	-6.391843e-02
5.416192e-01	-5.921067e-02
5.416448e-01	-5.422862e-02
5.416704e-01	-4.951607e-02
5.416960e-01	-4.478844e-02
5.417216e-01	-3.984355e-02
5.417472e-01	-3.506508e-02
5.417728e-01	-3.028288e-02
5.417984e-01	-2.551523e-02
5.418240e-01	-2.067843e-02
5.418496e-01	-1.597188e-02
5.418752e-01	-1.104768e-02
5.419008e-01	-6.393031e-03
5.419264e-01	-1.660032e-03
5.419520e-01	3.156534e-03
5.419776e-01	7.823821e-03
5.420032e-01	1.251628e-02
5.420288e-01	1.721863e-02
5.420544e-01	2.195498e-02
5.420800e-01	2.665998e-02
5.421056e-01	3.117889e-02
5.421312e-01	3.592377e-02
5.421568e-01	4.050981e-02
5.421824e-01	4.499108e-02
5.422080e-01	4.957554e-02
5.422336e-01	5.402029e-02
5.422592e-01	5.857547e-02
5.422848e-01	6.312337e-02
5.423104e-01	6.749499e-02
5.423360e-01	7.188369e-02
5.423616e-01	7.627360e-02
5.423872e-01	8.062042e-02
5.424128e-01	8.492183e-02
5.424384e-01	8.929800e-02
5.424640e-01	9.342995e-02
5.424896e-01	9.762827e-02
5.425152e-01	1.018190e-01
5.425408e-01	1.058635e-01
5.425664e-01	1.101373e-01
5.425920e-01	1.142136e-01
5.426176e-01	1.181261e-01
5.426432e-01	1.221418e-01
5.426688e-01	1.260281e-01
5.426944e-01	1.299684e-01
5.427200e-01	1.337160e-01
5.427456e-01	1.375891e-01
5.427712e-01	1.412100e-01
5.427968e-01	1.448290e-01
5.428224e-01	1.484681e-01
5.428480e-01	1.520922e-01
5.428736e-01	1.555276e-01
5.428992e-01	1.590285e-01
5.429248e-01	1.624877e-01
5.429504e-01	1.657581e-01
5.429760e-01	1.691494e-01
5.430016e-01	1.724032e-01
5.430272e-01	1.755410e-01
5.430528e-01	1.786902e-01
5.430784e-01	1.817680e-01
5.431040e-01	1.847833e-01
5.431296e-01	1.876812e-01
5.431552e-01	1.906852e-01
5.431808e-01	1.934684e-01
5.432064e-01	1.962453e-01
5.432320e-01	1.989960e-01
5.432576e-01	2.014148e-01
5.432832e-01	2.041549e-01
5.433088e-01	2.067408e-01
5.433344e-01	2.090503e-01
5.433600e-01	2.115019e-01
5.433856e-01	2.137162e-01
5.434112e-01	2.160117e-01
5.434368e-01	2.180580e-01
5.434624e-01	2.202667e-01
5.434880e-01	2.222712e-01
5.435136e-01	2.242165e-01
5.435392e-01	2.260611e-01
5.435648e-01	2.278168e-01
5.435904e-01	2.296845e-01
5.436160e-01	2.313010e-01
5.436416e-01	2.329360e-01
5.436672e-01	2.344163e-01
5.436928e-01	2.357898e-01
5.437184e-01	2.371548e-01
5.437440e-01	2.384549e-01
5.437696e-01	2.397442e-01
5.437952e-01	2.409235e-01
5.438208e-01	2.420222e-01
5.438464e-01	2.430277e-01
5.438720e-01	2.439269e-01
5.438976e-01	2.447166e-01
5.439232e-01	2.454749e-01
5.439488e-01	2.459929e-01
5.439744e-01	2.467550e-01
5.440000e-01	2.474659e-01
5.440256e-01	2.478105e-01
5.440512e-01	2.481413e-01
5.440768e-01	2.485190e-01
5.441024e-01	2.486571e-01
5.441280e-01	2.489136e-01
5.441536e-01	2.490754e-01
5.441792e-01	2.489343e-01
5.442048e-01	2.487892e-01
5.442304e-01	2.486582e-01
5.442560e-01	2.484872e-01
5.442816e-01	2.482062e-01
5.443072e-01	2.477851e-01
5.443328e-01	2.472810e-01
5.443584e-01	2.467752e-01
5.443840e-01	2.461449e-01
5.444096e-01	2.455040e-01
5.444352e-01	2.447377e-01
5.444608e-01	2.436636e-01
5.444864e-01	2.429866e-01
5.445120e-01	2.419776e-01
5.445376e-01	2.407981e-01
5.445632e-01	2.397466e-01
5.445888e-01	2.383402e-01
5.446144e-01	2.370467e-01
5.446400e-01	2.358481e-01
5.446656e-01	2.342782e-01
5.446912e-01	2.328191e-01
5.447168e-01	2.312195e-01
5.447424e-01	2.294428e-01
5.447680e-01	2.277945e-01
5.447936e-01	2.259658e-01
5.448192e-01	2.241182e-01
5.448448e-01	2.221860e-01
5.448704e-01	2.201556e-01
5.448960e-01	2.180312e-01
5.449216e-01	2.158562e-01
5.449472e-01	2.137017e-01
5.449728e-01	2.113103e-01
5.449984e-01	2.089551e-01
5.450240e-01	2.064132e-01
5.450496e-01	2.040524e-01
5.450752e-01	2.014198e-01
5.451008e-01	1.987235e-01
5.451264e-01	1.961630e-01
5.451520e-01	1.934294e-01
5.451776e-01	1.904240e-01
5.452032e-01	1.876453e-01
5.452288e-01	1.848012e-01
5.452544e-01	1.815596e-01
5.452800e-01	1.786199e-01
5.453056e-01	1.754158e-01
5.453312e-01	1.722690e-01
5.453568e-01	1.690390e-01
5.453824e-01	1.656172e-01
5.454080e-01	1.623040e-01
5.454336e-01	1.588157e-01
5.454592e-01	1.555153e-01
5.454848e-01	1.518936e-01
5.455104e-01	1.484182e-01
5.455360e-01	1.446469e-01
5.455616e-01	1.411227e-01
5.455872e-01	1.372970e-01
5.456128e-01	1.334952e-01
5.456384e-01	1.298195e-01
5.456640e-01	1.257992e-01
5.456896e-01	1.219449e-01
5.457152e-01	1.179469e-01
5.457408e-01	1.140389e-01
5.457664e-01	1.099019e-01
5.457920e-01	1.058595e-01
5.458176e-01	1.016140e-01
5.458432e-01	9.739351e-02
5.458688e-01	9.336796e-02
5.458944e-01	8.904240e-02
5.459200e-01	8.491636e-02
5.459456e-01	8.044830e-02
5.459712e-01	7.616080e-02
5.459968e-01	7.184942e-02
5.460224e-01	6.735601e-02
5.460480e-01	6.294794e-02
5.460736e-01	5.842416e-02
5.460992e-01	5.392958e-02
5.461248e-01	4.952599e-02
5.461504e-01	4.493573e-02
5.461760e-01	4.035485e-02
5.462016e-01	3.576100e-02
5.462272e-01	3.108822e-02
5.462528e-01	2.659263e-02
5.462784e-01	2.184661e-02
5.463040e-01	1.715075e-02
5.463296e-01	1.243172e-02
5.463552e-01	7.714125e-03
5.463808e-01	3.087505e-03
5.464064e-01	-1.819554e-03
5.464320e-01	-6.437192e-03
5.464576e-01	-1.123720e-02
5.464832e-01	-1.597428e-02
5.465088e-01	-2.074781e-02
5.465344e-01	-2.566420e-02
5.465600e-01	-3.039838e-02
5.465856e-01	-3.511587e-02
5.466112e-01	-3.993167e-02
5.466368e-01	-4.484731e-02
5.466624e-01	-4.962715e-02
5.466880e-01	-5.442286e-02
5.467136e-01	-5.931639e-02
5.467392e-01	-6.403640e-02
5.467648e-01	-6.889430e-02
5.467904e-01	-7.362506e-02
5.468160e-01	-7.848199e-02
5.468416e-01	-8.331734e-02
5.468672e-01	-8.796343e-02
5.468928e-01	-9.272748e-02
5.469184e-01	-9.748419e-02
5.469440e-01	-1.022824e-01
5.469696e-01	-1.069195e-01
5.469952e-01	-1.117074e-01
5.470208e-01	-1.164252e-01
5.470464e-01	-1.209718e-01
5.470720e-01	-1.258521e-01
5.470976e-01	-1.303290e-01
5.471232e-01	-1.349836e-01
5.471488e-01	-1.396512e-01
5.471744e-01	-1.441256e-01
5.472000e-01	-1.486890e-01
5.472256e-01	-1.533868e-01
5.472512e-01	-1.577890e-01
5.472768e-01	-1.621831e-01
5.473024e-01	-1.666751e-01
5.473280e-01	-1.709937e-01
5.473536e-01	-1.755435e-01
5.473792e-01	-1.799268e-01
5.474048e-01	-1.841336e-01
5.474304e-01	-1.883730e-01
5.474560e-01	-1.926813e-01
5.474816e-01	-1.968870e-01
5.475072e-01	-2.009246e-01
5.475328e-01	-2.051467e-01
5.475584e-01	-2.091895e-01
5.475840e-01	-2.133016e-01
5.476096e-01	-2.172221e-01
5.476352e-01	-2.212124e-01
5.476608e-01	-2.251395e-01
5.476864e-01	-2.290495e-01
5.477120e-01	-2.329449e-01
5.477376e-01	-2.367054e-01
5.477632e-01	-2.403970e-01
5.477888e-01	-2.439787e-01
5.478144e-01	-2.476058e-01
5.478400e-01	-2.512028e-01
5.478656e-01	-2.546632e-01
5.478912e-01	-2.582538e-01
5.479168e-01	-2.615675e-01
5.479424e-01	-2.649857e-01
5.479680e-01	-2.682879e-01
5.479936e-01	-2.716151e-01
5.480192e-01	-2.747453e-01
5.480448e-01	-2.777821e-01
5.480704e-01	-2.809949e-01
5.480960e-01	-2.839513e-01
5.481216e-01	-2.869695e-01
5.481472e-01	-2.898622e-01
5.481728e-01	-2.926293e-01
5.481984e-01	-2.954057e-01
5.482240e-01	-2.980756e-01
5.482496e-01	-3.007080e-01
5.482752e-01	-3.032275e-01
5.483008e-01	-3.059178e-01
5.483264e-01	-3.083267e-01
5.483520e-01	-3.106786e-01
5.483776e-01	-3.130037e-01
5.484032e-01	-3.152785e-01
5.484288e-01	-3.174123e-01
5.484544e-01	-3.195221e-01
5.484800e-01	-3.215669e-01
5.485056e-01	-3.235240e-01
5.485312e-01	-3.253990e-01
5.485568e-01	-3.270978e-01
5.485824e-01	-3.289119e-01
5.486080e-01	-3.305596e-01
5.486336e-01	-3.320649e-01
5.486592e-01	-3.337075e-01
5.486848e-01	-3.351928e-01
5.487104e-01	-3.365549e-01
5.487360e-01	-3.378357e-01
5.487616e-01	-3.391837e-01
5.487872e-01	-3.402492e-01
5.488128e-01	-3.413433e-01
5.488384e-01	-3.423684e-01
5.488640e-01	-3.431576e-01
5.488896e-01	-3.440575e-01
5.489152e-01	-3.448906e-01
5.489408e-01	-3.455555e-01
5.489664e-01	-3.461717e-01
5.489920e-01	-3.467220e-01
5.490176e-01	-3.472199e-01
5.490432e-01	-3.475087e-01
5.490688e-01	-3.479022e-01
5.490944e-01	-3.482258e-01
5.491200e-01	-3.483369e-01
5.491456e-01	-3.484409e-01
5.491712e-01	-3.483352e-01
5.491968e-01	-3.482563e-01
5.492224e-01	-3.481668e-01
5.492480e-01	-3.478805e-01
5.492736e-01	-3.477573e-01
5.492992e-01	-3.472258e-01
5.493248e-01	-3.468246e-01
5.493504e-01	-3.463432e-01
5.493760e-01	-3.456267e-01
5.494016e-01	-3.449686e-01
5.494272e-01	-3.442344e-01
5.494528e-01	-3.433453e-01
5.494784e-01	-3.425329e-01
5.495040e-01	-3.415062e-01
5.495296e-01	-3.403253e-01
5.495552e-01	-3.393236e-01
5.495808e-01	-3.379981e-01
5.496064e-01	-3.366627e-01
5.496320e-01	-3.354588e-01
5.496576e-01	-3.338393e-01
5.496832e-01	-3.323945e-01
5.497088e-01	-3.308407e-01
5.497344e-01	-3.290936e-01
5.497600e-01	-3.274281e-01
5.497856e-01	-3.256426e-01
5.498112e-01	-3.236896e-01
5.498368e-01	-3.216802e-01
5.498624e-01	-3.197340e-01
5.498880e-01	-3.177209e-01
5.499136e-01	-3.154028e-01
5.499392e-01	-3.132581e-01
5.499648e-01	-3.110294e-01
5.499904e-01	-3.085851e-01
5.500160e-01	-3.061348e-01
5.500416e-01	-3.036334e-01
5.500672e-01	-3.011208e-01
5.500928e-01	-2.984696e-01
5.501184e-01	-2.956534e-01
5.501440e-01	-2.930187e-01
5.501696e-01	-2.901012e-01
5.501952e-01	-2.872803e-01
5.502208e-01	-2.844102e-01
5.502464e-01	-2.811563e-01
5.502720e-01	-2.781170e-01
5.502976e-01	-2.750669e-01
5.503232e-01	-2.718545e-01
5.503488e-01	-2.686452e-01
5.503744e-01	-2.653718e-01
5.504000e-01	-2.619487e-01
5.504256e-01	-2.585154e-01
5.504512e-01	-2.551473e-01
5.504768e-01	-2.515530e-01
5.505024e-01	-2.481076e-01
5.505280e-01	-2.444864e-01
5.505536e-01	-2.406525e-01
5.505792e-01	-2.369599e-01
5.506048e-01	-2.333358e-01
5.506304e-01	-2.293077e-01
5.506560e-01	-2.255511e-01
5.506816e-01	-2.216890e-01
5.507072e-01	-2.176546e-01
5.507328e-01	-2.137310e-01
5.507584e-01	-2.096181e-01
5.507840e-01	-2.055451e-01
5.508096e-01	-2.013847e-01
5.508352e-01	-1.971973e-01
5.508608e-01	-1.929957e-01
5.508864e-01	-1.887922e-01
5.509120e-01	-1.846199e-01
5.509376e-01	-1.802609e-01
5.509632e-01	-1.759101e-01
5.509888e-01	-1.715195e-01
5.510144e-01	-1.670811e-01
5.510400e-01	-1.625798e-01
5.510656e-01	-1.581351e-01
5.510912e-01	-1.536016e-01
5.511168e-01	-1.491857e-01
5.511424e-01	-1.445748e-01
5.511680e-01	-1.399519e-01
5.511936e-01	-1.354644e-01
5.512192e-01	-1.308079e-01
5.512448e-01	-1.261458e-01
5.512704e-01	-1.215642e-01
5.512960e-01	-1.167315e-01
5.513216e-01	-1.120336e-01
5.513472e-01	-1.074965e-01
5.513728e-01	-1.027106e-01
5.513984e-01	-9.783230e-02
5.514240e-01	-9.318144e-02
5.514496e-01	-8.836930e-02
5.514752e-01	-8.357021e-02
5.515008e-01	-7.875810e-02
5.515264e-01	-7.408109e-02
5.515520e-01	-6.938411e-02
5.515776e-01	-6.444810e-02
5.516032e-01	-5.964091e-02
5.516288e-01	-5.487380e-02
5.516544e-01	-5.004581e-02
5.516800e-01	-4.518385e-02
5.517056e-01	-4.030611e-02
5.517312e-01	-3.552637e-02
5.517568e-01	-3.079856e-02
5.517824e-01	-2.606795e-02
5.518080e-01	-2.113131e-02
5.518336e-01	-1.629584e-02
5.518592e-01	-1.148441e-02
5.518848e-01	-6.882433e-03
5.519104e-01	-2.045004e-03
5.519360e-01	2.707343e-03
5.519616e-01	7.402345e-03
5.519872e-01	1.213524e-02
5.520128e-01	1.671823e-02
5.520384e-01	2.154194e-02
5.520640e-01	2.619143e-02
5.520896e-01	3.073703e-02
5.521152e-01	3.536380e-02
5.521408e-01	3.993857e-02
5.521664e-01	4.460027e-02
5.521920e-01	4.917651e-02
5.522176e-01	5.372931e-02
5.522432e-01	5.821212e-02
5.522688e-01	6.267316e-02
5.522944e-01	6.716730e-02
5.523200e-01	7.150116e-02
5.523456e-01	7.592870e-02
5.523712e-01	8.019786e-02
5.523968e-01	8.458114e-02
5.524224e-01	8.886777e-02
5.524480e-01	9.306676e-02
5.524736e-01	9.739856e-02
5.524992e-01	1.013909e-01
5.525248e-01	1.056571e-01
5.525504e-01	1.096403e-01
5.525760e-01	1.136962e-01
5.526016e-01	1.177719e-01
5.526272e-01	1.216784e-01
5.526528e-01	1.256703e-01
5.526784e-01	1.295651e-01
5.527040e-01	1.332686e-01
5.527296e-01	1.371144e-01
5.527552e-01	1.409560e-01
5.527808e-01	1.445757e-01
5.528064e-01	1.479838e-01
5.528320e-01	1.518319e-01
5.528576e-01	1.553325e-01
5.528832e-01	1.586397e-01
5.529088e-01	1.621975e-01
5.529344e-01	1.654583e-01
5.529600e-01	1.688652e-01
5.529856e-01	1.721184e-01
5.530112e-01	1.751933e-01
5.530368e-01	1.783125e-01
5.530624e-01	1.814848e-01
5.530880e-01	1.844898e-01
5.531136e-01	1.873664e-01
5.531392e-01	1.903062e-01
5.531648e-01	1.931313e-01
5.531904e-01	1.959837e-01
5.532160e-01	1.985228e-01
5.532416e-01	2.012353e-01
5.532672e-01	2.039383e-01
5.532928e-01	2.063353e-01
5.533184e-01	2.087526e-01
5.533440e-01	2.112743e-01
5.533696e-01	2.134155e-01
5.533952e-01	2.157550e-01
5.534208e-01	2.179359e-01
5.534464e-01	2.199321e-01
5.534720e-01	2.220760e-01
5.534976e-01	2.239713e-01
5.535232e-01	2.258926e-01
5.535488e-01	2.276764e-01
5.535744e-01	2.293750e-01
5.536000e-01	2.311060e-01
5.536256e-01	2.328258e-01
5.536512e-01	2.343595e-01
5.536768e-01	2.356180e-01
5.537024e-01	2.370928e-01
5.537280e-01	2.384302e-01
5.537536e-01	2.396262e-01
5.537792e-01	2.408595e-01
5.538048e-01	2.419292e-01
5.538304e-01	2.428683e-01
5.538560e-01	2.437569e-01
5.538816e-01	2.445756e-01
5.539072e-01	2.454003e-01
5.539328e-01	2.461263e-01
5.539584e-01	2.467869e-01
5.539840e-01	2.472516e-01
5.540096e-01	2.478212e-01
5.540352e-01	2.481634e-01
5.540608e-01	2.485000e-01
5.540864e-01	2.487490e-01
5.541120e-01	2.489564e-01
5.541376e-01	2.489877e-01
5.541632e-01	2.489120e-01
5.541888e-01	2.488138e-01
5.542144e-01	2.487241e-01
5.542400e-01	2.485221e-01
5.542656e-01	2.481239e-01
5.542912e-01	2.477712e-01
5.543168e-01	2.474667e-01
5.543424e-01	2.469475e-01
5.543680e-01	2.462282e-01
5.543936e-01	2.455499e-01
5.544192e-01	2.447761e-01
5.544448e-01	2.438678e-01
5.544704e-01	2.429753e-01
5.544960e-01	2.420535e-01
5.545216e-01	2.410010e-01
5.545472e-01	2.397257e-01
5.545728e-01	2.385770e-01
5.545984e-01	2.372845e-01
5.546240e-01	2.358763e-01
5.546496e-01	2.345217e-01
5.546752e-01	2.329375e-01
5.547008e-01	2.312133e-01
5.547264e-01	2.297501e-01
5.547520e-01	2.279156e-01
5.547776e-01	2.261056e-01
5.548032e-01	2.241794e-01
5.548288e-01	2.222736e-01
5.548544e-01	2.203204e-01
5.548800e-01	2.181619e-01
5.549056e-01	2.160443e-01
5.549312e-01	2.138191e-01
5.549568e-01	2.114846e-01
5.549824e-01	2.090848e-01
5.550080e-01	2.067416e-01
5.550336e-01	2.042077e-01
5.550592e-01	2.016208e-01
5.550848e-01	1.990608e-01
5.551104e-01	1.963271e-01
5.551360e-01	1.935376e-01
5.551616e-01	1.906473e-01
5.551872e-01	1.878672e-01
5.552128e-01	1.849054e-01
5.552384e-01	1.819532e-01
5.552640e-01	1.788977e-01
5.552896e-01	1.757652e-01
5.553152e-01	1.724952e-01
5.553408e-01	1.691942e-01
5.553664e-01	1.660273e-01
5.553920e-01	1.626662e-01
5.554176e-01	1.592066e-01
5.554432e-01	1.558314e-01
5.554688e-01	1.522101e-01
5.554944e-01	1.487620e-01
5.555200e-01	1.450336e-01
5.555456e-01	1.413693e-01
5.555712e-01	1.377533e-01
5.555968e-01	1.337481e-01
5.556224e-01	1.301208e-01
5.556480e-01	1.262504e-01
5.556736e-01	1.222927e-01
5.556992e-01	1.184589e-01
5.557248e-01	1.143538e-01
5.557504e-01	1.102625e-01
5.557760e-01	1.061693e-01
5.558016e-01	1.021545e-01
5.558272e-01	9.791226e-02
5.558528e-01	9.376708e-02
5.558784e-01	8.951457e-02
5.559040e-01	8.521363e-02
5.559296e-01	8.093094e-02
5.559552e-01	7.659045e-02
5.559808e-01	7.224807e-02
5.560064e-01	6.781112e-02
5.560320e-01	6.324474e-02
5.560576e-01	5.888662e-02
5.560832e-01	5.447545e-02
5.561088e-01	4.985793e-02
5.561344e-01	4.530791e-02
5.561600e-01	4.070856e-02
5.561856e-01	3.611639e-02
5.562112e-01	3.147298e-02
5.562368e-01	2.688943e-02
5.562624e-01	2.229145e-02
5.562880e-01	1.750538e-02
5.563136e-01	1.300236e-02
5.563392e-01	8.231103e-03
5.563648e-01	3.379027e-03
5.563904e-01	-1.238946e-03
5.564160e-01	-6.050179e-03
5.564416e-01	-1.081979e-02
5.564672e-01	-1.566353e-02
5.564928e-01	-2.031605e-02
5.565184e-01	-2.508871e-02
5.565440e-01	-3.010987e-02
5.565696e-01	-3.461960e-02
5.565952e-01	-3.949477e-02
5.566208e-01	-4.440886e-02
5.566464e-01	-4.916262e-02
5.566720e-01	-5.397428e-02
5.566976e-01	-5.884226e-02
5.567232e-01	-6.352948e-02
5.567488e-01	-6.830514e-02
5.567744e-01	-7.324784e-02
5.568000e-01	-7.800649e-02
5.568256e-01	-8.280602e-02
5.568512e-01	-8.756645e-02
5.568768e-01	-9.226106e-02
5.569024e-01	-9.702684e-02
5.569280e-01	-1.017643e-01
5.569536e-01	-1.065830e-01
5.569792e-01	-1.112310e-01
5.570048e-01	-1.159096e-01
5.570304e-01	-1.205685e-01
5.570560e-01	-1.253004e-01
5.570816e-01	-1.299351e-01
5.571072e-01	-1.345709e-01
5.571328e-01	-1.391962e-01
5.571584e-01	-1.437715e-01
5.571840e-01	-1.483395e-01
5.572096e-01	-1.529005e-01
5.572352e-01	-1.573431e-01
5.572608e-01	-1.617888e-01
5.572864e-01	-1.661707e-01
5.573120e-01	-1.706775e-01
5.573376e-01	-1.751073e-01
5.573632e-01	-1.794075e-01
5.573888e-01	-1.837663e-01
5.574144e-01	-1.879397e-01
5.574400e-01	-1.923349e-01
5.574656e-01	-1.964467e-01
5.574912e-01	-2.005696e-01
5.575168e-01	-2.047633e-01
5.575424e-01	-2.087863e-01
5.575680e-01	-2.129254e-01
5.575936e-01	-2.168583e-01
5.576192e-01	-2.209545e-01
5.576448e-01	-2.247479e-01
5.576704e-01	-2.286627e-01
5.576960e-01	-2.324917e-01
5.577216e-01	-2.362253e-01
5.577472e-01	-2.399913e-01
5.577728e-01	-2.436960e-01
5.577984e-01	-2.473912e-01
5.578240e-01	-2.509756e-01
5.578496e-01	-2.543876e-01
5.578752e-01	-2.578385e-01
5.579008e-01	-2.614445e-01
5.579264e-01	-2.647038e-01
5.579520e-01	-2.680281e-01
5.579776e-01	-2.713098e-01
5.580032e-01	-2.744033e-01
5.580288e-01	-2.776008e-01
5.580544e-01	-2.807012e-01
5.580800e-01	-2.838557e-01
5.581056e-01	-2.866504e-01
5.581312e-01	-2.895910e-01
5.581568e-01	-2.924279e-01
5.581824e-01	-2.951736e-01
5.582080e-01	-2.978547e-01
5.582336e-01	-3.005486e-01
5.582592e-01	-3.029894e-01
5.582848e-01	-3.055649e-01
5.583104e-01	-3.081729e-01
5.583360e-01	-3.103560e-01
5.583616e-01	-3.127845e-01
5.583872e-01	-3.150221e-01
5.584128e-01	-3.171434e-01
5.584384e-01	-3.192464e-01
5.584640e-01	-3.211918e-01
5.584896e-01	-3.233171e-01
5.585152e-01	-3.250980e-01
5.585408e-01	-3.270079e-01
5.585664e-01	-3.287917e-01
5.585920e-01	-3.305155e-01
5.586176e-01	-3.320262e-01
5.586432e-01	-3.335995e-01
5.586688e-01	-3.350965e-01
5.586944e-01	-3.362868e-01
5.587200e-01	-3.377700e-01
5.587456e-01	-3.390166e-01
5.587712e-01	-3.401123e-01
5.587968e-01	-3.412943e-01
5.588224e-01	-3.422858e-01
5.588480e-01	-3.432977e-01
5.588736e-01	-3.441162e-01
5.588992e-01	-3.447471e-01
5.589248e-01	-3.454109e-01
5.589504e-01	-3.461961e-01
5.589760e-01	-3.467482e-01
5.590016e-01	-3.471989e-01
5.590272e-01	-3.475992e-01
5.590528e-01	-3.479295e-01
5.590784e-01	-3.480681e-01
5.591040e-01	-3.483511e-01
5.591296e-01	-3.483719e-01
5.591552e-01	-3.483672e-01
5.591808e-01	-3.483670e-01
5.592064e-01	-3.482094e-01
5.592320e-01	-3.479934e-01
5.592576e-01	-3.476268e-01
5.592832e-01	-3.473109e-01
5.593088e-01	-3.468073e-01
5.593344e-01	-3.463726e-01
5.593600e-01	-3.456925e-01
5.593856e-01	-3.449859e-01
5.594112e-01	-3.443005e-01
5.594368e-01	-3.432932e-01
5.594624e-01	-3.426136e-01
5.594880e-01	-3.415747e-01
5.595136e-01	-3.405645e-01
5.595392e-01	-3.392695e-01
5.595648e-01	-3.380826e-01
5.595904e-01	-3.368999e-01
5.596160e-01	-3.354525e-01
5.596416e-01	-3.340934e-01
5.596672e-01	-3.325050e-01
5.596928e-01	-3.309463e-01
5.597184e-01	-3.293000e-01
5.597440e-01	-3.274573e-01
5.597696e-01	-3.257105e-01
5.597952e-01	-3.237956e-01
5.598208e-01	-3.219618e-01
5.598464e-01	-3.199264e-01
5.598720e-01	-3.178760e-01
5.598976e-01	-3.157074e-01
5.599232e-01	-3.133852e-01
5.599488e-01	-3.111955e-01
5.599744e-01	-3.087833e-01
5.600000e-01	-3.063392e-01
5.600256e-01	-3.038597e-01
5.600512e-01	-3.013487e-01
5.600768e-01	-2.987639e-01
5.601024e-01	-2.959131e-01
5.601280e-01	-2.931374e-01
5.601536e-01	-2.904119e-01
5.601792e-01	-2.875051e-01
5.602048e-01	-2.844770e-01
5.602304e-01	-2.815657e-01
5.602560e-01	-2.784942e-01
5.602816e-01	-2.754211e-01
5.603072e-01	-2.721797e-01
5.603328e-01	-2.690401e-01
5.603584e-01	-2.657290e-01
5.603840e-01	-2.623220e-01
5.604096e-01	-2.588745e-01
5.604352e-01	-2.553674e-01
5.604608e-01	-2.519059e-01
5.604864e-01	-2.484028e-01
5.605120e-01	-2.447837e-01
5.605376e-01	-2.410343e-01
5.605632e-01	-2.372718e-01
5.605888e-01	-2.335548e-01
5.606144e-01	-2.297232e-01
5.606400e-01	-2.258650e-01
5.606656e-01	-2.219657e-01
5.606912e-01	-2.179599e-01
5.607168e-01	-2.139783e-01
5.607424e-01	-2.099947e-01
5.607680e-01	-2.059171e-01
5.607936e-01	-2.018276e-01
5.608192e-01	-1.975915e-01
5.608448e-01	-1.934973e-01
5.608704e-01	-1.891449e-01
5.608960e-01	-1.848798e-01
5.609216e-01	-1.805332e-01
5.609472e-01	-1.761578e-01
5.609728e-01	-1.719568e-01
5.609984e-01	-1.674734e-01
5.610240e-01	-1.630132e-01
5.610496e-01	-1.586515e-01
5.610752e-01	-1.541210e-01
5.611008e-01	-1.496021e-01
5.611264e-01	-1.450020e-01
5.611520e-01	-1.404244e-01
5.611776e-01	-1.358821e-01
5.612032e-01	-1.312731e-01
5.612288e-01	-1.266572e-01
5.612544e-01	-1.218448e-01
5.612800e-01	-1.172076e-01
5.613056e-01	-1.125968e-01
5.613312e-01	-1.078183e-01
5.613568e-01	-1.031688e-01
5.613824e-01	-9.834042e-02
5.614080e-01	-9.365753e-02
5.614336e-01	-8.895317e-02
5.614592e-01	-8.410084e-02
5.614848e-01	-7.915306e-02
5.615104e-01	-7.449714e-02
5.615360e-01	-6.960955e-02
5.615616e-01	-6.489801e-02
5.615872e-01	-6.008575e-02
5.616128e-01	-5.512148e-02
5.616384e-01	-5.055508e-02
5.616640e-01	-4.563596e-02
5.616896e-01	-4.081162e-02
5.617152e-01	-3.597102e-02
5.617408e-01	-3.120591e-02
5.617664e-01	-2.654669e-02
5.617920e-01	-2.155866e-02
5.618176e-01	-1.672020e-02
5.618432e-01	-1.198862e-02
5.618688e-01	-7.354462e-03
5.618944e-01	-2.466902e-03
5.619200e-01	2.175521e-03
5.619456e-01	6.853425e-03
5.619712e-01	1.164611e-02
5.619968e-01	1.633983e-02
5.620224e-01	2.096156e-02
5.620480e-01	2.569354e-02
5.620736e-01	3.033049e-02
5.620992e-01	3.494840e-02
5.621248e-01	3.969502e-02
5.621504e-01	4.409127e-02
5.621760e-01	4.867355e-02
5.622016e-01	5.326068e-02
5.622272e-01	5.771586e-02
5.622528e-01	6.221347e-02
5.622784e-01	6.664588e-02
5.623040e-01	7.106031e-02
5.623296e-01	7.539289e-02
5.623552e-01	7.986950e-02
5.623808e-01	8.407173e-02
5.624064e-01	8.844215e-02
5.624320e-01	9.267035e-02
5.624576e-01	9.688911e-02
5.624832e-01	1.010893e-01
5.625088e-01	1.051481e-01
5.625344e-01	1.092601e-01
5.625600e-01	1.133326e-01
5.625856e-01	1.172788e-01
5.626112e-01	1.213343e-01
5.626368e-01	1.252680e-01
5.626624e-01	1.290907e-01
5.626880e-01	1.329747e-01
5.627136e-01	1.367867e-01
5.627392e-01	1.404579e-01
5.627648e-01	1.440808e-01
5.627904e-01	1.479084e-01
5.628160e-01	1.513736e-01
5.628416e-01	1.548442e-01
5.628672e-01	1.584680e-01
5.628928e-01	1.618025e-01
5.629184e-01	1.651525e-01
5.629440e-01	1.683936e-01
5.629696e-01	1.717872e-01
5.629952e-01	1.748766e-01
5.630208e-01	1.781009e-01
5.630464e-01	1.810814e-01
5.630720e-01	1.841971e-01
5.630976e-01	1.872820e-01
5.631232e-01	1.900472e-01
5.631488e-01	1.928350e-01
5.631744e-01	1.955321e-01
5.632000e-01	1.984637e-01
5.632256e-01	2.011034e-01
5.632512e-01	2.035963e-01
5.632768e-01	2.060995e-01
5.633024e-01	2.086117e-01
5.633280e-01	2.109473e-01
5.633536e-01	2.131643e-01
5.633792e-01	2.155381e-01
5.634048e-01	2.175899e-01
5.634304e-01	2.197524e-01
5.634560e-01	2.218142e-01
5.634816e-01	2.238310e-01
5.635072e-01	2.257469e-01
5.635328e-01	2.275260e-01
5.635584e-01	2.291954e-01
5.635840e-01	2.309545e-01
5.636096e-01	2.326271e-01
5.636352e-01	2.340389e-01
5.636608e-01	2.355568e-01
5.636864e-01	2.370075e-01
5.637120e-01	2.381796e-01
5.637376e-01	2.394054e-01
5.637632e-01	2.406428e-01
5.637888e-01	2.417881e-01
5.638144e-01	2.427301e-01
5.638400e-01	2.436787e-01
5.638656e-01	2.445206e-01
5.638912e-01	2.453576e-01
5.639168e-01	2.459205e-01
5.639424e-01	2.466049e-01
5.639680e-01	2.472596e-01
5.639936e-01	2.475893e-01
5.640192e-01	2.480226e-01
5.640448e-01	2.483516e-01
5.640704e-01	2.486079e-01
5.640960e-01	2.488363e-01
5.641216e-01	2.489168e-01
5.641472e-01	2.489790e-01
5.641728e-01	2.489249e-01
5.641984e-01	2.488325e-01
5.642240e-01	2.484726e-01
5.642496e-01	2.482590e-01
5.642752e-01	2.478619e-01
5.643008e-01	2.474347e-01
5.643264e-01	2.468453e-01
5.643520e-01	2.462827e-01
5.643776e-01	2.456207e-01
5.644032e-01	2.448333e-01
5.644288e-01	2.439215e-01
5.644544e-01	2.430486e-01
5.644800e-01	2.421351e-01
5.645056e-01	2.409277e-01
5.645312e-01	2.399035e-01
5.645568e-01	2.386344e-01
5.645824e-01	2.374016e-01
5.646080e-01	2.360301e-01
5.646336e-01	2.345719e-01
5.646592e-01	2.331623e-01
5.646848e-01	2.314026e-01
5.647104e-01	2.299039e-01
5.647360e-01	2.281259e-01
5.647616e-01	2.263132e-01
5.647872e-01	2.244925e-01
5.648128e-01	2.225513e-01
5.648384e-01	2.204266e-01
5.648640e-01	2.182759e-01
5.648896e-01	2.162975e-01
5.649152e-01	2.140355e-01
5.649408e-01	2.116885e-01
5.649664e-01	2.093885e-01
5.649920e-01	2.069041e-01
5.650176e-01	2.044929e-01
5.650432e-01	2.018987e-01
5.650688e-01	1.992277e-01
5.650944e-01	1.965974e-01
5.651200e-01	1.937718e-01
5.651456e-01	1.909637e-01
5.651712e-01	1.881341e-01
5.651968e-01	1.850687e-01
5.652224e-01	1.822231e-01
5.652480e-01	1.791855e-01
5.652736e-01	1.760430e-01
5.652992e-01	1.727030e-01
5.653248e-01	1.696116e-01
5.653504e-01	1.663507e-01
5.653760e-01	1.628551e-01
5.654016e-01	1.596225e-01
5.654272e-01	1.562313e-01
5.654528e-01	1.525380e-01
5.654784e-01	1.490280e-01
5.655040e-01	1.453325e-01
5.655296e-01	1.416659e-01
5.655552e-01	1.381316e-01
5.655808e-01	1.342265e-01
5.656064e-01	1.304934e-01
5.656320e-01	1.265842e-01
5.656576e-01	1.226184e-01
5.656832e-01	1.187793e-01
5.657088e-01	1.147332e-01
5.657344e-01	1.106130e-01
5.657600e-01	1.065151e-01
5.657856e-01	1.025828e-01
5.658112e-01	9.823416e-02
5.658368e-01	9.410448e-02
5.658624e-01	8.999225e-02
5.658880e-01	8.559891e-02
5.659136e-01	8.128188e-02
5.659392e-01	7.708053e-02
5.659648e-01	7.262560e-02
5.659904e-01	6.817947e-02
5.660160e-01	6.385128e-02
5.660416e-01	5.934487e-02
5.660672e-01	5.487606e-02
5.660928e-01	5.034996e-02
5.661184e-01	4.571258e-02
5.661440e-01	4.118500e-02
5.661696e-01	3.670319e-02
5.661952e-01	3.221904e-02
5.662208e-01	2.745461e-02
5.662464e-01	2.273262e-02
5.662720e-01	1.798611e-02
5.662976e-01	1.326846e-02
5.663232e-01	8.599348e-03
5.663488e-01	3.923093e-03
5.663744e-01	-8.309769e-04
5.664000e-01	-5.676753e-03
5.664256e-01	-1.038896e-02
5.664512e-01	-1.513312e-02
5.664768e-01	-1.987279e-02
5.665024e-01	-2.476547e-02
5.665280e-01	-2.947969e-02
5.665536e-01	-3.428117e-02
5.665792e-01	-3.924637e-02
5.666048e-01	-4.387224e-02
5.666304e-01	-4.878895e-02
5.666560e-01	-5.359530e-02
5.666816e-01	-5.842650e-02
5.667072e-01	-6.304737e-02
5.667328e-01	-6.803792e-02
5.667584e-01	-7.270981e-02
5.667840e-01	-7.742558e-02
5.668096e-01	-8.250758e-02
5.668352e-01	-8.699781e-02
5.668608e-01	-9.184334e-02
5.668864e-01	-9.666058e-02
5.669120e-01	-1.013322e-01
5.669376e-01	-1.061899e-01
5.669632e-01	-1.108276e-01
5.669888e-01	-1.155184e-01
5.670144e-01	-1.201647e-01
5.670400e-01	-1.247705e-01
5.670656e-01	-1.296140e-01
5.670912e-01	-1.341937e-01
5.671168e-01	-1.387635e-01
5.671424e-01	-1.433365e-01
5.671680e-01	-1.478360e-01
5.671936e-01	-1.523747e-01
5.672192e-01	-1.568184e-01
5.672448e-01	-1.615127e-01
5.672704e-01	-1.659175e-01
5.672960e-01	-1.702604e-01
5.673216e-01	-1.745986e-01
5.673472e-01	-1.790558e-01
5.673728e-01	-1.833269e-01
5.673984e-01	-1.875649e-01
5.674240e-01	-1.918207e-01
5.674496e-01	-1.960898e-01
5.674752e-01	-2.002130e-01
5.675008e-01	-2.043526e-01
5.675264e-01	-2.085159e-01
5.675520e-01	-2.124687e-01
5.675776e-01	-2.164516e-01
5.676032e-01	-2.205448e-01
5.676288e-01	-2.244136e-01
5.676544e-01	-2.283805e-01
5.676800e-01	-2.321529e-01
5.677056e-01	-2.359137e-01
5.677312e-01	-2.395957e-01
5.677568e-01	-2.434589e-01
5.677824e-01	-2.471339e-01
5.678080e-01	-2.505114e-01
5.678336e-01	-2.541471e-01
5.678592e-01	-2.575682e-01
5.678848e-01	-2.610212e-01
5.679104e-01	-2.643388e-01
5.679360e-01	-2.676634e-01
5.679616e-01	-2.710125e-01
5.679872e-01	-2.741472e-01
5.680128e-01	-2.774060e-01
5.680384e-01	-2.803946e-01
5.680640e-01	-2.834241e-01
5.680896e-01	-2.863466e-01
5.681152e-01	-2.893154e-01
5.681408e-01	-2.920849e-01
5.681664e-01	-2.949281e-01
5.681920e-01	-2.976074e-01
5.682176e-01	-3.002489e-01
5.682432e-01	-3.028691e-01
5.682688e-01	-3.054220e-01
5.682944e-01	-3.078986e-01
5.683200e-01	-3.101978e-01
5.683456e-01	-3.124895e-01
5.683712e-01	-3.147427e-01
5.683968e-01	-3.169768e-01
5.684224e-01	-3.190613e-01
5.684480e-01	-3.211126e-01
5.684736e-01	-3.230678e-01
5.684992e-01	-3.250027e-01
5.685248e-01	-3.268929e-01
5.685504e-01	-3.285415e-01
5.685760e-01	-3.303212e-01
5.686016e-01	-3.319980e-01
5.686272e-01	-3.334927e-01
5.686528e-01	-3.349355e-01
5.686784e-01	-3.363977e-01
5.687040e-01	-3.376824e-01
5.687296e-01	-3.389070e-01
5.687552e-01	-3.400230e-01
5.687808e-01	-3.411591e-01
5.688064e-01	-3.421761e-01
5.688320e-01	-3.430299e-01
5.688576e-01	-3.438994e-01
5.688832e-01	-3.448193e-01
5.689088e-01	-3.454597e-01
5.689344e-01	-3.460760e-01
5.689600e-01	-3.465910e-01
5.689856e-01	-3.471523e-01
5.690112e-01	-3.475798e-01
5.690368e-01	-3.479020e-01
5.690624e-01	-3.481490e-01
5.690880e-01	-3.483235e-01
5.691136e-01	-3.483746e-01
5.691392e-01	-3.485333e-01
5.691648e-01	-3.483847e-01
5.691904e-01	-3.481620e-01
5.692160e-01	-3.480257e-01
5.692416e-01	-3.476797e-01
5.692672e-01	-3.473101e-01
5.692928e-01	-3.469329e-01
5.693184e-01	-3.464014e-01
5.693440e-01	-3.457700e-01
5.693696e-01	-3.451659e-01
5.693952e-01	-3.444140e-01
5.694208e-01	-3.435058e-01
5.694464e-01	-3.425740e-01
5.694720e-01	-3.416250e-01
5.694976e-01	-3.405932e-01
5.695232e-01	-3.393818e-01
5.695488e-01	-3.383172e-01
5.695744e-01	-3.369828e-01
5.696000e-01	-3.356063e-01
5.696256e-01	-3.341859e-01
5.696512e-01	-3.325086e-01
5.696768e-01	-3.310971e-01
5.697024e-01	-3.295583e-01
5.697280e-01	-3.275856e-01
5.697536e-01	-3.258911e-01
5.697792e-01	-3.240136e-01
5.698048e-01	-3.219661e-01
5.698304e-01	-3.201613e-01
5.698560e-01	-3.180279e-01
5.698816e-01	-3.158005e-01
5.699072e-01	-3.136575e-01
5.699328e-01	-3.113478e-01
5.699584e-01	-3.090118e-01
5.699840e-01	-3.064763e-01
5.700096e-01	-3.040859e-01
5.700352e-01	-3.015586e-01
5.700608e-01	-2.989758e-01
5.700864e-01	-2.961325e-01
5.701120e-01	-2.935267e-01
5.701376e-01	-2.906878e-01
5.701632e-01	-2.877676e-01
5.701888e-01	-2.848591e-01
5.702144e-01	-2.817896e-01
5.702400e-01	-2.788389e-01
5.702656e-01	-2.757816e-01
5.702912e-01	-2.726060e-01
5.703168e-01	-2.692368e-01
5.703424e-01	-2.660757e-01
5.703680e-01	-2.625827e-01
5.703936e-01	-2.591196e-01
5.704192e-01	-2.558187e-01
5.704448e-01	-2.523285e-01
5.704704e-01	-2.487943e-01
5.704960e-01	-2.449767e-01
5.705216e-01	-2.414652e-01
5.705472e-01	-2.376100e-01
5.705728e-01	-2.338642e-01
5.705984e-01	-2.302532e-01
5.706240e-01	-2.262675e-01
5.706496e-01	-2.222908e-01
5.706752e-01	-2.184395e-01
5.707008e-01	-2.144075e-01
5.707264e-01	-2.104202e-01
5.707520e-01	-2.063033e-01
5.707776e-01	-2.021966e-01
5.708032e-01	-1.980994e-01
5.708288e-01	-1.938825e-01
5.708544e-01	-1.896050e-01
5.708800e-01	-1.853034e-01
5.709056e-01	-1.809765e-01
5.709312e-01	-1.766455e-01
5.709568e-01	-1.723736e-01
5.709824e-01	-1.678574e-01
5.710080e-01	-1.634202e-01
5.710336e-01	-1.591076e-01
5.710592e-01	-1.545324e-01
5.710848e-01	-1.499477e-01
5.711104e-01	-1.454721e-01
5.711360e-01	-1.408605e-01
5.711616e-01	-1.363277e-01
5.711872e-01	-1.316885e-01
5.712128e-01	-1.269079e-01
5.712384e-01	-1.224356e-01
5.712640e-01	-1.176893e-01
5.712896e-01	-1.129892e-01
5.713152e-01	-1.083090e-01
5.713408e-01	-1.035952e-01
5.713664e-01	-9.882581e-02
5.713920e-01	-9.400337e-02
5.714176e-01	-8.930694e-02
5.714432e-01	-8.451349e-02
5.714688e-01	-7.975975e-02
5.714944e-01	-7.501189e-02
5.715200e-01	-7.012853e-02
5.715456e-01	-6.528889e-02
5.715712e-01	-6.059646e-02
5.715968e-01	-5.582942e-02
5.716224e-01	-5.084921e-02
5.716480e-01	-4.598918e-02
5.716736e-01	-4.129148e-02
5.716992e-01	-3.643025e-02
5.717248e-01	-3.168253e-02
5.717504e-01	-2.682501e-02
5.717760e-01	-2.202229e-02
5.718016e-01	-1.737703e-02
5.718272e-01	-1.248723e-02
5.718528e-01	-7.834317e-03
5.718784e-01	-2.963174e-03
5.719040e-01	1.695172e-03
5.719296e-01	6.427981e-03
5.719552e-01	1.124272e-02
5.719808e-01	1.595639e-02
5.720064e-01	2.060275e-02
5.720320e-01	2.519651e-02
5.720576e-01	2.984881e-02
5.720832e-01	3.454058e-02
5.721088e-01	3.917622e-02
5.721344e-01	4.373698e-02
5.721600e-01	4.827701e-02
5.721856e-01	5.279274e-02
5.722112e-01	5.734207e-02
5.722368e-01	6.169252e-02
5.722624e-01	6.613781e-02
5.722880e-01	7.071106e-02
5.723136e-01	7.498959e-02
5.723392e-01	7.944817e-02
5.723648e-01	8.375499e-02
5.723904e-01	8.804052e-02
5.724160e-01	9.239523e-02
5.724416e-01	9.645136e-02
5.724672e-01	1.006110e-01
5.724928e-01	1.048804e-01
5.725184e-01	1.088889e-01
5.725440e-01	1.130060e-01
5.725696e-01	1.170070e-01
5.725952e-01	1.210190e-01
5.726208e-01	1.248769e-01
5.726464e-01	1.286889e-01
5.726720e-01	1.326876e-01
5.726976e-01	1.363275e-01
5.727232e-01	1.400774e-01
5.727488e-01	1.438645e-01
5.727744e-01	1.474451e-01
5.728000e-01	1.511629e-01
5.728256e-01	1.545201e-01
5.728512e-01	1.580042e-01
5.728768e-01	1.615243e-01
5.729024e-01	1.648206e-01
5.729280e-01	1.680996e-01
5.729536e-01	1.714176e-01
5.729792e-01	1.746265e-01
5.730048e-01	1.777484e-01
5.730304e-01	1.808839e-01
5.730560e-01	1.840412e-01
5.730816e-01	1.868991e-01
5.731072e-01	1.897473e-01
5.731328e-01	1.926426e-01
5.731584e-01	1.955146e-01
5.731840e-01	1.981163e-01
5.732096e-01	2.007223e-01
5.732352e-01	2.033544e-01
5.732608e-01	2.059727e-01
5.732864e-01	2.084417e-01
5.733120e-01	2.106962e-01
5.733376e-01	2.130708e-01
5.733632e-01	2.152068e-01
5.733888e-01	2.174937e-01
5.734144e-01	2.196839e-01
5.734400e-01	2.216550e-01
5.734656e-01	2.237219e-01
5.734912e-01	2.255546e-01
5.735168e-01	2.274812e-01
5.735424e-01	2.291747e-01
5.735680e-01	2.308481e-01
5.735936e-01	2.324005e-01
5.736192e-01	2.339867e-01
5.736448e-01	2.355210e-01
5.736704e-01	2.368400e-01
5.736960e-01	2.382024e-01
5.737216e-01	2.393939e-01
5.737472e-01	2.405022e-01
5.737728e-01	2.417697e-01
5.737984e-01	2.427634e-01
5.738240e-01	2.435874e-01
5.738496e-01	2.445044e-01
5.738752e-01	2.452123e-01
5.739008e-01	2.459933e-01
5.739264e-01	2.467086e-01
5.739520e-01	2.472560e-01
5.739776e-01	2.476892e-01
5.740032e-01	2.480716e-01
5.740288e-01	2.485365e-01
5.740544e-01	2.485915e-01
5.740800e-01	2.488322e-01
5.741056e-01	2.488718e-01
5.741312e-01	2.488945e-01
5.741568e-01	2.488910e-01
5.741824e-01	2.487479e-01
5.742080e-01	2.485532e-01
5.742336e-01	2.483824e-01
5.742592e-01	2.480271e-01
5.742848e-01	2.474430e-01
5.743104e-01	2.469622e-01
5.743360e-01	2.464659e-01
5.743616e-01	2.457318e-01
5.743872e-01	2.449757e-01
5.744128e-01	2.441690e-01
5.744384e-01	2.431858e-01
5.744640e-01	2.422967e-01
5.744896e-01	2.412014e-01
5.745152e-01	2.400971e-01
5.745408e-01	2.389510e-01
5.745664e-01	2.375542e-01
5.745920e-01	2.362775e-01
5.746176e-01	2.347288e-01
5.746432e-01	2.332577e-01
5.746688e-01	2.316405e-01
5.746944e-01	2.300261e-01
5.747200e-01	2.283634e-01
5.747456e-01	2.264950e-01
5.747712e-01	2.246896e-01
5.747968e-01	2.227144e-01
5.748224e-01	2.207170e-01
5.748480e-01	2.187082e-01
5.748736e-01	2.163841e-01
5.748992e-01	2.143397e-01
5.749248e-01	2.119617e-01
5.749504e-01	2.096590e-01
5.749760e-01	2.072119e-01
5.750016e-01	2.046594e-01
5.750272e-01	2.021991e-01
5.750528e-01	1.994453e-01
5.750784e-01	1.969057e-01
5.751040e-01	1.941210e-01
5.751296e-01	1.913511e-01
5.751552e-01	1.884826e-01
5.751808e-01	1.855021e-01
5.752064e-01	1.825579e-01
5.752320e-01	1.794899e-01
5.752576e-01	1.764058e-01
5.752832e-01	1.730933e-01
5.753088e-01	1.699960e-01
5.753344e-01	1.666989e-01
5.753600e-01	1.632853e-01
5.753856e-01	1.598282e-01
5.754112e-01	1.565393e-01
5.754368e-01	1.529572e-01
5.754624e-01	1.494105e-01
5.754880e-01	1.457612e-01
5.755136e-01	1.420926e-01
5.755392e-01	1.384246e-01
5.755648e-01	1.345358e-01
5.755904e-01	1.308646e-01
5.756160e-01	1.270582e-01
5.756416e-01	1.230478e-01
5.756672e-01	1.190838e-01
5.756928e-01	1.151711e-01
5.757184e-01	1.110560e-01
5.757440e-01	1.070156e-01
5.757696e-01	1.028742e-01
5.757952e-01	9.872209e-02
5.758208e-01	9.464223e-02
5.758464e-01	9.025515e-02
5.758720e-01	8.613739e-02
5.758976e-01	8.173122e-02
5.759232e-01	7.741591e-02
5.759488e-01	7.303342e-02
5.759744e-01	6.854464e-02
5.760000e-01	6.424432e-02
5.760256e-01	5.974898e-02
5.760512e-01	5.525988e-02
5.760768e-01	5.083732e-02
5.761024e-01	4.605447e-02
5.761280e-01	4.162523e-02
5.761536e-01	3.711002e-02
5.761792e-01	3.230416e-02
5.762048e-01	2.787977e-02
5.762304e-01	2.331207e-02
5.762560e-01	1.844729e-02
5.762816e-01	1.378840e-02
5.763072e-01	9.096814e-03
5.763328e-01	4.235513e-03
5.763584e-01	-5.135561e-04
5.763840e-01	-5.085927e-03
5.764096e-01	-9.908130e-03
5.764352e-01	-1.476834e-02
5.764608e-01	-1.948307e-02
5.764864e-01	-2.424482e-02
5.765120e-01	-2.903266e-02
5.765376e-01	-3.371883e-02
5.765632e-01	-3.871759e-02
5.765888e-01	-4.341945e-02
5.766144e-01	-4.811910e-02
5.766400e-01	-5.314201e-02
5.766656e-01	-5.792551e-02
5.766912e-01	-6.263416e-02
5.767168e-01	-6.740002e-02
5.767424e-01	-7.229083e-02
5.767680e-01	-7.708895e-02
5.767936e-01	-8.184302e-02
5.768192e-01	-8.666886e-02
5.768448e-01	-9.135679e-02
5.768704e-01	-9.613255e-02
5.768960e-01	-1.009289e-01
5.769216e-01	-1.056544e-01
5.769472e-01	-1.102700e-01
5.769728e-01	-1.149862e-01
5.769984e-01	-1.198341e-01
5.770240e-01	-1.243916e-01
5.770496e-01	-1.290711e-01
5.770752e-01	-1.337003e-01
5.771008e-01	-1.381731e-01
5.771264e-01	-1.428927e-01
5.771520e-01	-1.474390e-01
5.771776e-01	-1.520840e-01
5.772032e-01	-1.564367e-01
5.772288e-01	-1.610183e-01
5.772544e-01	-1.654261e-01
5.772800e-01	-1.698448e-01
5.773056e-01	-1.743906e-01
5.773312e-01	-1.785831e-01
5.773568e-01	-1.829956e-01
5.773824e-01	-1.872628e-01
5.774080e-01	-1.915071e-01
5.774336e-01	-1.956897e-01
5.774592e-01	-1.998223e-01
5.774848e-01	-2.041117e-01
5.775104e-01	-2.080292e-01
5.775360e-01	-2.120506e-01
5.775616e-01	-2.161593e-01
5.775872e-01	-2.201245e-01
5.776128e-01	-2.240388e-01
5.776384e-01	-2.278354e-01
5.776640e-01	-2.316761e-01
5.776896e-01	-2.356079e-01
5.777152e-01	-2.392595e-01
5.777408e-01	-2.429573e-01
5.777664e-01	-2.465845e-01
5.777920e-01	-2.501738e-01
5.778176e-01	-2.537232e-01
5.778432e-01	-2.571667e-01
5.778688e-01	-2.606442e-01
5.778944e-01	-2.640997e-01
5.779200e-01	-2.673531e-01
5.779456e-01	-2.706409e-01
5.779712e-01	-2.739098e-01
5.779968e-01	-2.770037e-01
5.780224e-01	-2.799687e-01
5.780480e-01	-2.831171e-01
5.780736e-01	-2.860513e-01
5.780992e-01	-2.890486e-01
5.781248e-01	-2.919317e-01
5.781504e-01	-2.946250e-01
5.781760e-01	-2.973745e-01
5.782016e-01	-3.000254e-01
5.782272e-01	-3.025723e-01
5.782528e-01	-3.050397e-01
5.782784e-01	-3.075273e-01
5.783040e-01	-3.100634e-01
5.783296e-01	-3.122452e-01
5.783552e-01	-3.146293e-01
5.783808e-01	-3.168187e-01
5.784064e-01	-3.188426e-01
5.784320e-01	-3.209146e-01
5.784576e-01	-3.229803e-01
5.784832e-01	-3.248698e-01
5.785088e-01	-3.266993e-01
5.785344e-01	-3.284194e-01
5.785600e-01	-3.300847e-01
5.785856e-01	-3.318195e-01
5.786112e-01	-3.333802e-01
5.786368e-01	-3.346922e-01
5.786624e-01	-3.361978e-01
5.786880e-01	-3.374672e-01
5.787136e-01	-3.387517e-01
5.787392e-01	-3.399595e-01
5.787648e-01	-3.409661e-01
5.787904e-01	-3.419712e-01
5.788160e-01	-3.429824e-01
5.788416e-01	-3.438082e-01
5.788672e-01	-3.446292e-01
5.788928e-01	-3.453988e-01
5.789184e-01	-3.460642e-01
5.789440e-01	-3.465456e-01
5.789696e-01	-3.470207e-01
5.789952e-01	-3.474571e-01
5.790208e-01	-3.478182e-01
5.790464e-01	-3.480600e-01
5.790720e-01	-3.482943e-01
5.790976e-01	-3.483770e-01
5.791232e-01	-3.483972e-01
5.791488e-01	-3.483910e-01
5.791744e-01	-3.481973e-01
5.792000e-01	-3.480143e-01
5.792256e-01	-3.477788e-01
5.792512e-01	-3.473042e-01
5.792768e-01	-3.469594e-01
5.793024e-01	-3.462430e-01
5.793280e-01	-3.457931e-01
5.793536e-01	-3.451773e-01
5.793792e-01	-3.442661e-01
5.794048e-01	-3.435803e-01
5.794304e-01	-3.426700e-01
5.794560e-01	-3.417084e-01
5.794816e-01	-3.406377e-01
5.795072e-01	-3.394947e-01
5.795328e-01	-3.383609e-01
5.795584e-01	-3.370571e-01
5.795840e-01	-3.356821e-01
5.796096e-01	-3.341531e-01
5.796352e-01	-3.327480e-01
5.796608e-01	-3.311295e-01
5.796864e-01	-3.296133e-01
5.797120e-01	-3.278147e-01
5.797376e-01	-3.259878e-01
5.797632e-01	-3.241933e-01
5.797888e-01	-3.221149e-01
5.798144e-01	-3.203018e-01
5.798400e-01	-3.181277e-01
5.798656e-01	-3.160305e-01
5.798912e-01	-3.139579e-01
5.799168e-01	-3.115472e-01
5.799424e-01	-3.092549e-01
5.799680e-01	-3.067709e-01
5.799936e-01	-3.042821e-01
5.800192e-01	-3.017347e-01
5.800448e-01	-2.991499e-01
5.800704e-01	-2.965319e-01
5.800960e-01	-2.937287e-01
5.801216e-01	-2.907747e-01
5.801472e-01	-2.880789e-01
5.801728e-01	-2.850992e-01
5.801984e-01	-2.820677e-01
5.802240e-01	-2.790517e-01
5.802496e-01	-2.759391e-01
5.802752e-01	-2.727449e-01
5.803008e-01	-2.695637e-01
5.803264e-01	-2.662112e-01
5.803520e-01	-2.629428e-01
5.803776e-01	-2.595235e-01
5.804032e-01	-2.560881e-01
5.804288e-01	-2.525892e-01
5.804544e-01	-2.490281e-01
5.804800e-01	-2.454271e-01
5.805056e-01	-2.416612e-01
5.805312e-01	-2.380326e-01
5.805568e-01	-2.343288e-01
5.805824e-01	-2.305689e-01
5.806080e-01	-2.265247e-01
5.806336e-01	-2.227347e-01
5.806592e-01	-2.188881e-01
5.806848e-01	-2.146532e-01
5.807104e-01	-2.107501e-01
5.807360e-01	-2.067062e-01
5.807616e-01	-2.025544e-01
5.807872e-01	-1.984334e-01
5.808128e-01	-1.942616e-01
5.808384e-01	-1.899292e-01
5.808640e-01	-1.857680e-01
5.808896e-01	-1.814252e-01
5.809152e-01	-1.771273e-01
5.809408e-01	-1.726635e-01
5.809664e-01	-1.684006e-01
5.809920e-01	-1.639377e-01
5.810176e-01	-1.594201e-01
5.810432e-01	-1.549404e-01
5.810688e-01	-1.503219e-01
5.810944e-01	-1.457340e-01
5.811200e-01	-1.412329e-01
5.811456e-01	-1.368445e-01
5.811712e-01	-1.320785e-01
5.811968e-01	-1.273648e-01
5.812224e-01	-1.228549e-01
5.812480e-01	-1.181856e-01
5.812736e-01	-1.134674e-01
5.812992e-01	-1.087086e-01
5.813248e-01	-1.040501e-01
5.813504e-01	-9.934982e-02
5.813760e-01	-9.458565e-02
5.814016e-01	-8.972555e-02
5.814272e-01	-8.493652e-02
5.814528e-01	-8.009569e-02
5.814784e-01	-7.545625e-02
5.815040e-01	-7.073395e-02
5.815296e-01	-6.576824e-02
5.815552e-01	-6.086694e-02
5.815808e-01	-5.618889e-02
5.816064e-01	-5.123298e-02
5.816320e-01	-4.646425e-02
5.816576e-01	-4.172510e-02
5.816832e-01	-3.687772e-02
5.817088e-01	-3.212130e-02
5.817344e-01	-2.728182e-02
5.817600e-01	-2.252848e-02
5.817856e-01	-1.777657e-02
5.818112e-01	-1.289941e-02
5.818368e-01	-8.032634e-03
5.818624e-01	-3.414458e-03
5.818880e-01	1.350896e-03
5.819136e-01	6.146620e-03
5.819392e-01	1.084121e-02
5.819648e-01	1.559601e-02
5.819904e-01	2.015110e-02
5.820160e-01	2.486064e-02
5.820416e-01	2.952595e-02
5.820672e-01	3.408471e-02
5.820928e-01	3.876650e-02
5.821184e-01	4.339262e-02
5.821440e-01	4.787505e-02
5.821696e-01	5.241960e-02
5.821952e-01	5.683194e-02
5.822208e-01	6.154991e-02
5.822464e-01	6.587998e-02
5.822720e-01	7.028767e-02
5.822976e-01	7.476175e-02
5.823232e-01	7.897131e-02
5.823488e-01	8.342798e-02
5.823744e-01	8.767098e-02
5.824000e-01	9.194314e-02
5.824256e-01	9.608050e-02
5.824512e-01	1.003646e-01
5.824768e-01	1.044158e-01
5.825024e-01	1.084850e-01
5.825280e-01	1.126508e-01
5.825536e-01	1.165939e-01
5.825792e-01	1.207162e-01
5.826048e-01	1.245435e-01
5.826304e-01	1.283773e-01
5.826560e-01	1.323141e-01
5.826816e-01	1.361010e-01
5.827072e-01	1.398555e-01
5.827328e-01	1.435579e-01
5.827584e-01	1.471213e-01
5.827840e-01	1.507864e-01
5.828096e-01	1.543689e-01
5.828352e-01	1.577241e-01
5.828608e-01	1.612066e-01
5.828864e-01	1.646326e-01
5.829120e-01	1.678954e-01
5.829376e-01	1.712375e-01
5.829632e-01	1.743405e-01
5.829888e-01	1.774650e-01
5.830144e-01	1.805722e-01
5.830400e-01	1.836946e-01
5.830656e-01	1.866682e-01
5.830912e-01	1.895921e-01
5.831168e-01	1.923680e-01
5.831424e-01	1.950980e-01
5.831680e-01	1.979484e-01
5.831936e-01	2.006184e-01
5.832192e-01	2.031710e-01
5.832448e-01	2.056776e-01
5.832704e-01	2.081041e-01
5.832960e-01	2.105888e-01
5.833216e-01	2.128761e-01
5.833472e-01	2.151465e-01
5.833728e-01	2.173763e-01
5.833984e-01	2.194377e-01
5.834240e-01	2.214165e-01
5.834496e-01	2.235096e-01
5.834752e-01	2.254515e-01
5.835008e-01	2.272375e-01
5.835264e-01	2.290040e-01
5.835520e-01	2.307186e-01
5.835776e-01	2.322789e-01
5.836032e-01	2.338183e-01
5.836288e-01	2.353478e-01
5.836544e-01	2.367899e-01
5.836800e-01	2.380982e-01
5.837056e-01	2.392981e-01
5.837312e-01	2.404507e-01
5.837568e-01	2.416250e-01
5.837824e-01	2.426514e-01
5.838080e-01	2.436009e-01
5.838336e-01	2.443599e-01
5.838592e-01	2.453023e-01
5.838848e-01	2.459555e-01
5.839104e-01	2.466621e-01
5.839360e-01	2.471465e-01
5.839616e-01	2.476180e-01
5.839872e-01	2.481688e-01
5.840128e-01	2.484569e-01
5.840384e-01	2.486884e-01
5.840640e-01	2.488436e-01
5.840896e-01	2.489677e-01
5.841152e-01	2.489948e-01
5.841408e-01	2.489305e-01
5.841664e-01	2.489617e-01
5.841920e-01	2.486334e-01
5.842176e-01	2.483302e-01
5.842432e-01	2.479539e-01
5.842688e-01	2.475229e-01
5.842944e-01	2.470673e-01
5.843200e-01	2.464613e-01
5.843456e-01	2.457967e-01
5.843712e-01	2.450096e-01
5.843968e-01	2.442327e-01
5.844224e-01	2.434105e-01
5.844480e-01	2.423194e-01
5.844736e-01	2.413287e-01
5.844992e-01	2.401497e-01
5.845248e-01	2.389931e-01
5.845504e-01	2.377409e-01
5.845760e-01	2.363873e-01
5.846016e-01	2.349550e-01
5.846272e-01	2.332925e-01
5.846528e-01	2.319238e-01
5.846784e-01	2.302075e-01
5.847040e-01	2.285049e-01
5.847296e-01	2.268137e-01
5.847552e-01	2.248311e-01
5.847808e-01	2.230605e-01
5.848064e-01	2.208833e-01
5.848320e-01	2.188828e-01
5.848576e-01	2.167122e-01
5.848832e-01	2.144662e-01
5.849088e-01	2.121932e-01
5.849344e-01	2.097565e-01
5.849600e-01	2.074153e-01
5.849856e-01	2.050781e-01
5.850112e-01	2.024682e-01
5.850368e-01	1.997676e-01
5.850624e-01	1.970930e-01
5.850880e-01	1.944353e-01
5.851136e-01	1.915612e-01
5.851392e-01	1.887087e-01
5.851648e-01	1.859119e-01
5.851904e-01	1.828077e-01
5.852160e-01	1.797154e-01
5.852416e-01	1.766908e-01
5.852672e-01	1.734592e-01
5.852928e-01	1.703848e-01
5.853184e-01	1.669304e-01
5.853440e-01	1.636034e-01
5.853696e-01	1.602472e-01
5.853952e-01	1.566898e-01
5.854208e-01	1.532449e-01
5.854464e-01	1.498436e-01
5.854720e-01	1.460886e-01
5.854976e-01	1.424307e-01
5.855232e-01	1.387959e-01
5.855488e-01	1.350278e-01
5.855744e-01	1.311349e-01
5.856000e-01	1.273189e-01
5.856256e-01	1.235386e-01
5.856512e-01	1.195165e-01
5.856768e-01	1.155537e-01
5.857024e-01	1.114503e-01
5.857280e-01	1.074721e-01
5.857536e-01	1.033810e-01
5.857792e-01	9.916987e-02
5.858048e-01	9.488681e-02
5.858304e-01	9.066313e-02
5.858560e-01	8.661331e-02
5.858816e-01	8.213115e-02
5.859072e-01	7.779575e-02
5.859328e-01	7.345627e-02
5.859584e-01	6.914847e-02
5.859840e-01	6.453908e-02
5.860096e-01	6.021408e-02
5.860352e-01	5.564936e-02
5.860608e-01	5.118886e-02
5.860864e-01	4.670857e-02
5.861120e-01	4.195971e-02
5.861376e-01	3.759831e-02
5.861632e-01	3.295977e-02
5.861888e-01	2.837502e-02
5.862144e-01	2.365236e-02
5.862400e-01	1.898521e-02
5.862656e-01	1.427776e-02
5.862912e-01	9.516591e-03
5.863168e-01	4.862664e-03
5.863424e-01	2.836792e-05
5.863680e-01	-4.604496e-03
5.863936e-01	-9.463298e-03
5.864192e-01	-1.415568e-02
5.864448e-01	-1.894141e-02
5.864704e-01	-2.384287e-02
5.864960e-01	-2.863011e-02
5.865216e-01	-3.334148e-02
5.865472e-01	-3.809069e-02
5.865728e-01	-4.290922e-02
5.865984e-01	-4.770191e-02
5.866240e-01	-5.259622e-02
5.866496e-01	-5.747258e-02
5.866752e-01	-6.209772e-02
5.867008e-01	-6.701335e-02
5.867264e-01	-7.188425e-02
5.867520e-01	-7.665881e-02
5.867776e-01	-8.139064e-02
5.868032e-01	-8.620401e-02
5.868288e-01	-9.088231e-02
5.868544e-01	-9.577019e-02
5.868800e-01	-1.005387e-01
5.869056e-01	-1.051151e-01
5.869312e-01	-1.099155e-01
5.869568e-01	-1.145737e-01
5.869824e-01	-1.192676e-01
5.870080e-01	-1.239608e-01
5.870336e-01	-1.286002e-01
5.870592e-01	-1.332512e-01
5.870848e-01	-1.377985e-01
5.871104e-01	-1.424596e-01
5.871360e-01	-1.469539e-01
5.871616e-01	-1.515029e-01
5.871872e-01	-1.560382e-01
5.872128e-01	-1.604756e-01
5.872384e-01	-1.648709e-01
5.872640e-01	-1.693405e-01
5.872896e-01	-1.737074e-01
5.873152e-01	-1.781661e-01
5.873408e-01	-1.823439e-01
5.873664e-01	-1.866637e-01
5.873920e-01	-1.909716e-01
5.874176e-01	-1.951864e-01
5.874432e-01	-1.994343e-01
5.874688e-01	-2.034720e-01
5.874944e-01	-2.076173e-01
5.875200e-01	-2.116687e-01
5.875456e-01	-2.157102e-01
5.875712e-01	-2.196653e-01
5.875968e-01	-2.236012e-01
5.876224e-01	-2.274761e-01
5.876480e-01	-2.313060e-01
5.876736e-01	-2.352918e-01
5.876992e-01	-2.388177e-01
5.877248e-01	-2.425635e-01
5.877504e-01	-2.463369e-01
5.877760e-01	-2.497757e-01
5.878016e-01	-2.533476e-01
5.878272e-01	-2.568244e-01
5.878528e-01	-2.602606e-01
5.878784e-01	-2.638302e-01
5.879040e-01	-2.670826e-01
5.879296e-01	-2.702411e-01
5.879552e-01	-2.735001e-01
5.879808e-01	-2.766470e-01
5.880064e-01	-2.797821e-01
5.880320e-01	-2.828319e-01
5.880576e-01	-2.857368e-01
5.880832e-01	-2.887007e-01
5.881088e-01	-2.915598e-01
5.881344e-01	-2.943678e-01
5.881600e-01	-2.969877e-01
5.881856e-01	-2.997681e-01
5.882112e-01	-3.023576e-01
5.882368e-01	-3.048746e-01
5.882624e-01	-3.073292e-01
5.882880e-01	-3.096590e-01
5.883136e-01	-3.121232e-01
5.883392e-01	-3.143749e-01
5.883648e-01	-3.164134e-01
5.883904e-01	-3.185293e-01
5.884160e-01	-3.205747e-01
5.884416e-01	-3.226134e-01
5.884672e-01	-3.245109e-01
5.884928e-01	-3.264927e-01
5.885184e-01	-3.282084e-01
5.885440e-01	-3.298769e-01
5.885696e-01	-3.315786e-01
5.885952e-01	-3.330987e-01
5.886208e-01	-3.346464e-01
5.886464e-01	-3.359757e-01
5.886720e-01	-3.373473e-01
5.886976e-01	-3.386931e-01
5.887232e-01	-3.397705e-01
5.887488e-01	-3.409097e-01
5.887744e-01	-3.419459e-01
5.888000e-01	-3.428829e-01
5.888256e-01	-3.437839e-01
5.888512e-01	-3.446028e-01
5.888768e-01	-3.452354e-01
5.889024e-01	-3.459007e-01
5.889280e-01	-3.465399e-01
5.889536e-01	-3.469642e-01
5.889792e-01	-3.473716e-01
5.890048e-01	-3.477795e-01
5.890304e-01	-3.479697e-01
5.890560e-01	-3.482188e-01
5.890816e-01	-3.482899e-01
5.891072e-01	-3.483128e-01
5.891328e-01	-3.482923e-01
5.891584e-01	-3.482037e-01
5.891840e-01	-3.480149e-01
5.892096e-01	-3.477519e-01
5.892352e-01	-3.473994e-01
5.892608e-01	-3.468934e-01
5.892864e-01	-3.464050e-01
5.893120e-01	-3.458626e-01
5.893376e-01	-3.450949e-01
5.893632e-01	-3.444887e-01
5.893888e-01	-3.436233e-01
5.894144e-01	-3.426684e-01
5.894400e-01	-3.417795e-01
5.894656e-01	-3.408031e-01
5.894912e-01	-3.396762e-01
5.895168e-01	-3.384968e-01
5.895424e-01	-3.371638e-01
5.895680e-01	-3.358855e-01
5.895936e-01	-3.343918e-01
5.896192e-01	-3.328710e-01
5.896448e-01	-3.314991e-01
5.896704e-01	-3.297333e-01
5.896960e-01	-3.278939e-01
5.897216e-01	-3.262569e-01
5.897472e-01	-3.243673e-01
5.897728e-01	-3.224418e-01
5.897984e-01	-3.204938e-01
5.898240e-01	-3.183434e-01
5.898496e-01	-3.162231e-01
5.898752e-01	-3.139775e-01
5.899008e-01	-3.116313e-01
5.899264e-01	-3.094130e-01
5.899520e-01	-3.070123e-01
5.899776e-01	-3.045970e-01
5.900032e-01	-3.019599e-01
5.900288e-01	-2.994246e-01
5.900544e-01	-2.967977e-01
5.900800e-01	-2.938960e-01
5.901056e-01	-2.911607e-01
5.901312e-01	-2.883282e-01
5.901568e-01	-2.854057e-01
5.901824e-01	-2.823927e-01
5.902080e-01	-2.792844e-01
5.902336e-01	-2.763048e-01
5.902592e-01	-2.730066e-01
5.902848e-01	-2.698233e-01
5.903104e-01	-2.665068e-01
5.903360e-01	-2.633082e-01
5.903616e-01	-2.599267e-01
5.903872e-01	-2.564594e-01
5.904128e-01	-2.528368e-01
5.904384e-01	-2.493485e-01
5.904640e-01	-2.457938e-01
5.904896e-01	-2.419957e-01
5.905152e-01	-2.383108e-01
5.905408e-01	-2.345031e-01
5.905664e-01	-2.307614e-01
5.905920e-01	-2.269520e-01
5.906176e-01	-2.230405e-01
5.906432e-01	-2.191086e-01
5.906688e-01	-2.150989e-01
5.906944e-01	-2.111593e-01
5.907200e-01	-2.071045e-01
5.907456e-01	-2.029723e-01
5.907712e-01	-1.987438e-01
5.907968e-01	-1.945634e-01
5.908224e-01	-1.904199e-01
5.908480e-01	-1.861838e-01
5.908736e-01	-1.817018e-01
5.908992e-01	-1.774341e-01
5.909248e-01	-1.732599e-01
5.909504e-01	-1.686595e-01
5.909760e-01	-1.642933e-01
5.910016e-01	-1.599398e-01
5.910272e-01	-1.552545e-01
5.910528e-01	-1.509073e-01
5.910784e-01	-1.463436e-01
5.911040e-01	-1.416644e-01
5.911296e-01	-1.370667e-01
5.911552e-01	-1.325151e-01
5.911808e-01	-1.278704e-01
5.912064e-01	-1.232326e-01
5.912320e-01	-1.184388e-01
5.912576e-01	-1.138563e-01
5.912832e-01	-1.093117e-01
5.913088e-01	-1.044442e-01
5.913344e-01	-9.971543e-02
5.913600e-01	-9.496333e-02
5.913856e-01	-9.007926e-02
5.914112e-01	-8.540054e-02
5.914368e-01	-8.056061e-02
5.914624e-01	-7.587930e-02
5.914880e-01	-7.099777e-02
5.915136e-01	-6.627335e-02
5.915392e-01	-6.144846e-02
5.915648e-01	-5.660257e-02
5.915904e-01	-5.182136e-02
5.916160e-01	-4.701300e-02
5.916416e-01	-4.230405e-02
5.916672e-01	-3.729611e-02
5.916928e-01	-3.263634e-02
5.917184e-01	-2.775108e-02
5.917440e-01	-2.296248e-02
5.917696e-01	-1.833493e-02
5.917952e-01	-1.331208e-02
5.918208e-01	-8.612419e-03
5.918464e-01	-3.885016e-03
5.918720e-01	7.583553e-04
5.918976e-01	5.664491e-03
5.919232e-01	1.035976e-02
5.919488e-01	1.507695e-02
5.919744e-01	1.983006e-02
5.920000e-01	2.443425e-02
5.920256e-01	2.911675e-02
5.920512e-01	3.356735e-02
5.920768e-01	3.823816e-02
5.921024e-01	4.295099e-02
5.921280e-01	4.742553e-02
5.921536e-01	5.191079e-02
5.921792e-01	5.640778e-02
5.922048e-01	6.113923e-02
5.922304e-01	6.543947e-02
5.922560e-01	6.970811e-02
5.922816e-01	7.422065e-02
5.923072e-01	7.866134e-02
5.923328e-01	8.298463e-02
5.923584e-01	8.715089e-02
5.923840e-01	9.150583e-02
5.924096e-01	9.574884e-02
5.924352e-01	9.978360e-02
5.924608e-01	1.040662e-01
5.924864e-01	1.082059e-01
5.925120e-01	1.122274e-01
5.925376e-01	1.162207e-01
5.925632e-01	1.202229e-01
5.925888e-01	1.240627e-01
5.926144e-01	1.281198e-01
5.926400e-01	1.318520e-01
5.926656e-01	1.356849e-01
5.926912e-01	1.395098e-01
5.927168e-01	1.430061e-01
5.927424e-01	1.468011e-01
5.927680e-01	1.504191e-01
5.927936e-01	1.538961e-01
5.928192e-01	1.574726e-01
5.928448e-01	1.608086e-01
5.928704e-01	1.642304e-01
5.928960e-01	1.675849e-01
5.929216e-01	1.708527e-01
5.929472e-01	1.739708e-01
5.929728e-01	1.771912e-01
5.929984e-01	1.803329e-01
5.930240e-01	1.833610e-01
5.930496e-01	1.862692e-01
5.930752e-01	1.891606e-01
5.931008e-01	1.921133e-01
5.931264e-01	1.949229e-01
5.931520e-01	1.976120e-01
5.931776e-01	2.003152e-01
5.932032e-01	2.027189e-01
5.932288e-01	2.054316e-01
5.932544e-01	2.078584e-01
5.932800e-01	2.102901e-01
5.933056e-01	2.127187e-01
5.933312e-01	2.148600e-01
5.933568e-01	2.171090e-01
5.933824e-01	2.192550e-01
5.934080e-01	2.212731e-01
5.934336e-01	2.233431e-01
5.934592e-01	2.251936e-01
5.934848e-01	2.270461e-01
5.935104e-01	2.288897e-01
5.935360e-01	2.306171e-01
5.935616e-01	2.321963e-01
5.935872e-01	2.336353e-01
5.936128e-01	2.351888e-01
5.936384e-01	2.366576e-01
5.936640e-01	2.379222e-01
5.936896e-01	2.392075e-01
5.937152e-01	2.403031e-01
5.937408e-01	2.415319e-01
5.937664e-01	2.425629e-01
5.937920e-01	2.434278e-01
5.938176e-01	2.444633e-01
5.938432e-01	2.452589e-01
5.938688e-01	2.459026e-01
5.938944e-01	2.465790e-01
5.939200e-01	2.471312e-01
5.939456e-01	2.477241e-01
5.939712e-01	2.480030e-01
5.939968e-01	2.483429e-01
5.940224e-01	2.486298e-01
5.940480e-01	2.489715e-01
5.940736e-01	2.489338e-01
5.940992e-01	2.488637e-01
5.941248e-01	2.489966e-01
5.941504e-01	2.487920e-01
5.941760e-01	2.487344e-01
5.942016e-01	2.484045e-01
5.942272e-01	2.478958e-01
5.942528e-01	2.476410e-01
5.942784e-01	2.470573e-01
5.943040e-01	2.465169e-01
5.943296e-01	2.458670e-01
5.943552e-01	2.450463e-01
5.943808e-01	2.442882e-01
5.944064e-01	2.434517e-01
5.944320e-01	2.423425e-01
5.944576e-01	2.414847e-01
5.944832e-01	2.402433e-01
5.945088e-01	2.390038e-01
5.945344e-01	2.379189e-01
5.945600e-01	2.364513e-01
5.945856e-01	2.351139e-01
5.946112e-01	2.335445e-01
5.946368e-01	2.319398e-01
5.946624e-01	2.304030e-01
5.946880e-01	2.286033e-01
5.947136e-01	2.269120e-01
5.947392e-01	2.250716e-01
5.947648e-01	2.231160e-01
5.947904e-01	2.211049e-01
5.948160e-01	2.190196e-01
5.948416e-01	2.169632e-01
5.948672e-01	2.146740e-01
5.948928e-01	2.123660e-01
5.949184e-01	2.102003e-01
5.949440e-01	2.076502e-01
5.949696e-01	2.053208e-01
5.949952e-01	2.027433e-01
5.950208e-01	2.001450e-01
5.950464e-01	1.975438e-01
5.950720e-01	1.945920e-01
5.950976e-01	1.917993e-01
5.951232e-01	1.889475e-01
5.951488e-01	1.860661e-01
5.951744e-01	1.830963e-01
5.952000e-01	1.799767e-01
5.952256e-01	1.770078e-01
5.952512e-01	1.737778e-01
5.952768e-01	1.705034e-01
5.953024e-01	1.673523e-01
5.953280e-01	1.639764e-01
5.953536e-01	1.605764e-01
5.953792e-01	1.570786e-01
5.954048e-01	1.536441e-01
5.954304e-01	1.501676e-01
5.954560e-01	1.463807e-01
5.954816e-01	1.429078e-01
5.955072e-01	1.390715e-01
5.955328e-01	1.354697e-01
5.955584e-01	1.315667e-01
5.955840e-01	1.276475e-01
5.956096e-01	1.238066e-01
5.956352e-01	1.197631e-01
5.956608e-01	1.159629e-01
5.956864e-01	1.118789e-01
5.957120e-01	1.078204e-01
5.957376e-01	1.037086e-01
5.957632e-01	9.954543e-02
5.957888e-01	9.539926e-02
5.958144e-01	9.104015e-02
5.958400e-01	8.683711e-02
5.958656e-01	8.257795e-02
5.958912e-01	7.824656e-02
5.959168e-01	7.383168e-02
5.959424e-01	6.954928e-02
5.959680e-01	6.504776e-02
5.959936e-01	6.059962e-02
5.960192e-01	5.615084e-02
5.960448e-01	5.156883e-02
5.960704e-01	4.715193e-02
5.960960e-01	4.253867e-02
5.961216e-01	3.792176e-02
5.961472e-01	3.324937e-02
5.961728e-01	2.861749e-02
5.961984e-01	2.408521e-02
5.962240e-01	1.927088e-02
5.962496e-01	1.462273e-02
5.962752e-01	9.992258e-03
5.963008e-01	5.184930e-03
5.963264e-01	4.299814e-04
5.963520e-01	-4.192306e-03
5.963776e-01	-9.021515e-03
5.964032e-01	-1.380237e-02
5.964288e-01	-1.857827e-02
5.964544e-01	-2.328509e-02
5.964800e-01	-2.809197e-02
5.965056e-01	-3.296595e-02
5.965312e-01	-3.777872e-02
5.965568e-01	-4.261261e-02
5.965824e-01	-4.734175e-02
5.966080e-01	-5.216208e-02
5.966336e-01	-5.709292e-02
5.966592e-01	-6.171728e-02
5.966848e-01	-6.648773e-02
5.967104e-01	-7.135896e-02
5.967360e-01	-7.626179e-02
5.967616e-01	-8.095177e-02
5.967872e-01	-8.570413e-02
5.968128e-01	-9.053095e-02
5.968384e-01	-9.527358e-02
5.968640e-01	-9.999896e-02
5.968896e-01	-1.047188e-01
5.969152e-01	-1.095019e-01
5.969408e-01	-1.142076e-01
5.969664e-01	-1.189000e-01
5.969920e-01	-1.234827e-01
5.970176e-01	-1.281600e-01
5.970432e-01	-1.328921e-01
5.970688e-01	-1.374006e-01
5.970944e-01	-1.420982e-01
5.971200e-01	-1.466434e-01
5.971456e-01	-1.510630e-01
5.971712e-01	-1.556164e-01
5.971968e-01	-1.601427e-01
5.972224e-01	-1.645344e-01
5.972480e-01	-1.690337e-01
5.972736e-01	-1.733302e-01
5.972992e-01	-1.777314e-01
5.973248e-01	-1.820443e-01
5.973504e-01	-1.863600e-01
5.973760e-01	-1.906148e-01
5.974016e-01	-1.947718e-01
5.974272e-01	-1.989467e-01
5.974528e-01	-2.031187e-01
5.974784e-01	-2.072538e-01
5.975040e-01	-2.112342e-01
5.975296e-01	-2.153404e-01
5.975552e-01	-2.194125e-01
5.975808e-01	-2.233148e-01
5.976064e-01	-2.272482e-01
5.976320e-01	-2.310667e-01
5.976576e-01	-2.347978e-01
5.976832e-01	-2.385034e-01
5.977088e-01	-2.423092e-01
5.977344e-01	-2.459574e-01
5.977600e-01	-2.494984e-01
5.977856e-01	-2.530522e-01
5.978112e-01	-2.564928e-01
5.978368e-01	-2.599701e-01
5.978624e-01	-2.635219e-01
5.978880e-01	-2.666250e-01
5.979136e-01	-2.701083e-01
5.979392e-01	-2.732689e-01
5.979648e-01	-2.763224e-01
5.979904e-01	-2.796116e-01
5.980160e-01	-2.825332e-01
5.980416e-01	-2.855364e-01
5.980672e-01	-2.884915e-01
5.980928e-01	-2.912015e-01
5.981184e-01	-2.941439e-01
5.981440e-01	-2.968594e-01
5.981696e-01	-2.995313e-01
5.981952e-01	-3.022383e-01
5.982208e-01	-3.047196e-01
5.982464e-01	-3.071646e-01
5.982720e-01	-3.093894e-01
5.982976e-01	-3.118394e-01
5.983232e-01	-3.142239e-01
5.983488e-01	-3.163028e-01
5.983744e-01	-3.185050e-01
5.984000e-01	-3.205453e-01
5.984256e-01	-3.225547e-01
5.984512e-01	-3.244939e-01
5.984768e-01	-3.263772e-01
5.985024e-01	-3.280533e-01
5.985280e-01	-3.297524e-01
5.985536e-01	-3.313972e-01
5.985792e-01	-3.330056e-01
5.986048e-01	-3.344401e-01
5.986304e-01	-3.359433e-01
5.986560e-01	-3.372740e-01
5.986816e-01	-3.385815e-01
5.987072e-01	-3.397154e-01
5.987328e-01	-3.408681e-01
5.987584e-01	-3.419049e-01
5.987840e-01	-3.428134e-01
5.988096e-01	-3.437297e-01
5.988352e-01	-3.444966e-01
5.988608e-01	-3.453448e-01
5.988864e-01	-3.458600e-01
5.989120e-01	-3.465485e-01
5.989376e-01	-3.471020e-01
5.989632e-01	-3.473933e-01
5.989888e-01	-3.479164e-01
5.990144e-01	-3.481243e-01
5.990400e-01	-3.482686e-01
5.990656e-01	-3.482716e-01
5.990912e-01	-3.484123e-01
5.991168e-01	-3.483638e-01
5.991424e-01	-3.482545e-01
5.991680e-01	-3.479901e-01
5.991936e-01	-3.476963e-01
5.992192e-01	-3.474815e-01
5.992448e-01	-3.469977e-01
5.992704e-01	-3.465461e-01
5.992960e-01	-3.459860e-01
5.993216e-01	-3.452432e-01
5.993472e-01	-3.446049e-01
5.993728e-01	-3.438219e-01
5.993984e-01	-3.427951e-01
5.994240e-01	-3.419016e-01
5.994496e-01	-3.408882e-01
5.994752e-01	-3.397218e-01
5.995008e-01	-3.386613e-01
5.995264e-01	-3.372900e-01
5.995520e-01	-3.359428e-01
5.995776e-01	-3.344981e-01
5.996032e-01	-3.330255e-01
5.996288e-01	-3.314455e-01
5.996544e-01	-3.299042e-01
5.996800e-01	-3.282534e-01
5.997056e-01	-3.263547e-01
5.997312e-01	-3.245469e-01
5.997568e-01	-3.226140e-01
5.997824e-01	-3.206210e-01
5.998080e-01	-3.186586e-01
5.998336e-01	-3.164488e-01
5.998592e-01	-3.141555e-01
5.998848e-01	-3.119058e-01
5.999104e-01	-3.097346e-01
5.999360e-01	-3.071764e-01
5.999616e-01	-3.047931e-01
5.999872e-01	-3.022788e-01
6.000128e-01	-2.995159e-01
6.000384e-01	-2.970316e-01
6.000640e-01	-2.942912e-01
6.000896e-01	-2.914549e-01
6.001152e-01	-2.886015e-01
6.001408e-01	-2.856509e-01
6.001664e-01	-2.826957e-01
6.001920e-01	-2.796207e-01
6.002176e-01	-2.765256e-01
6.002432e-01	-2.734162e-01
6.002688e-01	-2.701966e-01
6.002944e-01	-2.667767e-01
6.003200e-01	-2.635419e-01
6.003456e-01	-2.601969e-01
6.003712e-01	-2.568702e-01
6.003968e-01	-2.532526e-01
6.004224e-01	-2.496574e-01
6.004480e-01	-2.461750e-01
6.004736e-01	-2.424211e-01
6.004992e-01	-2.387773e-01
6.005248e-01	-2.350683e-01
6.005504e-01	-2.311762e-01
6.005760e-01	-2.274134e-01
6.006016e-01	-2.233998e-01
6.006272e-01	-2.195187e-01
6.006528e-01	-2.155846e-01
6.006784e-01	-2.114877e-01
6.007040e-01	-2.074866e-01
6.007296e-01	-2.032543e-01
6.007552e-01	-1.990610e-01
6.007808e-01	-1.950357e-01
6.008064e-01	-1.907346e-01
6.008320e-01	-1.864964e-01
6.008576e-01	-1.821297e-01
6.008832e-01	-1.779190e-01
6.009088e-01	-1.735127e-01
6.009344e-01	-1.691334e-01
6.009600e-01	-1.647696e-01
6.009856e-01	-1.602199e-01
6.010112e-01	-1.557679e-01
6.010368e-01	-1.512827e-01
6.010624e-01	-1.467282e-01
6.010880e-01	-1.422066e-01
6.011136e-01	-1.376147e-01
6.011392e-01	-1.330265e-01
6.011648e-01	-1.282040e-01
6.011904e-01	-1.236729e-01
6.012160e-01	-1.190251e-01
6.012416e-01	-1.143274e-01
6.012672e-01	-1.095649e-01
6.012928e-01	-1.048385e-01
6.013184e-01	-1.002505e-01
6.013440e-01	-9.537672e-02
6.013696e-01	-9.067050e-02
6.013952e-01	-8.590637e-02
6.014208e-01	-8.100897e-02
6.014464e-01	-7.635171e-02
6.014720e-01	-7.150666e-02
6.014976e-01	-6.676790e-02
6.015232e-01	-6.180681e-02
6.015488e-01	-5.693525e-02
6.015744e-01	-5.227274e-02
6.016000e-01	-4.739638e-02
6.016256e-01	-4.258885e-02
6.016512e-01	-3.775175e-02
6.016768e-01	-3.297387e-02
6.017024e-01	-2.816218e-02
6.017280e-01	-2.338972e-02
6.017536e-01	-1.878025e-02
6.017792e-01	-1.383746e-02
6.018048e-01	-9.074738e-03
6.018304e-01	-4.300753e-03
6.018560e-01	3.289391e-04
6.018816e-01	5.245038e-03
6.019072e-01	9.896532e-03
6.019328e-01	1.458109e-02
6.019584e-01	1.937688e-02
6.019840e-01	2.391004e-02
6.020096e-01	2.869875e-02
6.020352e-01	3.321145e-02
6.020608e-01	3.786628e-02
6.020864e-01	4.249537e-02
6.021120e-01	4.703365e-02
6.021376e-01	5.170998e-02
6.021632e-01	5.601908e-02
6.021888e-01	6.063019e-02
6.022144e-01	6.504104e-02
6.022400e-01	6.944679e-02
6.022656e-01	7.397643e-02
6.022912e-01	7.820032e-02
6.023168e-01	8.253427e-02
6.023424e-01	8.695512e-02
6.023680e-01	9.109348e-02
6.023936e-01	9.528372e-02
6.024192e-01	9.957428e-02
6.024448e-01	1.036507e-01
6.024704e-01	1.077469e-01
6.024960e-01	1.119202e-01
6.025216e-01	1.158932e-01
6.025472e-01	1.199096e-01
6.025728e-01	1.237724e-01
6.025984e-01	1.277394e-01
6.026240e-01	1.315458e-01
6.026496e-01	1.354178e-01
6.026752e-01	1.391447e-01
6.027008e-01	1.428072e-01
6.027264e-01	1.464862e-01
6.027520e-01	1.500920e-01
6.027776e-01	1.536286e-01
6.028032e-01	1.571176e-01
6.028288e-01	1.606010e-01
6.028544e-01	1.639214e-01
6.028800e-01	1.672124e-01
6.029056e-01	1.706300e-01
6.029312e-01	1.737636e-01
6.029568e-01	1.770298e-01
6.029824e-01	1.800767e-01
6.030080e-01	1.830494e-01
6.030336e-01	1.860507e-01
6.030592e-01	1.889348e-01
6.030848e-01	1.918950e-01
6.031104e-01	1.947032e-01
6.031360e-01	1.973994e-01
6.031616e-01	2.000659e-01
6.031872e-01	2.026571e-01
6.032128e-01	2.052993e-01
6.032384e-01	2.076460e-01
6.032640e-01	2.101840e-01
6.032896e-01	2.124138e-01
6.033152e-01	2.146363e-01
6.033408e-01	2.169769e-01
6.033664e-01	2.190596e-01
6.033920e-01	2.211622e-01
6.034176e-01	2.230574e-01
6.034432e-01	2.249774e-01
6.034688e-01	2.268964e-01
6.034944e-01	2.285712e-01
6.035200e-01	2.303280e-01
6.035456e-01	2.320411e-01
6.035712e-01	2.336399e-01
6.035968e-01	2.350110e-01
6.036224e-01	2.365043e-01
6.036480e-01	2.378012e-01
6.036736e-01	2.392004e-01
6.036992e-01	2.403119e-01
6.037248e-01	2.413861e-01
6.037504e-01	2.423829e-01
6.037760e-01	2.433325e-01
6.038016e-01	2.443091e-01
6.038272e-01	2.450718e-01
6.038528e-01	2.458747e-01
6.038784e-01	2.465117e-01
6.039040e-01	2.471136e-01
6.039296e-01	2.476462e-01
6.039552e-01	2.479887e-01
6.039808e-01	2.484367e-01
6.040064e-01	2.486095e-01
6.040320e-01	2.488356e-01
6.040576e-01	2.489987e-01
6.040832e-01	2.489528e-01
6.041088e-01	2.490271e-01
6.041344e-01	2.489118e-01
6.041600e-01	2.487127e-01
6.041856e-01	2.483367e-01
6.042112e-01	2.480166e-01
6.042368e-01	2.476839e-01
6.042624e-01	2.470274e-01
6.042880e-01	2.465766e-01
6.043136e-01	2.458364e-01
6.043392e-01	2.451663e-01
6.043648e-01	2.444087e-01
6.043904e-01	2.434269e-01
6.044160e-01	2.425781e-01
6.044416e-01	2.415381e-01
6.044672e-01	2.403360e-01
6.044928e-01	2.392047e-01
6.045184e-01	2.379162e-01
6.045440e-01	2.366012e-01
6.045696e-01	2.352120e-01
6.045952e-01	2.336662e-01
6.046208e-01	2.320509e-01
6.046464e-01	2.305720e-01
6.046720e-01	2.287855e-01
6.046976e-01	2.270702e-01
6.047232e-01	2.252351e-01
6.047488e-01	2.232628e-01
6.047744e-01	2.212611e-01
6.048000e-01	2.192734e-01
6.048256e-01	2.170921e-01
6.048512e-01	2.148087e-01
6.048768e-01	2.127612e-01
6.049024e-01	2.104192e-01
6.049280e-01	2.079403e-01
6.049536e-01	2.055545e-01
6.049792e-01	2.028937e-01
6.050048e-01	2.004923e-01
6.050304e-01	1.976682e-01
6.050560e-01	1.949674e-01
6.050816e-01	1.922217e-01
6.051072e-01	1.893089e-01
6.051328e-01	1.864443e-01
6.051584e-01	1.834793e-01
6.051840e-01	1.803383e-01
6.052096e-01	1.772024e-01
6.052352e-01	1.741684e-01
6.052608e-01	1.709243e-01
6.052864e-01	1.676382e-01
6.053120e-01	1.642865e-01
6.053376e-01	1.609691e-01
6.053632e-01	1.575088e-01
6.053888e-01	1.539464e-01
6.054144e-01	1.504738e-01
6.054400e-01	1.468264e-01
6.054656e-01	1.431424e-01
6.054912e-01	1.393938e-01
6.055168e-01	1.358099e-01
6.055424e-01	1.320037e-01
6.055680e-01	1.281484e-01
6.055936e-01	1.241316e-01
6.056192e-01	1.203077e-01
6.056448e-01	1.162926e-01
6.056704e-01	1.122117e-01
6.056960e-01	1.082589e-01
6.057216e-01	1.040294e-01
6.057472e-01	9.993234e-02
6.057728e-01	9.574741e-02
6.057984e-01	9.152218e-02
6.058240e-01	8.732106e-02
6.058496e-01	8.293144e-02
6.058752e-01	7.871289e-02
6.059008e-01	7.430722e-02
6.059264e-01	6.988552e-02
6.059520e-01	6.558321e-02
6.059776e-01	6.115332e-02
6.060032e-01	5.650690e-02
6.060288e-01	5.194817e-02
6.060544e-01	4.756636e-02
6.060800e-01	4.303743e-02
6.061056e-01	3.832136e-02
6.061312e-01	3.371444e-02
6.061568e-01	2.911679e-02
6.061824e-01	2.461582e-02
6.062080e-01	1.985653e-02
6.062336e-01	1.513311e-02
6.062592e-01	1.053005e-02
6.062848e-01	5.853778e-03
6.063104e-01	9.672859e-04
6.063360e-01	-3.718660e-03
6.063616e-01	-8.465455e-03
6.063872e-01	-1.332696e-02
6.064128e-01	-1.805480e-02
6.064384e-01	-2.272638e-02
6.064640e-01	-2.767162e-02
6.064896e-01	-3.236655e-02
6.065152e-01	-3.717675e-02
6.065408e-01	-4.200119e-02
6.065664e-01	-4.679225e-02
6.065920e-01	-5.166848e-02
6.066176e-01	-5.642048e-02
6.066432e-01	-6.137018e-02
6.066688e-01	-6.605221e-02
6.066944e-01	-7.084451e-02
6.067200e-01	-7.571547e-02
6.067456e-01	-8.041088e-02
6.067712e-01	-8.529172e-02
6.067968e-01	-8.999199e-02
6.068224e-01	-9.483664e-02
6.068480e-01	-9.947903e-02
6.068736e-01	-1.042693e-01
6.068992e-01	-1.089808e-01
6.069248e-01	-1.136710e-01
6.069504e-01	-1.183578e-01
6.069760e-01	-1.230410e-01
6.070016e-01	-1.277674e-01
6.070272e-01	-1.323248e-01
6.070528e-01	-1.368612e-01
6.070784e-01	-1.415589e-01
6.071040e-01	-1.461094e-01
6.071296e-01	-1.505741e-01
6.071552e-01	-1.551778e-01
6.071808e-01	-1.596820e-01
6.072064e-01	-1.640675e-01
6.072320e-01	-1.685629e-01
6.072576e-01	-1.728535e-01
6.072832e-01	-1.771679e-01
6.073088e-01	-1.816746e-01
6.073344e-01	-1.860366e-01
6.073600e-01	-1.900229e-01
6.073856e-01	-1.944768e-01
6.074112e-01	-1.985919e-01
6.074368e-01	-2.027601e-01
6.074624e-01	-2.069420e-01
6.074880e-01	-2.108387e-01
6.075136e-01	-2.150405e-01
6.075392e-01	-2.189296e-01
6.075648e-01	-2.229188e-01
6.075904e-01	-2.268758e-01
6.076160e-01	-2.307326e-01
6.076416e-01	-2.345117e-01
6.076672e-01	-2.381312e-01
6.076928e-01	-2.419103e-01
6.077184e-01	-2.455221e-01
6.077440e-01	-2.491820e-01
6.077696e-01	-2.526814e-01
6.077952e-01	-2.561986e-01
6.078208e-01	-2.596889e-01
6.078464e-01	-2.630000e-01
6.078720e-01	-2.662862e-01
6.078976e-01	-2.696612e-01
6.079232e-01	-2.729657e-01
6.079488e-01	-2.761465e-01
6.079744e-01	-2.792385e-01
6.080000e-01	-2.821938e-01
6.080256e-01	-2.851599e-01
6.080512e-01	-2.882169e-01
6.080768e-01	-2.909994e-01
6.081024e-01	-2.937741e-01
6.081280e-01	-2.966847e-01
6.081536e-01	-2.992428e-01
6.081792e-01	-3.018535e-01
6.082048e-01	-3.044709e-01
6.082304e-01	-3.068598e-01
6.082560e-01	-3.093396e-01
6.082816e-01	-3.115623e-01
6.083072e-01	-3.139329e-01
6.083328e-01	-3.160285e-01
6.083584e-01	-3.182769e-01
6.083840e-01	-3.203814e-01
6.084096e-01	-3.222823e-01
6.084352e-01	-3.241918e-01
6.084608e-01	-3.259453e-01
6.084864e-01	-3.280180e-01
6.085120e-01	-3.295650e-01
6.085376e-01	-3.312159e-01
6.085632e-01	-3.328146e-01
6.085888e-01	-3.342129e-01
6.086144e-01	-3.356687e-01
6.086400e-01	-3.371132e-01
6.086656e-01	-3.384413e-01
6.086912e-01	-3.394859e-01
6.087168e-01	-3.407801e-01
6.087424e-01	-3.417813e-01
6.087680e-01	-3.427528e-01
6.087936e-01	-3.435539e-01
6.088192e-01	-3.443429e-01
6.088448e-01	-3.450498e-01
6.088704e-01	-3.458907e-01
6.088960e-01	-3.463966e-01
6.089216e-01	-3.468279e-01
6.089472e-01	-3.473851e-01
6.089728e-01	-3.476654e-01
6.089984e-01	-3.480580e-01
6.090240e-01	-3.482168e-01
6.090496e-01	-3.483013e-01
6.090752e-01	-3.484071e-01
6.091008e-01	-3.483283e-01
6.091264e-01	-3.481950e-01
6.091520e-01	-3.480571e-01
6.091776e-01	-3.477690e-01
6.092032e-01	-3.474766e-01
6.092288e-01	-3.470889e-01
6.092544e-01	-3.465477e-01
6.092800e-01	-3.460518e-01
6.093056e-01	-3.453301e-01
6.093312e-01	-3.445746e-01
6.093568e-01	-3.437291e-01
6.093824e-01	-3.431094e-01
6.094080e-01	-3.419927e-01
6.094336e-01	-3.409896e-01
6.094592e-01	-3.398709e-01
6.094848e-01	-3.386089e-01
6.095104e-01	-3.373643e-01
6.095360e-01	-3.360642e-01
6.095616e-01	-3.347789e-01
6.095872e-01	-3.331485e-01
6.096128e-01	-3.317011e-01
6.096384e-01	-3.301142e-01
6.096640e-01	-3.282912e-01
6.096896e-01	-3.266177e-01
6.097152e-01	-3.247702e-01
6.097408e-01	-3.228692e-01
6.097664e-01	-3.207600e-01
6.097920e-01	-3.187822e-01
6.098176e-01	-3.167641e-01
6.098432e-01	-3.145505e-01
6.098688e-01	-3.121960e-01
6.098944e-01	-3.098547e-01
6.099200e-01	-3.073555e-01
6.099456e-01	-3.050868e-01
6.099712e-01	-3.024527e-01
6.099968e-01	-2.998140e-01
6.100224e-01	-2.972202e-01
6.100480e-01	-2.945460e-01
6.100736e-01	-2.917857e-01
6.100992e-01	-2.888764e-01
6.101248e-01	-2.860231e-01
6.101504e-01	-2.829328e-01
6.101760e-01	-2.799029e-01
6.102016e-01	-2.769108e-01
6.102272e-01	-2.736136e-01
6.102528e-01	-2.704512e-01
6.102784e-01	-2.672356e-01
6.103040e-01	-2.638246e-01
6.103296e-01	-2.604333e-01
6.103552e-01	-2.570994e-01
6.103808e-01	-2.535314e-01
6.104064e-01	-2.500868e-01
6.104320e-01	-2.464721e-01
6.104576e-01	-2.428602e-01
6.104832e-01	-2.390837e-01
6.105088e-01	-2.352226e-01
6.105344e-01	-2.315877e-01
6.105600e-01	-2.276808e-01
6.105856e-01	-2.238206e-01
6.106112e-01	-2.200024e-01
6.106368e-01	-2.158792e-01
6.106624e-01	-2.119423e-01
6.106880e-01	-2.077709e-01
6.107136e-01	-2.037552e-01
6.107392e-01	-1.995759e-01
6.107648e-01	-1.954204e-01
6.107904e-01	-1.912668e-01
6.108160e-01	-1.869035e-01
6.108416e-01	-1.827487e-01
6.108672e-01	-1.784389e-01
6.108928e-01	-1.740472e-01
6.109184e-01	-1.695555e-01
6.109440e-01	-1.651026e-01
6.109696e-01	-1.607394e-01
6.109952e-01	-1.562145e-01
6.110208e-01	-1.517716e-01
6.110464e-01	-1.471676e-01
6.110720e-01	-1.426423e-01
6.110976e-01	-1.380463e-01
6.111232e-01	-1.333646e-01
6.111488e-01	-1.287843e-01
6.111744e-01	-1.241471e-01
6.112000e-01	-1.194102e-01
6.112256e-01	-1.147882e-01
6.112512e-01	-1.100315e-01
6.112768e-01	-1.052802e-01
6.113024e-01	-1.006387e-01
6.113280e-01	-9.586734e-02
6.113536e-01	-9.108826e-02
6.113792e-01	-8.630709e-02
6.114048e-01	-8.149855e-02
6.114304e-01	-7.676017e-02
6.114560e-01	-7.201257e-02
6.114816e-01	-6.721406e-02
6.115072e-01	-6.224627e-02
6.115328e-01	-5.751105e-02
6.115584e-01	-5.273147e-02
6.115840e-01	-4.795328e-02
6.116096e-01	-4.301959e-02
6.116352e-01	-3.827639e-02
6.116608e-01	-3.352271e-02
6.116864e-01	-2.861606e-02
6.117120e-01	-2.393265e-02
6.117376e-01	-1.911155e-02
6.117632e-01	-1.426059e-02
6.117888e-01	-9.504164e-03
6.118144e-01	-4.769948e-03
6.118400e-01	2.987078e-05
6.118656e-01	4.688619e-03
6.118912e-01	9.373063e-03
6.119168e-01	1.424850e-02
6.119424e-01	1.880903e-02
6.119680e-01	2.358218e-02
6.119936e-01	2.823400e-02
6.120192e-01	3.289368e-02
6.120448e-01	3.734249e-02
6.120704e-01	4.205626e-02
6.120960e-01	4.663593e-02
6.121216e-01	5.107551e-02
6.121472e-01	5.560166e-02
6.121728e-01	6.005853e-02
6.121984e-01	6.472664e-02
6.122240e-01	6.903630e-02
6.122496e-01	7.349429e-02
6.122752e-01	7.781339e-02
6.123008e-01	8.207072e-02
6.123264e-01	8.649296e-02
6.123520e-01	9.065690e-02
6.123776e-01	9.493448e-02
6.124032e-01	9.907211e-02
6.124288e-01	1.033164e-01
6.124544e-01	1.073520e-01
6.124800e-01	1.114581e-01
6.125056e-01	1.154476e-01
6.125312e-01	1.194513e-01
6.125568e-01	1.234275e-01
6.125824e-01	1.271856e-01
6.126080e-01	1.312250e-01
6.126336e-01	1.351208e-01
6.126592e-01	1.385513e-01
6.126848e-01	1.425048e-01
6.127104e-01	1.462865e-01
6.127360e-01	1.496990e-01
6.127616e-01	1.531943e-01
6.127872e-01	1.566645e-01
6.128128e-01	1.602451e-01
6.128384e-01	1.636365e-01
6.128640e-01	1.669050e-01
6.128896e-01	1.702692e-01
6.129152e-01	1.734909e-01
6.129408e-01	1.765483e-01
6.129664e-01	1.797492e-01
6.129920e-01	1.828270e-01
6.130176e-01	1.857246e-01
6.130432e-01	1.888236e-01
6.130688e-01	1.916544e-01
6.130944e-01	1.944248e-01
6.131200e-01	1.971597e-01
6.131456e-01	1.998619e-01
6.131712e-01	2.023753e-01
6.131968e-01	2.049279e-01
6.132224e-01	2.074487e-01
6.132480e-01	2.098798e-01
6.132736e-01	2.121595e-01
6.132992e-01	2.145105e-01
6.133248e-01	2.166645e-01
6.133504e-01	2.187391e-01
6.133760e-01	2.209184e-01
6.134016e-01	2.229411e-01
6.134272e-01	2.248840e-01
6.134528e-01	2.266325e-01
6.134784e-01	2.284671e-01
6.135040e-01	2.302699e-01
6.135296e-01	2.317401e-01
6.135552e-01	2.333859e-01
6.135808e-01	2.348921e-01
6.136064e-01	2.363013e-01
6.136320e-01	2.377155e-01
6.136576e-01	2.389847e-01
6.136832e-01	2.400805e-01
6.137088e-01	2.412504e-01
6.137344e-01	2.423239e-01
6.137600e-01	2.433791e-01
6.137856e-01	2.441761e-01
6.138112e-01	2.451354e-01
6.138368e-01	2.458227e-01
6.138624e-01	2.463475e-01
6.138880e-01	2.470045e-01
6.139136e-01	2.475445e-01
6.139392e-01	2.478919e-01
6.139648e-01	2.482246e-01
6.139904e-01	2.486667e-01
6.140160e-01	2.488095e-01
6.140416e-01	2.488926e-01
6.140672e-01	2.489878e-01
6.140928e-01	2.488956e-01
6.141184e-01	2.489290e-01
6.141440e-01	2.486313e-01
6.141696e-01	2.483294e-01
6.141952e-01	2.480825e-01
6.142208e-01	2.476556e-01
6.142464e-01	2.471532e-01
6.142720e-01	2.466514e-01
6.142976e-01	2.458844e-01
6.143232e-01	2.452227e-01
6.143488e-01	2.444562e-01
6.143744e-01	2.435182e-01
6.144000e-01	2.426875e-01
6.144256e-01	2.415708e-01
6.144512e-01	2.405026e-01
6.144768e-01	2.393598e-01
6.145024e-01	2.380715e-01
6.145280e-01	2.366804e-01
6.145536e-01	2.352491e-01
6.145792e-01	2.339780e-01
6.146048e-01	2.322471e-01
6.146304e-01	2.306771e-01
6.146560e-01	2.289202e-01
6.146816e-01	2.271589e-01
6.147072e-01	2.253729e-01
6.147328e-01	2.234468e-01
6.147584e-01	2.215363e-01
6.147840e-01	2.193688e-01
6.148096e-01	2.173262e-01
6.148352e-01	2.151477e-01
6.148608e-01	2.129354e-01
6.148864e-01	2.106424e-01
6.149120e-01	2.081835e-01
6.149376e-01	2.057476e-01
6.149632e-01	2.031792e-01
6.149888e-01	2.006683e-01
6.150144e-01	1.978918e-01
6.150400e-01	1.952039e-01
6.150656e-01	1.924378e-01
6.150912e-01	1.895540e-01
6.151168e-01	1.865860e-01
6.151424e-01	1.836586e-01
6.151680e-01	1.805856e-01
6.151936e-01	1.774988e-01
6.152192e-01	1.744029e-01
6.152448e-01	1.712572e-01
6.152704e-01	1.679692e-01
6.152960e-01	1.645088e-01
6.153216e-01	1.611881e-01
6.153472e-01	1.577793e-01
6.153728e-01	1.543080e-01
6.153984e-01	1.507661e-01
6.154240e-01	1.471184e-01
6.154496e-01	1.435694e-01
6.154752e-01	1.398254e-01
6.155008e-01	1.361529e-01
6.155264e-01	1.322939e-01
6.155520e-01	1.284191e-01
6.155776e-01	1.245526e-01
6.156032e-01	1.206474e-01
6.156288e-01	1.165927e-01
6.156544e-01	1.126263e-01
6.156800e-01	1.086351e-01
6.157056e-01	1.044640e-01
6.157312e-01	1.003435e-01
6.157568e-01	9.622036e-02
6.157824e-01	9.197470e-02
6.158080e-01	8.767547e-02
6.158336e-01	8.334029e-02
6.158592e-01	7.910379e-02
6.158848e-01	7.466082e-02
6.159104e-01	7.034379e-02
6.159360e-01	6.593609e-02
6.159616e-01	6.159360e-02
6.159872e-01	5.697339e-02
6.160128e-01	5.252527e-02
6.160384e-01	4.807597e-02
6.160640e-01	4.335197e-02
6.160896e-01	3.880123e-02
6.161152e-01	3.426965e-02
6.161408e-01	2.957960e-02
6.161664e-01	2.492663e-02
6.161920e-01	2.024049e-02
6.162176e-01	1.551614e-02
6.162432e-01	1.095833e-02
6.162688e-01	6.217566e-03
6.162944e-01	1.310282e-03
6.163200e-01	-3.270087e-03
6.163456e-01	-8.121883e-03
6.163712e-01	-1.290498e-02
6.163968e-01	-1.753540e-02
6.164224e-01	-2.231598e-02
6.164480e-01	-2.721722e-02
6.164736e-01	-3.201629e-02
6.164992e-01	-3.668956e-02
6.165248e-01	-4.161488e-02
6.165504e-01	-4.651495e-02
6.165760e-01	-5.114417e-02
6.166016e-01	-5.607093e-02
6.166272e-01	-6.081951e-02
6.166528e-01	-6.567703e-02
6.166784e-01	-7.050865e-02
6.167040e-01	-7.532442e-02
6.167296e-01	-8.006789e-02
6.167552e-01	-8.477321e-02
6.167808e-01	-8.957865e-02
6.168064e-01	-9.447522e-02
6.168320e-01	-9.907328e-02
6.168576e-01	-1.037711e-01
6.168832e-01	-1.085481e-01
6.169088e-01	-1.132985e-01
6.169344e-01	-1.180221e-01
6.169600e-01	-1.225668e-01
6.169856e-01	-1.272875e-01
6.170112e-01	-1.318919e-01
6.170368e-01	-1.365353e-01
6.170624e-01	-1.411207e-01
6.170880e-01	-1.456618e-01
6.171136e-01	-1.502500e-01
6.171392e-01	-1.547739e-01
6.171648e-01	-1.592697e-01
6.171904e-01	-1.636571e-01
6.172160e-01	-1.681064e-01
6.172416e-01	-1.724683e-01
6.172672e-01	-1.769652e-01
6.172928e-01	-1.812245e-01
6.173184e-01	-1.855170e-01
6.173440e-01	-1.897321e-01
6.173696e-01	-1.938761e-01
6.173952e-01	-1.980578e-01
6.174208e-01	-2.024439e-01
6.174464e-01	-2.064606e-01
6.174720e-01	-2.105047e-01
6.174976e-01	-2.147220e-01
6.175232e-01	-2.186287e-01
6.175488e-01	-2.225290e-01
6.175744e-01	-2.264886e-01
6.176000e-01	-2.303606e-01
6.176256e-01	-2.340806e-01
6.176512e-01	-2.379225e-01
6.176768e-01	-2.416284e-01
6.177024e-01	-2.452393e-01
6.177280e-01	-2.488683e-01
6.177536e-01	-2.523649e-01
6.177792e-01	-2.559010e-01
6.178048e-01	-2.593941e-01
6.178304e-01	-2.627512e-01
6.178560e-01	-2.660742e-01
6.178816e-01	-2.694492e-01
6.179072e-01	-2.725813e-01
6.179328e-01	-2.757370e-01
6.179584e-01	-2.789732e-01
6.179840e-01	-2.820060e-01
6.180096e-01	-2.848670e-01
6.180352e-01	-2.879822e-01
6.180608e-01	-2.906890e-01
6.180864e-01	-2.935933e-01
6.181120e-01	-2.963096e-01
6.181376e-01	-2.988909e-01
6.181632e-01	-3.016072e-01
6.181888e-01	-3.041223e-01
6.182144e-01	-3.067381e-01
6.182400e-01	-3.089555e-01
6.182656e-01	-3.113747e-01
6.182912e-01	-3.137152e-01
6.183168e-01	-3.159494e-01
6.183424e-01	-3.181010e-01
6.183680e-01	-3.201693e-01
6.183936e-01	-3.221542e-01
6.184192e-01	-3.240080e-01
6.184448e-01	-3.260489e-01
6.184704e-01	-3.276599e-01
6.184960e-01	-3.294695e-01
6.185216e-01	-3.311421e-01
6.185472e-01	-3.326792e-01
6.185728e-01	-3.340384e-01
6.185984e-01	-3.355979e-01
6.186240e-01	-3.369767e-01
6.186496e-01	-3.381662e-01
6.186752e-01	-3.395183e-01
6.187008e-01	-3.406261e-01
6.187264e-01	-3.416398e-01
6.187520e-01	-3.426118e-01
6.187776e-01	-3.434930e-01
6.188032e-01	-3.442724e-01
6.188288e-01	-3.451172e-01
6.188544e-01	-3.458617e-01
6.188800e-01	-3.462731e-01
6.189056e-01	-3.467965e-01
6.189312e-01	-3.472826e-01
6.189568e-01	-3.476485e-01
6.189824e-01	-3.480038e-01
6.190080e-01	-3.481201e-01
6.190336e-01	-3.482845e-01
6.190592e-01	-3.483955e-01
6.190848e-01	-3.483461e-01
6.191104e-01	-3.483749e-01
6.191360e-01	-3.479707e-01
6.191616e-01	-3.478014e-01
6.191872e-01	-3.474684e-01
6.192128e-01	-3.470334e-01
6.192384e-01	-3.464964e-01
6.192640e-01	-3.459952e-01
6.192896e-01	-3.454406e-01
6.193152e-01	-3.446497e-01
6.193408e-01	-3.438193e-01
6.193664e-01	-3.430008e-01
6.193920e-01	-3.420763e-01
6.194176e-01	-3.411179e-01
6.194432e-01	-3.399361e-01
6.194688e-01	-3.386413e-01
6.194944e-01	-3.375776e-01
6.195200e-01	-3.362116e-01
6.195456e-01	-3.348262e-01
6.195712e-01	-3.333547e-01
6.195968e-01	-3.316761e-01
6.196224e-01	-3.302846e-01
6.196480e-01	-3.284544e-01
6.196736e-01	-3.267825e-01
6.196992e-01	-3.249138e-01
6.197248e-01	-3.229878e-01
6.197504e-01	-3.210112e-01
6.197760e-01	-3.189723e-01
6.198016e-01	-3.169717e-01
6.198272e-01	-3.147240e-01
6.198528e-01	-3.123630e-01
6.198784e-01	-3.099956e-01
6.199040e-01	-3.076990e-01
6.199296e-01	-3.051772e-01
6.199552e-01	-3.026990e-01
6.199808e-01	-3.001285e-01
6.200064e-01	-2.973646e-01
6.200320e-01	-2.947537e-01
6.200576e-01	-2.919621e-01
6.200832e-01	-2.891825e-01
6.201088e-01	-2.862294e-01
6.201344e-01	-2.832023e-01
6.201600e-01	-2.802019e-01
6.201856e-01	-2.771490e-01
6.202112e-01	-2.739011e-01
6.202368e-01	-2.707484e-01
6.202624e-01	-2.674258e-01
6.202880e-01	-2.641800e-01
6.203136e-01	-2.608459e-01
6.203392e-01	-2.574012e-01
6.203648e-01	-2.538674e-01
6.203904e-01	-2.503627e-01
6.204160e-01	-2.467559e-01
6.204416e-01	-2.430704e-01
6.204672e-01	-2.395045e-01
6.204928e-01	-2.357465e-01
6.205184e-01	-2.319081e-01
6.205440e-01	-2.281367e-01
6.205696e-01	-2.241662e-01
6.205952e-01	-2.202799e-01
6.206208e-01	-2.162395e-01
6.206464e-01	-2.122966e-01
6.206720e-01	-2.082375e-01
6.206976e-01	-2.041712e-01
6.207232e-01	-1.999948e-01
6.207488e-01	-1.958119e-01
6.207744e-01	-1.916428e-01
6.208000e-01	-1.872748e-01
6.208256e-01	-1.830555e-01
6.208512e-01	-1.786909e-01
6.208768e-01	-1.742325e-01
6.209024e-01	-1.699195e-01
6.209280e-01	-1.654374e-01
6.209536e-01	-1.610478e-01
6.209792e-01	-1.566556e-01
6.210048e-01	-1.520482e-01
6.210304e-01	-1.475624e-01
6.210560e-01	-1.430500e-01
6.210816e-01	-1.383658e-01
6.211072e-01	-1.338280e-01
6.211328e-01	-1.291708e-01
6.211584e-01	-1.245070e-01
6.211840e-01	-1.198689e-01
6.212096e-01	-1.152577e-01
6.212352e-01	-1.104942e-01
6.212608e-01	-1.057587e-01
6.212864e-01	-1.010107e-01
6.213120e-01	-9.623083e-02
6.213376e-01	-9.156473e-02
6.213632e-01	-8.679026e-02
6.213888e-01	-8.195189e-02
6.214144e-01	-7.722770e-02
6.214400e-01	-7.230771e-02
6.214656e-01	-6.757987e-02
6.214912e-01	-6.269927e-02
6.215168e-01	-5.798769e-02
6.215424e-01	-5.319151e-02
6.215680e-01	-4.827302e-02
6.215936e-01	-4.358977e-02
6.216192e-01	-3.873783e-02
6.216448e-01	-3.385706e-02
6.216704e-01	-2.913990e-02
6.216960e-01	-2.435810e-02
6.217216e-01	-1.943854e-02
6.217472e-01	-1.464206e-02
6.217728e-01	-1.000402e-02
6.217984e-01	-5.214843e-03
6.218240e-01	-4.300500e-04
6.218496e-01	4.262016e-03
6.218752e-01	8.946497e-03
6.219008e-01	1.380145e-02
6.219264e-01	1.829967e-02
6.219520e-01	2.304220e-02
6.219776e-01	2.777658e-02
6.220032e-01	3.230985e-02
6.220288e-01	3.701641e-02
6.220544e-01	4.156033e-02
6.220800e-01	4.608390e-02
6.221056e-01	5.075721e-02
6.221312e-01	5.522497e-02
6.221568e-01	5.973325e-02
6.221824e-01	6.423079e-02
6.222080e-01	6.866648e-02
6.222336e-01	7.301195e-02
6.222592e-01	7.735017e-02
6.222848e-01	8.169884e-02
6.223104e-01	8.609264e-02
6.223360e-01	9.026116e-02
6.223616e-01	9.447061e-02
6.223872e-01	9.879744e-02
6.224128e-01	1.029474e-01
6.224384e-01	1.070082e-01
6.224640e-01	1.110976e-01
6.224896e-01	1.151582e-01
6.225152e-01	1.191727e-01
6.225408e-01	1.230456e-01
6.225664e-01	1.268505e-01
6.225920e-01	1.308074e-01
6.226176e-01	1.346619e-01
6.226432e-01	1.384807e-01
6.226688e-01	1.420408e-01
6.226944e-01	1.457337e-01
6.227200e-01	1.493056e-01
6.227456e-01	1.528756e-01
6.227712e-01	1.565020e-01
6.227968e-01	1.598186e-01
6.228224e-01	1.633990e-01
6.228480e-01	1.665756e-01
6.228736e-01	1.699780e-01
6.228992e-01	1.731378e-01
6.229248e-01	1.763707e-01
6.229504e-01	1.795669e-01
6.229760e-01	1.824122e-01
6.230016e-01	1.855062e-01
6.230272e-01	1.885222e-01
6.230528e-01	1.913328e-01
6.230784e-01	1.940395e-01
6.231040e-01	1.968413e-01
6.231296e-01	1.995690e-01
6.231552e-01	2.022098e-01
6.231808e-01	2.047704e-01
6.232064e-01	2.071880e-01
6.232320e-01	2.097492e-01
6.232576e-01	2.120867e-01
6.232832e-01	2.143162e-01
6.233088e-01	2.165555e-01
6.233344e-01	2.186098e-01
6.233600e-01	2.207263e-01
6.233856e-01	2.227738e-01
6.234112e-01	2.246988e-01
6.234368e-01	2.266625e-01
6.234624e-01	2.283232e-01
6.234880e-01	2.300867e-01
6.235136e-01	2.316903e-01
6.235392e-01	2.333172e-01
6.235648e-01	2.348541e-01
6.235904e-01	2.362064e-01
6.236160e-01	2.376056e-01
6.236416e-01	2.388144e-01
6.236672e-01	2.401548e-01
6.236928e-01	2.412505e-01
6.237184e-01	2.422029e-01
6.237440e-01	2.432827e-01
6.237696e-01	2.440107e-01
6.237952e-01	2.449877e-01
6.238208e-01	2.457692e-01
6.238464e-01	2.464157e-01
6.238720e-01	2.468810e-01
6.238976e-01	2.474792e-01
6.239232e-01	2.479287e-01
6.239488e-01	2.482526e-01
6.239744e-01	2.485629e-01
6.240000e-01	2.488170e-01
6.240256e-01	2.489506e-01
6.240512e-01	2.489932e-01
6.240768e-01	2.490376e-01
6.241024e-01	2.488885e-01
6.241280e-01	2.486800e-01
6.241536e-01	2.484957e-01
6.241792e-01	2.481311e-01
6.242048e-01	2.476692e-01
6.242304e-01	2.471989e-01
6.242560e-01	2.466934e-01
6.242816e-01	2.460642e-01
6.243072e-01	2.453102e-01
6.243328e-01	2.445439e-01
6.243584e-01	2.437158e-01
6.243840e-01	2.427477e-01
6.244096e-01	2.417484e-01
6.244352e-01	2.405329e-01
6.244608e-01	2.395384e-01
6.244864e-01	2.381803e-01
6.245120e-01	2.368024e-01
6.245376e-01	2.354530e-01
6.245632e-01	2.339710e-01
6.245888e-01	2.324750e-01
6.246144e-01	2.307782e-01
6.246400e-01	2.290488e-01
6.246656e-01	2.274081e-01
6.246912e-01	2.255511e-01
6.247168e-01	2.236442e-01
6.247424e-01	2.217498e-01
6.247680e-01	2.196697e-01
6.247936e-01	2.174925e-01
6.248192e-01	2.153574e-01
6.248448e-01	2.129621e-01
6.248704e-01	2.107673e-01
6.248960e-01	2.083901e-01
6.249216e-01	2.058362e-01
6.249472e-01	2.033552e-01
6.249728e-01	2.007886e-01
6.249984e-01	1.981408e-01
6.250240e-01	1.954372e-01
6.250496e-01	1.926511e-01
6.250752e-01	1.898806e-01
6.251008e-01	1.869411e-01
6.251264e-01	1.839523e-01
6.251520e-01	1.810918e-01
6.251776e-01	1.778243e-01
6.252032e-01	1.746205e-01
6.252288e-01	1.716187e-01
6.252544e-01	1.682158e-01
6.252800e-01	1.649379e-01
6.253056e-01	1.615070e-01
6.253312e-01	1.581429e-01
6.253568e-01	1.546212e-01
6.253824e-01	1.511403e-01
6.254080e-01	1.476738e-01
6.254336e-01	1.438601e-01
6.254592e-01	1.401450e-01
6.254848e-01	1.364497e-01
6.255104e-01	1.327384e-01
6.255360e-01	1.288807e-01
6.255616e-01	1.248577e-01
6.255872e-01	1.210145e-01
6.256128e-01	1.170576e-01
6.256384e-01	1.130830e-01
6.256640e-01	1.088902e-01
6.256896e-01	1.048767e-01
6.257152e-01	1.007518e-01
6.257408e-01	9.656536e-02
6.257664e-01	9.247345e-02
6.257920e-01	8.803943e-02
6.258176e-01	8.373478e-02
6.258432e-01	7.950547e-02
6.258688e-01	7.520226e-02
6.258944e-01	7.065564e-02
6.259200e-01	6.632234e-02
6.259456e-01	6.202732e-02
6.259712e-01	5.747642e-02
6.259968e-01	5.299662e-02
6.260224e-01	4.831189e-02
6.260480e-01	4.400334e-02
6.260736e-01	3.923806e-02
6.260992e-01	3.457933e-02
6.261248e-01	3.014468e-02
6.261504e-01	2.541213e-02
6.261760e-01	2.068685e-02
6.262016e-01	1.610272e-02
6.262272e-01	1.135562e-02
6.262528e-01	6.628018e-03
6.262784e-01	2.037732e-03
6.263040e-01	-2.897863e-03
6.263296e-01	-7.718234e-03
6.263552e-01	-1.233079e-02
6.263808e-01	-1.718781e-02
6.264064e-01	-2.191485e-02
6.264320e-01	-2.673044e-02
6.264576e-01	-3.152043e-02
6.264832e-01	-3.635592e-02
6.265088e-01	-4.118409e-02
6.265344e-01	-4.592328e-02
6.265600e-01	-5.084370e-02
6.265856e-01	-5.554533e-02
6.266112e-01	-6.038864e-02
6.266368e-01	-6.529851e-02
6.266624e-01	-6.997384e-02
6.266880e-01	-7.481283e-02
6.267136e-01	-7.956325e-02
6.267392e-01	-8.441912e-02
6.267648e-01	-8.903196e-02
6.267904e-01	-9.388126e-02
6.268160e-01	-9.867060e-02
6.268416e-01	-1.033055e-01
6.268672e-01	-1.080743e-01
6.268928e-01	-1.128711e-01
6.269184e-01	-1.174473e-01
6.269440e-01	-1.221695e-01
6.269696e-01	-1.268490e-01
6.269952e-01	-1.315069e-01
6.270208e-01	-1.359917e-01
6.270464e-01	-1.406688e-01
6.270720e-01	-1.453213e-01
6.270976e-01	-1.497470e-01
6.271232e-01	-1.543236e-01
6.271488e-01	-1.587380e-01
6.271744e-01	-1.631689e-01
6.272000e-01	-1.675892e-01
6.272256e-01	-1.720542e-01
6.272512e-01	-1.764621e-01
6.272768e-01	-1.807612e-01
6.273024e-01	-1.851015e-01
6.273280e-01	-1.893769e-01
6.273536e-01	-1.935923e-01
6.273792e-01	-1.977333e-01
6.274048e-01	-2.019216e-01
6.274304e-01	-2.060346e-01
6.274560e-01	-2.101519e-01
6.274816e-01	-2.141437e-01
6.275072e-01	-2.182002e-01
6.275328e-01	-2.221214e-01
6.275584e-01	-2.260087e-01
6.275840e-01	-2.299589e-01
6.276096e-01	-2.336642e-01
6.276352e-01	-2.374250e-01
6.276608e-01	-2.411143e-01
6.276864e-01	-2.447663e-01
6.277120e-01	-2.484869e-01
6.277376e-01	-2.519555e-01
6.277632e-01	-2.556206e-01
6.277888e-01	-2.590318e-01
6.278144e-01	-2.624524e-01
6.278400e-01	-2.658362e-01
6.278656e-01	-2.690930e-01
6.278912e-01	-2.722419e-01
6.279168e-01	-2.754549e-01
6.279424e-01	-2.786241e-01
6.279680e-01	-2.815770e-01
6.279936e-01	-2.846234e-01
6.280192e-01	-2.876557e-01
6.280448e-01	-2.904066e-01
6.280704e-01	-2.932255e-01
6.280960e-01	-2.960630e-01
6.281216e-01	-2.986823e-01
6.281472e-01	-3.013459e-01
6.281728e-01	-3.038892e-01
6.281984e-01	-3.063276e-01
6.282240e-01	-3.088245e-01
6.282496e-01	-3.111330e-01
6.282752e-01	-3.134638e-01
6.283008e-01	-3.155717e-01
6.283264e-01	-3.177720e-01
6.283520e-01	-3.198747e-01
6.283776e-01	-3.218997e-01
6.284032e-01	-3.237827e-01
6.284288e-01	-3.256600e-01
6.284544e-01	-3.276720e-01
6.284800e-01	-3.292263e-01
6.285056e-01	-3.308856e-01
6.285312e-01	-3.325816e-01
6.285568e-01	-3.338842e-01
6.285824e-01	-3.355966e-01
6.286080e-01	-3.368681e-01
6.286336e-01	-3.380379e-01
6.286592e-01	-3.393402e-01
6.286848e-01	-3.403934e-01
6.287104e-01	-3.415549e-01
6.287360e-01	-3.424713e-01
6.287616e-01	-3.434582e-01
6.287872e-01	-3.442444e-01
6.288128e-01	-3.449835e-01
6.288384e-01	-3.456775e-01
6.288640e-01	-3.462006e-01
6.288896e-01	-3.468888e-01
6.289152e-01	-3.471962e-01
6.289408e-01	-3.476453e-01
6.289664e-01	-3.478400e-01
6.289920e-01	-3.482908e-01
6.290176e-01	-3.483286e-01
6.290432e-01	-3.482222e-01
6.290688e-01	-3.483844e-01
6.290944e-01	-3.482232e-01
6.291200e-01	-3.481925e-01
6.291456e-01	-3.478468e-01
6.291712e-01	-3.475886e-01
6.291968e-01	-3.471245e-01
6.292224e-01	-3.466316e-01
6.292480e-01	-3.460900e-01
6.292736e-01	-3.453282e-01
6.292992e-01	-3.448187e-01
6.293248e-01	-3.439486e-01
6.293504e-01	-3.431288e-01
6.293760e-01	-3.421252e-01
6.294016e-01	-3.411558e-01
6.294272e-01	-3.400479e-01
6.294528e-01	-3.388582e-01
6.294784e-01	-3.376642e-01
6.295040e-01	-3.362877e-01
6.295296e-01	-3.349658e-01
6.295552e-01	-3.334695e-01
6.295808e-01	-3.319391e-01
6.296064e-01	-3.303804e-01
6.296320e-01	-3.286143e-01
6.296576e-01	-3.268555e-01
6.296832e-01	-3.250444e-01
6.297088e-01	-3.231264e-01
6.297344e-01	-3.211105e-01
6.297600e-01	-3.191816e-01
6.297856e-01	-3.170979e-01
6.298112e-01	-3.148529e-01
6.298368e-01	-3.125605e-01
6.298624e-01	-3.104309e-01
6.298880e-01	-3.078709e-01
6.299136e-01	-3.054478e-01
6.299392e-01	-3.029225e-01
6.299648e-01	-3.002813e-01
6.299904e-01	-2.977776e-01
6.300160e-01	-2.949989e-01
6.300416e-01	-2.922938e-01
6.300672e-01	-2.894000e-01
6.300928e-01	-2.864987e-01
6.301184e-01	-2.834696e-01
6.301440e-01	-2.805112e-01
6.301696e-01	-2.775323e-01
6.301952e-01	-2.741985e-01
6.302208e-01	-2.710755e-01
6.302464e-01	-2.677830e-01
6.302720e-01	-2.645865e-01
6.302976e-01	-2.611670e-01
6.303232e-01	-2.578311e-01
6.303488e-01	-2.541975e-01
6.303744e-01	-2.507084e-01
6.304000e-01	-2.471485e-01
6.304256e-01	-2.433807e-01
6.304512e-01	-2.398370e-01
6.304768e-01	-2.359552e-01
6.305024e-01	-2.322412e-01
6.305280e-01	-2.284544e-01
6.305536e-01	-2.244987e-01
6.305792e-01	-2.207208e-01
6.306048e-01	-2.166517e-01
6.306304e-01	-2.125015e-01
6.306560e-01	-2.085620e-01
6.306816e-01	-2.046027e-01
6.307072e-01	-2.003774e-01
6.307328e-01	-1.961496e-01
6.307584e-01	-1.920071e-01
6.307840e-01	-1.877343e-01
6.308096e-01	-1.835004e-01
6.308352e-01	-1.791191e-01
6.308608e-01	-1.747560e-01
6.308864e-01	-1.704676e-01
6.309120e-01	-1.659474e-01
6.309376e-01	-1.616821e-01
6.309632e-01	-1.571052e-01
6.309888e-01	-1.525823e-01
6.310144e-01	-1.480562e-01
6.310400e-01	-1.435308e-01
6.310656e-01	-1.388671e-01
6.310912e-01	-1.341641e-01
6.311168e-01	-1.296462e-01
6.311424e-01	-1.249891e-01
6.311680e-01	-1.202569e-01
6.311936e-01	-1.155666e-01
6.312192e-01	-1.109385e-01
6.312448e-01	-1.061913e-01
6.312704e-01	-1.014180e-01
6.312960e-01	-9.666134e-02
6.313216e-01	-9.201652e-02
6.313472e-01	-8.719586e-02
6.313728e-01	-8.244939e-02
6.313984e-01	-7.773262e-02
6.314240e-01	-7.284016e-02
6.314496e-01	-6.810118e-02
6.314752e-01	-6.320194e-02
6.315008e-01	-5.846908e-02
6.315264e-01	-5.355130e-02
6.315520e-01	-4.877397e-02
6.315776e-01	-4.396795e-02
6.316032e-01	-3.920305e-02
6.316288e-01	-3.443219e-02
6.316544e-01	-2.960075e-02
6.316800e-01	-2.477163e-02
6.317056e-01	-1.999389e-02
6.317312e-01	-1.518026e-02
6.317568e-01	-1.040253e-02
6.317824e-01	-5.631339e-03
6.318080e-01	-8.040986e-04
6.318336e-01	3.733633e-03
6.318592e-01	8.543515e-03
6.318848e-01	1.329452e-02
6.319104e-01	1.783399e-02
6.319360e-01	2.264671e-02
6.319616e-01	2.723632e-02
6.319872e-01	3.188869e-02
6.320128e-01	3.653890e-02
6.320384e-01	4.108624e-02
6.320640e-01	4.569053e-02
6.320896e-01	5.029384e-02
6.321152e-01	5.476444e-02
6.321408e-01	5.922411e-02
6.321664e-01	6.373489e-02
6.321920e-01	6.826538e-02
6.322176e-01	7.265366e-02
6.322432e-01	7.697573e-02
6.322688e-01	8.126967e-02
6.322944e-01	8.562613e-02
6.323200e-01	8.986366e-02
6.323456e-01	9.413882e-02
6.323712e-01	9.833397e-02
6.323968e-01	1.024419e-01
6.324224e-01	1.067027e-01
6.324480e-01	1.107615e-01
6.324736e-01	1.147184e-01
6.324992e-01	1.188323e-01
6.325248e-01	1.227025e-01
6.325504e-01	1.264789e-01
6.325760e-01	1.305017e-01
6.326016e-01	1.343508e-01
6.326272e-01	1.379513e-01
6.326528e-01	1.417825e-01
6.326784e-01	1.453906e-01
6.327040e-01	1.489899e-01
6.327296e-01	1.525510e-01
6.327552e-01	1.561888e-01
6.327808e-01	1.596581e-01
6.328064e-01	1.629779e-01
6.328320e-01	1.663240e-01
6.328576e-01	1.696926e-01
6.328832e-01	1.729064e-01
6.329088e-01	1.760517e-01
6.329344e-01	1.792427e-01
6.329600e-01	1.821935e-01
6.329856e-01	1.852333e-01
6.330112e-01	1.881355e-01
6.330368e-01	1.909947e-01
6.330624e-01	1.939787e-01
6.330880e-01	1.965642e-01
6.331136e-01	1.993219e-01
6.331392e-01	2.019569e-01
6.331648e-01	2.045474e-01
6.331904e-01	2.069739e-01
6.332160e-01	2.093768e-01
6.332416e-01	2.118017e-01
6.332672e-01	2.140702e-01
6.332928e-01	2.162316e-01
6.333184e-01	2.184218e-01
6.333440e-01	2.205019e-01
6.333696e-01	2.226093e-01
6.333952e-01	2.245864e-01
6.334208e-01	2.263349e-01
6.334464e-01	2.281138e-01
6.334720e-01	2.299866e-01
6.334976e-01	2.316074e-01
6.335232e-01	2.330545e-01
6.335488e-01	2.345795e-01
6.335744e-01	2.361015e-01
6.336000e-01	2.374582e-01
6.336256e-01	2.386855e-01
6.336512e-01	2.399738e-01
6.336768e-01	2.411889e-01
6.337024e-01	2.420085e-01
6.337280e-01	2.430786e-01
6.337536e-01	2.441312e-01
6.337792e-01	2.449176e-01
6.338048e-01	2.456472e-01
6.338304e-01	2.463528e-01
6.338560e-01	2.469729e-01
6.338816e-01	2.475469e-01
6.339072e-01	2.480183e-01
6.339328e-01	2.483421e-01
6.339584e-01	2.485590e-01
6.339840e-01	2.488022e-01
6.340096e-01	2.489806e-01
6.340352e-01	2.491022e-01
6.340608e-01	2.489254e-01
6.340864e-01	2.489807e-01
6.341120e-01	2.488368e-01
6.341376e-01	2.485043e-01
6.341632e-01	2.481485e-01
6.341888e-01	2.478659e-01
6.342144e-01	2.473505e-01
6.342400e-01	2.467981e-01
6.342656e-01	2.462320e-01
6.342912e-01	2.454887e-01
6.343168e-01	2.446809e-01
6.343424e-01	2.437047e-01
6.343680e-01	2.429183e-01
6.343936e-01	2.418241e-01
6.344192e-01	2.407352e-01
6.344448e-01	2.396265e-01
6.344704e-01	2.383854e-01
6.344960e-01	2.370477e-01
6.345216e-01	2.356213e-01
6.345472e-01	2.343067e-01
6.345728e-01	2.326034e-01
6.345984e-01	2.310982e-01
6.346240e-01	2.293277e-01
6.346496e-01	2.275639e-01
6.346752e-01	2.257871e-01
6.347008e-01	2.238513e-01
6.347264e-01	2.219605e-01
6.347520e-01	2.198689e-01
6.347776e-01	2.178342e-01
6.348032e-01	2.156394e-01
6.348288e-01	2.133803e-01
6.348544e-01	2.109942e-01
6.348800e-01	2.087132e-01
6.349056e-01	2.061686e-01
6.349312e-01	2.036626e-01
6.349568e-01	2.012476e-01
6.349824e-01	1.984290e-01
6.350080e-01	1.958737e-01
6.350336e-01	1.929420e-01
6.350592e-01	1.901080e-01
6.350848e-01	1.872236e-01
6.351104e-01	1.842969e-01
6.351360e-01	1.812740e-01
6.351616e-01	1.781920e-01
6.351872e-01	1.750829e-01
6.352128e-01	1.717657e-01
6.352384e-01	1.686999e-01
6.352640e-01	1.652754e-01
6.352896e-01	1.618806e-01
6.353152e-01	1.586028e-01
6.353408e-01	1.549678e-01
6.353664e-01	1.515992e-01
6.353920e-01	1.480264e-01
6.354176e-01	1.443067e-01
6.354432e-01	1.405955e-01
6.354688e-01	1.368841e-01
6.354944e-01	1.331487e-01
6.355200e-01	1.292194e-01
6.355456e-01	1.253433e-01
6.355712e-01	1.215353e-01
6.355968e-01	1.174354e-01
6.356224e-01	1.134708e-01
6.356480e-01	1.093857e-01
6.356736e-01	1.053775e-01
6.356992e-01	1.011972e-01
6.357248e-01	9.699352e-02
6.357504e-01	9.277394e-02
6.357760e-01	8.860151e-02
6.358016e-01	8.429629e-02
6.358272e-01	7.992658e-02
6.358528e-01	7.557863e-02
6.358784e-01	7.119319e-02
6.359040e-01	6.677909e-02
6.359296e-01	6.236967e-02
6.359552e-01	5.793099e-02
6.359808e-01	5.342576e-02
6.360064e-01	4.889371e-02
6.360320e-01	4.430350e-02
6.360576e-01	3.975385e-02
6.360832e-01	3.509595e-02
6.361088e-01	3.040296e-02
6.361344e-01	2.592595e-02
6.361600e-01	2.121113e-02
6.361856e-01	1.653082e-02
6.362112e-01	1.176161e-02
6.362368e-01	7.105903e-03
6.362624e-01	2.322844e-03
6.362880e-01	-2.427624e-03
6.363136e-01	-7.146277e-03
6.363392e-01	-1.183976e-02
6.363648e-01	-1.666070e-02
6.363904e-01	-2.145852e-02
6.364160e-01	-2.608656e-02
6.364416e-01	-3.105681e-02
6.364672e-01	-3.580193e-02
6.364928e-01	-4.065995e-02
6.365184e-01	-4.542453e-02
6.365440e-01	-5.022174e-02
6.365696e-01	-5.504467e-02
6.365952e-01	-5.986023e-02
6.366208e-01	-6.479350e-02
6.366464e-01	-6.938446e-02
6.366720e-01	-7.441733e-02
6.366976e-01	-7.909309e-02
6.367232e-01	-8.377594e-02
6.367488e-01	-8.859907e-02
6.367744e-01	-9.338845e-02
6.368000e-01	-9.815115e-02
6.368256e-01	-1.029182e-01
6.368512e-01	-1.076917e-01
6.368768e-01	-1.122626e-01
6.369024e-01	-1.170197e-01
6.369280e-01	-1.217568e-01
6.369536e-01	-1.264033e-01
6.369792e-01	-1.310445e-01
6.370048e-01	-1.356207e-01
6.370304e-01	-1.402696e-01
6.370560e-01	-1.447955e-01
6.370816e-01	-1.493966e-01
6.371072e-01	-1.537518e-01
6.371328e-01	-1.583760e-01
6.371584e-01	-1.628625e-01
6.371840e-01	-1.672751e-01
6.372096e-01	-1.716955e-01
6.372352e-01	-1.760200e-01
6.372608e-01	-1.803423e-01
6.372864e-01	-1.847330e-01
6.373120e-01	-1.890060e-01
6.373376e-01	-1.932065e-01
6.373632e-01	-1.974643e-01
6.373888e-01	-2.015513e-01
6.374144e-01	-2.056686e-01
6.374400e-01	-2.098184e-01
6.374656e-01	-2.138307e-01
6.374912e-01	-2.178499e-01
6.375168e-01	-2.216384e-01
6.375424e-01	-2.255644e-01
6.375680e-01	-2.296214e-01
6.375936e-01	-2.332746e-01
6.376192e-01	-2.370291e-01
6.376448e-01	-2.408891e-01
6.376704e-01	-2.444189e-01
6.376960e-01	-2.480946e-01
6.377216e-01	-2.515217e-01
6.377472e-01	-2.551187e-01
6.377728e-01	-2.586404e-01
6.377984e-01	-2.619592e-01
6.378240e-01	-2.655578e-01
6.378496e-01	-2.687320e-01
6.378752e-01	-2.719843e-01
6.379008e-01	-2.752334e-01
6.379264e-01	-2.781623e-01
6.379520e-01	-2.813025e-01
6.379776e-01	-2.843121e-01
6.380032e-01	-2.872870e-01
6.380288e-01	-2.900177e-01
6.380544e-01	-2.930078e-01
6.380800e-01	-2.957956e-01
6.381056e-01	-2.983432e-01
6.381312e-01	-3.010382e-01
6.381568e-01	-3.036400e-01
6.381824e-01	-3.061112e-01
6.382080e-01	-3.085128e-01
6.382336e-01	-3.109048e-01
6.382592e-01	-3.132077e-01
6.382848e-01	-3.153812e-01
6.383104e-01	-3.176168e-01
6.383360e-01	-3.196816e-01
6.383616e-01	-3.216995e-01
6.383872e-01	-3.237217e-01
6.384128e-01	-3.255248e-01
6.384384e-01	-3.272488e-01
6.384640e-01	-3.290552e-01
6.384896e-01	-3.308559e-01
6.385152e-01	-3.323492e-01
6.385408e-01	-3.337524e-01
6.385664e-01	-3.352645e-01
6.385920e-01	-3.366170e-01
6.386176e-01	-3.380677e-01
6.386432e-01	-3.392023e-01
6.386688e-01	-3.403510e-01
6.386944e-01	-3.414457e-01
6.387200e-01	-3.423315e-01
6.387456e-01	-3.433231e-01
6.387712e-01	-3.442554e-01
6.387968e-01	-3.449298e-01
6.388224e-01	-3.456196e-01
6.388480e-01	-3.461791e-01
6.388736e-01	-3.467942e-01
6.388992e-01	-3.472339e-01
6.389248e-01	-3.476166e-01
6.389504e-01	-3.479821e-01
6.389760e-01	-3.481283e-01
6.390016e-01	-3.482448e-01
6.390272e-01	-3.484065e-01
6.390528e-01	-3.482694e-01
6.390784e-01	-3.482426e-01
6.391040e-01	-3.481177e-01
6.391296e-01	-3.478185e-01
6.391552e-01	-3.474809e-01
6.391808e-01	-3.471744e-01
6.392064e-01	-3.467210e-01
6.392320e-01	-3.462047e-01
6.392576e-01	-3.454921e-01
6.392832e-01	-3.447438e-01
6.393088e-01	-3.439562e-01
6.393344e-01	-3.431820e-01
6.393600e-01	-3.421167e-01
6.393856e-01	-3.412188e-01
6.394112e-01	-3.401761e-01
6.394368e-01	-3.389360e-01
6.394624e-01	-3.377393e-01
6.394880e-01	-3.364803e-01
6.395136e-01	-3.350462e-01
6.395392e-01	-3.335727e-01
6.395648e-01	-3.320683e-01
6.395904e-01	-3.305310e-01
6.396160e-01	-3.288746e-01
6.396416e-01	-3.269843e-01
6.396672e-01	-3.251929e-01
6.396928e-01	-3.232808e-01
6.397184e-01	-3.213743e-01
6.397440e-01	-3.192816e-01
6.397696e-01	-3.170732e-01
6.397952e-01	-3.150822e-01
6.398208e-01	-3.127133e-01
6.398464e-01	-3.106035e-01
6.398720e-01	-3.080749e-01
6.398976e-01	-3.056473e-01
6.399232e-01	-3.032006e-01
6.399488e-01	-3.005827e-01
6.399744e-01	-2.979884e-01
6.400000e-01	-2.952474e-01
6.400256e-01	-2.925020e-01
6.400512e-01	-2.895937e-01
6.400768e-01	-2.867622e-01
6.401024e-01	-2.838045e-01
6.401280e-01	-2.806945e-01
6.401536e-01	-2.777296e-01
6.401792e-01	-2.745709e-01
6.402048e-01	-2.712542e-01
6.402304e-01	-2.681522e-01
6.402560e-01	-2.647795e-01
6.402816e-01	-2.613464e-01
6.403072e-01	-2.580584e-01
6.403328e-01	-2.544822e-01
6.403584e-01	-2.510528e-01
6.403840e-01	-2.474088e-01
6.404096e-01	-2.437638e-01
6.404352e-01	-2.401142e-01
6.404608e-01	-2.364015e-01
6.404864e-01	-2.326627e-01
6.405120e-01	-2.288827e-01
6.405376e-01	-2.247759e-01
6.405632e-01	-2.209823e-01
6.405888e-01	-2.169815e-01
6.406144e-01	-2.129374e-01
6.406400e-01	-2.089869e-01
6.406656e-01	-2.049105e-01
6.406912e-01	-2.007098e-01
6.407168e-01	-1.965867e-01
6.407424e-01	-1.923593e-01
6.407680e-01	-1.880498e-01
6.407936e-01	-1.838939e-01
6.408192e-01	-1.795934e-01
6.408448e-01	-1.750785e-01
6.408704e-01	-1.708153e-01
6.408960e-01	-1.665042e-01
6.409216e-01	-1.618948e-01
6.409472e-01	-1.574696e-01
6.409728e-01	-1.529416e-01
6.409984e-01	-1.483968e-01
6.410240e-01	-1.438419e-01
6.410496e-01	-1.392056e-01
6.410752e-01	-1.346666e-01
6.411008e-01	-1.300293e-01
6.411264e-01	-1.255241e-01
6.411520e-01	-1.207824e-01
6.411776e-01	-1.160909e-01
6.412032e-01	-1.113227e-01
6.412288e-01	-1.066683e-01
6.412544e-01	-1.019024e-01
6.412800e-01	-9.727904e-02
6.413056e-01	-9.246461e-02
6.413312e-01	-8.763023e-02
6.413568e-01	-8.299486e-02
6.413824e-01	-7.809792e-02
6.414080e-01	-7.338861e-02
6.414336e-01	-6.860428e-02
6.414592e-01	-6.358278e-02
6.414848e-01	-5.882119e-02
6.415104e-01	-5.405868e-02
6.415360e-01	-4.927465e-02
6.415616e-01	-4.448707e-02
6.415872e-01	-3.962932e-02
6.416128e-01	-3.475447e-02
6.416384e-01	-3.001082e-02
6.416640e-01	-2.531051e-02
6.416896e-01	-2.051770e-02
6.417152e-01	-1.563229e-02
6.417408e-01	-1.086405e-02
6.417664e-01	-6.107382e-03
6.417920e-01	-1.390634e-03
6.418176e-01	3.354811e-03
6.418432e-01	8.091841e-03
6.418688e-01	1.285547e-02
6.418944e-01	1.752258e-02
6.419200e-01	2.223408e-02
6.419456e-01	2.688750e-02
6.419712e-01	3.151784e-02
6.419968e-01	3.605260e-02
6.420224e-01	4.072368e-02
6.420480e-01	4.530925e-02
6.420736e-01	4.992636e-02
6.420992e-01	5.440499e-02
6.421248e-01	5.889438e-02
6.421504e-01	6.342763e-02
6.421760e-01	6.774131e-02
6.422016e-01	7.210881e-02
6.422272e-01	7.649781e-02
6.422528e-01	8.088607e-02
6.422784e-01	8.525591e-02
6.423040e-01	8.946730e-02
6.423296e-01	9.377261e-02
6.423552e-01	9.789423e-02
6.423808e-01	1.021253e-01
6.424064e-01	1.062299e-01
6.424320e-01	1.104028e-01
6.424576e-01	1.143801e-01
6.424832e-01	1.184014e-01
6.425088e-01	1.223603e-01
6.425344e-01	1.261672e-01
6.425600e-01	1.301665e-01
6.425856e-01	1.338236e-01
6.426112e-01	1.375799e-01
6.426368e-01	1.414043e-01
6.426624e-01	1.450171e-01
6.426880e-01	1.487470e-01
6.427136e-01	1.522369e-01
6.427392e-01	1.558429e-01
6.427648e-01	1.592824e-01
6.427904e-01	1.627082e-01
6.428160e-01	1.660855e-01
6.428416e-01	1.694080e-01
6.428672e-01	1.725413e-01
6.428928e-01	1.757209e-01
6.429184e-01	1.788993e-01
6.429440e-01	1.819648e-01
6.429696e-01	1.849243e-01
6.429952e-01	1.879228e-01
6.430208e-01	1.908734e-01
6.430464e-01	1.936019e-01
6.430720e-01	1.964298e-01
6.430976e-01	1.991494e-01
6.431232e-01	2.016236e-01
6.431488e-01	2.043349e-01
6.431744e-01	2.068077e-01
6.432000e-01	2.092459e-01
6.432256e-01	2.116019e-01
6.432512e-01	2.139261e-01
6.432768e-01	2.161569e-01
6.433024e-01	2.182999e-01
6.433280e-01	2.203187e-01
6.433536e-01	2.223960e-01
6.433792e-01	2.243724e-01
6.434048e-01	2.262503e-01
6.434304e-01	2.280230e-01
6.434560e-01	2.297220e-01
6.434816e-01	2.314115e-01
6.435072e-01	2.330440e-01
6.435328e-01	2.345500e-01
6.435584e-01	2.359665e-01
6.435840e-01	2.373882e-01
6.436096e-01	2.387554e-01
6.436352e-01	2.397979e-01
6.436608e-01	2.409937e-01
6.436864e-01	2.420617e-01
6.437120e-01	2.430417e-01
6.437376e-01	2.440581e-01
6.437632e-01	2.447749e-01
6.437888e-01	2.456588e-01
6.438144e-01	2.463104e-01
6.438400e-01	2.468306e-01
6.438656e-01	2.476157e-01
6.438912e-01	2.478873e-01
6.439168e-01	2.483191e-01
6.439424e-01	2.486306e-01
6.439680e-01	2.487840e-01
6.439936e-01	2.490414e-01
6.440192e-01	2.489449e-01
6.440448e-01	2.490057e-01
6.440704e-01	2.490086e-01
6.440960e-01	2.486961e-01
6.441216e-01	2.484965e-01
6.441472e-01	2.482468e-01
6.441728e-01	2.478476e-01
6.441984e-01	2.473963e-01
6.442240e-01	2.468027e-01
6.442496e-01	2.461289e-01
6.442752e-01	2.455304e-01
6.443008e-01	2.447274e-01
6.443264e-01	2.439525e-01
6.443520e-01	2.427596e-01
6.443776e-01	2.418867e-01
6.444032e-01	2.408935e-01
6.444288e-01	2.396420e-01
6.444544e-01	2.384595e-01
6.444800e-01	2.371300e-01
6.445056e-01	2.358553e-01
6.445312e-01	2.343174e-01
6.445568e-01	2.328066e-01
6.445824e-01	2.311270e-01
6.446080e-01	2.293940e-01
6.446336e-01	2.279030e-01
6.446592e-01	2.260482e-01
6.446848e-01	2.240154e-01
6.447104e-01	2.221148e-01
6.447360e-01	2.200647e-01
6.447616e-01	2.178195e-01
6.447872e-01	2.157959e-01
6.448128e-01	2.135411e-01
6.448384e-01	2.112036e-01
6.448640e-01	2.087730e-01
6.448896e-01	2.064490e-01
6.449152e-01	2.039196e-01
6.449408e-01	2.013475e-01
6.449664e-01	1.987276e-01
6.449920e-01	1.959663e-01
6.450176e-01	1.931662e-01
6.450432e-01	1.904195e-01
6.450688e-01	1.875344e-01
6.450944e-01	1.845448e-01
6.451200e-01	1.816007e-01
6.451456e-01	1.785039e-01
6.451712e-01	1.753461e-01
6.451968e-01	1.721103e-01
6.452224e-01	1.688061e-01
6.452480e-01	1.656129e-01
6.452736e-01	1.621222e-01
6.452992e-01	1.587616e-01
6.453248e-01	1.553108e-01
6.453504e-01	1.516287e-01
6.453760e-01	1.482962e-01
6.454016e-01	1.445774e-01
6.454272e-01	1.409330e-01
6.454528e-01	1.372260e-01
6.454784e-01	1.333221e-01
6.455040e-01	1.296057e-01
6.455296e-01	1.256271e-01
6.455552e-01	1.218745e-01
6.455808e-01	1.177871e-01
6.456064e-01	1.138935e-01
6.456320e-01	1.097593e-01
6.456576e-01	1.056732e-01
6.456832e-01	1.015725e-01
6.457088e-01	9.736792e-02
6.457344e-01	9.321760e-02
6.457600e-01	8.890782e-02
6.457856e-01	8.469333e-02
6.458112e-01	8.037357e-02
6.458368e-01	7.595033e-02
6.458624e-01	7.156949e-02
6.458880e-01	6.712237e-02
6.459136e-01	6.280103e-02
6.459392e-01	5.842655e-02
6.459648e-01	5.376917e-02
6.459904e-01	4.929044e-02
6.460160e-01	4.479522e-02
6.460416e-01	4.013048e-02
6.460672e-01	3.564526e-02
6.460928e-01	3.100632e-02
6.461184e-01	2.634300e-02
6.461440e-01	2.168272e-02
6.461696e-01	1.699731e-02
6.461952e-01	1.214606e-02
6.462208e-01	7.537040e-03
6.462464e-01	2.783771e-03
6.462720e-01	-1.962204e-03
6.462976e-01	-6.672078e-03
6.463232e-01	-1.145791e-02
6.463488e-01	-1.632891e-02
6.463744e-01	-2.113264e-02
6.464000e-01	-2.569618e-02
6.464256e-01	-3.049992e-02
6.464512e-01	-3.537836e-02
6.464768e-01	-4.025036e-02
6.465024e-01	-4.495285e-02
6.465280e-01	-4.978925e-02
6.465536e-01	-5.472930e-02
6.465792e-01	-5.939700e-02
6.466048e-01	-6.412474e-02
6.466304e-01	-6.901348e-02
6.466560e-01	-7.391233e-02
6.466816e-01	-7.854718e-02
6.467072e-01	-8.346883e-02
6.467328e-01	-8.813322e-02
6.467584e-01	-9.303302e-02
6.467840e-01	-9.775370e-02
6.468096e-01	-1.024606e-01
6.468352e-01	-1.072404e-01
6.468608e-01	-1.118729e-01
6.468864e-01	-1.167566e-01
6.469120e-01	-1.212309e-01
6.469376e-01	-1.258720e-01
6.469632e-01	-1.306977e-01
6.469888e-01	-1.351667e-01
6.470144e-01	-1.398809e-01
6.470400e-01	-1.444037e-01
6.470656e-01	-1.489354e-01
6.470912e-01	-1.535062e-01
6.471168e-01	-1.579406e-01
6.471424e-01	-1.624422e-01
6.471680e-01	-1.667467e-01
6.471936e-01	-1.711430e-01
6.472192e-01	-1.756583e-01
6.472448e-01	-1.799363e-01
6.472704e-01	-1.842644e-01
6.472960e-01	-1.885355e-01
6.473216e-01	-1.929177e-01
6.473472e-01	-1.969401e-01
6.473728e-01	-2.012591e-01
6.473984e-01	-2.052797e-01
6.474240e-01	-2.094490e-01
6.474496e-01	-2.135249e-01
6.474752e-01	-2.173287e-01
6.475008e-01	-2.214111e-01
6.475264e-01	-2.251648e-01
6.475520e-01	-2.292129e-01
6.475776e-01	-2.328929e-01
6.476032e-01	-2.366748e-01
6.476288e-01	-2.405470e-01
6.476544e-01	-2.440894e-01
6.476800e-01	-2.478437e-01
6.477056e-01	-2.513047e-01
6.477312e-01	-2.549510e-01
6.477568e-01	-2.584128e-01
6.477824e-01	-2.618014e-01
6.478080e-01	-2.650381e-01
6.478336e-01	-2.684026e-01
6.478592e-01	-2.716929e-01
6.478848e-01	-2.748739e-01
6.479104e-01	-2.780740e-01
6.479360e-01	-2.810018e-01
6.479616e-01	-2.840193e-01
6.479872e-01	-2.870590e-01
6.480128e-01	-2.898967e-01
6.480384e-01	-2.927240e-01
6.480640e-01	-2.956400e-01
6.480896e-01	-2.983015e-01
6.481152e-01	-3.008319e-01
6.481408e-01	-3.034367e-01
6.481664e-01	-3.059302e-01
6.481920e-01	-3.083737e-01
6.482176e-01	-3.107571e-01
6.482432e-01	-3.131416e-01
6.482688e-01	-3.153273e-01
6.482944e-01	-3.175441e-01
6.483200e-01	-3.195516e-01
6.483456e-01	-3.215325e-01
6.483712e-01	-3.235423e-01
6.483968e-01	-3.254616e-01
6.484224e-01	-3.272470e-01
6.484480e-01	-3.289306e-01
6.484736e-01	-3.307075e-01
6.484992e-01	-3.322994e-01
6.485248e-01	-3.337443e-01
6.485504e-01	-3.352913e-01
6.485760e-01	-3.365769e-01
6.486016e-01	-3.378879e-01
6.486272e-01	-3.391632e-01
6.486528e-01	-3.403461e-01
6.486784e-01	-3.413781e-01
6.487040e-01	-3.423421e-01
6.487296e-01	-3.433145e-01
6.487552e-01	-3.441786e-01
6.487808e-01	-3.448431e-01
6.488064e-01	-3.455475e-01
6.488320e-01	-3.461728e-01
6.488576e-01	-3.467354e-01
6.488832e-01	-3.471471e-01
6.489088e-01	-3.476285e-01
6.489344e-01	-3.478765e-01
6.489600e-01	-3.481984e-01
6.489856e-01	-3.482977e-01
6.490112e-01	-3.483266e-01
6.490368e-01	-3.483852e-01
6.490624e-01	-3.482426e-01
6.490880e-01	-3.482263e-01
6.491136e-01	-3.479576e-01
6.491392e-01	-3.476227e-01
6.491648e-01	-3.471875e-01
6.491904e-01	-3.466563e-01
6.492160e-01	-3.461521e-01
6.492416e-01	-3.456052e-01
6.492672e-01	-3.448790e-01
6.492928e-01	-3.441453e-01
6.493184e-01	-3.433004e-01
6.493440e-01	-3.423232e-01
6.493696e-01	-3.414316e-01
6.493952e-01	-3.402700e-01
6.494208e-01	-3.392405e-01
6.494464e-01	-3.378961e-01
6.494720e-01	-3.366866e-01
6.494976e-01	-3.352138e-01
6.495232e-01	-3.337817e-01
6.495488e-01	-3.322911e-01
6.495744e-01	-3.307258e-01
6.496000e-01	-3.290292e-01
6.496256e-01	-3.271670e-01
6.496512e-01	-3.254574e-01
6.496768e-01	-3.235828e-01
6.497024e-01	-3.216013e-01
6.497280e-01	-3.195442e-01
6.497536e-01	-3.174752e-01
6.497792e-01	-3.153310e-01
6.498048e-01	-3.131976e-01
6.498304e-01	-3.108094e-01
6.498560e-01	-3.082948e-01
6.498816e-01	-3.059775e-01
6.499072e-01	-3.034004e-01
6.499328e-01	-3.008380e-01
6.499584e-01	-2.981863e-01
6.499840e-01	-2.954926e-01
6.500096e-01	-2.928362e-01
6.500352e-01	-2.900101e-01
6.500608e-01	-2.870978e-01
6.500864e-01	-2.840355e-01
6.501120e-01	-2.810576e-01
6.501376e-01	-2.780299e-01
6.501632e-01	-2.748249e-01
6.501888e-01	-2.717630e-01
6.502144e-01	-2.684589e-01
6.502400e-01	-2.651657e-01
6.502656e-01	-2.617720e-01
6.502912e-01	-2.583964e-01
6.503168e-01	-2.548962e-01
6.503424e-01	-2.513956e-01
6.503680e-01	-2.477523e-01
6.503936e-01	-2.441993e-01
6.504192e-01	-2.405832e-01
6.504448e-01	-2.367701e-01
6.504704e-01	-2.329454e-01
6.504960e-01	-2.290875e-01
6.505216e-01	-2.252090e-01
6.505472e-01	-2.214104e-01
6.505728e-01	-2.174677e-01
6.505984e-01	-2.134402e-01
6.506240e-01	-2.093053e-01
6.506496e-01	-2.053432e-01
6.506752e-01	-2.011937e-01
6.507008e-01	-1.969803e-01
6.507264e-01	-1.928199e-01
6.507520e-01	-1.885864e-01
6.507776e-01	-1.842848e-01
6.508032e-01	-1.799691e-01
6.508288e-01	-1.755533e-01
6.508544e-01	-1.711995e-01
6.508800e-01	-1.668984e-01
6.509056e-01	-1.624068e-01
6.509312e-01	-1.578879e-01
6.509568e-01	-1.533968e-01
6.509824e-01	-1.488355e-01
6.510080e-01	-1.443792e-01
6.510336e-01	-1.398121e-01
6.510592e-01	-1.351491e-01
6.510848e-01	-1.304584e-01
6.511104e-01	-1.259029e-01
6.511360e-01	-1.212476e-01
6.511616e-01	-1.166348e-01
6.511872e-01	-1.118388e-01
6.512128e-01	-1.071446e-01
6.512384e-01	-1.024406e-01
6.512640e-01	-9.767184e-02
6.512896e-01	-9.285545e-02
6.513152e-01	-8.798306e-02
6.513408e-01	-8.336274e-02
6.513664e-01	-7.859421e-02
6.513920e-01	-7.370453e-02
6.514176e-01	-6.900170e-02
6.514432e-01	-6.411784e-02
6.514688e-01	-5.935232e-02
6.514944e-01	-5.446202e-02
6.515200e-01	-4.976016e-02
6.515456e-01	-4.490312e-02
6.515712e-01	-4.007217e-02
6.515968e-01	-3.532135e-02
6.516224e-01	-3.047136e-02
6.516480e-01	-2.570063e-02
6.516736e-01	-2.088913e-02
6.516992e-01	-1.607364e-02
6.517248e-01	-1.130657e-02
6.517504e-01	-6.526356e-03
6.517760e-01	-1.820056e-03
6.518016e-01	2.897511e-03
6.518272e-01	7.596537e-03
6.518528e-01	1.236842e-02
6.518784e-01	1.707310e-02
6.519040e-01	2.174724e-02
6.519296e-01	2.652156e-02
6.519552e-01	3.108459e-02
6.519808e-01	3.575621e-02
6.520064e-01	4.038526e-02
6.520320e-01	4.473507e-02
6.520576e-01	4.941955e-02
6.520832e-01	5.388879e-02
6.521088e-01	5.837947e-02
6.521344e-01	6.287429e-02
6.521600e-01	6.736761e-02
6.521856e-01	7.171335e-02
6.522112e-01	7.612594e-02
6.522368e-01	8.044782e-02
6.522624e-01	8.480144e-02
6.522880e-01	8.901033e-02
6.523136e-01	9.332340e-02
6.523392e-01	9.756237e-02
6.523648e-01	1.016578e-01
6.523904e-01	1.058132e-01
6.524160e-01	1.099001e-01
6.524416e-01	1.139329e-01
6.524672e-01	1.179774e-01
6.524928e-01	1.219592e-01
6.525184e-01	1.258852e-01
6.525440e-01	1.297359e-01
6.525696e-01	1.334779e-01
6.525952e-01	1.372945e-01
6.526208e-01	1.410763e-01
6.526464e-01	1.446230e-01
6.526720e-01	1.483914e-01
6.526976e-01	1.520314e-01
6.527232e-01	1.555091e-01
6.527488e-01	1.588982e-01
6.527744e-01	1.623543e-01
6.528000e-01	1.657356e-01
6.528256e-01	1.689628e-01
6.528512e-01	1.723194e-01
6.528768e-01	1.754192e-01
6.529024e-01	1.785511e-01
6.529280e-01	1.816617e-01
6.529536e-01	1.845680e-01
6.529792e-01	1.876033e-01
6.530048e-01	1.904687e-01
6.530304e-01	1.934090e-01
6.530560e-01	1.960684e-01
6.530816e-01	1.988051e-01
6.531072e-01	2.013836e-01
6.531328e-01	2.040104e-01
6.531584e-01	2.065436e-01
6.531840e-01	2.089315e-01
6.532096e-01	2.113429e-01
6.532352e-01	2.137228e-01
6.532608e-01	2.159135e-01
6.532864e-01	2.180314e-01
6.533120e-01	2.202246e-01
6.533376e-01	2.220908e-01
6.533632e-01	2.241992e-01
6.533888e-01	2.260333e-01
6.534144e-01	2.276888e-01
6.534400e-01	2.296994e-01
6.534656e-01	2.311985e-01
6.534912e-01	2.328243e-01
6.535168e-01	2.345008e-01
6.535424e-01	2.357355e-01
6.535680e-01	2.371778e-01
6.535936e-01	2.385557e-01
6.536192e-01	2.397261e-01
6.536448e-01	2.409100e-01
6.536704e-01	2.418998e-01
6.536960e-01	2.430432e-01
6.537216e-01	2.438321e-01
6.537472e-01	2.446586e-01
6.537728e-01	2.455534e-01
6.537984e-01	2.461190e-01
6.538240e-01	2.468170e-01
6.538496e-01	2.474248e-01
6.538752e-01	2.477549e-01
6.539008e-01	2.482571e-01
6.539264e-01	2.485491e-01
6.539520e-01	2.487472e-01
6.539776e-01	2.489548e-01
6.540032e-01	2.490158e-01
6.540288e-01	2.489804e-01
6.540544e-01	2.489972e-01
6.540800e-01	2.487399e-01
6.541056e-01	2.485288e-01
6.541312e-01	2.483108e-01
6.541568e-01	2.478102e-01
6.541824e-01	2.473401e-01
6.542080e-01	2.467595e-01
6.542336e-01	2.461370e-01
6.542592e-01	2.454765e-01
6.542848e-01	2.446689e-01
6.543104e-01	2.439283e-01
6.543360e-01	2.430127e-01
6.543616e-01	2.419661e-01
6.543872e-01	2.408776e-01
6.544128e-01	2.398477e-01
6.544384e-01	2.384838e-01
6.544640e-01	2.372082e-01
6.544896e-01	2.359894e-01
6.545152e-01	2.344244e-01
6.545408e-01	2.327903e-01
6.545664e-01	2.312785e-01
6.545920e-01	2.297727e-01
6.546176e-01	2.279028e-01
6.546432e-01	2.260051e-01
6.546688e-01	2.242739e-01
6.546944e-01	2.221988e-01
6.547200e-01	2.202163e-01
6.547456e-01	2.181399e-01
6.547712e-01	2.159765e-01
6.547968e-01	2.137403e-01
6.548224e-01	2.114665e-01
6.548480e-01	2.090328e-01
6.548736e-01	2.066411e-01
6.548992e-01	2.041377e-01
6.549248e-01	2.015087e-01
6.549504e-01	1.988251e-01
6.549760e-01	1.961746e-01
6.550016e-01	1.934840e-01
6.550272e-01	1.905582e-01
6.550528e-01	1.877514e-01
6.550784e-01	1.849138e-01
6.551040e-01	1.816992e-01
6.551296e-01	1.788247e-01
6.551552e-01	1.755760e-01
6.551808e-01	1.724028e-01
6.552064e-01	1.691739e-01
6.552320e-01	1.658074e-01
6.552576e-01	1.625897e-01
6.552832e-01	1.591012e-01
6.553088e-01	1.556548e-01
6.553344e-01	1.521073e-01
6.553600e-01	1.485400e-01
6.553856e-01	1.448949e-01
6.554112e-01	1.412862e-01
6.554368e-01	1.375016e-01
6.554624e-01	1.335901e-01
6.554880e-01	1.299556e-01
6.555136e-01	1.260151e-01
6.555392e-01	1.221610e-01
6.555648e-01	1.182215e-01
6.555904e-01	1.143198e-01
6.556160e-01	1.100772e-01
6.556416e-01	1.060880e-01
6.556672e-01	1.019920e-01
6.556928e-01	9.766372e-02
6.557184e-01	9.362070e-02
6.557440e-01	8.932675e-02
6.557696e-01	8.502425e-02
6.557952e-01	8.071823e-02
6.558208e-01	7.628399e-02
6.558464e-01	7.201069e-02
6.558720e-01	6.766076e-02
6.558976e-01	6.307069e-02
6.559232e-01	5.870945e-02
6.559488e-01	5.423388e-02
6.559744e-01	4.962606e-02
6.560000e-01	4.516968e-02
6.560256e-01	4.052758e-02
6.560512e-01	3.605447e-02
6.560768e-01	3.132759e-02
6.561024e-01	2.674408e-02
6.561280e-01	2.203526e-02
6.561536e-01	1.743028e-02
6.561792e-01	1.268419e-02
6.562048e-01	7.961706e-03
6.562304e-01	3.350266e-03
6.562560e-01	-1.567933e-03
6.562816e-01	-6.251289e-03
6.563072e-01	-1.098558e-02
6.563328e-01	-1.584540e-02
6.563584e-01	-2.051596e-02
6.563840e-01	-2.544831e-02
6.564096e-01	-3.019051e-02
6.564352e-01	-3.496084e-02
6.564608e-01	-3.992195e-02
6.564864e-01	-4.460333e-02
6.565120e-01	-4.938358e-02
6.565376e-01	-5.421480e-02
6.565632e-01	-5.902360e-02
6.565888e-01	-6.374548e-02
6.566144e-01	-6.854612e-02
6.566400e-01	-7.343967e-02
6.566656e-01	-7.819675e-02
6.566912e-01	-8.302706e-02
6.567168e-01	-8.778208e-02
6.567424e-01	-9.249884e-02
6.567680e-01	-9.728315e-02
6.567936e-01	-1.021027e-01
6.568192e-01	-1.066904e-01
6.568448e-01	-1.115664e-01
6.568704e-01	-1.161731e-01
6.568960e-01	-1.208918e-01
6.569216e-01	-1.255297e-01
6.569472e-01	-1.300413e-01
6.569728e-01	-1.347884e-01
6.569984e-01	-1.394348e-01
6.570240e-01	-1.439282e-01
6.570496e-01	-1.484899e-01
6.570752e-01	-1.530954e-01
6.571008e-01	-1.574312e-01
6.571264e-01	-1.619169e-01
6.571520e-01	-1.664303e-01
6.571776e-01	-1.708001e-01
6.572032e-01	-1.753370e-01
6.572288e-01	-1.795986e-01
6.572544e-01	-1.837963e-01
6.572800e-01	-1.881655e-01
6.573056e-01	-1.924636e-01
6.573312e-01	-1.965635e-01
6.573568e-01	-2.007542e-01
6.573824e-01	-2.049931e-01
6.574080e-01	-2.090788e-01
6.574336e-01	-2.130969e-01
6.574592e-01	-2.170490e-01
6.574848e-01	-2.209673e-01
6.575104e-01	-2.250123e-01
6.575360e-01	-2.288051e-01
6.575616e-01	-2.326473e-01
6.575872e-01	-2.365051e-01
6.576128e-01	-2.401983e-01
6.576384e-01	-2.438510e-01
6.576640e-01	-2.474186e-01
6.576896e-01	-2.510641e-01
6.577152e-01	-2.545510e-01
6.577408e-01	-2.579579e-01
6.577664e-01	-2.615561e-01
6.577920e-01	-2.647469e-01
6.578176e-01	-2.680959e-01
6.578432e-01	-2.714077e-01
6.578688e-01	-2.745833e-01
6.578944e-01	-2.777751e-01
6.579200e-01	-2.808317e-01
6.579456e-01	-2.839136e-01
6.579712e-01	-2.868932e-01
6.579968e-01	-2.896694e-01
6.580224e-01	-2.924877e-01
6.580480e-01	-2.952464e-01
6.580736e-01	-2.980277e-01
6.580992e-01	-3.005387e-01
6.581248e-01	-3.032154e-01
6.581504e-01	-3.056863e-01
6.581760e-01	-3.081229e-01
6.582016e-01	-3.106166e-01
6.582272e-01	-3.127838e-01
6.582528e-01	-3.150837e-01
6.582784e-01	-3.172232e-01
6.583040e-01	-3.192934e-01
6.583296e-01	-3.213598e-01
6.583552e-01	-3.232682e-01
6.583808e-01	-3.252692e-01
6.584064e-01	-3.270285e-01
6.584320e-01	-3.288437e-01
6.584576e-01	-3.305038e-01
6.584832e-01	-3.320382e-01
6.585088e-01	-3.336131e-01
6.585344e-01	-3.351175e-01
6.585600e-01	-3.364641e-01
6.585856e-01	-3.378563e-01
6.586112e-01	-3.389888e-01
6.586368e-01	-3.401506e-01
6.586624e-01	-3.411915e-01
6.586880e-01	-3.422282e-01
6.587136e-01	-3.431236e-01
6.587392e-01	-3.439729e-01
6.587648e-01	-3.447945e-01
6.587904e-01	-3.455495e-01
6.588160e-01	-3.461288e-01
6.588416e-01	-3.467202e-01
6.588672e-01	-3.472530e-01
6.588928e-01	-3.475917e-01
6.589184e-01	-3.478366e-01
6.589440e-01	-3.481140e-01
6.589696e-01	-3.482236e-01
6.589952e-01	-3.483615e-01
6.590208e-01	-3.484110e-01
6.590464e-01	-3.483072e-01
6.590720e-01	-3.481181e-01
6.590976e-01	-3.479749e-01
6.591232e-01	-3.475782e-01
6.591488e-01	-3.471053e-01
6.591744e-01	-3.468692e-01
6.592000e-01	-3.462403e-01
6.592256e-01	-3.456821e-01
6.592512e-01	-3.449592e-01
6.592768e-01	-3.440465e-01
6.593024e-01	-3.434190e-01
6.593280e-01	-3.424186e-01
6.593536e-01	-3.414869e-01
6.593792e-01	-3.403755e-01
6.594048e-01	-3.392651e-01
6.594304e-01	-3.380304e-01
6.594560e-01	-3.366901e-01
6.594816e-01	-3.354219e-01
6.595072e-01	-3.338265e-01
6.595328e-01	-3.323638e-01
6.595584e-01	-3.309220e-01
6.595840e-01	-3.291591e-01
6.596096e-01	-3.273929e-01
6.596352e-01	-3.256486e-01
6.596608e-01	-3.237517e-01
6.596864e-01	-3.216335e-01
6.597120e-01	-3.197405e-01
6.597376e-01	-3.176886e-01
6.597632e-01	-3.155425e-01
6.597888e-01	-3.131931e-01
6.598144e-01	-3.110453e-01
6.598400e-01	-3.086267e-01
6.598656e-01	-3.060767e-01
6.598912e-01	-3.037083e-01
6.599168e-01	-3.011363e-01
6.599424e-01	-2.985442e-01
6.599680e-01	-2.957335e-01
6.599936e-01	-2.929588e-01
6.600192e-01	-2.902110e-01
6.600448e-01	-2.874177e-01
6.600704e-01	-2.844126e-01
6.600960e-01	-2.813707e-01
6.601216e-01	-2.783851e-01
6.601472e-01	-2.750465e-01
6.601728e-01	-2.720790e-01
6.601984e-01	-2.687004e-01
6.602240e-01	-2.655098e-01
6.602496e-01	-2.621841e-01
6.602752e-01	-2.586669e-01
6.603008e-01	-2.553236e-01
6.603264e-01	-2.516584e-01
6.603520e-01	-2.480940e-01
6.603776e-01	-2.445705e-01
6.604032e-01	-2.408052e-01
6.604288e-01	-2.370816e-01
6.604544e-01	-2.334233e-01
6.604800e-01	-2.295640e-01
6.605056e-01	-2.256571e-01
6.605312e-01	-2.217902e-01
6.605568e-01	-2.177952e-01
6.605824e-01	-2.137975e-01
6.606080e-01	-2.097276e-01
6.606336e-01	-2.057059e-01
6.606592e-01	-2.016104e-01
6.606848e-01	-1.973899e-01
6.607104e-01	-1.931631e-01
6.607360e-01	-1.889983e-01
6.607616e-01	-1.847105e-01
6.607872e-01	-1.803972e-01
6.608128e-01	-1.759846e-01
6.608384e-01	-1.717602e-01
6.608640e-01	-1.672739e-01
6.608896e-01	-1.627991e-01
6.609152e-01	-1.583394e-01
6.609408e-01	-1.538724e-01
6.609664e-01	-1.493445e-01
6.609920e-01	-1.448367e-01
6.610176e-01	-1.402797e-01
6.610432e-01	-1.355390e-01
6.610688e-01	-1.309983e-01
6.610944e-01	-1.264035e-01
6.611200e-01	-1.217638e-01
6.611456e-01	-1.170786e-01
6.611712e-01	-1.122983e-01
6.611968e-01	-1.076606e-01
6.612224e-01	-1.028768e-01
6.612480e-01	-9.811365e-02
6.612736e-01	-9.334784e-02
6.612992e-01	-8.864955e-02
6.613248e-01	-8.379279e-02
6.613504e-01	-7.905871e-02
6.613760e-01	-7.426637e-02
6.614016e-01	-6.957474e-02
6.614272e-01	-6.458535e-02
6.614528e-01	-5.975021e-02
6.614784e-01	-5.512747e-02
6.615040e-01	-5.023768e-02
6.615296e-01	-4.541810e-02
6.615552e-01	-4.062549e-02
6.615808e-01	-3.578075e-02
6.616064e-01	-3.095939e-02
6.616320e-01	-2.611009e-02
6.616576e-01	-2.138116e-02
6.616832e-01	-1.660943e-02
6.617088e-01	-1.182155e-02
6.617344e-01	-7.018478e-03
6.617600e-01	-2.227340e-03
6.617856e-01	2.440852e-03
6.618112e-01	7.227730e-03
6.618368e-01	1.197714e-02
6.618624e-01	1.669358e-02
6.618880e-01	2.130618e-02
6.619136e-01	2.594932e-02
6.619392e-01	3.065753e-02
6.619648e-01	3.519107e-02
6.619904e-01	3.980474e-02
6.620160e-01	4.442462e-02
6.620416e-01	4.901190e-02
6.620672e-01	5.345773e-02
6.620928e-01	5.798276e-02
6.621184e-01	6.245583e-02
6.621440e-01	6.692962e-02
6.621696e-01	7.130361e-02
6.621952e-01	7.580373e-02
6.622208e-01	7.999650e-02
6.622464e-01	8.428703e-02
6.622720e-01	8.866102e-02
6.622976e-01	9.286492e-02
6.623232e-01	9.717607e-02
6.623488e-01	1.012856e-01
6.623744e-01	1.054675e-01
6.624000e-01	1.095340e-01
6.624256e-01	1.135526e-01
6.624512e-01	1.176272e-01
6.624768e-01	1.215362e-01
6.625024e-01	1.256157e-01
6.625280e-01	1.293212e-01
6.625536e-01	1.331412e-01
6.625792e-01	1.369206e-01
6.626048e-01	1.407299e-01
6.626304e-01	1.444487e-01
6.626560e-01	1.479865e-01
6.626816e-01	1.517074e-01
6.627072e-01	1.551436e-01
6.627328e-01	1.585792e-01
6.627584e-01	1.621024e-01
6.627840e-01	1.655000e-01
6.628096e-01	1.687584e-01
6.628352e-01	1.719698e-01
6.628608e-01	1.752534e-01
6.628864e-01	1.783236e-01
6.629120e-01	1.813920e-01
6.629376e-01	1.842911e-01
6.629632e-01	1.873054e-01
6.629888e-01	1.902946e-01
6.630144e-01	1.930702e-01
6.630400e-01	1.959263e-01
6.630656e-01	1.985172e-01
6.630912e-01	2.011746e-01
6.631168e-01	2.038120e-01
6.631424e-01	2.062277e-01
6.631680e-01	2.087983e-01
6.631936e-01	2.110668e-01
6.632192e-01	2.135208e-01
6.632448e-01	2.157168e-01
6.632704e-01	2.178341e-01
6.632960e-01	2.199141e-01
6.633216e-01	2.220461e-01
6.633472e-01	2.239245e-01
6.633728e-01	2.257976e-01
6.633984e-01	2.277108e-01
6.634240e-01	2.294588e-01
6.634496e-01	2.312620e-01
6.634752e-01	2.326612e-01
6.635008e-01	2.342845e-01
6.635264e-01	2.357129e-01
6.635520e-01	2.370176e-01
6.635776e-01	2.384159e-01
6.636032e-01	2.395945e-01
6.636288e-01	2.408273e-01
6.636544e-01	2.418133e-01
6.636800e-01	2.429897e-01
6.637056e-01	2.437491e-01
6.637312e-01	2.447175e-01
6.637568e-01	2.454606e-01
6.637824e-01	2.460318e-01
6.638080e-01	2.468277e-01
6.638336e-01	2.473382e-01
6.638592e-01	2.477910e-01
6.638848e-01	2.481643e-01
6.639104e-01	2.485747e-01
6.639360e-01	2.488199e-01
6.639616e-01	2.488885e-01
6.639872e-01	2.490425e-01
6.640128e-01	2.490190e-01
6.640384e-01	2.488971e-01
6.640640e-01	2.488690e-01
6.640896e-01	2.486974e-01
6.641152e-01	2.483171e-01
6.641408e-01	2.479455e-01
6.641664e-01	2.473727e-01
6.641920e-01	2.469432e-01
6.642176e-01	2.462712e-01
6.642432e-01	2.456697e-01
6.642688e-01	2.449230e-01
6.642944e-01	2.439435e-01
6.643200e-01	2.431784e-01
6.643456e-01	2.420689e-01
6.643712e-01	2.409404e-01
6.643968e-01	2.400452e-01
6.644224e-01	2.386549e-01
6.644480e-01	2.373073e-01
6.644736e-01	2.360029e-01
6.644992e-01	2.346413e-01
6.645248e-01	2.331291e-01
6.645504e-01	2.314730e-01
6.645760e-01	2.297561e-01
6.646016e-01	2.280540e-01
6.646272e-01	2.263530e-01
6.646528e-01	2.244298e-01
6.646784e-01	2.225024e-01
6.647040e-01	2.205061e-01
6.647296e-01	2.184259e-01
6.647552e-01	2.162421e-01
6.647808e-01	2.138774e-01
6.648064e-01	2.116449e-01
6.648320e-01	2.093757e-01
6.648576e-01	2.069266e-01
6.648832e-01	2.044113e-01
6.649088e-01	2.019226e-01
6.649344e-01	1.990573e-01
6.649600e-01	1.964859e-01
6.649856e-01	1.936656e-01
6.650112e-01	1.907853e-01
6.650368e-01	1.881267e-01
6.650624e-01	1.851107e-01
6.650880e-01	1.820891e-01
6.651136e-01	1.791637e-01
6.651392e-01	1.759977e-01
6.651648e-01	1.727301e-01
6.651904e-01	1.694255e-01
6.652160e-01	1.661902e-01
6.652416e-01	1.628445e-01
6.652672e-01	1.594630e-01
6.652928e-01	1.560826e-01
6.653184e-01	1.524721e-01
6.653440e-01	1.489268e-01
6.653696e-01	1.452911e-01
6.653952e-01	1.415489e-01
6.654208e-01	1.379270e-01
6.654464e-01	1.340613e-01
6.654720e-01	1.303165e-01
6.654976e-01	1.263313e-01
6.655232e-01	1.225016e-01
6.655488e-01	1.186466e-01
6.655744e-01	1.146011e-01
6.656000e-01	1.105431e-01
6.656256e-01	1.064606e-01
6.656512e-01	1.023544e-01
6.656768e-01	9.817044e-02
6.657024e-01	9.408332e-02
6.657280e-01	8.977953e-02
6.657536e-01	8.540396e-02
6.657792e-01	8.123606e-02
6.658048e-01	7.684809e-02
6.658304e-01	7.244498e-02
6.658560e-01	6.809857e-02
6.658816e-01	6.356578e-02
6.659072e-01	5.906891e-02
6.659328e-01	5.471255e-02
6.659584e-01	5.014604e-02
6.659840e-01	4.562465e-02
6.660096e-01	4.101099e-02
6.660352e-01	3.650877e-02
6.660608e-01	3.179285e-02
6.660864e-01	2.715509e-02
6.661120e-01	2.257738e-02
6.661376e-01	1.785735e-02
6.661632e-01	1.313636e-02
6.661888e-01	8.545163e-03
6.662144e-01	3.836573e-03
6.662400e-01	-1.007281e-03
6.662656e-01	-5.706500e-03
6.662912e-01	-1.048793e-02
6.663168e-01	-1.543772e-02
6.663424e-01	-2.004646e-02
6.663680e-01	-2.485656e-02
6.663936e-01	-2.973258e-02
6.664192e-01	-3.440953e-02
6.664448e-01	-3.923395e-02
6.664704e-01	-4.399304e-02
6.664960e-01	-4.892214e-02
6.665216e-01	-5.371884e-02
6.665472e-01	-5.839683e-02
6.665728e-01	-6.340460e-02
6.665984e-01	-6.816494e-02
6.666240e-01	-7.294762e-02
6.666496e-01	-7.775393e-02
6.666752e-01	-8.249616e-02
6.667008e-01	-8.730546e-02
6.667264e-01	-9.208003e-02
6.667520e-01	-9.679751e-02
6.667776e-01	-1.014229e-01
6.668032e-01	-1.063104e-01
6.668288e-01	-1.109701e-01
6.668544e-01	-1.155422e-01
6.668800e-01	-1.204286e-01
6.669056e-01	-1.249749e-01
6.669312e-01	-1.296535e-01
6.669568e-01	-1.342957e-01
6.669824e-01	-1.389048e-01
6.670080e-01	-1.434539e-01
6.670336e-01	-1.481044e-01
6.670592e-01	-1.525536e-01
6.670848e-01	-1.569848e-01
6.671104e-01	-1.614951e-01
6.671360e-01	-1.660429e-01
6.671616e-01	-1.703515e-01
6.671872e-01	-1.747026e-01
6.672128e-01	-1.791478e-01
6.672384e-01	-1.834363e-01
6.672640e-01	-1.878228e-01
6.672896e-01	-1.919822e-01
6.673152e-01	-1.962040e-01
6.673408e-01	-2.004400e-01
6.673664e-01	-2.043874e-01
6.673920e-01	-2.084925e-01
6.674176e-01	-2.126696e-01
6.674432e-01	-2.167695e-01
6.674688e-01	-2.206158e-01
6.674944e-01	-2.245689e-01
6.675200e-01	-2.283884e-01
6.675456e-01	-2.322182e-01
6.675712e-01	-2.360106e-01
6.675968e-01	-2.397514e-01
6.676224e-01	-2.434482e-01
6.676480e-01	-2.471011e-01
6.676736e-01	-2.507235e-01
6.676992e-01	-2.542581e-01
6.677248e-01	-2.576938e-01
6.677504e-01	-2.611266e-01
6.677760e-01	-2.645740e-01
6.678016e-01	-2.678473e-01
6.678272e-01	-2.710834e-01
6.678528e-01	-2.742760e-01
6.678784e-01	-2.774420e-01
6.679040e-01	-2.805419e-01
6.679296e-01	-2.834395e-01
6.679552e-01	-2.864196e-01
6.679808e-01	-2.893106e-01
6.680064e-01	-2.922347e-01
6.680320e-01	-2.949419e-01
6.680576e-01	-2.977492e-01
6.680832e-01	-3.004539e-01
6.681088e-01	-3.029932e-01
6.681344e-01	-3.053842e-01
6.681600e-01	-3.079508e-01
6.681856e-01	-3.103898e-01
6.682112e-01	-3.125346e-01
6.682368e-01	-3.149206e-01
6.682624e-01	-3.170259e-01
6.682880e-01	-3.191246e-01
6.683136e-01	-3.212121e-01
6.683392e-01	-3.231550e-01
6.683648e-01	-3.251281e-01
6.683904e-01	-3.268349e-01
6.684160e-01	-3.286259e-01
6.684416e-01	-3.303283e-01
6.684672e-01	-3.319510e-01
6.684928e-01	-3.333964e-01
6.685184e-01	-3.349786e-01
6.685440e-01	-3.363251e-01
6.685696e-01	-3.376704e-01
6.685952e-01	-3.388465e-01
6.686208e-01	-3.399324e-01
6.686464e-01	-3.411169e-01
6.686720e-01	-3.421721e-01
6.686976e-01	-3.430955e-01
6.687232e-01	-3.438641e-01
6.687488e-01	-3.446737e-01
6.687744e-01	-3.455061e-01
6.688000e-01	-3.460398e-01
6.688256e-01	-3.466476e-01
6.688512e-01	-3.470954e-01
6.688768e-01	-3.474884e-01
6.689024e-01	-3.478828e-01
6.689280e-01	-3.481314e-01
6.689536e-01	-3.482350e-01
6.689792e-01	-3.483791e-01
6.690048e-01	-3.483648e-01
6.690304e-01	-3.484017e-01
6.690560e-01	-3.481382e-01
6.690816e-01	-3.478911e-01
6.691072e-01	-3.476532e-01
6.691328e-01	-3.471921e-01
6.691584e-01	-3.468623e-01
6.691840e-01	-3.462713e-01
6.692096e-01	-3.456168e-01
6.692352e-01	-3.449889e-01
6.692608e-01	-3.442665e-01
6.692864e-01	-3.434440e-01
6.693120e-01	-3.425045e-01
6.693376e-01	-3.416455e-01
6.693632e-01	-3.404416e-01
6.693888e-01	-3.393274e-01
6.694144e-01	-3.381750e-01
6.694400e-01	-3.368305e-01
6.694656e-01	-3.355114e-01
6.694912e-01	-3.341210e-01
6.695168e-01	-3.325212e-01
6.695424e-01	-3.310438e-01
6.695680e-01	-3.294061e-01
6.695936e-01	-3.276166e-01
6.696192e-01	-3.258103e-01
6.696448e-01	-3.238824e-01
6.696704e-01	-3.219192e-01
6.696960e-01	-3.200257e-01
6.697216e-01	-3.178915e-01
6.697472e-01	-3.156087e-01
6.697728e-01	-3.134089e-01
6.697984e-01	-3.112763e-01
6.698240e-01	-3.089080e-01
6.698496e-01	-3.064092e-01
6.698752e-01	-3.038541e-01
6.699008e-01	-3.014310e-01
6.699264e-01	-2.987497e-01
6.699520e-01	-2.960547e-01
6.699776e-01	-2.933507e-01
6.700032e-01	-2.903861e-01
6.700288e-01	-2.877552e-01
6.700544e-01	-2.848053e-01
6.700800e-01	-2.815951e-01
6.701056e-01	-2.786450e-01
6.701312e-01	-2.754903e-01
6.701568e-01	-2.723287e-01
6.701824e-01	-2.691062e-01
6.702080e-01	-2.659184e-01
6.702336e-01	-2.624088e-01
6.702592e-01	-2.589861e-01
6.702848e-01	-2.556242e-01
6.703104e-01	-2.519898e-01
6.703360e-01	-2.483714e-01
6.703616e-01	-2.447508e-01
6.703872e-01	-2.410971e-01
6.704128e-01	-2.374516e-01
6.704384e-01	-2.337407e-01
6.704640e-01	-2.299681e-01
6.704896e-01	-2.260162e-01
6.705152e-01	-2.222115e-01
6.705408e-01	-2.182146e-01
6.705664e-01	-2.142503e-01
6.705920e-01	-2.102128e-01
6.706176e-01	-2.062033e-01
6.706432e-01	-2.020156e-01
6.706688e-01	-1.977602e-01
6.706944e-01	-1.936475e-01
6.707200e-01	-1.893448e-01
6.707456e-01	-1.850462e-01
6.707712e-01	-1.808553e-01
6.707968e-01	-1.765350e-01
6.708224e-01	-1.721304e-01
6.708480e-01	-1.677156e-01
6.708736e-01	-1.632193e-01
6.708992e-01	-1.587046e-01
6.709248e-01	-1.543006e-01
6.709504e-01	-1.497787e-01
6.709760e-01	-1.451519e-01
6.710016e-01	-1.406784e-01
6.710272e-01	-1.361195e-01
6.710528e-01	-1.313180e-01
6.710784e-01	-1.267018e-01
6.711040e-01	-1.221356e-01
6.711296e-01	-1.174361e-01
6.711552e-01	-1.127547e-01
6.711808e-01	-1.081468e-01
6.712064e-01	-1.033890e-01
6.712320e-01	-9.851483e-02
6.712576e-01	-9.373765e-02
6.712832e-01	-8.904032e-02
6.713088e-01	-8.425659e-02
6.713344e-01	-7.950190e-02
6.713600e-01	-7.471111e-02
6.713856e-01	-6.994238e-02
6.714112e-01	-6.503309e-02
6.714368e-01	-6.027745e-02
6.714624e-01	-5.557495e-02
6.714880e-01	-5.079282e-02
6.715136e-01	-4.592869e-02
6.715392e-01	-4.116467e-02
6.715648e-01	-3.620338e-02
6.715904e-01	-3.148265e-02
6.716160e-01	-2.667641e-02
6.716416e-01	-2.171364e-02
6.716672e-01	-1.697040e-02
6.716928e-01	-1.215791e-02
6.717184e-01	-7.512664e-03
6.717440e-01	-2.682952e-03
6.717696e-01	1.997294e-03
6.717952e-01	6.670639e-03
6.718208e-01	1.145537e-02
6.718464e-01	1.615705e-02
6.718720e-01	2.091676e-02
6.718976e-01	2.554301e-02
6.719232e-01	3.019733e-02
6.719488e-01	3.482214e-02
6.719744e-01	3.941600e-02
6.720000e-01	4.396106e-02
6.720256e-01	4.853957e-02
6.720512e-01	5.308020e-02
6.720768e-01	5.770786e-02
6.721024e-01	6.199079e-02
6.721280e-01	6.653490e-02
6.721536e-01	7.102573e-02
6.721792e-01	7.526710e-02
6.722048e-01	7.958317e-02
6.722304e-01	8.397988e-02
6.722560e-01	8.824314e-02
6.722816e-01	9.239867e-02
6.723072e-01	9.674601e-02
6.723328e-01	1.010008e-01
6.723584e-01	1.049689e-01
6.723840e-01	1.090740e-01
6.724096e-01	1.131857e-01
6.724352e-01	1.170591e-01
6.724608e-01	1.211716e-01
6.724864e-01	1.249623e-01
6.725120e-01	1.289060e-01
6.725376e-01	1.328743e-01
6.725632e-01	1.364913e-01
6.725888e-01	1.403559e-01
6.726144e-01	1.440219e-01
6.726400e-01	1.475756e-01
6.726656e-01	1.511825e-01
6.726912e-01	1.546846e-01
6.727168e-01	1.581596e-01
6.727424e-01	1.616836e-01
6.727680e-01	1.649534e-01
6.727936e-01	1.683171e-01
6.728192e-01	1.715237e-01
6.728448e-01	1.748055e-01
6.728704e-01	1.779829e-01
6.728960e-01	1.810674e-01
6.729216e-01	1.840933e-01
6.729472e-01	1.870417e-01
6.729728e-01	1.898798e-01
6.729984e-01	1.926877e-01
6.730240e-01	1.955613e-01
6.730496e-01	1.982983e-01
6.730752e-01	2.008851e-01
6.731008e-01	2.034415e-01
6.731264e-01	2.060555e-01
6.731520e-01	2.084918e-01
6.731776e-01	2.108352e-01
6.732032e-01	2.131199e-01
6.732288e-01	2.154514e-01
6.732544e-01	2.176685e-01
6.732800e-01	2.197406e-01
6.733056e-01	2.217846e-01
6.733312e-01	2.236645e-01
6.733568e-01	2.257196e-01
6.733824e-01	2.274201e-01
6.734080e-01	2.291763e-01
6.734336e-01	2.308605e-01
6.734592e-01	2.325315e-01
6.734848e-01	2.340497e-01
6.735104e-01	2.355134e-01
6.735360e-01	2.368327e-01
6.735616e-01	2.381515e-01
6.735872e-01	2.395275e-01
6.736128e-01	2.405950e-01
6.736384e-01	2.417907e-01
6.736640e-01	2.427685e-01
6.736896e-01	2.436908e-01
6.737152e-01	2.446084e-01
6.737408e-01	2.453360e-01
6.737664e-01	2.460080e-01
6.737920e-01	2.465870e-01
6.738176e-01	2.472458e-01
6.738432e-01	2.476947e-01
6.738688e-01	2.481193e-01
6.738944e-01	2.483773e-01
6.739200e-01	2.487278e-01
6.739456e-01	2.488925e-01
6.739712e-01	2.489723e-01
6.739968e-01	2.490465e-01
6.740224e-01	2.489740e-01
6.740480e-01	2.487489e-01
6.740736e-01	2.485370e-01
6.740992e-01	2.483396e-01
6.741248e-01	2.479137e-01
6.741504e-01	2.474635e-01
6.741760e-01	2.469377e-01
6.742016e-01	2.463414e-01
6.742272e-01	2.456893e-01
6.742528e-01	2.448027e-01
6.742784e-01	2.440945e-01
6.743040e-01	2.431122e-01
6.743296e-01	2.422003e-01
6.743552e-01	2.410698e-01
6.743808e-01	2.399522e-01
6.744064e-01	2.388990e-01
6.744320e-01	2.375044e-01
6.744576e-01	2.361265e-01
6.744832e-01	2.346866e-01
6.745088e-01	2.332713e-01
6.745344e-01	2.316284e-01
6.745600e-01	2.300318e-01
6.745856e-01	2.282632e-01
6.746112e-01	2.265285e-01
6.746368e-01	2.246502e-01
6.746624e-01	2.225685e-01
6.746880e-01	2.207461e-01
6.747136e-01	2.184499e-01
6.747392e-01	2.164052e-01
6.747648e-01	2.142006e-01
6.747904e-01	2.119388e-01
6.748160e-01	2.096099e-01
6.748416e-01	2.071012e-01
6.748672e-01	2.046540e-01
6.748928e-01	2.020174e-01
6.749184e-01	1.994484e-01
6.749440e-01	1.967943e-01
6.749696e-01	1.939849e-01
6.749952e-01	1.911530e-01
6.750208e-01	1.883013e-01
6.750464e-01	1.854052e-01
6.750720e-01	1.823089e-01
6.750976e-01	1.793241e-01
6.751232e-01	1.761938e-01
6.751488e-01	1.730368e-01
6.751744e-01	1.697827e-01
6.752000e-01	1.665318e-01
6.752256e-01	1.631011e-01
6.752512e-01	1.597149e-01
6.752768e-01	1.563119e-01
6.753024e-01	1.528281e-01
6.753280e-01	1.492883e-01
6.753536e-01	1.456086e-01
6.753792e-01	1.419596e-01
6.754048e-01	1.382325e-01
6.754304e-01	1.345001e-01
6.754560e-01	1.306429e-01
6.754816e-01	1.267431e-01
6.755072e-01	1.229461e-01
6.755328e-01	1.189285e-01
6.755584e-01	1.150373e-01
6.755840e-01	1.110225e-01
6.756096e-01	1.068890e-01
6.756352e-01	1.027315e-01
6.756608e-01	9.850232e-02
6.756864e-01	9.430440e-02
6.757120e-01	9.012766e-02
6.757376e-01	8.593364e-02
6.757632e-01	8.160436e-02
6.757888e-01	7.723849e-02
6.758144e-01	7.290565e-02
6.758400e-01	6.836138e-02
6.758656e-01	6.405282e-02
6.758912e-01	5.958275e-02
6.759168e-01	5.512566e-02
6.759424e-01	5.050698e-02
6.759680e-01	4.595643e-02
6.759936e-01	4.150361e-02
6.760192e-01	3.678738e-02
6.760448e-01	3.219505e-02
6.760704e-01	2.770752e-02
6.760960e-01	2.289451e-02
6.761216e-01	1.823185e-02
6.761472e-01	1.355637e-02
6.761728e-01	8.844743e-03
6.761984e-01	4.069530e-03
6.762240e-01	-6.609348e-04
6.762496e-01	-5.298057e-03
6.762752e-01	-1.015235e-02
6.763008e-01	-1.492277e-02
6.763264e-01	-1.958408e-02
6.763520e-01	-2.442728e-02
6.763776e-01	-2.927186e-02
6.764032e-01	-3.409560e-02
6.764288e-01	-3.881716e-02
6.764544e-01	-4.366431e-02
6.764800e-01	-4.843963e-02
6.765056e-01	-5.327178e-02
6.765312e-01	-5.810027e-02
6.765568e-01	-6.293069e-02
6.765824e-01	-6.770435e-02
6.766080e-01	-7.250101e-02
6.766336e-01	-7.725035e-02
6.766592e-01	-8.206578e-02
6.766848e-01	-8.690401e-02
6.767104e-01	-9.161923e-02
6.767360e-01	-9.635367e-02
6.767616e-01	-1.010868e-01
6.767872e-01	-1.058116e-01
6.768128e-01	-1.105524e-01
6.768384e-01	-1.152771e-01
6.768640e-01	-1.200484e-01
6.768896e-01	-1.245213e-01
6.769152e-01	-1.292613e-01
6.769408e-01	-1.338965e-01
6.769664e-01	-1.385241e-01
6.769920e-01	-1.430690e-01
6.770176e-01	-1.475264e-01
6.770432e-01	-1.521967e-01
6.770688e-01	-1.566142e-01
6.770944e-01	-1.611276e-01
6.771200e-01	-1.655996e-01
6.771456e-01	-1.700262e-01
6.771712e-01	-1.744778e-01
6.771968e-01	-1.786596e-01
6.772224e-01	-1.831229e-01
6.772480e-01	-1.873876e-01
6.772736e-01	-1.916089e-01
6.772992e-01	-1.958390e-01
6.773248e-01	-2.000121e-01
6.773504e-01	-2.041075e-01
6.773760e-01	-2.081625e-01
6.774016e-01	-2.123572e-01
6.774272e-01	-2.163070e-01
6.774528e-01	-2.201810e-01
6.774784e-01	-2.242710e-01
6.775040e-01	-2.280213e-01
6.775296e-01	-2.320144e-01
6.775552e-01	-2.358073e-01
6.775808e-01	-2.393860e-01
6.776064e-01	-2.432195e-01
6.776320e-01	-2.468484e-01
6.776576e-01	-2.503154e-01
6.776832e-01	-2.538667e-01
6.777088e-01	-2.573099e-01
6.777344e-01	-2.606971e-01
6.777600e-01	-2.641568e-01
6.777856e-01	-2.675190e-01
6.778112e-01	-2.707228e-01
6.778368e-01	-2.740175e-01
6.778624e-01	-2.772224e-01
6.778880e-01	-2.802735e-01
6.779136e-01	-2.832365e-01
6.779392e-01	-2.862232e-01
6.779648e-01	-2.890366e-01
6.779904e-01	-2.919745e-01
6.780160e-01	-2.946795e-01
6.780416e-01	-2.974269e-01
6.780672e-01	-3.001046e-01
6.780928e-01	-3.026653e-01
6.781184e-01	-3.052819e-01
6.781440e-01	-3.076976e-01
6.781696e-01	-3.100369e-01
6.781952e-01	-3.123589e-01
6.782208e-01	-3.147155e-01
6.782464e-01	-3.168457e-01
6.782720e-01	-3.189364e-01
6.782976e-01	-3.210203e-01
6.783232e-01	-3.229275e-01
6.783488e-01	-3.249700e-01
6.783744e-01	-3.266593e-01
6.784000e-01	-3.285044e-01
6.784256e-01	-3.302349e-01
6.784512e-01	-3.317706e-01
6.784768e-01	-3.333624e-01
6.785024e-01	-3.347311e-01
6.785280e-01	-3.361756e-01
6.785536e-01	-3.375378e-01
6.785792e-01	-3.388202e-01
6.786048e-01	-3.399473e-01
6.786304e-01	-3.410604e-01
6.786560e-01	-3.421557e-01
6.786816e-01	-3.429491e-01
6.787072e-01	-3.439652e-01
6.787328e-01	-3.446492e-01
6.787584e-01	-3.453571e-01
6.787840e-01	-3.461281e-01
6.788096e-01	-3.465872e-01
6.788352e-01	-3.471459e-01
6.788608e-01	-3.475334e-01
6.788864e-01	-3.477054e-01
6.789120e-01	-3.481085e-01
6.789376e-01	-3.483138e-01
6.789632e-01	-3.483756e-01
6.789888e-01	-3.483861e-01
6.790144e-01	-3.484127e-01
6.790400e-01	-3.482714e-01
6.790656e-01	-3.480565e-01
6.790912e-01	-3.477633e-01
6.791168e-01	-3.473740e-01
6.791424e-01	-3.469606e-01
6.791680e-01	-3.464200e-01
6.791936e-01	-3.457364e-01
6.792192e-01	-3.451501e-01
6.792448e-01	-3.443411e-01
6.792704e-01	-3.437541e-01
6.792960e-01	-3.426147e-01
6.793216e-01	-3.416907e-01
6.793472e-01	-3.407341e-01
6.793728e-01	-3.393556e-01
6.793984e-01	-3.382995e-01
6.794240e-01	-3.370585e-01
6.794496e-01	-3.355661e-01
6.794752e-01	-3.342026e-01
6.795008e-01	-3.327398e-01
6.795264e-01	-3.311118e-01
6.795520e-01	-3.295110e-01
6.795776e-01	-3.277071e-01
6.796032e-01	-3.259202e-01
6.796288e-01	-3.241749e-01
6.796544e-01	-3.221765e-01
6.796800e-01	-3.201751e-01
6.797056e-01	-3.179975e-01
6.797312e-01	-3.159776e-01
6.797568e-01	-3.137125e-01
6.797824e-01	-3.115410e-01
6.798080e-01	-3.090893e-01
6.798336e-01	-3.065917e-01
6.798592e-01	-3.042043e-01
6.798848e-01	-3.016317e-01
6.799104e-01	-2.990482e-01
6.799360e-01	-2.962806e-01
6.799616e-01	-2.935348e-01
6.799872e-01	-2.908460e-01
6.800128e-01	-2.878106e-01
6.800384e-01	-2.848898e-01
6.800640e-01	-2.819230e-01
6.800896e-01	-2.788433e-01
6.801152e-01	-2.757387e-01
6.801408e-01	-2.726069e-01
6.801664e-01	-2.693751e-01
6.801920e-01	-2.660628e-01
6.802176e-01	-2.626671e-01
6.802432e-01	-2.594669e-01
6.802688e-01	-2.559538e-01
6.802944e-01	-2.523997e-01
6.803200e-01	-2.489742e-01
6.803456e-01	-2.452200e-01
6.803712e-01	-2.416600e-01
6.803968e-01	-2.378906e-01
6.804224e-01	-2.340770e-01
6.804480e-01	-2.303830e-01
6.804736e-01	-2.264481e-01
6.804992e-01	-2.226013e-01
6.805248e-01	-2.185036e-01
6.805504e-01	-2.146471e-01
6.805760e-01	-2.105294e-01
6.806016e-01	-2.064610e-01
6.806272e-01	-2.023496e-01
6.806528e-01	-1.981217e-01
6.806784e-01	-1.940515e-01
6.807040e-01	-1.898471e-01
6.807296e-01	-1.854497e-01
6.807552e-01	-1.811797e-01
6.807808e-01	-1.769519e-01
6.808064e-01	-1.724764e-01
6.808320e-01	-1.680641e-01
6.808576e-01	-1.635850e-01
6.808832e-01	-1.591750e-01
6.809088e-01	-1.547396e-01
6.809344e-01	-1.501194e-01
6.809600e-01	-1.456763e-01
6.809856e-01	-1.410500e-01
6.810112e-01	-1.364962e-01
6.810368e-01	-1.319025e-01
6.810624e-01	-1.271551e-01
6.810880e-01	-1.224867e-01
6.811136e-01	-1.178579e-01
6.811392e-01	-1.132078e-01
6.811648e-01	-1.084713e-01
6.811904e-01	-1.037479e-01
6.812160e-01	-9.908739e-02
6.812416e-01	-9.423646e-02
6.812672e-01	-8.956595e-02
6.812928e-01	-8.467834e-02
6.813184e-01	-7.985292e-02
6.813440e-01	-7.525044e-02
6.813696e-01	-7.042946e-02
6.813952e-01	-6.556781e-02
6.814208e-01	-6.079221e-02
6.814464e-01	-5.585867e-02
6.814720e-01	-5.128457e-02
6.814976e-01	-4.627509e-02
6.815232e-01	-4.150080e-02
6.815488e-01	-3.671289e-02
6.815744e-01	-3.179895e-02
6.816000e-01	-2.719862e-02
6.816256e-01	-2.229615e-02
6.816512e-01	-1.750656e-02
6.816768e-01	-1.271556e-02
6.817024e-01	-8.070705e-03
6.817280e-01	-3.082804e-03
6.817536e-01	1.634202e-03
6.817792e-01	6.127766e-03
6.818048e-01	1.108918e-02
6.818304e-01	1.566258e-02
6.818560e-01	2.042939e-02
6.818816e-01	2.505800e-02
6.819072e-01	2.972308e-02
6.819328e-01	3.434134e-02
6.819584e-01	3.892552e-02
6.819840e-01	4.351368e-02
6.820096e-01	4.804782e-02
6.820352e-01	5.264214e-02
6.820608e-01	5.716048e-02
6.820864e-01	6.164264e-02
6.821120e-01	6.603999e-02
6.821376e-01	7.053609e-02
6.821632e-01	7.494521e-02
6.821888e-01	7.915862e-02
6.822144e-01	8.362125e-02
6.822400e-01	8.790109e-02
6.822656e-01	9.216061e-02
6.822912e-01	9.620596e-02
6.823168e-01	1.005102e-01
6.823424e-01	1.047628e-01
6.823680e-01	1.086861e-01
6.823936e-01	1.127551e-01
6.824192e-01	1.167440e-01
6.824448e-01	1.207891e-01
6.824704e-01	1.247562e-01
6.824960e-01	1.285877e-01
6.825216e-01	1.324966e-01
6.825472e-01	1.361858e-01
6.825728e-01	1.400183e-01
6.825984e-01	1.436396e-01
6.826240e-01	1.473517e-01
6.826496e-01	1.509509e-01
6.826752e-01	1.543180e-01
6.827008e-01	1.578713e-01
6.827264e-01	1.614325e-01
6.827520e-01	1.646343e-01
6.827776e-01	1.679799e-01
6.828032e-01	1.713760e-01
6.828288e-01	1.744586e-01
6.828544e-01	1.776498e-01
6.828800e-01	1.807622e-01
6.829056e-01	1.837438e-01
6.829312e-01	1.867311e-01
6.829568e-01	1.897265e-01
6.829824e-01	1.926486e-01
6.830080e-01	1.952142e-01
6.830336e-01	1.980876e-01
6.830592e-01	2.007082e-01
6.830848e-01	2.032474e-01
6.831104e-01	2.058137e-01
6.831360e-01	2.081695e-01
6.831616e-01	2.106474e-01
6.831872e-01	2.130408e-01
6.832128e-01	2.151736e-01
6.832384e-01	2.174316e-01
6.832640e-01	2.194249e-01
6.832896e-01	2.215953e-01
6.833152e-01	2.235919e-01
6.833408e-01	2.254340e-01
6.833664e-01	2.274199e-01
6.833920e-01	2.290238e-01
6.834176e-01	2.306400e-01
6.834432e-01	2.324206e-01
6.834688e-01	2.339784e-01
6.834944e-01	2.353978e-01
6.835200e-01	2.368308e-01
6.835456e-01	2.380595e-01
6.835712e-01	2.393261e-01
6.835968e-01	2.406358e-01
6.836224e-01	2.416625e-01
6.836480e-01	2.427550e-01
6.836736e-01	2.436491e-01
6.836992e-01	2.444868e-01
6.837248e-01	2.452511e-01
6.837504e-01	2.459770e-01
6.837760e-01	2.466453e-01
6.838016e-01	2.472454e-01
6.838272e-01	2.475977e-01
6.838528e-01	2.482252e-01
6.838784e-01	2.485050e-01
6.839040e-01	2.486432e-01
6.839296e-01	2.490323e-01
6.839552e-01	2.489478e-01
6.839808e-01	2.490120e-01
6.840064e-01	2.490673e-01
6.840320e-01	2.487989e-01
6.840576e-01	2.485956e-01
6.840832e-01	2.482520e-01
6.841088e-01	2.479252e-01
6.841344e-01	2.474800e-01
6.841600e-01	2.470887e-01
6.841856e-01	2.464772e-01
6.842112e-01	2.457224e-01
6.842368e-01	2.450037e-01
6.842624e-01	2.441933e-01
6.842880e-01	2.432154e-01
6.843136e-01	2.422833e-01
6.843392e-01	2.412193e-01
6.843648e-01	2.400472e-01
6.843904e-01	2.389146e-01
6.844160e-01	2.376857e-01
6.844416e-01	2.363172e-01
6.844672e-01	2.348443e-01
6.844928e-01	2.333422e-01
6.845184e-01	2.317737e-01
6.845440e-01	2.300828e-01
6.845696e-01	2.284334e-01
6.845952e-01	2.266646e-01
6.846208e-01	2.247929e-01
6.846464e-01	2.228082e-01
6.846720e-01	2.208087e-01
6.846976e-01	2.186929e-01
6.847232e-01	2.166425e-01
6.847488e-01	2.144009e-01
6.847744e-01	2.120696e-01
6.848000e-01	2.097676e-01
6.848256e-01	2.074048e-01
6.848512e-01	2.048662e-01
6.848768e-01	2.024323e-01
6.849024e-01	1.997073e-01
6.849280e-01	1.968877e-01
6.849536e-01	1.942034e-01
6.849792e-01	1.913952e-01
6.850048e-01	1.886507e-01
6.850304e-01	1.856280e-01
6.850560e-01	1.826338e-01
6.850816e-01	1.796328e-01
6.851072e-01	1.764778e-01
6.851328e-01	1.734437e-01
6.851584e-01	1.700705e-01
6.851840e-01	1.668319e-01
6.852096e-01	1.635051e-01
6.852352e-01	1.601103e-01
6.852608e-01	1.566551e-01
6.852864e-01	1.530990e-01
6.853120e-01	1.495078e-01
6.853376e-01	1.459755e-01
6.853632e-01	1.422859e-01
6.853888e-01	1.385818e-01
6.854144e-01	1.349598e-01
6.854400e-01	1.310717e-01
6.854656e-01	1.271260e-01
6.854912e-01	1.233651e-01
6.855168e-01	1.193321e-01
6.855424e-01	1.152223e-01
6.855680e-01	1.112320e-01
6.855936e-01	1.072394e-01
6.856192e-01	1.031324e-01
6.856448e-01	9.902726e-02
6.856704e-01	9.476475e-02
6.856960e-01	9.052679e-02
6.857216e-01	8.622128e-02
6.857472e-01	8.195832e-02
6.857728e-01	7.759726e-02
6.857984e-01	7.324297e-02
6.858240e-01	6.889781e-02
6.858496e-01	6.450322e-02
6.858752e-01	5.994337e-02
6.859008e-01	5.551003e-02
6.859264e-01	5.094272e-02
6.859520e-01	4.632339e-02
6.859776e-01	4.196104e-02
6.860032e-01	3.722329e-02
6.860288e-01	3.267869e-02
6.860544e-01	2.803455e-02
6.860800e-01	2.332189e-02
6.861056e-01	1.876786e-02
6.861312e-01	1.398810e-02
6.861568e-01	9.400553e-03
6.861824e-01	4.596393e-03
6.862080e-01	-1.077418e-04
6.862336e-01	-5.040603e-03
6.862592e-01	-9.695696e-03
6.862848e-01	-1.450118e-02
6.863104e-01	-1.929211e-02
6.863360e-01	-2.394369e-02
6.863616e-01	-2.885989e-02
6.863872e-01	-3.357686e-02
6.864128e-01	-3.844846e-02
6.864384e-01	-4.306926e-02
6.864640e-01	-4.797278e-02
6.864896e-01	-5.287416e-02
6.865152e-01	-5.756424e-02
6.865408e-01	-6.254127e-02
6.865664e-01	-6.715891e-02
6.865920e-01	-7.206149e-02
6.866176e-01	-7.679503e-02
6.866432e-01	-8.165043e-02
6.866688e-01	-8.638990e-02
6.866944e-01	-9.109972e-02
6.867200e-01	-9.599325e-02
6.867456e-01	-1.005680e-01
6.867712e-01	-1.054686e-01
6.867968e-01	-1.102705e-01
6.868224e-01	-1.148277e-01
6.868480e-01	-1.195811e-01
6.868736e-01	-1.240669e-01
6.868992e-01	-1.288914e-01
6.869248e-01	-1.334916e-01
6.869504e-01	-1.379807e-01
6.869760e-01	-1.426273e-01
6.870016e-01	-1.472054e-01
6.870272e-01	-1.516740e-01
6.870528e-01	-1.562316e-01
6.870784e-01	-1.607125e-01
6.871040e-01	-1.651599e-01
6.871296e-01	-1.694776e-01
6.871552e-01	-1.740294e-01
6.871808e-01	-1.784126e-01
6.872064e-01	-1.825703e-01
6.872320e-01	-1.869426e-01
6.872576e-01	-1.912323e-01
6.872832e-01	-1.954180e-01
6.873088e-01	-1.996939e-01
6.873344e-01	-2.037133e-01
6.873600e-01	-2.078680e-01
6.873856e-01	-2.118813e-01
6.874112e-01	-2.158607e-01
6.874368e-01	-2.199469e-01
6.874624e-01	-2.238162e-01
6.874880e-01	-2.277285e-01
6.875136e-01	-2.316619e-01
6.875392e-01	-2.353515e-01
6.875648e-01	-2.391668e-01
6.875904e-01	-2.428513e-01
6.876160e-01	-2.463926e-01
6.876416e-01	-2.500214e-01
6.876672e-01	-2.535809e-01
6.876928e-01	-2.570781e-01
6.877184e-01	-2.605058e-01
6.877440e-01	-2.638011e-01
6.877696e-01	-2.671992e-01
6.877952e-01	-2.705389e-01
6.878208e-01	-2.736727e-01
6.878464e-01	-2.768139e-01
6.878720e-01	-2.799120e-01
6.878976e-01	-2.827482e-01
6.879232e-01	-2.858886e-01
6.879488e-01	-2.888832e-01
6.879744e-01	-2.916809e-01
6.880000e-01	-2.945037e-01
6.880256e-01	-2.972017e-01
6.880512e-01	-2.999286e-01
6.880768e-01	-3.024902e-01
6.881024e-01	-3.050045e-01
6.881280e-01	-3.075773e-01
6.881536e-01	-3.098676e-01
6.881792e-01	-3.122168e-01
6.882048e-01	-3.144377e-01
6.882304e-01	-3.167283e-01
6.882560e-01	-3.188617e-01
6.882816e-01	-3.207961e-01
6.883072e-01	-3.228256e-01
6.883328e-01	-3.247871e-01
6.883584e-01	-3.264895e-01
6.883840e-01	-3.283037e-01
6.884096e-01	-3.301353e-01
6.884352e-01	-3.316008e-01
6.884608e-01	-3.332444e-01
6.884864e-01	-3.347608e-01
6.885120e-01	-3.360396e-01
6.885376e-01	-3.374714e-01
6.885632e-01	-3.387063e-01
6.885888e-01	-3.398385e-01
6.886144e-01	-3.409751e-01
6.886400e-01	-3.420025e-01
6.886656e-01	-3.428670e-01
6.886912e-01	-3.438367e-01
6.887168e-01	-3.445648e-01
6.887424e-01	-3.453167e-01
6.887680e-01	-3.460083e-01
6.887936e-01	-3.465737e-01
6.888192e-01	-3.470564e-01
6.888448e-01	-3.474730e-01
6.888704e-01	-3.477492e-01
6.888960e-01	-3.481668e-01
6.889216e-01	-3.482403e-01
6.889472e-01	-3.482769e-01
6.889728e-01	-3.483922e-01
6.889984e-01	-3.482895e-01
6.890240e-01	-3.482591e-01
6.890496e-01	-3.479388e-01
6.890752e-01	-3.477348e-01
6.891008e-01	-3.474260e-01
6.891264e-01	-3.469130e-01
6.891520e-01	-3.464026e-01
6.891776e-01	-3.457285e-01
6.892032e-01	-3.452722e-01
6.892288e-01	-3.444644e-01
6.892544e-01	-3.436388e-01
6.892800e-01	-3.427591e-01
6.893056e-01	-3.416817e-01
6.893312e-01	-3.406503e-01
6.893568e-01	-3.395464e-01
6.893824e-01	-3.384038e-01
6.894080e-01	-3.371488e-01
6.894336e-01	-3.356954e-01
6.894592e-01	-3.343410e-01
6.894848e-01	-3.328838e-01
6.895104e-01	-3.313099e-01
6.895360e-01	-3.296724e-01
6.895616e-01	-3.279553e-01
6.895872e-01	-3.261290e-01
6.896128e-01	-3.242378e-01
6.896384e-01	-3.222511e-01
6.896640e-01	-3.203758e-01
6.896896e-01	-3.183478e-01
6.897152e-01	-3.160818e-01
6.897408e-01	-3.138513e-01
6.897664e-01	-3.117138e-01
6.897920e-01	-3.093008e-01
6.898176e-01	-3.068436e-01
6.898432e-01	-3.044945e-01
6.898688e-01	-3.018948e-01
6.898944e-01	-2.992931e-01
6.899200e-01	-2.966567e-01
6.899456e-01	-2.938422e-01
6.899712e-01	-2.911156e-01
6.899968e-01	-2.881743e-01
6.900224e-01	-2.852121e-01
6.900480e-01	-2.823267e-01
6.900736e-01	-2.791617e-01
6.900992e-01	-2.761028e-01
6.901248e-01	-2.729782e-01
6.901504e-01	-2.695485e-01
6.901760e-01	-2.663128e-01
6.902016e-01	-2.630682e-01
6.902272e-01	-2.596683e-01
6.902528e-01	-2.562155e-01
6.902784e-01	-2.527668e-01
6.903040e-01	-2.491204e-01
6.903296e-01	-2.455270e-01
6.903552e-01	-2.419400e-01
6.903808e-01	-2.382669e-01
6.904064e-01	-2.344460e-01
6.904320e-01	-2.306625e-01
6.904576e-01	-2.267938e-01
6.904832e-01	-2.228681e-01
6.905088e-01	-2.188267e-01
6.905344e-01	-2.149879e-01
6.905600e-01	-2.109836e-01
6.905856e-01	-2.068461e-01
6.906112e-01	-2.027319e-01
6.906368e-01	-1.985971e-01
6.906624e-01	-1.944032e-01
6.906880e-01	-1.902018e-01
6.907136e-01	-1.859507e-01
6.907392e-01	-1.816550e-01
6.907648e-01	-1.772894e-01
6.907904e-01	-1.728753e-01
6.908160e-01	-1.685691e-01
6.908416e-01	-1.639862e-01
6.908672e-01	-1.596390e-01
6.908928e-01	-1.552045e-01
6.909184e-01	-1.505257e-01
6.909440e-01	-1.460848e-01
6.909696e-01	-1.414015e-01
6.909952e-01	-1.369801e-01
6.910208e-01	-1.322211e-01
6.910464e-01	-1.276314e-01
6.910720e-01	-1.230888e-01
6.910976e-01	-1.183546e-01
6.911232e-01	-1.136782e-01
6.911488e-01	-1.089027e-01
6.911744e-01	-1.043304e-01
6.912000e-01	-9.946268e-02
6.912256e-01	-9.466090e-02
6.912512e-01	-9.003751e-02
6.912768e-01	-8.508117e-02
6.913024e-01	-8.035335e-02
6.913280e-01	-7.553890e-02
6.913536e-01	-7.071490e-02
6.913792e-01	-6.593365e-02
6.914048e-01	-6.125164e-02
6.914304e-01	-5.637947e-02
6.914560e-01	-5.146999e-02
6.914816e-01	-4.679091e-02
6.915072e-01	-4.202392e-02
6.915328e-01	-3.713564e-02
6.915584e-01	-3.236458e-02
6.915840e-01	-2.748748e-02
6.916096e-01	-2.278536e-02
6.916352e-01	-1.800443e-02
6.916608e-01	-1.321571e-02
6.916864e-01	-8.405373e-03
6.917120e-01	-3.757481e-03
6.917376e-01	1.065940e-03
6.917632e-01	5.860403e-03
6.917888e-01	1.051953e-02
6.918144e-01	1.523717e-02
6.918400e-01	2.006808e-02
6.918656e-01	2.468500e-02
6.918912e-01	2.919078e-02
6.919168e-01	3.399246e-02
6.919424e-01	3.856971e-02
6.919680e-01	4.303930e-02
6.919936e-01	4.766101e-02
6.920192e-01	5.215933e-02
6.920448e-01	5.675614e-02
6.920704e-01	6.117092e-02
6.920960e-01	6.571040e-02
6.921216e-01	7.012675e-02
6.921472e-01	7.444888e-02
6.921728e-01	7.882802e-02
6.921984e-01	8.325468e-02
6.922240e-01	8.747937e-02
6.922496e-01	9.172957e-02
6.922752e-01	9.599501e-02
6.923008e-01	1.001678e-01
6.923264e-01	1.042494e-01
6.923520e-01	1.082768e-01
6.923776e-01	1.124896e-01
6.924032e-01	1.165348e-01
6.924288e-01	1.203903e-01
6.924544e-01	1.244476e-01
6.924800e-01	1.282393e-01
6.925056e-01	1.319972e-01
6.925312e-01	1.358550e-01
6.925568e-01	1.396853e-01
6.925824e-01	1.433942e-01
6.926080e-01	1.469636e-01
6.926336e-01	1.505646e-01
6.926592e-01	1.541963e-01
6.926848e-01	1.575432e-01
6.927104e-01	1.611591e-01
6.927360e-01	1.645040e-01
6.927616e-01	1.677438e-01
6.927872e-01	1.709943e-01
6.928128e-01	1.741519e-01
6.928384e-01	1.773555e-01
6.928640e-01	1.803817e-01
6.928896e-01	1.835177e-01
6.929152e-01	1.865123e-01
6.929408e-01	1.894067e-01
6.929664e-01	1.923210e-01
6.929920e-01	1.950200e-01
6.930176e-01	1.978905e-01
6.930432e-01	2.003573e-01
6.930688e-01	2.030712e-01
6.930944e-01	2.056057e-01
6.931200e-01	2.079373e-01
6.931456e-01	2.104976e-01
6.931712e-01	2.128509e-01
6.931968e-01	2.151143e-01
6.932224e-01	2.172220e-01
6.932480e-01	2.192169e-01
6.932736e-01	2.213502e-01
6.932992e-01	2.233331e-01
6.933248e-01	2.252796e-01
6.933504e-01	2.271875e-01
6.933760e-01	2.289526e-01
6.934016e-01	2.306095e-01
6.934272e-01	2.322499e-01
6.934528e-01	2.337729e-01
6.934784e-01	2.352526e-01
6.935040e-01	2.366599e-01
6.935296e-01	2.379790e-01
6.935552e-01	2.392293e-01
6.935808e-01	2.404432e-01
6.936064e-01	2.416398e-01
6.936320e-01	2.426610e-01
6.936576e-01	2.435099e-01
6.936832e-01	2.444769e-01
6.937088e-01	2.452357e-01
6.937344e-01	2.460449e-01
6.937600e-01	2.466042e-01
6.937856e-01	2.470481e-01
6.938112e-01	2.477022e-01
6.938368e-01	2.480405e-01
6.938624e-01	2.482865e-01
6.938880e-01	2.486759e-01
6.939136e-01	2.487834e-01
6.939392e-01	2.489467e-01
6.939648e-01	2.489816e-01
6.939904e-01	2.489554e-01
6.940160e-01	2.488310e-01
6.940416e-01	2.486573e-01
6.940672e-01	2.483873e-01
6.940928e-01	2.480883e-01
6.941184e-01	2.476424e-01
6.941440e-01	2.470318e-01
6.941696e-01	2.464714e-01
6.941952e-01	2.458739e-01
6.942208e-01	2.451048e-01
6.942464e-01	2.443049e-01
6.942720e-01	2.433377e-01
6.942976e-01	2.424493e-01
6.943232e-01	2.413891e-01
6.943488e-01	2.402607e-01
6.943744e-01	2.389805e-01
6.944000e-01	2.377710e-01
6.944256e-01	2.364742e-01
6.944512e-01	2.349875e-01
6.944768e-01	2.333711e-01
6.945024e-01	2.318939e-01
6.945280e-01	2.302604e-01
6.945536e-01	2.286322e-01
6.945792e-01	2.268444e-01
6.946048e-01	2.248949e-01
6.946304e-01	2.230084e-01
6.946560e-01	2.209453e-01
6.946816e-01	2.188918e-01
6.947072e-01	2.168240e-01
6.947328e-01	2.145949e-01
6.947584e-01	2.122717e-01
6.947840e-01	2.100162e-01
6.948096e-01	2.076461e-01
6.948352e-01	2.049311e-01
6.948608e-01	2.026783e-01
6.948864e-01	1.999788e-01
6.949120e-01	1.972377e-01
6.949376e-01	1.945718e-01
6.949632e-01	1.916479e-01
6.949888e-01	1.888330e-01
6.950144e-01	1.858069e-01
6.950400e-01	1.829579e-01
6.950656e-01	1.799135e-01
6.950912e-01	1.767958e-01
6.951168e-01	1.737079e-01
6.951424e-01	1.703357e-01
6.951680e-01	1.670711e-01
6.951936e-01	1.637748e-01
6.952192e-01	1.605289e-01
6.952448e-01	1.568561e-01
6.952704e-01	1.534900e-01
6.952960e-01	1.499374e-01
6.953216e-01	1.462479e-01
6.953472e-01	1.426862e-01
6.953728e-01	1.389307e-01
6.953984e-01	1.352111e-01
6.954240e-01	1.312954e-01
6.954496e-01	1.275321e-01
6.954752e-01	1.235415e-01
6.955008e-01	1.195830e-01
6.955264e-01	1.156295e-01
6.955520e-01	1.116372e-01
6.955776e-01	1.077059e-01
6.956032e-01	1.034565e-01
6.956288e-01	9.940203e-02
6.956544e-01	9.517768e-02
6.956800e-01	9.094968e-02
6.957056e-01	8.674652e-02
6.957312e-01	8.234705e-02
6.957568e-01	7.797269e-02
6.957824e-01	7.374604e-02
6.958080e-01	6.927967e-02
6.958336e-01	6.488721e-02
6.958592e-01	6.037640e-02
6.958848e-01	5.583772e-02
6.959104e-01	5.142592e-02
6.959360e-01	4.686728e-02
6.959616e-01	4.229122e-02
6.959872e-01	3.772764e-02
6.960128e-01	3.312955e-02
6.960384e-01	2.856214e-02
6.960640e-01	2.375553e-02
6.960896e-01	1.918037e-02
6.961152e-01	1.449871e-02
6.961408e-01	9.781708e-03
6.961664e-01	5.119141e-03
6.961920e-01	3.641684e-04
6.962176e-01	-4.443412e-03
6.962432e-01	-9.146501e-03
6.962688e-01	-1.397117e-02
6.962944e-01	-1.863107e-02
6.963200e-01	-2.354487e-02
6.963456e-01	-2.838258e-02
6.963712e-01	-3.314254e-02
6.963968e-01	-3.801421e-02
6.964224e-01	-4.271505e-02
6.964480e-01	-4.754016e-02
6.964736e-01	-5.233845e-02
6.964992e-01	-5.712996e-02
6.965248e-01	-6.193634e-02
6.965504e-01	-6.671704e-02
6.965760e-01	-7.167732e-02
6.966016e-01	-7.626126e-02
6.966272e-01	-8.118658e-02
6.966528e-01	-8.599920e-02
6.966784e-01	-9.072612e-02
6.967040e-01	-9.552826e-02
6.967296e-01	-1.001952e-01
6.967552e-01	-1.049810e-01
6.967808e-01	-1.097259e-01
6.968064e-01	-1.143849e-01
6.968320e-01	-1.190715e-01
6.968576e-01	-1.237731e-01
6.968832e-01	-1.284072e-01
6.969088e-01	-1.330722e-01
6.969344e-01	-1.376221e-01
6.969600e-01	-1.421196e-01
6.969856e-01	-1.467689e-01
6.970112e-01	-1.512580e-01
6.970368e-01	-1.559147e-01
6.970624e-01	-1.602280e-01
6.970880e-01	-1.647383e-01
6.971136e-01	-1.692215e-01
6.971392e-01	-1.735808e-01
6.971648e-01	-1.778393e-01
6.971904e-01	-1.821226e-01
6.972160e-01	-1.866206e-01
6.972416e-01	-1.907762e-01
6.972672e-01	-1.950620e-01
6.972928e-01	-1.992364e-01
6.973184e-01	-2.033551e-01
6.973440e-01	-2.074841e-01
6.973696e-01	-2.115113e-01
6.973952e-01	-2.155247e-01
6.974208e-01	-2.194801e-01
6.974464e-01	-2.234779e-01
6.974720e-01	-2.273016e-01
6.974976e-01	-2.311392e-01
6.975232e-01	-2.348391e-01
6.975488e-01	-2.387366e-01
6.975744e-01	-2.424779e-01
6.976000e-01	-2.460829e-01
6.976256e-01	-2.496901e-01
6.976512e-01	-2.531882e-01
6.976768e-01	-2.568226e-01
6.977024e-01	-2.602202e-01
6.977280e-01	-2.635285e-01
6.977536e-01	-2.669357e-01
6.977792e-01	-2.700880e-01
6.978048e-01	-2.733894e-01
6.978304e-01	-2.765378e-01
6.978560e-01	-2.796598e-01
6.978816e-01	-2.827247e-01
6.979072e-01	-2.856750e-01
6.979328e-01	-2.887097e-01
6.979584e-01	-2.914875e-01
6.979840e-01	-2.941426e-01
6.980096e-01	-2.968914e-01
6.980352e-01	-2.995999e-01
6.980608e-01	-3.021667e-01
6.980864e-01	-3.046299e-01
6.981120e-01	-3.072019e-01
6.981376e-01	-3.095500e-01
6.981632e-01	-3.119638e-01
6.981888e-01	-3.141508e-01
6.982144e-01	-3.164170e-01
6.982400e-01	-3.186174e-01
6.982656e-01	-3.205979e-01
6.982912e-01	-3.226062e-01
6.983168e-01	-3.244676e-01
6.983424e-01	-3.263345e-01
6.983680e-01	-3.281630e-01
6.983936e-01	-3.298385e-01
6.984192e-01	-3.314478e-01
6.984448e-01	-3.330651e-01
6.984704e-01	-3.346164e-01
6.984960e-01	-3.359256e-01
6.985216e-01	-3.373035e-01
6.985472e-01	-3.385568e-01
6.985728e-01	-3.397579e-01
6.985984e-01	-3.409314e-01
6.986240e-01	-3.418902e-01
6.986496e-01	-3.428613e-01
6.986752e-01	-3.438307e-01
6.987008e-01	-3.444802e-01
6.987264e-01	-3.452434e-01
6.987520e-01	-3.459115e-01
6.987776e-01	-3.465092e-01
6.988032e-01	-3.469943e-01
6.988288e-01	-3.473633e-01
6.988544e-01	-3.477470e-01
6.988800e-01	-3.481032e-01
6.989056e-01	-3.482414e-01
6.989312e-01	-3.483423e-01
6.989568e-01	-3.483827e-01
6.989824e-01	-3.483728e-01
6.990080e-01	-3.481876e-01
6.990336e-01	-3.480597e-01
6.990592e-01	-3.477077e-01
6.990848e-01	-3.474026e-01
6.991104e-01	-3.469584e-01
6.991360e-01	-3.464642e-01
6.991616e-01	-3.458903e-01
6.991872e-01	-3.453008e-01
6.992128e-01	-3.445122e-01
6.992384e-01	-3.435777e-01
6.992640e-01	-3.428053e-01
6.992896e-01	-3.417920e-01
6.993152e-01	-3.408209e-01
6.993408e-01	-3.396969e-01
6.993664e-01	-3.385594e-01
6.993920e-01	-3.373020e-01
6.994176e-01	-3.357992e-01
6.994432e-01	-3.344501e-01
6.994688e-01	-3.330286e-01
6.994944e-01	-3.314894e-01
6.995200e-01	-3.297793e-01
6.995456e-01	-3.280936e-01
6.995712e-01	-3.262619e-01
6.995968e-01	-3.245185e-01
6.996224e-01	-3.225425e-01
6.996480e-01	-3.205720e-01
6.996736e-01	-3.184569e-01
6.996992e-01	-3.163939e-01
6.997248e-01	-3.141730e-01
6.997504e-01	-3.119078e-01
6.997760e-01	-3.096235e-01
6.998016e-01	-3.071259e-01
6.998272e-01	-3.046213e-01
6.998528e-01	-3.020312e-01
6.998784e-01	-2.995096e-01
6.999040e-01	-2.968090e-01
6.999296e-01	-2.940645e-01
6.999552e-01	-2.914405e-01
6.999808e-01	-2.884079e-01
7.000064e-01	-2.855363e-01
7.000320e-01	-2.826042e-01
7.000576e-01	-2.795314e-01
7.000832e-01	-2.763668e-01
7.001088e-01	-2.732116e-01
7.001344e-01	-2.700387e-01
7.001600e-01	-2.667407e-01
7.001856e-01	-2.634211e-01
7.002112e-01	-2.599741e-01
7.002368e-01	-2.566055e-01
7.002624e-01	-2.530633e-01
7.002880e-01	-2.494626e-01
7.003136e-01	-2.459243e-01
7.003392e-01	-2.421906e-01
7.003648e-01	-2.385573e-01
7.003904e-01	-2.347498e-01
7.004160e-01	-2.309784e-01
7.004416e-01	-2.271051e-01
7.004672e-01	-2.232354e-01
7.004928e-01	-2.193460e-01
7.005184e-01	-2.153741e-01
7.005440e-01	-2.112608e-01
7.005696e-01	-2.072436e-01
7.005952e-01	-2.031233e-01
7.006208e-01	-1.989791e-01
7.006464e-01	-1.948081e-01
7.006720e-01	-1.905063e-01
7.006976e-01	-1.862848e-01
7.007232e-01	-1.820311e-01
7.007488e-01	-1.776455e-01
7.007744e-01	-1.733239e-01
7.008000e-01	-1.689289e-01
7.008256e-01	-1.644405e-01
7.008512e-01	-1.600026e-01
7.008768e-01	-1.556044e-01
7.009024e-01	-1.509808e-01
7.009280e-01	-1.465354e-01
7.009536e-01	-1.419688e-01
7.009792e-01	-1.372838e-01
7.010048e-01	-1.325894e-01
7.010304e-01	-1.280040e-01
7.010560e-01	-1.233923e-01
7.010816e-01	-1.187643e-01
7.011072e-01	-1.140812e-01
7.011328e-01	-1.093298e-01
7.011584e-01	-1.045857e-01
7.011840e-01	-9.980676e-02
7.012096e-01	-9.514043e-02
7.012352e-01	-9.045599e-02
7.012608e-01	-8.548839e-02
7.012864e-01	-8.072836e-02
7.013120e-01	-7.610715e-02
7.013376e-01	-7.126284e-02
7.013632e-01	-6.631684e-02
7.013888e-01	-6.153319e-02
7.014144e-01	-5.679942e-02
7.014400e-01	-5.206658e-02
7.014656e-01	-4.710062e-02
7.014912e-01	-4.239027e-02
7.015168e-01	-3.751426e-02
7.015424e-01	-3.274340e-02
7.015680e-01	-2.810446e-02
7.015936e-01	-2.313880e-02
7.016192e-01	-1.842488e-02
7.016448e-01	-1.359778e-02
7.016704e-01	-8.798309e-03
7.016960e-01	-4.118490e-03
7.017216e-01	7.434036e-04
7.017472e-01	5.387047e-03
7.017728e-01	1.018554e-02
7.017984e-01	1.486460e-02
7.018240e-01	1.944538e-02
7.018496e-01	2.422351e-02
7.018752e-01	2.887133e-02
7.019008e-01	3.348123e-02
7.019264e-01	3.808387e-02
7.019520e-01	4.265520e-02
7.019776e-01	4.734013e-02
7.020032e-01	5.170809e-02
7.020288e-01	5.630473e-02
7.020544e-01	6.087070e-02
7.020800e-01	6.520887e-02
7.021056e-01	6.969249e-02
7.021312e-01	7.413571e-02
7.021568e-01	7.839579e-02
7.021824e-01	8.273599e-02
7.022080e-01	8.709239e-02
7.022336e-01	9.135342e-02
7.022592e-01	9.553734e-02
7.022848e-01	9.975770e-02
7.023104e-01	1.038737e-01
7.023360e-01	1.079139e-01
7.023616e-01	1.120015e-01
7.023872e-01	1.161450e-01
7.024128e-01	1.200315e-01
7.024384e-01	1.239808e-01
7.024640e-01	1.278903e-01
7.024896e-01	1.317193e-01
7.025152e-01	1.354394e-01
7.025408e-01	1.392808e-01
7.025664e-01	1.430242e-01
7.025920e-01	1.466549e-01
7.026176e-01	1.501997e-01
7.026432e-01	1.538608e-01
7.026688e-01	1.572696e-01
7.026944e-01	1.607307e-01
7.027200e-01	1.641158e-01
7.027456e-01	1.674533e-01
7.027712e-01	1.707784e-01
7.027968e-01	1.738613e-01
7.028224e-01	1.770982e-01
7.028480e-01	1.802062e-01
7.028736e-01	1.832230e-01
7.028992e-01	1.862421e-01
7.029248e-01	1.890796e-01
7.029504e-01	1.920637e-01
7.029760e-01	1.948285e-01
7.030016e-01	1.975770e-01
7.030272e-01	2.001485e-01
7.030528e-01	2.028433e-01
7.030784e-01	2.053955e-01
7.031040e-01	2.078404e-01
7.031296e-01	2.102469e-01
7.031552e-01	2.124831e-01
7.031808e-01	2.148012e-01
7.032064e-01	2.170249e-01
7.032320e-01	2.191906e-01
7.032576e-01	2.211910e-01
7.032832e-01	2.232011e-01
7.033088e-01	2.251990e-01
7.033344e-01	2.268799e-01
7.033600e-01	2.287810e-01
7.033856e-01	2.305100e-01
7.034112e-01	2.322683e-01
7.034368e-01	2.337385e-01
7.034624e-01	2.351665e-01
7.034880e-01	2.365647e-01
7.035136e-01	2.379054e-01
7.035392e-01	2.392361e-01
7.035648e-01	2.402673e-01
7.035904e-01	2.414892e-01
7.036160e-01	2.425538e-01
7.036416e-01	2.435031e-01
7.036672e-01	2.443904e-01
7.036928e-01	2.451293e-01
7.037184e-01	2.459920e-01
7.037440e-01	2.465210e-01
7.037696e-01	2.471757e-01
7.037952e-01	2.476717e-01
7.038208e-01	2.480251e-01
7.038464e-01	2.484790e-01
7.038720e-01	2.487821e-01
7.038976e-01	2.488361e-01
7.039232e-01	2.489832e-01
7.039488e-01	2.489493e-01
7.039744e-01	2.489319e-01
7.040000e-01	2.489600e-01
7.040256e-01	2.487476e-01
7.040512e-01	2.484231e-01
7.040768e-01	2.480996e-01
7.041024e-01	2.475581e-01
7.041280e-01	2.471694e-01
7.041536e-01	2.466193e-01
7.041792e-01	2.458278e-01
7.042048e-01	2.451781e-01
7.042304e-01	2.443531e-01
7.042560e-01	2.434546e-01
7.042816e-01	2.425774e-01
7.043072e-01	2.414303e-01
7.043328e-01	2.403051e-01
7.043584e-01	2.391761e-01
7.043840e-01	2.379135e-01
7.044096e-01	2.366172e-01
7.044352e-01	2.350824e-01
7.044608e-01	2.336147e-01
7.044864e-01	2.320639e-01
7.045120e-01	2.303861e-01
7.045376e-01	2.288995e-01
7.045632e-01	2.269045e-01
7.045888e-01	2.251669e-01
7.046144e-01	2.232158e-01
7.046400e-01	2.211559e-01
7.046656e-01	2.192711e-01
7.046912e-01	2.170885e-01
7.047168e-01	2.148262e-01
7.047424e-01	2.125938e-01
7.047680e-01	2.101757e-01
7.047936e-01	2.077013e-01
7.048192e-01	2.053350e-01
7.048448e-01	2.028542e-01
7.048704e-01	2.001363e-01
7.048960e-01	1.975276e-01
7.049216e-01	1.948310e-01
7.049472e-01	1.919468e-01
7.049728e-01	1.891980e-01
7.049984e-01	1.861668e-01
7.050240e-01	1.832360e-01
7.050496e-01	1.803009e-01
7.050752e-01	1.770947e-01
7.051008e-01	1.739982e-01
7.051264e-01	1.706066e-01
7.051520e-01	1.674840e-01
7.051776e-01	1.642034e-01
7.052032e-01	1.607409e-01
7.052288e-01	1.573673e-01
7.052544e-01	1.538712e-01
7.052800e-01	1.502088e-01
7.053056e-01	1.466931e-01
7.053312e-01	1.430945e-01
7.053568e-01	1.393386e-01
7.053824e-01	1.355557e-01
7.054080e-01	1.316655e-01
7.054336e-01	1.278773e-01
7.054592e-01	1.240840e-01
7.054848e-01	1.200520e-01
7.055104e-01	1.161934e-01
7.055360e-01	1.120526e-01
7.055616e-01	1.080706e-01
7.055872e-01	1.039275e-01
7.056128e-01	9.973025e-02
7.056384e-01	9.553888e-02
7.056640e-01	9.138167e-02
7.056896e-01	8.721004e-02
7.057152e-01	8.274069e-02
7.057408e-01	7.849472e-02
7.057664e-01	7.412990e-02
7.057920e-01	6.975038e-02
7.058176e-01	6.539533e-02
7.058432e-01	6.082649e-02
7.058688e-01	5.645224e-02
7.058944e-01	5.189685e-02
7.059200e-01	4.731540e-02
7.059456e-01	4.273720e-02
7.059712e-01	3.823053e-02
7.059968e-01	3.358035e-02
7.060224e-01	2.898369e-02
7.060480e-01	2.432409e-02
7.060736e-01	1.958590e-02
7.060992e-01	1.498250e-02
7.061248e-01	1.028493e-02
7.061504e-01	5.492019e-03
7.061760e-01	7.423966e-04
7.062016e-01	-3.932537e-03
7.062272e-01	-8.677558e-03
7.062528e-01	-1.354410e-02
7.062784e-01	-1.814833e-02
7.063040e-01	-2.306753e-02
7.063296e-01	-2.788532e-02
7.063552e-01	-3.254469e-02
7.063808e-01	-3.747731e-02
7.064064e-01	-4.228812e-02
7.064320e-01	-4.701194e-02
7.064576e-01	-5.183440e-02
7.064832e-01	-5.674348e-02
7.065088e-01	-6.154600e-02
7.065344e-01	-6.631934e-02
7.065600e-01	-7.108600e-02
7.065856e-01	-7.588449e-02
7.066112e-01	-8.073964e-02
7.066368e-01	-8.531433e-02
7.066624e-01	-9.027672e-02
7.066880e-01	-9.503558e-02
7.067136e-01	-9.976611e-02
7.067392e-01	-1.044998e-01
7.067648e-01	-1.091015e-01
7.067904e-01	-1.138254e-01
7.068160e-01	-1.186584e-01
7.068416e-01	-1.232500e-01
7.068672e-01	-1.278909e-01
7.068928e-01	-1.325802e-01
7.069184e-01	-1.371396e-01
7.069440e-01	-1.416785e-01
7.069696e-01	-1.463778e-01
7.069952e-01	-1.508616e-01
7.070208e-01	-1.553032e-01
7.070464e-01	-1.598814e-01
7.070720e-01	-1.643408e-01
7.070976e-01	-1.687475e-01
7.071232e-01	-1.731358e-01
7.071488e-01	-1.774933e-01
7.071744e-01	-1.818216e-01
7.072000e-01	-1.862490e-01
7.072256e-01	-1.904238e-01
7.072512e-01	-1.945865e-01
7.072768e-01	-1.988416e-01
7.073024e-01	-2.029271e-01
7.073280e-01	-2.070543e-01
7.073536e-01	-2.111648e-01
7.073792e-01	-2.152163e-01
7.074048e-01	-2.191591e-01
7.074304e-01	-2.231294e-01
7.074560e-01	-2.269080e-01
7.074816e-01	-2.308172e-01
7.075072e-01	-2.345910e-01
7.075328e-01	-2.384173e-01
7.075584e-01	-2.420597e-01
7.075840e-01	-2.457082e-01
7.076096e-01	-2.493284e-01
7.076352e-01	-2.528860e-01
7.076608e-01	-2.563767e-01
7.076864e-01	-2.597487e-01
7.077120e-01	-2.632523e-01
7.077376e-01	-2.666007e-01
7.077632e-01	-2.698185e-01
7.077888e-01	-2.730628e-01
7.078144e-01	-2.762568e-01
7.078400e-01	-2.792759e-01
7.078656e-01	-2.823511e-01
7.078912e-01	-2.853832e-01
7.079168e-01	-2.882790e-01
7.079424e-01	-2.911711e-01
7.079680e-01	-2.938936e-01
7.079936e-01	-2.967428e-01
7.080192e-01	-2.993838e-01
7.080448e-01	-3.019829e-01
7.080704e-01	-3.044947e-01
7.080960e-01	-3.069461e-01
7.081216e-01	-3.093855e-01
7.081472e-01	-3.117171e-01
7.081728e-01	-3.140219e-01
7.081984e-01	-3.162954e-01
7.082240e-01	-3.184050e-01
7.082496e-01	-3.204121e-01
7.082752e-01	-3.223307e-01
7.083008e-01	-3.244999e-01
7.083264e-01	-3.261938e-01
7.083520e-01	-3.279507e-01
7.083776e-01	-3.298129e-01
7.084032e-01	-3.312604e-01
7.084288e-01	-3.329227e-01
7.084544e-01	-3.343929e-01
7.084800e-01	-3.358036e-01
7.085056e-01	-3.372413e-01
7.085312e-01	-3.383727e-01
7.085568e-01	-3.396343e-01
7.085824e-01	-3.407236e-01
7.086080e-01	-3.418775e-01
7.086336e-01	-3.427657e-01
7.086592e-01	-3.436224e-01
7.086848e-01	-3.444456e-01
7.087104e-01	-3.451766e-01
7.087360e-01	-3.459415e-01
7.087616e-01	-3.465290e-01
7.087872e-01	-3.468829e-01
7.088128e-01	-3.474298e-01
7.088384e-01	-3.477172e-01
7.088640e-01	-3.479478e-01
7.088896e-01	-3.481669e-01
7.089152e-01	-3.483108e-01
7.089408e-01	-3.483357e-01
7.089664e-01	-3.483486e-01
7.089920e-01	-3.483228e-01
7.090176e-01	-3.480191e-01
7.090432e-01	-3.477826e-01
7.090688e-01	-3.475021e-01
7.090944e-01	-3.469991e-01
7.091200e-01	-3.466613e-01
7.091456e-01	-3.459533e-01
7.091712e-01	-3.453518e-01
7.091968e-01	-3.446377e-01
7.092224e-01	-3.437095e-01
7.092480e-01	-3.428574e-01
7.092736e-01	-3.418636e-01
7.092992e-01	-3.409179e-01
7.093248e-01	-3.398517e-01
7.093504e-01	-3.385942e-01
7.093760e-01	-3.373582e-01
7.094016e-01	-3.359235e-01
7.094272e-01	-3.346384e-01
7.094528e-01	-3.331970e-01
7.094784e-01	-3.316908e-01
7.095040e-01	-3.299693e-01
7.095296e-01	-3.283158e-01
7.095552e-01	-3.265572e-01
7.095808e-01	-3.246472e-01
7.096064e-01	-3.227179e-01
7.096320e-01	-3.206962e-01
7.096576e-01	-3.188026e-01
7.096832e-01	-3.166233e-01
7.097088e-01	-3.144126e-01
7.097344e-01	-3.120790e-01
7.097600e-01	-3.097456e-01
7.097856e-01	-3.074432e-01
7.098112e-01	-3.048337e-01
7.098368e-01	-3.023491e-01
7.098624e-01	-2.997499e-01
7.098880e-01	-2.971255e-01
7.099136e-01	-2.943355e-01
7.099392e-01	-2.914958e-01
7.099648e-01	-2.886913e-01
7.099904e-01	-2.858215e-01
7.100160e-01	-2.827571e-01
7.100416e-01	-2.796424e-01
7.100672e-01	-2.767085e-01
7.100928e-01	-2.736329e-01
7.101184e-01	-2.702297e-01
7.101440e-01	-2.670122e-01
7.101696e-01	-2.636496e-01
7.101952e-01	-2.603838e-01
7.102208e-01	-2.569528e-01
7.102464e-01	-2.533659e-01
7.102720e-01	-2.498657e-01
7.102976e-01	-2.461925e-01
7.103232e-01	-2.426262e-01
7.103488e-01	-2.388673e-01
7.103744e-01	-2.350960e-01
7.104000e-01	-2.313350e-01
7.104256e-01	-2.274885e-01
7.104512e-01	-2.237712e-01
7.104768e-01	-2.197381e-01
7.105024e-01	-2.157499e-01
7.105280e-01	-2.117324e-01
7.105536e-01	-2.076293e-01
7.105792e-01	-2.034753e-01
7.106048e-01	-1.994429e-01
7.106304e-01	-1.952789e-01
7.106560e-01	-1.910353e-01
7.106816e-01	-1.866652e-01
7.107072e-01	-1.825289e-01
7.107328e-01	-1.780535e-01
7.107584e-01	-1.736638e-01
7.107840e-01	-1.693084e-01
7.108096e-01	-1.649142e-01
7.108352e-01	-1.605035e-01
7.108608e-01	-1.559019e-01
7.108864e-01	-1.514906e-01
7.109120e-01	-1.469197e-01
7.109376e-01	-1.423748e-01
7.109632e-01	-1.379646e-01
7.109888e-01	-1.331669e-01
7.110144e-01	-1.284780e-01
7.110400e-01	-1.238673e-01
7.110656e-01	-1.191604e-01
7.110912e-01	-1.146739e-01
7.111168e-01	-1.098186e-01
7.111424e-01	-1.050829e-01
7.111680e-01	-1.003627e-01
7.111936e-01	-9.558923e-02
7.112192e-01	-9.088437e-02
7.112448e-01	-8.603570e-02
7.112704e-01	-8.139963e-02
7.112960e-01	-7.645255e-02
7.113216e-01	-7.176805e-02
7.113472e-01	-6.692454e-02
7.113728e-01	-6.209777e-02
7.113984e-01	-5.733452e-02
7.114240e-01	-5.249621e-02
7.114496e-01	-4.770430e-02
7.114752e-01	-4.290083e-02
7.115008e-01	-3.809540e-02
7.115264e-01	-3.322575e-02
7.115520e-01	-2.846681e-02
7.115776e-01	-2.367844e-02
7.116032e-01	-1.885238e-02
7.116288e-01	-1.419439e-02
7.116544e-01	-9.315971e-03
7.116800e-01	-4.516062e-03
7.117056e-01	2.139102e-04
7.117312e-01	4.976221e-03
7.117568e-01	9.731969e-03
7.117824e-01	1.433767e-02
7.118080e-01	1.905726e-02
7.118336e-01	2.374221e-02
7.118592e-01	2.834439e-02
7.118848e-01	3.304320e-02
7.119104e-01	3.765752e-02
7.119360e-01	4.225024e-02
7.119616e-01	4.679447e-02
7.119872e-01	5.134986e-02
7.120128e-01	5.585593e-02
7.120384e-01	6.028146e-02
7.120640e-01	6.480376e-02
7.120896e-01	6.929738e-02
7.121152e-01	7.368559e-02
7.121408e-01	7.790320e-02
7.121664e-01	8.237389e-02
7.121920e-01	8.666915e-02
7.122176e-01	9.093755e-02
7.122432e-01	9.521461e-02
7.122688e-01	9.934994e-02
7.122944e-01	1.033866e-01
7.123200e-01	1.075989e-01
7.123456e-01	1.116632e-01
7.123712e-01	1.155721e-01
7.123968e-01	1.196654e-01
7.124224e-01	1.236109e-01
7.124480e-01	1.274985e-01
7.124736e-01	1.313996e-01
7.124992e-01	1.351447e-01
7.125248e-01	1.389179e-01
7.125504e-01	1.425896e-01
7.125760e-01	1.462852e-01
7.126016e-01	1.499144e-01
7.126272e-01	1.534700e-01
7.126528e-01	1.570002e-01
7.126784e-01	1.603547e-01
7.127040e-01	1.637213e-01
7.127296e-01	1.671953e-01
7.127552e-01	1.704513e-01
7.127808e-01	1.736625e-01
7.128064e-01	1.768423e-01
7.128320e-01	1.799817e-01
7.128576e-01	1.830090e-01
7.128832e-01	1.859494e-01
7.129088e-01	1.888517e-01
7.129344e-01	1.918477e-01
7.129600e-01	1.945878e-01
7.129856e-01	1.973195e-01
7.130112e-01	1.999356e-01
7.130368e-01	2.025360e-01
7.130624e-01	2.050644e-01
7.130880e-01	2.076214e-01
7.131136e-01	2.101336e-01
7.131392e-01	2.122920e-01
7.131648e-01	2.146216e-01
7.131904e-01	2.169014e-01
7.132160e-01	2.188899e-01
7.132416e-01	2.210240e-01
7.132672e-01	2.229467e-01
7.132928e-01	2.249651e-01
7.133184e-01	2.269464e-01
7.133440e-01	2.285482e-01
7.133696e-01	2.302889e-01
7.133952e-01	2.319988e-01
7.134208e-01	2.334898e-01
7.134464e-01	2.350420e-01
7.134720e-01	2.364234e-01
7.134976e-01	2.378273e-01
7.135232e-01	2.391026e-01
7.135488e-01	2.403324e-01
7.135744e-01	2.413740e-01
7.136000e-01	2.425253e-01
7.136256e-01	2.434087e-01
7.136512e-01	2.443147e-01
7.136768e-01	2.451954e-01
7.137024e-01	2.457620e-01
7.137280e-01	2.464850e-01
7.137536e-01	2.471072e-01
7.137792e-01	2.476086e-01
7.138048e-01	2.480894e-01
7.138304e-01	2.483894e-01
7.138560e-01	2.486420e-01
7.138816e-01	2.487526e-01
7.139072e-01	2.490882e-01
7.139328e-01	2.489340e-01
7.139584e-01	2.488774e-01
7.139840e-01	2.489803e-01
7.140096e-01	2.486887e-01
7.140352e-01	2.484974e-01
7.140608e-01	2.481251e-01
7.140864e-01	2.476086e-01
7.141120e-01	2.472967e-01
7.141376e-01	2.466245e-01
7.141632e-01	2.459774e-01
7.141888e-01	2.452565e-01
7.142144e-01	2.444574e-01
7.142400e-01	2.435893e-01
7.142656e-01	2.426403e-01
7.142912e-01	2.416648e-01
7.143168e-01	2.405117e-01
7.143424e-01	2.391956e-01
7.143680e-01	2.381033e-01
7.143936e-01	2.367424e-01
7.144192e-01	2.353711e-01
7.144448e-01	2.338861e-01
7.144704e-01	2.324037e-01
7.144960e-01	2.306660e-01
7.145216e-01	2.290287e-01
7.145472e-01	2.273543e-01
7.145728e-01	2.252097e-01
7.145984e-01	2.233592e-01
7.146240e-01	2.214643e-01
7.146496e-01	2.193814e-01
7.146752e-01	2.173184e-01
7.147008e-01	2.149642e-01
7.147264e-01	2.128189e-01
7.147520e-01	2.104735e-01
7.147776e-01	2.081278e-01
7.148032e-01	2.056493e-01
7.148288e-01	2.029765e-01
7.148544e-01	2.004364e-01
7.148800e-01	1.978643e-01
7.149056e-01	1.950085e-01
7.149312e-01	1.924067e-01
7.149568e-01	1.895101e-01
7.149824e-01	1.864528e-01
7.150080e-01	1.835119e-01
7.150336e-01	1.805039e-01
7.150592e-01	1.774682e-01
7.150848e-01	1.742346e-01
7.151104e-01	1.710702e-01
7.151360e-01	1.676962e-01
7.151616e-01	1.644066e-01
7.151872e-01	1.610499e-01
7.152128e-01	1.575828e-01
7.152384e-01	1.542627e-01
7.152640e-01	1.506079e-01
7.152896e-01	1.470107e-01
7.153152e-01	1.433621e-01
7.153408e-01	1.396969e-01
7.153664e-01	1.359235e-01
7.153920e-01	1.320968e-01
7.154176e-01	1.283352e-01
7.154432e-01	1.243268e-01
7.154688e-01	1.204997e-01
7.154944e-01	1.166481e-01
7.155200e-01	1.124151e-01
7.155456e-01	1.085064e-01
7.155712e-01	1.043567e-01
7.155968e-01	1.002017e-01
7.156224e-01	9.603635e-02
7.156480e-01	9.187061e-02
7.156736e-01	8.747675e-02
7.156992e-01	8.313341e-02
7.157248e-01	7.899446e-02
7.157504e-01	7.453529e-02
7.157760e-01	7.017841e-02
7.158016e-01	6.571749e-02
7.158272e-01	6.117067e-02
7.158528e-01	5.687546e-02
7.158784e-01	5.227429e-02
7.159040e-01	4.776472e-02
7.159296e-01	4.321463e-02
7.159552e-01	3.865266e-02
7.159808e-01	3.402583e-02
7.160064e-01	2.947801e-02
7.160320e-01	2.480945e-02
7.160576e-01	2.011241e-02
7.160832e-01	1.540361e-02
7.161088e-01	1.069707e-02
7.161344e-01	6.114989e-03
7.161600e-01	1.276163e-03
7.161856e-01	-3.545499e-03
7.162112e-01	-8.342978e-03
7.162368e-01	-1.308306e-02
7.162624e-01	-1.763366e-02
7.162880e-01	-2.258871e-02
7.163136e-01	-2.741215e-02
7.163392e-01	-3.217378e-02
7.163648e-01	-3.704233e-02
7.163904e-01	-4.188391e-02
7.164160e-01	-4.661850e-02
7.164416e-01	-5.137479e-02
7.164672e-01	-5.630742e-02
7.164928e-01	-6.112496e-02
7.165184e-01	-6.570398e-02
7.165440e-01	-7.069945e-02
7.165696e-01	-7.546898e-02
7.165952e-01	-8.020306e-02
7.166208e-01	-8.501411e-02
7.166464e-01	-8.974875e-02
7.166720e-01	-9.461110e-02
7.166976e-01	-9.930104e-02
7.167232e-01	-1.039894e-01
7.167488e-01	-1.088203e-01
7.167744e-01	-1.133314e-01
7.168000e-01	-1.182242e-01
7.168256e-01	-1.228687e-01
7.168512e-01	-1.274486e-01
7.168768e-01	-1.322265e-01
7.169024e-01	-1.366424e-01
7.169280e-01	-1.413024e-01
7.169536e-01	-1.459053e-01
7.169792e-01	-1.504224e-01
7.170048e-01	-1.550870e-01
7.170304e-01	-1.594803e-01
7.170560e-01	-1.639615e-01
7.170816e-01	-1.682697e-01
7.171072e-01	-1.727277e-01
7.171328e-01	-1.771683e-01
7.171584e-01	-1.813492e-01
7.171840e-01	-1.857615e-01
7.172096e-01	-1.900229e-01
7.172352e-01	-1.941908e-01
7.172608e-01	-1.983560e-01
7.172864e-01	-2.025225e-01
7.173120e-01	-2.067562e-01
7.173376e-01	-2.106175e-01
7.173632e-01	-2.147768e-01
7.173888e-01	-2.187404e-01
7.174144e-01	-2.226539e-01
7.174400e-01	-2.266348e-01
7.174656e-01	-2.303733e-01
7.174912e-01	-2.342985e-01
7.175168e-01	-2.381211e-01
7.175424e-01	-2.417202e-01
7.175680e-01	-2.453723e-01
7.175936e-01	-2.490998e-01
7.176192e-01	-2.526323e-01
7.176448e-01	-2.560336e-01
7.176704e-01	-2.595126e-01
7.176960e-01	-2.628394e-01
7.177216e-01	-2.662874e-01
7.177472e-01	-2.694265e-01
7.177728e-01	-2.726769e-01
7.177984e-01	-2.759089e-01
7.178240e-01	-2.789818e-01
7.178496e-01	-2.821282e-01
7.178752e-01	-2.851000e-01
7.179008e-01	-2.880496e-01
7.179264e-01	-2.909262e-01
7.179520e-01	-2.936404e-01
7.179776e-01	-2.964843e-01
7.180032e-01	-2.990697e-01
7.180288e-01	-3.017250e-01
7.180544e-01	-3.042551e-01
7.180800e-01	-3.066893e-01
7.181056e-01	-3.091513e-01
7.181312e-01	-3.115677e-01
7.181568e-01	-3.138021e-01
7.181824e-01	-3.159224e-01
7.182080e-01	-3.181111e-01
7.182336e-01	-3.202090e-01
7.182592e-01	-3.222227e-01
7.182848e-01	-3.241821e-01
7.183104e-01	-3.260407e-01
7.183360e-01	-3.277951e-01
7.183616e-01	-3.294851e-01
7.183872e-01	-3.312782e-01
7.184128e-01	-3.327138e-01
7.184384e-01	-3.342229e-01
7.184640e-01	-3.357314e-01
7.184896e-01	-3.370280e-01
7.185152e-01	-3.383422e-01
7.185408e-01	-3.395447e-01
7.185664e-01	-3.407220e-01
7.185920e-01	-3.417659e-01
7.186176e-01	-3.426829e-01
7.186432e-01	-3.435001e-01
7.186688e-01	-3.443331e-01
7.186944e-01	-3.452949e-01
7.187200e-01	-3.457572e-01
7.187456e-01	-3.463381e-01
7.187712e-01	-3.468820e-01
7.187968e-01	-3.473300e-01
7.188224e-01	-3.477209e-01
7.188480e-01	-3.479574e-01
7.188736e-01	-3.481920e-01
7.188992e-01	-3.483126e-01
7.189248e-01	-3.483483e-01
7.189504e-01	-3.483890e-01
7.189760e-01	-3.483512e-01
7.190016e-01	-3.481305e-01
7.190272e-01	-3.477933e-01
7.190528e-01	-3.475233e-01
7.190784e-01	-3.471659e-01
7.191040e-01	-3.466169e-01
7.191296e-01	-3.460512e-01
7.191552e-01	-3.453786e-01
7.191808e-01	-3.446282e-01
7.192064e-01	-3.439218e-01
7.192320e-01	-3.430119e-01
7.192576e-01	-3.420037e-01
7.192832e-01	-3.410131e-01
7.193088e-01	-3.400656e-01
7.193344e-01	-3.388114e-01
7.193600e-01	-3.375593e-01
7.193856e-01	-3.361662e-01
7.194112e-01	-3.347216e-01
7.194368e-01	-3.332475e-01
7.194624e-01	-3.316943e-01
7.194880e-01	-3.300423e-01
7.195136e-01	-3.284455e-01
7.195392e-01	-3.266205e-01
7.195648e-01	-3.248360e-01
7.195904e-01	-3.229562e-01
7.196160e-01	-3.207997e-01
7.196416e-01	-3.187858e-01
7.196672e-01	-3.166991e-01
7.196928e-01	-3.145683e-01
7.197184e-01	-3.123169e-01
7.197440e-01	-3.099412e-01
7.197696e-01	-3.075774e-01
7.197952e-01	-3.051316e-01
7.198208e-01	-3.026533e-01
7.198464e-01	-2.999894e-01
7.198720e-01	-2.973773e-01
7.198976e-01	-2.945746e-01
7.199232e-01	-2.917962e-01
7.199488e-01	-2.890409e-01
7.199744e-01	-2.860239e-01
7.200000e-01	-2.829887e-01
7.200256e-01	-2.802139e-01
7.200512e-01	-2.769042e-01
7.200768e-01	-2.737404e-01
7.201024e-01	-2.706629e-01
7.201280e-01	-2.672889e-01
7.201536e-01	-2.640245e-01
7.201792e-01	-2.606232e-01
7.202048e-01	-2.571866e-01
7.202304e-01	-2.536581e-01
7.202560e-01	-2.502150e-01
7.202816e-01	-2.466721e-01
7.203072e-01	-2.429454e-01
7.203328e-01	-2.392989e-01
7.203584e-01	-2.354105e-01
7.203840e-01	-2.317800e-01
7.204096e-01	-2.277474e-01
7.204352e-01	-2.238918e-01
7.204608e-01	-2.200973e-01
7.204864e-01	-2.160600e-01
7.205120e-01	-2.121878e-01
7.205376e-01	-2.080481e-01
7.205632e-01	-2.039013e-01
7.205888e-01	-1.997508e-01
7.206144e-01	-1.956288e-01
7.206400e-01	-1.913969e-01
7.206656e-01	-1.871605e-01
7.206912e-01	-1.828751e-01
7.207168e-01	-1.784092e-01
7.207424e-01	-1.741191e-01
7.207680e-01	-1.698135e-01
7.207936e-01	-1.654094e-01
7.208192e-01	-1.608213e-01
7.208448e-01	-1.565531e-01
7.208704e-01	-1.518910e-01
7.208960e-01	-1.473050e-01
7.209216e-01	-1.427888e-01
7.209472e-01	-1.382519e-01
7.209728e-01	-1.336639e-01
7.209984e-01	-1.289429e-01
7.210240e-01	-1.243207e-01
7.210496e-01	-1.196461e-01
7.210752e-01	-1.150919e-01
7.211008e-01	-1.102627e-01
7.211264e-01	-1.056160e-01
7.211520e-01	-1.008919e-01
7.211776e-01	-9.599248e-02
7.212032e-01	-9.141286e-02
7.212288e-01	-8.651805e-02
7.212544e-01	-8.176425e-02
7.212800e-01	-7.688234e-02
7.213056e-01	-7.216145e-02
7.213312e-01	-6.742162e-02
7.213568e-01	-6.247710e-02
7.213824e-01	-5.778829e-02
7.214080e-01	-5.299785e-02
7.214336e-01	-4.812551e-02
7.214592e-01	-4.332456e-02
7.214848e-01	-3.841515e-02
7.215104e-01	-3.379012e-02
7.215360e-01	-2.890005e-02
7.215616e-01	-2.410291e-02
7.215872e-01	-1.932861e-02
7.216128e-01	-1.456055e-02
7.216384e-01	-9.756412e-03
7.216640e-01	-4.945823e-03
7.216896e-01	-2.703339e-04
7.217152e-01	4.635147e-03
7.217408e-01	9.320498e-03
7.217664e-01	1.391435e-02
7.217920e-01	1.869688e-02
7.218176e-01	2.332904e-02
7.218432e-01	2.804813e-02
7.218688e-01	3.260071e-02
7.218944e-01	3.710892e-02
7.219200e-01	4.179994e-02
7.219456e-01	4.638853e-02
7.219712e-01	5.092525e-02
7.219968e-01	5.548489e-02
7.220224e-01	5.994974e-02
7.220480e-01	6.441651e-02
7.220736e-01	6.882847e-02
7.220992e-01	7.327288e-02
7.221248e-01	7.756111e-02
7.221504e-01	8.194814e-02
7.221760e-01	8.616098e-02
7.222016e-01	9.043921e-02
7.222272e-01	9.481183e-02
7.222528e-01	9.887645e-02
7.222784e-01	1.030624e-01
7.223040e-01	1.072543e-01
7.223296e-01	1.111690e-01
7.223552e-01	1.153782e-01
7.223808e-01	1.193494e-01
7.224064e-01	1.231944e-01
7.224320e-01	1.271579e-01
7.224576e-01	1.309303e-01
7.224832e-01	1.347861e-01
7.225088e-01	1.385745e-01
7.225344e-01	1.423202e-01
7.225600e-01	1.460038e-01
7.225856e-01	1.494045e-01
7.226112e-01	1.531536e-01
7.226368e-01	1.566510e-01
7.226624e-01	1.600665e-01
7.226880e-01	1.635189e-01
7.227136e-01	1.668486e-01
7.227392e-01	1.701290e-01
7.227648e-01	1.733689e-01
7.227904e-01	1.765316e-01
7.228160e-01	1.796456e-01
7.228416e-01	1.826514e-01
7.228672e-01	1.857680e-01
7.228928e-01	1.886348e-01
7.229184e-01	1.913595e-01
7.229440e-01	1.942662e-01
7.229696e-01	1.969184e-01
7.229952e-01	1.995653e-01
7.230208e-01	2.023029e-01
7.230464e-01	2.048021e-01
7.230720e-01	2.073808e-01
7.230976e-01	2.097719e-01
7.231232e-01	2.121347e-01
7.231488e-01	2.143417e-01
7.231744e-01	2.166347e-01
7.232000e-01	2.188540e-01
7.232256e-01	2.209103e-01
7.232512e-01	2.227996e-01
7.232768e-01	2.248844e-01
7.233024e-01	2.267301e-01
7.233280e-01	2.283494e-01
7.233536e-01	2.302419e-01
7.233792e-01	2.317030e-01
7.234048e-01	2.332725e-01
7.234304e-01	2.350263e-01
7.234560e-01	2.363286e-01
7.234816e-01	2.377083e-01
7.235072e-01	2.389556e-01
7.235328e-01	2.401501e-01
7.235584e-01	2.412162e-01
7.235840e-01	2.421930e-01
7.236096e-01	2.432278e-01
7.236352e-01	2.442510e-01
7.236608e-01	2.450388e-01
7.236864e-01	2.457704e-01
7.237120e-01	2.463622e-01
7.237376e-01	2.471167e-01
7.237632e-01	2.475584e-01
7.237888e-01	2.479734e-01
7.238144e-01	2.484058e-01
7.238400e-01	2.486367e-01
7.238656e-01	2.488228e-01
7.238912e-01	2.489508e-01
7.239168e-01	2.490020e-01
7.239424e-01	2.489467e-01
7.239680e-01	2.488591e-01
7.239936e-01	2.486122e-01
7.240192e-01	2.484006e-01
7.240448e-01	2.481699e-01
7.240704e-01	2.477880e-01
7.240960e-01	2.472946e-01
7.241216e-01	2.467520e-01
7.241472e-01	2.460802e-01
7.241728e-01	2.452681e-01
7.241984e-01	2.446149e-01
7.242240e-01	2.436235e-01
7.242496e-01	2.427137e-01
7.242752e-01	2.416206e-01
7.243008e-01	2.405218e-01
7.243264e-01	2.393469e-01
7.243520e-01	2.380844e-01
7.243776e-01	2.368743e-01
7.244032e-01	2.353744e-01
7.244288e-01	2.338751e-01
7.244544e-01	2.323880e-01
7.244800e-01	2.308550e-01
7.245056e-01	2.291020e-01
7.245312e-01	2.271913e-01
7.245568e-01	2.256018e-01
7.245824e-01	2.235348e-01
7.246080e-01	2.215442e-01
7.246336e-01	2.195428e-01
7.246592e-01	2.173833e-01
7.246848e-01	2.153388e-01
7.247104e-01	2.130320e-01
7.247360e-01	2.105858e-01
7.247616e-01	2.082305e-01
7.247872e-01	2.059135e-01
7.248128e-01	2.033580e-01
7.248384e-01	2.006877e-01
7.248640e-01	1.980425e-01
7.248896e-01	1.953004e-01
7.249152e-01	1.926488e-01
7.249408e-01	1.895421e-01
7.249664e-01	1.867128e-01
7.249920e-01	1.839122e-01
7.250176e-01	1.808280e-01
7.250432e-01	1.777635e-01
7.250688e-01	1.745889e-01
7.250944e-01	1.713525e-01
7.251200e-01	1.681213e-01
7.251456e-01	1.647236e-01
7.251712e-01	1.613823e-01
7.251968e-01	1.580052e-01
7.252224e-01	1.544555e-01
7.252480e-01	1.508443e-01
7.252736e-01	1.473017e-01
7.252992e-01	1.436568e-01
7.253248e-01	1.400916e-01
7.253504e-01	1.362525e-01
7.253760e-01	1.324882e-01
7.254016e-01	1.286652e-01
7.254272e-01	1.247468e-01
7.254528e-01	1.208378e-01
7.254784e-01	1.168221e-01
7.255040e-01	1.128669e-01
7.255296e-01	1.087320e-01
7.255552e-01	1.047225e-01
7.255808e-01	1.005882e-01
7.256064e-01	9.619975e-02
7.256320e-01	9.223302e-02
7.256576e-01	8.795006e-02
7.256832e-01	8.348382e-02
7.257088e-01	7.929985e-02
7.257344e-01	7.504552e-02
7.257600e-01	7.059829e-02
7.257856e-01	6.612055e-02
7.258112e-01	6.166564e-02
7.258368e-01	5.725604e-02
7.258624e-01	5.272618e-02
7.258880e-01	4.820076e-02
7.259136e-01	4.357380e-02
7.259392e-01	3.903463e-02
7.259648e-01	3.438915e-02
7.259904e-01	2.982973e-02
7.260160e-01	2.517175e-02
7.260416e-01	2.046445e-02
7.260672e-01	1.579599e-02
7.260928e-01	1.111089e-02
7.261184e-01	6.414892e-03
7.261440e-01	1.641832e-03
7.261696e-01	-3.145306e-03
7.261952e-01	-7.845936e-03
7.262208e-01	-1.264362e-02
7.262464e-01	-1.740330e-02
7.262720e-01	-2.210080e-02
7.262976e-01	-2.696104e-02
7.263232e-01	-3.170026e-02
7.263488e-01	-3.645257e-02
7.263744e-01	-4.138215e-02
7.264000e-01	-4.615872e-02
7.264256e-01	-5.096733e-02
7.264512e-01	-5.579171e-02
7.264768e-01	-6.064282e-02
7.265024e-01	-6.543148e-02
7.265280e-01	-7.019201e-02
7.265536e-01	-7.499459e-02
7.265792e-01	-7.985030e-02
7.266048e-01	-8.457812e-02
7.266304e-01	-8.937924e-02
7.266560e-01	-9.415007e-02
7.266816e-01	-9.889307e-02
7.267072e-01	-1.035611e-01
7.267328e-01	-1.083628e-01
7.267584e-01	-1.130194e-01
7.267840e-01	-1.177017e-01
7.268096e-01	-1.223174e-01
7.268352e-01	-1.270710e-01
7.268608e-01	-1.317452e-01
7.268864e-01	-1.362423e-01
7.269120e-01	-1.409306e-01
7.269376e-01	-1.454256e-01
7.269632e-01	-1.499592e-01
7.269888e-01	-1.544670e-01
7.270144e-01	-1.590773e-01
7.270400e-01	-1.635247e-01
7.270656e-01	-1.677760e-01
7.270912e-01	-1.723514e-01
7.271168e-01	-1.766695e-01
7.271424e-01	-1.810312e-01
7.271680e-01	-1.853792e-01
7.271936e-01	-1.896313e-01
7.272192e-01	-1.938938e-01
7.272448e-01	-1.980429e-01
7.272704e-01	-2.020925e-01
7.272960e-01	-2.063575e-01
7.273216e-01	-2.103604e-01
7.273472e-01	-2.143382e-01
7.273728e-01	-2.183434e-01
7.273984e-01	-2.223387e-01
7.274240e-01	-2.262804e-01
7.274496e-01	-2.301019e-01
7.274752e-01	-2.339460e-01
7.275008e-01	-2.376704e-01
7.275264e-01	-2.412480e-01
7.275520e-01	-2.450356e-01
7.275776e-01	-2.487002e-01
7.276032e-01	-2.523133e-01
7.276288e-01	-2.557229e-01
7.276544e-01	-2.591368e-01
7.276800e-01	-2.625762e-01
7.277056e-01	-2.658146e-01
7.277312e-01	-2.691719e-01
7.277568e-01	-2.724737e-01
7.277824e-01	-2.755574e-01
7.278080e-01	-2.786239e-01
7.278336e-01	-2.818377e-01
7.278592e-01	-2.846704e-01
7.278848e-01	-2.875670e-01
7.279104e-01	-2.906958e-01
7.279360e-01	-2.933496e-01
7.279616e-01	-2.962469e-01
7.279872e-01	-2.987731e-01
7.280128e-01	-3.013786e-01
7.280384e-01	-3.039808e-01
7.280640e-01	-3.065764e-01
7.280896e-01	-3.089764e-01
7.281152e-01	-3.111455e-01
7.281408e-01	-3.136097e-01
7.281664e-01	-3.158135e-01
7.281920e-01	-3.179096e-01
7.282176e-01	-3.201330e-01
7.282432e-01	-3.220062e-01
7.282688e-01	-3.239105e-01
7.282944e-01	-3.257313e-01
7.283200e-01	-3.276329e-01
7.283456e-01	-3.293477e-01
7.283712e-01	-3.310223e-01
7.283968e-01	-3.326754e-01
7.284224e-01	-3.341186e-01
7.284480e-01	-3.355262e-01
7.284736e-01	-3.369850e-01
7.284992e-01	-3.382392e-01
7.285248e-01	-3.393358e-01
7.285504e-01	-3.405080e-01
7.285760e-01	-3.416195e-01
7.286016e-01	-3.424924e-01
7.286272e-01	-3.434007e-01
7.286528e-01	-3.443142e-01
7.286784e-01	-3.451072e-01
7.287040e-01	-3.456733e-01
7.287296e-01	-3.463988e-01
7.287552e-01	-3.468885e-01
7.287808e-01	-3.472929e-01
7.288064e-01	-3.476693e-01
7.288320e-01	-3.480189e-01
7.288576e-01	-3.482180e-01
7.288832e-01	-3.483148e-01
7.289088e-01	-3.483958e-01
7.289344e-01	-3.483051e-01
7.289600e-01	-3.482687e-01
7.289856e-01	-3.480988e-01
7.290112e-01	-3.477832e-01
7.290368e-01	-3.475283e-01
7.290624e-01	-3.471680e-01
7.290880e-01	-3.467121e-01
7.291136e-01	-3.460594e-01
7.291392e-01	-3.455357e-01
7.291648e-01	-3.446685e-01
7.291904e-01	-3.439576e-01
7.292160e-01	-3.431054e-01
7.292416e-01	-3.421102e-01
7.292672e-01	-3.411495e-01
7.292928e-01	-3.399963e-01
7.293184e-01	-3.389046e-01
7.293440e-01	-3.375699e-01
7.293696e-01	-3.363096e-01
7.293952e-01	-3.349433e-01
7.294208e-01	-3.334791e-01
7.294464e-01	-3.318885e-01
7.294720e-01	-3.300467e-01
7.294976e-01	-3.286122e-01
7.295232e-01	-3.267813e-01
7.295488e-01	-3.250011e-01
7.295744e-01	-3.231325e-01
7.296000e-01	-3.209986e-01
7.296256e-01	-3.190299e-01
7.296512e-01	-3.169428e-01
7.296768e-01	-3.148281e-01
7.297024e-01	-3.125014e-01
7.297280e-01	-3.101807e-01
7.297536e-01	-3.077801e-01
7.297792e-01	-3.053584e-01
7.298048e-01	-3.029290e-01
7.298304e-01	-3.002286e-01
7.298560e-01	-2.975630e-01
7.298816e-01	-2.949885e-01
7.299072e-01	-2.922488e-01
7.299328e-01	-2.891890e-01
7.299584e-01	-2.863421e-01
7.299840e-01	-2.834051e-01
7.300096e-01	-2.803906e-01
7.300352e-01	-2.772923e-01
7.300608e-01	-2.740941e-01
7.300864e-01	-2.708369e-01
7.301120e-01	-2.676596e-01
7.301376e-01	-2.643978e-01
7.301632e-01	-2.610438e-01
7.301888e-01	-2.575252e-01
7.302144e-01	-2.541016e-01
7.302400e-01	-2.506174e-01
7.302656e-01	-2.469212e-01
7.302912e-01	-2.432684e-01
7.303168e-01	-2.395849e-01
7.303424e-01	-2.358867e-01
7.303680e-01	-2.320934e-01
7.303936e-01	-2.282366e-01
7.304192e-01	-2.243395e-01
7.304448e-01	-2.204330e-01
7.304704e-01	-2.165222e-01
7.304960e-01	-2.123512e-01
7.305216e-01	-2.085260e-01
7.305472e-01	-2.042793e-01
7.305728e-01	-2.001855e-01
7.305984e-01	-1.960436e-01
7.306240e-01	-1.916597e-01
7.306496e-01	-1.876265e-01
7.306752e-01	-1.832164e-01
7.307008e-01	-1.790530e-01
7.307264e-01	-1.745510e-01
7.307520e-01	-1.701379e-01
7.307776e-01	-1.657509e-01
7.308032e-01	-1.611685e-01
7.308288e-01	-1.570514e-01
7.308544e-01	-1.522238e-01
7.308800e-01	-1.477552e-01
7.309056e-01	-1.432308e-01
7.309312e-01	-1.385773e-01
7.309568e-01	-1.340473e-01
7.309824e-01	-1.294032e-01
7.310080e-01	-1.248202e-01
7.310336e-01	-1.201247e-01
7.310592e-01	-1.155014e-01
7.310848e-01	-1.107737e-01
7.311104e-01	-1.059512e-01
7.311360e-01	-1.013382e-01
7.311616e-01	-9.654590e-02
7.311872e-01	-9.176082e-02
7.312128e-01	-8.698280e-02
7.312384e-01	-8.219238e-02
7.312640e-01	-7.743502e-02
7.312896e-01	-7.269473e-02
7.313152e-01	-6.786423e-02
7.313408e-01	-6.304824e-02
7.313664e-01	-5.824865e-02
7.313920e-01	-5.336033e-02
7.314176e-01	-4.859433e-02
7.314432e-01	-4.376006e-02
7.314688e-01	-3.892741e-02
7.314944e-01	-3.418813e-02
7.315200e-01	-2.925970e-02
7.315456e-01	-2.456858e-02
7.315712e-01	-1.983357e-02
7.315968e-01	-1.488745e-02
7.316224e-01	-1.025124e-02
7.316480e-01	-5.623159e-03
7.316736e-01	-6.348781e-04
7.316992e-01	4.092799e-03
7.317248e-01	8.780045e-03
7.317504e-01	1.336543e-02
7.317760e-01	1.815799e-02
7.318016e-01	2.289413e-02
7.318272e-01	2.758274e-02
7.318528e-01	3.215134e-02
7.318784e-01	3.670868e-02
7.319040e-01	4.141012e-02
7.319296e-01	4.593433e-02
7.319552e-01	5.052060e-02
7.319808e-01	5.498130e-02
7.320064e-01	5.946975e-02
7.320320e-01	6.410058e-02
7.320576e-01	6.849907e-02
7.320832e-01	7.281538e-02
7.321088e-01	7.714340e-02
7.321344e-01	8.160769e-02
7.321600e-01	8.588804e-02
7.321856e-01	9.003963e-02
7.322112e-01	9.420362e-02
7.322368e-01	9.854484e-02
7.322624e-01	1.026915e-01
7.322880e-01	1.067991e-01
7.323136e-01	1.110047e-01
7.323392e-01	1.149784e-01
7.323648e-01	1.188842e-01
7.323904e-01	1.228900e-01
7.324160e-01	1.268114e-01
7.324416e-01	1.305525e-01
7.324672e-01	1.344363e-01
7.324928e-01	1.382334e-01
7.325184e-01	1.418801e-01
7.325440e-01	1.456678e-01
7.325696e-01	1.491062e-01
7.325952e-01	1.527254e-01
7.326208e-01	1.562094e-01
7.326464e-01	1.597084e-01
7.326720e-01	1.631544e-01
7.326976e-01	1.664816e-01
7.327232e-01	1.697841e-01
7.327488e-01	1.729972e-01
7.327744e-01	1.761798e-01
7.328000e-01	1.792915e-01
7.328256e-01	1.824019e-01
7.328512e-01	1.854420e-01
7.328768e-01	1.882827e-01
7.329024e-01	1.911868e-01
7.329280e-01	1.940172e-01
7.329536e-01	1.966981e-01
7.329792e-01	1.994723e-01
7.330048e-01	2.021352e-01
7.330304e-01	2.046734e-01
7.330560e-01	2.071228e-01
7.330816e-01	2.095346e-01
7.331072e-01	2.119045e-01
7.331328e-01	2.142050e-01
7.331584e-01	2.165034e-01
7.331840e-01	2.186129e-01
7.332096e-01	2.206365e-01
7.332352e-01	2.225630e-01
7.332608e-01	2.246131e-01
7.332864e-01	2.264571e-01
7.333120e-01	2.282073e-01
7.333376e-01	2.300393e-01
7.333632e-01	2.317155e-01
7.333888e-01	2.331079e-01
7.334144e-01	2.347848e-01
7.334400e-01	2.362861e-01
7.334656e-01	2.375326e-01
7.334912e-01	2.387945e-01
7.335168e-01	2.400526e-01
7.335424e-01	2.411732e-01
7.335680e-01	2.422058e-01
7.335936e-01	2.432701e-01
7.336192e-01	2.441609e-01
7.336448e-01	2.448320e-01
7.336704e-01	2.456764e-01
7.336960e-01	2.463303e-01
7.337216e-01	2.469469e-01
7.337472e-01	2.475685e-01
7.337728e-01	2.479414e-01
7.337984e-01	2.483314e-01
7.338240e-01	2.486175e-01
7.338496e-01	2.487346e-01
7.338752e-01	2.489818e-01
7.339008e-01	2.489640e-01
7.339264e-01	2.489880e-01
7.339520e-01	2.487842e-01
7.339776e-01	2.487985e-01
7.340032e-01	2.485442e-01
7.340288e-01	2.482287e-01
7.340544e-01	2.478301e-01
7.340800e-01	2.472364e-01
7.341056e-01	2.468247e-01
7.341312e-01	2.461372e-01
7.341568e-01	2.453472e-01
7.341824e-01	2.446647e-01
7.342080e-01	2.437392e-01
7.342336e-01	2.428588e-01
7.342592e-01	2.417756e-01
7.342848e-01	2.406976e-01
7.343104e-01	2.396147e-01
7.343360e-01	2.382618e-01
7.343616e-01	2.369577e-01
7.343872e-01	2.355444e-01
7.344128e-01	2.340538e-01
7.344384e-01	2.325715e-01
7.344640e-01	2.309195e-01
7.344896e-01	2.292754e-01
7.345152e-01	2.273709e-01
7.345408e-01	2.256692e-01
7.345664e-01	2.237062e-01
7.345920e-01	2.217134e-01
7.346176e-01	2.197914e-01
7.346432e-01	2.177296e-01
7.346688e-01	2.155039e-01
7.346944e-01	2.132812e-01
7.347200e-01	2.108304e-01
7.347456e-01	2.084781e-01
7.347712e-01	2.060872e-01
7.347968e-01	2.034143e-01
7.348224e-01	2.010088e-01
7.348480e-01	1.983996e-01
7.348736e-01	1.956570e-01
7.348992e-01	1.928780e-01
7.349248e-01	1.900067e-01
7.349504e-01	1.871145e-01
7.349760e-01	1.840359e-01
7.350016e-01	1.810399e-01
7.350272e-01	1.779625e-01
7.350528e-01	1.748257e-01
7.350784e-01	1.717220e-01
7.351040e-01	1.684564e-01
7.351296e-01	1.650265e-01
7.351552e-01	1.617123e-01
7.351808e-01	1.582174e-01
7.352064e-01	1.548099e-01
7.352320e-01	1.512255e-01
7.352576e-01	1.477556e-01
7.352832e-01	1.440438e-01
7.353088e-01	1.404112e-01
7.353344e-01	1.366103e-01
7.353600e-01	1.328341e-01
7.353856e-01	1.291343e-01
7.354112e-01	1.251508e-01
7.354368e-01	1.211934e-01
7.354624e-01	1.173840e-01
7.354880e-01	1.132767e-01
7.355136e-01	1.091789e-01
7.355392e-01	1.050562e-01
7.355648e-01	1.009510e-01
7.355904e-01	9.682716e-02
7.356160e-01	9.250453e-02
7.356416e-01	8.833062e-02
7.356672e-01	8.401798e-02
7.356928e-01	7.967033e-02
7.357184e-01	7.540938e-02
7.357440e-01	7.091312e-02
7.357696e-01	6.661779e-02
7.357952e-01	6.220137e-02
7.358208e-01	5.766465e-02
7.358464e-01	5.316982e-02
7.358720e-01	4.860310e-02
7.358976e-01	4.407712e-02
7.359232e-01	3.949889e-02
7.359488e-01	3.481836e-02
7.359744e-01	3.023795e-02
7.360000e-01	2.559794e-02
7.360256e-01	2.101266e-02
7.360512e-01	1.634487e-02
7.360768e-01	1.157884e-02
7.361024e-01	6.760649e-03
7.361280e-01	2.235162e-03
7.361536e-01	-2.611723e-03
7.361792e-01	-7.474196e-03
7.362048e-01	-1.222062e-02
7.362304e-01	-1.695692e-02
7.362560e-01	-2.177638e-02
7.362816e-01	-2.654453e-02
7.363072e-01	-3.133453e-02
7.363328e-01	-3.609192e-02
7.363584e-01	-4.086915e-02
7.363840e-01	-4.572207e-02
7.364096e-01	-5.046802e-02
7.364352e-01	-5.529916e-02
7.364608e-01	-6.017191e-02
7.364864e-01	-6.489828e-02
7.365120e-01	-6.973326e-02
7.365376e-01	-7.454550e-02
7.365632e-01	-7.936035e-02
7.365888e-01	-8.417184e-02
7.366144e-01	-8.893572e-02
7.366400e-01	-9.375636e-02
7.366656e-01	-9.849299e-02
7.366912e-01	-1.031028e-01
7.367168e-01	-1.078873e-01
7.367424e-01	-1.125788e-01
7.367680e-01	-1.172500e-01
7.367936e-01	-1.220123e-01
7.368192e-01	-1.266547e-01
7.368448e-01	-1.312128e-01
7.368704e-01	-1.359182e-01
7.368960e-01	-1.403845e-01
7.369216e-01	-1.450782e-01
7.369472e-01	-1.496980e-01
7.369728e-01	-1.540795e-01
7.369984e-01	-1.585355e-01
7.370240e-01	-1.631463e-01
7.370496e-01	-1.674674e-01
7.370752e-01	-1.718205e-01
7.371008e-01	-1.763628e-01
7.371264e-01	-1.805536e-01
7.371520e-01	-1.849212e-01
7.371776e-01	-1.892017e-01
7.372032e-01	-1.934190e-01
7.372288e-01	-1.976848e-01
7.372544e-01	-2.016666e-01
7.372800e-01	-2.059582e-01
7.373056e-01	-2.099552e-01
7.373312e-01	-2.140036e-01
7.373568e-01	-2.180571e-01
7.373824e-01	-2.219370e-01
7.374080e-01	-2.259163e-01
7.374336e-01	-2.296814e-01
7.374592e-01	-2.334838e-01
7.374848e-01	-2.373700e-01
7.375104e-01	-2.410322e-01
7.375360e-01	-2.446571e-01
7.375616e-01	-2.483200e-01
7.375872e-01	-2.519005e-01
7.376128e-01	-2.553402e-01
7.376384e-01	-2.588599e-01
7.376640e-01	-2.622341e-01
7.376896e-01	-2.656653e-01
7.377152e-01	-2.689111e-01
7.377408e-01	-2.721327e-01
7.377664e-01	-2.753162e-01
7.377920e-01	-2.784958e-01
7.378176e-01	-2.814457e-01
7.378432e-01	-2.845495e-01
7.378688e-01	-2.874653e-01
7.378944e-01	-2.902259e-01
7.379200e-01	-2.932145e-01
7.379456e-01	-2.959804e-01
7.379712e-01	-2.986009e-01
7.379968e-01	-3.012444e-01
7.380224e-01	-3.037871e-01
7.380480e-01	-3.062832e-01
7.380736e-01	-3.087062e-01
7.380992e-01	-3.110741e-01
7.381248e-01	-3.132794e-01
7.381504e-01	-3.156478e-01
7.381760e-01	-3.177924e-01
7.382016e-01	-3.197863e-01
7.382272e-01	-3.218115e-01
7.382528e-01	-3.237781e-01
7.382784e-01	-3.256648e-01
7.383040e-01	-3.274148e-01
7.383296e-01	-3.291641e-01
7.383552e-01	-3.308875e-01
7.383808e-01	-3.324050e-01
7.384064e-01	-3.339356e-01
7.384320e-01	-3.353949e-01
7.384576e-01	-3.366999e-01
7.384832e-01	-3.380403e-01
7.385088e-01	-3.392474e-01
7.385344e-01	-3.403412e-01
7.385600e-01	-3.414938e-01
7.385856e-01	-3.424259e-01
7.386112e-01	-3.433547e-01
7.386368e-01	-3.441851e-01
7.386624e-01	-3.450035e-01
7.386880e-01	-3.455884e-01
7.387136e-01	-3.462427e-01
7.387392e-01	-3.468084e-01
7.387648e-01	-3.471454e-01
7.387904e-01	-3.476406e-01
7.388160e-01	-3.479741e-01
7.388416e-01	-3.481242e-01
7.388672e-01	-3.482867e-01
7.388928e-01	-3.482897e-01
7.389184e-01	-3.483400e-01
7.389440e-01	-3.482768e-01
7.389696e-01	-3.481750e-01
7.389952e-01	-3.478827e-01
7.390208e-01	-3.475661e-01
7.390464e-01	-3.471534e-01
7.390720e-01	-3.466768e-01
7.390976e-01	-3.461512e-01
7.391232e-01	-3.454983e-01
7.391488e-01	-3.446826e-01
7.391744e-01	-3.440186e-01
7.392000e-01	-3.430876e-01
7.392256e-01	-3.422077e-01
7.392512e-01	-3.413142e-01
7.392768e-01	-3.400184e-01
7.393024e-01	-3.389580e-01
7.393280e-01	-3.377599e-01
7.393536e-01	-3.362999e-01
7.393792e-01	-3.350341e-01
7.394048e-01	-3.335905e-01
7.394304e-01	-3.319961e-01
7.394560e-01	-3.303711e-01
7.394816e-01	-3.287070e-01
7.395072e-01	-3.269357e-01
7.395328e-01	-3.251723e-01
7.395584e-01	-3.231997e-01
7.395840e-01	-3.212655e-01
7.396096e-01	-3.193125e-01
7.396352e-01	-3.171390e-01
7.396608e-01	-3.150108e-01
7.396864e-01	-3.126589e-01
7.397120e-01	-3.103493e-01
7.397376e-01	-3.081043e-01
7.397632e-01	-3.054763e-01
7.397888e-01	-3.030566e-01
7.398144e-01	-3.004196e-01
7.398400e-01	-2.978033e-01
7.398656e-01	-2.952198e-01
7.398912e-01	-2.924179e-01
7.399168e-01	-2.894450e-01
7.399424e-01	-2.867064e-01
7.399680e-01	-2.836258e-01
7.399936e-01	-2.806378e-01
7.400192e-01	-2.775435e-01
7.400448e-01	-2.742928e-01
7.400704e-01	-2.712484e-01
7.400960e-01	-2.679353e-01
7.401216e-01	-2.646810e-01
7.401472e-01	-2.612977e-01
7.401728e-01	-2.577461e-01
7.401984e-01	-2.544727e-01
7.402240e-01	-2.508005e-01
7.402496e-01	-2.472471e-01
7.402752e-01	-2.435509e-01
7.403008e-01	-2.399036e-01
7.403264e-01	-2.363553e-01
7.403520e-01	-2.323770e-01
7.403776e-01	-2.284982e-01
7.404032e-01	-2.247666e-01
7.404288e-01	-2.208760e-01
7.404544e-01	-2.167842e-01
7.404800e-01	-2.127097e-01
7.405056e-01	-2.087837e-01
7.405312e-01	-2.046473e-01
7.405568e-01	-2.005212e-01
7.405824e-01	-1.963418e-01
7.406080e-01	-1.921957e-01
7.406336e-01	-1.879357e-01
7.406592e-01	-1.836041e-01
7.406848e-01	-1.792874e-01
7.407104e-01	-1.750341e-01
7.407360e-01	-1.706674e-01
7.407616e-01	-1.661167e-01
7.407872e-01	-1.616913e-01
7.408128e-01	-1.571710e-01
7.408384e-01	-1.526887e-01
7.408640e-01	-1.482732e-01
7.408896e-01	-1.435272e-01
7.409152e-01	-1.391141e-01
7.409408e-01	-1.345141e-01
7.409664e-01	-1.298023e-01
7.409920e-01	-1.251811e-01
7.410176e-01	-1.205005e-01
7.410432e-01	-1.158773e-01
7.410688e-01	-1.112280e-01
7.410944e-01	-1.063530e-01
7.411200e-01	-1.016265e-01
7.411456e-01	-9.693202e-02
7.411712e-01	-9.220411e-02
7.411968e-01	-8.741601e-02
7.412224e-01	-8.263646e-02
7.412480e-01	-7.790108e-02
7.412736e-01	-7.306045e-02
7.412992e-01	-6.816960e-02
7.413248e-01	-6.347840e-02
7.413504e-01	-5.862021e-02
7.413760e-01	-5.377806e-02
7.414016e-01	-4.904154e-02
7.414272e-01	-4.417517e-02
7.414528e-01	-3.934148e-02
7.414784e-01	-3.463946e-02
7.415040e-01	-2.979322e-02
7.415296e-01	-2.505268e-02
7.415552e-01	-2.023893e-02
7.415808e-01	-1.545843e-02
7.416064e-01	-1.063470e-02
7.416320e-01	-5.864432e-03
7.416576e-01	-1.028019e-03
7.416832e-01	3.665910e-03
7.417088e-01	8.348476e-03
7.417344e-01	1.317503e-02
7.417600e-01	1.784305e-02
7.417856e-01	2.243421e-02
7.418112e-01	2.722131e-02
7.418368e-01	3.175011e-02
7.418624e-01	3.630901e-02
7.418880e-01	4.108888e-02
7.419136e-01	4.553652e-02
7.419392e-01	4.999807e-02
7.419648e-01	5.476168e-02
7.419904e-01	5.910407e-02
7.420160e-01	6.359644e-02
7.420416e-01	6.812632e-02
7.420672e-01	7.252724e-02
7.420928e-01	7.681823e-02
7.421184e-01	8.113348e-02
7.421440e-01	8.543848e-02
7.421696e-01	8.973859e-02
7.421952e-01	9.397016e-02
7.422208e-01	9.816860e-02
7.422464e-01	1.023185e-01
7.422720e-01	1.065244e-01
7.422976e-01	1.105272e-01
7.423232e-01	1.145774e-01
7.423488e-01	1.185891e-01
7.423744e-01	1.225118e-01
7.424000e-01	1.263249e-01
7.424256e-01	1.302599e-01
7.424512e-01	1.341505e-01
7.424768e-01	1.378713e-01
7.425024e-01	1.415818e-01
7.425280e-01	1.453016e-01
7.425536e-01	1.488954e-01
7.425792e-01	1.524277e-01
7.426048e-01	1.559470e-01
7.426304e-01	1.593714e-01
7.426560e-01	1.627551e-01
7.426816e-01	1.662068e-01
7.427072e-01	1.693795e-01
7.427328e-01	1.727440e-01
7.427584e-01	1.758191e-01
7.427840e-01	1.789805e-01
7.428096e-01	1.821221e-01
7.428352e-01	1.850771e-01
7.428608e-01	1.879726e-01
7.428864e-01	1.909351e-01
7.429120e-01	1.938172e-01
7.429376e-01	1.964474e-01
7.429632e-01	1.992015e-01
7.429888e-01	2.017477e-01
7.430144e-01	2.045220e-01
7.430400e-01	2.069372e-01
7.430656e-01	2.092718e-01
7.430912e-01	2.118747e-01
7.431168e-01	2.139439e-01
7.431424e-01	2.161899e-01
7.431680e-01	2.183060e-01
7.431936e-01	2.204892e-01
7.432192e-01	2.225145e-01
7.432448e-01	2.243886e-01
7.432704e-01	2.262255e-01
7.432960e-01	2.281599e-01
7.433216e-01	2.298838e-01
7.433472e-01	2.314275e-01
7.433728e-01	2.329897e-01
7.433984e-01	2.346076e-01
7.434240e-01	2.360929e-01
7.434496e-01	2.373657e-01
7.434752e-01	2.387619e-01
7.435008e-01	2.399133e-01
7.435264e-01	2.411157e-01
7.435520e-01	2.421637e-01
7.435776e-01	2.430695e-01
7.436032e-01	2.441144e-01
7.436288e-01	2.447423e-01
7.436544e-01	2.456441e-01
7.436800e-01	2.463388e-01
7.437056e-01	2.468894e-01
7.437312e-01	2.474337e-01
7.437568e-01	2.479647e-01
7.437824e-01	2.482176e-01
7.438080e-01	2.486088e-01
7.438336e-01	2.487852e-01
7.438592e-01	2.489173e-01
7.438848e-01	2.490324e-01
7.439104e-01	2.489908e-01
7.439360e-01	2.488837e-01
7.439616e-01	2.487442e-01
7.439872e-01	2.485424e-01
7.440128e-01	2.481400e-01
7.440384e-01	2.477226e-01
7.440640e-01	2.473599e-01
7.440896e-01	2.466626e-01
7.441152e-01	2.460992e-01
7.441408e-01	2.455222e-01
7.441664e-01	2.446443e-01
7.441920e-01	2.437349e-01
7.442176e-01	2.428672e-01
7.442432e-01	2.418637e-01
7.442688e-01	2.406807e-01
7.442944e-01	2.396411e-01
7.443200e-01	2.383902e-01
7.443456e-01	2.371459e-01
7.443712e-01	2.357776e-01
7.443968e-01	2.341160e-01
7.444224e-01	2.327822e-01
7.444480e-01	2.310142e-01
7.444736e-01	2.293928e-01
7.444992e-01	2.277007e-01
7.445248e-01	2.258460e-01
7.445504e-01	2.240021e-01
7.445760e-01	2.219208e-01
7.446016e-01	2.199005e-01
7.446272e-01	2.178591e-01
7.446528e-01	2.157709e-01
7.446784e-01	2.135096e-01
7.447040e-01	2.111225e-01
7.447296e-01	2.087227e-01
7.447552e-01	2.063162e-01
7.447808e-01	2.039274e-01
7.448064e-01	2.012165e-01
7.448320e-01	1.985244e-01
7.448576e-01	1.959119e-01
7.448832e-01	1.931678e-01
7.449088e-01	1.901867e-01
7.449344e-01	1.873085e-01
7.449600e-01	1.843670e-01
7.449856e-01	1.814043e-01
7.450112e-01	1.782301e-01
7.450368e-01	1.751066e-01
7.450624e-01	1.719751e-01
7.450880e-01	1.686985e-01
7.451136e-01	1.654556e-01
7.451392e-01	1.620543e-01
7.451648e-01	1.586837e-01
7.451904e-01	1.551688e-01
7.452160e-01	1.516979e-01
7.452416e-01	1.480878e-01
7.452672e-01	1.442498e-01
7.452928e-01	1.408872e-01
7.453184e-01	1.370082e-01
7.453440e-01	1.331240e-01
7.453696e-01	1.294220e-01
7.453952e-01	1.255934e-01
7.454208e-01	1.214945e-01
7.454464e-01	1.176235e-01
7.454720e-01	1.137282e-01
7.454976e-01	1.094655e-01
7.455232e-01	1.054998e-01
7.455488e-01	1.014692e-01
7.455744e-01	9.710782e-02
7.456000e-01	9.301691e-02
7.456256e-01	8.873917e-02
7.456512e-01	8.439161e-02
7.456768e-01	8.010761e-02
7.457024e-01	7.576527e-02
7.457280e-01	7.146539e-02
7.457536e-01	6.702945e-02
7.457792e-01	6.242569e-02
7.458048e-01	5.804404e-02
7.458304e-01	5.359791e-02
7.458560e-01	4.900916e-02
7.458816e-01	4.448295e-02
7.459072e-01	3.993420e-02
7.459328e-01	3.525782e-02
7.459584e-01	3.069759e-02
7.459840e-01	2.607343e-02
7.460096e-01	2.139824e-02
7.460352e-01	1.667654e-02
7.460608e-01	1.208292e-02
7.460864e-01	7.239032e-03
7.461120e-01	2.525211e-03
7.461376e-01	-2.180315e-03
7.461632e-01	-6.975466e-03
7.461888e-01	-1.168224e-02
7.462144e-01	-1.642001e-02
7.462400e-01	-2.116901e-02
7.462656e-01	-2.600443e-02
7.462912e-01	-3.081102e-02
7.463168e-01	-3.564951e-02
7.463424e-01	-4.044161e-02
7.463680e-01	-4.522866e-02
7.463936e-01	-5.006328e-02
7.464192e-01	-5.480779e-02
7.464448e-01	-5.975951e-02
7.464704e-01	-6.456022e-02
7.464960e-01	-6.938516e-02
7.465216e-01	-7.399889e-02
7.465472e-01	-7.883127e-02
7.465728e-01	-8.373703e-02
7.465984e-01	-8.845648e-02
7.466240e-01	-9.321657e-02
7.466496e-01	-9.797028e-02
7.466752e-01	-1.027032e-01
7.467008e-01	-1.074510e-01
7.467264e-01	-1.120579e-01
7.467520e-01	-1.167834e-01
7.467776e-01	-1.215892e-01
7.468032e-01	-1.261854e-01
7.468288e-01	-1.307765e-01
7.468544e-01	-1.354416e-01
7.468800e-01	-1.400255e-01
7.469056e-01	-1.446604e-01
7.469312e-01	-1.491214e-01
7.469568e-01	-1.537358e-01
7.469824e-01	-1.581385e-01
7.470080e-01	-1.626279e-01
7.470336e-01	-1.669865e-01
7.470592e-01	-1.714584e-01
7.470848e-01	-1.758453e-01
7.471104e-01	-1.801777e-01
7.471360e-01	-1.845340e-01
7.471616e-01	-1.887141e-01
7.471872e-01	-1.929601e-01
7.472128e-01	-1.972591e-01
7.472384e-01	-2.013392e-01
7.472640e-01	-2.055099e-01
7.472896e-01	-2.096232e-01
7.473152e-01	-2.136143e-01
7.473408e-01	-2.175881e-01
7.473664e-01	-2.215804e-01
7.473920e-01	-2.255002e-01
7.474176e-01	-2.293595e-01
7.474432e-01	-2.331254e-01
7.474688e-01	-2.368616e-01
7.474944e-01	-2.406505e-01
7.475200e-01	-2.442340e-01
7.475456e-01	-2.479019e-01
7.475712e-01	-2.515881e-01
7.475968e-01	-2.549418e-01
7.476224e-01	-2.586046e-01
7.476480e-01	-2.619637e-01
7.476736e-01	-2.653536e-01
7.476992e-01	-2.685985e-01
7.477248e-01	-2.718539e-01
7.477504e-01	-2.751332e-01
7.477760e-01	-2.780637e-01
7.478016e-01	-2.812523e-01
7.478272e-01	-2.841992e-01
7.478528e-01	-2.871402e-01
7.478784e-01	-2.900163e-01
7.479040e-01	-2.927808e-01
7.479296e-01	-2.957039e-01
7.479552e-01	-2.983444e-01
7.479808e-01	-3.009520e-01
7.480064e-01	-3.034555e-01
7.480320e-01	-3.061061e-01
7.480576e-01	-3.084609e-01
7.480832e-01	-3.108432e-01
7.481088e-01	-3.130689e-01
7.481344e-01	-3.153693e-01
7.481600e-01	-3.176295e-01
7.481856e-01	-3.195461e-01
7.482112e-01	-3.216431e-01
7.482368e-01	-3.236319e-01
7.482624e-01	-3.254879e-01
7.482880e-01	-3.272703e-01
7.483136e-01	-3.290276e-01
7.483392e-01	-3.307409e-01
7.483648e-01	-3.323756e-01
7.483904e-01	-3.338658e-01
7.484160e-01	-3.351614e-01
7.484416e-01	-3.366654e-01
7.484672e-01	-3.378367e-01
7.484928e-01	-3.391413e-01
7.485184e-01	-3.403377e-01
7.485440e-01	-3.413324e-01
7.485696e-01	-3.423596e-01
7.485952e-01	-3.431824e-01
7.486208e-01	-3.440565e-01
7.486464e-01	-3.448527e-01
7.486720e-01	-3.456925e-01
7.486976e-01	-3.462083e-01
7.487232e-01	-3.467354e-01
7.487488e-01	-3.472350e-01
7.487744e-01	-3.475659e-01
7.488000e-01	-3.478933e-01
7.488256e-01	-3.480368e-01
7.488512e-01	-3.483702e-01
7.488768e-01	-3.482363e-01
7.489024e-01	-3.482849e-01
7.489280e-01	-3.482182e-01
7.489536e-01	-3.480925e-01
7.489792e-01	-3.478688e-01
7.490048e-01	-3.475157e-01
7.490304e-01	-3.471512e-01
7.490560e-01	-3.465772e-01
7.490816e-01	-3.461786e-01
7.491072e-01	-3.455548e-01
7.491328e-01	-3.447824e-01
7.491584e-01	-3.440954e-01
7.491840e-01	-3.432674e-01
7.492096e-01	-3.422142e-01
7.492352e-01	-3.411905e-01
7.492608e-01	-3.402246e-01
7.492864e-01	-3.389221e-01
7.493120e-01	-3.378350e-01
7.493376e-01	-3.365538e-01
7.493632e-01	-3.350658e-01
7.493888e-01	-3.336449e-01
7.494144e-01	-3.321368e-01
7.494400e-01	-3.305707e-01
7.494656e-01	-3.289394e-01
7.494912e-01	-3.271226e-01
7.495168e-01	-3.253827e-01
7.495424e-01	-3.233393e-01
7.495680e-01	-3.215054e-01
7.495936e-01	-3.194351e-01
7.496192e-01	-3.174431e-01
7.496448e-01	-3.152972e-01
7.496704e-01	-3.128904e-01
7.496960e-01	-3.106754e-01
7.497216e-01	-3.081816e-01
7.497472e-01	-3.058014e-01
7.497728e-01	-3.032927e-01
7.497984e-01	-3.006946e-01
7.498240e-01	-2.981004e-01
7.498496e-01	-2.953464e-01
7.498752e-01	-2.927154e-01
7.499008e-01	-2.898622e-01
7.499264e-01	-2.869571e-01
7.499520e-01	-2.839808e-01
7.499776e-01	-2.809346e-01
7.500032e-01	-2.777532e-01
7.500288e-01	-2.747326e-01
7.500544e-01	-2.716569e-01
7.500800e-01	-2.682890e-01
7.501056e-01	-2.650389e-01
7.501312e-01	-2.616499e-01
7.501568e-01	-2.580900e-01
7.501824e-01	-2.547743e-01
7.502080e-01	-2.512794e-01
7.502336e-01	-2.476444e-01
7.502592e-01	-2.439739e-01
7.502848e-01	-2.404204e-01
7.503104e-01	-2.365361e-01
7.503360e-01	-2.327460e-01
7.503616e-01	-2.290572e-01
7.503872e-01	-2.251698e-01
7.504128e-01	-2.212533e-01
7.504384e-01	-2.172082e-01
7.504640e-01	-2.131970e-01
7.504896e-01	-2.092037e-01
7.505152e-01	-2.050420e-01
7.505408e-01	-2.010787e-01
7.505664e-01	-1.967392e-01
7.505920e-01	-1.925558e-01
7.506176e-01	-1.883487e-01
7.506432e-01	-1.840368e-01
7.506688e-01	-1.797879e-01
7.506944e-01	-1.755035e-01
7.507200e-01	-1.711062e-01
7.507456e-01	-1.666647e-01
7.507712e-01	-1.621908e-01
7.507968e-01	-1.577470e-01
7.508224e-01	-1.531713e-01
7.508480e-01	-1.486619e-01
7.508736e-01	-1.440845e-01
7.508992e-01	-1.395742e-01
7.509248e-01	-1.349702e-01
7.509504e-01	-1.302714e-01
7.509760e-01	-1.256593e-01
7.510016e-01	-1.210450e-01
7.510272e-01	-1.164033e-01
7.510528e-01	-1.116121e-01
7.510784e-01	-1.068623e-01
7.511040e-01	-1.021300e-01
7.511296e-01	-9.741872e-02
7.511552e-01	-9.275574e-02
7.511808e-01	-8.784140e-02
7.512064e-01	-8.307514e-02
7.512320e-01	-7.828987e-02
7.512576e-01	-7.364164e-02
7.512832e-01	-6.873435e-02
7.513088e-01	-6.402701e-02
7.513344e-01	-5.912848e-02
7.513600e-01	-5.428517e-02
7.513856e-01	-4.958591e-02
7.514112e-01	-4.483241e-02
7.514368e-01	-3.990930e-02
7.514624e-01	-3.511909e-02
7.514880e-01	-3.043422e-02
7.515136e-01	-2.541292e-02
7.515392e-01	-2.071217e-02
7.515648e-01	-1.574981e-02
7.515904e-01	-1.115077e-02
7.516160e-01	-6.451000e-03
7.516416e-01	-1.496381e-03
7.516672e-01	3.148893e-03
7.516928e-01	7.869542e-03
7.517184e-01	1.248316e-02
7.517440e-01	1.732199e-02
7.517696e-01	2.186467e-02
7.517952e-01	2.656319e-02
7.518208e-01	3.127215e-02
7.518464e-01	3.585251e-02
7.518720e-01	4.048020e-02
7.518976e-01	4.499674e-02
7.519232e-01	4.961814e-02
7.519488e-01	5.414654e-02
7.519744e-01	5.850836e-02
7.520000e-01	6.322677e-02
7.520256e-01	6.754531e-02
7.520512e-01	7.184742e-02
7.520768e-01	7.628229e-02
7.521024e-01	8.073388e-02
7.521280e-01	8.505367e-02
7.521536e-01	8.930949e-02
7.521792e-01	9.333782e-02
7.522048e-01	9.764489e-02
7.522304e-01	1.019179e-01
7.522560e-01	1.059044e-01
7.522816e-01	1.102056e-01
7.523072e-01	1.140920e-01
7.523328e-01	1.180827e-01
7.523584e-01	1.221278e-01
7.523840e-01	1.258603e-01
7.524096e-01	1.299765e-01
7.524352e-01	1.338313e-01
7.524608e-01	1.374733e-01
7.524864e-01	1.412647e-01
7.525120e-01	1.449141e-01
7.525376e-01	1.485580e-01
7.525632e-01	1.521103e-01
7.525888e-01	1.555596e-01
7.526144e-01	1.592246e-01
7.526400e-01	1.624557e-01
7.526656e-01	1.658476e-01
7.526912e-01	1.691773e-01
7.527168e-01	1.724095e-01
7.527424e-01	1.756122e-01
7.527680e-01	1.787853e-01
7.527936e-01	1.817376e-01
7.528192e-01	1.848174e-01
7.528448e-01	1.877379e-01
7.528704e-01	1.905588e-01
7.528960e-01	1.934793e-01
7.529216e-01	1.961775e-01
7.529472e-01	1.989531e-01
7.529728e-01	2.015272e-01
7.529984e-01	2.040760e-01
7.530240e-01	2.066954e-01
7.530496e-01	2.091148e-01
7.530752e-01	2.115036e-01
7.531008e-01	2.137063e-01
7.531264e-01	2.159791e-01
7.531520e-01	2.182031e-01
7.531776e-01	2.202604e-01
7.532032e-01	2.221808e-01
7.532288e-01	2.242897e-01
7.532544e-01	2.260475e-01
7.532800e-01	2.278953e-01
7.533056e-01	2.296784e-01
7.533312e-01	2.312989e-01
7.533568e-01	2.328869e-01
7.533824e-01	2.344459e-01
7.534080e-01	2.359619e-01
7.534336e-01	2.372791e-01
7.534592e-01	2.385259e-01
7.534848e-01	2.397987e-01
7.535104e-01	2.410513e-01
7.535360e-01	2.419584e-01
7.535616e-01	2.429545e-01
7.535872e-01	2.439929e-01
7.536128e-01	2.447513e-01
7.536384e-01	2.456578e-01
7.536640e-01	2.462703e-01
7.536896e-01	2.468833e-01
7.537152e-01	2.473792e-01
7.537408e-01	2.478175e-01
7.537664e-01	2.481707e-01
7.537920e-01	2.485738e-01
7.538176e-01	2.487953e-01
7.538432e-01	2.489694e-01
7.538688e-01	2.490834e-01
7.538944e-01	2.489375e-01
7.539200e-01	2.489198e-01
7.539456e-01	2.488141e-01
7.539712e-01	2.485205e-01
7.539968e-01	2.483351e-01
7.540224e-01	2.477614e-01
7.540480e-01	2.474098e-01
7.540736e-01	2.468630e-01
7.540992e-01	2.462793e-01
7.541248e-01	2.456536e-01
7.541504e-01	2.446348e-01
7.541760e-01	2.439639e-01
7.542016e-01	2.429317e-01
7.542272e-01	2.419137e-01
7.542528e-01	2.408859e-01
7.542784e-01	2.396715e-01
7.543040e-01	2.386128e-01
7.543296e-01	2.370985e-01
7.543552e-01	2.358877e-01
7.543808e-01	2.343862e-01
7.544064e-01	2.328185e-01
7.544320e-01	2.311988e-01
7.544576e-01	2.296302e-01
7.544832e-01	2.278460e-01
7.545088e-01	2.259620e-01
7.545344e-01	2.241479e-01
7.545600e-01	2.220894e-01
7.545856e-01	2.200368e-01
7.546112e-01	2.180010e-01
7.546368e-01	2.158817e-01
7.546624e-01	2.136035e-01
7.546880e-01	2.112005e-01
7.547136e-01	2.090336e-01
7.547392e-01	2.066014e-01
7.547648e-01	2.039626e-01
7.547904e-01	2.014803e-01
7.548160e-01	1.987779e-01
7.548416e-01	1.960984e-01
7.548672e-01	1.933748e-01
7.548928e-01	1.904810e-01
7.549184e-01	1.876796e-01
7.549440e-01	1.846453e-01
7.549696e-01	1.817612e-01
7.549952e-01	1.786828e-01
7.550208e-01	1.755240e-01
7.550464e-01	1.722436e-01
7.550720e-01	1.690101e-01
7.550976e-01	1.658318e-01
7.551232e-01	1.622700e-01
7.551488e-01	1.588677e-01
7.551744e-01	1.555378e-01
7.552000e-01	1.519101e-01
7.552256e-01	1.484623e-01
7.552512e-01	1.447658e-01
7.552768e-01	1.411320e-01
7.553024e-01	1.374184e-01
7.553280e-01	1.335489e-01
7.553536e-01	1.297733e-01
7.553792e-01	1.259397e-01
7.554048e-01	1.219598e-01
7.554304e-01	1.180839e-01
7.554560e-01	1.140692e-01
7.554816e-01	1.100144e-01
7.555072e-01	1.058459e-01
7.555328e-01	1.017151e-01
7.555584e-01	9.760183e-02
7.555840e-01	9.343293e-02
7.556096e-01	8.905043e-02
7.556352e-01	8.495567e-02
7.556608e-01	8.068196e-02
7.556864e-01	7.615860e-02
7.557120e-01	7.184394e-02
7.557376e-01	6.747641e-02
7.557632e-01	6.291663e-02
7.557888e-01	5.850851e-02
7.558144e-01	5.400849e-02
7.558400e-01	4.951414e-02
7.558656e-01	4.489275e-02
7.558912e-01	4.037696e-02
7.559168e-01	3.582995e-02
7.559424e-01	3.114393e-02
7.559680e-01	2.647635e-02
7.559936e-01	2.178495e-02
7.560192e-01	1.712893e-02
7.560448e-01	1.246167e-02
7.560704e-01	7.808932e-03
7.560960e-01	3.076434e-03
7.561216e-01	-1.729534e-03
7.561472e-01	-6.300863e-03
7.561728e-01	-1.121529e-02
7.561984e-01	-1.592703e-02
7.562240e-01	-2.082080e-02
7.562496e-01	-2.567288e-02
7.562752e-01	-3.034571e-02
7.563008e-01	-3.515662e-02
7.563264e-01	-4.005166e-02
7.563520e-01	-4.496436e-02
7.563776e-01	-4.959083e-02
7.564032e-01	-5.438429e-02
7.564288e-01	-5.928563e-02
7.564544e-01	-6.404027e-02
7.564800e-01	-6.885325e-02
7.565056e-01	-7.362342e-02
7.565312e-01	-7.844741e-02
7.565568e-01	-8.319800e-02
7.565824e-01	-8.796943e-02
7.566080e-01	-9.256507e-02
7.566336e-01	-9.754808e-02
7.566592e-01	-1.022266e-01
7.566848e-01	-1.069410e-01
7.567104e-01	-1.116206e-01
7.567360e-01	-1.162656e-01
7.567616e-01	-1.210413e-01
7.567872e-01	-1.256810e-01
7.568128e-01	-1.303970e-01
7.568384e-01	-1.349596e-01
7.568640e-01	-1.395802e-01
7.568896e-01	-1.441720e-01
7.569152e-01	-1.485745e-01
7.569408e-01	-1.531669e-01
7.569664e-01	-1.577860e-01
7.569920e-01	-1.622044e-01
7.570176e-01	-1.665650e-01
7.570432e-01	-1.710399e-01
7.570688e-01	-1.753245e-01
7.570944e-01	-1.798772e-01
7.571200e-01	-1.840905e-01
7.571456e-01	-1.883900e-01
7.571712e-01	-1.927318e-01
7.571968e-01	-1.967484e-01
7.572224e-01	-2.009196e-01
7.572480e-01	-2.050916e-01
7.572736e-01	-2.092330e-01
7.572992e-01	-2.132196e-01
7.573248e-01	-2.171061e-01
7.573504e-01	-2.212992e-01
7.573760e-01	-2.251333e-01
7.574016e-01	-2.289926e-01
7.574272e-01	-2.327191e-01
7.574528e-01	-2.365107e-01
7.574784e-01	-2.403065e-01
7.575040e-01	-2.439694e-01
7.575296e-01	-2.476596e-01
7.575552e-01	-2.511587e-01
7.575808e-01	-2.547484e-01
7.576064e-01	-2.581928e-01
7.576320e-01	-2.615933e-01
7.576576e-01	-2.650585e-01
7.576832e-01	-2.681213e-01
7.577088e-01	-2.715747e-01
7.577344e-01	-2.747576e-01
7.577600e-01	-2.777581e-01
7.577856e-01	-2.809581e-01
7.578112e-01	-2.839698e-01
7.578368e-01	-2.868361e-01
7.578624e-01	-2.896858e-01
7.578880e-01	-2.926371e-01
7.579136e-01	-2.954036e-01
7.579392e-01	-2.979982e-01
7.579648e-01	-3.006732e-01
7.579904e-01	-3.032891e-01
7.580160e-01	-3.058825e-01
7.580416e-01	-3.083523e-01
7.580672e-01	-3.106727e-01
7.580928e-01	-3.128482e-01
7.581184e-01	-3.152403e-01
7.581440e-01	-3.172083e-01
7.581696e-01	-3.194418e-01
7.581952e-01	-3.216349e-01
7.582208e-01	-3.234036e-01
7.582464e-01	-3.253607e-01
7.582720e-01	-3.271136e-01
7.582976e-01	-3.288853e-01
7.583232e-01	-3.305627e-01
7.583488e-01	-3.320343e-01
7.583744e-01	-3.337379e-01
7.584000e-01	-3.352382e-01
7.584256e-01	-3.365509e-01
7.584512e-01	-3.378981e-01
7.584768e-01	-3.390893e-01
7.585024e-01	-3.400894e-01
7.585280e-01	-3.412170e-01
7.585536e-01	-3.422498e-01
7.585792e-01	-3.431742e-01
7.586048e-01	-3.440752e-01
7.586304e-01	-3.448372e-01
7.586560e-01	-3.455043e-01
7.586816e-01	-3.461056e-01
7.587072e-01	-3.465976e-01
7.587328e-01	-3.472454e-01
7.587584e-01	-3.475291e-01
7.587840e-01	-3.478993e-01
7.588096e-01	-3.481454e-01
7.588352e-01	-3.482259e-01
7.588608e-01	-3.484393e-01
7.588864e-01	-3.482887e-01
7.589120e-01	-3.483053e-01
7.589376e-01	-3.481883e-01
7.589632e-01	-3.477850e-01
7.589888e-01	-3.476991e-01
7.590144e-01	-3.471757e-01
7.590400e-01	-3.467998e-01
7.590656e-01	-3.463650e-01
7.590912e-01	-3.455492e-01
7.591168e-01	-3.449128e-01
7.591424e-01	-3.441556e-01
7.591680e-01	-3.432618e-01
7.591936e-01	-3.424000e-01
7.592192e-01	-3.413903e-01
7.592448e-01	-3.403539e-01
7.592704e-01	-3.391761e-01
7.592960e-01	-3.379340e-01
7.593216e-01	-3.366168e-01
7.593472e-01	-3.353217e-01
7.593728e-01	-3.338545e-01
7.593984e-01	-3.323252e-01
7.594240e-01	-3.307364e-01
7.594496e-01	-3.290210e-01
7.594752e-01	-3.271807e-01
7.595008e-01	-3.254937e-01
7.595264e-01	-3.236311e-01
7.595520e-01	-3.216605e-01
7.595776e-01	-3.197440e-01
7.596032e-01	-3.175613e-01
7.596288e-01	-3.153392e-01
7.596544e-01	-3.131944e-01
7.596800e-01	-3.108073e-01
7.597056e-01	-3.084543e-01
7.597312e-01	-3.060294e-01
7.597568e-01	-3.035075e-01
7.597824e-01	-3.009368e-01
7.598080e-01	-2.983373e-01
7.598336e-01	-2.957432e-01
7.598592e-01	-2.929963e-01
7.598848e-01	-2.900012e-01
7.599104e-01	-2.872331e-01
7.599360e-01	-2.841618e-01
7.599616e-01	-2.812265e-01
7.599872e-01	-2.781828e-01
7.600128e-01	-2.750023e-01
7.600384e-01	-2.719046e-01
7.600640e-01	-2.685095e-01
7.600896e-01	-2.652761e-01
7.601152e-01	-2.619489e-01
7.601408e-01	-2.584857e-01
7.601664e-01	-2.550361e-01
7.601920e-01	-2.514481e-01
7.602176e-01	-2.479602e-01
7.602432e-01	-2.443813e-01
7.602688e-01	-2.406704e-01
7.602944e-01	-2.368468e-01
7.603200e-01	-2.332052e-01
7.603456e-01	-2.292755e-01
7.603712e-01	-2.254401e-01
7.603968e-01	-2.215465e-01
7.604224e-01	-2.176365e-01
7.604480e-01	-2.136323e-01
7.604736e-01	-2.095625e-01
7.604992e-01	-2.055418e-01
7.605248e-01	-2.013896e-01
7.605504e-01	-1.971898e-01
7.605760e-01	-1.929843e-01
7.606016e-01	-1.887278e-01
7.606272e-01	-1.844800e-01
7.606528e-01	-1.802126e-01
7.606784e-01	-1.758378e-01
7.607040e-01	-1.713746e-01
7.607296e-01	-1.670609e-01
7.607552e-01	-1.624875e-01
7.607808e-01	-1.581834e-01
7.608064e-01	-1.535879e-01
7.608320e-01	-1.490088e-01
7.608576e-01	-1.444630e-01
7.608832e-01	-1.398370e-01
7.609088e-01	-1.353914e-01
7.609344e-01	-1.308022e-01
7.609600e-01	-1.260950e-01
7.609856e-01	-1.213938e-01
7.610112e-01	-1.166943e-01
7.610368e-01	-1.120758e-01
7.610624e-01	-1.074416e-01
7.610880e-01	-1.025938e-01
7.611136e-01	-9.791904e-02
7.611392e-01	-9.313890e-02
7.611648e-01	-8.825945e-02
7.611904e-01	-8.355973e-02
7.612160e-01	-7.879750e-02
7.612416e-01	-7.412198e-02
7.612672e-01	-6.907790e-02
7.612928e-01	-6.449542e-02
7.613184e-01	-5.962928e-02
7.613440e-01	-5.478255e-02
7.613696e-01	-4.998604e-02
7.613952e-01	-4.512512e-02
7.614208e-01	-4.032004e-02
7.614464e-01	-3.550003e-02
7.614720e-01	-3.071275e-02
7.614976e-01	-2.589449e-02
7.615232e-01	-2.107688e-02
7.615488e-01	-1.632490e-02
7.615744e-01	-1.158750e-02
7.616000e-01	-6.814640e-03
7.616256e-01	-2.093451e-03
7.616512e-01	2.707328e-03
7.616768e-01	7.495320e-03
7.617024e-01	1.220373e-02
7.617280e-01	1.700202e-02
7.617536e-01	2.154025e-02
7.617792e-01	2.615127e-02
7.618048e-01	3.077362e-02
7.618304e-01	3.544712e-02
7.618560e-01	4.009346e-02
7.618816e-01	4.458345e-02
7.619072e-01	4.909771e-02
7.619328e-01	5.370801e-02
7.619584e-01	5.823285e-02
7.619840e-01	6.276310e-02
7.620096e-01	6.713053e-02
7.620352e-01	7.155985e-02
7.620608e-01	7.589567e-02
7.620864e-01	8.026917e-02
7.621120e-01	8.457029e-02
7.621376e-01	8.898240e-02
7.621632e-01	9.320813e-02
7.621888e-01	9.741393e-02
7.622144e-01	1.014508e-01
7.622400e-01	1.055024e-01
7.622656e-01	1.096919e-01
7.622912e-01	1.136981e-01
7.623168e-01	1.177705e-01
7.623424e-01	1.217019e-01
7.623680e-01	1.256596e-01
7.623936e-01	1.295511e-01
7.624192e-01	1.332793e-01
7.624448e-01	1.372337e-01
7.624704e-01	1.408604e-01
7.624960e-01	1.445574e-01
7.625216e-01	1.482194e-01
7.625472e-01	1.517305e-01
7.625728e-01	1.552570e-01
7.625984e-01	1.587321e-01
7.626240e-01	1.621882e-01
7.626496e-01	1.655895e-01
7.626752e-01	1.688450e-01
7.627008e-01	1.721466e-01
7.627264e-01	1.752813e-01
7.627520e-01	1.783782e-01
7.627776e-01	1.814667e-01
7.628032e-01	1.845170e-01
7.628288e-01	1.874434e-01
7.628544e-01	1.903250e-01
7.628800e-01	1.931607e-01
7.629056e-01	1.960421e-01
7.629312e-01	1.986734e-01
7.629568e-01	2.013602e-01
7.629824e-01	2.039156e-01
7.630080e-01	2.063828e-01
7.630336e-01	2.088253e-01
7.630592e-01	2.111753e-01
7.630848e-01	2.135151e-01
7.631104e-01	2.157861e-01
7.631360e-01	2.179333e-01
7.631616e-01	2.200523e-01
7.631872e-01	2.220730e-01
7.632128e-01	2.241545e-01
7.632384e-01	2.259161e-01
7.632640e-01	2.277116e-01
7.632896e-01	2.295018e-01
7.633152e-01	2.311615e-01
7.633408e-01	2.328626e-01
7.633664e-01	2.342738e-01
7.633920e-01	2.357866e-01
7.634176e-01	2.372252e-01
7.634432e-01	2.383979e-01
7.634688e-01	2.396843e-01
7.634944e-01	2.407628e-01
7.635200e-01	2.420268e-01
7.635456e-01	2.429791e-01
7.635712e-01	2.438260e-01
7.635968e-01	2.446559e-01
7.636224e-01	2.455337e-01
7.636480e-01	2.461677e-01
7.636736e-01	2.467885e-01
7.636992e-01	2.474475e-01
7.637248e-01	2.478923e-01
7.637504e-01	2.482545e-01
7.637760e-01	2.484947e-01
7.638016e-01	2.487203e-01
7.638272e-01	2.489684e-01
7.638528e-01	2.490222e-01
7.638784e-01	2.490336e-01
7.639040e-01	2.489331e-01
7.639296e-01	2.487982e-01
7.639552e-01	2.485698e-01
7.639808e-01	2.482300e-01
7.640064e-01	2.479576e-01
7.640320e-01	2.474452e-01
7.640576e-01	2.469029e-01
7.640832e-01	2.463054e-01
7.641088e-01	2.454874e-01
7.641344e-01	2.449292e-01
7.641600e-01	2.439029e-01
7.641856e-01	2.430223e-01
7.642112e-01	2.421377e-01
7.642368e-01	2.410175e-01
7.642624e-01	2.397834e-01
7.642880e-01	2.386616e-01
7.643136e-01	2.373951e-01
7.643392e-01	2.358638e-01
7.643648e-01	2.345260e-01
7.643904e-01	2.330381e-01
7.644160e-01	2.314041e-01
7.644416e-01	2.297628e-01
7.644672e-01	2.279815e-01
7.644928e-01	2.263264e-01
7.645184e-01	2.242674e-01
7.645440e-01	2.223730e-01
7.645696e-01	2.203290e-01
7.645952e-01	2.182012e-01
7.646208e-01	2.161037e-01
7.646464e-01	2.138666e-01
7.646720e-01	2.115807e-01
7.646976e-01	2.092073e-01
7.647232e-01	2.067828e-01
7.647488e-01	2.042629e-01
7.647744e-01	2.017692e-01
7.648000e-01	1.991488e-01
7.648256e-01	1.964111e-01
7.648512e-01	1.935875e-01
7.648768e-01	1.907749e-01
7.649024e-01	1.880476e-01
7.649280e-01	1.849332e-01
7.649536e-01	1.820276e-01
7.649792e-01	1.789682e-01
7.650048e-01	1.757376e-01
7.650304e-01	1.725071e-01
7.650560e-01	1.694083e-01
7.650816e-01	1.660475e-01
7.651072e-01	1.627075e-01
7.651328e-01	1.593375e-01
7.651584e-01	1.557855e-01
7.651840e-01	1.523184e-01
7.652096e-01	1.487217e-01
7.652352e-01	1.450478e-01
7.652608e-01	1.414418e-01
7.652864e-01	1.376972e-01
7.653120e-01	1.340530e-01
7.653376e-01	1.300207e-01
7.653632e-01	1.262774e-01
7.653888e-01	1.223279e-01
7.654144e-01	1.183019e-01
7.654400e-01	1.145272e-01
7.654656e-01	1.102769e-01
7.654912e-01	1.062552e-01
7.655168e-01	1.021696e-01
7.655424e-01	9.792744e-02
7.655680e-01	9.385435e-02
7.655936e-01	8.963615e-02
7.656192e-01	8.531038e-02
7.656448e-01	8.090645e-02
7.656704e-01	7.672142e-02
7.656960e-01	7.228684e-02
7.657216e-01	6.780234e-02
7.657472e-01	6.335165e-02
7.657728e-01	5.890308e-02
7.657984e-01	5.447385e-02
7.658240e-01	5.000574e-02
7.658496e-01	4.527867e-02
7.658752e-01	4.081623e-02
7.659008e-01	3.619208e-02
7.659264e-01	3.160849e-02
7.659520e-01	2.711367e-02
7.659776e-01	2.229817e-02
7.660032e-01	1.753094e-02
7.660288e-01	1.289310e-02
7.660544e-01	8.100290e-03
7.660800e-01	3.489774e-03
7.661056e-01	-1.217501e-03
7.661312e-01	-5.999730e-03
7.661568e-01	-1.068285e-02
7.661824e-01	-1.554940e-02
7.662080e-01	-2.032387e-02
7.662336e-01	-2.492641e-02
7.662592e-01	-2.990292e-02
7.662848e-01	-3.468920e-02
7.663104e-01	-3.953616e-02
7.663360e-01	-4.443401e-02
7.663616e-01	-4.911300e-02
7.663872e-01	-5.388127e-02
7.664128e-01	-5.875383e-02
7.664384e-01	-6.357629e-02
7.664640e-01	-6.850202e-02
7.664896e-01	-7.316033e-02
7.665152e-01	-7.780562e-02
7.665408e-01	-8.281025e-02
7.665664e-01	-8.763855e-02
7.665920e-01	-9.216788e-02
7.666176e-01	-9.705336e-02
7.666432e-01	-1.016917e-01
7.666688e-01	-1.064762e-01
7.666944e-01	-1.112979e-01
7.667200e-01	-1.159978e-01
7.667456e-01	-1.206296e-01
7.667712e-01	-1.252499e-01
7.667968e-01	-1.299454e-01
7.668224e-01	-1.345237e-01
7.668480e-01	-1.392154e-01
7.668736e-01	-1.438100e-01
7.668992e-01	-1.481509e-01
7.669248e-01	-1.527838e-01
7.669504e-01	-1.572991e-01
7.669760e-01	-1.617652e-01
7.670016e-01	-1.663027e-01
7.670272e-01	-1.705977e-01
7.670528e-01	-1.750193e-01
7.670784e-01	-1.794002e-01
7.671040e-01	-1.836479e-01
7.671296e-01	-1.879648e-01
7.671552e-01	-1.921895e-01
7.671808e-01	-1.965178e-01
7.672064e-01	-2.005652e-01
7.672320e-01	-2.047803e-01
7.672576e-01	-2.088970e-01
7.672832e-01	-2.128787e-01
7.673088e-01	-2.168877e-01
7.673344e-01	-2.208298e-01
7.673600e-01	-2.247610e-01
7.673856e-01	-2.284342e-01
7.674112e-01	-2.324118e-01
7.674368e-01	-2.363233e-01
7.674624e-01	-2.399114e-01
7.674880e-01	-2.436950e-01
7.675136e-01	-2.472308e-01
7.675392e-01	-2.509077e-01
7.675648e-01	-2.542972e-01
7.675904e-01	-2.578281e-01
7.676160e-01	-2.612258e-01
7.676416e-01	-2.646432e-01
7.676672e-01	-2.680702e-01
7.676928e-01	-2.712036e-01
7.677184e-01	-2.745364e-01
7.677440e-01	-2.775896e-01
7.677696e-01	-2.805553e-01
7.677952e-01	-2.835559e-01
7.678208e-01	-2.866154e-01
7.678464e-01	-2.895986e-01
7.678720e-01	-2.922904e-01
7.678976e-01	-2.951442e-01
7.679232e-01	-2.978224e-01
7.679488e-01	-3.005055e-01
7.679744e-01	-3.029826e-01
7.680000e-01	-3.055466e-01
7.680256e-01	-3.079577e-01
7.680512e-01	-3.103761e-01
7.680768e-01	-3.127002e-01
7.681024e-01	-3.149238e-01
7.681280e-01	-3.171862e-01
7.681536e-01	-3.192235e-01
7.681792e-01	-3.213681e-01
7.682048e-01	-3.233204e-01
7.682304e-01	-3.251080e-01
7.682560e-01	-3.269695e-01
7.682816e-01	-3.286739e-01
7.683072e-01	-3.304035e-01
7.683328e-01	-3.320275e-01
7.683584e-01	-3.335056e-01
7.683840e-01	-3.348805e-01
7.684096e-01	-3.364164e-01
7.684352e-01	-3.377206e-01
7.684608e-01	-3.388818e-01
7.684864e-01	-3.400935e-01
7.685120e-01	-3.412824e-01
7.685376e-01	-3.421429e-01
7.685632e-01	-3.431930e-01
7.685888e-01	-3.440443e-01
7.686144e-01	-3.447199e-01
7.686400e-01	-3.455016e-01
7.686656e-01	-3.460736e-01
7.686912e-01	-3.466037e-01
7.687168e-01	-3.471261e-01
7.687424e-01	-3.474886e-01
7.687680e-01	-3.478748e-01
7.687936e-01	-3.481373e-01
7.688192e-01	-3.482045e-01
7.688448e-01	-3.482826e-01
7.688704e-01	-3.484995e-01
7.688960e-01	-3.481794e-01
7.689216e-01	-3.481127e-01
7.689472e-01	-3.479479e-01
7.689728e-01	-3.476312e-01
7.689984e-01	-3.472780e-01
7.690240e-01	-3.466257e-01
7.690496e-01	-3.462800e-01
7.690752e-01	-3.456301e-01
7.691008e-01	-3.449111e-01
7.691264e-01	-3.442087e-01
7.691520e-01	-3.434030e-01
7.691776e-01	-3.424664e-01
7.692032e-01	-3.414706e-01
7.692288e-01	-3.404886e-01
7.692544e-01	-3.392628e-01
7.692800e-01	-3.381344e-01
7.693056e-01	-3.368050e-01
7.693312e-01	-3.353939e-01
7.693568e-01	-3.339196e-01
7.693824e-01	-3.324432e-01
7.694080e-01	-3.307992e-01
7.694336e-01	-3.291655e-01
7.694592e-01	-3.273948e-01
7.694848e-01	-3.257737e-01
7.695104e-01	-3.239054e-01
7.695360e-01	-3.217937e-01
7.695616e-01	-3.197947e-01
7.695872e-01	-3.177403e-01
7.696128e-01	-3.155603e-01
7.696384e-01	-3.133091e-01
7.696640e-01	-3.110150e-01
7.696896e-01	-3.087227e-01
7.697152e-01	-3.062097e-01
7.697408e-01	-3.037799e-01
7.697664e-01	-3.012422e-01
7.697920e-01	-2.985440e-01
7.698176e-01	-2.960044e-01
7.698432e-01	-2.931561e-01
7.698688e-01	-2.902806e-01
7.698944e-01	-2.874305e-01
7.699200e-01	-2.842630e-01
7.699456e-01	-2.815515e-01
7.699712e-01	-2.784636e-01
7.699968e-01	-2.753035e-01
7.700224e-01	-2.721539e-01
7.700480e-01	-2.688475e-01
7.700736e-01	-2.655835e-01
7.700992e-01	-2.623571e-01
7.701248e-01	-2.588588e-01
7.701504e-01	-2.553486e-01
7.701760e-01	-2.519198e-01
7.702016e-01	-2.483527e-01
7.702272e-01	-2.447174e-01
7.702528e-01	-2.409468e-01
7.702784e-01	-2.373115e-01
7.703040e-01	-2.334421e-01
7.703296e-01	-2.297376e-01
7.703552e-01	-2.258809e-01
7.703808e-01	-2.217880e-01
7.704064e-01	-2.180872e-01
7.704320e-01	-2.139336e-01
7.704576e-01	-2.099645e-01
7.704832e-01	-2.058667e-01
7.705088e-01	-2.017030e-01
7.705344e-01	-1.975047e-01
7.705600e-01	-1.933731e-01
7.705856e-01	-1.891983e-01
7.706112e-01	-1.848237e-01
7.706368e-01	-1.805381e-01
7.706624e-01	-1.762348e-01
7.706880e-01	-1.718268e-01
7.707136e-01	-1.673746e-01
7.707392e-01	-1.629462e-01
7.707648e-01	-1.584830e-01
7.707904e-01	-1.539994e-01
7.708160e-01	-1.495990e-01
7.708416e-01	-1.448347e-01
7.708672e-01	-1.404722e-01
7.708928e-01	-1.357288e-01
7.709184e-01	-1.310396e-01
7.709440e-01	-1.265576e-01
7.709696e-01	-1.218306e-01
7.709952e-01	-1.171746e-01
7.710208e-01	-1.125083e-01
7.710464e-01	-1.077307e-01
7.710720e-01	-1.030162e-01
7.710976e-01	-9.829574e-02
7.711232e-01	-9.361892e-02
7.711488e-01	-8.883813e-02
7.711744e-01	-8.412142e-02
7.712000e-01	-7.927146e-02
7.712256e-01	-7.434160e-02
7.712512e-01	-6.963972e-02
7.712768e-01	-6.480431e-02
7.713024e-01	-5.992333e-02
7.713280e-01	-5.529601e-02
7.713536e-01	-5.041991e-02
7.713792e-01	-4.559499e-02
7.714048e-01	-4.076118e-02
7.714304e-01	-3.590521e-02
7.714560e-01	-3.109975e-02
7.714816e-01	-2.638429e-02
7.715072e-01	-2.154010e-02
7.715328e-01	-1.688943e-02
7.715584e-01	-1.204682e-02
7.715840e-01	-7.207006e-03
7.716096e-01	-2.536306e-03
7.716352e-01	2.220523e-03
7.716608e-01	6.882255e-03
7.716864e-01	1.164414e-02
7.717120e-01	1.633058e-02
7.717376e-01	2.109035e-02
7.717632e-01	2.578288e-02
7.717888e-01	3.031071e-02
7.718144e-01	3.507012e-02
7.718400e-01	3.965172e-02
7.718656e-01	4.434146e-02
7.718912e-01	4.878436e-02
7.719168e-01	5.336894e-02
7.719424e-01	5.790490e-02
7.719680e-01	6.221667e-02
7.719936e-01	6.669371e-02
7.720192e-01	7.116032e-02
7.720448e-01	7.558133e-02
7.720704e-01	7.992255e-02
7.720960e-01	8.410822e-02
7.721216e-01	8.854400e-02
7.721472e-01	9.281287e-02
7.721728e-01	9.692073e-02
7.721984e-01	1.010969e-01
7.722240e-01	1.052807e-01
7.722496e-01	1.094283e-01
7.722752e-01	1.133456e-01
7.723008e-01	1.173752e-01
7.723264e-01	1.214414e-01
7.723520e-01	1.252252e-01
7.723776e-01	1.291368e-01
7.724032e-01	1.330295e-01
7.724288e-01	1.368274e-01
7.724544e-01	1.404845e-01
7.724800e-01	1.442131e-01
7.725056e-01	1.478288e-01
7.725312e-01	1.513337e-01
7.725568e-01	1.548669e-01
7.725824e-01	1.584654e-01
7.726080e-01	1.618747e-01
7.726336e-01	1.651601e-01
7.726592e-01	1.684899e-01
7.726848e-01	1.717964e-01
7.727104e-01	1.750748e-01
7.727360e-01	1.782205e-01
7.727616e-01	1.811948e-01
7.727872e-01	1.842590e-01
7.728128e-01	1.872163e-01
7.728384e-01	1.901331e-01
7.728640e-01	1.929251e-01
7.728896e-01	1.958092e-01
7.729152e-01	1.984091e-01
7.729408e-01	2.010240e-01
7.729664e-01	2.037161e-01
7.729920e-01	2.060986e-01
7.730176e-01	2.086216e-01
7.730432e-01	2.110270e-01
7.730688e-01	2.132897e-01
7.730944e-01	2.154716e-01
7.731200e-01	2.177898e-01
7.731456e-01	2.199505e-01
7.731712e-01	2.217865e-01
7.731968e-01	2.239376e-01
7.732224e-01	2.256509e-01
7.732480e-01	2.275955e-01
7.732736e-01	2.294275e-01
7.732992e-01	2.310451e-01
7.733248e-01	2.327125e-01
7.733504e-01	2.343263e-01
7.733760e-01	2.357322e-01
7.734016e-01	2.369956e-01
7.734272e-01	2.382884e-01
7.734528e-01	2.395570e-01
7.734784e-01	2.407202e-01
7.735040e-01	2.418367e-01
7.735296e-01	2.427800e-01
7.735552e-01	2.438073e-01
7.735808e-01	2.447348e-01
7.736064e-01	2.454114e-01
7.736320e-01	2.460780e-01
7.736576e-01	2.468017e-01
7.736832e-01	2.473177e-01
7.737088e-01	2.478852e-01
7.737344e-01	2.481970e-01
7.737600e-01	2.485766e-01
7.737856e-01	2.488798e-01
7.738112e-01	2.489343e-01
7.738368e-01	2.489487e-01
7.738624e-01	2.490372e-01
7.738880e-01	2.490548e-01
7.739136e-01	2.488145e-01
7.739392e-01	2.485288e-01
7.739648e-01	2.483363e-01
7.739904e-01	2.478906e-01
7.740160e-01	2.474762e-01
7.740416e-01	2.469615e-01
7.740672e-01	2.464291e-01
7.740928e-01	2.456644e-01
7.741184e-01	2.447975e-01
7.741440e-01	2.441286e-01
7.741696e-01	2.431675e-01
7.741952e-01	2.422104e-01
7.742208e-01	2.410624e-01
7.742464e-01	2.398290e-01
7.742720e-01	2.388091e-01
7.742976e-01	2.373409e-01
7.743232e-01	2.361733e-01
7.743488e-01	2.346960e-01
7.743744e-01	2.330736e-01
7.744000e-01	2.315798e-01
7.744256e-01	2.299152e-01
7.744512e-01	2.282438e-01
7.744768e-01	2.264438e-01
7.745024e-01	2.245064e-01
7.745280e-01	2.226105e-01
7.745536e-01	2.205741e-01
7.745792e-01	2.184784e-01
7.746048e-01	2.162837e-01
7.746304e-01	2.141517e-01
7.746560e-01	2.118442e-01
7.746816e-01	2.094485e-01
7.747072e-01	2.070029e-01
7.747328e-01	2.044701e-01
7.747584e-01	2.019186e-01
7.747840e-01	1.994063e-01
7.748096e-01	1.966638e-01
7.748352e-01	1.939277e-01
7.748608e-01	1.911645e-01
7.748864e-01	1.881858e-01
7.749120e-01	1.852222e-01
7.749376e-01	1.823104e-01
7.749632e-01	1.791687e-01
7.749888e-01	1.760546e-01
7.750144e-01	1.729100e-01
7.750400e-01	1.697140e-01
7.750656e-01	1.664298e-01
7.750912e-01	1.630419e-01
7.751168e-01	1.595371e-01
7.751424e-01	1.561213e-01
7.751680e-01	1.526482e-01
7.751936e-01	1.491139e-01
7.752192e-01	1.454274e-01
7.752448e-01	1.418047e-01
7.752704e-01	1.380620e-01
7.752960e-01	1.343415e-01
7.753216e-01	1.304685e-01
7.753472e-01	1.265484e-01
7.753728e-01	1.227680e-01
7.753984e-01	1.187820e-01
7.754240e-01	1.147726e-01
7.754496e-01	1.107753e-01
7.754752e-01	1.065413e-01
7.755008e-01	1.025597e-01
7.755264e-01	9.843650e-02
7.755520e-01	9.423375e-02
7.755776e-01	8.999805e-02
7.756032e-01	8.565529e-02
7.756288e-01	8.151688e-02
7.756544e-01	7.704411e-02
7.756800e-01	7.256993e-02
7.757056e-01	6.827220e-02
7.757312e-01	6.371887e-02
7.757568e-01	5.942106e-02
7.757824e-01	5.489255e-02
7.758080e-01	5.030716e-02
7.758336e-01	4.569191e-02
7.758592e-01	4.116568e-02
7.758848e-01	3.668336e-02
7.759104e-01	3.207336e-02
7.759360e-01	2.744929e-02
7.759616e-01	2.274090e-02
7.759872e-01	1.803458e-02
7.760128e-01	1.336579e-02
7.760384e-01	8.678001e-03
7.760640e-01	3.965050e-03
7.760896e-01	-7.462722e-04
7.761152e-01	-5.469512e-03
7.761408e-01	-1.036064e-02
7.761664e-01	-1.494753e-02
7.761920e-01	-1.993609e-02
7.762176e-01	-2.472829e-02
7.762432e-01	-2.945003e-02
7.762688e-01	-3.432781e-02
7.762944e-01	-3.898427e-02
7.763200e-01	-4.394244e-02
7.763456e-01	-4.860056e-02
7.763712e-01	-5.348364e-02
7.763968e-01	-5.832250e-02
7.764224e-01	-6.296079e-02
7.764480e-01	-6.796297e-02
7.764736e-01	-7.267442e-02
7.764992e-01	-7.752385e-02
7.765248e-01	-8.227854e-02
7.765504e-01	-8.709504e-02
7.765760e-01	-9.184090e-02
7.766016e-01	-9.665062e-02
7.766272e-01	-1.013443e-01
7.766528e-01	-1.060379e-01
7.766784e-01	-1.107218e-01
7.767040e-01	-1.155004e-01
7.767296e-01	-1.202482e-01
7.767552e-01	-1.248432e-01
7.767808e-01	-1.293795e-01
7.768064e-01	-1.340955e-01
7.768320e-01	-1.386984e-01
7.768576e-01	-1.433117e-01
7.768832e-01	-1.478442e-01
7.769088e-01	-1.523849e-01
7.769344e-01	-1.568335e-01
7.769600e-01	-1.613729e-01
7.769856e-01	-1.657766e-01
7.770112e-01	-1.700865e-01
7.770368e-01	-1.746589e-01
7.770624e-01	-1.790127e-01
7.770880e-01	-1.833063e-01
7.771136e-01	-1.876416e-01
7.771392e-01	-1.918126e-01
7.771648e-01	-1.959871e-01
7.771904e-01	-2.002314e-01
7.772160e-01	-2.044526e-01
7.772416e-01	-2.083190e-01
7.772672e-01	-2.124460e-01
7.772928e-01	-2.164109e-01
7.773184e-01	-2.205507e-01
7.773440e-01	-2.243753e-01
7.773696e-01	-2.282469e-01
7.773952e-01	-2.321091e-01
7.774208e-01	-2.358138e-01
7.774464e-01	-2.396223e-01
7.774720e-01	-2.433079e-01
7.774976e-01	-2.468843e-01
7.775232e-01	-2.504991e-01
7.775488e-01	-2.541245e-01
7.775744e-01	-2.575318e-01
7.776000e-01	-2.609040e-01
7.776256e-01	-2.643417e-01
7.776512e-01	-2.676411e-01
7.776768e-01	-2.709485e-01
7.777024e-01	-2.740361e-01
7.777280e-01	-2.772045e-01
7.777536e-01	-2.804326e-01
7.777792e-01	-2.832693e-01
7.778048e-01	-2.863221e-01
7.778304e-01	-2.893516e-01
7.778560e-01	-2.920257e-01
7.778816e-01	-2.950084e-01
7.779072e-01	-2.974947e-01
7.779328e-01	-3.002300e-01
7.779584e-01	-3.028147e-01
7.779840e-01	-3.053170e-01
7.780096e-01	-3.077633e-01
7.780352e-01	-3.101759e-01
7.780608e-01	-3.125429e-01
7.780864e-01	-3.147657e-01
7.781120e-01	-3.170431e-01
7.781376e-01	-3.189323e-01
7.781632e-01	-3.210682e-01
7.781888e-01	-3.231409e-01
7.782144e-01	-3.249353e-01
7.782400e-01	-3.269176e-01
7.782656e-01	-3.285351e-01
7.782912e-01	-3.303204e-01
7.783168e-01	-3.318310e-01
7.783424e-01	-3.333960e-01
7.783680e-01	-3.348105e-01
7.783936e-01	-3.361373e-01
7.784192e-01	-3.376542e-01
7.784448e-01	-3.387995e-01
7.784704e-01	-3.399591e-01
7.784960e-01	-3.411163e-01
7.785216e-01	-3.420652e-01
7.785472e-01	-3.430472e-01
7.785728e-01	-3.438649e-01
7.785984e-01	-3.447900e-01
7.786240e-01	-3.453530e-01
7.786496e-01	-3.459501e-01
7.786752e-01	-3.466498e-01
7.787008e-01	-3.470709e-01
7.787264e-01	-3.474993e-01
7.787520e-01	-3.478670e-01
7.787776e-01	-3.480402e-01
7.788032e-01	-3.482156e-01
7.788288e-01	-3.482885e-01
7.788544e-01	-3.483702e-01
7.788800e-01	-3.482709e-01
7.789056e-01	-3.481680e-01
7.789312e-01	-3.479059e-01
7.789568e-01	-3.476724e-01
7.789824e-01	-3.472247e-01
7.790080e-01	-3.468403e-01
7.790336e-01	-3.462902e-01
7.790592e-01	-3.457116e-01
7.790848e-01	-3.450481e-01
7.791104e-01	-3.442884e-01
7.791360e-01	-3.434447e-01
7.791616e-01	-3.425384e-01
7.791872e-01	-3.415935e-01
7.792128e-01	-3.404895e-01
7.792384e-01	-3.393880e-01
7.792640e-01	-3.382072e-01
7.792896e-01	-3.368617e-01
7.793152e-01	-3.354353e-01
7.793408e-01	-3.340963e-01
7.793664e-01	-3.326599e-01
7.793920e-01	-3.309931e-01
7.794176e-01	-3.294607e-01
7.794432e-01	-3.276177e-01
7.794688e-01	-3.258933e-01
7.794944e-01	-3.240221e-01
7.795200e-01	-3.220457e-01
7.795456e-01	-3.200530e-01
7.795712e-01	-3.179384e-01
7.795968e-01	-3.157502e-01
7.796224e-01	-3.134864e-01
7.796480e-01	-3.112910e-01
7.796736e-01	-3.090184e-01
7.796992e-01	-3.064770e-01
7.797248e-01	-3.040265e-01
7.797504e-01	-3.014269e-01
7.797760e-01	-2.988638e-01
7.798016e-01	-2.961115e-01
7.798272e-01	-2.934335e-01
7.798528e-01	-2.906106e-01
7.798784e-01	-2.876953e-01
7.799040e-01	-2.847023e-01
7.799296e-01	-2.817127e-01
7.799552e-01	-2.788221e-01
7.799808e-01	-2.755198e-01
7.800064e-01	-2.723926e-01
7.800320e-01	-2.691642e-01
7.800576e-01	-2.658253e-01
7.800832e-01	-2.626585e-01
7.801088e-01	-2.590756e-01
7.801344e-01	-2.557298e-01
7.801600e-01	-2.521888e-01
7.801856e-01	-2.486030e-01
7.802112e-01	-2.449749e-01
7.802368e-01	-2.414316e-01
7.802624e-01	-2.377155e-01
7.802880e-01	-2.338737e-01
7.803136e-01	-2.300146e-01
7.803392e-01	-2.262115e-01
7.803648e-01	-2.223091e-01
7.803904e-01	-2.183269e-01
7.804160e-01	-2.144657e-01
7.804416e-01	-2.102908e-01
7.804672e-01	-2.061344e-01
7.804928e-01	-2.021522e-01
7.805184e-01	-1.980388e-01
7.805440e-01	-1.937996e-01
7.805696e-01	-1.895135e-01
7.805952e-01	-1.854014e-01
7.806208e-01	-1.808058e-01
7.806464e-01	-1.765839e-01
7.806720e-01	-1.723054e-01
7.806976e-01	-1.678514e-01
7.807232e-01	-1.634172e-01
7.807488e-01	-1.588711e-01
7.807744e-01	-1.544177e-01
7.808000e-01	-1.499838e-01
7.808256e-01	-1.454125e-01
7.808512e-01	-1.407934e-01
7.808768e-01	-1.362386e-01
7.809024e-01	-1.315874e-01
7.809280e-01	-1.269959e-01
7.809536e-01	-1.223669e-01
7.809792e-01	-1.175686e-01
7.810048e-01	-1.128484e-01
7.810304e-01	-1.082063e-01
7.810560e-01	-1.035517e-01
7.810816e-01	-9.868341e-02
7.811072e-01	-9.401982e-02
7.811328e-01	-8.920678e-02
7.811584e-01	-8.453482e-02
7.811840e-01	-7.964781e-02
7.812096e-01	-7.486010e-02
7.812352e-01	-7.008275e-02
7.812608e-01	-6.519775e-02
7.812864e-01	-6.043458e-02
7.813120e-01	-5.571593e-02
7.813376e-01	-5.086035e-02
7.813632e-01	-4.603230e-02
7.813888e-01	-4.133372e-02
7.814144e-01	-3.641478e-02
7.814400e-01	-3.159053e-02
7.814656e-01	-2.676231e-02
7.814912e-01	-2.208298e-02
7.815168e-01	-1.732787e-02
7.815424e-01	-1.239398e-02
7.815680e-01	-7.706812e-03
7.815936e-01	-2.881685e-03
7.816192e-01	1.765592e-03
7.816448e-01	6.580625e-03
7.816704e-01	1.121692e-02
7.816960e-01	1.599752e-02
7.817216e-01	2.065871e-02
7.817472e-01	2.532644e-02
7.817728e-01	3.003692e-02
7.817984e-01	3.462961e-02
7.818240e-01	3.924633e-02
7.818496e-01	4.378179e-02
7.818752e-01	4.836062e-02
7.819008e-01	5.281037e-02
7.819264e-01	5.737057e-02
7.819520e-01	6.186092e-02
7.819776e-01	6.630166e-02
7.820032e-01	7.077768e-02
7.820288e-01	7.508556e-02
7.820544e-01	7.946597e-02
7.820800e-01	8.373471e-02
7.821056e-01	8.814167e-02
7.821312e-01	9.224740e-02
7.821568e-01	9.647590e-02
7.821824e-01	1.007762e-01
7.822080e-01	1.049041e-01
7.822336e-01	1.090969e-01
7.822592e-01	1.130727e-01
7.822848e-01	1.170674e-01
7.823104e-01	1.210549e-01
7.823360e-01	1.248832e-01
7.823616e-01	1.288149e-01
7.823872e-01	1.326350e-01
7.824128e-01	1.364190e-01
7.824384e-01	1.401890e-01
7.824640e-01	1.438943e-01
7.824896e-01	1.474621e-01
7.825152e-01	1.511611e-01
7.825408e-01	1.546158e-01
7.825664e-01	1.579871e-01
7.825920e-01	1.616199e-01
7.826176e-01	1.649229e-01
7.826432e-01	1.680870e-01
7.826688e-01	1.714813e-01
7.826944e-01	1.747148e-01
7.827200e-01	1.777890e-01
7.827456e-01	1.807714e-01
7.827712e-01	1.839980e-01
7.827968e-01	1.869355e-01
7.828224e-01	1.897939e-01
7.828480e-01	1.926010e-01
7.828736e-01	1.954333e-01
7.828992e-01	1.980882e-01
7.829248e-01	2.008095e-01
7.829504e-01	2.034909e-01
7.829760e-01	2.059145e-01
7.830016e-01	2.083081e-01
7.830272e-01	2.107346e-01
7.830528e-01	2.130600e-01
7.830784e-01	2.154073e-01
7.831040e-01	2.175483e-01
7.831296e-01	2.195745e-01
7.831552e-01	2.216546e-01
7.831808e-01	2.237255e-01
7.832064e-01	2.256011e-01
7.832320e-01	2.272631e-01
7.832576e-01	2.291226e-01
7.832832e-01	2.309999e-01
7.833088e-01	2.323876e-01
7.833344e-01	2.340714e-01
7.833600e-01	2.355518e-01
7.833856e-01	2.368839e-01
7.834112e-01	2.381116e-01
7.834368e-01	2.393762e-01
7.834624e-01	2.405812e-01
7.834880e-01	2.417056e-01
7.835136e-01	2.427280e-01
7.835392e-01	2.436477e-01
7.835648e-01	2.445251e-01
7.835904e-01	2.452976e-01
7.836160e-01	2.460429e-01
7.836416e-01	2.467776e-01
7.836672e-01	2.472201e-01
7.836928e-01	2.476484e-01
7.837184e-01	2.481319e-01
7.837440e-01	2.484475e-01
7.837696e-01	2.486521e-01
7.837952e-01	2.489282e-01
7.838208e-01	2.488910e-01
7.838464e-01	2.490231e-01
7.838720e-01	2.489389e-01
7.838976e-01	2.488989e-01
7.839232e-01	2.486063e-01
7.839488e-01	2.483004e-01
7.839744e-01	2.479876e-01
7.840000e-01	2.475524e-01
7.840256e-01	2.469613e-01
7.840512e-01	2.463619e-01
7.840768e-01	2.458357e-01
7.841024e-01	2.449055e-01
7.841280e-01	2.440816e-01
7.841536e-01	2.433106e-01
7.841792e-01	2.421978e-01
7.842048e-01	2.412422e-01
7.842304e-01	2.401090e-01
7.842560e-01	2.387881e-01
7.842816e-01	2.375659e-01
7.843072e-01	2.363521e-01
7.843328e-01	2.347191e-01
7.843584e-01	2.332325e-01
7.843840e-01	2.317116e-01
7.844096e-01	2.299872e-01
7.844352e-01	2.282521e-01
7.844608e-01	2.267157e-01
7.844864e-01	2.246524e-01
7.845120e-01	2.226737e-01
7.845376e-01	2.207856e-01
7.845632e-01	2.187007e-01
7.845888e-01	2.164554e-01
7.846144e-01	2.141945e-01
7.846400e-01	2.120281e-01
7.846656e-01	2.096523e-01
7.846912e-01	2.073037e-01
7.847168e-01	2.048992e-01
7.847424e-01	2.022036e-01
7.847680e-01	1.995795e-01
7.847936e-01	1.968664e-01
7.848192e-01	1.942699e-01
7.848448e-01	1.913531e-01
7.848704e-01	1.884624e-01
7.848960e-01	1.855140e-01
7.849216e-01	1.824699e-01
7.849472e-01	1.794525e-01
7.849728e-01	1.764222e-01
7.849984e-01	1.732275e-01
7.850240e-01	1.699603e-01
7.850496e-01	1.667164e-01
7.850752e-01	1.634094e-01
7.851008e-01	1.599394e-01
7.851264e-01	1.565269e-01
7.851520e-01	1.528990e-01
7.851776e-01	1.493926e-01
7.852032e-01	1.458279e-01
7.852288e-01	1.420916e-01
7.852544e-01	1.383711e-01
7.852800e-01	1.346502e-01
7.853056e-01	1.308688e-01
7.853312e-01	1.270010e-01
7.853568e-01	1.230634e-01
7.853824e-01	1.191866e-01
7.854080e-01	1.152270e-01
7.854336e-01	1.111622e-01
7.854592e-01	1.069899e-01
7.854848e-01	1.029679e-01
7.855104e-01	9.866223e-02
7.855360e-01	9.466483e-02
7.855616e-01	9.041964e-02
7.855872e-01	8.599845e-02
7.856128e-01	8.185698e-02
7.856384e-01	7.748565e-02
7.856640e-01	7.309397e-02
7.856896e-01	6.871592e-02
7.857152e-01	6.428148e-02
7.857408e-01	5.972020e-02
7.857664e-01	5.514703e-02
7.857920e-01	5.085009e-02
7.858176e-01	4.626106e-02
7.858432e-01	4.163176e-02
7.858688e-01	3.710961e-02
7.858944e-01	3.249006e-02
7.859200e-01	2.775822e-02
7.859456e-01	2.325353e-02
7.859712e-01	1.853005e-02
7.859968e-01	1.385538e-02
7.860224e-01	9.050442e-03
7.860480e-01	4.325567e-03
7.860736e-01	-2.537869e-04
7.860992e-01	-5.082321e-03
7.861248e-01	-9.880399e-03
7.861504e-01	-1.468616e-02
7.861760e-01	-1.937813e-02
7.862016e-01	-2.421901e-02
7.862272e-01	-2.906420e-02
7.862528e-01	-3.371730e-02
7.862784e-01	-3.857086e-02
7.863040e-01	-4.339660e-02
7.863296e-01	-4.823520e-02
7.863552e-01	-5.303339e-02
7.863808e-01	-5.786495e-02
7.864064e-01	-6.260605e-02
7.864320e-01	-6.746868e-02
7.864576e-01	-7.220972e-02
7.864832e-01	-7.704092e-02
7.865088e-01	-8.175769e-02
7.865344e-01	-8.658274e-02
7.865600e-01	-9.137860e-02
7.865856e-01	-9.611428e-02
7.866112e-01	-1.007733e-01
7.866368e-01	-1.055667e-01
7.866624e-01	-1.104057e-01
7.866880e-01	-1.150348e-01
7.867136e-01	-1.197628e-01
7.867392e-01	-1.244016e-01
7.867648e-01	-1.289831e-01
7.867904e-01	-1.336517e-01
7.868160e-01	-1.382423e-01
7.868416e-01	-1.428324e-01
7.868672e-01	-1.472654e-01
7.868928e-01	-1.520142e-01
7.869184e-01	-1.564803e-01
7.869440e-01	-1.609310e-01
7.869696e-01	-1.653489e-01
7.869952e-01	-1.697489e-01
7.870208e-01	-1.742278e-01
7.870464e-01	-1.785096e-01
7.870720e-01	-1.828376e-01
7.870976e-01	-1.871685e-01
7.871232e-01	-1.913412e-01
7.871488e-01	-1.955626e-01
7.871744e-01	-1.997962e-01
7.872000e-01	-2.039070e-01
7.872256e-01	-2.079436e-01
7.872512e-01	-2.120775e-01
7.872768e-01	-2.160845e-01
7.873024e-01	-2.201665e-01
7.873280e-01	-2.240415e-01
7.873536e-01	-2.278200e-01
7.873792e-01	-2.316706e-01
7.874048e-01	-2.355454e-01
7.874304e-01	-2.392485e-01
7.874560e-01	-2.429217e-01
7.874816e-01	-2.465345e-01
7.875072e-01	-2.502080e-01
7.875328e-01	-2.536854e-01
7.875584e-01	-2.571614e-01
7.875840e-01	-2.607246e-01
7.876096e-01	-2.640057e-01
7.876352e-01	-2.673064e-01
7.876608e-01	-2.705891e-01
7.876864e-01	-2.737711e-01
7.877120e-01	-2.769223e-01
7.877376e-01	-2.799936e-01
7.877632e-01	-2.831101e-01
7.877888e-01	-2.859299e-01
7.878144e-01	-2.888518e-01
7.878400e-01	-2.917116e-01
7.878656e-01	-2.945915e-01
7.878912e-01	-2.973489e-01
7.879168e-01	-2.998935e-01
7.879424e-01	-3.025334e-01
7.879680e-01	-3.052135e-01
7.879936e-01	-3.075205e-01
7.880192e-01	-3.099298e-01
7.880448e-01	-3.123080e-01
7.880704e-01	-3.144454e-01
7.880960e-01	-3.166466e-01
7.881216e-01	-3.188184e-01
7.881472e-01	-3.208507e-01
7.881728e-01	-3.228706e-01
7.881984e-01	-3.247047e-01
7.882240e-01	-3.266347e-01
7.882496e-01	-3.284595e-01
7.882752e-01	-3.300021e-01
7.883008e-01	-3.317149e-01
7.883264e-01	-3.333279e-01
7.883520e-01	-3.346801e-01
7.883776e-01	-3.361307e-01
7.884032e-01	-3.373560e-01
7.884288e-01	-3.388075e-01
7.884544e-01	-3.398474e-01
7.884800e-01	-3.408972e-01
7.885056e-01	-3.419815e-01
7.885312e-01	-3.429810e-01
7.885568e-01	-3.437423e-01
7.885824e-01	-3.445548e-01
7.886080e-01	-3.453372e-01
7.886336e-01	-3.458647e-01
7.886592e-01	-3.465818e-01
7.886848e-01	-3.470678e-01
7.887104e-01	-3.473729e-01
7.887360e-01	-3.477426e-01
7.887616e-01	-3.479899e-01
7.887872e-01	-3.482676e-01
7.888128e-01	-3.483903e-01
7.888384e-01	-3.483747e-01
7.888640e-01	-3.483305e-01
7.888896e-01	-3.482178e-01
7.889152e-01	-3.478794e-01
7.889408e-01	-3.476954e-01
7.889664e-01	-3.473109e-01
7.889920e-01	-3.469373e-01
7.890176e-01	-3.464586e-01
7.890432e-01	-3.457844e-01
7.890688e-01	-3.451559e-01
7.890944e-01	-3.443887e-01
7.891200e-01	-3.435758e-01
7.891456e-01	-3.426357e-01
7.891712e-01	-3.415322e-01
7.891968e-01	-3.407420e-01
7.892224e-01	-3.394693e-01
7.892480e-01	-3.381827e-01
7.892736e-01	-3.370592e-01
7.892992e-01	-3.357136e-01
7.893248e-01	-3.341928e-01
7.893504e-01	-3.327224e-01
7.893760e-01	-3.311884e-01
7.894016e-01	-3.295884e-01
7.894272e-01	-3.277709e-01
7.894528e-01	-3.261541e-01
7.894784e-01	-3.241903e-01
7.895040e-01	-3.222359e-01
7.895296e-01	-3.201638e-01
7.895552e-01	-3.180866e-01
7.895808e-01	-3.161020e-01
7.896064e-01	-3.136920e-01
7.896320e-01	-3.115022e-01
7.896576e-01	-3.092425e-01
7.896832e-01	-3.068328e-01
7.897088e-01	-3.042380e-01
7.897344e-01	-3.016249e-01
7.897600e-01	-2.991350e-01
7.897856e-01	-2.963706e-01
7.898112e-01	-2.937974e-01
7.898368e-01	-2.907864e-01
7.898624e-01	-2.879707e-01
7.898880e-01	-2.851120e-01
7.899136e-01	-2.820982e-01
7.899392e-01	-2.790861e-01
7.899648e-01	-2.758816e-01
7.899904e-01	-2.726845e-01
7.900160e-01	-2.695975e-01
7.900416e-01	-2.661580e-01
7.900672e-01	-2.629184e-01
7.900928e-01	-2.596105e-01
7.901184e-01	-2.559708e-01
7.901440e-01	-2.526039e-01
7.901696e-01	-2.489670e-01
7.901952e-01	-2.452884e-01
7.902208e-01	-2.417398e-01
7.902464e-01	-2.378751e-01
7.902720e-01	-2.342302e-01
7.902976e-01	-2.304120e-01
7.903232e-01	-2.266677e-01
7.903488e-01	-2.226461e-01
7.903744e-01	-2.187291e-01
7.904000e-01	-2.147715e-01
7.904256e-01	-2.106559e-01
7.904512e-01	-2.066640e-01
7.904768e-01	-2.024859e-01
7.905024e-01	-1.983625e-01
7.905280e-01	-1.942550e-01
7.905536e-01	-1.899346e-01
7.905792e-01	-1.857707e-01
7.906048e-01	-1.815032e-01
7.906304e-01	-1.770754e-01
7.906560e-01	-1.727287e-01
7.906816e-01	-1.683253e-01
7.907072e-01	-1.637810e-01
7.907328e-01	-1.594241e-01
7.907584e-01	-1.549075e-01
7.907840e-01	-1.503195e-01
7.908096e-01	-1.458072e-01
7.908352e-01	-1.413412e-01
7.908608e-01	-1.367608e-01
7.908864e-01	-1.320835e-01
7.909120e-01	-1.274340e-01
7.909376e-01	-1.229217e-01
7.909632e-01	-1.180413e-01
7.909888e-01	-1.133581e-01
7.910144e-01	-1.086428e-01
7.910400e-01	-1.039703e-01
7.910656e-01	-9.929597e-02
7.910912e-01	-9.445891e-02
7.911168e-01	-8.974585e-02
7.911424e-01	-8.498964e-02
7.911680e-01	-8.011671e-02
7.911936e-01	-7.541714e-02
7.912192e-01	-7.058953e-02
7.912448e-01	-6.588515e-02
7.912704e-01	-6.092334e-02
7.912960e-01	-5.604000e-02
7.913216e-01	-5.132250e-02
7.913472e-01	-4.645901e-02
7.913728e-01	-4.180794e-02
7.913984e-01	-3.684848e-02
7.914240e-01	-3.194189e-02
7.914496e-01	-2.732375e-02
7.914752e-01	-2.247514e-02
7.915008e-01	-1.775587e-02
7.915264e-01	-1.289572e-02
7.915520e-01	-8.278054e-03
7.915776e-01	-3.403675e-03
7.916032e-01	1.465400e-03
7.916288e-01	6.069993e-03
7.916544e-01	1.076708e-02
7.916800e-01	1.547766e-02
7.917056e-01	2.016522e-02
7.917312e-01	2.476448e-02
7.917568e-01	2.949471e-02
7.917824e-01	3.426095e-02
7.918080e-01	3.859349e-02
7.918336e-01	4.333323e-02
7.918592e-01	4.793431e-02
7.918848e-01	5.240856e-02
7.919104e-01	5.688424e-02
7.919360e-01	6.136315e-02
7.919616e-01	6.586493e-02
7.919872e-01	7.026160e-02
7.920128e-01	7.469901e-02
7.920384e-01	7.914042e-02
7.920640e-01	8.334426e-02
7.920896e-01	8.773033e-02
7.921152e-01	9.195082e-02
7.921408e-01	9.611700e-02
7.921664e-01	1.002555e-01
7.921920e-01	1.044043e-01
7.922176e-01	1.086118e-01
7.922432e-01	1.126969e-01
7.922688e-01	1.166768e-01
7.922944e-01	1.206407e-01
7.923200e-01	1.245557e-01
7.923456e-01	1.284292e-01
7.923712e-01	1.322043e-01
7.923968e-01	1.360250e-01
7.924224e-01	1.398278e-01
7.924480e-01	1.435674e-01
7.924736e-01	1.471639e-01
7.924992e-01	1.507431e-01
7.925248e-01	1.543602e-01
7.925504e-01	1.577965e-01
7.925760e-01	1.612091e-01
7.926016e-01	1.646149e-01
7.926272e-01	1.678463e-01
7.926528e-01	1.712884e-01
7.926784e-01	1.743679e-01
7.927040e-01	1.775748e-01
7.927296e-01	1.807065e-01
7.927552e-01	1.837177e-01
7.927808e-01	1.866117e-01
7.928064e-01	1.895699e-01
7.928320e-01	1.924979e-01
7.928576e-01	1.952361e-01
7.928832e-01	1.979441e-01
7.929088e-01	2.005608e-01
7.929344e-01	2.031825e-01
7.929600e-01	2.057966e-01
7.929856e-01	2.080201e-01
7.930112e-01	2.105144e-01
7.930368e-01	2.128537e-01
7.930624e-01	2.152029e-01
7.930880e-01	2.173318e-01
7.931136e-01	2.194057e-01
7.931392e-01	2.215426e-01
7.931648e-01	2.234738e-01
7.931904e-01	2.253600e-01
7.932160e-01	2.272327e-01
7.932416e-01	2.289840e-01
7.932672e-01	2.306788e-01
7.932928e-01	2.323629e-01
7.933184e-01	2.339805e-01
7.933440e-01	2.354357e-01
7.933696e-01	2.367360e-01
7.933952e-01	2.380605e-01
7.934208e-01	2.394778e-01
7.934464e-01	2.403917e-01
7.934720e-01	2.415953e-01
7.934976e-01	2.427316e-01
7.935232e-01	2.436419e-01
7.935488e-01	2.445348e-01
7.935744e-01	2.453005e-01
7.936000e-01	2.460465e-01
7.936256e-01	2.465273e-01
7.936512e-01	2.472613e-01
7.936768e-01	2.478838e-01
7.937024e-01	2.479603e-01
7.937280e-01	2.485420e-01
7.937536e-01	2.487128e-01
7.937792e-01	2.488409e-01
7.938048e-01	2.489737e-01
7.938304e-01	2.489711e-01
7.938560e-01	2.490070e-01
7.938816e-01	2.487976e-01
7.939072e-01	2.486600e-01
7.939328e-01	2.483954e-01
7.939584e-01	2.479851e-01
7.939840e-01	2.474932e-01
7.940096e-01	2.469383e-01
7.940352e-01	2.464984e-01
7.940608e-01	2.457478e-01
7.940864e-01	2.450335e-01
7.941120e-01	2.441976e-01
7.941376e-01	2.433412e-01
7.941632e-01	2.423862e-01
7.941888e-01	2.412598e-01
7.942144e-01	2.401959e-01
7.942400e-01	2.389632e-01
7.942656e-01	2.376789e-01
7.942912e-01	2.363428e-01
7.943168e-01	2.348863e-01
7.943424e-01	2.335408e-01
7.943680e-01	2.317487e-01
7.943936e-01	2.301728e-01
7.944192e-01	2.284723e-01
7.944448e-01	2.267591e-01
7.944704e-01	2.248415e-01
7.944960e-01	2.228628e-01
7.945216e-01	2.208909e-01
7.945472e-01	2.188415e-01
7.945728e-01	2.167101e-01
7.945984e-01	2.144442e-01
7.946240e-01	2.122235e-01
7.946496e-01	2.099384e-01
7.946752e-01	2.074335e-01
7.947008e-01	2.051006e-01
7.947264e-01	2.024850e-01
7.947520e-01	1.998578e-01
7.947776e-01	1.971596e-01
7.948032e-01	1.943727e-01
7.948288e-01	1.916135e-01
7.948544e-01	1.887706e-01
7.948800e-01	1.858442e-01
7.949056e-01	1.827521e-01
7.949312e-01	1.797371e-01
7.949568e-01	1.767364e-01
7.949824e-01	1.734875e-01
7.950080e-01	1.703279e-01
7.950336e-01	1.670954e-01
7.950592e-01	1.636464e-01
7.950848e-01	1.602223e-01
7.951104e-01	1.569192e-01
7.951360e-01	1.533648e-01
7.951616e-01	1.499568e-01
7.951872e-01	1.461881e-01
7.952128e-01	1.426000e-01
7.952384e-01	1.388421e-01
7.952640e-01	1.349905e-01
7.952896e-01	1.312584e-01
7.953152e-01	1.273304e-01
7.953408e-01	1.234253e-01
7.953664e-01	1.196539e-01
7.953920e-01	1.155531e-01
7.954176e-01	1.114835e-01
7.954432e-01	1.074385e-01
7.954688e-01	1.032989e-01
7.954944e-01	9.931299e-02
7.955200e-01	9.500141e-02
7.955456e-01	9.079751e-02
7.955712e-01	8.653455e-02
7.955968e-01	8.210070e-02
7.956224e-01	7.792480e-02
7.956480e-01	7.342093e-02
7.956736e-01	6.914520e-02
7.956992e-01	6.457502e-02
7.957248e-01	6.013472e-02
7.957504e-01	5.573644e-02
7.957760e-01	5.116529e-02
7.958016e-01	4.668303e-02
7.958272e-01	4.208077e-02
7.958528e-01	3.746351e-02
7.958784e-01	3.289839e-02
7.959040e-01	2.827675e-02
7.959296e-01	2.371806e-02
7.959552e-01	1.893355e-02
7.959808e-01	1.428433e-02
7.960064e-01	9.560457e-03
7.960320e-01	4.800167e-03
7.960576e-01	7.475187e-05
7.960832e-01	-4.606626e-03
7.961088e-01	-9.336477e-03
7.961344e-01	-1.424075e-02
7.961600e-01	-1.893380e-02
7.961856e-01	-2.381294e-02
7.962112e-01	-2.858914e-02
7.962368e-01	-3.331511e-02
7.962624e-01	-3.829059e-02
7.962880e-01	-4.286568e-02
7.963136e-01	-4.770600e-02
7.963392e-01	-5.266874e-02
7.963648e-01	-5.737118e-02
7.963904e-01	-6.208662e-02
7.964160e-01	-6.703243e-02
7.964416e-01	-7.178105e-02
7.964672e-01	-7.669927e-02
7.964928e-01	-8.138718e-02
7.965184e-01	-8.619715e-02
7.965440e-01	-9.096810e-02
7.965696e-01	-9.562901e-02
7.965952e-01	-1.004479e-01
7.966208e-01	-1.052343e-01
7.966464e-01	-1.098406e-01
7.966720e-01	-1.146252e-01
7.966976e-01	-1.192814e-01
7.967232e-01	-1.239499e-01
7.967488e-01	-1.286214e-01
7.967744e-01	-1.331440e-01
7.968000e-01	-1.378487e-01
7.968256e-01	-1.423913e-01
7.968512e-01	-1.468634e-01
7.968768e-01	-1.515005e-01
7.969024e-01	-1.561096e-01
7.969280e-01	-1.604779e-01
7.969536e-01	-1.648982e-01
7.969792e-01	-1.695269e-01
7.970048e-01	-1.737165e-01
7.970304e-01	-1.781432e-01
7.970560e-01	-1.824215e-01
7.970816e-01	-1.867149e-01
7.971072e-01	-1.910014e-01
7.971328e-01	-1.952401e-01
7.971584e-01	-1.993675e-01
7.971840e-01	-2.034876e-01
7.972096e-01	-2.077300e-01
7.972352e-01	-2.116346e-01
7.972608e-01	-2.156409e-01
7.972864e-01	-2.197546e-01
7.973120e-01	-2.235720e-01
7.973376e-01	-2.274927e-01
7.973632e-01	-2.313906e-01
7.973888e-01	-2.352225e-01
7.974144e-01	-2.388101e-01
7.974400e-01	-2.426933e-01
7.974656e-01	-2.462817e-01
7.974912e-01	-2.498247e-01
7.975168e-01	-2.534909e-01
7.975424e-01	-2.569149e-01
7.975680e-01	-2.602991e-01
7.975936e-01	-2.637497e-01
7.976192e-01	-2.670937e-01
7.976448e-01	-2.703573e-01
7.976704e-01	-2.736005e-01
7.976960e-01	-2.767451e-01
7.977216e-01	-2.796955e-01
7.977472e-01	-2.828049e-01
7.977728e-01	-2.858402e-01
7.977984e-01	-2.886841e-01
7.978240e-01	-2.915715e-01
7.978496e-01	-2.944064e-01
7.978752e-01	-2.969850e-01
7.979008e-01	-2.997985e-01
7.979264e-01	-3.023463e-01
7.979520e-01	-3.048581e-01
7.979776e-01	-3.073926e-01
7.980032e-01	-3.097588e-01
7.980288e-01	-3.121447e-01
7.980544e-01	-3.143342e-01
7.980800e-01	-3.165149e-01
7.981056e-01	-3.186708e-01
7.981312e-01	-3.207631e-01
7.981568e-01	-3.227099e-01
7.981824e-01	-3.246095e-01
7.982080e-01	-3.265788e-01
7.982336e-01	-3.281477e-01
7.982592e-01	-3.299564e-01
7.982848e-01	-3.314688e-01
7.983104e-01	-3.330369e-01
7.983360e-01	-3.346411e-01
7.983616e-01	-3.360080e-01
7.983872e-01	-3.373134e-01
7.984128e-01	-3.386858e-01
7.984384e-01	-3.397899e-01
7.984640e-01	-3.407528e-01
7.984896e-01	-3.418475e-01
7.985152e-01	-3.428917e-01
7.985408e-01	-3.437811e-01
7.985664e-01	-3.445707e-01
7.985920e-01	-3.451903e-01
7.986176e-01	-3.458739e-01
7.986432e-01	-3.464904e-01
7.986688e-01	-3.471090e-01
7.986944e-01	-3.473176e-01
7.987200e-01	-3.477634e-01
7.987456e-01	-3.480795e-01
7.987712e-01	-3.481427e-01
7.987968e-01	-3.484217e-01
7.988224e-01	-3.483535e-01
7.988480e-01	-3.482810e-01
7.988736e-01	-3.483419e-01
7.988992e-01	-3.479921e-01
7.989248e-01	-3.476818e-01
7.989504e-01	-3.473108e-01
7.989760e-01	-3.469459e-01
7.990016e-01	-3.463521e-01
7.990272e-01	-3.458799e-01
7.990528e-01	-3.452441e-01
7.990784e-01	-3.444285e-01
7.991040e-01	-3.436599e-01
7.991296e-01	-3.427772e-01
7.991552e-01	-3.417509e-01
7.991808e-01	-3.407245e-01
7.992064e-01	-3.395953e-01
7.992320e-01	-3.385417e-01
7.992576e-01	-3.371943e-01
7.992832e-01	-3.358020e-01
7.993088e-01	-3.343827e-01
7.993344e-01	-3.327924e-01
7.993600e-01	-3.313529e-01
7.993856e-01	-3.296915e-01
7.994112e-01	-3.279854e-01
7.994368e-01	-3.262008e-01
7.994624e-01	-3.243062e-01
7.994880e-01	-3.224418e-01
7.995136e-01	-3.203881e-01
7.995392e-01	-3.184671e-01
7.995648e-01	-3.161190e-01
7.995904e-01	-3.139684e-01
7.996160e-01	-3.117463e-01
7.996416e-01	-3.094169e-01
7.996672e-01	-3.069876e-01
7.996928e-01	-3.045713e-01
7.997184e-01	-3.019616e-01
7.997440e-01	-2.993658e-01
7.997696e-01	-2.966805e-01
7.997952e-01	-2.938801e-01
7.998208e-01	-2.911289e-01
7.998464e-01	-2.882552e-01
7.998720e-01	-2.854289e-01
7.998976e-01	-2.824170e-01
7.999232e-01	-2.793107e-01
7.999488e-01	-2.761771e-01
7.999744e-01	-2.729883e-01
8.000000e-01	-2.698417e-01
8.000256e-01	-2.664319e-01
8.000512e-01	-2.632558e-01
8.000768e-01	-2.597613e-01
8.001024e-01	-2.564124e-01
8.001280e-01	-2.528970e-01
8.001536e-01	-2.493534e-01
8.001792e-01	-2.457432e-01
8.002048e-01	-2.420890e-01
8.002304e-01	-2.383503e-01
8.002560e-01	-2.344181e-01
8.002816e-01	-2.307935e-01
8.003072e-01	-2.269463e-01
8.003328e-01	-2.230490e-01
8.003584e-01	-2.191133e-01
8.003840e-01	-2.150271e-01
8.004096e-01	-2.111329e-01
8.004352e-01	-2.069369e-01
8.004608e-01	-2.029355e-01
8.004864e-01	-1.987938e-01
8.005120e-01	-1.945613e-01
8.005376e-01	-1.902484e-01
8.005632e-01	-1.861045e-01
8.005888e-01	-1.816556e-01
8.006144e-01	-1.773751e-01
8.006400e-01	-1.731568e-01
8.006656e-01	-1.686420e-01
8.006912e-01	-1.641905e-01
8.007168e-01	-1.597645e-01
8.007424e-01	-1.553394e-01
8.007680e-01	-1.507755e-01
8.007936e-01	-1.462581e-01
8.008192e-01	-1.418015e-01
8.008448e-01	-1.371063e-01
8.008704e-01	-1.324249e-01
8.008960e-01	-1.277943e-01
8.009216e-01	-1.231629e-01
8.009472e-01	-1.184465e-01
8.009728e-01	-1.139604e-01
8.009984e-01	-1.091781e-01
8.010240e-01	-1.044299e-01
8.010496e-01	-9.957940e-02
8.010752e-01	-9.480844e-02
8.011008e-01	-9.014960e-02
8.011264e-01	-8.532751e-02
8.011520e-01	-8.055118e-02
8.011776e-01	-7.581534e-02
8.012032e-01	-7.099446e-02
8.012288e-01	-6.624877e-02
8.012544e-01	-6.141771e-02
8.012800e-01	-5.659558e-02
8.013056e-01	-5.172151e-02
8.013312e-01	-4.701059e-02
8.013568e-01	-4.210669e-02
8.013824e-01	-3.736084e-02
8.014080e-01	-3.257420e-02
8.014336e-01	-2.781690e-02
8.014592e-01	-2.291878e-02
8.014848e-01	-1.815556e-02
8.015104e-01	-1.340285e-02
8.015360e-01	-8.547130e-03
8.015616e-01	-3.843804e-03
8.015872e-01	9.407882e-04
8.016128e-01	5.703741e-03
8.016384e-01	1.028247e-02
8.016640e-01	1.505226e-02
8.016896e-01	1.980580e-02
8.017152e-01	2.444565e-02
8.017408e-01	2.902183e-02
8.017664e-01	3.373008e-02
8.017920e-01	3.823969e-02
8.018176e-01	4.281124e-02
8.018432e-01	4.752216e-02
8.018688e-01	5.192257e-02
8.018944e-01	5.637165e-02
8.019200e-01	6.108410e-02
8.019456e-01	6.547816e-02
8.019712e-01	6.979713e-02
8.019968e-01	7.419152e-02
8.020224e-01	7.864419e-02
8.020480e-01	8.294325e-02
8.020736e-01	8.719667e-02
8.020992e-01	9.146354e-02
8.021248e-01	9.571011e-02
8.021504e-01	9.994842e-02
8.021760e-01	1.040740e-01
8.022016e-01	1.081031e-01
8.022272e-01	1.121887e-01
8.022528e-01	1.162402e-01
8.022784e-01	1.202087e-01
8.023040e-01	1.240731e-01
8.023296e-01	1.280786e-01
8.023552e-01	1.317306e-01
8.023808e-01	1.357652e-01
8.024064e-01	1.394854e-01
8.024320e-01	1.430764e-01
8.024576e-01	1.468026e-01
8.024832e-01	1.504056e-01
8.025088e-01	1.539507e-01
8.025344e-01	1.574593e-01
8.025600e-01	1.608844e-01
8.025856e-01	1.642400e-01
8.026112e-01	1.675881e-01
8.026368e-01	1.707750e-01
8.026624e-01	1.741086e-01
8.026880e-01	1.773842e-01
8.027136e-01	1.802698e-01
8.027392e-01	1.834846e-01
8.027648e-01	1.864164e-01
8.027904e-01	1.893431e-01
8.028160e-01	1.921947e-01
8.028416e-01	1.948728e-01
8.028672e-01	1.976862e-01
8.028928e-01	2.004142e-01
8.029184e-01	2.029638e-01
8.029440e-01	2.055593e-01
8.029696e-01	2.079273e-01
8.029952e-01	2.102951e-01
8.030208e-01	2.127322e-01
8.030464e-01	2.149278e-01
8.030720e-01	2.170629e-01
8.030976e-01	2.192934e-01
8.031232e-01	2.212251e-01
8.031488e-01	2.233054e-01
8.031744e-01	2.251585e-01
8.032000e-01	2.270845e-01
8.032256e-01	2.289423e-01
8.032512e-01	2.306678e-01
8.032768e-01	2.322026e-01
8.033024e-01	2.337136e-01
8.033280e-01	2.352315e-01
8.033536e-01	2.367558e-01
8.033792e-01	2.380498e-01
8.034048e-01	2.392071e-01
8.034304e-01	2.404621e-01
8.034560e-01	2.415268e-01
8.034816e-01	2.426178e-01
8.035072e-01	2.436049e-01
8.035328e-01	2.443875e-01
8.035584e-01	2.452261e-01
8.035840e-01	2.458773e-01
8.036096e-01	2.467016e-01
8.036352e-01	2.471672e-01
8.036608e-01	2.477291e-01
8.036864e-01	2.480503e-01
8.037120e-01	2.483455e-01
8.037376e-01	2.486913e-01
8.037632e-01	2.488804e-01
8.037888e-01	2.490177e-01
8.038144e-01	2.489352e-01
8.038400e-01	2.489402e-01
8.038656e-01	2.489429e-01
8.038912e-01	2.486863e-01
8.039168e-01	2.483581e-01
8.039424e-01	2.480267e-01
8.039680e-01	2.477127e-01
8.039936e-01	2.471075e-01
8.040192e-01	2.465317e-01
8.040448e-01	2.458746e-01
8.040704e-01	2.451231e-01
8.040960e-01	2.443619e-01
8.041216e-01	2.434916e-01
8.041472e-01	2.424166e-01
8.041728e-01	2.413736e-01
8.041984e-01	2.403026e-01
8.042240e-01	2.392155e-01
8.042496e-01	2.377813e-01
8.042752e-01	2.365210e-01
8.043008e-01	2.350795e-01
8.043264e-01	2.335992e-01
8.043520e-01	2.320611e-01
8.043776e-01	2.304223e-01
8.044032e-01	2.286204e-01
8.044288e-01	2.268691e-01
8.044544e-01	2.250408e-01
8.044800e-01	2.231431e-01
8.045056e-01	2.210300e-01
8.045312e-01	2.190639e-01
8.045568e-01	2.169035e-01
8.045824e-01	2.146208e-01
8.046080e-01	2.124925e-01
8.046336e-01	2.100738e-01
8.046592e-01	2.076817e-01
8.046848e-01	2.051645e-01
8.047104e-01	2.026743e-01
8.047360e-01	2.001700e-01
8.047616e-01	1.972809e-01
8.047872e-01	1.947606e-01
8.048128e-01	1.919101e-01
8.048384e-01	1.890518e-01
8.048640e-01	1.860783e-01
8.048896e-01	1.831097e-01
8.049152e-01	1.800407e-01
8.049408e-01	1.769584e-01
8.049664e-01	1.738864e-01
8.049920e-01	1.705427e-01
8.050176e-01	1.672178e-01
8.050432e-01	1.639970e-01
8.050688e-01	1.605468e-01
8.050944e-01	1.571367e-01
8.051200e-01	1.536656e-01
8.051456e-01	1.500984e-01
8.051712e-01	1.464226e-01
8.051968e-01	1.427462e-01
8.052224e-01	1.391823e-01
8.052480e-01	1.354887e-01
8.052736e-01	1.314141e-01
8.052992e-01	1.277333e-01
8.053248e-01	1.238688e-01
8.053504e-01	1.198962e-01
8.053760e-01	1.158521e-01
8.054016e-01	1.117692e-01
8.054272e-01	1.078895e-01
8.054528e-01	1.037396e-01
8.054784e-01	9.945867e-02
8.055040e-01	9.537159e-02
8.055296e-01	9.111682e-02
8.055552e-01	8.692222e-02
8.055808e-01	8.254725e-02
8.056064e-01	7.813541e-02
8.056320e-01	7.401108e-02
8.056576e-01	6.947691e-02
8.056832e-01	6.508839e-02
8.057088e-01	6.074152e-02
8.057344e-01	5.607940e-02
8.057600e-01	5.181110e-02
8.057856e-01	4.720310e-02
8.058112e-01	4.256651e-02
8.058368e-01	3.797178e-02
8.058624e-01	3.337700e-02
8.058880e-01	2.867404e-02
8.059136e-01	2.411031e-02
8.059392e-01	1.939688e-02
8.059648e-01	1.471566e-02
8.059904e-01	9.964470e-03
8.060160e-01	5.198619e-03
8.060416e-01	4.837929e-04
8.060672e-01	-4.158782e-03
8.060928e-01	-9.021976e-03
8.061184e-01	-1.371325e-02
8.061440e-01	-1.843344e-02
8.061696e-01	-2.336110e-02
8.061952e-01	-2.795717e-02
8.062208e-01	-3.295870e-02
8.062464e-01	-3.778146e-02
8.062720e-01	-4.242230e-02
8.062976e-01	-4.738101e-02
8.063232e-01	-5.203496e-02
8.063488e-01	-5.695378e-02
8.063744e-01	-6.188745e-02
8.064000e-01	-6.664120e-02
8.064256e-01	-7.126177e-02
8.064512e-01	-7.617576e-02
8.064768e-01	-8.090608e-02
8.065024e-01	-8.573764e-02
8.065280e-01	-9.049273e-02
8.065536e-01	-9.522576e-02
8.065792e-01	-1.000410e-01
8.066048e-01	-1.047331e-01
8.066304e-01	-1.094302e-01
8.066560e-01	-1.141954e-01
8.066816e-01	-1.187843e-01
8.067072e-01	-1.235567e-01
8.067328e-01	-1.281513e-01
8.067584e-01	-1.326677e-01
8.067840e-01	-1.373133e-01
8.068096e-01	-1.420218e-01
8.068352e-01	-1.465075e-01
8.068608e-01	-1.510507e-01
8.068864e-01	-1.555869e-01
8.069120e-01	-1.600554e-01
8.069376e-01	-1.645016e-01
8.069632e-01	-1.689837e-01
8.069888e-01	-1.732988e-01
8.070144e-01	-1.776848e-01
8.070400e-01	-1.820064e-01
8.070656e-01	-1.863860e-01
8.070912e-01	-1.906710e-01
8.071168e-01	-1.948510e-01
8.071424e-01	-1.989701e-01
8.071680e-01	-2.031855e-01
8.071936e-01	-2.072923e-01
8.072192e-01	-2.113674e-01
8.072448e-01	-2.153684e-01
8.072704e-01	-2.193311e-01
8.072960e-01	-2.233540e-01
8.073216e-01	-2.271201e-01
8.073472e-01	-2.309952e-01
8.073728e-01	-2.348881e-01
8.073984e-01	-2.384671e-01
8.074240e-01	-2.423839e-01
8.074496e-01	-2.459591e-01
8.074752e-01	-2.494798e-01
8.075008e-01	-2.531160e-01
8.075264e-01	-2.565989e-01
8.075520e-01	-2.599212e-01
8.075776e-01	-2.634729e-01
8.076032e-01	-2.666983e-01
8.076288e-01	-2.699223e-01
8.076544e-01	-2.731811e-01
8.076800e-01	-2.763126e-01
8.077056e-01	-2.794970e-01
8.077312e-01	-2.825461e-01
8.077568e-01	-2.854384e-01
8.077824e-01	-2.884671e-01
8.078080e-01	-2.911603e-01
8.078336e-01	-2.940129e-01
8.078592e-01	-2.968842e-01
8.078848e-01	-2.995064e-01
8.079104e-01	-3.020974e-01
8.079360e-01	-3.046993e-01
8.079616e-01	-3.070756e-01
8.079872e-01	-3.094576e-01
8.080128e-01	-3.119146e-01
8.080384e-01	-3.141242e-01
8.080640e-01	-3.162632e-01
8.080896e-01	-3.185141e-01
8.081152e-01	-3.205206e-01
8.081408e-01	-3.223790e-01
8.081664e-01	-3.244399e-01
8.081920e-01	-3.263276e-01
8.082176e-01	-3.280958e-01
8.082432e-01	-3.297649e-01
8.082688e-01	-3.313045e-01
8.082944e-01	-3.330691e-01
8.083200e-01	-3.344966e-01
8.083456e-01	-3.358845e-01
8.083712e-01	-3.371930e-01
8.083968e-01	-3.385783e-01
8.084224e-01	-3.396755e-01
8.084480e-01	-3.407058e-01
8.084736e-01	-3.418121e-01
8.084992e-01	-3.427929e-01
8.085248e-01	-3.437537e-01
8.085504e-01	-3.444959e-01
8.085760e-01	-3.451113e-01
8.086016e-01	-3.459437e-01
8.086272e-01	-3.465456e-01
8.086528e-01	-3.468633e-01
8.086784e-01	-3.474102e-01
8.087040e-01	-3.477497e-01
8.087296e-01	-3.480178e-01
8.087552e-01	-3.483743e-01
8.087808e-01	-3.482561e-01
8.088064e-01	-3.483869e-01
8.088320e-01	-3.483094e-01
8.088576e-01	-3.482104e-01
8.088832e-01	-3.480672e-01
8.089088e-01	-3.478155e-01
8.089344e-01	-3.475015e-01
8.089600e-01	-3.470108e-01
8.089856e-01	-3.464244e-01
8.090112e-01	-3.459904e-01
8.090368e-01	-3.452778e-01
8.090624e-01	-3.446004e-01
8.090880e-01	-3.437290e-01
8.091136e-01	-3.428406e-01
8.091392e-01	-3.419861e-01
8.091648e-01	-3.408883e-01
8.091904e-01	-3.397017e-01
8.092160e-01	-3.385506e-01
8.092416e-01	-3.373403e-01
8.092672e-01	-3.360371e-01
8.092928e-01	-3.346514e-01
8.093184e-01	-3.330826e-01
8.093440e-01	-3.315516e-01
8.093696e-01	-3.299553e-01
8.093952e-01	-3.281205e-01
8.094208e-01	-3.264084e-01
8.094464e-01	-3.245109e-01
8.094720e-01	-3.228181e-01
8.094976e-01	-3.206223e-01
8.095232e-01	-3.185314e-01
8.095488e-01	-3.164965e-01
8.095744e-01	-3.142360e-01
8.096000e-01	-3.120291e-01
8.096256e-01	-3.096677e-01
8.096512e-01	-3.072545e-01
8.096768e-01	-3.048720e-01
8.097024e-01	-3.022090e-01
8.097280e-01	-2.997164e-01
8.097536e-01	-2.970312e-01
8.097792e-01	-2.942411e-01
8.098048e-01	-2.915000e-01
8.098304e-01	-2.886373e-01
8.098560e-01	-2.856772e-01
8.098816e-01	-2.827671e-01
8.099072e-01	-2.796874e-01
8.099328e-01	-2.765278e-01
8.099584e-01	-2.733186e-01
8.099840e-01	-2.701520e-01
8.100096e-01	-2.668765e-01
8.100352e-01	-2.634931e-01
8.100608e-01	-2.600660e-01
8.100864e-01	-2.566663e-01
8.101120e-01	-2.532015e-01
8.101376e-01	-2.498309e-01
8.101632e-01	-2.460691e-01
8.101888e-01	-2.424665e-01
8.102144e-01	-2.387626e-01
8.102400e-01	-2.349468e-01
8.102656e-01	-2.311881e-01
8.102912e-01	-2.273150e-01
8.103168e-01	-2.234107e-01
8.103424e-01	-2.195217e-01
8.103680e-01	-2.155151e-01
8.103936e-01	-2.115730e-01
8.104192e-01	-2.074764e-01
8.104448e-01	-2.033391e-01
8.104704e-01	-1.992300e-01
8.104960e-01	-1.950374e-01
8.105216e-01	-1.906971e-01
8.105472e-01	-1.865330e-01
8.105728e-01	-1.821999e-01
8.105984e-01	-1.778834e-01
8.106240e-01	-1.735396e-01
8.106496e-01	-1.691393e-01
8.106752e-01	-1.647819e-01
8.107008e-01	-1.603228e-01
8.107264e-01	-1.557697e-01
8.107520e-01	-1.512603e-01
8.107776e-01	-1.466395e-01
8.108032e-01	-1.422824e-01
8.108288e-01	-1.375528e-01
8.108544e-01	-1.330261e-01
8.108800e-01	-1.284683e-01
8.109056e-01	-1.236872e-01
8.109312e-01	-1.189502e-01
8.109568e-01	-1.143280e-01
8.109824e-01	-1.096866e-01
8.110080e-01	-1.048204e-01
8.110336e-01	-1.001180e-01
8.110592e-01	-9.547908e-02
8.110848e-01	-9.062047e-02
8.111104e-01	-8.596176e-02
8.111360e-01	-8.107939e-02
8.111616e-01	-7.637910e-02
8.111872e-01	-7.142337e-02
8.112128e-01	-6.679229e-02
8.112384e-01	-6.189215e-02
8.112640e-01	-5.697695e-02
8.112896e-01	-5.229177e-02
8.113152e-01	-4.743602e-02
8.113408e-01	-4.259834e-02
8.113664e-01	-3.789805e-02
8.113920e-01	-3.304354e-02
8.114176e-01	-2.813675e-02
8.114432e-01	-2.334201e-02
8.114688e-01	-1.880659e-02
8.114944e-01	-1.401352e-02
8.115200e-01	-9.047725e-03
8.115456e-01	-4.370534e-03
8.115712e-01	3.199930e-04
8.115968e-01	5.054126e-03
8.116224e-01	9.806252e-03
8.116480e-01	1.466495e-02
8.116736e-01	1.924578e-02
8.116992e-01	2.400715e-02
8.117248e-01	2.855929e-02
8.117504e-01	3.316939e-02
8.117760e-01	3.780409e-02
8.118016e-01	4.250689e-02
8.118272e-01	4.704414e-02
8.118528e-01	5.156079e-02
8.118784e-01	5.604141e-02
8.119040e-01	6.054059e-02
8.119296e-01	6.504628e-02
8.119552e-01	6.947491e-02
8.119808e-01	7.384134e-02
8.120064e-01	7.823098e-02
8.120320e-01	8.253754e-02
8.120576e-01	8.671957e-02
8.120832e-01	9.102590e-02
8.121088e-01	9.536359e-02
8.121344e-01	9.947377e-02
8.121600e-01	1.037181e-01
8.121856e-01	1.077385e-01
8.122112e-01	1.119659e-01
8.122368e-01	1.159416e-01
8.122624e-01	1.198109e-01
8.122880e-01	1.238253e-01
8.123136e-01	1.277970e-01
8.123392e-01	1.314860e-01
8.123648e-01	1.352699e-01
8.123904e-01	1.391246e-01
8.124160e-01	1.427533e-01
8.124416e-01	1.463991e-01
8.124672e-01	1.500618e-01
8.124928e-01	1.535512e-01
8.125184e-01	1.571299e-01
8.125440e-01	1.605364e-01
8.125696e-01	1.639690e-01
8.125952e-01	1.672765e-01
8.126208e-01	1.705685e-01
8.126464e-01	1.737936e-01
8.126720e-01	1.770043e-01
8.126976e-01	1.799407e-01
8.127232e-01	1.831106e-01
8.127488e-01	1.860458e-01
8.127744e-01	1.889856e-01
8.128000e-01	1.918686e-01
8.128256e-01	1.946805e-01
8.128512e-01	1.974483e-01
8.128768e-01	1.999840e-01
8.129024e-01	2.027157e-01
8.129280e-01	2.052097e-01
8.129536e-01	2.076702e-01
8.129792e-01	2.101960e-01
8.130048e-01	2.123562e-01
8.130304e-01	2.146590e-01
8.130560e-01	2.167761e-01
8.130816e-01	2.191609e-01
8.131072e-01	2.210999e-01
8.131328e-01	2.231568e-01
8.131584e-01	2.251299e-01
8.131840e-01	2.268262e-01
8.132096e-01	2.285829e-01
8.132352e-01	2.303516e-01
8.132608e-01	2.320496e-01
8.132864e-01	2.335110e-01
8.133120e-01	2.350122e-01
8.133376e-01	2.365428e-01
8.133632e-01	2.377935e-01
8.133888e-01	2.390719e-01
8.134144e-01	2.402661e-01
8.134400e-01	2.413816e-01
8.134656e-01	2.424123e-01
8.134912e-01	2.434191e-01
8.135168e-01	2.442004e-01
8.135424e-01	2.451192e-01
8.135680e-01	2.458499e-01
8.135936e-01	2.464632e-01
8.136192e-01	2.471308e-01
8.136448e-01	2.476458e-01
8.136704e-01	2.480287e-01
8.136960e-01	2.484337e-01
8.137216e-01	2.486086e-01
8.137472e-01	2.489101e-01
8.137728e-01	2.490301e-01
8.137984e-01	2.490341e-01
8.138240e-01	2.489889e-01
8.138496e-01	2.489481e-01
8.138752e-01	2.486658e-01
8.139008e-01	2.484600e-01
8.139264e-01	2.480256e-01
8.139520e-01	2.477479e-01
8.139776e-01	2.472374e-01
8.140032e-01	2.465626e-01
8.140288e-01	2.459014e-01
8.140544e-01	2.451776e-01
8.140800e-01	2.444795e-01
8.141056e-01	2.435285e-01
8.141312e-01	2.425060e-01
8.141568e-01	2.414863e-01
8.141824e-01	2.404060e-01
8.142080e-01	2.393404e-01
8.142336e-01	2.379182e-01
8.142592e-01	2.365390e-01
8.142848e-01	2.352084e-01
8.143104e-01	2.337529e-01
8.143360e-01	2.320715e-01
8.143616e-01	2.305679e-01
8.143872e-01	2.289346e-01
8.144128e-01	2.271222e-01
8.144384e-01	2.252340e-01
8.144640e-01	2.233852e-01
8.144896e-01	2.211864e-01
8.145152e-01	2.192937e-01
8.145408e-01	2.171503e-01
8.145664e-01	2.149094e-01
8.145920e-01	2.127753e-01
8.146176e-01	2.103651e-01
8.146432e-01	2.079605e-01
8.146688e-01	2.054748e-01
8.146944e-01	2.029959e-01
8.147200e-01	2.004264e-01
8.147456e-01	1.976293e-01
8.147712e-01	1.949968e-01
8.147968e-01	1.920872e-01
8.148224e-01	1.892987e-01
8.148480e-01	1.863969e-01
8.148736e-01	1.834444e-01
8.148992e-01	1.803840e-01
8.149248e-01	1.772780e-01
8.149504e-01	1.740400e-01
8.149760e-01	1.708710e-01
8.150016e-01	1.676152e-01
8.150272e-01	1.642693e-01
8.150528e-01	1.609617e-01
8.150784e-01	1.574027e-01
8.151040e-01	1.540286e-01
8.151296e-01	1.505005e-01
8.151552e-01	1.467734e-01
8.151808e-01	1.432534e-01
8.152064e-01	1.394048e-01
8.152320e-01	1.357058e-01
8.152576e-01	1.319015e-01
8.152832e-01	1.281450e-01
8.153088e-01	1.242566e-01
8.153344e-01	1.202796e-01
8.153600e-01	1.162389e-01
8.153856e-01	1.123268e-01
8.154112e-01	1.083084e-01
8.154368e-01	1.040984e-01
8.154624e-01	9.995548e-02
8.154880e-01	9.592714e-02
8.155136e-01	9.148012e-02
8.155392e-01	8.736245e-02
8.155648e-01	8.306622e-02
8.155904e-01	7.862183e-02
8.156160e-01	7.439812e-02
8.156416e-01	6.994066e-02
8.156672e-01	6.554481e-02
8.156928e-01	6.111914e-02
8.157184e-01	5.658562e-02
8.157440e-01	5.215260e-02
8.157696e-01	4.753704e-02
8.157952e-01	4.299678e-02
8.158208e-01	3.834775e-02
8.158464e-01	3.381243e-02
8.158720e-01	2.911306e-02
8.158976e-01	2.458892e-02
8.159232e-01	1.983391e-02
8.159488e-01	1.504925e-02
8.159744e-01	1.056396e-02
8.160000e-01	5.754111e-03
8.160256e-01	9.965263e-04
8.160512e-01	-3.695461e-03
8.160768e-01	-8.586433e-03
8.161024e-01	-1.331346e-02
8.161280e-01	-1.797014e-02
8.161536e-01	-2.288451e-02
8.161792e-01	-2.770068e-02
8.162048e-01	-3.233392e-02
8.162304e-01	-3.733717e-02
8.162560e-01	-4.201298e-02
8.162816e-01	-4.686003e-02
8.163072e-01	-5.159731e-02
8.163328e-01	-5.645189e-02
8.163584e-01	-6.115904e-02
8.163840e-01	-6.607093e-02
8.164096e-01	-7.085150e-02
8.164352e-01	-7.570274e-02
8.164608e-01	-8.054024e-02
8.164864e-01	-8.524754e-02
8.165120e-01	-9.010734e-02
8.165376e-01	-9.475054e-02
8.165632e-01	-9.944198e-02
8.165888e-01	-1.043355e-01
8.166144e-01	-1.089401e-01
8.166400e-01	-1.135612e-01
8.166656e-01	-1.184020e-01
8.166912e-01	-1.231425e-01
8.167168e-01	-1.276452e-01
8.167424e-01	-1.323713e-01
8.167680e-01	-1.369054e-01
8.167936e-01	-1.414811e-01
8.168192e-01	-1.460772e-01
8.168448e-01	-1.506443e-01
8.168704e-01	-1.551767e-01
8.168960e-01	-1.597121e-01
8.169216e-01	-1.640455e-01
8.169472e-01	-1.684099e-01
8.169728e-01	-1.728176e-01
8.169984e-01	-1.772986e-01
8.170240e-01	-1.816287e-01
8.170496e-01	-1.858625e-01
8.170752e-01	-1.901969e-01
8.171008e-01	-1.944466e-01
8.171264e-01	-1.985766e-01
8.171520e-01	-2.028841e-01
8.171776e-01	-2.068060e-01
8.172032e-01	-2.109596e-01
8.172288e-01	-2.149591e-01
8.172544e-01	-2.189371e-01
8.172800e-01	-2.228696e-01
8.173056e-01	-2.268016e-01
8.173312e-01	-2.306921e-01
8.173568e-01	-2.344291e-01
8.173824e-01	-2.381405e-01
8.174080e-01	-2.420336e-01
8.174336e-01	-2.455488e-01
8.174592e-01	-2.491767e-01
8.174848e-01	-2.526582e-01
8.175104e-01	-2.561039e-01
8.175360e-01	-2.598222e-01
8.175616e-01	-2.630566e-01
8.175872e-01	-2.663353e-01
8.176128e-01	-2.697831e-01
8.176384e-01	-2.728573e-01
8.176640e-01	-2.761357e-01
8.176896e-01	-2.792097e-01
8.177152e-01	-2.822524e-01
8.177408e-01	-2.852282e-01
8.177664e-01	-2.880985e-01
8.177920e-01	-2.909944e-01
8.178176e-01	-2.938384e-01
8.178432e-01	-2.964999e-01
8.178688e-01	-2.991668e-01
8.178944e-01	-3.018000e-01
8.179200e-01	-3.044417e-01
8.179456e-01	-3.067915e-01
8.179712e-01	-3.092656e-01
8.179968e-01	-3.115855e-01
8.180224e-01	-3.139497e-01
8.180480e-01	-3.161915e-01
8.180736e-01	-3.182012e-01
8.180992e-01	-3.202947e-01
8.181248e-01	-3.224688e-01
8.181504e-01	-3.241863e-01
8.181760e-01	-3.260364e-01
8.182016e-01	-3.279901e-01
8.182272e-01	-3.295930e-01
8.182528e-01	-3.312189e-01
8.182784e-01	-3.327579e-01
8.183040e-01	-3.342780e-01
8.183296e-01	-3.359351e-01
8.183552e-01	-3.370472e-01
8.183808e-01	-3.383287e-01
8.184064e-01	-3.395111e-01
8.184320e-01	-3.406825e-01
8.184576e-01	-3.417343e-01
8.184832e-01	-3.427118e-01
8.185088e-01	-3.436502e-01
8.185344e-01	-3.444034e-01
8.185600e-01	-3.450807e-01
8.185856e-01	-3.459213e-01
8.186112e-01	-3.463446e-01
8.186368e-01	-3.469070e-01
8.186624e-01	-3.474017e-01
8.186880e-01	-3.476964e-01
8.187136e-01	-3.479646e-01
8.187392e-01	-3.482592e-01
8.187648e-01	-3.482866e-01
8.187904e-01	-3.483161e-01
8.188160e-01	-3.482777e-01
8.188416e-01	-3.482443e-01
8.188672e-01	-3.480992e-01
8.188928e-01	-3.477608e-01
8.189184e-01	-3.474445e-01
8.189440e-01	-3.471855e-01
8.189696e-01	-3.465382e-01
8.189952e-01	-3.460418e-01
8.190208e-01	-3.453177e-01
8.190464e-01	-3.445644e-01
8.190720e-01	-3.437046e-01
8.190976e-01	-3.429492e-01
8.191232e-01	-3.419264e-01
8.191488e-01	-3.408677e-01
8.191744e-01	-3.398107e-01
8.192000e-01	-3.386310e-01
8.192256e-01	-3.374999e-01
8.192512e-01	-3.360927e-01
8.192768e-01	-3.346906e-01
8.193024e-01	-3.332131e-01
8.193280e-01	-3.314488e-01
8.193536e-01	-3.301783e-01
8.193792e-01	-3.283303e-01
8.194048e-01	-3.264060e-01
8.194304e-01	-3.247186e-01
8.194560e-01	-3.228433e-01
8.194816e-01	-3.207898e-01
8.195072e-01	-3.188232e-01
8.195328e-01	-3.166194e-01
8.195584e-01	-3.143489e-01
8.195840e-01	-3.122887e-01
8.196096e-01	-3.098425e-01
8.196352e-01	-3.074025e-01
8.196608e-01	-3.051092e-01
8.196864e-01	-3.022892e-01
8.197120e-01	-2.999476e-01
8.197376e-01	-2.971048e-01
8.197632e-01	-2.944194e-01
8.197888e-01	-2.916775e-01
8.198144e-01	-2.888885e-01
8.198400e-01	-2.859063e-01
8.198656e-01	-2.829401e-01
8.198912e-01	-2.800274e-01
8.199168e-01	-2.768101e-01
8.199424e-01	-2.737230e-01
8.199680e-01	-2.704802e-01
8.199936e-01	-2.671632e-01
8.200192e-01	-2.638528e-01
8.200448e-01	-2.605736e-01
8.200704e-01	-2.570376e-01
8.200960e-01	-2.534471e-01
8.201216e-01	-2.501678e-01
8.201472e-01	-2.463650e-01
8.201728e-01	-2.428098e-01
8.201984e-01	-2.390607e-01
8.202240e-01	-2.353944e-01
8.202496e-01	-2.314627e-01
8.202752e-01	-2.276385e-01
8.203008e-01	-2.237864e-01
8.203264e-01	-2.198803e-01
8.203520e-01	-2.159151e-01
8.203776e-01	-2.119370e-01
8.204032e-01	-2.079426e-01
8.204288e-01	-2.037421e-01
8.204544e-01	-1.996143e-01
8.204800e-01	-1.954139e-01
8.205056e-01	-1.911332e-01
8.205312e-01	-1.869575e-01
8.205568e-01	-1.825771e-01
8.205824e-01	-1.781926e-01
8.206080e-01	-1.739629e-01
8.206336e-01	-1.695172e-01
8.206592e-01	-1.650573e-01
8.206848e-01	-1.606746e-01
8.207104e-01	-1.561065e-01
8.207360e-01	-1.518189e-01
8.207616e-01	-1.470887e-01
8.207872e-01	-1.426115e-01
8.208128e-01	-1.379800e-01
8.208384e-01	-1.333317e-01
8.208640e-01	-1.288386e-01
8.208896e-01	-1.240535e-01
8.209152e-01	-1.193831e-01
8.209408e-01	-1.147397e-01
8.209664e-01	-1.100149e-01
8.209920e-01	-1.054354e-01
8.210176e-01	-1.006080e-01
8.210432e-01	-9.591938e-02
8.210688e-01	-9.110899e-02
8.210944e-01	-8.640011e-02
8.211200e-01	-8.144552e-02
8.211456e-01	-7.673033e-02
8.211712e-01	-7.199596e-02
8.211968e-01	-6.708220e-02
8.212224e-01	-6.230666e-02
8.212480e-01	-5.752537e-02
8.212736e-01	-5.270331e-02
8.212992e-01	-4.794028e-02
8.213248e-01	-4.306587e-02
8.213504e-01	-3.834900e-02
8.213760e-01	-3.349057e-02
8.214016e-01	-2.871985e-02
8.214272e-01	-2.384103e-02
8.214528e-01	-1.896920e-02
8.214784e-01	-1.432856e-02
8.215040e-01	-9.564933e-03
8.215296e-01	-4.714892e-03
8.215552e-01	-9.398987e-05
8.215808e-01	4.844856e-03
8.216064e-01	9.403325e-03
8.216320e-01	1.411870e-02
8.216576e-01	1.884735e-02
8.216832e-01	2.352920e-02
8.217088e-01	2.818588e-02
8.217344e-01	3.278933e-02
8.217600e-01	3.742047e-02
8.217856e-01	4.205732e-02
8.218112e-01	4.660948e-02
8.218368e-01	5.108878e-02
8.218624e-01	5.561984e-02
8.218880e-01	6.017407e-02
8.219136e-01	6.465904e-02
8.219392e-01	6.914324e-02
8.219648e-01	7.334362e-02
8.219904e-01	7.775186e-02
8.220160e-01	8.210593e-02
8.220416e-01	8.646833e-02
8.220672e-01	9.067649e-02
8.220928e-01	9.495764e-02
8.221184e-01	9.912052e-02
8.221440e-01	1.033231e-01
8.221696e-01	1.073823e-01
8.221952e-01	1.114347e-01
8.222208e-01	1.154365e-01
8.222464e-01	1.194620e-01
8.222720e-01	1.234596e-01
8.222976e-01	1.273068e-01
8.223232e-01	1.311351e-01
8.223488e-01	1.349234e-01
8.223744e-01	1.386009e-01
8.224000e-01	1.425065e-01
8.224256e-01	1.461239e-01
8.224512e-01	1.496924e-01
8.224768e-01	1.531325e-01
8.225024e-01	1.567875e-01
8.225280e-01	1.602804e-01
8.225536e-01	1.636321e-01
8.225792e-01	1.670174e-01
8.226048e-01	1.702623e-01
8.226304e-01	1.734381e-01
8.226560e-01	1.767604e-01
8.226816e-01	1.797411e-01
8.227072e-01	1.828130e-01
8.227328e-01	1.857840e-01
8.227584e-01	1.886585e-01
8.227840e-01	1.915876e-01
8.228096e-01	1.944457e-01
8.228352e-01	1.970524e-01
8.228608e-01	1.998764e-01
8.228864e-01	2.024141e-01
8.229120e-01	2.049941e-01
8.229376e-01	2.074075e-01
8.229632e-01	2.098911e-01
8.229888e-01	2.123127e-01
8.230144e-01	2.144714e-01
8.230400e-01	2.166432e-01
8.230656e-01	2.188463e-01
8.230912e-01	2.209039e-01
8.231168e-01	2.230333e-01
8.231424e-01	2.247891e-01
8.231680e-01	2.267235e-01
8.231936e-01	2.284347e-01
8.232192e-01	2.301502e-01
8.232448e-01	2.317564e-01
8.232704e-01	2.334117e-01
8.232960e-01	2.349010e-01
8.233216e-01	2.363148e-01
8.233472e-01	2.377488e-01
8.233728e-01	2.389706e-01
8.233984e-01	2.402091e-01
8.234240e-01	2.412174e-01
8.234496e-01	2.422800e-01
8.234752e-01	2.433876e-01
8.235008e-01	2.441671e-01
8.235264e-01	2.452013e-01
8.235520e-01	2.456766e-01
8.235776e-01	2.464639e-01
8.236032e-01	2.470546e-01
8.236288e-01	2.475776e-01
8.236544e-01	2.479956e-01
8.236800e-01	2.482609e-01
8.237056e-01	2.486535e-01
8.237312e-01	2.489271e-01
8.237568e-01	2.488523e-01
8.237824e-01	2.489332e-01
8.238080e-01	2.491115e-01
8.238336e-01	2.489012e-01
8.238592e-01	2.485966e-01
8.238848e-01	2.485105e-01
8.239104e-01	2.480558e-01
8.239360e-01	2.476200e-01
8.239616e-01	2.472266e-01
8.239872e-01	2.466350e-01
8.240128e-01	2.460567e-01
8.240384e-01	2.453427e-01
8.240640e-01	2.443234e-01
8.240896e-01	2.436951e-01
8.241152e-01	2.426115e-01
8.241408e-01	2.415796e-01
8.241664e-01	2.405380e-01
8.241920e-01	2.392957e-01
8.242176e-01	2.380905e-01
8.242432e-01	2.368104e-01
8.242688e-01	2.353062e-01
8.242944e-01	2.339298e-01
8.243200e-01	2.322440e-01
8.243456e-01	2.307180e-01
8.243712e-01	2.289350e-01
8.243968e-01	2.271658e-01
8.244224e-01	2.254534e-01
8.244480e-01	2.234689e-01
8.244736e-01	2.215228e-01
8.244992e-01	2.195377e-01
8.245248e-01	2.173018e-01
8.245504e-01	2.151675e-01
8.245760e-01	2.128454e-01
8.246016e-01	2.106289e-01
8.246272e-01	2.081702e-01
8.246528e-01	2.058476e-01
8.246784e-01	2.032582e-01
8.247040e-01	2.005923e-01
8.247296e-01	1.980025e-01
8.247552e-01	1.951818e-01
8.247808e-01	1.923608e-01
8.248064e-01	1.896415e-01
8.248320e-01	1.866126e-01
8.248576e-01	1.836840e-01
8.248832e-01	1.806858e-01
8.249088e-01	1.776097e-01
8.249344e-01	1.744185e-01
8.249600e-01	1.712729e-01
8.249856e-01	1.678895e-01
8.250112e-01	1.646660e-01
8.250368e-01	1.612526e-01
8.250624e-01	1.578574e-01
8.250880e-01	1.543098e-01
8.251136e-01	1.507374e-01
8.251392e-01	1.471240e-01
8.251648e-01	1.434457e-01
8.251904e-01	1.398426e-01
8.252160e-01	1.361132e-01
8.252416e-01	1.323075e-01
8.252672e-01	1.284970e-01
8.252928e-01	1.245174e-01
8.253184e-01	1.207160e-01
8.253440e-01	1.165834e-01
8.253696e-01	1.126831e-01
8.253952e-01	1.086553e-01
8.254208e-01	1.044975e-01
8.254464e-01	1.003668e-01
8.254720e-01	9.630657e-02
8.254976e-01	9.195009e-02
8.255232e-01	8.783169e-02
8.255488e-01	8.348919e-02
8.255744e-01	7.918371e-02
8.256000e-01	7.484683e-02
8.256256e-01	7.041257e-02
8.256512e-01	6.593400e-02
8.256768e-01	6.150516e-02
8.257024e-01	5.692671e-02
8.257280e-01	5.254482e-02
8.257536e-01	4.807161e-02
8.257792e-01	4.341818e-02
8.258048e-01	3.881442e-02
8.258304e-01	3.435425e-02
8.258560e-01	2.962802e-02
8.258816e-01	2.493855e-02
8.259072e-01	2.017928e-02
8.259328e-01	1.551015e-02
8.259584e-01	1.078825e-02
8.259840e-01	6.097795e-03
8.260096e-01	1.399408e-03
8.260352e-01	-3.323996e-03
8.260608e-01	-8.089494e-03
8.260864e-01	-1.278989e-02
8.261120e-01	-1.758608e-02
8.261376e-01	-2.230002e-02
8.261632e-01	-2.724816e-02
8.261888e-01	-3.194659e-02
8.262144e-01	-3.679228e-02
8.262400e-01	-4.168610e-02
8.262656e-01	-4.633201e-02
8.262912e-01	-5.114309e-02
8.263168e-01	-5.606000e-02
8.263424e-01	-6.073082e-02
8.263680e-01	-6.569184e-02
8.263936e-01	-7.029752e-02
8.264192e-01	-7.528755e-02
8.264448e-01	-7.998554e-02
8.264704e-01	-8.481908e-02
8.264960e-01	-8.959489e-02
8.265216e-01	-9.426857e-02
8.265472e-01	-9.915546e-02
8.265728e-01	-1.038725e-01
8.265984e-01	-1.084180e-01
8.266240e-01	-1.132800e-01
8.266496e-01	-1.179324e-01
8.266752e-01	-1.225370e-01
8.267008e-01	-1.273434e-01
8.267264e-01	-1.319829e-01
8.267520e-01	-1.365215e-01
8.267776e-01	-1.411542e-01
8.268032e-01	-1.456251e-01
8.268288e-01	-1.503310e-01
8.268544e-01	-1.547265e-01
8.268800e-01	-1.593226e-01
8.269056e-01	-1.637328e-01
8.269312e-01	-1.681050e-01
8.269568e-01	-1.724268e-01
8.269824e-01	-1.769753e-01
8.270080e-01	-1.811850e-01
8.270336e-01	-1.854930e-01
8.270592e-01	-1.898107e-01
8.270848e-01	-1.939526e-01
8.271104e-01	-1.982153e-01
8.271360e-01	-2.024088e-01
8.271616e-01	-2.064421e-01
8.271872e-01	-2.105785e-01
8.272128e-01	-2.145551e-01
8.272384e-01	-2.185920e-01
8.272640e-01	-2.226068e-01
8.272896e-01	-2.264372e-01
8.273152e-01	-2.301818e-01
8.273408e-01	-2.340996e-01
8.273664e-01	-2.377230e-01
8.273920e-01	-2.416203e-01
8.274176e-01	-2.451825e-01
8.274432e-01	-2.487355e-01
8.274688e-01	-2.523626e-01
8.274944e-01	-2.559524e-01
8.275200e-01	-2.594182e-01
8.275456e-01	-2.627456e-01
8.275712e-01	-2.660447e-01
8.275968e-01	-2.693821e-01
8.276224e-01	-2.725905e-01
8.276480e-01	-2.758002e-01
8.276736e-01	-2.788432e-01
8.276992e-01	-2.820587e-01
8.277248e-01	-2.849426e-01
8.277504e-01	-2.880118e-01
8.277760e-01	-2.907332e-01
8.278016e-01	-2.934627e-01
8.278272e-01	-2.963656e-01
8.278528e-01	-2.991131e-01
8.278784e-01	-3.015944e-01
8.279040e-01	-3.041466e-01
8.279296e-01	-3.066216e-01
8.279552e-01	-3.089766e-01
8.279808e-01	-3.113109e-01
8.280064e-01	-3.139243e-01
8.280320e-01	-3.159045e-01
8.280576e-01	-3.179791e-01
8.280832e-01	-3.202042e-01
8.281088e-01	-3.220668e-01
8.281344e-01	-3.241003e-01
8.281600e-01	-3.260842e-01
8.281856e-01	-3.276636e-01
8.282112e-01	-3.294926e-01
8.282368e-01	-3.310336e-01
8.282624e-01	-3.328070e-01
8.282880e-01	-3.341402e-01
8.283136e-01	-3.356190e-01
8.283392e-01	-3.369826e-01
8.283648e-01	-3.382258e-01
8.283904e-01	-3.394297e-01
8.284160e-01	-3.405170e-01
8.284416e-01	-3.415902e-01
8.284672e-01	-3.425856e-01
8.284928e-01	-3.434499e-01
8.285184e-01	-3.443922e-01
8.285440e-01	-3.451342e-01
8.285696e-01	-3.458002e-01
8.285952e-01	-3.463013e-01
8.286208e-01	-3.469029e-01
8.286464e-01	-3.472795e-01
8.286720e-01	-3.477320e-01
8.286976e-01	-3.478933e-01
8.287232e-01	-3.482018e-01
8.287488e-01	-3.482293e-01
8.287744e-01	-3.483972e-01
8.288000e-01	-3.483155e-01
8.288256e-01	-3.483179e-01
8.288512e-01	-3.481151e-01
8.288768e-01	-3.478166e-01
8.289024e-01	-3.475902e-01
8.289280e-01	-3.470436e-01
8.289536e-01	-3.465078e-01
8.289792e-01	-3.460677e-01
8.290048e-01	-3.453433e-01
8.290304e-01	-3.446085e-01
8.290560e-01	-3.438061e-01
8.290816e-01	-3.431105e-01
8.291072e-01	-3.420133e-01
8.291328e-01	-3.410799e-01
8.291584e-01	-3.400394e-01
8.291840e-01	-3.388102e-01
8.292096e-01	-3.374529e-01
8.292352e-01	-3.362752e-01
8.292608e-01	-3.348254e-01
8.292864e-01	-3.333081e-01
8.293120e-01	-3.317975e-01
8.293376e-01	-3.302452e-01
8.293632e-01	-3.284100e-01
8.293888e-01	-3.267229e-01
8.294144e-01	-3.248849e-01
8.294400e-01	-3.229829e-01
8.294656e-01	-3.210186e-01
8.294912e-01	-3.189471e-01
8.295168e-01	-3.168570e-01
8.295424e-01	-3.146467e-01
8.295680e-01	-3.123491e-01
8.295936e-01	-3.100505e-01
8.296192e-01	-3.075937e-01
8.296448e-01	-3.053589e-01
8.296704e-01	-3.025676e-01
8.296960e-01	-3.001325e-01
8.297216e-01	-2.974055e-01
8.297472e-01	-2.946956e-01
8.297728e-01	-2.919692e-01
8.297984e-01	-2.891040e-01
8.298240e-01	-2.861641e-01
8.298496e-01	-2.832066e-01
8.298752e-01	-2.801476e-01
8.299008e-01	-2.771927e-01
8.299264e-01	-2.738955e-01
8.299520e-01	-2.707993e-01
8.299776e-01	-2.674828e-01
8.300032e-01	-2.640493e-01
8.300288e-01	-2.607794e-01
8.300544e-01	-2.573338e-01
8.300800e-01	-2.538118e-01
8.301056e-01	-2.503682e-01
8.301312e-01	-2.466558e-01
8.301568e-01	-2.431274e-01
8.301824e-01	-2.394495e-01
8.302080e-01	-2.356751e-01
8.302336e-01	-2.317436e-01
8.302592e-01	-2.280937e-01
8.302848e-01	-2.240730e-01
8.303104e-01	-2.202954e-01
8.303360e-01	-2.162751e-01
8.303616e-01	-2.122523e-01
8.303872e-01	-2.081596e-01
8.304128e-01	-2.040597e-01
8.304384e-01	-1.998577e-01
8.304640e-01	-1.957580e-01
8.304896e-01	-1.914809e-01
8.305152e-01	-1.873007e-01
8.305408e-01	-1.829559e-01
8.305664e-01	-1.787138e-01
8.305920e-01	-1.744335e-01
8.306176e-01	-1.699744e-01
8.306432e-01	-1.654674e-01
8.306688e-01	-1.611171e-01
8.306944e-01	-1.564273e-01
8.307200e-01	-1.521301e-01
8.307456e-01	-1.475824e-01
8.307712e-01	-1.429524e-01
8.307968e-01	-1.384459e-01
8.308224e-01	-1.338613e-01
8.308480e-01	-1.291638e-01
8.308736e-01	-1.246729e-01
8.308992e-01	-1.199060e-01
8.309248e-01	-1.152451e-01
8.309504e-01	-1.104341e-01
8.309760e-01	-1.057415e-01
8.310016e-01	-1.009353e-01
8.310272e-01	-9.623105e-02
8.310528e-01	-9.146649e-02
8.310784e-01	-8.681383e-02
8.311040e-01	-8.195598e-02
8.311296e-01	-7.727218e-02
8.311552e-01	-7.243685e-02
8.311808e-01	-6.759805e-02
8.312064e-01	-6.280353e-02
8.312320e-01	-5.805710e-02
8.312576e-01	-5.307678e-02
8.312832e-01	-4.834052e-02
8.313088e-01	-4.337177e-02
8.313344e-01	-3.868009e-02
8.313600e-01	-3.381673e-02
8.313856e-01	-2.906557e-02
8.314112e-01	-2.434366e-02
8.314368e-01	-1.952230e-02
8.314624e-01	-1.468756e-02
8.314880e-01	-1.001188e-02
8.315136e-01	-5.207411e-03
8.315392e-01	-5.251939e-04
8.315648e-01	4.313007e-03
8.315904e-01	9.031696e-03
8.316160e-01	1.381009e-02
8.316416e-01	1.824625e-02
8.316672e-01	2.318561e-02
8.316928e-01	2.778171e-02
8.317184e-01	3.234888e-02
8.317440e-01	3.688429e-02
8.317696e-01	4.162732e-02
8.317952e-01	4.619048e-02
8.318208e-01	5.072106e-02
8.318464e-01	5.521870e-02
8.318720e-01	5.973529e-02
8.318976e-01	6.419730e-02
8.319232e-01	6.865715e-02
8.319488e-01	7.301258e-02
8.319744e-01	7.742342e-02
8.320000e-01	8.168115e-02
8.320256e-01	8.613636e-02
8.320512e-01	9.025868e-02
8.320768e-01	9.459087e-02
8.321024e-01	9.859764e-02
8.321280e-01	1.029612e-01
8.321536e-01	1.069095e-01
8.321792e-01	1.110924e-01
8.322048e-01	1.151538e-01
8.322304e-01	1.190214e-01
8.322560e-01	1.230549e-01
8.322816e-01	1.270317e-01
8.323072e-01	1.307799e-01
8.323328e-01	1.346370e-01
8.323584e-01	1.383888e-01
8.323840e-01	1.420676e-01
8.324096e-01	1.457613e-01
8.324352e-01	1.493671e-01
8.324608e-01	1.528080e-01
8.324864e-01	1.564679e-01
8.325120e-01	1.598079e-01
8.325376e-01	1.633779e-01
8.325632e-01	1.666402e-01
8.325888e-01	1.699448e-01
8.326144e-01	1.730447e-01
8.326400e-01	1.764451e-01
8.326656e-01	1.794102e-01
8.326912e-01	1.824399e-01
8.327168e-01	1.854504e-01
8.327424e-01	1.884834e-01
8.327680e-01	1.912330e-01
8.327936e-01	1.940714e-01
8.328192e-01	1.968618e-01
8.328448e-01	1.995973e-01
8.328704e-01	2.020732e-01
8.328960e-01	2.047732e-01
8.329216e-01	2.072041e-01
8.329472e-01	2.096753e-01
8.329728e-01	2.119119e-01
8.329984e-01	2.143033e-01
8.330240e-01	2.165051e-01
8.330496e-01	2.185695e-01
8.330752e-01	2.206409e-01
8.331008e-01	2.227865e-01
8.331264e-01	2.246328e-01
8.331520e-01	2.265246e-01
8.331776e-01	2.282648e-01
8.332032e-01	2.301647e-01
8.332288e-01	2.316211e-01
8.332544e-01	2.333225e-01
8.332800e-01	2.347932e-01
8.333056e-01	2.362818e-01
8.333312e-01	2.375553e-01
8.333568e-01	2.389344e-01
8.333824e-01	2.400920e-01
8.334080e-01	2.411928e-01
8.334336e-01	2.422758e-01
8.334592e-01	2.433401e-01
8.334848e-01	2.441197e-01
8.335104e-01	2.450566e-01
8.335360e-01	2.457108e-01
8.335616e-01	2.464943e-01
8.335872e-01	2.469231e-01
8.336128e-01	2.476368e-01
8.336384e-01	2.478268e-01
8.336640e-01	2.482882e-01
8.336896e-01	2.486367e-01
8.337152e-01	2.488616e-01
8.337408e-01	2.487998e-01
8.337664e-01	2.489775e-01
8.337920e-01	2.489975e-01
8.338176e-01	2.488901e-01
8.338432e-01	2.486709e-01
8.338688e-01	2.485792e-01
8.338944e-01	2.480467e-01
8.339200e-01	2.478025e-01
8.339456e-01	2.472367e-01
8.339712e-01	2.466498e-01
8.339968e-01	2.459853e-01
8.340224e-01	2.453832e-01
8.340480e-01	2.444942e-01
8.340736e-01	2.437767e-01
8.340992e-01	2.426269e-01
8.341248e-01	2.418052e-01
8.341504e-01	2.406459e-01
8.341760e-01	2.393754e-01
8.342016e-01	2.381117e-01
8.342272e-01	2.369579e-01
8.342528e-01	2.354226e-01
8.342784e-01	2.339122e-01
8.343040e-01	2.324732e-01
8.343296e-01	2.308793e-01
8.343552e-01	2.291377e-01
8.343808e-01	2.275365e-01
8.344064e-01	2.255565e-01
8.344320e-01	2.237557e-01
8.344576e-01	2.216257e-01
8.344832e-01	2.198039e-01
8.345088e-01	2.173762e-01
8.345344e-01	2.154165e-01
8.345600e-01	2.131603e-01
8.345856e-01	2.108027e-01
8.346112e-01	2.083000e-01
8.346368e-01	2.059984e-01
8.346624e-01	2.033998e-01
8.346880e-01	2.008472e-01
8.347136e-01	1.980572e-01
8.347392e-01	1.954774e-01
8.347648e-01	1.925800e-01
8.347904e-01	1.898411e-01
8.348160e-01	1.868230e-01
8.348416e-01	1.839364e-01
8.348672e-01	1.808391e-01
8.348928e-01	1.779125e-01
8.349184e-01	1.746647e-01
8.349440e-01	1.714653e-01
8.349696e-01	1.682102e-01
8.349952e-01	1.649643e-01
8.350208e-01	1.613975e-01
8.350464e-01	1.580690e-01
8.350720e-01	1.545850e-01
8.350976e-01	1.511224e-01
8.351232e-01	1.474476e-01
8.351488e-01	1.439123e-01
8.351744e-01	1.400481e-01
8.352000e-01	1.365941e-01
8.352256e-01	1.324853e-01
8.352512e-01	1.289425e-01
8.352768e-01	1.248899e-01
8.353024e-01	1.209952e-01
8.353280e-01	1.170150e-01
8.353536e-01	1.129743e-01
8.353792e-01	1.089565e-01
8.354048e-01	1.050070e-01
8.354304e-01	1.005941e-01
8.354560e-01	9.664994e-02
8.354816e-01	9.232792e-02
8.355072e-01	8.819607e-02
8.355328e-01	8.389223e-02
8.355584e-01	7.959394e-02
8.355840e-01	7.508112e-02
8.356096e-01	7.082320e-02
8.356352e-01	6.626395e-02
8.356608e-01	6.201108e-02
8.356864e-01	5.740365e-02
8.357120e-01	5.303119e-02
8.357376e-01	4.834802e-02
8.357632e-01	4.384106e-02
8.357888e-01	3.910038e-02
8.358144e-01	3.477944e-02
8.358400e-01	3.001903e-02
8.358656e-01	2.540685e-02
8.358912e-01	2.065828e-02
8.359168e-01	1.611548e-02
8.359424e-01	1.135707e-02
8.359680e-01	6.589737e-03
8.359936e-01	1.816060e-03
8.360192e-01	-2.752794e-03
8.360448e-01	-7.697649e-03
8.360704e-01	-1.222245e-02
8.360960e-01	-1.731380e-02
8.361216e-01	-2.190731e-02
8.361472e-01	-2.685421e-02
8.361728e-01	-3.144890e-02
8.361984e-01	-3.644881e-02
8.362240e-01	-4.099851e-02
8.362496e-01	-4.597614e-02
8.362752e-01	-5.067381e-02
8.363008e-01	-5.569596e-02
8.363264e-01	-6.028869e-02
8.363520e-01	-6.522685e-02
8.363776e-01	-6.989448e-02
8.364032e-01	-7.486133e-02
8.364288e-01	-7.942741e-02
8.364544e-01	-8.438394e-02
8.364800e-01	-8.915796e-02
8.365056e-01	-9.391358e-02
8.365312e-01	-9.860784e-02
8.365568e-01	-1.035255e-01
8.365824e-01	-1.079833e-01
8.366080e-01	-1.129981e-01
8.366336e-01	-1.174243e-01
8.366592e-01	-1.222180e-01
8.366848e-01	-1.267379e-01
8.367104e-01	-1.316164e-01
8.367360e-01	-1.360411e-01
8.367616e-01	-1.407325e-01
8.367872e-01	-1.451230e-01
8.368128e-01	-1.499601e-01
8.368384e-01	-1.542990e-01
8.368640e-01	-1.590018e-01
8.368896e-01	-1.632545e-01
8.369152e-01	-1.677919e-01
8.369408e-01	-1.719849e-01
8.369664e-01	-1.765887e-01
8.369920e-01	-1.808655e-01
8.370176e-01	-1.853251e-01
8.370432e-01	-1.891663e-01
8.370688e-01	-1.937208e-01
8.370944e-01	-1.978131e-01
8.371200e-01	-2.022312e-01
8.371456e-01	-2.059684e-01
8.371712e-01	-2.102863e-01
8.371968e-01	-2.140997e-01
8.372224e-01	-2.183371e-01
8.372480e-01	-2.220154e-01
8.372736e-01	-2.261135e-01
8.372992e-01	-2.297171e-01
8.373248e-01	-2.337420e-01
8.373504e-01	-2.373173e-01
8.373760e-01	-2.413276e-01
8.374016e-01	-2.447427e-01
8.374272e-01	-2.485901e-01
8.374528e-01	-2.519261e-01
8.374784e-01	-2.556605e-01
8.375040e-01	-2.588243e-01
8.375296e-01	-2.626982e-01
8.375552e-01	-2.656790e-01
8.375808e-01	-2.692054e-01
8.376064e-01	-2.720976e-01
8.376320e-01	-2.756584e-01
8.376576e-01	-2.783852e-01
8.376832e-01	-2.818617e-01
8.377088e-01	-2.844927e-01
8.377344e-01	-2.877985e-01
8.377600e-01	-2.903792e-01
8.377856e-01	-2.934537e-01
8.378112e-01	-2.959099e-01
8.378368e-01	-2.989961e-01
8.378624e-01	-3.011923e-01
8.378880e-01	-3.041808e-01
8.379136e-01	-3.061704e-01
8.379392e-01	-3.090999e-01
8.379648e-01	-3.109505e-01
8.379904e-01	-3.137661e-01
8.380160e-01	-3.153714e-01
8.380416e-01	-3.181239e-01
8.380672e-01	-3.197229e-01
8.380928e-01	-3.222294e-01
8.381184e-01	-3.237645e-01
8.381440e-01	-3.260092e-01
8.381696e-01	-3.274843e-01
8.381952e-01	-3.293991e-01
8.382208e-01	-3.309667e-01
8.382464e-01	-3.324920e-01
8.382720e-01	-3.342915e-01
8.382976e-01	-3.353250e-01
8.383232e-01	-3.371525e-01
8.383488e-01	-3.380181e-01
8.383744e-01	-3.394237e-01
8.384000e-01	-3.406636e-01
8.384256e-01	-3.408924e-01
8.384512e-01	-3.438247e-01
8.384768e-01	-3.415286e-01
8.385024e-01	-3.471908e-01
8.385280e-01	-3.411442e-01
8.385536e-01	-3.507452e-01
8.385792e-01	-3.403173e-01
8.386048e-01	-3.538040e-01
8.386304e-01	-3.396523e-01
8.386560e-01	-3.558368e-01
8.386816e-01	-3.399606e-01
8.387072e-01	-3.547443e-01
8.387328e-01	-3.480113e-01
8.387584e-01	-8.275404e-02
8.387840e-01	1.628556e-02
8.388096e-01	-1.726172e-02
8.388352e-01	7.305069e-02
