point_id,measurementpart_id,t,x,y,z,q,statusbyte
1,1,4.99999987368938e-05,4.99999987368938e-05,-3.0734082656636e-07,-0.634678363800049,-1.53670409401139e-11,278528
2,1,9.99999974737875e-05,9.99999974737875e-05,-1.82848339136399e-07,-0.634989261627197,-2.4509457665977e-11,278528
3,1,0.000149999996210681,0.000149999996210681,9.37584104576672e-07,-0.634367406368256,2.23697463785883e-11,278528
4,1,0.000199999994947575,0.000199999994947575,2.55598661169643e-06,-0.634678363800049,1.50169073734927e-10,278528
5,1,0.000249999993684469,0.000249999993684469,4.17438923250302e-06,-0.634056448936462,3.58888530087381e-10,278528
6,1,0.000299999992421363,0.000299999992421363,6.91322384227533e-06,-0.634056448936462,7.04549713469011e-10,278528
7,1,0.000349999991158256,0.000349999991158256,9.27858127397485e-06,-0.633434653282166,1.16847876544792e-09,278528
8,1,0.00039999998989515,0.00039999998989515,1.18929237942211e-05,-0.633123636245728,1.76312494013695e-09,278528
9,1,0.000449999988632044,0.000449999988632044,1.6001176845748e-05,-0.632190942764282,2.56318376221316e-09,278528
10,1,0.000499999987368938,0.000499999987368938,2.01094280782854e-05,-0.632501840591431,3.56865514072709e-09,278528
11,1,0.000549999986105831,0.000549999986105831,2.35952174989507e-05,-0.630636215209961,4.74841598587136e-09,278528
12,1,0.000599999984842725,0.000599999984842725,2.83259323623497e-05,-0.630014359951019,6.16471256821018e-09,278528
13,1,0.000649999983579619,0.000649999983579619,3.30566508637276e-05,-0.629392504692078,7.81754506964249e-09,278528
14,1,0.000699999982316513,0.000699999982316513,3.82853359042201e-05,-0.628770649433136,9.73181181649505e-09,278528
15,1,0.000749999981053406,0.000749999981053406,4.42609707533848e-05,-0.627837836742401,1.1944860298258e-08,278528
16,1,0.0007999999797903,0.0007999999797903,5.01121176057495e-05,-0.626594126224518,1.44504661152485e-08,278528
17,1,0.000849999978527194,0.000849999978527194,5.49673241039272e-05,-0.624728560447693,1.71988322510153e-08,278528
18,1,0.000899999977264088,0.000899999977264088,6.06939756835345e-05,-0.623173892498016,2.02335309585291e-08,278528
19,1,0.000949999976000981,0.000949999976000981,6.71675879857503e-05,-0.622241139411926,2.35919102729768e-08,278528
20,1,0.000999999974737875,0.000999999974737875,7.36412039259449e-05,-0.622241139411926,2.72739703762574e-08,278528
21,1,0.00104999997347477,0.00104999997347477,8.01148125901818e-05,-0.619442760944366,3.1279710904573e-08,278528
22,1,0.00109999997221166,0.00109999997221166,8.65884139784612e-05,-0.61788809299469,3.56091314941257e-08,278528
23,1,0.00114999997094856,0.00114999997094856,9.30620299186558e-05,-0.616955280303955,4.02622328725112e-08,278528
24,1,0.00119999996968545,0.00119999996968545,9.99091134872288e-05,-0.61508971452713,4.52576884206768e-08,278528
25,1,0.00124999996842234,0.00124999996842234,0.000107129679236095,-0.61415696144104,5.06141722471654e-08,278528
26,1,0.00129999996715924,0.00129999996715924,0.000114474736619741,-0.611358523368835,5.63379089335587e-08,278528
27,1,0.00134999996589613,0.00134999996589613,0.000120823860925157,-0.610114812850952,6.23791018272032e-08,278528
28,1,0.00139999996463303,0.00139999996463303,0.000127795443404466,-0.608249247074127,6.87688738360073e-08,278528
29,1,0.00144999996336992,0.00144999996336992,0.000135762951686047,-0.606383681297302,7.55570212488266e-08,278528
30,1,0.00149999996210681,0.00149999996210681,0.000142983510158956,-0.602963387966156,8.2706196576171e-08,278528
31,1,0.00154999996084371,0.00154999996084371,0.000149581625009887,-0.602030634880066,9.01852776377279e-08,278528
32,1,0.0015999999595806,0.0015999999595806,0.000157424641656689,-0.599232256412506,9.80565095217183e-08,278528
33,1,0.00164999995831749,0.00164999995831749,0.000163773758686148,-0.598299443721771,1.06245197249162e-07,278528
34,1,0.00169999995705439,0.00169999995705439,0.000171367806615308,-0.595190167427063,1.14813587363472e-07,278528
35,1,0.00174999995579128,0.00174999995579128,0.000179086346179247,-0.591769933700562,1.23767904446229e-07,278528
36,1,0.00179999995452818,0.00179999995452818,0.000186057921382599,-0.590837121009827,1.33070800280348e-07,278528
37,1,0.00184999995326507,0.00184999995326507,0.000194149921298958,-0.588038802146912,1.42778296100064e-07,278528
38,1,0.00189999995200196,0.00189999995200196,0.000200748036149889,-0.585862219333649,1.52815697653992e-07,278528
39,1,0.00194999995073886,0.00194999995073886,0.000208217592444271,-0.583063900470734,1.63226577013205e-07,278528
40,1,0.00199999994947575,0.00199999994947575,0.00021543815091718,-0.580265522003174,1.73998484286943e-07,278528
41,1,0.00204999994821264,0.00204999994821264,0.000222783215576783,-0.577778041362762,1.85137644784383e-07,278528
42,1,0.00209999994694954,0.00209999994694954,0.000229754776228219,-0.575601577758789,1.96625383305589e-07,278528
43,1,0.00214999994568643,0.00214999994568643,0.000236726365983486,-0.572803139686584,2.08461701305753e-07,278528
44,1,0.00219999994442333,0.00219999994442333,0.000243946924456395,-0.569382905960083,2.20659047220442e-07,278528
45,1,0.00224999994316022,0.00224999994316022,0.000250918499659747,-0.566273629665375,2.33204971886492e-07,278528
46,1,0.00229999994189711,0.00229999994189711,0.000257267616689205,-0.562853395938873,2.46068352395996e-07,278528
47,1,0.00234999994063401,0.00234999994063401,0.000264363712631166,-0.561298727989197,2.59286537693635e-07,278528
48,1,0.0023999999393709,0.0023999999393709,0.000270837306743488,-0.558189451694489,2.72828402688713e-07,278528
49,1,0.00244999993810779,0.00244999993810779,0.000277684390312061,-0.555080115795135,2.86712621853571e-07,278528
50,1,0.00249999993684469,0.00249999993684469,0.000284282490611076,-0.551970839500427,3.00926746025046e-07,278528
51,1,0.00254999993558158,0.00254999993558158,0.000290258118184283,-0.549483358860016,3.15439651567634e-07,278528
52,1,0.00259999993431848,0.00259999993431848,0.000296607235213742,-0.545130372047424,3.30270012953674e-07,278528
53,1,0.00264999993305537,0.00264999993305537,0.000303205364616588,-0.542642891407013,3.45430280801523e-07,278528
54,1,0.00269999993179226,0.00269999993179226,0.000309803464915603,-0.539222657680511,3.60920453655988e-07,278528
55,1,0.00274999993052916,0.00274999993052916,0.000315281125949696,-0.536735236644745,3.7668450955524e-07,278528
56,1,0.00279999992926605,0.00279999992926605,0.000321256753522903,-0.534247756004333,3.92747346825603e-07,278528
57,1,0.00284999992800294,0.00284999992800294,0.00032723241019994,-0.529894769191742,4.09108966922271e-07,278528
58,1,0.00289999992673984,0.00289999992673984,0.000333208037773147,-0.526785492897034,4.25769368390051e-07,278528
59,1,0.00294999992547673,0.00294999992547673,0.000338436715537682,-0.523365199565887,4.42691203739454e-07,278528
60,1,0.00299999992421363,0.00299999992421363,0.000344038911862299,-0.520566821098328,4.59893148898011e-07,278528
61,1,0.00304999992295052,0.00304999992295052,0.000349018606357276,-0.517146587371826,4.77344078775027e-07,278528
62,1,0.00309999992168741,0.00309999992168741,0.000354122777935117,-0.514037311077118,4.95050217224489e-07,278528
63,1,0.00314999992042431,0.00314999992042431,0.000359849451342598,-0.509995222091675,5.1304268933709e-07,278528
64,1,0.0031999999191612,0.0031999999191612,0.000364580162568018,-0.506574988365173,5.31271697004988e-07,278528
65,1,0.00324999991789809,0.00324999991789809,0.000369559886166826,-0.503776609897614,5.49749690846536e-07,278528
66,1,0.00329999991663499,0.00329999991663499,0.000373543618479744,-0.500045418739319,5.68426871298698e-07,278528
67,1,0.00334999991537188,0.00334999991537188,0.000378523312974721,-0.497557997703552,5.87353036469318e-07,278528
68,1,0.00339999991410878,0.00339999991410878,0.000383503007469699,-0.494137763977051,6.06528186358398e-07,278528
69,1,0.00344999991284567,0.00344999991284567,0.000388233718695119,-0.489473819732666,6.25939871802774e-07,278528
70,1,0.00349999991158256,0.00349999991158256,0.00039196852594614,-0.486675411462784,6.45538297604983e-07,278528
71,1,0.00354999991031946,0.00354999991031946,0.000397072668420151,-0.482944250106812,6.65391930524446e-07,278528
72,1,0.00359999990905635,0.00359999990905635,0.000400309509132057,-0.47952401638031,6.85407405475415e-07,278528
73,1,0.00364999990779324,0.00364999990779324,0.000404417747631669,-0.476414710283279,7.05628292346176e-07,278528
74,1,0.00369999990653014,0.00369999990653014,0.000409397442126647,-0.472372621297836,7.26098163935396e-07,278528
75,1,0.00374999990526703,0.00374999990526703,0.000411638349760324,-0.469885170459747,7.46680080903469e-07,278528
76,1,0.00379999990400393,0.00379999990400393,0.00041724048787728,-0.466775894165039,7.67542104770314e-07,278528
77,1,0.00384999990274082,0.00384999990274082,0.000420726253651083,-0.462733805179596,7.88578416921446e-07,278528
78,1,0.00389999990147771,0.00389999990147771,0.000423714111093432,-0.459935396909714,8.09764121940922e-07,278528
79,1,0.00394999990021461,0.00394999990021461,0.000427199876867235,-0.456515163183212,8.31124115244685e-07,278528
80,1,0.0039999998989515,0.0039999998989515,0.000430685671744868,-0.453716814517975,8.52658398287926e-07,278528
81,1,0.00404999989768839,0.00404999989768839,0.00043578987242654,-0.449674725532532,8.74447891358804e-07,278528
82,1,0.00409999989642529,0.00409999989642529,0.000438404211308807,-0.445943534374237,8.96368101370494e-07,278528
83,1,0.00414999989516218,0.00414999989516218,0.000441392010543495,-0.443456083536148,9.18437701340143e-07,278528
84,1,0.00419999989389908,0.00419999989389908,0.000445749290520325,-0.440968632698059,9.40725165303131e-07,278528
85,1,0.00424999989263597,0.00424999989263597,0.000449359533376992,-0.43754842877388,9.63193141404392e-07,278528
86,1,0.00429999989137286,0.00429999989137286,0.000452969834441319,-0.433195382356644,9.85841632554309e-07,278528
87,1,0.00434999989010976,0.00434999989010976,0.000456580106401816,-0.431329786777496,1.00867063729769e-06,278528
88,1,0.00439999988884665,0.00439999988884665,0.000460688374005258,-0.427287697792053,1.03170505541605e-06,278528
89,1,0.00444999988758354,0.00444999988758354,0.000464921118691564,-0.423867464065552,1.05495111076339e-06,278528
90,1,0.00449999988632044,0.00449999988632044,0.000468531390652061,-0.420758157968521,1.07837767970419e-06,278528
91,1,0.00454999988505733,0.00454999988505733,0.000471643696073443,-0.418581664562225,1.10195986391212e-06,278528
92,1,0.00459999988379423,0.00459999988379423,0.000475627457490191,-0.414539575576782,1.12574123618586e-06,278528
93,1,0.00464999988253112,0.00464999988253112,0.000479735695989802,-0.412052124738693,1.1497280203794e-06,278528
94,1,0.00469999988126801,0.00469999988126801,0.000484217453049496,-0.409253746271133,1.17393889242025e-06,278528
95,1,0.00474999988000491,0.00474999988000491,0.000487205281388015,-0.405211627483368,1.19829915587426e-06,278528
96,1,0.0047999998787418,0.0047999998787418,0.000492060498800129,-0.402724206447601,1.22290218019274e-06,278528
97,1,0.00484999987747869,0.00484999987747869,0.000495546206366271,-0.399925827980042,1.24767948988513e-06,278528
98,1,0.00489999987621559,0.00489999987621559,0.000500401481986046,-0.39650559425354,1.27269956335237e-06,278528
99,1,0.00494999987495248,0.00494999987495248,0.000503762799780816,-0.394950956106186,1.29788770270511e-06,278528
100,1,0.00499999987368938,0.00499999987368938,0.000507497519720346,-0.392463505268097,1.3232625780501e-06,278528
101,1,0.00504999987242627,0.00504999987242627,0.000510734389536083,-0.390286952257156,1.34879929688179e-06,278528
102,1,0.00509999987116316,0.00509999987116316,0.000515216088388115,-0.386866748332977,1.37456010065043e-06,278528
103,1,0.00514999986990006,0.00514999986990006,0.000519075314514339,-0.383446514606476,1.4005138657205e-06,278528
104,1,0.00519999986863695,0.00519999986863695,0.000521067180670798,-0.382513731718063,1.42656722409587e-06,278528
105,1,0.00524999986737384,0.00524999986737384,0.000525797891896218,-0.378782570362091,1.45285711802655e-06,278528
106,1,0.00529999986611074,0.00529999986611074,0.000529159209690988,-0.377849757671356,1.47931507784271e-06,278528
107,1,0.00534999986484763,0.00534999986484763,0.000531773548573256,-0.375673234462738,1.50590375459969e-06,278528
108,1,0.00539999986358453,0.00539999986358453,0.000534387945663184,-0.373496741056442,1.53262315120786e-06,278528
109,1,0.00544999986232142,0.00544999986232142,0.000537126732524484,-0.371320217847824,1.55947948715563e-06,278528
110,1,0.00549999986105831,0.00549999986105831,0.000540239096153527,-0.368210941553116,1.58649144128093e-06,278528
111,1,0.00554999985979521,0.00554999985979521,0.000541608431376517,-0.36696720123291,1.61357186216565e-06,278528
112,1,0.0055999998585321,0.0055999998585321,0.000544471782632172,-0.364790678024292,1.64079545060953e-06,278528
113,1,0.00564999985726899,0.00564999985726899,0.000546463706996292,-0.362303256988525,1.6681186352691e-06,278528
114,1,0.00569999985600589,0.00569999985600589,0.000546961673535407,-0.361681401729584,1.695466718255e-06,278528
115,1,0.00574999985474278,0.00574999985474278,0.000548829033505172,-0.359193950891495,1.72290816923703e-06,278528
116,1,0.00579999985347968,0.00579999985347968,0.000550322933122516,-0.356084614992142,1.75042431519804e-06,278528
117,1,0.00584999985221657,0.00584999985221657,0.000550571887288243,-0.355151861906052,1.77795290886702e-06,278528
118,1,0.00589999985095346,0.00589999985095346,0.000551069912035018,-0.353286266326904,1.80550640377271e-06,278528
119,1,0.00594999984969036,0.00594999984969036,0.000551194360014051,-0.351731598377228,1.8330661210772e-06,278528
120,1,0.00599999984842725,0.00599999984842725,0.000550073978956789,-0.349866032600403,1.86056981933024e-06,278528
121,1,0.00604999984716414,0.00604999984716414,0.000550073978956789,-0.348933219909668,1.88807351758327e-06,278528
122,1,0.00609999984590104,0.00609999984590104,0.000548704527318478,-0.347689509391785,1.91550874325613e-06,278528
123,1,0.00614999984463793,0.00614999984463793,0.00054808211280033,-0.346134871244431,1.94291284820386e-06,278528
124,1,0.00619999984337483,0.00619999984337483,0.000545716728083789,-0.344580173492432,1.97019868391875e-06,278528
125,1,0.00624999984211172,0.00624999984211172,0.000544222828466445,-0.342714637517929,1.99740982465466e-06,278528
126,1,0.00629999984084861,0.00629999984084861,0.000542106456123292,-0.342714637517929,2.02451514677609e-06,278528
127,1,0.00634999983958551,0.00634999983958551,0.00053899415070191,-0.340538084506989,2.05146485363037e-06,278528
128,1,0.0063999998383224,0.0063999998383224,0.000535757280886173,-0.340538084506989,2.07825271699796e-06,278528
129,1,0.00644999983705929,0.00644999983705929,0.000533143000211567,-0.339605331420898,2.10490986633513e-06,278528
130,1,0.00649999983579619,0.00649999983579619,0.000529159209690988,-0.338983446359634,2.13136782615129e-06,278528
131,1,0.00654999983453308,0.00654999983453308,0.000526669376995414,-0.3380506336689,2.15770129433582e-06,278528
132,1,0.00659999983326998,0.00659999983326998,0.000519946799613535,-0.3380506336689,2.18369863365975e-06,278528
133,1,0.00664999983200687,0.00664999983200687,0.000515838561113924,-0.336806952953339,2.20949056106389e-06,278528
134,1,0.00669999983074376,0.00669999983074376,0.000510858895722777,-0.336185097694397,2.23503350520476e-06,278528
135,1,0.00674999982948066,0.00674999982948066,0.000504260766319931,-0.335563242435455,2.26024654288382e-06,278528
136,1,0.00679999982821755,0.00679999982821755,0.000499654561281204,-0.334941357374191,2.28522927031676e-06,278528
137,1,0.00684999982695444,0.00684999982695444,0.000493678904604167,-0.335563242435455,2.3099132149234e-06,278528
138,1,0.00689999982569134,0.00689999982569134,0.000486582808662206,-0.335252285003662,2.33424235474191e-06,278528
139,1,0.00694999982442823,0.00694999982442823,0.000480109185446054,-0.334941357374191,2.35824781340778e-06,278528
140,1,0.00699999982316513,0.00699999982316513,0.000472515152068809,-0.33463042974472,2.38187357041439e-06,278528
141,1,0.00704999982190202,0.00704999982190202,0.000465294579043984,-0.33463042974472,2.40513829877887e-06,278528
142,1,0.00709999982063891,0.00709999982063891,0.000457078072940931,-0.335252285003662,2.42799220184858e-06,278528
143,1,0.00714999981937581,0.00714999981937581,0.000449359533376992,-0.335563242435455,2.45046017794984e-06,278528
144,1,0.0071999998181127,0.0071999998181127,0.000440022617112845,-0.335563242435455,2.47246130824968e-06,278528
145,1,0.00724999981684959,0.00724999981684959,0.000431806081905961,-0.335563242435455,2.49405161179957e-06,278528
146,1,0.00729999981558649,0.00729999981558649,0.000422469165641814,-0.337428778409958,2.51517506954803e-06,278528
147,1,0.00734999981432338,0.00734999981432338,0.000413256726460531,-0.337117880582809,2.53583790534907e-06,278528
148,1,0.00739999981306028,0.00739999981306028,0.000403670826926827,-0.337739735841751,2.55602144618553e-06,278528
149,1,0.00744999981179717,0.00744999981179717,0.000393586902646348,-0.337739735841751,2.57570079082071e-06,278528
150,1,0.00749999981053406,0.00749999981053406,0.00038288053474389,-0.338672518730164,2.59484481707429e-06,278528
151,1,0.00754999980927096,0.00754999980927096,0.000371551723219454,-0.340538084506989,2.61342240276595e-06,278528
152,1,0.00759999980800785,0.00759999980800785,0.000360720878234133,-0.34022718667984,2.63145844622203e-06,278528
153,1,0.00764999980674475,0.00764999980674475,0.000350139016518369,-0.341781824827194,2.64896539660568e-06,278528
154,1,0.00769999980548164,0.00769999980548164,0.000338063255185261,-0.342092782258987,2.66586855893794e-06,278528
155,1,0.00774999980421853,0.00774999980421853,0.000326485431287438,-0.343336492776871,2.68219283008992e-06,278528
156,1,0.00779999980295543,0.00779999980295543,0.000314907665597275,-0.344580173492432,2.69793821297202e-06,278528
157,1,0.00784999980169232,0.00784999980169232,0.000302831875160336,-0.347067624330521,2.71307980634753e-06,278528
158,1,0.00789999980042921,0.00789999980042921,0.000290009164018556,-0.347378581762314,2.72758026418215e-06,278528
159,1,0.00794999979916611,0.00794999979916611,0.000277061917586252,-0.34862232208252,2.7414333597115e-06,278528
160,1,0.007999999797903,0.007999999797903,0.00026448821881786,-0.350798815488815,2.75465777031832e-06,278528
161,1,0.0080499997966399,0.0080499997966399,0.000251167482929304,-0.351109713315964,2.76721614414753e-06,278528
162,1,0.00809999979537679,0.00809999979537679,0.000237473315792158,-0.353286266326904,2.77908980963719e-06,278528
163,1,0.00814999979411368,0.00814999979411368,0.000224152623559348,-0.354529976844788,2.79029744053202e-06,278528
164,1,0.00819999979285058,0.00819999979285058,0.000210831931326538,-0.356706500053406,2.80083903683205e-06,278528
165,1,0.00824999979158747,0.00824999979158747,0.000197635730728507,-0.357950210571289,2.81072082311884e-06,278528
166,1,0.00829999979032436,0.00829999979032436,0.000182572126504965,-0.360126703977585,2.81984942921348e-06,278528
167,1,0.00834999978906126,0.00834999978906126,0.00016875346773304,-0.362303256988525,2.82828710238698e-06,278528
168,1,0.00839999978779815,0.00839999978779815,0.000153938846779056,-0.365101605653763,2.83598404453149e-06,278528
169,1,0.00844999978653505,0.00844999978653505,0.000139871204737574,-0.366345345973969,2.8429776045917e-06,278528
170,1,0.00849999978527194,0.00849999978527194,0.000125056598335505,-0.368521839380264,2.84923043435051e-06,278528
171,1,0.00854999978400883,0.00854999978400883,0.000110117500298657,-0.370387434959412,2.85473630922635e-06,278528
172,1,0.00859999978274573,0.00859999978274573,9.71702829701826e-05,-0.372253030538559,2.85959482325213e-06,278528
173,1,0.00864999978148262,0.00864999978148262,8.01148125901818e-05,-0.373496741056442,2.86360056378044e-06,278528
174,1,0.00869999978021951,0.00869999978021951,6.49267312837765e-05,-0.377538830041885,2.86684690026262e-06,278528
175,1,0.00874999977895641,0.00874999977895641,4.94896557938773e-05,-0.380648136138916,2.8693213829898e-06,278528
176,1,0.0087999997776933,0.0087999997776933,3.47995410265867e-05,-0.38220277428627,2.87106135999718e-06,278528
177,1,0.0088499997764302,0.0088499997764302,1.97359495359706e-05,-0.384690225124359,2.87204815744905e-06,278528
178,1,0.00889999977516709,0.00889999977516709,4.2988817767764e-06,-0.387177675962448,2.87226310153246e-06,278528
179,1,0.00894999977390398,0.00894999977390398,-1.15116654342273e-05,-0.389354199171066,2.87168751827529e-06,278528
180,1,0.00899999977264088,0.00899999977264088,-2.59527951129712e-05,-0.391841650009155,2.87038987855242e-06,278528
181,1,0.00904999977137777,0.00904999977137777,-4.23858036810998e-05,-0.395261853933334,2.8682705884219e-06,278528
182,1,0.00909999977011466,0.00909999977011466,-5.6951423175633e-05,-0.397749304771423,2.86542301733506e-06,278528
183,1,0.00914999976885156,0.00914999976885156,-7.2886461566668e-05,-0.400547683238983,2.86177869434879e-06,278528
184,1,0.00919999976758845,0.00919999976758845,-8.7825559603516e-05,-0.402724206447601,2.85738741647954e-06,278528
185,1,0.00924999976632535,0.00924999976632535,-0.000103262631455436,-0.406144440174103,2.8522242850372e-06,278528
186,1,0.00929999976506224,0.00929999976506224,-0.000118948679300956,-0.408942818641663,2.8462768512224e-06,278528
187,1,0.00934999976379913,0.00934999976379913,-0.000134634727146477,-0.4117411673069,2.83954511503513e-06,278528
188,1,0.00939999976253603,0.00939999976253603,-0.00015007182082627,-0.414850473403931,2.83204152418338e-06,278528
189,1,0.00944999976127292,0.00944999976127292,-0.000164637443958782,-0.418892562389374,2.82380965219339e-06,278528
190,1,0.00949999976000981,0.00949999976000981,-0.000180323491804302,-0.422001898288727,2.81479347783095e-06,278528
191,1,0.00954999975874671,0.00954999975874671,-0.000195511573110707,-0.423556536436081,2.80501789942236e-06,278528
192,1,0.0095999997574836,0.0095999997574836,-0.000211322127142921,-0.427287697792053,2.79445179333214e-06,278528
193,1,0.0096499997562205,0.0096499997562205,-0.00022563875245396,-0.431018888950348,2.78316985599445e-06,278528
194,1,0.00969999975495739,0.00969999975495739,-0.000240204375586472,-0.433506339788437,2.77115963751853e-06,278528
195,1,0.00974999975369428,0.00974999975369428,-0.000255267950706184,-0.436304688453674,2.75839624030565e-06,278528
196,1,0.00979999975243118,0.00979999975243118,-0.000272572418907657,-0.440657734870911,2.74476761970455e-06,278528
197,1,0.00984999975116807,0.00984999975116807,-0.000285395130049437,-0.444077968597412,2.73049786356256e-06,278528
198,1,0.00989999974990496,0.00989999974990496,-0.000299462786642835,-0.446254462003708,2.71552472460868e-06,278528
199,1,0.00994999974864186,0.00994999974864186,-0.000314277393044904,-0.44998562335968,2.6998108553534e-06,278528
200,1,0.00999999974737875,0.00999999974737875,-0.000328096066368744,-0.453094959259033,2.68340605244938e-06,278528
201,1,0.0100499997461156,0.0100499997461156,-0.000342537183314562,-0.456204265356064,2.66627919371631e-06,278528
202,1,0.0100999997448525,0.0100999997448525,-0.000355733383912593,-0.459935396909714,2.64849252497001e-06,278528
203,1,0.0101499997435894,0.0101499997435894,-0.000369925575796515,-0.463355630636215,2.62999624664744e-06,278528
204,1,0.0101999997423263,0.0101999997423263,-0.000384491169825196,-0.466464936733246,2.61077168864183e-06,278528
205,1,0.0102499997410632,0.0102499997410632,-0.000396691437344998,-0.469574242830276,2.59093711727565e-06,278528
206,1,0.0102999997398001,0.0102999997398001,-0.000411381566664204,-0.473927289247513,2.57036803946206e-06,278528
207,1,0.010349999738537,0.010349999738537,-0.000422212382545695,-0.476725667715073,2.54925742086807e-06,278528
208,1,0.0103999997372739,0.0103999997372739,-0.000436155562056229,-0.479834973812103,2.52744964331617e-06,278528
209,1,0.0104499997360108,0.0104499997360108,-0.00044835582957603,-0.484498918056488,2.50503185240369e-06,278528
210,1,0.0104999997347477,0.0104999997347477,-0.00045980911818333,-0.487608224153519,2.48204139707531e-06,278528
211,1,0.0105499997334846,0.0105499997334846,-0.000472382875159383,-0.490095645189285,2.45842225391401e-06,278528
212,1,0.0105999997322215,0.0105999997322215,-0.000483960669953376,-0.493204951286316,2.43422422102764e-06,278528
213,1,0.0106499997309584,0.0106499997309584,-0.000495040498208255,-0.496625185012817,2.40947219674251e-06,278528
214,1,0.0106999997296953,0.0106999997296953,-0.000506244832649827,-0.500667333602905,2.38415995574946e-06,278528
215,1,0.0107499997284322,0.0107499997284322,-0.000516079715453088,-0.504398465156555,2.35835597062867e-06,278528
216,1,0.0107999997271691,0.0107999997271691,-0.000526786141563207,-0.506885886192322,2.3320166642159e-06,278528
217,1,0.0108499997259059,0.0108499997259059,-0.000537243497092277,-0.510617077350616,2.30515449003988e-06,278528
218,1,0.0108999997246428,0.0108999997246428,-0.000546082446817309,-0.514970123767853,2.27785036838877e-06,278528
219,1,0.0109499997233797,0.0109499997233797,-0.000555543869268149,-0.517457544803619,2.25007317562708e-06,278528
220,1,0.0109999997221166,0.0109999997221166,-0.000563760346267372,-0.521188676357269,2.2218851590258e-06,278528
221,1,0.0110499997208535,0.0110499997208535,-0.000571852375287563,-0.523676156997681,2.19329254098373e-06,278528
222,1,0.0110999997195904,0.0110999997195904,-0.000579944404307753,-0.528029203414917,2.16429532150087e-06,278528
223,1,0.0111499997183273,0.0111499997183273,-0.000587289454415441,-0.530516624450684,2.13493084952191e-06,278528
224,1,0.0111999997170642,0.0111999997170642,-0.000594758952502161,-0.534247756004333,2.10519290264805e-06,278528
225,1,0.0112499997158011,0.0112499997158011,-0.000600361148826778,-0.537667989730835,2.07517484596503e-06,278528
226,1,0.011299999714538,0.011299999714538,-0.000606959220021963,-0.539222657680511,2.04482688573058e-06,278528
227,1,0.0113499997132749,0.0113499997132749,-0.000612187955994159,-0.543575704097748,2.01421748870413e-06,278528
228,1,0.0113999997120118,0.0113999997120118,-0.000617043115198612,-0.545752227306366,1.98336533372359e-06,278528
229,1,0.0114499997107487,0.0114499997107487,-0.000621649320237339,-0.548861563205719,1.95228286849694e-06,278528
230,1,0.0114999997094856,0.0114999997094856,-0.000625010696239769,-0.551970839500427,1.9210323344744e-06,278528
231,1,0.0115499997082225,0.0115499997082225,-0.000629243440926075,-0.555080115795135,1.8895701632229e-06,278528
232,1,0.0115999997069594,0.0115999997069594,-0.000631608709227294,-0.557878494262695,1.85798972855933e-06,278528
233,1,0.0116499997056962,0.0116499997056962,-0.000633476185612381,-0.56160968542099,1.82631592007885e-06,278528
234,1,0.0116999997044331,0.0116999997044331,-0.000634845579043031,-0.564408004283905,1.79457364192858e-06,278528
235,1,0.01174999970317,0.01174999970317,-0.000636961893178523,-0.566584587097168,1.7627255480742e-06,278528
236,1,0.0117999997019069,0.0117999997019069,-0.000637335411738604,-0.569693863391876,1.7308587782923e-06,278528
237,1,0.0118499997006438,0.0118499997006438,-0.000637833378277719,-0.572803139686584,1.69896711018406e-06,278528
238,1,0.0118999996993807,0.0118999996993807,-0.000636463984847069,-0.574979722499847,1.66714391174563e-06,278528
239,1,0.0119499996981176,0.0119499996981176,-0.00063584151212126,-0.578710854053497,1.6353518369427e-06,278528
240,1,0.0119999996968545,0.0119999996968545,-0.000634721131063998,-0.580576419830322,1.60361578119122e-06,278528
241,1,0.0120499996955914,0.0120499996955914,-0.000631857721600682,-0.583685755729675,1.57202289590929e-06,278528
242,1,0.0120999996943283,0.0120999996943283,-0.000629990361630917,-0.5855513215065,1.54052337862349e-06,278528
243,1,0.0121499996930652,0.0121499996930652,-0.000625508662778884,-0.588038802146912,1.50924794627463e-06,278528
244,1,0.0121999996918021,0.0121999996918021,-0.000621898274403065,-0.589904308319092,1.47815303334e-06,278528
245,1,0.012249999690539,0.012249999690539,-0.000619034981355071,-0.59394645690918,1.44720128505415e-06,278528
246,1,0.0122999996892759,0.0122999996892759,-0.000613557349424809,-0.596122980117798,1.4165234183579e-06,278528
247,1,0.0123499996880128,0.0123499996880128,-0.000608328671660274,-0.597988545894623,1.38610698554327e-06,278528
248,1,0.0123999996867497,0.0123999996867497,-0.000601979612838477,-0.600165069103241,1.35600800566171e-06,278528
249,1,0.0124499996854865,0.0124499996854865,-0.000595879449974746,-0.602341532707214,1.32621403391563e-06,278528
250,1,0.0124999996842234,0.0124999996842234,-0.000590401759836823,-0.604207158088684,1.29669394666953e-06,278528
251,1,0.0125499996829603,0.0125499996829603,-0.0005821852828376,-0.605761826038361,1.26758468326301e-06,278528
252,1,0.0125999996816972,0.0125999996816972,-0.00057546264724806,-0.608560144901276,1.23881155162748e-06,278528
253,1,0.0126499996804341,0.0126499996804341,-0.000568615563679487,-0.610736668109894,1.21038077416173e-06,278528
254,1,0.012699999679171,0.012699999679171,-0.000559776613954455,-0.612913191318512,1.18239194417106e-06,278528
255,1,0.0127499996779079,0.0127499996779079,-0.000551684584934264,-0.613846004009247,1.15480771562119e-06,278528
256,1,0.0127999996766448,0.0127999996766448,-0.000543592497706413,-0.615711569786072,1.12762809142248e-06,278528
257,1,0.0128499996753817,0.0128499996753817,-0.000534255639649928,-0.618199050426483,1.10091531011481e-06,278528
258,1,0.0128999996741186,0.0128999996741186,-0.00052554119611159,-0.619131803512573,1.07463825097304e-06,278528
259,1,0.0129499996728555,0.0129499996728555,-0.000515581748913974,-0.620064616203308,1.04885916417858e-06,278528
260,1,0.0129999996715924,0.0129999996715924,-0.000506120326463133,-0.621930181980133,1.02355314849471e-06,278528
261,1,0.0130499996703293,0.0130499996703293,-0.000496036431286484,-0.622552037239075,9.98751327556928e-07,278528
262,1,0.0130999996690662,0.0130999996690662,-0.000485828059026971,-0.624106705188751,9.74459925219232e-07,278528
263,1,0.0131499996678031,0.0131499996678031,-0.000476864603115246,-0.625661373138428,9.506166956658e-07,278528
264,1,0.01319999966654,0.01319999966654,-0.00046553579159081,-0.626594126224518,9.27339906674281e-07,278528
265,1,0.0132499996652768,0.0132499996652768,-0.00045408247387968,-0.626283228397369,9.04635783553851e-07,278528
266,1,0.0132999996640137,0.0132999996640137,-0.00044262915616855,-0.629081547260284,8.82504326304511e-07,278528
267,1,0.0133499996627506,0.0133499996627506,-0.000432918750448152,-0.629703462123871,8.60858389328926e-07,278528
268,1,0.0133999996614875,0.0133999996614875,-0.000422212382545695,-0.630636215209961,8.3974777073494e-07,278528
269,1,0.0134499996602244,0.0134499996602244,-0.000410012115025893,-0.631258130073547,8.19247165501534e-07,278528
270,1,0.0134999996589613,0.0134999996589613,-0.000399056792957708,-0.631879925727844,7.992943263577e-07,278528
271,1,0.0135499996576982,0.0135499996576982,-0.000387727981433272,-0.631879925727844,7.79907927775778e-07,278528
272,1,0.0135999996564351,0.0135999996564351,-0.000376399169908836,-0.632812738418579,7.61087969755769e-07,278528
273,1,0.013649999655172,0.013649999655172,-0.000365817279089242,-0.633745551109314,7.42797106263372e-07,278528
274,1,0.0136999996539089,0.0136999996539089,-0.000353741517756134,-0.634056448936462,7.25110030822379e-07,278528
275,1,0.0137499996526458,0.0137499996526458,-0.000341043283697218,-0.634678363800049,7.08057867068292e-07,278528
276,1,0.0137999996513827,0.0137999996513827,-0.000329216505633667,-0.634056448936462,6.91597042202444e-07,278528
277,1,0.0138499996501196,0.0138499996501196,-0.000318136677378789,-0.634678363800049,6.75690208735345e-07,278528
278,1,0.0138999996488565,0.0138999996488565,-0.000305936409858987,-0.63530021905899,6.60393388628826e-07,278528
279,1,0.0139499996475934,0.0139499996475934,-0.000293860648525879,-0.63530021905899,6.45700356573709e-07,278528
280,1,0.0139999996463303,0.0139999996463303,-0.000280913431197405,-0.634989261627197,6.31654685368662e-07,278528
281,1,0.0140499996450671,0.0140499996450671,-0.000269584619672969,-0.634989261627197,6.18175454725528e-07,278528
282,1,0.014099999643804,0.014099999643804,-0.000257633306318894,-0.634678363800049,6.05293789735001e-07,278528
283,1,0.0141499996425409,0.0141499996425409,-0.000245557574089617,-0.633434653282166,5.93015911340686e-07,278528
284,1,0.0141999996412778,0.0141999996412778,-0.000232734819292091,-0.633745551109314,5.8137917067005e-07,278528
285,1,0.0142499996400147,0.0142499996400147,-0.000221779482671991,-0.633123636245728,5.70290196816582e-07,278528
286,1,0.0142999996387516,0.0142999996387516,-0.00020995270460844,-0.632812738418579,5.59792561851352e-07,278528
287,1,0.0143499996374885,0.0143499996374885,-0.000197627930901945,-0.632812738418579,5.4991116555588e-07,278528
288,1,0.0143999996362254,0.0143999996362254,-0.000185925629921257,-0.631569027900696,5.40614884294661e-07,278528
289,1,0.0144499996349623,0.0144499996349623,-0.00017384986858815,-0.630325317382813,5.31922391084844e-07,278528
290,1,0.0144999996336992,0.0144999996336992,-0.000161276140715927,-0.629703462123871,5.23858584252757e-07,278528
291,1,0.0145499996324361,0.0145499996324361,-0.000150569772813469,-0.629392504692078,5.16330095802269e-07,278528
292,1,0.014599999631173,0.014599999631173,-0.00013812052202411,-0.628148853778839,5.09424069875524e-07,278528
293,1,0.0146499996299099,0.0146499996299099,-0.000126044746139087,-0.627526938915253,5.03121832727778e-07,278528
294,1,0.0146999996286468,0.0146999996286468,-0.000114964932436123,-0.625972270965576,4.97373586251185e-07,278528
295,1,0.0147499996273837,0.0147499996273837,-0.000103387130366173,-0.624728560447693,4.92204229863465e-07,278528
296,1,0.0147999996261206,0.0147999996261206,-9.25562781048939e-05,-0.623795747756958,4.87576416075129e-07,278528
297,1,0.0148499996248574,0.0148499996248574,-8.08539771242067e-05,-0.622241139411926,4.83533717321046e-07,278528
298,1,0.0148999996235943,0.0148999996235943,-6.79067597957328e-05,-0.621308326721191,4.80138379417032e-07,278528
299,1,0.0149499996223312,0.0149499996223312,-5.6951423175633e-05,-0.619442760944366,4.77290808330187e-07,278528
300,1,0.0149999996210681,0.0149999996210681,-4.46266676590312e-05,-0.61788809299469,4.75059475003603e-07,278528
301,1,0.015049999619805,0.015049999619805,-3.41692975780461e-05,-0.616955280303955,4.7335101016786e-07,278528
302,1,0.0150999996185419,0.0150999996185419,-2.29649740504101e-05,-0.615711569786072,4.72202761494347e-07,278528
303,1,0.0151499996172788,0.0151499996172788,-1.11381878014072e-05,-0.613224148750305,4.71645852118345e-07,278528
304,1,0.0151999996160157,0.0151999996160157,-9.29803320559586e-07,-0.610425770282745,4.71599361953492e-07,278528
305,1,0.0152499996147526,0.0152499996147526,1.11459685285809e-05,-0.609182059764862,4.72156660365842e-07,278528
306,1,0.0152999996134895,0.0152999996134895,2.19768153328914e-05,-0.608871102333069,4.73255501104728e-07,278528
307,1,0.0153499996122264,0.0153499996122264,3.24341854138765e-05,-0.605450868606567,4.74877210334454e-07,278528
308,1,0.0153999996109633,0.0153999996109633,4.36385089415126e-05,-0.603585243225098,4.77059135726409e-07,278528
309,1,0.0154499996097002,0.0154499996097002,5.44693539268337e-05,-0.601408779621124,4.79782603353951e-07,278528
310,1,0.0154999996084371,0.0154999996084371,6.51757072773762e-05,-0.599543154239655,4.83041388635496e-07,278528
311,1,0.015549999607174,0.015549999607174,7.575756899314e-05,-0.59767758846283,4.86829266989463e-07,278528
312,1,0.0155999996059109,0.0155999996059109,8.50945070851594e-05,-0.59394645690918,4.91083992236237e-07,278528
313,1,0.0156499996046477,0.0156499996046477,9.40579629968852e-05,-0.591769933700562,4.95786890267276e-07,278528
314,1,0.0156999996033846,0.0156999996033846,0.0001052622901625,-0.590837121009827,5.01050004642444e-07,278528
315,1,0.0157499996021215,0.0157499996021215,0.000114474736619741,-0.587416887283325,5.06773741328837e-07,278528
316,1,0.0157999996008584,0.0157999996008584,0.000124309648526832,-0.584929466247559,5.12989223598162e-07,278528
317,1,0.0158499995995953,0.0158499995995953,0.000134393529151566,-0.583374798297882,5.19708899885987e-07,278528
318,1,0.0158999995983322,0.0158999995983322,0.000144352932693437,-0.579643666744232,5.26926546338326e-07,278528
319,1,0.0159499995970691,0.0159499995970691,0.000152693915879354,-0.576534330844879,5.34561241939425e-07,278528
320,1,0.015999999595806,0.015999999595806,0.000162528827786446,-0.574357807636261,5.42687683123456e-07,278528
321,1,0.0160499995945429,0.0160499995945429,0.000171492298250087,-0.571248531341553,5.51262297819348e-07,278528
322,1,0.0160999995932798,0.0160999995932798,0.000180206770892255,-0.568761050701141,5.6027263613634e-07,278528
323,1,0.0161499995920167,0.0161499995920167,0.000188672274816781,-0.566273629665375,5.69706249638866e-07,278528
324,1,0.0161999995907536,0.0161999995907536,0.000198631663806736,-0.562853395938873,5.7963783257831e-07,278528
325,1,0.0162499995894905,0.0162499995894905,0.000206723663723096,-0.560676872730255,5.89974015503351e-07,278528
326,1,0.0162999995882274,0.0162999995882274,0.000215064661460929,-0.556945741176605,6.00727248304748e-07,278528
327,1,0.0163499995869643,0.0163499995869643,0.00022402813192457,-0.555080115795135,6.11928654618005e-07,278528
328,1,0.0163999995857012,0.0163999995857012,0.0002311241987627,-0.551038026809692,6.23484864264206e-07,278528
329,1,0.016449999584438,0.016449999584438,0.000237597807426937,-0.548239648342133,6.35364754335441e-07,278528
330,1,0.0164999995831749,0.0164999995831749,0.000245814328081906,-0.544508516788483,6.47655470429047e-07,278528
331,1,0.0165499995819118,0.0165499995819118,0.000254404323641211,-0.542331993579865,6.60375686289768e-07,278528
332,1,0.0165999995806487,0.0165999995806487,0.000262620771536604,-0.53860080242157,6.7350672453488e-07,278528
333,1,0.0166499995793856,0.0166499995793856,0.000268845440587029,-0.535802483558655,6.86948996224651e-07,278528
334,1,0.0166999995781225,0.0166999995781225,0.000275194528512657,-0.53207129240036,7.00708722302684e-07,278528
335,1,0.0167499995768594,0.0167499995768594,0.000283286557532847,-0.529583811759949,7.14873049821505e-07,278528
336,1,0.0167999995755963,0.0167999995755963,0.000289511168375611,-0.526163578033447,7.29348607874602e-07,278528
337,1,0.0168499995743332,0.0168499995743332,0.000296482787234709,-0.522432446479797,7.44172746861849e-07,278528
338,1,0.0168999995730701,0.0168999995730701,0.000303578854072839,-0.519323110580444,7.59351689182038e-07,278528
339,1,0.016949999571807,0.016949999571807,0.000308434071484953,-0.516213774681091,7.74773392366701e-07,278528
340,1,0.0169999995705439,0.0169999995705439,0.000315530138323084,-0.513104498386383,7.90549898884307e-07,278528
341,1,0.0170499995692808,0.0170499995692808,0.000321754720062017,-0.50906240940094,8.06637634480997e-07,278528
342,1,0.0170999995680177,0.0170999995680177,0.00032822834327817,-0.505953133106232,8.23049051230319e-07,278528
343,1,0.0171499995667546,0.0171499995667546,0.000334203999955207,-0.50253289937973,8.39759250805944e-07,278528
344,1,0.0171999995654915,0.0171999995654915,0.000339432677719742,-0.498801738023758,8.56730884263191e-07,278528
345,1,0.0172499995642283,0.0172499995642283,0.00034441237221472,-0.496314287185669,8.73951502438898e-07,278528
346,1,0.0172999995629652,0.0172999995629652,0.000350636983057484,-0.493204951286316,8.9148335114888e-07,278528
347,1,0.0173499995617021,0.0173499995617021,0.00035623915027827,-0.489162862300873,9.09295308212826e-07,278528
348,1,0.017399999560439,0.017399999560439,0.000362339284038171,-0.486986368894577,9.27412271957062e-07,278528
349,1,0.0174499995591759,0.0174499995591759,0.000365078129107133,-0.482944250106812,9.45666177951286e-07,278528
350,1,0.0174999995579128,0.0174999995579128,0.000370929250493646,-0.47952401638031,9.64212640007445e-07,278528
351,1,0.0175499995566497,0.0175499995566497,0.00037578446790576,-0.476103782653809,9.83001862928077e-07,278528
352,1,0.0175999995553866,0.0175999995553866,0.000380390702048317,-0.47268357872963,1.00202139755002e-06,278528
353,1,0.0176499995541235,0.0176499995541235,0.000386490835808218,-0.467397749423981,1.02134593885225e-06,278528
354,1,0.0176999995528604,0.0176999995528604,0.000390599074307829,-0.465532153844833,1.04087589207427e-06,278528
355,1,0.0177499995515973,0.0177499995515973,0.000395454291719943,-0.462733805179596,1.06064860616077e-06,278528
356,1,0.0177999995503342,0.0177999995503342,0.000399562530219555,-0.459002614021301,1.08062673216706e-06,278528
357,1,0.0178499995490711,0.0178499995490711,0.000403670826926827,-0.454338669776917,1.10081027300352e-06,278528
358,1,0.017899999547808,0.017899999547808,0.000407779036322609,-0.453094959259033,1.12119922430458e-06,278528
359,1,0.0179499995465449,0.0179499995465449,0.000412260793382302,-0.449363768100739,1.14181226345297e-06,278528
360,1,0.0179999995452818,0.0179999995452818,0.000416991475503892,-0.445632606744766,1.16266183670146e-06,278528
361,1,0.0180499995440186,0.0180499995440186,0.000421722186729312,-0.442834228277206,1.18374794550524e-06,278528
362,1,0.0180999995427555,0.0180999995427555,0.000425083504524082,-0.439103066921234,1.20500212019452e-06,278528
363,1,0.0181499995414924,0.0181499995414924,0.000430187705205753,-0.436304688453674,1.22651150491144e-06,278528
364,1,0.0181999995402293,0.0181999995402293,0.000434918387327343,-0.432262599468231,1.24825742372846e-06,278528
365,1,0.0182499995389662,0.0182499995389662,0.000440147094195709,-0.431018888950348,1.27026477788229e-06,278528
366,1,0.0182999995377031,0.0182999995377031,0.000445002311607823,-0.425733059644699,1.2925148929006e-06,278528
367,1,0.01834999953644,0.01834999953644,0.000449235056294128,-0.423556536436081,1.31497664514787e-06,278528
368,1,0.0183999995351769,0.0183999995351769,0.000453094340628013,-0.420447260141373,1.33763136160697e-06,278528
369,1,0.0184499995339138,0.0184499995339138,0.000458571972558275,-0.417026996612549,1.36055995965565e-06,278528
370,1,0.0184999995326507,0.0184999995326507,0.000462182273622602,-0.413917720317841,1.383669072753e-06,278528
371,1,0.0185499995313876,0.0185499995313876,0.00046716196811758,-0.411119312047958,1.4070271705688e-06,278528
372,1,0.0185999995301245,0.0185999995301245,0.000472266168799251,-0.408320933580399,1.43064047841224e-06,278528
373,1,0.0186499995288614,0.0186499995288614,0.000476125424029306,-0.40583348274231,1.45444674901231e-06,278528
374,1,0.0186999995275983,0.0186999995275983,0.000480856135254726,-0.403035134077072,1.47848955516767e-06,278528
375,1,0.0187499995263352,0.0187499995263352,0.000484964402858168,-0.400236755609512,1.50273777469802e-06,278528
376,1,0.0187999995250721,0.0187999995250721,0.000490442092996091,-0.396816492080688,1.52725987872835e-06,278528
377,1,0.0188499995238089,0.0188499995238089,0.000495297252200544,-0.395572811365128,1.55202474071276e-06,278528
378,1,0.0188999995225458,0.0188999995225458,0.000497911591082811,-0.391841650009155,1.57692031963799e-06,278528
379,1,0.0189499995212827,0.0189499995212827,0.00050326477503404,-0.388421416282654,1.60208355775401e-06,278528
380,1,0.0189999995200196,0.0189999995200196,0.000507124059367925,-0.386244863271713,1.62743976008185e-06,278528
381,1,0.0190499995187565,0.0190499995187565,0.000511605758219957,-0.384379297494888,1.65302004734664e-06,278528
382,1,0.0190999995174934,0.0190999995174934,0.000514967076014727,-0.380959063768387,1.67876840049692e-06,278528
383,1,0.0191499995162303,0.0191499995162303,0.000518452899996191,-0.379715323448181,1.70469104484187e-06,278528
384,1,0.0191999995149672,0.0191999995149672,0.000522436632309109,-0.377227872610092,1.73081287579743e-06,278528
385,1,0.0192499995137041,0.0192499995137041,0.000525051029399037,-0.374429523944855,1.75706542660419e-06,278528
386,1,0.019299999512441,0.019299999512441,0.000528287782799453,-0.372253030538559,1.78347981507688e-06,278528
387,1,0.0193499995111779,0.0193499995111779,0.000530777615495026,-0.370076507329941,1.8100186951812e-06,278528
388,1,0.0193999995099148,0.0193999995099148,0.000532893987838179,-0.367899984121323,1.83666339390001e-06,278528
389,1,0.0194499995086517,0.0194499995086517,0.000536379811819643,-0.366034388542175,1.86348238381348e-06,278528
390,1,0.0194999995073886,0.0194999995073886,0.000537873711436987,-0.364790678024292,1.89037606870594e-06,278528
391,1,0.0195499995061255,0.0195499995061255,0.000540612498298287,-0.361681401729584,1.917406692938e-06,278528
392,1,0.0195999995048624,0.0195999995048624,0.000540986016858369,-0.360437661409378,1.9444559930976e-06,278528
393,1,0.0196499995035992,0.0196499995035992,0.000541981891728938,-0.357950210571289,1.97155508699947e-06,278528
394,1,0.0196999995023361,0.0196999995023361,0.000544596288818866,-0.356395572423935,1.99878490075253e-06,278528
395,1,0.019749999501073,0.019749999501073,0.000545218819752336,-0.3554627597332,2.02604584105147e-06,278528
396,1,0.0197999994998099,0.0197999994998099,0.000545218819752336,-0.353597164154053,2.05330678135042e-06,278528
397,1,0.0198499994985468,0.0198499994985468,0.000544969807378948,-0.350487858057022,2.08055527103101e-06,278528
398,1,0.0198999994972837,0.0198999994972837,0.00054372486192733,-0.349866032600403,2.1077415134406e-06,278528
399,1,0.0199499994960206,0.0199499994960206,0.000543102389201522,-0.348311364650726,2.13489663221468e-06,278528
400,1,0.0199999994947575,0.0199999994947575,0.000542977883014828,-0.347067624330521,2.16204552567958e-06,278528
401,1,0.0200499994934944,0.0200499994934944,0.000541608431376517,-0.346445769071579,2.1891259465643e-06,278528
402,1,0.0200999994922313,0.0200999994922313,0.000539616623427719,-0.343647420406342,2.21610677705409e-06,278528
403,1,0.0201499994909682,0.0201499994909682,0.000537749205250293,-0.342714637517929,2.24299423663737e-06,278528
404,1,0.0201999994897051,0.0201999994897051,0.00053563283290714,-0.342403680086136,2.26977587760617e-06,278528
405,1,0.020249999488442,0.020249999488442,0.000532520527485758,-0.340538084506989,2.29640190330782e-06,278528
406,1,0.0202999994871789,0.0202999994871789,0.000530653109308332,-0.339605331420898,2.32293455810297e-06,278528
407,1,0.0203499994859158,0.0203499994859158,0.000525922398082912,-0.339916229248047,2.34923067734282e-06,278528
408,1,0.0203999994846527,0.0203999994846527,0.00052144069923088,-0.338983446359634,2.37530271164573e-06,278528
409,1,0.0204499994833895,0.0204499994833895,0.000518328393809497,-0.337739735841751,2.4012191306815e-06,278528
410,1,0.0204999994821264,0.0204999994821264,0.000512477243319154,-0.337739735841751,2.42684299220014e-06,278528
411,1,0.0205499994808633,0.0205499994808633,0.000507995544467121,-0.336495995521545,2.45224276878185e-06,278528
412,1,0.0205999994796002,0.0205999994796002,0.000503015820868313,-0.335563242435455,2.4773935591899e-06,278528
413,1,0.0206499994783371,0.0206499994783371,0.000497538130730391,-0.334941357374191,2.50227046509798e-06,278528
414,1,0.020699999477074,0.020699999477074,0.000490691047161818,-0.335563242435455,2.52680501683627e-06,278528
415,1,0.0207499994758109,0.0207499994758109,0.000483968440676108,-0.335563242435455,2.55100343825877e-06,278528
416,1,0.0207999994745478,0.0207999994745478,0.000477743858937174,-0.334941357374191,2.57489063060219e-06,278528
417,1,0.0208499994732847,0.0208499994732847,0.000470398779725656,-0.335563242435455,2.59841056899431e-06,278528
418,1,0.0208999994720216,0.0208999994720216,0.000462555733975023,-0.334941357374191,2.62153835510881e-06,278528
419,1,0.0209499994707585,0.0209499994707585,0.000455335190054029,-0.334941357374191,2.64430511403637e-06,278528
420,1,0.0209999994694954,0.0209999994694954,0.000447492144303396,-0.33463042974472,2.66667972068631e-06,278528
421,1,0.0210499994682323,0.0210499994682323,0.000438653223682195,-0.335874140262604,2.68861238131635e-06,278528
422,1,0.0210999994669692,0.0210999994669692,0.000429689709562808,-0.335563242435455,2.71009686625175e-06,278528
423,1,0.0211499994657061,0.0211499994657061,0.00042097526602447,-0.336806952953339,2.73114562902124e-06,278528
424,1,0.021199999464443,0.021199999464443,0.000411389337386936,-0.335874140262604,2.75171509537096e-06,278528
425,1,0.0212499994631798,0.0212499994631798,0.000401927885832265,-0.336495995521545,2.77181148915489e-06,278528
426,1,0.0212999994619167,0.0212999994619167,0.000392093003029004,-0.337428778409958,2.79141613881109e-06,278528
427,1,0.0213499994606536,0.0213499994606536,0.000382009107852355,-0.338983446359634,2.81051659372119e-06,278528
428,1,0.0213999994593905,0.0213999994593905,0.00037105375668034,-0.339605331420898,2.82906928108652e-06,278528
429,1,0.0214499994581274,0.0214499994581274,0.00035960046807304,-0.339294373989105,2.84704930403596e-06,278528
430,1,0.0214999994568643,0.0214999994568643,0.000349267589626834,-0.340849041938782,2.86451268307614e-06,278528
431,1,0.0215499994556012,0.0215499994556012,0.00033868569880724,-0.341781824827194,2.88144696758871e-06,278528
432,1,0.0215999994543381,0.0215999994543381,0.000325987464748323,-0.343025535345078,2.89774634041437e-06,278528
433,1,0.021649999453075,0.021649999453075,0.000315032142680138,-0.34395831823349,2.91349794715045e-06,278528
434,1,0.0216999994518119,0.0216999994518119,0.000301835912978277,-0.345512986183167,2.92858974241812e-06,278528
435,1,0.0217499994505488,0.0217499994505488,0.000289760151645169,-0.344891130924225,2.94307774963438e-06,278528
436,1,0.0217999994492857,0.0217999994492857,0.000277684390312061,-0.347378581762314,2.95696196879924e-06,278528
437,1,0.0218499994480226,0.0218499994480226,0.000264612695900723,-0.348933219909668,2.97019260326004e-06,278528
438,1,0.0218999994467595,0.0218999994467595,0.00025203893892467,-0.351109713315964,2.98279454988792e-06,278528
439,1,0.0219499994454964,0.0219499994454964,0.000238220280152746,-0.352664411067963,2.99470556359466e-06,278528
440,1,0.0219999994442333,0.0219999994442333,0.000225148556637578,-0.354529976844788,3.00596299114215e-06,278528
441,1,0.0220499994429701,0.0220499994429701,0.00021157888113521,-0.354529976844788,3.01654193493167e-06,278528
442,1,0.022099999441707,0.022099999441707,0.00019688876636792,-0.357328355312347,3.02638637300137e-06,278528
443,1,0.0221499994404439,0.0221499994404439,0.000183941549039446,-0.358882993459702,3.035583450221e-06,278528
444,1,0.0221999994391808,0.0221999994391808,0.000169749386259355,-0.360748589038849,3.04407091931956e-06,278528
445,1,0.0222499994379177,0.0222499994379177,0.000155059286043979,-0.363236039876938,3.0518238834259e-06,278528
446,1,0.0222999994366546,0.0222999994366546,0.000140742646181025,-0.36385789513588,3.05886101555718e-06,278528
447,1,0.0223499994353915,0.0223499994353915,0.000126675004139543,-0.367278128862381,3.06519476560415e-06,278528
448,1,0.0223999994341284,0.0223999994341284,0.000112109381007031,-0.368832796812057,3.0708002345129e-06,278528
449,1,0.0224499994328653,0.0224499994328653,9.61743426159956e-05,-0.37069833278656,3.07560895152222e-06,278528
450,1,0.0224999994316022,0.0224999994316022,8.13597362139262e-05,-0.373185783624649,3.07967693823015e-06,278528
451,1,0.0225499994303391,0.0225499994303391,6.791454507038e-05,-0.374740481376648,3.08307266539789e-06,278528
452,1,0.022599999429076,0.022599999429076,5.21039983141236e-05,-0.377227872610092,3.08567786524778e-06,278528
453,1,0.0226499994278129,0.0226499994278129,3.74138835468329e-05,-0.380026280879974,3.08754855937787e-06,278528
454,1,0.0226999994265498,0.0226999994265498,2.28482640522998e-05,-0.382824659347534,3.08869097255162e-06,278528
455,1,0.0227499994252867,0.0227499994252867,6.29076157565578e-06,-0.385312110185623,3.08900551062246e-06,278528
456,1,0.0227999994240236,0.0227999994240236,-8.39935273688752e-06,-0.387799561023712,3.08858554299622e-06,278528
457,1,0.0228499994227604,0.0228499994227604,-2.38364209508291e-05,-0.389976054430008,3.08739372197879e-06,278528
458,1,0.0228999994214973,0.0228999994214973,-3.90245077142026e-05,-0.393396288156509,3.08544249664237e-06,278528
459,1,0.0229499994202342,0.0229499994202342,-5.49595461052377e-05,-0.395572811365128,3.08269451940653e-06,278528
460,1,0.0229999994189711,0.0229999994189711,-7.01476310496219e-05,-0.398371189832687,3.07918713794265e-06,278528
461,1,0.023049999417708,0.023049999417708,-8.48377385409549e-05,-0.400236755609512,3.07494525112276e-06,278528
462,1,0.0230999994164449,0.0230999994164449,-0.000100648285297211,-0.403656989336014,3.06991283698503e-06,278528
463,1,0.0231499994151818,0.0231499994151818,-0.000115960865514353,-0.407077223062515,3.06411479385579e-06,278528
464,1,0.0231999994139187,0.0231999994139187,-0.000130899963551201,-0.410186529159546,3.05756979584357e-06,278528
465,1,0.0232499994126556,0.0232499994126556,-0.000147083977935836,-0.413606762886047,3.05021559713256e-06,278528
466,1,0.0232999994113925,0.0232999994113925,-0.000163019023602828,-0.415783286094666,3.04206464615833e-06,278528
467,1,0.0233499994101294,0.0233499994101294,-0.000178082613274455,-0.418892562389374,3.03316051571954e-06,278528
468,1,0.0233999994088663,0.0233999994088663,-0.000193519692402333,-0.422623753547668,3.02348453134386e-06,278528
469,1,0.0234499994076032,0.0234499994076032,-0.000208334284252487,-0.425111204385757,3.01306781739438e-06,278528
470,1,0.0234999994063401,0.0234999994063401,-0.000223024413571693,-0.427598655223846,3.0019165969975e-06,278528
471,1,0.023549999405077,0.023549999405077,-0.000237963511608541,-0.431329786777496,2.99001842171765e-06,278528
472,1,0.0235999994038139,0.0235999994038139,-0.000251782184932381,-0.433817237615585,2.97742931278906e-06,278528
473,1,0.0236499994025507,0.0236499994025507,-0.000268215197138488,-0.43754842877388,2.96401855327092e-06,278528
474,1,0.0236999994012876,0.0236999994012876,-0.000282905297353864,-0.440657734870911,2.94987328876056e-06,278528
475,1,0.0237499994000245,0.0237499994000245,-0.000296848447760567,-0.444388866424561,2.93503086674749e-06,278528
476,1,0.0237999993987614,0.0237999993987614,-0.0003117875312455,-0.447809129953384,2.91944149057903e-06,278528
477,1,0.0238499993974983,0.0238499993974983,-0.000326353183481842,-0.451540261507034,2.90312383181716e-06,278528
478,1,0.0238999993962352,0.0238999993962352,-0.000340545346261933,-0.45278400182724,2.88609656493421e-06,278528
479,1,0.0239499993949721,0.0239499993949721,-0.000353990501025692,-0.458069801330566,2.86839704033005e-06,278528
480,1,0.023999999393709,0.023999999393709,-0.000368182634701952,-0.460246354341507,2.84998790906001e-06,278528
481,1,0.0240499993924459,0.0240499993924459,-0.000382499332772568,-0.464599341154099,2.83086294290451e-06,278528
482,1,0.0240999993911828,0.0240999993911828,-0.000394948525354266,-0.467397749423981,2.81111551713566e-06,278528
483,1,0.0241499993899197,0.0241499993899197,-0.000410012115025893,-0.470817983150482,2.79061491190226e-06,278528
484,1,0.0241999993886566,0.0241999993886566,-0.000421838922193274,-0.473927289247513,2.76952296632542e-06,278528
485,1,0.0242499993873935,0.0242499993873935,-0.000435159628977999,-0.477658420801163,2.74776498542617e-06,278528
486,1,0.0242999993861304,0.0242999993861304,-0.000447733356850222,-0.481078684329987,2.7253783181492e-06,278528
487,1,0.0243499993848673,0.0243499993848673,-0.000460307113826275,-0.483877062797546,2.7023629630393e-06,278528
488,1,0.0243999993836042,0.0243999993836042,-0.000472507381346077,-0.488230109214783,2.67873759456882e-06,278528
489,1,0.024449999382341,0.024449999382341,-0.000485454598674551,-0.490717500448227,2.65446486524828e-06,278528
490,1,0.0244999993810779,0.0244999993810779,-0.000496036431286484,-0.494137763977051,2.6296630443105e-06,278528
491,1,0.0245499993798148,0.0245499993798148,-0.000507614226080477,-0.498490780591965,2.60428233364765e-06,278528
492,1,0.0245999993785517,0.0245999993785517,-0.000518320652190596,-0.502221941947937,2.57836630169281e-06,278528
493,1,0.0246499993772886,0.0246499993772886,-0.000529524928424507,-0.504398465156555,2.55189005594043e-06,278528
494,1,0.0246999993760255,0.0246999993760255,-0.000538861844688654,-0.507196843624115,2.52494696438664e-06,278528
495,1,0.0247499993747624,0.0247499993747624,-0.000548447773326188,-0.510617077350616,2.49752457641308e-06,278528
496,1,0.0247999993734993,0.0247999993734993,-0.000558407162316144,-0.515281021595001,2.4696042190026e-06,278528
497,1,0.0248499993722362,0.0248499993722362,-0.000568615563679487,-0.518079400062561,2.44117344153684e-06,278528
498,1,0.0248999993709731,0.0248999993709731,-0.000577081053052098,-0.521499633789063,2.41231938961315e-06,278528
499,1,0.02494999936971,0.02494999936971,-0.000585048575885594,-0.525230765342712,2.38306696155785e-06,278528
500,1,0.0249999993684469,0.0249999993684469,-0.000592767086345702,-0.527407348155975,2.3534286079893e-06,278528
501,1,0.0250499993671838,0.0250499993671838,-0.00060073466738686,-0.531449437141418,2.32339187537874e-06,278528
502,1,0.0250999993659207,0.0250999993659207,-0.000607955211307853,-0.534247756004333,2.29299411558126e-06,278528
503,1,0.0251499993646576,0.0251499993646576,-0.000613681855611503,-0.537046134471893,2.26231002357583e-06,278528
504,1,0.0251999993633945,0.0251999993633945,-0.000621524872258306,-0.542021036148071,2.23123378074797e-06,278528
505,1,0.0252499993621313,0.0252499993621313,-0.000625633110757917,-0.544197559356689,2.19995212600032e-06,278528
506,1,0.0252999993608682,0.0252999993608682,-0.000631608709227294,-0.547617793083191,2.16837169133674e-06,278528
507,1,0.0253499993596051,0.0253499993596051,-0.000634970085229725,-0.549794316291809,2.13662318787729e-06,278528
508,1,0.025399999358342,0.025399999358342,-0.000639700796455145,-0.552281737327576,2.10463814886254e-06,278528
509,1,0.0254499993570789,0.0254499993570789,-0.00064356008078903,-0.555080115795135,2.07246014563598e-06,278528
510,1,0.0254999993558158,0.0254999993558158,-0.000646174361463636,-0.559433162212372,2.04015142837898e-06,278528
511,1,0.0255499993545527,0.0255499993545527,-0.000649411231279373,-0.561920642852783,2.00768086763529e-06,278528
512,1,0.0255999993532896,0.0255999993532896,-0.000650282658170909,-0.565651774406433,1.97516673554812e-06,278528
513,1,0.0256499993520265,0.0256499993520265,-0.000653270457405597,-0.566895484924316,1.94250321350299e-06,278528
514,1,0.0256999993507634,0.0256999993507634,-0.000653394963592291,-0.571870386600494,1.90983346614868e-06,278528
515,1,0.0257499993495003,0.0257499993495003,-0.000651901063974947,-0.572803139686584,1.87723841377335e-06,278528
516,1,0.0257999993482372,0.0257999993482372,-0.000653768423944712,-0.576223373413086,1.8445499934019e-06,278528
517,1,0.0258499993469741,0.0258499993469741,-0.00065202551195398,-0.579021811485291,1.81194871862778e-06,278528
518,1,0.025899999345711,0.025899999345711,-0.00065065617673099,-0.581509232521057,1.77941591061307e-06,278528
519,1,0.0259499993444479,0.0259499993444479,-0.000648788700345904,-0.584618508815765,1.74697647641527e-06,278528
520,1,0.0259999993431848,0.0259999993431848,-0.000646921340376139,-0.586795032024384,1.71463041021359e-06,278528
521,1,0.0260499993419216,0.0260499993419216,-0.000644057989120483,-0.588660657405853,1.68242751157108e-06,278528
522,1,0.0260999993406585,0.0260999993406585,-0.000639576290268451,-0.590837121009827,1.65044869786551e-06,278528
523,1,0.0261499993393954,0.0261499993393954,-0.00063584151212126,-0.59394645690918,1.61865662306258e-06,278528
524,1,0.0261999993381323,0.0261999993381323,-0.000630861846730113,-0.595812022686005,1.58711353152292e-06,278528
525,1,0.0262499993368692,0.0262499993368692,-0.00062538415659219,-0.598299443721771,1.55584432448324e-06,278528
526,1,0.0262999993356061,0.0262999993356061,-0.00062065344536677,-0.600165069103241,1.52481165299885e-06,278528
527,1,0.026349999334343,0.026349999334343,-0.000614553282503039,-0.602341532707214,1.49408398964995e-06,278528
528,1,0.0263999993330799,0.0263999993330799,-0.000608328671660274,-0.605139970779419,1.46366755683532e-06,278528
529,1,0.0264499993318168,0.0264499993318168,-0.00060073466738686,-0.606383681297302,1.43363082422477e-06,278528
530,1,0.0264999993305537,0.0264999993305537,-0.00059401203179732,-0.609182059764862,1.4039302233852e-06,278528
531,1,0.0265499993292906,0.0265499993292906,-0.000586791487876326,-0.609803915023804,1.37459064973256e-06,278528
532,1,0.0265999993280275,0.0265999993280275,-0.000578450446482748,-0.611669480800629,1.34566812813907e-06,278528
533,1,0.0266499993267644,0.0266499993267644,-0.000570358475670218,-0.613846004009247,1.31715020507598e-06,278528
534,1,0.0266999993255013,0.0266999993255013,-0.000561768480110914,-0.615711569786072,1.28906178178001e-06,278528
535,1,0.0267499993242382,0.0267499993242382,-0.000552805024199188,-0.616644322872162,1.2614215312683e-06,278528
536,1,0.0267999993229751,0.0267999993229751,-0.00054309464758262,-0.618509948253632,1.23426679957516e-06,278528
537,1,0.0268499993217119,0.0268499993217119,-0.000533882179297507,-0.621308326721191,1.20757269128463e-06,278528
538,1,0.0268999993204488,0.0268999993204488,-0.000523922732099891,-0.622552037239075,1.18137655534141e-06,278528
539,1,0.0269499993191857,0.0269499993191857,-0.000513838895130903,-0.624106705188751,1.1556846112339e-06,278528
540,1,0.0269999993179226,0.0269999993179226,-0.000503879506140947,-0.6244176030159,1.1304906365633e-06,278528
541,1,0.0270499993166595,0.0270499993166595,-0.000494044565130025,-0.626283228397369,1.10578840893083e-06,278528
542,1,0.0270999993153964,0.0270999993153964,-0.000483089243061841,-0.625661373138428,1.08163394738793e-06,278528
543,1,0.0271499993141333,0.0271499993141333,-0.000471511419164017,-0.626594126224518,1.0580583770253e-06,278528
544,1,0.0271999993128702,0.0271999993128702,-0.000461427494883537,-0.628148853778839,1.03498700286396e-06,278528
545,1,0.0272499993116071,0.0272499993116071,-0.000450098741566762,-0.629081547260284,1.01248206635414e-06,278528
546,1,0.027299999310344,0.027299999310344,-0.000438769930042326,-0.630636215209961,9.90543570406237e-07,278528
547,1,0.0273499993090809,0.0273499993090809,-0.000428188039222732,-0.631879925727844,9.69134168985948e-07,278528
548,1,0.0273999993078178,0.0273999993078178,-0.000416236754972488,-0.631569027900696,9.48322331763075e-07,278528
549,1,0.0274499993065547,0.0274499993065547,-0.000404658960178494,-0.633434653282166,9.28089384265277e-07,278528
550,1,0.0274999993052916,0.0274999993052916,-0.000392209709389135,-0.632812738418579,9.08478899291223e-07,278528
551,1,0.0275499993040285,0.0275499993040285,-0.000380631885491312,-0.633745551109314,8.89447305497436e-07,278528
552,1,0.0275999993027654,0.0275999993027654,-0.000368929584510624,-0.634989261627197,8.71000826737902e-07,278528
553,1,0.0276499993015022,0.0276499993015022,-0.00035697832936421,-0.634367406368256,8.53151910720593e-07,278528
554,1,0.0276999993002391,0.0276999993002391,-0.000344778061844409,-0.633745551109314,8.35913008063864e-07,278528
555,1,0.027749999298976,0.027749999298976,-0.000332702300511301,-0.634678363800049,8.19277893458537e-07,278528
556,1,0.0277999992977129,0.0277999992977129,-0.00032087552244775,-0.634056448936462,8.03234117741449e-07,278528
557,1,0.0278499992964498,0.0278499992964498,-0.000309173192363232,-0.634678363800049,7.87775458513806e-07,278528
558,1,0.0278999992951867,0.0278999992951867,-0.000296226004138589,-0.635922014713287,7.72964158681042e-07,278528
559,1,0.0279499992939236,0.0279499992939236,-0.000284150213701651,-0.634367406368256,7.58756648354871e-07,278528
560,1,0.0279999992926605,0.0279999992926605,-0.000272074452368543,-0.633434653282166,7.45152926080103e-07,278528
561,1,0.0280499992913974,0.0280499992913974,-0.000259376218309626,-0.634367406368256,7.32184115492241e-07,278528
562,1,0.0280999992901343,0.0280999992901343,-0.000247673917328939,-0.634367406368256,7.19800419938633e-07,278528
563,1,0.0281499992888712,0.0281499992888712,-0.00023522466653958,-0.632812738418579,7.08039186908768e-07,278528
564,1,0.0281999992876081,0.0281999992876081,-0.000222899907384999,-0.632190942764282,6.96894191821064e-07,278528
565,1,0.028249999286345,0.028249999286345,-0.000210077196243219,-0.633745551109314,6.86390332274253e-07,278528
566,1,0.0282999992850819,0.0282999992850819,-0.000198499386897311,-0.631258130073547,6.76465363180113e-07,278528
567,1,0.0283499992838188,0.0283499992838188,-0.00018617462774273,-0.630325317382813,6.67156632028135e-07,278528
568,1,0.0283999992825557,0.0283999992825557,-0.000172978427144699,-0.629392504692078,6.5850771088939e-07,278528
569,1,0.0284499992812925,0.0284499992812925,-0.00016140061779879,-0.627837836742401,6.50437680203317e-07,278528
570,1,0.0284999992800294,0.0284999992800294,-0.000150320774991997,-0.628459751605988,6.42921641643588e-07,278528
571,1,0.0285499992787663,0.0285499992787663,-0.000136875605676323,-0.626905083656311,6.3607786153266e-07,278528
572,1,0.0285999992775032,0.0285999992775032,-0.000125920269056223,-0.626283228397369,6.297818482389e-07,278528
573,1,0.0286499992762401,0.0286499992762401,-0.000114342459710315,-0.625350415706635,6.24064725397811e-07,278528
574,1,0.028699999274977,0.028699999274977,-0.000101021760201547,-0.623795747756958,6.19013637515335e-07,278528
575,1,0.0287499992737139,0.0287499992737139,-9.03154141269624e-05,-0.62161922454834,6.14497866923065e-07,278528
576,1,0.0287999992724508,0.0287999992724508,-7.79906549723819e-05,-0.620064616203308,6.10598334272956e-07,278528
577,1,0.0288499992711877,0.0288499992711877,-6.74087859806605e-05,-0.619753658771515,6.07227895059067e-07,278528
578,1,0.0288999992699246,0.0288999992699246,-5.5208529374795e-05,-0.617266237735748,6.04467468660062e-07,278528
579,1,0.0289499992686615,0.0289499992686615,-4.28837738581933e-05,-0.61508971452713,6.02323280021319e-07,278528
580,1,0.0289999992673984,0.0289999992673984,-3.16794466925785e-05,-0.614778816699982,6.00739307726704e-07,278528
581,1,0.0290499992661353,0.0290499992661353,-2.03506315301638e-05,-0.611669480800629,5.99721776175901e-07,278528
582,1,0.0290999992648722,0.0290999992648722,-9.64427817962132e-06,-0.611047625541687,5.99239562279102e-07,278528
583,1,0.0291499992636091,0.0291499992636091,1.80903157342982e-06,-0.60949295759201,5.99330013855489e-07,278528
584,1,0.029199999262346,0.029199999262346,1.239089306182e-05,-0.607316434383392,5.99949558492928e-07,278528
585,1,0.0292499992610828,0.0292499992610828,2.30972455028677e-05,-0.605761826038361,6.01104420738898e-07,278528
586,1,0.0292999992598197,0.0292999992598197,3.45505613950081e-05,-0.602963387966156,6.02831948765007e-07,278528
587,1,0.0293499992585566,0.0293499992585566,4.60038645542227e-05,-0.599854111671448,6.0513214193461e-07,278528
588,1,0.0293999992572935,0.0293999992572935,5.64612346352078e-05,-0.599854111671448,6.07955203595054e-07,278528
589,1,0.0294499992560304,0.0294499992560304,6.7043089075014e-05,-0.596122980117798,6.11307357964122e-07,278528
590,1,0.0294999992547673,0.0294999992547673,7.79984329710715e-05,-0.594257354736328,6.15207279514156e-07,278528
591,1,0.0295499992535042,0.0295499992535042,8.78333376022056e-05,-0.591458976268768,6.19598946283323e-07,278528
592,1,0.0295999992522411,0.0295999992522411,9.81662233243696e-05,-0.588660657405853,6.24507257325547e-07,278528
593,1,0.029649999250978,0.029649999250978,0.000107627653051168,-0.587105989456177,6.2988863984216e-07,278528
594,1,0.0296999992497149,0.0296999992497149,0.000117711540951859,-0.584929466247559,6.35774216741071e-07,278528
595,1,0.0297499992484518,0.0297499992484518,0.000127172970678657,-0.581820130348206,6.42132865114371e-07,278528
596,1,0.0297999992471887,0.0297999992471887,0.000137007868033834,-0.579332709312439,6.48983258343007e-07,278528
597,1,0.0298499992459256,0.0298499992459256,0.000147465252666734,-0.577156186103821,6.5635652079008e-07,278528
598,1,0.0298999992446625,0.0298999992446625,0.000155308269313537,-0.573424994945526,6.64121934059585e-07,278528
599,1,0.0299499992433994,0.0299499992433994,0.000165765639394522,-0.57093757390976,6.72410215819932e-07,278528
600,1,0.0299999992421363,0.0299999992421363,0.000174355620401911,-0.568761050701141,6.81127996619798e-07,278528
601,1,0.0300499992408731,0.0300499992408731,0.000183941549039446,-0.564718961715698,6.90325073839432e-07,278528
602,1,0.03009999923961,0.03009999923961,0.000192282546777278,-0.56254243850708,6.99939200935423e-07,278528
603,1,0.0301499992383469,0.0301499992383469,0.000201246002689004,-0.55881130695343,7.10001500815678e-07,278528
604,1,0.0301999992370838,0.0301999992370838,0.000210458441870287,-0.556634783744812,7.20524422643361e-07,278528
605,1,0.0302499992358207,0.0302499992358207,0.000218301473069005,-0.554769217967987,7.31439496021073e-07,278528
606,1,0.0302999992345576,0.0302999992345576,0.000226268981350586,-0.550727069377899,7.42752944802801e-07,278528
607,1,0.0303499992332945,0.0303499992332945,0.000233863043831661,-0.547617793083191,7.5444609669899e-07,278528
608,1,0.0303999992320314,0.0303999992320314,0.000241706075030379,-0.544819414615631,7.66531400145209e-07,278528
609,1,0.0304499992307683,0.0304499992307683,0.000250047072768211,-0.541710138320923,7.79033753467783e-07,278528
610,1,0.0304999992295052,0.0304999992295052,0.000257143168710172,-0.537357091903687,7.91890911578493e-07,278528
611,1,0.0305499992282421,0.0305499992282421,0.000265110662439838,-0.53486967086792,8.05146444365622e-07,278528
612,1,0.030599999226979,0.030599999226979,0.000271210767095909,-0.532693147659302,8.18706982377849e-07,278528
613,1,0.0306499992257159,0.0306499992257159,0.000278929335763678,-0.528961956501007,8.32653448813715e-07,278528
614,1,0.0306999992244528,0.0306999992244528,0.00028677232330665,-0.525852680206299,8.46992064616824e-07,278528
615,1,0.0307499992231897,0.0307499992231897,0.000293619435979053,-0.521810591220856,8.61673036044904e-07,278528
616,1,0.0307999992219266,0.0307999992219266,0.000299844075925648,-0.519323110580444,8.76665239462452e-07,278528
617,1,0.0308499992206634,0.0308499992206634,0.00030631767003797,-0.515902876853943,8.91981122577438e-07,278528
618,1,0.0308999992194003,0.0308999992194003,0.000311919837258756,-0.511549830436707,9.07577114046388e-07,278528
619,1,0.0309499992181372,0.0309499992181372,0.000318393460474908,-0.50906240940094,9.23496786667969e-07,278528
620,1,0.0309999992168741,0.0309999992168741,0.000324244581861421,-0.505020320415497,9.39709015351485e-07,278528
621,1,0.031049999215611,0.031049999215611,0.000331465154886246,-0.50253289937973,9.56282272677121e-07,278528
622,1,0.0310999992143479,0.0310999992143479,0.000336569326464087,-0.498801738023758,9.73110738575203e-07,278528
623,1,0.0311499992130848,0.0311499992130848,0.000342793966410682,-0.495070546865463,9.90250436462752e-07,278528
624,1,0.0311999992118217,0.0311999992118217,0.000348022615071386,-0.492272198200226,1.00765156677673e-06,278528
625,1,0.0312499992105586,0.0312499992105586,0.000353002338670194,-0.488230109214783,1.02530168326436e-06,278528
626,1,0.0312999992092955,0.0312999992092955,0.000359102501533926,-0.484809845685959,1.04325680788747e-06,278528
627,1,0.0313499992080324,0.0313499992080324,0.000364704668754712,-0.482322424650192,1.06149204086455e-06,278528
628,1,0.0313999992067693,0.0313999992067693,0.000368688401067629,-0.478280305862427,1.07992646045224e-06,278528
629,1,0.0314499992055062,0.0314499992055062,0.000373668095562607,-0.475481927394867,1.09860986475838e-06,278528
630,1,0.0314999992042431,0.0314999992042431,0.000380390702048317,-0.471439838409424,1.11762939938033e-06,278528
631,1,0.03154999920298,0.03154999920298,0.000383503007469699,-0.468641489744186,1.13680454926941e-06,278528
632,1,0.0315999992017169,0.0315999992017169,0.000388856191420928,-0.464599341154099,1.15624735834929e-06,278528
633,1,0.0316499992004537,0.0316499992004537,0.000393586902646348,-0.46149006485939,1.17592670298446e-06,278528
634,1,0.0316999991991906,0.0316999991991906,0.000398317613871768,-0.45869168639183,1.19584258317493e-06,278528
635,1,0.0317499991979275,0.0317499991979275,0.000403048354201019,-0.455271452665329,1.21599500037589e-06,278528
636,1,0.0317999991966644,0.0317999991966644,0.000407903513405472,-0.451229363679886,1.23639017553094e-06,278528
637,1,0.0318499991954013,0.0318499991954013,0.000412634253734723,-0.447809129953384,1.25702188769647e-06,278528
638,1,0.0318999991941382,0.0318999991941382,0.000416493538068607,-0.444699823856354,1.27784656407383e-06,278528
639,1,0.0319499991928751,0.0319499991928751,0.000421971169998869,-0.441590517759323,1.29894512204078e-06,278528
640,1,0.031999999191612,0.031999999191612,0.000427448860136792,-0.438170284032822,1.3203175645077e-06,278528
641,1,0.0320499991903489,0.0320499991903489,0.00043143262155354,-0.434439092874527,1.34188919504044e-06,278528
642,1,0.0320999991890858,0.0320999991890858,0.000435914378613234,-0.431018888950348,1.36368491342049e-06,278528
643,1,0.0321499991878227,0.0321499991878227,0.000440022617112845,-0.428220510482788,1.38568604372034e-06,278528
644,1,0.0321999991865596,0.0321999991865596,0.000445002311607823,-0.42604398727417,1.40793615873864e-06,278528
645,1,0.0322499991852965,0.0322499991852965,0.000451102416263893,-0.42324560880661,1.43049127898205e-06,278528
646,1,0.0322999991840334,0.0322999991840334,0.0004543392569758,-0.419203519821167,1.45320824125696e-06,278528
647,1,0.0323499991827703,0.0323499991827703,0.000459443428553641,-0.416716068983078,1.47618041210432e-06,278528
648,1,0.0323999991815072,0.0323999991815072,0.000464921118691564,-0.414539575576782,1.49942646745165e-06,278528
649,1,0.032449999180244,0.032449999180244,0.00046952732373029,-0.410497456789017,1.5229028330451e-06,278528
650,1,0.0324999991789809,0.0324999991789809,0.000474507018225268,-0.407388180494308,1.54662818335701e-06,278528
651,1,0.0325499991777178,0.0325499991777178,0.000478739762911573,-0.403967916965485,1.57056517089789e-06,278528
652,1,0.0325999991764547,0.0325999991764547,0.00048334599705413,-0.401169538497925,1.59473247014008e-06,278528
653,1,0.0326499991751916,0.0326499991751916,0.000488450168631971,-0.399303942918777,1.61915497795471e-06,278528
654,1,0.0326999991739285,0.0326999991739285,0.00049280741950497,-0.396194666624069,1.64379534830749e-06,278528
655,1,0.0327499991726654,0.0327499991726654,0.000497413682751358,-0.394950956106186,1.66866603181678e-06,278528
656,1,0.0327999991714023,0.0327999991714023,0.000502642302308232,-0.39090883731842,1.6937981462973e-06,278528
657,1,0.0328499991701392,0.0328499991701392,0.000506750599015504,-0.388110458850861,1.71913567560799e-06,278528
658,1,0.0328999991688761,0.0328999991688761,0.000510111916810274,-0.386866748332977,1.74464127080418e-06,278528
659,1,0.032949999167613,0.032949999167613,0.000514220155309886,-0.383446514606476,1.77035227792016e-06,278528
660,1,0.0329999991663499,0.0329999991663499,0.000517705862876028,-0.380337208509445,1.79623757041004e-06,278528
661,1,0.0330499991650868,0.0330499991650868,0.000521565147209913,-0.379715323448181,1.82231582711175e-06,278528
662,1,0.0330999991638237,0.0330999991638237,0.000525299983564764,-0.376295119524002,1.84858082562648e-06,278528
663,1,0.0331499991625606,0.0331499991625606,0.000528163276612759,-0.374118596315384,1.87498898878999e-06,278528
664,1,0.0331999991612975,0.0331999991612975,0.000531275582034141,-0.372253030538559,1.90155276722064e-06,278528
665,1,0.0332499991600343,0.0332499991600343,0.000533889979124069,-0.370076507329941,1.92824726550248e-06,278528
666,1,0.0332999991587712,0.0332999991587712,0.000537873711436987,-0.36696720123291,1.95514095039494e-06,278528
667,1,0.0333499991575081,0.0333499991575081,0.000539367669261992,-0.364790678024292,1.98210933317676e-06,278528
668,1,0.033399999156245,0.033399999156245,0.000541483983397484,-0.363236039876938,2.00918353166268e-06,278528
669,1,0.0334499991549819,0.0334499991549819,0.000543475907761604,-0.36105951666832,2.03635732636429e-06,278528
670,1,0.0334999991537188,0.0334999991537188,0.000544596288818866,-0.358882993459702,2.06358714011736e-06,278528
671,1,0.0335499991524557,0.0335499991524557,0.000545094313565642,-0.357639253139496,2.09084185510713e-06,278528
672,1,0.0335999991511926,0.0335999991511926,0.000545343209523708,-0.355151861906052,2.11810901489448e-06,278528
673,1,0.0336499991499295,0.0336499991499295,0.000547833100426942,-0.3554627597332,2.14550066922386e-06,278528
674,1,0.0336999991486664,0.0336999991486664,0.00054708612151444,-0.352353453636169,2.17285497460855e-06,278528
675,1,0.0337499991474033,0.0337499991474033,0.00054609018843621,-0.350487858057022,2.2001594833406e-06,278528
676,1,0.0337999991461402,0.0337999991461402,0.000546214636415243,-0.349244177341461,2.22747021447143e-06,278528
677,1,0.0338499991448771,0.0338499991448771,0.000545716728083789,-0.348933219909668,2.25475605018632e-06,278528
678,1,0.033899999143614,0.033899999143614,0.000544471782632172,-0.347067624330521,2.2819796386302e-06,278528
679,1,0.0339499991423509,0.0339499991423509,0.000542479916475713,-0.344891130924225,2.30910363376878e-06,278528
680,1,0.0339999991410878,0.0339999991410878,0.000541732937563211,-0.344269275665283,2.33619027996267e-06,278528
681,1,0.0340499991398246,0.0340499991398246,0.000539118598680943,-0.343336492776871,2.36314620921576e-06,278528
682,1,0.0340999991385615,0.0340999991385615,0.000536006293259561,-0.342714637517929,2.3899465232017e-06,278528
683,1,0.0341499991372984,0.0341499991372984,0.000533391954377294,-0.341781824827194,2.41661612024684e-06,278528
684,1,0.0341999991360353,0.0341999991360353,0.000529906188603491,-0.340538084506989,2.44311142900768e-06,278528
685,1,0.0342499991347722,0.0342499991347722,0.000526669376995414,-0.34022718667984,2.46944489719221e-06,278528
686,1,0.0342999991335091,0.0342999991335091,0.000522685644682497,-0.3380506336689,2.49557917876613e-06,278528
687,1,0.034349999132246,0.034349999132246,0.000517954933457077,-0.338361591100693,2.52147692478475e-06,278528
688,1,0.0343999991309829,0.0343999991309829,0.000513597682584077,-0.337428778409958,2.54715680826523e-06,278528
689,1,0.0344499991297198,0.0344499991297198,0.000507995544467121,-0.336495995521545,2.57255658484693e-06,278528
690,1,0.0344999991284567,0.0344999991284567,0.000502642302308232,-0.335563242435455,2.59768869932745e-06,278528
691,1,0.0345499991271936,0.0345499991271936,0.000497040164191276,-0.335874140262604,2.6225407069092e-06,278528
692,1,0.0345999991259305,0.0345999991259305,0.000491437967866659,-0.335874140262604,2.6471126046818e-06,278528
693,1,0.0346499991246674,0.0346499991246674,0.000484341930132359,-0.334941357374191,2.67132970057664e-06,278528
694,1,0.0346999991234043,0.0346999991234043,0.000477743858937174,-0.334941357374191,2.69521689292006e-06,278528
695,1,0.0347499991221412,0.0347499991221412,0.000470274273538962,-0.334941357374191,2.718730606003e-06,278528
696,1,0.0347999991208781,0.0347999991208781,0.000462306779809296,-0.335252285003662,2.74184594440952e-06,278528
697,1,0.0348499991196149,0.0348499991196149,0.000454961729701608,-0.335874140262604,2.76459403031994e-06,278528
698,1,0.0348999991183518,0.0348999991183518,0.000446247198851779,-0.334941357374191,2.78690638969887e-06,278528
699,1,0.0349499991170887,0.0349499991170887,0.000437532755313441,-0.335563242435455,2.80878302691189e-06,278528
700,1,0.0349999991158256,0.0349999991158256,0.000428320316132158,-0.336185097694397,2.83019904217748e-06,278528
701,1,0.0350499991145625,0.0350499991145625,0.000420228316215798,-0.336185097694397,2.85121045745748e-06,278528
702,1,0.0350999991132994,0.0350999991132994,0.000410642358474433,-0.337117880582809,2.87174257486252e-06,278528
703,1,0.0351499991120363,0.0351499991120363,0.00040142991929315,-0.336806952953339,2.89181407032013e-06,278528
704,1,0.0351999991107732,0.0351999991107732,0.000390101078664884,-0.3380506336689,2.91131912376063e-06,278528
705,1,0.0352499991095101,0.0352499991095101,0.000379892706405371,-0.339294373989105,2.93031375860106e-06,278528
706,1,0.035299999108247,0.035299999108247,0.000369435350876302,-0.339605331420898,2.94878552567823e-06,278528
707,1,0.0353499991069839,0.0353499991069839,0.000359724974259734,-0.339916229248047,2.96677177393685e-06,278528
708,1,0.0353999991057208,0.0353999991057208,0.000348769593983889,-0.339916229248047,2.98421025319551e-06,278528
709,1,0.0354499991044577,0.0354499991044577,0.000336569326464087,-0.342092782258987,3.00103871909359e-06,278528
710,1,0.0354999991031946,0.0354999991031946,0.000325116037856787,-0.342403680086136,3.01729452057578e-06,278528
711,1,0.0355499991019315,0.0355499991019315,0.000312293297611177,-0.343647420406342,3.03290918506188e-06,278528
712,1,0.0355999991006684,0.0355999991006684,0.000301835912978277,-0.345202058553696,3.04800098032954e-06,278528
713,1,0.0356499990994052,0.0356499990994052,0.000288390729110688,-0.346756726503372,3.0624205164208e-06,278528
714,1,0.0356999990981421,0.0356999990981421,0.00027494557434693,-0.34862232208252,3.07616779479087e-06,278528
715,1,0.035749999096879,0.035749999096879,0.000262620771536604,-0.34955507516861,3.08929883303598e-06,278528
716,1,0.0357999990956159,0.0357999990956159,0.000249300093855709,-0.352664411067963,3.10176383741387e-06,278528
717,1,0.0358499990943528,0.0358499990943528,0.000236477382713929,-0.352975308895111,3.11358770625087e-06,278528
718,1,0.0358999990930897,0.0358999990930897,0.000222285234485753,-0.354219049215317,3.12470196769439e-06,278528
719,1,0.0359499990918266,0.0359499990918266,0.000207719611353241,-0.3554627597332,3.13508794799968e-06,278528
720,1,0.0359999990905635,0.0359999990905635,0.00019589283328969,-0.357328355312347,3.14488258941673e-06,278528
721,1,0.0360499990893004,0.0360499990893004,0.000180953720700927,-0.359504848718643,3.15393027522321e-06,278528
722,1,0.0360999990880373,0.0360999990880373,0.000167259539011866,-0.361681401729584,3.16229325196254e-06,278528
723,1,0.0361499990867742,0.0361499990867742,0.000152444961713627,-0.362614154815674,3.16991549985567e-06,278528
724,1,0.0361999990855111,0.0361999990855111,0.000138377290568314,-0.365101605653763,3.1768343642093e-06,278528
725,1,0.036249999084248,0.036249999084248,0.000123438192531466,-0.366656243801117,3.18300627367995e-06,278528
726,1,0.0362999990829849,0.0362999990829849,0.000108623593405355,-0.368832796812057,3.18843745321302e-06,278528
727,1,0.0363499990817218,0.0363499990817218,9.41824619076215e-05,-0.371631145477295,3.19314657618944e-06,278528
728,1,0.0363999990804587,0.0363999990804587,7.83719151513651e-05,-0.374429523944855,3.19706517184801e-06,278528
729,1,0.0364499990791955,0.0364499990791955,6.38062920188531e-05,-0.376606047153473,3.20025548636836e-06,278528
730,1,0.0364999990779324,0.0364999990779324,4.79957489005756e-05,-0.378471612930298,3.20265527375277e-06,278528
731,1,0.0365499990766693,0.0365499990766693,3.4675049391808e-05,-0.38127002120018,3.20438902617856e-06,278528
732,1,0.0365999990754062,0.0365999990754062,1.81175473699113e-05,-0.383446514606476,3.20529490352417e-06,278528
733,1,0.0366499990741431,0.0366499990741431,3.0539563340426e-06,-0.386244863271713,3.20544760133702e-06,278528
734,1,0.03669999907288,0.03669999907288,-1.22586197903729e-05,-0.388110458850861,3.20483467036298e-06,278528
735,1,0.0367499990716169,0.0367499990716169,-2.83181507256813e-05,-0.39059790968895,3.20341876286247e-06,278528
736,1,0.0367999990703538,0.0367999990703538,-4.45021723862737e-05,-0.39370721578598,3.20119365429936e-06,278528
737,1,0.0368499990690907,0.0368499990690907,-5.91922907915432e-05,-0.39650559425354,3.19823403983455e-06,278528
738,1,0.0368999990678276,0.0368999990678276,-7.37579102860764e-05,-0.398993045091629,3.19454614441341e-06,278528
739,1,0.0369499990665645,0.0369499990665645,-9.03154141269624e-05,-0.40210235118866,3.19003037382114e-06,278528
740,1,0.0369999990653014,0.0369999990653014,-0.000104632053989917,-0.404900729656219,3.18479877125381e-06,278528
741,1,0.0370499990640383,0.0370499990640383,-0.000119695636385586,-0.407077223062515,3.17881398958572e-06,278528
742,1,0.0370999990627752,0.0370999990627752,-0.000135879658046179,-0.410808384418488,3.17202000685504e-06,278528
743,1,0.0371499990615121,0.0371499990615121,-0.000151565720443614,-0.413606762886047,3.1644417210243e-06,278528
744,1,0.037199999060249,0.037199999060249,-0.000166504818480462,-0.41640517115593,3.15611648031059e-06,278528
745,1,0.0372499990589858,0.0372499990589858,-0.00018144391651731,-0.419203519821167,3.14704428471391e-06,278528
746,1,0.0372999990577227,0.0372999990577227,-0.000197627930901945,-0.422623753547668,3.13716288841844e-06,278528
747,1,0.0373499990564596,0.0373499990564596,-0.000212318060221151,-0.425422102212906,3.12654698567556e-06,278528
748,1,0.0373999990551965,0.0373999990551965,-0.000227008174988441,-0.428531438112259,3.11519657721287e-06,278528
749,1,0.0374499990539334,0.0374499990539334,-0.00024281871446874,-0.432573527097702,3.10305564179614e-06,278528
750,1,0.0374999990526703,0.0374999990526703,-0.000258006795775145,-0.435371905565262,3.09015530233327e-06,278528
751,1,0.0375499990514072,0.0375499990514072,-0.000272821402177215,-0.437859326601028,3.07651423256902e-06,278528
752,1,0.0375999990501441,0.0375999990501441,-0.000288009498035535,-0.441279590129852,3.06211375803103e-06,278528
753,1,0.037649999048881,0.037649999048881,-0.000302201631711796,-0.445632606744766,3.04700367682715e-06,278528
754,1,0.0376999990476179,0.0376999990476179,-0.000316393794491887,-0.44905287027359,3.03118398750219e-06,278528
755,1,0.0377499990463548,0.0377499990463548,-0.000331830844515935,-0.451540261507034,3.01459244569553e-06,278528
756,1,0.0377999990450917,0.0377999990450917,-0.000345525040756911,-0.454960525035858,2.99731619409412e-06,278528
757,1,0.0378499990438286,0.0378499990438286,-0.000359094701707363,-0.45838075876236,2.97936145946233e-06,278528
758,1,0.0378999990425655,0.0378999990425655,-0.000373286864487454,-0.460868209600449,2.96069711670946e-06,278528
759,1,0.0379499990413024,0.0379499990413024,-0.000386607542168349,-0.464910298585892,2.94136674008937e-06,278528
760,1,0.0379999990400393,0.0379999990400393,-0.000401297671487555,-0.468330532312393,2.92130185702187e-06,278528
761,1,0.0380499990387761,0.0380499990387761,-0.000413497909903526,-0.471439838409424,2.90062696204899e-06,278528
762,1,0.038099999037513,0.038099999037513,-0.000428188039222732,-0.476103782653809,2.8792175606287e-06,278528
763,1,0.0381499990362499,0.0381499990362499,-0.000439765834016725,-0.477658420801163,2.85722926948333e-06,278528
764,1,0.0381999990349868,0.0381999990349868,-0.000451966101536527,-0.481700569391251,2.83463096497739e-06,278528
765,1,0.0382499990337237,0.0382499990337237,-0.000465411285404116,-0.48512077331543,2.81136040129504e-06,278528
766,1,0.0382999990324606,0.0382999990324606,-0.000476989080198109,-0.488541007041931,2.78751094788763e-06,278528
767,1,0.0383499990311975,0.0383499990311975,-0.000489189347717911,-0.491961240768433,2.76305148111963e-06,278528
768,1,0.0383999990299344,0.0383999990299344,-0.000500891590490937,-0.495381504297256,2.73800690222776e-06,278528
769,1,0.0384499990286713,0.0384499990286713,-0.000510228564962745,-0.498179852962494,2.7124954746241e-06,278528
770,1,0.0384999990274082,0.0384999990274082,-0.000523673719726503,-0.501911044120789,2.68631178929923e-06,278528
771,1,0.0385499990261451,0.0385499990261451,-0.000533010752405971,-0.505953133106232,2.65966125235218e-06,278528
772,1,0.038599999024882,0.038599999024882,-0.000543966074474156,-0.509684264659882,2.63246294931556e-06,278528
773,1,0.0386499990236189,0.0386499990236189,-0.000554298923816532,-0.512171685695648,2.60474800382487e-06,278528
774,1,0.0386999990223558,0.0386999990223558,-0.00056400935864076,-0.515281021595001,2.57654753660524e-06,278528
775,1,0.0387499990210927,0.0387499990210927,-0.000573346216697246,-0.519012212753296,2.54788022649457e-06,278528
776,1,0.0387999990198296,0.0387999990198296,-0.000581811764277518,-0.522432446479797,2.51878963901558e-06,278528
777,1,0.0388499990185665,0.0388499990185665,-0.00058965478092432,-0.524608910083771,2.48930690071417e-06,278528
778,1,0.0388999990173033,0.0388999990173033,-0.000598120270296931,-0.528651058673859,2.45940088795481e-06,278528
779,1,0.0389499990160402,0.0389499990160402,-0.000605714332778007,-0.531138479709625,2.42911517208099e-06,278528
780,1,0.0389999990147771,0.0389999990147771,-0.000612934876699001,-0.534558713436127,2.39846842902024e-06,278528
781,1,0.039049999013514,0.039049999013514,-0.000620279926806688,-0.537046134471893,2.36745443346339e-06,278528
782,1,0.0390999990122509,0.0390999990122509,-0.000625757616944611,-0.541710138320923,2.33616655340655e-06,278528
783,1,0.0391499990109878,0.0391499990109878,-0.000630612892564386,-0.545441269874573,2.30463590957487e-06,278528
784,1,0.0391999990097247,0.0391999990097247,-0.000636463984847069,-0.547306835651398,2.27281271113643e-06,278528
785,1,0.0392499990084616,0.0392499990084616,-0.00064293754985556,-0.551038026809692,2.24066583445575e-06,278528
786,1,0.0392999990071985,0.0392999990071985,-0.00064492947421968,-0.553214550018311,2.20841936155938e-06,278528
787,1,0.0393499990059354,0.0393499990059354,-0.000650033645797521,-0.55601292848587,2.17591768009057e-06,278528
788,1,0.0393999990046723,0.0393999990046723,-0.000653643975965679,-0.559433162212372,2.14323548211791e-06,278528
789,1,0.0394499990034092,0.0394499990034092,-0.00065538682974875,-0.563475251197815,2.11046614145829e-06,278528
790,1,0.0394999990021461,0.0394999990021461,-0.000656009244266897,-0.565651774406433,2.07766568007356e-06,278528
791,1,0.039549999000883,0.039549999000883,-0.000658125674817711,-0.567828297615051,2.04475939716396e-06,278528
792,1,0.0395999989996199,0.0395999989996199,-0.000659868586808443,-0.571559429168701,2.01176596865702e-06,278528
793,1,0.0396499989983568,0.0396499989983568,-0.00066011754097417,-0.574357807636261,1.97876009244211e-06,278528
794,1,0.0396999989970936,0.0396999989970936,-0.000659619574435055,-0.576223373413086,1.94577911455352e-06,278528
795,1,0.0397499989958305,0.0397499989958305,-0.000658748089335859,-0.579021811485291,1.9128417109188e-06,278528
796,1,0.0397999989945674,0.0397999989945674,-0.000657129683531821,-0.580887377262115,1.87998522757223e-06,278528
797,1,0.0398499989933043,0.0398499989933043,-0.000655884796287864,-0.584618508815765,1.84719098858629e-06,278528
798,1,0.0398999989920412,0.0398999989920412,-0.000654141884297132,-0.58648407459259,1.81448389519769e-06,278528
799,1,0.0399499989907781,0.0399499989907781,-0.000651154085062444,-0.589904308319092,1.78192619176704e-06,278528
800,1,0.039999998989515,0.039999998989515,-0.000647792825475335,-0.590837121009827,1.74953655131151e-06,278528
801,1,0.0400499989882519,0.0400499989882519,-0.000642813043668866,-0.594568312168121,1.71739589994e-06,278528
802,1,0.0400999989869888,0.0400999989869888,-0.000638331344816834,-0.595812022686005,1.68547933350544e-06,278528
803,1,0.0401499989857257,0.0401499989857257,-0.000633600633591413,-0.598921298980713,1.65379930262618e-06,278528
804,1,0.0401999989844626,0.0401999989844626,-0.000629243440926075,-0.601097881793976,1.62233713137467e-06,278528
805,1,0.0402499989831995,0.0402499989831995,-0.000621151411905885,-0.602652490139008,1.59127956156396e-06,278528
806,1,0.0402999989819364,0.0402999989819364,-0.000615673721767962,-0.604829013347626,1.56049587625322e-06,278528
807,1,0.0403499989806733,0.0403499989806733,-0.000610818562563509,-0.606694579124451,1.52995494889658e-06,278528
808,1,0.0403999989794102,0.0403999989794102,-0.000602353014983237,-0.60949295759201,1.49983729890825e-06,278528
809,1,0.0404499989781471,0.0404499989781471,-0.000594260985963047,-0.610425770282745,1.47012425036071e-06,278528
810,1,0.0404999989768839,0.0404999989768839,-0.000586418027523905,-0.61229133605957,1.44080334972523e-06,278528
811,1,0.0405499989756208,0.0405499989756208,-0.000577952479943633,-0.613535046577454,1.41190572645806e-06,278528
812,1,0.0405999989743577,0.0405999989743577,-0.000569860509131104,-0.616644322872162,1.3834127017213e-06,278528
813,1,0.0406499989730946,0.0406499989730946,-0.000561021559406072,-0.616644322872162,1.35536162445962e-06,278528
814,1,0.0406999989718315,0.0406999989718315,-0.000551560078747571,-0.619753658771515,1.32778362121893e-06,278528
815,1,0.0407499989705684,0.0407499989705684,-0.000542347668670118,-0.619753658771515,1.30066623847046e-06,278528
816,1,0.0407999989693053,0.0407999989693053,-0.00053226383170113,-0.622241139411926,1.27405304755771e-06,278528
817,1,0.0408499989680422,0.0408499989680422,-0.000522677844855934,-0.622862994670868,1.24791915597511e-06,278528
818,1,0.0408999989667791,0.0408999989667791,-0.000512220431119204,-0.6244176030159,1.22230813506614e-06,278528
819,1,0.040949998965516,0.040949998965516,-0.000501763075590134,-0.625972270965576,1.19721998192041e-06,278528
820,1,0.0409999989642529,0.0409999989642529,-0.000491181272082031,-0.627216041088104,1.17266091893673e-06,278528
821,1,0.0410499989629898,0.0410499989629898,-0.000479603448184207,-0.627216041088104,1.14868074713331e-06,278528
822,1,0.0410999989617267,0.0410999989617267,-0.000468772574095055,-0.628770649433136,1.12524211902066e-06,278528
823,1,0.0411499989604636,0.0411499989604636,-0.000457817252026871,-0.629703462123871,1.10235125699759e-06,278528
824,1,0.0411999989592005,0.0411999989592005,-0.000446612917585298,-0.631258130073547,1.08002061168245e-06,278528
825,1,0.0412499989579374,0.0412499989579374,-0.000434412650065497,-0.632190942764282,1.05829997972788e-06,278528
826,1,0.0412999989566742,0.0412999989566742,-0.000423332821810618,-0.632501840591431,1.03713333917206e-06,278528
827,1,0.0413499989554111,0.0413499989554111,-0.000411879533203319,-0.632812738418579,1.01653936303215e-06,278528
828,1,0.041399998954148,0.041399998954148,-0.000399554759496823,-0.633745551109314,9.96561625561985e-07,278528
829,1,0.0414499989528849,0.0414499989528849,-0.000388101441785693,-0.633745551109314,9.77156553962913e-07,278528
830,1,0.0414999989516218,0.0414999989516218,-0.000375901174265891,-0.634056448936462,9.58361495724422e-07,278528
831,1,0.0415499989503587,0.0415499989503587,-0.000364198902389035,-0.634678363800049,9.40151551064992e-07,278528
832,1,0.0415999989490956,0.0415999989490956,-0.000351625145412982,-0.634678363800049,9.22570294238483e-07,278528
833,1,0.0416499989478325,0.0416499989478325,-0.00033942487789318,-0.63530021905899,9.05599050772554e-07,278528
834,1,0.0416999989465694,0.0416999989465694,-0.00032797158928588,-0.634678363800049,8.89200471722523e-07,278528
835,1,0.0417499989453063,0.0417499989453063,-0.000314650882501155,-0.634678363800049,8.73467927994902e-07,278528
836,1,0.0417999989440432,0.0417999989440432,-0.000303197564790025,-0.634678363800049,8.58308050138372e-07,278528
837,1,0.0418499989427801,0.0418499989427801,-0.000290001335088164,-0.63530021905899,8.43807983750266e-07,278528
838,1,0.041899998941517,0.041899998941517,-0.000278672581771389,-0.634678363800049,8.2987435501369e-07,278528
839,1,0.0419499989402539,0.0419499989402539,-0.00026522736879997,-0.634056448936462,8.16612986908702e-07,278528
840,1,0.0419999989389908,0.0419999989389908,-0.000252031168201938,-0.633434653282166,8.04011428816947e-07,278528
841,1,0.0420499989377277,0.0420499989377277,-0.000240826848312281,-0.633434653282166,7.91970086705523e-07,278528
842,1,0.0420999989364645,0.0420999989364645,-0.000228377597522922,-0.633123636245728,7.80551207117842e-07,278528
843,1,0.0421499989352014,0.0421499989352014,-0.000215554857277311,-0.631879925727844,7.69773464526245e-07,278528
844,1,0.0421999989339383,0.0421999989339383,-0.000203728064661846,-0.632190942764282,7.59587061550483e-07,278528
845,1,0.0422499989326752,0.0422499989326752,-0.000191154322237708,-0.630636215209961,7.50029345680046e-07,278528
846,1,0.0422999989314121,0.0422999989314121,-0.000179452035808936,-0.629703462123871,7.41056744116266e-07,278528
847,1,0.042349998930149,0.042349998930149,-0.000166753801750019,-0.628770649433136,7.32719054239393e-07,278528
848,1,0.0423999989288859,0.0423999989288859,-0.00015430455096066,-0.627526938915253,7.25003826886263e-07,278528
849,1,0.0424499989276228,0.0424499989276228,-0.000142104283440858,-0.626283228397369,7.17898612893712e-07,278528
850,1,0.0424999989263597,0.0424999989263597,-0.000130401997012086,-0.625661373138428,7.1137851320782e-07,278528
851,1,0.0425499989250966,0.0425499989250966,-0.000118201729492284,-0.624728560447693,7.05468426882507e-07,278528
852,1,0.0425999989238335,0.0425999989238335,-0.000106499428511597,-0.622862994670868,7.00143455591447e-07,278528
853,1,0.0426499989225704,0.0426499989225704,-9.33032351895235e-05,-0.620997369289398,6.95478293949823e-07,278528
854,1,0.0426999989213073,0.0426999989213073,-8.20989080239087e-05,-0.620375514030457,6.91373348652327e-07,278528
855,1,0.0427499989200442,0.0427499989200442,-7.01476310496219e-05,-0.618509948253632,6.8786596718845e-07,278528
856,1,0.0427999989187811,0.0427999989187811,-5.80718588025775e-05,-0.617577135562897,6.84962374321672e-07,278528
857,1,0.042849998917518,0.042849998917518,-4.72410065412987e-05,-0.61602246761322,6.82600324054277e-07,278528
858,1,0.0428999989162548,0.0428999989162548,-3.44182844855823e-05,-0.61415696144104,6.80879409873472e-07,278528
859,1,0.0429499989149917,0.0429499989149917,-2.40854078583652e-05,-0.612602233886719,6.79675139510976e-07,278528
860,1,0.0429999989137286,0.0429999989137286,-1.25076057884144e-05,-0.609182059764862,6.79049759237354e-07,278528
861,1,0.0430499989124655,0.0430499989124655,-2.05023570742924e-06,-0.607938289642334,6.78947247454572e-07,278528
862,1,0.0430999989112024,0.0430999989112024,9.77655054157367e-06,-0.606694579124451,6.79436074969302e-07,278528
863,1,0.0431499989099393,0.0431499989099393,2.19768153328914e-05,-0.603896200656891,6.80534915708188e-07,278528
864,1,0.0431999989086762,0.0431999989086762,3.16872283292469e-05,-0.602652490139008,6.82119277084626e-07,278528
865,1,0.0432499989074131,0.0432499989074131,4.23935853177682e-05,-0.600475966930389,6.84238956296966e-07,278528
866,1,0.04329999890615,0.04329999890615,5.28509517607745e-05,-0.598299443721771,6.86881503818249e-07,278528
867,1,0.0433499989048869,0.0433499989048869,6.41797669231892e-05,-0.595812022686005,6.90090492083342e-07,278528
868,1,0.0433999989036238,0.0433999989036238,7.43881537346169e-05,-0.593635499477386,6.93809899676113e-07,278528
869,1,0.0434499989023607,0.0434499989023607,8.59659558045678e-05,-0.591769933700562,6.98108197357757e-07,278528
870,1,0.0434999989010976,0.0434999989010976,9.58008604357019e-05,-0.588660657405853,7.02898240258536e-07,278528
871,1,0.0435499988998345,0.0435499988998345,0.000105884755612351,-0.58648407459259,7.0819247790541e-07,278528
872,1,0.0435999988985714,0.0435999988985714,0.000116715600597672,-0.584618508815765,7.14028257787869e-07,278528
873,1,0.0436499988973083,0.0436499988973083,0.000126301514683291,-0.580576419830322,7.20343333362501e-07,278528
874,1,0.0436999988960451,0.0436999988960451,0.000135016001877375,-0.578710854053497,7.2709413328583e-07,278528
875,1,0.043749998894782,0.043749998894782,0.000145099897054024,-0.574979722499847,7.34349127955255e-07,278528
876,1,0.0437999988935189,0.0437999988935189,0.000154810302774422,-0.572492241859436,7.42089642898434e-07,278528
877,1,0.0438499988922558,0.0438499988922558,0.000163773758686148,-0.57093757390976,7.50278330625878e-07,278528
878,1,0.0438999988909927,0.0438999988909927,0.000172239248058759,-0.568450152873993,7.58890292811259e-07,278528
879,1,0.0439499988897296,0.0439499988897296,0.0001812027185224,-0.564408004283905,7.67950428508501e-07,278528
880,1,0.0439999988884665,0.0439999988884665,0.000190913124242797,-0.560676872730255,7.77496084479497e-07,278528
881,1,0.0440499988872034,0.0440499988872034,0.000199378613615409,-0.559433162212372,7.87465014908431e-07,278528
882,1,0.0440999988859403,0.0440999988859403,0.000208217592444271,-0.555391073226929,7.97875894267644e-07,278528
883,1,0.0441499988846772,0.0441499988846772,0.000216558575630188,-0.552281737327576,8.08703822775617e-07,278528
884,1,0.0441999988834141,0.0441999988834141,0.000225522031541914,-0.550105214118958,8.19979924067854e-07,278528
885,1,0.044249998882151,0.044249998882151,0.000233614046010189,-0.546995937824249,8.31660626073284e-07,278528
886,1,0.0442999988808879,0.0442999988808879,0.000240834604483098,-0.543264746665955,8.4370235599324e-07,278528
887,1,0.0443499988796248,0.0443499988796248,0.000249922566581517,-0.540777325630188,8.56198484006637e-07,278528
888,1,0.0443999988783617,0.0443999988783617,0.00025676965015009,-0.537357091903687,8.69036966189814e-07,278528
889,1,0.0444499988770986,0.0444499988770986,0.000263990223174915,-0.53486967086792,8.82236477015112e-07,278528
890,1,0.0444999988758354,0.0444999988758354,0.000271459779469296,-0.531138479709625,8.95809465645694e-07,278528
891,1,0.0445499988745723,0.0445499988745723,0.000278057879768312,-0.528029203414917,9.09712359282893e-07,278528
892,1,0.0445999988733092,0.0445999988733092,0.000285402929876,-0.524298012256622,9.23982505416199e-07,278528
893,1,0.0446499988720461,0.0446499988720461,0.000292623473796993,-0.520877778530121,9.38613678736434e-07,278528
894,1,0.044699998870783,0.044699998870783,0.000299844075925648,-0.518701255321503,9.53605882153982e-07,278528
895,1,0.0447499988695199,0.0447499988695199,0.000305072753690183,-0.514970123767853,9.68859519453151e-07,278528
896,1,0.0447999988682568,0.0447999988682568,0.000311670824885368,-0.510306119918823,9.84443060303746e-07,278528
897,1,0.0448499988669937,0.0448499988669937,0.000318766891723499,-0.50906240940094,1.00038140448729e-06,278528
898,1,0.0448999988657306,0.0448999988657306,0.000324244581861421,-0.50533127784729,1.0165936331708e-06,278528
899,1,0.0449499988644675,0.0449499988644675,0.000329971255268902,-0.501600086688995,1.03309219551746e-06,278528
900,1,0.0449999988632044,0.0449999988632044,0.000336320343194529,-0.497557997703552,1.04990821225238e-06,278528
901,1,0.0450499988619413,0.0450499988619413,0.000341673527145758,-0.495070546865463,1.06699188817809e-06,278528
902,1,0.0450999988606782,0.0450999988606782,0.000347151217283681,-0.490406602621078,1.08434944860379e-06,278528
903,1,0.0451499988594151,0.0451499988594151,0.000353500305209309,-0.48791915178299,1.10202446341775e-06,278528
904,1,0.045199998858152,0.045199998858152,0.00035860450589098,-0.48512077331543,1.11995468825934e-06,278528
905,1,0.0452499988568889,0.0452499988568889,0.000363833212759346,-0.480767756700516,1.13814634843775e-06,278528
906,1,0.0452999988556257,0.0452999988556257,0.000368812907254323,-0.476725667715073,1.15658699333461e-06,278528
907,1,0.0453499988543626,0.0453499988543626,0.000374041585018858,-0.473927289247513,1.1752890721131e-06,278528
908,1,0.0453999988530995,0.0453999988530995,0.000378025317331776,-0.471128880977631,1.1941903375022e-06,278528
909,1,0.0454499988518364,0.0454499988518364,0.000384374463465065,-0.467397749423981,1.21340906018995e-06,278528
910,1,0.0454999988505733,0.0454999988505733,0.00038860720815137,-0.463355630636215,1.23283942010667e-06,278528
911,1,0.0455499988493102,0.0455499988493102,0.000393960392102599,-0.461179137229919,1.25253743921418e-06,278528
912,1,0.0455999988480471,0.0455999988480471,0.000397570664063096,-0.457447946071625,1.27241597191516e-06,278528
913,1,0.045649998846784,0.045649998846784,0.000403048354201019,-0.454960525035858,1.29256838911612e-06,278528
914,1,0.0456999988455209,0.0456999988455209,0.000408525986131281,-0.450296550989151,1.31299468790667e-06,278528
915,1,0.0457499988442578,0.0457499988442578,0.000412136258091778,-0.448120057582855,1.33360150029069e-06,278528
916,1,0.0457999988429947,0.0457999988429947,0.000418485404225066,-0.444699823856354,1.35452576997335e-06,278528
917,1,0.0458499988417316,0.0458499988417316,0.000422718148911372,-0.440968632698059,1.37566167688498e-06,278528
918,1,0.0458999988404685,0.0458999988404685,0.000427448860136792,-0.43848118185997,1.39703411935191e-06,278528
919,1,0.0459499988392054,0.0459499988392054,0.000431806081905961,-0.435371905565262,1.41862442290179e-06,278528
920,1,0.0459999988379423,0.0459999988379423,0.000436661299318075,-0.431329786777496,1.44045748731615e-06,278528
921,1,0.0460499988366792,0.0460499988366792,0.000442512449808419,-0.428220510482788,1.46258310924763e-06,278528
922,1,0.046099998835416,0.046099998835416,0.000446371734142303,-0.424178391695023,1.48490169539093e-06,278528
923,1,0.0461499988341529,0.0461499988341529,0.000451724888989702,-0.421690970659256,1.50748793926984e-06,278528
924,1,0.0461999988328898,0.0461999988328898,0.000456206616945565,-0.418892562389374,1.53029826954088e-06,278528
925,1,0.0462499988316267,0.0462499988316267,0.000461310817627236,-0.415783286094666,1.55336380983955e-06,278528
926,1,0.0462999988303636,0.0462999988303636,0.000466415018308908,-0.412673979997635,1.57668456016587e-06,278528
927,1,0.0463499988291005,0.0463499988291005,0.000471768173156306,-0.409875631332397,1.60027296822779e-06,278528
928,1,0.0463999988278374,0.0463999988278374,0.000475876440759748,-0.406766295433044,1.62406678966469e-06,278528
929,1,0.0464499988265743,0.0464499988265743,0.000480980612337589,-0.404589772224426,1.64811581967404e-06,278528
930,1,0.0464999988253112,0.0464999988253112,0.000485586846480146,-0.401169538497925,1.6723951613847e-06,278528
931,1,0.0465499988240481,0.0465499988240481,0.000490317586809397,-0.398993045091629,1.69691104010585e-06,278528
932,1,0.046599998822785,0.046599998822785,0.000494799285661429,-0.395572811365128,1.72165100376394e-06,278528
933,1,0.0466499988215219,0.0466499988215219,0.000499032030347735,-0.392774403095245,1.74660260465099e-06,278528
934,1,0.0466999988202588,0.0466999988202588,0.000503887247759849,-0.390286952257156,1.77179696640252e-06,278528
935,1,0.0467499988189957,0.0467499988189957,0.000507124059367925,-0.388732314109802,1.79715316873037e-06,278528
936,1,0.0467999988177326,0.0467999988177326,0.000512477243319154,-0.384690225124359,1.82277703024901e-06,278528
937,1,0.0468499988164695,0.0468499988164695,0.000515838561113924,-0.383135586977005,1.84856895765315e-06,278528
938,1,0.0468999988152063,0.0468999988152063,0.000519324385095388,-0.380337208509445,1.87453517625196e-06,278528
939,1,0.0469499988139432,0.0469499988139432,0.00052380608394742,-0.378471612930298,1.90072547978771e-06,278528
940,1,0.0469999988126801,0.0469999988126801,0.000526669376995414,-0.375051379203796,1.92705894797224e-06,278528
941,1,0.047049998811417,0.047049998811417,0.000530777615495026,-0.373185783624649,1.95359782807656e-06,278528
942,1,0.0470999988101539,0.0470999988101539,0.000532893987838179,-0.371009290218353,1.98024252679537e-06,278528
943,1,0.0471499988088908,0.0471499988088908,0.000536379811819643,-0.369143694639206,2.00706151670884e-06,278528
944,1,0.0471999988076277,0.0471999988076277,0.000538122723810375,-0.367278128862381,2.03396765221966e-06,278528
945,1,0.0472499988063646,0.0472499988063646,0.000540114589966834,-0.364168792963028,2.06097338103578e-06,278528
946,1,0.0472999988051015,0.0472999988051015,0.000542106456123292,-0.363236039876938,2.0880787031572e-06,278528
947,1,0.0473499988038384,0.0473499988038384,0.00054372486192733,-0.360126703977585,2.11526494556679e-06,278528
948,1,0.0473999988025753,0.0473999988025753,0.00054609018843621,-0.359193950891495,2.14256945429883e-06,278528
949,1,0.0474499988013122,0.0474499988013122,0.000546712661162019,-0.356706500053406,2.16990508666637e-06,278528
950,1,0.0474999988000491,0.0474999988000491,0.00054745958186686,-0.355151861906052,2.19727806506822e-06,278528
951,1,0.047549998798786,0.047549998798786,0.000547957606613636,-0.352975308895111,2.22467594470677e-06,278528
952,1,0.0475999987975229,0.0475999987975229,0.00054808211280033,-0.352353453636169,2.2520800496545e-06,278528
953,1,0.0476499987962598,0.0476499987962598,0.000548206618987024,-0.351420670747757,2.27949037991141e-06,278528
954,1,0.0476999987949966,0.0476999987949966,0.000547335133887827,-0.34862232208252,2.30685713591446e-06,278528
955,1,0.0477499987937335,0.0477499987937335,0.000546339200809598,-0.34862232208252,2.33417409526485e-06,278528
956,1,0.0477999987924704,0.0477999987924704,0.000545094313565642,-0.346756726503372,2.36142881025462e-06,278528
957,1,0.0478499987912073,0.0478499987912073,0.000544845301192254,-0.344891130924225,2.38867107462604e-06,278528
958,1,0.0478999987899442,0.0478999987899442,0.000542106456123292,-0.344269275665283,2.41577639674746e-06,278528
959,1,0.0479499987886811,0.0479499987886811,0.000539243163075298,-0.343336492776871,2.44273855422011e-06,278528
960,1,0.047999998787418,0.047999998787418,0.000537749205250293,-0.341470897197723,2.46962601380339e-06,278528
961,1,0.0480499987861549,0.0480499987861549,0.000533143000211567,-0.341159969568253,2.49628316314055e-06,278528
962,1,0.0480999987848918,0.0480999987848918,0.000531275582034141,-0.339605331420898,2.5228469415712e-06,278528
963,1,0.0481499987836287,0.0481499987836287,0.000526669376995414,-0.339294373989105,2.54918040975573e-06,278528
964,1,0.0481999987823656,0.0481999987823656,0.000521938607562333,-0.338672518730164,2.57527733947458e-06,278528
965,1,0.0482499987811025,0.0482499987811025,0.000517705862876028,-0.337739735841751,2.60116263196447e-06,278528
966,1,0.0482999987798394,0.0482999987798394,0.000513846694957465,-0.337117880582809,2.6268549660633e-06,278528
967,1,0.0483499987785763,0.0483499987785763,0.00050762202590704,-0.337117880582809,2.65223606671747e-06,278528
968,1,0.0483999987773132,0.0483999987773132,0.000503015820868313,-0.335252285003662,2.67738685712552e-06,278528
969,1,0.0484499987760501,0.0484499987760501,0.000497040164191276,-0.335252285003662,2.70223886470727e-06,278528
970,1,0.0484999987747869,0.0484999987747869,0.000489944126456976,-0.335252285003662,2.72673607041127e-06,278528
971,1,0.0485499987735238,0.0485499987735238,0.000483843963593245,-0.334941357374191,2.75092826797978e-06,278528
972,1,0.0485999987722607,0.0485999987722607,0.000476747896755114,-0.33463042974472,2.77476566221536e-06,278528
973,1,0.0486499987709976,0.0486499987709976,0.000469900813186541,-0.335252285003662,2.79826070228115e-06,278528
974,1,0.0486999987697345,0.0486999987697345,0.000461684277979657,-0.335252285003662,2.82134491559698e-06,278528
975,1,0.0487499987684714,0.0487499987684714,0.000453592278063297,-0.335252285003662,2.8440245289272e-06,278528
976,1,0.0487999987672083,0.0487999987672083,0.000444877805421129,-0.335874140262604,2.86626841863633e-06,278528
977,1,0.0488499987659452,0.0488499987659452,0.000436785776400939,-0.335563242435455,2.88810770690467e-06,278528
978,1,0.0488999987646821,0.0488999987646821,0.000427075370680541,-0.336495995521545,2.90946147489926e-06,278528
979,1,0.048949998763419,0.048949998763419,0.000418360898038372,-0.336185097694397,2.93037951927274e-06,278528
980,1,0.0489999987621559,0.0489999987621559,0.000408899504691362,-0.337428778409958,2.95082449399083e-06,278528
981,1,0.0490499987608928,0.0490499987608928,0.000399189069867134,-0.337117880582809,2.97078394697997e-06,278528
982,1,0.0490999987596297,0.0490999987596297,0.000387984735425562,-0.337428778409958,2.99018318326118e-06,278528
983,1,0.0491499987583666,0.0491499987583666,0.000378025317331776,-0.338672518730164,3.00908444865028e-06,278528
984,1,0.0491999987571035,0.0491999987571035,0.000366074062185362,-0.34022718667984,3.02738815129716e-06,278528
985,1,0.0492499987558404,0.0492499987558404,0.000356612610630691,-0.339916229248047,3.04521878137825e-06,278528
986,1,0.0492999987545772,0.0492999987545772,0.000343789899488911,-0.341470897197723,3.06240827591846e-06,278528
987,1,0.0493499987533141,0.0493499987533141,0.000333706004312262,-0.342714637517929,3.07909357571256e-06,278528
988,1,0.049399998752051,0.049399998752051,0.000321754720062017,-0.343336492776871,3.09518131130925e-06,278528
989,1,0.0494499987507879,0.0494499987507879,0.000309554452542216,-0.344269275665283,3.11065903354536e-06,278528
990,1,0.0494999987495248,0.0494999987495248,0.000296731741400436,-0.345512986183167,3.12549562024058e-06,278528
991,1,0.0495499987482617,0.0495499987482617,0.000284780457150191,-0.346134871244431,3.13973464273838e-06,278528
992,1,0.0495999987469986,0.0495999987469986,0.000271459779469296,-0.349244177341461,3.15330763136897e-06,278528
993,1,0.0496499987457355,0.0496499987457355,0.000259135005762801,-0.349866032600403,3.16626438132979e-06,278528
994,1,0.0496999987444724,0.0496999987444724,0.00024631226551719,-0.351109713315964,3.17857999429453e-06,278528
995,1,0.0497499987432093,0.0497499987432093,0.000232120146392845,-0.352975308895111,3.19018600132098e-06,278528
996,1,0.0497999987419462,0.0497999987419462,0.000219421912333928,-0.353908121585846,3.20115709666052e-06,278528
997,1,0.0498499987406831,0.0498499987406831,0.000204607291379943,-0.355773717164993,3.21138746097108e-06,278528
998,1,0.04989999873942,0.04989999873942,0.000191909071872942,-0.35826113820076,3.22098291432233e-06,278528
999,1,0.0499499987381569,0.0499499987381569,0.000177467940375209,-0.359815806150436,3.22985631111693e-06,278528
1000,1,0.0499999987368938,0.0499999987368938,0.000163898250320926,-0.362303256988525,3.23805122342595e-06,278528
1001,1,0.0500499987356307,0.0500499987356307,0.000148212202475406,-0.36385789513588,3.24546183336251e-06,278528
1002,1,0.0500999987343675,0.0500999987343675,0.000134020068799146,-0.366345345973969,3.25216283663319e-06,278528
1003,1,0.0501499987331044,0.0501499987331044,0.000118956464575604,-0.367278128862381,3.25811065971172e-06,278528
1004,1,0.0501999987318413,0.0501999987318413,0.000103270409454126,-0.370387434959412,3.26327418005398e-06,278528
1005,1,0.0502499987305782,0.0502499987305782,9.00742088560946e-05,-0.371942073106766,3.26777789038301e-06,278528
1006,1,0.0502999987293151,0.0502999987293151,7.33922133804299e-05,-0.37536233663559,3.27144750095933e-06,278528
1007,1,0.050349998728052,0.050349998728052,6.08184745942708e-05,-0.376916974782944,3.27448842461222e-06,278528
1008,1,0.0503999987267889,0.0503999987267889,4.41364754806273e-05,-0.379715323448181,3.27669524833051e-06,278528
1009,1,0.0504499987255258,0.0504499987255258,3.03178130707238e-05,-0.38220277428627,3.27821113894575e-06,278528
1010,1,0.0504999987242627,0.0504999987242627,1.43827728606993e-05,-0.384379297494888,3.27893027757062e-06,278528
1011,1,0.0505499987229996,0.0505499987229996,-1.17878823857609e-06,-0.387488603591919,3.27887133816018e-06,278528
1012,1,0.0505999987217365,0.0505999987217365,-1.6366871932405e-05,-0.389354199171066,3.27805299458423e-06,278528
1013,1,0.0506499987204734,0.0506499987204734,-3.10569848807063e-05,-0.390286952257156,3.27650014537942e-06,278528
1014,1,0.0506999987192103,0.0506999987192103,-4.74899970868137e-05,-0.394329100847244,3.27412564558507e-06,278528
1015,1,0.0507499987179472,0.0507499987179472,-6.26780820311978e-05,-0.397127449512482,3.27099174156268e-06,278528
1016,1,0.0507999987166841,0.0507999987166841,-7.77416717028245e-05,-0.398993045091629,3.26710465807573e-06,278528
1017,1,0.050849998715421,0.050849998715421,-9.28052613744512e-05,-0.40241327881813,3.26246439512423e-06,278528
1018,1,0.0508999987141578,0.0508999987141578,-0.000108864798676223,-0.405211627483368,3.25702115532793e-06,278528
1019,1,0.0509499987128947,0.0509499987128947,-0.000123430407256819,-0.408320933580399,3.25084963512099e-06,278528
1020,1,0.0509999987116316,0.0509999987116316,-0.000139365452923812,-0.411119312047958,3.24388136265084e-06,278528
1021,1,0.0510499987103685,0.0510499987103685,-0.000155176006956026,-0.414850473403931,3.23612256249904e-06,278528
1022,1,0.0510999987091054,0.0510999987091054,-0.000169617138453759,-0.417959809303284,3.22764170579059e-06,278528
1023,1,0.0511499987078423,0.0511499987078423,-0.000186299119377509,-0.420136302709579,3.21832675005703e-06,278528
1024,1,0.0511999987065792,0.0511999987065792,-0.000201113725779578,-0.42324560880661,3.20827106402208e-06,278528
1025,1,0.0512499987053161,0.0512499987053161,-0.000216177315451205,-0.426354914903641,3.19746219852258e-06,278528
1026,1,0.051299998704053,0.051299998704053,-0.000231614394579083,-0.430086076259613,3.18588147908618e-06,278528
1027,1,0.0513499987027899,0.0513499987027899,-0.000246304494794458,-0.433817237615585,3.17356625465756e-06,278528
1028,1,0.0513999987015268,0.0513999987015268,-0.000260870147030801,-0.435682833194733,3.16052274763553e-06,278528
1029,1,0.0514499987002637,0.0514499987002637,-0.000275435741059482,-0.439413994550705,3.14675096093046e-06,278528
1030,1,0.0514999986990006,0.0514999986990006,-0.000291121803456917,-0.442834228277206,3.13219487112533e-06,278528
1031,1,0.0515499986977375,0.0515499986977375,-0.000306434405501932,-0.447187274694443,3.1168731512373e-06,278528
1032,1,0.0515999986964744,0.0515999986964744,-0.000320128572639078,-0.449363768100739,3.1008667230097e-06,278528
1033,1,0.0516499986952113,0.0516499986952113,-0.00033369823358953,-0.453094959259033,3.08418181175172e-06,278528
1034,1,0.0516999986939481,0.0516999986939481,-0.00034888630034402,-0.456826090812683,3.0667374971752e-06,278528
1035,1,0.051749998692685,0.051749998692685,-0.000361833517672494,-0.45838075876236,3.04864582174861e-06,278528
1036,1,0.0517999986914219,0.0517999986914219,-0.000376150186639279,-0.462733805179596,3.02983831289176e-06,278528
1037,1,0.0518499986901588,0.0518499986901588,-0.000390217814128846,-0.466464936733246,3.01032742267821e-06,278528
1038,1,0.0518999986888957,0.0518999986888957,-0.000403538520913571,-0.468952387571335,2.99015049714224e-06,278528
1039,1,0.0519499986876326,0.0519499986876326,-0.000417979637859389,-0.474238216876984,2.96925151577722e-06,278528
1040,1,0.0519999986863695,0.0519999986863695,-0.000430304411565885,-0.474860072135925,2.94773629574245e-06,278528
1041,1,0.0520499986851064,0.0520499986851064,-0.00044262915616855,-0.47952401638031,2.92560483849311e-06,278528
1042,1,0.0520999986838433,0.0520999986838433,-0.000455576373497024,-0.482322424650192,2.9028260203937e-06,278528
1043,1,0.0521499986825802,0.0521499986825802,-0.000466780707938597,-0.486675411462784,2.87948698558636e-06,278528
1044,1,0.0521999986813171,0.0521999986813171,-0.000480225920910016,-0.490406602621078,2.85547569014744e-06,278528
1045,1,0.052249998680054,0.052249998680054,-0.000491803686600178,-0.493204951286316,2.83088550643863e-06,278528
1046,1,0.0522999986787909,0.0522999986787909,-0.000503879506140947,-0.496314287185669,2.80569153176804e-06,278528
1047,1,0.0523499986775278,0.0523499986775278,-0.000514336803462356,-0.499112635850906,2.77997469224458e-06,278528
1048,1,0.0523999986762647,0.0523999986762647,-0.00052554119611159,-0.502843797206879,2.75369763310281e-06,278528
1049,1,0.0524499986750016,0.0524499986750016,-0.000536496459972113,-0.506885886192322,2.72687281078186e-06,278528
1050,1,0.0524999986737384,0.0524999986737384,-0.000547700852621347,-0.50906240940094,2.6994877688426e-06,278528
1051,1,0.0525499986724753,0.0525499986724753,-0.000557037768885493,-0.512793600559235,2.67163588110192e-06,278528
1052,1,0.0525999986712122,0.0525999986712122,-0.000566250178962946,-0.516213774681091,2.64332337286901e-06,278528
1053,1,0.0526499986699491,0.0526499986699491,-0.00057546264724806,-0.520255923271179,2.61455024123348e-06,278528
1054,1,0.052699998668686,0.052699998668686,-0.000584177148994058,-0.523365199565887,2.58534138452165e-06,278528
1055,1,0.0527499986674229,0.0527499986674229,-0.000592020223848522,-0.525852680206299,2.55574037407701e-06,278528
1056,1,0.0527999986661598,0.0527999986661598,-0.000600236642640084,-0.529583811759949,2.52572854270317e-06,278528
1057,1,0.0528499986648967,0.0528499986648967,-0.000607955211307853,-0.53207129240036,2.49533078290569e-06,278528
1058,1,0.0528999986636336,0.0528999986636336,-0.000615051307249814,-0.536735236644745,2.46457821832007e-06,278528
1059,1,0.0529499986623705,0.0529499986623705,-0.000622645311523229,-0.53860080242157,2.43344595353038e-06,278528
1060,1,0.0529999986611074,0.0529999986611074,-0.000627998495474458,-0.54139918088913,2.40204602954988e-06,278528
1061,1,0.0530499986598443,0.0530499986598443,-0.000633849645964801,-0.546684980392456,2.37035354805226e-06,278528
1062,1,0.0530999986585812,0.0530999986585812,-0.000639078323729336,-0.548239648342133,2.33839963267302e-06,278528
1063,1,0.0531499986573181,0.0531499986573181,-0.000644555955659598,-0.551659882068634,2.30617183570418e-06,278528
1064,1,0.053199998656055,0.053199998656055,-0.000647792825475335,-0.553836405277252,2.27378219524865e-06,278528
1065,1,0.0532499986547919,0.0532499986547919,-0.000650780624710023,-0.558500349521637,2.24124316483515e-06,278528
1066,1,0.0532999986535287,0.0532999986535287,-0.000654515402857214,-0.560365915298462,2.20851739551901e-06,278528
1067,1,0.0533499986522656,0.0533499986522656,-0.000657005235552788,-0.563164293766022,2.17566713457124e-06,278528
1068,1,0.0533999986510025,0.0533999986510025,-0.000658125674817711,-0.566273629665375,2.14276085166164e-06,278528
1069,1,0.0534499986497394,0.0534499986497394,-0.000659744080621749,-0.570004820823669,2.10977364846388e-06,278528
1070,1,0.0534999986484763,0.0534999986484763,-0.000661984959151596,-0.570626676082611,2.07667440134245e-06,278528
1071,1,0.0535499986472132,0.0535499986472132,-0.000662109407130629,-0.574357807636261,2.04356893182224e-06,278528
1072,1,0.0535999986459501,0.0535999986459501,-0.000661113474052399,-0.577156186103821,2.01051325895467e-06,278528
1073,1,0.053649998644687,0.053649998644687,-0.000660242047160864,-0.579643666744232,1.97750115743059e-06,278528
1074,1,0.0536999986434239,0.0536999986434239,-0.00066011754097417,-0.581509232521057,1.94449528121568e-06,278528
1075,1,0.0537499986421608,0.0537499986421608,-0.000656880729366094,-0.5855513215065,1.91165124557708e-06,278528
1076,1,0.0537999986408977,0.0537999986408977,-0.000655013369396329,-0.587105989456177,1.87890057793462e-06,278528
1077,1,0.0538499986396346,0.0538499986396346,-0.000652399030514061,-0.589904308319092,1.84628062723296e-06,278528
1078,1,0.0538999986383715,0.0538999986383715,-0.000649162218905985,-0.591769933700562,1.81382251710762e-06,278528
1079,1,0.0539499986371084,0.0539499986371084,-0.000645427440758795,-0.594568312168121,1.78155114588493e-06,278528
1080,1,0.0539999986358453,0.0539999986358453,-0.000640447775367647,-0.595812022686005,1.7495287579255e-06,278528
1081,1,0.0540499986345822,0.0540499986345822,-0.00063584151212126,-0.599232256412506,1.71773668312257e-06,278528
1082,1,0.054099998633319,0.054099998633319,-0.000629118934739381,-0.602030634880066,1.68628073718025e-06,278528
1083,1,0.0541499986320559,0.0541499986320559,-0.000623765750788152,-0.603274345397949,1.65509245042872e-06,278528
1084,1,0.0541999986307928,0.0541999986307928,-0.000616918609011918,-0.605450868606567,1.62424652075736e-06,278528
1085,1,0.0542499986295297,0.0542499986295297,-0.000610569550190121,-0.607938289642334,1.59371804401907e-06,278528
1086,1,0.0542999986282666,0.0542999986282666,-0.000602975487709045,-0.609182059764862,1.56356927039524e-06,278528
1087,1,0.0543499986270035,0.0543499986270035,-0.000596128404140472,-0.611358523368835,1.53376285094119e-06,278528
1088,1,0.0543999986257404,0.0543999986257404,-0.000588409835472703,-0.613224148750305,1.50434235991078e-06,278528
1089,1,0.0544499986244773,0.0544499986244773,-0.000579570943955332,-0.61602246761322,1.47536381344507e-06,278528
1090,1,0.0544999986232142,0.0544999986232142,-0.0005707319942303,-0.61602246761322,1.44682721445445e-06,278528
1091,1,0.0545499986219511,0.0545499986219511,-0.000561768480110914,-0.617577135562897,1.41873879115848e-06,278528
1092,1,0.054599998620688,0.054599998620688,-0.000553178484551609,-0.619753658771515,1.39107986762962e-06,278528
1093,1,0.0546499986194249,0.0546499986194249,-0.000542845635209233,-0.621930181980133,1.36393758655483e-06,278528
1094,1,0.0546999986181618,0.0546999986181618,-0.000532886246219277,-0.62161922454834,1.33729327491696e-06,278528
1095,1,0.0547499986168987,0.0547499986168987,-0.000524171744473279,-0.6244176030159,1.31108468835538e-06,278528
1096,1,0.0547999986156356,0.0547999986156356,-0.000513216422405094,-0.6244176030159,1.28542386788337e-06,278528
1097,1,0.0548499986143725,0.0548499986143725,-0.000502385606523603,-0.626905083656311,1.26030458819176e-06,278528
1098,1,0.0548999986131093,0.0548999986131093,-0.000491305720061064,-0.626594126224518,1.23573930280927e-06,278528
1099,1,0.0549499986118462,0.0549499986118462,-0.000480972841614857,-0.627216041088104,1.21169066133605e-06,278528
1100,1,0.0549999986105831,0.0549999986105831,-0.000469768536277115,-0.629392504692078,1.18820223511556e-06,278528
1101,1,0.05504999860932,0.05504999860932,-0.000459062168374658,-0.630325317382813,1.16524912727667e-06,278528
1102,1,0.0550999986080569,0.0550999986080569,-0.000448106846306473,-0.630947172641754,1.14284378552736e-06,278528
1103,1,0.0551499986067938,0.0551499986067938,-0.00043553308933042,-0.632190942764282,1.12106713161096e-06,278528
1104,1,0.0551999986055307,0.0551999986055307,-0.000424204277805984,-0.632190942764282,1.09985691825648e-06,278528
1105,1,0.0552499986042676,0.0552499986042676,-0.000412128487369046,-0.633745551109314,1.07925049440859e-06,278528
1106,1,0.0552999986030045,0.0552999986030045,-0.000400426215492189,-0.633434653282166,1.05922918413976e-06,278528
1107,1,0.0553499986017414,0.0553499986017414,-0.000387230014894158,-0.634056448936462,1.03986768388416e-06,278528
1108,1,0.0553999986004783,0.0553999986004783,-0.000375278701540083,-0.634367406368256,1.02110374928118e-06,278528
1109,1,0.0554499985992152,0.0554499985992152,-0.000364198902389035,-0.634989261627197,1.00289380462175e-06,278528
1110,1,0.0554999985979521,0.0554999985979521,-0.000351500668330118,-0.634678363800049,9.85318771649223e-07,278528
1111,1,0.055549998596689,0.055549998596689,-0.000339673861162737,-0.634367406368256,9.6833507902013e-07,278528
1112,1,0.0555999985954259,0.0555999985954259,-0.000326851120917127,-0.635611116886139,9.51992523387122e-07,278528
1113,1,0.0556499985941628,0.0556499985941628,-0.000315646844683215,-0.634367406368256,9.36210181551656e-07,278528
1114,1,0.0556999985928996,0.0556999985928996,-0.000303322070976719,-0.635611116886139,9.21044078385948e-07,278528
1115,1,0.0557499985916365,0.0557499985916365,-0.000289627874735743,-0.634989261627197,9.06562685014992e-07,278528
1116,1,0.0557999985903734,0.0557999985903734,-0.000278797058854252,-0.633745551109314,8.9262283242443e-07,278528
1117,1,0.0558499985891103,0.0558499985891103,-0.000267219234956428,-0.634056448936462,8.79261871014135e-07,278528
1118,1,0.0558999985878472,0.0558999985878472,-0.000253525067819282,-0.634056448936462,8.66585617943399e-07,278528
1119,1,0.0559499985865841,0.0559499985865841,-0.000241449291934259,-0.632812738418579,8.54513153651663e-07,278528
1120,1,0.055999998585321,0.055999998585321,-0.000229871497140266,-0.632812738418579,8.43019579085001e-07,278528
1121,1,0.0560499985840579,0.0560499985840579,-0.000216052823816426,-0.632501840591431,8.32216938167078e-07,278528
1122,1,0.0560999985827948,0.0560999985827948,-0.000204599520657212,-0.631879925727844,8.21986962392648e-07,278528
1123,1,0.0561499985815317,0.0561499985815317,-0.00019090533896815,-0.630014359951019,8.12441695685374e-07,278528
1124,1,0.0561999985802686,0.0561999985802686,-0.000180821458343416,-0.630014359951019,8.034006229966e-07,278528
1125,1,0.0562499985790055,0.0562499985790055,-0.000167002785019577,-0.628459751605988,7.95050483956564e-07,278528
1126,1,0.0562999985777424,0.0562999985777424,-0.000155176006956026,-0.627837836742401,7.87291683804766e-07,278528
1127,1,0.0563499985764793,0.0563499985764793,-0.000143224708153866,-0.626594126224518,7.80130448577981e-07,278528
1128,1,0.0563999985752162,0.0563999985752162,-0.000131148946820758,-0.625661373138428,7.73573001402598e-07,278528
1129,1,0.0564499985739531,0.0564499985739531,-0.000119944626931101,-0.624106705188751,7.67575770207546e-07,278528
1130,1,0.0564999985726899,0.0564999985726899,-0.000105752485978883,-0.622241139411926,7.62288146042178e-07,278528
1131,1,0.0565499985714268,0.0565499985714268,-9.4299168267753e-05,-0.622241139411926,7.57573187747901e-07,278528
1132,1,0.0565999985701637,0.0565999985701637,-8.28458578325808e-05,-0.619131803512573,7.53430894960915e-07,278528
1133,1,0.0566499985689006,0.0566499985689006,-7.07700892235152e-05,-0.619131803512573,7.49892390589129e-07,278528
1134,1,0.0566999985676375,0.0566999985676375,-5.8569828979671e-05,-0.616333425045013,7.46963899214125e-07,278528
1135,1,0.0567499985663744,0.0567499985663744,-4.7738980356371e-05,-0.615711569786072,7.44576950256606e-07,278528
1136,1,0.0567999985651113,0.0567999985651113,-3.5912191378884e-05,-0.614467859268188,7.42781340733023e-07,278528
1137,1,0.0568499985638482,0.0568499985638482,-2.45833780354587e-05,-0.611980378627777,7.41552171862301e-07,278528
1138,1,0.0568999985625851,0.0568999985625851,-1.2632097423193e-05,-0.611047625541687,7.40920567007097e-07,278528
1139,1,0.056949998561322,0.056949998561322,-1.92574316315586e-06,-0.607627391815186,7.40824279851372e-07,278528
1140,1,0.0569999985600589,0.0569999985600589,9.40307290875353e-06,-0.606072723865509,7.41294433484933e-07,278528
1141,1,0.0570499985587958,0.0570499985587958,1.92379793588771e-05,-0.603896200656891,7.42256332428577e-07,278528
1142,1,0.0570999985575327,0.0570999985575327,3.18117236020043e-05,-0.601408779621124,7.43846918568496e-07,278528
1143,1,0.0571499985562696,0.0571499985562696,4.22690936829895e-05,-0.599232256412506,7.45960373199255e-07,278528
1144,1,0.0571999985550065,0.0571999985550065,5.27264601259958e-05,-0.598299443721771,7.48596696138955e-07,278528
1145,1,0.0572499985537434,0.0572499985537434,6.38062920188531e-05,-0.595190167427063,7.51787010659304e-07,278528
1146,1,0.0572999985524802,0.0572999985524802,7.40146788302809e-05,-0.593013644218445,7.5548774450733e-07,278528
1147,1,0.0573499985512171,0.0573499985512171,8.37250918266363e-05,-0.590526163578033,7.59673998992908e-07,278528
1148,1,0.057399998549954,0.057399998549954,9.50539106270298e-05,-0.58834969997406,7.64426694404196e-07,278528
1149,1,0.0574499985486909,0.0574499985486909,0.000104639831988607,-0.586795032024384,7.69658685871455e-07,278528
1150,1,0.0574999985474278,0.0574999985474278,0.000115595168608706,-0.583063900470734,7.75438444155882e-07,278528
1151,1,0.0575499985461647,0.0575499985461647,0.000125056598335505,-0.580887377262115,7.81691273914697e-07,278528
1152,1,0.0575999985449016,0.0575999985449016,0.000135389476781711,-0.577778041362762,7.88460747582771e-07,278528
1153,1,0.0576499985436385,0.0576499985436385,0.000144850899232551,-0.575290620326996,7.95703292361437e-07,278528
1154,1,0.0576999985423754,0.0576999985423754,0.000154312336235307,-0.572492241859436,8.03418908978289e-07,278528
1155,1,0.0577499985411123,0.0577499985411123,0.000164022741955705,-0.569072008132935,8.11620045868897e-07,278528
1156,1,0.0577999985398492,0.0577999985398492,0.000172861720784567,-0.567828297615051,8.20263131689782e-07,278528
1157,1,0.0578499985385861,0.0578499985385861,0.000181700685061514,-0.563164293766022,8.29348165713351e-07,278528
1158,1,0.057899998537323,0.057899998537323,0.000190788632608019,-0.560365915298462,8.38887597102765e-07,278528
1159,1,0.0579499985360599,0.0579499985360599,0.000199503105250187,-0.558189451694489,8.48862752113281e-07,278528
1160,1,0.0579999985347968,0.0579999985347968,0.000208217592444271,-0.555391073226929,8.59273631472494e-07,278528
1161,1,0.0580499985335337,0.0580499985335337,0.000216558575630188,-0.552592694759369,8.70101559980466e-07,278528
1162,1,0.0580999985322705,0.0580999985322705,0.000224401606828906,-0.550105214118958,8.81321640038469e-07,278528
1163,1,0.0581499985310074,0.0581499985310074,0.000232742604566738,-0.545752227306366,8.92958769972827e-07,278528
1164,1,0.0581999985297443,0.0581999985297443,0.00024108360230457,-0.542021036148071,9.05012949783541e-07,278528
1165,1,0.0582499985284812,0.0582499985284812,0.000248055177507922,-0.540155470371246,9.17415708345617e-07,278528
1166,1,0.0582999985272181,0.0582999985272181,0.000255898223258555,-0.537667989730835,9.30210619185319e-07,278528
1167,1,0.058349998525955,0.058349998525955,0.000263118767179549,-0.533315002918243,9.43366557211949e-07,278528
1168,1,0.0583999985246919,0.0583999985246919,0.0002705882943701,-0.530827581882477,9.56895971588672e-07,278528
1169,1,0.0584499985234288,0.0584499985234288,0.000278431340120733,-0.527096390724182,9.7081753824302e-07,278528
1170,1,0.0584999985221657,0.0584999985221657,0.000284904963336885,-0.523676156997681,9.8506278605e-07,278528
1171,1,0.0585499985209026,0.0585499985209026,0.000293121469439939,-0.520566821098328,9.99718859151753e-07,278528
1172,1,0.0585999985196395,0.0585999985196395,0.000297852180665359,-0.517146587371826,1.0146114678088e-06,278528
1173,1,0.0586499985183764,0.0586499985183764,0.000304823770420626,-0.514348268508911,1.02985265594481e-06,278528
1174,1,0.0586999985171133,0.0586999985171133,0.000311546347802505,-0.510306119918823,1.04542997294142e-06,278528
1175,1,0.0587499985158502,0.0587499985158502,0.000317521975375712,-0.507196843624115,1.06130607130914e-06,278528
1176,1,0.0587999985145871,0.0587999985145871,0.000323497632052749,-0.50346565246582,1.07748095250316e-06,278528
1177,1,0.058849998513324,0.058849998513324,0.000330220238538459,-0.501289188861847,1.09399196401298e-06,278528
1178,1,0.0588999985120608,0.0588999985120608,0.000335822376655415,-0.497247040271759,1.11078308242158e-06,278528
1179,1,0.0589499985107977,0.0589499985107977,0.000341922539519146,-0.492894053459167,1.12787920896565e-06,278528
1180,1,0.0589999985095346,0.0589999985095346,0.000347649183822796,-0.489784747362137,1.14526166771767e-06,278528
1181,1,0.0590499985082715,0.0590499985082715,0.000352628878317773,-0.487297296524048,1.16289311118815e-06,278528
1182,1,0.0590999985070084,0.0590999985070084,0.000357982033165172,-0.483877062797546,1.18079221239424e-06,278528
1183,1,0.0591499985057453,0.0591499985057453,0.000363459723303095,-0.479834973812103,1.19896519810031e-06,278528
1184,1,0.0591999985044822,0.0591999985044822,0.000368190434528515,-0.477347522974014,1.21737471936167e-06,278528
1185,1,0.0592499985032191,0.0592499985032191,0.000374041585018858,-0.473305433988571,1.23607679814016e-06,278528
1186,1,0.059299998501956,0.059299998501956,0.000379643752239645,-0.469574242830276,1.25505898527261e-06,278528
1187,1,0.0593499985006929,0.0593499985006929,0.000384623475838453,-0.466464936733246,1.27429015857871e-06,278528
1188,1,0.0593999984994298,0.0593999984994298,0.000388731714338064,-0.462422847747803,1.29372674380461e-06,278528
1189,1,0.0594499984981667,0.0594499984981667,0.000393088936107233,-0.460246354341507,1.31338119011345e-06,278528
1190,1,0.0594999984969036,0.0594999984969036,0.000399935990571976,-0.456826090812683,1.33337798913689e-06,278528
1191,1,0.0595499984956405,0.0595499984956405,0.000404168764362112,-0.452473074197769,1.35358642684449e-06,278528
1192,1,0.0595999984943774,0.0595999984943774,0.000408899504691362,-0.44998562335968,1.37403140156257e-06,278528
1193,1,0.0596499984931143,0.0596499984931143,0.00041387919918634,-0.44687631726265,1.39472536099912e-06,278528
1194,1,0.0596999984918511,0.0596999984918511,0.00041860991041176,-0.443456083536148,1.41565585599096e-06,278528
1195,1,0.059749998490588,0.059749998490588,0.000424087542342022,-0.439413994550705,1.43686023257239e-06,278528
1196,1,0.0597999984893249,0.0597999984893249,0.000429067236837,-0.436615616083145,1.45831359387228e-06,278528
1197,1,0.0598499984880618,0.0598499984880618,0.000433549023000523,-0.433506339788437,1.47999104447469e-06,278528
1198,1,0.0598999984867987,0.0598999984867987,0.000436785776400939,-0.431018888950348,1.50183033274303e-06,278528
1199,1,0.0599499984855356,0.0599499984855356,0.000443010445451364,-0.427598655223846,1.52398085445603e-06,278528
1200,1,0.0599999984842725,0.0599999984842725,0.000448239123215899,-0.424178391695023,1.54639281005065e-06,278528
1201,1,0.0600499984830094,0.0600499984830094,0.000453467771876603,-0.421380013227463,1.5690661980717e-06,278528
1202,1,0.0600999984817463,0.0600999984817463,0.000459318951470777,-0.417959809303284,1.59203214506507e-06,278528
1203,1,0.0601499984804832,0.0601499984804832,0.000462680240161717,-0.414850473403931,1.61516615648874e-06,278528
1204,1,0.0601999984792201,0.0601999984792201,0.000469278340460733,-0.412363022565842,1.63863007291903e-06,278528
1205,1,0.060249998477957,0.060249998477957,0.000472764164442196,-0.408320933580399,1.66226828054399e-06,278528
1206,1,0.0602999984766939,0.0602999984766939,0.000477245863294229,-0.407388180494308,1.68613057310589e-06,278528
1207,1,0.0603499984754308,0.0603499984754308,0.0004823500639759,-0.403656989336014,1.71024807569543e-06,278528
1208,1,0.0603999984741677,0.0603999984741677,0.000486831762827933,-0.399925827980042,1.7345896632219e-06,278528
1209,1,0.0604499984729046,0.0604499984729046,0.000492060498800129,-0.397749304771423,1.75919268754038e-06,278528
1210,1,0.0604999984716414,0.0604999984716414,0.000496666703838855,-0.394950956106186,1.78402602210498e-06,278528
1211,1,0.0605499984703783,0.0605499984703783,0.000501272908877581,-0.392463505268097,1.8090896669157e-06,278528
1212,1,0.0605999984691152,0.0605999984691152,0.00050525669939816,-0.389665126800537,1.83435250124742e-06,278528
1213,1,0.0606499984678521,0.0606499984678521,0.000509738398250192,-0.387799561023712,1.85983942051607e-06,278528
1214,1,0.060699998466589,0.060699998466589,0.000514095649123192,-0.385623008012772,1.88554420232288e-06,278528
1215,1,0.0607499984653259,0.0607499984653259,0.000517207954544574,-0.38220277428627,1.91140459939682e-06,278528
1216,1,0.0607999984640628,0.0607999984640628,0.000521316193044186,-0.37909346818924,1.93747040839055e-06,278528
1217,1,0.0608499984627997,0.0608499984627997,0.000525175535585731,-0.377538830041885,1.96372918450648e-06,278528
1218,1,0.0608999984615366,0.0608999984615366,0.00052853679517284,-0.375051379203796,1.99015602359753e-06,278528
1219,1,0.0609499984602735,0.0609499984602735,0.000531275582034141,-0.373185783624649,2.01671980202818e-06,278528
1220,1,0.0609999984590104,0.0609999984590104,0.000534014427103102,-0.370076507329941,2.04342052270881e-06,278528
1221,1,0.0610499984577473,0.0610499984577473,0.00053700222633779,-0.369143694639206,2.07027063334741e-06,278528
1222,1,0.0610999984564842,0.0610999984564842,0.000539243163075298,-0.366034388542175,2.09723279082006e-06,278528
1223,1,0.0611499984552211,0.0611499984552211,0.000541857443749905,-0.363546937704086,2.12432566232313e-06,278528
1224,1,0.061199998453958,0.061199998453958,0.000543226837180555,-0.361992299556732,2.151487003496e-06,278528
1225,1,0.0612499984526949,0.0612499984526949,0.000544969807378948,-0.359815806150436,2.17873549317659e-06,278528
1226,1,0.0612999984514317,0.0612999984514317,0.000546837167348713,-0.359193950891495,2.20607735085332e-06,278528
1227,1,0.0613499984501686,0.0613499984501686,0.000547335133887827,-0.357639253139496,2.23344410685637e-06,278528
1228,1,0.0613999984489055,0.0613999984489055,0.000547335133887827,-0.354219049215317,2.26081086285941e-06,278528
1229,1,0.0614499984476424,0.0614499984476424,0.000548704527318478,-0.353908121585846,2.28824608853227e-06,278528
1230,1,0.0614999984463793,0.0614999984463793,0.000548580079339445,-0.351731598377228,2.31567509180632e-06,278528
1231,1,0.0615499984451162,0.0615499984451162,0.000548580079339445,-0.350176960229874,2.34310409508038e-06,278528
1232,1,0.0615999984438531,0.0615999984438531,0.000547210627701133,-0.348311364650726,2.37046462577425e-06,278528
1233,1,0.06164999844259,0.06164999844259,0.000546961673535407,-0.347067624330521,2.39781270876015e-06,278528
1234,1,0.0616999984413269,0.0616999984413269,0.000545716728083789,-0.346445769071579,2.42509854447504e-06,278528
1235,1,0.0617499984400638,0.0617499984400638,0.000542977883014828,-0.344580173492432,2.45224743793995e-06,278528
1236,1,0.0617999984388007,0.0617999984388007,0.00054135947721079,-0.344269275665283,2.47931541111669e-06,278528
1237,1,0.0618499984375376,0.0618499984375376,0.000538496184162796,-0.342403680086136,2.50624021964465e-06,278528
1238,1,0.0618999984362745,0.0618999984362745,0.000536130741238594,-0.341781824827194,2.53304675602939e-06,278528
1239,1,0.0619499984350114,0.0619499984350114,0.0005332674481906,-0.340538084506989,2.55971012776535e-06,278528
1240,1,0.0619999984337483,0.0619999984337483,0.000529408222064376,-0.339605331420898,2.58618053819987e-06,278528
1241,1,0.0620499984324852,0.0620499984324852,0.000526171352248639,-0.338361591100693,2.61248910514769e-06,278528
1242,1,0.062099998431222,0.062099998431222,0.00052144069923088,-0.3380506336689,2.6385611394506e-06,278528
1243,1,0.0621499984299589,0.0621499984299589,0.000516211963258684,-0.337739735841751,2.6643717369615e-06,278528
1244,1,0.0621999984286958,0.0621999984286958,0.000512726197484881,-0.336806952953339,2.69000804618812e-06,278528
1245,1,0.0622499984274327,0.0622499984274327,0.000506252574268728,-0.336185097694397,2.7153206742621e-06,278528
1246,1,0.0622999984261696,0.0622999984261696,0.000501646369230002,-0.335874140262604,2.74040299208997e-06,278528
1247,1,0.0623499984249065,0.0623499984249065,0.000494301319122314,-0.33463042974472,2.76511805742173e-06,278528
1248,1,0.0623999984236434,0.0623999984236434,0.000488325720652938,-0.335874140262604,2.78953434283757e-06,278528
1249,1,0.0624499984223803,0.0624499984223803,0.0004823500639759,-0.334941357374191,2.81365184542711e-06,278528
1250,1,0.0624999984211172,0.0624999984211172,0.000474507018225268,-0.335874140262604,2.83737719573902e-06,278528
1251,1,0.0625499984198541,0.0625499984198541,0.000467784440843388,-0.335252285003662,2.86076641719033e-06,278528
1252,1,0.062599998418591,0.062599998418591,0.00045906993909739,-0.334941357374191,2.88371991356534e-06,278528
1253,1,0.0626499984173279,0.0626499984173279,0.000451724888989702,-0.33463042974472,2.90630615744425e-06,278528
1254,1,0.0626999984160648,0.0626999984160648,0.000444379838882014,-0.335252285003662,2.92852514882705e-06,278528
1255,1,0.0627499984148017,0.0627499984148017,0.000434171437518671,-0.335563242435455,2.95023372015458e-06,278528
1256,1,0.0627999984135386,0.0627999984135386,0.000425083504524082,-0.335563242435455,2.97148789484386e-06,278528
1257,1,0.0628499984122755,0.0628499984122755,0.000416493538068607,-0.336185097694397,2.99231257122121e-06,278528
1258,1,0.0628999984110123,0.0628999984110123,0.000405662663979456,-0.335874140262604,3.01259570390779e-06,278528
1259,1,0.0629499984097492,0.0629499984097492,0.000396076764445752,-0.337117880582809,3.03239954162979e-06,278528
1260,1,0.0629999984084861,0.0629999984084861,0.000385245919460431,-0.338983446359634,3.05166183711621e-06,278528
1261,1,0.063049998407223,0.063049998407223,0.000375659961719066,-0.338361591100693,3.07044483472766e-06,278528
1262,1,0.0630999984059599,0.0630999984059599,0.000364580162568018,-0.341159969568253,3.08867384239556e-06,278528
1263,1,0.0631499984046968,0.0631499984046968,0.000353749288478866,-0.340849041938782,3.10636130637268e-06,278528
1264,1,0.0631999984034337,0.0631999984034337,0.000342171493684873,-0.341470897197723,3.12346988062472e-06,278528
1265,1,0.0632499984021706,0.0632499984021706,0.000329846749082208,-0.343025535345078,3.1399622176622e-06,278528
1266,1,0.0632999984009075,0.0632999984009075,0.000318144448101521,-0.343336492776871,3.15586943966543e-06,278528
1267,1,0.0633499983996444,0.0633499983996444,0.00030631767003797,-0.344891130924225,3.17118532278042e-06,278528
1268,1,0.0633999983983813,0.0633999983983813,0.000293370452709496,-0.346134871244431,3.18585384504533e-06,278528
1269,1,0.0634499983971182,0.0634499983971182,0.000280672218650579,-0.347378581762314,3.19988745562334e-06,278528
1270,1,0.0634999983958551,0.0634999983958551,0.00026722700567916,-0.348933219909668,3.21324880556976e-06,278528
1271,1,0.063549998394592,0.063549998394592,0.000255649210885167,-0.349244177341461,3.22603126579111e-06,278528
1272,1,0.0635999983933289,0.0635999983933289,0.000242577501921915,-0.352042526006699,3.2381601405808e-06,278528
1273,1,0.0636499983920658,0.0636499983920658,0.000229007826419547,-0.353286266326904,3.24961053161252e-06,278528
1274,1,0.0636999983908026,0.0636999983908026,0.000214691201108508,-0.355773717164993,3.26034509139677e-06,278528
1275,1,0.0637499983895395,0.0637499983895395,0.00020161947759334,-0.356395572423935,3.27042606502177e-06,278528
1276,1,0.0637999983882764,0.0637999983882764,0.000186555902473629,-0.358882993459702,3.27975385990981e-06,278528
1277,1,0.0638499983870133,0.0638499983870133,0.000173110704054125,-0.359815806150436,3.28840939489386e-06,278528
1278,1,0.0638999983857502,0.0638999983857502,0.000157922608195804,-0.362303256988525,3.29630552510418e-06,278528
1279,1,0.0639499983844871,0.0639499983844871,0.000144228441058658,-0.363546937704086,3.30351694697493e-06,278528
1280,1,0.063999998383224,0.063999998383224,0.000130285290651955,-0.366345345973969,3.31003121134297e-06,278528
1281,1,0.0640499983819609,0.0640499983819609,0.000114972703158855,-0.368521839380264,3.31577984635569e-06,278528
1282,1,0.0640999983806978,0.0640999983806978,0.000100282588391565,-0.371009290218353,3.3207939756486e-06,278528
1283,1,0.0641499983794347,0.0641499983794347,8.60904474393465e-05,-0.371942073106766,3.32509849791182e-06,278528
1284,1,0.0641999983781716,0.0641999983781716,7.05288912286051e-05,-0.375984191894531,3.32862494238417e-06,278528
1285,1,0.0642499983769085,0.0642499983769085,5.55897859157994e-05,-0.377227872610092,3.33140443160974e-06,278528
1286,1,0.0642999983756454,0.0642999983756454,3.96547475247644e-05,-0.379404425621033,3.33338716893589e-06,278528
1287,1,0.0643499983743823,0.0643499983743823,2.59605767496396e-05,-0.38220277428627,3.33468519774058e-06,278528
1288,1,0.0643999983731192,0.0643999983731192,1.01500290838885e-05,-0.384690225124359,3.33519269918196e-06,278528
1289,1,0.0644499983718561,0.0644499983718561,-6.28298039373476e-06,-0.386866748332977,3.33487855017021e-06,278528
1290,1,0.0644999983705929,0.0644999983705929,-2.09730951610254e-05,-0.389976054430008,3.33382989543865e-06,278528
1291,1,0.0645499983693298,0.0645499983693298,-3.70326270058285e-05,-0.393085360527039,3.33197826413513e-06,278528
1292,1,0.0645999983680667,0.0645999983680667,-5.15982465003617e-05,-0.395261853933334,3.32939835187529e-06,278528
1293,1,0.0646499983668036,0.0646499983668036,-6.79067597957328e-05,-0.398060232400894,3.32600301397127e-06,278528
1294,1,0.0646999983655405,0.0646999983655405,-8.23478912934661e-05,-0.400858640670776,3.32188561951062e-06,278528
1295,1,0.0647499983642774,0.0647499983642774,-9.69135144259781e-05,-0.403035134077072,3.31703994391173e-06,278528
1296,1,0.0647999983630143,0.0647999983630143,-0.000112724053906277,-0.406144440174103,3.3114037413588e-06,278528
1297,1,0.0648499983617512,0.0648499983617512,-0.000128908082842827,-0.408631891012192,3.30495833737948e-06,278528
1298,1,0.0648999983604881,0.0648999983604881,-0.000143971672514454,-0.412363022565842,3.29775975393561e-06,278528
1299,1,0.064949998359225,0.064949998359225,-0.000159533228725195,-0.415161430835724,3.28978309270086e-06,278528
1300,1,0.0649999983579619,0.0649999983579619,-0.000174098851857707,-0.418270707130432,3.28107815032788e-06,278528
1301,1,0.0650499983566988,0.0650499983566988,-0.0001900338975247,-0.421069115400314,3.27157645569168e-06,278528
1302,1,0.0650999983554357,0.0650999983554357,-0.000205968943191692,-0.425111204385757,3.26127800879225e-06,278528
1303,1,0.0651499983541726,0.0651499983541726,-0.00022041006013751,-0.426976799964905,3.25025750606378e-06,278528
1304,1,0.0651999983529095,0.0651999983529095,-0.000235598155995831,-0.430707931518555,3.23847759856157e-06,278528
1305,1,0.0652499983516464,0.0652499983516464,-0.000250288256211206,-0.433195382356644,3.22596318606715e-06,278528
1306,1,0.0652999983503832,0.0652999983503832,-0.000265102833509445,-0.436926543712616,3.21270804472653e-06,278528
1307,1,0.0653499983491201,0.0653499983491201,-0.00028041543555446,-0.440035879611969,3.198687273303e-06,278528
1308,1,0.065399998347857,0.065399998347857,-0.000294981058686972,-0.443145155906677,3.18393822074125e-06,278528
1309,1,0.0654499983465939,0.0654499983465939,-0.000309671158902347,-0.446254462003708,3.16845466318728e-06,278528
1310,1,0.0654999983453308,0.0654999983453308,-0.000324361288221553,-0.44998562335968,3.1522365991859e-06,278528
1311,1,0.0655499983440677,0.0655499983440677,-0.000338179961545393,-0.453094959259033,3.13532760153579e-06,278528
1312,1,0.0655999983428046,0.0655999983428046,-0.000351998634869233,-0.456204265356064,3.11772767023694e-06,278528
1313,1,0.0656499983415415,0.0656499983415415,-0.000366190768545493,-0.459002614021301,3.0994181322722e-06,278528
1314,1,0.0656999983402784,0.0656999983402784,-0.00037988496478647,-0.463355630636215,3.08042388451272e-06,278528
1315,1,0.0657499983390153,0.0657499983390153,-0.000394326081732288,-0.465221226215363,3.06070758092418e-06,278528
1316,1,0.0657999983377522,0.0657999983377522,-0.00040652634925209,-0.469263345003128,3.04038126397506e-06,278528
1317,1,0.0658499983364891,0.0658499983364891,-0.000420594005845487,-0.473927289247513,3.01935156421404e-06,278528
1318,1,0.065899998335226,0.065899998335226,-0.000433790235547349,-0.477347522974014,2.99766205298459e-06,278528
1319,1,0.0659499983339629,0.0659499983339629,-0.000446363905211911,-0.480145871639252,2.9753438582878e-06,278528
1320,1,0.0659999983326998,0.0659999983326998,-0.000459311151644215,-0.483255207538605,2.95237830128575e-06,278528
1321,1,0.0660499983314367,0.0660499983314367,-0.000471511419164017,-0.48791915178299,2.92880273092312e-06,278528
1322,1,0.0660999983301735,0.0660999983301735,-0.000483462674310431,-0.490406602621078,2.90462959781826e-06,278528
1323,1,0.0661499983289104,0.0661499983289104,-0.000494916050229222,-0.49382683634758,2.87988379593193e-06,278528
1324,1,0.0661999983276473,0.0661999983276473,-0.000507863238453865,-0.496625185012817,2.85449063465073e-06,278528
1325,1,0.0662499983263842,0.0662499983263842,-0.000517947133630514,-0.500356376171112,2.82859327862342e-06,278528
1326,1,0.0662999983251211,0.0662999983251211,-0.000529400364030153,-0.503154695034027,2.8021232610906e-06,278528
1327,1,0.066349998323858,0.066349998323858,-0.000539608823601156,-0.505953133106232,2.77514282059213e-06,278528
1328,1,0.0663999983225949,0.0663999983225949,-0.000549817224964499,-0.510927975177765,2.74765196003838e-06,278528
1329,1,0.0664499983213318,0.0664499983213318,-0.000559652107767761,-0.512482643127441,2.71966935535689e-06,278528
1330,1,0.0664999983200687,0.0664999983200687,-0.000568989024031907,-0.517146587371826,2.69121990487399e-06,278528
1331,1,0.0665499983188056,0.0665499983188056,-0.000578574952669442,-0.519944965839386,2.66229115797132e-06,278528
1332,1,0.0665999983175425,0.0665999983175425,-0.000587538350373507,-0.524608910083771,2.63291424119477e-06,278528
1333,1,0.0666499983162794,0.0666499983162794,-0.000595132471062243,-0.525852680206299,2.60315761839337e-06,278528
1334,1,0.0666999983150163,0.0666999983150163,-0.000603099935688078,-0.5292729139328,2.57300262237075e-06,278528
1335,1,0.0667499983137532,0.0667499983137532,-0.000611689989455044,-0.533315002918243,2.54241812367063e-06,278528
1336,1,0.0667999983124901,0.0667999983124901,-0.000617541081737727,-0.535802483558655,2.51154107036376e-06,278528
1337,1,0.066849998311227,0.066849998311227,-0.000624139211140573,-0.539844572544098,2.48033411059509e-06,278528
1338,1,0.0668999983099638,0.0668999983099638,-0.00063111080089584,-0.543575704097748,2.44877857134745e-06,278528
1339,1,0.0669499983087007,0.0669499983087007,-0.000636339478660375,-0.545441269874573,2.4169615982182e-06,278528
1340,1,0.0669999983074376,0.0669999983074376,-0.000641568098217249,-0.550416171550751,2.38488319411771e-06,278528
1341,1,0.0670499983061745,0.0670499983061745,-0.000645427440758795,-0.552903652191162,2.35261182289501e-06,278528
1342,1,0.0670999983049114,0.0670999983049114,-0.000650531670544297,-0.555080115795135,2.32008524018948e-06,278528
1343,1,0.0671499983036483,0.0671499983036483,-0.000654266390483826,-0.559122204780579,2.2873719214917e-06,278528
1344,1,0.0671999983023852,0.0671999983023852,-0.000657378695905209,-0.560987830162048,2.25450298752678e-06,278528
1345,1,0.0672499983011221,0.0672499983011221,-0.000659495126456022,-0.563786149024963,2.22152823203699e-06,278528
1346,1,0.067299998299859,0.067299998299859,-0.000660988967865705,-0.567517340183258,2.18847878447861e-06,278528
1347,1,0.0673499982985959,0.0673499982985959,-0.000662607373669744,-0.569693863391876,2.15534841663206e-06,278528
1348,1,0.0673999982973328,0.0673999982973328,-0.000663105340208858,-0.572803139686584,2.12219315045919e-06,278528
1349,1,0.0674499982960697,0.0674499982960697,-0.000663976825308055,-0.575912475585938,2.08899431003246e-06,278528
1350,1,0.0674999982948066,0.0674999982948066,-0.000663727871142328,-0.577467083930969,2.0558079173137e-06,278528
1351,1,0.0675499982935435,0.0675499982935435,-0.000662731879856437,-0.580887377262115,2.02267132415798e-06,278528
1352,1,0.0675999982922804,0.0675999982922804,-0.000661860452964902,-0.583685755729675,1.98957830234574e-06,278528
1353,1,0.0676499982910173,0.0676499982910173,-0.000660242047160864,-0.584929466247559,1.95656620082165e-06,278528
1354,1,0.0676999982897541,0.0676999982897541,-0.000657378695905209,-0.588971555233002,1.92369726685673e-06,278528
1355,1,0.067749998288491,0.067749998288491,-0.000654639909043908,-0.589904308319092,1.89096527223141e-06,278528
1356,1,0.0677999982872279,0.0677999982872279,-0.000650407164357603,-0.593013644218445,1.85844491483507e-06,278528
1357,1,0.0678499982859648,0.0678499982859648,-0.000646174361463636,-0.595812022686005,1.82613619757807e-06,278528
1358,1,0.0678999982847017,0.0678999982847017,-0.000642066122964025,-0.597988545894623,1.79403289224087e-06,278528
1359,1,0.0679499982834386,0.0679499982834386,-0.000636463984847069,-0.599232256412506,1.76220969380244e-06,278528
1360,1,0.0679999982821755,0.0679999982821755,-0.000631484261248261,-0.602652490139008,1.73063548153766e-06,278528
1361,1,0.0680499982809124,0.0680499982809124,-0.000625135202426463,-0.604207158088684,1.69937872220594e-06,278528
1362,1,0.0680999982796493,0.0680999982796493,-0.000618039106484503,-0.606383681297302,1.66847676766237e-06,278528
1363,1,0.0681499982783862,0.0681499982783862,-0.000611316529102623,-0.608560144901276,1.6379109419794e-06,278528
1364,1,0.0681999982771231,0.0681999982771231,-0.000603348948061466,-0.609803915023804,1.60774349533842e-06,278528
1365,1,0.06824999827586,0.06824999827586,-0.000596003897953779,-0.611047625541687,1.57794330119354e-06,278528
1366,1,0.0682999982745969,0.0682999982745969,-0.000588160881306976,-0.612913191318512,1.5485352578711e-06,278528
1367,1,0.0683499982733338,0.0683499982733338,-0.000579570943955332,-0.61508971452713,1.5195567114054e-06,278528
1368,1,0.0683999982720707,0.0683999982720707,-0.000571478914935142,-0.618199050426483,1.49098276638048e-06,278528
1369,1,0.0684499982708076,0.0684499982708076,-0.000561519525945187,-0.618199050426483,1.46290679079248e-06,278528
1370,1,0.0684999982695444,0.0684999982695444,-0.000553178484551609,-0.62068647146225,1.43524786726362e-06,278528
1371,1,0.0685499982682813,0.0685499982682813,-0.000542970141395926,-0.62161922454834,1.40809936087965e-06,278528
1372,1,0.0685999982670182,0.0685999982670182,-0.00053400662727654,-0.622552037239075,1.38139903019033e-06,278528
1373,1,0.0686499982657551,0.0686499982657551,-0.000523424823768437,-0.6244176030159,1.35522778966305e-06,278528
1374,1,0.068699998264492,0.068699998264492,-0.000512718455865979,-0.6244176030159,1.32959186751737e-06,278528
1375,1,0.0687499982632289,0.0687499982632289,-0.000503132527228445,-0.626594126224518,1.30443524179146e-06,278528
1376,1,0.0687999982619658,0.0687999982619658,-0.000491928192786872,-0.626905083656311,1.27983883277347e-06,278528
1377,1,0.0688499982607027,0.0688499982607027,-0.000480225920910016,-0.627837836742401,1.25582753733455e-06,278528
1378,1,0.0688999982594396,0.0688999982594396,-0.000470391009002924,-0.630325317382813,1.23230798747856e-06,278528
1379,1,0.0689499982581765,0.0689499982581765,-0.000457941758213565,-0.631258130073547,1.20941090014631e-06,278528
1380,1,0.0689999982569134,0.0689999982569134,-0.000447110884124413,-0.630014359951019,1.18705535650484e-06,278528
1381,1,0.0690499982556503,0.0690499982556503,-0.000435782072599977,-0.632190942764282,1.16526625342528e-06,278528
1382,1,0.0690999982543872,0.0690999982543872,-0.000424453231971711,-0.632501840591431,1.14404359236282e-06,278528
1383,1,0.0691499982531241,0.0691499982531241,-0.000413746893173084,-0.633434653282166,1.12335624822677e-06,278528
1384,1,0.069199998251861,0.069199998251861,-0.000399928219849244,-0.633123636245728,1.10335983773946e-06,278528
1385,1,0.0692499982505979,0.0692499982505979,-0.000387727981433272,-0.633434653282166,1.08397343915754e-06,278528
1386,1,0.0692999982493347,0.0692999982493347,-0.0003765236469917,-0.634678363800049,1.06514725728354e-06,278528
1387,1,0.0693499982480716,0.0693499982480716,-0.000364198902389035,-0.635611116886139,1.04693731262411e-06,278528
1388,1,0.0693999982468085,0.0693999982468085,-0.000351500668330118,-0.634056448936462,1.02936227965159e-06,278528
1389,1,0.0694499982455454,0.0694499982455454,-0.000339673861162737,-0.634367406368256,1.0123785870225e-06,278528
1390,1,0.0694999982442823,0.0694999982442823,-0.00032797158928588,-0.634367406368256,9.95980007972467e-07,278528
1391,1,0.0695499982430192,0.0695499982430192,-0.000315522338496521,-0.634367406368256,9.80203891446179e-07,278528
1392,1,0.0695999982417561,0.0695999982417561,-0.000302450614981353,-0.63530021905899,9.65081361079139e-07,278528
1393,1,0.069649998240493,0.069649998240493,-0.000290499330731109,-0.63530021905899,9.50556394909515e-07,278528
1394,1,0.0696999982392299,0.0696999982392299,-0.000278797058854252,-0.634678363800049,9.36616542318952e-07,278528
1395,1,0.0697499982379668,0.0697499982379668,-0.000265849841525778,-0.633745551109314,9.2332405057846e-07,278528
1396,1,0.0697999982367037,0.0697999982367037,-0.000252902595093474,-0.633434653282166,9.10678921143229e-07,278528
1397,1,0.0698499982354406,0.0698499982354406,-0.000239706409047358,-0.633123636245728,8.98693600993636e-07,278528
1398,1,0.0698999982341775,0.0698999982341775,-0.000228875549510121,-0.632190942764282,8.87249823807224e-07,278528
1399,1,0.0699499982329144,0.0699499982329144,-0.000214558924199082,-0.632190942764282,8.76521877868281e-07,278528
1400,1,0.0699999982316513,0.0699999982316513,-0.000203728064661846,-0.630947172641754,8.66335474892519e-07,278528
1401,1,0.0700499982303882,0.0700499982303882,-0.000191029845154844,-0.630325317382813,8.56783982876067e-07,278528
1402,1,0.070099998229125,0.070099998229125,-0.000178705071448348,-0.628770649433136,8.47848729529373e-07,278528
1403,1,0.0701499982278619,0.0701499982278619,-0.00016712729120627,-0.627216041088104,8.39492365180159e-07,278528
1404,1,0.0701999982265988,0.0701999982265988,-0.000153931076056324,-0.626905083656311,8.31795811571775e-07,278528
1405,1,0.0702499982253357,0.0702499982253357,-0.00014334921434056,-0.626283228397369,8.24628351035812e-07,278528
1406,1,0.0702999982240726,0.0702999982240726,-0.000129904030472971,-0.625350415706635,8.18133149676246e-07,278528
1407,1,0.0703499982228095,0.0703499982228095,-0.000118699703307357,-0.623795747756958,8.12198164660808e-07,278528
1408,1,0.0703999982215464,0.0703999982215464,-0.000105005528894253,-0.622862994670868,8.06947888348729e-07,278528
1409,1,0.0704499982202833,0.0704499982202833,-9.31787362787873e-05,-0.620997369289398,8.02288951652484e-07,278528
1410,1,0.0704999982190202,0.0704999982190202,-8.18499247543514e-05,-0.619442760944366,7.98196455518152e-07,278528
1411,1,0.0705499982177571,0.0705499982177571,-6.98986405041069e-05,-0.618509948253632,7.94701523581236e-07,278528
1412,1,0.070599998216494,0.070599998216494,-5.80718588025775e-05,-0.616333425045013,7.91797930714458e-07,278528
1413,1,0.0706499982152309,0.0706499982152309,-4.53736211056821e-05,-0.615711569786072,7.89529249716486e-07,278528
1414,1,0.0706999982139678,0.0706999982139678,-3.47917593899183e-05,-0.612602233886719,7.87789661790935e-07,278528
1415,1,0.0707499982127047,0.0707499982127047,-2.30894656851888e-05,-0.610736668109894,7.8663518853584e-07,278528
1416,1,0.0707999982114416,0.0707999982114416,-1.21341281555942e-05,-0.609182059764862,7.86028482143387e-07,278528
1417,1,0.0708499982101785,0.0708499982101785,3.15121610583446e-07,-0.607316434383392,7.86044238223518e-07,278528
1418,1,0.0708999982089153,0.0708999982089153,1.06479983514873e-05,-0.605761826038361,7.86576638127643e-07,278528
1419,1,0.0709499982076522,0.0709499982076522,2.23502938752063e-05,-0.602652490139008,7.87694152793173e-07,278528
1420,1,0.0709999982063891,0.0709999982063891,3.19362115988042e-05,-0.600786924362183,7.89290963332774e-07,278528
1421,1,0.071049998205126,0.071049998205126,4.36385089415126e-05,-0.599232256412506,7.9147288872473e-07,278528
1422,1,0.0710999982038629,0.0710999982038629,5.55897859157994e-05,-0.596433877944946,7.94252377950304e-07,278528
1423,1,0.0711499982025998,0.0711499982025998,6.45532418275252e-05,-0.595190167427063,7.97480039960142e-07,278528
1424,1,0.0711999982013367,0.0711999982013367,7.58820606279187e-05,-0.592391788959503,8.01274142895691e-07,278528
1425,1,0.0712499982000736,0.0712499982000736,8.68374045239761e-05,-0.58928245306015,8.05616013012205e-07,278528
1426,1,0.0712999981988105,0.0712999981988105,9.69212924246676e-05,-0.587105989456177,8.10462077511017e-07,278528
1427,1,0.0713499981975474,0.0713499981975474,0.00010737866978161,-0.5855513215065,8.15831010864467e-07,278528
1428,1,0.0713999981962843,0.0713999981962843,0.000116591116238851,-0.58275294303894,8.21660566529142e-07,278528
1429,1,0.0714499981950212,0.0714499981950212,0.000127048464491963,-0.579954564571381,8.28012989593265e-07,278528
1430,1,0.0714999981937581,0.0714999981937581,0.000136260918225162,-0.577467083930969,8.34826035332411e-07,278528
1431,1,0.071549998192495,0.071549998192495,0.000146344813401811,-0.574357807636261,8.42143275817652e-07,278528
1432,1,0.0715999981912319,0.0715999981912319,0.000156304216943681,-0.571248531341553,8.49958486467407e-07,278528
1433,1,0.0716499981899688,0.0716499981899688,0.000164894197951071,-0.568761050701141,8.58203196156682e-07,278528
1434,1,0.0716999981887056,0.0716999981887056,0.000173733162228018,-0.565651774406433,8.6688985404864e-07,278528
1435,1,0.0717499981874425,0.0717499981874425,0.000183817057404667,-0.563164293766022,8.76080706686692e-07,278528
1436,1,0.0717999981861794,0.0717999981861794,0.000192033548955806,-0.560055017471313,8.85682383891924e-07,278528
1437,1,0.0718499981849163,0.0718499981849163,0.00020112152560614,-0.558189451694489,8.95738459918193e-07,278528
1438,1,0.0718999981836532,0.0718999981836532,0.00020971150661353,-0.555080115795135,9.06224034983982e-07,278528
1439,1,0.0719499981823901,0.0719499981823901,0.000217430017073639,-0.551659882068634,9.17095535563026e-07,278528
1440,1,0.071999998181127,0.071999998181127,0.000226642470806837,-0.547617793083191,9.28427658817095e-07,278528
1441,1,0.0720499981798639,0.0720499981798639,0.000233863043831661,-0.545752227306366,9.40120810713284e-07,278528
1442,1,0.0720999981786008,0.0720999981786008,0.000242826499743387,-0.542642891407013,9.52262135393738e-07,278528
1443,1,0.0721499981773377,0.0721499981773377,0.000250296026933938,-0.53860080242157,9.64776936424284e-07,278528
1444,1,0.0721999981760746,0.0721999981760746,0.000257143168710172,-0.535802483558655,9.77634094534994e-07,278528
1445,1,0.0722499981748115,0.0722499981748115,0.000265235139522702,-0.533625900745392,9.90895851176109e-07,278528
1446,1,0.0722999981735484,0.0722999981735484,0.000272704666713253,-0.528961956501007,1.00453108416732e-06,278528
1447,1,0.0723499981722853,0.0723499981722853,0.000280298729194328,-0.526785492897034,1.01854602027299e-06,278528
1448,1,0.0723999981710222,0.0723999981710222,0.00028639889205806,-0.522432446479797,1.03286596451414e-06,278528
1449,1,0.0724499981697591,0.0724499981697591,0.000293121469439939,-0.519634068012238,1.04752203761589e-06,278528
1450,1,0.0724999981684959,0.0724999981684959,0.00030059102573432,-0.515902876853943,1.06255158852293e-06,278528
1451,1,0.0725499981672328,0.0725499981672328,0.000306442147120833,-0.513415455818176,1.0778736954919e-06,278528
1452,1,0.0725999981659697,0.0725999981659697,0.000312791293254122,-0.509995222091675,1.09351325975952e-06,278528
1453,1,0.0726499981647066,0.0726499981647066,0.000319762883009389,-0.506574988365173,1.10950140350609e-06,278528
1454,1,0.0726999981634435,0.0726999981634435,0.000325738510582596,-0.503154695034027,1.12578832862378e-06,278528
1455,1,0.0727499981621804,0.0727499981621804,0.000330967159243301,-0.499734491109848,1.1423366861679e-06,278528
1456,1,0.0727999981609173,0.0727999981609173,0.000337565288646147,-0.496314287185669,1.15921495017382e-06,278528
1457,1,0.0728499981596542,0.0728499981596542,0.000342918472597376,-0.491961240768433,1.17636087337055e-06,278528
1458,1,0.0728999981583911,0.0728999981583911,0.000349392066709697,-0.489162862300873,1.19383047626472e-06,278528
1459,1,0.072949998157128,0.072949998157128,0.000354620773578063,-0.484809845685959,1.2115615144957e-06,278528
1460,1,0.0729999981558649,0.0729999981558649,0.000359973928425461,-0.482633322477341,1.22956021046228e-06,278528
1461,1,0.0730499981546018,0.0730499981546018,0.000364829145837575,-0.479213118553162,1.24780166729334e-06,278528
1462,1,0.0730999981533387,0.0730999981533387,0.000370182300684974,-0.47579288482666,1.26631078186001e-06,278528
1463,1,0.0731499981520756,0.0731499981520756,0.000374166091205552,-0.471750766038895,1.28501908594768e-06,278528
1464,1,0.0731999981508125,0.0731999981508125,0.000380888639483601,-0.468952387571335,1.30406351744076e-06,278528
1465,1,0.0732499981495494,0.0732499981495494,0.000386366329621524,-0.467086791992188,1.32338183343381e-06,278528
1466,1,0.0732999981482862,0.0732999981482862,0.000391097069950774,-0.463355630636215,1.34293668643735e-06,278528
1467,1,0.0733499981470231,0.0733499981470231,0.000396574760088697,-0.459002614021301,1.36276542394087e-06,278528
1468,1,0.07339999814576,0.07339999814576,0.000400931981857866,-0.455271452665329,1.38281202252735e-06,278528
1469,1,0.0734499981444969,0.0734499981444969,0.000405289203627035,-0.452473074197769,1.40307648219677e-06,278528
1470,1,0.0734999981432338,0.0734999981432338,0.000410268898122013,-0.448430985212326,1.42358992658466e-06,278528
1471,1,0.0735499981419707,0.0735499981419707,0.000415373098803684,-0.446254462003708,1.44435858100019e-06,278528
1472,1,0.0735999981407076,0.0735999981407076,0.000421348726376891,-0.442212373018265,1.46542601678682e-06,278528
1473,1,0.0736499981394445,0.0736499981394445,0.000425083504524082,-0.439103066921234,1.4866801914761e-06,278528
1474,1,0.0736999981381814,0.0736999981381814,0.000430436688475311,-0.436615616083145,1.50820202535618e-06,278528
1475,1,0.0737499981369183,0.0737499981369183,0.000434171437518671,-0.433506339788437,1.52991059668371e-06,278528
1476,1,0.0737999981356552,0.0737999981356552,0.000440769566921517,-0.429775148630142,1.55194907447304e-06,278528
1477,1,0.0738499981343921,0.0738499981343921,0.000446122721768916,-0.426665842533112,1.57425520999799e-06,278528
1478,1,0.073899998133129,0.073899998133129,0.000449608516646549,-0.424178391695023,1.59673563526241e-06,278528
1479,1,0.0739499981318659,0.0739499981318659,0.000455210683867335,-0.420758157968521,1.6194961688808e-06,278528
1480,1,0.0739999981306028,0.0739999981306028,0.000460190407466143,-0.41764885187149,1.64250568867284e-06,278528
1481,1,0.0740499981293397,0.0740499981293397,0.000465045595774427,-0.414539575576782,1.66575796787416e-06,278528
1482,1,0.0740999981280765,0.0740999981280765,0.000470523256808519,-0.411119312047958,1.68928413012026e-06,278528
1483,1,0.0741499981268134,0.0741499981268134,0.00047525399713777,-0.408320933580399,1.71304682937686e-06,278528
1484,1,0.0741999981255503,0.0741999981255503,0.00047998470836319,-0.406455367803574,1.73704606418874e-06,278528
1485,1,0.0742499981242872,0.0742499981242872,0.000485213386127725,-0.403035134077072,1.76130673288225e-06,278528
1486,1,0.0742999981230241,0.0742999981230241,0.000490193080622703,-0.399925827980042,1.78581638629422e-06,278528
1487,1,0.074349998121761,0.074349998121761,0.00049517274601385,-0.397749304771423,1.81057502296946e-06,278528
1488,1,0.0743999981204979,0.0743999981204979,0.000499156536534429,-0.39370721578598,1.83553284916569e-06,278528
1489,1,0.0744499981192348,0.0744499981192348,0.000503638293594122,-0.391530692577362,1.86071476320925e-06,278528
1490,1,0.0744999981179717,0.0744999981179717,0.000509613950271159,-0.388421416282654,1.88619546007911e-06,278528
1491,1,0.0745499981167086,0.0745499981167086,0.00051235273713246,-0.386555820703506,1.91181309628858e-06,278528
1492,1,0.0745999981154455,0.0745999981154455,0.000516958942171186,-0.383757412433624,1.93766104274416e-06,278528
1493,1,0.0746499981141824,0.0746499981141824,0.000521067180670798,-0.381580919027328,1.96371440111954e-06,278528
1494,1,0.0746999981129193,0.0746999981129193,0.000524428498465568,-0.379404425621033,1.98993582538041e-06,278528
1495,1,0.0747499981116562,0.0747499981116562,0.000527914322447032,-0.376916974782944,2.01633154083595e-06,278528
1496,1,0.0747999981103931,0.0747999981103931,0.000531026627868414,-0.374429523944855,2.04288287155863e-06,278528
1497,1,0.07484999810913,0.07484999810913,0.000535134924575686,-0.372874885797501,2.06963961711148e-06,278528
1498,1,0.0748999981078668,0.0748999981078668,0.000536379811819643,-0.37069833278656,2.09645860702496e-06,278528
1499,1,0.0749499981066037,0.0749499981066037,0.000539616623427719,-0.367589056491852,2.12343943751475e-06,278528
1500,1,0.0749999981053406,0.0749999981053406,0.000542230962309986,-0.365412533283234,2.15055098494535e-06,278528
1501,1,0.0750499981040775,0.0750499981040775,0.000544098322279751,-0.363546937704086,2.17775590037209e-06,278528
1502,1,0.0750999981028144,0.0750999981028144,0.000546712661162019,-0.361370444297791,2.20509153273963e-06,278528
1503,1,0.0751499981015513,0.0751499981015513,0.000547957606613636,-0.359815806150436,2.23248941237818e-06,278528
1504,1,0.0751999981002882,0.0751999981002882,0.000549700518604368,-0.358572065830231,2.25997443761407e-06,278528
1505,1,0.0752499980990251,0.0752499980990251,0.000549700518604368,-0.356706500053406,2.28745946284996e-06,278528
1506,1,0.075299998097762,0.075299998097762,0.000551692326553166,-0.354529976844788,2.31504407848077e-06,278528
1507,1,0.0753499980964989,0.0753499980964989,0.000552314857486635,-0.352975308895111,2.34265982065747e-06,278528
1508,1,0.0753999980952358,0.0753999980952358,0.00055082089966163,-0.352042526006699,2.37020086494481e-06,278528
1509,1,0.0754499980939727,0.0754499980939727,0.000551443372387439,-0.34955507516861,2.39777303286765e-06,278528
1510,1,0.0754999980927096,0.0754999980927096,0.000549327058251947,-0.34862232208252,2.42523938508639e-06,278528
1511,1,0.0755499980914465,0.0755499980914465,0.000548704527318478,-0.346756726503372,2.45267461075924e-06,278528
1512,1,0.0755999980901834,0.0755999980901834,0.00054745958186686,-0.345823913812637,2.48004758916108e-06,278528
1513,1,0.0756499980889203,0.0756499980889203,0.000544845301192254,-0.344891130924225,2.5072898535325e-06,278528
1514,1,0.0756999980876571,0.0756999980876571,0.00054372486192733,-0.343647420406342,2.53447609594208e-06,278528
1515,1,0.075749998086394,0.075749998086394,0.000540861510671675,-0.341781824827194,2.5615191707925e-06,278528
1516,1,0.0757999980851309,0.0757999980851309,0.000538620632141829,-0.341470897197723,2.58845020171926e-06,278528
1517,1,0.0758499980838678,0.0758499980838678,0.000534636899828911,-0.339294373989105,2.6151820460354e-06,278528
1518,1,0.0758999980826047,0.0758999980826047,0.000530653109308332,-0.340538084506989,2.64171470083054e-06,278528
1519,1,0.0759499980813416,0.0759499980813416,0.00052754080388695,-0.338672518730164,2.66809174035855e-06,278528
1520,1,0.0759999980800785,0.0759999980800785,0.000522187678143382,-0.337739735841751,2.69420112360614e-06,278528
1521,1,0.0760499980788154,0.0760499980788154,0.000518701854161918,-0.336495995521545,2.72013621565906e-06,278528
1522,1,0.0760999980775523,0.0760999980775523,0.000512601749505848,-0.336806952953339,2.74576630248688e-06,278528
1523,1,0.0761499980762892,0.0761499980762892,0.000508866971358657,-0.336495995521545,2.77120965041206e-06,278528
1524,1,0.0761999980750261,0.0761999980750261,0.000502268841955811,-0.335874140262604,2.79632309187544e-06,278528
1525,1,0.076249998073763,0.076249998073763,0.000494425825309008,-0.335874140262604,2.82104438251637e-06,278528
1526,1,0.0762999980724999,0.0762999980724999,0.000490317586809397,-0.335874140262604,2.84556026123752e-06,278528
1527,1,0.0763499980712368,0.0763499980712368,0.000481852068332955,-0.334941357374191,2.86965286404554e-06,278528
1528,1,0.0763999980699737,0.0763999980699737,0.000474507018225268,-0.335563242435455,2.89337821435745e-06,278528
1529,1,0.0764499980687106,0.0764499980687106,0.000465170101961121,-0.33463042974472,2.91663671886795e-06,278528
1530,1,0.0764999980674475,0.0764999980674475,0.000460190407466143,-0.33431950211525,2.93964623865998e-06,278528
1531,1,0.0765499980661843,0.0765499980661843,0.000451600411906838,-0.335874140262604,2.96222625868491e-06,278528
1532,1,0.0765999980649212,0.0765999980649212,0.000441392010543495,-0.335252285003662,2.98429585865456e-06,278528
1533,1,0.0766499980636581,0.0766499980636581,0.00043379797716625,-0.335563242435455,3.00598575696494e-06,278528
1534,1,0.076699998062395,0.076699998062395,0.000423589604906738,-0.335252285003662,3.02716523667523e-06,278528
1535,1,0.0767499980611319,0.0767499980611319,0.000414626119891182,-0.337117880582809,3.04789654214608e-06,278528
1536,1,0.0767999980598688,0.0767999980598688,0.000405538186896592,-0.337428778409958,3.06817345097867e-06,278528
1537,1,0.0768499980586057,0.0768499980586057,0.000393835915019736,-0.337117880582809,3.0878652462322e-06,278528
1538,1,0.0768999980573426,0.0768999980573426,0.000384498969651759,-0.338983446359634,3.10709019422912e-06,278528
1539,1,0.0769499980560795,0.0769499980560795,0.000374415045371279,-0.338672518730164,3.12581094602476e-06,278528
1540,1,0.0769999980548164,0.0769999980548164,0.000362837250577286,-0.339294373989105,3.14395280809532e-06,278528
1541,1,0.0770499980535533,0.0770499980535533,0.000351632916135713,-0.340538084506989,3.16153445345796e-06,278528
1542,1,0.0770999980522902,0.0770999980522902,0.000340179627528414,-0.342092782258987,3.1785434344047e-06,278528
1543,1,0.0771499980510271,0.0771499980510271,0.000328975293086842,-0.343025535345078,3.19499219864351e-06,278528
1544,1,0.077199998049764,0.077199998049764,0.00031677502556704,-0.34395831823349,3.21083094952174e-06,278528
1545,1,0.0772499980485009,0.0772499980485009,0.000303703331155702,-0.345202058553696,3.22601611569592e-06,278528
1546,1,0.0772999980472378,0.0772999980472378,0.000292623473796993,-0.346445769071579,3.24064728901615e-06,278528
1547,1,0.0773499980459746,0.0773499980459746,0.000278431340120733,-0.348311364650726,3.2545688556705e-06,278528
1548,1,0.0773999980447115,0.0773999980447115,0.000265733135165647,-0.349244177341461,3.26785551209313e-06,278528
1549,1,0.0774499980434484,0.0774499980434484,0.000252412399277091,-0.350487858057022,3.28047613173816e-06,278528
1550,1,0.0774999980421853,0.0774999980421853,0.000239340704865754,-0.352353453636169,3.29244316667914e-06,278528
1551,1,0.0775499980409222,0.0775499980409222,0.000226766976993531,-0.353908121585846,3.30378151524238e-06,278528
1552,1,0.0775999980396591,0.0775999980396591,0.000212076847674325,-0.3554627597332,3.31438535735822e-06,278528
1553,1,0.077649998038396,0.077649998038396,0.000198382680537179,-0.357328355312347,3.3243044911345e-06,278528
1554,1,0.0776999980371329,0.0776999980371329,0.000185435463208705,-0.358572065830231,3.33357626406072e-06,278528
1555,1,0.0777499980358698,0.0777499980358698,0.000169998384080827,-0.360748589038849,3.34207618305003e-06,278528
1556,1,0.0777999980346067,0.0777999980346067,0.000155806250404567,-0.362303256988525,3.34986649537346e-06,278528
1557,1,0.0778499980333436,0.0778499980333436,0.000140867137815803,-0.364479750394821,3.35690985208632e-06,278528
1558,1,0.0778999980320805,0.0778999980320805,0.000125928039778955,-0.366345345973969,3.36320625391621e-06,278528
1559,1,0.0779499980308174,0.0779499980308174,0.000111984889372252,-0.369454652070999,3.36880549824337e-06,278528
1560,1,0.0779999980295543,0.0779999980295543,9.67968080658466e-05,-0.371009290218353,3.3736453385244e-06,278528
1561,1,0.0780499980282912,0.0780499980282912,8.3476108557079e-05,-0.372253030538559,3.37781914384681e-06,278528
1562,1,0.0780999980270281,0.0780999980270281,6.67941130814143e-05,-0.374740481376648,3.38115884941651e-06,278528
1563,1,0.0781499980257649,0.0781499980257649,5.22284899489023e-05,-0.377849757671356,3.38377027384799e-06,278528
1564,1,0.0781999980245018,0.0781999980245018,3.64179468306247e-05,-0.380959063768387,3.38559117114352e-06,278528
1565,1,0.0782499980232387,0.0782499980232387,2.1603338609566e-05,-0.382513731718063,3.38667133804671e-06,278528
1566,1,0.0782999980219756,0.0782999980219756,5.79279139856226e-06,-0.385312110185623,3.38696097760932e-06,278528
1567,1,0.0783499980207125,0.0783499980207125,-9.39529309107456e-06,-0.387488603591919,3.38649121296664e-06,278528
1568,1,0.0783999980194494,0.0783999980194494,-2.43343911279226e-05,-0.390286952257156,3.38527449344098e-06,278528
1569,1,0.0784499980181863,0.0784499980181863,-3.97714611608535e-05,-0.393085360527039,3.38328592043317e-06,278528
1570,1,0.0784999980169232,0.0784999980169232,-5.50840377400164e-05,-0.39650559425354,3.38053171861575e-06,278528
1571,1,0.0785499980156601,0.0785499980156601,-7.02721299603581e-05,-0.397749304771423,3.37701811220649e-06,278528
1572,1,0.078599998014397,0.078599998014397,-8.67051348905079e-05,-0.401791393756866,3.37268285557148e-06,278528
1573,1,0.0786499980131339,0.0786499980131339,-0.000102017707831692,-0.404278844594955,3.36758197030876e-06,278528
1574,1,0.0786999980118708,0.0786999980118708,-0.000117828254587948,-0.406455367803574,3.36169055772819e-06,278528
1575,1,0.0787499980106077,0.0787499980106077,-0.000132518369355239,-0.409564673900604,3.35506463942781e-06,278528
1576,1,0.0787999980093446,0.0787999980093446,-0.000148328923387453,-0.413295835256577,3.34764819344579e-06,278528
1577,1,0.0788499980080815,0.0788499980080815,-0.000163143515237607,-0.416094213724136,3.33949101788998e-06,278528
1578,1,0.0788999980068184,0.0788999980068184,-0.000179203067091294,-0.418270707130432,3.33053086476177e-06,278528
1579,1,0.0789499980055552,0.0789499980055552,-0.000193519692402333,-0.421380013227463,3.32085488038609e-06,278528
1580,1,0.0789999980042921,0.0789999980042921,-0.00020858328207396,-0.425111204385757,3.31042571654585e-06,278528
1581,1,0.079049998003029,0.079049998003029,-0.000223522380110808,-0.427598655223846,3.29924959782265e-06,278528
1582,1,0.0790999980017659,0.0790999980017659,-0.000239083936321549,-0.430086076259613,3.28729540130856e-06,278528
1583,1,0.0791499980005028,0.0791499980005028,-0.000255890423431993,-0.434439092874527,3.27450088046017e-06,278528
1584,1,0.0791999979992397,0.0791999979992397,-0.000269211130216718,-0.437859326601028,3.26104032428938e-06,278528
1585,1,0.0792499979979766,0.0792499979979766,-0.000284025736618787,-0.440346777439117,3.2468390378172e-06,278528
1586,1,0.0792999979967135,0.0792999979967135,-0.000299462786642835,-0.443767011165619,3.23186589886331e-06,278528
1587,1,0.0793499979954504,0.0793499979954504,-0.000313281459966674,-0.44687631726265,3.21620182626068e-06,278528
1588,1,0.0793999979941873,0.0793999979941873,-0.000328096066368744,-0.450918406248093,3.19979702335666e-06,278528
1589,1,0.0794499979929242,0.0794499979929242,-0.000342412706231698,-0.454649597406387,3.18267638847758e-06,278528
1590,1,0.0794999979916611,0.0794999979916611,-0.000356231379555538,-0.457137048244476,3.16486481994976e-06,278528
1591,1,0.079549997990398,0.079549997990398,-0.000370299036148936,-0.460868209600449,3.14634986861004e-06,278528
1592,1,0.0795999979891349,0.0795999979891349,-0.00038361971382983,-0.464599341154099,3.12716888340311e-06,278528
1593,1,0.0796499979878718,0.0796499979878718,-0.000397936353692785,-0.467397749423981,3.1072720662211e-06,278528
1594,1,0.0796999979866087,0.0796999979866087,-0.000411008077207953,-0.470507025718689,3.08672166287985e-06,278528
1595,1,0.0797499979853455,0.0797499979853455,-0.000423955294536427,-0.47361633181572,3.06552389868853e-06,278528
1596,1,0.0797999979840824,0.0797999979840824,-0.000437773938756436,-0.477969378232956,3.04363520230366e-06,278528
1597,1,0.0798499979828193,0.0798499979828193,-0.000449725223006681,-0.481078684329987,3.02114894172138e-06,278528
1598,1,0.0798999979815562,0.0798999979815562,-0.000462423486169428,-0.484187960624695,2.998027767997e-06,278528
1599,1,0.0799499979802931,0.0799499979802931,-0.000475121720228344,-0.48791915178299,2.97427168258571e-06,278528
1600,1,0.07999999797903,0.07999999797903,-0.000487072975374758,-0.491339385509491,2.9499180344322e-06,278528
1601,1,0.0800499979777669,0.0800499979777669,-0.000498401757795364,-0.494759649038315,2.92499794717196e-06,278528
1602,1,0.0800999979765038,0.0800999979765038,-0.000510228564962745,-0.498490780591965,2.8994865195683e-06,278528
1603,1,0.0801499979752407,0.0801499979752407,-0.00052217987831682,-0.501911044120789,2.87337752631203e-06,278528
1604,1,0.0801999979739776,0.0801999979739776,-0.00053263729205355,-0.505020320415497,2.84674566238213e-06,278528
1605,1,0.0802499979727145,0.0802499979727145,-0.000543717062100768,-0.506885886192322,2.81955980996386e-06,278528
1606,1,0.0802999979714514,0.0802999979714514,-0.000552680576220155,-0.511549830436707,2.79192578185095e-06,278528
1607,1,0.0803499979701883,0.0803499979701883,-0.000563511333893985,-0.513726413249969,2.76375021586802e-06,278528
1608,1,0.0803999979689252,0.0803999979689252,-0.000571727869100869,-0.517457544803619,2.73516382313513e-06,278528
1609,1,0.0804499979676621,0.0804499979676621,-0.0005821852828376,-0.521810591220856,2.70605455972862e-06,278528
1610,1,0.080499997966399,0.080499997966399,-0.000590526207815856,-0.524608910083771,2.67652825008372e-06,278528
1611,1,0.0805499979651358,0.0805499979651358,-0.000598867191001773,-0.526785492897034,2.64658489129006e-06,278528
1612,1,0.0805999979638727,0.0805999979638727,-0.000607581692747772,-0.530827581882477,2.61620580742012e-06,278528
1613,1,0.0806499979626096,0.0806499979626096,-0.000614055315963924,-0.534558713436127,2.58550304239754e-06,278528
1614,1,0.0806999979613465,0.0806999979613465,-0.000622147344984114,-0.537046134471893,2.55439567593417e-06,278528
1615,1,0.0807499979600834,0.0807499979600834,-0.000627873989287764,-0.54046642780304,2.52300197726285e-06,278528
1616,1,0.0807999979588203,0.0807999979588203,-0.000633725139778107,-0.543886661529541,2.49131572107441e-06,278528
1617,1,0.0808499979575572,0.0808499979575572,-0.000640074256807566,-0.547306835651398,2.45931200904251e-06,278528
1618,1,0.0808999979562941,0.0808999979562941,-0.000644431507680565,-0.548861563205719,2.42709043447247e-06,278528
1619,1,0.080949997955031,0.080949997955031,-0.000650531670544297,-0.552281737327576,2.39456385176695e-06,278528
1620,1,0.0809999979537679,0.0809999979537679,-0.000653643975965679,-0.555391073226929,2.36188165379428e-06,278528
1621,1,0.0810499979525048,0.0810499979525048,-0.000656507269013673,-0.558189451694489,2.32905629117284e-06,278528
1622,1,0.0810999979512417,0.0810999979512417,-0.000659744080621749,-0.56160968542099,2.29606908797508e-06,278528
1623,1,0.0811499979499786,0.0811499979499786,-0.000662731879856437,-0.565029919147491,2.26293249481936e-06,278528
1624,1,0.0811999979487155,0.0811999979487155,-0.000664972816593945,-0.5681391954422,2.22968385482959e-06,278528
1625,1,0.0812499979474524,0.0812499979474524,-0.000665968633256853,-0.569382905960083,2.19638542400794e-06,278528
1626,1,0.0812999979461893,0.0812999979461893,-0.000666466658003628,-0.572492241859436,2.16306209194957e-06,278528
1627,1,0.0813499979449261,0.0813499979449261,-0.000667462649289519,-0.575912475585938,2.12968896032818e-06,278528
1628,1,0.081399997943663,0.081399997943663,-0.000666342151816934,-0.578088998794556,2.09637185357899e-06,278528
1629,1,0.0814499979423999,0.0814499979423999,-0.000664848310407251,-0.581198275089264,2.0631294388984e-06,278528
1630,1,0.0814999979411368,0.0814999979411368,-0.000663852319121361,-0.58275294303894,2.02993682378085e-06,278528
1631,1,0.0815499979398737,0.0815499979398737,-0.00066248286748305,-0.586795032024384,1.99681268124348e-06,278528
1632,1,0.0815999979386106,0.0815999979386106,-0.00066011754097417,-0.58834969997406,1.96380680502857e-06,278528
1633,1,0.0816499979373475,0.0816499979373475,-0.000656507269013673,-0.590526163578033,1.93098144240713e-06,278528
1634,1,0.0816999979360844,0.0816999979360844,-0.000653643975965679,-0.593013644218445,1.89829924443447e-06,278528
1635,1,0.0817499979348213,0.0817499979348213,-0.000648913206532598,-0.596122980117798,1.86585358492748e-06,278528
1636,1,0.0817999979335582,0.0817999979335582,-0.000644182495307177,-0.597988545894623,1.83364446097579e-06,278528
1637,1,0.0818499979322951,0.0818499979322951,-0.000639825302641839,-0.600786924362183,1.80165319665187e-06,278528
1638,1,0.081899997931032,0.081899997931032,-0.000633725139778107,-0.602030634880066,1.76996694046343e-06,278528
1639,1,0.0819499979297689,0.0819499979297689,-0.000627127010375261,-0.605139970779419,1.73861059073679e-06,278528
1640,1,0.0819999979285058,0.0819999979285058,-0.000621026963926852,-0.605450868606567,1.70755924332487e-06,278528
1641,1,0.0820499979272427,0.0820499979272427,-0.000614677788689733,-0.607938289642334,1.67682535466679e-06,278528
1642,1,0.0820999979259796,0.0820999979259796,-0.000606959220021963,-0.610736668109894,1.64647739443234e-06,278528
1643,1,0.0821499979247164,0.0821499979247164,-0.000598244776483625,-0.611669480800629,1.61656515636381e-06,278528
1644,1,0.0821999979234533,0.0821999979234533,-0.000591273244936019,-0.614778816699982,1.58700149486385e-06,278528
1645,1,0.0822499979221902,0.0822499979221902,-0.000582558684982359,-0.615711569786072,1.55787356135056e-06,278528
1646,1,0.0822999979209271,0.0822999979209271,-0.000573844241444021,-0.617266237735748,1.52918135000319e-06,278528
1647,1,0.082349997919664,0.082349997919664,-0.000564258312806487,-0.618199050426483,1.50096843507558e-06,278528
1648,1,0.0823999979184009,0.0823999979184009,-0.000554672384168953,-0.620064616203308,1.47323481656775e-06,278528
1649,1,0.0824499979171378,0.0824499979171378,-0.000544837443158031,-0.62068647146225,1.44599294509803e-06,278528
1650,1,0.0824999979158747,0.0824999979158747,-0.000535625033080578,-0.62348484992981,1.41921169412055e-06,278528
1651,1,0.0825499979146116,0.0825499979146116,-0.000524669711012393,-0.6244176030159,1.39297820923265e-06,278528
1652,1,0.0825999979133485,0.0825999979133485,-0.000514959276188165,-0.625972270965576,1.36723024607369e-06,278528
1653,1,0.0826499979120854,0.0826499979120854,-0.000504875381011516,-0.626283228397369,1.34198647766082e-06,278528
1654,1,0.0826999979108223,0.0826999979108223,-0.000492177146952599,-0.628459751605988,1.31737762093487e-06,278528
1655,1,0.0827499979095592,0.0827499979095592,-0.000482466770336032,-0.628459751605988,1.29325428302747e-06,278528
1656,1,0.0827999979082961,0.0827999979082961,-0.000471013452624902,-0.629392504692078,1.26970361099117e-06,278528
1657,1,0.082849997907033,0.082849997907033,-0.000460680574178696,-0.630014359951019,1.24666958286412e-06,278528
1658,1,0.0828999979057699,0.0828999979057699,-0.000449227256467566,-0.631569027900696,1.22420822060816e-06,278528
1659,1,0.0829499979045067,0.0829499979045067,-0.000436155562056229,-0.632501840591431,1.20240044305626e-06,278528
1660,1,0.0829999979032436,0.0829999979032436,-0.00042507570469752,-0.633123636245728,1.1811466583583e-06,278528
1661,1,0.0830499979019805,0.0830499979019805,-0.000413497909903526,-0.632812738418579,1.16047176338542e-06,278528
1662,1,0.0830999979007174,0.0830999979007174,-0.000401173165300861,-0.633745551109314,1.1404131056271e-06,278528
1663,1,0.0831499978994543,0.0831499978994543,-0.00038934638723731,-0.633745551109314,1.12094578675702e-06,278528
1664,1,0.0831999978981912,0.0831999978981912,-0.000377146119717509,-0.634367406368256,1.10208848124752e-06,278528
1665,1,0.0832499978969281,0.0832499978969281,-0.000365817279089242,-0.634989261627197,1.08379761775512e-06,278528
1666,1,0.083299997895665,0.083299997895665,-0.000352745613781735,-0.634056448936462,1.06616033751159e-06,278528
1667,1,0.0833499978944019,0.0833499978944019,-0.000340296333888546,-0.634678363800049,1.049145521247e-06,278528
1668,1,0.0833999978931388,0.0833999978931388,-0.000328843016177416,-0.634678363800049,1.03270337085349e-06,278528
1669,1,0.0834499978918757,0.0834499978918757,-0.00031514884904027,-0.634678363800049,1.01694592879954e-06,278528
1670,1,0.0834999978906126,0.0834999978906126,-0.00030232613789849,-0.63530021905899,1.00182962228649e-06,278528
1671,1,0.0835499978893495,0.0835499978893495,-0.000290623807813972,-0.634989261627197,9.87298432262877e-07,278528
1672,1,0.0835999978880864,0.0835999978880864,-0.000278174586128443,-0.634367406368256,9.73389703307819e-07,278528
1673,1,0.0836499978868233,0.0836499978868233,-0.000265351845882833,-0.634056448936462,9.60122111348845e-07,278528
1674,1,0.0836999978855602,0.0836999978855602,-0.00025277808890678,-0.633434653282166,9.47483207222792e-07,278528
1675,1,0.083749997884297,0.083749997884297,-0.000241200308664702,-0.632190942764282,9.35423192094218e-07,278528
1676,1,0.0837999978830339,0.0837999978830339,-0.0002290000411449,-0.632812738418579,9.23973190326225e-07,278528
1677,1,0.0838499978817708,0.0838499978817708,-0.000216052823816426,-0.632501840591431,9.13170549408301e-07,278528
1678,1,0.0838999978805077,0.0838999978805077,-0.000202483148314059,-0.630636215209961,9.03046392248356e-07,278528
1679,1,0.0839499978792446,0.0839499978792446,-0.00019090533896815,-0.629703462123871,8.93501125541082e-07,278528
1680,1,0.0839999978779815,0.0839999978779815,-0.000178954069269821,-0.629081547260284,8.84553422303629e-07,278528
1681,1,0.0840499978767184,0.0840499978767184,-0.00016575786867179,-0.627837836742401,8.76265529079409e-07,278528
1682,1,0.0840999978754553,0.0840999978754553,-0.000153682092786767,-0.626905083656311,8.68581424634188e-07,278528
1683,1,0.0841499978741922,0.0841499978741922,-0.000141232841997407,-0.625972270965576,8.6151978271271e-07,278528
1684,1,0.0841999978729291,0.0841999978729291,-0.000130277505377308,-0.625350415706635,8.55005907608398e-07,278528
1685,1,0.084249997871666,0.084249997871666,-0.000117205789138097,-0.622862994670868,8.49145618299537e-07,278528
1686,1,0.0842999978704029,0.0842999978704029,-0.000104507555079181,-0.622241139411926,8.43920240677582e-07,278528
1687,1,0.0843499978691398,0.0843499978691398,-9.31787362787873e-05,-0.620997369289398,8.39261303981337e-07,278528
1688,1,0.0843999978678767,0.0843999978678767,-8.0356010585092e-05,-0.619131803512573,8.35243503553581e-07,278528
1689,1,0.0844499978666136,0.0844499978666136,-6.94006739649922e-05,-0.617266237735748,8.31773469942992e-07,278528
1690,1,0.0844999978653505,0.0844999978653505,-5.73249017179478e-05,-0.616333425045013,8.28907224929502e-07,278528
1691,1,0.0845499978640873,0.0845499978640873,-4.59960829175543e-05,-0.61508971452713,8.26607420841722e-07,278528
1692,1,0.0845999978628242,0.0845999978628242,-3.41692975780461e-05,-0.61229133605957,8.24898956005979e-07,278528
1693,1,0.0846499978615611,0.0846499978615611,-2.23425104195485e-05,-0.610114812850952,8.23781830513223e-07,278528
1694,1,0.084699997860298,0.084699997860298,-9.7687698144e-06,-0.609182059764862,8.23293392034842e-07,278528
1695,1,0.0847499978590349,0.0847499978590349,1.18656907943659e-06,-0.607005536556244,8.23352720487315e-07,278528
1696,1,0.0847999978577718,0.0847999978577718,1.239089306182e-05,-0.604829013347626,8.23972265124755e-07,278528
1697,1,0.0848499978565087,0.0848499978565087,2.28482640522998e-05,-0.603585243225098,8.2511467829851e-07,278528
1698,1,0.0848999978552456,0.0848999978552456,3.36791126755998e-05,-0.602030634880066,8.2679863388975e-07,278528
1699,1,0.0849499978539825,0.0849499978539825,4.46344492956996e-05,-0.599232256412506,8.29030356298156e-07,278528
1700,1,0.0849999978527194,0.0849999978527194,5.58387728233356e-05,-0.59674483537674,8.31822294868793e-07,278528
1701,1,0.0850499978514563,0.0850499978514563,6.71675879857503e-05,-0.59394645690918,8.35180674183241e-07,278528
1702,1,0.0850999978501932,0.0850999978501932,7.66290177125484e-05,-0.592702746391296,8.39012124972077e-07,278528
1703,1,0.0851499978489301,0.0851499978489301,8.70863877935335e-05,-0.590215265750885,8.43366444251755e-07,278528
1704,1,0.085199997847667,0.085199997847667,9.81662233243696e-05,-0.586795032024384,8.48274755293979e-07,278528
1705,1,0.0852499978464039,0.0852499978464039,0.000107503154140431,-0.584618508815765,8.53649912865213e-07,278528
1706,1,0.0852999978451408,0.0852999978451408,0.000118209514766932,-0.582131087779999,8.59560388454248e-07,278528
1707,1,0.0853499978438776,0.0853499978438776,0.000128666884847917,-0.580265522003174,8.65993732534124e-07,278528
1708,1,0.0853999978426145,0.0853999978426145,0.000137754817842506,-0.576534330844879,8.7288147325225e-07,278528
1709,1,0.0854499978413514,0.0854499978413514,0.000147465252666734,-0.573424994945526,8.80254735699323e-07,278528
1710,1,0.0854999978400883,0.0854999978400883,0.000156304216943681,-0.571559429168701,8.88069946349078e-07,278528
1711,1,0.0855499978388252,0.0855499978388252,0.000166388097568415,-0.567828297615051,8.96389351017333e-07,278528
1712,1,0.0855999978375621,0.0855999978375621,0.000175351568032056,-0.566584587097168,9.05156929197448e-07,278528
1713,1,0.085649997836299,0.085649997836299,0.000184190532309003,-0.562853395938873,9.14366455580246e-07,278528
1714,1,0.0856999978350359,0.0856999978350359,0.000193278494407423,-0.560055017471313,9.24030380056486e-07,278528
1715,1,0.0857499978337728,0.0857499978337728,0.000202241950319149,-0.556634783744812,9.3414247731699e-07,278528
1716,1,0.0857999978325097,0.0857999978325097,0.00021070743969176,-0.554769217967987,9.44677849035432e-07,278528
1717,1,0.0858499978312466,0.0858499978312466,0.000219172914512455,-0.550727069377899,9.55636494484216e-07,278528
1718,1,0.0858999978299835,0.0858999978299835,0.000227015945711173,-0.548239648342133,9.6698729148303e-07,278528
1719,1,0.0859499978287204,0.0859499978287204,0.000235730432905257,-0.545130372047424,9.7877381283054e-07,278528
1720,1,0.0859999978274573,0.0859999978274573,0.000242702008108608,-0.541710138320923,9.90908912929412e-07,278528
1721,1,0.0860499978261942,0.0860499978261942,0.00025066951639019,-0.538911759853363,1.0034423884323e-06,278528
1722,1,0.0860999978249311,0.0860999978249311,0.000259010528679937,-0.535802483558655,1.01639291453914e-06,278528
1723,1,0.0861499978236679,0.0861499978236679,0.000266231072600931,-0.532382190227509,1.02970446783291e-06,278528
1724,1,0.0861999978224048,0.0861999978224048,0.000273202662356198,-0.5292729139328,1.04336460060563e-06,278528
1725,1,0.0862499978211417,0.0862499978211417,0.000281045679003,-0.525230765342712,1.05741688420079e-06,278528
1726,1,0.0862999978198786,0.0862999978198786,0.000287270318949595,-0.522121489048004,1.07178039978542e-06,278528
1727,1,0.0863499978186155,0.0863499978186155,0.00029486435232684,-0.519944965839386,1.08652361702932e-06,278528
1728,1,0.0863999978173524,0.0863999978173524,0.000301586929708719,-0.515281021595001,1.10160296313382e-06,278528
1729,1,0.0864499978160893,0.0864499978160893,0.000307687092572451,-0.512482643127441,1.1169873173738e-06,278528
1730,1,0.0864999978148262,0.0864999978148262,0.000313911674311385,-0.508751511573792,1.13268290069286e-06,278528
1731,1,0.0865499978135631,0.0865499978135631,0.000320509832818061,-0.505953133106232,1.14870839192893e-06,278528
1732,1,0.0865999978123,0.0865999978123,0.000326485431287438,-0.502843797206879,1.16503266308091e-06,278528
1733,1,0.0866499978110369,0.0866499978110369,0.000333083560690284,-0.498801738023758,1.18168684069471e-06,278528
1734,1,0.0866999978097738,0.0866999978097738,0.000337938778102398,-0.495070546865463,1.19858377917298e-06,278528
1735,1,0.0867499978085107,0.0867499978085107,0.000344038911862299,-0.492272198200226,1.21578572433153e-06,278528
1736,1,0.0867999978072476,0.0867999978072476,0.000349765556165949,-0.488230109214783,1.23327400169804e-06,278528
1737,1,0.0868499978059845,0.0868499978059845,0.000354745250660926,-0.485431700944901,1.251011263783e-06,278528
1738,1,0.0868999978047214,0.0868999978047214,0.000360596372047439,-0.481700569391251,1.2690410819299e-06,278528
1739,1,0.0869499978034582,0.0869499978034582,0.000366447522537783,-0.479834973812103,1.28736345759393e-06,278528
1740,1,0.0869999978021951,0.0869999978021951,0.000370929250493646,-0.47579288482666,1.30590991965009e-06,278528
1741,1,0.087049997800932,0.087049997800932,0.000376282434444875,-0.472372621297836,1.32472404089705e-06,278528
1742,1,0.0870999977996689,0.0870999977996689,0.000381262158043683,-0.468952387571335,1.34378714831766e-06,278528
1743,1,0.0871499977984058,0.0871499977984058,0.000386739848181605,-0.464599341154099,1.36312414023825e-06,278528
1744,1,0.0871999977971427,0.0871999977971427,0.000391346053220332,-0.462733805179596,1.38269144240495e-06,278528
1745,1,0.0872499977958796,0.0872499977958796,0.000396450224798173,-0.45838075876236,1.4025139531441e-06,278528
1746,1,0.0872999977946165,0.0872999977946165,0.000401927885832265,-0.455271452665329,1.42261034692804e-06,278528
1747,1,0.0873499977933534,0.0873499977933534,0.000406160659622401,-0.452473074197769,1.44291837939613e-06,278528
1748,1,0.0873999977920903,0.0873999977920903,0.000412509747548029,-0.448430985212326,1.46354386625249e-06,278528
1749,1,0.0874499977908272,0.0874499977908272,0.000417364964960143,-0.444388866424561,1.48441211397332e-06,278528
1750,1,0.0874999977895641,0.0874999977895641,0.000421722186729312,-0.441590517759323,1.50549822277711e-06,278528
1751,1,0.087549997788301,0.087549997788301,0.000426452927058563,-0.438170284032822,1.52682086859138e-06,278528
1752,1,0.0875999977870379,0.0875999977870379,0.000431681604823098,-0.436304688453674,1.54840494828727e-06,278528
1753,1,0.0876499977857748,0.0876499977857748,0.000436536822235212,-0.432573527097702,1.57023178884764e-06,278528
1754,1,0.0876999977845117,0.0876999977845117,0.000442014454165474,-0.429464250802994,1.59233251099761e-06,278528
1755,1,0.0877499977832485,0.0877499977832485,0.000446994177764282,-0.425733059644699,1.61468221932122e-06,278528
1756,1,0.0877999977819854,0.0877999977819854,0.000451226893346757,-0.42324560880661,1.63724356341861e-06,278528
1757,1,0.0878499977807223,0.0878499977807223,0.000456704583484679,-0.420136302709579,1.66007879201598e-06,278528
1758,1,0.0878999977794592,0.0878999977794592,0.000461933261249214,-0.41764885187149,1.68317545449497e-06,278528
1759,1,0.0879499977781961,0.0879499977781961,0.000467286474304274,-0.414228618144989,1.70653977761995e-06,278528
1760,1,0.087999997776933,0.087999997776933,0.000471768173156306,-0.4117411673069,1.73012818568187e-06,278528
1761,1,0.0880499977756699,0.0880499977756699,0.000476996880024672,-0.408320933580399,1.7539780290806e-06,278528
1762,1,0.0880999977744068,0.0880999977744068,0.000482723553432152,-0.403967916965485,1.77811420614248e-06,278528
1763,1,0.0881499977731437,0.0881499977731437,0.000486333825392649,-0.402724206447601,1.80243089679782e-06,278528
1764,1,0.0881999977718806,0.0881999977718806,0.000491935992613435,-0.398682087659836,1.82702769580713e-06,278528
1765,1,0.0882499977706175,0.0882499977706175,0.000497040164191276,-0.395883738994598,1.85187970338888e-06,278528
1766,1,0.0882999977693544,0.0882999977693544,0.000501770817209035,-0.394639998674393,1.87696824361554e-06,278528
1767,1,0.0883499977680913,0.0883499977680913,0.000505879172123969,-0.39090883731842,1.90226220158276e-06,278528
1768,1,0.0883999977668282,0.0883999977668282,0.000510485377162695,-0.388421416282654,1.92778646979609e-06,278528
1769,1,0.0884499977655651,0.0884499977655651,0.000514593615662307,-0.386866748332977,1.95351614992922e-06,278528
1770,1,0.088499997764302,0.088499997764302,0.000518328393809497,-0.384068369865417,1.97943256896499e-06,278528
1771,1,0.0885499977630388,0.0885499977630388,0.000522063113749027,-0.380648136138916,2.00553572399302e-06,278528
1772,1,0.0885999977617757,0.0885999977617757,0.000526793883182108,-0.379404425621033,2.03187541748673e-06,278528
1773,1,0.0886499977605126,0.0886499977605126,0.000529781740624458,-0.375984191894531,2.05836450384879e-06,278528
1774,1,0.0886999977592495,0.0886999977592495,0.000533018494024873,-0.374740481376648,2.08501542787677e-06,278528
1775,1,0.0887499977579864,0.0887499977579864,0.000536130741238594,-0.372253030538559,2.11182196426151e-06,278528
1776,1,0.0887999977567233,0.0887999977567233,0.000538496184162796,-0.370076507329941,2.13874677278947e-06,278528
1777,1,0.0888499977554602,0.0888499977554602,0.000541110523045063,-0.367589056491852,2.16580229825824e-06,278528
1778,1,0.0888999977541971,0.0888999977541971,0.000543102389201522,-0.363546937704086,2.19295741703232e-06,278528
1779,1,0.088949997752934,0.088949997752934,0.000544845301192254,-0.362303256988525,2.22019968140374e-06,278528
1780,1,0.0889999977516709,0.0889999977516709,0.000548704527318478,-0.36105951666832,2.24763490707659e-06,278528
1781,1,0.0890499977504078,0.0890499977504078,0.000548206618987024,-0.358882993459702,2.2750452373335e-06,278528
1782,1,0.0890999977491447,0.0890999977491447,0.000549700518604368,-0.357639253139496,2.30253026256939e-06,278528
1783,1,0.0891499977478816,0.0891499977478816,0.000550696451682597,-0.355773717164993,2.33006508445793e-06,278528
1784,1,0.0891999977466185,0.0891999977466185,0.000550322933122516,-0.354840904474258,2.35758123041894e-06,278528
1785,1,0.0892499977453554,0.0892499977453554,0.000551941338926554,-0.352353453636169,2.38517829666811e-06,278528
1786,1,0.0892999977440923,0.0892999977440923,0.000550945405848324,-0.351420670747757,2.41272556626462e-06,278528
1787,1,0.0893499977428291,0.0893499977428291,0.000551567878574133,-0.349244177341461,2.44030395949664e-06,278528
1788,1,0.089399997741566,0.089399997741566,0.000550073978956789,-0.348000437021255,2.46780765774968e-06,278528
1789,1,0.0894499977403029,0.0894499977403029,0.000546712661162019,-0.346134871244431,2.49514329011722e-06,278528
1790,1,0.0894999977390398,0.0894999977390398,0.00054745958186686,-0.346134871244431,2.52251626851906e-06,278528
1791,1,0.0895499977377767,0.0895499977377767,0.000545218819752336,-0.343647420406342,2.54977720881801e-06,278528
1792,1,0.0895999977365136,0.0895999977365136,0.00054235546849668,-0.342092782258987,2.57689498155779e-06,278528
1793,1,0.0896499977352505,0.0896499977352505,0.000540239096153527,-0.342714637517929,2.60390693568309e-06,278528
1794,1,0.0896999977339874,0.0896999977339874,0.000536504318006337,-0.340849041938782,2.63073215090575e-06,278528
1795,1,0.0897499977327243,0.0897499977327243,0.000533889979124069,-0.339916229248047,2.65742664918759e-06,278528
1796,1,0.0897999977314612,0.0897999977314612,0.000531649042386562,-0.339294373989105,2.68400910063539e-06,278528
1797,1,0.0898499977301981,0.0898499977301981,0.000526046904269606,-0.337428778409958,2.71031144518442e-06,278528
1798,1,0.089899997728935,0.089899997728935,0.000522187678143382,-0.337739735841751,2.73642082843201e-06,278528
1799,1,0.0899499977276719,0.0899499977276719,0.000516834494192153,-0.337428778409958,2.7622625524888e-06,278528
1800,1,0.0899999977264088,0.0899999977264088,0.000513099657837301,-0.337117880582809,2.78791753473256e-06,278528
1801,1,0.0900499977251457,0.0900499977251457,0.000505754665937275,-0.336495995521545,2.8132052673906e-06,278528
1802,1,0.0900999977238826,0.0900999977238826,0.000500401481986046,-0.335252285003662,2.83822534085785e-06,278528
1803,1,0.0901499977226194,0.0901499977226194,0.000494301319122314,-0.335874140262604,2.86294040618961e-06,278528
1804,1,0.0901999977213563,0.0901999977213563,0.000487205281388015,-0.335563242435455,2.88730066964362e-06,278528
1805,1,0.0902499977200932,0.0902499977200932,0.000481603085063398,-0.334941357374191,2.91138082328847e-06,278528
1806,1,0.0902999977188301,0.0902999977188301,0.000472266168799251,-0.33463042974472,2.93499413113191e-06,278528
1807,1,0.090349997717567,0.090349997717567,0.000465917022665963,-0.335563242435455,2.95828998167671e-06,278528
1808,1,0.0903999977163039,0.0903999977163039,0.000458198512205854,-0.335252285003662,2.98119990670824e-06,278528
1809,1,0.0904499977150408,0.0904499977150408,0.000448239123215899,-0.335252285003662,3.00361186230287e-06,278528
1810,1,0.0904999977137777,0.0904999977137777,0.000441267504356802,-0.335563242435455,3.02567523696334e-06,278528
1811,1,0.0905499977125146,0.0905499977125146,0.000431806081905961,-0.336495995521545,3.04726554051322e-06,278528
1812,1,0.0905999977112515,0.0905999977112515,0.000422095676185563,-0.337117880582809,3.06837032378935e-06,278528
1813,1,0.0906499977099884,0.0906499977099884,0.00041288323700428,-0.336806952953339,3.08901448511804e-06,278528
1814,1,0.0906999977087253,0.0906999977087253,0.00040242588147521,-0.337739735841751,3.1091357786835e-06,278528
1815,1,0.0907499977074622,0.0907499977074622,0.000392964429920539,-0.338361591100693,3.12878399968317e-06,278528
1816,1,0.0907999977061991,0.0907999977061991,0.000383378530386835,-0.3380506336689,3.14795292571826e-06,278528
1817,1,0.090849997704936,0.090849997704936,0.000370431283954531,-0.3380506336689,3.1664744894481e-06,278528
1818,1,0.0908999977036729,0.0908999977036729,0.000360720878234133,-0.339605331420898,3.18451053290417e-06,278528
1819,1,0.0909499977024097,0.0909499977024097,0.000348769593983889,-0.342092782258987,3.20194901216284e-06,278528
1820,1,0.0909999977011466,0.0909999977011466,0.000337938778102398,-0.342092782258987,3.2188459506411e-06,278528
1821,1,0.0910499976998835,0.0910499976998835,0.000326609937474132,-0.343336492776871,3.23517644710227e-06,278528
1822,1,0.0910999976986204,0.0910999976986204,0.000313413765979931,-0.344269275665283,3.25084713500539e-06,278528
1823,1,0.0911499976973573,0.0911499976973573,0.000302333908621222,-0.345202058553696,3.26596383005457e-06,278528
1824,1,0.0911999976960942,0.0911999976960942,0.000289262185106054,-0.347067624330521,3.2804269389445e-06,278528
1825,1,0.0912499976948311,0.0912499976948311,0.000276190490694717,-0.348000437021255,3.29423646313038e-06,278528
1826,1,0.091299997693568,0.091299997693568,0.000263367750449106,-0.349244177341461,3.30740485032017e-06,278528
1827,1,0.0913499976923049,0.0913499976923049,0.000250420533120632,-0.352042526006699,3.3199258766599e-06,278528
1828,1,0.0913999976910418,0.0913999976910418,0.000237348809605464,-0.352353453636169,3.33179331684037e-06,278528
1829,1,0.0914499976897787,0.0914499976897787,0.000223530165385455,-0.353597164154053,3.3429698248273e-06,278528
1830,1,0.0914999976885156,0.0914999976885156,0.000209835983696394,-0.356084614992142,3.35346162374708e-06,278528
1831,1,0.0915499976872525,0.0915499976872525,0.000195145883481018,-0.357639253139496,3.36321891767464e-06,278528
1832,1,0.0915999976859894,0.0915999976859894,0.000181949668331072,-0.358882993459702,3.37231640086137e-06,278528
1833,1,0.0916499976847263,0.0916499976847263,0.000168131009559147,-0.360437661409378,3.38072295112696e-06,278528
1834,1,0.0916999976834632,0.0916999976834632,0.000152942913700826,-0.36385789513588,3.38837009661882e-06,278528
1835,1,0.0917499976822,0.0917499976822,0.000138128307298757,-0.365723490715027,3.39527651180929e-06,278528
1836,1,0.0917999976809369,0.0917999976809369,0.000123936173622496,-0.367278128862381,3.40147332033387e-06,278528
1837,1,0.0918499976796738,0.0918499976796738,0.000109370535938069,-0.368210941553116,3.40694184699262e-06,278528
1838,1,0.0918999976784107,0.0918999976784107,9.50539106270298e-05,-0.371631145477295,3.41169454240391e-06,278528
1839,1,0.0919499976771476,0.0919499976771476,7.97413376858458e-05,-0.373807668685913,3.41568160918748e-06,278528
1840,1,0.0919999976758845,0.0919999976758845,6.43042658339255e-05,-0.377538830041885,3.41889682239796e-06,278528
1841,1,0.0920499976746214,0.0920499976746214,4.94896557938773e-05,-0.377849757671356,3.42137130512514e-06,278528
1842,1,0.0920999976733583,0.0920999976733583,3.49240362993442e-05,-0.380337208509445,3.42311750689599e-06,278528
1843,1,0.0921499976720952,0.0921499976720952,1.78685622813646e-05,-0.383135586977005,3.42401093498749e-06,278528
1844,1,0.0921999976708321,0.0921999976708321,4.2988817767764e-06,-0.385933965444565,3.4242258790709e-06,278528
1845,1,0.092249997669569,0.092249997669569,-1.21341281555942e-05,-0.388421416282654,3.42361917267845e-06,278528
1846,1,0.0922999976683059,0.0922999976683059,-2.65752587438328e-05,-0.39090883731842,3.42229040977482e-06,278528
1847,1,0.0923499976670428,0.0923499976670428,-4.21368204115424e-05,-0.392463505268097,3.42018356880747e-06,278528
1848,1,0.0923999976657797,0.0923999976657797,-5.84453337069135e-05,-0.395883738994598,3.41726130219595e-06,278528
1849,1,0.0924499976645166,0.0924499976645166,-7.2512986662332e-05,-0.398682087659836,3.41363565295442e-06,278528
1850,1,0.0924999976632535,0.0924999976632535,-8.9692955953069e-05,-0.401791393756866,3.40915100527006e-06,278528
1851,1,0.0925499976619903,0.0925499976619903,-0.000104507555079181,-0.404278844594955,3.40392562764811e-06,278528
1852,1,0.0925999976607272,0.0925999976607272,-0.000119695636385586,-0.407699078321457,3.39794084598001e-06,278528
1853,1,0.0926499976594641,0.0926499976594641,-0.000134883724967949,-0.410497456789017,3.39119665990199e-06,278528
1854,1,0.092699997658201,0.092699997658201,-0.000149947314639576,-0.413606762886047,3.38369929435941e-06,278528
1855,1,0.0927499976569379,0.0927499976569379,-0.000165135395945981,-0.418270707130432,3.37544252477069e-06,278528
1856,1,0.0927999976556748,0.0927999976556748,-0.000180572460521944,-0.419825375080109,3.36641390197268e-06,278528
1857,1,0.0928499976544117,0.0928499976544117,-0.000196507506188937,-0.422001898288727,3.35658852691144e-06,278528
1858,1,0.0928999976531486,0.0928999976531486,-0.000212069062399678,-0.425733059644699,3.34598507405932e-06,278528
1859,1,0.0929499976518855,0.0929499976518855,-0.000226759177166969,-0.42884236574173,3.3346471154874e-06,278528
1860,1,0.0929999976506224,0.0929999976506224,-0.000242445225012489,-0.430707931518555,3.32252485454301e-06,278528
1861,1,0.0930499976493593,0.0930499976493593,-0.000257508858339861,-0.435371905565262,3.30964941195127e-06,278528
1862,1,0.0930999976480962,0.0930999976480962,-0.000272198929451406,-0.437859326601028,3.29603946582252e-06,278528
1863,1,0.0931499976468331,0.0931499976468331,-0.000286640075501055,-0.441901445388794,3.28170746240952e-06,278528
1864,1,0.09319999764557,0.09319999764557,-0.000300334242638201,-0.444077968597412,3.26669075065697e-06,278528
1865,1,0.0932499976443069,0.0932499976443069,-0.000315522338496521,-0.448430985212326,3.25091463413068e-06,278528
1866,1,0.0932999976430438,0.0932999976430438,-0.000330087961629033,-0.451229363679886,3.23441023646617e-06,278528
1867,1,0.0933499976417806,0.0933499976417806,-0.000343782128766179,-0.454960525035858,3.21722113046209e-06,278528
1868,1,0.0933999976405175,0.0933999976405175,-0.000358472228981555,-0.458069801330566,3.1992975194658e-06,278528
1869,1,0.0934499976392544,0.0934499976392544,-0.000372788868844509,-0.459313541650772,3.18065807649445e-06,278528
1870,1,0.0934999976379913,0.0934999976379913,-0.000386234081815928,-0.465221226215363,3.16134637289151e-06,278528
1871,1,0.0935499976367282,0.0935499976367282,-0.00039980374276638,-0.468641489744186,3.14135618625818e-06,278528
1872,1,0.0935999976354651,0.0935999976354651,-0.000413871428463608,-0.471128880977631,3.12066261535776e-06,278528
1873,1,0.093649997634202,0.093649997634202,-0.000425947189796716,-0.474860072135925,3.09936525640594e-06,278528
1874,1,0.0936999976329389,0.0936999976329389,-0.000440014817286283,-0.478591233491898,3.07736451609742e-06,278528
1875,1,0.0937499976316758,0.0937499976316758,-0.000451966101536527,-0.481389611959457,3.05476621159147e-06,278528
1876,1,0.0937999976304127,0.0937999976304127,-0.000464290846139193,-0.485431700944901,3.03155166987096e-06,278528
1877,1,0.0938499976291496,0.0938499976291496,-0.000476740096928552,-0.488230109214783,3.00771466562671e-06,278528
1878,1,0.0938999976278865,0.0938999976278865,-0.000488815829157829,-0.492894053459167,2.98327387478624e-06,278528
1879,1,0.0939499976266234,0.0939499976266234,-0.000500891590490937,-0.495692402124405,2.95822929589437e-06,278528
1880,1,0.0939999976253603,0.0939999976253603,-0.000512594007886946,-0.4994235932827,2.93259959614749e-06,278528
1881,1,0.0940499976240972,0.0940499976240972,-0.000522926857229322,-0.502221941947937,2.90645325394653e-06,278528
1882,1,0.0940999976228341,0.0940999976228341,-0.000535251572728157,-0.505020320415497,2.8796906759862e-06,278528
1883,1,0.0941499976215709,0.0941499976215709,-0.000544837443158031,-0.50906240940094,2.85244880451649e-06,278528
1884,1,0.0941999976203078,0.0941999976203078,-0.000554672384168953,-0.511549830436707,2.82471518600865e-06,278528
1885,1,0.0942499976190447,0.0942499976190447,-0.00056400935864076,-0.515281021595001,2.79651471878902e-06,278528
1886,1,0.0942999976177816,0.0942999976177816,-0.000573844241444021,-0.518390357494354,2.76782250744164e-06,278528
1887,1,0.0943499976165185,0.0943499976165185,-0.000583430111873895,-0.521810591220856,2.73865100258488e-06,278528
1888,1,0.0943999976152554,0.0943999976152554,-0.000592144671827555,-0.525230765342712,2.70904376974145e-06,278528
1889,1,0.0944499976139923,0.0944499976139923,-0.000600859173573554,-0.528651058673859,2.67900081182172e-06,278528
1890,1,0.0944999976127292,0.0944999976127292,-0.00060820416547358,-0.531760334968567,2.64859060431627e-06,278528
1891,1,0.0945499976114661,0.0945499976114661,-0.000615051307249814,-0.535491526126862,2.61783803973065e-06,278528
1892,1,0.094599997610203,0.094599997610203,-0.000621649320237339,-0.53860080242157,2.58675557450399e-06,278528
1893,1,0.0946499976089399,0.0946499976089399,-0.000628745416179299,-0.541088283061981,2.5553183044892e-06,278528
1894,1,0.0946999976076768,0.0946999976076768,-0.000635219097603112,-0.544819414615631,2.52355735041139e-06,278528
1895,1,0.0947499976064137,0.0947499976064137,-0.000639825302641839,-0.548239648342133,2.49156608608747e-06,278528
1896,1,0.0947999976051506,0.0947999976051506,-0.000646049913484603,-0.550727069377899,2.45926359122927e-06,278528
1897,1,0.0948499976038875,0.0948499976038875,-0.000650033645797521,-0.554769217967987,2.42676190976045e-06,278528
1898,1,0.0948999976026244,0.0948999976026244,-0.000653394963592291,-0.556323826313019,2.39409216240615e-06,278528
1899,1,0.0949499976013612,0.0949499976013612,-0.000657378695905209,-0.559122204780579,2.36122322844122e-06,278528
1900,1,0.0949999976000981,0.0949999976000981,-0.000661237922031432,-0.561920642852783,2.32816133317487e-06,278528
1901,1,0.095049997598835,0.095049997598835,-0.000662856386043131,-0.565962731838226,2.29501851470997e-06,278528
1902,1,0.0950999975975719,0.0950999975975719,-0.000664599298033863,-0.568450152873993,2.26178855064773e-06,278528
1903,1,0.0951499975963088,0.0951499975963088,-0.000666093197651207,-0.571248531341553,2.22848389160652e-06,278528
1904,1,0.0951999975950457,0.0951999975950457,-0.000666840118356049,-0.574046909809113,2.19514188653101e-06,278528
1905,1,0.0952499975937826,0.0952499975937826,-0.000666964624542743,-0.576845228672028,2.16179365614632e-06,278528
1906,1,0.0952999975925195,0.0952999975925195,-0.000665719737298787,-0.578710854053497,2.12850767012225e-06,278528
1907,1,0.0953499975912564,0.0953499975912564,-0.000664972816593945,-0.581820130348206,2.09525903013249e-06,278528
1908,1,0.0953999975899933,0.0953999975899933,-0.000662980834022164,-0.584307610988617,2.06210998926879e-06,278528
1909,1,0.0954499975887302,0.0954499975887302,-0.000661860452964902,-0.586795032024384,2.02901696745655e-06,278528
1910,1,0.0954999975874671,0.0954999975874671,-0.000659993034787476,-0.589904308319092,1.99601731655082e-06,278528
1911,1,0.095549997586204,0.095549997586204,-0.000655013369396329,-0.591458976268768,1.96326664890835e-06,278528
1912,1,0.0955999975849409,0.0955999975849409,-0.000652274524327368,-0.59394645690918,1.93065292351588e-06,278528
1913,1,0.0956499975836778,0.0956499975836778,-0.000647917273454368,-0.596433877944946,1.89825706066155e-06,278528
1914,1,0.0956999975824147,0.0956999975824147,-0.00064393354114145,-0.598610401153564,1.86606038441783e-06,278528
1915,1,0.0957499975811515,0.0957499975811515,-0.000639451784081757,-0.601408779621124,1.83408779602144e-06,278528
1916,1,0.0957999975798884,0.0957999975798884,-0.000632729206699878,-0.603896200656891,1.80245133648565e-06,278528
1917,1,0.0958499975786253,0.0958499975786253,-0.000626504595857114,-0.604518055915833,1.77112610748413e-06,278528
1918,1,0.0958999975773622,0.0958999975773622,-0.000620030972640961,-0.607005536556244,1.74012455963525e-06,278528
1919,1,0.0959499975760991,0.0959499975760991,-0.000612934876699001,-0.60949295759201,1.7094778165745e-06,278528
1920,1,0.095999997574836,0.095999997574836,-0.000606087793130428,-0.609803915023804,1.67917342768353e-06,278528
1921,1,0.0960499975735729,0.0960499975735729,-0.000596626428887248,-0.613224148750305,1.64934210699277e-06,278528
1922,1,0.0960999975723098,0.0960999975723098,-0.00058965478092432,-0.614467859268188,1.61985936869136e-06,278528
1923,1,0.0961499975710467,0.0961499975710467,-0.000581687258090824,-0.615400671958923,1.59077500652155e-06,278528
1924,1,0.0961999975697836,0.0961999975697836,-0.000572972756344825,-0.617577135562897,1.56212636942803e-06,278528
1925,1,0.0962499975685205,0.0962499975685205,-0.000563262321520597,-0.619131803512573,1.53396325406346e-06,278528
1926,1,0.0962999975672574,0.0962999975672574,-0.000553427438717335,-0.619753658771515,1.50629188282663e-06,278528
1927,1,0.0963499975659943,0.0963499975659943,-0.000545335467904806,-0.622241139411926,1.47902511012021e-06,278528
1928,1,0.0963999975647312,0.0963999975647312,-0.000536122999619693,-0.622862994670868,1.4522189608164e-06,278528
1929,1,0.0964499975634681,0.0964499975634681,-0.000523922732099891,-0.624728560447693,1.42602282487318e-06,278528
1930,1,0.096499997562205,0.096499997562205,-0.000513465376570821,-0.626594126224518,1.4003495566932e-06,278528
1931,1,0.0965499975609418,0.0965499975609418,-0.000503008021041751,-0.626905083656311,1.37519915627647e-06,278528
1932,1,0.0965999975596787,0.0965999975596787,-0.000492301653139293,-0.627837836742401,1.35058407424133e-06,278528
1933,1,0.0966499975584156,0.0966499975584156,-0.000481470837257802,-0.629392504692078,1.32651053298659e-06,278528
1934,1,0.0966999975571525,0.0966999975571525,-0.000470391009002924,-0.629703462123871,1.3029909831306e-06,278528
1935,1,0.0967499975558894,0.0967499975558894,-0.000459311151644215,-0.631258130073547,1.28002542612854e-06,278528
1936,1,0.0967999975546263,0.0967999975546263,-0.000447110884124413,-0.632190942764282,1.25766988248707e-06,278528
1937,1,0.0968499975533632,0.0968499975533632,-0.000435782072599977,-0.632812738418579,1.23588077940751e-06,278528
1938,1,0.0968999975521001,0.0968999975521001,-0.000424453231971711,-0.633123636245728,1.21465811834506e-06,278528
1939,1,0.096949997550837,0.096949997550837,-0.000411755056120455,-0.633745551109314,1.19407036605912e-06,278528
1940,1,0.0969999975495739,0.0969999975495739,-0.000400052726035938,-0.633434653282166,1.17406773026264e-06,278528
1941,1,0.0970499975483108,0.0970499975483108,-0.000388350454159081,-0.634367406368256,1.15465020804521e-06,278528
1942,1,0.0970999975470477,0.0970999975470477,-0.0003765236469917,-0.634367406368256,1.13582402617121e-06,278528
1943,1,0.0971499975457846,0.0971499975457846,-0.00036270500277169,-0.634678363800049,1.11768877649076e-06,278528
1944,1,0.0971999975445215,0.0971999975445215,-0.000351002672687173,-0.634367406368256,1.10013864329976e-06,278528
1945,1,0.0972499975432584,0.0972499975432584,-0.00033942487789318,-0.63530021905899,1.08316739983383e-06,278528
1946,1,0.0972999975419953,0.0972999975419953,-0.000327224639477208,-0.634989261627197,1.06680616827329e-06,278528
1947,1,0.0973499975407321,0.0973499975407321,-0.000315273355226964,-0.634367406368256,1.05104250091017e-06,278528
1948,1,0.097399997539469,0.097399997539469,-0.00030232613789849,-0.634056448936462,1.03592619439711e-06,278528
1949,1,0.0974499975382059,0.0974499975382059,-0.000290125870378688,-0.63530021905899,1.02141990124464e-06,278528
1950,1,0.0974999975369428,0.0974999975369428,-0.000276307197054848,-0.634367406368256,1.0076045417409e-06,278528
1951,1,0.0975499975356797,0.0975499975356797,-0.000265102833509445,-0.634056448936462,9.9434940040028e-07,278528
1952,1,0.0975999975344166,0.0975999975344166,-0.00025240465765819,-0.634056448936462,9.81729167836184e-07,278528
1953,1,0.0976499975331535,0.0976499975331535,-0.00023895944468677,-0.633123636245728,9.69781195903677e-07,278528
1954,1,0.0976999975318904,0.0976999975318904,-0.000227879601879977,-0.631879925727844,9.58387216097514e-07,278528
1955,1,0.0977499975306273,0.0977499975306273,-0.000214434432564303,-0.630325317382813,9.47665494740153e-07,278528
1956,1,0.0977999975293642,0.0977999975293642,-0.000203105606487952,-0.630014359951019,9.37510214672299e-07,278528
1957,1,0.0978499975281011,0.0978499975281011,-0.000189784899703227,-0.629081547260284,9.28020969926856e-07,278528
1958,1,0.097899997526838,0.097899997526838,-0.00017758464673534,-0.629392504692078,9.19141737814397e-07,278528
1959,1,0.0979499975255749,0.0979499975255749,-0.000165384393767454,-0.628770649433136,9.10872518334923e-07,278528
1960,1,0.0979999975243118,0.0979999975243118,-0.000152312670252286,-0.626594126224518,9.03256885014695e-07,278528
1961,1,0.0980499975230487,0.0980499975230487,-0.000141730808536522,-0.625350415706635,8.9617034476689e-07,278528
1962,1,0.0980999975217856,0.0980999975217856,-0.000129406063933857,-0.6244176030159,8.89700041733651e-07,278528
1963,1,0.0981499975205224,0.0981499975205224,-0.000116085357149132,-0.62348484992981,8.83895774022823e-07,278528
1964,1,0.0981999975192593,0.0981999975192593,-0.000103511607449036,-0.622241139411926,8.78720193781117e-07,278528
1965,1,0.0982499975179962,0.0982499975179962,-9.19338126550429e-05,-0.620064616203308,8.74123503264487e-07,278528
1966,1,0.0982999975167331,0.0982999975167331,-8.0605001130607e-05,-0.618820905685425,8.7009325330977e-07,278528
1967,1,0.09834999751547,0.09834999751547,-6.81557503412478e-05,-0.61788809299469,8.66685465878795e-07,278528
1968,1,0.0983999975142069,0.0983999975142069,-5.60799780942034e-05,-0.615400671958923,8.6388146704492e-07,278528
1969,1,0.0984499975129438,0.0984499975129438,-4.51246341981459e-05,-0.613846004009247,8.6162523539201e-07,278528
1970,1,0.0984999975116807,0.0984999975116807,-3.36713310389314e-05,-0.611980378627777,8.59941668882594e-07,278528
1971,1,0.0985499975104176,0.0985499975104176,-2.19690355152125e-05,-0.610114812850952,8.58843217134582e-07,278528
1972,1,0.0985999975091545,0.0985999975091545,-9.39529309107456e-06,-0.608560144901276,8.58373452491896e-07,278528
1973,1,0.0986499975078914,0.0986499975078914,1.56004648488306e-06,-0.606383681297302,8.58451454814169e-07,278528
1974,1,0.0986999975066283,0.0986999975066283,1.16439387056744e-05,-0.604829013347626,8.59033651734746e-07,278528
1975,1,0.0987499975053652,0.0987499975053652,2.3844200768508e-05,-0.602963387966156,8.60225861743053e-07,278528
1976,1,0.0987999975041021,0.0987999975041021,3.52975112036802e-05,-0.600786924362183,8.61990737258653e-07,278528
1977,1,0.098849997502839,0.098849997502839,4.5505898015108e-05,-0.598299443721771,8.64266032101929e-07,278528
1978,1,0.0988999975015759,0.0988999975015759,5.62122513656504e-05,-0.595812022686005,8.6707664459921e-07,278528
1979,1,0.0989499975003127,0.0989499975003127,6.67941130814143e-05,-0.593013644218445,8.70416350168913e-07,278528
1980,1,0.0989999974990496,0.0989999974990496,7.81229318818077e-05,-0.590837121009827,8.74322496664325e-07,278528
1981,1,0.0990499974977865,0.0990499974977865,8.79578365129419e-05,-0.58928245306015,8.78720388378872e-07,278528
1982,1,0.0990999974965234,0.0990999974965234,9.87886887742206e-05,-0.5855513215065,8.83659822692803e-07,278528
1983,1,0.0991499974952603,0.0991499974952603,0.000108872576674912,-0.583996653556824,8.89103451389031e-07,278528
1984,1,0.0991999974939972,0.0991999974939972,0.000118085015856195,-0.581820130348206,8.95007702032687e-07,278528
1985,1,0.0992499974927341,0.0992499974927341,0.000129164851387031,-0.579332709312439,9.01465944438889e-07,278528
1986,1,0.099299997491471,0.099299997491471,0.000137754817842506,-0.576223373413086,9.08353685157015e-07,278528
1987,1,0.0993499974902079,0.0993499974902079,0.0001488346606493,-0.572181284427643,9.15795418001486e-07,278528
1988,1,0.0993999974889448,0.0993999974889448,0.000157673624926247,-0.570626676082611,9.2367909904864e-07,278528
1989,1,0.0994499974876817,0.0994499974876817,0.000166388097568415,-0.567828297615051,9.31998503716895e-07,278528
1990,1,0.0994999974864186,0.0994999974864186,0.000176471992745064,-0.563475251197815,9.40822103131245e-07,278528
1991,1,0.0995499974851555,0.0995499974851555,0.000185186479939148,-0.562231540679932,9.50081426894293e-07,278528
1992,1,0.0995999974838924,0.0995999974838924,0.000193900952581316,-0.55974406003952,9.59776474278441e-07,278528
1993,1,0.0996499974826293,0.0996499974826293,0.000203237883397378,-0.555701971054077,9.69938368191599e-07,278528
1994,1,0.0996999974813662,0.0996999974813662,0.000211703358218074,-0.553836405277252,9.80523535835099e-07,278528
1995,1,0.099749997480103,0.099749997480103,0.000220044370507821,-0.550727069377899,9.9152575408255e-07,278528
1996,1,0.0997999974788399,0.0997999974788399,0.000227638403885067,-0.547617793083191,1.00290767398927e-06,278528
1997,1,0.0998499974775768,0.0998499974775768,0.000235979416174814,-0.543886661529541,1.01470664449995e-06,278528
1998,1,0.0998999974763137,0.0998999974763137,0.00024494287208654,-0.541710138320923,1.02695378779488e-06,278528
1999,1,0.0999499974750506,0.0999499974750506,0.000251914461841807,-0.53860080242157,1.03954951056878e-06,278528
2000,1,0.0999999974737875,0.0999999974737875,0.000259135005762801,-0.534247756004333,1.0525062605296e-06,278528
2001,1,0.100049997472524,0.100049997472524,0.00026722700567916,-0.530827581882477,1.06586761047603e-06,278528
2002,1,0.100099997471261,0.100099997471261,0.000275194528512657,-0.527718245983124,1.07962733655406e-06,278528
2003,1,0.100149997469998,0.100149997469998,0.000280921201920137,-0.525852680206299,1.09367339629523e-06,278528
2004,1,0.100199997468735,0.100199997468735,0.000288266252027825,-0.521188676357269,1.10808670853251e-06,278528
2005,1,0.100249997467472,0.100249997467472,0.0002958603145089,-0.517146587371826,1.12287972388426e-06,278528
2006,1,0.100299997466209,0.100299997466209,0.000302084925351664,-0.514970123767853,1.13798396977027e-06,278528
2007,1,0.100349997464946,0.100349997464946,0.000308309536194429,-0.512171685695648,1.15339944619057e-06,278528
2008,1,0.100399997463683,0.100399997463683,0.000314907665597275,-0.506574988365173,1.16914482907267e-06,278528
2009,1,0.10044999746242,0.10044999746242,0.000320758816087618,-0.50533127784729,1.1851827694719e-06,278528
2010,1,0.100499997461156,0.100499997461156,0.000327107904013246,-0.501289188861847,1.20153816425939e-06,278528
2011,1,0.100549997459893,0.100549997459893,0.000333332543959841,-0.498179852962494,1.21820479103635e-06,278528
2012,1,0.10059999745863,0.10059999745863,0.000338312238454819,-0.495692402124405,1.23512040253176e-06,278528
2013,1,0.100649997457367,0.100649997457367,0.000343789899488911,-0.49102845788002,1.25230989707196e-06,278528
2014,1,0.100699997456104,0.100699997456104,0.000350263522705063,-0.488541007041931,1.2698230727648e-06,278528
2015,1,0.100749997454841,0.100749997454841,0.00035486975684762,-0.48512077331543,1.28756656015894e-06,278528
2016,1,0.100799997453578,0.100799997453578,0.000361716840416193,-0.481078684329987,1.30565240172286e-06,278528
2017,1,0.100849997452315,0.100849997452315,0.000366074062185362,-0.477969378232956,1.32395610436974e-06,278528
2018,1,0.100899997451052,0.100899997451052,0.000371427246136591,-0.475171029567719,1.34252746620742e-06,278528
2019,1,0.100949997449788,0.100949997449788,0.000376531417714432,-0.470507025718689,1.36135403661754e-06,278528
2020,1,0.100999997448525,0.100999997448525,0.00038151114131324,-0.467086791992188,1.38042959320131e-06,278528
2021,1,0.101049997447262,0.101049997447262,0.000387237756513059,-0.463977485895157,1.39979148053784e-06,278528
2022,1,0.101099997445999,0.101099997445999,0.000392093003029004,-0.459935396909714,1.41939613019404e-06,278528
2023,1,0.101149997444736,0.101149997444736,0.000396574760088697,-0.456826090812683,1.43922486769756e-06,278528
2024,1,0.101199997443473,0.101199997443473,0.000402799341827631,-0.454027712345123,1.45936483428016e-06,278528
2025,1,0.10124999744221,0.10124999744221,0.000405911676352844,-0.451540261507034,1.47966041758509e-06,278528
2026,1,0.101299997440947,0.101299997440947,0.000412011781008914,-0.447187274694443,1.50026100611512e-06,278528
2027,1,0.101349997439684,0.101349997439684,0.0004176139482297,-0.444388866424561,1.52114170299912e-06,278528
2028,1,0.101399997438421,0.101399997438421,0.000421846692916006,-0.441279590129852,1.54223403711208e-06,278528
2029,1,0.101449997437157,0.101449997437157,0.000428071332862601,-0.43754842877388,1.56363760321451e-06,278528
2030,1,0.101499997435894,0.101499997435894,0.000431930588092655,-0.43475005030632,1.58523413207357e-06,278528
2031,1,0.101549997434631,0.101549997434631,0.000437781738582999,-0.431018888950348,1.60712321844976e-06,278528
2032,1,0.101599997433368,0.101599997433368,0.000443010445451364,-0.428531438112259,1.62927374016275e-06,278528
2033,1,0.101649997432105,0.101649997432105,0.00044761665049009,-0.424489349126816,1.65165457212187e-06,278528
2034,1,0.101699997430842,0.101699997430842,0.000453716784249991,-0.422312825918198,1.67434041076128e-06,278528
2035,1,0.101749997429579,0.101749997429579,0.000457327056210488,-0.419203519821167,1.69720676299415e-06,278528
2036,1,0.101799997428316,0.101799997428316,0.000463178206700832,-0.416094213724136,1.72036567274415e-06,278528
2037,1,0.101849997427053,0.101849997427053,0.000467784440843388,-0.413917720317841,1.74375489419546e-06,278528
2038,1,0.101899997425789,0.101899997425789,0.00047326207277365,-0.409875631332397,1.76741799723636e-06,278528
2039,1,0.101949997424526,0.101949997424526,0.000478117290185764,-0.407388180494308,1.79132386114173e-06,278528
2040,1,0.101999997423263,0.101999997423263,0.000482972507597879,-0.404278844594955,1.81547248591158e-06,278528
2041,1,0.102049997422,0.102049997422,0.000487329758470878,-0.401169538497925,1.83983897321958e-06,278528
2042,1,0.102099997420737,0.102099997420737,0.000493305386044085,-0.399303942918777,1.86450424189868e-06,278528
2043,1,0.102149997419474,0.102149997419474,0.000497289176564664,-0.395572811365128,1.88936870009879e-06,278528
2044,1,0.102199997418211,0.102199997418211,0.000501770817209035,-0.393085360527039,1.91445724032545e-06,278528
2045,1,0.102249997416948,0.102249997416948,0.000506750599015504,-0.389976054430008,1.93979476963615e-06,278528
2046,1,0.102299997415685,0.102299997415685,0.000510609825141728,-0.388110458850861,1.96532526024828e-06,278528
2047,1,0.102349997414422,0.102349997414422,0.000515589548740536,-0.385312110185623,1.99110473703406e-06,278528
2048,1,0.102399997413158,0.102399997413158,0.000518701854161918,-0.383135586977005,2.01703982908698e-06,278528
2049,1,0.102449997411895,0.102449997411895,0.000522685644682497,-0.379715323448181,2.0431741106609e-06,278528
2050,1,0.102499997410632,0.102499997410632,0.000526544870808721,-0.378782570362091,2.06950135353625e-06,278528
2051,1,0.102549997409369,0.102549997409369,0.000530155200976878,-0.375984191894531,2.09600911291545e-06,278528
2052,1,0.102599997408106,0.102599997408106,0.000533889979124069,-0.373807668685913,2.1227036111973e-06,278528
2053,1,0.102649997406843,0.102649997406843,0.000536379811819643,-0.37069833278656,2.14952260111077e-06,278528
2054,1,0.10269999740558,0.10269999740558,0.000539243163075298,-0.368210941553116,2.17648475858342e-06,278528
2055,1,0.102749997404317,0.102749997404317,0.000542106456123292,-0.36696720123291,2.20359008070484e-06,278528
2056,1,0.102799997403054,0.102799997403054,0.000544471782632172,-0.365723490715027,2.23081366914873e-06,278528
2057,1,0.10284999740179,0.10284999740179,0.000546588154975325,-0.36385789513588,2.25814307620709e-06,278528
2058,1,0.102899997400527,0.102899997400527,0.000547584088053554,-0.361370444297791,2.28552227991812e-06,278528
2059,1,0.102949997399264,0.102949997399264,0.000547957606613636,-0.359193950891495,2.31292015955667e-06,278528
2060,1,0.102999997398001,0.102999997398001,0.000550447381101549,-0.357639253139496,2.34044252791647e-06,278528
2061,1,0.103049997396738,0.103049997396738,0.000551194360014051,-0.353908121585846,2.36800224522096e-06,278528
2062,1,0.103099997395475,0.103099997395475,0.000552688317839056,-0.354219049215317,2.39563666041481e-06,278528
2063,1,0.103149997394212,0.103149997394212,0.000551069912035018,-0.351109713315964,2.4231901553205e-06,278528
2064,1,0.103199997392949,0.103199997392949,0.000550322933122516,-0.350487858057022,2.45070630128151e-06,278528
2065,1,0.103249997391686,0.103249997391686,0.000550696451682597,-0.349866032600403,2.47824112317005e-06,278528
2066,1,0.103299997390423,0.103299997390423,0.000548580079339445,-0.347689509391785,2.50567012644411e-06,278528
2067,1,0.103349997389159,0.103349997389159,0.000547708594240248,-0.346134871244431,2.53305555546431e-06,278528
2068,1,0.103399997387896,0.103399997387896,0.00054708612151444,-0.345512986183167,2.560409860849e-06,278528
2069,1,0.103449997386633,0.103449997386633,0.000544222828466445,-0.343647420406342,2.58762100158491e-06,278528
2070,1,0.10349999738537,0.10349999738537,0.000542230962309986,-0.343336492776871,2.61473254901552e-06,278528
2071,1,0.103549997384107,0.103549997384107,0.00054036354413256,-0.342092782258987,2.64175072553961e-06,278528
2072,1,0.103599997382844,0.103599997382844,0.000536379811819643,-0.340849041938782,2.66856971545308e-06,278528
2073,1,0.103649997381581,0.103649997381581,0.000532893987838179,-0.339916229248047,2.69521441417189e-06,278528
2074,1,0.103699997380318,0.103699997380318,0.000528661243151873,-0.338361591100693,2.72164747566173e-06,278528
2075,1,0.103749997379055,0.103749997379055,0.000525797891896218,-0.338983446359634,2.7479373695924e-06,278528
2076,1,0.103799997377791,0.103799997377791,0.000520195753779262,-0.336806952953339,2.7739471566243e-06,278528
2077,1,0.103849997376528,0.103849997376528,0.000515091640409082,-0.336806952953339,2.79970173799414e-06,278528
2078,1,0.103899997375265,0.103899997375265,0.000509862904436886,-0.336495995521545,2.82519488257197e-06,278528
2079,1,0.103949997374002,0.103949997374002,0.000504634226672351,-0.336495995521545,2.85042659326818e-06,278528
2080,1,0.103999997372739,0.103999997372739,0.000499032030347735,-0.335252285003662,2.87537819415524e-06,278528
2081,1,0.104049997371476,0.104049997371476,0.000492931925691664,-0.335874140262604,2.9000247898172e-06,278528
2082,1,0.104099997370213,0.104099997370213,0.000485586846480146,-0.335874140262604,2.92430413152786e-06,278528
2083,1,0.10414999736895,0.10414999736895,0.00047898874618113,-0.33463042974472,2.9482535682319e-06,278528
2084,1,0.104199997367687,0.104199997367687,0.00047089671716094,-0.335874140262604,2.97179840349516e-06,278528
2085,1,0.104249997366423,0.104249997366423,0.000463676173239946,-0.33463042974472,2.99498221157148e-06,278528
2086,1,0.10429999736516,0.10429999736516,0.000455833156593144,-0.335252285003662,3.01777386882537e-06,278528
2087,1,0.104349997363897,0.104349997363897,0.000447741127572954,-0.334941357374191,3.04016092463848e-06,278528
2088,1,0.104399997362634,0.104399997362634,0.000438404211308807,-0.334941357374191,3.06208113465016e-06,278528
2089,1,0.104449997361371,0.104449997361371,0.000429191743023694,-0.335563242435455,3.08354072125923e-06,278528
2090,1,0.104499997360108,0.104499997360108,0.000420103810029104,-0.335874140262604,3.10454591123005e-06,278528
2091,1,0.104549997358845,0.104549997358845,0.000410642358474433,-0.336806952953339,3.12507802863509e-06,278528
2092,1,0.104599997357582,0.104599997357582,0.00040006049675867,-0.3380506336689,3.1450810529677e-06,278528
2093,1,0.104649997356319,0.104649997356319,0.000390350091038272,-0.338672518730164,3.16459855702656e-06,278528
2094,1,0.104699997355056,0.104699997355056,0.000379643752239645,-0.337428778409958,3.18358074415902e-06,278528
2095,1,0.104749997353792,0.104749997353792,0.000368688401067629,-0.339294373989105,3.20201516374671e-06,278528
2096,1,0.104799997352529,0.104799997352529,0.000357857556082308,-0.339605331420898,3.21990804109881e-06,278528
2097,1,0.104849997351266,0.104849997351266,0.000346653221640736,-0.342714637517929,3.23724070174299e-06,278528
2098,1,0.104899997350003,0.104899997350003,0.000335573422489688,-0.342403680086136,3.2540193724436e-06,278528
2099,1,0.10494999734874,0.10494999734874,0.000323248648783192,-0.34395831823349,3.27018180447447e-06,278528
2100,1,0.104999997347477,0.104999997347477,0.000310052448185161,-0.344580173492432,3.2856844264921e-06,278528
2101,1,0.105049997346214,0.105049997346214,0.000297976686852053,-0.345823913812637,3.30058326045832e-06,278528
2102,1,0.105099997344951,0.105099997344951,0.000285900896415114,-0.347067624330521,3.31487830491795e-06,278528
2103,1,0.105149997343688,0.105149997343688,0.00027295367908664,-0.348933219909668,3.32852598852752e-06,278528
2104,1,0.105199997342424,0.105199997342424,0.000259757449384779,-0.350487858057022,3.34151386066866e-06,278528
2105,1,0.105249997341161,0.105249997341161,0.000246685784077272,-0.351109713315964,3.35384814956093e-06,278528
2106,1,0.105299997339898,0.105299997339898,0.000234485502005555,-0.353286266326904,3.36557242436503e-06,278528
2107,1,0.105349997338635,0.105349997338635,0.000219421912333928,-0.355151861906052,3.37654351970457e-06,278528
2108,1,0.105399997337372,0.105399997337372,0.000205603239010088,-0.355773717164993,3.38682368139538e-06,278528
2109,1,0.105449997336109,0.105449997336109,0.000192158040590584,-0.357639253139496,3.39643158318219e-06,278528
2110,1,0.105499997334846,0.105499997334846,0.000177841415279545,-0.359504848718643,3.40532365372153e-06,278528
2111,1,0.105549997333583,0.105549997333583,0.000163898250320926,-0.361681401729584,3.41351856603056e-06,278528
2112,1,0.10559999733232,0.10559999733232,0.000149581625009887,-0.363546937704086,3.42099764709212e-06,278528
2113,1,0.105649997331057,0.105649997331057,0.000134269037516788,-0.365101605653763,3.42771109879836e-06,278528
2114,1,0.105699997329793,0.105699997329793,0.000120450378744863,-0.367899984121323,3.43373361758346e-06,278528
2115,1,0.10574999732853,0.10574999732853,0.000105386789073236,-0.370076507329941,3.43900295690401e-06,278528
2116,1,0.105799997327267,0.105799997327267,9.00742088560946e-05,-0.371631145477295,3.44350666723304e-06,278528
2117,1,0.105849997326004,0.105849997326004,7.6006559538655e-05,-0.373807668685913,3.44730699511397e-06,278528
2118,1,0.105899997324741,0.105899997324741,5.98225342400838e-05,-0.376916974782944,3.45029812175041e-06,278528
2119,1,0.105949997323478,0.105949997323478,4.53814027423505e-05,-0.377538830041885,3.45256719183021e-06,278528
2120,1,0.105999997322215,0.105999997322215,3.01933196169557e-05,-0.38127002120018,3.45407685777292e-06,278528
2121,1,0.106049997320952,0.106049997320952,1.47562504935195e-05,-0.383446514606476,3.45481467027895e-06,278528
2122,1,0.106099997319689,0.106099997319689,3.15121610583446e-07,-0.386555820703506,3.45483042635908e-06,278528
2123,1,0.106149997318425,0.106149997318425,-1.5370931578218e-05,-0.389354199171066,3.45406187979959e-06,278528
2124,1,0.106199997317162,0.106199997317162,-3.05590183415916e-05,-0.391530692577362,3.45253392892111e-06,278528
2125,1,0.106249997315899,0.106249997315899,-4.63695614598691e-05,-0.394329100847244,3.45021545090668e-06,278528
2126,1,0.106299997314636,0.106299997314636,-6.21801082161255e-05,-0.397127449512482,3.44710644557442e-06,278528
2127,1,0.106349997313373,0.106349997313373,-7.73681895225309e-05,-0.399925827980042,3.44323803619602e-06,278528
2128,1,0.10639999731211,0.10639999731211,-9.26807697396725e-05,-0.401169538497925,3.4386039978261e-06,278528
2129,1,0.106449997310847,0.106449997310847,-0.000109113774669822,-0.406144440174103,3.43314830923043e-06,278528
2130,1,0.106499997309584,0.106499997309584,-0.000123928388347849,-0.408320933580399,3.42695188996957e-06,278528
2131,1,0.106549997308321,0.106549997308321,-0.00013911648420617,-0.410497456789017,3.41999606593498e-06,278528
2132,1,0.106599997307057,0.106599997307057,-0.000154678040416911,-0.413606762886047,3.41226216410951e-06,278528
2133,1,0.106649997305794,0.106649997305794,-0.000170115090440959,-0.417026996612549,3.40375640980234e-06,278528
2134,1,0.106699997304531,0.106699997304531,-0.000184929711394943,-0.420136302709579,3.39450992446618e-06,278528
2135,1,0.106749997303268,0.106749997303268,-0.000200117792701349,-0.422934710979462,3.38450403508388e-06,278528
2136,1,0.106799997302005,0.106799997302005,-0.000216052823816426,-0.426665842533112,3.37370139416595e-06,278528
2137,1,0.106849997300742,0.106849997300742,-0.000229995974223129,-0.429464250802994,3.36220159574531e-06,278528
2138,1,0.106899997299479,0.106899997299479,-0.00024568205117248,-0.431329786777496,3.34991749349701e-06,278528
2139,1,0.106949997298216,0.106949997298216,-0.000261119101196527,-0.435682833194733,3.336861538767e-06,278528
2140,1,0.106999997296953,0.106999997296953,-0.000275062251603231,-0.438792139291763,3.32310842653427e-06,278528
2141,1,0.10704999729569,0.10704999729569,-0.000290374853648245,-0.442834228277206,3.30858968421863e-06,278528
2142,1,0.107099997294426,0.107099997294426,-0.000304691464407369,-0.445943534374237,3.29335511138312e-06,278528
2143,1,0.107149997293163,0.107149997293163,-0.000319506070809439,-0.448430985212326,3.27737980824622e-06,278528
2144,1,0.1071999972919,0.1071999972919,-0.000334196200128645,-0.45278400182724,3.26066999866191e-06,278528
2145,1,0.107249997290637,0.107249997290637,-0.00034751690691337,-0.454960525035858,3.2432941537552e-06,278528
2146,1,0.107299997289374,0.107299997289374,-0.000362207007128745,-0.458069801330566,3.22518380385627e-06,278528
2147,1,0.107349997288111,0.107349997288111,-0.000376274663722143,-0.463044703006744,3.20637007114543e-06,278528
2148,1,0.107399997286848,0.107399997286848,-0.000389470864320174,-0.46428844332695,3.18689652842137e-06,278528
2149,1,0.107449997285585,0.107449997285585,-0.00040316506056115,-0.468330532312393,3.16673827590255e-06,278528
2150,1,0.107499997284322,0.107499997284322,-0.000417606177506968,-0.472372621297836,3.14585796755468e-06,278528
2151,1,0.107549997283058,0.107549997283058,-0.000429432926466689,-0.47579288482666,3.12438632177377e-06,278528
2152,1,0.107599997281795,0.107599997281795,-0.000442255666712299,-0.47952401638031,3.10227353899677e-06,278528
2153,1,0.107649997280532,0.107649997280532,-0.000456323323305696,-0.482322424650192,3.07945737340787e-06,278528
2154,1,0.107699997279269,0.107699997279269,-0.000468399084638804,-0.486364513635635,3.05603741976757e-06,278528
2155,1,0.107749997278006,0.107749997278006,-0.000479727925267071,-0.489162862300873,3.03205102411016e-06,278528
2156,1,0.107799997276743,0.107799997276743,-0.000491679180413485,-0.492894053459167,3.00746706571053e-06,278528
2157,1,0.10784999727548,0.10784999727548,-0.000503754999954253,-0.495692402124405,2.98227931634911e-06,278528
2158,1,0.107899997274217,0.107899997274217,-0.000515208288561553,-0.499112635850906,2.9565189025718e-06,278528
2159,1,0.107949997272954,0.107949997272954,-0.000526661635376513,-0.50253289937973,2.9301858214682e-06,278528
2160,1,0.107999997271691,0.107999997271691,-0.000536247505806386,-0.505953133106232,2.90337344685522e-06,278528
2161,1,0.108049997270427,0.108049997270427,-0.000546206894796342,-0.509684264659882,2.87606310280532e-06,278528
2162,1,0.108099997269164,0.108099997269164,-0.000556788814719766,-0.512793600559235,2.84822366277262e-06,278528
2163,1,0.108149997267901,0.108149997267901,-0.000566250178962946,-0.515902876853943,2.8199111545397e-06,278528
2164,1,0.108199997266638,0.108199997266638,-0.000577081053052098,-0.519323110580444,2.79105710261601e-06,278528
2165,1,0.108249997265375,0.108249997265375,-0.000584799563512206,-0.522432446479797,2.76181712517907e-06,278528
2166,1,0.108299997264112,0.108299997264112,-0.000593887525610626,-0.525230765342712,2.73212274964868e-06,278528
2167,1,0.108349997262849,0.108349997262849,-0.000601606094278395,-0.528651058673859,2.70204244569465e-06,278528
2168,1,0.108399997261586,0.108399997261586,-0.000608951086178422,-0.53207129240036,2.6715948921549e-06,278528
2169,1,0.108449997260323,0.108449997260323,-0.000617541081737727,-0.535180568695068,2.64071783884803e-06,278528
2170,1,0.108499997259059,0.108499997259059,-0.000623890256974846,-0.538289844989777,2.60952332678733e-06,278528
2171,1,0.108549997257796,0.108549997257796,-0.000630363821983337,-0.542642891407013,2.57800513648438e-06,278528
2172,1,0.108599997256533,0.108599997256533,-0.000634970085229725,-0.544819414615631,2.54625663302493e-06,278528
2173,1,0.10864999725527,0.10864999725527,-0.000641070248093456,-0.548550605773926,2.51420312143e-06,278528
2174,1,0.108699997254007,0.108699997254007,-0.000646796834189445,-0.551348924636841,2.4818632805375e-06,278528
2175,1,0.108749997252744,0.108749997252744,-0.000651154085062444,-0.554458260536194,2.44930557710685e-06,278528
2176,1,0.108799997251481,0.108799997251481,-0.00065439089667052,-0.557256639003754,2.41658603309989e-06,278528
2177,1,0.108849997250218,0.108849997250218,-0.000658872595522553,-0.560055017471313,2.38364240415599e-06,278528
2178,1,0.108899997248955,0.108899997248955,-0.000660988967865705,-0.562853395938873,2.3505929565976e-06,278528
2179,1,0.108949997247691,0.108949997247691,-0.000663727871142328,-0.566273629665375,2.31740656387885e-06,278528
2180,1,0.108999997246428,0.108999997246428,-0.000664723804220557,-0.568450152873993,2.28417037450743e-06,278528
2181,1,0.109049997245165,0.109049997245165,-0.000666964624542743,-0.572181284427643,2.25082214412274e-06,278528
2182,1,0.109099997243902,0.109099997243902,-0.000666964624542743,-0.574979722499847,2.21747391373805e-06,278528
2183,1,0.109149997242639,0.109149997242639,-0.000667960557620972,-0.577467083930969,2.18407588670071e-06,278528
2184,1,0.109199997241376,0.109199997241376,-0.000668085063807666,-0.579954564571381,2.15067163435419e-06,278528
2185,1,0.109249997240113,0.109249997240113,-0.000665968633256853,-0.582441985607147,2.11737320353254e-06,278528
2186,1,0.10929999723885,0.10929999723885,-0.000664225779473782,-0.584618508815765,2.08416191539784e-06,278528
2187,1,0.109349997237587,0.109349997237587,-0.000661984959151596,-0.587105989456177,2.05106266827641e-06,278528
2188,1,0.109399997236324,0.109399997236324,-0.000659370620269328,-0.589904308319092,2.0180941380958e-06,278528
2189,1,0.10944999723506,0.10944999723506,-0.000656258256640285,-0.591769933700562,1.98528122609271e-06,278528
2190,1,0.109499997233797,0.109499997233797,-0.000652772490866482,-0.594568312168121,1.95264260237391e-06,278528
2191,1,0.109549997232534,0.109549997232534,-0.000648539746180177,-0.597055733203888,1.92021561588407e-06,278528
2192,1,0.109599997231271,0.109599997231271,-0.000643684528768063,-0.599232256412506,1.88803139025871e-06,278528
2193,1,0.109649997230008,0.109649997230008,-0.000638580357190222,-0.599543154239655,1.8561023732058e-06,278528
2194,1,0.109699997228745,0.109699997228745,-0.000631733215413988,-0.603274345397949,1.82451571323304e-06,278528
2195,1,0.109749997227482,0.109749997227482,-0.000626380147878081,-0.605761826038361,1.79319670663032e-06,278528
2196,1,0.109799997226219,0.109799997226219,-0.000619906466454268,-0.607627391815186,1.76220138409062e-06,278528
2197,1,0.109849997224956,0.109849997224956,-0.000613059382885695,-0.608871102333069,1.73154841572069e-06,278528
2198,1,0.109899997223692,0.109899997223692,-0.000604842905886471,-0.611358523368835,1.70130627119035e-06,278528
2199,1,0.109949997222429,0.109949997222429,-0.000597871316131204,-0.612602233886719,1.67141270613897e-06,278528
2200,1,0.109999997221166,0.109999997221166,-0.00058828538749367,-0.615400671958923,1.64199843750735e-06,278528
2201,1,0.110049997219903,0.110049997219903,-0.000579321931581944,-0.616333425045013,1.61303234166e-06,278528
2202,1,0.11009999721864,0.11009999721864,-0.000571354408748448,-0.617577135562897,1.58446462194426e-06,278528
2203,1,0.110149997217377,0.110149997217377,-0.000562391011044383,-0.618820905685425,1.5563450721024e-06,278528
2204,1,0.110199997216114,0.110199997216114,-0.000552680576220155,-0.62068647146225,1.52871104398948e-06,278528
2205,1,0.110249997214851,0.110249997214851,-0.000544090522453189,-0.62161922454834,1.50150651855407e-06,278528
2206,1,0.110299997213588,0.110299997213588,-0.000533010752405971,-0.624106705188751,1.47485598160702e-06,278528
2207,1,0.110349997212325,0.110349997212325,-0.000521432899404317,-0.6244176030159,1.44878433729543e-06,278528
2208,1,0.110399997211061,0.110399997211061,-0.000512594007886946,-0.626594126224518,1.42315463754854e-06,278528
2209,1,0.110449997209798,0.110449997209798,-0.000501887581776828,-0.626594126224518,1.39806025909364e-06,278528
2210,1,0.110499997208535,0.110499997208535,-0.000489936326630414,-0.628459751605988,1.37356344338096e-06,278528
2211,1,0.110549997207272,0.110549997207272,-0.000479976937640458,-0.628459751605988,1.3495645971052e-06,278528
2212,1,0.110599997206009,0.110599997206009,-0.000467776641016826,-0.629392504692078,1.32617576564521e-06,278528
2213,1,0.110649997204746,0.110649997204746,-0.000456572335679084,-0.631258130073547,1.30334714943795e-06,278528
2214,1,0.110699997203483,0.110699997203483,-0.000445616984507069,-0.630947172641754,1.28106630077546e-06,278528
2215,1,0.11074999720222,0.11074999720222,-0.000434412650065497,-0.632501840591431,1.25934566882089e-06,278528
2216,1,0.110799997200957,0.110799997200957,-0.000422087876359001,-0.632812738418579,1.23824127553609e-06,278528
2217,1,0.110849997199693,0.110849997199693,-0.000409638654673472,-0.633745551109314,1.21775934331983e-06,278528
2218,1,0.11089999719843,0.11089999719843,-0.000398185366066173,-0.634678363800049,1.19785007551947e-06,278528
2219,1,0.110949997197167,0.110949997197167,-0.000385860563255847,-0.634678363800049,1.17855704784406e-06,278528
2220,1,0.110999997195904,0.110999997195904,-0.000373535818653181,-0.634367406368256,1.15988025738322e-06,278528
2221,1,0.111049997194641,0.111049997194641,-0.000361833517672494,-0.634367406368256,1.14178858195663e-06,278528
2222,1,0.111099997193378,0.111099997193378,-0.000349633279256523,-0.634678363800049,1.12430691843543e-06,278528
2223,1,0.111149997192115,0.111149997192115,-0.000336686032824218,-0.634989261627197,1.10747261721948e-06,278528
2224,1,0.111199997190852,0.111199997190852,-0.000325232744216919,-0.634367406368256,1.09121098041944e-06,278528
2225,1,0.111249997189589,0.111249997189589,-0.000311414099996909,-0.63530021905899,1.07564027581295e-06,278528
2226,1,0.111299997188326,0.111299997188326,-0.000299587292829528,-0.634367406368256,1.06066091154988e-06,278528
2227,1,0.111349997187062,0.111349997187062,-0.000286889058770612,-0.636233031749725,1.04631645897372e-06,278528
2228,1,0.111399997185799,0.111399997185799,-0.000274813268333673,-0.634678363800049,1.03257579590416e-06,278528
2229,1,0.111449997184536,0.111449997184536,-0.000262488523731008,-0.634056448936462,1.01945137004916e-06,278528
2230,1,0.111499997183273,0.111499997183273,-0.000249167846050113,-0.633745551109314,1.00699297806138e-06,278528
2231,1,0.11154999718201,0.11154999718201,-0.000237465530517511,-0.632501840591431,9.95119701835444e-07,278528
2232,1,0.111599997180747,0.111599997180747,-0.00022476731101051,-0.632190942764282,9.83881336568824e-07,278528
2233,1,0.111649997179484,0.111649997179484,-0.000212069062399678,-0.631569027900696,9.73277883716705e-07,278528
2234,1,0.111699997178221,0.111699997178221,-0.00019999330106657,-0.630636215209961,9.6327821891599e-07,278528
2235,1,0.111749997176958,0.111749997176958,-0.000187668541911989,-0.630325317382813,9.53894792057436e-07,278528
2236,1,0.111799997175694,0.111799997175694,-0.000174970307853073,-0.628459751605988,9.45146276885788e-07,278528
2237,1,0.111849997174431,0.111849997174431,-0.000162645548698492,-0.628148853778839,9.37013999656302e-07,278528
2238,1,0.111899997173168,0.111899997173168,-0.000150694264448248,-0.626905083656311,9.29479286624233e-07,278528
2239,1,0.111949997171905,0.111949997171905,-0.000137498063850217,-0.625661373138428,9.22604383605396e-07,278528
2240,1,0.111999997170642,0.111999997170642,-0.000126293743960559,-0.623795747756958,9.16289696566891e-07,278528
2241,1,0.112049997169379,0.112049997169379,-0.000114093476440758,-0.622241139411926,9.10585022888965e-07,278528
2242,1,0.112099997168116,0.112099997168116,-0.000102017707831692,-0.621930181980133,9.0548413762624e-07,278528
2243,1,0.112149997166853,0.112149997166853,-8.89459988684393e-05,-0.619753658771515,9.01036837795166e-07,278528
2244,1,0.11219999716559,0.11219999716559,-7.68702302593738e-05,-0.619442760944366,8.97193326379293e-07,278528
2245,1,0.112249997164326,0.112249997164326,-6.5043437643908e-05,-0.616644322872162,8.93941154579254e-07,278528
2246,1,0.112299997163063,0.112299997163063,-5.37146188435145e-05,-0.615400671958923,8.91255423704926e-07,278528
2247,1,0.1123499971618,0.1123499971618,-4.16388502344489e-05,-0.61415696144104,8.89173481245797e-07,278528
2248,1,0.112399997160537,0.112399997160537,-3.01855397992767e-05,-0.611980378627777,8.87664204293961e-07,278528
2249,1,0.112449997159274,0.112449997159274,-1.91057079064194e-05,-0.610114812850952,8.86708918922773e-07,278528
2250,1,0.112499997158011,0.112499997158011,-7.77689001552062e-06,-0.608871102333069,8.8632007443182e-07,278528
2251,1,0.112549997156748,0.112549997156748,3.80091159968288e-06,-0.606383681297302,8.86510120007003e-07,278528
2252,1,0.112599997155485,0.112599997155485,1.56276964844437e-05,-0.604518055915833,8.87291504811486e-07,278528
2253,1,0.112649997154222,0.112649997154222,2.62095600191969e-05,-0.601408779621124,8.8860198277934e-07,278528
2254,1,0.112699997152959,0.112699997152959,3.76628740923479e-05,-0.599854111671448,8.90485126436385e-07,278528
2255,1,0.112749997151695,0.112749997151695,4.82447285321541e-05,-0.597988545894623,8.92897362802055e-07,278528
2256,1,0.112799997150432,0.112799997150432,5.90755771554541e-05,-0.596433877944946,8.95851141585209e-07,278528
2257,1,0.112849997149169,0.112849997149169,7.01554090483114e-05,-0.593324601650238,8.99358911949011e-07,278528
2258,1,0.112899997147906,0.112899997147906,8.07372707640752e-05,-0.590837121009827,9.03395775385235e-07,278528
2259,1,0.112949997146643,0.112949997146643,9.03231848496944e-05,-0.588660657405853,9.07911934513631e-07,278528
2260,1,0.11299999714538,0.11299999714538,0.000101154044386931,-0.586173176765442,9.1296963660521e-07,278528
2261,1,0.113049997144117,0.113049997144117,0.000110615466837771,-0.583685755729675,9.18500409807379e-07,278528
2262,1,0.113099997142854,0.113099997142854,0.000120823860925157,-0.580887377262115,9.24541602701024e-07,278528
2263,1,0.113149997141591,0.113149997141591,0.000131281223730184,-0.578710854053497,9.31105663721711e-07,278528
2264,1,0.113199997140327,0.113199997140327,0.000141738593811169,-0.575290620326996,9.38192593233238e-07,278528
2265,1,0.113249997139064,0.113249997139064,0.000150702049722895,-0.572492241859436,9.4572769552903e-07,278528
2266,1,0.113299997137801,0.113299997137801,0.000160536961629987,-0.570004820823669,9.53754543407755e-07,278528
2267,1,0.113349997136538,0.113349997136538,0.000169500432093628,-0.567828297615051,9.62229564798339e-07,278528
2268,1,0.113399997135275,0.113399997135275,0.000177592417458072,-0.563786149024963,9.71109185446924e-07,278528
2269,1,0.113449997134012,0.113449997134012,0.000187676327186637,-0.561298727989197,9.80493001569201e-07,278528
2270,1,0.113499997132749,0.113499997132749,0.000195519343833439,-0.55881130695343,9.90268968513911e-07,278528
2271,1,0.113549997131486,0.113549997131486,0.000204980780836195,-0.555701971054077,1.00051800729681e-06,278528
2272,1,0.113599997130223,0.113599997130223,0.00021257481421344,-0.552903652191162,1.01114674773898e-06,278528
2273,1,0.11364999712896,0.11364999712896,0.000222285234485753,-0.549483358860016,1.02226100918249e-06,278528
2274,1,0.113699997127696,0.113699997127696,0.000230875215493143,-0.546063125133514,1.03380476966553e-06,278528
2275,1,0.113749997126433,0.113749997126433,0.000237597807426937,-0.543575704097748,1.04568465973677e-06,278528
2276,1,0.11379999712517,0.11379999712517,0.00024631226551719,-0.540155470371246,1.05800027270151e-06,278528
2277,1,0.113849997123907,0.113849997123907,0.000253781850915402,-0.536424279212952,1.07068936492672e-06,278528
2278,1,0.113899997122644,0.113899997122644,0.000261002394836396,-0.533625900745392,1.08373948433887e-06,278528
2279,1,0.113949997121381,0.113949997121381,0.00026921893004328,-0.530516624450684,1.09720043050098e-06,278528
2280,1,0.113999997120118,0.113999997120118,0.000276563980150968,-0.52647453546524,1.1110286291592e-06,278528
2281,1,0.114049997118855,0.114049997118855,0.000283286557532847,-0.523676156997681,1.12519295667802e-06,278528
2282,1,0.114099997117592,0.114099997117592,0.000290507101453841,-0.521188676357269,1.13971831138377e-06,278528
2283,1,0.114149997116328,0.114149997116328,0.000296607235213742,-0.516835689544678,1.15454867276981e-06,278528
2284,1,0.114199997115065,0.114199997115065,0.000303952285321429,-0.515281021595001,1.16974628665196e-06,278528
2285,1,0.114249997113802,0.114249997113802,0.000309678958728909,-0.510927975177765,1.18523023419725e-06,278528
2286,1,0.114299997112539,0.114299997112539,0.000316277059027925,-0.507818698883057,1.20104408674915e-06,278528
2287,1,0.114349997111276,0.114349997111276,0.000322999665513635,-0.503154695034027,1.21719406961685e-06,278528
2288,1,0.114399997110013,0.114399997110013,0.000327979360008612,-0.500978231430054,1.23359303720301e-06,278528
2289,1,0.11444999710875,0.11444999710875,0.000335573422489688,-0.496625185012817,1.25037170790363e-06,278528
2290,1,0.114499997107487,0.114499997107487,0.000340304104611278,-0.494137763977051,1.26738691270435e-06,278528
2291,1,0.114549997106224,0.114549997106224,0.000346653221640736,-0.490095645189285,1.28471957334853e-06,278528
2292,1,0.11459999710496,0.11459999710496,0.00035250440123491,-0.48791915178299,1.30234479296503e-06,278528
2293,1,0.114649997103697,0.114649997103697,0.000357359589543194,-0.483566105365753,1.3202127719908e-06,278528
2294,1,0.114699997102434,0.114699997102434,0.000362588296411559,-0.478902161121368,1.33834218635339e-06,278528
2295,1,0.114749997101171,0.114749997101171,0.000368563894880936,-0.477347522974014,1.3567703806319e-06,278528
2296,1,0.114799997099908,0.114799997099908,0.000373170129023492,-0.473927289247513,1.37542888661173e-06,278528
2297,1,0.114849997098645,0.114849997098645,0.000378896802430972,-0.470196127891541,1.39437372625469e-06,278528
2298,1,0.114899997097382,0.114899997097382,0.000383752019843087,-0.466775894165039,1.41356132676212e-06,278528
2299,1,0.114949997096119,0.114949997096119,0.000389229680877179,-0.462733805179596,1.43302281031434e-06,278528
2300,1,0.114999997094856,0.114999997094856,0.000393960392102599,-0.459624499082565,1.45272082942186e-06,278528
2301,1,0.115049997093593,0.115049997093593,0.000399064592784271,-0.456515163183212,1.47267405855701e-06,278528
2302,1,0.115099997092329,0.115099997092329,0.000404417747631669,-0.453405857086182,1.49289494542777e-06,278528
2303,1,0.115149997091066,0.115149997091066,0.000409770902479067,-0.450607508420944,1.51338349003414e-06,278528
2304,1,0.115199997089803,0.115199997089803,0.000414128182455897,-0.44687631726265,1.53408989863385e-06,278528
2305,1,0.11524999708854,0.11524999708854,0.000420228316215798,-0.444077968597412,1.55510131391384e-06,278528
2306,1,0.115299997087277,0.115299997087277,0.000424834521254525,-0.440035879611969,1.57634303943996e-06,278528
2307,1,0.115349997086014,0.115349997086014,0.000431308144470677,-0.435993790626526,1.59790844611871e-06,278528
2308,1,0.115399997084751,0.115399997084751,0.000435416382970288,-0.434128195047379,1.61967926471724e-06,278528
2309,1,0.115449997083488,0.115449997083488,0.000440645060734823,-0.431329786777496,1.6417115171974e-06,278528
2310,1,0.115499997082225,0.115499997082225,0.000445375771960244,-0.427598655223846,1.66398030523286e-06,278528
2311,1,0.115549997080961,0.115549997080961,0.000450604449724779,-0.423556536436081,1.68651052714994e-06,278528
2312,1,0.115599997079698,0.115599997079698,0.000455459667136893,-0.421069115400314,1.70928350993149e-06,278528
2313,1,0.115649997078435,0.115649997078435,0.000460563867818564,-0.417959809303284,1.73231170274067e-06,278528
2314,1,0.115699997077172,0.115699997077172,0.000465917022665963,-0.415783286094666,1.75560755328547e-06,278528
2315,1,0.115749997075909,0.115749997075909,0.000470523256808519,-0.411430269479752,1.77913371553157e-06,278528
2316,1,0.115799997074646,0.115799997074646,0.000476125424029306,-0.409253746271133,1.80293998613164e-06,278528
2317,1,0.115849997073383,0.115849997073383,0.000480856135254726,-0.406766295433044,1.82698279228701e-06,278528
2318,1,0.11589999707212,0.11589999707212,0.00048571135266684,-0.404278844594955,1.85126835930684e-06,278528
2319,1,0.115949997070857,0.115949997070857,0.000490940001327544,-0.400858640670776,1.87581535875311e-06,278528
2320,1,0.115999997069594,0.115999997069594,0.000494425825309008,-0.399303942918777,1.90053664939405e-06,278528
2321,1,0.11604999706833,0.11604999706833,0.000500027963425964,-0.395572811365128,1.92553804693376e-06,278528
2322,1,0.116099997067067,0.116099997067067,0.000505630159750581,-0.392774403095245,1.95081955428262e-06,278528
2323,1,0.116149997065804,0.116149997065804,0.00050899141933769,-0.389976054430008,1.9762691246066e-06,278528
2324,1,0.116199997064541,0.116199997064541,0.000512975209858268,-0.388421416282654,2.00191788445157e-06,278528
2325,1,0.116249997063278,0.116249997063278,0.000517705862876028,-0.38500115275383,2.02780317694145e-06,278528
2326,1,0.116299997062015,0.116299997062015,0.000522187678143382,-0.381891876459122,2.05391256018904e-06,278528
2327,1,0.116349997060752,0.116349997060752,0.000524553004652262,-0.380026280879974,2.08014020975909e-06,278528
2328,1,0.116399997059489,0.116399997059489,0.00052853679517284,-0.377538830041885,2.10656704885013e-06,278528
2329,1,0.116449997058226,0.116449997058226,0.000534387945663184,-0.375673234462738,2.1332864454583e-06,278528
2330,1,0.116499997056962,0.116499997056962,0.000536379811819643,-0.372253030538559,2.16010543537178e-06,278528
2331,1,0.116549997055699,0.116549997055699,0.000539492117241025,-0.370387434959412,2.1870800405524e-06,278528
2332,1,0.116599997054436,0.116599997054436,0.000541234971024096,-0.367589056491852,2.21414178841996e-06,278528
2333,1,0.116649997053173,0.116649997053173,0.000543475907761604,-0.36696720123291,2.24131558312158e-06,278528
2334,1,0.11669999705191,0.11669999705191,0.000546214636415243,-0.363546937704086,2.26862631425241e-06,278528
2335,1,0.116749997050647,0.116749997050647,0.00054745958186686,-0.362303256988525,2.29599929265426e-06,278528
2336,1,0.116799997049384,0.116799997049384,0.000549451564438641,-0.36105951666832,2.32347187018217e-06,278528
2337,1,0.116849997048121,0.116849997048121,0.000550073978956789,-0.357950210571289,2.35097556843521e-06,278528
2338,1,0.116899997046858,0.116899997046858,0.000551692326553166,-0.357328355312347,2.37856018406602e-06,278528
2339,1,0.116949997045595,0.116949997045595,0.000552563811652362,-0.354840904474258,2.40618837395069e-06,278528
2340,1,0.116999997044331,0.116999997044331,0.000552314857486635,-0.353286266326904,2.43380411612739e-06,278528
2341,1,0.117049997043068,0.117049997043068,0.000553310732357204,-0.351731598377228,2.46146965204636e-06,278528
2342,1,0.117099997041805,0.117099997041805,0.000552065845113248,-0.350176960229874,2.48907294360471e-06,278528
2343,1,0.117149997040542,0.117149997040542,0.000551692326553166,-0.349866032600403,2.51665755923552e-06,278528
2344,1,0.117199997039279,0.117199997039279,0.000550571887288243,-0.347378581762314,2.5441861529045e-06,278528
2345,1,0.117249997038016,0.117249997038016,0.000547957606613636,-0.345512986183167,2.57158403254305e-06,278528
2346,1,0.117299997036753,0.117299997036753,0.00054745958186686,-0.344891130924225,2.5989570109449e-06,278528
2347,1,0.11734999703549,0.11734999703549,0.000544845301192254,-0.343336492776871,2.62619927531631e-06,278528
2348,1,0.117399997034227,0.117399997034227,0.00054235546849668,-0.342403680086136,2.65331704805609e-06,278528
2349,1,0.117449997032963,0.117449997032963,0.000540239096153527,-0.340849041938782,2.68032900218139e-06,278528
2350,1,0.1174999970317,0.1174999970317,0.000537624699063599,-0.34022718667984,2.70721023645549e-06,278528
2351,1,0.117549997030437,0.117549997030437,0.000532893987838179,-0.340538084506989,2.7338549351743e-06,278528
2352,1,0.117599997029174,0.117599997029174,0.00052853679517284,-0.338672518730164,2.76028177426534e-06,278528
2353,1,0.117649997027911,0.117649997027911,0.000524304050486535,-0.3380506336689,2.78649697612742e-06,278528
2354,1,0.117699997026648,0.117699997026648,0.000519573339261115,-0.338361591100693,2.8124756424342e-06,278528
2355,1,0.117749997025385,0.117749997025385,0.000514220155309886,-0.337117880582809,2.83818664955018e-06,278528
2356,1,0.117799997024122,0.117799997024122,0.000509240431711078,-0.337117880582809,2.86364867049251e-06,278528
2357,1,0.117849997022859,0.117849997022859,0.000503887247759849,-0.335874140262604,2.88884303224404e-06,278528
2358,1,0.117899997021595,0.117899997021595,0.000498036097269505,-0.336185097694397,2.91374483647844e-06,278528
2359,1,0.117949997020332,0.117949997020332,0.000491562532261014,-0.33463042974472,2.93832296247059e-06,278528
2360,1,0.117999997019069,0.117999997019069,0.000485213386127725,-0.335252285003662,2.96258363116411e-06,278528
2361,1,0.118049997017806,0.118049997017806,0.000477121386211365,-0.336495995521545,2.98643969987202e-06,278528
2362,1,0.118099997016543,0.118099997016543,0.000470274273538962,-0.335252285003662,3.00995341295496e-06,278528
2363,1,0.11814999701528,0.11814999701528,0.000462929252535105,-0.335874140262604,3.03309987499699e-06,278528
2364,1,0.118199997014017,0.118199997014017,0.000453965738415718,-0.336185097694397,3.05579816134437e-06,278528
2365,1,0.118249997012754,0.118249997012754,0.000445002311607823,-0.335252285003662,3.07804827636267e-06,278528
2366,1,0.118299997011491,0.118299997011491,0.000435540860053152,-0.335563242435455,3.09982531881519e-06,278528
2367,1,0.118349997010228,0.118349997010228,0.000427822320489213,-0.336495995521545,3.12121643429927e-06,278528
2368,1,0.118399997008964,0.118399997008964,0.000418734416598454,-0.335252285003662,3.14215315460029e-06,278528
2369,1,0.118449997007701,0.118449997007701,0.000408650521421805,-0.336495995521545,3.16258568015521e-06,278528
2370,1,0.118499997006438,0.118499997006438,0.000397944124415517,-0.336806952953339,3.18248288587334e-06,278528
2371,1,0.118549997005175,0.118549997005175,0.000387860229238868,-0.338361591100693,3.20187589684537e-06,278528
2372,1,0.118599997003912,0.118599997003912,0.000378274329705164,-0.338672518730164,3.22078961285283e-06,278528
2373,1,0.118649997002649,0.118649997002649,0.000366198568372056,-0.339294373989105,3.23909954080889e-06,278528
2374,1,0.118699997001386,0.118699997001386,0.000355243217200041,-0.34022718667984,3.25686170122018e-06,278528
2375,1,0.118749997000123,0.118749997000123,0.000343914405675605,-0.341159969568253,3.27405742106956e-06,278528
2376,1,0.11879999699886,0.11879999699886,0.00033196312142536,-0.343025535345078,3.29065557672152e-06,278528
2377,1,0.118849996997596,0.118849996997596,0.000320509832818061,-0.343336492776871,3.30668106795759e-06,278528
2378,1,0.118899996996333,0.118899996996333,0.000307811598759145,-0.345512986183167,3.32207164750674e-06,278528
2379,1,0.11894999699507,0.11894999699507,0.000296482787234709,-0.344891130924225,3.33689578649399e-06,278528
2380,1,0.118999996993807,0.118999996993807,0.000282290624454618,-0.346445769071579,3.35101031736016e-06,278528
2381,1,0.119049996992544,0.119049996992544,0.000270339340204373,-0.347689509391785,3.36452728402891e-06,278528
2382,1,0.119099996991281,0.119099996991281,0.000256894156336784,-0.350487858057022,3.37737199152126e-06,278528
2383,1,0.119149996990018,0.119149996990018,0.00024307549756486,-0.351420670747757,3.38952576609248e-06,278528
2384,1,0.119199996988755,0.119199996988755,0.000230003774049692,-0.352975308895111,3.40102595450444e-06,278528
2385,1,0.119249996987492,0.119249996987492,0.000216932065086439,-0.354219049215317,3.41187255748476e-06,278528
2386,1,0.119299996986229,0.119299996986229,0.000202241950319149,-0.355773717164993,3.42198465474526e-06,278528
2387,1,0.119349996984965,0.119349996984965,0.000188921243534423,-0.357950210571289,3.43143071668335e-06,278528
2388,1,0.119399996983702,0.119399996983702,0.000174480126588605,-0.360126703977585,3.4401547227924e-06,278528
2389,1,0.119449996982439,0.119449996982439,0.000160038980538957,-0.361681401729584,3.4481566716172e-06,278528
2390,1,0.119499996981176,0.119499996981176,0.000145597863593139,-0.362925112247467,3.45543656461295e-06,278528
2391,1,0.119549996979913,0.119549996979913,0.000130285290651955,-0.366034388542175,3.46195082898098e-06,278528
2392,1,0.11959999697865,0.11959999697865,0.000116715600597672,-0.367589056491852,3.46778660886344e-06,278528
2393,1,0.119649996977387,0.119649996977387,0.000102647951280233,-0.36976557970047,3.4729190062978e-06,278528
2394,1,0.119699996976124,0.119699996976124,8.75843616086058e-05,-0.372563928365707,3.4772982242676e-06,278528
2395,1,0.119749996974861,0.119749996974861,7.14003326720558e-05,-0.374740481376648,3.48086824081102e-06,278528
2396,1,0.119799996973597,0.119799996973597,5.55897859157994e-05,-0.377227872610092,3.48364773003659e-06,278528
2397,1,0.119849996972334,0.119849996972334,4.13976413256023e-05,-0.37909346818924,3.48571761205058e-06,278528
2398,1,0.119899996971071,0.119899996971071,2.62095600191969e-05,-0.381891876459122,3.48702809001844e-06,278528
2399,1,0.119949996969808,0.119949996969808,1.16439387056744e-05,-0.385312110185623,3.48761028693901e-06,278528
2400,1,0.119999996968545,0.119999996968545,-4.7890707719489e-06,-0.386555820703506,3.48737083340647e-06,278528
2401,1,0.120049996967282,0.120049996967282,-2.08486017072573e-05,-0.39059790968895,3.48632840334744e-06,278528
2402,1,0.120099996966019,0.120099996966019,-3.44182844855823e-05,-0.392152547836304,3.48460748916663e-06,278528
2403,1,0.120149996964756,0.120149996964756,-5.04778181493748e-05,-0.395261853933334,3.48208359832292e-06,278528
2404,1,0.120199996963493,0.120199996963493,-6.5043437643908e-05,-0.395883738994598,3.47883142652288e-06,278528
2405,1,0.120249996962229,0.120249996962229,-8.18499247543514e-05,-0.400858640670776,3.47473893038855e-06,278528
2406,1,0.120299996960966,0.120299996960966,-9.75359798758291e-05,-0.40241327881813,3.46986213151796e-06,278528
2407,1,0.120349996959703,0.120349996959703,-0.000112848552817013,-0.405522584915161,3.46421970401965e-06,278528
2408,1,0.12039999695844,0.12039999695844,-0.000127912149764597,-0.408942818641663,3.45782409669298e-06,278528
2409,1,0.120449996957177,0.120449996957177,-0.000143722703796811,-0.411119312047958,3.45063796168468e-06,278528
2410,1,0.120499996955914,0.120499996955914,-0.000158537295646966,-0.414539575576782,3.44271109710258e-06,278528
2411,1,0.120549996954651,0.120549996954651,-0.00017384986858815,-0.417959809303284,3.43401860389276e-06,278528
2412,1,0.120599996953388,0.120599996953388,-0.000189660422620364,-0.421069115400314,3.42453558300131e-06,278528
2413,1,0.120649996952125,0.120649996952125,-0.000205097487196326,-0.423556536436081,3.41428070890055e-06,278528
2414,1,0.120699996950862,0.120699996950862,-0.000219787616515532,-0.426354914903641,3.40329132835239e-06,278528
2415,1,0.120749996949598,0.120749996949598,-0.000235473664361052,-0.430707931518555,3.39151764543176e-06,278528
2416,1,0.120799996948335,0.120799996948335,-0.000250163779128343,-0.433817237615585,3.37900945679133e-06,278528
2417,1,0.120849996947072,0.120849996947072,-0.000265725306235254,-0.435993790626526,3.36572319181521e-06,278528
2418,1,0.120899996945809,0.120899996945809,-0.000279544008662924,-0.440035879611969,3.35174599173515e-06,278528
2419,1,0.120949996944546,0.120949996944546,-0.00029460756923072,-0.443145155906677,3.33701561364574e-06,278528
2420,1,0.120999996943283,0.120999996943283,-0.00030942220473662,-0.446565419435501,3.32154450379974e-06,278528
2421,1,0.12104999694202,0.12104999694202,-0.00032324087806046,-0.449363768100739,3.30538246030501e-06,278528
2422,1,0.121099996940757,0.121099996940757,-0.000339051388436928,-0.453094959259033,3.28842989131142e-06,278528
2423,1,0.121149996939494,0.121149996939494,-0.00035224761813879,-0.455893307924271,3.2708175108494e-06,278528
2424,1,0.12119999693823,0.12119999693823,-0.000366315274732187,-0.459935396909714,3.25250174757549e-06,278528
2425,1,0.121249996936967,0.121249996936967,-0.000379635952413082,-0.463355630636215,3.23351995043436e-06,278528
2426,1,0.121299996935704,0.121299996935704,-0.000393703609006479,-0.466464936733246,3.21383477048132e-06,278528
2427,1,0.121349996934441,0.121349996934441,-0.000408020248869434,-0.469574242830276,3.19343375855322e-06,278528
2428,1,0.121399996933178,0.121399996933178,-0.00042034502257593,-0.473305433988571,3.17241650795537e-06,278528
2429,1,0.121449996931915,0.121449996931915,-0.000433665700256824,-0.476103782653809,3.15073322349029e-06,278528
2430,1,0.121499996930652,0.121499996930652,-0.000446737423771992,-0.479834973812103,3.12839635286597e-06,278528
2431,1,0.121549996929389,0.121549996929389,-0.000459062168374658,-0.483255207538605,3.10544324502708e-06,278528
2432,1,0.121599996928126,0.121599996928126,-0.000472133862785995,-0.486364513635635,3.08183655248413e-06,278528
2433,1,0.121649996926863,0.121649996926863,-0.000483836163766682,-0.488851964473724,3.05764474490694e-06,278528
2434,1,0.121699996925599,0.121699996925599,-0.000496036431286484,-0.492894053459167,3.03284292396916e-06,278528
2435,1,0.121749996924336,0.121749996924336,-0.000507489778101444,-0.496314287185669,3.0074684357051e-06,278528
2436,1,0.121799996923073,0.121799996923073,-0.000518569606356323,-0.500978231430054,2.98153995604229e-06,278528
2437,1,0.12184999692181,0.12184999692181,-0.000530147401150316,-0.504398465156555,2.95503258665441e-06,278528
2438,1,0.121899996920547,0.121899996920547,-0.000540604756679386,-0.505020320415497,2.92800234950328e-06,278528
2439,1,0.121949996919284,0.121949996919284,-0.000550813158042729,-0.510617077350616,2.90046169229688e-06,278528
2440,1,0.121999996918021,0.121999996918021,-0.000561395019758493,-0.514348268508911,2.87239194201806e-06,278528
2441,1,0.122049996916758,0.122049996916758,-0.000570482923649251,-0.516835689544678,2.84386779655618e-06,278528
2442,1,0.122099996915495,0.122099996915495,-0.000579944404307753,-0.521188676357269,2.81487057707332e-06,278528
2443,1,0.122149996914231,0.122149996914231,-0.000588907802011818,-0.522743344306946,2.78542518771658e-06,278528
2444,1,0.122199996912968,0.122199996912968,-0.000598369282670319,-0.526785492897034,2.75550672433887e-06,278528
2445,1,0.122249996911705,0.122249996911705,-0.000605216366238892,-0.529583811759949,2.72524590679138e-06,278528
2446,1,0.122299996910442,0.122299996910442,-0.000612685864325613,-0.533625900745392,2.69461161434899e-06,278528
2447,1,0.122349996909179,0.122349996909179,-0.000621151411905885,-0.537357091903687,2.66355404453827e-06,278528
2448,1,0.122399996907916,0.122399996907916,-0.000626878056209534,-0.53860080242157,2.63221014251961e-06,278528
2449,1,0.122449996906653,0.122449996906653,-0.000633476185612381,-0.542953848838806,2.60053633403914e-06,278528
2450,1,0.12249999690539,0.12249999690539,-0.000639078323729336,-0.545441269874573,2.56858241865989e-06,278528
2451,1,0.122549996904127,0.122549996904127,-0.000644307001493871,-0.549483358860016,2.53636706939903e-06,278528
2452,1,0.122599996902863,0.122599996902863,-0.0006496601854451,-0.551659882068634,2.50388406094736e-06,278528
2453,1,0.1226499969016,0.1226499969016,-0.000653145951218903,-0.555080115795135,2.47122676421141e-06,278528
2454,1,0.122699996900337,0.122699996900337,-0.000657876662444323,-0.557878494262695,2.43833293192016e-06,278528
2455,1,0.122749996899074,0.122749996899074,-0.000660864461679012,-0.560676872730255,2.40528970967095e-06,278528
2456,1,0.122799996897811,0.122799996897811,-0.000664350285660475,-0.563475251197815,2.37207219622708e-06,278528
2457,1,0.122849996896548,0.122849996896548,-0.000665595231112093,-0.56720644235611,2.33879243551219e-06,278528
2458,1,0.122899996895285,0.122899996895285,-0.000667089072521776,-0.569382905960083,2.3054379827287e-06,278528
2459,1,0.122949996894022,0.122949996894022,-0.000669081055093557,-0.571870386600494,2.27198393081915e-06,278528
2460,1,0.122999996892759,0.122999996892759,-0.000669454515445977,-0.574979722499847,2.23851120589244e-06,278528
2461,1,0.123049996891496,0.123049996891496,-0.000667960557620972,-0.577467083930969,2.2051131788551e-06,278528
2462,1,0.123099996890232,0.123099996890232,-0.000668583030346781,-0.580576419830322,2.17168402818225e-06,278528
2463,1,0.123149996888969,0.123149996888969,-0.000666964624542743,-0.582131087779999,2.13833579779756e-06,278528
2464,1,0.123199996887706,0.123199996887706,-0.000666840118356049,-0.5855513215065,2.10499379272205e-06,278528
2465,1,0.123249996886443,0.123249996886443,-0.000663852319121361,-0.588038802146912,2.07180117760449e-06,278528
2466,1,0.12329999688518,0.12329999688518,-0.000660366611555219,-0.590526163578033,2.03878284786085e-06,278528
2467,1,0.123349996883917,0.123349996883917,-0.000657876662444323,-0.592080891132355,2.0058890155696e-06,278528
2468,1,0.123399996882654,0.123399996882654,-0.000653643975965679,-0.595501065254211,1.97320681759694e-06,278528
2469,1,0.123449996881391,0.123449996881391,-0.000648539746180177,-0.597366690635681,1.9407798311071e-06,278528
2470,1,0.123499996880128,0.123499996880128,-0.000644680520053953,-0.599232256412506,1.9085458059187e-06,278528
2471,1,0.123549996878864,0.123549996878864,-0.000639078323729336,-0.601719737052917,1.87659189053946e-06,278528
2472,1,0.123599996877601,0.123599996877601,-0.000633102667052299,-0.604518055915833,1.84493675798652e-06,278528
2473,1,0.123649996876338,0.123649996876338,-0.000626006629317999,-0.605139970779419,1.81363642731134e-06,278528
2474,1,0.123699996875075,0.123699996875075,-0.000619781960267574,-0.608560144901276,1.78264733008081e-06,278528
2475,1,0.123749996873812,0.123749996873812,-0.000613432901445776,-0.609182059764862,1.75197568578335e-06,278528
2476,1,0.123799996872549,0.123799996872549,-0.000604842905886471,-0.61229133605957,1.72173354125301e-06,278528
2477,1,0.123849996871286,0.123849996871286,-0.000596999889239669,-0.613224148750305,1.6918835475451e-06,278528
2478,1,0.123899996870023,0.123899996870023,-0.000589281320571899,-0.615400671958923,1.66241948226083e-06,278528
2479,1,0.12394999686876,0.12394999686876,-0.000580442312639207,-0.616644322872162,1.63339736736203e-06,278528
2480,1,0.123999996867497,0.123999996867497,-0.000571603421121836,-0.618509948253632,1.60481719702793e-06,278528
2481,1,0.124049996866233,0.124049996866233,-0.000561892986297607,-0.620064616203308,1.57672254842278e-06,278528
2482,1,0.12409999686497,0.12409999686497,-0.000552556070033461,-0.620997369289398,1.54909474561905e-06,278528
2483,1,0.124149996863707,0.124149996863707,-0.000542596681043506,-0.622552037239075,1.52196491225223e-06,278528
2484,1,0.124199996862444,0.124199996862444,-0.000532388279680163,-0.623795747756958,1.49534549894068e-06,278528
2485,1,0.124249996861181,0.124249996861181,-0.000522926857229322,-0.625350415706635,1.46919915673973e-06,278528
2486,1,0.124299996859918,0.124299996859918,-0.00051172252278775,-0.626905083656311,1.4436130312467e-06,278528
2487,1,0.124349996858655,0.124349996858655,-0.000501016154885292,-0.627837836742401,1.41856222413527e-06,278528
2488,1,0.124399996857392,0.124399996857392,-0.000489687314257026,-0.628770649433136,1.39407785904095e-06,278528
2489,1,0.124449996856129,0.124449996856129,-0.000478233996545896,-0.629703462123871,1.37016615981771e-06,278528
2490,1,0.124499996854865,0.124499996854865,-0.000467527657747269,-0.629392504692078,1.34678977752089e-06,278528
2491,1,0.124549996853602,0.124549996853602,-0.000456074369139969,-0.631258130073547,1.32398605963996e-06,278528
2492,1,0.124599996852339,0.124599996852339,-0.000444247561972588,-0.631879925727844,1.30177368210246e-06,278528
2493,1,0.124649996851076,0.124649996851076,-0.000432669767178595,-0.632501840591431,1.28014019429004e-06,278528
2494,1,0.124699996849813,0.124699996849813,-0.00042034502257593,-0.633434653282166,1.25912294369218e-06,278528
2495,1,0.12474999684855,0.12474999684855,-0.000408518215408549,-0.633123636245728,1.23869703343776e-06,278528
2496,1,0.124799996847287,0.124799996847287,-0.000398060830775648,-0.633434653282166,1.21879399240177e-06,278528
2497,1,0.124849996846024,0.124849996846024,-0.000384740182198584,-0.634678363800049,1.19955698377781e-06,278528
2498,1,0.124899996844761,0.124899996844761,-0.000372166425222531,-0.634678363800049,1.18094866298677e-06,278528
2499,1,0.124949996843498,0.124949996843498,-0.00036033961805515,-0.634989261627197,1.16293168253916e-06,278528
2500,1,0.124999996842234,0.124999996842234,-0.00034751690691337,-0.63530021905899,1.14555583763244e-06,278528
2501,1,0.125049996840971,0.125049996840971,-0.000336437078658491,-0.634367406368256,1.12873398412447e-06,278528
2502,1,0.125099996839708,0.125099996839708,-0.000322991894790903,-0.635611116886139,1.1125843897929e-06,278528
2503,1,0.125149996838445,0.125149996838445,-0.000311538577079773,-0.635611116886139,1.09700746133242e-06,278528
2504,1,0.125199996837182,0.125199996837182,-0.000298217870295048,-0.634678363800049,1.08209656819434e-06,278528
2505,1,0.125249996835919,0.125249996835919,-0.000285893125692382,-0.634056448936462,1.06780191227084e-06,278528
2506,1,0.125299996834656,0.125299996834656,-0.000274190824711695,-0.632190942764282,1.05409237138159e-06,278528
2507,1,0.125349996833393,0.125349996833393,-0.000260994624113664,-0.633745551109314,1.04104264050557e-06,278528
2508,1,0.12539999683213,0.12539999683213,-0.00024804740678519,-0.633123636245728,1.02864027047962e-06,278528
2509,1,0.125449996830866,0.125449996830866,-0.000235847139265388,-0.633123636245728,1.01684791381425e-06,278528
2510,1,0.125499996829603,0.125499996829603,-0.000223522380110808,-0.631879925727844,1.00567179509104e-06,278528
2511,1,0.12554999682834,0.12554999682834,-0.00021045065659564,-0.631258130073547,9.9514926252708e-07,278528
2512,1,0.125599996827077,0.125599996827077,-0.000199121859623119,-0.629703462123871,9.85193169797436e-07,278528
2513,1,0.125649996825814,0.125649996825814,-0.000185303186299279,-0.630014359951019,9.75928010716529e-07,278528
2514,1,0.125699996824551,0.125699996824551,-0.000173600885318592,-0.628148853778839,9.67247966669876e-07,278528
2515,1,0.125749996823288,0.125749996823288,-0.00016052917635534,-0.627837836742401,9.59221508054874e-07,278528
2516,1,0.125799996822025,0.125799996822025,-0.000149200350278988,-0.625972270965576,9.51761490729381e-07,278528
2517,1,0.125849996820762,0.125849996820762,-0.000136626622406766,-0.624106705188751,9.44930159781616e-07,278528
2518,1,0.125899996819498,0.125899996819498,-0.000123803896713071,-0.622552037239075,9.3873996510234e-07,278528
2519,1,0.125949996818235,0.125949996818235,-0.000111603629193269,-0.623173892498016,9.33159783783644e-07,278528
2520,1,0.125999996816972,0.125999996816972,-0.000100274810392875,-0.620997369289398,9.28146043390658e-07,278528
2521,1,0.126049996815709,0.126049996815709,-8.745208469918e-05,-0.619442760944366,9.23773439266161e-07,278528
2522,1,0.126099996814446,0.126099996814446,-7.59987742640078e-05,-0.61788809299469,9.19973500648955e-07,278528
2523,1,0.126149996813183,0.126149996813183,-6.34250318398699e-05,-0.616333425045013,9.16802249137074e-07,278528
2524,1,0.12619999681192,0.12619999681192,-5.14737585035618e-05,-0.615400671958923,9.14228561276912e-07,278528
2525,1,0.126249996810657,0.126249996810657,-4.0269431337947e-05,-0.613535046577454,9.1221508976088e-07,278528
2526,1,0.126299996809394,0.126299996809394,-2.88161209027749e-05,-0.611669480800629,9.10774283752139e-07,278528
2527,1,0.126349996808131,0.126349996808131,-1.56199166667648e-05,-0.609803915023804,9.0999328793853e-07,278528
2528,1,0.126399996806867,0.126399996806867,-4.54008522865479e-06,-0.607938289642334,9.09766283682832e-07,278528
2529,1,0.126449996805604,0.126449996805604,5.5438063100155e-06,-0.606072723865509,9.1004347399133e-07,278528
2530,1,0.126499996804341,0.126499996804341,1.66236386576202e-05,-0.604829013347626,9.10874655903214e-07,278528
2531,1,0.126549996803078,0.126549996803078,2.83259323623497e-05,-0.601719737052917,9.12290952485553e-07,278528
2532,1,0.126599996801815,0.126599996801815,3.90322857128922e-05,-0.598921298980713,9.14242566721895e-07,278528
2533,1,0.126649996800552,0.126649996800552,5.03611008753069e-05,-0.59767758846283,9.16760621702049e-07,278528
2534,1,0.126699996799289,0.126699996799289,6.13164447713643e-05,-0.595190167427063,9.19826443863168e-07,278528
2535,1,0.126749996798026,0.126749996798026,7.22717813914642e-05,-0.59394645690918,9.23440032841455e-07,278528
2536,1,0.126799996796763,0.126799996796763,8.21066860225983e-05,-0.59114807844162,9.27545367038875e-07,278528
2537,1,0.126849996795499,0.126849996795499,9.36844880925491e-05,-0.58834969997406,9.32229591325169e-07,278528
2538,1,0.126899996794236,0.126899996794236,0.000103519399999641,-0.5855513215065,9.37405561194395e-07,278528
2539,1,0.126949996792973,0.126949996792973,0.000113478803541511,-0.582131087779999,9.43079501228135e-07,278528
2540,1,0.12699999679171,0.12699999679171,0.000123438192531466,-0.580576419830322,9.49251410698793e-07,278528
2541,1,0.127049996790447,0.127049996790447,0.000132526154629886,-0.576845228672028,9.55877718262892e-07,278528
2542,1,0.127099996789184,0.127099996789184,0.000142361051985063,-0.574979722499847,9.62995770682328e-07,278528
2543,1,0.127149996787921,0.127149996787921,0.000152320455526933,-0.572803139686584,9.70611793266278e-07,278528
2544,1,0.127199996786658,0.127199996786658,0.000161034942721017,-0.569382905960083,9.78663540198925e-07,278528
2545,1,0.127249996785395,0.127249996785395,0.000171492298250087,-0.566273629665375,9.87238154894816e-07,278528
2546,1,0.127299996784132,0.127299996784132,0.000179210837814026,-0.564097106456757,9.96198696559155e-07,278528
2547,1,0.127349996782868,0.127349996782868,0.000188796751899645,-0.55974406003952,1.00563853391567e-06,278528
2548,1,0.127399996781605,0.127399996781605,0.000198382680537179,-0.558189451694489,1.01555766769195e-06,278528
2549,1,0.127449996780342,0.127449996780342,0.000206723663723096,-0.555701971054077,1.02589385061699e-06,278528
2550,1,0.127499996779079,0.127499996779079,0.000216185115277767,-0.551659882068634,1.03670310610781e-06,278528
2551,1,0.127549996777816,0.127549996777816,0.000223032184294425,-0.550105214118958,1.04785471504082e-06,278528
2552,1,0.127599996776553,0.127599996776553,0.000231497673667036,-0.545130372047424,1.05942959843177e-06,278528
2553,1,0.12764999677529,0.12764999677529,0.000240336652495898,-0.541710138320923,1.07144643075299e-06,278528
2554,1,0.127699996774027,0.127699996774027,0.000247806194238365,-0.539222657680511,1.0838367401519e-06,278528
2555,1,0.127749996772764,0.127749996772764,0.000255898223258555,-0.535180568695068,1.0966316509916e-06,278528
2556,1,0.1277999967715,0.1277999967715,0.000263243273366243,-0.53300404548645,1.10979381432741e-06,278528
2557,1,0.127849996770237,0.127849996770237,0.000270214834017679,-0.530827581882477,1.12330455568699e-06,278528
2558,1,0.127899996768974,0.127899996768974,0.000278680352494121,-0.526163578033447,1.13723857295969e-06,278528
2559,1,0.127949996767711,0.127949996767711,0.000284033507341519,-0.523987054824829,1.151440247968e-06,278528
2560,1,0.127999996766448,0.127999996766448,0.000293121469439939,-0.520566821098328,1.16609632106975e-06,278528
2561,1,0.128049996765185,0.128049996765185,0.000298350147204474,-0.516835689544678,1.18101382805313e-06,278528
2562,1,0.128099996763922,0.128099996763922,0.000305695226415992,-0.514037311077118,1.1962985889878e-06,278528
2563,1,0.128149996762659,0.128149996762659,0.000311795331072062,-0.508751511573792,1.21188835514758e-06,278528
2564,1,0.128199996761396,0.128199996761396,0.000318642414640635,-0.506574988365173,1.22782047547713e-06,278528
2565,1,0.128249996760132,0.128249996760132,0.00032486705458723,-0.503776609897614,1.24406382779615e-06,278528
2566,1,0.128299996758869,0.128299996758869,0.000331091636326164,-0.500356376171112,1.26061840919425e-06,278528
2567,1,0.128349996757606,0.128349996757606,0.000336320343194529,-0.496314287185669,1.27743442592917e-06,278528
2568,1,0.128399996756343,0.128399996756343,0.000342545012244955,-0.492894053459167,1.29456167610875e-06,278528
2569,1,0.12844999675508,0.12844999675508,0.000348396133631468,-0.489784747362137,1.31198148235026e-06,278528
2570,1,0.128499996753817,0.128499996753817,0.000353251351043582,-0.487297296524048,1.32964404945625e-06,278528
2571,1,0.128549996752554,0.128549996752554,0.000358977995347232,-0.482633322477341,1.34759294877018e-06,278528
2572,1,0.128599996751291,0.128599996751291,0.000364829145837575,-0.47952401638031,1.36583440560124e-06,278528
2573,1,0.128649996750028,0.128649996750028,0.000369559886166826,-0.476414710283279,1.38431239944279e-06,278528
2574,1,0.128699996748765,0.128699996748765,0.000374913041014224,-0.47268357872963,1.40305805101994e-06,278528
2575,1,0.128749996747501,0.128749996747501,0.000380017212592065,-0.469574242830276,1.42205891116955e-06,278528
2576,1,0.128799996746238,0.128799996746238,0.000385494873626158,-0.466464936733246,1.44133365436393e-06,278528
2577,1,0.128849996744975,0.128849996744975,0.000390848057577386,-0.462422847747803,1.46087605674912e-06,278528
2578,1,0.128899996743712,0.128899996743712,0.000394707312807441,-0.459624499082565,1.48061142189093e-06,278528
2579,1,0.128949996742449,0.128949996742449,0.000399687036406249,-0.456826090812683,1.5005957732064e-06,278528
2580,1,0.128999996741186,0.128999996741186,0.000405538186896592,-0.452473074197769,1.52087268203899e-06,278528
2581,1,0.129049996739923,0.129049996739923,0.000411015877034515,-0.450296550989151,1.54142347537156e-06,278528
2582,1,0.12909999673866,0.12909999673866,0.000414750626077875,-0.446254462003708,1.56216100615158e-06,278528
2583,1,0.129149996737397,0.129149996737397,0.000418485404225066,-0.442834228277206,1.58308527583424e-06,278528
2584,1,0.129199996736133,0.129199996736133,0.000425581471063197,-0.439103066921234,1.60436434884985e-06,278528
2585,1,0.12924999673487,0.12924999673487,0.000430187705205753,-0.435682833194733,1.62587373356676e-06,278528
2586,1,0.129299996733607,0.129299996733607,0.000435540860053152,-0.433506339788437,1.64765077601929e-06,278528
2587,1,0.129349996732344,0.129349996732344,0.000441018550191075,-0.430707931518555,1.66970170297179e-06,278528
2588,1,0.129399996731081,0.129399996731081,0.000445873767603189,-0.426665842533112,1.69199539078876e-06,278528
2589,1,0.129449996729818,0.129449996729818,0.000451226893346757,-0.424178391695023,1.71455673488615e-06,278528
2590,1,0.129499996728555,0.129499996728555,0.000456580106401816,-0.421069115400314,1.73738573962953e-06,278528
2591,1,0.129549996727292,0.129549996727292,0.000462182273622602,-0.417959809303284,1.76049485272688e-06,278528
2592,1,0.129599996726029,0.129599996726029,0.000467037491034716,-0.414228618144989,1.78384672668869e-06,278528
2593,1,0.129649996724766,0.129649996724766,0.000471021223347634,-0.411430269479752,1.80739778726113e-06,278528
2594,1,0.129699996723502,0.129699996723502,0.000476125424029306,-0.408320933580399,1.83120405786119e-06,278528
2595,1,0.129749996722239,0.129749996722239,0.000482225557789207,-0.405522584915161,1.85531533514155e-06,278528
2596,1,0.129799996720976,0.129799996720976,0.000486333825392649,-0.403346031904221,1.87963202579689e-06,278528
2597,1,0.129849996719713,0.129849996719713,0.000492682913318276,-0.399925827980042,1.9042661708405e-06,278528
2598,1,0.12989999671845,0.12989999671845,0.000497289176564664,-0.398371189832687,1.9291306290406e-06,278528
2599,1,0.129949996717187,0.129949996717187,0.000501646369230002,-0.394950956106186,1.95421294686847e-06,278528
2600,1,0.129999996715924,0.129999996715924,0.00050662609282881,-0.391219764947891,1.97954425086999e-06,278528
2601,1,0.130049996714661,0.130049996714661,0.00050998741062358,-0.389665126800537,2.005043620757e-06,278528
2602,1,0.130099996713398,0.130099996713398,0.000514967076014727,-0.385933965444565,2.03079197390727e-06,278528
2603,1,0.130149996712134,0.130149996712134,0.000518701854161918,-0.384068369865417,2.05672706596019e-06,278528
2604,1,0.130199996710871,0.130199996710871,0.000522934598848224,-0.38220277428627,2.08287379524208e-06,278528
2605,1,0.130249996709608,0.130249996709608,0.000526669376995414,-0.380026280879974,2.10920726342662e-06,278528
2606,1,0.130299996708345,0.130299996708345,0.000528910255525261,-0.376916974782944,2.13565277553481e-06,278528
2607,1,0.130349996707082,0.130349996707082,0.000533640966750681,-0.374740481376648,2.1623348231983e-06,278528
2608,1,0.130399996705819,0.130399996705819,0.000536379811819643,-0.372563928365707,2.18915381311178e-06,278528
2609,1,0.130449996704556,0.130449996704556,0.00054036354413256,-0.370076507329941,2.21617198963587e-06,278528
2610,1,0.130499996703293,0.130499996703293,0.000543102389201522,-0.367278128862381,2.24332710840995e-06,278528
2611,1,0.13054999670203,0.13054999670203,0.000545218819752336,-0.365412533283234,2.27058804870889e-06,278528
2612,1,0.130599996700766,0.130599996700766,0.00054708612151444,-0.36385789513588,2.29794235409359e-06,278528
2613,1,0.130649996699503,0.130649996699503,0.000549077987670898,-0.361681401729584,2.32539625278359e-06,278528
2614,1,0.13069999669824,0.13069999669824,0.000549451564438641,-0.360126703977585,2.35286883031151e-06,278528
2615,1,0.130749996696977,0.130749996696977,0.000551318866200745,-0.358572065830231,2.38043477292517e-06,278528
2616,1,0.130799996695714,0.130799996695714,0.000552563811652362,-0.356706500053406,2.40806296280984e-06,278528
2617,1,0.130849996694451,0.130849996694451,0.000552439305465668,-0.354840904474258,2.43568492738533e-06,278528
2618,1,0.130899996693188,0.130899996693188,0.000554306723643094,-0.352664411067963,2.46340026286734e-06,278528
2619,1,0.130949996691925,0.130949996691925,0.000552439305465668,-0.352353453636169,2.49102222744283e-06,278528
2620,1,0.130999996690662,0.130999996690662,0.00055281282402575,-0.34955507516861,2.51866286794586e-06,278528
2621,1,0.131049996689399,0.131049996689399,0.000552065845113248,-0.348933219909668,2.54626615950421e-06,278528
2622,1,0.131099996688135,0.131099996688135,0.000549576012417674,-0.347378581762314,2.57374495943092e-06,278528
2623,1,0.131149996686872,0.131149996686872,0.000548580079339445,-0.345823913812637,2.60117396270497e-06,278528
2624,1,0.131199996685609,0.131199996685609,0.000546961673535407,-0.34395831823349,2.62852204569087e-06,278528
2625,1,0.131249996684346,0.131249996684346,0.000545343209523708,-0.34395831823349,2.65578920547823e-06,278528
2626,1,0.131299996683083,0.131299996683083,0.000542479916475713,-0.343647420406342,2.68291320061681e-06,278528
2627,1,0.13134999668182,0.13134999668182,0.000538745138328522,-0.342092782258987,2.70985045685274e-06,278528
2628,1,0.131399996680557,0.131399996680557,0.000535881787072867,-0.34022718667984,2.73664454552951e-06,278528
2629,1,0.131449996679294,0.131449996679294,0.000532271573320031,-0.340849041938782,2.7632581235232e-06,278528
2630,1,0.131499996678031,0.131499996678031,0.00052853679517284,-0.338983446359634,2.78968496261424e-06,278528
2631,1,0.131549996676767,0.131549996676767,0.000524677510838956,-0.337739735841751,2.81591883749346e-06,278528
2632,1,0.131599996675504,0.131599996675504,0.000519573339261115,-0.337428778409958,2.84189750380024e-06,278528
2633,1,0.131649996674241,0.131649996674241,0.000515216088388115,-0.336806952953339,2.86765830756888e-06,278528
2634,1,0.131699996672978,0.131699996672978,0.000509738398250192,-0.336806952953339,2.89314522683753e-06,278528
2635,1,0.131749996671715,0.131749996671715,0.000503513729199767,-0.334941357374191,2.91832091266153e-06,278528
2636,1,0.131799996670452,0.131799996670452,0.000496542197652161,-0.336495995521545,2.94314802191695e-06,278528
2637,1,0.131849996669189,0.131849996669189,0.000490566540975124,-0.335252285003662,2.96767634834607e-06,278528
2638,1,0.131899996667926,0.131899996667926,0.000484466436319053,-0.333386689424515,2.99189966955009e-06,278528
2639,1,0.131949996666663,0.131949996666663,0.000477245863294229,-0.335252285003662,3.01576196211199e-06,278528
2640,1,0.1319999966654,0.1319999966654,0.000469029328087345,-0.335874140262604,3.03921342792392e-06,278528
2641,1,0.132049996664136,0.132049996664136,0.000460812851088122,-0.335252285003662,3.06225406989627e-06,278528
2642,1,0.132099996662873,0.132099996662873,0.000452845357358456,-0.33463042974472,3.0848963371922e-06,278528
2643,1,0.13214999666161,0.13214999666161,0.000444130826508626,-0.335563242435455,3.10710287795665e-06,278528
2644,1,0.132199996660347,0.132199996660347,0.000435914378613234,-0.335874140262604,3.12889859633671e-06,278528
2645,1,0.132249996659084,0.132249996659084,0.000425456993980333,-0.337428778409958,3.15017144549833e-06,278528
2646,1,0.132299996657821,0.132299996657821,0.000416866998421028,-0.336495995521545,3.17101479489283e-06,278528
2647,1,0.132349996656558,0.132349996656558,0.000406658626161516,-0.337428778409958,3.19134772568725e-06,278528
2648,1,0.132399996655295,0.132399996655295,0.000396823714254424,-0.338672518730164,3.21118891089874e-06,278528
2649,1,0.132449996654032,0.132449996654032,0.000386117375455797,-0.337428778409958,3.23049477918383e-06,278528
2650,1,0.132499996652768,0.132499996652768,0.000375161995179951,-0.339916229248047,3.24925287846895e-06,278528
2651,1,0.132549996651505,0.132549996651505,0.000364829145837575,-0.34022718667984,3.26749433530001e-06,278528
2652,1,0.132599996650242,0.132599996650242,0.000354122777935117,-0.339916229248047,3.28520047374947e-06,278528
2653,1,0.132649996648979,0.132649996648979,0.000342793966410682,-0.342092782258987,3.30234017163702e-06,278528
2654,1,0.132699996647716,0.132699996647716,0.000329846749082208,-0.343025535345078,3.3188325086745e-06,278528
2655,1,0.132749996646453,0.132749996646453,0.000317646510666236,-0.34395831823349,3.33471483380659e-06,278528
2656,1,0.13279999664519,0.13279999664519,0.000305944209685549,-0.344580173492432,3.35001204390443e-06,278528
2657,1,0.132849996643927,0.132849996643927,0.000292872486170381,-0.346134871244431,3.36465566784302e-06,278528
2658,1,0.132899996642664,0.132899996642664,0.000280298729194328,-0.347378581762314,3.37867060394869e-06,278528
2659,1,0.132949996641401,0.132949996641401,0.000267973984591663,-0.34955507516861,3.39206930283979e-06,278528
2660,1,0.132999996640137,0.132999996640137,0.000254528800724074,-0.351420670747757,3.4047957425545e-06,278528
2661,1,0.133049996638874,0.133049996638874,0.000241706075030379,-0.351420670747757,3.41688104600072e-06,278528
2662,1,0.133099996637611,0.133099996637611,0.000227638403885067,-0.352975308895111,3.42826296590744e-06,278528
2663,1,0.133149996636348,0.133149996636348,0.000214940184378065,-0.354529976844788,3.43900997485485e-06,278528
2664,1,0.133199996635085,0.133199996635085,0.000201868460862897,-0.356706500053406,3.44910339764301e-06,278528
2665,1,0.133249996633822,0.133249996633822,0.000185808938113041,-0.35826113820076,3.45839384431397e-06,278528
2666,1,0.133299996632559,0.133299996632559,0.000172986212419346,-0.36105951666832,3.46704315471644e-06,278528
2667,1,0.133349996631296,0.133349996631296,0.000158918555825949,-0.363236039876938,3.474989082307e-06,278528
2668,1,0.133399996630033,0.133399996630033,0.000143854980706237,-0.364168792963028,3.48218183116061e-06,278528
2669,1,0.133449996628769,0.133449996628769,0.000129164851387031,-0.366656243801117,3.48864007356681e-06,278528
2670,1,0.133499996627506,0.133499996627506,0.000114101261715405,-0.369143694639206,3.49434513650846e-06,278528
2671,1,0.133549996626243,0.133549996626243,9.97846291284077e-05,-0.36976557970047,3.49933436783884e-06,278528
2672,1,0.13359999662498,0.13359999662498,8.37250918266363e-05,-0.372253030538559,3.50352062232442e-06,278528
2673,1,0.133649996623717,0.133649996623717,6.92839676048607e-05,-0.375673234462738,3.50698482061715e-06,278528
2674,1,0.133699996622454,0.133699996622454,5.34734135726467e-05,-0.376916974782944,3.50965849122824e-06,278528
2675,1,0.133749996621191,0.133749996621191,3.89077977160923e-05,-0.379404425621033,3.5116038810649e-06,278528
2676,1,0.133799996619928,0.133799996619928,2.3470725864172e-05,-0.381891876459122,3.51277741732846e-06,278528
2677,1,0.133849996618665,0.133849996618665,9.02959618542809e-06,-0.385312110185623,3.51322889712633e-06,278528
2678,1,0.133899996617401,0.133899996617401,-7.15442820364842e-06,-0.387488603591919,3.51287117572518e-06,278528
2679,1,0.133949996616138,0.133949996616138,-2.22180206037592e-05,-0.390286952257156,3.51176027472306e-06,278528
2680,1,0.133999996614875,0.133999996614875,-3.75305971829221e-05,-0.392774403095245,3.50988374491132e-06,278528
2681,1,0.134049996613612,0.134049996613612,-5.27186784893274e-05,-0.394950956106186,3.50724781105344e-06,278528
2682,1,0.134099996612349,0.134099996612349,-6.82802419760264e-05,-0.398993045091629,3.50383379904089e-06,278528
2683,1,0.134149996611086,0.134149996611086,-8.39662970975041e-05,-0.40210235118866,3.49963548429207e-06,278528
2684,1,0.134199996609823,0.134199996609823,-9.99013282125816e-05,-0.403967916965485,3.49464041800763e-06,278528
2685,1,0.13424999660856,0.13424999660856,-0.000114715934614651,-0.406455367803574,3.48890462142179e-06,278528
2686,1,0.134299996607297,0.134299996607297,-0.000130153013742529,-0.409564673900604,3.48239697089906e-06,278528
2687,1,0.134349996606034,0.134349996606034,-0.000145590078318492,-0.413917720317841,3.47511746716703e-06,278528
2688,1,0.13439999660477,0.13439999660477,-0.000161276140715927,-0.414850473403931,3.46705366033495e-06,278528
2689,1,0.134449996603507,0.134449996603507,-0.00017621522420086,-0.418270707130432,3.45824289934748e-06,278528
2690,1,0.134499996602244,0.134499996602244,-0.000191527811693959,-0.421069115400314,3.4486665090047e-06,278528
2691,1,0.134549996600981,0.134549996600981,-0.000207338365726173,-0.423867464065552,3.43829959098028e-06,278528
2692,1,0.134599996599718,0.134599996599718,-0.000222526447032578,-0.426976799964905,3.42717326890973e-06,278528
2693,1,0.134649996598455,0.134649996598455,-0.000237341038882732,-0.430086076259613,3.41530621726538e-06,278528
2694,1,0.134699996597192,0.134699996597192,-0.000252653640927747,-0.43475005030632,3.40267353553812e-06,278528
2695,1,0.134749996595929,0.134749996595929,-0.000266970251686871,-0.436615616083145,3.38932502329099e-06,278528
2696,1,0.134799996594666,0.134799996594666,-0.000282531807897612,-0.440346777439117,3.37519843325298e-06,278528
2697,1,0.134849996593402,0.134849996593402,-0.000296101497951895,-0.443145155906677,3.36039335872939e-06,278528
2698,1,0.134899996592139,0.134899996592139,-0.000310791627271101,-0.447187274694443,3.3448537777584e-06,278528
2699,1,0.134949996590876,0.134949996590876,-0.00032560623367317,-0.449674725532532,3.32857346648601e-06,278528
2700,1,0.134999996589613,0.134999996589613,-0.000339922873536125,-0.453405857086182,3.31157732323857e-06,278528
2701,1,0.13504999658835,0.13504999658835,-0.000354115007212386,-0.457758903503418,3.29387157332523e-06,278528
2702,1,0.135099996587087,0.135099996587087,-0.000367435713997111,-0.459935396909714,3.27549978808949e-06,278528
2703,1,0.135149996585824,0.135149996585824,-0.000380880868760869,-0.463355630636215,3.25645574513254e-06,278528
2704,1,0.135199996584561,0.135199996584561,-0.000395819981349632,-0.467708677053452,3.23666474656502e-06,278528
2705,1,0.135249996583298,0.135249996583298,-0.000407024315791205,-0.470507025718689,3.21631353128957e-06,278528
2706,1,0.135299996582035,0.135299996582035,-0.000421838922193274,-0.474549144506454,3.19522158571274e-06,278528
2707,1,0.135349996580771,0.135349996580771,-0.000434661633335054,-0.477658420801163,3.17348850459501e-06,278528
2708,1,0.135399996579508,0.135399996579508,-0.000448231352493167,-0.480456829071045,3.15107693753651e-06,278528
2709,1,0.135449996578245,0.135449996578245,-0.000460307113826275,-0.483877062797546,3.12806158242662e-06,278528
2710,1,0.135499996576982,0.135499996576982,-0.000473005347885191,-0.487297296524048,3.10441131562981e-06,278528
2711,1,0.135549996575719,0.135549996575719,-0.000484956632135436,-0.490406602621078,3.08016348463559e-06,278528
2712,1,0.135599996574456,0.135599996574456,-0.000497654837090522,-0.494448691606522,3.05528074340966e-06,278528
2713,1,0.135649996573193,0.135649996573193,-0.000507863238453865,-0.497557997703552,3.02988758212845e-06,278528
2714,1,0.13569999657193,0.13569999657193,-0.00051919202087447,-0.500978231430054,3.00392798174052e-06,278528
2715,1,0.135749996570667,0.135749996570667,-0.000530022894963622,-0.504087507724762,2.97742683766182e-06,278528
2716,1,0.135799996569403,0.135799996569403,-0.000542223220691085,-0.507507741451263,2.95031567731215e-06,278528
2717,1,0.13584999656814,0.13584999656814,-0.000551933597307652,-0.511549830436707,2.92271899814391e-06,278528
2718,1,0.135899996566877,0.135899996566877,-0.000561270513571799,-0.514037311077118,2.89465547317427e-06,278528
2719,1,0.135949996565614,0.135949996565614,-0.000571852375287563,-0.516835689544678,2.8660628551322e-06,278528
2720,1,0.135999996564351,0.135999996564351,-0.000580691383220255,-0.520566821098328,2.83702828670466e-06,278528
2721,1,0.136049996563088,0.136049996563088,-0.000590277253650129,-0.523676156997681,2.80751442476774e-06,278528
2722,1,0.136099996561825,0.136099996561825,-0.000598120270296931,-0.527718245983124,2.77760841200838e-06,278528
2723,1,0.136149996560562,0.136149996560562,-0.00060683477204293,-0.53020566701889,2.74726667417273e-06,278528
2724,1,0.136199996559299,0.136199996559299,-0.000613432901445776,-0.533625900745392,2.71659502987528e-06,278528
2725,1,0.136249996558035,0.136249996558035,-0.000621400424279273,-0.537046134471893,2.68552500944621e-06,278528
2726,1,0.136299996556772,0.136299996556772,-0.000628247449640185,-0.540155470371246,2.65411263775774e-06,278528
2727,1,0.136349996555509,0.136349996555509,-0.000634845579043031,-0.543575704097748,2.62237035960747e-06,278528
2728,1,0.136399996554246,0.136399996554246,-0.000640821235720068,-0.546374082565308,2.59032929863089e-06,278528
2729,1,0.136449996552983,0.136449996552983,-0.000645676453132182,-0.549794316291809,2.55804547678984e-06,278528
2730,1,0.13649999655172,0.13649999655172,-0.000649909197818488,-0.551659882068634,2.52555001771982e-06,278528
2731,1,0.136549996550457,0.136549996550457,-0.000653892930131406,-0.556323826313019,2.49285537203918e-06,278528
2732,1,0.136599996549194,0.136599996549194,-0.000658623641356826,-0.558189451694489,2.45992419080325e-06,278528
2733,1,0.136649996547931,0.136649996547931,-0.00066148693440482,-0.562231540679932,2.42684984491854e-06,278528
2734,1,0.136699996546668,0.136699996546668,-0.000664723804220557,-0.564408004283905,2.39361365554713e-06,278528
2735,1,0.136749996545404,0.136749996545404,-0.000667338084895164,-0.56720644235611,2.36024675214529e-06,278528
2736,1,0.136799996544141,0.136799996544141,-0.000668458524160087,-0.569072008132935,2.32682382678162e-06,278528
2737,1,0.136849996542878,0.136849996542878,-0.000669330009259284,-0.573114097118378,2.29335732716409e-06,278528
2738,1,0.136899996541615,0.136899996541615,-0.000669579021632671,-0.575601577758789,2.25987837692821e-06,278528
2739,1,0.136949996540352,0.136949996540352,-0.000669827975798398,-0.578088998794556,2.22638697898435e-06,278528
2740,1,0.136999996539089,0.136999996539089,-0.000667836109641939,-0.580576419830322,2.1929951743458e-06,278528
2741,1,0.137049996537826,0.137049996537826,-0.000667338084895164,-0.583063900470734,2.15962827094396e-06,278528
2742,1,0.137099996536563,0.137099996536563,-0.000666093197651207,-0.585240364074707,2.12632361190275e-06,278528
2743,1,0.1371499965353,0.1371499965353,-0.000663354352582246,-0.58834969997406,2.09315589511152e-06,278528
2744,1,0.137199996534036,0.137199996534036,-0.000661611440591514,-0.591458976268768,2.06007532391763e-06,278528
2745,1,0.137249996532773,0.137249996532773,-0.000657254189718515,-0.593324601650238,2.02721261526189e-06,278528
2746,1,0.13729999653151,0.13729999653151,-0.000654515402857214,-0.594257354736328,1.99448684594575e-06,278528
2747,1,0.137349996530247,0.137349996530247,-0.000650531670544297,-0.598610401153564,1.96196026324023e-06,278528
2748,1,0.137399996528984,0.137399996528984,-0.00064393354114145,-0.599232256412506,1.92976358699651e-06,278528
2749,1,0.137449996527721,0.137449996527721,-0.000639327336102724,-0.601408779621124,1.89779722099891e-06,278528
2750,1,0.137499996526458,0.137499996526458,-0.000633725139778107,-0.604829013347626,1.86611096481047e-06,278528
2751,1,0.137549996525195,0.137549996525195,-0.000626131077297032,-0.606383681297302,1.83480441173649e-06,278528
2752,1,0.137599996523932,0.137599996523932,-0.000620279926806688,-0.607627391815186,1.80379041617963e-06,278528
2753,1,0.137649996522669,0.137649996522669,-0.000612810370512307,-0.610736668109894,1.77314989842806e-06,278528
2754,1,0.137699996521405,0.137699996521405,-0.000605216366238892,-0.611980378627777,1.74288908088057e-06,278528
2755,1,0.137749996520142,0.137749996520142,-0.000597871316131204,-0.61415696144104,1.71299551582918e-06,278528
2756,1,0.137799996518879,0.137799996518879,-0.000589530332945287,-0.61602246761322,1.68351899992656e-06,278528
2757,1,0.137849996517616,0.137849996517616,-0.000580442312639207,-0.617577135562897,1.65449688502776e-06,278528
2758,1,0.137899996516353,0.137899996516353,-0.000571105454582721,-0.618820905685425,1.62594161301999e-06,278528
2759,1,0.13794999651509,0.13794999651509,-0.00056263996521011,-0.619442760944366,1.59780961547016e-06,278528
2760,1,0.137999996513827,0.137999996513827,-0.000552556070033461,-0.621308326721191,1.57018181266642e-06,278528
2761,1,0.138049996512564,0.138049996512564,-0.000542347668670118,-0.622862994670868,1.54306442991796e-06,278528
2762,1,0.138099996511301,0.138099996511301,-0.000532761740032583,-0.623795747756958,1.51642634358927e-06,278528
2763,1,0.138149996510037,0.138149996510037,-0.000521557405591011,-0.625039458274841,1.4903484739685e-06,278528
2764,1,0.138199996508774,0.138199996508774,-0.000512095983140171,-0.626594126224518,1.46474367545832e-06,278528
2765,1,0.138249996507511,0.138249996507511,-0.00050064263632521,-0.627526938915253,1.43971154427443e-06,278528
2766,1,0.138299996506248,0.138299996506248,-0.000489313853904605,-0.629081547260284,1.41524585219725e-06,278528
2767,1,0.138349996504985,0.138349996504985,-0.00047935446491465,-0.629392504692078,1.39127812955699e-06,278528
2768,1,0.138399996503722,0.138399996503722,-0.00046690518502146,-0.630636215209961,1.36793287089567e-06,278528
2769,1,0.138449996502459,0.138449996502459,-0.000455451896414161,-0.630325317382813,1.34516027665025e-06,278528
2770,1,0.138499996501196,0.138499996501196,-0.000443998578703031,-0.632501840591431,1.32296034827591e-06,278528
2771,1,0.138549996499933,0.138549996499933,-0.000431549327913672,-0.632812738418579,1.30138288242532e-06,278528
2772,1,0.138599996498669,0.138599996498669,-0.000420842960011214,-0.633123636245728,1.28034073495633e-06,278528
2773,1,0.138649996497406,0.138649996497406,-0.000408518215408549,-0.633745551109314,1.25991482470191e-06,278528
2774,1,0.138699996496143,0.138699996496143,-0.000396442454075441,-0.634056448936462,1.24009270249888e-06,278528
2775,1,0.13874999649488,0.13874999649488,-0.00038461564690806,-0.634367406368256,1.22086192063929e-06,278528
2776,1,0.138799996493617,0.138799996493617,-0.000371917441952974,-0.634367406368256,1.20226604901141e-06,278528
2777,1,0.138849996492354,0.138849996492354,-0.000360588601324707,-0.634367406368256,1.18423661940064e-06,278528
2778,1,0.138899996491091,0.138899996491091,-0.000347143417457119,-0.635611116886139,1.16687944896626e-06,278528
2779,1,0.138949996489828,0.138949996489828,-0.000335067656124011,-0.634989261627197,1.15012606658329e-06,278528
2780,1,0.138999996488565,0.138999996488565,-0.000321746949339285,-0.634367406368256,1.13403871952272e-06,278528
2781,1,0.139049996487302,0.139049996487302,-0.000309297698549926,-0.634056448936462,1.1185738349859e-06,278528
2782,1,0.139099996486038,0.139099996486038,-0.000297346414299682,-0.634678363800049,1.1037065146465e-06,278528
2783,1,0.139149996484775,0.139149996484775,-0.000285395130049437,-0.633123636245728,1.08943675850451e-06,278528
2784,1,0.139199996483512,0.139199996483512,-0.000272447912720963,-0.634989261627197,1.07581436321259e-06,278528
2785,1,0.139249996482249,0.139249996482249,-0.000260247674304992,-0.633434653282166,1.06280197982606e-06,278528
2786,1,0.139299996480986,0.139299996480986,-0.000248171883868054,-0.632812738418579,1.05039338594613e-06,278528
2787,1,0.139349996479723,0.139349996479723,-0.000234353239648044,-0.632501840591431,1.03867572425974e-06,278528
2788,1,0.13939999647846,0.13939999647846,-0.000222028465941548,-0.632501840591431,1.02757430124311e-06,278528
2789,1,0.139449996477197,0.139449996477197,-0.000211073129321449,-0.630014359951019,1.01702064504364e-06,278528
2790,1,0.139499996475934,0.139499996475934,-0.000197627930901945,-0.629703462123871,1.00713924874817e-06,278528
2791,1,0.13954999647467,0.13954999647467,-0.000184182761586271,-0.629081547260284,9.979301109015e-07,278528
2792,1,0.139599996473407,0.139599996473407,-0.000173476393683814,-0.627216041088104,9.89256291436429e-07,278528
2793,1,0.139649996472144,0.139649996472144,-0.00016052917635534,-0.626905083656311,9.81229832821427e-07,278528
2794,1,0.139699996470881,0.139699996470881,-0.000148328923387453,-0.625661373138428,9.7381338683941e-07,278528
2795,1,0.139749996469618,0.139749996469618,-0.000135506197693758,-0.623795747756958,9.6703807712588e-07,278528
2796,1,0.139799996468355,0.139799996468355,-0.000123430407256819,-0.62348484992981,9.60866556918945e-07,278528
2797,1,0.139849996467092,0.139849996467092,-0.000110483197204303,-0.62161922454834,9.55342397198282e-07,278528
2798,1,0.139899996465829,0.139899996465829,-9.79094547801651e-05,-0.621308326721191,9.50446924582944e-07,278528
2799,1,0.139949996464566,0.139949996464566,-8.63316527102143e-05,-0.619131803512573,9.46130342056479e-07,278528
2800,1,0.139999996463303,0.139999996463303,-7.46293517295271e-05,-0.61788809299469,9.42398874564268e-07,278528
2801,1,0.140049996462039,0.140049996462039,-6.24290987616405e-05,-0.615400671958923,9.3927741970504e-07,278528
2802,1,0.140099996460776,0.140099996460776,-5.17227417731192e-05,-0.61508971452713,9.36691282681716e-07,278528
2803,1,0.140149996459513,0.140149996459513,-3.86510291718878e-05,-0.61229133605957,9.34758731271941e-07,278528
2804,1,0.14019999645825,0.14019999645825,-2.68242420133902e-05,-0.611358523368835,9.33417519205154e-07,278528
2805,1,0.140249996456987,0.140249996456987,-1.61178868438583e-05,-0.608249247074127,9.32611624883319e-07,278528
2806,1,0.140299996455724,0.140299996455724,-4.29110059485538e-06,-0.606383681297302,9.32397069858997e-07,278528
2807,1,0.140349996454461,0.140349996454461,6.66423829898122e-06,-0.605761826038361,9.32730281765528e-07,278528
2808,1,0.140399996453198,0.140399996453198,1.79930575541221e-05,-0.603274345397949,9.33629934620507e-07,278528
2809,1,0.140449996451935,0.140449996451935,2.85749192698859e-05,-0.600475966930389,9.35058680547908e-07,278528
2810,1,0.140499996450671,0.140499996450671,4.07751795137301e-05,-0.599232256412506,9.37097439472091e-07,278528
2811,1,0.140549996449408,0.140549996449408,5.18550114065874e-05,-0.59674483537674,9.39690189976922e-07,278528
2812,1,0.140599996448145,0.140599996448145,6.21878934907727e-05,-0.594257354736328,9.42799584572911e-07,278528
2813,1,0.140649996446882,0.140649996446882,7.28942468413152e-05,-0.592391788959503,9.46444296822904e-07,278528
2814,1,0.140699996445619,0.140699996445619,8.3227118011564e-05,-0.589904308319092,9.50605652618357e-07,278528
2815,1,0.140749996444356,0.140749996444356,9.29375382838771e-05,-0.587727844715118,9.55252529415161e-07,278528
2816,1,0.140799996443093,0.140799996443093,0.000103768383269198,-0.585240364074707,9.6044094844755e-07,278528
2817,1,0.14084999644183,0.14084999644183,0.000113727779535111,-0.582441985607147,9.66127337280656e-07,278528
2818,1,0.140899996440567,0.140899996440567,0.000123811667435803,-0.579021811485291,9.72317920496059e-07,278528
2819,1,0.140949996439304,0.140949996439304,0.000134269037516788,-0.577467083930969,9.79031372202302e-07,278528
2820,1,0.14099999643804,0.14099999643804,0.000143481491249986,-0.574046909809113,9.86205446583569e-07,278528
2821,1,0.141049996436777,0.141049996436777,0.000153440894791856,-0.571870386600494,9.9387749112935e-07,278528
2822,1,0.141099996435514,0.141099996435514,0.000162528827786446,-0.569072008132935,1.00200393231338e-06,278528
2823,1,0.141149996434251,0.141149996434251,0.000171865773154423,-0.565651774406433,1.01059722075402e-06,278528
2824,1,0.141199996432988,0.141199996432988,0.000180331262527034,-0.563786149024963,1.01961378365259e-06,278528
2825,1,0.141249996431725,0.141249996431725,0.000189294718438759,-0.559433162212372,1.02907851933543e-06,278528
2826,1,0.141299996430462,0.141299996430462,0.000199503105250187,-0.557256639003754,1.03905367434595e-06,278528
2827,1,0.141349996429199,0.141349996429199,0.000207595134270377,-0.553525507450104,1.04943343079725e-06,278528
2828,1,0.141399996427936,0.141399996427936,0.000216185115277767,-0.551659882068634,1.06024268628807e-06,278528
2829,1,0.141449996426672,0.141449996426672,0.000224526098463684,-0.547306835651398,1.07146899092766e-06,278528
2830,1,0.141499996425409,0.141499996425409,0.000231746671488509,-0.545441269874573,1.08305632420936e-06,278528
2831,1,0.141549996424146,0.141549996424146,0.000240585650317371,-0.541710138320923,1.09508560642135e-06,278528
2832,1,0.141599996422883,0.141599996422883,0.000248802156420425,-0.538289844989777,1.1075257139281e-06,278528
2833,1,0.14164999642162,0.14164999642162,0.000255649210885167,-0.535491526126862,1.12030817414945e-06,278528
2834,1,0.141699996420357,0.141699996420357,0.000263865746092051,-0.53300404548645,1.13350146112076e-06,278528
2835,1,0.141749996419094,0.141749996419094,0.000271335302386433,-0.5292729139328,1.14706822589736e-06,278528
2836,1,0.141799996417831,0.141799996417831,0.000278680352494121,-0.525541722774506,1.16100224317006e-06,278528
2837,1,0.141849996416568,0.141849996416568,0.000285278423689306,-0.523054301738739,1.17526616399419e-06,278528
2838,1,0.141899996415304,0.141899996415304,0.000292374490527436,-0.518701255321503,1.18988488815126e-06,278528
2839,1,0.141949996414041,0.141949996414041,0.000300093030091375,-0.515591979026794,1.20488953927678e-06,278528
2840,1,0.141999996412778,0.141999996412778,0.000306068686768413,-0.512793600559235,1.2201929732286e-06,278528
2841,1,0.142049996411515,0.142049996411515,0.000313040276523679,-0.509373366832733,1.23584498665938e-06,278528
2842,1,0.142099996410252,0.142099996410252,0.000318517937557772,-0.50626403093338,1.25177088313495e-06,278528
2843,1,0.142149996408989,0.142149996408989,0.000324618042213842,-0.502221941947937,1.26800178483562e-06,278528
2844,1,0.142199996407726,0.142199996407726,0.000331340648699552,-0.498490780591965,1.28456881685208e-06,278528
2845,1,0.142249996406463,0.142249996406463,0.000337440782459453,-0.494448691606522,1.30144085554882e-06,278528
2846,1,0.1422999964052,0.1422999964052,0.00034242047695443,-0.492583096027374,1.31856187896403e-06,278528
2847,1,0.142349996403937,0.142349996403937,0.000348769593983889,-0.490095645189285,1.33600035822269e-06,278528
2848,1,0.142399996402673,0.142399996402673,0.000354994233930483,-0.486053556203842,1.35375006947082e-06,278528
2849,1,0.14244999640141,0.14244999640141,0.000359226978616789,-0.481700569391251,1.37171141794792e-06,278528
2850,1,0.142499996400147,0.142499996400147,0.000364206673111767,-0.47952401638031,1.38992175114348e-06,278528
2851,1,0.142549996398884,0.142549996398884,0.000371178262867033,-0.475481927394867,1.40848066381799e-06,278528
2852,1,0.142599996397621,0.142599996397621,0.000375908944988623,-0.471439838409424,1.42727611059261e-06,278528
2853,1,0.142649996396358,0.142649996396358,0.00038151114131324,-0.468952387571335,1.44635166717638e-06,278528
2854,1,0.142699996395095,0.142699996395095,0.00038624185253866,-0.465221226215363,1.46566375931545e-06,278528
2855,1,0.142749996393832,0.142749996393832,0.000391097069950774,-0.46149006485939,1.48521861231899e-06,278528
2856,1,0.142799996392569,0.142799996392569,0.000396574760088697,-0.45838075876236,1.50504734982251e-06,278528
2857,1,0.142849996391305,0.142849996391305,0.000402176869101822,-0.455893307924271,1.52515619276961e-06,278528
2858,1,0.142899996390042,0.142899996390042,0.000405911676352844,-0.452162146568298,1.54545177607454e-06,278528
2859,1,0.142949996388779,0.142949996388779,0.000412011781008914,-0.448120057582855,1.56605236460457e-06,278528
2860,1,0.142999996387516,0.142999996387516,0.000416369031881914,-0.444699823856354,1.58687081567275e-06,278528
2861,1,0.143049996386253,0.143049996386253,0.000422220182372257,-0.442523330450058,1.60798182425805e-06,278528
2862,1,0.14309999638499,0.14309999638499,0.00042570594814606,-0.439724922180176,1.62926712112765e-06,278528
2863,1,0.143149996383727,0.143149996383727,0.000431183638283983,-0.435993790626526,1.65082630249721e-06,278528
2864,1,0.143199996382464,0.143199996382464,0.000436038855696097,-0.432884454727173,1.67262824473126e-06,278528
2865,1,0.143249996381201,0.143249996381201,0.000441516516730189,-0.429775148630142,1.69470407001008e-06,278528
2866,1,0.143299996379938,0.143299996379938,0.000446994177764282,-0.426976799964905,1.7170537783337e-06,278528
2867,1,0.143349996378674,0.143349996378674,0.000451724888989702,-0.42324560880661,1.7396400222126e-06,278528
2868,1,0.143399996377411,0.143399996377411,0.000457451562397182,-0.420136302709579,1.76251259975465e-06,278528
2869,1,0.143449996376148,0.143449996376148,0.000462306779809296,-0.416716068983078,1.78562793816118e-06,278528
2870,1,0.143499996374885,0.143499996374885,0.00046716196811758,-0.413606762886047,1.80898603597698e-06,278528
2871,1,0.143549996373622,0.143549996373622,0.000473137595690787,-0.411119312047958,1.8326429151639e-06,278528
2872,1,0.143599996372359,0.143599996372359,0.000478117290185764,-0.40801003575325,1.85654877906927e-06,278528
2873,1,0.143649996371096,0.143649996371096,0.000482599047245458,-0.405522584915161,1.88067873082197e-06,278528
2874,1,0.143699996369833,0.143699996369833,0.000487454235553741,-0.40210235118866,1.90505144198395e-06,278528
2875,1,0.14374999636857,0.14374999636857,0.000492931925691664,-0.400236755609512,1.92969803764591e-06,278528
2876,1,0.143799996367306,0.143799996367306,0.000497662578709424,-0.396816492080688,1.95458116595278e-06,278528
2877,1,0.143849996366043,0.143849996366043,0.000502268841955811,-0.394018143415451,1.97969460741615e-06,278528
2878,1,0.14389999636478,0.14389999636478,0.000505754665937275,-0.391530692577362,2.00498234007419e-06,278528
2879,1,0.143949996363517,0.143949996363517,0.000511481252033263,-0.388421416282654,2.0305564020298e-06,278528
2880,1,0.143999996362254,0.143999996362254,0.00051571405492723,-0.386555820703506,2.05634210412476e-06,278528
2881,1,0.144049996360991,0.144049996360991,0.00052044476615265,-0.383757412433624,2.08236434177502e-06,278528
2882,1,0.144099996359728,0.144099996359728,0.00052380608394742,-0.38127002120018,2.10855464531076e-06,278528
2883,1,0.144149996358465,0.144149996358465,0.000527665310073644,-0.378471612930298,2.13493791014795e-06,278528
2884,1,0.144199996357202,0.144199996357202,0.00053090212168172,-0.375673234462738,2.16148301556145e-06,278528
2885,1,0.144249996355938,0.144249996355938,0.000534512393642217,-0.374118596315384,2.18820863456842e-06,278528
2886,1,0.144299996354675,0.144299996354675,0.000537500192876905,-0.372253030538559,2.21508364353334e-06,278528
2887,1,0.144349996353412,0.144349996353412,0.000540239096153527,-0.368832796812057,2.24209559765864e-06,278528
2888,1,0.144399996352149,0.144399996352149,0.000542728928849101,-0.367899984121323,2.26923204341557e-06,278528
2889,1,0.144449996350886,0.144449996350886,0.000545592221897095,-0.365101605653763,2.29651165382128e-06,278528
2890,1,0.144499996349623,0.144499996349623,0.000547708594240248,-0.36385789513588,2.32389708284148e-06,278528
2891,1,0.14454999634836,0.14454999634836,0.000549077987670898,-0.360748589038849,2.35135098153148e-06,278528
2892,1,0.144599996347097,0.144599996347097,0.00055082089966163,-0.359815806150436,2.37889202581882e-06,278528
2893,1,0.144649996345834,0.144649996345834,0.000552563811652362,-0.357639253139496,2.40652021570349e-06,278528
2894,1,0.144699996344571,0.144699996344571,0.000553435296751559,-0.356084614992142,2.43419197984202e-06,278528
2895,1,0.144749996343307,0.144749996343307,0.000552688317839056,-0.354840904474258,2.46182639503587e-06,278528
2896,1,0.144799996342044,0.144799996342044,0.000552688317839056,-0.352664411067963,2.48946081022972e-06,278528
2897,1,0.144849996340781,0.144849996340781,0.00055281282402575,-0.352042526006699,2.51710145073274e-06,278528
2898,1,0.144899996339518,0.144899996339518,0.000551941338926554,-0.34862232208252,2.54469851698191e-06,278528
2899,1,0.144949996338255,0.144949996338255,0.000551443372387439,-0.348311364650726,2.57227068490475e-06,278528
2900,1,0.144999996336992,0.144999996336992,0.000550447381101549,-0.348311364650726,2.59979305326456e-06,278528
2901,1,0.145049996335729,0.145049996335729,0.00054808211280033,-0.345823913812637,2.62719715821229e-06,278528
2902,1,0.145099996334466,0.145099996334466,0.00054708612151444,-0.34395831823349,2.65455146359698e-06,278528
2903,1,0.145149996333203,0.145149996333203,0.000544471782632172,-0.343336492776871,2.68177505204086e-06,278528
2904,1,0.145199996331939,0.145199996331939,0.00054135947721079,-0.342403680086136,2.70884302521761e-06,278528
2905,1,0.145249996330676,0.145249996330676,0.000539367669261992,-0.340849041938782,2.73581140799943e-06,278528
2906,1,0.145299996329413,0.145299996329413,0.000535134924575686,-0.340849041938782,2.76256815355228e-06,278528
2907,1,0.14534999632815,0.14534999632815,0.000532271573320031,-0.339605331420898,2.78918173154597e-06,278528
2908,1,0.145399996326887,0.145399996326887,0.000528163276612759,-0.339916229248047,2.81558989470948e-06,278528
2909,1,0.145449996325624,0.145449996325624,0.000522312126122415,-0.338361591100693,2.84170550035586e-06,278528
2910,1,0.145499996324361,0.145499996324361,0.000519199820701033,-0.337117880582809,2.86766549073511e-06,278528
2911,1,0.145549996323098,0.145549996323098,0.000512850703671575,-0.337428778409958,2.8933080252709e-06,278528
2912,1,0.145599996321835,0.145599996321835,0.000507248507346958,-0.336495995521545,2.91867044999754e-06,278528
2913,1,0.145649996320572,0.145649996320572,0.000502019829582423,-0.336495995521545,2.94377144084256e-06,278528
2914,1,0.145699996319308,0.145699996319308,0.000494674779474735,-0.33463042974472,2.96850517919147e-06,278528
2915,1,0.145749996318045,0.145749996318045,0.000488948135171086,-0.334941357374191,2.99295258533243e-06,278528
2916,1,0.145799996316782,0.145799996316782,0.000481727591250092,-0.33463042974472,3.01703896428646e-06,278528
2917,1,0.145849996315519,0.145849996315519,0.000474631524411961,-0.33463042974472,3.04077053990755e-06,278528
2918,1,0.145899996314256,0.145899996314256,0.000466788478661329,-0.335874140262604,3.06410996325101e-06,278528
2919,1,0.145949996312993,0.145949996312993,0.000458571972558275,-0.335563242435455,3.0870385612997e-06,278528
2920,1,0.14599999631173,0.14599999631173,0.000450853462098166,-0.335252285003662,3.10958123383513e-06,278528
2921,1,0.146049996310467,0.146049996310467,0.000442636926891282,-0.335563242435455,3.1317130796206e-06,278528
2922,1,0.146099996309204,0.146099996309204,0.00043280201498419,-0.335252285003662,3.15335317982314e-06,278528
2923,1,0.14614999630794,0.14614999630794,0.000423216115450487,-0.335874140262604,3.17451398506109e-06,278528
2924,1,0.146199996306677,0.146199996306677,0.000414128182455897,-0.336495995521545,3.1952203936608e-06,278528
2925,1,0.146249996305414,0.146249996305414,0.000405164726544172,-0.336495995521545,3.21547862947624e-06,278528
2926,1,0.146299996304151,0.146299996304151,0.000394084869185463,-0.3380506336689,3.23518287243775e-06,278528
2927,1,0.146349996302888,0.146349996302888,0.000383627484552562,-0.338672518730164,3.25436424618081e-06,278528
2928,1,0.146399996301625,0.146399996301625,0.000372298702131957,-0.339294373989105,3.27297918081716e-06,278528
2929,1,0.146449996300362,0.146449996300362,0.000361218844773248,-0.34022718667984,3.29104012259956e-06,278528
2930,1,0.146499996299099,0.146499996299099,0.000350139016518369,-0.340849041938782,3.30854707298322e-06,278528
2931,1,0.146549996297836,0.146549996297836,0.000339557154802606,-0.341781824827194,3.32552493029445e-06,278528
2932,1,0.146599996296572,0.146599996296572,0.000327356887282804,-0.342092782258987,3.3418927742451e-06,278528
2933,1,0.146649996295309,0.146649996295309,0.000315530138323084,-0.343336492776871,3.35766928076271e-06,278528
2934,1,0.146699996294046,0.146699996294046,0.000302831875160336,-0.346134871244431,3.37281087413822e-06,278528
2935,1,0.146749996292783,0.146749996292783,0.000290507101453841,-0.346756726503372,3.38733622884397e-06,278528
2936,1,0.14679999629152,0.14679999629152,0.000277933373581618,-0.348311364650726,3.40123289717199e-06,278528
2937,1,0.146849996290257,0.146849996290257,0.00026486165006645,-0.349244177341461,3.41447597934076e-06,278528
2938,1,0.146899996288994,0.146899996288994,0.000251665478572249,-0.350798815488815,3.4270592529515e-06,278528
2939,1,0.146949996287731,0.146949996287731,0.000237597807426937,-0.352664411067963,3.43893914302273e-06,278528
2940,1,0.146999996286468,0.146999996286468,0.000224526098463684,-0.353286266326904,3.45016544766232e-06,278528
2941,1,0.147049996285205,0.147049996285205,0.000211080914596096,-0.355773717164993,3.4607194931255e-06,278528
2942,1,0.147099996283941,0.147099996283941,0.000197262241272256,-0.356706500053406,3.47058260493995e-06,278528
2943,1,0.147149996282678,0.147149996282678,0.000183817057404667,-0.358882993459702,3.479773457578e-06,278528
2944,1,0.147199996281415,0.147199996281415,0.000168628961546347,-0.361681401729584,3.48820490544233e-06,278528
2945,1,0.147249996280152,0.147249996280152,0.000154436827870086,-0.362614154815674,3.49592674664076e-06,278528
2946,1,0.147299996278889,0.147299996278889,0.000140120188007131,-0.365101605653763,3.50293275586413e-06,278528
2947,1,0.147349996277626,0.147349996277626,0.000124932106700726,-0.36696720123291,3.50917936104136e-06,278528
2948,1,0.147399996276363,0.147399996276363,0.00011073995847255,-0.368210941553116,3.51471635882511e-06,278528
2949,1,0.1474499962751,0.1474499962751,9.53028866206296e-05,-0.371009290218353,3.51948150303577e-06,278528
2950,1,0.147499996273837,0.147499996273837,8.03637958597392e-05,-0.374429523944855,3.52349969272725e-06,278528
2951,1,0.147549996272573,0.147549996272573,6.57981654512696e-05,-0.375984191894531,3.5267896009167e-06,278528
2952,1,0.14759999627131,0.14759999627131,5.09835626871791e-05,-0.377849757671356,3.52933877898666e-06,278528
2953,1,0.147649996270047,0.147649996270047,3.64179468306247e-05,-0.380648136138916,3.53115967628219e-06,278528
2954,1,0.147699996268784,0.147699996268784,2.06073982553789e-05,-0.383135586977005,3.53219004616893e-06,278528
2955,1,0.147749996267521,0.147749996267521,5.29482122146874e-06,-0.385933965444565,3.53245478722332e-06,278528
2956,1,0.147799996266258,0.147799996266258,-9.89326326816808e-06,-0.388421416282654,3.53196012407241e-06,278528
2957,1,0.147849996264995,0.147849996264995,-2.5330333301099e-05,-0.39090883731842,3.53069360743935e-06,278528
2958,1,0.147899996263732,0.147899996263732,-4.13898596889339e-05,-0.393085360527039,3.52862411450718e-06,278528
2959,1,0.147949996262469,0.147949996262469,-5.62044697289821e-05,-0.395883738994598,3.52581389109172e-06,278528
2960,1,0.147999996261206,0.147999996261206,-7.21395117579959e-05,-0.398682087659836,3.52220691559494e-06,278528
2961,1,0.148049996259942,0.148049996259942,-8.55847029015422e-05,-0.40210235118866,3.51792768055797e-06,278528
2962,1,0.148099996258679,0.148099996258679,-0.000102764664916322,-0.405211627483368,3.51278944744196e-06,278528
2963,1,0.148149996257416,0.148149996257416,-0.000118077237857506,-0.407388180494308,3.50688558569822e-06,278528
2964,1,0.148199996256153,0.148199996256153,-0.000133265304611996,-0.409875631332397,3.50022232063595e-06,278528
2965,1,0.14824999625489,0.14824999625489,-0.000148702398291789,-0.413606762886047,3.49278720090919e-06,278528
2966,1,0.148299996253627,0.148299996253627,-0.000164637443958782,-0.41640517115593,3.48455532891921e-06,278528
2967,1,0.148349996252364,0.148349996252364,-0.000180074493982829,-0.419514447450638,3.47555160444752e-06,278528
2968,1,0.148399996251101,0.148399996251101,-0.000195013592019677,-0.422312825918198,3.46580092509286e-06,278528
2969,1,0.148449996249838,0.148449996249838,-0.000210201687877998,-0.424800246953964,3.45529084096446e-06,278528
2970,1,0.148499996248574,0.148499996248574,-0.000225514260819182,-0.428531438112259,3.44401512820835e-06,278528
2971,1,0.148549996247311,0.148549996247311,-0.000241200308664702,-0.431329786777496,3.43195511307978e-06,278528
2972,1,0.148599996246048,0.148599996246048,-0.000255516933975741,-0.435060977935791,3.41917926670374e-06,278528
2973,1,0.148649996244785,0.148649996244785,-0.000271078519290313,-0.437237471342087,3.40562534108162e-06,278528
2974,1,0.148699996243522,0.148699996243522,-0.000286017602775246,-0.442212373018265,3.39132446130413e-06,278528
2975,1,0.148749996242259,0.148749996242259,-0.000300583225907758,-0.445010721683502,3.37629530038841e-06,278528
2976,1,0.148799996240996,0.148799996240996,-0.000314401899231598,-0.447187274694443,3.36057520582396e-06,278528
2977,1,0.148849996239733,0.148849996239733,-0.000328718509990722,-0.451851218938828,3.34413928073963e-06,278528
2978,1,0.14889999623847,0.14889999623847,-0.000342910701874644,-0.454338669776917,3.32699374607903e-06,278528
2979,1,0.148949996237207,0.148949996237207,-0.000357102835550904,-0.457447946071625,3.30913860475254e-06,278528
2980,1,0.148999996235943,0.148999996235943,-0.00037079697358422,-0.461179137229919,3.29059875654168e-06,278528
2981,1,0.14904999623468,0.14904999623468,-0.000385362625820562,-0.464910298585892,3.27133062573741e-06,278528
2982,1,0.149099996233417,0.149099996233417,-0.000398683303501457,-0.467086791992188,3.25139646106592e-06,278528
2983,1,0.149149996232154,0.149149996232154,-0.000412128487369046,-0.471128880977631,3.23079003721803e-06,278528
2984,1,0.149199996230891,0.149199996230891,-0.000425200239988044,-0.474549144506454,3.2095300257557e-06,278528
2985,1,0.149249996229628,0.149249996229628,-0.000438271934399381,-0.477036565542221,3.18761642958931e-06,278528
2986,1,0.149299996228365,0.149299996228365,-0.000451966101536527,-0.481389611959457,3.16501812508337e-06,278528
2987,1,0.149349996227102,0.149349996227102,-0.000463668402517214,-0.485431700944901,3.14183470554317e-06,278528
2988,1,0.149399996225839,0.149399996225839,-0.000477113586384803,-0.488230109214783,3.11797902682657e-06,278528
2989,1,0.149449996224575,0.149449996224575,-0.000487819954287261,-0.490717500448227,3.09358802972838e-06,278528
2990,1,0.149499996223312,0.149499996223312,-0.000499646703246981,-0.495070546865463,3.06860569519714e-06,278528
2991,1,0.149549996222049,0.149549996222049,-0.000512469501700252,-0.498801738023758,3.04298222075943e-06,278528
2992,1,0.149599996220786,0.149599996220786,-0.000522677844855934,-0.502221941947937,3.01684832917683e-06,278528
2993,1,0.149649996219523,0.149649996219523,-0.00053400662727654,-0.50533127784729,2.99014799848751e-06,278528
2994,1,0.14969999621826,0.14969999621826,-0.000544961949344724,-0.509373366832733,2.96289990170862e-06,278528
2995,1,0.149749996216997,0.149749996216997,-0.000554423430003226,-0.512482643127441,2.93517873090875e-06,278528
2996,1,0.149799996215734,0.149799996215734,-0.00056537875207141,-0.514970123767853,2.90690979401932e-06,278528
2997,1,0.149849996214471,0.149849996214471,-0.000573346216697246,-0.518390357494354,2.87824248390865e-06,278528
2998,1,0.149899996213207,0.149899996213207,-0.000583928136620671,-0.521499633789063,2.84904607781518e-06,278528
2999,1,0.149949996211944,0.149949996211944,-0.000591148738749325,-0.524919867515564,2.8194886416244e-06,278528
3000,1,0.149999996210681,0.149999996210681,-0.000600485655013472,-0.528340101242065,2.7894643596322e-06,278528
3001,1,0.150049996209418,0.150049996209418,-0.000608702132012695,-0.532693147659302,2.75902925380042e-06,278528
3002,1,0.150099996208155,0.150099996208155,-0.000616296252701432,-0.534247756004333,2.7282144419438e-06,278528
3003,1,0.150149996206892,0.150149996206892,-0.000622769759502262,-0.538289844989777,2.69707595475531e-06,278528
3004,1,0.150199996205629,0.150199996205629,-0.000628745416179299,-0.539533615112305,2.66563868474052e-06,278528
3005,1,0.150249996204366,0.150249996204366,-0.000635219097603112,-0.544197559356689,2.63387773066271e-06,278528
3006,1,0.150299996203103,0.150299996203103,-0.000640074256807566,-0.546684980392456,2.60187401863081e-06,278528
3007,1,0.15034999620184,0.15034999620184,-0.000645427440758795,-0.551038026809692,2.56960264740812e-06,278528
3008,1,0.150399996200576,0.150399996200576,-0.000651403039228171,-0.553836405277252,2.5370324962695e-06,278528
3009,1,0.150449996199313,0.150449996199313,-0.000656631716992706,-0.556634783744812,2.50420091124926e-06,278528
3010,1,0.15049999619805,0.15049999619805,-0.000658623641356826,-0.55881130695343,2.47126973001333e-06,278528
3011,1,0.150549996196787,0.150549996196787,-0.000661984959151596,-0.563164293766022,2.43817048289191e-06,278528
3012,1,0.150599996195524,0.150599996195524,-0.000663852319121361,-0.564408004283905,2.40497786777436e-06,278528
3013,1,0.150649996194261,0.150649996194261,-0.000666217703837901,-0.5681391954422,2.37166698342397e-06,278528
3014,1,0.150699996192998,0.150699996192998,-0.000667960557620972,-0.570626676082611,2.33826895638662e-06,278528
3015,1,0.150749996191735,0.150749996191735,-0.000669952481985092,-0.573735952377319,2.30477133313359e-06,278528
3016,1,0.150799996190472,0.150799996190472,-0.000669454515445977,-0.574979722499847,2.27129860820688e-06,278528
3017,1,0.150849996189208,0.150849996189208,-0.000668956548906863,-0.578399896621704,2.2378507816065e-06,278528
3018,1,0.150899996187945,0.150899996187945,-0.000668707536533475,-0.581509232521057,2.20441540562448e-06,278528
3019,1,0.150949996186682,0.150949996186682,-0.000667587097268552,-0.583685755729675,2.17103605160428e-06,278528
3020,1,0.150999996185419,0.150999996185419,-0.000665346276946366,-0.585862219333649,2.13776873859737e-06,278528
3021,1,0.151049996184156,0.151049996184156,-0.000662856386043131,-0.588971555233002,2.10462592013247e-06,278528
3022,1,0.151099996182893,0.151099996182893,-0.000659744080621749,-0.592080891132355,2.07163871693471e-06,278528
3023,1,0.15114999618163,0.15114999618163,-0.000656133808661252,-0.59394645690918,2.03883202733041e-06,278528
3024,1,0.151199996180367,0.151199996180367,-0.000653519469778985,-0.596122980117798,2.00615605466693e-06,278528
3025,1,0.151249996179104,0.151249996179104,-0.000647917273454368,-0.598610401153564,1.9737601918126e-06,278528
3026,1,0.151299996177841,0.151299996177841,-0.000642564089503139,-0.600786924362183,1.94163198814907e-06,278528
3027,1,0.151349996176577,0.151349996176577,-0.000637459859717637,-0.603274345397949,1.90975899596836e-06,278528
3028,1,0.151399996175314,0.151399996175314,-0.00063111080089584,-0.605761826038361,1.87820345672073e-06,278528
3029,1,0.151449996174051,0.151449996174051,-0.000625010696239769,-0.606383681297302,1.8469529226982e-06,278528
3030,1,0.151499996172788,0.151499996172788,-0.000618537014815956,-0.608249247074127,1.81602607273868e-06,278528
3031,1,0.151549996171525,0.151549996171525,-0.000610196031630039,-0.611047625541687,1.78551627192792e-06,278528
3032,1,0.151599996170262,0.151599996170262,-0.000603722466621548,-0.611669480800629,1.75533014935941e-06,278528
3033,1,0.151649996168999,0.151649996168999,-0.000595505931414664,-0.614467859268188,1.72555485354086e-06,278528
3034,1,0.151699996167736,0.151699996167736,-0.000586542533710599,-0.614778816699982,1.6962277275962e-06,278528
3035,1,0.151749996166473,0.151749996166473,-0.0005778280319646,-0.617577135562897,1.66733632672783e-06,278528
3036,1,0.151799996165209,0.151799996165209,-0.000567993090953678,-0.618820905685425,1.63893667289758e-06,278528
3037,1,0.151849996163946,0.151849996163946,-0.000558531668502837,-0.620375514030457,1.61101009017792e-06,278528
3038,1,0.151899996162683,0.151899996162683,-0.000550066179130226,-0.620997369289398,1.5835067819162e-06,278528
3039,1,0.15194999616142,0.15194999616142,-0.000540231238119304,-0.62348484992981,1.5564952206926e-06,278528
3040,1,0.151999996160157,0.151999996160157,-0.000530022894963622,-0.6244176030159,1.5299940766139e-06,278528
3041,1,0.152049996158894,0.152049996158894,-0.00051881856052205,-0.625972270965576,1.50405314924312e-06,278528
3042,1,0.152099996157631,0.152099996157631,-0.000508485711179674,-0.626905083656311,1.47862886432641e-06,278528
3043,1,0.152149996156368,0.152149996156368,-0.000497779343277216,-0.627837836742401,1.45373989779129e-06,278528
3044,1,0.152199996155105,0.152199996155105,-0.000486326025566086,-0.628770649433136,1.42942359712727e-06,278528
3045,1,0.152249996153841,0.152249996153841,-0.000475246197311208,-0.630325317382813,1.405661287862e-06,278528
3046,1,0.152299996152578,0.152299996152578,-0.000464041862869635,-0.630325317382813,1.38245919530465e-06,278528
3047,1,0.152349996151315,0.152349996151315,-0.000452837557531893,-0.630947172641754,1.35981731800004e-06,278528
3048,1,0.152399996150052,0.152399996150052,-0.000440388306742534,-0.632501840591431,1.33779790321917e-06,278528
3049,1,0.152449996148789,0.152449996148789,-0.000429681938840076,-0.631879925727844,1.3163138068199e-06,278528
3050,1,0.152499996147526,0.152499996147526,-0.000416859227698296,-0.632812738418579,1.29547084596152e-06,278528
3051,1,0.152549996146263,0.152549996146263,-0.000405032420530915,-0.633434653282166,1.27521922544657e-06,278528
3052,1,0.152599996145,0.152599996145,-0.000393081136280671,-0.634678363800049,1.25556516912904e-06,278528
3053,1,0.152649996143737,0.152649996143737,-0.00038125435821712,-0.634989261627197,1.23650245169975e-06,278528
3054,1,0.152699996142474,0.152699996142474,-0.000368058157619089,-0.636233031749725,1.21809954428369e-06,278528
3055,1,0.15274999614121,0.15274999614121,-0.000356604839907959,-0.634989261627197,1.20026930273873e-06,278528
3056,1,0.152799996139947,0.152799996139947,-0.000343408639309928,-0.634678363800049,1.18309887120699e-06,278528
3057,1,0.152849996138684,0.152849996138684,-0.000331830844515935,-0.633745551109314,1.16650732940033e-06,278528
3058,1,0.152899996137421,0.152899996137421,-0.00031851016683504,-0.634678363800049,1.15058182146089e-06,278528
3059,1,0.152949996136158,0.152949996136158,-0.000306434405501932,-0.634678363800049,1.13526010157286e-06,278528
3060,1,0.152999996134895,0.152999996134895,-0.000294109631795436,-0.634678363800049,1.12055462035458e-06,278528
3061,1,0.153049996133632,0.153049996133632,-0.000281535903923213,-0.633434653282166,1.10647782551402e-06,278528
3062,1,0.153099996132369,0.153099996132369,-0.000268588657490909,-0.633434653282166,1.09304839297874e-06,278528
3063,1,0.153149996131106,0.153149996131106,-0.000255890423431993,-0.632812738418579,1.08025387213035e-06,278528
3064,1,0.153199996129842,0.153199996129842,-0.000243939139181748,-0.632501840591431,1.06805691547939e-06,278528
3065,1,0.153249996128579,0.153249996128579,-0.000230369463679381,-0.632190942764282,1.0565384425864e-06,278528
3066,1,0.153299996127316,0.153299996127316,-0.000218667162698694,-0.630325317382813,1.04560508472766e-06,278528
3067,1,0.153349996126053,0.153349996126053,-0.000206466909730807,-0.630636215209961,1.03528173950191e-06,278528
3068,1,0.15339999612479,0.15339999612479,-0.000194142165128142,-0.630947172641754,1.02557463149073e-06,278528
3069,1,0.153449996123527,0.153449996123527,-0.000181070441612974,-0.628459751605988,1.01652110963879e-06,278528
3070,1,0.153499996122264,0.153499996122264,-0.000168745667906478,-0.629081547260284,1.00808382645661e-06,278528
3071,1,0.153549996121001,0.153549996121001,-0.000156545414938591,-0.627526938915253,1.00025655590741e-06,278528
3072,1,0.153599996119738,0.153599996119738,-0.000144220655784011,-0.625039458274841,9.93045523300379e-07,278528
3073,1,0.153649996118475,0.153649996118475,-0.000131646927911788,-0.623795747756958,9.86463177071074e-07,278528
3074,1,0.153699996117211,0.153699996117211,-0.00011932216148125,-0.623173892498016,9.80497069147728e-07,278528
3075,1,0.153749996115948,0.153749996115948,-0.000106997409602627,-0.62161922454834,9.75147198802746e-07,278528
3076,1,0.153799996114685,0.153799996114685,-9.5544099167455e-05,-0.620997369289398,9.70369993965055e-07,278528
3077,1,0.153849996113422,0.153849996113422,-8.25968745630234e-05,-0.618199050426483,9.66240150341233e-07,278528
3078,1,0.153899996112159,0.153899996112159,-7.12680630385876e-05,-0.617577135562897,9.62676747279322e-07,278528
3079,1,0.153949996110896,0.153949996110896,-5.96902609686367e-05,-0.615711569786072,9.59692234306286e-07,278528
3080,1,0.153999996109633,0.153999996109633,-4.76144850836135e-05,-0.614467859268188,9.57311510112247e-07,278528
3081,1,0.15404999610837,0.15404999610837,-3.52897295670118e-05,-0.613535046577454,9.55547023678471e-07,278528
3082,1,0.154099996107107,0.154099996107107,-2.45833780354587e-05,-0.610425770282745,9.5431785480775e-07,278528
3083,1,0.154149996105843,0.154149996105843,-1.30055750560132e-05,-0.608871102333069,9.53667576071376e-07,278528
3084,1,0.15419999610458,0.15419999610458,-9.29803320559586e-07,-0.607005536556244,9.53621085906523e-07,278528
3085,1,0.154249996103317,0.154249996103317,1.03990132629406e-05,-0.604518055915833,9.54141036556535e-07,278528
3086,1,0.154299996102054,0.154299996102054,2.11053684324725e-05,-0.603274345397949,9.551963049515e-07,278528
3087,1,0.154349996100791,0.154349996100791,3.18117236020043e-05,-0.600475966930389,9.56786891091419e-07,278528
3088,1,0.154399996099528,0.154399996099528,4.38874922110699e-05,-0.598610401153564,9.58981265646538e-07,278528
3089,1,0.154449996098265,0.154449996098265,5.40958790224977e-05,-0.595190167427063,9.61686059529334e-07,278528
3090,1,0.154499996097002,0.154499996097002,6.49267312837765e-05,-0.595190167427063,9.64932396011513e-07,278528
3091,1,0.154549996095739,0.154549996095739,7.55085929995403e-05,-0.592391788959503,9.68707825566115e-07,278528
3092,1,0.154599996094476,0.154599996094476,8.62149390741251e-05,-0.588660657405853,9.73018572410923e-07,278528
3093,1,0.154649996093212,0.154649996093212,9.59253520704806e-05,-0.586173176765442,9.77814839893283e-07,278528
3094,1,0.154699996091949,0.154699996091949,0.000106382729427423,-0.583374798297882,9.83133976230281e-07,278528
3095,1,0.154749996090686,0.154749996090686,0.000117089082777966,-0.580887377262115,9.88988430221284e-07,278528
3096,1,0.154799996089423,0.154799996089423,0.000126799495774321,-0.579643666744232,9.95328404849838e-07,278528
3097,1,0.15484999608816,0.15484999608816,0.000136509916046634,-0.576845228672028,1.00215390047974e-06,278528
3098,1,0.154899996086897,0.154899996086897,0.00014646930503659,-0.573114097118378,1.00947736554657e-06,278528
3099,1,0.154949996085634,0.154949996085634,0.000155930742039345,-0.571559429168701,1.01727390245158e-06,278528
3100,1,0.154999996084371,0.154999996084371,0.000165392164490186,-0.567517340183258,1.02554351046718e-06,278528
3101,1,0.155049996083108,0.155049996083108,0.000174480126588605,-0.565962731838226,1.03426751657622e-06,278528
3102,1,0.155099996081844,0.155099996081844,0.000183319090865552,-0.56160968542099,1.04343347088795e-06,278528
3103,1,0.155149996080581,0.155149996080581,0.000192407038412057,-0.559122204780579,1.05305382256552e-06,278528
3104,1,0.155199996079318,0.155199996079318,0.000201494985958561,-0.556323826313019,1.06312857160894e-06,278528
3105,1,0.155249996078055,0.155249996078055,0.000210582933505066,-0.554147362709045,1.0736577180182e-06,278528
3106,1,0.155299996076792,0.155299996076792,0.000220044370507821,-0.550416171550751,1.08465993626565e-06,278528
3107,1,0.155349996075529,0.155349996075529,0.000228011893341318,-0.546995937824249,1.09606053064472e-06,278528
3108,1,0.155399996074266,0.155399996074266,0.000235730432905257,-0.543575704097748,1.10784705199223e-06,278528
3109,1,0.155449996073003,0.155449996073003,0.00024307549756486,-0.54046642780304,1.12000082656344e-06,278528
3110,1,0.15549999607174,0.15549999607174,0.000250420533120632,-0.537357091903687,1.13252185290316e-06,278528
3111,1,0.155549996070476,0.155549996070476,0.00025876154541038,-0.535180568695068,1.14545992984684e-06,278528
3112,1,0.155599996069213,0.155599996069213,0.000265733135165647,-0.531760334968567,1.15874658626947e-06,278528
3113,1,0.15564999606795,0.15564999606795,0.00027394961216487,-0.528029203414917,1.17244406653169e-06,278528
3114,1,0.155699996066687,0.155699996066687,0.000279800733551383,-0.524919867515564,1.18643410285584e-06,278528
3115,1,0.155749996065424,0.155749996065424,0.000287643779302016,-0.520877778530121,1.20081629145762e-06,278528
3116,1,0.155799996064161,0.155799996064161,0.00029486435232684,-0.518390357494354,1.21555950870151e-06,278528
3117,1,0.155849996062898,0.155849996062898,0.000301213498460129,-0.51465916633606,1.23062018324406e-06,278528
3118,1,0.155899996061635,0.155899996061635,0.000307936075842008,-0.513104498386383,1.2460169866472e-06,278528
3119,1,0.155949996060372,0.155949996060372,0.000314036209601909,-0.509373366832733,1.26171879673063e-06,278528
3120,1,0.155999996059109,0.155999996059109,0.000319638347718865,-0.504398465156555,1.27770071371284e-06,278528
3121,1,0.156049996057845,0.156049996057845,0.000326360954204574,-0.50253289937973,1.29401876101084e-06,278528
3122,1,0.156099996056582,0.156099996056582,0.000332585594151169,-0.497868925333023,1.31064804029831e-06,278528
3123,1,0.156149996055319,0.156149996055319,0.000337689794832841,-0.494448691606522,1.32753252961341e-06,278528
3124,1,0.156199996054056,0.156199996054056,0.00034441237221472,-0.491650313138962,1.34475314778912e-06,278528
3125,1,0.156249996052793,0.156249996052793,0.000349765556165949,-0.487608224153519,1.36224142515563e-06,278528
3126,1,0.15629999605153,0.15629999605153,0.000355118740117177,-0.484809845685959,1.37999736171293e-06,278528
3127,1,0.156349996050267,0.156349996050267,0.000360347417881712,-0.480145871639252,1.39801473215186e-06,278528
3128,1,0.156399996049004,0.156399996049004,0.000366945518180728,-0.478591233491898,1.4163620075974e-06,278528
3129,1,0.156449996047741,0.156449996047741,0.000373792601749301,-0.473927289247513,1.43505163721273e-06,278528
3130,1,0.156499996046477,0.156499996046477,0.000377278396626934,-0.471750766038895,1.45391555656753e-06,278528
3131,1,0.156549996045214,0.156549996045214,0.000381137651856989,-0.468019604682922,1.47297243867897e-06,278528
3132,1,0.156599996043951,0.156599996043951,0.000387735752156004,-0.464599341154099,1.49235922579701e-06,278528
3133,1,0.156649996042688,0.156649996042688,0.000393088936107233,-0.461179137229919,1.51201367210586e-06,278528
3134,1,0.156699996041425,0.156699996041425,0.000397570664063096,-0.456515163183212,1.53189220480684e-06,278528
3135,1,0.156749996040162,0.156749996040162,0.000402176869101822,-0.454649597406387,1.55200104775394e-06,278528
3136,1,0.156799996038899,0.156799996038899,0.000408401509048417,-0.451229363679886,1.57242112269051e-06,278528
3137,1,0.156849996037636,0.156849996037636,0.000412509747548029,-0.447498172521591,1.59304660954687e-06,278528
3138,1,0.156899996036373,0.156899996036373,0.000418858893681318,-0.445321679115295,1.61398955370187e-06,278528
3139,1,0.15694999603511,0.15694999603511,0.000422967132180929,-0.441901445388794,1.63513790977666e-06,278528
3140,1,0.156999996033846,0.156999996033846,0.000428693805588409,-0.437859326601028,1.6565725995146e-06,278528
3141,1,0.157049996032583,0.157049996032583,0.000434544926974922,-0.434128195047379,1.67829984531447e-06,278528
3142,1,0.15709999603132,0.15709999603132,0.000438279705122113,-0.431018888950348,1.70021383001698e-06,278528
3143,1,0.157149996030057,0.157149996030057,0.000443508411990479,-0.429464250802994,1.72238925005631e-06,278528
3144,1,0.157199996028794,0.157199996028794,0.000448861566837877,-0.425111204385757,1.74483232783124e-06,278528
3145,1,0.157249996027531,0.157249996027531,0.000453841261332855,-0.422001898288727,1.76752439032463e-06,278528
3146,1,0.157299996026268,0.157299996026268,0.000458322989288718,-0.418892562389374,1.79044053921016e-06,278528
3147,1,0.157349996025005,0.157349996025005,0.000465045595774427,-0.415472358465195,1.81369281841148e-06,278528
3148,1,0.157399996023742,0.157399996023742,0.000469776306999847,-0.412673979997635,1.83718163316809e-06,278528
3149,1,0.157449996022478,0.157449996022478,0.000474382541142404,-0.410497456789017,1.86090075962602e-06,278528
3150,1,0.157499996021215,0.157499996021215,0.000479486712720245,-0.407699078321457,1.88487509465639e-06,278528
3151,1,0.157549996019952,0.157549996019952,0.000484217453049496,-0.404900729656219,1.90908596669724e-06,278528
3152,1,0.157599996018689,0.157599996018689,0.000489819620270282,-0.400547683238983,1.93357694709206e-06,278528
3153,1,0.157649996017426,0.157649996017426,0.000494550331495702,-0.399614900350571,1.95830446304218e-06,278528
3154,1,0.157699996016163,0.157699996016163,0.000498036097269505,-0.396194666624069,1.98320626727658e-06,278528
3155,1,0.1577499960149,0.1577499960149,0.000503389281220734,-0.393085360527039,2.00837573070178e-06,278528
3156,1,0.157799996013637,0.157799996013637,0.000507995544467121,-0.390286952257156,2.03377550728349e-06,278528
3157,1,0.157849996012374,0.157849996012374,0.000511979218572378,-0.389354199171066,2.05937446756542e-06,278528
3158,1,0.15789999601111,0.15789999601111,0.000517332402523607,-0.385623008012772,2.08524108703816e-06,278528
3159,1,0.157949996009847,0.157949996009847,0.00052044476615265,-0.382824659347534,2.11126332468841e-06,278528
3160,1,0.157999996008584,0.157999996008584,0.000524179544299841,-0.38127002120018,2.13747230124131e-06,278528
3161,1,0.158049996007321,0.158049996007321,0.00052853679517284,-0.377849757671356,2.16389914033235e-06,278528
3162,1,0.158099996006058,0.158099996006058,0.000532645033672452,-0.37536233663559,2.19053139134319e-06,278528
3163,1,0.158149996004795,0.158149996004795,0.00053662876598537,-0.374740481376648,2.21736282896464e-06,278528
3164,1,0.158199996003532,0.158199996003532,0.000538620632141829,-0.372253030538559,2.2442938598914e-06,278528
3165,1,0.158249996002269,0.158249996002269,0.00054135947721079,-0.369454652070999,2.27136183306814e-06,278528
3166,1,0.158299996001006,0.158299996001006,0.000544347334653139,-0.367278128862381,2.29857919911323e-06,278528
3167,1,0.158349995999743,0.158349995999743,0.000546837167348713,-0.364790678024292,2.32592105678995e-06,278528
3168,1,0.158399995998479,0.158399995998479,0.000548331066966057,-0.362614154815674,2.35333760944565e-06,278528
3169,1,0.158449995997216,0.158449995997216,0.000549451564438641,-0.361370444297791,2.38081018697357e-06,278528
3170,1,0.158499995995953,0.158499995995953,0.000551069912035018,-0.358882993459702,2.40836368187926e-06,278528
3171,1,0.15854999599469,0.15854999599469,0.000552065845113248,-0.357017397880554,2.4359669734376e-06,278528
3172,1,0.158599995993427,0.158599995993427,0.000552439305465668,-0.355151861906052,2.4635889380131e-06,278528
3173,1,0.158649995992164,0.158649995992164,0.000553061778191477,-0.353908121585846,2.4912420262241e-06,278528
3174,1,0.158699995990901,0.158699995990901,0.00055380875710398,-0.352042526006699,2.51893246337978e-06,278528
3175,1,0.158749995989638,0.158749995989638,0.000553310732357204,-0.350798815488815,2.54659799929875e-06,278528
3176,1,0.158799995988375,0.158799995988375,0.000552563811652362,-0.34955507516861,2.57422618918342e-06,278528
3177,1,0.158849995987111,0.158849995987111,0.000551941338926554,-0.348311364650726,2.60182325543258e-06,278528
3178,1,0.158899995985848,0.158899995985848,0.000550945405848324,-0.346445769071579,2.6293705250291e-06,278528
3179,1,0.158949995984585,0.158949995984585,0.000548455573152751,-0.345202058553696,2.65679330299398e-06,278528
3180,1,0.158999995983322,0.158999995983322,0.000546588154975325,-0.344269275665283,2.68412271005235e-06,278528
3181,1,0.159049995982059,0.159049995982059,0.00054372486192733,-0.343336492776871,2.71130895246193e-06,278528
3182,1,0.159099995980796,0.159099995980796,0.000541110523045063,-0.343025535345078,2.7383644779307e-06,278528
3183,1,0.159149995979533,0.159149995979533,0.000539243163075298,-0.340849041938782,2.76532663540335e-06,278528
3184,1,0.15919999597827,0.15919999597827,0.000534885853994638,-0.339916229248047,2.79207092742746e-06,278528
3185,1,0.159249995977007,0.159249995977007,0.000530528661329299,-0.339605331420898,2.81859735982381e-06,278528
3186,1,0.159299995975744,0.159299995975744,0.000526793883182108,-0.3380506336689,2.84493705331752e-06,278528
3187,1,0.15934999597448,0.15934999597448,0.0005218141595833,-0.337739735841751,2.87102776063758e-06,278528
3188,1,0.159399995973217,0.159399995973217,0.000517207954544574,-0.337739735841751,2.89688815771152e-06,278528
3189,1,0.159449995971954,0.159449995971954,0.000511730264406651,-0.336495995521545,2.92247467028548e-06,278528
3190,1,0.159499995970691,0.159499995970691,0.000506252574268728,-0.336185097694397,2.94778729835947e-06,278528
3191,1,0.159549995969428,0.159549995969428,0.000500525929965079,-0.336185097694397,2.9728135942255e-06,278528
3192,1,0.159599995968165,0.159599995968165,0.000493803410790861,-0.335563242435455,2.99750376414132e-06,278528
3193,1,0.159649995966902,0.159649995966902,0.000487578741740435,-0.33463042974472,3.02188270061248e-06,278528
3194,1,0.159699995965639,0.159699995965639,0.000480358139611781,-0.335252285003662,3.04590060698633e-06,278528
3195,1,0.159749995964376,0.159749995964376,0.000471394712803885,-0.334941357374191,3.0694703420311e-06,278528
3196,1,0.159799995963112,0.159799995963112,0.000465543562313542,-0.33431950211525,3.09274751955874e-06,278528
3197,1,0.159849995961849,0.159849995961849,0.000457949528936297,-0.333386689424515,3.11564499542712e-06,278528
3198,1,0.159899995960586,0.159899995960586,0.000448737060651183,-0.335874140262604,3.13808184789288e-06,278528
3199,1,0.159949995959323,0.159949995959323,0.000439898110926151,-0.336806952953339,3.16007675288355e-06,278528
3200,1,0.15999999595806,0.15999999595806,0.000430810177931562,-0.335563242435455,3.18161726123597e-06,278528
3201,1,0.160049995956797,0.160049995956797,0.000422220182372257,-0.334941357374191,3.20272826982127e-06,278528
3202,1,0.160099995955534,0.160099995955534,0.000412136258091778,-0.336806952953339,3.22333508220529e-06,278528
3203,1,0.160149995954271,0.160149995954271,0.000401180965127423,-0.337117880582809,3.24339412995492e-06,278528
3204,1,0.160199995953008,0.160199995953008,0.00039097256376408,-0.337117880582809,3.26294275764929e-06,278528
3205,1,0.160249995951744,0.160249995951744,0.000380764162400737,-0.338672518730164,3.28198096528838e-06,278528
3206,1,0.160299995950481,0.160299995950481,0.000369684363249689,-0.338983446359634,3.30046518298391e-06,278528
3207,1,0.160349995949218,0.160349995949218,0.000359724974259734,-0.339916229248047,3.31845143124253e-06,278528
3208,1,0.160399995947955,0.160399995947955,0.000347649183822796,-0.341159969568253,3.33583388999455e-06,278528
3209,1,0.160449995946692,0.160449995946692,0.000335199933033437,-0.341781824827194,3.35259388622283e-06,278528
3210,1,0.160499995945429,0.160499995945429,0.000323497632052749,-0.34395831823349,3.36876876741685e-06,278528
3211,1,0.160549995944166,0.160549995944166,0.000311297364532948,-0.343647420406342,3.3843336352503e-06,278528
3212,1,0.160599995942903,0.160599995942903,0.000298972590826452,-0.345202058553696,3.39928226441399e-06,278528
3213,1,0.16064999594164,0.16064999594164,0.00028677232330665,-0.347067624330521,3.4136208802171e-06,278528
3214,1,0.160699995940377,0.160699995940377,0.000273825135082006,-0.348311364650726,3.42731213662533e-06,278528
3215,1,0.160749995939113,0.160749995939113,0.000260877917753533,-0.34955507516861,3.44035603218349e-06,278528
3216,1,0.16079999593785,0.16079999593785,0.000247681717155501,-0.350798815488815,3.45274011772841e-06,278528
3217,1,0.160849995936587,0.160849995936587,0.000234858962357976,-0.352664411067963,3.46448306554966e-06,278528
3218,1,0.160899995935324,0.160899995935324,0.000220293353777379,-0.354219049215317,3.47549773296028e-06,278528
3219,1,0.160949995934061,0.160949995934061,0.000206599172088318,-0.356395572423935,3.48582769130374e-06,278528
3220,1,0.160999995932798,0.160999995932798,0.000193153988220729,-0.357950210571289,3.4954853904708e-06,278528
3221,1,0.161049995931535,0.161049995931535,0.000178588365088217,-0.359504848718643,3.50441480849963e-06,278528
3222,1,0.161099995930272,0.161099995930272,0.000164147248142399,-0.36105951666832,3.51262217069942e-06,278528
3223,1,0.161149995929009,0.161149995929009,0.000150079576997086,-0.363236039876938,3.52012614935971e-06,278528
3224,1,0.161199995927745,0.161199995927745,0.000135016001877375,-0.365412533283234,3.52687694928303e-06,278528
3225,1,0.161249995926482,0.161249995926482,0.00012069936201442,-0.367899984121323,3.5329119172313e-06,278528
3226,1,0.161299995925219,0.161299995925219,0.000106009254523087,-0.370076507329941,3.53821237982355e-06,278528
3227,1,0.161349995923956,0.161349995923956,9.18171062949114e-05,-0.371320217847824,3.54280323502232e-06,278528
3228,1,0.161399995922693,0.161399995922693,7.72514831623994e-05,-0.372874885797501,3.54666580908287e-06,278528
3229,1,0.16144999592143,0.16144999592143,6.1067461501807e-05,-0.376916974782944,3.54971918208082e-06,278528
3230,1,0.161499995920167,0.161499995920167,4.6501838369295e-05,-0.378471612930298,3.55204427394055e-06,278528
3231,1,0.161549995918904,0.161549995918904,3.10647665173747e-05,-0.380648136138916,3.55359751222718e-06,278528
3232,1,0.161599995917641,0.161599995917641,1.6001176845748e-05,-0.383757412433624,3.55439757104926e-06,278528
3233,1,0.161649995916378,0.161649995916378,9.37584104576672e-07,-0.385933965444565,3.5544444502533e-06,278528
3234,1,0.161699995915114,0.161699995915114,-1.46239772220724e-05,-0.389354199171066,3.55371325141067e-06,278528
3235,1,0.161749995913851,0.161749995913851,-3.05590183415916e-05,-0.39090883731842,3.55218530053219e-06,278528
3236,1,0.161799995912588,0.161799995912588,-4.59960829175543e-05,-0.394018143415451,3.54988549644441e-06,278528
3237,1,0.161849995911325,0.161849995911325,-6.10596762271598e-05,-0.397749304771423,3.54683251271018e-06,278528
3238,1,0.161899995910062,0.161899995910062,-7.64967480790801e-05,-0.400547683238983,3.54300767540285e-06,278528
3239,1,0.161949995908799,0.161949995908799,-9.24317791941576e-05,-0.40210235118866,3.53838608655989e-06,278528
3240,1,0.161999995907536,0.161999995907536,-0.000107868851046078,-0.405522584915161,3.53299264414383e-06,278528
3241,1,0.162049995906273,0.162049995906273,-0.000123554913443513,-0.408320933580399,3.52681489862772e-06,278528
3242,1,0.16209999590501,0.16209999590501,-0.00013812052202411,-0.410186529159546,3.51990887270098e-06,278528
3243,1,0.162149995903746,0.162149995903746,-0.000153806584421545,-0.413917720317841,3.51221854367417e-06,278528
3244,1,0.162199995902483,0.162199995902483,-0.000168745667906478,-0.41733792424202,3.50378126049199e-06,278528
3245,1,0.16224999590122,0.16224999590122,-0.000184182761586271,-0.420136302709579,3.49457212264532e-06,278528
3246,1,0.162299995899957,0.162299995899957,-0.000199246351257898,-0.423556536436081,3.4846098053341e-06,278528
3247,1,0.162349995898694,0.162349995898694,-0.000214309926377609,-0.42604398727417,3.47389430928591e-06,278528
3248,1,0.162399995897431,0.162399995897431,-0.000230369463679381,-0.429153293371201,3.46237583639292e-06,278528
3249,1,0.162449995896168,0.162449995896168,-0.000245184084633365,-0.432262599468231,3.45011663247095e-06,278528
3250,1,0.162499995894905,0.162499995894905,-0.000260123139014468,-0.436615616083145,3.43711047584879e-06,278528
3251,1,0.162549995893642,0.162549995893642,-0.000275186757789925,-0.438170284032822,3.42335113830688e-06,278528
3252,1,0.162599995892379,0.162599995892379,-0.000289627874735743,-0.442523330450058,3.40886974493593e-06,278528
3253,1,0.162649995891115,0.162649995891115,-0.000304815970594063,-0.445010721683502,3.39362894679124e-06,278528
3254,1,0.162699995889852,0.162699995889852,-0.000319132581353188,-0.448741912841797,3.37767231812668e-06,278528
3255,1,0.162749995888589,0.162749995888589,-0.000332951283780858,-0.452162146568298,3.36102475435819e-06,278528
3256,1,0.162799995887326,0.162799995887326,-0.000347641413100064,-0.454649597406387,3.34364268414229e-06,278528
3257,1,0.162849995886063,0.162849995886063,-0.000361086567863822,-0.458069801330566,3.32558835620519e-06,278528
3258,1,0.1628999958848,0.1628999958848,-0.000375901174265891,-0.461800992488861,3.3067932979667e-06,278528
3259,1,0.162949995883537,0.162949995883537,-0.000388848391594365,-0.466154038906097,3.28735087887814e-06,278528
3260,1,0.162999995882274,0.162999995882274,-0.000401920144213364,-0.468952387571335,3.26725487217514e-06,278528
3261,1,0.163049995881011,0.163049995881011,-0.000415365328080952,-0.471439838409424,3.24648660629574e-06,278528
3262,1,0.163099995879747,0.163099995879747,-0.000430304411565885,-0.474549144506454,3.22497138626097e-06,278528
3263,1,0.163149995878484,0.163149995878484,-0.000442504679085687,-0.478591233491898,3.20284615286561e-06,278528
3264,1,0.163199995877221,0.163199995877221,-0.000454331428045407,-0.482633322477341,3.18012958203721e-06,278528
3265,1,0.163249995875958,0.163249995875958,-0.000467527657747269,-0.486053556203842,3.15675319974039e-06,278528
3266,1,0.163299995874695,0.163299995874695,-0.000480101414723322,-0.489162862300873,3.13274812961064e-06,278528
3267,1,0.163349995873432,0.163349995873432,-0.000491181272082031,-0.492583096027374,3.10818906662695e-06,278528
3268,1,0.163399995872169,0.163399995872169,-0.000503879506140947,-0.495692402124405,3.08299509195636e-06,278528
3269,1,0.163449995870906,0.163449995870906,-0.000514336803462356,-0.498490780591965,3.0572782524329e-06,278528
3270,1,0.163499995869643,0.163499995869643,-0.000525665644090623,-0.501911044120789,3.03099497089234e-06,278528
3271,1,0.163549995868379,0.163549995868379,-0.000537118990905583,-0.50533127784729,3.0041390220255e-06,278528
3272,1,0.163599995867116,0.163599995867116,-0.000547451840247959,-0.508751511573792,2.97676643070459e-06,278528
3273,1,0.163649995865853,0.163649995865853,-0.000557909195777029,-0.512171685695648,2.94887097162044e-06,278528
3274,1,0.16369999586459,0.16369999586459,-0.000568491057492793,-0.515591979026794,2.92044641946387e-06,278528
3275,1,0.163749995863327,0.163749995863327,-0.00057645863853395,-0.519634068012238,2.8916234882653e-06,278528
3276,1,0.163799995862064,0.163799995862064,-0.000585795554798096,-0.522743344306946,2.86233371126531e-06,278528
3277,1,0.163849995860801,0.163849995860801,-0.000594136537984014,-0.525541722774506,2.83262688511657e-06,278528
3278,1,0.163899995859538,0.163899995859538,-0.000602477521169931,-0.529583811759949,2.80250300981907e-06,278528
3279,1,0.163949995858275,0.163949995858275,-0.000611316529102623,-0.532382190227509,2.77193718413609e-06,278528
3280,1,0.163999995857012,0.163999995857012,-0.000617665646132082,-0.535180568695068,2.74105390260967e-06,278528
3281,1,0.164049995855748,0.164049995855748,-0.000625010696239769,-0.538911759853363,2.70980336858713e-06,278528
3282,1,0.164099995854485,0.164099995854485,-0.000631608709227294,-0.541710138320923,2.67822293392356e-06,278528
3283,1,0.164149995853222,0.164149995853222,-0.000637833378277719,-0.544819414615631,2.64633126581532e-06,278528
3284,1,0.164199995851959,0.164199995851959,-0.000643684528768063,-0.547928750514984,2.61414704018996e-06,278528
3285,1,0.164249995850696,0.164249995850696,-0.00064866419415921,-0.550727069377899,2.58171383130133e-06,278528
3286,1,0.164299995849433,0.164299995849433,-0.000653768423944712,-0.553214550018311,2.54902541092988e-06,278528
3287,1,0.16434999584817,0.16434999584817,-0.000657254189718515,-0.557256639003754,2.51616270227413e-06,278528
3288,1,0.164399995846907,0.164399995846907,-0.00066011754097417,-0.55974406003952,2.48315682605922e-06,278528
3289,1,0.164449995845644,0.164449995845644,-0.000662731879856437,-0.562231540679932,2.4500202329035e-06,278528
3290,1,0.16449999584438,0.16449999584438,-0.000666093197651207,-0.565962731838226,2.41671557386229e-06,278528
3291,1,0.164549995843117,0.164549995843117,-0.00066820956999436,-0.567828297615051,2.38330509620659e-06,278528
3292,1,0.164599995841854,0.164599995841854,-0.000668831984512508,-0.572181284427643,2.34986349782577e-06,278528
3293,1,0.164649995840591,0.164649995840591,-0.000669454515445977,-0.574357807636261,2.31639077289906e-06,278528
3294,1,0.164699995839328,0.164699995839328,-0.000671695277560502,-0.575912475585938,2.28280600986946e-06,278528
3295,1,0.164749995838065,0.164749995838065,-0.000670574954710901,-0.578399896621704,2.24927726298092e-06,278528
3296,1,0.164799995836802,0.164799995836802,-0.000668956548906863,-0.582131087779999,2.21582943638054e-06,278528
3297,1,0.164849995835539,0.164849995835539,-0.000667711603455245,-0.584307610988617,2.18244385705117e-06,278528
3298,1,0.164899995834276,0.164899995834276,-0.000666715612169355,-0.587727844715118,2.14910807728484e-06,278528
3299,1,0.164949995833013,0.164949995833013,-0.000664101331494749,-0.588971555233002,2.11590301154893e-06,278528
3300,1,0.164999995831749,0.164999995831749,-0.000660242047160864,-0.592391788959503,2.08289091002484e-06,278528
3301,1,0.165049995830486,0.165049995830486,-0.000656507269013673,-0.594257354736328,2.0500655474034e-06,278528
3302,1,0.165099995829223,0.165099995829223,-0.000653021445032209,-0.597055733203888,2.01741447597662e-06,278528
3303,1,0.16514999582796,0.16514999582796,-0.000647294800728559,-0.598921298980713,1.9850497367578e-06,278528
3304,1,0.165199995826697,0.165199995826697,-0.000642564089503139,-0.601408779621124,1.95292153309427e-06,278528
3305,1,0.165249995825434,0.165249995825434,-0.000636961893178523,-0.602652490139008,1.92107343923989e-06,278528
3306,1,0.165299995824171,0.165299995824171,-0.000630861846730113,-0.605139970779419,1.88953034770023e-06,278528
3307,1,0.165349995822908,0.165349995822908,-0.000625010696239769,-0.607316434383392,1.8582798136777e-06,278528
3308,1,0.165399995821645,0.165399995821645,-0.000617541081737727,-0.610114812850952,1.82740276037083e-06,278528
3309,1,0.165449995820381,0.165449995820381,-0.000609822571277618,-0.611669480800629,1.79691163257722e-06,278528
3310,1,0.165499995819118,0.165499995819118,-0.000602975487709045,-0.613224148750305,1.76676285895339e-06,278528
3311,1,0.165549995817855,0.165549995817855,-0.000594136537984014,-0.61415696144104,1.73705603280465e-06,278528
3312,1,0.165599995816592,0.165599995816592,-0.00058629346312955,-0.615711569786072,1.70774136038872e-06,278528
3313,1,0.165649995815329,0.165649995815329,-0.00057645863853395,-0.617266237735748,1.67891842919015e-06,278528
3314,1,0.165699995814066,0.165699995814066,-0.00056737067643553,-0.619442760944366,1.65054989608502e-06,278528
3315,1,0.165749995812803,0.165749995812803,-0.000557909195777029,-0.62068647146225,1.62265443700087e-06,278528
3316,1,0.16579999581154,0.16579999581154,-0.00054782530060038,-0.62161922454834,1.59526317266281e-06,278528
3317,1,0.165849995810277,0.165849995810277,-0.000538488384336233,-0.623173892498016,1.56833875412617e-06,278528
3318,1,0.165899995809013,0.165899995809013,-0.000527657568454742,-0.624728560447693,1.54195587636992e-06,278528
3319,1,0.16594999580775,0.16594999580775,-0.000517075706738979,-0.625661373138428,1.51610209168609e-06,278528
3320,1,0.165999995806487,0.165999995806487,-0.000506867305375636,-0.626905083656311,1.49075872705754e-06,278528
3321,1,0.166049995805224,0.166049995805224,-0.000494916050229222,-0.628459751605988,1.46601292517121e-06,278528
3322,1,0.166099995803961,0.166099995803961,-0.000484583142679185,-0.629081547260284,1.44178376864933e-06,278528
3323,1,0.166149995802698,0.166149995802698,-0.000473752297693864,-0.630636215209961,1.41809615436304e-06,278528
3324,1,0.166199995801435,0.166199995801435,-0.000461676507256925,-0.630636215209961,1.39501232958334e-06,278528
3325,1,0.166249995800172,0.166249995800172,-0.000450472201919183,-0.631258130073547,1.37248872005637e-06,278528
3326,1,0.166299995798909,0.166299995798909,-0.000438769930042326,-0.632812738418579,1.35055022410847e-06,278528
3327,1,0.166349995797646,0.166349995797646,-0.000426445156335831,-0.633434653282166,1.32922796683032e-06,278528
3328,1,0.166399995796382,0.166399995796382,-0.000415738788433373,-0.633123636245728,1.30844102793378e-06,278528
3329,1,0.166449995795119,0.166449995795119,-0.000403289537644014,-0.633745551109314,1.28827655156097e-06,278528
3330,1,0.166499995793856,0.166499995793856,-0.000391213776310906,-0.634056448936462,1.26871586323957e-06,278528
3331,1,0.166549995792593,0.166549995792593,-0.000377893069526181,-0.634367406368256,1.24982121024058e-06,278528
3332,1,0.16659999579133,0.16659999579133,-0.000366688735084608,-0.634678363800049,1.23148677394952e-06,278528
3333,1,0.166649995790067,0.166649995790067,-0.000353990501025692,-0.634056448936462,1.21378724934536e-06,278528
3334,1,0.166699995788804,0.166699995788804,-0.000341541250236332,-0.633434653282166,1.19671018726495e-06,278528
3335,1,0.166749995787541,0.166749995787541,-0.000329340982716531,-0.634678363800049,1.18024313854511e-06,278528
3336,1,0.166799995786278,0.166799995786278,-0.000317016209010035,-0.634367406368256,1.16439232849504e-06,278528
3337,1,0.166849995785014,0.166849995785014,-0.000303197564790025,-0.634678363800049,1.14923245063851e-06,278528
3338,1,0.166899995783751,0.166899995783751,-0.000291619799099863,-0.634056448936462,1.13465146105186e-06,278528
3339,1,0.166949995782488,0.166949995782488,-0.000279668485745788,-0.634056448936462,1.12066803711782e-06,278528
3340,1,0.166999995781225,0.166999995781225,-0.000266970251686871,-0.633123636245728,1.10731952487069e-06,278528
3341,1,0.167049995779962,0.167049995779962,-0.000254521030001342,-0.633745551109314,1.09459347369211e-06,278528
3342,1,0.167099995778699,0.167099995778699,-0.000241698275203817,-0.632812738418579,1.08250856023721e-06,278528
3343,1,0.167149995777436,0.167149995777436,-0.000229249024414457,-0.632190942764282,1.07104610930605e-06,278528
3344,1,0.167199995776173,0.167199995776173,-0.000217173263081349,-0.631569027900696,1.0601874464263e-06,278528
3345,1,0.16724999577491,0.16724999577491,-0.000204101568670012,-0.630014359951019,1.0499823682506e-06,278528
3346,1,0.167299995773647,0.167299995773647,-0.000191154322237708,-0.629392504692078,1.04042465238016e-06,278528
3347,1,0.167349995772383,0.167349995772383,-0.000178705071448348,-0.629081547260284,1.03148939903347e-06,278528
3348,1,0.16739999577112,0.16739999577112,-0.000166629310115241,-0.627526938915253,1.02315793373818e-06,278528
3349,1,0.167449995769857,0.167449995769857,-0.000154180059325881,-0.627216041088104,1.01544893096663e-06,278528
3350,1,0.167499995768594,0.167499995768594,-0.000141108335810713,-0.625039458274841,1.00839351435433e-06,278528
3351,1,0.167549995767331,0.167549995767331,-0.000129655032651499,-0.624728560447693,1.00191076288552e-06,278528
3352,1,0.167599995766068,0.167599995766068,-0.000117703755677212,-0.623173892498016,9.96025575250333e-07,278528
3353,1,0.167649995764805,0.167649995764805,-0.000105752485978883,-0.622241139411926,9.90737951084966e-07,278528
3354,1,0.167699995763542,0.167699995763542,-9.33032351895235e-05,-0.621308326721191,9.86072789443342e-07,278528
3355,1,0.167749995762279,0.167749995762279,-8.01070345914923e-05,-0.618509948253632,9.82067437814951e-07,278528
3356,1,0.167799995761015,0.167799995761015,-6.87782085151412e-05,-0.618199050426483,9.78628527476068e-07,278528
3357,1,0.167849995759752,0.167849995759752,-5.794736352982e-05,-0.615400671958923,9.7573115937277e-07,278528
3358,1,0.167899995758489,0.167899995758489,-4.47511592938099e-05,-0.613224148750305,9.73493601464605e-07,278528
3359,1,0.167949995757226,0.167949995757226,-3.36713310389314e-05,-0.611980378627777,9.71810034955189e-07,278528
3360,1,0.167999995755963,0.167999995755963,-2.1844540242455e-05,-0.609803915023804,9.70717807970659e-07,278528
3361,1,0.1680499957547,0.1680499957547,-9.27080054680118e-06,-0.607627391815186,9.70254267955029e-07,278528
3362,1,0.168099995753437,0.168099995753437,1.43555405429652e-06,-0.605761826038361,9.7032604565593e-07,278528
3363,1,0.168149995752174,0.168149995752174,1.28888641484082e-05,-0.604829013347626,9.70970488847071e-07,278528
3364,1,0.168199995750911,0.168199995750911,2.5338113118778e-05,-0.602963387966156,9.72237394471005e-07,278528
3365,1,0.168249995749647,0.168249995749647,3.4675049391808e-05,-0.601097881793976,9.73971146896797e-07,278528
3366,1,0.168299995748384,0.168299995748384,4.58793765574228e-05,-0.598610401153564,9.76265115666718e-07,278528
3367,1,0.168349995747121,0.168349995747121,5.68347131775226e-05,-0.595812022686005,9.79106851253806e-07,278528
3368,1,0.168399995745858,0.168399995745858,6.791454507038e-05,-0.593324601650238,9.82502578421541e-07,278528
3369,1,0.168449995744595,0.168449995744595,7.77494569774717e-05,-0.59114807844162,9.86390051172209e-07,278528
3370,1,0.168499995743332,0.168499995743332,8.82068197824992e-05,-0.588660657405853,9.90800392049919e-07,278528
3371,1,0.168549995742069,0.168549995742069,9.95356313069351e-05,-0.585862219333649,9.95777173489542e-07,278528
3372,1,0.168599995740806,0.168599995740806,0.000109246058855206,-0.583685755729675,1.00123947629431e-06,278528
3373,1,0.168649995739543,0.168649995739543,0.00011932993947994,-0.581820130348206,1.00720597311758e-06,278528
3374,1,0.16869999573828,0.16869999573828,0.000129538326291367,-0.578399896621704,1.01368288926853e-06,278528
3375,1,0.168749995737016,0.168749995737016,0.00013924874656368,-0.575601577758789,1.02064532642083e-06,278528
3376,1,0.168799995735753,0.168799995735753,0.000148212202475406,-0.572181284427643,1.02805593635739e-06,278528
3377,1,0.16884999573449,0.16884999573449,0.000158047114382498,-0.570004820823669,1.03595829187689e-06,278528
3378,1,0.168899995733227,0.168899995733227,0.000167882011737674,-0.566895484924316,1.04435239225172e-06,278528
3379,1,0.168949995731964,0.168949995731964,0.000176845482201315,-0.565029919147491,1.05319466613841e-06,278528
3380,1,0.168999995730701,0.168999995730701,0.000186182413017377,-0.561298727989197,1.06250378655411e-06,278528
3381,1,0.169049995729438,0.169049995729438,0.000194149921298958,-0.558189451694489,1.07221128237383e-06,278528
3382,1,0.169099995728175,0.169099995728175,0.000203860341571271,-0.55601292848587,1.08240429919489e-06,278528
3383,1,0.169149995726912,0.169149995726912,0.000211703358218074,-0.553214550018311,1.09298946683839e-06,278528
3384,1,0.169199995725648,0.169199995725648,0.000219670895603485,-0.549794316291809,1.1039730113411e-06,278528
3385,1,0.169249995724385,0.169249995724385,0.00022875884314999,-0.546995937824249,1.11541095320965e-06,278528
3386,1,0.169299995723122,0.169299995723122,0.000237597807426937,-0.544197559356689,1.12729084328089e-06,278528
3387,1,0.169349995721859,0.169349995721859,0.000244569382630289,-0.539844572544098,1.13951931210348e-06,278528
3388,1,0.169399995720596,0.169399995720596,0.000252287951298058,-0.536735236644745,1.15213370934972e-06,278528
3389,1,0.169449995719333,0.169449995719333,0.000260255445027724,-0.53486967086792,1.16514648127238e-06,278528
3390,1,0.16949999571807,0.16949999571807,0.000267849507508799,-0.530827581882477,1.17853895630949e-06,278528
3391,1,0.169549995716807,0.169549995716807,0.000274572055786848,-0.527718245983124,1.19226755875202e-06,278528
3392,1,0.169599995715544,0.169599995715544,0.000282539578620344,-0.523365199565887,1.20639453732616e-06,278528
3393,1,0.169649995714281,0.169649995714281,0.000288888724753633,-0.520877778530121,1.22083897319895e-06,278528
3394,1,0.169699995713017,0.169699995713017,0.000295735808322206,-0.517768502235413,1.23562576324151e-06,278528
3395,1,0.169749995711754,0.169749995711754,0.000302831875160336,-0.513726413249969,1.25076735661702e-06,278528
3396,1,0.169799995710491,0.169799995710491,0.00030868302565068,-0.511238932609558,1.26620150750965e-06,278528
3397,1,0.169849995709228,0.169849995709228,0.000315405603032559,-0.508751511573792,1.28197178726289e-06,278528
3398,1,0.169899995707965,0.169899995707965,0.000322377192787826,-0.504709422588348,1.29809064649509e-06,278528
3399,1,0.169949995706702,0.169949995706702,0.000327107904013246,-0.500045418739319,1.31444604128258e-06,278528
3400,1,0.169999995705439,0.169999995705439,0.000333457021042705,-0.497247040271759,1.33111889191352e-06,278528
3401,1,0.170049995704176,0.170049995704176,0.000341175560606644,-0.49382683634758,1.34817766951291e-06,278528
3402,1,0.170099995702913,0.170099995702913,0.000345657288562506,-0.491650313138962,1.36546053350443e-06,278528
3403,1,0.170149995701649,0.170149995701649,0.000352379895048216,-0.487297296524048,1.38307952781175e-06,278528
3404,1,0.170199995700386,0.170199995700386,0.000357110606273636,-0.484187960624695,1.40093505767436e-06,278528
3405,1,0.170249995699123,0.170249995699123,0.000362961727660149,-0.480767756700516,1.41908314359891e-06,278528
3406,1,0.17029999569786,0.17029999569786,0.000367567990906537,-0.476725667715073,1.43746154267996e-06,278528
3407,1,0.170349995696597,0.170349995696597,0.000373045622836798,-0.473927289247513,1.45611382335061e-06,278528
3408,1,0.170399995695334,0.170399995695334,0.0003781498526223,-0.470817983150482,1.47502131550408e-06,278528
3409,1,0.170449995694071,0.170449995694071,0.000383378530386835,-0.467708677053452,1.49419024153917e-06,278528
3410,1,0.170499995692808,0.170499995692808,0.000388233718695119,-0.463977485895157,1.51360192698355e-06,278528
3411,1,0.170549995691545,0.170549995691545,0.000394209375372157,-0.460246354341507,1.53331239525423e-06,278528
3412,1,0.170599995690282,0.170599995690282,0.000398940086597577,-0.457447946071625,1.5532593990802e-06,278528
3413,1,0.170649995689018,0.170649995689018,0.000403546291636303,-0.454027712345123,1.57343671315229e-06,278528
3414,1,0.170699995687755,0.170699995687755,0.000409521948313341,-0.450296550989151,1.59391281005069e-06,278528
3415,1,0.170749995686492,0.170749995686492,0.000414875103160739,-0.447187274694443,1.6146565646847e-06,278528
3416,1,0.170799995685229,0.170799995685229,0.000420103810029104,-0.444388866424561,1.63566175465552e-06,278528
3417,1,0.170849995683966,0.170849995683966,0.000424958998337388,-0.440657734870911,1.65690970403562e-06,278528
3418,1,0.170899995682703,0.170899995682703,0.000429316249210387,-0.438170284032822,1.67837551595387e-06,278528
3419,1,0.17094999568144,0.17094999568144,0.000435167399700731,-0.433506339788437,1.70013388538924e-06,278528
3420,1,0.170999995680177,0.170999995680177,0.00044052058365196,-0.431329786777496,1.72215991401541e-06,278528
3421,1,0.171049995678914,0.171049995678914,0.000445002311607823,-0.428220510482788,1.74441002903372e-06,278528
3422,1,0.17109999567765,0.17109999567765,0.000450853462098166,-0.424178391695023,1.76695270156915e-06,278528
3423,1,0.171149995676387,0.171149995676387,0.000454837194411084,-0.421690970659256,1.7896945607152e-06,278528
3424,1,0.171199995675124,0.171199995675124,0.000460563867818564,-0.418270707130432,1.81272275352439e-06,278528
3425,1,0.171249995673861,0.171249995673861,0.00046616600593552,-0.415472358465195,1.83603105323234e-06,278528
3426,1,0.171299995672598,0.171299995672598,0.000471021223347634,-0.412052124738693,1.85958211380478e-06,278528
3427,1,0.171349995671335,0.171349995671335,0.000476000917842612,-0.409564673900604,1.88338215909567e-06,278528
3428,1,0.171399995670072,0.171399995670072,0.000481105118524283,-0.406144440174103,1.90743741441419e-06,278528
3429,1,0.171449995668809,0.171449995668809,0.000486582808662206,-0.404278844594955,1.9317665542327e-06,278528
3430,1,0.171499995667546,0.171499995667546,0.000491811486426741,-0.400858640670776,1.95635712793283e-06,278528
3431,1,0.171549995666282,0.171549995666282,0.000496044231113046,-0.398682087659836,1.98115933886192e-06,278528
3432,1,0.171599995665019,0.171599995665019,0.000501148460898548,-0.395572811365128,2.00621676127385e-06,278528
3433,1,0.171649995663756,0.171649995663756,0.000505630159750581,-0.393396288156509,2.03149826862271e-06,278528
3434,1,0.171699995662493,0.171699995662493,0.000510360870976001,-0.39059790968895,2.05701631152687e-06,278528
3435,1,0.17174999566123,0.17174999566123,0.000514842569828033,-0.386866748332977,2.08275843936797e-06,278528
3436,1,0.171799995659967,0.171799995659967,0.000518701854161918,-0.385312110185623,2.10869353142089e-06,278528
3437,1,0.171849995658704,0.171849995658704,0.000522934598848224,-0.382513731718063,2.13484026070278e-06,278528
3438,1,0.171899995657441,0.171899995657441,0.000526793883182108,-0.380959063768387,2.16117995419649e-06,278528
3439,1,0.171949995656178,0.171949995656178,0.000530653109308332,-0.377849757671356,2.18771260899163e-06,278528
3440,1,0.171999995654915,0.171999995654915,0.000534138933289796,-0.376295119524002,2.21441955498145e-06,278528
3441,1,0.172049995653651,0.172049995653651,0.000537375686690211,-0.373185783624649,2.2412883386372e-06,278528
3442,1,0.172099995652388,0.172099995652388,0.000540114589966834,-0.370076507329941,2.26829406745332e-06,278528
3443,1,0.172149995651125,0.172149995651125,0.000542977883014828,-0.368832796812057,2.29544296091822e-06,278528
3444,1,0.172199995649862,0.172199995649862,0.000545841176062822,-0.366345345973969,2.32273501903191e-06,278528
3445,1,0.172249995648599,0.172249995648599,0.000547957606613636,-0.364168792963028,2.35013289867046e-06,278528
3446,1,0.172299995647336,0.172299995647336,0.000549825024791062,-0.362614154815674,2.37762414921552e-06,278528
3447,1,0.172349995646073,0.172349995646073,0.000551443372387439,-0.359815806150436,2.40519631713836e-06,278528
3448,1,0.17239999564481,0.17239999564481,0.000552065845113248,-0.358882993459702,2.43279960869671e-06,278528
3449,1,0.172449995643547,0.172449995643547,0.000553310732357204,-0.357328355312347,2.46046514461568e-06,278528
3450,1,0.172499995642283,0.172499995642283,0.000554431229829788,-0.354840904474258,2.48818670540686e-06,278528
3451,1,0.17254999564102,0.17254999564102,0.000554804690182209,-0.354529976844788,2.5159269392152e-06,278528
3452,1,0.172599995639757,0.172599995639757,0.000553933263290673,-0.351731598377228,2.54362360168005e-06,278528
3453,1,0.172649995638494,0.172649995638494,0.00055281282402575,-0.350798815488815,2.57126424218308e-06,278528
3454,1,0.172699995637231,0.172699995637231,0.000553684250917286,-0.348933219909668,2.59894845402958e-06,278528
3455,1,0.172749995635968,0.172749995635968,0.00055181683273986,-0.348000437021255,2.62653929496957e-06,278528
3456,1,0.172799995634705,0.172799995634705,0.000551318866200745,-0.346756726503372,2.65410523758323e-06,278528
3457,1,0.172849995633442,0.172849995633442,0.000549576012417674,-0.345512986183167,2.68158403750995e-06,278528
3458,1,0.172899995632179,0.172899995632179,0.000546961673535407,-0.344269275665283,2.70893212049584e-06,278528
3459,1,0.172949995630916,0.172949995630916,0.000544222828466445,-0.343336492776871,2.73614326123176e-06,278528
3460,1,0.172999995629652,0.172999995629652,0.000541732937563211,-0.341470897197723,2.76322990742565e-06,278528
3461,1,0.173049995628389,0.173049995628389,0.000538496184162796,-0.341781824827194,2.79015471595361e-06,278528
3462,1,0.173099995627126,0.173099995627126,0.000536006293259561,-0.339916229248047,2.81695502993956e-06,278528
3463,1,0.173149995625863,0.173149995625863,0.000531773548573256,-0.339916229248047,2.84354370669653e-06,278528
3464,1,0.1731999956246,0.1731999956246,0.000526171352248639,-0.338983446359634,2.86985227364436e-06,278528
3465,1,0.173249995623337,0.173249995623337,0.000522436632309109,-0.337117880582809,2.89597410459992e-06,278528
3466,1,0.173299995622074,0.173299995622074,0.000517332402523607,-0.336495995521545,2.92184072407265e-06,278528
3467,1,0.173349995620811,0.173349995620811,0.000512228289153427,-0.337428778409958,2.94745213788332e-06,278528
3468,1,0.173399995619548,0.173399995619548,0.000505879172123969,-0.336495995521545,2.97274609585054e-06,278528
3469,1,0.173449995618284,0.173449995618284,0.000500152469612658,-0.336495995521545,2.99775371869943e-06,278528
3470,1,0.173499995617021,0.173499995617021,0.000494301319122314,-0.335874140262604,3.02246878403119e-06,278528
3471,1,0.173549995615758,0.173549995615758,0.000486333825392649,-0.33463042974472,3.04678547468653e-06,278528
3472,1,0.173599995614495,0.173599995614495,0.00047898874618113,-0.336806952953339,3.07073491139058e-06,278528
3473,1,0.173649995613232,0.173649995613232,0.000472141691716388,-0.334008544683456,3.09434199538003e-06,278528
3474,1,0.173699995611969,0.173699995611969,0.000464423123048618,-0.334941357374191,3.11756315094585e-06,278528
3475,1,0.173749995610706,0.173749995610706,0.000456082110758871,-0.335563242435455,3.14036725590771e-06,278528
3476,1,0.173799995609443,0.173799995609443,0.000447990139946342,-0.334941357374191,3.16276676233917e-06,278528
3477,1,0.17384999560818,0.17384999560818,0.000438777671661228,-0.336185097694397,3.184705645368e-06,278528
3478,1,0.173899995606916,0.173899995606916,0.000429565232479945,-0.336185097694397,3.20618390644942e-06,278528
3479,1,0.173949995605653,0.173949995605653,0.000420850788941607,-0.336185097694397,3.22722644536492e-06,278528
3480,1,0.17399999560439,0.17399999560439,0.000411140354117379,-0.337428778409958,3.24778346255147e-06,278528
3481,1,0.174049995603127,0.174049995603127,0.000400682969484478,-0.336806952953339,3.26781761051959e-06,278528
3482,1,0.174099995601864,0.174099995601864,0.000390723551390693,-0.338983446359634,3.2873537875956e-06,278528
3483,1,0.174149995600601,0.174149995600601,0.000379394768970087,-0.339294373989105,3.30632352556489e-06,278528
3484,1,0.174199995599338,0.174199995599338,0.000369435350876302,-0.339605331420898,3.32479529264207e-06,278528
3485,1,0.174249995598075,0.174249995598075,0.000358106510248035,-0.339916229248047,3.34270061770214e-06,278528
3486,1,0.174299995596812,0.174299995596812,0.000346902234014124,-0.341470897197723,3.36004572896467e-06,278528
3487,1,0.174349995595549,0.174349995595549,0.000334452954120934,-0.342714637517929,3.37676837624827e-06,278528
3488,1,0.174399995594285,0.174399995594285,0.000323248648783192,-0.34395831823349,3.39293080827913e-06,278528
3489,1,0.174449995593022,0.174449995593022,0.000310176925268024,-0.345512986183167,3.40843965415075e-06,278528
3490,1,0.174499995591759,0.174499995591759,0.00029822564101778,-0.344269275665283,3.42335093582494e-06,278528
3491,1,0.174549995590496,0.174549995590496,0.000283784524071962,-0.347067624330521,3.43754016167009e-06,278528
3492,1,0.174599995589233,0.174599995589233,0.000272455712547526,-0.348933219909668,3.45116294695333e-06,278528
3493,1,0.17464999558797,0.17464999558797,0.00025876154541038,-0.350487858057022,3.464101023897e-06,278528
3494,1,0.174699995586707,0.174699995586707,0.000245067349169403,-0.351109713315964,3.47635439104593e-06,278528
3495,1,0.174749995585444,0.174749995585444,0.000232618112931959,-0.352353453636169,3.48798529639871e-06,278528
3496,1,0.174799995584181,0.174799995584181,0.000219421912333928,-0.354529976844788,3.49895639173825e-06,278528
3497,1,0.174849995582917,0.174849995582917,0.000206474680453539,-0.357017397880554,3.50928012550013e-06,278528
3498,1,0.174899995581654,0.174899995581654,0.000190290666068904,-0.359193950891495,3.51879465856321e-06,278528
3499,1,0.174949995580391,0.174949995580391,0.000175974026205949,-0.36105951666832,3.52759335965124e-06,278528
3500,1,0.174999995579128,0.174999995579128,0.000163275792147033,-0.362614154815674,3.53575714905235e-06,278528
3501,1,0.175049995577865,0.175049995577865,0.000148087710840628,-0.363546937704086,3.54316153440734e-06,278528
3502,1,0.175099995576602,0.175099995576602,0.000133397596073337,-0.366034388542175,3.54983141404251e-06,278528
3503,1,0.175149995575339,0.175149995575339,0.000118707481306046,-0.367899984121323,3.55576678795787e-06,278528
3504,1,0.175199995574076,0.175199995574076,0.000104639831988607,-0.36976557970047,3.56099877942513e-06,278528
3505,1,0.175249995572813,0.175249995572813,8.94517434062436e-05,-0.373496741056442,3.56547136648245e-06,278528
3506,1,0.17529999557155,0.17529999557155,7.47616359149106e-05,-0.374740481376648,3.56920944818377e-06,278528
3507,1,0.175349995570286,0.175349995570286,6.0444996051956e-05,-0.377227872610092,3.57223169791002e-06,278528
3508,1,0.175399995569023,0.175399995569023,4.41364754806273e-05,-0.379404425621033,3.5744385216283e-06,278528
3509,1,0.17544999556776,0.17544999556776,2.907288762799e-05,-0.38127002120018,3.57589216597298e-06,278528
3510,1,0.175499995566497,0.175499995566497,1.41337886816473e-05,-0.383757412433624,3.57659885538921e-06,278528
3511,1,0.175549995565234,0.175549995565234,-1.55226587139623e-06,-0.387177675962448,3.5765212420976e-06,278528
3512,1,0.175599995563971,0.175599995563971,-1.76117973751388e-05,-0.388421416282654,3.57564065225108e-06,278528
3513,1,0.175649995562708,0.175649995562708,-3.1803941965336e-05,-0.39090883731842,3.57405045519299e-06,278528
3514,1,0.175699995561445,0.175699995561445,-4.81124552607071e-05,-0.394329100847244,3.57164483249073e-06,278528
3515,1,0.175749995560182,0.175749995560182,-6.30515569355339e-05,-0.397127449512482,3.56849225472359e-06,278528
3516,1,0.175799995558918,0.175799995558918,-7.86131131462753e-05,-0.399925827980042,3.56456159916557e-06,278528
3517,1,0.175849995557655,0.175849995557655,-9.5170624263119e-05,-0.403346031904221,3.55980306807263e-06,278528
3518,1,0.175899995556392,0.175899995556392,-0.000109113774669822,-0.404589772224426,3.55434737947696e-06,278528
3519,1,0.175949995555129,0.175949995555129,-0.00012529781088233,-0.409564673900604,3.54808248909111e-06,278528
3520,1,0.175999995553866,0.175999995553866,-0.000141357333632186,-0.411119312047958,3.54101462258805e-06,278528
3521,1,0.176049995552603,0.176049995552603,-0.000156545414938591,-0.414850473403931,3.53318735203885e-06,278528
3522,1,0.17609999555134,0.17609999555134,-0.000172231477336027,-0.417959809303284,3.5245757783896e-06,278528
3523,1,0.176149995550077,0.176149995550077,-0.00018717056082096,-0.421690970659256,3.51521725058496e-06,278528
3524,1,0.176199995548814,0.176199995548814,-0.000202234150492586,-0.423556536436081,3.50510554331578e-06,278528
3525,1,0.17624999554755,0.17624999554755,-0.000218418193981051,-0.426976799964905,3.49418463389261e-06,278528
3526,1,0.176299995546287,0.176299995546287,-0.00023236135893967,-0.429775148630142,3.48256656623912e-06,278528
3527,1,0.176349995545024,0.176349995545024,-0.000248545344220474,-0.433506339788437,3.47013929934204e-06,278528
3528,1,0.176399995543761,0.176399995543761,-0.000261243607383221,-0.436615616083145,3.45707711930286e-06,278528
3529,1,0.176449995542498,0.176449995542498,-0.000276556209428236,-0.439413994550705,3.44324930918077e-06,278528
3530,1,0.176499995541235,0.176499995541235,-0.000292989192530513,-0.442834228277206,3.42859984992432e-06,278528
3531,1,0.176549995539972,0.176549995539972,-0.000306309899315238,-0.445321679115295,3.41328435534546e-06,278528
3532,1,0.176599995538709,0.176599995538709,-0.000320502032991499,-0.44905287027359,3.39725925410071e-06,278528
3533,1,0.176649995537446,0.176649995537446,-0.000335814635036513,-0.453405857086182,3.38046852277305e-06,278528
3534,1,0.176699995536183,0.176699995536183,-0.000350006768712774,-0.455893307924271,3.36296818477951e-06,278528
3535,1,0.176749995534919,0.176749995534919,-0.000363825412932783,-0.459313541650772,3.34477691459242e-06,278528
3536,1,0.176799995533656,0.176799995533656,-0.000376772630261257,-0.463355630636215,3.32593828355526e-06,278528
3537,1,0.176849995532393,0.176849995532393,-0.000392209709389135,-0.466464936733246,3.30632779858121e-06,278528
3538,1,0.17689999553113,0.17689999553113,-0.00040416099363938,-0.469574242830276,3.28611974940974e-06,278528
3539,1,0.176949995529867,0.176949995529867,-0.000418851122958586,-0.473927289247513,3.26517719379086e-06,278528
3540,1,0.176999995528604,0.176999995528604,-0.000431798311183229,-0.47579288482666,3.24358727877711e-06,278528
3541,1,0.177049995527341,0.177049995527341,-0.00044499451178126,-0.478902161121368,3.22133755375012e-06,278528
3542,1,0.177099995526078,0.177099995526078,-0.000457194779301062,-0.483255207538605,3.19847781536255e-06,278528
3543,1,0.177149995524815,0.177149995524815,-0.000469644030090421,-0.485431700944901,3.17499561445124e-06,278528
3544,1,0.177199995523551,0.177199995523551,-0.000482591247418895,-0.490717500448227,3.15086605268986e-06,278528
3545,1,0.177249995522288,0.177249995522288,-0.000494293519295752,-0.493204951286316,3.12615137734942e-06,278528
3546,1,0.177299995521025,0.177299995521025,-0.000505373405758291,-0.496314287185669,3.10088270769984e-06,278528
3547,1,0.177349995519762,0.177349995519762,-0.000517698121257126,-0.499112635850906,3.0749978022909e-06,278528
3548,1,0.177399995518499,0.177399995518499,-0.000528528937138617,-0.50346565246582,3.04857135610155e-06,278528
3549,1,0.177449995517236,0.177449995517236,-0.000539110798854381,-0.50626403093338,3.02161581683979e-06,278528
3550,1,0.177499995515973,0.177499995515973,-0.000549319200217724,-0.510306119918823,2.99414985752275e-06,278528
3551,1,0.17754999551471,0.17754999551471,-0.000560025568120182,-0.513415455818176,2.96614857982411e-06,278528
3552,1,0.177599995513447,0.177599995513447,-0.0005707319942303,-0.517146587371826,2.93761198083349e-06,278528
3553,1,0.177649995512184,0.177649995512184,-0.000579446437768638,-0.520255923271179,2.90863965967696e-06,278528
3554,1,0.17769999551092,0.17769999551092,-0.000588160881306976,-0.523365199565887,2.87923161635452e-06,278528
3555,1,0.177749995509657,0.177749995509657,-0.000596252910327166,-0.527407348155975,2.8494189715913e-06,278528
3556,1,0.177799995508394,0.177799995508394,-0.000605714332778007,-0.529583811759949,2.81913325571748e-06,278528
3557,1,0.177849995507131,0.177849995507131,-0.000613681855611503,-0.533315002918243,2.78844916371205e-06,278528
3558,1,0.177899995505868,0.177899995505868,-0.000619906466454268,-0.535802483558655,2.75745384117234e-06,278528
3559,1,0.177949995504605,0.177949995504605,-0.000627127010375261,-0.539533615112305,2.72609749144571e-06,278528
3560,1,0.177999995503342,0.177999995503342,-0.000633849645964801,-0.542642891407013,2.69440500994809e-06,278528
3561,1,0.178049995502079,0.178049995502079,-0.000640696787741035,-0.546684980392456,2.6623701713703e-06,278528
3562,1,0.178099995500816,0.178099995500816,-0.000645676453132182,-0.548861563205719,2.63008634952925e-06,278528
3563,1,0.178149995499552,0.178149995499552,-0.00065065617673099,-0.551659882068634,2.59755354151455e-06,278528
3564,1,0.178199995498289,0.178199995498289,-0.000654141884297132,-0.554458260536194,2.56484644812594e-06,278528
3565,1,0.178249995497026,0.178249995497026,-0.000658872595522553,-0.557567596435547,2.53190281918204e-06,278528
3566,1,0.178299995495763,0.178299995495763,-0.000662856386043131,-0.560676872730255,2.49876000071714e-06,278528
3567,1,0.1783499954945,0.1783499954945,-0.000664723804220557,-0.563164293766022,2.46552381134573e-06,278528
3568,1,0.178399995493237,0.178399995493237,-0.000668583030346781,-0.565962731838226,2.43209466067289e-06,278528
3569,1,0.178449995491974,0.178449995491974,-0.000670076929964125,-0.569693863391876,2.39859081502106e-06,278528
3570,1,0.178499995490711,0.178499995490711,-0.000671321817208081,-0.571248531341553,2.36502472500861e-06,278528
3571,1,0.178549995489448,0.178549995489448,-0.000671570829581469,-0.574357807636261,2.3314461843778e-06,278528
3572,1,0.178599995488185,0.178599995488185,-0.000672068854328245,-0.576845228672028,2.29784274251028e-06,278528
3573,1,0.178649995486921,0.178649995486921,-0.000671321817208081,-0.580576419830322,2.26427665249783e-06,278528
3574,1,0.178699995485658,0.178699995485658,-0.000670699402689934,-0.583063900470734,2.23074168321049e-06,278528
3575,1,0.178749995484395,0.178749995484395,-0.000669579021632671,-0.584929466247559,2.19726273297461e-06,278528
3576,1,0.178799995483132,0.178799995483132,-0.000667089072521776,-0.587105989456177,2.16390828019113e-06,278528
3577,1,0.178849995481869,0.178849995481869,-0.000664350285660475,-0.590215265750885,2.13069076674725e-06,278528
3578,1,0.178899995480606,0.178899995480606,-0.000660864461679012,-0.593013644218445,2.09764754449804e-06,278528
3579,1,0.178949995479343,0.178949995479343,-0.000657254189718515,-0.595501065254211,2.06478483584229e-06,278528
3580,1,0.17899999547808,0.17899999547808,-0.000654017436318099,-0.597988545894623,2.03208396485248e-06,278528
3581,1,0.179049995476817,0.179049995476817,-0.000648290733806789,-0.598921298980713,1.999669428981e-06,278528
3582,1,0.179099995475553,0.179099995475553,-0.000643311068415642,-0.602030634880066,1.96750387637279e-06,278528
3583,1,0.17914999547429,0.17914999547429,-0.000638082390651107,-0.603585243225098,1.9355997576462e-06,278528
3584,1,0.179199995473027,0.179199995473027,-0.000631484261248261,-0.605139970779419,1.90402554538142e-06,278528
3585,1,0.179249995471764,0.179249995471764,-0.000625508662778884,-0.606694579124451,1.87275011303256e-06,278528
3586,1,0.179299995470501,0.179299995470501,-0.000618288060650229,-0.609182059764862,1.84183571078101e-06,278528
3587,1,0.179349995469238,0.179349995469238,-0.000609200156759471,-0.611980378627777,1.81137570371252e-06,278528
3588,1,0.179399995467975,0.179399995467975,-0.000602602027356625,-0.612913191318512,1.78124560310584e-06,278528
3589,1,0.179449995466712,0.179449995466712,-0.000594136537984014,-0.614778816699982,1.7515387769571e-06,278528
3590,1,0.179499995465449,0.179499995465449,-0.000585920002777129,-0.616333425045013,1.72224277755832e-06,278528
3591,1,0.179549995464185,0.179549995464185,-0.000576583144720644,-0.617266237735748,1.69341362105058e-06,278528
3592,1,0.179599995462922,0.179599995462922,-0.000567246170248836,-0.619442760944366,1.66505131325463e-06,278528
3593,1,0.179649995461659,0.179649995461659,-0.000559029635041952,-0.620375514030457,1.63709983220864e-06,278528
3594,1,0.179699995460396,0.179699995460396,-0.000548572279512882,-0.622241139411926,1.6096712189259e-06,278528
3595,1,0.179749995459133,0.179749995459133,-0.000538488384336233,-0.623795747756958,1.58274680038926e-06,278528
3596,1,0.17979999545787,0.17979999545787,-0.000527906522620469,-0.625350415706635,1.55635147492504e-06,278528
3597,1,0.179849995456607,0.179849995456607,-0.000516453175805509,-0.625350415706635,1.5305288167871e-06,278528
3598,1,0.179899995455344,0.179899995455344,-0.000506867305375636,-0.627216041088104,1.50518545215854e-06,278528
3599,1,0.179949995454081,0.179949995454081,-0.000494791544042528,-0.628148853778839,1.48044587558139e-06,278528
3600,1,0.179999995452818,0.179999995452818,-0.000484209653222933,-0.629703462123871,1.45623539353185e-06,278528
3601,1,0.180049995451554,0.180049995451554,-0.000474250235129148,-0.630325317382813,1.43252288237442e-06,278528
3602,1,0.180099995450291,0.180099995450291,-0.000460431590909138,-0.630325317382813,1.40950130341054e-06,278528
3603,1,0.180149995449028,0.180149995449028,-0.000449351733550429,-0.631258130073547,1.3870337173006e-06,278528
3604,1,0.180199995447765,0.180199995447765,-0.00043789844494313,-0.632812738418579,1.36513879560655e-06,278528
3605,1,0.180249995446502,0.180249995446502,-0.000426818616688251,-0.633434653282166,1.34379786531126e-06,278528
3606,1,0.180299995445239,0.180299995445239,-0.000414742826251313,-0.632812738418579,1.32306072452256e-06,278528
3607,1,0.180349995443976,0.180349995443976,-0.000402044621296227,-0.634056448936462,1.30295849396557e-06,278528
3608,1,0.180399995442713,0.180399995442713,-0.000390466797398403,-0.634056448936462,1.28343515458885e-06,278528
3609,1,0.18044999544145,0.18044999544145,-0.000377768563339487,-0.634056448936462,1.26454672689904e-06,278528
3610,1,0.180499995440186,0.180499995440186,-0.000365319341653958,-0.634367406368256,1.24628076027778e-06,278528
3611,1,0.180549995438923,0.180549995438923,-0.000354488467564806,-0.635922014713287,1.2285563373473e-06,278528
3612,1,0.18059999543766,0.18059999543766,-0.000340794329531491,-0.634056448936462,1.21151662130118e-06,278528
3613,1,0.180649995436397,0.180649995436397,-0.000329091999446973,-0.634989261627197,1.19506202174451e-06,278528
3614,1,0.180699995435134,0.180699995435134,-0.00031614481122233,-0.634367406368256,1.17925478158272e-06,278528
3615,1,0.180749995433871,0.180749995433871,-0.000303446548059583,-0.634678363800049,1.16408245456302e-06,278528
3616,1,0.180799995432608,0.180799995432608,-0.000291619799099863,-0.634056448936462,1.14950146497638e-06,278528
3617,1,0.180849995431345,0.180849995431345,-0.000278299063211307,-0.633434653282166,1.13558651216733e-06,278528
3618,1,0.180899995430082,0.180899995430082,-0.000265725306235254,-0.634056448936462,1.12230024719121e-06,278528
3619,1,0.180949995428819,0.180949995428819,-0.000253151578363031,-0.633123636245728,1.10964266859282e-06,278528
3620,1,0.180999995427555,0.180999995427555,-0.00024045335885603,-0.632190942764282,1.09762000095373e-06,278528
3621,1,0.181049995426292,0.181049995426292,-0.000228128599701449,-0.630947172641754,1.08621357125681e-06,278528
3622,1,0.181099995425029,0.181099995425029,-0.000215928346733563,-0.630325317382813,1.07541715419287e-06,278528
3623,1,0.181149995423766,0.181149995423766,-0.000202607639948837,-0.629392504692078,1.06528677245135e-06,278528
3624,1,0.181199995422503,0.181199995422503,-0.000190158389159478,-0.629081547260284,1.05577885323356e-06,278528
3625,1,0.18124999542124,0.18124999542124,-0.00017758464673534,-0.628459751605988,1.0468996211211e-06,278528
3626,1,0.181299995419977,0.181299995419977,-0.000164761921041645,-0.628148853778839,1.03866152527713e-06,278528
3627,1,0.181349995418714,0.181349995418714,-0.000153433109517209,-0.626905083656311,1.03098986999508e-06,278528
3628,1,0.181399995417451,0.181399995417451,-0.000140485892188735,-0.625972270965576,1.02396557556309e-06,278528
3629,1,0.181449995416187,0.181449995416187,-0.000127912149764597,-0.623795747756958,1.01756996823642e-06,278528
3630,1,0.181499995414924,0.181499995414924,-0.000115338400064502,-0.621930181980133,1.01180304837888e-06,278528
3631,1,0.181549995413661,0.181549995413661,-0.000104258571809623,-0.620997369289398,1.00659011992009e-06,278528
3632,1,0.181599995412398,0.181599995412398,-9.13113544811495e-05,-0.619442760944366,1.00202455231137e-06,278528
3633,1,0.181649995411135,0.181649995411135,-8.02315189503133e-05,-0.617266237735748,9.98012976465196e-07,278528
3634,1,0.181699995409872,0.181699995409872,-6.76577838021331e-05,-0.61788809299469,9.94630087360548e-07,278528
3635,1,0.181749995408609,0.181749995408609,-5.58309911866672e-05,-0.615400671958923,9.91838537871735e-07,278528
3636,1,0.181799995407346,0.181799995407346,-4.35062356700655e-05,-0.613224148750305,9.89663226143185e-07,278528
3637,1,0.181849995406083,0.181849995406083,-3.20529252348933e-05,-0.611980378627777,9.88060579921926e-07,278528
3638,1,0.181899995404819,0.181899995404819,-2.02261398953851e-05,-0.60949295759201,9.87049272952705e-07,278528
3639,1,0.181949995403556,0.181949995403556,-9.27080054680118e-06,-0.607005536556244,9.86585732937075e-07,278528
3640,1,0.181999995402293,0.181999995402293,2.30700152314967e-06,-0.607005536556244,9.86701083010319e-07,278528
3641,1,0.18204999540103,0.18204999540103,1.37603101393324e-05,-0.603896200656891,9.87389098499905e-07,278528
3642,1,0.182099995399767,0.182099995399767,2.55870963883353e-05,-0.600475966930389,9.88668453287002e-07,278528
3643,1,0.182149995398504,0.182149995398504,3.69159133697394e-05,-0.598610401153564,9.9051424890886e-07,278528
3644,1,0.182199995397241,0.182199995397241,4.66263263660949e-05,-0.59767758846283,9.92845565168271e-07,278528
3645,1,0.182249995395978,0.182249995395978,5.85776069783606e-05,-0.59487920999527,9.95774445443199e-07,278528
3646,1,0.182299995394715,0.182299995394715,6.86615021550097e-05,-0.591769933700562,9.99207520464223e-07,278528
3647,1,0.182349995393452,0.182349995393452,7.92433565948159e-05,-0.590215265750885,1.00316968819387e-06,278528
3648,1,0.182399995392188,0.182399995392188,8.98252255865373e-05,-0.587105989456177,1.00766094935974e-06,278528
3649,1,0.182449995390925,0.182449995390925,9.96601302176714e-05,-0.585240364074707,1.01264395574474e-06,278528
3650,1,0.182499995389662,0.182499995389662,0.000110366483568214,-0.583996653556824,1.01816227978375e-06,278528
3651,1,0.182549995388399,0.182549995388399,0.000120076903840527,-0.580576419830322,1.0241661248241e-06,278528
3652,1,0.182599995387136,0.182599995387136,0.000131032240460627,-0.578399896621704,1.03071773668163e-06,278528
3653,1,0.182649995385873,0.182649995385873,0.000139995710924268,-0.574668765068054,1.03771752205101e-06,278528
3654,1,0.18269999538461,0.18269999538461,0.000149083643918857,-0.572181284427643,1.04517170405865e-06,278528
3655,1,0.182749995383347,0.182749995383347,0.000160287978360429,-0.568761050701141,1.05318610277421e-06,278528
3656,1,0.182799995382084,0.182799995382084,0.00016875346773304,-0.565651774406433,1.06162377594771e-06,278528
3657,1,0.18284999538082,0.18284999538082,0.000177094450918958,-0.563786149024963,1.07047849826996e-06,278528
3658,1,0.182899995379557,0.182899995379557,0.000187676327186637,-0.56160968542099,1.07986231439224e-06,278528
3659,1,0.182949995378294,0.182949995378294,0.00019589283328969,-0.557567596435547,1.08965695580929e-06,278528
3660,1,0.182999995377031,0.182999995377031,0.000205478747375309,-0.554458260536194,1.09993089291852e-06,278528
3661,1,0.183049995375768,0.183049995375768,0.000212823812034912,-0.552592694759369,1.11057208325144e-06,278528
3662,1,0.183099995374505,0.183099995374505,0.000221040318137966,-0.548861563205719,1.12162409887914e-06,278528
3663,1,0.183149995373242,0.183149995373242,0.000229754776228219,-0.545441269874573,1.13311183740035e-06,278528
3664,1,0.183199995371979,0.183199995371979,0.000237971282331273,-0.543264746665955,1.14501040121633e-06,278528
3665,1,0.183249995370716,0.183249995370716,0.000245440867729485,-0.539844572544098,1.15728244429279e-06,278528
3666,1,0.183299995369453,0.183299995369453,0.000253532838542014,-0.537046134471893,1.16995908589965e-06,278528
3667,1,0.183349995368189,0.183349995368189,0.000261998327914625,-0.533315002918243,1.18305900196445e-06,278528
3668,1,0.183399995366926,0.183399995366926,0.000268596457317472,-0.529894769191742,1.19648882449106e-06,278528
3669,1,0.183449995365663,0.183449995365663,0.000275817001238465,-0.526785492897034,1.21027967420459e-06,278528
3670,1,0.1834999953644,0.1834999953644,0.000283535569906235,-0.523365199565887,1.22445645234177e-06,278528
3671,1,0.183549995363137,0.183549995363137,0.000290507101453841,-0.519634068012238,1.23898180704752e-06,278528
3672,1,0.183599995361874,0.183599995361874,0.000296482787234709,-0.516213774681091,1.25380594603477e-06,278528
3673,1,0.183649995360611,0.183649995360611,0.000304574758047238,-0.514037311077118,1.26903468355242e-06,278528
3674,1,0.183699995359348,0.183699995359348,0.000310923904180527,-0.510306119918823,1.28458087836871e-06,278528
3675,1,0.183749995358085,0.183749995358085,0.000316899531753734,-0.50626403093338,1.30042585455612e-06,278528
3676,1,0.183799995356821,0.183799995356821,0.000322875188430771,-0.50253289937973,1.31656961356984e-06,278528
3677,1,0.183849995355558,0.183849995355558,0.000329473259625956,-0.499734491109848,1.33304327613497e-06,278528
3678,1,0.183899995354295,0.183899995354295,0.0003353244101163,-0.496936142444611,1.34980949621724e-06,278528
3679,1,0.183949995353032,0.183949995353032,0.000341175560606644,-0.49382683634758,1.36686827381663e-06,278528
3680,1,0.183999995351769,0.183999995351769,0.000346404238371179,-0.489784747362137,1.38418848529764e-06,278528
3681,1,0.184049995350506,0.184049995350506,0.00035250440123491,-0.486986368894577,1.40181370491414e-06,278528
3682,1,0.184099995349243,0.184099995349243,0.000357982033165172,-0.482944250106812,1.41971280612023e-06,278528
3683,1,0.18414999534798,0.18414999534798,0.000363335217116401,-0.479834973812103,1.43787956651712e-06,278528
3684,1,0.184199995346717,0.184199995346717,0.000368314940715209,-0.476725667715073,1.45629531308765e-06,278528
3685,1,0.184249995345453,0.184249995345453,0.000374415045371279,-0.474238216876984,1.47501606488329e-06,278528
3686,1,0.18429999534419,0.18429999534419,0.000380266195861623,-0.468952387571335,1.49402937419606e-06,278528
3687,1,0.184349995342927,0.184349995342927,0.000384498969651759,-0.466775894165039,1.51325432219298e-06,278528
3688,1,0.184399995341664,0.184399995341664,0.000389852124499157,-0.462733805179596,1.53274692792552e-06,278528
3689,1,0.184449995340401,0.184449995340401,0.000395454291719943,-0.459935396909714,1.55251964201201e-06,278528
3690,1,0.184499995339138,0.184499995339138,0.000400185002945364,-0.455582410097122,1.5725288916538e-06,278528
3691,1,0.184549995337875,0.184549995337875,0.000405040191253647,-0.45278400182724,1.59278090070488e-06,278528
3692,1,0.184599995336612,0.184599995336612,0.000411015877034515,-0.44905287027359,1.61333169403745e-06,278528
3693,1,0.184649995335349,0.184649995335349,0.000416369031881914,-0.446565419435501,1.63415014510562e-06,278528
3694,1,0.184699995334086,0.184699995334086,0.000421348726376891,-0.442523330450058,1.65521758089226e-06,278528
3695,1,0.184749995332822,0.184749995332822,0.000426328420871869,-0.439413994550705,1.67653400139736e-06,278528
3696,1,0.184799995331559,0.184799995331559,0.000430187705205753,-0.43754842877388,1.69804338611427e-06,278528
3697,1,0.184849995330296,0.184849995330296,0.000435914378613234,-0.433817237615585,1.71983910449433e-06,278528
3698,1,0.184899995329033,0.184899995329033,0.000441018550191075,-0.431018888950348,1.74189003144683e-06,278528
3699,1,0.18494999532777,0.18494999532777,0.00044662068830803,-0.427598655223846,1.7642210652981e-06,278528
3700,1,0.184999995326507,0.184999995326507,0.000451475905720145,-0.423867464065552,1.78679486001384e-06,278528
3701,1,0.185049995325244,0.185049995325244,0.000456331123132259,-0.421069115400314,1.80961141559406e-06,278528
3702,1,0.185099995323981,0.185099995323981,0.00046143532381393,-0.41733792424202,1.83268318120192e-06,278528
3703,1,0.185149995322718,0.185149995322718,0.000467535457573831,-0.414228618144989,1.85605995349006e-06,278528
3704,1,0.185199995321454,0.185199995321454,0.000471768173156306,-0.4117411673069,1.87964836155198e-06,278528
3705,1,0.185249995320191,0.185249995320191,0.000477494846563786,-0.409253746271133,1.90352310327705e-06,278528
3706,1,0.185299995318928,0.185299995318928,0.000482101080706343,-0.405522584915161,1.92762815670342e-06,278528
3707,1,0.185349995317665,0.185349995317665,0.000487578741740435,-0.401791393756866,1.95200709317458e-06,278528
3708,1,0.185399995316402,0.185399995316402,0.000492682913318276,-0.399925827980042,1.97664123821818e-06,278528
3709,1,0.185449995315139,0.185449995315139,0.000496915658004582,-0.397749304771423,2.00148702049075e-06,278528
3710,1,0.185499995313876,0.185499995313876,0.000501895323395729,-0.394950956106186,2.02658178602659e-06,278528
3711,1,0.185549995312613,0.185549995312613,0.000506875046994537,-0.392774403095245,2.05192553773608e-06,278528
3712,1,0.18559999531135,0.18559999531135,0.000510360870976001,-0.389043271541595,2.07744358064024e-06,278528
3713,1,0.185649995310087,0.185649995310087,0.00051571405492723,-0.387488603591919,2.1032292827352e-06,278528
3714,1,0.185699995308823,0.185699995308823,0.000519573339261115,-0.384379297494888,2.12920794904198e-06,278528
3715,1,0.18574999530756,0.18574999530756,0.000523308059200644,-0.38220277428627,2.15537335134102e-06,278528
3716,1,0.185799995306297,0.185799995306297,0.000527291849721223,-0.37909346818924,2.18173794316105e-06,278528
3717,1,0.185849995305034,0.185849995305034,0.000530404155142605,-0.376916974782944,2.20825815024823e-06,278528
3718,1,0.185899995303771,0.185899995303771,0.000534387945663184,-0.374118596315384,2.2349775468564e-06,278528
3719,1,0.185949995302508,0.185949995302508,0.000537500192876905,-0.372563928365707,2.26185255582132e-06,278528
3720,1,0.185999995301245,0.185999995301245,0.000540114589966834,-0.371009290218353,2.28885828463744e-06,278528
3721,1,0.186049995299982,0.186049995299982,0.000543475907761604,-0.367899984121323,2.31603207933905e-06,278528
3722,1,0.186099995298719,0.186099995298719,0.000545467715710402,-0.366345345973969,2.34330546443559e-06,278528
3723,1,0.186149995297455,0.186149995297455,0.00054745958186686,-0.364479750394821,2.37067844283743e-06,278528
3724,1,0.186199995296192,0.186199995296192,0.000549700518604368,-0.361992299556732,2.39816346807332e-06,278528
3725,1,0.186249995294929,0.186249995294929,0.000551194360014051,-0.359815806150436,2.42572318537781e-06,278528
3726,1,0.186299995293666,0.186299995293666,0.000552314857486635,-0.358882993459702,2.45333892755451e-06,278528
3727,1,0.186349995292403,0.186349995292403,0.000552688317839056,-0.356084614992142,2.48097334274836e-06,278528
3728,1,0.18639999529114,0.18639999529114,0.000554057769477367,-0.354529976844788,2.50867623052239e-06,278528
3729,1,0.186449995289877,0.186449995289877,0.0005541822174564,-0.353908121585846,2.53638534069522e-06,278528
3730,1,0.186499995288614,0.186499995288614,0.000553435296751559,-0.352042526006699,2.56405710483375e-06,278528
3731,1,0.186549995287351,0.186549995287351,0.000553684250917286,-0.349866032600403,2.59174131668025e-06,278528
3732,1,0.186599995286088,0.186599995286088,0.000553310732357204,-0.349244177341461,2.61940685259922e-06,278528
3733,1,0.186649995284824,0.186649995284824,0.000552190351299942,-0.348311364650726,2.64701636946674e-06,278528
3734,1,0.186699995283561,0.186699995283561,0.000550447381101549,-0.346134871244431,2.67453873782655e-06,278528
3735,1,0.186749995282298,0.186749995282298,0.000549077987670898,-0.34395831823349,2.70199263651655e-06,278528
3736,1,0.186799995281035,0.186799995281035,0.000546463706996292,-0.344269275665283,2.72931582117612e-06,278528
3737,1,0.186849995279772,0.186849995279772,0.000542853376828134,-0.342092782258987,2.75645848933185e-06,278528
3738,1,0.186899995278509,0.186899995278509,0.000540239096153527,-0.340849041938782,2.78347044345714e-06,278528
3739,1,0.186949995277246,0.186949995277246,0.000538371677976102,-0.340849041938782,2.81038902667593e-06,278528
3740,1,0.186999995275983,0.186999995275983,0.000533765472937375,-0.339605331420898,2.8370772996486e-06,278528
3741,1,0.18704999527472,0.18704999527472,0.000530155200976878,-0.338983446359634,2.8635850590278e-06,278528
3742,1,0.187099995273456,0.187099995273456,0.000526046904269606,-0.338361591100693,2.88988740357682e-06,278528
3743,1,0.187149995272193,0.187149995272193,0.00052144069923088,-0.336185097694397,2.91595943787973e-06,278528
3744,1,0.18719999527093,0.18719999527093,0.000515838561113924,-0.337117880582809,2.94175136528387e-06,278528
3745,1,0.187249995269667,0.187249995269667,0.00050998741062358,-0.336185097694397,2.96725073517088e-06,278528
3746,1,0.187299995268404,0.187299995268404,0.000504883180838078,-0.335874140262604,2.99249489357506e-06,278528
3747,1,0.187349995267141,0.187349995267141,0.000498658569995314,-0.335252285003662,3.01742782144497e-06,278528
3748,1,0.187399995265878,0.187399995265878,0.000491935992613435,-0.336185097694397,3.04202462045428e-06,278528
3749,1,0.187449995264615,0.187449995264615,0.000485213386127725,-0.335563242435455,3.06628528914779e-06,278528
3750,1,0.187499995263352,0.187499995263352,0.000477743858937174,-0.335252285003662,3.0901724814912e-06,278528
3751,1,0.187549995262088,0.187549995262088,0.000470398779725656,-0.335563242435455,3.11369241988332e-06,278528
3752,1,0.187599995260825,0.187599995260825,0.000462306779809296,-0.33431950211525,3.13680775828984e-06,278528
3753,1,0.187649995259562,0.187649995259562,0.000454214750789106,-0.336185097694397,3.15951849525558e-06,278528
3754,1,0.187699995258299,0.187699995258299,0.00044525129487738,-0.335563242435455,3.18178105943705e-06,278528
3755,1,0.187749995257036,0.187749995257036,0.000436661299318075,-0.336185097694397,3.2036141238514e-06,278528
3756,1,0.187799995255773,0.187799995255773,0.000427697843406349,-0.334941357374191,3.22499901548149e-06,278528
3757,1,0.18784999525451,0.18784999525451,0.000418858893681318,-0.336806952953339,3.24594195963649e-06,278528
3758,1,0.187899995253247,0.187899995253247,0.000409521948313341,-0.337739735841751,3.26641805653489e-06,278528
3759,1,0.187949995251984,0.187949995251984,0.000397944124415517,-0.337739735841751,3.28631526225302e-06,278528
3760,1,0.187999995250721,0.187999995250721,0.000388358224881813,-0.337428778409958,3.30573317300657e-06,278528
3761,1,0.188049995249457,0.188049995249457,0.000377900840248913,-0.338983446359634,3.32462821454169e-06,278528
3762,1,0.188099995248194,0.188099995248194,0.000367318978533149,-0.339294373989105,3.34299416300439e-06,278528
3763,1,0.188149995246931,0.188149995246931,0.000355243217200041,-0.340538084506989,3.36075632341568e-06,278528
3764,1,0.188199995245668,0.188199995245668,0.000343540916219354,-0.341470897197723,3.37793336879272e-06,278528
3765,1,0.188249995244405,0.188249995244405,0.000333083560690284,-0.342714637517929,3.39458754640651e-06,278528
3766,1,0.188299995243142,0.188299995243142,0.000320260820444673,-0.34395831823349,3.41060058702422e-06,278528
3767,1,0.188349995241879,0.188349995241879,0.000308060552924871,-0.345202058553696,3.42600361428135e-06,278528
3768,1,0.188399995240616,0.188399995240616,0.000295486795948818,-0.346756726503372,3.44077795370556e-06,278528
3769,1,0.188449995239353,0.188449995239353,0.000282290624454618,-0.348000437021255,3.45489248457173e-06,278528
3770,1,0.188499995238089,0.188499995238089,0.000270463817287236,-0.349244177341461,3.46841567509447e-06,278528
3771,1,0.188549995236826,0.188549995236826,0.000256894156336784,-0.350176960229874,3.48126038258682e-06,278528
3772,1,0.188599995235563,0.188599995235563,0.00024307549756486,-0.351420670747757,3.49341415715803e-06,278528
3773,1,0.1886499952343,0.1886499952343,0.000229630299145356,-0.353597164154053,3.50489567182525e-06,278528
3774,1,0.188699995233037,0.188699995233037,0.000216309577808715,-0.354840904474258,3.51571115044247e-06,278528
3775,1,0.188749995231774,0.188749995231774,0.000201494985958561,-0.357017397880554,3.52578589948589e-06,278528
3776,1,0.188799995230511,0.188799995230511,0.000187551820999943,-0.358572065830231,3.53516349029899e-06,278528
3777,1,0.188849995229248,0.188849995229248,0.000173608656041324,-0.360126703977585,3.54384392288177e-06,278528
3778,1,0.188899995227985,0.188899995227985,0.000158918555825949,-0.362614154815674,3.55178985047233e-06,278528
3779,1,0.188949995226722,0.188949995226722,0.000144601930514909,-0.364168792963028,3.55901994681543e-06,278528
3780,1,0.188999995225458,0.188999995225458,0.000130783257191069,-0.367278128862381,3.56555910950979e-06,278528
3781,1,0.189049995224195,0.189049995224195,0.000113852278445847,-0.369454652070999,3.57125172328828e-06,278528
3782,1,0.189099995222932,0.189099995222932,0.000100033612397965,-0.37069833278656,3.57625340378182e-06,278528
3783,1,0.189149995221669,0.189149995221669,8.65884139784612e-05,-0.372874885797501,3.58058282437137e-06,278528
3784,1,0.189199995220406,0.189199995220406,7.05288912286051e-05,-0.375984191894531,3.58410926884372e-06,278528
3785,1,0.189249995219143,0.189249995219143,5.49673241039272e-05,-0.377538830041885,3.58685763497948e-06,278528
3786,1,0.18929999521788,0.18929999521788,4.04017046093941e-05,-0.37909346818924,3.58887772015892e-06,278528
3787,1,0.189349995216617,0.189349995216617,2.48401429416845e-05,-0.382513731718063,3.59011972727463e-06,278528
3788,1,0.189399995215354,0.189399995215354,8.78061109688133e-06,-0.385312110185623,3.59055875781838e-06,278528
3789,1,0.18944999521409,0.18944999521409,-5.41153303856845e-06,-0.387177675962448,3.59028818117329e-06,278528
3790,1,0.189499995212827,0.189499995212827,-2.12220784305828e-05,-0.390286952257156,3.58922707727857e-06,278528
3791,1,0.189549995211564,0.189549995211564,-3.64101615559775e-05,-0.393085360527039,3.58740656924676e-06,278528
3792,1,0.189599995210301,0.189599995210301,-5.19717250426766e-05,-0.395572811365128,3.58480798306027e-06,278528
3793,1,0.189649995209038,0.189649995209038,-6.71598099870607e-05,-0.399303942918777,3.58144999264575e-06,278528
3794,1,0.189699995207775,0.189699995207775,-8.19744091131724e-05,-0.399925827980042,3.57735127229363e-06,278528
3795,1,0.189749995206512,0.189749995206512,-9.80339464149438e-05,-0.403967916965485,3.57244957509671e-06,278528
3796,1,0.189799995205249,0.189799995205249,-0.000113595509901643,-0.406455367803574,3.56676979974511e-06,278528
3797,1,0.189849995203986,0.189849995203986,-0.000129032574477606,-0.409253746271133,3.56031817118421e-06,278528
3798,1,0.189899995202722,0.189899995202722,-0.000144220655784011,-0.412052124738693,3.55310713857718e-06,278528
3799,1,0.189949995201459,0.189949995201459,-0.000159284260007553,-0.415161430835724,3.545142925778e-06,278528
3800,1,0.189999995200196,0.189999995200196,-0.000173600885318592,-0.418270707130432,3.53646288173134e-06,278528
3801,1,0.190049995198933,0.190049995198933,-0.000190531864063814,-0.421380013227463,3.52693628876881e-06,278528
3802,1,0.19009999519767,0.19009999519767,-0.000205470962100662,-0.424178391695023,3.51666274092331e-06,278528
3803,1,0.190149995196407,0.190149995196407,-0.000221032532863319,-0.427287697792053,3.50561111455933e-06,278528
3804,1,0.190199995195144,0.190199995195144,-0.000237341038882732,-0.43164074420929,3.49374406291498e-06,278528
3805,1,0.190249995193881,0.190249995193881,-0.000251159712206572,-0.434128195047379,3.4811860776219e-06,278528
3806,1,0.190299995192618,0.190299995192618,-0.000265725306235254,-0.436615616083145,3.46789981264577e-06,278528
3807,1,0.190349995191355,0.190349995191355,-0.000280788925010711,-0.440657734870911,3.4538603667499e-06,278528
3808,1,0.190399995190091,0.190399995190091,-0.00029560353141278,-0.444388866424561,3.43908019055264e-06,278528
3809,1,0.190449995188828,0.190449995188828,-0.000309671158902347,-0.447187274694443,3.42359663299867e-06,278528
3810,1,0.190499995187565,0.190499995187565,-0.000324734748573974,-0.450918406248093,3.40735989598015e-06,278528
3811,1,0.190549995186302,0.190549995186302,-0.000338677928084508,-0.45278400182724,3.39042600000371e-06,278528
3812,1,0.190599995185039,0.190599995185039,-0.000352621107595041,-0.456826090812683,3.37279494506936e-06,278528
3813,1,0.190649995183776,0.190649995183776,-0.0003660662623588,-0.460868209600449,3.3544916324138e-06,278528
3814,1,0.190699995182513,0.190699995182513,-0.000381503341486678,-0.463355630636215,3.33541646582134e-06,278528
3815,1,0.19074999518125,0.19074999518125,-0.000394201604649425,-0.466775894165039,3.31570638608679e-06,278528
3816,1,0.190799995179987,0.190799995179987,-0.000408518215408549,-0.471128880977631,3.29528047583236e-06,278528
3817,1,0.190849995178723,0.190849995178723,-0.00042171444511041,-0.47361633181572,3.27419475410951e-06,278528
3818,1,0.19089999517746,0.19089999517746,-0.000434786139521748,-0.476414710283279,3.25245544768261e-06,278528
3819,1,0.190949995176197,0.190949995176197,-0.000448231352493167,-0.480145871639252,3.23004388062411e-06,278528
3820,1,0.190999995174934,0.190999995174934,-0.000459684641100466,-0.484187960624695,3.20705964914972e-06,278528
3821,1,0.191049995173671,0.191049995173671,-0.000473005347885191,-0.486675411462784,3.18340938235292e-06,278528
3822,1,0.191099995172408,0.191099995172408,-0.000484209653222933,-0.490717500448227,3.15919890030338e-06,278528
3823,1,0.191149995171145,0.191149995171145,-0.00049591192509979,-0.493204951286316,3.13440330467478e-06,278528
3824,1,0.191199995169882,0.191199995169882,-0.000508610217366368,-0.497868925333023,3.10897279444889e-06,278528
3825,1,0.191249995168619,0.191249995168619,-0.000518320652190596,-0.500356376171112,3.08305676249405e-06,278528
3826,1,0.191299995167356,0.191299995167356,-0.000531143334228545,-0.504398465156555,3.05649959645351e-06,278528
3827,1,0.191349995166092,0.191349995166092,-0.000541102723218501,-0.506885886192322,3.02944446097606e-06,278528
3828,1,0.191399995164829,0.191399995164829,-0.000552058045286685,-0.510617077350616,3.00184155940903e-06,278528
3829,1,0.191449995163566,0.191449995163566,-0.000561768480110914,-0.514348268508911,2.97375313611306e-06,278528
3830,1,0.191499995162303,0.191499995162303,-0.000571229902561754,-0.517146587371826,2.9451916417065e-06,278528
3831,1,0.19154999516104,0.19154999516104,-0.000580815889406949,-0.520566821098328,2.91615084796978e-06,278528
3832,1,0.191599995159777,0.191599995159777,-0.000590277253650129,-0.523987054824829,2.88663698603286e-06,278528
3833,1,0.191649995158514,0.191649995158514,-0.00059874274302274,-0.52647453546524,2.856699849638e-06,278528
3834,1,0.191699995157251,0.191699995157251,-0.00060683477204293,-0.529894769191742,2.82635811180235e-06,278528
3835,1,0.191749995155988,0.191749995155988,-0.000614179822150618,-0.533315002918243,2.79564912147059e-06,278528
3836,1,0.191799995154724,0.191799995154724,-0.000621524872258306,-0.537667989730835,2.76457287864273e-06,278528
3837,1,0.191849995153461,0.191849995153461,-0.000627873989287764,-0.539533615112305,2.73317917997141e-06,278528
3838,1,0.191899995152198,0.191899995152198,-0.000634472060482949,-0.542642891407013,2.70145557774867e-06,278528
3839,1,0.191949995150935,0.191949995150935,-0.000641319144051522,-0.546063125133514,2.66938962135615e-06,278528
3840,1,0.191999995149672,0.191999995149672,-0.000645800901111215,-0.549172461032867,2.6370995771163e-06,278528
3841,1,0.192049995148409,0.192049995148409,-0.000651029637083411,-0.552281737327576,2.60454809608445e-06,278528
3842,1,0.192099995147146,0.192099995147146,-0.000656009244266897,-0.555701971054077,2.57174763469972e-06,278528
3843,1,0.192149995145883,0.192149995145883,-0.000658374628983438,-0.558189451694489,2.53882890408214e-06,278528
3844,1,0.19219999514462,0.19219999514462,-0.00066248286748305,-0.561298727989197,2.50570476154477e-06,278528
3845,1,0.192249995143357,0.192249995143357,-0.000664599298033863,-0.564718961715698,2.47247479748254e-06,278528
3846,1,0.192299995142093,0.192299995142093,-0.000667836109641939,-0.566584587097168,2.43908299284399e-06,278528
3847,1,0.19234999514083,0.19234999514083,-0.00066920550307259,-0.570626676082611,2.40562271853564e-06,278528
3848,1,0.192399995139567,0.192399995139567,-0.000670326000545174,-0.572181284427643,2.37210641935507e-06,278528
3849,1,0.192449995138304,0.192449995138304,-0.000670699402689934,-0.575912475585938,2.33857145006774e-06,278528
3850,1,0.192499995137041,0.192499995137041,-0.000670201436150819,-0.578088998794556,2.30506137910674e-06,278528
3851,1,0.192549995135778,0.192549995135778,-0.000670948356855661,-0.580265522003174,2.27151396211143e-06,278528
3852,1,0.192599995134515,0.192599995134515,-0.000669330009259284,-0.584307610988617,2.2380474624939e-06,278528
3853,1,0.192649995133252,0.192649995133252,-0.000667462649289519,-0.584929466247559,2.2046743308725e-06,278528
3854,1,0.192699995131989,0.192699995131989,-0.000665221770759672,-0.587727844715118,2.17141324317477e-06,278528
3855,1,0.192749995130725,0.192749995130725,-0.000662358419504017,-0.591458976268768,2.13829532303619e-06,278528
3856,1,0.192799995129462,0.192799995129462,-0.000659744080621749,-0.593635499477386,2.10530811983843e-06,278528
3857,1,0.192849995128199,0.192849995128199,-0.000655511335935444,-0.595501065254211,2.07253255386964e-06,278528
3858,1,0.192899995126936,0.192899995126936,-0.000651776499580592,-0.596433877944946,2.03994372971388e-06,278528
3859,1,0.192949995125673,0.192949995125673,-0.000646423373837024,-0.599543154239655,2.00762256183853e-06,278528
3860,1,0.19299999512441,0.19299999512441,-0.000641692604403943,-0.600786924362183,1.97553793242885e-06,278528
3861,1,0.193049995123147,0.193049995123147,-0.000634596566669643,-0.602963387966156,1.94380810489694e-06,278528
3862,1,0.193099995121884,0.193099995121884,-0.000628247449640185,-0.605139970779419,1.91239573320847e-06,278528
3863,1,0.193149995120621,0.193149995120621,-0.000622396299149841,-0.608249247074127,1.88127591903713e-06,278528
3864,1,0.193199995119357,0.193199995119357,-0.000616047182120383,-0.608871102333069,1.85047356070924e-06,278528
3865,1,0.193249995118094,0.193249995118094,-0.000607457186561078,-0.61229133605957,1.82010070214847e-06,278528
3866,1,0.193299995116831,0.193299995116831,-0.000599116203375161,-0.613224148750305,1.79014489273646e-06,278528
3867,1,0.193349995115568,0.193349995115568,-0.000591397692915052,-0.615711569786072,1.76057500883771e-06,278528
3868,1,0.193399995114305,0.193399995114305,-0.000583679182454944,-0.617577135562897,1.73139105045221e-06,278528
3869,1,0.193449995113042,0.193449995113042,-0.000574840174522251,-0.619131803512573,1.70264904245218e-06,278528
3870,1,0.193499995111779,0.193499995111779,-0.000564382818993181,-0.620375514030457,1.6744299022154e-06,278528
3871,1,0.193549995110516,0.193549995110516,-0.000555170408915728,-0.620997369289398,1.64667138247085e-06,278528
3872,1,0.193599995109253,0.193599995109253,-0.0005454599740915,-0.622552037239075,1.61939838445525e-06,278528
3873,1,0.19364999510799,0.19364999510799,-0.000534753606189042,-0.62348484992981,1.59266070482125e-06,278528
3874,1,0.193699995106726,0.193699995106726,-0.000524296250659972,-0.625972270965576,1.56644589295049e-06,278528
3875,1,0.193749995105463,0.193749995105463,-0.000514336803462356,-0.626594126224518,1.54072905342704e-06,278528
3876,1,0.1937999951042,0.1937999951042,-0.000503381539601833,-0.627216041088104,1.51555997708277e-06,278528
3877,1,0.193849995102937,0.193849995102937,-0.000492550665512681,-0.629081547260284,1.49093244442928e-06,278528
3878,1,0.193899995101674,0.193899995101674,-0.000481097318697721,-0.629703462123871,1.46687757910207e-06,278528
3879,1,0.193949995100411,0.193949995100411,-0.000469395046820864,-0.630947172641754,1.44340782735392e-06,278528
3880,1,0.193999995099148,0.193999995099148,-0.000458439724752679,-0.631569027900696,1.42048584169535e-06,278528
3881,1,0.194049995097885,0.194049995097885,-0.000446239457232878,-0.632501840591431,1.39817386939735e-06,278528
3882,1,0.194099995096622,0.194099995096622,-0.000435035122791305,-0.632812738418579,1.37642211380728e-06,278528
3883,1,0.194149995095358,0.194149995095358,-0.000422834855271503,-0.632501840591431,1.35528037157779e-06,278528
3884,1,0.194199995094095,0.194199995094095,-0.000411132583394647,-0.634056448936462,1.33472374292736e-06,278528
3885,1,0.194249995092832,0.194249995092832,-0.00039943028241396,-0.634056448936462,1.31475222931119e-06,278528
3886,1,0.194299995091569,0.194299995091569,-0.0003869810316246,-0.634367406368256,1.29540317821875e-06,278528
3887,1,0.194349995090306,0.194349995090306,-0.000374905270291492,-0.634367406368256,1.27665791517773e-06,278528
3888,1,0.194399995089043,0.194399995089043,-0.00036270500277169,-0.634367406368256,1.25852266549728e-06,278528
3889,1,0.19444999508778,0.19444999508778,-0.000349384295986965,-0.633745551109314,1.24105345113924e-06,278528
3890,1,0.194499995086517,0.194499995086517,-0.000337557488819584,-0.634678363800049,1.22417557712463e-06,278528
3891,1,0.194549995085254,0.194549995085254,-0.000325357250403613,-0.63530021905899,1.20790771501541e-06,278528
3892,1,0.194599995083991,0.194599995083991,-0.000312907999614254,-0.634989261627197,1.19226231542993e-06,278528
3893,1,0.194649995082727,0.194649995082727,-0.000299960753181949,-0.634367406368256,1.17726427814972e-06,278528
3894,1,0.194699995081464,0.194699995081464,-0.000287262548226863,-0.633745551109314,1.16290115110122e-06,278528
3895,1,0.194749995080201,0.194749995080201,-0.00027468882035464,-0.633434653282166,1.14916671043045e-06,278528
3896,1,0.194799995078938,0.194799995078938,-0.000262239540461451,-0.633123636245728,1.13605473373861e-06,278528
3897,1,0.194849995077675,0.194849995077675,-0.000249167846050113,-0.632812738418579,1.12359634175083e-06,278528
3898,1,0.194899995076412,0.194899995076412,-0.000237590036704205,-0.632190942764282,1.11171684021572e-06,278528
3899,1,0.194949995075149,0.194949995075149,-0.000225389754632488,-0.631569027900696,1.10044735276879e-06,278528
3900,1,0.194999995073886,0.194999995073886,-0.000211820079130121,-0.631879925727844,1.08985634907983e-06,278528
3901,1,0.195049995072623,0.195049995072623,-0.000199868809431791,-0.630325317382813,1.0798629088607e-06,278528
3902,1,0.195099995071359,0.195099995071359,-0.00018667260883376,-0.629081547260284,1.0705292786548e-06,278528
3903,1,0.195149995070096,0.195149995070096,-0.000174347849679179,-0.628770649433136,1.06181188639106e-06,278528
3904,1,0.195199995068833,0.195199995068833,-0.000160902651259676,-0.626905083656311,1.05376675403131e-06,278528
3905,1,0.19524999506757,0.19524999506757,-0.000148577892105095,-0.626283228397369,1.04633785961373e-06,278528
3906,1,0.195299995066307,0.195299995066307,-0.00013762257003691,-0.625039458274841,1.03945673128571e-06,278528
3907,1,0.195349995065044,0.195349995065044,-0.000123803896713071,-0.623795747756958,1.03326653660644e-06,278528
3908,1,0.195399995063781,0.195399995063781,-0.000111728120828047,-0.621930181980133,1.02768013070616e-06,278528
3909,1,0.195449995062518,0.195449995062518,-0.000101021760201547,-0.620997369289398,1.02262904282368e-06,278528
3910,1,0.195499995061255,0.195499995061255,-8.8074550149031e-05,-0.619753658771515,1.01822531542748e-06,278528
3911,1,0.195549995059991,0.195549995059991,-7.51273328205571e-05,-0.617577135562897,1.01446894888135e-06,278528
3912,1,0.195599995058728,0.195599995058728,-6.28025736659765e-05,-0.614778816699982,1.01132882027737e-06,278528
3913,1,0.195649995057465,0.195649995057465,-5.22207083122339e-05,-0.614467859268188,1.00871778492772e-06,278528
3914,1,0.195699995056202,0.195699995056202,-4.17633418692276e-05,-0.612913191318512,1.00662961788701e-06,278528
3915,1,0.195749995054939,0.195749995054939,-2.94385845336365e-05,-0.611669480800629,1.00515768869751e-06,278528
3916,1,0.195799995053676,0.195799995053676,-1.74873039213708e-05,-0.60949295759201,1.00428332352353e-06,278528
3917,1,0.195849995052413,0.195849995052413,-5.41153303856845e-06,-0.607938289642334,1.00401274687844e-06,278528
3918,1,0.19589999505115,0.19589999505115,4.92134404339595e-06,-0.606072723865509,1.00425881407439e-06,278528
3919,1,0.195949995049887,0.195949995049887,1.6374651750084e-05,-0.603585243225098,1.00507754664122e-06,278528
3920,1,0.195999995048624,0.195999995048624,2.79524556390243e-05,-0.599854111671448,1.00647516938786e-06,278528
3921,1,0.19604999504736,0.19604999504736,3.840982390102e-05,-0.599232256412506,1.0083956605344e-06,278528
3922,1,0.196099995046097,0.196099995046097,5.0236612878507e-05,-0.597988545894623,1.01090749111487e-06,278528
3923,1,0.196149995044834,0.196149995044834,6.13164447713643e-05,-0.594257354736328,1.01397331327599e-06,278528
3924,1,0.196199995043571,0.196199995043571,7.10268577677198e-05,-0.59114807844162,1.01752465607466e-06,278528
3925,1,0.196249995042308,0.196249995042308,8.17332111182623e-05,-0.590837121009827,1.02161131652733e-06,278528
3926,1,0.196299995041045,0.196299995041045,9.1319132479839e-05,-0.587105989456177,1.02617727303598e-06,278528
3927,1,0.196349995039782,0.196349995039782,0.000103519399999641,-0.583996653556824,1.0313532429052e-06,278528
3928,1,0.196399995038519,0.196399995038519,0.000112233879917767,-0.582131087779999,1.03696493675933e-06,278528
3929,1,0.196449995037256,0.196449995037256,0.000122566751088016,-0.579021811485291,1.04309327415892e-06,278528
3930,1,0.196499995035992,0.196499995035992,0.000132028173538856,-0.576534330844879,1.04969468266909e-06,278528
3931,1,0.196549995034729,0.196549995034729,0.00014310801634565,-0.574357807636261,1.05685008330561e-06,278528
3932,1,0.196599995033466,0.196599995033466,0.00015169799735304,-0.571248531341553,1.06443498298166e-06,278528
3933,1,0.196649995032203,0.196649995032203,0.000160661453264765,-0.569072008132935,1.07246805544196e-06,278528
3934,1,0.19669999503094,0.19669999503094,0.000170496365171857,-0.566273629665375,1.0809928734852e-06,278528
3935,1,0.196749995029677,0.196749995029677,0.000179086346179247,-0.563164293766022,1.08994719056796e-06,278528
3936,1,0.196799995028414,0.196799995028414,0.000189045749721117,-0.560055017471313,1.09939947781523e-06,278528
3937,1,0.196849995027151,0.196849995027151,0.000197511224541813,-0.557256639003754,1.10927503879284e-06,278528
3938,1,0.196899995025888,0.196899995025888,0.000205976713914424,-0.554458260536194,1.11957387422839e-06,278528
3939,1,0.196949995024625,0.196949995024625,0.00021543815091718,-0.551038026809692,1.13034578150213e-06,278528
3940,1,0.196999995023361,0.196999995023361,0.000224152623559348,-0.548239648342133,1.14155341239697e-06,278528
3941,1,0.197049995022098,0.197049995022098,0.000232618112931959,-0.545130372047424,1.15318431774974e-06,278528
3942,1,0.197099995020835,0.197099995020835,0.00023971417977009,-0.542331993579865,1.16517002643546e-06,278528
3943,1,0.197149995019572,0.197149995019572,0.000247806194238365,-0.53860080242157,1.17756033583438e-06,278528
3944,1,0.197199995018309,0.197199995018309,0.000255151244346052,-0.535180568695068,1.1903178977294e-06,278528
3945,1,0.197249995017046,0.197249995017046,0.00026249629445374,-0.533625900745392,1.20344271212052e-06,278528
3946,1,0.197299995015783,0.197299995015783,0.00026921893004328,-0.5292729139328,1.21690365828264e-06,278528
3947,1,0.19734999501452,0.19734999501452,0.000276937411399558,-0.525852680206299,1.23075052850281e-06,278528
3948,1,0.197399995013257,0.197399995013257,0.000283784524071962,-0.522743344306946,1.24493975434796e-06,278528
3949,1,0.197449995011993,0.197449995011993,0.000290631636744365,-0.519634068012238,1.25947133581808e-06,278528
3950,1,0.19749999501073,0.19749999501073,0.000298350147204474,-0.515591979026794,1.27438884280146e-06,278528
3951,1,0.197549995009467,0.197549995009467,0.000304823770420626,-0.512482643127441,1.28963003093746e-06,278528
3952,1,0.197599995008204,0.197599995008204,0.000310923904180527,-0.508751511573792,1.30517622575376e-06,278528
3953,1,0.197649995006941,0.197649995006941,0.000317272992106155,-0.505642175674438,1.32103987495832e-06,278528
3954,1,0.197699995005678,0.197699995005678,0.000324120104778558,-0.503154695034027,1.33724587978785e-06,278528
3955,1,0.197749995004415,0.197749995004415,0.000330095732351765,-0.4994235932827,1.35375066598849e-06,278528
3956,1,0.197799995003152,0.197799995003152,0.000335946853738278,-0.496003359556198,1.37054800825107e-06,278528
3957,1,0.197849995001889,0.197849995001889,0.000341922539519146,-0.492894053459167,1.38764413479514e-06,278528
3958,1,0.197899995000625,0.197899995000625,0.000348645116901025,-0.488851964473724,1.40507639019981e-06,278528
3959,1,0.197949994999362,0.197949994999362,0.0003528778324835,-0.486053556203842,1.42272028137827e-06,278528
3960,1,0.197999994998099,0.197999994998099,0.000358355522621423,-0.482944250106812,1.4406380570567e-06,278528
3961,1,0.198049994996836,0.198049994996836,0.00036433117929846,-0.47952401638031,1.45885461556143e-06,278528
3962,1,0.198099994995573,0.198099994995573,0.00037005779449828,-0.476103782653809,1.47735750481892e-06,278528
3963,1,0.19814999499431,0.19814999499431,0.00037578446790576,-0.472061693668365,1.49614672773956e-06,278528
3964,1,0.198199994993047,0.198199994993047,0.000379892706405371,-0.468330532312393,1.51514136257998e-06,278528
3965,1,0.198249994991784,0.198249994991784,0.000385245919460431,-0.465843081474304,1.53440365806639e-06,278528
3966,1,0.198299994990521,0.198299994990521,0.000391221547033638,-0.461800992488861,1.55396473492392e-06,278528
3967,1,0.198349994989258,0.198349994989258,0.000395827752072364,-0.459002614021301,1.57375612202757e-06,278528
3968,1,0.198399994987994,0.198399994987994,0.000400931981857866,-0.454649597406387,1.59380272061404e-06,278528
3969,1,0.198449994986731,0.198449994986731,0.000406409642891958,-0.453405857086182,1.6141232022453e-06,278528
3970,1,0.198499994985468,0.198499994985468,0.000411140354117379,-0.44905287027359,1.63468021943185e-06,278528
3971,1,0.198549994984205,0.198549994984205,0.000416369031881914,-0.445321679115295,1.65549867050003e-06,278528
3972,1,0.198599994982942,0.198599994982942,0.000421846692916006,-0.441901445388794,1.676591004613e-06,278528
3973,1,0.198649994981679,0.198649994981679,0.000426950864493847,-0.439103066921234,1.6979385472984e-06,278528
3974,1,0.198699994980416,0.198699994980416,0.000432179571362212,-0.435682833194733,1.71954752532062e-06,278528
3975,1,0.198749994979153,0.198749994979153,0.000436910282587633,-0.432573527097702,1.74139303889814e-06,278528
3976,1,0.19879999497789,0.19879999497789,0.00044288593926467,-0.429775148630142,1.76353733530196e-06,278528
3977,1,0.198849994976626,0.198849994976626,0.000447492144303396,-0.426665842533112,1.7859119419519e-06,278528
3978,1,0.198899994975363,0.198899994975363,0.000453094340628013,-0.42324560880661,1.808566658411e-06,278528
3979,1,0.1989499949741,0.1989499949741,0.000457825051853433,-0.420136302709579,1.83145791042539e-06,278528
3980,1,0.198999994972837,0.198999994972837,0.000463053729617968,-0.41733792424202,1.8546105963214e-06,278528
3981,1,0.199049994971574,0.199049994971574,0.000467908947030082,-0.414228618144989,1.87800604308189e-06,278528
3982,1,0.199099994970311,0.199099994970311,0.000473511085147038,-0.410808384418488,1.90168159674114e-06,278528
3983,1,0.199149994969048,0.199149994969048,0.000479237758554518,-0.407388180494308,1.92564348406354e-06,278528
3984,1,0.199199994967785,0.199199994967785,0.000482101080706343,-0.40583348274231,1.94974853748991e-06,278528
3985,1,0.199249994966522,0.199249994966522,0.000487952202092856,-0.402724206447601,1.97414614697822e-06,278528
3986,1,0.199299994965259,0.199299994965259,0.000493803410790861,-0.399303942918777,1.99883631689404e-06,278528
3987,1,0.199349994963995,0.199349994963995,0.000499032030347735,-0.395883738994598,2.02378791778109e-06,278528
3988,1,0.199399994962732,0.199399994962732,0.000503015820868313,-0.394329100847244,2.04893870818915e-06,278528
3989,1,0.199449994961469,0.199449994961469,0.000507746473886073,-0.391219764947891,2.07432603124211e-06,278528
3990,1,0.199499994960206,0.199499994960206,0.000511730264406651,-0.39059790968895,2.09991254381608e-06,278528
3991,1,0.199549994958943,0.199549994958943,0.000516336469445378,-0.385933965444565,2.12572936663616e-06,278528
3992,1,0.19959999495768,0.19959999495768,0.00052144069923088,-0.384068369865417,2.15180140093907e-06,278528
3993,1,0.199649994956417,0.199649994956417,0.000524553004652262,-0.38127002120018,2.17802905050911e-06,278528
3994,1,0.199699994955154,0.199699994955154,0.000529034703504294,-0.378782570362091,2.2044807850161e-06,278528
3995,1,0.199749994953891,0.199749994953891,0.000531524536199868,-0.376606047153473,2.23105701115472e-06,278528
3996,1,0.199799994952627,0.199799994952627,0.000535259372554719,-0.374118596315384,2.25781997910637e-06,278528
3997,1,0.199849994951364,0.199849994951364,0.000538745138328522,-0.372563928365707,2.2847572353423e-06,278528
3998,1,0.199899994950101,0.199899994950101,0.000541234971024096,-0.369143694639206,2.31181898320987e-06,278528
3999,1,0.199949994948838,0.199949994948838,0.00054235546849668,-0.368832796812057,2.33893675594965e-06,278528
4000,1,0.199999994947575,0.199999994947575,0.000545841176062822,-0.365723490715027,2.36622881406334e-06,278528
4001,1,0.200049994946312,0.200049994946312,0.000547708594240248,-0.363236039876938,2.39361424308353e-06,278528
4002,1,0.200099994945049,0.200099994945049,0.000550447381101549,-0.36105951666832,2.42113661144334e-06,278528
4003,1,0.200149994943786,0.200149994943786,0.000551318866200745,-0.359193950891495,2.448702554057e-06,278528
4004,1,0.200199994942523,0.200199994942523,0.000553186284378171,-0.357950210571289,2.47636186757718e-06,278528
4005,1,0.20024999494126,0.20024999494126,0.000553186284378171,-0.355773717164993,2.50402118109735e-06,278528
4006,1,0.200299994939996,0.200299994939996,0.000554057769477367,-0.354840904474258,2.53172406887139e-06,278528
4007,1,0.200349994938733,0.200349994938733,0.0005541822174564,-0.353286266326904,2.55943317904422e-06,278528
4008,1,0.20039999493747,0.20039999493747,0.000554431229829788,-0.351420670747757,2.5871547398354e-06,278528
4009,1,0.200449994936207,0.200449994936207,0.000553684250917286,-0.348933219909668,2.6148389516819e-06,278528
4010,1,0.200499994934944,0.200499994934944,0.000551941338926554,-0.34862232208252,2.64243601793107e-06,278528
4011,1,0.200549994933681,0.200549994933681,0.000551318866200745,-0.347067624330521,2.67000196054473e-06,278528
4012,1,0.200599994932418,0.200599994932418,0.000549451564438641,-0.345823913812637,2.69747453807265e-06,278528
4013,1,0.200649994931155,0.200649994931155,0.000546961673535407,-0.343647420406342,2.72482262105855e-06,278528
4014,1,0.200699994929892,0.200699994929892,0.000545094313565642,-0.343025535345078,2.75207733604832e-06,278528
4015,1,0.200749994928628,0.200749994928628,0.000542479916475713,-0.343336492776871,2.77920133118689e-06,278528
4016,1,0.200799994927365,0.200799994927365,0.000539741129614413,-0.340538084506989,2.80618838698586e-06,278528
4017,1,0.200849994926102,0.200849994926102,0.00053563283290714,-0.340538084506989,2.83297002795466e-06,278528
4018,1,0.200899994924839,0.200899994924839,0.000532769481651485,-0.339605331420898,2.85960850136429e-06,278528
4019,1,0.200949994923576,0.200949994923576,0.000529034703504294,-0.339605331420898,2.88606023587128e-06,278528
4020,1,0.200999994922313,0.200999994922313,0.000524553004652262,-0.3380506336689,2.91228788544132e-06,278528
4021,1,0.20104999492105,0.20104999492105,0.000518452899996191,-0.337428778409958,2.93821052978627e-06,278528
4022,1,0.201099994919787,0.201099994919787,0.000514344603288919,-0.337428778409958,2.96392775930105e-06,278528
4023,1,0.201149994918524,0.201149994918524,0.000508617958985269,-0.336185097694397,2.98935865660787e-06,278528
4024,1,0.20119999491726,0.20119999491726,0.000502393348142505,-0.336185097694397,3.01447832338042e-06,278528
4025,1,0.201249994915997,0.201249994915997,0.000496293243486434,-0.336806952953339,3.03929298492787e-06,278528
4026,1,0.201299994914734,0.201299994914734,0.000490193080622703,-0.33463042974472,3.06380263833984e-06,278528
4027,1,0.201349994913471,0.201349994913471,0.000483096984680742,-0.335252285003662,3.08795748696367e-06,278528
4028,1,0.201399994912208,0.201399994912208,0.000475378474220634,-0.334941357374191,3.11172641007425e-06,278528
4029,1,0.201449994910945,0.201449994910945,0.000468531390652061,-0.335252285003662,3.13515297901505e-06,278528
4030,1,0.201499994909682,0.201499994909682,0.000460314884549007,-0.335874140262604,3.15816872266107e-06,278528
4031,1,0.201549994908419,0.201549994908419,0.000452222884632647,-0.335252285003662,3.1807798663215e-06,278528
4032,1,0.201599994907156,0.201599994907156,0.000442636926891282,-0.335252285003662,3.20291171210697e-06,278528
4033,1,0.201649994905893,0.201649994905893,0.000434171437518671,-0.335252285003662,3.2246202834345e-06,278528
4034,1,0.201699994904629,0.201699994904629,0.000424834521254525,-0.335874140262604,3.24586200896061e-06,278528
4035,1,0.201749994903366,0.201749994903366,0.000415373098803684,-0.336185097694397,3.26663066337614e-06,278528
4036,1,0.201799994902103,0.201799994902103,0.000406409642891958,-0.337117880582809,3.2869511450074e-06,278528
4037,1,0.20184999490084,0.20184999490084,0.000395205308450386,-0.3380506336689,3.30671140993073e-06,278528
4038,1,0.201899994899577,0.201899994899577,0.000385619379812852,-0.338361591100693,3.32599237843429e-06,278528
4039,1,0.201949994898314,0.201949994898314,0.000374166091205552,-0.339605331420898,3.34470068252196e-06,278528
4040,1,0.201999994897051,0.201999994897051,0.000363210740033537,-0.340849041938782,3.36286121906486e-06,278528
4041,1,0.202049994895788,0.202049994895788,0.000351632916135713,-0.339916229248047,3.3804428644275e-06,278528
4042,1,0.202099994894525,0.202099994894525,0.000339308171533048,-0.342092782258987,3.39740827257557e-06,278528
4043,1,0.202149994893261,0.202149994893261,0.000329224276356399,-0.341781824827194,3.41386948597754e-06,278528
4044,1,0.202199994891998,0.202199994891998,0.000315779121592641,-0.344891130924225,3.42965844165831e-06,278528
4045,1,0.202249994890735,0.202249994890735,0.000304076791508123,-0.344891130924225,3.44486228084964e-06,278528
4046,1,0.202299994889472,0.202299994889472,0.000292250013444573,-0.346756726503372,3.45947478115272e-06,278528
4047,1,0.202349994888209,0.202349994888209,0.000278182356851175,-0.348000437021255,3.47338389864391e-06,278528
4048,1,0.202399994886946,0.202399994886946,0.000265235139522702,-0.348933219909668,3.48664565528502e-06,278528
4049,1,0.202449994885683,0.202449994885683,0.000252412399277091,-0.350798815488815,3.49926627493005e-06,278528
4050,1,0.20249999488442,0.20249999488442,0.000239465196500532,-0.352975308895111,3.51123953445261e-06,278528
4051,1,0.202549994883157,0.202549994883157,0.000225771029363386,-0.353286266326904,3.52252808563561e-06,278528
4052,1,0.202599994881894,0.202599994881894,0.000211454389500432,-0.3554627597332,3.53310080484354e-06,278528
4053,1,0.20264999488063,0.20264999488063,0.000198009191080928,-0.356084614992142,3.54300126414748e-06,278528
4054,1,0.202699994879367,0.202699994879367,0.000183194584678859,-0.359193950891495,3.55216099315003e-06,278528
4055,1,0.202749994878104,0.202749994878104,0.000169873892446049,-0.360437661409378,3.56065468755776e-06,278528
4056,1,0.202799994876841,0.202799994876841,0.000155308269313537,-0.362303256988525,3.56842010082727e-06,278528
4057,1,0.202849994875578,0.202849994875578,0.000140867137815803,-0.365412533283234,3.57546345754013e-06,278528
4058,1,0.202899994874315,0.202899994874315,0.000126675004139543,-0.36696720123291,3.5817972075871e-06,278528
4059,1,0.202949994873052,0.202949994873052,0.000111984889372252,-0.368832796812057,3.58739645191426e-06,278528
4060,1,0.202999994871789,0.202999994871789,9.741926623974e-05,-0.371009290218353,3.5922674151032e-06,278528
4061,1,0.203049994870526,0.203049994870526,8.07372707640752e-05,-0.372874885797501,3.59630427853942e-06,278528
4062,1,0.203099994869262,0.203099994869262,6.60471559967846e-05,-0.375984191894531,3.59960663625584e-06,278528
4063,1,0.203149994867999,0.203149994867999,5.11080615979154e-05,-0.378160685300827,3.60216203927118e-06,278528
4064,1,0.203199994866736,0.203199994866736,3.65424348274246e-05,-0.379404425621033,3.60398916096639e-06,278528
4065,1,0.203249994865473,0.203249994865473,2.17278302443447e-05,-0.383135586977005,3.60507555245117e-06,278528
4066,1,0.20329999486421,0.20329999486421,6.41525411992916e-06,-0.385623008012772,3.60539631514906e-06,278528
4067,1,0.203349994862947,0.203349994862947,-9.89326326816808e-06,-0.387488603591919,3.60490165199815e-06,278528
4068,1,0.203399994861684,0.203399994861684,-2.50813463935629e-05,-0.389665126800537,3.60364758471015e-06,278528
4069,1,0.203449994860421,0.203449994860421,-4.01449360651895e-05,-0.39370721578598,3.6016403379576e-06,278528
4070,1,0.203499994859158,0.203499994859158,-5.58309911866672e-05,-0.395261853933334,3.59884878846878e-06,278528
4071,1,0.203549994857894,0.203549994857894,-7.12680630385876e-05,-0.398371189832687,3.59528538540687e-06,278528
4072,1,0.203599994856631,0.203599994856631,-8.69541108841076e-05,-0.401480495929718,3.5909376799725e-06,278528
4073,1,0.203649994855368,0.203649994855368,-0.000101644225651398,-0.404900729656219,3.58585546881832e-06,278528
4074,1,0.203699994854105,0.203699994854105,-0.000118077237857506,-0.407077223062515,3.57995160707459e-06,278528
4075,1,0.203749994852842,0.203749994852842,-0.000133763300254941,-0.408942818641663,3.5732634422308e-06,278528
4076,1,0.203799994851579,0.203799994851579,-0.000148951381561346,-0.412984907627106,3.56581587334087e-06,278528
4077,1,0.203849994850316,0.203849994850316,-0.000163516990141943,-0.416716068983078,3.55764002404031e-06,278528
4078,1,0.203899994849053,0.203899994849053,-0.000179452035808936,-0.419203519821167,3.54866742247653e-06,278528
4079,1,0.20394999484779,0.20394999484779,-0.000195013592019677,-0.421690970659256,3.53891674312187e-06,278528
4080,1,0.203999994846527,0.203999994846527,-0.000209703706786968,-0.425733059644699,3.5284315580474e-06,278528
4081,1,0.204049994845263,0.204049994845263,-0.000224891802645288,-0.427909553050995,3.5171869681992e-06,278528
4082,1,0.204099994844,0.204099994844,-0.000239955377765,-0.43164074420929,3.50518919961404e-06,278528
4083,1,0.204149994842737,0.204149994842737,-0.00025514344451949,-0.434128195047379,3.49243202771034e-06,278528
4084,1,0.204199994841474,0.204199994841474,-0.000269460142590106,-0.436926543712616,3.47895902092119e-06,278528
4085,1,0.204249994840211,0.204249994840211,-0.000284523732261732,-0.442212373018265,3.46473283466749e-06,278528
4086,1,0.204299994838948,0.204299994838948,-0.000299836246995255,-0.444077968597412,3.44974102269645e-06,278528
4087,1,0.204349994837685,0.204349994837685,-0.000313530472340062,-0.447809129953384,3.43406449947547e-06,278528
4088,1,0.204399994836422,0.204399994836422,-0.000328220572555438,-0.450918406248093,3.41765347126227e-06,278528
4089,1,0.204449994835159,0.204449994835159,-0.000343408639309928,-0.453094959259033,3.40048303973054e-06,278528
4090,1,0.204499994833895,0.204499994833895,-0.000357102835550904,-0.458069801330566,3.38262789840405e-06,278528
4091,1,0.204549994832632,0.204549994832632,-0.000371419446310028,-0.461179137229919,3.36405692655769e-06,278528
4092,1,0.204599994831369,0.204599994831369,-0.000384242186555639,-0.463977485895157,3.34484481771525e-06,278528
4093,1,0.204649994830106,0.204649994830106,-0.000398185366066173,-0.467708677053452,3.32493554991489e-06,278528
4094,1,0.204699994828843,0.204699994828843,-0.000412004039390013,-0.470196127891541,3.3043353484658e-06,278528
4095,1,0.20474999482758,0.20474999482758,-0.000425573700340465,-0.475171029567719,3.28305666398632e-06,278528
4096,1,0.204799994826317,0.204799994826317,-0.00043789844494313,-0.478280305862427,3.26116174229227e-06,278528
4097,1,0.204849994825054,0.204849994825054,-0.000450970168458298,-0.482322424650192,3.23861323443898e-06,278528
4098,1,0.204899994823791,0.204899994823791,-0.00046354386722669,-0.484809845685959,3.21543604166315e-06,278528
4099,1,0.204949994822528,0.204949994822528,-0.000475246197311208,-0.488230109214783,3.19167373239788e-06,278528
4100,1,0.204999994821264,0.204999994821264,-0.000488691381178796,-0.491339385509491,3.16723916395621e-06,278528
4101,1,0.205049994820001,0.205049994820001,-0.000500020221807063,-0.494448691606522,3.14223815349743e-06,278528
4102,1,0.205099994818738,0.205099994818738,-0.000510975543875247,-0.497247040271759,3.11668937694909e-06,278528
4103,1,0.205149994817475,0.205149994817475,-0.000522553396876901,-0.502221941947937,3.09056170776528e-06,278528
4104,1,0.205199994816212,0.205199994816212,-0.000533882179297507,-0.504087507724762,3.06386759947476e-06,278528
4105,1,0.205249994814949,0.205249994814949,-0.000545086513739079,-0.508129596710205,3.03661327447631e-06,278528
4106,1,0.205299994813686,0.205299994813686,-0.000554796890355647,-0.512793600559235,3.00887343065929e-06,278528
4107,1,0.205349994812423,0.205349994812423,-0.000565254304092377,-0.515281021595001,2.98061071616865e-06,278528
4108,1,0.20539999481116,0.20539999481116,-0.000573844241444021,-0.517457544803619,2.95191850482127e-06,278528
4109,1,0.205449994809896,0.205449994809896,-0.000583181157708168,-0.521810591220856,2.92275944767248e-06,278528
4110,1,0.205499994808633,0.205499994808633,-0.000591895659454167,-0.524298012256622,2.8931646654474e-06,278528
4111,1,0.20554999480737,0.20554999480737,-0.000600485655013472,-0.527407348155975,2.86314038345521e-06,278528
4112,1,0.205599994806107,0.205599994806107,-0.000608453177846968,-0.531449437141418,2.8327177253314e-06,278528
4113,1,0.205649994804844,0.205649994804844,-0.000616296252701432,-0.534558713436127,2.80190291347478e-06,278528
4114,1,0.205699994803581,0.205699994803581,-0.000622396299149841,-0.537357091903687,2.77078309930344e-06,278528
4115,1,0.205749994802318,0.205749994802318,-0.000630488386377692,-0.54046642780304,2.73925868078093e-06,278528
4116,1,0.205799994801055,0.205799994801055,-0.000636961893178523,-0.543264746665955,2.70741058692655e-06,278528
4117,1,0.205849994799792,0.205849994799792,-0.00064293754985556,-0.547306835651398,2.67526371024587e-06,278528
4118,1,0.205899994798528,0.205899994798528,-0.000647917273454368,-0.550416171550751,2.64286784739154e-06,278528
4119,1,0.205949994797265,0.205949994797265,-0.000651651993393898,-0.553525507450104,2.61028524854495e-06,278528
4120,1,0.205999994796002,0.205999994796002,-0.000656258256640285,-0.556323826313019,2.57747233654186e-06,278528
4121,1,0.206049994794739,0.206049994794739,-0.000659993034787476,-0.560055017471313,2.54447268563613e-06,278528
4122,1,0.206099994793476,0.206099994793476,-0.00066347885876894,-0.561920642852783,2.51129874353573e-06,278528
4123,1,0.206149994792213,0.206149994792213,-0.000666093197651207,-0.565029919147491,2.47799408449451e-06,278528
4124,1,0.20619999479095,0.20619999479095,-0.000668458524160087,-0.569693863391876,2.44457115913084e-06,278528
4125,1,0.206249994789687,0.206249994789687,-0.000669579021632671,-0.571248531341553,2.41109220889496e-06,278528
4126,1,0.206299994788424,0.206299994788424,-0.000669330009259284,-0.573735952377319,2.37762570927743e-06,278528
4127,1,0.206349994787161,0.206349994787161,-0.000672068854328245,-0.576845228672028,2.34402226740991e-06,278528
4128,1,0.206399994785897,0.206399994785897,-0.000671197369229048,-0.578399896621704,2.31046239979625e-06,278528
4129,1,0.206449994784634,0.206449994784634,-0.000670699402689934,-0.581509232521057,2.27692743050892e-06,278528
4130,1,0.206499994783371,0.206499994783371,-0.000668707536533475,-0.584307610988617,2.24349205452689e-06,278528
4131,1,0.206549994782108,0.206549994782108,-0.000667089072521776,-0.585862219333649,2.21013760174341e-06,278528
4132,1,0.206599994780845,0.206599994780845,-0.000665470724925399,-0.58834969997406,2.1768640663377e-06,278528
4133,1,0.206649994779582,0.206649994779582,-0.000662109407130629,-0.59114807844162,2.14375859681748e-06,278528
4134,1,0.206699994778319,0.206699994778319,-0.000658748089335859,-0.593324601650238,2.11082119318276e-06,278528
4135,1,0.206749994777056,0.206749994777056,-0.000655013369396329,-0.595812022686005,2.07807052554029e-06,278528
4136,1,0.206799994775793,0.206799994775793,-0.000649411231279373,-0.598921298980713,2.0455999647966e-06,278528
4137,1,0.206849994774529,0.206849994774529,-0.000645551946945488,-0.601097881793976,2.01332236826473e-06,278528
4138,1,0.206899994773266,0.206899994773266,-0.000639949750620872,-0.602963387966156,1.98132488154201e-06,278528
4139,1,0.206949994772003,0.206949994772003,-0.000634347612503916,-0.604207158088684,1.94960750171806e-06,278528
4140,1,0.20699999477074,0.20699999477074,-0.000628371955826879,-0.605761826038361,1.91818890472042e-06,278528
4141,1,0.207049994769477,0.207049994769477,-0.000620528997387737,-0.608871102333069,1.88716245563482e-06,278528
4142,1,0.207099994768214,0.207099994768214,-0.000614553282503039,-0.611358523368835,1.85643479228592e-06,278528
4143,1,0.207149994766951,0.207149994766951,-0.00060683477204293,-0.611980378627777,1.82609305445027e-06,278528
4144,1,0.207199994765688,0.207199994765688,-0.000598493730649352,-0.61415696144104,1.79616836867376e-06,278528
4145,1,0.207249994764425,0.207249994764425,-0.00058965478092432,-0.616644322872162,1.76668563037234e-06,278528
4146,1,0.207299994763162,0.207299994763162,-0.000580691383220255,-0.616333425045013,1.7376510619448e-06,278528
4147,1,0.207349994761898,0.207349994761898,-0.000572474848013371,-0.618820905685425,1.70902732026723e-06,278528
4148,1,0.207399994760635,0.207399994760635,-0.00056301336735487,-0.620997369289398,1.68087665261064e-06,278528
4149,1,0.207449994759372,0.207449994759372,-0.000552929530385882,-0.621930181980133,1.65323017678975e-06,278528
4150,1,0.207499994758109,0.207499994758109,-0.000543219037353992,-0.62348484992981,1.62606922560819e-06,278528
4151,1,0.207549994756846,0.207549994756846,-0.000532139267306775,-0.624728560447693,1.599462262915e-06,278528
4152,1,0.207599994755583,0.207599994755583,-0.000522304384503514,-0.625972270965576,1.57334704434955e-06,278528
4153,1,0.20764999475432,0.20764999475432,-0.000511971476953477,-0.626594126224518,1.54774847114855e-06,278528
4154,1,0.207699994753057,0.207699994753057,-0.000500518130138516,-0.627216041088104,1.52272256527384e-06,278528
4155,1,0.207749994751794,0.207749994751794,-0.000490434293169528,-0.629392504692078,1.49820085123483e-06,278528
4156,1,0.20779999475053,0.20779999475053,-0.000477736059110612,-0.630325317382813,1.47431404888273e-06,278528
4157,1,0.207849994749267,0.207849994749267,-0.000467029691208154,-0.630014359951019,1.45096256491223e-06,278528
4158,1,0.207899994748004,0.207899994748004,-0.000455327419331297,-0.631258130073547,1.42819619452079e-06,278528
4159,1,0.207949994746741,0.207949994746741,-0.000444247561972588,-0.631569027900696,1.4059838169833e-06,278528
4160,1,0.207999994745478,0.207999994745478,-0.000431922788266093,-0.632190942764282,1.38438767811556e-06,278528
4161,1,0.208049994744215,0.208049994744215,-0.000420718482928351,-0.633434653282166,1.36335175450055e-06,278528
4162,1,0.208099994742952,0.208099994742952,-0.000407771265599877,-0.634678363800049,1.34296319173561e-06,278528
4163,1,0.208149994741689,0.208149994741689,-0.000396442454075441,-0.634056448936462,1.32314106953259e-06,278528
4164,1,0.208199994740426,0.208199994740426,-0.000382997241104022,-0.634367406368256,1.30399120796116e-06,278528
4165,1,0.208249994739163,0.208249994739163,-0.000371294969227165,-0.634367406368256,1.28542645996878e-06,278528
4166,1,0.208299994737899,0.208299994737899,-0.000358596735168248,-0.634056448936462,1.26749662366332e-06,278528
4167,1,0.208349994736636,0.208349994736636,-0.000347143417457119,-0.634989261627197,1.25013945322894e-06,278528
4168,1,0.208399994735373,0.208399994735373,-0.000335192162310705,-0.634678363800049,1.23337984553679e-06,278528
4169,1,0.20844999473411,0.20844999473411,-0.000322493899147958,-0.635611116886139,1.21725515098673e-06,278528
4170,1,0.208499994732847,0.208499994732847,-0.000309795665089041,-0.634678363800049,1.20176536812359e-06,278528
4171,1,0.208549994731584,0.208549994731584,-0.000297221937216818,-0.634989261627197,1.18690427163817e-06,278528
4172,1,0.208599994730321,0.208599994730321,-0.000284523732261732,-0.634056448936462,1.17267808538447e-06,278528
4173,1,0.208649994729058,0.208649994729058,-0.00027132750255987,-0.633434653282166,1.15911171059919e-06,278528
4174,1,0.208699994727795,0.208699994727795,-0.000259749707765877,-0.634367406368256,1.14612422553899e-06,278528
4175,1,0.208749994726531,0.208749994726531,-0.000246926967520267,-0.632812738418579,1.13377787747487e-06,278528
4176,1,0.208799994725268,0.208799994725268,-0.00023472671455238,-0.632501840591431,1.12204154204373e-06,278528
4177,1,0.208849994724005,0.208849994724005,-0.000222028465941548,-0.632190942764282,1.1109401190271e-06,278528
4178,1,0.208899994722742,0.208899994722742,-0.000207836332265288,-0.630014359951019,1.10054830267636e-06,278528
4179,1,0.208949994721479,0.208949994721479,-0.000197005472728051,-0.630014359951019,1.09069802928879e-06,278528
4180,1,0.208999994720216,0.208999994720216,-0.000184556236490607,-0.629081547260284,1.08147021769738e-06,278528
4181,1,0.209049994718953,0.209049994718953,-0.000171484512975439,-0.628148853778839,1.07289599226521e-06,278528
4182,1,0.20909999471769,0.20909999471769,-0.000159657734911889,-0.626283228397369,1.06491310572128e-06,278528
4183,1,0.209149994716427,0.209149994716427,-0.000145590078318492,-0.626283228397369,1.05763360198925e-06,278528
4184,1,0.209199994715163,0.209199994715163,-0.000134136775159277,-0.624106705188751,1.05092676340071e-06,278528
4185,1,0.2092499947139,0.2092499947139,-0.000122807949082926,-0.622862994670868,1.04478636610169e-06,278528
4186,1,0.209299994712637,0.209299994712637,-0.000109362765215337,-0.621930181980133,1.03931822797906e-06,278528
4187,1,0.209349994711374,0.209349994711374,-9.84074285952374e-05,-0.620375514030457,1.03439785667359e-06,278528
4188,1,0.209399994710111,0.209399994710111,-8.58336788951419e-05,-0.619442760944366,1.03010617283725e-06,278528
4189,1,0.209449994708848,0.209449994708848,-7.46293517295271e-05,-0.61788809299469,1.02637470534504e-06,278528
4190,1,0.209499994707585,0.209499994707585,-6.11841678619385e-05,-0.616333425045013,1.02331549702923e-06,278528
4191,1,0.209549994706322,0.209549994706322,-4.93573825224303e-05,-0.614467859268188,1.02084762796545e-06,278528
4192,1,0.209599994705059,0.209599994705059,-3.927349098376e-05,-0.612913191318512,1.01888395346587e-06,278528
4193,1,0.209649994703796,0.209649994703796,-2.73222121904837e-05,-0.611358523368835,1.01751784289085e-06,278528
4194,1,0.209699994702532,0.209699994702532,-1.56199166667648e-05,-0.608871102333069,1.01673684707725e-06,278528
4195,1,0.209749994701269,0.209749994701269,-2.79719074569584e-06,-0.607938289642334,1.01659698754349e-06,278528
4196,1,0.209799994700006,0.209799994700006,8.28264182928251e-06,-0.605450868606567,1.0170111196245e-06,278528
4197,1,0.209849994698743,0.209849994698743,1.88645026355516e-05,-0.603896200656891,1.01795434473245e-06,278528
4198,1,0.20989999469748,0.20989999469748,3.056679997826e-05,-0.601097881793976,1.01948268469275e-06,278528
4199,1,0.209949994696217,0.209949994696217,4.07751795137301e-05,-0.598921298980713,1.02152144361693e-06,278528
4200,1,0.209999994694954,0.209999994694954,5.23529852216598e-05,-0.596433877944946,1.02413909281189e-06,278528
4201,1,0.210049994693691,0.210049994693691,6.40552752884105e-05,-0.593324601650238,1.0273418564954e-06,278528
4202,1,0.210099994692428,0.210099994692428,7.37656882847659e-05,-0.592080891132355,1.03103014081646e-06,278528
4203,1,0.210149994691164,0.210149994691164,8.45965405460447e-05,-0.58928245306015,1.03525996773691e-06,278528
4204,1,0.210199994689901,0.210199994689901,9.44314451771788e-05,-0.586795032024384,1.03998153987649e-06,278528
4205,1,0.210249994688638,0.210249994688638,0.000105013306892943,-0.585240364074707,1.0452322050885e-06,278528
4206,1,0.210299994687375,0.210299994687375,0.000115346185339149,-0.582131087779999,1.05099951420976e-06,278528
4207,1,0.210349994686112,0.210349994686112,0.000125305596156977,-0.579643666744232,1.05726479385934e-06,278528
4208,1,0.210399994684849,0.210399994684849,0.000135513953864574,-0.576845228672028,1.0640404913814e-06,278528
4209,1,0.210449994683586,0.210449994683586,0.000146344813401811,-0.574046909809113,1.07135773186664e-06,278528
4210,1,0.210499994682323,0.210499994682323,0.000154436827870086,-0.571870386600494,1.07907957306507e-06,278528
4211,1,0.21054999468106,0.21054999468106,0.000163151300512254,-0.569382905960083,1.08723713788461e-06,278528
4212,1,0.210599994679797,0.210599994679797,0.000172861720784567,-0.566273629665375,1.09588022370549e-06,278528
4213,1,0.210649994678533,0.210649994678533,0.00018207415996585,-0.562853395938873,1.10498393147381e-06,278528
4214,1,0.21069999467727,0.21069999467727,0.000191286613699049,-0.559433162212372,1.11454826191714e-06,278528
4215,1,0.210749994676007,0.210749994676007,0.000200125577975996,-0.55601292848587,1.12455454056316e-06,278528
4216,1,0.210799994674744,0.210799994674744,0.000209213510970585,-0.553214550018311,1.13501521584743e-06,278528
4217,1,0.210849994673481,0.210849994673481,0.000217181048355997,-0.549794316291809,1.14587426799091e-06,278528
4218,1,0.210899994672218,0.210899994672218,0.000225024065002799,-0.548239648342133,1.15712547095682e-06,278528
4219,1,0.210949994670955,0.210949994670955,0.000232991587836295,-0.544197559356689,1.16877505005434e-06,278528
4220,1,0.210999994669692,0.210999994669692,0.000241457077208906,-0.541088283061981,1.1808479036098e-06,278528
4221,1,0.211049994668429,0.211049994668429,0.000249922566581517,-0.537978947162628,1.1933440316232e-06,278528
4222,1,0.211099994667165,0.211099994667165,0.000257516599958763,-0.534247756004333,1.20621986129587e-06,278528
4223,1,0.211149994665902,0.211149994665902,0.000265733135165647,-0.531138479709625,1.2195065177185e-06,278528
4224,1,0.211199994664639,0.211199994664639,0.000272082223091274,-0.527718245983124,1.2331106285294e-06,278528
4225,1,0.211249994663376,0.211249994663376,0.000280298729194328,-0.525852680206299,1.24712556463506e-06,278528
4226,1,0.211299994662113,0.211299994662113,0.00028677232330665,-0.521499633789063,1.26146418043817e-06,278528
4227,1,0.21134999466085,0.21134999466085,0.000293743942165747,-0.518390357494354,1.27615137717543e-06,278528
4228,1,0.211399994659587,0.211399994659587,0.000300217536278069,-0.515591979026794,1.29116225361013e-06,278528
4229,1,0.211449994658324,0.211449994658324,0.000305944209685549,-0.512482643127441,1.30645946370796e-06,278528
4230,1,0.211499994657061,0.211499994657061,0.000313413765979931,-0.508751511573792,1.32213015161109e-06,278528
4231,1,0.211549994655797,0.211549994655797,0.000319513870636001,-0.505020320415497,1.33810584473931e-06,278528
4232,1,0.211599994654534,0.211599994654534,0.000325614033499733,-0.500978231430054,1.35438654600301e-06,278528
4233,1,0.211649994653271,0.211649994653271,0.000332710100337863,-0.498490780591965,1.37102205059965e-06,278528
4234,1,0.211699994652008,0.211699994652008,0.000337440782459453,-0.495381504297256,1.3878940892964e-06,278528
4235,1,0.211749994650745,0.211749994650745,0.000344163388945162,-0.491339385509491,1.40510225830895e-06,278528
4236,1,0.211799994649482,0.211799994649482,0.000350139016518369,-0.488851964473724,1.4226092086926e-06,278528
4237,1,0.211849994648219,0.211849994648219,0.000355616677552462,-0.48512077331543,1.44039004212104e-06,278528
4238,1,0.211899994646956,0.211899994646956,0.000360720878234133,-0.482011467218399,1.45842608557712e-06,278528
4239,1,0.211949994645693,0.211949994645693,0.000366323045454919,-0.477658420801163,1.47674223738716e-06,278528
4240,1,0.21199999464443,0.21199999464443,0.000371302739949897,-0.474238216876984,1.49530737391566e-06,278528
4241,1,0.212049994643166,0.212049994643166,0.000377153890440241,-0.471128880977631,1.51416506796129e-06,278528
4242,1,0.212099994641903,0.212099994641903,0.000383005011826754,-0.467708677053452,1.53331531806885e-06,278528
4243,1,0.21214999464064,0.21214999464064,0.000387486768886447,-0.463977485895157,1.55268965602374e-06,278528
4244,1,0.212199994639377,0.212199994639377,0.000392839923733845,-0.461179137229919,1.57233165171423e-06,278528
4245,1,0.212249994638114,0.212249994638114,0.000397446157876402,-0.457447946071625,1.59220395910603e-06,278528
4246,1,0.212299994636851,0.212299994636851,0.000403297308366746,-0.454338669776917,1.61236882401496e-06,278528
4247,1,0.212349994635588,0.212349994635588,0.000407903513405472,-0.452473074197769,1.63276399917001e-06,278528
4248,1,0.212399994634325,0.212399994634325,0.00041288323700428,-0.448120057582855,1.65340816049871e-06,278528
4249,1,0.212449994633062,0.212449994633062,0.000418858893681318,-0.444388866424561,1.67435110465371e-06,278528
4250,1,0.212499994631798,0.212499994631798,0.00042334062163718,-0.441590517759323,1.69551813520085e-06,278528
4251,1,0.212549994630535,0.212549994630535,0.000429067236837,-0.439103066921234,1.71697149650074e-06,278528
4252,1,0.212599994629272,0.212599994629272,0.000433922454249114,-0.435060977935791,1.7386676186651e-06,278528
4253,1,0.212649994628009,0.212649994628009,0.000439151132013649,-0.431951642036438,1.76062517471109e-06,278528
4254,1,0.212699994626746,0.212699994626746,0.000443881872342899,-0.428220510482788,1.78281926776757e-06,278528
4255,1,0.212749994625483,0.212749994625483,0.000449484039563686,-0.425733059644699,1.80529346917801e-06,278528
4256,1,0.21279999462422,0.21279999462422,0.000453841261332855,-0.422312825918198,1.8279855316714e-06,278528
4257,1,0.212849994622957,0.212849994622957,0.000460563867818564,-0.419514447450638,1.85101372448059e-06,278528
4258,1,0.212899994621694,0.212899994621694,0.000464049633592367,-0.41640517115593,1.87421620557406e-06,278528
4259,1,0.212949994620431,0.212949994620431,0.000470274273538962,-0.414228618144989,1.897729918657e-06,278528
4260,1,0.212999994619167,0.212999994619167,0.000475751934573054,-0.410186529159546,1.92151751478473e-06,278528
4261,1,0.213049994617904,0.213049994617904,0.000480856135254726,-0.408320933580399,1.94556032094009e-06,278528
4262,1,0.213099994616641,0.213099994616641,0.000486707285745069,-0.405211627483368,1.96989568461258e-06,278528
4263,1,0.213149994615378,0.213149994615378,0.000490815553348511,-0.401791393756866,1.99443646166006e-06,278528
4264,1,0.213199994614115,0.213199994614115,0.000496417691465467,-0.399303942918777,2.0192573456063e-06,278528
4265,1,0.213249994612852,0.213249994612852,0.000500525929965079,-0.396194666624069,2.04428364147234e-06,278528
4266,1,0.213299994611589,0.213299994611589,0.000505132193211466,-0.39370721578598,2.06954025049488e-06,278528
4267,1,0.213349994610326,0.213349994610326,0.000510360870976001,-0.390286952257156,2.09505829339904e-06,278528
4268,1,0.213399994609063,0.213399994609063,0.000513971142936498,-0.388421416282654,2.12075684989666e-06,278528
4269,1,0.213449994607799,0.213449994607799,0.000518826360348612,-0.386555820703506,2.14669816725876e-06,278528
4270,1,0.213499994606536,0.213499994606536,0.000522312126122415,-0.382513731718063,2.17281377290514e-06,278528
4271,1,0.213549994605273,0.213549994605273,0.000526171352248639,-0.380959063768387,2.19912233985297e-06,278528
4272,1,0.21359999460401,0.21359999460401,0.000530404155142605,-0.378471612930298,2.22564254694014e-06,278528
4273,1,0.213649994602747,0.213649994602747,0.000534138933289796,-0.37536233663559,2.25234949292995e-06,278528
4274,1,0.213699994601484,0.213699994601484,0.000537749205250293,-0.372874885797501,2.27923695251324e-06,278528
4275,1,0.213749994600221,0.213749994600221,0.00054036354413256,-0.371631145477295,2.30625512903733e-06,278528
4276,1,0.213799994598958,0.213799994598958,0.000542977883014828,-0.369454652070999,2.33340402250223e-06,278528
4277,1,0.213849994597695,0.213849994597695,0.000546712661162019,-0.366345345973969,2.36073965486977e-06,278528
4278,1,0.213899994596431,0.213899994596431,0.00054745958186686,-0.364790678024292,2.38811263327162e-06,278528
4279,1,0.213949994595168,0.213949994595168,0.000550571887288243,-0.362614154815674,2.4156412269406e-06,278528
4280,1,0.213999994593905,0.213999994593905,0.000552439305465668,-0.360748589038849,2.44326319151609e-06,278528
4281,1,0.214049994592642,0.214049994592642,0.000552688317839056,-0.359504848718643,2.47089760670994e-06,278528
4282,1,0.214099994591379,0.214099994591379,0.0005541822174564,-0.356395572423935,2.49860671688277e-06,278528
4283,1,0.214149994590116,0.214149994590116,0.000554431229829788,-0.356084614992142,2.52632827767395e-06,278528
4284,1,0.214199994588853,0.214199994588853,0.000555302656721324,-0.354529976844788,2.55409340980861e-06,278528
4285,1,0.21424999458759,0.21424999458759,0.000555551610887051,-0.352042526006699,2.58187098965125e-06,278528
4286,1,0.214299994586327,0.214299994586327,0.000554555677808821,-0.351109713315964,2.60959877284123e-06,278528
4287,1,0.214349994585064,0.214349994585064,0.000554804690182209,-0.34862232208252,2.63733900664956e-06,278528
4288,1,0.2143999945838,0.2143999945838,0.00055380875710398,-0.348000437021255,2.66502944380524e-06,278528
4289,1,0.214449994582537,0.214449994582537,0.00055281282402575,-0.345823913812637,2.69267008430826e-06,278528
4290,1,0.214499994581274,0.214499994581274,0.000551194360014051,-0.345512986183167,2.72022980161275e-06,278528
4291,1,0.214549994580011,0.214549994580011,0.000547957606613636,-0.344269275665283,2.7476276812513e-06,278528
4292,1,0.214599994578748,0.214599994578748,0.000545965682249516,-0.343336492776871,2.77492596467417e-06,278528
4293,1,0.214649994577485,0.214649994577485,0.000543226837180555,-0.341470897197723,2.80208730584704e-06,278528
4294,1,0.214699994576222,0.214699994576222,0.000540737004484981,-0.341470897197723,2.82912415538828e-06,278528
4295,1,0.214749994574959,0.214749994574959,0.000537251238711178,-0.339916229248047,2.85598671664523e-06,278528
4296,1,0.214799994573696,0.214799994573696,0.000533143000211567,-0.339605331420898,2.8826438659824e-06,278528
4297,1,0.214849994572432,0.214849994572432,0.000529034703504294,-0.338672518730164,2.90909560048938e-06,278528
4298,1,0.214899994571169,0.214899994571169,0.000524179544299841,-0.338672518730164,2.93530457704228e-06,278528
4299,1,0.214949994569906,0.214949994569906,0.000519075314514339,-0.337428778409958,2.96125834211235e-06,278528
4300,1,0.214999994568643,0.214999994568643,0.000514220155309886,-0.335874140262604,2.98696934922833e-06,278528
4301,1,0.21504999456738,0.21504999456738,0.000508493452798575,-0.336185097694397,3.01239402122598e-06,278528
4302,1,0.215099994566117,0.215099994566117,0.000502393348142505,-0.336185097694397,3.03751368799853e-06,278528
4303,1,0.215149994564854,0.215149994564854,0.000497164612170309,-0.335563242435455,3.06237191797907e-06,278528
4304,1,0.215199994563591,0.215199994563591,0.000490193080622703,-0.335563242435455,3.08688157139104e-06,278528
4305,1,0.215249994562328,0.215249994562328,0.000482972507597879,-0.33463042974472,3.11103019616089e-06,278528
4306,1,0.215299994561065,0.215299994561065,0.00047662339056842,-0.334941357374191,3.13486136508728e-06,278528
4307,1,0.215349994559801,0.215349994559801,0.000468033424112946,-0.33431950211525,3.15826303570176e-06,278528
4308,1,0.215399994558538,0.215399994558538,0.000459567934740335,-0.335563242435455,3.18124143185829e-06,278528
4309,1,0.215449994557275,0.215449994557275,0.000451226893346757,-0.335563242435455,3.20380277595568e-06,278528
4310,1,0.215499994556012,0.215499994556012,0.000442761433077976,-0.335252285003662,3.22594084705032e-06,278528
4311,1,0.215549994554749,0.215549994554749,0.000433424487709999,-0.336185097694397,3.24761207088836e-06,278528
4312,1,0.215599994553486,0.215599994553486,0.000423465098720044,-0.336495995521545,3.26878532528948e-06,278528
4313,1,0.215649994552223,0.215649994552223,0.000414626119891182,-0.336185097694397,3.28951663076033e-06,278528
4314,1,0.21569999455096,0.21569999455096,0.000404044287279248,-0.337428778409958,3.30971884461394e-06,278528
4315,1,0.215749994549697,0.215749994549697,0.000394458387745544,-0.337739735841751,3.32944176350297e-06,278528
4316,1,0.215799994548433,0.215799994548433,0.000384001003112644,-0.338361591100693,3.34864181317357e-06,278528
4317,1,0.21584999454717,0.21584999454717,0.000372423208318651,-0.339294373989105,3.36726297311909e-06,278528
4318,1,0.215899994545907,0.215899994545907,0.00036196582368575,-0.340538084506989,3.38536126384618e-06,278528
4319,1,0.215949994544644,0.215949994544644,0.000349641079083085,-0.341781824827194,3.4028433173587e-06,278528
4320,1,0.215999994543381,0.215999994543381,0.000338934711180627,-0.341781824827194,3.41979005248962e-06,278528
4321,1,0.216049994542118,0.216049994542118,0.000327730376739055,-0.343647420406342,3.43617657091261e-06,278528
4322,1,0.216099994540855,0.216099994540855,0.000314534147037193,-0.344269275665283,3.45190327786718e-06,278528
4323,1,0.216149994539592,0.216149994539592,0.000302209402434528,-0.345512986183167,3.46701374760719e-06,278528
4324,1,0.216199994538329,0.216199994538329,0.000290382624370977,-0.346445769071579,3.48153287845895e-06,278528
4325,1,0.216249994537066,0.216249994537066,0.000276065984508023,-0.348933219909668,3.49533617733565e-06,278528
4326,1,0.216299994535802,0.216299994535802,0.000263243273366243,-0.34955507516861,3.50849834067146e-06,278528
4327,1,0.216349994534539,0.216349994534539,0.000252163445111364,-0.351109713315964,3.52110651260852e-06,278528
4328,1,0.216399994533276,0.216399994533276,0.000238718232139945,-0.352975308895111,3.53304242391399e-06,278528
4329,1,0.216449994532013,0.216449994532013,0.000223903640289791,-0.354840904474258,3.54423760564566e-06,278528
4330,1,0.21649999453075,0.21649999453075,0.000208591067348607,-0.356084614992142,3.55466715874962e-06,278528
4331,1,0.216549994529487,0.216549994529487,0.000195643835468218,-0.357950210571289,3.56444935027591e-06,278528
4332,1,0.216599994528224,0.216599994528224,0.000181451701791957,-0.359193950891495,3.57352193513632e-06,278528
4333,1,0.216649994526961,0.216649994526961,0.000167259539011866,-0.361992299556732,3.58188491187565e-06,278528
4334,1,0.216699994525698,0.216699994525698,0.00015306741988752,-0.363236039876938,3.58953828267668e-06,278528
4335,1,0.216749994524434,0.216749994524434,0.000138252798933536,-0.365723490715027,3.59645092244873e-06,278528
4336,1,0.216799994523171,0.216799994523171,0.000123313700896688,-0.366656243801117,3.60261660733781e-06,278528
4337,1,0.216849994521908,0.216849994521908,0.000108997068309691,-0.369143694639206,3.60806646061562e-06,278528
4338,1,0.216899994520645,0.216899994520645,9.44314451771788e-05,-0.371009290218353,3.6127880327552e-06,278528
4339,1,0.216949994519382,0.216949994519382,7.89943806012161e-05,-0.374118596315384,3.61673775168548e-06,278528
4340,1,0.216999994518119,0.216999994518119,6.45532418275252e-05,-0.375984191894531,3.61996541369532e-06,278528
4341,1,0.217049994516856,0.217049994516856,4.89916892547626e-05,-0.378782570362091,3.62241499809618e-06,278528
4342,1,0.217099994515593,0.217099994515593,3.31811388605274e-05,-0.381580919027328,3.62407405499729e-06,278528
4343,1,0.21714999451433,0.21714999451433,1.81175473699113e-05,-0.383446514606476,3.6249799323429e-06,278528
4344,1,0.217199994513066,0.217199994513066,2.43149384004937e-06,-0.385623008012772,3.62510150703183e-06,278528
4345,1,0.217249994511803,0.217249994511803,-1.30055750560132e-05,-0.389043271541595,3.62445122829546e-06,278528
4346,1,0.21729999451054,0.21729999451054,-2.94385845336365e-05,-0.391219764947891,3.62297929910596e-06,278528
4347,1,0.217349994509277,0.217349994509277,-4.38797105744015e-05,-0.393396288156509,3.62078531363267e-06,278528
4348,1,0.217399994508014,0.217399994508014,-5.86943206144497e-05,-0.396816492080688,3.61785059767608e-06,278528
4349,1,0.217449994506751,0.217449994506751,-7.50028339098208e-05,-0.398682087659836,3.61410045607533e-06,278528
4350,1,0.217499994505488,0.217499994505488,-9.03154141269624e-05,-0.403035134077072,3.60958468548306e-06,278528
4351,1,0.217549994504225,0.217549994504225,-0.000105876970337704,-0.404900729656219,3.60429083709991e-06,278528
4352,1,0.217599994502962,0.217599994502962,-0.000120940560009331,-0.408631891012192,3.5982438092522e-06,278528
4353,1,0.217649994501699,0.217649994501699,-0.000136128641315736,-0.410186529159546,3.59143737735836e-06,278528
4354,1,0.217699994500435,0.217699994500435,-0.000152063686982729,-0.413606762886047,3.58383419320129e-06,278528
4355,1,0.217749994499172,0.217749994499172,-0.000167998732649721,-0.416716068983078,3.57543425678101e-06,278528
4356,1,0.217799994497909,0.217799994497909,-0.000182937830686569,-0.420136302709579,3.56628736547775e-06,278528
4357,1,0.217849994496646,0.217849994496646,-0.000198623878532089,-0.422934710979462,3.55635617180203e-06,278528
4358,1,0.217899994495383,0.217899994495383,-0.000213936466025189,-0.425733059644699,3.54565934877099e-06,278528
4359,1,0.21794999449412,0.21794999449412,-0.000228253091336228,-0.428531438112259,3.53424669449249e-06,278528
4360,1,0.217999994492857,0.217999994492857,-0.000243067697738297,-0.433195382356644,3.5220933099126e-06,278528
4361,1,0.218049994491594,0.218049994491594,-0.00025850476231426,-0.435993790626526,3.5091680721234e-06,278528
4362,1,0.218099994490331,0.218099994490331,-0.000273941841442138,-0.43848118185997,3.49547098039731e-06,278528
4363,1,0.218149994489067,0.218149994489067,-0.000287138012936339,-0.442523330450058,3.48111408011318e-06,278528
4364,1,0.218199994487804,0.218199994487804,-0.000303197564790025,-0.445943534374237,3.46595420225665e-06,278528
4365,1,0.218249994486541,0.218249994486541,-0.000316891731927171,-0.448741912841797,3.45010961606056e-06,278528
4366,1,0.218299994485278,0.218299994485278,-0.000332204333972186,-0.452162146568298,3.43349939978156e-06,278528
4367,1,0.218349994484015,0.218349994484015,-0.000346645450918004,-0.455271452665329,3.41616712767351e-06,278528
4368,1,0.218399994482752,0.218399994482752,-0.000360090663889423,-0.458069801330566,3.39816259493387e-06,278528
4369,1,0.218449994481489,0.218449994481489,-0.000374531780835241,-0.462422847747803,3.37943600636518e-06,278528
4370,1,0.218499994480226,0.218499994480226,-0.000389221881050617,-0.46428844332695,3.35997491280428e-06,278528
4371,1,0.218549994478963,0.218549994478963,-0.000402542587835342,-0.467397749423981,3.33984778392097e-06,278528
4372,1,0.2185999944777,0.2185999944777,-0.000416236754972488,-0.472372621297836,3.31903594669809e-06,278528
4373,1,0.218649994476436,0.218649994476436,-0.000428188039222732,-0.475481927394867,3.2976265452778e-06,278528
4374,1,0.218699994475173,0.218699994475173,-0.000441384239820763,-0.478591233491898,3.27555733384428e-06,278528
4375,1,0.21874999447391,0.21874999447391,-0.000454331428045407,-0.482011467218399,3.25284076301588e-06,278528
4376,1,0.218799994472647,0.218799994472647,-0.00046690518502146,-0.485431700944901,3.22949550435456e-06,278528
4377,1,0.218849994471384,0.218849994471384,-0.000478980975458398,-0.489162862300873,3.20554645618664e-06,278528
4378,1,0.218899994470121,0.218899994470121,-0.000491305720061064,-0.491650313138962,3.18098117080416e-06,278528
4379,1,0.218949994468858,0.218949994468858,-0.000503381539601833,-0.495381504297256,3.15581209445989e-06,278528
4380,1,0.218999994467595,0.218999994467595,-0.000514834770001471,-0.498179852962494,3.13007035661011e-06,278528
4381,1,0.219049994466332,0.219049994466332,-0.000526288116816431,-0.503154695034027,3.10375595143405e-06,278528
4382,1,0.219099994465068,0.219099994465068,-0.000536870036739856,-0.504709422588348,3.07691245027518e-06,278528
4383,1,0.219149994463805,0.219149994463805,-0.000547949864994735,-0.508440554141998,3.04951495771756e-06,278528
4384,1,0.219199994462542,0.219199994462542,-0.00055828265612945,-0.512482643127441,3.02160082561626e-06,278528
4385,1,0.219249994461279,0.219249994461279,-0.000567993090953678,-0.515591979026794,2.99320117178601e-06,278528
4386,1,0.219299994460016,0.219299994460016,-0.000577454571612179,-0.519323110580444,2.96432844393479e-06,278528
4387,1,0.219349994458753,0.219349994458753,-0.000586044508963823,-0.522121489048004,2.93502621922683e-06,278528
4388,1,0.21939999445749,0.21939999445749,-0.000594758952502161,-0.525852680206299,2.90528827235297e-06,278528
4389,1,0.219449994456227,0.219449994456227,-0.000603971420787275,-0.528961956501007,2.87508970207648e-06,278528
4390,1,0.219499994454964,0.219499994454964,-0.000610694056376815,-0.531760334968567,2.84455500002901e-06,278528
4391,1,0.2195499944537,0.2195499944537,-0.000618786027189344,-0.535802483558655,2.81361569945114e-06,278528
4392,1,0.219599994452437,0.219599994452437,-0.000626629043836147,-0.537978947162628,2.78228424805083e-06,278528
4393,1,0.219649994451174,0.219649994451174,-0.000633476185612381,-0.540777325630188,2.75061043957036e-06,278528
4394,1,0.219699994449911,0.219699994449911,-0.00063683744519949,-0.544819414615631,2.71876856811478e-06,278528
4395,1,0.219749994448648,0.219749994448648,-0.000644555955659598,-0.547928750514984,2.68654077114594e-06,278528
4396,1,0.219799994447385,0.219799994447385,-0.000649162218905985,-0.551038026809692,2.6540826610206e-06,278528
4397,1,0.219849994446122,0.219849994446122,-0.000653768423944712,-0.553836405277252,2.62139424064915e-06,278528
4398,1,0.219899994444859,0.219899994444859,-0.000658374628983438,-0.557256639003754,2.58847551003157e-06,278528
4399,1,0.219949994443596,0.219949994443596,-0.000662109407130629,-0.55881130695343,2.55537004051135e-06,278528
4400,1,0.219999994442333,0.219999994442333,-0.000664972816593945,-0.56254243850708,2.52212140052159e-06,278528
4401,1,0.220049994441069,0.220049994441069,-0.000667587097268552,-0.565651774406433,2.48874204650139e-06,278528
4402,1,0.220099994439806,0.220099994439806,-0.000669952481985092,-0.569072008132935,2.45524442324836e-06,278528
4403,1,0.220149994438543,0.220149994438543,-0.000671321817208081,-0.571870386600494,2.42167833323591e-06,278528
4404,1,0.22019999443728,0.22019999443728,-0.000671197369229048,-0.573735952377319,2.38811846562225e-06,278528
4405,1,0.220249994436017,0.220249994436017,-0.000672442314680666,-0.576845228672028,2.35449635073758e-06,278528
4406,1,0.220299994434754,0.220299994434754,-0.000672068854328245,-0.579021811485291,2.32089290887006e-06,278528
4407,1,0.220349994433491,0.220349994433491,-0.000671944348141551,-0.582441985607147,2.28729569231172e-06,278528
4408,1,0.220399994432228,0.220399994432228,-0.000670823908876628,-0.584307610988617,2.25375449771521e-06,278528
4409,1,0.220449994430965,0.220449994430965,-0.000668956548906863,-0.587105989456177,2.22030667111483e-06,278528
4410,1,0.220499994429701,0.220499994429701,-0.000665844127070159,-0.589904308319092,2.18701446560236e-06,278528
4411,1,0.220549994428438,0.220549994428438,-0.000664225779473782,-0.591458976268768,2.15380317746766e-06,278528
4412,1,0.220599994427175,0.220599994427175,-0.000660864461679012,-0.59394645690918,2.12075995521845e-06,278528
4413,1,0.220649994425912,0.220649994425912,-0.000656631716992706,-0.59674483537674,2.08792837019821e-06,278528
4414,1,0.220699994424649,0.220699994424649,-0.000651029637083411,-0.598610401153564,2.05537688916636e-06,278528
4415,1,0.220749994423386,0.220749994423386,-0.000646921340376139,-0.600786924362183,2.02303082296468e-06,278528
4416,1,0.220799994422123,0.220799994422123,-0.000641443650238216,-0.603274345397949,1.99095864126298e-06,278528
4417,1,0.22084999442086,0.22084999442086,-0.000634721131063998,-0.604207158088684,1.9592225855115e-06,278528
4418,1,0.220899994419597,0.220899994419597,-0.000628620909992605,-0.607627391815186,1.92779154080589e-06,278528
4419,1,0.220949994418334,0.220949994418334,-0.000622271851170808,-0.60949295759201,1.89667794903334e-06,278528
4420,1,0.22099999441707,0.22099999441707,-0.000614304328337312,-0.610736668109894,1.86596273339241e-06,278528
4421,1,0.221049994415807,0.221049994415807,-0.000607581692747772,-0.612602233886719,1.83558364952246e-06,278528
4422,1,0.221099994414544,0.221099994414544,-0.000598493730649352,-0.614467859268188,1.80565896374595e-06,278528
4423,1,0.221149994413281,0.221149994413281,-0.000590775278396904,-0.616333425045013,1.77612020057232e-06,278528
4424,1,0.221199994412018,0.221199994412018,-0.000580815889406949,-0.619131803512573,1.7470794068356e-06,278528
4425,1,0.221249994410755,0.221249994410755,-0.000571727869100869,-0.618820905685425,1.71849301410271e-06,278528
4426,1,0.221299994409492,0.221299994409492,-0.000563137873541564,-0.621308326721191,1.69033612113694e-06,278528
4427,1,0.221349994408229,0.221349994408229,-0.000552929530385882,-0.622241139411926,1.66268964531605e-06,278528
4428,1,0.221399994406966,0.221399994406966,-0.000542596681043506,-0.623173892498016,1.63555981194924e-06,278528
4429,1,0.221449994405702,0.221449994405702,-0.000532512785866857,-0.62348484992981,1.60893417332851e-06,278528
4430,1,0.221499994404439,0.221499994404439,-0.000522802351042628,-0.625972270965576,1.58279405643674e-06,278528
4431,1,0.221549994403176,0.221549994403176,-0.000511473510414362,-0.626594126224518,1.55722038156206e-06,278528
4432,1,0.221599994401913,0.221599994401913,-0.00050026917597279,-0.627837836742401,1.53220692339532e-06,278528
4433,1,0.22164999440065,0.22164999440065,-0.000489687314257026,-0.629081547260284,1.50772255830099e-06,278528
4434,1,0.221699994399387,0.221699994399387,-0.00047835850273259,-0.629703462123871,1.48380463376858e-06,278528
4435,1,0.221749994398124,0.221749994398124,-0.000466780707938597,-0.630325317382813,1.46046559896124e-06,278528
4436,1,0.221799994396861,0.221799994396861,-0.000455576373497024,-0.631258130073547,1.43768678086183e-06,278528
4437,1,0.221849994395598,0.221849994395598,-0.000443127151811495,-0.632190942764282,1.41553042383098e-06,278528
4438,1,0.221899994394334,0.221899994394334,-0.00043217177153565,-0.632812738418579,1.39392183580007e-06,278528
4439,1,0.221949994393071,0.221949994393071,-0.00041934906039387,-0.633123636245728,1.37295438331006e-06,278528
4440,1,0.221999994391808,0.221999994391808,-0.000407273269956931,-0.633123636245728,1.35259072032664e-06,278528
4441,1,0.222049994390545,0.222049994390545,-0.000395944458432496,-0.634367406368256,1.33279349790514e-06,278528
4442,1,0.222099994389282,0.222099994389282,-0.000382374797482044,-0.633745551109314,1.31367475851402e-06,278528
4443,1,0.222149994388019,0.222149994388019,-0.000371543952496722,-0.634678363800049,1.29509756135848e-06,278528
4444,1,0.222199994386756,0.222199994386756,-0.000358098739525303,-0.634989261627197,1.27719262483453e-06,278528
4445,1,0.222249994385493,0.222249994385493,-0.00034652094473131,-0.634989261627197,1.25986657803566e-06,278528
4446,1,0.22229999438423,0.22229999438423,-0.000333573727402836,-0.634367406368256,1.24318789208686e-06,278528
4447,1,0.222349994382967,0.222349994382967,-0.000321373488986865,-0.634367406368256,1.22711921804344e-06,278528
4448,1,0.222399994381703,0.222399994381703,-0.00030942220473662,-0.63530021905899,1.21164810819745e-06,278528
4449,1,0.22244999438044,0.22244999438044,-0.000296723970677704,-0.634678363800049,1.19681191003835e-06,278528
4450,1,0.222499994379177,0.222499994379177,-0.000283029803540558,-0.634678363800049,1.18266042021882e-06,278528
4451,1,0.222549994377914,0.222549994377914,-0.000270705029834062,-0.634367406368256,1.16912516906905e-06,278528
4452,1,0.222599994376651,0.222599994376651,-0.000258380256127566,-0.633745551109314,1.15620615658903e-06,278528
4453,1,0.222649994375388,0.222649994375388,-0.000245308561716229,-0.633434653282166,1.14394072881307e-06,278528
4454,1,0.222699994374125,0.222699994374125,-0.00023285931092687,-0.632501840591431,1.13229776356085e-06,278528
4455,1,0.222749994372862,0.222749994372862,-0.000220285568502732,-0.631569027900696,1.12128348541396e-06,278528
4456,1,0.222799994371599,0.222799994371599,-0.000206591415917501,-0.630014359951019,1.11095391487903e-06,278528
4457,1,0.222849994370335,0.222849994370335,-0.000195387081475928,-0.629392504692078,1.10118456105203e-06,278528
4458,1,0.222899994369072,0.222899994369072,-0.000182564341230318,-0.628148853778839,1.09205634422111e-06,278528
4459,1,0.222949994367809,0.222949994367809,-0.000168994665727951,-0.628148853778839,1.08360661114817e-06,278528
4460,1,0.222999994366546,0.222999994366546,-0.000157914837473072,-0.626905083656311,1.07571086947398e-06,278528
4461,1,0.223049994365283,0.223049994365283,-0.000145216603414156,-0.625661373138428,1.0684500394867e-06,278528
4462,1,0.22309999436402,0.22309999436402,-0.000134385758428834,-0.625039458274841,1.061730751735e-06,278528
4463,1,0.223149994362757,0.223149994362757,-0.000120691576739773,-0.622552037239075,1.05569617305046e-06,278528
4464,1,0.223199994361494,0.223199994361494,-0.000108117834315635,-0.622241139411926,1.05029028147124e-06,278528
4465,1,0.223249994360231,0.223249994360231,-9.72869893303141e-05,-0.620064616203308,1.04542593212761e-06,278528
4466,1,0.223299994358968,0.223299994358968,-8.37173138279468e-05,-0.620064616203308,1.04124006654196e-06,278528
4467,1,0.223349994357704,0.223349994357704,-7.2512986662332e-05,-0.617577135562897,1.03761441730043e-06,278528
4468,1,0.223399994356441,0.223399994356441,-5.93167824263219e-05,-0.61602246761322,1.03464857825404e-06,278528
4469,1,0.223449994355178,0.223449994355178,-4.81124552607071e-05,-0.61415696144104,1.03224295555177e-06,278528
4470,1,0.223499994353915,0.223499994353915,-3.6534656828735e-05,-0.611669480800629,1.03041622275649e-06,278528
4471,1,0.223549994352652,0.223549994352652,-2.44588827627013e-05,-0.611047625541687,1.02919327864924e-06,278528
4472,1,0.223599994351389,0.223599994351389,-1.33790526888333e-05,-0.608249247074127,1.0285243260317e-06,278528
4473,1,0.223649994350126,0.223649994350126,-1.67675818829593e-06,-0.607005536556244,1.02844048812441e-06,278528
4474,1,0.223699994348863,0.223699994348863,9.52756636252161e-06,-0.604518055915833,1.0289168664305e-06,278528
4475,1,0.2237499943476,0.2237499943476,2.08563833439257e-05,-0.602341532707214,1.02995968557135e-06,278528
4476,1,0.223799994346336,0.223799994346336,3.24341854138765e-05,-0.599854111671448,1.03158139480108e-06,278528
4477,1,0.223849994345073,0.223849994345073,4.35140173067339e-05,-0.598610401153564,1.03375709561145e-06,278528
4478,1,0.22389999434381,0.22389999434381,5.42203742952552e-05,-0.596433877944946,1.03646811425773e-06,278528
4479,1,0.223949994342547,0.223949994342547,6.48022323730402e-05,-0.593013644218445,1.03970822579453e-06,278528
4480,1,0.223999994341284,0.223999994341284,7.6006559538655e-05,-0.591458976268768,1.04350855367545e-06,278528
4481,1,0.224049994340021,0.224049994340021,8.63394379848614e-05,-0.588971555233002,1.04782552546564e-06,278528
4482,1,0.224099994338758,0.224099994338758,9.59253520704806e-05,-0.586795032024384,1.052621792948e-06,278528
4483,1,0.224149994337495,0.224149994337495,0.000106756204331759,-0.583063900470734,1.05795960302975e-06,278528
4484,1,0.224199994336232,0.224199994336232,0.000116840092232451,-0.581198275089264,1.06380160749379e-06,278528
4485,1,0.224249994334969,0.224249994334969,0.000127297462313436,-0.577778041362762,1.07016648044867e-06,278528
4486,1,0.224299994333705,0.224299994333705,0.000137381357490085,-0.575912475585938,1.07703554814964e-06,278528
4487,1,0.224349994332442,0.224349994332442,0.000146593796671368,-0.571870386600494,1.08436523779805e-06,278528
4488,1,0.224399994331179,0.224399994331179,0.000155806250404567,-0.569693863391876,1.09215555012148e-06,278528
4489,1,0.224449994329916,0.224449994329916,0.000164769691764377,-0.566273629665375,1.10039403450158e-06,278528
4490,1,0.224499994328653,0.224499994328653,0.000174978078575805,-0.564408004283905,1.10914293820935e-06,278528
4491,1,0.22454999432739,0.22454999432739,0.000184190532309003,-0.562853395938873,1.11835246459215e-06,278528
4492,1,0.224599994326127,0.224599994326127,0.000192780513316393,-0.559122204780579,1.12799149001446e-06,278528
4493,1,0.224649994324864,0.224649994324864,0.00020161947759334,-0.55601292848587,1.13807246363947e-06,278528
4494,1,0.224699994323601,0.224699994323601,0.000209213510970585,-0.552592694759369,1.14853313892374e-06,278528
4495,1,0.224749994322337,0.224749994322337,0.000218425964703783,-0.550416171550751,1.15945443688303e-06,278528
4496,1,0.224799994321074,0.224799994321074,0.000227140451897867,-0.546684980392456,1.17081145919102e-06,278528
4497,1,0.224849994319811,0.224849994319811,0.000234858962357976,-0.543886661529541,1.18255440701227e-06,278528
4498,1,0.224899994318548,0.224899994318548,0.000243324451730587,-0.540777325630188,1.19472062929145e-06,278528
4499,1,0.224949994317285,0.224949994317285,0.00025066951639019,-0.537667989730835,1.20725410479434e-06,278528
4500,1,0.224999994316022,0.224999994316022,0.000259508495219052,-0.533625900745392,1.22022952922751e-06,278528
4501,1,0.225049994314759,0.225049994314759,0.000266604562057182,-0.530827581882477,1.23355975699361e-06,278528
4502,1,0.225099994313496,0.225099994313496,0.000273700657999143,-0.527718245983124,1.24724478954786e-06,278528
4503,1,0.225149994312233,0.225149994312233,0.000281045679003,-0.524608910083771,1.26129707314302e-06,278528
4504,1,0.225199994310969,0.225199994310969,0.000288141774944961,-0.520566821098328,1.27570416152631e-06,278528
4505,1,0.225249994309706,0.225249994309706,0.000295362318865955,-0.518079400062561,1.29047227709654e-06,278528
4506,1,0.225299994308443,0.225299994308443,0.000301586929708719,-0.51465916633606,1.30555162320104e-06,278528
4507,1,0.22534999430718,0.22534999430718,0.000308309536194429,-0.510617077350616,1.32096709962133e-06,278528
4508,1,0.225399994305917,0.225399994305917,0.000314907665597275,-0.507818698883057,1.33671248250343e-06,278528
4509,1,0.225449994304654,0.225449994304654,0.000320883293170482,-0.504087507724762,1.35275664675665e-06,278528
4510,1,0.225499994303391,0.225499994303391,0.000327107904013246,-0.500667333602905,1.36911204154414e-06,278528
4511,1,0.225549994302128,0.225549994302128,0.000333457021042705,-0.497557997703552,1.38578489217508e-06,278528
4512,1,0.225599994300865,0.225599994300865,0.000339183694450185,-0.49382683634758,1.40274407646916e-06,278528
4513,1,0.225649994299602,0.225649994299602,0.000344785861670971,-0.491650313138962,1.41998336911721e-06,278528
4514,1,0.225699994298338,0.225699994298338,0.000350761460140347,-0.486986368894577,1.43752144168118e-06,278528
4515,1,0.225749994297075,0.225749994297075,0.00035623915027827,-0.484187960624695,1.45533339874512e-06,278528
4516,1,0.225799994295812,0.225799994295812,0.000362090300768614,-0.481700569391251,1.4734379133262e-06,278528
4517,1,0.225849994294549,0.225849994294549,0.000367194501450285,-0.476725667715073,1.49179763793491e-06,278528
4518,1,0.225899994293286,0.225899994293286,0.000372423208318651,-0.473927289247513,1.51041879788043e-06,278528
4519,1,0.225949994292023,0.225949994292023,0.000378398806788027,-0.471128880977631,1.52933873774187e-06,278528
4520,1,0.22599999429076,0.22599999429076,0.000383254024200141,-0.467086791992188,1.54850143846779e-06,278528
4521,1,0.226049994289497,0.226049994289497,0.000388856191420928,-0.464910298585892,1.56794424754767e-06,278528
4522,1,0.226099994288234,0.226099994288234,0.000394582835724577,-0.459935396909714,1.5876733888355e-06,278528
4523,1,0.22614999428697,0.22614999428697,0.000398815609514713,-0.456515163183212,1.60761416880749e-06,278528
4524,1,0.226199994285707,0.226199994285707,0.00040479120798409,-0.453405857086182,1.6278537286954e-06,278528
4525,1,0.226249994284444,0.226249994284444,0.000409272935939953,-0.451229363679886,1.64831737497544e-06,278528
4526,1,0.226299994283181,0.226299994283181,0.000414999609347433,-0.447809129953384,1.66906735491862e-06,278528
4527,1,0.226349994281918,0.226349994281918,0.000419107847847044,-0.444077968597412,1.6900227467816e-06,278528
4528,1,0.226399994280655,0.226399994280655,0.000424087542342022,-0.441590517759323,1.71122712336303e-06,278528
4529,1,0.226449994279392,0.226449994279392,0.000429689709562808,-0.438170284032822,1.73271160829843e-06,278528
4530,1,0.226499994278129,0.226499994278129,0.000434295943705365,-0.434128195047379,1.75442640493513e-06,278528
4531,1,0.226549994276866,0.226549994276866,0.000439275667304173,-0.431951642036438,1.77639018774549e-06,278528
4532,1,0.226599994275603,0.226599994275603,0.000445749290520325,-0.428220510482788,1.79867765170848e-06,278528
4533,1,0.226649994274339,0.226649994274339,0.000451102416263893,-0.425111204385757,1.82123277195188e-06,278528
4534,1,0.226699994273076,0.226699994273076,0.000456206616945565,-0.421380013227463,1.84404310222292e-06,278528
4535,1,0.226749994271813,0.226749994271813,0.000460563867818564,-0.418892562389374,1.86707129503211e-06,278528
4536,1,0.22679999427055,0.22679999427055,0.000466041528852656,-0.415783286094666,1.89037337088608e-06,278528
4537,1,0.226849994269287,0.226849994269287,0.000471021223347634,-0.412052124738693,1.91392443145851e-06,278528
4538,1,0.226899994268024,0.226899994268024,0.000476249930215999,-0.409875631332397,1.93773692736776e-06,278528
4539,1,0.226949994266761,0.226949994266761,0.000481478607980534,-0.407699078321457,1.96181085715863e-06,278528
4540,1,0.226999994265498,0.226999994265498,0.000487454235553741,-0.403656989336014,1.98618356832061e-06,278528
4541,1,0.227049994264235,0.227049994264235,0.000491811486426741,-0.401480495929718,2.01077414202074e-06,278528
4542,1,0.227099994262971,0.227099994262971,0.000496417691465467,-0.398682087659836,2.03559502596698e-06,278528
4543,1,0.227149994261708,0.227149994261708,0.000501646369230002,-0.395261853933334,2.06067734379485e-06,278528
4544,1,0.227199994260445,0.227199994260445,0.000506003620103002,-0.392463505268097,2.08597752416086e-06,278528
4545,1,0.227249994259182,0.227249994259182,0.000510858895722777,-0.389976054430008,2.11152046830173e-06,278528
4546,1,0.227299994257919,0.227299994257919,0.000514469109475613,-0.387799561023712,2.13724392312568e-06,278528
4547,1,0.227349994256656,0.227349994256656,0.000519199820701033,-0.38500115275383,2.16320391350493e-06,278528
4548,1,0.227399994255393,0.227399994255393,0.000523432565387338,-0.383135586977005,2.18937554111315e-06,278528
4549,1,0.22744999425413,0.22744999425413,0.000526793883182108,-0.380026280879974,2.21571523460685e-06,278528
4550,1,0.227499994252867,0.227499994252867,0.00053090212168172,-0.377538830041885,2.24226034002035e-06,278528
4551,1,0.227549994251603,0.227549994251603,0.00053426343947649,-0.375051379203796,2.26897351131935e-06,278528
4552,1,0.22759999425034,0.22759999425034,0.000538122723810375,-0.372874885797501,2.29587964683016e-06,278528
4553,1,0.227649994249077,0.227649994249077,0.000540861510671675,-0.371009290218353,2.32292272168058e-06,278528
4554,1,0.227699994247814,0.227699994247814,0.000543226837180555,-0.368210941553116,2.35008406285345e-06,278528
4555,1,0.227749994246551,0.227749994246551,0.000545965682249516,-0.366656243801117,2.37738234627632e-06,278528
4556,1,0.227799994245288,0.227799994245288,0.000548331066966057,-0.364168792963028,2.40479889893202e-06,278528
4557,1,0.227849994244025,0.227849994244025,0.000550073978956789,-0.363236039876938,2.43230259718506e-06,278528
4558,1,0.227899994242762,0.227899994242762,0.000552314857486635,-0.360126703977585,2.45991833936176e-06,278528
4559,1,0.227949994241499,0.227949994241499,0.000553186284378171,-0.359193950891495,2.48757765288193e-06,278528
4560,1,0.227999994240236,0.227999994240236,0.00055517815053463,-0.357328355312347,2.51533655970741e-06,278528
4561,1,0.228049994238972,0.228049994238972,0.000555800565052778,-0.3554627597332,2.54312658725802e-06,278528
4562,1,0.228099994237709,0.228099994237709,0.00055517815053463,-0.353908121585846,2.5708854940835e-06,278528
4563,1,0.228149994236446,0.228149994236446,0.000556049577426165,-0.352975308895111,2.59868797225246e-06,278528
4564,1,0.228199994235183,0.228199994235183,0.00055517815053463,-0.351109713315964,2.62644687907794e-06,278528
4565,1,0.22824999423392,0.22824999423392,0.000554680183995515,-0.34862232208252,2.6541808875771e-06,278528
4566,1,0.228299994232657,0.228299994232657,0.000552314857486635,-0.348311364650726,2.6817966297538e-06,278528
4567,1,0.228349994231394,0.228349994231394,0.000552439305465668,-0.346445769071579,2.70941859432929e-06,278528
4568,1,0.228399994230131,0.228399994230131,0.000549327058251947,-0.345823913812637,2.73688494654803e-06,278528
4569,1,0.228449994228868,0.228449994228868,0.000548704527318478,-0.343647420406342,2.76432017222088e-06,278528
4570,1,0.228499994227604,0.228499994227604,0.000545467715710402,-0.342714637517929,2.79159355731742e-06,278528
4571,1,0.228549994226341,0.228549994226341,0.000543226837180555,-0.342403680086136,2.81875489849029e-06,278528
4572,1,0.228599994225078,0.228599994225078,0.000539118598680943,-0.34022718667984,2.84571082774337e-06,278528
4573,1,0.228649994223815,0.228649994223815,0.000535881787072867,-0.339605331420898,2.87250491642014e-06,278528
4574,1,0.228699994222552,0.228699994222552,0.000532769481651485,-0.339294373989105,2.89914338982977e-06,278528
4575,1,0.228749994221289,0.228749994221289,0.000528163276612759,-0.338672518730164,2.92555155299328e-06,278528
4576,1,0.228799994220026,0.228799994220026,0.000523557071574032,-0.337739735841751,2.95172940591068e-06,278528
4577,1,0.228849994218763,0.228849994218763,0.000518950808327645,-0.336806952953339,2.97767694567157e-06,278528
4578,1,0.2288999942175,0.2288999942175,0.000513597682584077,-0.336495995521545,3.00335682915204e-06,278528
4579,1,0.228949994216237,0.228949994216237,0.000507746473886073,-0.336185097694397,3.02874415220501e-06,278528
4580,1,0.228999994214973,0.228999994214973,0.000501272908877581,-0.335874140262604,3.05380779701573e-06,278528
4581,1,0.22904999421371,0.22904999421371,0.000494674779474735,-0.335252285003662,3.07854153536464e-06,278528
4582,1,0.229099994212447,0.229099994212447,0.000488325720652938,-0.335252285003662,3.10295782078048e-06,278528
4583,1,0.229149994211184,0.229149994211184,0.000481478607980534,-0.335563242435455,3.12703175057135e-06,278528
4584,1,0.229199994209921,0.229199994209921,0.000473884545499459,-0.335252285003662,3.15072597724775e-06,278528
4585,1,0.229249994208658,0.229249994208658,0.000466041528852656,-0.335252285003662,3.17402805310173e-06,278528
4586,1,0.229299994207395,0.229299994207395,0.000457327056210488,-0.335252285003662,3.1968944053346e-06,278528
4587,1,0.229349994206132,0.229349994206132,0.000449484039563686,-0.335874140262604,3.21936860674504e-06,278528
4588,1,0.229399994204869,0.229399994204869,0.000440147094195709,-0.335252285003662,3.24137596089887e-06,278528
4589,1,0.229449994203605,0.229449994203605,0.000431806081905961,-0.336495995521545,3.26296626444875e-06,278528
4590,1,0.229499994202342,0.229499994202342,0.000421224249294028,-0.336806952953339,3.2840274763814e-06,278528
4591,1,0.229549994201079,0.229549994201079,0.000411389337386936,-0.336495995521545,3.30459694273112e-06,278528
4592,1,0.229599994199816,0.229599994199816,0.000402799341827631,-0.337117880582809,3.32473690931372e-06,278528
4593,1,0.229649994198553,0.229649994198553,0.000391719542676583,-0.338672518730164,3.34432288595277e-06,278528
4594,1,0.22969999419729,0.22969999419729,0.000380764162400737,-0.338672518730164,3.36336109359186e-06,278528
4595,1,0.229749994196027,0.229749994196027,0.000370804773410782,-0.34022718667984,3.38190133179403e-06,278528
4596,1,0.229799994194764,0.229799994194764,0.000359102501533926,-0.339916229248047,3.39985645641714e-06,278528
4597,1,0.229849994193501,0.229849994193501,0.000347151217283681,-0.340538084506989,3.41721401684284e-06,278528
4598,1,0.229899994192238,0.229899994192238,0.000335075426846743,-0.342403680086136,3.43396778776194e-06,278528
4599,1,0.229949994190974,0.229949994190974,0.000323124142596498,-0.342403680086136,3.45012399448363e-06,278528
4600,1,0.229999994189711,0.229999994189711,0.000313040276523679,-0.343647420406342,3.46577600791441e-06,278528
4601,1,0.230049994188448,0.230049994188448,0.000299097097013146,-0.345823913812637,3.48073086238727e-06,278528
4602,1,0.230099994187185,0.230099994187185,0.000287394796032459,-0.346756726503372,3.49510060182589e-06,278528
4603,1,0.230149994185922,0.230149994185922,0.00027394961216487,-0.34862232208252,3.5087980820881e-06,278528
4604,1,0.230199994184659,0.230199994184659,0.000260504428297281,-0.34955507516861,3.52182330317392e-06,278528
4605,1,0.230249994183396,0.230249994183396,0.000247681717155501,-0.351420670747757,3.53420738871885e-06,278528
4606,1,0.230299994182133,0.230299994182133,0.000233614046010189,-0.352353453636169,3.54588809072428e-06,278528
4607,1,0.23034999418087,0.23034999418087,0.000220542337046936,-0.354219049215317,3.55691520729806e-06,278528
4608,1,0.230399994179606,0.230399994179606,0.000206723663723096,-0.356706500053406,3.5672513902231e-06,278528
4609,1,0.230449994178343,0.230449994178343,0.000192033548955806,-0.357328355312347,3.57685306742833e-06,278528
4610,1,0.23049999417708,0.23049999417708,0.000178712871274911,-0.359193950891495,3.58578871076634e-06,278528
4611,1,0.230549994175817,0.230549994175817,0.00016352477541659,-0.362303256988525,3.59396494933062e-06,278528
4612,1,0.230599994174554,0.230599994174554,0.000149332627188414,-0.362303256988525,3.60143158050142e-06,278528
4613,1,0.230649994173291,0.230649994173291,0.000135140493512154,-0.365723490715027,3.60818860500633e-06,278528
4614,1,0.230699994172028,0.230699994172028,0.000120201395475306,-0.368210941553116,3.61419867462827e-06,278528
4615,1,0.230749994170765,0.230749994170765,0.000105635765066836,-0.369143694639206,3.61948046274818e-06,278528
4616,1,0.230799994169502,0.230799994169502,9.04476837604307e-05,-0.371942073106766,3.62400284682196e-06,278528
4617,1,0.230849994168238,0.230849994168238,7.56330773583613e-05,-0.374429523944855,3.62778450059434e-06,278528
4618,1,0.230899994166975,0.230899994166975,6.0444996051956e-05,-0.376295119524002,3.63080675032059e-06,278528
4619,1,0.230949994165712,0.230949994165712,4.5505898015108e-05,-0.379404425621033,3.63308204516387e-06,278528
4620,1,0.230999994164449,0.230999994164449,3.056679997826e-05,-0.38127002120018,3.63461038512417e-06,278528
4621,1,0.231049994163186,0.231049994163186,1.5378711395897e-05,-0.383135586977005,3.63537932067454e-06,278528
4622,1,0.231099994161923,0.231099994161923,-8.05310833129624e-07,-0.385933965444565,3.6353390551339e-06,278528
4623,1,0.23114999416066,0.23114999416066,-1.6242378478637e-05,-0.389354199171066,3.63452693623049e-06,278528
4624,1,0.231199994159397,0.231199994159397,-3.13059717882425e-05,-0.391841650009155,3.63296163768062e-06,278528
4625,1,0.231249994158134,0.231249994158134,-4.66185447294265e-05,-0.394639998674393,3.63063071050303e-06,278528
4626,1,0.231299994156871,0.231299994156871,-6.23045998509042e-05,-0.396816492080688,3.62751548058918e-06,278528
4627,1,0.231349994155607,0.231349994155607,-7.78661633376032e-05,-0.399614900350571,3.62362217252066e-06,278528
4628,1,0.231399994154344,0.231399994154344,-9.28052613744512e-05,-0.40241327881813,3.61898190956916e-06,278528
4629,1,0.231449994153081,0.231449994153081,-0.000108740307041444,-0.405522584915161,3.61354489435443e-06,278528
4630,1,0.231499994151818,0.231499994151818,-0.000123803896713071,-0.408320933580399,3.60735469967516e-06,278528
4631,1,0.231549994150555,0.231549994150555,-0.000139863419462927,-0.410497456789017,3.60036152887867e-06,278528
4632,1,0.231599994149292,0.231599994149292,-0.000155051515321247,-0.414850473403931,3.59260895330846e-06,278528
4633,1,0.231649994148029,0.231649994148029,-0.000170737563166767,-0.418581664562225,3.58407207536578e-06,278528
4634,1,0.231699994146766,0.231699994146766,-0.000185303186299279,-0.420136302709579,3.57480691628487e-06,278528
4635,1,0.231749994145503,0.231749994145503,-0.000201238217414357,-0.423556536436081,3.56474500566834e-06,278528
4636,1,0.231799994144239,0.231799994144239,-0.000216052823816426,-0.426354914903641,3.55394236475042e-06,278528
4637,1,0.231849994142976,0.231849994142976,-0.000230742938583717,-0.431329786777496,3.54240521811268e-06,278528
4638,1,0.231899994141713,0.231899994141713,-0.000246304494794458,-0.432884454727173,3.53008999368407e-06,278528
4639,1,0.23194999414045,0.23194999414045,-0.000261617096839473,-0.436615616083145,3.51700913917255e-06,278528
4640,1,0.231999994139187,0.231999994139187,-0.000275809230515733,-0.439413994550705,3.50321867799514e-06,278528
4641,1,0.232049994137924,0.232049994137924,-0.000290748343104497,-0.442834228277206,3.48868126120716e-06,278528
4642,1,0.232099994136661,0.232099994136661,-0.000305562920402735,-0.445010721683502,3.47340311557298e-06,278528
4643,1,0.232149994135398,0.232149994135398,-0.000320004066452384,-0.449363768100739,3.45740291265456e-06,278528
4644,1,0.232199994134135,0.232199994134135,-0.000335316639393568,-0.45278400182724,3.44063708110842e-06,278528
4645,1,0.232249994132872,0.232249994132872,-0.000348388333804905,-0.456204265356064,3.42321766485823e-06,278528
4646,1,0.232299994131608,0.232299994131608,-0.000362829508958384,-0.459935396909714,3.4050761898686e-06,278528
4647,1,0.232349994130345,0.232349994130345,-0.000376399169908836,-0.461800992488861,3.38625623184859e-06,278528
4648,1,0.232399994129082,0.232399994129082,-0.000390093307942152,-0.466154038906097,3.36675156694421e-06,278528
4649,1,0.232449994127819,0.232449994127819,-0.000403662997996435,-0.469574242830276,3.34656841755426e-06,278528
4650,1,0.232499994126556,0.232499994126556,-0.000417855160776526,-0.472372621297836,3.32567566004323e-06,278528
4651,1,0.232549994125293,0.232549994125293,-0.000430926884291694,-0.476414710283279,3.30412931637295e-06,278528
4652,1,0.23259999412403,0.23259999412403,-0.000443500612163916,-0.478902161121368,3.28195428632494e-06,278528
4653,1,0.232649994122767,0.232649994122767,-0.000456323323305696,-0.483255207538605,3.25913812073604e-06,278528
4654,1,0.232699994121504,0.232699994121504,-0.000469021557364613,-0.485431700944901,3.23568704346024e-06,278528
4655,1,0.23274999412024,0.23274999412024,-0.000481097318697721,-0.489784747362137,3.21163217813303e-06,278528
4656,1,0.232799994118977,0.232799994118977,-0.000493422092404217,-0.492583096027374,3.18696107413606e-06,278528
4657,1,0.232849994117714,0.232849994117714,-0.00050499988719821,-0.496314287185669,3.16171108041402e-06,278528
4658,1,0.232899994116451,0.232899994116451,-0.000516577681992203,-0.497868925333023,3.1358821969669e-06,278528
4659,1,0.232949994115188,0.232949994115188,-0.000528777949512005,-0.502843797206879,3.1094433001592e-06,278528
4660,1,0.232999994113925,0.232999994113925,-0.000538363878149539,-0.506574988365173,3.08252510693174e-06,278528
4661,1,0.233049994112662,0.233049994112662,-0.000548447773326188,-0.510306119918823,3.05510271895818e-06,278528
4662,1,0.233099994111399,0.233099994111399,-0.000558531668502837,-0.513415455818176,3.02717613623852e-06,278528
4663,1,0.233149994110136,0.233149994110136,-0.000568242103327066,-0.516524732112885,2.99876403178991e-06,278528
4664,1,0.233199994108872,0.233199994108872,-0.000577703467570245,-0.519323110580444,2.9698788591411e-06,278528
4665,1,0.233249994107609,0.233249994107609,-0.00058691599406302,-0.522743344306946,2.94053306017929e-06,278528
4666,1,0.233299994106346,0.233299994106346,-0.000595630437601358,-0.527407348155975,2.91075153905157e-06,278528
4667,1,0.233349994105083,0.233349994105083,-0.000604220433160663,-0.529894769191742,2.88054051815673e-06,278528
4668,1,0.23339999410382,0.23339999410382,-0.00061193888541311,-0.53300404548645,2.84994357465902e-06,278528
4669,1,0.233449994102557,0.233449994102557,-0.000620404432993382,-0.536113381385803,2.81892335379298e-06,278528
4670,1,0.233499994101294,0.233499994101294,-0.000627002504188567,-0.538911759853363,2.78757322937553e-06,278528
4671,1,0.233549994100031,0.233549994100031,-0.000633476185612381,-0.543264746665955,2.75589942089505e-06,278528
4672,1,0.233599994098768,0.233599994098768,-0.000638829311355948,-0.545441269874573,2.72395795613417e-06,278528
4673,1,0.233649994097505,0.233649994097505,-0.000644057989120483,-0.547617793083191,2.69175505749166e-06,278528
4674,1,0.233699994096241,0.233699994096241,-0.000649535679258406,-0.551970839500427,2.65927827434917e-06,278528
4675,1,0.233749994094978,0.233749994094978,-0.000654764415230602,-0.555080115795135,2.62654005441468e-06,278528
4676,1,0.233799994093715,0.233799994093715,-0.000658623641356826,-0.557256639003754,2.59360887317875e-06,278528
4677,1,0.233849994092452,0.233849994092452,-0.000662109407130629,-0.560676872730255,2.56050340365853e-06,278528
4678,1,0.233899994091189,0.233899994091189,-0.000664350285660475,-0.563164293766022,2.52728589021465e-06,278528
4679,1,0.233949994089926,0.233949994089926,-0.000667960557620972,-0.566273629665375,2.49388786317731e-06,278528
4680,1,0.233999994088663,0.233999994088663,-0.000669081055093557,-0.568761050701141,2.46043381126775e-06,278528
4681,1,0.2340499940874,0.2340499940874,-0.000671446323394775,-0.572803139686584,2.42686149594612e-06,278528
4682,1,0.234099994086137,0.234099994086137,-0.000671446323394775,-0.574046909809113,2.39328918062449e-06,278528
4683,1,0.234149994084873,0.234149994084873,-0.000671446323394775,-0.576845228672028,2.35971686530286e-06,278528
4684,1,0.23419999408361,0.23419999408361,-0.000672691268846393,-0.579643666744232,2.32608230271022e-06,278528
4685,1,0.234249994082347,0.234249994082347,-0.000670326000545174,-0.583063900470734,2.29256600352965e-06,278528
4686,1,0.234299994081084,0.234299994081084,-0.000669330009259284,-0.584307610988617,2.25909950391212e-06,278528
4687,1,0.234349994079821,0.234349994079821,-0.000666715612169355,-0.587727844715118,2.22576372414579e-06,278528
4688,1,0.234399994078558,0.234399994078558,-0.000665097264572978,-0.589593410491943,2.19250886175723e-06,278528
4689,1,0.234449994077295,0.234449994077295,-0.000662109407130629,-0.593013644218445,2.15940339223701e-06,278528
4690,1,0.234499994076032,0.234499994076032,-0.000657378695905209,-0.595190167427063,2.12653445827209e-06,278528
4691,1,0.234549994074769,0.234549994074769,-0.000654888921417296,-0.596433877944946,2.09379001302842e-06,278528
4692,1,0.234599994073506,0.234599994073506,-0.000649535679258406,-0.599543154239655,2.06131322988593e-06,278528
4693,1,0.234649994072242,0.234649994072242,-0.000644431507680565,-0.601097881793976,2.02909165531589e-06,278528
4694,1,0.234699994070979,0.234699994070979,-0.000638580357190222,-0.603274345397949,1.99716263826297e-06,278528
4695,1,0.234749994069716,0.234749994069716,-0.000632604700513184,-0.605450868606567,1.96553240403636e-06,278528
4696,1,0.234799994068453,0.234799994068453,-0.000627500470727682,-0.607005536556244,1.93415738129257e-06,278528
4697,1,0.23484999406719,0.23484999406719,-0.000619034981355071,-0.609182059764862,1.90320563300673e-06,278528
4698,1,0.234899994065927,0.234899994065927,-0.000612063449807465,-0.611980378627777,1.87260246128946e-06,278528
4699,1,0.234949994064664,0.234949994064664,-0.000603722466621548,-0.613846004009247,1.84241633872094e-06,278528
4700,1,0.234999994063401,0.234999994063401,-0.000595381483435631,-0.614778816699982,1.81264726530119e-06,278528
4701,1,0.235049994062138,0.235049994062138,-0.000588409835472703,-0.617577135562897,1.78322677427078e-06,278528
4702,1,0.235099994060874,0.235099994060874,-0.000578450446482748,-0.618509948253632,1.75430425267729e-06,278528
4703,1,0.235149994059611,0.235149994059611,-0.000568864517845213,-0.619442760944366,1.72586102750356e-06,278528
4704,1,0.235199994058348,0.235199994058348,-0.000559154083020985,-0.621308326721191,1.69790332405879e-06,278528
4705,1,0.235249994057085,0.235249994057085,-0.000549319200217724,-0.622241139411926,1.67043736474175e-06,278528
4706,1,0.235299994055822,0.235299994055822,-0.00053973332978785,-0.624106705188751,1.6434506989341e-06,278528
4707,1,0.235349994054559,0.235349994054559,-0.000529649434611201,-0.624728560447693,1.61696822787254e-06,278528
4708,1,0.235399994053296,0.235399994053296,-0.000518943008501083,-0.626594126224518,1.59102107810297e-06,278528
4709,1,0.235449994052033,0.235449994052033,-0.000506867305375636,-0.626594126224518,1.56567771347441e-06,278528
4710,1,0.23549999405077,0.23549999405077,-0.00049690791638568,-0.627837836742401,1.54083231828277e-06,278528
4711,1,0.235549994049506,0.235549994049506,-0.00048645053175278,-0.629081547260284,1.51650979230957e-06,278528
4712,1,0.235599994048243,0.235599994048243,-0.000474997243145481,-0.629703462123871,1.49275993075227e-06,278528
4713,1,0.23564999404698,0.23564999404698,-0.000464415352325886,-0.630636215209961,1.46953916372258e-06,278528
4714,1,0.235699994045717,0.235699994045717,-0.000451343628810719,-0.631879925727844,1.44697198285214e-06,278528
4715,1,0.235749994044454,0.235749994044454,-0.000440512783825397,-0.632501840591431,1.42494634421729e-06,278528
4716,1,0.235799994043191,0.235799994043191,-0.000428686005761847,-0.632501840591431,1.40351204447067e-06,278528
4717,1,0.235849994041928,0.235849994041928,-0.000417357165133581,-0.634367406368256,1.38264418674116e-06,278528
4718,1,0.235899994040665,0.235899994040665,-0.00040416099363938,-0.634678363800049,1.36243613756969e-06,278528
4719,1,0.235949994039402,0.235949994039402,-0.000392583169741556,-0.634056448936462,1.34280697957848e-06,278528
4720,1,0.235999994038139,0.235999994038139,-0.00038025839603506,-0.633745551109314,1.32379406025704e-06,278528
4721,1,0.236049994036875,0.236049994036875,-0.000367435713997111,-0.634989261627197,1.30542227502129e-06,278528
4722,1,0.236099994035612,0.236099994035612,-0.000356231379555538,-0.634989261627197,1.28761070649347e-06,278528
4723,1,0.236149994034349,0.236149994034349,-0.000343906605849043,-0.634989261627197,1.27041537663541e-06,278528
4724,1,0.236199994033086,0.236199994033086,-0.000331457355059683,-0.634989261627197,1.25384250930109e-06,278528
4725,1,0.236249994031823,0.236249994031823,-0.000318261154461652,-0.634989261627197,1.23792945198001e-06,278528
4726,1,0.23629999403056,0.23629999403056,-0.000305064953863621,-0.634056448936462,1.22267620467216e-06,278528
4727,1,0.236349994029297,0.236349994029297,-0.000292615703074262,-0.634056448936462,1.20804541988805e-06,278528
4728,1,0.236399994028034,0.236399994028034,-0.000280166452284902,-0.634056448936462,1.19403709762768e-06,278528
4729,1,0.236449994026771,0.236449994026771,-0.000268215197138488,-0.633123636245728,1.18062633810954e-06,278528
4730,1,0.236499994025507,0.236499994025507,-0.000255765917245299,-0.633123636245728,1.16783804257034e-06,278528
4731,1,0.236549994024244,0.236549994024244,-0.00024331669555977,-0.632190942764282,1.15567220809968e-06,278528
4732,1,0.236599994022981,0.236599994022981,-0.000230991936405189,-0.632501840591431,1.14412261157119e-06,278528
4733,1,0.236649994021718,0.236649994021718,-0.000217546737985685,-0.631258130073547,1.13324527494669e-06,278528
4734,1,0.236699994020455,0.236699994020455,-0.000204848503926769,-0.631258130073547,1.1230028500091e-06,278528
4735,1,0.236749994019192,0.236749994019192,-0.00019239925313741,-0.630014359951019,1.11338288759525e-06,278528
4736,1,0.236799994017929,0.236799994017929,-0.000180074493982829,-0.629392504692078,1.10437916312356e-06,278528
4737,1,0.236849994016666,0.236849994016666,-0.000167002785019577,-0.627837836742401,1.09602902408353e-06,278528
4738,1,0.236899994015403,0.236899994015403,-0.000155424990225583,-0.626283228397369,1.08825777476856e-06,278528
4739,1,0.23694999401414,0.23694999401414,-0.000142851247801445,-0.625972270965576,1.08111521255893e-06,278528
4740,1,0.236999994012876,0.236999994012876,-0.000129406063933857,-0.622862994670868,1.07464490952569e-06,278528
4741,1,0.237049994011613,0.237049994011613,-0.000117952746222727,-0.622862994670868,1.06874727236354e-06,278528
4742,1,0.23709999401035,0.23709999401035,-0.000106499428511597,-0.621308326721191,1.06342230107248e-06,278528
4743,1,0.237149994009087,0.237149994009087,-9.45481588132679e-05,-0.620064616203308,1.05869489325124e-06,278528
4744,1,0.237199994007824,0.237199994007824,-8.13519582152367e-05,-0.618199050426483,1.05462729544324e-06,278528
4745,1,0.237249994006561,0.237249994006561,-6.89027074258775e-05,-0.617266237735748,1.05118216015897e-06,278528
4746,1,0.237299994005298,0.237299994005298,-5.8943303884007e-05,-0.615711569786072,1.04823499503922e-06,278528
4747,1,0.237349994004035,0.237349994004035,-4.67430436401628e-05,-0.613224148750305,1.04589784291626e-06,278528
4748,1,0.237399994002772,0.237399994002772,-3.37958190357313e-05,-0.611980378627777,1.04420805200716e-06,278528
4749,1,0.237449994001508,0.237449994001508,-2.24670038733166e-05,-0.609803915023804,1.04308470184187e-06,278528
4750,1,0.237499994000245,0.237499994000245,-1.03912316262722e-05,-0.607627391815186,1.04256514027368e-06,278528
4751,1,0.237549993998982,0.237549993998982,6.61366428289512e-08,-0.605450868606567,1.04256844710574e-06,278528
4752,1,0.237599993997719,0.237599993997719,1.16439387056744e-05,-0.604518055915833,1.04315064402632e-06,278528
4753,1,0.237649993996456,0.237649993996456,2.24747836909955e-05,-0.602963387966156,1.04427438318248e-06,278528
4754,1,0.237699993995193,0.237699993995193,3.38036006723996e-05,-0.600165069103241,1.0459645631734e-06,278528
4755,1,0.23774999399393,0.23774999399393,4.41364754806273e-05,-0.597366690635681,1.04817138689168e-06,278528
4756,1,0.237799993992667,0.237799993992667,5.50918157387059e-05,-0.595190167427063,1.05092597760903e-06,278528
4757,1,0.237849993991404,0.237849993991404,6.75410701660439e-05,-0.593013644218445,1.05430303103202e-06,278528
4758,1,0.237899993990141,0.237899993990141,7.68780009821057e-05,-0.590526163578033,1.05814693098402e-06,278528
4759,1,0.237949993988877,0.237949993988877,8.77088532433845e-05,-0.58834969997406,1.06253237353541e-06,278528
4760,1,0.237999993987614,0.237999993987614,9.76682495092973e-05,-0.585240364074707,1.06741578588751e-06,278528
4761,1,0.238049993986351,0.238049993986351,0.000108001135231461,-0.583374798297882,1.07281584251266e-06,278528
4762,1,0.238099993985088,0.238099993985088,0.00011932993947994,-0.580576419830322,1.07878233933593e-06,278528
4763,1,0.238149993983825,0.238149993983825,0.000128666884847917,-0.578088998794556,1.08521568341581e-06,278528
4764,1,0.238199993982562,0.238199993982562,0.000138252798933536,-0.574357807636261,1.09212832318786e-06,278528
4765,1,0.238249993981299,0.238249993981299,0.000147714221384376,-0.571870386600494,1.0995140340705e-06,278528
4766,1,0.238299993980036,0.238299993980036,0.00015642870857846,-0.569382905960083,1.10733546930183e-06,278528
4767,1,0.238349993978773,0.238349993978773,0.000167010584846139,-0.566273629665375,1.11568599833319e-06,278528
4768,1,0.238399993977509,0.238399993977509,0.000176845482201315,-0.563786149024963,1.12452827221988e-06,278528
4769,1,0.238449993976246,0.238449993976246,0.000184564007213339,-0.560987830162048,1.13375647234742e-06,278528
4770,1,0.238499993974983,0.238499993974983,0.00019452341075521,-0.557878494262695,1.14348264263948e-06,278528
4771,1,0.23854999397372,0.23854999397372,0.000202615425223485,-0.554769217967987,1.15361341364473e-06,278528
4772,1,0.238599993972457,0.238599993972457,0.00021157888113521,-0.552281737327576,1.16419235743424e-06,278528
4773,1,0.238649993971194,0.238649993971194,0.000219421912333928,-0.549483358860016,1.17516345277379e-06,278528
4774,1,0.238699993969931,0.238699993969931,0.000226766976993531,-0.545752227306366,1.18650180133703e-06,278528
4775,1,0.238749993968668,0.238749993968668,0.000236477382713929,-0.543264746665955,1.19832567017403e-06,278528
4776,1,0.238799993967405,0.238799993967405,0.000244320399360731,-0.539844572544098,1.21054168983347e-06,278528
4777,1,0.238849993966141,0.238849993966141,0.000252412399277091,-0.536424279212952,1.2231623094785e-06,278528
4778,1,0.238899993964878,0.238899993964878,0.000260006461758167,-0.53300404548645,1.23616263223799e-06,278528
4779,1,0.238949993963615,0.238949993963615,0.000267102528596297,-0.529583811759949,1.24951775833042e-06,278528
4780,1,0.238999993962352,0.238999993962352,0.00027394961216487,-0.527096390724182,1.26321523859264e-06,278528
4781,1,0.239049993961089,0.239049993961089,0.000282539578620344,-0.523676156997681,1.27734221716678e-06,278528
4782,1,0.239099993959826,0.239099993959826,0.000288141774944961,-0.519323110580444,1.29174930555008e-06,278528
4783,1,0.239149993958563,0.239149993958563,0.000295735808322206,-0.517457544803619,1.30653609559264e-06,278528
4784,1,0.2391999939573,0.2391999939573,0.000303080858429894,-0.513726413249969,1.32169013813131e-06,278528
4785,1,0.239249993956037,0.239249993956037,0.000309429975459352,-0.510617077350616,1.33716163651344e-06,278528
4786,1,0.239299993954774,0.239299993954774,0.000315903598675504,-0.507196843624115,1.35295681604819e-06,278528
4787,1,0.23934999395351,0.23934999395351,0.00032250166987069,-0.50346565246582,1.36908189913437e-06,278528
4788,1,0.239399993952247,0.239399993952247,0.000329099799273536,-0.500045418739319,1.38553688868236e-06,278528
4789,1,0.239449993950984,0.239449993950984,0.000334577460307628,-0.496003359556198,1.40226576127514e-06,278528
4790,1,0.239499993949721,0.239499993949721,0.00033868569880724,-0.494137763977051,1.4192000457877e-06,278528
4791,1,0.239549993948458,0.239549993948458,0.000346155255101621,-0.490406602621078,1.43650780810555e-06,278528
4792,1,0.239599993947195,0.239599993947195,0.000352130911778659,-0.486675411462784,1.45411435324971e-06,278528
4793,1,0.239649993945932,0.239649993945932,0.000357110606273636,-0.483877062797546,1.47196988311232e-06,278528
4794,1,0.239699993944669,0.239699993944669,0.000362837250577286,-0.47952401638031,1.49011174518288e-06,278528
4795,1,0.239749993943406,0.239749993943406,0.000368314940715209,-0.475481927394867,1.50852749175342e-06,278528
4796,1,0.239799993942142,0.239799993942142,0.000374041585018858,-0.473927289247513,1.52722957053191e-06,278528
4797,1,0.239849993940879,0.239849993940879,0.000378647790057585,-0.469885170459747,1.54616195955652e-06,278528
4798,1,0.239899993939616,0.239899993939616,0.000384872400900349,-0.466775894165039,1.5654055791154e-06,278528
4799,1,0.239949993938353,0.239949993938353,0.000389229680877179,-0.463355630636215,1.58486706266762e-06,278528
4800,1,0.23999999393709,0.23999999393709,0.000395205308450386,-0.460246354341507,1.60462732759095e-06,278528
4801,1,0.240049993935827,0.240049993935827,0.000399811513489112,-0.455893307924271,1.6246179027604e-06,278528
4802,1,0.240099993934564,0.240099993934564,0.00040479120798409,-0.453405857086182,1.64485746264831e-06,278528
4803,1,0.240149993933301,0.240149993933301,0.00041051788139157,-0.449674725532532,1.66538335619936e-06,278528
4804,1,0.240199993932038,0.240199993932038,0.000414626119891182,-0.446565419435501,1.68611466167021e-06,278528
4805,1,0.240249993930775,0.240249993930775,0.00041997930384241,-0.442834228277206,1.70711362633185e-06,278528
4806,1,0.240299993929511,0.240299993929511,0.000425456993980333,-0.440657734870911,1.72838647549347e-06,278528
4807,1,0.240349993928248,0.240349993928248,0.000429814215749502,-0.436926543712616,1.74987718573804e-06,278528
4808,1,0.240399993926985,0.240399993926985,0.00043578987242654,-0.433817237615585,1.77166667880892e-06,278528
4809,1,0.240449993925722,0.240449993925722,0.000440769566921517,-0.430397003889084,1.79370515659826e-06,278528
4810,1,0.240499993924459,0.240499993924459,0.000446745194494724,-0.426976799964905,1.81604241575871e-06,278528
4811,1,0.240549993923196,0.240549993923196,0.000450853462098166,-0.422934710979462,1.83858508829414e-06,278528
4812,1,0.240599993921933,0.240599993921933,0.000456455600215122,-0.421690970659256,1.86140786772834e-06,278528
4813,1,0.24064999392067,0.24064999392067,0.000462057796539739,-0.41733792424202,1.8845107569717e-06,278528
4814,1,0.240699993919407,0.240699993919407,0.00046616600593552,-0.414850473403931,1.90781905667966e-06,278528
4815,1,0.240749993918143,0.240749993918143,0.000472141691716388,-0.4117411673069,1.93142614066911e-06,278528
4816,1,0.24079999391688,0.24079999391688,0.000477370369480923,-0.408631891012192,1.95529465854019e-06,278528
4817,1,0.240849993915617,0.240849993915617,0.000481852068332955,-0.406144440174103,1.97938726134821e-06,278528
4818,1,0.240899993914354,0.240899993914354,0.000488201185362414,-0.403035134077072,2.00379731999968e-06,278528
4819,1,0.240949993913091,0.240949993913091,0.000491437967866659,-0.400858640670776,2.02836921777227e-06,278528
4820,1,0.240999993911828,0.240999993911828,0.000497164612170309,-0.396816492080688,2.05322744775282e-06,278528
4821,1,0.241049993910565,0.241049993910565,0.000501895323395729,-0.395261853933334,2.07832221328866e-06,278528
4822,1,0.241099993909302,0.241099993909302,0.000506999553181231,-0.392152547836304,2.10367219030732e-06,278528
4823,1,0.241149993908039,0.241149993908039,0.00051098334370181,-0.389976054430008,2.12922135684699e-06,278528
4824,1,0.241199993906775,0.241199993906775,0.000515963009092957,-0.386555820703506,2.15501950664992e-06,278528
4825,1,0.241249993905512,0.241249993905512,0.000519822293426841,-0.384068369865417,2.18101062066467e-06,278528
4826,1,0.241299993904249,0.241299993904249,0.000523930590134114,-0.38220277428627,2.2072071495096e-06,278528
4827,1,0.241349993902986,0.241349993902986,0.000527665310073644,-0.380648136138916,2.23359041434678e-06,278528
4828,1,0.241399993901723,0.241399993901723,0.000531773548573256,-0.377849757671356,2.26017909110376e-06,278528
4829,1,0.24144999390046,0.24144999390046,0.000534761406015605,-0.374429523944855,2.28691716072908e-06,278528
4830,1,0.241499993899197,0.241499993899197,0.000538122723810375,-0.371942073106766,2.31382329623989e-06,278528
4831,1,0.241549993897934,0.241549993897934,0.000540737004484981,-0.370387434959412,2.34086014578113e-06,278528
4832,1,0.241599993896671,0.241599993896671,0.000542977883014828,-0.368210941553116,2.36800903924603e-06,278528
4833,1,0.241649993895408,0.241649993895408,0.000546339200809598,-0.365723490715027,2.39532599859643e-06,278528
4834,1,0.241699993894144,0.241699993894144,0.000548206618987024,-0.365723490715027,2.42273632885334e-06,278528
4835,1,0.241749993892881,0.241749993892881,0.000550447381101549,-0.362303256988525,2.45025869721314e-06,278528
4836,1,0.241799993891618,0.241799993891618,0.000552190351299942,-0.359815806150436,2.47786821408066e-06,278528
4837,1,0.241849993890355,0.241849993890355,0.000552563811652362,-0.357639253139496,2.50549640396534e-06,278528
4838,1,0.241899993889092,0.241899993889092,0.000554431229829788,-0.356395572423935,2.53321796475652e-06,278528
4839,1,0.241949993887829,0.241949993887829,0.000555427104700357,-0.354219049215317,2.56098931928997e-06,278528
4840,1,0.241999993886566,0.241999993886566,0.000554804690182209,-0.352975308895111,2.58872955309831e-06,278528
4841,1,0.242049993885303,0.242049993885303,0.000555551610887051,-0.352042526006699,2.61650713294094e-06,278528
4842,1,0.24209999388404,0.24209999388404,0.0005541822174564,-0.350176960229874,2.64421624311377e-06,278528
4843,1,0.242149993882776,0.242149993882776,0.000553933263290673,-0.349244177341461,2.67191290557862e-06,278528
4844,1,0.242199993881513,0.242199993881513,0.000552688317839056,-0.346756726503372,2.69954732077247e-06,278528
4845,1,0.24224999388025,0.24224999388025,0.000550571887288243,-0.346445769071579,2.72707591444146e-06,278528
4846,1,0.242299993878987,0.242299993878987,0.000550322933122516,-0.345202058553696,2.75459206040246e-06,278528
4847,1,0.242349993877724,0.242349993877724,0.000546837167348713,-0.34395831823349,2.78193391807919e-06,278528
4848,1,0.242399993876461,0.242399993876461,0.00054472079500556,-0.341781824827194,2.80916995714142e-06,278528
4849,1,0.242449993875198,0.242449993875198,0.000542230962309986,-0.341781824827194,2.83628150457203e-06,278528
4850,1,0.242499993873935,0.242499993873935,0.000538247171789408,-0.340849041938782,2.86319386248164e-06,278528
4851,1,0.242549993872672,0.242549993872672,0.000534014427103102,-0.339605331420898,2.88989458316227e-06,278528
4852,1,0.242599993871409,0.242599993871409,0.000530653109308332,-0.3380506336689,2.91642723795742e-06,278528
4853,1,0.242649993870145,0.242649993870145,0.000526918331161141,-0.337428778409958,2.94277315384992e-06,278528
4854,1,0.242699993868882,0.242699993868882,0.000521689653396606,-0.337739735841751,2.9688576358608e-06,278528
4855,1,0.242749993867619,0.242749993867619,0.000516211963258684,-0.338361591100693,2.99466823337171e-06,278528
4856,1,0.242799993866356,0.242799993866356,0.000511481252033263,-0.335874140262604,3.02024229532731e-06,278528
4857,1,0.242849993865093,0.242849993865093,0.000505505711771548,-0.336495995521545,3.04551758027738e-06,278528
4858,1,0.24289999386383,0.24289999386383,0.000499903515446931,-0.335874140262604,3.0705127554183e-06,278528
4859,1,0.242949993862567,0.242949993862567,0.000493429834023118,-0.335252285003662,3.0951842464962e-06,278528
4860,1,0.242999993861304,0.242999993861304,0.000485586846480146,-0.33463042974472,3.11946358820686e-06,278528
4861,1,0.243049993860041,0.243049993860041,0.000478864239994437,-0.33463042974472,3.14340679960173e-06,278528
4862,1,0.243099993858777,0.243099993858777,0.000471270235721022,-0.334941357374191,3.16697031079251e-06,278528
4863,1,0.243149993857514,0.243149993857514,0.00046243125689216,-0.335252285003662,3.19009187305302e-06,278528
4864,1,0.243199993856251,0.243199993856251,0.000454961729701608,-0.335563242435455,3.21283995896344e-06,278528
4865,1,0.243249993854988,0.243249993854988,0.000447118683950976,-0.334941357374191,3.23519589259623e-06,278528
4866,1,0.243299993853725,0.243299993853725,0.000437408249126747,-0.336185097694397,3.25706630450007e-06,278528
4867,1,0.243349993852462,0.243349993852462,0.000428320316132158,-0.335874140262604,3.27848231976567e-06,278528
4868,1,0.243399993851199,0.243399993851199,0.000418983370764181,-0.337117880582809,3.29943148777465e-06,278528
4869,1,0.243449993849936,0.243449993849936,0.000409895408665761,-0.3380506336689,3.3199262576902e-06,278528
4870,1,0.243499993848673,0.243499993848673,0.000398566597141325,-0.337117880582809,3.33985458704383e-06,278528
4871,1,0.243549993847409,0.243549993847409,0.000388233718695119,-0.3380506336689,3.35926627248821e-06,278528
4872,1,0.243599993846146,0.243599993846146,0.000378398806788027,-0.338672518730164,3.37818621234965e-06,278528
4873,1,0.243649993844883,0.243649993844883,0.000366945518180728,-0.339605331420898,3.3965334877952e-06,278528
4874,1,0.24369999384362,0.24369999384362,0.000355616677552462,-0.340538084506989,3.41431432122364e-06,278528
4875,1,0.243749993842357,0.243749993842357,0.000344038911862299,-0.341781824827194,3.4315162663822e-06,278528
4876,1,0.243799993841094,0.243799993841094,0.000332461087964475,-0.342714637517929,3.44813932036049e-06,278528
4877,1,0.243849993839831,0.243849993839831,0.000320883293170482,-0.34395831823349,3.4641834846137e-06,278528
4878,1,0.243899993838568,0.243899993838568,0.000307936075842008,-0.344580173492432,3.47958028801685e-06,278528
4879,1,0.243949993837305,0.243949993837305,0.000295611331239343,-0.346756726503372,3.49436085420543e-06,278528
4880,1,0.243999993836042,0.243999993836042,0.000282788590993732,-0.347067624330521,3.50850028339792e-06,278528
4881,1,0.244049993834778,0.244049993834778,0.000270090356934816,-0.34862232208252,3.52200480090351e-06,278528
4882,1,0.244099993833515,0.244099993833515,0.000256645173067227,-0.350798815488815,3.5348370592327e-06,278528
4883,1,0.244149993832252,0.244149993832252,0.00024344895791728,-0.351109713315964,3.54700950682106e-06,278528
4884,1,0.244199993830989,0.244199993830989,0.000230750723858364,-0.353597164154053,3.55854704272252e-06,278528
4885,1,0.244249993829726,0.244249993829726,0.000216932065086439,-0.354840904474258,3.56939364570283e-06,278528
4886,1,0.244299993828463,0.244299993828463,0.000202241950319149,-0.357017397880554,3.57950574296333e-06,278528
4887,1,0.2443499938272,0.2443499938272,0.000188423276995309,-0.357950210571289,3.5889269065751e-06,278528
4888,1,0.244399993825937,0.244399993825937,0.000174106651684269,-0.359815806150436,3.5976322389394e-06,278528
4889,1,0.244449993824674,0.244449993824674,0.000159914488904178,-0.361992299556732,3.60562796318262e-06,278528
4890,1,0.24449999382341,0.24449999382341,0.000145473357406445,-0.36385789513588,3.61290163086919e-06,278528
4891,1,0.244549993822147,0.244549993822147,0.000131032240460627,-0.366656243801117,3.61945324272672e-06,278528
4892,1,0.244599993820884,0.244599993820884,0.000116466617328115,-0.369143694639206,3.62527657344601e-06,278528
4893,1,0.244649993819621,0.244649993819621,0.000101278536021709,-0.37069833278656,3.63034050011917e-06,278528
4894,1,0.244699993818358,0.244699993818358,8.52190059958957e-05,-0.373185783624649,3.63460145031133e-06,278528
4895,1,0.244749993817095,0.244749993817095,7.14003326720558e-05,-0.374740481376648,3.63817146685474e-06,278528
4896,1,0.244799993815832,0.244799993815832,5.65857262699865e-05,-0.377227872610092,3.64100075309677e-06,278528
4897,1,0.244849993814569,0.244849993814569,4.05261962441728e-05,-0.380648136138916,3.64302706285779e-06,278528
4898,1,0.244899993813306,0.244899993813306,2.59605767496396e-05,-0.38220277428627,3.64432509166248e-06,278528
4899,1,0.244949993812043,0.244949993812043,1.06479983514873e-05,-0.384068369865417,3.64485749156661e-06,278528
4900,1,0.244999993810779,0.244999993810779,-4.7890707719489e-06,-0.386866748332977,3.64461803803406e-06,278528
4901,1,0.245049993809516,0.245049993809516,-2.02261398953851e-05,-0.389354199171066,3.64360673106483e-06,278528
4902,1,0.245099993808253,0.245099993808253,-3.64101615559775e-05,-0.393085360527039,3.64178622303303e-06,278528
4903,1,0.24514999380699,0.24514999380699,-5.14737585035618e-05,-0.394639998674393,3.63921253517286e-06,278528
4904,1,0.245199993805727,0.245199993805727,-6.67863278067671e-05,-0.398371189832687,3.63587321886688e-06,278528
4905,1,0.245249993804464,0.245249993804464,-8.22233996586874e-05,-0.400858640670776,3.63176204898781e-06,278528
4906,1,0.245299993803201,0.245299993803201,-9.67890227911994e-05,-0.404278844594955,3.6269225979705e-06,278528
4907,1,0.245349993801938,0.245349993801938,-0.000112973051727749,-0.407077223062515,3.62127394552681e-06,278528
4908,1,0.245399993800675,0.245399993800675,-0.000128659085021354,-0.409875631332397,3.61484099143825e-06,278528
4909,1,0.245449993799411,0.245449993799411,-0.000143722703796811,-0.412673979997635,3.60765485642995e-06,278528
4910,1,0.245499993798148,0.245499993798148,-0.000159284260007553,-0.416094213724136,3.59969064363077e-06,278528
4911,1,0.245549993796885,0.245549993796885,-0.000174845801666379,-0.41764885187149,3.5909483537683e-06,278528
4912,1,0.245599993795622,0.245599993795622,-0.0001900338975247,-0.421690970659256,3.58144665913209e-06,278528
4913,1,0.245649993794359,0.245649993794359,-0.000204972995561548,-0.423867464065552,3.57119800961292e-06,278528
4914,1,0.245699993793096,0.245699993793096,-0.000219912108150311,-0.426354914903641,3.56020240448318e-06,278528
4915,1,0.245749993791833,0.245749993791833,-0.000235349158174358,-0.430397003889084,3.54843494687173e-06,278528
4916,1,0.24579999379057,0.24579999379057,-0.000249790289672092,-0.434439092874527,3.53594543270364e-06,278528
4917,1,0.245849993789307,0.245849993789307,-0.000265476352069527,-0.436615616083145,3.52267161543548e-06,278528
4918,1,0.245899993788044,0.245899993788044,-0.000279295025393367,-0.440346777439117,3.5087068645186e-06,278528
4919,1,0.24594999378678,0.24594999378678,-0.000294358615064994,-0.442523330450058,3.49398893413715e-06,278528
4920,1,0.245999993785517,0.245999993785517,-0.000309920142171904,-0.446254462003708,3.47849292742002e-06,278528
4921,1,0.246049993784254,0.246049993784254,-0.000323614367516711,-0.450296550989151,3.46231220945294e-06,278528
4922,1,0.246099993782991,0.246099993782991,-0.000337930978275836,-0.452473074197769,3.44541566096599e-06,278528
4923,1,0.246149993781728,0.246149993781728,-0.000352123141055927,-0.457137048244476,3.42780950435797e-06,278528
4924,1,0.246199993780465,0.246199993780465,-0.000365941785275936,-0.459624499082565,3.40951241555639e-06,278528
4925,1,0.246249993779202,0.246249993779202,-0.000379511475330219,-0.463355630636215,3.39053684226925e-06,278528
4926,1,0.246299993777939,0.246299993777939,-0.000394450558815151,-0.466154038906097,3.37081431482672e-06,278528
4927,1,0.246349993776676,0.246349993776676,-0.000407397776143625,-0.469574242830276,3.35044442653413e-06,278528
4928,1,0.246399993775412,0.246399993775412,-0.000420220516389236,-0.471439838409424,3.32943340124545e-06,278528
4929,1,0.246449993774149,0.246449993774149,-0.000433665700256824,-0.477036565542221,3.30775011678037e-06,278528
4930,1,0.246499993772886,0.246499993772886,-0.000446612917585298,-0.480145871639252,3.28541947146523e-06,278528
4931,1,0.246549993771623,0.246549993771623,-0.000459560134913772,-0.483566105365753,3.26244146530001e-06,278528
4932,1,0.24659999377036,0.24659999377036,-0.000471760402433574,-0.486053556203842,3.23885344577422e-06,278528
4933,1,0.246649993769097,0.246649993769097,-0.000483960669953376,-0.490095645189285,3.21465541288784e-06,278528
4934,1,0.246699993767834,0.246699993767834,-0.000495289510581642,-0.494448691606522,3.18989093798436e-06,278528
4935,1,0.246749993766571,0.246749993766571,-0.00050699181156233,-0.497247040271759,3.16454134804663e-06,278528
4936,1,0.246799993765308,0.246799993765308,-0.0005201879539527,-0.500667333602905,3.13853195100605e-06,278528
4937,1,0.246849993764044,0.246849993764044,-0.00053064530948177,-0.504398465156555,3.11199968620222e-06,278528
4938,1,0.246899993762781,0.246899993762781,-0.000540231238119304,-0.508751511573792,3.08498812497862e-06,278528
4939,1,0.246949993761518,0.246949993761518,-0.000551809091120958,-0.509995222091675,3.05739767111957e-06,278528
4940,1,0.246999993760255,0.246999993760255,-0.00056164397392422,-0.513726413249969,3.02931547313277e-06,278528
4941,1,0.247049993758992,0.247049993758992,-0.000571105454582721,-0.517768502235413,3.00076020112501e-06,278528
4942,1,0.247099993757729,0.247099993757729,-0.000580566818825901,-0.520255923271179,2.97173186091703e-06,278528
4943,1,0.247149993756466,0.247149993756466,-0.000590152747463435,-0.523987054824829,2.94222422428928e-06,278528
4944,1,0.247199993755203,0.247199993755203,-0.000597871316131204,-0.527096390724182,2.9123306592379e-06,278528
4945,1,0.24724999375394,0.24724999375394,-0.00060546537861228,-0.529583811759949,2.88205739107205e-06,278528
4946,1,0.247299993752677,0.247299993752677,-0.000613432901445776,-0.533936858177185,2.85138574677459e-06,278528
4947,1,0.247349993751413,0.247349993751413,-0.00062065344536677,-0.535802483558655,2.8203530752902e-06,278528
4948,1,0.24739999375015,0.24739999375015,-0.000628123001661152,-0.54046642780304,2.78894692600053e-06,278528
4949,1,0.247449993748887,0.247449993748887,-0.000634970085229725,-0.542021036148071,2.75719842254108e-06,278528
4950,1,0.247499993747624,0.247499993747624,-0.000640821235720068,-0.546684980392456,2.7251573615645e-06,278528
4951,1,0.247549993746361,0.247549993746361,-0.000645925407297909,-0.549172461032867,2.69286109201548e-06,278528
4952,1,0.247599993745098,0.247599993745098,-0.000650282658170909,-0.552281737327576,2.66034695992831e-06,278528
4953,1,0.247649993743835,0.247649993743835,-0.00065439089667052,-0.555701971054077,2.62762741592135e-06,278528
4954,1,0.247699993742572,0.247699993742572,-0.000659246114082634,-0.559122204780579,2.59466511104992e-06,278528
4955,1,0.247749993741309,0.247749993741309,-0.000661984959151596,-0.560676872730255,2.56156586392849e-06,278528
4956,1,0.247799993740045,0.247799993740045,-0.000665595231112093,-0.564718961715698,2.52828610321361e-06,278528
4957,1,0.247849993738782,0.247849993738782,-0.00066721357870847,-0.566584587097168,2.49492542512094e-06,278528
4958,1,0.247899993737519,0.247899993737519,-0.000668707536533475,-0.569382905960083,2.46149004913892e-06,278528
4959,1,0.247949993736256,0.247949993736256,-0.000671570829581469,-0.573114097118378,2.42791150850811e-06,278528
4960,1,0.247999993734993,0.247999993734993,-0.000671072863042355,-0.575290620326996,2.39435786620363e-06,278528
4961,1,0.24804999373373,0.24804999373373,-0.000671446323394775,-0.578088998794556,2.360785550882e-06,278528
4962,1,0.248099993732467,0.248099993732467,-0.000670450448524207,-0.580887377262115,2.32726302930264e-06,278528
4963,1,0.248149993731204,0.248149993731204,-0.000670076929964125,-0.583996653556824,2.29375918365081e-06,278528
4964,1,0.248199993729941,0.248199993729941,-0.000668956548906863,-0.586173176765442,2.26031135705043e-06,278528
4965,1,0.248249993728678,0.248249993728678,-0.000666093197651207,-0.588038802146912,2.22700669800922e-06,278528
4966,1,0.248299993727414,0.248299993727414,-0.000664101331494749,-0.589904308319092,2.19380163227331e-06,278528
4967,1,0.248349993726151,0.248349993726151,-0.000660988967865705,-0.592702746391296,2.16075218471492e-06,278528
4968,1,0.248399993724888,0.248399993724888,-0.000656631716992706,-0.595812022686005,2.12792059969469e-06,278528
4969,1,0.248449993723625,0.248449993723625,-0.000653145951218903,-0.597988545894623,2.09526330295873e-06,278528
4970,1,0.248499993722362,0.248499993722362,-0.000648041779641062,-0.598610401153564,2.06286121479523e-06,278528
4971,1,0.248549993721099,0.248549993721099,-0.000643062056042254,-0.601408779621124,2.03070811280537e-06,278528
4972,1,0.248599993719836,0.248599993719836,-0.000636463984847069,-0.604207158088684,1.99888491436694e-06,278528
4973,1,0.248649993718573,0.248649993718573,-0.000630612892564386,-0.606383681297302,1.96735427053525e-06,278528
4974,1,0.24869999371731,0.24869999371731,-0.000624761742074043,-0.607938289642334,1.93611618422069e-06,278528
4975,1,0.248749993716046,0.248749993716046,-0.000617416575551033,-0.610114812850952,1.905245356223e-06,278528
4976,1,0.248799993714783,0.248799993714783,-0.000609947077464312,-0.611047625541687,1.87474800312021e-06,278528
4977,1,0.24884999371352,0.24884999371352,-0.000601606094278395,-0.61415696144104,1.84466769916618e-06,278528
4978,1,0.248899993712257,0.248899993712257,-0.000592891592532396,-0.614778816699982,1.81502312028845e-06,278528
4979,1,0.248949993710994,0.248949993710994,-0.000585297588258982,-0.61602246761322,1.78575824161479e-06,278528
4980,1,0.248999993709731,0.248999993709731,-0.00057583610760048,-0.618509948253632,1.75696643696211e-06,278528
4981,1,0.249049993708468,0.249049993708468,-0.000566250178962946,-0.620064616203308,1.7286539287292e-06,278528
4982,1,0.249099993707205,0.249099993707205,-0.000557411229237914,-0.62161922454834,1.70078336797137e-06,278528
4983,1,0.249149993705942,0.249149993705942,-0.000548572279512882,-0.622862994670868,1.67335475468863e-06,278528
4984,1,0.249199993704678,0.249199993704678,-0.000537616957444698,-0.6244176030159,1.64647390749546e-06,278528
4985,1,0.249249993703415,0.249249993703415,-0.000526786141563207,-0.625350415706635,1.62013460108269e-06,278528
4986,1,0.249299993702152,0.249299993702152,-0.000515581748913974,-0.626283228397369,1.59435551428823e-06,278528
4987,1,0.249349993700889,0.249349993700889,-0.000505995820276439,-0.627216041088104,1.56905572391353e-06,278528
4988,1,0.249399993699626,0.249399993699626,-0.000495538464747369,-0.627837836742401,1.54427880130208e-06,278528
4989,1,0.249449993698363,0.249449993698363,-0.000483213691040874,-0.629703462123871,1.52011811736039e-06,278528
4990,1,0.2494999936971,0.2494999936971,-0.000472382875159383,-0.630947172641754,1.49649897419909e-06,278528
4991,1,0.249549993695837,0.249549993695837,-0.000460431590909138,-0.631569027900696,1.4734773952352e-06,278528
4992,1,0.249599993694574,0.249599993694574,-0.000448978273198009,-0.632190942764282,1.45102848214241e-06,278528
4993,1,0.249649993693311,0.249649993693311,-0.00043789844494313,-0.632501840591431,1.42913356044837e-06,278528
4994,1,0.249699993692047,0.249699993692047,-0.000425449194153771,-0.633123636245728,1.40786110127807e-06,278528
4995,1,0.249749993690784,0.249749993690784,-0.000413995905546471,-0.633123636245728,1.38716130652366e-06,278528
4996,1,0.249799993689521,0.249799993689521,-0.000400675198761746,-0.633745551109314,1.36712754709167e-06,278528
4997,1,0.249849993688258,0.249849993688258,-0.000388350454159081,-0.634989261627197,1.34771002487425e-06,278528
4998,1,0.249899993686995,0.249899993686995,-0.0003765236469917,-0.634056448936462,1.32888384300025e-06,278528
4999,1,0.249949993685732,0.249949993685732,-0.000365817279089242,-0.634367406368256,1.31059297950785e-06,278528
5000,1,0.249999993684469,0.249999993684469,-0.000351749622495845,-0.634367406368256,1.29300549882736e-06,278528
5001,1,0.250049993683206,0.250049993683206,-0.000339549384079874,-0.634367406368256,1.27602803005225e-06,278528
5002,1,0.250099993681943,0.250099993681943,-0.000327722606016323,-0.63530021905899,1.25964190016538e-06,278528
5003,1,0.250149993680679,0.250149993680679,-0.000314899836666882,-0.634367406368256,1.24389690872979e-06,278528
5004,1,0.250199993679416,0.250199993679416,-0.000301454711006954,-0.634678363800049,1.22882417356021e-06,278528
5005,1,0.250249993678153,0.250249993678153,-0.000290623807813972,-0.633745551109314,1.2142929835366e-06,278528
5006,1,0.25029999367689,0.25029999367689,-0.000277676590485498,-0.633123636245728,1.20040915436306e-06,278528
5007,1,0.250349993675627,0.250349993675627,-0.000264729402260855,-0.632812738418579,1.1871726845844e-06,278528
5008,1,0.250399993674364,0.250399993674364,-0.000250288256211206,-0.633123636245728,1.17465827208998e-06,278528
5009,1,0.250449993673101,0.250449993673101,-0.000239208427956328,-0.632501840591431,1.16269785099431e-06,278528
5010,1,0.250499993671838,0.250499993671838,-0.000227506141527556,-0.631569027900696,1.1513225442053e-06,278528
5011,1,0.250549993670575,0.250549993670575,-0.000214060928556137,-0.630636215209961,1.14061949804787e-06,278528
5012,1,0.250599993669312,0.250599993669312,-0.000201113725779578,-0.629703462123871,1.13056381201292e-06,278528
5013,1,0.250649993668048,0.250649993668048,-0.000190158389159478,-0.629703462123871,1.12105589279514e-06,278528
5014,1,0.250699993666785,0.250699993666785,-0.000175094799487852,-0.628770649433136,1.11230115304191e-06,278528
5015,1,0.250749993665522,0.250749993665522,-0.000163516990141943,-0.626594126224518,1.10412530374135e-06,278528
5016,1,0.250799993664259,0.250799993664259,-0.000151441228808835,-0.625661373138428,1.0965532424922e-06,278528
5017,1,0.250849993662996,0.250849993662996,-0.000138742994749919,-0.624106705188751,1.08961609292995e-06,278528
5018,1,0.250899993661733,0.250899993661733,-0.000126791710499674,-0.624106705188751,1.08327650756512e-06,278528
5019,1,0.25094999366047,0.25094999366047,-0.000115089416794945,-0.623173892498016,1.07752203687074e-06,278528
5020,1,0.250999993659207,0.250999993659207,-0.000102142206742428,-0.620375514030457,1.07241492666263e-06,278528
5021,1,0.251049993657944,0.251049993657944,-8.98174403118901e-05,-0.618820905685425,1.06792405476049e-06,278528
5022,1,0.25109999365668,0.25109999365668,-7.91110869613476e-05,-0.618509948253632,1.06396850051235e-06,278528
5023,1,0.251149993655417,0.251149993655417,-6.67863278067671e-05,-0.616333425045013,1.06062918420637e-06,278528
5024,1,0.251199993654154,0.251199993654154,-5.45860675629228e-05,-0.613846004009247,1.05789988089717e-06,278528
5025,1,0.251249993652891,0.251249993652891,-4.28837738581933e-05,-0.612602233886719,1.05575569225842e-06,278528
5026,1,0.251299993651628,0.251299993651628,-3.08080016111489e-05,-0.610425770282745,1.05421529221678e-06,278528
5027,1,0.251349993650365,0.251349993650365,-1.93546929949662e-05,-0.608560144901276,1.05324755759148e-06,278528
5028,1,0.251399993649102,0.251399993649102,-7.65239747124724e-06,-0.607005536556244,1.05286493772758e-06,278528
5029,1,0.251449993647839,0.251449993647839,3.92540414395626e-06,-0.605139970779419,1.05306120792982e-06,278528
5030,1,0.251499993646576,0.251499993646576,1.55032066686545e-05,-0.603274345397949,1.05383636824367e-06,278528
5031,1,0.251549993645312,0.251549993645312,2.60850683844183e-05,-0.601408779621124,1.05514062162995e-06,278528
5032,1,0.251599993644049,0.251599993644049,3.70404086424969e-05,-0.599543154239655,1.05699264201528e-06,278528
5033,1,0.251649993642786,0.251649993642786,4.91161772515625e-05,-0.59674483537674,1.05944845081582e-06,278528
5034,1,0.251699993641523,0.251699993641523,5.85776069783606e-05,-0.594568312168121,1.06237733109075e-06,278528
5035,1,0.25174999364026,0.25174999364026,6.94084592396393e-05,-0.592391788959503,1.06584775396506e-06,278528
5036,1,0.251799993638997,0.251799993638997,8.06127791292965e-05,-0.590215265750885,1.06987839281971e-06,278528
5037,1,0.251849993637734,0.251849993637734,9.0696667029988e-05,-0.587105989456177,1.07441322605665e-06,278528
5038,1,0.251899993636471,0.251899993636471,0.000102274476375896,-0.5855513215065,1.07952694974626e-06,278528
5039,1,0.251949993635208,0.251949993635208,0.000111362423922401,-0.582441985607147,1.08509507080172e-06,278528
5040,1,0.251999993633945,0.251999993633945,0.00012144631909905,-0.578710854053497,1.09116738660327e-06,278528
5041,1,0.252049993632681,0.252049993632681,0.000130783257191069,-0.579021811485291,1.09770654929763e-06,278528
5042,1,0.252099993631418,0.252099993631418,0.000141365133458748,-0.575290620326996,1.10477480579201e-06,278528
5043,1,0.252149993630155,0.252149993630155,0.000151200030813925,-0.572492241859436,1.11233480714172e-06,278528
5044,1,0.252199993628892,0.252199993628892,0.000160412469995208,-0.569693863391876,1.12035543043886e-06,278528
5045,1,0.252249993627629,0.252249993627629,0.000169500432093628,-0.566584587097168,1.12883045182945e-06,278528
5046,1,0.252299993626366,0.252299993626366,0.00017883736290969,-0.563786149024963,1.13777231974904e-06,278528
5047,1,0.252349993625103,0.252349993625103,0.000188423276995309,-0.560676872730255,1.14719348336081e-06,278528
5048,1,0.25239999362384,0.25239999362384,0.000196017310372554,-0.556945741176605,1.15699434863185e-06,278528
5049,1,0.252449993622577,0.252449993622577,0.000205852222279646,-0.554769217967987,1.16728695948581e-06,278528
5050,1,0.252499993621313,0.252499993621313,0.000213819730561227,-0.551659882068634,1.1779779457438e-06,278528
5051,1,0.25254999362005,0.25254999362005,0.000222036251216196,-0.548861563205719,1.18907975802415e-06,278528
5052,1,0.252599993618787,0.252599993618787,0.000230999707127921,-0.545130372047424,1.20062974308877e-06,278528
5053,1,0.252649993617524,0.252649993617524,0.000238593755057082,-0.542331993579865,1.21255943054026e-06,278528
5054,1,0.252699993616261,0.252699993616261,0.000246561277890578,-0.539533615112305,1.22488749412335e-06,278528
5055,1,0.252749993614998,0.252749993614998,0.00025540022761561,-0.535491526126862,1.23765750518154e-06,278528
5056,1,0.252799993613735,0.252799993613735,0.000262247311184183,-0.532693147659302,1.2507698704095e-06,278528
5057,1,0.252849993612472,0.252849993612472,0.000270463817287236,-0.528651058673859,1.26429306093224e-06,278528
5058,1,0.252899993611209,0.252899993611209,0.000276688457233831,-0.527718245983124,1.27812748344444e-06,278528
5059,1,0.252949993609946,0.252949993609946,0.000283535569906235,-0.523054301738739,1.29230426158162e-06,278528
5060,1,0.252999993608682,0.252999993608682,0.000291752017801628,-0.519634068012238,1.30689186210318e-06,278528
5061,1,0.253049993607419,0.253049993607419,0.000298599159577861,-0.516213774681091,1.32182181970492e-06,278528
5062,1,0.253099993606156,0.253099993606156,0.000304823770420626,-0.512482643127441,1.33706300784092e-06,278528
5063,1,0.253149993604893,0.253149993604893,0.00031104838126339,-0.509995222091675,1.3526154265112e-06,278528
5064,1,0.25319999360363,0.25319999360363,0.000318144448101521,-0.50626403093338,1.36852264851443e-06,278528
5065,1,0.253249993602367,0.253249993602367,0.000324493565130979,-0.50346565246582,1.38474732636111e-06,278528
5066,1,0.253299993601104,0.253299993601104,0.000330344715621322,-0.500356376171112,1.40126456172492e-06,278528
5067,1,0.253349993599841,0.253349993599841,0.000335946853738278,-0.496003359556198,1.41806190398749e-06,278528
5068,1,0.253399993598578,0.253399993598578,0.000342295999871567,-0.491650313138962,1.43517670354871e-06,278528
5069,1,0.253449993597314,0.253449993597314,0.00034677772782743,-0.489473819732666,1.45251558950207e-06,278528
5070,1,0.253499993596051,0.253499993596051,0.000354122777935117,-0.486053556203842,1.47022172795153e-06,278528
5071,1,0.253549993594788,0.253549993594788,0.000359102501533926,-0.482011467218399,1.48817685257464e-06,278528
5072,1,0.253599993593525,0.253599993593525,0.000365949555998668,-0.479834973812103,1.50647432991234e-06,278528
5073,1,0.253649993592262,0.253649993592262,0.000369808840332553,-0.475481927394867,1.52496477146186e-06,278528
5074,1,0.253699993590999,0.253699993590999,0.000376157957362011,-0.472061693668365,1.54377266885483e-06,278528
5075,1,0.253749993589736,0.253749993589736,0.000380888639483601,-0.468019604682922,1.56281710034791e-06,278528
5076,1,0.253799993588473,0.253799993588473,0.000385992869269103,-0.465532153844833,1.58211674332382e-06,278528
5077,1,0.25384999358721,0.25384999358721,0.000391470530303195,-0.461800992488861,1.60169026934451e-06,278528
5078,1,0.253899993585947,0.253899993585947,0.000396076764445752,-0.45838075876236,1.62149410706651e-06,278528
5079,1,0.253949993584683,0.253949993584683,0.000401056458940729,-0.455893307924271,1.64154692950697e-06,278528
5080,1,0.25399999358342,0.25399999358342,0.00040678313234821,-0.452473074197769,1.66188608561057e-06,278528
5081,1,0.254049993582157,0.254049993582157,0.000412136258091778,-0.449363768100739,1.68249289799459e-06,278528
5082,1,0.254099993580894,0.254099993580894,0.000417115952586755,-0.445632606744766,1.70334869509706e-06,278528
5083,1,0.254149993579631,0.254149993579631,0.000421971169998869,-0.441901445388794,1.72444725306401e-06,278528
5084,1,0.254199993578368,0.254199993578368,0.00042670191032812,-0.439724922180176,1.74578234804145e-06,278528
5085,1,0.254249993577105,0.254249993577105,0.000433051027357578,-0.436304688453674,1.76743489886234e-06,278528
5086,1,0.254299993575842,0.254299993575842,0.000437408249126747,-0.432262599468231,1.78930531076618e-06,278528
5087,1,0.254349993574579,0.254349993574579,0.000442761433077976,-0.430086076259613,1.81144338186082e-06,278528
5088,1,0.254399993573315,0.254399993573315,0.00044898604392074,-0.426665842533112,1.83389268348974e-06,278528
5089,1,0.254449993572052,0.254449993572052,0.00045334329479374,-0.423556536436081,1.85655984765681e-06,278528
5090,1,0.254499993570789,0.254499993570789,0.00045906993909739,-0.419825375080109,1.87951334403183e-06,278528
5091,1,0.254549993569526,0.254549993569526,0.000463925156509504,-0.41733792424202,1.90270960127131e-06,278528
5092,1,0.254599993568263,0.254599993568263,0.000469278340460733,-0.414539575576782,1.9261735177016e-06,278528
5093,1,0.254649993567,0.254649993567,0.000474382541142404,-0.411430269479752,1.94989264415953e-06,278528
5094,1,0.254699993565737,0.254699993565737,0.000479486712720245,-0.408942818641663,1.9738669791899e-06,278528
5095,1,0.254749993564474,0.254749993564474,0.00048471539048478,-0.404900729656219,1.99810274810189e-06,278528
5096,1,0.254799993563211,0.254799993563211,0.000489446159917861,-0.403035134077072,2.02257505547956e-06,278528
5097,1,0.254849993561947,0.254849993561947,0.000494425825309008,-0.398682087659836,2.0472963461205e-06,278528
5098,1,0.254899993560684,0.254899993560684,0.000500027963425964,-0.397438377141953,2.07229774366021e-06,278528
5099,1,0.254949993559421,0.254949993559421,0.000504509720485657,-0.394639998674393,2.09752322904724e-06,278528
5100,1,0.254999993558158,0.254999993558158,0.000509115925524384,-0.391530692577362,2.12297902468039e-06,278528
5101,1,0.255049993556895,0.255049993556895,0.000513348670210689,-0.389354199171066,2.14864645754251e-06,278528
5102,1,0.255099993555632,0.255099993555632,0.000518701854161918,-0.386244863271713,2.17458154959543e-06,278528
5103,1,0.255149993554369,0.255149993554369,0.000523308059200644,-0.384068369865417,2.20074695189447e-06,278528
5104,1,0.255199993553106,0.255199993553106,0.00052754080388695,-0.380959063768387,2.22712399142248e-06,278528
5105,1,0.255249993551843,0.255249993551843,0.000530653109308332,-0.37909346818924,2.25365664621762e-06,278528
5106,1,0.25529999355058,0.25529999355058,0.000533889979124069,-0.377538830041885,2.28035114449947e-06,278528
5107,1,0.255349993549316,0.255349993549316,0.000537624699063599,-0.374740481376648,2.30723237877357e-06,278528
5108,1,0.255399993548053,0.255399993548053,0.000541608431376517,-0.372253030538559,2.33431279965829e-06,278528
5109,1,0.25544999354679,0.25544999354679,0.00054372486192733,-0.370076507329941,2.36149904206787e-06,278528
5110,1,0.255499993545527,0.255499993545527,0.000545841176062822,-0.368210941553116,2.38879110018156e-06,278528
5111,1,0.255549993544264,0.255549993544264,0.000548953539691865,-0.365723490715027,2.41623877647276e-06,278528
5112,1,0.255599993543001,0.255599993543001,0.000549949472770095,-0.36385789513588,2.44373624941662e-06,278528
5113,1,0.255649993541738,0.255649993541738,0.000551194360014051,-0.362925112247467,2.47129596672111e-06,278528
5114,1,0.255699993540475,0.255699993540475,0.000554057769477367,-0.360126703977585,2.49899885449514e-06,278528
5115,1,0.255749993539212,0.255749993539212,0.000554555677808821,-0.358572065830231,2.52672663768512e-06,278528
5116,1,0.255799993537948,0.255799993537948,0.000555925071239471,-0.356084614992142,2.5545228905449e-06,278528
5117,1,0.255849993536685,0.255849993536685,0.000556049577426165,-0.354840904474258,2.58232536871386e-06,278528
5118,1,0.255899993535422,0.255899993535422,0.000556298589799553,-0.352664411067963,2.61014029750118e-06,278528
5119,1,0.255949993534159,0.255949993534159,0.000556298589799553,-0.351420670747757,2.63795522628849e-06,278528
5120,1,0.255999993532896,0.255999993532896,0.000555800565052778,-0.34955507516861,2.66574525383909e-06,278528
5121,1,0.256049993531633,0.256049993531633,0.00055517815053463,-0.34955507516861,2.69350416066458e-06,278528
5122,1,0.25609999353037,0.25609999353037,0.000553310732357204,-0.347067624330521,2.72116969658355e-06,278528
5123,1,0.256149993529107,0.256149993529107,0.000551443372387439,-0.346134871244431,2.74874186450639e-06,278528
5124,1,0.256199993527844,0.256199993527844,0.000549327058251947,-0.345512986183167,2.77620821672512e-06,278528
5125,1,0.256249993526581,0.256249993526581,0.000547335133887827,-0.343336492776871,2.80357497272817e-06,278528
5126,1,0.256299993525317,0.256299993525317,0.000546214636415243,-0.342714637517929,2.83088570385901e-06,278528
5127,1,0.256349993524054,0.256349993524054,0.000542853376828134,-0.341470897197723,2.85802837201473e-06,278528
5128,1,0.256399993522791,0.256399993522791,0.000538869644515216,-0.340849041938782,2.88497185355984e-06,278528
5129,1,0.256449993521528,0.256449993521528,0.000535259372554719,-0.338983446359634,2.91173482151149e-06,278528
5130,1,0.256499993520265,0.256499993520265,0.000530404155142605,-0.338361591100693,2.93825502859866e-06,278528
5131,1,0.256549993519002,0.256549993519002,0.000525797891896218,-0.338361591100693,2.96454492252934e-06,278528
5132,1,0.256599993517739,0.256599993517739,0.000521191686857492,-0.3380506336689,2.99060450621389e-06,278528
5133,1,0.256649993516476,0.256649993516476,0.000515465100761503,-0.337117880582809,3.01637776060088e-06,278528
5134,1,0.256699993515213,0.256699993515213,0.000511107791680843,-0.336495995521545,3.04193314953934e-06,278528
5135,1,0.256749993513949,0.256749993513949,0.000504883180838078,-0.337117880582809,3.06717730794352e-06,278528
5136,1,0.256799993512686,0.256799993512686,0.000498658569995314,-0.335252285003662,3.09211023581343e-06,278528
5137,1,0.256849993511423,0.256849993511423,0.00049280741950497,-0.335563242435455,3.11675060616621e-06,278528
5138,1,0.25689999351016,0.25689999351016,0.000485586846480146,-0.335563242435455,3.14102994787687e-06,278528
5139,1,0.256949993508897,0.256949993508897,0.000478117290185764,-0.33463042974472,3.16493581178224e-06,278528
5140,1,0.256999993507634,0.256999993507634,0.000470274273538962,-0.334941357374191,3.18844952486519e-06,278528
5141,1,0.257049993506371,0.257049993506371,0.000461684277979657,-0.336185097694397,3.21153373818101e-06,278528
5142,1,0.257099993505108,0.257099993505108,0.000454463734058663,-0.336185097694397,3.23425692430991e-06,278528
5143,1,0.257149993503845,0.257149993503845,0.000445126817794517,-0.335874140262604,3.25651326463739e-06,278528
5144,1,0.257199993502581,0.257199993502581,0.000435540860053152,-0.336185097694397,3.27829030708992e-06,278528
5145,1,0.257249993501318,0.257249993501318,0.000426826387410983,-0.335252285003662,3.29963162592134e-06,278528
5146,1,0.257299993500055,0.257299993500055,0.000417862931499258,-0.337739735841751,3.32052477196849e-06,278528
5147,1,0.257349993498792,0.257349993498792,0.000407779036322609,-0.337428778409958,3.34091372326956e-06,278528
5148,1,0.257399993497529,0.257399993497529,0.000397197174606845,-0.337428778409958,3.3607735814982e-06,278528
5149,1,0.257449993496266,0.257449993496266,0.000387113308534026,-0.337428778409958,3.38012924643593e-06,278528
5150,1,0.257499993495003,0.257499993495003,0.000375161995179951,-0.338983446359634,3.39888734572106e-06,278528
5151,1,0.25754999349374,0.25754999349374,0.000365202577086166,-0.34022718667984,3.41714747411408e-06,278528
5152,1,0.257599993492477,0.257599993492477,0.000353624811396003,-0.340849041938782,3.43482871423721e-06,278528
5153,1,0.257649993491214,0.257649993491214,0.000342295999871567,-0.342092782258987,3.45194351379844e-06,278528
5154,1,0.25769999348995,0.25769999348995,0.000329971255268902,-0.343025535345078,3.46844207614509e-06,278528
5155,1,0.257749993488687,0.257749993488687,0.000317895464831963,-0.34395831823349,3.48433684898516e-06,278528
5156,1,0.257799993487424,0.257799993487424,0.000306940142763779,-0.344580173492432,3.49968385573565e-06,278528
5157,1,0.257849993486161,0.257849993486161,0.000292996963253245,-0.347067624330521,3.51433370352822e-06,278528
5158,1,0.257899993484898,0.257899993484898,0.000280423206277192,-0.347689509391785,3.52835486348788e-06,278528
5159,1,0.257949993483635,0.257949993483635,0.000267475988948718,-0.349244177341461,3.54172866259746e-06,278528
5160,1,0.257999993482372,0.257999993482372,0.000253781850915402,-0.350487858057022,3.55441775482268e-06,278528
5161,1,0.258049993481109,0.258049993481109,0.000240959110669792,-0.352042526006699,3.56646571005181e-06,278528
5162,1,0.258099993479846,0.258099993479846,0.000225646537728608,-0.353908121585846,3.57774803665323e-06,278528
5163,1,0.258149993478582,0.258149993478582,0.000213197286939248,-0.355151861906052,3.5884079007309e-06,278528
5164,1,0.258199993477319,0.258199993477319,0.000198756155441515,-0.355773717164993,3.59834570825192e-06,278528
5165,1,0.258249993476056,0.258249993476056,0.000184812990482897,-0.359504848718643,3.60758635754263e-06,278528
5166,1,0.258299993474793,0.258299993474793,0.000170496365171857,-0.361370444297791,3.61611117558587e-06,278528
5167,1,0.25834999347353,0.25834999347353,0.000156926675117575,-0.362925112247467,3.62395750914353e-06,278528
5168,1,0.258399993472267,0.258399993472267,0.000141489595989697,-0.365412533283234,3.6310319887643e-06,278528
5169,1,0.258449993471004,0.258449993471004,0.000127919935039245,-0.366656243801117,3.63742798535469e-06,278528
5170,1,0.258499993469741,0.258499993469741,0.000112109381007031,-0.369143694639206,3.64303345426343e-06,278528
5171,1,0.258549993468478,0.258549993468478,9.86641898634844e-05,-0.371009290218353,3.64796666363198e-06,278528
5172,1,0.258599993467215,0.258599993467215,8.29781347420067e-05,-0.374118596315384,3.65211557026427e-06,278528
5173,1,0.258649993465951,0.258649993465951,6.80390367051587e-05,-0.374740481376648,3.65551752201359e-06,278528
5174,1,0.258699993464688,0.258699993464688,5.18550114065874e-05,-0.377227872610092,3.65811027251842e-06,278528
5175,1,0.258749993463425,0.258749993463425,3.69159133697394e-05,-0.380648136138916,3.65995606814028e-06,278528
5176,1,0.258799993462162,0.258799993462162,2.2599278963753e-05,-0.382824659347534,3.66108603205992e-06,278528
5177,1,0.258849993460899,0.258849993460899,6.53974575470784e-06,-0.386244863271713,3.6614130193394e-06,278528
5178,1,0.258899993459636,0.258899993459636,-9.1463080025278e-06,-0.387488603591919,3.66095570395082e-06,278528
5179,1,0.258949993458373,0.258949993458373,-2.37119293160504e-05,-0.39059790968895,3.65977010751497e-06,278528
5180,1,0.25899999345711,0.25899999345711,-3.95224742533173e-05,-0.392774403095245,3.65779398385223e-06,278528
5181,1,0.259049993455847,0.259049993455847,-5.54575162823312e-05,-0.395261853933334,3.65502110810816e-06,278528
5182,1,0.259099993454583,0.259099993454583,-7.20150128472596e-05,-0.398993045091629,3.65142035755676e-06,278528
5183,1,0.25914999345332,0.25914999345332,-8.57091872603633e-05,-0.401480495929718,3.647134898302e-06,278528
5184,1,0.259199993452057,0.259199993452057,-0.000100648285297211,-0.403967916965485,3.64210248416427e-06,278528
5185,1,0.259249993450794,0.259249993450794,-0.000117330280772876,-0.407077223062515,3.63623597027383e-06,278528
5186,1,0.259299993449531,0.259299993449531,-0.000132767352624796,-0.409875631332397,3.62959760281029e-06,278528
5187,1,0.259349993448268,0.259349993448268,-0.000147457467392087,-0.413295835256577,3.62222472962694e-06,278528
5188,1,0.259399993447005,0.259399993447005,-0.000164139448315836,-0.416094213724136,3.61401775741847e-06,278528
5189,1,0.259449993445742,0.259449993445742,-0.000177709138370119,-0.418892562389374,3.60513230072443e-06,278528
5190,1,0.259499993444479,0.259499993444479,-0.000193021711311303,-0.422934710979462,3.59548121540267e-06,278528
5191,1,0.259549993443215,0.259549993443215,-0.00020945472351741,-0.425733059644699,3.58500847949136e-06,278528
5192,1,0.259599993441952,0.259599993441952,-0.000223646871745586,-0.428220510482788,3.57382613618657e-06,278528
5193,1,0.259649993440689,0.259649993440689,-0.00023895944468677,-0.431018888950348,3.56187816425407e-06,278528
5194,1,0.259699993439426,0.259699993439426,-0.000252902595093474,-0.435060977935791,3.54923303481884e-06,278528
5195,1,0.259749993438163,0.259749993438163,-0.000268588657490909,-0.437237471342087,3.53580360228355e-06,278528
5196,1,0.2597999934369,0.2597999934369,-0.000283278786810115,-0.440968632698059,3.52163966330085e-06,278528
5197,1,0.259849993435637,0.259849993435637,-0.000297346414299682,-0.443767011165619,3.50677234296145e-06,278528
5198,1,0.259899993434374,0.259899993434374,-0.000312410003971308,-0.447187274694443,3.49115184315749e-06,278528
5199,1,0.259949993433111,0.259949993433111,-0.000327100133290514,-0.451851218938828,3.47479683690613e-06,278528
5200,1,0.259999993431848,0.259999993431848,-0.00034179023350589,-0.454027712345123,3.45770732566255e-06,278528
5201,1,0.260049993430584,0.260049993430584,-0.000356231379555538,-0.457447946071625,3.43989575713473e-06,278528
5202,1,0.260099993429321,0.260099993429321,-0.000369552057236433,-0.461179137229919,3.42141815473969e-06,278528
5203,1,0.260149993428058,0.260149993428058,-0.000383868697099388,-0.463355630636215,3.40222472036959e-06,278528
5204,1,0.260199993426795,0.260199993426795,-0.000397687370423228,-0.467397749423981,3.38234035235075e-06,278528
5205,1,0.260249993425532,0.260249993425532,-0.000410510110668838,-0.469885170459747,3.36181484733583e-06,278528
5206,1,0.260299993424269,0.260299993424269,-0.000424204277805984,-0.47361633181572,3.34060463398134e-06,278528
5207,1,0.260349993423006,0.260349993423006,-0.00043789844494313,-0.477347522974014,3.3187097122873e-06,278528
5208,1,0.260399993421743,0.260399993421743,-0.000450098741566762,-0.481078684329987,3.29620477577748e-06,278528
5209,1,0.26044999342048,0.26044999342048,-0.00046354386722669,-0.484187960624695,3.27302758300165e-06,278528
5210,1,0.260499993419216,0.260499993419216,-0.000475370703497902,-0.486986368894577,3.2492590484272e-06,278528
5211,1,0.260549993417953,0.260549993417953,-0.000488068908452988,-0.490406602621078,3.22485560362103e-06,278528
5212,1,0.26059999341669,0.26059999341669,-0.000499148794915527,-0.494137763977051,3.19989816450574e-06,278528
5213,1,0.260649993415427,0.260649993415427,-0.000511224556248635,-0.497557997703552,3.17433693733903e-06,278528
5214,1,0.260699993414164,0.260699993414164,-0.000522677844855934,-0.501911044120789,3.14820304575644e-06,278528
5215,1,0.260749993412901,0.260749993412901,-0.000533633108716458,-0.504709422588348,3.12152139099465e-06,278528
5216,1,0.260799993411638,0.260799993411638,-0.0005454599740915,-0.508129596710205,3.09424839297905e-06,278528
5217,1,0.260849993410375,0.260849993410375,-0.000554174417629838,-0.511549830436707,3.06653967279754e-06,278528
5218,1,0.260899993409112,0.260899993409112,-0.000565129797905684,-0.515591979026794,3.03828318361607e-06,278528
5219,1,0.260949993407849,0.260949993407849,-0.00057446671416983,-0.518079400062561,3.00955984863319e-06,278528
5220,1,0.260999993406585,0.260999993406585,-0.000583056651521474,-0.520566821098328,2.98040701679358e-06,278528
5221,1,0.261049993405322,0.261049993405322,-0.000592642580159009,-0.524608910083771,2.9507748885342e-06,278528
5222,1,0.261099993404059,0.261099993404059,-0.000601357081905007,-0.527718245983124,2.92070703519853e-06,278528
5223,1,0.261149993402796,0.261149993402796,-0.000609075592365116,-0.530516624450684,2.8902532563496e-06,278528
5224,1,0.261199993401533,0.261199993401533,-0.000616918609011918,-0.534247756004333,2.85940732667824e-06,278528
5225,1,0.26124999340027,0.26124999340027,-0.000624761742074043,-0.537357091903687,2.82816924036368e-06,278528
5226,1,0.261299993399007,0.261299993399007,-0.000631359813269228,-0.539844572544098,2.79660125049769e-06,278528
5227,1,0.261349993397744,0.261349993397744,-0.00063721090555191,-0.542953848838806,2.76474070602496e-06,278528
5228,1,0.261399993396481,0.261399993396481,-0.000641692604403943,-0.546374082565308,2.73265607661529e-06,278528
5229,1,0.261449993395217,0.261449993395217,-0.000648166285827756,-0.550727069377899,2.7002477631426e-06,278528
5230,1,0.261499993393954,0.261499993393954,-0.000653643975965679,-0.552592694759369,2.66756556516994e-06,278528
5231,1,0.261549993392691,0.261549993392691,-0.000658125674817711,-0.55601292848587,2.63465928226034e-06,278528
5232,1,0.261599993391428,0.261599993391428,-0.00066074007190764,-0.55881130695343,2.60162227949954e-06,278528
5233,1,0.261649993390165,0.261649993390165,-0.000664848310407251,-0.562231540679932,2.56837986481895e-06,278528
5234,1,0.261699993388902,0.261699993388902,-0.000668085063807666,-0.56534081697464,2.53497561247243e-06,278528
5235,1,0.261749993387639,0.261749993387639,-0.000668956548906863,-0.56720644235611,2.50152778587205e-06,278528
5236,1,0.261799993386376,0.261799993386376,-0.000671197369229048,-0.57093757390976,2.46796791825839e-06,278528
5237,1,0.261849993385113,0.261849993385113,-0.000673313799779862,-0.573114097118378,2.43430222911987e-06,278528
5238,1,0.26189999338385,0.26189999338385,-0.000673064729198813,-0.575912475585938,2.40064899351008e-06,278528
5239,1,0.261949993382586,0.261949993382586,-0.00067294022301212,-0.578710854053497,2.36700198320947e-06,278528
5240,1,0.261999993381323,0.261999993381323,-0.000672317808493972,-0.581820130348206,2.33338609363398e-06,278528
5241,1,0.26204999338006,0.26204999338006,-0.000671570829581469,-0.583685755729675,2.29980755300317e-06,278528
5242,1,0.262099993378797,0.262099993378797,-0.000670201436150819,-0.585862219333649,2.26629748204216e-06,278528
5243,1,0.262149993377534,0.262149993377534,-0.000667089072521776,-0.588038802146912,2.23294302925868e-06,278528
5244,1,0.262199993376271,0.262199993376271,-0.000664723804220557,-0.590837121009827,2.19970683988727e-06,278528
5245,1,0.262249993375008,0.262249993375008,-0.000661362428218126,-0.593635499477386,2.16663871931173e-06,278528
5246,1,0.262299993373745,0.262299993373745,-0.000657378695905209,-0.59674483537674,2.13376978534681e-06,278528
5247,1,0.262349993372482,0.262349993372482,-0.000653021445032209,-0.598299443721771,2.10111871392004e-06,278528
5248,1,0.262399993371218,0.262399993371218,-0.000648539746180177,-0.601097881793976,2.0686917274302e-06,278528
5249,1,0.262449993369955,0.262449993369955,-0.000643435574602336,-0.602963387966156,2.03651994951281e-06,278528
5250,1,0.262499993368692,0.262499993368692,-0.000637335411738604,-0.604518055915833,2.00465317973091e-06,278528
5251,1,0.262549993367429,0.262549993367429,-0.000630488386377692,-0.605450868606567,1.9731287612084e-06,278528
5252,1,0.262599993366166,0.262599993366166,-0.000624761742074043,-0.608249247074127,1.94189067489383e-06,278528
5253,1,0.262649993364903,0.262649993364903,-0.000617043115198612,-0.609803915023804,1.91103851991329e-06,278528
5254,1,0.26269999336364,0.26269999336364,-0.000609698123298585,-0.612913191318512,1.88055361451848e-06,278528
5255,1,0.262749993362377,0.262749993362377,-0.000600983621552587,-0.613224148750305,1.85050443419996e-06,278528
5256,1,0.262799993361114,0.262799993361114,-0.000593514065258205,-0.61602246761322,1.82082873168672e-06,278528
5257,1,0.26284999335985,0.26284999335985,-0.000584675057325512,-0.617266237735748,1.79159497955895e-06,278528
5258,1,0.262899993358587,0.262899993358587,-0.00057546264724806,-0.618820905685425,1.76282184792342e-06,278528
5259,1,0.262949993357324,0.262949993357324,-0.000566623697523028,-0.619131803512573,1.73449066376297e-06,278528
5260,1,0.262999993356061,0.262999993356061,-0.00055691332090646,-0.621930181980133,1.70664499842109e-06,278528
5261,1,0.263049993354798,0.263049993354798,-0.000547451840247959,-0.622241139411926,1.67927240710018e-06,278528
5262,1,0.263099993353535,0.263099993353535,-0.000536621024366468,-0.625350415706635,1.65244135655967e-06,278528
5263,1,0.263149993352272,0.263149993352272,-0.000526412623003125,-0.626283228397369,1.62612072607442e-06,278528
5264,1,0.263199993351009,0.263199993351009,-0.000515830761287361,-0.626283228397369,1.6003291886616e-06,278528
5265,1,0.263249993349746,0.263249993349746,-0.000504377414472401,-0.627526938915253,1.57511031857507e-06,278528
5266,1,0.263299993348483,0.263299993348483,-0.000492675171699375,-0.627526938915253,1.5504765606124e-06,278528
5267,1,0.263349993347219,0.263349993347219,-0.000482093280879781,-0.630325317382813,1.52637189717735e-06,278528
5268,1,0.263399993345956,0.263399993345956,-0.000471262406790629,-0.630636215209961,1.50280877743307e-06,278528
5269,1,0.263449993344693,0.263449993344693,-0.000459435657830909,-0.632501840591431,1.47983699512184e-06,278528
5270,1,0.26349999334343,0.26349999334343,-0.000447235361207277,-0.631569027900696,1.45747522762638e-06,278528
5271,1,0.263549993342167,0.263549993342167,-0.000435782072599977,-0.633434653282166,1.43568612454682e-06,278528
5272,1,0.263599993340904,0.263599993340904,-0.000423830817453563,-0.632812738418579,1.41449458420949e-06,278528
5273,1,0.263649993339641,0.263649993339641,-0.000411755056120455,-0.633434653282166,1.39390683192355e-06,278528
5274,1,0.263699993338378,0.263699993338378,-0.000399305776227266,-0.632812738418579,1.37394154361656e-06,278528
5275,1,0.263749993337115,0.263749993337115,-0.000388350454159081,-0.633745551109314,1.35452402139913e-06,278528
5276,1,0.263799993335851,0.263799993335851,-0.00037515425356105,-0.634056448936462,1.33576630919494e-06,278528
5277,1,0.263849993334588,0.263849993334588,-0.000363451952580363,-0.635611116886139,1.317593712025e-06,278528
5278,1,0.263899993333325,0.263899993333325,-0.000350753689417616,-0.635611116886139,1.30005602799716e-06,278528
5279,1,0.263949993332062,0.263949993332062,-0.000338055484462529,-0.63530021905899,1.28315325420103e-06,278528
5280,1,0.263999993330799,0.263999993330799,-0.000325730739859864,-0.634989261627197,1.26686671761947e-06,278528
5281,1,0.264049993329536,0.264049993329536,-0.000312658987240866,-0.633745551109314,1.25123376865235e-06,278528
5282,1,0.264099993328273,0.264099993328273,-0.000300956715364009,-0.633745551109314,1.23618593326429e-06,278528
5283,1,0.26414999332701,0.26414999332701,-0.000288880954030901,-0.633745551109314,1.22174188592763e-06,278528
5284,1,0.264199993325747,0.264199993325747,-0.00027468882035464,-0.633745551109314,1.20800744525686e-06,278528
5285,1,0.264249993324484,0.264249993324484,-0.000261990557191893,-0.633434653282166,1.19490791772819e-06,278528
5286,1,0.26429999332322,0.26429999332322,-0.0002504127623979,-0.632501840591431,1.18238727992459e-06,278528
5287,1,0.264349993321957,0.264349993321957,-0.000237092055613175,-0.632812738418579,1.1705326774434e-06,278528
5288,1,0.264399993320694,0.264399993320694,-0.000225514260819182,-0.632190942764282,1.15925696468729e-06,278528
5289,1,0.264449993319431,0.264449993319431,-0.000212318060221151,-0.630014359951019,1.14864106194441e-06,278528
5290,1,0.264499993318168,0.264499993318168,-0.000199868809431791,-0.629392504692078,1.13864762172528e-06,278528
5291,1,0.264549993316905,0.264549993316905,-0.000186797100468539,-0.629703462123871,1.1293077669378e-06,278528
5292,1,0.264599993315642,0.264599993315642,-0.000175343782757409,-0.628459751605988,1.1205405780214e-06,278528
5293,1,0.264649993314379,0.264649993314379,-0.000162645548698492,-0.627526938915253,1.11240830079192e-06,278528
5294,1,0.264699993313116,0.264699993313116,-0.000149947314639576,-0.625350415706635,1.10491093524934e-06,278528
5295,1,0.264749993311852,0.264749993311852,-0.000136875605676323,-0.6244176030159,1.09806715513841e-06,278528
5296,1,0.264799993310589,0.264799993310589,-0.0001247998297913,-0.624106705188751,1.09182716380648e-06,278528
5297,1,0.264849993309326,0.264849993309326,-0.00011309753608657,-0.623173892498016,1.08617228714501e-06,278528
5298,1,0.264899993308063,0.264899993308063,-0.000100274810392875,-0.621308326721191,1.08115854675202e-06,278528
5299,1,0.2649499933068,0.2649499933068,-8.79500585142523e-05,-0.619753658771515,1.0767610439374e-06,278528
5300,1,0.264999993305537,0.264999993305537,-7.62477575335652e-05,-0.617577135562897,1.07294865615703e-06,278528
5301,1,0.265049993304274,0.265049993304274,-6.42964805592783e-05,-0.616644322872162,1.06973383221028e-06,278528
5302,1,0.265099993303011,0.265099993303011,-5.27186784893274e-05,-0.614467859268188,1.0670978983524e-06,278528
5303,1,0.265149993301748,0.265149993301748,-4.10163847845979e-05,-0.611980378627777,1.06504707916498e-06,278528
5304,1,0.265199993300484,0.265199993300484,-2.83181507256813e-05,-0.610736668109894,1.06363117166447e-06,278528
5305,1,0.265249993299221,0.265249993299221,-1.77362890099175e-05,-0.608871102333069,1.06274435723637e-06,278528
5306,1,0.265299993297958,0.265299993297958,-5.53602512809448e-06,-0.606383681297302,1.06246755598696e-06,278528
5307,1,0.265349993296695,0.265349993296695,5.41931422048947e-06,-0.605450868606567,1.06273852169114e-06,278528
5308,1,0.265399993295432,0.265399993295432,1.67481321113883e-05,-0.603274345397949,1.06357592827555e-06,278528
5309,1,0.265449993294169,0.265449993294169,2.77034687314881e-05,-0.600786924362183,1.06496110167714e-06,278528
5310,1,0.265499993292906,0.265499993292906,3.95302595279645e-05,-0.598610401153564,1.0669376146036e-06,278528
5311,1,0.265549993291643,0.265549993291643,5.11080615979154e-05,-0.597055733203888,1.06949301761894e-06,278528
5312,1,0.26559999329038,0.26559999329038,6.08184745942708e-05,-0.594257354736328,1.07253394127184e-06,278528
5313,1,0.265649993289117,0.265649993289117,7.26452562958002e-05,-0.59114807844162,1.07616620399487e-06,278528
5314,1,0.265699993287853,0.265699993287853,8.24801609269343e-05,-0.589593410491943,1.08029021193703e-06,278528
5315,1,0.26574999328659,0.26574999328659,9.24395644688047e-05,-0.586173176765442,1.08491219004371e-06,278528
5316,1,0.265799993285327,0.265799993285327,0.000103768383269198,-0.584307610988617,1.0901006090761e-06,278528
5317,1,0.265849993284064,0.265849993284064,0.000113229812995996,-0.582131087779999,1.09576209958288e-06,278528
5318,1,0.265899993282801,0.265899993282801,0.000123811667435803,-0.579021811485291,1.10195268279828e-06,278528
5319,1,0.265949993281538,0.265949993281538,0.000134269037516788,-0.576223373413086,1.10866613450453e-06,278528
5320,1,0.265999993280275,0.265999993280275,0.000142734512337483,-0.573735952377319,1.11580285994111e-06,278528
5321,1,0.266049993279012,0.266049993279012,0.000152569424244575,-0.570315718650818,1.12343133096063e-06,278528
5322,1,0.266099993277749,0.266099993277749,0.000162279844516888,-0.5681391954422,1.1315453229815e-06,278528
5323,1,0.266149993276485,0.266149993276485,0.000171118808793835,-0.56534081697464,1.14010126320505e-06,278528
5324,1,0.266199993275222,0.266199993275222,0.000181576193426736,-0.561920642852783,1.14918007264704e-06,278528
5325,1,0.266249993273959,0.266249993273959,0.000190166174434125,-0.559122204780579,1.15868838112854e-06,278528
5326,1,0.266299993272696,0.266299993272696,0.000198507172171958,-0.556323826313019,1.1686137394864e-06,278528
5327,1,0.266349993271433,0.266349993271433,0.000206972661544569,-0.554147362709045,1.1789623723022e-06,278528
5328,1,0.26639999327017,0.26639999327017,0.000216185115277767,-0.550727069377899,1.18977162779303e-06,278528
5329,1,0.266449993268907,0.266449993268907,0.00022402813192457,-0.546995937824249,1.20097303410629e-06,278528
5330,1,0.266499993267644,0.266499993267644,0.000232867096201517,-0.545130372047424,1.21261638862223e-06,278528
5331,1,0.266549993266381,0.266549993266381,0.000240461144130677,-0.542021036148071,1.22463944552503e-06,278528
5332,1,0.266599993265118,0.266599993265118,0.000248553144047037,-0.538289844989777,1.23706710241343e-06,278528
5333,1,0.266649993263854,0.266649993263854,0.000256520695984364,-0.53486967086792,1.24989313688864e-06,278528
5334,1,0.266699993262591,0.266699993262591,0.000264239235548303,-0.533315002918243,1.26310509833229e-06,278528
5335,1,0.266749993261328,0.266749993261328,0.000271957746008411,-0.528651058673859,1.2767029852892e-06,278528
5336,1,0.266799993260065,0.266799993260065,0.000277684390312061,-0.525230765342712,1.29058720445406e-06,278528
5337,1,0.266849993258802,0.266849993258802,0.000286149879684672,-0.521499633789063,1.30489469807685e-06,278528
5338,1,0.266899993257539,0.266899993257539,0.000293121469439939,-0.519323110580444,1.31955077117861e-06,278528
5339,1,0.266949993256276,0.266949993256276,0.000299719540635124,-0.517457544803619,1.33453674783179e-06,278528
5340,1,0.266999993255013,0.266999993255013,0.000306691130390391,-0.512171685695648,1.34987130396392e-06,278528
5341,1,0.26704999325375,0.26704999325375,0.000313413765979931,-0.508129596710205,1.36554199186704e-06,278528
5342,1,0.267099993252486,0.267099993252486,0.000319015904096887,-0.505953133106232,1.38149278666894e-06,278528
5343,1,0.267149993251223,0.267149993251223,0.000326111941831186,-0.501911044120789,1.39779838334858e-06,278528
5344,1,0.26719999324996,0.26719999324996,0.000331216171616688,-0.499112635850906,1.41435919151106e-06,278528
5345,1,0.267249993248697,0.267249993248697,0.000337067322107032,-0.495692402124405,1.43121255719066e-06,278528
5346,1,0.267299993247434,0.267299993247434,0.000343291932949796,-0.492272198200226,1.44837715340453e-06,278528
5347,1,0.267349993246171,0.267349993246171,0.000349267589626834,-0.489162862300873,1.46584053244471e-06,278528
5348,1,0.267399993244908,0.267399993244908,0.00035486975684762,-0.485431700944901,1.48358401983885e-06,278528
5349,1,0.267449993243645,0.267449993243645,0.000359724974259734,-0.482011467218399,1.50157026809747e-06,278528
5350,1,0.267499993242382,0.267499993242382,0.000365825049811974,-0.47952401638031,1.51986152012599e-06,278528
5351,1,0.267549993241119,0.267549993241119,0.000371676229406148,-0.475171029567719,1.53844533112683e-06,278528
5352,1,0.267599993239855,0.267599993239855,0.000376531417714432,-0.471439838409424,1.55727190153696e-06,278528
5353,1,0.267649993238592,0.267649993238592,0.000382258091121912,-0.467708677053452,1.57638480561022e-06,278528
5354,1,0.267699993237329,0.267699993237329,0.000387237756513059,-0.465532153844833,1.59574669294675e-06,278528
5355,1,0.267749993236066,0.267749993236066,0.000392341986298561,-0.463355630636215,1.61536379176611e-06,278528
5356,1,0.267799993234803,0.267799993234803,0.000397944124415517,-0.458069801330566,1.63526099748424e-06,278528
5357,1,0.26784999323354,0.26784999323354,0.000402799341827631,-0.455582410097122,1.65540096406684e-06,278528
5358,1,0.267899993232277,0.267899993232277,0.000408028048695996,-0.452473074197769,1.67580236598626e-06,278528
5359,1,0.267949993231014,0.267949993231014,0.000414128182455897,-0.448430985212326,1.69650877458597e-06,278528
5360,1,0.267999993229751,0.267999993229751,0.000419232324929908,-0.444388866424561,1.71747039030293e-06,278528
5361,1,0.268049993228487,0.268049993228487,0.000423216115450487,-0.440657734870911,1.73863119554088e-06,278528
5362,1,0.268099993227224,0.268099993227224,0.000428693805588409,-0.437859326601028,1.76006588527882e-06,278528
5363,1,0.268149993225961,0.268149993225961,0.000434918387327343,-0.435060977935791,1.78181180409584e-06,278528
5364,1,0.268199993224698,0.268199993224698,0.000439649127656594,-0.431329786777496,1.80379425992334e-06,278528
5365,1,0.268249993223435,0.268249993223435,0.000444504345068708,-0.428531438112259,1.82601947661532e-06,278528
5366,1,0.268299993222172,0.268299993222172,0.000449359533376992,-0.42604398727417,1.84848745271658e-06,278528
5367,1,0.268349993220909,0.268349993220909,0.000454712717328221,-0.422934710979462,1.87122308800864e-06,278528
5368,1,0.268399993219646,0.268399993219646,0.000460190407466143,-0.419514447450638,1.89423260780068e-06,278528
5369,1,0.268449993218383,0.268449993218383,0.000465543562313542,-0.416716068983078,1.91750978532833e-06,278528
5370,1,0.268499993217119,0.268499993217119,0.000470523256808519,-0.414228618144989,1.94103594757443e-06,278528
5371,1,0.268549993215856,0.268549993215856,0.000476000917842612,-0.410808384418488,1.96483599286532e-06,278528
5372,1,0.268599993214593,0.268599993214593,0.000481603085063398,-0.406766295433044,1.98891614651018e-06,278528
5373,1,0.26864999321333,0.26864999321333,0.000486333825392649,-0.405522584915161,2.01323283716552e-06,278528
5374,1,0.268699993212067,0.268699993212067,0.000491064507514238,-0.40241327881813,2.03778606192096e-06,278528
5375,1,0.268749993210804,0.268749993210804,0.00049579527694732,-0.399303942918777,2.06257582514209e-06,278528
5376,1,0.268799993209541,0.268799993209541,0.000500401481986046,-0.396816492080688,2.08759589860933e-06,278528
5377,1,0.268849993208278,0.268849993208278,0.000506003620103002,-0.39370721578598,2.11289607897534e-06,278528
5378,1,0.268899993207015,0.268899993207015,0.000509862904436886,-0.39059790968895,2.13838922355318e-06,278528
5379,1,0.268949993205752,0.268949993205752,0.000514593615662307,-0.387488603591919,2.16411890368631e-06,278528
5380,1,0.268999993204488,0.268999993204488,0.000518826360348612,-0.385623008012772,2.1900602210484e-06,278528
5381,1,0.269049993203225,0.269049993203225,0.000523183553013951,-0.383757412433624,2.21621939803827e-06,278528
5382,1,0.269099993201962,0.269099993201962,0.000527042837347835,-0.380959063768387,2.24257153923995e-06,278528
5383,1,0.269149993200699,0.269149993200699,0.000529408222064376,-0.37909346818924,2.26904194967447e-06,278528
5384,1,0.269199993199436,0.269199993199436,0.000534387945663184,-0.376295119524002,2.29576134628264e-06,278528
5385,1,0.269249993198173,0.269249993198173,0.000538371677976102,-0.374429523944855,2.32267992950142e-06,278528
5386,1,0.26929999319691,0.26929999319691,0.000539865577593446,-0.371942073106766,2.34967320769918e-06,278528
5387,1,0.269349993195647,0.269349993195647,0.000544098322279751,-0.368832796812057,2.37687812312592e-06,278528
5388,1,0.269399993194384,0.269399993194384,0.000544969807378948,-0.367589056491852,2.40412661280651e-06,278528
5389,1,0.26944999319312,0.26944999319312,0.000548455573152751,-0.364168792963028,2.43154939077139e-06,278528
5390,1,0.269499993191857,0.269499993191857,0.000551318866200745,-0.362614154815674,2.45911533338505e-06,278528
5391,1,0.269549993190594,0.269549993190594,0.000551567878574133,-0.361370444297791,2.48669372661707e-06,278528
5392,1,0.269599993189331,0.269599993189331,0.000553933263290673,-0.358572065830231,2.51439038908193e-06,278528
5393,1,0.269649993188068,0.269649993188068,0.000554680183995515,-0.356706500053406,2.54212439758108e-06,278528
5394,1,0.269699993186805,0.269699993186805,0.000555551610887051,-0.356395572423935,2.56990197742372e-06,278528
5395,1,0.269749993185542,0.269749993185542,0.000557170016691089,-0.353908121585846,2.59776047755451e-06,278528
5396,1,0.269799993184279,0.269799993184279,0.000555676117073745,-0.352353453636169,2.62554428270631e-06,278528
5397,1,0.269849993183016,0.269849993183016,0.000555551610887051,-0.351109713315964,2.65332186254895e-06,278528
5398,1,0.269899993181753,0.269899993181753,0.000555800565052778,-0.349244177341461,2.68111189009955e-06,278528
5399,1,0.269949993180489,0.269949993180489,0.000553933263290673,-0.347689509391785,2.70880855256441e-06,278528
5400,1,0.269999993179226,0.269999993179226,0.000553310732357204,-0.346134871244431,2.73647408848338e-06,278528
5401,1,0.270049993177963,0.270049993177963,0.000550945405848324,-0.345512986183167,2.76402135807989e-06,278528
5402,1,0.2700999931767,0.2700999931767,0.000549327058251947,-0.344891130924225,2.79148771029863e-06,278528
5403,1,0.270149993175437,0.270149993175437,0.000546588154975325,-0.342714637517929,2.818817117357e-06,278528
5404,1,0.270199993174174,0.270199993174174,0.00054372486192733,-0.341470897197723,2.84600335976658e-06,278528
5405,1,0.270249993172911,0.270249993172911,0.000541981891728938,-0.341781824827194,2.87310245366845e-06,278528
5406,1,0.270299993171648,0.270299993171648,0.000537873711436987,-0.339605331420898,2.89999613856091e-06,278528
5407,1,0.270349993170385,0.270349993170385,0.0005332674481906,-0.339294373989105,2.92665951029686e-06,278528
5408,1,0.270399993169121,0.270399993169121,0.000529657234437764,-0.338361591100693,2.95314237134974e-06,278528
5409,1,0.270449993167858,0.270449993167858,0.000524926465004683,-0.337428778409958,2.97938869393693e-06,278528
5410,1,0.270499993166595,0.270499993166595,0.000520942732691765,-0.336806952953339,3.00543582991352e-06,278528
5411,1,0.270549993165332,0.270549993165332,0.000515465100761503,-0.335563242435455,3.0312090843005e-06,278528
5412,1,0.270599993164069,0.270599993164069,0.000508493452798575,-0.336495995521545,3.05663375629815e-06,278528
5413,1,0.270649993162806,0.270649993162806,0.000504385214298964,-0.335874140262604,3.08185301637601e-06,278528
5414,1,0.270699993161543,0.270699993161543,0.000497289176564664,-0.334941357374191,3.10671747457611e-06,278528
5415,1,0.27074999316028,0.27074999316028,0.000490317586809397,-0.334941357374191,3.13123335329726e-06,278528
5416,1,0.270799993159017,0.270799993159017,0.00048334599705413,-0.335252285003662,3.15540065253945e-06,278528
5417,1,0.270849993157753,0.270849993157753,0.000476125424029306,-0.335874140262604,3.17920692313952e-06,278528
5418,1,0.27089999315649,0.27089999315649,0.000468904851004481,-0.335563242435455,3.20265216509746e-06,278528
5419,1,0.270949993155227,0.270949993155227,0.000460563867818564,-0.334941357374191,3.22568035790665e-06,278528
5420,1,0.270999993153964,0.270999993153964,0.000451973872259259,-0.334941357374191,3.24827905094872e-06,278528
5421,1,0.271049993152701,0.271049993152701,0.000443010445451364,-0.334941357374191,3.27042957266172e-06,278528
5422,1,0.271099993151438,0.271099993151438,0.000434295943705365,-0.336185097694397,3.29214436929843e-06,278528
5423,1,0.271149993150175,0.271149993150175,0.000424958998337388,-0.335563242435455,3.31339231867853e-06,278528
5424,1,0.271199993148912,0.271199993148912,0.000414875103160739,-0.335563242435455,3.33413607331253e-06,278528
5425,1,0.271249993147649,0.271249993147649,0.00040578717016615,-0.336806952953339,3.35442543130829e-06,278528
5426,1,0.271299993146386,0.271299993146386,0.000394707312807441,-0.337739735841751,3.3741607964501e-06,278528
5427,1,0.271349993145122,0.271349993145122,0.000384001003112644,-0.338672518730164,3.3933608461207e-06,278528
5428,1,0.271399993143859,0.271399993143859,0.000373543618479744,-0.339605331420898,3.41203802657286e-06,278528
5429,1,0.271449993142596,0.271449993142596,0.000362712744390592,-0.34022718667984,3.43017366333425e-06,278528
5430,1,0.271499993141333,0.271499993141333,0.000351134978700429,-0.340849041938782,3.44773041182575e-06,278528
5431,1,0.27154999314007,0.27154999314007,0.000340055150445551,-0.341470897197723,3.4647331689185e-06,278528
5432,1,0.271599993138807,0.271599993138807,0.000327356887282804,-0.34395831823349,3.48110101286915e-06,278528
5433,1,0.271649993137544,0.271649993137544,0.000315156648866832,-0.344891130924225,3.49685884491442e-06,278528
5434,1,0.271699993136281,0.271699993136281,0.000302831875160336,-0.345202058553696,3.51200043828993e-06,278528
5435,1,0.271749993135018,0.271749993135018,0.000290258118184283,-0.347378581762314,3.52651334383252e-06,278528
5436,1,0.271799993133754,0.271799993133754,0.000278057879768312,-0.347689509391785,3.54041623746971e-06,278528
5437,1,0.271849993132491,0.271849993132491,0.00026486165006645,-0.349244177341461,3.55365931963849e-06,278528
5438,1,0.271899993131228,0.271899993131228,0.000251416495302692,-0.350798815488815,3.56623014408606e-06,278528
5439,1,0.271949993129965,0.271949993129965,0.000238593755057082,-0.352975308895111,3.57815983153754e-06,278528
5440,1,0.271999993128702,0.271999993128702,0.000225148556637578,-0.353597164154053,3.58941725908503e-06,278528
5441,1,0.272049993127439,0.272049993127439,0.000211080914596096,-0.355773717164993,3.59997130454822e-06,278528
5442,1,0.272099993126176,0.272099993126176,0.00019688876636792,-0.357639253139496,3.60981574261793e-06,278528
5443,1,0.272149993124913,0.272149993124913,0.000182696632691659,-0.359193950891495,3.61895057402174e-06,278528
5444,1,0.27219999312365,0.27219999312365,0.000168379992828704,-0.361370444297791,3.6273695734505e-06,278528
5445,1,0.272249993122387,0.272249993122387,0.000154187844600528,-0.362614154815674,3.63507896548577e-06,278528
5446,1,0.272299993121123,0.272299993121123,0.000139871204737574,-0.365101605653763,3.64207252554597e-06,278528
5447,1,0.27234999311986,0.27234999311986,0.000125803548144177,-0.36696720123291,3.64836270279428e-06,278528
5448,1,0.272399993118597,0.272399993118597,0.00010974402539432,-0.368832796812057,3.65384990392538e-06,278528
5449,1,0.272449993117334,0.272449993117334,9.49294117162935e-05,-0.371942073106766,3.65859637439129e-06,278528
5450,1,0.272499993116071,0.272499993116071,8.08617623988539e-05,-0.373807668685913,3.66263946240909e-06,278528
5451,1,0.272549993114808,0.272549993114808,6.48022323730402e-05,-0.375673234462738,3.66587957394589e-06,278528
5452,1,0.272599993113545,0.272599993113545,4.924067252432e-05,-0.379715323448181,3.66834160750991e-06,278528
5453,1,0.272649993112282,0.272649993112282,3.49240362993442e-05,-0.38127002120018,3.67008780928077e-06,278528
5454,1,0.272699993111019,0.272699993111019,1.89889960893197e-05,-0.384068369865417,3.67103725906125e-06,278528
5455,1,0.272749993109755,0.272749993109755,4.17438923250302e-06,-0.384690225124359,3.6712459785176e-06,278528
5456,1,0.272799993108492,0.272799993108492,-1.11381878014072e-05,-0.388421416282654,3.6706890691416e-06,278528
5457,1,0.272849993107229,0.272849993107229,-2.71977187367156e-05,-0.391219764947891,3.66932918323912e-06,278528
5458,1,0.272899993105966,0.272899993105966,-4.3008265492972e-05,-0.393085360527039,3.66717877001879e-06,278528
5459,1,0.272949993104703,0.272949993104703,-5.70759184483904e-05,-0.397749304771423,3.66432497416847e-06,278528
5460,1,0.27299999310344,0.27299999310344,-7.2512986662332e-05,-0.399303942918777,3.66069932492694e-06,278528
5461,1,0.273049993102177,0.273049993102177,-8.75765763339587e-05,-0.401791393756866,3.65632049622086e-06,278528
5462,1,0.273099993100914,0.273099993100914,-0.000104134080174845,-0.404900729656219,3.65111379234365e-06,278528
5463,1,0.273149993099651,0.273149993099651,-0.000118575211672578,-0.407699078321457,3.6451850319098e-06,278528
5464,1,0.273199993098387,0.273199993098387,-0.00013475923333317,-0.410497456789017,3.63844707041335e-06,278528
5465,1,0.273249993097124,0.273249993097124,-0.000151192245539278,-0.413606762886047,3.63088745832736e-06,278528
5466,1,0.273299993095861,0.273299993095861,-0.000165633362485096,-0.416716068983078,3.62260579041232e-06,278528
5467,1,0.273349993094598,0.273349993094598,-0.000180821458343416,-0.418892562389374,3.61356471772354e-06,278528
5468,1,0.273399993093335,0.273399993093335,-0.000196258522919379,-0.422312825918198,3.60375179182547e-06,278528
5469,1,0.273449993092072,0.273449993092072,-0.000211571110412478,-0.426665842533112,3.59317323657208e-06,278528
5470,1,0.273499993090809,0.273499993090809,-0.000226136718993075,-0.429153293371201,3.58186640090806e-06,278528
5471,1,0.273549993089546,0.273549993089546,-0.000241698275203817,-0.431329786777496,3.56978148745316e-06,278528
5472,1,0.273599993088283,0.273599993088283,-0.000256263912888244,-0.435060977935791,3.55696829213244e-06,278528
5473,1,0.27364999308702,0.27364999308702,-0.00027132750255987,-0.43848118185997,3.54340191734716e-06,278528
5474,1,0.273699993085756,0.273699993085756,-0.000286391092231497,-0.441279590129852,3.52908236309733e-06,278528
5475,1,0.273749993084493,0.273749993084493,-0.000301703665172681,-0.443767011165619,3.51399718021978e-06,278528
5476,1,0.27379999308323,0.27379999308323,-0.000315024371957406,-0.448120057582855,3.49824596201982e-06,278528
5477,1,0.273849993081967,0.273849993081967,-0.000330585957271978,-0.451229363679886,3.48171666457379e-06,278528
5478,1,0.273899993080704,0.273899993080704,-0.000343533145496622,-0.454649597406387,3.46454000773287e-06,278528
5479,1,0.273949993079441,0.273949993079441,-0.000357725308276713,-0.45869168639183,3.44665374277088e-06,278528
5480,1,0.273999993078178,0.273999993078178,-0.000372913345927373,-0.460868209600449,3.42800807594554e-06,278528
5481,1,0.274049993076915,0.274049993076915,-0.000386483065085486,-0.465221226215363,3.40868392317944e-06,278528
5482,1,0.274099993075652,0.274099993075652,-0.000400301709305495,-0.468330532312393,3.38866883821979e-06,278528
5483,1,0.274149993074388,0.274149993074388,-0.00041362241609022,-0.471750766038895,3.36798771793772e-06,278528
5484,1,0.274199993073125,0.274199993073125,-0.000426445156335831,-0.476103782653809,3.34666546065958e-06,278528
5485,1,0.274249993071862,0.274249993071862,-0.000439516850747168,-0.478902161121368,3.32468961867738e-06,278528
5486,1,0.274299993070599,0.274299993070599,-0.000452464068075642,-0.480767756700516,3.30206641584511e-06,278528
5487,1,0.274349993069336,0.274349993069336,-0.000464788812678307,-0.486053556203842,3.27882697579827e-06,278528
5488,1,0.274399993068073,0.274399993068073,-0.000477736059110612,-0.488230109214783,3.25494017344617e-06,278528
5489,1,0.27444999306681,0.27444999306681,-0.000489562866277993,-0.492272198200226,3.23046203075064e-06,278528
5490,1,0.274499993065547,0.274499993065547,-0.000501514121424407,-0.495070546865463,3.20538632531288e-06,278528
5491,1,0.274549993064284,0.274549993064284,-0.000512718455865979,-0.4994235932827,3.1797504031672e-06,278528
5492,1,0.274599993063021,0.274599993063021,-0.000524420698639005,-0.502221941947937,3.15352936889765e-06,278528
5493,1,0.274649993061757,0.274649993061757,-0.000535376078914851,-0.505953133106232,3.12676056562815e-06,278528
5494,1,0.274699993060494,0.274699993060494,-0.000545086513739079,-0.508751511573792,3.09950624062969e-06,278528
5495,1,0.274749993059231,0.274749993059231,-0.000556290789972991,-0.5118607878685,3.0716917018337e-06,278528
5496,1,0.274799993057968,0.274799993057968,-0.00056637468514964,-0.514348268508911,3.04337296829161e-06,278528
5497,1,0.274849993056705,0.274849993056705,-0.000575587153434753,-0.518701255321503,3.0145936113469e-06,278528
5498,1,0.274899993055442,0.274899993055442,-0.000585546542424709,-0.522121489048004,2.98531628496527e-06,278528
5499,1,0.274949993054179,0.274949993054179,-0.000593638571444899,-0.524919867515564,2.95563435714285e-06,278528
5500,1,0.274999993052916,0.274999993052916,-0.000602602027356625,-0.529583811759949,2.92550425653617e-06,278528
5501,1,0.275049993051653,0.275049993051653,-0.000610320537816733,-0.531760334968567,2.89498823041624e-06,278528
5502,1,0.275099993050389,0.275099993050389,-0.00061592273414135,-0.53486967086792,2.86419209448715e-06,278528
5503,1,0.275149993049126,0.275149993049126,-0.000622894265688956,-0.537978947162628,2.83304738198948e-06,278528
5504,1,0.275199993047863,0.275199993047863,-0.000630363821983337,-0.541710138320923,2.80152919168653e-06,278528
5505,1,0.2752499930466,0.2752499930466,-0.000637335411738604,-0.544197559356689,2.76966242190462e-06,278528
5506,1,0.275299993045337,0.275299993045337,-0.000642564089503139,-0.546684980392456,2.73753421824109e-06,278528
5507,1,0.275349993044074,0.275349993044074,-0.000647294800728559,-0.550727069377899,2.70516947902226e-06,278528
5508,1,0.275399993042811,0.275399993042811,-0.000653145951218903,-0.553836405277252,2.67251218228631e-06,278528
5509,1,0.275449993041548,0.275449993041548,-0.000655884796287864,-0.556634783744812,2.63971794330037e-06,278528
5510,1,0.275499993040285,0.275499993040285,-0.000660615565720946,-0.559122204780579,2.60668716584875e-06,278528
5511,1,0.275549993039022,0.275549993039022,-0.000663852319121361,-0.563164293766022,2.5734945507312e-06,278528
5512,1,0.275599993037758,0.275599993037758,-0.000666093197651207,-0.56534081697464,2.54018989168999e-06,278528
5513,1,0.275649993036495,0.275649993036495,-0.000668583030346781,-0.5681391954422,2.50676074101714e-06,278528
5514,1,0.275699993035232,0.275699993035232,-0.000669579021632671,-0.570626676082611,2.47328179078125e-06,278528
5515,1,0.275749993033969,0.275749993033969,-0.000671446323394775,-0.573114097118378,2.43970947545962e-06,278528
5516,1,0.275799993032706,0.275799993032706,-0.000671944348141551,-0.576534330844879,2.40611225890128e-06,278528
5517,1,0.275849993031443,0.275849993031443,-0.000671197369229048,-0.578399896621704,2.37255239128762e-06,278528
5518,1,0.27589999303018,0.27589999303018,-0.000672068854328245,-0.581509232521057,2.33894894942011e-06,278528
5519,1,0.275949993028917,0.275949993028917,-0.000670948356855661,-0.583996653556824,2.3054015324248e-06,278528
5520,1,0.275999993027654,0.275999993027654,-0.000669454515445977,-0.587416887283325,2.2719288074981e-06,278528
5521,1,0.27604999302639,0.27604999302639,-0.000665968633256853,-0.588660657405853,2.23863037667644e-06,278528
5522,1,0.276099993025127,0.276099993025127,-0.000663229904603213,-0.590837121009827,2.20546888228401e-06,278528
5523,1,0.276149993023864,0.276149993023864,-0.000661113474052399,-0.593635499477386,2.17241320941645e-06,278528
5524,1,0.276199993022601,0.276199993022601,-0.000658001168631017,-0.596122980117798,2.13951315181602e-06,278528
5525,1,0.276249993021338,0.276249993021338,-0.000651154085062444,-0.597988545894623,2.10695544838538e-06,278528
5526,1,0.276299993020075,0.276299993020075,-0.000646796834189445,-0.600475966930389,2.07461560749288e-06,278528
5527,1,0.276349993018812,0.276349993018812,-0.000640821235720068,-0.602341532707214,2.0425745465163e-06,278528
5528,1,0.276399993017549,0.276399993017549,-0.000637086399365216,-0.604829013347626,2.01072022735275e-06,278528
5529,1,0.276449993016286,0.276449993016286,-0.000629243440926075,-0.606694579124451,1.97925805610124e-06,278528
5530,1,0.276499993015022,0.276499993015022,-0.000623392290435731,-0.610114812850952,1.94808844236687e-06,278528
5531,1,0.276549993013759,0.276549993013759,-0.000616420758888125,-0.609803915023804,1.91726740520107e-06,278528
5532,1,0.276599993012496,0.276599993012496,-0.000607581692747772,-0.613224148750305,1.88688832133112e-06,278528
5533,1,0.276649993011233,0.276649993011233,-0.000599863182287663,-0.61415696144104,1.85689516297443e-06,278528
5534,1,0.27669999300997,0.27669999300997,-0.000591895659454167,-0.615711569786072,1.82730038074934e-06,278528
5535,1,0.276749993008707,0.276749993008707,-0.000582558684982359,-0.618509948253632,1.79817244723606e-06,278528
5536,1,0.276799993007444,0.276799993007444,-0.000573844241444021,-0.618820905685425,1.76948023588869e-06,278528
5537,1,0.276849993006181,0.276849993006181,-0.000564258312806487,-0.62068647146225,1.74126732096108e-06,278528
5538,1,0.276899993004918,0.276899993004918,-0.000554796890355647,-0.622862994670868,1.71352747714406e-06,278528
5539,1,0.276949993003655,0.276949993003655,-0.000544837443158031,-0.623173892498016,1.68628560567435e-06,278528
5540,1,0.276999993002391,0.276999993002391,-0.000535127124749124,-0.624728560447693,1.65952925011282e-06,278528
5541,1,0.277049993001128,0.277049993001128,-0.000525043171364814,-0.625972270965576,1.63327709220776e-06,278528
5542,1,0.277099992999865,0.277099992999865,-0.000513465376570821,-0.627526938915253,1.60760382402778e-06,278528
5543,1,0.277149992998602,0.277149992998602,-0.000503008021041751,-0.627837836742401,1.58245342361105e-06,278528
5544,1,0.277199992997339,0.277199992997339,-0.000492426217533648,-0.628770649433136,1.55783211335635e-06,278528
5545,1,0.277249992996076,0.277249992996076,-0.000480225920910016,-0.630325317382813,1.53382081791743e-06,278528
5546,1,0.277299992994813,0.277299992994813,-0.000470142025733367,-0.630636215209961,1.5103137172246e-06,278528
5547,1,0.27734999299355,0.27734999299355,-0.000457817252026871,-0.632501840591431,1.48742285520153e-06,278528
5548,1,0.277399992992287,0.277399992992287,-0.000445243524154648,-0.632812738418579,1.46516067955618e-06,278528
5549,1,0.277449992991023,0.277449992991023,-0.000434910616604611,-0.632190942764282,1.44341514927529e-06,278528
5550,1,0.27749999298976,0.27749999298976,-0.000422212382545695,-0.632812738418579,1.42230453068131e-06,278528
5551,1,0.277549992988497,0.277549992988497,-0.000410385604482144,-0.634056448936462,1.40178525097556e-06,278528
5552,1,0.277599992987234,0.277599992987234,-0.000398185366066173,-0.633745551109314,1.3818759831752e-06,278528
5553,1,0.277649992985971,0.277649992985971,-0.00038598506944254,-0.634367406368256,1.36257673019061e-06,278528
5554,1,0.277699992984708,0.277699992984708,-0.000373037852114066,-0.634989261627197,1.3439248380561e-06,278528
5555,1,0.277749992983445,0.277749992983445,-0.00036133558023721,-0.634367406368256,1.32585805950064e-06,278528
5556,1,0.277799992982182,0.277799992982182,-0.000348637317074463,-0.63530021905899,1.30842619408728e-06,278528
5557,1,0.277849992980919,0.277849992980919,-0.000336561555741355,-0.633745551109314,1.29159811672533e-06,278528
5558,1,0.277899992979656,0.277899992979656,-0.000324734748573974,-0.634989261627197,1.27536137970681e-06,278528
5559,1,0.277949992978392,0.277949992978392,-0.000312410003971308,-0.634989261627197,1.25974087990285e-06,278528
5560,1,0.277999992977129,0.277999992977129,-0.000298715865937993,-0.634678363800049,1.24480508698326e-06,278528
5561,1,0.278049992975866,0.278049992975866,-0.000285519636236131,-0.633123636245728,1.23052910553209e-06,278528
5562,1,0.278099992974603,0.278099992974603,-0.000273692858172581,-0.632812738418579,1.21684446296917e-06,278528
5563,1,0.27814999297334,0.27814999297334,-0.000261368084466085,-0.633434653282166,1.203776059076e-06,278528
5564,1,0.278199992972077,0.278199992972077,-0.000248545344220474,-0.632812738418579,1.19134879217891e-06,278528
5565,1,0.278249992970814,0.278249992970814,-0.000236096122534946,-0.632190942764282,1.17954398635038e-06,278528
5566,1,0.278299992969551,0.278299992969551,-0.00022277541575022,-0.631879925727844,1.16840521584426e-06,278528
5567,1,0.278349992968288,0.278349992968288,-0.000210824131499976,-0.630636215209961,1.15786400953555e-06,278528
5568,1,0.278399992967024,0.278399992967024,-0.000197503453819081,-0.630014359951019,1.14798883709407e-06,278528
5569,1,0.278449992965761,0.278449992965761,-0.000185552169568837,-0.629081547260284,1.13871122885e-06,278528
5570,1,0.278499992964498,0.278499992964498,-0.000173227424966171,-0.627837836742401,1.13004985782049e-06,278528
5571,1,0.278549992963235,0.278549992963235,-0.00016052917635534,-0.626905083656311,1.12202339920549e-06,278528
5572,1,0.278599992961972,0.278599992961972,-0.000147332975757308,-0.625661373138428,1.11465675060372e-06,278528
5573,1,0.278649992960709,0.278649992960709,-0.0001357551664114,-0.624106705188751,1.10786899245463e-06,278528
5574,1,0.278699992959446,0.278699992959446,-0.000122185490909033,-0.62348484992981,1.10175971806351e-06,278528
5575,1,0.278749992958183,0.278749992958183,-0.00011073218047386,-0.622552037239075,1.09622310917968e-06,278528
5576,1,0.27879999295692,0.27879999295692,-9.87809034995735e-05,-0.620375514030457,1.09128406412947e-06,278528
5577,1,0.278849992955656,0.278849992955656,-8.63316527102143e-05,-0.618509948253632,1.08696748160301e-06,278528
5578,1,0.278899992954393,0.278899992954393,-7.55008077248931e-05,-0.617266237735748,1.08319244131213e-06,278528
5579,1,0.27894999295313,0.27894999295313,-6.29270653007552e-05,-0.616333425045013,1.08004608812658e-06,278528
5580,1,0.278999992951867,0.278999992951867,-4.99798443343025e-05,-0.614778816699982,1.07754709597299e-06,278528
5581,1,0.279049992950604,0.279049992950604,-3.927349098376e-05,-0.612602233886719,1.07558342147341e-06,278528
5582,1,0.279099992949341,0.279099992949341,-2.66997485596221e-05,-0.610425770282745,1.07424843407915e-06,278528
5583,1,0.279149992948078,0.279149992948078,-1.5370931578218e-05,-0.608871102333069,1.07347988751966e-06,278528
5584,1,0.279199992946815,0.279199992946815,-3.66863810086215e-06,-0.606383681297302,1.07329645561925e-06,278528
5585,1,0.279249992945552,0.279249992945552,7.28670102034812e-06,-0.604518055915833,1.07366079066106e-06,278528
5586,1,0.279299992944289,0.279299992944289,1.82420408236794e-05,-0.603274345397949,1.0745728926792e-06,278528
5587,1,0.279349992943025,0.279349992943025,3.01933196169557e-05,-0.599854111671448,1.07608255862191e-06,278528
5588,1,0.279399992941762,0.279399992941762,4.08996747864876e-05,-0.599232256412506,1.07812754230958e-06,278528
5589,1,0.279449992940499,0.279449992940499,5.21039983141236e-05,-0.595812022686005,1.08073274215947e-06,278528
5590,1,0.279499992939236,0.279499992939236,6.30593349342234e-05,-0.59394645690918,1.08388570882653e-06,278528
5591,1,0.279549992937973,0.279549992937973,7.36412039259449e-05,-0.591458976268768,1.08756776892981e-06,278528
5592,1,0.27959999293671,0.27959999293671,8.42230583657511e-05,-0.58834969997406,1.09177892174172e-06,278528
5593,1,0.279649992935447,0.279649992935447,9.59253520704806e-05,-0.58648407459259,1.09657518922408e-06,278528
5594,1,0.279699992934184,0.279699992934184,0.000104888815258164,-0.583374798297882,1.1018196298545e-06,278528
5595,1,0.279749992932921,0.279749992932921,0.000114225753350183,-0.580887377262115,1.10753091737773e-06,278528
5596,1,0.279799992931657,0.279799992931657,0.000125305596156977,-0.577778041362762,1.1137961970273e-06,278528
5597,1,0.279849992930394,0.279849992930394,0.000134269037516788,-0.576534330844879,1.12050964873355e-06,278528
5598,1,0.279899992929131,0.279899992929131,0.000144975405419245,-0.573114097118378,1.12775841882139e-06,278528
5599,1,0.279949992927868,0.279949992927868,0.000155557267135009,-0.570626676082611,1.13553628198165e-06,278528
5600,1,0.279999992926605,0.279999992926605,0.000164271739777178,-0.568761050701141,1.14374986876302e-06,278528
5601,1,0.280049992925342,0.280049992925342,0.00017211475642398,-0.56534081697464,1.15235560636682e-06,278528
5602,1,0.280099992924079,0.280099992924079,0.000182572126504965,-0.561298727989197,1.16148421246146e-06,278528
5603,1,0.280149992922816,0.280149992922816,0.000191535596968606,-0.558189451694489,1.17106099206796e-06,278528
5604,1,0.280199992921553,0.280199992921553,0.000200250069610775,-0.55601292848587,1.18107349529556e-06,278528
5605,1,0.28024999292029,0.28024999292029,0.00020971150661353,-0.552592694759369,1.19155907036135e-06,278528
5606,1,0.280299992919026,0.280299992919026,0.000216683067264967,-0.550727069377899,1.20239322345091e-06,278528
5607,1,0.280349992917763,0.280349992917763,0.000225024065002799,-0.546684980392456,1.21364442641682e-06,278528
5608,1,0.2803999929165,0.2803999929165,0.000233614046010189,-0.544197559356689,1.22532512842225e-06,278528
5609,1,0.280449992915237,0.280449992915237,0.000241208093939349,-0.540777325630188,1.23738553281454e-06,278528
5610,1,0.280499992913974,0.280499992913974,0.000248677650233731,-0.537978947162628,1.24981941501212e-06,278528
5611,1,0.280549992912711,0.280549992912711,0.000257392093772069,-0.533936858177185,1.26268901937561e-06,278528
5612,1,0.280599992911448,0.280599992911448,0.000264612695900723,-0.530827581882477,1.27591965383641e-06,278528
5613,1,0.280649992910185,0.280649992910185,0.000271833239821717,-0.527718245983124,1.28951131548415e-06,278528
5614,1,0.280699992908922,0.280699992908922,0.000279302825219929,-0.525230765342712,1.30347645639235e-06,278528
5615,1,0.280749992907658,0.280749992907658,0.000287021335680038,-0.520566821098328,1.31782752281382e-06,278528
5616,1,0.280799992906395,0.280799992906395,0.000293121469439939,-0.517768502235413,1.33248359591557e-06,278528
5617,1,0.280849992905132,0.280849992905132,0.000299844075925648,-0.51465916633606,1.34747579933312e-06,278528
5618,1,0.280899992903869,0.280899992903869,0.000306193192955106,-0.511238932609558,1.36278545859412e-06,278528
5619,1,0.280949992902606,0.280949992902606,0.000313164753606543,-0.507507741451263,1.37844369587889e-06,278528
5620,1,0.280999992901343,0.280999992901343,0.00032013634336181,-0.504709422588348,1.39445051264261e-06,278528
5621,1,0.28104999290008,0.28104999290008,0.000325738510582596,-0.501600086688995,1.4107374377603e-06,278528
5622,1,0.281099992898817,0.281099992898817,0.00033196312142536,-0.498179852962494,1.42733559341226e-06,278528
5623,1,0.281149992897554,0.281149992897554,0.000337689794832841,-0.495381504297256,1.44422008272736e-06,278528
5624,1,0.28119999289629,0.28119999289629,0.000344163388945162,-0.491339385509491,1.46142825173991e-06,278528
5625,1,0.281249992895027,0.281249992895027,0.000349516543792561,-0.488230109214783,1.47890407848806e-06,278528
5626,1,0.281299992893764,0.281299992893764,0.000355492200469598,-0.483566105365753,1.49667868806252e-06,278528
5627,1,0.281349992892501,0.281349992892501,0.000361094367690384,-0.480456829071045,1.51473340599093e-06,278528
5628,1,0.281399992891238,0.281399992891238,0.000366945518180728,-0.477347522974014,1.53308068143648e-06,278528
5629,1,0.281449992889975,0.281449992889975,0.000371676229406148,-0.473927289247513,1.55166449243732e-06,278528
5630,1,0.281499992888712,0.281499992888712,0.000377402873709798,-0.471439838409424,1.57053463564611e-06,278528
5631,1,0.281549992887449,0.281549992887449,0.000382507074391469,-0.467397749423981,1.58965998888254e-06,278528
5632,1,0.281599992886186,0.281599992886186,0.00038860720815137,-0.463977485895157,1.60909034879925e-06,278528
5633,1,0.281649992884923,0.281649992884923,0.000393337919376791,-0.460868209600449,1.62875724427126e-06,278528
5634,1,0.281699992883659,0.281699992883659,0.000398442120058462,-0.456515163183212,1.64867934977091e-06,278528
5635,1,0.281749992882396,0.281749992882396,0.000403546291636303,-0.453716814517975,1.66885666384301e-06,278528
5636,1,0.281799992881133,0.281799992881133,0.000408525986131281,-0.450607508420944,1.68928296263356e-06,278528
5637,1,0.28184999287987,0.28184999287987,0.000413381203543395,-0.447809129953384,1.70995202228858e-06,278528
5638,1,0.281899992878607,0.281899992878607,0.000419481337303296,-0.444077968597412,1.7309260886239e-06,278528
5639,1,0.281949992877344,0.281949992877344,0.000424585537984967,-0.441590517759323,1.75215536498685e-06,278528
5640,1,0.281999992876081,0.281999992876081,0.000429440755397081,-0.438170284032822,1.77362740221428e-06,278528
5641,1,0.282049992874818,0.282049992874818,0.000434918387327343,-0.434439092874527,1.7953733210313e-06,278528
5642,1,0.282099992873555,0.282099992873555,0.00044052058365196,-0.43164074420929,1.81739934965747e-06,278528
5643,1,0.282149992872291,0.282149992872291,0.000445749290520325,-0.427909553050995,1.83968681362046e-06,278528
5644,1,0.282199992871028,0.282199992871028,0.000450604449724779,-0.425111204385757,1.86221703553753e-06,278528
5645,1,0.282249992869765,0.282249992869765,0.00045570867951028,-0.422001898288727,1.88500246893744e-06,278528
5646,1,0.282299992868502,0.282299992868502,0.00046143532381393,-0.417959809303284,1.90807423454529e-06,278528
5647,1,0.282349992867239,0.282349992867239,0.000466041528852656,-0.416716068983078,1.93137631039927e-06,278528
5648,1,0.282399992865976,0.282399992865976,0.000471145700430498,-0.412052124738693,1.95493359482568e-06,278528
5649,1,0.282449992864713,0.282449992864713,0.000476996880024672,-0.409875631332397,1.97878343822442e-06,278528
5650,1,0.28249999286345,0.28249999286345,0.00048197660362348,-0.40583348274231,2.00288226779681e-06,278528
5651,1,0.282549992862187,0.282549992862187,0.000486582808662206,-0.404278844594955,2.02721140761531e-06,278528
5652,1,0.282599992860924,0.282599992860924,0.000491811486426741,-0.400858640670776,2.05180198131544e-06,278528
5653,1,0.28264999285966,0.28264999285966,0.000496915658004582,-0.398682087659836,2.07664776358801e-06,278528
5654,1,0.282699992858397,0.282699992858397,0.000502144335769117,-0.395572811365128,2.1017549797422e-06,278528
5655,1,0.282749992857134,0.282749992857134,0.000505879172123969,-0.392463505268097,2.12704893770942e-06,278528
5656,1,0.282799992855871,0.282799992855871,0.000510609825141728,-0.39090883731842,2.15257942832156e-06,278528
5657,1,0.282849992854608,0.282849992854608,0.000515091640409082,-0.388110458850861,2.17833400969139e-06,278528
5658,1,0.282899992853345,0.282899992853345,0.000520195753779262,-0.38500115275383,2.20434379672329e-06,278528
5659,1,0.282949992852082,0.282949992852082,0.000523308059200644,-0.381891876459122,2.23050919902233e-06,278528
5660,1,0.282999992850819,0.282999992850819,0.000525922398082912,-0.380959063768387,2.25680531826218e-06,278528
5661,1,0.283049992849556,0.283049992849556,0.000530777615495026,-0.379404425621033,2.28334419836651e-06,278528
5662,1,0.283099992848292,0.283099992848292,0.000534014427103102,-0.375673234462738,2.31004491904714e-06,278528
5663,1,0.283149992847029,0.283149992847029,0.000537251238711178,-0.373496741056442,2.3369074803041e-06,278528
5664,1,0.283199992845766,0.283199992845766,0.000541608431376517,-0.37069833278656,2.36398790118881e-06,278528
5665,1,0.283249992844503,0.283249992844503,0.000543351343367249,-0.368521839380264,2.39115546767087e-06,278528
5666,1,0.28329999284324,0.28329999284324,0.000546837167348713,-0.367589056491852,2.41849732534759e-06,278528
5667,1,0.283349992841977,0.283349992841977,0.000549327058251947,-0.366034388542175,2.44596367756633e-06,278528
5668,1,0.283399992840714,0.283399992840714,0.000551069912035018,-0.362303256988525,2.47351717247202e-06,278528
5669,1,0.283449992839451,0.283449992839451,0.000552314857486635,-0.360437661409378,2.50113291464872e-06,278528
5670,1,0.283499992838188,0.283499992838188,0.000553061778191477,-0.359193950891495,2.52878600285972e-06,278528
5671,1,0.283549992836925,0.283549992836925,0.000555053702555597,-0.357017397880554,2.5565386872864e-06,278528
5672,1,0.283599992835661,0.283599992835661,0.0005541822174564,-0.356084614992142,2.58424779745923e-06,278528
5673,1,0.283649992834398,0.283649992834398,0.000554929254576564,-0.355151861906052,2.61199425948713e-06,278528
5674,1,0.283699992833135,0.283699992833135,0.000555925071239471,-0.352042526006699,2.63979051234691e-06,278528
5675,1,0.283749992831872,0.283749992831872,0.000554804690182209,-0.351420670747757,2.66753074615524e-06,278528
5676,1,0.283799992830609,0.283799992830609,0.000554431229829788,-0.349244177341461,2.69525230694642e-06,278528
5677,1,0.283849992829346,0.283849992829346,0.000553684250917286,-0.347689509391785,2.72293651879293e-06,278528
5678,1,0.283899992828083,0.283899992828083,0.000552065845113248,-0.345202058553696,2.75053981035127e-06,278528
5679,1,0.28394999282682,0.28394999282682,0.000550447381101549,-0.344891130924225,2.77806217871107e-06,278528
5680,1,0.283999992825557,0.283999992825557,0.00054808211280033,-0.344580173492432,2.80546628365881e-06,278528
5681,1,0.284049992824293,0.284049992824293,0.000546463706996292,-0.342403680086136,2.83278946831838e-06,278528
5682,1,0.28409999282303,0.28409999282303,0.000543351343367249,-0.342403680086136,2.85995703480043e-06,278528
5683,1,0.284149992821767,0.284149992821767,0.000540737004484981,-0.341781824827194,2.88699388434167e-06,278528
5684,1,0.284199992820504,0.284199992820504,0.00053662876598537,-0.340538084506989,2.91382532196312e-06,278528
5685,1,0.284249992819241,0.284249992819241,0.000532520527485758,-0.337739735841751,2.94045134766478e-06,278528
5686,1,0.284299992817978,0.284299992817978,0.000528412288986146,-0.337428778409958,2.96687196144664e-06,278528
5687,1,0.284349992816715,0.284349992816715,0.000524677510838956,-0.337739735841751,2.99310583632587e-06,278528
5688,1,0.284399992815452,0.284399992815452,0.00051807943964377,-0.336185097694397,3.01900980765367e-06,278528
5689,1,0.284449992814189,0.284449992814189,0.000513597682584077,-0.335874140262604,3.04468969113414e-06,278528
5690,1,0.284499992812925,0.284499992812925,0.000507124059367925,-0.336495995521545,3.07004589346199e-06,278528
5691,1,0.284549992811662,0.284549992811662,0.000501895323395729,-0.335874140262604,3.09514065899783e-06,278528
5692,1,0.284599992810399,0.284599992810399,0.00049579527694732,-0.335563242435455,3.11993042221895e-06,278528
5693,1,0.284649992809136,0.284649992809136,0.000488574674818665,-0.335874140262604,3.14435915534276e-06,278528
5694,1,0.284699992807873,0.284699992807873,0.000480731629068032,-0.335252285003662,3.16839573618895e-06,278528
5695,1,0.28474999280661,0.28474999280661,0.000474133557872847,-0.334941357374191,3.19210241348371e-06,278528
5696,1,0.284799992805347,0.284799992805347,0.000466539495391771,-0.334941357374191,3.21542938766401e-06,278528
5697,1,0.284849992804084,0.284849992804084,0.000458820955827832,-0.335252285003662,3.23837043487586e-06,278528
5698,1,0.284899992802821,0.284899992802821,0.00044898604392074,-0.335252285003662,3.26081973650478e-06,278528
5699,1,0.284949992801558,0.284949992801558,0.000440022617112845,-0.334941357374191,3.28282086680463e-06,278528
5700,1,0.284999992800294,0.284999992800294,0.000431059161201119,-0.335874140262604,3.30437382432021e-06,278528
5701,1,0.285049992799031,0.285049992799031,0.000421473261667415,-0.336806952953339,3.32544748687122e-06,278528
5702,1,0.285099992797768,0.285099992797768,0.000412509747548029,-0.337117880582809,3.34607297372758e-06,278528
5703,1,0.285149992796505,0.285149992796505,0.000403048354201019,-0.337428778409958,3.36622539092853e-06,278528
5704,1,0.285199992795242,0.285199992795242,0.000392341986298561,-0.338361591100693,3.38584248974789e-06,278528
5705,1,0.285249992793979,0.285249992793979,0.000381884630769491,-0.3380506336689,3.40493672080401e-06,278528
5706,1,0.285299992792716,0.285299992792716,0.000370306806871668,-0.339605331420898,3.42345206067985e-06,278528
5707,1,0.285349992791453,0.285349992791453,0.000359102501533926,-0.340538084506989,3.44140718530296e-06,278528
5708,1,0.28539999279019,0.28539999279019,0.000347898167092353,-0.340538084506989,3.45880209321815e-06,278528
5709,1,0.285449992788926,0.285449992788926,0.000335822376655415,-0.341781824827194,3.47559321162674e-06,278528
5710,1,0.285499992787663,0.285499992787663,0.000324618042213842,-0.343647420406342,3.49182411332741e-06,278528
5711,1,0.2855499927864,0.2855499927864,0.000311297364532948,-0.344580173492432,3.50738898116085e-06,278528
5712,1,0.285599992785137,0.285599992785137,0.000300093030091375,-0.344891130924225,3.52239363228637e-06,278528
5713,1,0.285649992783874,0.285649992783874,0.000286274385871366,-0.347378581762314,3.53670735121834e-06,278528
5714,1,0.285699992782611,0.285699992782611,0.000274198624538258,-0.348000437021255,3.55041728209891e-06,278528
5715,1,0.285749992781348,0.285749992781348,0.000261375884292647,-0.349244177341461,3.5634860759834e-06,278528
5716,1,0.285799992780085,0.285799992780085,0.000248179654590786,-0.351731598377228,3.57589505839946e-06,278528
5717,1,0.285849992778822,0.285849992778822,0.000234236518735997,-0.352042526006699,3.5876068840404e-06,278528
5718,1,0.285899992777559,0.285899992777559,0.000221289286855608,-0.354219049215317,3.59867134810367e-06,278528
5719,1,0.285949992776295,0.285949992776295,0.000207097138627432,-0.355773717164993,3.60902620477345e-06,278528
5720,1,0.285999992775032,0.285999992775032,0.000192531530046836,-0.357328355312347,3.61865278103261e-06,278528
5721,1,0.286049992773769,0.286049992773769,0.000179459821083583,-0.360126703977585,3.62762577186011e-06,278528
5722,1,0.286099992772506,0.286099992772506,0.000164520723046735,-0.361370444297791,3.63585180780464e-06,278528
5723,1,0.286149992771243,0.286149992771243,0.000151324507896788,-0.363546937704086,3.64341803300834e-06,278528
5724,1,0.28619999276998,0.28619999276998,0.000136385424411856,-0.366034388542175,3.65023730405666e-06,278528
5725,1,0.286249992768717,0.286249992768717,0.000121570803457871,-0.367589056491852,3.656315844076e-06,278528
5726,1,0.286299992767454,0.286299992767454,0.000106133738881908,-0.36976557970047,3.66162253088604e-06,278528
5727,1,0.286349992766191,0.286349992766191,9.1319132479839e-05,-0.371942073106766,3.66618848739468e-06,278528
5728,1,0.286399992764927,0.286399992764927,7.575756899314e-05,-0.374118596315384,3.66997636574865e-06,278528
5729,1,0.286449992763664,0.286449992763664,6.11919531365857e-05,-0.377227872610092,3.67303596332819e-06,278528
5730,1,0.286499992762401,0.286499992762401,4.61283598269802e-05,-0.37909346818924,3.67534238126127e-06,278528
5731,1,0.286549992761138,0.286549992761138,3.056679997826e-05,-0.38127002120018,3.67687072122158e-06,278528
5732,1,0.286599992759875,0.286599992759875,1.55032066686545e-05,-0.383757412433624,3.67764588153543e-06,278528
5733,1,0.286649992758612,0.286649992758612,-5.56325801426283e-07,-0.386866748332977,3.67761806524606e-06,278528
5734,1,0.286699992757349,0.286699992757349,-1.51219473991659e-05,-0.387799561023712,3.6768619678952e-06,278528
5735,1,0.286749992756086,0.286749992756086,-2.95630761684151e-05,-0.392152547836304,3.67538381412412e-06,278528
5736,1,0.286799992754823,0.286799992754823,-4.56226080132183e-05,-0.394329100847244,3.67310268378109e-06,278528
5737,1,0.286849992753559,0.286849992753559,-6.11841678619385e-05,-0.395883738994598,3.67004347546527e-06,278528
5738,1,0.286899992752296,0.286899992752296,-7.77416717028245e-05,-0.399925827980042,3.66615639197833e-06,278528
5739,1,0.286949992751033,0.286949992751033,-9.20583042898215e-05,-0.401791393756866,3.66155347688011e-06,278528
5740,1,0.28699999274977,0.28699999274977,-0.000107246385596227,-0.405211627483368,3.65619115773577e-06,278528
5741,1,0.287049992748507,0.287049992748507,-0.000123305930173956,-0.407699078321457,3.65002586138282e-06,278528
5742,1,0.287099992747244,0.287099992747244,-0.000137996044941247,-0.4117411673069,3.64312605931006e-06,278528
5743,1,0.287149992745981,0.287149992745981,-0.000154180059325881,-0.413606762886047,3.63541705653851e-06,278528
5744,1,0.287199992744718,0.287199992744718,-0.000169243663549423,-0.41733792424202,3.62695487357481e-06,278528
5745,1,0.287249992743455,0.287249992743455,-0.000184058255399577,-0.420447260141373,3.61775196103732e-06,278528
5746,1,0.287299992742192,0.287299992742192,-0.00019999330106657,-0.42324560880661,3.6077522962366e-06,278528
5747,1,0.287349992740928,0.287349992740928,-0.000215056890738197,-0.42604398727417,3.59699945197133e-06,278528
5748,1,0.287399992739665,0.287399992739665,-0.000230369463679381,-0.429464250802994,3.58548097907834e-06,278528
5749,1,0.287449992738402,0.287449992738402,-0.000245433038799092,-0.432573527097702,3.5732093274484e-06,278528
5750,1,0.287499992737139,0.287499992737139,-0.000259874184848741,-0.435993790626526,3.56021561853421e-06,278528
5751,1,0.287549992735876,0.287549992735876,-0.000275435741059482,-0.439413994550705,3.54644383182914e-06,278528
5752,1,0.287599992734613,0.287599992734613,-0.0002898768580053,-0.442523330450058,3.53194998929502e-06,278528
5753,1,0.28764999273335,0.28764999273335,-0.000304691464407369,-0.445632606744766,3.51671541645951e-06,278528
5754,1,0.287699992732087,0.287699992732087,-0.000318385660648346,-0.449363768100739,3.50079613382925e-06,278528
5755,1,0.287749992730824,0.287749992730824,-0.000333324744133279,-0.45278400182724,3.48412989704361e-06,278528
5756,1,0.28779999272956,0.28779999272956,-0.000347641413100064,-0.455582410097122,3.46674782682771e-06,278528
5757,1,0.287849992728297,0.287849992728297,-0.000360837584594265,-0.45869168639183,3.44870594805378e-06,278528
5758,1,0.287899992727034,0.287899992727034,-0.000375901174265891,-0.462733805179596,3.42991088981528e-06,278528
5759,1,0.287949992725771,0.287949992725771,-0.000388848391594365,-0.465843081474304,3.41046847072672e-06,278528
5760,1,0.287999992724508,0.287999992724508,-0.000402916048187762,-0.469263345003128,3.39032266882626e-06,278528
5761,1,0.288049992723245,0.288049992723245,-0.000415489805163816,-0.472372621297836,3.36954817909288e-06,278528
5762,1,0.288099992721982,0.288099992721982,-0.000428935018135235,-0.475481927394867,3.34810142872791e-06,278528
5763,1,0.288149992720719,0.288149992720719,-0.0004412597627379,-0.47952401638031,3.32603844114837e-06,278528
5764,1,0.288199992719456,0.288199992719456,-0.000454829423688352,-0.482633322477341,3.30329697053845e-06,278528
5765,1,0.288249992718193,0.288249992718193,-0.000467154168291017,-0.486675411462784,3.27993926271396e-06,278528
5766,1,0.288299992716929,0.288299992716929,-0.000480599381262437,-0.489473819732666,3.25590929425789e-06,278528
5767,1,0.288349992715666,0.288349992715666,-0.000491305720061064,-0.491961240768433,3.23134400887541e-06,278528
5768,1,0.288399992714403,0.288399992714403,-0.000502883573062718,-0.495692402124405,3.20619983085747e-06,278528
5769,1,0.28844999271314,0.28844999271314,-0.000514087849296629,-0.498490780591965,3.18049543904198e-06,278528
5770,1,0.288499992711877,0.288499992711877,-0.000526786141563207,-0.503154695034027,3.15415613262921e-06,278528
5771,1,0.288549992710614,0.288549992710614,-0.000536870036739856,-0.506574988365173,3.12731263147034e-06,278528
5772,1,0.288599992709351,0.288599992709351,-0.000548198760952801,-0.509373366832733,3.09990269411513e-06,278528
5773,1,0.288649992708088,0.288649992708088,-0.000558158208150417,-0.512793600559235,3.07199478441263e-06,278528
5774,1,0.288699992706825,0.288699992706825,-0.000568117597140372,-0.516835689544678,3.0435889052732e-06,278528
5775,1,0.288749992705561,0.288749992705561,-0.000577330065425485,-0.519634068012238,3.01472240273115e-06,278528
5776,1,0.288799992704298,0.288799992704298,-0.00058691599406302,-0.523365199565887,2.98537660376934e-06,278528
5777,1,0.288849992703035,0.288849992703035,-0.000595754943788052,-0.525541722774506,2.95558885733244e-06,278528
5778,1,0.288899992701772,0.288899992701772,-0.000602726475335658,-0.5292729139328,2.92545253432696e-06,278528
5779,1,0.288949992700509,0.288949992700509,-0.00061156548326835,-0.532693147659302,2.89487426093602e-06,278528
5780,1,0.288999992699246,0.288999992699246,-0.000618412566836923,-0.536424279212952,2.86395363337529e-06,278528
5781,1,0.289049992697983,0.289049992697983,-0.000624512671492994,-0.538911759853363,2.83272800058947e-06,278528
5782,1,0.28909999269672,0.28909999269672,-0.000633227115031332,-0.542021036148071,2.80106664563774e-06,278528
5783,1,0.289149992695457,0.289149992695457,-0.000638953817542642,-0.545752227306366,2.76911895556767e-06,278528
5784,1,0.289199992694193,0.289199992694193,-0.00064393354114145,-0.547617793083191,2.73692227932395e-06,278528
5785,1,0.28924999269293,0.28924999269293,-0.000649286725092679,-0.551038026809692,2.70445794388944e-06,278528
5786,1,0.289299992691667,0.289299992691667,-0.000653768423944712,-0.553214550018311,2.67176952351798e-06,278528
5787,1,0.289349992690404,0.289349992690404,-0.000656631716992706,-0.556945741176605,2.63893793849774e-06,278528
5788,1,0.289399992689141,0.289399992689141,-0.00066148693440482,-0.561298727989197,2.60586359261303e-06,278528
5789,1,0.289449992687878,0.289449992687878,-0.000666715612169355,-0.563475251197815,2.5725278128467e-06,278528
5790,1,0.289499992686615,0.289499992686615,-0.000667089072521776,-0.565962731838226,2.53917336006321e-06,278528
5791,1,0.289549992685352,0.289549992685352,-0.000669454515445977,-0.567828297615051,2.5057006351365e-06,278528
5792,1,0.289599992684089,0.289599992684089,-0.000670948356855661,-0.571248531341553,2.4721532181412e-06,278528
5793,1,0.289649992682826,0.289649992682826,-0.000671570829581469,-0.575601577758789,2.43857467751039e-06,278528
5794,1,0.289699992681562,0.289699992681562,-0.000672193302307278,-0.576845228672028,2.40496501324408e-06,278528
5795,1,0.289749992680299,0.289749992680299,-0.000671695277560502,-0.579332709312439,2.37138025021448e-06,278528
5796,1,0.289799992679036,0.289799992679036,-0.000670948356855661,-0.582441985607147,2.33783283321917e-06,278528
5797,1,0.289849992677773,0.289849992677773,-0.000669703469611704,-0.584618508815765,2.30434766058449e-06,278528
5798,1,0.28989999267651,0.28989999267651,-0.000667338084895164,-0.588038802146912,2.27098075718266e-06,278528
5799,1,0.289949992675247,0.289949992675247,-0.000664723804220557,-0.588971555233002,2.23774456781124e-06,278528
5800,1,0.289999992673984,0.289999992673984,-0.000662607373669744,-0.592702746391296,2.2046141999647e-06,278528
5801,1,0.290049992672721,0.290049992672721,-0.000658374628983438,-0.594568312168121,2.17169546934713e-06,278528
5802,1,0.290099992671458,0.290099992671458,-0.000655511335935444,-0.597055733203888,2.13891990337833e-06,278528
5803,1,0.290149992670194,0.290149992670194,-0.000650282658170909,-0.599543154239655,2.10640577129116e-06,278528
5804,1,0.290199992668931,0.290199992668931,-0.000646547880023718,-0.601719737052917,2.07407837810664e-06,278528
5805,1,0.290249992667668,0.290249992667668,-0.00064019876299426,-0.602652490139008,2.04206844076556e-06,278528
5806,1,0.290299992666405,0.290299992666405,-0.000633600633591413,-0.605139970779419,2.0103884098863e-06,278528
5807,1,0.290349992665142,0.290349992665142,-0.000628247449640185,-0.608249247074127,1.97897603819783e-06,278528
5808,1,0.290399992663879,0.290399992663879,-0.000620404432993382,-0.610114812850952,1.9479558173318e-06,278528
5809,1,0.290449992662616,0.290449992662616,-0.000613059382885695,-0.610736668109894,1.91730284896187e-06,278528
5810,1,0.290499992661353,0.290499992661353,-0.000604842905886471,-0.61229133605957,1.88706070443153e-06,278528
5811,1,0.29054999266009,0.29054999266009,-0.000597373291384429,-0.615400671958923,1.85719204061686e-06,278528
5812,1,0.290599992658827,0.290599992658827,-0.000589281320571899,-0.617266237735748,1.82772797533259e-06,278528
5813,1,0.290649992657563,0.290649992657563,-0.000579944404307753,-0.618820905685425,1.79873075584973e-06,278528
5814,1,0.2906999926563,0.2906999926563,-0.000571354408748448,-0.619442760944366,1.77016303613399e-06,278528
5815,1,0.290749992655037,0.290749992655037,-0.000562141998670995,-0.62161922454834,1.74205593691048e-06,278528
5816,1,0.290799992653774,0.290799992653774,-0.000551435630768538,-0.623795747756958,1.71448415606858e-06,278528
5817,1,0.290849992652511,0.290849992652511,-0.000541227229405195,-0.623173892498016,1.68742279528195e-06,278528
5818,1,0.290899992651248,0.290899992651248,-0.000531765806954354,-0.625350415706635,1.66083450560591e-06,278528
5819,1,0.290949992649985,0.290949992649985,-0.000520934991072863,-0.626283228397369,1.63478775671026e-06,278528
5820,1,0.290999992648722,0.290999992648722,-0.000510353071149439,-0.626905083656311,1.60927010379742e-06,278528
5821,1,0.291049992647459,0.291049992647459,-0.000499646703246981,-0.628459751605988,1.58428776926617e-06,278528
5822,1,0.291099992646195,0.291099992646195,-0.000488068908452988,-0.629703462123871,1.55988432446001e-06,278528
5823,1,0.291149992644932,0.291149992644932,-0.000478109548566863,-0.629392504692078,1.53597884763557e-06,278528
5824,1,0.291199992643669,0.291199992643669,-0.00046453985851258,-0.629703462123871,1.5127518552967e-06,278528
5825,1,0.291249992642406,0.291249992642406,-0.000453957967692986,-0.631879925727844,1.49005395748545e-06,278528
5826,1,0.291299992641143,0.291299992641143,-0.000442131189629436,-0.632190942764282,1.46794739856244e-06,278528
5827,1,0.29134999263988,0.29134999263988,-0.000430553394835442,-0.633123636245728,1.4464197293645e-06,278528
5828,1,0.291399992638617,0.291399992638617,-0.000418228650232777,-0.634056448936462,1.42550829738113e-06,278528
5829,1,0.291449992637354,0.291449992637354,-0.000406028382712975,-0.633123636245728,1.40520687875834e-06,278528
5830,1,0.291499992636091,0.291499992636091,-0.000394326081732288,-0.634367406368256,1.3854905751698e-06,278528
5831,1,0.291549992634828,0.291549992634828,-0.000382374797482044,-0.634367406368256,1.36637183577867e-06,278528
5832,1,0.291599992633564,0.291599992633564,-0.000369178596884012,-0.634367406368256,1.34791290640079e-06,278528
5833,1,0.291649992632301,0.291649992632301,-0.000356729346094653,-0.634989261627197,1.33007643954664e-06,278528
5834,1,0.291699992631038,0.291699992631038,-0.000344529078574851,-0.635922014713287,1.31284998605307e-06,278528
5835,1,0.291749992629775,0.291749992629775,-0.000332453317241743,-0.634989261627197,1.29622732061091e-06,278528
5836,1,0.291799992628512,0.291799992628512,-0.000320004066452384,-0.634989261627197,1.28022711769249e-06,278528
5837,1,0.291849992627249,0.291849992627249,-0.000306807836750522,-0.634989261627197,1.2648867262425e-06,278528
5838,1,0.291899992625986,0.291899992625986,-0.000294732075417414,-0.635611116886139,1.2501501228439e-06,278528
5839,1,0.291949992624723,0.291949992624723,-0.000281660381006077,-0.633745551109314,1.23606710414937e-06,278528
5840,1,0.29199999262346,0.29199999262346,-0.000269584619672969,-0.632812738418579,1.22258787350623e-06,278528
5841,1,0.292049992622196,0.292049992622196,-0.000256512867053971,-0.632812738418579,1.20976223047754e-06,278528
5842,1,0.292099992620933,0.292099992620933,-0.000243441187194549,-0.632501840591431,1.1975901714253e-06,278528
5843,1,0.29214999261967,0.29214999261967,-0.000232112361118197,-0.632812738418579,1.18598455366257e-06,278528
5844,1,0.292199992618407,0.292199992618407,-0.000218418193981051,-0.631258130073547,1.17506364423941e-06,278528
5845,1,0.292249992617144,0.292249992617144,-0.000206591415917501,-0.630636215209961,1.16473407370448e-06,278528
5846,1,0.292299992615881,0.292299992615881,-0.000194889114936814,-0.630014359951019,1.1549896182038e-06,278528
5847,1,0.292349992614618,0.292349992614618,-0.000181070441612974,-0.629392504692078,1.14593609635187e-06,278528
5848,1,0.292399992613355,0.292399992613355,-0.000168496699188836,-0.627837836742401,1.13751126160525e-06,278528
5849,1,0.292449992612092,0.292449992612092,-0.000156918889842927,-0.626283228397369,1.12966531731131e-06,278528
5850,1,0.292499992610828,0.292499992610828,-0.000144096178701147,-0.626283228397369,1.12246050855826e-06,278528
5851,1,0.292549992609565,0.292549992609565,-0.000132020388264209,-0.624106705188751,1.11585948931181e-06,278528
5852,1,0.292599992608302,0.292599992608302,-0.000119197677122429,-0.622862994670868,1.10989960560625e-06,278528
5853,1,0.292649992607039,0.292649992607039,-0.000106623927422334,-0.621930181980133,1.10456840936981e-06,278528
5854,1,0.292699992605776,0.292699992605776,-9.4921633717604e-05,-0.619753658771515,1.09982232780382e-06,278528
5855,1,0.292749992604513,0.292749992604513,-8.30948556540534e-05,-0.618820905685425,1.09566758512608e-06,278528
5856,1,0.29279999260325,0.29279999260325,-7.11435641278513e-05,-0.617266237735748,1.09211040700955e-06,278528
5857,1,0.292849992601987,0.292849992601987,-5.99392442381941e-05,-0.61602246761322,1.08911344487335e-06,278528
5858,1,0.292899992600724,0.292899992600724,-4.74899970868137e-05,-0.614467859268188,1.08673894507899e-06,278528
5859,1,0.292949992599461,0.292949992599461,-3.56632081093267e-05,-0.611980378627777,1.08495578471857e-06,278528
5860,1,0.292999992598197,0.292999992598197,-2.27159907808527e-05,-0.609803915023804,1.08381998520822e-06,278528
5861,1,0.293049992596934,0.293049992596934,-1.21341281555942e-05,-0.608249247074127,1.08321327881577e-06,278528
5862,1,0.293099992595671,0.293099992595671,6.61366428289512e-08,-0.605761826038361,1.08321658564783e-06,278528
5863,1,0.293149992594408,0.293149992594408,1.07724908957607e-05,-0.604829013347626,1.08375521017901e-06,278528
5864,1,0.293199992593145,0.293199992593145,2.14788451557979e-05,-0.602030634880066,1.08482915240967e-06,278528
5865,1,0.293249992591882,0.293249992591882,3.30566508637276e-05,-0.599543154239655,1.0864819849111e-06,278528
5866,1,0.293299992590619,0.293299992590619,4.48834362032358e-05,-0.597055733203888,1.08872615666457e-06,278528
5867,1,0.293349992589356,0.293349992589356,5.52163110114634e-05,-0.594257354736328,1.0914869721454e-06,278528
5868,1,0.293399992588093,0.293399992588093,6.56736883684061e-05,-0.593635499477386,1.09477065648087e-06,278528
5869,1,0.293449992586829,0.293449992586829,7.62555355322547e-05,-0.59114807844162,1.09858343316116e-06,278528
5870,1,0.293499992585566,0.293499992585566,8.72108794283122e-05,-0.588971555233002,1.10294397702242e-06,278528
5871,1,0.293549992584303,0.293549992584303,9.79172327788547e-05,-0.5855513215065,1.10783983853768e-06,278528
5872,1,0.29359999258304,0.29359999258304,0.000107752137409989,-0.583685755729675,1.11322744527208e-06,278528
5873,1,0.293649992581777,0.293649992581777,0.000118831980216783,-0.581198275089264,1.11916904413282e-06,278528
5874,1,0.293699992580514,0.293699992580514,0.000128666884847917,-0.578088998794556,1.1256023882127e-06,278528
5875,1,0.293749992579251,0.293749992579251,0.0001378793240292,-0.575912475585938,1.13249635424e-06,278528
5876,1,0.293799992577988,0.293799992577988,0.00014734074648004,-0.571870386600494,1.13986339137789e-06,278528
5877,1,0.293849992576725,0.293849992576725,0.000157051181304269,-0.570004820823669,1.14771595024474e-06,278528
5878,1,0.293899992575462,0.293899992575462,0.000166263620485552,-0.566584587097168,1.156029131059e-06,278528
5879,1,0.293949992574198,0.293949992574198,0.000176098517840728,-0.564097106456757,1.16483405672861e-06,278528
5880,1,0.293999992572935,0.293999992572935,0.000184439515578561,-0.56160968542099,1.17405603227457e-06,278528
5881,1,0.294049992571672,0.294049992571672,0.000193527463125065,-0.558500349521637,1.18373240518638e-06,278528
5882,1,0.294099992570409,0.294099992570409,0.000202117444132455,-0.555391073226929,1.19383827713771e-06,278528
5883,1,0.294149992569146,0.294149992569146,0.00021157888113521,-0.552592694759369,1.20441722092722e-06,278528
5884,1,0.294199992567883,0.294199992567883,0.000220417845412157,-0.548550605773926,1.21543811291942e-06,278528
5885,1,0.29424999256662,0.29424999256662,0.000228385368245654,-0.546995937824249,1.22685738104322e-06,278528
5886,1,0.294299992565357,0.294299992565357,0.00023585490998812,-0.543264746665955,1.23865012624472e-06,278528
5887,1,0.294349992564094,0.294349992564094,0.000244320399360731,-0.54046642780304,1.25086614590415e-06,278528
5888,1,0.29439999256283,0.29439999256283,0.000251665478572249,-0.537357091903687,1.26344941951489e-06,278528
5889,1,0.294449992561567,0.294449992561567,0.000259881955571473,-0.533315002918243,1.2764435169652e-06,278528
5890,1,0.294499992560304,0.294499992560304,0.00026722700567916,-0.530827581882477,1.28980486691162e-06,278528
5891,1,0.294549992559041,0.294549992559041,0.000273700657999143,-0.528651058673859,1.30348989946587e-06,278528
5892,1,0.294599992557778,0.294599992557778,0.00028204164118506,-0.523676156997681,1.31759198116887e-06,278528
5893,1,0.294649992556515,0.294649992556515,0.000289262185106054,-0.521188676357269,1.33205509005881e-06,278528
5894,1,0.294699992555252,0.294699992555252,0.000295611331239343,-0.517768502235413,1.34683565624738e-06,278528
5895,1,0.294749992553989,0.294749992553989,0.000302084925351664,-0.514348268508911,1.3619399021334e-06,278528
5896,1,0.294799992552726,0.294799992552726,0.000308807502733544,-0.511238932609558,1.37738027688002e-06,278528
5897,1,0.294849992551462,0.294849992551462,0.000316277059027925,-0.506574988365173,1.39319412943193e-06,278528
5898,1,0.294899992550199,0.294899992550199,0.000322252715704963,-0.504087507724762,1.40930676481014e-06,278528
5899,1,0.294949992548936,0.294949992548936,0.000327481393469498,-0.501289188861847,1.42568083406997e-06,278528
5900,1,0.294999992547673,0.294999992547673,0.000334079493768513,-0.496625185012817,1.44238480833642e-06,278528
5901,1,0.29504999254641,0.29504999254641,0.000340677594067529,-0.493515908718109,1.45941868760948e-06,278528
5902,1,0.295099992545147,0.295099992545147,0.000347649183822796,-0.490717500448227,1.4768011463615e-06,278528
5903,1,0.295149992543884,0.295149992543884,0.000353500305209309,-0.486675411462784,1.49447616117546e-06,278528
5904,1,0.295199992542621,0.295199992542621,0.000358355522621423,-0.483877062797546,1.51239393685389e-06,278528
5905,1,0.295249992541358,0.295249992541358,0.000363584200385958,-0.479213118553162,1.53057314641394e-06,278528
5906,1,0.295299992540095,0.295299992540095,0.000369061890523881,-0.47579288482666,1.54902624047397e-06,278528
5907,1,0.295349992538831,0.295349992538831,0.000374041585018858,-0.47268357872963,1.56772831925246e-06,278528
5908,1,0.295399992537568,0.295399992537568,0.000379519275156781,-0.469263345003128,1.58670428253093e-06,278528
5909,1,0.295449992536305,0.295449992536305,0.000386117375455797,-0.467086791992188,1.60601015081601e-06,278528
5910,1,0.295499992535042,0.295499992535042,0.000390350091038272,-0.463977485895157,1.62552765487487e-06,278528
5911,1,0.295549992533779,0.295549992533779,0.000395080802263692,-0.460557252168655,1.64528169448902e-06,278528
5912,1,0.295599992532516,0.295599992532516,0.000398940086597577,-0.457758903503418,1.665228698315e-06,278528
5913,1,0.295649992531253,0.295649992531253,0.000405538186896592,-0.453405857086182,1.68550560714759e-06,278528
5914,1,0.29569999252999,0.29569999252999,0.000411762797739357,-0.449674725532532,1.70609374651446e-06,278528
5915,1,0.295749992528727,0.295749992528727,0.000415995571529493,-0.44687631726265,1.72689352456549e-06,278528
5916,1,0.295799992527463,0.295799992527463,0.000421722186729312,-0.442834228277206,1.74797963336927e-06,278528
5917,1,0.2958499925262,0.2958499925262,0.000426452927058563,-0.440657734870911,1.76930227918354e-06,278528
5918,1,0.295899992524937,0.295899992524937,0.000432179571362212,-0.43754842877388,1.79091125720577e-06,278528
5919,1,0.295949992523674,0.295949992523674,0.000436910282587633,-0.432884454727173,1.81275677078328e-06,278528
5920,1,0.295999992522411,0.295999992522411,0.000442512449808419,-0.430086076259613,1.83488239271476e-06,278528
5921,1,0.296049992521148,0.296049992521148,0.000447990139946342,-0.426976799964905,1.85728189914622e-06,278528
5922,1,0.296099992519885,0.296099992519885,0.000451849366072565,-0.424178391695023,1.87987436687912e-06,278528
5923,1,0.296149992518622,0.296149992518622,0.000457078072940931,-0.421690970659256,1.90272826994883e-06,278528
5924,1,0.296199992517359,0.296199992517359,0.000462306779809296,-0.418581664562225,1.92584360835535e-06,278528
5925,1,0.296249992516096,0.296249992516096,0.000468655867734924,-0.415161430835724,1.94927640115013e-06,278528
5926,1,0.296299992514832,0.296299992514832,0.000474382541142404,-0.412363022565842,1.97299552760806e-06,278528
5927,1,0.296349992513569,0.296349992513569,0.000478241767268628,-0.409875631332397,1.99690761536742e-06,278528
5928,1,0.296399992512306,0.296399992512306,0.000483843963593245,-0.406766295433044,2.02109981293593e-06,278528
5929,1,0.296449992511043,0.296449992511043,0.000488325720652938,-0.403967916965485,2.04551609835177e-06,278528
5930,1,0.29649999250978,0.29649999250978,0.000494799285661429,-0.400547683238983,2.07025606200986e-06,278528
5931,1,0.296549992508517,0.296549992508517,0.000498658569995314,-0.398060232400894,2.09518898987977e-06,278528
5932,1,0.296599992507254,0.296599992507254,0.000501272908877581,-0.395261853933334,2.12025263469049e-06,278528
5933,1,0.296649992505991,0.296649992505991,0.000509489444084466,-0.392463505268097,2.14572710625117e-06,278528
5934,1,0.296699992504728,0.296699992504728,0.000511730264406651,-0.389665126800537,2.17131361882513e-06,278528
5935,1,0.296749992503464,0.296749992503464,0.000516585481818765,-0.387799561023712,2.19714289226357e-06,278528
5936,1,0.296799992502201,0.296799992502201,0.000521316193044186,-0.385933965444565,2.2232087012573e-06,278528
5937,1,0.296849992500938,0.296849992500938,0.000525424489751458,-0.38220277428627,2.24947992508121e-06,278528
5938,1,0.296899992499675,0.296899992499675,0.000528163276612759,-0.380337208509445,2.27588808824472e-06,278528
5939,1,0.296949992498412,0.296949992498412,0.0005332674481906,-0.378160685300827,2.30255145998067e-06,278528
5940,1,0.296999992497149,0.296999992497149,0.000536130741238594,-0.375051379203796,2.32935799636541e-06,278528
5941,1,0.297049992495886,0.297049992495886,0.00053899415070191,-0.372563928365707,2.3563077032197e-06,278528
5942,1,0.297099992494623,0.297099992494623,0.000542106456123292,-0.37069833278656,2.38341302534113e-06,278528
5943,1,0.29714999249336,0.29714999249336,0.000544596288818866,-0.367589056491852,2.41064283909419e-06,278528
5944,1,0.297199992492096,0.297199992492096,0.000547708594240248,-0.365412533283234,2.43802826811439e-06,278528
5945,1,0.297249992490833,0.297249992490833,0.000549949472770095,-0.364479750394821,2.46552574105825e-06,278528
5946,1,0.29729999248957,0.29729999248957,0.000551318866200745,-0.363236039876938,2.49309168367191e-06,278528
5947,1,0.297349992488307,0.297349992488307,0.000553684250917286,-0.359815806150436,2.52077589551841e-06,278528
5948,1,0.297399992487044,0.297399992487044,0.000554804690182209,-0.357639253139496,2.54851612932675e-06,278528
5949,1,0.297449992485781,0.297449992485781,0.000555427104700357,-0.357328355312347,2.5762874838602e-06,278528
5950,1,0.297499992484518,0.297499992484518,0.000556298589799553,-0.3554627597332,2.60410241264751e-06,278528
5951,1,0.297549992483255,0.297549992483255,0.000556796556338668,-0.353908121585846,2.63194223976115e-06,278528
5952,1,0.297599992481992,0.297599992481992,0.000555800565052778,-0.351420670747757,2.65973226731176e-06,278528
5953,1,0.297649992480729,0.297649992480729,0.000555800565052778,-0.349866032600403,2.68752229486236e-06,278528
5954,1,0.297699992479465,0.297699992479465,0.000555676117073745,-0.34862232208252,2.71530610001417e-06,278528
5955,1,0.297749992478202,0.297749992478202,0.000553684250917286,-0.348000437021255,2.74299031186067e-06,278528
5956,1,0.297799992476939,0.297799992476939,0.000551443372387439,-0.344580173492432,2.77056247978351e-06,278528
5957,1,0.297849992475676,0.297849992475676,0.000550696451682597,-0.344891130924225,2.79809730167206e-06,278528
5958,1,0.297899992474413,0.297899992474413,0.000548953539691865,-0.343336492776871,2.82554497796326e-06,278528
5959,1,0.29794999247315,0.29794999247315,0.000545343209523708,-0.343025535345078,2.85281213775062e-06,278528
5960,1,0.297999992471887,0.297999992471887,0.000543600413948298,-0.340538084506989,2.87999215776141e-06,278528
5961,1,0.298049992470624,0.298049992470624,0.000539492117241025,-0.34022718667984,2.90696676294203e-06,278528
5962,1,0.298099992469361,0.298099992469361,0.000536255247425288,-0.340538084506989,2.93377952463594e-06,278528
5963,1,0.298149992468097,0.298149992468097,0.000531524536199868,-0.339605331420898,2.96035575077456e-06,278528
5964,1,0.298199992466834,0.298199992466834,0.000526918331161141,-0.338361591100693,2.98670166666707e-06,278528
5965,1,0.298249992465571,0.298249992465571,0.000523183553013951,-0.336495995521545,3.01286084365693e-06,278528
5966,1,0.298299992464308,0.298299992464308,0.000518328393809497,-0.336185097694397,3.0387772626927e-06,278528
5967,1,0.298349992463045,0.298349992463045,0.000512975209858268,-0.336495995521545,3.06442602253767e-06,278528
5968,1,0.298399992461782,0.298399992461782,0.000506875046994537,-0.335874140262604,3.08976977424716e-06,278528
5969,1,0.298449992460519,0.298449992460519,0.000500401481986046,-0.335563242435455,3.1147898477144e-06,278528
5970,1,0.298499992459256,0.298499992459256,0.000494425825309008,-0.334941357374191,3.13951113835534e-06,278528
5971,1,0.298549992457993,0.298549992457993,0.000486333825392649,-0.336185097694397,3.16382782901068e-06,278528
5972,1,0.29859999245673,0.29859999245673,0.00047998470836319,-0.336806952953339,3.18782706382257e-06,278528
5973,1,0.298649992455466,0.298649992455466,0.000471643696073443,-0.334941357374191,3.21140924803051e-06,278528
5974,1,0.298699992454203,0.298699992454203,0.000464672106318176,-0.33431950211525,3.23464285275948e-06,278528
5975,1,0.29874999245294,0.29874999245294,0.000455957633676007,-0.335874140262604,3.25744073386736e-06,278528
5976,1,0.298799992451677,0.298799992451677,0.000446994177764282,-0.33463042974472,3.27979044219097e-06,278528
5977,1,0.298849992450414,0.298849992450414,0.000438653223682195,-0.335874140262604,3.30172310282102e-06,278528
5978,1,0.298899992449151,0.298899992449151,0.000428569328505546,-0.335874140262604,3.32315156870497e-06,278528
5979,1,0.298949992447888,0.298949992447888,0.000418485404225066,-0.336495995521545,3.34407583838763e-06,278528
5980,1,0.298999992446625,0.298999992446625,0.000409770902479067,-0.336806952953339,3.364564382994e-06,278528
5981,1,0.299049992445362,0.299049992445362,0.000399438082240522,-0.3380506336689,3.38453628660149e-06,278528
5982,1,0.299099992444098,0.299099992444098,0.000389229680877179,-0.337739735841751,3.40399777015371e-06,278528
5983,1,0.299149992442835,0.299149992442835,0.000378896802430972,-0.338672518730164,3.42294260979667e-06,278528
5984,1,0.299199992441572,0.299199992441572,0.000366945518180728,-0.339916229248047,3.44128988524222e-06,278528
5985,1,0.299249992440309,0.299249992440309,0.000356114673195407,-0.340538084506989,3.45909561845218e-06,278528
5986,1,0.299299992439046,0.299299992439046,0.00034578176564537,-0.341159969568253,3.47638470629769e-06,278528
5987,1,0.299349992437783,0.299349992437783,0.000333581498125568,-0.343647420406342,3.49306378078262e-06,278528
5988,1,0.29939999243652,0.29939999243652,0.000321256753522903,-0.343336492776871,3.50912661805298e-06,278528
5989,1,0.299449992435257,0.299449992435257,0.000309554452542216,-0.345512986183167,3.52460434028909e-06,278528
5990,1,0.299499992433994,0.299499992433994,0.000296482787234709,-0.346445769071579,3.53942847927634e-06,278528
5991,1,0.299549992432731,0.299549992432731,0.000284655950963497,-0.346445769071579,3.55366127646496e-06,278528
5992,1,0.299599992431467,0.299599992431467,0.000272082223091274,-0.348311364650726,3.56726538727586e-06,278528
5993,1,0.299649992430204,0.299649992430204,0.000257516599958763,-0.349244177341461,3.58014121694853e-06,278528
5994,1,0.299699992428941,0.299699992428941,0.000245316332438961,-0.351731598377228,3.59240703326061e-06,278528
5995,1,0.299749992427678,0.299749992427678,0.000230875215493143,-0.353286266326904,3.60395079374365e-06,278528
5996,1,0.299799992426415,0.299799992426415,0.000217056542169303,-0.354529976844788,3.61480362057795e-06,278528
5997,1,0.299849992425152,0.299849992425152,0.00020398483320605,-0.357639253139496,3.6250028619806e-06,278528
5998,1,0.299899992423889,0.299899992423889,0.000189419210073538,-0.358572065830231,3.63447382224502e-06,278528
5999,1,0.299949992422626,0.299949992422626,0.000175974026205949,-0.360748589038849,3.64327252333304e-06,278528
6000,1,0.299999992421363,0.299999992421363,0.000161532894708216,-0.361992299556732,3.65134916786442e-06,278528
6001,1,0.300049992420099,0.300049992420099,0.000146718288306147,-0.364168792963028,3.65868508209441e-06,278528
6002,1,0.300099992418836,0.300099992418836,0.000132899614982307,-0.366034388542175,3.66533006267566e-06,278528
6003,1,0.300149992417573,0.300149992417573,0.000117338058771566,-0.369143694639206,3.67119696546602e-06,278528
6004,1,0.30019999241631,0.30019999241631,0.000102274476375896,-0.370076507329941,3.67631068915563e-06,278528
6005,1,0.300249992415047,0.300249992415047,8.69618961587548e-05,-0.372253030538559,3.68065878385373e-06,278528
6006,1,0.300299992413784,0.300299992413784,7.23962803022005e-05,-0.374118596315384,3.6842785977774e-06,278528
6007,1,0.300349992412521,0.300349992412521,5.82041320740245e-05,-0.376295119524002,3.68718880430758e-06,278528
6008,1,0.300399992411258,0.300399992411258,4.12731533288024e-05,-0.380337208509445,3.68925246192189e-06,278528
6009,1,0.300449992409995,0.300449992409995,2.70810069196159e-05,-0.381891876459122,3.69060651223366e-06,278528
6010,1,0.300499992408731,0.300499992408731,1.1519446161401e-05,-0.38500115275383,3.69118248452718e-06,278528
6011,1,0.300549992407468,0.300549992407468,-4.54008522865479e-06,-0.387488603591919,3.69095548027148e-06,278528
6012,1,0.300599992406205,0.300599992406205,-1.97281697182916e-05,-0.39090883731842,3.68996907181049e-06,278528
6013,1,0.300649992404942,0.300649992404942,-3.54142248397693e-05,-0.391841650009155,3.68819836061323e-06,278528
6014,1,0.300699992403679,0.300699992403679,-5.08512966916896e-05,-0.394950956106186,3.68565579584288e-06,278528
6015,1,0.300749992402416,0.300749992402416,-6.6412852902431e-05,-0.397749304771423,3.68233515328164e-06,278528
6016,1,0.300799992401153,0.300799992401153,-8.11029676697217e-05,-0.400236755609512,3.6782800050006e-06,278528
6017,1,0.30084999239989,0.30084999239989,-9.69135144259781e-05,-0.402724206447601,3.67343432940171e-06,278528
6018,1,0.300899992398627,0.300899992398627,-0.000112226087367162,-0.406144440174103,3.66782302517511e-06,278528
6019,1,0.300949992397364,0.300949992397364,-0.000127414168673567,-0.408942818641663,3.66145231690237e-06,278528
6020,1,0.3009999923961,0.3009999923961,-0.000143598197610117,-0.4117411673069,3.65427240720324e-06,278528
6021,1,0.301049992394837,0.301049992394837,-0.000158412804012187,-0.415161430835724,3.64635176720272e-06,278528
6022,1,0.301099992393574,0.301099992393574,-0.000173725376953371,-0.417959809303284,3.63766549857449e-06,278528
6023,1,0.301149992392311,0.301149992392311,-0.000188291014637798,-0.421380013227463,3.62825094808043e-06,278528
6024,1,0.301199992391048,0.301199992391048,-0.00020472401229199,-0.423556536436081,3.61801474772442e-06,278528
6025,1,0.301249992389785,0.301249992389785,-0.000220659043407068,-0.427287697792053,3.60698179583278e-06,278528
6026,1,0.301299992388522,0.301299992388522,-0.000234975683270022,-0.430707931518555,3.59523301196608e-06,278528
6027,1,0.301349992387259,0.301349992387259,-0.000250288256211206,-0.433195382356644,3.58271859947166e-06,278528
6028,1,0.301399992385996,0.301399992385996,-0.000264480418991297,-0.43754842877388,3.56949457885616e-06,278528
6029,1,0.301449992384732,0.301449992384732,-0.00028041543555446,-0.440968632698059,3.55547380743263e-06,278528
6030,1,0.301499992383469,0.301499992383469,-0.000294358615064994,-0.443145155906677,3.54075587705119e-06,278528
6031,1,0.301549992382206,0.301549992382206,-0.00030842624255456,-0.44687631726265,3.52533456531304e-06,278528
6032,1,0.301599992380943,0.301599992380943,-0.000322867388604209,-0.44905287027359,3.50919119629064e-06,278528
6033,1,0.30164999237968,0.30164999237968,-0.000336935016093776,-0.453094959259033,3.49234444591154e-06,278528
6034,1,0.301699992378417,0.301699992378417,-0.000352123141055927,-0.456204265356064,3.47473828930351e-06,278528
6035,1,0.301749992377154,0.301749992377154,-0.000365443818736821,-0.459935396909714,3.45646609882826e-06,278528
6036,1,0.301799992375891,0.301799992375891,-0.000379386969143525,-0.463044703006744,3.43749675085029e-06,278528
6037,1,0.301849992374628,0.301849992374628,-0.000393454625736922,-0.466775894165039,3.41782402006042e-06,278528
6038,1,0.301899992373365,0.301899992373365,-0.000406401843065396,-0.468641489744186,3.39750392842048e-06,278528
6039,1,0.301949992372101,0.301949992372101,-0.000420842960011214,-0.473927289247513,3.37646178095149e-06,278528
6040,1,0.301999992370838,0.301999992370838,-0.000433416716987267,-0.477036565542221,3.35479094564958e-06,278528
6041,1,0.302049992369575,0.302049992369575,-0.000446612917585298,-0.47952401638031,3.33246030033443e-06,278528
6042,1,0.302099992368312,0.302099992368312,-0.000460556097095832,-0.482322424650192,3.30943249606137e-06,278528
6043,1,0.302149992367049,0.302149992367049,-0.000470515486085787,-0.486675411462784,3.28590672235139e-06,278528
6044,1,0.302199992365786,0.302199992365786,-0.000484334159409627,-0.490095645189285,3.26169001499268e-06,278528
6045,1,0.302249992364523,0.302249992364523,-0.000496783410198987,-0.493515908718109,3.23685084511022e-06,278528
6046,1,0.30229999236326,0.30229999236326,-0.000507240765728056,-0.496625185012817,3.21148880746451e-06,278528
6047,1,0.302349992361997,0.302349992361997,-0.000519067514687777,-0.4994235932827,3.18553543238576e-06,278528
6048,1,0.302399992360733,0.302399992360733,-0.000529026903677732,-0.503776609897614,3.15908408787009e-06,278528
6049,1,0.30244999235947,0.30244999235947,-0.000540978275239468,-0.507196843624115,3.13203517479143e-06,278528
6050,1,0.302499992358207,0.302499992358207,-0.00055118661839515,-0.509995222091675,3.10447584456788e-06,278528
6051,1,0.302549992356944,0.302549992356944,-0.000561768480110914,-0.513726413249969,3.07638742127191e-06,278528
6052,1,0.302599992355681,0.302599992355681,-0.000571727869100869,-0.516835689544678,3.04780102853902e-06,278528
6053,1,0.302649992354418,0.302649992354418,-0.000579944404307753,-0.520255923271179,3.01880380905616e-06,278528
6054,1,0.302699992353155,0.302699992353155,-0.000589903793297708,-0.523987054824829,2.98930862013639e-06,278528
6055,1,0.302749992351892,0.302749992351892,-0.000598120270296931,-0.52647453546524,2.95940260737703e-06,278528
6056,1,0.302799992350629,0.302799992350629,-0.000605838838964701,-0.530516624450684,2.92911066619404e-06,278528
6057,1,0.302849992349365,0.302849992349365,-0.000614553282503039,-0.53300404548645,2.89838300284513e-06,278528
6058,1,0.302899992348102,0.302899992348102,-0.000621649320237339,-0.536113381385803,2.86730053761847e-06,278528
6059,1,0.302949992346839,0.302949992346839,-0.000629118934739381,-0.539533615112305,2.83584459167615e-06,278528
6060,1,0.302999992345576,0.302999992345576,-0.00063584151212126,-0.542021036148071,2.80405251687322e-06,278528
6061,1,0.303049992344313,0.303049992344313,-0.000640945741906762,-0.546374082565308,2.77200523058747e-06,278528
6062,1,0.30309999234305,0.30309999234305,-0.000647170294541866,-0.548239648342133,2.73964671667782e-06,278528
6063,1,0.303149992341787,0.303149992341787,-0.000651776499580592,-0.551348924636841,2.70705789252205e-06,278528
6064,1,0.303199992340524,0.303199992340524,-0.000656009244266897,-0.55601292848587,2.67425743113732e-06,278528
6065,1,0.303249992339261,0.303249992339261,-0.000659744080621749,-0.557878494262695,2.64127022793955e-06,278528
6066,1,0.303299992337998,0.303299992337998,-0.000663354352582246,-0.561298727989197,2.60810251114833e-06,278528
6067,1,0.303349992336734,0.303349992336734,-0.000666840118356049,-0.563164293766022,2.57476050607282e-06,278528
6068,1,0.303399992335471,0.303399992335471,-0.000668085063807666,-0.566584587097168,2.5413562537263e-06,278528
6069,1,0.303449992334208,0.303449992334208,-0.000671197369229048,-0.569072008132935,2.50779638611264e-06,278528
6070,1,0.303499992332945,0.303499992332945,-0.000672317808493972,-0.572181284427643,2.47418049653715e-06,278528
6071,1,0.303549992331682,0.303549992331682,-0.000672442314680666,-0.575601577758789,2.44055838165248e-06,278528
6072,1,0.303599992330419,0.303599992330419,-0.000673313799779862,-0.578399896621704,2.40689269251395e-06,278528
6073,1,0.303649992329156,0.303649992329156,-0.000672317808493972,-0.581820130348206,2.37327680293846e-06,278528
6074,1,0.303699992327893,0.303699992327893,-0.000672193302307278,-0.583063900470734,2.33966713867215e-06,278528
6075,1,0.30374999232663,0.30374999232663,-0.000670948356855661,-0.584618508815765,2.30611972167685e-06,278528
6076,1,0.303799992325366,0.303799992325366,-0.000668583030346781,-0.58834969997406,2.272690571004e-06,278528
6077,1,0.303849992324103,0.303849992324103,-0.000666964624542743,-0.589904308319092,2.23934234061931e-06,278528
6078,1,0.30389999232284,0.30389999232284,-0.000662980834022164,-0.592080891132355,2.20619329975562e-06,278528
6079,1,0.303949992321577,0.303949992321577,-0.000659619574435055,-0.596433877944946,2.17321232186703e-06,278528
6080,1,0.303999992320314,0.303999992320314,-0.000655013369396329,-0.597366690635681,2.14046165422457e-06,278528
6081,1,0.304049992319051,0.304049992319051,-0.000650780624710023,-0.601408779621124,2.10792262381107e-06,278528
6082,1,0.304099992317788,0.304099992317788,-0.000646174361463636,-0.602030634880066,2.07561390655408e-06,278528
6083,1,0.304149992316525,0.304149992316525,-0.00063920282991603,-0.603896200656891,2.04365376586566e-06,278528
6084,1,0.304199992315262,0.304199992315262,-0.000633849645964801,-0.606383681297302,2.01196128436804e-06,278528
6085,1,0.304249992313999,0.304249992313999,-0.000627375964540988,-0.607938289642334,1.98059248693343e-06,278528
6086,1,0.304299992312735,0.304299992312735,-0.000620279926806688,-0.60949295759201,1.94957849137657e-06,278528
6087,1,0.304349992311472,0.304349992311472,-0.000612685864325613,-0.611047625541687,1.91894419893418e-06,278528
6088,1,0.304399992310209,0.304399992310209,-0.000604842905886471,-0.613846004009247,1.88870205440384e-06,278528
6089,1,0.304449992308946,0.304449992308946,-0.000596501922700554,-0.61508971452713,1.85887695902226e-06,278528
6090,1,0.304499992307683,0.304499992307683,-0.000587538350373507,-0.616644322872162,1.8295000422457e-06,278528
6091,1,0.30454999230642,0.30454999230642,-0.000578201492317021,-0.61788809299469,1.80058996836018e-06,278528
6092,1,0.304599992305157,0.304599992305157,-0.000570358475670218,-0.620064616203308,1.7720720452971e-06,278528
6093,1,0.304649992303894,0.304649992303894,-0.000560274580493569,-0.62161922454834,1.7440583169801e-06,278528
6094,1,0.304699992302631,0.304699992302631,-0.000549941672943532,-0.622241139411926,1.71656123402756e-06,278528
6095,1,0.304749992301367,0.304749992301367,-0.000540604756679386,-0.624728560447693,1.68953099687643e-06,278528
6096,1,0.304799992300104,0.304799992300104,-0.000529524928424507,-0.625350415706635,1.66305475112405e-06,278528
6097,1,0.304849992298841,0.304849992298841,-0.000519938999786973,-0.626905083656311,1.63705780179144e-06,278528
6098,1,0.304899992297578,0.304899992297578,-0.000508859113324434,-0.628459751605988,1.61161484676797e-06,278528
6099,1,0.304949992296315,0.304949992296315,-0.000497032422572374,-0.628459751605988,1.58676322626715e-06,278528
6100,1,0.304999992295052,0.304999992295052,-0.000486948498291895,-0.629081547260284,1.56241580196762e-06,278528
6101,1,0.305049992293789,0.305049992293789,-0.000475495180580765,-0.630636215209961,1.53864104353919e-06,278528
6102,1,0.305099992292526,0.305099992292526,-0.000463792879600078,-0.631879925727844,1.515451400145e-06,278528
6103,1,0.305149992291263,0.305149992291263,-0.000452090578619391,-0.632812738418579,1.49284687178507e-06,278528
6104,1,0.30519999229,0.30519999229,-0.000440139323472977,-0.632812738418579,1.47083990616737e-06,278528
6105,1,0.305249992288736,0.305249992288736,-0.000427939026849344,-0.633123636245728,1.44944295536543e-06,278528
6106,1,0.305299992287473,0.305299992287473,-0.000416112277889624,-0.633434653282166,1.42863734199654e-06,278528
6107,1,0.30534999228621,0.30534999228621,-0.000403787504183128,-0.633745551109314,1.40844796729741e-06,278528
6108,1,0.305399992284947,0.305399992284947,-0.000392085232306272,-0.633745551109314,1.38884370617735e-06,278528
6109,1,0.305449992283684,0.305449992283684,-0.000379511475330219,-0.634678363800049,1.3698681328902e-06,278528
6110,1,0.305499992282421,0.305499992282421,-0.000366688735084608,-0.633745551109314,1.35153369659913e-06,278528
6111,1,0.305549992281158,0.305549992281158,-0.000355235446477309,-0.636233031749725,1.33377192472397e-06,278528
6112,1,0.305599992279895,0.305599992279895,-0.000341541250236332,-0.636543929576874,1.31669486264356e-06,278528
6113,1,0.305649992278632,0.305649992278632,-0.000330212438711897,-0.634056448936462,1.30018424112505e-06,278528
6114,1,0.305699992277368,0.305699992277368,-0.000317140744300559,-0.634056448936462,1.28432720431061e-06,278528
6115,1,0.305749992276105,0.305749992276105,-0.000304069020785391,-0.634989261627197,1.26912375365541e-06,278528
6116,1,0.305799992274842,0.305799992274842,-0.000292366719804704,-0.634056448936462,1.25450541803446e-06,278528
6117,1,0.305849992273579,0.305849992273579,-0.000279170519206673,-0.633123636245728,1.24054689242675e-06,278528
6118,1,0.305899992272316,0.305899992272316,-0.000266970251686871,-0.633434653282166,1.22719838017962e-06,278528
6119,1,0.305949992271053,0.305949992271053,-0.000255018996540457,-0.633745551109314,1.21444743067471e-06,278528
6120,1,0.30599999226979,0.30599999226979,-0.000241324800299481,-0.631879925727844,1.20238119096456e-06,278528
6121,1,0.306049992268527,0.306049992268527,-0.000229747020057403,-0.632190942764282,1.19089384025188e-06,278528
6122,1,0.306099992267264,0.306099992267264,-0.000216550790355541,-0.631569027900696,1.18006630100763e-06,278528
6123,1,0.306149992266,0.306149992266,-0.000203230098122731,-0.629703462123871,1.1699047963582e-06,278528
6124,1,0.306199992264737,0.306199992264737,-0.000191527811693959,-0.629392504692078,1.16032840601542e-06,278528
6125,1,0.306249992263474,0.306249992263474,-0.00017995000234805,-0.629392504692078,1.15133090612531e-06,278528
6126,1,0.306299992262211,0.306299992262211,-0.000167002785019577,-0.627837836742401,1.14298076708528e-06,278528
6127,1,0.306349992260948,0.306349992260948,-0.000154429042595439,-0.625350415706635,1.13525931515057e-06,278528
6128,1,0.306399992259685,0.306399992259685,-0.000141232841997407,-0.625661373138428,1.12819767322909e-06,278528
6129,1,0.306449992258422,0.306449992258422,-0.000129406063933857,-0.624728560447693,1.12172737019585e-06,278528
6130,1,0.306499992257159,0.306499992257159,-0.000117330280772876,-0.621930181980133,1.11586085630541e-06,278528
6131,1,0.306549992255896,0.306549992255896,-0.000104632053989917,-0.621308326721191,1.11062925373807e-06,278528
6132,1,0.306599992254633,0.306599992254633,-9.31787362787873e-05,-0.620064616203308,1.10597031704183e-06,278528
6133,1,0.306649992253369,0.306649992253369,-7.94845691416413e-05,-0.618509948253632,1.10199608868514e-06,278528
6134,1,0.306699992252106,0.306699992252106,-6.82802419760264e-05,-0.616644322872162,1.09858207667259e-06,278528
6135,1,0.306749992250843,0.306749992250843,-5.63289613637608e-05,-0.614778816699982,1.09576562867555e-06,278528
6136,1,0.30679999224958,0.30679999224958,-4.35062356700655e-05,-0.612913191318512,1.093590316947e-06,278528
6137,1,0.306849992248317,0.306849992248317,-3.25508954119869e-05,-0.611047625541687,1.09196277221751e-06,278528
6138,1,0.306899992247054,0.306899992247054,-2.15955569728976e-05,-0.60949295759201,1.09088299439614e-06,278528
6139,1,0.306949992245791,0.306949992245791,-8.89732291398104e-06,-0.607316434383392,1.09043812826168e-06,278528
6140,1,0.306999992244528,0.306999992244528,1.31106162370997e-06,-0.606383681297302,1.09050368134121e-06,278528
6141,1,0.307049992243265,0.307049992243265,1.31378492369549e-05,-0.603585243225098,1.09116057378647e-06,278528
6142,1,0.307099992242001,0.307099992242001,2.50891262112418e-05,-0.601719737052917,1.09241503006534e-06,278528
6143,1,0.307149992240738,0.307149992240738,3.57954850187525e-05,-0.598921298980713,1.09420480427106e-06,278528
6144,1,0.307199992239475,0.307199992239475,4.6875313273631e-05,-0.597366690635681,1.09654856987554e-06,278528
6145,1,0.307249992238212,0.307249992238212,5.75816666241735e-05,-0.595190167427063,1.09942765313401e-06,278528
6146,1,0.307299992236949,0.307299992236949,6.8910485424567e-05,-0.593324601650238,1.1028731773182e-06,278528
6147,1,0.307349992235686,0.307349992235686,7.93678555055521e-05,-0.589904308319092,1.10684156999323e-06,278528
6148,1,0.307399992234423,0.307399992234423,9.01987077668309e-05,-0.587727844715118,1.11135150526764e-06,278528
6149,1,0.30744999223316,0.30744999223316,0.000101029552752152,-0.585862219333649,1.11640298277764e-06,278528
6150,1,0.307499992231897,0.307499992231897,0.000109993008663878,-0.58275294303894,1.1219026330719e-06,278528
6151,1,0.307549992230634,0.307549992230634,0.000119952404929791,-0.579021811485291,1.12790025316687e-06,278528
6152,1,0.30759999222937,0.30759999222937,0.000130783257191069,-0.576845228672028,1.13443941586123e-06,278528
6153,1,0.307649992228107,0.307649992228107,0.000140618169098161,-0.574357807636261,1.14147032413853e-06,278528
6154,1,0.307699992226844,0.307699992226844,0.000149457118823193,-0.572181284427643,1.1489431798909e-06,278528
6155,1,0.307749992225581,0.307749992225581,0.000159541028551757,-0.570626676082611,1.15692023111698e-06,278528
6156,1,0.307799992224318,0.307799992224318,0.00016875346773304,-0.566584587097168,1.16535790429047e-06,278528
6157,1,0.307849992223055,0.307849992223055,0.000179086346179247,-0.563164293766022,1.17431222137323e-06,278528
6158,1,0.307899992221792,0.307899992221792,0.000187302852282301,-0.560055017471313,1.18367736375076e-06,278528
6159,1,0.307949992220529,0.307949992220529,0.000196390799828805,-0.557256639003754,1.19349690349414e-06,278528
6160,1,0.307999992219266,0.307999992219266,0.000205976713914424,-0.554147362709045,1.20379573892969e-06,278528
6161,1,0.308049992218002,0.308049992218002,0.000213819730561227,-0.551659882068634,1.21448672518768e-06,278528
6162,1,0.308099992216739,0.308099992216739,0.000223156690481119,-0.549172461032867,1.22564455942986e-06,278528
6163,1,0.308149992215476,0.308149992215476,0.000230377248954028,-0.545441269874573,1.23716342158657e-06,278528
6164,1,0.308199992214213,0.308199992214213,0.000237722313613631,-0.542953848838806,1.24904953696698e-06,278528
6165,1,0.30824999221295,0.30824999221295,0.000246187788434327,-0.539533615112305,1.26135892607774e-06,278528
6166,1,0.308299992211687,0.308299992211687,0.00025403083418496,-0.537046134471893,1.27406046746612e-06,278528
6167,1,0.308349992210424,0.308349992210424,0.000261873850831762,-0.53300404548645,1.28715415967693e-06,278528
6168,1,0.308399992209161,0.308399992209161,0.000269467913312837,-0.529583811759949,1.30062755500221e-06,278528
6169,1,0.308449992207898,0.308449992207898,0.000275817001238465,-0.526785492897034,1.31441840471575e-06,278528
6170,1,0.308499992206634,0.308499992206634,0.000283909030258656,-0.522743344306946,1.32861385587007e-06,278528
6171,1,0.308549992205371,0.308549992205371,0.000290756113827229,-0.520255923271179,1.34315166119418e-06,278528
6172,1,0.308599992204108,0.308599992204108,0.000298101163934916,-0.516213774681091,1.35805671901439e-06,278528
6173,1,0.308649992202845,0.308649992202845,0.000304325774777681,-0.513415455818176,1.37327300736888e-06,278528
6174,1,0.308699992201582,0.308699992201582,0.000310052448185161,-0.509373366832733,1.38877562938651e-06,278528
6175,1,0.308749992200319,0.308749992200319,0.000317397498292848,-0.50626403093338,1.40464550390024e-06,278528
6176,1,0.308799992199056,0.308799992199056,0.000323622109135613,-0.503154695034027,1.42082660894825e-06,278528
6177,1,0.308849992197793,0.308849992197793,0.000330220238538459,-0.500356376171112,1.43733762045807e-06,278528
6178,1,0.30889999219653,0.30889999219653,0.000335075426846743,-0.496003359556198,1.45409139137717e-06,278528
6179,1,0.308949992195267,0.308949992195267,0.000341798033332452,-0.492894053459167,1.47118129261207e-06,278528
6180,1,0.308999992194003,0.308999992194003,0.000348894100170583,-0.489784747362137,1.48862599717991e-06,278528
6181,1,0.30904999219274,0.30904999219274,0.000352753384504467,-0.485431700944901,1.50626366595957e-06,278528
6182,1,0.309099992191477,0.309099992191477,0.000359351455699652,-0.482633322477341,1.52423123829065e-06,278528
6183,1,0.309149992190214,0.309149992190214,0.000364829145837575,-0.480145871639252,1.54247269512171e-06,278528
6184,1,0.309199992188951,0.309199992188951,0.000370929250493646,-0.47579288482666,1.56101915717787e-06,278528
6185,1,0.309249992187688,0.309249992187688,0.000375659961719066,-0.473305433988571,1.57980215478933e-06,278528
6186,1,0.309299992186425,0.309299992186425,0.000380888639483601,-0.468952387571335,1.5988465862824e-06,278528
6187,1,0.309349992185162,0.309349992185162,0.000386117375455797,-0.464910298585892,1.61815245456749e-06,278528
6188,1,0.309399992183899,0.309399992183899,0.000390225613955408,-0.462733805179596,1.63766373477236e-06,278528
6189,1,0.309449992182635,0.309449992182635,0.000395454291719943,-0.459002614021301,1.65743644885886e-06,278528
6190,1,0.309499992181372,0.309499992181372,0.000401554454583675,-0.455582410097122,1.67751417108083e-06,278528
6191,1,0.309549992180109,0.309549992180109,0.000407032086513937,-0.452473074197769,1.69786577489241e-06,278528
6192,1,0.309599992178846,0.309599992178846,0.000411762797739357,-0.448741912841797,1.71845391425927e-06,278528
6193,1,0.309649992177583,0.309649992177583,0.0004176139482297,-0.446254462003708,1.73933461114327e-06,278528
6194,1,0.30969999217632,0.30969999217632,0.000422718148911372,-0.443456083536148,1.7604705180549e-06,278528
6195,1,0.309749992175057,0.309749992175057,0.000428071332862601,-0.439413994550705,1.78187408415733e-06,278528
6196,1,0.309799992173794,0.309799992173794,0.000432677537901327,-0.435993790626526,1.80350796050588e-06,278528
6197,1,0.309849992172531,0.309849992172531,0.000437781738582999,-0.432262599468231,1.82539704688206e-06,278528
6198,1,0.309899992171268,0.309899992171268,0.000443134922534227,-0.430397003889084,1.84755379244905e-06,278528
6199,1,0.309949992170004,0.309949992170004,0.000448114617029205,-0.426665842533112,1.86995952273449e-06,278528
6200,1,0.309999992168741,0.309999992168741,0.000453716784249991,-0.423867464065552,1.8926453613739e-06,278528
6201,1,0.310049992167478,0.310049992167478,0.000458322989288718,-0.420447260141373,1.91556151025942e-06,278528
6202,1,0.310099992166215,0.310099992166215,0.000464423123048618,-0.41764885187149,1.93878266582524e-06,278528
6203,1,0.310149992164952,0.310149992164952,0.000469029328087345,-0.414228618144989,1.96223413163717e-06,278528
6204,1,0.310199992163689,0.310199992163689,0.000474507018225268,-0.412052124738693,1.98595948194908e-06,278528
6205,1,0.310249992162426,0.310249992162426,0.000480233691632748,-0.408942818641663,2.00997116592413e-06,278528
6206,1,0.310299992161163,0.310299992161163,0.000484839925775304,-0.40583348274231,2.03421316160049e-06,278528
6207,1,0.3103499921599,0.3103499921599,0.000490566540975124,-0.402724206447601,2.05874148802961e-06,278528
6208,1,0.310399992158636,0.310399992158636,0.000495297252200544,-0.400236755609512,2.08350635001403e-06,278528
6209,1,0.310449992157373,0.310449992157373,0.000499654561281204,-0.397127449512482,2.10848907744697e-06,278528
6210,1,0.31049999215611,0.31049999215611,0.000504011753946543,-0.394950956106186,2.13368966450768e-06,278528
6211,1,0.310549992154847,0.310549992154847,0.000508866971358657,-0.391219764947891,2.15913301243286e-06,278528
6212,1,0.310599992153584,0.310599992153584,0.000514469109475613,-0.388110458850861,2.18485646725681e-06,278528
6213,1,0.310649992152321,0.310649992152321,0.000518826360348612,-0.385933965444565,2.21079778461891e-06,278528
6214,1,0.310699992151058,0.310699992151058,0.000522187678143382,-0.384690225124359,2.2369071678665e-06,278528
6215,1,0.310749992149795,0.310749992149795,0.000526295858435333,-0.38220277428627,2.2632219601235e-06,278528
6216,1,0.310799992148532,0.310799992148532,0.000530653109308332,-0.379715323448181,2.28975461491864e-06,278528
6217,1,0.310849992147268,0.310849992147268,0.000533765472937375,-0.376295119524002,2.31644288789131e-06,278528
6218,1,0.310899992146005,0.310899992146005,0.000536877778358757,-0.374429523944855,2.34328677613111e-06,278528
6219,1,0.310949992144742,0.310949992144742,0.000540612498298287,-0.372253030538559,2.37031740036318e-06,278528
6220,1,0.310999992143479,0.310999992143479,0.000543973874300718,-0.369454652070999,2.39751609339111e-06,278528
6221,1,0.311049992142216,0.311049992142216,0.000546339200809598,-0.36696720123291,2.42483305274151e-06,278528
6222,1,0.311099992140953,0.311099992140953,0.000549327058251947,-0.366034388542175,2.45229940496025e-06,278528
6223,1,0.31114999213969,0.31114999213969,0.000551069912035018,-0.364168792963028,2.47985289986594e-06,278528
6224,1,0.311199992138427,0.311199992138427,0.000551941338926554,-0.362303256988525,2.50744996611511e-06,278528
6225,1,0.311249992137164,0.311249992137164,0.000553933263290673,-0.359193950891495,2.53514662857996e-06,278528
6226,1,0.311299992135901,0.311299992135901,0.000554680183995515,-0.357950210571289,2.56288063707912e-06,278528
6227,1,0.311349992134637,0.311349992134637,0.000555800565052778,-0.356084614992142,2.59067066462972e-06,278528
6228,1,0.311399992133374,0.311399992133374,0.000556174083612859,-0.354840904474258,2.61847936810786e-06,278528
6229,1,0.311449992132111,0.311449992132111,0.000557045510504395,-0.353597164154053,2.64633164292947e-06,278528
6230,1,0.311499992130848,0.311499992130848,0.000557045510504395,-0.351109713315964,2.67418391775109e-06,278528
6231,1,0.311549992129585,0.311549992129585,0.000555800565052778,-0.349866032600403,2.70197394530169e-06,278528
6232,1,0.311599992128322,0.311599992128322,0.000555427104700357,-0.347378581762314,2.72974529983514e-06,278528
6233,1,0.311649992127059,0.311649992127059,0.000554680183995515,-0.347067624330521,2.7574793083343e-06,278528
6234,1,0.311699992125796,0.311699992125796,0.000551443372387439,-0.345823913812637,2.78505147625714e-06,278528
6235,1,0.311749992124533,0.311749992124533,0.000551194360014051,-0.345202058553696,2.81261119356163e-06,278528
6236,1,0.311799992123269,0.311799992123269,0.000548206618987024,-0.343336492776871,2.84002152381853e-06,278528
6237,1,0.311849992122006,0.311849992122006,0.000546339200809598,-0.342403680086136,2.86733848316893e-06,278528
6238,1,0.311899992120743,0.311899992120743,0.000543351343367249,-0.340849041938782,2.89450604965098e-06,278528
6239,1,0.31194999211948,0.31194999211948,0.000538869644515216,-0.340538084506989,2.92144953119609e-06,278528
6240,1,0.311999992118217,0.311999992118217,0.00053563283290714,-0.34022718667984,2.94823117216489e-06,278528
6241,1,0.312049992116954,0.312049992116954,0.000531649042386562,-0.339605331420898,2.97481362361269e-06,278528
6242,1,0.312099992115691,0.312099992115691,0.000527789758052677,-0.3380506336689,3.00120311084867e-06,278528
6243,1,0.312149992114428,0.312149992114428,0.000522187678143382,-0.336806952953339,3.02731249409626e-06,278528
6244,1,0.312199992113165,0.312199992113165,0.000517207954544574,-0.337117880582809,3.0531728911702e-06,278528
6245,1,0.312249992111902,0.312249992111902,0.000511730264406651,-0.335563242435455,3.07875940374416e-06,278528
6246,1,0.312299992110638,0.312299992110638,0.000506252574268728,-0.335563242435455,3.10407203181815e-06,278528
6247,1,0.312349992109375,0.312349992109375,0.000500027963425964,-0.336185097694397,3.12907342935785e-06,278528
6248,1,0.312399992108112,0.312399992108112,0.000493305386044085,-0.334941357374191,3.15373869803696e-06,278528
6249,1,0.312449992106849,0.312449992106849,0.000486458302475512,-0.335874140262604,3.17806161254629e-06,278528
6250,1,0.312499992105586,0.312499992105586,0.000478739762911573,-0.335874140262604,3.20199860008717e-06,278528
6251,1,0.312549992104323,0.312549992104323,0.000471270235721022,-0.334941357374191,3.22556211127796e-06,278528
6252,1,0.31259999210306,0.31259999210306,0.000462929252535105,-0.335874140262604,3.24870857331998e-06,278528
6253,1,0.312649992101797,0.312649992101797,0.000455210683867335,-0.335563242435455,3.27146910693837e-06,278528
6254,1,0.312699992100534,0.312699992100534,0.000446371734142303,-0.335874140262604,3.29378769308167e-06,278528
6255,1,0.31274999209927,0.31274999209927,0.000438030721852556,-0.336185097694397,3.31568922862102e-06,278528
6256,1,0.312799992098007,0.312799992098007,0.000428071332862601,-0.336495995521545,3.33709279472345e-06,278528
6257,1,0.312849992096744,0.312849992096744,0.000417738425312564,-0.337428778409958,3.35797971546143e-06,278528
6258,1,0.312899992095481,0.312899992095481,0.000408525986131281,-0.337739735841751,3.37840601425198e-06,278528
6259,1,0.312949992094218,0.312949992094218,0.000399064592784271,-0.337428778409958,3.39835924338713e-06,278528
6260,1,0.312999992092955,0.312999992092955,0.000388482701964676,-0.338672518730164,3.41778337799467e-06,278528
6261,1,0.313049992091692,0.313049992091692,0.000378274329705164,-0.337739735841751,3.43669709400213e-06,278528
6262,1,0.313099992090429,0.313099992090429,0.000366572028724477,-0.34022718667984,3.45502569497533e-06,278528
6263,1,0.313149992089166,0.313149992089166,0.000356363656464964,-0.340849041938782,3.47284387734846e-06,278528
6264,1,0.313199992087903,0.313199992087903,0.000344038911862299,-0.342092782258987,3.49004582250701e-06,278528
6265,1,0.313249992086639,0.313249992086639,0.000331838644342497,-0.343025535345078,3.50663775430499e-06,278528
6266,1,0.313299992085376,0.313299992085376,0.000319762883009389,-0.344269275665283,3.52262589805157e-06,278528
6267,1,0.313349992084113,0.313349992084113,0.000307189126033336,-0.344580173492432,3.53798535396522e-06,278528
6268,1,0.31339999208285,0.31339999208285,0.000295237841783091,-0.346756726503372,3.55274724568146e-06,278528
6269,1,0.313449992081587,0.313449992081587,0.000282415101537481,-0.347067624330521,3.56686800040161e-06,278528
6270,1,0.313499992080324,0.313499992080324,0.00026921893004328,-0.347689509391785,3.58032894656372e-06,278528
6271,1,0.313549992079061,0.313549992079061,0.000255151244346052,-0.350176960229874,3.59308650845874e-06,278528
6272,1,0.313599992077798,0.313599992077798,0.000242702008108608,-0.351420670747757,3.60522160855762e-06,278528
6273,1,0.313649992076535,0.313649992076535,0.000229630299145356,-0.353286266326904,3.61670312322484e-06,278528
6274,1,0.313699992075271,0.313699992075271,0.000215313659282401,-0.354529976844788,3.62746880591699e-06,278528
6275,1,0.313749992074008,0.313749992074008,0.000201743969228119,-0.357017397880554,3.63755600412357e-06,278528
6276,1,0.313799992072745,0.313799992072745,0.000187427329365164,-0.357950210571289,3.64692737035509e-06,278528
6277,1,0.313849992071482,0.313849992071482,0.000173484178958461,-0.361370444297791,3.65560157908389e-06,278528
6278,1,0.313899992070219,0.313899992070219,0.000158296097652055,-0.361681401729584,3.66351638376654e-06,278528
6279,1,0.313949992068956,0.313949992068956,0.000144601930514909,-0.363236039876938,3.67074648010964e-06,278528
6280,1,0.313999992067693,0.313999992067693,0.000129787309560925,-0.366345345973969,3.67723584542375e-06,278528
6281,1,0.31404999206643,0.31404999206643,0.00011522169370437,-0.368521839380264,3.68299692996343e-06,278528
6282,1,0.314099992065167,0.314099992065167,0.000100407087302301,-0.37069833278656,3.68801728420172e-06,278528
6283,1,0.314149992063903,0.314149992063903,8.43475572764874e-05,-0.372563928365707,3.69223466195901e-06,278528
6284,1,0.31419999206264,0.31419999206264,6.92839676048607e-05,-0.374740481376648,3.69569886025174e-06,278528
6285,1,0.314249992061377,0.314249992061377,5.44693539268337e-05,-0.377849757671356,3.69842232787928e-06,278528
6286,1,0.314299992060114,0.314299992060114,3.86588108085562e-05,-0.380026280879974,3.70035526837088e-06,278528
6287,1,0.314349992058851,0.314349992058851,2.43421709456015e-05,-0.38220277428627,3.70157237688741e-06,278528
6288,1,0.314399992057588,0.314399992057588,8.65611855260795e-06,-0.385623008012772,3.70200518280411e-06,278528
6289,1,0.314449992056325,0.314449992056325,-7.27892029317445e-06,-0.387177675962448,3.70164123679864e-06,278528
6290,1,0.314499992055062,0.314499992055062,-2.22180206037592e-05,-0.39090883731842,3.70053033579652e-06,278528
6291,1,0.314549992053799,0.314549992053799,-3.77795804524794e-05,-0.393085360527039,3.69864135682161e-06,278528
6292,1,0.314599992052536,0.314599992052536,-5.24696952197701e-05,-0.395572811365128,3.6960178721269e-06,278528
6293,1,0.314649992051272,0.314649992051272,-6.84047336108051e-05,-0.398371189832687,3.69259763553276e-06,278528
6294,1,0.314699992050009,0.314699992050009,-8.44642563606612e-05,-0.401480495929718,3.68837442282142e-06,278528
6295,1,0.314749992048746,0.314749992048746,-9.90298867691308e-05,-0.404278844594955,3.68342292860805e-06,278528
6296,1,0.314799992047483,0.314799992047483,-0.000114342459710315,-0.406144440174103,3.67770580576696e-06,278528
6297,1,0.31484999204622,0.31484999204622,-0.00012953054101672,-0.409253746271133,3.67122927887973e-06,278528
6298,1,0.314899992044957,0.314899992044957,-0.000145714555401355,-0.4117411673069,3.66394355129372e-06,278528
6299,1,0.314949992043694,0.314949992043694,-0.000161027142894454,-0.41640517115593,3.65589219435239e-06,278528
6300,1,0.314999992042431,0.314999992042431,-0.000175468274392188,-0.41764885187149,3.64711878085441e-06,278528
6301,1,0.315049992041168,0.315049992041168,-0.000191029845154844,-0.421380013227463,3.63756728883796e-06,278528
6302,1,0.315099992039904,0.315099992039904,-0.000205844437004998,-0.424489349126816,3.62727506724772e-06,278528
6303,1,0.315149992038641,0.315149992038641,-0.000220161091419868,-0.428531438112259,3.61626701295481e-06,278528
6304,1,0.315199992037378,0.315199992037378,-0.000236469582887366,-0.430397003889084,3.60444353410913e-06,278528
6305,1,0.315249992036115,0.315249992036115,-0.000251284189289436,-0.434439092874527,3.59187932496205e-06,278528
6306,1,0.315299992034852,0.315299992034852,-0.000266970251686871,-0.43754842877388,3.57853081271492e-06,278528
6307,1,0.315349992033589,0.315349992033589,-0.000280041946098208,-0.440346777439117,3.56452871576374e-06,278528
6308,1,0.315399992032326,0.315399992032326,-0.000294732075417414,-0.443767011165619,3.54979211236514e-06,278528
6309,1,0.315449992031063,0.315449992031063,-0.000310542614897713,-0.447498172521591,3.53426498201251e-06,278528
6310,1,0.3154999920298,0.3154999920298,-0.000325232744216919,-0.450918406248093,3.51800334521246e-06,278528
6311,1,0.315549992028537,0.315549992028537,-0.00033942487789318,-0.453405857086182,3.50103210174653e-06,278528
6312,1,0.315599992027273,0.315599992027273,-0.000352994567947462,-0.457447946071625,3.48338237379503e-06,278528
6313,1,0.31564999202601,0.31564999202601,-0.000366937747457996,-0.460868209600449,3.46503548688561e-06,278528
6314,1,0.315699992024747,0.315699992024747,-0.000382125814212486,-0.463666588068008,3.44592919665765e-06,278528
6315,1,0.315749992023484,0.315749992023484,-0.00039507300243713,-0.466154038906097,3.42617554703482e-06,278528
6316,1,0.315799992022221,0.315799992022221,-0.000409638654673472,-0.470817983150482,3.40569361481856e-06,278528
6317,1,0.315849992020958,0.315849992020958,-0.000422087876359001,-0.474860072135925,3.38458922153375e-06,278528
6318,1,0.315899992019695,0.315899992019695,-0.000436031084973365,-0.477347522974014,3.36278766783584e-06,278528
6319,1,0.315949992018432,0.315949992018432,-0.000447857833933085,-0.480767756700516,3.34039477670487e-06,278528
6320,1,0.315999992017169,0.315999992017169,-0.000460929586552083,-0.484187960624695,3.31734829795947e-06,278528
6321,1,0.316049992015905,0.316049992015905,-0.000474125758046284,-0.487297296524048,3.29364201065603e-06,278528
6322,1,0.316099992014642,0.316099992014642,-0.000486699515022337,-0.49102845788002,3.26930703551967e-06,278528
6323,1,0.316149992013379,0.316149992013379,-0.000498775276355445,-0.494137763977051,3.2443682723319e-06,278528
6324,1,0.316199992012116,0.316199992012116,-0.000510104058776051,-0.498179852962494,3.21886307003741e-06,278528
6325,1,0.316249992010853,0.316249992010853,-0.000519565539434552,-0.501600086688995,3.19288479372195e-06,278528
6326,1,0.31629999200959,0.31629999200959,-0.000531392346601933,-0.504398465156555,3.16631517706306e-06,278528
6327,1,0.316349992008327,0.316349992008327,-0.000541102723218501,-0.506885886192322,3.13926004158561e-06,278528
6328,1,0.316399992007064,0.316399992007064,-0.000552680576220155,-0.511549830436707,3.11162601347269e-06,278528
6329,1,0.316449992005801,0.316449992005801,-0.000562888861168176,-0.51465916633606,3.08348157112527e-06,278528
6330,1,0.316499992004537,0.316499992004537,-0.000572848308365792,-0.518390357494354,3.05483915643055e-06,278528
6331,1,0.316549992003274,0.316549992003274,-0.000582309789024293,-0.520877778530121,3.02572366771485e-06,278528
6332,1,0.316599992002011,0.316599992002011,-0.000591895659454167,-0.524608910083771,2.99612888548977e-06,278528
6333,1,0.316649992000748,0.316649992000748,-0.00060073466738686,-0.527718245983124,2.96609215287922e-06,278528
6334,1,0.316699991999485,0.316699991999485,-0.000607332680374384,-0.53020566701889,2.93572551962763e-06,278528
6335,1,0.316749991998222,0.316749991998222,-0.000616794161032885,-0.534247756004333,2.90488581235506e-06,278528
6336,1,0.316799991996959,0.316799991996959,-0.000622769759502262,-0.537667989730835,2.87374732516657e-06,278528
6337,1,0.316849991995696,0.316849991995696,-0.000629865855444223,-0.540777325630188,2.84225403318995e-06,278528
6338,1,0.316899991994433,0.316899991994433,-0.000635966018307954,-0.543264746665955,2.81045573307784e-06,278528
6339,1,0.31694999199317,0.31694999199317,-0.000642066122964025,-0.547306835651398,2.77835242774064e-06,278528
6340,1,0.316999991991906,0.316999991991906,-0.000647419248707592,-0.549794316291809,2.74598146612302e-06,278528
6341,1,0.317049991990643,0.317049991990643,-0.000652523478493094,-0.553214550018311,2.71335529302257e-06,278528
6342,1,0.31709999198938,0.31709999198938,-0.000657005235552788,-0.556634783744812,2.6805050320748e-06,278528
6343,1,0.317149991988117,0.317149991988117,-0.000660491059534252,-0.558500349521637,2.64748047993236e-06,278528
6344,1,0.317199991986854,0.317199991986854,-0.000664101331494749,-0.560987830162048,2.61427541419645e-06,278528
6345,1,0.317249991985591,0.317249991985591,-0.000666964624542743,-0.564718961715698,2.58092718381176e-06,278528
6346,1,0.317299991984328,0.317299991984328,-0.000669703469611704,-0.5681391954422,2.54744201117708e-06,278528
6347,1,0.317349991983065,0.317349991983065,-0.000671570829581469,-0.570004820823669,2.51386347054627e-06,278528
6348,1,0.317399991981802,0.317399991981802,-0.000672815775033087,-0.572181284427643,2.48022268264446e-06,278528
6349,1,0.317449991980538,0.317449991980538,-0.000673313799779862,-0.575912475585938,2.44655699350593e-06,278528
6350,1,0.317499991979275,0.317499991979275,-0.000673189293593168,-0.578399896621704,2.41289752967658e-06,278528
6351,1,0.317549991978012,0.317549991978012,-0.000673562753945589,-0.580887377262115,2.37921939283008e-06,278528
6352,1,0.317599991976749,0.317599991976749,-0.000672193302307278,-0.583374798297882,2.34560972856377e-06,278528
6353,1,0.317649991975486,0.317649991975486,-0.000670450448524207,-0.585862219333649,2.31208720698441e-06,278528
6354,1,0.317699991974223,0.317699991974223,-0.000669081055093557,-0.588971555233002,2.27863315507485e-06,278528
6355,1,0.31774999197296,0.31774999197296,-0.000666093197651207,-0.590837121009827,2.24532849603364e-06,278528
6356,1,0.317799991971697,0.317799991971697,-0.000662607373669744,-0.593324601650238,2.2121981281871e-06,278528
6357,1,0.317849991970434,0.317849991970434,-0.000658374628983438,-0.595190167427063,2.17927939756952e-06,278528
6358,1,0.317899991969171,0.317899991969171,-0.000655635842122138,-0.59767758846283,2.14649760629155e-06,278528
6359,1,0.317949991967907,0.317949991967907,-0.000650158151984215,-0.599543154239655,2.11398969951356e-06,278528
6360,1,0.317999991966644,0.317999991966644,-0.000646049913484603,-0.602652490139008,2.08168720465536e-06,278528
6361,1,0.318049991965381,0.318049991965381,-0.000639327336102724,-0.604829013347626,2.04972083865776e-06,278528
6362,1,0.318099991964118,0.318099991964118,-0.000633725139778107,-0.606072723865509,2.01803458246932e-06,278528
6363,1,0.318149991962855,0.318149991962855,-0.000626006629317999,-0.608560144901276,1.98673425179413e-06,278528
6364,1,0.318199991961592,0.318199991961592,-0.000619657512288541,-0.610736668109894,1.9557513769624e-06,278528
6365,1,0.318249991960329,0.318249991960329,-0.000612187955994159,-0.611980378627777,1.92514197993595e-06,278528
6366,1,0.318299991959066,0.318299991959066,-0.000604220433160663,-0.613224148750305,1.89493095904111e-06,278528
6367,1,0.318349991957803,0.318349991957803,-0.000596128404140472,-0.61508971452713,1.86512453958706e-06,278528
6368,1,0.318399991956539,0.318399991956539,-0.000588036375120282,-0.617577135562897,1.8357227215738e-06,278528
6369,1,0.318449991955276,0.318449991955276,-0.000578450446482748,-0.619131803512573,1.80680019998031e-06,278528
6370,1,0.318499991954013,0.318499991954013,-0.000567868584766984,-0.620375514030457,1.77840677145924e-06,278528
6371,1,0.31854999195275,0.31854999195275,-0.000559029635041952,-0.62161922454834,1.75045529041325e-06,278528
6372,1,0.318599991951487,0.318599991951487,-0.000549692718777806,-0.623173892498016,1.72297065516868e-06,278528
6373,1,0.318649991950224,0.318649991950224,-0.000539235305041075,-0.624728560447693,1.69600889059774e-06,278528
6374,1,0.318699991948961,0.318699991948961,-0.000529151409864426,-0.625039458274841,1.66955132077289e-06,278528
6375,1,0.318749991947698,0.318749991947698,-0.000518320652190596,-0.627216041088104,1.64363528881806e-06,278528
6376,1,0.318799991946435,0.318799991946435,-0.000506867305375636,-0.628148853778839,1.6182919241895e-06,278528
6377,1,0.318849991945171,0.318849991945171,-0.000497156870551407,-0.629081547260284,1.59343408128989e-06,278528
6378,1,0.318899991943908,0.318899991943908,-0.000485952536109835,-0.629392504692078,1.56913645509821e-06,278528
6379,1,0.318949991942645,0.318949991942645,-0.000474250235129148,-0.630947172641754,1.54542394394078e-06,278528
6380,1,0.318999991941382,0.318999991941382,-0.000462672469438985,-0.630947172641754,1.52229032105324e-06,278528
6381,1,0.319049991940119,0.319049991940119,-0.000450970168458298,-0.631879925727844,1.49974181319995e-06,278528
6382,1,0.319099991938856,0.319099991938856,-0.000439392344560474,-0.632190942764282,1.47777219652692e-06,278528
6383,1,0.319149991937593,0.319149991937593,-0.000428312545409426,-0.633123636245728,1.45635656979745e-06,278528
6384,1,0.31919999193633,0.31919999193633,-0.00041499180952087,-0.634056448936462,1.43560697984559e-06,278528
6385,1,0.319249991935067,0.319249991935067,-0.000402667064918205,-0.634367406368256,1.41547362710829e-06,278528
6386,1,0.319299991933804,0.319299991933804,-0.000391089270124212,-0.634367406368256,1.39591916409607e-06,278528
6387,1,0.31934999193254,0.31934999193254,-0.000378391036065295,-0.634056448936462,1.37699961277075e-06,278528
6388,1,0.319399991931277,0.319399991931277,-0.0003660662623588,-0.634678363800049,1.35869630011519e-06,278528
6389,1,0.319449991930014,0.319449991930014,-0.000353865994838998,-0.63530021905899,1.34100300082021e-06,278528
6390,1,0.319499991928751,0.319499991928751,-0.00034042084007524,-0.634678363800049,1.32398195924644e-06,278528
6391,1,0.319549991927488,0.319549991927488,-0.000328345049638301,-0.634989261627197,1.30756470717926e-06,278528
6392,1,0.319599991926225,0.319599991926225,-0.000315522338496521,-0.634056448936462,1.29178859065297e-06,278528
6393,1,0.319649991924962,0.319649991924962,-0.000302948610624298,-0.634367406368256,1.27664116050441e-06,278528
6394,1,0.319699991923699,0.319699991923699,-0.00029087282018736,-0.632812738418579,1.26209751986245e-06,278528
6395,1,0.319749991922436,0.319749991922436,-0.000277676590485498,-0.633123636245728,1.24821369068891e-06,278528
6396,1,0.319799991921172,0.319799991921172,-0.000264729402260855,-0.634056448936462,1.23497722091024e-06,278528
6397,1,0.319849991919909,0.319849991919909,-0.000252653640927747,-0.633123636245728,1.22234453918299e-06,278528
6398,1,0.319899991918646,0.319899991918646,-0.000239706409047358,-0.631569027900696,1.21035921903339e-06,278528
6399,1,0.319949991917383,0.319949991917383,-0.000227755124797113,-0.630947172641754,1.19897146308122e-06,278528
6400,1,0.31999999191612,0.31999999191612,-0.000214932399103418,-0.630325317382813,1.18822484339753e-06,278528
6401,1,0.320049991914857,0.320049991914857,-0.000202607639948837,-0.630014359951019,1.178094461656e-06,278528
6402,1,0.320099991913594,0.320099991913594,-0.000189909405889921,-0.629392504692078,1.16859899160138e-06,278528
6403,1,0.320149991912331,0.320149991912331,-0.000177460155100562,-0.628148853778839,1.1597259840705e-06,278528
6404,1,0.320199991911068,0.320199991911068,-0.000165384393767454,-0.626905083656311,1.15145676459103e-06,278528
6405,1,0.320249991909805,0.320249991909805,-0.000152686159708537,-0.625972270965576,1.14382245679846e-06,278528
6406,1,0.320299991908541,0.320299991908541,-0.000139489944558591,-0.624106705188751,1.13684795974672e-06,278528
6407,1,0.320349991907278,0.320349991907278,-0.000128036641399376,-0.623795747756958,1.13044612783848e-06,278528
6408,1,0.320399991906015,0.320399991906015,-0.000115089416794945,-0.621930181980133,1.1246916571441e-06,278528
6409,1,0.320449991904752,0.320449991904752,-0.000103760605270509,-0.621930181980133,1.11950362701163e-06,278528
6410,1,0.320499991903489,0.320499991903489,-9.05643973965198e-05,-0.619442760944366,1.1149754072562e-06,278528
6411,1,0.320549991902226,0.320549991902226,-7.92355785961263e-05,-0.618199050426483,1.11101362842648e-06,278528
6412,1,0.320599991900963,0.320599991900963,-6.67863278067671e-05,-0.616333425045013,1.1076743121205e-06,278528
6413,1,0.3206499918997,0.3206499918997,-5.43370806553867e-05,-0.61415696144104,1.10495745815636e-06,278528
6414,1,0.320699991898437,0.320699991898437,-4.3008265492972e-05,-0.613224148750305,1.10280704493604e-06,278528
6415,1,0.320749991897173,0.320749991897173,-3.15549586957786e-05,-0.610736668109894,1.10122929704111e-06,278528
6416,1,0.32079999189591,0.32079999189591,-1.94791846297449e-05,-0.609182059764862,1.10025533783422e-06,278528
6417,1,0.320849991894647,0.320849991894647,-8.5238452811609e-06,-0.607938289642334,1.09982914558093e-06,278528
6418,1,0.320899991893384,0.320899991893384,3.67641882803582e-06,-0.605450868606567,1.10001296651769e-06,278528
6419,1,0.320949991892121,0.320949991892121,1.50052355820662e-05,-0.603274345397949,1.10076322827784e-06,278528
6420,1,0.320999991890858,0.320999991890858,2.48401429416845e-05,-0.601408779621124,1.10200523539355e-06,278528
6421,1,0.321049991889595,0.321049991889595,3.76628740923479e-05,-0.59767758846283,1.10388837905059e-06,278528
6422,1,0.321099991888332,0.321099991888332,4.91161772515625e-05,-0.596433877944946,1.10634418785113e-06,278528
6423,1,0.321149991887069,0.321149991887069,5.88265938858967e-05,-0.59487920999527,1.10928551747112e-06,278528
6424,1,0.321199991885806,0.321199991885806,7.00309101375751e-05,-0.59114807844162,1.11278706288955e-06,278528
6425,1,0.321249991884542,0.321249991884542,8.06127791292965e-05,-0.589904308319092,1.11681770174419e-06,278528
6426,1,0.321299991883279,0.321299991883279,9.0945657575503e-05,-0.587416887283325,1.12136498450809e-06,278528
6427,1,0.321349991882016,0.321349991882016,0.000101154044386931,-0.584929466247559,1.12642268659967e-06,278528
6428,1,0.321399991880753,0.321399991880753,0.000111735898826737,-0.581509232521057,1.13200948139987e-06,278528
6429,1,0.32144999187949,0.32144999187949,0.000122317767818458,-0.579332709312439,1.13812536963629e-06,278528
6430,1,0.321499991878227,0.321499991878227,0.00013215267972555,-0.576845228672028,1.14473300345565e-06,278528
6431,1,0.321549991876964,0.321549991876964,0.000141116135637276,-0.574046909809113,1.15178881005927e-06,278528
6432,1,0.321599991875701,0.321599991875701,0.000150702049722895,-0.571248531341553,1.15932391235506e-06,278528
6433,1,0.321649991874438,0.321649991874438,0.000160785944899544,-0.569072008132935,1.16736320939694e-06,278528
6434,1,0.321699991873174,0.321699991873174,0.000170371858985163,-0.566584587097168,1.17588180213101e-06,278528
6435,1,0.321749991871911,0.321749991871911,0.000178712871274911,-0.56254243850708,1.18481744546902e-06,278528
6436,1,0.321799991870648,0.321799991870648,0.000188921243534423,-0.559433162212372,1.19426350740711e-06,278528
6437,1,0.321849991869385,0.321849991869385,0.000197262241272256,-0.556634783744812,1.20412661922156e-06,278528
6438,1,0.321899991868122,0.321899991868122,0.000205976713914424,-0.554458260536194,1.21442545465711e-06,278528
6439,1,0.321949991866859,0.321949991866859,0.000214442203287035,-0.551038026809692,1.2251475645506e-06,278528
6440,1,0.321999991865596,0.321999991865596,0.000223156690481119,-0.547617793083191,1.23630539879279e-06,278528
6441,1,0.322049991864333,0.322049991864333,0.000230252757319249,-0.544508516788483,1.24781803636791e-06,278528
6442,1,0.32209999186307,0.32209999186307,0.000239589688135311,-0.541710138320923,1.25979752047205e-06,278528
6443,1,0.322149991861806,0.322149991861806,0.000247681717155501,-0.537667989730835,1.27218160601698e-06,278528
6444,1,0.322199991860543,0.322199991860543,0.000255151244346052,-0.535180568695068,1.284939167912e-06,278528
6445,1,0.32224999185928,0.32224999185928,0.000262745277723297,-0.53207129240036,1.29807643146629e-06,278528
6446,1,0.322299991858017,0.322299991858017,0.000269841344561428,-0.5292729139328,1.31156849835352e-06,278528
6447,1,0.322349991856754,0.322349991856754,0.000277186423772946,-0.52647453546524,1.32542781919205e-06,278528
6448,1,0.322399991855491,0.322399991855491,0.000285029440419748,-0.522432446479797,1.33967929085302e-06,278528
6449,1,0.322449991854228,0.322449991854228,0.000291005097096786,-0.519634068012238,1.35422954534029e-06,278528
6450,1,0.322499991852965,0.322499991852965,0.000298474653391168,-0.516524732112885,1.36915327763284e-06,278528
6451,1,0.322549991851702,0.322549991851702,0.00030532170785591,-0.512482643127441,1.38441936263998e-06,278528
6452,1,0.322599991850439,0.322599991850439,0.000311421841615811,-0.509684264659882,1.39999045432741e-06,278528
6453,1,0.322649991849175,0.322649991849175,0.000317646510666236,-0.505642175674438,1.4158727794595e-06,278528
6454,1,0.322699991847912,0.322699991847912,0.000324618042213842,-0.503154695034027,1.43210368116017e-06,278528
6455,1,0.322749991846649,0.322749991846649,0.000330344715621322,-0.498179852962494,1.44862091652397e-06,278528
6456,1,0.322799991845386,0.322799991845386,0.000337440782459453,-0.494759649038315,1.46549295522072e-06,278528
6457,1,0.322849991844123,0.322849991844123,0.000343291932949796,-0.491650313138962,1.4826575514346e-06,278528
6458,1,0.32289999184286,0.32289999184286,0.00034814712125808,-0.489162862300873,1.50006490705776e-06,278528
6459,1,0.322949991841597,0.322949991841597,0.000353873823769391,-0.485431700944901,1.51775859779925e-06,278528
6460,1,0.322999991840334,0.322999991840334,0.000359849451342598,-0.481700569391251,1.53575106991185e-06,278528
6461,1,0.323049991839071,0.323049991839071,0.000364953652024269,-0.478280305862427,1.55399875205209e-06,278528
6462,1,0.323099991837807,0.323099991837807,0.000370431283954531,-0.475481927394867,1.57252031578192e-06,278528
6463,1,0.323149991836544,0.323149991836544,0.000376531417714432,-0.471439838409424,1.59134688619204e-06,278528
6464,1,0.323199991835281,0.323199991835281,0.000381884630769491,-0.468952387571335,1.61044111724815e-06,278528
6465,1,0.323249991834018,0.323249991834018,0.000387486768886447,-0.464910298585892,1.62981545520304e-06,278528
6466,1,0.323299991832755,0.323299991832755,0.000392839923733845,-0.461800992488861,1.64945745089353e-06,278528
6467,1,0.323349991831492,0.323349991831492,0.000397695141145959,-0.458069801330566,1.6693422074485e-06,278528
6468,1,0.323399991830229,0.323399991830229,0.000402674835640937,-0.454338669776917,1.68947594872193e-06,278528
6469,1,0.323449991828966,0.323449991828966,0.000407779036322609,-0.452473074197769,1.70986490002299e-06,278528
6470,1,0.323499991827703,0.323499991827703,0.000412260793382302,-0.447809129953384,1.73047793917137e-06,278528
6471,1,0.32354999182644,0.32354999182644,0.000418111943872645,-0.444699823856354,1.75138353583689e-06,278528
6472,1,0.323599991825176,0.323599991825176,0.000423091638367623,-0.441590517759323,1.77253811722086e-06,278528
6473,1,0.323649991823913,0.323649991823913,0.000428071332862601,-0.437237471342087,1.79394168332329e-06,278528
6474,1,0.32369999182265,0.32369999182265,0.000433175533544272,-0.435682833194733,1.81560045945336e-06,278528
6475,1,0.323749991821387,0.323749991821387,0.00043815522803925,-0.432573527097702,1.83750822030188e-06,278528
6476,1,0.323799991820124,0.323799991820124,0.000443881872342899,-0.429464250802994,1.85970231335836e-06,278528
6477,1,0.323849991818861,0.323849991818861,0.000449359533376992,-0.426665842533112,1.88217028945962e-06,278528
6478,1,0.323899991817598,0.323899991817598,0.000453467771876603,-0.422312825918198,1.90484367748067e-06,278528
6479,1,0.323949991816335,0.323949991816335,0.000459692411823198,-0.419825375080109,1.92782829749119e-06,278528
6480,1,0.323999991815072,0.323999991815072,0.000465170101961121,-0.417026996612549,1.95108680200169e-06,278528
6481,1,0.324049991813808,0.324049991813808,0.000470647762995213,-0.413917720317841,1.97461918955697e-06,278528
6482,1,0.324099991812545,0.324099991812545,0.000476249930215999,-0.4117411673069,1.99843168546621e-06,278528
6483,1,0.324149991811282,0.324149991811282,0.000480856135254726,-0.408631891012192,2.02247449162158e-06,278528
6484,1,0.324199991810019,0.324199991810019,0.000485462340293452,-0.405211627483368,2.04674760802306e-06,278528
6485,1,0.324249991808756,0.324249991808756,0.000490193080622703,-0.402724206447601,2.07125726143503e-06,278528
6486,1,0.324299991807493,0.324299991807493,0.000496791151817888,-0.398682087659836,2.09609681839842e-06,278528
6487,1,0.32434999180623,0.32434999180623,0.000500276975799352,-0.397127449512482,2.12111066655649e-06,278528
6488,1,0.324399991804967,0.324399991804967,0.000504385214298964,-0.39370721578598,2.14632992663434e-06,278528
6489,1,0.324449991803704,0.324449991803704,0.000511481252033263,-0.392152547836304,2.17190398858995e-06,278528
6490,1,0.32449999180244,0.32449999180244,0.000515340594574809,-0.388421416282654,2.19767101766776e-06,278528
6491,1,0.324549991801177,0.324549991801177,0.000519075314514339,-0.386244863271713,2.22362478273783e-06,278528
6492,1,0.324599991799914,0.324599991799914,0.000522436632309109,-0.383757412433624,2.24974661369339e-06,278528
6493,1,0.324649991798651,0.324649991798651,0.000527167343534529,-0.380959063768387,2.27610498020425e-06,278528
6494,1,0.324699991797388,0.324699991797388,0.00053090212168172,-0.37909346818924,2.30265008561775e-06,278528
6495,1,0.324749991796125,0.324749991796125,0.000534761406015605,-0.376295119524002,2.32938815524307e-06,278528
6496,1,0.324799991794862,0.324799991794862,0.000537749205250293,-0.373185783624649,2.35627561482635e-06,278528
6497,1,0.324849991793599,0.324849991793599,0.00054135947721079,-0.371631145477295,2.3833435880031e-06,278528
6498,1,0.324899991792336,0.324899991792336,0.000543849368114024,-0.368832796812057,2.41053605572186e-06,278528
6499,1,0.324949991791073,0.324949991791073,0.000545841176062822,-0.366345345973969,2.43782811383555e-06,278528
6500,1,0.324999991789809,0.324999991789809,0.000548206618987024,-0.364790678024292,2.46523844409245e-06,278528
6501,1,0.325049991788546,0.325049991788546,0.000549077987670898,-0.36385789513588,2.49269234278245e-06,278528
6502,1,0.325099991787283,0.325099991787283,0.000552937272004783,-0.361992299556732,2.52033920568427e-06,278528
6503,1,0.32514999178602,0.32514999178602,0.000553435296751559,-0.360437661409378,2.54801096982281e-06,278528
6504,1,0.325199991784757,0.325199991784757,0.000554431229829788,-0.357950210571289,2.57573253061399e-06,278528
6505,1,0.325249991783494,0.325249991783494,0.000555925071239471,-0.355773717164993,2.60352878347377e-06,278528
6506,1,0.325299991782231,0.325299991782231,0.000556423095986247,-0.3554627597332,2.63134993757026e-06,278528
6507,1,0.325349991780968,0.325349991780968,0.000556298589799553,-0.352664411067963,2.65916486635757e-06,278528
6508,1,0.325399991779705,0.325399991779705,0.000556174083612859,-0.350798815488815,2.68697356983571e-06,278528
6509,1,0.325449991778441,0.325449991778441,0.000555302656721324,-0.34955507516861,2.71473870197037e-06,278528
6510,1,0.325499991777178,0.325499991777178,0.000554680183995515,-0.348000437021255,2.74247271046953e-06,278528
6511,1,0.325549991775915,0.325549991775915,0.00055380875710398,-0.345823913812637,2.77016314762521e-06,278528
6512,1,0.325599991774652,0.325599991774652,0.000552190351299942,-0.345202058553696,2.79777266449273e-06,278528
6513,1,0.325649991773389,0.325649991773389,0.000549576012417674,-0.343647420406342,2.82525146441944e-06,278528
6514,1,0.325699991772126,0.325699991772126,0.000546837167348713,-0.343647420406342,2.85259332209616e-06,278528
6515,1,0.325749991770863,0.325749991770863,0.000545094313565642,-0.341159969568253,2.87984803708593e-06,278528
6516,1,0.3257999917696,0.3257999917696,0.000541110523045063,-0.341470897197723,2.9069035625547e-06,278528
6517,1,0.325849991768337,0.325849991768337,0.000537749205250293,-0.34022718667984,2.93379102213798e-06,278528
6518,1,0.325899991767074,0.325899991767074,0.000534885853994638,-0.339605331420898,2.9605353141621e-06,278528
6519,1,0.32594999176581,0.32594999176581,0.000530030694790184,-0.338983446359634,2.98703684823212e-06,278528
6520,1,0.325999991764547,0.325999991764547,0.000525922398082912,-0.339294373989105,3.01333296747197e-06,278528
6521,1,0.326049991763284,0.326049991763284,0.000520818226505071,-0.337428778409958,3.03937387813938e-06,278528
6522,1,0.326099991762021,0.326099991762021,0.000515838561113924,-0.336806952953339,3.06516580554352e-06,278528
6523,1,0.326149991760758,0.326149991760758,0.000510734389536083,-0.335874140262604,3.09070252437521e-06,278528
6524,1,0.326199991759495,0.326199991759495,0.000503638293594122,-0.335874140262604,3.11588443841876e-06,278528
6525,1,0.326249991758232,0.326249991758232,0.000497538130730391,-0.33463042974472,3.14076134432684e-06,278528
6526,1,0.326299991756969,0.326299991756969,0.000491189013700932,-0.33463042974472,3.16532079439146e-06,278528
6527,1,0.326349991755706,0.326349991755706,0.000484341930132359,-0.335563242435455,3.18953789028631e-06,278528
6528,1,0.326399991754442,0.326399991754442,0.000476249930215999,-0.334941357374191,3.21335038619555e-06,278528
6529,1,0.326449991753179,0.326449991753179,0.000469278340460733,-0.335874140262604,3.23681430262584e-06,278528
6530,1,0.326499991751916,0.326499991751916,0.000461310817627236,-0.334008544683456,3.25987984292452e-06,278528
6531,1,0.326549991750653,0.326549991750653,0.000452720822067931,-0.33431950211525,3.28251588345608e-06,278528
6532,1,0.32659999174939,0.32659999174939,0.000443259428720921,-0.335874140262604,3.30467885433224e-06,278528
6533,1,0.326649991748127,0.326649991748127,0.000435291905887425,-0.335874140262604,3.32644344907679e-06,278528
6534,1,0.326699991746864,0.326699991746864,0.000425456993980333,-0.337117880582809,3.34771629823841e-06,278528
6535,1,0.326749991745601,0.326749991745601,0.000415622082073241,-0.337117880582809,3.3684974018171e-06,278528
6536,1,0.326799991744338,0.326799991744338,0.000406036153435707,-0.337428778409958,3.38879920897602e-06,278528
6537,1,0.326849991743074,0.326849991743074,0.000395454291719943,-0.337739735841751,3.40857192306251e-06,278528
6538,1,0.326899991741811,0.326899991741811,0.000385619379812852,-0.3380506336689,3.42785289156608e-06,278528
6539,1,0.326949991740548,0.326949991740548,0.000374166091205552,-0.338672518730164,3.44656119565374e-06,278528
6540,1,0.326999991739285,0.326999991739285,0.000363086233846843,-0.341159969568253,3.46471550688747e-06,278528
6541,1,0.327049991738022,0.327049991738022,0.000352130911778659,-0.341470897197723,3.48232205203162e-06,278528
6542,1,0.327099991736759,0.327099991736759,0.000340179627528414,-0.341159969568253,3.49933103297836e-06,278528
6543,1,0.327149991735496,0.327149991735496,0.000328103866195306,-0.342403680086136,3.5157362258737e-06,278528
6544,1,0.327199991734233,0.327199991734233,0.000316650519380346,-0.344580173492432,3.53156875144275e-06,278528
6545,1,0.32724999173297,0.32724999173297,0.000303578854072839,-0.345202058553696,3.54674769376294e-06,278528
6546,1,0.327299991731707,0.327299991731707,0.000291752017801628,-0.345823913812637,3.56133529428451e-06,278528
6547,1,0.327349991730443,0.327349991730443,0.000278929335763678,-0.347689509391785,3.57528176072037e-06,278528
6548,1,0.32739999172918,0.32739999172918,0.000265235139522702,-0.34955507516861,3.58854351736149e-06,278528
6549,1,0.327449991727917,0.327449991727917,0.000251914461841807,-0.351420670747757,3.60113924013539e-06,278528
6550,1,0.327499991726654,0.327499991726654,0.000239838671404868,-0.352042526006699,3.61313117340269e-06,278528
6551,1,0.327549991725391,0.327549991725391,0.000225646537728608,-0.353286266326904,3.6244135000041e-06,278528
6552,1,0.327599991724128,0.327599991724128,0.000211952356039546,-0.356084614992142,3.63501111753836e-06,278528
6553,1,0.327649991722865,0.327649991722865,0.000197386732907034,-0.357639253139496,3.64488045393439e-06,278528
6554,1,0.327699991721602,0.327699991721602,0.000183568059583195,-0.358882993459702,3.65405885668169e-06,278528
6555,1,0.327749991720339,0.327749991720339,0.000169624909176491,-0.36105951666832,3.66254010192626e-06,278528
6556,1,0.327799991719075,0.327799991719075,0.000155557267135009,-0.362303256988525,3.67031796508652e-06,278528
6557,1,0.327849991717812,0.327849991717812,0.000140867137815803,-0.364479750394821,3.67736132179938e-06,278528
6558,1,0.327899991716549,0.327899991716549,0.000125554564874619,-0.36696720123291,3.68363904988452e-06,278528
6559,1,0.327949991715286,0.327949991715286,0.000110988956294023,-0.368832796812057,3.68918849755903e-06,278528
6560,1,0.327999991714023,0.327999991714023,9.69212924246676e-05,-0.371631145477295,3.69403456205784e-06,278528
6561,1,0.32804999171276,0.32804999171276,8.14842278487049e-05,-0.373496741056442,3.69810877334736e-06,278528
6562,1,0.328099991711497,0.328099991711497,6.7043089075014e-05,-0.375984191894531,3.70146092771642e-06,278528
6563,1,0.328149991710234,0.328149991710234,5.17305234097876e-05,-0.377538830041885,3.70404745382157e-06,278528
6564,1,0.328199991708971,0.328199991708971,3.61689599230886e-05,-0.38127002120018,3.70585590177204e-06,278528
6565,1,0.328249991707708,0.328249991707708,2.03584131668322e-05,-0.383446514606476,3.70687382240467e-06,278528
6566,1,0.328299991706444,0.328299991706444,5.29482122146874e-06,-0.385623008012772,3.70713856345905e-06,278528
6567,1,0.328349991705181,0.328349991705181,-9.7687698144e-06,-0.387799561023712,3.70665012498067e-06,278528
6568,1,0.328399991703918,0.328399991703918,-2.49568529397948e-05,-0.39059790968895,3.70540228236521e-06,278528
6569,1,0.328449991702655,0.328449991702655,-4.05184146075044e-05,-0.394018143415451,3.70337636168601e-06,278528
6570,1,0.328499991701392,0.328499991701392,-5.62044697289821e-05,-0.39650559425354,3.70056613827055e-06,278528
6571,1,0.328549991700129,0.328549991700129,-7.12680630385876e-05,-0.399303942918777,3.69700273520864e-06,278528
6572,1,0.328599991698866,0.328599991698866,-8.73275930644013e-05,-0.400858640670776,3.69263635566573e-06,278528
6573,1,0.328649991697603,0.328649991697603,-0.000102266683825292,-0.403346031904221,3.68752302160364e-06,278528
6574,1,0.32869999169634,0.32869999169634,-0.000118824194942135,-0.40801003575325,3.68158181200662e-06,278528
6575,1,0.328749991695076,0.328749991695076,-0.000134012268972583,-0.411119312047958,3.67488119872726e-06,278528
6576,1,0.328799991693813,0.328799991693813,-0.000148577892105095,-0.413606762886047,3.66745230430968e-06,278528
6577,1,0.32884999169255,0.32884999169255,-0.000164139448315836,-0.416716068983078,3.65924533210121e-06,278528
6578,1,0.328899991691287,0.328899991691287,-0.000179452035808936,-0.418892562389374,3.65027273053743e-06,278528
6579,1,0.328949991690024,0.328949991690024,-0.000195013592019677,-0.422934710979462,3.64052205118277e-06,278528
6580,1,0.328999991688761,0.328999991688761,-0.000210575162782334,-0.425733059644699,3.62999329330963e-06,278528
6581,1,0.329049991687498,0.329049991687498,-0.000225140785914846,-0.429153293371201,3.61873625429826e-06,278528
6582,1,0.329099991686235,0.329099991686235,-0.00024045335885603,-0.431951642036438,3.60671358665918e-06,278528
6583,1,0.329149991684972,0.329149991684972,-0.000255890423431993,-0.434439092874527,3.5939190658108e-06,278528
6584,1,0.329199991683709,0.329199991683709,-0.000270331540377811,-0.43848118185997,3.58040248913337e-06,278528
6585,1,0.329249991682445,0.329249991682445,-0.000285519636236131,-0.441279590129852,3.5661265076822e-06,278528
6586,1,0.329299991681182,0.329299991681182,-0.000299213803373277,-0.444699823856354,3.55116581789148e-06,278528
6587,1,0.329349991679919,0.329349991679919,-0.000313903932692483,-0.447498172521591,3.53547062165335e-06,278528
6588,1,0.329399991678656,0.329399991678656,-0.000328718509990722,-0.451540261507034,3.51903469656902e-06,278528
6589,1,0.329449991677393,0.329449991677393,-0.000343408639309928,-0.454960525035858,3.50186426503728e-06,278528
6590,1,0.32949999167613,0.32949999167613,-0.000357102835550904,-0.458069801330566,3.48400912371079e-06,278528
6591,1,0.329549991674867,0.329549991674867,-0.000371668429579586,-0.461800992488861,3.46542570270127e-06,278528
6592,1,0.329599991673604,0.329599991673604,-0.000384242186555639,-0.464599341154099,3.44621359385883e-06,278528
6593,1,0.329649991672341,0.329649991672341,-0.000398683303501457,-0.468330532312393,3.42627942918734e-06,278528
6594,1,0.329699991671077,0.329699991671077,-0.00041125706047751,-0.470507025718689,3.40571657668292e-06,278528
6595,1,0.329749991669814,0.329749991669814,-0.000425449194153771,-0.473927289247513,3.38444411751262e-06,278528
6596,1,0.329799991668551,0.329799991668551,-0.000439143361290917,-0.477347522974014,3.36248695000276e-06,278528
6597,1,0.329849991667288,0.329849991667288,-0.00045072118518874,-0.481078684329987,3.33995089131263e-06,278528
6598,1,0.329899991666025,0.329899991666025,-0.000464166339952499,-0.48512077331543,3.3167425749013e-06,278528
6599,1,0.329949991664762,0.329949991664762,-0.000475744192954153,-0.488541007041931,3.2929553658545e-06,278528
6600,1,0.329999991663499,0.329999991663499,-0.000488193414639682,-0.491650313138962,3.26854569573916e-06,278528
6601,1,0.330049991662236,0.330049991662236,-0.000501389615237713,-0.495692402124405,3.24347621561058e-06,278528
6602,1,0.330099991660973,0.330099991660973,-0.000511473510414362,-0.497868925333023,3.21790254073591e-06,278528
6603,1,0.330149991659709,0.330149991659709,-0.000523673719726503,-0.501600086688995,3.19171885541104e-06,278528
6604,1,0.330199991658446,0.330199991658446,-0.000533882179297507,-0.505953133106232,3.16502474712052e-06,278528
6605,1,0.330249991657183,0.330249991657183,-0.0005454599740915,-0.508129596710205,3.13775174910492e-06,278528
6606,1,0.33029999165592,0.33029999165592,-0.00055492133833468,-0.5118607878685,3.11000568288911e-06,278528
6607,1,0.330349991654657,0.330349991654657,-0.000565627764444798,-0.515902876853943,3.08172429538131e-06,278528
6608,1,0.330399991653394,0.330399991653394,-0.000574715668335557,-0.518079400062561,3.05298851269046e-06,278528
6609,1,0.330449991652131,0.330449991652131,-0.000584052642807364,-0.521810591220856,3.02378588128782e-06,278528
6610,1,0.330499991650868,0.330499991650868,-0.000593265052884817,-0.524919867515564,2.99412262939293e-06,278528
6611,1,0.330549991649605,0.330549991649605,-0.000600983621552587,-0.528029203414917,2.96407344907441e-06,278528
6612,1,0.330599991648342,0.330599991648342,-0.000608951086178422,-0.532382190227509,2.93362589553466e-06,278528
6613,1,0.330649991647078,0.330649991647078,-0.000617167621385306,-0.535180568695068,2.90276751524494e-06,278528
6614,1,0.330699991645815,0.330699991645815,-0.000624139211140573,-0.537357091903687,2.87156055547627e-06,278528
6615,1,0.330749991644552,0.330749991644552,-0.000630737340543419,-0.540777325630188,2.84002368924578e-06,278528
6616,1,0.330799991643289,0.330799991643289,-0.00063721090555191,-0.544197559356689,2.80816314477305e-06,278528
6617,1,0.330849991642026,0.330849991642026,-0.00064356008078903,-0.546063125133514,2.77598514154649e-06,278528
6618,1,0.330899991640763,0.330899991640763,-0.000647917273454368,-0.550416171550751,2.74358927869216e-06,278528
6619,1,0.3309499916395,0.3309499916395,-0.000653270457405597,-0.553214550018311,2.71092575664703e-06,278528
6620,1,0.330999991638237,0.330999991638237,-0.000657627708278596,-0.556634783744812,2.67804437206375e-06,278528
6621,1,0.331049991636974,0.331049991636974,-0.000660988967865705,-0.55881130695343,2.64499492450536e-06,278528
6622,1,0.33109999163571,0.33109999163571,-0.000664723804220557,-0.56160968542099,2.61175873513395e-06,278528
6623,1,0.331149991634447,0.331149991634447,-0.000667338084895164,-0.565962731838226,2.57839183173211e-06,278528
6624,1,0.331199991633184,0.331199991633184,-0.00066920550307259,-0.56720644235611,2.54493155742376e-06,278528
6625,1,0.331249991631921,0.331249991631921,-0.000671695277560502,-0.570626676082611,2.51134679439416e-06,278528
6626,1,0.331299991630658,0.331299991630658,-0.000672691268846393,-0.573424994945526,2.47771223180152e-06,278528
6627,1,0.331349991629395,0.331349991629395,-0.000672442314680666,-0.575912475585938,2.44409011691685e-06,278528
6628,1,0.331399991628132,0.331399991628132,-0.000672317808493972,-0.579021811485291,2.41047422734136e-06,278528
6629,1,0.331449991626869,0.331449991626869,-0.000672566762659699,-0.582441985607147,2.3768458900579e-06,278528
6630,1,0.331499991625606,0.331499991625606,-0.000670574954710901,-0.583374798297882,2.34331714316936e-06,278528
6631,1,0.331549991624343,0.331549991624343,-0.000669454515445977,-0.586795032024384,2.30984441824266e-06,278528
6632,1,0.331599991623079,0.331599991623079,-0.000666964624542743,-0.588971555233002,2.27649618785797e-06,278528
6633,1,0.331649991621816,0.331649991621816,-0.000664474791847169,-0.591769933700562,2.24327244910491e-06,278528
6634,1,0.331699991620553,0.331699991620553,-0.000661237922031432,-0.593324601650238,2.21021055383855e-06,278528
6635,1,0.33174999161929,0.33174999161929,-0.000657876662444323,-0.596433877944946,2.17731672154731e-06,278528
6636,1,0.331799991618027,0.331799991618027,-0.000652399030514061,-0.598299443721771,2.14469677084565e-06,278528
6637,1,0.331849991616764,0.331849991616764,-0.000648290733806789,-0.600165069103241,2.11228223497417e-06,278528
6638,1,0.331899991615501,0.331899991615501,-0.000642066122964025,-0.602652490139008,2.08017892963697e-06,278528
6639,1,0.331949991614238,0.331949991614238,-0.000636463984847069,-0.604518055915833,2.04835573119854e-06,278528
6640,1,0.331999991612975,0.331999991612975,-0.000630488386377692,-0.607005536556244,2.01683131267603e-06,278528
6641,1,0.332049991611711,0.332049991611711,-0.000623392290435731,-0.608560144901276,1.98566169894165e-06,278528
6642,1,0.332099991610448,0.332099991610448,-0.000616420758888125,-0.611047625541687,1.95484066177585e-06,278528
6643,1,0.332149991609185,0.332149991609185,-0.000609449110925198,-0.61229133605957,1.92436820699939e-06,278528
6644,1,0.332199991607922,0.332199991607922,-0.000600859173573554,-0.614467859268188,1.89432524907966e-06,278528
6645,1,0.332249991606659,0.332249991606659,-0.000592642580159009,-0.61602246761322,1.86469312082028e-06,278528
6646,1,0.332299991605396,0.332299991605396,-0.000583928136620671,-0.617577135562897,1.83549671472681e-06,278528
6647,1,0.332349991604133,0.332349991604133,-0.000574964738916606,-0.618820905685425,1.80674847850722e-06,278528
6648,1,0.33239999160287,0.33239999160287,-0.000565129797905684,-0.62068647146225,1.77849198932576e-06,278528
6649,1,0.332449991601607,0.332449991601607,-0.000555668375454843,-0.621930181980133,1.75070857125488e-06,278528
6650,1,0.332499991600343,0.332499991600343,-0.000545957940630615,-0.622862994670868,1.72341067491295e-06,278528
6651,1,0.33254999159908,0.33254999159908,-0.000535874045453966,-0.6244176030159,1.69661697331712e-06,278528
6652,1,0.332599991597817,0.332599991597817,-0.00052554119611159,-0.625661373138428,1.67033991417536e-06,278528
6653,1,0.332649991596554,0.332649991596554,-0.000514710263814777,-0.627526938915253,1.64460440163475e-06,278528
6654,1,0.332699991595291,0.332699991595291,-0.00050400395411998,-0.627837836742401,1.61940420456536e-06,278528
6655,1,0.332749991594028,0.332749991594028,-0.000493795552756637,-0.629392504692078,1.59471442755125e-06,278528
6656,1,0.332799991592765,0.332799991592765,-0.000481470837257802,-0.630636215209961,1.57064088629651e-06,278528
6657,1,0.332849991591502,0.332849991591502,-0.000470142025733367,-0.630325317382813,1.54713378560368e-06,278528
6658,1,0.332899991590239,0.332899991590239,-0.000458190741483122,-0.631879925727844,1.52422424910826e-06,278528
6659,1,0.332949991588976,0.332949991588976,-0.000446363905211911,-0.631879925727844,1.50190605441147e-06,278528
6660,1,0.332999991587712,0.332999991587712,-0.000434412650065497,-0.632812738418579,1.48018542245691e-06,278528
6661,1,0.333049991586449,0.333049991586449,-0.000422834855271503,-0.632812738418579,1.45904368022742e-06,278528
6662,1,0.333099991585186,0.333099991585186,-0.000410883571021259,-0.633745551109314,1.43849950219534e-06,278528
6663,1,0.333149991583923,0.333149991583923,-0.000398807809688151,-0.634367406368256,1.41855911221467e-06,278528
6664,1,0.33319999158266,0.33319999158266,-0.000386607542168349,-0.635922014713287,1.39922873559458e-06,278528
6665,1,0.333249991581397,0.333249991581397,-0.000374656257918105,-0.634056448936462,1.38049592317191e-06,278528
6666,1,0.333299991580134,0.333299991580134,-0.000362082530045882,-0.634989261627197,1.36239179712696e-06,278528
6667,1,0.333349991578871,0.333349991578871,-0.000349508773069829,-0.63530021905899,1.34491635891494e-06,278528
6668,1,0.333399991577608,0.333399991577608,-0.000337433011736721,-0.63530021905899,1.32804470875432e-06,278528
6669,1,0.333449991576344,0.333449991576344,-0.000324361288221553,-0.634367406368256,1.31182664475294e-06,278528
6670,1,0.333499991575081,0.333499991575081,-0.000311165087623522,-0.634678363800049,1.2962683907648e-06,278528
6671,1,0.333549991573818,0.333549991573818,-0.000299960753181949,-0.634367406368256,1.28127035348458e-06,278528
6672,1,0.333599991572555,0.333599991572555,-0.000286017602775246,-0.632812738418579,1.26696947370709e-06,278528
6673,1,0.333649991571292,0.333649991571292,-0.000274315301794559,-0.633745551109314,1.25325370896385e-06,278528
6674,1,0.333699991570029,0.333699991570029,-0.000261741573922336,-0.633123636245728,1.24016663059834e-06,278528
6675,1,0.333749991568766,0.333749991568766,-0.000248296390054747,-0.632190942764282,1.22775181140923e-06,278528
6676,1,0.333799991567503,0.333799991567503,-0.00023659408907406,-0.631569027900696,1.21592210725437e-06,278528
6677,1,0.33384999156624,0.33384999156624,-0.000223895840463229,-0.631569027900696,1.20472731551402e-06,278528
6678,1,0.333899991564977,0.333899991564977,-0.000211446604225785,-0.630325317382813,1.19415498556981e-06,278528
6679,1,0.333949991563713,0.333949991563713,-0.000198125911992975,-0.630325317382813,1.18424869022041e-06,278528
6680,1,0.33399999156245,0.33399999156245,-0.000185801152838394,-0.629392504692078,1.17495863281318e-06,278528
6681,1,0.334049991561187,0.334049991561187,-0.000173725376953371,-0.627837836742401,1.16627236418494e-06,278528
6682,1,0.334099991559924,0.334099991559924,-0.000160778174176812,-0.627216041088104,1.15823345567918e-06,278528
6683,1,0.334149991558661,0.334149991558661,-0.000148577892105095,-0.625350415706635,1.1508045612616e-06,278528
6684,1,0.334199991557398,0.334199991557398,-0.000136502130771987,-0.6244176030159,1.14397945489541e-06,278528
6685,1,0.334249991556135,0.334249991556135,-0.000123181438539177,-0.624106705188751,1.13782038312405e-06,278528
6686,1,0.334299991554872,0.334299991554872,-0.000111479130282532,-0.622552037239075,1.13224642675073e-06,278528
6687,1,0.334349991553609,0.334349991553609,-9.95278605842032e-05,-0.620064616203308,1.12727003384723e-06,278528
6688,1,0.334399991552345,0.334399991552345,-8.745208469918e-05,-0.618820905685425,1.12289742972274e-06,278528
6689,1,0.334449991551082,0.334449991551082,-7.55008077248931e-05,-0.617266237735748,1.11912238943186e-06,278528
6690,1,0.334499991549819,0.334499991549819,-6.34250318398699e-05,-0.615711569786072,1.11595113791998e-06,278528
6691,1,0.334549991548556,0.334549991548556,-5.22207083122339e-05,-0.61508971452713,1.11334010257032e-06,278528
6692,1,0.334599991547293,0.334599991547293,-3.96469695260748e-05,-0.613535046577454,1.1113577541441e-06,278528
6693,1,0.33464999154603,0.33464999154603,-2.74467038252624e-05,-0.610736668109894,1.1099854189875e-06,278528
6694,1,0.334699991544767,0.334699991544767,-1.67403486557305e-05,-0.608871102333069,1.10914840157586e-06,278528
6695,1,0.334749991543504,0.334749991543504,-4.7890707719489e-06,-0.606694579124451,1.10890894804331e-06,278528
6696,1,0.334799991542241,0.334799991542241,6.78873129800195e-06,-0.604518055915833,1.10924838459964e-06,278528
6697,1,0.334849991540977,0.334849991540977,1.79930575541221e-05,-0.602652490139008,1.11014803745462e-06,278528
6698,1,0.334899991539714,0.334899991539714,2.89483941742219e-05,-0.600475966930389,1.11159545712676e-06,278528
6699,1,0.334949991538451,0.334949991538451,4.10241664212663e-05,-0.598299443721771,1.11364666539601e-06,278528
6700,1,0.334999991537188,0.334999991537188,5.19795030413661e-05,-0.597366690635681,1.11624564048242e-06,278528
6701,1,0.335049991535925,0.335049991535925,6.36818076600321e-05,-0.593013644218445,1.11942973078499e-06,278528
6702,1,0.335099991534662,0.335099991534662,7.47616359149106e-05,-0.590837121009827,1.1231678124863e-06,278528
6703,1,0.335149991533399,0.335149991533399,8.50945070851594e-05,-0.589593410491943,1.12742253773308e-06,278528
6704,1,0.335199991532136,0.335199991532136,9.39334713621065e-05,-0.586795032024384,1.13211921118253e-06,278528
6705,1,0.335249991530873,0.335249991530873,0.000104017366538756,-0.583685755729675,1.13732007937809e-06,278528
6706,1,0.33529999152961,0.33529999152961,0.000116217634058557,-0.581820130348206,1.14313096093422e-06,278528
6707,1,0.335349991528346,0.335349991528346,0.000125430087791756,-0.578399896621704,1.14940246516538e-06,278528
6708,1,0.335399991527083,0.335399991527083,0.000135264999698848,-0.576223373413086,1.15616571497946e-06,278528
6709,1,0.33544999152582,0.33544999152582,0.000145099897054024,-0.573424994945526,1.16342070964889e-06,278528
6710,1,0.335499991524557,0.335499991524557,0.000154685811139643,-0.570004820823669,1.17115500001049e-06,278528
6711,1,0.335549991523294,0.335549991523294,0.000164022741955705,-0.5681391954422,1.17935613690109e-06,278528
6712,1,0.335599991522031,0.335599991522031,0.000172737229149789,-0.565029919147491,1.1879929981404e-06,278528
6713,1,0.335649991520768,0.335649991520768,0.000181576193426736,-0.563475251197815,1.19707180758238e-06,278528
6714,1,0.335699991519505,0.335699991519505,0.000192158040590584,-0.559433162212372,1.2066797093692e-06,278528
6715,1,0.335749991518242,0.335749991518242,0.000199005153262988,-0.55601292848587,1.21662996678098e-06,278528
6716,1,0.335799991516978,0.335799991516978,0.000208591067348607,-0.552903652191162,1.22705951988494e-06,278528
6717,1,0.335849991515715,0.335849991515715,0.000216434083995409,-0.549172461032867,1.23788122381133e-06,278528
6718,1,0.335899991514452,0.335899991514452,0.000225273062824272,-0.546995937824249,1.249144876668e-06,278528
6719,1,0.335949991513189,0.335949991513189,0.000233738537644967,-0.544197559356689,1.26083180325501e-06,278528
6720,1,0.335999991511926,0.335999991511926,0.000240336652495898,-0.541710138320923,1.27284863557624e-06,278528
6721,1,0.336049991510663,0.336049991510663,0.000249175616772845,-0.537667989730835,1.28530741610014e-06,278528
6722,1,0.3360999915094,0.3360999915094,0.000255524704698473,-0.535180568695068,1.29808365101231e-06,278528
6723,1,0.336149991508137,0.336149991508137,0.00026448821881786,-0.530827581882477,1.31130806161913e-06,278528
6724,1,0.336199991506874,0.336199991506874,0.000273078185273334,-0.528651058673859,1.32496197053787e-06,278528
6725,1,0.336249991505611,0.336249991505611,0.000279925268841907,-0.525852680206299,1.33895823362639e-06,278528
6726,1,0.336299991504347,0.336299991504347,0.000286274385871366,-0.521499633789063,1.35327195255836e-06,278528
6727,1,0.336349991503084,0.336349991503084,0.000293370452709496,-0.518701255321503,1.36794047482328e-06,278528
6728,1,0.336399991501821,0.336399991501821,0.000299968553008512,-0.515281021595001,1.38293890209481e-06,278528
6729,1,0.336449991500558,0.336449991500558,0.000306442147120833,-0.512171685695648,1.39826100906378e-06,278528
6730,1,0.336499991499295,0.336499991499295,0.000312417803797871,-0.508440554141998,1.41388189885906e-06,278528
6731,1,0.336549991498032,0.336549991498032,0.000320011837175116,-0.505020320415497,1.42988249031361e-06,278528
6732,1,0.336599991496769,0.336599991496769,0.000324991560773924,-0.501911044120789,1.44613206794181e-06,278528
6733,1,0.336649991495506,0.336649991495506,0.000331714109051973,-0.497247040271759,1.46271777297541e-06,278528
6734,1,0.336699991494243,0.336699991494243,0.000337191799189895,-0.495070546865463,1.479577362509e-06,278528
6735,1,0.336749991492979,0.336749991492979,0.000344536849297583,-0.491650313138962,1.49680420453869e-06,278528
6736,1,0.336799991491716,0.336799991491716,0.000349765556165949,-0.48791915178299,1.5142924819052e-06,278528
6737,1,0.336849991490453,0.336849991490453,0.00035486975684762,-0.484498918056488,1.53203596929934e-06,278528
6738,1,0.33689999148919,0.33689999148919,0.000360845355316997,-0.480456829071045,1.55007823660941e-06,278528
6739,1,0.336949991487927,0.336949991487927,0.000366323045454919,-0.477658420801163,1.56839438841945e-06,278528
6740,1,0.336999991486664,0.336999991486664,0.000371178262867033,-0.473927289247513,1.58695330109396e-06,278528
6741,1,0.337049991485401,0.337049991485401,0.000377153890440241,-0.470507025718689,1.60581099513959e-06,278528
6742,1,0.337099991484138,0.337099991484138,0.000382258091121912,-0.467708677053452,1.62492389921285e-06,278528
6743,1,0.337149991482875,0.337149991482875,0.000388358224881813,-0.463977485895157,1.6443418099664e-06,278528
6744,1,0.337199991481612,0.337199991481612,0.000392839923733845,-0.462111949920654,1.6639838056569e-06,278528
6745,1,0.337249991480348,0.337249991480348,0.000397944124415517,-0.457447946071625,1.68388101137503e-06,278528
6746,1,0.337299991479085,0.337299991479085,0.000402799341827631,-0.454027712345123,1.70402097795763e-06,278528
6747,1,0.337349991477822,0.337349991477822,0.000408650521421805,-0.451851218938828,1.72445350351255e-06,278528
6748,1,0.337399991476559,0.337399991476559,0.00041524859261699,-0.447809129953384,1.7452159326189e-06,278528
6749,1,0.337449991475296,0.337449991475296,0.00041997930384241,-0.444077968597412,1.76621489728054e-06,278528
6750,1,0.337499991474033,0.337499991474033,0.000424710015067831,-0.440657734870911,1.78745039749748e-06,278528
6751,1,0.33754999147277,0.33754999147277,0.000430187705205753,-0.437859326601028,1.80895978221439e-06,278528
6752,1,0.337599991471507,0.337599991471507,0.000435167399700731,-0.435060977935791,1.83071815164977e-06,278528
6753,1,0.337649991470244,0.337649991470244,0.0004395246214699,-0.43164074420929,1.8526943821681e-06,278528
6754,1,0.33769999146898,0.33769999146898,0.000445002311607823,-0.427909553050995,1.8749444971864e-06,278528
6755,1,0.337749991467717,0.337749991467717,0.000449733022833243,-0.424489349126816,1.89743114776e-06,278528
6756,1,0.337799991466454,0.337799991466454,0.000455584173323587,-0.422623753547668,1.92021035585073e-06,278528
6757,1,0.337849991465191,0.337849991465191,0.000460937328170985,-0.419514447450638,1.94325722167707e-06,278528
6758,1,0.337899991463928,0.337899991463928,0.000466041528852656,-0.41640517115593,1.96655929753104e-06,278528
6759,1,0.337949991462665,0.337949991462665,0.000472266168799251,-0.412984907627106,1.99017260537448e-06,278528
6760,1,0.337999991461402,0.337999991461402,0.000476747896755114,-0.409875631332397,2.01400999961005e-06,278528
6761,1,0.338049991460139,0.338049991460139,0.00048197660362348,-0.407388180494308,2.03810882918244e-06,278528
6762,1,0.338099991458876,0.338099991458876,0.000486707285745069,-0.40583348274231,2.06244419285493e-06,278528
6763,1,0.338149991457612,0.338149991457612,0.000491687038447708,-0.401791393756866,2.08702854415626e-06,278528
6764,1,0.338199991456349,0.338199991456349,0.000497289176564664,-0.398371189832687,2.11189300235637e-06,278528
6765,1,0.338249991455086,0.338249991455086,0.000501646369230002,-0.395572811365128,2.13697532018423e-06,278528
6766,1,0.338299991453823,0.338299991453823,0.000506999553181231,-0.393396288156509,2.1623252972029e-06,278528
6767,1,0.33834999145256,0.33834999145256,0.000511107791680843,-0.39059790968895,2.18788068614136e-06,278528
6768,1,0.338399991451297,0.338399991451297,0.000514842569828033,-0.389043271541595,2.21362281398246e-06,278528
6769,1,0.338449991450034,0.338449991450034,0.000520195753779262,-0.38500115275383,2.23963260101436e-06,278528
6770,1,0.338499991448771,0.338499991448771,0.00052380608394742,-0.383446514606476,2.26582290455011e-06,278528
6771,1,0.338549991447508,0.338549991447508,0.000528287782799453,-0.38127002120018,2.2922372930228e-06,278528
6772,1,0.338599991446245,0.338599991446245,0.000531524536199868,-0.378782570362091,2.31881351916142e-06,278528
6773,1,0.338649991444981,0.338649991444981,0.000535383878741413,-0.377538830041885,2.34558271242224e-06,278528
6774,1,0.338699991443718,0.338699991443718,0.000538620632141829,-0.373807668685913,2.372513743349e-06,278528
6775,1,0.338749991442455,0.338749991442455,0.000542230962309986,-0.371009290218353,2.3996252907796e-06,278528
6776,1,0.338799991441192,0.338799991441192,0.000545094313565642,-0.368210941553116,2.42688000576937e-06,278528
6777,1,0.338849991439929,0.338849991439929,0.000546712661162019,-0.36696720123291,2.45421563813692e-06,278528
6778,1,0.338899991438666,0.338899991438666,0.000548829033505172,-0.365412533283234,2.48165708911895e-06,278528
6779,1,0.338949991437403,0.338949991437403,0.000551069912035018,-0.362614154815674,2.50921058402464e-06,278528
6780,1,0.33899999143614,0.33899999143614,0.000551692326553166,-0.360748589038849,2.53679519965545e-06,278528
6781,1,0.339049991434877,0.339049991434877,0.000553684250917286,-0.358882993459702,2.56447941150195e-06,278528
6782,1,0.339099991433613,0.339099991433613,0.000555800565052778,-0.357328355312347,2.59226943905256e-06,278528
6783,1,0.33914999143235,0.33914999143235,0.000555551610887051,-0.3554627597332,2.62004701889519e-06,278528
6784,1,0.339199991431087,0.339199991431087,0.000556672050151974,-0.354219049215317,2.64788062069965e-06,278528
6785,1,0.339249991429824,0.339249991429824,0.000556423095986247,-0.351731598377228,2.67570177479614e-06,278528
6786,1,0.339299991428561,0.339299991428561,0.000555427104700357,-0.350798815488815,2.7034731293296e-06,278528
6787,1,0.339349991427298,0.339349991427298,0.000554680183995515,-0.34955507516861,2.73120713782875e-06,278528
6788,1,0.339399991426035,0.339399991426035,0.000554431229829788,-0.347689509391785,2.75892869861994e-06,278528
6789,1,0.339449991424772,0.339449991424772,0.000553310732357204,-0.345823913812637,2.78659423453891e-06,278528
6790,1,0.339499991423509,0.339499991423509,0.000551443372387439,-0.344580173492432,2.81416640246175e-06,278528
6791,1,0.339549991422246,0.339549991422246,0.000548206618987024,-0.344580173492432,2.84157673271866e-06,278528
6792,1,0.339599991420982,0.339599991420982,0.000546961673535407,-0.343336492776871,2.86892481570455e-06,278528
6793,1,0.339649991419719,0.339649991419719,0.000542977883014828,-0.343025535345078,2.89607370916946e-06,278528
6794,1,0.339699991418456,0.339699991418456,0.000541608431376517,-0.341470897197723,2.92315413005417e-06,278528
6795,1,0.339749991417193,0.339749991417193,0.000538371677976102,-0.339605331420898,2.95007271327296e-06,278528
6796,1,0.33979999141593,0.33979999141593,0.000533640966750681,-0.3380506336689,2.97675476093645e-06,278528
6797,1,0.339849991414667,0.339849991414667,0.000530279648955911,-0.3380506336689,3.00326874271444e-06,278528
6798,1,0.339899991413404,0.339899991413404,0.000524553004652262,-0.3380506336689,3.02949639228449e-06,278528
6799,1,0.339949991412141,0.339949991412141,0.000519075314514339,-0.337428778409958,3.05545015735456e-06,278528
6800,1,0.339999991410878,0.339999991410878,0.000514718121849,-0.336185097694397,3.08118606279687e-06,278528
6801,1,0.340049991409614,0.340049991409614,0.000507746473886073,-0.336185097694397,3.10657338584983e-06,278528
6802,1,0.340099991408351,0.340099991408351,0.00050326477503404,-0.336185097694397,3.13173662396586e-06,278528
6803,1,0.340149991407088,0.340149991407088,0.000496417691465467,-0.335563242435455,3.1565575079121e-06,278528
6804,1,0.340199991405825,0.340199991405825,0.000489944126456976,-0.334941357374191,3.1810547136161e-06,278528
6805,1,0.340249991404562,0.340249991404562,0.000482474541058764,-0.334941357374191,3.20517844005962e-06,278528
6806,1,0.340299991403299,0.340299991403299,0.000473760068416595,-0.334941357374191,3.22886644288204e-06,278528
6807,1,0.340349991402036,0.340349991402036,0.000467286474304274,-0.33463042974472,3.25223076600702e-06,278528
6808,1,0.340399991400773,0.340399991400773,0.000458571972558275,-0.334941357374191,3.27515936405571e-06,278528
6809,1,0.34044999139951,0.34044999139951,0.000450230989372358,-0.334941357374191,3.29767091295564e-06,278528
6810,1,0.340499991398246,0.340499991398246,0.000441018550191075,-0.335563242435455,3.31972183990814e-06,278528
6811,1,0.340549991396983,0.340549991396983,0.000432553060818464,-0.336495995521545,3.3413494924027e-06,278528
6812,1,0.34059999139572,0.34059999139572,0.000423091638367623,-0.335874140262604,3.36250407378668e-06,278528
6813,1,0.340649991394457,0.340649991394457,0.00041288323700428,-0.337428778409958,3.38314823511537e-06,278528
6814,1,0.340699991393194,0.340699991393194,0.00040242588147521,-0.337117880582809,3.40326952868083e-06,278528
6815,1,0.340749991391931,0.340749991391931,0.000392093003029004,-0.337739735841751,3.42287417833702e-06,278528
6816,1,0.340799991390668,0.340799991390668,0.000382133614039049,-0.338672518730164,3.4419808585563e-06,278528
6817,1,0.340849991389405,0.340849991389405,0.00037005779449828,-0.339916229248047,3.46048374781379e-06,278528
6818,1,0.340899991388142,0.340899991388142,0.000360471894964576,-0.339916229248047,3.47850734210671e-06,278528
6819,1,0.340949991386879,0.340949991386879,0.000348520610714331,-0.34022718667984,3.4959333722022e-06,278528
6820,1,0.340999991385615,0.340999991385615,0.000336942815920338,-0.342092782258987,3.51278051257263e-06,278528
6821,1,0.341049991384352,0.341049991384352,0.000325240514939651,-0.343025535345078,3.5290425379088e-06,278528
6822,1,0.341099991383089,0.341099991383089,0.000311795331072062,-0.344891130924225,3.54463230406857e-06,278528
6823,1,0.341149991381826,0.341149991381826,0.000300840009003878,-0.345202058553696,3.55967430413877e-06,278528
6824,1,0.341199991380563,0.341199991380563,0.000287394796032459,-0.346756726503372,3.57404404357738e-06,278528
6825,1,0.3412499913793,0.3412499913793,0.000274447578703985,-0.348933219909668,3.58776642216593e-06,278528
6826,1,0.341299991378037,0.341299991378037,0.00026212286320515,-0.350798815488815,3.60087256499509e-06,278528
6827,1,0.341349991376774,0.341349991376774,0.000248179654590786,-0.352353453636169,3.61328154741116e-06,278528
6828,1,0.341399991375511,0.341399991375511,0.000235107960179448,-0.352353453636169,3.62503694512316e-06,278528
6829,1,0.341449991374247,0.341449991374247,0.000221413793042302,-0.352975308895111,3.63610763449561e-06,278528
6830,1,0.341499991372984,0.341499991372984,0.000207968594622798,-0.357328355312347,3.64650606396406e-06,278528
6831,1,0.341549991371721,0.341549991371721,0.00019302949658595,-0.357950210571289,3.65615753854954e-06,278528
6832,1,0.341599991370458,0.341599991370458,0.000179957787622698,-0.358882993459702,3.66515542770337e-06,278528
6833,1,0.341649991369195,0.341649991369195,0.000165143166668713,-0.361992299556732,3.67341258582821e-06,278528
6834,1,0.341699991367932,0.341699991367932,0.00015169799735304,-0.36385789513588,3.68099748550425e-06,278528
6835,1,0.341749991366669,0.341749991366669,0.000135762951686047,-0.365101605653763,3.68778563291707e-06,278528
6836,1,0.341799991365406,0.341799991365406,0.000120823860925157,-0.368210941553116,3.69382682581072e-06,278528
6837,1,0.341849991364143,0.341849991364143,0.000107627653051168,-0.369454652070999,3.69920820832733e-06,278528
6838,1,0.34189999136288,0.34189999136288,9.14436313905753e-05,-0.371631145477295,3.70378038978136e-06,278528
6839,1,0.341949991361616,0.341949991361616,7.71269915276207e-05,-0.373807668685913,3.70763673926032e-06,278528
6840,1,0.341999991360353,0.341999991360353,6.14409291301854e-05,-0.375984191894531,3.71070878563922e-06,278528
6841,1,0.34204999135909,0.34204999135909,4.58793765574228e-05,-0.37909346818924,3.71300275440914e-06,278528
6842,1,0.342099991357827,0.342099991357827,3.24341854138765e-05,-0.380959063768387,3.71462446363887e-06,278528
6843,1,0.342149991356564,0.342149991356564,1.6374651750084e-05,-0.383757412433624,3.71544319620569e-06,278528
6844,1,0.342199991355301,0.342199991355301,1.31106162370997e-06,-0.385933965444565,3.71550874928522e-06,278528
6845,1,0.342249991354038,0.342249991354038,-1.33790526888333e-05,-0.388421416282654,3.71483979666768e-06,278528
6846,1,0.342299991352775,0.342299991352775,-3.06835099763703e-05,-0.391841650009155,3.71330562120761e-06,278528
6847,1,0.342349991351512,0.342349991351512,-4.53736211056821e-05,-0.39370721578598,3.71103694020964e-06,278528
6848,1,0.342399991350248,0.342399991350248,-6.13086594967172e-05,-0.39650559425354,3.70797150731224e-06,278528
6849,1,0.342449991348985,0.342449991348985,-7.71192062529735e-05,-0.400236755609512,3.70411554709701e-06,278528
6850,1,0.342499991347722,0.342499991347722,-9.18093210202642e-05,-0.40241327881813,3.69952508116196e-06,278528
6851,1,0.342549991346459,0.342549991346459,-0.000107121893961448,-0.405522584915161,3.69416898659919e-06,278528
6852,1,0.342599991345196,0.342599991345196,-0.000123305930173956,-0.407699078321457,3.68800369024624e-06,278528
6853,1,0.342649991343933,0.342649991343933,-0.000138618488563225,-0.411119312047958,3.68107276599317e-06,278528
6854,1,0.34269999134267,0.34269999134267,-0.000153806584421545,-0.414228618144989,3.67338243696637e-06,278528
6855,1,0.342749991341407,0.342749991341407,-0.000168372207554057,-0.416716068983078,3.66496382680134e-06,278528
6856,1,0.342799991340144,0.342799991340144,-0.000182937830686569,-0.421069115400314,3.65581693549808e-06,278528
6857,1,0.34284999133888,0.34284999133888,-0.000199370828340761,-0.423556536436081,3.64584839433287e-06,278528
6858,1,0.342899991337617,0.342899991337617,-0.000214683415833861,-0.426665842533112,3.63511422381234e-06,278528
6859,1,0.342949991336354,0.342949991336354,-0.000229747020057403,-0.429153293371201,3.62362687309967e-06,278528
6860,1,0.342999991335091,0.342999991335091,-0.000244561641011387,-0.43164074420929,3.611398791358e-06,278528
6861,1,0.343049991333828,0.343049991333828,-0.000259874184848741,-0.435682833194733,3.59840508244382e-06,278528
6862,1,0.343099991332565,0.343099991332565,-0.000275062251603231,-0.439724922180176,3.58465197021109e-06,278528
6863,1,0.343149991331302,0.343149991331302,-0.000289378920570016,-0.442212373018265,3.5701830245481e-06,278528
6864,1,0.343199991330039,0.343199991330039,-0.000304566987324506,-0.445321679115295,3.55495467556658e-06,278528
6865,1,0.343249991328776,0.343249991328776,-0.00031851016683504,-0.448430985212326,3.53902916762714e-06,278528
6866,1,0.343299991327513,0.343299991327513,-0.000332577794324607,-0.452162146568298,3.52240027833099e-06,278528
6867,1,0.343349991326249,0.343349991326249,-0.000347392400726676,-0.455271452665329,3.50503065873345e-06,278528
6868,1,0.343399991324986,0.343399991324986,-0.000360837584594265,-0.45869168639183,3.48698877995951e-06,278528
6869,1,0.343449991323723,0.343449991323723,-0.00037515425356105,-0.460246354341507,3.46823106775532e-06,278528
6870,1,0.34349999132246,0.34349999132246,-0.000389221881050617,-0.465221226215363,3.44876997419442e-06,278528
6871,1,0.343549991321197,0.343549991321197,-0.000402418052544817,-0.468019604682922,3.42864907207547e-06,278528
6872,1,0.343599991319934,0.343599991319934,-0.000417357165133581,-0.47268357872963,3.40778121434596e-06,278528
6873,1,0.343649991318671,0.343649991318671,-0.000428810511948541,-0.474860072135925,3.38634068929017e-06,278528
6874,1,0.343699991317408,0.343699991317408,-0.000442504679085687,-0.478902161121368,3.36421545589481e-06,278528
6875,1,0.343749991316145,0.343749991316145,-0.000454455963335931,-0.482322424650192,3.34149265830204e-06,278528
6876,1,0.343799991314881,0.343799991314881,-0.000467527657747269,-0.485431700944901,3.31811627600522e-06,278528
6877,1,0.343849991313618,0.343849991313618,-0.000480350397992879,-0.489162862300873,3.29409875671231e-06,278528
6878,1,0.343899991312355,0.343899991312355,-0.000492426217533648,-0.493204951286316,3.26947744645761e-06,278528
6879,1,0.343949991311092,0.343949991311092,-0.000503754999954253,-0.496003359556198,3.24428969709619e-06,278528
6880,1,0.343999991309829,0.343999991309829,-0.000515706255100667,-0.499112635850906,3.21850438499255e-06,278528
6881,1,0.344049991308566,0.344049991308566,-0.000526163610629737,-0.50253289937973,3.19219620512567e-06,278528
6882,1,0.344099991307303,0.344099991307303,-0.000537616957444698,-0.505020320415497,3.1653153579325e-06,278528
6883,1,0.34414999130604,0.34414999130604,-0.000548323267139494,-0.509373366832733,3.13789919526811e-06,278528
6884,1,0.344199991304777,0.344199991304777,-0.000558780622668564,-0.5118607878685,3.10996016484049e-06,278528
6885,1,0.344249991303514,0.344249991303514,-0.000568242103327066,-0.515281021595001,3.08154806039188e-06,278528
6886,1,0.34429999130225,0.34429999130225,-0.000577205559238791,-0.519634068012238,3.05268778315901e-06,278528
6887,1,0.344349991300987,0.344349991300987,-0.000586667039897293,-0.522743344306946,3.02335443190517e-06,278528
6888,1,0.344399991299724,0.344399991299724,-0.00059500802308321,-0.525541722774506,2.99360403150257e-06,278528
6889,1,0.344449991298461,0.344449991298461,-0.000603597960434854,-0.528651058673859,2.96342413424324e-06,278528
6890,1,0.344499991297198,0.344499991297198,-0.000611814437434077,-0.53300404548645,2.93283341314432e-06,278528
6891,1,0.344549991295935,0.344549991295935,-0.000620155478827655,-0.535491526126862,2.90182563998626e-06,278528
6892,1,0.344599991294672,0.344599991294672,-0.000627251516561955,-0.538289844989777,2.87046306495045e-06,278528
6893,1,0.344649991293409,0.344649991293409,-0.000633227115031332,-0.542021036148071,2.83880170999871e-06,278528
6894,1,0.344699991292146,0.344699991292146,-0.000638580357190222,-0.545130372047424,2.8068726929458e-06,278528
6895,1,0.344749991290882,0.344749991290882,-0.000644680520053953,-0.548239648342133,2.7746386677574e-06,278528
6896,1,0.344799991289619,0.344799991289619,-0.000649535679258406,-0.551970839500427,2.74216188461491e-06,278528
6897,1,0.344849991288356,0.344849991288356,-0.000654515402857214,-0.554147362709045,2.70943611529877e-06,278528
6898,1,0.344899991287093,0.344899991287093,-0.000658623641356826,-0.557567596435547,2.67650493406284e-06,278528
6899,1,0.34494999128583,0.34494999128583,-0.000662980834022164,-0.560987830162048,2.64335589319915e-06,278528
6900,1,0.344999991284567,0.344999991284567,-0.000665097264572978,-0.563786149024963,2.61010103081059e-06,278528
6901,1,0.345049991283304,0.345049991283304,-0.000667711603455245,-0.56534081697464,2.57671545148122e-06,278528
6902,1,0.345099991282041,0.345099991282041,-0.000670076929964125,-0.569382905960083,2.54321160582939e-06,278528
6903,1,0.345149991280778,0.345149991280778,-0.000671570829581469,-0.57093757390976,2.50963306519858e-06,278528
6904,1,0.345199991279515,0.345199991279515,-0.00067294022301212,-0.574046909809113,2.47598605489797e-06,278528
6905,1,0.345249991278251,0.345249991278251,-0.000673189293593168,-0.576223373413086,2.44232659106862e-06,278528
6906,1,0.345299991276988,0.345299991276988,-0.000673313799779862,-0.579332709312439,2.4086609019301e-06,278528
6907,1,0.345349991275725,0.345349991275725,-0.000672691268846393,-0.582131087779999,2.37502633933746e-06,278528
6908,1,0.345399991274462,0.345399991274462,-0.000670326000545174,-0.584618508815765,2.34151004015689e-06,278528
6909,1,0.345449991273199,0.345449991273199,-0.000668831984512508,-0.58648407459259,2.30806844177607e-06,278528
6910,1,0.345499991271936,0.345499991271936,-0.000666964624542743,-0.589904308319092,2.27472021139138e-06,278528
6911,1,0.345549991270673,0.345549991270673,-0.000663603364955634,-0.591458976268768,2.2415400439818e-06,278528
6912,1,0.34559999126941,0.34559999126941,-0.000660988967865705,-0.593324601650238,2.20849059642342e-06,278528
6913,1,0.345649991268147,0.345649991268147,-0.0006567562231794,-0.59674483537674,2.175652786094e-06,278528
6914,1,0.345699991266883,0.345699991266883,-0.000651901063974947,-0.599543154239655,2.14305773371867e-06,278528
6915,1,0.34574999126562,0.34574999126562,-0.000647543813101947,-0.601719737052917,2.11068054388149e-06,278528
6916,1,0.345799991264357,0.345799991264357,-0.000640945741906762,-0.603585243225098,2.07863325759574e-06,278528
6917,1,0.345849991263094,0.345849991263094,-0.000636090524494648,-0.605761826038361,2.04682873217445e-06,278528
6918,1,0.345899991261831,0.345899991261831,-0.000629492395091802,-0.607316434383392,2.01535411321498e-06,278528
6919,1,0.345949991260568,0.345949991260568,-0.000622645311523229,-0.608249247074127,1.98422184842529e-06,278528
6920,1,0.345999991259305,0.345999991259305,-0.000614802294876426,-0.611669480800629,1.95348173445802e-06,278528
6921,1,0.346049991258042,0.346049991258042,-0.000607457186561078,-0.612602233886719,1.92310887589725e-06,278528
6922,1,0.346099991256779,0.346099991256779,-0.000598493730649352,-0.614467859268188,1.89318419012075e-06,278528
6923,1,0.346149991255515,0.346149991255515,-0.000590277253650129,-0.61602246761322,1.86367032818382e-06,278528
6924,1,0.346199991254252,0.346199991254252,-0.000582309789024293,-0.618199050426483,1.83455483946813e-06,278528
6925,1,0.346249991252989,0.346249991252989,-0.000573221768718213,-0.619753658771515,1.80589375175626e-06,278528
6926,1,0.346299991251726,0.346299991251726,-0.00056301336735487,-0.620375514030457,1.77774308409966e-06,278528
6927,1,0.346349991250463,0.346349991250463,-0.000553925463464111,-0.622862994670868,1.75004681162612e-06,278528
6928,1,0.3463999912492,0.3463999912492,-0.00054309464758262,-0.62348484992981,1.72289207993298e-06,278528
6929,1,0.346449991247937,0.346449991247937,-0.000532886246219277,-0.625039458274841,1.6962477682951e-06,278528
6930,1,0.346499991246674,0.346499991246674,-0.000522553396876901,-0.625661373138428,1.6701200991113e-06,278528
6931,1,0.346549991245411,0.346549991245411,-0.000511971476953477,-0.627216041088104,1.6445215259103e-06,278528
6932,1,0.346599991244148,0.346599991244148,-0.000501016154885292,-0.627837836742401,1.61947071879887e-06,278528
6933,1,0.346649991242884,0.346649991242884,-0.000490434293169528,-0.629392504692078,1.59494900475987e-06,278528
6934,1,0.346699991241621,0.346699991241621,-0.000479229929624125,-0.630636215209961,1.57098750888398e-06,278528
6935,1,0.346749991240358,0.346749991240358,-0.000468399084638804,-0.631569027900696,1.54756755524368e-06,278528
6936,1,0.346799991239095,0.346799991239095,-0.000456074369139969,-0.632501840591431,1.52476383736275e-06,278528
6937,1,0.346849991237832,0.346849991237832,-0.000443874101620167,-0.631879925727844,1.5025701328424e-06,278528
6938,1,0.346899991236569,0.346899991236569,-0.000431922788266093,-0.633123636245728,1.48097399397466e-06,278528
6939,1,0.346949991235306,0.346949991235306,-0.00042034502257593,-0.633434653282166,1.4599567433768e-06,278528
6940,1,0.346999991234043,0.346999991234043,-0.000408269232138991,-0.633745551109314,1.43954328228554e-06,278528
6941,1,0.34704999123278,0.34704999123278,-0.000396691437344998,-0.633434653282166,1.41970871091936e-06,278528
6942,1,0.347099991231516,0.347099991231516,-0.000383246253477409,-0.634678363800049,1.40054639872957e-06,278528
6943,1,0.347149991230253,0.347149991230253,-0.00037179293576628,-0.63530021905899,1.38195675241087e-06,278528
6944,1,0.34719999122899,0.34719999122899,-0.000358596735168248,-0.636854827404022,1.3640269161054e-06,278528
6945,1,0.347249991227727,0.347249991227727,-0.00034652094473131,-0.634367406368256,1.34670086930653e-06,278528
6946,1,0.347299991226464,0.347299991226464,-0.000334943179041147,-0.634989261627197,1.32995371077754e-06,278528
6947,1,0.347349991225201,0.347349991225201,-0.000321248982800171,-0.634989261627197,1.3138912620433e-06,278528
6948,1,0.347399991223938,0.347399991223938,-0.000308799761114642,-0.634678363800049,1.29845127437762e-06,278528
6949,1,0.347449991222675,0.347449991222675,-0.000296475016511977,-0.634056448936462,1.2836275239265e-06,278528
6950,1,0.347499991221412,0.347499991221412,-0.000283154280623421,-0.634367406368256,1.26946981025298e-06,278528
6951,1,0.347549991220149,0.347549991220149,-0.000271202996373177,-0.633434653282166,1.25590966077688e-06,278528
6952,1,0.347599991218885,0.347599991218885,-0.000258753774687648,-0.633123636245728,1.24297197236933e-06,278528
6953,1,0.347649991217622,0.347649991217622,-0.000246180017711595,-0.632501840591431,1.2306629717947e-06,278528
6954,1,0.347699991216359,0.347699991216359,-0.000232485821470618,-0.631569027900696,1.21903868101482e-06,278528
6955,1,0.347749991215096,0.347749991215096,-0.000220036585233174,-0.630947172641754,1.2080368520311e-06,278528
6956,1,0.347799991213833,0.347799991213833,-0.000208458790439181,-0.630014359951019,1.19761391277244e-06,278528
6957,1,0.34784999121257,0.34784999121257,-0.000195138083654456,-0.630325317382813,1.1878570088362e-06,278528
6958,1,0.347899991211307,0.347899991211307,-0.000182066389243118,-0.629081547260284,1.17875368960401e-06,278528
6959,1,0.347949991210044,0.347949991210044,-0.000170115090440959,-0.628459751605988,1.17024793529684e-06,278528
6960,1,0.347999991208781,0.347999991208781,-0.000158163820742629,-0.626283228397369,1.16233974445948e-06,278528
6961,1,0.348049991207517,0.348049991207517,-0.000144469639053568,-0.625661373138428,1.15511626268929e-06,278528
6962,1,0.348099991206254,0.348099991206254,-0.000131771419546567,-0.6244176030159,1.1485276918784e-06,278528
6963,1,0.348149991204991,0.348149991204991,-0.000120567092380952,-0.623173892498016,1.14249933741164e-06,278528
6964,1,0.348199991203728,0.348199991203728,-0.000107993349956814,-0.62161922454834,1.13709967005021e-06,278528
6965,1,0.348249991202465,0.348249991202465,-9.5544099167455e-05,-0.619753658771515,1.13232246521252e-06,278528
6966,1,0.348299991201202,0.348299991201202,-8.43397792777978e-05,-0.619131803512573,1.12810547635516e-06,278528
6967,1,0.348349991199939,0.348349991199939,-7.18905284884386e-05,-0.616644322872162,1.12451095002154e-06,278528
6968,1,0.348399991198676,0.348399991198676,-6.04372144152876e-05,-0.615400671958923,1.12148908937712e-06,278528
6969,1,0.348449991197413,0.348449991197413,-4.86104290757794e-05,-0.613846004009247,1.11905856798473e-06,278528
6970,1,0.348499991196149,0.348499991196149,-3.62856699211989e-05,-0.61229133605957,1.1172442845345e-06,278528
6971,1,0.348549991194886,0.348549991194886,-2.43343911279226e-05,-0.609803915023804,1.11602756500884e-06,278528
6972,1,0.348599991193623,0.348599991193623,-1.30055750560132e-05,-0.608249247074127,1.11537728627247e-06,278528
6973,1,0.34864999119236,0.34864999119236,-1.92574316315586e-06,-0.607005536556244,1.11528099911674e-06,278528
6974,1,0.348699991191097,0.348699991191097,9.52756636252161e-06,-0.604518055915833,1.11575737742283e-06,278528
6975,1,0.348749991189834,0.348749991189834,2.06073982553789e-05,-0.601408779621124,1.11678774730957e-06,278528
6976,1,0.348799991188571,0.348799991188571,3.18117236020043e-05,-0.600786924362183,1.11837833344949e-06,278528
6977,1,0.348849991187308,0.348849991187308,4.32650267612189e-05,-0.59767758846283,1.1205415847329e-06,278528
6978,1,0.348899991186045,0.348899991186045,5.39713837497402e-05,-0.596122980117798,1.12324015385222e-06,278528
6979,1,0.348949991184782,0.348949991184782,6.60471559967846e-05,-0.593013644218445,1.12654251156863e-06,278528
6980,1,0.348999991183518,0.348999991183518,7.52596024540253e-05,-0.59114807844162,1.13030549159627e-06,278528
6981,1,0.349049991182255,0.349049991182255,8.52190059958957e-05,-0.58928245306015,1.13456644178843e-06,278528
6982,1,0.349099991180992,0.349099991180992,9.70457840594463e-05,-0.585862219333649,1.13941873086882e-06,278528
6983,1,0.349149991179729,0.349149991179729,0.000106258230516687,-0.583374798297882,1.14473164226044e-06,278528
6984,1,0.349199991178466,0.349199991178466,0.000116591116238851,-0.580576419830322,1.15056119792512e-06,278528
6985,1,0.349249991177203,0.349249991177203,0.000126799495774321,-0.578088998794556,1.15690117255367e-06,278528
6986,1,0.34929999117594,0.34929999117594,0.000137007868033834,-0.575290620326996,1.16375156578231e-06,278528
6987,1,0.349349991174677,0.349349991174677,0.000147465252666734,-0.572803139686584,1.17112482822938e-06,278528
6988,1,0.349399991173414,0.349399991173414,0.000156304216943681,-0.570315718650818,1.17894003887914e-06,278528
6989,1,0.34944999117215,0.34944999117215,0.000165641162311658,-0.566895484924316,1.1872220967855e-06,278528
6990,1,0.349499991170887,0.349499991170887,0.000175600551301613,-0.565029919147491,1.19600212412877e-06,278528
6991,1,0.349549991169624,0.349549991169624,0.000182821109774522,-0.561298727989197,1.20514317938658e-06,278528
6992,1,0.349599991168361,0.349599991168361,0.000193900952581316,-0.558189451694489,1.21483822677073e-06,278528
6993,1,0.349649991167098,0.349649991167098,0.000201992952497676,-0.555080115795135,1.22493787414047e-06,278528
6994,1,0.349699991165835,0.349699991165835,0.00021070743969176,-0.553214550018311,1.23547324585891e-06,278528
6995,1,0.349749991164572,0.349749991164572,0.000220044370507821,-0.549172461032867,1.24647546410637e-06,278528
6996,1,0.349799991163309,0.349799991163309,0.000227513912250288,-0.546374082565308,1.25785115943151e-06,278528
6997,1,0.349849991162046,0.349849991162046,0.000235979416174814,-0.543886661529541,1.26965012994218e-06,278528
6998,1,0.349899991160783,0.349899991160783,0.000243822447373532,-0.540777325630188,1.28184125200288e-06,278528
6999,1,0.349949991159519,0.349949991159519,0.000252412399277091,-0.537357091903687,1.29446187164791e-06,278528
7000,1,0.349999991158256,0.349999991158256,0.000258139072684571,-0.534247756004333,1.30736882495608e-06,278528
7001,1,0.350049991156993,0.350049991156993,0.000266978051513433,-0.531449437141418,1.32071772719453e-06,278528
7002,1,0.35009999115573,0.35009999115573,0.000273700657999143,-0.527718245983124,1.33440275974878e-06,278528
7003,1,0.350149991154467,0.350149991154467,0.000281792628811672,-0.523987054824829,1.34849239083343e-06,278528
7004,1,0.350199991153204,0.350199991153204,0.000288141774944961,-0.520255923271179,1.36289947921672e-06,278528
7005,1,0.350249991151941,0.350249991151941,0.000295735808322206,-0.516524732112885,1.37768626925929e-06,278528
7006,1,0.350299991150678,0.350299991150678,0.000301711435895413,-0.513726413249969,1.39277184067296e-06,278528
7007,1,0.350349991149415,0.350349991149415,0.000308185059111565,-0.510617077350616,1.40818109323927e-06,278528
7008,1,0.350399991148151,0.350399991148151,0.000315156648866832,-0.507507741451263,1.42393892528454e-06,278528
7009,1,0.350449991146888,0.350449991146888,0.000321256753522903,-0.505020320415497,1.4400017625549e-06,278528
7010,1,0.350499991145625,0.350499991145625,0.000327356887282804,-0.500045418739319,1.45636960650555e-06,278528
7011,1,0.350549991144362,0.350549991144362,0.00033395501668565,-0.496936142444611,1.47306735691802e-06,278528
7012,1,0.350599991143099,0.350599991143099,0.000338810204993933,-0.494137763977051,1.49000786673976e-06,278528
7013,1,0.350649991141836,0.350649991141836,0.000346030748914927,-0.491650313138962,1.50730940374843e-06,278528
7014,1,0.350699991140573,0.350699991140573,0.000351259455783293,-0.487608224153519,1.52487237609392e-06,278528
7015,1,0.35074999113931,0.35074999113931,0.000356737145921215,-0.483566105365753,1.54270923293938e-06,278528
7016,1,0.350799991138047,0.350799991138047,0.000363086233846843,-0.480145871639252,1.56086354417311e-06,278528
7017,1,0.350849991136784,0.350849991136784,0.000367941422155127,-0.477036565542221,1.57926061481612e-06,278528
7018,1,0.35089999113552,0.35089999113552,0.000373792601749301,-0.474549144506454,1.59795024443144e-06,278528
7019,1,0.350949991134257,0.350949991134257,0.00037914578570053,-0.470507025718689,1.61690753323757e-06,278528
7020,1,0.350999991132994,0.350999991132994,0.000384125480195507,-0.465532153844833,1.63611380676215e-06,278528
7021,1,0.351049991131731,0.351049991131731,0.000390101078664884,-0.46428844332695,1.65561886020266e-06,278528
7022,1,0.351099991130468,0.351099991130468,0.000394582835724577,-0.460868209600449,1.67534800149048e-06,278528
7023,1,0.351149991129205,0.351149991129205,0.000400309509132057,-0.456826090812683,1.69536347644145e-06,278528
7024,1,0.351199991127942,0.351199991127942,0.000405040191253647,-0.453405857086182,1.71561548549253e-06,278528
7025,1,0.351249991126679,0.351249991126679,0.000410268898122013,-0.450607508420944,1.73612892988041e-06,278528
7026,1,0.351299991125416,0.351299991125416,0.000415497575886548,-0.447187274694443,1.75690380814992e-06,278528
7027,1,0.351349991124152,0.351349991124152,0.000421099743107334,-0.443145155906677,1.7779587947734e-06,278528
7028,1,0.351399991122889,0.351399991122889,0.000426203943789005,-0.440657734870911,1.79926899142451e-06,278528
7029,1,0.351449991121626,0.351449991121626,0.000431557098636404,-0.436926543712616,1.82084684581122e-06,278528
7030,1,0.351499991120363,0.351499991120363,0.00043578987242654,-0.433817237615585,1.8426363388821e-06,278528
7031,1,0.3515499911191,0.3515499911191,0.00044188997708261,-0.429775148630142,1.86473083717808e-06,278528
7032,1,0.351599991117837,0.351599991117837,0.000447367667220533,-0.428531438112259,1.88709921997403e-06,278528
7033,1,0.351649991116574,0.351649991116574,0.000451973872259259,-0.423867464065552,1.9096979130161e-06,278528
7034,1,0.351699991115311,0.351699991115311,0.000457202579127625,-0.421690970659256,1.93255804139499e-06,278528
7035,1,0.351749991114048,0.351749991114048,0.000462929252535105,-0.418270707130432,1.95570450343702e-06,278528
7036,1,0.351799991112784,0.351799991112784,0.000467410951387137,-0.415472358465195,1.97907505041598e-06,278528
7037,1,0.351849991111521,0.351849991111521,0.00047326207277365,-0.412673979997635,2.00273815345689e-06,278528
7038,1,0.351899991110258,0.351899991110258,0.000478864239994437,-0.410186529159546,2.02668136485175e-06,278528
7039,1,0.351949991108995,0.351949991108995,0.000483470474136993,-0.406455367803574,2.05085488794793e-06,278528
7040,1,0.351999991107732,0.351999991107732,0.000489446159917861,-0.403967916965485,2.0753271953256e-06,278528
7041,1,0.352049991106469,0.352049991106469,0.000494052364956588,-0.401169538497925,2.10002981294939e-06,278528
7042,1,0.352099991105206,0.352099991105206,0.000498907524161041,-0.398060232400894,2.12497518852727e-06,278528
7043,1,0.352149991103943,0.352149991103943,0.000503015820868313,-0.395883738994598,2.15012597893532e-06,278528
7044,1,0.35219999110268,0.35219999110268,0.000507373013533652,-0.392152547836304,2.17549462897113e-06,278528
7045,1,0.352249991101417,0.352249991101417,0.000513473176397383,-0.391530692577362,2.20116828714243e-06,278528
7046,1,0.352299991100153,0.352299991100153,0.000516585481818765,-0.387799561023712,2.22699756058087e-06,278528
7047,1,0.35234999109889,0.35234999109889,0.000521565147209913,-0.385933965444565,2.25307581728257e-06,278528
7048,1,0.352399991097627,0.352399991097627,0.000525175535585731,-0.383135586977005,2.27933459339851e-06,278528
7049,1,0.352449991096364,0.352449991096364,0.000529657234437764,-0.379715323448181,2.30581745445138e-06,278528
7050,1,0.352499991095101,0.352499991095101,0.0005332674481906,-0.376916974782944,2.33248082618734e-06,278528
7051,1,0.352549991093838,0.352549991093838,0.000535881787072867,-0.37536233663559,2.3592749148641e-06,278528
7052,1,0.352599991092575,0.352599991092575,0.000541234971024096,-0.373807668685913,2.38633666273167e-06,278528
7053,1,0.352649991091312,0.352649991091312,0.000543102389201522,-0.37069833278656,2.41349178150575e-06,278528
7054,1,0.352699991090049,0.352699991090049,0.00054609018843621,-0.368521839380264,2.44079629023779e-06,278528
7055,1,0.352749991088785,0.352749991088785,0.00054808211280033,-0.366034388542175,2.46820039518552e-06,278528
7056,1,0.352799991087522,0.352799991087522,0.000549700518604368,-0.365101605653763,2.49568542042141e-06,278528
7057,1,0.352849991086259,0.352849991086259,0.000552065845113248,-0.362303256988525,2.52328871197976e-06,278528
7058,1,0.352899991084996,0.352899991084996,0.0005541822174564,-0.360126703977585,2.55099782215258e-06,278528
7059,1,0.352949991083733,0.352949991083733,0.000555925071239471,-0.357950210571289,2.57879407501237e-06,278528
7060,1,0.35299999108247,0.35299999108247,0.000556672050151974,-0.357639253139496,2.60662767681683e-06,278528
7061,1,0.353049991081207,0.353049991081207,0.000556423095986247,-0.356084614992142,2.63444883091332e-06,278528
7062,1,0.353099991079944,0.353099991079944,0.000557294522877783,-0.352975308895111,2.66231355635329e-06,278528
7063,1,0.353149991078681,0.353149991078681,0.000556921062525362,-0.351420670747757,2.6901596087761e-06,278528
7064,1,0.353199991077418,0.353199991077418,0.000556298589799553,-0.349866032600403,2.71797453756342e-06,278528
7065,1,0.353249991076154,0.353249991076154,0.000555551610887051,-0.348311364650726,2.74575211740605e-06,278528
7066,1,0.353299991074891,0.353299991074891,0.00055517815053463,-0.348000437021255,2.77351102423153e-06,278528
7067,1,0.353349991073628,0.353349991073628,0.000554057769477367,-0.346445769071579,2.80121391200557e-06,278528
7068,1,0.353399991072365,0.353399991072365,0.000552314857486635,-0.344891130924225,2.82882965418227e-06,278528
7069,1,0.353449991071102,0.353449991071102,0.000549949472770095,-0.343025535345078,2.85632712712613e-06,278528
7070,1,0.353499991069839,0.353499991069839,0.00054745958186686,-0.341781824827194,2.88370010552797e-06,278528
7071,1,0.353549991068576,0.353549991068576,0.000543973874300718,-0.342092782258987,2.91089879855591e-06,278528
7072,1,0.353599991067313,0.353599991067313,0.000542230962309986,-0.341159969568253,2.93801034598651e-06,278528
7073,1,0.35364999106605,0.35364999106605,0.000537873711436987,-0.339605331420898,2.96490403087897e-06,278528
7074,1,0.353699991064786,0.353699991064786,0.000534138933289796,-0.339294373989105,2.99161097686879e-06,278528
7075,1,0.353749991063523,0.353749991063523,0.000528661243151873,-0.338361591100693,3.01804403835862e-06,278528
7076,1,0.35379999106226,0.35379999106226,0.000524677510838956,-0.3380506336689,3.04427791323785e-06,278528
7077,1,0.353849991060997,0.353849991060997,0.000519075314514339,-0.337117880582809,3.07023167830792e-06,278528
7078,1,0.353899991059734,0.353899991059734,0.000514095649123192,-0.337117880582809,3.09593646011472e-06,278528
7079,1,0.353949991058471,0.353949991058471,0.000508742465171963,-0.335252285003662,3.12137358273072e-06,278528
7080,1,0.353999991057208,0.353999991057208,0.000501272908877581,-0.335563242435455,3.14643722754144e-06,278528
7081,1,0.354049991055945,0.354049991055945,0.000496293243486434,-0.334941357374191,3.17125188908889e-06,278528
7082,1,0.354099991054682,0.354099991054682,0.00048907264135778,-0.33431950211525,3.19570552053903e-06,278528
7083,1,0.354149991053418,0.354149991053418,0.000481603085063398,-0.33463042974472,3.21978567418388e-06,278528
7084,1,0.354199991052155,0.354199991052155,0.00047425803495571,-0.334941357374191,3.24349857533263e-06,278528
7085,1,0.354249991050892,0.354249991050892,0.000467037491034716,-0.336185097694397,3.26685044929445e-06,278528
7086,1,0.354299991049629,0.354299991049629,0.000457327056210488,-0.335252285003662,3.28971680152732e-06,278528
7087,1,0.354349991048366,0.354349991048366,0.0004499820061028,-0.33431950211525,3.31221590126408e-06,278528
7088,1,0.354399991047103,0.354399991047103,0.000439773604739457,-0.335252285003662,3.33420458094558e-06,278528
7089,1,0.35444999104584,0.35444999104584,0.000431930588092655,-0.335874140262604,3.35580110980464e-06,278528
7090,1,0.354499991044577,0.354499991044577,0.000421971169998869,-0.336495995521545,3.37689966777158e-06,278528
7091,1,0.354549991043314,0.354549991043314,0.000413256726460531,-0.337428778409958,3.39756250357262e-06,278528
7092,1,0.354599991042051,0.354599991042051,0.000401180965127423,-0.336806952953339,3.41762155132226e-06,278528
7093,1,0.354649991040787,0.354649991040787,0.000391346053220332,-0.336495995521545,3.43718885348897e-06,278528
7094,1,0.354699991039524,0.354699991039524,0.000382133614039049,-0.338672518730164,3.45629553370824e-06,278528
7095,1,0.354749991038261,0.354749991038261,0.000369559886166826,-0.339294373989105,3.47477352754979e-06,278528
7096,1,0.354799991036998,0.354799991036998,0.000358728982973844,-0.34022718667984,3.49270997624537e-06,278528
7097,1,0.354849991035735,0.354849991035735,0.000347400171449408,-0.341159969568253,3.51007998437904e-06,278528
7098,1,0.354899991034472,0.354899991034472,0.000335075426846743,-0.342714637517929,3.52683375529814e-06,278528
7099,1,0.354949991033209,0.354949991033209,0.000323622109135613,-0.343336492776871,3.54301486034615e-06,278528
7100,1,0.354999991031946,0.354999991031946,0.000311670824885368,-0.345202058553696,3.55859840119675e-06,278528
7101,1,0.355049991030683,0.355049991030683,0.000300093030091375,-0.345512986183167,3.57360305232226e-06,278528
7102,1,0.355099991029419,0.355099991029419,0.000287519302219152,-0.346445769071579,3.58797901707005e-06,278528
7103,1,0.355149991028156,0.355149991028156,0.000273202662356198,-0.34862232208252,3.60163914984278e-06,278528
7104,1,0.355199991026893,0.355199991026893,0.00026112690102309,-0.350176960229874,3.6146954945641e-06,278528
7105,1,0.35524999102563,0.35524999102563,0.000248055177507922,-0.351109713315964,3.62709825312618e-06,278528
7106,1,0.355299991024367,0.355299991024367,0.000234236518735997,-0.353597164154053,3.63881007876711e-06,278528
7107,1,0.355349991023104,0.355349991023104,0.000220044370507821,-0.354219049215317,3.64981229701457e-06,278528
7108,1,0.355399991021841,0.355399991021841,0.000206101220101118,-0.356395572423935,3.66011735775929e-06,278528
7109,1,0.355449991020578,0.355449991020578,0.000192033548955806,-0.358572065830231,3.66971903496453e-06,278528
7110,1,0.355499991019315,0.355499991019315,0.00017833938181866,-0.360437661409378,3.6786360038302e-06,278528
7111,1,0.355549991018052,0.355549991018052,0.000163400298333727,-0.361992299556732,3.68680601854049e-06,278528
7112,1,0.355599991016788,0.355599991016788,0.0001488346606493,-0.363546937704086,3.69424775138496e-06,278528
7113,1,0.355649991015525,0.355649991015525,0.000134767018607818,-0.366345345973969,3.70098610214513e-06,278528
7114,1,0.355699991014262,0.355699991014262,0.000119703421660233,-0.368210941553116,3.70697127307694e-06,278528
7115,1,0.355749991012999,0.355749991012999,0.000105884755612351,-0.371009290218353,3.71226551072382e-06,278528
7116,1,0.355799991011736,0.355799991011736,8.907826122595e-05,-0.372563928365707,3.7167194236726e-06,278528
7117,1,0.355849991010473,0.355849991010473,7.50106119085103e-05,-0.374118596315384,3.72046995417328e-06,278528
7118,1,0.35589999100921,0.35589999100921,5.94490556977689e-05,-0.376295119524002,3.72344240688307e-06,278528
7119,1,0.355949991007947,0.355949991007947,4.47589372924995e-05,-0.380026280879974,3.72568035369116e-06,278528
7120,1,0.355999991006684,0.355999991006684,2.89483941742219e-05,-0.381891876459122,3.72712777336331e-06,278528
7121,1,0.35604999100542,0.35604999100542,1.28888641484082e-05,-0.383446514606476,3.72777221655445e-06,278528
7122,1,0.356099991004157,0.356099991004157,-2.67269820142246e-06,-0.386866748332977,3.72763858164776e-06,278528
7123,1,0.356149991002894,0.356149991002894,-1.73628122865921e-05,-0.389354199171066,3.72677044105536e-06,278528
7124,1,0.356199991001631,0.356199991001631,-3.20529252348933e-05,-0.39090883731842,3.7251677948341e-06,278528
7125,1,0.356249991000368,0.356249991000368,-4.78634719911497e-05,-0.39370721578598,3.722774621295e-06,278528
7126,1,0.356299990999105,0.356299990999105,-6.25535831204616e-05,-0.397438377141953,3.71964694221799e-06,278528
7127,1,0.356349990997842,0.356349990997842,-7.84886287874542e-05,-0.399925827980042,3.71572251087775e-06,278528
7128,1,0.356399990996579,0.356399990996579,-9.50461253523827e-05,-0.401791393756866,3.71097020473019e-06,278528
7129,1,0.356449990995316,0.356449990995316,-0.00011073218047386,-0.404900729656219,3.70543359584636e-06,278528
7130,1,0.356499990994052,0.356499990994052,-0.000126044746139087,-0.409564673900604,3.69913135869862e-06,278528
7131,1,0.356549990992789,0.356549990992789,-0.000140361400553957,-0.412673979997635,3.69211328884821e-06,278528
7132,1,0.356599990991526,0.356599990991526,-0.0001571678876644,-0.415472358465195,3.68425489466351e-06,278528
7133,1,0.356649990990263,0.356649990990263,-0.000170737563166767,-0.417959809303284,3.67571801672083e-06,278528
7134,1,0.356699990989,0.356699990989,-0.000186299119377509,-0.420136302709579,3.66640306098727e-06,278528
7135,1,0.356749990987737,0.356749990987737,-0.000202234150492586,-0.423867464065552,3.65629135371808e-06,278528
7136,1,0.356799990986474,0.356799990986474,-0.000217546737985685,-0.426354914903641,3.64541401709358e-06,278528
7137,1,0.356849990985211,0.356849990985211,-0.000232485821470618,-0.429775148630142,3.63378972631371e-06,278528
7138,1,0.356899990983948,0.356899990983948,-0.000246802490437403,-0.433195382356644,3.62144960210357e-06,278528
7139,1,0.356949990982685,0.356949990982685,-0.000262861984083429,-0.436615616083145,3.60830650323143e-06,278528
7140,1,0.356999990981421,0.356999990981421,-0.00027705414686352,-0.438792139291763,3.5944537962382e-06,278528
7141,1,0.357049990980158,0.357049990980158,-0.000292242242721841,-0.442212373018265,3.57984168447124e-06,278528
7142,1,0.357099990978895,0.357099990978895,-0.000307305832393467,-0.44687631726265,3.56447639323973e-06,278528
7143,1,0.357149990977632,0.357149990977632,-0.000321622443152592,-0.449363768100739,3.54839527148834e-06,278528
7144,1,0.357199990976369,0.357199990976369,-0.000335441116476431,-0.452473074197769,3.53162321608822e-06,278528
7145,1,0.357249990975106,0.357249990975106,-0.000350629241438583,-0.454960525035858,3.51409175445917e-06,278528
7146,1,0.357299990973843,0.357299990973843,-0.000363949890015647,-0.459624499082565,3.49589426041809e-06,278528
7147,1,0.35734999097258,0.35734999097258,-0.000378266558982432,-0.462733805179596,3.47698093294676e-06,278528
7148,1,0.357399990971317,0.357399990971317,-0.000390964763937518,-0.465532153844833,3.45743269524372e-06,278528
7149,1,0.357449990970053,0.357449990970053,-0.000405156897613779,-0.468952387571335,3.43717485087478e-06,278528
7150,1,0.35749999096879,0.35749999096879,-0.000419473537476733,-0.47268357872963,3.41620117453079e-06,278528
7151,1,0.357549990967527,0.357549990967527,-0.000431798311183229,-0.476414710283279,3.39461125951703e-06,278528
7152,1,0.357599990966264,0.357599990966264,-0.000444123055785894,-0.479213118553162,3.37240510728871e-06,278528
7153,1,0.357649990965001,0.357649990965001,-0.000458066264400259,-0.482944250106812,3.34950179464729e-06,278528
7154,1,0.357699990963738,0.357699990963738,-0.000470764498459175,-0.485742658376694,3.32596357031895e-06,278528
7155,1,0.357749990962475,0.357749990962475,-0.000482964765978977,-0.490717500448227,3.30181533263004e-06,278528
7156,1,0.357799990961212,0.357799990961212,-0.000493920058943331,-0.492894053459167,3.27711933030675e-06,278528
7157,1,0.357849990959949,0.357849990959949,-0.000506742799188942,-0.496003359556198,3.25178219098737e-06,278528
7158,1,0.357899990958686,0.357899990958686,-0.000518320652190596,-0.499734491109848,3.22586615903253e-06,278528
7159,1,0.357949990957422,0.357949990957422,-0.00052927591605112,-0.50346565246582,3.19940236389851e-06,278528
7160,1,0.357999990956159,0.357999990956159,-0.000540231238119304,-0.506574988365173,3.17239080267491e-06,278528
7161,1,0.358049990954896,0.358049990954896,-0.000549817224964499,-0.509373366832733,3.14489994212117e-06,278528
7162,1,0.358099990953633,0.358099990953633,-0.000561519525945187,-0.513726413249969,3.11682396653317e-06,278528
7163,1,0.35814999095237,0.35814999095237,-0.0005707319942303,-0.516213774681091,3.08828736754255e-06,278528
7164,1,0.358199990951107,0.358199990951107,-0.00058019335847348,-0.519323110580444,3.05927770035172e-06,278528
7165,1,0.358249990949844,0.358249990949844,-0.00058965478092432,-0.522743344306946,3.0297949620503e-06,278528
7166,1,0.358299990948581,0.358299990948581,-0.00059874274302274,-0.526163578033447,2.99985782565544e-06,278528
7167,1,0.358349990947318,0.358349990947318,-0.000605589826591313,-0.529583811759949,2.9695783350908e-06,278528
7168,1,0.358399990946054,0.358399990946054,-0.000614179822150618,-0.532693147659302,2.93886934475904e-06,278528
7169,1,0.358449990944791,0.358449990944791,-0.000621773826424032,-0.537046134471893,2.9077806542232e-06,278528
7170,1,0.358499990943528,0.358499990943528,-0.000628869922365993,-0.539533615112305,2.87633715889923e-06,278528
7171,1,0.358549990942265,0.358549990942265,-0.000635343545582145,-0.542331993579865,2.84456998242263e-06,278528
7172,1,0.358599990941002,0.358599990941002,-0.000641070248093456,-0.546063125133514,2.8125164708277e-06,278528
7173,1,0.358649990939739,0.358649990939739,-0.000647045788355172,-0.548550605773926,2.78016418222723e-06,278528
7174,1,0.358699990938476,0.358699990938476,-0.000652523478493094,-0.552592694759369,2.74753800912678e-06,278528
7175,1,0.358749990937213,0.358749990937213,-0.0006567562231794,-0.554147362709045,2.71470019879737e-06,278528
7176,1,0.35879999093595,0.35879999093595,-0.000660242047160864,-0.557878494262695,2.68168809727328e-06,278528
7177,1,0.358849990934687,0.358849990934687,-0.000663976825308055,-0.56160968542099,2.64848925684655e-06,278528
7178,1,0.358899990933423,0.358899990933423,-0.000667711603455245,-0.564408004283905,2.61510367751718e-06,278528
7179,1,0.35894999093216,0.35894999093216,-0.000669827975798398,-0.565651774406433,2.58161227957332e-06,278528
7180,1,0.358999990930897,0.358999990930897,-0.000672317808493972,-0.569382905960083,2.54799638999783e-06,278528
7181,1,0.359049990929634,0.359049990929634,-0.000672068854328245,-0.573114097118378,2.51439294813031e-06,278528
7182,1,0.359099990928371,0.359099990928371,-0.000674309674650431,-0.574046909809113,2.48067746524952e-06,278528
7183,1,0.359149990927108,0.359149990927108,-0.000674185226671398,-0.577156186103821,2.44696820476751e-06,278528
7184,1,0.359199990925845,0.359199990925845,-0.00067393621429801,-0.579643666744232,2.41327139490387e-06,278528
7185,1,0.359249990924582,0.359249990924582,-0.000672566762659699,-0.58275294303894,2.37964305762041e-06,278528
7186,1,0.359299990923319,0.359299990923319,-0.000672317808493972,-0.5855513215065,2.34602716804492e-06,278528
7187,1,0.359349990922055,0.359349990922055,-0.000670574954710901,-0.58834969997406,2.31249842115638e-06,278528
7188,1,0.359399990920792,0.359399990920792,-0.000667960557620972,-0.590837121009827,2.27910039411903e-06,278528
7189,1,0.359449990919529,0.359449990919529,-0.000664474791847169,-0.591458976268768,2.24587665536598e-06,278528
7190,1,0.359499990918266,0.359499990918266,-0.000661860452964902,-0.594568312168121,2.21278363355373e-06,278528
7191,1,0.359549990917003,0.359549990917003,-0.000657254189718515,-0.59674483537674,2.17992092489799e-06,278528
7192,1,0.35959999091574,0.35959999091574,-0.000652523478493094,-0.599854111671448,2.14729475179754e-06,278528
7193,1,0.359649990914477,0.359649990914477,-0.000647543813101947,-0.601408779621124,2.11491756196036e-06,278528
7194,1,0.359699990913214,0.359699990913214,-0.000641817110590637,-0.603896200656891,2.08282670724151e-06,278528
7195,1,0.359749990911951,0.359749990911951,-0.000634596566669643,-0.606072723865509,2.05109687970959e-06,278528
7196,1,0.359799990910687,0.359799990910687,-0.000629616901278496,-0.607938289642334,2.01961603544094e-06,278528
7197,1,0.359849990909424,0.359849990909424,-0.000623641244601458,-0.610114812850952,1.98843397399859e-06,278528
7198,1,0.359899990908161,0.359899990908161,-0.00061492680106312,-0.611669480800629,1.95768763472216e-06,278528
7199,1,0.359949990906898,0.359949990906898,-0.000607706198934466,-0.61415696144104,1.92730232554303e-06,278528
7200,1,0.359999990905635,0.359999990905635,-0.000599116203375161,-0.615711569786072,1.89734651613102e-06,278528
7201,1,0.360049990904372,0.360049990904372,-0.000590401759836823,-0.616644322872162,1.86782642888492e-06,278528
7202,1,0.360099990903109,0.360099990903109,-0.000581936270464212,-0.617577135562897,1.83872961609675e-06,278528
7203,1,0.360149990901846,0.360149990901846,-0.000572599295992404,-0.618199050426483,1.81009965202039e-06,278528
7204,1,0.360199990900583,0.360199990900583,-0.000562764471396804,-0.620997369289398,1.78196142916138e-06,278528
7205,1,0.36024999089932,0.36024999089932,-0.000553676451090723,-0.621308326721191,1.7542776073062e-06,278528
7206,1,0.360299990898056,0.360299990898056,-0.000543841568287462,-0.62348484992981,1.72708552957875e-06,278528
7207,1,0.360349990896793,0.360349990896793,-0.000533259706571698,-0.624728560447693,1.70042254492373e-06,278528
7208,1,0.36039999089553,0.36039999089553,-0.000522926857229322,-0.625972270965576,1.67427620272278e-06,278528
7209,1,0.360449990894267,0.360449990894267,-0.000511598016601056,-0.627216041088104,1.64869630253893e-06,278528
7210,1,0.360499990893004,0.360499990893004,-0.000501887581776828,-0.628459751605988,1.62360192408402e-06,278528
7211,1,0.360549990891741,0.360549990891741,-0.000489936326630414,-0.630014359951019,1.59910510837134e-06,278528
7212,1,0.360599990890478,0.360599990890478,-0.000478482979815453,-0.629703462123871,1.57518095998495e-06,278528
7213,1,0.360649990889215,0.360649990889215,-0.000467403180664405,-0.630636215209961,1.55181080154211e-06,278528
7214,1,0.360699990887952,0.360699990887952,-0.000454829423688352,-0.630636215209961,1.52906933093219e-06,278528
7215,1,0.360749990886688,0.360749990886688,-0.00044362511835061,-0.631569027900696,1.506888075575e-06,278528
7216,1,0.360799990885425,0.360799990885425,-0.000431549327913672,-0.631879925727844,1.48531060972441e-06,278528
7217,1,0.360849990884162,0.360849990884162,-0.000419722549850121,-0.634678363800049,1.46432448276206e-06,278528
7218,1,0.360899990882899,0.360899990882899,-0.000407397776143625,-0.634367406368256,1.44395459446946e-06,278528
7219,1,0.360949990881636,0.360949990881636,-0.000395819981349632,-0.634367406368256,1.42416359590194e-06,278528
7220,1,0.360999990880373,0.360999990880373,-0.000382623780751601,-0.63530021905899,1.40503240734766e-06,278528
7221,1,0.36104999087911,0.36104999087911,-0.000369925575796515,-0.634989261627197,1.38653612902509e-06,278528
7222,1,0.361099990877847,0.361099990877847,-0.000358472228981555,-0.634056448936462,1.3686125180288e-06,278528
7223,1,0.361149990876584,0.361149990876584,-0.000345400534570217,-0.63530021905899,1.35134249173657e-06,278528
7224,1,0.361199990875321,0.361199990875321,-0.000332577794324607,-0.634367406368256,1.33471360244042e-06,278528
7225,1,0.361249990874057,0.361249990874057,-0.00031987956026569,-0.63530021905899,1.31871962483117e-06,278528
7226,1,0.361299990872794,0.361299990872794,-0.000307181326206774,-0.633745551109314,1.30336055890884e-06,278528
7227,1,0.361349990871531,0.361349990871531,-0.000294856552500278,-0.634678363800049,1.28861773165626e-06,278528
7228,1,0.361399990870268,0.361399990870268,-0.000282158318441361,-0.633745551109314,1.27450981609059e-06,278528
7229,1,0.361449990869005,0.361449990869005,-0.000268837669864297,-0.633123636245728,1.26106793293694e-06,278528
7230,1,0.361499990867742,0.361499990867742,-0.000258131301961839,-0.632812738418579,1.2481613681649e-06,278528
7231,1,0.361549990866479,0.361549990866479,-0.000244188122451305,-0.632190942764282,1.23595196235077e-06,278528
7232,1,0.361599990865216,0.361599990865216,-0.000231240905122831,-0.630636215209961,1.22438991738671e-06,278528
7233,1,0.361649990863953,0.361649990863953,-0.000219787616515532,-0.631258130073547,1.21340053683855e-06,278528
7234,1,0.361699990862689,0.361699990862689,-0.000206093434826471,-0.630636215209961,1.20309586535754e-06,278528
7235,1,0.361749990861426,0.361749990861426,-0.000193644184037112,-0.628770649433136,1.19341365640028e-06,278528
7236,1,0.361799990860163,0.361799990860163,-0.000180821458343416,-0.628459751605988,1.1843725837115e-06,278528
7237,1,0.3618499908589,0.3618499908589,-0.000168994665727951,-0.626905083656311,1.17592285063857e-06,278528
7238,1,0.361899990857637,0.361899990857637,-0.000155798465129919,-0.625972270965576,1.16813292757886e-06,278528
7239,1,0.361949990856374,0.361949990856374,-0.000143722703796811,-0.624728560447693,1.16094679257056e-06,278528
7240,1,0.361999990855111,0.361999990855111,-0.000131771419546567,-0.625039458274841,1.15435822175967e-06,278528
7241,1,0.362049990853848,0.362049990853848,-0.000118450712761842,-0.622862994670868,1.14843568627119e-06,278528
7242,1,0.362099990852585,0.362099990852585,-0.000106250452517997,-0.621308326721191,1.1431231637795e-06,278528
7243,1,0.362149990851321,0.362149990851321,-9.5170624263119e-05,-0.620375514030457,1.13836463268655e-06,278528
7244,1,0.362199990850058,0.362199990850058,-8.16009342088364e-05,-0.618199050426483,1.13428458607918e-06,278528
7245,1,0.362249990848795,0.362249990848795,-6.97741488693282e-05,-0.61602246761322,1.13079587872385e-06,278528
7246,1,0.362299990847532,0.362299990847532,-5.80718588025775e-05,-0.615711569786072,1.12789228585707e-06,278528
7247,1,0.362349990846269,0.362349990846269,-4.64940567326266e-05,-0.613224148750305,1.12556758307917e-06,278528
7248,1,0.362399990845006,0.362399990845006,-3.50407462974545e-05,-0.611980378627777,1.12381554580855e-06,278528
7249,1,0.362449990843743,0.362449990843743,-2.33384525927249e-05,-0.609803915023804,1.1226486232084e-06,278528
7250,1,0.36249999084248,0.36249999084248,-1.21341281555942e-05,-0.607938289642334,1.12204191681594e-06,278528
7251,1,0.362549990841217,0.362549990841217,1.9062913736434e-07,-0.605450868606567,1.12205144827257e-06,278528
7252,1,0.362599990839954,0.362599990839954,1.1519446161401e-05,-0.603896200656891,1.12262742056609e-06,278528
7253,1,0.36264999083869,0.36264999083869,2.27237705985317e-05,-0.602652490139008,1.12376360906731e-06,278528
7254,1,0.362699990837427,0.362699990837427,3.36791126755998e-05,-0.599232256412506,1.12544756465855e-06,278528
7255,1,0.362749990836164,0.362749990836164,4.51324158348143e-05,-0.597366690635681,1.12770418539329e-06,278528
7256,1,0.362799990834901,0.362799990834901,5.62122513656504e-05,-0.59487920999527,1.13051479789057e-06,278528
7257,1,0.362849990833638,0.362849990833638,6.72920868964866e-05,-0.592080891132355,1.13387940215039e-06,278528
7258,1,0.362899990832375,0.362899990832375,7.62555355322547e-05,-0.590215265750885,1.13769217883069e-06,278528
7259,1,0.362949990831112,0.362949990831112,8.77088532433845e-05,-0.58834969997406,1.14207762138207e-06,278528
7260,1,0.362999990829849,0.362999990829849,9.89131731330417e-05,-0.5855513215065,1.14702327991379e-06,278528
7261,1,0.363049990828586,0.363049990828586,0.000108125612314325,-0.583063900470734,1.15242956039293e-06,278528
7262,1,0.363099990827322,0.363099990827322,0.000118956464575604,-0.581198275089264,1.15837738347145e-06,278528
7263,1,0.363149990826059,0.363149990826059,0.000129413834656589,-0.577156186103821,1.16484807504082e-06,278528
7264,1,0.363199990824796,0.363199990824796,0.000138003815663978,-0.575290620326996,1.17174826564971e-06,278528
7265,1,0.363249990823533,0.363249990823533,0.000148087710840628,-0.571870386600494,1.17915265100469e-06,278528
7266,1,0.36329999082227,0.36329999082227,0.000158545080921613,-0.570004820823669,1.18707990485051e-06,278528
7267,1,0.363349990821007,0.363349990821007,0.000167757520102896,-0.565962731838226,1.19546778064376e-06,278528
7268,1,0.363399990819744,0.363399990819744,0.000176223009475507,-0.563786149024963,1.20427893089494e-06,278528
7269,1,0.363449990818481,0.363449990818481,0.000186306904652156,-0.560055017471313,1.21359427589223e-06,278528
7270,1,0.363499990817218,0.363499990817218,0.000194398919120431,-0.557878494262695,1.2233142216027e-06,278528
7271,1,0.363549990815955,0.363549990815955,0.000203237883397378,-0.554769217967987,1.23347611551586e-06,278528
7272,1,0.363599990814691,0.363599990814691,0.00021157888113521,-0.551970839500427,1.24405505930537e-06,278528
7273,1,0.363649990813428,0.363649990813428,0.000220791334868409,-0.548239648342133,1.25509462576991e-06,278528
7274,1,0.363699990812165,0.363699990812165,0.000228883334784769,-0.545441269874573,1.26653879222004e-06,278528
7275,1,0.363749990810902,0.363749990810902,0.000237473315792158,-0.542331993579865,1.2784124577097e-06,278528
7276,1,0.363799990809639,0.363799990809639,0.000245067349169403,-0.539533615112305,1.29066582485862e-06,278528
7277,1,0.363849990808376,0.363849990808376,0.0002530348720029,-0.536424279212952,1.30331756813916e-06,278528
7278,1,0.363899990807113,0.363899990807113,0.000260877917753533,-0.533625900745392,1.31636146369732e-06,278528
7279,1,0.36394999080585,0.36394999080585,0.000268845440587029,-0.529894769191742,1.32980373538709e-06,278528
7280,1,0.363999990804587,0.363999990804587,0.000275568017968908,-0.526163578033447,1.34358213593746e-06,278528
7281,1,0.364049990803323,0.364049990803323,0.000282415101537481,-0.523054301738739,1.35770289065762e-06,278528
7282,1,0.36409999080206,0.36409999080206,0.000289635645458475,-0.520877778530121,1.3721846725647e-06,278528
7283,1,0.364149990800797,0.364149990800797,0.000296731741400436,-0.516835689544678,1.38702125925992e-06,278528
7284,1,0.364199990799534,0.364199990799534,0.000302582891890779,-0.513726413249969,1.40215040347226e-06,278528
7285,1,0.364249990798271,0.364249990798271,0.000309927941998467,-0.509684264659882,1.41764680018071e-06,278528
7286,1,0.364299990797008,0.364299990797008,0.000316401565214619,-0.507507741451263,1.4334668780418e-06,278528
7287,1,0.364349990795745,0.364349990795745,0.000323622109135613,-0.502843797206879,1.44964798308981e-06,278528
7288,1,0.364399990794482,0.364399990794482,0.000328850786900148,-0.500356376171112,1.46609052201944e-06,278528
7289,1,0.364449990793219,0.364449990793219,0.0003353244101163,-0.497868925333023,1.48285674210171e-06,278528
7290,1,0.364499990791955,0.364499990791955,0.00034105105441995,-0.492894053459167,1.49990929439192e-06,278528
7291,1,0.364549990790692,0.364549990790692,0.000347026711096987,-0.490095645189285,1.51726062950844e-06,278528
7292,1,0.364599990789429,0.364599990789429,0.000353002338670194,-0.486986368894577,1.53491074599607e-06,278528
7293,1,0.364649990788166,0.364649990788166,0.000357982033165172,-0.483566105365753,1.55280984720216e-06,278528
7294,1,0.364699990786903,0.364699990786903,0.000363584200385958,-0.479213118553162,1.57098905676221e-06,278528
7295,1,0.36474999078564,0.36474999078564,0.000369808840332553,-0.477347522974014,1.58947949831173e-06,278528
7296,1,0.364799990784377,0.364799990784377,0.000374788563931361,-0.472372621297836,1.6082189260349e-06,278528
7297,1,0.364849990783114,0.364849990783114,0.000380390702048317,-0.469263345003128,1.62723846065684e-06,278528
7298,1,0.364899990781851,0.364899990781851,0.000384747923817486,-0.466464936733246,1.64647585636174e-06,278528
7299,1,0.364949990780588,0.364949990780588,0.000390848057577386,-0.463044703006744,1.66601825874693e-06,278528
7300,1,0.364999990779324,0.364999990779324,0.000396450224798173,-0.45869168639183,1.68584076948608e-06,278528
7301,1,0.365049990778061,0.365049990778061,0.000400433986214921,-0.454960525035858,1.70586246829103e-06,278528
7302,1,0.365099990776798,0.365099990776798,0.000406534149078652,-0.453094959259033,1.72618917523147e-06,278528
7303,1,0.365149990775535,0.365149990775535,0.000412260793382302,-0.449363768100739,1.74680221437985e-06,278528
7304,1,0.365199990774272,0.365199990774272,0.000416493538068607,-0.445943534374237,1.76762689075721e-06,278528
7305,1,0.365249990773009,0.365249990773009,0.000421971169998869,-0.444077968597412,1.78872544872416e-06,278528
7306,1,0.365299990771746,0.365299990771746,0.000426328420871869,-0.440657734870911,1.81004186922925e-06,278528
7307,1,0.365349990770483,0.365349990770483,0.000433175533544272,-0.437237471342087,1.83170064535932e-06,278528
7308,1,0.36539999076922,0.36539999076922,0.000437657232396305,-0.433817237615585,1.85358350642633e-06,278528
7309,1,0.365449990767956,0.365449990767956,0.000442636926891282,-0.429153293371201,1.87571535221179e-06,278528
7310,1,0.365499990766693,0.365499990766693,0.000448363600298762,-0.427287697792053,1.8981335316604e-06,278528
7311,1,0.36554999076543,0.36554999076543,0.000453218817710876,-0.422934710979462,1.92079447197348e-06,278528
7312,1,0.365599990764167,0.365599990764167,0.000459567934740335,-0.421069115400314,1.94377286813001e-06,278528
7313,1,0.365649990762904,0.365649990762904,0.000464423123048618,-0.41733792424202,1.96699402369583e-06,278528
7314,1,0.365699990761641,0.365699990761641,0.000469029328087345,-0.415472358465195,1.99044548950776e-06,278528
7315,1,0.365749990760378,0.365749990760378,0.000474756001494825,-0.411119312047958,2.01418328898284e-06,278528
7316,1,0.365799990759115,0.365799990759115,0.000479611218906939,-0.408942818641663,2.03816384932238e-06,278528
7317,1,0.365849990757852,0.365849990757852,0.000484839925775304,-0.40583348274231,2.06240584499875e-06,278528
7318,1,0.365899990756589,0.365899990756589,0.000489695114083588,-0.403035134077072,2.08689060008439e-06,278528
7319,1,0.365949990755325,0.365949990755325,0.000494674779474735,-0.400547683238983,2.1116243384333e-06,278528
7320,1,0.365999990754062,0.365999990754062,0.000498907524161041,-0.397438377141953,2.13656971401118e-06,278528
7321,1,0.366049990752799,0.366049990752799,0.000504011753946543,-0.395261853933334,2.16177030107188e-06,278528
7322,1,0.366099990751536,0.366099990751536,0.000510734389536083,-0.392152547836304,2.18730701990358e-06,278528
7323,1,0.366149990750273,0.366149990750273,0.000513971142936498,-0.389976054430008,2.2130055764012e-06,278528
7324,1,0.36619999074901,0.36619999074901,0.000518203887622803,-0.386866748332977,2.23891577012779e-06,278528
7325,1,0.366249990747747,0.366249990747747,0.00052144069923088,-0.38500115275383,2.2649878044307e-06,278528
7326,1,0.366299990746484,0.366299990746484,0.000525797891896218,-0.381891876459122,2.29127769836137e-06,278528
7327,1,0.366349990745221,0.366349990745221,0.000530030694790184,-0.379715323448181,2.3177792324314e-06,278528
7328,1,0.366399990743957,0.366399990743957,0.000533640966750681,-0.375984191894531,2.34446128009489e-06,278528
7329,1,0.366449990742694,0.366449990742694,0.000537251238711178,-0.374118596315384,2.37132384135184e-06,278528
7330,1,0.366499990741431,0.366499990741431,0.000540986016858369,-0.372563928365707,2.39837314151144e-06,278528
7331,1,0.366549990740168,0.366549990740168,0.000543226837180555,-0.368832796812057,2.42553448268431e-06,278528
7332,1,0.366599990738905,0.366599990738905,0.000546339200809598,-0.368521839380264,2.45285144203471e-06,278528
7333,1,0.366649990737642,0.366649990737642,0.000548704527318478,-0.365723490715027,2.48028666770756e-06,278528
7334,1,0.366699990736379,0.366699990736379,0.000550322933122516,-0.364479750394821,2.50780281366857e-06,278528
7335,1,0.366749990735116,0.366749990735116,0.000551941338926554,-0.362303256988525,2.53539987991773e-06,278528
7336,1,0.366799990733853,0.366799990733853,0.000553435296751559,-0.359504848718643,2.56307164405627e-06,278528
7337,1,0.36684999073259,0.36684999073259,0.000555427104700357,-0.357328355312347,2.59084299858972e-06,278528
7338,1,0.366899990731326,0.366899990731326,0.000555551610887051,-0.356395572423935,2.61862057843235e-06,278528
7339,1,0.366949990730063,0.366949990730063,0.000556921062525362,-0.355151861906052,2.64646663085517e-06,278528
7340,1,0.3669999907288,0.3669999907288,0.000556921062525362,-0.352353453636169,2.67431268327799e-06,278528
7341,1,0.367049990727537,0.367049990727537,0.000556547602172941,-0.352042526006699,2.70214006268365e-06,278528
7342,1,0.367099990726274,0.367099990726274,0.000556049577426165,-0.349244177341461,2.72994254085261e-06,278528
7343,1,0.367149990725011,0.367149990725011,0.000555053702555597,-0.34862232208252,2.7576952252793e-06,278528
7344,1,0.367199990723748,0.367199990723748,0.000554306723643094,-0.346756726503372,2.78541056076131e-06,278528
7345,1,0.367249990722485,0.367249990722485,0.000552439305465668,-0.346134871244431,2.8130325253368e-06,278528
7346,1,0.367299990721222,0.367299990721222,0.000550945405848324,-0.344269275665283,2.84057979493331e-06,278528
7347,1,0.367349990719958,0.367349990719958,0.000549202552065253,-0.342403680086136,2.86803992184288e-06,278528
7348,1,0.367399990718695,0.367399990718695,0.000546339200809598,-0.342092782258987,2.89535688119327e-06,278528
7349,1,0.367449990717432,0.367449990717432,0.000543351343367249,-0.341781824827194,2.92252444767532e-06,278528
7350,1,0.367499990716169,0.367499990716169,0.00053999008378014,-0.340538084506989,2.94952395118227e-06,278528
7351,1,0.367549990714906,0.367549990714906,0.000536006293259561,-0.339605331420898,2.97632426516821e-06,278528
7352,1,0.367599990713643,0.367599990713643,0.000532769481651485,-0.338361591100693,3.00296273857784e-06,278528
7353,1,0.36764999071238,0.36764999071238,0.000528163276612759,-0.3380506336689,3.02937090174135e-06,278528
7354,1,0.367699990711117,0.367699990711117,0.000523183553013951,-0.338361591100693,3.05553007873121e-06,278528
7355,1,0.367749990709854,0.367749990709854,0.000518452899996191,-0.337117880582809,3.08145272307616e-06,278528
7356,1,0.36779999070859,0.36779999070859,0.000512850703671575,-0.336806952953339,3.10709525761196e-06,278528
7357,1,0.367849990707327,0.367849990707327,0.000507373013533652,-0.336495995521545,3.13246390764777e-06,278528
7358,1,0.367899990706064,0.367899990706064,0.000501272908877581,-0.336495995521545,3.15752755245849e-06,278528
7359,1,0.367949990704801,0.367949990704801,0.000493678904604167,-0.334941357374191,3.18221149706513e-06,278528
7360,1,0.367999990703538,0.367999990703538,0.000486956298118457,-0.335563242435455,3.20655931135597e-06,278528
7361,1,0.368049990702275,0.368049990702275,0.000480980612337589,-0.335252285003662,3.23060834136532e-06,278528
7362,1,0.368099990701012,0.368099990701012,0.000472266168799251,-0.33463042974472,3.25422164920877e-06,278528
7363,1,0.368149990699749,0.368149990699749,0.000464049633592367,-0.33431950211525,3.27742413030224e-06,278528
7364,1,0.368199990698486,0.368199990698486,0.000456455600215122,-0.334941357374191,3.30024690973644e-06,278528
7365,1,0.368249990697223,0.368249990697223,0.000446745194494724,-0.336495995521545,3.32258416889689e-06,278528
7366,1,0.368299990695959,0.368299990695959,0.000438777671661228,-0.336495995521545,3.34452305192573e-06,278528
7367,1,0.368349990694696,0.368349990694696,0.000429565232479945,-0.336495995521545,3.36600131300714e-06,278528
7368,1,0.368399990693433,0.368399990693433,0.00041960584348999,-0.335563242435455,3.38698160465163e-06,278528
7369,1,0.36844999069217,0.36844999069217,0.000409895408665761,-0.3380506336689,3.40747637456718e-06,278528
7370,1,0.368499990690907,0.368499990690907,0.000399189069867134,-0.337739735841751,3.42743582755632e-06,278528
7371,1,0.368549990689644,0.368549990689644,0.000388980697607622,-0.338983446359634,3.44688486194538e-06,278528
7372,1,0.368599990688381,0.368599990688381,0.0003781498526223,-0.338672518730164,3.46579235409885e-06,278528
7373,1,0.368649990687118,0.368649990687118,0.000368190434528515,-0.34022718667984,3.48420187536021e-06,278528
7374,1,0.368699990685855,0.368699990685855,0.000355616677552462,-0.340538084506989,3.50198270878865e-06,278528
7375,1,0.368749990684591,0.368749990684591,0.000344910338753834,-0.341781824827194,3.51922822529069e-06,278528
7376,1,0.368799990683328,0.368799990683328,0.000332212104694918,-0.342714637517929,3.53583883010581e-06,278528
7377,1,0.368849990682065,0.368849990682065,0.000321381259709597,-0.34395831823349,3.55190789268535e-06,278528
7378,1,0.368899990680802,0.368899990680802,0.000309056515106931,-0.344580173492432,3.56736071805033e-06,278528
7379,1,0.368949990679539,0.368949990679539,0.000295984791591763,-0.346445769071579,3.58215995725606e-06,278528
7380,1,0.368999990678276,0.368999990678276,0.000282290624454618,-0.347378581762314,3.59627448812222e-06,278528
7381,1,0.369049990677013,0.369049990677013,0.000270837306743488,-0.348311364650726,3.6098163531173e-06,278528
7382,1,0.36909999067575,0.36909999067575,0.000257018633419648,-0.350798815488815,3.62266728446364e-06,278528
7383,1,0.369149990674487,0.369149990674487,0.000242950991378166,-0.352353453636169,3.63481483372568e-06,278528
7384,1,0.369199990673224,0.369199990673224,0.000229630299145356,-0.352975308895111,3.6462963483929e-06,278528
7385,1,0.36924999067196,0.36924999067196,0.000215936117456295,-0.3554627597332,3.65709315399296e-06,278528
7386,1,0.369299990670697,0.369299990670697,0.000202615425223485,-0.355773717164993,3.66722392499821e-06,278528
7387,1,0.369349990669434,0.369349990669434,0.000188547768630087,-0.358572065830231,3.67665131319156e-06,278528
7388,1,0.369399990668171,0.369399990668171,0.000173484178958461,-0.360748589038849,3.68532552192036e-06,278528
7389,1,0.369449990666908,0.369449990666908,0.00015879406419117,-0.362925112247467,3.69326522492934e-06,278528
7390,1,0.369499990665645,0.369499990665645,0.000145099897054024,-0.364790678024292,3.70052021959876e-06,278528
7391,1,0.369549990664382,0.369549990664382,0.000131281223730184,-0.366345345973969,3.70708428061945e-06,278528
7392,1,0.369599990663119,0.369599990663119,0.000117213581688702,-0.367899984121323,3.71294495955583e-06,278528
7393,1,0.369649990661856,0.369649990661856,0.000100033612397965,-0.371009290218353,3.71794664004938e-06,278528
7394,1,0.369699990660592,0.369699990660592,8.65884139784612e-05,-0.371942073106766,3.72227606063893e-06,278528
7395,1,0.369749990659329,0.369749990659329,7.11513566784561e-05,-0.375673234462738,3.72583362838298e-06,278528
7396,1,0.369799990658066,0.369799990658066,5.54652979189996e-05,-0.377538830041885,3.72860689320887e-06,278528
7397,1,0.369849990656803,0.369849990656803,4.08996747864876e-05,-0.379404425621033,3.73065187689654e-06,278528
7398,1,0.36989999065554,0.36989999065554,2.39686960412655e-05,-0.382824659347534,3.73185031166833e-06,278528
7399,1,0.369949990654277,0.369949990654277,1.06479983514873e-05,-0.384379297494888,3.73238271157245e-06,278528
7400,1,0.369999990653014,0.369999990653014,-6.6564580265549e-06,-0.386866748332977,3.73204988867953e-06,278528
7401,1,0.370049990651751,0.370049990651751,-2.02261398953851e-05,-0.389665126800537,3.73103858171031e-06,278528
7402,1,0.370099990650488,0.370099990650488,-3.62856699211989e-05,-0.392463505268097,3.72922429826008e-06,278528
7403,1,0.370149990649224,0.370149990649224,-5.19717250426766e-05,-0.394950956106186,3.72662571207359e-06,278528
7404,1,0.370199990647961,0.370199990647961,-6.71598099870607e-05,-0.398993045091629,3.72326772165907e-06,278528
7405,1,0.370249990646698,0.370249990646698,-8.25968745630234e-05,-0.401480495929718,3.71913787803525e-06,278528
7406,1,0.370299990645435,0.370299990645435,-9.79094547801651e-05,-0.402724206447601,3.71424240541991e-06,278528
7407,1,0.370349990644172,0.370349990644172,-0.000112350586277898,-0.406144440174103,3.70862487624793e-06,278528
7408,1,0.370399990642909,0.370399990642909,-0.000128908082842827,-0.408320933580399,3.70217947226861e-06,278528
7409,1,0.370449990641646,0.370449990641646,-0.00014484312850982,-0.412363022565842,3.69493731602607e-06,278528
7410,1,0.370499990640383,0.370499990640383,-0.000159159753820859,-0.414850473403931,3.68697932853606e-06,278528
7411,1,0.37054999063912,0.37054999063912,-0.000176464222022332,-0.418581664562225,3.67815611765784e-06,278528
7412,1,0.370599990637857,0.370599990637857,-0.0001900338975247,-0.421380013227463,3.66865442302164e-06,278528
7413,1,0.370649990636593,0.370649990636593,-0.000206591415917501,-0.424800246953964,3.65832485248671e-06,278528
7414,1,0.37069999063533,0.37069999063533,-0.000220534566324204,-0.427287697792053,3.64729812444906e-06,278528
7415,1,0.370749990634067,0.370749990634067,-0.000235847139265388,-0.430707931518555,3.63550576778369e-06,278528
7416,1,0.370799990632804,0.370799990632804,-0.00025140869547613,-0.434439092874527,3.62293533332744e-06,278528
7417,1,0.370849990631541,0.370849990631541,-0.000265849841525778,-0.43754842877388,3.60964284158695e-06,278528
7418,1,0.370899990630278,0.370899990630278,-0.000280913431197405,-0.441279590129852,3.5955971703819e-06,278528
7419,1,0.370949990629015,0.370949990629015,-0.00029560353141278,-0.442834228277206,3.58081699418464e-06,278528
7420,1,0.370999990627752,0.370999990627752,-0.000310169154545292,-0.447187274694443,3.56530853684915e-06,278528
7421,1,0.371049990626489,0.371049990626489,-0.000324485794408247,-0.450607508420944,3.5490842475386e-06,278528
7422,1,0.371099990625225,0.371099990625225,-0.000338802405167371,-0.453716814517975,3.53214412770817e-06,278528
7423,1,0.371149990623962,0.371149990623962,-0.000353368057403713,-0.457137048244476,3.51447572528433e-06,278528
7424,1,0.371199990622699,0.371199990622699,-0.000366813212167472,-0.459624499082565,3.49613506513928e-06,278528
7425,1,0.371249990621436,0.371249990621436,-0.000381005374947563,-0.462733805179596,3.47708479687315e-06,278528
7426,1,0.371299990620173,0.371299990620173,-0.000394326081732288,-0.466464936733246,3.45736849328461e-06,278528
7427,1,0.37134999061891,0.37134999061891,-0.000408144755056128,-0.469574242830276,3.43696125604734e-06,278528
7428,1,0.371399990617647,0.371399990617647,-0.000420842960011214,-0.474238216876984,3.41591910857835e-06,278528
7429,1,0.371449990616384,0.371449990616384,-0.000434910616604611,-0.477036565542221,3.39417357829745e-06,278528
7430,1,0.371499990615121,0.371499990615121,-0.000446861900854856,-0.480767756700516,3.37183048381914e-06,278528
7431,1,0.371549990613858,0.371549990613858,-0.000460182607639581,-0.483255207538605,3.34882135401842e-06,278528
7432,1,0.371599990612594,0.371599990612594,-0.000471884908620268,-0.487608224153519,3.32522710918345e-06,278528
7433,1,0.371649990611331,0.371649990611331,-0.000485454598674551,-0.490406602621078,3.30095437986291e-06,278528
7434,1,0.371699990610068,0.371699990610068,-0.000497281376738101,-0.494137763977051,3.27609031165412e-06,278528
7435,1,0.371749990608805,0.371749990608805,-0.000507863238453865,-0.496936142444611,3.25069715037291e-06,278528
7436,1,0.371799990607542,0.371799990607542,-0.000520561414305121,-0.501289188861847,3.22466908031518e-06,278528
7437,1,0.371849990606279,0.371849990606279,-0.000530396355316043,-0.50346565246582,3.19814926321932e-06,278528
7438,1,0.371899990605016,0.371899990605016,-0.000540729204658419,-0.507507741451263,3.1711128036694e-06,278528
7439,1,0.371949990603753,0.371949990603753,-0.000552556070033461,-0.511549830436707,3.14348500086567e-06,278528
7440,1,0.37199999060249,0.37199999060249,-0.000561395019758493,-0.513726413249969,3.11541525058684e-06,278528
7441,1,0.372049990601226,0.372049990601226,-0.000571976881474257,-0.517768502235413,3.0868164072356e-06,278528
7442,1,0.372099990599963,0.372099990599963,-0.000581811764277518,-0.520877778530121,3.05772581975661e-06,278528
7443,1,0.3721499905987,0.3721499905987,-0.000589281320571899,-0.523676156997681,3.02826175447234e-06,278528
7444,1,0.372199990597437,0.372199990597437,-0.000599240767769516,-0.528029203414917,2.99829971684077e-06,278528
7445,1,0.372249990596174,0.372249990596174,-0.00060683477204293,-0.53020566701889,2.96795797900512e-06,278528
7446,1,0.372299990594911,0.372299990594911,-0.000614677788689733,-0.534247756004333,2.93722409034704e-06,278528
7447,1,0.372349990593648,0.372349990593648,-0.000621400424279273,-0.536735236644745,2.90615406991797e-06,278528
7448,1,0.372399990592385,0.372399990592385,-0.000628620909992605,-0.54046642780304,2.87472302521235e-06,278528
7449,1,0.372449990591122,0.372449990591122,-0.000635717005934566,-0.542021036148071,2.8429371757186e-06,278528
7450,1,0.372499990589858,0.372499990589858,-0.000640821235720068,-0.546063125133514,2.81089611474202e-06,278528
7451,1,0.372549990588595,0.372549990588595,-0.000646049913484603,-0.549172461032867,2.77859361988382e-06,278528
7452,1,0.372599990587332,0.372599990587332,-0.000651901063974947,-0.553214550018311,2.7459985675085e-06,278528
7453,1,0.372649990586069,0.372649990586069,-0.000656009244266897,-0.555391073226929,2.71319810612376e-06,278528
7454,1,0.372699990584806,0.372699990584806,-0.000661113474052399,-0.55881130695343,2.6801424332562e-06,278528
7455,1,0.372749990583543,0.372749990583543,-0.00066347885876894,-0.562231540679932,2.6469684911558e-06,278528
7456,1,0.37279999058228,0.37279999058228,-0.00066820956999436,-0.564718961715698,2.6135580135001e-06,278528
7457,1,0.372849990581017,0.372849990581017,-0.00066920550307259,-0.566273629665375,2.58009773919174e-06,278528
7458,1,0.372899990579754,0.372899990579754,-0.000670326000545174,-0.569693863391876,2.54658144001118e-06,278528
7459,1,0.372949990578491,0.372949990578491,-0.000672317808493972,-0.573114097118378,2.51296555043569e-06,278528
7460,1,0.372999990577227,0.372999990577227,-0.000672691268846393,-0.575912475585938,2.47933098784305e-06,278528
7461,1,0.373049990575964,0.373049990575964,-0.000673064729198813,-0.578710854053497,2.44567775223326e-06,278528
7462,1,0.373099990574701,0.373099990574701,-0.000672317808493972,-0.580576419830322,2.41206186265777e-06,278528
7463,1,0.373149990573438,0.373149990573438,-0.000671695277560502,-0.58275294303894,2.37847709962817e-06,278528
7464,1,0.373199990572175,0.373199990572175,-0.000671072863042355,-0.585240364074707,2.34492345732369e-06,278528
7465,1,0.373249990570912,0.373249990570912,-0.000667836109641939,-0.588038802146912,2.31153165268514e-06,278528
7466,1,0.373299990569649,0.373299990569649,-0.000665968633256853,-0.590526163578033,2.27823322186349e-06,278528
7467,1,0.373349990568386,0.373349990568386,-0.000663229904603213,-0.593013644218445,2.24507172747105e-06,278528
7468,1,0.373399990567123,0.373399990567123,-0.000659246114082634,-0.596433877944946,2.21210942259962e-06,278528
7469,1,0.373449990565859,0.373449990565859,-0.000654639909043908,-0.597366690635681,2.1793774279743e-06,278528
7470,1,0.373499990564596,0.373499990564596,-0.00065065617673099,-0.600786924362183,2.1468446199596e-06,278528
7471,1,0.373549990563333,0.373549990563333,-0.000645178486593068,-0.601719737052917,2.11458569644488e-06,278528
7472,1,0.37359999056207,0.37359999056207,-0.000639327336102724,-0.604518055915833,2.08261933044728e-06,278528
7473,1,0.373649990560807,0.373649990560807,-0.000632978160865605,-0.607005536556244,2.05097042320352e-06,278528
7474,1,0.373699990559544,0.373699990559544,-0.000626131077297032,-0.607627391815186,2.01966387012954e-06,278528
7475,1,0.373749990558281,0.373749990558281,-0.000618786027189344,-0.609803915023804,1.98872456955166e-06,278528
7476,1,0.373799990557018,0.373799990557018,-0.000611316529102623,-0.611669480800629,1.95815874386869e-06,278528
7477,1,0.373849990555755,0.373849990555755,-0.000604095926973969,-0.612913191318512,1.92795394828303e-06,278528
7478,1,0.373899990554492,0.373899990554492,-0.00059637741651386,-0.614778816699982,1.89813507821062e-06,278528
7479,1,0.373949990553228,0.373949990553228,-0.000586667039897293,-0.616333425045013,1.86880172695678e-06,278528
7480,1,0.373999990551965,0.373999990551965,-0.000578823906835169,-0.618509948253632,1.83986053234614e-06,278528
7481,1,0.374049990550702,0.374049990550702,-0.000569113530218601,-0.620064616203308,1.81140485655406e-06,278528
7482,1,0.374099990549439,0.374099990549439,-0.000560025568120182,-0.621308326721191,1.78340357885542e-06,278528
7483,1,0.374149990548176,0.374149990548176,-0.000549941672943532,-0.622552037239075,1.75590649590288e-06,278528
7484,1,0.374199990546913,0.374199990546913,-0.000539857777766883,-0.624106705188751,1.72891360769643e-06,278528
7485,1,0.37424999054565,0.37424999054565,-0.000530271849129349,-0.625661373138428,1.70240001590976e-06,278528
7486,1,0.374299990544387,0.374299990544387,-0.000518569606356323,-0.625972270965576,1.67647153624695e-06,278528
7487,1,0.374349990543124,0.374349990543124,-0.000508236757013947,-0.626283228397369,1.65105969903821e-06,278528
7488,1,0.37439999054186,0.37439999054186,-0.000497156870551407,-0.628148853778839,1.6262018561386e-06,278528
7489,1,0.374449990540597,0.374449990540597,-0.000485828059026971,-0.629081547260284,1.6019104538009e-06,278528
7490,1,0.374499990539334,0.374499990539334,-0.000474499247502536,-0.630325317382813,1.57818549202512e-06,278528
7491,1,0.374549990538071,0.374549990538071,-0.000464415352325886,-0.630636215209961,1.55496472499543e-06,278528
7492,1,0.374599990536808,0.374599990536808,-0.000451592612080276,-0.632501840591431,1.53238509496183e-06,278528
7493,1,0.374649990535545,0.374649990535545,-0.000440139323472977,-0.632501840591431,1.51037812934412e-06,278528
7494,1,0.374699990534282,0.374699990534282,-0.000427565566496924,-0.634056448936462,1.48899985155934e-06,278528
7495,1,0.374749990533019,0.374749990533019,-0.000415863265516236,-0.633434653282166,1.4682066888088e-06,278528
7496,1,0.374799990531756,0.374799990531756,-0.000403414043830708,-0.633745551109314,1.44803598712682e-06,278528
7497,1,0.374849990530493,0.374849990530493,-0.000391711742850021,-0.633123636245728,1.4284504004791e-06,278528
7498,1,0.374899990529229,0.374899990529229,-0.000379262492060661,-0.633745551109314,1.40948727635511e-06,278528
7499,1,0.374949990527966,0.374949990527966,-0.000366813212167472,-0.633745551109314,1.39114661621006e-06,278528
7500,1,0.374999990526703,0.374999990526703,-0.000353492534486577,-0.634989261627197,1.37347198993223e-06,278528
7501,1,0.37504999052544,0.37504999052544,-0.000340545346261933,-0.633745551109314,1.35644472304928e-06,278528
7502,1,0.375099990524177,0.375099990524177,-0.000327598099829629,-0.634367406368256,1.34006481847159e-06,278528
7503,1,0.375149990522914,0.375149990522914,-0.000316891731927171,-0.63530021905899,1.3242202322755e-06,278528
7504,1,0.375199990521651,0.375199990521651,-0.000303197564790025,-0.634056448936462,1.30906035441897e-06,278528
7505,1,0.375249990520388,0.375249990520388,-0.000290250347461551,-0.633745551109314,1.29454783741251e-06,278528
7506,1,0.375299990519125,0.375299990519125,-0.000278423569398001,-0.634056448936462,1.28062665929429e-06,278528
7507,1,0.375349990517861,0.375349990517861,-0.000266472285147756,-0.633745551109314,1.26730304537348e-06,278528
7508,1,0.375399990516598,0.375399990516598,-0.000253898557275534,-0.633745551109314,1.2546081178304e-06,278528
7509,1,0.375449990515335,0.375449990515335,-0.00024045335885603,-0.632190942764282,1.24258545019132e-06,278528
7510,1,0.375499990514072,0.375499990514072,-0.000228004108066671,-0.631569027900696,1.23118524507598e-06,278528
7511,1,0.375549990512809,0.375549990512809,-0.000215181396924891,-0.630636215209961,1.22042617550153e-06,278528
7512,1,0.375599990511546,0.375599990511546,-0.000204101568670012,-0.630947172641754,1.21022109732584e-06,278528
7513,1,0.375649990510283,0.375649990510283,-0.000191029845154844,-0.629703462123871,1.20066960530938e-06,278528
7514,1,0.37569999050902,0.37569999050902,-0.000177335648913868,-0.629081547260284,1.19180282308768e-06,278528
7515,1,0.375749990507757,0.375749990507757,-0.00016575786867179,-0.627216041088104,1.18351492986346e-06,278528
7516,1,0.375799990506493,0.375799990506493,-0.000152437161887065,-0.625972270965576,1.17589307196166e-06,278528
7517,1,0.37584999050523,0.37584999050523,-0.000140734860906377,-0.624728560447693,1.1688563290941e-06,278528
7518,1,0.375899990503967,0.375899990503967,-0.000127912149764597,-0.6244176030159,1.16246072176744e-06,278528
7519,1,0.375949990502704,0.375949990502704,-0.000116209856059868,-0.622552037239075,1.15665022911123e-06,278528
7520,1,0.375999990501441,0.375999990501441,-0.000104009588540066,-0.62161922454834,1.1514497498156e-06,278528
7521,1,0.376049990500178,0.376049990500178,-9.19338126550429e-05,-0.62068647146225,1.14685305929897e-06,278528
7522,1,0.376099990498915,0.376099990498915,-8.0978476034943e-05,-0.617577135562897,1.14280413559951e-06,278528
7523,1,0.376149990497652,0.376149990497652,-6.59148863633163e-05,-0.616333425045013,1.1395083913646e-06,278528
7524,1,0.376199990496389,0.376199990496389,-5.50840377400164e-05,-0.614778816699982,1.13675418954718e-06,278528
7525,1,0.376249990495126,0.376249990495126,-4.4004205847159e-05,-0.612602233886719,1.1345539793104e-06,278528
7526,1,0.376299990493862,0.376299990493862,-3.2426407415187e-05,-0.610425770282745,1.1329326589806e-06,278528
7527,1,0.376349990492599,0.376349990492599,-2.08486017072573e-05,-0.608871102333069,1.13189022892157e-06,278528
7528,1,0.376399990491336,0.376399990491336,-9.51978563534794e-06,-0.607627391815186,1.13141423965183e-06,278528
7529,1,0.376449990490073,0.376449990490073,2.43149384004937e-06,-0.605450868606567,1.13153581434076e-06,278528
7530,1,0.37649999048881,0.37649999048881,1.31378492369549e-05,-0.602963387966156,1.13219270678601e-06,278528
7531,1,0.376549990487547,0.376549990487547,2.48401429416845e-05,-0.602030634880066,1.13343471390172e-06,278528
7532,1,0.376599990486284,0.376599990486284,3.59199730155524e-05,-0.599854111671448,1.13523071250713e-06,278528
7533,1,0.376649990485021,0.376649990485021,4.69998049084097e-05,-0.597366690635681,1.13758070269318e-06,278528
7534,1,0.376699990483758,0.376699990483758,5.88265938858967e-05,-0.593635499477386,1.14052203231317e-06,278528
7535,1,0.376749990482494,0.376749990482494,6.84125116094947e-05,-0.592391788959503,1.14394265780723e-06,278528
7536,1,0.376799990481231,0.376799990481231,8.06127791292965e-05,-0.589904308319092,1.14797329666188e-06,278528
7537,1,0.376849990479968,0.376849990479968,9.03231848496944e-05,-0.586173176765442,1.15248945579027e-06,278528
7538,1,0.376899990478705,0.376899990478705,0.000100905053841416,-0.585240364074707,1.15753470835489e-06,278528
7539,1,0.376949990477442,0.376949990477442,0.000110988956294023,-0.582131087779999,1.1630841560294e-06,278528
7540,1,0.376999990476179,0.376999990476179,0.000120948345283978,-0.579954564571381,1.16913157314083e-06,278528
7541,1,0.377049990474916,0.377049990474916,0.000131654684082605,-0.576223373413086,1.17571430717867e-06,278528
7542,1,0.377099990473653,0.377099990473653,0.000139995710924268,-0.574046909809113,1.18271409254805e-06,278528
7543,1,0.37714999047239,0.37714999047239,0.000150204068631865,-0.571870386600494,1.19022429578992e-06,278528
7544,1,0.377199990471127,0.377199990471127,0.000161034942721017,-0.570315718650818,1.19827604272257e-06,278528
7545,1,0.377249990469863,0.377249990469863,0.000168877959367819,-0.566584587097168,1.20671994047765e-06,278528
7546,1,0.3772999904686,0.3772999904686,0.000178588365088217,-0.563475251197815,1.21564935850648e-06,278528
7547,1,0.377349990467337,0.377349990467337,0.000186929362826049,-0.560055017471313,1.22499582641167e-06,278528
7548,1,0.377399990466074,0.377399990466074,0.000196390799828805,-0.557256639003754,1.23481536615505e-06,278528
7549,1,0.377449990464811,0.377449990464811,0.000204980780836195,-0.553836405277252,1.24506440493795e-06,278528
7550,1,0.377499990463548,0.377499990463548,0.000213321778574027,-0.551038026809692,1.2557304935972e-06,278528
7551,1,0.377549990462285,0.377549990462285,0.000222285234485753,-0.548239648342133,1.26684475504072e-06,278528
7552,1,0.377599990461022,0.377599990461022,0.000230128251132555,-0.544508516788483,1.27835116730667e-06,278528
7553,1,0.377649990459759,0.377649990459759,0.000237224332522601,-0.542021036148071,1.29021238363316e-06,278528
7554,1,0.377699990458495,0.377699990458495,0.000245814328081906,-0.538911759853363,1.30250309972676e-06,278528
7555,1,0.377749990457232,0.377749990457232,0.000254404323641211,-0.535491526126862,1.31522331558749e-06,278528
7556,1,0.377799990455969,0.377799990455969,0.00026212286320515,-0.532693147659302,1.32832945841665e-06,278528
7557,1,0.377849990454706,0.377849990454706,0.000268969917669892,-0.529583811759949,1.34177795396041e-06,278528
7558,1,0.377899990453443,0.377899990453443,0.00027631499688141,-0.52647453546524,1.35559370345547e-06,278528
7559,1,0.37794999045218,0.37794999045218,0.000283660046989098,-0.522121489048004,1.36977670544663e-06,278528
7560,1,0.377999990450917,0.377999990450917,0.000290507101453841,-0.519944965839386,1.38430206015238e-06,278528
7561,1,0.378049990449654,0.378049990449654,0.000296109297778457,-0.516213774681091,1.39910752466728e-06,278528
7562,1,0.378099990448391,0.378099990448391,0.000304450280964375,-0.512793600559235,1.41433003833095e-06,278528
7563,1,0.378149990447127,0.378149990447127,0.000309803464915603,-0.509684264659882,1.42982021118542e-06,278528
7564,1,0.378199990445864,0.378199990445864,0.0003177709877491,-0.50626403093338,1.44570876017149e-06,278528
7565,1,0.378249990444601,0.378249990444601,0.000323373154969886,-0.50253289937973,1.46187741751153e-06,278528
7566,1,0.378299990443338,0.378299990443338,0.000329722271999344,-0.499112635850906,1.47836353069503e-06,278528
7567,1,0.378349990442075,0.378349990442075,0.000335199933033437,-0.496003359556198,1.4951235269233e-06,278528
7568,1,0.378399990440812,0.378399990440812,0.000341549020959064,-0.491650313138962,1.51220097753984e-06,278528
7569,1,0.378449990439549,0.378449990439549,0.000347898167092353,-0.489473819732666,1.52959588545503e-06,278528
7570,1,0.378499990438286,0.378499990438286,0.000353624811396003,-0.485742658376694,1.54727712557816e-06,278528
7571,1,0.378549990437023,0.378549990437023,0.000358480028808117,-0.481700569391251,1.56520112656577e-06,278528
7572,1,0.37859999043576,0.37859999043576,0.000364580162568018,-0.479213118553162,1.58343013423367e-06,278528
7573,1,0.378649990434496,0.378649990434496,0.000369559886166826,-0.474549144506454,1.60190812807522e-06,278528
7574,1,0.378699990433233,0.378699990433233,0.000374539580661803,-0.472061693668365,1.62063510663522e-06,278528
7575,1,0.37874999043197,0.37874999043197,0.000380390702048317,-0.468952387571335,1.63965464125717e-06,278528
7576,1,0.378799990430707,0.378799990430707,0.000386739848181605,-0.464599341154099,1.65899163317775e-06,278528
7577,1,0.378849990429444,0.378849990429444,0.00039097256376408,-0.461800992488861,1.67854026087212e-06,278528
7578,1,0.378899990428181,0.378899990428181,0.000396823714254424,-0.45838075876236,1.69838144608361e-06,278528
7579,1,0.378949990426918,0.378949990426918,0.000400931981857866,-0.455271452665329,1.71842804467008e-06,278528
7580,1,0.378999990425655,0.378999990425655,0.000407281069783494,-0.452162146568298,1.73879209764482e-06,278528
7581,1,0.379049990424392,0.379049990424392,0.00041288323700428,-0.448430985212326,1.75943625897351e-06,278528
7582,1,0.379099990423128,0.379099990423128,0.0004176139482297,-0.445632606744766,1.78031695585751e-06,278528
7583,1,0.379149990421865,0.379149990421865,0.000423465098720044,-0.442212373018265,1.80149021025863e-06,278528
7584,1,0.379199990420602,0.379199990420602,0.000426577404141426,-0.439103066921234,1.82281907992689e-06,278528
7585,1,0.379249990419339,0.379249990419339,0.000433673500083387,-0.435682833194733,1.84450275438328e-06,278528
7586,1,0.379299990418076,0.379299990418076,0.000439026654930785,-0.432262599468231,1.86645408657528e-06,278528
7587,1,0.379349990416813,0.379349990416813,0.000444006349425763,-0.429464250802994,1.88865440348575e-06,278528
7588,1,0.37939999041555,0.37939999041555,0.000450230989372358,-0.425733059644699,1.91116595238567e-06,278528
7589,1,0.379449990414287,0.379449990414287,0.000454214750789106,-0.422934710979462,1.93387668935141e-06,278528
7590,1,0.379499990413024,0.379499990413024,0.000459941424196586,-0.420447260141373,1.95687375998028e-06,278528
7591,1,0.379549990411761,0.379549990411761,0.000465543562313542,-0.416716068983078,1.98015093750793e-06,278528
7592,1,0.379599990410497,0.379599990410497,0.000470149796456099,-0.415472358465195,2.00365842673688e-06,278528
7593,1,0.379649990409234,0.379649990409234,0.000475876440759748,-0.4117411673069,2.02745224817379e-06,278528
7594,1,0.379699990407971,0.379699990407971,0.000479860231280327,-0.408942818641663,2.05144525913169e-06,278528
7595,1,0.379749990406708,0.379749990406708,0.000486209319205955,-0.405522584915161,2.07575572447785e-06,278528
7596,1,0.379799990405445,0.379799990405445,0.000491064507514238,-0.401169538497925,2.1003089492333e-06,278528
7597,1,0.379849990404182,0.379849990404182,0.000496417691465467,-0.398682087659836,2.12512983317954e-06,278528
7598,1,0.379899990402919,0.379899990402919,0.000500525929965079,-0.39650559425354,2.15015612904558e-06,278528
7599,1,0.379949990401656,0.379949990401656,0.000506128068082035,-0.394639998674393,2.17546253181039e-06,278528
7600,1,0.379999990400393,0.379999990400393,0.000509489444084466,-0.391530692577362,2.20093700337107e-06,278528
7601,1,0.380049990399129,0.380049990399129,0.000514095649123192,-0.388732314109802,2.22664178517788e-06,278528
7602,1,0.380099990397866,0.380099990397866,0.000518203887622803,-0.386244863271713,2.25255197890447e-06,278528
7603,1,0.380149990396603,0.380149990396603,0.000522685644682497,-0.383757412433624,2.27868626047839e-06,278528
7604,1,0.38019999039534,0.38019999039534,0.000527914322447032,-0.38127002120018,2.30508197593393e-06,278528
7605,1,0.380249990394077,0.380249990394077,0.000530653109308332,-0.378471612930298,2.33161463072907e-06,278528
7606,1,0.380299990392814,0.380299990392814,0.000533765472937375,-0.376916974782944,2.35830290370174e-06,278528
7607,1,0.380349990391551,0.380349990391551,0.000537873711436987,-0.37536233663559,2.38519658859419e-06,278528
7608,1,0.380399990390288,0.380399990390288,0.00054036354413256,-0.371942073106766,2.41221476511829e-06,278528
7609,1,0.380449990389025,0.380449990389025,0.000542728928849101,-0.368832796812057,2.43935121087522e-06,278528
7610,1,0.380499990387761,0.380499990387761,0.000546588154975325,-0.367589056491852,2.46668061793358e-06,278528
7611,1,0.380549990386498,0.380549990386498,0.000548704527318478,-0.365723490715027,2.49411584360644e-06,278528
7612,1,0.380599990385235,0.380599990385235,0.000551069912035018,-0.36385789513588,2.52166933851213e-06,278528
7613,1,0.380649990383972,0.380649990383972,0.000551692326553166,-0.36105951666832,2.54925395414294e-06,278528
7614,1,0.380699990382709,0.380699990382709,0.000554057769477367,-0.360126703977585,2.57695684191697e-06,278528
7615,1,0.380749990381446,0.380749990381446,0.000554306723643094,-0.35826113820076,2.60467217739898e-06,278528
7616,1,0.380799990380183,0.380799990380183,0.000555676117073745,-0.356395572423935,2.63245598255079e-06,278528
7617,1,0.38084999037892,0.38084999037892,0.000556547602172941,-0.354529976844788,2.66028336195646e-06,278528
7618,1,0.380899990377657,0.380899990377657,0.000556423095986247,-0.352353453636169,2.68810451605295e-06,278528
7619,1,0.380949990376394,0.380949990376394,0.000555676117073745,-0.350487858057022,2.71588832120476e-06,278528
7620,1,0.38099999037513,0.38099999037513,0.000556174083612859,-0.350176960229874,2.74369702468289e-06,278528
7621,1,0.381049990373867,0.381049990373867,0.000554555677808821,-0.34862232208252,2.77142480787287e-06,278528
7622,1,0.381099990372604,0.381099990372604,0.000553933263290673,-0.346756726503372,2.79912147033773e-06,278528
7623,1,0.381149990371341,0.381149990371341,0.000552314857486635,-0.345512986183167,2.82673721251443e-06,278528
7624,1,0.381199990370078,0.381199990370078,0.000549451564438641,-0.344580173492432,2.85420979004235e-06,278528
7625,1,0.381249990368815,0.381249990368815,0.000547584088053554,-0.343336492776871,2.88158899375337e-06,278528
7626,1,0.381299990367552,0.381299990367552,0.000545343209523708,-0.341781824827194,2.90885615354073e-06,278528
7627,1,0.381349990366289,0.381349990366289,0.000541857443749905,-0.341159969568253,2.9359490250438e-06,278528
7628,1,0.381399990365026,0.381399990365026,0.000539118598680943,-0.340538084506989,2.96290495429688e-06,278528
7629,1,0.381449990363762,0.381449990363762,0.000535757280886173,-0.338361591100693,2.98969281766447e-06,278528
7630,1,0.381499990362499,0.381499990362499,0.000531151075847447,-0.338672518730164,3.01625037078594e-06,278528
7631,1,0.381549990361236,0.381549990361236,0.000525797891896218,-0.337739735841751,3.04254026471661e-06,278528
7632,1,0.381599990359973,0.381599990359973,0.000522312126122415,-0.336806952953339,3.068655870363e-06,278528
7633,1,0.38164999035871,0.38164999035871,0.000515465100761503,-0.336806952953339,3.09442912474999e-06,278528
7634,1,0.381699990357447,0.381699990357447,0.000510734389536083,-0.336806952953339,3.11996584358168e-06,278528
7635,1,0.381749990356184,0.381749990356184,0.000505132193211466,-0.336495995521545,3.14522245260422e-06,278528
7636,1,0.381799990354921,0.381799990354921,0.000497787084896117,-0.336495995521545,3.17011180622027e-06,278528
7637,1,0.381849990353658,0.381849990353658,0.000491437967866659,-0.334941357374191,3.19468370399286e-06,278528
7638,1,0.381899990352395,0.381899990352395,0.000484964402858168,-0.335874140262604,3.21893192352321e-06,278528
7639,1,0.381949990351131,0.381949990351131,0.000477121386211365,-0.335563242435455,3.24278799223112e-06,278528
7640,1,0.381999990349868,0.381999990349868,0.000470398779725656,-0.335252285003662,3.26630793062324e-06,278528
7641,1,0.382049990348605,0.382049990348605,0.000461061805253848,-0.335252285003662,3.28936102030356e-06,278528
7642,1,0.382099990347342,0.382099990347342,0.000453218817710876,-0.335252285003662,3.31202196061664e-06,278528
7643,1,0.382149990346079,0.382149990346079,0.000445500278146937,-0.335874140262604,3.33429697396128e-06,278528
7644,1,0.382199990344816,0.382199990344816,0.000434544926974922,-0.335874140262604,3.35602421976115e-06,278528
7645,1,0.382249990343553,0.382249990343553,0.00042670191032812,-0.335563242435455,3.37735931473858e-06,278528
7646,1,0.38229999034229,0.38229999034229,0.000416493538068607,-0.336185097694397,3.39818399111594e-06,278528
7647,1,0.382349990341027,0.382349990341027,0.00040678313234821,-0.337117880582809,3.41852314721954e-06,278528
7648,1,0.382399990339763,0.382399990339763,0.000395952287362888,-0.3380506336689,3.43832076108755e-06,278528
7649,1,0.3824499903385,0.3824499903385,0.000384996907087043,-0.338672518730164,3.45757060595561e-06,278528
7650,1,0.382499990337237,0.382499990337237,0.000374664057744667,-0.339294373989105,3.4763038083696e-06,278528
7651,1,0.382549990335974,0.382549990335974,0.000363584200385958,-0.340538084506989,3.49448301792966e-06,278528
7652,1,0.382599990334711,0.382599990334711,0.000352255388861522,-0.341470897197723,3.5120957869278e-06,278528
7653,1,0.382649990333448,0.382649990333448,0.000341175560606644,-0.341159969568253,3.52915456452719e-06,278528
7654,1,0.382699990332185,0.382699990332185,0.000329473259625956,-0.343025535345078,3.54562822709233e-06,278528
7655,1,0.382749990330922,0.382749990330922,0.000317521975375712,-0.34395831823349,3.56150432546005e-06,278528
7656,1,0.382799990329659,0.382799990329659,0.000305446214042604,-0.344580173492432,3.57677663577637e-06,278528
7657,1,0.382849990328396,0.382849990328396,0.000291752017801628,-0.346134871244431,3.59136423629793e-06,278528
7658,1,0.382899990327132,0.382899990327132,0.000278680352494121,-0.348000437021255,3.60529825357064e-06,278528
7659,1,0.382949990325869,0.382949990325869,0.000266604562057182,-0.34862232208252,3.61862848133675e-06,278528
7660,1,0.382999990324606,0.382999990324606,0.000252287951298058,-0.352042526006699,3.63124287858298e-06,278528
7661,1,0.383049990323343,0.383049990323343,0.00023971417977009,-0.352353453636169,3.6432285872687e-06,278528
7662,1,0.38309999032208,0.38309999032208,0.000226517979172058,-0.355151861906052,3.65455448594119e-06,278528
7663,1,0.383149990320817,0.383149990320817,0.000212325845495798,-0.354840904474258,3.66517077794779e-06,278528
7664,1,0.383199990319554,0.383199990319554,0.000198382680537179,-0.357328355312347,3.67508991172407e-06,278528
7665,1,0.383249990318291,0.383249990318291,0.000184439515578561,-0.359504848718643,3.68431188727003e-06,278528
7666,1,0.383299990317028,0.383299990317028,0.000169749386259355,-0.361370444297791,3.69279935636859e-06,278528
7667,1,0.383349990315764,0.383349990315764,0.00015642870857846,-0.362925112247467,3.70062079159992e-06,278528
7668,1,0.383399990314501,0.383399990314501,0.000141365133458748,-0.364479750394821,3.7076890480943e-06,278528
7669,1,0.383449990313238,0.383449990313238,0.000126799495774321,-0.36696720123291,3.71402902272286e-06,278528
7670,1,0.383499990311975,0.383499990311975,0.000110615466837771,-0.369143694639206,3.71955979592503e-06,278528
7671,1,0.383549990310712,0.383549990310712,9.67968080658466e-05,-0.371009290218353,3.72439963620605e-06,278528
7672,1,0.383599990309449,0.383599990309449,8.19821943878196e-05,-0.373807668685913,3.72849874582189e-06,278528
7673,1,0.383649990308186,0.383649990308186,6.71675879857503e-05,-0.375673234462738,3.73185712513634e-06,278528
7674,1,0.383699990306923,0.383699990306923,5.19795030413661e-05,-0.378471612930298,3.73445610022275e-06,278528
7675,1,0.38374999030566,0.38374999030566,3.64179468306247e-05,-0.380648136138916,3.73627699751829e-06,278528
7676,1,0.383799990304396,0.383799990304396,2.11053684324725e-05,-0.38220277428627,3.73733226591325e-06,278528
7677,1,0.383849990303133,0.383849990303133,6.53974575470784e-06,-0.385623008012772,3.73765925319273e-06,278528
7678,1,0.38389999030187,0.38389999030187,-9.7687698144e-06,-0.387799561023712,3.73717081471435e-06,278528
7679,1,0.383949990300607,0.383949990300607,-2.38364209508291e-05,-0.39090883731842,3.73597899369691e-06,278528
7680,1,0.383999990299344,0.383999990299344,-3.96469695260748e-05,-0.39370721578598,3.73399664527069e-06,278528
7681,1,0.384049990298081,0.384049990298081,-5.55820079171099e-05,-0.39650559425354,3.73121754494504e-06,278528
7682,1,0.384099990296818,0.384099990296818,-7.12680630385876e-05,-0.399303942918777,3.72765414188313e-06,278528
7683,1,0.384149990295555,0.384149990295555,-8.73275930644013e-05,-0.401791393756866,3.72328776234021e-06,278528
7684,1,0.384199990294292,0.384199990294292,-0.000103013648185879,-0.404589772224426,3.71813708006103e-06,278528
7685,1,0.384249990293029,0.384249990293029,-0.000117081297503319,-0.407077223062515,3.71228301533375e-06,278528
7686,1,0.384299990291765,0.384299990291765,-0.00013338981079869,-0.410497456789017,3.7056135249623e-06,278528
7687,1,0.384349990290502,0.384349990290502,-0.000148328923387453,-0.412673979997635,3.69819707898029e-06,278528
7688,1,0.384399990289239,0.384399990289239,-0.000163890465046279,-0.415783286094666,3.69000255593498e-06,278528
7689,1,0.384449990287976,0.384449990287976,-0.000179203067091294,-0.419514447450638,3.68104240280677e-06,278528
7690,1,0.384499990286713,0.384499990286713,-0.000194640117115341,-0.422312825918198,3.67131039719686e-06,278528
7691,1,0.38454999028545,0.38454999028545,-0.000209828212973662,-0.424800246953964,3.66081898681321e-06,278528
7692,1,0.384599990284187,0.384599990284187,-0.000225514260819182,-0.428531438112259,3.6495432740571e-06,278528
7693,1,0.384649990282924,0.384649990282924,-0.000240328852669336,-0.432262599468231,3.63752683172719e-06,278528
7694,1,0.384699990281661,0.384699990281661,-0.000255267950706184,-0.434439092874527,3.62476343451431e-06,278528
7695,1,0.384749990280397,0.384749990280397,-0.000269833573838696,-0.438792139291763,3.61127175616321e-06,278528
7696,1,0.384799990279134,0.384799990279134,-0.000285021640593186,-0.441279590129852,3.59702067449356e-06,278528
7697,1,0.384849990277871,0.384849990277871,-0.000299711769912392,-0.445010721683502,3.58203508637651e-06,278528
7698,1,0.384899990276608,0.384899990276608,-0.000313903932692483,-0.448120057582855,3.56633989013838e-06,278528
7699,1,0.384949990275345,0.384949990275345,-0.000328220572555438,-0.450918406248093,3.54992886192518e-06,278528
7700,1,0.384999990274082,0.384999990274082,-0.00034278619568795,-0.454649597406387,3.53278955257376e-06,278528
7701,1,0.385049990272819,0.385049990272819,-0.000356853823177516,-0.45869168639183,3.51494686186563e-06,278528
7702,1,0.385099990271556,0.385099990271556,-0.000371543952496722,-0.460557252168655,3.49636966471009e-06,278528
7703,1,0.385149990270293,0.385149990270293,-0.000383868697099388,-0.463977485895157,3.47717623033999e-06,278528
7704,1,0.38519999026903,0.38519999026903,-0.000398932315874845,-0.467397749423981,3.45722961505014e-06,278528
7705,1,0.385249990267766,0.385249990267766,-0.000411879533203319,-0.471439838409424,3.43663563891022e-06,278528
7706,1,0.385299990266503,0.385299990266503,-0.000424826721427962,-0.474238216876984,3.41539430337543e-06,278528
7707,1,0.38534999026524,0.38534999026524,-0.000438271934399381,-0.477347522974014,3.39348070720904e-06,278528
7708,1,0.385399990263977,0.385399990263977,-0.000450970168458298,-0.482011467218399,3.37093219935575e-06,278528
7709,1,0.385449990262714,0.385449990262714,-0.000463668402517214,-0.484809845685959,3.34774877981555e-06,278528
7710,1,0.385499990261451,0.385499990261451,-0.000476117624202743,-0.487297296524048,3.3239428992068e-06,278528
7711,1,0.385549990260188,0.385549990260188,-0.000487944460473955,-0.491650313138962,3.29954567679943e-06,278528
7712,1,0.385599990258925,0.385599990258925,-0.000500144669786096,-0.494759649038315,3.27453844394186e-06,278528
7713,1,0.385649990257662,0.385649990257662,-0.000512718455865979,-0.497868925333023,3.24890252179618e-06,278528
7714,1,0.385699990256398,0.385699990256398,-0.000523798284120858,-0.500978231430054,3.22271260825175e-06,278528
7715,1,0.385749990255135,0.385749990255135,-0.000534255639649928,-0.504709422588348,3.19599982694408e-06,278528
7716,1,0.385799990253872,0.385799990253872,-0.000544215028639883,-0.508129596710205,3.16878907619948e-06,278528
7717,1,0.385849990252609,0.385849990252609,-0.000555419363081455,-0.5118607878685,3.14101810874696e-06,278528
7718,1,0.385899990251346,0.385899990251346,-0.00056537875207141,-0.51465916633606,3.11274917185753e-06,278528
7719,1,0.385949990250083,0.385949990250083,-0.000574342207983136,-0.518701255321503,3.08403206218382e-06,278528
7720,1,0.38599999024882,0.38599999024882,-0.000584301596973091,-0.520877778530121,3.05481698307321e-06,278528
7721,1,0.386049990247557,0.386049990247557,-0.000592269119806588,-0.524298012256622,3.02520352783097e-06,278528
7722,1,0.386099990246294,0.386099990246294,-0.000601481588091701,-0.526785492897034,2.99512944918612e-06,278528
7723,1,0.38614999024503,0.38614999024503,-0.000610196031630039,-0.531449437141418,2.96461964837536e-06,278528
7724,1,0.386199990243767,0.386199990243767,-0.000617914600297809,-0.533936858177185,2.93372391914097e-06,278528
7725,1,0.386249990242504,0.386249990242504,-0.000624139211140573,-0.537667989730835,2.90251695937229e-06,278528
7726,1,0.386299990241241,0.386299990241241,-0.000630986352916807,-0.540155470371246,2.87096764252345e-06,278528
7727,1,0.386349990239978,0.386349990239978,-0.000637335411738604,-0.543575704097748,2.83910087274155e-06,278528
7728,1,0.386399990238715,0.386399990238715,-0.000642439583316445,-0.546374082565308,2.80697889438719e-06,278528
7729,1,0.386449990237452,0.386449990237452,-0.000648539746180177,-0.550727069377899,2.77455190789736e-06,278528
7730,1,0.386499990236189,0.386499990236189,-0.000652896938845515,-0.553214550018311,2.74190706177976e-06,278528
7731,1,0.386549990234926,0.386549990234926,-0.000657503202091902,-0.555701971054077,2.70903190250566e-06,278528
7732,1,0.386599990233663,0.386599990233663,-0.000661237922031432,-0.55974406003952,2.67597000723931e-06,278528
7733,1,0.386649990232399,0.386649990232399,-0.000665221770759672,-0.562231540679932,2.64270891954157e-06,278528
7734,1,0.386699990231136,0.386699990231136,-0.000666840118356049,-0.564718961715698,2.60936691446605e-06,278528
7735,1,0.386749990229873,0.386749990229873,-0.000670326000545174,-0.568450152873993,2.57585061528549e-06,278528
7736,1,0.38679999022861,0.38679999022861,-0.000670699402689934,-0.570004820823669,2.54231564599816e-06,278528
7737,1,0.386849990227347,0.386849990227347,-0.000672815775033087,-0.573735952377319,2.50867485809634e-06,278528
7738,1,0.386899990226084,0.386899990226084,-0.000673687260132283,-0.575290620326996,2.47499049594067e-06,278528
7739,1,0.386949990224821,0.386949990224821,-0.000673189293593168,-0.578710854053497,2.44133103211132e-06,278528
7740,1,0.386999990223558,0.386999990223558,-0.000673438247758895,-0.580887377262115,2.407659120574e-06,278528
7741,1,0.387049990222295,0.387049990222295,-0.000671446323394775,-0.584307610988617,2.37408680525237e-06,278528
7742,1,0.387099990221031,0.387099990221031,-0.000669952481985092,-0.585862219333649,2.34058918199933e-06,278528
7743,1,0.387149990219768,0.387149990219768,-0.000668085063807666,-0.588971555233002,2.30718492965281e-06,278528
7744,1,0.387199990218505,0.387199990218505,-0.000665595231112093,-0.592702746391296,2.27390516893792e-06,278528
7745,1,0.387249990217242,0.387249990217242,-0.000661362428218126,-0.594257354736328,2.24083704836239e-06,278528
7746,1,0.387299990215979,0.387299990215979,-0.000658001168631017,-0.595501065254211,2.20793699076196e-06,278528
7747,1,0.387349990214716,0.387349990214716,-0.000653519469778985,-0.598299443721771,2.17526101809848e-06,278528
7748,1,0.387399990213453,0.387399990213453,-0.000649037770926952,-0.599854111671448,2.14280913037193e-06,278528
7749,1,0.38744999021219,0.38744999021219,-0.000643435574602336,-0.602652490139008,2.11063735245454e-06,278528
7750,1,0.387499990210927,0.387499990210927,-0.000637957884464413,-0.604518055915833,2.07873945903713e-06,278528
7751,1,0.387549990209664,0.387549990209664,-0.000631608709227294,-0.606383681297302,2.04715902437356e-06,278528
7752,1,0.3875999902084,0.3875999902084,-0.0006243881653063,-0.608560144901276,2.01593961689691e-06,278528
7753,1,0.387649990207137,0.387649990207137,-0.000617416575551033,-0.611047625541687,1.98506878889922e-06,278528
7754,1,0.387699990205874,0.387699990205874,-0.000609698123298585,-0.61229133605957,1.95458388350441e-06,278528
7755,1,0.387749990204611,0.387749990204611,-0.000601979612838477,-0.613846004009247,1.92448490362285e-06,278528
7756,1,0.387799990203348,0.387799990203348,-0.000593389559071511,-0.615400671958923,1.89481542641878e-06,278528
7757,1,0.387849990202085,0.387849990202085,-0.000584550609346479,-0.616955280303955,1.86558789668981e-06,278528
7758,1,0.387899990200822,0.387899990200822,-0.000576583144720644,-0.619442760944366,1.83675874018206e-06,278528
7759,1,0.387949990199559,0.387949990199559,-0.00056637468514964,-0.619753658771515,1.80844000663997e-06,278528
7760,1,0.387999990198296,0.387999990198296,-0.000556539860554039,-0.622552037239075,1.78061301431524e-06,278528
7761,1,0.388049990197032,0.388049990197032,-0.000546704919543117,-0.622862994670868,1.75327776902863e-06,278528
7762,1,0.388099990195769,0.388099990195769,-0.000536621024366468,-0.625039458274841,1.72644671848812e-06,278528
7763,1,0.388149990194506,0.388149990194506,-0.000526537070982158,-0.625661373138428,1.70011986560408e-06,278528
7764,1,0.388199990193243,0.388199990193243,-0.000514834770001471,-0.626594126224518,1.6743781277543e-06,278528
7765,1,0.38824999019198,0.38824999019198,-0.00050499988719821,-0.627526938915253,1.64912813403226e-06,278528
7766,1,0.388299990190717,0.388299990190717,-0.000493920058943331,-0.629392504692078,1.62443213170896e-06,278528
7767,1,0.388349990189454,0.388349990189454,-0.000482964765978977,-0.629392504692078,1.60028389402005e-06,278528
7768,1,0.388399990188191,0.388399990188191,-0.000471760402433574,-0.630636215209961,1.57669587449426e-06,278528
7769,1,0.388449990186928,0.388449990186928,-0.00045980911818333,-0.631879925727844,1.55370541916588e-06,278528
7770,1,0.388499990185665,0.388499990185665,-0.000447857833933085,-0.631879925727844,1.53131252803491e-06,278528
7771,1,0.388549990184401,0.388549990184401,-0.000436404545325786,-0.631879925727844,1.50949230131985e-06,278528
7772,1,0.388599990183138,0.388599990183138,-0.000423332821810618,-0.633745551109314,1.48832566076403e-06,278528
7773,1,0.388649990181875,0.388649990181875,-0.000412377470638603,-0.633434653282166,1.46770678775298e-06,278528
7774,1,0.388699990180612,0.388699990180612,-0.00040079967584461,-0.63530021905899,1.447666804467e-06,278528
7775,1,0.388749990179349,0.388749990179349,-0.000387603475246578,-0.634056448936462,1.42828663119426e-06,278528
7776,1,0.388799990178086,0.388799990178086,-0.000376025651348755,-0.634056448936462,1.40948534910178e-06,278528
7777,1,0.388849990176823,0.388849990176823,-0.000362455990398303,-0.634367406368256,1.39136255003969e-06,278528
7778,1,0.38889999017556,0.38889999017556,-0.000350380229065195,-0.634367406368256,1.37384353902899e-06,278528
7779,1,0.388949990174297,0.388949990174297,-0.000338677928084508,-0.63530021905899,1.35690964305255e-06,278528
7780,1,0.388999990173033,0.388999990173033,-0.000325855216942728,-0.634678363800049,1.34061688261701e-06,278528
7781,1,0.38904999017177,0.38904999017177,-0.000314028409775347,-0.634678363800049,1.32491546252489e-06,278528
7782,1,0.389099990170507,0.389099990170507,-0.000300458719721064,-0.634678363800049,1.30989252691835e-06,278528
7783,1,0.389149990169244,0.389149990169244,-0.000289627874735743,-0.633745551109314,1.29541113354739e-06,278528
7784,1,0.389199990167981,0.389199990167981,-0.000276805163593963,-0.634056448936462,1.28157087571733e-06,278528
7785,1,0.389249990166718,0.389249990166718,-0.000262115063378587,-0.632812738418579,1.26846512287948e-06,278528
7786,1,0.389299990165455,0.389299990165455,-0.000250786222750321,-0.633434653282166,1.25592581205873e-06,278528
7787,1,0.389349990164192,0.389349990164192,-0.000238212494878098,-0.633123636245728,1.24401518761572e-06,278528
7788,1,0.389399990162929,0.389399990162929,-0.000224518327740952,-0.630947172641754,1.23278927151226e-06,278528
7789,1,0.389449990161665,0.389449990161665,-0.000211820079130121,-0.630636215209961,1.2221982678233e-06,278528
7790,1,0.389499990160402,0.389499990160402,-0.000199495334527455,-0.630014359951019,1.21222350134891e-06,278528
7791,1,0.389549990159139,0.389549990159139,-0.000187295052455738,-0.628148853778839,1.2028587489627e-06,278528
7792,1,0.389599990157876,0.389599990157876,-0.000174472341313958,-0.627216041088104,1.19413513211738e-06,278528
7793,1,0.389649990156613,0.389649990156613,-0.000162521071615629,-0.626905083656311,1.18600907874188e-06,278528
7794,1,0.38969999015535,0.38969999015535,-0.000150569772813469,-0.627216041088104,1.17848059029139e-06,278528
7795,1,0.389749990154087,0.389749990154087,-0.00013812052202411,-0.6244176030159,1.17157456436465e-06,278528
7796,1,0.389799990152824,0.389799990152824,-0.000124426354886964,-0.623795747756958,1.16535324677746e-06,278528
7797,1,0.389849990151561,0.389849990151561,-0.000112848552817013,-0.622241139411926,1.15971081927915e-06,278528
7798,1,0.389899990150298,0.389899990150298,-0.000100897275842726,-0.620997369289398,1.15466595561446e-06,278528
7799,1,0.389949990149034,0.389949990149034,-8.69541108841076e-05,-0.618820905685425,1.15031825018009e-06,278528
7800,1,0.389999990147771,0.389999990147771,-7.64967480790801e-05,-0.616955280303955,1.14649341287276e-06,278528
7801,1,0.390049990146508,0.390049990146508,-6.42964805592783e-05,-0.61508971452713,1.14327858892601e-06,278528
7802,1,0.390099990145245,0.390099990145245,-5.28431701241061e-05,-0.613846004009247,1.14063643048655e-06,278528
7803,1,0.390149990143982,0.390149990143982,-4.07673978770617e-05,-0.61229133605957,1.13859806064419e-06,278528
7804,1,0.390199990142719,0.390199990142719,-2.83181507256813e-05,-0.610736668109894,1.13718215314367e-06,278528
7805,1,0.390249990141456,0.390249990141456,-1.6366871932405e-05,-0.609182059764862,1.13636380956772e-06,278528
7806,1,0.390299990140193,0.390299990140193,-5.78501021664124e-06,-0.607005536556244,1.1360745590642e-06,278528
7807,1,0.39034999013893,0.39034999013893,5.41931422048947e-06,-0.604829013347626,1.13634552476838e-06,278528
7808,1,0.390399990137666,0.390399990137666,1.71216070157243e-05,-0.602341532707214,1.13720160509754e-06,278528
7809,1,0.390449990136403,0.390449990136403,2.91973792627687e-05,-0.600786924362183,1.1386614740238e-06,278528
7810,1,0.39049999013514,0.39049999013514,3.92812726204284e-05,-0.597988545894623,1.1406255376052e-06,278528
7811,1,0.390549990133877,0.390549990133877,5.11080615979154e-05,-0.595812022686005,1.14318094062054e-06,278528
7812,1,0.390599990132614,0.390599990132614,6.06939756835345e-05,-0.59394645690918,1.14621563932806e-06,278528
7813,1,0.390649990131351,0.390649990131351,7.23962803022005e-05,-0.591458976268768,1.14983545325172e-06,278528
7814,1,0.390699990130088,0.390699990130088,8.2853643107228e-05,-0.58928245306015,1.15397813530243e-06,278528
7815,1,0.390749990128825,0.390749990128825,9.2564063379541e-05,-0.58648407459259,1.15860633835449e-06,278528
7816,1,0.390799990127562,0.390799990127562,0.00010364389163442,-0.584618508815765,1.1637885328053e-06,278528
7817,1,0.390849990126299,0.390849990126299,0.000114225753350183,-0.581198275089264,1.16949982032853e-06,278528
7818,1,0.390899990125035,0.390899990125035,0.000123438192531466,-0.577778041362762,1.17567172979919e-06,278528
7819,1,0.390949990123772,0.390949990123772,0.000133522087708116,-0.576223373413086,1.18234783401594e-06,278528
7820,1,0.390999990122509,0.390999990122509,0.000143605982884765,-0.573114097118378,1.18952813297879e-06,278528
7821,1,0.391049990121246,0.391049990121246,0.000152569424244575,-0.570626676082611,1.19715660399831e-06,278528
7822,1,0.391099990119983,0.391099990119983,0.000161906369612552,-0.567828297615051,1.20525192227443e-06,278528
7823,1,0.39114999011872,0.39114999011872,0.000171990279341117,-0.564718961715698,1.21385143602424e-06,278528
7824,1,0.391199990117457,0.391199990117457,0.00018070473743137,-0.561920642852783,1.22288667266756e-06,278528
7825,1,0.391249990116194,0.391249990116194,0.000190166174434125,-0.559433162212372,1.23239498114907e-06,278528
7826,1,0.391299990114931,0.391299990114931,0.000199005153262988,-0.556634783744812,1.24234523856085e-06,278528
7827,1,0.391349990113667,0.391349990113667,0.000207968594622798,-0.553836405277252,1.25274366802931e-06,278528
7828,1,0.391399990112404,0.391399990112404,0.000216683067264967,-0.550105214118958,1.26357782111886e-06,278528
7829,1,0.391449990111141,0.391449990111141,0.000224526098463684,-0.546995937824249,1.27480412575844e-06,278528
7830,1,0.391499990109878,0.391499990109878,0.000233738537644967,-0.543886661529541,1.28649105234546e-06,278528
7831,1,0.391549990108615,0.391549990108615,0.000240710127400234,-0.54139918088913,1.29852655841143e-06,278528
7832,1,0.391599990107352,0.391599990107352,0.000249051110586151,-0.53860080242157,1.31097911362615e-06,278528
7833,1,0.391649990106089,0.391649990106089,0.00025639618979767,-0.534558713436127,1.32379892279218e-06,278528
7834,1,0.391699990104826,0.391699990104826,0.00026349222753197,-0.531760334968567,1.33697353383596e-06,278528
7835,1,0.391749990103563,0.391749990103563,0.000271708762738854,-0.528340101242065,1.35055897162971e-06,278528
7836,1,0.391799990102299,0.391799990102299,0.000279302825219929,-0.524919867515564,1.36452411253792e-06,278528
7837,1,0.391849990101036,0.391849990101036,0.000286149879684672,-0.522121489048004,1.37883160616071e-06,278528
7838,1,0.391899990099773,0.391899990099773,0.000293992925435305,-0.518079400062561,1.39353125206113e-06,278528
7839,1,0.39194999009851,0.39194999009851,0.00029959506355226,-0.516524732112885,1.40851100486032e-06,278528
7840,1,0.391999990097247,0.391999990097247,0.000307189126033336,-0.512793600559235,1.42387046077398e-06,278528
7841,1,0.392049990095984,0.392049990095984,0.000313040276523679,-0.508129596710205,1.43952247420476e-06,278528
7842,1,0.392099990094721,0.392099990094721,0.000319015904096887,-0.505020320415497,1.45547326900665e-06,278528
7843,1,0.392149990093458,0.392149990093458,0.00032586298766546,-0.501600086688995,1.47176641797833e-06,278528
7844,1,0.392199990092195,0.392199990092195,0.000331465154886246,-0.498801738023758,1.48833967530396e-06,278528
7845,1,0.392249990090932,0.392249990090932,0.000338187703164294,-0.495381504297256,1.50524906003501e-06,278528
7846,1,0.392299990089668,0.392299990089668,0.000344163388945162,-0.492272198200226,1.52245722904755e-06,278528
7847,1,0.392349990088405,0.392349990088405,0.000349267589626834,-0.48791915178299,1.53992060808773e-06,278528
7848,1,0.392399990087142,0.392399990087142,0.000355990137904882,-0.48512077331543,1.55772011453332e-06,278528
7849,1,0.392449990085879,0.392449990085879,0.000361094367690384,-0.481389611959457,1.57577483246174e-06,278528
7850,1,0.392499990084616,0.392499990084616,0.000366323045454919,-0.478280305862427,1.59409098427178e-06,278528
7851,1,0.392549990083353,0.392549990083353,0.000372547656297684,-0.473927289247513,1.6127183666161e-06,278528
7852,1,0.39259999008209,0.39259999008209,0.000377402873709798,-0.470817983150482,1.63158850982489e-06,278528
7853,1,0.392649990080827,0.392649990080827,0.00038288053474389,-0.468019604682922,1.65073253607847e-06,278528
7854,1,0.392699990079564,0.392699990079564,0.000388358224881813,-0.464599341154099,1.67015044683202e-06,278528
7855,1,0.3927499900783,0.3927499900783,0.000392839923733845,-0.461179137229919,1.68979244252251e-06,278528
7856,1,0.392799990077037,0.392799990077037,0.000399438082240522,-0.457137048244476,1.70976434613001e-06,278528
7857,1,0.392849990075774,0.392849990075774,0.000404293270548806,-0.454338669776917,1.72997900914678e-06,278528
7858,1,0.392899990074511,0.392899990074511,0.000409397442126647,-0.451229363679886,1.750448880736e-06,278528
7859,1,0.392949990073248,0.392949990073248,0.000414003676269203,-0.448430985212326,1.77114906402653e-06,278528
7860,1,0.392999990071985,0.392999990071985,0.000419481337303296,-0.444699823856354,1.79212313036185e-06,278528
7861,1,0.393049990070722,0.393049990070722,0.000424958998337388,-0.441279590129852,1.81337107974195e-06,278528
7862,1,0.393099990069459,0.393099990069459,0.000429565232479945,-0.437237471342087,1.83484934082336e-06,278528
7863,1,0.393149990068196,0.393149990068196,0.000435540860053152,-0.43475005030632,1.85662638327588e-06,278528
7864,1,0.393199990066933,0.393199990066933,0.000440769566921517,-0.43164074420929,1.87866486106522e-06,278528
7865,1,0.393249990065669,0.393249990065669,0.000445873767603189,-0.428531438112259,1.90095854888219e-06,278528
7866,1,0.393299990064406,0.393299990064406,0.00045097793918103,-0.425422102212906,1.92350744527161e-06,278528
7867,1,0.393349990063143,0.393349990063143,0.000456331123132259,-0.422934710979462,1.94632400085183e-06,278528
7868,1,0.39339999006188,0.39339999006188,0.000461933261249214,-0.419203519821167,1.96942066333082e-06,278528
7869,1,0.393449990060617,0.393449990060617,0.000467535457573831,-0.415783286094666,1.99279743561896e-06,278528
7870,1,0.393499990059354,0.393499990059354,0.000472390645882115,-0.414228618144989,2.01641696731639e-06,278528
7871,1,0.393549990058091,0.393549990058091,0.00047761932364665,-0.411430269479752,2.04029793289544e-06,278528
7872,1,0.393599990056828,0.393599990056828,0.000483470474136993,-0.40801003575325,2.06447145599161e-06,278528
7873,1,0.393649990055565,0.393649990055565,0.00048807667917572,-0.404900729656219,2.08887528933391e-06,278528
7874,1,0.393699990054301,0.393699990054301,0.000493180879857391,-0.401791393756866,2.11353433270384e-06,278528
7875,1,0.393749990053038,0.393749990053038,0.000496915658004582,-0.400236755609512,2.13838011497641e-06,278528
7876,1,0.393799990051775,0.393799990051775,0.000502642302308232,-0.395261853933334,2.16351222945693e-06,278528
7877,1,0.393849990050512,0.393849990050512,0.000507995544467121,-0.393085360527039,2.18891200603863e-06,278528
7878,1,0.393899990049249,0.393899990049249,0.000512726197484881,-0.39090883731842,2.21454831526525e-06,278528
7879,1,0.393949990047986,0.393949990047986,0.000516336469445378,-0.388421416282654,2.24036513808533e-06,278528
7880,1,0.393999990046723,0.393999990046723,0.00052144069923088,-0.385312110185623,2.26643717238824e-06,278528
7881,1,0.39404999004546,0.39404999004546,0.000525051029399037,-0.383135586977005,2.29268972319499e-06,278528
7882,1,0.394099990044197,0.394099990044197,0.000529657234437764,-0.380959063768387,2.31917258424787e-06,278528
7883,1,0.394149990042933,0.394149990042933,0.000531898054759949,-0.377849757671356,2.34576748631402e-06,278528
7884,1,0.39419999004167,0.39419999004167,0.000536379811819643,-0.376295119524002,2.3725864762275e-06,278528
7885,1,0.394249990040407,0.394249990040407,0.000539741129614413,-0.372563928365707,2.39957353202647e-06,278528
7886,1,0.394299990039144,0.394299990039144,0.000542106456123292,-0.371009290218353,2.4266788541479e-06,278528
7887,1,0.394349990037881,0.394349990037881,0.000545467715710402,-0.36976557970047,2.45395223924443e-06,278528
7888,1,0.394399990036618,0.394399990036618,0.000547957606613636,-0.367899984121323,2.48135011888299e-06,278528
7889,1,0.394449990035355,0.394449990035355,0.000549451564438641,-0.365412533283234,2.5088226964109e-06,278528
7890,1,0.394499990034092,0.394499990034092,0.000552439305465668,-0.362614154815674,2.5364446609864e-06,278528
7891,1,0.394549990032829,0.394549990032829,0.0005541822174564,-0.36105951666832,2.56415377115923e-06,278528
7892,1,0.394599990031566,0.394599990031566,0.000555551610887051,-0.360126703977585,2.59193135100186e-06,278528
7893,1,0.394649990030302,0.394649990030302,0.000556423095986247,-0.356084614992142,2.61975250509835e-06,278528
7894,1,0.394699990029039,0.394699990029039,0.000557294522877783,-0.355151861906052,2.64761723053832e-06,278528
7895,1,0.394749990027776,0.394749990027776,0.000558166007976979,-0.354219049215317,2.67552553023214e-06,278528
7896,1,0.394799990026513,0.394799990026513,0.000557543477043509,-0.352975308895111,2.70340270338008e-06,278528
7897,1,0.39484999002525,0.39484999002525,0.000557667983230203,-0.351109713315964,2.7312861018372e-06,278528
7898,1,0.394899990023987,0.394899990023987,0.000556547602172941,-0.34955507516861,2.75911348124287e-06,278528
7899,1,0.394949990022724,0.394949990022724,0.000557294522877783,-0.348000437021255,2.78697820668283e-06,278528
7900,1,0.394999990021461,0.394999990021461,0.00055517815053463,-0.345823913812637,2.81473711350831e-06,278528
7901,1,0.395049990020198,0.395049990020198,0.000552563811652362,-0.344580173492432,2.84236530339299e-06,278528
7902,1,0.395099990018934,0.395099990018934,0.000552190351299942,-0.344269275665283,2.86997482026051e-06,278528
7903,1,0.395149990017671,0.395149990017671,0.000549700518604368,-0.343336492776871,2.8974598454964e-06,278528
7904,1,0.395199990016408,0.395199990016408,0.000546712661162019,-0.341470897197723,2.92479547786394e-06,278528
7905,1,0.395249990015145,0.395249990015145,0.000542106456123292,-0.340538084506989,2.95190079998537e-06,278528
7906,1,0.395299990013882,0.395299990013882,0.000539865577593446,-0.339916229248047,2.97889407818313e-06,278528
7907,1,0.395349990012619,0.395349990012619,0.000536877778358757,-0.339294373989105,3.00573796642294e-06,278528
7908,1,0.395399990011356,0.395399990011356,0.000531275582034141,-0.337739735841751,3.03230174485359e-06,278528
7909,1,0.395449990010093,0.395449990010093,0.000526793883182108,-0.337739735841751,3.05864143834729e-06,278528
7910,1,0.39549999000883,0.39549999000883,0.000522561138495803,-0.336495995521545,3.08476949461203e-06,278528
7911,1,0.395549990007567,0.395549990007567,0.00051571405492723,-0.336185097694397,3.11055519670699e-06,278528
7912,1,0.395599990006303,0.395599990006303,0.000510734389536083,-0.337428778409958,3.13609191553869e-06,278528
7913,1,0.39564999000504,0.39564999000504,0.000504509720485657,-0.335874140262604,3.16131740092572e-06,278528
7914,1,0.395699990003777,0.395699990003777,0.000498160603456199,-0.335252285003662,3.1862254304693e-06,278528
7915,1,0.395749990002514,0.395749990002514,0.000491064507514238,-0.335563242435455,3.21077865522475e-06,278528
7916,1,0.395799990001251,0.395799990001251,0.000484217453049496,-0.335252285003662,3.2349895272656e-06,278528
7917,1,0.395849989999988,0.395849989999988,0.000476747896755114,-0.335252285003662,3.25882692150117e-06,278528
7918,1,0.395899989998725,0.395899989998725,0.00046952732373029,-0.335563242435455,3.28230328709463e-06,278528
7919,1,0.395949989997462,0.395949989997462,0.000460314884549007,-0.33431950211525,3.30531903074065e-06,278528
7920,1,0.395999989996199,0.395999989996199,0.000451973872259259,-0.335563242435455,3.32791772378272e-06,278528
7921,1,0.396049989994935,0.396049989994935,0.000443134922534227,-0.335252285003662,3.35007446934971e-06,278528
7922,1,0.396099989993672,0.396099989993672,0.000434420449892059,-0.336806952953339,3.37179549129559e-06,278528
7923,1,0.396149989992409,0.396149989992409,0.000425581471063197,-0.337117880582809,3.3930745643112e-06,278528
7924,1,0.396199989991146,0.396199989991146,0.000415746559156105,-0.336495995521545,3.41386189174387e-06,278528
7925,1,0.396249989989883,0.396249989989883,0.000405911676352844,-0.3380506336689,3.4341574750488e-06,278528
7926,1,0.39629998998862,0.39629998998862,0.000396076764445752,-0.337739735841751,3.4539613127708e-06,278528
7927,1,0.396349989987357,0.396349989987357,0.000384498969651759,-0.338983446359634,3.47318626076773e-06,278528
7928,1,0.396399989986094,0.396399989986094,0.000374166091205552,-0.338672518730164,3.49189456485539e-06,278528
7929,1,0.396449989984831,0.396449989984831,0.000362214806955308,-0.34022718667984,3.51000530474564e-06,278528
7930,1,0.396499989983568,0.396499989983568,0.000350388028891757,-0.341781824827194,3.52752470574765e-06,278528
7931,1,0.396549989982304,0.396549989982304,0.000338561221724376,-0.342403680086136,3.54445276640623e-06,278528
7932,1,0.396599989981041,0.396599989981041,0.000327730376739055,-0.343647420406342,3.56083928482923e-06,278528
7933,1,0.396649989979778,0.396649989979778,0.00031440966995433,-0.344891130924225,3.57655976792981e-06,278528
7934,1,0.396699989978515,0.396699989978515,0.000302582891890779,-0.345823913812637,3.59168891214216e-06,278528
7935,1,0.396749989977252,0.396749989977252,0.000289760151645169,-0.347378581762314,3.60617691935842e-06,278528
7936,1,0.396799989975989,0.396799989975989,0.000277061917586252,-0.348933219909668,3.62003001488777e-06,278528
7937,1,0.396849989974726,0.396849989974726,0.00026448821881786,-0.34955507516861,3.63325442549459e-06,278528
7938,1,0.396899989973463,0.396899989973463,0.000251291989115998,-0.350487858057022,3.64581902463298e-06,278528
7939,1,0.3969499899722,0.3969499899722,0.000237224332522601,-0.353597164154053,3.65768024095947e-06,278528
7940,1,0.396999989970936,0.396999989970936,0.000224775096285157,-0.354219049215317,3.66891899548981e-06,278528
7941,1,0.397049989969673,0.397049989969673,0.000210458441870287,-0.356084614992142,3.6794419173175e-06,278528
7942,1,0.39709998996841,0.39709998996841,0.000194896885659546,-0.357639253139496,3.6891867613543e-06,278528
7943,1,0.397149989967147,0.397149989967147,0.0001812027185224,-0.358882993459702,3.69824689705154e-06,278528
7944,1,0.397199989965884,0.397199989965884,0.000168877959367819,-0.36105951666832,3.70669079480662e-06,278528
7945,1,0.397249989964621,0.397249989964621,0.000152818422066048,-0.363236039876938,3.71433171571689e-06,278528
7946,1,0.397299989963358,0.397299989963358,0.000138003815663978,-0.365101605653763,3.72123190632578e-06,278528
7947,1,0.397349989962095,0.397349989962095,0.000123438192531466,-0.367899984121323,3.72740381579644e-06,278528
7948,1,0.397399989960832,0.397399989960832,0.000108997068309691,-0.368832796812057,3.73285366907425e-06,278528
7949,1,0.397449989959568,0.397449989959568,9.33110131882131e-05,-0.371009290218353,3.7375192196158e-06,278528
7950,1,0.397499989958305,0.397499989958305,7.87453900557011e-05,-0.373807668685913,3.74145648901912e-06,278528
7951,1,0.397549989957042,0.397549989957042,6.33083182037808e-05,-0.375984191894531,3.74462190484934e-06,278528
7952,1,0.397599989955779,0.397599989955779,4.76222667202819e-05,-0.378160685300827,3.7470030181252e-06,278528
7953,1,0.397649989954516,0.397649989954516,3.33056341332849e-05,-0.38127002120018,3.7486682997898e-06,278528
7954,1,0.397699989953253,0.397699989953253,1.79930575541221e-05,-0.383135586977005,3.74956795264478e-06,278528
7955,1,0.39774998995199,0.39774998995199,2.18250897887629e-06,-0.387177675962448,3.74967707809097e-06,278528
7956,1,0.397799989950727,0.397799989950727,-1.28810825117398e-05,-0.389043271541595,3.74903302398165e-06,278528
7957,1,0.397849989949464,0.397849989949464,-2.81936590909027e-05,-0.39059790968895,3.74762334106272e-06,278528
7958,1,0.397899989948201,0.397899989948201,-4.42531927546952e-05,-0.39370721578598,3.74541068148088e-06,278528
7959,1,0.397949989946937,0.397949989946937,-5.96902609686367e-05,-0.396194666624069,3.74242616850784e-06,278528
7960,1,0.397999989945674,0.397999989945674,-7.50028339098208e-05,-0.399614900350571,3.73867602690709e-06,278528
7961,1,0.398049989944411,0.398049989944411,-9.03154141269624e-05,-0.401791393756866,3.73416025631482e-06,278528
7962,1,0.398099989943148,0.398099989943148,-0.000106125953607261,-0.405522584915161,3.7288539587685e-06,278528
7963,1,0.398149989941885,0.398149989941885,-0.000121065058920067,-0.407699078321457,3.72280070597542e-06,278528
7964,1,0.398199989940622,0.398199989940622,-0.000137996044941247,-0.412052124738693,3.71590090390266e-06,278528
7965,1,0.398249989939359,0.398249989939359,-0.000152561668073758,-0.412984907627106,3.70827282069167e-06,278528
7966,1,0.398299989938096,0.398299989938096,-0.000167002785019577,-0.41640517115593,3.69992268165163e-06,278528
7967,1,0.398349989936833,0.398349989936833,-0.000183062322321348,-0.420136302709579,3.69076956576679e-06,278528
7968,1,0.398399989935569,0.398399989935569,-0.000197627930901945,-0.422312825918198,3.68088816947132e-06,278528
7969,1,0.398449989934306,0.398449989934306,-0.000213438484934159,-0.42604398727417,3.67021624549421e-06,278528
7970,1,0.398499989933043,0.398499989933043,-0.000228253091336228,-0.430397003889084,3.65880359121571e-06,278528
7971,1,0.39854998993178,0.39854998993178,-0.000244188122451305,-0.432573527097702,3.64659418540158e-06,278528
7972,1,0.398599989930517,0.398599989930517,-0.000258629239397123,-0.436615616083145,3.6336627237584e-06,278528
7973,1,0.398649989929254,0.398649989929254,-0.000273568351985887,-0.438792139291763,3.61998430650465e-06,278528
7974,1,0.398699989927991,0.398699989927991,-0.000288009498035535,-0.441901445388794,3.60558383196666e-06,278528
7975,1,0.398749989926728,0.398749989926728,-0.000302948610624298,-0.445632606744766,3.5904364018181e-06,278528
7976,1,0.398799989925465,0.398799989925465,-0.000318759150104597,-0.44905287027359,3.5744984447155e-06,278528
7977,1,0.398849989924202,0.398849989924202,-0.000331955321598798,-0.451540261507034,3.55790067905485e-06,278528
7978,1,0.398899989922938,0.398899989922938,-0.000345525040756911,-0.454960525035858,3.54062442745344e-06,278528
7979,1,0.398949989921675,0.398949989921675,-0.00035934368497692,-0.458069801330566,3.52265724365848e-06,278528
7980,1,0.398999989920412,0.398999989920412,-0.00037415829137899,-0.46149006485939,3.50394932956214e-06,278528
7981,1,0.399049989919149,0.399049989919149,-0.00038897292688489,-0.465843081474304,3.4845006837092e-06,278528
7982,1,0.399099989917886,0.399099989917886,-0.000401297671487555,-0.468330532312393,3.46443580064171e-06,278528
7983,1,0.399149989916623,0.399149989916623,-0.000414867332438007,-0.471439838409424,3.44369243454383e-06,278528
7984,1,0.39919998991536,0.39919998991536,-0.00042843702249229,-0.475481927394867,3.42227058396038e-06,278528
7985,1,0.399249989914097,0.399249989914097,-0.0004412597627379,-0.480456829071045,3.40020759638084e-06,278528
7986,1,0.399299989912834,0.399299989912834,-0.000454206950962543,-0.482322424650192,3.37749724940642e-06,278528
7987,1,0.39934998991157,0.39934998991157,-0.000466656201751903,-0.48512077331543,3.35416443990827e-06,278528
7988,1,0.399399989910307,0.399399989910307,-0.000478607486002147,-0.488851964473724,3.33023406621269e-06,278528
7989,1,0.399449989909044,0.399449989909044,-0.000491679180413485,-0.491961240768433,3.30565010781306e-06,278528
7990,1,0.399499989907781,0.399499989907781,-0.00050363049376756,-0.495692402124405,3.28046858376082e-06,278528
7991,1,0.399549989906518,0.399549989906518,-0.000513714388944209,-0.498801738023758,3.25478286496249e-06,278528
7992,1,0.399599989905255,0.399599989905255,-0.000526661635376513,-0.501911044120789,3.22844978385889e-06,278528
7993,1,0.399649989903992,0.399649989903992,-0.000536745530553162,-0.506574988365173,3.2016125080092e-06,278528
7994,1,0.399699989902729,0.399699989902729,-0.000546829425729811,-0.508440554141998,3.17427103741341e-06,278528
7995,1,0.399749989901466,0.399749989901466,-0.000557037768885493,-0.5118607878685,3.14641914967273e-06,278528
7996,1,0.399799989900202,0.399799989900202,-0.000567495124414563,-0.51465916633606,3.11804439416881e-06,278528
7997,1,0.399849989898939,0.399849989898939,-0.0005778280319646,-0.519944965839386,3.08915299330044e-06,278528
7998,1,0.399899989897676,0.399899989897676,-0.000585920002777129,-0.522121489048004,3.05985699390166e-06,278528
7999,1,0.399949989896413,0.399949989896413,-0.000595879449974746,-0.524919867515564,3.03006302215559e-06,278528
8000,1,0.39999998989515,0.39999998989515,-0.000604593893513083,-0.528961956501007,2.9998333282436e-06,278528
8001,1,0.400049989893887,0.400049989893887,-0.00061193888541311,-0.532382190227509,2.96923638474589e-06,278528
8002,1,0.400099989892624,0.400099989892624,-0.000619657512288541,-0.535180568695068,2.93825350991415e-06,278528
8003,1,0.400149989891361,0.400149989891361,-0.000626255641691387,-0.53860080242157,2.90694072862061e-06,278528
8004,1,0.400199989890098,0.400199989890098,-0.000633725139778107,-0.54139918088913,2.87525447243217e-06,278528
8005,1,0.400249989888835,0.400249989888835,-0.000640323210973293,-0.545441269874573,2.8432383126923e-06,278528
8006,1,0.400299989887571,0.400299989887571,-0.000646049913484603,-0.547306835651398,2.8109358178341e-06,278528
8007,1,0.400349989886308,0.400349989886308,-0.000651154085062444,-0.550416171550751,2.77837811440345e-06,278528
8008,1,0.400399989885045,0.400399989885045,-0.000655013369396329,-0.554147362709045,2.74562744676099e-06,278528
8009,1,0.400449989883782,0.400449989883782,-0.000659868586808443,-0.557256639003754,2.71263401825405e-06,278528
8010,1,0.400499989882519,0.400499989882519,-0.000664350285660475,-0.560055017471313,2.67941650481017e-06,278528
8011,1,0.400549989881256,0.400549989881256,-0.000666715612169355,-0.56254243850708,2.64608072504384e-06,278528
8012,1,0.400599989879993,0.400599989879993,-0.000669952481985092,-0.566584587097168,2.6125831017908e-06,278528
8013,1,0.40064998987873,0.40064998987873,-0.000671570829581469,-0.570004820823669,2.57900456115999e-06,278528
8014,1,0.400699989877467,0.400699989877467,-0.00067294022301212,-0.571559429168701,2.54535755085938e-06,278528
8015,1,0.400749989876203,0.400749989876203,-0.000674434180837125,-0.573735952377319,2.51163584266941e-06,278528
8016,1,0.40079998987494,0.40079998987494,-0.000674683193210512,-0.576534330844879,2.47790168386108e-06,278528
8017,1,0.400849989873677,0.400849989873677,-0.000674309674650431,-0.579332709312439,2.44418620098028e-06,278528
8018,1,0.400899989872414,0.400899989872414,-0.00067393621429801,-0.581509232521057,2.41048939111663e-06,278528
8019,1,0.400949989871151,0.400949989871151,-0.000673064729198813,-0.583996653556824,2.37683615550685e-06,278528
8020,1,0.400999989869888,0.400999989869888,-0.000671446323394775,-0.587105989456177,2.34326384018522e-06,278528
8021,1,0.401049989868625,0.401049989868625,-0.000668583030346781,-0.590215265750885,2.30983468951237e-06,278528
8022,1,0.401099989867362,0.401099989867362,-0.000666591164190322,-0.591769933700562,2.27650513214483e-06,278528
8023,1,0.401149989866099,0.401149989866099,-0.000662731879856437,-0.593635499477386,2.24336853898911e-06,278528
8024,1,0.401199989864836,0.401199989864836,-0.000658623641356826,-0.59674483537674,2.21043735775318e-06,278528
8025,1,0.401249989863572,0.401249989863572,-0.000654141884297132,-0.598610401153564,2.17773026436457e-06,278528
8026,1,0.401299989862309,0.401299989862309,-0.000649286725092679,-0.600165069103241,2.14526592893005e-06,278528
8027,1,0.401349989861046,0.401349989861046,-0.00064356008078903,-0.603274345397949,2.11308792570349e-06,278528
8028,1,0.401399989859783,0.401399989859783,-0.000638455851003528,-0.605450868606567,2.08116513395975e-06,278528
8029,1,0.40144998985852,0.40144998985852,-0.000631857721600682,-0.607938289642334,2.04957224867782e-06,278528
8030,1,0.401499989857257,0.401499989857257,-0.00062538415659219,-0.608871102333069,2.01830304163814e-06,278528
8031,1,0.401549989855994,0.401549989855994,-0.000617416575551033,-0.611358523368835,1.98743221364045e-06,278528
8032,1,0.401599989854731,0.401599989854731,-0.000610196031630039,-0.613535046577454,1.95692241282969e-06,278528
8033,1,0.401649989853468,0.401649989853468,-0.000601481588091701,-0.613224148750305,1.92684833418484e-06,278528
8034,1,0.401699989852204,0.401699989852204,-0.000593265052884817,-0.616333425045013,1.89718508228995e-06,278528
8035,1,0.401749989850941,0.401749989850941,-0.000584799563512206,-0.61788809299469,1.86794510485301e-06,278528
8036,1,0.401799989849678,0.401799989849678,-0.000576334074139595,-0.619442760944366,1.839128401874e-06,278528
8037,1,0.401849989848415,0.401849989848415,-0.000565752270631492,-0.620997369289398,1.81084078905703e-06,278528
8038,1,0.401899989847152,0.401899989847152,-0.000556539860554039,-0.622552037239075,1.7830137967323e-06,278528
8039,1,0.401949989845889,0.401949989845889,-0.000545584480278194,-0.62348484992981,1.75573457340752e-06,278528
8040,1,0.401999989844626,0.401999989844626,-0.000535874045453966,-0.625039458274841,1.72894087181168e-06,278528
8041,1,0.402049989843363,0.402049989843363,-0.00052591465646401,-0.626283228397369,1.70264513965277e-06,278528
8042,1,0.4020999898421,0.4020999898421,-0.000515581748913974,-0.627216041088104,1.67686605285831e-06,278528
8043,1,0.402149989840836,0.402149989840836,-0.000504501920659095,-0.628770649433136,1.65164095746259e-06,278528
8044,1,0.402199989839573,0.402199989839573,-0.000492924067657441,-0.627837836742401,1.62699475470233e-06,278528
8045,1,0.40224998983831,0.40224998983831,-0.000481221824884415,-0.631258130073547,1.60293366406595e-06,278528
8046,1,0.402299989837047,0.402299989837047,-0.000470764498459175,-0.631258130073547,1.57939543973761e-06,278528
8047,1,0.402349989835784,0.402349989835784,-0.000458066264400259,-0.633123636245728,1.55649212709619e-06,278528
8048,1,0.402399989834521,0.402399989834521,-0.000447110884124413,-0.632501840591431,1.53413658345472e-06,278528
8049,1,0.402449989833258,0.402449989833258,-0.000435782072599977,-0.632812738418579,1.51234748037516e-06,278528
8050,1,0.402499989831995,0.402499989831995,-0.000422710349084809,-0.633123636245728,1.49121196345484e-06,278528
8051,1,0.402549989830732,0.402549989830732,-0.000411008077207953,-0.634056448936462,1.47066156011359e-06,278528
8052,1,0.402599989829469,0.402599989829469,-0.000398309843149036,-0.634056448936462,1.45074606845925e-06,278528
8053,1,0.402649989828205,0.402649989828205,-0.000386109575629234,-0.634367406368256,1.43144059016548e-06,278528
8054,1,0.402699989826942,0.402699989826942,-0.000373411341570318,-0.634367406368256,1.41277002355863e-06,278528
8055,1,0.402749989825679,0.402749989825679,-0.000360837584594265,-0.634678363800049,1.39472814478469e-06,278528
8056,1,0.402799989824416,0.402799989824416,-0.000349633279256523,-0.635922014713287,1.37724648126349e-06,278528
8057,1,0.402849989823153,0.402849989823153,-0.000337557488819584,-0.634678363800049,1.36036860724888e-06,278528
8058,1,0.40289998982189,0.40289998982189,-0.000323987798765302,-0.634678363800049,1.34416921771985e-06,278528
8059,1,0.402949989820627,0.402949989820627,-0.000311538577079773,-0.634367406368256,1.32859228925936e-06,278528
8060,1,0.402999989819364,0.402999989819364,-0.000299213803373277,-0.63530021905899,1.31363159946864e-06,278528
8061,1,0.403049989818101,0.403049989818101,-0.000287138012936339,-0.634678363800049,1.29927469918451e-06,278528
8062,1,0.403099989816837,0.403099989816837,-0.000273568351985887,-0.634056448936462,1.28559628193076e-06,278528
8063,1,0.403149989815574,0.403149989815574,-0.000262115063378587,-0.633434653282166,1.27249052909291e-06,278528
8064,1,0.403199989814311,0.403199989814311,-0.000248545344220474,-0.632812738418579,1.26006326219582e-06,278528
8065,1,0.403249989813048,0.403249989813048,-0.000235598155995831,-0.632190942764282,1.24828335469362e-06,278528
8066,1,0.403299989811785,0.403299989811785,-0.00022277541575022,-0.631258130073547,1.2371445841875e-06,278528
8067,1,0.403349989810522,0.403349989810522,-0.000210326179512776,-0.631258130073547,1.22662827547752e-06,278528
8068,1,0.403399989809259,0.403399989809259,-0.000198374880710617,-0.629392504692078,1.21670953169256e-06,278528
8069,1,0.403449989807996,0.403449989807996,-0.000185303186299279,-0.629392504692078,1.20744437261165e-06,278528
8070,1,0.403499989806733,0.403499989806733,-0.000172480460605584,-0.627216041088104,1.19882034979923e-06,278528
8071,1,0.40354998980547,0.40354998980547,-0.000161276140715927,-0.628148853778839,1.19075654296715e-06,278528
8072,1,0.403599989804206,0.403599989804206,-0.000148826889926568,-0.625039458274841,1.1833151986588e-06,278528
8073,1,0.403649989802943,0.403649989802943,-0.000135008216602728,-0.624728560447693,1.1765647879992e-06,278528
8074,1,0.40369998980168,0.40369998980168,-0.000123430407256819,-0.62348484992981,1.17039326779226e-06,278528
8075,1,0.403749989800417,0.403749989800417,-0.000111230154288933,-0.621930181980133,1.16483176021831e-06,278528
8076,1,0.403799989799154,0.403799989799154,-9.79094547801651e-05,-0.620064616203308,1.15993628760297e-06,278528
8077,1,0.403849989797891,0.403849989797891,-8.63316527102143e-05,-0.618820905685425,1.15561970507651e-06,278528
8078,1,0.403899989796628,0.403899989796628,-7.42558841011487e-05,-0.616955280303955,1.15190691096524e-06,278528
8079,1,0.403949989795365,0.403949989795365,-6.19311249465682e-05,-0.615711569786072,1.14881035479614e-06,278528
8080,1,0.403999989794102,0.403999989794102,-5.06023061461747e-05,-0.614778816699982,1.14628023955275e-06,278528
8081,1,0.404049989792838,0.404049989792838,-3.80285673600156e-05,-0.611669480800629,1.14437881123278e-06,278528
8082,1,0.404099989791575,0.404099989791575,-2.65752587438328e-05,-0.611358523368835,1.14305004832916e-06,278528
8083,1,0.404149989790312,0.404149989790312,-1.51219473991659e-05,-0.608249247074127,1.1422939509783e-06,278528
8084,1,0.404199989789049,0.404199989789049,-2.54820565714908e-06,-0.605761826038361,1.14216654069866e-06,278528
8085,1,0.404249989787786,0.404249989787786,8.28264182928251e-06,-0.604518055915833,1.14258067277966e-06,278528
8086,1,0.404299989786523,0.404299989786523,1.94869644474238e-05,-0.602341532707214,1.14355502097742e-06,278528
8087,1,0.40434998978526,0.40434998978526,3.08157832478173e-05,-0.600165069103241,1.14509581010089e-06,278528
8088,1,0.404399989783997,0.404399989783997,4.13976413256023e-05,-0.598299443721771,1.14716569211488e-06,278528
8089,1,0.404449989782734,0.404449989782734,5.30999386683106e-05,-0.595812022686005,1.14982068898122e-06,278528
8090,1,0.404499989781471,0.404499989781471,6.30593349342234e-05,-0.592702746391296,1.15297365564828e-06,278528
8091,1,0.404549989780207,0.404549989780207,7.41391704650596e-05,-0.59114807844162,1.15668061407789e-06,278528
8092,1,0.404599989778944,0.404599989778944,8.45965405460447e-05,-0.58834969997406,1.16091044099834e-06,278528
8093,1,0.404649989777681,0.404649989777681,9.43069535424002e-05,-0.5855513215065,1.16562578855634e-06,278528
8094,1,0.404699989776418,0.404699989776418,0.000105635765066836,-0.583685755729675,1.17090757667625e-06,278528
8095,1,0.404749989775155,0.404749989775155,0.000115719660243485,-0.581509232521057,1.17669355954226e-06,278528
8096,1,0.404799989773892,0.404799989773892,0.000124932106700726,-0.579643666744232,1.18294016471949e-06,278528
8097,1,0.404849989772629,0.404849989772629,0.000135887443320826,-0.575601577758789,1.18973453671389e-06,278528
8098,1,0.404899989771366,0.404899989771366,0.000145099897054024,-0.572803139686584,1.19698953138332e-06,278528
8099,1,0.404949989770103,0.404949989770103,0.000155183777678758,-0.57093757390976,1.20474872007124e-06,278528
8100,1,0.404999989768839,0.404999989768839,0.000164520723046735,-0.56720644235611,1.21297475601577e-06,278528
8101,1,0.405049989767576,0.405049989767576,0.000173235195688903,-0.565029919147491,1.2216365155814e-06,278528
8102,1,0.405099989766313,0.405099989766313,0.000182572126504965,-0.56254243850708,1.23076512167604e-06,278528
8103,1,0.40514998976505,0.40514998976505,0.000191535596968606,-0.559433162212372,1.24034190128254e-06,278528
8104,1,0.405199989763787,0.405199989763787,0.000199503105250187,-0.554458260536194,1.25031705629306e-06,278528
8105,1,0.405249989762524,0.405249989762524,0.000209835983696394,-0.551970839500427,1.26080885521283e-06,278528
8106,1,0.405299989761261,0.405299989761261,0.000217679000343196,-0.550105214118958,1.27169280495504e-06,278528
8107,1,0.405349989759998,0.405349989759998,0.000226144504267722,-0.547306835651398,1.28300002988278e-06,278528
8108,1,0.405399989758735,0.405399989758735,0.000234734470723197,-0.542642891407013,1.29473675312245e-06,278528
8109,1,0.405449989757471,0.405449989757471,0.0002420795353828,-0.54046642780304,1.30684072958582e-06,278528
8110,1,0.405499989756208,0.405499989756208,0.000251043005846441,-0.536424279212952,1.31939287956104e-06,278528
8111,1,0.405549989754945,0.405549989754945,0.000257143168710172,-0.53486967086792,1.33225003767175e-06,278528
8112,1,0.405599989753682,0.405599989753682,0.000265982089331374,-0.530516624450684,1.34554914180236e-06,278528
8113,1,0.405649989752419,0.405649989752419,0.000273576151812449,-0.528029203414917,1.35922794904742e-06,278528
8114,1,0.405699989751156,0.405699989751156,0.000280423206277192,-0.523676156997681,1.37324910900708e-06,278528
8115,1,0.405749989749893,0.405749989749893,0.00028776828548871,-0.520877778530121,1.38763752291803e-06,278528
8116,1,0.40579998974863,0.40579998974863,0.000294615369057283,-0.518079400062561,1.40236829099877e-06,278528
8117,1,0.405849989747367,0.405849989747367,0.000301088992273435,-0.513415455818176,1.41742274023213e-06,278528
8118,1,0.405899989746104,0.405899989746104,0.000308309536194429,-0.511238932609558,1.43283821665242e-06,278528
8119,1,0.40594998974484,0.40594998974484,0.000314534147037193,-0.506574988365173,1.44856492360699e-06,278528
8120,1,0.405999989743577,0.405999989743577,0.000321256753522903,-0.503154695034027,1.46462776087736e-06,278528
8121,1,0.406049989742314,0.406049989742314,0.000328352849464864,-0.500978231430054,1.48104540293586e-06,278528
8122,1,0.406099989741051,0.406099989741051,0.000333581498125568,-0.497868925333023,1.49772447742079e-06,278528
8123,1,0.406149989739788,0.406149989739788,0.000339183694450185,-0.494759649038315,1.51468366171487e-06,278528
8124,1,0.406199989738525,0.406199989738525,0.000345034844940528,-0.490717500448227,1.53193540352608e-06,278528
8125,1,0.406249989737262,0.406249989737262,0.000351383932866156,-0.488541007041931,1.54950459972555e-06,278528
8126,1,0.406299989735999,0.406299989735999,0.000357110606273636,-0.48512077331543,1.56736012958817e-06,278528
8127,1,0.406349989734736,0.406349989734736,0.000362214806955308,-0.480767756700516,1.58547086947842e-06,278528
8128,1,0.406399989733472,0.406399989733472,0.000368190434528515,-0.478280305862427,1.60388039073978e-06,278528
8129,1,0.406449989732209,0.406449989732209,0.000372796639567241,-0.474549144506454,1.62252022224726e-06,278528
8130,1,0.406499989730946,0.406499989730946,0.000379394768970087,-0.470507025718689,1.64148996021655e-06,278528
8131,1,0.406549989729683,0.406549989729683,0.000384498969651759,-0.467397749423981,1.66071490821347e-06,278528
8132,1,0.40659998972842,0.40659998972842,0.000389976601582021,-0.463977485895157,1.68021373779999e-06,278528
8133,1,0.406649989727157,0.406649989727157,0.000394458387745544,-0.46149006485939,1.69993665668903e-06,278528
8134,1,0.406699989725894,0.406699989725894,0.000399811513489112,-0.457137048244476,1.71992723185848e-06,278528
8135,1,0.406749989724631,0.406749989724631,0.00040479120798409,-0.454027712345123,1.74016679174639e-06,278528
8136,1,0.406799989723368,0.406799989723368,0.000409272935939953,-0.44998562335968,1.76063043802643e-06,278528
8137,1,0.406849989722105,0.406849989722105,0.000415497575886548,-0.447809129953384,1.78140531629594e-06,278528
8138,1,0.406899989720841,0.406899989720841,0.000419730320572853,-0.443767011165619,1.80239183179442e-06,278528
8139,1,0.406949989719578,0.406949989719578,0.000425332487793639,-0.439724922180176,1.82365845564686e-06,278528
8140,1,0.406999989718315,0.406999989718315,0.000430810177931562,-0.437859326601028,1.84519896399928e-06,278528
8141,1,0.407049989717052,0.407049989717052,0.00043616333277896,-0.434439092874527,1.86700713008731e-06,278528
8142,1,0.407099989715789,0.407099989715789,0.000442387972725555,-0.431329786777496,1.8891265281648e-06,278528
8143,1,0.407149989714526,0.407149989714526,0.000446745194494724,-0.427909553050995,1.91146378732525e-06,278528
8144,1,0.407199989713263,0.407199989713263,0.000452222884632647,-0.425111204385757,1.93407493098568e-06,278528
8145,1,0.407249989712,0.407249989712,0.000457700545666739,-0.421069115400314,1.95695995769089e-06,278528
8146,1,0.407299989710737,0.407299989710737,0.000462555733975023,-0.418892562389374,1.98008774380538e-06,278528
8147,1,0.407349989709473,0.407349989709473,0.000468406855361536,-0.414850473403931,2.00350808598181e-06,278528
8148,1,0.40739998970821,0.40739998970821,0.000473760068416595,-0.412363022565842,2.02719608880423e-06,278528
8149,1,0.407449989706947,0.407449989706947,0.00047861528582871,-0.409875631332397,2.05112685249113e-06,278528
8150,1,0.407499989705684,0.407499989705684,0.000483968440676108,-0.406455367803574,2.07532527391363e-06,278528
8151,1,0.407549989704421,0.407549989704421,0.000488948135171086,-0.403967916965485,2.09977268005459e-06,278528
8152,1,0.407599989703158,0.407599989703158,0.000494550331495702,-0.400236755609512,2.12450019600471e-06,278528
8153,1,0.407649989701895,0.407649989701895,0.000499405548907816,-0.398682087659836,2.14947047281929e-06,278528
8154,1,0.407699989700632,0.407699989700632,0.00050525669939816,-0.395883738994598,2.17473330715101e-06,278528
8155,1,0.407749989699369,0.407749989699369,0.00050899141933769,-0.393085360527039,2.20018287747498e-06,278528
8156,1,0.407799989698105,0.407799989698105,0.000513597682584077,-0.39059790968895,2.22586276095546e-06,278528
8157,1,0.407849989696842,0.407849989696842,0.000518452899996191,-0.387488603591919,2.25178540530041e-06,278528
8158,1,0.407899989695579,0.407899989695579,0.000522561138495803,-0.38500115275383,2.27791346156515e-06,278528
8159,1,0.407949989694316,0.407949989694316,0.000526046904269606,-0.38220277428627,2.30421580611417e-06,278528
8160,1,0.407999989693053,0.407999989693053,0.000530030694790184,-0.379715323448181,2.3307173401842e-06,278528
8161,1,0.40804998969179,0.40804998969179,0.000533889979124069,-0.378782570362091,2.35741183846604e-06,278528
8162,1,0.408099989690527,0.408099989690527,0.000537126732524484,-0.375051379203796,2.38426817441382e-06,278528
8163,1,0.408149989689264,0.408149989689264,0.000542106456123292,-0.372563928365707,2.41137349653525e-06,278528
8164,1,0.408199989688001,0.408199989688001,0.000542977883014828,-0.370387434959412,2.43852239000015e-06,278528
8165,1,0.408249989686738,0.408249989686738,0.00054609018843621,-0.369454652070999,2.46582689873219e-06,278528
8166,1,0.408299989685474,0.408299989685474,0.000548206618987024,-0.366345345973969,2.4932372289891e-06,278528
8167,1,0.408349989684211,0.408349989684211,0.000550696451682597,-0.364168792963028,2.52077205087764e-06,278528
8168,1,0.408399989682948,0.408399989682948,0.000552563811652362,-0.361370444297791,2.54840024076231e-06,278528
8169,1,0.408449989681685,0.408449989681685,0.000554306723643094,-0.359815806150436,2.57611557624432e-06,278528
8170,1,0.408499989680422,0.408499989680422,0.000555676117073745,-0.357639253139496,2.60389938139613e-06,278528
8171,1,0.408549989679159,0.408549989679159,0.000556672050151974,-0.356706500053406,2.63173298320059e-06,278528
8172,1,0.408599989677896,0.408599989677896,0.000556672050151974,-0.355151861906052,2.65956658500505e-06,278528
8173,1,0.408649989676633,0.408649989676633,0.000557045510504395,-0.353286266326904,2.68741885982666e-06,278528
8174,1,0.40869998967537,0.40869998967537,0.000557294522877783,-0.352664411067963,2.71528358526663e-06,278528
8175,1,0.408749989674106,0.408749989674106,0.000557667983230203,-0.350487858057022,2.74316698372375e-06,278528
8176,1,0.408799989672843,0.408799989672843,0.000556174083612859,-0.34862232208252,2.77097568720188e-06,278528
8177,1,0.40884998967158,0.40884998967158,0.000555676117073745,-0.347689509391785,2.79875949235369e-06,278528
8178,1,0.408899989670317,0.408899989670317,0.000554057769477367,-0.346134871244431,2.82646238012773e-06,278528
8179,1,0.408949989669054,0.408949989669054,0.00055181683273986,-0.344580173492432,2.85405322106772e-06,278528
8180,1,0.408999989667791,0.408999989667791,0.000549949472770095,-0.343336492776871,2.88155069401158e-06,278528
8181,1,0.409049989666528,0.409049989666528,0.000546961673535407,-0.343647420406342,2.90889877699748e-06,278528
8182,1,0.409099989665265,0.409099989665265,0.000544347334653139,-0.341159969568253,2.93611614304256e-06,278528
8183,1,0.409149989664002,0.409149989664002,0.000542728928849101,-0.339294373989105,2.96325258879949e-06,278528
8184,1,0.409199989662739,0.409199989662739,0.00053700222633779,-0.34022718667984,2.99010269943809e-06,278528
8185,1,0.409249989661475,0.409249989661475,0.000533143000211567,-0.338983446359634,3.01675984877526e-06,278528
8186,1,0.409299989660212,0.409299989660212,0.000530155200976878,-0.338361591100693,3.04326760815446e-06,278528
8187,1,0.409349989658949,0.409349989658949,0.000525175535585731,-0.337739735841751,3.06952638427039e-06,278528
8188,1,0.409399989657686,0.409399989657686,0.00052044476615265,-0.337117880582809,3.09554862192065e-06,278528
8189,1,0.409449989656423,0.409449989656423,0.000513846694957465,-0.336185097694397,3.12124095601948e-06,278528
8190,1,0.40949998965516,0.40949998965516,0.000508369004819542,-0.335563242435455,3.14665940561833e-06,278528
8191,1,0.409549989653897,0.409549989653897,0.000503513729199767,-0.335563242435455,3.17183509144233e-06,278528
8192,1,0.409599989652634,0.409599989652634,0.000496417691465467,-0.335563242435455,3.19665597538857e-06,278528
8193,1,0.409649989651371,0.409649989651371,0.000488450168631971,-0.334941357374191,3.22107848320321e-06,278528
8194,1,0.409699989650107,0.409699989650107,0.000482225557789207,-0.335252285003662,3.24518976048356e-06,278528
8195,1,0.409749989648844,0.409749989648844,0.000475005013868213,-0.335252285003662,3.26894001057699e-06,278528
8196,1,0.409799989647581,0.409799989647581,0.000467410951387137,-0.334941357374191,3.29231055755596e-06,278528
8197,1,0.409849989646318,0.409849989646318,0.000458696478744969,-0.33463042974472,3.31524538091383e-06,278528
8198,1,0.409899989645055,0.409899989645055,0.000450230989372358,-0.334941357374191,3.33775692981376e-06,278528
8199,1,0.409949989643792,0.409949989643792,0.000440894073108211,-0.336185097694397,3.35980163291227e-06,278528
8200,1,0.409999989642529,0.409999989642529,0.000431183638283983,-0.336185097694397,3.38136081428184e-06,278528
8201,1,0.410049989641266,0.410049989641266,0.000422344659455121,-0.336495995521545,3.40247804672113e-06,278528
8202,1,0.410099989640003,0.410099989640003,0.000412385270465165,-0.336495995521545,3.4230973097235e-06,278528
8203,1,0.410149989638739,0.410149989638739,0.000401927885832265,-0.337739735841751,3.44319370350744e-06,278528
8204,1,0.410199989637476,0.410199989637476,0.000393462396459654,-0.338361591100693,3.46286682283343e-06,278528
8205,1,0.410249989636213,0.410249989636213,0.000380764162400737,-0.339294373989105,3.48190503047252e-06,278528
8206,1,0.41029998963495,0.41029998963495,0.000371925212675706,-0.339605331420898,3.50050129063653e-06,278528
8207,1,0.410349989633687,0.410349989633687,0.000359724974259734,-0.340538084506989,3.51848753889515e-06,278528
8208,1,0.410399989632424,0.410399989632424,0.000347275694366544,-0.341470897197723,3.53585132317483e-06,278528
8209,1,0.410449989631161,0.410449989631161,0.000336818338837475,-0.342403680086136,3.55269223969126e-06,278528
8210,1,0.410499989629898,0.410499989629898,0.000324991560773924,-0.342714637517929,3.56894181731946e-06,278528
8211,1,0.410549989628635,0.410549989628635,0.000311919837258756,-0.34395831823349,3.58453780878841e-06,278528
8212,1,0.410599989627372,0.410599989627372,0.000299968553008512,-0.345823913812637,3.59953623605994e-06,278528
8213,1,0.410649989626108,0.410649989626108,0.000287519302219152,-0.346445769071579,3.61391220080773e-06,278528
8214,1,0.410699989624845,0.410699989624845,0.000273825135082006,-0.348933219909668,3.62760345721596e-06,278528
8215,1,0.410749989623582,0.410749989623582,0.000261624867562205,-0.34955507516861,3.64068470026361e-06,278528
8216,1,0.410799989622319,0.410799989622319,0.000247930700425059,-0.351109713315964,3.6530812349717e-06,278528
8217,1,0.410849989621056,0.410849989621056,0.000234485502005555,-0.352042526006699,3.6648055097758e-06,278528
8218,1,0.410899989619793,0.410899989619793,0.000220293353777379,-0.355151861906052,3.67582017718642e-06,278528
8219,1,0.41094998961853,0.41094998961853,0.000206972661544569,-0.357017397880554,3.68616881000222e-06,278528
8220,1,0.410999989617267,0.410999989617267,0.000193651969311759,-0.358572065830231,3.6958514082232e-06,278528
8221,1,0.411049989616004,0.411049989616004,0.000178712871274911,-0.359504848718643,3.70478705156121e-06,278528
8222,1,0.41109998961474,0.41109998961474,0.000164520723046735,-0.36105951666832,3.71301308750574e-06,278528
8223,1,0.411149989613477,0.411149989613477,0.000149706116644666,-0.364168792963028,3.72049839314888e-06,278528
8224,1,0.411199989612214,0.411199989612214,0.000135140493512154,-0.365101605653763,3.72725541765379e-06,278528
8225,1,0.411249989610951,0.411249989610951,0.000120823860925157,-0.369143694639206,3.73329661054744e-06,278528
8226,1,0.411299989609688,0.411299989609688,0.000105511280708015,-0.37069833278656,3.73857217444957e-06,278528
8227,1,0.411349989608425,0.411349989608425,9.1319132479839e-05,-0.372253030538559,3.74313813095821e-06,278528
8228,1,0.411399989607162,0.411399989607162,7.61310584493913e-05,-0.374118596315384,3.74694468378452e-06,278528
8229,1,0.411449989605899,0.411449989605899,6.13164447713643e-05,-0.376606047153473,3.75001050594564e-06,278528
8230,1,0.411499989604636,0.411499989604636,4.51324158348143e-05,-0.380026280879974,3.75226712668037e-06,278528
8231,1,0.411549989603373,0.411549989603373,2.96953494398622e-05,-0.381580919027328,3.75375189411486e-06,278528
8232,1,0.411599989602109,0.411599989602109,1.5254220670613e-05,-0.384068369865417,3.75451460512912e-06,278528
8233,1,0.411649989600846,0.411649989600846,-5.56325801426283e-07,-0.386866748332977,3.75448678883975e-06,278528
8234,1,0.411699989599583,0.411699989599583,-1.66158588399412e-05,-0.389043271541595,3.75365599591874e-06,278528
8235,1,0.41174998959832,0.41174998959832,-3.14304634230211e-05,-0.391219764947891,3.75208447278729e-06,278528
8236,1,0.411799989597057,0.411799989597057,-4.67430436401628e-05,-0.394329100847244,3.74974732066432e-06,278528
8237,1,0.411849989595794,0.411849989595794,-6.18066260358319e-05,-0.39650559425354,3.7466569894406e-06,278528
8238,1,0.411899989594531,0.411899989594531,-7.74926884332672e-05,-0.400547683238983,3.74278235511682e-06,278528
8239,1,0.411949989593268,0.411949989593268,-9.28052613744512e-05,-0.402724206447601,3.73814209216532e-06,278528
8240,1,0.411999989592005,0.411999989592005,-0.000108740307041444,-0.405522584915161,3.7327050769506e-06,278528
8241,1,0.412049989590741,0.412049989590741,-0.000124301863252185,-0.407699078321457,3.726489983945e-06,278528
8242,1,0.412099989589478,0.412099989589478,-0.000139863419462927,-0.412984907627106,3.71949681314851e-06,278528
8243,1,0.412149989588215,0.412149989588215,-0.000155051515321247,-0.414850473403931,3.7117442375783e-06,278528
8244,1,0.412199989586952,0.412199989586952,-0.000170737563166767,-0.41733792424202,3.70320735963562e-06,278528
8245,1,0.412249989585689,0.412249989585689,-0.000185054203029722,-0.420447260141373,3.69395464971787e-06,278528
8246,1,0.412299989584426,0.412299989584426,-0.000200864742510021,-0.423556536436081,3.68391141284609e-06,278528
8247,1,0.412349989583163,0.412349989583163,-0.000216177315451205,-0.426665842533112,3.67310254734658e-06,278528
8248,1,0.4123999895819,0.4123999895819,-0.000230742938583717,-0.430397003889084,3.66156540070885e-06,278528
8249,1,0.412449989580637,0.412449989580637,-0.000246180017711595,-0.432884454727173,3.64925640013422e-06,278528
8250,1,0.412499989579374,0.412499989579374,-0.00026186608010903,-0.435682833194733,3.63616309645953e-06,278528
8251,1,0.41254998957811,0.41254998957811,-0.000276431674137712,-0.439724922180176,3.62234151310181e-06,278528
8252,1,0.412599989576847,0.412599989576847,-0.00029087282018736,-0.442523330450058,3.60779787245985e-06,278528
8253,1,0.412649989575584,0.412649989575584,-0.000305438443319872,-0.445321679115295,3.59252595067965e-06,278528
8254,1,0.412699989574321,0.412699989574321,-0.000319755054078996,-0.448120057582855,3.57653819837959e-06,278528
8255,1,0.412749989573058,0.412749989573058,-0.000335441116476431,-0.453405857086182,3.55976614297946e-06,278528
8256,1,0.412799989571795,0.412799989571795,-0.000348139379639179,-0.456204265356064,3.54235917443724e-06,278528
8257,1,0.412849989570532,0.412849989570532,-0.000362207007128745,-0.459002614021301,3.52424882453831e-06,278528
8258,1,0.412899989569269,0.412899989569269,-0.000376399169908836,-0.462733805179596,3.5054288665183e-06,278528
8259,1,0.412949989568006,0.412949989568006,-0.000389719876693562,-0.466154038906097,3.48594287317588e-06,278528
8260,1,0.412999989566742,0.412999989566742,-0.000403662997996435,-0.469263345003128,3.46575972378593e-06,278528
8261,1,0.413049989565479,0.413049989565479,-0.000416361261159182,-0.473305433988571,3.44494166125388e-06,278528
8262,1,0.413099989564216,0.413099989564216,-0.000430553394835442,-0.475481927394867,3.42341399205594e-06,278528
8263,1,0.413149989562953,0.413149989562953,-0.000443500612163916,-0.478902161121368,3.40123896200793e-06,278528
8264,1,0.41319998956169,0.41319998956169,-0.000455949892057106,-0.482011467218399,3.37844146798099e-06,278528
8265,1,0.413249989560427,0.413249989560427,-0.000469768536277115,-0.485742658376694,3.3549530417605e-06,278528
8266,1,0.413299989559164,0.413299989559164,-0.000480848364531994,-0.488541007041931,3.33091062414126e-06,278528
8267,1,0.413349989557901,0.413349989557901,-0.000492550665512681,-0.493204951286316,3.30628309148777e-06,278528
8268,1,0.413399989556638,0.413399989556638,-0.000504501920659095,-0.496314287185669,3.28105799609206e-06,278528
8269,1,0.413449989555374,0.413449989555374,-0.000517573673278093,-0.500356376171112,3.2551793130819e-06,278528
8270,1,0.413499989554111,0.413499989554111,-0.000528155534993857,-0.503154695034027,3.22877153699933e-06,278528
8271,1,0.413549989552848,0.413549989552848,-0.000537990476004779,-0.50626403093338,3.20187201387863e-06,278528
8272,1,0.413599989551585,0.413599989551585,-0.000549319200217724,-0.50906240940094,3.17440605456159e-06,278528
8273,1,0.413649989550322,0.413649989550322,-0.000559652107767761,-0.512793600559235,3.1464234498801e-06,278528
8274,1,0.413699989549059,0.413699989549059,-0.000569362542591989,-0.516524732112885,3.11795532346967e-06,278528
8275,1,0.413749989547796,0.413749989547796,-0.0005778280319646,-0.519944965839386,3.0890639226013e-06,278528
8276,1,0.413799989546533,0.413799989546533,-0.0005876628565602,-0.523676156997681,3.05968078051557e-06,278528
8277,1,0.41384998954527,0.41384998954527,-0.000596501922700554,-0.526163578033447,3.02985568513399e-06,278528
8278,1,0.413899989544007,0.413899989544007,-0.000605091918259859,-0.529583811759949,2.99960108998529e-06,278528
8279,1,0.413949989542743,0.413949989542743,-0.000612685864325613,-0.53300404548645,2.96896679754289e-06,278528
8280,1,0.41399998954148,0.41399998954148,-0.000620155478827655,-0.536424279212952,2.93795902438483e-06,278528
8281,1,0.414049989540217,0.414049989540217,-0.00062675355002284,-0.539844572544098,2.90662134767535e-06,278528
8282,1,0.414099989538954,0.414099989538954,-0.000633974152151495,-0.541710138320923,2.87492264086855e-06,278528
8283,1,0.414149989537691,0.414149989537691,-0.000639825302641839,-0.546684980392456,2.84293137654463e-06,278528
8284,1,0.414199989536428,0.414199989536428,-0.000645551946945488,-0.547928750514984,2.81065378001275e-06,278528
8285,1,0.414249989535165,0.414249989535165,-0.000651403039228171,-0.551970839500427,2.77808362887413e-06,278528
8286,1,0.414299989533902,0.414299989533902,-0.000655262381769717,-0.553525507450104,2.74532051061331e-06,278528
8287,1,0.414349989532639,0.414349989532639,-0.000659370620269328,-0.557567596435547,2.7123519804327e-06,278528
8288,1,0.414399989531375,0.414399989531375,-0.000663229904603213,-0.560365915298462,2.67919048604027e-06,278528
8289,1,0.414449989530112,0.414449989530112,-0.000665968633256853,-0.563475251197815,2.64589205521862e-06,278528
8290,1,0.414499989528849,0.414499989528849,-0.000669081055093557,-0.566584587097168,2.61243800330906e-06,278528
8291,1,0.414549989527586,0.414549989527586,-0.000671321817208081,-0.570315718650818,2.57887191329661e-06,278528
8292,1,0.414599989526323,0.414599989526323,-0.000672691268846393,-0.572181284427643,2.54523735070397e-06,278528
8293,1,0.41464998952506,0.41464998952506,-0.000673811708111316,-0.574046909809113,2.5115467661495e-06,278528
8294,1,0.414699989523797,0.414699989523797,-0.000673811708111316,-0.577467083930969,2.47785618159503e-06,278528
8295,1,0.414749989522534,0.414749989522534,-0.000673313799779862,-0.579332709312439,2.4441904924565e-06,278528
8296,1,0.414799989521271,0.414799989521271,-0.000673313799779862,-0.582131087779999,2.41052480331798e-06,278528
8297,1,0.414849989520008,0.414849989520008,-0.000671321817208081,-0.584929466247559,2.37695871330552e-06,278528
8298,1,0.414899989518744,0.414899989518744,-0.000669827975798398,-0.587727844715118,2.34346731536167e-06,278528
8299,1,0.414949989517481,0.414949989517481,-0.000666964624542743,-0.590215265750885,2.31011908497698e-06,278528
8300,1,0.414999989516218,0.414999989516218,-0.000663229904603213,-0.592080891132355,2.27695759058455e-06,278528
8301,1,0.415049989514955,0.415049989514955,-0.00066074007190764,-0.594257354736328,2.24392058782375e-06,278528
8302,1,0.415099989513692,0.415099989513692,-0.000656880729366094,-0.59674483537674,2.21107655218516e-06,278528
8303,1,0.415149989512429,0.415149989512429,-0.000651651993393898,-0.598921298980713,2.17849395333857e-06,278528
8304,1,0.415199989511166,0.415199989511166,-0.000647170294541866,-0.602030634880066,2.14613543942892e-06,278528
8305,1,0.415249989509903,0.415249989509903,-0.000641443650238216,-0.602963387966156,2.11406325772722e-06,278528
8306,1,0.41529998950864,0.41529998950864,-0.000636090524494648,-0.604829013347626,2.08225873230594e-06,278528
8307,1,0.415349989507376,0.415349989507376,-0.000628371955826879,-0.607316434383392,2.05084013530829e-06,278528
8308,1,0.415399989506113,0.415399989506113,-0.000621773826424032,-0.610425770282745,2.01975144477246e-06,278528
8309,1,0.41544998950485,0.41544998950485,-0.000615051307249814,-0.610736668109894,1.98899888018684e-06,278528
8310,1,0.415499989503587,0.415499989503587,-0.000606585817877203,-0.613535046577454,1.95866959005916e-06,278528
8311,1,0.415549989502324,0.415549989502324,-0.000599116203375161,-0.61508971452713,1.92871378064715e-06,278528
8312,1,0.415599989501061,0.415599989501061,-0.000590152747463435,-0.61602246761322,1.89920614401941e-06,278528
8313,1,0.415649989499798,0.415649989499798,-0.000581811764277518,-0.61788809299469,1.87011555654042e-06,278528
8314,1,0.415699989498535,0.415699989498535,-0.000573097262531519,-0.619442760944366,1.84146069413773e-06,278528
8315,1,0.415749989497272,0.415749989497272,-0.000562764471396804,-0.62068647146225,1.81332247127872e-06,278528
8316,1,0.415799989496008,0.415799989496008,-0.000554174417629838,-0.622241139411926,1.78561375109721e-06,278528
8317,1,0.415849989494745,0.415849989494745,-0.000543219037353992,-0.624106705188751,1.75845279991565e-06,278528
8318,1,0.415899989493482,0.415899989493482,-0.000533010752405971,-0.624728560447693,1.7318022629686e-06,278528
8319,1,0.415949989492219,0.415949989492219,-0.000522802351042628,-0.625661373138428,1.70566214607683e-06,278528
8320,1,0.415999989490956,0.415999989490956,-0.000511846970766783,-0.627526938915253,1.680069798185e-06,278528
8321,1,0.416049989489693,0.416049989489693,-0.000502385606523603,-0.628459751605988,1.65495051849339e-06,278528
8322,1,0.41609998948843,0.41609998948843,-0.000488442368805408,-0.629392504692078,1.63052840067007e-06,278528
8323,1,0.416149989487167,0.416149989487167,-0.00047935446491465,-0.630947172641754,1.60656067802982e-06,278528
8324,1,0.416199989485904,0.416199989485904,-0.000467652163933963,-0.630325317382813,1.58317807042381e-06,278528
8325,1,0.416249989484641,0.416249989484641,-0.000454829423688352,-0.631879925727844,1.56043659981389e-06,278528
8326,1,0.416299989483377,0.416299989483377,-0.000445119017967954,-0.631569027900696,1.53818064947773e-06,278528
8327,1,0.416349989482114,0.416349989482114,-0.000432296277722344,-0.632190942764282,1.51656583613765e-06,278528
8328,1,0.416399989480851,0.416399989480851,-0.000420967495301738,-0.633745551109314,1.49551746190429e-06,278528
8329,1,0.416449989479588,0.416449989479588,-0.000407771265599877,-0.633745551109314,1.47512889913935e-06,278528
8330,1,0.416499989478325,0.416499989478325,-0.000397189403884113,-0.634989261627197,1.45526942944684e-06,278528
8331,1,0.416549989477062,0.416549989477062,-0.00038461564690806,-0.634989261627197,1.43603864758725e-06,278528
8332,1,0.416599989475799,0.416599989475799,-0.000371668429579586,-0.634367406368256,1.41745522657772e-06,278528
8333,1,0.416649989474536,0.416649989474536,-0.000358845718437806,-0.63530021905899,1.39951294110909e-06,278528
8334,1,0.416699989473273,0.416699989473273,-0.000346894434187561,-0.63530021905899,1.38216821983788e-06,278528
