point_id,measurementpart_id,t,x,y,z,q,statusbyte
1,1,4.99999987368938e-05,4.99999987368938e-05,1.9062913736434e-07,-0.634989261627197,9.53145662743214e-12,278528
2,1,9.99999974737875e-05,9.99999974737875e-05,1.31106162370997e-06,-0.634678363800049,7.50845361569208e-11,278528
3,1,0.000149999996210681,0.000149999996210681,2.18250897887629e-06,-0.634367406368256,1.84209982343994e-10,278528
4,1,0.000199999994947575,0.000199999994947575,3.30294142258936e-06,-0.634056448936462,3.49357049301496e-10,278528
5,1,0.000249999993684469,0.000249999993684469,4.92134404339595e-06,-0.634367406368256,5.95424245255113e-10,278528
6,1,0.000299999992421363,0.000299999992421363,8.40713346406119e-06,-0.634367406368256,1.01578090783907e-09,278528
7,1,0.000349999991158256,0.000349999991158256,1.18929237942211e-05,-0.632812738418579,1.6104270825281e-09,278528
8,1,0.00039999998989515,0.00039999998989515,1.47562504935195e-05,-0.632812738418579,2.34823958856536e-09,278528
9,1,0.000449999988632044,0.000449999988632044,1.88645026355516e-05,-0.634056448936462,3.29146469651507e-09,278528
10,1,0.000499999987368938,0.000499999987368938,2.29727556870785e-05,-0.631879925727844,4.44010245185196e-09,278528
11,1,0.000549999986105831,0.000549999986105831,2.89483941742219e-05,-0.631569027900696,5.88752212399816e-09,278528
12,1,0.000599999984842725,0.000599999984842725,3.45505613950081e-05,-0.630014359951019,7.61505015010754e-09,278528
13,1,0.000649999983579619,0.000649999983579619,3.9405764255207e-05,-0.629392504692078,9.58533831309422e-09,278528
14,1,0.000699999982316513,0.000699999982316513,4.6501838369295e-05,-0.629081547260284,1.19104301728222e-08,278528
15,1,0.000749999981053406,0.000749999981053406,5.32244303030893e-05,-0.627216041088104,1.45716516207486e-08,278528
16,1,0.0007999999797903,0.0007999999797903,6.00715138716623e-05,-0.625661373138428,1.7575227238455e-08,278528
17,1,0.000849999978527194,0.000849999978527194,6.71675879857503e-05,-0.625039458274841,2.09336065529027e-08,278528
18,1,0.000899999977264088,0.000899999977264088,7.33922133804299e-05,-0.623795747756958,2.4603217129222e-08,278528
19,1,0.000949999976000981,0.000949999976000981,8.17332111182623e-05,-0.623173892498016,2.86898775818974e-08,278528
20,1,0.000999999974737875,0.000999999974737875,9.01987077668309e-05,-0.621930181980133,3.31998128563084e-08,278528
21,1,0.00104999997347477,0.00104999997347477,9.71702829701826e-05,-0.619131803512573,3.80583268820811e-08,278528
22,1,0.00109999997221166,0.00109999997221166,0.000106507213786244,-0.617266237735748,4.33836874368634e-08,278528
23,1,0.00114999997094856,0.00114999997094856,0.000114723727165256,-0.616955280303955,4.9119873650218e-08,278528
24,1,0.00119999996968545,0.00119999996968545,0.000123811667435803,-0.614778816699982,5.53104568656208e-08,278528
25,1,0.00124999996842234,0.00124999996842234,0.000133646579342894,-0.614467859268188,6.19927856639557e-08,278528
26,1,0.00129999996715924,0.00129999996715924,0.000142361051985063,-0.611669480800629,6.91108380833917e-08,278528
27,1,0.00134999996589613,0.00134999996589613,0.000150951047544368,-0.60949295759201,7.66583902699429e-08,278528
28,1,0.00139999996463303,0.00139999996463303,0.000160785944899544,-0.607627391815186,8.46976873118303e-08,278528
29,1,0.00144999996336992,0.00144999996336992,0.000170745348441415,-0.606072723865509,9.32349545182315e-08,278528
30,1,0.00149999996210681,0.00149999996210681,0.000181078212335706,-0.603896200656891,1.02288864906296e-07,278528
31,1,0.00154999996084371,0.00154999996084371,0.000190290666068904,-0.600475966930389,1.11803397969384e-07,278528
32,1,0.0015999999595806,0.0015999999595806,0.000200250069610775,-0.600475966930389,1.21815901196985e-07,278528
33,1,0.00164999995831749,0.00164999995831749,0.00020971150661353,-0.596433877944946,1.32301476262774e-07,278528
34,1,0.00169999995705439,0.00169999995705439,0.000221040318137966,-0.595190167427063,1.43353491890475e-07,278528
35,1,0.00174999995579128,0.00174999995579128,0.000230003774049692,-0.59394645690918,1.5485368030244e-07,278528
36,1,0.00179999995452818,0.00179999995452818,0.000240834604483098,-0.589593410491943,1.66895410222395e-07,278528
37,1,0.00184999995326507,0.00184999995326507,0.000251416495302692,-0.588038802146912,1.79466234669964e-07,278528
38,1,0.00189999995200196,0.00189999995200196,0.000260877917753533,-0.5855513215065,1.92510130228124e-07,278528
39,1,0.00194999995073886,0.00194999995073886,0.000272082223091274,-0.583374798297882,2.06114241039019e-07,278528
40,1,0.00199999994947575,0.00199999994947575,0.000282415101537481,-0.580265522003174,2.20234995759173e-07,278528
41,1,0.00204999994821264,0.00204999994821264,0.000292125536361709,-0.578399896621704,2.34841272208273e-07,278528
42,1,0.00209999994694954,0.00209999994694954,0.000302582891890779,-0.575601577758789,2.49970416420618e-07,278528
43,1,0.00214999994568643,0.00214999994568643,0.000312666787067428,-0.572181284427643,2.65603755379058e-07,278528
44,1,0.00219999994442333,0.00219999994442333,0.000321630242979154,-0.568761050701141,2.81685267121762e-07,278528
45,1,0.00224999994316022,0.00224999994316022,0.000332585594151169,-0.566895484924316,2.9831454640923e-07,278528
46,1,0.00229999994189711,0.00229999994189711,0.000343167426763102,-0.564408004283905,3.15472917313928e-07,278528
47,1,0.00234999994063401,0.00234999994063401,0.000353126815753058,-0.56160968542099,3.33129257655544e-07,278528
48,1,0.0023999999393709,0.0023999999393709,0.000362339284038171,-0.557567596435547,3.5124622139978e-07,278528
49,1,0.00244999993810779,0.00244999993810779,0.000373294635210186,-0.554147362709045,3.69910952688778e-07,278528
50,1,0.00249999993684469,0.00249999993684469,0.000382507074391469,-0.551659882068634,3.89036305925205e-07,278528
51,1,0.00254999993558158,0.00254999993558158,0.000391346053220332,-0.548239648342133,4.08603608091909e-07,278528
52,1,0.00259999993431848,0.00259999993431848,0.000400807446567342,-0.546063125133514,4.28643979914014e-07,278528
53,1,0.00264999993305537,0.00264999993305537,0.00041051788139157,-0.542953848838806,4.49169873465065e-07,278528
54,1,0.00269999993179226,0.00269999993179226,0.000419481337303296,-0.538911759853363,4.7014393980038e-07,278528
55,1,0.00274999993052916,0.00274999993052916,0.000428693805588409,-0.536735236644745,4.91578629538315e-07,278528
56,1,0.00279999992926605,0.00279999992926605,0.000437034759670496,-0.53300404548645,5.13430366969818e-07,278528
57,1,0.00284999992800294,0.00284999992800294,0.000445873767603189,-0.529583811759949,5.35724054786792e-07,278528
58,1,0.00289999992673984,0.00289999992673984,0.000454588211141527,-0.52647453546524,5.58453464769675e-07,278528
59,1,0.00294999992547673,0.00294999992547673,0.000462057796539739,-0.523054301738739,5.81556354013034e-07,278528
60,1,0.00299999992421363,0.00299999992421363,0.00047089671716094,-0.519323110580444,6.05101189276288e-07,278528
61,1,0.00304999992295052,0.00304999992295052,0.000478864239994437,-0.517457544803619,6.29044400671154e-07,278528
62,1,0.00309999992168741,0.00309999992168741,0.000484839925775304,-0.512793600559235,6.53286396347515e-07,278528
63,1,0.00314999992042431,0.00314999992042431,0.000494176871143281,-0.510927975177765,6.77995239280481e-07,278528
64,1,0.0031999999191612,0.0031999999191612,0.000501646369230002,-0.50626403093338,7.03077557108348e-07,278528
65,1,0.00324999991789809,0.00324999991789809,0.000508244498632848,-0.503776609897614,7.28489781398024e-07,278528
66,1,0.00329999991663499,0.00329999991663499,0.000515091640409082,-0.500045418739319,7.54244362767862e-07,278528
67,1,0.00334999991537188,0.00334999991537188,0.000522187678143382,-0.496625185012817,7.80353746015453e-07,278528
68,1,0.00339999991410878,0.00339999991410878,0.000527665310073644,-0.494137763977051,8.06737010852638e-07,278528
69,1,0.00344999991284567,0.00344999991284567,0.000534885853994638,-0.490717500448227,8.33481302876752e-07,278528
70,1,0.00349999991158256,0.00349999991158256,0.000540114589966834,-0.487297296524048,8.60487031692872e-07,278528
71,1,0.00354999991031946,0.00354999991031946,0.000545841176062822,-0.483566105365753,8.87779089806557e-07,278528
72,1,0.00359999990905635,0.00359999990905635,0.000551443372387439,-0.479213118553162,9.15351257729398e-07,278528
73,1,0.00364999990779324,0.00364999990779324,0.000556423095986247,-0.476414710283279,9.43172411825889e-07,278528
74,1,0.00369999990653014,0.00369999990653014,0.000562274246476591,-0.472372621297836,9.71286123439506e-07,278528
75,1,0.00374999990526703,0.00374999990526703,0.000566257978789508,-0.469263345003128,9.99599021663737e-07,278528
76,1,0.00379999990400393,0.00379999990400393,0.000569992756936699,-0.467086791992188,1.02809865879061e-06,278528
77,1,0.00384999990274082,0.00384999990274082,0.000575221434701234,-0.462733805179596,1.05685972979911e-06,278528
78,1,0.00389999990147771,0.00389999990147771,0.000578209292143583,-0.460557252168655,1.08577019367595e-06,278528
79,1,0.00394999990021461,0.00394999990021461,0.000581570551730692,-0.456204265356064,1.1148487205279e-06,278528
80,1,0.0039999998989515,0.0039999998989515,0.000585305329877883,-0.452473074197769,1.14411398628249e-06,278528
81,1,0.00404999989768839,0.00404999989768839,0.000587919726967812,-0.450296550989151,1.17350997188827e-06,278528
82,1,0.00409999989642529,0.00409999989642529,0.000590658513829112,-0.447187274694443,1.20304289683366e-06,278528
83,1,0.00414999989516218,0.00414999989516218,0.000593148346524686,-0.443145155906677,1.23270031341069e-06,278528
84,1,0.00419999989389908,0.00419999989389908,0.000595264718867838,-0.439724922180176,1.2624635486022e-06,278528
85,1,0.00424999989263597,0.00424999989263597,0.000597879115957767,-0.436926543712616,1.2923575036449e-06,278528
86,1,0.00429999989137286,0.00429999989137286,0.00059899955522269,-0.433195382356644,1.32230748064944e-06,278528
87,1,0.00434999989010976,0.00434999989010976,0.000599995430093259,-0.429775148630142,1.35230725139624e-06,278528
88,1,0.00439999988884665,0.00439999988884665,0.000601115869358182,-0.428531438112259,1.38236304410488e-06,278528
89,1,0.00444999988758354,0.00444999988758354,0.000602236366830766,-0.424178391695023,1.41247486168573e-06,278528
90,1,0.00449999988632044,0.00449999988632044,0.000603605760261416,-0.421690970659256,1.44265514893638e-06,278528
91,1,0.00454999988505733,0.00454999988505733,0.000602609827183187,-0.418892562389374,1.47278563953438e-06,278528
92,1,0.00459999988379423,0.00459999988379423,0.000602360814809799,-0.415161430835724,1.50290367951402e-06,278528
93,1,0.00464999988253112,0.00464999988253112,0.000601489329710603,-0.412363022565842,1.53297814523981e-06,278528
94,1,0.00469999988126801,0.00469999988126801,0.000601115869358182,-0.408942818641663,1.56303393794844e-06,278528
95,1,0.00474999988000491,0.00474999988000491,0.000600866915192455,-0.406455367803574,1.59307728294911e-06,278528
96,1,0.0047999998787418,0.0047999998787418,0.000598875049035996,-0.402724206447601,1.62302103464446e-06,278528
97,1,0.00484999987747869,0.00484999987747869,0.000597256585024297,-0.40210235118866,1.65288386314128e-06,278528
98,1,0.00489999987621559,0.00489999987621559,0.000595887191593647,-0.398371189832687,1.68267822196829e-06,278528
99,1,0.00494999987495248,0.00494999987495248,0.000592899392358959,-0.395261853933334,1.71232319083735e-06,278528
100,1,0.00499999987368938,0.00499999987368938,0.0005909075262025,-0.392152547836304,1.74186856640109e-06,278528
101,1,0.00504999987242627,0.00504999987242627,0.00058754620840773,-0.389354199171066,1.77124587607935e-06,278528
102,1,0.00509999987116316,0.00509999987116316,0.000584807363338768,-0.387488603591919,1.80048624350761e-06,278528
103,1,0.00514999986990006,0.00514999986990006,0.000582317530643195,-0.383757412433624,1.82960211930424e-06,278528
104,1,0.00519999986863695,0.00519999986863695,0.000579454237595201,-0.381891876459122,1.85857483045209e-06,278528
105,1,0.00524999986737384,0.00524999986737384,0.000574847974348813,-0.37909346818924,1.88731722844344e-06,278528
106,1,0.00529999986611074,0.00529999986611074,0.000571611162740737,-0.376606047153473,1.91589778585847e-06,278528
107,1,0.00534999986484763,0.00534999986484763,0.000567751936614513,-0.37536233663559,1.94428538197206e-06,278528
108,1,0.00539999986358453,0.00539999986358453,0.000563519191928208,-0.372874885797501,1.97246134085669e-06,278528
109,1,0.00544999986232142,0.00544999986232142,0.000557543477043509,-0.36976557970047,2.00033851400463e-06,278528
110,1,0.00549999986105831,0.00549999986105831,0.000552314857486635,-0.367899984121323,2.02795425618133e-06,278528
111,1,0.00554999985979521,0.00554999985979521,0.000546588154975325,-0.366345345973969,2.05528366323969e-06,278528
112,1,0.0055999998585321,0.0055999998585321,0.000541483983397484,-0.364479750394821,2.08235786172562e-06,278528
113,1,0.00564999985726899,0.00564999985726899,0.00053563283290714,-0.362303256988525,2.10913950269441e-06,278528
114,1,0.00569999985600589,0.00569999985600589,0.000530030694790184,-0.360437661409378,2.13564103676444e-06,278528
115,1,0.00574999985474278,0.00574999985474278,0.00052380608394742,-0.359193950891495,2.16183134030018e-06,278528
116,1,0.00579999985347968,0.00579999985347968,0.000516834494192153,-0.356395572423935,2.18767306435698e-06,278528
117,1,0.00584999985221657,0.00584999985221657,0.000510858895722777,-0.355151861906052,2.21321600849785e-06,278528
118,1,0.00589999985095346,0.00589999985095346,0.00050326477503404,-0.352664411067963,2.23837924661387e-06,278528
119,1,0.00594999984969036,0.00594999984969036,0.00049579527694732,-0.351731598377228,2.26316900983499e-06,278528
120,1,0.00599999984842725,0.00599999984842725,0.000489321595523506,-0.350487858057022,2.2876350889931e-06,278528
121,1,0.00604999984716414,0.00604999984716414,0.000481105118524283,-0.34955507516861,2.31169034431163e-06,278528
122,1,0.00609999984590104,0.00609999984590104,0.000474756001494825,-0.347378581762314,2.3354281437867e-06,278528
123,1,0.00614999984463793,0.00614999984463793,0.000465294579043984,-0.346756726503372,2.35869287215119e-06,278528
124,1,0.00619999984337483,0.00619999984337483,0.000457576039480045,-0.344580173492432,2.38157167354722e-06,278528
125,1,0.00624999984211172,0.00624999984211172,0.00044898604392074,-0.343647420406342,2.40402097517614e-06,278528
126,1,0.00629999984084861,0.00629999984084861,0.000439898110926151,-0.342403680086136,2.42601588016681e-06,278528
127,1,0.00634999983958551,0.00634999983958551,0.000430810177931562,-0.342714637517929,2.44755638851923e-06,278528
128,1,0.0063999998383224,0.0063999998383224,0.000422220182372257,-0.341159969568253,2.46866739710454e-06,278528
129,1,0.00644999983705929,0.00644999983705929,0.000413505709730089,-0.339294373989105,2.48934268206874e-06,278528
130,1,0.00649999983579619,0.00649999983579619,0.000403297308366746,-0.339916229248047,2.50950754697767e-06,278528
131,1,0.00654999983453308,0.00654999983453308,0.000394458387745544,-0.3380506336689,2.5292304658667e-06,278528
132,1,0.00659999983326998,0.00659999983326998,0.000384001003112644,-0.337117880582809,2.5484305155373e-06,278528
133,1,0.00664999983200687,0.00664999983200687,0.000375037488993257,-0.336806952953339,2.56718238951325e-06,278528
134,1,0.00669999983074376,0.00669999983074376,0.000363957689842209,-0.336495995521545,2.58538027354564e-06,278528
135,1,0.00674999982948066,0.00674999982948066,0.000354247284121811,-0.334941357374191,2.60309263730428e-06,278528
136,1,0.00679999982821755,0.00679999982821755,0.000343665393302217,-0.336185097694397,2.62027590653531e-06,278528
137,1,0.00684999982695444,0.00684999982695444,0.000333457021042705,-0.335563242435455,2.63694875716625e-06,278528
138,1,0.00689999982569134,0.00689999982569134,0.000322377192787826,-0.336185097694397,2.65306761639845e-06,278528
139,1,0.00694999982442823,0.00694999982442823,0.000311919837258756,-0.33463042974472,2.6686636078674e-06,278528
140,1,0.00699999982316513,0.00699999982316513,0.000301462452625856,-0.33431950211525,2.68373673011791e-06,278528
141,1,0.00704999982190202,0.00704999982190202,0.000289884657831863,-0.334941357374191,2.69823096264335e-06,278528
142,1,0.00709999982063891,0.00709999982063891,0.000278804829576984,-0.33463042974472,2.71217120377004e-06,278528
143,1,0.00714999981937581,0.00714999981937581,0.000268720934400335,-0.335563242435455,2.72560725015063e-06,278528
144,1,0.0071999998181127,0.0071999998181127,0.00025676965015009,-0.334941357374191,2.73844573233381e-06,278528
145,1,0.00724999981684959,0.00724999981684959,0.000245191855356097,-0.335874140262604,2.75070532479191e-06,278528
146,1,0.00729999981558649,0.00729999981558649,0.000234983468544669,-0.336495995521545,2.76245449792233e-06,278528
147,1,0.00734999981432338,0.00734999981432338,0.00022402813192457,-0.337739735841751,2.77365590423559e-06,278528
148,1,0.00739999981306028,0.00739999981306028,0.000211454389500432,-0.337117880582809,2.78422862344352e-06,278528
149,1,0.00744999981179717,0.00744999981179717,0.000200997019419447,-0.337428778409958,2.79427847416061e-06,278528
150,1,0.00749999981053406,0.00749999981053406,0.000187302852282301,-0.338983446359634,2.80364361653815e-06,278528
151,1,0.00754999980927096,0.00754999980927096,0.000175725042936392,-0.339916229248047,2.81242986846301e-06,278528
152,1,0.00759999980800785,0.00759999980800785,0.000164769691764377,-0.341470897197723,2.8206683528431e-06,278528
153,1,0.00764999980674475,0.00764999980674475,0.000151573491166346,-0.342403680086136,2.82824702720997e-06,278528
154,1,0.00769999980548164,0.00769999980548164,0.000139497715281323,-0.343025535345078,2.83522191279783e-06,278528
155,1,0.00774999980421853,0.00774999980421853,0.000127546460134909,-0.344580173492432,2.84159923564347e-06,278528
156,1,0.00779999980295543,0.00779999980295543,0.00011522169370437,-0.344580173492432,2.84736032018316e-06,278528
157,1,0.00784999980169232,0.00784999980169232,0.000103394908364862,-0.346134871244431,2.8525300654708e-06,278528
158,1,0.00789999980042921,0.00789999980042921,9.14436313905753e-05,-0.346134871244431,2.85710224692483e-06,278528
159,1,0.00794999979916611,0.00794999979916611,7.79984329710715e-05,-0.348933219909668,2.86100216847486e-06,278528
160,1,0.007999999797903,0.007999999797903,6.65451298118569e-05,-0.350487858057022,2.8643294248814e-06,278528
161,1,0.0080499997966399,0.0080499997966399,5.50918157387059e-05,-0.351420670747757,2.86708401559875e-06,278528
162,1,0.00809999979537679,0.00809999979537679,4.2144598410232e-05,-0.352975308895111,2.86919124546603e-06,278528
163,1,0.00814999979411368,0.00814999979411368,2.84504239971284e-05,-0.354219049215317,2.87061376662995e-06,278528
164,1,0.00819999979285058,0.00819999979285058,1.76195771928178e-05,-0.357017397880554,2.87149474546733e-06,278528
165,1,0.00824999979158747,0.00824999979158747,4.92134404339595e-06,-0.357950210571289,2.87174081266328e-06,278528
166,1,0.00829999979032436,0.00829999979032436,-7.27892029317445e-06,-0.360437661409378,2.87137686665782e-06,278528
167,1,0.00834999978906126,0.00834999978906126,-2.0101646441617e-05,-0.361992299556732,2.87037178436113e-06,278528
168,1,0.00839999978779815,0.00839999978779815,-3.29243739543017e-05,-0.364479750394821,2.868725565705e-06,278528
169,1,0.00844999978653505,0.00844999978653505,-4.37552225776017e-05,-0.367589056491852,2.86653780463139e-06,278528
170,1,0.00849999978527194,0.00849999978527194,-5.53330210095737e-05,-0.369143694639206,2.8637711536508e-06,278528
171,1,0.00854999978400883,0.00854999978400883,-6.66618361719884e-05,-0.37069833278656,2.8604380619264e-06,278528
172,1,0.00859999978274573,0.00859999978274573,-7.88621036917903e-05,-0.371942073106766,2.85649495684143e-06,278528
173,1,0.00864999978148262,0.00864999978148262,-9.11868555704132e-05,-0.374740481376648,2.85193561417808e-06,278528
174,1,0.00869999978021951,0.00869999978021951,-0.000103013648185879,-0.377849757671356,2.84678493189891e-06,278528
175,1,0.00874999977895641,0.00874999977895641,-0.000114342459710315,-0.37909346818924,2.84106780905782e-06,278528
176,1,0.0087999997776933,0.0087999997776933,-0.000127538660308346,-0.383446514606476,2.83469087620349e-06,278528
177,1,0.0088499997764302,0.0088499997764302,-0.00013911648420617,-0.385623008012772,2.8277350521689e-06,278528
178,1,0.00889999977516709,0.00889999977516709,-0.000150320774991997,-0.386555820703506,2.82021901360918e-06,278528
179,1,0.00894999977390398,0.00894999977390398,-0.000161774107255042,-0.389976054430008,2.81213030845076e-06,278528
180,1,0.00899999977264088,0.00899999977264088,-0.00017384986858815,-0.393085360527039,2.80343781524095e-06,278528
181,1,0.00904999977137777,0.00904999977137777,-0.000185178680112585,-0.394950956106186,2.79417888146922e-06,278528
182,1,0.00909999977011466,0.00909999977011466,-0.000195387081475928,-0.397127449512482,2.78440952764221e-06,278528
183,1,0.00914999976885156,0.00914999976885156,-0.000206093434826471,-0.401480495929718,2.77410485616121e-06,278528
184,1,0.00919999976758845,0.00919999976758845,-0.000217671244172379,-0.403967916965485,2.76322129422753e-06,278528
185,1,0.00924999976632535,0.00924999976632535,-0.000228128599701449,-0.406144440174103,2.75181486453061e-06,278528
186,1,0.00929999976506224,0.00929999976506224,-0.000239332934143022,-0.410497456789017,2.73984821812576e-06,278528
187,1,0.00934999976379913,0.00934999976379913,-0.000250661716563627,-0.4117411673069,2.72731513261419e-06,278528
188,1,0.00939999976253603,0.00939999976253603,-0.000261243607383221,-0.415472358465195,2.71425295257501e-06,278528
189,1,0.00944999976127292,0.00944999976127292,-0.000270207063294947,-0.417026996612549,2.70074259975156e-06,278528
190,1,0.00949999976000981,0.00949999976000981,-0.000280913431197405,-0.421690970659256,2.68669692854652e-06,278528
191,1,0.00954999975874671,0.00954999975874671,-0.000292242242721841,-0.42324560880661,2.67208481677956e-06,278528
192,1,0.0095999997574836,0.0095999997574836,-0.000301703665172681,-0.426665842533112,2.65699963390201e-06,278528
193,1,0.0096499997562205,0.0096499997562205,-0.000309795665089041,-0.429464250802994,2.64150985103886e-06,278528
194,1,0.00969999975495739,0.00969999975495739,-0.000320253049721941,-0.433506339788437,2.62549719895728e-06,278528
195,1,0.00974999975369428,0.00974999975369428,-0.000329838949255645,-0.436926543712616,2.60900525191112e-06,278528
196,1,0.00979999975243118,0.00979999975243118,-0.000339798367349431,-0.439724922180176,2.59201533397285e-06,278528
197,1,0.00984999975116807,0.00984999975116807,-0.000347765890182927,-0.443145155906677,2.57462703990297e-06,278528
198,1,0.00989999974990496,0.00989999974990496,-0.000357351818820462,-0.446565419435501,2.55675944941332e-06,278528
199,1,0.00994999974864186,0.00994999974864186,-0.000366564258001745,-0.449674725532532,2.53843123697624e-06,278528
200,1,0.00999999974737875,0.00999999974737875,-0.000374407274648547,-0.45278400182724,2.51971087371673e-06,278528
201,1,0.0100499997461156,0.0100499997461156,-0.000383246253477409,-0.456204265356064,2.50054856152694e-06,278528
202,1,0.0100999997448525,0.0100999997448525,-0.000390591303585097,-0.460246354341507,2.48101899684104e-06,278528
203,1,0.0101499997435894,0.0101499997435894,-0.000399056792957708,-0.463355630636215,2.46106615769721e-06,278528
204,1,0.0101999997423263,0.0101999997423263,-0.000407646759413183,-0.466464936733246,2.44068382024145e-06,278528
205,1,0.0102499997410632,0.0102499997410632,-0.000413746893173084,-0.469885170459747,2.4199964761054e-06,278528
206,1,0.0102999997398001,0.0102999997398001,-0.000422834855271503,-0.473927289247513,2.39885473387591e-06,278528
207,1,0.010349999738537,0.010349999738537,-0.000429432926466689,-0.476725667715073,2.377383088095e-06,278528
208,1,0.0103999997372739,0.0103999997372739,-0.000436528993304819,-0.479834973812103,2.35555663898114e-06,278528
209,1,0.0104499997360108,0.0104499997360108,-0.00044499451178126,-0.483877062797546,2.33330691395415e-06,278528
210,1,0.0104999997347477,0.0104999997347477,-0.000450098741566762,-0.487608224153519,2.31080197744433e-06,278528
211,1,0.0105499997334846,0.0105499997334846,-0.000457319285487756,-0.490717500448227,2.28793601374759e-06,278528
212,1,0.0105999997322215,0.0105999997322215,-0.000463294942164794,-0.494448691606522,2.26477126722454e-06,278528
213,1,0.0106499997309584,0.0106499997309584,-0.000468150130473077,-0.496314287185669,2.24136376129221e-06,278528
214,1,0.0106999997296953,0.0106999997296953,-0.000475868640933186,-0.500045418739319,2.21757032984662e-06,278528
215,1,0.0107499997284322,0.0107499997284322,-0.000480599381262437,-0.50346565246582,2.19354036139055e-06,278528
216,1,0.0107999997271691,0.0107999997271691,-0.000485330092487857,-0.507196843624115,2.16927385737918e-06,278528
217,1,0.0108499997259059,0.0108499997259059,-0.000491554732434452,-0.510306119918823,2.14469612137834e-06,278528
218,1,0.0108999997246428,0.0108999997246428,-0.000494791544042528,-0.51465916633606,2.11995654480119e-06,278528
219,1,0.0109499997233797,0.0109499997233797,-0.000500767142511904,-0.518079400062561,2.09491818830812e-06,278528
220,1,0.0109999997221166,0.0109999997221166,-0.000503754999954253,-0.520566821098328,2.0697304389467e-06,278528
221,1,0.0110499997208535,0.0110499997208535,-0.00050699181156233,-0.524298012256622,2.04438084900897e-06,278528
222,1,0.0110999997195904,0.0110999997195904,-0.000512967468239367,-0.527096390724182,2.01873247624493e-06,278528
223,1,0.0111499997183273,0.0111499997183273,-0.000516204221639782,-0.530516624450684,1.99292226581496e-06,278528
224,1,0.0111999997170642,0.0111999997170642,-0.000518943008501083,-0.533625900745392,1.96697511604539e-06,278528
225,1,0.0112499997158011,0.0112499997158011,-0.000522677844855934,-0.537046134471893,1.94084122446279e-06,278528
226,1,0.011299999714538,0.011299999714538,-0.000524794158991426,-0.539533615112305,1.91460151717609e-06,278528
227,1,0.0113499997132749,0.0113499997132749,-0.000527159601915628,-0.543264746665955,1.88824353774617e-06,278528
228,1,0.0113999997120118,0.0113999997120118,-0.00052927591605112,-0.545752227306366,1.86177974261214e-06,278528
229,1,0.0114499997107487,0.0114499997107487,-0.000531516794580966,-0.548861563205719,1.83520390355446e-06,278528
230,1,0.0114999997094856,0.0114999997094856,-0.000532761740032583,-0.551659882068634,1.80856581722576e-06,278528
231,1,0.0115499997082225,0.0115499997082225,-0.00053400662727654,-0.555080115795135,1.78186548653644e-06,278528
232,1,0.0115999997069594,0.0115999997069594,-0.000535251572728157,-0.559122204780579,1.75510290857612e-06,278528
233,1,0.0116499997056962,0.0116499997056962,-0.000537616957444698,-0.56160968542099,1.72822206138295e-06,278528
234,1,0.0116999997044331,0.0116999997044331,-0.000537492451258004,-0.563475251197815,1.70134743949896e-06,278528
235,1,0.01174999970317,0.01174999970317,-0.000537741405423731,-0.567828297615051,1.674460369907e-06,278528
236,1,0.0117999997019069,0.0117999997019069,-0.000538612832315266,-0.569072008132935,1.64752972897156e-06,278528
237,1,0.0118499997006438,0.0118499997006438,-0.000538239430170506,-0.573424994945526,1.62061775814289e-06,278528
238,1,0.0118999996993807,0.0118999996993807,-0.000537118990905583,-0.575290620326996,1.59376180927605e-06,278528
239,1,0.0119499996981176,0.0119499996981176,-0.000536994484718889,-0.578088998794556,1.56691208571838e-06,278528
240,1,0.0119999996968545,0.0119999996968545,-0.000535625033080578,-0.581198275089264,1.5401308347409e-06,278528
241,1,0.0120499996955914,0.0120499996955914,-0.000535251572728157,-0.58275294303894,1.51336825678058e-06,278528
242,1,0.0120999996943283,0.0120999996943283,-0.000532886246219277,-0.5855513215065,1.4867239451427e-06,278528
243,1,0.0121499996930652,0.0121499996930652,-0.000531392346601933,-0.587727844715118,1.46015432848381e-06,278528
244,1,0.0121999996918021,0.0121999996918021,-0.000528404547367245,-0.590526163578033,1.43373410178288e-06,278528
245,1,0.012249999690539,0.012249999690539,-0.000526537070982158,-0.593324601650238,1.40740724889885e-06,278528
246,1,0.0122999996892759,0.0122999996892759,-0.000524794158991426,-0.596122980117798,1.38116754161214e-06,278528
247,1,0.0123499996880128,0.0123499996880128,-0.000520810426678509,-0.597366690635681,1.35512702093606e-06,278528
248,1,0.0123999996867497,0.0123999996867497,-0.000517698121257126,-0.599854111671448,1.32924211552711e-06,278528
249,1,0.0124499996854865,0.0124499996854865,-0.000515457300934941,-0.602030634880066,1.30346925113144e-06,278528
250,1,0.0124999996842234,0.0124999996842234,-0.000511473510414362,-0.604207158088684,1.27789557625677e-06,278528
251,1,0.0125499996829603,0.0125499996829603,-0.000507987744640559,-0.606694579124451,1.25249618966638e-06,278528
252,1,0.0125999996816972,0.0125999996816972,-0.000503505987580866,-0.607938289642334,1.22732089092332e-06,278528
253,1,0.0126499996804341,0.0126499996804341,-0.000499024288728833,-0.610425770282745,1.2023696771172e-06,278528
254,1,0.012699999679171,0.012699999679171,-0.000494667037855834,-0.611980378627777,1.17763632584922e-06,278528
255,1,0.0127499996779079,0.0127499996779079,-0.000489438360091299,-0.61415696144104,1.15316440846287e-06,278528
256,1,0.0127999996766448,0.0127999996766448,-0.000484583142679185,-0.615400671958923,1.12893525194099e-06,278528
257,1,0.0128499996753817,0.0128499996753817,-0.000478482979815453,-0.616333425045013,1.1050111035546e-06,278528
258,1,0.0128999996741186,0.0128999996741186,-0.000472756335511804,-0.617577135562897,1.08137328737615e-06,278528
259,1,0.0129499996728555,0.0129499996728555,-0.000466531724669039,-0.62068647146225,1.05804670173197e-06,278528
260,1,0.0129999996715924,0.0129999996715924,-0.00046080508036539,-0.62161922454834,1.03500644829575e-06,278528
261,1,0.0130499996703293,0.0130499996703293,-0.000454455963335931,-0.623173892498016,1.01228365070298e-06,278528
262,1,0.0130999996690662,0.0130999996690662,-0.000447110884124413,-0.624728560447693,9.89928107061507e-07,278528
263,1,0.0131499996678031,0.0131499996678031,-0.000439641356933862,-0.625350415706635,9.67946039770128e-07,278528
264,1,0.01319999966654,0.01319999966654,-0.000432545260991901,-0.626594126224518,9.46318777266884e-07,278528
265,1,0.0132499996652768,0.0132499996652768,-0.000424702244345099,-0.628459751605988,9.25083665586073e-07,278528
266,1,0.0132999996640137,0.0132999996640137,-0.000416859227698296,-0.627526938915253,9.04240704727695e-07,278528
267,1,0.0133499996627506,0.0133499996627506,-0.000409638654673472,-0.629703462123871,8.83758772511439e-07,278528
268,1,0.0133999996614875,0.0133999996614875,-0.000401671131839976,-0.630947172641754,8.63675216426793e-07,278528
269,1,0.0134499996602244,0.0134499996602244,-0.000391836249036714,-0.631258130073547,8.44083404469888e-07,278528
270,1,0.0134999996589613,0.0134999996589613,-0.000384366692742333,-0.631569027900696,8.24865070318268e-07,278528
271,1,0.0135499996576982,0.0135499996576982,-0.000374656257918105,-0.632812738418579,8.06132257895593e-07,278528
272,1,0.0135999996564351,0.0135999996564351,-0.000365070358384401,-0.632501840591431,7.87878740437496e-07,278528
273,1,0.013649999655172,0.013649999655172,-0.000356604839907959,-0.634678363800049,7.70048498892528e-07,278528
274,1,0.0136999996539089,0.0136999996539089,-0.000347018940374255,-0.634056448936462,7.52697552312137e-07,278528
275,1,0.0137499996526458,0.0137499996526458,-0.000336437078658491,-0.634056448936462,7.35875698804168e-07,278528
276,1,0.0137999996513827,0.0137999996513827,-0.000326228648191318,-0.634989261627197,7.19564266806663e-07,278528
277,1,0.0138499996501196,0.0138499996501196,-0.000316518271574751,-0.634989261627197,7.03738353627722e-07,278528
278,1,0.0138999996488565,0.0138999996488565,-0.000306185393128544,-0.634367406368256,6.8842908435804e-07,278528
279,1,0.0139499996475934,0.0139499996475934,-0.000295354548143223,-0.63530021905899,6.73661357323943e-07,278528
280,1,0.0139999996463303,0.0139999996463303,-0.000284772657323629,-0.634367406368256,6.59422724817459e-07,278528
281,1,0.0140499996450671,0.0140499996450671,-0.000274190824711695,-0.634056448936462,6.45713183928207e-07,278528
282,1,0.014099999643804,0.014099999643804,-0.000261617096839473,-0.634678363800049,6.32632329416683e-07,278528
283,1,0.0141499996425409,0.0141499996425409,-0.00025140869547613,-0.634678363800049,6.20061894960433e-07,278528
284,1,0.0141999996412778,0.0141999996412778,-0.000239581917412579,-0.633434653282166,6.08082799392421e-07,278528
285,1,0.0142499996400147,0.0142499996400147,-0.000228004108066671,-0.633745551109314,5.96682594277081e-07,278528
286,1,0.0142999996387516,0.0142999996387516,-0.000216675281990319,-0.633123636245728,5.85848830451249e-07,278528
287,1,0.0143499996374885,0.0143499996374885,-0.000204475029022433,-0.632501840591431,5.75625079258401e-07,278528
288,1,0.0143999996362254,0.0143999996362254,-0.000192772742593661,-0.631879925727844,5.6598644237221e-07,278528
289,1,0.0144499996349623,0.0144499996349623,-0.000180945949978195,-0.630325317382813,5.56939145101855e-07,278528
290,1,0.0144999996336992,0.0144999996336992,-0.000168123209732585,-0.629703462123871,5.48532984827583e-07,278528
291,1,0.0145499996324361,0.0145499996324361,-0.000155673958943225,-0.628770649433136,5.40749287077054e-07,278528
292,1,0.014599999631173,0.014599999631173,-0.000143722703796811,-0.628148853778839,5.33563152068751e-07,278528
293,1,0.0146499996299099,0.0146499996299099,-0.000131397930090316,-0.627526938915253,5.26993255730204e-07,278528
294,1,0.0146999996286468,0.0146999996286468,-0.000118077237857506,-0.627216041088104,5.21089393986473e-07,278528
295,1,0.0147499996273837,0.0147499996273837,-0.000106499428511597,-0.6244176030159,5.15764422695414e-07,278528
296,1,0.0147999996261206,0.0147999996261206,-9.23072948353365e-05,-0.625039458274841,5.11149058070241e-07,278528
297,1,0.0148499996248574,0.0148499996248574,-7.98580367700197e-05,-0.622552037239075,5.07156156332609e-07,278528
298,1,0.0148999996235943,0.0148999996235943,-6.67863278067671e-05,-0.620375514030457,5.03816840026629e-07,278528
299,1,0.0149499996223312,0.0149499996223312,-5.37146188435145e-05,-0.618199050426483,5.011311091523e-07,278528
300,1,0.0149999996210681,0.0149999996210681,-4.10163847845979e-05,-0.618199050426483,4.99080289964878e-07,278528
301,1,0.015049999619805,0.015049999619805,-2.76956889138091e-05,-0.616333425045013,4.9769550555417e-07,278528
302,1,0.0150999996185419,0.0150999996185419,-1.35035452331067e-05,-0.61602246761322,4.97020328309572e-07,278528
303,1,0.0151499996172788,0.0151499996172788,-1.30328078284947e-06,-0.613535046577454,4.96955164272075e-07,278528
304,1,0.0151999996160157,0.0151999996160157,1.16439387056744e-05,-0.610736668109894,4.97537361192652e-07,278528
305,1,0.0152499996147526,0.0152499996147526,2.47156513069058e-05,-0.608871102333069,4.98773143726778e-07,278528
306,1,0.0152999996134895,0.0152999996134895,3.840982390102e-05,-0.607627391815186,5.00693634873314e-07,278528
307,1,0.0153499996122264,0.0153499996122264,5.16060281370301e-05,-0.607005536556244,5.03273936214981e-07,278528
308,1,0.0153999996109633,0.0153999996109633,6.48022323730402e-05,-0.603274345397949,5.06514047751781e-07,278528
309,1,0.0154499996097002,0.0154499996097002,7.84964067861438e-05,-0.601097881793976,5.10438867991939e-07,278528
310,1,0.0154999996084371,0.0154999996084371,9.194159792969e-05,-0.598610401153564,5.15035947772291e-07,278528
311,1,0.015549999607174,0.015549999607174,0.000104639831988607,-0.597366690635681,5.20267939239551e-07,278528
312,1,0.0155999996059109,0.0155999996059109,0.000118085015856195,-0.595190167427063,5.26172189883206e-07,278528
313,1,0.0156499996046477,0.0156499996046477,0.000130783257191069,-0.591769933700562,5.32711352577567e-07,278528
314,1,0.0156999996033846,0.0156999996033846,0.000144103934871964,-0.589904308319092,5.39916549139146e-07,278528
315,1,0.0157499996021215,0.0157499996021215,0.00015642870857846,-0.587416887283325,5.47737984370483e-07,278528
316,1,0.0157999996008584,0.0157999996008584,0.000169998384080827,-0.5855513215065,5.56237903359798e-07,278528
317,1,0.0158499995995953,0.0158499995995953,0.000183194584678859,-0.582131087779999,5.65397632362347e-07,278528
318,1,0.0158999995983322,0.0158999995983322,0.000195768341654912,-0.580265522003174,5.75186049197817e-07,278528
319,1,0.0159499995970691,0.0159499995970691,0.000206972661544569,-0.576534330844879,5.85534682013616e-07,278528
320,1,0.015999999595806,0.015999999595806,0.000220293353777379,-0.573735952377319,5.96549349424231e-07,278528
321,1,0.0160499995945429,0.0160499995945429,0.000233116094022989,-0.571870386600494,6.08205153830931e-07,278528
322,1,0.0160999995932798,0.0160999995932798,0.000245440867729485,-0.568761050701141,6.20477196907387e-07,278528
323,1,0.0161499995920167,0.0161499995920167,0.000256147177424282,-0.56534081697464,6.3328455545506e-07,278528
324,1,0.0161999995907536,0.0161999995907536,0.000269343407126144,-0.563786149024963,6.46751725471158e-07,278528
325,1,0.0162499995894905,0.0162499995894905,0.000281170185189694,-0.559433162212372,6.60810234375495e-07,278528
326,1,0.0162999995882274,0.0162999995882274,0.00029249899671413,-0.557256639003754,6.75435183841744e-07,278528
327,1,0.0163499995869643,0.0163499995869643,0.000303952285321429,-0.554147362709045,6.90632797723891e-07,278528
328,1,0.0163999995857012,0.0163999995857012,0.000315903598675504,-0.551038026809692,7.06427977258647e-07,278528
329,1,0.016449999584438,0.016449999584438,0.000326360954204574,-0.548550605773926,7.22746024556647e-07,278528
330,1,0.0164999995831749,0.0164999995831749,0.000336942815920338,-0.545752227306366,7.39593164927069e-07,278528
331,1,0.0165499995819118,0.0165499995819118,0.000348645116901025,-0.54139918088913,7.57025420331745e-07,278528
332,1,0.0165999995806487,0.0165999995806487,0.000359475961886346,-0.538911759853363,7.74999217972006e-07,278528
333,1,0.0166499995793856,0.0166499995793856,0.000369435350876302,-0.535802483558655,7.93470985049185e-07,278528
334,1,0.0166999995781225,0.0166999995781225,0.000380266195861623,-0.532693147659302,8.12484294361949e-07,278528
335,1,0.0167499995768594,0.0167499995768594,0.000390723551390693,-0.5292729139328,8.32020471437958e-07,278528
336,1,0.0167999995755963,0.0167999995755963,0.000400185002945364,-0.525230765342712,8.5202972107975e-07,278528
337,1,0.0168499995743332,0.0168499995743332,0.000409023981774226,-0.523365199565887,8.72480919651821e-07,278528
338,1,0.0168999995730701,0.0168999995730701,0.000418734416598454,-0.520255923271179,8.93417639952838e-07,278528
339,1,0.016949999571807,0.016949999571807,0.000427946855779737,-0.516213774681091,9.14814982201282e-07,278528
340,1,0.0169999995705439,0.0169999995705439,0.000437532755313441,-0.512482643127441,9.36691619414304e-07,278528
341,1,0.0170499995692808,0.0170499995692808,0.000445873767603189,-0.50906240940094,9.58985307231277e-07,278528
342,1,0.0170999995680177,0.0170999995680177,0.000452969834441319,-0.50626403093338,9.81633798381194e-07,278528
343,1,0.0171499995667546,0.0171499995667546,0.000462306779809296,-0.501911044120789,1.00474913678772e-06,278528
344,1,0.0171999995654915,0.0171999995654915,0.000469900813186541,-0.499734491109848,1.02824417685351e-06,278528
345,1,0.0172499995642283,0.0172499995642283,0.000476747896755114,-0.496314287185669,1.05208157108908e-06,278528
346,1,0.0172999995629652,0.0172999995629652,0.000485337834106758,-0.493515908718109,1.07634846218139e-06,278528
347,1,0.0173499995617021,0.0173499995617021,0.000492060498800129,-0.488541007041931,1.10095148649987e-06,278528
348,1,0.017399999560439,0.017399999560439,0.000499032030347735,-0.485431700944901,1.12590308738692e-06,278528
349,1,0.0174499995591759,0.0174499995591759,0.000505381205584854,-0.482011467218399,1.15117214702782e-06,278528
350,1,0.0174999995579128,0.0174999995579128,0.000511979218572378,-0.478902161121368,1.17677110730975e-06,278528
351,1,0.0175499995566497,0.0175499995566497,0.00051708344835788,-0.476103782653809,1.20262527907451e-06,278528
352,1,0.0175999995553866,0.0175999995553866,0.00052281009266153,-0.47268357872963,1.22876578304723e-06,278528
353,1,0.0176499995541235,0.0176499995541235,0.000528661243151873,-0.469574242830276,1.25519884453706e-06,278528
354,1,0.0176999995528604,0.0176999995528604,0.000532645033672452,-0.465221226215363,1.2818310955479e-06,278528
355,1,0.0177499995515973,0.0177499995515973,0.000537749205250293,-0.462111949920654,1.30871855513118e-06,278528
356,1,0.0177999995503342,0.0177999995503342,0.000543475907761604,-0.460557252168655,1.33589234983279e-06,278528
357,1,0.0178499995490711,0.0178499995490711,0.000546588154975325,-0.455582410097122,1.36322175689116e-06,278528
358,1,0.017899999547808,0.017899999547808,0.000550696451682597,-0.452473074197769,1.3907565787797e-06,278528
359,1,0.0179499995465449,0.0179499995465449,0.000554555677808821,-0.44905287027359,1.41848436196968e-06,278528
360,1,0.0179999995452818,0.0179999995452818,0.000557667983230203,-0.445321679115295,1.4463677604268e-06,278528
361,1,0.0180499995440186,0.0180499995440186,0.000561153807211667,-0.442212373018265,1.47442545007858e-06,278528
362,1,0.0180999995427555,0.0180999995427555,0.00056327017955482,-0.438792139291763,1.50258895834485e-06,278528
363,1,0.0181499995414924,0.0181499995414924,0.000565760012250394,-0.436304688453674,1.53087695824276e-06,278528
364,1,0.0181999995402293,0.0181999995402293,0.000567129405681044,-0.433506339788437,1.55923342781047e-06,278528
365,1,0.0182499995389662,0.0182499995389662,0.000569370342418551,-0.429775148630142,1.58770194421222e-06,278528
366,1,0.0182999995377031,0.0182999995377031,0.00057036621728912,-0.426354914903641,1.61622025435624e-06,278528
367,1,0.01834999953644,0.01834999953644,0.000571860116906464,-0.42324560880661,1.64481325947924e-06,278528
368,1,0.0183999995351769,0.0183999995351769,0.000573603087104857,-0.419825375080109,1.67349341310997e-06,278528
369,1,0.0184499995339138,0.0184499995339138,0.00057335413293913,-0.417026996612549,1.70216111903271e-06,278528
370,1,0.0184999995326507,0.0184999995326507,0.000572856108192354,-0.414539575576782,1.73080392371875e-06,278528
371,1,0.0185499995313876,0.0185499995313876,0.000572607095818967,-0.412363022565842,1.75943427778644e-06,278528
372,1,0.0185999995301245,0.0185999995301245,0.000573603087104857,-0.40801003575325,1.78811443141716e-06,278528
373,1,0.0186499995288614,0.0186499995288614,0.000572109129279852,-0.40583348274231,1.81671988715852e-06,278528
374,1,0.0186999995275983,0.0186999995275983,0.000571860116906464,-0.401791393756866,1.84531289228152e-06,278528
375,1,0.0187499995263352,0.0187499995263352,0.000570241711102426,-0.399614900350571,1.87382497711637e-06,278528
376,1,0.0187999995250721,0.0187999995250721,0.000569121388252825,-0.397127449512482,1.90228104581015e-06,278528
377,1,0.0188499995238089,0.0188499995238089,0.000566382484976202,-0.394639998674393,1.93060016934356e-06,278528
378,1,0.0188999995225458,0.0188999995225458,0.000565013033337891,-0.391841650009155,1.95885082029678e-06,278528
379,1,0.0189499995212827,0.0189499995212827,0.000562398752663285,-0.389354199171066,1.98697075721957e-06,278528
380,1,0.0189999995200196,0.0189999995200196,0.000560157815925777,-0.386866748332977,2.01497864730832e-06,278528
381,1,0.0190499995187565,0.0190499995187565,0.000555676117073745,-0.384068369865417,2.04276245246013e-06,278528
382,1,0.0190999995174934,0.0190999995174934,0.00055281282402575,-0.38127002120018,2.07040309296316e-06,278528
383,1,0.0191499995162303,0.0191499995162303,0.000550073978956789,-0.37909346818924,2.0979067912162e-06,278528
384,1,0.0191999995149672,0.0191999995149672,0.000544471782632172,-0.377227872610092,2.12513037966008e-06,278528
385,1,0.0192499995137041,0.0192499995137041,0.000541857443749905,-0.375051379203796,2.15222325116315e-06,278528
386,1,0.019299999512441,0.019299999512441,0.000537749205250293,-0.372253030538559,2.17911071074643e-06,278528
387,1,0.0193499995111779,0.0193499995111779,0.000532893987838179,-0.36976557970047,2.20575540946524e-06,278528
388,1,0.0193999995099148,0.0193999995099148,0.00052853679517284,-0.367589056491852,2.23218224855628e-06,278528
389,1,0.0194499995086517,0.0194499995086517,0.000523059105034918,-0.365412533283234,2.25833520314735e-06,278528
390,1,0.0194999995073886,0.0194999995073886,0.00051807943964377,-0.36385789513588,2.28423917447515e-06,278528
391,1,0.0195499995061255,0.0195499995061255,0.000512103724759072,-0.360748589038849,2.30984436006626e-06,278528
392,1,0.0195999995048624,0.0195999995048624,0.000505505711771548,-0.360126703977585,2.33511964501633e-06,278528
393,1,0.0196499995035992,0.0196499995035992,0.000500027963425964,-0.357950210571289,2.36012104255604e-06,278528
394,1,0.0196999995023361,0.0196999995023361,0.000494674779474735,-0.356395572423935,2.38485478090495e-06,278528
395,1,0.019749999501073,0.019749999501073,0.00048807667917572,-0.354840904474258,2.40925861424724e-06,278528
396,1,0.0197999994998099,0.0197999994998099,0.000479860231280327,-0.353597164154053,2.43325162520515e-06,278528
397,1,0.0198499994985468,0.0198499994985468,0.00047288864152506,-0.352042526006699,2.45689605668409e-06,278528
398,1,0.0198999994972837,0.0198999994972837,0.000465917022665963,-0.34955507516861,2.48019190722888e-06,278528
399,1,0.0199499994960206,0.0199499994960206,0.000459194445284083,-0.347689509391785,2.50315162891308e-06,278528
400,1,0.0199999994947575,0.0199999994947575,0.000450853462098166,-0.347067624330521,2.52569430144851e-06,278528
401,1,0.0200499994934944,0.0200499994934944,0.000443134922534227,-0.345823913812637,2.54785104701549e-06,278528
402,1,0.0200999994922313,0.0200999994922313,0.000435042922617868,-0.34395831823349,2.56960319259688e-06,278528
403,1,0.0201499994909682,0.0201499994909682,0.000426079466706142,-0.34395831823349,2.59090716539401e-06,278528
404,1,0.0201999994897051,0.0201999994897051,0.000418360898038372,-0.343025535345078,2.61182520976749e-06,278528
405,1,0.020249999488442,0.020249999488442,0.000409770902479067,-0.34022718667984,2.63231375437386e-06,278528
406,1,0.0202999994871789,0.0202999994871789,0.000400309509132057,-0.34022718667984,2.65232922932483e-06,278528
407,1,0.0203499994859158,0.0203499994859158,0.000391470530303195,-0.34022718667984,2.67190275534552e-06,278528
408,1,0.0203999994846527,0.0203999994846527,0.000381635647499934,-0.3380506336689,2.69098453723847e-06,278528
409,1,0.0204499994833895,0.0204499994833895,0.000372049718862399,-0.338361591100693,2.70958702271165e-06,278528
410,1,0.0204999994821264,0.0204999994821264,0.000363459723303095,-0.337739735841751,2.72776000841772e-06,278528
411,1,0.0205499994808633,0.0205499994808633,0.000352628878317773,-0.336806952953339,2.7453914518882e-06,278528
412,1,0.0205999994796002,0.0205999994796002,0.000342669489327818,-0.336495995521545,2.76252492592176e-06,278528
413,1,0.0206499994783371,0.0206499994783371,0.00033295905450359,-0.336185097694397,2.77917287822638e-06,278528
414,1,0.020699999477074,0.020699999477074,0.00032150573679246,-0.336185097694397,2.79524816465991e-06,278528
415,1,0.0207499994758109,0.0207499994758109,0.000313164753606543,-0.335252285003662,2.81090640194467e-06,278528
416,1,0.0207999994745478,0.0207999994745478,0.000302707398077473,-0.335252285003662,2.8260417714662e-06,278528
417,1,0.0208499994732847,0.0208499994732847,0.000291378586553037,-0.33431950211525,2.84061070042581e-06,278528
418,1,0.0208999994720216,0.0208999994720216,0.000280547712463886,-0.33463042974472,2.85463808569464e-06,278528
419,1,0.0209499994707585,0.0209499994707585,0.000269841344561428,-0.334941357374191,2.86813015258187e-06,278528
420,1,0.0209999994694954,0.0209999994694954,0.000258014566497877,-0.335563242435455,2.88103088058087e-06,278528
421,1,0.0210499994682323,0.0210499994682323,0.00024730822769925,-0.335252285003662,2.89339629165345e-06,278528
422,1,0.0210999994669692,0.0210999994669692,0.000236601874348707,-0.336185097694397,2.90522638507203e-06,278528
423,1,0.0211499994657061,0.0211499994657061,0.000225522031541914,-0.336185097694397,2.91650248636427e-06,278528
424,1,0.021199999464443,0.021199999464443,0.000213446270208806,-0.337117880582809,2.92717479960511e-06,278528
425,1,0.0212499994631798,0.0212499994631798,0.000202490933588706,-0.336806952953339,2.93729934602877e-06,278528
426,1,0.0212999994619167,0.0212999994619167,0.000190290666068904,-0.336806952953339,2.94681387909186e-06,278528
427,1,0.0213499994606536,0.0213499994606536,0.000179335329448804,-0.339294373989105,2.95578064533778e-06,278528
428,1,0.0213999994593905,0.0213999994593905,0.000167135061929002,-0.34022718667984,2.96413739822312e-06,278528
429,1,0.0214499994581274,0.0214499994581274,0.000156802183482796,-0.341159969568253,2.9719775071992e-06,278528
430,1,0.0214999994568643,0.0214999994568643,0.000144477424328215,-0.340538084506989,2.97920137823312e-06,278528
431,1,0.0215499994556012,0.0215499994556012,0.000132526154629886,-0.341159969568253,2.98582768579722e-06,278528
432,1,0.0215999994543381,0.0215999994543381,0.000120201395475306,-0.342714637517929,2.99183775541916e-06,278528
433,1,0.021649999453075,0.021649999453075,0.000108623593405355,-0.344269275665283,2.99726893495223e-06,278528
434,1,0.0216999994518119,0.0216999994518119,9.65478175203316e-05,-0.344891130924225,3.00209632570629e-06,278528
435,1,0.0217499994505488,0.0217499994505488,8.3849583461415e-05,-0.346134871244431,3.00628880477345e-06,278528
436,1,0.0217999994492857,0.0217999994492857,7.22717813914642e-05,-0.348000437021255,3.00990239375174e-06,278528
437,1,0.0218499994480226,0.0218499994480226,6.14409291301854e-05,-0.349244177341461,3.01297444013064e-06,278528
438,1,0.0218999994467595,0.0218999994467595,4.86182107124478e-05,-0.350487858057022,3.01540535060486e-06,278528
439,1,0.0219499994454964,0.0219499994454964,3.62934515578672e-05,-0.352042526006699,3.01722002313691e-06,278528
440,1,0.0219999994442333,0.0219999994442333,2.43421709456015e-05,-0.352975308895111,3.01843713165344e-06,278528
441,1,0.0220499994429701,0.0220499994429701,1.28888641484082e-05,-0.3554627597332,3.01908157484458e-06,278528
442,1,0.022099999441707,0.022099999441707,6.88599129716749e-07,-0.356706500053406,3.0191160048002e-06,278528
443,1,0.0221499994404439,0.0221499994404439,-1.12626803456806e-05,-0.358572065830231,3.01855287079714e-06,278528
444,1,0.0221999994391808,0.0221999994391808,-2.25914973270847e-05,-0.360748589038849,3.01742329595932e-06,278528
445,1,0.0222499994379177,0.0222499994379177,-3.56632081093267e-05,-0.363236039876938,3.0156401355989e-06,278528
446,1,0.0222999994366546,0.0222999994366546,-4.79879672639072e-05,-0.365412533283234,3.01324073729632e-06,278528
447,1,0.0223499994353915,0.0223499994353915,-5.74493933527265e-05,-0.365723490715027,3.01036826770125e-06,278528
448,1,0.0223999994341284,0.0223999994341284,-7.13925546733662e-05,-0.368210941553116,3.00679864005775e-06,278528
449,1,0.0224499994328653,0.0224499994328653,-8.42152803670615e-05,-0.371009290218353,3.00258787614577e-06,278528
450,1,0.0224999994316022,0.0224999994316022,-9.50461253523827e-05,-0.373496741056442,2.99783556999821e-06,278528
451,1,0.0225499994303391,0.0225499994303391,-0.000106872910691891,-0.375051379203796,2.99249192459861e-06,278528
452,1,0.022599999429076,0.022599999429076,-0.000119695636385586,-0.378160685300827,2.98650714293051e-06,278528
453,1,0.0226499994278129,0.0226499994278129,-0.000129157080664299,-0.380959063768387,2.98004928906044e-06,278528
454,1,0.0226999994265498,0.0226999994265498,-0.000141730808536522,-0.38127002120018,2.97296274881263e-06,278528
455,1,0.0227499994252867,0.0227499994252867,-0.000153433109517209,-0.38500115275383,2.96529109353058e-06,278528
456,1,0.0227999994240236,0.0227999994240236,-0.00016426395450253,-0.388110458850861,2.95707789601293e-06,278528
457,1,0.0228499994227604,0.0228499994227604,-0.00017571727221366,-0.39059790968895,2.9482920326242e-06,278528
458,1,0.0228999994214973,0.0228999994214973,-0.000186797100468539,-0.393085360527039,2.93895217783672e-06,278528
459,1,0.0229499994202342,0.0229499994202342,-0.000198499386897311,-0.395261853933334,2.92902720874258e-06,278528
460,1,0.0229999994189711,0.0229999994189711,-0.000209330231882632,-0.398371189832687,2.91856069741285e-06,278528
461,1,0.023049999417708,0.023049999417708,-0.000219912108150311,-0.400236755609512,2.90756509228311e-06,278528
462,1,0.0230999994164449,0.0230999994164449,-0.000231240905122831,-0.403967916965485,2.89600304731905e-06,278528
463,1,0.0231499994151818,0.0231499994151818,-0.000241324800299481,-0.407388180494308,2.88393680760889e-06,278528
464,1,0.0231999994139187,0.0231999994139187,-0.000251657707849517,-0.410186529159546,2.87135392253429e-06,278528
465,1,0.0232499994126556,0.0232499994126556,-0.000262239540461451,-0.413295835256577,2.85824194584245e-06,278528
466,1,0.0232999994113925,0.0232999994113925,-0.000271949975285679,-0.416094213724136,2.84464444742167e-06,278528
467,1,0.0233499994101294,0.0233499994101294,-0.000282531807897612,-0.418892562389374,2.83051785738366e-06,278528
468,1,0.0233999994088663,0.0233999994088663,-0.000293113698717207,-0.422001898288727,2.81586217281803e-06,278528
469,1,0.0234499994076032,0.0234499994076032,-0.000302824104437605,-0.424800246953964,2.80072096797865e-06,278528
470,1,0.0234999994063401,0.0234999994063401,-0.000312285526888445,-0.42884236574173,2.78510669202868e-06,278528
471,1,0.023549999405077,0.023549999405077,-0.000321871426422149,-0.431329786777496,2.76901312111413e-06,278528
472,1,0.0235999994038139,0.0235999994038139,-0.000330710434354842,-0.433817237615585,2.75247759981411e-06,278528
473,1,0.0236499994025507,0.0236499994025507,-0.00034179023350589,-0.436615616083145,2.73538808857053e-06,278528
474,1,0.0236999994012876,0.0236999994012876,-0.000349259789800271,-0.440346777439117,2.71792509952167e-06,278528
475,1,0.0237499994000245,0.0237499994000245,-0.000358970195520669,-0.444077968597412,2.69997659019905e-06,278528
476,1,0.0237999993987614,0.0237999993987614,-0.000366937747457996,-0.447187274694443,2.68162970328963e-06,278528
477,1,0.0238499993974983,0.0238499993974983,-0.000376274663722143,-0.450607508420944,2.6628159705788e-06,278528
478,1,0.0238999993962352,0.0238999993962352,-0.000384491169825196,-0.453716814517975,2.64359141257319e-06,278528
479,1,0.0239499993949721,0.0239499993949721,-0.000392583169741556,-0.457447946071625,2.62396225458199e-06,278528
480,1,0.023999999393709,0.023999999393709,-0.000401048688217998,-0.460868209600449,2.60390982067766e-06,278528
481,1,0.0240499993924459,0.0240499993924459,-0.000408767198678106,-0.463666588068008,2.58347146126007e-06,278528
482,1,0.0240999993911828,0.0240999993911828,-0.000415863265516236,-0.468330532312393,2.56267829850954e-06,278528
483,1,0.0241499993899197,0.0241499993899197,-0.000424204277805984,-0.470817983150482,2.54146808515505e-06,278528
484,1,0.0241999993886566,0.0241999993886566,-0.000430553394835442,-0.473927289247513,2.51994041595712e-06,278528
485,1,0.0242499993873935,0.0242499993873935,-0.00043789844494313,-0.477347522974014,2.49804549426307e-06,278528
486,1,0.0242999993861304,0.0242999993861304,-0.000445243524154648,-0.480767756700516,2.47578331861773e-06,278528
487,1,0.0243499993848673,0.0243499993848673,-0.00045171711826697,-0.483877062797546,2.45319746327495e-06,278528
488,1,0.0243999993836042,0.0243999993836042,-0.000457817252026871,-0.487608224153519,2.43030660125188e-06,278528
489,1,0.024449999382341,0.024449999382341,-0.000464913318865001,-0.49102845788002,2.40706093589586e-06,278528
490,1,0.0244999993810779,0.0244999993810779,-0.000470017519546673,-0.494759649038315,2.38356006051221e-06,278528
491,1,0.0245499993798148,0.0245499993798148,-0.000476242130389437,-0.497868925333023,2.35974795459428e-06,278528
492,1,0.0245999993785517,0.0245999993785517,-0.000482466770336032,-0.500978231430054,2.33562461668689e-06,278528
493,1,0.0246499993772886,0.0246499993772886,-0.000487570971017703,-0.504709422588348,2.31124606875186e-06,278528
494,1,0.0246999993760255,0.0246999993760255,-0.000492799677886069,-0.507507741451263,2.28660608548001e-06,278528
495,1,0.0247499993747624,0.0247499993747624,-0.000496285385452211,-0.510927975177765,2.26179181683426e-06,278528
496,1,0.0247999993734993,0.0247999993734993,-0.000502385606523603,-0.51465916633606,2.23667253714265e-06,278528
497,1,0.0248499993722362,0.0248499993722362,-0.000507240765728056,-0.517768502235413,2.21131049949694e-06,278528
498,1,0.0248999993709731,0.0248999993709731,-0.000511473510414362,-0.521810591220856,2.18573682462227e-06,278528
499,1,0.02494999936971,0.02494999936971,-0.000514959276188165,-0.524608910083771,2.15998886146331e-06,278528
500,1,0.0249999993684469,0.0249999993684469,-0.000517698121257126,-0.527407348155975,2.13410395605436e-06,278528
501,1,0.0250499993671838,0.0250499993671838,-0.000522553396876901,-0.531449437141418,2.10797628687056e-06,278528
502,1,0.0250999993659207,0.0250999993659207,-0.000526288116816431,-0.534558713436127,2.08166188169449e-06,278528
503,1,0.0251499993646576,0.0251499993646576,-0.000529026903677732,-0.537667989730835,2.05521053717882e-06,278528
504,1,0.0251999993633945,0.0251999993633945,-0.00053064530948177,-0.540777325630188,2.028678272375e-06,278528
505,1,0.0252499993621313,0.0252499993621313,-0.000532139267306775,-0.543264746665955,2.00207130968181e-06,278528
506,1,0.0252999993608682,0.0252999993608682,-0.000535625033080578,-0.546995937824249,1.97529005870433e-06,278528
507,1,0.0253499993596051,0.0253499993596051,-0.000536247505806386,-0.549483358860016,1.94847768409135e-06,278528
508,1,0.025399999358342,0.025399999358342,-0.000538239430170506,-0.553214550018311,1.92156571326268e-06,278528
509,1,0.0254499993570789,0.0254499993570789,-0.000540106790140271,-0.555391073226929,1.89456037443787e-06,278528
510,1,0.0254999993558158,0.0254999993558158,-0.000541102723218501,-0.559122204780579,1.86750523896042e-06,278528
511,1,0.0255499993545527,0.0255499993545527,-0.000541725195944309,-0.562231540679932,1.84041897984746e-06,278528
512,1,0.0255999993532896,0.0255999993532896,-0.0005427211872302,-0.564408004283905,1.81328292117146e-06,278528
513,1,0.0256499993520265,0.0256499993520265,-0.000543841568287462,-0.568450152873993,1.78609084344402e-06,278528
514,1,0.0256999993507634,0.0256999993507634,-0.000542472174856812,-0.570004820823669,1.75896723538638e-06,278528
515,1,0.0257499993495003,0.0257499993495003,-0.000542472174856812,-0.572492241859436,1.73184362732874e-06,278528
516,1,0.0257999993482372,0.0257999993482372,-0.000542472174856812,-0.575601577758789,1.7047200192711e-06,278528
517,1,0.0258499993469741,0.0258499993469741,-0.000541849702131003,-0.577467083930969,1.67762753484896e-06,278528
518,1,0.025899999345711,0.025899999345711,-0.00053973332978785,-0.580265522003174,1.65064086904131e-06,278528
519,1,0.0259499993444479,0.0259499993444479,-0.000538488384336233,-0.583685755729675,1.62371645050467e-06,278528
520,1,0.0259999993431848,0.0259999993431848,-0.000537616957444698,-0.587727844715118,1.5968356033115e-06,278528
521,1,0.0260499993419216,0.0260499993419216,-0.000535874045453966,-0.58834969997406,1.57004190171567e-06,278528
522,1,0.0260999993406585,0.0260999993406585,-0.000533384154550731,-0.590837121009827,1.54337269466185e-06,278528
523,1,0.0261499993393954,0.0261499993393954,-0.000531765806954354,-0.59394645690918,1.51678440498581e-06,278528
524,1,0.0261999993381323,0.0261999993381323,-0.000527284049894661,-0.596122980117798,1.49042020315709e-06,278528
525,1,0.0262499993368692,0.0262499993368692,-0.000524669711012393,-0.598610401153564,1.46418671826919e-06,278528
526,1,0.0262999993356061,0.0262999993356061,-0.000522304384503514,-0.600786924362183,1.43807149970374e-06,278528
527,1,0.026349999334343,0.026349999334343,-0.000518320652190596,-0.602652490139008,1.4121554677489e-06,278528
528,1,0.0263999993330799,0.0263999993330799,-0.000515332794748247,-0.604207158088684,1.38638882866241e-06,278528
529,1,0.0264499993318168,0.0264499993318168,-0.000510477577336133,-0.606383681297302,1.36086495044039e-06,278528
530,1,0.0264999993305537,0.0264999993305537,-0.000506493786815554,-0.608560144901276,1.33554026173937e-06,278528
531,1,0.0265499993292906,0.0265499993292906,-0.000502261042129248,-0.610425770282745,1.31042721026731e-06,278528
532,1,0.0265999993280275,0.0265999993280275,-0.000497156870551407,-0.61229133605957,1.28556936736771e-06,278528
533,1,0.0266499993267644,0.0266499993267644,-0.000492177146952599,-0.613535046577454,1.26096051064175e-06,278528
534,1,0.0266999993255013,0.0266999993255013,-0.000487072975374758,-0.615400671958923,1.23660686248824e-06,278528
535,1,0.0267499993242382,0.0267499993242382,-0.000481968774693087,-0.61788809299469,1.21250842436236e-06,278528
536,1,0.0267999993229751,0.0267999993229751,-0.000475619686767459,-0.618820905685425,1.18872744062474e-06,278528
537,1,0.0268499993217119,0.0268499993217119,-0.000469021557364613,-0.620375514030457,1.16527636334894e-06,278528
538,1,0.0268999993204488,0.0268999993204488,-0.000463792879600078,-0.622241139411926,1.14208671995475e-06,278528
539,1,0.0269499993191857,0.0269499993191857,-0.000456696812761948,-0.623173892498016,1.11925187989351e-06,278528
540,1,0.0269999993179226,0.0269999993179226,-0.000450223218649626,-0.6244176030159,1.09674071952971e-06,278528
541,1,0.0270499993166595,0.0270499993166595,-0.000442131189629436,-0.626283228397369,1.0746341606067e-06,278528
542,1,0.0270999993153964,0.0270999993153964,-0.000435035122791305,-0.626905083656311,1.05288240501663e-06,278528
543,1,0.0271499993141333,0.0271499993141333,-0.000427067599957809,-0.627526938915253,1.03152902555817e-06,278528
544,1,0.0271999993128702,0.0271999993128702,-0.000418726587668061,-0.628459751605988,1.01059269670366e-06,278528
545,1,0.0272499993116071,0.0272499993116071,-0.00041125706047751,-0.629392504692078,9.90029844199249e-07,278528
546,1,0.027299999310344,0.027299999310344,-0.000402044621296227,-0.630947172641754,9.69927613642262e-07,278528
547,1,0.0273499993090809,0.0273499993090809,-0.000394326081732288,-0.630636215209961,9.50211310053724e-07,278528
548,1,0.0273999993078178,0.0273999993078178,-0.000384864659281448,-0.631879925727844,9.30968077575776e-07,278528
549,1,0.0274499993065547,0.0274499993065547,-0.000376274663722143,-0.632812738418579,9.12154344864944e-07,278528
550,1,0.0274999993052916,0.0274999993052916,-0.000366315274732187,-0.633434653282166,8.9383858159103e-07,278528
551,1,0.0275499993040285,0.0275499993040285,-0.000357351818820462,-0.633745551109314,8.7597099110138e-07,278528
552,1,0.0275999993027654,0.0275999993027654,-0.000348637317074463,-0.634367406368256,8.58539125688023e-07,278528
553,1,0.0276499993015022,0.0276499993015022,-0.000337433011736721,-0.634367406368256,8.416674755274e-07,278528
554,1,0.0276999993002391,0.0276999993002391,-0.000329091999446973,-0.634989261627197,8.2521287597073e-07,278528
555,1,0.027749999298976,0.027749999298976,-0.00031751420465298,-0.634056448936462,8.09337166139135e-07,278528
556,1,0.0277999992977129,0.0277999992977129,-0.000307181326206774,-0.634367406368256,7.93978100216799e-07,278528
557,1,0.0278499992964498,0.0278499992964498,-0.000297719903755933,-0.634367406368256,7.79092105405054e-07,278528
558,1,0.0278999992951867,0.0278999992951867,-0.000286266586044803,-0.634367406368256,7.64778776464399e-07,278528
559,1,0.0279499992939236,0.0279499992939236,-0.000275560218142346,-0.634367406368256,7.51000765905344e-07,278528
560,1,0.0279999992926605,0.0279999992926605,-0.000263484456809238,-0.634367406368256,7.37826543397691e-07,278528
561,1,0.0280499992913974,0.0280499992913974,-0.000253027101280168,-0.633745551109314,7.25175188653282e-07,278528
562,1,0.0280999992901343,0.0280999992901343,-0.000241947273025289,-0.633434653282166,7.13077825307623e-07,278528
563,1,0.0281499992888712,0.0281499992888712,-0.000229124547331594,-0.634056448936462,7.01621598230452e-07,278528
564,1,0.0281999992876081,0.0281999992876081,-0.000217920212890022,-0.633123636245728,6.90725587861207e-07,278528
565,1,0.028249999286345,0.028249999286345,-0.000205470962100662,-0.631879925727844,6.80452040015706e-07,278528
566,1,0.0282999992850819,0.0282999992850819,-0.000195387081475928,-0.632190942764282,6.70682686188704e-07,278528
567,1,0.0283499992838188,0.0283499992838188,-0.000181817405973561,-0.631258130073547,6.61591816119681e-07,278528
568,1,0.0283999992825557,0.0283999992825557,-0.000169990613358095,-0.629392504692078,6.53092285666492e-07,278528
569,1,0.0284499992812925,0.0284499992812925,-0.000158786293468438,-0.628770649433136,6.45152971193634e-07,278528
570,1,0.0284999992800294,0.0284999992800294,-0.000144345161970705,-0.628148853778839,6.37935713277422e-07,278528
571,1,0.0285499992787663,0.0285499992787663,-0.000131646927911788,-0.627216041088104,6.31353367048117e-07,278528
572,1,0.0285999992775032,0.0285999992775032,-0.000119446653116029,-0.625350415706635,6.25381034543189e-07,278528
573,1,0.0286499992762401,0.0286499992762401,-0.000106374951428734,-0.624728560447693,6.20062287106116e-07,278528
574,1,0.028699999274977,0.028699999274977,-9.38012017286383e-05,-0.622862994670868,6.15372227138165e-07,278528
575,1,0.0287499992737139,0.0287499992737139,-8.20989080239087e-05,-0.622552037239075,6.11267281840669e-07,278528
576,1,0.0287999992724508,0.0287999992724508,-6.91516834194772e-05,-0.620997369289398,6.07809697757041e-07,278528
577,1,0.0288499992711877,0.0288499992711877,-5.54575162823312e-05,-0.619753658771515,6.05036822012973e-07,278528
578,1,0.0288999992699246,0.0288999992699246,-4.27592822234146e-05,-0.61788809299469,6.02898857955812e-07,278528
579,1,0.0289499992686615,0.0289499992686615,-2.94385845336365e-05,-0.616333425045013,6.01426928766314e-07,278528
580,1,0.0289999992673984,0.0289999992673984,-1.52464399434393e-05,-0.613846004009247,6.006646067884e-07,278528
581,1,0.0290499992661353,0.0290499992661353,-1.80125073256932e-06,-0.612602233886719,6.00574544254047e-07,278528
582,1,0.0290999992648722,0.0290999992648722,1.0523505807214e-05,-0.611669480800629,6.01100719531115e-07,278528
583,1,0.0291499992636091,0.0291499992636091,2.3844200768508e-05,-0.60949295759201,6.02292929539423e-07,278528
584,1,0.029199999262346,0.029199999262346,3.65424348274246e-05,-0.606072723865509,6.04120051234637e-07,278528
585,1,0.0292499992610828,0.0292499992610828,5.0236612878507e-05,-0.605139970779419,6.06631881815108e-07,278528
586,1,0.0292999992598197,0.0292999992598197,6.35573087492958e-05,-0.602963387966156,6.09809747172293e-07,278528
587,1,0.0293499992585566,0.0293499992585566,7.71269915276207e-05,-0.601408779621124,6.13666096651255e-07,278528
588,1,0.0293999992572935,0.0293999992572935,8.93272590474226e-05,-0.599232256412506,6.18132459490796e-07,278528
589,1,0.0294499992560304,0.0294499992560304,0.00010364389163442,-0.596433877944946,6.23314653941604e-07,278528
590,1,0.0294999992547673,0.0294999992547673,0.000116715600597672,-0.594568312168121,6.29150433824063e-07,278528
591,1,0.0295499992535042,0.0295499992535042,0.000129911801195703,-0.590526163578033,6.35646023719756e-07,278528
592,1,0.0295999992522411,0.0295999992522411,0.000141987577080727,-0.589904308319092,6.42745402394447e-07,278528
593,1,0.029649999250978,0.029649999250978,0.000155059286043979,-0.586795032024384,6.5049836650079e-07,278528
594,1,0.0296999992497149,0.0296999992497149,0.00016875346773304,-0.583996653556824,6.58936039674288e-07,278528
595,1,0.0297499992484518,0.0297499992484518,0.000180580260348506,-0.582441985607147,6.67965052463621e-07,278528
596,1,0.0297999992471887,0.0297999992471887,0.000194025444216095,-0.579332709312439,6.77666324429351e-07,278528
597,1,0.0298499992459256,0.0298499992459256,0.000206350203370675,-0.577156186103821,6.87983834337243e-07,278528
598,1,0.0298999992446625,0.0298999992446625,0.000218301473069005,-0.574357807636261,6.98898907714955e-07,278528
599,1,0.0299499992433994,0.0299499992433994,0.000231995654758066,-0.571248531341553,7.10498690159823e-07,278528
600,1,0.0299999992421363,0.0299999992421363,0.000243573449552059,-0.56720644235611,7.22677362329767e-07,278528
601,1,0.0300499992408731,0.0300499992408731,0.000255151244346052,-0.565962731838226,7.35434924224787e-07,278528
602,1,0.03009999923961,0.03009999923961,0.000267475988948718,-0.56254243850708,7.48808723334372e-07,278528
603,1,0.0301499992383469,0.0301499992383469,0.000278929335763678,-0.559433162212372,7.62755189770239e-07,278528
604,1,0.0301999992370838,0.0301999992370838,0.000291752017801628,-0.55601292848587,7.77342790291806e-07,278528
605,1,0.0302499992358207,0.0302499992358207,0.000303454347886145,-0.554147362709045,7.92515507302818e-07,278528
606,1,0.0302999992345576,0.0302999992345576,0.000313787197228521,-0.550727069377899,8.08204866767898e-07,278528
607,1,0.0303499992332945,0.0303499992332945,0.000325240514939651,-0.547306835651398,8.24466892104067e-07,278528
608,1,0.0303999992320314,0.0303999992320314,0.000336071359924972,-0.545441269874573,8.41270459675822e-07,278528
609,1,0.0304499992307683,0.0304499992307683,0.000346902234014124,-0.542021036148071,8.58615570938354e-07,278528
610,1,0.0304999992295052,0.0304999992295052,0.000357484095729887,-0.537978947162628,8.76489775273308e-07,278528
611,1,0.0305499992282421,0.0305499992282421,0.000367318978533149,-0.535180568695068,8.94855723736002e-07,278528
612,1,0.030599999226979,0.030599999226979,0.000377900840248913,-0.531449437141418,9.13750765271119e-07,278528
613,1,0.0306499992257159,0.0306499992257159,0.000387362291803584,-0.528340101242065,9.33118879372018e-07,278528
614,1,0.0306999992244528,0.0306999992244528,0.000398193136788905,-0.525230765342712,9.53028535708503e-07,278528
615,1,0.0307499992231897,0.0307499992231897,0.00040678313234821,-0.522121489048004,9.73367691812104e-07,278528
616,1,0.0307999992219266,0.0307999992219266,0.000416369031881914,-0.518701255321503,9.94186142880281e-07,278528
617,1,0.0308499992206634,0.0308499992206634,0.000426203943789005,-0.515591979026794,1.01549633953139e-06,278528
618,1,0.0308999992194003,0.0308999992194003,0.000434669433161616,-0.5118607878685,1.03722981064044e-06,278528
619,1,0.0309499992181372,0.0309499992181372,0.000444504345068708,-0.509373366832733,1.05945502733242e-06,278528
620,1,0.0309999992168741,0.0309999992168741,0.000451102416263893,-0.505642175674438,1.08201014757582e-06,278528
621,1,0.031049999215611,0.031049999215611,0.00045906993909739,-0.500978231430054,1.10496364395084e-06,278528
622,1,0.0310999992143479,0.0310999992143479,0.000467659934656695,-0.498490780591965,1.12834664009297e-06,278528
623,1,0.0311499992130848,0.0311499992130848,0.000474631524411961,-0.495381504297256,1.15207821571405e-06,278528
624,1,0.0311999992118217,0.0311999992118217,0.000482972507597879,-0.491650313138962,1.1762268404839e-06,278528
625,1,0.0312499992105586,0.0312499992105586,0.000488699181005359,-0.488851964473724,1.20066179891689e-06,278528
626,1,0.0312999992092955,0.0312999992092955,0.000494425825309008,-0.485431700944901,1.22538308955783e-06,278528
627,1,0.0313499992080324,0.0313499992080324,0.000503140268847346,-0.482011467218399,1.25054010236468e-06,278528
628,1,0.0313999992067693,0.0313999992067693,0.000508369004819542,-0.477969378232956,1.27595855196353e-06,278528
629,1,0.0314499992055062,0.0314499992055062,0.000514718121849,-0.47579288482666,1.30169445740584e-06,278528
630,1,0.0314999992042431,0.0314999992042431,0.000519946799613535,-0.47268357872963,1.32769179672977e-06,278528
631,1,0.03154999920298,0.03154999920298,0.000525922398082912,-0.468019604682922,1.35398791596962e-06,278528
632,1,0.0315999992017169,0.0315999992017169,0.000531524536199868,-0.464599341154099,1.38056414210824e-06,278528
633,1,0.0316499992004537,0.0316499992004537,0.000535757280886173,-0.46149006485939,1.40735200547583e-06,278528
634,1,0.0316999991991906,0.0316999991991906,0.000539492117241025,-0.45838075876236,1.43432661065644e-06,278528
635,1,0.0317499991979275,0.0317499991979275,0.000544347334653139,-0.454649597406387,1.46154397670153e-06,278528
636,1,0.0317999991966644,0.0317999991966644,0.00054808211280033,-0.452162146568298,1.48894808164926e-06,278528
637,1,0.0318499991954013,0.0318499991954013,0.000551443372387439,-0.448120057582855,1.5165202495721e-06,278528
638,1,0.0318999991941382,0.0318999991941382,0.000554680183995515,-0.445010721683502,1.54425425807126e-06,278528
639,1,0.0319499991928751,0.0319499991928751,0.000557045510504395,-0.441901445388794,1.57210653289287e-06,278528
640,1,0.031999999191612,0.031999999191612,0.000560033309739083,-0.438792139291763,1.60010819767244e-06,278528
641,1,0.0320499991903489,0.0320499991903489,0.000561153807211667,-0.436304688453674,1.62816588732423e-06,278528
642,1,0.0320999991890858,0.0320999991890858,0.000563768146093935,-0.43164074420929,1.65635429391683e-06,278528
643,1,0.0321499991878227,0.0321499991878227,0.000566008966416121,-0.429153293371201,1.6846547415227e-06,278528
644,1,0.0321999991865596,0.0321999991865596,0.000567129405681044,-0.425422102212906,1.71301121109041e-06,278528
645,1,0.0322499991852965,0.0322499991852965,0.000567627372220159,-0.422312825918198,1.74139257898445e-06,278528
646,1,0.0322999991840334,0.0322999991840334,0.000569868250750005,-0.420136302709579,1.76988599080214e-06,278528
647,1,0.0323499991827703,0.0323499991827703,0.00057036621728912,-0.416716068983078,1.79840430094616e-06,278528
648,1,0.0323999991815072,0.0323999991815072,0.000569868250750005,-0.413606762886047,1.82689771276386e-06,278528
649,1,0.032449999180244,0.032449999180244,0.000568872317671776,-0.411119312047958,1.8553413279289e-06,278528
650,1,0.0324999991789809,0.0324999991789809,0.000569370342418551,-0.408631891012192,1.88380984433066e-06,278528
651,1,0.0325499991777178,0.0325499991777178,0.000567253911867738,-0.403346031904221,1.91217253920754e-06,278528
652,1,0.0325999991764547,0.0325999991764547,0.000566755945328623,-0.40210235118866,1.9405103357581e-06,278528
653,1,0.0326499991751916,0.0326499991751916,0.000565386551897973,-0.399303942918777,1.96877966263885e-06,278528
654,1,0.0326999991739285,0.0326999991739285,0.000564017158467323,-0.397127449512482,1.99698051984981e-06,278528
655,1,0.0327499991726654,0.0327499991726654,0.000561900727916509,-0.393396288156509,2.02507555553589e-06,278528
656,1,0.0327999991714023,0.0327999991714023,0.000560033309739083,-0.391219764947891,2.05307722031546e-06,278528
657,1,0.0328499991701392,0.0328499991701392,0.000557543477043509,-0.388110458850861,2.0809543934634e-06,278528
658,1,0.0328999991688761,0.0328999991688761,0.000554680183995515,-0.385933965444565,2.10868840196256e-06,278528
659,1,0.032949999167613,0.032949999167613,0.000552314857486635,-0.383135586977005,2.13630414413926e-06,278528
660,1,0.0329999991663499,0.0329999991663499,0.000548331066966057,-0.380337208509445,2.16372069679496e-06,278528
661,1,0.0330499991650868,0.0330499991650868,0.000544969807378948,-0.378471612930298,2.19096918647555e-06,278528
662,1,0.0330999991638237,0.0330999991638237,0.000541234971024096,-0.37536233663559,2.21803093434312e-06,278528
663,1,0.0331499991625606,0.0331499991625606,0.000536255247425288,-0.373496741056442,2.24484369603704e-06,278528
664,1,0.0331999991612975,0.0331999991612975,0.000531898054759949,-0.371320217847824,2.27143859810319e-06,278528
665,1,0.0332499991600343,0.0332499991600343,0.000527914322447032,-0.369454652070999,2.29783431355873e-06,278528
666,1,0.0332999991587712,0.0332999991587712,0.000522934598848224,-0.367899984121323,2.32398104284062e-06,278528
667,1,0.0333499991575081,0.0333499991575081,0.000518577347975224,-0.365412533283234,2.34990990958436e-06,278528
668,1,0.033399999156245,0.033399999156245,0.000512228289153427,-0.362614154815674,2.37552132339504e-06,278528
669,1,0.0334499991549819,0.0334499991549819,0.00050662609282881,-0.361992299556732,2.40085262739655e-06,278528
670,1,0.0334999991537188,0.0334999991537188,0.000501023954711854,-0.359504848718643,2.4259038244993e-06,278528
671,1,0.0335499991524557,0.0335499991524557,0.000494425825309008,-0.357950210571289,2.45062511514024e-06,278528
672,1,0.0335999991511926,0.0335999991511926,0.000488201185362414,-0.356706500053406,2.47503517379171e-06,278528
673,1,0.0336499991499295,0.0336499991499295,0.000481354130897671,-0.353286266326904,2.49910287972859e-06,278528
674,1,0.0336999991486664,0.0336999991486664,0.000474009051686153,-0.352353453636169,2.52280333171417e-06,278528
675,1,0.0337499991474033,0.0337499991474033,0.000467410951387137,-0.350798815488815,2.54617387869314e-06,278528
676,1,0.0337999991461402,0.0337999991461402,0.000460190407466143,-0.34862232208252,2.56918339848518e-06,278528
677,1,0.0338499991448771,0.0338499991448771,0.000452845357358456,-0.346445769071579,2.59182566578111e-06,278528
678,1,0.033899999143614,0.033899999143614,0.00044525129487738,-0.346756726503372,2.61408822996258e-06,278528
679,1,0.0339499991423509,0.0339499991423509,0.00043616333277896,-0.345512986183167,2.63589639605061e-06,278528
680,1,0.0339999991410878,0.0339999991410878,0.000429191743023694,-0.34395831823349,2.65735598265968e-06,278528
681,1,0.0340499991398246,0.0340499991398246,0.000420352793298662,-0.342092782258987,2.67837362179366e-06,278528
682,1,0.0340999991385615,0.0340999991385615,0.000411638349760324,-0.342092782258987,2.69895553876173e-06,278528
683,1,0.0341499991372984,0.0341499991372984,0.000402550358558074,-0.340849041938782,2.71908305618117e-06,278528
684,1,0.0341999991360353,0.0341999991360353,0.000394084869185463,-0.340538084506989,2.73878729914268e-06,278528
685,1,0.0342499991347722,0.0342499991347722,0.000384747923817486,-0.338983446359634,2.75802469484757e-06,278528
686,1,0.0342999991335091,0.0342999991335091,0.000375535484636202,-0.338361591100693,2.77680146860504e-06,278528
687,1,0.034349999132246,0.034349999132246,0.000365202577086166,-0.337117880582809,2.79506159699806e-06,278528
688,1,0.0343999991309829,0.0343999991309829,0.000356737145921215,-0.337428778409958,2.81289845384352e-06,278528
689,1,0.0344499991297198,0.0344499991297198,0.00034677772782743,-0.336185097694397,2.83023733979688e-06,278528
690,1,0.0344999991284567,0.0344999991284567,0.000336818338837475,-0.336495995521545,2.84707825631331e-06,278528
691,1,0.0345499991271936,0.0345499991271936,0.000326236477121711,-0.335252285003662,2.86339007975733e-06,278528
692,1,0.0345999991259305,0.0345999991259305,0.000316401565214619,-0.33463042974472,2.87921015761841e-06,278528
693,1,0.0346499991246674,0.0346499991246674,0.00030532170785591,-0.335252285003662,2.89447624262555e-06,278528
694,1,0.0346999991234043,0.0346999991234043,0.000295611331239343,-0.336495995521545,2.90925680881413e-06,278528
695,1,0.0347499991221412,0.0347499991221412,0.000284158042632043,-0.33463042974472,2.92346471058681e-06,278528
696,1,0.0347999991208781,0.0347999991208781,0.000274323130724952,-0.33463042974472,2.93718086677656e-06,278528
697,1,0.0348499991196149,0.0348499991196149,0.000262371817370877,-0.335252285003662,2.9502994573137e-06,278528
698,1,0.0348999991183518,0.0348999991183518,0.000251789955655113,-0.33463042974472,2.96288895477842e-06,278528
699,1,0.0349499991170887,0.0349499991170887,0.000241208093939349,-0.336495995521545,2.97494935917071e-06,278528
700,1,0.0349999991158256,0.0349999991158256,0.000229381315875798,-0.335874140262604,2.98641842467477e-06,278528
701,1,0.0350499991145625,0.0350499991145625,0.000218052489799447,-0.336185097694397,2.99732104888932e-06,278528
702,1,0.0350999991132994,0.0350999991132994,0.000208093086257577,-0.336806952953339,3.00772570293935e-06,278528
703,1,0.0351499991120363,0.0351499991120363,0.000196266308194026,-0.337428778409958,3.01753901810115e-06,278528
704,1,0.0351999991107732,0.0351999991107732,0.000184190532309003,-0.338361591100693,3.02674854448395e-06,278528
705,1,0.0352499991095101,0.0352499991095101,0.000171616789884865,-0.338983446359634,3.03532938376142e-06,278528
706,1,0.035299999108247,0.035299999108247,0.000160287978360429,-0.339605331420898,3.04334378247698e-06,278528
707,1,0.0353499991069839,0.0353499991069839,0.000149083643918857,-0.340849041938782,3.05079796448462e-06,278528
708,1,0.0353999991057208,0.0353999991057208,0.000137630340759642,-0.341781824827194,3.05767948134876e-06,278528
709,1,0.0354499991044577,0.0354499991044577,0.000125803548144177,-0.341781824827194,3.06396965859706e-06,278528
710,1,0.0354999991031946,0.0354999991031946,0.000114225753350183,-0.342403680086136,3.06968094612029e-06,278528
711,1,0.0355499991019315,0.0355499991019315,0.000101900986919645,-0.344580173492432,3.07477599533756e-06,278528
712,1,0.0355999991006684,0.0355999991006684,9.03231848496944e-05,-0.345823913812637,3.07929215446596e-06,278528
713,1,0.0356499990994052,0.0356499990994052,7.79984329710715e-05,-0.346445769071579,3.08319207601599e-06,278528
714,1,0.0356999990981421,0.0356999990981421,6.57981654512696e-05,-0.347689509391785,3.08648198420545e-06,278528
715,1,0.035749999096879,0.035749999096879,5.42203742952552e-05,-0.34862232208252,3.08919300285172e-06,278528
716,1,0.0357999990956159,0.0357999990956159,4.20201031374745e-05,-0.351420670747757,3.09129400795552e-06,278528
717,1,0.0358499990943528,0.0358499990943528,3.056679997826e-05,-0.352353453636169,3.09282234791583e-06,278528
718,1,0.0358999990930897,0.0358999990930897,1.83665324584581e-05,-0.354219049215317,3.09374067451555e-06,278528
719,1,0.0359499990918266,0.0359499990918266,6.1662690313824e-06,-0.356395572423935,3.09404898795933e-06,278528
720,1,0.0359999990905635,0.0359999990905635,-5.28704049429507e-06,-0.357639253139496,3.09378463594129e-06,278528
721,1,0.0360499990893004,0.0360499990893004,-1.81097675522324e-05,-0.358882993459702,3.09287914758656e-06,278528
722,1,0.0360999990880373,0.0360999990880373,-2.993655471073e-05,-0.360748589038849,3.09138231988883e-06,278528
723,1,0.0361499990867742,0.0361499990867742,-4.12653716921341e-05,-0.362925112247467,3.08931905135635e-06,278528
724,1,0.0361999990855111,0.0361999990855111,-5.44615759281442e-05,-0.365412533283234,3.08659597262873e-06,278528
725,1,0.036249999084248,0.036249999084248,-6.5416912548244e-05,-0.36696720123291,3.08332512708395e-06,278528
726,1,0.0362999990829849,0.0362999990829849,-7.77416717028245e-05,-0.368832796812057,3.079438043597e-06,278528
727,1,0.0363499990817218,0.0363499990817218,-8.89459988684393e-05,-0.372253030538559,3.07499074376593e-06,278528
728,1,0.0363999990804587,0.0363999990804587,-0.000100897275842726,-0.373496741056442,3.06994588010124e-06,278528
729,1,0.0364499990791955,0.0364499990791955,-0.00011309753608657,-0.376606047153473,3.06429100343976e-06,278528
730,1,0.0364999990779324,0.0364999990779324,-0.000124301863252185,-0.377227872610092,3.05807591043416e-06,278528
731,1,0.0365499990766693,0.0365499990766693,-0.000136502130771987,-0.381580919027328,3.05125080406798e-06,278528
732,1,0.0365999990754062,0.0365999990754062,-0.000147581973578781,-0.384379297494888,3.04387170557545e-06,278528
733,1,0.0366499990741431,0.0366499990741431,-0.000158288312377408,-0.386244863271713,3.03595729015651e-06,278528
734,1,0.03669999907288,0.03669999907288,-0.00017048857989721,-0.387799561023712,3.027432861377e-06,278528
735,1,0.0367499990716169,0.0367499990716169,-0.000181568408152089,-0.391219764947891,3.01835444119873e-06,278528
736,1,0.0367999990703538,0.0367999990703538,-0.00019239925313741,-0.395261853933334,3.00873447878488e-06,278528
737,1,0.0368499990690907,0.0368499990690907,-0.000203977062483318,-0.397438377141953,2.99853562591836e-06,278528
738,1,0.0368999990678276,0.0368999990678276,-0.000213936466025189,-0.399614900350571,2.98783880288733e-06,278528
739,1,0.0369499990665645,0.0369499990665645,-0.000225514260819182,-0.401791393756866,2.97656309013122e-06,278528
740,1,0.0369999990653014,0.0369999990653014,-0.000236096122534946,-0.404589772224426,2.96475828430269e-06,278528
741,1,0.0370499990640383,0.0370499990640383,-0.000246926967520267,-0.407388180494308,2.95241193623857e-06,278528
742,1,0.0370999990627752,0.0370999990627752,-0.000257259845966473,-0.409875631332397,2.93954894426519e-06,278528
743,1,0.0371499990615121,0.0371499990615121,-0.000267592695308849,-0.413917720317841,2.92616930983775e-06,278528
744,1,0.037199999060249,0.037199999060249,-0.000278797058854252,-0.416716068983078,2.91222945724718e-06,278528
745,1,0.0372499990589858,0.0372499990589858,-0.000287760485662147,-0.419203519821167,2.89784143332755e-06,278528
746,1,0.0372999990577227,0.0372999990577227,-0.000298715865937993,-0.42324560880661,2.88290564040796e-06,278528
747,1,0.0373499990564596,0.0373499990564596,-0.000306932342937216,-0.425733059644699,2.86755902364879e-06,278528
748,1,0.0373999990551965,0.0373999990551965,-0.000317763217026368,-0.42884236574173,2.85167086319884e-06,278528
749,1,0.0374499990539334,0.0374499990539334,-0.000326726643834263,-0.432573527097702,2.83533453141981e-06,278528
750,1,0.0374999990526703,0.0374999990526703,-0.000335939112119377,-0.435060977935791,2.81853757623817e-06,278528
751,1,0.0375499990514072,0.0375499990514072,-0.00034652094473131,-0.438170284032822,2.8012115294393e-06,278528
752,1,0.0375999990501441,0.0375999990501441,-0.000354986463207752,-0.441279590129852,2.7834622067273e-06,278528
753,1,0.037649999048881,0.037649999048881,-0.000363327446393669,-0.445010721683502,2.76529583486653e-06,278528
754,1,0.0376999990476179,0.0376999990476179,-0.000371543952496722,-0.448120057582855,2.746718637711e-06,278528
755,1,0.0377499990463548,0.0377499990463548,-0.000380756391678005,-0.451540261507034,2.72768081860803e-06,278528
756,1,0.0377999990450917,0.0377999990450917,-0.000388848391594365,-0.454960525035858,2.70823839951947e-06,278528
757,1,0.0378499990438286,0.0378499990438286,-0.000396815943531692,-0.458069801330566,2.68839760284411e-06,278528
758,1,0.0378999990425655,0.0378999990425655,-0.000405405909987167,-0.461179137229919,2.66812730785682e-06,278528
759,1,0.0379499990413024,0.0379499990413024,-0.000412004039390013,-0.465221226215363,2.64752710640772e-06,278528
760,1,0.0379999990400393,0.0379999990400393,-0.00042034502257593,-0.468330532312393,2.62650985580987e-06,278528
761,1,0.0380499990387761,0.0380499990387761,-0.000427814549766481,-0.47268357872963,2.60511912886192e-06,278528
762,1,0.038099999037513,0.038099999037513,-0.000435657595517114,-0.475171029567719,2.58333624963635e-06,278528
763,1,0.0381499990362499,0.0381499990362499,-0.000442380172898993,-0.478280305862427,2.56121724155017e-06,278528
764,1,0.0381999990349868,0.0381999990349868,-0.000448480306658894,-0.481700569391251,2.5387932267837e-06,278528
765,1,0.0382499990337237,0.0382499990337237,-0.000455576373497024,-0.484498918056488,2.51601440868429e-06,278528
766,1,0.0382999990324606,0.0382999990324606,-0.000461552030174062,-0.488851964473724,2.49293680775858e-06,278528
767,1,0.0383499990311975,0.0383499990311975,-0.000468274636659771,-0.491339385509491,2.46952307651707e-06,278528
768,1,0.0383999990299344,0.0383999990299344,-0.000474374770419672,-0.494759649038315,2.44580433859527e-06,278528
769,1,0.0384499990286713,0.0384499990286713,-0.000479976937640458,-0.498490780591965,2.42180549231951e-06,278528
770,1,0.0384999990274082,0.0384999990274082,-0.000486326025566086,-0.502221941947937,2.39748919165549e-06,278528
771,1,0.0385499990261451,0.0385499990261451,-0.000491679180413485,-0.505642175674438,2.37290523325586e-06,278528
772,1,0.038599999024882,0.038599999024882,-0.000496409891638905,-0.509373366832733,2.34808473930093e-06,278528
773,1,0.0386499990236189,0.0386499990236189,-0.000501140661071986,-0.512482643127441,2.32302770688033e-06,278528
774,1,0.0386999990223558,0.0386999990223558,-0.000505248899571598,-0.515591979026794,2.29776526253993e-06,278528
775,1,0.0387499990210927,0.0387499990210927,-0.000509357079863548,-0.519012212753296,2.27229740919012e-06,278528
776,1,0.0387999990198296,0.0387999990198296,-0.000513216422405094,-0.522121489048004,2.24663658871812e-06,278528
777,1,0.0388499990185665,0.0388499990185665,-0.000518196146003902,-0.524919867515564,2.22072678207246e-06,278528
778,1,0.0388999990173033,0.0388999990173033,-0.000520561414305121,-0.528651058673859,2.19469871201473e-06,278528
779,1,0.0389499990160402,0.0389499990160402,-0.000524545204825699,-0.531760334968567,2.168471452436e-06,278528
780,1,0.0389999990147771,0.0389999990147771,-0.000527533062268049,-0.534247756004333,2.14209479998893e-06,278528
781,1,0.039049999013514,0.039049999013514,-0.000530396355316043,-0.537978947162628,2.11557498289307e-06,278528
782,1,0.0390999990122509,0.0390999990122509,-0.000533135200385004,-0.54046642780304,2.08891822354723e-06,278528
783,1,0.0391499990109878,0.0391499990109878,-0.000535251572728157,-0.544508516788483,2.0621556455869e-06,278528
784,1,0.0391999990097247,0.0391999990097247,-0.000537616957444698,-0.547928750514984,2.03527479839373e-06,278528
785,1,0.0392499990084616,0.0392499990084616,-0.000539359811227769,-0.549794316291809,2.00830680851361e-06,278528
786,1,0.0392999990071985,0.0392999990071985,-0.000540106790140271,-0.552592694759369,1.98130146968881e-06,278528
787,1,0.0393499990059354,0.0393499990059354,-0.000541725195944309,-0.555701971054077,1.95421521057585e-06,278528
788,1,0.0393999990046723,0.0393999990046723,-0.000544090522453189,-0.560365915298462,1.92701068514044e-06,278528
789,1,0.0394499990034092,0.0394499990034092,-0.000543717062100768,-0.561920642852783,1.89982483272217e-06,278528
790,1,0.0394999990021461,0.0394999990021461,-0.000543717062100768,-0.565651774406433,1.8726389803039e-06,278528
791,1,0.039549999000883,0.039549999000883,-0.000544961949344724,-0.567828297615051,1.84539088352501e-06,278528
792,1,0.0395999989996199,0.0395999989996199,-0.000544215028639883,-0.57093757390976,1.81818013278042e-06,278528
793,1,0.0396499989983568,0.0396499989983568,-0.000544588488992304,-0.574357807636261,1.79095070901868e-06,278528
794,1,0.0396999989970936,0.0396999989970936,-0.000543343543540686,-0.576534330844879,1.76378353252794e-06,278528
795,1,0.0397499989958305,0.0397499989958305,-0.000542223220691085,-0.578710854053497,1.73667237217827e-06,278528
796,1,0.0397999989945674,0.0397999989945674,-0.000541974150110036,-0.581509232521057,1.70957366535734e-06,278528
797,1,0.0398499989933043,0.0398499989933043,-0.000539359811227769,-0.583063900470734,1.68260567547722e-06,278528
798,1,0.0398999989920412,0.0398999989920412,-0.000538612832315266,-0.586795032024384,1.65567503454179e-06,278528
799,1,0.0399499989907781,0.0399499989907781,-0.000536496459972113,-0.589593410491943,1.62885021222083e-06,278528
800,1,0.039999998989515,0.039999998989515,-0.000534131133463234,-0.591458976268768,1.60214365622234e-06,278528
801,1,0.0400499989882519,0.0400499989882519,-0.00053164130076766,-0.59394645690918,1.57556159185547e-06,278528
802,1,0.0400999989869888,0.0400999989869888,-0.000528777949512005,-0.596122980117798,1.54912269504777e-06,278528
803,1,0.0401499989857257,0.0401499989857257,-0.000525167677551508,-0.599232256412506,1.52286431183354e-06,278528
804,1,0.0401999989844626,0.0401999989844626,-0.000522553396876901,-0.600475966930389,1.49673664264974e-06,278528
805,1,0.0402499989831995,0.0402499989831995,-0.000519440975040197,-0.603896200656891,1.47076459455384e-06,278528
806,1,0.0402999989819364,0.0402999989819364,-0.000515457300934941,-0.604829013347626,1.44499173015817e-06,278528
807,1,0.0403499989806733,0.0403499989806733,-0.000510602025315166,-0.607005536556244,1.41946162953735e-06,278528
808,1,0.0403999989794102,0.0403999989794102,-0.000506867305375636,-0.609182059764862,1.3941182649088e-06,278528
809,1,0.0404499989781471,0.0404499989781471,-0.000500767142511904,-0.610425770282745,1.36907990841573e-06,278528
810,1,0.0404999989768839,0.0404999989768839,-0.00049690791638568,-0.61229133605957,1.34423451322409e-06,278528
811,1,0.0405499989756208,0.0405499989756208,-0.000492426217533648,-0.61415696144104,1.31961320296939e-06,278528
812,1,0.0405999989743577,0.0405999989743577,-0.000486326025566086,-0.617577135562897,1.29529690230537e-06,278528
813,1,0.0406499989730946,0.0406499989730946,-0.000479976937640458,-0.618509948253632,1.27129805602961e-06,278528
814,1,0.0406999989718315,0.0406999989718315,-0.000475744192954153,-0.619442760944366,1.24751084698282e-06,278528
815,1,0.0407499989705684,0.0407499989705684,-0.000468897080281749,-0.621308326721191,1.224065993561e-06,278528
816,1,0.0407999989693053,0.0407999989693053,-0.00046354386722669,-0.622862994670868,1.20088880078517e-06,278528
817,1,0.0408499989680422,0.0408499989680422,-0.000455949892057106,-0.623173892498016,1.17809130675822e-06,278528
818,1,0.0408999989667791,0.0408999989667791,-0.000449227256467566,-0.625039458274841,1.15562994450227e-06,278528
819,1,0.040949998965516,0.040949998965516,-0.000441384239820763,-0.625972270965576,1.13356073306874e-06,278528
820,1,0.0409999989642529,0.0409999989642529,-0.000434910616604611,-0.626594126224518,1.11181520278785e-06,278528
821,1,0.0410499989629898,0.0410499989629898,-0.000426569633418694,-0.628148853778839,1.09048672165572e-06,278528
822,1,0.0410999989617267,0.0410999989617267,-0.000419100106228143,-0.628770649433136,1.06953171687368e-06,278528
823,1,0.0411499989604636,0.0411499989604636,-0.000411008077207953,-0.630636215209961,1.04898131353243e-06,278528
824,1,0.0411999989592005,0.0411999989592005,-0.000402293575461954,-0.630325317382813,1.02886663526747e-06,278528
825,1,0.0412499989579374,0.0412499989579374,-0.000394201604649425,-0.631258130073547,1.00915655553292e-06,278528
826,1,0.0412999989566742,0.0412999989566742,-0.000384491169825196,-0.631879925727844,9.89931997527313e-07,278528
827,1,0.0413499989554111,0.0413499989554111,-0.000376897136447951,-0.633123636245728,9.71087141180977e-07,278528
828,1,0.041399998954148,0.041399998954148,-0.000366813212167472,-0.632812738418579,9.52746481035927e-07,278528
829,1,0.0414499989528849,0.0414499989528849,-0.000356106873368844,-0.633434653282166,9.34941137817286e-07,278528
830,1,0.0414999989516218,0.0414999989516218,-0.000346769928000867,-0.63530021905899,9.1760264185525e-07,278528
831,1,0.0415499989503587,0.0415499989503587,-0.000337433011736721,-0.634367406368256,9.00730991694627e-07,278528
832,1,0.0415999989490956,0.0415999989490956,-0.000327847112203017,-0.634989261627197,8.84338636498582e-07,278528
833,1,0.0416499989478325,0.0416499989478325,-0.00031751420465298,-0.63530021905899,8.68462926666988e-07,278528
834,1,0.0416999989465694,0.0416999989465694,-0.000306309899315238,-0.634678363800049,8.53147432088128e-07,278528
835,1,0.0417499989453063,0.0417499989453063,-0.000296226004138589,-0.63530021905899,8.38336132255363e-07,278528
836,1,0.0417999989440432,0.0417999989440432,-0.000287138012936339,-0.634678363800049,8.23979231971232e-07,278528
837,1,0.0418499989427801,0.0418499989427801,-0.000274439837085083,-0.635611116886139,8.10257240463624e-07,278528
838,1,0.041899998941517,0.041899998941517,-0.000263733469182625,-0.63530021905899,7.97070567337617e-07,278528
839,1,0.0419499989402539,0.0419499989402539,-0.000252155645284802,-0.634056448936462,7.84462785391876e-07,278528
840,1,0.0419999989389908,0.0419999989389908,-0.000240702342125587,-0.634056448936462,7.72427668589629e-07,278528
841,1,0.0420499989377277,0.0420499989377277,-0.000228751072427258,-0.633123636245728,7.60990115257203e-07,278528
842,1,0.0420999989364645,0.0420999989364645,-0.000216924279811792,-0.632190942764282,7.50143901540612e-07,278528
843,1,0.0421499989352014,0.0421499989352014,-0.00020472401229199,-0.632190942764282,7.39907701184601e-07,278528
844,1,0.0421999989339383,0.0421999989339383,-0.000192648236406967,-0.631258130073547,7.30275289607587e-07,278528
845,1,0.0422499989326752,0.0422499989326752,-0.000180323491804302,-0.630325317382813,7.2125911524514e-07,278528
846,1,0.0422999989314121,0.0422999989314121,-0.00016762524319347,-0.629081547260284,7.12877853297195e-07,278528
847,1,0.042349998930149,0.042349998930149,-0.000155922956764698,-0.629392504692078,7.05081705655907e-07,278528
848,1,0.0423999989288859,0.0423999989288859,-0.00014334921434056,-0.628148853778839,6.97914245119945e-07,278528
849,1,0.0424499989276228,0.0424499989276228,-0.000130277505377308,-0.625972270965576,6.91400370015634e-07,278528
850,1,0.0424999989263597,0.0424999989263597,-0.000118450712761842,-0.625350415706635,6.85477834527157e-07,278528
851,1,0.0425499989250966,0.0425499989250966,-0.000105005528894253,-0.625039458274841,6.80227558215078e-07,278528
852,1,0.0425999989238335,0.0425999989238335,-9.30542446440086e-05,-0.623173892498016,6.75574846100415e-07,278528
853,1,0.0426499989225704,0.0426499989225704,-7.97335524111986e-05,-0.621308326721191,6.71588168580567e-07,278528
854,1,0.0426999989213073,0.0426999989213073,-6.6039377998095e-05,-0.62068647146225,6.68286199764077e-07,278528
855,1,0.0427499989200442,0.0427499989200442,-5.40880973858293e-05,-0.618509948253632,6.65581794963104e-07,278528
856,1,0.0427999989187811,0.0427999989187811,-3.98959527956322e-05,-0.618199050426483,6.63586997373716e-07,278528
857,1,0.042849998917518,0.042849998917518,-2.65752587438328e-05,-0.61602246761322,6.62258234470091e-07,278528
858,1,0.0428999989162548,0.0428999989162548,-1.37525303216535e-05,-0.613846004009247,6.6157060797138e-07,278528
859,1,0.0429499989149917,0.0429499989149917,4.39614098013408e-07,-0.611980378627777,6.61592588675725e-07,278528
860,1,0.0429999989137286,0.0429999989137286,1.32623417812283e-05,-0.611047625541687,6.62255705748035e-07,278528
861,1,0.0430499989124655,0.0430499989124655,2.60850683844183e-05,-0.607627391815186,6.63559959134307e-07,278528
862,1,0.0430999989112024,0.0430999989112024,3.95302595279645e-05,-0.606383681297302,6.65536472060775e-07,278528
863,1,0.0431499989099393,0.0431499989099393,5.17305234097876e-05,-0.604829013347626,6.68122998165923e-07,278528
864,1,0.0431999989086762,0.0431999989086762,6.55491894576699e-05,-0.602030634880066,6.71400457556011e-07,278528
865,1,0.0432499989074131,0.0432499989074131,7.93678555055521e-05,-0.600165069103241,6.75368850231038e-07,278528
866,1,0.04329999890615,0.04329999890615,9.30620299186558e-05,-0.598610401153564,6.80021951609424e-07,278528
867,1,0.0433499989048869,0.0433499989048869,0.000106009254523087,-0.59674483537674,6.85322414201677e-07,278528
868,1,0.0433999989036238,0.0433999989036238,0.000118458498036489,-0.594257354736328,6.91245338953876e-07,278528
869,1,0.0434499989023607,0.0434499989023607,0.00013215267972555,-0.590837121009827,6.97852972773231e-07,278528
870,1,0.0434999989010976,0.0434999989010976,0.000145224374136887,-0.589593410491943,7.05114191296641e-07,278528
871,1,0.0435499988998345,0.0435499988998345,0.000157798131112941,-0.586173176765442,7.13004097652973e-07,278528
872,1,0.0435999988985714,0.0435999988985714,0.000170371858985163,-0.584307610988617,7.21522690387033e-07,278528
873,1,0.0436499988973083,0.0436499988973083,0.000184315023943782,-0.581198275089264,7.30738441351413e-07,278528
874,1,0.0436999988960451,0.0436999988960451,0.000195643835468218,-0.578710854053497,7.40520632877705e-07,278528
875,1,0.043749998894782,0.043749998894782,0.000208964542252943,-0.575912475585938,7.50968859726407e-07,278528
876,1,0.0437999988935189,0.0437999988935189,0.00022116479522083,-0.572803139686584,7.62027099208094e-07,278528
877,1,0.0438499988922558,0.0438499988922558,0.000232867096201517,-0.570004820823669,7.73670453724034e-07,278528
878,1,0.0438999988909927,0.0438999988909927,0.000245814328081906,-0.567828297615051,7.8596116981764e-07,278528
879,1,0.0439499988897296,0.0439499988897296,0.000257267616689205,-0.565029919147491,7.98824550327144e-07,278528
880,1,0.0439999988884665,0.0439999988884665,0.000269716867478564,-0.56160968542099,8.12310393360391e-07,278528
881,1,0.0440499988872034,0.0440499988872034,0.000281294691376388,-0.559433162212372,8.26375127573905e-07,278528
882,1,0.0440999988859403,0.0440999988859403,0.000293121469439939,-0.555701971054077,8.41031200675659e-07,278528
883,1,0.0441499988846772,0.0441499988846772,0.000304699235130101,-0.553214550018311,8.56266162047296e-07,278528
884,1,0.0441999988834141,0.0441999988834141,0.000317024037940428,-0.550416171550751,8.72117363543883e-07,278528
885,1,0.044249998882151,0.044249998882151,0.000326983426930383,-0.547306835651398,8.88466534477387e-07,278528
886,1,0.0442999988808879,0.0442999988808879,0.000337938778102398,-0.543575704097748,9.05363472955654e-07,278528
887,1,0.0443499988796248,0.0443499988796248,0.000349267589626834,-0.54046642780304,9.22826851995834e-07,278528
888,1,0.0443999988783617,0.0443999988783617,0.000359226978616789,-0.537357091903687,9.40788200472931e-07,278528
889,1,0.0444499988770986,0.0444499988770986,0.000370306806871668,-0.534247756004333,9.59303540348778e-07,278528
890,1,0.0444999988758354,0.0444999988758354,0.000380390702048317,-0.531449437141418,9.7832307497072e-07,278528
891,1,0.0445499988745723,0.0445499988745723,0.00038960317033343,-0.528029203414917,9.97803232995281e-07,278528
892,1,0.0445999988733092,0.0445999988733092,0.000400309509132057,-0.525230765342712,1.01781870794625e-06,278528
893,1,0.0446499988720461,0.0446499988720461,0.000409023981774226,-0.521499633789063,1.03826990651832e-06,278528
894,1,0.044699998870783,0.044699998870783,0.000418858893681318,-0.517768502235413,1.05921285067332e-06,278528
895,1,0.0447499988695199,0.0447499988695199,0.000427324383053929,-0.514970123767853,1.08057906928626e-06,278528
896,1,0.0447999988682568,0.0447999988682568,0.000436661299318075,-0.511549830436707,1.10241213370062e-06,278528
897,1,0.0448499988669937,0.0448499988669937,0.000444877805421129,-0.508440554141998,1.12465602340975e-06,278528
898,1,0.0448999988657306,0.0448999988657306,0.000453592278063297,-0.50533127784729,1.14733563673998e-06,278528
899,1,0.0449499988644675,0.0449499988644675,0.000461310817627236,-0.501911044120789,1.17040117703865e-06,278528
900,1,0.0449999988632044,0.0449999988632044,0.000468904851004481,-0.496625185012817,1.1938464189966e-06,278528
901,1,0.0450499988619413,0.0450499988619413,0.000476374407298863,-0.494759649038315,1.21766513875983e-06,278528
902,1,0.0450999988606782,0.0450999988606782,0.000483470474136993,-0.491339385509491,1.24183866185601e-06,278528
903,1,0.0451499988594151,0.0451499988594151,0.000489695114083588,-0.488230109214783,1.26632341694165e-06,278528
904,1,0.045199998858152,0.045199998858152,0.000497911591082811,-0.484187960624695,1.29121899586688e-06,278528
905,1,0.0452499988568889,0.0452499988568889,0.000505007687024772,-0.481700569391251,1.31646937958024e-06,278528
906,1,0.0452999988556257,0.0452999988556257,0.000510734389536083,-0.478280305862427,1.34200609841193e-06,278528
907,1,0.0453499988543626,0.0453499988543626,0.000516958942171186,-0.473927289247513,1.36785404486751e-06,278528
908,1,0.0453999988530995,0.0453999988530995,0.000521067180670798,-0.470507025718689,1.39390740324289e-06,278528
909,1,0.0454499988518364,0.0454499988518364,0.000527042837347835,-0.468019604682922,1.42025954444457e-06,278528
910,1,0.0454999988505733,0.0454999988505733,0.000532147067133337,-0.463355630636215,1.44686689712908e-06,278528
911,1,0.0455499988493102,0.0455499988493102,0.000536504318006337,-0.461179137229919,1.47369211235173e-06,278528
912,1,0.0455999988480471,0.0455999988480471,0.000540487992111593,-0.458069801330566,1.50071651127462e-06,278528
913,1,0.045649998846784,0.045649998846784,0.00054472079500556,-0.453716814517975,1.52795255033686e-06,278528
914,1,0.0456999988455209,0.0456999988455209,0.000548331066966057,-0.450607508420944,1.55536910299256e-06,278528
915,1,0.0457499988442578,0.0457499988442578,0.000551941338926554,-0.447809129953384,1.58296616924173e-06,278528
916,1,0.0457999988429947,0.0457999988429947,0.000555302656721324,-0.443767011165619,1.61073130137639e-06,278528
917,1,0.0458499988417316,0.0458499988417316,0.000557916995603591,-0.440346777439117,1.63862715045186e-06,278528
918,1,0.0458999988404685,0.0458999988404685,0.000561153807211667,-0.43848118185997,1.66668484010364e-06,278528
919,1,0.0459499988392054,0.0459499988392054,0.000562523200642318,-0.433817237615585,1.69481099942523e-06,278528
920,1,0.0459999988379423,0.0459999988379423,0.000563892652280629,-0.431329786777496,1.72300563132701e-06,278528
921,1,0.0460499988366792,0.0460499988366792,0.000566506991162896,-0.427598655223846,1.7513309801696e-06,278528
922,1,0.046099998835416,0.046099998835416,0.000567129405681044,-0.425111204385757,1.7796874497373e-06,278528
923,1,0.0461499988341529,0.0461499988341529,0.000568498857319355,-0.422934710979462,1.8081123918852e-06,278528
924,1,0.0461999988328898,0.0461999988328898,0.000569370342418551,-0.418270707130432,1.83658090828695e-06,278528
925,1,0.0462499988316267,0.0462499988316267,0.000569868250750005,-0.416094213724136,1.86507432010464e-06,278528
926,1,0.0462999988303636,0.0462999988303636,0.000568747869692743,-0.412984907627106,1.89351171287089e-06,278528
927,1,0.0463499988291005,0.0463499988291005,0.000569245836231858,-0.409253746271133,1.92197400396347e-06,278528
928,1,0.0463999988278374,0.0463999988278374,0.000568374351132661,-0.407077223062515,1.95039272080218e-06,278528
929,1,0.0464499988265743,0.0464499988265743,0.000567876442801207,-0.404278844594955,1.97878654222496e-06,278528
930,1,0.0464999988253112,0.0464999988253112,0.000566755945328623,-0.401480495929718,2.00712433877551e-06,278528
931,1,0.0465499988240481,0.0465499988240481,0.000564390618819743,-0.398682087659836,2.03534386900362e-06,278528
932,1,0.046599998822785,0.046599998822785,0.00056463957298547,-0.395572811365128,2.06357584693969e-06,278528
933,1,0.0466499988215219,0.0466499988215219,0.000561153807211667,-0.392774403095245,2.09163353659148e-06,278528
934,1,0.0466999988202588,0.0466999988202588,0.000558912928681821,-0.39059790968895,2.1195791823196e-06,278528
935,1,0.0467499988189957,0.0467499988189957,0.000556049577426165,-0.388421416282654,2.14738166048856e-06,278528
936,1,0.0467999988177326,0.0467999988177326,0.000553435296751559,-0.385933965444565,2.17505342462709e-06,278528
937,1,0.0468499988164695,0.0468499988164695,0.000550073978956789,-0.382824659347534,2.20255712288013e-06,278528
938,1,0.0468999988152063,0.0468999988152063,0.000546588154975325,-0.380959063768387,2.22988652993849e-06,278528
939,1,0.0469499988139432,0.0469499988139432,0.000543226837180555,-0.378471612930298,2.25704787111137e-06,278528
940,1,0.0469999988126801,0.0469999988126801,0.000539367669261992,-0.376295119524002,2.28401625389319e-06,278528
941,1,0.047049998811417,0.047049998811417,0.000535259372554719,-0.373496741056442,2.31077922184484e-06,278528
942,1,0.0470999988101539,0.0470999988101539,0.000531151075847447,-0.372253030538559,2.33733677496631e-06,278528
943,1,0.0471499988088908,0.0471499988088908,0.000526669376995414,-0.368210941553116,2.36367024315084e-06,278528
944,1,0.0471999988076277,0.0471999988076277,0.0005218141595833,-0.366034388542175,2.3897609504709e-06,278528
945,1,0.0472499988063646,0.0472499988063646,0.000515838561113924,-0.364168792963028,2.41555287787504e-06,278528
946,1,0.0472999988051015,0.0472999988051015,0.000510734389536083,-0.362303256988525,2.44108959670673e-06,278528
947,1,0.0473499988038384,0.0473499988038384,0.000506377022247761,-0.361370444297791,2.46640844717951e-06,278528
948,1,0.0473999988025753,0.0473999988025753,0.000500027963425964,-0.358882993459702,2.49140984471922e-06,278528
949,1,0.0474499988013122,0.0474499988013122,0.000492931925691664,-0.356706500053406,2.51605644038118e-06,278528
950,1,0.0474999988000491,0.0474999988000491,0.000486707285745069,-0.355151861906052,2.54039180405367e-06,278528
951,1,0.047549998798786,0.047549998798786,0.000478739762911573,-0.353597164154053,2.56432879159455e-06,278528
952,1,0.0475999987975229,0.0475999987975229,0.000473013089504093,-0.352042526006699,2.58797944547228e-06,278528
953,1,0.0476499987962598,0.0476499987962598,0.000466041528852656,-0.350487858057022,2.61128152132626e-06,278528
954,1,0.0476999987949966,0.0476999987949966,0.000458696478744969,-0.34862232208252,2.63421634468412e-06,278528
955,1,0.0477499987937335,0.0477499987937335,0.000450355495559052,-0.347689509391785,2.65673411889323e-06,278528
956,1,0.0477999987924704,0.0477999987924704,0.000443010445451364,-0.345512986183167,2.67888464060623e-06,278528
957,1,0.0478499987912073,0.0478499987912073,0.000434295943705365,-0.345512986183167,2.70059943724293e-06,278528
958,1,0.0478999987899442,0.0478999987899442,0.00042670191032812,-0.34395831823349,2.72193453222037e-06,278528
959,1,0.0479499987886811,0.0479499987886811,0.000418111943872645,-0.343025535345078,2.74284012888588e-06,278528
960,1,0.047999998787418,0.047999998787418,0.000409521948313341,-0.341470897197723,2.76331622578428e-06,278528
961,1,0.0480499987861549,0.0480499987861549,0.000399438082240522,-0.341470897197723,2.78328812939177e-06,278528
962,1,0.0480999987848918,0.0480999987848918,0.000391719542676583,-0.340538084506989,2.80287410603082e-06,278528
963,1,0.0481499987836287,0.0481499987836287,0.000381137651856989,-0.339294373989105,2.82193098814225e-06,278528
964,1,0.0481999987823656,0.0481999987823656,0.000371302739949897,-0.338672518730164,2.84049612467075e-06,278528
965,1,0.0482499987811025,0.0482499987811025,0.000362712744390592,-0.337428778409958,2.85863176143214e-06,278528
966,1,0.0482999987798394,0.0482999987798394,0.000352753384504467,-0.335874140262604,2.87626943021179e-06,278528
967,1,0.0483499987785763,0.0483499987785763,0.000342295999871567,-0.336495995521545,2.89338422977302e-06,278528
968,1,0.0483999987773132,0.0483999987773132,0.000332336581777781,-0.336185097694397,2.91000105844213e-06,278528
969,1,0.0484499987760501,0.0484499987760501,0.000320634309900925,-0.335874140262604,2.92603277353218e-06,278528
970,1,0.0484999987747869,0.0484999987747869,0.000312915770336986,-0.335563242435455,2.94167856165378e-06,278528
971,1,0.0485499987735238,0.0485499987735238,0.000302333908621222,-0.335563242435455,2.95679525670296e-06,278528
972,1,0.0485999987722607,0.0485999987722607,0.000291254109470174,-0.335563242435455,2.97135796180859e-06,278528
973,1,0.0486499987709976,0.0486499987709976,0.000280298729194328,-0.335874140262604,2.98537289791426e-06,278528
974,1,0.0486999987697345,0.0486999987697345,0.000269841344561428,-0.335874140262604,2.99886496480149e-06,278528
975,1,0.0487499987684714,0.0487499987684714,0.000259010528679937,-0.335563242435455,3.01181549090833e-06,278528
976,1,0.0487999987672083,0.0487999987672083,0.000247183721512556,-0.335563242435455,3.02417467667174e-06,278528
977,1,0.0488499987659452,0.0488499987659452,0.000237722313613631,-0.335563242435455,3.03606079205215e-06,278528
978,1,0.0488999987646821,0.0488999987646821,0.000225646537728608,-0.335874140262604,3.04734311865357e-06,278528
979,1,0.048949998763419,0.048949998763419,0.000213944236747921,-0.337117880582809,3.05804033022073e-06,278528
980,1,0.0489999987621559,0.0489999987621559,0.000203237883397378,-0.336495995521545,3.06820222413389e-06,278528
981,1,0.0490499987608928,0.0490499987608928,0.000192158040590584,-0.337117880582809,3.0778101259207e-06,278528
982,1,0.0490999987596297,0.0490999987596297,0.000179584298166446,-0.338361591100693,3.08678934060219e-06,278528
983,1,0.0491499987583666,0.0491499987583666,0.000169002436450683,-0.339605331420898,3.09523946221125e-06,278528
984,1,0.0491999987571035,0.0491999987571035,0.000157175658387132,-0.339605331420898,3.10309824493208e-06,278528
985,1,0.0492499987558404,0.0492499987558404,0.000144352932693437,-0.339605331420898,3.11031589138442e-06,278528
986,1,0.0492999987545772,0.0492999987545772,0.000134393529151566,-0.341159969568253,3.11703556767224e-06,278528
987,1,0.0493499987533141,0.0493499987533141,0.000121072836918756,-0.342092782258987,3.12308920936525e-06,278528
988,1,0.049399998752051,0.049399998752051,0.000108623593405355,-0.343336492776871,3.12852038889832e-06,278528
989,1,0.0494499987507879,0.0494499987507879,9.79172327788547e-05,-0.344891130924225,3.13341625041358e-06,278528
990,1,0.0494999987495248,0.0494999987495248,8.45965405460447e-05,-0.344891130924225,3.13764607733403e-06,278528
991,1,0.0495499987482617,0.0495499987482617,7.37656882847659e-05,-0.345202058553696,3.14133436165509e-06,278528
992,1,0.0495999987469986,0.0495999987469986,6.08184745942708e-05,-0.348933219909668,3.14437528530799e-06,278528
993,1,0.0496499987457355,0.0496499987457355,4.96141510666348e-05,-0.34955507516861,3.14685599279865e-06,278528
994,1,0.0496999987444724,0.0496999987444724,3.69159133697394e-05,-0.352353453636169,3.14870178842051e-06,278528
995,1,0.0497499987432093,0.0497499987432093,2.5338113118778e-05,-0.353286266326904,3.14996869404444e-06,278528
996,1,0.0497999987419462,0.0497999987419462,1.35113259602804e-05,-0.354529976844788,3.15064426032539e-06,278528
997,1,0.0498499987406831,0.0498499987406831,3.15121610583446e-07,-0.355773717164993,3.15066001640552e-06,278528
998,1,0.04989999873942,0.04989999873942,-1.11381878014072e-05,-0.357950210571289,3.15010310702952e-06,278528
999,1,0.0499499987381569,0.0499499987381569,-2.35874358622823e-05,-0.359504848718643,3.1489237352662e-06,278528
1000,1,0.0499999987368938,0.0499999987368938,-3.49162583006546e-05,-0.361681401729584,3.14717792239527e-06,278528
1001,1,0.0500499987356307,0.0500499987356307,-4.84859338030219e-05,-0.36385789513588,3.14475362576636e-06,278528
1002,1,0.0500999987343675,0.0500999987343675,-5.95657656958792e-05,-0.366345345973969,3.1417753375568e-06,278528
1003,1,0.0501499987331044,0.0501499987331044,-7.15170535841025e-05,-0.368210941553116,3.13819948496793e-06,278528
1004,1,0.0501999987318413,0.0501999987318413,-8.32193327369168e-05,-0.370076507329941,3.1340385184362e-06,278528
1005,1,0.0502499987305782,0.0502499987305782,-9.4921633717604e-05,-0.372874885797501,3.12929243687022e-06,278528
1006,1,0.0502999987293151,0.0502999987293151,-0.000106499428511597,-0.373807668685913,3.12396746557916e-06,278528
1007,1,0.050349998728052,0.050349998728052,-0.000117828254587948,-0.377227872610092,3.11807605299859e-06,278528
1008,1,0.0503999987267889,0.0503999987267889,-0.000129281572299078,-0.37909346818924,3.11161197454693e-06,278528
1009,1,0.0504499987255258,0.0504499987255258,-0.00014098385872785,-0.381580919027328,3.10456278178862e-06,278528
1010,1,0.0504999987242627,0.0504999987242627,-0.000152686159708537,-0.38500115275383,3.09692847399605e-06,278528
1011,1,0.0505499987229996,0.0505499987229996,-0.000164139448315836,-0.386244863271713,3.08872150178758e-06,278528
1012,1,0.0505999987217365,0.0505999987217365,-0.000175841763848439,-0.389665126800537,3.07992941381727e-06,278528
1013,1,0.0506499987204734,0.0506499987204734,-0.00018667260883376,-0.39090883731842,3.07059578361137e-06,278528
1014,1,0.0506999987192103,0.0506999987192103,-0.000198499386897311,-0.39370721578598,3.06067081451723e-06,278528
1015,1,0.0507499987179472,0.0507499987179472,-0.000208209792617708,-0.395572811365128,3.05026032514933e-06,278528
1016,1,0.0507999987166841,0.0507999987166841,-0.000219787616515532,-0.399614900350571,3.03927094460117e-06,278528
1017,1,0.050849998715421,0.050849998715421,-0.000230618446948938,-0.403035134077072,3.02774002254502e-06,278528
1018,1,0.0508999987141578,0.0508999987141578,-0.000239581917412579,-0.405522584915161,3.01576092697701e-06,278528
1019,1,0.0509499987128947,0.0509499987128947,-0.000251533172558993,-0.408320933580399,3.00318426866677e-06,278528
1020,1,0.0509999987116316,0.0509999987116316,-0.000261368084466085,-0.410497456789017,2.9901158647736e-06,278528
1021,1,0.0510499987103685,0.0510499987103685,-0.000272198929451406,-0.413606762886047,2.97650591864485e-06,278528
1022,1,0.0510999987091054,0.0510999987091054,-0.000282407330814749,-0.418270707130432,2.96238555246082e-06,278528
1023,1,0.0511499987078423,0.0511499987078423,-0.000291993230348453,-0.420136302709579,2.94778589131222e-06,278528
1024,1,0.0511999987065792,0.0511999987065792,-0.000302201631711796,-0.423867464065552,2.93267581010834e-06,278528
1025,1,0.0512499987053161,0.0512499987053161,-0.000312285526888445,-0.426354914903641,2.91706153415837e-06,278528
1026,1,0.051299998704053,0.051299998704053,-0.000321497966069728,-0.429153293371201,2.90098663626097e-06,278528
1027,1,0.0513499987027899,0.0513499987027899,-0.00033033694489859,-0.433506339788437,2.88446978943329e-06,278528
1028,1,0.0513999987015268,0.0513999987015268,-0.000340171856805682,-0.435682833194733,2.86746119702268e-06,278528
1029,1,0.0514499987002637,0.0514499987002637,-0.000349010806530714,-0.439103066921234,2.85001065713698e-06,278528
1030,1,0.0514999986990006,0.0514999986990006,-0.000358347751898691,-0.443145155906677,2.83209326999468e-06,278528
1031,1,0.0515499986977375,0.0515499986977375,-0.000366937747457996,-0.445943534374237,2.81374638308526e-06,278528
1032,1,0.0515999986964744,0.0515999986964744,-0.000376399169908836,-0.448120057582855,2.79492642506525e-06,278528
1033,1,0.0516499986952113,0.0516499986952113,-0.000384366692742333,-0.453094959259033,2.77570809091363e-06,278528
1034,1,0.0516999986939481,0.0516999986939481,-0.000391960726119578,-0.455893307924271,2.75611005510274e-06,278528
1035,1,0.051749998692685,0.051749998692685,-0.000401546654757112,-0.45869168639183,2.73603272287208e-06,278528
1036,1,0.0517999986914219,0.0517999986914219,-0.000408144755056128,-0.462422847747803,2.7156254856348e-06,278528
1037,1,0.0518499986901588,0.0518499986901588,-0.000417108181864023,-0.465532153844833,2.69477007706845e-06,278528
1038,1,0.0518999986888957,0.0518999986888957,-0.000423208344727755,-0.468952387571335,2.67360966036662e-06,278528
1039,1,0.0519499986876326,0.0519499986876326,-0.000431549327913672,-0.472994476556778,2.65203219451603e-06,278528
1040,1,0.0519999986863695,0.0519999986863695,-0.000440139323472977,-0.47579288482666,2.63002522889833e-06,278528
1041,1,0.0520499986851064,0.0520499986851064,-0.00044499451178126,-0.47952401638031,2.60777550387134e-06,278528
1042,1,0.0520999986838433,0.0520999986838433,-0.000452837557531893,-0.482322424650192,2.58513362656673e-06,278528
1043,1,0.0521499986825802,0.0521499986825802,-0.000457319285487756,-0.48512077331543,2.56226766286998e-06,278528
1044,1,0.0521999986813171,0.0521999986813171,-0.000465286808321252,-0.489473819732666,2.53900332304163e-06,278528
1045,1,0.052249998680054,0.052249998680054,-0.000471386912977323,-0.492583096027374,2.51543397798817e-06,278528
1046,1,0.0522999986787909,0.0522999986787909,-0.000476989080198109,-0.495692402124405,2.49158452458075e-06,278528
1047,1,0.0523499986775278,0.0523499986775278,-0.000482715753605589,-0.4994235932827,2.4674487375102e-06,278528
1048,1,0.0523999986762647,0.0523999986762647,-0.000487072975374758,-0.503154695034027,2.44309508935668e-06,278528
1049,1,0.0524499986750016,0.0524499986750016,-0.00049454253166914,-0.506574988365173,2.41836796339789e-06,278528
1050,1,0.0524999986737384,0.0524999986737384,-0.000498775276355445,-0.509995222091675,2.39342920021012e-06,278528
1051,1,0.0525499986724753,0.0525499986724753,-0.000503505987580866,-0.513415455818176,2.36825390146706e-06,278528
1052,1,0.0525999986712122,0.0525999986712122,-0.000508983619511127,-0.516213774681091,2.3428047211344e-06,278528
1053,1,0.0526499986699491,0.0526499986699491,-0.000512095983140171,-0.519012212753296,2.31719992262422e-06,278528
1054,1,0.052699998668686,0.052699998668686,-0.000516204221639782,-0.523365199565887,2.29138971219426e-06,278528
1055,1,0.0527499986674229,0.0527499986674229,-0.000520063505973667,-0.525541722774506,2.26538653755247e-06,278528
1056,1,0.0527999986661598,0.0527999986661598,-0.000523798284120858,-0.528961956501007,2.23919662400804e-06,278528
1057,1,0.0528499986648967,0.0528499986648967,-0.000527906522620469,-0.53207129240036,2.21280129854382e-06,278528
1058,1,0.0528999986636336,0.0528999986636336,-0.000529898388776928,-0.536424279212952,2.18630637977429e-06,278528
1059,1,0.0529499986623705,0.0529499986623705,-0.000533259706571698,-0.53860080242157,2.15964339511927e-06,278528
1060,1,0.0529999986611074,0.0529999986611074,-0.000535500585101545,-0.543264746665955,2.13286836654058e-06,278528
1061,1,0.0530499986598443,0.0530499986598443,-0.000537990476004779,-0.544508516788483,2.10596884341988e-06,278528
1062,1,0.0530999986585812,0.0530999986585812,-0.000540355744305998,-0.548550605773926,2.07895105688711e-06,278528
1063,1,0.0531499986573181,0.0531499986573181,-0.00054209865629673,-0.551348924636841,2.051846124757e-06,278528
1064,1,0.053199998656055,0.053199998656055,-0.000543592497706413,-0.554147362709045,2.0246665005583e-06,278528
1065,1,0.0532499986547919,0.0532499986547919,-0.000544588488992304,-0.558189451694489,1.99743707679656e-06,278528
1066,1,0.0532999986535287,0.0532999986535287,-0.000545086513739079,-0.55974406003952,1.9701827517981e-06,278528
1067,1,0.0533499986522656,0.0533499986522656,-0.000547078379895538,-0.564097106456757,1.94282883349435e-06,278528
1068,1,0.0533999986510025,0.0533999986510025,-0.000546331400983036,-0.566273629665375,1.91551226413527e-06,278528
1069,1,0.0534499986497394,0.0534499986497394,-0.000546580413356423,-0.569382905960083,1.88818324415784e-06,278528
1070,1,0.0534999986484763,0.0534999986484763,-0.000546331400983036,-0.571248531341553,1.86086667479876e-06,278528
1071,1,0.0535499986472132,0.0535499986472132,-0.000546704919543117,-0.574046909809113,1.83353142951215e-06,278528
1072,1,0.0535999986459501,0.0535999986459501,-0.000545086513739079,-0.576845228672028,1.8062771045137e-06,278528
1073,1,0.053649998644687,0.053649998644687,-0.000545211019925773,-0.579954564571381,1.77901655420607e-06,278528
1074,1,0.0536999986434239,0.0536999986434239,-0.000542596681043506,-0.58275294303894,1.75188672083925e-06,278528
1075,1,0.0537499986421608,0.0537499986421608,-0.000541725195944309,-0.585240364074707,1.72480046172629e-06,278528
1076,1,0.0537999986408977,0.0537999986408977,-0.000540106790140271,-0.587416887283325,1.69779512290149e-06,278528
1077,1,0.0538499986396346,0.0538499986396346,-0.000538114982191473,-0.58928245306015,1.67088937447161e-06,278528
1078,1,0.0538999986383715,0.0538999986383715,-0.000534878054168075,-0.591769933700562,1.64414547243882e-06,278528
1079,1,0.0539499986371084,0.0539499986371084,-0.000533508660737425,-0.594257354736328,1.61747004007582e-06,278528
1080,1,0.0539999986358453,0.0539999986358453,-0.000530271849129349,-0.59674483537674,1.59095644828915e-06,278528
1081,1,0.0540499986345822,0.0540499986345822,-0.000527782016433775,-0.598610401153564,1.5645673481341e-06,278528
1082,1,0.054099998633319,0.054099998633319,-0.000523175811395049,-0.602030634880066,1.53840855822518e-06,278528
1083,1,0.0541499986320559,0.0541499986320559,-0.00051919202087447,-0.603274345397949,1.51244895783725e-06,278528
1084,1,0.0541999986307928,0.0541999986307928,-0.000515332794748247,-0.605139970779419,1.48668231875076e-06,278528
1085,1,0.0542499986295297,0.0542499986295297,-0.00051172252278775,-0.607627391815186,1.46109619325773e-06,278528
1086,1,0.0542999986282666,0.0542999986282666,-0.000507614226080477,-0.609803915023804,1.43571548259487e-06,278528
1087,1,0.0543499986270035,0.0543499986270035,-0.000502510112710297,-0.610114812850952,1.41058997759408e-06,278528
1088,1,0.0543999986257404,0.0543999986257404,-0.000497779343277216,-0.613535046577454,1.38570101105897e-06,278528
1089,1,0.0544499986244773,0.0544499986244773,-0.000492924067657441,-0.615400671958923,1.36105480829871e-06,278528
1090,1,0.0544999986232142,0.0544999986232142,-0.000486823992105201,-0.61602246761322,1.33671360930836e-06,278528
1091,1,0.0545499986219511,0.0545499986219511,-0.000481844297610223,-0.617266237735748,1.31262139503647e-06,278528
1092,1,0.054599998620688,0.054599998620688,-0.000475495180580765,-0.620375514030457,1.28884663660804e-06,278528
1093,1,0.0546499986194249,0.0546499986194249,-0.000470017519546673,-0.621308326721191,1.26534576122438e-06,278528
1094,1,0.0546999986181618,0.0546999986181618,-0.000462921452708542,-0.62161922454834,1.24219968917368e-06,278528
1095,1,0.0547499986168987,0.0547499986168987,-0.000457568268757313,-0.62348484992981,1.21932127631377e-06,278528
1096,1,0.0547999986156356,0.0547999986156356,-0.000449102750280872,-0.6244176030159,1.19686613936699e-06,278528
1097,1,0.0548499986143725,0.0548499986143725,-0.000441508716903627,-0.625972270965576,1.17479070407948e-06,278528
1098,1,0.0548999986131093,0.0548999986131093,-0.000434163666795939,-0.626594126224518,1.15308252128808e-06,278528
1099,1,0.0549499986118462,0.0549499986118462,-0.000426569633418694,-0.628148853778839,1.13175404015595e-06,278528
1100,1,0.0549999986105831,0.0549999986105831,-0.000417606177506968,-0.629392504692078,1.11087373180808e-06,278528
1101,1,0.05504999860932,0.05504999860932,-0.000411132583394647,-0.629703462123871,1.09031710315765e-06,278528
1102,1,0.0550999986080569,0.0550999986080569,-0.000402293575461954,-0.631258130073547,1.07020242489269e-06,278528
1103,1,0.0551499986067938,0.0551499986067938,-0.000392458663554862,-0.631879925727844,1.05057949221067e-06,278528
1104,1,0.0551999986055307,0.0551999986055307,-0.00038461564690806,-0.632190942764282,1.03134871035107e-06,278528
1105,1,0.0552499986042676,0.0552499986042676,-0.000375901174265891,-0.632812738418579,1.01255365211258e-06,278528
1106,1,0.0552999986030045,0.0552999986030045,-0.000365568295819685,-0.632812738418579,9.9427523778335e-07,278528
1107,1,0.0553499986017414,0.0553499986017414,-0.000356853823177516,-0.634056448936462,9.76432547075218e-07,278528
1108,1,0.0553999986004783,0.0553999986004783,-0.000346894434187561,-0.633123636245728,9.59087825804005e-07,278528
1109,1,0.0554499985992152,0.0554499985992152,-0.000336561555741355,-0.633434653282166,9.4225974844205e-07,278528
1110,1,0.0554999985979521,0.0554999985979521,-0.000326477660564706,-0.634678363800049,9.25935865826191e-07,278528
1111,1,0.055549998596689,0.055549998596689,-0.000316518271574751,-0.635611116886139,9.10109952647249e-07,278528
1112,1,0.0555999985954259,0.0555999985954259,-0.000304691464407369,-0.634678363800049,8.94875379811739e-07,278528
1113,1,0.0556499985941628,0.0556499985941628,-0.000295479025226086,-0.634678363800049,8.80101428923656e-07,278528
1114,1,0.0556999985928996,0.0556999985928996,-0.000283652276266366,-0.63530021905899,8.6591881546862e-07,278528
1115,1,0.0557499985916365,0.0557499985916365,-0.000272696895990521,-0.634678363800049,8.52283971013539e-07,278528
1116,1,0.0557999985903734,0.0557999985903734,-0.000261741573922336,-0.634056448936462,8.3919689264803e-07,278528
1117,1,0.0558499985891103,0.0558499985891103,-0.000250537239480764,-0.633745551109314,8.26670030990447e-07,278528
1118,1,0.0558999985878472,0.0558999985878472,-0.000238710461417213,-0.633123636245728,8.14734508221103e-07,278528
1119,1,0.0559499985865841,0.0559499985865841,-0.000226883683353662,-0.632812738418579,8.03390324339998e-07,278528
1120,1,0.055999998585321,0.055999998585321,-0.000215305874007754,-0.632190942764282,7.92625030911565e-07,278528
1121,1,0.0560499985840579,0.0560499985840579,-0.00020335458975751,-0.632501840591431,7.82457301680547e-07,278528
1122,1,0.0560999985827948,0.0560999985827948,-0.000191652317880653,-0.631879925727844,7.72874686028592e-07,278528
1123,1,0.0561499985815317,0.0561499985815317,-0.00017858057981357,-0.630947172641754,7.6394565726348e-07,278528
1124,1,0.0561999985802686,0.0561999985802686,-0.000166629310115241,-0.629703462123871,7.55614191968188e-07,278528
1125,1,0.0562499985790055,0.0562499985790055,-0.000154180059325881,-0.628148853778839,7.4790518919664e-07,278528
1126,1,0.0562999985777424,0.0562999985777424,-0.000141730808536522,-0.628148853778839,7.40818648948835e-07,278528
1127,1,0.0563499985764793,0.0563499985764793,-0.000128659085021354,-0.626283228397369,7.34385694860277e-07,278528
1128,1,0.0563999985752162,0.0563999985752162,-0.000115711874968838,-0.625661373138428,7.28600101257992e-07,278528
1129,1,0.0564499985739531,0.0564499985739531,-0.000104009588540066,-0.624106705188751,7.23399621962364e-07,278528
1130,1,0.0564999985726899,0.0564999985726899,-9.03154141269624e-05,-0.621930181980133,7.18883851370094e-07,278528
1131,1,0.0565499985714268,0.0565499985714268,-7.71192062529735e-05,-0.621308326721191,7.15027891154855e-07,278528
1132,1,0.0565999985701637,0.0565999985701637,-6.42964805592783e-05,-0.620375514030457,7.11813067208104e-07,278528
1133,1,0.0566499985689006,0.0566499985689006,-5.1100279961247e-05,-0.619131803512573,7.09258053274587e-07,278528
1134,1,0.0566999985676375,0.0566999985676375,-3.81530589947943e-05,-0.615711569786072,7.07350400373038e-07,278528
1135,1,0.0567499985663744,0.0567499985663744,-2.39609144045971e-05,-0.615400671958923,7.06152354683074e-07,278528
1136,1,0.0567999985651113,0.0567999985651113,-1.1636157069006e-05,-0.61415696144104,7.05570546844321e-07,278528
1137,1,0.0568499985638482,0.0568499985638482,1.43555405429652e-06,-0.611669480800629,7.05642324545223e-07,278528
1138,1,0.0568999985625851,0.0568999985625851,1.47562504935195e-05,-0.610425770282745,7.0638013705126e-07,278528
1139,1,0.056949998561322,0.056949998561322,2.83259323623497e-05,-0.607316434383392,7.07796433633599e-07,278528
1140,1,0.0569999985600589,0.0569999985600589,4.07751795137301e-05,-0.606072723865509,7.09835192557782e-07,278528
1141,1,0.0570499985587958,0.0570499985587958,5.48428361071274e-05,-0.604518055915833,7.12577334293866e-07,278528
1142,1,0.0570999985575327,0.0570999985575327,6.81635356158949e-05,-0.602963387966156,7.15985510988563e-07,278528
1143,1,0.0571499985562696,0.0571499985562696,8.07372707640752e-05,-0.599854111671448,7.20022374424787e-07,278528
1144,1,0.0571999985550065,0.0571999985550065,9.43069535424002e-05,-0.598921298980713,7.24737721982787e-07,278528
1145,1,0.0572499985537434,0.0572499985537434,0.000107876636320725,-0.595190167427063,7.30131553662564e-07,278528
1146,1,0.0572999985524802,0.0572999985524802,0.000120076903840527,-0.592702746391296,7.3613539870292e-07,278528
1147,1,0.0573499985512171,0.0573499985512171,0.000133397596073337,-0.589904308319092,7.42805278338092e-07,278528
1148,1,0.057399998549954,0.057399998549954,0.000146842779940926,-0.588038802146912,7.5014741714966e-07,278528
1149,1,0.0574499985486909,0.0574499985486909,0.000159665520186536,-0.5855513215065,7.58130692957312e-07,278528
1150,1,0.0574999985474278,0.0574999985474278,0.000171865773154423,-0.583996653556824,7.66723981397949e-07,278528
1151,1,0.0575499985461647,0.0575499985461647,0.000185310971573927,-0.580887377262115,7.75989529742578e-07,278528
1152,1,0.0575999985449016,0.0575999985449016,0.000198507172171958,-0.577778041362762,7.8591488810044e-07,278528
1153,1,0.0576499985436385,0.0576499985436385,0.000211454389500432,-0.575290620326996,7.96487607308372e-07,278528
1154,1,0.0576999985423754,0.0576999985423754,0.000223281182115898,-0.572181284427643,8.07651666132139e-07,278528
1155,1,0.0577499985411123,0.0577499985411123,0.000235979416174814,-0.569693863391876,8.19450636642813e-07,278528
1156,1,0.0577999985398492,0.0577999985398492,0.000247930700425059,-0.56720644235611,8.31847171350903e-07,278528
1157,1,0.0578499985385861,0.0578499985385861,0.000259384018136188,-0.564718961715698,8.44816371930083e-07,278528
1158,1,0.057899998537323,0.057899998537323,0.000271086290013045,-0.560365915298462,8.58370686088324e-07,278528
1159,1,0.0579499985360599,0.0579499985360599,0.000284158042632043,-0.558500349521637,8.72578587861004e-07,278528
1160,1,0.0579999985347968,0.0579999985347968,0.000294739846140146,-0.555080115795135,8.87315579795724e-07,278528
1161,1,0.0580499985335337,0.0580499985335337,0.000307811598759145,-0.551659882068634,9.02706159344883e-07,278528
1162,1,0.0580999985322705,0.0580999985322705,0.000317521975375712,-0.549172461032867,9.18582257712604e-07,278528
1163,1,0.0581499985310074,0.0581499985310074,0.000329722271999344,-0.546063125133514,9.35068370896097e-07,278528
1164,1,0.0581999985297443,0.0581999985297443,0.000340677594067529,-0.542021036148071,9.52102250169162e-07,278528
1165,1,0.0582499985284812,0.0582499985284812,0.000350014539435506,-0.54046642780304,9.69602976698831e-07,278528
1166,1,0.0582999985272181,0.0582999985272181,0.000361343350959942,-0.536424279212952,9.87670143790413e-07,278528
1167,1,0.058349998525955,0.058349998525955,0.000371551723219454,-0.533625900745392,1.00624772948208e-06,278528
1168,1,0.0583999985246919,0.0583999985246919,0.000382133614039049,-0.530827581882477,1.02535440970135e-06,278528
1169,1,0.0584499985234288,0.0584499985234288,0.000392590969568118,-0.527718245983124,1.04498395768388e-06,278528
1170,1,0.0584999985221657,0.0584999985221657,0.000401180965127423,-0.524608910083771,1.06504300543351e-06,278528
1171,1,0.0585499985209026,0.0585499985209026,0.000411015877034515,-0.519944965839386,1.08559379876608e-06,278528
1172,1,0.0585999985196395,0.0585999985196395,0.000420103810029104,-0.517768502235413,1.1065989887369e-06,278528
1173,1,0.0586499985183764,0.0586499985183764,0.000429814215749502,-0.513726413249969,1.12808969898147e-06,278528
1174,1,0.0586999985171133,0.0586999985171133,0.000438528717495501,-0.509995222091675,1.15001613430234e-06,278528
1175,1,0.0587499985158502,0.0587499985158502,0.000446496211225167,-0.507196843624115,1.17234094429963e-06,278528
1176,1,0.0587999985145871,0.0587999985145871,0.000454588211141527,-0.50346565246582,1.19507035428251e-06,278528
1177,1,0.058849998513324,0.058849998513324,0.000463053729617968,-0.500356376171112,1.21822304017852e-06,278528
1178,1,0.0588999985120608,0.0588999985120608,0.000470398779725656,-0.498179852962494,1.24174297857064e-06,278528
1179,1,0.0589499985107977,0.0589499985107977,0.000477494846563786,-0.494448691606522,1.26561772029571e-06,278528
1180,1,0.0589999985095346,0.0589999985095346,0.000485088909044862,-0.490095645189285,1.28987216513523e-06,278528
1181,1,0.0590499985082715,0.0590499985082715,0.000491064507514238,-0.487608224153519,1.31442538989067e-06,278528
1182,1,0.0590999985070084,0.0590999985070084,0.000498658569995314,-0.483877062797546,1.33935831776058e-06,278528
1183,1,0.0591499985057453,0.0591499985057453,0.000505505711771548,-0.479834973812103,1.36463360271065e-06,278528
1184,1,0.0591999985044822,0.0591999985044822,0.000510485377162695,-0.477347522974014,1.39015787092399e-06,278528
1185,1,0.0592499985032191,0.0592499985032191,0.000516585481818765,-0.47268357872963,1.41598714436242e-06,278528
1186,1,0.059299998501956,0.059299998501956,0.000522187678143382,-0.470196127891541,1.44209652761002e-06,278528
1187,1,0.0593499985006929,0.0593499985006929,0.000526171352248639,-0.467397749423981,1.46840509455784e-06,278528
1188,1,0.0593999984994298,0.0593999984994298,0.000532022502738982,-0.463044703006744,1.49500621902279e-06,278528
1189,1,0.0594499984981667,0.0594499984981667,0.000537375686690211,-0.460246354341507,1.52187500267853e-06,278528
1190,1,0.0594999984969036,0.0594999984969036,0.000540861510671675,-0.456826090812683,1.54891807752895e-06,278528
1191,1,0.0595499984956405,0.0595499984956405,0.000545343209523708,-0.453405857086182,1.57618523731631e-06,278528
1192,1,0.0595999984943774,0.0595999984943774,0.00054808211280033,-0.450296550989151,1.60358934226404e-06,278528
1193,1,0.0596499984931143,0.0596499984931143,0.000552563811652362,-0.447187274694443,1.63121753214871e-06,278528
1194,1,0.0596999984918511,0.0596999984918511,0.000555551610887051,-0.444077968597412,1.65899511199134e-06,278528
1195,1,0.059749998490588,0.059749998490588,0.000557667983230203,-0.440035879611969,1.68687851044846e-06,278528
1196,1,0.0597999984893249,0.0597999984893249,0.000560780346859246,-0.43754842877388,1.7149175270831e-06,278528
1197,1,0.0598499984880618,0.0598499984880618,0.000561900727916509,-0.433506339788437,1.74301256276918e-06,278528
1198,1,0.0598999984867987,0.0598999984867987,0.000564266112633049,-0.431018888950348,1.77122586768811e-06,278528
1199,1,0.0599499984855356,0.0599499984855356,0.000565760012250394,-0.426665842533112,1.79951386758601e-06,278528
1200,1,0.0599999984842725,0.0599999984842725,0.000566880451515317,-0.424178391695023,1.82785788944575e-06,278528
1201,1,0.0600499984830094,0.0600499984830094,0.000567751936614513,-0.422001898288727,1.85624548555934e-06,278528
1202,1,0.0600999984817463,0.0600999984817463,0.000569370342418551,-0.418270707130432,1.88471400196109e-06,278528
1203,1,0.0601499984804832,0.0601499984804832,0.000569743802770972,-0.414539575576782,1.91320119138e-06,278528
1204,1,0.0601999984792201,0.0601999984792201,0.000569743802770972,-0.4117411673069,1.9416883807989e-06,278528
1205,1,0.060249998477957,0.060249998477957,0.000569619296584278,-0.408942818641663,1.97016934490862e-06,278528
1206,1,0.0602999984766939,0.0602999984766939,0.000567876442801207,-0.406766295433044,1.99856316633139e-06,278528
1207,1,0.0603499984754308,0.0603499984754308,0.000567378418054432,-0.403346031904221,2.02693208651746e-06,278528
1208,1,0.0603999984741677,0.0603999984741677,0.000566008966416121,-0.400547683238983,2.05523253412333e-06,278528
1209,1,0.0604499984729046,0.0604499984729046,0.000565137539524585,-0.397749304771423,2.08348941038573e-06,278528
1210,1,0.0604999984716414,0.0604999984716414,0.000562398752663285,-0.395261853933334,2.11160934730853e-06,278528
1211,1,0.0605499984703783,0.0605499984703783,0.000561029301024973,-0.392463505268097,2.13966081165114e-06,278528
1212,1,0.0605999984691152,0.0605999984691152,0.0005585394683294,-0.388732314109802,2.16758778436211e-06,278528
1213,1,0.0606499984678521,0.0606499984678521,0.000556423095986247,-0.386866748332977,2.1954089384586e-06,278528
1214,1,0.060699998466589,0.060699998466589,0.000553933263290673,-0.384379297494888,2.22310560092346e-06,278528
1215,1,0.0607499984653259,0.0607499984653259,0.000549700518604368,-0.38220277428627,2.25059062615935e-06,278528
1216,1,0.0607999984640628,0.0607999984640628,0.00054745958186686,-0.380026280879974,2.27796360456119e-06,278528
1217,1,0.0608499984627997,0.0608499984627997,0.000541857443749905,-0.377849757671356,2.30505647606426e-06,278528
1218,1,0.0608999984615366,0.0608999984615366,0.000538869644515216,-0.37536233663559,2.33199995760938e-06,278528
1219,1,0.0609499984602735,0.0609499984602735,0.000534014427103102,-0.371942073106766,2.35870067829001e-06,278528
1220,1,0.0609999984590104,0.0609999984590104,0.000530404155142605,-0.370076507329941,2.38522088537719e-06,278528
1221,1,0.0610499984577473,0.0610499984577473,0.000524926465004683,-0.36976557970047,2.41146720796438e-06,278528
1222,1,0.0610999984564842,0.0610999984564842,0.000520071305800229,-0.366034388542175,2.43747077259749e-06,278528
1223,1,0.0611499984552211,0.0611499984552211,0.000513971142936498,-0.365412533283234,2.46316932909511e-06,278528
1224,1,0.061199998453958,0.061199998453958,0.000509115925524384,-0.363236039876938,2.48862512472827e-06,278528
1225,1,0.0612499984526949,0.0612499984526949,0.000502019829582423,-0.360126703977585,2.51372611557328e-06,278528
1226,1,0.0612999984514317,0.0612999984514317,0.000496915658004582,-0.35826113820076,2.53857189784585e-06,278528
1227,1,0.0613499984501686,0.0613499984501686,0.000491313461679965,-0.356706500053406,2.56313757030927e-06,278528
1228,1,0.0613999984489055,0.0613999984489055,0.000483843963593245,-0.354529976844788,2.58732976787779e-06,278528
1229,1,0.0614499984476424,0.0614499984476424,0.000476872373837978,-0.354219049215317,2.61117338596735e-06,278528
1230,1,0.0614999984463793,0.0614999984463793,0.000470025319373235,-0.351109713315964,2.63467465134232e-06,278528
1231,1,0.0615499984451162,0.0615499984451162,0.000463178206700832,-0.350798815488815,2.65783356109231e-06,278528
1232,1,0.0615999984438531,0.0615999984438531,0.000454712717328221,-0.34862232208252,2.68056919638437e-06,278528
1233,1,0.06164999844259,0.06164999844259,0.000447990139946342,-0.346445769071579,2.70296870281583e-06,278528
1234,1,0.0616999984413269,0.0616999984413269,0.000438653223682195,-0.346445769071579,2.72490136344588e-06,278528
1235,1,0.0617499984400638,0.0617499984400638,0.000431183638283983,-0.344891130924225,2.74646054481545e-06,278528
1236,1,0.0617999984388007,0.0617999984388007,0.00042334062163718,-0.343647420406342,2.76762757536258e-06,278528
1237,1,0.0618499984375376,0.0618499984375376,0.000414377136621624,-0.342403680086136,2.78834643167026e-06,278528
1238,1,0.0618999984362745,0.0618999984362745,0.000405289203627035,-0.341159969568253,2.80861089133969e-06,278528
1239,1,0.0619499984350114,0.0619499984350114,0.000397695141145959,-0.340849041938782,2.82849564789465e-06,278528
1240,1,0.0619999984337483,0.0619999984337483,0.000387237756513059,-0.339605331420898,2.84785753523119e-06,278528
1241,1,0.0620499984324852,0.0620499984324852,0.000379021279513836,-0.338672518730164,2.86680859872813e-06,278528
1242,1,0.062099998431222,0.062099998431222,0.00037005779449828,-0.337428778409958,2.88531148798562e-06,278528
1243,1,0.0621499984299589,0.0621499984299589,0.00035960046807304,-0.337739735841751,2.90329151093506e-06,278528
1244,1,0.0621999984286958,0.0621999984286958,0.000350388028891757,-0.3380506336689,2.92081091193707e-06,278528
1245,1,0.0622499984274327,0.0622499984274327,0.00034105105441995,-0.335874140262604,2.93786346422729e-06,278528
1246,1,0.0622999984261696,0.0622999984261696,0.000329722271999344,-0.335563242435455,2.95434957741078e-06,278528
1247,1,0.0623499984249065,0.0623499984249065,0.000321256753522903,-0.335874140262604,2.97041241468114e-06,278528
1248,1,0.0623999984236434,0.0623999984236434,0.000309056515106931,-0.335874140262604,2.98586524004612e-06,278528
1249,1,0.0624499984223803,0.0624499984223803,0.000299097097013146,-0.335563242435455,3.00082009451899e-06,278528
1250,1,0.0624999984211172,0.0624999984211172,0.000287892791675404,-0.33431950211525,3.01521473373912e-06,278528
1251,1,0.0625499984198541,0.0625499984198541,0.000277808896498755,-0.335563242435455,3.02910517821315e-06,278528
1252,1,0.062599998418591,0.062599998418591,0.000266604562057182,-0.33431950211525,3.04243540597926e-06,278528
1253,1,0.0626499984173279,0.0626499984173279,0.000255773717071861,-0.335563242435455,3.05522409150978e-06,278528
1254,1,0.0626999984160648,0.0626999984160648,0.000245565344812348,-0.33463042974472,3.06750235844023e-06,278528
1255,1,0.0627499984148017,0.0627499984148017,0.00023348955437541,-0.335252285003662,3.07917683586408e-06,278528
1256,1,0.0627999984135386,0.0627999984135386,0.000222658709390089,-0.336185097694397,3.09030977105234e-06,278528
1257,1,0.0628499984122755,0.0628499984122755,0.000211080914596096,-0.337428778409958,3.10086381651553e-06,278528
1258,1,0.0628999984110123,0.0628999984110123,0.000199503105250187,-0.337117880582809,3.11083897152604e-06,278528
1259,1,0.0629499984097492,0.0629499984097492,0.000188174279173836,-0.338983446359634,3.12024768524705e-06,278528
1260,1,0.0629999984084861,0.0629999984084861,0.000176845482201315,-0.338361591100693,3.12908995913374e-06,278528
1261,1,0.063049998407223,0.063049998407223,0.00016501868958585,-0.338361591100693,3.1373408934046e-06,278528
1262,1,0.0630999984059599,0.0630999984059599,0.000153316388605163,-0.339605331420898,3.1450067126412e-06,278528
1263,1,0.0631499984046968,0.0631499984046968,0.000142236560350284,-0.340849041938782,3.15211854047905e-06,278528
1264,1,0.0631999984034337,0.0631999984034337,0.000130285290651955,-0.340849041938782,3.15863280484709e-06,278528
1265,1,0.0632499984021706,0.0632499984021706,0.000117836032586638,-0.343336492776871,3.16452460632758e-06,278528
1266,1,0.0632999984009075,0.0632999984009075,0.00010688068869058,-0.343336492776871,3.16986864062711e-06,278528
1267,1,0.0633499983996444,0.0633499983996444,9.44314451771788e-05,-0.344891130924225,3.17459021276669e-06,278528
1268,1,0.0633999983983813,0.0633999983983813,8.24801609269343e-05,-0.346134871244431,3.17871422070885e-06,278528
1269,1,0.0634499983971182,0.0634499983971182,7.05288912286051e-05,-0.347067624330521,3.1822406651812e-06,278528
1270,1,0.0634999983958551,0.0634999983958551,5.74571749893948e-05,-0.348933219909668,3.18511352385809e-06,278528
1271,1,0.063549998394592,0.063549998394592,4.57548776466865e-05,-0.350798815488815,3.18740126768264e-06,278528
1272,1,0.0635999983933289,0.0635999983933289,3.4301574487472e-05,-0.351420670747757,3.18911634636368e-06,278528
1273,1,0.0636499983920658,0.0636499983920658,2.21013087866595e-05,-0.352664411067963,3.1902214117751e-06,278528
1274,1,0.0636999983908026,0.0636999983908026,1.02745207186672e-05,-0.354840904474258,3.19073513779805e-06,278528
1275,1,0.0637499983895395,0.0637499983895395,-1.92574316315586e-06,-0.357017397880554,3.19063885064233e-06,278528
1276,1,0.0637999983882764,0.0637999983882764,-1.31300685097813e-05,-0.357328355312347,3.18998234723342e-06,278528
1277,1,0.0638499983870133,0.0638499983870133,-2.58283016592031e-05,-0.359504848718643,3.18869093218309e-06,278528
1278,1,0.0638999983857502,0.0638999983857502,-3.79040720872581e-05,-0.362925112247467,3.1867957286266e-06,278528
1279,1,0.0639499983844871,0.0639499983844871,-4.87349170725793e-05,-0.364168792963028,3.18435898283453e-06,278528
1280,1,0.063999998383224,0.063999998383224,-6.11841678619385e-05,-0.366345345973969,3.18129977451872e-06,278528
1281,1,0.0640499983819609,0.0640499983819609,-7.42558841011487e-05,-0.368521839380264,3.17758698040745e-06,278528
1282,1,0.0640999983806978,0.0640999983806978,-8.50867290864699e-05,-0.37069833278656,3.1733326440606e-06,278528
1283,1,0.0641499983794347,0.0641499983794347,-9.74114809650928e-05,-0.372253030538559,3.16846207013539e-06,278528
1284,1,0.0641999983781716,0.0641999983781716,-0.000109113774669822,-0.374429523944855,3.16300638153972e-06,278528
1285,1,0.0642499983769085,0.0642499983769085,-0.000120318101835437,-0.377227872610092,3.15699047659992e-06,278528
1286,1,0.0642999983756454,0.0642999983756454,-0.000132020388264209,-0.380959063768387,3.15038945735347e-06,278528
1287,1,0.0643499983743823,0.0643499983743823,-0.000143100216519088,-0.381580919027328,3.14323444670826e-06,278528
1288,1,0.0643999983731192,0.0643999983731192,-0.000154678040416911,-0.385623008012772,3.13550054488279e-06,278528
1289,1,0.0644499983718561,0.0644499983718561,-0.000166753801750019,-0.387177675962448,3.12716285500592e-06,278528
1290,1,0.0644999983705929,0.0644999983705929,-0.000177958121639676,-0.390286952257156,3.11826494914872e-06,278528
1291,1,0.0645499983693298,0.0645499983693298,-0.000189784899703227,-0.392463505268097,3.10877570440327e-06,278528
1292,1,0.0645999983680667,0.0645999983680667,-0.000199246351257898,-0.395261853933334,3.09881338709205e-06,278528
1293,1,0.0646499983668036,0.0646499983668036,-0.000211197620956227,-0.397127449512482,3.088253506311e-06,278528
1294,1,0.0646999983655405,0.0646999983655405,-0.000222152957576327,-0.399925827980042,3.07714585871279e-06,278528
1295,1,0.0647499983642774,0.0647499983642774,-0.000232485821470618,-0.402724206447601,3.06552156793291e-06,278528
1296,1,0.0647999983630143,0.0647999983630143,-0.00024281871446874,-0.40583348274231,3.05338063251618e-06,278528
1297,1,0.0648499983617512,0.0648499983617512,-0.000253525067819282,-0.409253746271133,3.04070437944545e-06,278528
1298,1,0.0648999983604881,0.0648999983604881,-0.000264480418991297,-0.4117411673069,3.02748035882995e-06,278528
1299,1,0.064949998359225,0.064949998359225,-0.000274315301794559,-0.414850473403931,3.01376459408671e-06,278528
1300,1,0.0649999983579619,0.0649999983579619,-0.000285644113318995,-0.418581664562225,2.99948238878156e-06,278528
1301,1,0.0650499983566988,0.0650499983566988,-0.000295230041956529,-0.420758157968521,2.98472088705664e-06,278528
1302,1,0.0650999983554357,0.0650999983554357,-0.000304691464407369,-0.423556536436081,2.96948631422113e-06,278528
1303,1,0.0651499983541726,0.0651499983541726,-0.000314401899231598,-0.427287697792053,2.95376621965667e-06,278528
1304,1,0.0651999983529095,0.0651999983529095,-0.000323116371873766,-0.431329786777496,2.93761040147111e-06,278528
1305,1,0.0652499983516464,0.0652499983516464,-0.000332453317241743,-0.433817237615585,2.92098773602895e-06,278528
1306,1,0.0652999983503832,0.0652999983503832,-0.000341167760780081,-0.435371905565262,2.90392934842088e-06,278528
1307,1,0.0653499983491201,0.0653499983491201,-0.000351127149770036,-0.439413994550705,2.88637299137589e-06,278528
1308,1,0.065399998347857,0.065399998347857,-0.000360090663889423,-0.443145155906677,2.86836845863625e-06,278528
1309,1,0.0654499983465939,0.0654499983465939,-0.000368058157619089,-0.44687631726265,2.84996555122019e-06,278528
1310,1,0.0654999983453308,0.0654999983453308,-0.000377270625904202,-0.449363768100739,2.83110202040151e-06,278528
1311,1,0.0655499983440677,0.0655499983440677,-0.0003869810316246,-0.451540261507034,2.81175296930908e-06,278528
1312,1,0.0655999983428046,0.0655999983428046,-0.000393828086089343,-0.455893307924271,2.79206156550206e-06,278528
1313,1,0.0656499983415415,0.0656499983415415,-0.000402293575461954,-0.459935396909714,2.7719468872371e-06,278528
1314,1,0.0656999983402784,0.0656999983402784,-0.000410012115025893,-0.463355630636215,2.7514462820037e-06,278528
1315,1,0.0657499983390153,0.0657499983390153,-0.000418477633502334,-0.466464936733246,2.73052240085716e-06,278528
1316,1,0.0657999983377522,0.0657999983377522,-0.00042507570469752,-0.470196127891541,2.7092686161592e-06,278528
1317,1,0.0658499983364891,0.0658499983364891,-0.000432794244261459,-0.47268357872963,2.68762890449279e-06,278528
1318,1,0.065899998335226,0.065899998335226,-0.000440388306742534,-0.477347522974014,2.66560948971192e-06,278528
1319,1,0.0659499983339629,0.0659499983339629,-0.000446737423771992,-0.47952401638031,2.6432726190876e-06,278528
1320,1,0.0659999983326998,0.0659999983326998,-0.000452713051345199,-0.483877062797546,2.62063696709216e-06,278528
1321,1,0.0660499983314367,0.0660499983314367,-0.00046080508036539,-0.486986368894577,2.59759671365594e-06,278528
1322,1,0.0660999983301735,0.0660999983301735,-0.000466407218482345,-0.49102845788002,2.57427635332095e-06,278528
1323,1,0.0661499983289104,0.0661499983289104,-0.000473752297693864,-0.493515908718109,2.55058873903465e-06,278528
1324,1,0.0661999983276473,0.0661999983276473,-0.000478856469271705,-0.497557997703552,2.52664591617591e-06,278528
1325,1,0.0662499983263842,0.0662499983263842,-0.000483960669953376,-0.500045418739319,2.50244788328954e-06,278528
1326,1,0.0662999983251211,0.0662999983251211,-0.000490558741148561,-0.504087507724762,2.47791994685174e-06,278528
1327,1,0.066349998323858,0.066349998323858,-0.00049454253166914,-0.506574988365173,2.45319282089294e-06,278528
1328,1,0.0663999983225949,0.0663999983225949,-0.000499397749081254,-0.510927975177765,2.42822293406967e-06,278528
1329,1,0.0664499983213318,0.0664499983213318,-0.000503879506140947,-0.513415455818176,2.40302895939908e-06,278528
1330,1,0.0664999983200687,0.0664999983200687,-0.000508734723553061,-0.517457544803619,2.37759222386401e-06,278528
1331,1,0.0665499983188056,0.0665499983188056,-0.000513589882757515,-0.520566821098328,2.35191273037485e-06,278528
1332,1,0.0665999983175425,0.0665999983175425,-0.000517200212925673,-0.523676156997681,2.32605272038185e-06,278528
1333,1,0.0666499983162794,0.0666499983162794,-0.000520561414305121,-0.526785492897034,2.30002465032412e-06,278528
1334,1,0.0666999983150163,0.0666999983150163,-0.000525167677551508,-0.529583811759949,2.27376626710988e-06,278528
1335,1,0.0667499983137532,0.0667499983137532,-0.000529151409864426,-0.53300404548645,2.24730869728504e-06,278528
1336,1,0.0667999983124901,0.0667999983124901,-0.000530396355316043,-0.536424279212952,2.22078888018918e-06,278528
1337,1,0.066849998311227,0.066849998311227,-0.000533508660737425,-0.539533615112305,2.19411344782619e-06,278528
1338,1,0.0668999983099638,0.0668999983099638,-0.000535376078914851,-0.543264746665955,2.16734464455668e-06,278528
1339,1,0.0669499983087007,0.0669499983087007,-0.000537865911610425,-0.546374082565308,2.14045134965554e-06,278528
1340,1,0.0669999983074376,0.0669999983074376,-0.000540853769052774,-0.549794316291809,2.11340866188606e-06,278528
1341,1,0.0670499983061745,0.0670499983061745,-0.000541476241778582,-0.552592694759369,2.08633485048107e-06,278528
1342,1,0.0670999983049114,0.0670999983049114,-0.00054309464758262,-0.555391073226929,2.05918011878793e-06,278528
1343,1,0.0671499983036483,0.0671499983036483,-0.000544215028639883,-0.557256639003754,2.03196936804334e-06,278528
1344,1,0.0671999983023852,0.0671999983023852,-0.0005454599740915,-0.560987830162048,2.00469637002774e-06,278528
1345,1,0.0672499983011221,0.0672499983011221,-0.000546206894796342,-0.563786149024963,1.97738602597784e-06,278528
1346,1,0.067299998299859,0.067299998299859,-0.0005454599740915,-0.566273629665375,1.95011302796224e-06,278528
1347,1,0.0673499982985959,0.0673499982985959,-0.000546704919543117,-0.569072008132935,1.92277778267563e-06,278528
1348,1,0.0673999982973328,0.0673999982973328,-0.000544961949344724,-0.572492241859436,1.89552968589673e-06,278528
1349,1,0.0674499982960697,0.0674499982960697,-0.000544339534826577,-0.575601577758789,1.86831270984296e-06,278528
1350,1,0.0674999982948066,0.0674999982948066,-0.000545086513739079,-0.577778041362762,1.84105838484451e-06,278528
1351,1,0.0675499982935435,0.0675499982935435,-0.0005427211872302,-0.580887377262115,1.81392232616852e-06,278528
1352,1,0.0675999982922804,0.0675999982922804,-0.000542347668670118,-0.583374798297882,1.78680494342005e-06,278528
1353,1,0.0676499982910173,0.0676499982910173,-0.000541227229405195,-0.5855513215065,1.75974358263342e-06,278528
1354,1,0.0676999982897541,0.0676999982897541,-0.00053873733850196,-0.587416887283325,1.73280671638881e-06,278528
1355,1,0.067749998288491,0.067749998288491,-0.000537243497092277,-0.590215265750885,1.70594454221279e-06,278528
1356,1,0.0677999982872279,0.0677999982872279,-0.000534255639649928,-0.591769933700562,1.67923176090511e-06,278528
1357,1,0.0678499982859648,0.0678499982859648,-0.000531765806954354,-0.59487920999527,1.65264347122907e-06,278528
1358,1,0.0678999982847017,0.0678999982847017,-0.000528404547367245,-0.597366690635681,1.62622324452814e-06,278528
1359,1,0.0679499982834386,0.0679499982834386,-0.000526661635376513,-0.600165069103241,1.59989016342455e-06,278528
1360,1,0.0679999982821755,0.0679999982821755,-0.00052217987831682,-0.601408779621124,1.57378117016827e-06,278528
1361,1,0.0680499982809124,0.0680499982809124,-0.000520312460139394,-0.603585243225098,1.54776554781851e-06,278528
1362,1,0.0680999982796493,0.0680999982796493,-0.000514834770001471,-0.607316434383392,1.52202380996873e-06,278528
1363,1,0.0681499982783862,0.0681499982783862,-0.000510104058776051,-0.607938289642334,1.49651860767424e-06,278528
1364,1,0.0681999982771231,0.0681999982771231,-0.000506742799188942,-0.611047625541687,1.47118146835487e-06,278528
1365,1,0.06824999827586,0.06824999827586,-0.00050126516725868,-0.61229133605957,1.44611821062508e-06,278528
1366,1,0.0682999982745969,0.0682999982745969,-0.000497032422572374,-0.613535046577454,1.42126659012427e-06,278528
1367,1,0.0683499982733338,0.0683499982733338,-0.000491803686600178,-0.615711569786072,1.39667640641546e-06,278528
1368,1,0.0683999982720707,0.0683999982720707,-0.000486077042296529,-0.616644322872162,1.3723725549146e-06,278528
1369,1,0.0684499982708076,0.0684499982708076,-0.000481595314340666,-0.619442760944366,1.34829278980587e-06,278528
1370,1,0.0684999982695444,0.0684999982695444,-0.000473752297693864,-0.620064616203308,1.32460517551958e-06,278528
1371,1,0.0685499982682813,0.0685499982682813,-0.000467278703581542,-0.621930181980133,1.30124124093073e-06,278528
1372,1,0.0685999982670182,0.0685999982670182,-0.000461801013443619,-0.622862994670868,1.27815119084185e-06,278528
1373,1,0.0686499982657551,0.0686499982657551,-0.000454704946605489,-0.623795747756958,1.25541594408592e-06,278528
1374,1,0.068699998264492,0.068699998264492,-0.000448480306658894,-0.625350415706635,1.23299192931945e-06,278528
1375,1,0.0687499982632289,0.0687499982632289,-0.000440886302385479,-0.626283228397369,1.21094761475706e-06,278528
1376,1,0.0687999982619658,0.0687999982619658,-0.000433790235547349,-0.627526938915253,1.18925810352762e-06,278528
1377,1,0.0688499982607027,0.0688499982607027,-0.000425822683610022,-0.628770649433136,1.16796696988498e-06,278528
1378,1,0.0688999982594396,0.0688999982594396,-0.000417979637859389,-0.630014359951019,1.14706798851996e-06,278528
1379,1,0.0689499982581765,0.0689499982581765,-0.000409389671403915,-0.630636215209961,1.12659850546687e-06,278528
1380,1,0.0689999982569134,0.0689999982569134,-0.000400301709305495,-0.631258130073547,1.10658342050721e-06,278528
1381,1,0.0690499982556503,0.0690499982556503,-0.000392334215575829,-0.631879925727844,1.08696671022398e-06,278528
1382,1,0.0690999982543872,0.0690999982543872,-0.000383370730560273,-0.633434653282166,1.06779817418021e-06,278528
1383,1,0.0691499982531241,0.0691499982531241,-0.000373535818653181,-0.633434653282166,1.04912138371936e-06,278528
1384,1,0.069199998251861,0.069199998251861,-0.000363700906746089,-0.633745551109314,1.03093633884145e-06,278528
1385,1,0.0692499982505979,0.0692499982505979,-0.000354737450834364,-0.632812738418579,1.0131994667478e-06,278528
1386,1,0.0692999982493347,0.0692999982493347,-0.000344529078574851,-0.634367406368256,9.95973013254239e-07,278528
1387,1,0.0693499982480716,0.0693499982480716,-0.000334818643750623,-0.634678363800049,9.79232081489619e-07,278528
1388,1,0.0693999982468085,0.0693999982468085,-0.000325108267134055,-0.63530021905899,9.62976668543563e-07,278528
1389,1,0.0694499982455454,0.0694499982455454,-0.000315024371957406,-0.634989261627197,9.47225450343602e-07,278528
1390,1,0.0694999982442823,0.0694999982442823,-0.000304193497868255,-0.634678363800049,9.32015775834418e-07,278528
1391,1,0.0695499982430192,0.0695499982430192,-0.000293362652882934,-0.634367406368256,9.17347643560819e-07,278528
1392,1,0.0695999982417561,0.0695999982417561,-0.000283154280623421,-0.63530021905899,9.03189929887302e-07,278528
1393,1,0.069649998240493,0.069649998240493,-0.000271700992016122,-0.634056448936462,8.89604880629683e-07,278528
1394,1,0.0696999982392299,0.0696999982392299,-0.000260745611740276,-0.634678363800049,8.76567600372019e-07,278528
1395,1,0.0697499982379668,0.0697499982379668,-0.000248794356593862,-0.634678363800049,8.6412788285658e-07,278528
1396,1,0.0697999982367037,0.0697999982367037,-0.000237465530517511,-0.634056448936462,8.52254606630648e-07,278528
1397,1,0.0698499982354406,0.0698499982354406,-0.000224642804823816,-0.633123636245728,8.41022466673205e-07,278528
1398,1,0.0698999982341775,0.0698999982341775,-0.00021381197439041,-0.632190942764282,8.30331868223752e-07,278528
1399,1,0.0699499982329144,0.0699499982329144,-0.00020235865667928,-0.632190942764282,8.20213935645389e-07,278528
1400,1,0.0699999982316513,0.0699999982316513,-0.0001900338975247,-0.632190942764282,8.10712241009187e-07,278528
1401,1,0.0700499982303882,0.0700499982303882,-0.00017721118638292,-0.630947172641754,8.01851681913877e-07,278528
1402,1,0.070099998229125,0.070099998229125,-0.000164886412676424,-0.629081547260284,7.93607361488325e-07,278528
1403,1,0.0701499982278619,0.0701499982278619,-0.000153557601151988,-0.627837836742401,7.85929481624685e-07,278528
1404,1,0.0701999982265988,0.0701999982265988,-0.000140112417284399,-0.627526938915253,7.78923860937442e-07,278528
1405,1,0.0702499982253357,0.0702499982253357,-0.000127538660308346,-0.627216041088104,7.7254692808312e-07,278528
1406,1,0.0702999982240726,0.0702999982240726,-0.000113471010990907,-0.6244176030159,7.668733776769e-07,278528
1407,1,0.0703499982228095,0.0703499982228095,-0.000102391182736028,-0.624728560447693,7.6175381866943e-07,278528
1408,1,0.0703999982215464,0.0703999982215464,-8.8697015598882e-05,-0.622552037239075,7.57318968001519e-07,278528
1409,1,0.0704499982202833,0.0704499982202833,-7.51273328205571e-05,-0.62161922454834,7.53562601455385e-07,278528
1410,1,0.0704999982190202,0.0704999982190202,-6.25535831204616e-05,-0.619753658771515,7.50434922378374e-07,278528
1411,1,0.0705499982177571,0.0705499982177571,-5.02288312418386e-05,-0.618820905685425,7.47923480879726e-07,278528
1412,1,0.070599998216494,0.070599998216494,-3.6534656828735e-05,-0.616644322872162,7.46096748084437e-07,278528
1413,1,0.0706499982152309,0.0706499982152309,-2.3462946046493e-05,-0.615711569786072,7.44923600811748e-07,278528
1414,1,0.0706999982139678,0.0706999982139678,-9.7687698144e-06,-0.612602233886719,7.44435162333367e-07,278528
1415,1,0.0707499982127047,0.0707499982127047,2.30700152314967e-06,-0.611047625541687,7.44550512406611e-07,278528
1416,1,0.0707999982114416,0.0707999982114416,1.58766815729905e-05,-0.608871102333069,7.45344346465206e-07,278528
1417,1,0.0708499982101785,0.0708499982101785,2.95708578050835e-05,-0.607005536556244,7.46822889318109e-07,278528
1418,1,0.0708999982089153,0.0708999982089153,4.23935853177682e-05,-0.605761826038361,7.4894256853045e-07,278528
1419,1,0.0709499982076522,0.0709499982076522,5.6087756092893e-05,-0.603585243225098,7.5174695626425e-07,278528
1420,1,0.0709999982063891,0.0709999982063891,6.96574352332391e-05,-0.602030634880066,7.55229827937927e-07,278528
1421,1,0.071049998205126,0.071049998205126,8.2853643107228e-05,-0.598921298980713,7.59372509988636e-07,278528
1422,1,0.0710999982038629,0.0710999982038629,9.58008604357019e-05,-0.59767758846283,7.64162552889414e-07,278528
1423,1,0.0711499982025998,0.0711499982025998,0.000108623593405355,-0.595501065254211,7.69593732422479e-07,278528
1424,1,0.0711999982013367,0.0711999982013367,0.000121819794003386,-0.592702746391296,7.75684721968777e-07,278528
1425,1,0.0712499982000736,0.0712499982000736,0.000135140493512154,-0.588660657405853,7.82441746473688e-07,278528
1426,1,0.0712999981988105,0.0712999981988105,0.0001488346606493,-0.58834969997406,7.89883479318159e-07,278528
1427,1,0.0713499981975474,0.0713499981975474,0.000161034942721017,-0.5855513215065,7.97935226250805e-07,278528
1428,1,0.0713999981962843,0.0713999981962843,0.000174231143319048,-0.583374798297882,8.06646783196685e-07,278528
1429,1,0.0714499981950212,0.0714499981950212,0.000187302852282301,-0.579954564571381,8.16011925574217e-07,278528
1430,1,0.0714999981937581,0.0714999981937581,0.000199129630345851,-0.576845228672028,8.25968406839988e-07,278528
1431,1,0.071549998192495,0.071549998192495,0.000211454389500432,-0.575601577758789,8.3654112604792e-07,278528
1432,1,0.0715999981912319,0.0715999981912319,0.000224526098463684,-0.571248531341553,8.47767430687504e-07,278528
1433,1,0.0716499981899688,0.0716499981899688,0.000235979416174814,-0.569072008132935,8.59566401198177e-07,278528
1434,1,0.0716999981887056,0.0716999981887056,0.000247806194238365,-0.566895484924316,8.7195671059709e-07,278528
1435,1,0.0717499981874425,0.0717499981874425,0.000261251378105953,-0.563786149024963,8.850192791724e-07,278528
1436,1,0.0717999981861794,0.0717999981861794,0.000272829202003777,-0.55974406003952,8.98660738927976e-07,278528
1437,1,0.0718499981849163,0.0718499981849163,0.000284655950963497,-0.556634783744812,9.128935361166e-07,278528
1438,1,0.0718999981836532,0.0718999981836532,0.000296109297778457,-0.554769217967987,9.27699000631506e-07,278528
1439,1,0.0719499981823901,0.0719499981823901,0.000307811598759145,-0.552592694759369,9.43089580180664e-07,278528
1440,1,0.071999998181127,0.071999998181127,0.000319638347718865,-0.547306835651398,9.5907149716287e-07,278528
1441,1,0.0720499981798639,0.0720499981798639,0.000329722271999344,-0.545441269874573,9.75557610346363e-07,278528
1442,1,0.0720999981786008,0.0720999981786008,0.00034105105441995,-0.542331993579865,9.92610162636577e-07,278528
1443,1,0.0721499981773377,0.0721499981773377,0.000351632916135713,-0.539844572544098,1.01019180799921e-06,278528
1444,1,0.0721999981760746,0.0721999981760746,0.000362463819328696,-0.536113381385803,1.02831499850782e-06,278528
1445,1,0.0722499981748115,0.0722499981748115,0.000373668095562607,-0.532693147659302,1.04699840281397e-06,278528
1446,1,0.0722999981735484,0.0722999981735484,0.000381884630769491,-0.5292729139328,1.06609263387008e-06,278528
1447,1,0.0723499981722853,0.0723499981722853,0.000393337919376791,-0.525852680206299,1.08575952934209e-06,278528
1448,1,0.0723999981710222,0.0723999981710222,0.000402052362915128,-0.522743344306946,1.10586214698001e-06,278528
1449,1,0.0724499981697591,0.0724499981697591,0.000411389337386936,-0.519634068012238,1.12643161332973e-06,278528
1450,1,0.0724999981684959,0.0724999981684959,0.000420228316215798,-0.515591979026794,1.14744302860973e-06,278528
1451,1,0.0725499981672328,0.0725499981672328,0.000429191743023694,-0.513415455818176,1.1689026152188e-06,278528
1452,1,0.0725999981659697,0.0725999981659697,0.000438030721852556,-0.50906240940094,1.19080415075815e-06,278528
1453,1,0.0726499981647066,0.0726499981647066,0.000446496211225167,-0.50626403093338,1.21312896075543e-06,278528
1454,1,0.0726999981634435,0.0726999981634435,0.000454712717328221,-0.50253289937973,1.23586459604749e-06,278528
1455,1,0.0727499981621804,0.0727499981621804,0.000463178206700832,-0.499734491109848,1.25902350579749e-06,278528
1456,1,0.0727999981609173,0.0727999981609173,0.000470523256808519,-0.497247040271759,1.2825496680436e-06,278528
1457,1,0.0728499981596542,0.0728499981596542,0.000477743858937174,-0.491961240768433,1.30643686038701e-06,278528
1458,1,0.0728999981583911,0.0728999981583911,0.000485213386127725,-0.489473819732666,1.33069752908052e-06,278528
1459,1,0.072949998157128,0.072949998157128,0.000492184946779162,-0.486053556203842,1.3553067757978e-06,278528
1460,1,0.0729999981558649,0.0729999981558649,0.000499032030347735,-0.482944250106812,1.38025837668486e-06,278528
1461,1,0.0730499981546018,0.0730499981546018,0.000504634226672351,-0.478591233491898,1.40549008738107e-06,278528
1462,1,0.0730999981533387,0.0730999981533387,0.000510485377162695,-0.476414710283279,1.4310143555944e-06,278528
1463,1,0.0731499981520756,0.0731499981520756,0.000515465100761503,-0.47268357872963,1.45678760998139e-06,278528
1464,1,0.0731999981508125,0.0731999981508125,0.0005218141595833,-0.470196127891541,1.48287831730145e-06,278528
1465,1,0.0732499981495494,0.0732499981495494,0.000527167343534529,-0.465532153844833,1.50923668381231e-06,278528
1466,1,0.0732999981482862,0.0732999981482862,0.000531649042386562,-0.462733805179596,1.53581913526011e-06,278528
1467,1,0.0733499981470231,0.0733499981470231,0.000535383878741413,-0.459935396909714,1.56258832852093e-06,278528
1468,1,0.07339999814576,0.07339999814576,0.00054036354413256,-0.455893307924271,1.58960650504502e-06,278528
1469,1,0.0734499981444969,0.0734499981444969,0.000544596288818866,-0.453716814517975,1.61683631879808e-06,278528
1470,1,0.0734999981432338,0.0734999981432338,0.00054808211280033,-0.450296550989151,1.64424042374581e-06,278528
1471,1,0.0735499981419707,0.0735499981419707,0.000551567878574133,-0.445010721683502,1.67181881697783e-06,278528
1472,1,0.0735999981407076,0.0735999981407076,0.000554555677808821,-0.443145155906677,1.69954660016781e-06,278528
1473,1,0.0736499981394445,0.0736499981394445,0.000557419029064476,-0.439103066921234,1.72741755091695e-06,278528
1474,1,0.0736999981381814,0.0736999981381814,0.000560531276278198,-0.435682833194733,1.75544411402285e-06,278528
1475,1,0.0737499981369183,0.0737499981369183,0.000561402761377394,-0.433195382356644,1.78351425138261e-06,278528
1476,1,0.0737999981356552,0.0737999981356552,0.000562398752663285,-0.429153293371201,1.81163418830541e-06,278528
1477,1,0.0738499981343921,0.0738499981343921,0.000565013033337891,-0.426354914903641,1.83988483925863e-06,278528
1478,1,0.073899998133129,0.073899998133129,0.000566382484976202,-0.42324560880661,1.86820396279204e-06,278528
1479,1,0.0739499981318659,0.0739499981318659,0.000566880451515317,-0.420758157968521,1.89654798465177e-06,278528
1480,1,0.0739999981306028,0.0739999981306028,0.000566880451515317,-0.417959809303284,1.92489200651151e-06,278528
1481,1,0.0740499981293397,0.0740499981293397,0.000567751936614513,-0.413606762886047,1.95327960262511e-06,278528
1482,1,0.0740999981280765,0.0740999981280765,0.000568249903153628,-0.411119312047958,1.98169209706503e-06,278528
1483,1,0.0741499981268134,0.0741499981268134,0.000567253911867738,-0.407388180494308,2.01005479194191e-06,278528
1484,1,0.0741999981255503,0.0741999981255503,0.000567378418054432,-0.404589772224426,2.03842371212797e-06,278528
1485,1,0.0742499981242872,0.0742499981242872,0.000565510999877006,-0.403035134077072,2.06669926140752e-06,278528
1486,1,0.0742999981230241,0.0742999981230241,0.000563768146093935,-0.399614900350571,2.09488766800012e-06,278528
1487,1,0.074349998121761,0.074349998121761,0.000562274246476591,-0.397438377141953,2.12300137961374e-06,278528
1488,1,0.0743999981204979,0.0743999981204979,0.000560904794838279,-0.393396288156509,2.15104661864717e-06,278528
1489,1,0.0744499981192348,0.0744499981192348,0.000558788422495127,-0.391219764947891,2.17898603906612e-06,278528
1490,1,0.0744999981179717,0.0744999981179717,0.000557045510504395,-0.388732314109802,2.20683831388773e-06,278528
1491,1,0.0745499981167086,0.0745499981167086,0.000553933263290673,-0.385312110185623,2.23453497635259e-06,278528
1492,1,0.0745999981154455,0.0745999981154455,0.000550447381101549,-0.383135586977005,2.26205734471239e-06,278528
1493,1,0.0746499981141824,0.0746499981141824,0.000548580079339445,-0.380648136138916,2.28948634798645e-06,278528
1494,1,0.0746999981129193,0.0746999981129193,0.000544596288818866,-0.379404425621033,2.31671616173951e-06,278528
1495,1,0.0747499981116562,0.0747499981116562,0.00053999008378014,-0.377538830041885,2.34371566524645e-06,278528
1496,1,0.0747999981103931,0.0747999981103931,0.000536504318006337,-0.374429523944855,2.37054088046911e-06,278528
1497,1,0.07484999810913,0.07484999810913,0.000531773548573256,-0.372563928365707,2.39712955722608e-06,278528
1498,1,0.0748999981078668,0.0748999981078668,0.000528412288986146,-0.37069833278656,2.42355017100795e-06,278528
1499,1,0.0749499981066037,0.0749499981066037,0.000522063113749027,-0.367278128862381,2.44965332603598e-06,278528
1500,1,0.0749999981053406,0.0749999981053406,0.000516834494192153,-0.365723490715027,2.47549505009277e-06,278528
1501,1,0.0750499981040775,0.0750499981040775,0.000512850703671575,-0.363546937704086,2.50113758462856e-06,278528
1502,1,0.0750999981028144,0.0750999981028144,0.000506377022247761,-0.361681401729584,2.52645643510134e-06,278528
1503,1,0.0751499981015513,0.0751499981015513,0.000502268841955811,-0.36105951666832,2.55156987656472e-06,278528
1504,1,0.0751999981002882,0.0751999981002882,0.000493927858769894,-0.357328355312347,2.57626626887933e-06,278528
1505,1,0.0752499980990251,0.0752499980990251,0.000487578741740435,-0.357328355312347,2.60064520535048e-06,278528
1506,1,0.075299998097762,0.075299998097762,0.000481354130897671,-0.3554627597332,2.62471291128737e-06,278528
1507,1,0.0753499980964989,0.0753499980964989,0.000472764164442196,-0.352042526006699,2.64835111891233e-06,278528
1508,1,0.0753999980952358,0.0753999980952358,0.000467410951387137,-0.352664411067963,2.67172166589129e-06,278528
1509,1,0.0754499980939727,0.0754499980939727,0.000459816888906062,-0.34955507516861,2.6947125097558e-06,278528
1510,1,0.0754999980927096,0.0754999980927096,0.000452969834441319,-0.348311364650726,2.71736100090571e-06,278528
1511,1,0.0755499980914465,0.0755499980914465,0.000444504345068708,-0.347378581762314,2.73958621759769e-06,278528
1512,1,0.0755999980901834,0.0755999980901834,0.000436785776400939,-0.344891130924225,2.76142550586603e-06,278528
1513,1,0.0756499980889203,0.0756499980889203,0.000428818311775103,-0.344891130924225,2.78286642091315e-06,278528
1514,1,0.0756999980876571,0.0756999980876571,0.000420850788941607,-0.343336492776871,2.80390895982865e-06,278528
1515,1,0.075749998086394,0.075749998086394,0.000412260793382302,-0.342714637517929,2.82452199897703e-06,278528
1516,1,0.0757999980851309,0.0757999980851309,0.000402550358558074,-0.341470897197723,2.84464951639647e-06,278528
1517,1,0.0758499980838678,0.0758499980838678,0.000393835915019736,-0.341159969568253,2.86434131165e-06,278528
1518,1,0.0758999980826047,0.0758999980826047,0.000384498969651759,-0.339294373989105,2.88356625964693e-06,278528
1519,1,0.0759499980813416,0.0759499980813416,0.000375161995179951,-0.3380506336689,2.90232435893206e-06,278528
1520,1,0.0759999980800785,0.0759999980800785,0.000366323045454919,-0.337739735841751,2.9206405107421e-06,278528
1521,1,0.0760499980788154,0.0760499980788154,0.000356861623004079,-0.337428778409958,2.93848359144155e-06,278528
1522,1,0.0760999980775523,0.0760999980775523,0.000346528744557872,-0.337117880582809,2.95581002823174e-06,278528
1523,1,0.0761499980762892,0.0761499980762892,0.000337440782459453,-0.335874140262604,2.97268206692849e-06,278528
1524,1,0.0761999980750261,0.0761999980750261,0.000326734414556995,-0.335252285003662,2.98901878724364e-06,278528
1525,1,0.076249998073763,0.076249998073763,0.000316401565214619,-0.334941357374191,3.00483886510472e-06,278528
1526,1,0.0762999980724999,0.0762999980724999,0.000306691130390391,-0.335874140262604,3.02017342123686e-06,278528
1527,1,0.0763499980712368,0.0763499980712368,0.000295735808322206,-0.335563242435455,3.03496021127942e-06,278528
1528,1,0.0763999980699737,0.0763999980699737,0.000285776419332251,-0.33463042974472,3.04924903188507e-06,278528
1529,1,0.0764499980687106,0.0764499980687106,0.000274198624538258,-0.335252285003662,3.06295896276564e-06,278528
1530,1,0.0764999980674475,0.0764999980674475,0.000262869783909991,-0.334941357374191,3.0761024516291e-06,278528
1531,1,0.0765499980661843,0.0765499980661843,0.000252910394920036,-0.335874140262604,3.08874797105565e-06,278528
1532,1,0.0765999980649212,0.0765999980649212,0.000240461144130677,-0.336185097694397,3.10077102795846e-06,278528
1533,1,0.0766499980636581,0.0766499980636581,0.000231497673667036,-0.336495995521545,3.1123459113494e-06,278528
1534,1,0.076699998062395,0.076699998062395,0.000218550470890477,-0.336185097694397,3.12327343461788e-06,278528
1535,1,0.0767499980611319,0.0767499980611319,0.000208466561161913,-0.336185097694397,3.13369676241266e-06,278528
1536,1,0.0767999980598688,0.0767999980598688,0.00019688876636792,-0.336185097694397,3.14354120048236e-06,278528
1537,1,0.0768499980586057,0.0768499980586057,0.000184564007213339,-0.337739735841751,3.1527694006099e-06,278528
1538,1,0.0768999980573426,0.0768999980573426,0.00017211475642398,-0.339294373989105,3.1613751382137e-06,278528
1539,1,0.0769499980560795,0.0769499980560795,0.000162279844516888,-0.338361591100693,3.16948913023457e-06,278528
1540,1,0.0769999980548164,0.0769999980548164,0.000150826541357674,-0.339294373989105,3.17703045711195e-06,278528
1541,1,0.0770499980535533,0.0770499980535533,0.000137754817842506,-0.341470897197723,3.18391819783007e-06,278528
1542,1,0.0770999980522902,0.0770999980522902,0.000126426020869985,-0.343336492776871,3.19023949871388e-06,278528
1543,1,0.0771499980510271,0.0771499980510271,0.000114723727165256,-0.341781824827194,3.19597568492724e-06,278528
1544,1,0.077199998049764,0.077199998049764,0.000103768383269198,-0.343025535345078,3.20116410395963e-06,278528
1545,1,0.0772499980485009,0.0772499980485009,8.9949717221316e-05,-0.344580173492432,3.20566158970708e-06,278528
1546,1,0.0772999980472378,0.0772999980472378,7.84964067861438e-05,-0.347067624330521,3.20958640994723e-06,278528
1547,1,0.0773499980459746,0.0773499980459746,6.65451298118569e-05,-0.347689509391785,3.21291366635377e-06,278528
1548,1,0.0773999980447115,0.0773999980447115,5.42203742952552e-05,-0.34955507516861,3.21562468500005e-06,278528
1549,1,0.0774499980434484,0.0774499980434484,4.32650267612189e-05,-0.350176960229874,3.21778793628346e-06,278528
1550,1,0.0774999980421853,0.0774999980421853,3.04423047055025e-05,-0.352042526006699,3.21931005148028e-06,278528
1551,1,0.0775499980409222,0.0775499980409222,1.92379793588771e-05,-0.353597164154053,3.22027195042393e-06,278528
1552,1,0.0775999980396591,0.0775999980396591,6.1662690313824e-06,-0.3554627597332,3.22058026386771e-06,278528
1553,1,0.077649998038396,0.077649998038396,-6.15848784946138e-06,-0.355773717164993,3.22027233948302e-06,278528
1554,1,0.0776999980371329,0.0776999980371329,-1.64913635671837e-05,-0.359504848718643,3.21944777132549e-06,278528
1555,1,0.0777499980358698,0.0777499980358698,-2.90651059913216e-05,-0.360437661409378,3.21799451606263e-06,278528
1556,1,0.0777999980346067,0.0777999980346067,-4.12653716921341e-05,-0.361992299556732,3.21593124753015e-06,278528
1557,1,0.0778499980333436,0.0778499980333436,-5.30921570316423e-05,-0.363546937704086,3.21327663974563e-06,278528
1558,1,0.0778999980320805,0.0778999980320805,-6.4420972194057e-05,-0.366345345973969,3.21005559121729e-06,278528
1559,1,0.0779499980308174,0.0779499980308174,-7.63722564443015e-05,-0.368521839380264,3.20623697849155e-06,278528
1560,1,0.0779999980295543,0.0779999980295543,-8.88214999577031e-05,-0.371320217847824,3.20179590360585e-06,278528
1561,1,0.0780499980282912,0.0780499980282912,-0.000100274810392875,-0.373185783624649,3.19678216321287e-06,278528
1562,1,0.0780999980270281,0.0780999980270281,-0.000112599576823413,-0.374429523944855,3.19115218451392e-06,278528
1563,1,0.0781499980257649,0.0781499980257649,-0.000123928388347849,-0.377849757671356,3.18495576525306e-06,278528
1564,1,0.0781999980245018,0.0781999980245018,-0.0001357551664114,-0.380337208509445,3.17816800710397e-06,278528
1565,1,0.0782499980232387,0.0782499980232387,-0.000146835009218194,-0.383446514606476,3.17082625682852e-06,278528
1566,1,0.0782999980219756,0.0782999980219756,-0.000158537295646966,-0.384379297494888,3.16289939224643e-06,278528
1567,1,0.0783499980207125,0.0783499980207125,-0.000170613071531989,-0.387488603591919,3.15436873888533e-06,278528
1568,1,0.0783999980194494,0.0783999980194494,-0.000179825510713272,-0.389976054430008,3.1453774635768e-06,278528
1569,1,0.0784499980181863,0.0784499980181863,-0.000191278813872486,-0.393396288156509,3.13581352312478e-06,278528
1570,1,0.0784999980169232,0.0784999980169232,-0.000202732146135531,-0.394950956106186,3.12567691607408e-06,278528
1571,1,0.0785499980156601,0.0785499980156601,-0.000213438484934159,-0.398993045091629,3.11500499209697e-06,278528
1572,1,0.078599998014397,0.078599998014397,-0.00022476731101051,-0.401169538497925,3.10376662683035e-06,278528
1573,1,0.0786499980131339,0.0786499980131339,-0.000235349158174358,-0.402724206447601,3.0919991692189e-06,278528
1574,1,0.0786999980118708,0.0786999980118708,-0.000246180017711595,-0.407077223062515,3.07969016864427e-06,278528
1575,1,0.0787499980106077,0.0787499980106077,-0.000256388389971107,-0.409875631332397,3.06687074946956e-06,278528
1576,1,0.0787999980093446,0.0787999980093446,-0.000266347778961062,-0.412673979997635,3.05355336085794e-06,278528
1577,1,0.0788499980080815,0.0788499980080815,-0.000276680686511099,-0.414539575576782,3.03971932688186e-06,278528
1578,1,0.0788999980068184,0.0788999980068184,-0.000287262548226863,-0.419514447450638,3.02535619983336e-06,278528
1579,1,0.0789499980055552,0.0789499980055552,-0.000296972924843431,-0.421069115400314,3.01050755396629e-06,278528
1580,1,0.0789999980042921,0.0789999980042921,-0.000307181326206774,-0.425111204385757,2.99514848804396e-06,278528
1581,1,0.079049998003029,0.079049998003029,-0.000317265221383423,-0.428531438112259,2.97928522737553e-06,278528
1582,1,0.0790999980017659,0.0790999980017659,-0.000326228648191318,-0.430086076259613,2.96297379537802e-06,278528
1583,1,0.0791499980005028,0.0791499980005028,-0.000335814635036513,-0.435060977935791,2.94618306405037e-06,278528
1584,1,0.0791999979992397,0.0791999979992397,-0.000344653555657715,-0.43754842877388,2.92895038670282e-06,278528
1585,1,0.0792499979979766,0.0792499979979766,-0.000353741517756134,-0.441901445388794,2.91126331126182e-06,278528
1586,1,0.0792999979967135,0.0792999979967135,-0.000362331513315439,-0.444388866424561,2.89314673605371e-06,278528
1587,1,0.0793499979954504,0.0793499979954504,-0.000371045956853777,-0.448120057582855,2.87459443867969e-06,278528
1588,1,0.0793999979941873,0.0793999979941873,-0.000380133948056027,-0.451229363679886,2.85558774175704e-06,278528
1589,1,0.0794499979929242,0.0794499979929242,-0.000387852458516136,-0.454027712345123,2.83619511932113e-06,278528
1590,1,0.0794999979916611,0.0794999979916611,-0.000397064926801249,-0.456515163183212,2.81634187348261e-06,278528
1591,1,0.079549997990398,0.079549997990398,-0.000404783437261358,-0.460868209600449,2.79610270213082e-06,278528
1592,1,0.0795999979891349,0.0795999979891349,-0.000412626483011991,-0.463355630636215,2.77547137850141e-06,278528
1593,1,0.0796499979878718,0.0796499979878718,-0.00041934906039387,-0.466775894165039,2.7545039260114e-06,278528
1594,1,0.0796999979866087,0.0796999979866087,-0.000426943093771115,-0.470507025718689,2.73315677186212e-06,278528
1595,1,0.0797499979853455,0.0797499979853455,-0.000434412650065497,-0.473927289247513,2.71143613990756e-06,278528
1596,1,0.0797999979840824,0.0797999979840824,-0.000441135256551206,-0.477658420801163,2.6893793776372e-06,278528
1597,1,0.0798499979828193,0.0798499979828193,-0.000448604812845588,-0.481078684329987,2.66694913756155e-06,278528
1598,1,0.0798999979815562,0.0798999979815562,-0.000455700879683718,-0.484498918056488,2.64416409415297e-06,278528
1599,1,0.0799499979802931,0.0799499979802931,-0.000462423486169428,-0.488541007041931,2.62104292042858e-06,278528
1600,1,0.07999999797903,0.07999999797903,-0.000467776641016826,-0.490717500448227,2.5976540889686e-06,278528
1601,1,0.0800499979777669,0.0800499979777669,-0.000474125758046284,-0.494137763977051,2.57394780166515e-06,278528
1602,1,0.0800999979765038,0.0800999979765038,-0.000478980975458398,-0.497557997703552,2.54999875349724e-06,278528
1603,1,0.0801499979752407,0.0801499979752407,-0.000484707619762048,-0.500978231430054,2.52576337312137e-06,278528
1604,1,0.0801999979739776,0.0801999979739776,-0.000490558741148561,-0.504709422588348,2.50123543668357e-06,278528
1605,1,0.0802499979727145,0.0802499979727145,-0.000493795552756637,-0.507196843624115,2.47654565966946e-06,278528
1606,1,0.0802999979714514,0.0802999979714514,-0.000500891590490937,-0.510306119918823,2.45150108077759e-06,278528
1607,1,0.0803499979701883,0.0803499979701883,-0.000505248899571598,-0.514037311077118,2.42623863643719e-06,278528
1608,1,0.0803999979689252,0.0803999979689252,-0.000509481586050242,-0.517768502235413,2.40076455777821e-06,278528
1609,1,0.0804499979676621,0.0804499979676621,-0.000513340928591788,-0.521810591220856,2.37509751199702e-06,278528
1610,1,0.080499997966399,0.080499997966399,-0.000517449167091399,-0.524919867515564,2.34922505429605e-06,278528
1611,1,0.0805499979651358,0.0805499979651358,-0.000522304384503514,-0.528029203414917,2.3231098357306e-06,278528
1612,1,0.0805999979638727,0.0805999979638727,-0.00052554119611159,-0.531138479709625,2.29683277658883e-06,278528
1613,1,0.0806499979626096,0.0806499979626096,-0.000528280041180551,-0.534558713436127,2.27041877519708e-06,278528
1614,1,0.0806999979613465,0.0806999979613465,-0.00053164130076766,-0.536424279212952,2.24383671083021e-06,278528
1615,1,0.0807499979600834,0.0807499979600834,-0.00053400662727654,-0.540777325630188,2.21713638014089e-06,278528
1616,1,0.0807999979588203,0.0807999979588203,-0.00053637201199308,-0.544197559356689,2.19031778021873e-06,278528
1617,1,0.0808499979575572,0.0808499979575572,-0.000538861844688654,-0.547306835651398,2.16337468866494e-06,278528
1618,1,0.0808999979562941,0.0808999979562941,-0.000540480250492692,-0.549483358860016,2.13635067682299e-06,278528
1619,1,0.080949997955031,0.080949997955031,-0.000542596681043506,-0.552281737327576,2.10922084345617e-06,278528
1620,1,0.0809999979537679,0.0809999979537679,-0.000543841568287462,-0.556634783744812,2.08202876572873e-06,278528
1621,1,0.0810499979525048,0.0810499979525048,-0.000544339534826577,-0.55881130695343,2.05481178967496e-06,278528
1622,1,0.0810999979512417,0.0810999979512417,-0.000546082446817309,-0.562231540679932,2.02750766802385e-06,278528
1623,1,0.0811499979499786,0.0811499979499786,-0.000547078379895538,-0.564408004283905,2.0001537497201e-06,278528
1624,1,0.0811999979487155,0.0811999979487155,-0.000546206894796342,-0.567828297615051,1.9728434056702e-06,278528
1625,1,0.0812499979474524,0.0812499979474524,-0.000546704919543117,-0.570004820823669,1.94550816038359e-06,278528
1626,1,0.0812999979461893,0.0812999979461893,-0.000546704919543117,-0.572181284427643,1.91817291509698e-06,278528
1627,1,0.0813499979449261,0.0813499979449261,-0.000545584480278194,-0.575601577758789,1.8908936917722e-06,278528
1628,1,0.081399997943663,0.081399997943663,-0.000545335467904806,-0.579332709312439,1.86362691906578e-06,278528
1629,1,0.0814499979423999,0.0814499979423999,-0.000542970141395926,-0.580887377262115,1.83647841268181e-06,278528
1630,1,0.0814999979411368,0.0814999979411368,-0.000541974150110036,-0.583063900470734,1.80937970586088e-06,278528
1631,1,0.0815499979398737,0.0815499979398737,-0.000541849702131003,-0.585862219333649,1.78228722143874e-06,278528
1632,1,0.0815999979386106,0.0815999979386106,-0.000539110798854381,-0.588971555233002,1.75533168217698e-06,278528
1633,1,0.0816499979373475,0.0816499979373475,-0.000536870036739856,-0.59114807844162,1.72848818101811e-06,278528
1634,1,0.0816999979360844,0.0816999979360844,-0.000535376078914851,-0.594257354736328,1.7017193777486e-06,278528
1635,1,0.0817499979348213,0.0817499979348213,-0.000532014761120081,-0.595501065254211,1.67511864036459e-06,278528
1636,1,0.0817999979335582,0.0817999979335582,-0.000528280041180551,-0.597988545894623,1.64870463897284e-06,278528
1637,1,0.0818499979322951,0.0818499979322951,-0.000526288116816431,-0.600165069103241,1.62239023379677e-06,278528
1638,1,0.081899997931032,0.081899997931032,-0.000523051363416016,-0.601719737052917,1.59623766628664e-06,278528
1639,1,0.0819499979297689,0.0819499979297689,-0.000519316468853503,-0.604518055915833,1.57027184349992e-06,278528
1640,1,0.0819999979285058,0.0819999979285058,-0.000514212355483323,-0.606072723865509,1.54456122637526e-06,278528
1641,1,0.0820499979272427,0.0820499979272427,-0.000509979610797018,-0.608560144901276,1.51906224647956e-06,278528
1642,1,0.0820999979259796,0.0820999979259796,-0.00050636928062886,-0.610425770282745,1.49374378308772e-06,278528
1643,1,0.0821499979247164,0.0821499979247164,-0.000499771209433675,-0.611980378627777,1.4687552232473e-06,278528
1644,1,0.0821999979234533,0.0821999979234533,-0.000496534397825599,-0.612602233886719,1.44392850398319e-06,278528
1645,1,0.0822499979221902,0.0822499979221902,-0.000491554732434452,-0.615711569786072,1.41935076798236e-06,278528
1646,1,0.0822999979209271,0.0822999979209271,-0.000485081109218299,-0.617266237735748,1.39509671313415e-06,278528
1647,1,0.082349997919664,0.082349997919664,-0.000479852402349934,-0.618509948253632,1.37110409362276e-06,278528
1648,1,0.0823999979184009,0.0823999979184009,-0.000473378779133782,-0.620997369289398,1.347435155264e-06,278528
1649,1,0.0824499979171378,0.0824499979171378,-0.000466531724669039,-0.62161922454834,1.32410856961983e-06,278528
1650,1,0.0824999979158747,0.0824999979158747,-0.000459186645457521,-0.622241139411926,1.30114923792695e-06,278528
1651,1,0.0825499979146116,0.0825499979146116,-0.000452962063718587,-0.6244176030159,1.27850113531316e-06,278528
1652,1,0.0825999979133485,0.0825999979133485,-0.000445741461589932,-0.626283228397369,1.25621406279668e-06,278528
1653,1,0.0826499979120854,0.0826499979120854,-0.000438396411482245,-0.625972270965576,1.23429424277631e-06,278528
1654,1,0.0826999979108223,0.0826999979108223,-0.000430179934483021,-0.628770649433136,1.21278524659552e-06,278528
1655,1,0.0827499979095592,0.0827499979095592,-0.000423208344727755,-0.628459751605988,1.19162482989369e-06,278528
1656,1,0.0827999979082961,0.0827999979082961,-0.000414742826251313,-0.629392504692078,1.17088768910499e-06,278528
1657,1,0.082849997907033,0.082849997907033,-0.000407771265599877,-0.630947172641754,1.15049912634006e-06,278528
1658,1,0.0828999979057699,0.0828999979057699,-0.000398807809688151,-0.631569027900696,1.13055873635939e-06,278528
1659,1,0.0829499979045067,0.0829499979045067,-0.00038934638723731,-0.632501840591431,1.11109141748931e-06,278528
1660,1,0.0829999979032436,0.0829999979032436,-0.000380880868760869,-0.632190942764282,1.09204737453236e-06,278528
1661,1,0.0830499979019805,0.0830499979019805,-0.000371294969227165,-0.633434653282166,1.07348262653998e-06,278528
1662,1,0.0830999979007174,0.0830999979007174,-0.000361709040589631,-0.633434653282166,1.05539717496738e-06,278528
1663,1,0.0831499978994543,0.0831499978994543,-0.000352372095221654,-0.634367406368256,1.03777857065138e-06,278528
1664,1,0.0831999978981912,0.0831999978981912,-0.000342910701874644,-0.634056448936462,1.02063303599078e-06,278528
1665,1,0.0832499978969281,0.0832499978969281,-0.000332204333972186,-0.634367406368256,1.00402281971178e-06,278528
1666,1,0.083299997895665,0.083299997895665,-0.000321622443152592,-0.634678363800049,9.87941697960392e-07,278528
1667,1,0.0833499978944019,0.0833499978944019,-0.000312036514515057,-0.633745551109314,9.72339872628775e-07,278528
1668,1,0.0833999978931388,0.0833999978931388,-0.00030133017571643,-0.634367406368256,9.57273364223565e-07,278528
1669,1,0.0834499978918757,0.0834499978918757,-0.000290374853648245,-0.634989261627197,9.42754621907927e-07,278528
1670,1,0.0834999978906126,0.0834999978906126,-0.000279046042123809,-0.634989261627197,9.28802320154202e-07,278528
1671,1,0.0835499978893495,0.0835499978893495,-0.000268588657490909,-0.634367406368256,9.15372887618912e-07,278528
1672,1,0.0835999978880864,0.0835999978880864,-0.000256637402344495,-0.63530021905899,9.02541017825848e-07,278528
1673,1,0.0836499978868233,0.0836499978868233,-0.000246677984250709,-0.634367406368256,8.90207118924893e-07,278528
1674,1,0.0836999978855602,0.0836999978855602,-0.000234602208365686,-0.632812738418579,8.78477008802936e-07,278528
1675,1,0.083749997884297,0.083749997884297,-0.000222277463763021,-0.632501840591431,8.67363135895545e-07,278528
1676,1,0.0837999978830339,0.0837999978830339,-0.000211197620956227,-0.631879925727844,8.56803255114499e-07,278528
1677,1,0.0838499978817708,0.0838499978817708,-0.000198250403627753,-0.630947172641754,8.46890735183522e-07,278528
1678,1,0.0838999978805077,0.0838999978805077,-0.000185925629921257,-0.630325317382813,8.37594453922303e-07,278528
1679,1,0.0839499978792446,0.0839499978792446,-0.000174223358044401,-0.630014359951019,8.28883286240146e-07,278528
1680,1,0.0839999978779815,0.0839999978779815,-0.000161774107255042,-0.629703462123871,8.20794581081732e-07,278528
1681,1,0.0840499978767184,0.0840499978767184,-0.00014957383973524,-0.628148853778839,8.13315889283897e-07,278528
1682,1,0.0840999978754553,0.0840999978754553,-0.000136875605676323,-0.626594126224518,8.0647210917297e-07,278528
1683,1,0.0841499978741922,0.0841499978741922,-0.000123554913443513,-0.625972270965576,8.00294363656857e-07,278528
1684,1,0.0841999978729291,0.0841999978729291,-0.000111977111373562,-0.625039458274841,7.94695508229618e-07,278528
1685,1,0.084249997871666,0.084249997871666,-9.77849631453864e-05,-0.623173892498016,7.89806260195861e-07,278528
1686,1,0.0842999978704029,0.0842999978704029,-8.45887552713975e-05,-0.62068647146225,7.85576822539136e-07,278528
1687,1,0.0843499978691398,0.0843499978691398,-7.11435641278513e-05,-0.62068647146225,7.82019644422605e-07,278528
1688,1,0.0843999978678767,0.0843999978678767,-5.94412740611006e-05,-0.619753658771515,7.79047580794631e-07,278528
1689,1,0.0844499978666136,0.0844499978666136,-4.62450734630693e-05,-0.617577135562897,7.7673532717989e-07,278528
1690,1,0.0844999978653505,0.0844999978653505,-3.26753870467655e-05,-0.616644322872162,7.75101557868824e-07,278528
1691,1,0.0845499978640873,0.0845499978640873,-1.96036780835129e-05,-0.61415696144104,7.7412137398941e-07,278528
1692,1,0.0845999978628242,0.0845999978628242,-6.53196548228152e-06,-0.613224148750305,7.73794775723547e-07,278528
1693,1,0.0846499978615611,0.0846499978615611,7.66017910791561e-06,-0.611980378627777,7.74177784669267e-07,278528
1694,1,0.084699997860298,0.084699997860298,2.1603338609566e-05,-0.608560144901276,7.75257951572458e-07,278528
1695,1,0.0847499978590349,0.0847499978590349,3.44260624842718e-05,-0.606694579124451,7.76979254653187e-07,278528
1696,1,0.0847999978577718,0.0847999978577718,4.6875313273631e-05,-0.604518055915833,7.7932302025766e-07,278528
1697,1,0.0848499978565087,0.0848499978565087,6.08184745942708e-05,-0.602963387966156,7.82363943910554e-07,278528
1698,1,0.0848999978552456,0.0848999978552456,7.38901799195446e-05,-0.600786924362183,7.860584528132e-07,278528
1699,1,0.0849499978539825,0.0849499978539825,8.64639296196401e-05,-0.598921298980713,7.90381649184969e-07,278528
1700,1,0.0849999978527194,0.0849999978527194,9.96601302176714e-05,-0.597055733203888,7.95364655569971e-07,278528
1701,1,0.0850499978514563,0.0850499978514563,0.00011235835700063,-0.594257354736328,8.00982573278082e-07,278528
1702,1,0.0850999978501932,0.0850999978501932,0.000125679056509398,-0.592391788959503,8.07266525944806e-07,278528
1703,1,0.0851499978489301,0.0851499978489301,0.000138003815663978,-0.589593410491943,8.14166716553691e-07,278528
1704,1,0.085199997847667,0.085199997847667,0.00015169799735304,-0.586795032024384,8.21751616229733e-07,278528
1705,1,0.0852499978464039,0.0852499978464039,0.00016551667067688,-0.584929466247559,8.30027449554511e-07,278528
1706,1,0.0852999978451408,0.0852999978451408,0.000178463873453438,-0.582131087779999,8.38950643001765e-07,278528
1707,1,0.0853499978438776,0.0853499978438776,0.00019116212206427,-0.578710854053497,8.4850874886352e-07,278528
1708,1,0.0853999978426145,0.0853999978426145,0.000204233816475607,-0.577467083930969,8.58720439429331e-07,278528
1709,1,0.0854499978413514,0.0854499978413514,0.000215936117456295,-0.573735952377319,8.69517245029396e-07,278528
1710,1,0.0854999978400883,0.0854999978400883,0.000228385368245654,-0.571559429168701,8.80936513153204e-07,278528
1711,1,0.0855499978388252,0.0855499978388252,0.000240834604483098,-0.568450152873993,8.92978243073159e-07,278528
1712,1,0.0855999978375621,0.0855999978375621,0.000252661382546648,-0.56534081697464,9.05611311881353e-07,278528
1713,1,0.085649997836299,0.085649997836299,0.000265235139522702,-0.56254243850708,9.18873068522468e-07,278528
1714,1,0.0856999978350359,0.0856999978350359,0.000275941507425159,-0.560365915298462,9.32670143545182e-07,278528
1715,1,0.0857499978337728,0.0857499978337728,0.000287892791675404,-0.556323826313019,9.47064782765313e-07,278528
1716,1,0.0857999978325097,0.0857999978325097,0.000299968553008512,-0.554769217967987,9.62063210036847e-07,278528
1717,1,0.0858499978312466,0.0858499978312466,0.000312168820528314,-0.550416171550751,9.7767165066896e-07,278528
1718,1,0.0858999978299835,0.0858999978299835,0.000321879226248711,-0.548861563205719,9.93765611574828e-07,278528
1719,1,0.0859499978287204,0.0859499978287204,0.00033395501668565,-0.544508516788483,1.01046336198729e-06,278528
1720,1,0.0859999978274573,0.0859999978274573,0.000344536849297583,-0.541088283061981,1.02769020401698e-06,278528
1721,1,0.0860499978261942,0.0860499978261942,0.000355367694282904,-0.538911759853363,1.04545858828226e-06,278528
1722,1,0.0860999978249311,0.0860999978249311,0.000365202577086166,-0.535180568695068,1.06371871667528e-06,278528
1723,1,0.0861499978236679,0.0861499978236679,0.000375411007553339,-0.533315002918243,1.08248926657876e-06,278528
1724,1,0.0861999978224048,0.0861999978224048,0.00038624185253866,-0.528961956501007,1.10180135871783e-06,278528
1725,1,0.0862499978211417,0.0862499978211417,0.000395454291719943,-0.525541722774506,1.12157407280433e-06,278528
1726,1,0.0862999978198786,0.0862999978198786,0.000405040191253647,-0.523054301738739,1.1418260818554e-06,278528
1727,1,0.0863499978186155,0.0863499978186155,0.000414626119891182,-0.519634068012238,1.16255738732624e-06,278528
1728,1,0.0863999978173524,0.0863999978173524,0.000423091638367623,-0.515902876853943,1.18371196871021e-06,278528
1729,1,0.0864499978160893,0.0864499978160893,0.000431681604823098,-0.512171685695648,1.20529604840611e-06,278528
1730,1,0.0864999978148262,0.0864999978148262,0.000440022617112845,-0.507818698883057,1.22729717870596e-06,278528
1731,1,0.0865499978135631,0.0865499978135631,0.000448861566837877,-0.506574988365173,1.24974025648089e-06,278528
1732,1,0.0865999978123,0.0865999978123,0.000457078072940931,-0.501911044120789,1.2725941595506e-06,278528
1733,1,0.0866499978110369,0.0866499978110369,0.000465668039396405,-0.4994235932827,1.29587756093223e-06,278528
1734,1,0.0866999978097738,0.0866999978097738,0.000473013089504093,-0.496003359556198,1.31952821480997e-06,278528
1735,1,0.0867499978085107,0.0867499978085107,0.000480482645798475,-0.492894053459167,1.34355234649299e-06,278528
1736,1,0.0867999978072476,0.0867999978072476,0.000486956298118457,-0.489162862300873,1.36790016078384e-06,278528
1737,1,0.0868499978059845,0.0868499978059845,0.000493554340209812,-0.485431700944901,1.39257787717092e-06,278528
1738,1,0.0868999978047214,0.0868999978047214,0.000501148460898548,-0.481700569391251,1.41763529958284e-06,278528
1739,1,0.0869499978034582,0.0869499978034582,0.000506377022247761,-0.478902161121368,1.44295415005562e-06,278528
1740,1,0.0869999978021951,0.0869999978021951,0.000511854712385684,-0.475171029567719,1.46854688502838e-06,278528
1741,1,0.087049997800932,0.087049997800932,0.000518328393809497,-0.472994476556778,1.49446330406415e-06,278528
1742,1,0.0870999977996689,0.0870999977996689,0.000523432565387338,-0.468641489744186,1.52063493167237e-06,278528
1743,1,0.0871499977984058,0.0871499977984058,0.000528785749338567,-0.463977485895157,1.54707421847138e-06,278528
1744,1,0.0871999977971427,0.0871999977971427,0.0005332674481906,-0.462422847747803,1.57373759020734e-06,278528
1745,1,0.0872499977958796,0.0872499977958796,0.000537749205250293,-0.458069801330566,1.60062504979062e-06,278528
1746,1,0.0872999977946165,0.0872999977946165,0.000541608431376517,-0.454649597406387,1.62770547067534e-06,278528
1747,1,0.0873499977933534,0.0873499977933534,0.000546339200809598,-0.451540261507034,1.65502243002573e-06,278528
1748,1,0.0873999977920903,0.0873999977920903,0.000551194360014051,-0.448741912841797,1.68258214733022e-06,278528
1749,1,0.0874499977908272,0.0874499977908272,0.00055380875710398,-0.445321679115295,1.7102725844859e-06,278528
1750,1,0.0874999977895641,0.0874999977895641,0.000556049577426165,-0.442212373018265,1.73807506265485e-06,278528
1751,1,0.087549997788301,0.087549997788301,0.000559410953428596,-0.43848118185997,1.76604560961969e-06,278528
1752,1,0.0875999977870379,0.0875999977870379,0.000560780346859246,-0.435060977935791,1.79408462625433e-06,278528
1753,1,0.0876499977857748,0.0876499977857748,0.000563768146093935,-0.432573527097702,1.82227303284692e-06,278528
1754,1,0.0876999977845117,0.0876999977845117,0.000565013033337891,-0.429153293371201,1.85052368380015e-06,278528
1755,1,0.0877499977832485,0.0877499977832485,0.0005656355060637,-0.426354914903641,1.87880545838887e-06,278528
1756,1,0.0877999977819854,0.0877999977819854,0.000566506991162896,-0.422934710979462,1.90713080723146e-06,278528
1757,1,0.0878499977807223,0.0878499977807223,0.000567004957702011,-0.419514447450638,1.93548105440037e-06,278528
1758,1,0.0878999977794592,0.0878999977794592,0.000566880451515317,-0.416094213724136,1.96382507626011e-06,278528
1759,1,0.0879499977781961,0.0879499977781961,0.000568125396966934,-0.413295835256577,1.99223134539085e-06,278528
1760,1,0.087999997776933,0.087999997776933,0.000568125396966934,-0.410808384418488,2.0206376145216e-06,278528
1761,1,0.0880499977756699,0.0880499977756699,0.000567253911867738,-0.408320933580399,2.04900030939848e-06,278528
1762,1,0.0880999977744068,0.0880999977744068,0.000566755945328623,-0.406455367803574,2.07733810594904e-06,278528
1763,1,0.0881499977731437,0.0881499977731437,0.000565262045711279,-0.40241327881813,2.10560120752062e-06,278528
1764,1,0.0881999977718806,0.0881999977718806,0.000564390618819743,-0.399925827980042,2.13382073774872e-06,278528
1765,1,0.0882499977706175,0.0882499977706175,0.000562772213015705,-0.396816492080688,2.16195934768866e-06,278528
1766,1,0.0882999977693544,0.0882999977693544,0.000562274246476591,-0.393396288156509,2.19007305930228e-06,278528
1767,1,0.0883499977680913,0.0883499977680913,0.00055953545961529,-0.391219764947891,2.21804983157629e-06,278528
1768,1,0.0883999977668282,0.0883999977668282,0.000555676117073745,-0.387799561023712,2.2458336367281e-06,278528
1769,1,0.0884499977655651,0.0884499977655651,0.000553061778191477,-0.386555820703506,2.2734867249391e-06,278528
1770,1,0.088499997764302,0.088499997764302,0.000549327058251947,-0.383135586977005,2.30095307715784e-06,278528
1771,1,0.0885499977630388,0.0885499977630388,0.000546961673535407,-0.380959063768387,2.32830116014374e-06,278528
1772,1,0.0885999977617757,0.0885999977617757,0.00054372486192733,-0.378160685300827,2.35548740255332e-06,278528
1773,1,0.0886499977605126,0.0886499977605126,0.000539492117241025,-0.375673234462738,2.38246200773394e-06,278528
1774,1,0.0886999977592495,0.0886999977592495,0.000535383878741413,-0.374118596315384,2.40923120099476e-06,278528
1775,1,0.0887499977579864,0.0887499977579864,0.000531649042386562,-0.371009290218353,2.43581365244256e-06,278528
1776,1,0.0887999977567233,0.0887999977567233,0.000525797891896218,-0.370076507329941,2.46210354637323e-06,278528
1777,1,0.0888499977554602,0.0888499977554602,0.00052044476615265,-0.368521839380264,2.48812578402349e-06,278528
1778,1,0.0888999977541971,0.0888999977541971,0.000515340594574809,-0.365412533283234,2.5138928131013e-06,278528
1779,1,0.088949997752934,0.088949997752934,0.000510111916810274,-0.36385789513588,2.53939840829749e-06,278528
1780,1,0.0889999977516709,0.0889999977516709,0.000504509720485657,-0.361681401729584,2.56462389368452e-06,278528
1781,1,0.0890499977504078,0.0890499977504078,0.000498783076182008,-0.358882993459702,2.58956304686361e-06,278528
1782,1,0.0890999977491447,0.0890999977491447,0.000492184946779162,-0.356395572423935,2.61417229358088e-06,278528
1783,1,0.0891499977478816,0.0891499977478816,0.00048571135266684,-0.356395572423935,2.63845786060072e-06,278528
1784,1,0.0891999977466185,0.0891999977466185,0.000479237758554518,-0.354219049215317,2.66241974792312e-06,278528
1785,1,0.0892499977453554,0.0892499977453554,0.000472266168799251,-0.352042526006699,2.68603305576656e-06,278528
1786,1,0.0892999977440923,0.0892999977440923,0.000465419085230678,-0.349866032600403,2.70930400944022e-06,278528
1787,1,0.0893499977428291,0.0893499977428291,0.000456953566754237,-0.34862232208252,2.73215168720075e-06,278528
1788,1,0.089399997741566,0.089399997741566,0.000449235056294128,-0.348311364650726,2.75461343944802e-06,278528
1789,1,0.0894499977403029,0.0894499977403029,0.000441640993813053,-0.347067624330521,2.77669548858084e-06,278528
1790,1,0.0894999977390398,0.0894999977390398,0.000433549023000523,-0.346134871244431,2.79837293918324e-06,278528
1791,1,0.0895499977377767,0.0895499977377767,0.000426452927058563,-0.344269275665283,2.81969558499752e-06,278528
1792,1,0.0895999977365136,0.0895999977365136,0.000416991475503892,-0.343025535345078,2.84054515824601e-06,278528
1793,1,0.0896499977352505,0.0896499977352505,0.000408401509048417,-0.341781824827194,2.86096523318257e-06,278528
1794,1,0.0896999977339874,0.0896999977339874,0.000400185002945364,-0.340849041938782,2.88097448282437e-06,278528
1795,1,0.0897499977327243,0.0897499977327243,0.000391221547033638,-0.340538084506989,2.90053555968189e-06,278528
1796,1,0.0897999977314612,0.0897999977314612,0.000382382568204775,-0.338983446359634,2.91965468760914e-06,278528
1797,1,0.0898499977301981,0.0898499977301981,0.000372049718862399,-0.338672518730164,2.93825717308232e-06,278528
1798,1,0.089899997728935,0.089899997728935,0.000361592334229499,-0.3380506336689,2.95633678933707e-06,278528
1799,1,0.0899499977276719,0.0899499977276719,0.0003528778324835,-0.335874140262604,2.97398068051552e-06,278528
1800,1,0.0899999977264088,0.0899999977264088,0.000342918472597376,-0.336185097694397,2.99112660371225e-06,278528
1801,1,0.0900499977251457,0.0900499977251457,0.000332585594151169,-0.336185097694397,3.00775588299972e-06,278528
1802,1,0.0900999977238826,0.0900999977238826,0.000323746586218476,-0.336185097694397,3.02394321190171e-06,278528
1803,1,0.0901499977226194,0.0901499977226194,0.000312417803797871,-0.335563242435455,3.03956410169699e-06,278528
1804,1,0.0901999977213563,0.0901999977213563,0.000302209402434528,-0.334941357374191,3.05467457143699e-06,278528
1805,1,0.0902499977200932,0.0902499977200932,0.000291627540718764,-0.334941357374191,3.06925594810458e-06,278528
1806,1,0.0902999977188301,0.0902999977188301,0.000282539578620344,-0.33431950211525,3.08338292667872e-06,278528
1807,1,0.090349997717567,0.090349997717567,0.000271459779469296,-0.335563242435455,3.0969559153093e-06,278528
1808,1,0.0903999977163039,0.0903999977163039,0.000259633001405746,-0.335563242435455,3.10993756505164e-06,278528
1809,1,0.0904499977150408,0.0904499977150408,0.000248304160777479,-0.335874140262604,3.12235277277688e-06,278528
1810,1,0.0904999977137777,0.0904999977137777,0.000237348809605464,-0.335252285003662,3.13422021295736e-06,278528
1811,1,0.0905499977125146,0.0905499977125146,0.000225646537728608,-0.336185097694397,3.14550253955877e-06,278528
1812,1,0.0905999977112515,0.0905999977112515,0.000214442203287035,-0.336185097694397,3.15622464945226e-06,278528
1813,1,0.0906499977099884,0.0906499977099884,0.000202988900127821,-0.336806952953339,3.16637409420226e-06,278528
1814,1,0.0906999977087253,0.0906999977087253,0.000192282546777278,-0.337117880582809,3.17598822129825e-06,278528
1815,1,0.0907499977074622,0.0907499977074622,0.000181078212335706,-0.337428778409958,3.18504213168631e-06,278528
1816,1,0.0907999977061991,0.0907999977061991,0.000168628961546347,-0.339294373989105,3.19347357955063e-06,278528
1817,1,0.090849997704936,0.090849997704936,0.000157549133291468,-0.339605331420898,3.2013510360162e-06,278528
1818,1,0.0908999977036729,0.0908999977036729,0.00014597135304939,-0.340849041938782,3.2086496034843e-06,278528
1819,1,0.0909499977024097,0.0909499977024097,0.000133273104438558,-0.34022718667984,3.21531325853789e-06,278528
1820,1,0.0909999977011466,0.0909999977011466,0.000121819794003386,-0.343025535345078,3.22140424808418e-06,278528
1821,1,0.0910499976998835,0.0910499976998835,0.000109993008663878,-0.343647420406342,3.22690389837844e-06,278528
1822,1,0.0910999976986204,0.0910999976986204,9.75437578745186e-05,-0.34395831823349,3.23178108614896e-06,278528
1823,1,0.0911499976973573,0.0911499976973573,8.67129056132399e-05,-0.346134871244431,3.2361167313201e-06,278528
1824,1,0.0911999976960942,0.0911999976960942,7.48861275496893e-05,-0.346134871244431,3.23986103760299e-06,278528
1825,1,0.0912499976948311,0.0912499976948311,6.15654280409217e-05,-0.34862232208252,3.24293930892727e-06,278528
1826,1,0.091299997693568,0.091299997693568,5.07345794176217e-05,-0.348933219909668,3.24547603783407e-06,278528
1827,1,0.0913499976923049,0.0913499976923049,3.79118537239265e-05,-0.351420670747757,3.24737163047238e-06,278528
1828,1,0.0913999976910418,0.0913999976910418,2.60850683844183e-05,-0.352353453636169,3.24867588385865e-06,278528
1829,1,0.0914499976897787,0.0914499976897787,1.51297290358343e-05,-0.353597164154053,3.24943237029134e-06,278528
1830,1,0.0914999976885156,0.0914999976885156,1.80903157342982e-06,-0.355773717164993,3.24952282186772e-06,278528
1831,1,0.0915499976872525,0.0915499976872525,-8.89732291398104e-06,-0.357950210571289,3.24907795573326e-06,278528
1832,1,0.0915999976859894,0.0915999976859894,-2.15955569728976e-05,-0.359504848718643,3.24799817791189e-06,278528
1833,1,0.0916499976847263,0.0916499976847263,-3.32978488586377e-05,-0.361992299556732,3.24633328551102e-06,278528
1834,1,0.0916999976834632,0.0916999976834632,-4.58715949207544e-05,-0.362925112247467,3.24403970582292e-06,278528
1835,1,0.0917499976822,0.0917499976822,-5.84453337069135e-05,-0.365412533283234,3.2411174392114e-06,278528
1836,1,0.0917999976809369,0.0917999976809369,-6.92761823302135e-05,-0.36696720123291,3.23765363018239e-06,278528
1837,1,0.0918499976796738,0.0918499976796738,-8.20989080239087e-05,-0.36976557970047,3.2335486848849e-06,278528
1838,1,0.0918999976784107,0.0918999976784107,-9.29297602851875e-05,-0.371631145477295,3.22890219698802e-06,278528
1839,1,0.0919499976771476,0.0919499976771476,-0.000103636106359772,-0.373496741056442,3.22372039180093e-06,278528
1840,1,0.0919999976758845,0.0919999976758845,-0.000115089416794945,-0.375984191894531,3.21796592110656e-06,278528
1841,1,0.0920499976746214,0.0920499976746214,-0.000127538660308346,-0.377849757671356,3.21158898825223e-06,278528
1842,1,0.0920999976733583,0.0920999976733583,-0.000140236908919178,-0.380648136138916,3.20457714298341e-06,278528
1843,1,0.0921499976720952,0.0921499976720952,-0.000151316737174056,-0.383446514606476,3.19701130631584e-06,278528
1844,1,0.0921999976708321,0.0921999976708321,-0.000161151649081148,-0.386244863271713,3.18895372406533e-06,278528
1845,1,0.092249997669569,0.092249997669569,-0.000173102918779477,-0.388732314109802,3.180298578345e-06,278528
1846,1,0.0922999976683059,0.0922999976683059,-0.000183933763764799,-0.390286952257156,3.17110189038909e-06,278528
1847,1,0.0923499976670428,0.0923499976670428,-0.00019526258984115,-0.392463505268097,3.16133876114367e-06,278528
1848,1,0.0923999976657797,0.0923999976657797,-0.0002070893679047,-0.395883738994598,3.15098429301001e-06,278528
1849,1,0.0924499976645166,0.0924499976645166,-0.000217795721255243,-0.398371189832687,3.14009450722235e-06,278528
1850,1,0.0924999976632535,0.0924999976632535,-0.000227879601879977,-0.401480495929718,3.12870052741619e-06,278528
1851,1,0.0925499976619903,0.0925499976619903,-0.000239332934143022,-0.403967916965485,3.11673388101134e-06,278528
1852,1,0.0925999976607272,0.0925999976607272,-0.000249790289672092,-0.407388180494308,3.10424436684324e-06,278528
1853,1,0.0926499976594641,0.0926499976594641,-0.000259749707765877,-0.411430269479752,3.09125688178304e-06,278528
1854,1,0.092699997658201,0.092699997658201,-0.000270954013103619,-0.414228618144989,3.0777091814701e-06,278528
1855,1,0.0927499976569379,0.0927499976569379,-0.000281411368632689,-0.415161430835724,3.06363861339392e-06,278528
1856,1,0.0927999976556748,0.0927999976556748,-0.00029087282018736,-0.418892562389374,3.04909497275196e-06,278528
1857,1,0.0928499976544117,0.0928499976544117,-0.000302077125525102,-0.423556536436081,3.03399111685726e-06,278528
1858,1,0.0928999976531486,0.0928999976531486,-0.00031041813781485,-0.425422102212906,3.01847021035861e-06,278528
1859,1,0.0929499976518855,0.0929499976518855,-0.000321248982800171,-0.429153293371201,3.00240776162437e-06,278528
1860,1,0.0929999976506224,0.0929999976506224,-0.000330959417624399,-0.431951642036438,2.98585979116119e-06,278528
1861,1,0.0930499976493593,0.0930499976493593,-0.000339300400810316,-0.435993790626526,2.96889477154924e-06,278528
1862,1,0.0930999976480962,0.0930999976480962,-0.000348263856722042,-0.438170284032822,2.95148157915304e-06,278528
1863,1,0.0931499976468331,0.0931499976468331,-0.000357476295903325,-0.441279590129852,2.9336077648094e-06,278528
1864,1,0.09319999764557,0.09319999764557,-0.000366190768545493,-0.444388866424561,2.91529822684466e-06,278528
1865,1,0.0932499976443069,0.0932499976443069,-0.000375029747374356,-0.448741912841797,2.89654673994965e-06,278528
1866,1,0.0932999976430438,0.0932999976430438,-0.000382748257834464,-0.451229363679886,2.87740932754138e-06,278528
1867,1,0.0933499976417806,0.0933499976417806,-0.000392085232306272,-0.454649597406387,2.85780506642131e-06,278528
1868,1,0.0933999976405175,0.0933999976405175,-0.000400052726035938,-0.458069801330566,2.83780243062482e-06,278528
1869,1,0.0934499976392544,0.0934499976392544,-0.000407646759413183,-0.461800992488861,2.81742009316906e-06,278528
1870,1,0.0934999976379913,0.0934999976379913,-0.000415365328080952,-0.46428844332695,2.79665182728967e-06,278528
1871,1,0.0935499976367282,0.0935499976367282,-0.000423083867644891,-0.468019604682922,2.77549763444182e-06,278528
1872,1,0.0935999976354651,0.0935999976354651,-0.000430179934483021,-0.471750766038895,2.75398863826103e-06,278528
1873,1,0.093649997634202,0.093649997634202,-0.00043789844494313,-0.474549144506454,2.73209371656699e-06,278528
1874,1,0.0936999976329389,0.0936999976329389,-0.000444496545242146,-0.478280305862427,2.70986888986633e-06,278528
1875,1,0.0937499976316758,0.0937499976316758,-0.000451841595349833,-0.482322424650192,2.68727681066956e-06,278528
1876,1,0.0937999976304127,0.0937999976304127,-0.000458190741483122,-0.485431700944901,2.66436727417415e-06,278528
1877,1,0.0938499976291496,0.0938499976291496,-0.000464041862869635,-0.489162862300873,2.6411651816168e-06,278528
1878,1,0.0938999976278865,0.0938999976278865,-0.000471013452624902,-0.491650313138962,2.61761450958049e-06,278528
1879,1,0.0939499976266234,0.0939499976266234,-0.000476864603115246,-0.495381504297256,2.59377128002706e-06,278528
1880,1,0.0939999976253603,0.0939999976253603,-0.00048171982052736,-0.497868925333023,2.56968528960916e-06,278528
1881,1,0.0940499976240972,0.0940499976240972,-0.000488068908452988,-0.502221941947937,2.54528184480299e-06,278528
1882,1,0.0940999976228341,0.0940999976228341,-0.000494044565130025,-0.50533127784729,2.52057961717052e-06,278528
1883,1,0.0941499976215709,0.0941499976215709,-0.000498152803629637,-0.509373366832733,2.49567197761826e-06,278528
1884,1,0.0941999976203078,0.0941999976203078,-0.000503132527228445,-0.512482643127441,2.47051535189235e-06,278528
1885,1,0.0942499976190447,0.0942499976190447,-0.000507614226080477,-0.51465916633606,2.44513464122949e-06,278528
1886,1,0.0942999976177816,0.0942999976177816,-0.00051172252278775,-0.518079400062561,2.41954851573647e-06,278528
1887,1,0.0943499976165185,0.0943499976165185,-0.000515457300934941,-0.522432446479797,2.3937756513408e-06,278528
1888,1,0.0943999976152554,0.0943999976152554,-0.000520312460139394,-0.525230765342712,2.36776002899104e-06,278528
1889,1,0.0944499976139923,0.0944499976139923,-0.000524296250659972,-0.528961956501007,2.34154521712028e-06,278528
1890,1,0.0944999976127292,0.0944999976127292,-0.000526288116816431,-0.53207129240036,2.31523081194422e-06,278528
1891,1,0.0945499976114661,0.0945499976114661,-0.000530520861502737,-0.534558713436127,2.28870476953918e-06,278528
1892,1,0.094599997610203,0.094599997610203,-0.000533010752405971,-0.537978947162628,2.26205423259213e-06,278528
1893,1,0.0946499976089399,0.0946499976089399,-0.000535251572728157,-0.541088283061981,2.23529165463181e-06,278528
1894,1,0.0946999976076768,0.0946999976076768,-0.000538488384336233,-0.544197559356689,2.20836723609516e-06,278528
1895,1,0.0947499976064137,0.0947499976064137,-0.00053973332978785,-0.547306835651398,2.18138057028751e-06,278528
1896,1,0.0947999976051506,0.0947999976051506,-0.000542347668670118,-0.551348924636841,2.15426318753905e-06,278528
1897,1,0.0948499976038875,0.0948499976038875,-0.000543592497706413,-0.553525507450104,2.12708356334034e-06,278528
1898,1,0.0948999976026244,0.0948999976026244,-0.000544961949344724,-0.55601292848587,2.09983546656145e-06,278528
1899,1,0.0949499976013612,0.0949499976013612,-0.000545335467904806,-0.55974406003952,2.07256869385503e-06,278528
1900,1,0.0949999976000981,0.0949999976000981,-0.000546829425729811,-0.561920642852783,2.04522722325924e-06,278528
1901,1,0.095049997598835,0.095049997598835,-0.000547202886082232,-0.565651774406433,2.0178670796463e-06,278528
1902,1,0.0950999975975719,0.0950999975975719,-0.000547078379895538,-0.567517340183258,1.99051316134254e-06,278528
1903,1,0.0951499975963088,0.0951499975963088,-0.000546331400983036,-0.570315718650818,1.96319659198347e-06,278528
1904,1,0.0951999975950457,0.0951999975950457,-0.000546580413356423,-0.574357807636261,1.93586757200604e-06,278528
1905,1,0.0952499975937826,0.0952499975937826,-0.000546331400983036,-0.576534330844879,1.90855100264696e-06,278528
1906,1,0.0952999975925195,0.0952999975925195,-0.000545584480278194,-0.579954564571381,1.88127177932218e-06,278528
1907,1,0.0953499975912564,0.0953499975912564,-0.000545211019925773,-0.580576419830322,1.85401122901455e-06,278528
1908,1,0.0953999975899933,0.0953999975899933,-0.0005427211872302,-0.584618508815765,1.82687517033856e-06,278528
1909,1,0.0954499975887302,0.0954499975887302,-0.00054209865629673,-0.585862219333649,1.79977023820845e-06,278528
1910,1,0.0954999975874671,0.0954999975874671,-0.00053973332978785,-0.588971555233002,1.77278357240079e-06,278528
1911,1,0.095549997586204,0.095549997586204,-0.000536122999619693,-0.591769933700562,1.74597742309699e-06,278528
1912,1,0.0955999975849409,0.0955999975849409,-0.000534753606189042,-0.595190167427063,1.71923974346299e-06,278528
1913,1,0.0956499975836778,0.0956499975836778,-0.000531765806954354,-0.595812022686005,1.69265145378695e-06,278528
1914,1,0.0956999975824147,0.0956999975824147,-0.000529151409864426,-0.599232256412506,1.6661938839621e-06,278528
1915,1,0.0957499975811515,0.0957499975811515,-0.000526661635376513,-0.599854111671448,1.63986080285851e-06,278528
1916,1,0.0957999975798884,0.0957999975798884,-0.000522055372130126,-0.602652490139008,1.61375803491141e-06,278528
1917,1,0.0958499975786253,0.0958499975786253,-0.000517200212925673,-0.605450868606567,1.58789802491841e-06,278528
1918,1,0.0958999975773622,0.0958999975773622,-0.000514710263814777,-0.606694579124451,1.5621625123778e-06,278528
1919,1,0.0959499975760991,0.0959499975760991,-0.000509855104610324,-0.608560144901276,1.53666975779129e-06,278528
1920,1,0.095999997574836,0.095999997574836,-0.000504875381011516,-0.611358523368835,1.51142598937842e-06,278528
1921,1,0.0960499975735729,0.0960499975735729,-0.000500020221807063,-0.612602233886719,1.48642497891965e-06,278528
1922,1,0.0960999975723098,0.0960999975723098,-0.00049454253166914,-0.613535046577454,1.46169785296085e-06,278528
1923,1,0.0961499975710467,0.0961499975710467,-0.000489936326630414,-0.615400671958923,1.43720103724817e-06,278528
1924,1,0.0961999975697836,0.0961999975697836,-0.00048408514703624,-0.617577135562897,1.41299678050781e-06,278528
1925,1,0.0962499975685205,0.0962499975685205,-0.000477487075841054,-0.61788809299469,1.38912242731887e-06,278528
1926,1,0.0962999975672574,0.0962999975672574,-0.00047263185842894,-0.620997369289398,1.36549083499441e-06,278528
1927,1,0.0963499975659943,0.0963499975659943,-0.00046553579159081,-0.621930181980133,1.34221404600289e-06,278528
1928,1,0.0963999975647312,0.0963999975647312,-0.000459560134913772,-0.623795747756958,1.31923603983768e-06,278528
1929,1,0.0964499975634681,0.0964499975634681,-0.000452215055702254,-0.624106705188751,1.29662528762376e-06,278528
1930,1,0.096499997562205,0.096499997562205,-0.000444870034698397,-0.625350415706635,1.27438178645076e-06,278528
1931,1,0.0965499975609418,0.0965499975609418,-0.00043789844494313,-0.626283228397369,1.25248686475671e-06,278528
1932,1,0.0965999975596787,0.0965999975596787,-0.00042980644502677,-0.629081547260284,1.23099654304827e-06,278528
1933,1,0.0966499975584156,0.0966499975584156,-0.000421838922193274,-0.630014359951019,1.20990459747143e-06,278528
1934,1,0.0966999975571525,0.0966999975571525,-0.000414120382629335,-0.630014359951019,1.18919857886304e-06,278528
1935,1,0.0967499975558894,0.0967499975558894,-0.000405156897613779,-0.630947172641754,1.16894073449411e-06,278528
1936,1,0.0967999975546263,0.0967999975546263,-0.000397313880966976,-0.631258130073547,1.14907504094761e-06,278528
1937,1,0.0968499975533632,0.0968499975533632,-0.000388474931241944,-0.632190942764282,1.1296512948762e-06,278528
1938,1,0.0968999975521001,0.0968999975521001,-0.000379635952413082,-0.633123636245728,1.11066949773506e-06,278528
1939,1,0.096949997550837,0.096949997550837,-0.000369925575796515,-0.633123636245728,1.09217321941249e-06,278528
1940,1,0.0969999975495739,0.0969999975495739,-0.000360837584594265,-0.633123636245728,1.07413134063856e-06,278528
1941,1,0.0970499975483108,0.0970499975483108,-0.000350504735251889,-0.634678363800049,1.05660610431869e-06,278528
1942,1,0.0970999975470477,0.0970999975470477,-0.000340794329531491,-0.633745551109314,1.03956638827257e-06,278528
1943,1,0.0971499975457846,0.0971499975457846,-0.000330710434354842,-0.634056448936462,1.02303086697255e-06,278528
1944,1,0.0971999975445215,0.0971999975445215,-0.000320751045364887,-0.634367406368256,1.00699331510945e-06,278528
1945,1,0.0972499975432584,0.0972499975432584,-0.000310542614897713,-0.634678363800049,9.91466184756812e-07,278528
1946,1,0.0972999975419953,0.0972999975419953,-0.000299213803373277,-0.634678363800049,9.76505494966087e-07,278528
1947,1,0.0973499975407321,0.0973499975407321,-0.000289005431113765,-0.634367406368256,9.62055223775443e-07,278528
1948,1,0.097399997539469,0.097399997539469,-0.000278921535937116,-0.634678363800049,9.48109147330895e-07,278528
1949,1,0.0974499975382059,0.0974499975382059,-0.000266472285147756,-0.634678363800049,9.3478553341009e-07,278528
1950,1,0.0974999975369428,0.0974999975369428,-0.000255018996540457,-0.633745551109314,9.22034583905183e-07,278528
1951,1,0.0975499975356797,0.0975499975356797,-0.000243814647546969,-0.633434653282166,9.09843851835799e-07,278528
1952,1,0.0975999975344166,0.0975999975344166,-0.000232983817113563,-0.633123636245728,8.98194661274404e-07,278528
1953,1,0.0976499975331535,0.0976499975331535,-0.000220285568502732,-0.632501840591431,8.87180383127511e-07,278528
1954,1,0.0976999975318904,0.0976999975318904,-0.000207462842809036,-0.631879925727844,8.76807241249107e-07,278528
1955,1,0.0977499975306273,0.0977499975306273,-0.000195760541828349,-0.631569027900696,8.67019214404956e-07,278528
1956,1,0.0977999975293642,0.0977999975293642,-0.000184431744855829,-0.631258130073547,8.57797627395121e-07,278528
1957,1,0.0978499975281011,0.0978499975281011,-0.000171484512975439,-0.629392504692078,8.49223401962953e-07,278528
1958,1,0.097899997526838,0.097899997526838,-0.000158910755999386,-0.628770649433136,8.41277864363704e-07,278528
1959,1,0.0979499975255749,0.0979499975255749,-0.000145839061588049,-0.628148853778839,8.33985911468512e-07,278528
1960,1,0.0979999975243118,0.0979999975243118,-0.000133514302433468,-0.625972270965576,8.27310196515482e-07,278528
1961,1,0.0980499975230487,0.0980499975230487,-0.000121563025459182,-0.625350415706635,8.2123204539607e-07,278528
1962,1,0.0980999975217856,0.0980999975217856,-0.000109487256850116,-0.625039458274841,8.15757682691858e-07,278528
1963,1,0.0981499975205224,0.0981499975205224,-9.56685835262761e-05,-0.62348484992981,8.10974253636384e-07,278528
1964,1,0.0981999975192593,0.0981999975192593,-8.27213734737597e-05,-0.622552037239075,8.06838185067182e-07,278528
1965,1,0.0982499975179962,0.0982499975179962,-6.89027074258775e-05,-0.62068647146225,8.03393049782919e-07,278528
1966,1,0.0982999975167331,0.0982999975167331,-5.55820079171099e-05,-0.619442760944366,8.0061394945727e-07,278528
1967,1,0.09834999751547,0.09834999751547,-4.4004205847159e-05,-0.616955280303955,7.98413739220494e-07,278528
1968,1,0.0983999975142069,0.0983999975142069,-2.95630761684151e-05,-0.61508971452713,7.96935585449414e-07,278528
1969,1,0.0984499975129438,0.0984499975129438,-1.64913635671837e-05,-0.612602233886719,7.96111017291885e-07,278528
1970,1,0.0984999975116807,0.0984999975116807,-3.29516069541569e-06,-0.61229133605957,7.95946259261277e-07,278528
1971,1,0.0985499975104176,0.0985499975104176,9.15408963919617e-06,-0.611358523368835,7.96403963731674e-07,278528
1972,1,0.0985999975091545,0.0985999975091545,2.29727556870785e-05,-0.609182059764862,7.97552601487011e-07,278528
1973,1,0.0986499975078914,0.0986499975078914,3.61689599230886e-05,-0.607627391815186,7.9936104943748e-07,278528
1974,1,0.0986999975066283,0.0986999975066283,4.93651605211198e-05,-0.604518055915833,8.01829307401183e-07,278528
1975,1,0.0987499975053652,0.0987499975053652,6.29348432994448e-05,-0.602341532707214,8.04976049486661e-07,278528
1976,1,0.0987999975041021,0.0987999975041021,7.67535166232847e-05,-0.600165069103241,8.08813725220878e-07,278528
1977,1,0.098849997502839,0.098849997502839,8.9700726675801e-05,-0.598610401153564,8.13298761441366e-07,278528
1978,1,0.0988999975015759,0.0988999975015759,0.000103394908364862,-0.595501065254211,8.18468506729011e-07,278528
1979,1,0.0989499975003127,0.0989499975003127,0.000115844159154221,-0.59394645690918,8.24260714540398e-07,278528
1980,1,0.0989999974990496,0.0989999974990496,0.000129538326291367,-0.591458976268768,8.30737630691346e-07,278528
1981,1,0.0990499974977865,0.0990499974977865,0.000142236560350284,-0.58834969997406,8.378494585292e-07,278528
1982,1,0.0990999974965234,0.0990999974965234,0.000154312336235307,-0.586795032024384,8.45565075146053e-07,278528
1983,1,0.0991499974952603,0.0991499974952603,0.000167633028468117,-0.583685755729675,8.5394672635772e-07,278528
1984,1,0.0991999974939972,0.0991999974939972,0.000181078212335706,-0.582441985607147,8.63000636745784e-07,278528
1985,1,0.0992499974927341,0.0992499974927341,0.000192905019503087,-0.577467083930969,8.72645887477279e-07,278528
1986,1,0.099299997491471,0.099299997491471,0.000205603239010088,-0.575912475585938,8.82926049168085e-07,278528
1987,1,0.0993499974902079,0.0993499974902079,0.000219297420699149,-0.572803139686584,8.93890919926047e-07,278528
1988,1,0.0993999974889448,0.0993999974889448,0.0002306262467755,-0.570004820823669,9.05422231973516e-07,278528
1989,1,0.0994499974876817,0.0994499974876817,0.000243697941186838,-0.566895484924316,9.17607128725041e-07,278528
1990,1,0.0994999974864186,0.0994999974864186,0.000254777783993632,-0.565962731838226,9.30346017602912e-07,278528
1991,1,0.0995499974851555,0.0995499974851555,0.000267724972218275,-0.56160968542099,9.4373226587566e-07,278528
1992,1,0.0995999974838924,0.0995999974838924,0.000278804829576984,-0.560365915298462,9.57672507002349e-07,278528
1993,1,0.0996499974826293,0.0996499974826293,0.000291005097096786,-0.555701971054077,9.72222761489618e-07,278528
1994,1,0.0996999974813662,0.0996999974813662,0.000302084925351664,-0.553525507450104,9.87327007375636e-07,278528
1995,1,0.099749997480103,0.099749997480103,0.000313289230689406,-0.551348924636841,1.00299146851439e-06,278528
1996,1,0.0997999974788399,0.0997999974788399,0.000324991560773924,-0.546684980392456,1.01924104614259e-06,278528
1997,1,0.0998499974775768,0.0998499974775768,0.000335075426846743,-0.543886661529541,1.03599481706169e-06,278528
1998,1,0.0998999974763137,0.0998999974763137,0.000346155255101621,-0.54046642780304,1.05330257937954e-06,278528
1999,1,0.0999499974750506,0.0999499974750506,0.000357733078999445,-0.53860080242157,1.07118923287765e-06,278528
2000,1,0.0999999974737875,0.0999999974737875,0.000367318978533149,-0.533625900745392,1.08955518134035e-06,278528
2001,1,0.100049997472524,0.100049997472524,0.000378025317331776,-0.531138479709625,1.10845644672945e-06,278528
2002,1,0.100099997471261,0.100099997471261,0.000388358224881813,-0.527718245983124,1.127874357483e-06,278528
2003,1,0.100149997469998,0.100149997469998,0.000399313546949998,-0.524608910083771,1.14784003432613e-06,278528
2004,1,0.100199997468735,0.100199997468735,0.000407654559239745,-0.521188676357269,1.16822276177321e-06,278528
2005,1,0.100249997467472,0.100249997467472,0.000416991475503892,-0.518390357494354,1.1890723350217e-06,278528
2006,1,0.100299997466209,0.100299997466209,0.000426079466706142,-0.515591979026794,1.21037630781882e-06,278528
2007,1,0.100349997464946,0.100349997464946,0.00043578987242654,-0.5118607878685,1.2321658008897e-06,278528
2008,1,0.100399997463683,0.100399997463683,0.000443383905803785,-0.509684264659882,1.25433499561985e-06,278528
2009,1,0.10044999746242,0.10044999746242,0.00045234736171551,-0.505020320415497,1.27695236313426e-06,278528
2010,1,0.100499997461156,0.100499997461156,0.000460937328170985,-0.50253289937973,1.29999922896059e-06,278528
2011,1,0.100549997459893,0.100549997459893,0.000468282378278673,-0.498801738023758,1.32341334728304e-06,278528
2012,1,0.10059999745863,0.10059999745863,0.00047525399713777,-0.494759649038315,1.34717604653963e-06,278528
2013,1,0.100649997457367,0.100649997457367,0.000482101080706343,-0.491339385509491,1.371281099966e-06,278528
2014,1,0.100699997456104,0.100699997456104,0.000488325720652938,-0.48791915178299,1.39569738538184e-06,278528
2015,1,0.100749997454841,0.100749997454841,0.000496044231113046,-0.484809845685959,1.42049959631094e-06,278528
2016,1,0.100799997453578,0.100799997453578,0.000502642302308232,-0.480456829071045,1.44563171079146e-06,278528
2017,1,0.100849997452315,0.100849997452315,0.000508866971358657,-0.476414710283279,1.47107505871664e-06,278528
2018,1,0.100899997451052,0.100899997451052,0.000514593615662307,-0.474549144506454,1.49680473884977e-06,278528
2019,1,0.100949997449788,0.100949997449788,0.000518950808327645,-0.471750766038895,1.52275227861066e-06,278528
2020,1,0.100999997448525,0.100999997448525,0.000525299983564764,-0.467708677053452,1.54901727712539e-06,278528
2021,1,0.101049997447262,0.101049997447262,0.000530528661329299,-0.464599341154099,1.57554370952174e-06,278528
2022,1,0.101099997445999,0.101099997445999,0.000535508384928107,-0.461179137229919,1.60231912809174e-06,278528
2023,1,0.101149997444736,0.101149997444736,0.000538869644515216,-0.456515163183212,1.62926260963685e-06,278528
2024,1,0.101199997443473,0.101199997443473,0.000543475907761604,-0.454338669776917,1.65643640433846e-06,278528
2025,1,0.10124999744221,0.10124999744221,0.000546339200809598,-0.451540261507034,1.68375336368886e-06,278528
2026,1,0.101299997440947,0.101299997440947,0.000550447381101549,-0.447498172521591,1.71127573204866e-06,278528
2027,1,0.101349997439684,0.101349997439684,0.000551692326553166,-0.444699823856354,1.73886034767948e-06,278528
2028,1,0.101399997438421,0.101399997438421,0.000556921062525362,-0.441901445388794,1.76670640010229e-06,278528
2029,1,0.101449997437157,0.101449997437157,0.000558912928681821,-0.438170284032822,1.79465204583042e-06,278528
2030,1,0.101499997435894,0.101499997435894,0.000561776221729815,-0.43475005030632,1.82274085620733e-06,278528
2031,1,0.101549997434631,0.101549997434631,0.000563519191928208,-0.43164074420929,1.85091681509195e-06,278528
2032,1,0.101599997433368,0.101599997433368,0.000562896660994738,-0.428220510482788,1.87906164743069e-06,278528
2033,1,0.101649997432105,0.101649997432105,0.000566382484976202,-0.425422102212906,1.9073807709641e-06,278528
2034,1,0.101699997430842,0.101699997430842,0.000567129405681044,-0.422623753547668,1.93573724053181e-06,278528
2035,1,0.101749997429579,0.101749997429579,0.000567253911867738,-0.419825375080109,1.96409993540869e-06,278528
2036,1,0.101799997428316,0.101799997428316,0.000567502866033465,-0.416716068983078,1.99247507799355e-06,278528
2037,1,0.101849997427053,0.101849997427053,0.000568498857319355,-0.412673979997635,2.02090002014144e-06,278528
2038,1,0.101899997425789,0.101899997425789,0.000568498857319355,-0.409253746271133,2.04932496228934e-06,278528
2039,1,0.101949997424526,0.101949997424526,0.000568125396966934,-0.406766295433044,2.07773123142008e-06,278528
2040,1,0.101999997423263,0.101999997423263,0.000566133472602814,-0.404589772224426,2.10603790433513e-06,278528
2041,1,0.102049997422,0.102049997422,0.000565386551897973,-0.401169538497925,2.13430723121589e-06,278528
2042,1,0.102099997420737,0.102099997420737,0.000564390618819743,-0.398993045091629,2.16252676144399e-06,278528
2043,1,0.102149997419474,0.102149997419474,0.000562647706829011,-0.394950956106186,2.19065914607476e-06,278528
2044,1,0.102199997418211,0.102199997418211,0.000560531276278198,-0.393396288156509,2.21868570918066e-06,278528
2045,1,0.102249997416948,0.102249997416948,0.000557792547624558,-0.39090883731842,2.24657533585733e-06,278528
2046,1,0.102299997415685,0.102299997415685,0.000555053702555597,-0.389043271541595,2.27432802028402e-06,278528
2047,1,0.102349997414422,0.102349997414422,0.00055281282402575,-0.385933965444565,2.30196866078705e-06,278528
2048,1,0.102399997413158,0.102399997413158,0.000549202552065253,-0.383446514606476,2.32942878769661e-06,278528
2049,1,0.102449997411895,0.102449997411895,0.000545343209523708,-0.380337208509445,2.35669594748397e-06,278528
2050,1,0.102499997410632,0.102499997410632,0.000542230962309986,-0.377227872610092,2.38380749491457e-06,278528
2051,1,0.102549997409369,0.102549997409369,0.000538247171789408,-0.376295119524002,2.41071985282418e-06,278528
2052,1,0.102599997408106,0.102599997408106,0.000534636899828911,-0.372563928365707,2.43745169714032e-06,278528
2053,1,0.102649997406843,0.102649997406843,0.000530030694790184,-0.371320217847824,2.46395323121034e-06,278528
2054,1,0.10269999740558,0.10269999740558,0.000525548995938152,-0.369143694639206,2.49023068034343e-06,278528
2055,1,0.102749997404317,0.102749997404317,0.000519946799613535,-0.367589056491852,2.51622801966736e-06,278528
2056,1,0.102799997403054,0.102799997403054,0.000515838561113924,-0.365101605653763,2.54201994707149e-06,278528
2057,1,0.10284999740179,0.10284999740179,0.000508866971358657,-0.362614154815674,2.56746329499667e-06,278528
2058,1,0.102899997400527,0.102899997400527,0.000504260766319931,-0.361370444297791,2.59267633267574e-06,278528
2059,1,0.102949997399264,0.102949997399264,0.000496791151817888,-0.359504848718643,2.61751588963913e-06,278528
2060,1,0.102999997398001,0.102999997398001,0.000491811486426741,-0.357017397880554,2.64210646333926e-06,278528
2061,1,0.103049997396738,0.103049997396738,0.000484839925775304,-0.355773717164993,2.66634845901562e-06,278528
2062,1,0.103099997395475,0.103099997395475,0.000478117290185764,-0.354219049215317,2.69025432292099e-06,278528
2063,1,0.103149997394212,0.103149997394212,0.000471021223347634,-0.351420670747757,2.71380538349343e-06,278528
2064,1,0.103199997392949,0.103199997392949,0.000462804746348411,-0.351109713315964,2.73694562022628e-06,278528
2065,1,0.103249997391686,0.103249997391686,0.00045570867951028,-0.349244177341461,2.75973105362618e-06,278528
2066,1,0.103299997390423,0.103299997390423,0.000449484039563686,-0.348311364650726,2.78220525503662e-06,278528
2067,1,0.103349997389159,0.103349997389159,0.000440894073108211,-0.346445769071579,2.80424995813513e-06,278528
2068,1,0.103399997387896,0.103399997387896,0.000433424487709999,-0.345823913812637,2.82592118197317e-06,278528
2069,1,0.103449997386633,0.103449997386633,0.000424710015067831,-0.344269275665283,2.84715668219011e-06,278528
2070,1,0.10349999738537,0.10349999738537,0.000415995571529493,-0.342714637517929,2.86795646024114e-06,278528
2071,1,0.103549997384107,0.103549997384107,0.000407530053053051,-0.341781824827194,2.88833296237904e-06,278528
2072,1,0.103599997382844,0.103599997382844,0.000398566597141325,-0.340849041938782,2.90826129173267e-06,278528
2073,1,0.103649997381581,0.103649997381581,0.000388856191420928,-0.340538084506989,2.92770410081255e-06,278528
2074,1,0.103699997380318,0.103699997380318,0.000380017212592065,-0.339294373989105,2.94670496096215e-06,278528
2075,1,0.103749997379055,0.103749997379055,0.000371800735592842,-0.338361591100693,2.96529499727217e-06,278528
2076,1,0.103799997377791,0.103799997377791,0.000361467828042805,-0.337117880582809,2.98336838821774e-06,278528
2077,1,0.103849997376528,0.103849997376528,0.00035150843905285,-0.336185097694397,3.00094380972639e-06,278528
2078,1,0.103899997375265,0.103899997375265,0.000341300066793337,-0.336806952953339,3.01800881263496e-06,278528
2079,1,0.103949997374002,0.103949997374002,0.00033196312142536,-0.335874140262604,3.03460696828692e-06,278528
2080,1,0.103999997372739,0.103999997372739,0.000322377192787826,-0.336185097694397,3.05072582751912e-06,278528
2081,1,0.104049997371476,0.104049997371476,0.000310923904180527,-0.335874140262604,3.06627202233541e-06,278528
2082,1,0.104099997370213,0.104099997370213,0.000302084925351664,-0.335252285003662,3.08137626822143e-06,278528
2083,1,0.10414999736895,0.10414999736895,0.000288888724753633,-0.335874140262604,3.09582070409421e-06,278528
2084,1,0.104199997367687,0.104199997367687,0.00027967625646852,-0.33463042974472,3.10980451656438e-06,278528
2085,1,0.104249997366423,0.104249997366423,0.000268845440587029,-0.335252285003662,3.12324678825415e-06,278528
2086,1,0.10429999736516,0.10429999736516,0.00025776558322832,-0.33463042974472,3.13613506708998e-06,278528
2087,1,0.104349997363897,0.104349997363897,0.000247183721512556,-0.335874140262604,3.14849425285339e-06,278528
2088,1,0.104399997362634,0.104399997362634,0.000235730432905257,-0.335563242435455,3.1602807742009e-06,278528
2089,1,0.104449997361371,0.104449997361371,0.000224401606828906,-0.335563242435455,3.1715008542589e-06,278528
2090,1,0.104499997360108,0.104499997360108,0.000213321778574027,-0.335563242435455,3.18216694291816e-06,278528
2091,1,0.104549997358845,0.104549997358845,0.00020161947759334,-0.337117880582809,3.19224791654316e-06,278528
2092,1,0.104599997357582,0.104599997357582,0.000190041668247432,-0.337428778409958,3.20174999971548e-06,278528
2093,1,0.104649997356319,0.104649997356319,0.000178961839992553,-0.338361591100693,3.21069809148906e-06,278528
2094,1,0.104699997355056,0.104699997355056,0.000167010584846139,-0.338983446359634,3.21904862052042e-06,278528
2095,1,0.104749997353792,0.104749997353792,0.000155557267135009,-0.339294373989105,3.22682648368068e-06,278528
2096,1,0.104799997352529,0.104799997352529,0.000144601930514909,-0.340538084506989,3.23405658002378e-06,278528
2097,1,0.104849997351266,0.104849997351266,0.000131032240460627,-0.34022718667984,3.24060819188131e-06,278528
2098,1,0.104899997350003,0.104899997350003,0.00012069936201442,-0.341781824827194,3.24664315982957e-06,278528
2099,1,0.10494999734874,0.10494999734874,0.000108374610135797,-0.343647420406342,3.25206189019947e-06,278528
2100,1,0.104999997347477,0.104999997347477,9.60498509812169e-05,-0.344269275665283,3.25686438262721e-06,278528
2101,1,0.105049997346214,0.105049997346214,8.4721039456781e-05,-0.345823913812637,3.26110043449304e-06,278528
2102,1,0.105099997344951,0.105099997344951,7.27697552065365e-05,-0.347378581762314,3.26473892216145e-06,278528
2103,1,0.105149997343688,0.105149997343688,6.00715138716623e-05,-0.347689509391785,3.26774249777916e-06,278528
2104,1,0.105199997342424,0.105199997342424,4.78712499898393e-05,-0.348311364650726,3.27013606021818e-06,278528
2105,1,0.105249997341161,0.105249997341161,3.69159133697394e-05,-0.351109713315964,3.27198185584004e-06,278528
2106,1,0.105299997339898,0.105299997339898,2.5338113118778e-05,-0.352975308895111,3.27324876146397e-06,278528
2107,1,0.105349997338635,0.105349997338635,1.22664014270413e-05,-0.354529976844788,3.27386208151983e-06,278528
2108,1,0.105399997337372,0.105399997337372,-1.82848339136399e-07,-0.355773717164993,3.27385293910311e-06,278528
2109,1,0.105449997336109,0.105449997336109,-1.15116654342273e-05,-0.35826113820076,3.27327735584594e-06,278528
2110,1,0.105499997334846,0.105499997334846,-2.32139591389569e-05,-0.360437661409378,3.27211665791831e-06,278528
2111,1,0.105549997333583,0.105549997333583,-3.60366866516415e-05,-0.361681401729584,3.27031482363125e-06,278528
2112,1,0.10559999733232,0.10559999733232,-4.78634719911497e-05,-0.362925112247467,3.26792165009215e-06,278528
2113,1,0.105649997331057,0.105649997331057,-5.98147526034154e-05,-0.364790678024292,3.26493091253753e-06,278528
2114,1,0.105699997329793,0.105699997329793,-7.17660295777023e-05,-0.367589056491852,3.26134261114929e-06,278528
2115,1,0.10574999732853,0.10574999732853,-8.27213734737597e-05,-0.369454652070999,3.25720654258009e-06,278528
2116,1,0.105799997327267,0.105799997327267,-9.5170624263119e-05,-0.371631145477295,3.25244801148714e-06,278528
2117,1,0.105849997326004,0.105849997326004,-0.000106374951428734,-0.374429523944855,3.24712926405007e-06,278528
2118,1,0.105899997324741,0.105899997324741,-0.000118575211672578,-0.37536233663559,3.24120050361621e-06,278528
2119,1,0.105949997323478,0.105949997323478,-0.000129655032651499,-0.379404425621033,3.23471775214741e-06,278528
2120,1,0.105999997322215,0.105999997322215,-0.000140610369271599,-0.38127002120018,3.22768723386143e-06,278528
2121,1,0.106049997320952,0.106049997320952,-0.000153308617882431,-0.384379297494888,3.22002180316096e-06,278528
2122,1,0.106099997319689,0.106099997319689,-0.000163516990141943,-0.385623008012772,3.2118459538604e-06,278528
2123,1,0.106149997318425,0.106149997318425,-0.000175966240931302,-0.388732314109802,3.2030476420361e-06,278528
2124,1,0.106199997317162,0.106199997317162,-0.000187046098290011,-0.392152547836304,3.19369533735786e-06,278528
2125,1,0.106249997315899,0.106249997315899,-0.000198623878532089,-0.394329100847244,3.18376414368213e-06,278528
2126,1,0.106299997314636,0.106299997314636,-0.000209205740247853,-0.397749304771423,3.17330385693399e-06,278528
2127,1,0.106349997313373,0.106349997313373,-0.000219663110328838,-0.399303942918777,3.16232070169501e-06,278528
2128,1,0.10639999731211,0.10639999731211,-0.000231240905122831,-0.40210235118866,3.15075865673095e-06,278528
2129,1,0.106449997310847,0.106449997310847,-0.00024045335885603,-0.405522584915161,3.13873598909186e-06,278528
2130,1,0.106499997309584,0.106499997309584,-0.00025240465765819,-0.409564673900604,3.12611575652777e-06,278528
2131,1,0.106549997308321,0.106549997308321,-0.000261741573922336,-0.412052124738693,3.11302867816226e-06,278528
2132,1,0.106599997307057,0.106599997307057,-0.000271949975285679,-0.414228618144989,3.09943117974148e-06,278528
2133,1,0.106649997305794,0.106649997305794,-0.000281909364275634,-0.41640517115593,3.08533571188378e-06,278528
2134,1,0.106699997304531,0.106699997304531,-0.000291993230348453,-0.420447260141373,3.07073605073517e-06,278528
2135,1,0.106749997303268,0.106749997303268,-0.000302201631711796,-0.422312825918198,3.0556259695313e-06,278528
2136,1,0.106799997302005,0.106799997302005,-0.000312907999614254,-0.426354914903641,3.03998056994582e-06,278528
2137,1,0.106849997300742,0.106849997300742,-0.000321995932608843,-0.429775148630142,3.02388077372209e-06,278528
2138,1,0.106899997299479,0.106899997299479,-0.00033133287797682,-0.433195382356644,3.00731413024176e-06,278528
2139,1,0.106949997298216,0.106949997298216,-0.000341416773153469,-0.435371905565262,2.99024329201533e-06,278528
2140,1,0.106999997296953,0.106999997296953,-0.000349633279256523,-0.439413994550705,2.97276162849413e-06,278528
2141,1,0.10704999729569,0.10704999729569,-0.00035797429154627,-0.441901445388794,2.95486291436898e-06,278528
2142,1,0.107099997294426,0.107099997294426,-0.000367062224540859,-0.445010721683502,2.93650980360557e-06,278528
2143,1,0.107149997293163,0.107149997293163,-0.000376150186639279,-0.449674725532532,2.91770229474872e-06,278528
2144,1,0.1071999972919,0.1071999972919,-0.000384740182198584,-0.451540261507034,2.89846528612476e-06,278528
2145,1,0.107249997290637,0.107249997290637,-0.000392583169741556,-0.454338669776917,2.87883612813356e-06,278528
2146,1,0.107299997289374,0.107299997289374,-0.000400301709305495,-0.457137048244476,2.85882104317391e-06,278528
2147,1,0.107349997288111,0.107349997288111,-0.000409514148486778,-0.462111949920654,2.83834533626683e-06,278528
2148,1,0.107399997286848,0.107399997286848,-0.000415365328080952,-0.464910298585892,2.81757707038743e-06,278528
2149,1,0.107449997285585,0.107449997285585,-0.000423208344727755,-0.467708677053452,2.7964166536856e-06,278528
2150,1,0.107499997284322,0.107499997284322,-0.000431673834100366,-0.471128880977631,2.77483296252583e-06,278528
2151,1,0.107549997283058,0.107549997283058,-0.000438769930042326,-0.475481927394867,2.75289446657793e-06,278528
2152,1,0.107599997281795,0.107599997281795,-0.00044499451178126,-0.47952401638031,2.73064474155094e-06,278528
2153,1,0.107649997280532,0.107649997280532,-0.000451343628810719,-0.482322424650192,2.7080775606805e-06,278528
2154,1,0.107699997279269,0.107699997279269,-0.000458688708022237,-0.485431700944901,2.68514312585876e-06,278528
2155,1,0.107749997278006,0.107749997278006,-0.000465411285404116,-0.489473819732666,2.66187256217642e-06,278528
2156,1,0.107799997276743,0.107799997276743,-0.000470391009002924,-0.491961240768433,2.63835301232043e-06,278528
2157,1,0.10784999727548,0.10784999727548,-0.000477736059110612,-0.496314287185669,2.61446620996833e-06,278528
2158,1,0.107899997274217,0.107899997274217,-0.000483711686683819,-0.499734491109848,2.59028062624512e-06,278528
2159,1,0.107949997272954,0.107949997272954,-0.000488691381178796,-0.502843797206879,2.56584605780345e-06,278528
2160,1,0.107999997271691,0.107999997271691,-0.000493795552756637,-0.506574988365173,2.54115628078933e-06,278528
2161,1,0.108049997270427,0.108049997270427,-0.000499024288728833,-0.510306119918823,2.51620506698321e-06,278528
2162,1,0.108099997269164,0.108099997269164,-0.000503257033415139,-0.512793600559235,2.49104221594812e-06,278528
2163,1,0.108149997267901,0.108149997267901,-0.000507738732267171,-0.515281021595001,2.46565527997609e-06,278528
2164,1,0.108199997266638,0.108199997266638,-0.000512594007886946,-0.519012212753296,2.4400255802292e-06,278528
2165,1,0.108249997265375,0.108249997265375,-0.000516826694365591,-0.522743344306946,2.41418424616373e-06,278528
2166,1,0.108299997264112,0.108299997264112,-0.000520934991072863,-0.525541722774506,2.38813749726808e-06,278528
2167,1,0.108349997262849,0.108349997262849,-0.000524171744473279,-0.529894769191742,2.3619289107065e-06,278528
2168,1,0.108399997261586,0.108399997261586,-0.000527035095728934,-0.53300404548645,2.33557715658576e-06,278528
2169,1,0.108449997260323,0.108449997260323,-0.000531765806954354,-0.535180568695068,2.30898886690972e-06,278528
2170,1,0.108499997259059,0.108499997259059,-0.000534878054168075,-0.539222657680511,2.28224496487692e-06,278528
2171,1,0.108549997257796,0.108549997257796,-0.000534753606189042,-0.542331993579865,2.25550728524292e-06,278528
2172,1,0.108599997256533,0.108599997256533,-0.000537118990905583,-0.545441269874573,2.22865133637608e-06,278528
2173,1,0.10864999725527,0.10864999725527,-0.000540106790140271,-0.547928750514984,2.20164599755128e-06,278528
2174,1,0.108699997254007,0.108699997254007,-0.000541476241778582,-0.550727069377899,2.17457218614629e-06,278528
2175,1,0.108749997252744,0.108749997252744,-0.000543841568287462,-0.553836405277252,2.14738010841885e-06,278528
2176,1,0.108799997251481,0.108799997251481,-0.000544961949344724,-0.556945741176605,2.12013201163996e-06,278528
2177,1,0.108849997250218,0.108849997250218,-0.000547327392268926,-0.560055017471313,2.09276564271784e-06,278528
2178,1,0.108899997248955,0.108899997248955,-0.000547451840247959,-0.562231540679932,2.06539305139693e-06,278528
2179,1,0.108949997247691,0.108949997247691,-0.000547451840247959,-0.564718961715698,2.03802046007603e-06,278528
2180,1,0.108999997246428,0.108999997246428,-0.000547202886082232,-0.569693863391876,2.01066031646309e-06,278528
2181,1,0.109049997245165,0.109049997245165,-0.000547327392268926,-0.572181284427643,1.98329394754098e-06,278528
2182,1,0.109099997243902,0.109099997243902,-0.000546953873708844,-0.574357807636261,1.9559462545464e-06,278528
2183,1,0.109149997242639,0.109149997242639,-0.000546082446817309,-0.576534330844879,1.92864213289529e-06,278528
2184,1,0.109199997241376,0.109199997241376,-0.000546455907169729,-0.579643666744232,1.90131933822704e-06,278528
2185,1,0.109249997240113,0.109249997240113,-0.000544712995178998,-0.582441985607147,1.87408368915612e-06,278528
2186,1,0.10929999723885,0.10929999723885,-0.000542596681043506,-0.584307610988617,1.8469538557893e-06,278528
2187,1,0.109349997237587,0.109349997237587,-0.000541849702131003,-0.586795032024384,1.81986137136716e-06,278528
2188,1,0.109399997236324,0.109399997236324,-0.000539484317414463,-0.58928245306015,1.79288715617786e-06,278528
2189,1,0.10944999723506,0.10944999723506,-0.000538114982191473,-0.590837121009827,1.76598140774799e-06,278528
2190,1,0.109499997233797,0.109499997233797,-0.000534878054168075,-0.59487920999527,1.73923750571519e-06,278528
2191,1,0.109549997232534,0.109549997232534,-0.00053164130076766,-0.59674483537674,1.71265544134833e-06,278528
2192,1,0.109599997231271,0.109599997231271,-0.00052927591605112,-0.599854111671448,1.6861916462143e-06,278528
2193,1,0.109649997230008,0.109649997230008,-0.000525665644090623,-0.601097881793976,1.65990836467374e-06,278528
2194,1,0.109699997228745,0.109699997228745,-0.000521806417964399,-0.604207158088684,1.63381804443462e-06,278528
2195,1,0.109749997227482,0.109749997227482,-0.000518569606356323,-0.605139970779419,1.60788956477181e-06,278528
2196,1,0.109799997226219,0.109799997226219,-0.000513714388944209,-0.606694579124451,1.58220384597348e-06,278528
2197,1,0.109849997224956,0.109849997224956,-0.000510104058776051,-0.609803915023804,1.55669864367899e-06,278528
2198,1,0.109899997223692,0.109899997223692,-0.000505497853737324,-0.611669480800629,1.53142375163062e-06,278528
2199,1,0.109949997222429,0.109949997222429,-0.000500144669786096,-0.612602233886719,1.50641651877305e-06,278528
2200,1,0.109999997221166,0.109999997221166,-0.000494916050229222,-0.614778816699982,1.48167071688672e-06,278528
2201,1,0.110049997219903,0.110049997219903,-0.000489562866277993,-0.615711569786072,1.4571925741912e-06,278528
2202,1,0.11009999721864,0.11009999721864,-0.000483960669953376,-0.61788809299469,1.43299454130482e-06,278528
2203,1,0.110149997217377,0.110149997217377,-0.000479105452541262,-0.620064616203308,1.40903926928292e-06,278528
2204,1,0.110199997216114,0.110199997216114,-0.000471884908620268,-0.621308326721191,1.38544502444795e-06,278528
2205,1,0.110249997214851,0.110249997214851,-0.000465286808321252,-0.621308326721191,1.36218068461959e-06,278528
2206,1,0.110299997213588,0.110299997213588,-0.000457941758213565,-0.623173892498016,1.33928359728734e-06,278528
2207,1,0.110349997212325,0.110349997212325,-0.000451841595349833,-0.624728560447693,1.31669151809057e-06,278528
2208,1,0.110399997211061,0.110399997211061,-0.000444247561972588,-0.625972270965576,1.29447914055308e-06,278528
2209,1,0.110449997209798,0.110449997209798,-0.000437275972217321,-0.626594126224518,1.27261534249454e-06,278528
2210,1,0.110499997208535,0.110499997208535,-0.000429432926466689,-0.628459751605988,1.25114369671362e-06,278528
2211,1,0.110549997207272,0.110549997207272,-0.000421589938923717,-0.629703462123871,1.23006420029995e-06,278528
2212,1,0.110599997206009,0.110599997206009,-0.000412252964451909,-0.630325317382813,1.20945155259807e-06,278528
2213,1,0.110649997204746,0.110649997204746,-0.000405654893256724,-0.630325317382813,1.18916880844762e-06,278528
2214,1,0.110699997203483,0.110699997203483,-0.000395695475162938,-0.631879925727844,1.16938403518928e-06,278528
2215,1,0.11074999720222,0.11074999720222,-0.0003869810316246,-0.632190942764282,1.15003498409685e-06,278528
2216,1,0.110799997200957,0.110799997200957,-0.00037888900260441,-0.632812738418579,1.1310905344452e-06,278528
2217,1,0.110849997199693,0.110849997199693,-0.000369178596884012,-0.633123636245728,1.11263160506731e-06,278528
2218,1,0.11089999719843,0.11089999719843,-0.000359094701707363,-0.632812738418579,1.09467687043552e-06,278528
2219,1,0.110949997197167,0.110949997197167,-0.000348637317074463,-0.634367406368256,1.07724500502216e-06,278528
2220,1,0.110999997195904,0.110999997195904,-0.000339175923727453,-0.633745551109314,1.06028620926421e-06,278528
2221,1,0.111049997194641,0.111049997194641,-0.00032996348454617,-0.633434653282166,1.04378803545368e-06,278528
2222,1,0.111099997193378,0.111099997193378,-0.000319132581353188,-0.634678363800049,1.02783140678912e-06,278528
2223,1,0.111149997192115,0.111149997192115,-0.000308675254927948,-0.635611116886139,1.01239764443261e-06,278528
2224,1,0.111199997190852,0.111199997190852,-0.000298342376481742,-0.634678363800049,9.97480525985359e-07,278528
2225,1,0.111249997189589,0.111249997189589,-0.000288382958387956,-0.634989261627197,9.8306137843022e-07,278528
2226,1,0.111299997188326,0.111299997188326,-0.000276058213785291,-0.634678363800049,9.69258468089646e-07,278528
2227,1,0.111349997187062,0.111349997187062,-0.00026522736879997,-0.634367406368256,9.55997099984658e-07,278528
2228,1,0.111399997185799,0.111399997185799,-0.000253525067819282,-0.634367406368256,9.43320846913923e-07,278528
2229,1,0.111449997184536,0.111449997184536,-0.000242071764660068,-0.634678363800049,9.31217258986682e-07,278528
2230,1,0.111499997183273,0.111499997183273,-0.000229747020057403,-0.633123636245728,9.19729908274007e-07,278528
2231,1,0.11154999718201,0.11154999718201,-0.000218418193981051,-0.632190942764282,9.0880899885084e-07,278528
2232,1,0.111599997180747,0.111599997180747,-0.000206342418096028,-0.632812738418579,8.98491878206671e-07,278528
2233,1,0.111649997179484,0.111649997179484,-0.000193519692402333,-0.630947172641754,8.8881589383099e-07,278528
2234,1,0.111699997178221,0.111699997178221,-0.000182688832865097,-0.630325317382813,8.7968145241849e-07,278528
2235,1,0.111749997176958,0.111749997176958,-0.000170364088262431,-0.629392504692078,8.71163248220557e-07,278528
2236,1,0.111799997175694,0.111799997175694,-0.000156296431669034,-0.628148853778839,8.63348426834524e-07,278528
2237,1,0.111849997174431,0.111849997174431,-0.000145216603414156,-0.628148853778839,8.5608759684724e-07,278528
2238,1,0.111899997173168,0.111899997173168,-0.000132020388264209,-0.626594126224518,8.49486577600786e-07,278528
2239,1,0.111949997171905,0.111949997171905,-0.000118575211672578,-0.625350415706635,8.4355781716693e-07,278528
2240,1,0.111999997170642,0.111999997170642,-0.000105503495433368,-0.624106705188751,8.38282642528524e-07,278528
2241,1,0.112049997169379,0.112049997169379,-9.39257006393746e-05,-0.623173892498016,8.33586357615193e-07,278528
2242,1,0.112099997168116,0.112099997168116,-8.07294927653857e-05,-0.621930181980133,8.29549883078894e-07,278528
2243,1,0.112149997166853,0.112149997166853,-6.74087859806605e-05,-0.619753658771515,8.26179443865005e-07,278528
2244,1,0.11219999716559,0.11219999716559,-5.42125926585868e-05,-0.618820905685425,8.23468814300552e-07,278528
2245,1,0.112249997164326,0.112249997164326,-3.97714611608535e-05,-0.617577135562897,8.21480241292745e-07,278528
2246,1,0.112299997163063,0.112299997163063,-2.75711972790305e-05,-0.615400671958923,8.20101681463619e-07,278528
2247,1,0.1123499971618,0.1123499971618,-1.48729623106192e-05,-0.614467859268188,8.19358033366874e-07,278528
2248,1,0.112399997160537,0.112399997160537,-1.55226587139623e-06,-0.61229133605957,8.19280420075265e-07,278528
2249,1,0.112449997159274,0.112449997159274,1.16439387056744e-05,-0.610425770282745,8.19862616995841e-07,278528
2250,1,0.112499997158011,0.112499997158011,2.48401429416845e-05,-0.608871102333069,8.21104624111549e-07,278528
2251,1,0.112549997156748,0.112549997156748,3.81608406314626e-05,-0.606072723865509,8.23012666094921e-07,278528
2252,1,0.112599997155485,0.112599997155485,5.07345794176217e-05,-0.604207158088684,8.25549395001719e-07,278528
2253,1,0.112649997154222,0.112649997154222,6.49267312837765e-05,-0.601719737052917,8.28795731483899e-07,278528
2254,1,0.112699997152959,0.112699997152959,7.78739413362928e-05,-0.600165069103241,8.3268942845235e-07,278528
2255,1,0.112749997151695,0.112749997151695,9.0572182671167e-05,-0.597366690635681,8.37218037471506e-07,278528
2256,1,0.112799997150432,0.112799997150432,0.000104266357084271,-0.596122980117798,8.4243135519402e-07,278528
2257,1,0.112849997149169,0.112849997149169,0.000117338058771566,-0.592391788959503,8.48298257984388e-07,278528
2258,1,0.112899997147906,0.112899997147906,0.000130409767734818,-0.590837121009827,8.54818746206408e-07,278528
2259,1,0.112949997146643,0.112949997146643,0.000143481491249986,-0.588038802146912,8.61992820587675e-07,278528
2260,1,0.11299999714538,0.11299999714538,0.00015642870857846,-0.5855513215065,8.69814255819011e-07,278528
2261,1,0.113049997144117,0.113049997144117,0.000169500432093628,-0.584307610988617,8.78289277209596e-07,278528
2262,1,0.113099997142854,0.113099997142854,0.00018207415996585,-0.580576419830322,8.87392984977909e-07,278528
2263,1,0.113149997141591,0.113149997141591,0.000194772394024767,-0.578399896621704,8.9713160443313e-07,278528
2264,1,0.113199997140327,0.113199997140327,0.000208466561161913,-0.575601577758789,9.0755493222791e-07,278528
2265,1,0.113249997139064,0.113249997139064,0.000219795387238264,-0.572803139686584,9.18544701312198e-07,278528
2266,1,0.113299997137801,0.113299997137801,0.000231995654758066,-0.569382905960083,9.30144483757066e-07,278528
2267,1,0.113349997136538,0.113349997136538,0.00024494287208654,-0.56720644235611,9.42391627052004e-07,278528
2268,1,0.113399997135275,0.113399997135275,0.00025639618979767,-0.564097106456757,9.55211436218032e-07,278528
2269,1,0.113449997134012,0.113449997134012,0.00026921893004328,-0.56160968542099,9.68672382380144e-07,278528
2270,1,0.113499997132749,0.113499997132749,0.000280547712463886,-0.559122204780579,9.82699767648977e-07,278528
2271,1,0.113549997131486,0.113549997131486,0.000291752017801628,-0.557256639003754,9.97287368170545e-07,278528
2272,1,0.113599997130223,0.113599997130223,0.000303952285321429,-0.552592694759369,1.01248498205269e-06,278528
2273,1,0.11364999712896,0.11364999712896,0.000315281125949696,-0.549172461032867,1.02824903795194e-06,278528
2274,1,0.113699997127696,0.113699997127696,0.000326485431287438,-0.546995937824249,1.04457330910393e-06,278528
2275,1,0.113749997126433,0.113749997126433,0.000337316305376589,-0.543575704097748,1.06143912394669e-06,278528
2276,1,0.11379999712517,0.11379999712517,0.00034814712125808,-0.541088283061981,1.07884647956985e-06,278528
2277,1,0.113849997123907,0.113849997123907,0.00035823104553856,-0.538289844989777,1.09675803139429e-06,278528
2278,1,0.113899997122644,0.113899997122644,0.000368937413441017,-0.533625900745392,1.11520490160034e-06,278528
2279,1,0.113949997121381,0.113949997121381,0.000379519275156781,-0.531138479709625,1.1341808648788e-06,278528
2280,1,0.113999997120118,0.113999997120118,0.000390101078664884,-0.527718245983124,1.15368591831931e-06,278528
2281,1,0.114049997118855,0.114049997118855,0.000399064592784271,-0.524919867515564,1.17363914745446e-06,278528
2282,1,0.114099997117592,0.114099997117592,0.000409023981774226,-0.520566821098328,1.19409034602653e-06,278528
2283,1,0.114149997116328,0.114149997116328,0.000417489471146837,-0.518079400062561,1.21496481905654e-06,278528
2284,1,0.114199997115065,0.114199997115065,0.000427075370680541,-0.513726413249969,1.23631858705113e-06,278528
2285,1,0.114249997113802,0.114249997113802,0.000435665366239846,-0.510927975177765,1.25810185481283e-06,278528
2286,1,0.114299997112539,0.114299997112539,0.000444006349425763,-0.507818698883057,1.28030217172329e-06,278528
2287,1,0.114349997111276,0.114349997111276,0.000452720822067931,-0.503776609897614,1.30293821225485e-06,278528
2288,1,0.114399997110013,0.114399997110013,0.000460314884549007,-0.500978231430054,1.32595395590087e-06,278528
2289,1,0.11444999710875,0.11444999710875,0.000469029328087345,-0.497557997703552,1.34940542171281e-06,278528
2290,1,0.114499997107487,0.114499997107487,0.000475751934573054,-0.494759649038315,1.37319301784053e-06,278528
2291,1,0.114549997106224,0.114549997106224,0.00048334599705413,-0.489784747362137,1.39736031708272e-06,278528
2292,1,0.11459999710496,0.11459999710496,0.000490193080622703,-0.487297296524048,1.42186997049469e-06,278528
2293,1,0.114649997103697,0.114649997103697,0.000495670712552965,-0.483566105365753,1.44665350549626e-06,278528
2294,1,0.114699997102434,0.114699997102434,0.000503638293594122,-0.480456829071045,1.47183541953981e-06,278528
2295,1,0.114749997101171,0.114749997101171,0.000508369004819542,-0.477347522974014,1.49725386913867e-06,278528
2296,1,0.114799997099908,0.114799997099908,0.000514469109475613,-0.473305433988571,1.52297732396262e-06,278528
2297,1,0.114849997098645,0.114849997098645,0.000520569272339344,-0.470196127891541,1.54900578692205e-06,278528
2298,1,0.114899997097382,0.114899997097382,0.000524926465004683,-0.466464936733246,1.57525210950925e-06,278528
2299,1,0.114949997096119,0.114949997096119,0.000530653109308332,-0.463977485895157,1.60178476430439e-06,278528
2300,1,0.114999997094856,0.114999997094856,0.000534387945663184,-0.459935396909714,1.62850416091256e-06,278528
2301,1,0.115049997093593,0.115049997093593,0.000539118598680943,-0.456826090812683,1.65546009016565e-06,278528
2302,1,0.115099997092329,0.115099997092329,0.000543351343367249,-0.454027712345123,1.6826276566477e-06,278528
2303,1,0.115149997091066,0.115149997091066,0.000547833100426942,-0.449674725532532,1.71001931097707e-06,278528
2304,1,0.115199997089803,0.115199997089803,0.000551318866200745,-0.447809129953384,1.73758525359074e-06,278528
2305,1,0.11524999708854,0.11524999708854,0.000553310732357204,-0.444388866424561,1.76525078950971e-06,278528
2306,1,0.115299997087277,0.115299997087277,0.000555053702555597,-0.441590517759323,1.79300347393639e-06,278528
2307,1,0.115349997086014,0.115349997086014,0.000558290455956012,-0.436304688453674,1.82091799602901e-06,278528
2308,1,0.115399997084751,0.115399997084751,0.000559908919967711,-0.43475005030632,1.84891344132018e-06,278528
2309,1,0.115449997083488,0.115449997083488,0.000562149740289897,-0.430086076259613,1.87702092762462e-06,278528
2310,1,0.115499997082225,0.115499997082225,0.000563768146093935,-0.427909553050995,1.90520933421721e-06,278528
2311,1,0.115549997080961,0.115549997080961,0.000565760012250394,-0.424178391695023,1.93349733411512e-06,278528
2312,1,0.115599997079698,0.115599997079698,0.000566755945328623,-0.421690970659256,1.96183513066568e-06,278528
2313,1,0.115649997078435,0.115649997078435,0.000567502866033465,-0.417959809303284,1.99021027325053e-06,278528
2314,1,0.115699997077172,0.115699997077172,0.000568125396966934,-0.414850473403931,2.01861654238128e-06,278528
2315,1,0.115749997075909,0.115749997075909,0.000567751936614513,-0.412052124738693,2.04700413849487e-06,278528
2316,1,0.115799997074646,0.115799997074646,0.000567129405681044,-0.409253746271133,2.07536060806258e-06,278528
2317,1,0.115849997073383,0.115849997073383,0.000567004957702011,-0.406766295433044,2.10371085523149e-06,278528
2318,1,0.11589999707212,0.11589999707212,0.000566506991162896,-0.403035134077072,2.13203620407408e-06,278528
2319,1,0.115949997070857,0.115949997070857,0.000564266112633049,-0.401169538497925,2.160249508993e-06,278528
2320,1,0.115999997069594,0.115999997069594,0.000562149740289897,-0.398371189832687,2.18835699529744e-06,278528
2321,1,0.11604999706833,0.11604999706833,0.0005612782551907,-0.394950956106186,2.21642090734802e-06,278528
2322,1,0.116099997067067,0.116099997067067,0.000559286447241902,-0.393396288156509,2.24438522900368e-06,278528
2323,1,0.116149997065804,0.116149997065804,0.000556921062525362,-0.389976054430008,2.2722312814265e-06,278528
2324,1,0.116199997064541,0.116199997064541,0.000554431229829788,-0.387799561023712,2.29995284221768e-06,278528
2325,1,0.116249997063278,0.116249997063278,0.000551318866200745,-0.38500115275383,2.32751878483135e-06,278528
2326,1,0.116299997062015,0.116299997062015,0.000548455573152751,-0.38220277428627,2.35494156279623e-06,278528
2327,1,0.116349997060752,0.116349997060752,0.000544845301192254,-0.38127002120018,2.38218382716764e-06,278528
2328,1,0.116399997059489,0.116399997059489,0.000541234971024096,-0.377227872610092,2.40924557503521e-06,278528
2329,1,0.116449997058226,0.116449997058226,0.000537624699063599,-0.375984191894531,2.43612680930931e-06,278528
2330,1,0.116499997056962,0.116499997056962,0.000532769481651485,-0.372874885797501,2.46276528271894e-06,278528
2331,1,0.116549997055699,0.116549997055699,0.000527914322447032,-0.370387434959412,2.48916099817448e-06,278528
2332,1,0.116599997054436,0.116599997054436,0.000523308059200644,-0.368832796812057,2.51532640047352e-06,278528
2333,1,0.116649997053173,0.116649997053173,0.000519448833074421,-0.366345345973969,2.54129884147112e-06,278528
2334,1,0.11669999705191,0.11669999705191,0.000513099657837301,-0.364168792963028,2.56695382371489e-06,278528
2335,1,0.116749997050647,0.116749997050647,0.000506999553181231,-0.362303256988525,2.59230380073355e-06,278528
2336,1,0.116799997049384,0.116799997049384,0.000502144335769117,-0.361370444297791,2.61741101688775e-06,278528
2337,1,0.116849997048121,0.116849997048121,0.000496044231113046,-0.358882993459702,2.64221322781684e-06,278528
2338,1,0.116899997046858,0.116899997046858,0.000489197147544473,-0.356395572423935,2.66667308457616e-06,278528
2339,1,0.116949997045595,0.116949997045595,0.000482101080706343,-0.3554627597332,2.69077813800253e-06,278528
2340,1,0.116999997044331,0.116999997044331,0.000476125424029306,-0.352042526006699,2.7145844086026e-06,278528
2341,1,0.117049997043068,0.117049997043068,0.000469029328087345,-0.351731598377228,2.73803587441453e-06,278528
2342,1,0.117099997041805,0.117099997041805,0.000461933261249214,-0.350176960229874,2.76113253689352e-06,278528
2343,1,0.117149997040542,0.117149997040542,0.000453841261332855,-0.34955507516861,2.78382459938692e-06,278528
2344,1,0.117199997039279,0.117199997039279,0.000446496211225167,-0.346756726503372,2.8061494093842e-06,278528
2345,1,0.117249997038016,0.117249997038016,0.00043815522803925,-0.345512986183167,2.82805717023273e-06,278528
2346,1,0.117299997036753,0.117299997036753,0.000430685671744868,-0.346445769071579,2.84959145327597e-06,278528
2347,1,0.11734999703549,0.11734999703549,0.000422344659455121,-0.343647420406342,2.87070868571526e-06,278528
2348,1,0.117399997034227,0.117399997034227,0.000413505709730089,-0.342714637517929,2.89138397067946e-06,278528
2349,1,0.117449997032963,0.117449997032963,0.000405538186896592,-0.341470897197723,2.91166087951205e-06,278528
2350,1,0.1174999970317,0.1174999970317,0.000396076764445752,-0.340849041938782,2.93146471723405e-06,278528
2351,1,0.117549997030437,0.117549997030437,0.000386864325264469,-0.338983446359634,2.95080793300863e-06,278528
2352,1,0.117599997029174,0.117599997029174,0.000377527379896492,-0.338672518730164,2.96968430152659e-06,278528
2353,1,0.117649997027911,0.117649997027911,0.000368812907254323,-0.337739735841751,2.98812494642346e-06,278528
2354,1,0.117699997026648,0.117699997026648,0.00035823104553856,-0.337117880582809,3.00603649824791e-06,278528
2355,1,0.117749997025385,0.117749997025385,0.000348396133631468,-0.337428778409958,3.02345630448942e-06,278528
2356,1,0.117799997024122,0.117799997024122,0.000339432677719742,-0.336185097694397,3.04042793794666e-06,278528
2357,1,0.117849997022859,0.117849997022859,0.00032860180363059,-0.335874140262604,3.05685802771314e-06,278528
2358,1,0.117899997021595,0.117899997021595,0.000319638347718865,-0.335563242435455,3.07283994469534e-06,278528
2359,1,0.117949997020332,0.117949997020332,0.000307687092572451,-0.335563242435455,3.08822429893532e-06,278528
2360,1,0.117999997019069,0.117999997019069,0.000297603168291971,-0.334941357374191,3.10310445697402e-06,278528
2361,1,0.118049997017806,0.118049997017806,0.000287892791675404,-0.334941357374191,3.11749909619415e-06,278528
2362,1,0.118099997016543,0.118099997016543,0.000277061917586252,-0.33463042974472,3.1313521917235e-06,278528
2363,1,0.11814999701528,0.11814999701528,0.000265484122792259,-0.334941357374191,3.14462639752778e-06,278528
2364,1,0.118199997014017,0.118199997014017,0.000254902231972665,-0.334941357374191,3.15737150880445e-06,278528
2365,1,0.118249997012754,0.118249997012754,0.000244444876443595,-0.335252285003662,3.16959375231786e-06,278528
2366,1,0.118299997011491,0.118299997011491,0.000233116094022989,-0.336185097694397,3.18124955672456e-06,278528
2367,1,0.118349997010228,0.118349997010228,0.000222409711568616,-0.335563242435455,3.19237004202207e-06,278528
2368,1,0.118399997008964,0.118399997008964,0.000210458441870287,-0.336806952953339,3.20289296384975e-06,278528
2369,1,0.118449997007701,0.118449997007701,0.000199627596884966,-0.336806952953339,3.21287434344185e-06,278528
2370,1,0.118499997006438,0.118499997006438,0.00018829878536053,-0.337739735841751,3.22228928247203e-06,278528
2371,1,0.118549997005175,0.118549997005175,0.000174729095306247,-0.338672518730164,3.23102573701664e-06,278528
2372,1,0.118599997003912,0.118599997003912,0.000164396216860041,-0.338361591100693,3.239245547652e-06,278528
2373,1,0.118649997002649,0.118649997002649,0.000152569424244575,-0.340538084506989,3.24687401867151e-06,278528
2374,1,0.118699997001386,0.118699997001386,0.000141116135637276,-0.340538084506989,3.25392982527513e-06,278528
2375,1,0.118749997000123,0.118749997000123,0.000128915868117474,-0.341159969568253,3.26037561851817e-06,278528
2376,1,0.11879999699886,0.11879999699886,0.000117089082777966,-0.342714637517929,3.26623007250917e-06,278528
2377,1,0.118849996997596,0.118849996997596,0.000106009254523087,-0.343647420406342,3.27153053510143e-06,278528
2378,1,0.118899996996333,0.118899996996333,9.40579629968852e-05,-0.344891130924225,3.27623343313247e-06,278528
2379,1,0.11894999699507,0.11894999699507,8.22311849333346e-05,-0.345202058553696,3.28034499227527e-06,278528
2380,1,0.118999996993807,0.118999996993807,6.91594686941244e-05,-0.347689509391785,3.28380296562262e-06,278528
2381,1,0.119049996992544,0.119049996992544,5.79551451664884e-05,-0.349244177341461,3.28670072280774e-06,278528
2382,1,0.119099996991281,0.119099996991281,4.52569111075718e-05,-0.350176960229874,3.28896356830595e-06,278528
2383,1,0.119149996990018,0.119149996990018,3.28076603182126e-05,-0.351109713315964,3.29060395128042e-06,278528
2384,1,0.119199996988755,0.119199996988755,2.03584131668322e-05,-0.353286266326904,3.29162187191305e-06,278528
2385,1,0.119249996987492,0.119249996987492,9.02959618542809e-06,-0.356084614992142,3.29207335171092e-06,278528
2386,1,0.119299996986229,0.119299996986229,-2.4237131128757e-06,-0.356084614992142,3.29195216605833e-06,278528
2387,1,0.119349996984965,0.119349996984965,-1.48729623106192e-05,-0.358882993459702,3.29120851796159e-06,278528
2388,1,0.119399996983702,0.119399996983702,-2.69487336481689e-05,-0.359815806150436,3.28986108131322e-06,278528
2389,1,0.119449996982439,0.119449996982439,-3.82775506295729e-05,-0.361992299556732,3.28794720383009e-06,278528
2390,1,0.119499996981176,0.119499996981176,-5.12247679580469e-05,-0.363236039876938,3.28538596549689e-06,278528
2391,1,0.119549996979913,0.119549996979913,-6.20556165813468e-05,-0.365723490715027,3.2822831847462e-06,278528
2392,1,0.11959999697865,0.11959999697865,-7.50028339098208e-05,-0.369143694639206,3.27853304314545e-06,278528
2393,1,0.119649996977387,0.119649996977387,-8.62071610754356e-05,-0.370387434959412,3.27422268520057e-06,278528
2394,1,0.119699996976124,0.119699996976124,-9.76604715106077e-05,-0.372253030538559,3.26933966174839e-06,278528
2395,1,0.119749996974861,0.119749996974861,-0.000110109722299967,-0.374740481376648,3.26383417577247e-06,278528
2396,1,0.119799996973597,0.119799996973597,-0.000121563025459182,-0.377227872610092,3.25775602465306e-06,278528
2397,1,0.119849996972334,0.119849996972334,-0.000132269386085682,-0.379715323448181,3.25114255551585e-06,278528
2398,1,0.119899996971071,0.119899996971071,-0.000145092111779377,-0.38220277428627,3.24388795011015e-06,278528
2399,1,0.119949996969808,0.119949996969808,-0.00015480253205169,-0.384068369865417,3.23614782370309e-06,278528
2400,1,0.119999996968545,0.119999996968545,-0.00016712729120627,-0.387177675962448,3.22779145935388e-06,278528
2401,1,0.120049996967282,0.120049996967282,-0.000178082613274455,-0.388421416282654,3.21888732891509e-06,278528
2402,1,0.120099996966019,0.120099996966019,-0.000188664474990219,-0.391530692577362,3.20945410540389e-06,278528
2403,1,0.120149996964756,0.120149996964756,-0.000200242284336127,-0.394018143415451,3.19944199144001e-06,278528
2404,1,0.120199996963493,0.120199996963493,-0.000210201687877998,-0.397127449512482,3.18893190731162e-06,278528
2405,1,0.120249996962229,0.120249996962229,-0.00022140599321574,-0.400236755609512,3.17786160793049e-06,278528
2406,1,0.120299996960966,0.120299996960966,-0.000231738886213861,-0.404278844594955,3.16627466391251e-06,278528
2407,1,0.120349996959703,0.120349996959703,-0.000242569731199183,-0.406144440174103,3.15414617765894e-06,278528
2408,1,0.12039999695844,0.12039999695844,-0.000254023034358397,-0.408320933580399,3.14144502626188e-06,278528
2409,1,0.120449996957177,0.120449996957177,-0.000264106929535046,-0.411430269479752,3.12823968011872e-06,278528
2410,1,0.120499996955914,0.120499996955914,-0.000273817364359275,-0.415161430835724,3.11454881224662e-06,278528
2411,1,0.120549996954651,0.120549996954651,-0.000284150213701651,-0.417959809303284,3.10034130192044e-06,278528
2412,1,0.120599996953388,0.120599996953388,-0.000293985125608742,-0.420758157968521,3.08564204601134e-06,278528
2413,1,0.120649996952125,0.120649996952125,-0.000304815970594063,-0.423867464065552,3.07040124786665e-06,278528
2414,1,0.120699996950862,0.120699996950862,-0.000314401899231598,-0.427598655223846,3.0546811533022e-06,278528
2415,1,0.120749996949598,0.120749996949598,-0.000323489861330017,-0.429464250802994,3.0385066606443e-06,278528
2416,1,0.120799996948335,0.120799996948335,-0.000332577794324607,-0.432573527097702,3.02187777134815e-06,278528
2417,1,0.120849996947072,0.120849996947072,-0.000343035178957507,-0.436304688453674,3.00472601283356e-06,278528
2418,1,0.120899996945809,0.120899996945809,-0.000351625145412982,-0.439413994550705,2.98714475600705e-06,278528
2419,1,0.120949996944546,0.120949996944546,-0.000360962061677128,-0.443145155906677,2.96909665337913e-06,278528
2420,1,0.120999996943283,0.120999996943283,-0.000369552057236433,-0.446565419435501,2.95061905098409e-06,278528
2421,1,0.12104999694202,0.12104999694202,-0.000378017546609044,-0.44998562335968,2.93171817413112e-06,278528
2422,1,0.121099996940757,0.121099996940757,-0.000387354491977021,-0.452473074197769,2.91235045002154e-06,278528
2423,1,0.121149996939494,0.121149996939494,-0.000395197508623824,-0.456204265356064,2.89259057508952e-06,278528
2424,1,0.12119999693823,0.12119999693823,-0.000402791571104899,-0.459313541650772,2.87245099704305e-06,278528
2425,1,0.121249996936967,0.121249996936967,-0.000410759093938395,-0.462733805179596,2.85191304286496e-06,278528
2426,1,0.121299996935704,0.121299996935704,-0.000418104144046083,-0.466464936733246,2.83100783619076e-06,278528
2427,1,0.121349996934441,0.121349996934441,-0.000425947189796716,-0.469574242830276,2.80971047723894e-06,278528
2428,1,0.121399996933178,0.121399996933178,-0.000432420783909038,-0.473305433988571,2.78808943858969e-06,278528
2429,1,0.121449996931915,0.121449996931915,-0.000440637290012091,-0.477036565542221,2.76605757464565e-06,278528
2430,1,0.121499996930652,0.121499996930652,-0.000448729319032282,-0.480145871639252,2.74362110926083e-06,278528
2431,1,0.121549996929389,0.121549996929389,-0.000453957967692986,-0.483877062797546,2.72092321144958e-06,278528
2432,1,0.121599996928126,0.121599996928126,-0.00046080508036539,-0.486053556203842,2.69788295801336e-06,278528
2433,1,0.121649996926863,0.121649996926863,-0.000468150130473077,-0.488851964473724,2.67447545208103e-06,278528
2434,1,0.121699996925599,0.121699996925599,-0.000472382875159383,-0.492272198200226,2.65085630891973e-06,278528
2435,1,0.121749996924336,0.121749996924336,-0.000478980975458398,-0.496625185012817,2.62690726075181e-06,278528
2436,1,0.121799996923073,0.121799996923073,-0.000485081109218299,-0.500667333602905,2.6026532059036e-06,278528
2437,1,0.12184999692181,0.12184999692181,-0.000490309845190495,-0.502843797206879,2.57813771426339e-06,278528
2438,1,0.121899996920547,0.121899996920547,-0.00049591192509979,-0.507507741451263,2.55334211863479e-06,278528
2439,1,0.121949996919284,0.121949996919284,-0.000500144669786096,-0.510306119918823,2.52833488577722e-06,278528
2440,1,0.121999996918021,0.121999996918021,-0.000504750874824822,-0.513104498386383,2.50309734267354e-06,278528
2441,1,0.122049996916758,0.122049996916758,-0.000509855104610324,-0.517146587371826,2.47760458808702e-06,278528
2442,1,0.122099996915495,0.122099996915495,-0.000513465376570821,-0.519634068012238,2.45193131990704e-06,278528
2443,1,0.122149996914231,0.122149996914231,-0.000518320652190596,-0.523987054824829,2.42601528795221e-06,278528
2444,1,0.122199996912968,0.122199996912968,-0.000520934991072863,-0.525852680206299,2.39996853905656e-06,278528
2445,1,0.122249996911705,0.122249996911705,-0.000524545204825699,-0.529894769191742,2.37374127947783e-06,278528
2446,1,0.122299996910442,0.122299996910442,-0.000527533062268049,-0.534558713436127,2.34736462703076e-06,278528
2447,1,0.122349996909179,0.122349996909179,-0.000532014761120081,-0.535491526126862,2.32076388964675e-06,278528
2448,1,0.122399996907916,0.122399996907916,-0.000534504593815655,-0.538911759853363,2.2940386606311e-06,278528
2449,1,0.122449996906653,0.122449996906653,-0.000536621024366468,-0.542953848838806,2.26720761009059e-06,278528
2450,1,0.12249999690539,0.12249999690539,-0.000538612832315266,-0.545441269874573,2.24027696915515e-06,278528
2451,1,0.122549996904127,0.122549996904127,-0.000540604756679386,-0.549172461032867,2.21324673200402e-06,278528
2452,1,0.122599996902863,0.122599996902863,-0.0005427211872302,-0.551659882068634,2.18611067332802e-06,278528
2453,1,0.1226499969016,0.1226499969016,-0.000543717062100768,-0.555080115795135,2.15892482090976e-06,278528
2454,1,0.122699996900337,0.122699996900337,-0.000545833434443921,-0.557878494262695,2.13163314987701e-06,278528
2455,1,0.122749996899074,0.122749996899074,-0.000545584480278194,-0.560987830162048,2.10435392655223e-06,278528
2456,1,0.122799996897811,0.122799996897811,-0.000547451840247959,-0.562853395938873,2.07698133523132e-06,278528
2457,1,0.122849996896548,0.122849996896548,-0.000546580413356423,-0.565962731838226,2.04965231525389e-06,278528
2458,1,0.122899996895285,0.122899996895285,-0.000546455907169729,-0.570004820823669,2.02232952058563e-06,278528
2459,1,0.122949996894022,0.122949996894022,-0.000546829425729811,-0.572181284427643,1.99498804998985e-06,278528
2460,1,0.122999996892759,0.122999996892759,-0.000546331400983036,-0.574357807636261,1.96767148063077e-06,278528
2461,1,0.123049996891496,0.123049996891496,-0.000546580413356423,-0.577467083930969,1.94034246065334e-06,278528
2462,1,0.123099996890232,0.123099996890232,-0.000544712995178998,-0.580265522003174,1.91310681158242e-06,278528
2463,1,0.123149996888969,0.123149996888969,-0.000543343543540686,-0.582441985607147,1.88593963509168e-06,278528
2464,1,0.123199996887706,0.123199996887706,-0.000542347668670118,-0.584929466247559,1.85882225234322e-06,278528
2465,1,0.123249996886443,0.123249996886443,-0.000539982283953577,-0.588660657405853,1.8318231388276e-06,278528
2466,1,0.12329999688518,0.12329999688518,-0.00053736794507131,-0.590837121009827,1.80495474225278e-06,278528
2467,1,0.123349996883917,0.123349996883917,-0.000536745530553162,-0.592702746391296,1.77811746640309e-06,278528
2468,1,0.123399996882654,0.123399996882654,-0.000532761740032583,-0.595501065254211,1.7514793800744e-06,278528
2469,1,0.123449996881391,0.123449996881391,-0.000530147401150316,-0.597366690635681,1.72497201068652e-06,278528
2470,1,0.123499996880128,0.123499996880128,-0.000527284049894661,-0.599543154239655,1.6986078088578e-06,278528
2471,1,0.123549996878864,0.123549996878864,-0.000523424823768437,-0.601719737052917,1.67243656833052e-06,278528
2472,1,0.123599996877601,0.123599996877601,-0.000520934991072863,-0.603896200656891,1.64638981943487e-06,278528
2473,1,0.123649996876338,0.123649996876338,-0.000515581748913974,-0.606072723865509,1.62061073264041e-06,278528
2474,1,0.123699996875075,0.123699996875075,-0.000512220431119204,-0.607627391815186,1.59499971173144e-06,278528
2475,1,0.123749996873812,0.123749996873812,-0.000507738732267171,-0.60949295759201,1.5696127757594e-06,278528
2476,1,0.123799996872549,0.123799996872549,-0.000503257033415139,-0.612602233886719,1.54444992472431e-06,278528
2477,1,0.123849996871286,0.123849996871286,-0.000498401757795364,-0.612913191318512,1.51952983746408e-06,278528
2478,1,0.123899996870023,0.123899996870023,-0.00049354659859091,-0.61415696144104,1.49485250815794e-06,278528
2479,1,0.12394999686876,0.12394999686876,-0.000487321987748146,-0.616644322872162,1.47048640938607e-06,278528
2480,1,0.123999996867497,0.123999996867497,-0.000482342293253168,-0.618820905685425,1.44636929533266e-06,278528
2481,1,0.124049996866233,0.124049996866233,-0.000475246197311208,-0.620064616203308,1.42260698606739e-06,278528
2482,1,0.12409999686497,0.12409999686497,-0.000469644030090421,-0.62161922454834,1.39912478515608e-06,278528
2483,1,0.124149996863707,0.124149996863707,-0.000463668402517214,-0.622862994670868,1.37594136561588e-06,278528
2484,1,0.124199996862444,0.124199996862444,-0.000455451896414161,-0.62348484992981,1.35316877137045e-06,278528
2485,1,0.124249996861181,0.124249996861181,-0.000449227256467566,-0.624728560447693,1.3307074091145e-06,278528
2486,1,0.124299996859918,0.124299996859918,-0.000441757700173184,-0.626594126224518,1.30861952466383e-06,278528
2487,1,0.124349996858655,0.124349996858655,-0.000433665700256824,-0.626905083656311,1.28693624019875e-06,278528
2488,1,0.124399996857392,0.124399996857392,-0.000426320650149137,-0.627837836742401,1.26562020822978e-06,278528
2489,1,0.124449996856129,0.124449996856129,-0.000418228650232777,-0.630636215209961,1.24470877624641e-06,278528
2490,1,0.124499996854865,0.124499996854865,-0.000410634587751701,-0.630947172641754,1.2241770473775e-06,278528
2491,1,0.124549996853602,0.124549996853602,-0.000401297671487555,-0.631258130073547,1.20411216431e-06,278528
2492,1,0.124599996852339,0.124599996852339,-0.000393330148654059,-0.631569027900696,1.18444565737412e-06,278528
2493,1,0.124649996851076,0.124649996851076,-0.000383744220016524,-0.632812738418579,1.165258446858e-06,278528
2494,1,0.124699996849813,0.124699996849813,-0.000374780764104798,-0.633745551109314,1.14651940912615e-06,278528
2495,1,0.12474999684855,0.12474999684855,-0.000365817279089242,-0.633123636245728,1.12822854563375e-06,278528
2496,1,0.124799996847287,0.124799996847287,-0.000356231379555538,-0.634056448936462,1.11041697710594e-06,278528
2497,1,0.124849996846024,0.124849996846024,-0.00034652094473131,-0.634367406368256,1.09309093030706e-06,278528
2498,1,0.124899996844761,0.124899996844761,-0.00033606356009841,-0.634678363800049,1.07628775272663e-06,278528
2499,1,0.124949996843498,0.124949996843498,-0.0003266021667514,-0.634989261627197,1.05995764480159e-06,278528
2500,1,0.124999996842234,0.124999996842234,-0.000315771321766078,-0.633123636245728,1.04416907911214e-06,278528
2501,1,0.125049996840971,0.125049996840971,-0.000305313937133178,-0.635611116886139,1.02890338264112e-06,278528
2502,1,0.125099996839708,0.125099996839708,-0.000293860648525879,-0.634367406368256,1.01421035058601e-06,278528
2503,1,0.125149996838445,0.125149996838445,-0.000283901259535924,-0.633745551109314,1.00001528796781e-06,278528
2504,1,0.125199996837182,0.125199996837182,-0.000273692858172581,-0.633745551109314,9.86330645404882e-07,278528
2505,1,0.125249996835919,0.125249996835919,-0.000260870147030801,-0.634678363800049,9.73287138382848e-07,278528
2506,1,0.125299996834656,0.125299996834656,-0.000249167846050113,-0.633434653282166,9.60828746395068e-07,278528
2507,1,0.125349996833393,0.125349996833393,-0.000238337001064792,-0.634367406368256,9.48911896642873e-07,278528
2508,1,0.12539999683213,0.12539999683213,-0.000226012227358297,-0.633434653282166,9.37611285560436e-07,278528
2509,1,0.125449996830866,0.125449996830866,-0.000214434432564303,-0.632501840591431,9.26889564203074e-07,278528
2510,1,0.125499996829603,0.125499996829603,-0.000202981114853173,-0.630325317382813,9.16740508716802e-07,278528
2511,1,0.12554999682834,0.12554999682834,-0.00019090533896815,-0.631879925727844,9.07195242009529e-07,278528
2512,1,0.125599996827077,0.125599996827077,-0.000178082613274455,-0.629081547260284,8.98291111570743e-07,278528
2513,1,0.125649996825814,0.125649996825814,-0.000167002785019577,-0.628770649433136,8.89940972530707e-07,278528
2514,1,0.125699996824551,0.125699996824551,-0.000153931076056324,-0.628770649433136,8.82244418922322e-07,278528
2515,1,0.125749996823288,0.125749996823288,-0.000141232841997407,-0.627526938915253,8.75182777000843e-07,278528
2516,1,0.125799996822025,0.125799996822025,-0.000128285610117018,-0.626283228397369,8.68768496657031e-07,278528
2517,1,0.125849996820762,0.125849996820762,-0.000115587390610017,-0.625350415706635,8.62989127272529e-07,278528
2518,1,0.125899996819498,0.125899996819498,-0.000102764664916322,-0.623795747756958,8.57850894156516e-07,278528
2519,1,0.125949996818235,0.125949996818235,-8.90704832272604e-05,-0.622241139411926,8.53397370107658e-07,278528
2520,1,0.125999996816972,0.125999996816972,-7.71192062529735e-05,-0.622241139411926,8.49541409892419e-07,278528
2521,1,0.126049996815709,0.126049996815709,-6.3798506744206e-05,-0.619131803512573,8.46351484635793e-07,278528
2522,1,0.126099996814446,0.126099996814446,-5.06023061461747e-05,-0.617266237735748,8.43821369392401e-07,278528
2523,1,0.126149996813183,0.126149996813183,-3.69081317330711e-05,-0.616955280303955,8.41975962852366e-07,278528
2524,1,0.12619999681192,0.12619999681192,-2.47078696702374e-05,-0.615400671958923,8.40740569400063e-07,278528
2525,1,0.126249996810657,0.126249996810657,-1.03912316262722e-05,-0.613535046577454,8.40221007831874e-07,278528
2526,1,0.126299996809394,0.126299996809394,1.9335241177032e-06,-0.61229133605957,8.40317684035317e-07,278528
2527,1,0.126349996808131,0.126349996808131,1.56276964844437e-05,-0.608249247074127,8.410990688398e-07,278528
2528,1,0.126399996806867,0.126399996806867,2.86994090856751e-05,-0.608249247074127,8.42534039257833e-07,278528
2529,1,0.126449996805604,0.126449996805604,4.23935853177682e-05,-0.606072723865509,8.44653718470174e-07,278528
2530,1,0.126499996804341,0.126499996804341,5.54652979189996e-05,-0.604207158088684,8.47426983296066e-07,278528
2531,1,0.126549996803078,0.126549996803078,6.87859937897883e-05,-0.602341532707214,8.50866282898671e-07,278528
2532,1,0.126599996801815,0.126599996801815,8.16087194834836e-05,-0.598921298980713,8.54946718769765e-07,278528
2533,1,0.126649996800552,0.126649996800552,9.51784022618085e-05,-0.59674483537674,8.59705638762635e-07,278528
2534,1,0.126699996799289,0.126699996799289,0.000108125612314325,-0.595190167427063,8.65111919241777e-07,278528
2535,1,0.126749996798026,0.126749996798026,0.00012069936201442,-0.592702746391296,8.71146887190042e-07,278528
2536,1,0.126799996796763,0.126799996796763,0.000134393529151566,-0.590215265750885,8.77866563477867e-07,278528
2537,1,0.126849996795499,0.126849996795499,0.00014783872757107,-0.587727844715118,8.85258499669684e-07,278528
2538,1,0.126899996794236,0.126899996794236,0.000161283911438659,-0.585240364074707,8.93322695037899e-07,278528
2539,1,0.126949996792973,0.126949996792973,0.000173857653862797,-0.582441985607147,9.02015577511438e-07,278528
2540,1,0.12699999679171,0.12699999679171,0.000185186479939148,-0.580576419830322,9.11274901274485e-07,278528
2541,1,0.127049996790447,0.127049996790447,0.000198756155441515,-0.577156186103821,9.21212708795511e-07,278528
2542,1,0.127099996789184,0.127099996789184,0.000211329883313738,-0.574668765068054,9.31779202694265e-07,278528
2543,1,0.127149996787921,0.127149996787921,0.000223654642468318,-0.572492241859436,9.42961934535182e-07,278528
2544,1,0.127199996786658,0.127199996786658,0.000235730432905257,-0.570004820823669,9.54748455882692e-07,278528
2545,1,0.127249996785395,0.127249996785395,0.000248802156420425,-0.566273629665375,9.6718856338945e-07,278528
2546,1,0.127299996784132,0.127299996784132,0.000260379922110587,-0.564097106456757,9.80207559166091e-07,278528
2547,1,0.127349996782868,0.127349996782868,0.000271957746008411,-0.560676872730255,9.93805446123e-07,278528
2548,1,0.127399996781605,0.127399996781605,0.000285278423689306,-0.55881130695343,1.00806936694713e-06,278528
2549,1,0.127449996780342,0.127449996780342,0.000295735808322206,-0.555080115795135,1.02285615698969e-06,278528
2550,1,0.127499996779079,0.127499996779079,0.000308931979816407,-0.551659882068634,1.0383027555903e-06,278528
2551,1,0.127549996777816,0.127549996777816,0.000319513870636001,-0.548861563205719,1.05427844871852e-06,278528
2552,1,0.127599996776553,0.127599996776553,0.000330220238538459,-0.545130372047424,1.07078946022834e-06,278528
2553,1,0.12764999677529,0.12764999677529,0.000342295999871567,-0.542021036148071,1.08790425978956e-06,278528
2554,1,0.127699996774027,0.127699996774027,0.000351757451426238,-0.53860080242157,1.10549213191657e-06,278528
2555,1,0.127749996772764,0.127749996772764,0.000362214806955308,-0.536424279212952,1.12360287180682e-06,278528
2556,1,0.1277999967715,0.1277999967715,0.000372547656297684,-0.533625900745392,1.14223025415113e-06,278528
2557,1,0.127849996770237,0.127849996770237,0.000382756057661027,-0.53020566701889,1.16136805655072e-06,278528
2558,1,0.127899996768974,0.127899996768974,0.000393462396459654,-0.525852680206299,1.18104117587672e-06,278528
2559,1,0.127949996767711,0.127949996767711,0.00040142991929315,-0.523054301738739,1.20111267133433e-06,278528
2560,1,0.127999996766448,0.127999996766448,0.00041188727482222,-0.521188676357269,1.22170703455518e-06,278528
2561,1,0.128049996765185,0.128049996765185,0.000418983370764181,-0.516524732112885,1.24265620256417e-06,278528
2562,1,0.128099996763922,0.128099996763922,0.000428942759754136,-0.513104498386383,1.26410334001008e-06,278528
2563,1,0.128149996762659,0.128149996762659,0.00043815522803925,-0.510306119918823,1.2860111008586e-06,278528
2564,1,0.128199996761396,0.128199996761396,0.000446869671577588,-0.506885886192322,1.30835458387304e-06,278528
2565,1,0.128249996760132,0.128249996760132,0.000454837194411084,-0.503776609897614,1.33109644301909e-06,278528
2566,1,0.128299996758869,0.128299996758869,0.000462306779809296,-0.498801738023758,1.35421178142561e-06,278528
2567,1,0.128349996757606,0.128349996757606,0.000470149796456099,-0.496314287185669,1.37771927065456e-06,278528
2568,1,0.128399996756343,0.128399996756343,0.000477868336020038,-0.492894053459167,1.40161268685197e-06,278528
2569,1,0.12844999675508,0.12844999675508,0.000483221490867436,-0.490095645189285,1.42577376078498e-06,278528
2570,1,0.128499996753817,0.128499996753817,0.000490566540975124,-0.486675411462784,1.4503020872141e-06,278528
2571,1,0.128549996752554,0.128549996752554,0.000500276975799352,-0.482633322477341,1.47531593537216e-06,278528
2572,1,0.128599996751291,0.128599996751291,0.000504758674651384,-0.478591233491898,1.50055386846717e-06,278528
2573,1,0.128649996750028,0.128649996750028,0.00050998741062358,-0.476103782653809,1.52605323835418e-06,278528
2574,1,0.128699996748765,0.128699996748765,0.00051571405492723,-0.471750766038895,1.55183894044914e-06,278528
2575,1,0.128749996747501,0.128749996747501,0.000520818226505071,-0.469574242830276,1.57787985111654e-06,278528
2576,1,0.128799996746238,0.128799996746238,0.000525673443917185,-0.465843081474304,1.60416352264842e-06,278528
2577,1,0.128849996744975,0.128849996744975,0.000530528661329299,-0.463044703006744,1.63068995504477e-06,278528
2578,1,0.128899996743712,0.128899996743712,0.000536877778358757,-0.459624499082565,1.65753384328458e-06,278528
2579,1,0.128949996742449,0.128949996742449,0.000539741129614413,-0.455893307924271,1.68452089908355e-06,278528
2580,1,0.128999996741186,0.128999996741186,0.000543849368114024,-0.452162146568298,1.71171336680231e-06,278528
2581,1,0.129049996739923,0.129049996739923,0.000547335133887827,-0.44905287027359,1.73908012280536e-06,278528
2582,1,0.12909999673866,0.12909999673866,0.000551318866200745,-0.445943534374237,1.76664606541902e-06,278528
2583,1,0.129149996737397,0.129149996737397,0.000553933263290673,-0.443456083536148,1.79434272788388e-06,278528
2584,1,0.129199996736133,0.129199996736133,0.000556174083612859,-0.439413994550705,1.82215143136201e-06,278528
2585,1,0.12924999673487,0.12924999673487,0.000558663974516094,-0.436615616083145,1.85008462938217e-06,278528
2586,1,0.129299996733607,0.129299996733607,0.000560157815925777,-0.434128195047379,1.87809251947092e-06,278528
2587,1,0.129349996732344,0.129349996732344,0.000562523200642318,-0.430397003889084,1.9062186787925e-06,278528
2588,1,0.129399996731081,0.129399996731081,0.000565262045711279,-0.427598655223846,1.93448178036408e-06,278528
2589,1,0.129449996729818,0.129449996729818,0.000564764079172164,-0.423867464065552,1.96271998360933e-06,278528
2590,1,0.129499996728555,0.129499996728555,0.000566008966416121,-0.419514447450638,1.99102043121521e-06,278528
2591,1,0.129549996727292,0.129549996727292,0.00056663149734959,-0.417959809303284,2.01935200536697e-06,278528
2592,1,0.129599996726029,0.129599996726029,0.00056663149734959,-0.415472358465195,2.04768357951874e-06,278528
2593,1,0.129649996724766,0.129649996724766,0.000567378418054432,-0.4117411673069,2.0760524997048e-06,278528
2594,1,0.129699996723502,0.129699996723502,0.000566880451515317,-0.408320933580399,2.10439652156454e-06,278528
2595,1,0.129749996722239,0.129749996722239,0.000565884460229427,-0.40583348274231,2.13269074386124e-06,278528
2596,1,0.129799996720976,0.129799996720976,0.000564764079172164,-0.403656989336014,2.16092894710649e-06,278528
2597,1,0.129849996719713,0.129849996719713,0.00056327017955482,-0.400547683238983,2.18909245537276e-06,278528
2598,1,0.12989999671845,0.12989999671845,0.000562772213015705,-0.397438377141953,2.2172310653127e-06,278528
2599,1,0.129949996717187,0.129949996717187,0.000558663974516094,-0.395572811365128,2.24516426333285e-06,278528
2600,1,0.129999996715924,0.129999996715924,0.000557792547624558,-0.391530692577362,2.27305389000953e-06,278528
2601,1,0.130049996714661,0.130049996714661,0.000556049577426165,-0.389043271541595,2.30085636817849e-06,278528
2602,1,0.130099996713398,0.130099996713398,0.000552563811652362,-0.388110458850861,2.32848455806316e-06,278528
2603,1,0.130149996712134,0.130149996712134,0.000548704527318478,-0.384690225124359,2.35591978373601e-06,278528
2604,1,0.130199996710871,0.130199996710871,0.000546837167348713,-0.38220277428627,2.38326164141274e-06,278528
2605,1,0.130249996709608,0.130249996709608,0.000543600413948298,-0.37909346818924,2.41044166142353e-06,278528
2606,1,0.130299996708345,0.130299996708345,0.000539367669261992,-0.377849757671356,2.43741004420535e-06,278528
2607,1,0.130349996707082,0.130349996707082,0.000535010418388993,-0.374429523944855,2.46416056444902e-06,278528
2608,1,0.130399996705819,0.130399996705819,0.000530528661329299,-0.372563928365707,2.49068699684537e-06,278528
2609,1,0.130449996704556,0.130449996704556,0.000527042837347835,-0.37069833278656,2.51703913804705e-06,278528
2610,1,0.130499996703293,0.130499996703293,0.000521689653396606,-0.367589056491852,2.54312362005793e-06,278528
2611,1,0.13054999670203,0.13054999670203,0.000515963009092957,-0.364790678024292,2.56892176986086e-06,278528
2612,1,0.130599996700766,0.130599996700766,0.000510858895722777,-0.363236039876938,2.59446471400173e-06,278528
2613,1,0.130649996699503,0.130649996699503,0.000504883180838078,-0.361992299556732,2.61970887240592e-06,278528
2614,1,0.13069999669824,0.13069999669824,0.000499156536534429,-0.361370444297791,2.64466669860215e-06,278528
2615,1,0.130749996696977,0.130749996696977,0.000492558407131582,-0.357639253139496,2.66929461833658e-06,278528
2616,1,0.130799996695714,0.130799996695714,0.000486582808662206,-0.356395572423935,2.69362375815508e-06,278528
2617,1,0.130849996694451,0.130849996694451,0.000479860231280327,-0.354529976844788,2.71761676911298e-06,278528
2618,1,0.130899996693188,0.130899996693188,0.000473386578960344,-0.352664411067963,2.74128609746306e-06,278528
2619,1,0.130949996691925,0.130949996691925,0.000467410951387137,-0.350798815488815,2.76465664444203e-06,278528
2620,1,0.130999996690662,0.130999996690662,0.000458820955827832,-0.350176960229874,2.78759769165388e-06,278528
2621,1,0.131049996689399,0.131049996689399,0.000450853462098166,-0.348311364650726,2.81014036418931e-06,278528
2622,1,0.131099996688135,0.131099996688135,0.000443010445451364,-0.346134871244431,2.83229088590231e-06,278528
2623,1,0.131149996686872,0.131149996686872,0.000435042922617868,-0.345512986183167,2.8540430314837e-06,278528
2624,1,0.131199996685609,0.131199996685609,0.00042670191032812,-0.344269275665283,2.87537812646114e-06,278528
2625,1,0.131249996684346,0.131249996684346,0.000417738425312564,-0.343647420406342,2.89626504719912e-06,278528
2626,1,0.131299996683083,0.131299996683083,0.000410268898122013,-0.342714637517929,2.91677849158701e-06,278528
2627,1,0.13134999668182,0.13134999668182,0.000401678931666538,-0.341159969568253,2.93686243766297e-06,278528
2628,1,0.131399996680557,0.131399996680557,0.000392590969568118,-0.339916229248047,2.95649198564549e-06,278528
2629,1,0.131449996679294,0.131449996679294,0.00038387649692595,-0.339294373989105,2.97568581000691e-06,278528
2630,1,0.131499996678031,0.131499996678031,0.000374664057744667,-0.338983446359634,2.9944190124209e-06,278528
2631,1,0.131549996676767,0.131549996676767,0.000365078129107133,-0.339294373989105,3.01267291841513e-06,278528
2632,1,0.131599996675504,0.131599996675504,0.000355367694282904,-0.338361591100693,3.03044130268041e-06,278528
2633,1,0.131649996674241,0.131649996674241,0.000346030748914927,-0.336806952953339,3.04774283968908e-06,278528
2634,1,0.131699996672978,0.131699996672978,0.000336071359924972,-0.335874140262604,3.06454640726083e-06,278528
2635,1,0.131749996671715,0.131749996671715,0.000324369058944285,-0.3380506336689,3.08076485979834e-06,278528
2636,1,0.131799996670452,0.131799996670452,0.000314907665597275,-0.335252285003662,3.09651024268044e-06,278528
2637,1,0.131849996669189,0.131849996669189,0.000305197230773047,-0.33463042974472,3.11177010383359e-06,278528
2638,1,0.131899996667926,0.131899996667926,0.000295113335596398,-0.335563242435455,3.12652577024065e-06,278528
2639,1,0.131949996666663,0.131949996666663,0.000284655950963497,-0.33431950211525,3.14075856742928e-06,278528
2640,1,0.1319999966654,0.1319999966654,0.000273700657999143,-0.335252285003662,3.15444359998352e-06,278528
2641,1,0.132049996664136,0.132049996664136,0.000262620771536604,-0.33463042974472,3.16757463822863e-06,278528
2642,1,0.132099996662873,0.132099996662873,0.000251789955655113,-0.335563242435455,3.18016413569335e-06,278528
2643,1,0.13214999666161,0.13214999666161,0.000239838671404868,-0.336185097694397,3.19215606896065e-06,278528
2644,1,0.132199996660347,0.132199996660347,0.000230252757319249,-0.335563242435455,3.20366870653578e-06,278528
2645,1,0.132249996659084,0.132249996659084,0.000217927998164669,-0.335252285003662,3.21456510616875e-06,278528
2646,1,0.132299996657821,0.132299996657821,0.000205976713914424,-0.335874140262604,3.2248639416043e-06,278528
2647,1,0.132349996656558,0.132349996656558,0.000195021377294324,-0.336806952953339,3.23461501022268e-06,278528
2648,1,0.132399996655295,0.132399996655295,0.000184439515578561,-0.336806952953339,3.24383698576865e-06,278528
2649,1,0.132449996654032,0.132449996654032,0.00017211475642398,-0.338983446359634,3.25244272337245e-06,278528
2650,1,0.132499996652768,0.132499996652768,0.000159790011821315,-0.339294373989105,3.26043222376168e-06,278528
2651,1,0.132549996651505,0.132549996651505,0.0001488346606493,-0.341159969568253,3.26787395660615e-06,278528
2652,1,0.132599996650242,0.132599996650242,0.000136634393129498,-0.341159969568253,3.27470567609004e-06,278528
2653,1,0.132649996648979,0.132649996648979,0.000125056598335505,-0.341470897197723,3.28095850584886e-06,278528
2654,1,0.132699996647716,0.132699996647716,0.000114101261715405,-0.341781824827194,3.28666356879051e-06,278528
2655,1,0.132749996646453,0.132749996646453,0.000101527512015309,-0.343336492776871,3.29173994426303e-06,278528
2656,1,0.13279999664519,0.13279999664519,8.84558030520566e-05,-0.345512986183167,3.29616273430391e-06,278528
2657,1,0.132849996643927,0.132849996643927,7.75004664319567e-05,-0.346134871244431,3.30003775752761e-06,278528
2658,1,0.132899996642664,0.132899996642664,6.46777407382615e-05,-0.348000437021255,3.30327164448283e-06,278528
2659,1,0.132949996641401,0.132949996641401,5.3348921937868e-05,-0.348933219909668,3.30593909051234e-06,278528
2660,1,0.132999996640137,0.132999996640137,4.12731533288024e-05,-0.350487858057022,3.30800274812665e-06,278528
2661,1,0.133049996638874,0.133049996638874,2.89483941742219e-05,-0.351731598377228,3.30945016779879e-06,278528
2662,1,0.133099996637611,0.133099996637611,1.72461004694924e-05,-0.353286266326904,3.31031247280048e-06,278528
2663,1,0.133149996636348,0.133149996636348,4.2988817767764e-06,-0.354840904474258,3.31052741688389e-06,278528
2664,1,0.133199996635085,0.133199996635085,-5.78501021664124e-06,-0.356395572423935,3.31023816638037e-06,278528
2665,1,0.133249996633822,0.133249996633822,-1.92301977222087e-05,-0.358882993459702,3.30927665651855e-06,278528
2666,1,0.133299996632559,0.133299996632559,-3.05590183415916e-05,-0.360748589038849,3.30774870564007e-06,278528
2667,1,0.133349996631296,0.133349996631296,-4.20123215008061e-05,-0.361370444297791,3.30564808961809e-06,278528
2668,1,0.133399996630033,0.133399996630033,-5.45860675629228e-05,-0.364479750394821,3.30291878630889e-06,278528
2669,1,0.133449996628769,0.133449996628769,-6.61638623569161e-05,-0.366345345973969,3.29961059327462e-06,278528
2670,1,0.133499996627506,0.133499996627506,-7.79906549723819e-05,-0.368832796812057,3.29571106062451e-06,278528
2671,1,0.133549996626243,0.133549996626243,-8.8697015598882e-05,-0.371009290218353,3.2912762099566e-06,278528
2672,1,0.13359999662498,0.13359999662498,-0.000101519741292577,-0.373185783624649,3.2862002230202e-06,278528
2673,1,0.133649996623717,0.133649996623717,-0.000113595509901643,-0.374118596315384,3.2805204476686e-06,278528
2674,1,0.133699996622454,0.133699996622454,-0.000124550846521743,-0.376916974782944,3.27429290549984e-06,278528
2675,1,0.133749996621191,0.133749996621191,-0.000136128641315736,-0.379715323448181,3.267486473606e-06,278528
2676,1,0.133799996619928,0.133799996619928,-0.000147830942296423,-0.382513731718063,3.2600949266779e-06,278528
2677,1,0.133849996618665,0.133849996618665,-0.000159657734911889,-0.38500115275383,3.25211204013397e-06,278528
2678,1,0.133899996617401,0.133899996617401,-0.000171360006788746,-0.388421416282654,3.24354404001098e-06,278528
2679,1,0.133949996616138,0.133949996616138,-0.000181568408152089,-0.39059790968895,3.23446561983272e-06,278528
2680,1,0.133999996614875,0.133999996614875,-0.000193021711311303,-0.393085360527039,3.22481453451096e-06,278528
2681,1,0.134049996613612,0.134049996613612,-0.000203977062483318,-0.395883738994598,3.21461568164444e-06,278528
2682,1,0.134099996612349,0.134099996612349,-0.000215430351090617,-0.397749304771423,3.20384416436202e-06,278528
2683,1,0.134149996611086,0.134149996611086,-0.000226261225179769,-0.401169538497925,3.19253110338882e-06,278528
2684,1,0.134199996609823,0.134199996609823,-0.000236345105804503,-0.404900729656219,3.18071384839712e-06,278528
2685,1,0.13424999660856,0.13424999660856,-0.000246677984250709,-0.406455367803574,3.16837994949617e-06,278528
2686,1,0.134299996607297,0.134299996607297,-0.000257384352153167,-0.410186529159546,3.15551073221362e-06,278528
2687,1,0.134349996606034,0.134349996606034,-0.000267468218225986,-0.412673979997635,3.14213732164016e-06,278528
2688,1,0.13439999660477,0.13439999660477,-0.000278548046480864,-0.414850473403931,3.12820991966795e-06,278528
2689,1,0.134449996603507,0.134449996603507,-0.000287760485662147,-0.417959809303284,3.11382189574831e-06,278528
2690,1,0.134499996602244,0.134499996602244,-0.000298840343020856,-0.422623753547668,3.09887987897474e-06,278528
2691,1,0.134549996600981,0.134549996600981,-0.000307928305119276,-0.424178391695023,3.08348346410772e-06,278528
2692,1,0.134599996599718,0.134599996599718,-0.00031751420465298,-0.428531438112259,3.06760775427613e-06,278528
2693,1,0.134649996598455,0.134649996598455,-0.000327349116560072,-0.431018888950348,3.0512402988616e-06,278528
2694,1,0.134699996597192,0.134699996597192,-0.000336437078658491,-0.433506339788437,3.03441844535363e-06,278528
2695,1,0.134749996595929,0.134749996595929,-0.000345400534570217,-0.436304688453674,3.0171484190614e-06,278528
2696,1,0.134799996594666,0.134799996594666,-0.000354737450834364,-0.439724922180176,2.99941154696775e-06,278528
2697,1,0.134849996593402,0.134849996593402,-0.000363700906746089,-0.443767011165619,2.98122650208984e-06,278528
2698,1,0.134899996592139,0.134899996592139,-0.000372041919035837,-0.44687631726265,2.96262440660797e-06,278528
2699,1,0.134949996590876,0.134949996590876,-0.000380880868760869,-0.44998562335968,2.94358036365102e-06,278528
2700,1,0.134999996589613,0.134999996589613,-0.000389719876693562,-0.453716814517975,2.9240943703086e-06,278528
2701,1,0.13504999658835,0.13504999658835,-0.000397562893340364,-0.456204265356064,2.90421622614375e-06,278528
2702,1,0.135099996587087,0.135099996587087,-0.00040553041617386,-0.459935396909714,2.88393970584728e-06,278528
2703,1,0.135149996585824,0.135149996585824,-0.000412128487369046,-0.463044703006744,2.86333328199939e-06,278528
2704,1,0.135199996584561,0.135199996584561,-0.000421091972384602,-0.466775894165039,2.84227868391205e-06,278528
2705,1,0.135249996583298,0.135249996583298,-0.000427690072683617,-0.470507025718689,2.82089418081809e-06,278528
2706,1,0.135299996582035,0.135299996582035,-0.000436031084973365,-0.473927289247513,2.79909262712017e-06,278528
2707,1,0.135349996580771,0.135349996580771,-0.000443500612163916,-0.477347522974014,2.77691759707216e-06,278528
2708,1,0.135399996579508,0.135399996579508,-0.000448729319032282,-0.480145871639252,2.75448113168734e-06,278528
2709,1,0.135449996578245,0.135449996578245,-0.00045644780038856,-0.483566105365753,2.73165874224446e-06,278528
2710,1,0.135499996576982,0.135499996576982,-0.000462921452708542,-0.487608224153519,2.70851267019375e-06,278528
2711,1,0.135549996575719,0.135549996575719,-0.000468897080281749,-0.490406602621078,2.68506781677193e-06,278528
2712,1,0.135599996574456,0.135599996574456,-0.000475246197311208,-0.494137763977051,2.66130550750665e-06,278528
2713,1,0.135649996573193,0.135649996573193,-0.000480848364531994,-0.497557997703552,2.63726308988742e-06,278528
2714,1,0.13569999657193,0.13569999657193,-0.000486326025566086,-0.500667333602905,2.61294678922339e-06,278528
2715,1,0.135749996570667,0.135749996570667,-0.000491181272082031,-0.504087507724762,2.58838772623971e-06,278528
2716,1,0.135799996569403,0.135799996569403,-0.00049690791638568,-0.507196843624115,2.56354233104807e-06,278528
2717,1,0.13584999656814,0.13584999656814,-0.000502012087963521,-0.510306119918823,2.53844172728399e-06,278528
2718,1,0.135899996566877,0.135899996566877,-0.000507116317749023,-0.513726413249969,2.51308591203708e-06,278528
2719,1,0.135949996565614,0.135949996565614,-0.000510726531501859,-0.518079400062561,2.48754958610709e-06,278528
2720,1,0.135999996564351,0.135999996564351,-0.000515332794748247,-0.521810591220856,2.4617829470206e-06,278528
2721,1,0.136049996563088,0.136049996563088,-0.00051881856052205,-0.524298012256622,2.43584201964982e-06,278528
2722,1,0.136099996561825,0.136099996561825,-0.000523175811395049,-0.52647453546524,2.40968322974089e-06,278528
2723,1,0.136149996560562,0.136149996560562,-0.000526661635376513,-0.530827581882477,2.38335014863729e-06,278528
2724,1,0.136199996559299,0.136199996559299,-0.000528653443325311,-0.533625900745392,2.35691747713877e-06,278528
2725,1,0.136249996558035,0.136249996558035,-0.000532886246219277,-0.537046134471893,2.3302731655009e-06,278528
2726,1,0.136299996556772,0.136299996556772,-0.000535749539267272,-0.540155470371246,2.30348568921425e-06,278528
2727,1,0.136349996555509,0.136349996555509,-0.000537118990905583,-0.543264746665955,2.27662974034741e-06,278528
2728,1,0.136399996554246,0.136399996554246,-0.000540106790140271,-0.547306835651398,2.2496244015226e-06,278528
2729,1,0.136449996552983,0.136449996552983,-0.000541227229405195,-0.548861563205719,2.22256304073597e-06,278528
2730,1,0.13649999655172,0.13649999655172,-0.00054309464758262,-0.552903652191162,2.19540830904283e-06,278528
2731,1,0.136549996550457,0.136549996550457,-0.000544837443158031,-0.555701971054077,2.16816643757311e-06,278528
2732,1,0.136599996549194,0.136599996549194,-0.0005454599740915,-0.559122204780579,2.14089343955751e-06,278528
2733,1,0.136649996547931,0.136649996547931,-0.000546704919543117,-0.560987830162048,2.1135581942709e-06,278528
2734,1,0.136699996546668,0.136699996546668,-0.000547202886082232,-0.564408004283905,2.08619805065797e-06,278528
2735,1,0.136749996545404,0.136749996545404,-0.000547576346434653,-0.567517340183258,2.05881923402788e-06,278528
2736,1,0.136799996544141,0.136799996544141,-0.00054782530060038,-0.569693863391876,2.03142796968983e-06,278528
2737,1,0.136849996542878,0.136849996542878,-0.000546580413356423,-0.573424994945526,2.00409894971239e-06,278528
2738,1,0.136899996541615,0.136899996541615,-0.000546953873708844,-0.574979722499847,1.97675125671781e-06,278528
2739,1,0.136949996540352,0.136949996540352,-0.000546580413356423,-0.579021811485291,1.94942223674038e-06,278528
2740,1,0.136999996539089,0.136999996539089,-0.000544712995178998,-0.580576419830322,1.92218658766946e-06,278528
2741,1,0.137049996537826,0.137049996537826,-0.000543592497706413,-0.58275294303894,1.89500696347075e-06,278528
2742,1,0.137099996536563,0.137099996536563,-0.000542223220691085,-0.585240364074707,1.86789580312109e-06,278528
2743,1,0.1371499965353,0.1371499965353,-0.000540231238119304,-0.588660657405853,1.84088424189749e-06,278528
2744,1,0.137199996534036,0.137199996534036,-0.000537741405423731,-0.590837121009827,1.81399717230553e-06,278528
2745,1,0.137249996532773,0.137249996532773,-0.000535376078914851,-0.593013644218445,1.78722836903602e-06,278528
2746,1,0.13729999653151,0.13729999653151,-0.000533508660737425,-0.595190167427063,1.76055293667303e-06,278528
2747,1,0.137349996530247,0.137349996530247,-0.00053064530948177,-0.59674483537674,1.7340206718692e-06,278528
2748,1,0.137399996528984,0.137399996528984,-0.000527159601915628,-0.600475966930389,1.70766269243928e-06,278528
2749,1,0.137449996527721,0.137449996527721,-0.000523798284120858,-0.602030634880066,1.68147277889485e-06,278528
2750,1,0.137499996526458,0.137499996526458,-0.000520063505973667,-0.604207158088684,1.65546960425306e-06,278528
2751,1,0.137549996525195,0.137549996525195,-0.000515706255100667,-0.606694579124451,1.62968429214942e-06,278528
2752,1,0.137599996523932,0.137599996523932,-0.000512095983140171,-0.608560144901276,1.60407949363924e-06,278528
2753,1,0.137649996522669,0.137649996522669,-0.000506618293002248,-0.609803915023804,1.57874857962904e-06,278528
2754,1,0.137699996521405,0.137699996521405,-0.000501887581776828,-0.611980378627777,1.55365420117414e-06,278528
2755,1,0.137749996520142,0.137749996520142,-0.000496658904012293,-0.613224148750305,1.52882125660086e-06,278528
2756,1,0.137799996518879,0.137799996518879,-0.000491803686600178,-0.615400671958923,1.50423107289205e-06,278528
2757,1,0.137849996517616,0.137849996517616,-0.000486077042296529,-0.616644322872162,1.47992722139119e-06,278528
2758,1,0.137899996516353,0.137899996516353,-0.000480599381262437,-0.618509948253632,1.45589725293512e-06,278528
2759,1,0.13794999651509,0.13794999651509,-0.000474250235129148,-0.620375514030457,1.43218474177769e-06,278528
2760,1,0.137999996513827,0.137999996513827,-0.000468274636659771,-0.620375514030457,1.40877101053618e-06,278528
2761,1,0.138049996512564,0.138049996512564,-0.00046117854071781,-0.622241139411926,1.38571208408281e-06,278528
2762,1,0.138099996511301,0.138099996511301,-0.000455451896414161,-0.6244176030159,1.36293948983738e-06,278528
2763,1,0.138149996510037,0.138149996510037,-0.00044798236922361,-0.625039458274841,1.34054037194205e-06,278528
2764,1,0.138199996508774,0.138199996508774,-0.000440139323472977,-0.626594126224518,1.31853340632435e-06,278528
2765,1,0.138249996507511,0.138249996507511,-0.000433043256634846,-0.628770649433136,1.29688124403958e-06,278528
2766,1,0.138299996506248,0.138299996506248,-0.000425200239988044,-0.629703462123871,1.27562123257725e-06,278528
2767,1,0.138349996504985,0.138349996504985,-0.000416610244428739,-0.629081547260284,1.25479072088204e-06,278528
2768,1,0.138399996503722,0.138399996503722,-0.0004088917048648,-0.630636215209961,1.23434613615527e-06,278528
2769,1,0.138449996502459,0.138449996502459,-0.000399928219849244,-0.630947172641754,1.21434972566796e-06,278528
2770,1,0.138499996501196,0.138499996501196,-0.00039034232031554,-0.631879925727844,1.19483261014523e-06,278528
2771,1,0.138549996499933,0.138549996499933,-0.000382623780751601,-0.632812738418579,1.17570142159094e-06,278528
2772,1,0.138599996498669,0.138599996498669,-0.000373660324839875,-0.633745551109314,1.15701840582092e-06,278528
2773,1,0.138649996497406,0.138649996497406,-0.000363949890015647,-0.632190942764282,1.13882091177985e-06,278528
2774,1,0.138699996496143,0.138699996496143,-0.000353865994838998,-0.634367406368256,1.12112761248487e-06,278528
2775,1,0.13874999649488,0.13874999649488,-0.00034415561822243,-0.634367406368256,1.10391983200845e-06,278528
2776,1,0.138799996493617,0.138799996493617,-0.000335067656124011,-0.634678363800049,1.08716644962548e-06,278528
2777,1,0.138849996492354,0.138849996492354,-0.000323863321682438,-0.634056448936462,1.07097328395043e-06,278528
2778,1,0.138899996491091,0.138899996491091,-0.000313903932692483,-0.63530021905899,1.0552780877123e-06,278528
2779,1,0.138949996489828,0.138949996489828,-0.000302824104437605,-0.634678363800049,1.04013688287292e-06,278528
2780,1,0.138999996488565,0.138999996488565,-0.000292117707431316,-0.634989261627197,1.02553099787033e-06,278528
2781,1,0.139049996487302,0.139049996487302,-0.000280788925010711,-0.634678363800049,1.01149155197446e-06,278528
2782,1,0.139099996486038,0.139099996486038,-0.000270580523647368,-0.634056448936462,9.97962526133862e-07,278528
2783,1,0.139149996484775,0.139149996484775,-0.000258629239397123,-0.632812738418579,9.85031064490682e-07,278528
2784,1,0.139199996483512,0.139199996483512,-0.000247549411142245,-0.633123636245728,9.72653594246251e-07,278528
2785,1,0.139249996482249,0.139249996482249,-0.000236345105804503,-0.633434653282166,9.60836339254555e-07,278528
2786,1,0.139299996480986,0.139299996480986,-0.000224393836106174,-0.632812738418579,9.49616647732679e-07,278528
2787,1,0.139349996479723,0.139349996479723,-0.000212069062399678,-0.632190942764282,9.39013194880561e-07,278528
2788,1,0.13939999647846,0.13939999647846,-0.000200491267605685,-0.631879925727844,9.28988631753519e-07,278528
2789,1,0.139449996477197,0.139449996477197,-0.000187668541911989,-0.631569027900696,9.19605204894965e-07,278528
2790,1,0.139499996475934,0.139499996475934,-0.000176464222022332,-0.630014359951019,9.10781994016741e-07,278528
2791,1,0.13954999647467,0.13954999647467,-0.00016339251305908,-0.628459751605988,9.02612368570169e-07,278528
2792,1,0.139599996473407,0.139599996473407,-0.000151192245539278,-0.628459751605988,8.95052756484177e-07,278528
2793,1,0.139649996472144,0.139649996472144,-0.000138742994749919,-0.627216041088104,8.88115606921928e-07,278528
2794,1,0.139699996470881,0.139699996470881,-0.000125671285786666,-0.625972270965576,8.81832042791331e-07,278528
2795,1,0.139749996469618,0.139749996469618,-0.000112973051727749,-0.6244176030159,8.76183390347641e-07,278528
2796,1,0.139799996468355,0.139799996468355,-9.89053951343521e-05,-0.623173892498016,8.71238120715851e-07,278528
2797,1,0.139849996467092,0.139849996467092,-8.58336788951419e-05,-0.62161922454834,8.66946436879511e-07,278528
2798,1,0.139899996465829,0.139899996465829,-7.43803757359274e-05,-0.620997369289398,8.63227418186665e-07,278528
2799,1,0.139949996464566,0.139949996464566,-5.96902609686367e-05,-0.619442760944366,8.60242905213628e-07,278528
2800,1,0.139999996463303,0.139999996463303,-4.64940567326266e-05,-0.616644322872162,8.57918202435724e-07,278528
2801,1,0.140049996462039,0.140049996462039,-3.45427761203609e-05,-0.615711569786072,8.56191063673337e-07,278528
2802,1,0.140099996460776,0.140099996460776,-2.02261398953851e-05,-0.614778816699982,8.55179756704116e-07,278528
2803,1,0.140149996459513,0.140149996459513,-8.02587510406738e-06,-0.613224148750305,8.5477846295905e-07,278528
2804,1,0.14019999645825,0.14019999645825,5.91728394283564e-06,-0.611669480800629,8.55074327148718e-07,278528
2805,1,0.140249996456987,0.140249996456987,1.94869644474238e-05,-0.608871102333069,8.56048675346475e-07,278528
2806,1,0.140299996455724,0.140299996455724,3.30566508637276e-05,-0.607005536556244,8.57701507847907e-07,278528
2807,1,0.140349996454461,0.140349996454461,4.53814027423505e-05,-0.604829013347626,8.59970577927703e-07,278528
2808,1,0.140399996453198,0.140399996453198,5.85776069783606e-05,-0.603585243225098,8.62899458202631e-07,278528
2809,1,0.140449996451935,0.140449996451935,7.25207646610215e-05,-0.601408779621124,8.66525496344081e-07,278528
2810,1,0.140499996450671,0.140499996450671,8.65884139784612e-05,-0.598299443721771,8.70854916933634e-07,278528
2811,1,0.140549996449408,0.140549996449408,9.87886887742206e-05,-0.59674483537674,8.75794351247564e-07,278528
2812,1,0.140599996448145,0.140599996448145,0.000111113433376886,-0.594568312168121,8.8135002277606e-07,278528
2813,1,0.140649996446882,0.140649996446882,0.000124683123431168,-0.591769933700562,8.87584178790131e-07,278528
2814,1,0.140699996445619,0.140699996445619,0.000138377290568314,-0.589904308319092,8.94503043143761e-07,278528
2815,1,0.140749996444356,0.140749996444356,0.000150453066453338,-0.588971555233002,9.0202569627639e-07,278528
2816,1,0.140799996443093,0.140799996443093,0.000164271739777178,-0.584929466247559,9.10239283057756e-07,278528
2817,1,0.14084999644183,0.14084999644183,0.000176098517840728,-0.582131087779999,9.19044208727361e-07,278528
2818,1,0.140899996440567,0.140899996440567,0.000189045749721117,-0.579332709312439,9.28496495974632e-07,278528
2819,1,0.140949996439304,0.140949996439304,0.000201868460862897,-0.577156186103821,9.38589918762796e-07,278528
2820,1,0.14099999643804,0.14099999643804,0.000215064661460929,-0.574046909809113,9.49343151564193e-07,278528
2821,1,0.141049996436777,0.141049996436777,0.000226891454076394,-0.571559429168701,9.60687723981424e-07,278528
2822,1,0.141099996435514,0.141099996435514,0.000239340704865754,-0.569693863391876,9.72654758922399e-07,278528
2823,1,0.141149996434251,0.141149996434251,0.000251043005846441,-0.56534081697464,9.85206908897627e-07,278528
2824,1,0.141199996432988,0.141199996432988,0.000263741239905357,-0.56254243850708,9.98393970559762e-07,278528
2825,1,0.141249996431725,0.141249996431725,0.000274447578703985,-0.560365915298462,1.0121163491483e-06,278528
2826,1,0.141299996430462,0.141299996430462,0.000286647875327617,-0.557878494262695,1.02644874255262e-06,278528
2827,1,0.141349996429199,0.141349996429199,0.000298723636660725,-0.554458260536194,1.04138492400834e-06,278528
2828,1,0.141399996427936,0.141399996427936,0.000310052448185161,-0.551659882068634,1.05688754602596e-06,278528
2829,1,0.141449996426672,0.141449996426672,0.000321007770253345,-0.548239648342133,1.07293793413316e-06,278528
2830,1,0.141499996425409,0.141499996425409,0.00033196312142536,-0.544508516788483,1.08953608978513e-06,278528
2831,1,0.141549996424146,0.141549996424146,0.000343665393302217,-0.541088283061981,1.10671935901615e-06,278528
2832,1,0.141599996422883,0.141599996422883,0.000355243217200041,-0.537667989730835,1.12448151942744e-06,278528
2833,1,0.14164999642162,0.14164999642162,0.000364206673111767,-0.535802483558655,1.142691852623e-06,278528
2834,1,0.141699996420357,0.141699996420357,0.000373792601749301,-0.531449437141418,1.16138148223833e-06,278528
2835,1,0.141749996419094,0.141749996419094,0.000384872400900349,-0.528340101242065,1.18062510179721e-06,278528
2836,1,0.141799996417831,0.141799996417831,0.00039433385245502,-0.526785492897034,1.20034179392188e-06,278528
2837,1,0.141849996416568,0.141849996416568,0.000402176869101822,-0.522121489048004,1.22045063686897e-06,278528
2838,1,0.141899996415304,0.141899996415304,0.000413754692999646,-0.519012212753296,1.24113837099634e-06,278528
2839,1,0.141949996414041,0.141949996414041,0.000423091638367623,-0.515591979026794,1.26229295238031e-06,278528
2840,1,0.141999996412778,0.141999996412778,0.000432179571362212,-0.512793600559235,1.28390193040253e-06,278528
2841,1,0.142049996411515,0.142049996411515,0.000440396077465266,-0.509373366832733,1.30592173371953e-06,278528
2842,1,0.142099996410252,0.142099996410252,0.000447492144303396,-0.50626403093338,1.32829634036947e-06,278528
2843,1,0.142149996408989,0.142149996408989,0.000456704583484679,-0.50253289937973,1.35113156896684e-06,278528
2844,1,0.142199996407726,0.142199996407726,0.000465170101961121,-0.499112635850906,1.37439007347733e-06,278528
2845,1,0.142249996406463,0.142249996406463,0.000471519218990579,-0.495070546865463,1.39796603383128e-06,278528
2846,1,0.1422999964052,0.1422999964052,0.00047998470836319,-0.492272198200226,1.42196526864317e-06,278528
2847,1,0.142349996403937,0.142349996403937,0.000487080775201321,-0.489162862300873,1.446319306788e-06,278528
2848,1,0.142399996402673,0.142399996402673,0.000492184946779162,-0.486053556203842,1.47092855350528e-06,278528
2849,1,0.14244999640141,0.14244999640141,0.000499654561281204,-0.482011467218399,1.49591128093822e-06,278528
2850,1,0.142499996400147,0.142499996400147,0.000505630159750581,-0.478280305862427,1.52119278828709e-06,278528
2851,1,0.142549996398884,0.142549996398884,0.000511730264406651,-0.476103782653809,1.54677930086105e-06,278528
2852,1,0.142599996397621,0.142599996397621,0.000517705862876028,-0.472372621297836,1.57266459335093e-06,278528
2853,1,0.142649996396358,0.142649996396358,0.000523681577760726,-0.468330532312393,1.5988486715775e-06,278528
2854,1,0.142699996395095,0.142699996395095,0.00052754080388695,-0.465221226215363,1.62522571110551e-06,278528
2855,1,0.142749996393832,0.142749996393832,0.000533018494024873,-0.461800992488861,1.6518766351335e-06,278528
2856,1,0.142799996392569,0.142799996392569,0.000537375686690211,-0.45869168639183,1.67874541878924e-06,278528
2857,1,0.142849996391305,0.142849996391305,0.000541981891728938,-0.454649597406387,1.70584451269111e-06,278528
2858,1,0.142899996390042,0.142899996390042,0.000544471782632172,-0.451540261507034,1.73306810113499e-06,278528
2859,1,0.142949996388779,0.142949996388779,0.000548829033505172,-0.448430985212326,1.76050955211702e-06,278528
2860,1,0.142999996387516,0.142999996387516,0.000551941338926554,-0.445321679115295,1.78810661836619e-06,278528
2861,1,0.143049996386253,0.143049996386253,0.00055380875710398,-0.442523330450058,1.81579705552187e-06,278528
2862,1,0.14309999638499,0.14309999638499,0.000557792547624558,-0.439413994550705,1.84368668219855e-06,278528
2863,1,0.143149996383727,0.143149996383727,0.000560033309739083,-0.435682833194733,1.87168834697812e-06,278528
2864,1,0.143199996382464,0.143199996382464,0.000561402761377394,-0.432262599468231,1.89975848433788e-06,278528
2865,1,0.143249996381201,0.143249996381201,0.000563892652280629,-0.429464250802994,1.92795311623965e-06,278528
2866,1,0.143299996379938,0.143299996379938,0.000564764079172164,-0.426354914903641,1.9561913194849e-06,278528
2867,1,0.143349996378674,0.143349996378674,0.000565884460229427,-0.42324560880661,1.9844855417816e-06,278528
2868,1,0.143399996377411,0.143399996377411,0.000567378418054432,-0.419825375080109,2.01285446196767e-06,278528
2869,1,0.143449996376148,0.143449996376148,0.000567004957702011,-0.41733792424202,2.04120470913658e-06,278528
2870,1,0.143499996374885,0.143499996374885,0.000567129405681044,-0.413606762886047,2.06956117870429e-06,278528
2871,1,0.143549996373622,0.143549996373622,0.000567627372220159,-0.410497456789017,2.09794254659832e-06,278528
2872,1,0.143599996372359,0.143599996372359,0.000566880451515317,-0.409564673900604,2.12628656845806e-06,278528
2873,1,0.143649996371096,0.143649996371096,0.000566382484976202,-0.404900729656219,2.15460569199146e-06,278528
2874,1,0.143699996369833,0.143699996369833,0.000564515125006437,-0.401791393756866,2.18283144752874e-06,278528
2875,1,0.14374999636857,0.14374999636857,0.000563768146093935,-0.399614900350571,2.21101985412134e-06,278528
2876,1,0.143799996367306,0.143799996367306,0.000563643698114902,-0.39650559425354,2.23920203831515e-06,278528
2877,1,0.143849996366043,0.143849996366043,0.000560033309739083,-0.394329100847244,2.26720370309472e-06,278528
2878,1,0.14389999636478,0.14389999636478,0.000558166007976979,-0.391841650009155,2.29511200278854e-06,278528
2879,1,0.143949996363517,0.143949996363517,0.000556423095986247,-0.389665126800537,2.32293315688503e-06,278528
2880,1,0.143999996362254,0.143999996362254,0.000553061778191477,-0.386866748332977,2.35058624509603e-06,278528
2881,1,0.144049996360991,0.144049996360991,0.000550571887288243,-0.383757412433624,2.37811483876501e-06,278528
2882,1,0.144099996359728,0.144099996359728,0.000546339200809598,-0.380959063768387,2.40543179811541e-06,278528
2883,1,0.144149996358465,0.144149996358465,0.000543102389201522,-0.37909346818924,2.43258691688949e-06,278528
2884,1,0.144199996357202,0.144199996357202,0.000539367669261992,-0.375673234462738,2.45955529967131e-06,278528
2885,1,0.144249996355938,0.144249996355938,0.000534387945663184,-0.373496741056442,2.48627469627948e-06,278528
2886,1,0.144299996354675,0.144299996354675,0.000530528661329299,-0.372253030538559,2.51280112867583e-06,278528
2887,1,0.144349996353412,0.144349996353412,0.000526295858435333,-0.369454652070999,2.53911592093283e-06,278528
2888,1,0.144399996352149,0.144399996352149,0.000521565147209913,-0.367278128862381,2.56519417763453e-06,278528
2889,1,0.144449996350886,0.144449996350886,0.000516460975632071,-0.365101605653763,2.59101722576379e-06,278528
2890,1,0.144499996349623,0.144499996349623,0.000510734389536083,-0.362303256988525,2.61655394459549e-06,278528
2891,1,0.14454999634836,0.14454999634836,0.000505132193211466,-0.361992299556732,2.64181055361802e-06,278528
2892,1,0.144599996347097,0.144599996347097,0.000498409615829587,-0.359815806150436,2.66673103377996e-06,278528
2893,1,0.144649996345834,0.144649996345834,0.000493056373670697,-0.357017397880554,2.69138385184071e-06,278528
2894,1,0.144699996344571,0.144699996344571,0.000487454235553741,-0.3554627597332,2.71575656300269e-06,278528
2895,1,0.144749996343307,0.144749996343307,0.000479611218906939,-0.354529976844788,2.73973712334224e-06,278528
2896,1,0.144799996342044,0.144799996342044,0.00047326207277365,-0.351420670747757,2.76340022638314e-06,278528
2897,1,0.144849996340781,0.144849996340781,0.00046479661250487,-0.350487858057022,2.7866400564213e-06,278528
2898,1,0.144899996339518,0.144899996339518,0.000458322989288718,-0.349244177341461,2.80955620530682e-06,278528
2899,1,0.144949996338255,0.144949996338255,0.000451351428637281,-0.347689509391785,2.83212377616858e-06,278528
2900,1,0.144999996336992,0.144999996336992,0.000443010445451364,-0.346445769071579,2.85427429788158e-06,278528
2901,1,0.145049996335729,0.145049996335729,0.000434669433161616,-0.346756726503372,2.87600776899063e-06,278528
2902,1,0.145099996334466,0.145099996334466,0.000426452927058563,-0.34395831823349,2.8973304148049e-06,278528
2903,1,0.145149996333203,0.145149996333203,0.000417489471146837,-0.343647420406342,2.91820488783491e-06,278528
2904,1,0.145199996331939,0.145199996331939,0.000408028048695996,-0.342403680086136,2.93860628975432e-06,278528
2905,1,0.145249996330676,0.145249996330676,0.000400807446567342,-0.340849041938782,2.95864666157643e-06,278528
2906,1,0.145299996329413,0.145299996329413,0.000392217451008037,-0.339916229248047,2.97825753363142e-06,278528
2907,1,0.14534999632815,0.14534999632815,0.00038288053474389,-0.338983446359634,2.99740155988499e-06,278528
2908,1,0.145399996326887,0.145399996326887,0.000374041585018858,-0.338361591100693,3.01610363866348e-06,278528
2909,1,0.145449996325624,0.145449996325624,0.000363210740033537,-0.339605331420898,3.03426417520639e-06,278528
2910,1,0.145499996324361,0.145499996324361,0.000354247284121811,-0.337117880582809,3.05197653896503e-06,278528
2911,1,0.145549996323098,0.145549996323098,0.000344163388945162,-0.336495995521545,3.06918470797757e-06,278528
2912,1,0.145599996321835,0.145599996321835,0.000334079493768513,-0.334941357374191,3.08588868224402e-06,278528
2913,1,0.145649996320572,0.145649996320572,0.00032387109240517,-0.335874140262604,3.10208223645519e-06,278528
2914,1,0.145699996319308,0.145699996319308,0.000314036209601909,-0.334941357374191,3.11778404653863e-06,278528
2915,1,0.145749996318045,0.145749996318045,0.000303329841699451,-0.335252285003662,3.13295053824046e-06,278528
2916,1,0.145799996316782,0.145799996316782,0.000292748009087518,-0.335563242435455,3.14758793832506e-06,278528
2917,1,0.145849996315519,0.145849996315519,0.000281668151728809,-0.335252285003662,3.16167134555573e-06,278528
2918,1,0.145899996314256,0.145899996314256,0.00027158428565599,-0.334941357374191,3.17525055949549e-06,278528
2919,1,0.145949996312993,0.145949996312993,0.000260628905380145,-0.335252285003662,3.18828200443529e-06,278528
2920,1,0.14599999631173,0.14599999631173,0.000249798089498654,-0.335563242435455,3.2007719085947e-06,278528
2921,1,0.146049996310467,0.146049996310467,0.00023921622778289,-0.33463042974472,3.21273271968169e-06,278528
2922,1,0.146099996309204,0.146099996309204,0.000227513912250288,-0.335252285003662,3.22410841500683e-06,278528
2923,1,0.14614999630794,0.14614999630794,0.000215313659282401,-0.335874140262604,3.23487409769899e-06,278528
2924,1,0.146199996306677,0.146199996306677,0.000204233816475607,-0.336806952953339,3.2450857882648e-06,278528
2925,1,0.146249996305414,0.146249996305414,0.000193153988220729,-0.336185097694397,3.25474348743186e-06,278528
2926,1,0.146299996304151,0.146299996304151,0.000181451701791957,-0.338983446359634,3.26381607229227e-06,278528
2927,1,0.146349996302888,0.146349996302888,0.000170496365171857,-0.338983446359634,3.27234089033551e-06,278528
2928,1,0.146399996301625,0.146399996301625,0.000158047114382498,-0.339294373989105,3.280243245855e-06,278528
2929,1,0.146449996300362,0.146449996300362,0.000146593796671368,-0.34022718667984,3.28757293550341e-06,278528
2930,1,0.146499996299099,0.146499996299099,0.000134269037516788,-0.341159969568253,3.29428638720965e-06,278528
2931,1,0.146549996297836,0.146549996297836,0.000122442244901322,-0.342403680086136,3.30040849930006e-06,278528
2932,1,0.146599996296572,0.146599996296572,0.000111611414467916,-0.343025535345078,3.30598906988248e-06,278528
2933,1,0.146649996295309,0.146649996295309,9.91621636785567e-05,-0.344269275665283,3.31094717794115e-06,278528
2934,1,0.146699996294046,0.146699996294046,8.74598626978695e-05,-0.344580173492432,3.31532017096557e-06,278528
2935,1,0.146749996292783,0.146749996292783,7.575756899314e-05,-0.345202058553696,3.31910804931954e-06,278528
2936,1,0.14679999629152,0.14679999629152,6.30593349342234e-05,-0.348000437021255,3.3222610159866e-06,278528
2937,1,0.146849996290257,0.146849996290257,5.17305234097876e-05,-0.349244177341461,3.32484754209175e-06,278528
2938,1,0.146899996288994,0.146899996288994,3.86588108085562e-05,-0.351109713315964,3.32678048258335e-06,278528
2939,1,0.146949996287731,0.146949996287731,2.70810069196159e-05,-0.352353453636169,3.32813453289512e-06,278528
2940,1,0.146999996286468,0.146999996286468,1.6001176845748e-05,-0.353908121585846,3.3289345917172e-06,278528
2941,1,0.147049996285205,0.147049996285205,3.17844887831598e-06,-0.3554627597332,3.3290935141571e-06,278528
2942,1,0.147099996283941,0.147099996283941,-8.39935273688752e-06,-0.357328355312347,3.32867354653087e-06,278528
2943,1,0.147149996282678,0.147149996282678,-2.08486017072573e-05,-0.359504848718643,3.32763111647184e-06,278528
2944,1,0.147199996281415,0.147199996281415,-3.35468357661739e-05,-0.360748589038849,3.3259537747259e-06,278528
2945,1,0.147249996280152,0.147249996280152,-4.51246341981459e-05,-0.362925112247467,3.32369754307299e-06,278528
2946,1,0.147299996278889,0.147299996278889,-5.67024399060756e-05,-0.364790678024292,3.32086242114931e-06,278528
2947,1,0.147349996277626,0.147349996277626,-6.87782085151412e-05,-0.367278128862381,3.31742351081043e-06,278528
2948,1,0.147399996276363,0.147399996276363,-7.92355785961263e-05,-0.369143694639206,3.3134617319807e-06,278528
2949,1,0.1474499962751,0.1474499962751,-9.15603377507068e-05,-0.371009290218353,3.30888371520882e-06,278528
2950,1,0.147499996273837,0.147499996273837,-0.000103511607449036,-0.372874885797501,3.30370813496711e-06,278528
2951,1,0.147549996272573,0.147549996272573,-0.000113968984805979,-0.376295119524002,3.29800968587077e-06,278528
2952,1,0.14759999627131,0.14759999627131,-0.000126542727230117,-0.378471612930298,3.2916825496691e-06,278528
2953,1,0.147649996270047,0.147649996270047,-0.000137498063850217,-0.380648136138916,3.28480764665026e-06,278528
2954,1,0.147699996268784,0.147699996268784,-0.000149449348100461,-0.382513731718063,3.27733517943401e-06,278528
2955,1,0.147749996267521,0.147749996267521,-0.000161151649081148,-0.385312110185623,3.2692775971835e-06,278528
2956,1,0.147799996266258,0.147799996266258,-0.000172480460605584,-0.388732314109802,3.26065357437109e-06,278528
2957,1,0.147849996264995,0.147849996264995,-0.00018380927213002,-0.39090883731842,3.25146311099676e-06,278528
2958,1,0.147899996263732,0.147899996263732,-0.000195760541828349,-0.393085360527039,3.2416750841526e-06,278528
2959,1,0.147949996262469,0.147949996262469,-0.000205968943191692,-0.395572811365128,3.23137663725318e-06,278528
2960,1,0.147999996261206,0.147999996261206,-0.000216924279811792,-0.398993045091629,3.22053042353659e-06,278528
2961,1,0.148049996259942,0.148049996259942,-0.000228253091336228,-0.400858640670776,3.20911776925809e-06,278528
2962,1,0.148099996258679,0.148099996258679,-0.000237839005421847,-0.403967916965485,3.19722581928741e-06,278528
2963,1,0.148149996257416,0.148149996257416,-0.000248794356593862,-0.406766295433044,3.18478610177197e-06,278528
2964,1,0.148199996256153,0.148199996256153,-0.000258878251770511,-0.410808384418488,3.17184218951043e-06,278528
2965,1,0.14824999625489,0.14824999625489,-0.000270580523647368,-0.412984907627106,3.15831316366984e-06,278528
2966,1,0.148299996253627,0.148299996253627,-0.000279917469015345,-0.417026996612549,3.14431729057264e-06,278528
2967,1,0.148349996252364,0.148349996252364,-0.0002898768580053,-0.419514447450638,3.12982344803852e-06,278528
2968,1,0.148399996251101,0.148399996251101,-0.000300085259368643,-0.422934710979462,3.11481918544912e-06,278528
2969,1,0.148449996249838,0.148449996249838,-0.000310916133457795,-0.425422102212906,3.09927337916895e-06,278528
2970,1,0.148499996248574,0.148499996248574,-0.000320626539178193,-0.428220510482788,3.08324205261503e-06,278528
2971,1,0.148549996247311,0.148549996247311,-0.000328967493260279,-0.432262599468231,3.06679367836754e-06,278528
2972,1,0.148599996246048,0.148599996246048,-0.000336686032824218,-0.43475005030632,3.0499593771516e-06,278528
2973,1,0.148649996244785,0.148649996244785,-0.000348512839991599,-0.438170284032822,3.03253373559222e-06,278528
2974,1,0.148699996243522,0.148699996243522,-0.000357600802090019,-0.440657734870911,3.01465369593941e-06,278528
2975,1,0.148749996242259,0.148749996242259,-0.000365568295819685,-0.444388866424561,2.99637528161018e-06,278528
2976,1,0.148799996240996,0.148799996240996,-0.00037415829137899,-0.447498172521591,2.97766736751383e-06,278528
2977,1,0.148849996239733,0.148849996239733,-0.000382997241104022,-0.450918406248093,2.9585175059424e-06,278528
2978,1,0.14889999623847,0.14889999623847,-0.000391587236663327,-0.454338669776917,2.93893814460385e-06,278528
2979,1,0.148949996237207,0.148949996237207,-0.000398807809688151,-0.458069801330566,2.91899775462318e-06,278528
2980,1,0.148999996235943,0.148999996235943,-0.000407148792874068,-0.460868209600449,2.89864031549374e-06,278528
2981,1,0.14904999623468,0.14904999623468,-0.000415614282246679,-0.463977485895157,2.87785960190638e-06,278528
2982,1,0.149099996233417,0.149099996233417,-0.000422087876359001,-0.467708677053452,2.85675520862157e-06,278528
2983,1,0.149149996232154,0.149149996232154,-0.000430304411565885,-0.471128880977631,2.83523998858679e-06,278528
2984,1,0.149199996230891,0.149199996230891,-0.000437649461673573,-0.475171029567719,2.81335751605591e-06,278528
2985,1,0.149249996229628,0.149249996229628,-0.000443874101620167,-0.477969378232956,2.79116381153556e-06,278528
2986,1,0.149299996228365,0.149299996228365,-0.000451219151727855,-0.482011467218399,2.76860285451911e-06,278528
2987,1,0.149349996227102,0.149349996227102,-0.00045744376257062,-0.48512077331543,2.74573066696838e-06,278528
2988,1,0.149399996225839,0.149399996225839,-0.000464041862869635,-0.488541007041931,2.72252857441103e-06,278528
2989,1,0.149449996224575,0.149449996224575,-0.000470639963168651,-0.492272198200226,2.69899657684707e-06,278528
2990,1,0.149499996223312,0.149499996223312,-0.000476615619845688,-0.494137763977051,2.6751657964568e-06,278528
2991,1,0.149549996222049,0.149549996222049,-0.000482591247418895,-0.497247040271759,2.65103623469542e-06,278528
2992,1,0.149599996220786,0.149599996220786,-0.000487695448100567,-0.501600086688995,2.6266514629064e-06,278528
2993,1,0.149649996219523,0.149649996219523,-0.00049317313823849,-0.505020320415497,2.60199280661741e-06,278528
2994,1,0.14969999621826,0.14969999621826,-0.000499646703246981,-0.509373366832733,2.57701047208616e-06,278528
2995,1,0.149749996216997,0.149749996216997,-0.000503505987580866,-0.511549830436707,2.5518351733431e-06,278528
2996,1,0.149799996215734,0.149799996215734,-0.000508112250827253,-0.514970123767853,2.52642956144354e-06,278528
2997,1,0.149849996214471,0.149849996214471,-0.000512842962052673,-0.519012212753296,2.50078741398868e-06,278528
2998,1,0.149899996213207,0.149899996213207,-0.000518196146003902,-0.521188676357269,2.47487760734302e-06,278528
2999,1,0.149949996211944,0.149949996211944,-0.000520561414305121,-0.524919867515564,2.44884953728529e-06,278528
3000,1,0.149999996210681,0.149999996210681,-0.000524669711012393,-0.528029203414917,2.42261605239738e-06,278528
3001,1,0.150049996209418,0.150049996209418,-0.000527906522620469,-0.53207129240036,2.39622072693316e-06,278528
3002,1,0.150099996208155,0.150099996208155,-0.000531392346601933,-0.53486967086792,2.36965111027427e-06,278528
3003,1,0.150149996206892,0.150149996206892,-0.000534629100002348,-0.538289844989777,2.34291965594945e-06,278528
3004,1,0.150199996205629,0.150199996205629,-0.000537118990905583,-0.541088283061981,2.31606370708261e-06,278528
3005,1,0.150249996204366,0.150249996204366,-0.000538114982191473,-0.543575704097748,2.28915795865273e-06,278528
3006,1,0.150299996203103,0.150299996203103,-0.000540978275239468,-0.547306835651398,2.26210904557407e-06,278528
3007,1,0.15034999620184,0.15034999620184,-0.0005427211872302,-0.548550605773926,2.23497298689807e-06,278528
3008,1,0.150399996200576,0.150399996200576,-0.000544339534826577,-0.553525507450104,2.2077560108443e-06,278528
3009,1,0.150449996199313,0.150449996199313,-0.000545708928257227,-0.556323826313019,2.18047056512073e-06,278528
3010,1,0.15049999619805,0.15049999619805,-0.000546704919543117,-0.560987830162048,2.15313531983412e-06,278528
3011,1,0.150549996196787,0.150549996196787,-0.000547949864994735,-0.56160968542099,2.1257378272765e-06,278528
3012,1,0.150599996195524,0.150599996195524,-0.00054782530060038,-0.564718961715698,2.09834656293845e-06,278528
3013,1,0.150649996194261,0.150649996194261,-0.000547949864994735,-0.567517340183258,2.07094907038083e-06,278528
3014,1,0.150699996192998,0.150699996192998,-0.000549070187844336,-0.570004820823669,2.04349556168215e-06,278528
3015,1,0.150749996191735,0.150749996191735,-0.000547700852621347,-0.573114097118378,2.01611051974288e-06,278528
3016,1,0.150799996190472,0.150799996190472,-0.000547949864994735,-0.575912475585938,1.98871302718526e-06,278528
3017,1,0.150849996189208,0.150849996189208,-0.000545584480278194,-0.578399896621704,1.96143380386049e-06,278528
3018,1,0.150899996187945,0.150899996187945,-0.000546331400983036,-0.580576419830322,1.93411723450141e-06,278528
3019,1,0.150949996186682,0.150949996186682,-0.000544961949344724,-0.583063900470734,1.90686913772252e-06,278528
3020,1,0.150999996185419,0.150999996185419,-0.000542472174856812,-0.5855513215065,1.87974552966488e-06,278528
3021,1,0.151049996184156,0.151049996184156,-0.000540604756679386,-0.590215265750885,1.85271529251375e-06,278528
3022,1,0.151099996182893,0.151099996182893,-0.000537865911610425,-0.592391788959503,1.82582199761261e-06,278528
3023,1,0.15114999618163,0.15114999618163,-0.000535874045453966,-0.593635499477386,1.79902829601678e-06,278528
3024,1,0.151199996180367,0.151199996180367,-0.000533633108716458,-0.596433877944946,1.77234664125499e-06,278528
3025,1,0.151249996179104,0.151249996179104,-0.000530147401150316,-0.59767758846283,1.74583927186711e-06,278528
3026,1,0.151299996177841,0.151299996177841,-0.000527657568454742,-0.600475966930389,1.71945639411086e-06,278528
3027,1,0.151349996176577,0.151349996176577,-0.00052491866517812,-0.602652490139008,1.69321046151498e-06,278528
3028,1,0.151399996175314,0.151399996175314,-0.000519690045621246,-0.605761826038361,1.66722595989034e-06,278528
3029,1,0.151449996174051,0.151449996174051,-0.000515706255100667,-0.606694579124451,1.6414406477867e-06,278528
3030,1,0.151499996172788,0.151499996172788,-0.000510726531501859,-0.607938289642334,1.61590432185671e-06,278528
3031,1,0.151549996171525,0.151549996171525,-0.000506244832649827,-0.610425770282745,1.59059208086366e-06,278528
3032,1,0.151599996170262,0.151599996170262,-0.000502385606523603,-0.612602233886719,1.56547280117204e-06,278528
3033,1,0.151649996168999,0.151649996168999,-0.000496658904012293,-0.614467859268188,1.54063985659876e-06,278528
3034,1,0.151699996167736,0.151699996167736,-0.000492301653139293,-0.616333425045013,1.51602477456363e-06,278528
3035,1,0.151749996166473,0.151749996166473,-0.000486823992105201,-0.618199050426483,1.49168357557328e-06,278528
3036,1,0.151799996165209,0.151799996165209,-0.000479478941997513,-0.619131803512573,1.46770962907903e-06,278528
3037,1,0.151849996163946,0.151849996163946,-0.000474499247502536,-0.620064616203308,1.44398466730325e-06,278528
3038,1,0.151899996162683,0.151899996162683,-0.000467776641016826,-0.62161922454834,1.42059583584326e-06,278528
3039,1,0.15194999616142,0.15194999616142,-0.000461303017800674,-0.622862994670868,1.3975306855359e-06,278528
3040,1,0.151999996160157,0.151999996160157,-0.000453211046988145,-0.6244176030159,1.37487013375895e-06,278528
3041,1,0.152049996158894,0.152049996158894,-0.000446239457232878,-0.625350415706635,1.35255816146095e-06,278528
3042,1,0.152099996157631,0.152099996157631,-0.000439516850747168,-0.627216041088104,1.33058231947875e-06,278528
3043,1,0.152149996156368,0.152149996156368,-0.000432296277722344,-0.628459751605988,1.30896750613867e-06,278528
3044,1,0.152199996155105,0.152199996155105,-0.000423208344727755,-0.630014359951019,1.28780708943684e-06,278528
3045,1,0.152249996153841,0.152249996153841,-0.000416236754972488,-0.630947172641754,1.26699525221397e-06,278528
3046,1,0.152299996152578,0.152299996152578,-0.000406899838708341,-0.630014359951019,1.24665026079251e-06,278528
3047,1,0.152349996151315,0.152349996151315,-0.00039943028241396,-0.630947172641754,1.22667874717633e-06,278528
3048,1,0.152399996150052,0.152399996150052,-0.000389968830859289,-0.632190942764282,1.20718030612594e-06,278528
3049,1,0.152449996148789,0.152449996148789,-0.000380756391678005,-0.632812738418579,1.18814248702297e-06,278528
3050,1,0.152499996147526,0.152499996147526,-0.000372788868844509,-0.633434653282166,1.16950304405162e-06,278528
3051,1,0.152549996146263,0.152549996146263,-0.000361958052963018,-0.634678363800049,1.15140514186066e-06,278528
3052,1,0.152599996145,0.152599996145,-0.000352496601408347,-0.634367406368256,1.13378031223548e-06,278528
3053,1,0.152649996143737,0.152649996143737,-0.000343035178957507,-0.634678363800049,1.1166285537209e-06,278528
3054,1,0.152699996142474,0.152699996142474,-0.000332951283780858,-0.634367406368256,1.09998098995241e-06,278528
3055,1,0.15274999614121,0.15274999614121,-0.000323365355143324,-0.634678363800049,1.08381272260369e-06,278528
3056,1,0.152799996139947,0.152799996139947,-0.000312907999614254,-0.63530021905899,1.06816732301821e-06,278528
3057,1,0.152849996138684,0.152849996138684,-0.000302699598250911,-0.63530021905899,1.05303234348801e-06,278528
3058,1,0.152899996137421,0.152899996137421,-0.000291370786726475,-0.636233031749725,1.03846380451972e-06,278528
3059,1,0.152949996136158,0.152949996136158,-0.000279917469015345,-0.634678363800049,1.02446793142251e-06,278528
3060,1,0.152999996134895,0.152999996134895,-0.000268339674221352,-0.634678363800049,1.01105094805039e-06,278528
3061,1,0.153049996133632,0.153049996133632,-0.000257384352153167,-0.634989261627197,9.98181730767833e-07,278528
3062,1,0.153099996132369,0.153099996132369,-0.000246553478064016,-0.633745551109314,9.85854057176056e-07,278528
3063,1,0.153149996131106,0.153149996131106,-0.000234851206187159,-0.633434653282166,9.7411149716334e-07,278528
3064,1,0.153199996129842,0.153199996129842,-0.000223646871745586,-0.632501840591431,9.6292915385855e-07,278528
3065,1,0.153249996128579,0.153249996128579,-0.000210699654417112,-0.631879925727844,9.52394171403831e-07,278528
3066,1,0.153299996127316,0.153299996127316,-0.000199121859623119,-0.631879925727844,9.42438078674187e-07,278528
3067,1,0.153349996126053,0.153349996126053,-0.000186921592103317,-0.630947172641754,9.33091999305123e-07,278528
3068,1,0.15339999612479,0.15339999612479,-0.00017384986858815,-0.629703462123871,9.24399506095306e-07,278528
3069,1,0.153449996123527,0.153449996123527,-0.000161649601068348,-0.629392504692078,9.16317026246069e-07,278528
3070,1,0.153499996122264,0.153499996122264,-0.000149200350278988,-0.627837836742401,9.08857008920576e-07,278528
3071,1,0.153549996121001,0.153549996121001,-0.000136128641315736,-0.626594126224518,9.02050577026734e-07,278528
3072,1,0.153599996119738,0.153599996119738,-0.000124550846521743,-0.625661373138428,8.95823034857968e-07,278528
3073,1,0.153649996118475,0.153649996118475,-0.000110358705569524,-0.625039458274841,8.90305099718886e-07,278528
3074,1,0.153699996117211,0.153699996117211,-9.75359798758291e-05,-0.62348484992981,8.85428300848293e-07,278528
3075,1,0.153749996115948,0.153749996115948,-8.43397792777978e-05,-0.621930181980133,8.81211311990933e-07,278528
3076,1,0.153799996114685,0.153799996114685,-7.17660295777023e-05,-0.619753658771515,8.77623010602696e-07,278528
3077,1,0.153849996113422,0.153849996113422,-5.8569828979671e-05,-0.619131803512573,8.74694519227693e-07,278528
3078,1,0.153899996112159,0.153899996112159,-4.50001462013461e-05,-0.617266237735748,8.72444511974465e-07,278528
3079,1,0.153949996110896,0.153949996110896,-3.19284336001147e-05,-0.616333425045013,8.70848090334789e-07,278528
3080,1,0.153999996109633,0.153999996109633,-1.87322293641046e-05,-0.614467859268188,8.69911478890244e-07,278528
3081,1,0.15404999610837,0.15404999610837,-5.41153303856845e-06,-0.612602233886719,8.69640902245151e-07,278528
3082,1,0.154099996107107,0.154099996107107,7.66017910791561e-06,-0.610736668109894,8.70023911190871e-07,278528
3083,1,0.154149996105843,0.154149996105843,2.04829048016109e-05,-0.60949295759201,8.7104805640508e-07,278528
3084,1,0.15419999610458,0.15419999610458,3.45505613950081e-05,-0.607316434383392,8.72775584431189e-07,278528
3085,1,0.154249996103317,0.154249996103317,4.72487881779671e-05,-0.605139970779419,8.75138023780407e-07,278528
3086,1,0.154299996102054,0.154299996102054,6.1814411310479e-05,-0.602341532707214,8.78228744267853e-07,278528
3087,1,0.154349996100791,0.154349996100791,7.37656882847659e-05,-0.600786924362183,8.81917028588917e-07,278528
3088,1,0.154399996099528,0.154399996099528,8.80823281477205e-05,-0.598610401153564,8.86321144885046e-07,278528
3089,1,0.154449996098265,0.154449996098265,0.000100905053841416,-0.595812022686005,8.91366397449663e-07,278528
3090,1,0.154499996097002,0.154499996097002,0.000113229812995996,-0.594257354736328,8.97027887956442e-07,278528
3091,1,0.154549996095739,0.154549996095739,0.000127048464491963,-0.591458976268768,9.03380311020564e-07,278528
3092,1,0.154599996094476,0.154599996094476,0.000140369171276689,-0.588660657405853,9.10398769407097e-07,278528
3093,1,0.154649996093212,0.154649996093212,0.00015306741988752,-0.586795032024384,9.18052140208133e-07,278528
3094,1,0.154699996091949,0.154699996091949,0.000165392164490186,-0.583685755729675,9.26321748223734e-07,278528
3095,1,0.154749996090686,0.154749996090686,0.000179459821083583,-0.582441985607147,9.35294739051237e-07,278528
3096,1,0.154799996089423,0.154799996089423,0.000191411090781912,-0.579643666744232,9.4486529334856e-07,278528
3097,1,0.15484999608816,0.15484999608816,0.000203860341571271,-0.576534330844879,9.55058310169626e-07,278528
3098,1,0.154899996086897,0.154899996086897,0.000217056542169303,-0.574046909809113,9.65911137003926e-07,278528
3099,1,0.154949996085634,0.154949996085634,0.00022875884314999,-0.571870386600494,9.77349078872479e-07,278528
3100,1,0.154999996084371,0.154999996084371,0.000241457077208906,-0.566895484924316,9.89421932427938e-07,278528
3101,1,0.155049996083108,0.155049996083108,0.000253906327998266,-0.564097106456757,1.00211724850714e-06,278528
3102,1,0.155099996081844,0.155099996081844,0.000265484122792259,-0.56254243850708,1.01539145431142e-06,278528
3103,1,0.155149996080581,0.155149996080581,0.000278431340120733,-0.559122204780579,1.02931302096577e-06,278528
3104,1,0.155199996079318,0.155199996079318,0.00028913770802319,-0.556634783744812,1.04376990600172e-06,278528
3105,1,0.155249996078055,0.155249996078055,0.000300342013360932,-0.553214550018311,1.0587870062904e-06,278528
3106,1,0.155299996076792,0.155299996076792,0.00031204431434162,-0.550416171550751,1.07438922161333e-06,278528
3107,1,0.155349996075529,0.155349996075529,0.000323373154969886,-0.548239648342133,1.09055787895337e-06,278528
3108,1,0.155399996074266,0.155399996074266,0.000333581498125568,-0.544819414615631,1.1072369534383e-06,278528
3109,1,0.155449996073003,0.155449996073003,0.000344910338753834,-0.541088283061981,1.12448246994034e-06,278528
3110,1,0.15549999607174,0.15549999607174,0.000353873823769391,-0.53860080242157,1.14217616068183e-06,278528
3111,1,0.155549996070476,0.155549996070476,0.000366323045454919,-0.535802483558655,1.16049231249187e-06,278528
3112,1,0.155599996069213,0.155599996069213,0.000376531417714432,-0.531449437141418,1.17931888290199e-06,278528
3113,1,0.15564999606795,0.15564999606795,0.000386366329621524,-0.528340101242065,1.19863719889504e-06,278528
3114,1,0.155699996066687,0.155699996066687,0.000396201241528615,-0.524608910083771,1.21844726047103e-06,278528
3115,1,0.155749996065424,0.155749996065424,0.000406409642891958,-0.522432446479797,1.23876774210229e-06,278528
3116,1,0.155799996064161,0.155799996064161,0.00041524859261699,-0.518390357494354,1.25953017120864e-06,278528
3117,1,0.155849996062898,0.155849996062898,0.00042433655471541,-0.514970123767853,1.28074699840843e-06,278528
3118,1,0.155899996061635,0.155899996061635,0.000432926550274715,-0.511549830436707,1.30239332537533e-06,278528
3119,1,0.155949996060372,0.155949996060372,0.000441516516730189,-0.508751511573792,1.32446915065416e-06,278528
3120,1,0.155999996059109,0.155999996059109,0.000450106512289494,-0.505642175674438,1.3469744757001e-06,278528
3121,1,0.156049996057845,0.156049996057845,0.000457700545666739,-0.501600086688995,1.36985950240531e-06,278528
3122,1,0.156099996056582,0.156099996056582,0.00046616600593552,-0.498490780591965,1.39316780211327e-06,278528
3123,1,0.156149996055319,0.156149996055319,0.000473511085147038,-0.493515908718109,1.41684335577253e-06,278528
3124,1,0.156199996054056,0.156199996054056,0.000480233691632748,-0.491961240768433,1.44085503974758e-06,278528
3125,1,0.156249996052793,0.156249996052793,0.00048807667917572,-0.488230109214783,1.46525887308987e-06,278528
3126,1,0.15629999605153,0.15629999605153,0.000494052364956588,-0.484809845685959,1.48996149071366e-06,278528
3127,1,0.156349996050267,0.156349996050267,0.000501397356856614,-0.481078684329987,1.51503135792317e-06,278528
3128,1,0.156399996049004,0.156399996049004,0.00050662609282881,-0.477969378232956,1.54036266192469e-06,278528
3129,1,0.156449996047741,0.156449996047741,0.000512850703671575,-0.474238216876984,1.56600519646048e-06,278528
3130,1,0.156499996046477,0.156499996046477,0.000519199820701033,-0.471439838409424,1.59196518683973e-06,278528
3131,1,0.156549996045214,0.156549996045214,0.000524304050486535,-0.467708677053452,1.61818038870181e-06,278528
3132,1,0.156599996043951,0.156599996043951,0.000529034703504294,-0.463666588068008,1.64463212320879e-06,278528
3133,1,0.156649996042688,0.156649996042688,0.000533640966750681,-0.461179137229919,1.67131417087228e-06,278528
3134,1,0.156699996041425,0.156699996041425,0.000537251238711178,-0.458069801330566,1.69817673212924e-06,278528
3135,1,0.156749996040162,0.156749996040162,0.000541981891728938,-0.454960525035858,1.7252758260311e-06,278528
3136,1,0.156799996038899,0.156799996038899,0.000546837167348713,-0.450918406248093,1.75261768370782e-06,278528
3137,1,0.156849996037636,0.156849996037636,0.000549451564438641,-0.447809129953384,1.78009026123574e-06,278528
3138,1,0.156899996036373,0.156899996036373,0.000552563811652362,-0.445632606744766,1.80771845112041e-06,278528
3139,1,0.15694999603511,0.15694999603511,0.000555676117073745,-0.440657734870911,1.83550225627222e-06,278528
3140,1,0.156999996033846,0.156999996033846,0.000557419029064476,-0.437859326601028,1.86337320702137e-06,278528
3141,1,0.157049996032583,0.157049996032583,0.000560531276278198,-0.435371905565262,1.89139977012727e-06,278528
3142,1,0.15709999603132,0.15709999603132,0.000562523200642318,-0.431329786777496,1.91952592944885e-06,278528
3143,1,0.157149996030057,0.157149996030057,0.000563519191928208,-0.429464250802994,1.94770188833348e-06,278528
3144,1,0.157199996028794,0.157199996028794,0.000564390618819743,-0.425422102212906,1.97592141856158e-06,278528
3145,1,0.157249996027531,0.157249996027531,0.000567004957702011,-0.421380013227463,2.0042716657305e-06,278528
3146,1,0.157299996026268,0.157299996026268,0.000566257978789508,-0.419514447450638,2.03258456395473e-06,278528
3147,1,0.157349996025005,0.157349996025005,0.000568374351132661,-0.415783286094666,2.06100328079344e-06,278528
3148,1,0.157399996023742,0.157399996023742,0.000566755945328623,-0.413917720317841,2.089341077344e-06,278528
3149,1,0.157449996022478,0.157449996022478,0.000566257978789508,-0.411119312047958,2.11765397556823e-06,278528
3150,1,0.157499996021215,0.157499996021215,0.000566506991162896,-0.407388180494308,2.14597932441082e-06,278528
3151,1,0.157549996019952,0.157549996019952,0.000565510999877006,-0.404278844594955,2.17425487369037e-06,278528
3152,1,0.157599996018689,0.157599996018689,0.000565262045711279,-0.401480495929718,2.20251797526195e-06,278528
3153,1,0.157649996017426,0.157649996017426,0.000562523200642318,-0.398993045091629,2.23064413458354e-06,278528
3154,1,0.157699996016163,0.157699996016163,0.000561153807211667,-0.39650559425354,2.25870182423532e-06,278528
3155,1,0.1577499960149,0.1577499960149,0.000559659907594323,-0.394018143415451,2.28668481890813e-06,278528
3156,1,0.157799996013637,0.157799996013637,0.000557045510504395,-0.39059790968895,2.31453709372974e-06,278528
3157,1,0.157849996012374,0.157849996012374,0.000555551610887051,-0.388421416282654,2.34231467357237e-06,278528
3158,1,0.15789999601111,0.15789999601111,0.00055181683273986,-0.386866748332977,2.36990551451236e-06,278528
3159,1,0.157949996009847,0.157949996009847,0.000548953539691865,-0.382824659347534,2.39735319080357e-06,278528
3160,1,0.157999996008584,0.157999996008584,0.000546961673535407,-0.379715323448181,2.42470127378947e-06,278528
3161,1,0.158049996007321,0.158049996007321,0.000541857443749905,-0.377849757671356,2.45179414529254e-06,278528
3162,1,0.158099996006058,0.158099996006058,0.000538371677976102,-0.375673234462738,2.47871272851132e-06,278528
3163,1,0.158149996004795,0.158149996004795,0.000534512393642217,-0.373807668685913,2.50543834751829e-06,278528
3164,1,0.158199996003532,0.158199996003532,0.000529408222064376,-0.371320217847824,2.53190875795281e-06,278528
3165,1,0.158249996002269,0.158249996002269,0.000524926465004683,-0.369143694639206,2.55815508054001e-06,278528
3166,1,0.158299996001006,0.158299996001006,0.000519448833074421,-0.36696720123291,2.58412752153761e-06,278528
3167,1,0.158349995999743,0.158349995999743,0.000514593615662307,-0.365723490715027,2.60985720167074e-06,278528
3168,1,0.158399995998479,0.158399995998479,0.000509489444084466,-0.362925112247467,2.63533167323142e-06,278528
3169,1,0.158449995997216,0.158449995997216,0.000503762799780816,-0.360748589038849,2.66051981258416e-06,278528
3170,1,0.158499995995953,0.158499995995953,0.000498409615829587,-0.358882993459702,2.68544029274609e-06,278528
3171,1,0.15854999599469,0.15854999599469,0.000490691047161818,-0.357328355312347,2.70997484448439e-06,278528
3172,1,0.158599995993427,0.158599995993427,0.000483594980323687,-0.355151861906052,2.73415459288974e-06,278528
3173,1,0.158649995992164,0.158649995992164,0.000476872373837978,-0.354219049215317,2.7579982109793e-06,278528
3174,1,0.158699995990901,0.158699995990901,0.000471021223347634,-0.352353453636169,2.78154927155173e-06,278528
3175,1,0.158749995989638,0.158749995989638,0.000463302683783695,-0.349866032600403,2.80471440515571e-06,278528
3176,1,0.158799995988375,0.158799995988375,0.000457078072940931,-0.350176960229874,2.82756830822542e-06,278528
3177,1,0.158849995987111,0.158849995987111,0.000448861566837877,-0.34862232208252,2.85001138600036e-06,278528
3178,1,0.158899995985848,0.158899995985848,0.000440645060734823,-0.346134871244431,2.87204363848051e-06,278528
3179,1,0.158949995984585,0.158949995984585,0.000433051027357578,-0.345202058553696,2.8936961893014e-06,278528
3180,1,0.158999995983322,0.158999995983322,0.000424834521254525,-0.344269275665283,2.91493791482752e-06,278528
3181,1,0.159049995982059,0.159049995982059,0.000415995571529493,-0.343336492776871,2.93573769287855e-06,278528
3182,1,0.159099995980796,0.159099995980796,0.000408028048695996,-0.342403680086136,2.95613909479796e-06,278528
3183,1,0.159149995979533,0.159149995979533,0.000399064592784271,-0.340538084506989,2.97609232393312e-06,278528
3184,1,0.15919999597827,0.15919999597827,0.000388980697607622,-0.339605331420898,2.99554135832217e-06,278528
3185,1,0.159249995977007,0.159249995977007,0.000379768258426338,-0.338983446359634,3.0145297707638e-06,278528
3186,1,0.159299995975744,0.159299995975744,0.000371427246136591,-0.3380506336689,3.03310113260148e-06,278528
3187,1,0.15934999597448,0.15934999597448,0.000361343350959942,-0.338361591100693,3.05116829969306e-06,278528
3188,1,0.159399995973217,0.159399995973217,0.000351259455783293,-0.337428778409958,3.06873127203855e-06,278528
3189,1,0.159449995971954,0.159449995971954,0.000341798033332452,-0.336806952953339,3.08582117327344e-06,278528
3190,1,0.159499995970691,0.159499995970691,0.000332087627612054,-0.336185097694397,3.10242555423459e-06,278528
3191,1,0.159549995969428,0.159549995969428,0.000320509832818061,-0.335563242435455,3.11845104547065e-06,278528
3192,1,0.159599995968165,0.159599995968165,0.000311172916553915,-0.335252285003662,3.1340096909053e-06,278528
3193,1,0.159649995966902,0.159649995966902,0.000301711435895413,-0.334941357374191,3.14909526231898e-06,278528
3194,1,0.159699995965639,0.159699995965639,0.00029013364110142,-0.335563242435455,3.16360194400758e-06,278528
3195,1,0.159749995964376,0.159749995964376,0.000279551779385656,-0.335252285003662,3.17757953262376e-06,278528
3196,1,0.159799995963112,0.159799995963112,0.000268596457317472,-0.336185097694397,3.19100935515037e-06,278528
3197,1,0.159849995961849,0.159849995961849,0.000258263549767435,-0.335252285003662,3.20392253231253e-06,278528
3198,1,0.159899995960586,0.159899995960586,0.000247806194238365,-0.334941357374191,3.21631284171144e-06,278528
3199,1,0.159949995959323,0.159949995959323,0.000235979416174814,-0.336185097694397,3.22811181222211e-06,278528
3200,1,0.15999999595806,0.15999999595806,0.000225148556637578,-0.336185097694397,3.2393692397696e-06,278528
3201,1,0.160049995956797,0.160049995956797,0.0002135707763955,-0.335563242435455,3.25004777831962e-06,278528
3202,1,0.160099995955534,0.160099995955534,0.00020112152560614,-0.336495995521545,3.26010385434589e-06,278528
3203,1,0.160149995954271,0.160149995954271,0.000191037615877576,-0.336806952953339,3.26965573489846e-06,278528
3204,1,0.160199995953008,0.160199995953008,0.000179459821083583,-0.3380506336689,3.27862872572597e-06,278528
3205,1,0.160249995951744,0.160249995951744,0.000167508536833338,-0.339294373989105,3.28700415235605e-06,278528
3206,1,0.160299995950481,0.160299995950481,0.000156179710756987,-0.339605331420898,3.29481313769663e-06,278528
3207,1,0.160349995949218,0.160349995949218,0.000144103934871964,-0.34022718667984,3.30201833425821e-06,278528
3208,1,0.160399995947955,0.160399995947955,0.000132028173538856,-0.340538084506989,3.30861974276839e-06,278528
3209,1,0.160449995946692,0.160449995946692,0.000121570803457871,-0.341470897197723,3.31469828278772e-06,278528
3210,1,0.160499995945429,0.160499995945429,0.000108997068309691,-0.343025535345078,3.32014813606553e-06,278528
3211,1,0.160549995944166,0.160549995944166,9.71702829701826e-05,-0.34395831823349,3.32500665009131e-06,278528
3212,1,0.160599995942903,0.160599995942903,8.43475572764874e-05,-0.344891130924225,3.32922402784859e-06,278528
3213,1,0.16064999594164,0.16064999594164,7.27697552065365e-05,-0.346445769071579,3.332862515517e-06,278528
3214,1,0.160699995940377,0.160699995940377,6.1067461501807e-05,-0.347378581762314,3.33591588851496e-06,278528
3215,1,0.160749995939113,0.160749995939113,4.87426987092476e-05,-0.349866032600403,3.33835302338885e-06,278528
3216,1,0.16079999593785,0.16079999593785,3.69159133697394e-05,-0.352353453636169,3.34019881901071e-06,278528
3217,1,0.160849995936587,0.160849995936587,2.44666643993696e-05,-0.352664411067963,3.34142215219977e-06,278528
3218,1,0.160899995935324,0.160899995935324,1.30133557831869e-05,-0.354529976844788,3.3420728199725e-06,278528
3219,1,0.160949995934061,0.160949995934061,8.13091560303292e-07,-0.355773717164993,3.34211347454948e-06,278528
3220,1,0.160999995932798,0.160999995932798,-1.18851430670475e-05,-0.35826113820076,3.34151921741114e-06,278528
3221,1,0.161049995931535,0.161049995931535,-2.32139591389569e-05,-0.358882993459702,3.34035851948352e-06,278528
3222,1,0.161099995930272,0.161099995930272,-3.56632081093267e-05,-0.361992299556732,3.3385753591231e-06,278528
3223,1,0.161149995929009,0.161149995929009,-4.82369468954857e-05,-0.36385789513588,3.33616351183925e-06,278528
3224,1,0.161199995927745,0.161199995927745,-5.86943206144497e-05,-0.365412533283234,3.33322879588267e-06,278528
3225,1,0.161249995926482,0.161249995926482,-7.13925546733662e-05,-0.367589056491852,3.32965916823918e-06,278528
3226,1,0.161299995925219,0.161299995925219,-8.24723829282448e-05,-0.370076507329941,3.32553554919693e-06,278528
3227,1,0.161349995923956,0.161349995923956,-9.529510862194e-05,-0.371942073106766,3.32077079388621e-06,278528
3228,1,0.161399995922693,0.161399995922693,-0.000106499428511597,-0.373807668685913,3.31544582259515e-06,278528
3229,1,0.16144999592143,0.16144999592143,-0.000118077237857506,-0.375984191894531,3.30954196085141e-06,278528
3230,1,0.161499995920167,0.161499995920167,-0.000130028507555835,-0.378471612930298,3.30304053563786e-06,278528
3231,1,0.161549995918904,0.161549995918904,-0.000141108335810713,-0.380959063768387,3.29598511902556e-06,278528
3232,1,0.161599995917641,0.161599995917641,-0.000152810636791401,-0.383135586977005,3.28834458737901e-06,278528
3233,1,0.161649995916378,0.161649995916378,-0.000164139448315836,-0.387177675962448,3.28013761517054e-06,278528
3234,1,0.161699995915114,0.161699995915114,-0.000175468274392188,-0.389354199171066,3.27136420167257e-06,278528
3235,1,0.161749995913851,0.161749995913851,-0.00018617462774273,-0.391219764947891,3.26205547052059e-06,278528
3236,1,0.161799995912588,0.161799995912588,-0.000197378962184303,-0.393085360527039,3.25218652266068e-06,278528
3237,1,0.161849995911325,0.161849995911325,-0.000209579215152189,-0.397438377141953,3.2417075621678e-06,278528
3238,1,0.161899995910062,0.161899995910062,-0.000219289620872587,-0.398993045091629,3.23074308140115e-06,278528
3239,1,0.161949995908799,0.161949995908799,-0.000230867444770411,-0.402724206447601,3.21919970945424e-06,278528
3240,1,0.161999995907536,0.161999995907536,-0.000240079883951694,-0.40583348274231,3.2071957155599e-06,278528
3241,1,0.162049995906273,0.162049995906273,-0.000251035235123709,-0.407699078321457,3.1946439541208e-06,278528
3242,1,0.16209999590501,0.16209999590501,-0.000263608962995932,-0.411430269479752,3.18146350630397e-06,278528
3243,1,0.162149995903746,0.162149995903746,-0.000272074452368543,-0.415161430835724,3.1678597840292e-06,278528
3244,1,0.162199995902483,0.162199995902483,-0.000282033841358498,-0.417959809303284,3.15375809231752e-06,278528
3245,1,0.16224999590122,0.16224999590122,-0.000292989192530513,-0.420136302709579,3.13910863306107e-06,278528
3246,1,0.162299995899957,0.162299995899957,-0.000302450614981353,-0.422934710979462,3.12398610269403e-06,278528
3247,1,0.162349995898694,0.162349995898694,-0.000312161049805582,-0.426665842533112,3.10837805059804e-06,278528
3248,1,0.162399995897431,0.162399995897431,-0.000321373488986865,-0.429775148630142,3.09230937655463e-06,278528
3249,1,0.162449995896168,0.162449995896168,-0.000331208371790126,-0.432262599468231,3.07574895838347e-06,278528
3250,1,0.162499995894905,0.162499995894905,-0.000340171856805682,-0.435371905565262,3.05874036597286e-06,278528
3251,1,0.162549995893642,0.162549995893642,-0.000349259789800271,-0.43848118185997,3.041277376924e-06,278528
3252,1,0.162599995892379,0.162599995892379,-0.000357849785359576,-0.441901445388794,3.02338488810802e-06,278528
3253,1,0.162649995891115,0.162649995891115,-0.000367062224540859,-0.445632606744766,3.00503177734462e-06,278528
3254,1,0.162699995889852,0.162699995889852,-0.000375278701540083,-0.448430985212326,2.98626784274163e-06,278528
3255,1,0.162749995888589,0.162749995888589,-0.00038461564690806,-0.452162146568298,2.96703706088204e-06,278528
3256,1,0.162799995887326,0.162799995887326,-0.000393330148654059,-0.454960525035858,2.94737055394615e-06,278528
3257,1,0.162849995886063,0.162849995886063,-0.000401297671487555,-0.45838075876236,2.92730567087866e-06,278528
3258,1,0.1628999958848,0.1628999958848,-0.000408269232138991,-0.461800992488861,2.90689220978739e-06,278528
3259,1,0.162949995883537,0.162949995883537,-0.000416112277889624,-0.465843081474304,2.88608659641851e-06,278528
3260,1,0.162999995882274,0.162999995882274,-0.000424328754888847,-0.468641489744186,2.86487015921004e-06,278528
3261,1,0.163049995881011,0.163049995881011,-0.000431922788266093,-0.472372621297836,2.8432740203423e-06,278528
3262,1,0.163099995879747,0.163099995879747,-0.000437773938756436,-0.474860072135925,2.82138532395743e-06,278528
3263,1,0.163149995878484,0.163149995878484,-0.000445865996880457,-0.478280305862427,2.79909202467658e-06,278528
3264,1,0.163199995877221,0.163199995877221,-0.000451841595349833,-0.482011467218399,2.77649994547982e-06,278528
3265,1,0.163249995875958,0.163249995875958,-0.000459186645457521,-0.486986368894577,2.75354061378694e-06,278528
3266,1,0.163299995874695,0.163299995874695,-0.000466033729026094,-0.488541007041931,2.73023892792429e-06,278528
3267,1,0.163349995873432,0.163349995873432,-0.000471013452624902,-0.492272198200226,2.70668825588798e-06,278528
3268,1,0.163399995872169,0.163399995872169,-0.00047736256965436,-0.496314287185669,2.68282012800822e-06,278528
3269,1,0.163449995870906,0.163449995870906,-0.000483587209600955,-0.4994235932827,2.658640768139e-06,278528
3270,1,0.163499995869643,0.163499995869643,-0.000488566874992102,-0.502843797206879,2.6342124250065e-06,278528
3271,1,0.163549995868379,0.163549995868379,-0.000493795552756637,-0.506574988365173,2.60952264799239e-06,278528
3272,1,0.163599995867116,0.163599995867116,-0.000499522255267948,-0.50906240940094,2.58454653585994e-06,278528
3273,1,0.163649995865853,0.163649995865853,-0.000504626426845789,-0.512171685695648,2.55931521515505e-06,278528
3274,1,0.16369999586459,0.16369999586459,-0.000509357079863548,-0.516213774681091,2.53384736180524e-06,278528
3275,1,0.163749995863327,0.163749995863327,-0.000512594007886946,-0.518701255321503,2.50821766205836e-06,278528
3276,1,0.163799995862064,0.163799995862064,-0.000516826694365591,-0.521810591220856,2.48237632799288e-06,278528
3277,1,0.163849995860801,0.163849995860801,-0.000520312460139394,-0.524919867515564,2.45636070564312e-06,278528
3278,1,0.163899995859538,0.163899995859538,-0.000523798284120858,-0.528651058673859,2.43017079209869e-06,278528
3279,1,0.163949995858275,0.163949995858275,-0.000527657568454742,-0.532382190227509,2.40378791434244e-06,278528
3280,1,0.163999995857012,0.163999995857012,-0.000530520861502737,-0.536113381385803,2.37726187193741e-06,278528
3281,1,0.164049995855748,0.164049995855748,-0.000533135200385004,-0.538289844989777,2.35060511259157e-06,278528
3282,1,0.164099995854485,0.164099995854485,-0.000535874045453966,-0.542331993579865,2.32381141099574e-06,278528
3283,1,0.164149995853222,0.164149995853222,-0.000538488384336233,-0.544508516788483,2.29688699245909e-06,278528
3284,1,0.164199995851959,0.164199995851959,-0.000540604756679386,-0.547928750514984,2.26985675530796e-06,278528
3285,1,0.164249995850696,0.164249995850696,-0.00054309464758262,-0.550105214118958,2.24270202361482e-06,278528
3286,1,0.164299995849433,0.164299995849433,-0.000543966074474156,-0.554458260536194,2.2155037205782e-06,278528
3287,1,0.16434999584817,0.16434999584817,-0.000545708928257227,-0.557256639003754,2.18821827485462e-06,278528
3288,1,0.164399995846907,0.164399995846907,-0.000546082446817309,-0.559433162212372,2.16091415320352e-06,278528
3289,1,0.164449995845644,0.164449995845644,-0.000546455907169729,-0.562853395938873,2.13359135853527e-06,278528
3290,1,0.16449999584438,0.16449999584438,-0.00054782530060038,-0.565962731838226,2.10620009419721e-06,278528
3291,1,0.164549995843117,0.164549995843117,-0.000547451840247959,-0.567828297615051,2.0788275028763e-06,278528
3292,1,0.164599995841854,0.164599995841854,-0.000547202886082232,-0.571559429168701,2.05146735926336e-06,278528
3293,1,0.164649995840591,0.164649995840591,-0.000547576346434653,-0.573424994945526,2.02408854263328e-06,278528
3294,1,0.164699995839328,0.164699995839328,-0.000546704919543117,-0.576223373413086,1.99675329734667e-06,278528
3295,1,0.164749995838065,0.164749995838065,-0.0005454599740915,-0.579332709312439,1.96948029933107e-06,278528
3296,1,0.164799995836802,0.164799995836802,-0.00054446398280561,-0.581820130348206,1.9422571008785e-06,278528
3297,1,0.164849995835539,0.164849995835539,-0.000541974150110036,-0.584929466247559,1.91515839405757e-06,278528
3298,1,0.164899995834276,0.164899995834276,-0.000541725195944309,-0.587416887283325,1.88807213494461e-06,278528
3299,1,0.164949995833013,0.164949995833013,-0.000540106790140271,-0.589593410491943,1.86106679611981e-06,278528
3300,1,0.164999995831749,0.164999995831749,-0.000536496459972113,-0.59114807844162,1.83424197379886e-06,278528
3301,1,0.165049995830486,0.165049995830486,-0.000534629100002348,-0.594257354736328,1.80751051947403e-06,278528
3302,1,0.165099995829223,0.165099995829223,-0.00053164130076766,-0.595812022686005,1.78092845510717e-06,278528
3303,1,0.16514999582796,0.16514999582796,-0.00052927591605112,-0.598921298980713,1.75446465997315e-06,278528
3304,1,0.165199995826697,0.165199995826697,-0.000526163610629737,-0.600786924362183,1.72815648010626e-06,278528
3305,1,0.165249995825434,0.165249995825434,-0.000521308451425284,-0.602652490139008,1.70209105819346e-06,278528
3306,1,0.165299995824171,0.165299995824171,-0.00051782262744382,-0.605450868606567,1.67619992747534e-06,278528
3307,1,0.165349995822908,0.165349995822908,-0.000513216422405094,-0.607938289642334,1.65053910700333e-06,278528
3308,1,0.165399995821645,0.165399995821645,-0.00050973059842363,-0.608560144901276,1.62505257772599e-06,278528
3309,1,0.165449995820381,0.165449995820381,-0.000504377414472401,-0.611047625541687,1.59983370763945e-06,278528
3310,1,0.165499995819118,0.165499995819118,-0.000499397749081254,-0.61229133605957,1.57486382081618e-06,278528
3311,1,0.165549995817855,0.165549995817855,-0.000495040498208255,-0.613535046577454,1.55011179653106e-06,278528
3312,1,0.165599995816592,0.165599995816592,-0.000490060774609447,-0.616644322872162,1.52560875841959e-06,278528
3313,1,0.165649995815329,0.165649995815329,-0.00048408514703624,-0.617266237735748,1.50140450167923e-06,278528
3314,1,0.165699995814066,0.165699995814066,-0.00047835850273259,-0.618820905685425,1.47748657714681e-06,278528
3315,1,0.165749995812803,0.165749995812803,-0.000471760402433574,-0.620064616203308,1.45389855762102e-06,278528
3316,1,0.16579999581154,0.16579999581154,-0.000465784803964198,-0.621930181980133,1.43060931801114e-06,278528
3317,1,0.165849995810277,0.165849995810277,-0.000458190741483122,-0.62348484992981,1.40769978151573e-06,278528
3318,1,0.165899995809013,0.165899995809013,-0.00045171711826697,-0.625039458274841,1.38511392617295e-06,278528
3319,1,0.16594999580775,0.16594999580775,-0.000444496545242146,-0.626283228397369,1.36288909947229e-06,278528
3320,1,0.165999995806487,0.165999995806487,-0.000436528993304819,-0.626594126224518,1.34106265035843e-06,278528
3321,1,0.166049995805224,0.166049995805224,-0.000428810511948541,-0.629081547260284,1.31962212530264e-06,278528
3322,1,0.166099995803961,0.166099995803961,-0.000421216478571296,-0.628770649433136,1.29856130190611e-06,278528
3323,1,0.166149995802698,0.166149995802698,-0.000413248955737799,-0.630014359951019,1.2778988546412e-06,278528
3324,1,0.166199995801435,0.166199995801435,-0.000404907914344221,-0.631569027900696,1.25765345943543e-06,278528
3325,1,0.166249995800172,0.166249995800172,-0.000395819981349632,-0.631569027900696,1.23786246086791e-06,278528
3326,1,0.166299995798909,0.166299995798909,-0.000386732019251212,-0.632501840591431,1.21852586039384e-06,278528
3327,1,0.166349995797646,0.166349995797646,-0.000378142023691908,-0.633123636245728,1.19961875968687e-06,278528
3328,1,0.166399995796382,0.166399995796382,-0.000369925575796515,-0.634056448936462,1.1811224813643e-06,278528
3329,1,0.166449995795119,0.166449995795119,-0.000359966157702729,-0.633745551109314,1.16312417393384e-06,278528
3330,1,0.166499995793856,0.166499995793856,-0.000349259789800271,-0.633123636245728,1.14566118488498e-06,278528
3331,1,0.166549995792593,0.166549995792593,-0.00033942487789318,-0.633745551109314,1.12868994141905e-06,278528
3332,1,0.16659999579133,0.16659999579133,-0.00032996348454617,-0.634056448936462,1.11219176760852e-06,278528
3333,1,0.166649995790067,0.166649995790067,-0.000319257116643712,-0.634678363800049,1.09622891217959e-06,278528
3334,1,0.166699995788804,0.166699995788804,-0.000308301765471697,-0.634989261627197,1.08081382429543e-06,278528
3335,1,0.166749995787541,0.166749995787541,-0.000298342376481742,-0.634678363800049,1.06589670584818e-06,278528
3336,1,0.166799995786278,0.166799995786278,-0.000288258481305093,-0.634989261627197,1.05148378214702e-06,278528
3337,1,0.166849995785014,0.166849995785014,-0.000276431674137712,-0.634678363800049,1.0376621987893e-06,278528
3338,1,0.166899995783751,0.166899995783751,-0.000265102833509445,-0.634678363800049,1.02440705744868e-06,278528
3339,1,0.166949995782488,0.166949995782488,-0.000253400561632589,-0.633434653282166,1.01173702968712e-06,278528
3340,1,0.166999995781225,0.166999995781225,-0.000242694222833961,-0.634056448936462,9.99602318851973e-07,278528
3341,1,0.167049995779962,0.167049995779962,-0.000231240905122831,-0.632190942764282,9.88040273887914e-07,278528
3342,1,0.167099995778699,0.167099995778699,-0.000219165143789724,-0.632190942764282,9.77082016975256e-07,278528
3343,1,0.167149995777436,0.167149995777436,-0.000207338365726173,-0.631879925727844,9.66715098950838e-07,278528
3344,1,0.167199995776173,0.167199995776173,-0.000194889114936814,-0.630947172641754,9.56970643450163e-07,278528
3345,1,0.16724999577491,0.16724999577491,-0.000183062322321348,-0.631258130073547,9.47817527565323e-07,278528
3346,1,0.167299995773647,0.167299995773647,-0.000169617138453759,-0.630014359951019,9.39336670856879e-07,278528
3347,1,0.167349995772383,0.167349995772383,-0.0001576658396516,-0.628770649433136,9.31453379073448e-07,278528
3348,1,0.16739999577112,0.16739999577112,-0.000143971672514454,-0.627837836742401,9.24254795629577e-07,278528
3349,1,0.167449995769857,0.167449995769857,-0.000131646927911788,-0.625661373138428,9.17672449400272e-07,278528
3350,1,0.167499995768594,0.167499995768594,-0.000118948679300956,-0.625350415706635,9.11725015585469e-07,278528
3351,1,0.167549995767331,0.167549995767331,-0.000106125953607261,-0.623795747756958,9.06418718039154e-07,278528
3352,1,0.167599995766068,0.167599995766068,-9.41746839089319e-05,-0.622862994670868,9.0170998396266e-07,278528
3353,1,0.167649995764805,0.167649995764805,-8.04805094958283e-05,-0.622241139411926,8.97685958589524e-07,278528
3354,1,0.167699995763542,0.167699995763542,-6.69108267175034e-05,-0.620375514030457,8.94340417338164e-07,278528
3355,1,0.167749995762279,0.167749995762279,-5.39636057510506e-05,-0.618820905685425,8.91642237118774e-07,278528
3356,1,0.167799995761015,0.167799995761015,-4.12653716921341e-05,-0.616644322872162,8.89578968586289e-07,278528
3357,1,0.167849995759752,0.167849995759752,-2.84426441794494e-05,-0.61602246761322,8.88156836413243e-07,278528
3358,1,0.167899995758489,0.167899995758489,-1.46239772220724e-05,-0.613535046577454,8.87425637570611e-07,278528
3359,1,0.167949995757226,0.167949995757226,-1.42777332712285e-06,-0.611980378627777,8.87354248906058e-07,278528
3360,1,0.167999995755963,0.167999995755963,1.16439387056744e-05,-0.610736668109894,8.87936445826634e-07,278528
3361,1,0.1680499957547,0.1680499957547,2.63340516539756e-05,-0.608560144901276,8.89253148376071e-07,278528
3362,1,0.168099995753437,0.168099995753437,3.77873620891478e-05,-0.607316434383392,8.91142516432798e-07,278528
3363,1,0.168149995752174,0.168149995752174,5.26019684912171e-05,-0.604518055915833,8.93772614790917e-07,278528
3364,1,0.168199995750911,0.168199995750911,6.49267312837765e-05,-0.602030634880066,8.97018951273097e-07,278528
3365,1,0.168249995749647,0.168249995749647,7.67535166232847e-05,-0.600786924362183,9.00856627007313e-07,278528
3366,1,0.168299995748384,0.168299995748384,9.0945657575503e-05,-0.597988545894623,9.05403909771214e-07,278528
3367,1,0.168349995747121,0.168349995747121,0.000104141858173534,-0.596122980117798,9.10611002548349e-07,278528
3368,1,0.168399995745858,0.168399995745858,0.000116093135147821,-0.593635499477386,9.16415659159102e-07,278528
3369,1,0.168449995744595,0.168449995744595,0.000130534259369597,-0.590526163578033,9.22942371962703e-07,278528
3370,1,0.168499995743332,0.168499995743332,0.000143356999615207,-0.588971555233002,9.30110221762388e-07,278528
3371,1,0.168549995742069,0.168549995742069,0.000155183777678758,-0.585862219333649,9.37869410450313e-07,278528
3372,1,0.168599995740806,0.168599995740806,0.000169624909176491,-0.583374798297882,9.46350655694883e-07,278528
3373,1,0.168649995739543,0.168649995739543,0.000182572126504965,-0.580887377262115,9.55479261789523e-07,278528
3374,1,0.16869999573828,0.16869999573828,0.000195643835468218,-0.576845228672028,9.65261453315815e-07,278528
3375,1,0.168749995737016,0.168749995737016,0.000207097138627432,-0.575601577758789,9.75616309985601e-07,278528
3376,1,0.168799995735753,0.168799995735753,0.000218550470890477,-0.572181284427643,9.86543833254072e-07,278528
3377,1,0.16884999573449,0.16884999573449,0.000232244623475708,-0.570315718650818,9.98156064134508e-07,278528
3378,1,0.168899995733227,0.168899995733227,0.000244071416091174,-0.56720644235611,1.01035963463078e-06,278528
3379,1,0.168949995731964,0.168949995731964,0.000255649210885167,-0.564408004283905,1.02314209485213e-06,278528
3380,1,0.168999995730701,0.168999995730701,0.000267849507508799,-0.562231540679932,1.03653456988924e-06,278528
3381,1,0.169049995729438,0.169049995729438,0.000279551779385656,-0.558500349521637,1.05051215850542e-06,278528
3382,1,0.169099995728175,0.169099995728175,0.000291752017801628,-0.555080115795135,1.06509975902699e-06,278528
3383,1,0.169149995726912,0.169149995726912,0.000303827837342396,-0.552903652191162,1.08029115051034e-06,278528
3384,1,0.169199995725648,0.169199995725648,0.000314658653223887,-0.549172461032867,1.09602408277409e-06,278528
3385,1,0.169249995724385,0.169249995724385,0.000324991560773924,-0.546374082565308,1.11227366040229e-06,278528
3386,1,0.169299995723122,0.169299995723122,0.000336569326464087,-0.542331993579865,1.12910212630037e-06,278528
3387,1,0.169349995721859,0.169349995721859,0.000347026711096987,-0.54046642780304,1.14645346141689e-06,278528
3388,1,0.169399995720596,0.169399995720596,0.000357359589543194,-0.537667989730835,1.16432144044266e-06,278528
3389,1,0.169449995719333,0.169449995719333,0.000368563894880936,-0.533936858177185,1.18274963472117e-06,278528
3390,1,0.16949999571807,0.16949999571807,0.000378523312974721,-0.531449437141418,1.2016757998918e-06,278528
3391,1,0.169549995716807,0.169549995716807,0.000389229680877179,-0.527407348155975,1.22113728344402e-06,278528
3392,1,0.169599995715544,0.169599995715544,0.000397197174606845,-0.523987054824829,1.24099714167266e-06,278528
3393,1,0.169649995714281,0.169649995714281,0.000407779036322609,-0.520877778530121,1.26138609297372e-06,278528
3394,1,0.169699995713017,0.169699995713017,0.000416742492234334,-0.518079400062561,1.28222321705904e-06,278528
3395,1,0.169749995711754,0.169749995711754,0.000425332487793639,-0.514348268508911,1.30348984091149e-06,278528
3396,1,0.169799995710491,0.169799995710491,0.000434046960435808,-0.511238932609558,1.32519218838503e-06,278528
3397,1,0.169849995709228,0.169849995709228,0.000442761433077976,-0.507818698883057,1.34733025947967e-06,278528
3398,1,0.169899995707965,0.169899995707965,0.00045097793918103,-0.504087507724762,1.36987915586909e-06,278528
3399,1,0.169949995706702,0.169949995706702,0.000458945462014526,-0.500978231430054,1.39282642839012e-06,278528
3400,1,0.169999995705439,0.169999995705439,0.000466041528852656,-0.498179852962494,1.41612850424409e-06,278528
3401,1,0.170049995704176,0.170049995704176,0.000473884545499459,-0.49382683634758,1.4398227309205e-06,278528
3402,1,0.170099995702913,0.170099995702913,0.000481727591250092,-0.491339385509491,1.46390910987453e-06,278528
3403,1,0.170149995701649,0.170149995701649,0.000488325720652938,-0.486986368894577,1.48832539529037e-06,278528
3404,1,0.170199995700386,0.170199995700386,0.000495670712552965,-0.484187960624695,1.51310893029194e-06,278528
3405,1,0.170249995699123,0.170249995699123,0.000500775000546128,-0.480145871639252,1.53814767968671e-06,278528
3406,1,0.17029999569786,0.17029999569786,0.000508617958985269,-0.477036565542221,1.56357857699353e-06,278528
3407,1,0.170349995696597,0.170349995696597,0.000513971142936498,-0.47361633181572,1.58927713349116e-06,278528
3408,1,0.170399995695334,0.170399995695334,0.000518203887622803,-0.470196127891541,1.61518732721775e-06,278528
3409,1,0.170449995694071,0.170449995694071,0.000524055038113147,-0.468019604682922,1.64139007846147e-06,278528
3410,1,0.170499995692808,0.170499995692808,0.000529657234437764,-0.463666588068008,1.66787293951435e-06,278528
3411,1,0.170549995691545,0.170549995691545,0.000533765472937375,-0.459935396909714,1.69456121248701e-06,278528
3412,1,0.170599995690282,0.170599995690282,0.000537251238711178,-0.456826090812683,1.72142377374397e-06,278528
3413,1,0.170649995689018,0.170649995689018,0.000541234971024096,-0.454027712345123,1.74848552161154e-06,278528
3414,1,0.170699995687755,0.170699995687755,0.000545218819752336,-0.450918406248093,1.77574646191048e-06,278528
3415,1,0.170749995686492,0.170749995686492,0.000548206618987024,-0.447187274694443,1.80315679216739e-06,278528
3416,1,0.170799995685229,0.170799995685229,0.000553310732357204,-0.443145155906677,1.83082232808636e-06,278528
3417,1,0.170849995683966,0.170849995683966,0.000554555677808821,-0.441279590129852,1.85855011127634e-06,278528
3418,1,0.170899995682703,0.170899995682703,0.000556796556338668,-0.43848118185997,1.88638993838998e-06,278528
3419,1,0.17094999568144,0.17094999568144,0.000558912928681821,-0.434128195047379,1.9143355841181e-06,278528
3420,1,0.170999995680177,0.170999995680177,0.000561402761377394,-0.431329786777496,1.94240572147786e-06,278528
3421,1,0.171049995678914,0.171049995678914,0.000562647706829011,-0.427598655223846,1.97053810610863e-06,278528
3422,1,0.17109999567765,0.17109999567765,0.000564888643566519,-0.424800246953964,1.99878253757344e-06,278528
3423,1,0.171149995676387,0.171149995676387,0.000565137539524585,-0.420758157968521,2.02703941383584e-06,278528
3424,1,0.171199995675124,0.171199995675124,0.000565386551897973,-0.418892562389374,2.0553087407166e-06,278528
3425,1,0.171249995673861,0.171249995673861,0.000565884460229427,-0.415783286094666,2.0836029630133e-06,278528
3426,1,0.171299995672598,0.171299995672598,0.000566257978789508,-0.4117411673069,2.11191586123753e-06,278528
3427,1,0.171349995671335,0.171349995671335,0.000566257978789508,-0.409564673900604,2.14022875946176e-06,278528
3428,1,0.171399995670072,0.171399995670072,0.000564764079172164,-0.406144440174103,2.16846696270701e-06,278528
3429,1,0.171449995668809,0.171449995668809,0.000564141664654016,-0.404278844594955,2.19667404522714e-06,278528
3430,1,0.171499995667546,0.171499995667546,0.000564017158467323,-0.400858640670776,2.22487490243809e-06,278528
3431,1,0.171549995666282,0.171549995666282,0.000562149740289897,-0.397749304771423,2.25298238874253e-06,278528
3432,1,0.171599995665019,0.171599995665019,0.000560531276278198,-0.395261853933334,2.28100895184843e-06,278528
3433,1,0.171649995663756,0.171649995663756,0.000556423095986247,-0.392152547836304,2.30883010594492e-06,278528
3434,1,0.171699995662493,0.171699995662493,0.000556423095986247,-0.389665126800537,2.33665126004141e-06,278528
3435,1,0.17174999566123,0.17174999566123,0.000553310732357204,-0.388110458850861,2.36431679596038e-06,278528
3436,1,0.171799995659967,0.171799995659967,0.00055082089966163,-0.385933965444565,2.39185784024772e-06,278528
3437,1,0.171849995658704,0.171849995658704,0.000548580079339445,-0.383135586977005,2.41928684352178e-06,278528
3438,1,0.171899995657441,0.171899995657441,0.000543102389201522,-0.379715323448181,2.44644196229586e-06,278528
3439,1,0.171949995656178,0.171949995656178,0.000539492117241025,-0.377538830041885,2.47341656747647e-06,278528
3440,1,0.171999995654915,0.171999995654915,0.000536379811819643,-0.37536233663559,2.50023555738995e-06,278528
3441,1,0.172049995653651,0.172049995653651,0.000531151075847447,-0.372253030538559,2.52679311051142e-06,278528
3442,1,0.172099995652388,0.172099995652388,0.00052754080388695,-0.37069833278656,2.55317015003943e-06,278528
3443,1,0.172149995651125,0.172149995651125,0.000522685644682497,-0.368832796812057,2.57930443161335e-06,278528
3444,1,0.172199995649862,0.172199995649862,0.000516336469445378,-0.367589056491852,2.60512125443343e-06,278528
3445,1,0.172249995648599,0.172249995648599,0.000513099657837301,-0.363546937704086,2.63077623667719e-06,278528
3446,1,0.172299995647336,0.172299995647336,0.000507497519720346,-0.362925112247467,2.65615111202219e-06,278528
3447,1,0.172349995646073,0.172349995646073,0.000501521863043308,-0.360437661409378,2.68122720454088e-06,278528
3448,1,0.17239999564481,0.17239999564481,0.000495297252200544,-0.358572065830231,2.70599206652529e-06,278528
3449,1,0.172449995643547,0.172449995643547,0.000487827725009993,-0.357017397880554,2.73038345215961e-06,278528
3450,1,0.172499995642283,0.172499995642283,0.000481727591250092,-0.355151861906052,2.75446983111365e-06,278528
3451,1,0.17254999564102,0.17254999564102,0.000475378474220634,-0.354219049215317,2.77823875422422e-06,278528
3452,1,0.172599995639757,0.172599995639757,0.000467535457573831,-0.351109713315964,2.80161552651237e-06,278528
3453,1,0.172649995638494,0.172649995638494,0.000460812851088122,-0.34955507516861,2.82465616848472e-06,278528
3454,1,0.172699995637231,0.172699995637231,0.000452969834441319,-0.348933219909668,2.84730465963464e-06,278528
3455,1,0.172749995635968,0.172749995635968,0.000445500278146937,-0.346756726503372,2.86957967297927e-06,278528
3456,1,0.172799995634705,0.172799995634705,0.000436785776400939,-0.346445769071579,2.89141896124761e-06,278528
3457,1,0.172849995633442,0.172849995633442,0.000429316249210387,-0.346134871244431,2.91288477316586e-06,278528
3458,1,0.172899995632179,0.172899995632179,0.000420850788941607,-0.343336492776871,2.93392731208136e-06,278528
3459,1,0.172949995630916,0.172949995630916,0.000412385270465165,-0.343336492776871,2.95454657508373e-06,278528
3460,1,0.172999995629652,0.172999995629652,0.000404168764362112,-0.341470897197723,2.97475501279133e-06,278528
3461,1,0.173049995628389,0.173049995628389,0.000395578768802807,-0.339605331420898,2.99453395073181e-06,278528
3462,1,0.173099995627126,0.173099995627126,0.000386988802347332,-0.339916229248047,3.01388339036037e-06,278528
3463,1,0.173149995625863,0.173149995625863,0.000376655953004956,-0.338672518730164,3.03271618753486e-06,278528
3464,1,0.1731999956246,0.1731999956246,0.000367443513823673,-0.337739735841751,3.05108836276192e-06,278528
3465,1,0.173249995623337,0.173249995623337,0.00035823104553856,-0.337428778409958,3.06899991458637e-06,278528
3466,1,0.173299995622074,0.173299995622074,0.000348645116901025,-0.337428778409958,3.08643216999104e-06,278528
3467,1,0.173349995620811,0.173349995620811,0.000338561221724376,-0.337428778409958,3.10336023064962e-06,278528
3468,1,0.173399995619548,0.173399995619548,0.000327356887282804,-0.337117880582809,3.11972807460027e-06,278528
3469,1,0.173449995618284,0.173449995618284,0.000317397498292848,-0.335874140262604,3.13559794911401e-06,278528
3470,1,0.173499995617021,0.173499995617021,0.000308309536194429,-0.335563242435455,3.1510134255343e-06,278528
3471,1,0.173549995615758,0.173549995615758,0.000297105230856687,-0.335563242435455,3.16586868670186e-06,278528
3472,1,0.173599995614495,0.173599995614495,0.000286647875327617,-0.335252285003662,3.18020108010618e-06,278528
3473,1,0.173649995613232,0.173649995613232,0.000275817001238465,-0.334941357374191,3.19399192981971e-06,278528
3474,1,0.173699995611969,0.173699995611969,0.000265359616605565,-0.335252285003662,3.20725991031482e-06,278528
3475,1,0.173749995610706,0.173749995610706,0.000254528800724074,-0.335874140262604,3.21998635002952e-06,278528
3476,1,0.173799995609443,0.173799995609443,0.00024307549756486,-0.335252285003662,3.23214012460073e-06,278528
3477,1,0.17384999560818,0.17384999560818,0.000232742604566738,-0.336495995521545,3.24377725453509e-06,278528
3478,1,0.173899995606916,0.173899995606916,0.000219795387238264,-0.335252285003662,3.25476702361938e-06,278528
3479,1,0.173949995605653,0.173949995605653,0.000209587000426836,-0.335563242435455,3.26524637337599e-06,278528
3480,1,0.17399999560439,0.17399999560439,0.000198631663806736,-0.337739735841751,3.27517795631544e-06,278528
3481,1,0.174049995603127,0.174049995603127,0.000186804856639355,-0.336806952953339,3.28451819891145e-06,278528
3482,1,0.174099995601864,0.174099995601864,0.000175600551301613,-0.337428778409958,3.29329822625473e-06,278528
3483,1,0.174149995600601,0.174149995600601,0.000163898250320926,-0.338672518730164,3.30149313856375e-06,278528
3484,1,0.174199995599338,0.174199995599338,0.000151822488987818,-0.339294373989105,3.30908426282138e-06,278528
3485,1,0.174249995598075,0.174249995598075,0.000140618169098161,-0.34022718667984,3.31611517109867e-06,278528
3486,1,0.174299995596812,0.174299995596812,0.000128293395391665,-0.340849041938782,3.3225298407062e-06,278528
3487,1,0.174349995595549,0.174349995595549,0.000116715600597672,-0.342092782258987,3.32836562058866e-06,278528
3488,1,0.174399995594285,0.174399995594285,0.000105760256701615,-0.343025535345078,3.33365363329016e-06,278528
3489,1,0.174449995593022,0.174449995593022,9.26885550143197e-05,-0.344580173492432,3.3382880609238e-06,278528
3490,1,0.174499995591759,0.174499995591759,8.09862613095902e-05,-0.345202058553696,3.34233737388698e-06,278528
3491,1,0.174549995590496,0.174549995590496,6.95329435984604e-05,-0.346756726503372,3.34581402097908e-06,278528
3492,1,0.174599995589233,0.174599995589233,5.708369644708e-05,-0.349244177341461,3.34866820572933e-06,278528
3493,1,0.17464999558797,0.17464999558797,4.45099540229421e-05,-0.34955507516861,3.35089370337426e-06,278528
3494,1,0.174699995586707,0.174699995586707,3.33056341332849e-05,-0.351420670747757,3.35255898503885e-06,278528
3495,1,0.174749995585444,0.174749995585444,2.08563833439257e-05,-0.352975308895111,3.3536018041797e-06,278528
3496,1,0.174799995584181,0.174799995584181,9.65205799730029e-06,-0.354529976844788,3.35408440706738e-06,278528
3497,1,0.174849995582917,0.174849995582917,-2.4237131128757e-06,-0.356395572423935,3.3539632214148e-06,278528
3498,1,0.174899995581654,0.174899995581654,-1.46239772220724e-05,-0.357950210571289,3.35323202257216e-06,278528
3499,1,0.174949995580391,0.174949995580391,-2.66997485596221e-05,-0.358882993459702,3.35189703517791e-06,278528
3500,1,0.174999995579128,0.174999995579128,-3.87755208066665e-05,-0.361992299556732,3.34995825918655e-06,278528
3501,1,0.175049995577865,0.175049995577865,-5.09757846884895e-05,-0.363236039876938,3.34740947001652e-06,278528
3502,1,0.175099995576602,0.175099995576602,-6.28025736659765e-05,-0.36696720123291,3.34426934141254e-06,278528
3503,1,0.175149995575339,0.175149995575339,-7.43803757359274e-05,-0.368521839380264,3.3405503227197e-06,278528
3504,1,0.175199995574076,0.175199995574076,-8.60826694406569e-05,-0.371320217847824,3.3362461893564e-06,278528
3505,1,0.175249995572813,0.175249995572813,-9.72869893303141e-05,-0.372253030538559,3.33138184001276e-06,278528
3506,1,0.17529999557155,0.17529999557155,-0.000110234206658788,-0.374740481376648,3.32587012981906e-06,278528
3507,1,0.175349995570286,0.175349995570286,-0.000122060999274254,-0.376916974782944,3.31976708000953e-06,278528
3508,1,0.175399995569023,0.175399995569023,-0.000133016350446269,-0.378471612930298,3.31311626265523e-06,278528
3509,1,0.17544999556776,0.17544999556776,-0.000144594130688347,-0.38220277428627,3.30588655630345e-06,278528
3510,1,0.175499995566497,0.175499995566497,-0.000155300484038889,-0.384379297494888,3.29812153229766e-06,278528
3511,1,0.175549995565234,0.175549995565234,-0.000167500751558691,-0.386555820703506,3.2897464949313e-06,278528
3512,1,0.175599995563971,0.175599995563971,-0.00017858057981357,-0.389354199171066,3.28081746616619e-06,278528
3513,1,0.175649995562708,0.175649995562708,-0.000189286947716027,-0.393396288156509,3.27135311901948e-06,278528
3514,1,0.175699995561445,0.175699995561445,-0.000200242284336127,-0.394018143415451,3.2613410050556e-06,278528
3515,1,0.175749995560182,0.175749995560182,-0.000211571110412478,-0.397127449512482,3.25076244980221e-06,278528
3516,1,0.175799995558918,0.175799995558918,-0.00022277541575022,-0.399614900350571,3.23962367929609e-06,278528
3517,1,0.175849995557655,0.175849995557655,-0.00023285931092687,-0.403035134077072,3.22798071404387e-06,278528
3518,1,0.175899995556392,0.175899995556392,-0.000243690155912191,-0.406144440174103,3.21579620655607e-06,278528
3519,1,0.175949995555129,0.175949995555129,-0.000254894490353763,-0.408942818641663,3.20305148236034e-06,278528
3520,1,0.175999995553866,0.175999995553866,-0.000264729402260855,-0.412363022565842,3.18981501258168e-06,278528
3521,1,0.176049995552603,0.176049995552603,-0.000275186757789925,-0.415161430835724,3.17605567503977e-06,278528
3522,1,0.17609999555134,0.17609999555134,-0.00028514617588371,-0.417026996612549,3.16179836660575e-06,278528
3523,1,0.176149995550077,0.176149995550077,-0.000295354548143223,-0.420758157968521,3.14703063957166e-06,278528
3524,1,0.176199995548814,0.176199995548814,-0.000305189460050315,-0.424178391695023,3.13177116695463e-06,278528
3525,1,0.17624999554755,0.17624999554755,-0.00031514884904027,-0.426354914903641,3.11601372490068e-06,278528
3526,1,0.176299995546287,0.176299995546287,-0.000323987798765302,-0.429464250802994,3.09981433537165e-06,278528
3527,1,0.176349995545024,0.176349995545024,-0.000334445183398202,-0.433817237615585,3.08309207662418e-06,278528
3528,1,0.176399995543761,0.176399995543761,-0.000343035178957507,-0.436304688453674,3.06594031810959e-06,278528
3529,1,0.176449995542498,0.176449995542498,-0.000351874128682539,-0.439724922180176,3.04834661211992e-06,278528
3530,1,0.176499995541235,0.176499995541235,-0.000361211074050516,-0.442523330450058,3.03028605887364e-06,278528
3531,1,0.176549995539972,0.176549995539972,-0.000368556124158204,-0.446254462003708,3.01185825313126e-06,278528
3532,1,0.176599995538709,0.176599995538709,-0.000378017546609044,-0.449674725532532,2.99295737627828e-06,278528
3533,1,0.176649995537446,0.176649995537446,-0.000386856554541737,-0.452473074197769,2.97361454903984e-06,278528
3534,1,0.176699995536183,0.176699995536183,-0.00039507300243713,-0.455271452665329,2.953860899417e-06,278528
3535,1,0.176749995534919,0.176749995534919,-0.000403040525270626,-0.45869168639183,2.93370887366255e-06,278528
3536,1,0.176799995533656,0.176799995533656,-0.000411008077207953,-0.463355630636215,2.9131584703213e-06,278528
3537,1,0.176849995532393,0.176849995532393,-0.000418602110585198,-0.465532153844833,2.89222836532078e-06,278528
3538,1,0.17689999553113,0.17689999553113,-0.000426320650149137,-0.469885170459747,2.87091233335181e-06,278528
3539,1,0.176949995529867,0.176949995529867,-0.000433541223173961,-0.472372621297836,2.84923527274072e-06,278528
3540,1,0.176999995528604,0.176999995528604,-0.000440139323472977,-0.476103782653809,2.82722830712301e-06,278528
3541,1,0.177049995527341,0.177049995527341,-0.000447359896497801,-0.478591233491898,2.80486031286319e-06,278528
3542,1,0.177099995526078,0.177099995526078,-0.000454331428045407,-0.483255207538605,2.78214374203479e-06,278528
3543,1,0.177149995524815,0.177149995524815,-0.00046080508036539,-0.486986368894577,2.75910348859856e-06,278528
3544,1,0.177199995523551,0.177199995523551,-0.000467029691208154,-0.490406602621078,2.73575200462806e-06,278528
3545,1,0.177249995522288,0.177249995522288,-0.000473503285320476,-0.493515908718109,2.71207684096012e-06,278528
3546,1,0.177299995521025,0.177299995521025,-0.000478856469271705,-0.496625185012817,2.68813401810138e-06,278528
3547,1,0.177349995519762,0.177349995519762,-0.000484832125948742,-0.500356376171112,2.66389241241634e-06,278528
3548,1,0.177399995518499,0.177399995518499,-0.00048981182044372,-0.503776609897614,2.63940182201284e-06,278528
3549,1,0.177449995517236,0.177449995517236,-0.000495538464747369,-0.506885886192322,2.61462489940139e-06,278528
3550,1,0.177499995515973,0.177499995515973,-0.000500767142511904,-0.509995222091675,2.58958654290832e-06,278528
3551,1,0.17754999551471,0.17754999551471,-0.000505124335177243,-0.513415455818176,2.56433032678748e-06,278528
3552,1,0.177599995513447,0.177599995513447,-0.000509606150444597,-0.516213774681091,2.53885001990894e-06,278528
3553,1,0.177649995512184,0.177649995512184,-0.000513838895130903,-0.519944965839386,2.51315807580142e-06,278528
3554,1,0.17769999551092,0.17769999551092,-0.00051782262744382,-0.523365199565887,2.4872669450833e-06,278528
3555,1,0.177749995509657,0.177749995509657,-0.000521681911777705,-0.525852680206299,2.46118285015335e-06,278528
3556,1,0.177799995508394,0.177799995508394,-0.00052491866517812,-0.5292729139328,2.43493691755748e-06,278528
3557,1,0.177849995507131,0.177849995507131,-0.000529524928424507,-0.533625900745392,2.4084606718051e-06,278528
3558,1,0.177899995505868,0.177899995505868,-0.000531516794580966,-0.535491526126862,2.38188483274741e-06,278528
3559,1,0.177949995504605,0.177949995504605,-0.00053400662727654,-0.539844572544098,2.35518450205809e-06,278528
3560,1,0.177999995503342,0.177999995503342,-0.000536870036739856,-0.542642891407013,2.32834100089922e-06,278528
3561,1,0.178049995502079,0.178049995502079,-0.00053973332978785,-0.546063125133514,2.30135433509157e-06,278528
3562,1,0.178099995500816,0.178099995500816,-0.000541227229405195,-0.548861563205719,2.27429297430494e-06,278528
3563,1,0.178149995499552,0.178149995499552,-0.0005427211872302,-0.552281737327576,2.24715691562894e-06,278528
3564,1,0.178199995498289,0.178199995498289,-0.000544090522453189,-0.554147362709045,2.21995239019353e-06,278528
3565,1,0.178249995497026,0.178249995497026,-0.000545086513739079,-0.557567596435547,2.19269806519507e-06,278528
3566,1,0.178299995495763,0.178299995495763,-0.000546829425729811,-0.560987830162048,2.16535659459929e-06,278528
3567,1,0.1783499954945,0.1783499954945,-0.000547327392268926,-0.564097106456757,2.13799022567717e-06,278528
3568,1,0.178399995493237,0.178399995493237,-0.000547949864994735,-0.566584587097168,2.11059273311956e-06,278528
3569,1,0.178449995491974,0.178449995491974,-0.000547949864994735,-0.569382905960083,2.08319524056194e-06,278528
3570,1,0.178499995490711,0.178499995490711,-0.000547202886082232,-0.571870386600494,2.055835096949e-06,278528
3571,1,0.178549995489448,0.178549995489448,-0.000546455907169729,-0.574979722499847,2.02851230228075e-06,278528
3572,1,0.178599995488185,0.178599995488185,-0.000546953873708844,-0.577156186103821,2.00116460928617e-06,278528
3573,1,0.178649995486921,0.178649995486921,-0.000546331400983036,-0.579954564571381,1.97384803992709e-06,278528
3574,1,0.178699995485658,0.178699995485658,-0.000544339534826577,-0.583685755729675,1.94663106387332e-06,278528
3575,1,0.178749995484395,0.178749995484395,-0.000543717062100768,-0.583996653556824,1.91944521145505e-06,278528
3576,1,0.178799995483132,0.178799995483132,-0.000540853769052774,-0.587727844715118,1.89240252368557e-06,278528
3577,1,0.178849995481869,0.178849995481869,-0.000539359811227769,-0.590837121009827,1.86543453380545e-06,278528
3578,1,0.178899995480606,0.178899995480606,-0.00053599855164066,-0.592080891132355,1.83863460690044e-06,278528
3579,1,0.178949995479343,0.178949995479343,-0.000533384154550731,-0.594568312168121,1.81196539984663e-06,278528
3580,1,0.17899999547808,0.17899999547808,-0.000531516794580966,-0.597988545894623,1.78538956078894e-06,278528
3581,1,0.179049995476817,0.179049995476817,-0.000528031087014824,-0.598921298980713,1.75898800710516e-06,278528
3582,1,0.179099995475553,0.179099995475553,-0.000524296250659972,-0.602030634880066,1.7327731952344e-06,278528
3583,1,0.17914999547429,0.17914999547429,-0.00052118394523859,-0.603585243225098,1.70671399863078e-06,278528
3584,1,0.179199995473027,0.179199995473027,-0.000516951200552285,-0.605450868606567,1.68086643925613e-06,278528
3585,1,0.179249995471764,0.179249995471764,-0.000512842962052673,-0.607316434383392,1.65522429180127e-06,278528
3586,1,0.179299995470501,0.179299995470501,-0.000508361263200641,-0.60949295759201,1.62980622928336e-06,278528
3587,1,0.179349995469238,0.179349995469238,-0.000504128460306674,-0.611669480800629,1.60459980690479e-06,278528
3588,1,0.179399995467975,0.179399995467975,-0.000498899782542139,-0.613224148750305,1.57965481840785e-06,278528
3589,1,0.179449995466712,0.179449995466712,-0.000494169071316719,-0.61508971452713,1.5549463654662e-06,278528
3590,1,0.179499995465449,0.179499995465449,-0.000488815829157829,-0.616644322872162,1.53050557462573e-06,278528
3591,1,0.179549995464185,0.179549995464185,-0.000482591247418895,-0.618509948253632,1.50637601286435e-06,278528
3592,1,0.179599995462922,0.179599995462922,-0.00047599314711988,-0.619131803512573,1.48257635610959e-06,278528
3593,1,0.179649995461659,0.179649995461659,-0.000470391009002924,-0.621930181980133,1.4590568062536e-06,278528
3594,1,0.179699995460396,0.179699995460396,-0.000463668402517214,-0.622241139411926,1.4358733867134e-06,278528
3595,1,0.179749995459133,0.179749995459133,-0.000456323323305696,-0.623173892498016,1.4130572211245e-06,278528
3596,1,0.17979999545787,0.17979999545787,-0.000450347695732489,-0.625661373138428,1.39053983690671e-06,278528
3597,1,0.179849995456607,0.179849995456607,-0.000442380172898993,-0.626283228397369,1.36842082882053e-06,278528
3598,1,0.179899995455344,0.179899995455344,-0.000435782072599977,-0.627216041088104,1.34663172574097e-06,278528
3599,1,0.179949995454081,0.179949995454081,-0.000426943093771115,-0.627837836742401,1.32528457159169e-06,278528
3600,1,0.179999995452818,0.179999995452818,-0.000418602110585198,-0.629081547260284,1.30435446659117e-06,278528
3601,1,0.180049995451554,0.180049995451554,-0.000410883571021259,-0.630636215209961,1.2838102885591e-06,278528
3602,1,0.180099995450291,0.180099995450291,-0.000402044621296227,-0.631258130073547,1.26370805800211e-06,278528
3603,1,0.180149995449028,0.180149995449028,-0.000393579131923616,-0.632190942764282,1.24402910190306e-06,278528
3604,1,0.180199995447765,0.180199995447765,-0.000385113613447174,-0.633434653282166,1.22477342171714e-06,278528
3605,1,0.180249995446502,0.180249995446502,-0.000375278701540083,-0.631879925727844,1.20600948711416e-06,278528
3606,1,0.180299995445239,0.180299995445239,-0.0003660662623588,-0.633434653282166,1.1877061744586e-06,278528
3607,1,0.180349995443976,0.180349995443976,-0.000356355856638402,-0.633434653282166,1.16988838207679e-06,278528
3608,1,0.180399995442713,0.180399995442713,-0.000346769928000867,-0.634989261627197,1.15254988611476e-06,278528
3609,1,0.18044999544145,0.18044999544145,-0.000336935016093776,-0.635611116886139,1.13570313573565e-06,278528
3610,1,0.180499995440186,0.180499995440186,-0.000327349116560072,-0.634678363800049,1.11933568032113e-06,278528
3611,1,0.180549995438923,0.180549995438923,-0.000316518271574751,-0.634678363800049,1.10350976714219e-06,278528
3612,1,0.18059999543766,0.18059999543766,-0.000306060916045681,-0.634678363800049,1.08820672172649e-06,278528
3613,1,0.180649995436397,0.180649995436397,-0.000294856552500278,-0.63530021905899,1.07346389447391e-06,278528
3614,1,0.180699995435134,0.180699995435134,-0.000284523732261732,-0.634989261627197,1.05923770822021e-06,278528
3615,1,0.180749995433871,0.180749995433871,-0.000273568351985887,-0.634678363800049,1.04555929096646e-06,278528
3616,1,0.180799995432608,0.180799995432608,-0.000262488523731008,-0.634367406368256,1.03243486511146e-06,278528
3617,1,0.180849995431345,0.180849995431345,-0.000250163779128343,-0.634056448936462,1.01992667647103e-06,278528
3618,1,0.180899995430082,0.180899995430082,-0.0002394574257778,-0.633434653282166,1.0079538054846e-06,278528
3619,1,0.180949995428819,0.180949995428819,-0.000227879601879977,-0.633434653282166,9.96559825678432e-07,278528
3620,1,0.180999995427555,0.180999995427555,-0.000216301821637899,-0.632812738418579,9.8574473486975e-07,278528
3621,1,0.181049995426292,0.181049995426292,-0.000203977062483318,-0.632190942764282,9.75545882003228e-07,278528
3622,1,0.181099995425029,0.181099995425029,-0.000191278813872486,-0.631569027900696,9.6598194155121e-07,278528
3623,1,0.181149995423766,0.181149995423766,-0.00017957654199563,-0.630014359951019,9.57003114678252e-07,278528
3624,1,0.181199995422503,0.181199995422503,-0.00016712729120627,-0.629703462123871,9.48646750329038e-07,278528
3625,1,0.18124999542124,0.18124999542124,-0.000154055567691103,-0.628770649433136,9.40943972139072e-07,278528
3626,1,0.181299995419977,0.181299995419977,-0.000142602264531888,-0.627837836742401,9.33813859092599e-07,278528
3627,1,0.181349995418714,0.181349995418714,-0.00012953054101672,-0.626905083656311,9.27337332205374e-07,278528
3628,1,0.181399995417451,0.181399995417451,-0.000115960865514353,-0.625350415706635,9.21539289076127e-07,278528
3629,1,0.181449995416187,0.181449995416187,-0.000104258571809623,-0.624106705188751,9.16326360617336e-07,278528
3630,1,0.181499995414924,0.181499995414924,-9.16848293854855e-05,-0.623173892498016,9.11742119263869e-07,278528
3631,1,0.181549995413661,0.181549995413661,-7.76171800680459e-05,-0.621930181980133,9.07861260358506e-07,278528
3632,1,0.181599995412398,0.181599995412398,-6.47944543743506e-05,-0.619753658771515,9.0462153772163e-07,278528
3633,1,0.181649995411135,0.181649995411135,-5.18472297699191e-05,-0.618199050426483,9.02029176298623e-07,278528
3634,1,0.181699995409872,0.181699995409872,-3.79040720872581e-05,-0.61602246761322,9.00133972742137e-07,278528
3635,1,0.181749995408609,0.181749995408609,-2.58283016592031e-05,-0.614778816699982,8.98842557691801e-07,278528
3636,1,0.181799995407346,0.181799995407346,-1.18851430670475e-05,-0.613846004009247,8.98248300553461e-07,278528
3637,1,0.181849995406083,0.181849995406083,1.56004648488306e-06,-0.611669480800629,8.98326302875734e-07,278528
3638,1,0.181899995404819,0.181899995404819,1.4258280316426e-05,-0.60949295759201,8.99039216873546e-07,278528
3639,1,0.181949995403556,0.181949995403556,2.75789770967094e-05,-0.607627391815186,9.00418165693546e-07,278528
3640,1,0.181999995402293,0.181999995402293,4.10241664212663e-05,-0.606694579124451,9.02469373962791e-07,278528
3641,1,0.18204999540103,0.18204999540103,5.34734135726467e-05,-0.603274345397949,9.05143044573881e-07,278528
3642,1,0.182099995399767,0.182099995399767,6.791454507038e-05,-0.602030634880066,9.08538771741617e-07,278528
3643,1,0.182149995398504,0.182149995398504,8.03637958597392e-05,-0.599232256412506,9.12556961433096e-07,278528
3644,1,0.182199995397241,0.182199995397241,9.36844880925491e-05,-0.597366690635681,9.1724118571939e-07,278528
3645,1,0.182249995395978,0.182249995395978,0.000106756204331759,-0.595190167427063,9.22578995801133e-07,278528
3646,1,0.182299995394715,0.182299995394715,0.000120076903840527,-0.592391788959503,9.2858284084149e-07,278528
3647,1,0.182349995393452,0.182349995393452,0.000133397596073337,-0.589904308319092,9.35252720476661e-07,278528
3648,1,0.182399995392188,0.182399995392188,0.000146842779940926,-0.588038802146912,9.4259485928823e-07,278528
3649,1,0.182449995390925,0.182449995390925,0.00015879406419117,-0.584618508815765,9.50534562297214e-07,278528
3650,1,0.182499995389662,0.182499995389662,0.000172861720784567,-0.582441985607147,9.591776481181e-07,278528
3651,1,0.182549995388399,0.182549995388399,0.00018406605522614,-0.580265522003174,9.68380950646912e-07,278528
3652,1,0.182599995387136,0.182599995387136,0.000197760222363286,-0.578399896621704,9.78268961515284e-07,278528
3653,1,0.182649995385873,0.182649995385873,0.000210084966965951,-0.575912475585938,9.88773209598222e-07,278528
3654,1,0.18269999538461,0.18269999538461,0.000221911759581417,-0.572492241859436,9.99868797296995e-07,278528
3655,1,0.182749995383347,0.182749995383347,0.000235232466366142,-0.568761050701141,1.01163042031818e-06,278528
3656,1,0.182799995382084,0.182799995382084,0.000247557210968807,-0.568450152873993,1.02400828055393e-06,278528
3657,1,0.18284999538082,0.18284999538082,0.000258886022493243,-0.563164293766022,1.03695258135159e-06,278528
3658,1,0.182899995379557,0.182899995379557,0.000271833239821717,-0.560987830162048,1.05054424299932e-06,278528
3659,1,0.182949995378294,0.182949995378294,0.000282664084807038,-0.557567596435547,1.06467744688264e-06,278528
3660,1,0.182999995377031,0.182999995377031,0.000294739846140146,-0.555701971054077,1.07941443881736e-06,278528
3661,1,0.183049995375768,0.183049995375768,0.000306940142763779,-0.551659882068634,1.09476144556785e-06,278528
3662,1,0.183099995374505,0.183099995374505,0.000317024037940428,-0.549172461032867,1.11061264706443e-06,278528
3663,1,0.183149995373242,0.183149995373242,0.000329099799273536,-0.545130372047424,1.12706763661242e-06,278528
3664,1,0.183199995371979,0.183199995371979,0.000339308171533048,-0.542953848838806,1.14403304476049e-06,278528
3665,1,0.183249995370716,0.183249995370716,0.000350139016518369,-0.539844572544098,1.16153999514415e-06,278528
3666,1,0.183299995369453,0.183299995369453,0.000360471894964576,-0.537046134471893,1.17956358943706e-06,278528
3667,1,0.183349995368189,0.183349995368189,0.000372049718862399,-0.533625900745392,1.19816607491025e-06,278528
3668,1,0.183399995366926,0.183399995366926,0.000381013174774125,-0.529894769191742,1.21721673316769e-06,278528
3669,1,0.183449995365663,0.183449995365663,0.00039097256376408,-0.527718245983124,1.23676536086206e-06,278528
3670,1,0.1834999953644,0.1834999953644,0.000401305442210287,-0.522743344306946,1.25683063246568e-06,278528
3671,1,0.183549995363137,0.183549995363137,0.000410393404308707,-0.520255923271179,1.27735030216274e-06,278528
3672,1,0.183599995361874,0.183599995361874,0.000420103810029104,-0.516835689544678,1.29835549213356e-06,278528
3673,1,0.183649995360611,0.183649995360611,0.000428818311775103,-0.513726413249969,1.31979640718067e-06,278528
3674,1,0.183699995359348,0.183699995359348,0.000437532755313441,-0.509995222091675,1.3416730443937e-06,278528
3675,1,0.183749995358085,0.183749995358085,0.000445873767603189,-0.508751511573792,1.36396673221067e-06,278528
3676,1,0.183799995356821,0.183799995356821,0.000453716784249991,-0.503776609897614,1.38665257085008e-06,278528
3677,1,0.183849995355558,0.183849995355558,0.000462182273622602,-0.4994235932827,1.40976168394742e-06,278528
3678,1,0.183899995354295,0.183899995354295,0.000469278340460733,-0.496003359556198,1.43322560037771e-06,278528
3679,1,0.183949995353032,0.183949995353032,0.000477494846563786,-0.493515908718109,1.45710034210277e-06,278528
3680,1,0.183999995351769,0.183999995351769,0.000485088909044862,-0.49102845788002,1.4813547869423e-06,278528
3681,1,0.184049995350506,0.184049995350506,0.000491064507514238,-0.487297296524048,1.50590801169774e-06,278528
3682,1,0.184099995349243,0.184099995349243,0.000497289176564664,-0.482944250106812,1.53077246989785e-06,278528
3683,1,0.18414999534798,0.18414999534798,0.000503887247759849,-0.480456829071045,1.55596683164938e-06,278528
3684,1,0.184199995346717,0.184199995346717,0.000509364937897772,-0.476414710283279,1.58143507790088e-06,278528
3685,1,0.184249995345453,0.184249995345453,0.00051608745707199,-0.47361633181572,1.60723945010261e-06,278528
3686,1,0.18429999534419,0.18429999534419,0.000521316193044186,-0.468641489744186,1.63330525909634e-06,278528
3687,1,0.184349995342927,0.184349995342927,0.000526171352248639,-0.465221226215363,1.65961382604416e-06,278528
3688,1,0.184399995341664,0.184399995341664,0.00053090212168172,-0.463355630636215,1.68615893145766e-06,278528
3689,1,0.184449995340401,0.184449995340401,0.000535757280886173,-0.460557252168655,1.71294679482525e-06,278528
3690,1,0.184499995339138,0.184499995339138,0.000539367669261992,-0.455893307924271,1.73991517760707e-06,278528
3691,1,0.184549995337875,0.184549995337875,0.000543600413948298,-0.45278400182724,1.76709519761786e-06,278528
3692,1,0.184599995336612,0.184599995336612,0.00054708612151444,-0.44905287027359,1.79444950300256e-06,278528
3693,1,0.184649995335349,0.184649995335349,0.000551443372387439,-0.445321679115295,1.8220216709254e-06,278528
3694,1,0.184699995334086,0.184699995334086,0.000554555677808821,-0.443145155906677,1.84974945411538e-06,278528
3695,1,0.184749995332822,0.184749995332822,0.000557045510504395,-0.439724922180176,1.87760172893699e-06,278528
3696,1,0.184799995331559,0.184799995331559,0.000558414962142706,-0.436926543712616,1.90552247633879e-06,278528
3697,1,0.184849995330296,0.184849995330296,0.000561029301024973,-0.433506339788437,1.93357394068139e-06,278528
3698,1,0.184899995329033,0.184899995329033,0.000562772213015705,-0.430086076259613,1.96171255062134e-06,278528
3699,1,0.18494999532777,0.18494999532777,0.000564390618819743,-0.427598655223846,1.98993208084944e-06,278528
3700,1,0.184999995326507,0.184999995326507,0.000565760012250394,-0.424489349126816,2.01822008074735e-06,278528
3701,1,0.185049995325244,0.185049995325244,0.000567004957702011,-0.421690970659256,2.04657032791626e-06,278528
3702,1,0.185099995323981,0.185099995323981,0.00056663149734959,-0.41764885187149,2.07490190206802e-06,278528
3703,1,0.185149995322718,0.185149995322718,0.00056800089078024,-0.414850473403931,2.10330194588959e-06,278528
3704,1,0.185199995321454,0.185199995321454,0.000566506991162896,-0.412052124738693,2.13162729473217e-06,278528
3705,1,0.185249995320191,0.185249995320191,0.000566008966416121,-0.409564673900604,2.15992774233805e-06,278528
3706,1,0.185299995318928,0.185299995318928,0.000566133472602814,-0.405522584915161,2.1882344152531e-06,278528
3707,1,0.185349995317665,0.185349995317665,0.000566506991162896,-0.401791393756866,2.21655976409569e-06,278528
3708,1,0.185399995316402,0.185399995316402,0.000564764079172164,-0.399925827980042,2.24479796734094e-06,278528
3709,1,0.185449995315139,0.185449995315139,0.000563394685741514,-0.397749304771423,2.27296770091639e-06,278528
3710,1,0.185499995313876,0.185499995313876,0.000561029301024973,-0.395261853933334,2.301019165259e-06,278528
3711,1,0.185549995312613,0.185549995312613,0.000558788422495127,-0.393396288156509,2.32895858567795e-06,278528
3712,1,0.18559999531135,0.18559999531135,0.000556547602172941,-0.389354199171066,2.35678596508362e-06,278528
3713,1,0.185649995310087,0.185649995310087,0.00055380875710398,-0.386866748332977,2.3844764022393e-06,278528
3714,1,0.185699995308823,0.185699995308823,0.000550945405848324,-0.38500115275383,2.41202367183581e-06,278528
3715,1,0.18574999530756,0.18574999530756,0.000547210627701133,-0.383135586977005,2.43938420252968e-06,278528
3716,1,0.185799995306297,0.185799995306297,0.000543226837180555,-0.380337208509445,2.46654554370255e-06,278528
3717,1,0.185849995305034,0.185849995305034,0.00054036354413256,-0.376916974782944,2.49356372022665e-06,278528
3718,1,0.185899995303771,0.185899995303771,0.00053700222633779,-0.375051379203796,2.52041383086525e-06,278528
3719,1,0.185949995302508,0.185949995302508,0.000532022502738982,-0.371942073106766,2.54701495533019e-06,278528
3720,1,0.185999995301245,0.185999995301245,0.00052754080388695,-0.37069833278656,2.5733919948582e-06,278528
3721,1,0.186049995299982,0.186049995299982,0.000522561138495803,-0.367589056491852,2.59952005112294e-06,278528
3722,1,0.186099995298719,0.186099995298719,0.00051708344835788,-0.365412533283234,2.6253742228877e-06,278528
3723,1,0.186149995297455,0.186149995297455,0.000511854712385684,-0.364479750394821,2.65096695786046e-06,278528
3724,1,0.186199995296192,0.186199995296192,0.000506003620103002,-0.36105951666832,2.67626713822647e-06,278528
3725,1,0.186249995294929,0.186249995294929,0.000500775000546128,-0.360126703977585,2.70130588762125e-06,278528
3726,1,0.186299995293666,0.186299995293666,0.000494550331495702,-0.357950210571289,2.72603340357136e-06,278528
3727,1,0.186349995292403,0.186349995292403,0.000487454235553741,-0.356395572423935,2.75040611473335e-06,278528
3728,1,0.18639999529114,0.18639999529114,0.000481603085063398,-0.354840904474258,2.7744862683782e-06,278528
3729,1,0.186449995289877,0.186449995289877,0.000474631524411961,-0.352664411067963,2.79821784399929e-06,278528
3730,1,0.186499995288614,0.186499995288614,0.000466788478661329,-0.351731598377228,2.82155726734275e-06,278528
3731,1,0.186549995287351,0.186549995287351,0.000460563867818564,-0.349244177341461,2.84458546015194e-06,278528
3732,1,0.186599995286088,0.186599995286088,0.000453094340628013,-0.349244177341461,2.86724017661103e-06,278528
3733,1,0.186649995284824,0.186649995284824,0.000444255361799151,-0.347067624330521,2.88945294413985e-06,278528
3734,1,0.186699995283561,0.186699995283561,0.000437532755313441,-0.344891130924225,2.91132958135287e-06,278528
3735,1,0.186749995282298,0.186749995282298,0.000428693805588409,-0.345823913812637,2.9327642710908e-06,278528
3736,1,0.186799995281035,0.186799995281035,0.000420352793298662,-0.344891130924225,2.95378191022479e-06,278528
3737,1,0.186849995279772,0.186849995279772,0.000410766864661127,-0.341781824827194,2.974320252939e-06,278528
3738,1,0.186899995278509,0.186899995278509,0.000402923818910494,-0.341159969568253,2.99446644337559e-06,278528
3739,1,0.186949995277246,0.186949995277246,0.000395080802263692,-0.34022718667984,3.01422048298975e-06,278528
3740,1,0.186999995275983,0.186999995275983,0.000384623475838453,-0.339916229248047,3.03345165629585e-06,278528
3741,1,0.18704999527472,0.18704999527472,0.000376282434444875,-0.339294373989105,3.05226577754281e-06,278528
3742,1,0.187099995273456,0.187099995273456,0.000365576095646247,-0.3380506336689,3.07054458186336e-06,278528
3743,1,0.187149995272193,0.187149995272193,0.000356114673195407,-0.336806952953339,3.08835031507332e-06,278528
3744,1,0.18719999527093,0.18719999527093,0.000346279761288315,-0.336495995521545,3.10566430270034e-06,278528
3745,1,0.187249995269667,0.187249995269667,0.000336444849381223,-0.336495995521545,3.12248654474444e-06,278528
3746,1,0.187299995268404,0.187299995268404,0.000325987464748323,-0.336495995521545,3.1387859175701e-06,278528
3747,1,0.187349995267141,0.187349995267141,0.000316526042297482,-0.335563242435455,3.15461221928517e-06,278528
3748,1,0.187399995265878,0.187399995265878,0.000305944209685549,-0.335874140262604,3.169909429383e-06,278528
3749,1,0.187449995264615,0.187449995264615,0.000297354214126244,-0.334941357374191,3.18477713971373e-06,278528
3750,1,0.187499995263352,0.187499995263352,0.000285402929876,-0.333697646856308,3.19904728584703e-06,278528
3751,1,0.187549995262088,0.187549995262088,0.000274572055786848,-0.335874140262604,3.21277588828956e-06,278528
3752,1,0.187599995260825,0.187599995260825,0.000263741239905357,-0.334941357374191,3.2259629499517e-06,278528
3753,1,0.187649995259562,0.187649995259562,0.000252910394920036,-0.335563242435455,3.23860846937825e-06,278528
3754,1,0.187699995258299,0.187699995258299,0.000242328518652357,-0.335563242435455,3.25072489500478e-06,278528
3755,1,0.187749995257036,0.187749995257036,0.000230875215493143,-0.335252285003662,3.26226865548781e-06,278528
3756,1,0.187799995255773,0.187799995255773,0.000219670895603485,-0.335874140262604,3.27325219999052e-06,278528
3757,1,0.18784999525451,0.18784999525451,0.000208715558983386,-0.336806952953339,3.28368797767606e-06,278528
3758,1,0.187899995253247,0.187899995253247,0.000196639768546447,-0.336806952953339,3.293519965855e-06,278528
3759,1,0.187949995251984,0.187949995251984,0.00018406605522614,-0.338672518730164,3.30272326838382e-06,278528
3760,1,0.187999995250721,0.187999995250721,0.000173982145497575,-0.338672518730164,3.31142237543894e-06,278528
3761,1,0.188049995249457,0.188049995249457,0.000162155367434025,-0.339916229248047,3.31953014360582e-06,278528
3762,1,0.188099995248194,0.188099995248194,0.000149830608279444,-0.34022718667984,3.32702167383054e-06,278528
3763,1,0.188149995246931,0.188149995246931,0.000137754817842506,-0.340849041938782,3.33390941454867e-06,278528
3764,1,0.188199995245668,0.188199995245668,0.000126177037600428,-0.341781824827194,3.34021826626931e-06,278528
3765,1,0.188249995244405,0.188249995244405,0.000113852278445847,-0.343025535345078,3.3459108800478e-06,278528
3766,1,0.188299995243142,0.188299995243142,0.000101527512015309,-0.343025535345078,3.35098725552032e-06,278528
3767,1,0.188349995241879,0.188349995241879,9.00742088560946e-05,-0.344891130924225,3.35549096584935e-06,278528
3768,1,0.188399995240616,0.188399995240616,7.87453900557011e-05,-0.345202058553696,3.35942823525268e-06,278528
3769,1,0.188449995239353,0.188449995239353,6.64206309011206e-05,-0.347689509391785,3.36274926671383e-06,278528
3770,1,0.188499995238089,0.188499995238089,5.2975447033532e-05,-0.347067624330521,3.3653980389986e-06,278528
3771,1,0.188549995236826,0.188549995236826,4.15221365983598e-05,-0.349866032600403,3.36747414577607e-06,278528
3772,1,0.188599995235563,0.188599995235563,3.1562740332447e-05,-0.352042526006699,3.36905228275282e-06,278528
3773,1,0.1886499952343,0.1886499952343,1.92379793588771e-05,-0.353286266326904,3.37001418169647e-06,278528
3774,1,0.188699995233037,0.188699995233037,6.29076157565578e-06,-0.3554627597332,3.3703287197673e-06,278528
3775,1,0.188749995231774,0.188749995231774,-5.53602512809448e-06,-0.355773717164993,3.37005191851789e-06,278528
3776,1,0.188799995230511,0.188799995230511,-1.79852740984643e-05,-0.35826113820076,3.36915265483569e-06,278528
3777,1,0.188849995229248,0.188849995229248,-3.05590183415916e-05,-0.361370444297791,3.36762470395721e-06,278528
3778,1,0.188899995227985,0.188899995227985,-4.22613120463211e-05,-0.361681401729584,3.36551163840827e-06,278528
3779,1,0.188949995226722,0.188949995226722,-5.44615759281442e-05,-0.365412533283234,3.36278855968065e-06,278528
3780,1,0.188999995225458,0.188999995225458,-6.579038745258e-05,-0.36696720123291,3.35949904039113e-06,278528
3781,1,0.189049995224195,0.189049995224195,-7.77416717028245e-05,-0.368210941553116,3.35561195690418e-06,278528
3782,1,0.189099995222932,0.189099995222932,-9.00664235814475e-05,-0.371009290218353,3.35110863583887e-06,278528
3783,1,0.189149995221669,0.189149995221669,-0.000100150326034054,-0.372563928365707,3.34610111966367e-06,278528
3784,1,0.189199995220406,0.189199995220406,-0.000112724053906277,-0.375673234462738,3.34046491711074e-06,278528
3785,1,0.189249995219143,0.189249995219143,-0.000123679390526377,-0.377538830041885,3.33428094774064e-06,278528
3786,1,0.18929999521788,0.18929999521788,-0.000136004149680957,-0.37909346818924,3.32748074042838e-06,278528
3787,1,0.189349995216617,0.189349995216617,-0.000146959500852972,-0.382824659347534,3.32013276557136e-06,278528
3788,1,0.189399995215354,0.189399995215354,-0.000159408751642331,-0.384068369865417,3.31216232819059e-06,278528
3789,1,0.18944999521409,0.18944999521409,-0.000170239582075737,-0.386866748332977,3.30365034930183e-06,278528
3790,1,0.189499995212827,0.189499995212827,-0.000181194918695837,-0.389976054430008,3.29459060359591e-06,278528
3791,1,0.189549995211564,0.189549995211564,-0.000192648236406967,-0.393396288156509,3.2849581920189e-06,278528
3792,1,0.189599995210301,0.189599995210301,-0.000203230098122731,-0.394329100847244,3.27479668736946e-06,278528
3793,1,0.189649995209038,0.189649995209038,-0.000214807907468639,-0.397749304771423,3.26405629226736e-06,278528
3794,1,0.189699995207775,0.189699995207775,-0.000225763244088739,-0.400547683238983,3.25276813034808e-06,278528
3795,1,0.189749995206512,0.189749995206512,-0.000235473664361052,-0.404278844594955,3.24099444742746e-06,278528
3796,1,0.189799995205249,0.189799995205249,-0.000247424934059381,-0.406455367803574,3.22862320103701e-06,278528
3797,1,0.189849995203986,0.189849995203986,-0.000258753774687648,-0.408942818641663,3.21568551262946e-06,278528
3798,1,0.189899995202722,0.189899995202722,-0.000267717201495543,-0.412052124738693,3.20229965289284e-06,278528
3799,1,0.189949995201459,0.189949995201459,-0.000277676590485498,-0.414539575576782,3.1884158237193e-06,278528
3800,1,0.189999995200196,0.189999995200196,-0.000288009498035535,-0.417959809303284,3.17401534918131e-06,278528
3801,1,0.190049995198933,0.190049995198933,-0.000298217870295048,-0.421690970659256,3.15910445604324e-06,278528
3802,1,0.19009999519767,0.19009999519767,-0.000307928305119276,-0.424489349126816,3.14370804117622e-06,278528
3803,1,0.190149995196407,0.190149995196407,-0.000318012200295925,-0.427909553050995,3.12780743156311e-06,278528
3804,1,0.190199995195144,0.190199995195144,-0.000327349116560072,-0.430397003889084,3.11143997614858e-06,278528
3805,1,0.190249995193881,0.190249995193881,-0.000337308505550027,-0.433195382356644,3.09457455129714e-06,278528
3806,1,0.190299995192618,0.190299995192618,-0.000345276028383523,-0.435993790626526,3.07731075031408e-06,278528
3807,1,0.190349995191355,0.190349995191355,-0.000354986463207752,-0.440346777439117,3.05956142760208e-06,278528
3808,1,0.190399995190091,0.190399995190091,-0.000363327446393669,-0.444388866424561,3.04139505574132e-06,278528
3809,1,0.190449995188828,0.190449995188828,-0.000373535818653181,-0.447498172521591,3.02271826528047e-06,278528
3810,1,0.190499995187565,0.190499995187565,-0.00038125435821712,-0.44998562335968,3.00365554785118e-06,278528
3811,1,0.190549995186302,0.190549995186302,-0.000388723914511502,-0.453094959259033,2.98421935261661e-06,278528
3812,1,0.190599995185039,0.190599995185039,-0.000397936353692785,-0.456826090812683,2.9643225354346e-06,278528
3813,1,0.190649995183776,0.190649995183776,-0.000405405909987167,-0.460246354341507,2.94405224044732e-06,278528
3814,1,0.190699995182513,0.190699995182513,-0.000414120382629335,-0.463977485895157,2.92334622183893e-06,278528
3815,1,0.19074999518125,0.19074999518125,-0.000421465432737023,-0.467086791992188,2.90227295073443e-06,278528
3816,1,0.190799995179987,0.190799995179987,-0.000428686005761847,-0.469885170459747,2.88083865098781e-06,278528
3817,1,0.190849995178723,0.190849995178723,-0.000435906578786671,-0.473927289247513,2.85904332259908e-06,278528
3818,1,0.19089999517746,0.19089999517746,-0.000443998578703031,-0.477036565542221,2.83684339422474e-06,278528
3819,1,0.190949995176197,0.190949995176197,-0.000449600745923817,-0.480456829071045,2.81436335749645e-06,278528
3820,1,0.190999995174934,0.190999995174934,-0.000456198817119002,-0.483566105365753,2.79155341721672e-06,278528
3821,1,0.191049995173671,0.191049995173671,-0.000462921452708542,-0.486675411462784,2.76840734516601e-06,278528
3822,1,0.191099995172408,0.191099995172408,-0.000469021557364613,-0.490717500448227,2.74495626789021e-06,278528
3823,1,0.191149995171145,0.191149995171145,-0.000475744192954153,-0.494137763977051,2.72116905884342e-06,278528
3824,1,0.191199995169882,0.191199995169882,-0.000480848364531994,-0.496625185012817,2.69712664122418e-06,278528
3825,1,0.191249995168619,0.191249995168619,-0.000485828059026971,-0.500978231430054,2.67283523888648e-06,278528
3826,1,0.191299995167356,0.191299995167356,-0.000492799677886069,-0.502843797206879,2.64819525561464e-06,278528
3827,1,0.191349995166092,0.191349995166092,-0.00049790384946391,-0.506574988365173,2.62330006377035e-06,278528
3828,1,0.191399995164829,0.191399995164829,-0.000502510112710297,-0.509995222091675,2.59817455876956e-06,278528
3829,1,0.191449995163566,0.191449995163566,-0.000507116317749023,-0.513726413249969,2.57281874352265e-06,278528
3830,1,0.191499995162303,0.191499995162303,-0.000511349004227668,-0.517457544803619,2.54725129395715e-06,278528
3831,1,0.19154999516104,0.19154999516104,-0.000517324660904706,-0.520877778530121,2.52138506156535e-06,278528
3832,1,0.191599995159777,0.191599995159777,-0.000519814493600279,-0.523987054824829,2.49539433754192e-06,278528
3833,1,0.191649995158514,0.191649995158514,-0.000523673719726503,-0.527096390724182,2.46921065221705e-06,278528
3834,1,0.191699995157251,0.191699995157251,-0.000527657568454742,-0.530516624450684,2.4428277744608e-06,278528
3835,1,0.191749995155988,0.191749995155988,-0.000530520861502737,-0.533936858177185,2.41630173205577e-06,278528
3836,1,0.191799995154724,0.191799995154724,-0.000533259706571698,-0.536735236644745,2.38963874740075e-06,278528
3837,1,0.191849995153461,0.191849995153461,-0.000534504593815655,-0.539222657680511,2.3629135183851e-06,278528
3838,1,0.191899995152198,0.191899995152198,-0.000537990476004779,-0.544197559356689,2.3360139952644e-06,278528
3839,1,0.191949995150935,0.191949995150935,-0.000540231238119304,-0.546684980392456,2.30900243404081e-06,278528
3840,1,0.191999995149672,0.191999995149672,-0.000542347668670118,-0.549483358860016,2.28188505129234e-06,278528
3841,1,0.192049995148409,0.192049995148409,-0.000544339534826577,-0.551348924636841,2.25466807523857e-06,278528
3842,1,0.192099995147146,0.192099995147146,-0.00054782530060038,-0.556634783744812,2.22727681090051e-06,278528
3843,1,0.192149995145883,0.192149995145883,-0.000546455907169729,-0.558500349521637,2.19995401623226e-06,278528
3844,1,0.19219999514462,0.19219999514462,-0.000547700852621347,-0.560987830162048,2.172568974293e-06,278528
3845,1,0.192249995143357,0.192249995143357,-0.000547949864994735,-0.564718961715698,2.14517148173538e-06,278528
3846,1,0.192299995142093,0.192299995142093,-0.000548572279512882,-0.567517340183258,2.11774286845264e-06,278528
3847,1,0.19234999514083,0.19234999514083,-0.000548572279512882,-0.569382905960083,2.0903142551699e-06,278528
3848,1,0.192399995139567,0.192399995139567,-0.000547949864994735,-0.571870386600494,2.06291676261228e-06,278528
3849,1,0.192449995138304,0.192449995138304,-0.000548821233678609,-0.575912475585938,2.03547570162157e-06,278528
3850,1,0.192499995137041,0.192499995137041,-0.000547576346434653,-0.577778041362762,2.00809688499149e-06,278528
3851,1,0.192549995135778,0.192549995135778,-0.000545833434443921,-0.581198275089264,1.98080521395874e-06,278528
3852,1,0.192599995134515,0.192599995134515,-0.0005454599740915,-0.583374798297882,1.95353221594314e-06,278528
3853,1,0.192649995133252,0.192649995133252,-0.000543717062100768,-0.586173176765442,1.92634636352487e-06,278528
3854,1,0.192699995131989,0.192699995131989,-0.000541600689757615,-0.587727844715118,1.89926632972109e-06,278528
3855,1,0.192749995130725,0.192749995130725,-0.00053973332978785,-0.590837121009827,1.87227966391344e-06,278528
3856,1,0.192799995129462,0.192799995129462,-0.000536496459972113,-0.593013644218445,1.84545484159248e-06,278528
3857,1,0.192849995128199,0.192849995128199,-0.000535002560354769,-0.595501065254211,1.81870471425051e-06,278528
3858,1,0.192899995126936,0.192899995126936,-0.00053164130076766,-0.598610401153564,1.79212264988365e-06,278528
3859,1,0.192949995125673,0.192949995125673,-0.000528031087014824,-0.599543154239655,1.76572109619986e-06,278528
3860,1,0.19299999512441,0.19299999512441,-0.000525043171364814,-0.602963387966156,1.73946893829481e-06,278528
3861,1,0.193049995123147,0.193049995123147,-0.000520685920491815,-0.604829013347626,1.7134346429279e-06,278528
3862,1,0.193099995121884,0.193099995121884,-0.000517947133630514,-0.606072723865509,1.6875372869006e-06,278528
3863,1,0.193149995120621,0.193149995120621,-0.000513589882757515,-0.608560144901276,1.66185779341144e-06,278528
3864,1,0.193199995119357,0.193199995119357,-0.000508983619511127,-0.609803915023804,1.63640861307878e-06,278528
3865,1,0.193249995118094,0.193249995118094,-0.000504128460306674,-0.611358523368835,1.61120219070022e-06,278528
3866,1,0.193299995116831,0.193299995116831,-0.000499522255267948,-0.613535046577454,1.58622607856777e-06,278528
3867,1,0.193349995115568,0.193349995115568,-0.00049317313823849,-0.615400671958923,1.56156742227877e-06,278528
3868,1,0.193399995114305,0.193399995114305,-0.000488068908452988,-0.616955280303955,1.53716397747261e-06,278528
3869,1,0.193449995113042,0.193449995113042,-0.000482591247418895,-0.618509948253632,1.51303441571123e-06,278528
3870,1,0.193499995111779,0.193499995111779,-0.000476491142762825,-0.620064616203308,1.48920985917494e-06,278528
3871,1,0.193549995110516,0.193549995110516,-0.000469768536277115,-0.621308326721191,1.46572143295446e-06,278528
3872,1,0.193599995109253,0.193599995109253,-0.000462049967609346,-0.622862994670868,1.44261893515761e-06,278528
3873,1,0.19364999510799,0.19364999510799,-0.000456572335679084,-0.625039458274841,1.41979031895035e-06,278528
3874,1,0.193699995106726,0.193699995106726,-0.000448853796115145,-0.625350415706635,1.39734762971155e-06,278528
3875,1,0.193749995105463,0.193749995105463,-0.000442131189629436,-0.626283228397369,1.37524107078853e-06,278528
3876,1,0.1937999951042,0.1937999951042,-0.000434288143878803,-0.627526938915253,1.35352666414314e-06,278528
3877,1,0.193849995102937,0.193849995102937,-0.000426694139605388,-0.628148853778839,1.33219195770184e-06,278528
3878,1,0.193899995101674,0.193899995101674,-0.000418228650232777,-0.629392504692078,1.31128052571846e-06,278528
3879,1,0.193949995100411,0.193949995100411,-0.000410510110668838,-0.630636215209961,1.29075502070354e-06,278528
3880,1,0.193999995099148,0.193999995099148,-0.000402044621296227,-0.631258130073547,1.27065279014655e-06,278528
3881,1,0.194049995097885,0.194049995097885,-0.000393081136280671,-0.631879925727844,1.25099873382902e-06,278528
3882,1,0.194099995096622,0.194099995096622,-0.000384366692742333,-0.632190942764282,1.2317803996774e-06,278528
3883,1,0.194149995095358,0.194149995095358,-0.000373784801922739,-0.632812738418579,1.2130911600534e-06,278528
3884,1,0.194199995094095,0.194199995094095,-0.000365319341653958,-0.634367406368256,1.19482519343213e-06,278528
3885,1,0.194249995092832,0.194249995092832,-0.00035598236718215,-0.634056448936462,1.17702607552267e-06,278528
3886,1,0.194299995091569,0.194299995091569,-0.00034515155130066,-0.634678363800049,1.1597684983936e-06,278528
3887,1,0.194349995090306,0.194349995090306,-0.000335814635036513,-0.633434653282166,1.14297776706594e-06,278528
3888,1,0.194399995089043,0.194399995089043,-0.000325979723129421,-0.634989261627197,1.12667878132122e-06,278528
3889,1,0.19444999508778,0.19444999508778,-0.000314899836666882,-0.63530021905899,1.11093378988563e-06,278528
3890,1,0.194499995086517,0.194499995086517,-0.000305313937133178,-0.63530021905899,1.09566809341461e-06,278528
3891,1,0.194549995085254,0.194549995085254,-0.000293736171443015,-0.635611116886139,1.08098128521348e-06,278528
3892,1,0.194599995083991,0.194599995083991,-0.00028278079116717,-0.633745551109314,1.06684224601231e-06,278528
3893,1,0.194649995082727,0.194649995082727,-0.00027132750255987,-0.634056448936462,1.05327587122703e-06,278528
3894,1,0.194699995081464,0.194699995081464,-0.000259998691035435,-0.634056448936462,1.04027593700366e-06,278528
3895,1,0.194749995080201,0.194749995080201,-0.000249665783485398,-0.634056448936462,1.02779264814475e-06,278528
3896,1,0.194799995078938,0.194799995078938,-0.000237216561799869,-0.633434653282166,1.01593182035438e-06,278528
3897,1,0.194849995077675,0.194849995077675,-0.000225140785914846,-0.633123636245728,1.00467478134302e-06,278528
3898,1,0.194899995076412,0.194899995076412,-0.000214185434742831,-0.631258130073547,9.93965509876415e-07,278528
3899,1,0.194949995075149,0.194949995075149,-0.000203105606487952,-0.632812738418579,9.83810229808561e-07,278528
3900,1,0.194999995073886,0.194999995073886,-0.000190407372429036,-0.630947172641754,9.74289861427614e-07,278528
3901,1,0.195049995072623,0.195049995072623,-0.000177335648913868,-0.629703462123871,9.65423079205915e-07,278528
3902,1,0.195099995071359,0.195099995071359,-0.000165384393767454,-0.629392504692078,9.5715385972644e-07,278528
3903,1,0.195149995070096,0.195149995070096,-0.000152561668073758,-0.628148853778839,9.49525776515454e-07,278528
3904,1,0.195199995068833,0.195199995068833,-0.000139987911097705,-0.626905083656311,9.42526381137388e-07,278528
3905,1,0.19524999506757,0.19524999506757,-0.000126916216686368,-0.626283228397369,9.36180570463378e-07,278528
3906,1,0.195299995066307,0.195299995066307,-0.000114715934614651,-0.623795747756958,9.30444773877544e-07,278528
3907,1,0.195349995065044,0.195349995065044,-0.000101768724562135,-0.62348484992981,9.25356337777982e-07,278528
3908,1,0.195399995063781,0.195399995063781,-8.88214999577031e-05,-0.622552037239075,9.20915262892288e-07,278528
3909,1,0.195449995062518,0.195449995062518,-7.57497909944504e-05,-0.620997369289398,9.17127773438245e-07,278528
3910,1,0.195499995061255,0.195499995061255,-6.20556165813468e-05,-0.62068647146225,9.14024992687561e-07,278528
3911,1,0.195549995059991,0.195549995059991,-4.98553563375026e-05,-0.618199050426483,9.11532224933658e-07,278528
3912,1,0.195599995058728,0.195599995058728,-3.55387201125268e-05,-0.616644322872162,9.09755288972921e-07,278528
3913,1,0.195649995057465,0.195649995057465,-2.28404824156314e-05,-0.614778816699982,9.0861326488099e-07,278528
3914,1,0.195699995056202,0.195699995056202,-8.77283036970766e-06,-0.611980378627777,9.08174623373585e-07,278528
3915,1,0.195749995054939,0.195749995054939,3.42743396686274e-06,-0.611358523368835,9.08345995067599e-07,278528
3916,1,0.195799995053676,0.195799995053676,1.67481321113883e-05,-0.608560144901276,9.09183401652014e-07,278528
3917,1,0.195849995052413,0.195849995052413,3.14382450596895e-05,-0.606383681297302,9.10755313865288e-07,278528
3918,1,0.19589999505115,0.19589999505115,4.30160471296404e-05,-0.605450868606567,9.12906116167437e-07,278528
3919,1,0.195949995049887,0.195949995049887,5.708369644708e-05,-0.603585243225098,9.15760300917688e-07,278528
3920,1,0.195999995048624,0.195999995048624,7.00309101375751e-05,-0.601408779621124,9.1926184633611e-07,278528
3921,1,0.19604999504736,0.19604999504736,8.2853643107228e-05,-0.599232256412506,9.23404528386819e-07,278528
3922,1,0.196099995046097,0.196099995046097,9.741926623974e-05,-0.596122980117798,9.28275491575755e-07,278528
3923,1,0.196149995044834,0.196149995044834,0.00010974402539432,-0.594257354736328,9.33762692706852e-07,278528
3924,1,0.196199995043571,0.196199995043571,0.000122940225992352,-0.592080891132355,9.39909703851183e-07,278528
3925,1,0.196249995042308,0.196249995042308,0.000136385424411856,-0.589593410491943,9.46728974899507e-07,278528
3926,1,0.196299995041045,0.196299995041045,0.000148959152284078,-0.587105989456177,9.5417693232556e-07,278528
3927,1,0.196349995039782,0.196349995039782,0.000161781877977774,-0.584618508815765,9.622660260201e-07,278528
3928,1,0.196399995038519,0.196399995038519,0.000174480126588605,-0.581509232521057,9.70990032129144e-07,278528
3929,1,0.196449995037256,0.196449995037256,0.000187800818821415,-0.579021811485291,9.80380072833002e-07,278528
3930,1,0.196499995035992,0.196499995035992,0.000200001071789302,-0.578710854053497,9.90380126169844e-07,278528
3931,1,0.196549995034729,0.196549995034729,0.000213072780752555,-0.574979722499847,1.00103376493834e-06,278528
3932,1,0.196599995033466,0.196599995033466,0.000225148556637578,-0.571248531341553,1.01229119248583e-06,278528
3933,1,0.196649995032203,0.196649995032203,0.000238344757235609,-0.5681391954422,1.02420843004656e-06,278528
3934,1,0.19669999503094,0.19669999503094,0.000249549077125266,-0.565962731838226,1.03668588358761e-06,278528
3935,1,0.196749995029677,0.196749995029677,0.000261500390479341,-0.563786149024963,1.04976090278128e-06,278528
3936,1,0.196799995028414,0.196799995028414,0.000274323130724952,-0.560055017471313,1.06347705897103e-06,278528
3937,1,0.196849995027151,0.196849995027151,0.000286025402601808,-0.556945741176605,1.07777832873984e-06,278528
3938,1,0.196899995025888,0.196899995025888,0.000296980724669993,-0.553836405277252,1.09262736459822e-06,278528
3939,1,0.196949995024625,0.196949995024625,0.00030868302565068,-0.551038026809692,1.10806151549085e-06,278528
3940,1,0.196999995023361,0.196999995023361,0.000319887360092252,-0.548550605773926,1.12405588309141e-06,278528
3941,1,0.197049995022098,0.197049995022098,0.000331589631969109,-0.546374082565308,1.14063536427103e-06,278528
3942,1,0.197099995020835,0.197099995020835,0.000342295999871567,-0.542331993579865,1.15775016383226e-06,278528
3943,1,0.197149995019572,0.197149995019572,0.000352379895048216,-0.539222657680511,1.17536915813957e-06,278528
3944,1,0.197199995018309,0.197199995018309,0.000363210740033537,-0.535491526126862,1.19352969468248e-06,278528
3945,1,0.197249995017046,0.197249995017046,0.000373792601749301,-0.531760334968567,1.2122193242978e-06,278528
3946,1,0.197299995015783,0.197299995015783,0.000383503007469699,-0.529894769191742,1.23139447418688e-06,278528
3947,1,0.19734999501452,0.19734999501452,0.000393337919376791,-0.527407348155975,1.2510613696589e-06,278528
3948,1,0.197399995013257,0.197399995013257,0.000402923818910494,-0.522743344306946,1.27120756009548e-06,278528
3949,1,0.197449995011993,0.197449995011993,0.000411264831200242,-0.519944965839386,1.29177080113603e-06,278528
3950,1,0.19749999501073,0.19749999501073,0.000420477270381525,-0.516213774681091,1.31279466412399e-06,278528
3951,1,0.197549995009467,0.197549995009467,0.000430312182288617,-0.512793600559235,1.3343102726949e-06,278528
3952,1,0.197599995008204,0.197599995008204,0.000439400144387037,-0.509684264659882,1.35628027935924e-06,278528
3953,1,0.197649995006941,0.197649995006941,0.000446994177764282,-0.506574988365173,1.37862998768285e-06,278528
3954,1,0.197699995005678,0.197699995005678,0.000455335190054029,-0.50346565246582,1.40139674661042e-06,278528
3955,1,0.197749995004415,0.197749995004415,0.000463925156509504,-0.4994235932827,1.4245930038499e-06,278528
3956,1,0.197799995003152,0.197799995003152,0.00047089671716094,-0.496314287185669,1.44813783911316e-06,278528
3957,1,0.197849995001889,0.197849995001889,0.000476996880024672,-0.493204951286316,1.47198768251189e-06,278528
3958,1,0.197899995000625,0.197899995000625,0.00048571135266684,-0.490406602621078,1.49627324953173e-06,278528
3959,1,0.197949994999362,0.197949994999362,0.000492060498800129,-0.486364513635635,1.52087627385021e-06,278528
3960,1,0.197999994998099,0.197999994998099,0.000499903515446931,-0.482322424650192,1.54587144899113e-06,278528
3961,1,0.198049994996836,0.198049994996836,0.000505007687024772,-0.479213118553162,1.57112183270449e-06,278528
3962,1,0.198099994995573,0.198099994995573,0.000511605758219957,-0.47579288482666,1.59670211996927e-06,278528
3963,1,0.19814999499431,0.19814999499431,0.000517456908710301,-0.472372621297836,1.62257496475119e-06,278528
3964,1,0.198199994993047,0.198199994993047,0.000522312126122415,-0.468019604682922,1.64869057039757e-06,278528
3965,1,0.198249994991784,0.198249994991784,0.000527042837347835,-0.466154038906097,1.67504271159925e-06,278528
3966,1,0.198299994990521,0.198299994990521,0.000533143000211567,-0.463044703006744,1.70169986093641e-06,278528
3967,1,0.198349994989258,0.198349994989258,0.000536504318006337,-0.459002614021301,1.72852507615907e-06,278528
3968,1,0.198399994987994,0.198399994987994,0.000540986016858369,-0.455271452665329,1.75557437631866e-06,278528
3969,1,0.198449994986731,0.198449994986731,0.000545592221897095,-0.451851218938828,1.78285398672438e-06,278528
3970,1,0.198499994985468,0.198499994985468,0.000548455573152751,-0.448430985212326,1.81027676468926e-06,278528
3971,1,0.198549994984205,0.198549994984205,0.000552688317839056,-0.446565419435501,1.83791117988311e-06,278528
3972,1,0.198599994982942,0.198599994982942,0.0005541822174564,-0.443456083536148,1.86562029005594e-06,278528
3973,1,0.198649994981679,0.198649994981679,0.000556423095986247,-0.439103066921234,1.89344144415243e-06,278528
3974,1,0.198699994980416,0.198699994980416,0.00055953545961529,-0.435682833194733,1.92141821642644e-06,278528
3975,1,0.198749994979153,0.198749994979153,0.000562025292310864,-0.432884454727173,1.94951948033208e-06,278528
3976,1,0.19879999497789,0.19879999497789,0.000563643698114902,-0.429775148630142,1.97770166452589e-06,278528
3977,1,0.198849994976626,0.198849994976626,0.00056463957298547,-0.42604398727417,2.00593364246196e-06,278528
3978,1,0.198899994975363,0.198899994975363,0.00056663149734959,-0.42324560880661,2.03426521661372e-06,278528
3979,1,0.1989499949741,0.1989499949741,0.000565760012250394,-0.421069115400314,2.06255321651163e-06,278528
3980,1,0.198999994972837,0.198999994972837,0.000567502866033465,-0.41640517115593,2.09092835909649e-06,278528
3981,1,0.199049994971574,0.199049994971574,0.000567751936614513,-0.413917720317841,2.11931595521008e-06,278528
3982,1,0.199099994970311,0.199099994970311,0.00056800089078024,-0.410497456789017,2.14771599903165e-06,278528
3983,1,0.199149994969048,0.199149994969048,0.000566880451515317,-0.40801003575325,2.17606002089138e-06,278528
3984,1,0.199199994967785,0.199199994967785,0.000565386551897973,-0.406144440174103,2.20432934777214e-06,278528
3985,1,0.199249994966522,0.199249994966522,0.000566008966416121,-0.40210235118866,2.23262979537801e-06,278528
3986,1,0.199299994965259,0.199299994965259,0.000563519191928208,-0.399303942918777,2.26080575426264e-06,278528
3987,1,0.199349994963995,0.199349994963995,0.000562149740289897,-0.39650559425354,2.28891324056708e-06,278528
3988,1,0.199399994962732,0.199399994962732,0.000560282322112471,-0.394329100847244,2.31692735596501e-06,278528
3989,1,0.199449994961469,0.199449994961469,0.000558166007976979,-0.391841650009155,2.34483565565883e-06,278528
3990,1,0.199499994960206,0.199499994960206,0.000556672050151974,-0.389043271541595,2.3726692574633e-06,278528
3991,1,0.199549994958943,0.199549994958943,0.000553061778191477,-0.386555820703506,2.4003223456743e-06,278528
3992,1,0.19959999495768,0.19959999495768,0.000550198485143483,-0.384068369865417,2.42783226923651e-06,278528
3993,1,0.199649994956417,0.199649994956417,0.000547833100426942,-0.382513731718063,2.45522392356589e-06,278528
3994,1,0.199699994955154,0.199699994955154,0.000543102389201522,-0.379404425621033,2.48237904233997e-06,278528
3995,1,0.199749994953891,0.199749994953891,0.000539492117241025,-0.376606047153473,2.50935364752058e-06,278528
3996,1,0.199799994952627,0.199799994952627,0.000535010418388993,-0.373807668685913,2.53610416776426e-06,278528
3997,1,0.199849994951364,0.199849994951364,0.00053090212168172,-0.372563928365707,2.56264927317776e-06,278528
3998,1,0.199899994950101,0.199899994950101,0.000526669376995414,-0.370076507329941,2.58898274136229e-06,278528
3999,1,0.199949994948838,0.199949994948838,0.000521067180670798,-0.367589056491852,2.61503609973766e-06,278528
4000,1,0.199999994947575,0.199999994947575,0.000516460975632071,-0.365723490715027,2.64085914786692e-06,278528
4001,1,0.200049994946312,0.200049994946312,0.00051098334370181,-0.362925112247467,2.66640831440659e-06,278528
4002,1,0.200099994945049,0.200099994945049,0.000505007687024772,-0.361370444297791,2.69165869811995e-06,278528
4003,1,0.200149994943786,0.200149994943786,0.000499405548907816,-0.360126703977585,2.71662897493454e-06,278528
4004,1,0.200199994942523,0.200199994942523,0.000493305386044085,-0.357639253139496,2.74129424361364e-06,278528
4005,1,0.20024999494126,0.20024999494126,0.000486831762827933,-0.356395572423935,2.76563583114012e-06,278528
4006,1,0.200299994939996,0.200299994939996,0.000480607151985168,-0.354840904474258,2.78966618813232e-06,278528
4007,1,0.200349994938733,0.200349994938733,0.000472515152068809,-0.352353453636169,2.81329194513892e-06,278528
4008,1,0.20039999493747,0.20039999493747,0.000466788478661329,-0.351109713315964,2.83663136848239e-06,278528
4009,1,0.200449994936207,0.200449994936207,0.000459567934740335,-0.349866032600403,2.85960976463892e-06,278528
4010,1,0.200499994934944,0.200499994934944,0.000451102416263893,-0.348000437021255,2.88216488488233e-06,278528
4011,1,0.200549994933681,0.200549994933681,0.000443757366156206,-0.346445769071579,2.90435275262962e-06,278528
4012,1,0.200599994932418,0.200599994932418,0.000435042922617868,-0.346445769071579,2.92610489821101e-06,278528
4013,1,0.200649994931155,0.200649994931155,0.000426079466706142,-0.344580173492432,2.94740887100813e-06,278528
4014,1,0.200699994929892,0.200699994929892,0.000418485404225066,-0.343025535345078,2.9683331406908e-06,278528
4015,1,0.200749994928628,0.200749994928628,0.000409646425396204,-0.342714637517929,2.98881546144318e-06,278528
4016,1,0.200799994927365,0.200799994927365,0.000401803437853232,-0.340849041938782,3.00890563282832e-06,278528
4017,1,0.200849994926102,0.200849994926102,0.00039196852594614,-0.340849041938782,3.02850405863053e-06,278528
4018,1,0.200899994924839,0.200899994924839,0.000382631551474333,-0.338361591100693,3.04763563572094e-06,278528
4019,1,0.200949994923576,0.200949994923576,0.000374290568288416,-0.3380506336689,3.06635016366259e-06,278528
4020,1,0.200999994922313,0.200999994922313,0.00036433117929846,-0.337428778409958,3.08456672216733e-06,278528
4021,1,0.20104999492105,0.20104999492105,0.000353624811396003,-0.338361591100693,3.10224796229046e-06,278528
4022,1,0.201099994919787,0.201099994919787,0.000344287866028026,-0.337117880582809,3.11946235515699e-06,278528
4023,1,0.201149994918524,0.201149994918524,0.000335075426846743,-0.335252285003662,3.13621612607609e-06,278528
4024,1,0.20119999491726,0.20119999491726,0.000323746586218476,-0.335563242435455,3.15240345497809e-06,278528
4025,1,0.201249994915997,0.201249994915997,0.00031440966995433,-0.33463042974472,3.16812393807867e-06,278528
4026,1,0.201299994914734,0.201299994914734,0.000304076791508123,-0.335563242435455,3.18332777727e-06,278528
4027,1,0.201349994913471,0.201349994913471,0.000292623473796993,-0.336185097694397,3.19795895059023e-06,278528
4028,1,0.201399994912208,0.201399994912208,0.000283162051346153,-0.334941357374191,3.21211705279988e-06,278528
4029,1,0.201449994910945,0.201449994910945,0.000271335302386433,-0.334008544683456,3.22568381757647e-06,278528
4030,1,0.201499994909682,0.201499994909682,0.000261002394836396,-0.334008544683456,3.23873393698862e-06,278528
4031,1,0.201549994908419,0.201549994908419,0.000249424600042403,-0.33463042974472,3.25120516667569e-06,278528
4032,1,0.201599994907156,0.201599994907156,0.000239091721596196,-0.335252285003662,3.2631597524535e-06,278528
4033,1,0.201649994905893,0.201649994905893,0.000228385368245654,-0.335252285003662,3.27457902057731e-06,278528
4034,1,0.201699994904629,0.201699994904629,0.000216309577808715,-0.336185097694397,3.28539449919452e-06,278528
4035,1,0.201749994903366,0.201749994903366,0.000204980780836195,-0.337428778409958,3.29564353797742e-06,278528
4036,1,0.201799994902103,0.201799994902103,0.000194398919120431,-0.337428778409958,3.3053634836879e-06,278528
4037,1,0.20184999490084,0.20184999490084,0.000181451701791957,-0.338672518730164,3.3144360685483e-06,278528
4038,1,0.201899994899577,0.201899994899577,0.000170994317159057,-0.339294373989105,3.32298578419027e-06,278528
4039,1,0.201949994898314,0.201949994898314,0.000158918555825949,-0.339294373989105,3.33093171178084e-06,278528
4040,1,0.201999994897051,0.201999994897051,0.000147589729749598,-0.339916229248047,3.3383111980819e-06,278528
4041,1,0.202049994895788,0.202049994895788,0.000135762951686047,-0.341470897197723,3.34509934549472e-06,278528
4042,1,0.202099994894525,0.202099994894525,0.000124683123431168,-0.341781824827194,3.35133350150879e-06,278528
4043,1,0.202149994893261,0.202149994893261,0.000111984889372252,-0.343025535345078,3.35693274583595e-06,278528
4044,1,0.202199994891998,0.202199994891998,9.96601302176714e-05,-0.342714637517929,3.36191575222095e-06,278528
4045,1,0.202249994890735,0.202249994890735,8.79578365129419e-05,-0.345202058553696,3.3663136439355e-06,278528
4046,1,0.202299994889472,0.202299994889472,7.61310584493913e-05,-0.346134871244431,3.37012019676181e-06,278528
4047,1,0.202349994888209,0.202349994888209,6.41797669231892e-05,-0.346445769071579,3.3733291850269e-06,278528
4048,1,0.202399994886946,0.202399994886946,5.21039983141236e-05,-0.349244177341461,3.37593438487679e-06,278528
4049,1,0.202449994885683,0.202449994885683,3.91567773476709e-05,-0.351420670747757,3.37789222369472e-06,278528
4050,1,0.20249999488442,0.20249999488442,2.82014389085816e-05,-0.351731598377228,3.37930229560453e-06,278528
4051,1,0.202549994883157,0.202549994883157,1.5378711395897e-05,-0.354219049215317,3.3800712311549e-06,278528
4052,1,0.202599994881894,0.202599994881894,3.17844887831598e-06,-0.3554627597332,3.3802301535948e-06,278528
4053,1,0.20264999488063,0.20264999488063,-8.5238452811609e-06,-0.357017397880554,3.37980396134151e-06,278528
4054,1,0.202699994879367,0.202699994879367,-2.04751231649425e-05,-0.360126703977585,3.37878020520912e-06,278528
4055,1,0.202749994878104,0.202749994878104,-3.31733572238591e-05,-0.360437661409378,3.37712153738983e-06,278528
4056,1,0.202799994876841,0.202799994876841,-4.37552225776017e-05,-0.362925112247467,3.37493377631622e-06,278528
4057,1,0.202849994875578,0.202849994875578,-5.49595461052377e-05,-0.365101605653763,3.37218579908037e-06,278528
4058,1,0.202899994874315,0.202899994874315,-6.82802419760264e-05,-0.36696720123291,3.36877178706782e-06,278528
4059,1,0.202949994873052,0.202949994873052,-7.9982535680756e-05,-0.36976557970047,3.36477266038481e-06,278528
4060,1,0.202999994871789,0.202999994871789,-9.16848293854855e-05,-0.371320217847824,3.36018841903134e-06,278528
4061,1,0.203049994870526,0.203049994870526,-0.000104134080174845,-0.372563928365707,3.35498171515413e-06,278528
4062,1,0.203099994869262,0.203099994869262,-0.000114715934614651,-0.37536233663559,3.3492459185683e-06,278528
4063,1,0.203149994867999,0.203149994867999,-0.000126667218864895,-0.377538830041885,3.34291255778504e-06,278528
4064,1,0.203199994866736,0.203199994866736,-0.000137871538754553,-0.380648136138916,3.33601898102146e-06,278528
4065,1,0.203249994865473,0.203249994865473,-0.000149698331370018,-0.382824659347534,3.32853406464205e-06,278528
4066,1,0.20329999486421,0.20329999486421,-0.000160653667990118,-0.38500115275383,3.32050138144546e-06,278528
4067,1,0.203349994862947,0.203349994862947,-0.000172480460605584,-0.386866748332977,3.31187735863305e-06,278528
4068,1,0.203399994861684,0.203399994861684,-0.00018380927213002,-0.391530692577362,3.30268689525872e-06,278528
4069,1,0.203449994860421,0.203449994860421,-0.000195013592019677,-0.392774403095245,3.29293621590406e-06,278528
4070,1,0.203499994859158,0.203499994859158,-0.000206466909730807,-0.395883738994598,3.2826128706783e-06,278528
4071,1,0.203549994857894,0.203549994857894,-0.000217048771446571,-0.399303942918777,3.27176043238013e-06,278528
4072,1,0.203599994856631,0.203599994856631,-0.000227630633162335,-0.401791393756866,3.26037890100954e-06,278528
4073,1,0.203649994855368,0.203649994855368,-0.00023808800324332,-0.404589772224426,3.2484745011481e-06,278528
4074,1,0.203699994854105,0.203699994854105,-0.000248669850407168,-0.406766295433044,3.23604100894184e-06,278528
4075,1,0.203749994852842,0.203749994852842,-0.00025950072449632,-0.409564673900604,3.2230659730448e-06,278528
4076,1,0.203799994851579,0.203799994851579,-0.000269709096755832,-0.412673979997635,3.20958051854768e-06,278528
4077,1,0.203849994850316,0.203849994850316,-0.000280166452284902,-0.41640517115593,3.19557219628731e-06,278528
4078,1,0.203899994849053,0.203899994849053,-0.000289503397652879,-0.418892562389374,3.18109702677034e-06,278528
4079,1,0.20394999484779,0.20394999484779,-0.000300085259368643,-0.421690970659256,3.16609276418095e-06,278528
4080,1,0.203999994846527,0.203999994846527,-0.000309297698549926,-0.424800246953964,3.15062787964413e-06,278528
4081,1,0.204049994845263,0.204049994845263,-0.000319008104270324,-0.42884236574173,3.13467747483356e-06,278528
4082,1,0.204099994844,0.204099994844,-0.000328594062011689,-0.431018888950348,3.11824777214802e-06,278528
4083,1,0.204149994842737,0.204149994842737,-0.000338553421897814,-0.435371905565262,3.10132010148076e-06,278528
4084,1,0.204199994841474,0.204199994841474,-0.000347018940374255,-0.438170284032822,3.08396915490037e-06,278528
4085,1,0.204249994840211,0.204249994840211,-0.000356106873368844,-0.441590517759323,3.06616381168173e-06,278528
4086,1,0.204299994838948,0.204299994838948,-0.000365319341653958,-0.444699823856354,3.04789784506047e-06,278528
4087,1,0.204349994837685,0.204349994837685,-0.000372913345927373,-0.447498172521591,3.02925217823513e-06,278528
4088,1,0.204399994836422,0.204399994836422,-0.000382499332772568,-0.450607508420944,3.01012721207964e-06,278528
4089,1,0.204449994835159,0.204449994835159,-0.000391089270124212,-0.453094959259033,2.99057274906741e-06,278528
4090,1,0.204499994833895,0.204499994833895,-0.000398807809688151,-0.45838075876236,2.97063235908674e-06,278528
4091,1,0.204549994832632,0.204549994832632,-0.000406899838708341,-0.460557252168655,2.95028736766528e-06,278528
4092,1,0.204599994831369,0.204599994831369,-0.00041461834916845,-0.46428844332695,2.92955645073057e-06,278528
4093,1,0.204649994830106,0.204649994830106,-0.000422087876359001,-0.466775894165039,2.90845205744576e-06,278528
4094,1,0.204699994828843,0.204699994828843,-0.000430055399192497,-0.471128880977631,2.88694928802934e-06,278528
4095,1,0.20474999482758,0.20474999482758,-0.000437026988947764,-0.473927289247513,2.86509793913396e-06,278528
4096,1,0.204799994826317,0.204799994826317,-0.000443998578703031,-0.477036565542221,2.84289801075963e-06,278528
4097,1,0.204849994825054,0.204849994825054,-0.000450347695732489,-0.480456829071045,2.82038062654184e-06,278528
4098,1,0.204899994823791,0.204899994823791,-0.000457194779301062,-0.484809845685959,2.79752088815427e-06,278528
4099,1,0.204949994822528,0.204949994822528,-0.000464290846139193,-0.488541007041931,2.77430634643376e-06,278528
4100,1,0.204999994821264,0.204999994821264,-0.000469644030090421,-0.490717500448227,2.75082414552245e-06,278528
4101,1,0.205049994820001,0.205049994820001,-0.000475495180580765,-0.494448691606522,2.72704938709401e-06,278528
4102,1,0.205099994818738,0.205099994818738,-0.000481470837257802,-0.498801738023758,2.70297584583927e-06,278528
4103,1,0.205149994817475,0.205149994817475,-0.000486948498291895,-0.501911044120789,2.67862842153974e-06,278528
4104,1,0.205199994816212,0.205199994816212,-0.000493920058943331,-0.50533127784729,2.65393241921645e-06,278528
4105,1,0.205249994814949,0.205249994814949,-0.00049790384946391,-0.507818698883057,2.62903722737216e-06,278528
4106,1,0.205299994813686,0.205299994813686,-0.000502385606523603,-0.511238932609558,2.60391794768055e-06,278528
4107,1,0.205349994812423,0.205349994812423,-0.000506867305375636,-0.51465916633606,2.57857458305199e-06,278528
4108,1,0.20539999481116,0.20539999481116,-0.00051172252278775,-0.517768502235413,2.55298845755897e-06,278528
4109,1,0.205449994809896,0.205449994809896,-0.000516702246386558,-0.520877778530121,2.52715334589229e-06,278528
4110,1,0.205499994808633,0.205499994808633,-0.000519690045621246,-0.523987054824829,2.50116884426765e-06,278528
4111,1,0.20554999480737,0.20554999480737,-0.000522553396876901,-0.528651058673859,2.47504117508385e-06,278528
4112,1,0.205599994806107,0.205599994806107,-0.000526661635376513,-0.531760334968567,2.44870809398025e-06,278528
4113,1,0.205649994804844,0.205649994804844,-0.000530520861502737,-0.53486967086792,2.42218205157522e-06,278528
4114,1,0.205699994803581,0.205699994803581,-0.000532886246219277,-0.537667989730835,2.39553773993734e-06,278528
4115,1,0.205749994802318,0.205749994802318,-0.000536994484718889,-0.540155470371246,2.36868801637968e-06,278528
4116,1,0.205799994801055,0.205799994801055,-0.000538363878149539,-0.543886661529541,2.34176982315221e-06,278528
4117,1,0.205849994799792,0.205849994799792,-0.000539982283953577,-0.547617793083191,2.31477070963659e-06,278528
4118,1,0.205899994798528,0.205899994798528,-0.000542472174856812,-0.549483358860016,2.28764710157895e-06,278528
4119,1,0.205949994797265,0.205949994797265,-0.000543343543540686,-0.552592694759369,2.26047992508822e-06,278528
4120,1,0.205999994796002,0.205999994796002,-0.000545335467904806,-0.556323826313019,2.23321315238179e-06,278528
4121,1,0.206049994794739,0.206049994794739,-0.000545957940630615,-0.559122204780579,2.20591525603986e-06,278528
4122,1,0.206099994793476,0.206099994793476,-0.000546580413356423,-0.561920642852783,2.17858623606243e-06,278528
4123,1,0.206149994792213,0.206149994792213,-0.000547949864994735,-0.565029919147491,2.15118874350481e-06,278528
4124,1,0.20619999479095,0.20619999479095,-0.000547700852621347,-0.566895484924316,2.12380370156555e-06,278528
4125,1,0.206249994789687,0.206249994789687,-0.000547949864994735,-0.57093757390976,2.09640620900793e-06,278528
4126,1,0.206299994788424,0.206299994788424,-0.000547451840247959,-0.573114097118378,2.06903361768703e-06,278528
4127,1,0.206349994787161,0.206349994787161,-0.000546829425729811,-0.575601577758789,2.04169214709124e-06,278528
4128,1,0.206399994785897,0.206399994785897,-0.000546206894796342,-0.578399896621704,2.01438180304134e-06,278528
4129,1,0.206449994784634,0.206449994784634,-0.000544837443158031,-0.581509232521057,1.98713993157163e-06,278528
4130,1,0.206499994783371,0.206499994783371,-0.000542845635209233,-0.58275294303894,1.95999765049684e-06,278528
4131,1,0.206549994782108,0.206549994782108,-0.000542347668670118,-0.586795032024384,1.93288026774837e-06,278528
4132,1,0.206599994780845,0.206599994780845,-0.000540106790140271,-0.589593410491943,1.90587492892357e-06,278528
4133,1,0.206649994779582,0.206649994779582,-0.000537616957444698,-0.591458976268768,1.8789940817304e-06,278528
4134,1,0.206699994778319,0.206699994778319,-0.000535002560354769,-0.59394645690918,1.85224395438843e-06,278528
4135,1,0.206749994777056,0.206749994777056,-0.00053164130076766,-0.595501065254211,1.82566189002157e-06,278528
4136,1,0.206799994775793,0.206799994775793,-0.000530894380062819,-0.597988545894623,1.799117171689e-06,278528
4137,1,0.206849994774529,0.206849994774529,-0.00052691058954224,-0.601097881793976,1.77277164287743e-06,278528
4138,1,0.206899994773266,0.206899994773266,-0.000523175811395049,-0.602652490139008,1.74661285296851e-06,278528
4139,1,0.206949994772003,0.206949994772003,-0.000519938999786973,-0.603896200656891,1.7206159036359e-06,278528
4140,1,0.20699999477074,0.20699999477074,-0.000514585815835744,-0.607005536556244,1.69488661349409e-06,278528
4141,1,0.207049994769477,0.207049994769477,-0.000511971476953477,-0.60949295759201,1.66928804029309e-06,278528
4142,1,0.207099994768214,0.207099994768214,-0.000506742799188942,-0.611358523368835,1.64395090097371e-06,278528
4143,1,0.207149994766951,0.207149994766951,-0.000501763075590134,-0.612602233886719,1.61886274782798e-06,278528
4144,1,0.207199994765688,0.207199994765688,-0.000497530330903828,-0.613846004009247,1.59398623191123e-06,278528
4145,1,0.207249994764425,0.207249994764425,-0.000491803686600178,-0.616333425045013,1.56939604820242e-06,278528
4146,1,0.207299994763162,0.207299994763162,-0.000485952536109835,-0.617266237735748,1.54509842201073e-06,278528
4147,1,0.207349994761898,0.207349994761898,-0.000479603448184207,-0.619131803512573,1.52111825020731e-06,278528
4148,1,0.207399994760635,0.207399994760635,-0.000473876774776727,-0.62068647146225,1.49742441206704e-06,278528
4149,1,0.207449994759372,0.207449994759372,-0.000466282712295651,-0.62161922454834,1.47411027704122e-06,278528
4150,1,0.207499994758109,0.207499994758109,-0.000459684641100466,-0.6244176030159,1.45112604556682e-06,278528
4151,1,0.207549994756846,0.207549994756846,-0.000453211046988145,-0.624728560447693,1.42846549378987e-06,278528
4152,1,0.207599994755583,0.207599994755583,-0.000444870034698397,-0.625972270965576,1.40622199261687e-06,278528
4153,1,0.20764999475432,0.20764999475432,-0.000438769930042326,-0.626905083656311,1.38428349666897e-06,278528
4154,1,0.207699994753057,0.207699994753057,-0.000430179934483021,-0.628148853778839,1.36277450048818e-06,278528
4155,1,0.207749994751794,0.207749994751794,-0.000423955294536427,-0.629703462123871,1.34157673629686e-06,278528
4156,1,0.20779999475053,0.20779999475053,-0.000414867332438007,-0.628770649433136,1.32083337019898e-06,278528
4157,1,0.207849994749267,0.207849994749267,-0.000407771265599877,-0.630947172641754,1.30044480743404e-06,278528
4158,1,0.207899994748004,0.207899994748004,-0.000398683303501457,-0.631879925727844,1.28051064276255e-06,278528
4159,1,0.207949994746741,0.207949994746741,-0.00038934638723731,-0.632501840591431,1.26104332389247e-06,278528
4160,1,0.207999994745478,0.207999994745478,-0.000381378864403814,-0.632501840591431,1.241974381154e-06,278528
4161,1,0.208049994744215,0.208049994744215,-0.000371419446310028,-0.632501840591431,1.22340340930764e-06,278528
4162,1,0.208099994742952,0.208099994742952,-0.000362829508958384,-0.633434653282166,1.20526193431801e-06,278528
4163,1,0.208149994741689,0.208149994741689,-0.000353119074134156,-0.634056448936462,1.18760598105733e-06,278528
4164,1,0.208199994740426,0.208199994740426,-0.000342163722962141,-0.634367406368256,1.17049779534142e-06,278528
4165,1,0.208249994739163,0.208249994739163,-0.000333075789967552,-0.634678363800049,1.15384400626375e-06,278528
4166,1,0.208299994737899,0.208299994737899,-0.000321871426422149,-0.634367406368256,1.1377504353492e-06,278528
4167,1,0.208349994736636,0.208349994736636,-0.000313281459966674,-0.634989261627197,1.12208636274657e-06,278528
4168,1,0.208399994735373,0.208399994735373,-0.00030133017571643,-0.634678363800049,1.10701985434136e-06,278528
4169,1,0.20844999473411,0.20844999473411,-0.000290499330731109,-0.634056448936462,1.09249488817174e-06,278528
4170,1,0.208499994732847,0.208499994732847,-0.000281411368632689,-0.634989261627197,1.07842432009556e-06,278528
4171,1,0.208549994731584,0.208549994731584,-0.000270207063294947,-0.634367406368256,1.06491396727211e-06,278528
4172,1,0.208599994730321,0.208599994730321,-0.000258006795775145,-0.634989261627197,1.05201362780924e-06,278528
4173,1,0.208649994729058,0.208649994729058,-0.000244686118094251,-0.634678363800049,1.03977932221359e-06,278528
4174,1,0.208699994727795,0.208699994727795,-0.000234975683270022,-0.634056448936462,1.02803053834689e-06,278528
4175,1,0.208749994726531,0.208749994726531,-0.000222526447032578,-0.632812738418579,1.01690421627634e-06,278528
4176,1,0.208799994725268,0.208799994725268,-0.000211446604225785,-0.632812738418579,1.00633188633213e-06,278528
4177,1,0.208849994724005,0.208849994724005,-0.000199370828340761,-0.632190942764282,9.96363345166918e-07,278528
4178,1,0.208899994722742,0.208899994722742,-0.000186921592103317,-0.630325317382813,9.87017265797854e-07,278528
4179,1,0.208949994721479,0.208949994721479,-0.000173476393683814,-0.629392504692078,9.78343446332782e-07,278528
4180,1,0.208999994720216,0.208999994720216,-0.000162272073794156,-0.629081547260284,9.70229842848041e-07,278528
4181,1,0.209049994718953,0.209049994718953,-0.00015007182082627,-0.627837836742401,9.62726251996284e-07,278528
4182,1,0.20909999471769,0.20909999471769,-0.000137000097311102,-0.627837836742401,9.55876247303775e-07,278528
4183,1,0.209149994716427,0.209149994716427,-0.000124301863252185,-0.626594126224518,9.49661154298172e-07,278528
4184,1,0.209199994715163,0.209199994715163,-0.000110483197204303,-0.624728560447693,9.44136994577509e-07,278528
4185,1,0.2092499947139,0.2092499947139,-9.94033616734669e-05,-0.623795747756958,9.39166826619393e-07,278528
4186,1,0.209299994712637,0.209299994712637,-8.50867290864699e-05,-0.621930181980133,9.34912490272543e-07,278528
4187,1,0.209349994711374,0.209349994711374,-7.23884877515957e-05,-0.620375514030457,9.31293065976398e-07,278528
4188,1,0.209399994710111,0.209399994710111,-5.86943206144497e-05,-0.618820905685425,9.28358350019812e-07,278528
4189,1,0.209449994708848,0.209449994708848,-4.53736211056821e-05,-0.617266237735748,9.2608966902184e-07,278528
4190,1,0.209499994707585,0.209499994707585,-3.37958190357313e-05,-0.61602246761322,9.24399878112741e-07,278528
4191,1,0.209549994706322,0.209549994706322,-2.05996166187106e-05,-0.61415696144104,9.23369897307825e-07,278528
4192,1,0.209599994705059,0.209599994705059,-6.6564580265549e-06,-0.61229133605957,9.23037074414905e-07,278528
4193,1,0.209649994703796,0.209649994703796,5.66829885428888e-06,-0.611358523368835,9.2332048935046e-07,278528
4194,1,0.209699994702532,0.209699994702532,2.03584131668322e-05,-0.608249247074127,9.24338409983087e-07,278528
4195,1,0.209749994701269,0.209749994701269,3.40525875799358e-05,-0.607316434383392,9.26041039319071e-07,278528
4196,1,0.209799994700006,0.209799994700006,4.62528514617588e-05,-0.605139970779419,9.28353681833737e-07,278528
4197,1,0.209849994698743,0.209849994698743,5.88265938858967e-05,-0.603274345397949,9.31295011453728e-07,278528
4198,1,0.20989999469748,0.20989999469748,7.22717813914642e-05,-0.600475966930389,9.34908600432014e-07,278528
4199,1,0.209949994696217,0.209949994696217,8.59659558045678e-05,-0.599232256412506,9.39206898113658e-07,278528
4200,1,0.209999994694954,0.209999994694954,9.82907076831907e-05,-0.595812022686005,9.44121433373666e-07,278528
4201,1,0.210049994693691,0.210049994693691,0.000112482855911367,-0.593324601650238,9.49745576027157e-07,278528
4202,1,0.210099994692428,0.210099994692428,0.000125679056509398,-0.590526163578033,9.5602952869388e-07,278528
4203,1,0.210149994691164,0.210149994691164,0.000138128307298757,-0.58928245306015,9.62935943884348e-07,278528
4204,1,0.210199994689901,0.210199994689901,0.000151324507896788,-0.587416887283325,9.70502169088048e-07,278528
4205,1,0.210249994688638,0.210249994688638,0.000164894197951071,-0.584307610988617,9.78746878777323e-07,278528
4206,1,0.210299994687375,0.210299994687375,0.00017833938181866,-0.581820130348206,9.87663847642994e-07,278528
4207,1,0.210349994686112,0.210349994686112,0.000189792699529789,-0.578710854053497,9.97153482379755e-07,278528
4208,1,0.210399994684849,0.210399994684849,0.000202615425223485,-0.576223373413086,1.007284253385e-06,278528
4209,1,0.210449994683586,0.210449994683586,0.000214566694921814,-0.574979722499847,1.01801258786007e-06,278528
4210,1,0.210499994682323,0.210499994682323,0.00022776291007176,-0.570315718650818,1.02940073307597e-06,278528
4211,1,0.21054999468106,0.21054999468106,0.000239465196500532,-0.568761050701141,1.04137399259853e-06,278528
4212,1,0.210599994679797,0.210599994679797,0.000250545010203496,-0.565029919147491,1.05390124279224e-06,278528
4213,1,0.210649994678533,0.210649994678533,0.00026349222753197,-0.56254243850708,1.06707585383602e-06,278528
4214,1,0.21069999467727,0.21069999467727,0.00027494557434693,-0.55974406003952,1.08082313220608e-06,278528
4215,1,0.210749994676007,0.210749994676007,0.000287145812762901,-0.556634783744812,1.09518042248153e-06,278528
4216,1,0.210799994674744,0.210799994674744,0.000298723636660725,-0.554147362709045,1.11011660393725e-06,278528
4217,1,0.210849994673481,0.210849994673481,0.000309180992189795,-0.550416171550751,1.12557565315621e-06,278528
4218,1,0.210899994672218,0.210899994672218,0.000321132247336209,-0.547928750514984,1.1416322651174e-06,278528
4219,1,0.210949994670955,0.210949994670955,0.000331714109051973,-0.544508516788483,1.158217970151e-06,278528
4220,1,0.210999994669692,0.210999994669692,0.000342669489327818,-0.543264746665955,1.17535144418457e-06,278528
4221,1,0.211049994668429,0.211049994668429,0.000354745250660926,-0.537978947162628,1.19308870626953e-06,278528
4222,1,0.211099994667165,0.211099994667165,0.000364082196028903,-0.535180568695068,1.2112928156111e-06,278528
4223,1,0.211149994665902,0.211149994665902,0.000373917107935995,-0.531449437141418,1.22998867053561e-06,278528
4224,1,0.211199994664639,0.211199994664639,0.000385370396543294,-0.528651058673859,1.24925718987601e-06,278528
4225,1,0.211249994663376,0.211249994663376,0.000394582835724577,-0.524919867515564,1.26898633116383e-06,278528
4226,1,0.211299994662113,0.211299994662113,0.000404666730901226,-0.521810591220856,1.28921966719776e-06,278528
4227,1,0.21134999466085,0.21134999466085,0.000414128182455897,-0.519012212753296,1.30992607579747e-06,278528
4228,1,0.211399994659587,0.211399994659587,0.000421971169998869,-0.515281021595001,1.33102463376441e-06,278528
4229,1,0.211449994658324,0.211449994658324,0.000430685671744868,-0.511238932609558,1.35255891680766e-06,278528
4230,1,0.211499994657061,0.211499994657061,0.000440645060734823,-0.508129596710205,1.37459116928782e-06,278528
4231,1,0.211549994655797,0.211549994655797,0.000448861566837877,-0.505020320415497,1.39703424706275e-06,278528
4232,1,0.211599994654534,0.211599994654534,0.000455833156593144,-0.50253289937973,1.41982590431664e-06,278528
4233,1,0.211649994653271,0.211649994653271,0.000465045595774427,-0.4994235932827,1.44307818351796e-06,278528
4234,1,0.211699994652008,0.211699994652008,0.000471768173156306,-0.495070546865463,1.46666659157988e-06,278528
4235,1,0.211749994650745,0.211749994650745,0.000479611218906939,-0.492583096027374,1.49064715191943e-06,278528
4236,1,0.211799994649482,0.211799994649482,0.000486831762827933,-0.488541007041931,1.51498873944591e-06,278528
4237,1,0.211849994648219,0.211849994648219,0.000493803410790861,-0.484498918056488,1.53967890936172e-06,278528
4238,1,0.211899994646956,0.211899994646956,0.000500027963425964,-0.480456829071045,1.56468030690143e-06,278528
4239,1,0.211949994645693,0.211949994645693,0.000505754665937275,-0.477969378232956,1.58996803955947e-06,278528
4240,1,0.21199999464443,0.21199999464443,0.000511481252033263,-0.474238216876984,1.61554210151508e-06,278528
4241,1,0.212049994643166,0.212049994643166,0.000518203887622803,-0.471439838409424,1.64145229524168e-06,278528
4242,1,0.212099994641903,0.212099994641903,0.000522436632309109,-0.468019604682922,1.66757412619724e-06,278528
4243,1,0.21214999464064,0.21214999464064,0.000527291849721223,-0.464910298585892,1.69393871801727e-06,278528
4244,1,0.212199994639377,0.212199994639377,0.000531649042386562,-0.460868209600449,1.72052116946507e-06,278528
4245,1,0.212249994638114,0.212249994638114,0.000536877778358757,-0.45869168639183,1.74736505770488e-06,278528
4246,1,0.212299994636851,0.212299994636851,0.000541732937563211,-0.454649597406387,1.77445170389877e-06,278528
4247,1,0.212349994635588,0.212349994635588,0.000543102389201522,-0.452162146568298,1.80160682267285e-06,278528
4248,1,0.212399994634325,0.212399994634325,0.000547957606613636,-0.447498172521591,1.8290047023114e-06,278528
4249,1,0.212449994633062,0.212449994633062,0.000551941338926554,-0.445321679115295,1.85660176856057e-06,278528
4250,1,0.212499994631798,0.212499994631798,0.000554306723643094,-0.441590517759323,1.88431710404258e-06,278528
4251,1,0.212549994630535,0.212549994630535,0.000556672050151974,-0.438170284032822,1.91215070584704e-06,278528
4252,1,0.212599994629272,0.212599994629272,0.000558414962142706,-0.435060977935791,1.94007145324884e-06,278528
4253,1,0.212649994628009,0.212649994628009,0.000561029301024973,-0.431951642036438,1.96812291759145e-06,278528
4254,1,0.212699994626746,0.212699994626746,0.000562647706829011,-0.42884236574173,1.99625530222221e-06,278528
4255,1,0.212749994625483,0.212749994625483,0.000563892652280629,-0.424800246953964,2.02444993412399e-06,278528
4256,1,0.21279999462422,0.21279999462422,0.000564390618819743,-0.422623753547668,2.05266946435209e-06,278528
4257,1,0.212849994622957,0.212849994622957,0.000565510999877006,-0.419825375080109,2.08094501363164e-06,278528
4258,1,0.212899994621694,0.212899994621694,0.000565386551897973,-0.416716068983078,2.1092143405124e-06,278528
4259,1,0.212949994620431,0.212949994620431,0.000566008966416121,-0.414539575576782,2.13751478811827e-06,278528
4260,1,0.212999994619167,0.212999994619167,0.000566133472602814,-0.410497456789017,2.16582146103333e-06,278528
4261,1,0.213049994617904,0.213049994617904,0.000565386551897973,-0.407077223062515,2.19409078791408e-06,278528
4262,1,0.213099994616641,0.213099994616641,0.00056463957298547,-0.404278844594955,2.22232276585016e-06,278528
4263,1,0.213149994615378,0.213149994615378,0.000563145673368126,-0.401791393756866,2.25048004880725e-06,278528
4264,1,0.213199994614115,0.213199994614115,0.000562647706829011,-0.398682087659836,2.27861243343802e-06,278528
4265,1,0.213249994612852,0.213249994612852,0.000560531276278198,-0.397127449512482,2.30663899654392e-06,278528
4266,1,0.213299994611589,0.213299994611589,0.000558166007976979,-0.39370721578598,2.33454729623774e-06,278528
4267,1,0.213349994610326,0.213349994610326,0.000556672050151974,-0.391530692577362,2.3623808980422e-06,278528
4268,1,0.213399994609063,0.213399994609063,0.000554057769477367,-0.388732314109802,2.39008378581624e-06,278528
4269,1,0.213449994607799,0.213449994607799,0.000551069912035018,-0.385933965444565,2.41763728072193e-06,278528
4270,1,0.213499994606536,0.213499994606536,0.000548455573152751,-0.382513731718063,2.44506005868681e-06,278528
4271,1,0.213549994605273,0.213549994605273,0.000544596288818866,-0.380648136138916,2.47228987243987e-06,278528
4272,1,0.21359999460401,0.21359999460401,0.000540737004484981,-0.378160685300827,2.49932672198111e-06,278528
4273,1,0.213649994602747,0.213649994602747,0.000538122723810375,-0.375051379203796,2.52623285749192e-06,278528
4274,1,0.213699994601484,0.213699994601484,0.000532769481651485,-0.374740481376648,2.55287133090155e-06,278528
4275,1,0.213749994600221,0.213749994600221,0.000528412288986146,-0.371631145477295,2.57929194468342e-06,278528
4276,1,0.213799994598958,0.213799994598958,0.000523930590134114,-0.370387434959412,2.60548847352835e-06,278528
4277,1,0.213849994597695,0.213849994597695,0.000518328393809497,-0.367589056491852,2.63140489256412e-06,278528
4278,1,0.213899994596431,0.213899994596431,0.000514220155309886,-0.365101605653763,2.6571158996801e-06,278528
4279,1,0.213949994595168,0.213949994595168,0.000508493452798575,-0.363546937704086,2.68254057167774e-06,278528
4280,1,0.213999994593905,0.213999994593905,0.00050326477503404,-0.360748589038849,2.70770380979377e-06,278528
4281,1,0.214049994592642,0.214049994592642,0.000496915658004582,-0.359193950891495,2.73254959206634e-06,278528
4282,1,0.214099994591379,0.214099994591379,0.000489944126456976,-0.357639253139496,2.75704679777034e-06,278528
4283,1,0.214149994590116,0.214149994590116,0.000483719457406551,-0.356084614992142,2.78123277002968e-06,278528
4284,1,0.214199994588853,0.214199994588853,0.000476747896755114,-0.353908121585846,2.80507016426525e-06,278528
4285,1,0.21424999458759,0.21424999458759,0.000470772240078077,-0.352975308895111,2.82860877567452e-06,278528
4286,1,0.214299994586327,0.214299994586327,0.000463676173239946,-0.350487858057022,2.85179258375084e-06,278528
4287,1,0.214349994585064,0.214349994585064,0.000456206616945565,-0.349866032600403,2.87460291402188e-06,278528
4288,1,0.2143999945838,0.2143999945838,0.00044898604392074,-0.348000437021255,2.8970522156508e-06,278528
4289,1,0.214449994582537,0.214449994582537,0.000441267504356802,-0.347067624330521,2.91911559031128e-06,278528
4290,1,0.214499994581274,0.214499994581274,0.00043242855463177,-0.346756726503372,2.94073701749666e-06,278528
4291,1,0.214549994580011,0.214549994580011,0.000424212048528716,-0.343647420406342,2.96194761938727e-06,278528
4292,1,0.214599994578748,0.214599994578748,0.000415746559156105,-0.342714637517929,2.98273494681994e-06,278528
4293,1,0.214649994577485,0.214649994577485,0.000406658626161516,-0.342403680086136,3.00306787761437e-06,278528
4294,1,0.214699994576222,0.214699994576222,0.000398317613871768,-0.340849041938782,3.02298375780484e-06,278528
4295,1,0.214749994574959,0.214749994574959,0.000389727618312463,-0.338983446359634,3.04247013822819e-06,278528
4296,1,0.214799994573696,0.214799994573696,0.000380017212592065,-0.339294373989105,3.0614709983778e-06,278528
4297,1,0.214849994572432,0.214849994572432,0.000371178262867033,-0.3380506336689,3.08002991105231e-06,278528
4298,1,0.214899994571169,0.214899994571169,0.000360720878234133,-0.3380506336689,3.09806595450839e-06,278528
4299,1,0.214949994569906,0.214949994569906,0.000351259455783293,-0.337739735841751,3.11562892685387e-06,278528
4300,1,0.214999994568643,0.214999994568643,0.000341549020959064,-0.335874140262604,3.13270637747041e-06,278528
4301,1,0.21504999456738,0.21504999456738,0.000331589631969109,-0.336185097694397,3.14928585865004e-06,278528
4302,1,0.215099994566117,0.215099994566117,0.000321132247336209,-0.336806952953339,3.16534247061122e-06,278528
4303,1,0.215149994564854,0.215149994564854,0.000311546347802505,-0.335874140262604,3.18091978760783e-06,278528
4304,1,0.215199994563591,0.215199994563591,0.00030059102573432,-0.336495995521545,3.19594933851487e-06,278528
4305,1,0.215249994562328,0.215249994562328,0.000291378586553037,-0.334008544683456,3.21051826747448e-06,278528
4306,1,0.215299994561065,0.215299994561065,0.000279053812846541,-0.336185097694397,3.22447095776433e-06,278528
4307,1,0.215349994559801,0.215349994559801,0.000267724972218275,-0.335252285003662,3.23785720603708e-06,278528
4308,1,0.215399994558538,0.215399994558538,0.000258014566497877,-0.335563242435455,3.25075793403607e-06,278528
4309,1,0.215449994557275,0.215449994557275,0.000246685784077272,-0.335252285003662,3.26309222292835e-06,278528
4310,1,0.215499994556012,0.215499994556012,0.000235481435083784,-0.335874140262604,3.2748662943851e-06,278528
4311,1,0.215549994554749,0.215549994554749,0.000224152623559348,-0.337117880582809,3.28607392527994e-06,278528
4312,1,0.215599994553486,0.215599994553486,0.000212325845495798,-0.336495995521545,3.29669021728654e-06,278528
4313,1,0.215649994552223,0.215649994552223,0.000201992952497676,-0.336806952953339,3.30678986465628e-06,278528
4314,1,0.21569999455096,0.21569999455096,0.000189792699529789,-0.336806952953339,3.31627949939304e-06,278528
4315,1,0.215749994549697,0.215749994549697,0.000179210837814026,-0.337739735841751,3.32524004105738e-06,278528
4316,1,0.215799994548433,0.215799994548433,0.000168628961546347,-0.338672518730164,3.3336714889217e-06,278528
4317,1,0.21584999454717,0.21584999454717,0.000155308269313537,-0.338672518730164,3.34143690219121e-06,278528
4318,1,0.215899994545907,0.215899994545907,0.000143854980706237,-0.340538084506989,3.34862965104482e-06,278528
4319,1,0.215949994544644,0.215949994544644,0.000132028173538856,-0.341781824827194,3.355231059555e-06,278528
4320,1,0.215999994543381,0.215999994543381,0.000120201395475306,-0.341781824827194,3.36124112917693e-06,278528
4321,1,0.216049994542118,0.216049994542118,0.000108997068309691,-0.343336492776871,3.36669098245474e-06,278528
4322,1,0.216099994540855,0.216099994540855,9.61743426159956e-05,-0.34395831823349,3.37149969946406e-06,278528
4323,1,0.216149994539592,0.216149994539592,8.39740823721513e-05,-0.345512986183167,3.3756984034766e-06,278528
4324,1,0.216199994538329,0.216199994538329,7.33922133804299e-05,-0.346756726503372,3.37936801405292e-06,278528
4325,1,0.216249994537066,0.216249994537066,6.05694876867346e-05,-0.347067624330521,3.38239648836075e-06,278528
4326,1,0.216299994535802,0.216299994535802,4.94896557938773e-05,-0.348933219909668,3.38487097108794e-06,278528
4327,1,0.216349994534539,0.216349994534539,3.65424348274246e-05,-0.351109713315964,3.38669809278315e-06,278528
4328,1,0.216399994533276,0.216399994533276,2.42176811298123e-05,-0.352042526006699,3.38790897680905e-06,278528
4329,1,0.216449994532013,0.216449994532013,1.30133557831869e-05,-0.353286266326904,3.38855964458178e-06,278528
4330,1,0.21649999453075,0.21649999453075,-5.83558552591512e-08,-0.355773717164993,3.38855672678909e-06,278528
4331,1,0.216549994529487,0.216549994529487,-1.15116654342273e-05,-0.357328355312347,3.38798114353191e-06,278528
4332,1,0.216599994528224,0.216599994528224,-2.3462946046493e-05,-0.358572065830231,3.38680799625923e-06,278528
4333,1,0.216649994526961,0.216649994526961,-3.55387201125268e-05,-0.361370444297791,3.38503106029849e-06,278528
4334,1,0.216699994525698,0.216699994525698,-4.74899970868137e-05,-0.362925112247467,3.38265656050413e-06,278528
4335,1,0.216749994524434,0.216749994524434,-5.91922907915432e-05,-0.365101605653763,3.37969694603932e-06,278528
4336,1,0.216799994523171,0.216799994523171,-7.15170535841025e-05,-0.367278128862381,3.37612109345045e-06,278528
4337,1,0.216849994521908,0.216849994521908,-8.30948556540534e-05,-0.368832796812057,3.37196635077271e-06,278528
4338,1,0.216899994520645,0.216899994520645,-9.44236599025317e-05,-0.370387434959412,3.36724516789685e-06,278528
4339,1,0.216949994519382,0.216949994519382,-0.000106499428511597,-0.373807668685913,3.36192019660579e-06,278528
4340,1,0.216999994518119,0.216999994518119,-0.000119197677122429,-0.374740481376648,3.35596031290022e-06,278528
4341,1,0.217049994516856,0.217049994516856,-0.000129406063933857,-0.377849757671356,3.34949000986699e-06,278528
4342,1,0.217099994515593,0.217099994515593,-0.000141357333632186,-0.38127002120018,3.34242214336393e-06,278528
4343,1,0.21714999451433,0.21714999451433,-0.000152686159708537,-0.383757412433624,3.33478783557136e-06,278528
4344,1,0.217199994513066,0.217199994513066,-0.000163765987963416,-0.386866748332977,3.32659953638004e-06,278528
4345,1,0.217249994511803,0.217249994511803,-0.000175094799487852,-0.388110458850861,3.31784479662681e-06,278528
4346,1,0.21729999451054,0.21729999451054,-0.000187046098290011,-0.39090883731842,3.30849249194857e-06,278528
4347,1,0.217349994509277,0.217349994509277,-0.000198499386897311,-0.394018143415451,3.29856752285443e-06,278528
4348,1,0.217399994508014,0.217399994508014,-0.000208085315534845,-0.395883738994598,3.28816325734052e-06,278528
4349,1,0.217449994506751,0.217449994506751,-0.00022041006013751,-0.398682087659836,3.27714275461205e-06,278528
4350,1,0.217499994505488,0.217499994505488,-0.000229747020057403,-0.401791393756866,3.26565540389937e-06,278528
4351,1,0.217549994504225,0.217549994504225,-0.000241200308664702,-0.404278844594955,3.2535953887708e-06,278528
4352,1,0.217599994502962,0.217599994502962,-0.000251782184932381,-0.407077223062515,3.24100627984221e-06,278528
4353,1,0.217649994501699,0.217649994501699,-0.000261243607383221,-0.4117411673069,3.22794409980303e-06,278528
4354,1,0.217699994500435,0.217699994500435,-0.000271576485829428,-0.413606762886047,3.21436527585458e-06,278528
4355,1,0.217749994499172,0.217749994499172,-0.000282158318441361,-0.417026996612549,3.20025736028891e-06,278528
4356,1,0.217799994497909,0.217799994497909,-0.000291993230348453,-0.420758157968521,3.18565769914031e-06,278528
4357,1,0.217849994496646,0.217849994496646,-0.000302948610624298,-0.423556536436081,3.17051026899175e-06,278528
4358,1,0.217899994495383,0.217899994495383,-0.000312161049805582,-0.426976799964905,3.15490221689576e-06,278528
4359,1,0.21794999449412,0.21794999449412,-0.000320999999530613,-0.428531438112259,3.13885221732469e-06,278528
4360,1,0.217999994492857,0.217999994492857,-0.000330959417624399,-0.431951642036438,3.12230424686151e-06,278528
4361,1,0.218049994491594,0.218049994491594,-0.000340047350618988,-0.435682833194733,3.10530187976007e-06,278528
4362,1,0.218099994490331,0.218099994490331,-0.000349135312717408,-0.438170284032822,3.0878451145652e-06,278528
4363,1,0.218149994489067,0.218149994489067,-0.000358347751898691,-0.441590517759323,3.06992772742289e-06,278528
4364,1,0.218199994487804,0.218199994487804,-0.000367062224540859,-0.445943534374237,3.05157461665949e-06,278528
4365,1,0.218249994486541,0.218249994486541,-0.000376274663722143,-0.448430985212326,3.03276088394866e-06,278528
4366,1,0.218299994485278,0.218299994485278,-0.00038461564690806,-0.452162146568298,3.01353010208906e-06,278528
4367,1,0.218349994484015,0.218349994484015,-0.000392583169741556,-0.454338669776917,2.99390094409786e-06,278528
4368,1,0.218399994482752,0.218399994482752,-0.00040079967584461,-0.458069801330566,2.97386096081188e-06,278528
4369,1,0.218449994481489,0.218449994481489,-0.00040789574268274,-0.461800992488861,2.95346617419296e-06,278528
4370,1,0.218499994480226,0.218499994480226,-0.000416485738242045,-0.464599341154099,2.93264188780693e-06,278528
4371,1,0.218549994478963,0.218549994478963,-0.000423581805080175,-0.468330532312393,2.91146279808795e-06,278528
4372,1,0.2185999944777,0.2185999944777,-0.000431175867561251,-0.470817983150482,2.8899040052545e-06,278528
4373,1,0.218649994476436,0.218649994476436,-0.000438520917668939,-0.474238216876984,2.86797795992496e-06,278528
4374,1,0.218699994475173,0.218699994475173,-0.000445865996880457,-0.478591233491898,2.84568466064411e-06,278528
4375,1,0.21874999447391,0.21874999447391,-0.000452588574262336,-0.481700569391251,2.82305523250266e-06,278528
4376,1,0.218799994472647,0.218799994472647,-0.000459435657830909,-0.484809845685959,2.80008345019143e-06,278528
4377,1,0.218849994471384,0.218849994471384,-0.000465037825051695,-0.489162862300873,2.77683155952624e-06,278528
4378,1,0.218899994470121,0.218899994470121,-0.000471760402433574,-0.491650313138962,2.75324354000044e-06,278528
4379,1,0.218949994468858,0.218949994468858,-0.000476864603115246,-0.495070546865463,2.72940031044701e-06,278528
4380,1,0.218999994467595,0.218999994467595,-0.000482964765978977,-0.499112635850906,2.7052520727581e-06,278528
4381,1,0.219049994466332,0.219049994466332,-0.000489189347717911,-0.501600086688995,2.6807926059901e-06,278528
4382,1,0.219099994465068,0.219099994465068,-0.00049454253166914,-0.505642175674438,2.6560654800313e-06,278528
4383,1,0.219149994463805,0.219149994463805,-0.000498277309816331,-0.508751511573792,2.63115161516986e-06,278528
4384,1,0.219199994462542,0.219199994462542,-0.000503879506140947,-0.512482643127441,2.60595764049927e-06,278528
4385,1,0.219249994461279,0.219249994461279,-0.000508859113324434,-0.515281021595001,2.58051468547579e-06,278528
4386,1,0.219299994460016,0.219299994460016,-0.000512594007886946,-0.519012212753296,2.5548849857289e-06,278528
4387,1,0.219349994458753,0.219349994458753,-0.000516951200552285,-0.522432446479797,2.52903742635425e-06,278528
4388,1,0.21939999445749,0.21939999445749,-0.000520561414305121,-0.525852680206299,2.50300935629652e-06,278528
4389,1,0.219449994456227,0.219449994456227,-0.000524296250659972,-0.528651058673859,2.47679454442577e-06,278528
4390,1,0.219499994454964,0.219499994454964,-0.000528031087014824,-0.533625900745392,2.45039299074198e-06,278528
4391,1,0.2195499944537,0.2195499944537,-0.000530022894963622,-0.535802483558655,2.42389184666328e-06,278528
4392,1,0.219599994452437,0.219599994452437,-0.000533757673110813,-0.538911759853363,2.39720396368193e-06,278528
4393,1,0.219649994451174,0.219649994451174,-0.000536496459972113,-0.54046642780304,2.37037914136098e-06,278528
4394,1,0.219699994449911,0.219699994449911,-0.000538488384336233,-0.544819414615631,2.34345472282433e-06,278528
4395,1,0.219749994448648,0.219749994448648,-0.000539484317414463,-0.547928750514984,2.31648050763504e-06,278528
4396,1,0.219799994447385,0.219799994447385,-0.000541476241778582,-0.550727069377899,2.28940669623005e-06,278528
4397,1,0.219849994446122,0.219849994446122,-0.00054446398280561,-0.554769217967987,2.26218349777748e-06,278528
4398,1,0.219899994444859,0.219899994444859,-0.000545335467904806,-0.556634783744812,2.23491672507106e-06,278528
4399,1,0.219949994443596,0.219949994443596,-0.000546206894796342,-0.559433162212372,2.20760638102116e-06,278528
4400,1,0.219999994442333,0.219999994442333,-0.000546455907169729,-0.562853395938873,2.18028358635291e-06,278528
4401,1,0.220049994441069,0.220049994441069,-0.000547327392268926,-0.565651774406433,2.15291721743079e-06,278528
4402,1,0.220099994439806,0.220099994439806,-0.000547700852621347,-0.568450152873993,2.12553217549153e-06,278528
4403,1,0.220149994438543,0.220149994438543,-0.000547949864994735,-0.570315718650818,2.09813468293391e-06,278528
4404,1,0.22019999443728,0.22019999443728,-0.000546953873708844,-0.574046909809113,2.07078698993933e-06,278528
4405,1,0.220249994436017,0.220249994436017,-0.000546704919543117,-0.576845228672028,2.04345174465272e-06,278528
4406,1,0.220299994434754,0.220299994434754,-0.000545211019925773,-0.579021811485291,2.01619119434509e-06,278528
4407,1,0.220349994433491,0.220349994433491,-0.000543592497706413,-0.581820130348206,1.98901157014639e-06,278528
4408,1,0.220399994432228,0.220399994432228,-0.000542845635209233,-0.583996653556824,1.9618692890716e-06,278528
4409,1,0.220449994430965,0.220449994430965,-0.000541600689757615,-0.587105989456177,1.93478925526781e-06,278528
4410,1,0.220499994429701,0.220499994429701,-0.000539359811227769,-0.590837121009827,1.90782126538769e-06,278528
4411,1,0.220549994428438,0.220549994428438,-0.000536994484718889,-0.59114807844162,1.88097154183003e-06,278528
4412,1,0.220599994427175,0.220599994427175,-0.000534629100002348,-0.594257354736328,1.85424008750521e-06,278528
4413,1,0.220649994425912,0.220649994425912,-0.000531018886249512,-0.596433877944946,1.82768914386346e-06,278528
4414,1,0.220699994424649,0.220699994424649,-0.000529026903677732,-0.599232256412506,1.8012377993478e-06,278528
4415,1,0.220749994423386,0.220749994423386,-0.00052591465646401,-0.601408779621124,1.77494206718888e-06,278528
4416,1,0.220799994422123,0.220799994422123,-0.000522428890690207,-0.602963387966156,1.74882062331425e-06,278528
4417,1,0.22084999442086,0.22084999442086,-0.000517449167091399,-0.606072723865509,1.72294816561328e-06,278528
4418,1,0.220899994419597,0.220899994419597,-0.000512842962052673,-0.607627391815186,1.69730601815842e-06,278528
4419,1,0.220949994418334,0.220949994418334,-0.000510228564962745,-0.60949295759201,1.67179459055475e-06,278528
4420,1,0.22099999441707,0.22099999441707,-0.000504875381011516,-0.611047625541687,1.64655082214189e-06,278528
4421,1,0.221049994415807,0.221049994415807,-0.000501016154885292,-0.613535046577454,1.62150001503046e-06,278528
4422,1,0.221099994414544,0.221099994414544,-0.000495414016768336,-0.61508971452713,1.59672931481781e-06,278528
4423,1,0.221149994413281,0.221149994413281,-0.000488691381178796,-0.61602246761322,1.57229474637613e-06,278528
4424,1,0.221199994412018,0.221199994412018,-0.000484209653222933,-0.617577135562897,1.5480842643266e-06,278528
4425,1,0.221249994410755,0.221249994410755,-0.000478731992188841,-0.618820905685425,1.52414766532184e-06,278528
4426,1,0.221299994409492,0.221299994409492,-0.000472133862785995,-0.62068647146225,1.5005409727789e-06,278528
4427,1,0.221349994408229,0.221349994408229,-0.000466531724669039,-0.622552037239075,1.47721438713473e-06,278528
4428,1,0.221399994406966,0.221399994406966,-0.000458564201835543,-0.623173892498016,1.45428617762216e-06,278528
4429,1,0.221449994405702,0.221449994405702,-0.000452339590992779,-0.6244176030159,1.43166919864388e-06,278528
4430,1,0.221499994404439,0.221499994404439,-0.000445243524154648,-0.625972270965576,1.40940702299854e-06,278528
4431,1,0.221549994403176,0.221549994403176,-0.000438022951129824,-0.626905083656311,1.38750587599531e-06,278528
4432,1,0.221599994401913,0.221599994401913,-0.000430553394835442,-0.629392504692078,1.36597820679738e-06,278528
4433,1,0.22164999440065,0.22164999440065,-0.000421963399276137,-0.628459751605988,1.34488003736655e-06,278528
4434,1,0.221699994399387,0.221699994399387,-0.000413497909903526,-0.629703462123871,1.32420514239367e-06,278528
4435,1,0.221749994398124,0.221749994398124,-0.000404783437261358,-0.630947172641754,1.30396597104189e-06,278528
4436,1,0.221799994396861,0.221799994396861,-0.000397562893340364,-0.631879925727844,1.28408782687703e-06,278528
4437,1,0.221849994395598,0.221849994395598,-0.000389097403967753,-0.631569027900696,1.26463295717012e-06,278528
4438,1,0.221899994394334,0.221899994394334,-0.000379262492060661,-0.632812738418579,1.24566983304613e-06,278528
4439,1,0.221949994393071,0.221949994393071,-0.000368307140888646,-0.633123636245728,1.22725447646691e-06,278528
4440,1,0.221999994391808,0.221999994391808,-0.000360713107511401,-0.634056448936462,1.20921882154696e-06,278528
4441,1,0.222049994390545,0.222049994390545,-0.000350878195604309,-0.634367406368256,1.19167491220994e-06,278528
4442,1,0.222099994389282,0.222099994389282,-0.000339549384079874,-0.633434653282166,1.17469744343483e-06,278528
4443,1,0.222149994388019,0.222149994388019,-0.00033133287797682,-0.63530021905899,1.1581307999545e-06,278528
4444,1,0.222199994386756,0.222199994386756,-0.000319755054078996,-0.634678363800049,1.14214304765444e-06,278528
4445,1,0.222249994385493,0.222249994385493,-0.000310542614897713,-0.634989261627197,1.1266159173018e-06,278528
4446,1,0.22229999438423,0.22229999438423,-0.000298342376481742,-0.634367406368256,1.11169879885455e-06,278528
4447,1,0.222349994382967,0.222349994382967,-0.000288258481305093,-0.634678363800049,1.0972858751534e-06,278528
4448,1,0.222399994381703,0.222399994381703,-0.000278672581771389,-0.634367406368256,1.08335224641682e-06,278528
4449,1,0.22244999438044,0.22244999438044,-0.000266472285147756,-0.634989261627197,1.07002863249602e-06,278528
4450,1,0.222499994379177,0.222499994379177,-0.000255018996540457,-0.634056448936462,1.05727768299111e-06,278528
4451,1,0.222549994377914,0.222549994377914,-0.000243441187194549,-0.633434653282166,1.04510562393887e-06,278528
4452,1,0.222599994376651,0.222599994376651,-0.00023136539675761,-0.633123636245728,1.03353735439323e-06,278528
4453,1,0.222649994375388,0.222649994375388,-0.000220036585233174,-0.632812738418579,1.0225355254095e-06,278528
4454,1,0.222699994374125,0.222699994374125,-0.000207213859539479,-0.632501840591431,1.01217483269426e-06,278528
4455,1,0.222749994372862,0.222749994372862,-0.000196507506188937,-0.631569027900696,1.00234945763302e-06,278528
4456,1,0.222799994371599,0.222799994371599,-0.000183311305590905,-0.630325317382813,9.93183892585021e-07,278528
4457,1,0.222849994370335,0.222849994370335,-0.000170737563166767,-0.629703462123871,9.84647014642342e-07,278528
4458,1,0.222899994369072,0.222899994369072,-0.000158910755999386,-0.629081547260284,9.76701477043094e-07,278528
4459,1,0.222949994367809,0.222949994367809,-0.000146337042679079,-0.628148853778839,9.69384625093979e-07,278528
4460,1,0.222999994366546,0.222999994366546,-0.00013338981079869,-0.627216041088104,9.6271513472253e-07,278528
4461,1,0.223049994365283,0.223049994365283,-0.000120691576739773,-0.625972270965576,9.56680556037988e-07,278528
4462,1,0.22309999436402,0.22309999436402,-0.000108491309219971,-0.624106705188751,9.51255990714026e-07,278528
4463,1,0.223149994362757,0.223149994362757,-9.40501849981956e-05,-0.624106705188751,9.46553481582911e-07,278528
4464,1,0.223199994361494,0.223199994361494,-8.16009342088364e-05,-0.621930181980133,9.4247343497554e-07,278528
4465,1,0.223249994360231,0.223249994360231,-6.90271990606561e-05,-0.619753658771515,9.39022075109696e-07,278528
4466,1,0.223299994358968,0.223299994358968,-5.6951423175633e-05,-0.618820905685425,9.3617450402285e-07,278528
4467,1,0.223349994357704,0.223349994357704,-4.23858036810998e-05,-0.616955280303955,9.34055213892333e-07,278528
4468,1,0.223399994356441,0.223399994356441,-2.94385845336365e-05,-0.616333425045013,9.32583284702835e-07,278528
4469,1,0.223449994355178,0.223449994355178,-1.67403486557305e-05,-0.613224148750305,9.31746267291193e-07,278528
4470,1,0.223499994353915,0.223499994353915,-3.66863810086215e-06,-0.61229133605957,9.31562835390784e-07,278528
4471,1,0.223549994352652,0.223549994352652,1.00255356301204e-05,-0.610425770282745,9.32064112159627e-07,278528
4472,1,0.223599994351389,0.223599994351389,2.32217389566358e-05,-0.608560144901276,9.33225199078127e-07,278528
4473,1,0.223649994350126,0.223649994350126,3.65424348274246e-05,-0.606694579124451,9.35052320773341e-07,278528
4474,1,0.223699994348863,0.223699994348863,4.99876259709708e-05,-0.604207158088684,9.3755170200875e-07,278528
4475,1,0.2237499943476,0.2237499943476,6.40552752884105e-05,-0.602963387966156,9.40754465692262e-07,278528
4476,1,0.223799994346336,0.223799994346336,7.68780009821057e-05,-0.600786924362183,9.44598365644262e-07,278528
4477,1,0.223849994345073,0.223849994345073,8.9949717221316e-05,-0.596122980117798,9.49095851391712e-07,278528
4478,1,0.22389999434381,0.22389999434381,0.000103519399999641,-0.596433877944946,9.54271821260938e-07,278528
4479,1,0.223949994342547,0.223949994342547,0.000115595168608706,-0.593635499477386,9.60051579545364e-07,278528
4480,1,0.223999994341284,0.223999994341284,0.00012928934302181,-0.590215265750885,9.66516046533149e-07,278528
4481,1,0.224049994340021,0.224049994340021,0.000142236560350284,-0.588971555233002,9.73627874371003e-07,278528
4482,1,0.224099994338758,0.224099994338758,0.000154561319504865,-0.587105989456177,9.81355940151019e-07,278528
4483,1,0.224149994337495,0.224149994337495,0.000168877959367819,-0.583685755729675,9.89799837906099e-07,278528
4484,1,0.224199994336232,0.224199994336232,0.00018070473743137,-0.581509232521057,9.98835074549418e-07,278528
4485,1,0.224249994334969,0.224249994334969,0.000193402971490286,-0.578088998794556,1.00850522287964e-06,278528
4486,1,0.224299994333705,0.224299994333705,0.000206101220101118,-0.575601577758789,1.01881028362437e-06,278528
4487,1,0.224349994332442,0.224349994332442,0.000218176995986141,-0.573424994945526,1.0297191331481e-06,278528
4488,1,0.224399994331179,0.224399994331179,0.000230501740588807,-0.570315718650818,1.04124421988639e-06,278528
4489,1,0.224449994329916,0.224449994329916,0.000243946924456395,-0.566895484924316,1.05344156580108e-06,278528
4490,1,0.224499994328653,0.224499994328653,0.000255524704698473,-0.564718961715698,1.06621780071325e-06,278528
4491,1,0.22454999432739,0.22454999432739,0.000267351511865854,-0.562853395938873,1.07958537596885e-06,278528
4492,1,0.224599994326127,0.224599994326127,0.000279302825219929,-0.558500349521637,1.09355051687706e-06,278528
4493,1,0.224649994324864,0.224649994324864,0.000291378586553037,-0.555701971054077,1.10811944583666e-06,278528
4494,1,0.224699994323601,0.224699994323601,0.000302582891890779,-0.553214550018311,1.12324859004901e-06,278528
4495,1,0.224749994322337,0.224749994322337,0.000313911674311385,-0.548861563205719,1.13894417336807e-06,278528
4496,1,0.224799994321074,0.224799994321074,0.00032486705458723,-0.546063125133514,1.15518752568709e-06,278528
4497,1,0.224849994319811,0.224849994319811,0.000336444849381223,-0.543264746665955,1.17200976773119e-06,278528
4498,1,0.224899994318548,0.224899994318548,0.000346902234014124,-0.54046642780304,1.18935487899372e-06,278528
4499,1,0.224949994317285,0.224949994317285,0.000357982033165172,-0.537978947162628,1.20725398019981e-06,278528
4500,1,0.224999994316022,0.224999994316022,0.000367443513823673,-0.533936858177185,1.22562615542687e-06,278528
4501,1,0.225049994314759,0.225049994314759,0.000378523312974721,-0.529894769191742,1.2445523205975e-06,278528
4502,1,0.225099994313496,0.225099994313496,0.000388358224881813,-0.526785492897034,1.26397023135105e-06,278528
4503,1,0.225149994312233,0.225149994312233,0.000397944124415517,-0.523365199565887,1.28386743706918e-06,278528
4504,1,0.225199994310969,0.225199994310969,0.000406907580327243,-0.521188676357269,1.30421281557157e-06,278528
4505,1,0.225249994309706,0.225249994309706,0.000416493538068607,-0.518390357494354,1.32503749194893e-06,278528
4506,1,0.225299994308443,0.225299994308443,0.000425954960519448,-0.514348268508911,1.34633523943687e-06,278528
4507,1,0.22534999430718,0.22534999430718,0.000435167399700731,-0.510927975177765,1.36809360887225e-06,278528
4508,1,0.225399994305917,0.225399994305917,0.000444255361799151,-0.507818698883057,1.39030637640106e-06,278528
4509,1,0.225449994304654,0.225449994304654,0.000451475905720145,-0.505020320415497,1.41288017111681e-06,278528
4510,1,0.225499994303391,0.225499994303391,0.000460314884549007,-0.501289188861847,1.43589591476283e-06,278528
4511,1,0.225549994302128,0.225549994302128,0.000467286474304274,-0.499112635850906,1.45926023788781e-06,278528
4512,1,0.225599994300865,0.225599994300865,0.00047425803495571,-0.494448691606522,1.48297313903656e-06,278528
4513,1,0.225649994299602,0.225649994299602,0.000481603085063398,-0.491339385509491,1.50705329268142e-06,278528
4514,1,0.225699994298338,0.225699994298338,0.000489570666104555,-0.487608224153519,1.53153182536826e-06,278528
4515,1,0.225749994297075,0.225749994297075,0.000495670712552965,-0.484498918056488,1.55631536036983e-06,278528
4516,1,0.225799994295812,0.225799994295812,0.000501895323395729,-0.481389611959457,1.58141012590567e-06,278528
4517,1,0.225849994294549,0.225849994294549,0.000507870980072767,-0.477347522974014,1.60680367426781e-06,278528
4518,1,0.225899994293286,0.225899994293286,0.000514095649123192,-0.47361633181572,1.63250845607461e-06,278528
4519,1,0.225949994292023,0.225949994292023,0.000519324385095388,-0.470817983150482,1.65847467467342e-06,278528
4520,1,0.22599999429076,0.22599999429076,0.000524428498465568,-0.466775894165039,1.68469609893429e-06,278528
4521,1,0.226049994289497,0.226049994289497,0.000529781740624458,-0.46428844332695,1.71118518529634e-06,278528
4522,1,0.226099994288234,0.226099994288234,0.000535259372554719,-0.460246354341507,1.73794815324799e-06,278528
4523,1,0.22614999428697,0.22614999428697,0.00053899415070191,-0.457137048244476,1.76489786010228e-06,278528
4524,1,0.226199994285707,0.226199994285707,0.000543351343367249,-0.454027712345123,1.79206542658433e-06,278528
4525,1,0.226249994284444,0.226249994284444,0.000545716728083789,-0.450607508420944,1.81935126229922e-06,278528
4526,1,0.226299994283181,0.226299994283181,0.000549576012417674,-0.447187274694443,1.84683006222593e-06,278528
4527,1,0.226349994281918,0.226349994281918,0.000552563811652362,-0.444077968597412,1.8744582521106e-06,278528
4528,1,0.226399994280655,0.226399994280655,0.000555427104700357,-0.441901445388794,1.90222960664406e-06,278528
4529,1,0.226449994279392,0.226449994279392,0.0005585394683294,-0.438170284032822,1.93015657935503e-06,278528
4530,1,0.226499994278129,0.226499994278129,0.000560655840672553,-0.434128195047379,1.95818937068049e-06,278528
4531,1,0.226549994276866,0.226549994276866,0.000561651715543121,-0.43164074420929,1.98627195574822e-06,278528
4532,1,0.226599994275603,0.226599994275603,0.000564141664654016,-0.42884236574173,2.01447903826835e-06,278528
4533,1,0.226649994274339,0.226649994274339,0.00056463957298547,-0.424489349126816,2.04271101620443e-06,278528
4534,1,0.226699994273076,0.226699994273076,0.000565760012250394,-0.421380013227463,2.07099901610233e-06,278528
4535,1,0.226749994271813,0.226749994271813,0.000567378418054432,-0.418581664562225,2.09936793628839e-06,278528
4536,1,0.22679999427055,0.22679999427055,0.000567129405681044,-0.415783286094666,2.1277244058561e-06,278528
4537,1,0.226849994269287,0.226849994269287,0.000567502866033465,-0.412984907627106,2.15609954844096e-06,278528
4538,1,0.226899994268024,0.226899994268024,0.000565510999877006,-0.410497456789017,2.18437509772051e-06,278528
4539,1,0.226949994266761,0.226949994266761,0.000566133472602814,-0.407388180494308,2.21268177063556e-06,278528
4540,1,0.226999994265498,0.226999994265498,0.000565760012250394,-0.404900729656219,2.24096977053347e-06,278528
4541,1,0.227049994264235,0.227049994264235,0.000564017158467323,-0.401480495929718,2.26917062774442e-06,278528
4542,1,0.227099994262971,0.227099994262971,0.000562647706829011,-0.398993045091629,2.29730301237518e-06,278528
4543,1,0.227149994261708,0.227149994261708,0.000561527267564088,-0.395572811365128,2.32537937504412e-06,278528
4544,1,0.227199994260445,0.227199994260445,0.000559161941055208,-0.393085360527039,2.3533374713906e-06,278528
4545,1,0.227249994259182,0.227249994259182,0.000557170016691089,-0.39059790968895,2.38119597152139e-06,278528
4546,1,0.227299994257919,0.227299994257919,0.000553684250917286,-0.387799561023712,2.40888018336789e-06,278528
4547,1,0.227349994256656,0.227349994256656,0.000552314857486635,-0.384379297494888,2.43649592554459e-06,278528
4548,1,0.227399994255393,0.227399994255393,0.000548704527318478,-0.381891876459122,2.46393115121744e-06,278528
4549,1,0.22744999425413,0.22744999425413,0.000544596288818866,-0.380026280879974,2.4911609649705e-06,278528
4550,1,0.227499994252867,0.227499994252867,0.000542853376828134,-0.377538830041885,2.51830363312623e-06,278528
4551,1,0.227549994251603,0.227549994251603,0.000538247171789408,-0.37536233663559,2.54521599103584e-06,278528
4552,1,0.22759999425034,0.22759999425034,0.000534636899828911,-0.373496741056442,2.57194783535198e-06,278528
4553,1,0.227649994249077,0.227649994249077,0.000529408222064376,-0.371320217847824,2.5984182457865e-06,278528
4554,1,0.227699994247814,0.227699994247814,0.000523681577760726,-0.368521839380264,2.62460232401307e-06,278528
4555,1,0.227749994246551,0.227749994246551,0.000518826360348612,-0.36696720123291,2.65054364137517e-06,278528
4556,1,0.227799994245288,0.227799994245288,0.000514095649123192,-0.365101605653763,2.67624842318197e-06,278528
4557,1,0.227849994244025,0.227849994244025,0.000507995544467121,-0.362925112247467,2.70164819976367e-06,278528
4558,1,0.227899994242762,0.227899994242762,0.000502517854329199,-0.360126703977585,2.7267740918454e-06,278528
4559,1,0.227949994241499,0.227949994241499,0.000496666703838855,-0.358882993459702,2.75160742641e-06,278528
4560,1,0.227999994240236,0.227999994240236,0.000489944126456976,-0.357017397880554,2.776104632114e-06,278528
4561,1,0.228049994238972,0.228049994238972,0.000482848001411185,-0.355773717164993,2.80024703157467e-06,278528
4562,1,0.228099994237709,0.228099994237709,0.000475876440759748,-0.353908121585846,2.82404085301157e-06,278528
4563,1,0.228149994236446,0.228149994236446,0.000469278340460733,-0.351731598377228,2.84750476944186e-06,278528
4564,1,0.228199994235183,0.228199994235183,0.000461684277979657,-0.351109713315964,2.87058898275769e-06,278528
4565,1,0.22824999423392,0.22824999423392,0.000454214750789106,-0.34862232208252,2.89329971972342e-06,278528
4566,1,0.228299994232657,0.228299994232657,0.000447118683950976,-0.346756726503372,2.91565565335621e-06,278528
4567,1,0.228349994231394,0.228349994231394,0.000438404211308807,-0.347067624330521,2.9375758633679e-06,278528
4568,1,0.228399994230131,0.228399994230131,0.000430312182288617,-0.345202058553696,2.9590914719388e-06,278528
4569,1,0.228449994228868,0.228449994228868,0.000421846692916006,-0.34395831823349,2.98018380605176e-06,278528
4570,1,0.228499994227604,0.228499994227604,0.000414003676269203,-0.342092782258987,3.00088398934229e-06,278528
4571,1,0.228549994226341,0.228549994226341,0.000404044287279248,-0.341781824827194,3.02108620319591e-06,278528
4572,1,0.228599994225078,0.228599994225078,0.000395827752072364,-0.341470897197723,3.04087759029955e-06,278528
4573,1,0.228649994223815,0.228649994223815,0.000387362291803584,-0.34022718667984,3.06024570440045e-06,278528
4574,1,0.228699994222552,0.228699994222552,0.000378523312974721,-0.338672518730164,3.07917186957107e-06,278528
4575,1,0.228749994221289,0.228749994221289,0.000368439417798072,-0.338983446359634,3.0975938399956e-06,278528
4576,1,0.228799994220026,0.228799994220026,0.000357857556082308,-0.337428778409958,3.1154867173477e-06,278528
4577,1,0.228849994218763,0.228849994218763,0.000349267589626834,-0.336806952953339,3.13295009638788e-06,278528
4578,1,0.2288999942175,0.2288999942175,0.000338312238454819,-0.335563242435455,3.1498657078833e-06,278528
4579,1,0.228949994216237,0.228949994216237,0.000328975293086842,-0.334941357374191,3.16631447212211e-06,278528
4580,1,0.228999994214973,0.228999994214973,0.000319638347718865,-0.335563242435455,3.18229638910431e-06,278528
4581,1,0.22904999421371,0.22904999421371,0.000307313603116199,-0.335252285003662,3.19766206887195e-06,278528
4582,1,0.229099994212447,0.229099994212447,0.000298350147204474,-0.335563242435455,3.21257957585533e-06,278528
4583,1,0.229149994211184,0.229149994211184,0.000287270318949595,-0.335252285003662,3.22694309143996e-06,278528
4584,1,0.229199994209921,0.229199994209921,0.000276812963420525,-0.335252285003662,3.24078373926134e-06,278528
4585,1,0.229249994208658,0.229249994208658,0.000265982089331374,-0.335563242435455,3.25408284339194e-06,278528
4586,1,0.229299994207395,0.229299994207395,0.000255524704698473,-0.334941357374191,3.26685907830411e-06,278528
4587,1,0.229349994206132,0.229349994206132,0.000243697941186838,-0.336185097694397,3.27904397505564e-06,278528
4588,1,0.229399994204869,0.229399994204869,0.000232991587836295,-0.335252285003662,3.29069355415316e-06,278528
4589,1,0.229449994203605,0.229449994203605,0.000221413793042302,-0.335874140262604,3.30176424352561e-06,278528
4590,1,0.229499994202342,0.229499994202342,0.000210458441870287,-0.335874140262604,3.31228716535329e-06,278528
4591,1,0.229549994201079,0.229549994201079,0.000198631663806736,-0.336806952953339,3.32221874829273e-06,278528
4592,1,0.229599994199816,0.229599994199816,0.000188921243534423,-0.337117880582809,3.33166481023083e-06,278528
4593,1,0.229649994198553,0.229649994198553,0.000175974026205949,-0.338361591100693,3.34046351131885e-06,278528
4594,1,0.22969999419729,0.22969999419729,0.000164396216860041,-0.338361591100693,3.3486833219542e-06,278528
4595,1,0.229749994196027,0.229749994196027,0.000151946966070682,-0.339916229248047,3.35628067006581e-06,278528
4596,1,0.229799994194764,0.229799994194764,0.000140244665089995,-0.34022718667984,3.36329290314317e-06,278528
4597,1,0.229849994193501,0.229849994193501,0.000127670937217772,-0.341470897197723,3.36967644984279e-06,278528
4598,1,0.229899994192238,0.229899994192238,0.000116093135147821,-0.342403680086136,3.37548110645355e-06,278528
4599,1,0.229949994190974,0.229949994190974,0.0001052622901625,-0.343336492776871,3.38074422082871e-06,278528
4600,1,0.229999994189711,0.229999994189711,9.31865215534344e-05,-0.344269275665283,3.38540354678868e-06,278528
4601,1,0.230049994188448,0.230049994188448,8.07372707640752e-05,-0.346134871244431,3.38944041022491e-06,278528
4602,1,0.230099994187185,0.230099994187185,6.91594686941244e-05,-0.347378581762314,3.39289838357226e-06,278528
4603,1,0.230149994185922,0.230149994185922,5.69592048123013e-05,-0.348933219909668,3.39574634374093e-06,278528
4604,1,0.230199994184659,0.230199994184659,4.5505898015108e-05,-0.348933219909668,3.3980216385842e-06,278528
4605,1,0.230249994183396,0.230249994183396,3.25586770486552e-05,-0.352664411067963,3.39964957239551e-06,278528
4606,1,0.230299994182133,0.230299994182133,2.09808749787044e-05,-0.352664411067963,3.40069861611794e-06,278528
4607,1,0.23034999418087,0.23034999418087,1.02745207186672e-05,-0.354219049215317,3.4012123421409e-06,278528
4608,1,0.230399994179606,0.230399994179606,-3.66863810086215e-06,-0.356084614992142,3.40102891024049e-06,278528
4609,1,0.230449994178343,0.230449994178343,-1.54954250319861e-05,-0.357328355312347,3.40025413900846e-06,278528
4610,1,0.23049999417708,0.23049999417708,-2.65752587438328e-05,-0.360126703977585,3.39892537610484e-06,278528
4611,1,0.230549994175817,0.230549994175817,-3.97714611608535e-05,-0.361992299556732,3.39693680309703e-06,278528
4612,1,0.230599994174554,0.230599994174554,-5.06023061461747e-05,-0.36385789513588,3.39440668785364e-06,278528
4613,1,0.230649994173291,0.230649994173291,-6.36740151094273e-05,-0.366034388542175,3.3912229871786e-06,278528
4614,1,0.230699994172028,0.230699994172028,-7.50028339098208e-05,-0.367899984121323,3.38747284557784e-06,278528
4615,1,0.230749994170765,0.230749994170765,-8.60826694406569e-05,-0.369454652070999,3.38316871221454e-06,278528
4616,1,0.230799994169502,0.230799994169502,-9.82829296845011e-05,-0.371009290218353,3.37825456585446e-06,278528
4617,1,0.230849994168238,0.230849994168238,-0.000109736232843716,-0.373807668685913,3.37276775435088e-06,278528
4618,1,0.230899994166975,0.230899994166975,-0.000121189557830803,-0.376606047153473,3.36670827661241e-06,278528
4619,1,0.230949994165712,0.230949994165712,-0.00013338981079869,-0.378782570362091,3.36003878624097e-06,278528
4620,1,0.230999994164449,0.230999994164449,-0.000144718636875041,-0.381580919027328,3.35280285458001e-06,278528
4621,1,0.231049994163186,0.231049994163186,-0.000155922956764698,-0.383446514606476,3.34500670693872e-06,278528
4622,1,0.231099994161923,0.231099994161923,-0.000167251782841049,-0.386244863271713,3.33664411800793e-06,278528
4623,1,0.23114999416066,0.23114999416066,-0.000179327544174157,-0.389043271541595,3.32767774102573e-06,278528
4624,1,0.231199994159397,0.231199994159397,-0.000190407372429036,-0.392152547836304,3.31815737264478e-06,278528
4625,1,0.231249994158134,0.231249994158134,-0.000200989234144799,-0.39370721578598,3.30810791119141e-06,278528
4626,1,0.231299994156871,0.231299994156871,-0.000211820079130121,-0.397438377141953,3.29751690750246e-06,278528
4627,1,0.231349994155607,0.231349994155607,-0.000223148905206472,-0.399925827980042,3.28635946252399e-06,278528
4628,1,0.231399994154344,0.231399994154344,-0.000233232785831206,-0.40210235118866,3.27469782352703e-06,278528
4629,1,0.231449994153081,0.231449994153081,-0.000245308561716229,-0.405522584915161,3.26243239575107e-06,278528
4630,1,0.231499994151818,0.231499994151818,-0.0002547700132709,-0.408631891012192,3.24969389540933e-06,278528
4631,1,0.231549994150555,0.231549994150555,-0.000264729402260855,-0.411430269479752,3.23645742563067e-06,278528
4632,1,0.231599994149292,0.231599994149292,-0.000274937745416537,-0.413295835256577,3.22271053870711e-06,278528
4633,1,0.231649994148029,0.231649994148029,-0.000285893125692382,-0.41764885187149,3.20841588278361e-06,278528
4634,1,0.231699994146766,0.231699994146766,-0.000295852514682338,-0.420447260141373,3.19362325742318e-06,278528
4635,1,0.231749994145503,0.231749994145503,-0.000305687426589429,-0.424489349126816,3.17833888647983e-06,278528
4636,1,0.231799994144239,0.231799994144239,-0.00031415288685821,-0.426354914903641,3.16263124253373e-06,278528
4637,1,0.231849994142976,0.231849994142976,-0.000324361288221553,-0.430707931518555,3.14641317853235e-06,278528
4638,1,0.231899994141713,0.231899994141713,-0.000333822710672393,-0.433195382356644,3.12972204342039e-06,278528
4639,1,0.23194999414045,0.23194999414045,-0.000343782128766179,-0.436926543712616,3.11253293741631e-06,278528
4640,1,0.231999994139187,0.231999994139187,-0.00035224761813879,-0.438792139291763,3.0949205569543e-06,278528
4641,1,0.232049994137924,0.232049994137924,-0.000360588601324707,-0.442523330450058,3.07689112734352e-06,278528
4642,1,0.232099994136661,0.232099994136661,-0.000368929584510624,-0.444388866424561,3.05844464858399e-06,278528
4643,1,0.232149994135398,0.232149994135398,-0.00037888900260441,-0.449363768100739,3.03950019893235e-06,278528
4644,1,0.232199994134135,0.232199994134135,-0.000388599408324808,-0.45278400182724,3.02007022900695e-06,278528
4645,1,0.232249994132872,0.232249994132872,-0.00039507300243713,-0.454960525035858,3.00031657938411e-06,278528
4646,1,0.232299994131608,0.232299994131608,-0.000402418052544817,-0.459002614021301,2.98019567726517e-06,278528
4647,1,0.232349994130345,0.232349994130345,-0.000411630520829931,-0.46149006485939,2.9596141517436e-06,278528
4648,1,0.232399994129082,0.232399994129082,-0.000418851122958586,-0.465221226215363,2.93867159612473e-06,278528
4649,1,0.232449994127819,0.232449994127819,-0.000426196173066273,-0.468952387571335,2.91736178800974e-06,278528
4650,1,0.232499994126556,0.232499994126556,-0.000433790235547349,-0.472372621297836,2.8956722767803e-06,278528
4651,1,0.232549994125293,0.232549994125293,-0.000441633223090321,-0.476725667715073,2.87359061618361e-06,278528
4652,1,0.23259999412403,0.23259999412403,-0.00044835582957603,-0.47952401638031,2.85117282527113e-06,278528
4653,1,0.232649994122767,0.232649994122767,-0.000454704946605489,-0.482944250106812,2.8284375785152e-06,278528
4654,1,0.232699994121504,0.232699994121504,-0.000462049967609346,-0.486053556203842,2.80533508071835e-06,278528
4655,1,0.23274999412024,0.23274999412024,-0.000467527657747269,-0.489162862300873,2.78195869842152e-06,278528
4656,1,0.232799994118977,0.232799994118977,-0.000474499247502536,-0.493204951286316,2.75823373664574e-06,278528
4657,1,0.232849994117714,0.232849994117714,-0.00047935446491465,-0.496003359556198,2.73426601400548e-06,278528
4658,1,0.232899994116451,0.232899994116451,-0.000485579046653584,-0.500045418739319,2.70998706228614e-06,278528
4659,1,0.232949994115188,0.232949994115188,-0.000491928192786872,-0.502843797206879,2.68539065326816e-06,278528
4660,1,0.232999994113925,0.232999994113925,-0.000495787477120757,-0.50626403093338,2.66060128003835e-06,278528
4661,1,0.233049994112662,0.233049994112662,-0.000502012087963521,-0.509373366832733,2.63550067627427e-06,278528
4662,1,0.233099994111399,0.233099994111399,-0.000506120326463133,-0.512482643127441,2.6101946605904e-06,278528
4663,1,0.233149994110136,0.233149994110136,-0.000510353071149439,-0.516835689544678,2.58467700767755e-06,278528
4664,1,0.233199994108872,0.233199994108872,-0.000514959276188165,-0.519323110580444,2.55892904451859e-06,278528
4665,1,0.233249994107609,0.233249994107609,-0.00051919202087447,-0.522121489048004,2.53296944413067e-06,278528
4666,1,0.233299994106346,0.233299994106346,-0.000523424823768437,-0.52647453546524,2.50679820360338e-06,278528
4667,1,0.233349994105083,0.233349994105083,-0.000526786141563207,-0.528651058673859,2.48045889719061e-06,278528
4668,1,0.23339999410382,0.23339999410382,-0.000529400364030153,-0.533625900745392,2.45398887965779e-06,278528
4669,1,0.233449994102557,0.233449994102557,-0.000532886246219277,-0.535802483558655,2.42734456801992e-06,278528
4670,1,0.233499994101294,0.233499994101294,-0.000535749539267272,-0.539844572544098,2.40055709173327e-06,278528
4671,1,0.233549994100031,0.233549994100031,-0.000537990476004779,-0.542642891407013,2.37365756861257e-06,278528
4672,1,0.233599994098768,0.233599994098768,-0.000539857777766883,-0.545441269874573,2.34666468040612e-06,278528
4673,1,0.233649994097505,0.233649994097505,-0.000541600689757615,-0.548239648342133,2.31958464660234e-06,278528
4674,1,0.233699994096241,0.233699994096241,-0.000543343543540686,-0.551659882068634,2.2924174701116e-06,278528
4675,1,0.233749994094978,0.233749994094978,-0.000545086513739079,-0.555080115795135,2.26516314511315e-06,278528
4676,1,0.233799994093715,0.233799994093715,-0.000546206894796342,-0.557567596435547,2.23785280106325e-06,278528
4677,1,0.233849994092452,0.233849994092452,-0.000546455907169729,-0.560676872730255,2.210530006395e-06,278528
4678,1,0.233899994091189,0.233899994091189,-0.000547576346434653,-0.563475251197815,2.18315118976491e-06,278528
4679,1,0.233949994089926,0.233949994089926,-0.000548821233678609,-0.566273629665375,2.1557101287742e-06,278528
4680,1,0.233999994088663,0.233999994088663,-0.000548572279512882,-0.569072008132935,2.12828151549146e-06,278528
4681,1,0.2340499940874,0.2340499940874,-0.000547949864994735,-0.572492241859436,2.10088402293385e-06,278528
4682,1,0.234099994086137,0.234099994086137,-0.000548198760952801,-0.575601577758789,2.07347408557864e-06,278528
4683,1,0.234149994084873,0.234149994084873,-0.000546580413356423,-0.577778041362762,2.04614506560121e-06,278528
4684,1,0.23419999408361,0.23419999408361,-0.0005454599740915,-0.579954564571381,2.01887206758561e-06,278528
4685,1,0.234249994082347,0.234249994082347,-0.000544588488992304,-0.58275294303894,1.99164264382386e-06,278528
4686,1,0.234299994081084,0.234299994081084,-0.000543592497706413,-0.584929466247559,1.96446301962516e-06,278528
4687,1,0.234349994079821,0.234349994079821,-0.000540853769052774,-0.58648407459259,1.93742033185568e-06,278528
4688,1,0.234399994078558,0.234399994078558,-0.000540231238119304,-0.58928245306015,1.91040877063208e-06,278528
4689,1,0.234449994077295,0.234449994077295,-0.000537243497092277,-0.591769933700562,1.88354659645606e-06,278528
4690,1,0.234499994076032,0.234499994076032,-0.000534629100002348,-0.59487920999527,1.85681514213124e-06,278528
4691,1,0.234549994074769,0.234549994074769,-0.00053263729205355,-0.597366690635681,1.83018327820134e-06,278528
4692,1,0.234599994073506,0.234599994073506,-0.00052927591605112,-0.599543154239655,1.80371948306731e-06,278528
4693,1,0.234649994072242,0.234649994072242,-0.000525790150277317,-0.601097881793976,1.77742997621758e-06,278528
4694,1,0.234699994070979,0.234699994070979,-0.000521806417964399,-0.604207158088684,1.75133965597845e-06,278528
4695,1,0.234749994069716,0.234749994069716,-0.000518320652190596,-0.605139970779419,1.72542362402362e-06,278528
4696,1,0.234799994068453,0.234799994068453,-0.000513838895130903,-0.608249247074127,1.69973167991611e-06,278528
4697,1,0.23484999406719,0.23484999406719,-0.000508734723553061,-0.60949295759201,1.67429494438104e-06,278528
4698,1,0.234899994065927,0.234899994065927,-0.000505373405758291,-0.611047625541687,1.64902627473146e-06,278528
4699,1,0.234949994064664,0.234949994064664,-0.000500020221807063,-0.613224148750305,1.62402526427269e-06,278528
4700,1,0.234999994063401,0.234999994063401,-0.000494293519295752,-0.614778816699982,1.59931058893225e-06,278528
4701,1,0.235049994062138,0.235049994062138,-0.00048981182044372,-0.616644322872162,1.57481999852875e-06,278528
4702,1,0.235099994060874,0.235099994060874,-0.000483213691040874,-0.61788809299469,1.55065931458705e-06,278528
4703,1,0.235149994059611,0.235149994059611,-0.000476615619845688,-0.620064616203308,1.52682853419678e-06,278528
4704,1,0.235199994058348,0.235199994058348,-0.000470764498459175,-0.621308326721191,1.50329030986845e-06,278528
4705,1,0.235249994057085,0.235249994057085,-0.000463917385786772,-0.622862994670868,1.48009444116509e-06,278528
4706,1,0.235299994055822,0.235299994055822,-0.000458564201835543,-0.6244176030159,1.45716623165253e-06,278528
4707,1,0.235349994054559,0.235349994054559,-0.000451343628810719,-0.623795747756958,1.43459905078209e-06,278528
4708,1,0.235399994053296,0.235399994053296,-0.000444247561972588,-0.626905083656311,1.41238667324459e-06,278528
4709,1,0.235449994052033,0.235449994052033,-0.000436280068242922,-0.626594126224518,1.39057267038351e-06,278528
4710,1,0.23549999405077,0.23549999405077,-0.000427316554123536,-0.627526938915253,1.36920684321708e-06,278528
4711,1,0.235549994049506,0.235549994049506,-0.000420842960011214,-0.629081547260284,1.34816469574809e-06,278528
4712,1,0.235599994048243,0.235599994048243,-0.000412750960094854,-0.629703462123871,1.32752714826469e-06,278528
4713,1,0.23564999404698,0.23564999404698,-0.00040416099363938,-0.630636215209961,1.30731909909322e-06,278528
4714,1,0.235699994045717,0.235699994045717,-0.000395570998080075,-0.631879925727844,1.28754054968887e-06,278528
4715,1,0.235749994044454,0.235749994044454,-0.000385487102903426,-0.632190942764282,1.26826619503061e-06,278528
4716,1,0.235799994043191,0.235799994043191,-0.000376772630261257,-0.632812738418579,1.24942756399345e-06,278528
4717,1,0.235849994041928,0.235849994041928,-0.000367560220183805,-0.633745551109314,1.23104955344853e-06,278528
4718,1,0.235899994040665,0.235899994040665,-0.00035797429154627,-0.633745551109314,1.21315083932337e-06,278528
4719,1,0.235949994039402,0.235949994039402,-0.000349135312717408,-0.633745551109314,1.1956940741285e-06,278528
4720,1,0.235999994038139,0.235999994038139,-0.000339051388436928,-0.634678363800049,1.17874150513491e-06,278528
4721,1,0.236049994036875,0.236049994036875,-0.000328345049638301,-0.634367406368256,1.16232425306773e-06,278528
4722,1,0.236099994035612,0.236099994035612,-0.000318759150104597,-0.634989261627197,1.14638629596513e-06,278528
4723,1,0.236149994034349,0.236149994034349,-0.000308301765471697,-0.634367406368256,1.13097120808096e-06,278528
4724,1,0.236199994033086,0.236199994033086,-0.000296972924843431,-0.63530021905899,1.1161225622139e-06,278528
4725,1,0.236249994031823,0.236249994031823,-0.00028614210896194,-0.634678363800049,1.10181545712723e-06,278528
4726,1,0.23629999403056,0.23629999403056,-0.000275062251603231,-0.634056448936462,1.0880623448945e-06,278528
4727,1,0.236349994029297,0.236349994029297,-0.000263733469182625,-0.634056448936462,1.07487567176849e-06,278528
4728,1,0.236399994028034,0.236399994028034,-0.000253276084549725,-0.63530021905899,1.06221186786092e-06,278528
4729,1,0.236449994026771,0.236449994026771,-0.000241573798120953,-0.633123636245728,1.05013317826e-06,278528
4730,1,0.236499994025507,0.236499994025507,-0.000229249024414457,-0.633745551109314,1.03867072732885e-06,278528
4731,1,0.236549994024244,0.236549994024244,-0.0002180447045248,-0.632812738418579,1.02776849237802e-06,278528
4732,1,0.236599994022981,0.236599994022981,-0.000205595453735441,-0.631879925727844,1.01748871995094e-06,278528
4733,1,0.236649994021718,0.236649994021718,-0.00019327069458086,-0.630325317382813,1.00782518546602e-06,278528
4734,1,0.236699994020455,0.236699994020455,-0.00018144391651731,-0.630325317382813,9.98752989869333e-07,278528
4735,1,0.236749994019192,0.236749994019192,-0.000167998732649721,-0.628148853778839,9.90353053449047e-07,278528
4736,1,0.236799994017929,0.236799994017929,-0.0001571678876644,-0.629081547260284,9.82494659264347e-07,278528
4737,1,0.236849994016666,0.236849994016666,-0.000144096178701147,-0.627526938915253,9.75289850511298e-07,278528
4738,1,0.236899994015403,0.236899994015403,-0.000130401997012086,-0.627216041088104,9.68769750825406e-07,278528
4739,1,0.23694999401414,0.23694999401414,-0.000117828254587948,-0.625350415706635,9.62878338244838e-07,278528
4740,1,0.236999994012876,0.236999994012876,-0.000105379003798589,-0.6244176030159,9.57609388188013e-07,278528
4741,1,0.237049994011613,0.237049994011613,-9.20583042898215e-05,-0.623173892498016,9.53006473089801e-07,278528
4742,1,0.23709999401035,0.23709999401035,-7.96090535004623e-05,-0.621308326721191,9.49026020515333e-07,278528
4743,1,0.237149994009087,0.237149994009087,-6.70353110763244e-05,-0.619753658771515,9.45674255046189e-07,278528
4744,1,0.237199994007824,0.237199994007824,-5.25941868545488e-05,-0.619131803512573,9.43044545769894e-07,278528
4745,1,0.237249994006561,0.237249994006561,-4.0269431337947e-05,-0.616955280303955,9.41031074253861e-07,278528
4746,1,0.237299994005298,0.237299994005298,-2.68242420133902e-05,-0.614467859268188,9.39689862187074e-07,278528
4747,1,0.237349994004035,0.237349994004035,-1.35035452331067e-05,-0.613846004009247,9.39014684942475e-07,278528
4748,1,0.237399994002772,0.237399994002772,3.15121610583446e-07,-0.611047625541687,9.39030441022606e-07,278528
4749,1,0.237449994001508,0.237449994001508,1.32623417812283e-05,-0.609803915023804,9.39693558094916e-07,278528
4750,1,0.237499994000245,0.237499994000245,2.63340516539756e-05,-0.607627391815186,9.41010260644352e-07,278528
4751,1,0.237549993998982,0.237549993998982,3.97792427975219e-05,-0.606072723865509,9.42999222733982e-07,278528
4752,1,0.237599993997719,0.237599993997719,5.32244303030893e-05,-0.603896200656891,9.45660444181909e-07,278528
4753,1,0.237649993996456,0.237649993996456,6.59226643620059e-05,-0.602341532707214,9.48956577316742e-07,278528
4754,1,0.237699993995193,0.237699993995193,7.96168387751095e-05,-0.600165069103241,9.52937419154933e-07,278528
4755,1,0.23774999399393,0.23774999399393,9.28130393731408e-05,-0.598299443721771,9.57578071006357e-07,278528
4756,1,0.237799993992667,0.237799993992667,0.000106009254523087,-0.595190167427063,9.6287853359861e-07,278528
4757,1,0.237849993991404,0.237849993991404,0.00011858298239531,-0.594257354736328,9.68807682568593e-07,278528
4758,1,0.237899993990141,0.237899993990141,0.000131654684082605,-0.591458976268768,9.75390416606429e-07,278528
4759,1,0.237949993988877,0.237949993988877,0.000144850899232551,-0.58834969997406,9.82632961385095e-07,278528
4760,1,0.237999993987614,0.237999993987614,0.000158171606017277,-0.585862219333649,9.90541541486171e-07,278528
4761,1,0.238049993986351,0.238049993986351,0.000170745348441415,-0.583063900470734,9.99078808692572e-07,278528
4762,1,0.238099993985088,0.238099993985088,0.000183941549039446,-0.580265522003174,1.00827588591221e-06,278528
4763,1,0.238149993983825,0.238149993983825,0.000195643835468218,-0.577467083930969,1.0180580774385e-06,278528
4764,1,0.238199993982562,0.238199993982562,0.000208715558983386,-0.574357807636261,1.02849385512404e-06,278528
4765,1,0.238249993981299,0.238249993981299,0.000221538284677081,-0.571870386600494,1.03957076907807e-06,278528
4766,1,0.238299993980036,0.238299993980036,0.000234236518735997,-0.569072008132935,1.051282594719e-06,278528
4767,1,0.238349993978773,0.238349993978773,0.000245565344812348,-0.565962731838226,1.06356086164944e-06,278528
4768,1,0.238399993977509,0.238399993977509,0.000258388055954129,-0.564097106456757,1.07648026412078e-06,278528
4769,1,0.238449993976246,0.238449993976246,0.000269467913312837,-0.561920642852783,1.08995365944605e-06,278528
4770,1,0.238499993974983,0.238499993974983,0.000282166118267924,-0.55881130695343,1.10406196500304e-06,278528
4771,1,0.23854999397372,0.23854999397372,0.000294366385787725,-0.555391073226929,1.11878028392061e-06,278528
4772,1,0.238599993972457,0.238599993972457,0.000305072753690183,-0.551659882068634,1.13403392121978e-06,278528
4773,1,0.238649993971194,0.238649993971194,0.000315281125949696,-0.548861563205719,1.14979797711903e-06,278528
4774,1,0.238699993969931,0.238699993969931,0.000326734414556995,-0.545441269874573,1.16613469743418e-06,278528
4775,1,0.238749993968668,0.238749993968668,0.000338561221724376,-0.542021036148071,1.18306275809276e-06,278528
4776,1,0.238799993967405,0.238799993967405,0.000349392066709697,-0.539222657680511,1.20053236098693e-06,278528
4777,1,0.238849993966141,0.238849993966141,0.00035960046807304,-0.537357091903687,1.21851238393637e-06,278528
4778,1,0.238899993964878,0.238899993964878,0.000369435350876302,-0.53300404548645,1.23698415101355e-06,278528
4779,1,0.238949993963615,0.238949993963615,0.000380888639483601,-0.529894769191742,1.25602858250662e-06,278528
4780,1,0.238999993962352,0.238999993962352,0.00039097256376408,-0.52647453546524,1.27557721020099e-06,278528
4781,1,0.239049993961089,0.239049993961089,0.000399687036406249,-0.523676156997681,1.29556156151645e-06,278528
4782,1,0.239099993959826,0.239099993959826,0.000409521948313341,-0.520255923271179,1.31603765841485e-06,278528
4783,1,0.239149993958563,0.239149993958563,0.000418236420955509,-0.517457544803619,1.33694947893435e-06,278528
4784,1,0.2391999939573,0.2391999939573,0.000428071332862601,-0.513415455818176,1.35835304503678e-06,278528
4785,1,0.239249993956037,0.239249993956037,0.000436910282587633,-0.510617077350616,1.3801985586143e-06,278528
4786,1,0.239299993954774,0.239299993954774,0.000444877805421129,-0.506885886192322,1.40244244832343e-06,278528
4787,1,0.23934999395351,0.23934999395351,0.000453218817710876,-0.503154695034027,1.42510338863651e-06,278528
4788,1,0.239399993952247,0.239399993952247,0.000461186311440542,-0.500667333602905,1.44816270362601e-06,278528
4789,1,0.239449993950984,0.239449993950984,0.000468780373921618,-0.497247040271759,1.47160172172997e-06,278528
4790,1,0.239499993949721,0.239499993949721,0.000476747896755114,-0.493204951286316,1.49543911596554e-06,278528
4791,1,0.239549993948458,0.239549993948458,0.000483470474136993,-0.490717500448227,1.51961263906171e-06,278528
4792,1,0.239599993947195,0.239599993947195,0.000491437967866659,-0.487608224153519,1.54418453683431e-06,278528
4793,1,0.239649993945932,0.239649993945932,0.000497538130730391,-0.484498918056488,1.56906144274239e-06,278528
4794,1,0.239699993944669,0.239699993944669,0.000503762799780816,-0.479834973812103,1.59424958209512e-06,278528
4795,1,0.239749993943406,0.239749993943406,0.00050998741062358,-0.476725667715073,1.61974895198213e-06,278528
4796,1,0.239799993942142,0.239799993942142,0.000514842569828033,-0.472994476556778,1.64549107982323e-06,278528
4797,1,0.239849993940879,0.239849993940879,0.000520818226505071,-0.470196127891541,1.67153199049064e-06,278528
4798,1,0.239899993939616,0.239899993939616,0.000526046904269606,-0.466775894165039,1.69783433503966e-06,278528
4799,1,0.239949993938353,0.239949993938353,0.000531275582034141,-0.463977485895157,1.72439811347031e-06,278528
4800,1,0.23999999393709,0.23999999393709,0.000535383878741413,-0.460557252168655,1.75116730673114e-06,278528
4801,1,0.240049993935827,0.240049993935827,0.000539865577593446,-0.455271452665329,1.7781605849289e-06,278528
4802,1,0.240099993934564,0.240099993934564,0.000543600413948298,-0.453405857086182,1.80534060493969e-06,278528
4803,1,0.240149993933301,0.240149993933301,0.000547957606613636,-0.44998562335968,1.83273848457824e-06,278528
4804,1,0.240199993932038,0.240199993932038,0.000551443372387439,-0.446565419435501,1.86031065250109e-06,278528
4805,1,0.240249993930775,0.240249993930775,0.000554555677808821,-0.442834228277206,1.88803843569106e-06,278528
4806,1,0.240299993929511,0.240299993929511,0.000557170016691089,-0.439413994550705,1.91589693582185e-06,278528
4807,1,0.240349993928248,0.240349993928248,0.000559908919967711,-0.436615616083145,1.94389238111301e-06,278528
4808,1,0.240399993926985,0.240399993926985,0.0005612782551907,-0.435060977935791,1.9719562931636e-06,278528
4809,1,0.240449993925722,0.240449993925722,0.000563643698114902,-0.430397003889084,2.0001384773574e-06,278528
4810,1,0.240499993924459,0.240499993924459,0.000565262045711279,-0.427598655223846,2.02840157892898e-06,278528
4811,1,0.240549993923196,0.240549993923196,0.0005656355060637,-0.423867464065552,2.0566833535177e-06,278528
4812,1,0.240599993921933,0.240599993921933,0.000566755945328623,-0.420136302709579,2.08502115006826e-06,278528
4813,1,0.24064999392067,0.24064999392067,0.000567253911867738,-0.418270707130432,2.11338384494515e-06,278528
4814,1,0.240699993919407,0.240699993919407,0.000567627372220159,-0.415161430835724,2.14176521283918e-06,278528
4815,1,0.240749993918143,0.240749993918143,0.000567627372220159,-0.412052124738693,2.17014658073322e-06,278528
4816,1,0.24079999391688,0.24079999391688,0.000567253911867738,-0.409253746271133,2.1985092756101e-06,278528
4817,1,0.240849993915617,0.240849993915617,0.000566755945328623,-0.40583348274231,2.22684707216066e-06,278528
4818,1,0.240899993914354,0.240899993914354,0.000566257978789508,-0.403346031904221,2.25515997038489e-06,278528
4819,1,0.240949993913091,0.240949993913091,0.00056463957298547,-0.400236755609512,2.28339194832096e-06,278528
4820,1,0.240999993911828,0.240999993911828,0.00056327017955482,-0.397438377141953,2.31155545658724e-06,278528
4821,1,0.241049993910565,0.241049993910565,0.000560531276278198,-0.394950956106186,2.33958201969313e-06,278528
4822,1,0.241099993909302,0.241099993909302,0.000559659907594323,-0.391530692577362,2.36756501436594e-06,278528
4823,1,0.241149993908039,0.241149993908039,0.000557294522877783,-0.389665126800537,2.39542973980591e-06,278528
4824,1,0.241199993906775,0.241199993906775,0.000553933263290673,-0.387177675962448,2.42312640227077e-06,278528
4825,1,0.241249993905512,0.241249993905512,0.00055082089966163,-0.384690225124359,2.4506674465581e-06,278528
4826,1,0.241299993904249,0.241299993904249,0.000548206618987024,-0.382824659347534,2.47807777681501e-06,278528
4827,1,0.241349993902986,0.241349993902986,0.00054372486192733,-0.379715323448181,2.50526401922459e-06,278528
4828,1,0.241399993901723,0.241399993901723,0.000540861510671675,-0.377849757671356,2.53230709407501e-06,278528
4829,1,0.24144999390046,0.24144999390046,0.000537126732524484,-0.374740481376648,2.55916343002279e-06,278528
4830,1,0.241499993899197,0.241499993899197,0.000532396021299064,-0.372563928365707,2.58578323041527e-06,278528
4831,1,0.241549993897934,0.241549993897934,0.000526171352248639,-0.370387434959412,2.61209179736309e-06,278528
4832,1,0.241599993896671,0.241599993896671,0.000522561138495803,-0.367899984121323,2.63821985362783e-06,278528
4833,1,0.241649993895408,0.241649993895408,0.000517456908710301,-0.365412533283234,2.66409269840974e-06,278528
4834,1,0.241699993894144,0.241699993894144,0.00051235273713246,-0.364479750394821,2.68971033461921e-06,278528
4835,1,0.241749993892881,0.241749993892881,0.000507248507346958,-0.362925112247467,2.71507275934585e-06,278528
4836,1,0.241799993891618,0.241799993891618,0.000500027963425964,-0.359504848718643,2.74007415688556e-06,278528
4837,1,0.241849993890355,0.241849993890355,0.000494550331495702,-0.358572065830231,2.76480167283567e-06,278528
4838,1,0.241899993889092,0.241899993889092,0.000488823628984392,-0.357017397880554,2.78924285366746e-06,278528
4839,1,0.241949993887829,0.241949993887829,0.000482723553432152,-0.355151861906052,2.81337903072933e-06,278528
4840,1,0.241999993886566,0.241999993886566,0.00047425803495571,-0.353908121585846,2.83709193187808e-06,278528
4841,1,0.242049993885303,0.242049993885303,0.000467784440843388,-0.350798815488815,2.86048115332939e-06,278528
4842,1,0.24209999388404,0.24209999388404,0.000460314884549007,-0.349244177341461,2.88349689697541e-06,278528
4843,1,0.242149993882776,0.242149993882776,0.000452596344985068,-0.347689509391785,2.90612671365299e-06,278528
4844,1,0.242199993881513,0.242199993881513,0.000446496211225167,-0.347689509391785,2.92845152365027e-06,278528
4845,1,0.24224999388025,0.24224999388025,0.00043616333277896,-0.345202058553696,2.9502596897383e-06,278528
4846,1,0.242299993878987,0.242299993878987,0.000429565232479945,-0.343647420406342,2.97173795081971e-06,278528
4847,1,0.242349993877724,0.242349993877724,0.000421099743107334,-0.343336492776871,2.99279293744319e-06,278528
4848,1,0.242399993876461,0.242399993876461,0.000412385270465165,-0.343025535345078,3.01341220044556e-06,278528
4849,1,0.242449993875198,0.242449993875198,0.00040342181455344,-0.341781824827194,3.03358329066366e-06,278528
4850,1,0.242499993873935,0.242499993873935,0.000394458387745544,-0.340538084506989,3.0533062095527e-06,278528
4851,1,0.242549993872672,0.242549993872672,0.000384623475838453,-0.339916229248047,3.0725373828588e-06,278528
4852,1,0.242599993871409,0.242599993871409,0.000376157957362011,-0.338672518730164,3.09134528025177e-06,278528
4853,1,0.242649993870145,0.242649993870145,0.000366821041097865,-0.338672518730164,3.10968633184333e-06,278528
4854,1,0.242699993868882,0.242699993868882,0.000356363656464964,-0.337428778409958,3.12750451421646e-06,278528
4855,1,0.242749993867619,0.242749993867619,0.000347151217283681,-0.337428778409958,3.14486207464215e-06,278528
4856,1,0.242799993866356,0.242799993866356,0.000336818338837475,-0.336185097694397,3.16170299115859e-06,278528
4857,1,0.242849993865093,0.242849993865093,0.000327605899656191,-0.334941357374191,3.1780832857276e-06,278528
4858,1,0.24289999386383,0.24289999386383,0.000316277059027925,-0.335252285003662,3.1938971382795e-06,278528
4859,1,0.242949993862567,0.242949993862567,0.000307064619846642,-0.336495995521545,3.20925036888398e-06,278528
4860,1,0.242999993861304,0.242999993861304,0.000295237841783091,-0.335563242435455,3.22401226060022e-06,278528
4861,1,0.243049993860041,0.243049993860041,0.000286149879684672,-0.335874140262604,3.23831975422301e-06,278528
4862,1,0.243099993858777,0.243099993858777,0.000274821039056405,-0.335563242435455,3.2520608058287e-06,278528
4863,1,0.243149993857514,0.243149993857514,0.000263990223174915,-0.335874140262604,3.265260316654e-06,278528
4864,1,0.243199993856251,0.243199993856251,0.000253159378189594,-0.335563242435455,3.27791828524371e-06,278528
4865,1,0.243249993854988,0.243249993854988,0.000242577501921915,-0.335563242435455,3.29004716003341e-06,278528
4866,1,0.243299993853725,0.243299993853725,0.000230501740588807,-0.336185097694397,3.3015722467717e-06,278528
4867,1,0.243349993852462,0.243349993852462,0.000219546403968707,-0.336495995521545,3.31254956669283e-06,278528
4868,1,0.243399993851199,0.243399993851199,0.00020784410298802,-0.337428778409958,3.3229417715797e-06,278528
4869,1,0.243449993849936,0.243449993849936,0.000197262241272256,-0.336806952953339,3.33280488339415e-06,278528
4870,1,0.243499993848673,0.243499993848673,0.000184937482117675,-0.337428778409958,3.34205175726644e-06,278528
4871,1,0.243549993847409,0.243549993847409,0.000174231143319048,-0.337739735841751,3.35076331421232e-06,278528
4872,1,0.243599993846146,0.243599993846146,0.00016165740089491,-0.340538084506989,3.35884618405287e-06,278528
4873,1,0.243649993844883,0.243649993844883,0.000150453066453338,-0.339605331420898,3.3663688371855e-06,278528
4874,1,0.24369999384362,0.24369999384362,0.000138626288389787,-0.340538084506989,3.37330015142989e-06,278528
4875,1,0.243749993842357,0.243749993842357,0.000127048464491963,-0.342092782258987,3.37965257449401e-06,278528
4876,1,0.243799993841094,0.243799993841094,0.000114599235530477,-0.343336492776871,3.38538253612578e-06,278528
4877,1,0.243849993839831,0.243849993839831,0.00010289693454979,-0.343025535345078,3.3905273827233e-06,278528
4878,1,0.243899993838568,0.243899993838568,9.08211659407243e-05,-0.34395831823349,3.39506844090562e-06,278528
4879,1,0.243949993837305,0.243949993837305,7.86208984209225e-05,-0.345512986183167,3.39899948572736e-06,278528
4880,1,0.243999993836042,0.243999993836042,6.6669614170678e-05,-0.346756726503372,3.40233296635169e-06,278528
4881,1,0.244049993834778,0.244049993834778,5.52163110114634e-05,-0.347378581762314,3.40509378183251e-06,278528
4882,1,0.244099993833515,0.244099993833515,4.23935853177682e-05,-0.34955507516861,3.40721346104486e-06,278528
4883,1,0.244149993832252,0.244149993832252,3.04423047055025e-05,-0.351731598377228,3.40873557624168e-06,278528
4884,1,0.244199993830989,0.244199993830989,1.88645026355516e-05,-0.353286266326904,3.40967880134963e-06,278528
4885,1,0.244249993829726,0.244249993829726,7.53568610889488e-06,-0.356084614992142,3.41005558564555e-06,278528
4886,1,0.244299993828463,0.244299993828463,-4.91356331622228e-06,-0.356084614992142,3.40980990748595e-06,278528
4887,1,0.2443499938272,0.2443499938272,-1.64913635671837e-05,-0.358882993459702,3.40898533932842e-06,278528
4888,1,0.244399993825937,0.244399993825937,-2.90651059913216e-05,-0.360748589038849,3.40753208406557e-06,278528
4889,1,0.244449993824674,0.244449993824674,-4.07673978770617e-05,-0.361992299556732,3.40549371422321e-06,278528
4890,1,0.24449999382341,0.24449999382341,-5.22207083122339e-05,-0.36385789513588,3.40288267887356e-06,278528
4891,1,0.244549993822147,0.244549993822147,-6.51679292786866e-05,-0.366034388542175,3.39962428249194e-06,278528
4892,1,0.244599993820884,0.244599993820884,-7.59987742640078e-05,-0.368521839380264,3.39582434387473e-06,278528
4893,1,0.244649993819621,0.244649993819621,-8.8448025053367e-05,-0.370387434959412,3.39140194273378e-06,278528
4894,1,0.244699993818358,0.244699993818358,-0.000101146259112284,-0.372563928365707,3.38634462990593e-06,278528
4895,1,0.244749993817095,0.244749993817095,-0.000111852612462826,-0.375051379203796,3.38075199942407e-06,278528
4896,1,0.244799993815832,0.244799993815832,-0.000123554913443513,-0.377227872610092,3.37457425390795e-06,278528
4897,1,0.244849993814569,0.244849993814569,-0.00013625314750243,-0.379404425621033,3.36776159670493e-06,278528
4898,1,0.244899993813306,0.244899993813306,-0.000146461519761942,-0.382513731718063,3.36043852090183e-06,278528
4899,1,0.244949993812043,0.244949993812043,-0.000158288312377408,-0.383757412433624,3.3525241054829e-06,278528
4900,1,0.244999993810779,0.244999993810779,-0.000169243663549423,-0.386866748332977,3.3440619225192e-06,278528
4901,1,0.245049993809516,0.245049993809516,-0.00018044798343908,-0.389354199171066,3.33503952357517e-06,278528
4902,1,0.245099993808253,0.245099993808253,-0.000192523744772188,-0.392774403095245,3.32541333657974e-06,278528
4903,1,0.24514999380699,0.24514999380699,-0.000202981114853173,-0.394639998674393,3.31526428109347e-06,278528
4904,1,0.245199993805727,0.245199993805727,-0.00021331399329938,-0.397127449512482,3.30459858169794e-06,278528
4905,1,0.245249993804464,0.245249993804464,-0.000224393836106174,-0.400236755609512,3.29337889017606e-06,278528
4906,1,0.245299993803201,0.245299993803201,-0.00023659408907406,-0.403346031904221,3.2815491860212e-06,278528
4907,1,0.245349993801938,0.245349993801938,-0.000246180017711595,-0.405211627483368,3.26924018544657e-06,278528
4908,1,0.245399993800675,0.245399993800675,-0.000255890423431993,-0.408942818641663,3.25644566459819e-06,278528
4909,1,0.245449993799411,0.245449993799411,-0.000266223301878199,-0.412363022565842,3.24313449984055e-06,278528
4910,1,0.245499993798148,0.245499993798148,-0.000277303130133078,-0.415161430835724,3.22926934368416e-06,278528
4911,1,0.245549993796885,0.245549993796885,-0.000286017602775246,-0.417959809303284,3.21496846390667e-06,278528
4912,1,0.245599993795622,0.245599993795622,-0.000297097431030124,-0.421069115400314,3.20011359273043e-06,278528
4913,1,0.245649993794359,0.245649993794359,-0.000306558882584795,-0.424800246953964,3.1847856489884e-06,278528
4914,1,0.245699993793096,0.245699993793096,-0.00031614481122233,-0.427598655223846,3.16897840882661e-06,278528
4915,1,0.245749993791833,0.245749993791833,-0.000325979723129421,-0.431329786777496,3.15267942308189e-06,278528
4916,1,0.24579999379057,0.24579999379057,-0.000334818643750623,-0.433195382356644,3.13593849131727e-06,278528
4917,1,0.245849993789307,0.245849993789307,-0.000344529078574851,-0.436926543712616,3.1187120378237e-06,278528
4918,1,0.245899993788044,0.245899993788044,-0.000353865994838998,-0.440968632698059,3.10101873852872e-06,278528
4919,1,0.24594999378678,0.24594999378678,-0.000361709040589631,-0.443456083536148,3.08293328695612e-06,278528
4920,1,0.245999993785517,0.245999993785517,-0.000371543952496722,-0.445943534374237,3.06435608980058e-06,278528
4921,1,0.246049993784254,0.246049993784254,-0.000379760487703606,-0.450296550989151,3.04536806589508e-06,278528
4922,1,0.246099993782991,0.246099993782991,-0.000387727981433272,-0.452162146568298,3.02598166731316e-06,278528
4923,1,0.246149993781728,0.246149993781728,-0.000396691437344998,-0.456204265356064,3.00614709594697e-06,278528
4924,1,0.246199993780465,0.246199993780465,-0.000405032420530915,-0.460557252168655,2.98589547543202e-06,278528
4925,1,0.246249993779202,0.246249993779202,-0.000412501976825297,-0.463355630636215,2.96527037711179e-06,278528
4926,1,0.246299993777939,0.246299993777939,-0.000419473537476733,-0.467086791992188,2.94429670076779e-06,278528
4927,1,0.246349993776676,0.246349993776676,-0.000427565566496924,-0.471128880977631,2.92291842298301e-06,278528
4928,1,0.246399993775412,0.246399993775412,-0.00043453715625219,-0.47361633181572,2.90119156571927e-06,278528
4929,1,0.246449993774149,0.246449993774149,-0.000441384239820763,-0.476414710283279,2.87912235428574e-06,278528
4930,1,0.246499993772886,0.246499993772886,-0.000448480306658894,-0.480145871639252,2.85669833951928e-06,278528
4931,1,0.246549993771623,0.246549993771623,-0.000454580440418795,-0.482944250106812,2.83396931807252e-06,278528
4932,1,0.24659999377036,0.24659999377036,-0.000462049967609346,-0.488541007041931,2.81086682027567e-06,278528
4933,1,0.246649993769097,0.246649993769097,-0.000468025653390214,-0.490095645189285,2.78746553819733e-06,278528
4934,1,0.246699993767834,0.246699993767834,-0.00047400125185959,-0.494448691606522,2.76376547620306e-06,278528
4935,1,0.246749993766571,0.246749993766571,-0.000479727925267071,-0.497868925333023,2.73977908054566e-06,278528
4936,1,0.246799993765308,0.246799993765308,-0.000486201519379392,-0.500356376171112,2.71546900519081e-06,278528
4937,1,0.246849993764044,0.246849993764044,-0.000491554732434452,-0.504398465156555,2.69089126918997e-06,278528
4938,1,0.246899993762781,0.246899993762781,-0.000496534397825599,-0.505953133106232,2.66606454992587e-06,278528
4939,1,0.246949993761518,0.246949993761518,-0.000502012087963521,-0.510927975177765,2.64096394616179e-06,278528
4940,1,0.246999993760255,0.246999993760255,-0.00050636928062886,-0.514037311077118,2.61564548276994e-06,278528
4941,1,0.247049993758992,0.247049993758992,-0.000510851037688553,-0.517768502235413,2.59010293153077e-06,278528
4942,1,0.247099993757729,0.247099993757729,-0.000515332794748247,-0.520877778530121,2.56433629244428e-06,278528
4943,1,0.247149993756466,0.247149993756466,-0.000519316468853503,-0.523987054824829,2.53837046965756e-06,278528
4944,1,0.247199993755203,0.247199993755203,-0.000521806417964399,-0.527096390724182,2.51228014941844e-06,278528
4945,1,0.24724999375394,0.24724999375394,-0.00052591465646401,-0.529583811759949,2.48598441725952e-06,278528
4946,1,0.247299993752677,0.247299993752677,-0.00052927591605112,-0.53207129240036,2.4595206221255e-06,278528
4947,1,0.247349993751413,0.247349993751413,-0.000531890254933387,-0.537046134471893,2.43292611005066e-06,278528
4948,1,0.24739999375015,0.24739999375015,-0.000534504593815655,-0.539533615112305,2.40620088103501e-06,278528
4949,1,0.247449993748887,0.247449993748887,-0.000535002560354769,-0.543886661529541,2.37945075369304e-06,278528
4950,1,0.247499993747624,0.247499993747624,-0.000538488384336233,-0.545752227306366,2.3525263351564e-06,278528
4951,1,0.247549993746361,0.247549993746361,-0.000540604756679386,-0.549172461032867,2.32549609800527e-06,278528
4952,1,0.247599993745098,0.247599993745098,-0.00054209865629673,-0.552592694759369,2.29839116587516e-06,278528
4953,1,0.247649993743835,0.247649993743835,-0.000543343543540686,-0.555391073226929,2.27122398938443e-06,278528
4954,1,0.247699993742572,0.247699993742572,-0.00054446398280561,-0.557256639003754,2.24400079093186e-06,278528
4955,1,0.247749993741309,0.247749993741309,-0.000545584480278194,-0.560365915298462,2.21672156760708e-06,278528
4956,1,0.247799993740045,0.247799993740045,-0.000546580413356423,-0.563786149024963,2.18939254762965e-06,278528
4957,1,0.247849993738782,0.247849993738782,-0.000546206894796342,-0.56720644235611,2.16208220357975e-06,278528
4958,1,0.247899993737519,0.247899993737519,-0.000547202886082232,-0.569693863391876,2.13472205996682e-06,278528
4959,1,0.247949993736256,0.247949993736256,-0.000547078379895538,-0.572803139686584,2.10736814166306e-06,278528
4960,1,0.247999993734993,0.247999993734993,-0.000547700852621347,-0.574979722499847,2.07998309972379e-06,278528
4961,1,0.24804999373373,0.24804999373373,-0.0005454599740915,-0.578710854053497,2.05271010170819e-06,278528
4962,1,0.248099993732467,0.248099993732467,-0.000545211019925773,-0.580887377262115,2.02544955140056e-06,278528
4963,1,0.248149993731204,0.248149993731204,-0.00054309464758262,-0.583374798297882,1.99829481970742e-06,278528
4964,1,0.248199993729941,0.248199993729941,-0.000542472174856812,-0.585240364074707,1.97117121164978e-06,278528
4965,1,0.248249993728678,0.248249993728678,-0.000541600689757615,-0.587727844715118,1.944091177846e-06,278528
4966,1,0.248299993727414,0.248299993727414,-0.000538612832315266,-0.589904308319092,1.91716053691056e-06,278528
4967,1,0.248349993726151,0.248349993726151,-0.000536745530553162,-0.593013644218445,1.89032326106087e-06,278528
4968,1,0.248399993724888,0.248399993724888,-0.000533757673110813,-0.59487920999527,1.86363537807952e-06,278528
4969,1,0.248449993723625,0.248449993723625,-0.00053164130076766,-0.598299443721771,1.83705331371266e-06,278528
4970,1,0.248499993722362,0.248499993722362,-0.000529026903677732,-0.599543154239655,1.81060196919699e-06,278528
4971,1,0.248549993721099,0.248549993721099,-0.000525665644090623,-0.601408779621124,1.78431868765643e-06,278528
4972,1,0.248599993719836,0.248599993719836,-0.000520436966326088,-0.603585243225098,1.75829683999749e-06,278528
4973,1,0.248649993718573,0.248649993718573,-0.000517200212925673,-0.606383681297302,1.73243683000448e-06,278528
4974,1,0.24869999371731,0.24869999371731,-0.000512594007886946,-0.607005536556244,1.7068071302576e-06,278528
4975,1,0.248749993716046,0.248749993716046,-0.000507738732267171,-0.60949295759201,1.68142019428557e-06,278528
4976,1,0.248799993714783,0.248799993714783,-0.000503754999954253,-0.611358523368835,1.65623244492415e-06,278528
4977,1,0.24884999371352,0.24884999371352,-0.000499024288728833,-0.61415696144104,1.63128123111803e-06,278528
4978,1,0.248899993712257,0.248899993712257,-0.000493920058943331,-0.615400671958923,1.60658522879474e-06,278528
4979,1,0.248949993710994,0.248949993710994,-0.000488815829157829,-0.617577135562897,1.58214443795427e-06,278528
4980,1,0.248999993709731,0.248999993709731,-0.000482466770336032,-0.618199050426483,1.55802110004688e-06,278528
4981,1,0.249049993708468,0.249049993708468,-0.000476117624202743,-0.619442760944366,1.53421521943813e-06,278528
4982,1,0.249099993707205,0.249099993707205,-0.000469644030090421,-0.620997369289398,1.51073301852682e-06,278528
4983,1,0.249149993705942,0.249149993705942,-0.000463792879600078,-0.622241139411926,1.48754337513263e-06,278528
4984,1,0.249199993704678,0.249199993704678,-0.000456945796031505,-0.622862994670868,1.46469608590823e-06,278528
4985,1,0.249249993703415,0.249249993703415,-0.000449849729193375,-0.625972270965576,1.44220360001677e-06,278528
4986,1,0.249299993702152,0.249299993702152,-0.000442006683442742,-0.626594126224518,1.42010326640293e-06,278528
4987,1,0.249349993700889,0.249349993700889,-0.00043453715625219,-0.628148853778839,1.39837640913919e-06,278528
4988,1,0.249399993699626,0.249399993699626,-0.000426694139605388,-0.628770649433136,1.37704170269788e-06,278528
4989,1,0.249449993698363,0.249449993698363,-0.000418104144046083,-0.630014359951019,1.35613649602368e-06,278528
4990,1,0.2494999936971,0.2494999936971,-0.000411132583394647,-0.630325317382813,1.33557986737326e-06,278528
4991,1,0.249549993695837,0.249549993695837,-0.00040179563802667,-0.631258130073547,1.31549008597943e-06,278528
4992,1,0.249599993694574,0.249599993694574,-0.000393330148654059,-0.631569027900696,1.29582357904355e-06,278528
4993,1,0.249649993693311,0.249649993693311,-0.000384989165468141,-0.632190942764282,1.27657412125642e-06,278528
4994,1,0.249699993692047,0.249699993692047,-0.000375278701540083,-0.632501840591431,1.25781018665344e-06,278528
4995,1,0.249749993690784,0.249749993690784,-0.000367933651432395,-0.633434653282166,1.23941350454656e-06,278528
4996,1,0.249799993689521,0.249799993689521,-0.000355857890099287,-0.634056448936462,1.22162061049108e-06,278528
4997,1,0.249849993688258,0.249849993688258,-0.000346769928000867,-0.634367406368256,1.20428211452904e-06,278528
4998,1,0.249899993686995,0.249899993686995,-0.000336935016093776,-0.634989261627197,1.18743536414994e-06,278528
4999,1,0.249949993685732,0.249949993685732,-0.000327349116560072,-0.634678363800049,1.17106790873541e-06,278528
5000,1,0.249999993684469,0.249999993684469,-0.000317638681735843,-0.635611116886139,1.15518597504983e-06,278528
5001,1,0.250049993683206,0.250049993683206,-0.000306060916045681,-0.634989261627197,1.13988292963413e-06,278528
5002,1,0.250099993681943,0.250099993681943,-0.000295852514682338,-0.63530021905899,1.12509030427371e-06,278528
5003,1,0.250149993680679,0.250149993680679,-0.000285893125692382,-0.634678363800049,1.1107956483502e-06,278528
5004,1,0.250199993679416,0.250199993679416,-0.0002723234356381,-0.634056448936462,1.09717947691227e-06,278528
5005,1,0.250249993678153,0.250249993678153,-0.000262239540461451,-0.634056448936462,1.08406750022044e-06,278528
5006,1,0.25029999367689,0.25029999367689,-0.000250910728937015,-0.634989261627197,1.07152196409051e-06,278528
5007,1,0.250349993675627,0.250349993675627,-0.000238710461417213,-0.633434653282166,1.05958644132117e-06,278528
5008,1,0.250399993674364,0.250399993674364,-0.000227630633162335,-0.632190942764282,1.04820490995057e-06,278528
5009,1,0.250449993673101,0.250449993673101,-0.000215056890738197,-0.631569027900696,1.0374520656853e-06,278528
5010,1,0.250499993671838,0.250499993671838,-0.000203603573027067,-0.630947172641754,1.02727188729112e-06,278528
5011,1,0.250549993670575,0.250549993670575,-0.000190780847333372,-0.630325317382813,1.01773284516543e-06,278528
5012,1,0.250599993669312,0.250599993669312,-0.000180323491804302,-0.630014359951019,1.00871667080298e-06,278528
5013,1,0.250649993668048,0.250649993668048,-0.000166753801750019,-0.628459751605988,1.00037898092611e-06,278528
5014,1,0.250699993666785,0.250699993666785,-0.000153931076056324,-0.627526938915253,9.92682427317724e-07,278528
5015,1,0.250749993665522,0.250749993665522,-0.000141855300171301,-0.628459751605988,9.85589662488338e-07,278528
5016,1,0.250799993664259,0.250799993664259,-0.000128659085021354,-0.625661373138428,9.7915670839978e-07,278528
5017,1,0.250849993662996,0.250849993662996,-0.000116334340418689,-0.625350415706635,9.73339991525788e-07,278528
5018,1,0.250899993661733,0.250899993661733,-0.000103636106359772,-0.623173892498016,9.68158186338703e-07,278528
5019,1,0.25094999366047,0.25094999366047,-9.00664235814475e-05,-0.623173892498016,9.63654865273394e-07,278528
5020,1,0.250999993659207,0.250999993659207,-7.72436978877522e-05,-0.62068647146225,9.59792680476574e-07,278528
5021,1,0.251049993657944,0.251049993657944,-6.35495307506062e-05,-0.620997369289398,9.56615204019313e-07,278528
5022,1,0.25109999365668,0.25109999365668,-5.04778181493748e-05,-0.61788809299469,9.54091313175603e-07,278528
5023,1,0.251149993655417,0.251149993655417,-3.85265375371091e-05,-0.615711569786072,9.52164986347411e-07,278528
5024,1,0.251199993654154,0.251199993654154,-2.43343911279226e-05,-0.614467859268188,9.50948266821752e-07,278528
5025,1,0.251249993652891,0.251249993652891,-1.20096347018261e-05,-0.613846004009247,9.5034778510183e-07,278528
5026,1,0.251299993651628,0.251299993651628,1.31106162370997e-06,-0.610736668109894,9.50413338181359e-07,278528
5027,1,0.251349993650365,0.251349993650365,1.5254220670613e-05,-0.609182059764862,9.51176049195622e-07,278528
5028,1,0.251399993649102,0.251399993649102,2.74544836429413e-05,-0.607938289642334,9.52548773343092e-07,278528
5029,1,0.251449993647839,0.251449993647839,4.2144598410232e-05,-0.605761826038361,9.5465600321037e-07,278528
5030,1,0.251499993646576,0.251499993646576,5.44693539268337e-05,-0.603896200656891,9.57379470837911e-07,278528
5031,1,0.251549993645312,0.251549993645312,6.90349770593457e-05,-0.601097881793976,9.6083121960368e-07,278528
5032,1,0.251599993644049,0.251599993644049,8.19821943878196e-05,-0.598921298980713,9.64930329219519e-07,278528
5033,1,0.251649993642786,0.251649993642786,9.54273855313659e-05,-0.596433877944946,9.69701698375552e-07,278528
5034,1,0.251699993641523,0.251699993641523,0.000108374610135797,-0.594257354736328,9.75120428745453e-07,278528
5035,1,0.25174999364026,0.25174999364026,0.000121695302368607,-0.592080891132355,9.8120519371017e-07,278528
5036,1,0.251799993638997,0.251799993638997,0.000133273104438558,-0.589593410491943,9.87868848763759e-07,278528
5037,1,0.251849993637734,0.251849993637734,0.000145722355227917,-0.587416887283325,9.95154966341092e-07,278528
5038,1,0.251899993636471,0.251899993636471,0.000161283911438659,-0.584618508815765,1.00321916170931e-06,278528
5039,1,0.251949993635208,0.251949993635208,0.000173733162228018,-0.58275294303894,1.01190581960126e-06,278528
5040,1,0.251999993633945,0.251999993633945,0.000184812990482897,-0.580265522003174,1.02114646889197e-06,278528
5041,1,0.252049993632681,0.252049993632681,0.000199129630345851,-0.577156186103821,1.03110295015774e-06,278528
5042,1,0.252099993631418,0.252099993631418,0.000210956422961317,-0.575601577758789,1.04165077103935e-06,278528
5043,1,0.252149993630155,0.252149993630155,0.000222783215576783,-0.571870386600494,1.05278993153679e-06,278528
5044,1,0.252199993628892,0.252199993628892,0.000235605941270478,-0.568450152873993,1.06457022830272e-06,278528
5045,1,0.252249993627629,0.252249993627629,0.00024730822769925,-0.566584587097168,1.0769356393753e-06,278528
5046,1,0.252299993626366,0.252299993626366,0.000260379922110587,-0.563786149024963,1.08995463515194e-06,278528
5047,1,0.252349993625103,0.252349993625103,0.000272580189630389,-0.561298727989197,1.10358364428916e-06,278528
5048,1,0.25239999362384,0.25239999362384,0.000283784524071962,-0.558500349521637,1.11777287013431e-06,278528
5049,1,0.252449993622577,0.252449993622577,0.000296358281048015,-0.554769217967987,1.13259078381238e-06,278528
5050,1,0.252499993621313,0.252499993621313,0.000305819703498855,-0.552281737327576,1.14788176860104e-06,278528
5051,1,0.25254999362005,0.25254999362005,0.000318019971018657,-0.548861563205719,1.16378276675028e-06,278528
5052,1,0.252599993618787,0.252599993618787,0.000329099799273536,-0.545752227306366,1.18023775629827e-06,278528
5053,1,0.252649993617524,0.252649993617524,0.000339557154802606,-0.542021036148071,1.1972156136095e-06,278528
5054,1,0.252699993616261,0.252699993616261,0.000350885966327041,-0.539222657680511,1.21475991148265e-06,278528
5055,1,0.252749993614998,0.252749993614998,0.00036196582368575,-0.535802483558655,1.23285820220974e-06,278528
5056,1,0.252799993613735,0.252799993613735,0.000371302739949897,-0.532382190227509,1.25142333873824e-06,278528
5057,1,0.252849993612472,0.252849993612472,0.000381635647499934,-0.529894769191742,1.27050512063119e-06,278528
5058,1,0.252899993611209,0.252899993611209,0.000391470530303195,-0.52647453546524,1.29007864665188e-06,278528
5059,1,0.252949993609946,0.252949993609946,0.000400433986214921,-0.523676156997681,1.31010034545683e-06,278528
5060,1,0.252999993608682,0.252999993608682,0.000411140354117379,-0.519323110580444,1.33065736264339e-06,278528
5061,1,0.253049993607419,0.253049993607419,0.000419232324929908,-0.515902876853943,1.35161897836035e-06,278528
5062,1,0.253099993606156,0.253099993606156,0.000427697843406349,-0.512482643127441,1.37300386999044e-06,278528
5063,1,0.253149993604893,0.253149993604893,0.000437034759670496,-0.509995222091675,1.39485560742194e-06,278528
5064,1,0.25319999360363,0.25319999360363,0.000445749290520325,-0.505953133106232,1.41714307138493e-06,278528
5065,1,0.253249993602367,0.253249993602367,0.0004543392569758,-0.50253289937973,1.43986003365984e-06,278528
5066,1,0.253299993601104,0.253299993601104,0.000462182273622602,-0.500045418739319,1.46296914675718e-06,278528
5067,1,0.253349993599841,0.253349993599841,0.00046952732373029,-0.496625185012817,1.48644551235064e-06,278528
5068,1,0.253399993598578,0.253399993598578,0.000477370369480923,-0.493515908718109,1.51031403022171e-06,278528
5069,1,0.253449993597314,0.253449993597314,0.000484217453049496,-0.490095645189285,1.53452490226257e-06,278528
5070,1,0.253499993596051,0.253499993596051,0.000491437967866659,-0.486053556203842,1.55909680003516e-06,278528
5071,1,0.253549993594788,0.253549993594788,0.000498036097269505,-0.483566105365753,1.58399860426957e-06,278528
5072,1,0.253599993593525,0.253599993593525,0.000504385214298964,-0.479834973812103,1.60921786434742e-06,278528
5073,1,0.253649993592262,0.253649993592262,0.000509738398250192,-0.47579288482666,1.63470478361608e-06,278528
5074,1,0.253699993590999,0.253699993590999,0.000514842569828033,-0.472061693668365,1.66044691145718e-06,278528
5075,1,0.253749993589736,0.253749993589736,0.000521191686857492,-0.469885170459747,1.68650649514173e-06,278528
5076,1,0.253799993588473,0.253799993588473,0.000526544870808721,-0.465843081474304,1.71283373801709e-06,278528
5077,1,0.25384999358721,0.25384999358721,0.000530030694790184,-0.46149006485939,1.73933527208711e-06,278528
5078,1,0.253899993585947,0.253899993585947,0.000535757280886173,-0.459624499082565,1.7661231354547e-06,278528
5079,1,0.253949993584683,0.253949993584683,0.00053999008378014,-0.456826090812683,1.79312263896164e-06,278528
5080,1,0.25399999358342,0.25399999358342,0.000543849368114024,-0.453405857086182,1.82031510668041e-06,278528
5081,1,0.254049993582157,0.254049993582157,0.00054708612151444,-0.449363768100739,1.8476694120651e-06,278528
5082,1,0.254099993580894,0.254099993580894,0.000550073978956789,-0.445321679115295,1.87517311031814e-06,278528
5083,1,0.254149993579631,0.254149993579631,0.000554057769477367,-0.443145155906677,1.90287599809217e-06,278528
5084,1,0.254199993578368,0.254199993578368,0.000556547602172941,-0.439413994550705,1.93070337749784e-06,278528
5085,1,0.254249993577105,0.254249993577105,0.000558663974516094,-0.435682833194733,1.95863657551799e-06,278528
5086,1,0.254299993575842,0.254299993575842,0.000561029301024973,-0.432262599468231,1.9866880398606e-06,278528
5087,1,0.254349993574579,0.254349993574579,0.000562647706829011,-0.429775148630142,2.01482042449137e-06,278528
5088,1,0.254399993573315,0.254399993573315,0.000564515125006437,-0.428220510482788,2.04304618002865e-06,278528
5089,1,0.254449993572052,0.254449993572052,0.000564764079172164,-0.424489349126816,2.0712843832739e-06,278528
5090,1,0.254499993570789,0.254499993570789,0.000566382484976202,-0.420447260141373,2.09960350680731e-06,278528
5091,1,0.254549993569526,0.254549993569526,0.0005656355060637,-0.41764885187149,2.12788528139604e-06,278528
5092,1,0.254599993568263,0.254599993568263,0.000566008966416121,-0.413917720317841,2.15618572900191e-06,278528
5093,1,0.254649993567,0.254649993567,0.000566880451515317,-0.410808384418488,2.18452975086165e-06,278528
5094,1,0.254699993565737,0.254699993565737,0.0005656355060637,-0.40801003575325,2.21281152545038e-06,278528
5095,1,0.254749993564474,0.254749993564474,0.000565884460229427,-0.40583348274231,2.24110574774707e-06,278528
5096,1,0.254799993563211,0.254799993563211,0.000563768146093935,-0.403035134077072,2.26929415433967e-06,278528
5097,1,0.254849993561947,0.254849993561947,0.000563643698114902,-0.401169538497925,2.29747633853348e-06,278528
5098,1,0.254899993560684,0.254899993560684,0.000561900727916509,-0.398371189832687,2.32557137421956e-06,278528
5099,1,0.254949993559421,0.254949993559421,0.000560282322112471,-0.394329100847244,2.35358548961749e-06,278528
5100,1,0.254999993558158,0.254999993558158,0.000558041501790285,-0.391219764947891,2.38148756400214e-06,278528
5101,1,0.255049993556895,0.255049993556895,0.000555302656721324,-0.389043271541595,2.4092526961368e-06,278528
5102,1,0.255099993555632,0.255099993555632,0.000552937272004783,-0.386244863271713,2.43689955903862e-06,278528
5103,1,0.255149993554369,0.255149993554369,0.000549451564438641,-0.384379297494888,2.46437213656653e-06,278528
5104,1,0.255199993553106,0.255199993553106,0.000545965682249516,-0.381580919027328,2.4916704199894e-06,278528
5105,1,0.255249993551843,0.255249993551843,0.000543226837180555,-0.379404425621033,2.51883176116227e-06,278528
5106,1,0.25529999355058,0.25529999355058,0.000539367669261992,-0.376295119524002,2.54580014394409e-06,278528
5107,1,0.255349993549316,0.255349993549316,0.00053426343947649,-0.374118596315384,2.57251331524309e-06,278528
5108,1,0.255399993548053,0.255399993548053,0.000529408222064376,-0.372253030538559,2.59898372567761e-06,278528
5109,1,0.25544999354679,0.25544999354679,0.000526295858435333,-0.37069833278656,2.6252985179346e-06,278528
5110,1,0.255499993545527,0.255499993545527,0.000521067180670798,-0.367589056491852,2.65135187630998e-06,278528
5111,1,0.255549993544264,0.255549993544264,0.000514967076014727,-0.366345345973969,2.67710022946026e-06,278528
5112,1,0.255599993543001,0.255599993543001,0.000509613950271159,-0.364168792963028,2.70258092633012e-06,278528
5113,1,0.255649993541738,0.255649993541738,0.000505381205584854,-0.360748589038849,2.72784998597101e-06,278528
5114,1,0.255699993540475,0.255699993540475,0.00049953005509451,-0.359815806150436,2.75282648809478e-06,278528
5115,1,0.255749993539212,0.255749993539212,0.000493305386044085,-0.357328355312347,2.77749175677389e-06,278528
5116,1,0.255799993537948,0.255799993537948,0.000486831762827933,-0.356395572423935,2.80183334430036e-06,278528
5117,1,0.255849993536685,0.255849993536685,0.00047998470836319,-0.355151861906052,2.82583257911225e-06,278528
5118,1,0.255899993535422,0.255899993535422,0.000473511085147038,-0.352975308895111,2.84950813277151e-06,278528
5119,1,0.255949993534159,0.255949993534159,0.000466290512122214,-0.351731598377228,2.87282265778864e-06,278528
5120,1,0.255999993532896,0.255999993532896,0.000458074035122991,-0.350798815488815,2.8957263589662e-06,278528
5121,1,0.256049993531633,0.256049993531633,0.000450604449724779,-0.348000437021255,2.91825658088328e-06,278528
5122,1,0.25609999353037,0.25609999353037,0.00044288593926467,-0.347067624330521,2.9404008772871e-06,278528
5123,1,0.256149993529107,0.256149993529107,0.000434420449892059,-0.346445769071579,2.96212189923298e-06,278528
5124,1,0.256199993527844,0.256199993527844,0.00042670191032812,-0.344580173492432,2.98345699421042e-06,278528
5125,1,0.256249993526581,0.256249993526581,0.000418485404225066,-0.343336492776871,3.00438126389308e-06,278528
5126,1,0.256299993525317,0.256299993525317,0.000409770902479067,-0.342403680086136,3.02486980849945e-06,278528
5127,1,0.256349993524054,0.256349993524054,0.000399935990571976,-0.341781824827194,3.04486660752288e-06,278528
5128,1,0.256399993522791,0.256399993522791,0.000391719542676583,-0.339916229248047,3.06445258416193e-06,278528
5129,1,0.256449993521528,0.256449993521528,0.00038288053474389,-0.339294373989105,3.08359661041551e-06,278528
5130,1,0.256499993520265,0.256499993520265,0.000373668095562607,-0.338672518730164,3.10228001472165e-06,278528
5131,1,0.256549993519002,0.256549993519002,0.000363708706572652,-0.337428778409958,3.12046544959088e-06,278528
5132,1,0.256599993517739,0.256599993517739,0.000354620773578063,-0.337428778409958,3.13819648782186e-06,278528
5133,1,0.256649993516476,0.256649993516476,0.00034441237221472,-0.337428778409958,3.15541710599757e-06,278528
5134,1,0.256699993515213,0.256699993515213,0.000334701966494322,-0.335874140262604,3.17215220389952e-06,278528
5135,1,0.256749993513949,0.256749993513949,0.000324493565130979,-0.336495995521545,3.1883768817462e-06,278528
5136,1,0.256799993512686,0.256799993512686,0.000313538243062794,-0.336495995521545,3.20405379350331e-06,278528
5137,1,0.256849993511423,0.256849993511423,0.000304076791508123,-0.33463042974472,3.21925763269463e-06,278528
5138,1,0.25689999351016,0.25689999351016,0.000294241879601032,-0.333697646856308,3.23396972630303e-06,278528
5139,1,0.256949993508897,0.256949993508897,0.000283162051346153,-0.335874140262604,3.24812782851267e-06,278528
5140,1,0.256999993507634,0.256999993507634,0.00027158428565599,-0.334941357374191,3.26170704245243e-06,278528
5141,1,0.257049993506371,0.257049993506371,0.000260504428297281,-0.334941357374191,3.27473226353825e-06,278528
5142,1,0.257099993505108,0.257099993505108,0.000249922566581517,-0.334941357374191,3.28722839155165e-06,278528
5143,1,0.257149993503845,0.257149993503845,0.000238593755057082,-0.336185097694397,3.29915807900313e-06,278528
5144,1,0.257199993502581,0.257199993502581,0.000228011893341318,-0.335563242435455,3.31055867338219e-06,278528
5145,1,0.257249993501318,0.257249993501318,0.000216309577808715,-0.335874140262604,3.32137415199941e-06,278528
5146,1,0.257299993500055,0.257299993500055,0.000205478747375309,-0.336185097694397,3.33164808910863e-06,278528
5147,1,0.257349993498792,0.257349993498792,0.000193776460946538,-0.337428778409958,3.3413369119112e-06,278528
5148,1,0.257399993497529,0.257399993497529,0.000181825176696293,-0.338361591100693,3.35042817051635e-06,278528
5149,1,0.257449993496266,0.257449993496266,0.000170496365171857,-0.337117880582809,3.35895298855959e-06,278528
5150,1,0.257499993495003,0.257499993495003,0.000158669558004476,-0.339294373989105,3.36688646625939e-06,278528
5151,1,0.25754999349374,0.25754999349374,0.000147589729749598,-0.34022718667984,3.37426595256045e-06,278528
5152,1,0.257599993492477,0.257599993492477,0.000136260918225162,-0.340538084506989,3.3810789982996e-06,278528
5153,1,0.257649993491214,0.257649993491214,0.000122940225992352,-0.341159969568253,3.38722600944393e-06,278528
5154,1,0.25769999348995,0.25769999348995,0.000111984889372252,-0.342092782258987,3.39282525377109e-06,278528
5155,1,0.257749993488687,0.257749993488687,9.99091134872288e-05,-0.344269275665283,3.39782070931926e-06,278528
5156,1,0.257799993487424,0.257799993487424,8.84558030520566e-05,-0.344580173492432,3.40224349936013e-06,278528
5157,1,0.257849993486161,0.257849993486161,7.6380034442991e-05,-0.346756726503372,3.40606250098581e-06,278528
5158,1,0.257899993484898,0.257899993484898,6.35573087492958e-05,-0.348000437021255,3.40924036634299e-06,278528
5159,1,0.257949993483635,0.257949993483635,5.22284899489023e-05,-0.34862232208252,3.41185179077447e-06,278528
5160,1,0.257999993482372,0.257999993482372,3.95302595279645e-05,-0.350487858057022,3.41382830370093e-06,278528
5161,1,0.258049993481109,0.258049993481109,2.83259323623497e-05,-0.352975308895111,3.41524460028327e-06,278528
5162,1,0.258099993479846,0.258099993479846,1.6001176845748e-05,-0.354529976844788,3.41604465910535e-06,278528
5163,1,0.258149993478582,0.258149993478582,3.55192651113612e-06,-0.3554627597332,3.41622225542642e-06,278528
5164,1,0.258199993477319,0.258199993477319,-8.64833782543428e-06,-0.357017397880554,3.41578983854607e-06,278528
5165,1,0.258249993476056,0.258249993476056,-1.94791846297449e-05,-0.359193950891495,3.41481587933919e-06,278528
5166,1,0.258299993474793,0.258299993474793,-3.25508954119869e-05,-0.36105951666832,3.4131883346097e-06,278528
5167,1,0.25834999347353,0.25834999347353,-4.28837738581933e-05,-0.362925112247467,3.41104414597096e-06,278528
5168,1,0.258399993472267,0.258399993472267,-5.65779482712969e-05,-0.364168792963028,3.40821524862886e-06,278528
5169,1,0.258449993471004,0.258449993471004,-6.81557503412478e-05,-0.36696720123291,3.40480746119788e-06,278528
5170,1,0.258499993469741,0.258499993469741,-7.89865953265689e-05,-0.369454652070999,3.40085813153132e-06,278528
5171,1,0.258549993468478,0.258549993468478,-9.05643973965198e-05,-0.371320217847824,3.39632991177589e-06,278528
5172,1,0.258599993467215,0.258599993467215,-0.000102266683825292,-0.372874885797501,3.3912165777138e-06,278528
5173,1,0.258649993465951,0.258649993465951,-0.000115213908429723,-0.375984191894531,3.38545588243784e-06,278528
5174,1,0.258699993464688,0.258699993464688,-0.000126791710499674,-0.378471612930298,3.37911629707301e-06,278528
5175,1,0.258749993463425,0.258749993463425,-0.000137124588945881,-0.380337208509445,3.37226006779892e-06,278528
5176,1,0.258799993462162,0.258799993462162,-0.000149200350278988,-0.381891876459122,3.36480005047342e-06,278528
5177,1,0.258849993460899,0.258849993460899,-0.00016003122436814,-0.385623008012772,3.35679848945715e-06,278528
5178,1,0.258899993459636,0.258899993459636,-0.000171484512975439,-0.387799561023712,3.34822426402498e-06,278528
5179,1,0.258949993458373,0.258949993458373,-0.000183435782673769,-0.389976054430008,3.339052475123e-06,278528
5180,1,0.25899999345711,0.25899999345711,-0.000194391133845784,-0.391530692577362,3.32933291867624e-06,278528
5181,1,0.259049993455847,0.259049993455847,-0.000204972995561548,-0.395883738994598,3.31908426915707e-06,278528
5182,1,0.259099993454583,0.259099993454583,-0.000216426313272677,-0.398060232400894,3.3082629537668e-06,278528
5183,1,0.25914999345332,0.25914999345332,-0.00022663468553219,-0.400236755609512,3.29693121977646e-06,278528
5184,1,0.259199993452057,0.259199993452057,-0.000237714513787068,-0.404900729656219,3.28504549438736e-06,278528
5185,1,0.259249993450794,0.259249993450794,-0.000248171883868054,-0.40583348274231,3.27263690050743e-06,278528
5186,1,0.259299993449531,0.259299993449531,-0.00025850476231426,-0.408942818641663,3.25971166271823e-06,278528
5187,1,0.259349993448268,0.259349993448268,-0.000268713163677603,-0.413606762886047,3.24627600487377e-06,278528
5188,1,0.259399993447005,0.259399993447005,-0.000279170519206673,-0.415472358465195,3.23231747926605e-06,278528
5189,1,0.259449993445742,0.259449993445742,-0.000289627874735743,-0.418892562389374,3.2178360858951e-06,278528
5190,1,0.259499993444479,0.259499993444479,-0.00029896484920755,-0.422001898288727,3.20288784381234e-06,278528
5191,1,0.259549993443215,0.259549993443215,-0.000309048686176538,-0.424800246953964,3.18743540989388e-06,278528
5192,1,0.259599993441952,0.259599993441952,-0.00031888359808363,-0.42884236574173,3.17149123039248e-06,278528
5193,1,0.259649993440689,0.259649993440689,-0.000328096066368744,-0.431018888950348,3.15508642748846e-06,278528
5194,1,0.259699993439426,0.259699993439426,-0.000336810539010912,-0.434439092874527,3.13824590096335e-06,278528
5195,1,0.259749993438163,0.259749993438163,-0.000347018940374255,-0.43754842877388,3.12089495438296e-06,278528
5196,1,0.2597999934369,0.2597999934369,-0.000355359923560172,-0.440346777439117,3.1031269586538e-06,278528
5197,1,0.259849993435637,0.259849993435637,-0.000364447885658592,-0.443767011165619,3.08490456483121e-06,278528
5198,1,0.259899993434374,0.259899993434374,-0.000373660324839875,-0.447187274694443,3.06622154906119e-06,278528
5199,1,0.259949993433111,0.259949993433111,-0.000381378864403814,-0.451229363679886,3.04715260632272e-06,278528
5200,1,0.259999993431848,0.259999993431848,-0.000390093307942152,-0.453716814517975,3.02764794141834e-06,278528
5201,1,0.260049993430584,0.260049993430584,-0.000398060830775648,-0.456826090812683,3.00774490038235e-06,278528
5202,1,0.260099993429321,0.260099993429321,-0.00040553041617386,-0.459313541650772,2.98746838008589e-06,278528
5203,1,0.260149993428058,0.260149993428058,-0.000414120382629335,-0.46428844332695,2.9667623614775e-06,278528
5204,1,0.260199993426795,0.260199993426795,-0.000421963399276137,-0.468019604682922,2.94566419204668e-06,278528
5205,1,0.260249993425532,0.260249993425532,-0.00042744108941406,-0.469885170459747,2.92429213811588e-06,278528
5206,1,0.260299993424269,0.260299993424269,-0.000436280068242922,-0.47361633181572,2.9024781352548e-06,278528
5207,1,0.260349993423006,0.260349993423006,-0.000443127151811495,-0.477658420801163,2.88032177822394e-06,278528
5208,1,0.260399993421743,0.260399993421743,-0.000449600745923817,-0.480456829071045,2.85784174149564e-06,278528
5209,1,0.26044999342048,0.26044999342048,-0.000455949892057106,-0.483566105365753,2.8350442474687e-06,278528
5210,1,0.260499993419216,0.260499993419216,-0.000462921452708542,-0.487297296524048,2.81189817541799e-06,278528
5211,1,0.260549993417953,0.260549993417953,-0.000469768536277115,-0.490717500448227,2.78840974919751e-06,278528
5212,1,0.26059999341669,0.26059999341669,-0.000475619686767459,-0.493204951286316,2.76462876545989e-06,278528
5213,1,0.260649993415427,0.260649993415427,-0.000481221824884415,-0.498801738023758,2.74056767482351e-06,278528
5214,1,0.260699993414164,0.260699993414164,-0.000486201519379392,-0.501289188861847,2.71625759946866e-06,278528
5215,1,0.260749993412901,0.260749993412901,-0.000492675171699375,-0.505020320415497,2.69162384150599e-06,278528
5216,1,0.260799993411638,0.260799993411638,-0.000497530330903828,-0.507507741451263,2.66674732558923e-06,278528
5217,1,0.260849993410375,0.260849993410375,-0.000502261042129248,-0.511238932609558,2.64163427411718e-06,278528
5218,1,0.260899993409112,0.260899993409112,-0.000506618293002248,-0.515281021595001,2.61630336010698e-06,278528
5219,1,0.260949993407849,0.260949993407849,-0.000511598016601056,-0.519634068012238,2.59072345992313e-06,278528
5220,1,0.260999993406585,0.260999993406585,-0.000515457300934941,-0.521188676357269,2.56495059552746e-06,278528
5221,1,0.261049993405322,0.261049993405322,-0.00051881856052205,-0.523987054824829,2.53900966815668e-06,278528
5222,1,0.261099993404059,0.261099993404059,-0.000523673719726503,-0.526785492897034,2.51282598283181e-06,278528
5223,1,0.261149993402796,0.261149993402796,-0.000527159601915628,-0.530827581882477,2.48646800340189e-06,278528
5224,1,0.261199993401533,0.261199993401533,-0.00052927591605112,-0.534558713436127,2.46000420826787e-06,278528
5225,1,0.26124999340027,0.26124999340027,-0.000533259706571698,-0.537667989730835,2.43334122361284e-06,278528
5226,1,0.261299993399007,0.261299993399007,-0.000534753606189042,-0.539844572544098,2.40660354397884e-06,278528
5227,1,0.261349993397744,0.261349993397744,-0.000536496459972113,-0.544197559356689,2.37977872165789e-06,278528
5228,1,0.261399993396481,0.261399993396481,-0.000540106790140271,-0.546684980392456,2.35277338283309e-06,278528
5229,1,0.261449993395217,0.261449993395217,-0.000542223220691085,-0.548239648342133,2.32566222248342e-06,278528
5230,1,0.261499993393954,0.261499993393954,-0.00054346804972738,-0.552903652191162,2.29848882068351e-06,278528
5231,1,0.261549993392691,0.261549993392691,-0.000543343543540686,-0.555701971054077,2.27132164419277e-06,278528
5232,1,0.261599993391428,0.261599993391428,-0.000545211019925773,-0.558500349521637,2.24406109388515e-06,278528
5233,1,0.261649993390165,0.261649993390165,-0.000548198760952801,-0.560987830162048,2.21665115652994e-06,278528
5234,1,0.261699993388902,0.261699993388902,-0.000547949864994735,-0.563786149024963,2.18925366397232e-06,278528
5235,1,0.261749993387639,0.261749993387639,-0.000547576346434653,-0.56720644235611,2.16187484734224e-06,278528
5236,1,0.261799993386376,0.261799993386376,-0.000548074312973768,-0.57093757390976,2.13447113238582e-06,278528
5237,1,0.261849993385113,0.261849993385113,-0.000546331400983036,-0.573424994945526,2.10715456302675e-06,278528
5238,1,0.26189999338385,0.26189999338385,-0.00054782530060038,-0.575912475585938,2.07976329868869e-06,278528
5239,1,0.261949993382586,0.261949993382586,-0.000546580413356423,-0.578710854053497,2.05243427871126e-06,278528
5240,1,0.261999993381323,0.261999993381323,-0.000544961949344724,-0.580576419830322,2.02518618193237e-06,278528
5241,1,0.26204999338006,0.26204999338006,-0.000542970141395926,-0.583685755729675,1.9980376755484e-06,278528
5242,1,0.262099993378797,0.262099993378797,-0.000541725195944309,-0.58648407459259,1.97095141643544e-06,278528
5243,1,0.262149993377534,0.262149993377534,-0.000539484317414463,-0.588971555233002,1.94397720124614e-06,278528
5244,1,0.262199993376271,0.262199993376271,-0.000538114982191473,-0.591458976268768,1.91707145281626e-06,278528
5245,1,0.262249993375008,0.262249993375008,-0.000536247505806386,-0.593324601650238,1.89025907820328e-06,278528
5246,1,0.262299993373745,0.262299993373745,-0.000533508660737425,-0.596433877944946,1.86358364584029e-06,278528
5247,1,0.262349993372482,0.262349993372482,-0.000530520861502737,-0.59767758846283,1.83705760343526e-06,278528
5248,1,0.262399993371218,0.262399993371218,-0.000528528937138617,-0.599854111671448,1.81063115724591e-06,278528
5249,1,0.262449993369955,0.262449993369955,-0.000523673719726503,-0.602341532707214,1.78444747192104e-06,278528
5250,1,0.262499993368692,0.262499993368692,-0.000519690045621246,-0.604518055915833,1.75846297029641e-06,278528
5251,1,0.262549993367429,0.262549993367429,-0.000515457300934941,-0.606383681297302,1.73269010590074e-06,278528
5252,1,0.262599993366166,0.262599993366166,-0.000512220431119204,-0.607938289642334,1.70707908499177e-06,278528
5253,1,0.262649993364903,0.262649993364903,-0.000507116317749023,-0.610114812850952,1.68172326974486e-06,278528
5254,1,0.26269999336364,0.26269999336364,-0.000502510112710297,-0.611358523368835,1.65659776474406e-06,278528
5255,1,0.262749993362377,0.262749993362377,-0.000497405882924795,-0.613535046577454,1.6317274712261e-06,278528
5256,1,0.262799993361114,0.262799993361114,-0.000492426217533648,-0.615711569786072,1.60710616097141e-06,278528
5257,1,0.26284999335985,0.26284999335985,-0.000486077042296529,-0.616644322872162,1.58280230947055e-06,278528
5258,1,0.262899993358587,0.262899993358587,-0.000480225920910016,-0.617577135562897,1.55879101403162e-06,278528
5259,1,0.262949993357324,0.262949993357324,-0.000473876774776727,-0.620064616203308,1.53509717589134e-06,278528
5260,1,0.262999993356061,0.262999993356061,-0.000469021557364613,-0.622241139411926,1.51164609861554e-06,278528
5261,1,0.263049993354798,0.263049993354798,-0.000461925490526482,-0.62348484992981,1.48854982467267e-06,278528
5262,1,0.263099993353535,0.263099993353535,-0.000455451896414161,-0.624106705188751,1.46577723042725e-06,278528
5263,1,0.263149993352272,0.263149993352272,-0.000447235361207277,-0.625972270965576,1.44341546293179e-06,278528
5264,1,0.263199993351009,0.263199993351009,-0.00043926783837378,-0.626905083656311,1.42145207156794e-06,278528
5265,1,0.263249993349746,0.263249993349746,-0.000432545260991901,-0.628148853778839,1.3998248090647e-06,278528
5266,1,0.263299993348483,0.263299993348483,-0.000424328754888847,-0.629081547260284,1.37860837185623e-06,278528
5267,1,0.263349993347219,0.263349993347219,-0.000417232688050717,-0.630325317382813,1.3577467379807e-06,278528
5268,1,0.263399993345956,0.263399993345956,-0.000408020248869434,-0.630947172641754,1.3373457260526e-06,278528
5269,1,0.263449993344693,0.263449993344693,-0.0003984343202319,-0.631258130073547,1.31742401054427e-06,278528
5270,1,0.26349999334343,0.26349999334343,-0.000391587236663327,-0.631569027900696,1.29784464920572e-06,278528
5271,1,0.263549993342167,0.263549993342167,-0.000382748257834464,-0.632190942764282,1.27870723679745e-06,278528
5272,1,0.263599993340904,0.263599993340904,-0.000372913345927373,-0.633745551109314,1.26006156997211e-06,278528
5273,1,0.263649993339641,0.263649993339641,-0.000363202940206975,-0.634056448936462,1.24190142342053e-06,278528
5274,1,0.263699993338378,0.263699993338378,-0.000353617040673271,-0.634367406368256,1.22422057183352e-06,278528
5275,1,0.263749993337115,0.263749993337115,-0.000344280095305294,-0.634056448936462,1.20700656750312e-06,278528
5276,1,0.263799993335851,0.263799993335851,-0.000334196200128645,-0.63530021905899,1.19029675791881e-06,278528
5277,1,0.263849993334588,0.263849993334588,-0.000323738844599575,-0.633745551109314,1.17410981609775e-06,278528
5278,1,0.263899993333325,0.263899993333325,-0.000313156982883811,-0.634678363800049,1.15845196734911e-06,278528
5279,1,0.263949993332062,0.263949993332062,-0.000303571083350107,-0.635611116886139,1.14327341356505e-06,278528
5280,1,0.263999993330799,0.263999993330799,-0.00029186878236942,-0.634367406368256,1.12867997481524e-06,278528
5281,1,0.264049993329536,0.264049993329536,-0.000281162414466962,-0.633745551109314,1.11462185444703e-06,278528
5282,1,0.264099993328273,0.264099993328273,-0.000269584619672969,-0.634678363800049,1.10114262380389e-06,278528
5283,1,0.26414999332701,0.26414999332701,-0.000258878251770511,-0.634056448936462,1.08819871154236e-06,278528
5284,1,0.264199993325747,0.264199993325747,-0.000246926967520267,-0.633745551109314,1.07585236347824e-06,278528
5285,1,0.264249993324484,0.264249993324484,-0.00023522466653958,-0.633123636245728,1.06409113044837e-06,278528
5286,1,0.26429999332322,0.26429999332322,-0.000224020332098007,-0.632812738418579,1.05289011412643e-06,278528
5287,1,0.264349993321957,0.264349993321957,-0.000212069062399678,-0.632501840591431,1.04228666127432e-06,278528
5288,1,0.264399993320694,0.264399993320694,-0.000199744303245097,-0.630947172641754,1.03229944636436e-06,278528
5289,1,0.264449993319431,0.264449993319431,-0.000187793033546768,-0.630325317382813,1.02290979492422e-06,278528
5290,1,0.264499993318168,0.264499993318168,-0.000174970307853073,-0.630947172641754,1.01416127975258e-06,278528
5291,1,0.264549993316905,0.264549993316905,-0.000162272073794156,-0.629392504692078,1.00604767626784e-06,278528
5292,1,0.264599993315642,0.264599993315642,-0.000150569772813469,-0.627526938915253,9.98519187817347e-07,278528
5293,1,0.264649993314379,0.264649993314379,-0.000137249080580659,-0.626283228397369,9.91656733961674e-07,278528
5294,1,0.264699993313116,0.264699993313116,-0.000124675352708437,-0.626594126224518,9.85422966483731e-07,278528
5295,1,0.264749993311852,0.264749993311852,-0.000113222034997307,-0.624106705188751,9.79761864876877e-07,278528
5296,1,0.264799993310589,0.264799993310589,-9.94033616734669e-05,-0.622862994670868,9.74791696918761e-07,278528
5297,1,0.264849993309326,0.264849993309326,-8.68296265252866e-05,-0.62161922454834,9.70450215702171e-07,278528
5298,1,0.264899993308063,0.264899993308063,-7.37579102860764e-05,-0.620997369289398,9.66762320281032e-07,278528
5299,1,0.2649499933068,0.2649499933068,-6.03127227805089e-05,-0.618509948253632,9.63746684218188e-07,278528
5300,1,0.264999993305537,0.264999993305537,-4.76144850836135e-05,-0.617577135562897,9.61365960024149e-07,278528
5301,1,0.265049993304274,0.265049993304274,-3.34223441313952e-05,-0.616333425045013,9.59694842859795e-07,278528
5302,1,0.265099993303011,0.265099993303011,-2.05996166187106e-05,-0.61508971452713,9.58664862054879e-07,278528
5303,1,0.265149993301748,0.265149993301748,-7.15442820364842e-06,-0.613224148750305,9.58307140653734e-07,278528
5304,1,0.265199993300484,0.265199993300484,6.53974575470784e-06,-0.611047625541687,9.58634127933208e-07,278528
5305,1,0.265249993299221,0.265249993299221,1.84910259122262e-05,-0.608871102333069,9.59558679205464e-07,278528
5306,1,0.265299993297958,0.265299993297958,3.11892581521533e-05,-0.607316434383392,9.61118142073676e-07,278528
5307,1,0.265349993296695,0.265349993296695,4.6501838369295e-05,-0.604207158088684,9.63443233933404e-07,278528
5308,1,0.265399993295432,0.265399993295432,5.95735473325476e-05,-0.603274345397949,9.66421911224784e-07,278528
5309,1,0.265449993294169,0.265449993294169,7.26452562958002e-05,-0.600786924362183,9.70054173947815e-07,278528
5310,1,0.265499993292906,0.265499993292906,8.54679819894955e-05,-0.599232256412506,9.74327572939335e-07,278528
5311,1,0.265549993291643,0.265549993291643,9.89131731330417e-05,-0.596433877944946,9.79273231471049e-07,278528
5312,1,0.26559999329038,0.26559999329038,0.000112731839180924,-0.594257354736328,9.84909823287703e-07,278528
5313,1,0.265649993289117,0.265649993289117,0.000125305596156977,-0.591769933700562,9.91175102937277e-07,278528
5314,1,0.265699993287853,0.265699993287853,0.0001378793240292,-0.590215265750885,9.98069068964581e-07,278528
5315,1,0.26574999328659,0.26574999328659,0.000150826541357674,-0.587727844715118,1.00561039584195e-06,278528
5316,1,0.265799993285327,0.265799993285327,0.000164147248142399,-0.584307610988617,1.01381775804174e-06,278528
5317,1,0.265849993284064,0.265849993284064,0.000176596498931758,-0.58275294303894,1.02264758276527e-06,278528
5318,1,0.265899993282801,0.265899993282801,0.000189792699529789,-0.579643666744232,1.03213721750203e-06,278528
5319,1,0.265949993281538,0.265949993281538,0.000202117444132455,-0.576845228672028,1.04224308945336e-06,278528
5320,1,0.265999993280275,0.265999993280275,0.000213819730561227,-0.574357807636261,1.05293407571134e-06,278528
5321,1,0.266049993279012,0.266049993279012,0.000227638403885067,-0.571248531341553,1.06431599561806e-06,278528
5322,1,0.266099993277749,0.266099993277749,0.000239589688135311,-0.568761050701141,1.0762954797222e-06,278528
5323,1,0.266149993276485,0.266149993276485,0.000251914461841807,-0.565651774406433,1.0888912024961e-06,278528
5324,1,0.266199993275222,0.266199993275222,0.000263990223174915,-0.56254243850708,1.10209071332139e-06,278528
5325,1,0.266249993273959,0.266249993273959,0.000276190490694717,-0.560365915298462,1.11590023750727e-06,278528
5326,1,0.266299993272696,0.266299993272696,0.00028677232330665,-0.557256639003754,1.13023885331038e-06,278528
5327,1,0.266349993271433,0.266349993271433,0.00029822564101778,-0.554458260536194,1.14515013498458e-06,278528
5328,1,0.26639999327017,0.26639999327017,0.000310674920910969,-0.551348924636841,1.16068388063771e-06,278528
5329,1,0.266449993268907,0.266449993268907,0.000321754720062017,-0.546684980392456,1.1767716162344e-06,278528
5330,1,0.266499993267644,0.266499993267644,0.000332585594151169,-0.543886661529541,1.19340089552187e-06,278528
5331,1,0.266549993266381,0.266549993266381,0.000344038911862299,-0.54046642780304,1.21060284068043e-06,278528
5332,1,0.266599993265118,0.266599993265118,0.000354122777935117,-0.53860080242157,1.22830897912989e-06,278528
5333,1,0.266649993263854,0.266649993263854,0.00036433117929846,-0.535491526126862,1.24652553763462e-06,278528
5334,1,0.266699993262591,0.266699993262591,0.000375037488993257,-0.531760334968567,1.26527741161057e-06,278528
5335,1,0.266749993261328,0.266749993261328,0.000385370396543294,-0.528340101242065,1.28454593095097e-06,278528
5336,1,0.266799993260065,0.266799993260065,0.00039433385245502,-0.525230765342712,1.30426262307564e-06,278528
5337,1,0.266849993258802,0.266849993258802,0.000404044287279248,-0.521499633789063,1.32446483692925e-06,278528
5338,1,0.266899993257539,0.266899993257539,0.000413007743190974,-0.519323110580444,1.34511522356713e-06,278528
5339,1,0.266949993256276,0.266949993256276,0.000422220182372257,-0.515591979026794,1.36622623215243e-06,278528
5340,1,0.266999993255013,0.266999993255013,0.000432055065175518,-0.512482643127441,1.38782898486547e-06,278528
5341,1,0.26704999325375,0.26704999325375,0.00044052058365196,-0.508440554141998,1.40985501349165e-06,278528
5342,1,0.267099993252486,0.267099993252486,0.000447492144303396,-0.505642175674438,1.43222962014159e-06,278528
5343,1,0.267149993251223,0.267149993251223,0.000457451562397182,-0.502843797206879,1.45510219768364e-06,278528
5344,1,0.26719999324996,0.26719999324996,0.000464049633592367,-0.499112635850906,1.47830467877711e-06,278528
5345,1,0.267249993248697,0.267249993248697,0.00047326207277365,-0.494759649038315,1.50196778181801e-06,278528
5346,1,0.267299993247434,0.267299993247434,0.000478864239994437,-0.491961240768433,1.52591099321288e-06,278528
5347,1,0.267349993246171,0.267349993246171,0.000486831762827933,-0.488230109214783,1.55025258073936e-06,278528
5348,1,0.267399993244908,0.267399993244908,0.000493554340209812,-0.485742658376694,1.57493029712643e-06,278528
5349,1,0.267449993243645,0.267449993243645,0.000499405548907816,-0.482633322477341,1.59990057394102e-06,278528
5350,1,0.267499993242382,0.267499993242382,0.000506875046994537,-0.478280305862427,1.62524432565051e-06,278528
5351,1,0.267549993241119,0.267549993241119,0.000513597682584077,-0.474860072135925,1.65092420913099e-06,278528
5352,1,0.267599993239855,0.267599993239855,0.000517581414896995,-0.471750766038895,1.67680327922208e-06,278528
5353,1,0.267649993238592,0.267649993238592,0.000524553004652262,-0.468019604682922,1.70303092879213e-06,278528
5354,1,0.267699993237329,0.267699993237329,0.000529034703504294,-0.46428844332695,1.72948266329911e-06,278528
5355,1,0.267749993236066,0.267749993236066,0.0005332674481906,-0.462733805179596,1.75614603503507e-06,278528
5356,1,0.267799993234803,0.267799993234803,0.000539118598680943,-0.457137048244476,1.78310196428815e-06,278528
5357,1,0.26784999323354,0.26784999323354,0.000543102389201522,-0.454338669776917,1.81025708306223e-06,278528
5358,1,0.267899993232277,0.267899993232277,0.000545218819752336,-0.451540261507034,1.83751802336118e-06,278528
5359,1,0.267949993231014,0.267949993231014,0.000550073978956789,-0.448430985212326,1.86502172161422e-06,278528
5360,1,0.267999993229751,0.267999993229751,0.000552314857486635,-0.444699823856354,1.89263746379092e-06,278528
5361,1,0.268049993228487,0.268049993228487,0.000555053702555597,-0.440968632698059,1.92039014821761e-06,278528
5362,1,0.268099993227224,0.268099993227224,0.000558663974516094,-0.438170284032822,1.94832334623776e-06,278528
5363,1,0.268149993225961,0.268149993225961,0.000560033309739083,-0.435371905565262,1.97632501101733e-06,278528
5364,1,0.268199993224698,0.268199993224698,0.000562647706829011,-0.431329786777496,2.0044573956481e-06,278528
5365,1,0.268249993223435,0.268249993223435,0.000563519191928208,-0.429464250802994,2.03263335453272e-06,278528
5366,1,0.268299993222172,0.268299993222172,0.000565013033337891,-0.426976799964905,2.06088400548595e-06,278528
5367,1,0.268349993220909,0.268349993220909,0.000566880451515317,-0.423556536436081,2.08922802734568e-06,278528
5368,1,0.268399993219646,0.268399993219646,0.000567627372220159,-0.419825375080109,2.11760939523972e-06,278528
5369,1,0.268449993218383,0.268449993218383,0.000567004957702011,-0.416094213724136,2.14595964240863e-06,278528
5370,1,0.268499993217119,0.268499993217119,0.00056663149734959,-0.413606762886047,2.17429121656039e-06,278528
5371,1,0.268549993215856,0.268549993215856,0.000566008966416121,-0.411430269479752,2.20259166416627e-06,278528
5372,1,0.268599993214593,0.268599993214593,0.000566257978789508,-0.408320933580399,2.2309045623905e-06,278528
5373,1,0.26864999321333,0.26864999321333,0.000566008966416121,-0.403346031904221,2.25920500999638e-06,278528
5374,1,0.268699993212067,0.268699993212067,0.000563892652280629,-0.401791393756866,2.28739964189815e-06,278528
5375,1,0.268749993210804,0.268749993210804,0.000563021167181432,-0.399614900350571,2.31555069954607e-06,278528
5376,1,0.268799993209541,0.268799993209541,0.000561402761377394,-0.39650559425354,2.34362083690583e-06,278528
5377,1,0.268849993208278,0.268849993208278,0.000560033309739083,-0.394639998674393,2.3716225016854e-06,278528
5378,1,0.268899993207015,0.268899993207015,0.000558041501790285,-0.390286952257156,2.39952457607005e-06,278528
5379,1,0.268949993205752,0.268949993205752,0.000553933263290673,-0.388421416282654,2.42722123853491e-06,278528
5380,1,0.268999993204488,0.268999993204488,0.00055181683273986,-0.386555820703506,2.4548120794749e-06,278528
5381,1,0.269049993203225,0.269049993203225,0.000548580079339445,-0.383757412433624,2.48224108274895e-06,278528
5382,1,0.269099993201962,0.269099993201962,0.000545094313565642,-0.380337208509445,2.50949579773872e-06,278528
5383,1,0.269149993200699,0.269149993200699,0.000542230962309986,-0.37909346818924,2.53660734516933e-06,278528
5384,1,0.269199993199436,0.269199993199436,0.000537749205250293,-0.377227872610092,2.56349480475261e-06,278528
5385,1,0.269249993198173,0.269249993198173,0.000534014427103102,-0.373807668685913,2.59019552543325e-06,278528
5386,1,0.26929999319691,0.26929999319691,0.000529906188603491,-0.371942073106766,2.61669083419409e-06,278528
5387,1,0.269349993195647,0.269349993195647,0.000524926465004683,-0.369143694639206,2.64293715678129e-06,278528
5388,1,0.269399993194384,0.269399993194384,0.000520071305800229,-0.367278128862381,2.66894072141439e-06,278528
5389,1,0.26944999319312,0.26944999319312,0.000514842569828033,-0.365412533283234,2.6946828492555e-06,278528
5390,1,0.269499993191857,0.269499993191857,0.000508866971358657,-0.36385789513588,2.72012619718068e-06,278528
5391,1,0.269549993190594,0.269549993190594,0.000502766808494925,-0.36105951666832,2.74526453697037e-06,278528
5392,1,0.269599993189331,0.269599993189331,0.000497040164191276,-0.359815806150436,2.77011654455212e-06,278528
5393,1,0.269649993188068,0.269649993188068,0.000490815553348511,-0.357328355312347,2.7946573215996e-06,278528
5394,1,0.269699993186805,0.269699993186805,0.000483968440676108,-0.355151861906052,2.8188557430221e-06,278528
5395,1,0.269749993185542,0.269749993185542,0.000476498913485557,-0.354219049215317,2.84268068809451e-06,278528
5396,1,0.269799993184279,0.269799993184279,0.000470523256808519,-0.352353453636169,2.86620685034061e-06,278528
5397,1,0.269849993183016,0.269849993183016,0.000462804746348411,-0.351731598377228,2.88934708707346e-06,278528
5398,1,0.269899993181753,0.269899993181753,0.000455833156593144,-0.349866032600403,2.91213874432735e-06,278528
5399,1,0.269949993180489,0.269949993180489,0.000448861566837877,-0.348000437021255,2.93458182210229e-06,278528
5400,1,0.269999993179226,0.269999993179226,0.000440022617112845,-0.346756726503372,2.95658295240213e-06,278528
5401,1,0.270049993177963,0.270049993177963,0.000433175533544272,-0.345202058553696,2.9782417285322e-06,278528
5402,1,0.2700999931767,0.2700999931767,0.000423216115450487,-0.344269275665283,2.99940253377016e-06,278528
5403,1,0.270149993175437,0.270149993175437,0.000414626119891182,-0.343336492776871,3.020133839241e-06,278528
5404,1,0.270199993174174,0.270199993174174,0.000406658626161516,-0.341159969568253,3.04046677003542e-06,278528
5405,1,0.270249993172911,0.270249993172911,0.000396948220441118,-0.340849041938782,3.06031418055609e-06,278528
5406,1,0.270299993171648,0.270299993171648,0.000388358224881813,-0.339605331420898,3.07973209130964e-06,278528
5407,1,0.270349993170385,0.270349993170385,0.000379892706405371,-0.339916229248047,3.09872672615007e-06,278528
5408,1,0.270399993169121,0.270399993169121,0.00037105375668034,-0.338672518730164,3.1172794135154e-06,278528
5409,1,0.270449993167858,0.270449993167858,0.000360720878234133,-0.337739735841751,3.13531545697148e-06,278528
5410,1,0.270499993166595,0.270499993166595,0.00035150843905285,-0.337117880582809,3.15289087848013e-06,278528
5411,1,0.270549993165332,0.270549993165332,0.000341424543876201,-0.337117880582809,3.16996210524269e-06,278528
5412,1,0.270599993164069,0.270599993164069,0.000330842682160437,-0.336185097694397,3.18650423893282e-06,278528
5413,1,0.270649993162806,0.270649993162806,0.000321256753522903,-0.334941357374191,3.20256707620318e-06,278528
5414,1,0.270699993161543,0.270699993161543,0.000311297364532948,-0.335874140262604,3.21813194403663e-06,278528
5415,1,0.27074999316028,0.27074999316028,0.000301213498460129,-0.334941357374191,3.23319261857917e-06,278528
5416,1,0.270799993159017,0.270799993159017,0.000289884657831863,-0.335563242435455,3.24768685110461e-06,278528
5417,1,0.270849993157753,0.270849993157753,0.000278555846307427,-0.335252285003662,3.26161464306813e-06,278528
5418,1,0.27089999315649,0.27089999315649,0.000268596457317472,-0.33431950211525,3.27504446559474e-06,278528
5419,1,0.270949993155227,0.270949993155227,0.000257890089415014,-0.336185097694397,3.28793896973975e-06,278528
5420,1,0.270999993153964,0.270999993153964,0.000246810261160135,-0.335252285003662,3.30027948248601e-06,278528
5421,1,0.271049993152701,0.271049993152701,0.000235356943449005,-0.336495995521545,3.31204732936118e-06,278528
5422,1,0.271099993151438,0.271099993151438,0.000223281182115898,-0.335874140262604,3.32321138818495e-06,278528
5423,1,0.271149993150175,0.271149993150175,0.000213197286939248,-0.336185097694397,3.33387125226262e-06,278528
5424,1,0.271199993148912,0.271199993148912,0.000200997019419447,-0.336806952953339,3.34392110297971e-06,278528
5425,1,0.271249993147649,0.271249993147649,0.000189917191164568,-0.336806952953339,3.35341696229805e-06,278528
5426,1,0.271299993146386,0.271299993146386,0.000177841415279545,-0.338361591100693,3.3623090328374e-06,278528
5427,1,0.271349993145122,0.271349993145122,0.000166761587024666,-0.3380506336689,3.37064711197799e-06,278528
5428,1,0.271399993143859,0.271399993143859,0.000155806250404567,-0.338983446359634,3.37843742430142e-06,278528
5429,1,0.271449993142596,0.271449993142596,0.00014310801634565,-0.340849041938782,3.38559282493794e-06,278528
5430,1,0.271499993141333,0.271499993141333,0.000131281223730184,-0.341159969568253,3.39215688595863e-06,278528
5431,1,0.27154999314007,0.27154999314007,0.000119827913295012,-0.342403680086136,3.39814828147202e-06,278528
5432,1,0.271599993138807,0.271599993138807,0.000108250111225061,-0.342714637517929,3.40356078689655e-06,278528
5433,1,0.271649993137544,0.271649993137544,9.66723091551103e-05,-0.344580173492432,3.40839440223219e-06,278528
5434,1,0.271699993136281,0.271699993136281,8.48455238156021e-05,-0.345823913812637,3.41263667831581e-06,278528
5435,1,0.271749993135018,0.271749993135018,7.23962803022005e-05,-0.347378581762314,3.41625649223947e-06,278528
5436,1,0.271799993133754,0.271799993133754,6.08184745942708e-05,-0.348933219909668,3.41929741589236e-06,278528
5437,1,0.271849993132491,0.271849993132491,4.88671903440263e-05,-0.34955507516861,3.42174077534784e-06,278528
5438,1,0.271899993131228,0.271899993131228,3.65424348274246e-05,-0.351109713315964,3.42356789704306e-06,278528
5439,1,0.271949993129965,0.271949993129965,2.47156513069058e-05,-0.352042526006699,3.42480367957718e-06,278528
5440,1,0.271999993128702,0.271999993128702,1.21419088827679e-05,-0.353286266326904,3.42541077500598e-06,278528
5441,1,0.272049993127439,0.272049993127439,6.88599129716749e-07,-0.3554627597332,3.4254452049616e-06,278528
5442,1,0.272099993126176,0.272099993126176,-1.12626803456806e-05,-0.357017397880554,3.42488207095854e-06,278528
5443,1,0.272149993124913,0.272149993124913,-2.28404824156314e-05,-0.359193950891495,3.42374004686661e-06,278528
5444,1,0.27219999312365,0.27219999312365,-3.47917593899183e-05,-0.360748589038849,3.42200045894106e-06,278528
5445,1,0.272249993122387,0.272249993122387,-4.69920232717413e-05,-0.361992299556732,3.41965085783683e-06,278528
5446,1,0.272299993121123,0.272299993121123,-5.91922907915432e-05,-0.365101605653763,3.41669124337202e-06,278528
5447,1,0.27234999311986,0.27234999311986,-7.07700892235152e-05,-0.36696720123291,3.41315273900023e-06,278528
5448,1,0.272399993118597,0.272399993118597,-8.42152803670615e-05,-0.370387434959412,3.40894197508825e-06,278528
5449,1,0.272449993117334,0.272449993117334,-9.44236599025317e-05,-0.371009290218353,3.40422079221239e-06,278528
5450,1,0.272499993116071,0.272499993116071,-0.000106125953607261,-0.373496741056442,3.39891449466608e-06,278528
5451,1,0.272549993114808,0.272549993114808,-0.000118575211672578,-0.375984191894531,3.39298573423222e-06,278528
5452,1,0.272599993113545,0.272599993113545,-0.000130401997012086,-0.377538830041885,3.38646563454633e-06,278528
5453,1,0.272649993112282,0.272649993112282,-0.00014098385872785,-0.380959063768387,3.37941644178802e-06,278528
5454,1,0.272699993111019,0.272699993111019,-0.000153308617882431,-0.383757412433624,3.37175101108754e-06,278528
5455,1,0.272749993109755,0.272749993109755,-0.000164637443958782,-0.38500115275383,3.36351913909755e-06,278528
5456,1,0.272799993108492,0.272799993108492,-0.000175343782757409,-0.387799561023712,3.35475195018116e-06,278528
5457,1,0.272849993107229,0.272849993107229,-0.000187544050277211,-0.391841650009155,3.34537474790419e-06,278528
5458,1,0.272899993105966,0.272899993105966,-0.000198250403627753,-0.393396288156509,3.33546222797321e-06,278528
5459,1,0.272949993104703,0.272949993104703,-0.000209205740247853,-0.39650559425354,3.32500194122507e-06,278528
5460,1,0.27299999310344,0.27299999310344,-0.00021953861869406,-0.398993045091629,3.31402501056767e-06,278528
5461,1,0.273049993102177,0.273049993102177,-0.000230493955314159,-0.401480495929718,3.3025003130931e-06,278528
5462,1,0.273099993100914,0.273099993100914,-0.000241200308664702,-0.404589772224426,3.29044029796452e-06,278528
5463,1,0.273149993099651,0.273149993099651,-0.000252653640927747,-0.406766295433044,3.27780761623727e-06,278528
5464,1,0.273199993098387,0.273199993098387,-0.000262239540461451,-0.409875631332397,3.26469563954543e-06,278528
5465,1,0.273249993097124,0.273249993097124,-0.000273568351985887,-0.412673979997635,3.25101722229168e-06,278528
5466,1,0.273299993095861,0.273299993095861,-0.000282531807897612,-0.41640517115593,3.23689063225367e-06,278528
5467,1,0.273349993094598,0.273349993094598,-0.000293611665256321,-0.419203519821167,3.22221004936171e-06,278528
5468,1,0.273399993093335,0.273399993093335,-0.000303073087707162,-0.422001898288727,3.20705639535917e-06,278528
5469,1,0.273449993092072,0.273449993092072,-0.000312036514515057,-0.426354914903641,3.19145457002755e-06,278528
5470,1,0.273499993090809,0.273499993090809,-0.000322369422065094,-0.428531438112259,3.17533609933148e-06,278528
5471,1,0.273549993089546,0.273549993089546,-0.000331457355059683,-0.43164074420929,3.15876323199717e-06,278528
5472,1,0.273599993088283,0.273599993088283,-0.000340545346261933,-0.435060977935791,3.14173596511421e-06,278528
5473,1,0.27364999308702,0.27364999308702,-0.000349757756339386,-0.438792139291763,3.12424807773903e-06,278528
5474,1,0.273699993085756,0.273699993085756,-0.00035934368497692,-0.441590517759323,3.10628089394407e-06,278528
5475,1,0.273749993084493,0.273749993084493,-0.000367684697266668,-0.445321679115295,3.08789665954516e-06,278528
5476,1,0.27379999308323,0.27379999308323,-0.000375776697183028,-0.447809129953384,3.06910782516066e-06,278528
5477,1,0.273849993081967,0.273849993081967,-0.000385113613447174,-0.450607508420944,3.04985214497474e-06,278528
5478,1,0.273899993080704,0.273899993080704,-0.000392832153011113,-0.455582410097122,3.03021053782037e-06,278528
5479,1,0.273949993079441,0.273949993079441,-0.000400550692575052,-0.457758903503418,3.01018300369755e-06,278528
5480,1,0.273999993078178,0.273999993078178,-0.000408767198678106,-0.460557252168655,2.98974464427997e-06,278528
5481,1,0.274049993076915,0.274049993076915,-0.000416859227698296,-0.464599341154099,2.96890168342159e-06,278528
5482,1,0.274099993075652,0.274099993075652,-0.000424453231971711,-0.467397749423981,2.94767902235913e-06,278528
5483,1,0.274149993074388,0.274149993074388,-0.000432918750448152,-0.472372621297836,2.92603308538355e-06,278528
5484,1,0.274199993073125,0.274199993073125,-0.000438022951129824,-0.474549144506454,2.90413193838033e-06,278528
5485,1,0.274249993071862,0.274249993071862,-0.000445119017967954,-0.478280305862427,2.88187598804416e-06,278528
5486,1,0.274299993070599,0.274299993070599,-0.000452339590992779,-0.481700569391251,2.85925900906587e-06,278528
5487,1,0.274349993069336,0.274349993069336,-0.000458937662187964,-0.48512077331543,2.83631212653616e-06,278528
5488,1,0.274399993068073,0.274399993068073,-0.000464913318865001,-0.487608224153519,2.81306646118015e-06,278528
5489,1,0.27444999306681,0.27444999306681,-0.000472258398076519,-0.491650313138962,2.78945354187283e-06,278528
5490,1,0.274499993065547,0.274499993065547,-0.000476864603115246,-0.495070546865463,2.7656103123194e-06,278528
5491,1,0.274549993064284,0.274549993064284,-0.000483213691040874,-0.498179852962494,2.74144962837771e-06,278528
5492,1,0.274599993063021,0.274599993063021,-0.000489064899738878,-0.502221941947937,2.71699638400851e-06,278528
5493,1,0.274649993061757,0.274649993061757,-0.00049454253166914,-0.50626403093338,2.69226925804971e-06,278528
5494,1,0.274699993060494,0.274699993060494,-0.000499148794915527,-0.50906240940094,2.66731181893441e-06,278528
5495,1,0.274749993059231,0.274749993059231,-0.00050363049376756,-0.512171685695648,2.64213029488217e-06,278528
5496,1,0.274799993057968,0.274799993057968,-0.000508236757013947,-0.51465916633606,2.61671845767343e-06,278528
5497,1,0.274849993056705,0.274849993056705,-0.000512718455865979,-0.518390357494354,2.59108253552775e-06,278528
5498,1,0.274899993055442,0.274899993055442,-0.000517200212925673,-0.520566821098328,2.56522252553475e-06,278528
5499,1,0.274949993054179,0.274949993054179,-0.000522304384503514,-0.525541722774506,2.5391073069693e-06,278528
5500,1,0.274999993052916,0.274999993052916,-0.000524545204825699,-0.528651058673859,2.51288004739057e-06,278528
5501,1,0.275049993051653,0.275049993051653,-0.000527533062268049,-0.531760334968567,2.4865033949435e-06,278528
5502,1,0.275099993050389,0.275099993050389,-0.000531267840415239,-0.535180568695068,2.45994000359378e-06,278528
5503,1,0.275149993049126,0.275149993049126,-0.000533135200385004,-0.538289844989777,2.43328324424794e-06,278528
5504,1,0.275199993047863,0.275199993047863,-0.00053599855164066,-0.542021036148071,2.40648331734293e-06,278528
5505,1,0.2752499930466,0.2752499930466,-0.000539110798854381,-0.544508516788483,2.37952777808116e-06,278528
5506,1,0.275299993045337,0.275299993045337,-0.000540106790140271,-0.547928750514984,2.35252243925636e-06,278528
5507,1,0.275349993044074,0.275349993044074,-0.000543841568287462,-0.550416171550751,2.32533036152892e-06,278528
5508,1,0.275399993042811,0.275399993042811,-0.000545335467904806,-0.554147362709045,2.29806358882249e-06,278528
5509,1,0.275449993041548,0.275449993041548,-0.000545957940630615,-0.556634783744812,2.27076569248057e-06,278528
5510,1,0.275499993040285,0.275499993040285,-0.000547576346434653,-0.560365915298462,2.24338687585048e-06,278528
5511,1,0.275549993039022,0.275549993039022,-0.000548074312973768,-0.562231540679932,2.21598316089407e-06,278528
5512,1,0.275599993037758,0.275599993037758,-0.000548572279512882,-0.565029919147491,2.18855454761133e-06,278528
5513,1,0.275649993036495,0.275649993036495,-0.000548447773326188,-0.568761050701141,2.16113215963777e-06,278528
5514,1,0.275699993035232,0.275699993035232,-0.000547949864994735,-0.57093757390976,2.13373466708015e-06,278528
5515,1,0.275749993033969,0.275749993033969,-0.000548198760952801,-0.574046909809113,2.10632472972494e-06,278528
5516,1,0.275799993032706,0.275799993032706,-0.000546829425729811,-0.577156186103821,2.07898325912916e-06,278528
5517,1,0.275849993031443,0.275849993031443,-0.000545957940630615,-0.579332709312439,2.05168536278723e-06,278528
5518,1,0.27589999303018,0.27589999303018,-0.0005454599740915,-0.581820130348206,2.02441236477163e-06,278528
5519,1,0.275949993028917,0.275949993028917,-0.000544339534826577,-0.584618508815765,1.99719538871786e-06,278528
5520,1,0.275999993027654,0.275999993027654,-0.000542347668670118,-0.58648407459259,1.97007800596939e-06,278528
5521,1,0.27604999302639,0.27604999302639,-0.000540853769052774,-0.589593410491943,1.94303531819991e-06,278528
5522,1,0.276099993025127,0.276099993025127,-0.000537865911610425,-0.592080891132355,1.91614202329877e-06,278528
5523,1,0.276149993023864,0.276149993023864,-0.000535749539267272,-0.594257354736328,1.88935454701212e-06,278528
5524,1,0.276199993022601,0.276199993022601,-0.000533384154550731,-0.59674483537674,1.8626853399583e-06,278528
5525,1,0.276249993021338,0.276249993021338,-0.000529151409864426,-0.598299443721771,1.83622777013345e-06,278528
5526,1,0.276299993020075,0.276299993020075,-0.000527035095728934,-0.601719737052917,1.80987601601271e-06,278528
5527,1,0.276349993018812,0.276349993018812,-0.000524047238286585,-0.602652490139008,1.78367365476031e-06,278528
5528,1,0.276399993017549,0.276399993017549,-0.000519690045621246,-0.604829013347626,1.75768915313567e-06,278528
5529,1,0.276449993016286,0.276449993016286,-0.000515830761287361,-0.606694579124451,1.73189761572285e-06,278528
5530,1,0.276499993015022,0.276499993015022,-0.000510602025315166,-0.608249247074127,1.70636751510204e-06,278528
5531,1,0.276549993013759,0.276549993013759,-0.00050636928062886,-0.610425770282745,1.68104905171019e-06,278528
5532,1,0.276599993012496,0.276599993012496,-0.000501016154885292,-0.612913191318512,1.65599824459876e-06,278528
5533,1,0.276649993011233,0.276649993011233,-0.000496534397825599,-0.61415696144104,1.63117152533466e-06,278528
5534,1,0.27669999300997,0.27669999300997,-0.000491056765895337,-0.616644322872162,1.60661868766015e-06,278528
5535,1,0.276749993008707,0.276749993008707,-0.000484707619762048,-0.617577135562897,1.58238330728428e-06,278528
5536,1,0.276799993007444,0.276799993007444,-0.000479976937640458,-0.619753658771515,1.55838446100852e-06,278528
5537,1,0.276849993006181,0.276849993006181,-0.000474125758046284,-0.62068647146225,1.53467817370508e-06,278528
5538,1,0.276899993004918,0.276899993004918,-0.000465660268673673,-0.621308326721191,1.51139516085957e-06,278528
5539,1,0.276949993003655,0.276949993003655,-0.000460058130556718,-0.623173892498016,1.48839225491284e-06,278528
5540,1,0.276999993002391,0.276999993002391,-0.000453708984423429,-0.624728560447693,1.46570680626475e-06,278528
5541,1,0.277049993001128,0.277049993001128,-0.000446363905211911,-0.626594126224518,1.44338861156796e-06,278528
5542,1,0.277099992999865,0.277099992999865,-0.000438396411482245,-0.627216041088104,1.42146879154759e-06,278528
5543,1,0.277149992998602,0.277149992998602,-0.000430802378105,-0.627837836742401,1.39992867318649e-06,278528
5544,1,0.277199992997339,0.277199992997339,-0.000422959332354367,-0.628770649433136,1.37878070710301e-06,278528
5545,1,0.277249992996076,0.277249992996076,-0.000414742826251313,-0.630014359951019,1.35804356631431e-06,278528
5546,1,0.277299992994813,0.277299992994813,-0.000406899838708341,-0.630014359951019,1.33769857489285e-06,278528
5547,1,0.27734999299355,0.27734999299355,-0.000397936353692785,-0.631569027900696,1.31780175771085e-06,278528
5548,1,0.277399992992287,0.277399992992287,-0.00038897292688489,-0.632190942764282,1.29835311185792e-06,278528
5549,1,0.277449992991023,0.277449992991023,-0.00037988496478647,-0.633434653282166,1.27935886409843e-06,278528
5550,1,0.27749999298976,0.27749999298976,-0.000372290902305394,-0.633745551109314,1.2607443194534e-06,278528
5551,1,0.277549992988497,0.277549992988497,-0.000361086567863822,-0.634056448936462,1.2426899915163e-06,278528
5552,1,0.277599992987234,0.277599992987234,-0.000351749622495845,-0.633123636245728,1.22510251083581e-06,278528
5553,1,0.277649992985971,0.277649992985971,-0.00034179023350589,-0.634367406368256,1.20801299959223e-06,278528
5554,1,0.277699992984708,0.277699992984708,-0.000331581861246377,-0.634678363800049,1.19143390694874e-06,278528
5555,1,0.277749992983445,0.277749992983445,-0.0003222449158784,-0.63530021905899,1.17532166156185e-06,278528
5556,1,0.277799992982182,0.277799992982182,-0.000311289593810216,-0.634367406368256,1.15975718226453e-06,278528
5557,1,0.277849992980919,0.277849992980919,-0.000300583225907758,-0.634056448936462,1.14472802134881e-06,278528
5558,1,0.277899992979656,0.277899992979656,-0.000291121803456917,-0.634989261627197,1.13017193154368e-06,278528
5559,1,0.277949992978392,0.277949992978392,-0.000278548046480864,-0.634678363800049,1.11624452957147e-06,278528
5560,1,0.277999992977129,0.277999992977129,-0.000267717201495543,-0.634989261627197,1.10285866983485e-06,278528
5561,1,0.278049992975866,0.278049992975866,-0.000256014929618686,-0.633123636245728,1.09005792367729e-06,278528
5562,1,0.278099992974603,0.278099992974603,-0.000244686118094251,-0.633434653282166,1.07782361808164e-06,278528
5563,1,0.27814999297334,0.27814999297334,-0.000233357292017899,-0.634056448936462,1.0661557537755e-06,278528
5564,1,0.278199992972077,0.278199992972077,-0.000221530484850518,-0.633123636245728,1.05507922981279e-06,278528
5565,1,0.278249992970814,0.278249992970814,-0.000209579215152189,-0.632190942764282,1.0446002693199e-06,278528
5566,1,0.278299992969551,0.278299992969551,-0.000196507506188937,-0.630636215209961,1.03477489425867e-06,278528
5567,1,0.278349992968288,0.278349992968288,-0.000185552169568837,-0.630325317382813,1.0254972860146e-06,278528
5568,1,0.278399992967024,0.278399992967024,-0.000172604952240363,-0.629703462123871,1.0168670386206e-06,278528
5569,1,0.278449992965761,0.278449992965761,-0.00016052917635534,-0.630014359951019,1.00884058000559e-06,278528
5570,1,0.278499992964498,0.278499992964498,-0.000147706450661644,-0.627837836742401,1.00145525765908e-06,278528
5571,1,0.278549992963235,0.278549992963235,-0.00013475923333317,-0.626283228397369,9.94717296162638e-07,278528
5572,1,0.278599992961972,0.278599992961972,-0.000121438533824403,-0.625972270965576,9.88645369624808e-07,278528
5573,1,0.278649992960709,0.278649992960709,-0.000110607688839082,-0.624106705188751,9.83114985322563e-07,278528
5574,1,0.278699992959446,0.278699992959446,-9.6540039521642e-05,-0.623173892498016,9.78287983468421e-07,278528
5575,1,0.278749992958183,0.278749992958183,-8.42152803670615e-05,-0.62161922454834,9.74077219556441e-07,278528
5576,1,0.27879999295692,0.27879999295692,-7.01476310496219e-05,-0.62068647146225,9.70569838092564e-07,278528
5577,1,0.278849992955656,0.278849992955656,-5.6951423175633e-05,-0.618509948253632,9.67722267005718e-07,278528
5578,1,0.278899992954393,0.278899992954393,-4.4004205847159e-05,-0.61788809299469,9.65522056768942e-07,278528
5579,1,0.27894999295313,0.27894999295313,-3.09324932459276e-05,-0.616644322872162,9.63975432145717e-07,278528
5580,1,0.278999992951867,0.278999992951867,-1.7238318832824e-05,-0.614467859268188,9.63113516225849e-07,278528
5581,1,0.279049992950604,0.279049992950604,-4.29110059485538e-06,-0.611669480800629,9.62898961201527e-07,278528
5582,1,0.279099992949341,0.279099992949341,9.02959618542809e-06,-0.611047625541687,9.63350440999393e-07,278528
5583,1,0.279149992948078,0.279149992948078,2.22258004214382e-05,-0.608871102333069,9.64461730992391e-07,278528
5584,1,0.279199992946815,0.279199992946815,3.55464981112164e-05,-0.607316434383392,9.66239055853053e-07,278528
5585,1,0.279249992945552,0.279249992945552,4.83692238049116e-05,-0.604829013347626,9.68657516982203e-07,278528
5586,1,0.279299992944289,0.279299992944289,6.1814411310479e-05,-0.602652490139008,9.71748237469649e-07,278528
5587,1,0.279349992943025,0.279349992943025,7.56330773583613e-05,-0.600786924362183,9.75529891242034e-07,278528
5588,1,0.279399992941762,0.279399992941762,8.74598626978695e-05,-0.598299443721771,9.79902884266457e-07,278528
5589,1,0.279449992940499,0.279449992940499,0.000101776509836782,-0.595812022686005,9.84991709629741e-07,278528
5590,1,0.279499992939236,0.279499992939236,0.000114723727165256,-0.593324601650238,9.90727895843096e-07,278528
5591,1,0.279549992937973,0.279549992937973,0.000128293395391665,-0.591458976268768,9.97142565450631e-07,278528
5592,1,0.27959999293671,0.27959999293671,0.000141365133458748,-0.588971555233002,1.00421082194501e-06,278528
5593,1,0.279649992935447,0.279649992935447,0.000154436827870086,-0.58648407459259,1.01193266314344e-06,278528
5594,1,0.279699992934184,0.279699992934184,0.00016738404519856,-0.583374798297882,1.02030186519195e-06,278528
5595,1,0.279749992932921,0.279749992932921,0.00018070473743137,-0.581820130348206,1.02933710183527e-06,278528
5596,1,0.279799992931657,0.279799992931657,0.000193153988220729,-0.579332709312439,1.03899480100233e-06,278528
5597,1,0.279849992930394,0.279849992930394,0.000205354255740531,-0.575912475585938,1.04926251352997e-06,278528
5598,1,0.279899992929131,0.279899992929131,0.000218425964703783,-0.572492241859436,1.06018381148927e-06,278528
5599,1,0.279949992927868,0.279949992927868,0.0002306262467755,-0.57093757390976,1.07171512353674e-06,278528
5600,1,0.279999992926605,0.279999992926605,0.000242702008108608,-0.568450152873993,1.08385022363561e-06,278528
5601,1,0.280049992925342,0.280049992925342,0.000255151244346052,-0.564718961715698,1.09660778553063e-06,278528
5602,1,0.280099992924079,0.280099992924079,0.000267475988948718,-0.56160968542099,1.10998158464021e-06,278528
5603,1,0.280149992922816,0.280149992922816,0.000278680352494121,-0.559122204780579,1.12391560191291e-06,278528
5604,1,0.280199992921553,0.280199992921553,0.000291005097096786,-0.556634783744812,1.13846585640018e-06,278528
5605,1,0.28024999292029,0.28024999292029,0.000302333908621222,-0.552903652191162,1.15358255144936e-06,278528
5606,1,0.280299992919026,0.280299992919026,0.000314160686684772,-0.550727069377899,1.16929058538679e-06,278528
5607,1,0.280349992917763,0.280349992917763,0.000325240514939651,-0.546374082565308,1.18555261072295e-06,278528
5608,1,0.2803999929165,0.2803999929165,0.000336569326464087,-0.544197559356689,1.20238107662104e-06,278528
5609,1,0.280449992915237,0.280449992915237,0.00034677772782743,-0.541088283061981,1.21971996257439e-06,278528
5610,1,0.280499992913974,0.280499992913974,0.000357608601916581,-0.536735236644745,1.23760039221852e-06,278528
5611,1,0.280549992912711,0.280549992912711,0.000367318978533149,-0.533936858177185,1.25596634068122e-06,278528
5612,1,0.280599992911448,0.280599992911448,0.000377776334062219,-0.530827581882477,1.27485515690716e-06,278528
5613,1,0.280649992910185,0.280649992910185,0.00038761124596931,-0.528029203414917,1.29423571871603e-06,278528
5614,1,0.280699992908922,0.280699992908922,0.000397570664063096,-0.523365199565887,1.31411425141701e-06,278528
5615,1,0.280749992907658,0.280749992907658,0.000407530053053051,-0.521188676357269,1.33449075355491e-06,278528
5616,1,0.280799992906395,0.280799992906395,0.000416618015151471,-0.517768502235413,1.35532165378625e-06,278528
5617,1,0.280849992905132,0.280849992905132,0.000425581471063197,-0.514348268508911,1.37660072680185e-06,278528
5618,1,0.280899992903869,0.280899992903869,0.000435291905887425,-0.510617077350616,1.3983653215464e-06,278528
5619,1,0.280949992902606,0.280949992902606,0.000442636926891282,-0.507196843624115,1.42049716733187e-06,278528
5620,1,0.280999992901343,0.280999992901343,0.000451849366072565,-0.50533127784729,1.44308963506477e-06,278528
5621,1,0.28104999290008,0.28104999290008,0.000459567934740335,-0.500667333602905,1.4660680312213e-06,278528
5622,1,0.281099992898817,0.281099992898817,0.000466415018308908,-0.498179852962494,1.48938878154761e-06,278528
5623,1,0.281149992897554,0.281149992897554,0.000474880507681519,-0.494448691606522,1.51313280633186e-06,278528
5624,1,0.28119999289629,0.28119999289629,0.000481229624710977,-0.492272198200226,1.53719428695957e-06,278528
5625,1,0.281249992895027,0.281249992895027,0.000487952202092856,-0.488230109214783,1.56159189644788e-06,278528
5626,1,0.281299992893764,0.281299992893764,0.000495670712552965,-0.484187960624695,1.58637543144944e-06,278528
5627,1,0.281349992892501,0.281349992892501,0.000501272908877581,-0.480456829071045,1.61143907626016e-06,278528
5628,1,0.281399992891238,0.281399992891238,0.000507746473886073,-0.478591233491898,1.63682639931312e-06,278528
5629,1,0.281449992889975,0.281449992889975,0.000513846694957465,-0.473927289247513,1.66251873341195e-06,278528
5630,1,0.281499992888712,0.281499992888712,0.000520195753779262,-0.470196127891541,1.68852852044385e-06,278528
5631,1,0.281549992887449,0.281549992887449,0.000524553004652262,-0.467708677053452,1.7147561700139e-06,278528
5632,1,0.281599992886186,0.281599992886186,0.00052953272825107,-0.463977485895157,1.7412328057576e-06,278528
5633,1,0.281649992884923,0.281649992884923,0.000533889979124069,-0.461179137229919,1.76792730403944e-06,278528
5634,1,0.281699992883659,0.281699992883659,0.000538247171789408,-0.457137048244476,1.79483966194905e-06,278528
5635,1,0.281749992882396,0.281749992882396,0.000542728928849101,-0.454649597406387,1.82197610770598e-06,278528
5636,1,0.281799992881133,0.281799992881133,0.000546712661162019,-0.450918406248093,1.84931174007352e-06,278528
5637,1,0.28184999287987,0.28184999287987,0.000549576012417674,-0.448430985212326,1.87679054000024e-06,278528
5638,1,0.281899992878607,0.281899992878607,0.000552314857486635,-0.444699823856354,1.90440628217694e-06,278528
5639,1,0.281949992877344,0.281949992877344,0.000554680183995515,-0.441279590129852,1.93214029067609e-06,278528
5640,1,0.281999992876081,0.281999992876081,0.000557045510504395,-0.43754842877388,1.9599925654977e-06,278528
5641,1,0.282049992874818,0.282049992874818,0.000560406770091504,-0.434128195047379,1.98801290329442e-06,278528
5642,1,0.282099992873555,0.282099992873555,0.000562523200642318,-0.431329786777496,2.01613906261601e-06,278528
5643,1,0.282149992872291,0.282149992872291,0.000563768146093935,-0.428220510482788,2.04432746920861e-06,278528
5644,1,0.282199992871028,0.282199992871028,0.000564390618819743,-0.42604398727417,2.07254699943671e-06,278528
5645,1,0.282249992869765,0.282249992869765,0.000566755945328623,-0.422001898288727,2.10088479598727e-06,278528
5646,1,0.282299992868502,0.282299992868502,0.000566382484976202,-0.418581664562225,2.12920391952068e-06,278528
5647,1,0.282349992867239,0.282349992867239,0.000567378418054432,-0.416094213724136,2.15757283970674e-06,278528
5648,1,0.282399992865976,0.282399992865976,0.000567004957702011,-0.412984907627106,2.18592308687566e-06,278528
5649,1,0.282449992864713,0.282449992864713,0.000567502866033465,-0.410186529159546,2.21429822946051e-06,278528
5650,1,0.28249999286345,0.28249999286345,0.000566382484976202,-0.407077223062515,2.24261735299392e-06,278528
5651,1,0.282549992862187,0.282549992862187,0.000564266112633049,-0.404900729656219,2.27083065791285e-06,278528
5652,1,0.282599992860924,0.282599992860924,0.000564764079172164,-0.401169538497925,2.2990688611581e-06,278528
5653,1,0.28264999285966,0.28264999285966,0.000563394685741514,-0.398060232400894,2.32723859473355e-06,278528
5654,1,0.282699992858397,0.282699992858397,0.000561651715543121,-0.394950956106186,2.35532117980128e-06,278528
5655,1,0.282749992857134,0.282749992857134,0.000560157815925777,-0.394329100847244,2.38332906989003e-06,278528
5656,1,0.282799992855871,0.282799992855871,0.000556921062525362,-0.39059790968895,2.41117512231284e-06,278528
5657,1,0.282849992854608,0.282849992854608,0.000554057769477367,-0.389043271541595,2.43887801008688e-06,278528
5658,1,0.282899992853345,0.282899992853345,0.000551194360014051,-0.384690225124359,2.46643772739136e-06,278528
5659,1,0.282949992852082,0.282949992852082,0.000547957606613636,-0.383446514606476,2.49383560702992e-06,278528
5660,1,0.282999992850819,0.282999992850819,0.000545218819752336,-0.381891876459122,2.52109654732886e-06,278528
5661,1,0.283049992849556,0.283049992849556,0.000541234971024096,-0.378782570362091,2.54815829519643e-06,278528
5662,1,0.283099992848292,0.283099992848292,0.00053662876598537,-0.375984191894531,2.57498973281788e-06,278528
5663,1,0.283149992847029,0.283149992847029,0.000533018494024873,-0.373807668685913,2.60164065684587e-06,278528
5664,1,0.283199992845766,0.283199992845766,0.000529283774085343,-0.37069833278656,2.62810484488159e-06,278528
5665,1,0.283249992844503,0.283249992844503,0.000524926465004683,-0.368832796812057,2.65435116746879e-06,278528
5666,1,0.28329999284324,0.28329999284324,0.000518701854161918,-0.36696720123291,2.68028625952171e-06,278528
5667,1,0.283349992841977,0.283349992841977,0.000513348670210689,-0.364479750394821,2.70595369238383e-06,278528
5668,1,0.283399992840714,0.283399992840714,0.000508119992446154,-0.362303256988525,2.73135969136433e-06,278528
5669,1,0.283449992839451,0.283449992839451,0.000502144335769117,-0.359504848718643,2.75646690751852e-06,278528
5670,1,0.283499992838188,0.283499992838188,0.000496293243486434,-0.357328355312347,2.78128156906597e-06,278528
5671,1,0.283549992836925,0.283549992836925,0.000490940001327544,-0.357639253139496,2.80582856851224e-06,278528
5672,1,0.283599992835661,0.283599992835661,0.000482972507597879,-0.355773717164993,2.82997719328209e-06,278528
5673,1,0.283649992834398,0.283649992834398,0.000476374407298863,-0.354529976844788,2.85379591304532e-06,278528
5674,1,0.283699992833135,0.283699992833135,0.000470149796456099,-0.352353453636169,2.87730340227427e-06,278528
5675,1,0.283749992831872,0.283749992831872,0.000462182273622602,-0.351109713315964,2.90041251537162e-06,278528
5676,1,0.283799992830609,0.283799992830609,0.000454837194411084,-0.34955507516861,2.92315437451767e-06,278528
5677,1,0.283849992829346,0.283849992829346,0.000446869671577588,-0.347378581762314,2.9454978575321e-06,278528
5678,1,0.283899992828083,0.283899992828083,0.000439275667304173,-0.347378581762314,2.96746164034246e-06,278528
5679,1,0.28394999282682,0.28394999282682,0.000430934655014426,-0.344269275665283,2.98900837254886e-06,278528
5680,1,0.283999992825557,0.283999992825557,0.000422842625994235,-0.343647420406342,3.01015050331448e-06,278528
5681,1,0.284049992824293,0.284049992824293,0.000414377136621624,-0.342092782258987,3.03086935962216e-06,278528
5682,1,0.28409999282303,0.28409999282303,0.000405538186896592,-0.341470897197723,3.05114626845475e-06,278528
5683,1,0.284149992821767,0.284149992821767,0.000397446157876402,-0.340849041938782,3.07101857584656e-06,278528
5684,1,0.284199992820504,0.284199992820504,0.000387486768886447,-0.340538084506989,3.09039291380144e-06,278528
5685,1,0.284249992819241,0.284249992819241,0.000379394768970087,-0.338672518730164,3.10936265177073e-06,278528
5686,1,0.284299992817978,0.284299992817978,0.000369061890523881,-0.3380506336689,3.12781574583076e-06,278528
5687,1,0.284349992816715,0.284349992816715,0.000359475961886346,-0.3380506336689,3.14578954347102e-06,278528
5688,1,0.284399992815452,0.284399992815452,0.000349392066709697,-0.337739735841751,3.16325914636519e-06,278528
5689,1,0.284449992814189,0.284449992814189,0.000339681660989299,-0.336806952953339,3.1802432289856e-06,278528
5690,1,0.284499992812925,0.284499992812925,0.000330220238538459,-0.335874140262604,3.19675424049542e-06,278528
5691,1,0.284549992811662,0.284549992811662,0.000320011837175116,-0.334941357374191,3.21275483194996e-06,278528
5692,1,0.284599992810399,0.284599992810399,0.000309429975459352,-0.335563242435455,3.22822633033209e-06,278528
5693,1,0.284649992809136,0.284649992809136,0.000299097097013146,-0.334941357374191,3.24318118480495e-06,278528
5694,1,0.284699992807873,0.284699992807873,0.000288141774944961,-0.334941357374191,3.25758827318825e-06,278528
5695,1,0.28474999280661,0.28474999280661,0.000278182356851175,-0.335252285003662,3.27149739067943e-06,278528
5696,1,0.284799992805347,0.284799992805347,0.00026685354532674,-0.33463042974472,3.28484006760871e-06,278528
5697,1,0.284849992804084,0.284849992804084,0.000256645173067227,-0.334941357374191,3.2976723259379e-06,278528
5698,1,0.284899992802821,0.284899992802821,0.000245067349169403,-0.335874140262604,3.30992569308682e-06,278528
5699,1,0.284949992801558,0.284949992801558,0.000234236518735997,-0.335563242435455,3.32163751872775e-06,278528
5700,1,0.284999992800294,0.284999992800294,0.000223032184294425,-0.335252285003662,3.33278912766076e-06,278528
5701,1,0.285049992799031,0.285049992799031,0.000211827864404768,-0.335874140262604,3.34338052061344e-06,278528
5702,1,0.285099992797768,0.285099992797768,0.000199627596884966,-0.336806952953339,3.35336190020554e-06,278528
5703,1,0.285149992796505,0.285149992796505,0.000189170241355896,-0.336185097694397,3.36282041203439e-06,278528
5704,1,0.285199992795242,0.285199992795242,0.000177592417458072,-0.337739735841751,3.37170003268298e-06,278528
5705,1,0.285249992793979,0.285249992793979,0.000164645214681514,-0.338672518730164,3.37993229320909e-06,278528
5706,1,0.285299992792716,0.285299992792716,0.00015306741988752,-0.339294373989105,3.38758566401012e-06,278528
5707,1,0.285349992791453,0.285349992791453,0.000141987577080727,-0.340538084506989,3.39468504268481e-06,278528
5708,1,0.28539999279019,0.28539999279019,0.000131032240460627,-0.341470897197723,3.40123665454234e-06,278528
5709,1,0.285449992788926,0.285449992788926,0.000119454438390676,-0.342092782258987,3.40720937631099e-06,278528
5710,1,0.285499992787663,0.285499992787663,0.00010688068869058,-0.343647420406342,3.41255341061051e-06,278528
5711,1,0.2855499927864,0.2855499927864,9.43069535424002e-05,-0.34395831823349,3.41726875816851e-06,278528
5712,1,0.285599992785137,0.285599992785137,8.29781347420067e-05,-0.345512986183167,3.4214176648008e-06,278528
5713,1,0.285649992783874,0.285649992783874,7.02799006830901e-05,-0.348311364650726,3.42493165974619e-06,278528
5714,1,0.285699992782611,0.285699992782611,5.85776069783606e-05,-0.34862232208252,3.42786054002112e-06,278528
5715,1,0.285749992781348,0.285749992781348,4.72487881779671e-05,-0.34955507516861,3.43022297937033e-06,278528
5716,1,0.285799992780085,0.285799992780085,3.41770792147145e-05,-0.350798815488815,3.4319318332879e-06,278528
5717,1,0.285849992778822,0.285849992778822,2.30972455028677e-05,-0.352664411067963,3.43308669553387e-06,278528
5718,1,0.285899992777559,0.285899992777559,9.90104308584705e-06,-0.355151861906052,3.43358174767566e-06,278528
5719,1,0.285949992776295,0.285949992776295,-1.67675818829593e-06,-0.356706500053406,3.43349790976836e-06,278528
5720,1,0.285999992775032,0.285999992775032,-1.33790526888333e-05,-0.357950210571289,3.43282895715082e-06,278528
5721,1,0.286049992773769,0.286049992773769,-2.62017783825286e-05,-0.359504848718643,3.43151886826479e-06,278528
5722,1,0.286099992772506,0.286099992772506,-3.80285673600156e-05,-0.362614154815674,3.42961743994482e-06,278528
5723,1,0.286149992771243,0.286149992771243,-4.96063694299664e-05,-0.363236039876938,3.42713712153598e-06,278528
5724,1,0.28619999276998,0.28619999276998,-6.15576500422321e-05,-0.365723490715027,3.42405923911162e-06,278528
5725,1,0.286249992768717,0.286249992768717,-7.33844353817403e-05,-0.368210941553116,3.42039001743523e-06,278528
5726,1,0.286299992767454,0.286299992767454,-8.53357123560272e-05,-0.37069833278656,3.41612323192521e-06,278528
5727,1,0.286349992766191,0.286349992766191,-9.7162504971493e-05,-0.371009290218353,3.41126510679937e-06,278528
5728,1,0.286399992764927,0.286399992764927,-0.000108117834315635,-0.373185783624649,3.40585921522015e-06,278528
5729,1,0.286449992763664,0.286449992763664,-0.000120567092380952,-0.376606047153473,3.39983086075339e-06,278528
5730,1,0.286499992762401,0.286499992762401,-0.000131522421725094,-0.378160685300827,3.39325473983326e-06,278528
5731,1,0.286549992761138,0.286549992761138,-0.000143598197610117,-0.381580919027328,3.38607483013414e-06,278528
5732,1,0.286599992759875,0.286599992759875,-0.000154927009134553,-0.382513731718063,3.3783284798731e-06,278528
5733,1,0.286649992758612,0.286649992758612,-0.000165508870850317,-0.385933965444565,3.37005303653964e-06,278528
5734,1,0.286699992757349,0.286699992757349,-0.000176837696926668,-0.388421416282654,3.36121115191667e-06,278528
5735,1,0.286749992756086,0.286749992756086,-0.000188788966624998,-0.391841650009155,3.35177170382388e-06,278528
5736,1,0.286799992754823,0.286799992754823,-0.000198374880710617,-0.394018143415451,3.34185296003892e-06,278528
5737,1,0.286849992753559,0.286849992753559,-0.000210699654417112,-0.398060232400894,3.3313179775842e-06,278528
5738,1,0.286899992752296,0.286899992752296,-0.000221779482671991,-0.399614900350571,3.32022900373073e-06,278528
5739,1,0.286949992751033,0.286949992751033,-0.000232236867304891,-0.403346031904221,3.30861716065882e-06,278528
5740,1,0.28699999274977,0.28699999274977,-0.000242694222833961,-0.404589772224426,3.29648244982367e-06,278528
5741,1,0.287049992748507,0.287049992748507,-0.000252529134741053,-0.407699078321457,3.28385599340559e-06,278528
5742,1,0.287099992747244,0.287099992747244,-0.000263733469182625,-0.410808384418488,3.27066932027958e-06,278528
5743,1,0.287149992745981,0.287149992745981,-0.000273817364359275,-0.413606762886047,3.25697845240748e-06,278528
5744,1,0.287199992744718,0.287199992744718,-0.00028377675334923,-0.41733792424202,3.24278961509846e-06,278528
5745,1,0.287249992743455,0.287249992743455,-0.000294981058686972,-0.419825375080109,3.2280405625367e-06,278528
5746,1,0.287299992742192,0.287299992742192,-0.000304069020785391,-0.422623753547668,3.21283711188151e-06,278528
5747,1,0.287349992740928,0.287349992740928,-0.000313654949422926,-0.426354914903641,3.19715436480654e-06,278528
5748,1,0.287399992739665,0.287399992739665,-0.000323365355143324,-0.429153293371201,3.18098609745782e-06,278528
5749,1,0.287449992738402,0.287449992738402,-0.000332204333972186,-0.433195382356644,3.16437588117882e-06,278528
5750,1,0.287499992737139,0.287499992737139,-0.000339922873536125,-0.435993790626526,3.14737973793137e-06,278528
5751,1,0.287549992735876,0.287549992735876,-0.000350504735251889,-0.440346777439117,3.1298545016115e-06,278528
5752,1,0.287599992734613,0.287599992734613,-0.00035934368497692,-0.442523330450058,3.11188731781654e-06,278528
5753,1,0.28764999273335,0.28764999273335,-0.000367684697266668,-0.445943534374237,3.09350308341764e-06,278528
5754,1,0.287699992732087,0.287699992732087,-0.000375652190996334,-0.44905287027359,3.07472047434231e-06,278528
5755,1,0.287749992730824,0.287749992730824,-0.00038461564690806,-0.451229363679886,3.05548969248271e-06,278528
5756,1,0.28779999272956,0.28779999272956,-0.000393828086089343,-0.455271452665329,3.03579828867569e-06,278528
5757,1,0.287849992728297,0.287849992728297,-0.000401422148570418,-0.459935396909714,3.01572718175421e-06,278528
5758,1,0.287899992727034,0.287899992727034,-0.000409514148486778,-0.462422847747803,2.99525147484713e-06,278528
5759,1,0.287949992725771,0.287949992725771,-0.000417108181864023,-0.464910298585892,2.97439606628078e-06,278528
5760,1,0.287999992724508,0.287999992724508,-0.000424328754888847,-0.469263345003128,2.95317962907231e-06,278528
5761,1,0.288049992723245,0.288049992723245,-0.000432047294452786,-0.47268357872963,2.9315772648954e-06,278528
5762,1,0.288099992721982,0.288099992721982,-0.000440139323472977,-0.476103782653809,2.90957029927769e-06,278528
5763,1,0.288149992720719,0.288149992720719,-0.000446114980150014,-0.479213118553162,2.88726455083368e-06,278528
5764,1,0.288199992719456,0.288199992719456,-0.000453584507340565,-0.482322424650192,2.86458532603958e-06,278528
5765,1,0.288249992718193,0.288249992718193,-0.000460307113826275,-0.485742658376694,2.84156997092968e-06,278528
5766,1,0.288299992716929,0.288299992716929,-0.000467278703581542,-0.488851964473724,2.81820603634082e-06,278528
5767,1,0.288349992715666,0.288349992715666,-0.00047263185842894,-0.491961240768433,2.79457444401636e-06,278528
5768,1,0.288399992714403,0.288399992714403,-0.000477985042380169,-0.496625185012817,2.7706751925011e-06,278528
5769,1,0.28844999271314,0.28844999271314,-0.00048408514703624,-0.4994235932827,2.74647093576074e-06,278528
5770,1,0.288499992711877,0.288499992711877,-0.00049018528079614,-0.502843797206879,2.72196167234009e-06,278528
5771,1,0.288549992710614,0.288549992710614,-0.000495165004394948,-0.505953133106232,2.69720342274579e-06,278528
5772,1,0.288599992709351,0.288599992709351,-0.000501389615237713,-0.510306119918823,2.67213394261721e-06,278528
5773,1,0.288649992708088,0.288649992708088,-0.000504252908285707,-0.512793600559235,2.64692129783985e-06,278528
5774,1,0.288699992706825,0.288699992706825,-0.000508734723553061,-0.516213774681091,2.62148456230478e-06,278528
5775,1,0.288749992705561,0.288749992705561,-0.0005130919162184,-0.519323110580444,2.59582996714195e-06,278528
5776,1,0.288799992704298,0.288799992704298,-0.000518071639817208,-0.523365199565887,2.56992638580547e-06,278528
5777,1,0.288849992703035,0.288849992703035,-0.000521930865943432,-0.526785492897034,2.54382984316755e-06,278528
5778,1,0.288899992701772,0.288899992701772,-0.000525790150277317,-0.529894769191742,2.51754033631782e-06,278528
5779,1,0.288949992700509,0.288949992700509,-0.000529524928424507,-0.532382190227509,2.49106409056544e-06,278528
5780,1,0.288999992699246,0.288999992699246,-0.000532139267306775,-0.535802483558655,2.46445712787225e-06,278528
5781,1,0.289049992697983,0.289049992697983,-0.000535127124749124,-0.538911759853363,2.43770077231071e-06,278528
5782,1,0.28909999269672,0.28909999269672,-0.000536870036739856,-0.541710138320923,2.41085727115184e-06,278528
5783,1,0.289149992695457,0.289149992695457,-0.000539484317414463,-0.544508516788483,2.38388305596255e-06,278528
5784,1,0.289199992694193,0.289199992694193,-0.000541227229405195,-0.548550605773926,2.35682169517591e-06,278528
5785,1,0.28924999269293,0.28924999269293,-0.000542845635209233,-0.550727069377899,2.32967941410112e-06,278528
5786,1,0.289299992691667,0.289299992691667,-0.000544339534826577,-0.554458260536194,2.30246243804735e-06,278528
5787,1,0.289349992690404,0.289349992690404,-0.000545708928257227,-0.557567596435547,2.27517699232378e-06,278528
5788,1,0.289399992689141,0.289399992689141,-0.000547576346434653,-0.560365915298462,2.2477981756937e-06,278528
5789,1,0.289449992687878,0.289449992687878,-0.000547202886082232,-0.563164293766022,2.22043803208076e-06,278528
5790,1,0.289499992686615,0.289499992686615,-0.000547949864994735,-0.565029919147491,2.19304053952314e-06,278528
5791,1,0.289549992685352,0.289549992685352,-0.000548572279512882,-0.569693863391876,2.1656119262404e-06,278528
5792,1,0.289599992684089,0.289599992684089,-0.000548945739865303,-0.571870386600494,2.13816463994051e-06,278528
5793,1,0.289649992682826,0.289649992682826,-0.000547949864994735,-0.573735952377319,2.1107671473829e-06,278528
5794,1,0.289699992681562,0.289699992681562,-0.000546829425729811,-0.577156186103821,2.08342567678711e-06,278528
5795,1,0.289749992680299,0.289749992680299,-0.000546455907169729,-0.580265522003174,2.05610288211886e-06,278528
5796,1,0.289799992679036,0.289799992679036,-0.000545957940630615,-0.582441985607147,2.02880498577693e-06,278528
5797,1,0.289849992677773,0.289849992677773,-0.000543343543540686,-0.584618508815765,2.00163780928619e-06,278528
5798,1,0.28989999267651,0.28989999267651,-0.000541476241778582,-0.587416887283325,1.97456399788121e-06,278528
5799,1,0.289949992675247,0.289949992675247,-0.000540729204658419,-0.588038802146912,1.94752753833128e-06,278528
5800,1,0.289999992673984,0.289999992673984,-0.000537990476004779,-0.592391788959503,1.92062801521058e-06,278528
5801,1,0.290049992672721,0.290049992672721,-0.000537243497092277,-0.59487920999527,1.89376584103457e-06,278528
5802,1,0.290099992671458,0.290099992671458,-0.000532388279680163,-0.597366690635681,1.86714642772302e-06,278528
5803,1,0.290149992670194,0.290149992670194,-0.000530022894963622,-0.599232256412506,1.84064528364431e-06,278528
5804,1,0.290199992668931,0.290199992668931,-0.000526163610629737,-0.601408779621124,1.81433710377743e-06,278528
5805,1,0.290249992667668,0.290249992667668,-0.000522304384503514,-0.603274345397949,1.78822188521198e-06,278528
5806,1,0.290299992666405,0.290299992666405,-0.00051881856052205,-0.605139970779419,1.7622809578412e-06,278528
5807,1,0.290349992665142,0.290349992665142,-0.000515208288561553,-0.607316434383392,1.73652054406388e-06,278528
5808,1,0.290399992663879,0.290399992663879,-0.000510228564962745,-0.60949295759201,1.71100911646022e-06,278528
5809,1,0.290449992662616,0.290449992662616,-0.000505995820276439,-0.611669480800629,1.68570932608552e-06,278528
5810,1,0.290499992661353,0.290499992661353,-0.000501016154885292,-0.613224148750305,1.6606585189741e-06,278528
5811,1,0.29054999266009,0.29054999266009,-0.000495414016768336,-0.613535046577454,1.63588781876144e-06,278528
5812,1,0.290599992658827,0.290599992658827,-0.000490683247335255,-0.616644322872162,1.61135365701446e-06,278528
5813,1,0.290649992657563,0.290649992657563,-0.000484707619762048,-0.61788809299469,1.5871182766386e-06,278528
5814,1,0.2906999926563,0.2906999926563,-0.000478980975458398,-0.619131803512573,1.56316922847068e-06,278528
5815,1,0.290749992655037,0.290749992655037,-0.000473254331154749,-0.621308326721191,1.53950651251071e-06,278528
5816,1,0.290799992653774,0.290799992653774,-0.000465909281047061,-0.623173892498016,1.51621104904685e-06,278528
5817,1,0.290849992652511,0.290849992652511,-0.000460556097095832,-0.623795747756958,1.49318324477379e-06,278528
5818,1,0.290899992651248,0.290899992651248,-0.000452339590992779,-0.62348484992981,1.47056626579551e-06,278528
5819,1,0.290949992649985,0.290949992649985,-0.00044499451178126,-0.626283228397369,1.44831654076852e-06,278528
5820,1,0.290999992648722,0.290999992648722,-0.00043789844494313,-0.626594126224518,1.42642161907448e-06,278528
5821,1,0.291049992647459,0.291049992647459,-0.000429432926466689,-0.628148853778839,1.40494997329356e-06,278528
5822,1,0.291099992646195,0.291099992646195,-0.000422585872001946,-0.630325317382813,1.38382068022723e-06,278528
5823,1,0.291149992644932,0.291149992644932,-0.000413871428463608,-0.630325317382813,1.36312710932682e-06,278528
5824,1,0.291199992643669,0.291199992643669,-0.000405032420530915,-0.630947172641754,1.34287548881187e-06,278528
5825,1,0.291249992642406,0.291249992642406,-0.00039606899372302,-0.632190942764282,1.323072039626e-06,278528
5826,1,0.291299992641143,0.291299992641143,-0.000388474931241944,-0.633123636245728,1.30364829355458e-06,278528
5827,1,0.29134999263988,0.29134999263988,-0.000379262492060661,-0.631879925727844,1.2846851694306e-06,278528
5828,1,0.291399992638617,0.291399992638617,-0.000369676563423127,-0.633434653282166,1.26620134172639e-06,278528
5829,1,0.291449992637354,0.291449992637354,-0.000359966157702729,-0.634056448936462,1.24820303429592e-06,278528
5830,1,0.291499992636091,0.291499992636091,-0.00034988226252608,-0.634056448936462,1.23070892161156e-06,278528
5831,1,0.291549992634828,0.291549992634828,-0.00034042084007524,-0.634056448936462,1.21368788003778e-06,278528
5832,1,0.291599992633564,0.291599992633564,-0.000331083894707263,-0.634989261627197,1.19713368572062e-06,278528
5833,1,0.291649992632301,0.291649992632301,-0.000319506070809439,-0.634678363800049,1.18115838258371e-06,278528
5834,1,0.291699992631038,0.291699992631038,-0.000309297698549926,-0.634367406368256,1.16569349804689e-06,278528
5835,1,0.291749992629775,0.291749992629775,-0.000298466853564605,-0.634678363800049,1.15077015574566e-06,278528
5836,1,0.291799992628512,0.291799992628512,-0.00028850746457465,-0.634367406368256,1.13634478288134e-06,278528
5837,1,0.291849992627249,0.291849992627249,-0.000276680686511099,-0.634367406368256,1.12251074890526e-06,278528
5838,1,0.291899992625986,0.291899992625986,-0.00026522736879997,-0.634367406368256,1.10924938080028e-06,278528
5839,1,0.291949992624723,0.291949992624723,-0.000254023034358397,-0.634056448936462,1.09654822940321e-06,278528
5840,1,0.29199999262346,0.29199999262346,-0.000242071764660068,-0.633745551109314,1.08444464147597e-06,278528
5841,1,0.292049992622196,0.292049992622196,-0.000230493955314159,-0.633123636245728,1.0729199440014e-06,278528
5842,1,0.292099992620933,0.292099992620933,-0.00021854268561583,-0.631879925727844,1.06199280999665e-06,278528
5843,1,0.29214999261967,0.29214999261967,-0.000207836332265288,-0.632190942764282,1.05160099364591e-06,278528
5844,1,0.292199992618407,0.292199992618407,-0.000195387081475928,-0.632190942764282,1.04183163981891e-06,278528
5845,1,0.292249992617144,0.292249992617144,-0.000182688832865097,-0.630014359951019,1.03269719840641e-06,278528
5846,1,0.292299992615881,0.292299992615881,-0.000170737563166767,-0.629392504692078,1.02416032046373e-06,278528
5847,1,0.292349992614618,0.292349992614618,-0.000158288312377408,-0.629392504692078,1.01624590504479e-06,278528
5848,1,0.292399992613355,0.292399992613355,-0.000145714555401355,-0.627526938915253,1.00896017745878e-06,278528
5849,1,0.292449992612092,0.292449992612092,-0.000133514302433468,-0.626594126224518,1.00228446250575e-06,278528
5850,1,0.292499992610828,0.292499992610828,-0.00012006911856588,-0.624728560447693,9.96281006729114e-07,278528
5851,1,0.292549992609565,0.292549992609565,-0.00010674842633307,-0.625039458274841,9.90943585547295e-07,278528
5852,1,0.292599992608302,0.292599992608302,-9.45481588132679e-05,-0.621930181980133,9.86216177726056e-07,278528
5853,1,0.292649992607039,0.292649992607039,-8.13519582152367e-05,-0.621308326721191,9.82148579918051e-07,278528
5854,1,0.292699992605776,0.292699992605776,-6.81557503412478e-05,-0.620375514030457,9.78740792487076e-07,278528
5855,1,0.292749992604513,0.292749992604513,-5.54575162823312e-05,-0.619442760944366,9.75967916743009e-07,278528
5856,1,0.29279999260325,0.29279999260325,-4.23858036810998e-05,-0.61602246761322,9.73848626612491e-07,278528
5857,1,0.292849992601987,0.292849992601987,-2.98120594379725e-05,-0.614778816699982,9.72358023678249e-07,278528
5858,1,0.292899992600724,0.292899992600724,-1.5993397028069e-05,-0.613846004009247,9.71558353847046e-07,278528
5859,1,0.292949992599461,0.292949992599461,-2.67269820142246e-06,-0.610736668109894,9.71424718940351e-07,278528
5860,1,0.292999992598197,0.292999992598197,1.12704610728542e-05,-0.610114812850952,9.71988241979758e-07,278528
5861,1,0.293049992596934,0.293049992596934,2.3844200768508e-05,-0.608249247074127,9.73180451988066e-07,278528
5862,1,0.293099992595671,0.293099992595671,3.76628740923479e-05,-0.606383681297302,9.75063595645111e-07,278528
5863,1,0.293149992594408,0.293149992594408,5.01121176057495e-05,-0.604518055915833,9.77569201462102e-07,278528
5864,1,0.293199992593145,0.293199992593145,6.41797669231892e-05,-0.601097881793976,9.80778189727195e-07,278528
5865,1,0.293249992591882,0.293249992591882,7.79984329710715e-05,-0.600475966930389,9.84678111277228e-07,278528
5866,1,0.293299992590619,0.293299992590619,9.08211659407243e-05,-0.598299443721771,9.89219169459548e-07,278528
5867,1,0.293349992589356,0.293349992589356,0.000104266357084271,-0.594257354736328,9.94432487182062e-07,278528
5868,1,0.293399992588093,0.293399992588093,0.000117462557682302,-0.593324601650238,1.00030561491781e-06,278528
5869,1,0.293449992586829,0.293449992586829,0.00012928934302181,-0.590837121009827,1.00677008190559e-06,278528
5870,1,0.293499992585566,0.293499992585566,0.000143356999615207,-0.588038802146912,1.01393793170528e-06,278528
5871,1,0.293549992584303,0.293549992584303,0.000155183777678758,-0.5855513215065,1.0216971203932e-06,278528
5872,1,0.29359999258304,0.29359999258304,0.00016875346773304,-0.583996653556824,1.0301347935667e-06,278528
5873,1,0.293649992581777,0.293649992581777,0.000182323143235408,-0.580887377262115,1.03925095049818e-06,278528
5874,1,0.293699992580514,0.293699992580514,0.000195021377294324,-0.578710854053497,1.04900201911656e-06,278528
5875,1,0.293749992579251,0.293749992579251,0.000206723663723096,-0.576223373413086,1.0593382020416e-06,278528
5876,1,0.293799992577988,0.293799992577988,0.000220417845412157,-0.573735952377319,1.0703590940338e-06,278528
5877,1,0.293849992576725,0.293849992576725,0.000231622165301815,-0.570004820823669,1.08194020200633e-06,278528
5878,1,0.293899992575462,0.293899992575462,0.000244320399360731,-0.5681391954422,1.09415622166576e-06,278528
5879,1,0.293949992574198,0.293949992574198,0.000256645173067227,-0.564097106456757,1.10698847999495e-06,278528
5880,1,0.293999992572935,0.293999992572935,0.000268596457317472,-0.561920642852783,1.12041830252156e-06,278528
5881,1,0.294049992571672,0.294049992571672,0.000280298729194328,-0.559122204780579,1.13443323862723e-06,278528
5882,1,0.294099992570409,0.294099992570409,0.000291752017801628,-0.55601292848587,1.1490208391488e-06,278528
5883,1,0.294149992569146,0.294149992569146,0.000303080858429894,-0.552903652191162,1.16417488168747e-06,278528
5884,1,0.294199992567883,0.294199992567883,0.000314534147037193,-0.549794316291809,1.17990158864204e-06,278528
5885,1,0.29424999256662,0.29424999256662,0.000326360954204574,-0.546374082565308,1.19621963594004e-06,278528
5886,1,0.294299992565357,0.294299992565357,0.000337191799189895,-0.542642891407013,1.21307922547362e-06,278528
5887,1,0.294349992564094,0.294349992564094,0.000347649183822796,-0.539844572544098,1.23046168422565e-06,278528
5888,1,0.29439999256283,0.29439999256283,0.000357608601916581,-0.536424279212952,1.24834211386978e-06,278528
5889,1,0.294449992561567,0.294449992561567,0.000369435350876302,-0.534247756004333,1.26681388094696e-06,278528
5890,1,0.294499992560304,0.294499992560304,0.000379519275156781,-0.528651058673859,1.28578984422542e-06,278528
5891,1,0.294549992559041,0.294549992559041,0.000388482701964676,-0.526785492897034,1.30521397883296e-06,278528
5892,1,0.294599992557778,0.294599992557778,0.000399064592784271,-0.523676156997681,1.32516720796811e-06,278528
5893,1,0.294649992556515,0.294649992556515,0.000408650521421805,-0.520566821098328,1.34559973352303e-06,278528
5894,1,0.294699992555252,0.294699992555252,0.000418485404225066,-0.517768502235413,1.3665240032057e-06,278528
5895,1,0.294749992553989,0.294749992553989,0.000425456993980333,-0.514037311077118,1.38779685236732e-06,278528
5896,1,0.294799992552726,0.294799992552726,0.000435042922617868,-0.511549830436707,1.4095489979487e-06,278528
5897,1,0.294849992551462,0.294849992551462,0.000444255361799151,-0.508751511573792,1.43176176547752e-06,278528
5898,1,0.294899992550199,0.294899992550199,0.000452596344985068,-0.504087507724762,1.4543915821551e-06,278528
5899,1,0.294949992548936,0.294949992548936,0.000460314884549007,-0.501600086688995,1.47740732580112e-06,278528
5900,1,0.294999992547673,0.294999992547673,0.000468406855361536,-0.496936142444611,1.50082766797755e-06,278528
5901,1,0.29504999254641,0.29504999254641,0.000476374407298863,-0.494137763977051,1.52464638774078e-06,278528
5902,1,0.295099992545147,0.295099992545147,0.000481852068332955,-0.490406602621078,1.5487389905488e-06,278528
5903,1,0.295149992543884,0.295149992543884,0.000489197147544473,-0.487608224153519,1.57319884730811e-06,278528
5904,1,0.295199992542621,0.295199992542621,0.000496417691465467,-0.483566105365753,1.59801973125436e-06,278528
5905,1,0.295249992541358,0.295249992541358,0.000503140268847346,-0.480145871639252,1.62317674406121e-06,278528
5906,1,0.295299992540095,0.295299992540095,0.000510111916810274,-0.476725667715073,1.64868233925739e-06,278528
5907,1,0.295349992538831,0.295349992538831,0.000514842569828033,-0.473305433988571,1.67442446709849e-06,278528
5908,1,0.295399992537568,0.295399992537568,0.000519199820701033,-0.469574242830276,1.70038445747774e-06,278528
5909,1,0.295449992536305,0.295449992536305,0.000525548995938152,-0.465843081474304,1.72666190661083e-06,278528
5910,1,0.295499992535042,0.295499992535042,0.000529906188603491,-0.463977485895157,1.75315721537167e-06,278528
5911,1,0.295549992533779,0.295549992533779,0.000533765472937375,-0.460557252168655,1.77984548834434e-06,278528
5912,1,0.295599992532516,0.295599992532516,0.000538496184162796,-0.456515163183212,1.8067702968723e-06,278528
5913,1,0.295649992531253,0.295649992531253,0.000542230962309986,-0.454338669776917,1.8338818443029e-06,278528
5914,1,0.29569999252999,0.29569999252999,0.000546588154975325,-0.44998562335968,1.86121125136127e-06,278528
5915,1,0.295749992528727,0.295749992528727,0.000550073978956789,-0.445943534374237,1.88871494961431e-06,278528
5916,1,0.295799992527463,0.295799992527463,0.000553435296751559,-0.444077968597412,1.91638671375284e-06,278528
5917,1,0.2958499925262,0.2958499925262,0.000556672050151974,-0.440346777439117,1.9442203155573e-06,278528
5918,1,0.295899992524937,0.295899992524937,0.000557792547624558,-0.43754842877388,1.97210994223398e-06,278528
5919,1,0.295949992523674,0.295949992523674,0.000560904794838279,-0.433817237615585,2.00015518126741e-06,278528
5920,1,0.295999992522411,0.295999992522411,0.000562523200642318,-0.430086076259613,2.028281340589e-06,278528
5921,1,0.296049992521148,0.296049992521148,0.000565137539524585,-0.427287697792053,2.0565382168514e-06,278528
5922,1,0.296099992519885,0.296099992519885,0.000564764079172164,-0.424489349126816,2.08477642009665e-06,278528
5923,1,0.296149992518622,0.296149992518622,0.000565510999877006,-0.420758157968521,2.1130519693762e-06,278528
5924,1,0.296199992517359,0.296199992517359,0.000566755945328623,-0.41764885187149,2.14138976592676e-06,278528
5925,1,0.296249992516096,0.296249992516096,0.000567129405681044,-0.414228618144989,2.16974623549447e-06,278528
5926,1,0.296299992514832,0.296299992514832,0.000567378418054432,-0.412052124738693,2.19811515568053e-06,278528
5927,1,0.296349992513569,0.296349992513569,0.000566880451515317,-0.408942818641663,2.22645917754026e-06,278528
5928,1,0.296399992512306,0.296399992512306,0.000566008966416121,-0.407077223062515,2.25475962514614e-06,278528
5929,1,0.296449992511043,0.296449992511043,0.000564764079172164,-0.403967916965485,2.28299782839139e-06,278528
5930,1,0.29649999250978,0.29649999250978,0.000564390618819743,-0.401169538497925,2.31121735861949e-06,278528
5931,1,0.296549992508517,0.296549992508517,0.000563145673368126,-0.397438377141953,2.33937464157659e-06,278528
5932,1,0.296599992507254,0.296599992507254,0.000560282322112471,-0.395261853933334,2.36738875697452e-06,278528
5933,1,0.296649992505991,0.296649992505991,0.000558912928681821,-0.392463505268097,2.39533440270264e-06,278528
5934,1,0.296699992504728,0.296699992504728,0.000556547602172941,-0.390286952257156,2.42316178210831e-06,278528
5935,1,0.296749992503464,0.296749992503464,0.000553186284378171,-0.387799561023712,2.45082109562848e-06,278528
5936,1,0.296799992502201,0.296799992502201,0.000550073978956789,-0.385312110185623,2.47832479388152e-06,278528
5937,1,0.296849992500938,0.296849992500938,0.00054745958186686,-0.381891876459122,2.50569777228337e-06,278528
5938,1,0.296899992499675,0.296899992499675,0.00054472079500556,-0.378782570362091,2.5329338113456e-06,278528
5939,1,0.296949992498412,0.296949992498412,0.000541110523045063,-0.377538830041885,2.55998933681438e-06,278528
5940,1,0.296999992497149,0.296999992497149,0.00053662876598537,-0.375051379203796,2.58682077443583e-06,278528
5941,1,0.297049992495886,0.297049992495886,0.000532893987838179,-0.372874885797501,2.61346547315463e-06,278528
5942,1,0.297099992494623,0.297099992494623,0.000527665310073644,-0.370387434959412,2.63984873799182e-06,278528
5943,1,0.29714999249336,0.29714999249336,0.000523183553013951,-0.367278128862381,2.66600791498168e-06,278528
5944,1,0.297199992492096,0.297199992492096,0.000517705862876028,-0.36696720123291,2.69189320747156e-06,278528
5945,1,0.297249992490833,0.297249992490833,0.000511730264406651,-0.363546937704086,2.71747972004553e-06,278528
5946,1,0.29729999248957,0.29729999248957,0.000506750599015504,-0.362925112247467,2.74281724935622e-06,278528
5947,1,0.297349992488307,0.297349992488307,0.000500276975799352,-0.359504848718643,2.76783109751429e-06,278528
5948,1,0.297399992487044,0.297399992487044,0.000494425825309008,-0.358882993459702,2.79255238815522e-06,278528
5949,1,0.297449992485781,0.297449992485781,0.000488699181005359,-0.357017397880554,2.81698734658821e-06,278528
5950,1,0.297499992484518,0.297499992484518,0.000481852068332955,-0.355773717164993,2.84107994939623e-06,278528
5951,1,0.297549992483255,0.297549992483255,0.000475378474220634,-0.353286266326904,2.86484887250681e-06,278528
5952,1,0.297599992481992,0.297599992481992,0.000467286474304274,-0.351731598377228,2.88821319563179e-06,278528
5953,1,0.297649992480729,0.297649992480729,0.000459318951470777,-0.350487858057022,2.91117914262516e-06,278528
5954,1,0.297699992479465,0.297699992479465,0.000453094340628013,-0.348933219909668,2.93383385908425e-06,278528
5955,1,0.297749992478202,0.297749992478202,0.000445500278146937,-0.347378581762314,2.95610887242889e-06,278528
5956,1,0.297799992476939,0.297799992476939,0.000437283772043884,-0.345512986183167,2.97797306047874e-06,278528
5957,1,0.297849992475676,0.297849992475676,0.000428818311775103,-0.345202058553696,2.99941397552586e-06,278528
5958,1,0.297899992474413,0.297899992474413,0.000421099743107334,-0.344269275665283,3.02046896214933e-06,278528
5959,1,0.29794999247315,0.29794999247315,0.000412634253734723,-0.342403680086136,3.04110067431487e-06,278528
5960,1,0.297999992471887,0.297999992471887,0.00040342181455344,-0.341470897197723,3.06127176453297e-06,278528
5961,1,0.298049992470624,0.298049992470624,0.000393835915019736,-0.340538084506989,3.0809635597865e-06,278528
5962,1,0.298099992469361,0.298099992469361,0.000385743856895715,-0.34022718667984,3.10025075214405e-06,278528
5963,1,0.298149992468097,0.298149992468097,0.000376531417714432,-0.339294373989105,3.11907732255418e-06,278528
5964,1,0.298199992466834,0.298199992466834,0.000366945518180728,-0.339605331420898,3.13742459799972e-06,278528
5965,1,0.298249992465571,0.298249992465571,0.000357484095729887,-0.336185097694397,3.15529880233467e-06,278528
5966,1,0.298299992464308,0.298299992464308,0.000347649183822796,-0.336495995521545,3.1726812610867e-06,278528
5967,1,0.298349992463045,0.298349992463045,0.000338187703164294,-0.336185097694397,3.18959064581774e-06,278528
5968,1,0.298399992461782,0.298399992461782,0.000327730376739055,-0.336185097694397,3.20597716424074e-06,278528
5969,1,0.298449992460519,0.298449992460519,0.000317272992106155,-0.336185097694397,3.2218408134453e-06,278528
5970,1,0.298499992459256,0.298499992459256,0.000307438080199063,-0.335252285003662,3.23721271706692e-06,278528
5971,1,0.298549992457993,0.298549992457993,0.000297478691209108,-0.335252285003662,3.25208665125163e-06,278528
5972,1,0.29859999245673,0.29859999245673,0.000286149879684672,-0.335252285003662,3.26639414487443e-06,278528
5973,1,0.298649992455466,0.298649992455466,0.000275443511782214,-0.334941357374191,3.28016632011562e-06,278528
5974,1,0.298699992454203,0.298699992454203,0.000264363712631166,-0.335874140262604,3.29338450541326e-06,278528
5975,1,0.29874999245294,0.29874999245294,0.000253532838542014,-0.334941357374191,3.30606114702012e-06,278528
5976,1,0.298799992451677,0.298799992451677,0.000242453024839051,-0.335874140262604,3.31818379795583e-06,278528
5977,1,0.298849992450414,0.298849992450414,0.000231373196584173,-0.335874140262604,3.32975245749279e-06,278528
5978,1,0.298899992449151,0.298899992449151,0.000219919864321128,-0.335563242435455,3.34074845043107e-06,278528
5979,1,0.298949992447888,0.298949992447888,0.000207968594622798,-0.337428778409958,3.35114687989952e-06,278528
5980,1,0.298999992446625,0.298999992446625,0.000196390799828805,-0.337117880582809,3.3609664196429e-06,278528
5981,1,0.299049992445362,0.299049992445362,0.000185435463208705,-0.337117880582809,3.37023819256911e-06,278528
5982,1,0.299099992444098,0.299099992444098,0.000174729095306247,-0.337739735841751,3.37897464711372e-06,278528
5983,1,0.299149992442835,0.299149992442835,0.000162902317242697,-0.338672518730164,3.38711976277009e-06,278528
5984,1,0.299199992441572,0.299199992441572,0.000151448999531567,-0.339294373989105,3.39469221255537e-06,278528
5985,1,0.299249992440309,0.299249992440309,0.000139746713102795,-0.34022718667984,3.401679548034e-06,278528
5986,1,0.299299992439046,0.299299992439046,0.000127670937217772,-0.341781824827194,3.40806309473362e-06,278528
5987,1,0.299349992437783,0.299349992437783,0.000115844159154221,-0.343025535345078,3.41385530254501e-06,278528
5988,1,0.29939999243652,0.29939999243652,0.00010289693454979,-0.34395831823349,3.41900014914253e-06,278528
5989,1,0.299449992435257,0.299449992435257,9.14436313905753e-05,-0.344580173492432,3.42357233059656e-06,278528
5990,1,0.299499992433994,0.299499992433994,7.93678555055521e-05,-0.345823913812637,3.42754072327159e-06,278528
5991,1,0.299549992432731,0.299549992432731,6.77900534356013e-05,-0.347689509391785,3.43093022585774e-06,278528
5992,1,0.299599992431467,0.299599992431467,5.64612346352078e-05,-0.349244177341461,3.43375328751818e-06,278528
5993,1,0.299649992430204,0.299649992430204,4.37630005762912e-05,-0.349866032600403,3.43594143749172e-06,278528
5994,1,0.299699992428941,0.299699992428941,3.16872283292469e-05,-0.350487858057022,3.43752579886816e-06,278528
5995,1,0.299749992427678,0.299749992427678,2.02339197130641e-05,-0.352353453636169,3.43853749482825e-06,278528
5996,1,0.299799992426415,0.299799992426415,7.16220847607474e-06,-0.355773717164993,3.43889560524301e-06,278528
5997,1,0.299849992425152,0.299849992425152,-3.79313041776186e-06,-0.356395572423935,3.43870594872691e-06,278528
5998,1,0.299899992423889,0.299899992423889,-1.61178868438583e-05,-0.35826113820076,3.43790005440508e-06,278528
5999,1,0.299949992422626,0.299949992422626,-2.83181507256813e-05,-0.360748589038849,3.43648414690456e-06,278528
6000,1,0.299999992421363,0.299999992421363,-3.95224742533173e-05,-0.362303256988525,3.43450802324182e-06,278528
6001,1,0.300049992420099,0.300049992420099,-5.22207083122339e-05,-0.364479750394821,3.43189698789217e-06,278528
6002,1,0.300099992418836,0.300099992418836,-6.3798506744206e-05,-0.366345345973969,3.42870706263554e-06,278528
6003,1,0.300149992417573,0.300149992417573,-7.50028339098208e-05,-0.368210941553116,3.42495692103479e-06,278528
6004,1,0.30019999241631,0.30019999241631,-8.7825559603516e-05,-0.371009290218353,3.42056564316554e-06,278528
6005,1,0.300249992415047,0.300249992415047,-9.84074285952374e-05,-0.372563928365707,3.41564527186008e-06,278528
6006,1,0.300299992413784,0.300299992413784,-0.000110981163743418,-0.374740481376648,3.41009621381309e-06,278528
6007,1,0.300349992412521,0.300349992412521,-0.00012243447417859,-0.376916974782944,3.40397449025881e-06,278528
6008,1,0.300399992411258,0.300399992411258,-0.000133140842081048,-0.379404425621033,3.39731744832293e-06,278528
6009,1,0.300449992409995,0.300449992409995,-0.000145341095048934,-0.381891876459122,3.39005039375406e-06,278528
6010,1,0.300499992408731,0.300499992408731,-0.000156296431669034,-0.385623008012772,3.38223557236803e-06,278528
6011,1,0.300549992407468,0.300549992407468,-0.000167998732649721,-0.387177675962448,3.37383563594774e-06,278528
6012,1,0.300599992406205,0.300599992406205,-0.000178954069269821,-0.389354199171066,3.36488793271029e-06,278528
6013,1,0.300649992404942,0.300649992404942,-0.000190531864063814,-0.392463505268097,3.35536133974776e-06,278528
6014,1,0.300699992403679,0.300699992403679,-0.00020235865667928,-0.394639998674393,3.3452434071694e-06,278528
6015,1,0.300749992402416,0.300749992402416,-0.000212567043490708,-0.397127449512482,3.33461505526336e-06,278528
6016,1,0.300799992401153,0.300799992401153,-0.000223148905206472,-0.400858640670776,3.3234576102849e-06,278528
6017,1,0.30084999239989,0.30084999239989,-0.000234477716730908,-0.402724206447601,3.31173372474452e-06,278528
6018,1,0.300899992398627,0.300899992398627,-0.000244312628637999,-0.40583348274231,3.29951809362121e-06,278528
6019,1,0.300949992397364,0.300949992397364,-0.000255018996540457,-0.408942818641663,3.28676714411631e-06,278528
6020,1,0.3009999923961,0.3009999923961,-0.000265849841525778,-0.4117411673069,3.27347465237581e-06,278528
6021,1,0.301049992394837,0.301049992394837,-0.000276058213785291,-0.414850473403931,3.25967174203524e-06,278528
6022,1,0.301099992393574,0.301099992393574,-0.000285768648609519,-0.417959809303284,3.24538330996572e-06,278528
6023,1,0.301149992392311,0.301149992392311,-0.000296350481221452,-0.420447260141373,3.23056578627897e-06,278528
6024,1,0.301199992391048,0.301199992391048,-0.000305811932776123,-0.424489349126816,3.21527519002644e-06,278528
6025,1,0.301249992389785,0.301249992389785,-0.000315646844683215,-0.426976799964905,3.19949284819097e-06,278528
6026,1,0.301299992388522,0.301299992388522,-0.000326104200212285,-0.430086076259613,3.18318763859226e-06,278528
6027,1,0.301349992387259,0.301349992387259,-0.000334943179041147,-0.433506339788437,3.16644048006327e-06,278528
6028,1,0.301399992385996,0.301399992385996,-0.000343533145496622,-0.436615616083145,3.14926382322236e-06,278528
6029,1,0.301449992384732,0.301449992384732,-0.000353119074134156,-0.439724922180176,3.13160786996168e-06,278528
6030,1,0.301499992383469,0.301499992383469,-0.000361709040589631,-0.442523330450058,3.11352241838908e-06,278528
6031,1,0.301549992382206,0.301549992382206,-0.000369925575796515,-0.447187274694443,3.09502614006651e-06,278528
6032,1,0.301599992380943,0.301599992380943,-0.000378266558982432,-0.44998562335968,3.07611281259517e-06,278528
6033,1,0.30164999237968,0.30164999237968,-0.000387354491977021,-0.45278400182724,3.05674508848559e-06,278528
6034,1,0.301699992378417,0.301699992378417,-0.000395322014810517,-0.457137048244476,3.0369789882444e-06,278528
6035,1,0.301749992377154,0.301749992377154,-0.000403912010369822,-0.460868209600449,3.01678338823609e-06,278528
6036,1,0.301799992375891,0.301799992375891,-0.000411008077207953,-0.462733805179596,2.99623298489484e-06,278528
6037,1,0.301849992374628,0.301849992374628,-0.000419473537476733,-0.466775894165039,2.97525930855085e-06,278528
6038,1,0.301899992373365,0.301899992373365,-0.000426818616688251,-0.468019604682922,2.95391837825555e-06,278528
6039,1,0.301949992372101,0.301949992372101,-0.000435159628977999,-0.47268357872963,2.9321603973563e-06,278528
6040,1,0.301999992370838,0.301999992370838,-0.000440761767094955,-0.476103782653809,2.91012230955829e-06,278528
6041,1,0.302049992369575,0.302049992369575,-0.000448729319032282,-0.479213118553162,2.88768584417346e-06,278528
6042,1,0.302099992368312,0.302099992368312,-0.000455202913144603,-0.483877062797546,2.8649256990912e-06,278528
6043,1,0.302149992367049,0.302149992367049,-0.00046080508036539,-0.486053556203842,2.84188544565498e-06,278528
6044,1,0.302199992365786,0.302199992365786,-0.000467029691208154,-0.490717500448227,2.81853396168448e-06,278528
6045,1,0.302249992364523,0.302249992364523,-0.000474499247502536,-0.493204951286316,2.7948089999087e-06,278528
6046,1,0.30229999236326,0.30229999236326,-0.000479105452541262,-0.496625185012817,2.77085372788679e-06,278528
6047,1,0.302349992361997,0.302349992361997,-0.000486823992105201,-0.500356376171112,2.74651252889644e-06,278528
6048,1,0.302399992360733,0.302399992360733,-0.00049018528079614,-0.503154695034027,2.72200326547579e-06,278528
6049,1,0.30244999235947,0.30244999235947,-0.000495538464747369,-0.506885886192322,2.69722634286434e-06,278528
6050,1,0.302499992358207,0.302499992358207,-0.000501514121424407,-0.510927975177765,2.67215063742659e-06,278528
6051,1,0.302549992356944,0.302549992356944,-0.000506244832649827,-0.513104498386383,2.64683839643354e-06,278528
6052,1,0.302599992355681,0.302599992355681,-0.000510851037688553,-0.517457544803619,2.62129584519437e-06,278528
6053,1,0.302649992354418,0.302649992354418,-0.000515083782374859,-0.519634068012238,2.59554165672623e-06,278528
6054,1,0.302699992353155,0.302699992353155,-0.00051844515837729,-0.523676156997681,2.56961939946222e-06,278528
6055,1,0.302749992351892,0.302749992351892,-0.000521930865943432,-0.526163578033447,2.5435228568243e-06,278528
6056,1,0.302799992350629,0.302799992350629,-0.000525665644090623,-0.528961956501007,2.51723957528374e-06,278528
6057,1,0.302849992349365,0.302849992349365,-0.000529773882590234,-0.533315002918243,2.49075088182339e-06,278528
6058,1,0.302899992348102,0.302899992348102,-0.000532014761120081,-0.536735236644745,2.46415014443938e-06,278528
6059,1,0.302949992346839,0.302949992346839,-0.000533882179297507,-0.540155470371246,2.43745603614885e-06,278528
6060,1,0.302999992345576,0.302999992345576,-0.000537616957444698,-0.542642891407013,2.41057518895568e-06,278528
6061,1,0.303049992344313,0.303049992344313,-0.000539235305041075,-0.546063125133514,2.38361342438474e-06,278528
6062,1,0.30309999234305,0.30309999234305,-0.000541351735591888,-0.548550605773926,2.35654583828893e-06,278528
6063,1,0.303149992341787,0.303149992341787,-0.00054309464758262,-0.552903652191162,2.32939110659579e-06,278528
6064,1,0.303199992340524,0.303199992340524,-0.00054446398280561,-0.55601292848587,2.30216790814322e-06,278528
6065,1,0.303249992339261,0.303249992339261,-0.000545957940630615,-0.557567596435547,2.2748700118013e-06,278528
6066,1,0.303299992337998,0.303299992337998,-0.000547700852621347,-0.561298727989197,2.24748496986203e-06,278528
6067,1,0.303349992336734,0.303349992336734,-0.000548074312973768,-0.564097106456757,2.22008125490562e-06,278528
6068,1,0.303399992335471,0.303399992335471,-0.000547700852621347,-0.566584587097168,2.19269621296636e-06,278528
6069,1,0.303449992334208,0.303449992334208,-0.000547327392268926,-0.569382905960083,2.16532984404424e-06,278528
6070,1,0.303499992332945,0.303499992332945,-0.000547327392268926,-0.572492241859436,2.13796347512213e-06,278528
6071,1,0.303549992331682,0.303549992331682,-0.000547202886082232,-0.575290620326996,2.11060333150919e-06,278528
6072,1,0.303599992330419,0.303599992330419,-0.000545833434443921,-0.577467083930969,2.08331166047644e-06,278528
6073,1,0.303649992329156,0.303649992329156,-0.000545086513739079,-0.580576419830322,2.05605733547799e-06,278528
6074,1,0.303699992327893,0.303699992327893,-0.000544588488992304,-0.581509232521057,2.02882791171625e-06,278528
6075,1,0.30374999232663,0.30374999232663,-0.000542970141395926,-0.584618508815765,2.00167940533228e-06,278528
6076,1,0.303799992325366,0.303799992325366,-0.000541351735591888,-0.587416887283325,1.97461181923647e-06,278528
6077,1,0.303849992324103,0.303849992324103,-0.000538986292667687,-0.590526163578033,1.94766250528388e-06,278528
6078,1,0.30389999232284,0.30389999232284,-0.000536496459972113,-0.59394645690918,1.92083768296293e-06,278528
6079,1,0.303949992321577,0.303949992321577,-0.000534255639649928,-0.594257354736328,1.89412490165526e-06,278528
6080,1,0.303999992320314,0.303999992320314,-0.000531018886249512,-0.597055733203888,1.86757395801351e-06,278528
6081,1,0.304049992319051,0.304049992319051,-0.000528777949512005,-0.598921298980713,1.84113506120582e-06,278528
6082,1,0.304099992317788,0.304099992317788,-0.00052491866517812,-0.602030634880066,1.81488912860994e-06,278528
6083,1,0.304149992316525,0.304149992316525,-0.000521557405591011,-0.604207158088684,1.78881125898917e-06,278528
6084,1,0.304199992315262,0.304199992315262,-0.00051782262744382,-0.605450868606567,1.76292012827104e-06,278528
6085,1,0.304249992313999,0.304249992313999,-0.000513340928591788,-0.607627391815186,1.73725308248986e-06,278528
6086,1,0.304299992312735,0.304299992312735,-0.000508983619511127,-0.610114812850952,1.7118039021572e-06,278528
6087,1,0.304349992311472,0.304349992311472,-0.000504128460306674,-0.611669480800629,1.68659747977864e-06,278528
6088,1,0.304399992310209,0.304399992310209,-0.000499024288728833,-0.614467859268188,1.66164626597252e-06,278528
6089,1,0.304449992308946,0.304449992308946,-0.000494418025482446,-0.615400671958923,1.6369253653229e-06,278528
6090,1,0.304499992307683,0.304499992307683,-0.000487944460473955,-0.616955280303955,1.61252814291552e-06,278528
6091,1,0.30454999230642,0.30454999230642,-0.000480972841614857,-0.61788809299469,1.5884795014423e-06,278528
6092,1,0.304599992305157,0.304599992305157,-0.000475619686767459,-0.619753658771515,1.56469851770469e-06,278528
6093,1,0.304649992303894,0.304649992303894,-0.000469768536277115,-0.622241139411926,1.5412100914842e-06,278528
6094,1,0.304699992302631,0.304699992302631,-0.000463419419247657,-0.622552037239075,1.51803912110716e-06,278528
6095,1,0.304749992301367,0.304749992301367,-0.000457070273114368,-0.624728560447693,1.49518560802877e-06,278528
6096,1,0.304799992300104,0.304799992300104,-0.000449351733550429,-0.625661373138428,1.47271802191883e-06,278528
6097,1,0.304849992298841,0.304849992298841,-0.000443127151811495,-0.625039458274841,1.45056166488797e-06,278528
6098,1,0.304899992297578,0.304899992297578,-0.000434163666795939,-0.628148853778839,1.42885348209657e-06,278528
6099,1,0.304949992296315,0.304949992296315,-0.000425822683610022,-0.629703462123871,1.40756234845393e-06,278528
6100,1,0.304999992295052,0.304999992295052,-0.000419722549850121,-0.630014359951019,1.38657622149158e-06,278528
6101,1,0.305049992293789,0.305049992293789,-0.000411381566664204,-0.630325317382813,1.36600714367798e-06,278528
6102,1,0.305099992292526,0.305099992292526,-0.00040179563802667,-0.630636215209961,1.34591736228416e-06,278528
6103,1,0.305149992291263,0.305149992291263,-0.000394948525354266,-0.631569027900696,1.32616993651531e-06,278528
6104,1,0.30519999229,0.30519999229,-0.00038461564690806,-0.632812738418579,1.30693915465572e-06,278528
6105,1,0.305249992288736,0.305249992288736,-0.000375403207726777,-0.633123636245728,1.28816899474355e-06,278528
6106,1,0.305299992287473,0.305299992287473,-0.000366564258001745,-0.633123636245728,1.26984078230648e-06,278528
6107,1,0.30534999228621,0.30534999228621,-0.000356729346094653,-0.633123636245728,1.25200431545233e-06,278528
6108,1,0.305399992284947,0.305399992284947,-0.000346769928000867,-0.633745551109314,1.23466581949029e-06,278528
6109,1,0.305449992283684,0.305449992283684,-0.000335565651766956,-0.634989261627197,1.2178875373258e-06,278528
6110,1,0.305499992282421,0.305499992282421,-0.000326353183481842,-0.634367406368256,1.20156987856393e-06,278528
6111,1,0.305549992281158,0.305549992281158,-0.00031614481122233,-0.634678363800049,1.18576263840214e-06,278528
6112,1,0.305599992279895,0.305599992279895,-0.000305687426589429,-0.635611116886139,1.17047826745878e-06,278528
6113,1,0.305649992278632,0.305649992278632,-0.000295354548143223,-0.634989261627197,1.15571054042468e-06,278528
6114,1,0.305699992277368,0.305699992277368,-0.000284274719888344,-0.634989261627197,1.14149680478933e-06,278528
6115,1,0.305749992276105,0.305749992276105,-0.000273194891633466,-0.633745551109314,1.12783706055274e-06,278528
6116,1,0.305799992274842,0.305799992274842,-0.000262239540461451,-0.634367406368256,1.1147250838609e-06,278528
6117,1,0.305849992273579,0.305849992273579,-0.00025140869547613,-0.633745551109314,1.10215464940465e-06,278528
6118,1,0.305899992272316,0.305899992272316,-0.000239581917412579,-0.633745551109314,1.09017555383664e-06,278528
6119,1,0.305949992271053,0.305949992271053,-0.000228502074605785,-0.633745551109314,1.07875045039497e-06,278528
6120,1,0.30599999226979,0.30599999226979,-0.00021567934891209,-0.632812738418579,1.06796648322179e-06,278528
6121,1,0.306049992268527,0.306049992268527,-0.000203852570848539,-0.631569027900696,1.05777385493685e-06,278528
6122,1,0.306099992267264,0.306099992267264,-0.000191901286598295,-0.630636215209961,1.04817879084933e-06,278528
6123,1,0.306149992266,0.306149992266,-0.000178705071448348,-0.629392504692078,1.03924353750264e-06,278528
6124,1,0.306199992264737,0.306199992264737,-0.000167749734828249,-0.628770649433136,1.03085605097311e-06,278528
6125,1,0.306249992263474,0.306249992263474,-0.000154678040416911,-0.628459751605988,1.02312214914764e-06,278528
6126,1,0.306299992262211,0.306299992262211,-0.000141606331453659,-0.627837836742401,1.01604183275382e-06,278528
6127,1,0.306349992260948,0.306349992260948,-0.000130277505377308,-0.626283228397369,1.00952795764951e-06,278528
6128,1,0.306399992259685,0.306399992259685,-0.000115960865514353,-0.6244176030159,1.00372991452026e-06,278528
6129,1,0.306449992258422,0.306449992258422,-0.000102764664916322,-0.62348484992981,9.98591681404248e-07,278528
6130,1,0.306499992257159,0.306499992257159,-9.06888817553408e-05,-0.622862994670868,9.9405723743103e-07,278528
6131,1,0.306549992255896,0.306549992255896,-7.74926884332672e-05,-0.62161922454834,9.90182603107248e-07,278528
6132,1,0.306599992254633,0.306599992254633,-6.42964805592783e-05,-0.619442760944366,9.86967779160498e-07,278528
6133,1,0.306649992253369,0.306649992253369,-5.17227417731192e-05,-0.617577135562897,9.84381642137173e-07,278528
6134,1,0.306699992252106,0.306699992252106,-3.74061019101646e-05,-0.616644322872162,9.82511337088912e-07,278528
6135,1,0.306749992250843,0.306749992250843,-2.45833780354587e-05,-0.615400671958923,9.81282168218191e-07,278528
6136,1,0.30679999224958,0.30679999224958,-1.12626803456806e-05,-0.613846004009247,9.80719034215133e-07,278528
6137,1,0.306849992248317,0.306849992248317,1.68453902915644e-06,-0.611980378627777,9.80803261164463e-07,278528
6138,1,0.306899992247054,0.306899992247054,1.38848035931005e-05,-0.609182059764862,9.8149750132658e-07,278528
6139,1,0.306949992245791,0.306949992245791,2.84504239971284e-05,-0.607627391815186,9.82920022490501e-07,278528
6140,1,0.306999992244528,0.306999992244528,4.13976413256023e-05,-0.606072723865509,9.84989904504491e-07,278528
6141,1,0.307049992243265,0.307049992243265,5.55897859157994e-05,-0.604518055915833,9.87769393730065e-07,278528
6142,1,0.307099992242001,0.307099992242001,6.72920868964866e-05,-0.601719737052917,9.91133997989893e-07,278528
6143,1,0.307149992240738,0.307149992240738,8.13597362139262e-05,-0.598610401153564,9.95201984697823e-07,278528
6144,1,0.307199992239475,0.307199992239475,9.44314451771788e-05,-0.59674483537674,9.99923556837405e-07,278528
6145,1,0.307249992238212,0.307249992238212,0.000107254178146832,-0.59487920999527,1.00528626560927e-06,278528
6146,1,0.307299992236949,0.307299992236949,0.000120201395475306,-0.592391788959503,1.01129633523121e-06,278528
6147,1,0.307349992235686,0.307349992235686,0.000133522087708116,-0.589593410491943,1.01797243944796e-06,278528
6148,1,0.307399992234423,0.307399992234423,0.000147589729749598,-0.587416887283325,1.02535192574902e-06,278528
6149,1,0.30744999223316,0.30744999223316,0.000160163472173735,-0.5855513215065,1.03336009915541e-06,278528
6150,1,0.307499992231897,0.307499992231897,0.000174729095306247,-0.582131087779999,1.04209655370002e-06,278528
6151,1,0.307549992230634,0.307549992230634,0.000187053854460828,-0.579954564571381,1.05144924618679e-06,278528
6152,1,0.30759999222937,0.30759999222937,0.000198756155441515,-0.578399896621704,1.06138705370781e-06,278528
6153,1,0.307649992228107,0.307649992228107,0.000212450322578661,-0.574357807636261,1.0720095695684e-06,278528
6154,1,0.307699992226844,0.307699992226844,0.000224401606828906,-0.572492241859436,1.0832296496264e-06,278528
6155,1,0.307749992225581,0.307749992225581,0.000237099840887822,-0.569382905960083,1.09508464137131e-06,278528
6156,1,0.307799992224318,0.307799992224318,0.000249051110586151,-0.56534081697464,1.10753719658604e-06,278528
6157,1,0.307849992223055,0.307849992223055,0.00026013093884103,-0.562231540679932,1.12054374319952e-06,278528
6158,1,0.307899992221792,0.307899992221792,0.000272082223091274,-0.560055017471313,1.13414785401041e-06,278528
6159,1,0.307949992220529,0.307949992220529,0.000284655950963497,-0.557256639003754,1.14838065119904e-06,278528
6160,1,0.307999992219266,0.307999992219266,0.000296482787234709,-0.554147362709045,1.16320479018628e-06,278528
6161,1,0.308049992218002,0.308049992218002,0.000307064619846642,-0.551348924636841,1.17855802079076e-06,278528
6162,1,0.308099992216739,0.308099992216739,0.000319015904096887,-0.547617793083191,1.19450881559266e-06,278528
6163,1,0.308149992215476,0.308149992215476,0.00032959776581265,-0.545441269874573,1.21098870346697e-06,278528
6164,1,0.308199992214213,0.308199992214213,0.000340926548233256,-0.542331993579865,1.22803503044801e-06,278528
6165,1,0.30824999221295,0.30824999221295,0.000351632916135713,-0.538911759853363,1.24561667581064e-06,278528
6166,1,0.308299992211687,0.308299992211687,0.00036096986150369,-0.536424279212952,1.26366516842988e-06,278528
6167,1,0.308349992210424,0.308349992210424,0.000371676229406148,-0.533315002918243,1.28224897943072e-06,278528
6168,1,0.308399992209161,0.308399992209161,0.000381884630769491,-0.53020566701889,1.30134321048684e-06,278528
6169,1,0.308449992207898,0.308449992207898,0.000391470530303195,-0.52647453546524,1.32091673650753e-06,278528
6170,1,0.308499992206634,0.308499992206634,0.000401803437853232,-0.523987054824829,1.34100690789267e-06,278528
6171,1,0.308549992205371,0.308549992205371,0.000409770902479067,-0.519323110580444,1.36149545249904e-06,278528
6172,1,0.308599992204108,0.308599992204108,0.00041860991041176,-0.516524732112885,1.38242594749088e-06,278528
6173,1,0.308649992202845,0.308649992202845,0.000428818311775103,-0.513415455818176,1.40386686253799e-06,278528
6174,1,0.308699992201582,0.308699992201582,0.000436536822235212,-0.510306119918823,1.42569370309836e-06,278528
6175,1,0.308749992200319,0.308749992200319,0.000447118683950976,-0.505953133106232,1.44804963673115e-06,278528
6176,1,0.308799992199056,0.308799992199056,0.000452845357358456,-0.503154695034027,1.47069190402708e-06,278528
6177,1,0.308849992197793,0.308849992197793,0.000462306779809296,-0.499112635850906,1.4938072424336e-06,278528
6178,1,0.30889999219653,0.30889999219653,0.000469153863377869,-0.495692402124405,1.51726493500991e-06,278528
6179,1,0.308949992195267,0.308949992195267,0.00047662339056842,-0.492894053459167,1.5410961039363e-06,278528
6180,1,0.308999992194003,0.308999992194003,0.000484964402858168,-0.490406602621078,1.56534432346665e-06,278528
6181,1,0.30904999219274,0.30904999219274,0.000489944126456976,-0.486364513635635,1.58984152917064e-06,278528
6182,1,0.309099992191477,0.309099992191477,0.000497413682751358,-0.483255207538605,1.61471221267993e-06,278528
6183,1,0.309149992190214,0.309149992190214,0.000505007687024772,-0.479213118553162,1.63996259639329e-06,278528
6184,1,0.309199992188951,0.309199992188951,0.000509738398250192,-0.476103782653809,1.66544951566194e-06,278528
6185,1,0.309249992187688,0.309249992187688,0.000516958942171186,-0.472994476556778,1.69129746211753e-06,278528
6186,1,0.309299992186425,0.309299992186425,0.000520942732691765,-0.469263345003128,1.71734459809411e-06,278528
6187,1,0.309349992185162,0.309349992185162,0.000526171352248639,-0.466154038906097,1.74365316504193e-06,278528
6188,1,0.309399992183899,0.309399992183899,0.000531400088220835,-0.462111949920654,1.77022316878176e-06,278528
6189,1,0.309449992182635,0.309449992182635,0.000535508384928107,-0.460246354341507,1.79699858735176e-06,278528
6190,1,0.309499992181372,0.309499992181372,0.000539865577593446,-0.456515163183212,1.82399186554952e-06,278528
6191,1,0.309549992180109,0.309549992180109,0.000543226837180555,-0.452162146568298,1.8511532067224e-06,278528
6192,1,0.309599992178846,0.309599992178846,0.000546463706996292,-0.44998562335968,1.87847639138197e-06,278528
6193,1,0.309649992177583,0.309649992177583,0.000550696451682597,-0.445321679115295,1.90601121327051e-06,278528
6194,1,0.30969999217632,0.30969999217632,0.000554555677808821,-0.442523330450058,1.93373899646049e-06,278528
6195,1,0.309749992175057,0.309749992175057,0.000555551610887051,-0.439413994550705,1.96151657630312e-06,278528
6196,1,0.309799992173794,0.309799992173794,0.000558663974516094,-0.435993790626526,1.98944977432328e-06,278528
6197,1,0.309849992172531,0.309849992172531,0.000560157815925777,-0.433506339788437,2.01745766441203e-06,278528
6198,1,0.309899992171268,0.309899992171268,0.000561527267564088,-0.431329786777496,2.04553402708096e-06,278528
6199,1,0.309949992170004,0.309949992170004,0.000563768146093935,-0.426665842533112,2.07372243367356e-06,278528
6200,1,0.309999992168741,0.309999992168741,0.000565137539524585,-0.423867464065552,2.10197930993596e-06,278528
6201,1,0.310049992167478,0.310049992167478,0.00056663149734959,-0.420758157968521,2.13031088408772e-06,278528
6202,1,0.310099992166215,0.310099992166215,0.000566257978789508,-0.417026996612549,2.15862378231196e-06,278528
6203,1,0.310149992164952,0.310149992164952,0.000566008966416121,-0.414228618144989,2.18692422991783e-06,278528
6204,1,0.310199992163689,0.310199992163689,0.000565510999877006,-0.411430269479752,2.21519977919738e-06,278528
6205,1,0.310249992162426,0.310249992162426,0.000565884460229427,-0.408631891012192,2.24349400149408e-06,278528
6206,1,0.310299992161163,0.310299992161163,0.000564390618819743,-0.40583348274231,2.27171353172218e-06,278528
6207,1,0.3103499921599,0.3103499921599,0.000564017158467323,-0.401791393756866,2.29991438893314e-06,278528
6208,1,0.310399992158636,0.310399992158636,0.000562772213015705,-0.400547683238983,2.32805299887308e-06,278528
6209,1,0.310449992157373,0.310449992157373,0.000561153807211667,-0.398371189832687,2.35611068852487e-06,278528
6210,1,0.31049999215611,0.31049999215611,0.000559286447241902,-0.394950956106186,2.38407501018052e-06,278528
6211,1,0.310549992154847,0.310549992154847,0.000556921062525362,-0.392152547836304,2.41192106260334e-06,278528
6212,1,0.310599992153584,0.310599992153584,0.000554804690182209,-0.39090883731842,2.43966129641167e-06,278528
6213,1,0.310649992152321,0.310649992152321,0.00055181683273986,-0.386244863271713,2.46725213735166e-06,278528
6214,1,0.310699992151058,0.310699992151058,0.000549825024791062,-0.383757412433624,2.49474338789673e-06,278528
6215,1,0.310749992149795,0.310749992149795,0.000546339200809598,-0.381580919027328,2.52206034724713e-06,278528
6216,1,0.310799992148532,0.310799992148532,0.00054235546849668,-0.37909346818924,2.54917811998691e-06,278528
6217,1,0.310849992147268,0.310849992147268,0.000538620632141829,-0.376916974782944,2.57610915091366e-06,278528
6218,1,0.310899992146005,0.310899992146005,0.000534138933289796,-0.374429523944855,2.60281609690348e-06,278528
6219,1,0.310949992144742,0.310949992144742,0.000529283774085343,-0.372563928365707,2.6292802849392e-06,278528
6220,1,0.310999992143479,0.310999992143479,0.000525797891896218,-0.37069833278656,2.65557017886988e-06,278528
6221,1,0.311049992142216,0.311049992142216,0.000521565147209913,-0.367278128862381,2.68164843557158e-06,278528
6222,1,0.311099992140953,0.311099992140953,0.000515838561113924,-0.366034388542175,2.70744036297572e-06,278528
6223,1,0.31114999213969,0.31114999213969,0.000510360870976001,-0.364168792963028,2.73295840587988e-06,278528
6224,1,0.311199992138427,0.311199992138427,0.000503638293594122,-0.362303256988525,2.75814031992343e-06,278528
6225,1,0.311249992137164,0.311249992137164,0.000497662578709424,-0.360126703977585,2.78302344823031e-06,278528
6226,1,0.311299992135901,0.311299992135901,0.000491935992613435,-0.357639253139496,2.80762024723961e-06,278528
6227,1,0.311349992134637,0.311349992134637,0.000485462340293452,-0.356084614992142,2.83189336364109e-06,278528
6228,1,0.311399992133374,0.311399992133374,0.000479611218906939,-0.354529976844788,2.85587392398064e-06,278528
6229,1,0.311449992132111,0.311449992132111,0.000472639629151672,-0.352664411067963,2.87950590484123e-06,278528
6230,1,0.311499992130848,0.311499992130848,0.000463925156509504,-0.351420670747757,2.90270216208072e-06,278528
6231,1,0.311549992129585,0.311549992129585,0.000457576039480045,-0.350798815488815,2.92558096347675e-06,278528
6232,1,0.311599992128322,0.311599992128322,0.000450853462098166,-0.348311364650726,2.94812363601218e-06,278528
6233,1,0.311649992127059,0.311649992127059,0.000442636926891282,-0.348000437021255,2.97025548179765e-06,278528
6234,1,0.311699992125796,0.311699992125796,0.00043379797716625,-0.345512986183167,2.99194538010803e-06,278528
6235,1,0.311749992124533,0.311749992124533,0.000425208010710776,-0.34395831823349,3.01320578010649e-06,278528
6236,1,0.311799992123269,0.311799992123269,0.000418485404225066,-0.34395831823349,3.03413004978915e-06,278528
6237,1,0.311849992122006,0.311849992122006,0.00041051788139157,-0.342092782258987,3.0546559433402e-06,278528
6238,1,0.311899992120743,0.311899992120743,0.000401056458940729,-0.340849041938782,3.07470876578066e-06,278528
6239,1,0.31194999211948,0.31194999211948,0.00039196852594614,-0.340538084506989,3.09430719158287e-06,278528
6240,1,0.311999992118217,0.311999992118217,0.000381386635126546,-0.338983446359634,3.11337652285746e-06,278528
6241,1,0.312049992116954,0.312049992116954,0.000373792601749301,-0.338672518730164,3.13206615247279e-06,278528
6242,1,0.312099992115691,0.312099992115691,0.00036433117929846,-0.3380506336689,3.15028271097752e-06,278528
6243,1,0.312149992114428,0.312149992114428,0.000352628878317773,-0.337428778409958,3.167914154448e-06,278528
6244,1,0.312199992113165,0.312199992113165,0.00034540833439678,-0.335874140262604,3.18518457073155e-06,278528
6245,1,0.312249992111902,0.312249992111902,0.0003353244101163,-0.337428778409958,3.20195079081382e-06,278528
6246,1,0.312299992110638,0.312299992110638,0.000323995598591864,-0.336495995521545,3.21815057033417e-06,278528
6247,1,0.312349992109375,0.312349992109375,0.000314907665597275,-0.336185097694397,3.23389595321627e-06,278528
6248,1,0.312399992108112,0.312399992108112,0.000304325774777681,-0.335252285003662,3.24911224157076e-06,278528
6249,1,0.312449992106849,0.312449992106849,0.000292623473796993,-0.336185097694397,3.263743414891e-06,278528
6250,1,0.312499992105586,0.312499992105586,0.000282788590993732,-0.335874140262604,3.27788284408349e-06,278528
6251,1,0.312549992104323,0.312549992104323,0.000272082223091274,-0.335874140262604,3.29148695489439e-06,278528
6252,1,0.31259999210306,0.31259999210306,0.00026013093884103,-0.335563242435455,3.30449350150787e-06,278528
6253,1,0.312649992101797,0.312649992101797,0.000249300093855709,-0.334941357374191,3.31695850588576e-06,278528
6254,1,0.312699992100534,0.312699992100534,0.000238593755057082,-0.335563242435455,3.32888819333724e-06,278528
6255,1,0.31274999209927,0.31274999209927,0.000227638403885067,-0.335252285003662,3.34027011324396e-06,278528
6256,1,0.312799992098007,0.312799992098007,0.000215562642551959,-0.336495995521545,3.35104824509928e-06,278528
6257,1,0.312849992096744,0.312849992096744,0.000204482799745165,-0.335563242435455,3.36127238482826e-06,278528
6258,1,0.312899992095481,0.312899992095481,0.000193153988220729,-0.336806952953339,3.37093008399532e-06,278528
6259,1,0.312949992094218,0.312949992094218,0.00018207415996585,-0.3380506336689,3.38003379176363e-06,278528
6260,1,0.312999992092955,0.312999992092955,0.000170745348441415,-0.3380506336689,3.38857105897004e-06,278528
6261,1,0.313049992091692,0.313049992091692,0.00015879406419117,-0.339294373989105,3.39651076197902e-06,278528
6262,1,0.313099992090429,0.313099992090429,0.000147091777762398,-0.34022718667984,3.40386535068135e-06,278528
6263,1,0.313149992089166,0.313149992089166,0.000135264999698848,-0.340538084506989,3.41062860049544e-06,278528
6264,1,0.313199992087903,0.313199992087903,0.000123811667435803,-0.342403680086136,3.41681918371084e-06,278528
6265,1,0.313249992086639,0.313249992086639,0.00011073995847255,-0.343025535345078,3.42235618149459e-06,278528
6266,1,0.313299992085376,0.313299992085376,0.000100158104032744,-0.343336492776871,3.42736408656972e-06,278528
6267,1,0.313349992084113,0.313349992084113,8.80823281477205e-05,-0.345202058553696,3.43176820286585e-06,278528
6268,1,0.31339999208285,0.31339999208285,7.61310584493913e-05,-0.346756726503372,3.43557475569215e-06,278528
6269,1,0.313449992081587,0.313449992081587,6.38062920188531e-05,-0.348000437021255,3.4387650702125e-06,278528
6270,1,0.313499992080324,0.313499992080324,5.19795030413661e-05,-0.348933219909668,3.44136404529891e-06,278528
6271,1,0.313549992079061,0.313549992079061,3.97792427975219e-05,-0.350487858057022,3.44335300738855e-06,278528
6272,1,0.313599992077798,0.313599992077798,2.74544836429413e-05,-0.352353453636169,3.44472573153601e-06,278528
6273,1,0.313649992076535,0.313649992076535,1.66236386576202e-05,-0.353597164154053,3.4455569134479e-06,278528
6274,1,0.313699992075271,0.313699992075271,3.92540414395626e-06,-0.354840904474258,3.44575318365014e-06,278528
6275,1,0.313749992074008,0.313749992074008,-8.15036855783546e-06,-0.357017397880554,3.44534566523254e-06,278528
6276,1,0.313799992072745,0.313799992072745,-1.94791846297449e-05,-0.358882993459702,3.44437170602566e-06,278528
6277,1,0.313849992071482,0.313849992071482,-3.23019085044507e-05,-0.359815806150436,3.44275661064124e-06,278528
6278,1,0.313899992070219,0.313899992070219,-4.36307273048442e-05,-0.362925112247467,3.4405750743311e-06,278528
6279,1,0.313949992068956,0.313949992068956,-5.49595461052377e-05,-0.363236039876938,3.43782709709526e-06,278528
6280,1,0.313999992067693,0.313999992067693,-6.71598099870607e-05,-0.36696720123291,3.43446910668074e-06,278528
6281,1,0.31404999206643,0.31404999206643,-7.97335524111986e-05,-0.368210941553116,3.43048242916089e-06,278528
6282,1,0.314099992065167,0.314099992065167,-9.16848293854855e-05,-0.371320217847824,3.42589818780742e-06,278528
6283,1,0.314149992063903,0.314149992063903,-0.000103262631455436,-0.373807668685913,3.42073505636508e-06,278528
6284,1,0.31419999206264,0.31419999206264,-0.000115213908429723,-0.375984191894531,3.41497436108912e-06,278528
6285,1,0.314249992061377,0.314249992061377,-0.000126169237773865,-0.377538830041885,3.4086658993598e-06,278528
6286,1,0.314299992060114,0.314299992060114,-0.000138369519845583,-0.380026280879974,3.40174742354229e-06,278528
6287,1,0.314349992058851,0.314349992058851,-0.000148951381561346,-0.383446514606476,3.39429985465237e-06,278528
6288,1,0.314399992057588,0.314399992057588,-0.00016003122436814,-0.384690225124359,3.3862982936361e-06,278528
6289,1,0.314449992056325,0.314449992056325,-0.000172106985701248,-0.387177675962448,3.37769294456842e-06,278528
6290,1,0.314499992055062,0.314499992055062,-0.000182190866325982,-0.390286952257156,3.36858340148225e-06,278528
6291,1,0.314549992053799,0.314549992053799,-0.000193644184037112,-0.392774403095245,3.35890119252499e-06,278528
6292,1,0.314599992052536,0.314599992052536,-0.000205097487196326,-0.395261853933334,3.34864631842423e-06,278528
6293,1,0.314649992051272,0.314649992051272,-0.000216301821637899,-0.397127449512482,3.33783122761555e-06,278528
6294,1,0.314699992050009,0.314699992050009,-0.000227257158257999,-0.401480495929718,3.3264683699897e-06,278528
6295,1,0.314749992048746,0.314749992048746,-0.000237963511608541,-0.404278844594955,3.31457019470985e-06,278528
6296,1,0.314799992047483,0.314799992047483,-0.000246802490437403,-0.40583348274231,3.30223007049971e-06,278528
6297,1,0.31484999204622,0.31484999204622,-0.000258629239397123,-0.408320933580399,3.28929860885653e-06,278528
6298,1,0.314899992044957,0.314899992044957,-0.000268837669864297,-0.412052124738693,3.27585672570289e-06,278528
6299,1,0.314949992043694,0.314949992043694,-0.000279668485745788,-0.415161430835724,3.26187330176885e-06,278528
6300,1,0.314999992042431,0.314999992042431,-0.000288756447844207,-0.417959809303284,3.24743547974137e-06,278528
6301,1,0.315049992041168,0.315049992041168,-0.00029896484920755,-0.422001898288727,3.23248723765862e-06,278528
6302,1,0.315099992039904,0.315099992039904,-0.000310169154545292,-0.424800246953964,3.21697878032313e-06,278528
6303,1,0.315149992038641,0.315149992038641,-0.00031888359808363,-0.427287697792053,3.20103460082173e-06,278528
6304,1,0.315199992037378,0.315199992037378,-0.00032797158928588,-0.430397003889084,3.1846360217717e-06,278528
6305,1,0.315249992036115,0.315249992036115,-0.000337184028467163,-0.434439092874527,3.16777682077424e-06,278528
6306,1,0.315299992034852,0.315299992034852,-0.000346645450918004,-0.436304688453674,3.15044454866619e-06,278528
6307,1,0.315349992033589,0.315349992033589,-0.000355733383912593,-0.441279590129852,3.13265787991989e-06,278528
6308,1,0.315399992032326,0.315399992032326,-0.000364074425306171,-0.444077968597412,3.11445415911445e-06,278528
6309,1,0.315449992031063,0.315449992031063,-0.000373286864487454,-0.448120057582855,3.09578981636158e-06,278528
6310,1,0.3154999920298,0.3154999920298,-0.000383246253477409,-0.450607508420944,3.07662750417179e-06,278528
6311,1,0.315549992028537,0.315549992028537,-0.000389719876693562,-0.454027712345123,3.05714151082937e-06,278528
6312,1,0.315599992027273,0.315599992027273,-0.000398683303501457,-0.457758903503418,3.03720734615787e-06,278528
6313,1,0.31564999202601,0.31564999202601,-0.000406152888899669,-0.459935396909714,3.0168997022259e-06,278528
6314,1,0.315699992024747,0.315699992024747,-0.000413746893173084,-0.463355630636215,2.99621235808986e-06,278528
6315,1,0.315749992023484,0.315749992023484,-0.000421589938923717,-0.466464936733246,2.97513286167618e-06,278528
6316,1,0.315799992022221,0.315799992022221,-0.000428935018135235,-0.470196127891541,2.95368611131121e-06,278528
6317,1,0.315849992020958,0.315849992020958,-0.000435657595517114,-0.47268357872963,2.93190323208564e-06,278528
6318,1,0.315899992019695,0.315899992019695,-0.00044362511835061,-0.476725667715073,2.90972197672845e-06,278528
6319,1,0.315949992018432,0.315949992018432,-0.000449476268840954,-0.480456829071045,2.88724816385414e-06,278528
6320,1,0.315999992017169,0.315999992017169,-0.000457319285487756,-0.483566105365753,2.8643822001574e-06,278528
6321,1,0.316049992015905,0.316049992015905,-0.0004631704359781,-0.486986368894577,2.84122367894352e-06,278528
6322,1,0.316099992014642,0.316099992014642,-0.000469768536277115,-0.49102845788002,2.81773525272304e-06,278528
6323,1,0.316149992013379,0.316149992013379,-0.000476117624202743,-0.49382683634758,2.79392937211429e-06,278528
6324,1,0.316199992012116,0.316199992012116,-0.000481595314340666,-0.497247040271759,2.76984960700556e-06,278528
6325,1,0.316249992010853,0.316249992010853,-0.000486575008835644,-0.501600086688995,2.74552085717837e-06,278528
6326,1,0.31629999200959,0.31629999200959,-0.00049317313823849,-0.504398465156555,2.72086220088938e-06,278528
6327,1,0.316349992008327,0.316349992008327,-0.000497405882924795,-0.507507741451263,2.69599190737142e-06,278528
6328,1,0.316399992007064,0.316399992007064,-0.000502510112710297,-0.510306119918823,2.67086640237062e-06,278528
6329,1,0.316449992005801,0.316449992005801,-0.000507240765728056,-0.514037311077118,2.64550436472492e-06,278528
6330,1,0.316499992004537,0.316499992004537,-0.00051172252278775,-0.517768502235413,2.61991823923189e-06,278528
6331,1,0.316549992003274,0.316549992003274,-0.000516328727826476,-0.521188676357269,2.59410180349275e-06,278528
6332,1,0.316599992002011,0.316599992002011,-0.000519565539434552,-0.525230765342712,2.56812352717729e-06,278528
6333,1,0.316649992000748,0.316649992000748,-0.000522677844855934,-0.527096390724182,2.54198963559469e-06,278528
6334,1,0.316699991999485,0.316699991999485,-0.00052691058954224,-0.531138479709625,2.51564410678312e-06,278528
6335,1,0.316749991998222,0.316749991998222,-0.000530022894963622,-0.534247756004333,2.48914296270441e-06,278528
6336,1,0.316799991996959,0.316799991996959,-0.000533135200385004,-0.537667989730835,2.46248620335857e-06,278528
6337,1,0.316849991995696,0.316849991995696,-0.000535376078914851,-0.540777325630188,2.43571740008906e-06,278528
6338,1,0.316899991994433,0.316899991994433,-0.000538114982191473,-0.543264746665955,2.40881165165919e-06,278528
6339,1,0.31694999199317,0.31694999199317,-0.00053973332978785,-0.546684980392456,2.38182498585153e-06,278528
6340,1,0.316999991991906,0.316999991991906,-0.000541725195944309,-0.550105214118958,2.35473872673858e-06,278528
6341,1,0.317049991990643,0.317049991990643,-0.000543717062100768,-0.553214550018311,2.32755287432031e-06,278528
6342,1,0.31709999198938,0.31709999198938,-0.000545335467904806,-0.556945741176605,2.30028610161389e-06,278528
6343,1,0.317149991988117,0.317149991988117,-0.000545584480278194,-0.55881130695343,2.27300687828911e-06,278528
6344,1,0.317199991986854,0.317199991986854,-0.00054782530060038,-0.56254243850708,2.24561561395105e-06,278528
6345,1,0.317249991985591,0.317249991985591,-0.000547576346434653,-0.564408004283905,2.21823679732096e-06,278528
6346,1,0.317299991984328,0.317299991984328,-0.000548074312973768,-0.566273629665375,2.19083308236455e-06,278528
6347,1,0.317349991983065,0.317349991983065,-0.000548447773326188,-0.570315718650818,2.16341069439099e-06,278528
6348,1,0.317399991981802,0.317399991981802,-0.00054782530060038,-0.571870386600494,2.13601943005293e-06,278528
6349,1,0.317449991980538,0.317449991980538,-0.000547327392268926,-0.574979722499847,2.10865306113082e-06,278528
6350,1,0.317499991979275,0.317499991979275,-0.000546580413356423,-0.577778041362762,2.08132404115339e-06,278528
6351,1,0.317549991978012,0.317549991978012,-0.000545211019925773,-0.581509232521057,2.05406349084576e-06,278528
6352,1,0.317599991976749,0.317599991976749,-0.000544090522453189,-0.583996653556824,2.02685896541034e-06,278528
6353,1,0.317649991975486,0.317649991975486,-0.000542472174856812,-0.585862219333649,1.9997353573527e-06,278528
6354,1,0.317699991974223,0.317699991974223,-0.000540978275239468,-0.587727844715118,1.97268644427404e-06,278528
6355,1,0.31774999197296,0.31774999197296,-0.00053873733850196,-0.590837121009827,1.94574957802943e-06,278528
6356,1,0.317799991971697,0.317799991971697,-0.000536122999619693,-0.593324601650238,1.91894342872562e-06,278528
6357,1,0.317849991970434,0.317849991970434,-0.000533010752405971,-0.595501065254211,1.89229289177857e-06,278528
6358,1,0.317899991969171,0.317899991969171,-0.000531267840415239,-0.597055733203888,1.86572950042886e-06,278528
6359,1,0.317949991967907,0.317949991967907,-0.000527408556081355,-0.599543154239655,1.83935907329096e-06,278528
6360,1,0.317999991966644,0.317999991966644,-0.000524296250659972,-0.602341532707214,1.81314426142021e-06,278528
6361,1,0.318049991965381,0.318049991965381,-0.000519690045621246,-0.604207158088684,1.78715975979557e-06,278528
6362,1,0.318099991964118,0.318099991964118,-0.000517200212925673,-0.606694579124451,1.76129974980256e-06,278528
6363,1,0.318149991962855,0.318149991962855,-0.000512594007886946,-0.608560144901276,1.73567005005568e-06,278528
6364,1,0.318199991961592,0.318199991961592,-0.000507738732267171,-0.609182059764862,1.71028311408365e-06,278528
6365,1,0.318249991960329,0.318249991960329,-0.000502883573062718,-0.61229133605957,1.68513893606571e-06,278528
6366,1,0.318299991959066,0.318299991959066,-0.000498775276355445,-0.614467859268188,1.66020017287794e-06,278528
6367,1,0.318349991957803,0.318349991957803,-0.000491928192786872,-0.614467859268188,1.63560376385995e-06,278528
6368,1,0.318399991956539,0.318399991956539,-0.000487197481561452,-0.617266237735748,1.61124389039726e-06,278528
6369,1,0.318449991955276,0.318449991955276,-0.000480848364531994,-0.61788809299469,1.58720147277803e-06,278528
6370,1,0.318499991954013,0.318499991954013,-0.000474374770419672,-0.620997369289398,1.56348273485623e-06,278528
6371,1,0.31854999195275,0.31854999195275,-0.000468150130473077,-0.620997369289398,1.5400752289239e-06,278528
6372,1,0.318599991951487,0.318599991951487,-0.000461925490526482,-0.622241139411926,1.51697895498103e-06,278528
6373,1,0.318649991950224,0.318649991950224,-0.000454580440418795,-0.623795747756958,1.49424993353428e-06,278528
6374,1,0.318699991948961,0.318699991948961,-0.00044835582957603,-0.624728560447693,1.4718321426218e-06,278528
6375,1,0.318749991947698,0.318749991947698,-0.000440512783825397,-0.626594126224518,1.44980650398694e-06,278528
6376,1,0.318799991946435,0.318799991946435,-0.00043316773371771,-0.627837836742401,1.42814811784819e-06,278528
6377,1,0.318849991945171,0.318849991945171,-0.000425822683610022,-0.629081547260284,1.40685698420555e-06,278528
6378,1,0.318899991943908,0.318899991943908,-0.000417357165133581,-0.629703462123871,1.38598912647604e-06,278528
6379,1,0.318949991942645,0.318949991942645,-0.000409016211051494,-0.630947172641754,1.3655383164401e-06,278528
6380,1,0.318999991941382,0.318999991941382,-0.00039980374276638,-0.630325317382813,1.34554812980677e-06,278528
6381,1,0.319049991940119,0.319049991940119,-0.000391089270124212,-0.632812738418579,1.32599366679455e-06,278528
6382,1,0.319099991938856,0.319099991938856,-0.000382997241104022,-0.632812738418579,1.30684380522311e-06,278528
6383,1,0.319149991937593,0.319149991937593,-0.000373286864487454,-0.633123636245728,1.28817946247024e-06,278528
6384,1,0.31919999193633,0.31919999193633,-0.000364323379471898,-0.633745551109314,1.26996329395683e-06,278528
6385,1,0.319249991935067,0.319249991935067,-0.0003546129737515,-0.634678363800049,1.25223264571716e-06,278528
6386,1,0.319299991933804,0.319299991933804,-0.000344653555657715,-0.634367406368256,1.23499996836961e-06,278528
6387,1,0.31934999193254,0.31934999193254,-0.000335067656124011,-0.634989261627197,1.21824658598664e-06,278528
6388,1,0.319399991931277,0.319399991931277,-0.000324361288221553,-0.634678363800049,1.20202852198526e-06,278528
6389,1,0.319449991930014,0.319449991930014,-0.000314899836666882,-0.63530021905899,1.18628353054967e-06,278528
6390,1,0.319499991928751,0.319499991928751,-0.000304940447676927,-0.635611116886139,1.171036508551e-06,278528
6391,1,0.319549991927488,0.319549991927488,-0.000292864715447649,-0.634989261627197,1.15639327314853e-06,278528
6392,1,0.319599991926225,0.319599991926225,-0.000281535903923213,-0.634367406368256,1.14231647830798e-06,278528
6393,1,0.319649991924962,0.319649991924962,-0.000270705029834062,-0.634678363800049,1.12878122715821e-06,278528
6394,1,0.319699991923699,0.319699991923699,-0.000259127235040069,-0.634678363800049,1.11582486573351e-06,278528
6395,1,0.319749991922436,0.319749991922436,-0.000248296390054747,-0.634056448936462,1.1034100465444e-06,278528
6396,1,0.319799991921172,0.319799991921172,-0.000235847139265388,-0.632812738418579,1.09161768987903e-06,278528
6397,1,0.319849991919909,0.319849991919909,-0.00022476731101051,-0.633123636245728,1.08037932461241e-06,278528
6398,1,0.319899991918646,0.319899991918646,-0.000212816026760265,-0.632190942764282,1.0697385235432e-06,278528
6399,1,0.319949991917383,0.319949991917383,-0.000200366775970906,-0.631569027900696,1.05972018499774e-06,278528
6400,1,0.31999999191612,0.31999999191612,-0.000188415477168746,-0.630325317382813,1.05029941137729e-06,278528
6401,1,0.320049991914857,0.320049991914857,-0.000175966240931302,-0.631258130073547,1.04150109955299e-06,278528
6402,1,0.320099991913594,0.320099991913594,-0.000163143515237607,-0.629081547260284,1.03334392399718e-06,278528
6403,1,0.320149991912331,0.320149991912331,-0.000150694264448248,-0.627526938915253,1.02580921096511e-06,278528
6404,1,0.320199991911068,0.320199991911068,-0.000138867486384697,-0.626905083656311,1.01886583682128e-06,278528
6405,1,0.320249991909805,0.320249991909805,-0.0001247998297913,-0.625972270965576,1.01262584548935e-06,278528
6406,1,0.320299991908541,0.320299991908541,-0.000112350586277898,-0.625039458274841,1.00700831631737e-06,278528
6407,1,0.320349991907278,0.320349991907278,-9.95278605842032e-05,-0.62348484992981,1.00203192341387e-06,278528
6408,1,0.320399991906015,0.320399991906015,-8.70786025188863e-05,-0.621308326721191,9.97677993397916e-07,278528
6409,1,0.320449991904752,0.320449991904752,-7.3508927016519e-05,-0.620375514030457,9.9400254713994e-07,278528
6410,1,0.320499991903489,0.320499991903489,-5.98147526034154e-05,-0.618509948253632,9.91011809585321e-07,278528
6411,1,0.320549991902226,0.320549991902226,-4.71165185444988e-05,-0.61788809299469,9.8865598371761e-07,278528
6412,1,0.320599991900963,0.320599991900963,-3.34223441313952e-05,-0.617577135562897,9.86984866553256e-07,278528
6413,1,0.3206499918997,0.3206499918997,-2.08486017072573e-05,-0.61508971452713,9.85942436494227e-07,278528
6414,1,0.320699991898437,0.320699991898437,-8.02587510406738e-06,-0.613535046577454,9.85541142749161e-07,278528
6415,1,0.320749991897173,0.320749991897173,5.5438063100155e-06,-0.611047625541687,9.8581833305766e-07,278528
6416,1,0.32079999189591,0.32079999189591,1.88645026355516e-05,-0.608560144901276,9.86761558165609e-07,278528
6417,1,0.320849991894647,0.320849991894647,3.18117236020043e-05,-0.606383681297302,9.88352144305528e-07,278528
6418,1,0.320899991893384,0.320899991893384,4.52569111075718e-05,-0.605450868606567,9.90614989803743e-07,278528
6419,1,0.320949991892121,0.320949991892121,5.84531153435819e-05,-0.602963387966156,9.93537645497089e-07,278528
6420,1,0.320999991890858,0.320999991890858,7.11513566784561e-05,-0.600165069103241,9.9709521324114e-07,278528
6421,1,0.321049991889595,0.321049991889595,8.59659558045678e-05,-0.598610401153564,1.00139351092278e-06,278528
6422,1,0.321099991888332,0.321099991888332,9.82907076831907e-05,-0.597055733203888,1.00630804618279e-06,278528
6423,1,0.321149991887069,0.321149991887069,0.000110988956294023,-0.595190167427063,1.0118574938573e-06,278528
6424,1,0.321199991885806,0.321199991885806,0.00012455863179639,-0.591769933700562,1.01808542528979e-06,278528
6425,1,0.321249991884542,0.321249991884542,0.000137007868033834,-0.58928245306015,1.02493581851843e-06,278528
6426,1,0.321299991883279,0.321299991883279,0.000150702049722895,-0.586795032024384,1.03247092081422e-06,278528
6427,1,0.321349991882016,0.321349991882016,0.000163400298333727,-0.584307610988617,1.04064093552451e-06,278528
6428,1,0.321399991880753,0.321399991880753,0.000175351568032056,-0.581820130348206,1.04940851370463e-06,278528
6429,1,0.32144999187949,0.32144999187949,0.000189045749721117,-0.579643666744232,1.0588608009519e-06,278528
6430,1,0.321499991878227,0.321499991878227,0.000202615425223485,-0.576534330844879,1.06899157195715e-06,278528
6431,1,0.321549991876964,0.321549991876964,0.000214317726204172,-0.574668765068054,1.07970745799665e-06,278528
6432,1,0.321599991875701,0.321599991875701,0.000226020012632944,-0.57093757390976,1.09100845834281e-06,278528
6433,1,0.321649991874438,0.321649991874438,0.000238967229961418,-0.568761050701141,1.10295681953904e-06,278528
6434,1,0.321699991873174,0.321699991873174,0.000250794022576883,-0.565962731838226,1.11549652035111e-06,278528
6435,1,0.321749991871911,0.321749991871911,0.000262620771536604,-0.56254243850708,1.12862755859622e-06,278528
6436,1,0.321799991870648,0.321799991870648,0.000276065984508023,-0.560055017471313,1.14243085747292e-06,278528
6437,1,0.321849991869385,0.321849991869385,0.000286523369140923,-0.557878494262695,1.15675702556806e-06,278528
6438,1,0.321899991868122,0.321899991868122,0.000297976686852053,-0.554147362709045,1.17165585953428e-06,278528
6439,1,0.321949991866859,0.321949991866859,0.000309056515106931,-0.550727069377899,1.18710868489926e-06,278528
6440,1,0.321999991865596,0.321999991865596,0.000320883293170482,-0.547617793083191,1.20315284915247e-06,278528
6441,1,0.322049991864333,0.322049991864333,0.000330095732351765,-0.545130372047424,1.21965763535312e-06,278528
6442,1,0.32209999186307,0.32209999186307,0.00034242047695443,-0.542331993579865,1.23677865876832e-06,278528
6443,1,0.322149991861806,0.322149991861806,0.000354371761204675,-0.538289844989777,1.25449724638095e-06,278528
6444,1,0.322199991860543,0.322199991860543,0.000363957689842209,-0.535802483558655,1.27269513041334e-06,278528
6445,1,0.32224999185928,0.32224999185928,0.000374788563931361,-0.532693147659302,1.29143455813651e-06,278528
6446,1,0.322299991858017,0.322299991858017,0.000384747923817486,-0.5292729139328,1.31067195384141e-06,278528
6447,1,0.322349991856754,0.322349991856754,0.000393586902646348,-0.525541722774506,1.33035129847658e-06,278528
6448,1,0.322399991855491,0.322399991855491,0.000405040191253647,-0.521499633789063,1.35060330752766e-06,278528
6449,1,0.322449991854228,0.322449991854228,0.000412634253734723,-0.519012212753296,1.37123501969319e-06,278528
6450,1,0.322499991852965,0.322499991852965,0.000421722186729312,-0.515902876853943,1.39232112849698e-06,278528
6451,1,0.322549991851702,0.322549991851702,0.000431308144470677,-0.512482643127441,1.41388653517572e-06,278528
6452,1,0.322599991850439,0.322599991850439,0.000439898110926151,-0.50906240940094,1.43588144016639e-06,278528
6453,1,0.322649991849175,0.322649991849175,0.000447367667220533,-0.505642175674438,1.45824982296235e-06,278528
6454,1,0.322699991847912,0.322699991847912,0.000456455600215122,-0.502843797206879,1.48107260239655e-06,278528
6455,1,0.322749991846649,0.322749991846649,0.000464298645965755,-0.499112635850906,1.50428753410838e-06,278528
6456,1,0.322799991845386,0.322799991845386,0.000471145700430498,-0.496314287185669,1.5278448185348e-06,278528
6457,1,0.322849991844123,0.322849991844123,0.000479860231280327,-0.492894053459167,1.5518378294927e-06,278528
6458,1,0.32289999184286,0.32289999184286,0.000486084813019261,-0.488541007041931,1.57614206952969e-06,278528
6459,1,0.322949991841597,0.322949991841597,0.000493429834023118,-0.48512077331543,1.60081356060759e-06,278528
6460,1,0.322999991840334,0.322999991840334,0.000501023954711854,-0.482011467218399,1.62586475771033e-06,278528
6461,1,0.323049991839071,0.323049991839071,0.000505505711771548,-0.478902161121368,1.6511400426604e-06,278528
6462,1,0.323099991837807,0.323099991837807,0.000510858895722777,-0.474549144506454,1.67668298680127e-06,278528
6463,1,0.323149991836544,0.323149991836544,0.000518328393809497,-0.472372621297836,1.70259940583704e-06,278528
6464,1,0.323199991835281,0.323199991835281,0.000523183553013951,-0.469574242830276,1.72875858282691e-06,278528
6465,1,0.323249991834018,0.323249991834018,0.000528785749338567,-0.464910298585892,1.75519786962592e-06,278528
6466,1,0.323299991832755,0.323299991832755,0.000532271573320031,-0.461800992488861,1.78181144761961e-06,278528
6467,1,0.323349991831492,0.323349991831492,0.000537126732524484,-0.458069801330566,1.80866778356738e-06,278528
6468,1,0.323399991830229,0.323399991830229,0.000541857443749905,-0.455582410097122,1.83576065507046e-06,278528
6469,1,0.323449991828966,0.323449991828966,0.000544969807378948,-0.452162146568298,1.86300914475105e-06,278528
6470,1,0.323499991827703,0.323499991827703,0.000548331066966057,-0.448430985212326,1.89042569740675e-06,278528
6471,1,0.32354999182644,0.32354999182644,0.000552190351299942,-0.445632606744766,1.91803521427427e-06,278528
6472,1,0.323599991825176,0.323599991825176,0.000555302656721324,-0.442834228277206,1.94580034640893e-06,278528
6473,1,0.323649991823913,0.323649991823913,0.000557792547624558,-0.439413994550705,1.97368997308561e-06,278528
6474,1,0.32369999182265,0.32369999182265,0.000558912928681821,-0.435371905565262,2.00163561881373e-06,278528
6475,1,0.323749991821387,0.323749991821387,0.000560904794838279,-0.432573527097702,2.02968085784716e-06,278528
6476,1,0.323799991820124,0.323799991820124,0.000562772213015705,-0.429153293371201,2.05781946778711e-06,278528
6477,1,0.323849991818861,0.323849991818861,0.000565013033337891,-0.426976799964905,2.08607011874033e-06,278528
6478,1,0.323899991817598,0.323899991817598,0.000565760012250394,-0.423556536436081,2.11435811863824e-06,278528
6479,1,0.323949991816335,0.323949991816335,0.000566133472602814,-0.419825375080109,2.14266479155329e-06,278528
6480,1,0.323999991815072,0.323999991815072,0.000567129405681044,-0.41764885187149,2.171021261121e-06,278528
6481,1,0.324049991813808,0.324049991813808,0.000567502866033465,-0.413295835256577,2.19939640370585e-06,278528
6482,1,0.324099991812545,0.324099991812545,0.000567004957702011,-0.410808384418488,2.22774665087477e-06,278528
6483,1,0.324149991811282,0.324149991811282,0.000566755945328623,-0.408320933580399,2.25608444742533e-06,278528
6484,1,0.324199991810019,0.324199991810019,0.0005656355060637,-0.405522584915161,2.28436622201405e-06,278528
6485,1,0.324249991808756,0.324249991808756,0.000564266112633049,-0.401791393756866,2.31257952693298e-06,278528
6486,1,0.324299991807493,0.324299991807493,0.000563145673368126,-0.399303942918777,2.34073680989007e-06,278528
6487,1,0.32434999180623,0.32434999180623,0.000562149740289897,-0.39650559425354,2.36884429619451e-06,278528
6488,1,0.324399991804967,0.324399991804967,0.000559161941055208,-0.39370721578598,2.39680239254099e-06,278528
6489,1,0.324449991803704,0.324449991803704,0.000558414962142706,-0.391530692577362,2.42472313994279e-06,278528
6490,1,0.32449999180244,0.32449999180244,0.000554680183995515,-0.389976054430008,2.45245714844194e-06,278528
6491,1,0.324549991801177,0.324549991801177,0.000551443372387439,-0.385623008012772,2.48002931636478e-06,278528
6492,1,0.324599991799914,0.324599991799914,0.000549327058251947,-0.383446514606476,2.50749566858352e-06,278528
6493,1,0.324649991798651,0.324649991798651,0.000545592221897095,-0.380337208509445,2.53477527898924e-06,278528
6494,1,0.324699991797388,0.324699991797388,0.000543351343367249,-0.377849757671356,2.56194284547129e-06,278528
6495,1,0.324749991796125,0.324749991796125,0.000538371677976102,-0.375673234462738,2.58886142869007e-06,278528
6496,1,0.324799991794862,0.324799991794862,0.000534636899828911,-0.373496741056442,2.61559327300622e-06,278528
6497,1,0.324849991793599,0.324849991793599,0.000530777615495026,-0.372563928365707,2.64213215311054e-06,278528
6498,1,0.324899991792336,0.324899991792336,0.000524801958817989,-0.370387434959412,2.66837225038856e-06,278528
6499,1,0.324949991791073,0.324949991791073,0.000520071305800229,-0.367589056491852,2.69437581502166e-06,278528
6500,1,0.324999991789809,0.324999991789809,0.000514967076014727,-0.364790678024292,2.72012416817194e-06,278528
6501,1,0.325049991788546,0.325049991788546,0.000509240431711078,-0.363546937704086,2.74558618911427e-06,278528
6502,1,0.325099991787283,0.325099991787283,0.000504883180838078,-0.360437661409378,2.77083034751845e-06,278528
6503,1,0.32514999178602,0.32514999178602,0.000497662578709424,-0.360126703977585,2.79571347582532e-06,278528
6504,1,0.325199991784757,0.325199991784757,0.000491189013700932,-0.357950210571289,2.82027292588995e-06,278528
6505,1,0.325249991783494,0.325249991783494,0.000484964402858168,-0.355773717164993,2.84452114542029e-06,278528
6506,1,0.325299991782231,0.325299991782231,0.000478366302559152,-0.353597164154053,2.86843945994402e-06,278528
6507,1,0.325349991780968,0.325349991780968,0.000470772240078077,-0.352664411067963,2.89197807135329e-06,278528
6508,1,0.325399991779705,0.325399991779705,0.000465170101961121,-0.351420670747757,2.91523657586379e-06,278528
6509,1,0.325449991778441,0.325449991778441,0.000457451562397182,-0.34955507516861,2.93810915340584e-06,278528
6510,1,0.325499991777178,0.325499991777178,0.0004499820061028,-0.348000437021255,2.9606082531426e-06,278528
6511,1,0.325549991775915,0.325549991775915,0.000442761433077976,-0.346134871244431,2.98274632423725e-06,278528
6512,1,0.325599991774652,0.325599991774652,0.00043379797716625,-0.344891130924225,3.00443622254763e-06,278528
6513,1,0.325649991773389,0.325649991773389,0.000426452927058563,-0.345202058553696,3.0257588683619e-06,278528
6514,1,0.325699991772126,0.325699991772126,0.000416866998421028,-0.343336492776871,3.0466022177564e-06,278528
6515,1,0.325749991770863,0.325749991770863,0.000408650521421805,-0.342092782258987,3.06703474331133e-06,278528
6516,1,0.3257999917696,0.3257999917696,0.000399687036406249,-0.340849041938782,3.08701909462679e-06,278528
6517,1,0.325849991768337,0.325849991768337,0.000389727618312463,-0.340538084506989,3.10650547505015e-06,278528
6518,1,0.325899991767074,0.325899991767074,0.00038051517913118,-0.339916229248047,3.12553123352607e-06,278528
6519,1,0.32594999176581,0.32594999176581,0.000370929250493646,-0.3380506336689,3.14407769558223e-06,278528
6520,1,0.325999991764547,0.325999991764547,0.000362463819328696,-0.337739735841751,3.16220088609084e-06,278528
6521,1,0.326049991763284,0.326049991763284,0.000353375828126445,-0.337117880582809,3.17986967705081e-06,278528
6522,1,0.326099991762021,0.326099991762021,0.000342545012244955,-0.336495995521545,3.19699692723039e-06,278528
6523,1,0.326149991760758,0.326149991760758,0.000332461087964475,-0.336185097694397,3.21361998120868e-06,278528
6524,1,0.326199991759495,0.326199991759495,0.000323124142596498,-0.335874140262604,3.22977618793036e-06,278528
6525,1,0.326249991758232,0.326249991758232,0.000312417803797871,-0.335874140262604,3.24539707772564e-06,278528
6526,1,0.326299991756969,0.326299991756969,0.000302333908621222,-0.335252285003662,3.26051377277482e-06,278528
6527,1,0.326349991755706,0.326349991755706,0.000291129574179649,-0.33431950211525,3.27507025111607e-06,278528
6528,1,0.326399991754442,0.326399991754442,0.000280423206277192,-0.334941357374191,3.28909141107573e-06,278528
6529,1,0.326449991753179,0.326449991753179,0.000270712829660624,-0.334941357374191,3.30262705221682e-06,278528
6530,1,0.326499991751916,0.326499991751916,0.000258637068327516,-0.335563242435455,3.31555890530651e-06,278528
6531,1,0.326549991750653,0.326549991750653,0.000248179654590786,-0.334941357374191,3.32796788772257e-06,278528
6532,1,0.32659999174939,0.32659999174939,0.000236477382713929,-0.33463042974472,3.33979175655957e-06,278528
6533,1,0.326649991748127,0.326649991748127,0.000225771029363386,-0.335563242435455,3.35108030774257e-06,278528
6534,1,0.326699991746864,0.326699991746864,0.000215189153095707,-0.335563242435455,3.36183976512555e-06,278528
6535,1,0.326749991745601,0.326749991745601,0.000204109324840829,-0.336806952953339,3.37204523110978e-06,278528
6536,1,0.326799991744338,0.326799991744338,0.000191909071872942,-0.337739735841751,3.38164068446102e-06,278528
6537,1,0.326849991743074,0.326849991743074,0.000180206770892255,-0.3380506336689,3.39065102277802e-06,278528
6538,1,0.326899991741811,0.326899991741811,0.000169002436450683,-0.338672518730164,3.39910114438708e-06,278528
6539,1,0.326949991740548,0.326949991740548,0.00015642870857846,-0.338983446359634,3.40692257961842e-06,278528
6540,1,0.326999991739285,0.326999991739285,0.000145348865771666,-0.339916229248047,3.41419002272341e-06,278528
6541,1,0.327049991738022,0.327049991738022,0.000133397596073337,-0.341781824827194,3.42085990235858e-06,278528
6542,1,0.327099991736759,0.327099991736759,0.000121570803457871,-0.342403680086136,3.42693844237792e-06,278528
6543,1,0.327149991735496,0.327149991735496,0.000109121559944469,-0.343336492776871,3.43239452023731e-06,278528
6544,1,0.327199991734233,0.327199991734233,9.85396982287057e-05,-0.34395831823349,3.43732150502428e-06,278528
6545,1,0.32724999173297,0.32724999173297,8.55924809002317e-05,-0.345512986183167,3.44160112896118e-06,278528
6546,1,0.327299991731707,0.327299991731707,7.35167122911662e-05,-0.346445769071579,3.44527696448288e-06,278528
6547,1,0.327349991730443,0.327349991730443,6.21878934907727e-05,-0.347067624330521,3.44838635907887e-06,278528
6548,1,0.32739999172918,0.32739999172918,4.98631343361922e-05,-0.34955507516861,3.45087951573269e-06,278528
6549,1,0.327449991727917,0.327449991727917,3.76628740923479e-05,-0.350798815488815,3.45276265938974e-06,278528
6550,1,0.327499991726654,0.327499991726654,2.68320218310691e-05,-0.351420670747757,3.4541042604474e-06,278528
6551,1,0.327549991725391,0.327549991725391,1.57521899382118e-05,-0.354219049215317,3.45489186992442e-06,278528
6552,1,0.327599991724128,0.327599991724128,2.80497170024319e-06,-0.355773717164993,3.45503211850588e-06,278528
6553,1,0.327649991722865,0.327649991722865,-9.64427817962132e-06,-0.356395572423935,3.45454990460908e-06,278528
6554,1,0.327699991721602,0.327699991721602,-2.09730951610254e-05,-0.359504848718643,3.45350124987752e-06,278528
6555,1,0.327749991720339,0.327749991720339,-3.30488692270592e-05,-0.360437661409378,3.45184880645792e-06,278528
6556,1,0.327799991719075,0.327799991719075,-4.59960829175543e-05,-0.363236039876938,3.44954900237014e-06,278528
6557,1,0.327849991717812,0.327849991717812,-5.81963504373562e-05,-0.364168792963028,3.44663918492178e-06,278528
6558,1,0.327899991716549,0.327899991716549,-6.94006739649922e-05,-0.367589056491852,3.44316915131119e-06,278528
6559,1,0.327949991715286,0.327949991715286,-8.17254331195727e-05,-0.368832796812057,3.43908287975844e-06,278528
6560,1,0.327999991714023,0.327999991714023,-9.25562781048939e-05,-0.371320217847824,3.4344550659701e-06,278528
6561,1,0.32804999171276,0.32804999171276,-0.00010525451216381,-0.373807668685913,3.42919234049486e-06,278528
6562,1,0.328099991711497,0.328099991711497,-0.000116334340418689,-0.37536233663559,3.42337562362087e-06,278528
6563,1,0.328149991710234,0.328149991710234,-0.000127538660308346,-0.377849757671356,3.41699869076654e-06,278528
6564,1,0.328199991708971,0.328199991708971,-0.000139365452923812,-0.380337208509445,3.41003041829639e-06,278528
6565,1,0.328249991707708,0.328249991707708,-0.000151441228808835,-0.383446514606476,3.40245835704723e-06,278528
6566,1,0.328299991706444,0.328299991706444,-0.000162521071615629,-0.386244863271713,3.39433230367173e-06,278528
6567,1,0.328349991705181,0.328349991705181,-0.00017384986858815,-0.388110458850861,3.38563981046191e-06,278528
6568,1,0.328399991703918,0.328399991703918,-0.000184556236490607,-0.39059790968895,3.3764119988705e-06,278528
6569,1,0.328449991702655,0.328449991702655,-0.000195760541828349,-0.393085360527039,3.36662397202635e-06,278528
6570,1,0.328499991701392,0.328499991701392,-0.000207960809348151,-0.39650559425354,3.35622593182162e-06,278528
6571,1,0.328549991700129,0.328549991700129,-0.000218293687794358,-0.399303942918777,3.34531124770763e-06,278528
6572,1,0.328599991698866,0.328599991698866,-0.000230369463679381,-0.401791393756866,3.33379277481464e-06,278528
6573,1,0.328649991697603,0.328649991697603,-0.00024045335885603,-0.404278844594955,3.32177010717555e-06,278528
6574,1,0.32869999169634,0.32869999169634,-0.000250288256211206,-0.40801003575325,3.30925569468114e-06,278528
6575,1,0.328749991695076,0.328749991695076,-0.000260994624113664,-0.410497456789017,3.29620596380512e-06,278528
6576,1,0.328799991693813,0.328799991693813,-0.000271078519290313,-0.413917720317841,3.282652038183e-06,278528
6577,1,0.32884999169255,0.32884999169255,-0.000281411368632689,-0.415783286094666,3.26858147010682e-06,278528
6578,1,0.328899991691287,0.328899991691287,-0.000292117707431316,-0.419203519821167,3.25397558510423e-06,278528
6579,1,0.328949991690024,0.328949991690024,-0.00030232613789849,-0.422312825918198,3.23885927859117e-06,278528
6580,1,0.328999991688761,0.328999991688761,-0.000311414099996909,-0.425733059644699,3.22328857398468e-06,278528
6581,1,0.329049991687498,0.329049991687498,-0.000320253049721941,-0.42884236574173,3.2072759219031e-06,278528
6582,1,0.329099991686235,0.329099991686235,-0.000330212438711897,-0.431951642036438,3.19076530038459e-06,278528
6583,1,0.329149991684972,0.329149991684972,-0.000339922873536125,-0.43475005030632,3.17376915713715e-06,278528
6584,1,0.329199991683709,0.329199991683709,-0.000348139379639179,-0.437859326601028,3.15636218859492e-06,278528
6585,1,0.329249991682445,0.329249991682445,-0.000357600802090019,-0.441590517759323,3.13848214894211e-06,278528
6586,1,0.329299991681182,0.329299991681182,-0.000366439751815051,-0.445010721683502,3.12016016181421e-06,278528
6587,1,0.329349991679919,0.329349991679919,-0.000375029747374356,-0.448120057582855,3.1014086749192e-06,278528
6588,1,0.329399991678656,0.329399991678656,-0.000383246253477409,-0.450918406248093,3.08224636272941e-06,278528
6589,1,0.329449991677393,0.329449991677393,-0.00039270767592825,-0.453716814517975,3.06261097942902e-06,278528
6590,1,0.32949999167613,0.32949999167613,-0.000399928219849244,-0.457447946071625,3.04261456894171e-06,278528
6591,1,0.329549991674867,0.329549991674867,-0.000409389671403915,-0.461179137229919,3.02214508588862e-06,278528
6592,1,0.329599991673604,0.329599991673604,-0.000416859227698296,-0.465221226215363,3.00130212503024e-06,278528
6593,1,0.329649991672341,0.329649991672341,-0.000422834855271503,-0.467708677053452,2.98016038280075e-06,278528
6594,1,0.329699991671077,0.329699991671077,-0.000431051390478387,-0.471128880977631,2.9586078138213e-06,278528
6595,1,0.329749991669814,0.329749991669814,-0.00043926783837378,-0.475171029567719,2.93664442245745e-06,278528
6596,1,0.329799991668551,0.329799991668551,-0.000445492507424206,-0.478280305862427,2.91436979764895e-06,278528
6597,1,0.329849991667288,0.329849991667288,-0.000452713051345199,-0.481700569391251,2.89173414565351e-06,278528
6598,1,0.329899991666025,0.329899991666025,-0.000458937662187964,-0.483877062797546,2.8687872631238e-06,278528
6599,1,0.329949991664762,0.329949991664762,-0.000464166339952499,-0.488851964473724,2.84557894671247e-06,278528
6600,1,0.329999991663499,0.329999991663499,-0.000471386912977323,-0.492894053459167,2.82200960165901e-06,278528
6601,1,0.330049991662236,0.330049991662236,-0.000477860565297306,-0.494448691606522,2.79811657399773e-06,278528
6602,1,0.330099991660973,0.330099991660973,-0.000483338197227567,-0.4994235932827,2.77394966474686e-06,278528
6603,1,0.330149991659709,0.330149991659709,-0.000489687314257026,-0.501600086688995,2.74946529965254e-06,278528
6604,1,0.330199991658446,0.330199991658446,-0.000494667037855834,-0.504398465156555,2.72473194838457e-06,278528
6605,1,0.330249991657183,0.330249991657183,-0.00049927324289456,-0.508440554141998,2.69976828687047e-06,278528
6606,1,0.33029999165592,0.33029999165592,-0.000504501920659095,-0.511549830436707,2.67454319147476e-06,278528
6607,1,0.330349991654657,0.330349991654657,-0.000509108125697821,-0.515591979026794,2.64908778583292e-06,278528
6608,1,0.330399991653394,0.330399991653394,-0.000512842962052673,-0.518390357494354,2.62344563837807e-06,278528
6609,1,0.330449991652131,0.330449991652131,-0.000517573673278093,-0.522432446479797,2.59756695536791e-06,278528
6610,1,0.330499991650868,0.330499991650868,-0.000520685920491815,-0.525230765342712,2.571532660001e-06,278528
6611,1,0.330549991649605,0.330549991649605,-0.000524296250659972,-0.527407348155975,2.54531784813025e-06,278528
6612,1,0.330599991648342,0.330599991648342,-0.000528155534993857,-0.531449437141418,2.51891007204767e-06,278528
6613,1,0.330649991647078,0.330649991647078,-0.000532139267306775,-0.533936858177185,2.49230310935448e-06,278528
6614,1,0.330699991645815,0.330699991645815,-0.000534255639649928,-0.537357091903687,2.4655903280468e-06,278528
6615,1,0.330749991644552,0.330749991644552,-0.000537741405423731,-0.541088283061981,2.43870325845484e-06,278528
6616,1,0.330799991643289,0.330799991643289,-0.000539857777766883,-0.544508516788483,2.4117103702484e-06,278528
6617,1,0.330849991642026,0.330849991642026,-0.000541476241778582,-0.546995937824249,2.38463655884341e-06,278528
6618,1,0.330899991640763,0.330899991640763,-0.000543592497706413,-0.549794316291809,2.3574569346447e-06,278528
6619,1,0.3309499916395,0.3309499916395,-0.000544961949344724,-0.553836405277252,2.33020883786581e-06,278528
6620,1,0.330999991638237,0.330999991638237,-0.000546331400983036,-0.556945741176605,2.30289226850673e-06,278528
6621,1,0.331049991636974,0.331049991636974,-0.000546953873708844,-0.559433162212372,2.27554457551215e-06,278528
6622,1,0.33109999163571,0.33109999163571,-0.000548198760952801,-0.56254243850708,2.24813463815695e-06,278528
6623,1,0.331149991634447,0.331149991634447,-0.000548945739865303,-0.56534081697464,2.22068735185706e-06,278528
6624,1,0.331199991633184,0.331199991633184,-0.000549319200217724,-0.569072008132935,2.19322139254002e-06,278528
6625,1,0.331249991631921,0.331249991631921,-0.000548572279512882,-0.571248531341553,2.16579277925728e-06,278528
6626,1,0.331299991630658,0.331299991630658,-0.000548696727491915,-0.573735952377319,2.13835794357575e-06,278528
6627,1,0.331349991629395,0.331349991629395,-0.000547327392268926,-0.575601577758789,2.11099157465363e-06,278528
6628,1,0.331399991628132,0.331399991628132,-0.000546082446817309,-0.578710854053497,2.08368745300253e-06,278528
6629,1,0.331449991626869,0.331449991626869,-0.000546829425729811,-0.581820130348206,2.05634598240674e-06,278528
6630,1,0.331499991625606,0.331499991625606,-0.000543343543540686,-0.583685755729675,2.02917880591601e-06,278528
6631,1,0.331549991624343,0.331549991624343,-0.000543343543540686,-0.586795032024384,2.00201162942527e-06,278528
6632,1,0.331599991623079,0.331599991623079,-0.000541227229405195,-0.58928245306015,1.97495026863864e-06,278528
6633,1,0.331649991621816,0.331649991621816,-0.000538363878149539,-0.59114807844162,1.94803207541118e-06,278528
6634,1,0.331699991620553,0.331699991620553,-0.00053736794507131,-0.59394645690918,1.92116367883636e-06,278528
6635,1,0.33174999161929,0.33174999161929,-0.000533508660737425,-0.596433877944946,1.89448824647337e-06,278528
6636,1,0.331799991618027,0.331799991618027,-0.000531516794580966,-0.59767758846283,1.86791240741568e-06,278528
6637,1,0.331849991616764,0.331849991616764,-0.000526537070982158,-0.600475966930389,1.84158555453165e-06,278528
6638,1,0.331899991615501,0.331899991615501,-0.000522553396876901,-0.603274345397949,1.81545788534784e-06,278528
6639,1,0.331949991614238,0.331949991614238,-0.000519565539434552,-0.603585243225098,1.78947960903238e-06,278528
6640,1,0.331999991612975,0.331999991612975,-0.000516453175805509,-0.606383681297302,1.76365695089444e-06,278528
6641,1,0.332049991611711,0.332049991611711,-0.000510851037688553,-0.608871102333069,1.73811439965527e-06,278528
6642,1,0.332099991610448,0.332099991610448,-0.000507987744640559,-0.610425770282745,1.71271501306489e-06,278528
6643,1,0.332149991609185,0.332149991609185,-0.000502385606523603,-0.612602233886719,1.68759573337327e-06,278528
6644,1,0.332199991607922,0.332199991607922,-0.000497405882924795,-0.614467859268188,1.66272543985531e-06,278528
6645,1,0.332249991606659,0.332249991606659,-0.000491679180413485,-0.615711569786072,1.63814148145568e-06,278528
6646,1,0.332299991605396,0.332299991605396,-0.000486575008835644,-0.61788809299469,1.61381273162849e-06,278528
6647,1,0.332349991604133,0.332349991604133,-0.000480848364531994,-0.618820905685425,1.58977031400926e-06,278528
6648,1,0.33239999160287,0.33239999160287,-0.000472880870802328,-0.62068647146225,1.56612627106644e-06,278528
6649,1,0.332449991601607,0.332449991601607,-0.000467278703581542,-0.622241139411926,1.54276233647758e-06,278528
6650,1,0.332499991600343,0.332499991600343,-0.000461552030174062,-0.62348484992981,1.51968473555187e-06,278528
6651,1,0.33254999159908,0.33254999159908,-0.000454829423688352,-0.6244176030159,1.49694326494195e-06,278528
6652,1,0.332599991597817,0.332599991597817,-0.000446612917585298,-0.625350415706635,1.47461261962681e-06,278528
6653,1,0.332649991596554,0.332649991596554,-0.000440388306742534,-0.627526938915253,1.45259320484594e-06,278528
6654,1,0.332699991595291,0.332699991595291,-0.000432918750448152,-0.627837836742401,1.43094726787035e-06,278528
6655,1,0.332749991594028,0.332749991594028,-0.000424577767262235,-0.629392504692078,1.40971838004353e-06,278528
6656,1,0.332799991592765,0.332799991592765,-0.000416610244428739,-0.630325317382813,1.38888786834831e-06,278528
6657,1,0.332849991591502,0.332849991591502,-0.000408393738325685,-0.630947172641754,1.36846818194787e-06,278528
6658,1,0.332899991590239,0.332899991590239,-0.00039943028241396,-0.630636215209961,1.3484966683317e-06,278528
6659,1,0.332949991588976,0.332949991588976,-0.000391338253393769,-0.632190942764282,1.32892975615631e-06,278528
6660,1,0.332999991587712,0.332999991587712,-0.000382125814212486,-0.632501840591431,1.30982346592835e-06,278528
6661,1,0.333049991586449,0.333049991586449,-0.000373037852114066,-0.633745551109314,1.29117157379384e-06,278528
6662,1,0.333099991585186,0.333099991585186,-0.00036270500277169,-0.633123636245728,1.27303632411339e-06,278528
6663,1,0.333149991583923,0.333149991583923,-0.000353741517756134,-0.633434653282166,1.25534924867239e-06,278528
6664,1,0.33319999158266,0.33319999158266,-0.000344902568031102,-0.634056448936462,1.23810412070649e-06,278528
6665,1,0.333249991581397,0.333249991581397,-0.000333324744133279,-0.633745551109314,1.22143788392085e-06,278528
6666,1,0.333299991580134,0.333299991580134,-0.000322991894790903,-0.634678363800049,1.20528828958927e-06,278528
6667,1,0.333349991578871,0.333349991578871,-0.00031278352253139,-0.634367406368256,1.18964911385778e-06,278528
6668,1,0.333399991577608,0.333399991577608,-0.000302201631711796,-0.634367406368256,1.17453903265391e-06,278528
6669,1,0.333449991576344,0.333449991576344,-0.000291495292913169,-0.634989261627197,1.15996426837644e-06,278528
6670,1,0.333499991575081,0.333499991575081,-0.000280290958471596,-0.634056448936462,1.14594972080689e-06,278528
6671,1,0.333549991573818,0.333549991573818,-0.000269460142590106,-0.634367406368256,1.13247671401775e-06,278528
6672,1,0.333599991572555,0.333599991572555,-0.000257384352153167,-0.633745551109314,1.11960749673519e-06,278528
6673,1,0.333649991571292,0.333649991571292,-0.000246180017711595,-0.633745551109314,1.10729849616056e-06,278528
6674,1,0.333699991570029,0.333699991570029,-0.000234851206187159,-0.633434653282166,1.09555593614785e-06,278528
6675,1,0.333749991568766,0.333749991568766,-0.000222277463763021,-0.632190942764282,1.08444206324046e-06,278528
6676,1,0.333799991567503,0.333799991567503,-0.00021045065659564,-0.631879925727844,1.0739195306765e-06,278528
6677,1,0.33384999156624,0.33384999156624,-0.000198997353436425,-0.631569027900696,1.06396966325603e-06,278528
6678,1,0.333899991564977,0.333899991564977,-0.00018667260883376,-0.630947172641754,1.05463603305013e-06,278528
6679,1,0.333949991563713,0.333949991563713,-0.000173974360222928,-0.629081547260284,1.04593731525873e-06,278528
6680,1,0.33399999156245,0.33399999156245,-0.00016189859888982,-0.628770649433136,1.03784238551873e-06,278528
6681,1,0.334049991561187,0.334049991561187,-0.000148951381561346,-0.628459751605988,1.03039481662881e-06,278528
6682,1,0.334099991559924,0.334099991559924,-0.000136751114041544,-0.626594126224518,1.02355726109946e-06,278528
6683,1,0.334149991558661,0.334149991558661,-0.000124052865430713,-0.625972270965576,1.01735461798462e-06,278528
6684,1,0.334199991557398,0.334199991557398,-0.000111230154288933,-0.624728560447693,1.01179311041067e-06,278528
6685,1,0.334249991556135,0.334249991556135,-9.79094547801651e-05,-0.622241139411926,1.00689763779533e-06,278528
6686,1,0.334299991554872,0.334299991554872,-8.49622374516912e-05,-0.620997369289398,1.00264952603006e-06,278528
6687,1,0.334349991553609,0.334349991553609,-7.11435641278513e-05,-0.621308326721191,9.99092347913531e-07,278528
6688,1,0.334399991552345,0.334399991552345,-5.88188122492284e-05,-0.618509948253632,9.96151407375364e-07,278528
6689,1,0.334449991551082,0.334449991551082,-4.57470996479969e-05,-0.617266237735748,9.93864052450747e-07,278528
6690,1,0.334499991549819,0.334499991549819,-3.27998786815442e-05,-0.615711569786072,9.922240585581e-07,278528
6691,1,0.334549991548556,0.334549991548556,-1.93546929949662e-05,-0.61508971452713,9.91256323932799e-07,278528
6692,1,0.334599991547293,0.334599991547293,-5.66051767236786e-06,-0.611980378627777,9.9097329805633e-07,278528
6693,1,0.33464999154603,0.33464999154603,7.53568610889488e-06,-0.610425770282745,9.91350082352257e-07,278528
6694,1,0.334699991544767,0.334699991544767,2.04829048016109e-05,-0.608249247074127,9.92374227566465e-07,278528
6695,1,0.334749991543504,0.334749991543504,3.51730232068803e-05,-0.605761826038361,9.94132878682382e-07,278528
6696,1,0.334799991542241,0.334799991542241,4.76222667202819e-05,-0.604207158088684,9.96513991958244e-07,278528
6697,1,0.334849991540977,0.334849991540977,6.16899196757004e-05,-0.602652490139008,9.99598487864108e-07,278528
6698,1,0.334899991539714,0.334899991539714,7.38901799195446e-05,-0.601719737052917,1.00329299676675e-06,278528
6699,1,0.334949991538451,0.334949991538451,8.69618961587548e-05,-0.597988545894623,1.00764109146485e-06,278528
6700,1,0.334999991537188,0.334999991537188,0.000100905053841416,-0.596122980117798,1.01268634402947e-06,278528
6701,1,0.335049991535925,0.335049991535925,0.000113852278445847,-0.593324601650238,1.01837895780795e-06,278528
6702,1,0.335099991534662,0.335099991534662,0.000126799495774321,-0.592391788959503,1.02471893243651e-06,278528
6703,1,0.335149991533399,0.335149991533399,0.000139995710924268,-0.589593410491943,1.03171871780589e-06,278528
6704,1,0.335199991532136,0.335199991532136,0.000152320455526933,-0.58648407459259,1.03933474038984e-06,278528
6705,1,0.335249991530873,0.335249991530873,0.000166014622664079,-0.584307610988617,1.04763547131335e-06,278528
6706,1,0.33529999152961,0.33529999152961,0.000180331262527034,-0.581509232521057,1.05665203421192e-06,278528
6707,1,0.335349991528346,0.335349991528346,0.000191286613699049,-0.579021811485291,1.06621636465526e-06,278528
6708,1,0.335399991527083,0.335399991527083,0.000203611372853629,-0.576223373413086,1.07639693304076e-06,278528
6709,1,0.33544999152582,0.33544999152582,0.000215811625821516,-0.573114097118378,1.08718751405924e-06,278528
6710,1,0.335499991524557,0.335499991524557,0.000228011893341318,-0.57093757390976,1.0985881084383e-06,278528
6711,1,0.335549991523294,0.335549991523294,0.000240710127400234,-0.567828297615051,1.11062361450427e-06,278528
6712,1,0.335599991522031,0.335599991522031,0.000253532838542014,-0.56534081697464,1.12330025611114e-06,278528
6713,1,0.335649991520768,0.335649991520768,0.000264986156253144,-0.56254243850708,1.13654956358909e-06,278528
6714,1,0.335699991519505,0.335699991519505,0.000277684390312061,-0.559433162212372,1.15043378275395e-06,278528
6715,1,0.335749991518242,0.335749991518242,0.00028913770802319,-0.555701971054077,1.16489066778989e-06,278528
6716,1,0.335799991516978,0.335799991516978,0.000300093030091375,-0.553214550018311,1.17989531891541e-06,278528
6717,1,0.335849991515715,0.335849991515715,0.000312168820528314,-0.551038026809692,1.19550375954753e-06,278528
6718,1,0.335899991514452,0.335899991514452,0.000322875188430771,-0.547928750514984,1.21164751856124e-06,278528
6719,1,0.335949991513189,0.335949991513189,0.000333830481395125,-0.544508516788483,1.22833904220933e-06,278528
6720,1,0.335999991511926,0.335999991511926,0.000346030748914927,-0.541710138320923,1.245640579218e-06,278528
6721,1,0.336049991510663,0.336049991510663,0.000355865660822019,-0.538289844989777,1.26343386180961e-06,278528
6722,1,0.3360999915094,0.3360999915094,0.000365949555998668,-0.53486967086792,1.28173133914731e-06,278528
6723,1,0.336149991508137,0.336149991508137,0.000376406940631568,-0.53207129240036,1.30055168570345e-06,278528
6724,1,0.336199991506874,0.336199991506874,0.000385619379812852,-0.528340101242065,1.31983265420701e-06,278528
6725,1,0.336249991505611,0.336249991505611,0.000396201241528615,-0.524919867515564,1.339642715783e-06,278528
6726,1,0.336299991504347,0.336299991504347,0.000405662663979456,-0.521810591220856,1.35992584846957e-06,278528
6727,1,0.336349991503084,0.336349991503084,0.000415497575886548,-0.517768502235413,1.38070072673908e-06,278528
6728,1,0.336399991501821,0.336399991501821,0.000423963094362989,-0.515281021595001,1.40189888092172e-06,278528
6729,1,0.336449991500558,0.336449991500558,0.000432926550274715,-0.5118607878685,1.42354520788863e-06,278528
6730,1,0.336499991499295,0.336499991499295,0.000441267504356802,-0.508751511573792,1.4456085825491e-06,278528
6731,1,0.336549991498032,0.336549991498032,0.000450604449724779,-0.504398465156555,1.46813880446618e-06,278528
6732,1,0.336599991496769,0.336599991496769,0.000458074035122991,-0.501600086688995,1.49104250564373e-06,278528
6733,1,0.336649991495506,0.336649991495506,0.000465792545583099,-0.497868925333023,1.51433213233454e-06,278528
6734,1,0.336699991494243,0.336699991494243,0.000474009051686153,-0.494137763977051,1.53803258432012e-06,278528
6735,1,0.336749991492979,0.336749991492979,0.000480856135254726,-0.492272198200226,1.56207539047549e-06,278528
6736,1,0.336799991491716,0.336799991491716,0.000486458302475512,-0.487608224153519,1.58639830498481e-06,278528
6737,1,0.336849991490453,0.336849991490453,0.000493305386044085,-0.483877062797546,1.61106357366392e-06,278528
6738,1,0.33689999148919,0.33689999148919,0.000501397356856614,-0.482011467218399,1.63613344087343e-06,278528
6739,1,0.336949991487927,0.336949991487927,0.000507497519720346,-0.478280305862427,1.66150831621843e-06,278528
6740,1,0.336999991486664,0.336999991486664,0.000512850703671575,-0.474238216876984,1.68715085075422e-06,278528
6741,1,0.337049991485401,0.337049991485401,0.000518203887622803,-0.470817983150482,1.71306104448082e-06,278528
6742,1,0.337099991484138,0.337099991484138,0.000524801958817989,-0.468019604682922,1.73930114175883e-06,278528
6743,1,0.337149991482875,0.337149991482875,0.000528910255525261,-0.464599341154099,1.76574665386703e-06,278528
6744,1,0.337199991481612,0.337199991481612,0.000533391954377294,-0.461179137229919,1.79241625091216e-06,278528
6745,1,0.337249991480348,0.337249991480348,0.000537749205250293,-0.457447946071625,1.81930371049544e-06,278528
6746,1,0.337299991479085,0.337299991479085,0.000541857443749905,-0.454338669776917,1.84639658199851e-06,278528
6747,1,0.337349991477822,0.337349991477822,0.000545094313565642,-0.450918406248093,1.87365129698828e-06,278528
6748,1,0.337399991476559,0.337399991476559,0.000549202552065253,-0.448120057582855,1.90111142389785e-06,278528
6749,1,0.337449991475296,0.337449991475296,0.000552563811652362,-0.444077968597412,1.92873961378252e-06,278528
6750,1,0.337499991474033,0.337499991474033,0.000554929254576564,-0.440346777439117,1.95648607581041e-06,278528
6751,1,0.33754999147277,0.33754999147277,0.000557170016691089,-0.439103066921234,1.9843445759412e-06,278528
6752,1,0.337599991471507,0.337599991471507,0.000559908919967711,-0.434128195047379,2.01234002123236e-06,278528
6753,1,0.337649991470244,0.337649991470244,0.000560655840672553,-0.432262599468231,2.04037281255782e-06,278528
6754,1,0.33769999146898,0.33769999146898,0.000563021167181432,-0.42884236574173,2.06852387020574e-06,278528
6755,1,0.337749991467717,0.337749991467717,0.000565510999877006,-0.425422102212906,2.09679941948529e-06,278528
6756,1,0.337799991466454,0.337799991466454,0.000566008966416121,-0.422934710979462,2.12509986709116e-06,278528
6757,1,0.337849991465191,0.337849991465191,0.000566382484976202,-0.419514447450638,2.15341899062457e-06,278528
6758,1,0.337899991463928,0.337899991463928,0.00056663149734959,-0.41640517115593,2.18175056477634e-06,278528
6759,1,0.337949991462665,0.337949991462665,0.000567253911867738,-0.412984907627106,2.21011325965322e-06,278528
6760,1,0.337999991461402,0.337999991461402,0.000566755945328623,-0.409564673900604,2.23845105620378e-06,278528
6761,1,0.338049991460139,0.338049991460139,0.000566133472602814,-0.407077223062515,2.26675772911883e-06,278528
6762,1,0.338099991458876,0.338099991458876,0.000565386551897973,-0.404589772224426,2.29502705599959e-06,278528
6763,1,0.338149991457612,0.338149991457612,0.000564888643566519,-0.401480495929718,2.3232714874644e-06,278528
6764,1,0.338199991456349,0.338199991456349,0.000563643698114902,-0.398993045091629,2.3514536716582e-06,278528
6765,1,0.338249991455086,0.338249991455086,0.000561776221729815,-0.395883738994598,2.37954248203511e-06,278528
6766,1,0.338299991453823,0.338299991453823,0.000559410953428596,-0.392152547836304,2.40751302899994e-06,278528
6767,1,0.33834999145256,0.33834999145256,0.000557045510504395,-0.391219764947891,2.43536530382156e-06,278528
6768,1,0.338399991451297,0.338399991451297,0.000554929254576564,-0.389354199171066,2.46311176584945e-06,278528
6769,1,0.338449991450034,0.338449991450034,0.00055181683273986,-0.385933965444565,2.49070260678944e-06,278528
6770,1,0.338499991448771,0.338499991448771,0.000548331066966057,-0.383135586977005,2.51811915944514e-06,278528
6771,1,0.338549991447508,0.338549991447508,0.000545467715710402,-0.380648136138916,2.54539254454168e-06,278528
6772,1,0.338599991446245,0.338599991446245,0.000542230962309986,-0.377227872610092,2.57250409197228e-06,278528
6773,1,0.338649991444981,0.338649991444981,0.000537873711436987,-0.37536233663559,2.59939777686474e-06,278528
6774,1,0.338699991443718,0.338699991443718,0.000532645033672452,-0.372563928365707,2.62603002787558e-06,278528
6775,1,0.338749991442455,0.338749991442455,0.000528785749338567,-0.371631145477295,2.65246931467459e-06,278528
6776,1,0.338799991441192,0.338799991441192,0.000525299983564764,-0.368832796812057,2.67873431318932e-06,278528
6777,1,0.338849991439929,0.338849991439929,0.000518452899996191,-0.366656243801117,2.70465695753427e-06,278528
6778,1,0.338899991438666,0.338899991438666,0.000514220155309886,-0.364790678024292,2.73036796465025e-06,278528
6779,1,0.338949991437403,0.338949991437403,0.000508244498632848,-0.363546937704086,2.75578018893992e-06,278528
6780,1,0.33899999143614,0.33899999143614,0.000503389281220734,-0.360437661409378,2.78094965236513e-06,278528
6781,1,0.339049991434877,0.339049991434877,0.000497289176564664,-0.359504848718643,2.80581411056523e-06,278528
6782,1,0.339099991433613,0.339099991433613,0.000490691047161818,-0.356395572423935,2.83034866230353e-06,278528
6783,1,0.33914999143235,0.33914999143235,0.000483719457406551,-0.355151861906052,2.85453463456287e-06,278528
6784,1,0.339199991431087,0.339199991431087,0.000476125424029306,-0.353908121585846,2.87834090516293e-06,278528
6785,1,0.339249991429824,0.339249991429824,0.000469651800813153,-0.352664411067963,2.90182349461037e-06,278528
6786,1,0.339299991428561,0.339299991428561,0.000462555733975023,-0.350487858057022,2.92495128072487e-06,278528
6787,1,0.339349991427298,0.339349991427298,0.000455086206784472,-0.34955507516861,2.94770559048927e-06,278528
6788,1,0.339399991426035,0.339399991426035,0.000447118683950976,-0.348000437021255,2.97006152412206e-06,278528
6789,1,0.339449991424772,0.339449991424772,0.000439400144387037,-0.347689509391785,2.9920315307864e-06,278528
6790,1,0.339499991423509,0.339499991423509,0.000431806081905961,-0.345512986183167,3.01362183433628e-06,278528
6791,1,0.339549991422246,0.339549991422246,0.000423589604906738,-0.344580173492432,3.03480131404658e-06,278528
6792,1,0.339599991420982,0.339599991420982,0.00041524859261699,-0.342714637517929,3.05556374315293e-06,278528
6793,1,0.339649991419719,0.339649991419719,0.000406534149078652,-0.342092782258987,3.07589045009336e-06,278528
6794,1,0.339699991418456,0.339699991418456,0.000397197174606845,-0.341470897197723,3.095750308322e-06,278528
6795,1,0.339749991417193,0.339749991417193,0.000389229680877179,-0.339294373989105,3.11521179187422e-06,278528
6796,1,0.33979999141593,0.33979999141593,0.000379643752239645,-0.338361591100693,3.13419397900667e-06,278528
6797,1,0.339849991414667,0.339849991414667,0.000370182300684974,-0.338361591100693,3.15270309357334e-06,278528
6798,1,0.339899991413404,0.339899991413404,0.000360222911695018,-0.337739735841751,3.1707142387031e-06,278528
6799,1,0.339949991412141,0.339949991412141,0.000350636983057484,-0.337739735841751,3.18824608741308e-06,278528
6800,1,0.339999991410878,0.339999991410878,0.000341424543876201,-0.336185097694397,3.20531731417563e-06,278528
6801,1,0.340049991409614,0.340049991409614,0.000330967159243301,-0.336806952953339,3.22186567171975e-06,278528
6802,1,0.340099991408351,0.340099991408351,0.000320509832818061,-0.334941357374191,3.23789116295582e-06,278528
6803,1,0.340149991407088,0.340149991407088,0.000310425908537582,-0.336185097694397,3.25341245799059e-06,278528
6804,1,0.340199991405825,0.340199991405825,0.000300466519547626,-0.335874140262604,3.26843578358845e-06,278528
6805,1,0.340249991404562,0.340249991404562,0.000289884657831863,-0.336185097694397,3.28293001611389e-06,278528
6806,1,0.340299991403299,0.340299991403299,0.000278929335763678,-0.33463042974472,3.29687648254976e-06,278528
6807,1,0.340349991402036,0.340349991402036,0.000268471951130778,-0.335563242435455,3.31030007976719e-06,278528
6808,1,0.340399991400773,0.340399991400773,0.000257641077041626,-0.335874140262604,3.32318213329384e-06,278528
6809,1,0.34044999139951,0.34044999139951,0.000246436800807714,-0.335563242435455,3.33550397302295e-06,278528
6810,1,0.340499991398246,0.340499991398246,0.000235232466366142,-0.336185097694397,3.34726559604413e-06,278528
6811,1,0.340549991396983,0.340549991396983,0.000224277115194127,-0.335563242435455,3.35847945152056e-06,278528
6812,1,0.34059999139572,0.34059999139572,0.000212699305848219,-0.336495995521545,3.3691144165443e-06,278528
6813,1,0.340649991394457,0.340649991394457,0.000200623529963195,-0.337117880582809,3.37914559278906e-06,278528
6814,1,0.340699991393194,0.340699991393194,0.000189917191164568,-0.337117880582809,3.3886414521074e-06,278528
6815,1,0.340749991391931,0.340749991391931,0.000178961839992553,-0.338672518730164,3.39758954388098e-06,278528
6816,1,0.340799991390668,0.340799991390668,0.000166761587024666,-0.338672518730164,3.40592762302157e-06,278528
6817,1,0.340849991389405,0.340849991389405,0.000154187844600528,-0.339294373989105,3.41363701505684e-06,278528
6818,1,0.340899991388142,0.340899991388142,0.000141987577080727,-0.339916229248047,3.42073639373154e-06,278528
6819,1,0.340949991386879,0.340949991386879,0.000131156732095405,-0.340849041938782,3.42729423017064e-06,278528
6820,1,0.340999991385615,0.340999991385615,0.000118956464575604,-0.342403680086136,3.43324205324917e-06,278528
6821,1,0.341049991384352,0.341049991384352,0.000107129679236095,-0.342714637517929,3.43859853707565e-06,278528
6822,1,0.341099991383089,0.341099991383089,9.61743426159956e-05,-0.342714637517929,3.44340725408498e-06,278528
6823,1,0.341149991381826,0.341149991381826,8.33516169223003e-05,-0.345823913812637,3.44757483482581e-06,278528
6824,1,0.341199991380563,0.341199991380563,7.09023661329411e-05,-0.346756726503372,3.4511199530429e-06,278528
6825,1,0.3412499913793,0.3412499913793,5.94490556977689e-05,-0.348311364650726,3.4540924057527e-06,278528
6826,1,0.341299991378037,0.341299991378037,4.67508216388524e-05,-0.348933219909668,3.45642994677559e-06,278528
6827,1,0.341349991376774,0.341349991376774,3.4301574487472e-05,-0.351420670747757,3.45814502545664e-06,278528
6828,1,0.341399991375511,0.341399991375511,2.29727556870785e-05,-0.352664411067963,3.45929366321197e-06,278528
6829,1,0.341449991374247,0.341449991374247,1.03990132629406e-05,-0.352975308895111,3.45981361386198e-06,278528
6830,1,0.341499991372984,0.341499991372984,-5.56325801426283e-07,-0.356084614992142,3.45978579757262e-06,278528
6831,1,0.341549991371721,0.341549991371721,-1.23831123346463e-05,-0.357639253139496,3.45916664197152e-06,278528
6832,1,0.341599991370458,0.341599991370458,-2.42098976741545e-05,-0.359193950891495,3.4579561471184e-06,278528
6833,1,0.341649991369195,0.341649991369195,-3.69081317330711e-05,-0.361681401729584,3.45611074057836e-06,278528
6834,1,0.341699991367932,0.341699991367932,-4.84859338030219e-05,-0.363236039876938,3.45368644394945e-06,278528
6835,1,0.341749991366669,0.341749991366669,-6.05617060500663e-05,-0.365723490715027,3.45065835872345e-06,278528
6836,1,0.341799991365406,0.341799991365406,-7.37579102860764e-05,-0.367899984121323,3.44697046330231e-06,278528
6837,1,0.341849991364143,0.341849991364143,-8.30948556540534e-05,-0.368832796812057,3.44281572062456e-06,278528
6838,1,0.34189999136288,0.34189999136288,-9.50461253523827e-05,-0.371009290218353,3.438063414477e-06,278528
6839,1,0.341949991361616,0.341949991361616,-0.000108740307041444,-0.372874885797501,3.43262639926227e-06,278528
6840,1,0.341999991360353,0.341999991360353,-0.000118699703307357,-0.376606047153473,3.42669141424684e-06,278528
6841,1,0.34204999135909,0.34204999135909,-0.000130899963551201,-0.379404425621033,3.42014641623462e-06,278528
6842,1,0.342099991357827,0.342099991357827,-0.000144096178701147,-0.380959063768387,3.41294160748157e-06,278528
6843,1,0.342149991356564,0.342149991356564,-0.000153433109517209,-0.384068369865417,3.40526995219951e-06,278528
6844,1,0.342199991355301,0.342199991355301,-0.00016426395450253,-0.385933965444565,3.39705675468187e-06,278528
6845,1,0.342249991354038,0.342249991354038,-0.000176962188561447,-0.388421416282654,3.38820864547732e-06,278528
6846,1,0.342299991352775,0.342299991352775,-0.000187544050277211,-0.391530692577362,3.37883144320034e-06,278528
6847,1,0.342349991351512,0.342349991351512,-0.000198499386897311,-0.394639998674393,3.3689064741062e-06,278528
6848,1,0.342399991350248,0.342399991350248,-0.00020945472351741,-0.397127449512482,3.3584337381949e-06,278528
6849,1,0.342449991348985,0.342449991348985,-0.000220783535041846,-0.398993045091629,3.34739456172168e-06,278528
6850,1,0.342499991347722,0.342499991347722,-0.00023186337784864,-0.401791393756866,3.33580139312211e-06,278528
6851,1,0.342549991346459,0.342549991346459,-0.000241449291934259,-0.40583348274231,3.32372892883038e-06,278528
6852,1,0.342599991345196,0.342599991345196,-0.000252653640927747,-0.408631891012192,3.31109624710312e-06,278528
6853,1,0.342649991343933,0.342649991343933,-0.000263857946265489,-0.411119312047958,3.29790335012312e-06,278528
6854,1,0.34269999134267,0.34269999134267,-0.000273817364359275,-0.413917720317841,3.28421248225102e-06,278528
6855,1,0.342749991341407,0.342749991341407,-0.000284274719888344,-0.417026996612549,3.26999874661567e-06,278528
6856,1,0.342799991340144,0.342799991340144,-0.000293362652882934,-0.420136302709579,3.25533061434207e-06,278528
6857,1,0.34284999133888,0.34284999133888,-0.000302077125525102,-0.423867464065552,3.24022675844738e-06,278528
6858,1,0.342899991337617,0.342899991337617,-0.00031278352253139,-0.426354914903641,3.22458758271588e-06,278528
6859,1,0.342949991336354,0.342949991336354,-0.000321497966069728,-0.430397003889084,3.20851268481848e-06,278528
6860,1,0.342999991335091,0.342999991335091,-0.000331830844515935,-0.432262599468231,3.19192114301183e-06,278528
6861,1,0.343049991333828,0.343049991333828,-0.000340918777510524,-0.435993790626526,3.17487520456692e-06,278528
6862,1,0.343099991332565,0.343099991332565,-0.000350629241438583,-0.438170284032822,3.15734374293787e-06,278528
6863,1,0.343149991331302,0.343149991331302,-0.00035934368497692,-0.441901445388794,3.13937655914291e-06,278528
6864,1,0.343199991330039,0.343199991330039,-0.000367435713997111,-0.444699823856354,3.12100477390717e-06,278528
6865,1,0.343249991328776,0.343249991328776,-0.0003765236469917,-0.448741912841797,3.10217859203317e-06,278528
6866,1,0.343299991327513,0.343299991327513,-0.000386234081815928,-0.452162146568298,3.08286688843023e-06,278528
6867,1,0.343349991326249,0.343349991326249,-0.000392956659197807,-0.455582410097122,3.06321905596668e-06,278528
6868,1,0.343399991324986,0.343399991324986,-0.000401546654757112,-0.459002614021301,3.04314172373603e-06,278528
6869,1,0.343449991323723,0.343449991323723,-0.000409389671403915,-0.461800992488861,3.02267224068293e-06,278528
6870,1,0.34349999132246,0.34349999132246,-0.00041698370478116,-0.464910298585892,3.00182305597057e-06,278528
6871,1,0.343549991321197,0.343549991321197,-0.000424577767262235,-0.467708677053452,2.98059416814374e-06,278528
6872,1,0.343599991319934,0.343599991319934,-0.000432794244261459,-0.472372621297836,2.95895445647734e-06,278528
6873,1,0.343649991318671,0.343649991318671,-0.000439392344560474,-0.47579288482666,2.93698483980431e-06,278528
6874,1,0.343699991317408,0.343699991317408,-0.000446488411398605,-0.478280305862427,2.91466041979834e-06,278528
6875,1,0.343749991316145,0.343749991316145,-0.000452837557531893,-0.481700569391251,2.89201854249373e-06,278528
6876,1,0.343799991314881,0.343799991314881,-0.000460182607639581,-0.485742658376694,2.86900941269301e-06,278528
6877,1,0.343849991313618,0.343849991313618,-0.00046553579159081,-0.488230109214783,2.84573262370149e-06,278528
6878,1,0.343899991312355,0.343899991312355,-0.000472880870802328,-0.492894053459167,2.82208858075867e-06,278528
6879,1,0.343949991311092,0.343949991311092,-0.000478109548566863,-0.496003359556198,2.79818310393423e-06,278528
6880,1,0.343999991309829,0.343999991309829,-0.00048408514703624,-0.4994235932827,2.77397884719387e-06,278528
6881,1,0.344049991308566,0.344049991308566,-0.000488566874992102,-0.502221941947937,2.74955050406138e-06,278528
6882,1,0.344099991307303,0.344099991307303,-0.000494667037855834,-0.506574988365173,2.72481715279341e-06,278528
6883,1,0.34414999130604,0.34414999130604,-0.000500020221807063,-0.510306119918823,2.69981614233463e-06,278528
6884,1,0.344199991304777,0.344199991304777,-0.000504501920659095,-0.5118607878685,2.67459104693892e-06,278528
6885,1,0.344249991303514,0.344249991303514,-0.000509979610797018,-0.515902876853943,2.64909206704322e-06,278528
6886,1,0.34429999130225,0.34429999130225,-0.000513465376570821,-0.519323110580444,2.62341879886325e-06,278528
6887,1,0.344349991300987,0.344349991300987,-0.000517698121257126,-0.521810591220856,2.5975338934543e-06,278528
6888,1,0.344399991299724,0.344399991299724,-0.000520561414305121,-0.525230765342712,2.57150582339657e-06,278528
6889,1,0.344449991298461,0.344449991298461,-0.000524794158991426,-0.528961956501007,2.54526611610986e-06,278528
6890,1,0.344499991297198,0.344499991297198,-0.000529400364030153,-0.531760334968567,2.51879609857705e-06,278528
6891,1,0.344549991295935,0.344549991295935,-0.000531018886249512,-0.536113381385803,2.4922451549353e-06,278528
6892,1,0.344599991294672,0.344599991294672,-0.000534629100002348,-0.53860080242157,2.46551370061048e-06,278528
6893,1,0.344649991293409,0.344649991293409,-0.000537616957444698,-0.541710138320923,2.43863285341731e-06,278528
6894,1,0.344699991292146,0.344699991292146,-0.000539359811227769,-0.544819414615631,2.41166486353719e-06,278528
6895,1,0.344749991290882,0.344749991290882,-0.000541102723218501,-0.547928750514984,2.38460972805974e-06,278528
6896,1,0.344799991289619,0.344799991289619,-0.000542596681043506,-0.551348924636841,2.35747989469292e-06,278528
6897,1,0.344849991288356,0.344849991288356,-0.000544215028639883,-0.553214550018311,2.33026914394833e-06,278528
6898,1,0.344899991287093,0.344899991287093,-0.0005454599740915,-0.557256639003754,2.30299614593273e-06,278528
6899,1,0.34494999128583,0.34494999128583,-0.000546829425729811,-0.560365915298462,2.27565467533694e-06,278528
6900,1,0.344999991284567,0.344999991284567,-0.000546580413356423,-0.562853395938873,2.24832565535951e-06,278528
6901,1,0.345049991283304,0.345049991283304,-0.00054782530060038,-0.565029919147491,2.22093439102145e-06,278528
6902,1,0.345099991282041,0.345099991282041,-0.000548074312973768,-0.5681391954422,2.19353067606504e-06,278528
6903,1,0.345149991280778,0.345149991280778,-0.000548074312973768,-0.570626676082611,2.16612696110862e-06,278528
6904,1,0.345199991279515,0.345199991279515,-0.000547327392268926,-0.575290620326996,2.13876059218651e-06,278528
6905,1,0.345249991278251,0.345249991278251,-0.000546704919543117,-0.577156186103821,2.1114253468999e-06,278528
6906,1,0.345299991276988,0.345299991276988,-0.000546829425729811,-0.579954564571381,2.08408387630411e-06,278528
6907,1,0.345349991275725,0.345349991275725,-0.000545708928257227,-0.582131087779999,2.05679843058054e-06,278528
6908,1,0.345399991274462,0.345399991274462,-0.000542845635209233,-0.584618508815765,2.02965614950575e-06,278528
6909,1,0.345449991273199,0.345449991273199,-0.00053973332978785,-0.587105989456177,2.0026694836981e-06,278528
6910,1,0.345499991271936,0.345499991271936,-0.000539857777766883,-0.589593410491943,1.97567659549165e-06,278528
6911,1,0.345549991270673,0.345549991270673,-0.00053736794507131,-0.591458976268768,1.94880819891684e-06,278528
6912,1,0.34559999126941,0.34559999126941,-0.000535251572728157,-0.594257354736328,1.92204562095651e-06,278528
6913,1,0.345649991268147,0.345649991268147,-0.000532139267306775,-0.595812022686005,1.89543865826332e-06,278528
6914,1,0.345699991266883,0.345699991266883,-0.00052927591605112,-0.598921298980713,1.8689748631293e-06,278528
6915,1,0.34574999126562,0.34574999126562,-0.000525292183738202,-0.600786924362183,1.84271025460589e-06,278528
6916,1,0.345799991264357,0.345799991264357,-0.000521930865943432,-0.603896200656891,1.81661371196797e-06,278528
6917,1,0.345849991263094,0.345849991263094,-0.000519565539434552,-0.605139970779419,1.79063543565251e-06,278528
6918,1,0.345899991261831,0.345899991261831,-0.000514710263814777,-0.606383681297302,1.7648999231119e-06,278528
6919,1,0.345949991260568,0.345949991260568,-0.00050973059842363,-0.609803915023804,1.73941339383457e-06,278528
6920,1,0.345999991259305,0.345999991259305,-0.000504501920659095,-0.610425770282745,1.71418829843885e-06,278528
6921,1,0.346049991258042,0.346049991258042,-0.000501140661071986,-0.612913191318512,1.68913126601825e-06,278528
6922,1,0.346099991256779,0.346099991256779,-0.000495289510581642,-0.613846004009247,1.66436679111477e-06,278528
6923,1,0.346149991255515,0.346149991255515,-0.000489313853904605,-0.616644322872162,1.63990109903759e-06,278528
6924,1,0.346199991254252,0.346199991254252,-0.000484832125948742,-0.61788809299469,1.61565949335255e-06,278528
6925,1,0.346249991252989,0.346249991252989,-0.000478109548566863,-0.618820905685425,1.59175401652811e-06,278528
6926,1,0.346299991251726,0.346299991251726,-0.000471635925350711,-0.621308326721191,1.5681722208563e-06,278528
6927,1,0.346349991250463,0.346349991250463,-0.00046553579159081,-0.622241139411926,1.54489543186478e-06,278528
6928,1,0.3463999912492,0.3463999912492,-0.0004588131851051,-0.624106705188751,1.52195477318906e-06,278528
6929,1,0.346449991247937,0.346449991247937,-0.000452215055702254,-0.624728560447693,1.49934402097514e-06,278528
6930,1,0.346499991246674,0.346499991246674,-0.000444496545242146,-0.626283228397369,1.47711919427448e-06,278528
6931,1,0.346549991245411,0.346549991245411,-0.000437151466030627,-0.626905083656311,1.45526162152511e-06,278528
6932,1,0.346599991244148,0.346599991244148,-0.00042980644502677,-0.627837836742401,1.43377129981667e-06,278528
6933,1,0.346649991242884,0.346649991242884,-0.000421216478571296,-0.628770649433136,1.41271047642014e-06,278528
6934,1,0.346699991241621,0.346699991241621,-0.00041362241609022,-0.629392504692078,1.39202935613808e-06,278528
6935,1,0.346749991240358,0.346749991240358,-0.000405032420530915,-0.630325317382813,1.37177773562314e-06,278528
6936,1,0.346799991239095,0.346799991239095,-0.000397064926801249,-0.631879925727844,1.35192448978461e-06,278528
6937,1,0.346849991237832,0.346849991237832,-0.000387354491977021,-0.632190942764282,1.33255676567503e-06,278528
6938,1,0.346899991236569,0.346899991236569,-0.000379635952413082,-0.632501840591431,1.31357496853389e-06,278528
6939,1,0.346949991235306,0.346949991235306,-0.000369552057236433,-0.632812738418579,1.29509736613886e-06,278528
6940,1,0.346999991234043,0.346999991234043,-0.000360464153345674,-0.633745551109314,1.27707415892688e-06,278528
6941,1,0.34704999123278,0.34704999123278,-0.000350255751982331,-0.634367406368256,1.25956137177017e-06,278528
6942,1,0.347099991231516,0.347099991231516,-0.000339673861162737,-0.633745551109314,1.24257767914108e-06,278528
6943,1,0.347149991230253,0.347149991230253,-0.000330461421981454,-0.634367406368256,1.22605460845941e-06,278528
6944,1,0.34719999122899,0.34719999122899,-0.000319630576996133,-0.633745551109314,1.21007308001333e-06,278528
6945,1,0.347249991227727,0.347249991227727,-0.000309173192363232,-0.634989261627197,1.19461442078569e-06,278528
6946,1,0.347299991226464,0.347299991226464,-0.000297719903755933,-0.634678363800049,1.17972842597395e-06,278528
6947,1,0.347349991225201,0.347349991225201,-0.000287760485662147,-0.634678363800049,1.16534040205431e-06,278528
6948,1,0.347399991223938,0.347399991223938,-0.000276431674137712,-0.634056448936462,1.15151881869659e-06,278528
6949,1,0.347449991222675,0.347449991222675,-0.000265102833509445,-0.634989261627197,1.13826367735597e-06,278528
6950,1,0.347499991221412,0.347499991221412,-0.000254023034358397,-0.634056448936462,1.12556252595891e-06,278528
6951,1,0.347549991220149,0.347549991220149,-0.00024045335885603,-0.633434653282166,1.11353985831982e-06,278528
6952,1,0.347599991218885,0.347599991218885,-0.000231987869483419,-0.633123636245728,1.10194046513868e-06,278528
6953,1,0.347649991217622,0.347649991217622,-0.000218667162698694,-0.633434653282166,1.09100710727994e-06,278528
6954,1,0.347699991216359,0.347699991216359,-0.000206342418096028,-0.631258130073547,1.08068998663577e-06,278528
6955,1,0.347749991215096,0.347749991215096,-0.000194515625480562,-0.631569027900696,1.07096420560744e-06,278528
6956,1,0.347799991213833,0.347799991213833,-0.000182315357960761,-0.630325317382813,1.06184843793968e-06,278528
6957,1,0.34784999121257,0.34784999121257,-0.000171609004610218,-0.629392504692078,1.05326798792593e-06,278528
6958,1,0.347899991211307,0.347899991211307,-0.000157043381477706,-0.630014359951019,1.04541581905041e-06,278528
6959,1,0.347949991210044,0.347949991210044,-0.000145465586683713,-0.627216041088104,1.03814253989996e-06,278528
6960,1,0.347999991208781,0.347999991208781,-0.000133140842081048,-0.626905083656311,1.03148549796408e-06,278528
6961,1,0.348049991207517,0.348049991207517,-0.000120193610200658,-0.625350415706635,1.02547581760587e-06,278528
6962,1,0.348099991206254,0.348099991206254,-0.000107868851046078,-0.624106705188751,1.02008237518981e-06,278528
6963,1,0.348149991204991,0.348149991204991,-9.24317791941576e-05,-0.623173892498016,1.01546078634686e-06,278528
6964,1,0.348199991203728,0.348199991203728,-8.12274593045004e-05,-0.62068647146225,1.01139941348423e-06,278528
6965,1,0.348249991202465,0.348249991202465,-6.82802419760264e-05,-0.620375514030457,1.00798540147167e-06,278528
6966,1,0.348299991201202,0.348299991201202,-5.5208529374795e-05,-0.618820905685425,1.00522497507267e-06,278528
6967,1,0.348349991199939,0.348349991199939,-4.28837738581933e-05,-0.616644322872162,1.00308078643393e-06,278528
6968,1,0.348399991198676,0.348399991198676,-2.83181507256813e-05,-0.616333425045013,1.00166487893341e-06,278528
6969,1,0.348449991197413,0.348449991197413,-1.5993397028069e-05,-0.61415696144104,1.00086520910221e-06,278528
6970,1,0.348499991196149,0.348499991196149,-8.05310833129624e-07,-0.611980378627777,1.00082494356157e-06,278528
6971,1,0.348549991194886,0.348549991194886,1.10214759843075e-05,-0.610425770282745,1.00137601734686e-06,278528
6972,1,0.348599991193623,0.348599991193623,2.47156513069058e-05,-0.609182059764862,1.00261179988099e-06,278528
6973,1,0.34864999119236,0.34864999119236,3.64179468306247e-05,-0.606383681297302,1.00443269717652e-06,278528
6974,1,0.348699991191097,0.348699991191097,5.18550114065874e-05,-0.603896200656891,1.00702544768135e-06,278528
6975,1,0.348749991189834,0.348749991189834,6.53002061881125e-05,-0.602652490139008,1.01029045790828e-06,278528
6976,1,0.348799991188571,0.348799991188571,7.71269915276207e-05,-0.600475966930389,1.01414680738724e-06,278528
6977,1,0.348849991187308,0.348849991187308,9.00742088560946e-05,-0.597366690635681,1.01865051771627e-06,278528
6978,1,0.348899991186045,0.348899991186045,0.00010314591054339,-0.596433877944946,1.02380781311316e-06,278528
6979,1,0.348949991184782,0.348949991184782,0.000117213581688702,-0.593013644218445,1.02966849204954e-06,278528
6980,1,0.348999991183518,0.348999991183518,0.000129538326291367,-0.590837121009827,1.03614540820048e-06,278528
6981,1,0.349049991182255,0.349049991182255,0.000141365133458748,-0.588660657405853,1.04321366469486e-06,278528
6982,1,0.349099991180992,0.349099991180992,0.000155183777678758,-0.585862219333649,1.05097285338279e-06,278528
6983,1,0.349149991179729,0.349149991179729,0.000169375925906934,-0.583685755729675,1.05944164946419e-06,278528
6984,1,0.349199991178466,0.349199991178466,0.000181451701791957,-0.581198275089264,1.0685142343246e-06,278528
6985,1,0.349249991177203,0.349249991177203,0.000193900952581316,-0.579021811485291,1.07820928170875e-06,278528
6986,1,0.34929999117594,0.34929999117594,0.00020784410298802,-0.574668765068054,1.08860148659562e-06,278528
6987,1,0.349349991174677,0.349349991174677,0.000220417845412157,-0.573735952377319,1.09962237858782e-06,278528
6988,1,0.349399991173414,0.349399991173414,0.000232369115110487,-0.570004820823669,1.11124083404983e-06,278528
6989,1,0.34944999117215,0.34944999117215,0.000242702008108608,-0.567828297615051,1.12337593414871e-06,278528
6990,1,0.349499991170887,0.349499991170887,0.000256022700341418,-0.565029919147491,1.13617706884239e-06,278528
6991,1,0.349549991169624,0.349549991169624,0.000268720934400335,-0.561298727989197,1.14961311522299e-06,278528
6992,1,0.349599991168361,0.349599991168361,0.000279427273198962,-0.55881130695343,1.16358447852999e-06,278528
6993,1,0.349649991167098,0.349649991167098,0.000291378586553037,-0.556323826313019,1.1781534074896e-06,278528
6994,1,0.349699991165835,0.349699991165835,0.000302333908621222,-0.551659882068634,1.19327010253878e-06,278528
6995,1,0.349749991164572,0.349749991164572,0.000313164753606543,-0.550105214118958,1.20892833982355e-06,278528
6996,1,0.349799991163309,0.349799991163309,0.000326236477121711,-0.546374082565308,1.22524016326756e-06,278528
6997,1,0.349849991162046,0.349849991162046,0.000336693832650781,-0.542642891407013,1.24207485447482e-06,278528
6998,1,0.349899991160783,0.349899991160783,0.000347151217283681,-0.539222657680511,1.25943241490051e-06,278528
6999,1,0.349949991159519,0.349949991159519,0.000357359589543194,-0.536424279212952,1.27730039392629e-06,278528
7000,1,0.349999991158256,0.349999991158256,0.000367816945072263,-0.533625900745392,1.29569124071531e-06,278528
7001,1,0.350049991156993,0.350049991156993,0.000378025317331776,-0.53020566701889,1.31459250610441e-06,278528
7002,1,0.35009999115573,0.35009999115573,0.000387113308534026,-0.527096390724182,1.33394817104215e-06,278528
7003,1,0.350149991154467,0.350149991154467,0.000397321680793539,-0.523987054824829,1.35381425457997e-06,278528
7004,1,0.350199991153204,0.350199991153204,0.000407530053053051,-0.520255923271179,1.37419075671787e-06,278528
7005,1,0.350249991151941,0.350249991151941,0.00041624455479905,-0.517457544803619,1.39500298393206e-06,278528
7006,1,0.350299991150678,0.350299991150678,0.000424958998337388,-0.514970123767853,1.41625093331216e-06,278528
7007,1,0.350349991149415,0.350349991149415,0.000433673500083387,-0.511238932609558,1.43793460776855e-06,278528
7008,1,0.350399991148151,0.350399991148151,0.000442512449808419,-0.507507741451263,1.46006022970003e-06,278528
7009,1,0.350449991146888,0.350449991146888,0.000449857499916106,-0.504087507724762,1.48255310412762e-06,278528
7010,1,0.350499991145625,0.350499991145625,0.00045906993909739,-0.501600086688995,1.50550660050264e-06,278528
7011,1,0.350549991144362,0.350549991144362,0.000466664001578465,-0.497557997703552,1.52883979999211e-06,278528
7012,1,0.350599991143099,0.350599991143099,0.000474507018225268,-0.493515908718109,1.55256515030402e-06,278528
7013,1,0.350649991141836,0.350649991141836,0.000480980612337589,-0.491339385509491,1.57661418031337e-06,278528
7014,1,0.350699991140573,0.350699991140573,0.000486831762827933,-0.486986368894577,1.60095576783985e-06,278528
7015,1,0.35074999113931,0.35074999113931,0.000494052364956588,-0.483255207538605,1.62565838546364e-06,278528
7016,1,0.350799991138047,0.350799991138047,0.000501272908877581,-0.480456829071045,1.65072203027436e-06,278528
7017,1,0.350849991136784,0.350849991136784,0.000507248507346958,-0.477347522974014,1.676084455001e-06,278528
7018,1,0.35089999113552,0.35089999113552,0.000512228289153427,-0.474549144506454,1.70169586881167e-06,278528
7019,1,0.350949991134257,0.350949991134257,0.000519324385095388,-0.470196127891541,1.72766208741048e-06,278528
7020,1,0.350999991132994,0.350999991132994,0.000523308059200644,-0.467708677053452,1.75382748970952e-06,278528
7021,1,0.351049991131731,0.351049991131731,0.000528910255525261,-0.463355630636215,1.78027300181771e-06,278528
7022,1,0.351099991130468,0.351099991130468,0.000533640966750681,-0.460246354341507,1.8069550494812e-06,278528
7023,1,0.351149991129205,0.351149991129205,0.000538620632141829,-0.456826090812683,1.83388608040795e-06,278528
7024,1,0.351199991127942,0.351199991127942,0.000541857443749905,-0.45278400182724,1.86097895191103e-06,278528
7025,1,0.351249991126679,0.351249991126679,0.000545218819752336,-0.450607508420944,1.88823989220997e-06,278528
7026,1,0.351299991125416,0.351299991125416,0.000548829033505172,-0.447809129953384,1.915681343192e-06,278528
7027,1,0.351349991124152,0.351349991124152,0.00055281282402575,-0.443767011165619,1.94332198369503e-06,278528
7028,1,0.351399991122889,0.351399991122889,0.000554680183995515,-0.440968632698059,1.97105599219418e-06,278528
7029,1,0.351449991121626,0.351449991121626,0.000557045510504395,-0.438170284032822,1.9989082670158e-06,278528
7030,1,0.351499991120363,0.351499991120363,0.000559410953428596,-0.433506339788437,2.02687881398063e-06,278528
7031,1,0.3515499911191,0.3515499911191,0.000561527267564088,-0.431018888950348,2.05495517664957e-06,278528
7032,1,0.351599991117837,0.351599991117837,0.000561900727916509,-0.427598655223846,2.08305021233565e-06,278528
7033,1,0.351649991116574,0.351649991116574,0.000563021167181432,-0.425422102212906,2.11120126998357e-06,278528
7034,1,0.351699991115311,0.351699991115311,0.000564390618819743,-0.421690970659256,2.13942080021167e-06,278528
7035,1,0.351749991114048,0.351749991114048,0.0005656355060637,-0.419203519821167,2.1677025748004e-06,278528
7036,1,0.351799991112784,0.351799991112784,0.000567253911867738,-0.414850473403931,2.19606526967728e-06,278528
7037,1,0.351849991111521,0.351849991111521,0.000566008966416121,-0.412673979997635,2.22436571728316e-06,278528
7038,1,0.351899991110258,0.351899991110258,0.000565137539524585,-0.409253746271133,2.25262259354556e-06,278528
7039,1,0.351949991108995,0.351949991108995,0.000566008966416121,-0.406144440174103,2.28092304115144e-06,278528
7040,1,0.351999991107732,0.351999991107732,0.00056463957298547,-0.403346031904221,2.30915501908751e-06,278528
7041,1,0.352049991106469,0.352049991106469,0.000563643698114902,-0.402724206447601,2.33733720328131e-06,278528
7042,1,0.352099991105206,0.352099991105206,0.000562274246476591,-0.398371189832687,2.36545091489493e-06,278528
7043,1,0.352149991103943,0.352149991103943,0.000559286447241902,-0.395261853933334,2.39341523655059e-06,278528
7044,1,0.35219999110268,0.35219999110268,0.000557419029064476,-0.393085360527039,2.42128618729973e-06,278528
7045,1,0.352249991101417,0.352249991101417,0.000555676117073745,-0.390286952257156,2.44906999245154e-06,278528
7046,1,0.352299991100153,0.352299991100153,0.000553186284378171,-0.387799561023712,2.47672930597172e-06,278528
7047,1,0.35234999109889,0.35234999109889,0.000550198485143483,-0.384379297494888,2.50423922953393e-06,278528
7048,1,0.352399991097627,0.352399991097627,0.00054745958186686,-0.382513731718063,2.53161220793577e-06,278528
7049,1,0.352449991096364,0.352449991096364,0.000544222828466445,-0.380337208509445,2.55882334867169e-06,278528
7050,1,0.352499991095101,0.352499991095101,0.000540239096153527,-0.377849757671356,2.58583530279698e-06,278528
7051,1,0.352549991093838,0.352549991093838,0.000535259372554719,-0.376606047153473,2.61259827074863e-06,278528
7052,1,0.352599991092575,0.352599991092575,0.000531524536199868,-0.372253030538559,2.63917449688725e-06,278528
7053,1,0.352649991091312,0.352649991091312,0.000527042837347835,-0.371009290218353,2.66552663808893e-06,278528
7054,1,0.352699991090049,0.352699991090049,0.000522561138495803,-0.367899984121323,2.69165469435367e-06,278528
7055,1,0.352749991088785,0.352749991088785,0.000516460975632071,-0.366656243801117,2.71747774248293e-06,278528
7056,1,0.352799991087522,0.352799991087522,0.000512228289153427,-0.364790678024292,2.7430891562936e-06,278528
7057,1,0.352849991086259,0.352849991086259,0.000505132193211466,-0.362925112247467,2.76834576531614e-06,278528
7058,1,0.352899991084996,0.352899991084996,0.000499779009260237,-0.360126703977585,2.79333471514788e-06,278528
7059,1,0.352949991083733,0.352949991083733,0.000493429834023118,-0.35826113820076,2.81800620622578e-06,278528
7060,1,0.35299999108247,0.35299999108247,0.000487578741740435,-0.357328355312347,2.84238514269694e-06,278528
7061,1,0.353049991081207,0.353049991081207,0.000481105118524283,-0.353908121585846,2.86644039801546e-06,278528
7062,1,0.353099991079944,0.353099991079944,0.000474382541142404,-0.352975308895111,2.89015952447339e-06,278528
7063,1,0.353149991078681,0.353149991078681,0.000467286474304274,-0.351731598377228,2.91352384759837e-06,278528
7064,1,0.353199991077418,0.353199991077418,0.000459194445284083,-0.350798815488815,2.93648356928256e-06,278528
7065,1,0.353249991076154,0.353249991076154,0.000452098378445953,-0.34955507516861,2.95908848763381e-06,278528
7066,1,0.353299991074891,0.353299991074891,0.000444379838882014,-0.348000437021255,2.98130747901661e-06,278528
7067,1,0.353349991073628,0.353349991073628,0.000436785776400939,-0.346134871244431,3.00314676728496e-06,278528
7068,1,0.353399991072365,0.353399991072365,0.000428320316132158,-0.344269275665283,3.02456278255055e-06,278528
7069,1,0.353449991071102,0.353449991071102,0.000420477270381525,-0.344891130924225,3.04558664553852e-06,278528
7070,1,0.353499991069839,0.353499991069839,0.000411389337386936,-0.343025535345078,3.06615611188824e-06,278528
7071,1,0.353549991068576,0.353549991068576,0.000402799341827631,-0.340849041938782,3.08629607847084e-06,278528
7072,1,0.353599991067313,0.353599991067313,0.000393960392102599,-0.340538084506989,3.10599409757836e-06,278528
7073,1,0.35364999106605,0.35364999106605,0.000385370396543294,-0.339605331420898,3.12526261691876e-06,278528
7074,1,0.353699991064786,0.353699991064786,0.000375659961719066,-0.338672518730164,3.14404561453021e-06,278528
7075,1,0.353749991063523,0.353749991063523,0.000366074062185362,-0.338672518730164,3.16234931717709e-06,278528
7076,1,0.35379999106226,0.35379999106226,0.000356986129190773,-0.3380506336689,3.18019862318572e-06,278528
7077,1,0.353849991060997,0.353849991060997,0.000347649183822796,-0.336185097694397,3.19758108193774e-06,278528
7078,1,0.353899991059734,0.353899991059734,0.000337316305376589,-0.335563242435455,3.2144468967805e-06,278528
7079,1,0.353949991058471,0.353949991058471,0.000326734414556995,-0.335252285003662,3.23078361709565e-06,278528
7080,1,0.353999991057208,0.353999991057208,0.000317397498292848,-0.335563242435455,3.24665349160939e-06,278528
7081,1,0.354049991055945,0.354049991055945,0.000307562586385757,-0.335563242435455,3.26203162054019e-06,278528
7082,1,0.354099991054682,0.354099991054682,0.000296607235213742,-0.335563242435455,3.27686198192623e-06,278528
7083,1,0.354149991053418,0.354149991053418,0.000285029440419748,-0.335563242435455,3.2911134535872e-06,278528
7084,1,0.354199991052155,0.354199991052155,0.000275692524155602,-0.334941357374191,3.30489807944675e-06,278528
7085,1,0.354249991050892,0.354249991050892,0.000265733135165647,-0.335252285003662,3.31818473586938e-06,278528
7086,1,0.354299991049629,0.354299991049629,0.000252910394920036,-0.335252285003662,3.33083025529593e-06,278528
7087,1,0.354349991048366,0.354349991048366,0.000242453024839051,-0.336185097694397,3.34295290623164e-06,278528
7088,1,0.354399991047103,0.354399991047103,0.000231373196584173,-0.334941357374191,3.3545215657686e-06,278528
7089,1,0.35444999104584,0.35444999104584,0.000220791334868409,-0.335563242435455,3.36556113223313e-06,278528
7090,1,0.354499991044577,0.354499991044577,0.000209462508792058,-0.335252285003662,3.37603425740816e-06,278528
7091,1,0.354549991043314,0.354549991043314,0.000197760222363286,-0.336495995521545,3.38592226827654e-06,278528
7092,1,0.354599991042051,0.354599991042051,0.000185808938113041,-0.3380506336689,3.39521271494749e-06,278528
7093,1,0.354649991040787,0.354649991040787,0.000174604603671469,-0.337117880582809,3.40394294491052e-06,278528
7094,1,0.354699991039524,0.354699991039524,0.000163151300512254,-0.338672518730164,3.41210050973006e-06,278528
7095,1,0.354749991038261,0.354749991038261,0.00015169799735304,-0.339916229248047,3.4196854094061e-06,278528
7096,1,0.354799991036998,0.354799991036998,0.000139622221468017,-0.340538084506989,3.42666652030314e-06,278528
7097,1,0.354849991035735,0.354849991035735,0.000127919935039245,-0.341470897197723,3.43306251689353e-06,278528
7098,1,0.354899991034472,0.354899991034472,0.000115595168608706,-0.341781824827194,3.43884227517795e-06,278528
7099,1,0.354949991033209,0.354949991033209,0.000103892874903977,-0.343025535345078,3.44403691879192e-06,278528
7100,1,0.354999991031946,0.354999991031946,9.194159792969e-05,-0.345823913812637,3.44863399857228e-06,278528
7101,1,0.355049991030683,0.355049991030683,7.97413376858458e-05,-0.345823913812637,3.45262106535585e-06,278528
7102,1,0.355099991029419,0.355099991029419,6.791454507038e-05,-0.347689509391785,3.45601679252358e-06,278528
7103,1,0.355149991028156,0.355149991028156,5.59632644581143e-05,-0.348000437021255,3.4588149556758e-06,278528
7104,1,0.355199991026893,0.355199991026893,4.40119874838274e-05,-0.349866032600403,3.4610155549944e-06,278528
7105,1,0.35524999102563,0.35524999102563,3.23096901411191e-05,-0.351420670747757,3.46263103946065e-06,278528
7106,1,0.355299991024367,0.355299991024367,2.13543535210192e-05,-0.352975308895111,3.46369875710972e-06,278528
7107,1,0.355349991023104,0.355349991023104,8.15814928500913e-06,-0.354529976844788,3.46410666456367e-06,278528
7108,1,0.355399991021841,0.355399991021841,-4.04211550630862e-06,-0.357017397880554,3.46390455879346e-06,278528
7109,1,0.355449991020578,0.355449991020578,-1.68648421094986e-05,-0.358572065830231,3.46306131670929e-06,278528
7110,1,0.355499991019315,0.355499991019315,-2.84426441794494e-05,-0.358882993459702,3.46163918453624e-06,278528
7111,1,0.355549991018052,0.355549991018052,-4.00204444304109e-05,-0.363236039876938,3.45963816236527e-06,278528
7112,1,0.355599991016788,0.355599991016788,-5.18472297699191e-05,-0.364479750394821,3.45704580094226e-06,278528
7113,1,0.355649991015525,0.355649991015525,-6.34250318398699e-05,-0.366034388542175,3.45387454943038e-06,278528
7114,1,0.355699991014262,0.355699991014262,-7.63722564443015e-05,-0.367589056491852,3.45005593670463e-06,278528
7115,1,0.355749991012999,0.355749991012999,-8.745208469918e-05,-0.369454652070999,3.44568333258014e-06,278528
7116,1,0.355799991011736,0.355799991011736,-9.90298867691308e-05,-0.371942073106766,3.44073183836676e-06,278528
7117,1,0.355849991010473,0.355849991010473,-0.000110234206658788,-0.374118596315384,3.43522012817306e-06,278528
7118,1,0.35589999100921,0.35589999100921,-0.000122060999274254,-0.376295119524002,3.42911707836353e-06,278528
7119,1,0.355949991007947,0.355949991007947,-0.000134634727146477,-0.378471612930298,3.42238534217626e-06,278528
7120,1,0.355999991006684,0.355999991006684,-0.000145590078318492,-0.38127002120018,3.41510583844423e-06,278528
7121,1,0.35604999100542,0.35604999100542,-0.0001576658396516,-0.384379297494888,3.4072225466608e-06,278528
7122,1,0.356099991004157,0.356099991004157,-0.00016862120537553,-0.386244863271713,3.39879148660501e-06,278528
7123,1,0.356149991002894,0.356149991002894,-0.000180198985617608,-0.389976054430008,3.38978153755174e-06,278528
7124,1,0.356199991001631,0.356199991001631,-0.000190656370250508,-0.391530692577362,3.38024871928003e-06,278528
7125,1,0.356249991000368,0.356249991000368,-0.000202234150492586,-0.394639998674393,3.37013701201085e-06,278528
7126,1,0.356299990999105,0.356299990999105,-0.000212567043490708,-0.397749304771423,3.35950866010481e-06,278528
7127,1,0.356349990997842,0.356349990997842,-0.000223895840463229,-0.400236755609512,3.34831386836445e-06,278528
7128,1,0.356399990996579,0.356399990996579,-0.000234477716730908,-0.403656989336014,3.33658998282407e-06,278528
7129,1,0.356449990995316,0.356449990995316,-0.000245059578446671,-0.405211627483368,3.32433700421128e-06,278528
7130,1,0.356499990994052,0.356499990994052,-0.000255516933975741,-0.408320933580399,3.31156115783524e-06,278528
7131,1,0.356549990992789,0.356549990992789,-0.000265351845882833,-0.412052124738693,3.29829356587626e-06,278528
7132,1,0.356599990991526,0.356599990991526,-0.000275809230515733,-0.414539575576782,3.28450310469885e-06,278528
7133,1,0.356649990990263,0.356649990990263,-0.000285644113318995,-0.41733792424202,3.2702208993937e-06,278528
7134,1,0.356699990989,0.356699990989,-0.000296101497951895,-0.420758157968521,3.25541582487011e-06,278528
7135,1,0.356749990987737,0.356749990987737,-0.000306185393128544,-0.423556536436081,3.24010655560043e-06,278528
7136,1,0.356799990986474,0.356799990986474,-0.000315522338496521,-0.426665842533112,3.22433043907414e-06,278528
7137,1,0.356849990985211,0.356849990985211,-0.000325730739859864,-0.430397003889084,3.20804390249258e-06,278528
7138,1,0.356899990983948,0.356899990983948,-0.000334943179041147,-0.432884454727173,3.19129674396359e-06,278528
7139,1,0.356949990982685,0.356949990982685,-0.000343906605849043,-0.435682833194733,3.17410141410553e-06,278528
7140,1,0.356999990981421,0.356999990981421,-0.000352870090864599,-0.439413994550705,3.15645791000801e-06,278528
7141,1,0.357049990980158,0.357049990980158,-0.000361584534402937,-0.443767011165619,3.13837868374459e-06,278528
7142,1,0.357099990978895,0.357099990978895,-0.000371045956853777,-0.445943534374237,3.11982638637057e-06,278528
7143,1,0.357149990977632,0.357149990977632,-0.000378764496417716,-0.448120057582855,3.1008881620281e-06,278528
7144,1,0.357199990976369,0.357199990976369,-0.000387105537811294,-0.452473074197769,3.08153288562649e-06,278528
7145,1,0.357249990975106,0.357249990975106,-0.000395819981349632,-0.456826090812683,3.06174188705897e-06,278528
7146,1,0.357299990973843,0.357299990973843,-0.00040316506056115,-0.459002614021301,3.04158363454016e-06,278528
7147,1,0.35734999097258,0.35734999097258,-0.000412128487369046,-0.462733805179596,3.02097721069227e-06,278528
7148,1,0.357399990971317,0.357399990971317,-0.000418477633502334,-0.466775894165039,3.00005332954573e-06,278528
7149,1,0.357449990970053,0.357449990970053,-0.000426196173066273,-0.469885170459747,2.97874352143075e-06,278528
7150,1,0.35749999096879,0.35749999096879,-0.000435159628977999,-0.47361633181572,2.9569855405315e-06,278528
7151,1,0.357549990967527,0.357549990967527,-0.000441384239820763,-0.475481927394867,2.93491632909798e-06,278528
7152,1,0.357599990966264,0.357599990966264,-0.000448480306658894,-0.480456829071045,2.91249231433151e-06,278528
7153,1,0.357649990965001,0.357649990965001,-0.000455327419331297,-0.482633322477341,2.88972594394007e-06,278528
7154,1,0.357699990963738,0.357699990963738,-0.000461676507256925,-0.487297296524048,2.86664211916037e-06,278528
7155,1,0.357749990962475,0.357749990962475,-0.000467776641016826,-0.489473819732666,2.84325328770038e-06,278528
7156,1,0.357799990961212,0.357799990961212,-0.000474125758046284,-0.493515908718109,2.81954700039694e-06,278528
7157,1,0.357849990959949,0.357849990959949,-0.000479727925267071,-0.496314287185669,2.79556060473954e-06,278528
7158,1,0.357899990958686,0.357899990958686,-0.000485703552840278,-0.500667333602905,2.77127542771102e-06,278528
7159,1,0.357949990957422,0.357949990957422,-0.000491679180413485,-0.503776609897614,2.74669146931139e-06,278528
7160,1,0.357999990956159,0.357999990956159,-0.000496658904012293,-0.506885886192322,2.7218585247381e-06,278528
7161,1,0.358049990954896,0.358049990954896,-0.000501140661071986,-0.510306119918823,2.6968014923175e-06,278528
7162,1,0.358099990953633,0.358099990953633,-0.000505373405758291,-0.514037311077118,2.67153282266792e-06,278528
7163,1,0.35814999095237,0.35814999095237,-0.00050973059842363,-0.517768502235413,2.64604629339059e-06,278528
7164,1,0.358199990951107,0.358199990951107,-0.00051446130964905,-0.519944965839386,2.62032322855795e-06,278528
7165,1,0.358249990949844,0.358249990949844,-0.000518196146003902,-0.524608910083771,2.5944134219123e-06,278528
7166,1,0.358299990948581,0.358299990948581,-0.000522802351042628,-0.526163578033447,2.56827330502052e-06,278528
7167,1,0.358349990947318,0.358349990947318,-0.000526288116816431,-0.529583811759949,2.54195889984446e-06,278528
7168,1,0.358399990946054,0.358399990946054,-0.000528653443325311,-0.533625900745392,2.51552622834593e-06,278528
7169,1,0.358449990944791,0.358449990944791,-0.00053263729205355,-0.536735236644745,2.48889436441603e-06,278528
7170,1,0.358499990943528,0.358499990943528,-0.000535127124749124,-0.539533615112305,2.4621380088545e-06,278528
7171,1,0.358549990942265,0.358549990942265,-0.000536122999619693,-0.542021036148071,2.4353318595507e-06,278528
7172,1,0.358599990941002,0.358599990941002,-0.000539359811227769,-0.545441269874573,2.40836386967058e-06,278528
7173,1,0.358649990939739,0.358649990939739,-0.000541351735591888,-0.548550605773926,2.38129628357477e-06,278528
7174,1,0.358699990938476,0.358699990938476,-0.00054446398280561,-0.552592694759369,2.3540730851222e-06,278528
7175,1,0.358749990937213,0.358749990937213,-0.000545335467904806,-0.555080115795135,2.32680631241578e-06,278528
7176,1,0.35879999093595,0.35879999093595,-0.000544712995178998,-0.557878494262695,2.29957066334486e-06,278528
7177,1,0.358849990934687,0.358849990934687,-0.000547451840247959,-0.560365915298462,2.27219807202395e-06,278528
7178,1,0.358899990933423,0.358899990933423,-0.000547327392268926,-0.564097106456757,2.24483170310184e-06,278528
7179,1,0.35894999093216,0.35894999093216,-0.000548572279512882,-0.566895484924316,2.2174030898191e-06,278528
7180,1,0.358999990930897,0.358999990930897,-0.000547451840247959,-0.569382905960083,2.19003049849819e-06,278528
7181,1,0.359049990929634,0.359049990929634,-0.000546953873708844,-0.571248531341553,2.16268280550361e-06,278528
7182,1,0.359099990928371,0.359099990928371,-0.000546953873708844,-0.574979722499847,2.13533511250903e-06,278528
7183,1,0.359149990927108,0.359149990927108,-0.000546829425729811,-0.577467083930969,2.10799364191324e-06,278528
7184,1,0.359199990925845,0.359199990925845,-0.000545957940630615,-0.580576419830322,2.08069574557131e-06,278528
7185,1,0.359249990924582,0.359249990924582,-0.000544588488992304,-0.58275294303894,2.05346632180957e-06,278528
7186,1,0.359299990923319,0.359299990923319,-0.00054346804972738,-0.585240364074707,2.02629292000966e-06,278528
7187,1,0.359349990922055,0.359349990922055,-0.000541974150110036,-0.588038802146912,1.99919421318873e-06,278528
7188,1,0.359399990920792,0.359399990920792,-0.000539982283953577,-0.591769933700562,1.97219509967311e-06,278528
7189,1,0.359449990919529,0.359449990919529,-0.000536870036739856,-0.592702746391296,1.94535159851424e-06,278528
7190,1,0.359499990918266,0.359499990918266,-0.000534629100002348,-0.594257354736328,1.91862014418941e-06,278528
7191,1,0.359549990917003,0.359549990917003,-0.00053164130076766,-0.597055733203888,1.89203807982255e-06,278528
7192,1,0.35959999091574,0.35959999091574,-0.000528777949512005,-0.598299443721771,1.86559918301485e-06,278528
7193,1,0.359649990914477,0.359649990914477,-0.000525167677551508,-0.601097881793976,1.83934079980062e-06,278528
7194,1,0.359699990913214,0.359699990913214,-0.00052118394523859,-0.603896200656891,1.813281603197e-06,278528
7195,1,0.359749990911951,0.359749990911951,-0.000516951200552285,-0.605761826038361,1.78743404382235e-06,278528
7196,1,0.359799990910687,0.359799990910687,-0.000512594007886946,-0.607938289642334,1.76180434407546e-06,278528
7197,1,0.359849990909424,0.359849990909424,-0.000508485711179674,-0.609803915023804,1.73638005915875e-06,278528
7198,1,0.359899990908161,0.359899990908161,-0.000503879506140947,-0.611669480800629,1.71118608448816e-06,278528
7199,1,0.359949990906898,0.359949990906898,-0.000499522255267948,-0.612913191318512,1.68620997235571e-06,278528
7200,1,0.359999990905635,0.359999990905635,-0.000493795552756637,-0.61508971452713,1.66152019534159e-06,278528
7201,1,0.360049990904372,0.360049990904372,-0.000488442368805408,-0.616644322872162,1.63709807751828e-06,278528
7202,1,0.360099990903109,0.360099990903109,-0.000482466770336032,-0.61788809299469,1.61297473961088e-06,278528
7203,1,0.360149990901846,0.360149990901846,-0.000477611552923918,-0.619131803512573,1.58909416256796e-06,278528
7204,1,0.360199990900583,0.360199990900583,-0.000469768536277115,-0.62161922454834,1.56560573634747e-06,278528
7205,1,0.36024999089932,0.36024999089932,-0.000462921452708542,-0.623173892498016,1.54245966429676e-06,278528
7206,1,0.360299990898056,0.360299990898056,-0.000456945796031505,-0.623795747756958,1.51961237507236e-06,278528
7207,1,0.360349990896793,0.360349990896793,-0.000449725223006681,-0.625039458274841,1.49712611449008e-06,278528
7208,1,0.36039999089553,0.36039999089553,-0.000441882206359878,-0.625972270965576,1.47503200473023e-06,278528
7209,1,0.360449990894267,0.360449990894267,-0.00043453715625219,-0.627526938915253,1.45330514746648e-06,278528
7210,1,0.360499990893004,0.360499990893004,-0.000427565566496924,-0.628770649433136,1.4319268696817e-06,278528
7211,1,0.360549990891741,0.360549990891741,-0.000419722549850121,-0.628459751605988,1.41094074271935e-06,278528
7212,1,0.360599990890478,0.360599990890478,-0.000410634587751701,-0.630325317382813,1.39040901385044e-06,278528
7213,1,0.360649990889215,0.360649990889215,-0.000402667064918205,-0.630636215209961,1.37027566111314e-06,278528
7214,1,0.360699990887952,0.360699990887952,-0.000393579131923616,-0.630325317382813,1.35059670501409e-06,278528
7215,1,0.360749990886688,0.360749990886688,-0.000385362625820562,-0.632190942764282,1.33132857420982e-06,278528
7216,1,0.360799990885425,0.360799990885425,-0.000375901174265891,-0.633434653282166,1.31253351597132e-06,278528
7217,1,0.360849990884162,0.360849990884162,-0.000366439751815051,-0.634056448936462,1.29421152884342e-06,278528
7218,1,0.360899990882899,0.360899990882899,-0.000356480362825096,-0.634678363800049,1.27638751115244e-06,278528
7219,1,0.360949990881636,0.360949990881636,-0.00034751690691337,-0.634367406368256,1.25901166624572e-06,278528
7220,1,0.360999990880373,0.360999990880373,-0.000338304467732087,-0.634678363800049,1.24209644328643e-06,278528
7221,1,0.36104999087911,0.36104999087911,-0.00032697562710382,-0.634989261627197,1.22574766234425e-06,278528
7222,1,0.361099990877847,0.361099990877847,-0.000317638681735843,-0.634989261627197,1.20986572865867e-06,278528
7223,1,0.361149990876584,0.361149990876584,-0.00030705682002008,-0.63530021905899,1.19451288804551e-06,278528
7224,1,0.361199990875321,0.361199990875321,-0.000295105564873666,-0.634367406368256,1.17975761017458e-06,278528
7225,1,0.361249990874057,0.361249990874057,-0.000284772657323629,-0.634367406368256,1.16551897766809e-06,278528
7226,1,0.361299990872794,0.361299990872794,-0.000273817364359275,-0.634367406368256,1.15182810979599e-06,278528
7227,1,0.361349990871531,0.361349990871531,-0.000262861984083429,-0.634678363800049,1.13868501092384e-06,278528
7228,1,0.361399990870268,0.361399990870268,-0.000251284189289436,-0.634367406368256,1.12612080177677e-06,278528
7229,1,0.361449990869005,0.361449990869005,-0.000239332934143022,-0.633434653282166,1.11415415537192e-06,278528
7230,1,0.361499990867742,0.361499990867742,-0.000228128599701449,-0.633123636245728,1.102747725675e-06,278528
7231,1,0.361549990866479,0.361549990866479,-0.000217920212890022,-0.633123636245728,1.09185171530575e-06,278528
7232,1,0.361599990865216,0.361599990865216,-0.000204599520657212,-0.631879925727844,1.08162173953132e-06,278528
7233,1,0.361649990863953,0.361649990863953,-0.000192772742593661,-0.630947172641754,1.07198310264513e-06,278528
7234,1,0.361699990862689,0.361699990862689,-0.000179452035808936,-0.629703462123871,1.06301050108135e-06,278528
7235,1,0.361749990861426,0.361749990861426,-0.000167002785019577,-0.628770649433136,1.05466036204132e-06,278528
7236,1,0.361799990860163,0.361799990860163,-0.000155673958943225,-0.628148853778839,1.04687666429079e-06,278528
7237,1,0.3618499908589,0.3618499908589,-0.000142602264531888,-0.628148853778839,1.03974655124431e-06,278528
7238,1,0.361899990857637,0.361899990857637,-0.000129655032651499,-0.625039458274841,1.03326379977551e-06,278528
7239,1,0.361949990856374,0.361949990856374,-0.000116832314233761,-0.625350415706635,1.02742218421139e-06,278528
7240,1,0.361999990855111,0.361999990855111,-0.000104009588540066,-0.623795747756958,1.02222170491576e-06,278528
7241,1,0.362049990853848,0.362049990853848,-9.06888817553408e-05,-0.623173892498016,1.01768726094254e-06,278528
7242,1,0.362099990852585,0.362099990852585,-7.81151538831182e-05,-0.620997369289398,1.01378150334706e-06,278528
7243,1,0.362149990851321,0.362149990851321,-6.47944543743506e-05,-0.619753658771515,1.01054178071018e-06,278528
7244,1,0.362199990850058,0.362199990850058,-5.19717250426766e-05,-0.618509948253632,1.00794319452369e-06,278528
7245,1,0.362249990848795,0.362249990848795,-3.91489993489813e-05,-0.617266237735748,1.00598574460569e-06,278528
7246,1,0.362299990847532,0.362299990847532,-2.52058380283415e-05,-0.614778816699982,1.00472545273611e-06,278528
7247,1,0.362349990846269,0.362349990846269,-1.25076057884144e-05,-0.613846004009247,1.00410007246249e-06,278528
7248,1,0.362399990845006,0.362399990845006,1.06207653516321e-06,-0.610736668109894,1.00415317628791e-06,278528
7249,1,0.362449990843743,0.362449990843743,1.37603101393324e-05,-0.610114812850952,1.00484119177749e-06,278528
7250,1,0.36249999084248,0.36249999084248,2.64585451077437e-05,-0.607316434383392,1.00616411899946e-06,278528
7251,1,0.362549990841217,0.362549990841217,4.2144598410232e-05,-0.605450868606567,1.00827134886674e-06,278528
7252,1,0.362599990839954,0.362599990839954,5.4344862292055e-05,-0.604207158088684,1.0109885919127e-06,278528
7253,1,0.36264999083869,0.36264999083869,6.80390367051587e-05,-0.601719737052917,1.01439054366202e-06,278528
7254,1,0.362699990837427,0.362699990837427,8.03637958597392e-05,-0.600165069103241,1.0184087333535e-06,278528
7255,1,0.362749990836164,0.362749990836164,9.30620299186558e-05,-0.597055733203888,1.02306183473188e-06,278528
7256,1,0.362799990834901,0.362799990834901,0.000106631712696981,-0.595190167427063,1.02839342023204e-06,278528
7257,1,0.362849990833638,0.362849990833638,0.000120076903840527,-0.592080891132355,1.0343972652724e-06,278528
7258,1,0.362899990832375,0.362899990832375,0.000133024106617086,-0.590526163578033,1.04104847043523e-06,278528
7259,1,0.362949990831112,0.362949990831112,0.000146220321767032,-0.588660657405853,1.04835948633889e-06,278528
7260,1,0.362999990829849,0.362999990829849,0.000159541028551757,-0.585240364074707,1.05633653756496e-06,278528
7261,1,0.363049990828586,0.363049990828586,0.000171492298250087,-0.583374798297882,1.06491115226085e-06,278528
7262,1,0.363099990827322,0.363099990827322,0.000184439515578561,-0.580576419830322,1.07413312780681e-06,278528
7263,1,0.363149990826059,0.363149990826059,0.000197635730728507,-0.577467083930969,1.0840149140936e-06,278528
7264,1,0.363199990824796,0.363199990824796,0.000211827864404768,-0.574668765068054,1.09460630704628e-06,278528
7265,1,0.363249990823533,0.363249990823533,0.000222907692659646,-0.572492241859436,1.10575169139771e-06,278528
7266,1,0.36329999082227,0.36329999082227,0.000235232466366142,-0.568761050701141,1.11751331441889e-06,278528
7267,1,0.363349990821007,0.363349990821007,0.000247557210968807,-0.566584587097168,1.12989117465464e-06,278528
7268,1,0.363399990819744,0.363399990819744,0.000259135005762801,-0.563786149024963,1.14284792461547e-06,278528
7269,1,0.363449990818481,0.363449990818481,0.000270463817287236,-0.56160968542099,1.1563711151382e-06,278528
7270,1,0.363499990817218,0.363499990817218,0.000283162051346153,-0.558500349521637,1.17052921734785e-06,278528
7271,1,0.363549990815955,0.363549990815955,0.000295113335596398,-0.555391073226929,1.18528488375491e-06,278528
7272,1,0.363599990814691,0.363599990814691,0.000305819703498855,-0.551970839500427,1.20057586854357e-06,278528
7273,1,0.363649990813428,0.363649990813428,0.000317895464831963,-0.547928750514984,1.21647064138363e-06,278528
7274,1,0.363699990812165,0.363699990812165,0.000327979360008612,-0.546063125133514,1.23286960896979e-06,278528
7275,1,0.363749990810902,0.363749990810902,0.000338810204993933,-0.542642891407013,1.24981011879153e-06,278528
7276,1,0.363799990809639,0.363799990809639,0.000349765556165949,-0.539533615112305,1.26729839615804e-06,278528
7277,1,0.363849990808376,0.363849990808376,0.000361592334229499,-0.536113381385803,1.28537801241278e-06,278528
7278,1,0.363899990807113,0.363899990807113,0.000371178262867033,-0.534558713436127,1.3039369250873e-06,278528
7279,1,0.36394999080585,0.36394999080585,0.00038151114131324,-0.529894769191742,1.32301248167107e-06,278528
7280,1,0.363999990804587,0.363999990804587,0.000391346053220332,-0.528029203414917,1.34257978383777e-06,278528
7281,1,0.364049990803323,0.364049990803323,0.000401305442210287,-0.522743344306946,1.3626450554414e-06,278528
7282,1,0.36409999080206,0.36409999080206,0.000410766864661127,-0.519944965839386,1.38318339815561e-06,278528
7283,1,0.364149990800797,0.364149990800797,0.000419730320572853,-0.516835689544678,1.40416991365409e-06,278528
7284,1,0.364199990799534,0.364199990799534,0.000428818311775103,-0.512482643127441,1.4256108287012e-06,278528
7285,1,0.364249990798271,0.364249990798271,0.000436661299318075,-0.509684264659882,1.44744389311556e-06,278528
7286,1,0.364299990797008,0.364299990797008,0.000445998244686052,-0.507196843624115,1.46974380478652e-06,278528
7287,1,0.364349990795745,0.364349990795745,0.000454837194411084,-0.502843797206879,1.49248566393256e-06,278528
7288,1,0.364399990794482,0.364399990794482,0.000461061805253848,-0.500667333602905,1.51553875361288e-06,278528
7289,1,0.364449990793219,0.364449990793219,0.000469776306999847,-0.496003359556198,1.5390275683695e-06,278528
7290,1,0.364499990791955,0.364499990791955,0.000476996880024672,-0.493515908718109,1.56287741176824e-06,278528
7291,1,0.364549990790692,0.364549990790692,0.000484839925775304,-0.490717500448227,1.5871194074446e-06,278528
7292,1,0.364599990789429,0.364599990789429,0.000491811486426741,-0.486053556203842,1.61170998114472e-06,278528
7293,1,0.364649990788166,0.364649990788166,0.000497787084896117,-0.483877062797546,1.63659933476077e-06,278528
7294,1,0.364699990786903,0.364699990786903,0.000503513729199767,-0.480456829071045,1.66177502058477e-06,278528
7295,1,0.36474999078564,0.36474999078564,0.000509862904436886,-0.477036565542221,1.6872681651626e-06,278528
7296,1,0.364799990784377,0.364799990784377,0.000515216088388115,-0.474549144506454,1.71302896893123e-06,278528
7297,1,0.364849990783114,0.364849990783114,0.000520942732691765,-0.470196127891541,1.73907610490782e-06,278528
7298,1,0.364899990781851,0.364899990781851,0.000526171352248639,-0.466775894165039,1.76538467185564e-06,278528
7299,1,0.364949990780588,0.364949990780588,0.000531026627868414,-0.463977485895157,1.79193600257832e-06,278528
7300,1,0.364999990779324,0.364999990779324,0.000535757280886173,-0.459002614021301,1.81872386594591e-06,278528
7301,1,0.365049990778061,0.365049990778061,0.000539865577593446,-0.455893307924271,1.84571714414367e-06,278528
7302,1,0.365099990776798,0.365099990776798,0.000543351343367249,-0.453094959259033,1.87288471062572e-06,278528
7303,1,0.365149990775535,0.365149990775535,0.000547833100426942,-0.44998562335968,1.9002763649551e-06,278528
7304,1,0.365199990774272,0.365199990774272,0.000550447381101549,-0.445943534374237,1.9277987333149e-06,278528
7305,1,0.365249990773009,0.365249990773009,0.00055380875710398,-0.442523330450058,1.95548917047058e-06,278528
7306,1,0.365299990771746,0.365299990771746,0.000556547602172941,-0.439413994550705,1.98331654987625e-06,278528
7307,1,0.365349990770483,0.365349990770483,0.000558663974516094,-0.437237471342087,2.0112497478964e-06,278528
7308,1,0.36539999076922,0.36539999076922,0.000561900727916509,-0.433817237615585,2.03934478358249e-06,278528
7309,1,0.365449990767956,0.365449990767956,0.000562647706829011,-0.430086076259613,2.06747716821325e-06,278528
7310,1,0.365499990766693,0.365499990766693,0.000565760012250394,-0.427598655223846,2.09576516811116e-06,278528
7311,1,0.36554999076543,0.36554999076543,0.000566008966416121,-0.423867464065552,2.12406561571704e-06,278528
7312,1,0.365599990764167,0.365599990764167,0.000566506991162896,-0.419825375080109,2.15239096455962e-06,278528
7313,1,0.365649990762904,0.365649990762904,0.000567876442801207,-0.418270707130432,2.18078478598239e-06,278528
7314,1,0.365699990761641,0.365699990761641,0.00056663149734959,-0.415161430835724,2.20911636013416e-06,278528
7315,1,0.365749990760378,0.365749990760378,0.000567378418054432,-0.412673979997635,2.23748528032022e-06,278528
7316,1,0.365799990759115,0.365799990759115,0.000566382484976202,-0.408942818641663,2.26580440385363e-06,278528
7317,1,0.365849990757852,0.365849990757852,0.000566506991162896,-0.406455367803574,2.29412975269622e-06,278528
7318,1,0.365899990756589,0.365899990756589,0.000564266112633049,-0.403035134077072,2.32234305761514e-06,278528
7319,1,0.365949990755325,0.365949990755325,0.000563768146093935,-0.400547683238983,2.35053146420774e-06,278528
7320,1,0.365999990754062,0.365999990754062,0.000562523200642318,-0.396194666624069,2.37865762352933e-06,278528
7321,1,0.366049990752799,0.366049990752799,0.000560157815925777,-0.395261853933334,2.40666551361808e-06,278528
7322,1,0.366099990751536,0.366099990751536,0.000558166007976979,-0.392463505268097,2.4345738133119e-06,278528
7323,1,0.366149990750273,0.366149990750273,0.000556174083612859,-0.389043271541595,2.46238251679004e-06,278528
7324,1,0.36619999074901,0.36619999074901,0.000553559802938253,-0.387177675962448,2.49006050623775e-06,278528
7325,1,0.366249990747747,0.366249990747747,0.000550198485143483,-0.383446514606476,2.51757042979996e-06,278528
7326,1,0.366299990746484,0.366299990746484,0.000546339200809598,-0.380648136138916,2.54488738915036e-06,278528
7327,1,0.366349990745221,0.366349990745221,0.000543475907761604,-0.379404425621033,2.57206118385197e-06,278528
7328,1,0.366399990743957,0.366399990743957,0.000539367669261992,-0.377227872610092,2.59902956663379e-06,278528
7329,1,0.366449990742694,0.366449990742694,0.000535259372554719,-0.375051379203796,2.62579253458544e-06,278528
7330,1,0.366499990741431,0.366499990741431,0.000532520527485758,-0.372874885797501,2.65241856028709e-06,278528
7331,1,0.366549990740168,0.366549990740168,0.000526918331161141,-0.370076507329941,2.6787644761796e-06,278528
7332,1,0.366599990738905,0.366599990738905,0.000522063113749027,-0.367278128862381,2.70486763120763e-06,278528
7333,1,0.366649990737642,0.366649990737642,0.000516958942171186,-0.366034388542175,2.73071557766321e-06,278528
7334,1,0.366699990736379,0.366699990736379,0.000511232297867537,-0.36385789513588,2.75627719191085e-06,278528
7335,1,0.366749990735116,0.366749990735116,0.00050525669939816,-0.362303256988525,2.78154002624256e-06,278528
7336,1,0.366799990733853,0.366799990733853,0.000499032030347735,-0.359815806150436,2.80649162712962e-06,278528
7337,1,0.36684999073259,0.36684999073259,0.000493927858769894,-0.358572065830231,2.83118801944423e-06,278528
7338,1,0.366899990731326,0.366899990731326,0.000487080775201321,-0.356706500053406,2.85554205758906e-06,278528
7339,1,0.366949990730063,0.366949990730063,0.000480109185446054,-0.354529976844788,2.87954751625494e-06,278528
7340,1,0.3669999907288,0.3669999907288,0.000472266168799251,-0.353597164154053,2.90316082409838e-06,278528
7341,1,0.367049990727537,0.367049990727537,0.000466041528852656,-0.351731598377228,2.92646289995235e-06,278528
7342,1,0.367099990726274,0.367099990726274,0.000459318951470777,-0.350798815488815,2.94942884694572e-06,278528
7343,1,0.367149990725011,0.367149990725011,0.000451600411906838,-0.34862232208252,2.97200886697064e-06,278528
7344,1,0.367199990723748,0.367199990723748,0.000443383905803785,-0.347067624330521,2.99417806170079e-06,278528
7345,1,0.367249990722485,0.367249990722485,0.000435540860053152,-0.345512986183167,3.01595510415331e-06,278528
7346,1,0.367299990721222,0.367299990721222,0.000428444793215021,-0.345202058553696,3.03737734327289e-06,278528
7347,1,0.367349990719958,0.367349990719958,0.000419107847847044,-0.342714637517929,3.05833273513587e-06,278528
7348,1,0.367399990718695,0.367399990718695,0.000410393404308707,-0.342092782258987,3.07885240483293e-06,278528
7349,1,0.367449990717432,0.367449990717432,0.00040242588147521,-0.341159969568253,3.09897369839839e-06,278528
7350,1,0.367499990716169,0.367499990716169,0.000393586902646348,-0.340538084506989,3.11865304303356e-06,278528
7351,1,0.367549990714906,0.367549990714906,0.000384747923817486,-0.340538084506989,3.13789043873846e-06,278528
7352,1,0.367599990713643,0.367599990713643,0.00037678043008782,-0.338983446359634,3.15672945976694e-06,278528
7353,1,0.36764999071238,0.36764999071238,0.000366198568372056,-0.3380506336689,3.17503938772299e-06,278528
7354,1,0.367699990711117,0.367699990711117,0.000356114673195407,-0.336806952953339,3.19284512093295e-06,278528
7355,1,0.367749990709854,0.367749990709854,0.00034677772782743,-0.336185097694397,3.21018400688631e-06,278528
7356,1,0.36779999070859,0.36779999070859,0.000335946853738278,-0.336806952953339,3.22698134914888e-06,278528
7357,1,0.367849990707327,0.367849990707327,0.000326236477121711,-0.335252285003662,3.2432931725929e-06,278528
7358,1,0.367899990706064,0.367899990706064,0.000316028075758368,-0.335563242435455,3.25909457598164e-06,278528
7359,1,0.367949990704801,0.367949990704801,0.000305072753690183,-0.335874140262604,3.27434821328081e-06,278528
7360,1,0.367999990703538,0.367999990703538,0.000294615369057283,-0.335563242435455,3.28907898136154e-06,278528
7361,1,0.368049990702275,0.368049990702275,0.00028440696769394,-0.335252285003662,3.303299329387e-06,278528
7362,1,0.368099990701012,0.368099990701012,0.000273078185273334,-0.335252285003662,3.31695323830574e-06,278528
7363,1,0.368149990699749,0.368149990699749,0.000261749373748899,-0.334941357374191,3.33004070666257e-06,278528
7364,1,0.368199990698486,0.368199990698486,0.000251789955655113,-0.335252285003662,3.34263020412729e-06,278528
7365,1,0.368249990697223,0.368249990697223,0.00023971417977009,-0.335563242435455,3.35461591281301e-06,278528
7366,1,0.368299990695959,0.368299990695959,0.000229381315875798,-0.336185097694397,3.36608497831707e-06,278528
7367,1,0.368349990694696,0.368349990694696,0.000219172914512455,-0.336185097694397,3.37704362376585e-06,278528
7368,1,0.368399990693433,0.368399990693433,0.000206350203370675,-0.336185097694397,3.38736113367374e-06,278528
7369,1,0.36844999069217,0.36844999069217,0.000195768341654912,-0.336806952953339,3.39714955050921e-06,278528
7370,1,0.368499990690907,0.368499990690907,0.000182821109774522,-0.337117880582809,3.40629060576702e-06,278528
7371,1,0.368549990689644,0.368549990689644,0.000171990279341117,-0.337428778409958,3.41489011951683e-06,278528
7372,1,0.368599990688381,0.368599990688381,0.000159541028551757,-0.337739735841751,3.4228671707429e-06,278528
7373,1,0.368649990687118,0.368649990687118,0.000147465252666734,-0.339916229248047,3.43024043318997e-06,278528
7374,1,0.368699990685855,0.368699990685855,0.0001378793240292,-0.34022718667984,3.43713439921728e-06,278528
7375,1,0.368749990684591,0.368749990684591,0.000126675004139543,-0.341159969568253,3.44346814926425e-06,278528
7376,1,0.368799990683328,0.368799990683328,0.000112607354822103,-0.342403680086136,3.44909851686312e-06,278528
7377,1,0.368849990682065,0.368849990682065,0.000100905053841416,-0.344580173492432,3.45414376942774e-06,278528
7378,1,0.368899990680802,0.368899990680802,8.9700726675801e-05,-0.344891130924225,3.45862880564823e-06,278528
7379,1,0.368949990679539,0.368949990679539,7.66290177125484e-05,-0.345823913812637,3.46246025643706e-06,278528
7380,1,0.368999990678276,0.368999990678276,6.44287574687041e-05,-0.347067624330521,3.46568169422912e-06,278528
7381,1,0.369049990677013,0.369049990677013,5.30999386683106e-05,-0.34862232208252,3.46833669109546e-06,278528
7382,1,0.36909999067575,0.36909999067575,4.00282260670792e-05,-0.349866032600403,3.47033810234826e-06,278528
7383,1,0.369149990674487,0.369149990674487,2.88239025394432e-05,-0.351420670747757,3.47177929743882e-06,278528
7384,1,0.369199990673224,0.369199990673224,1.68726219271775e-05,-0.353597164154053,3.47262292851387e-06,278528
7385,1,0.36924999067196,0.36924999067196,4.54786595582846e-06,-0.355151861906052,3.47285032180591e-06,278528
7386,1,0.369299990670697,0.369299990670697,-7.02993520462769e-06,-0.357017397880554,3.47249882505456e-06,278528
7387,1,0.369349990669434,0.369349990669434,-1.87322293641046e-05,-0.358572065830231,3.47156221361002e-06,278528
7388,1,0.369399990668171,0.369399990668171,-3.1803941965336e-05,-0.360126703977585,3.46997201655192e-06,278528
7389,1,0.369449990666908,0.369449990666908,-4.26347869506571e-05,-0.361681401729584,3.46784027725824e-06,278528
7390,1,0.369499990665645,0.369499990665645,-5.50840377400164e-05,-0.364479750394821,3.46508607544082e-06,278528
7391,1,0.369549990664382,0.369549990664382,-6.69108267175034e-05,-0.366656243801117,3.46174053418946e-06,278528
7392,1,0.369599990663119,0.369599990663119,-7.83641298767179e-05,-0.369454652070999,3.45782232779461e-06,278528
7393,1,0.369649990661856,0.369649990661856,-9.10623639356345e-05,-0.371320217847824,3.45326920971285e-06,278528
7394,1,0.369699990660592,0.369699990660592,-0.000101146259112284,-0.372563928365707,3.44821189688499e-06,278528
7395,1,0.369749990659329,0.369749990659329,-0.000113968984805979,-0.374740481376648,3.44251344778865e-06,278528
7396,1,0.369799990658066,0.369799990658066,-0.000126418235595338,-0.378160685300827,3.43619253616856e-06,278528
7397,1,0.369849990656803,0.369849990656803,-0.000137498063850217,-0.379715323448181,3.42931763314972e-06,278528
7398,1,0.36989999065554,0.36989999065554,-0.000148577892105095,-0.381580919027328,3.42188873873214e-06,278528
7399,1,0.369949990654277,0.369949990654277,-0.000159782226546668,-0.385623008012772,3.41389962760663e-06,278528
7400,1,0.369999990653014,0.369999990653014,-0.000171733510796912,-0.387799561023712,3.4053129522837e-06,278528
7401,1,0.370049990651751,0.370049990651751,-0.000182937830686569,-0.389665126800537,3.39616606098044e-06,278528
7402,1,0.370099990650488,0.370099990650488,-0.000193644184037112,-0.392463505268097,3.38648385202318e-06,278528
7403,1,0.370149990649224,0.370149990649224,-0.000204599520657212,-0.394639998674393,3.37625387624875e-06,278528
7404,1,0.370199990647961,0.370199990647961,-0.000216426313272677,-0.398371189832687,3.36543256085848e-06,278528
7405,1,0.370249990646698,0.370249990646698,-0.00022713266662322,-0.401480495929718,3.35407592781421e-06,278528
7406,1,0.370299990645435,0.370299990645435,-0.000237963511608541,-0.404900729656219,3.34217775253436e-06,278528
7407,1,0.370349990644172,0.370349990644172,-0.000247798423515633,-0.407388180494308,3.32978783167158e-06,278528
7408,1,0.370399990642909,0.370399990642909,-0.000258629239397123,-0.409253746271133,3.31685637002839e-06,278528
7409,1,0.370449990641646,0.370449990641646,-0.000269460142590106,-0.412984907627106,3.30338336323925e-06,278528
7410,1,0.370499990640383,0.370499990640383,-0.000278423569398001,-0.414539575576782,3.28946218512102e-06,278528
7411,1,0.37054999063912,0.37054999063912,-0.000289503397652879,-0.418581664562225,3.27498701560405e-06,278528
7412,1,0.370599990637857,0.370599990637857,-0.000298840343020856,-0.421069115400314,3.26004499883048e-06,278528
7413,1,0.370649990636593,0.370649990636593,-0.000308675254927948,-0.425111204385757,3.24461123647397e-06,278528
7414,1,0.37069999063533,0.37069999063533,-0.000319008104270324,-0.429153293371201,3.2286608316634e-06,278528
7415,1,0.370749990634067,0.370749990634067,-0.000327722606016323,-0.431018888950348,3.21227470177653e-06,278528
7416,1,0.370799990632804,0.370799990632804,-0.000337184028467163,-0.43475005030632,3.19541550077907e-06,278528
7417,1,0.370849990631541,0.370849990631541,-0.000347143417457119,-0.436304688453674,3.17805833034469e-06,278528
7418,1,0.370899990630278,0.370899990630278,-0.000355484458850697,-0.440968632698059,3.16028410785117e-06,278528
7419,1,0.370949990629015,0.370949990629015,-0.000363949890015647,-0.444077968597412,3.1420866138101e-06,278528
7420,1,0.370999990627752,0.370999990627752,-0.00037415829137899,-0.446565419435501,3.12337869971375e-06,278528
7421,1,0.371049990626489,0.371049990626489,-0.000381378864403814,-0.450296550989151,3.10430975697528e-06,278528
7422,1,0.371099990625225,0.371099990625225,-0.000390591303585097,-0.453716814517975,3.08478019228938e-06,278528
7423,1,0.371149990623962,0.371149990623962,-0.000398309843149036,-0.457137048244476,3.06486470063504e-06,278528
7424,1,0.371199990622699,0.371199990622699,-0.000406401843065396,-0.459935396909714,3.0445446089951e-06,278528
7425,1,0.371249990621436,0.371249990621436,-0.00041499180952087,-0.463977485895157,3.02379501904323e-06,278528
7426,1,0.371299990620173,0.371299990620173,-0.000421340955654159,-0.468019604682922,3.00272797179272e-06,278528
7427,1,0.37134999061891,0.37134999061891,-0.000429557461757213,-0.470507025718689,2.98125009924744e-06,278528
7428,1,0.371399990617647,0.371399990617647,-0.000435906578786671,-0.473927289247513,2.9594547708587e-06,278528
7429,1,0.371449990616384,0.371449990616384,-0.000444870034698397,-0.477347522974014,2.9372112696857e-06,278528
7430,1,0.371499990615121,0.371499990615121,-0.000451094674644992,-0.479834973812103,2.91465653652323e-06,278528
7431,1,0.371549990613858,0.371549990613858,-0.000456821289844811,-0.483255207538605,2.89181547260801e-06,278528
7432,1,0.371599990612594,0.371599990612594,-0.000463792879600078,-0.487608224153519,2.86862582921382e-06,278528
7433,1,0.371649990611331,0.371649990611331,-0.00047026650281623,-0.49102845788002,2.84511250466701e-06,278528
7434,1,0.371699990610068,0.371699990610068,-0.000475744192954153,-0.49382683634758,2.82132529562022e-06,278528
7435,1,0.371749990608805,0.371749990608805,-0.000482217787066475,-0.498490780591965,2.79721440687598e-06,278528
7436,1,0.371799990607542,0.371799990607542,-0.000487197481561452,-0.501289188861847,2.77285453341329e-06,278528
7437,1,0.371849990606279,0.371849990606279,-0.00049317313823849,-0.504087507724762,2.7481958771243e-06,278528
7438,1,0.371899990605016,0.371899990605016,-0.000497156870551407,-0.507507741451263,2.72333803422469e-06,278528
7439,1,0.371949990603753,0.371949990603753,-0.000503132527228445,-0.510927975177765,2.69818140849878e-06,278528
7440,1,0.37199999060249,0.37199999060249,-0.000508112250827253,-0.514348268508911,2.67277579659922e-06,278528
7441,1,0.372049990601226,0.372049990601226,-0.000511598016601056,-0.517146587371826,2.64719589641537e-06,278528
7442,1,0.372099990599963,0.372099990599963,-0.000515830761287361,-0.521499633789063,2.62140435900255e-06,278528
7443,1,0.3721499905987,0.3721499905987,-0.000519814493600279,-0.524919867515564,2.59541363497911e-06,278528
7444,1,0.372199990597437,0.372199990597437,-0.000523424823768437,-0.52647453546524,2.56924239445183e-06,278528
7445,1,0.372249990596174,0.372249990596174,-0.000527906522620469,-0.531138479709625,2.54284706898761e-06,278528
7446,1,0.372299990594911,0.372299990594911,-0.000531516794580966,-0.533936858177185,2.51627122992992e-06,278528
7447,1,0.372349990593648,0.372349990593648,-0.000533135200385004,-0.537978947162628,2.48961447058408e-06,278528
7448,1,0.372399990592385,0.372399990592385,-0.000535127124749124,-0.54046642780304,2.46285811502255e-06,278528
7449,1,0.372449990591122,0.372449990591122,-0.000538363878149539,-0.542642891407013,2.43593992179508e-06,278528
7450,1,0.372499990589858,0.372499990589858,-0.000541102723218501,-0.546063125133514,2.40888478631763e-06,278528
7451,1,0.372549990588595,0.372549990588595,-0.000542223220691085,-0.548861563205719,2.38177362596796e-06,278528
7452,1,0.372599990587332,0.372599990587332,-0.000544215028639883,-0.552592694759369,2.35456287522336e-06,278528
7453,1,0.372649990586069,0.372649990586069,-0.000545833434443921,-0.556323826313019,2.32727120419061e-06,278528
7454,1,0.372699990584806,0.372699990584806,-0.00054782530060038,-0.557878494262695,2.29987993985256e-06,278528
7455,1,0.372749990583543,0.372749990583543,-0.000548323267139494,-0.56160968542099,2.27246377718817e-06,278528
7456,1,0.37279999058228,0.37279999058228,-0.000548572279512882,-0.56534081697464,2.24503516390543e-06,278528
7457,1,0.372849990581017,0.372849990581017,-0.00055019068531692,-0.56720644235611,2.21752563033454e-06,278528
7458,1,0.372899990579754,0.372899990579754,-0.000549443706404418,-0.57093757390976,2.19005344570832e-06,278528
7459,1,0.372949990578491,0.372949990578491,-0.000549817224964499,-0.572803139686584,2.16256258515457e-06,278528
7460,1,0.372999990577227,0.372999990577227,-0.000548323267139494,-0.575912475585938,2.13514642249019e-06,278528
7461,1,0.373049990575964,0.373049990575964,-0.000548945739865303,-0.578399896621704,2.1076991361903e-06,278528
7462,1,0.373099990574701,0.373099990574701,-0.000546704919543117,-0.581198275089264,2.08036389090369e-06,278528
7463,1,0.373149990573438,0.373149990573438,-0.000544712995178998,-0.583685755729675,2.05312824183277e-06,278528
7464,1,0.373199990572175,0.373199990572175,-0.000544588488992304,-0.584618508815765,2.02589881807103e-06,278528
7465,1,0.373249990570912,0.373249990570912,-0.000541600689757615,-0.588038802146912,1.99881878426725e-06,278528
7466,1,0.373299990569649,0.373299990569649,-0.000539484317414463,-0.590526163578033,1.97184456907795e-06,278528
7467,1,0.373349990568386,0.373349990568386,-0.000537865911610425,-0.593324601650238,1.94495127417681e-06,278528
7468,1,0.373399990567123,0.373399990567123,-0.000534629100002348,-0.59487920999527,1.91821981985199e-06,278528
7469,1,0.373449990565859,0.373449990565859,-0.000532388279680163,-0.598610401153564,1.89160040654044e-06,278528
7470,1,0.373499990564596,0.373499990564596,-0.000528280041180551,-0.599854111671448,1.86518640514869e-06,278528
7471,1,0.373549990563333,0.373549990563333,-0.00052491866517812,-0.601097881793976,1.83894047255281e-06,278528
7472,1,0.37359999056207,0.37359999056207,-0.000522055372130126,-0.603896200656891,1.81283770460572e-06,278528
7473,1,0.373649990560807,0.373649990560807,-0.000517947133630514,-0.605761826038361,1.78694034857841e-06,278528
7474,1,0.373699990559544,0.373699990559544,-0.000513838895130903,-0.607627391815186,1.7612484044709e-06,278528
7475,1,0.373749990558281,0.373749990558281,-0.000508859113324434,-0.610425770282745,1.73580544944742e-06,278528
7476,1,0.373799990557018,0.373799990557018,-0.000503132527228445,-0.611358523368835,1.71064882372151e-06,278528
7477,1,0.373849990555755,0.373849990555755,-0.000498899782542139,-0.612913191318512,1.68570383522457e-06,278528
7478,1,0.373899990554492,0.373899990554492,-0.000493920058943331,-0.615711569786072,1.66100783290127e-06,278528
7479,1,0.373949990553228,0.373949990553228,-0.000487819954287261,-0.617577135562897,1.63661683580308e-06,278528
7480,1,0.373999990551965,0.373999990551965,-0.000482217787066475,-0.619131803512573,1.61250594705885e-06,278528
7481,1,0.374049990550702,0.374049990550702,-0.00047599314711988,-0.619753658771515,1.58870629030408e-06,278528
7482,1,0.374099990549439,0.374099990549439,-0.00046927054063417,-0.620997369289398,1.56524276386511e-06,278528
7483,1,0.374149990548176,0.374149990548176,-0.000464041862869635,-0.622552037239075,1.54204067130777e-06,278528
7484,1,0.374199990546913,0.374199990546913,-0.000456572335679084,-0.625039458274841,1.51921205510051e-06,278528
7485,1,0.37424999054565,0.37424999054565,-0.000448978273198009,-0.625661373138428,1.49676314200772e-06,278528
7486,1,0.374299990544387,0.374299990544387,-0.000442255666712299,-0.626594126224518,1.47465035923072e-06,278528
7487,1,0.374349990543124,0.374349990543124,-0.000433292239904404,-0.626283228397369,1.45298574778279e-06,278528
7488,1,0.37439999054186,0.37439999054186,-0.000426694139605388,-0.628459751605988,1.43165104134148e-06,278528
7489,1,0.374449990540597,0.374449990540597,-0.000418104144046083,-0.629081547260284,1.41074583466729e-06,278528
7490,1,0.374499990539334,0.374499990539334,-0.000410261127399281,-0.631258130073547,1.39023277881553e-06,278528
7491,1,0.374549990538071,0.374549990538071,-0.000402044621296227,-0.630636215209961,1.37013054825854e-06,278528
7492,1,0.374599990536808,0.374599990536808,-0.000393081136280671,-0.631258130073547,1.35047649194101e-06,278528
7493,1,0.374649990535545,0.374649990535545,-0.000384491169825196,-0.633123636245728,1.33125193393541e-06,278528
7494,1,0.374699990534282,0.374699990534282,-0.000375403207726777,-0.633123636245728,1.31248177402324e-06,278528
7495,1,0.374749990533019,0.374749990533019,-0.000365194835467264,-0.633745551109314,1.29422203271116e-06,278528
7496,1,0.374799990531756,0.374799990531756,-0.000356231379555538,-0.633434653282166,1.27641046418334e-06,278528
7497,1,0.374849990530493,0.374849990530493,-0.000346769928000867,-0.634367406368256,1.2590719682213e-06,278528
7498,1,0.374899990529229,0.374899990529229,-0.000335814635036513,-0.634989261627197,1.24228123689365e-06,278528
7499,1,0.374949990527966,0.374949990527966,-0.000326353183481842,-0.635611116886139,1.22596357813177e-06,278528
7500,1,0.374999990526703,0.374999990526703,-0.000315522338496521,-0.634989261627197,1.21018746160548e-06,278528
7501,1,0.37504999052544,0.37504999052544,-0.000303944543702528,-0.63530021905899,1.19499023480427e-06,278528
7502,1,0.375099990524177,0.375099990524177,-0.000294109631795436,-0.634056448936462,1.18028475358599e-06,278528
7503,1,0.375149990522914,0.375149990522914,-0.000283029803540558,-0.634056448936462,1.16613326376646e-06,278528
7504,1,0.375199990521651,0.375199990521651,-0.000272074452368543,-0.634989261627197,1.15252954149169e-06,278528
7505,1,0.375249990520388,0.375249990520388,-0.000259749707765877,-0.633745551109314,1.13954205643149e-06,278528
7506,1,0.375299990519125,0.375299990519125,-0.000248171883868054,-0.634678363800049,1.12713346255156e-06,278528
7507,1,0.375349990517861,0.375349990517861,-0.000237092055613175,-0.633123636245728,1.11527886007037e-06,278528
7508,1,0.375399990516598,0.375399990516598,-0.00022663468553219,-0.633434653282166,1.10394712608002e-06,278528
7509,1,0.375449990515335,0.375449990515335,-0.000214434432564303,-0.632190942764282,1.09322540472266e-06,278528
7510,1,0.375499990514072,0.375499990514072,-0.00020235865667928,-0.631569027900696,1.0831074721443e-06,278528
7511,1,0.375549990512809,0.375549990512809,-0.00018903796444647,-0.630325317382813,1.07365557416075e-06,278528
7512,1,0.375599990511546,0.375599990511546,-0.000178456102730706,-0.629392504692078,1.06473276924962e-06,278528
7513,1,0.375649990510283,0.375649990510283,-0.000165135395945981,-0.628459751605988,1.05647599966091e-06,278528
7514,1,0.37569999050902,0.37569999050902,-0.000152935128426179,-0.628148853778839,1.04882924343277e-06,278528
7515,1,0.375749990507757,0.375749990507757,-0.000139987911097705,-0.627216041088104,1.04182984805471e-06,278528
7516,1,0.375799990506493,0.375799990506493,-0.000126667218864895,-0.626594126224518,1.03549648727146e-06,278528
7517,1,0.37584999050523,0.37584999050523,-0.000114466951345094,-0.625350415706635,1.02977313984879e-06,278528
7518,1,0.375899990503967,0.375899990503967,-0.000102764664916322,-0.62348484992981,1.02463490673277e-06,278528
7519,1,0.375949990502704,0.375949990502704,-8.91949821379967e-05,-0.622241139411926,1.02017515773853e-06,278528
7520,1,0.375999990501441,0.375999990501441,-7.51273328205571e-05,-0.620375514030457,1.0164187911924e-06,278528
7521,1,0.376049990500178,0.376049990500178,-6.29270653007552e-05,-0.619442760944366,1.01327243800685e-06,278528
7522,1,0.376099990498915,0.376099990498915,-4.94818741572089e-05,-0.618509948253632,1.01079834436149e-06,278528
7523,1,0.376149990497652,0.376149990497652,-3.60366866516415e-05,-0.616333425045013,1.00899651007442e-06,278528
7524,1,0.376199990496389,0.376199990496389,-2.33384525927249e-05,-0.61415696144104,1.00782958747427e-06,278528
7525,1,0.376249990495126,0.376249990495126,-9.27080054680118e-06,-0.613224148750305,1.00736604745864e-06,278528
7526,1,0.376299990493862,0.376299990493862,3.42743396686274e-06,-0.611669480800629,1.00753741915265e-06,278528
7527,1,0.376349990492599,0.376349990492599,1.61256684805267e-05,-0.609182059764862,1.00834370255631e-06,278528
7528,1,0.376399990491336,0.376399990491336,3.056679997826e-05,-0.607316434383392,1.00987204251661e-06,278528
7529,1,0.376449990490073,0.376449990490073,4.30160471296404e-05,-0.605450868606567,1.01202284481876e-06,278528
7530,1,0.37649999048881,0.37649999048881,5.69592048123013e-05,-0.602652490139008,1.01487080498743e-06,278528
7531,1,0.376549990487547,0.376549990487547,7.00309101375751e-05,-0.601097881793976,1.01837235040585e-06,278528
7532,1,0.376599990486284,0.376599990486284,8.37250918266363e-05,-0.598299443721771,1.02255860489143e-06,278528
7533,1,0.376649990485021,0.376649990485021,9.61743426159956e-05,-0.59767758846283,1.02736732190075e-06,278528
7534,1,0.376699990483758,0.376699990483758,0.000110117500298657,-0.594257354736328,1.03287319677659e-06,278528
7535,1,0.376749990482494,0.376749990482494,0.000122442244901322,-0.592391788959503,1.038995308867e-06,278528
7536,1,0.376799990481231,0.376799990481231,0.000135638460051268,-0.589904308319092,1.04577723169824e-06,278528
7537,1,0.376849990479968,0.376849990479968,0.000148461200296879,-0.586795032024384,1.05320029152556e-06,278528
7538,1,0.376899990478705,0.376899990478705,0.000163026823429391,-0.584929466247559,1.06135163249111e-06,278528
7539,1,0.376949990477442,0.376949990477442,0.000175600551301613,-0.581820130348206,1.07013165983439e-06,278528
7540,1,0.376999990476179,0.376999990476179,0.000188049787539057,-0.579332709312439,1.07953414897382e-06,278528
7541,1,0.377049990474916,0.377049990474916,0.000200374561245553,-0.577778041362762,1.089552876783e-06,278528
7542,1,0.377099990473653,0.377099990473653,0.00021257481421344,-0.573424994945526,1.10018161722517e-06,278528
7543,1,0.37714999047239,0.37714999047239,0.000224899558816105,-0.570315718650818,1.1114265948819e-06,278528
7544,1,0.377199990471127,0.377199990471127,0.000238469263422303,-0.5681391954422,1.1233500577518e-06,278528
7545,1,0.377249990469863,0.377249990469863,0.000249051110586151,-0.566273629665375,1.13580261296653e-06,278528
7546,1,0.3772999904686,0.3772999904686,0.000261998327914625,-0.563475251197815,1.14890252903133e-06,278528
7547,1,0.377349990467337,0.377349990467337,0.000273700657999143,-0.560676872730255,1.16258756158558e-06,278528
7548,1,0.377399990466074,0.377399990466074,0.000285527406958863,-0.557567596435547,1.17686393157287e-06,278528
7549,1,0.377449990464811,0.377449990464811,0.000296856218483299,-0.554147362709045,1.19170674212207e-06,278528
7550,1,0.377499990463548,0.377499990463548,0.000308434071484953,-0.551970839500427,1.20712844530673e-06,278528
7551,1,0.377549990462285,0.377549990462285,0.000320260820444673,-0.548550605773926,1.22314148592444e-06,278528
7552,1,0.377599990461022,0.377599990461022,0.000331340648699552,-0.543886661529541,1.2397085179409e-06,278528
7553,1,0.377649990459759,0.377649990459759,0.000341798033332452,-0.541710138320923,1.2567984191758e-06,278528
7554,1,0.377699990458495,0.377699990458495,0.000352130911778659,-0.537978947162628,1.27440496431995e-06,278528
7555,1,0.377749990457232,0.377749990457232,0.000362712744390592,-0.53486967086792,1.29254060108134e-06,278528
7556,1,0.377799990455969,0.377799990455969,0.000374041585018858,-0.532693147659302,1.31124267985983e-06,278528
7557,1,0.377849990454706,0.377849990454706,0.000383627484552562,-0.528651058673859,1.33042405360289e-06,278528
7558,1,0.377899990453443,0.377899990453443,0.000394084869185463,-0.525541722774506,1.35012829656439e-06,278528
7559,1,0.37794999045218,0.37794999045218,0.000402799341827631,-0.522743344306946,1.370268263147e-06,278528
7560,1,0.377999990450917,0.377999990450917,0.000412509747548029,-0.520255923271179,1.39089375000335e-06,278528
7561,1,0.378049990449654,0.378049990449654,0.000420601776568219,-0.515902876853943,1.4119238383005e-06,278528
7562,1,0.378099990448391,0.378099990448391,0.000429938692832366,-0.513415455818176,1.43342077239906e-06,278528
7563,1,0.378149990447127,0.378149990447127,0.000438653223682195,-0.509373366832733,1.45535343302911e-06,278528
7564,1,0.378199990445864,0.378199990445864,0.000447492144303396,-0.505953133106232,1.47772803967904e-06,278528
7565,1,0.378249990444601,0.378249990444601,0.000454961729701608,-0.502843797206879,1.50047612558946e-06,278528
7566,1,0.378299990443338,0.378299990443338,0.000463925156509504,-0.500045418739319,1.52367238282895e-06,278528
7567,1,0.378349990442075,0.378349990442075,0.000471394712803885,-0.496314287185669,1.54724211787372e-06,278528
7568,1,0.378399990440812,0.378399990440812,0.000478490779642016,-0.492894053459167,1.57116665625144e-06,278528
7569,1,0.378449990439549,0.378449990439549,0.000485462340293452,-0.489473819732666,1.59543977265292e-06,278528
7570,1,0.378499990438286,0.378499990438286,0.000492558407131582,-0.48512077331543,1.62006769238735e-06,278528
7571,1,0.378549990437023,0.378549990437023,0.000499405548907816,-0.482011467218399,1.64503796920193e-06,278528
7572,1,0.37859999043576,0.37859999043576,0.000505754665937275,-0.478902161121368,1.67032570185998e-06,278528
7573,1,0.378649990434496,0.378649990434496,0.000511481252033263,-0.47579288482666,1.69589976381558e-06,278528
7574,1,0.378699990433233,0.378699990433233,0.000516834494192153,-0.472372621297836,1.72174148787237e-06,278528
7575,1,0.37874999043197,0.37874999043197,0.000521938607562333,-0.469885170459747,1.74783841759123e-06,278528
7576,1,0.378799990430707,0.378799990430707,0.000527416297700256,-0.465221226215363,1.77420923181006e-06,278528
7577,1,0.378849990429444,0.378849990429444,0.000531898054759949,-0.462111949920654,1.80080413387621e-06,278528
7578,1,0.378899990428181,0.378899990428181,0.000535881787072867,-0.45869168639183,1.82759822255298e-06,278528
7579,1,0.378949990426918,0.378949990426918,0.000540487992111593,-0.455582410097122,1.85462262147586e-06,278528
7580,1,0.378999990425655,0.378999990425655,0.000544471782632172,-0.452473074197769,1.88184620991975e-06,278528
7581,1,0.379049990424392,0.379049990424392,0.000548455573152751,-0.448741912841797,1.90926898788463e-06,278528
7582,1,0.379099990423128,0.379099990423128,0.000551567878574133,-0.447187274694443,1.93684738111664e-06,278528
7583,1,0.379149990421865,0.379149990421865,0.0005541822174564,-0.443145155906677,1.96455649128947e-06,278528
7584,1,0.379199990420602,0.379199990420602,0.000556672050151974,-0.438792139291763,1.99239009309394e-06,278528
7585,1,0.379249990419339,0.379249990419339,0.000559784413781017,-0.435682833194733,2.02037931307592e-06,278528
7586,1,0.379299990418076,0.379299990418076,0.000561029301024973,-0.431951642036438,2.04843077741853e-06,278528
7587,1,0.379349990416813,0.379349990416813,0.000563145673368126,-0.429153293371201,2.07658806037562e-06,278528
7588,1,0.37939999041555,0.37939999041555,0.000565262045711279,-0.426976799964905,2.1048511619472e-06,278528
7589,1,0.379449990414287,0.379449990414287,0.000566133472602814,-0.422934710979462,2.13315783486225e-06,278528
7590,1,0.379499990413024,0.379499990413024,0.000567378418054432,-0.419825375080109,2.16152675504832e-06,278528
7591,1,0.379549990411761,0.379549990411761,0.000566880451515317,-0.416716068983078,2.18987077690805e-06,278528
7592,1,0.379599990410497,0.379599990410497,0.000566755945328623,-0.414850473403931,2.21820857345861e-06,278528
7593,1,0.379649990409234,0.379649990409234,0.000567004957702011,-0.411430269479752,2.24655882062752e-06,278528
7594,1,0.379699990407971,0.379699990407971,0.000566008966416121,-0.40801003575325,2.2748592682334e-06,278528
7595,1,0.379749990406708,0.379749990406708,0.000566008966416121,-0.405522584915161,2.30315971583928e-06,278528
7596,1,0.379799990405445,0.379799990405445,0.0005656355060637,-0.403035134077072,2.331441490428e-06,278528
7597,1,0.379849990404182,0.379849990404182,0.000564017158467323,-0.399614900350571,2.35964234763896e-06,278528
7598,1,0.379899990402919,0.379899990402919,0.000562398752663285,-0.396816492080688,2.38776228456175e-06,278528
7599,1,0.379949990401656,0.379949990401656,0.000560282322112471,-0.393396288156509,2.41577639995968e-06,278528
7600,1,0.379999990400393,0.379999990400393,0.000558041501790285,-0.392152547836304,2.44367847434433e-06,278528
7601,1,0.380049990399129,0.380049990399129,0.000555800565052778,-0.388110458850861,2.47146850189493e-06,278528
7602,1,0.380099990397866,0.380099990397866,0.000553186284378171,-0.386555820703506,2.49912781541511e-06,278528
7603,1,0.380149990396603,0.380149990396603,0.000549825024791062,-0.38500115275383,2.52661906596017e-06,278528
7604,1,0.38019999039534,0.38019999039534,0.00054708612151444,-0.381891876459122,2.55397337134487e-06,278528
7605,1,0.380249990394077,0.380249990394077,0.000542853376828134,-0.378160685300827,2.58111603950059e-06,278528
7606,1,0.380299990392814,0.380299990392814,0.000539367669261992,-0.376606047153473,2.60808442228241e-06,278528
7607,1,0.380349990391551,0.380349990391551,0.000536130741238594,-0.374118596315384,2.63489095866715e-06,278528
7608,1,0.380399990390288,0.380399990390288,0.000531151075847447,-0.371942073106766,2.66144851178862e-06,278528
7609,1,0.380449990389025,0.380449990389025,0.000526918331161141,-0.36976557970047,2.68779442768113e-06,278528
7610,1,0.380499990387761,0.380499990387761,0.000521689653396606,-0.36696720123291,2.71387890969201e-06,278528
7611,1,0.380549990386498,0.380549990386498,0.000516336469445378,-0.365723490715027,2.73969573251209e-06,278528
7612,1,0.380599990385235,0.380599990385235,0.000510734389536083,-0.363236039876938,2.76523245134378e-06,278528
7613,1,0.380649990383972,0.380649990383972,0.000505007687024772,-0.361992299556732,2.79048283505714e-06,278528
7614,1,0.380699990382709,0.380699990382709,0.000498160603456199,-0.359504848718643,2.81539086460072e-06,278528
7615,1,0.380749990381446,0.380749990381446,0.000492931925691664,-0.358882993459702,2.84003746026268e-06,278528
7616,1,0.380799990380183,0.380799990380183,0.000486084813019261,-0.356084614992142,2.86434170029967e-06,278528
7617,1,0.38084999037892,0.38084999037892,0.000479362235637382,-0.354529976844788,2.88830981147605e-06,278528
7618,1,0.380899990377657,0.380899990377657,0.00047288864152506,-0.352975308895111,2.91195424295499e-06,278528
7619,1,0.380949990376394,0.380949990376394,0.000465045595774427,-0.351420670747757,2.93520652215631e-06,278528
7620,1,0.38099999037513,0.38099999037513,0.000458322989288718,-0.348311364650726,2.95812267104184e-06,278528
7621,1,0.381049990373867,0.381049990373867,0.000449484039563686,-0.348311364650726,2.98059687245228e-06,278528
7622,1,0.381099990372604,0.381099990372604,0.000441640993813053,-0.347067624330521,3.00267892158509e-06,278528
7623,1,0.381149990371341,0.381149990371341,0.000434171437518671,-0.345202058553696,3.02438749291262e-06,278528
7624,1,0.381199990370078,0.381199990370078,0.000426577404141426,-0.344269275665283,3.04571636258088e-06,278528
7625,1,0.381249990368815,0.381249990368815,0.000417862931499258,-0.343647420406342,3.06660950862804e-06,278528
7626,1,0.381299990367552,0.381299990367552,0.000408774998504668,-0.342092782258987,3.08704825803694e-06,278528
7627,1,0.381349990366289,0.381349990366289,0.000399811513489112,-0.340849041938782,3.1070388332064e-06,278528
7628,1,0.381399990365026,0.381399990365026,0.000391221547033638,-0.340849041938782,3.12659991006392e-06,278528
7629,1,0.381449990363762,0.381449990363762,0.000381262158043683,-0.339916229248047,3.14566301748453e-06,278528
7630,1,0.381499990362499,0.381499990362499,0.000373792601749301,-0.3380506336689,3.16435264709986e-06,278528
7631,1,0.381549990361236,0.381549990361236,0.000363086233846843,-0.338672518730164,3.18250695833358e-06,278528
7632,1,0.381599990359973,0.381599990359973,0.00035150843905285,-0.336806952953339,3.20008237984223e-06,278528
7633,1,0.38164999035871,0.38164999035871,0.000343540916219354,-0.337117880582809,3.21725942521927e-06,278528
7634,1,0.381699990357447,0.381699990357447,0.00033395501668565,-0.336185097694397,3.23395717563173e-06,278528
7635,1,0.381749990356184,0.381749990356184,0.000322999665513635,-0.336185097694397,3.25010715849943e-06,278528
7636,1,0.381799990354921,0.381799990354921,0.000312417803797871,-0.335252285003662,3.26572804829471e-06,278528
7637,1,0.381849990353658,0.381849990353658,0.000303329841699451,-0.335252285003662,3.28089453999654e-06,278528
7638,1,0.381899990352395,0.381899990352395,0.000292125536361709,-0.33463042974472,3.29550081644564e-06,278528
7639,1,0.381949990351131,0.381949990351131,0.000281668151728809,-0.334941357374191,3.30958422367631e-06,278528
7640,1,0.381999990349868,0.381999990349868,0.000270090356934816,-0.335874140262604,3.3230887411819e-06,278528
7641,1,0.382049990348605,0.382049990348605,0.00026013093884103,-0.33463042974472,3.33609528779537e-06,278528
7642,1,0.382099990347342,0.382099990347342,0.000248802156420425,-0.335252285003662,3.34853539530213e-06,278528
7643,1,0.382149990346079,0.382149990346079,0.000238344757235609,-0.335874140262604,3.36045263286286e-06,278528
7644,1,0.382199990344816,0.382199990344816,0.00022639348753728,-0.335874140262604,3.37177230695376e-06,278528
7645,1,0.382249990343553,0.382249990343553,0.000215064661460929,-0.336185097694397,3.38252553975516e-06,278528
7646,1,0.38229999034229,0.38229999034229,0.000203860341571271,-0.336495995521545,3.39271855657623e-06,278528
7647,1,0.382349990341027,0.382349990341027,0.000193651969311759,-0.337117880582809,3.40240115479721e-06,278528
7648,1,0.382399990339763,0.382399990339763,0.000181078212335706,-0.3380506336689,3.41145506518528e-06,278528
7649,1,0.3824499903385,0.3824499903385,0.000169002436450683,-0.337739735841751,3.41990518679434e-06,278528
7650,1,0.382499990337237,0.382499990337237,0.000157300150021911,-0.338672518730164,3.42777019409675e-06,278528
7651,1,0.382549990335974,0.382549990335974,0.000145597863593139,-0.339916229248047,3.4350500870925e-06,278528
7652,1,0.382599990334711,0.382599990334711,0.000134393529151566,-0.341159969568253,3.44176976338033e-06,278528
7653,1,0.382649990333448,0.382649990333448,0.000122815734357573,-0.342403680086136,3.44791054994308e-06,278528
7654,1,0.382699990332185,0.382699990332185,0.000110988956294023,-0.343647420406342,3.45345999761759e-06,278528
7655,1,0.382749990330922,0.382749990330922,9.89131731330417e-05,-0.344580173492432,3.4584056561493e-06,278528
7656,1,0.382799990329659,0.382799990329659,8.58414641697891e-05,-0.345512986183167,3.46269772924936e-06,278528
7657,1,0.382849990328396,0.382849990328396,7.50106119085103e-05,-0.345512986183167,3.46644825975004e-06,278528
7658,1,0.382899990327132,0.382899990327132,6.34328098385595e-05,-0.347067624330521,3.46961990016185e-06,278528
7659,1,0.382949990325869,0.382949990325869,5.08590746903792e-05,-0.34955507516861,3.47216285383213e-06,278528
7660,1,0.382999990324606,0.382999990324606,3.840982390102e-05,-0.351109713315964,3.47408334497866e-06,278528
7661,1,0.383049990323343,0.383049990323343,2.68320218310691e-05,-0.351731598377228,3.47542494603632e-06,278528
7662,1,0.38309999032208,0.38309999032208,1.43827728606993e-05,-0.354840904474258,3.47614408466119e-06,278528
7663,1,0.383149990320817,0.383149990320817,2.43149384004937e-06,-0.354840904474258,3.47626565935012e-06,278528
7664,1,0.383199990319554,0.383199990319554,-9.27080054680118e-06,-0.357328355312347,3.47580211933449e-06,278528
7665,1,0.383249990318291,0.383249990318291,-2.09730951610254e-05,-0.358882993459702,3.47475346460293e-06,278528
7666,1,0.383299990317028,0.383299990317028,-3.32978488586377e-05,-0.36105951666832,3.47308857220206e-06,278528
7667,1,0.383349990315764,0.383349990315764,-4.54981163784396e-05,-0.361992299556732,3.47081366644061e-06,278528
7668,1,0.383399990314501,0.383399990314501,-5.73249017179478e-05,-0.365412533283234,3.46794742142712e-06,278528
7669,1,0.383449990313238,0.383449990313238,-6.87782085151412e-05,-0.36696720123291,3.46450851108823e-06,278528
7670,1,0.383499990311975,0.383499990311975,-8.07294927653857e-05,-0.369454652070999,3.46047203655193e-06,278528
7671,1,0.383549990310712,0.383549990310712,-9.21828032005578e-05,-0.371942073106766,3.45586289650834e-06,278528
7672,1,0.383599990309449,0.383599990309449,-0.000104507555079181,-0.373807668685913,3.45063751888639e-06,278528
7673,1,0.383649990308186,0.383649990308186,-0.000115960865514353,-0.376916974782944,3.44483947575714e-06,278528
7674,1,0.383699990306923,0.383699990306923,-0.00012766316649504,-0.377538830041885,3.43845631759364e-06,278528
7675,1,0.38374999030566,0.38374999030566,-0.000139738942380063,-0.381580919027328,3.43146937065114e-06,278528
7676,1,0.383799990304396,0.383799990304396,-0.000149947314639576,-0.381891876459122,3.42397200510856e-06,278528
7677,1,0.383849990303133,0.383849990303133,-0.000161774107255042,-0.385623008012772,3.41588329995015e-06,278528
7678,1,0.38389999030187,0.38389999030187,-0.000174347849679179,-0.388732314109802,3.40716590768641e-06,278528
7679,1,0.383949990300607,0.383949990300607,-0.00018380927213002,-0.39090883731842,3.39797544431208e-06,278528
7680,1,0.383999990299344,0.383999990299344,-0.000195013592019677,-0.392774403095245,3.38822476495742e-06,278528
7681,1,0.384049990298081,0.384049990298081,-0.000205968943191692,-0.395883738994598,3.377926318058e-06,278528
7682,1,0.384099990296818,0.384099990296818,-0.000218169196159579,-0.398371189832687,3.36701785852559e-06,278528
7683,1,0.384149990295555,0.384149990295555,-0.000228128599701449,-0.40210235118866,3.35561142882867e-06,278528
7684,1,0.384199990294292,0.384199990294292,-0.000238834953051992,-0.403967916965485,3.34366968147774e-06,278528
7685,1,0.384249990293029,0.384249990293029,-0.00024941680021584,-0.407077223062515,3.33119884178199e-06,278528
7686,1,0.384299990291765,0.384299990291765,-0.000260372151387855,-0.409564673900604,3.31818023454147e-06,278528
7687,1,0.384349990290502,0.384349990290502,-0.000269958050921559,-0.413606762886047,3.30468233233638e-06,278528
7688,1,0.384399990289239,0.384399990289239,-0.000281037908280268,-0.415472358465195,3.29063043727735e-06,278528
7689,1,0.384449990287976,0.384449990287976,-0.000290499330731109,-0.419203519821167,3.27610547110772e-06,278528
7690,1,0.384499990286713,0.384499990286713,-0.000300085259368643,-0.422623753547668,3.26110120851833e-06,278528
7691,1,0.38454999028545,0.38454999028545,-0.000310169154545292,-0.425111204385757,3.24559275118284e-06,278528
7692,1,0.384599990284187,0.384599990284187,-0.000320128572639078,-0.42884236574173,3.22958632295525e-06,278528
7693,1,0.384649990282924,0.384649990282924,-0.000329714472172782,-0.431951642036438,3.21310059976307e-06,278528
7694,1,0.384699990281661,0.384699990281661,-0.000338926911354065,-0.435993790626526,3.19615425462347e-06,278528
7695,1,0.384749990280397,0.384749990280397,-0.00034751690691337,-0.436926543712616,3.17877840971675e-06,278528
7696,1,0.384799990279134,0.384799990279134,-0.000356604839907959,-0.441590517759323,3.16094816817178e-06,278528
7697,1,0.384849990277871,0.384849990277871,-0.000365319341653958,-0.444388866424561,3.14268220155052e-06,278528
7698,1,0.384899990276608,0.384899990276608,-0.000374282797565684,-0.447498172521591,3.123968062145e-06,278528
7699,1,0.384949990275345,0.384949990275345,-0.000382374797482044,-0.44998562335968,3.10484932275388e-06,278528
7700,1,0.384999990274082,0.384999990274082,-0.000390715780667961,-0.453716814517975,3.08531353421399e-06,278528
7701,1,0.385049990272819,0.385049990272819,-0.000399056792957708,-0.45869168639183,3.06536069507016e-06,278528
7702,1,0.385099990271556,0.385099990271556,-0.000407646759413183,-0.462111949920654,3.0449783576144e-06,278528
7703,1,0.385149990270293,0.385149990270293,-0.000415489805163816,-0.46428844332695,3.02420386788102e-06,278528
7704,1,0.38519999026903,0.38519999026903,-0.000422959332354367,-0.468641489744186,3.00305590179754e-06,278528
7705,1,0.385249990267766,0.385249990267766,-0.00042980644502677,-0.471750766038895,2.98156558008909e-06,278528
7706,1,0.385299990266503,0.385299990266503,-0.000437026988947764,-0.47361633181572,2.95971423119372e-06,278528
7707,1,0.38534999026524,0.38534999026524,-0.000445741461589932,-0.476725667715073,2.93742715867724e-06,278528
7708,1,0.385399990263977,0.385399990263977,-0.000450970168458298,-0.480767756700516,2.91487865082395e-06,278528
7709,1,0.385449990262714,0.385449990262714,-0.000458066264400259,-0.484498918056488,2.89197533818252e-06,278528
7710,1,0.385499990261451,0.385499990261451,-0.00046453985851258,-0.488851964473724,2.86874834584366e-06,278528
7711,1,0.385549990260188,0.385549990260188,-0.000470017519546673,-0.49102845788002,2.84524747046e-06,278528
7712,1,0.385599990258925,0.385599990258925,-0.000476366607472301,-0.495692402124405,2.82142914068809e-06,278528
7713,1,0.385649990257662,0.385649990257662,-0.000482591247418895,-0.498490780591965,2.79729957892671e-06,278528
7714,1,0.385699990256398,0.385699990256398,-0.000488442368805408,-0.500667333602905,2.77287746110339e-06,278528
7715,1,0.385749990255135,0.385749990255135,-0.000493297644425184,-0.505020320415497,2.74821257950522e-06,278528
7716,1,0.385799990253872,0.385799990253872,-0.000499148794915527,-0.507507741451263,2.72325514038992e-06,278528
7717,1,0.385849990252609,0.385849990252609,-0.000503008021041751,-0.511549830436707,2.69810473997319e-06,278528
7718,1,0.385899990251346,0.385899990251346,-0.000508485711179674,-0.514970123767853,2.67268045505648e-06,278528
7719,1,0.385949990250083,0.385949990250083,-0.000512095983140171,-0.518390357494354,2.6470756565463e-06,278528
7720,1,0.38599999024882,0.38599999024882,-0.000516328727826476,-0.521499633789063,2.62125922080715e-06,278528
7721,1,0.386049990247557,0.386049990247557,-0.000520436966326088,-0.524608910083771,2.59523737314822e-06,278528
7722,1,0.386099990246294,0.386099990246294,-0.00052354927174747,-0.528029203414917,2.56905991022214e-06,278528
7723,1,0.38614999024503,0.38614999024503,-0.000528155534993857,-0.529894769191742,2.54265213413957e-06,278528
7724,1,0.386199990243767,0.386199990243767,-0.000529898388776928,-0.533936858177185,2.51615721537004e-06,278528
7725,1,0.386249990242504,0.386249990242504,-0.000533384154550731,-0.537978947162628,2.48948800831622e-06,278528
7726,1,0.386299990241241,0.386299990241241,-0.00053637201199308,-0.540777325630188,2.46266940839406e-06,278528
7727,1,0.386349990239978,0.386349990239978,-0.000537865911610425,-0.544197559356689,2.43577611349292e-06,278528
7728,1,0.386399990238715,0.386399990238715,-0.000540729204658419,-0.546684980392456,2.408739653943e-06,278528
7729,1,0.386449990237452,0.386449990237452,-0.000541849702131003,-0.550105214118958,2.38164716952086e-06,278528
7730,1,0.386499990236189,0.386499990236189,-0.000543717062100768,-0.552592694759369,2.3544613171026e-06,278528
7731,1,0.386549990234926,0.386549990234926,-0.000545086513739079,-0.55601292848587,2.32720699210415e-06,278528
7732,1,0.386599990233663,0.386599990233663,-0.000546331400983036,-0.559122204780579,2.29989042274507e-06,278528
7733,1,0.386649990232399,0.386649990232399,-0.00054782530060038,-0.56254243850708,2.27249915840701e-06,278528
7734,1,0.386699990231136,0.386699990231136,-0.000547202886082232,-0.564718961715698,2.24513901479408e-06,278528
7735,1,0.386749990229873,0.386749990229873,-0.000548323267139494,-0.567517340183258,2.21772285212969e-06,278528
7736,1,0.38679999022861,0.38679999022861,-0.000548198760952801,-0.57093757390976,2.19031291477449e-06,278528
7737,1,0.386849990227347,0.386849990227347,-0.000547949864994735,-0.573114097118378,2.16291542221687e-06,278528
7738,1,0.386899990226084,0.386899990226084,-0.000547078379895538,-0.575912475585938,2.13556150391311e-06,278528
7739,1,0.386949990224821,0.386949990224821,-0.000547327392268926,-0.579021811485291,2.108195134991e-06,278528
7740,1,0.386999990223558,0.386999990223558,-0.000545584480278194,-0.581509232521057,2.08091591166622e-06,278528
7741,1,0.387049990222295,0.387049990222295,-0.000544339534826577,-0.584307610988617,2.05369893561245e-06,278528
7742,1,0.387099990221031,0.387099990221031,-0.000541351735591888,-0.5855513215065,2.02663134951664e-06,278528
7743,1,0.387149990219768,0.387149990219768,-0.000540231238119304,-0.588971555233002,1.99961978829304e-06,278528
7744,1,0.387199990218505,0.387199990218505,-0.000539484317414463,-0.59114807844162,1.97264557310374e-06,278528
7745,1,0.387249990217242,0.387249990217242,-0.000535625033080578,-0.592702746391296,1.94586432212627e-06,278528
7746,1,0.387299990215979,0.387299990215979,-0.000532512785866857,-0.595501065254211,1.91923868350554e-06,278528
7747,1,0.387349990214716,0.387349990214716,-0.000531516794580966,-0.598610401153564,1.89266284444786e-06,278528
7748,1,0.387399990213453,0.387399990213453,-0.000526661635376513,-0.599543154239655,1.86632976334426e-06,278528
7749,1,0.38744999021219,0.38744999021219,-0.000524296250659972,-0.602963387966156,1.84011495147351e-06,278528
7750,1,0.387499990210927,0.387499990210927,-0.000520561414305121,-0.605450868606567,1.81408688141577e-06,278528
7751,1,0.387549990209664,0.387549990209664,-0.000515830761287361,-0.607005536556244,1.78829534400295e-06,278528
7752,1,0.3875999902084,0.3875999902084,-0.000511100050061941,-0.608560144901276,1.76274034214543e-06,278528
7753,1,0.387649990207137,0.387649990207137,-0.000505248899571598,-0.611047625541687,1.73747789780503e-06,278528
7754,1,0.387699990205874,0.387699990205874,-0.000501638627611101,-0.612602233886719,1.7123959670581e-06,278528
7755,1,0.387749990204611,0.387749990204611,-0.000496160937473178,-0.613224148750305,1.68758792081115e-06,278528
7756,1,0.387799990203348,0.387799990203348,-0.000490683247335255,-0.616644322872162,1.66305375906417e-06,278528
7757,1,0.387849990202085,0.387849990202085,-0.000484707619762048,-0.61788809299469,1.6388183786883e-06,278528
7758,1,0.387899990200822,0.387899990200822,-0.000479976937640458,-0.618820905685425,1.61481953241254e-06,278528
7759,1,0.387949990199559,0.387949990199559,-0.000473752297693864,-0.620064616203308,1.59113191812625e-06,278528
7760,1,0.387999990198296,0.387999990198296,-0.000466656201751903,-0.621930181980133,1.56779910862809e-06,278528
7761,1,0.388049990197032,0.388049990197032,-0.00046080508036539,-0.622862994670868,1.54475885519187e-06,278528
7762,1,0.388099990195769,0.388099990195769,-0.000453584507340565,-0.624728560447693,1.52207963039776e-06,278528
7763,1,0.388149990194506,0.388149990194506,-0.000447235361207277,-0.626283228397369,1.49971786290231e-06,278528
7764,1,0.388199990193243,0.388199990193243,-0.000439392344560474,-0.627216041088104,1.47774824622928e-06,278528
7765,1,0.38824999019198,0.38824999019198,-0.000431300344644114,-0.627216041088104,1.45618322954185e-06,278528
7766,1,0.388299990190717,0.388299990190717,-0.000424577767262235,-0.629392504692078,1.43495434171503e-06,278528
7767,1,0.388349990189454,0.388349990189454,-0.00041499180952087,-0.630014359951019,1.41420475176316e-06,278528
7768,1,0.388399990188191,0.388399990188191,-0.0004088917048648,-0.631258130073547,1.3937601670364e-06,278528
7769,1,0.388449990186928,0.388449990186928,-0.000399554759496823,-0.631879925727844,1.37378242956624e-06,278528
7770,1,0.388499990185665,0.388499990185665,-0.000391089270124212,-0.631879925727844,1.35422796655401e-06,278528
7771,1,0.388549990184401,0.388549990184401,-0.000382499332772568,-0.632190942764282,1.33510300039852e-06,278528
7772,1,0.388599990183138,0.388599990183138,-0.000371543952496722,-0.632501840591431,1.31652580324299e-06,278528
7773,1,0.388649990181875,0.388649990181875,-0.000364945852197707,-0.633434653282166,1.29827851109407e-06,278528
7774,1,0.388699990180612,0.388699990180612,-0.000352870090864599,-0.633434653282166,1.28063500699655e-06,278528
7775,1,0.388749990179349,0.388749990179349,-0.000342412706231698,-0.634678363800049,1.26351437211747e-06,278528
7776,1,0.388799990178086,0.388799990178086,-0.000333324744133279,-0.634678363800049,1.24684813533183e-06,278528
7777,1,0.388849990176823,0.388849990176823,-0.000322369422065094,-0.635922014713287,1.23072966463576e-06,278528
7778,1,0.38889999017556,0.38889999017556,-0.000312036514515057,-0.635922014713287,1.21512783930414e-06,278528
7779,1,0.388949990174297,0.388949990174297,-0.000302699598250911,-0.634678363800049,1.19999285977394e-06,278528
7780,1,0.388999990173033,0.388999990173033,-0.000291370786726475,-0.634367406368256,1.18542432080565e-06,278528
7781,1,0.38904999017177,0.38904999017177,-0.000280539941741154,-0.634678363800049,1.17139732407294e-06,278528
7782,1,0.389099990170507,0.389099990170507,-0.000269709096755832,-0.634678363800049,1.15791186957582e-06,278528
7783,1,0.389149990169244,0.389149990169244,-0.000258629239397123,-0.634056448936462,1.14498040793264e-06,278528
7784,1,0.389199990167981,0.389199990167981,-0.000246802490437403,-0.633434653282166,1.13264028372251e-06,278528
7785,1,0.389249990166718,0.389249990166718,-0.000235349158174358,-0.633123636245728,1.12087282611106e-06,278528
7786,1,0.389299990165455,0.389299990165455,-0.00022277541575022,-0.632812738418579,1.10973405560494e-06,278528
7787,1,0.389349990164192,0.389349990164192,-0.000211944585316814,-0.631879925727844,1.09913682660681e-06,278528
7788,1,0.389399990162929,0.389399990162929,-0.000199121859623119,-0.631879925727844,1.08918073387716e-06,278528
7789,1,0.389449990161665,0.389449990161665,-0.000186050136107951,-0.630947172641754,1.07987822730677e-06,278528
7790,1,0.389499990160402,0.389499990160402,-0.000174721324583516,-0.630325317382813,1.07114216129828e-06,278528
7791,1,0.389549990159139,0.389549990159139,-0.000162770040333271,-0.629081547260284,1.06300365948722e-06,278528
7792,1,0.389599990157876,0.389599990157876,-0.000149200350278988,-0.626905083656311,1.05554364216172e-06,278528
7793,1,0.389649990156613,0.389649990156613,-0.000138493996928446,-0.626905083656311,1.04861894249023e-06,278528
7794,1,0.38969999015535,0.38969999015535,-0.00012529781088233,-0.626283228397369,1.04235405210438e-06,278528
7795,1,0.389749990154087,0.389749990154087,-0.000112226087367162,-0.624728560447693,1.03674274787778e-06,278528
7796,1,0.389799990152824,0.389799990152824,-9.87809034995735e-05,-0.623173892498016,1.03180370282757e-06,278528
7797,1,0.389849990151561,0.389849990151561,-8.50867290864699e-05,-0.622241139411926,1.02754936648072e-06,278528
7798,1,0.389899990150298,0.389899990150298,-7.3135452112183e-05,-0.620375514030457,1.02389259396749e-06,278528
7799,1,0.389949990149034,0.389949990149034,-5.95657656958792e-05,-0.619442760944366,1.02091430575793e-06,278528
7800,1,0.389999990147771,0.389999990147771,-4.62450734630693e-05,-0.61788809299469,1.01860205214319e-06,278528
7801,1,0.390049990146508,0.390049990146508,-3.32978488586377e-05,-0.614778816699982,1.01693715974232e-06,278528
7802,1,0.390099990145245,0.390099990145245,-2.12220784305828e-05,-0.61508971452713,1.01587605584759e-06,278528
7803,1,0.390149990143982,0.390149990143982,-7.65239747124724e-06,-0.61229133605957,1.0154934359837e-06,278528
7804,1,0.390199990142719,0.390199990142719,5.91728394283564e-06,-0.611047625541687,1.01578930017336e-06,278528
7805,1,0.390249990141456,0.390249990141456,1.96114579011919e-05,-0.607627391815186,1.01676987304365e-06,278528
7806,1,0.390299990140193,0.390299990140193,3.31811388605274e-05,-0.606694579124451,1.01842892994477e-06,278528
7807,1,0.39034999013893,0.39034999013893,4.56303896498866e-05,-0.604518055915833,1.02071044936962e-06,278528
7808,1,0.390399990137666,0.390399990137666,5.87020986131392e-05,-0.603585243225098,1.02364555422614e-06,278528
7809,1,0.390449990136403,0.390449990136403,7.22717813914642e-05,-0.600475966930389,1.02725914320442e-06,278528
7810,1,0.39049999013514,0.39049999013514,8.59659558045678e-05,-0.598299443721771,1.03155744088607e-06,278528
7811,1,0.390549990133877,0.390549990133877,9.91621636785567e-05,-0.595501065254211,1.03651554894474e-06,278528
7812,1,0.390599990132614,0.390599990132614,0.000110988956294023,-0.594257354736328,1.04206499661925e-06,278528
7813,1,0.390649990131351,0.390649990131351,0.000125679056509398,-0.59114807844162,1.04834894928598e-06,278528
7814,1,0.390699990130088,0.390699990130088,0.000136509916046634,-0.588971555233002,1.05517444491588e-06,278528
7815,1,0.390749990128825,0.390749990128825,0.000150826541357674,-0.586795032024384,1.06271577179325e-06,278528
7816,1,0.390799990127562,0.390799990127562,0.00016501868958585,-0.583685755729675,1.07096670606411e-06,278528
7817,1,0.390849990126299,0.390849990126299,0.000177094450918958,-0.581198275089264,1.07982142838637e-06,278528
7818,1,0.390899990125035,0.390899990125035,0.000188796751899645,-0.579021811485291,1.08926126574288e-06,278528
7819,1,0.390949990123772,0.390949990123772,0.000201868460862897,-0.575601577758789,1.09935468853104e-06,278528
7820,1,0.390999990122509,0.390999990122509,0.000214815692743286,-0.573114097118378,1.11009547289687e-06,278528
7821,1,0.391049990121246,0.391049990121246,0.00022726492898073,-0.571870386600494,1.12145871905885e-06,278528
7822,1,0.391099990119983,0.391099990119983,0.000239091721596196,-0.5681391954422,1.13341330483666e-06,278528
7823,1,0.39114999011872,0.39114999011872,0.000252163445111364,-0.564718961715698,1.14602147677372e-06,278528
7824,1,0.391199990117457,0.391199990117457,0.00026349222753197,-0.561298727989197,1.1591960878175e-06,278528
7825,1,0.391249990116194,0.391249990116194,0.000275568017968908,-0.55881130695343,1.17297448836787e-06,278528
7826,1,0.391299990114931,0.391299990114931,0.00028776828548871,-0.55601292848587,1.18736290227883e-06,278528
7827,1,0.391349990113667,0.391349990113667,0.000298350147204474,-0.553214550018311,1.2022804092622e-06,278528
7828,1,0.391399990112404,0.391399990112404,0.000309927941998467,-0.550727069377899,1.21777680597065e-06,278528
7829,1,0.391449990111141,0.391449990111141,0.000322377192787826,-0.546995937824249,1.23389566520285e-06,278528
7830,1,0.391499990109878,0.391499990109878,0.00033196312142536,-0.543886661529541,1.25049382085481e-06,278528
7831,1,0.391549990108615,0.391549990108615,0.000342669489327818,-0.542021036148071,1.26762729488838e-06,278528
7832,1,0.391599990107352,0.391599990107352,0.000354122777935117,-0.537667989730835,1.28533343333784e-06,278528
7833,1,0.391649990106089,0.391649990106089,0.000364455656381324,-0.535180568695068,1.30355621569656e-06,278528
7834,1,0.391699990104826,0.391699990104826,0.000373917107935995,-0.530827581882477,1.32225207062106e-06,278528
7835,1,0.391749990103563,0.391749990103563,0.000385121384169906,-0.528029203414917,1.34150813934311e-06,278528
7836,1,0.391799990102299,0.391799990102299,0.000394209375372157,-0.525541722774506,1.36121860761379e-06,278528
7837,1,0.391849990101036,0.391849990101036,0.000403546291636303,-0.521188676357269,1.38139592168588e-06,278528
7838,1,0.391899990099773,0.391899990099773,0.000414875103160739,-0.518701255321503,1.40213967631988e-06,278528
7839,1,0.39194999009851,0.39194999009851,0.000422344659455121,-0.515591979026794,1.42325690875917e-06,278528
7840,1,0.391999990097247,0.391999990097247,0.000432304077548906,-0.512171685695648,1.44487211209057e-06,278528
7841,1,0.392049990095984,0.392049990095984,0.000439275667304173,-0.508129596710205,1.46683589490093e-06,278528
7842,1,0.392099990094721,0.392099990094721,0.000448239123215899,-0.505020320415497,1.48924785049555e-06,278528
7843,1,0.392149990093458,0.392149990093458,0.000456704583484679,-0.502221941947937,1.51208307909292e-06,278528
7844,1,0.392199990092195,0.392199990092195,0.000462804746348411,-0.498179852962494,1.53522331582577e-06,278528
7845,1,0.392249990090932,0.392249990090932,0.000471892679343,-0.496314287185669,1.55881794919687e-06,278528
7846,1,0.392299990089668,0.392299990089668,0.000479486712720245,-0.491339385509491,1.58279228422724e-06,278528
7847,1,0.392349990088405,0.392349990088405,0.000486707285745069,-0.489784747362137,1.60712764789973e-06,278528
7848,1,0.392399990087142,0.392399990087142,0.000492682913318276,-0.485431700944901,1.63176179294333e-06,278528
7849,1,0.392449990085879,0.392449990085879,0.000499156536534429,-0.481389611959457,1.65671961913956e-06,278528
7850,1,0.392499990084616,0.392499990084616,0.000505381205584854,-0.478591233491898,1.68198867878046e-06,278528
7851,1,0.392549990083353,0.392549990083353,0.000511854712385684,-0.474549144506454,1.70758141375321e-06,278528
7852,1,0.39259999008209,0.39259999008209,0.000516834494192153,-0.470817983150482,1.73342313781e-06,278528
7853,1,0.392649990080827,0.392649990080827,0.000522187678143382,-0.467708677053452,1.7595325210576e-06,278528
7854,1,0.392699990079564,0.392699990079564,0.000527042837347835,-0.465221226215363,1.78588466225928e-06,278528
7855,1,0.3927499900783,0.3927499900783,0.000532645033672452,-0.46149006485939,1.81251691327011e-06,278528
7856,1,0.392799990077037,0.392799990077037,0.000537873711436987,-0.457758903503418,1.83941059816257e-06,278528
7857,1,0.392849990075774,0.392849990075774,0.00054036354413256,-0.454649597406387,1.86642877468666e-06,278528
7858,1,0.392899990074511,0.392899990074511,0.00054372486192733,-0.450607508420944,1.89361501709624e-06,278528
7859,1,0.392949990073248,0.392949990073248,0.000547708594240248,-0.447498172521591,1.92100044611644e-06,278528
7860,1,0.392999990071985,0.392999990071985,0.000551567878574133,-0.444699823856354,1.94857883934846e-06,278528
7861,1,0.393049990070722,0.393049990070722,0.000553186284378171,-0.441901445388794,1.97623815286864e-06,278528
7862,1,0.393099990069459,0.393099990069459,0.000556049577426165,-0.43848118185997,2.0040406310376e-06,278528
7863,1,0.393149990068196,0.393149990068196,0.000559410953428596,-0.435060977935791,2.03201117800243e-06,278528
7864,1,0.393199990066933,0.393199990066933,0.000560780346859246,-0.431018888950348,2.06005019463707e-06,278528
7865,1,0.393249990065669,0.393249990065669,0.000562772213015705,-0.429153293371201,2.08818880457701e-06,278528
7866,1,0.393299990064406,0.393299990064406,0.000563145673368126,-0.426354914903641,2.1163460875341e-06,278528
7867,1,0.393349990063143,0.393349990063143,0.000564266112633049,-0.421690970659256,2.14455939245303e-06,278528
7868,1,0.39339999006188,0.39339999006188,0.000565760012250394,-0.418892562389374,2.17284739235093e-06,278528
7869,1,0.393449990060617,0.393449990060617,0.000565510999877006,-0.416716068983078,2.20112294163048e-06,278528
7870,1,0.393499990059354,0.393499990059354,0.000566506991162896,-0.413606762886047,2.22944829047307e-06,278528
7871,1,0.393549990058091,0.393549990058091,0.000566008966416121,-0.4117411673069,2.25774873807895e-06,278528
7872,1,0.393599990056828,0.393599990056828,0.000565137539524585,-0.408942818641663,2.28600561434135e-06,278528
7873,1,0.393649990055565,0.393649990055565,0.000565262045711279,-0.404589772224426,2.31426871591293e-06,278528
7874,1,0.393699990054301,0.393699990054301,0.000563394685741514,-0.40241327881813,2.34243844948837e-06,278528
7875,1,0.393749990053038,0.393749990053038,0.000562274246476591,-0.398993045091629,2.37055216110199e-06,278528
7876,1,0.393799990051775,0.393799990051775,0.000560282322112471,-0.395261853933334,2.39856627649992e-06,278528
7877,1,0.393849990050512,0.393849990050512,0.000558788422495127,-0.393396288156509,2.42650569691887e-06,278528
7878,1,0.393899990049249,0.393899990049249,0.000557045510504395,-0.39059790968895,2.45435797174048e-06,278528
7879,1,0.393949990047986,0.393949990047986,0.000553435296751559,-0.388110458850861,2.48202973587901e-06,278528
7880,1,0.393999990046723,0.393999990046723,0.000551194360014051,-0.385623008012772,2.50958945318349e-06,278528
7881,1,0.39404999004546,0.39404999004546,0.000548206618987024,-0.382824659347534,2.5369997834404e-06,278528
7882,1,0.394099990044197,0.394099990044197,0.000545218819752336,-0.380959063768387,2.56426072373935e-06,278528
7883,1,0.394149990042933,0.394149990042933,0.000541483983397484,-0.377849757671356,2.59133492222527e-06,278528
7884,1,0.39419999004167,0.39419999004167,0.000537500192876905,-0.376295119524002,2.6182099311902e-06,278528
7885,1,0.394249990040407,0.394249990040407,0.000533516518771648,-0.374118596315384,2.64488575645489e-06,278528
7886,1,0.394299990039144,0.394299990039144,0.00052853679517284,-0.371942073106766,2.67131259554594e-06,278528
7887,1,0.394349990037881,0.394349990037881,0.000523308059200644,-0.36976557970047,2.69747799784497e-06,278528
7888,1,0.394399990036618,0.394399990036618,0.000520071305800229,-0.367278128862381,2.72348156247808e-06,278528
7889,1,0.394449990035355,0.394449990035355,0.000514095649123192,-0.364790678024292,2.74918634428488e-06,278528
7890,1,0.394499990034092,0.394499990034092,0.000507746473886073,-0.362925112247467,2.77457366733785e-06,278528
7891,1,0.394549990032829,0.394549990032829,0.000502891314681619,-0.360437661409378,2.79971823243672e-06,278528
7892,1,0.394599990031566,0.394599990031566,0.000496791151817888,-0.358572065830231,2.82455778940012e-06,278528
7893,1,0.394649990030302,0.394649990030302,0.000490193080622703,-0.357017397880554,2.84906744281209e-06,278528
7894,1,0.394699990029039,0.394699990029039,0.000483968440676108,-0.356084614992142,2.87326586423459e-06,278528
7895,1,0.394749990027776,0.394749990027776,0.000476872373837978,-0.354219049215317,2.89710948232415e-06,278528
7896,1,0.394799990026513,0.394799990026513,0.000469651800813153,-0.352664411067963,2.92059207177159e-06,278528
7897,1,0.39484999002525,0.39484999002525,0.000463427160866559,-0.350487858057022,2.94376342922956e-06,278528
7898,1,0.394899990023987,0.394899990023987,0.000454214750789106,-0.349866032600403,2.96647416619529e-06,278528
7899,1,0.394949990022724,0.394949990022724,0.000447741127572954,-0.347378581762314,2.98886122200839e-06,278528
7900,1,0.394999990021461,0.394999990021461,0.000439275667304173,-0.346445769071579,3.01082500481875e-06,278528
7901,1,0.395049990020198,0.395049990020198,0.000431557098636404,-0.346134871244431,3.03240285920547e-06,278528
7902,1,0.395099990018934,0.395099990018934,0.000424087542342022,-0.344269275665283,3.0536072357869e-06,278528
7903,1,0.395149990017671,0.395149990017671,0.000414626119891182,-0.343336492776871,3.07433854125774e-06,278528
7904,1,0.395199990016408,0.395199990016408,0.000406534149078652,-0.340849041938782,3.09466524819818e-06,278528
7905,1,0.395249990015145,0.395249990015145,0.000397819647332653,-0.34022718667984,3.11455623006232e-06,278528
7906,1,0.395299990013882,0.395299990013882,0.000388482701964676,-0.340538084506989,3.13398036466986e-06,278528
7907,1,0.395349990012619,0.395349990012619,0.000379768258426338,-0.339294373989105,3.15296877711149e-06,278528
7908,1,0.395399990011356,0.395399990011356,0.000370555790141225,-0.338983446359634,3.1714965661505e-06,278528
7909,1,0.395449990010093,0.395449990010093,0.000360222911695018,-0.337117880582809,3.18950771128025e-06,278528
7910,1,0.39549999000883,0.39549999000883,0.000350139016518369,-0.338361591100693,3.20701466166391e-06,278528
7911,1,0.395549990007567,0.395549990007567,0.000339930644258857,-0.336185097694397,3.22401119344748e-06,278528
7912,1,0.395599990006303,0.395599990006303,0.000330718205077574,-0.336185097694397,3.24054710328363e-06,278528
7913,1,0.39564999000504,0.39564999000504,0.000320011837175116,-0.335252285003662,3.25654769473818e-06,278528
7914,1,0.395699990003777,0.395699990003777,0.000310674920910969,-0.335252285003662,3.27208144039131e-06,278528
7915,1,0.395749990002514,0.395749990002514,0.000299346080282703,-0.335874140262604,3.28704874402734e-06,278528
7916,1,0.395799990001251,0.395799990001251,0.000290382624370977,-0.335252285003662,3.3015678748791e-06,278528
7917,1,0.395849989999988,0.395849989999988,0.000278555846307427,-0.335563242435455,3.31549566684263e-06,278528
7918,1,0.395899989998725,0.395899989998725,0.000268720934400335,-0.33431950211525,3.32893171322322e-06,278528
7919,1,0.395949989997462,0.395949989997462,0.000258014566497877,-0.334941357374191,3.34183244122222e-06,278528
7920,1,0.395999989996199,0.395999989996199,0.000246187788434327,-0.33463042974472,3.35414183033297e-06,278528
7921,1,0.396049989994935,0.396049989994935,0.000235232466366142,-0.335874140262604,3.36590345335416e-06,278528
7922,1,0.396099989993672,0.396099989993672,0.000223654642468318,-0.335874140262604,3.37708618519507e-06,278528
7923,1,0.396149989992409,0.396149989992409,0.000212201353861019,-0.336185097694397,3.38769625262009e-06,278528
7924,1,0.396199989991146,0.396199989991146,0.00020161947759334,-0.336495995521545,3.39777722624509e-06,278528
7925,1,0.396249989989883,0.396249989989883,0.000189045749721117,-0.337428778409958,3.40722951349236e-06,278528
7926,1,0.39629998998862,0.39629998998862,0.000178463873453438,-0.338361591100693,3.41615270693961e-06,278528
7927,1,0.396349989987357,0.396349989987357,0.000166014622664079,-0.338361591100693,3.42445343786312e-06,278528
7928,1,0.396399989986094,0.396399989986094,0.000155059286043979,-0.338361591100693,3.43220640196947e-06,278528
7929,1,0.396449989984831,0.396449989984831,0.000142859018524177,-0.34022718667984,3.43934935271523e-06,278528
7930,1,0.396499989983568,0.396499989983568,0.000131530221551657,-0.341781824827194,3.44592586362668e-06,278528
7931,1,0.396549989982304,0.396549989982304,0.000119578930025455,-0.342403680086136,3.45190480997691e-06,278528
7932,1,0.396599989981041,0.396599989981041,0.000107254178146832,-0.342714637517929,3.45726751874878e-06,278528
7933,1,0.396649989979778,0.396649989979778,9.49294117162935e-05,-0.345202058553696,3.46201398921468e-06,278528
7934,1,0.396699989978515,0.396699989978515,8.37250918266363e-05,-0.344891130924225,3.46620024370026e-06,278528
7935,1,0.396749989977252,0.396749989977252,7.12758337613195e-05,-0.346445769071579,3.4697640352983e-06,278528
7936,1,0.396799989975989,0.396799989975989,5.94490556977689e-05,-0.348000437021255,3.4727364880081e-06,278528
7937,1,0.396849989974726,0.396849989974726,4.82447285321541e-05,-0.349866032600403,3.47514872437377e-06,278528
7938,1,0.396899989973463,0.396899989973463,3.57954850187525e-05,-0.350798815488815,3.47693849857949e-06,278528
7939,1,0.3969499899722,0.3969499899722,2.37197091337293e-05,-0.352353453636169,3.47812448400622e-06,278528
7940,1,0.396999989970936,0.396999989970936,1.20174163384945e-05,-0.353597164154053,3.47872535480796e-06,278528
7941,1,0.397049989969673,0.397049989969673,1.9062913736434e-07,-0.355151861906052,3.47873488626459e-06,278528
7942,1,0.39709998996841,0.39709998996841,-1.28810825117398e-05,-0.357950210571289,3.47809083215527e-06,278528
7943,1,0.397149989967147,0.397149989967147,-2.48323613050161e-05,-0.35826113820076,3.47684921412139e-06,278528
7944,1,0.397199989965884,0.397199989965884,-3.61611782864202e-05,-0.361370444297791,3.47504115525274e-06,278528
7945,1,0.397249989964621,0.397249989964621,-4.88594123453368e-05,-0.36385789513588,3.47259818469719e-06,278528
7946,1,0.397299989963358,0.397299989963358,-6.00637322349939e-05,-0.366034388542175,3.46959499816131e-06,278528
7947,1,0.397349989962095,0.397349989962095,-7.21395117579959e-05,-0.367589056491852,3.46598802266453e-06,278528
7948,1,0.397399989960832,0.397399989960832,-8.42152803670615e-05,-0.369143694639206,3.46177725875255e-06,278528
7949,1,0.397449989959568,0.397449989959568,-9.54196075326763e-05,-0.371009290218353,3.45700627849644e-06,278528
7950,1,0.397499989958305,0.397499989958305,-0.000107744359411299,-0.373496741056442,3.45161906066197e-06,278528
7951,1,0.397549989957042,0.397549989957042,-0.000119073178211693,-0.375673234462738,3.44566540190178e-06,278528
7952,1,0.397599989955779,0.397599989955779,-0.000131397930090316,-0.378782570362091,3.43909550556324e-06,278528
7953,1,0.397649989954516,0.397649989954516,-0.000142477758345194,-0.38127002120018,3.43197161782594e-06,278528
7954,1,0.397699989953253,0.397699989953253,-0.000153682092786767,-0.383757412433624,3.42428751338072e-06,278528
7955,1,0.39774998995199,0.39774998995199,-0.000165135395945981,-0.385623008012772,3.41603074379201e-06,278528
7956,1,0.397799989950727,0.397799989950727,-0.000175966240931302,-0.388732314109802,3.4072324319677e-06,278528
7957,1,0.397849989949464,0.397849989949464,-0.000187917525181547,-0.391530692577362,3.39783655594599e-06,278528
7958,1,0.397899989948201,0.397899989948201,-0.000198250403627753,-0.393085360527039,3.38792403601501e-06,278528
7959,1,0.397949989946937,0.397949989946937,-0.000208956756978296,-0.396816492080688,3.37747619843003e-06,278528
7960,1,0.397999989945674,0.397999989945674,-0.00022090804122854,-0.399614900350571,3.36643079664763e-06,278528
7961,1,0.398049989944411,0.398049989944411,-0.000230742938583717,-0.40210235118866,3.3548936500099e-06,278528
7962,1,0.398099989943148,0.398099989943148,-0.000242196270846762,-0.404589772224426,3.34278383677348e-06,278528
7963,1,0.398149989941885,0.398149989941885,-0.000252155645284802,-0.407388180494308,3.33017605482774e-06,278528
7964,1,0.398199989940622,0.398199989940622,-0.000262613000813872,-0.410497456789017,3.31704540511876e-06,278528
7965,1,0.398249989939359,0.398249989939359,-0.0002723234356381,-0.413917720317841,3.30342923368082e-06,278528
7966,1,0.398299989938096,0.398299989938096,-0.000283029803540558,-0.417026996612549,3.28927774386129e-06,278528
7967,1,0.398349989936833,0.398349989936833,-0.000292989192530513,-0.420447260141373,3.27462828460484e-06,278528
7968,1,0.398399989935569,0.398399989935569,-0.000302824104437605,-0.422623753547668,3.25948707976546e-06,278528
7969,1,0.398449989934306,0.398449989934306,-0.000312658987240866,-0.425733059644699,3.24385413079834e-06,278528
7970,1,0.398499989933043,0.398499989933043,-0.000322618405334651,-0.429153293371201,3.22772321093911e-06,278528
7971,1,0.39854998993178,0.39854998993178,-0.000332079827785492,-0.433195382356644,3.21111921996929e-06,278528
7972,1,0.398599989930517,0.398599989930517,-0.000341416773153469,-0.435682833194733,3.19404838174286e-06,278528
7973,1,0.398649989929254,0.398649989929254,-0.000349633279256523,-0.439103066921234,3.17656671822166e-06,278528
7974,1,0.398699989927991,0.398699989927991,-0.000359219207894057,-0.442212373018265,3.15860575828069e-06,278528
7975,1,0.398749989926728,0.398749989926728,-0.000367684697266668,-0.444388866424561,3.14022152388178e-06,278528
7976,1,0.398799989925465,0.398799989925465,-0.000376274663722143,-0.449363768100739,3.12140779117095e-06,278528
7977,1,0.398849989924202,0.398849989924202,-0.000385238090530038,-0.451851218938828,3.10214588713104e-06,278528
7978,1,0.398899989922938,0.398899989922938,-0.000392334215575829,-0.454649597406387,3.08252917684781e-06,278528
7979,1,0.398949989921675,0.398949989921675,-0.000401297671487555,-0.458069801330566,3.06246429378031e-06,278528
7980,1,0.398999989920412,0.398999989920412,-0.000408393738325685,-0.461800992488861,3.04204460737987e-06,278528
7981,1,0.399049989919149,0.399049989919149,-0.000416610244428739,-0.465221226215363,3.02121409568466e-06,278528
7982,1,0.399099989917886,0.399099989917886,-0.000424204277805984,-0.468330532312393,3.00000388233017e-06,278528
7983,1,0.399149989916623,0.399149989916623,-0.000431424850830808,-0.471750766038895,2.97843264033357e-06,278528
7984,1,0.39919998991536,0.39919998991536,-0.000439143361290917,-0.475171029567719,2.95647547282371e-06,278528
7985,1,0.399249989914097,0.399249989914097,-0.000445865996880457,-0.478280305862427,2.93418217354286e-06,278528
7986,1,0.399299989912834,0.399299989912834,-0.000453086540801451,-0.481700569391251,2.91152784707509e-06,278528
7987,1,0.39934998991157,0.39934998991157,-0.000459684641100466,-0.485431700944901,2.88854361560069e-06,278528
7988,1,0.399399989910307,0.399399989910307,-0.000465660268673673,-0.48791915178299,2.86526060275519e-06,278528
7989,1,0.399449989909044,0.399449989909044,-0.000471884908620268,-0.491961240768433,2.84166635792021e-06,278528
7990,1,0.399499989907781,0.399499989907781,-0.000478109548566863,-0.495692402124405,2.81776088109578e-06,278528
7991,1,0.399549989906518,0.399549989906518,-0.000483711686683819,-0.498801738023758,2.79357529737256e-06,278528
7992,1,0.399599989905255,0.399599989905255,-0.000490060774609447,-0.50253289937973,2.76907225926109e-06,278528
7993,1,0.399649989903992,0.399649989903992,-0.000494293519295752,-0.50626403093338,2.74435758392065e-06,278528
7994,1,0.399699989902729,0.399699989902729,-0.000499771209433675,-0.508440554141998,2.71936902408023e-06,278528
7995,1,0.399749989901466,0.399749989901466,-0.000503381539601833,-0.512482643127441,2.69419994773596e-06,278528
7996,1,0.399799989900202,0.399799989900202,-0.000507987744640559,-0.516524732112885,2.66880056114558e-06,278528
7997,1,0.399849989898939,0.399849989898939,-0.0005130919162184,-0.519323110580444,2.64314596598275e-06,278528
7998,1,0.399899989897676,0.399899989897676,-0.000516702246386558,-0.522432446479797,2.61731085431607e-06,278528
7999,1,0.399949989896413,0.399949989896413,-0.000521557405591011,-0.52647453546524,2.5912329846953e-06,278528
8000,1,0.39999998989515,0.39999998989515,-0.00052491866517812,-0.528340101242065,2.56498705209942e-06,278528
8001,1,0.400049989893887,0.400049989893887,-0.000528280041180551,-0.532382190227509,2.53857305070767e-06,278528
8002,1,0.400099989892624,0.400099989892624,-0.000530396355316043,-0.53486967086792,2.51205323361181e-06,278528
8003,1,0.400149989891361,0.400149989891361,-0.000533757673110813,-0.537667989730835,2.48536535063046e-06,278528
8004,1,0.400199989890098,0.400199989890098,-0.000535874045453966,-0.541088283061981,2.45857164903463e-06,278528
8005,1,0.400249989888835,0.400249989888835,-0.00053873733850196,-0.545441269874573,2.43163478279002e-06,278528
8006,1,0.400299989887571,0.400299989887571,-0.000539982283953577,-0.547928750514984,2.40463566927439e-06,278528
8007,1,0.400349989886308,0.400349989886308,-0.000541600689757615,-0.550105214118958,2.37755563547061e-06,278528
8008,1,0.400399989885045,0.400399989885045,-0.000543966074474156,-0.554147362709045,2.35035733243399e-06,278528
8009,1,0.400449989883782,0.400449989883782,-0.000544588488992304,-0.557256639003754,2.32312790867225e-06,278528
8010,1,0.400499989882519,0.400499989882519,-0.000544961949344724,-0.560987830162048,2.29587981189336e-06,278528
8011,1,0.400549989881256,0.400549989881256,-0.000546580413356423,-0.56254243850708,2.26855079191592e-06,278528
8012,1,0.400599989879993,0.400599989879993,-0.000547576346434653,-0.565029919147491,2.24117197528584e-06,278528
8013,1,0.40064998987873,0.40064998987873,-0.000547327392268926,-0.568450152873993,2.21380560636373e-06,278528
8014,1,0.400699989877467,0.400699989877467,-0.000546829425729811,-0.572181284427643,2.18646413576794e-06,278528
8015,1,0.400749989876203,0.400749989876203,-0.000547451840247959,-0.574046909809113,2.15909154444703e-06,278528
8016,1,0.40079998987494,0.40079998987494,-0.000546953873708844,-0.576534330844879,2.13174385145245e-06,278528
8017,1,0.400849989873677,0.400849989873677,-0.0005454599740915,-0.579643666744232,2.10447085343685e-06,278528
8018,1,0.400899989872414,0.400899989872414,-0.000545086513739079,-0.581509232521057,2.0772165284384e-06,278528
8019,1,0.400949989871151,0.400949989871151,-0.000543343543540686,-0.584618508815765,2.05004935194766e-06,278528
8020,1,0.400999989869888,0.400999989869888,-0.000541849702131003,-0.587105989456177,2.02295686752553e-06,278528
8021,1,0.401049989868625,0.401049989868625,-0.000539857777766883,-0.588971555233002,1.99596397931908e-06,278528
8022,1,0.401099989867362,0.401099989867362,-0.000536994484718889,-0.592391788959503,1.96911425576142e-06,278528
8023,1,0.401149989866099,0.401149989866099,-0.000535625033080578,-0.594568312168121,1.94233300478394e-06,278528
8024,1,0.401199989864836,0.401199989864836,-0.000531765806954354,-0.596122980117798,1.9157447151079e-06,278528
8025,1,0.401249989863572,0.401249989863572,-0.000528528937138617,-0.599543154239655,1.88931826891856e-06,278528
8026,1,0.401299989862309,0.401299989862309,-0.00052554119611159,-0.601097881793976,1.86304120977679e-06,278528
8027,1,0.401349989861046,0.401349989861046,-0.000522428890690207,-0.602963387966156,1.83691976590216e-06,278528
8028,1,0.401399989859783,0.401399989859783,-0.00051919202087447,-0.605450868606567,1.81096016551423e-06,278528
8029,1,0.40144998985852,0.40144998985852,-0.000514959276188165,-0.608560144901276,1.78521220235527e-06,278528
8030,1,0.401499989857257,0.401499989857257,-0.000508485711179674,-0.608871102333069,1.75978791743856e-06,278528
8031,1,0.401549989855994,0.401549989855994,-0.000506120326463133,-0.611358523368835,1.73448190175469e-06,278528
8032,1,0.401599989854731,0.401599989854731,-0.000501638627611101,-0.611980378627777,1.70939997100776e-06,278528
8033,1,0.401649989853468,0.401649989853468,-0.00049454253166914,-0.61508971452713,1.68467284504896e-06,278528
8034,1,0.401699989852204,0.401699989852204,-0.000489313853904605,-0.616333425045013,1.66020715297179e-06,278528
8035,1,0.401749989850941,0.401749989850941,-0.000484583142679185,-0.617266237735748,1.63597799644991e-06,278528
8036,1,0.401799989849678,0.401799989849678,-0.000479603448184207,-0.618509948253632,1.61199782464649e-06,278528
8037,1,0.401849989848415,0.401849989848415,-0.000472756335511804,-0.62068647146225,1.58836000846804e-06,278528
8038,1,0.401899989847152,0.401899989847152,-0.000466033729026094,-0.622552037239075,1.56505832260538e-06,278528
8039,1,0.401949989845889,0.401949989845889,-0.000459684641100466,-0.623173892498016,1.54207409113099e-06,278528
8040,1,0.401999989844626,0.401999989844626,-0.000453584507340565,-0.624728560447693,1.51939486633689e-06,278528
8041,1,0.402049989843363,0.402049989843363,-0.000444247561972588,-0.625972270965576,1.49718248879939e-06,278528
8042,1,0.4020999898421,0.4020999898421,-0.00043889440712519,-0.627216041088104,1.4752377689975e-06,278528
8043,1,0.402149989840836,0.402149989840836,-0.000430055399192497,-0.628770649433136,1.45373499958108e-06,278528
8044,1,0.402199989839573,0.402199989839573,-0.000422710349084809,-0.630014359951019,1.43259948266077e-06,278528
8045,1,0.40224998983831,0.40224998983831,-0.000413995905546471,-0.629081547260284,1.41189968790637e-06,278528
8046,1,0.402299989837047,0.402299989837047,-0.000405156897613779,-0.630947172641754,1.39164184353743e-06,278528
8047,1,0.402349989835784,0.402349989835784,-0.000398060830775648,-0.630325317382813,1.37173880250144e-06,278528
8048,1,0.402399989834521,0.402399989834521,-0.000388350454159081,-0.632190942764282,1.35232128028402e-06,278528
8049,1,0.402449989833258,0.402449989833258,-0.000378515542251989,-0.632812738418579,1.33339550364952e-06,278528
8050,1,0.402499989831995,0.402499989831995,-0.000370423513231799,-0.633434653282166,1.31487432845582e-06,278528
8051,1,0.402549989830732,0.402549989830732,-0.000359841680619866,-0.633434653282166,1.29688224487934e-06,278528
8052,1,0.402599989829469,0.402599989829469,-0.000351500668330118,-0.634367406368256,1.27930721190682e-06,278528
8053,1,0.402649989828205,0.402649989828205,-0.000340545346261933,-0.634989261627197,1.26227994502387e-06,278528
8054,1,0.402699989826942,0.402699989826942,-0.000331581861246377,-0.634989261627197,1.24570085238037e-06,278528
8055,1,0.402749989825679,0.402749989825679,-0.000320626539178193,-0.634678363800049,1.22966952582645e-06,278528
8056,1,0.402799989824416,0.402799989824416,-0.000309671158902347,-0.634367406368256,1.21418596827248e-06,278528
8057,1,0.402849989823153,0.402849989823153,-0.000299338309559971,-0.635611116886139,1.19921905317258e-06,278528
8058,1,0.40289998982189,0.40289998982189,-0.000289254414383322,-0.635922014713287,1.18475633281877e-06,278528
8059,1,0.402949989820627,0.402949989820627,-0.000277925602858886,-0.634056448936462,1.17086005302687e-06,278528
8060,1,0.402999989819364,0.402999989819364,-0.000266098824795336,-0.634367406368256,1.15755511212322e-06,278528
8061,1,0.403049989818101,0.403049989818101,-0.000255018996540457,-0.633434653282166,1.14480416261831e-06,278528
8062,1,0.403099989816837,0.403099989816837,-0.000243067697738297,-0.632812738418579,1.13265077803842e-06,278528
8063,1,0.403149989815574,0.403149989815574,-0.00023236135893967,-0.632812738418579,1.12103271038493e-06,278528
8064,1,0.403199989814311,0.403199989814311,-0.000219912108150311,-0.632501840591431,1.11003710525519e-06,278528
8065,1,0.403249989813048,0.403249989813048,-0.000207836332265288,-0.631879925727844,1.09964528890444e-06,278528
8066,1,0.403299989811785,0.403299989811785,-0.000196009539649822,-0.631569027900696,1.08984481216953e-06,278528
8067,1,0.403349989810522,0.403349989810522,-0.000183684780495241,-0.630636215209961,1.08066057337678e-06,278528
8068,1,0.403399989809259,0.403399989809259,-0.000171235529705882,-0.629392504692078,1.07209879710778e-06,278528
8069,1,0.403449989807996,0.403449989807996,-0.000158786293468438,-0.628770649433136,1.06415948263492e-06,278528
8070,1,0.403499989806733,0.403499989806733,-0.0001467105030315,-0.627837836742401,1.05682395766866e-06,278528
8071,1,0.40354998980547,0.40354998980547,-0.000133265304611996,-0.625661373138428,1.05016069260638e-06,278528
8072,1,0.403599989804206,0.403599989804206,-0.000121812008728739,-0.625350415706635,1.04407009232381e-06,278528
8073,1,0.403649989802943,0.403649989802943,-0.00010836682486115,-0.623795747756958,1.03865175121763e-06,278528
8074,1,0.40369998980168,0.40369998980168,-9.54196075326763e-05,-0.622552037239075,1.03388077096152e-06,278528
8075,1,0.403749989800417,0.403749989800417,-8.22233996586874e-05,-0.62161922454834,1.02976960108244e-06,278528
8076,1,0.403799989799154,0.403799989799154,-6.89027074258775e-05,-0.620375514030457,1.02632446579818e-06,278528
8077,1,0.403849989797891,0.403849989797891,-5.63289613637608e-05,-0.619442760944366,1.02350801780114e-06,278528
8078,1,0.403899989796628,0.403899989796628,-4.28837738581933e-05,-0.616955280303955,1.0213638291624e-06,278528
8079,1,0.403949989795365,0.403949989795365,-3.01855397992767e-05,-0.61508971452713,1.01985455221056e-06,278528
8080,1,0.403999989794102,0.403999989794102,-1.66158588399412e-05,-0.613535046577454,1.01902375928955e-06,278528
8081,1,0.404049989792838,0.404049989792838,-3.91762296203524e-06,-0.611358523368835,1.0188278781464e-06,278528
8082,1,0.404099989791575,0.404099989791575,1.00255356301204e-05,-0.609803915023804,1.01932915491524e-06,278528
8083,1,0.404149989790312,0.404149989790312,2.30972455028677e-05,-0.608871102333069,1.02048401716121e-06,278528
8084,1,0.404199989789049,0.404199989789049,3.72893919120543e-05,-0.606694579124451,1.02234848670971e-06,278528
8085,1,0.404249989787786,0.404249989787786,4.98631343361922e-05,-0.604518055915833,1.02484164336354e-06,278528
8086,1,0.404299989786523,0.404299989786523,6.36818076600321e-05,-0.603274345397949,1.02802573366611e-06,278528
8087,1,0.40434998978526,0.40434998978526,7.66290177125484e-05,-0.599543154239655,1.03185718445494e-06,278528
8088,1,0.404399989783997,0.404399989783997,8.93272590474226e-05,-0.598921298980713,1.03632354729448e-06,278528
8089,1,0.404449989782734,0.404449989782734,0.000102398968010675,-0.595190167427063,1.04144349556568e-06,278528
8090,1,0.404499989781471,0.404499989781471,0.000116715600597672,-0.594568312168121,1.04727927544814e-06,278528
8091,1,0.404549989780207,0.404549989780207,0.000129538326291367,-0.590526163578033,1.05375619159908e-06,278528
8092,1,0.404599989778944,0.404599989778944,0.000142485558171757,-0.587416887283325,1.0608804693277e-06,278528
8093,1,0.404649989777681,0.404649989777681,0.000155059286043979,-0.586173176765442,1.06863343343404e-06,278528
8094,1,0.404699989776418,0.404699989776418,0.000167757520102896,-0.584307610988617,1.07702130922729e-06,278528
8095,1,0.404749989775155,0.404749989775155,0.000180829229066148,-0.581509232521057,1.08606277045219e-06,278528
8096,1,0.404799989773892,0.404799989773892,0.000193402971490286,-0.577467083930969,1.09573291878242e-06,278528
8097,1,0.404849989772629,0.404849989772629,0.000206599172088318,-0.576223373413086,1.10606287712588e-06,278528
8098,1,0.404899989771366,0.404899989771366,0.000218550470890477,-0.572492241859436,1.11699040039435e-06,278528
8099,1,0.404949989770103,0.404949989770103,0.000231995654758066,-0.570004820823669,1.12859018283922e-06,278528
8100,1,0.404999989768839,0.404999989768839,0.000242577501921915,-0.566895484924316,1.14071905762891e-06,278528
8101,1,0.405049989767576,0.405049989767576,0.00025540022761561,-0.564097106456757,1.15348906868709e-06,278528
8102,1,0.405099989766313,0.405099989766313,0.000267351511865854,-0.56254243850708,1.16685664394269e-06,278528
8103,1,0.40514998976505,0.40514998976505,0.00027967625646852,-0.557878494262695,1.18084045641286e-06,278528
8104,1,0.405199989763787,0.405199989763787,0.000291005097096786,-0.555701971054077,1.19539071090013e-06,278528
8105,1,0.405249989762524,0.405249989762524,0.000302209402434528,-0.553525507450104,1.21050118064013e-06,278528
8106,1,0.405299989761261,0.405299989761261,0.000313911674311385,-0.550105214118958,1.22619676395919e-06,278528
8107,1,0.405349989759998,0.405349989759998,0.00032486705458723,-0.546374082565308,1.24244011627821e-06,278528
8108,1,0.405399989758735,0.405399989758735,0.0003353244101163,-0.543575704097748,1.25920633636048e-06,278528
8109,1,0.405449989757471,0.405449989757471,0.000347524706739932,-0.54046642780304,1.27658257125852e-06,278528
8110,1,0.405499989756208,0.405499989756208,0.00035823104553856,-0.537667989730835,1.29449412308296e-06,278528
8111,1,0.405549989754945,0.405549989754945,0.000368190434528515,-0.534247756004333,1.31290364434432e-06,278528
8112,1,0.405599989753682,0.405599989753682,0.000378025317331776,-0.53020566701889,1.33180490973342e-06,278528
8113,1,0.405649989752419,0.405649989752419,0.000388109241612256,-0.527407348155975,1.35121037132381e-06,278528
8114,1,0.405699989751156,0.405699989751156,0.000398068630602211,-0.525230765342712,1.37111380235112e-06,278528
8115,1,0.405749989749893,0.405749989749893,0.000407779036322609,-0.520877778530121,1.39150275365218e-06,278528
8116,1,0.40579998974863,0.40579998974863,0.000415995571529493,-0.517768502235413,1.41230253170321e-06,278528
8117,1,0.405849989747367,0.405849989747367,0.000425830483436584,-0.51465916633606,1.43359405533717e-06,278528
8118,1,0.405899989746104,0.405899989746104,0.000434171437518671,-0.510927975177765,1.4553026266647e-06,278528
8119,1,0.40594998974484,0.40594998974484,0.000443134922534227,-0.507507741451263,1.47745937223168e-06,278528
8120,1,0.405999989743577,0.405999989743577,0.000452720822067931,-0.50346565246582,1.50009541276325e-06,278528
8121,1,0.406049989742314,0.406049989742314,0.00045906993909739,-0.500978231430054,1.52304890913826e-06,278528
8122,1,0.406099989741051,0.406099989741051,0.000468406855361536,-0.497247040271759,1.54646925131469e-06,278528
8123,1,0.406149989739788,0.406149989739788,0.000475129490951076,-0.495070546865463,1.57022572526211e-06,278528
8124,1,0.406199989738525,0.406199989738525,0.000482101080706343,-0.491650313138962,1.59433077868848e-06,278528
8125,1,0.406249989737262,0.406249989737262,0.000489695114083588,-0.48791915178299,1.61881553377412e-06,278528
8126,1,0.406299989735999,0.406299989735999,0.000495297252200544,-0.484187960624695,1.64358039575854e-06,278528
8127,1,0.406349989734736,0.406349989734736,0.000502144335769117,-0.480767756700516,1.66868761191273e-06,278528
8128,1,0.406399989733472,0.406399989733472,0.000508493452798575,-0.477036565542221,1.69411228391038e-06,278528
8129,1,0.406449989732209,0.406449989732209,0.000513597682584077,-0.473927289247513,1.71979216739085e-06,278528
8130,1,0.406499989730946,0.406499989730946,0.000519573339261115,-0.470817983150482,1.74577083369763e-06,278528
8131,1,0.406549989729683,0.406549989729683,0.000525299983564764,-0.467708677053452,1.77203583221236e-06,278528
8132,1,0.40659998972842,0.40659998972842,0.000530155200976878,-0.463355630636215,1.79854359159156e-06,278528
8133,1,0.406649989727157,0.406649989727157,0.000533889979124069,-0.460868209600449,1.82523808987341e-06,278528
8134,1,0.406699989725894,0.406699989725894,0.00053899415070191,-0.457758903503418,1.85218779672769e-06,278528
8135,1,0.406749989724631,0.406749989724631,0.000541981891728938,-0.454338669776917,1.87928689062956e-06,278528
8136,1,0.406799989723368,0.406799989723368,0.000546463706996292,-0.451229363679886,1.90661007528913e-06,278528
8137,1,0.406849989722105,0.406849989722105,0.000549700518604368,-0.446254462003708,1.93409510052502e-06,278528
8138,1,0.406899989720841,0.406899989720841,0.000552439305465668,-0.443767011165619,1.96171706510052e-06,278528
8139,1,0.406949989719578,0.406949989719578,0.000555551610887051,-0.440346777439117,1.98949464494315e-06,278528
8140,1,0.406999989718315,0.406999989718315,0.000556796556338668,-0.437237471342087,2.01733447205679e-06,278528
8141,1,0.407049989717052,0.407049989717052,0.000560531276278198,-0.435371905565262,2.04536103516269e-06,278528
8142,1,0.407099989715789,0.407099989715789,0.000562149740289897,-0.430397003889084,2.07346852146713e-06,278528
8143,1,0.407149989714526,0.407149989714526,0.000563021167181432,-0.427909553050995,2.10161957911504e-06,278528
8144,1,0.407199989713263,0.407199989713263,0.000565386551897973,-0.424800246953964,2.1298889059958e-06,278528
8145,1,0.407249989712,0.407249989712,0.000566008966416121,-0.422623753547668,2.15818935360168e-06,278528
8146,1,0.407299989710737,0.407299989710737,0.000567378418054432,-0.418270707130432,2.18655827378774e-06,278528
8147,1,0.407349989709473,0.407349989709473,0.000567129405681044,-0.414850473403931,2.21491474335545e-06,278528
8148,1,0.40739998970821,0.40739998970821,0.000567627372220159,-0.413917720317841,2.24329611124948e-06,278528
8149,1,0.407449989706947,0.407449989706947,0.000566506991162896,-0.410186529159546,2.27162146009207e-06,278528
8150,1,0.407499989705684,0.407499989705684,0.000566755945328623,-0.406766295433044,2.29995925664262e-06,278528
8151,1,0.407549989704421,0.407549989704421,0.000565884460229427,-0.404589772224426,2.32825347893932e-06,278528
8152,1,0.407599989703158,0.407599989703158,0.000565884460229427,-0.400236755609512,2.35654770123602e-06,278528
8153,1,0.407649989701895,0.407649989701895,0.000563021167181432,-0.398682087659836,2.38469875888394e-06,278528
8154,1,0.407699989700632,0.407699989700632,0.000561776221729815,-0.395261853933334,2.41278756926085e-06,278528
8155,1,0.407749989699369,0.407749989699369,0.000558912928681821,-0.393085360527039,2.44073321498897e-06,278528
8156,1,0.407799989698105,0.407799989698105,0.000557294522877783,-0.389043271541595,2.46859794042894e-06,278528
8157,1,0.407849989696842,0.407849989696842,0.000554431229829788,-0.388110458850861,2.49631950122012e-06,278528
8158,1,0.407899989695579,0.407899989695579,0.00055281282402575,-0.38500115275383,2.52396014172315e-06,278528
8159,1,0.407949989694316,0.407949989694316,0.000548206618987024,-0.38220277428627,2.55137047198006e-06,278528
8160,1,0.407999989693053,0.407999989693053,0.000544471782632172,-0.37909346818924,2.57859406042394e-06,278528
8161,1,0.40804998969179,0.40804998969179,0.000541608431376517,-0.377538830041885,2.60567448130866e-06,278528
8162,1,0.408099989690527,0.408099989690527,0.000536504318006337,-0.375984191894531,2.63249969653131e-06,278528
8163,1,0.408149989689264,0.408149989689264,0.000533018494024873,-0.373496741056442,2.65915062055929e-06,278528
8164,1,0.408199989688001,0.408199989688001,0.000528038828633726,-0.370076507329941,2.68555256132401e-06,278528
8165,1,0.408249989686738,0.408249989686738,0.000522934598848224,-0.368832796812057,2.7116992906059e-06,278528
8166,1,0.408299989685474,0.408299989685474,0.000518203887622803,-0.366656243801117,2.7376094843325e-06,278528
8167,1,0.408349989684211,0.408349989684211,0.000511730264406651,-0.365412533283234,2.76319599690646e-06,278528
8168,1,0.408399989682948,0.408399989682948,0.000507124059367925,-0.362614154815674,2.7885521992343e-06,278528
8169,1,0.408449989681685,0.408449989681685,0.000500650436151773,-0.360437661409378,2.81358472040952e-06,278528
8170,1,0.408499989680422,0.408499989680422,0.00049517274601385,-0.35826113820076,2.83834335708475e-06,278528
8171,1,0.408549989679159,0.408549989679159,0.000489197147544473,-0.357017397880554,2.86280321384407e-06,278528
8172,1,0.408599989677896,0.408599989677896,0.000481852068332955,-0.3554627597332,2.88689581665209e-06,278528
8173,1,0.408649989676633,0.408649989676633,0.000473760068416595,-0.353908121585846,2.91058381947451e-06,278528
8174,1,0.40869998967537,0.40869998967537,0.000467784440843388,-0.351731598377228,2.93397304092581e-06,278528
8175,1,0.408749989674106,0.408749989674106,0.000461933261249214,-0.351109713315964,2.9570697034048e-06,278528
8176,1,0.408799989672843,0.408799989672843,0.000453965738415718,-0.348933219909668,2.97976798975218e-06,278528
8177,1,0.40884998967158,0.40884998967158,0.000445126817794517,-0.347067624330521,3.00202433007967e-06,278528
8178,1,0.408899989670317,0.408899989670317,0.000438279705122113,-0.345512986183167,3.02393831478218e-06,278528
8179,1,0.408949989669054,0.408949989669054,0.000429938692832366,-0.345202058553696,3.04543524888074e-06,278528
8180,1,0.408999989667791,0.408999989667791,0.000421099743107334,-0.343336492776871,3.06649023550421e-06,278528
8181,1,0.409049989666528,0.409049989666528,0.000412634253734723,-0.342403680086136,3.08712194766975e-06,278528
8182,1,0.409099989665265,0.409099989665265,0.000404168764362112,-0.341470897197723,3.10733038537735e-06,278528
8183,1,0.409149989664002,0.409149989664002,0.000394707312807441,-0.340538084506989,3.12706575051916e-06,278528
8184,1,0.409199989662739,0.409199989662739,0.000385619379812852,-0.341470897197723,3.14634671902272e-06,278528
8185,1,0.409249989661475,0.409249989661475,0.000376531417714432,-0.338672518730164,3.16517328943285e-06,278528
8186,1,0.409299989660212,0.409299989660212,0.000368065928341821,-0.337739735841751,3.18357658538503e-06,278528
8187,1,0.409349989658949,0.409349989658949,0.000358106510248035,-0.337428778409958,3.20148191044511e-06,278528
8188,1,0.409399989657686,0.409399989657686,0.000348769593983889,-0.336495995521545,3.21892038970377e-06,278528
8189,1,0.409449989656423,0.409449989656423,0.00033868569880724,-0.336185097694397,3.23585467421633e-06,278528
8190,1,0.40949998965516,0.40949998965516,0.000328850786900148,-0.336806952953339,3.25229721314597e-06,278528
8191,1,0.409549989653897,0.409549989653897,0.000318019971018657,-0.335252285003662,3.26819821129521e-06,278528
8192,1,0.409599989652634,0.409599989652634,0.000307562586385757,-0.335874140262604,3.28357634022601e-06,278528
8193,1,0.409649989651371,0.409649989651371,0.000296482787234709,-0.335563242435455,3.29840047921326e-06,278528
8194,1,0.409699989650107,0.409699989650107,0.00028677232330665,-0.335874140262604,3.31273909501637e-06,278528
8195,1,0.409749989648844,0.409749989648844,0.000275692524155602,-0.33431950211525,3.32652372087592e-06,278528
8196,1,0.409799989647581,0.409799989647581,0.000264612695900723,-0.334008544683456,3.33975435533672e-06,278528
8197,1,0.409849989646318,0.409849989646318,0.000254279817454517,-0.335252285003662,3.35246834588826e-06,278528
8198,1,0.409899989645055,0.409899989645055,0.000242702008108608,-0.335874140262604,3.36460344598713e-06,278528
8199,1,0.409949989643792,0.409949989643792,0.000230750723858364,-0.335252285003662,3.37614098188859e-06,278528
8200,1,0.409999989642529,0.409999989642529,0.0002201688621426,-0.335874140262604,3.38714942471762e-06,278528
8201,1,0.410049989641266,0.410049989641266,0.000208591067348607,-0.336495995521545,3.39757897782158e-06,278528
8202,1,0.410099989640003,0.410099989640003,0.000197386732907034,-0.336495995521545,3.40744831421761e-06,278528
8203,1,0.410149989638739,0.410149989638739,0.000185684431926347,-0.337739735841751,3.41673253557939e-06,278528
8204,1,0.410199989637476,0.410199989637476,0.000173982145497575,-0.338672518730164,3.42543164263451e-06,278528
8205,1,0.410249989636213,0.410249989636213,0.000162653319421224,-0.338983446359634,3.43356430840012e-06,278528
8206,1,0.41029998963495,0.41029998963495,0.000151075539179146,-0.339294373989105,3.44111808516826e-06,278528
8207,1,0.410349989633687,0.410349989633687,0.00013924874656368,-0.340849041938782,3.44808052232056e-06,278528
8208,1,0.410399989632424,0.410399989632424,0.000128044412122108,-0.341470897197723,3.45448274276493e-06,278528
8209,1,0.410449989631161,0.410449989631161,0.000115719660243485,-0.341159969568253,3.46026872563094e-06,278528
8210,1,0.410499989629898,0.410499989629898,0.000104141858173534,-0.342714637517929,3.46547581840807e-06,278528
8211,1,0.410549989628635,0.410549989628635,9.18171062949114e-05,-0.344269275665283,3.47006667360684e-06,278528
8212,1,0.410599989627372,0.410599989627372,7.87453900557011e-05,-0.345512986183167,3.47400394301016e-06,278528
8213,1,0.410649989626108,0.410649989626108,6.87859937897883e-05,-0.347067624330521,3.47744324261277e-06,278528
8214,1,0.410699989624845,0.410699989624845,5.54652979189996e-05,-0.348000437021255,3.48021650743866e-06,278528
8215,1,0.410749989623582,0.410749989623582,4.46344492956996e-05,-0.349866032600403,3.48244822984706e-06,278528
8216,1,0.410799989622319,0.410799989622319,3.24341854138765e-05,-0.351109713315964,3.48406993907679e-06,278528
8217,1,0.410849989621056,0.410849989621056,1.99849346245173e-05,-0.352975308895111,3.48506918578277e-06,278528
8218,1,0.410899989619793,0.410899989619793,8.28264182928251e-06,-0.354529976844788,3.48548331786378e-06,278528
8219,1,0.41094998961853,0.41094998961853,-4.166608050582e-06,-0.356395572423935,3.48527498746651e-06,278528
8220,1,0.410999989617267,0.410999989617267,-1.68648421094986e-05,-0.358572065830231,3.48443174538234e-06,278528
8221,1,0.411049989616004,0.411049989616004,-2.80691656371346e-05,-0.360748589038849,3.48302828713593e-06,278528
8222,1,0.41109998961474,0.41109998961474,-4.05184146075044e-05,-0.362303256988525,3.48100236645674e-06,278528
8223,1,0.411149989613477,0.411149989613477,-5.12247679580469e-05,-0.364479750394821,3.47844112812354e-06,278528
8224,1,0.411199989612214,0.411199989612214,-6.41719889244996e-05,-0.366345345973969,3.47523252875837e-06,278528
8225,1,0.411249989610951,0.411249989610951,-7.58742826292291e-05,-0.368210941553116,3.47143881472275e-06,278528
8226,1,0.411299989609688,0.411299989609688,-8.67051348905079e-05,-0.370076507329941,3.46710355808774e-06,278528
8227,1,0.411349989608425,0.411349989608425,-9.96523522189818e-05,-0.372563928365707,3.46212094060266e-06,278528
8228,1,0.411399989607162,0.411399989607162,-0.000110607688839082,-0.374740481376648,3.45659055630042e-06,278528
8229,1,0.411449989605899,0.411449989605899,-0.000122683472000062,-0.376606047153473,3.45045638285537e-06,278528
8230,1,0.411499989604636,0.411499989604636,-0.000134261266794056,-0.378782570362091,3.44374331968526e-06,278528
8231,1,0.411549989603373,0.411549989603373,-0.000145590078318492,-0.381580919027328,3.43646381595323e-06,278528
8232,1,0.411599989602109,0.411599989602109,-0.000157541362568736,-0.383757412433624,3.42858674802378e-06,278528
8233,1,0.411649989600846,0.411649989600846,-0.000168745667906478,-0.385933965444565,3.4201494648416e-06,278528
8234,1,0.411699989599583,0.411699989599583,-0.00017995000234805,-0.388421416282654,3.4111519649515e-06,278528
8235,1,0.41174998959832,0.41174998959832,-0.000190531864063814,-0.391841650009155,3.40162537198897e-06,278528
8236,1,0.411799989597057,0.411799989597057,-0.000201736198505387,-0.394639998674393,3.39153856231851e-06,278528
8237,1,0.411849989595794,0.411849989595794,-0.000213562976568937,-0.397438377141953,3.38086041375982e-06,278528
8238,1,0.411899989594531,0.411899989594531,-0.000223397888476029,-0.400236755609512,3.36969051961819e-06,278528
8239,1,0.411949989593268,0.411949989593268,-0.000234477716730908,-0.403656989336014,3.35796663407782e-06,278528
8240,1,0.411999989592005,0.411999989592005,-0.000244686118094251,-0.405522584915161,3.34573232848217e-06,278528
8241,1,0.412049989590741,0.412049989590741,-0.0002547700132709,-0.408631891012192,3.33299382814043e-06,278528
8242,1,0.412099989589478,0.412099989589478,-0.000265974318608642,-0.411119312047958,3.31969511254595e-06,278528
8243,1,0.412149989588215,0.412149989588215,-0.000276182690868154,-0.414539575576782,3.30588597835139e-06,278528
8244,1,0.412199989586952,0.412199989586952,-0.000286391092231497,-0.417959809303284,3.29156642410156e-06,278528
8245,1,0.412249989585689,0.412249989585689,-0.000295479025226086,-0.419514447450638,3.27679247321347e-06,278528
8246,1,0.412299989584426,0.412299989584426,-0.000305438443319872,-0.422623753547668,3.26152055143328e-06,278528
8247,1,0.412349989583163,0.412349989583163,-0.000316269288305193,-0.426976799964905,3.2457070874175e-06,278528
8248,1,0.4123999895819,0.4123999895819,-0.000324859254760668,-0.429153293371201,3.2294641250898e-06,278528
8249,1,0.412449989580637,0.412449989580637,-0.000334943179041147,-0.433195382356644,3.21271696656081e-06,278528
8250,1,0.412499989579374,0.412499989579374,-0.000344031082931906,-0.435993790626526,3.19551541284876e-06,278528
8251,1,0.41254998957811,0.41254998957811,-0.000353119074134156,-0.439103066921234,3.17785945958808e-06,278528
8252,1,0.412599989576847,0.412599989576847,-0.000361086567863822,-0.442834228277206,3.15980513165098e-06,278528
8253,1,0.412649989575584,0.412649989575584,-0.000370423513231799,-0.445321679115295,3.14128395645728e-06,278528
8254,1,0.412699989574321,0.412699989574321,-0.000379262492060661,-0.449363768100739,3.12232083233329e-06,278528
8255,1,0.412749989573058,0.412749989573058,-0.000388101441785693,-0.452473074197769,3.10291576073422e-06,278528
8256,1,0.412799989571795,0.412799989571795,-0.000395819981349632,-0.456204265356064,3.0831247621667e-06,278528
8257,1,0.412849989570532,0.412849989570532,-0.000403787504183128,-0.459624499082565,3.06293538746757e-06,278528
8258,1,0.412899989569269,0.412899989569269,-0.000412252964451909,-0.462111949920654,3.0423227397657e-06,278528
8259,1,0.412949989568006,0.412949989568006,-0.000419847026932985,-0.466464936733246,3.02133038894936e-06,278528
8260,1,0.412999989566742,0.412999989566742,-0.000427565566496924,-0.471128880977631,2.99995211116457e-06,278528
8261,1,0.413049989565479,0.413049989565479,-0.000434412650065497,-0.473927289247513,2.97823147921001e-06,278528
8262,1,0.413099989564216,0.413099989564216,-0.000442255666712299,-0.476103782653809,2.95611869643301e-06,278528
8263,1,0.413149989562953,0.413149989562953,-0.000449351733550429,-0.47952401638031,2.93365111032307e-06,278528
8264,1,0.41319998956169,0.41319998956169,-0.000455327419331297,-0.482944250106812,2.91088473993163e-06,278528
8265,1,0.413249989560427,0.413249989560427,-0.00046217447379604,-0.486053556203842,2.8877760168256e-06,278528
8266,1,0.413299989559164,0.413299989559164,-0.000468150130473077,-0.490095645189285,2.86436851089327e-06,278528
8267,1,0.413349989557901,0.413349989557901,-0.000474125758046284,-0.491961240768433,2.84066222358983e-06,278528
8268,1,0.413399989556638,0.413399989556638,-0.000480848364531994,-0.496003359556198,2.81661980597059e-06,278528
8269,1,0.413449989555374,0.413449989555374,-0.000485952536109835,-0.500667333602905,2.79232217977891e-06,278528
8270,1,0.413499989554111,0.413499989554111,-0.000491928192786872,-0.503776609897614,2.76772577076092e-06,278528
8271,1,0.413549989552848,0.413549989552848,-0.000495538464747369,-0.505642175674438,2.74294884814947e-06,278528
8272,1,0.413599989551585,0.413599989551585,-0.000502012087963521,-0.509995222091675,2.71784824438539e-06,278528
8273,1,0.413649989550322,0.413649989550322,-0.000506618293002248,-0.514037311077118,2.69251733037519e-06,278528
8274,1,0.413699989549059,0.413699989549059,-0.000510851037688553,-0.515591979026794,2.66697477913602e-06,278528
8275,1,0.413749989547796,0.413749989547796,-0.000514585815835744,-0.519944965839386,2.64124548899421e-06,278528
8276,1,0.413799989546533,0.413799989546533,-0.000519316468853503,-0.522743344306946,2.61527966620749e-06,278528
8277,1,0.41384998954527,0.41384998954527,-0.000521681911777705,-0.52647453546524,2.58919557127754e-06,278528
8278,1,0.413899989544007,0.413899989544007,-0.000526412623003125,-0.53020566701889,2.5628749407923e-06,278528
8279,1,0.413949989542743,0.413949989542743,-0.000529773882590234,-0.532382190227509,2.53638624733195e-06,278528
8280,1,0.41399998954148,0.41399998954148,-0.00053226383170113,-0.535802483558655,2.5097730564192e-06,278528
8281,1,0.414049989540217,0.414049989540217,-0.000535251572728157,-0.538911759853363,2.48301047845887e-06,278528
8282,1,0.414099989538954,0.414099989538954,-0.000537243497092277,-0.54139918088913,2.45614830428285e-06,278528
8283,1,0.414149989537691,0.414149989537691,-0.000540231238119304,-0.546063125133514,2.42913674305926e-06,278528
8284,1,0.414199989536428,0.414199989536428,-0.000542223220691085,-0.548861563205719,2.40202558270959e-06,278528
8285,1,0.414249989535165,0.414249989535165,-0.000543717062100768,-0.551970839500427,2.37483973029132e-06,278528
8286,1,0.414299989533902,0.414299989533902,-0.000544712995178998,-0.554458260536194,2.3476040812204e-06,278528
8287,1,0.414349989532639,0.414349989532639,-0.000545833434443921,-0.557567596435547,2.32031241018765e-06,278528
8288,1,0.414399989531375,0.414399989531375,-0.000547327392268926,-0.560055017471313,2.29294604126554e-06,278528
8289,1,0.414449989530112,0.414449989530112,-0.000548198760952801,-0.563475251197815,2.26553610391033e-06,278528
8290,1,0.414499989528849,0.414499989528849,-0.000549443706404418,-0.566273629665375,2.23806391928412e-06,278528
8291,1,0.414549989527586,0.414549989527586,-0.000548945739865303,-0.568761050701141,2.21061663298423e-06,278528
8292,1,0.414599989526323,0.414599989526323,-0.00054782530060038,-0.572181284427643,2.18322536864617e-06,278528
8293,1,0.41464998952506,0.41464998952506,-0.000548198760952801,-0.574668765068054,2.15581543129097e-06,278528
8294,1,0.414699989523797,0.414699989523797,-0.000547327392268926,-0.576845228672028,2.12844906236885e-06,278528
8295,1,0.414749989522534,0.414749989522534,-0.000546829425729811,-0.579954564571381,2.10110759177306e-06,278528
8296,1,0.414799989521271,0.414799989521271,-0.000545833434443921,-0.58275294303894,2.07381592074031e-06,278528
8297,1,0.414849989520008,0.414849989520008,-0.000543592497706413,-0.584307610988617,2.04663629654161e-06,278528
8298,1,0.414899989518744,0.414899989518744,-0.000541476241778582,-0.587727844715118,2.01956248513662e-06,278528
8299,1,0.414949989517481,0.414949989517481,-0.000539857777766883,-0.590215265750885,1.99256959693018e-06,278528
8300,1,0.414999989516218,0.414999989516218,-0.000537243497092277,-0.592391788959503,1.96570742275416e-06,278528
8301,1,0.415049989514955,0.415049989514955,-0.000535251572728157,-0.59487920999527,1.93894484479383e-06,278528
8302,1,0.415099989513692,0.415099989513692,-0.00053226383170113,-0.597366690635681,1.91233165388108e-06,278528
8303,1,0.415149989512429,0.415149989512429,-0.000529026903677732,-0.598921298980713,1.88588030936541e-06,278528
8304,1,0.415199989511166,0.415199989511166,-0.000526039104443043,-0.600786924362183,1.8595783548077e-06,278528
8305,1,0.415249989509903,0.415249989509903,-0.000522304384503514,-0.604207158088684,1.83346313624225e-06,278528
8306,1,0.41529998950864,0.41529998950864,-0.000517947133630514,-0.605761826038361,1.80756578021495e-06,278528
8307,1,0.415349989507376,0.415349989507376,-0.000514087849296629,-0.607938289642334,1.78186138839946e-06,278528
8308,1,0.415399989506113,0.415399989506113,-0.000509606150444597,-0.608871102333069,1.75638108152092e-06,278528
8309,1,0.41544998950485,0.41544998950485,-0.000505124335177243,-0.611980378627777,1.73112486540008e-06,278528
8310,1,0.415499989503587,0.415499989503587,-0.000500393682159483,-0.612913191318512,1.70610518192416e-06,278528
8311,1,0.415549989502324,0.415549989502324,-0.000495662970934063,-0.615711569786072,1.68132203400353e-06,278528
8312,1,0.415599989501061,0.415599989501061,-0.000489438360091299,-0.616955280303955,1.65685011661718e-06,278528
8313,1,0.415649989499798,0.415649989499798,-0.000484583142679185,-0.618199050426483,1.6326209600953e-06,278528
8314,1,0.415699989498535,0.415699989498535,-0.000477736059110612,-0.619442760944366,1.6087341577432e-06,278528
8315,1,0.415749989497272,0.415749989497272,-0.000471760402433574,-0.62068647146225,1.58514613821741e-06,278528
8316,1,0.415799989496008,0.415799989496008,-0.000464913318865001,-0.622552037239075,1.56190047286139e-06,278528
8317,1,0.415849989494745,0.415849989494745,-0.000458564201835543,-0.624728560447693,1.53897226334883e-06,278528
8318,1,0.415899989493482,0.415899989493482,-0.000450845691375434,-0.625039458274841,1.51642997934952e-06,278528
8319,1,0.415949989492219,0.415949989492219,-0.000442255666712299,-0.626905083656311,1.49431719657252e-06,278528
8320,1,0.415999989490956,0.415999989490956,-0.000435782072599977,-0.627837836742401,1.47252809349296e-06,278528
8321,1,0.416049989489693,0.416049989489693,-0.000428312545409426,-0.628459751605988,1.4511124667635e-06,278528
8322,1,0.41609998948843,0.41609998948843,-0.000420096010202542,-0.630014359951019,1.430107666784e-06,278528
8323,1,0.416149989487167,0.416149989487167,-0.000412750960094854,-0.630325317382813,1.4094701193006e-06,278528
8324,1,0.416199989485904,0.416199989485904,-0.00040416099363938,-0.631258130073547,1.38926207012913e-06,278528
8325,1,0.416249989484641,0.416249989484641,-0.00039507300243713,-0.631569027900696,1.36950842050629e-06,278528
8326,1,0.416299989483377,0.416299989483377,-0.000386732019251212,-0.632190942764282,1.35017182003222e-06,278528
8327,1,0.416349989482114,0.416349989482114,-0.000376897136447951,-0.632812738418579,1.33132696368588e-06,278528
8328,1,0.416399989480851,0.416399989480851,-0.000367809203453362,-0.633434653282166,1.31293650397779e-06,278528
8329,1,0.416449989479588,0.416449989479588,-0.000358970195520669,-0.633434653282166,1.29498799465518e-06,278528
8330,1,0.416499989478325,0.416499989478325,-0.000349384295986965,-0.63530021905899,1.27751878029714e-06,278528
8331,1,0.416549989477062,0.416549989477062,-0.000338677928084508,-0.634367406368256,1.2605848843207e-06,278528
8332,1,0.416599989475799,0.416599989475799,-0.000328718509990722,-0.634367406368256,1.24414895923637e-06,278528
8333,1,0.416649989474536,0.416649989474536,-0.00031851016683504,-0.634678363800049,1.22822345129693e-06,278528
8334,1,0.416699989473273,0.416699989473273,-0.000308177288388833,-0.635611116886139,1.21281458726675e-06,278528
