point_id,measurementpart_id,t,x,y,z,q,statusbyte
1,1,0.0666666701436043,-0.8,-3.27749575035341e-07,-0.799573481082916,-2.18499728085876e-08,425984
2,1,0.133333340287209,-0.797999999905005,-1.64963992688172e-07,-0.797590732574463,-3.28475728947019e-08,425984
3,1,0.200000010430813,-0.79599999981001,-1.7470591728852e-07,-0.795622527599335,-4.44946346547114e-08,425984
4,1,0.266666680574417,-0.793999999715015,-1.86954480341228e-07,-0.793567419052124,-5.69582673274891e-08,425984
5,1,0.333333350718021,-0.79199999962002,-1.06949919143062e-07,-0.791662991046906,-6.40882623088847e-08,425984
6,1,0.400000020861626,-0.789999999525026,-9.41421802735931e-08,-0.789632856845856,-7.03644079877841e-08,425984
7,1,0.46666669100523,-0.787999999430031,-1.32181241951912e-07,-0.787594139575958,-7.91764912441642e-08,425984
8,1,0.533333361148834,-0.785999999335036,-1.00939899994046e-07,-0.785644173622131,-8.59058182613956e-08,425984
9,1,0.600000031292439,-0.783999999240041,-3.83186531394131e-08,-0.783655941486359,-8.84603952705881e-08,425984
10,1,0.666666701436043,-0.781999999145046,-8.73541878831929e-08,-0.781644582748413,-9.42840080998593e-08,425984
11,1,0.733333371579647,-0.779999999050051,-9.42661699809832e-08,-0.779658794403076,-1.00568419759682e-07,425984
12,1,0.800000041723251,-0.777999998955056,-1.5528280883359e-08,-0.777664482593536,-1.01603638539231e-07,425984
13,1,0.866666711866856,-0.775999998860061,-4.17880237080226e-08,-0.775669515132904,-1.04389506931726e-07,425984
14,1,0.93333338201046,-0.773999998765066,-7.56842624127785e-08,-0.773639976978302,-1.09435124689061e-07,425984
15,1,1.00000005215406,-0.771999998670071,-1.79473591543911e-08,-0.771648049354553,-1.10631615361756e-07,425984
16,1,1.06666672229767,-0.769999998575077,2.8737168200621e-09,-0.769618511199951,-1.10440034230427e-07,425984
17,1,1.13333339244127,-0.767999998480082,-4.89893352551007e-08,-0.767646074295044,-1.13705990084433e-07,425984
18,1,1.20000006258488,-0.765999998385087,-2.98506712681501e-08,-0.765657186508179,-1.15696034939432e-07,425984
19,1,1.26666673272848,-0.763999998290092,3.30112754909351e-08,-0.763653159141541,-1.13495283125258e-07,425984
20,1,1.33333340287209,-0.761999998195097,-1.53580952400034e-08,-0.761667907238007,-1.14519156194657e-07,425984
21,1,1.40000007301569,-0.759999998100102,-3.41661099412249e-08,-0.759683310985565,-1.16796896976199e-07,425984
22,1,1.46666674315929,-0.757999998005107,3.87587100192377e-08,-0.757672607898712,-1.14212982840155e-07,425984
23,1,1.5333334133029,-0.755999997910112,2.39670896462485e-08,-0.755666732788086,-1.12615176780406e-07,425984
24,1,1.6000000834465,-0.753999997815117,-1.85989286194399e-08,-0.75361829996109,-1.13855105419703e-07,425984
25,1,1.66666675359011,-0.751999997720122,2.46235209999668e-08,-0.75165194272995,-1.12213537267424e-07,425984
26,1,1.73333342373371,-0.749999997625127,5.92296842683027e-08,-0.749655783176422,-1.08264891443599e-07,425984
27,1,1.80000009387732,-0.747999997530133,3.39886296885084e-09,-0.747710704803467,-1.08038300567192e-07,425984
28,1,1.86666676402092,-0.745999997435138,1.02209005703457e-08,-0.745656847953796,-1.07356907160298e-07,425984
29,1,1.93333343416452,-0.743999997340143,7.73277832877284e-08,-0.743694067001343,-1.02201721338919e-07,425984
30,1,2.00000010430813,-0.741999997245148,3.58363685393215e-08,-0.741657853126526,-9.9812629978363e-08,425984
31,1,2.06666677445173,-0.739999997150153,7.7410433618752e-09,-0.739651381969452,-9.92965603939895e-08,425984
32,1,2.13333344459534,-0.737999997055158,7.19887935929364e-08,-0.737681984901428,-9.44973072374932e-08,425984
33,1,2.20000011473894,-0.735999996960163,6.96159077051561e-08,-0.735718011856079,-8.9856246481766e-08,425984
34,1,2.26666678488255,-0.733999996865168,2.21485283447009e-08,-0.733663499355316,-8.83796778484435e-08,425984
35,1,2.33333345502615,-0.731999996770173,5.38323483567638e-08,-0.731689870357513,-8.47908544374876e-08,425984
36,1,2.40000012516975,-0.729999996675178,1.0045366138911e-07,-0.72972160577774,-7.80939433289424e-08,425984
37,1,2.46666679531336,-0.727999996580184,4.21624299917767e-08,-0.72767448425293,-7.52831145162278e-08,425984
38,1,2.53333346545696,-0.725999996485189,4.01542372685526e-08,-0.725666224956512,-7.26061652253772e-08,425984
39,1,2.60000013560057,-0.723999996390194,1.0860315313721e-07,-0.723650574684143,-6.53659546386235e-08,425984
40,1,2.66666680574417,-0.721999996295199,7.4337364708299e-08,-0.721664190292358,-6.04101300662705e-08,425984
41,1,2.73333347588778,-0.719999996200204,3.97214776626242e-08,-0.719689846038818,-5.77620314173198e-08,425984
42,1,2.80000014603138,-0.717999996105209,9.69672768746932e-08,-0.717684626579285,-5.12975459551911e-08,425984
43,1,2.86666681617498,-0.715999996010214,1.08403796161838e-07,-0.715639889240265,-4.40706258341553e-08,425984
44,1,2.93333348631859,-0.713999995915219,5.41192370917543e-08,-0.713691115379333,-4.04626765065358e-08,425984
45,1,3.00000015646219,-0.711999995820224,7.58009690571271e-08,-0.711730778217316,-3.54092783058388e-08,425984
46,1,3.0666668266058,-0.709999995725229,1.29657621528168e-07,-0.709701240062714,-2.67654364198162e-08,425984
47,1,3.1333334967494,-0.707999995630235,7.70846568798333e-08,-0.707701444625854,-2.16264590264754e-08,425984
48,1,3.20000016689301,-0.70599999553524,6.38782040596197e-08,-0.705706536769867,-1.73679118670669e-08,425984
49,1,3.26666683703661,-0.703999995440245,1.33732385165786e-07,-0.703705549240112,-8.452419057702e-09,425984
50,1,3.33333350718021,-0.70199999534525,1.06823492274088e-07,-0.701708137989044,-1.33085253467748e-09,425984
51,1,3.40000017732382,-0.699999995250255,6.65428316892758e-08,-0.699717462062836,3.10533647597284e-09,425984
52,1,3.46666684746742,-0.69799999515526,1.13932422607377e-07,-0.697707951068878,1.07008317126006e-08,425984
53,1,3.53333351761103,-0.695999995060265,1.39372829721651e-07,-0.695681989192963,1.99923541786346e-08,425984
54,1,3.60000018775463,-0.69399999496527,8.28904376248829e-08,-0.693682849407196,2.55183836418317e-08,425984
55,1,3.66666685789824,-0.691999994870275,9.40011730676815e-08,-0.691707372665405,3.17851288398467e-08,425984
56,1,3.73333352804184,-0.68999999477528,1.53702529814836e-07,-0.689706921577454,4.20319646952499e-08,425984
57,1,3.80000019818544,-0.687999994680285,1.08467013149038e-07,-0.687719941139221,4.92630992823188e-08,425984
58,1,3.86666686832905,-0.685999994585291,8.17623586613081e-08,-0.685712218284607,5.47139234773553e-08,425984
59,1,3.93333353847265,-0.683999994490296,1.49579150843238e-07,-0.683713018894196,6.46858673869818e-08,425984
60,1,4.00000020861626,-0.681999994395301,1.36183061272277e-07,-0.681712031364441,7.3764738611967e-08,425984
61,1,4.06666687875986,-0.679999994300306,9.21631624350994e-08,-0.679726243019104,7.99089497614192e-08,425984
62,1,4.13333354890347,-0.677999994205311,1.28976878954745e-07,-0.677770137786865,8.85074088068467e-08,425984
63,1,4.20000021904707,-0.675999994110316,1.64925083367962e-07,-0.675723612308502,9.95024149381451e-08,425984
64,1,4.26666688919067,-0.673999994015321,1.06847807046506e-07,-0.673724412918091,1.06625602446082e-07,425984
65,1,4.33333355933428,-0.671999993920326,1.09152615834773e-07,-0.671706438064575,1.1390244388125e-07,425984
66,1,4.40000022947788,-0.669999993825331,1.75136250391006e-07,-0.66971755027771,1.25578194516255e-07,425984
67,1,4.46666689962149,-0.667999993730336,1.33372552113542e-07,-0.667761504650116,1.34469698454219e-07,425984
68,1,4.53333356976509,-0.665999993635342,1.02870309603986e-07,-0.665766537189484,1.41327719452159e-07,425984
69,1,4.6000002399087,-0.663999993540347,1.62688365890062e-07,-0.663740634918213,1.52173611077154e-07,425984
70,1,4.6666669100523,-0.661999993445352,1.64142221592556e-07,-0.66170072555542,1.63116426420703e-07,425984
71,1,4.7333335801959,-0.659999993350357,1.14044254928558e-07,-0.659736156463623,1.70719377145798e-07,425984
72,1,4.80000025033951,-0.657999993255362,1.39348529160088e-07,-0.657767951488495,1.8000927957431e-07,425984
73,1,4.86666692048311,-0.655999993160367,1.8658737133137e-07,-0.655722618103027,1.92448438311821e-07,425984
74,1,4.93333359062672,-0.653999993065372,1.3342604177069e-07,-0.653714299201965,2.01343508227114e-07,425984
75,1,5.00000026077032,-0.651999992970377,1.21872815839197e-07,-0.65173214673996,2.09468363040138e-07,425984
76,1,5.06666693091393,-0.649999992875382,1.91906892155203e-07,-0.649734795093536,2.22262156517733e-07,425984
77,1,5.13333360105753,-0.647999992780387,1.59411044364788e-07,-0.647773206233978,2.32889560029648e-07,425984
78,1,5.20000027120113,-0.645999992685393,1.20239036505154e-07,-0.645718812942505,2.40905496214722e-07,425984
79,1,5.26666694134474,-0.643999992590398,1.72097230688451e-07,-0.643740296363831,2.52378645525657e-07,425984
80,1,5.33333361148834,-0.641999992495403,1.88726843930453e-07,-0.641752004623413,2.64960435777212e-07,425984
81,1,5.40000028163195,-0.639999992400408,1.35468269490957e-07,-0.639764964580536,2.7399165421429e-07,425984
82,1,5.46666695177555,-0.637999992305413,1.50357138295476e-07,-0.637739658355713,2.84015463956771e-07,425984
83,1,5.53333362191916,-0.635999992210418,2.06922209144977e-07,-0.63577264547348,2.97810278619225e-07,425984
84,1,5.60000029206276,-0.633999992115423,1.57592495497738e-07,-0.633737087249756,3.0831644553368e-07,425984
85,1,5.66666696220636,-0.631999992020428,1.34996611222959e-07,-0.631775498390198,3.17316220084586e-07,425984
86,1,5.73333363234997,-0.629999991925433,2.03576831836472e-07,-0.629752635955811,3.30888009581508e-07,425984
87,1,5.80000030249357,-0.627999991830438,1.83008594945022e-07,-0.6277716755867,3.43088583214152e-07,425984
88,1,5.86666697263718,-0.625999991735444,1.42616087828173e-07,-0.625771880149841,3.52596322898564e-07,425984
89,1,5.93333364278078,-0.623999991640449,1.81783235575494e-07,-0.623824298381805,3.64715205902313e-07,425984
90,1,6.00000031292439,-0.621999991545454,2.10306467351984e-07,-0.621801435947418,3.78735637790334e-07,425984
91,1,6.06666698306799,-0.619999991450459,1.55054280526201e-07,-0.619835674762726,3.89072590364528e-07,425984
92,1,6.13333365321159,-0.617999991355464,1.62061098762933e-07,-0.617754459381104,3.99876664178867e-07,425984
93,1,6.2000003233552,-0.615999991260469,2.21961784063751e-07,-0.61575710773468,4.14674117221531e-07,425984
94,1,6.2666669934988,-0.613999991165474,1.7717364642067e-07,-0.61379861831665,4.26485694265597e-07,425984
95,1,6.33333366364241,-0.611999991070479,1.50600257597944e-07,-0.611775755882263,4.36525711962421e-07,425984
96,1,6.40000033378601,-0.609999990975484,2.15455827401456e-07,-0.609780192375183,4.50889434538312e-07,425984
97,1,6.46666700392962,-0.607999990880489,2.05550989562653e-07,-0.607753098011017,4.64592834557176e-07,425984
98,1,6.53333367407322,-0.605999990785494,1.5892968008302e-07,-0.605790913105011,4.751881471153e-07,425984
99,1,6.60000034421682,-0.6039999906905,1.9145468854731e-07,-0.603813648223877,4.8795179368413e-07,425984
100,1,6.66666701436043,-0.601999990595505,2.31545712381376e-07,-0.601770102977753,5.03388175314625e-07,425984
101,1,6.73333368450403,-0.59999999050051,1.76016371256082e-07,-0.599789142608643,5.15122600677028e-07,425984
102,1,6.80000035464764,-0.597999990405515,1.73337156184061e-07,-0.597797870635986,5.26678411691981e-07,425984
103,1,6.86666702479124,-0.59599999031052,2.39539616586626e-07,-0.595793783664703,5.42647720297287e-07,425984
104,1,6.93333369493484,-0.593999990215525,2.0081979812403e-07,-0.593792796134949,5.56035707537127e-07,425984
105,1,7.00000036507845,-0.59199999012053,1.66364372944372e-07,-0.591795444488525,5.67126666311857e-07,425984
106,1,7.06666703522205,-0.589999990025535,2.26712430162479e-07,-0.589786529541016,5.82240829110954e-07,425984
107,1,7.13333370536566,-0.58799998993054,2.27393172735901e-07,-0.587796449661255,5.97400374750646e-07,425984
108,1,7.20000037550926,-0.585999989835545,1.7719308686992e-07,-0.585769951343536,6.0921324782473e-07,425984
109,1,7.26666704565287,-0.583999989740551,1.99331893213639e-07,-0.583801090717316,6.22502041398704e-07,425984
110,1,7.33333371579647,-0.581999989645556,2.48963033300242e-07,-0.581809818744659,6.39099577817682e-07,425984
111,1,7.40000038594007,-0.579999989550561,1.96920098005648e-07,-0.579799115657806,6.52227585036071e-07,425984
112,1,7.46666705608368,-0.577999989455566,1.84963298011098e-07,-0.577781081199646,6.6455847221325e-07,425984
113,1,7.53333372622728,-0.575999989360571,2.52483516760549e-07,-0.575822591781616,6.81390707541823e-07,425984
114,1,7.60000039637089,-0.573999989265576,2.22778695047054e-07,-0.573822200298309,6.96242621319548e-07,425984
115,1,7.66666706651449,-0.571999989170581,1.85969838639721e-07,-0.571802973747253,7.08640611208801e-07,425984
116,1,7.7333337366581,-0.569999989075586,2.34788984698753e-07,-0.569811701774597,7.24293211005065e-07,425984
117,1,7.8000004068017,-0.567999988980591,2.52444607440339e-07,-0.567789375782013,7.41122852378821e-07,425984
118,1,7.8666670769453,-0.565999988885596,1.97989848516045e-07,-0.56579202413559,7.54322176301623e-07,425984
119,1,7.93333374708891,-0.563999988790602,2.13000262760943e-07,-0.563801944255829,7.68522194559608e-07,425984
120,1,8.00000041723251,-0.561999988695607,2.71967394382955e-07,-0.561805188655853,7.86653355130752e-07,425984
121,1,8.06666708737612,-0.559999988600612,2.21392895127792e-07,-0.559807240962982,8.01412882242374e-07,425984
122,1,8.13333375751972,-0.557999988505617,2.01242826847192e-07,-0.557773411273956,8.14829071398562e-07,425984
123,1,8.20000042766333,-0.555999988410622,2.69638235295133e-07,-0.555801570415497,8.32804954689086e-07,425984
124,1,8.26666709780693,-0.553999988315627,2.47708527467694e-07,-0.553834557533264,8.49318857381533e-07,425984
125,1,8.33333376795053,-0.551999988220632,2.08988737426807e-07,-0.551819026470184,8.63251440603294e-07,425984
126,1,8.40000043809414,-0.549999988125637,2.48661592650024e-07,-0.549824059009552,8.79828880977876e-07,425984
127,1,8.46666710823774,-0.547999988030642,2.78546309573358e-07,-0.547837615013123,8.98398635917922e-07,425984
128,1,8.53333377838135,-0.545999987935647,2.25005706511183e-07,-0.545840263366699,9.13399017134331e-07,425984
129,1,8.60000044852495,-0.543999987840653,2.28166314286682e-07,-0.543830752372742,9.28610105546764e-07,425984
130,1,8.66666711866856,-0.541999987745658,2.94188851057697e-07,-0.541857719421387,9.48222696640153e-07,425984
131,1,8.73333378881216,-0.539999987650663,2.50378036525944e-07,-0.539825081825256,9.64914566612431e-07,425984
132,1,8.80000045895576,-0.537999987555668,2.22715470954427e-07,-0.537845969200134,9.79762265450428e-07,425984
133,1,8.86666712909937,-0.535999987460673,2.86778458757908e-07,-0.535812795162201,9.98880830364732e-07,425984
134,1,8.93333379924297,-0.533999987365678,2.83224011354832e-07,-0.533788084983826,1.01776243210647e-06,425984
135,1,9.00000046938658,-0.531999987270683,2.32907211739075e-07,-0.53182715177536,1.03328958036555e-06,425984
136,1,9.06666713953018,-0.529999987175688,2.67314021584752e-07,-0.529815196990967,1.0511105160673e-06,425984
137,1,9.13333380967379,-0.527999987080693,3.12797510559903e-07,-0.527791082859039,1.07196368452554e-06,425984
138,1,9.20000047981739,-0.525999986985698,2.58965172861281e-07,-0.525821089744568,1.08922803028336e-06,425984
139,1,9.26666714996099,-0.523999986890703,2.52279278356582e-07,-0.523829758167267,1.10604664971763e-06,425984
140,1,9.3333338201046,-0.521999986795709,3.24326407508124e-07,-0.521824538707733,1.12766841134583e-06,425984
141,1,9.4000004902482,-0.519999986700714,2.92243839794537e-07,-0.519838690757751,1.14715133501491e-06,425984
142,1,9.46666716039181,-0.517999986605719,2.53567833397028e-07,-0.517837703227997,1.16405585812302e-06,425984
143,1,9.53333383053541,-0.515999986510724,3.14436164217113e-07,-0.515843987464905,1.1850182701641e-06,425984
144,1,9.60000050067902,-0.513999986415729,3.29422277900449e-07,-0.513821125030518,1.20697975650285e-06,425984
145,1,9.66666717082262,-0.511999986320734,2.78415001275789e-07,-0.511843204498291,1.22554075755593e-06,425984
146,1,9.73333384096622,-0.509999986225739,2.98025327083451e-07,-0.509868860244751,1.24540911373104e-06,425984
147,1,9.80000051110983,-0.507999986130744,3.61529146175599e-07,-0.507860600948334,1.26951105806643e-06,425984
148,1,9.86666718125343,-0.505999986035749,3.1360954722004e-07,-0.505837738513947,1.29041836230484e-06,425984
149,1,9.93333385139704,-0.503999985940754,2.93731773126638e-07,-0.503857374191284,1.31000048153457e-06,425984
150,1,10.0000005215406,-0.50199998584576,3.73023993915922e-07,-0.501840591430664,1.33486874909261e-06,425984
151,1,10.0666671916842,-0.499999985750765,3.58611629280858e-07,-0.499854147434235,1.35877619229154e-06,425984
152,1,10.1333338618279,-0.49799998565577,3.11820144816011e-07,-0.497827649116516,1.37956420303012e-06,425984
153,1,10.2000005319715,-0.495999985560775,3.65195433005283e-07,-0.495855182409286,1.40391056650023e-06,425984
154,1,10.2666672021151,-0.49399998546578,4.0884089003157e-07,-0.493877232074738,1.43116662725718e-06,425984
155,1,10.3333338722587,-0.491999985370785,3.60838669166696e-07,-0.491810619831085,1.45522253978957e-06,425984
156,1,10.4000005424023,-0.48999998527579,3.61470767984429e-07,-0.489837557077408,1.47932059224535e-06,425984
157,1,10.4666672125459,-0.487999985180795,4.50789428896314e-07,-0.487867504358292,1.5093732224058e-06,425984
158,1,10.5333338826895,-0.4859999850858,4.22003608946397e-07,-0.485858023166656,1.53750679780284e-06,425984
159,1,10.6000005528331,-0.483999984990805,3.86682700082019e-07,-0.48381632566452,1.56328564581945e-06,425984
160,1,10.6666672229767,-0.481999984895811,4.70355956849744e-07,-0.481848120689392,1.59464271124483e-06,425984
161,1,10.7333338931203,-0.479999984800816,4.98509677981929e-07,-0.479880481958389,1.62787669151025e-06,425984
162,1,10.8000005632639,-0.477999984705821,4.49058347840037e-07,-0.477852195501328,1.65781391626093e-06,425984
163,1,10.8666672334075,-0.475999984610826,4.82852499317232e-07,-0.475882738828659,1.69000408456093e-06,425984
164,1,10.9333339035511,-0.473999984515831,5.82401696647139e-07,-0.473867177963257,1.72883086636238e-06,425984
165,1,11.0000005736947,-0.471999984420836,5.37389894361695e-07,-0.471834570169449,1.76465686118829e-06,425984
166,1,11.0666672438383,-0.469999984325841,5.24504400800652e-07,-0.469837218523026,1.79962382306534e-06,425984
167,1,11.1333339139819,-0.467999984230846,6.44480792288959e-07,-0.467865347862244,1.84258921145876e-06,425984
168,1,11.2000005841255,-0.465999984135851,6.55611017919e-07,-0.465869188308716,1.88629661493288e-06,425984
169,1,11.2666672542691,-0.463999984040856,6.13020688433608e-07,-0.463894307613373,1.92716466295988e-06,425984
170,1,11.3333339244127,-0.461999983945862,7.00656869412342e-07,-0.461896955966949,1.97387512335685e-06,425984
171,1,11.4000005945563,-0.459999983850867,7.75256751239795e-07,-0.45989653468132,2.02555890946835e-06,425984
172,1,11.4666672646999,-0.457999983755872,7.40261668852327e-07,-0.457815378904343,2.07490968996568e-06,425984
173,1,11.5333339348435,-0.455999983660877,7.5347298889028e-07,-0.455863535404205,2.12514122517815e-06,425984
174,1,11.6000006049871,-0.453999983565882,8.98369592050585e-07,-0.45384556055069,2.18503253443843e-06,425984
175,1,11.6666672751307,-0.451999983470887,8.79488595728617e-07,-0.451865196228027,2.24366511054493e-06,425984
176,1,11.7333339452744,-0.449999983375892,8.57121278841078e-07,-0.449909120798111,2.30080653211449e-06,425984
177,1,11.800000615418,-0.447999983280897,9.88519673228438e-07,-0.447832196950912,2.36670784710008e-06,425984
178,1,11.8666672855616,-0.445999983185902,1.03418801700172e-06,-0.445894330739975,2.435653718496e-06,425984
179,1,11.9333339557052,-0.443999983090907,9.92074205896643e-07,-0.443883001804352,2.50179200233849e-06,425984
180,1,12.0000006258488,-0.441999982995912,1.05702690689213e-06,-0.441910535097122,2.57226046647318e-06,425984
181,1,12.0666672959924,-0.439999982900918,1.17009869882168e-06,-0.43985790014267,2.65026705046299e-06,425984
182,1,12.133333966136,-0.437999982805923,1.13563351078483e-06,-0.437887907028198,2.7259759551305e-06,425984
183,1,12.2000006362796,-0.435999982710928,1.13585247163428e-06,-0.435881435871124,2.80169945718874e-06,425984
184,1,12.2666673064232,-0.433999982615933,1.27917837744462e-06,-0.433903485536575,2.88697802013267e-06,425984
185,1,12.3333339765668,-0.431999982520938,1.27867747323762e-06,-0.431892156600952,2.97222318946106e-06,425984
186,1,12.4000006467104,-0.429999982425943,1.22866708807123e-06,-0.429881423711777,3.05413433293781e-06,425984
187,1,12.466667316854,-0.427999982330948,1.33120670398057e-06,-0.427882254123688,3.14288145116504e-06,425984
188,1,12.5333339869976,-0.425999982235953,1.39561007017619e-06,-0.425893366336823,3.23592212736257e-06,425984
189,1,12.6000006571412,-0.423999982140958,1.32005220621068e-06,-0.423903912305832,3.32392561236635e-06,425984
190,1,12.6666673272848,-0.421999982045963,1.35807192691573e-06,-0.421894401311874,3.41446374554933e-06,425984
191,1,12.7333339974284,-0.419999981950969,1.45978492582799e-06,-0.419921934604645,3.51178274568011e-06,425984
192,1,12.800000667572,-0.417999981855974,1.40592351272062e-06,-0.417889952659607,3.60551098474979e-06,425984
193,1,12.8666673377156,-0.415999981760979,1.36490359636809e-06,-0.415893793106079,3.69650456258669e-06,425984
194,1,12.9333340078592,-0.413999981665984,1.47784408000007e-06,-0.41392195224762,3.79502750639173e-06,425984
195,1,13.0000006780028,-0.411999981570989,1.46462298289407e-06,-0.411885112524033,3.89266904367707e-06,425984
196,1,13.0666673481464,-0.409999981475994,1.38455766318657e-06,-0.409888952970505,3.98497289270353e-06,425984
197,1,13.13333401829,-0.407999981380999,1.44972932503151e-06,-0.407904952764511,4.08162151941291e-06,425984
198,1,13.2000006884336,-0.405999981286004,1.47987668697169e-06,-0.405941605567932,4.18027997035646e-06,425984
199,1,13.2666673585773,-0.403999981191009,1.39211397254257e-06,-0.403936952352524,4.27308757336626e-06,425984
200,1,13.3333340287209,-0.401999981096014,1.38210214117862e-06,-0.401934713125229,4.36522772091699e-06,425984
201,1,13.4000006988645,-0.39999998100102,1.45521414651739e-06,-0.399917334318161,4.46224200241117e-06,425984
202,1,13.4666673690081,-0.397999980906025,1.37522670229373e-06,-0.397926032543182,4.55392378734566e-06,425984
203,1,13.5333340391517,-0.39599998081103,1.31313777274045e-06,-0.395906180143356,4.64146631009406e-06,425984
204,1,13.6000007092953,-0.393999980716035,1.38155280637875e-06,-0.393927663564682,4.73356983532288e-06,425984
205,1,13.6666673794389,-0.39199998062104,1.33638036459161e-06,-0.391941219568253,4.8226618642755e-06,425984
206,1,13.7333340495825,-0.389999980526045,1.24601149309456e-06,-0.389911681413651,4.90572930148077e-06,425984
207,1,13.8000007197261,-0.38799998043105,1.27442774555675e-06,-0.387917339801788,4.99069115561566e-06,425984
208,1,13.8666673898697,-0.385999980336055,1.27410191907984e-06,-0.385964334011078,5.07563128798429e-06,425984
209,1,13.9333340600133,-0.38399998024106,1.1761622999984e-06,-0.383924424648285,5.15404211207363e-06,425984
210,1,14.0000007301569,-0.381999980146065,1.14500835479703e-06,-0.381962329149246,5.23037600637455e-06,425984
211,1,14.0666674003005,-0.37999998005107,1.18836703677516e-06,-0.37996980547905,5.30960047962477e-06,425984
212,1,14.1333340704441,-0.377999979956076,1.10242774553626e-06,-0.377942681312561,5.3830956664936e-06,425984
213,1,14.2000007405877,-0.375999979861081,1.03705679066479e-06,-0.375931978225708,5.45223278947703e-06,425984
214,1,14.2666674107313,-0.373999979766086,1.08605092918879e-06,-0.373912125825882,5.52463618853241e-06,425984
215,1,14.3333340808749,-0.371999979671091,1.02787646483193e-06,-0.371961504220963,5.59316128976174e-06,425984
216,1,14.4000007510185,-0.369999979576096,9.3924830935066e-07,-0.369890064001083,5.65577784698416e-06,425984
217,1,14.4666674211621,-0.367999979481101,9.65043682299438e-07,-0.367920011281967,5.72011409582618e-06,425984
218,1,14.5333340913057,-0.365999979386106,9.59665726441017e-07,-0.365953028202057,5.78409181425895e-06,425984
219,1,14.6000007614493,-0.363999979291111,8.69914401846472e-07,-0.363967180252075,5.84208611074002e-06,425984
220,1,14.6666674315929,-0.361999979196116,8.51223092013242e-07,-0.361879348754883,5.89883431983388e-06,425984
221,1,14.7333341017365,-0.359999979101121,8.86364205143764e-07,-0.359934240579605,5.9579252699253e-06,425984
222,1,14.8000007718801,-0.357999979006127,8.07961782811617e-07,-0.357931405305862,6.01178939158864e-06,425984
223,1,14.8666674420238,-0.355999978911132,7.60722912218625e-07,-0.355972915887833,6.0625042550482e-06,425984
224,1,14.9333341121674,-0.353999978816137,8.06755849680485e-07,-0.353924512863159,6.11628798116528e-06,425984
225,1,15.000000782311,-0.351999978721142,7.62278943966521e-07,-0.351949006319046,6.16710658008011e-06,425984
226,1,15.0666674524546,-0.349999978626147,6.97078064604284e-07,-0.349940091371536,6.21357845347742e-06,425984
227,1,15.1333341225982,-0.347999978531152,7.20179684776667e-07,-0.347944557666779,6.26159043496655e-06,425984
228,1,15.2000007927418,-0.345999978436157,7.24487847492128e-07,-0.34596785902977,6.30988962731836e-06,425984
229,1,15.2666674628854,-0.343999978341162,6.50189349471475e-07,-0.343982011079788,6.35323558621046e-06,425984
230,1,15.333334133029,-0.341999978246167,6.47198930892046e-07,-0.341953694820404,6.39638218385353e-06,425984
231,1,15.4000008031726,-0.339999978151172,6.88554223415849e-07,-0.339907735586166,6.44228580114198e-06,425984
232,1,15.4666674733162,-0.337999978056178,6.2258999378173e-07,-0.33796015381813,6.48379180289214e-06,425984
233,1,15.5333341434598,-0.335999977961183,5.88090870223823e-07,-0.335928797721863,6.52299786295182e-06,425984
234,1,15.6000008136034,-0.333999977866188,6.41402891687903e-07,-0.333908975124359,6.56575805796113e-06,425984
235,1,15.666667483747,-0.331999977771193,6.08211735197983e-07,-0.331973552703857,6.60630550908904e-06,425984
236,1,15.7333341538906,-0.329999977676198,5.51568803075497e-07,-0.329969525337219,6.64307676454518e-06,425984
237,1,15.8000008240342,-0.327999977581203,5.8442452655072e-07,-0.327930212020874,6.68203840168057e-06,425984
238,1,15.8666674941778,-0.325999977486208,5.97616349296004e-07,-0.325982689857483,6.72187949371151e-06,425984
239,1,15.9333341643214,-0.323999977391213,5.34632874860108e-07,-0.323950678110123,6.75752168722773e-06,425984
240,1,16.000000834465,-0.321999977296218,5.32138415110239e-07,-0.321931451559067,6.79299758341863e-06,425984
241,1,16.0666675046086,-0.319999977201223,5.81609128857963e-07,-0.319963246583939,6.83177152736471e-06,425984
242,1,16.1333341747522,-0.317999977106229,5.28384646258928e-07,-0.317948281764984,6.8669971722858e-06,425984
243,1,16.2000008448958,-0.315999977011234,4.9780453537096e-07,-0.315941780805588,6.90018414304137e-06,425984
244,1,16.2666675150394,-0.313999976916239,5.51573691609519e-07,-0.313942611217499,6.93695572439979e-06,425984
245,1,16.333334185183,-0.311999976821244,5.31010300619528e-07,-0.311952531337738,6.97235641295405e-06,425984
246,1,16.4000008553267,-0.309999976726249,4.81670952012792e-07,-0.309991002082825,7.00446781142964e-06,425984
247,1,16.4666675254703,-0.307999976631254,5.10981863044435e-07,-0.307970553636551,7.03853327074259e-06,425984
248,1,16.5333341956139,-0.305999976536259,5.36723803179484e-07,-0.305967748165131,7.07431485948737e-06,425984
249,1,16.6000008657575,-0.303999976441264,4.76934872040147e-07,-0.303966104984283,7.10611051928166e-06,425984
250,1,16.6666675359011,-0.301999976346269,4.75408057809545e-07,-0.301998525857925,7.13780439145526e-06,425984
251,1,16.7333342060447,-0.299999976251274,5.30514341789967e-07,-0.299988985061646,7.17317201608582e-06,425984
252,1,16.8000008761883,-0.297999976156279,4.8351375880884e-07,-0.297971606254578,7.20540626835422e-06,425984
253,1,16.8666675463319,-0.295999976061285,4.53327601235287e-07,-0.296012490987778,7.23562811001277e-06,425984
254,1,16.9333342164755,-0.29399997596629,5.07967115481733e-07,-0.294013917446136,7.26949258614439e-06,425984
255,1,17.0000008866191,-0.291999975871295,4.95373399189702e-07,-0.292015939950943,7.30251748114608e-06,425984
256,1,17.0666675567627,-0.2899999757763,4.48115059725751e-07,-0.289990037679672,7.3323918200192e-06,425984
257,1,17.1333342269063,-0.287999975681305,4.72232869697109e-07,-0.288016349077225,7.36387401297427e-06,425984
258,1,17.2000008970499,-0.28599997558631,5.08268612975371e-07,-0.285950362682343,7.39775858893984e-06,425984
259,1,17.2666675671935,-0.283999975491315,4.51757017572163e-07,-0.284003406763077,7.42787572501538e-06,425984
260,1,17.3333342373371,-0.28199997539632,4.47225204425195e-07,-0.281964749097824,7.45769074019871e-06,425984
261,1,17.4000009074807,-0.279999975301325,5.05983223320072e-07,-0.280006855726242,7.49142295684598e-06,425984
262,1,17.4666675776243,-0.27799997520633,4.65940843241697e-07,-0.277939647436142,7.52248568134881e-06,425984
263,1,17.5333342477679,-0.275999975111336,4.3208837041675e-07,-0.276026099920273,7.55129157421227e-06,425984
264,1,17.6000009179115,-0.273999975016341,4.84846111703519e-07,-0.274000197649002,7.58361465001162e-06,425984
265,1,17.6666675880551,-0.271999974921346,4.83124779293576e-07,-0.272024095058441,7.61582297031098e-06,425984
266,1,17.7333342581987,-0.269999974826351,4.33887436201985e-07,-0.26998907327652,7.64474880089972e-06,425984
267,1,17.8000009283423,-0.267999974731356,4.55151052847214e-07,-0.267988651990891,7.67509220600539e-06,425984
268,1,17.8666675984859,-0.265999974636361,4.96588938858622e-07,-0.265994340181351,7.70819813698924e-06,425984
269,1,17.9333342686296,-0.263999974541366,4.43763155999477e-07,-0.264000624418259,7.73778234893215e-06,425984
270,1,18.0000009387732,-0.261999974446371,4.35103089557742e-07,-0.262044548988342,7.76678922308216e-06,425984
271,1,18.0666676089168,-0.259999974351376,4.93749269026011e-07,-0.260031998157501,7.79970584273396e-06,425984
272,1,18.1333342790604,-0.257999974256381,4.61438190768604e-07,-0.258017629384995,7.83046839038959e-06,425984
273,1,18.200000949204,-0.255999974161387,4.25703944983979e-07,-0.256031215190887,7.85884865486867e-06,425984
274,1,18.2666676193476,-0.253999974066392,4.74566832053824e-07,-0.254002273082733,7.8904864453223e-06,425984
275,1,18.3333342894912,-0.251999973971397,4.81369454519154e-07,-0.252047419548035,7.92257774396393e-06,425984
276,1,18.4000009596348,-0.249999973876402,4.32389839488678e-07,-0.250002056360245,7.95140373476657e-06,425984
277,1,18.4666676297784,-0.247999973781407,4.47380813284326e-07,-0.248018071055412,7.98122912387437e-06,425984
278,1,18.533334299922,-0.245999973686412,4.94741243528551e-07,-0.246031016111374,8.01421187516313e-06,425984
279,1,18.6000009700656,-0.243999973591417,4.45912348823185e-07,-0.244028806686401,8.04393936663508e-06,425984
280,1,18.6666676402092,-0.241999973496422,4.28932594331854e-07,-0.242038130760193,8.07253487441525e-06,425984
281,1,18.7333343103528,-0.239999973401427,4.93126833589486e-07,-0.240023151040077,8.10540999836912e-06,425984
282,1,18.8000009804964,-0.237999973306432,4.65717192810189e-07,-0.238026991486549,8.1364578128424e-06,425984
283,1,18.86666765064,-0.235999973211438,4.27566277494407e-07,-0.236015051603317,8.16496223282865e-06,425984
284,1,18.9333343207836,-0.233999973116443,4.70579635702961e-07,-0.234031662344933,8.19633421017835e-06,425984
285,1,19.0000009909272,-0.231999973021448,4.87068234633625e-07,-0.232057377696037,8.2288054275141e-06,425984
286,1,19.0666676610708,-0.229999972926453,4.36065874964697e-07,-0.229994431138039,8.25787648736126e-06,425984
287,1,19.1333343312144,-0.227999972831458,4.46982085122727e-07,-0.228034108877182,8.28767529459023e-06,425984
288,1,19.200001001358,-0.225999972736463,4.98383201374963e-07,-0.226047068834305,8.32090084308141e-06,425984
289,1,19.2666676715016,-0.223999972641468,4.54022938356502e-07,-0.224018722772598,8.35116904055045e-06,425984
290,1,19.3333343416452,-0.221999972546473,4.32117531090626e-07,-0.222051739692688,8.37997687745894e-06,425984
291,1,19.4000010117888,-0.219999972451478,4.93598520279193e-07,-0.22006468474865,8.41288344719376e-06,425984
292,1,19.4666676819324,-0.217999972356483,4.74780790682416e-07,-0.218056991696358,8.44453550155671e-06,425984
293,1,19.5333343520761,-0.215999972261488,4.32992777632535e-07,-0.21605296432972,8.4734016882377e-06,425984
294,1,19.6000010222197,-0.213999972166494,4.68498484451629e-07,-0.214047089219093,8.50463492216341e-06,425984
295,1,19.6666676923633,-0.211999972071499,4.97974781410448e-07,-0.212030291557312,8.53783324265554e-06,425984
296,1,19.7333343625069,-0.209999971976504,4.44351485384686e-07,-0.210037171840668,8.5674566765595e-06,425984
297,1,19.8000010326505,-0.207999971881509,4.49238285682441e-07,-0.207985773682594,8.59740589716697e-06,425984
298,1,19.8666677027941,-0.205999971786514,5.05010689266783e-07,-0.206068560481071,8.63107327820731e-06,425984
299,1,19.9333343729377,-0.203999971691519,4.64025021074121e-07,-0.204074844717979,8.66200828122564e-06,425984
300,1,20.0000010430813,-0.201999971596524,4.38322047102702e-07,-0.201990023255348,8.6912297525565e-06,425984
301,1,20.0666677132249,-0.199999971501529,4.95456049520726e-07,-0.200081944465637,8.72426015758056e-06,425984
302,2,20.1333343833685,-0.201999971596524,3.20130112640982e-07,-0.201960891485214,8.74560216620303e-06,393216
303,2,20.2000010535121,-0.203999971691519,2.08784513233695e-07,-0.203996509313583,8.75952113447787e-06,393216
304,2,20.2666677236557,-0.205999971786514,1.95923291812505e-07,-0.205972626805305,8.77258268794658e-06,393216
305,2,20.3333343937993,-0.207999971881509,1.99701446490508e-07,-0.20795601606369,8.78589611840697e-06,393216
306,2,20.4000010639429,-0.209999971976504,1.18172486907042e-07,-0.209976449608803,8.79377428461165e-06,393216
307,2,20.4666677340865,-0.211999972071499,9.3767773989839e-08,-0.211950123310089,8.80002546987033e-06,393216
308,2,20.5333344042301,-0.213999972166494,1.3338713245048e-07,-0.213940814137459,8.80891794583081e-06,393216
309,2,20.6000010743737,-0.215999972261488,7.88302756404846e-08,-0.215936362743378,8.81417329781426e-06,393216
310,2,20.6666677445173,-0.217999972356483,3.31911884643432e-08,-0.217966511845589,8.81638604382729e-06,393216
311,2,20.7333344146609,-0.219999972451478,7.18720940540152e-08,-0.21990193426609,8.82117751701411e-06,393216
312,2,20.8000010848045,-0.221999972546473,5.84614134879757e-08,-0.221927836537361,8.82507494478325e-06,393216
313,2,20.8666677549481,-0.223999972641468,-6.80745071424127e-10,-0.22392338514328,8.82502956177612e-06,393216
314,2,20.9333344250917,-0.225999972736463,1.12760556447711e-08,-0.225924402475357,8.82578129885831e-06,393216
315,2,21.0000010952353,-0.227999972831458,4.33537401534068e-08,-0.227930262684822,8.82867154835261e-06,393216
316,2,21.066667765379,-0.229999972926453,-1.89125568539339e-08,-0.229927614331245,8.82741071116326e-06,393216
317,2,21.1333344355226,-0.231999973021448,-3.61840335472152e-08,-0.231908589601517,8.8249984421343e-06,393216
318,2,21.2000011056662,-0.233999973116443,1.63573332656597e-08,-0.233912020921707,8.82608893107555e-06,393216
319,2,21.2666677758098,-0.235999973211438,-2.58123957763701e-08,-0.235883891582489,8.82436810460071e-06,393216
320,2,21.3333344459534,-0.237999973306432,-6.63653452193103e-08,-0.237898245453835,8.81994374802201e-06,393216
321,2,21.400001116097,-0.239999973401427,-2.48788030177138e-08,-0.239942982792854,8.81828516106766e-06,393216
322,2,21.4666677862406,-0.241999973496422,-2.67775934759129e-08,-0.241944596171379,8.81649998807616e-06,393216
323,2,21.5333344563842,-0.243999973591417,-8.19301106957937e-08,-0.243931040167809,8.81103798041157e-06,393216
324,2,21.6000011265278,-0.245999973686412,-7.15754850943995e-08,-0.245901674032211,8.80626628115642e-06,393216
325,2,21.6666677966714,-0.247999973781407,-3.06262357696596e-08,-0.247900262475014,8.80422453199862e-06,393216
326,2,21.733334466815,-0.249999973876402,-8.56280095717921e-08,-0.24988728761673,8.79851599772944e-06,393216
327,2,21.8000011369586,-0.251999973971397,-1.05675951544981e-07,-0.251914411783218,8.79147093392568e-06,393216
328,2,21.8666678071022,-0.253999974066392,-5.04602297723977e-08,-0.253909945487976,8.78810691843208e-06,393216
329,2,21.9333344772458,-0.255999974161387,-8.34690752071765e-08,-0.255909740924835,8.78254231312805e-06,393216
330,2,22.0000011473894,-0.257999974256381,-1.26292803770411e-07,-0.257857292890549,8.77412279243757e-06,393216
331,2,22.066667817533,-0.259999974351376,-8.75778525255555e-08,-0.259890526533127,8.76828426863137e-06,393216
332,2,22.1333344876766,-0.261999974446371,-7.71940662502857e-08,-0.261839300394058,8.76313799727962e-06,393216
333,2,22.2000011578202,-0.263999974541366,-1.33992514861347e-07,-0.263887643814087,8.75420516248964e-06,393216
334,2,22.2666678279638,-0.265999974636361,-1.25740925227547e-07,-0.2658771276474,8.74582243370395e-06,393216
335,2,22.3333344981074,-0.267999974731356,-7.99048862631935e-08,-0.26784473657608,8.74049544100857e-06,393216
336,2,22.400001168251,-0.269999974826351,-1.32806079022885e-07,-0.269901007413864,8.73164170194529e-06,393216
337,2,22.4666678383946,-0.271999974921346,-1.56457090838558e-07,-0.2718625664711,8.72121122867873e-06,393216
338,2,22.5333345085382,-0.273999975016341,-9.88271722235368e-08,-0.27381619811058,8.71462275018688e-06,393216
339,2,22.6000011786819,-0.275999975111336,-1.24719790051131e-07,-0.275895535945892,8.70630809708316e-06,393216
340,2,22.6666678488255,-0.27799997520633,-1.68489279417372e-07,-0.277833998203278,8.69507547786951e-06,393216
341,2,22.7333345189691,-0.279999975301325,-1.33479531427838e-07,-0.279862940311432,8.68617684197688e-06,393216
342,2,22.8000011891127,-0.28199997539632,-1.15194225713822e-07,-0.281886428594589,8.67849722652877e-06,393216
343,2,22.8666678592563,-0.283999975491315,-1.72352486060845e-07,-0.28384855389595,8.66700706019212e-06,393216
344,2,22.9333345293999,-0.28599997558631,-1.717155271308e-07,-0.285834968090057,8.65555935778636e-06,393216
345,2,23.0000011995435,-0.287999975681305,-1.19662828979017e-07,-0.287851184606552,8.64758183543837e-06,393216
346,2,23.0666678696871,-0.2899999757763,-1.65435636745315e-07,-0.289821833372116,8.63655279241347e-06,393216
347,2,23.1333345398307,-0.291999975871295,-1.96163995269671e-07,-0.291833132505417,8.62347519204677e-06,393216
348,2,23.2000012099743,-0.29399997596629,-1.39241549845792e-07,-0.293845683336258,8.61419242157292e-06,393216
349,2,23.2666678801179,-0.295999976061285,-1.57704334924347e-07,-0.295875251293182,8.6036787986963e-06,393216
350,2,23.3333345502615,-0.297999976156279,-2.04741382958673e-07,-0.297876268625259,8.59002937245385e-06,393216
351,2,23.4000012204051,-0.299999976251274,-1.72564014633281e-07,-0.299860864877701,8.57852510421164e-06,393216
352,2,23.4666678905487,-0.301999976346269,-1.47111435921943e-07,-0.301891028881073,8.56871767463868e-06,393216
353,2,23.5333345606923,-0.303999976441264,-2.05181422074929e-07,-0.303816109895706,8.55503891245361e-06,393216
354,2,23.6000012308359,-0.305999976536259,-2.06868705276975e-07,-0.305831104516983,8.54124766471588e-06,393216
355,2,23.6666679009795,-0.307999976631254,-1.50823936451161e-07,-0.307871580123901,8.53119273509473e-06,393216
356,2,23.7333345711231,-0.309999976726249,-1.97411210933751e-07,-0.309836149215698,8.51803198701276e-06,393216
357,2,23.8000012412667,-0.311999976821244,-2.29223886094587e-07,-0.311848074197769,8.50275039380946e-06,393216
358,2,23.8666679114103,-0.313999976916239,-1.7770851457044e-07,-0.313838750123978,8.49090315888688e-06,393216
359,2,23.9333345815539,-0.315999977011234,-1.85588120871216e-07,-0.315805792808533,8.47853061685019e-06,393216
360,2,24.0000012516975,-0.317999977106229,-2.36182088997339e-07,-0.317852944135666,8.46278514342917e-06,393216
361,2,24.0666679218411,-0.319999977201223,-2.15040074635908e-07,-0.319841802120209,8.44844913770577e-06,393216
362,2,24.1333345919847,-0.321999977296218,-1.77710930415742e-07,-0.32181790471077,8.43660174172683e-06,393216
363,2,24.2000012621284,-0.323999977391213,-2.35615601695827e-07,-0.32385778427124,8.42089403412789e-06,393216
364,2,24.266667932272,-0.325999977486208,-2.45765988893254e-07,-0.325840562582016,8.40450963401382e-06,393216
365,2,24.3333346024156,-0.327999977581203,-1.83776862172635e-07,-0.327817916870117,8.39225784256333e-06,393216
366,2,24.4000012725592,-0.329999977676198,-2.273907568906e-07,-0.329804301261902,8.37709845798e-06,393216
367,2,24.4666679427028,-0.331999977771193,-2.67345626525639e-07,-0.331811428070068,8.35927541528208e-06,393216
368,2,24.5333346128464,-0.333999977866188,-2.1287141294124e-07,-0.333835482597351,8.34508398701253e-06,393216
369,2,24.60000128299,-0.335999977961183,-2.1727194621235e-07,-0.335820078849792,8.33059918984293e-06,393216
370,2,24.6666679531336,-0.337999978056178,-2.72169188519911e-07,-0.33783021569252,8.31245457632862e-06,393216
371,2,24.7333346232772,-0.339999978151172,-2.54496569596085e-07,-0.339802086353302,8.29548813747068e-06,393216
372,2,24.8000012934208,-0.341999978246167,-2.11497763302759e-07,-0.341797024011612,8.28138828584846e-06,393216
373,2,24.8666679635644,-0.343999978341162,-2.71629460257827e-07,-0.343800455331802,8.26327965422017e-06,393216
374,2,24.933334633708,-0.345999978436157,-2.88587301611187e-07,-0.345829993486404,8.24404049977602e-06,393216
375,2,25.0000013038516,-0.347999978531152,-2.28535853352696e-07,-0.347811579704285,8.22880477542457e-06,393216
376,2,25.0666679739952,-0.349999978626147,-2.62655760252528e-07,-0.349755495786667,8.2112943904945e-06,393216
377,2,25.1333346441388,-0.351999978721142,-3.12323436446604e-07,-0.351836055517197,8.1904728269788e-06,393216
378,2,25.2000013142824,-0.353999978816137,-2.64250644477215e-07,-0.353808522224426,8.1728561164282e-06,393216
379,2,25.266667984426,-0.355999978911132,-2.56781902407965e-07,-0.35580649971962,8.15573732204152e-06,393216
380,2,25.3333346545696,-0.357999979006127,-3.19660870218286e-07,-0.35780143737793,8.13442659624886e-06,393216
381,2,25.4000013247132,-0.359999979101121,-3.15301662112688e-07,-0.359767824411392,8.11340648434506e-06,393216
382,2,25.4666679948568,-0.361999979196116,-2.61311299709632e-07,-0.361828356981277,8.09598573012252e-06,393216
383,2,25.5333346650004,-0.363999979291111,-3.24885604641167e-07,-0.363783210515976,8.07432668868351e-06,393216
384,2,25.600001335144,-0.365999979386106,-3.57619683200028e-07,-0.365819454193115,8.05048537522675e-06,393216
385,2,25.6666680052876,-0.367999979481101,-2.94750464036042e-07,-0.367759078741074,8.03083534326619e-06,393216
386,2,25.7333346754313,-0.369999979576096,-3.2652911841069e-07,-0.369822651147842,8.00906673423682e-06,393216
387,2,25.8000013455749,-0.371999979671091,-3.85552141324297e-07,-0.371785432100296,7.98336325680799e-06,393216
388,2,25.8666680157185,-0.373999979766086,-3.54546642711284e-07,-0.373819202184677,7.95972681272784e-06,393216
389,2,25.9333346858621,-0.375999979861081,-3.3338761795676e-07,-0.375837832689285,7.93750097037155e-06,393216
390,2,26.0000013560057,-0.377999979956076,-4.10559778174502e-07,-0.377827286720276,7.91013031706576e-06,393216
391,2,26.0666680261493,-0.37999998005107,-4.28718664124972e-07,-0.379786401987076,7.88154907130013e-06,393216
392,2,26.1333346962929,-0.381999980146065,-3.67101506526524e-07,-0.381825685501099,7.85707563625531e-06,393216
393,2,26.2000013664365,-0.38399998024106,-4.29832169857036e-07,-0.38380965590477,7.82842015677034e-06,393216
394,2,26.2666680365801,-0.385999980336055,-4.91711887207202e-07,-0.385804623365402,7.79563936258021e-06,393216
395,2,26.3333347067237,-0.38799998043105,-4.36877883203124e-07,-0.387766122817993,7.76651416884767e-06,393216
396,2,26.4000013768673,-0.389999980526045,-4.57883743365528e-07,-0.389809638261795,7.7359885843646e-06,393216
397,2,26.4666680470109,-0.39199998062104,-5.4829882856211e-07,-0.391757816076279,7.69943532722073e-06,393216
398,2,26.5333347171545,-0.393999980716035,-5.44593660833925e-07,-0.393796473741531,7.66312908127161e-06,393216
399,2,26.6000013872981,-0.39599998081103,-5.08519008235453e-07,-0.395790815353394,7.62922781228783e-06,393216
400,2,26.6666680574417,-0.397999980906025,-6.05444938628352e-07,-0.397787570953369,7.58886481427418e-06,393216
401,2,26.7333347275853,-0.39999998100102,-6.58319436297461e-07,-0.399798303842545,7.54497684956541e-06,393216
402,2,26.8000013977289,-0.401999981096014,-5.99133500145399e-07,-0.401806592941284,7.50503461413923e-06,393216
403,2,26.8666680678725,-0.403999981191009,-6.66075038679992e-07,-0.403763264417648,7.46062960924467e-06,393216
404,2,26.9333347380161,-0.405999981286004,-7.67639733112446e-07,-0.405794650316238,7.40945362436813e-06,393216
405,2,27.0000014081597,-0.407999981380999,-7.38895266749751e-07,-0.407753735780716,7.36019393734906e-06,393216
406,2,27.0666680783033,-0.409999981475994,-7.44932094676187e-07,-0.409749299287796,7.3105317951139e-06,393216
407,2,27.1333347484469,-0.411999981570989,-8.66496122853277e-07,-0.411801308393478,7.25276538391092e-06,393216
408,2,27.2000014185905,-0.413999981665984,-9.03224758985743e-07,-0.413760423660278,7.19255039683809e-06,393216
409,2,27.2666680887341,-0.415999981760979,-8.59243698414502e-07,-0.415751099586487,7.13526748062292e-06,393216
410,2,27.3333347588778,-0.417999981855974,-9.67314463196089e-07,-0.417783081531525,7.07077984637988e-06,393216
411,2,27.4000014290214,-0.419999981950969,-1.06243408026785e-06,-0.419751882553101,6.99995090400134e-06,393216
412,2,27.466668099165,-0.421999982045963,-1.0043883094113e-06,-0.421774744987488,6.93299167988173e-06,393216
413,2,27.5333347693086,-0.423999982140958,-1.07404798654898e-06,-0.423810988664627,6.86138847704407e-06,393216
414,2,27.6000014394522,-0.425999982235953,-1.19843230095285e-06,-0.425768911838531,6.781492986147e-06,393216
415,2,27.6666681095958,-0.427999982330948,-1.18461559850402e-06,-0.427796006202698,6.70251860879457e-06,393216
416,2,27.7333347797394,-0.429999982425943,-1.17724891879334e-06,-0.42981219291687,6.62403534344846e-06,393216
417,2,27.800001449883,-0.431999982520938,-1.30916271245951e-06,-0.43176281452179,6.53675782473261e-06,393216
418,2,27.8666681200266,-0.433999982615933,-1.36823689445009e-06,-0.433755278587341,6.445542027012e-06,393216
419,2,27.9333347901702,-0.435999982710928,-1.2935250879309e-06,-0.43573322892189,6.35930701665243e-06,393216
420,2,28.0000014603138,-0.437999982805923,-1.3932493629909e-06,-0.437787681818008,6.26642372094213e-06,393216
421,2,28.0666681304574,-0.439999982900918,-1.49929962844908e-06,-0.439782023429871,6.16647040716589e-06,393216
422,2,28.133334800601,-0.441999982995912,-1.41601060477115e-06,-0.441742360591888,6.07206969525776e-06,393216
423,2,28.2000014707446,-0.443999983090907,-1.44474779517623e-06,-0.443759143352509,5.97575317055605e-06,393216
424,2,28.2666681408882,-0.445999983185902,-1.56591306677001e-06,-0.44572189450264,5.87135896066013e-06,393216
425,2,28.3333348110318,-0.447999983280897,-1.52458210322948e-06,-0.447724729776382,5.76972014847729e-06,393216
426,2,28.4000014811754,-0.449999983375892,-1.4817826468061e-06,-0.449779152870178,5.67093463353815e-06,393216
427,2,28.466668151319,-0.451999983470887,-1.57575948378508e-06,-0.451772272586823,5.565883995807e-06,393216
428,2,28.5333348214626,-0.453999983565882,-1.59197827542812e-06,-0.453749001026154,5.45975210524325e-06,393216
429,2,28.6000014916062,-0.455999983660877,-1.49020206663408e-06,-0.455774277448654,5.36040529561963e-06,393216
430,2,28.6666681617498,-0.457999983755872,-1.52688937760104e-06,-0.457738846540451,5.25861266513733e-06,393216
431,2,28.7333348318934,-0.459999983850867,-1.58584180098842e-06,-0.45973864197731,5.1528898728909e-06,393216
432,2,28.800001502037,-0.461999983945862,-1.46051434057881e-06,-0.461739033460617,5.05552224510753e-06,393216
433,2,28.8666681721807,-0.463999984040856,-1.44923103562178e-06,-0.463736414909363,4.95890683769386e-06,393216
434,2,28.9333348423243,-0.465999984135851,-1.5042812719912e-06,-0.465736210346222,4.85862141433082e-06,393216
435,2,29.0000015124679,-0.467999984230846,-1.42268663694267e-06,-0.467737197875977,4.76377563358805e-06,393216
436,2,29.0666681826115,-0.469999984325841,-1.33030471261009e-06,-0.469733953475952,4.67508864812199e-06,393216
437,2,29.1333348527551,-0.471999984420836,-1.38032737595495e-06,-0.471728295087814,4.58306681825901e-06,393216
438,2,29.2000015228987,-0.473999984515831,-1.34818401420489e-06,-0.473714143037796,4.49318787929113e-06,393216
439,2,29.2666681930423,-0.475999984610826,-1.21577431855258e-06,-0.475745499134064,4.41213625382712e-06,393216
440,2,29.3333348631859,-0.477999984705821,-1.23311633615231e-06,-0.477705806493759,4.32992849379617e-06,393216
441,2,29.4000015333295,-0.479999984800816,-1.25095675684861e-06,-0.479728698730469,4.24653137232343e-06,393216
442,2,29.4666682034731,-0.481999984895811,-1.11038514205575e-06,-0.481719374656677,4.17250569232564e-06,393216
443,2,29.5333348736167,-0.483999984990805,-1.08326969439076e-06,-0.483683347702026,4.10028770893313e-06,393216
444,2,29.6000015437603,-0.4859999850858,-1.13069086182804e-06,-0.48572626709938,4.02490831421325e-06,393216
445,2,29.6666682139039,-0.487999985180795,-1.02693070402893e-06,-0.487747311592102,3.95644626370741e-06,393216
446,2,29.7333348840475,-0.48999998527579,-9.56959866016405e-07,-0.489730089902878,3.89264893597903e-06,393216
447,2,29.8000015541911,-0.491999985370785,-9.96870994640631e-07,-0.491705566644669,3.8261908662036e-06,393216
448,2,29.8666682243347,-0.49399998546578,-9.58226564762299e-07,-0.493737578392029,3.76230909188775e-06,393216
449,2,29.9333348944783,-0.495999985560775,-8.49081231990567e-07,-0.495728254318237,3.70570367346951e-06,393216
450,2,30.0000015646219,-0.49799998565577,-8.83470931967167e-07,-0.497721940279007,3.64680560826659e-06,393216
451,2,30.0666682347655,-0.499999985750765,-8.87822864115151e-07,-0.499742984771729,3.58761741423868e-06,393216
452,2,30.1333349049091,-0.50199998584576,-7.7288882494031e-07,-0.501724600791931,3.5360914898887e-06,393216
453,2,30.2000015750527,-0.503999985940754,-7.83126779424492e-07,-0.503723740577698,3.48388303520419e-06,393216
454,2,30.2666682451963,-0.505999986035749,-8.16035878870025e-07,-0.505744814872742,3.42948064044221e-06,393216
455,2,30.3333349153399,-0.507999986130744,-7.28917541437113e-07,-0.507708191871643,3.38088613514534e-06,393216
456,2,30.4000015854836,-0.509999986225739,-6.99202985288139e-07,-0.509715259075165,3.33427260036171e-06,393216
457,2,30.4666682556272,-0.511999986320734,-7.43940120173647e-07,-0.511670112609863,3.2846765897635e-06,393216
458,2,30.5333349257708,-0.513999986415729,-7.08081870470778e-07,-0.513694822788239,3.23747112927016e-06,393216
459,2,30.6000015959144,-0.515999986510724,-6.3181414589053e-07,-0.515694618225098,3.19535018401401e-06,393216
460,2,30.666668266058,-0.517999986605719,-6.80864275182103e-07,-0.517716825008392,3.14995922996788e-06,393216
461,2,30.7333349362016,-0.519999986700714,-6.79918457535678e-07,-0.519661366939545,3.1046313304348e-06,393216
462,2,30.8000016063452,-0.521999986795709,-5.9345654790377e-07,-0.521700620651245,3.06506755851114e-06,393216
463,2,30.8666682764888,-0.523999986890703,-6.21624792529474e-07,-0.523681640625,3.02362590351449e-06,393216
464,2,30.9333349466324,-0.525999986985698,-6.55528367587976e-07,-0.52571964263916,2.97992401006273e-06,393216
465,2,31.000001616776,-0.527999987080693,-5.77162438730738e-07,-0.52764356136322,2.94144651214059e-06,393216
466,2,31.0666682869196,-0.529999987175688,-5.71478210531495e-07,-0.529718637466431,2.90334796278483e-06,393216
467,2,31.1333349570632,-0.531999987270683,-6.18461797330383e-07,-0.531699001789093,2.86211717414578e-06,393216
468,2,31.2000016272068,-0.533999987365678,-5.81998165216646e-07,-0.53368479013443,2.8233172944411e-06,393216
469,2,31.2666682973504,-0.535999987460673,-5.29284136518982e-07,-0.535661578178406,2.78803168349955e-06,393216
470,2,31.333334967494,-0.537999987555668,-5.82525728987093e-07,-0.537714183330536,2.749196632875e-06,393216
471,2,31.4000016376376,-0.539999987650663,-5.83512758112192e-07,-0.539683640003204,2.71029578030535e-06,393216
472,2,31.4666683077812,-0.541999987745658,-5.09024687289639e-07,-0.541693091392517,2.67636079938286e-06,393216
473,2,31.5333349779248,-0.543999987840653,-5.46057265182753e-07,-0.543694734573364,2.63995697980541e-06,393216
474,2,31.6000016480684,-0.545999987935647,-5.76946035835135e-07,-0.545702993869781,2.60149390874373e-06,393216
475,2,31.666668318212,-0.547999988030642,-5.09537699144857e-07,-0.547668814659119,2.5675247270291e-06,393216
476,2,31.7333349883556,-0.549999988125637,-5.11375674250303e-07,-0.549722611904144,2.5334330136344e-06,393216
477,2,31.8000016584992,-0.551999988220632,-5.57561861569411e-07,-0.551673889160156,2.49626222092449e-06,393216
478,2,31.8666683286428,-0.553999988315627,-5.26480903317861e-07,-0.5537149310112,2.4611634922061e-06,393216
479,2,31.9333349987864,-0.555999988410622,-4.79643233575189e-07,-0.555717170238495,2.42918727496673e-06,393216
480,2,32.0000016689301,-0.557999988505617,-5.36507343440462e-07,-0.557699978351593,2.39342011687196e-06,393216
481,2,32.0666683390737,-0.559999988600612,-5.38384256287827e-07,-0.559662699699402,2.35752783124751e-06,393216
482,2,32.1333350092173,-0.561999988695607,-4.6886319182704e-07,-0.561672210693359,2.3262702834955e-06,393216
483,2,32.2000016793609,-0.563999988790602,-5.09953451910405e-07,-0.563674449920654,2.2922733849284e-06,393216
484,2,32.2666683495045,-0.565999988885596,-5.40402197657386e-07,-0.565696716308594,2.25624656987229e-06,393216
485,2,32.3333350196481,-0.567999988980591,-4.7676954295639e-07,-0.567675232887268,2.2244619320175e-06,393216
486,2,32.4000016897917,-0.569999989075586,-4.80316714401852e-07,-0.569684147834778,2.19244081605401e-06,393216
487,2,32.4666683599353,-0.571999989170581,-5.30677255028422e-07,-0.57168573141098,2.15706233054032e-06,393216
488,2,32.5333350300789,-0.573999989265576,-4.9976904392679e-07,-0.573643028736115,2.12374439254087e-06,393216
489,2,32.6000017002225,-0.575999989360571,-4.57404780718207e-07,-0.575668931007385,2.09325073890262e-06,393216
490,2,32.6666683703661,-0.577999989455566,-5.16004774908652e-07,-0.577634751796722,2.05885041878126e-06,393216
491,2,32.7333350405097,-0.579999989550561,-5.17028354352078e-07,-0.57969343662262,2.02438186002678e-06,393216
492,2,32.8000017106533,-0.581999989645556,-4.49860635853838e-07,-0.581679284572601,1.99439114940572e-06,393216
493,2,32.8666683807969,-0.583999989740551,-4.93401614676259e-07,-0.583655953407288,1.96149770671178e-06,393216
494,2,32.9333350509405,-0.585999989835545,-5.25532755091263e-07,-0.585627853870392,1.92646218787845e-06,393216
495,2,33.0000017210841,-0.58799998993054,-4.65255197923398e-07,-0.587653756141663,1.89544517306589e-06,393216
496,2,33.0666683912277,-0.589999990025535,-4.705577509867e-07,-0.589666903018951,1.86407465469734e-06,393216
497,2,33.1333350613713,-0.59199999012053,-5.18805506999342e-07,-0.591661214828491,1.82948761909353e-06,393216
498,2,33.2000017315149,-0.593999990215525,-4.90999582325458e-07,-0.593599081039429,1.79675431189799e-06,393216
499,2,33.2666684016585,-0.59599999031052,-4.50339598501159e-07,-0.595661401748657,1.76673167043211e-06,393216
500,2,33.3333350718021,-0.597999990405515,-5.07441995978297e-07,-0.597666680812836,1.73290220226922e-06,393216
501,2,33.4000017419457,-0.59999999050051,-5.13150496317394e-07,-0.599684059619904,1.6986921673972e-06,393216
502,2,33.4666684120893,-0.601999990595505,-4.46128723297079e-07,-0.601680219173431,1.66895025095957e-06,393216
503,2,33.533335082233,-0.6039999906905,-4.9058382955991e-07,-0.603630244731903,1.63624466061651e-06,393216
504,2,33.6000017523766,-0.605999990785494,-5.2318665666462e-07,-0.605627000331879,1.60136554835311e-06,393216
505,2,33.6666684225202,-0.607999990880489,-4.62656203126244e-07,-0.607663810253143,1.5705217998694e-06,393216
506,2,33.7333350926638,-0.609999990975484,-4.70095812943327e-07,-0.609664857387543,1.53918207737202e-06,393216
507,2,33.8000017628074,-0.611999991070479,-5.18800675308739e-07,-0.611684024333954,1.50459536388093e-06,393216
508,2,33.866668432951,-0.613999991165474,-4.91609796426928e-07,-0.613638281822205,1.47182137574318e-06,393216
509,2,33.9333351030946,-0.615999991260469,-4.48839557520841e-07,-0.615645945072174,1.44189873701453e-06,393216
510,2,34.0000017732382,-0.617999991355464,-5.08433913637418e-07,-0.617646992206573,1.40800314100425e-06,393216
511,2,34.0666684433818,-0.619999991450459,-5.18895546974818e-07,-0.61964738368988,1.37341010273509e-06,393216
512,2,34.1333351135254,-0.621999991545454,-4.50008997177065e-07,-0.621651411056519,1.34340950135863e-06,393216
513,2,34.200001783669,-0.623999991640449,-4.92589606437832e-07,-0.623642146587372,1.31057019255007e-06,393216
514,2,34.2666684538126,-0.625999991735444,-5.27929955751461e-07,-0.625646770000458,1.27537486033106e-06,393216
515,2,34.3333351239562,-0.627999991830438,-4.6950987098171e-07,-0.627635657787323,1.24407420063316e-06,393216
516,2,34.4000017940998,-0.629999991925433,-4.73385256327674e-07,-0.629693686962128,1.21251518189872e-06,393216
517,2,34.4666684642434,-0.631999992020428,-5.22996970175882e-07,-0.631645560264587,1.1776487154019e-06,393216
518,2,34.533335134387,-0.633999992115423,-4.99965892686305e-07,-0.633604049682617,1.14431765415113e-06,393216
519,2,34.6000018045306,-0.635999992210418,-4.58416167248288e-07,-0.635672450065613,1.11375657474069e-06,393216
520,2,34.6666684746742,-0.637999992305413,-5.15710610216047e-07,-0.637634038925171,1.07937586559986e-06,393216
521,2,34.7333351448178,-0.639999992400408,-5.2490065627353e-07,-0.639614999294281,1.04438248668991e-06,393216
522,2,34.8000018149614,-0.641999992495403,-4.58104949530025e-07,-0.641653597354889,1.01384215512844e-06,393216
523,2,34.866668485105,-0.643999992590398,-4.99098007367138e-07,-0.643604815006256,9.80568952901965e-07,393216
524,2,34.9333351552486,-0.645999992685393,-5.36801508133067e-07,-0.645650744438171,9.44782183826668e-07,393216
525,2,35.0000018253922,-0.647999992780387,-4.78704805573216e-07,-0.647646307945251,9.1286852845736e-07,393216
526,2,35.0666684955359,-0.649999992875382,-4.81417998798861e-07,-0.64960241317749,8.80773993530243e-07,393216
527,2,35.1333351656795,-0.651999992970377,-5.35573747129092e-07,-0.651609420776367,8.45069075192813e-07,393216
528,2,35.2000018358231,-0.653999993065372,-5.10254949404043e-07,-0.653592884540558,8.11052076791752e-07,393216
529,2,35.2666685059667,-0.655999993160367,-4.66490291728405e-07,-0.655616939067841,7.79952722387901e-07,393216
530,2,35.3333351761103,-0.657999993255362,-5.27380507264752e-07,-0.657617390155792,7.44794020069915e-07,393216
531,2,35.4000018462539,-0.659999993350357,-5.35564026904467e-07,-0.659608006477356,7.09089749747495e-07,393216
532,2,35.4666685163975,-0.661999993445352,-4.69441829409334e-07,-0.661625385284424,6.77793626154652e-07,393216
533,2,35.5333351865411,-0.663999993540347,-5.10408085574454e-07,-0.663641035556793,6.43766418675032e-07,393216
534,2,35.6000018566847,-0.665999993635342,-5.48687808077375e-07,-0.665605008602142,6.0718722956212e-07,393216
535,2,35.6666685268283,-0.667999993730336,-4.92640651827969e-07,-0.66761577129364,5.74344517727375e-07,393216
536,2,35.7333351969719,-0.669999993825331,-4.92057097289944e-07,-0.669631898403168,5.41540709530527e-07,393216
537,2,35.8000018671155,-0.671999993920326,-5.46217734154197e-07,-0.671596467494965,5.05126192021082e-07,393216
538,2,35.8666685372591,-0.673999994015321,-5.2457482979662e-07,-0.673572540283203,4.70154534877393e-07,393216
539,2,35.9333352074027,-0.675999994110316,-4.79699167499348e-07,-0.67560088634491,4.38174588709553e-07,393216
540,2,36.0000018775463,-0.677999994205311,-5.39682559974608e-07,-0.677566051483154,4.02195749501469e-07,393216
541,2,36.0666685476899,-0.679999994300306,-5.5153725497803e-07,-0.679624795913696,3.6542659725194e-07,393216
542,2,36.1333352178335,-0.681999994395301,-4.8379820327682e-07,-0.681573569774628,3.33173382018016e-07,393216
543,2,36.2000018879771,-0.683999994490296,-5.24720746852836e-07,-0.683606803417206,2.98191997070072e-07,393216
544,2,36.2666685581207,-0.685999994585291,-5.63763933314476e-07,-0.685602962970734,2.60607732888935e-07,393216
545,2,36.3333352282643,-0.687999994680285,-5.06129140376288e-07,-0.687595427036285,2.26865788437403e-07,393216
546,2,36.4000018984079,-0.68999999477528,-5.07135666794056e-07,-0.68961888551712,1.93056742221187e-07,393216
547,2,36.4666685685515,-0.691999994870275,-5.6220790156658e-07,-0.691601097583771,1.5557621349532e-07,393216
548,2,36.5333352386951,-0.69399999496527,-5.42021382443636e-07,-0.693573594093323,1.1944145278117e-07,393216
549,2,36.6000019088387,-0.695999995060265,-4.92477738589514e-07,-0.695545434951782,8.66096018295544e-08,393216
550,2,36.6666685789824,-0.69799999515526,-5.54313714928867e-07,-0.697618722915649,4.96553522403157e-08,393216
551,2,36.733335249126,-0.699999995250255,-5.67768211112707e-07,-0.69957834482193,1.18041361920406e-08,393216
552,2,36.8000019192696,-0.70199999534525,-5.01305521538598e-07,-0.701602458953857,-2.16162336535406e-08,393216
553,2,36.8666685894132,-0.703999995440245,-5.39901350293803e-07,-0.703585267066956,-5.76096588836641e-08,393216
554,2,36.9333352595568,-0.70599999553524,-5.80857886234298e-07,-0.705585718154907,-9.63335199855573e-08,393216
555,2,37.0000019297004,-0.707999995630235,-5.26031158187834e-07,-0.70758730173111,-1.31402265693724e-07,393216
556,2,37.066668599844,-0.709999995725229,-5.24589495398686e-07,-0.709618628025055,-1.66374900544268e-07,393216
557,2,37.1333352699876,-0.711999995820224,-5.81545975819608e-07,-0.71160626411438,-2.05144634287574e-07,393216
558,2,37.2000019401312,-0.713999995915219,-5.60527951165568e-07,-0.713547170162201,-2.42513166314199e-07,393216
559,2,37.2666686102748,-0.715999996010214,-5.12637541305594e-07,-0.715568900108337,-2.76689004183648e-07,393216
560,2,37.3333352804184,-0.717999996105209,-5.7367600447833e-07,-0.717568039894104,-3.14934073143505e-07,393216
561,2,37.400001950562,-0.719999996200204,-5.88141858770541e-07,-0.719619452953339,-3.54143532439807e-07,393216
562,2,37.4666686207056,-0.721999996295199,-5.20755406796525e-07,-0.721613764762878,-3.8886056137021e-07,393216
563,2,37.5333352908492,-0.723999996390194,-5.5898652817632e-07,-0.72357040643692,-4.26126331858859e-07,393216
564,2,37.6000019609928,-0.725999996485189,-6.02634429469617e-07,-0.725604236125946,-4.66301962585489e-07,393216
565,2,37.6666686311364,-0.727999996580184,-5.46497290088155e-07,-0.727569460868835,-5.0273511715817e-07,393216
566,2,37.73333530128,-0.729999996675178,-5.44207068742253e-07,-0.729586839675903,-5.39015590299827e-07,393216
567,2,37.8000019714236,-0.731999996770173,-6.0127058532089e-07,-0.731567800045013,-5.79100298078467e-07,393216
568,2,37.8666686415672,-0.733999996865168,-5.82900156587129e-07,-0.733590662479401,-6.17960310544316e-07,393216
569,2,37.9333353117108,-0.735999996960163,-5.34392199824651e-07,-0.735589265823364,-6.53586459057341e-07,393216
570,2,38.0000019818544,-0.737999997055158,-5.93833362927398e-07,-0.737516105175018,-6.9317535198389e-07,393216
571,2,38.066668651998,-0.739999997150153,-6.09689948305459e-07,-0.739575445652008,-7.33821350657441e-07,393216
572,2,38.1333353221416,-0.741999997245148,-5.44156023352116e-07,-0.741555213928223,-7.70098420772912e-07,393216
573,2,38.2000019922853,-0.743999997340143,-5.8484516785029e-07,-0.743606626987457,-8.09088100663068e-07,393216
574,2,38.2666686624289,-0.745999997435138,-6.26720691343507e-07,-0.745549321174622,-8.50869482265037e-07,393216
575,2,38.3333353325725,-0.747999997530133,-5.72637929963093e-07,-0.747588634490967,-8.89045346253603e-07,393216
576,2,38.4000020027161,-0.749999997625127,-5.68818450119579e-07,-0.749595701694489,-9.26966578239321e-07,393216
577,2,38.4666686728597,-0.751999997720122,-6.27948452347482e-07,-0.751585125923157,-9.68829810579158e-07,393216
578,2,38.5333353430033,-0.753999997815117,-6.08880270647205e-07,-0.753538250923157,-1.00942183073934e-06,393216
579,2,38.6000020131469,-0.755999997910112,-5.59708610126108e-07,-0.755563497543335,-1.04673574002716e-06,393216
580,2,38.6666686832905,-0.757999998005107,-6.21848471382691e-07,-0.757610023021698,-1.08819230694813e-06,393216
581,2,38.7333353534341,-0.759999998100102,-6.38852554857294e-07,-0.759574592113495,-1.1307824794932e-06,393216
582,2,38.8000020235777,-0.761999998195097,-5.71043017316697e-07,-0.761510670185089,-1.16885201596646e-06,393216
583,2,38.8666686937213,-0.763999998290092,-6.11955783824669e-07,-0.7635378241539,-1.20964907034917e-06,393216
584,2,38.9333353638649,-0.765999998385087,-6.54215511985967e-07,-0.765525996685028,-1.25326344008957e-06,393216
585,2,39.0000020340085,-0.767999998480082,-6.02157911089307e-07,-0.767529428005219,-1.29340730292252e-06,393216
586,2,39.0666687041521,-0.769999998575077,-5.98576775701076e-07,-0.769543170928955,-1.33331242338381e-06,393216
587,2,39.1333353742957,-0.771999998670071,-6.60828391119139e-07,-0.771552085876465,-1.37736765175608e-06,393216
588,2,39.2000020444393,-0.773999998765066,-6.39900406440574e-07,-0.77349179983139,-1.42002768107701e-06,393216
589,2,39.2666687145829,-0.775999998860061,-5.94565165101812e-07,-0.775574147701263,-1.45966536081773e-06,393216
590,2,39.3333353847265,-0.777999998955056,-6.57064902043203e-07,-0.77754420042038,-1.50346968990518e-06,393216
591,2,39.4000020548701,-0.779999999050051,-6.74178352255694e-07,-0.779568910598755,-1.54841491573297e-06,393216
592,2,39.4666687250137,-0.781999999145046,-6.05578691192932e-07,-0.781518876552582,-1.58878683058473e-06,393216
593,2,39.5333353951573,-0.783999999240041,-6.48105753953132e-07,-0.783553957939148,-1.63199388310169e-06,393216
594,2,39.6000020653009,-0.785999999335036,-6.932610858712e-07,-0.785526394844055,-1.67821129123686e-06,393216
595,2,39.6666687354445,-0.787999999430031,-6.40503344584431e-07,-0.787534713745117,-1.72091151643615e-06,393216
596,2,39.7333354055882,-0.789999999525026,-6.37486152754718e-07,-0.789561808109283,-1.76341059550296e-06,393216
597,2,39.8000020757318,-0.79199999962002,-6.98925873621192e-07,-0.791559755802155,-1.8100056561745e-06,393216
598,2,39.8666687458754,-0.793999999715015,-6.82906431848096e-07,-0.793503046035767,-1.85553275400546e-06,393216
599,2,39.933335416019,-0.79599999981001,-6.36178185686731e-07,-0.795502901077271,-1.89794463526319e-06,393216
600,2,40.0000020861626,-0.797999999905005,-6.97758935075399e-07,-0.797492325305939,-1.94446190002762e-06,393216
601,3,40.0666687563062,-0.8,-7.19540196314483e-07,-0.799586236476898,-1.99243124895038e-06,425984
602,3,40.1333354264498,-0.797999999905005,-4.56113809832459e-07,-0.797570049762726,-2.02283883785842e-06,425984
603,3,40.2000020965934,-0.79599999981001,-4.17578746692016e-07,-0.795585453510284,-2.05067742242312e-06,425984
604,3,40.266668766737,-0.793999999715015,-4.07917042366535e-07,-0.793577790260315,-2.07787189333252e-06,425984
605,3,40.3333354368806,-0.79199999962002,-3.09751158056315e-07,-0.791602849960327,-2.09852197161326e-06,425984
606,3,40.4000021070242,-0.789999999525026,-2.6953858878187e-07,-0.789601266384125,-2.11649121180256e-06,425984
607,3,40.4666687771678,-0.787999999430031,-2.96357512752365e-07,-0.78760814666748,-2.1362483803498e-06,425984
608,3,40.5333354473114,-0.785999999335036,-2.50475295615615e-07,-0.785588920116425,-2.15294673426173e-06,425984
609,3,40.600002117455,-0.783999999240041,-1.77397311063032e-07,-0.783620119094849,-2.16477322228273e-06,425984
610,3,40.6666687875986,-0.781999999145046,-2.16807592323676e-07,-0.781645238399506,-2.1792270625248e-06,425984
611,3,40.7333354577422,-0.779999999050051,-2.12708528124494e-07,-0.779607713222504,-2.19340763180601e-06,425984
612,3,40.8000021278858,-0.777999998955056,-1.25869775047249e-07,-0.77760249376297,-2.20179895058013e-06,425984
613,3,40.8666687980294,-0.775999998860061,-1.46870760886486e-07,-0.775662899017334,-2.21159033514989e-06,425984
614,3,40.933335468173,-0.773999998765066,-1.71815187854918e-07,-0.773616254329681,-2.22304468160428e-06,425984
615,3,41.0000021383166,-0.771999998670071,-1.04419001445422e-07,-0.771617114543915,-2.23000594873036e-06,425984
616,3,41.0666688084602,-0.769999998575077,-8.42422096525297e-08,-0.769627630710602,-2.23562209633344e-06,425984
617,3,41.1333354786038,-0.767999998480082,-1.30323783764652e-07,-0.767675161361694,-2.24431034903754e-06,425984
618,3,41.2000021487474,-0.765999998385087,-9.75969669525512e-08,-0.765619575977325,-2.25081681384038e-06,425984
619,3,41.266668818891,-0.763999998290092,-3.69304231639944e-08,-0.763642191886902,-2.25327884217972e-06,425984
620,3,41.3333354890347,-0.761999998195097,-8.71839986871237e-08,-0.76164186000824,-2.259091109062e-06,425984
621,3,41.4000021591783,-0.759999998100102,-9.05828514419227e-08,-0.759668111801147,-2.26512996613974e-06,425984
622,3,41.4666688293219,-0.757999998005107,-1.12906430871362e-08,-0.757624626159668,-2.26588267571814e-06,425984
623,3,41.5333354994655,-0.755999997910112,-4.05626821020633e-08,-0.755616366863251,-2.26858685466598e-06,425984
624,3,41.6000021696091,-0.753999997815117,-7.16216774776512e-08,-0.753629863262177,-2.27336163341351e-06,425984
625,3,41.6666688397527,-0.751999997720122,-1.03619131053279e-08,-0.751611888408661,-2.27405242765656e-06,425984
626,3,41.7333355098963,-0.749999997625127,1.95957339244046e-09,-0.749674081802368,-2.27392178942359e-06,425984
627,3,41.8000021800399,-0.747999997530133,-4.44307737268446e-08,-0.747610449790955,-2.27688384115986e-06,425984
628,3,41.8666688501835,-0.745999997435138,-1.68994986893267e-08,-0.745636224746704,-2.27801047446457e-06,425984
629,3,41.9333355203271,-0.743999997340143,3.86176957078987e-08,-0.743680119514465,-2.27543596128311e-06,425984
630,3,42.0000021904707,-0.741999997245148,-1.31213617748926e-08,-0.741624474525452,-2.27631071878039e-06,425984
631,3,42.0666688606143,-0.739999997150153,-1.88444833071344e-08,-0.739634990692139,-2.27756701773305e-06,425984
632,3,42.1333355307579,-0.737999997055158,5.44207061636826e-08,-0.737674057483673,-2.27393897046626e-06,425984
633,3,42.2000022009015,-0.735999996960163,2.21922906717964e-08,-0.735625088214874,-2.27245948434431e-06,425984
634,3,42.2666688710451,-0.733999996865168,-1.12493125925539e-08,-0.733670830726624,-2.27320943855626e-06,425984
635,3,42.3333355411887,-0.731999996770173,4.97624661477403e-08,-0.731633365154266,-2.26989194064006e-06,425984
636,3,42.4000022113323,-0.729999996675178,5.98618044023169e-08,-0.729686439037323,-2.26590115347177e-06,425984
637,3,42.4666688814759,-0.727999996580184,9.44776967770622e-09,-0.727699398994446,-2.26527130212707e-06,425984
638,3,42.5333355516195,-0.725999996485189,3.50826852013597e-08,-0.72564309835434,-2.262932456325e-06,425984
639,3,42.6000022217631,-0.723999996390194,8.82391475443001e-08,-0.723652482032776,-2.25704984618191e-06,425984
640,3,42.6666688919067,-0.721999996295199,3.5627280681183e-08,-0.721693336963654,-2.25467469401262e-06,425984
641,3,42.7333355620503,-0.719999996200204,2.67921809182781e-08,-0.719682574272156,-2.25288854852492e-06,425984
642,3,42.8000022321939,-0.717999996105209,9.98215412550962e-08,-0.717674314975739,-2.24623377876084e-06,425984
643,3,42.8666689023376,-0.715999996010214,6.61781456301469e-08,-0.715668439865112,-2.2418219021554e-06,425984
644,3,42.9333355724812,-0.713999995915219,3.10079393273099e-08,-0.713674128055573,-2.23975470609243e-06,425984
645,3,43.0000022426248,-0.711999995820224,9.03445922517676e-08,-0.711702227592468,-2.23373173296152e-06,425984
646,3,43.0666689127684,-0.709999995725229,9.95103448531154e-08,-0.709673285484314,-2.22709770962532e-06,425984
647,3,43.133335582912,-0.707999995630235,4.71659120648837e-08,-0.70768928527832,-2.22395331532367e-06,425984
648,3,43.2000022530556,-0.70599999553524,7.42109378393252e-08,-0.705677330493927,-2.21900591920969e-06,425984
649,3,43.2666689231992,-0.703999995440245,1.25427277453127e-07,-0.703664779663086,-2.21064410027671e-06,425984
650,3,43.3333355933428,-0.70199999534525,6.88719481445332e-08,-0.701652884483337,-2.20605263682761e-06,425984
651,3,43.4000022634864,-0.699999995250255,5.89622466407036e-08,-0.699683427810669,-2.20212182017989e-06,425984
652,3,43.46666893363,-0.69799999515526,1.32040241851428e-07,-0.697717666625977,-2.1933191369307e-06,425984
653,3,43.5333356037736,-0.695999995060265,9.88393225043183e-08,-0.695665597915649,-2.18672984842009e-06,425984
654,3,43.6000022739172,-0.69399999496527,6.19137665580638e-08,-0.693696796894073,-2.18260226376761e-06,425984
655,3,43.6666689440608,-0.691999994870275,1.20696100225359e-07,-0.691672086715698,-2.17455585666627e-06,425984
656,3,43.7333356142044,-0.68999999477528,1.2663318216255e-07,-0.689659535884857,-2.16611364408181e-06,425984
657,3,43.800002284348,-0.687999994680285,7.64428094157665e-08,-0.687681078910828,-2.16101745652163e-06,425984
658,3,43.8666689544916,-0.685999994585291,9.9811821030471e-08,-0.685700118541718,-2.15436333477256e-06,425984
659,3,43.9333356246352,-0.683999994490296,1.50011899791025e-07,-0.683699071407318,-2.14436254093158e-06,425984
660,3,44.0000022947788,-0.681999994395301,9.62038626539652e-08,-0.681693255901337,-2.13794894975349e-06,425984
661,3,44.0666689649224,-0.679999994300306,8.77140067245818e-08,-0.679720759391785,-2.13210134900021e-06,425984
662,3,44.133335635066,-0.677999994205311,1.58253769200201e-07,-0.677694797515869,-2.12155109716995e-06,425984
663,3,44.2000023052096,-0.675999994110316,1.20754464205675e-07,-0.675732135772705,-2.11350079913639e-06,425984
664,3,44.2666689753532,-0.673999994015321,8.7397943104861e-08,-0.673729836940765,-2.10767426929219e-06,425984
665,3,44.3333356454968,-0.671999993920326,1.45100813142562e-07,-0.671708822250366,-2.09800088124484e-06,425984
666,3,44.4000023156404,-0.669999993825331,1.49229052226474e-07,-0.669733345508575,-2.08805227724422e-06,425984
667,3,44.4666689857841,-0.667999993730336,9.81245378284257e-08,-0.667731106281281,-2.08151064104782e-06,425984
668,3,44.5333356559277,-0.665999993635342,1.26171229908323e-07,-0.665757417678833,-2.0730992252819e-06,425984
669,3,44.6000023260713,-0.663999993540347,1.7274390984312e-07,-0.663725435733795,-2.06158296402508e-06,425984
670,3,44.6666689962149,-0.661999993445352,1.18026612483391e-07,-0.661718368530273,-2.05371452278248e-06,425984
671,3,44.7333356663585,-0.659999993350357,1.09152615834773e-07,-0.659757375717163,-2.04643768134731e-06,425984
672,3,44.8000023365021,-0.657999993255362,1.78150983742853e-07,-0.657724857330322,-2.03456094847837e-06,425984
673,3,44.8666690066457,-0.655999993160367,1.42222233989742e-07,-0.655718982219696,-2.02507946571789e-06,425984
674,3,44.9333356767893,-0.653999993065372,1.06663030408072e-07,-0.653715550899506,-2.01796859665316e-06,425984
675,3,45.0000023469329,-0.651999992970377,1.67103465287255e-07,-0.651702344417572,-2.006828365053e-06,425984
676,3,45.0666690170765,-0.649999992875382,1.66860345984787e-07,-0.649748146533966,-1.99570434140718e-06,425984
677,3,45.1333356872201,-0.647999992780387,1.1675264488531e-07,-0.647716164588928,-1.98792083134222e-06,425984
678,3,45.2000023573637,-0.645999992685393,1.46992306326865e-07,-0.64573460817337,-1.97812134374268e-06,425984
679,3,45.2666690275073,-0.643999992590398,1.90268266919702e-07,-0.64372992515564,-1.96543679195315e-06,425984
680,3,45.3333356976509,-0.641999992495403,1.33051628381509e-07,-0.641757488250732,-1.95656668293177e-06,425984
681,3,45.4000023677945,-0.639999992400408,1.30139014231645e-07,-0.639756441116333,-1.94789074819717e-06,425984
682,3,45.4666690379381,-0.637999992305413,1.97119476297303e-07,-0.637737214565277,-1.93474944909198e-06,425984
683,3,45.5333357080817,-0.635999992210418,1.56133751261223e-07,-0.635744094848633,-1.92434053179837e-06,425984
684,3,45.6000023782253,-0.633999992115423,1.26638042274863e-07,-0.633730947971344,-1.9158979952064e-06,425984
685,3,45.6666690483689,-0.631999992020428,1.85901768645635e-07,-0.631711781024933,-1.90350454331698e-06,425984
686,3,45.7333357185125,-0.629999991925433,1.82040949425755e-07,-0.629765391349792,-1.89136847938899e-06,425984
687,3,45.8000023886561,-0.627999991830438,1.3319750280516e-07,-0.627733409404755,-1.88248864540553e-06,425984
688,3,45.8666690587997,-0.625999991735444,1.66787430089244e-07,-0.625766456127167,-1.87136948281967e-06,425984
689,3,45.9333357289433,-0.623999991640449,2.05176576173471e-07,-0.623747169971466,-1.85769104369472e-06,425984
690,3,46.000002399087,-0.621999991545454,1.48606659422512e-07,-0.621718883514404,-1.84778393254985e-06,425984
691,3,46.0666690692306,-0.619999991450459,1.48587218973262e-07,-0.619800388813019,-1.83787811743501e-06,425984
692,3,46.1333357393742,-0.617999991355464,2.15013329807334e-07,-0.617764234542847,-1.82354389470026e-06,425984
693,3,46.2000024095178,-0.615999991260469,1.68523314414415e-07,-0.615738928318024,-1.81230900648669e-06,425984
694,3,46.2666690796614,-0.613999991165474,1.41483141646859e-07,-0.613743364810944,-1.80287679655164e-06,425984
695,3,46.333335749805,-0.611999991070479,2.05492625582337e-07,-0.611756324768066,-1.789177287465e-06,425984
696,3,46.4000024199486,-0.609999990975484,1.95150164472579e-07,-0.609754085540771,-1.77616727582163e-06,425984
697,3,46.4666690900922,-0.607999990880489,1.47502873915073e-07,-0.607729375362396,-1.7663337503811e-06,425984
698,3,46.5333357602358,-0.605999990785494,1.86383132927403e-07,-0.605749011039734,-1.7539082075379e-06,425984
699,3,46.6000024303794,-0.6039999906905,2.19029715253782e-07,-0.603740751743317,-1.73930622575943e-06,425984
700,3,46.666669100523,-0.601999990595505,1.61886049454552e-07,-0.601766467094421,-1.72851382189959e-06,425984
701,3,46.7333357706666,-0.59999999050051,1.65562070719716e-07,-0.599783658981323,-1.71747634994263e-06,425984
702,3,46.8000024408102,-0.597999990405515,2.28049614747761e-07,-0.597775995731354,-1.70227304149986e-06,425984
703,3,46.8666691109538,-0.59599999031052,1.80519023729175e-07,-0.595795035362244,-1.69023843929026e-06,425984
704,3,46.9333357810974,-0.593999990215525,1.57762656272098e-07,-0.593755781650543,-1.67972092832359e-06,425984
705,3,47.000002451241,-0.59199999012053,2.22871079813558e-07,-0.591765642166138,-1.66486285556111e-06,425984
706,3,47.0666691213846,-0.589999990025535,2.06445676553813e-07,-0.589757978916168,-1.65109980973973e-06,425984
707,3,47.1333357915282,-0.58799998993054,1.62401462944217e-07,-0.587795853614807,-1.64027304497879e-06,425984
708,3,47.2000024616718,-0.585999989835545,2.0385883203744e-07,-0.585791766643524,-1.62668245546749e-06,425984
709,3,47.2666691318154,-0.583999989740551,2.30719095384302e-07,-0.583778619766235,-1.61130118163967e-06,425984
710,3,47.333335801959,-0.581999989645556,1.7549608344325e-07,-0.581739366054535,-1.59960144213326e-06,425984
711,3,47.4000024721026,-0.579999989550561,1.82167383400156e-07,-0.579814255237579,-1.5874569492732e-06,425984
712,3,47.4666691422462,-0.577999989455566,2.44202709609453e-07,-0.577744662761688,-1.5711767677835e-06,425984
713,3,47.5333358123899,-0.575999989360571,1.93282986060694e-07,-0.575776398181915,-1.55829123470742e-06,425984
714,3,47.6000024825335,-0.573999989265576,1.71931901604694e-07,-0.573819160461426,-1.54682910733597e-06,425984
715,3,47.6666691526771,-0.571999989170581,2.40711472088151e-07,-0.571793258190155,-1.53078167502649e-06,425984
716,3,47.7333358228207,-0.569999989075586,2.18669910623248e-07,-0.569802522659302,-1.51620368022464e-06,425984
717,3,47.8000024929643,-0.567999988980591,1.78428166464073e-07,-0.567786991596222,-1.50430846850665e-06,425984
718,3,47.8666691631079,-0.565999988885596,2.22243826897284e-07,-0.565769612789154,-1.48949221260744e-06,425984
719,3,47.9333358332515,-0.563999988790602,2.44455549136546e-07,-0.563801944255829,-1.47319517514838e-06,425984
720,3,48.0000025033951,-0.561999988695607,1.89062347999425e-07,-0.561810076236725,-1.46059101795773e-06,425984
721,3,48.0666691735387,-0.559999988600612,2.017533944354e-07,-0.559790849685669,-1.44714079096055e-06,425984
722,3,48.1333358436823,-0.557999988505617,2.62524480376669e-07,-0.557748556137085,-1.42963915802266e-06,425984
723,3,48.2000025138259,-0.555999988410622,2.08108630772585e-07,-0.555810689926147,-1.4157652485809e-06,425984
724,3,48.2666691839695,-0.553999988315627,1.90156427493093e-07,-0.553798735141754,-1.40308815275353e-06,425984
725,3,48.3333358541131,-0.551999988220632,2.595924115667e-07,-0.551791667938232,-1.38578199107983e-06,425984
726,3,48.4000025242567,-0.549999988125637,2.35143943427829e-07,-0.549802780151367,-1.37010572736706e-06,425984
727,3,48.4666691944003,-0.547999988030642,1.93307286622257e-07,-0.547796964645386,-1.35721857425346e-06,425984
728,3,48.5333358645439,-0.545999987935647,2.44207569721766e-07,-0.54578560590744,-1.34093806875625e-06,425984
729,3,48.6000025346875,-0.543999987840653,2.62913488313643e-07,-0.543808281421661,-1.32341050195454e-06,425984
730,3,48.6666692048311,-0.541999987745658,2.06187962703552e-07,-0.541824281215668,-1.3096646370574e-06,425984
731,3,48.7333358749747,-0.539999987650663,2.23872746119014e-07,-0.539812982082367,-1.29473978653774e-06,425984
732,3,48.8000025451183,-0.537999987555668,2.81595049500538e-07,-0.537853240966797,-1.27596678225862e-06,425984
733,3,48.8666692152619,-0.535999987460673,2.31939580430662e-07,-0.53582489490509,-1.2605041427568e-06,425984
734,3,48.9333358854055,-0.533999987365678,2.14770224715721e-07,-0.533823907375336,-1.24618612702901e-06,425984
735,3,49.0000025555491,-0.531999987270683,2.85985890968732e-07,-0.531790673732758,-1.22712039997007e-06,425984
736,3,49.0666692256927,-0.529999987175688,2.57788428825734e-07,-0.529826104640961,-1.20993450381871e-06,425984
737,3,49.1333358958364,-0.527999987080693,2.19180464000601e-07,-0.527855455875397,-1.19532247212326e-06,425984
738,3,49.20000256598,-0.525999986985698,2.73046850907122e-07,-0.525811374187469,-1.17711934778008e-06,425984
739,3,49.2666692361236,-0.523999986890703,2.92477267294089e-07,-0.523806750774384,-1.15762086227689e-06,425984
740,3,49.3333359062672,-0.521999986795709,2.36777736972726e-07,-0.521822690963745,-1.14183567898878e-06,425984
741,3,49.4000025764108,-0.519999986700714,2.55717026220736e-07,-0.519815623760223,-1.12478787635162e-06,425984
742,3,49.4666692465544,-0.517999986605719,3.16668035793555e-07,-0.517843186855316,-1.10367667286434e-06,425984
743,3,49.533335916698,-0.515999986510724,2.66458187070384e-07,-0.51585066318512,-1.08591279279986e-06,425984
744,3,49.6000025868416,-0.513999986415729,2.47572415901232e-07,-0.513835668563843,-1.06940796421232e-06,425984
745,3,49.6666692569852,-0.511999986320734,3.25153052926908e-07,-0.511818885803223,-1.04773109288665e-06,425984
746,3,49.7333359271288,-0.509999986225739,2.98477544902198e-07,-0.509827613830566,-1.02783258885539e-06,425984
747,3,49.8000025972724,-0.507999986130744,2.59047823192304e-07,-0.507853329181671,-1.01056273307521e-06,425984
748,3,49.866669267416,-0.505999986035749,3.13789456640734e-07,-0.505831658840179,-9.89643434874797e-07,425984
749,3,49.9333359375596,-0.503999985940754,3.42492597837918e-07,-0.503840982913971,-9.6681059382811e-07,425984
750,3,50.0000026077032,-0.50199998584576,2.85227315544034e-07,-0.501875221729279,-9.4779543846679e-07,425984
751,3,50.0666692778468,-0.499999985750765,3.02649539207778e-07,-0.499795854091644,-9.27618801467311e-07,425984
752,3,50.1333359479904,-0.49799998565577,3.81013023798005e-07,-0.497834295034409,-9.02217931889353e-07,425984
753,3,50.200002618134,-0.495999985560775,3.28960339857076e-07,-0.495859414339066,-8.80287241421773e-07,425984
754,3,50.2666692882776,-0.49399998546578,3.05440607917262e-07,-0.493882119655609,-8.59924533165291e-07,425984
755,3,50.3333359584212,-0.491999985370785,3.99388284222368e-07,-0.491851329803467,-8.33298646161818e-07,425984
756,3,50.4000026285648,-0.48999998527579,3.84285471000112e-07,-0.489830285310745,-8.07679613425674e-07,425984
757,3,50.4666692987084,-0.487999985180795,3.35855332878054e-07,-0.487832903862,-7.85289256732722e-07,425984
758,3,50.533335968852,-0.4859999850858,3.98979835836144e-07,-0.485828876495361,-7.58690599623085e-07,425984
759,3,50.6000026389956,-0.483999984990805,4.48290109034133e-07,-0.483870387077332,-7.28804590795466e-07,425984
760,3,50.6666693091393,-0.481999984895811,3.94696002103956e-07,-0.481866329908371,-7.02491522616202e-07,425984
761,3,50.7333359792829,-0.479999984800816,4.11383979326274e-07,-0.479881137609482,-6.75065922564094e-07,425984
762,3,50.8000026494265,-0.477999984705821,5.1026705705226e-07,-0.477849125862122,-6.41048116986443e-07,425984
763,3,50.8666693195701,-0.475999984610826,4.70720635803445e-07,-0.475872427225113,-6.09666739629547e-07,425984
764,3,50.9333359897137,-0.473999984515831,4.51319408512063e-07,-0.473879307508469,-5.79578777492867e-07,425984
765,3,51.0000026598573,-0.471999984420836,5.59232091745798e-07,-0.471832752227783,-5.42296636098732e-07,425984
766,3,51.0666693300009,-0.469999984325841,5.73313798213348e-07,-0.469872415065765,-5.04075714224466e-07,425984
767,3,51.1333360001445,-0.467999984230846,5.23206097113871e-07,-0.467896938323975,-4.69195305931053e-07,425984
768,3,51.2000026702881,-0.465999984135851,6.0361179521351e-07,-0.465849786996841,-4.28954517484765e-07,425984
769,3,51.2666693404317,-0.463999984040856,6.79087008848001e-07,-0.463854819536209,-3.83682047867088e-07,425984
770,3,51.3333360105753,-0.461999983945862,6.39803147350904e-07,-0.461815565824509,-3.41028502485806e-07,425984
771,3,51.4000026807189,-0.459999983850867,6.55071232813498e-07,-0.459847331047058,-2.97357084687264e-07,425984
772,3,51.4666693508625,-0.457999983755872,7.86430746302358e-07,-0.457838445901871,-2.44928365532736e-07,425984
773,3,51.5333360210061,-0.455999983660877,7.64787955631618e-07,-0.455890893936157,-1.93942499164842e-07,425984
774,3,51.6000026911497,-0.453999983565882,7.45479155739304e-07,-0.453842490911484,-1.44243886190237e-07,425984
775,3,51.6666693612933,-0.451999983470887,8.77966670032038e-07,-0.45187246799469,-8.57127718021325e-08,425984
776,3,51.7333360314369,-0.449999983375892,9.13730048068828e-07,-0.449884831905365,-2.47974320872283e-08,425984
777,3,51.8000027015805,-0.447999983280897,8.64526839450264e-07,-0.447864383459091,3.28376935486952e-08,425984
778,3,51.8666693717241,-0.445999983185902,9.53728658714681e-07,-0.44585245847702,9.6419607445729e-08,425984
779,3,51.9333360418677,-0.443999983090907,1.05409480966046e-06,-0.443861782550812,1.66692598421448e-07,425984
780,3,52.0000027120113,-0.441999982995912,1.01117871054157e-06,-0.441897809505463,2.34104515973358e-07,425984
781,3,52.0666693821549,-0.439999982900918,1.03060426681623e-06,-0.439854294061661,3.02811470677786e-07,425984
782,3,52.1333360522985,-0.437999982805923,1.1715915206878e-06,-0.43787693977356,3.80917576130524e-07,425984
783,3,52.2000027224422,-0.435999982710928,1.14810097784357e-06,-0.435860157012939,4.5745764531197e-07,425984
784,3,52.2666693925858,-0.433999982615933,1.11649001155456e-06,-0.433876127004623,5.31890316630907e-07,425984
785,3,52.3333360627294,-0.431999982520938,1.25418034713221e-06,-0.431941330432892,6.15502344133761e-07,425984
786,3,52.400002732873,-0.429999982425943,1.2717097206405e-06,-0.429894179105759,7.00282996598116e-07,425984
787,3,52.4666694030166,-0.427999982330948,1.21254799978487e-06,-0.427878618240356,7.81119534133062e-07,425984
788,3,52.5333360731602,-0.425999982235953,1.29361990275356e-06,-0.425857573747635,8.67360865481135e-07,425984
789,3,52.6000027433038,-0.423999982140958,1.3651127801495e-06,-0.423917889595032,9.5836838890418e-07,425984
790,3,52.6666694134474,-0.421999982045963,1.30272246678942e-06,-0.421841561794281,1.04521655788629e-06,425984
791,3,52.733336083591,-0.419999981950969,1.30615535454126e-06,-0.41990128159523,1.1322935860638e-06,425984
792,3,52.8000027537346,-0.417999981855974,1.41637281103613e-06,-0.417896032333374,1.22671844505751e-06,425984
793,3,52.8666694238782,-0.415999981760979,1.36972232667176e-06,-0.415914475917816,1.31803327159807e-06,425984
794,3,52.9333360940218,-0.413999981665984,1.31378942569427e-06,-0.413900077342987,1.40561923787898e-06,425984
795,3,53.0000027641654,-0.411999981570989,1.42624844556849e-06,-0.411885112524033,1.50070247254253e-06,425984
796,3,53.066669434309,-0.409999981475994,1.40376937451947e-06,-0.409906566143036,1.59428710239131e-06,425984
797,3,53.1333361044526,-0.407999981380999,1.31207298181835e-06,-0.407898277044296,1.68175863907453e-06,425984
798,3,53.2000027745962,-0.405999981286004,1.38337611588213e-06,-0.405927628278732,1.77398371827658e-06,425984
799,3,53.2666694447398,-0.403999981191009,1.40688132432842e-06,-0.403929054737091,1.86777581145678e-06,425984
800,3,53.3333361148834,-0.401999981096014,1.31130946101621e-06,-0.401903748512268,1.95519644675054e-06,425984
801,3,53.400002785027,-0.39999998100102,1.30544549392653e-06,-0.399911850690842,2.04222615088459e-06,425984
802,3,53.4666694551706,-0.397999980906025,1.37003826239379e-06,-0.397981286048889,2.13356203980772e-06,425984
803,3,53.5333361253142,-0.39599998081103,1.2846924164478e-06,-0.39588189125061,2.21920820537103e-06,425984
804,3,53.6000027954578,-0.393999980716035,1.22555513826228e-06,-0.393884539604187,2.30091188551636e-06,425984
805,3,53.6666694656014,-0.39199998062104,1.29306079088565e-06,-0.391924828290939,2.38711594273796e-06,425984
806,3,53.733336135745,-0.389999980526045,1.24092048281454e-06,-0.389926880598068,2.4698439792402e-06,425984
807,3,53.8000028058887,-0.38799998043105,1.14591773581196e-06,-0.387911856174469,2.54623849894529e-06,425984
808,3,53.8666694760323,-0.385999980336055,1.19314677249349e-06,-0.385925471782684,2.62578162126002e-06,425984
809,3,53.9333361461759,-0.38399998024106,1.1722479484888e-06,-0.383922636508942,2.70393148856844e-06,425984
810,3,54.0000028163195,-0.381999980146065,1.06801610399998e-06,-0.381931960582733,2.77513256588186e-06,425984
811,3,54.0666694864631,-0.37999998005107,1.07115727132623e-06,-0.37992849946022,2.84654305436129e-06,425984
812,3,54.1333361566067,-0.377999979956076,1.09272230019997e-06,-0.377950578927994,2.91939121150728e-06,425984
813,3,54.2000028267503,-0.375999979861081,9.99596295514493e-07,-0.375909477472305,2.98603096801711e-06,425984
814,3,54.2666694968939,-0.373999979766086,9.56198846324696e-07,-0.373879939317703,3.04977756109674e-06,425984
815,3,54.3333361670375,-0.371999979671091,1.00301963357197e-06,-0.371920824050903,3.11664554015564e-06,425984
816,3,54.4000028371811,-0.369999979576096,9.24077369290899e-07,-0.369927108287811,3.17825070132132e-06,425984
817,3,54.4666695073247,-0.367999979481101,8.59503927586047e-07,-0.367942482233047,3.23555096614884e-06,425984
818,3,54.5333361774683,-0.365999979386106,9.04569219528639e-07,-0.36590564250946,3.29585558392921e-06,425984
819,3,54.6000028476119,-0.363999979291111,8.59936619690416e-07,-0.363914966583252,3.35318469489852e-06,425984
820,3,54.6666695177555,-0.361999979196116,7.79900460656791e-07,-0.361913949251175,3.40517806165397e-06,425984
821,3,54.7333361878991,-0.359999979101121,8.01903127012338e-07,-0.359894752502441,3.45863827290962e-06,425984
822,3,54.8000028580427,-0.357999979006127,8.01222370228061e-07,-0.357944130897522,3.51205310037729e-06,425984
823,3,54.8666695281863,-0.355999978911132,7.19917125024949e-07,-0.355904877185822,3.56004757788206e-06,425984
824,3,54.9333361983299,-0.353999978816137,7.07717163095367e-07,-0.353940308094025,3.60722872454911e-06,425984
825,3,55.0000028684735,-0.351999978721142,7.45838917737274e-07,-0.351909548044205,3.65695132165816e-06,425984
826,3,55.0666695386171,-0.349999978626147,6.75133776439907e-07,-0.349940717220306,3.70196024243489e-06,425984
827,3,55.1333362087607,-0.347999978531152,6.32942146694404e-07,-0.3479123711586,3.74415638774855e-06,425984
828,3,55.2000028789043,-0.345999978436157,6.87980445945868e-07,-0.345924109220505,3.79002175320367e-06,425984
829,3,55.2666695490479,-0.343999978341162,6.39258530554798e-07,-0.343934655189514,3.83263899079666e-06,425984
830,3,55.3333362191916,-0.341999978246167,5.83845860546717e-07,-0.341908156871796,3.87156205019643e-06,425984
831,3,55.4000028893352,-0.339999978151172,6.24257836534525e-07,-0.339922308921814,3.91317924146924e-06,425984
832,3,55.4666695594788,-0.337999978056178,6.15208762155817e-07,-0.337975949048996,3.95419316108534e-06,425984
833,3,55.5333362296224,-0.335999977961183,5.51452160379995e-07,-0.335923939943314,3.99095664036137e-06,425984
834,3,55.600002899766,-0.333999977866188,5.6077834642565e-07,-0.333915054798126,4.0283418654062e-06,425984
835,3,55.6666695699096,-0.331999977771193,5.96595270963007e-07,-0.33194500207901,4.06811488554473e-06,425984
836,3,55.7333362400532,-0.329999977676198,5.32211402060057e-07,-0.329934269189835,4.10359564753253e-06,425984
837,3,55.8000029101968,-0.327999977581203,5.13379063704633e-07,-0.32794600725174,4.13782092023116e-06,425984
838,3,55.8666695803404,-0.325999977486208,5.6847562746043e-07,-0.325917065143585,4.17571929737174e-06,425984
839,3,55.933336250484,-0.323999977391213,5.20731134656671e-07,-0.323982268571854,4.2104347081594e-06,425984
840,3,56.0000029206276,-0.321999977296218,4.79935010844201e-07,-0.321917504072189,4.24243037721772e-06,425984
841,3,56.0666695907712,-0.319999977201223,5.2895836688549e-07,-0.319952338933945,4.27769427018258e-06,425984
842,3,56.1333362609148,-0.317999977106229,5.21236813710857e-07,-0.317931294441223,4.31244339290894e-06,425984
843,3,56.2000029310584,-0.315999977011234,4.65410806782529e-07,-0.315918743610382,4.34347078164598e-06,425984
844,3,56.266669601202,-0.313999976916239,4.8463698476553e-07,-0.313964486122131,4.37577991564874e-06,425984
845,3,56.3333362713456,-0.311999976821244,5.19408501986618e-07,-0.311932504177094,4.41040715092046e-06,425984
846,3,56.4000029414892,-0.309999976726249,4.57767043826607e-07,-0.309933930635452,4.44092495543386e-06,425984
847,3,56.4666696116328,-0.307999976631254,4.4876176730213e-07,-0.30795356631279,4.47084240814765e-06,425984
848,3,56.5333362817764,-0.305999976536259,5.08078983330051e-07,-0.305961042642593,4.50471434213622e-06,425984
849,3,56.60000295192,-0.303999976441264,4.6228913674895e-07,-0.303954601287842,4.53553361952683e-06,425984
850,3,56.6666696220636,-0.301999976346269,4.28329684609707e-07,-0.301955997943878,4.56408893332342e-06,425984
851,3,56.7333362922072,-0.299999976251274,4.83246367366519e-07,-0.299967736005783,4.59630535949474e-06,425984
852,3,56.8000029623508,-0.297999976156279,4.72719136723754e-07,-0.297984331846237,4.62781997025327e-06,425984
853,3,56.8666696324944,-0.295999976061285,4.23146275352337e-07,-0.295956015586853,4.65602972341468e-06,425984
854,3,56.9333363026381,-0.29399997596629,4.49943314606571e-07,-0.293939232826233,4.68602594595288e-06,425984
855,3,57.0000029727817,-0.291999975871295,4.81675840546814e-07,-0.292000770568848,4.71813767033075e-06,425984
856,3,57.0666696429253,-0.2899999757763,4.24843307200717e-07,-0.289956629276276,4.74646055895462e-06,425984
857,3,57.1333363130689,-0.287999975681305,4.2101652297788e-07,-0.287961691617966,4.774528328617e-06,425984
858,3,57.2000029832125,-0.28599997558631,4.80552557746705e-07,-0.285930931568146,4.80656516747096e-06,425984
859,3,57.2666696533561,-0.283999975491315,4.36201986531159e-07,-0.283989429473877,4.83564530142302e-06,425984
860,3,57.3333363234997,-0.28199997539632,4.06059598390129e-07,-0.281990885734558,4.86271594272754e-06,425984
861,3,57.4000029936433,-0.279999975301325,4.63781901771654e-07,-0.279958873987198,4.89363473779152e-06,425984
862,3,57.4666696637869,-0.27799997520633,4.49875273034195e-07,-0.277979731559753,4.92362642422466e-06,425984
863,3,57.5333363339305,-0.275999975111336,4.05801898750724e-07,-0.275981158018112,4.95067988555232e-06,425984
864,3,57.6000030040741,-0.273999975016341,4.34616850952807e-07,-0.273997157812119,4.97965434379364e-06,425984
865,3,57.6666696742177,-0.271999974921346,4.65853304376651e-07,-0.27197852730751,5.01071123237183e-06,425984
866,3,57.7333363443613,-0.269999974826351,4.13192822179553e-07,-0.269987851381302,5.03825742195378e-06,425984
867,3,57.8000030145049,-0.267999974731356,4.11617406825826e-07,-0.267982006072998,5.06569858384e-06,425984
868,3,57.8666696846485,-0.265999974636361,4.70720635803445e-07,-0.265984028577805,5.0970799611969e-06,425984
869,3,57.9333363547921,-0.263999974541366,4.25650455326831e-07,-0.264011561870575,5.12545665969865e-06,425984
870,3,58.0000030249357,-0.261999974446371,3.99057626054855e-07,-0.262024521827698,5.15206050282313e-06,425984
871,3,58.0666696950793,-0.259999974351376,4.57052266256142e-07,-0.260034441947937,5.18253065549602e-06,425984
872,3,58.1333363652229,-0.257999974256381,4.43996555077319e-07,-0.258009135723114,5.21213042737826e-06,425984
873,3,58.2000030353665,-0.255999974161387,4.00146859647066e-07,-0.255981415510178,5.23880688607935e-06,425984
874,3,58.2666697055101,-0.253999974066392,4.3180145326005e-07,-0.253979802131653,5.26759365113136e-06,425984
875,3,58.3333363756537,-0.251999973971397,4.63558222918437e-07,-0.251971483230591,5.29849753427102e-06,425984
876,3,58.4000030457973,-0.249999973876402,4.09288247738004e-07,-0.250004500150681,5.32578341887662e-06,425984
877,3,58.466669715941,-0.247999973781407,4.12118225767699e-07,-0.247989520430565,5.35325796869405e-06,425984
878,3,58.5333363860846,-0.245999973686412,4.69850249373849e-07,-0.246014028787613,5.38458132028594e-06,425984
879,3,58.6000030562282,-0.243999973591417,4.25806035764253e-07,-0.244036093354225,5.41296839081739e-06,425984
880,3,58.6666697263718,-0.241999973496422,3.99052794364252e-07,-0.241991966962814,5.43957191182916e-06,425984
881,3,58.7333363965154,-0.239999973401427,4.58851360463086e-07,-0.239987313747406,5.4701620041221e-06,425984
882,3,58.800003066659,-0.237999973306432,4.48251171292213e-07,-0.237985104322433,5.50004541710012e-06,425984
883,3,58.8666697368026,-0.235999973211438,4.03497068646175e-07,-0.236026600003242,5.52694522307947e-06,425984
884,3,58.9333364069462,-0.233999973116443,4.34806509019836e-07,-0.233970940113068,5.55593232519258e-06,425984
885,3,59.0000030770898,-0.231999973021448,4.67175908624995e-07,-0.232025787234306,5.58707738739192e-06,425984
886,3,59.0666697472334,-0.229999972926453,4.14388978242641e-07,-0.230024784803391,5.61470332071557e-06,425984
887,3,59.133336417377,-0.227999972831458,4.14578607887961e-07,-0.227988570928574,5.64234189601623e-06,425984
888,3,59.2000030875206,-0.225999972736463,4.73852082905069e-07,-0.226002722978592,5.67393203652412e-06,425984
889,3,59.2666697576642,-0.223999972641468,4.34281332672981e-07,-0.224010229110718,5.70288412687896e-06,425984
890,3,59.3333364278078,-0.221999972546473,4.04916875140771e-07,-0.222020760178566,5.72987858662955e-06,425984
891,3,59.4000030979514,-0.219999972451478,4.64190378579588e-07,-0.220017939805984,5.76082461348215e-06,425984
892,3,59.466669768095,-0.217999972356483,4.55744270766445e-07,-0.218009039759636,5.79120756645117e-06,425984
893,3,59.5333364382386,-0.215999972261488,4.12575303698759e-07,-0.216012880206108,5.81871258813226e-06,425984
894,3,59.6000031083822,-0.213999972166494,4.41944592921573e-07,-0.214016735553741,5.84817556253031e-06,425984
895,3,59.6666697785258,-0.211999972071499,4.78004608339688e-07,-0.211990833282471,5.88004253808161e-06,425984
896,3,59.7333364486694,-0.209999971976504,4.22766987639989e-07,-0.210037782788277,5.90822700539421e-06,425984
897,3,59.800003118813,-0.207999971881509,4.23968032237099e-07,-0.20798759162426,5.9364915423508e-06,425984
898,3,59.8666697889566,-0.205999971786514,4.8431610366606e-07,-0.206039413809776,5.96877928427914e-06,425984
899,3,59.9333364591002,-0.203999971691519,4.45358040224164e-07,-0.204026266932487,5.99846982184256e-06,425984
900,3,60.0000031292439,-0.201999971596524,4.18658231637892e-07,-0.202070191502571,6.02638037207407e-06,425984
901,3,60.0666697993875,-0.199999971501529,4.72665647066606e-07,-0.200038835406303,6.05789141685527e-06,425984
902,4,60.1333364695311,-0.201999971596524,3.06184546161603e-07,-0.201987609267235,6.0783037209973e-06,393216
903,4,60.2000031396747,-0.203999971691519,1.95495402977031e-07,-0.203952178359032,6.09133674854216e-06,393216
904,4,60.2666698098183,-0.205999971786514,1.79877162054254e-07,-0.205979287624359,6.1033285599712e-06,393216
905,4,60.3333364799619,-0.207999971881509,1.87161134590497e-07,-0.207903787493706,6.11580596959465e-06,393216
906,4,60.4000031501055,-0.209999971976504,1.06847807046506e-07,-0.209960654377937,6.12292915710258e-06,393216
907,4,60.4666698202491,-0.211999972071499,8.05661883873654e-08,-0.21191368997097,6.12830023660853e-06,393216
908,4,60.5333364903927,-0.213999972166494,1.22140264124937e-07,-0.213930487632751,6.1364429213082e-06,393216
909,4,60.6000031605363,-0.215999972261488,6.80988208046074e-08,-0.215918138623238,6.14098284293195e-06,393216
910,4,60.6666698306799,-0.217999972356483,2.24694503003775e-08,-0.217946469783783,6.14248080636343e-06,393216
911,4,60.7333365008235,-0.219999972451478,6.20790885363931e-08,-0.219946280121803,6.1466194124817e-06,393216
912,4,60.8000031709671,-0.221999972546473,4.96895289359145e-08,-0.2219108492136,6.14993204791686e-06,393216
913,4,60.8666698411107,-0.223999972641468,-8.81321771117882e-09,-0.223890602588654,6.14934450003881e-06,393216
914,4,60.9333365112543,-0.225999972736463,3.0730780142818e-09,-0.225905567407608,6.14954937191711e-06,393216
915,4,61.0000031813979,-0.227999972831458,3.51847937452021e-08,-0.227946043014526,6.1518950249558e-06,393216
916,4,61.0666698515415,-0.229999972926453,-2.75896265833353e-08,-0.229933097958565,6.15005571642098e-06,393216
917,4,61.1333365216851,-0.231999973021448,-4.44502212815223e-08,-0.231945648789406,6.14709236818099e-06,393216
918,4,61.2000031918287,-0.233999973116443,8.75243610920506e-09,-0.233884692192078,6.14767586395204e-06,393216
919,4,61.2666698619723,-0.235999973211438,-3.31401288633515e-08,-0.235913634300232,6.14546652191259e-06,393216
920,4,61.3333365321159,-0.237999973306432,-7.34937231072763e-08,-0.237889140844345,6.14056694011657e-06,393216
921,4,61.4000032022595,-0.239999973401427,-3.17494652790629e-08,-0.239925980567932,6.13845030898758e-06,393216
922,4,61.4666698724031,-0.241999973496422,-3.32203633490735e-08,-0.24195371568203,6.13623561798213e-06,393216
923,4,61.5333365425467,-0.243999973591417,-8.75973071856606e-08,-0.243895202875137,6.13039579719852e-06,393216
924,4,61.6000032126904,-0.245999973686412,-7.60975780167428e-08,-0.245902895927429,6.12532262506615e-06,393216
925,4,61.666669882834,-0.247999973781407,-3.66872967560994e-08,-0.247913002967834,6.12287680515485e-06,393216
926,4,61.7333365529776,-0.249999973876402,-9.13000732793989e-08,-0.249852687120438,6.11679013328544e-06,393216
927,4,61.8000032231212,-0.251999973971397,-1.11447704398415e-07,-0.251883447170258,6.10936028593805e-06,393216
928,4,61.8666698932648,-0.253999974066392,-5.49239729252804e-08,-0.253906309604645,6.10569868755207e-06,393216
929,4,61.9333365634084,-0.255999974161387,-8.94839402576508e-08,-0.255893975496292,6.09973309122376e-06,393216
930,4,62.000003233552,-0.257999974256381,-1.3028245859914e-07,-0.257893145084381,6.09104759353083e-06,393216
931,4,62.0666699036956,-0.259999974351376,-9.1594245077431e-08,-0.259903252124786,6.0849413102072e-06,393216
932,4,62.1333365738392,-0.261999974446371,-8.20030408021921e-08,-0.261895179748535,6.07947444053527e-06,393216
933,4,62.2000032439828,-0.263999974541366,-1.39076220762036e-07,-0.263892531394958,6.07020269200091e-06,393216
934,4,62.2666699141264,-0.265999974636361,-1.28753214312383e-07,-0.265898376703262,6.06161914393242e-06,393216
935,4,62.33333658427,-0.267999974731356,-8.30314590416492e-08,-0.267900615930557,6.05608371304095e-06,393216
936,4,62.4000032544136,-0.269999974826351,-1.37318451720603e-07,-0.269924700260162,6.04692914911546e-06,393216
937,4,62.4666699245572,-0.271999974921346,-1.60293581075166e-07,-0.271871656179428,6.03624290981978e-06,393216
938,4,62.5333365947008,-0.273999975016341,-1.01727628987192e-07,-0.273872047662735,6.0294610675336e-06,393216
939,4,62.6000032648444,-0.275999975111336,-1.30039325085818e-07,-0.275849997997284,6.02079177874241e-06,393216
940,4,62.666669934988,-0.27799997520633,-1.73091592614583e-07,-0.277869820594788,6.00925233863294e-06,393216
941,4,62.7333366051316,-0.279999975301325,-1.35828088332346e-07,-0.279875069856644,6.00019713227185e-06,393216
942,4,62.8000032752752,-0.28199997539632,-1.19935123166215e-07,-0.281877905130386,5.9922014569771e-06,393216
943,4,62.8666699454188,-0.283999975491315,-1.76957257735921e-07,-0.283861309289932,5.9804043058461e-06,393216
944,4,62.9333366155624,-0.28599997558631,-1.70689531842072e-07,-0.285850167274475,5.96902500312982e-06,393216
945,4,63.000003285706,-0.287999975681305,-1.22383383427405e-07,-0.287900358438492,5.96086611047581e-06,393216
946,4,63.0666699558496,-0.2899999757763,-1.71355708289411e-07,-0.289843678474426,5.94944239599405e-06,393216
947,4,63.1333366259933,-0.291999975871295,-1.97416071046064e-07,-0.291886001825333,5.93628132390458e-06,393216
948,4,63.2000032961369,-0.29399997596629,-1.38733412313741e-07,-0.293890029191971,5.92703242926796e-06,393216
949,4,63.2666699662805,-0.295999976061285,-1.60325200226907e-07,-0.295833349227905,5.91634408202873e-06,393216
950,4,63.3333366364241,-0.297999976156279,-2.07019439812939e-07,-0.297883540391922,5.90254278532141e-06,393216
951,4,63.4000033065677,-0.299999976251274,-1.74156483012666e-07,-0.299855381250381,5.89093235251503e-06,393216
952,4,63.4666699767113,-0.301999976346269,-1.50468977722085e-07,-0.301852762699127,5.88090108681039e-06,393216
953,4,63.5333366468549,-0.303999976441264,-2.09180811339138e-07,-0.303849518299103,5.86695569866047e-06,393216
954,4,63.6000033169985,-0.305999976536259,-2.10367247177601e-07,-0.305840820074081,5.85293121478386e-06,393216
955,4,63.6666699871421,-0.307999976631254,-1.53580955952748e-07,-0.30784484744072,5.84269248385302e-06,393216
956,4,63.7333366572857,-0.309999976726249,-2.00007775674749e-07,-0.309867113828659,5.82935863144596e-06,393216
957,4,63.8000033274293,-0.311999976821244,-2.30706930892666e-07,-0.311844438314438,5.81397816858429e-06,393216
958,4,63.8666699975729,-0.313999976916239,-1.77300051973361e-07,-0.313812643289566,5.80215816450294e-06,393216
959,4,63.9333366677165,-0.315999977011234,-1.88656343880211e-07,-0.315813690423965,5.78958107425498e-06,393216
960,4,64.0000033378601,-0.317999977106229,-2.37332045571748e-07,-0.317831069231033,5.77375893705834e-06,393216
961,4,64.0666700080037,-0.319999977201223,-2.1201319100328e-07,-0.319853335618973,5.75962472358763e-06,393216
962,4,64.1333366781473,-0.321999977296218,-1.78780680926138e-07,-0.321848273277283,5.74770601090428e-06,393216
963,4,64.2000033482909,-0.323999977391213,-2.37533839708703e-07,-0.323851704597473,5.73187042076448e-06,393216
964,4,64.2666700184345,-0.325999977486208,-2.46996222585949e-07,-0.32583874464035,5.71540400506662e-06,393216
965,4,64.3333366885781,-0.327999977581203,-1.87654677574756e-07,-0.327848851680756,5.70289369257584e-06,393216
966,4,64.4000033587217,-0.329999977676198,-2.30242577003992e-07,-0.329863250255585,5.6875441866417e-06,393216
967,4,64.4666700288653,-0.331999977771193,-2.67664120201516e-07,-0.331819921731949,5.66969991103095e-06,393216
968,4,64.5333366990089,-0.333999977866188,-2.14298552236869e-07,-0.333819687366486,5.65541334013672e-06,393216
969,4,64.6000033691525,-0.335999977961183,-2.19204792983874e-07,-0.33586260676384,5.64079968650897e-06,393216
970,4,64.6666700392962,-0.337999978056178,-2.73362928737697e-07,-0.337873309850693,5.62257549030932e-06,393216
971,4,64.7333367094398,-0.339999978151172,-2.53699113272887e-07,-0.339808166027069,5.60566221520904e-06,393216
972,4,64.8000033795834,-0.341999978246167,-2.14366622230955e-07,-0.34184193611145,5.59137110631497e-06,393216
973,4,64.866670049727,-0.343999978341162,-2.72422028047004e-07,-0.343844771385193,5.5732096368313e-06,393216
974,4,64.9333367198706,-0.345999978436157,-2.90683004777748e-07,-0.345854908227921,5.55383076883543e-06,393216
975,4,65.0000033900142,-0.347999978531152,-2.29882743951748e-07,-0.34781277179718,5.5385052517727e-06,393216
976,4,65.0666700601578,-0.349999978626147,-2.64369788283147e-07,-0.349819868803024,5.52088059830129e-06,393216
977,4,65.1333367303014,-0.351999978721142,-3.12330712404219e-07,-0.35186704993248,5.50005854972172e-06,393216
978,4,65.200003400445,-0.353999978816137,-2.66195627318666e-07,-0.353838860988617,5.4823121736416e-06,393216
979,4,65.2666700705886,-0.355999978911132,-2.58306300793265e-07,-0.355816215276718,5.4650917526906e-06,393216
980,4,65.3333367407322,-0.357999979006127,-3.21921930890312e-07,-0.357846975326538,5.44363028951194e-06,393216
981,4,65.4000034108758,-0.359999979101121,-3.15965394293016e-07,-0.359846174716949,5.42256592879381e-06,393216
982,4,65.4666700810194,-0.361999979196116,-2.63535895328459e-07,-0.36182227730751,5.40499686818895e-06,393216
983,4,65.533336751163,-0.363999979291111,-3.2399577776232e-07,-0.363842099905014,5.38339714854495e-06,393216
984,4,65.6000034213066,-0.365999979386106,-3.58801287347887e-07,-0.365807890892029,5.35947706147423e-06,393216
985,4,65.6666700914502,-0.367999979481101,-2.95883410217357e-07,-0.367799162864685,5.3397514997643e-06,393216
986,4,65.7333367615938,-0.369999979576096,-3.26113394066851e-07,-0.369838446378708,5.31801060569264e-06,393216
987,4,65.8000034317374,-0.371999979671091,-3.88562000352977e-07,-0.371816962957382,5.29210647098477e-06,393216
988,4,65.866670101881,-0.373999979766086,-3.58383147158747e-07,-0.373815566301346,5.26821425992811e-06,393216
989,4,65.9333367720246,-0.375999979861081,-3.34639679522297e-07,-0.375810474157333,5.24590494679643e-06,393216
990,4,66.0000034421682,-0.377999979956076,-4.11238119113477e-07,-0.377841264009476,5.21848907075902e-06,393216
991,4,66.0666701123118,-0.37999998005107,-4.31888992125096e-07,-0.379865944385529,5.18969646978236e-06,393216
992,4,66.1333367824554,-0.381999980146065,-3.69926596022196e-07,-0.38185179233551,5.165034695428e-06,393216
993,4,66.200003452599,-0.38399998024106,-4.26958450816528e-07,-0.383778691291809,5.13657079722239e-06,393216
994,4,66.2666701227427,-0.385999980336055,-4.96975530950294e-07,-0.385828912258148,5.10343909343109e-06,393216
995,4,66.3333367928863,-0.38799998043105,-4.41866802702862e-07,-0.387836575508118,5.07398130504789e-06,393216
996,4,66.4000034630299,-0.389999980526045,-4.57176241752677e-07,-0.389832109212875,5.04350288734147e-06,393216
997,4,66.4666701331735,-0.39199998062104,-5.49718720321835e-07,-0.391804575920105,5.00685497074201e-06,393216
998,4,66.5333368033171,-0.393999980716035,-5.49823198525701e-07,-0.393787980079651,4.97020008892859e-06,393216
999,4,66.6000034734607,-0.39599998081103,-5.06017329371389e-07,-0.395771384239197,4.93646559854444e-06,393216
1000,4,66.6666701436043,-0.397999980906025,-6.04885769917018e-07,-0.39780455827713,4.89613987844682e-06,393216
1001,4,66.7333368137479,-0.39999998100102,-6.66135804294754e-07,-0.39977765083313,4.85173082251106e-06,393216
1002,4,66.8000034838915,-0.401999981096014,-6.00711359766137e-07,-0.401778668165207,4.81168339643802e-06,393216
1003,4,66.8666701540351,-0.403999981191009,-6.63077287299529e-07,-0.403779059648514,4.7674782416459e-06,393216
1004,4,66.9333368241787,-0.405999981286004,-7.68274333040608e-07,-0.405799478292465,4.71625995010529e-06,393216
1005,4,67.0000034943223,-0.407999981380999,-7.46466184864403e-07,-0.407768934965134,4.66649553518558e-06,393216
1006,4,67.0666701644659,-0.409999981475994,-7.43587634133291e-07,-0.409799069166183,4.61692302365795e-06,393216
1007,4,67.1333368346095,-0.411999981570989,-8.6246274122459e-07,-0.411781877279282,4.55942550457758e-06,393216
1008,4,67.2000035047531,-0.413999981665984,-9.10182961888495e-07,-0.413753122091293,4.49874663728703e-06,393216
1009,4,67.2666701748967,-0.415999981760979,-8.53486540108861e-07,-0.415756553411484,4.44184753164559e-06,393216
1010,4,67.3333368450403,-0.417999981855974,-9.58885493673733e-07,-0.417791575193405,4.37792182873336e-06,393216
1011,4,67.4000035151839,-0.419999981950969,-1.06598599813879e-06,-0.419783473014832,4.30685609181774e-06,393216
1012,4,67.4666701853275,-0.421999982045963,-1.0054410495286e-06,-0.421786904335022,4.23982668501998e-06,393216
1013,4,67.5333368554711,-0.423999982140958,-1.06128402421746e-06,-0.423789739608765,4.16907441304879e-06,393216
1014,4,67.6000035256147,-0.425999982235953,-1.18835487228353e-06,-0.425748854875565,4.08985075076472e-06,393216
1015,4,67.6666701957583,-0.427999982330948,-1.19178525892494e-06,-0.427755326032639,4.01039839602596e-06,393216
1016,4,67.7333368659019,-0.429999982425943,-1.16680928385904e-06,-0.429778218269348,3.93261110637844e-06,393216
1017,4,67.8000035360456,-0.431999982520938,-1.28608792238083e-06,-0.431765228509903,3.8468719070814e-06,393216
1018,4,67.8666702061892,-0.433999982615933,-1.35930679334706e-06,-0.433780819177628,3.75625144946537e-06,393216
1019,4,67.9333368763328,-0.435999982710928,-1.28366161789017e-06,-0.435767829418182,3.67067400380948e-06,393216
1020,4,68.0000035464764,-0.437999982805923,-1.36520509386173e-06,-0.437753081321716,3.57966032613863e-06,393216
1021,4,68.06667021662,-0.439999982900918,-1.47346304402163e-06,-0.439780205488205,3.48142945141405e-06,393216
1022,4,68.1333368867636,-0.441999982995912,-1.39989140279795e-06,-0.441762983798981,3.38810335302686e-06,393216
1023,4,68.2000035569072,-0.443999983090907,-1.41186774271773e-06,-0.443716615438461,3.2939788319367e-06,393216
1024,4,68.2666702270508,-0.445999983185902,-1.53431915350666e-06,-0.445768654346466,3.19169088303485e-06,393216
1025,4,68.3333368971944,-0.447999983280897,-1.50988034874899e-06,-0.44775265455246,3.0910321878685e-06,393216
1026,4,68.400003567338,-0.449999983375892,-1.44158968851116e-06,-0.449788868427277,2.9949262036221e-06,393216
1027,4,68.4666702374816,-0.451999983470887,-1.53185635554109e-06,-0.451783210039139,2.89280244125986e-06,393216
1028,4,68.5333369076252,-0.453999983565882,-1.56211069679557e-06,-0.453752636909485,2.78866172270879e-06,393216
1029,4,68.6000035777688,-0.455999983660877,-1.4507747891912e-06,-0.455780357122421,2.69194339838513e-06,393216
1030,4,68.6666702479124,-0.457999983755872,-1.46816046253662e-06,-0.457754641771317,2.59406602911132e-06,393216
1031,4,68.733336918056,-0.459999983850867,-1.54325391577004e-06,-0.459758073091507,2.49118242936085e-06,393216
1032,4,68.8000035881996,-0.461999983945862,-1.4268367749537e-06,-0.461766988039017,2.39605997273625e-06,393216
1033,4,68.8666702583432,-0.463999984040856,-1.38938128202426e-06,-0.463782578706741,2.30343454910384e-06,393216
1034,4,68.9333369284868,-0.465999984135851,-1.44827311032714e-06,-0.465756237506866,2.20688300337981e-06,393216
1035,4,69.0000035986304,-0.467999984230846,-1.38363384394324e-06,-0.467768788337708,2.11464074230611e-06,393216
1036,4,69.066670268774,-0.469999984325841,-1.2751156646118e-06,-0.469741255044937,2.0296330268985e-06,393216
1037,4,69.1333369389176,-0.471999984420836,-1.31661454361165e-06,-0.471711903810501,1.94185871941327e-06,393216
1038,4,69.2000036090612,-0.473999984515831,-1.3007384040975e-06,-0.473689198493958,1.85514282128418e-06,393216
1039,4,69.2666702792048,-0.475999984610826,-1.16461865218298e-06,-0.475762486457825,1.77750157375601e-06,393216
1040,4,69.3333369493484,-0.477999984705821,-1.16746559797321e-06,-0.477744668722153,1.69967052983192e-06,393216
1041,4,69.4000036194921,-0.479999984800816,-1.19699791412131e-06,-0.47976753115654,1.61987066472862e-06,393216
1042,4,69.4666702896357,-0.481999984895811,-1.06752747797145e-06,-0.481731504201889,1.54870216248546e-06,393216
1043,4,69.5333369597793,-0.483999984990805,-1.02507567589782e-06,-0.483723431825638,1.48036378052815e-06,393216
1044,4,69.6000036299229,-0.4859999850858,-1.0713274605223e-06,-0.485767543315887,1.40894194610172e-06,393216
1045,4,69.6666703000665,-0.487999985180795,-9.9515455076471e-07,-0.487744867801666,1.34259830592398e-06,393216
1046,4,69.7333369702101,-0.48999998527579,-9.00900545275363e-07,-0.489719122648239,1.28253826643992e-06,393216
1047,4,69.8000036403537,-0.491999985370785,-9.39347955863923e-07,-0.491708636283875,1.21991506611627e-06,393216
1048,4,69.8666703104973,-0.49399998546578,-9.27252585825045e-07,-0.493690192699432,1.15809822383727e-06,393216
1049,4,69.9333369806409,-0.495999985560775,-8.08742186109157e-07,-0.495739161968231,1.10418207528471e-06,393216
1050,4,70.0000036507845,-0.49799998565577,-8.29415000680456e-07,-0.497768729925156,1.04888773902219e-06,393216
1051,4,70.0666703209281,-0.499999985750765,-8.50817116315739e-07,-0.499751538038254,9.92166594976235e-07,393216
1052,4,70.1333369910717,-0.50199998584576,-7.46086925573763e-07,-0.501796245574951,9.42427464010553e-07,393216
1053,4,70.2000036612153,-0.503999985940754,-7.31555417132768e-07,-0.503705561161041,8.93657100324796e-07,393216
1054,4,70.2666703313589,-0.505999986035749,-7.747754580123e-07,-0.505729019641876,8.4200540043013e-07,393216
1055,4,70.3333370015025,-0.507999986130744,-7.09963671852165e-07,-0.507729411125183,7.9467448650482e-07,393216
1056,4,70.4000036716461,-0.509999986225739,-6.52328822070558e-07,-0.509732246398926,7.51185896098676e-07,393216
1057,4,70.4666703417897,-0.511999986320734,-7.01055569152231e-07,-0.511664628982544,7.04448855717667e-07,393216
1058,4,70.5333370119333,-0.513999986415729,-6.84294661823515e-07,-0.513702690601349,6.5882920921685e-07,393216
1059,4,70.6000036820769,-0.515999986510724,-5.96930760821124e-07,-0.515691578388214,6.19033823086617e-07,393216
1060,4,70.6666703522205,-0.517999986605719,-6.37123946489737e-07,-0.517678558826447,5.76558891105394e-07,393216
1061,4,70.7333370223641,-0.519999986700714,-6.56522729514109e-07,-0.519695401191711,5.32790706855099e-07,393216
1062,4,70.8000036925077,-0.521999986795709,-5.69800647554075e-07,-0.521712183952332,4.94803995036999e-07,393216
1063,4,70.8666703626513,-0.523999986890703,-5.78983474497363e-07,-0.523696184158325,4.56205094724085e-07,393216
1064,4,70.933337032795,-0.525999986985698,-6.21440051418176e-07,-0.52568507194519,4.14775755802165e-07,393216
1065,4,71.0000037029386,-0.527999987080693,-5.66640039778576e-07,-0.527681827545166,3.76999751180088e-07,393216
1066,4,71.0666703730822,-0.529999987175688,-5.31479543042224e-07,-0.529730200767517,3.41567779796019e-07,393216
1067,4,71.1333370432258,-0.531999987270683,-5.82474683596956e-07,-0.531737864017487,3.0273613219766e-07,393216
1068,4,71.2000037133694,-0.533999987365678,-5.6845863127819e-07,-0.533747375011444,2.64838888135952e-07,393216
1069,4,71.266670383513,-0.535999987460673,-4.97680616717844e-07,-0.535695552825928,2.31660178624358e-07,393216
1070,4,71.3333370536566,-0.537999987555668,-5.44382089628925e-07,-0.537704467773438,1.95368037422981e-07,393216
1071,4,71.4000037238002,-0.539999987650663,-5.65217817438679e-07,-0.539689064025879,1.57686847628508e-07,393216
1072,4,71.4666703939438,-0.541999987745658,-4.91293747018062e-07,-0.541735589504242,1.2493392945244e-07,393216
1073,4,71.5333370640874,-0.543999987840653,-5.0433970955055e-07,-0.543674051761627,9.1311280395512e-08,393216
1074,4,71.600003734231,-0.545999987935647,-5.47338515843876e-07,-0.545672059059143,5.48220441028584e-08,393216
1075,4,71.6666704043746,-0.547999988030642,-5.00165299399669e-07,-0.547728955745697,2.14776890705036e-08,393216
1076,4,71.7333370745182,-0.549999988125637,-4.70331656288181e-07,-0.549666166305542,-9.8777563173556e-09,393216
1077,4,71.8000037446618,-0.551999988220632,-5.24604047313915e-07,-0.55167144536972,-4.48513612956321e-08,393216
1078,4,71.8666704148054,-0.553999988315627,-5.16882437295862e-07,-0.553677320480347,-7.93101922458576e-08,393216
1079,4,71.933337084949,-0.555999988410622,-4.51044684268709e-07,-0.555683791637421,-1.09379839432026e-07,393216
1080,4,72.0000037550926,-0.557999988505617,-4.99049349400593e-07,-0.557682931423187,-1.42649797793895e-07,393216
1081,4,72.0666704252362,-0.559999988600612,-5.21304855283233e-07,-0.559689402580261,-1.77403456625322e-07,393216
1082,4,72.1333370953798,-0.561999988695607,-4.49697779458802e-07,-0.561652183532715,-2.07383310152813e-07,393216
1083,4,72.2000037655234,-0.563999988790602,-4.70355956849744e-07,-0.563668966293335,-2.38740375578195e-07,393216
1084,4,72.266670435667,-0.565999988885596,-5.15005524448497e-07,-0.565676033496857,-2.73074078998737e-07,393216
1085,4,72.3333371058106,-0.567999988980591,-4.7036812134138e-07,-0.567674040794373,-3.04431955390269e-07,393216
1086,4,72.4000037759542,-0.569999989075586,-4.4153856038065e-07,-0.569680511951447,-3.33867860950848e-07,393216
1087,4,72.4666704460979,-0.571999989170581,-4.98674978643976e-07,-0.571681499481201,-3.67112861260975e-07,393216
1088,4,72.5333371162415,-0.573999989265576,-4.8852700729185e-07,-0.573675870895386,-3.99681330112343e-07,393216
1089,4,72.6000037863851,-0.575999989360571,-4.28008746666819e-07,-0.575716912746429,-4.28215248044957e-07,393216
1090,4,72.6666704565287,-0.577999989455566,-4.78306105833326e-07,-0.577666938304901,-4.60102323430219e-07,393216
1091,4,72.7333371266723,-0.579999989550561,-5.03685726016556e-07,-0.57970803976059,-4.93681373582607e-07,393216
1092,4,72.8000037968159,-0.581999989645556,-4.34201126608968e-07,-0.581732094287872,-5.22628116866228e-07,393216
1093,4,72.8666704669595,-0.583999989740551,-4.54907933544746e-07,-0.583682060241699,-5.52955314017564e-07,393216
1094,4,72.9333371371031,-0.585999989835545,-4.99051793667604e-07,-0.585654556751251,-5.86225435330577e-07,393216
1095,4,73.0000038072467,-0.58799998993054,-4.59291442211907e-07,-0.587670743465424,-6.16844866408298e-07,393216
1096,4,73.0666704773903,-0.589999990025535,-4.31312827231523e-07,-0.58972579240799,-6.45599056390047e-07,393216
1097,4,73.1333371475339,-0.59199999012053,-4.87634736145992e-07,-0.591622948646545,-6.78108040495256e-07,393216
1098,4,73.2000038176775,-0.593999990215525,-4.81906738514226e-07,-0.593628227710724,-7.10235158071764e-07,393216
1099,4,73.2666704878211,-0.59599999031052,-4.22290497681388e-07,-0.595702111721039,-7.38387859385467e-07,393216
1100,4,73.3333371579647,-0.597999990405515,-4.71442717753234e-07,-0.597681224346161,-7.69817375541527e-07,393216
1101,4,73.4000038281083,-0.59999999050051,-4.96596214816236e-07,-0.599660396575928,-8.02923791589243e-07,393216
1102,4,73.4666704982519,-0.601999990595505,-4.30529922823553e-07,-0.601640164852142,-8.31625787941072e-07,393216
1103,4,73.5333371683955,-0.6039999906905,-4.49097257160247e-07,-0.603639304637909,-8.61565606646572e-07,393216
1104,4,73.6000038385391,-0.605999990785494,-4.96207235300972e-07,-0.605634868144989,-8.94646090725252e-07,393216
1105,4,73.6666705086827,-0.607999990880489,-4.5723945163445e-07,-0.607652902603149,-9.25128722424008e-07,393216
1106,4,73.7333371788263,-0.609999990975484,-4.29776264354587e-07,-0.609679400920868,-9.53780474875286e-07,393216
1107,4,73.8000038489699,-0.611999991070479,-4.89166382067197e-07,-0.611673712730408,-9.863915687139e-07,393216
1108,4,73.8666705191135,-0.613999991165474,-4.84444967696618e-07,-0.613664984703064,-1.01868790157806e-06,393216
1109,4,73.9333371892571,-0.615999991260469,-4.21254782168035e-07,-0.615634441375732,-1.04677155518727e-06,393216
1110,4,74.0000038594007,-0.617999991355464,-4.71989750394641e-07,-0.617635488510132,-1.07823754018799e-06,393216
1111,4,74.0666705295444,-0.619999991450459,-5.011207804273e-07,-0.61963164806366,-1.11164559395885e-06,393216
1112,4,74.133337199688,-0.621999991545454,-4.33809645983274e-07,-0.621701836585999,-1.14056623853273e-06,393216
1113,4,74.2000038698316,-0.623999991640449,-4.53235230679638e-07,-0.623677372932434,-1.17078192215391e-06,393216
1114,4,74.2666705399752,-0.625999991735444,-5.0049357014359e-07,-0.625651001930237,-1.20414816190366e-06,393216
1115,4,74.3333372101188,-0.627999991830438,-4.61518425254326e-07,-0.62764048576355,-1.23491605852529e-06,393216
1116,4,74.4000038802624,-0.629999991925433,-4.33938538435541e-07,-0.629648208618164,-1.26384529592977e-06,393216
1117,4,74.466670550406,-0.631999992020428,-4.94133416850673e-07,-0.631662547588348,-1.29678752543789e-06,393216
1118,4,74.5333372205496,-0.633999992115423,-4.88821171984455e-07,-0.633588850498199,-1.32937560526978e-06,393216
1119,4,74.6000038906932,-0.635999992210418,-4.28436663924003e-07,-0.635611116886139,-1.35793805102103e-06,393216
1120,4,74.6666705608368,-0.637999992305413,-4.79441496281652e-07,-0.637609720230103,-1.3899008191068e-06,393216
1121,4,74.7333372309804,-0.639999992400408,-5.05851971865923e-07,-0.639661073684692,-1.42362428565667e-06,393216
1122,4,74.800003901124,-0.641999992495403,-4.39506038674153e-07,-0.641633570194244,-1.45292468976308e-06,393216
1123,4,74.8666705712676,-0.643999992590398,-4.6104918283163e-07,-0.643622398376465,-1.4836613035549e-06,393216
1124,4,74.9333372414112,-0.645999992685393,-5.08813172928058e-07,-0.645652651786804,-1.51758218351922e-06,393216
1125,4,75.0000039115548,-0.647999992780387,-4.70297635501993e-07,-0.647634208202362,-1.54893536085454e-06,393216
1126,4,75.0666705816984,-0.649999992875382,-4.43495707713737e-07,-0.649638235569,-1.5785017429108e-06,393216
1127,4,75.133337251842,-0.651999992970377,-5.04728745909233e-07,-0.651653170585632,-1.61215032772633e-06,393216
1128,4,75.2000039219856,-0.653999993065372,-4.98932706705091e-07,-0.653634130954742,-1.64541250990809e-06,393216
1129,4,75.2666705921292,-0.655999993160367,-4.38304994077043e-07,-0.65565150976181,-1.67463284437052e-06,393216
1130,4,75.3333372622728,-0.657999993255362,-4.89584579099756e-07,-0.657635569572449,-1.70727181801276e-06,393216
1131,4,75.4000039324164,-0.659999993350357,-5.16435136432847e-07,-0.659644424915314,-1.74170082890389e-06,393216
1132,4,75.46667060256,-0.661999993445352,-4.4973180024499e-07,-0.661584138870239,-1.77168295048391e-06,393216
1133,4,75.5333372727036,-0.663999993540347,-4.73166466008479e-07,-0.663646519184113,-1.80322738319632e-06,393216
1134,4,75.6000039428473,-0.665999993635342,-5.21282970566972e-07,-0.665567338466644,-1.83797958304658e-06,393216
1135,4,75.6666706129909,-0.667999993730336,-4.81002302876732e-07,-0.667592644691467,-1.87004640491078e-06,393216
1136,4,75.7333372831345,-0.669999993825331,-4.55540060784188e-07,-0.669569373130798,-1.90041574388028e-06,393216
1137,4,75.8000039532781,-0.671999993920326,-5.15664396516513e-07,-0.671595275402069,-1.93479337210764e-06,393216
1138,4,75.8666706234217,-0.673999994015321,-5.10106588080816e-07,-0.673606038093567,-1.96880047975331e-06,393216
1139,4,75.9333372935653,-0.675999994110316,-4.50811285190866e-07,-0.675599694252014,-1.99885456700014e-06,393216
1140,4,76.0000039637089,-0.677999994205311,-5.03058458889427e-07,-0.677623152732849,-2.03239179934187e-06,393216
1141,4,76.0666706338525,-0.679999994300306,-5.31029797912197e-07,-0.679612696170807,-2.06779378771571e-06,393216
1142,4,76.1333373039961,-0.681999994395301,-4.61958478581437e-07,-0.681608855724335,-2.09859102122734e-06,393216
1143,4,76.2000039741397,-0.683999994490296,-4.87656620862253e-07,-0.683608591556549,-2.13110146431371e-06,393216
1144,4,76.2666706442833,-0.685999994585291,-5.35595631845354e-07,-0.685559809207916,-2.1668078416323e-06,393216
1145,4,76.3333373144269,-0.687999994680285,-4.91198932195402e-07,-0.687579035758972,-2.19955443881986e-06,393216
1146,4,76.4000039845705,-0.68999999477528,-4.71160689130556e-07,-0.689625561237335,-2.23096515306676e-06,393216
1147,4,76.4666706547141,-0.691999994870275,-5.31508703716099e-07,-0.691605925559998,-2.26639906849586e-06,393216
1148,4,76.5333373248577,-0.69399999496527,-5.24701306403585e-07,-0.693556487560272,-2.30137915741378e-06,393216
1149,4,76.6000039950013,-0.695999995060265,-4.6627150140921e-07,-0.69557398557663,-2.33246392579559e-06,393216
1150,4,76.6666706651449,-0.69799999515526,-5.22493735388707e-07,-0.69759738445282,-2.36729684330485e-06,393216
1151,4,76.7333373352885,-0.699999995250255,-5.43869134617125e-07,-0.699575960636139,-2.40355478750366e-06,393216
1152,4,76.8000040054321,-0.70199999534525,-4.77044295621454e-07,-0.701570868492126,-2.43535774220374e-06,393216
1153,4,76.8666706755757,-0.703999995440245,-5.05185766996874e-07,-0.703576803207397,-2.46903679509337e-06,393216
1154,4,76.9333373457193,-0.70599999553524,-5.52935205178073e-07,-0.705613613128662,-2.50589914402776e-06,393216
1155,4,77.0000040158629,-0.707999995630235,-5.0697030928859e-07,-0.707626163959503,-2.5396971664097e-06,393216
1156,4,77.0666706860065,-0.709999995725229,-4.91320463424927e-07,-0.709582209587097,-2.57245186567966e-06,393216
1157,4,77.1333373561502,-0.711999995820224,-5.50508843844e-07,-0.711553454399109,-2.60915245718334e-06,393216
1158,4,77.2000040262938,-0.713999995915219,-5.39210873284901e-07,-0.713562965393066,-2.64509985061047e-06,393216
1159,4,77.2666706964374,-0.715999996010214,-4.83202541090577e-07,-0.715563952922821,-2.67731335502991e-06,393216
1160,4,77.333337366581,-0.717999996105209,-5.41581300694816e-07,-0.717619061470032,-2.71341877695927e-06,393216
1161,4,77.4000040367246,-0.719999996200204,-5.63231481010007e-07,-0.719588458538055,-2.75096754431826e-06,393216
1162,4,77.4666707068682,-0.721999996295199,-4.935572519571e-07,-0.72164112329483,-2.78387136283147e-06,393216
1163,4,77.5333373770118,-0.723999996390194,-5.27949396200711e-07,-0.723599553108215,-2.8190679910805e-06,393216
1164,4,77.6000040471554,-0.725999996485189,-5.71845305330498e-07,-0.725565969944,-2.85719101342413e-06,393216
1165,4,77.666670717299,-0.727999996580184,-5.24655092704052e-07,-0.72758948802948,-2.8921680214286e-06,393216
1166,4,77.7333373874426,-0.729999996675178,-5.12107533268136e-07,-0.729598999023438,-2.92630852542704e-06,393216
1167,4,77.8000040575862,-0.731999996770173,-5.71560917705938e-07,-0.731552004814148,-2.96441258859471e-06,393216
1168,4,77.8666707277298,-0.733999996865168,-5.55125723167293e-07,-0.733536005020142,-3.00142097206934e-06,393216
1169,4,77.9333373978734,-0.735999996960163,-5.05506704939762e-07,-0.735573470592499,-3.03512142082294e-06,393216
1170,4,78.000004068017,-0.737999997055158,-5.64145636872126e-07,-0.737585425376892,-3.07273113190925e-06,393216
1171,4,78.0666707381606,-0.739999997150153,-5.81874189720111e-07,-0.739537239074707,-3.11152274658039e-06,393216
1172,4,78.1333374083042,-0.741999997245148,-5.13802092427795e-07,-0.741576492786407,-3.14577622119537e-06,393216
1173,4,78.2000040784478,-0.743999997340143,-5.53939287328831e-07,-0.743555068969727,-3.18270550894331e-06,393216
1174,4,78.2666707485914,-0.745999997435138,-5.9635215166054e-07,-0.745540261268616,-3.22246232112749e-06,393216
1175,4,78.333337418735,-0.747999997530133,-5.42721579677163e-07,-0.747602581977844,-3.25864376165964e-06,393216
1176,4,78.4000040888786,-0.749999997625127,-5.38928873083933e-07,-0.749570190906525,-3.29457235507239e-06,393216
1177,4,78.4666707590222,-0.751999997720122,-6.00319935983862e-07,-0.751596689224243,-3.33459368622526e-06,393216
1178,4,78.5333374291658,-0.753999997815117,-5.79095285502262e-07,-0.753586113452911,-3.37320004060555e-06,393216
1179,4,78.6000040993094,-0.755999997910112,-5.32354818005842e-07,-0.755589604377747,-3.40869036365691e-06,393216
1180,4,78.666670769453,-0.757999998005107,-5.95236201661464e-07,-0.757556617259979,-3.4483727791706e-06,393216
1181,4,78.7333374395967,-0.759999998100102,-6.1056510958224e-07,-0.759560704231262,-3.48907712193232e-06,393216
1182,4,78.8000041097403,-0.761999998195097,-5.40669589099707e-07,-0.761543452739716,-3.5251217630855e-06,393216
1183,4,78.8666707798839,-0.763999998290092,-5.82238840252103e-07,-0.763568699359894,-3.56393768779339e-06,393216
1184,4,78.9333374500275,-0.765999998385087,-6.254855975385e-07,-0.765536367893219,-3.60563672980406e-06,393216
1185,4,79.0000041201711,-0.767999998480082,-5.69596465993527e-07,-0.767566502094269,-3.64360982951741e-06,393216
1186,4,79.0666707903147,-0.769999998575077,-5.72214901239931e-07,-0.769538342952728,-3.68175749158963e-06,393216
1187,4,79.1333374604583,-0.771999998670071,-6.32643150311196e-07,-0.771575808525085,-3.72393370381004e-06,393216
1188,4,79.2000041306019,-0.773999998765066,-6.06303217409732e-07,-0.773553788661957,-3.7643539204121e-06,393216
1189,4,79.2666708007455,-0.775999998860061,-5.66676533253485e-07,-0.775541365146637,-3.80213235793263e-06,393216
1190,4,79.3333374708891,-0.777999998955056,-6.30929150702286e-07,-0.777497410774231,-3.84419430350648e-06,393216
1191,4,79.4000041410327,-0.779999999050051,-6.41154883851414e-07,-0.779486298561096,-3.88693796465917e-06,393216
1192,4,79.4666708111763,-0.781999999145046,-5.74947591758246e-07,-0.781546831130981,-3.92526780610877e-06,393216
1193,4,79.5333374813199,-0.783999999240041,-6.22658092197526e-07,-0.783507764339447,-3.96677834775355e-06,393216
1194,4,79.6000041514635,-0.785999999335036,-6.64412141304638e-07,-0.785535514354706,-4.01107249281731e-06,393216
1195,4,79.6666708216071,-0.787999999430031,-6.02858108322835e-07,-0.787534058094025,-4.05126303546827e-06,393216
1196,4,79.7333374917507,-0.789999999525026,-6.15177214058349e-07,-0.789505302906036,-4.09227485187776e-06,393216
1197,4,79.8000041618943,-0.79199999962002,-6.74701027492119e-07,-0.791563391685486,-4.13725492272313e-06,393216
1198,4,79.8666708320379,-0.793999999715015,-6.44451688458503e-07,-0.793531596660614,-4.18021837086108e-06,393216
1199,4,79.9333375021815,-0.79599999981001,-6.09536755291629e-07,-0.795523524284363,-4.22085415666651e-06,393216
1200,4,80.0000041723251,-0.797999999905005,-6.77112780067546e-07,-0.797509968280792,-4.26599501102529e-06,393216
1201,5,80.0666708424687,-0.8,-6.85172381054144e-07,-0.799527406692505,-4.31167317214453e-06,425984
1202,5,80.1333375126123,-0.797999999905005,-4.281449150767e-07,-0.797563433647156,-4.34021616797161e-06,425984
1203,5,80.2000041827559,-0.79599999981001,-4.00538255007632e-07,-0.795555710792542,-4.3669187196981e-06,425984
1204,5,80.2666708528996,-0.793999999715015,-3.83779763524217e-07,-0.793612360954285,-4.39250403860076e-06,425984
1205,5,80.3333375230432,-0.79199999962002,-2.77143470839292e-07,-0.791605949401855,-4.41098027095366e-06,425984
1206,5,80.4000041931868,-0.789999999525026,-2.55374231983296e-07,-0.789638876914978,-4.42800522064047e-06,425984
1207,5,80.4666708633304,-0.787999999430031,-2.78291025779254e-07,-0.787597239017487,-4.44655795666002e-06,425984
1208,5,80.533337533474,-0.785999999335036,-2.18524036199597e-07,-0.785613179206848,-4.46112622649978e-06,425984
1209,5,80.6000042036176,-0.783999999240041,-1.6253031276392e-07,-0.78358793258667,-4.47196158124915e-06,425984
1210,5,80.6666708737612,-0.781999999145046,-2.07043754585357e-07,-0.781573593616486,-4.48576449894139e-06,425984
1211,5,80.7333375439048,-0.779999999050051,-1.84148831294806e-07,-0.779634475708008,-4.49804108833465e-06,425984
1212,5,80.8000042140484,-0.777999998955056,-1.03278750884783e-07,-0.777651727199554,-4.50492633875273e-06,425984
1213,5,80.866670884192,-0.775999998860061,-1.40415835403473e-07,-0.775639176368713,-4.51428739493451e-06,425984
1214,5,80.9333375543356,-0.773999998765066,-1.53704959870993e-07,-0.773578643798828,-4.52453439279367e-06,425984
1215,5,81.0000042244792,-0.771999998670071,-7.30950091565319e-08,-0.771598875522614,-4.52940739365825e-06,425984
1216,5,81.0666708946228,-0.769999998575077,-7.97857566681159e-08,-0.769639730453491,-4.5347264443802e-06,425984
1217,5,81.1333375647664,-0.767999998480082,-1.18828914708047e-07,-0.767627894878387,-4.54264837244056e-06,425984
1218,5,81.20000423491,-0.765999998385087,-6.28424956516938e-08,-0.76561713218689,-4.54683787236918e-06,425984
1219,5,81.2666709050536,-0.763999998290092,-2.86399171045559e-08,-0.763656795024872,-4.54874720027573e-06,425984
1220,5,81.3333375751972,-0.761999998195097,-8.01407153971923e-08,-0.761635720729828,-4.55408991491418e-06,425984
1221,5,81.4000042453408,-0.759999998100102,-6.37955395177414e-08,-0.759658455848694,-4.55834295110385e-06,425984
1222,5,81.4666709154844,-0.757999998005107,7.80911868503154e-09,-0.75765860080719,-4.55782234316436e-06,425984
1223,5,81.533337585628,-0.755999997910112,-3.91720185177746e-08,-0.755674600601196,-4.56043381120174e-06,425984
1224,5,81.6000042557716,-0.753999997815117,-5.47562208907948e-08,-0.753678441047668,-4.56408422611818e-06,425984
1225,5,81.6666709259152,-0.751999997720122,2.25958736166376e-08,-0.751633107662201,-4.56257783446517e-06,425984
1226,5,81.7333375960588,-0.749999997625127,2.42636977176858e-09,-0.749640583992004,-4.56241607647195e-06,425984
1227,5,81.8000042662024,-0.747999997530133,-3.55859484102439e-08,-0.747645735740662,-4.56478847315636e-06,425984
1228,5,81.8666709363461,-0.745999997435138,1.92893985229148e-08,-0.745662271976471,-4.56350251318777e-06,425984
1229,5,81.9333376064897,-0.743999997340143,4.20262864508913e-08,-0.743691027164459,-4.56070076061158e-06,425984
1230,5,82.0000042766333,-0.741999997245148,-1.12371569827019e-08,-0.741682112216949,-4.5614499044495e-06,425984
1231,5,82.0666709467769,-0.739999997150153,1.0075027923051e-08,-0.739651381969452,-4.56077823588627e-06,425984
1232,5,82.1333376169205,-0.737999997055158,7.15025478825737e-08,-0.737683773040771,-4.55601139911215e-06,425984
1233,5,82.2000042870641,-0.735999996960163,1.87302138243695e-08,-0.735677301883698,-4.55476271812541e-06,425984
1234,5,82.2666709572077,-0.733999996865168,7.35204652713151e-09,-0.733650743961334,-4.5542725816647e-06,425984
1235,5,82.3333376273513,-0.731999996770173,8.11399445410643e-08,-0.731629729270935,-4.54886325174651e-06,425984
1236,5,82.4000042974949,-0.729999996675178,5.15323996808092e-08,-0.729680955410004,-4.54542775825528e-06,425984
1237,5,82.4666709676385,-0.727999996580184,1.54869503887767e-08,-0.727710366249084,-4.54439529484218e-06,425984
1238,5,82.5333376377821,-0.725999996485189,7.29029352442012e-08,-0.72564309835434,-4.53953509890576e-06,425984
1239,5,82.6000043079257,-0.723999996390194,8.53459880545415e-08,-0.723701059818268,-4.53384536607205e-06,425984
1240,5,82.6666709780693,-0.721999996295199,3.3536419863367e-08,-0.721699357032776,-4.53160960463122e-06,425984
1241,5,82.7333376482129,-0.719999996200204,5.80092098800833e-08,-0.719707548618317,-4.52774232377085e-06,425984
1242,5,82.8000043183565,-0.717999996105209,1.11768621025021e-07,-0.717692494392395,-4.52029108198057e-06,425984
1243,5,82.8666709885001,-0.715999996010214,5.96138178821093e-08,-0.715675711631775,-4.51631682724782e-06,425984
1244,5,82.9333376586437,-0.713999995915219,4.85419917595209e-08,-0.713706910610199,-4.51308069429508e-06,425984
1245,5,83.0000043287873,-0.711999995820224,1.22091634580102e-07,-0.711686432361603,-4.50494125156523e-06,425984
1246,5,83.0666709989309,-0.709999995725229,8.54918624781931e-08,-0.709693372249603,-4.49924179376944e-06,425984
1247,5,83.1333376690745,-0.707999995630235,5.23930623330671e-08,-0.707692921161652,-4.49574892276506e-06,425984
1248,5,83.2000043392181,-0.70599999553524,1.14399213657634e-07,-0.705710768699646,-4.48812230812346e-06,425984
1249,5,83.2666710093617,-0.703999995440245,1.17020086065622e-07,-0.703692138195038,-4.48032096864555e-06,425984
1250,5,83.3333376795053,-0.70199999534525,6.71944064833951e-08,-0.701700866222382,-4.47584134131303e-06,425984
1251,5,83.400004349649,-0.699999995250255,9.44922717849295e-08,-0.699719905853271,-4.46954185619882e-06,425984
1252,5,83.4666710197926,-0.69799999515526,1.41016357702028e-07,-0.697673320770264,-4.46014076519505e-06,425984
1253,5,83.5333376899362,-0.695999995060265,8.69214318299782e-08,-0.695658385753632,-4.45434600277083e-06,425984
1254,5,83.6000043600798,-0.69399999496527,8.23604366928521e-08,-0.69371622800827,-4.44885530670494e-06,425984
1255,5,83.6666710302234,-0.691999994870275,1.51811022419679e-07,-0.691678822040558,-4.43873457134913e-06,425984
1256,5,83.733337700367,-0.68999999477528,1.09979232831847e-07,-0.689688146114349,-4.43140262211128e-06,425984
1257,5,83.8000043705106,-0.687999994680285,8.11545461942842e-08,-0.687674343585968,-4.42599231874949e-06,425984
1258,5,83.8666710406542,-0.685999994585291,1.44488154774081e-07,-0.685712218284607,-4.41635977459551e-06,425984
1259,5,83.9333377107978,-0.683999994490296,1.38940066563009e-07,-0.683693587779999,-4.40709710300822e-06,425984
1260,5,84.0000043809414,-0.681999994395301,9.10593769276602e-08,-0.681701064109802,-4.40102647756311e-06,425984
1261,5,84.066671051085,-0.679999994300306,1.25898935721125e-07,-0.679723143577576,-4.39263321474395e-06,425984
1262,5,84.1333377212286,-0.677999994205311,1.65727385592618e-07,-0.677709996700287,-4.38158472179489e-06,425984
1263,5,84.2000043913722,-0.675999994110316,1.06376141673081e-07,-0.675699949264526,-4.37449297864682e-06,425984
1264,5,84.2666710615158,-0.673999994015321,1.09672896542179e-07,-0.673726856708527,-4.36718145182935e-06,425984
1265,5,84.3333377316594,-0.671999993920326,1.74129723973238e-07,-0.671719133853912,-4.35557280295903e-06,425984
1266,5,84.400004401803,-0.669999993825331,1.28534395571478e-07,-0.669675588607788,-4.34700384280736e-06,425984
1267,5,84.4666710719466,-0.667999993730336,1.03531604622731e-07,-0.667729914188385,-4.34010173547254e-06,425984
1268,5,84.5333377420902,-0.665999993635342,1.71071249610577e-07,-0.665700376033783,-4.32869698490369e-06,425984
1269,5,84.6000044122338,-0.663999993540347,1.54057474333058e-07,-0.663701713085175,-4.31842648607917e-06,425984
1270,5,84.6666710823774,-0.661999993445352,1.10820444376714e-07,-0.661705553531647,-4.31103845606874e-06,425984
1271,5,84.733337752521,-0.659999993350357,1.51023300531961e-07,-0.659710109233856,-4.30097023550818e-06,425984
1272,5,84.8000044226646,-0.657999993255362,1.78253088733982e-07,-0.657731533050537,-4.28908669563947e-06,425984
1273,5,84.8666710928082,-0.655999993160367,1.24352666830418e-07,-0.65569406747818,-4.28079651741841e-06,425984
1274,5,84.9333377629519,-0.653999993065372,1.33275307234726e-07,-0.653707683086395,-4.27191149647271e-06,425984
1275,5,85.0000044330955,-0.651999992970377,1.95728802054873e-07,-0.651723086833954,-4.25886290898851e-06,425984
1276,5,85.0666711032391,-0.649999992875382,1.4420126603909e-07,-0.649727523326874,-4.2492494907512e-06,425984
1277,5,85.1333377733827,-0.647999992780387,1.21678326081565e-07,-0.647710084915161,-4.24113760192269e-06,425984
1278,5,85.2000044435263,-0.645999992685393,1.91960396023205e-07,-0.645699322223663,-4.22834024152038e-06,425984
1279,5,85.2666711136699,-0.643999992590398,1.68178075909964e-07,-0.643781542778015,-4.2171283692083e-06,425984
1280,5,85.3333377838135,-0.641999992495403,1.25971880038378e-07,-0.641729533672333,-4.20873024343441e-06,425984
1281,5,85.4000044539571,-0.639999992400408,1.74912571537789e-07,-0.639733374118805,-4.19706940472373e-06,425984
1282,5,85.4666711241007,-0.637999992305413,1.95286318671606e-07,-0.637774288654327,-4.18405031613329e-06,425984
1283,5,85.5333377942443,-0.635999992210418,1.38876856681236e-07,-0.635716736316681,-4.17479185853834e-06,425984
1284,5,85.6000044643879,-0.633999992115423,1.5404289399612e-07,-0.633734583854675,-4.16452233173634e-06,425984
1285,5,85.6666711345315,-0.631999992020428,2.08838002890843e-07,-0.631734788417816,-4.15059979748417e-06,425984
1286,5,85.7333378046751,-0.629999991925433,1.58749742240616e-07,-0.629824936389923,-4.14001648078283e-06,425984
1287,5,85.8000044748187,-0.627999991830438,1.4016055160937e-07,-0.627751052379608,-4.13067244352154e-06,425984
1288,5,85.8666711449623,-0.625999991735444,2.10748964946106e-07,-0.625770688056946,-4.11662251179237e-06,425984
1289,5,85.9333378151059,-0.623999991640449,1.81700571033616e-07,-0.623758733272552,-4.10450913975837e-06,425984
1290,5,86.0000044852495,-0.621999991545454,1.40612755217262e-07,-0.621698200702667,-4.09513495558832e-06,425984
1291,5,86.0666711553931,-0.619999991450459,1.93409405824241e-07,-0.619773089885712,-4.08224099452756e-06,425984
1292,5,86.1333378255367,-0.617999991355464,2.03990140335009e-07,-0.617762386798859,-4.0686416511293e-06,425984
1293,5,86.2000044956803,-0.615999991260469,1.51713763330008e-07,-0.615772902965546,-4.05852739971313e-06,425984
1294,5,86.2666711658239,-0.613999991165474,1.73011358128861e-07,-0.613763391971588,-4.04699330856966e-06,425984
1295,5,86.3333378359675,-0.611999991070479,2.22676575845071e-07,-0.611802458763123,-4.03214820273909e-06,425984
1296,5,86.4000045061111,-0.609999990975484,1.687907484893e-07,-0.609784424304962,-4.02089548558626e-06,425984
1297,5,86.4666711762547,-0.607999990880489,1.58827546670182e-07,-0.607750058174133,-4.01030698192268e-06,425984
1298,5,86.5333378463984,-0.605999990785494,2.25983043833367e-07,-0.605747222900391,-3.9952414448814e-06,425984
1299,5,86.600004516542,-0.6039999906905,1.91187254472425e-07,-0.60375714302063,-3.98249562725182e-06,425984
1300,5,86.6666711866856,-0.601999990595505,1.54893811554757e-07,-0.601775586605072,-3.97216937260962e-06,425984
1301,5,86.7333378568292,-0.59999999050051,2.12373024055523e-07,-0.59977513551712,-3.95801117026751e-06,425984
1302,5,86.8000045269728,-0.597999990405515,2.16044185208375e-07,-0.597766280174255,-3.94360822383578e-06,425984
1303,5,86.8666711971164,-0.59599999031052,1.64044990924594e-07,-0.595790147781372,-3.9326718905371e-06,425984
1304,5,86.93333786726,-0.593999990215525,1.90185602377824e-07,-0.59376060962677,-3.91999284971731e-06,425984
1305,5,87.0000045374036,-0.59199999012053,2.35362762168734e-07,-0.591761410236359,-3.90430199808772e-06,425984
1306,5,87.0666712075472,-0.589999990025535,1.81092772777447e-07,-0.589803516864777,-3.89222914593957e-06,425984
1307,5,87.1333378776908,-0.58799998993054,1.74056793866839e-07,-0.587764263153076,-3.8806253590766e-06,425984
1308,5,87.2000045478344,-0.585999989835545,2.41421389546304e-07,-0.585796058177948,-3.86453059893411e-06,425984
1309,5,87.266671217978,-0.583999989740551,2.02623780864997e-07,-0.583781063556671,-3.85102234617193e-06,425984
1310,5,87.3333378881216,-0.581999989645556,1.69704890140565e-07,-0.581752121448517,-3.83970868623917e-06,425984
1311,5,87.4000045582652,-0.579999989550561,2.28278153713291e-07,-0.579796075820923,-3.82449014186458e-06,425984
1312,5,87.4666712284088,-0.577999989455566,2.27738411240352e-07,-0.577790796756744,-3.80930758032339e-06,425984
1313,5,87.5333378985524,-0.575999989360571,1.76035825916188e-07,-0.575813472270966,-3.79757185798358e-06,425984
1314,5,87.600004568696,-0.573999989265576,2.08405239732201e-07,-0.57377964258194,-3.78367817461015e-06,425984
1315,5,87.6666712388396,-0.571999989170581,2.50256476874711e-07,-0.571807205677032,-3.76699440861504e-06,425984
1316,5,87.7333379089832,-0.569999989075586,1.91819395922721e-07,-0.569767951965332,-3.75420644821992e-06,425984
1317,5,87.8000045791268,-0.567999988980591,1.92456369063621e-07,-0.567780911922455,-3.74137602294652e-06,425984
1318,5,87.8666712492704,-0.565999988885596,2.56149803590233e-07,-0.56578540802002,-3.72429936848322e-06,425984
1319,5,87.933337919414,-0.563999988790602,2.14648650853633e-07,-0.563785552978516,-3.70998945767999e-06,425984
1320,5,88.0000045895576,-0.561999988695607,1.8565377502e-07,-0.561819791793823,-3.69761253869982e-06,425984
1321,5,88.0666712597013,-0.559999988600612,2.4783497565295e-07,-0.559798121452332,-3.68109020612791e-06,425984
1322,5,88.1333379298449,-0.557999988505617,2.38484460624022e-07,-0.557768583297729,-3.66519124125712e-06,425984
1323,5,88.2000045999885,-0.555999988410622,1.93307286622257e-07,-0.555788815021515,-3.65230408814352e-06,425984
1324,5,88.2666712701321,-0.553999988315627,2.25720484081648e-07,-0.553806066513062,-3.63725605508659e-06,425984
1325,5,88.3333379402757,-0.551999988220632,2.64391672999409e-07,-0.551794111728668,-3.61962994263402e-06,425984
1326,5,88.4000046104193,-0.549999988125637,2.06343571562684e-07,-0.549813747406006,-3.6058737038124e-06,425984
1327,5,88.4666712805629,-0.547999988030642,2.09980683507638e-07,-0.547823071479797,-3.59187499084847e-06,425984
1328,5,88.5333379507065,-0.545999987935647,2.7649437583932e-07,-0.545768022537231,-3.57344203149783e-06,425984
1329,5,88.6000046208501,-0.543999987840653,2.28876231744835e-07,-0.543797969818115,-3.55818361525238e-06,425984
1330,5,88.6666712909937,-0.541999987745658,2.03747006821686e-07,-0.541827321052551,-3.54460048075585e-06,425984
1331,5,88.7333379611373,-0.539999987650663,2.7319759965394e-07,-0.539790511131287,-3.5263873064957e-06,425984
1332,5,88.8000046312809,-0.537999987555668,2.56324824476906e-07,-0.537793159484863,-3.50929898397268e-06,425984
1333,5,88.8666713014245,-0.535999987460673,2.11643637726411e-07,-0.535828530788422,-3.49518940738838e-06,425984
1334,5,88.9333379715681,-0.533999987365678,2.54277722433471e-07,-0.533841490745544,-3.47823755834204e-06,425984
1335,5,89.0000046417117,-0.531999987270683,2.83457382010965e-07,-0.531808316707611,-3.45934039855575e-06,425984
1336,5,89.0666713118553,-0.529999987175688,2.27509872274823e-07,-0.529860138893127,-3.44417307294639e-06,425984
1337,5,89.1333379819989,-0.527999987080693,2.37263975577662e-07,-0.527794778347015,-3.42835547374959e-06,425984
1338,5,89.2000046521425,-0.525999986985698,3.02299440591014e-07,-0.525825917720795,-3.40820217665912e-06,425984
1339,5,89.2666713222861,-0.523999986890703,2.54943898880811e-07,-0.523849844932556,-3.3912059158473e-06,425984
1340,5,89.3333379924297,-0.521999986795709,2.30164772574426e-07,-0.521789312362671,-3.37586159687541e-06,425984
1341,5,89.4000046625733,-0.519999986700714,3.03004497936854e-07,-0.51981383562088,-3.35566129595942e-06,425984
1342,5,89.4666713327169,-0.517999986605719,2.85470463268211e-07,-0.517834067344666,-3.33662993074898e-06,425984
1343,5,89.5333380028605,-0.515999986510724,2.40808702756112e-07,-0.515810549259186,-3.32057601639463e-06,425984
1344,5,89.6000046730042,-0.513999986415729,2.90736494434896e-07,-0.513838112354279,-3.30119358242143e-06,425984
1345,5,89.6666713431478,-0.511999986320734,3.21136610637041e-07,-0.511791527271271,-3.27978447392905e-06,425984
1346,5,89.7333380132914,-0.509999986225739,2.6399294483781e-07,-0.509834885597229,-3.26218494335531e-06,425984
1347,5,89.800004683435,-0.507999986130744,2.76630487405782e-07,-0.507829010486603,-3.24374290989977e-06,425984
1348,5,89.8666713535786,-0.505999986035749,3.4804062920557e-07,-0.505817651748657,-3.22054020007595e-06,425984
1349,5,89.9333380237222,-0.503999985940754,3.02722469314176e-07,-0.50383734703064,-3.20035870106912e-06,425984
1350,5,90.0000046938658,-0.50199998584576,2.76290137435353e-07,-0.501864850521088,-3.18193935761279e-06,425984
1351,5,90.0666713640094,-0.499999985750765,3.57425221864105e-07,-0.499840795993805,-3.15811100824577e-06,425984
1352,5,90.133338034153,-0.49799998565577,3.46358234537547e-07,-0.497821569442749,-3.13502045807233e-06,425984
1353,5,90.2000047042966,-0.495999985560775,2.96255393550382e-07,-0.495825409889221,-3.11527009747225e-06,425984
1354,5,90.2666713744402,-0.49399998546578,3.53287248344714e-07,-0.493866324424744,-3.09171761302091e-06,425984
1355,5,90.3333380445838,-0.491999985370785,3.96733383922765e-07,-0.491852521896362,-3.06526871937997e-06,425984
1356,5,90.4000047147274,-0.48999998527579,3.38860303372712e-07,-0.489870965480804,-3.04267803131026e-06,425984
1357,5,90.466671384871,-0.487999985180795,3.53666536057062e-07,-0.487876057624817,-3.01910026101011e-06,425984
1358,5,90.5333380550146,-0.4859999850858,4.4306295876595e-07,-0.485841631889343,-2.98956272888522e-06,425984
1359,5,90.6000047251582,-0.483999984990805,4.00404559286471e-07,-0.483815103769302,-2.96286909020727e-06,425984
1360,5,90.6666713953018,-0.481999984895811,3.74813367898241e-07,-0.48184871673584,-2.93788153104418e-06,425984
1361,5,90.7333380654454,-0.479999984800816,4.72232869697109e-07,-0.479877471923828,-2.90639933808912e-06,425984
1362,5,90.800004735589,-0.477999984705821,4.77989999581041e-07,-0.477829694747925,-2.87453333645511e-06,425984
1363,5,90.8666714057326,-0.475999984610826,4.29389672262914e-07,-0.475854784250259,-2.84590735681129e-06,425984
1364,5,90.9333380758762,-0.473999984515831,5.01903627991851e-07,-0.473798543214798,-2.81244711320007e-06,425984
1365,5,91.0000047460198,-0.471999984420836,5.63715275347931e-07,-0.471888035535812,-2.77486609288354e-06,425984
1366,5,91.0666714161634,-0.469999984325841,5.15080898821907e-07,-0.469852983951569,-2.74052736450451e-06,425984
1367,5,91.133338086307,-0.467999984230846,5.32614990333968e-07,-0.467881739139557,-2.70501969663038e-06,425984
1368,5,91.2000047564507,-0.465999984135851,6.55518647363351e-07,-0.465846717357635,-2.66131845119362e-06,425984
1369,5,91.2666714265943,-0.463999984040856,6.2499208297595e-07,-0.463896125555038,-2.6196523101555e-06,425984
1370,5,91.3333380967379,-0.461999983945862,6.04141803250968e-07,-0.461858063936234,-2.57937618783821e-06,425984
1371,5,91.4000047668815,-0.459999983850867,7.28334043742507e-07,-0.459878325462341,-2.53082058238967e-06,425984
1372,5,91.4666714370251,-0.457999983755872,7.57144107410568e-07,-0.457845747470856,-2.48034430592975e-06,425984
1373,5,91.5333381071687,-0.455999983660877,7.03404225532722e-07,-0.455885410308838,-2.43345068844855e-06,425984
1374,5,91.6000047773123,-0.453999983565882,8.02895044671459e-07,-0.453843742609024,-2.3799243493455e-06,425984
1375,5,91.6666714474559,-0.451999983470887,8.88805118393066e-07,-0.451873689889908,-2.32067067169564e-06,425984
1376,5,91.7333381175995,-0.449999983375892,8.4758113416683e-07,-0.449875712394714,-2.2641652598042e-06,425984
1377,5,91.8000047877431,-0.447999983280897,8.72355428782612e-07,-0.44786012172699,-2.20600822818557e-06,425984
1378,5,91.8666714578867,-0.445999983185902,1.00910745004512e-06,-0.445873111486435,-2.13873439467396e-06,425984
1379,5,91.9333381280303,-0.443999983090907,9.93907292468066e-07,-0.443868458271027,-2.07247390505366e-06,425984
1380,5,92.0000047981739,-0.441999982995912,9.68661424849415e-07,-0.441878944635391,-2.0078964733624e-06,425984
1381,5,92.0666714683175,-0.439999982900918,1.10264647901204e-06,-0.439885854721069,-1.93438670426109e-06,425984
1382,5,92.1333381384611,-0.437999982805923,1.13257510747644e-06,-0.437886089086533,-1.8588816931581e-06,425984
1383,5,92.2000048086047,-0.435999982710928,1.08183030533837e-06,-0.435900837182999,-1.78675966904076e-06,425984
1384,5,92.2666714787483,-0.433999982615933,1.17809736366326e-06,-0.433901071548462,-1.70821984070037e-06,425984
1385,5,92.3333381488919,-0.431999982520938,1.25581425436394e-06,-0.431875139474869,-1.62449888604305e-06,425984
1386,5,92.4000048190355,-0.429999982425943,1.19577748591837e-06,-0.429856508970261,-1.54478038282418e-06,425984
1387,5,92.4666714891791,-0.427999982330948,1.22021128845518e-06,-0.427877366542816,-1.46343295935124e-06,425984
1388,5,92.5333381593227,-0.425999982235953,1.34569688725605e-06,-0.425868481397629,-1.37371982885526e-06,425984
1389,5,92.6000048294663,-0.423999982140958,1.29046418351209e-06,-0.423851072788239,-1.28768887880093e-06,425984
1390,5,92.6666714996099,-0.421999982045963,1.26141094369814e-06,-0.421887695789337,-1.20359481150187e-06,425984
1391,5,92.7333381697536,-0.419999981950969,1.37535300837044e-06,-0.419886708259583,-1.11190460616183e-06,425984
1392,5,92.8000048398972,-0.417999981855974,1.37012591494567e-06,-0.417888134717941,-1.02056287373494e-06,425984
1393,5,92.8666715100408,-0.415999981760979,1.29686804939411e-06,-0.415868908166885,-9.34104999266203e-07,425984
1394,5,92.9333381801844,-0.413999981665984,1.37099618768843e-06,-0.413895845413208,-8.42705248653439e-07,425984
1395,5,93.000004850328,-0.411999981570989,1.40838380957575e-06,-0.411879032850266,-7.48812989784859e-07,425984
1396,5,93.0666715204716,-0.409999981475994,1.32167633637437e-06,-0.409901708364487,-6.60701229431182e-07,425984
1397,5,93.1333381906152,-0.407999981380999,1.33198489038477e-06,-0.407895267009735,-5.71902232107635e-07,425984
1398,5,93.2000048607588,-0.405999981286004,1.41093664751679e-06,-0.405905157327652,-4.77839784034111e-07,425984
1399,5,93.2666715309024,-0.403999981191009,1.32796344587405e-06,-0.403913259506226,-3.89308883025261e-07,425984
1400,5,93.333338201046,-0.401999981096014,1.28086560380325e-06,-0.401906788349152,-3.03917838318222e-07,425984
1401,5,93.4000048711896,-0.39999998100102,1.36462642785773e-06,-0.399899691343307,-2.12942738382985e-07,425984
1402,5,93.4666715413332,-0.397999980906025,1.30713260659832e-06,-0.397898703813553,-1.25800560064946e-07,425984
1403,5,93.5333382114768,-0.39599998081103,1.22419851322775e-06,-0.395928651094437,-4.41873215933008e-08,425984
1404,5,93.6000048816204,-0.393999980716035,1.28417218547838e-06,-0.393891215324402,4.14241619035779e-08,425984
1405,5,93.666671551764,-0.39199998062104,1.26684722090431e-06,-0.391918152570724,1.25880647701947e-07,425984
1406,5,93.7333382219076,-0.389999980526045,1.16624767088069e-06,-0.389897704124451,2.03630496482297e-07,425984
1407,5,93.8000048920512,-0.38799998043105,1.17496108487103e-06,-0.387904614210129,2.81961239558966e-07,425984
1408,5,93.8666715621948,-0.385999980336055,1.20075651466323e-06,-0.385902374982834,3.62011678044803e-07,425984
1409,5,93.9333382323384,-0.38399998024106,1.1033856708309e-06,-0.383928716182709,4.35570726603266e-07,425984
1410,5,94.000004902482,-0.381999980146065,1.0611599918775e-06,-0.381907045841217,5.06314729751353e-07,425984
1411,5,94.0666715726256,-0.37999998005107,1.11399560864811e-06,-0.379892647266388,5.80581107534521e-07,425984
1412,5,94.1333382427692,-0.377999979956076,1.02511944533035e-06,-0.377937823534012,6.48922407454154e-07,425984
1413,5,94.2000049129128,-0.375999979861081,9.63215370575199e-07,-0.375924676656723,7.1313676884154e-07,425984
1414,5,94.2666715830564,-0.373999979766086,1.01349803571793e-06,-0.373903036117554,7.80703308079938e-07,425984
1415,5,94.3333382532001,-0.371999979671091,9.58012492446869e-07,-0.371945112943649,8.44570810907346e-07,425984
1416,5,94.4000049233437,-0.369999979576096,8.71353734055447e-07,-0.369980543851852,9.02661062874018e-07,425984
1417,5,94.4666715934873,-0.367999979481101,9.04768569398584e-07,-0.367935806512833,9.62978970646414e-07,425984
1418,5,94.5333382636309,-0.365999979386106,8.91246031642368e-07,-0.365948140621185,1.02239537585471e-06,425984
1419,5,94.6000049337745,-0.363999979291111,8.01450880771881e-07,-0.363899171352386,1.07582543735943e-06,425984
1420,5,94.6666716039181,-0.361999979196116,7.9535340091752e-07,-0.361924916505814,1.12884900018599e-06,425984
1421,5,94.7333382740617,-0.359999979101121,8.26969142053713e-07,-0.359934240579605,1.18398027919823e-06,425984
1422,5,94.8000049442053,-0.357999979006127,7.44034934996307e-07,-0.357906490564346,1.23358261078495e-06,425984
1423,5,94.8666716143489,-0.355999978911132,7.09156438460923e-07,-0.355937063694,1.28085970914803e-06,425984
1424,5,94.9333382844925,-0.353999978816137,7.59487875257037e-07,-0.353964596986771,1.33149223680586e-06,425984
1425,5,95.0000049546361,-0.351999978721142,6.96514064202347e-07,-0.351948410272598,1.37792651017442e-06,425984
1426,5,95.0666716247797,-0.349999978626147,6.42535781025799e-07,-0.349917620420456,1.42076223114353e-06,425984
1427,5,95.1333382949233,-0.347999978531152,6.86633541135961e-07,-0.347943961620331,1.46653780293998e-06,425984
1428,5,95.2000049650669,-0.345999978436157,6.61543197111314e-07,-0.345929592847824,1.51064068504754e-06,425984
1429,5,95.2666716352105,-0.343999978341162,5.92860942560947e-07,-0.343940109014511,1.55016474994628e-06,425984
1430,5,95.3333383053541,-0.341999978246167,6.16779345818941e-07,-0.341940939426422,1.59128337514538e-06,425984
1431,5,95.4000049754977,-0.339999978151172,6.35543642601988e-07,-0.33992475271225,1.63365295352859e-06,425984
1432,5,95.4666716456413,-0.337999978056178,5.607977868749e-07,-0.337966233491898,1.67103947460344e-06,425984
1433,5,95.5333383157849,-0.335999977961183,5.55998553863901e-07,-0.335928797721863,1.70810604679421e-06,425984
1434,5,95.6000049859285,-0.333999977866188,6.03465935000713e-07,-0.333971530199051,1.7483371112258e-06,425984
1435,5,95.6666716560721,-0.331999977771193,5.42456575658434e-07,-0.331963807344437,1.78450088482245e-06,425984
1436,5,95.7333383262157,-0.329999977676198,5.11667451519315e-07,-0.32991424202919,1.81861205003611e-06,425984
1437,5,95.8000049963593,-0.327999977581203,5.6718226915109e-07,-0.327901095151901,1.8564242032849e-06,425984
1438,5,95.866671666503,-0.325999977486208,5.31696002781246e-07,-0.325984507799149,1.891870605319e-06,425984
1439,5,95.9333383366466,-0.323999977391213,4.82463462958549e-07,-0.323971956968307,1.92403483786039e-06,425984
1440,5,96.0000050067902,-0.321999977296218,5.22958089277381e-07,-0.321958810091019,1.95889871229718e-06,425984
1441,5,96.0666716769338,-0.319999977201223,5.28948646660865e-07,-0.319981455802917,1.99416195724702e-06,425984
1442,5,96.1333383470774,-0.317999977106229,4.70341376512806e-07,-0.317935526371002,2.02551805064989e-06,425984
1443,5,96.200005017221,-0.315999977011234,4.78179629226361e-07,-0.315940588712692,2.05739669426092e-06,425984
1444,5,96.2666716873646,-0.313999976916239,5.21372953699029e-07,-0.313942611217499,2.09215489298697e-06,425984
1445,5,96.3333383575082,-0.311999976821244,4.65347653744175e-07,-0.311947673559189,2.12317807152123e-06,425984
1446,5,96.4000050276518,-0.309999976726249,4.47234953071529e-07,-0.309963673353195,2.15299373661434e-06,425984
1447,5,96.4666716977954,-0.307999976631254,5.07364177337877e-07,-0.307943224906921,2.18681801686761e-06,425984
1448,5,96.533338367939,-0.305999976536259,4.69325101448703e-07,-0.305933117866516,2.218106358596e-06,425984
1449,5,96.6000050380826,-0.303999976441264,4.27342627062899e-07,-0.303934544324875,2.2465958685527e-06,425984
1450,5,96.6666717082262,-0.301999976346269,4.77231480999762e-07,-0.301954180002213,2.27841130227866e-06,425984
1451,5,96.7333383783698,-0.299999976251274,4.77202320325887e-07,-0.299936771392822,2.31022479195959e-06,425984
1452,5,96.8000050485134,-0.297999976156279,4.22611435624276e-07,-0.297982543706894,2.33839888913727e-06,425984
1453,5,96.866671718657,-0.295999976061285,4.46787595365095e-07,-0.29594874382019,2.36818473038172e-06,425984
1454,5,96.9333383888006,-0.29399997596629,4.81986944578239e-07,-0.2939313352108,2.40031719502945e-06,425984
1455,5,97.0000050589442,-0.291999975871295,4.25752546107105e-07,-0.29193639755249,2.42870069958357e-06,425984
1456,5,97.0666717290878,-0.2899999757763,4.19183379563037e-07,-0.289981514215469,2.45664625967858e-06,425984
1457,5,97.1333383992314,-0.287999975681305,4.77552418942651e-07,-0.287954419851303,2.48848308926851e-06,425984
1458,5,97.200005069375,-0.28599997558631,4.36430525496689e-07,-0.285981953144073,2.5175784591524e-06,425984
1459,5,97.2666717395186,-0.283999975491315,4.0301080161953e-07,-0.284002184867859,2.54444584732827e-06,425984
1460,5,97.3333384096622,-0.28199997539632,4.62483626506582e-07,-0.281964153051376,2.57527809070341e-06,425984
1461,5,97.4000050798059,-0.279999975301325,4.4889304717799e-07,-0.27994430065155,2.60520429540938e-06,425984
1462,5,97.4666717499495,-0.27799997520633,4.01279777406671e-07,-0.277963936328888,2.63195628196505e-06,425984
1463,5,97.5333384200931,-0.275999975111336,4.34942620586298e-07,-0.275962322950363,2.66095245818307e-06,425984
1464,5,97.6000050902367,-0.273999975016341,4.63781901771654e-07,-0.273957073688507,2.69187125324706e-06,425984
1465,5,97.6666717603803,-0.271999974921346,4.07600992957668e-07,-0.272000402212143,2.71904465419477e-06,425984
1466,5,97.7333384305239,-0.269999974826351,4.10853942867107e-07,-0.269955068826675,2.74643491848109e-06,425984
1467,5,97.8000051006675,-0.267999974731356,4.66991110670278e-07,-0.267995953559875,2.77756766081614e-06,425984
1468,5,97.8666717708111,-0.265999974636361,4.19834975673439e-07,-0.265951842069626,2.80555666065411e-06,425984
1469,5,97.9333384409547,-0.263999974541366,3.96781985045891e-07,-0.263959914445877,2.83200879437009e-06,425984
1470,5,98.0000051110983,-0.261999974446371,4.57446105883719e-07,-0.261977761983871,2.86250520301952e-06,425984
1471,5,98.0666717812419,-0.259999974351376,4.36785512647475e-07,-0.259969443082809,2.89162423871469e-06,425984
1472,5,98.1333384513855,-0.257999974256381,3.95474017977904e-07,-0.257962375879288,2.91798917462159e-06,425984
1473,5,98.2000051215291,-0.255999974161387,4.35808175325292e-07,-0.256012380123138,2.94704305449189e-06,425984
1474,5,98.2666717916727,-0.253999974066392,4.54903045010724e-07,-0.253984034061432,2.97736992574094e-06,425984
1475,5,98.3333384618163,-0.251999973971397,4.01644456360373e-07,-0.251970887184143,3.00414622422812e-06,425984
1476,5,98.4000051319599,-0.249999973876402,4.15021105482083e-07,-0.249971091747284,3.03181429936993e-06,425984
1477,5,98.4666718021035,-0.247999973781407,4.66028382106742e-07,-0.247957944869995,3.0628828597974e-06,425984
1478,5,98.5333384722471,-0.245999973686412,4.13844418289955e-07,-0.245983064174652,3.09047248912231e-06,425984
1479,5,98.6000051423907,-0.243999973591417,3.98634597331693e-07,-0.243985682725906,3.11704813033045e-06,425984
1480,5,98.6666718125343,-0.241999973496422,4.61282581909472e-07,-0.241979211568832,3.14780030406159e-06,425984
1481,5,98.7333384826779,-0.239999973401427,4.33974975067031e-07,-0.239972129464149,3.17673197057497e-06,425984
1482,5,98.8000051528215,-0.237999973306432,3.96976474803523e-07,-0.238014250993729,3.20319707027547e-06,425984
1483,5,98.8666718229651,-0.235999973211438,4.45941509497061e-07,-0.236020535230637,3.23292650579245e-06,425984
1484,5,98.9333384931087,-0.233999973116443,4.53458909532856e-07,-0.23399218916893,3.26315710133795e-06,425984
1485,5,99.0000051632524,-0.231999973021448,4.02869829940755e-07,-0.232000291347504,3.29001509140142e-06,425984
1486,5,99.066671833396,-0.229999972926453,4.24459159376056e-07,-0.230028435587883,3.31831237016898e-06,425984
1487,5,99.1333385035396,-0.227999972831458,4.70005829811271e-07,-0.227980673313141,3.34964609379058e-06,425984
1488,5,99.2000051736832,-0.225999972736463,4.14914126167787e-07,-0.226010024547577,3.37730703697773e-06,425984
1489,5,99.2666718438268,-0.223999972641468,4.10698390851394e-07,-0.223961040377617,3.40468693112912e-06,425984
1490,5,99.3333385139704,-0.221999972546473,4.71095063403482e-07,-0.22202804684639,3.43609327032733e-06,425984
1491,5,99.400005184114,-0.219999972451478,4.34222954481811e-07,-0.220079869031906,3.46504146880255e-06,425984
1492,5,99.4666718542576,-0.217999972356483,4.02728772996852e-07,-0.218007206916809,3.49189005506926e-06,425984
1493,5,99.5333385244012,-0.215999972261488,4.60217705722243e-07,-0.215987369418144,3.5225712370509e-06,425984
1494,5,99.6000051945448,-0.213999972166494,4.56726468200941e-07,-0.214017331600189,3.5530196698523e-06,425984
1495,5,99.6666718646884,-0.211999972071499,4.10824782193231e-07,-0.212023019790649,3.5804079900936e-06,425984
1496,5,99.733338534832,-0.209999971976504,4.39916931327389e-07,-0.210003778338432,3.60973578704499e-06,425984
1497,5,99.8000052049756,-0.207999971881509,4.77396838505229e-07,-0.207974836230278,3.64156224460521e-06,425984
1498,5,99.8666718751192,-0.205999971786514,4.21634041458674e-07,-0.205985367298126,3.66967118216845e-06,425984
1499,5,99.9333385452628,-0.203999971691519,4.2385619281049e-07,-0.204039618372917,3.69792826316287e-06,425984
1500,5,100.000005215406,-0.201999971596524,4.8370338845416e-07,-0.201971814036369,3.73017515740829e-06,425984
1501,5,100.06667188555,-0.199999971501529,4.39445273059391e-07,-0.200043082237244,3.75947151047351e-06,425984
1502,6,100.133338555694,-0.201999971596524,2.56242174145882e-07,-0.201959669589996,3.77655432297417e-06,393216
1503,6,100.200005225837,-0.203999971691519,2.5299891603936e-07,-0.203952178359032,3.79342091825646e-06,393216
1504,6,100.266671895981,-0.205999971786514,1.94804925968128e-07,-0.205954402685165,3.80640791399832e-06,393216
1505,6,100.333338566124,-0.207999971881509,1.21187213153462e-07,-0.207939609885216,3.81448706196325e-06,393216
1506,6,100.400005236268,-0.209999971976504,1.32526480456363e-07,-0.209920585155487,3.82332216112112e-06,393216
1507,6,100.466671906412,-0.211999972071499,1.3548286403875e-07,-0.211926460266113,3.83235435252811e-06,393216
1508,6,100.533338576555,-0.213999972166494,6.24778095925649e-08,-0.213934138417244,3.83651954005151e-06,393216
1509,6,100.600005246699,-0.215999972261488,5.54953132336777e-08,-0.215952157974243,3.84021922779337e-06,393216
1510,6,100.666671916842,-0.217999972356483,9.26737158124524e-08,-0.21790274977684,3.84639747583643e-06,393216
1511,6,100.733338586986,-0.219999972451478,3.03660918632431e-08,-0.219935938715935,3.84842188206622e-06,393216
1512,6,100.80000525713,-0.221999972546473,1.51222656619154e-09,-0.221958220005035,3.84852269717589e-06,393216
1513,6,100.866671927273,-0.223999972641468,5.2125624705468e-08,-0.223916098475456,3.85199773900416e-06,393216
1514,6,100.933338597417,-0.225999972736463,1.39504114926581e-08,-0.225907996296883,3.85292776648551e-06,393216
1515,6,101.00000526756,-0.227999972831458,-3.13410168928385e-08,-0.227898076176643,3.85083836525035e-06,393216
1516,6,101.066671937704,-0.229999972926453,3.57391161109888e-09,-0.229942202568054,3.85107662603685e-06,393216
1517,6,101.133338607848,-0.231999973021448,7.19644832614108e-09,-0.231898874044418,3.85155638928362e-06,393216
1518,6,101.200005277991,-0.233999973116443,-5.20721386010337e-08,-0.233902916312218,3.84808491319583e-06,393216
1519,6,101.266671948135,-0.235999973211438,-4.20894963326646e-08,-0.235934287309647,3.84527894662731e-06,393216
1520,6,101.333338618279,-0.237999973306432,-4.49777992628242e-09,-0.23794136941433,3.84497909461659e-06,393216
1521,6,101.400005288422,-0.239999973401427,-6.29664924645112e-08,-0.239920526742935,3.84078132823335e-06,393216
1522,6,101.466671958566,-0.241999973496422,-8.01917678927566e-08,-0.241919696331024,3.83543521009502e-06,393216
1523,6,101.533338628709,-0.243999973591417,-2.33787318393297e-08,-0.243897020816803,3.83387662789111e-06,393216
1524,6,101.600005298853,-0.245999973686412,-6.59082814991052e-08,-0.245907142758369,3.82948274222867e-06,393216
1525,6,101.666671968997,-0.247999973781407,-1.03052649080837e-07,-0.24791057407856,3.82261256526498e-06,393216
1526,6,101.73333863914,-0.249999973876402,-5.64094548849425e-08,-0.249886691570282,3.81885193474318e-06,393216
1527,6,101.800005309284,-0.251999973971397,-6.40702708665231e-08,-0.251925349235535,3.81458058312931e-06,393216
1528,6,101.866671979427,-0.253999974066392,-1.1656301523999e-07,-0.253891140222549,3.80680971504137e-06,393216
1529,6,101.933338649571,-0.255999974161387,-9.44849887218879e-08,-0.255918264389038,3.80051071546472e-06,393216
1530,6,102.000005319715,-0.257999974256381,-6.28984153649981e-08,-0.257891923189163,3.79631748755503e-06,393216
1531,6,102.066671989858,-0.259999974351376,-1.22541408131838e-07,-0.259909927845001,3.78814805992017e-06,393216
1532,6,102.133338660002,-0.261999974446371,-1.2774667368376e-07,-0.261873304843903,3.77963161456375e-06,393216
1533,6,102.200005330145,-0.263999974541366,-7.29369773466715e-08,-0.26386034488678,3.77476914915371e-06,393216
1534,6,102.266672000289,-0.265999974636361,-1.18780292268639e-07,-0.265899002552032,3.76685046258948e-06,393216
1535,6,102.333338670433,-0.267999974731356,-1.52056571778303e-07,-0.267840474843979,3.75671335727556e-06,393216
1536,6,102.400005340576,-0.269999974826351,-9.61844150992874e-08,-0.269856065511703,3.75030106260118e-06,393216
1537,6,102.46667201072,-0.271999974921346,-1.15622114549296e-07,-0.271935433149338,3.74259292122922e-06,393216
1538,6,102.533338680863,-0.273999975016341,-1.60945162974713e-07,-0.273848384618759,3.73186324313798e-06,393216
1539,6,102.600005351007,-0.275999975111336,-1.31398394387361e-07,-0.275871247053146,3.72310334972196e-06,393216
1540,6,102.666672021151,-0.27799997520633,-1.06889139317445e-07,-0.277813941240311,3.71597740672915e-06,393216
1541,6,102.733338691294,-0.279999975301325,-1.66111519206424e-07,-0.279851406812668,3.70490330487116e-06,393216
1542,6,102.800005361438,-0.28199997539632,-1.62527896918618e-07,-0.281863927841187,3.69406811117815e-06,393216
1543,6,102.866672031581,-0.283999975491315,-1.11474435016135e-07,-0.283860087394714,3.68663648178949e-06,393216
1544,6,102.933338701725,-0.28599997558631,-1.63344779480212e-07,-0.285847753286362,3.6757468292562e-06,393216
1545,6,103.000005371869,-0.287999975681305,-1.8594795392346e-07,-0.287888824939728,3.6633502983481e-06,393216
1546,6,103.066672042012,-0.2899999757763,-1.27381994730058e-07,-0.289843678474426,3.6548581649232e-06,393216
1547,6,103.133338712156,-0.291999975871295,-1.560899818287e-07,-0.291876882314682,3.64445216559191e-06,393216
1548,6,103.200005382299,-0.29399997596629,-1.9835209741359e-07,-0.293856620788574,3.63122869174134e-06,393216
1549,6,103.266672052443,-0.295999976061285,-1.58752186507627e-07,-0.295821815729141,3.62064521208886e-06,393216
1550,6,103.333338722587,-0.297999976156279,-1.4721112506777e-07,-0.29783433675766,3.6108311365725e-06,393216
1551,6,103.40000539273,-0.299999976251274,-2.02548406491587e-07,-0.299866318702698,3.59732790876881e-06,393216
1552,6,103.466672062874,-0.301999976346269,-1.91867997045847e-07,-0.301853388547897,3.58453670829864e-06,393216
1553,6,103.533338733017,-0.303999976441264,-1.44631584930721e-07,-0.303882330656052,3.57489460213372e-06,393216
1554,6,103.600005403161,-0.305999976536259,-2.00642318759492e-07,-0.30580922961235,3.56151844685213e-06,393216
1555,6,103.666672073305,-0.307999976631254,-2.18003748386764e-07,-0.307843655347824,3.54698486286836e-06,393216
1556,6,103.733338743448,-0.309999976726249,-1.58013079953889e-07,-0.309844046831131,3.5364506569887e-06,393216
1557,6,103.800005413592,-0.311999976821244,-1.91792636883292e-07,-0.311860859394073,3.52366448052963e-06,393216
1558,6,103.866672083735,-0.313999976916239,-2.32771057540049e-07,-0.313897699117661,3.50814640921763e-06,393216
1559,6,103.933338753879,-0.315999977011234,-1.84990042839672e-07,-0.315834313631058,3.49581373905179e-06,393216
1560,6,104.000005424023,-0.317999977106229,-1.82344876975549e-07,-0.317812860012054,3.48365741328608e-06,393216
1561,6,104.066672094166,-0.319999977201223,-2.38095452687048e-07,-0.319840580224991,3.4677843822791e-06,393216
1562,6,104.13333876431,-0.321999977296218,-2.18874149027215e-07,-0.321877419948578,3.45319277158294e-06,393216
1563,6,104.200005434453,-0.323999977391213,-1.79298538682815e-07,-0.323795825242996,3.44123953504735e-06,393216
1564,6,104.266672104597,-0.325999977486208,-2.38482016357011e-07,-0.325864255428314,3.42534073312769e-06,393216
1565,6,104.333338774741,-0.327999977581203,-2.47966255528809e-07,-0.327773571014404,3.40880964856361e-06,393216
1566,6,104.400005444884,-0.329999977676198,-1.88143374657557e-07,-0.329831659793854,3.39626675626561e-06,393216
1567,6,104.466672115028,-0.331999977771193,-2.30004317813837e-07,-0.331855118274689,3.38093313427831e-06,393216
1568,6,104.533338785172,-0.333999977866188,-2.65349569872342e-07,-0.333825767040253,3.36324316203088e-06,393216
1569,6,104.600005455315,-0.335999977961183,-2.14240202467408e-07,-0.335829824209213,3.34896048112149e-06,393216
1570,6,104.666672125459,-0.337999978056178,-2.223410717761e-07,-0.337842971086502,3.33413774223002e-06,393216
1571,6,104.733338795602,-0.339999978151172,-2.7487271836435e-07,-0.339805096387863,3.31581289338334e-06,393216
1572,6,104.800005465746,-0.341999978246167,-2.54122141996049e-07,-0.341827988624573,3.29887141636671e-06,393216
1573,6,104.86667213589,-0.343999978341162,-2.16902407146335e-07,-0.343831390142441,3.28441125513613e-06,393216
1574,6,104.933338806033,-0.345999978436157,-2.77790178415671e-07,-0.345828145742416,3.26589190894256e-06,393216
1575,6,105.000005476177,-0.347999978531152,-2.88108338963866e-07,-0.347819477319717,3.24668468534323e-06,393216
1576,6,105.06667214632,-0.349999978626147,-2.26836419869869e-07,-0.349762767553329,3.23156225656321e-06,393216
1577,6,105.133338816464,-0.351999978721142,-2.75266586413636e-07,-0.351832389831543,3.21321114984522e-06,393216
1578,6,105.200005486608,-0.353999978816137,-3.14202765139271e-07,-0.353796988725662,3.19226429774347e-06,393216
1579,6,105.266672156751,-0.355999978911132,-2.58209041703594e-07,-0.355808913707733,3.17505036073212e-06,393216
1580,6,105.333338826895,-0.357999979006127,-2.71984390565194e-07,-0.357819050550461,3.1569180670821e-06,393216
1581,6,105.400005497038,-0.359999979101121,-3.32004276515363e-07,-0.359821230173111,3.13478444749339e-06,393216
1582,6,105.466672167182,-0.361999979196116,-3.05666674194072e-07,-0.361800998449326,3.114406668151e-06,393216
1583,6,105.533338837326,-0.363999979291111,-2.71050822675534e-07,-0.363800197839737,3.09633661236353e-06,393216
1584,6,105.600005507469,-0.365999979386106,-3.41388812330479e-07,-0.365832179784775,3.07357735702118e-06,393216
1585,6,105.666672177613,-0.367999979481101,-3.55409724761557e-07,-0.367796152830124,3.04988337413467e-06,393216
1586,6,105.733338847756,-0.369999979576096,-2.95893158863691e-07,-0.369871258735657,3.03015716251496e-06,393216
1587,6,105.8000055179,-0.371999979671091,-3.46866357858744e-07,-0.371823668479919,3.00703273745168e-06,393216
1588,6,105.866672188044,-0.373999979766086,-3.9931535411597e-07,-0.373765140771866,2.98041171245555e-06,393216
1589,6,105.933338858187,-0.375999979861081,-3.44228510584799e-07,-0.375804424285889,2.95746314388637e-06,393216
1590,6,106.000005528331,-0.377999979956076,-3.60882438599219e-07,-0.37784007191658,2.93340431339166e-06,393216
1591,6,106.066672198474,-0.37999998005107,-4.3750029021794e-07,-0.379820376634598,2.90423762585596e-06,393216
1592,6,106.133338868618,-0.381999980146065,-4.20187461713795e-07,-0.381803810596466,2.87622512694741e-06,393216
1593,6,106.200005538762,-0.38399998024106,-3.84302495604061e-07,-0.383819997310638,2.85060495923761e-06,393216
1594,6,106.266672208905,-0.385999980336055,-4.69607158493091e-07,-0.385821610689163,2.81929781370528e-06,393216
1595,6,106.333338879049,-0.38799998043105,-5.01910960792884e-07,-0.387837171554565,2.78583708124064e-06,393216
1596,6,106.400005549192,-0.389999980526045,-4.38363400689923e-07,-0.389793246984482,2.75661285300382e-06,393216
1597,6,106.466672219336,-0.39199998062104,-5.09012579641421e-07,-0.391821593046188,2.72267867925792e-06,393216
1598,6,106.53333888948,-0.393999980716035,-5.81076733396912e-07,-0.3938068151474,2.68394022834442e-06,393216
1599,6,106.600005559623,-0.39599998081103,-5.30553279531887e-07,-0.395761042833328,2.64857000786426e-06,393216
1600,6,106.666672229767,-0.397999980906025,-5.58334932065918e-07,-0.397805780172348,2.61134767711857e-06,393216
1601,6,106.73333889991,-0.39999998100102,-6.55382450531761e-07,-0.39984929561615,2.56765551147106e-06,393216
1602,6,106.800005570054,-0.401999981096014,-6.56145857647061e-07,-0.401843637228012,2.52391245201321e-06,393216
1603,6,106.866672240198,-0.403999981191009,-6.25184100044862e-07,-0.403799712657928,2.4822335098365e-06,393216
1604,6,106.933338910341,-0.405999981286004,-7.31460602310108e-07,-0.405781269073486,2.43346946713925e-06,393216
1605,6,107.000005580485,-0.407999981380999,-7.99885185642779e-07,-0.407779842615128,2.38014378531524e-06,393216
1606,6,107.066672250628,-0.409999981475994,-7.33925901386101e-07,-0.409759610891342,2.33121538933769e-06,393216
1607,6,107.133338920772,-0.411999981570989,-8.15535031506442e-07,-0.411758184432983,2.2768463844017e-06,393216
1608,6,107.200005590916,-0.413999981665984,-9.31191209474491e-07,-0.413765281438828,2.21476696719904e-06,393216
1609,6,107.266672261059,-0.415999981760979,-8.80050208706962e-07,-0.415774762630463,2.15609695022536e-06,393216
1610,6,107.333338931203,-0.417999981855974,-9.11901793188008e-07,-0.417784303426743,2.09530349417553e-06,393216
1611,6,107.400005601346,-0.419999981950969,-1.0517073860683e-06,-0.419775575399399,2.02518966478092e-06,393216
1612,6,107.46667227149,-0.421999982045963,-1.05032154351647e-06,-0.421792984008789,1.95516822489459e-06,393216
1613,6,107.533338941634,-0.423999982140958,-1.02792262168805e-06,-0.4237921833992,1.88664004654136e-06,393216
1614,6,107.600005611777,-0.425999982235953,-1.14910744741792e-06,-0.425777405500412,1.8100328793848e-06,393216
1615,6,107.666672281921,-0.427999982330948,-1.22783319511655e-06,-0.427783250808716,1.72817732877459e-06,393216
1616,6,107.733338952065,-0.429999982425943,-1.15529485356092e-06,-0.429760575294495,1.65115766785364e-06,393216
1617,6,107.800005622208,-0.431999982520938,-1.24539394619205e-06,-0.431730628013611,1.56813140044402e-06,393216
1618,6,107.866672292352,-0.433999982615933,-1.36205176204385e-06,-0.433739542961121,1.47732794490532e-06,393216
1619,6,107.933338962495,-0.435999982710928,-1.29740294596559e-06,-0.435768485069275,1.3908344106633e-06,393216
1620,6,108.000005632639,-0.437999982805923,-1.32454283630068e-06,-0.437789529561996,1.30253155030456e-06,393216
1621,6,108.066672302783,-0.439999982900918,-1.45206581692037e-06,-0.439807504415512,1.20572715746113e-06,393216
1622,6,108.133338972926,-0.441999982995912,-1.4234914260669e-06,-0.441786676645279,1.11082772410728e-06,393216
1623,6,108.20000564307,-0.443999983090907,-1.38047801101493e-06,-0.44376215338707,1.01879585190645e-06,393216
1624,6,108.266672313213,-0.445999983185902,-1.49408970173681e-06,-0.445795953273773,9.19189866595805e-07,393216
1625,6,108.333338983357,-0.447999983280897,-1.51923347857519e-06,-0.447766005992889,8.17907629408512e-07,393216
1626,6,108.400005653501,-0.449999983375892,-1.41938517117524e-06,-0.449761569499969,7.23281946395049e-07,393216
1627,6,108.466672323644,-0.451999983470887,-1.48478522987716e-06,-0.451764971017838,6.24296259240733e-07,393216
1628,6,108.533338993788,-0.453999983565882,-1.55120415001875e-06,-0.453750193119049,5.20882643846043e-07,393216
1629,6,108.600005663931,-0.455999983660877,-1.43795489293552e-06,-0.455756664276123,4.25018979317329e-07,393216
1630,6,108.666672334075,-0.457999983755872,-1.42562601013196e-06,-0.457751005887985,3.29977240351718e-07,393216
1631,6,108.733339004219,-0.459999983850867,-1.50818823385634e-06,-0.459744691848755,2.29431352850752e-07,393216
1632,6,108.800005674362,-0.461999983945862,-1.41124053243402e-06,-0.461722046136856,1.35348645781689e-07,393216
1633,6,108.866672344506,-0.463999984040856,-1.34867752876744e-06,-0.463747352361679,4.54368058412587e-08,393216
1634,6,108.933339014649,-0.465999984135851,-1.40546387683571e-06,-0.465722233057022,-4.82607908344989e-08,393216
1635,6,109.000005684793,-0.467999984230846,-1.36639630454738e-06,-0.467772454023361,-1.39353882555199e-07,393216
1636,6,109.066672354937,-0.469999984325841,-1.24239136312099e-06,-0.469720631837845,-2.22179977749649e-07,393216
1637,6,109.13333902508,-0.471999984420836,-1.27467330912623e-06,-0.47173860669136,-3.07158202790023e-07,393216
1638,6,109.200005695224,-0.473999984515831,-1.27497480661987e-06,-0.473735362291336,-3.92156527664356e-07,393216
1639,6,109.266672365367,-0.475999984610826,-1.13951864477713e-06,-0.475707828998566,-4.68124441278199e-07,393216
1640,6,109.333339035511,-0.477999984705821,-1.12986174372054e-06,-0.47771430015564,-5.43448561454694e-07,393216
1641,6,109.400005705655,-0.479999984800816,-1.16931335014669e-06,-0.479783326387405,-6.21402788863437e-07,393216
1642,6,109.466672375798,-0.481999984895811,-1.04525497590657e-06,-0.481734544038773,-6.91086457558161e-07,393216
1643,6,109.533339045942,-0.483999984990805,-9.93698108686658e-07,-0.483724623918533,-7.57333001592298e-07,393216
1644,6,109.600005716085,-0.4859999850858,-1.03806814877316e-06,-0.48572626709938,-8.2653754845314e-07,393216
1645,6,109.666672386229,-0.487999985180795,-9.66908373811748e-07,-0.487710237503052,-8.90998110069137e-07,393216
1646,6,109.733339056373,-0.48999998527579,-8.72651980898809e-07,-0.489700317382813,-9.49174911829881e-07,393216
1647,6,109.800005726516,-0.491999985370785,-9.12730854452093e-07,-0.491734117269516,-1.01002363863353e-06,393216
1648,6,109.86667239666,-0.49399998546578,-8.96842720976565e-07,-0.493690192699432,-1.06981315648357e-06,393216
1649,6,109.933339066803,-0.495999985560775,-7.79436106768117e-07,-0.495685756206512,-1.12177556631149e-06,393216
1650,6,110.000005736947,-0.49799998565577,-8.07336959951499e-07,-0.497709810733795,-1.17559803311532e-06,393216
1651,6,110.066672407091,-0.499999985750765,-8.25038796392619e-07,-0.499735146760941,-1.2306006224101e-06,393216
1652,6,110.133339077234,-0.50199998584576,-7.17772763891844e-07,-0.501774370670319,-1.27845214249854e-06,393216
1653,6,110.200005747378,-0.503999985940754,-7.13790427653294e-07,-0.503714680671692,-1.32603817349057e-06,393216
1654,6,110.266672417521,-0.505999986035749,-7.55019186726713e-07,-0.50574117898941,-1.37637278856417e-06,393216
1655,6,110.333339087665,-0.507999986130744,-6.78608103044098e-07,-0.507746458053589,-1.42161333112659e-06,393216
1656,6,110.400005757809,-0.509999986225739,-6.36654647223622e-07,-0.509743809700012,-1.46405697648844e-06,393216
1657,6,110.466672427952,-0.511999986320734,-6.84318990806787e-07,-0.511701047420502,-1.50967824492156e-06,393216
1658,6,110.533339098096,-0.513999986415729,-6.56778013308212e-07,-0.513713598251343,-1.55346344809235e-06,393216
1659,6,110.600005768239,-0.515999986510724,-5.77612183860765e-07,-0.515687882900238,-1.59197092902472e-06,393216
1660,6,110.666672438383,-0.517999986605719,-6.26521284630144e-07,-0.517719924449921,-1.6337390168451e-06,393216
1661,6,110.733339108527,-0.519999986700714,-6.3188701915351e-07,-0.519692361354828,-1.67586482031904e-06,393216
1662,6,110.80000577867,-0.521999986795709,-5.45201430668385e-07,-0.521706104278564,-1.71221158425923e-06,393216
1663,6,110.866672448814,-0.523999986890703,-5.72263502363057e-07,-0.523707747459412,-1.75036248640649e-06,393216
1664,6,110.933339118958,-0.525999986985698,-6.05046238888463e-07,-0.525686264038086,-1.79069890443609e-06,393216
1665,6,111.000005789101,-0.527999987080693,-5.31268028680643e-07,-0.527681827545166,-1.82611677486199e-06,393216
1666,6,111.066672459245,-0.529999987175688,-5.25048960753338e-07,-0.529691934585571,-1.86112004073777e-06,393216
1667,6,111.133339129388,-0.531999987270683,-5.73731938402489e-07,-0.531696617603302,-1.8993688386261e-06,393216
1668,6,111.200005799532,-0.533999987365678,-5.35661285994138e-07,-0.533650815486908,-1.93507959288817e-06,393216
1669,6,111.266672469676,-0.535999987460673,-4.8307617817045e-07,-0.535660326480865,-1.9672846731125e-06,393216
1670,6,111.333339139819,-0.537999987555668,-5.39240033958777e-07,-0.537714183330536,-2.00323401058465e-06,393216
1671,6,111.400005809963,-0.539999987650663,-5.38685696938046e-07,-0.539653837680817,-2.0391463922535e-06,393216
1672,6,111.466672480106,-0.541999987745658,-4.65987028519521e-07,-0.541670024394989,-2.07021219577501e-06,393216
1673,6,111.53333915025,-0.543999987840653,-5.05975947362458e-07,-0.54371964931488,-2.10394392735842e-06,393216
1674,6,111.600005820394,-0.545999987935647,-5.33735772023647e-07,-0.545660495758057,-2.13952631401576e-06,393216
1675,6,111.666672490537,-0.547999988030642,-4.64445633951982e-07,-0.54771614074707,-2.17048935789407e-06,393216
1676,6,111.733339160681,-0.549999988125637,-4.72186684419285e-07,-0.549698352813721,-2.20196847183046e-06,393216
1677,6,111.800005830824,-0.551999988220632,-5.1649834631462e-07,-0.551707863807678,-2.23640169671393e-06,393216
1678,6,111.866672500968,-0.553999988315627,-4.7915216327965e-07,-0.553720414638519,-2.26834517593189e-06,393216
1679,6,111.933339171112,-0.555999988410622,-4.42515897702833e-07,-0.555749356746674,-2.29784623731735e-06,393216
1680,6,112.000005841255,-0.557999988505617,-4.98023382533574e-07,-0.557675659656525,-2.33104779788451e-06,393216
1681,6,112.066672511399,-0.559999988600612,-4.92521508022037e-07,-0.559710085391998,-2.36388256679845e-06,393216
1682,6,112.133339181542,-0.561999988695607,-4.27053294060897e-07,-0.561686754226685,-2.39235278788735e-06,393216
1683,6,112.200005851686,-0.563999988790602,-4.75780012720861e-07,-0.563700556755066,-2.42407145705633e-06,393216
1684,6,112.26667252183,-0.565999988885596,-5.00075373111031e-07,-0.565662682056427,-2.45740981700246e-06,393216
1685,6,112.333339191973,-0.567999988980591,-4.29715441896406e-07,-0.567680716514587,-2.48605751462298e-06,393216
1686,6,112.400005862117,-0.569999989075586,-4.50210791314021e-07,-0.569676876068115,-2.5160715689426e-06,393216
1687,6,112.46667253226,-0.571999989170581,-4.92594438128435e-07,-0.57170033454895,-2.54891119986389e-06,393216
1688,6,112.533339202404,-0.573999989265576,-4.49607824748455e-07,-0.573675870895386,-2.57888505641038e-06,393216
1689,6,112.600005872548,-0.575999989360571,-4.2555075197015e-07,-0.57571142911911,-2.60725510802133e-06,393216
1690,6,112.666672542691,-0.577999989455566,-4.81828919873806e-07,-0.577653586864471,-2.63937703768821e-06,393216
1691,6,112.733339212835,-0.579999989550561,-4.71646927735492e-07,-0.579718947410583,-2.67082016784379e-06,393216
1692,6,112.800005882978,-0.581999989645556,-4.11170049119391e-07,-0.581682920455933,-2.69823150588137e-06,393216
1693,6,112.866672553122,-0.583999989740551,-4.63302939124333e-07,-0.583698451519012,-2.72911837010053e-06,393216
1694,6,112.933339223266,-0.585999989835545,-4.85733494315355e-07,-0.585657000541687,-2.76150060474375e-06,393216
1695,6,113.000005893409,-0.58799998993054,-4.16095701893937e-07,-0.587663471698761,-2.78924031965009e-06,393216
1696,6,113.066672563553,-0.589999990025535,-4.42056403926472e-07,-0.589683890342712,-2.81871074811552e-06,393216
1697,6,113.133339233696,-0.59199999012053,-4.84406029954698e-07,-0.591652095317841,-2.85100448513008e-06,393216
1698,6,113.20000590384,-0.593999990215525,-4.35431331879954e-07,-0.593653738498688,-2.88003324210272e-06,393216
1699,6,113.266672573984,-0.59599999031052,-4.20518119881308e-07,-0.595665693283081,-2.90806778489025e-06,393216
1700,6,113.333339244127,-0.597999990405515,-4.7665528768448e-07,-0.597653329372406,-2.93984480572652e-06,393216
1701,6,113.400005914271,-0.59999999050051,-4.60385479073011e-07,-0.599638521671295,-2.97053717259878e-06,393216
1702,6,113.466672584414,-0.601999990595505,-4.06081483106391e-07,-0.601644396781921,-2.99760927288446e-06,393216
1703,6,113.533339254558,-0.6039999906905,-4.63429387309588e-07,-0.603642404079437,-3.02850456698308e-06,393216
1704,6,113.600005924702,-0.605999990785494,-4.78665924674715e-07,-0.605642139911652,-3.06041563029236e-06,393216
1705,6,113.666672594845,-0.607999990880489,-4.12497485058338e-07,-0.607635319232941,-3.08791546406381e-06,393216
1706,6,113.733339264989,-0.609999990975484,-4.45263196979795e-07,-0.609682440757751,-3.11759967874395e-06,393216
1707,6,113.800005935133,-0.611999991070479,-4.84547058476892e-07,-0.611662209033966,-3.14990281766048e-06,393216
1708,6,113.866672605276,-0.613999991165474,-4.33233452667992e-07,-0.613665640354156,-3.17878504934467e-06,393216
1709,6,113.93333927542,-0.615999991260469,-4.2385619281049e-07,-0.615655124187469,-3.20704213033909e-06,393216
1710,6,114.000005945563,-0.617999991355464,-4.79657842333836e-07,-0.617631196975708,-3.23901932149575e-06,393216
1711,6,114.066672615707,-0.619999991450459,-4.61815034213942e-07,-0.619603037834167,-3.26980699204905e-06,393216
1712,6,114.133339285851,-0.621999991545454,-4.11247839338102e-07,-0.621641099452972,-3.29722351610148e-06,393216
1713,6,114.200005955994,-0.623999991640449,-4.69230315047753e-07,-0.623645782470703,-3.32850553873614e-06,393216
1714,6,114.266672626138,-0.625999991735444,-4.82813561575313e-07,-0.625610947608948,-3.36069311118654e-06,393216
1715,6,114.333339296281,-0.627999991830438,-4.13829781109598e-07,-0.627628922462463,-3.38828176469938e-06,393216
1716,6,114.400005966425,-0.629999991925433,-4.53159827884519e-07,-0.629655480384827,-3.41849242146729e-06,393216
1717,6,114.466672636569,-0.631999992020428,-4.89122669478093e-07,-0.631628572940826,-3.45110060113314e-06,393216
1718,6,114.533339306712,-0.633999992115423,-4.33603020155715e-07,-0.633648991584778,-3.48000747065113e-06,393216
1719,6,114.600005976856,-0.635999992210418,-4.34028493145888e-07,-0.635664582252502,-3.50894270503662e-06,393216
1720,6,114.666672646999,-0.637999992305413,-4.8732596269474e-07,-0.637611508369446,-3.541431104244e-06,393216
1721,6,114.733339317143,-0.639999992400408,-4.63315103615969e-07,-0.639681756496429,-3.57231877942932e-06,393216
1722,6,114.800005987287,-0.641999992495403,-4.19292803144344e-07,-0.641656041145325,-3.60027163443013e-06,393216
1723,6,114.86667265743,-0.643999992590398,-4.78434913020465e-07,-0.643649160861969,-3.63216729696165e-06,393216
1724,6,114.933339327574,-0.645999992685393,-4.88065040826768e-07,-0.645596742630005,-3.66470496804707e-06,393216
1725,6,115.000005997717,-0.647999992780387,-4.2075151895915e-07,-0.647637844085693,-3.69275507077394e-06,393216
1726,6,115.066672667861,-0.649999992875382,-4.63949646700712e-07,-0.649642467498779,-3.72368504883378e-06,393216
1727,6,115.133339338005,-0.651999992970377,-5.00401085901103e-07,-0.651610136032104,-3.75704512296705e-06,393216
1728,6,115.200006008148,-0.653999993065372,-4.39826976617042e-07,-0.653598964214325,-3.78636692293744e-06,393216
1729,6,115.266672678292,-0.655999993160367,-4.46928623887288e-07,-0.655635833740234,-3.81616216608386e-06,393216
1730,6,115.333339348435,-0.657999993255362,-5.00435135109001e-07,-0.657635569572449,-3.84952451016445e-06,393216
1731,6,115.400006018579,-0.659999993350357,-4.69621710408319e-07,-0.65964812040329,-3.88083262582451e-06,393216
1732,6,115.466672688723,-0.661999993445352,-4.30666091233434e-07,-0.661587178707123,-3.90954370007081e-06,393216
1733,6,115.533339358866,-0.663999993540347,-4.92076594582613e-07,-0.663599729537964,-3.94234880808723e-06,393216
1734,6,115.60000602901,-0.665999993635342,-4.95779318043787e-07,-0.665557622909546,-3.97540076434728e-06,393216
1735,6,115.666672699153,-0.667999993730336,-4.30736605494531e-07,-0.667622983455658,-4.00411653954456e-06,393216
1736,6,115.733339369297,-0.669999993825331,-4.77177991342614e-07,-0.669616103172302,-4.03592840729319e-06,393216
1737,6,115.800006039441,-0.671999993920326,-5.11662619828712e-07,-0.671597719192505,-4.07003925039412e-06,393216
1738,6,115.866672709584,-0.673999994015321,-4.49777985522815e-07,-0.67360532283783,-4.10002445099282e-06,393216
1739,6,115.933339379728,-0.675999994110316,-4.61586495248412e-07,-0.675607025623322,-4.13079688561429e-06,393216
1740,6,116.000006049871,-0.677999994205311,-5.13274471813929e-07,-0.677570939064026,-4.16501518551984e-06,393216
1741,6,116.066672720015,-0.679999994300306,-4.79405002806743e-07,-0.679623544216156,-4.19697552070715e-06,393216
1742,6,116.133339390159,-0.681999994395301,-4.4607526206164e-07,-0.68160092830658,-4.22671387306224e-06,393216
1743,6,116.200006060302,-0.683999994490296,-5.08599271142884e-07,-0.683593451976776,-4.2606204929068e-06,393216
1744,6,116.266672730446,-0.685999994585291,-5.06997082538874e-07,-0.685655176639557,-4.29442030017219e-06,393216
1745,6,116.333339400589,-0.687999994680285,-4.45360456069466e-07,-0.687599718570709,-4.32411099879198e-06,393216
1746,6,116.400006070733,-0.68999999477528,-4.95903350383742e-07,-0.68958854675293,-4.35717122387512e-06,393216
1747,6,116.466672740877,-0.691999994870275,-5.24271001722809e-07,-0.691591322422028,-4.39212262581283e-06,393216
1748,6,116.53333941102,-0.69399999496527,-4.59566138033551e-07,-0.693572282791138,-4.42276036994628e-06,393216
1749,6,116.600006081164,-0.695999995060265,-4.78354706956452e-07,-0.695574581623077,-4.45465068540659e-06,393216
1750,6,116.666672751307,-0.69799999515526,-5.30341708326887e-07,-0.697637498378754,-4.49000680113901e-06,393216
1751,6,116.733339421451,-0.699999995250255,-4.8881145175983e-07,-0.699586868286133,-4.5225942329559e-06,393216
1752,6,116.800006091595,-0.70199999534525,-4.63704083131233e-07,-0.701601266860962,-4.55350784011025e-06,393216
1753,6,116.866672761738,-0.703999995440245,-5.24555446190789e-07,-0.70360404253006,-4.58847820501348e-06,393216
1754,6,116.933339431882,-0.70599999553524,-5.21555307386734e-07,-0.705583214759827,-4.62324856065268e-06,393216
1755,6,117.000006102026,-0.707999995630235,-4.61158606412937e-07,-0.707614660263062,-4.6539924693503e-06,393216
1756,6,117.066672772169,-0.709999995725229,-5.15097951847565e-07,-0.709584653377533,-4.68833233459776e-06,393216
1757,6,117.133339442313,-0.711999995820224,-5.41826864264294e-07,-0.711588084697723,-4.72445412743262e-06,393216
1758,6,117.200006112456,-0.713999995915219,-4.73793704713898e-07,-0.713550806045532,-4.75604037606089e-06,393216
1759,6,117.2666727826,-0.715999996010214,-4.98842723573034e-07,-0.71556156873703,-4.78929655936688e-06,393216
1760,6,117.333339452744,-0.717999996105209,-5.4875590649317e-07,-0.717603266239166,-4.82588028837441e-06,393216
1761,6,117.400006122887,-0.719999996200204,-5.04609602103301e-07,-0.719587862491608,-4.85952093026913e-06,393216
1762,6,117.466672793031,-0.721999996295199,-4.84148358737002e-07,-0.721597969532013,-4.89179748920161e-06,393216
1763,6,117.533339463174,-0.723999996390194,-5.45755767689116e-07,-0.723547995090485,-4.92818120894511e-06,393216
1764,6,117.600006133318,-0.725999996485189,-5.38194626642508e-07,-0.725601255893707,-4.96406085259255e-06,393216
1765,6,117.666672803462,-0.727999996580184,-4.79108393847127e-07,-0.727616190910339,-4.99600141384819e-06,393216
1766,6,117.733339473605,-0.729999996675178,-5.3539872624242e-07,-0.729599595069885,-5.0316946641259e-06,393216
1767,6,117.800006143749,-0.731999996770173,-5.61147885491664e-07,-0.731553792953491,-5.06910452510975e-06,393216
1768,6,117.866672813892,-0.733999996865168,-4.90766126404196e-07,-0.733569979667664,-5.10182226857639e-06,393216
1769,6,117.933339484036,-0.735999996960163,-5.20959645200492e-07,-0.735567331314087,-5.1365529134011e-06,393216
1770,6,118.00000615418,-0.737999997055158,-5.69000803807285e-07,-0.737573266029358,-5.17448630229997e-06,393216
1771,6,118.066672824323,-0.739999997150153,-5.21725496582803e-07,-0.739562153816223,-5.20926800388616e-06,393216
1772,6,118.133339494467,-0.741999997245148,-5.078090907773e-07,-0.741599559783936,-5.24312194503694e-06,393216
1773,6,118.20000616461,-0.743999997340143,-5.70663758026058e-07,-0.743575096130371,-5.28116619755617e-06,393216
1774,6,118.266672834754,-0.745999997435138,-5.57870578177244e-07,-0.745574831962585,-5.31835757137434e-06,393216
1775,6,118.333339504898,-0.747999997530133,-5.0201543899675e-07,-0.747574627399445,-5.35182526905293e-06,393216
1776,6,118.400006175041,-0.749999997625127,-5.63727439839568e-07,-0.749567151069641,-5.38940710033561e-06,393216
1777,6,118.466672845185,-0.751999997720122,-5.85423777010874e-07,-0.751583933830261,-5.42843535417182e-06,393216
1778,6,118.533339515328,-0.753999997815117,-5.15010356139101e-07,-0.75356912612915,-5.46276937970508e-06,393216
1779,6,118.600006185472,-0.755999997910112,-5.50156300960225e-07,-0.755561649799347,-5.49944646834862e-06,393216
1780,6,118.666672855616,-0.757999998005107,-5.9770388816105e-07,-0.757562041282654,-5.53929339630421e-06,393216
1781,6,118.733339525759,-0.759999998100102,-5.46684475466463e-07,-0.759561896324158,-5.57573902990276e-06,393216
1782,6,118.800006195903,-0.761999998195097,-5.3652439646612e-07,-0.761556148529053,-5.61150732486596e-06,393216
1783,6,118.866672866046,-0.763999998290092,-5.98248504957155e-07,-0.763548076152802,-5.65139056060984e-06,393216
1784,6,118.93333953619,-0.765999998385087,-5.82095367462898e-07,-0.765584945678711,-5.69019692046461e-06,393216
1785,6,119.000006206334,-0.767999998480082,-5.32916374140768e-07,-0.767562210559845,-5.72572468059358e-06,393216
1786,6,119.066672876477,-0.769999998575077,-5.93986555941228e-07,-0.769563853740692,-5.76532378638825e-06,393216
1787,6,119.133339546621,-0.771999998670071,-6.13375618740974e-07,-0.771560609340668,-5.80621549643699e-06,393216
1788,6,119.200006216764,-0.773999998765066,-5.4302063290379e-07,-0.773494243621826,-5.84241687385195e-06,393216
1789,6,119.266672886908,-0.775999998860061,-5.83804535381205e-07,-0.775567531585693,-5.88133717824055e-06,393216
1790,6,119.333339557052,-0.777999998955056,-6.29368287263787e-07,-0.777543008327484,-5.92329506624641e-06,393216
1791,6,119.400006227195,-0.779999999050051,-5.76309048483381e-07,-0.779506325721741,-5.96171567148243e-06,393216
1792,6,119.466672897339,-0.781999999145046,-5.7314605328429e-07,-0.781545639038086,-5.99992541036084e-06,393216
1793,6,119.533339567482,-0.783999999240041,-6.36610934634518e-07,-0.783549666404724,-6.04236614154993e-06,393216
1794,6,119.600006237626,-0.785999999335036,-6.17576802142139e-07,-0.785578608512878,-6.08353793050668e-06,393216
1795,6,119.66667290777,-0.787999999430031,-5.68361372188519e-07,-0.787539541721344,-6.12142869062874e-06,393216
1796,6,119.733339577913,-0.789999999525026,-6.34527339116175e-07,-0.78956663608551,-6.1637305154427e-06,393216
1797,6,119.800006248057,-0.79199999962002,-6.51728385037131e-07,-0.791515409946442,-6.20717907671119e-06,393216
1798,6,119.8666729182,-0.793999999715015,-5.81507038077689e-07,-0.793552935123444,-6.2459462146049e-06,393216
1799,6,119.933339588344,-0.79599999981001,-6.2647757204104e-07,-0.795541763305664,-6.28771138825253e-06,393216
1800,6,120.000006258488,-0.797999999905005,-6.72697694881208e-07,-0.797504484653473,-6.33255790358354e-06,393216
